2;1741050837084;1
2;1741050838399;2
2;1741050841074;3
2;1741050846220;4
2;1741050848241;5
2;1741050862017;6
2;1741050865639;7
2;1741050866826;8
2;1741050873093;9
2;1741050874740;10
2;1741050879061;11
2;1741050899739;12
2;1741050902079;13
2;1741050903004;14
2;1741050904461;15
2;1741050909845;16
2;1741050913587;17
2;1741050920135;18
2;1741050923813;19
2;1741050926320;20
2;1741050927897;21
2;1741050946324;22
2;1741050950304;23
2;1741050951932;24
2;1741050952684;25
2;1741050953631;26
2;1741050961359;27
2;1741050971509;28
2;1741050973104;29
2;1741050979179;30
2;1741050984959;31
2;1741050989358;32
2;1741050993142;33
2;1741050993630;34
2;1741051001890;35
2;1741051007258;36
2;1741051010793;37
2;1741051015036;38
2;1741051017715;39
2;1741051027475;40
2;1741051036511;41
2;1741051046246;42
2;1741051047554;43
2;1741051048554;44
2;1741051051196;45
2;1741051052476;46
2;1741051057883;47
2;1741051079008;48
2;1741051081095;49
2;1741051082812;50
2;1741051089323;51
2;1741051090845;52
2;1741051095084;53
2;1741051099202;54
2;1741051104677;55
2;1741051104845;56
2;1741051106701;57
2;1741051113462;58
2;1741051124473;59
2;1741051132294;60
2;1741051134327;61
2;1741051138061;62
2;1741051144118;63
2;1741051151187;64
2;1741051153746;65
2;1741051157324;66
2;1741051160700;67
2;1741051167414;68
2;1741051171369;69
2;1741051172192;70
2;1741051175606;71
2;1741051184043;72
2;1741051185606;73
2;1741051197432;74
2;1741051201604;75
2;1741051203265;76
2;1741051209179;77
2;1741051218147;78
2;1741051226990;79
2;1741051234234;80
2;1741051235593;81
2;1741051238769;82
2;1741051244158;83
2;1741051250536;84
2;1741051254996;85
2;1741051255066;86
2;1741051258458;87
2;1741051260536;88
2;1741051267625;89
2;1741051279512;90
2;1741051282312;91
2;1741051284663;92
2;1741051285088;93
2;1741051293047;94
2;1741051310031;95
2;1741051311545;96
2;1741051312240;97
2;1741051314792;98
2;1741051328213;99
2;1741051333111;100
2;1741051335802;101
2;1741051345659;102
2;1741051345929;103
2;1741051346975;104
2;1741051348876;105
2;1741051356611;106
2;1741051367275;107
2;1741051374061;108
2;1741051381798;109
2;1741051386050;110
2;1741051387210;111
2;1741051395204;112
2;1741051397139;113
2;1741051406500;114
2;1741051408512;115
2;1741051410327;116
2;1741051413188;117
2;1741051419075;118
2;1741051421726;119
2;1741051429474;120
2;1741051434157;121
2;1741051435062;122
2;1741051449623;123
2;1741051453285;124
2;1741051456425;125
2;1741051461722;126
2;1741051463702;127
2;1741051466343;128
2;1741051478742;129
2;1741051481696;130
2;1741051487488;131
2;1741051494842;132
2;1741051496347;133
2;1741051496527;134
2;1741051504222;135
2;1741051507899;136
2;1741051509008;137
2;1741051515120;138
2;1741051516090;139
2;1741051529371;140
2;1741051534044;141
2;1741051538697;142
2;1741051540160;143
2;1741051541280;144
2;1741051544390;145
2;1741051546900;146
2;1741051556490;147
2;1741051567724;148
2;1741051568149;149
2;1741051569323;150
2;1741051579437;151
2;1741051587728;152
2;1741051589155;153
2;1741051599160;154
2;1741051603170;155
2;1741051605594;156
2;1741051609522;157
2;1741051611988;158
2;1741051612551;159
2;1741051623856;160
2;1741051627237;161
2;1741051639663;162
2;1741051641236;163
2;1741051642591;164
2;1741051647439;165
2;1741051660252;166
2;1741051664286;167
2;1741051673843;168
2;1741051675070;169
2;1741051685035;170
2;1741051692944;171
2;1741051693462;172
2;1741051697110;173
2;1741051701890;174
2;1741051715102;175
2;1741051716581;176
2;1741051718223;177
2;1741051721846;178
2;1741051722860;179
2;1741051727807;180
2;1741051733347;181
2;1741051738328;182
2;1741051739242;183
2;1741051745703;184
2;1741051753985;185
2;1741051758982;186
2;1741051765407;187
2;1741051765928;188
2;1741051766899;189
2;1741051770597;190
2;1741051782776;191
2;1741051784106;192
2;1741051789542;193
2;1741051801704;194
2;1741051807897;195
2;1741051812513;196
2;1741051816674;197
2;1741051819158;198
2;1741051820505;199
2;1741051827918;200
2;1741051833626;201
2;1741051839813;202
2;1741051847874;203
2;1741051849513;204
2;1741051851049;205
2;1741051852604;206
2;1741051864043;207
2;1741051867842;208
2;1741051868643;209
2;1741051879242;210
2;1741051879658;211
2;1741051890584;212
2;1741051891598;213
2;1741051893485;214
2;1741051900190;215
2;1741051900796;216
2;1741051905160;217
2;1741051905876;218
2;1741051919800;219
2;1741051930411;220
2;1741051931587;221
2;1741051936598;222
2;1741051940088;223
2;1741051942820;224
2;1741051954716;225
2;1741051958831;226
2;1741051963522;227
2;1741051964920;228
2;1741051971833;229
2;1741051974162;230
2;1741051978817;231
2;1741051983396;232
2;1741051986292;233
2;1741051989955;234
2;1741051996151;235
2;1741052004438;236
2;1741052012200;237
2;1741052018715;238
2;1741052025127;239
2;1741052029494;240
2;1741052029830;241
2;1741052035345;242
2;1741052038870;243
2;1741052038880;244
2;1741052042391;245
2;1741052048516;246
2;1741052058897;247
2;1741052059105;248
2;1741052069261;249
2;1741052072501;250
2;1741052084840;251
2;1741052090429;252
2;1741052093219;253
2;1741052099684;254
2;1741052100297;255
2;1741052111328;256
2;1741052115721;257
2;1741052123711;258
2;1741052123727;259
2;1741052126980;260
2;1741052132577;261
2;1741052141868;262
2;1741052149048;263
2;1741052152387;264
2;1741052158955;265
2;1741052165146;266
2;1741052167334;267
2;1741052172373;268
2;1741052174751;269
2;1741052176399;270
2;1741052178064;271
2;1741052179419;272
2;1741052189220;273
2;1741052204756;274
2;1741052206599;275
2;1741052206851;276
2;1741052212914;277
2;1741052213818;278
2;1741052225947;279
2;1741052226944;280
2;1741052232537;281
2;1741052233972;282
2;1741052237674;283
2;1741052243662;284
2;1741052252010;285
2;1741052253239;286
2;1741052256375;287
2;1741052258889;288
2;1741052272077;289
2;1741052273034;290
2;1741052277928;291
2;1741052293214;292
2;1741052293229;293
2;1741052293441;294
2;1741052296704;295
2;1741052303020;296
2;1741052304977;297
2;1741052309499;298
2;1741052324791;299
2;1741052330759;300
2;1741052339778;301
2;1741052341580;302
2;1741052352844;303
2;1741052354171;304
2;1741052356106;305
2;1741052363786;306
2;1741052364025;307
2;1741052365691;308
2;1741052368130;309
2;1741052381465;310
2;1741052386648;311
2;1741052394246;312
2;1741052399254;313
2;1741052406421;314
2;1741052407026;315
2;1741052414506;316
2;1741052415668;317
2;1741052423782;318
2;1741052428707;319
2;1741052430150;320
2;1741052433551;321
2;1741052434215;322
2;1741052434849;323
2;1741052443835;324
2;1741052456887;325
2;1741052461651;326
2;1741052463690;327
2;1741052471589;328
2;1741052474849;329
2;1741052483972;330
2;1741052484973;331
2;1741052485937;332
2;1741052487750;333
2;1741052489153;334
2;1741052492795;335
2;1741052506933;336
2;1741052508657;337
2;1741052510443;338
2;1741052518423;339
2;1741052526479;340
2;1741052527343;341
2;1741052533038;342
2;1741052550048;343
2;1741052552176;344
2;1741052555677;345
2;1741052558751;346
2;1741052573132;347
2;1741052575111;348
2;1741052575357;349
2;1741052576379;350
2;1741052581604;351
2;1741052586142;352
2;1741052587178;353
2;1741052607170;354
2;1741052615835;355
2;1741052617643;356
2;1741052620938;357
2;1741052623216;358
2;1741052624367;359
2;1741052628308;360
2;1741052634192;361
2;1741052641984;362
2;1741052646975;363
2;1741052656896;364
2;1741052657139;365
2;1741052659614;366
2;1741052661962;367
2;1741052662666;368
2;1741052669367;369
2;1741052674260;370
2;1741052691333;371
2;1741052691920;372
2;1741052693268;373
2;1741052694295;374
2;1741052704476;375
2;1741052705585;376
2;1741052708263;377
2;1741052717870;378
2;1741052724428;379
2;1741052727466;380
2;1741052728693;381
2;1741052733324;382
2;1741052741921;383
2;1741052751187;384
2;1741052756806;385
2;1741052761629;386
2;1741052769649;387
2;1741052771182;388
2;1741052771599;389
2;1741052771620;390
2;1741052779822;391
2;1741052783434;392
2;1741052795872;393
2;1741052796146;394
2;1741052801682;395
2;1741052802901;396
2;1741052816421;397
2;1741052816430;398
2;1741052816620;399
2;1741052821802;400
2;1741052833911;401
2;1741052837962;402
2;1741052841834;403
2;1741052842818;404
2;1741052853065;405
2;1741052860215;406
2;1741052871970;407
2;1741052872510;408
2;1741052876908;409
2;1741052881675;410
2;1741052884791;411
2;1741052890815;412
2;1741052895724;413
2;1741052895876;414
2;1741052899295;415
2;1741052905110;416
2;1741052920897;417
2;1741052921434;418
2;1741052934711;419
2;1741052934915;420
2;1741052940177;421
2;1741052953834;422
2;1741052956602;423
2;1741052959832;424
2;1741052961760;425
2;1741052967176;426
2;1741052967904;427
2;1741052969543;428
2;1741052985371;429
2;1741052985641;430
2;1741052987661;431
2;1741052990651;432
2;1741052993782;433
2;1741052998923;434
2;1741053002360;435
2;1741053007087;436
2;1741053019700;437
2;1741053021174;438
2;1741053027601;439
2;1741053028122;440
2;1741053038552;441
2;1741053043548;442
2;1741053045039;443
2;1741053048183;444
2;1741053052024;445
2;1741053067812;446
2;1741053074845;447
2;1741053078122;448
2;1741053081797;449
2;1741053083304;450
2;1741053088508;451
2;1741053088874;452
2;1741053096766;453
2;1741053100991;454
2;1741053105389;455
2;1741053110430;456
2;1741053113471;457
2;1741053126908;458
2;1741053127037;459
2;1741053133582;460
2;1741053134535;461
2;1741053137064;462
2;1741053148321;463
2;1741053155340;464
2;1741053155766;465
2;1741053159738;466
2;1741053161178;467
2;1741053167755;468
2;1741053171528;469
2;1741053174360;470
2;1741053189805;471
2;1741053192303;472
2;1741053192962;473
2;1741053200780;474
2;1741053202661;475
2;1741053204850;476
2;1741053209030;477
2;1741053212262;478
2;1741053218926;479
2;1741053219460;480
2;1741053227460;481
2;1741053234875;482
2;1741053237112;483
2;1741053239571;484
2;1741053252801;485
2;1741053256891;486
2;1741053260535;487
2;1741053263135;488
2;1741053263436;489
2;1741053273569;490
2;1741053282453;491
2;1741053287179;492
2;1741053300514;493
2;1741053301435;494
2;1741053302598;495
2;1741053321572;496
2;1741053322012;497
2;1741053322799;498
2;1741053324821;499
2;1741053327905;500
2;1741053330093;501
2;1741053336793;502
2;1741053342417;503
2;1741053344316;504
2;1741053351700;505
2;1741053351713;506
2;1741053370932;507
2;1741053373490;508
2;1741053373534;509
2;1741053378507;510
2;1741053378881;511
2;1741053385615;512
2;1741053387066;513
2;1741053389034;514
2;1741053401567;515
2;1741053408866;516
2;1741053410243;517
2;1741053414631;518
2;1741053418369;519
2;1741053424473;520
2;1741053429013;521
2;1741053438206;522
2;1741053438488;523
2;1741053438881;524
2;1741053440461;525
2;1741053443826;526
2;1741053462497;527
2;1741053468672;528
2;1741053478322;529
2;1741053478615;530
2;1741053482471;531
2;1741053488772;532
2;1741053493919;533
2;1741053497937;534
2;1741053498087;535
2;1741053502790;536
2;1741053514463;537
2;1741053515513;538
2;1741053523190;539
2;1741053523454;540
2;1741053524512;541
2;1741053528676;542
2;1741053539663;543
2;1741053542351;544
2;1741053544990;545
2;1741053552724;546
2;1741053561327;547
2;1741053570594;548
2;1741053573316;549
2;1741053578211;550
2;1741053579964;551
2;1741053582883;552
2;1741053589003;553
2;1741053593052;554
2;1741053603863;555
2;1741053608029;556
2;1741053609045;557
2;1741053612686;558
2;1741053617459;559
2;1741053620128;560
2;1741053623547;561
2;1741053631477;562
2;1741053636858;563
2;1741053644632;564
2;1741053647786;565
2;1741053654003;566
2;1741053654101;567
2;1741053654479;568
2;1741053675606;569
2;1741053680472;570
2;1741053681598;571
2;1741053683786;572
2;1741053686052;573
2;1741053694211;574
2;1741053698538;575
2;1741053701150;576
2;1741053710876;577
2;1741053717655;578
2;1741053720438;579
2;1741053727541;580
2;1741053734315;581
2;1741053735468;582
2;1741053740730;583
2;1741053747859;584
2;1741053753808;585
2;1741053756576;586
2;1741053757328;587
2;1741053768494;588
2;1741053770150;589
2;1741053778231;590
2;1741053785317;591
2;1741053785367;592
2;1741053787249;593
2;1741053801976;594
2;1741053804937;595
2;1741053810296;596
2;1741053811399;597
2;1741053814823;598
2;1741053828439;599
2;1741053833206;600
2;1741053834468;601
2;1741053836683;602
2;1741053840455;603
2;1741053844849;604
2;1741053847913;605
2;1741053851163;606
2;1741053863472;607
2;1741053880945;608
2;1741053881922;609
2;1741053883471;610
2;1741053884388;611
2;1741053900357;612
2;1741053901550;613
2;1741053902661;614
2;1741053903052;615
2;1741053915211;616
2;1741053918034;617
2;1741053918720;618
2;1741053920565;619
2;1741053921675;620
2;1741053930780;621
2;1741053932520;622
2;1741053937094;623
2;1741053949325;624
2;1741053951784;625
2;1741053954614;626
2;1741053959908;627
2;1741053968736;628
2;1741053968908;629
2;1741053973157;630
2;1741053984105;631
2;1741053987736;632
2;1741053993521;633
2;1741053995186;634
2;1741054000252;635
2;1741054010932;636
2;1741054012883;637
2;1741054014717;638
2;1741054021168;639
2;1741054027434;640
2;1741054032795;641
2;1741054038263;642
2;1741054043910;643
2;1741054048843;644
2;1741054049229;645
2;1741054052126;646
2;1741054062954;647
2;1741054064832;648
2;1741054076505;649
2;1741054079500;650
2;1741054082418;651
2;1741054086647;652
2;1741054093750;653
2;1741054105191;654
2;1741054105876;655
2;1741054106695;656
2;1741054107874;657
2;1741054115854;658
2;1741054124420;659
2;1741054129375;660
2;1741054134383;661
2;1741054144216;662
2;1741054144251;663
2;1741054145877;664
2;1741054145979;665
2;1741054155979;666
2;1741054167329;667
2;1741054167551;668
2;1741054169512;669
2;1741054172670;670
2;1741054175422;671
2;1741054182897;672
2;1741054185389;673
2;1741054189614;674
2;1741054203120;675
2;1741054204934;676
2;1741054214102;677
2;1741054227324;678
2;1741054230805;679
2;1741054234480;680
2;1741054236270;681
2;1741054239955;682
2;1741054243002;683
2;1741054249959;684
2;1741054257148;685
2;1741054263180;686
2;1741054264664;687
2;1741054270940;688
2;1741054273091;689
2;1741054280938;690
2;1741054291187;691
2;1741054292652;692
2;1741054292678;693
2;1741054306155;694
2;1741054306661;695
2;1741054308932;696
2;1741054310084;697
2;1741054318707;698
2;1741054330319;699
2;1741054332188;700
2;1741054334119;701
2;1741054337440;702
2;1741054340687;703
2;1741054342931;704
2;1741054344769;705
2;1741054361444;706
2;1741054366700;707
2;1741054372811;708
2;1741054375088;709
2;1741054376874;710
2;1741054378799;711
2;1741054383331;712
2;1741054383445;713
2;1741054395960;714
2;1741054404282;715
2;1741054409818;716
2;1741054415434;717
2;1741054416788;718
2;1741054423543;719
2;1741054425576;720
2;1741054426492;721
2;1741054429353;722
2;1741054441553;723
2;1741054447351;724
2;1741054448249;725
2;1741054461274;726
2;1741054466983;727
2;1741054468241;728
2;1741054469938;729
2;1741054470779;730
2;1741054481669;731
2;1741054483419;732
2;1741054483725;733
2;1741054499698;734
2;1741054503527;735
2;1741054512624;736
2;1741054514635;737
2;1741054519236;738
2;1741054519748;739
2;1741054522644;740
2;1741054529541;741
2;1741054539583;742
2;1741054546611;743
2;1741054558569;744
2;1741054560394;745
2;1741054563874;746
2;1741054564007;747
2;1741054571053;748
2;1741054577333;749
2;1741054579088;750
2;1741054579602;751
2;1741054584299;752
2;1741054601634;753
2;1741054602906;754
2;1741054607635;755
2;1741054612647;756
2;1741054620297;757
2;1741054621890;758
2;1741054623951;759
2;1741054624416;760
2;1741054624530;761
2;1741054627466;762
2;1741054635243;763
2;1741054646360;764
2;1741054652736;765
2;1741054654863;766
2;1741054655088;767
2;1741054659933;768
2;1741054672466;769
2;1741054673950;770
2;1741054686960;771
2;1741054689866;772
2;1741054698805;773
2;1741054702280;774
2;1741054704398;775
2;1741054705804;776
2;1741054713702;777
2;1741054717753;778
2;1741054720194;779
2;1741054722657;780
2;1741054732516;781
2;1741054738888;782
2;1741054744224;783
2;1741054746849;784
2;1741054747329;785
2;1741054759897;786
2;1741054762094;787
2;1741054764787;788
2;1741054768054;789
2;1741054780063;790
2;1741054783148;791
2;1741054787250;792
2;1741054791554;793
2;1741054793037;794
2;1741054796585;795
2;1741054801071;796
2;1741054803886;797
2;1741054818354;798
2;1741054823216;799
2;1741054825877;800
2;1741054828295;801
2;1741054837887;802
2;1741054842330;803
2;1741054845967;804
2;1741054855090;805
2;1741054857191;806
2;1741054864317;807
2;1741054866041;808
2;1741054873768;809
2;1741054878591;810
2;1741054883104;811
2;1741054884262;812
2;1741054887298;813
2;1741054889296;814
2;1741054895749;815
2;1741054907693;816
2;1741054910253;817
2;1741054911312;818
2;1741054917812;819
2;1741054920617;820
2;1741054921589;821
2;1741054931369;822
2;1741054931833;823
2;1741054934974;824
2;1741054943175;825
2;1741054960221;826
2;1741054961602;827
2;1741054967746;828
2;1741054973755;829
2;1741054977346;830
2;1741054979525;831
2;1741054990886;832
2;1741054990906;833
2;1741054999065;834
2;1741055003698;835
2;1741055017130;836
2;1741055020367;837
2;1741055020650;838
2;1741055025951;839
2;1741055028068;840
2;1741055029903;841
2;1741055039908;842
2;1741055043118;843
2;1741055049359;844
2;1741055051861;845
2;1741055065978;846
2;1741055071164;847
2;1741055071758;848
2;1741055072475;849
2;1741055077811;850
2;1741055079818;851
2;1741055081939;852
2;1741055091068;853
2;1741055093852;854
2;1741055100657;855
2;1741055104172;856
2;1741055104350;857
2;1741055112241;858
2;1741055115903;859
2;1741055125460;860
2;1741055125504;861
2;1741055128507;862
2;1741055144370;863
2;1741055151175;864
2;1741055153753;865
2;1741055160159;866
2;1741055164588;867
2;1741055174411;868
2;1741055175740;869
2;1741055178277;870
2;1741055180028;871
2;1741055192197;872
2;1741055193122;873
2;1741055196435;874
2;1741055207768;875
2;1741055212878;876
2;1741055220234;877
2;1741055223444;878
2;1741055223494;879
2;1741055224561;880
2;1741055226164;881
2;1741055228237;882
2;1741055237404;883
2;1741055238663;884
2;1741055242546;885
2;1741055264016;886
2;1741055267979;887
2;1741055271558;888
2;1741055275172;889
2;1741055281734;890
2;1741055282218;891
2;1741055293232;892
2;1741055298281;893
2;1741055304286;894
2;1741055308493;895
2;1741055310071;896
2;1741055311714;897
2;1741055313398;898
2;1741055322621;899
2;1741055336798;900
2;1741055337963;901
2;1741055345655;902
2;1741055345925;903
2;1741055347162;904
2;1741055348340;905
2;1741055351102;906
2;1741055359181;907
2;1741055375558;908
2;1741055380433;909
2;1741055389197;910
2;1741055393463;911
2;1741055395863;912
2;1741055402478;913
2;1741055403000;914
2;1741055408774;915
2;1741055410799;916
2;1741055415142;917
2;1741055423260;918
2;1741055438059;919
2;1741055438882;920
2;1741055440620;921
2;1741055444925;922
2;1741055448781;923
2;1741055456323;924
2;1741055460200;925
2;1741055467820;926
2;1741055475439;927
2;1741055476957;928
2;1741055479901;929
2;1741055482271;930
2;1741055485145;931
2;1741055494667;932
2;1741055495610;933
2;1741055497795;934
2;1741055499822;935
2;1741055512820;936
2;1741055512900;937
2;1741055514366;938
2;1741055520129;939
2;1741055529008;940
2;1741055529841;941
2;1741055535165;942
2;1741055545345;943
2;1741055546062;944
2;1741055546391;945
2;1741055548831;946
2;1741055562351;947
2;1741055574773;948
2;1741055578109;949
2;1741055583697;950
2;1741055587413;951
2;1741055589636;952
2;1741055589906;953
2;1741055597909;954
2;1741055603015;955
2;1741055604292;956
2;1741055606103;957
2;1741055611753;958
2;1741055626195;959
2;1741055626310;960
2;1741055627516;961
2;1741055639809;962
2;1741055644965;963
2;1741055645703;964
2;1741055651425;965
2;1741055664180;966
2;1741055665743;967
2;1741055669355;968
2;1741055670526;969
2;1741055680991;970
2;1741055680998;971
2;1741055685114;972
2;1741055693945;973
2;1741055700587;974
2;1741055703792;975
2;1741055704448;976
2;1741055706289;977
2;1741055712644;978
2;1741055723426;979
2;1741055725400;980
2;1741055727696;981
2;1741055741833;982
2;1741055744101;983
2;1741055749198;984
2;1741055749233;985
2;1741055750371;986
2;1741055758117;987
2;1741055765792;988
2;1741055768093;989
2;1741055778644;990
2;1741055782866;991
2;1741055784371;992
2;1741055794348;993
2;1741055803304;994
2;1741055807966;995
2;1741055810005;996
2;1741055810731;997
2;1741055816704;998
2;1741055829159;999
2;1741055829282;1000
2;1741055829645;1001
2;1741055833449;1002
2;1741055840420;1003
2;1741055854357;1004
2;1741055857696;1005
2;1741055865327;1006
2;1741055866337;1007
2;1741055871385;1008
2;1741055872311;1009
2;1741055878058;1010
2;1741055892240;1011
2;1741055894654;1012
2;1741055896230;1013
2;1741055900101;1014
2;1741055900154;1015
2;1741055902289;1016
2;1741055912373;1017
2;1741055927294;1018
2;1741055931372;1019
2;1741055932107;1020
2;1741055935011;1021
2;1741055941784;1022
2;1741055943875;1023
2;1741055949401;1024
2;1741055950978;1025
2;1741055954665;1026
2;1741055954955;1027
2;1741055960563;1028
2;1741055973579;1029
2;1741055974369;1030
2;1741055978591;1031
2;1741055979401;1032
2;1741055984066;1033
2;1741056009750;1034
2;1741056012325;1035
2;1741056016363;1036
2;1741056016452;1037
2;1741056025743;1038
2;1741056027693;1039
2;1741056027992;1040
2;1741056032280;1041
2;1741056034365;1042
2;1741056041482;1043
2;1741056048072;1044
2;1741056051865;1045
2;1741056055602;1046
2;1741056061721;1047
2;1741056062080;1048
2;1741056062639;1049
2;1741056070800;1050
2;1741056073857;1051
2;1741056077012;1052
2;1741056095048;1053
2;1741056095402;1054
2;1741056096403;1055
2;1741056113360;1056
2;1741056115646;1057
2;1741056120371;1058
2;1741056123103;1059
2;1741056130549;1060
2;1741056142484;1061
2;1741056145889;1062
2;1741056147953;1063
2;1741056149382;1064
2;1741056159991;1065
2;1741056168046;1066
2;1741056168135;1067
2;1741056169742;1068
2;1741056170327;1069
2;1741056172182;1070
2;1741056181447;1071
2;1741056194008;1072
2;1741056194020;1073
2;1741056195770;1074
2;1741056198617;1075
2;1741056212674;1076
2;1741056216218;1077
2;1741056223269;1078
2;1741056225123;1079
2;1741056227838;1080
2;1741056235114;1081
2;1741056247721;1082
2;1741056248227;1083
2;1741056252138;1084
2;1741056252745;1085
2;1741056258972;1086
2;1741056261788;1087
2;1741056261930;1088
2;1741056263857;1089
2;1741056265318;1090
2;1741056287776;1091
2;1741056288530;1092
2;1741056292950;1093
2;1741056294060;1094
2;1741056298733;1095
2;1741056300040;1096
2;1741056303748;1097
2;1741056312836;1098
2;1741056313282;1099
2;1741056321381;1100
2;1741056325204;1101
2;1741056329243;1102
2;1741056334788;1103
2;1741056340916;1104
2;1741056347910;1105
2;1741056356638;1106
2;1741056361080;1107
2;1741056372139;1108
2;1741056372498;1109
2;1741056374438;1110
2;1741056377690;1111
2;1741056383527;1112
2;1741056384770;1113
2;1741056403303;1114
2;1741056404247;1115
2;1741056409204;1116
2;1741056409459;1117
2;1741056413795;1118
2;1741056421443;1119
2;1741056422657;1120
2;1741056424438;1121
2;1741056428547;1122
2;1741056434893;1123
2;1741056439500;1124
2;1741056453697;1125
2;1741056464804;1126
2;1741056468047;1127
2;1741056471466;1128
2;1741056474946;1129
2;1741056478671;1130
2;1741056480473;1131
2;1741056482178;1132
2;1741056494163;1133
2;1741056498582;1134
2;1741056508055;1135
2;1741056512882;1136
2;1741056519379;1137
2;1741056519464;1138
2;1741056520522;1139
2;1741056521530;1140
2;1741056524221;1141
2;1741056536886;1142
2;1741056543356;1143
2;1741056543579;1144
2;1741056552245;1145
2;1741056554412;1146
2;1741056555969;1147
2;1741056557937;1148
2;1741056575067;1149
2;1741056577258;1150
2;1741056587098;1151
2;1741056589292;1152
2;1741056589588;1153
2;1741056599751;1154
2;1741056601186;1155
2;1741056606805;1156
2;1741056607725;1157
2;1741056608461;1158
2;1741056619355;1159
2;1741056625328;1160
2;1741056628569;1161
2;1741056629850;1162
2;1741056633533;1163
2;1741056639508;1164
2;1741056658937;1165
2;1741056666266;1166
2;1741056669616;1167
2;1741056670425;1168
2;1741056675048;1169
2;1741056677533;1170
2;1741056686121;1171
2;1741056687803;1172
2;1741056693724;1173
2;1741056698190;1174
2;1741056701307;1175
2;1741056707190;1176
2;1741056714230;1177
2;1741056717820;1178
2;1741056718237;1179
2;1741056720734;1180
2;1741056727834;1181
2;1741056733467;1182
2;1741056742031;1183
2;1741056744654;1184
2;1741056745562;1185
2;1741056747813;1186
2;1741056755954;1187
2;1741056761989;1188
2;1741056770257;1189
2;1741056774778;1190
2;1741056782891;1191
2;1741056787507;1192
2;1741056790451;1193
2;1741056799773;1194
2;1741056800305;1195
2;1741056801093;1196
2;1741056817218;1197
2;1741056817774;1198
2;1741056833816;1199
2;1741056835993;1200
2;1741056838006;1201
2;1741056839096;1202
2;1741056848834;1203
2;1741056849743;1204
2;1741056855411;1205
2;1741056855735;1206
2;1741056859079;1207
2;1741056870969;1208
2;1741056871443;1209
2;1741056874291;1210
2;1741056877094;1211
2;1741056879366;1212
2;1741056891101;1213
2;1741056900314;1214
2;1741056910859;1215
2;1741056913904;1216
2;1741056921200;1217
2;1741056922280;1218
2;1741056923182;1219
2;1741056929326;1220
2;1741056931734;1221
2;1741056932041;1222
2;1741056938250;1223
2;1741056944211;1224
2;1741056949251;1225
2;1741056959070;1226
2;1741056968893;1227
2;1741056969379;1228
2;1741056982821;1229
2;1741056986780;1230
2;1741056988219;1231
2;1741056988728;1232
2;1741056989123;1233
2;1741057000005;1234
2;1741057001696;1235
2;1741057016664;1236
2;1741057016959;1237
2;1741057018697;1238
2;1741057020443;1239
2;1741057034030;1240
2;1741057048190;1241
2;1741057048629;1242
2;1741057049711;1243
2;1741057054289;1244
2;1741057054927;1245
2;1741057063224;1246
2;1741057065629;1247
2;1741057070553;1248
2;1741057073024;1249
2;1741057074314;1250
2;1741057078254;1251
2;1741057078492;1252
2;1741057091142;1253
2;1741057094915;1254
2;1741057097392;1255
2;1741057100328;1256
2;1741057118033;1257
2;1741057118543;1258
2;1741057125328;1259
2;1741057125496;1260
2;1741057130681;1261
2;1741057133312;1262
2;1741057134035;1263
2;1741057144044;1264
2;1741057157355;1265
2;1741057163715;1266
2;1741057164202;1267
2;1741057167967;1268
2;1741057181327;1269
2;1741057181363;1270
2;1741057183024;1271
2;1741057184317;1272
2;1741057196938;1273
2;1741057197290;1274
2;1741057207348;1275
2;1741057213946;1276
2;1741057217359;1277
2;1741057221580;1278
2;1741057226797;1279
2;1741057228387;1280
2;1741057234334;1281
2;1741057244676;1282
2;1741057248355;1283
2;1741057248616;1284
2;1741057248855;1285
2;1741057263166;1286
2;1741057265380;1287
2;1741057268581;1288
2;1741057271943;1289
2;1741057282563;1290
2;1741057289731;1291
2;1741057289964;1292
2;1741057295162;1293
2;1741057298530;1294
2;1741057301766;1295
2;1741057303641;1296
2;1741057316403;1297
2;1741057319632;1298
2;1741057321914;1299
2;1741057322940;1300
2;1741057327887;1301
2;1741057329441;1302
2;1741057340979;1303
2;1741057350234;1304
2;1741057354627;1305
2;1741057365952;1306
2;1741057371146;1307
2;1741057372223;1308
2;1741057372909;1309
2;1741057375536;1310
2;1741057381173;1311
2;1741057385523;1312
2;1741057389729;1313
2;1741057394060;1314
2;1741057402706;1315
2;1741057405437;1316
2;1741057408445;1317
2;1741057415863;1318
2;1741057421974;1319
2;1741057426352;1320
2;1741057433709;1321
2;1741057447188;1322
2;1741057449682;1323
2;1741057450018;1324
2;1741057451642;1325
2;1741057456257;1326
2;1741057456399;1327
2;1741057475579;1328
2;1741057483750;1329
2;1741057486461;1330
2;1741057490278;1331
2;1741057492191;1332
2;1741057492488;1333
2;1741057497272;1334
2;1741057509358;1335
2;1741057510687;1336
2;1741057513078;1337
2;1741057515011;1338
2;1741057517378;1339
2;1741057518960;1340
2;1741057524882;1341
2;1741057538131;1342
2;1741057539872;1343
2;1741057541505;1344
2;1741057553448;1345
2;1741057564831;1346
2;1741057565940;1347
2;1741057571943;1348
2;1741057572405;1349
2;1741057581064;1350
2;1741057581567;1351
2;1741057583312;1352
2;1741057591230;1353
2;1741057607980;1354
2;1741057610306;1355
2;1741057611154;1356
2;1741057616168;1357
2;1741057620672;1358
2;1741057621859;1359
2;1741057627207;1360
2;1741057633076;1361
2;1741057638768;1362
2;1741057641524;1363
2;1741057651273;1364
2;1741057654659;1365
2;1741057660693;1366
2;1741057662653;1367
2;1741057666058;1368
2;1741057673276;1369
2;1741057674945;1370
2;1741057680128;1371
2;1741057689050;1372
2;1741057689415;1373
2;1741057692581;1374
2;1741057699508;1375
2;1741057707045;1376
2;1741057712475;1377
2;1741057717678;1378
2;1741057718932;1379
2;1741057736053;1380
2;1741057739458;1381
2;1741057740287;1382
2;1741057748648;1383
2;1741057751430;1384
2;1741057757324;1385
2;1741057757395;1386
2;1741057764893;1387
2;1741057771975;1388
2;1741057776193;1389
2;1741057778551;1390
2;1741057780556;1391
2;1741057782884;1392
2;1741057790521;1393
2;1741057798425;1394
2;1741057800234;1395
2;1741057803868;1396
2;1741057809544;1397
2;1741057819883;1398
2;1741057819911;1399
2;1741057824017;1400
2;1741057824069;1401
2;1741057831421;1402
2;1741057841536;1403
2;1741057848538;1404
2;1741057856834;1405
2;1741057859216;1406
2;1741057862750;1407
2;1741057864105;1408
2;1741057867409;1409
2;1741057871059;1410
2;1741057882274;1411
2;1741057888312;1412
2;1741057896433;1413
2;1741057896930;1414
2;1741057899955;1415
2;1741057903849;1416
2;1741057908665;1417
2;1741057923029;1418
2;1741057929521;1419
2;1741057931478;1420
2;1741057935079;1421
2;1741057940362;1422
2;1741057941584;1423
2;1741057949627;1424
2;1741057953790;1425
2;1741057957513;1426
2;1741057957868;1427
2;1741057958843;1428
2;1741057963343;1429
2;1741057987165;1430
2;1741057987739;1431
2;1741057988440;1432
2;1741057989078;1433
2;1741057994459;1434
2;1741057995336;1435
2;1741058007072;1436
2;1741058009543;1437
2;1741058017592;1438
2;1741058023724;1439
2;1741058029103;1440
2;1741058029353;1441
2;1741058030608;1442
2;1741058031208;1443
2;1741058046949;1444
2;1741058049602;1445
2;1741058050731;1446
2;1741058060164;1447
2;1741058060561;1448
2;1741058066162;1449
2;1741058070226;1450
2;1741058089085;1451
2;1741058094131;1452
2;1741058097197;1453
2;1741058103974;1454
2;1741058107578;1455
2;1741058108210;1456
2;1741058108370;1457
2;1741058113629;1458
2;1741058130628;1459
2;1741058136478;1460
2;1741058141651;1461
2;1741058145338;1462
2;1741058146757;1463
2;1741058152549;1464
2;1741058154087;1465
2;1741058155635;1466
2;1741058161845;1467
2;1741058163672;1468
2;1741058172630;1469
2;1741058177993;1470
2;1741058180952;1471
2;1741058187891;1472
2;1741058200067;1473
2;1741058200938;1474
2;1741058207688;1475
2;1741058209258;1476
2;1741058216464;1477
2;1741058217037;1478
2;1741058218033;1479
2;1741058223464;1480
2;1741058229136;1481
2;1741058231452;1482
2;1741058235950;1483
2;1741058246679;1484
2;1741058251350;1485
2;1741058255181;1486
2;1741058263183;1487
2;1741058266128;1488
2;1741058268020;1489
2;1741058269574;1490
2;1741058272444;1491
2;1741058277494;1492
2;1741058286205;1493
2;1741058294633;1494
2;1741058301311;1495
2;1741058304791;1496
2;1741058310686;1497
2;1741058310823;1498
2;1741058311422;1499
2;1741058328896;1500
2;1741058332580;1501
2;1741058339230;1502
2;1741058354215;1503
2;1741058357126;1504
2;1741058357335;1505
2;1741058358056;1506
2;1741058358716;1507
2;1741058366568;1508
2;1741058374451;1509
2;1741058375576;1510
2;1741058391957;1511
2;1741058393115;1512
2;1741058394631;1513
2;1741058403876;1514
2;1741058407437;1515
2;1741058410081;1516
2;1741058410981;1517
2;1741058411018;1518
2;1741058418509;1519
2;1741058429138;1520
2;1741058432259;1521
2;1741058437564;1522
2;1741058446421;1523
2;1741058451359;1524
2;1741058457513;1525
2;1741058458673;1526
2;1741058464809;1527
2;1741058466589;1528
2;1741058475964;1529
2;1741058479234;1530
2;1741058483972;1531
2;1741058484405;1532
2;1741058484547;1533
2;1741058499119;1534
2;1741058508064;1535
2;1741058509823;1536
2;1741058511355;1537
2;1741058516788;1538
2;1741058517296;1539
2;1741058524376;1540
2;1741058533395;1541
2;1741058540296;1542
2;1741058553555;1543
2;1741058559512;1544
2;1741058561385;1545
2;1741058564122;1546
2;1741058567161;1547
2;1741058568175;1548
2;1741058574030;1549
2;1741058574946;1550
2;1741058582290;1551
2;1741058583055;1552
2;1741058589361;1553
2;1741058606882;1554
2;1741058612851;1555
2;1741058613886;1556
2;1741058613946;1557
2;1741058616824;1558
2;1741058620066;1559
2;1741058624123;1560
2;1741058629787;1561
2;1741058637665;1562
2;1741058647031;1563
2;1741058651015;1564
2;1741058657280;1565
2;1741058660093;1566
2;1741058662701;1567
2;1741058665110;1568
2;1741058669034;1569
2;1741058670185;1570
2;1741058683591;1571
2;1741058693711;1572
2;1741058693954;1573
2;1741058695517;1574
2;1741058696607;1575
2;1741058699903;1576
2;1741058701401;1577
2;1741058703455;1578
2;1741058712669;1579
2;1741058715353;1580
2;1741058723030;1581
2;1741058734853;1582
2;1741058738051;1583
2;1741058749211;1584
2;1741058754490;1585
2;1741058755888;1586
2;1741058763725;1587
2;1741058769553;1588
2;1741058775237;1589
2;1741058777533;1590
2;1741058789313;1591
2;1741058792954;1592
2;1741058794508;1593
2;1741058802564;1594
2;1741058804370;1595
2;1741058807930;1596
2;1741058808821;1597
2;1741058819755;1598
2;1741058824151;1599
2;1741058826722;1600
2;1741058827563;1601
2;1741058833126;1602
2;1741058836624;1603
2;1741058843475;1604
2;1741058856133;1605
2;1741058862362;1606
2;1741058867010;1607
2;1741058869267;1608
2;1741058872364;1609
2;1741058875828;1610
2;1741058877010;1611
2;1741058897896;1612
2;1741058898951;1613
2;1741058899069;1614
2;1741058901031;1615
2;1741058901452;1616
2;1741058904543;1617
2;1741058908664;1618
2;1741058913696;1619
2;1741058925763;1620
2;1741058927600;1621
2;1741058936151;1622
2;1741058947619;1623
2;1741058948192;1624
2;1741058948879;1625
2;1741058952440;1626
2;1741058953347;1627
2;1741058975835;1628
2;1741058979783;1629
2;1741058981971;1630
2;1741058988565;1631
2;1741058989172;1632
2;1741059001362;1633
2;1741059005492;1634
2;1741059005607;1635
2;1741059005744;1636
2;1741059007768;1637
2;1741059017025;1638
2;1741059017321;1639
2;1741059024336;1640
2;1741059030854;1641
2;1741059034242;1642
2;1741059045438;1643
2;1741059049585;1644
2;1741059050279;1645
2;1741059055770;1646
2;1741059056983;1647
2;1741059068175;1648
2;1741059070336;1649
2;1741059076766;1650
2;1741059083972;1651
2;1741059084029;1652
2;1741059087874;1653
2;1741059100350;1654
2;1741059104656;1655
2;1741059104955;1656
2;1741059105718;1657
2;1741059108637;1658
2;1741059113496;1659
2;1741059114965;1660
2;1741059131018;1661
2;1741059136745;1662
2;1741059143148;1663
2;1741059151679;1664
2;1741059152086;1665
2;1741059152423;1666
2;1741059155470;1667
2;1741059156101;1668
2;1741059166864;1669
2;1741059168378;1670
2;1741059185442;1671
2;1741059187900;1672
2;1741059188201;1673
2;1741059200624;1674
2;1741059208245;1675
2;1741059211061;1676
2;1741059211771;1677
2;1741059211828;1678
2;1741059221866;1679
2;1741059225681;1680
2;1741059235637;1681
2;1741059237847;1682
2;1741059242657;1683
2;1741059246312;1684
2;1741059250244;1685
2;1741059254052;1686
2;1741059269626;1687
2;1741059274264;1688
2;1741059279854;1689
2;1741059280400;1690
2;1741059282873;1691
2;1741059288732;1692
2;1741059289924;1693
2;1741059290867;1694
2;1741059295429;1695
2;1741059304057;1696
2;1741059307167;1697
2;1741059314427;1698
2;1741059314561;1699
2;1741059323543;1700
2;1741059333738;1701
2;1741059336276;1702
2;1741059339234;1703
2;1741059345287;1704
2;1741059345439;1705
2;1741059350314;1706
2;1741059352249;1707
2;1741059368160;1708
2;1741059375806;1709
2;1741059375945;1710
2;1741059377994;1711
2;1741059393192;1712
2;1741059396677;1713
2;1741059400589;1714
2;1741059401918;1715
2;1741059407231;1716
2;1741059408653;1717
2;1741059430442;1718
2;1741059432745;1719
2;1741059432944;1720
2;1741059433338;1721
2;1741059443728;1722
2;1741059446964;1723
2;1741059448361;1724
2;1741059452913;1725
2;1741059454100;1726
2;1741059455318;1727
2;1741059465158;1728
2;1741059477262;1729
2;1741059484880;1730
2;1741059487187;1731
2;1741059487448;1732
2;1741059493582;1733
2;1741059498060;1734
2;1741059507993;1735
2;1741059508852;1736
2;1741059510470;1737
2;1741059513268;1738
2;1741059521428;1739
2;1741059522301;1740
2;1741059523578;1741
2;1741059532568;1742
2;1741059539305;1743
2;1741059550008;1744
2;1741059551652;1745
2;1741059561797;1746
2;1741059562063;1747
2;1741059573265;1748
2;1741059583950;1749
2;1741059584586;1750
2;1741059590796;1751
2;1741059593022;1752
2;1741059593688;1753
2;1741059597688;1754
2;1741059599688;1755
2;1741059599698;1756
2;1741059606514;1757
2;1741059619127;1758
2;1741059625810;1759
2;1741059629134;1760
2;1741059633524;1761
2;1741059647413;1762
2;1741059647719;1763
2;1741059647829;1764
2;1741059648088;1765
2;1741059657763;1766
2;1741059660380;1767
2;1741059668453;1768
2;1741059673169;1769
2;1741059676868;1770
2;1741059686629;1771
2;1741059692656;1772
2;1741059698383;1773
2;1741059699031;1774
2;1741059701310;1775
2;1741059708807;1776
2;1741059721092;1777
2;1741059721483;1778
2;1741059721708;1779
2;1741059726851;1780
2;1741059733379;1781
2;1741059748016;1782
2;1741059754153;1783
2;1741059754862;1784
2;1741059755495;1785
2;1741059762944;1786
2;1741059764014;1787
2;1741059770279;1788
2;1741059772777;1789
2;1741059777631;1790
2;1741059777729;1791
2;1741059780678;1792
2;1741059785377;1793
2;1741059790421;1794
2;1741059800359;1795
2;1741059801802;1796
2;1741059802985;1797
2;1741059810810;1798
2;1741059818397;1799
2;1741059827483;1800
2;1741059829673;1801
2;1741059832927;1802
2;1741059836306;1803
2;1741059844486;1804
2;1741059853861;1805
2;1741059867785;1806
2;1741059868728;1807
2;1741059868912;1808
2;1741059881319;1809
2;1741059882284;1810
2;1741059891141;1811
2;1741059893104;1812
2;1741059897736;1813
2;1741059899747;1814
2;1741059902935;1815
2;1741059909314;1816
2;1741059909958;1817
2;1741059924031;1818
2;1741059931549;1819
2;1741059932923;1820
2;1741059942271;1821
2;1741059948493;1822
2;1741059952107;1823
2;1741059954747;1824
2;1741059955483;1825
2;1741059957045;1826
2;1741059957891;1827
2;1741059968777;1828
2;1741059970225;1829
2;1741059984100;1830
2;1741059990598;1831
2;1741059991320;1832
2;1741059992538;1833
2;1741059995765;1834
2;1741060007041;1835
2;1741060009054;1836
2;1741060017559;1837
2;1741060020857;1838
2;1741060021275;1839
2;1741060026726;1840
2;1741060027948;1841
2;1741060039893;1842
2;1741060040313;1843
2;1741060045762;1844
2;1741060055908;1845
2;1741060056877;1846
2;1741060069234;1847
2;1741060069739;1848
2;1741060070436;1849
2;1741060078932;1850
2;1741060087235;1851
2;1741060090221;1852
2;1741060096199;1853
2;1741060099061;1854
2;1741060106430;1855
2;1741060108917;1856
2;1741060111217;1857
2;1741060116030;1858
2;1741060123848;1859
2;1741060126292;1860
2;1741060134335;1861
2;1741060136630;1862
2;1741060142351;1863
2;1741060148851;1864
2;1741060154247;1865
2;1741060156838;1866
2;1741060164544;1867
2;1741060172891;1868
2;1741060174415;1869
2;1741060181133;1870
2;1741060186021;1871
2;1741060186727;1872
2;1741060193266;1873
2;1741060193556;1874
2;1741060195945;1875
2;1741060207942;1876
2;1741060214509;1877
2;1741060223614;1878
2;1741060229690;1879
2;1741060232068;1880
2;1741060232923;1881
2;1741060234583;1882
2;1741060240926;1883
2;1741060246856;1884
2;1741060247404;1885
2;1741060259543;1886
2;1741060267427;1887
2;1741060270959;1888
2;1741060272396;1889
2;1741060278231;1890
2;1741060278632;1891
2;1741060279283;1892
2;1741060287811;1893
2;1741060296815;1894
2;1741060306223;1895
2;1741060314603;1896
2;1741060314740;1897
2;1741060315464;1898
2;1741060321734;1899
2;1741060321935;1900
2;1741060323963;1901
2;1741060339786;1902
2;1741060344167;1903
2;1741060350380;1904
2;1741060352656;1905
2;1741060355896;1906
2;1741060362825;1907
2;1741060377285;1908
2;1741060379185;1909
2;1741060383037;1910
2;1741060387723;1911
2;1741060389959;1912
2;1741060393998;1913
2;1741060405453;1914
2;1741060410162;1915
2;1741060411771;1916
2;1741060412032;1917
2;1741060413377;1918
2;1741060423652;1919
2;1741060424800;1920
2;1741060433506;1921
2;1741060442948;1922
2;1741060448059;1923
2;1741060449030;1924
2;1741060451112;1925
2;1741060457456;1926
2;1741060458006;1927
2;1741060461365;1928
2;1741060472824;1929
2;1741060475450;1930
2;1741060478290;1931
2;1741060485015;1932
2;1741060492436;1933
2;1741060499986;1934
2;1741060501435;1935
2;1741060506970;1936
2;1741060514778;1937
2;1741060515597;1938
2;1741060533587;1939
2;1741060534211;1940
2;1741060540106;1941
2;1741060541239;1942
2;1741060543462;1943
2;1741060554225;1944
2;1741060557004;1945
2;1741060560720;1946
2;1741060565925;1947
2;1741060572975;1948
2;1741060573996;1949
2;1741060579056;1950
2;1741060583419;1951
2;1741060587238;1952
2;1741060588497;1953
2;1741060589914;1954
2;1741060595504;1955
2;1741060603282;1956
2;1741060605133;1957
2;1741060615963;1958
2;1741060619384;1959
2;1741060637470;1960
2;1741060640318;1961
2;1741060641617;1962
2;1741060643090;1963
2;1741060643741;1964
2;1741060643757;1965
2;1741060649189;1966
2;1741060673812;1967
2;1741060676523;1968
2;1741060677696;1969
2;1741060678654;1970
2;1741060680620;1971
2;1741060686271;1972
2;1741060703568;1973
2;1741060703758;1974
2;1741060706282;1975
2;1741060708750;1976
2;1741060713723;1977
2;1741060715900;1978
2;1741060720918;1979
2;1741060723250;1980
2;1741060733871;1981
2;1741060734716;1982
2;1741060736783;1983
2;1741060739633;1984
2;1741060749329;1985
2;1741060755842;1986
2;1741060761496;1987
2;1741060762533;1988
2;1741060778357;1989
2;1741060784844;1990
2;1741060785753;1991
2;1741060797504;1992
2;1741060806466;1993
2;1741060808127;1994
2;1741060813188;1995
2;1741060813253;1996
2;1741060817135;1997
2;1741060817392;1998
2;1741060822442;1999
2;1741060825579;2000
2;1741060845579;2001
2;1741060848817;2002
2;1741060848919;2003
2;1741060850956;2004
2;1741060851038;2005
2;1741060851867;2006
2;1741060864214;2007
2;1741060876681;2008
2;1741060877776;2009
2;1741060880247;2010
2;1741060887112;2011
2;1741060891487;2012
2;1741060896080;2013
2;1741060899401;2014
2;1741060900651;2015
2;1741060908695;2016
2;1741060910252;2017
2;1741060912000;2018
2;1741060913614;2019
2;1741060927280;2020
2;1741060939286;2021
2;1741060942929;2022
2;1741060948394;2023
2;1741060953121;2024
2;1741060953285;2025
2;1741060958720;2026
2;1741060963405;2027
2;1741060968094;2028
2;1741060973516;2029
2;1741060979472;2030
2;1741060982683;2031
2;1741060984313;2032
2;1741060987913;2033
2;1741060991740;2034
2;1741061006766;2035
2;1741061009190;2036
2;1741061014924;2037
2;1741061019892;2038
2;1741061021276;2039
2;1741061021929;2040
2;1741061034242;2041
2;1741061036083;2042
2;1741061047011;2043
2;1741061052963;2044
2;1741061053135;2045
2;1741061063416;2046
2;1741061068564;2047
2;1741061073104;2048
2;1741061078099;2049
2;1741061084042;2050
2;1741061085692;2051
2;1741061086012;2052
2;1741061096028;2053
2;1741061100461;2054
2;1741061101765;2055
2;1741061108480;2056
2;1741061111829;2057
2;1741061118710;2058
2;1741061121356;2059
2;1741061133642;2060
2;1741061135172;2061
2;1741061139568;2062
2;1741061143786;2063
2;1741061152777;2064
2;1741061155623;2065
2;1741061159274;2066
2;1741061165235;2067
2;1741061166829;2068
2;1741061172391;2069
2;1741061178148;2070
2;1741061185994;2071
2;1741061190195;2072
2;1741061192997;2073
2;1741061207812;2074
2;1741061209929;2075
2;1741061215641;2076
2;1741061216607;2077
2;1741061224540;2078
2;1741061225920;2079
2;1741061228134;2080
2;1741061233418;2081
2;1741061235140;2082
2;1741061238236;2083
2;1741061252510;2084
2;1741061257168;2085
2;1741061268734;2086
2;1741061268749;2087
2;1741061272483;2088
2;1741061276052;2089
2;1741061281057;2090
2;1741061282847;2091
2;1741061283656;2092
2;1741061285044;2093
2;1741061291415;2094
2;1741061308644;2095
2;1741061310990;2096
2;1741061316096;2097
2;1741061317713;2098
2;1741061325318;2099
2;1741061328311;2100
2;1741061332378;2101
2;1741061336179;2102
2;1741061337236;2103
2;1741061337596;2104
2;1741061345438;2105
2;1741061349912;2106
2;1741061356844;2107
2;1741061361267;2108
2;1741061379522;2109
2;1741061381638;2110
2;1741061381653;2111
2;1741061387192;2112
2;1741061389366;2113
2;1741061400914;2114
2;1741061406828;2115
2;1741061414417;2116
2;1741061420745;2117
2;1741061422777;2118
2;1741061423281;2119
2;1741061426401;2120
2;1741061432687;2121
2;1741061437674;2122
2;1741061452041;2123
2;1741061452205;2124
2;1741061454618;2125
2;1741061456890;2126
2;1741061459006;2127
2;1741061471280;2128
2;1741061483219;2129
2;1741061485238;2130
2;1741061486802;2131
2;1741061492966;2132
2;1741061496726;2133
2;1741061499233;2134
2;1741061503321;2135
2;1741061506993;2136
2;1741061508383;2137
2;1741061511745;2138
2;1741061518857;2139
2;1741061521607;2140
2;1741061531894;2141
2;1741061538648;2142
2;1741061543923;2143
2;1741061553799;2144
2;1741061554058;2145
2;1741061555557;2146
2;1741061563197;2147
2;1741061567683;2148
2;1741061570008;2149
2;1741061578130;2150
2;1741061584794;2151
2;1741061588985;2152
2;1741061594573;2153
2;1741061597719;2154
2;1741061601546;2155
2;1741061602697;2156
2;1741061612900;2157
2;1741061615554;2158
2;1741061623826;2159
2;1741061630079;2160
2;1741061634751;2161
2;1741061637541;2162
2;1741061648868;2163
2;1741061651217;2164
2;1741061658245;2165
2;1741061659109;2166
2;1741061662665;2167
2;1741061666255;2168
2;1741061668214;2169
2;1741061673026;2170
2;1741061676248;2171
2;1741061691837;2172
2;1741061695009;2173
2;1741061695141;2174
2;1741061700854;2175
2;1741061707703;2176
2;1741061712151;2177
2;1741061715429;2178
2;1741061717209;2179
2;1741061721979;2180
2;1741061733479;2181
2;1741061739313;2182
2;1741061748740;2183
2;1741061756355;2184
2;1741061758806;2185
2;1741061766753;2186
2;1741061768033;2187
2;1741061769537;2188
2;1741061772606;2189
2;1741061772944;2190
2;1741061783623;2191
2;1741061784699;2192
2;1741061789974;2193
2;1741061797321;2194
2;1741061797671;2195
2;1741061805801;2196
2;1741061807099;2197
2;1741061816157;2198
2;1741061825568;2199
2;1741061835125;2200
2;1741061839654;2201
2;1741061839694;2202
2;1741061839737;2203
2;1741061846995;2204
2;1741061848249;2205
2;1741061858489;2206
2;1741061860792;2207
2;1741061868550;2208
2;1741061876155;2209
2;1741061880007;2210
2;1741061880482;2211
2;1741061881120;2212
2;1741061882351;2213
2;1741061892692;2214
2;1741061898382;2215
2;1741061900677;2216
2;1741061908389;2217
2;1741061911369;2218
2;1741061914322;2219
2;1741061931727;2220
2;1741061934707;2221
2;1741061942976;2222
2;1741061945350;2223
2;1741061956377;2224
2;1741061963152;2225
2;1741061966363;2226
2;1741061969627;2227
2;1741061971390;2228
2;1741061976713;2229
2;1741061979503;2230
2;1741061993916;2231
2;1741061995876;2232
2;1741061996770;2233
2;1741062003536;2234
2;1741062003799;2235
2;1741062009529;2236
2;1741062011193;2237
2;1741062011282;2238
2;1741062016518;2239
2;1741062035742;2240
2;1741062037705;2241
2;1741062040718;2242
2;1741062042116;2243
2;1741062043459;2244
2;1741062051337;2245
2;1741062051664;2246
2;1741062069233;2247
2;1741062073099;2248
2;1741062075509;2249
2;1741062075791;2250
2;1741062082878;2251
2;1741062085325;2252
2;1741062103476;2253
2;1741062105371;2254
2;1741062108524;2255
2;1741062108551;2256
2;1741062111457;2257
2;1741062116580;2258
2;1741062124407;2259
2;1741062124881;2260
2;1741062129906;2261
2;1741062139026;2262
2;1741062144712;2263
2;1741062150039;2264
2;1741062153663;2265
2;1741062157033;2266
2;1741062159716;2267
2;1741062166482;2268
2;1741062179937;2269
2;1741062183263;2270
2;1741062186213;2271
2;1741062187561;2272
2;1741062194468;2273
2;1741062197484;2274
2;1741062197674;2275
2;1741062205533;2276
2;1741062211862;2277
2;1741062226524;2278
2;1741062227905;2279
2;1741062232931;2280
2;1741062234774;2281
2;1741062234850;2282
2;1741062235165;2283
2;1741062257164;2284
2;1741062257702;2285
2;1741062262865;2286
2;1741062267222;2287
2;1741062267984;2288
2;1741062272378;2289
2;1741062283447;2290
2;1741062290007;2291
2;1741062291948;2292
2;1741062292107;2293
2;1741062296279;2294
2;1741062308388;2295
2;1741062319189;2296
2;1741062320590;2297
2;1741062322965;2298
2;1741062324383;2299
2;1741062333985;2300
2;1741062335746;2301
2;1741062338241;2302
2;1741062353471;2303
2;1741062356003;2304
2;1741062357723;2305
2;1741062358046;2306
2;1741062360128;2307
2;1741062366689;2308
2;1741062371819;2309
2;1741062372084;2310
2;1741062380844;2311
2;1741062384924;2312
2;1741062385004;2313
2;1741062390142;2314
2;1741062395594;2315
2;1741062399987;2316
2;1741062400655;2317
2;1741062411360;2318
2;1741062414437;2319
2;1741062418919;2320
2;1741062429914;2321
2;1741062430491;2322
2;1741062446536;2323
2;1741062453755;2324
2;1741062458059;2325
2;1741062459319;2326
2;1741062460411;2327
2;1741062463853;2328
2;1741062478427;2329
2;1741062478817;2330
2;1741062483793;2331
2;1741062487470;2332
2;1741062493750;2333
2;1741062496793;2334
2;1741062507413;2335
2;1741062510101;2336
2;1741062511510;2337
2;1741062518414;2338
2;1741062518675;2339
2;1741062524946;2340
2;1741062526526;2341
2;1741062531709;2342
2;1741062542106;2343
2;1741062545498;2344
2;1741062547076;2345
2;1741062548330;2346
2;1741062564677;2347
2;1741062566607;2348
2;1741062569415;2349
2;1741062573377;2350
2;1741062580307;2351
2;1741062591149;2352
2;1741062592909;2353
2;1741062612318;2354
2;1741062613259;2355
2;1741062615010;2356
2;1741062617226;2357
2;1741062620332;2358
2;1741062623405;2359
2;1741062623991;2360
2;1741062625468;2361
2;1741062638933;2362
2;1741062648061;2363
2;1741062657562;2364
2;1741062663691;2365
2;1741062665606;2366
2;1741062672222;2367
2;1741062675238;2368
2;1741062680940;2369
2;1741062681367;2370
2;1741062683654;2371
2;1741062686838;2372
2;1741062689110;2373
2;1741062702788;2374
2;1741062705480;2375
2;1741062709678;2376
2;1741062714928;2377
2;1741062718910;2378
2;1741062722346;2379
2;1741062727350;2380
2;1741062731301;2381
2;1741062735057;2382
2;1741062742178;2383
2;1741062754698;2384
2;1741062757489;2385
2;1741062764172;2386
2;1741062768209;2387
2;1741062773293;2388
2;1741062773722;2389
2;1741062783470;2390
2;1741062789746;2391
2;1741062791589;2392
2;1741062794992;2393
2;1741062797550;2394
2;1741062806584;2395
2;1741062806930;2396
2;1741062809279;2397
2;1741062810699;2398
2;1741062815615;2399
2;1741062815965;2400
2;1741062826204;2401
2;1741062837528;2402
2;1741062844482;2403
2;1741062844677;2404
2;1741062848281;2405
2;1741062848764;2406
2;1741062854335;2407
2;1741062863932;2408
2;1741062874748;2409
2;1741062876320;2410
2;1741062878702;2411
2;1741062883564;2412
2;1741062890907;2413
2;1741062897870;2414
2;1741062899685;2415
2;1741062918874;2416
2;1741062920616;2417
2;1741062920990;2418
2;1741062925873;2419
2;1741062929235;2420
2;1741062930398;2421
2;1741062931523;2422
2;1741062936651;2423
2;1741062942885;2424
2;1741062943539;2425
2;1741062956784;2426
2;1741062972917;2427
2;1741062976372;2428
2;1741062976881;2429
2;1741062981044;2430
2;1741062991729;2431
2;1741062996922;2432
2;1741062997067;2433
2;1741063006984;2434
2;1741063008206;2435
2;1741063015004;2436
2;1741063016487;2437
2;1741063019220;2438
2;1741063020969;2439
2;1741063025734;2440
2;1741063030809;2441
2;1741063038131;2442
2;1741063038975;2443
2;1741063041713;2444
2;1741063045274;2445
2;1741063054343;2446
2;1741063063511;2447
2;1741063071257;2448
2;1741063077745;2449
2;1741063078405;2450
2;1741063082820;2451
2;1741063088113;2452
2;1741063090936;2453
2;1741063099295;2454
2;1741063103801;2455
2;1741063105181;2456
2;1741063105826;2457
2;1741063122577;2458
2;1741063126319;2459
2;1741063130177;2460
2;1741063133498;2461
2;1741063137292;2462
2;1741063138462;2463
2;1741063153794;2464
2;1741063154449;2465
2;1741063160207;2466
2;1741063164999;2467
2;1741063165314;2468
2;1741063169323;2469
2;1741063170736;2470
2;1741063178641;2471
2;1741063191926;2472
2;1741063200407;2473
2;1741063201824;2474
2;1741063204417;2475
2;1741063211390;2476
2;1741063218030;2477
2;1741063228434;2478
2;1741063232986;2479
2;1741063234123;2480
2;1741063236651;2481
2;1741063238126;2482
2;1741063240942;2483
2;1741063248751;2484
2;1741063249548;2485
2;1741063251297;2486
2;1741063263112;2487
2;1741063273887;2488
2;1741063275066;2489
2;1741063282248;2490
2;1741063284385;2491
2;1741063287023;2492
2;1741063292782;2493
2;1741063298334;2494
2;1741063299105;2495
2;1741063307287;2496
2;1741063308494;2497
2;1741063312634;2498
2;1741063323511;2499
2;1741063331279;2500
2;1741063337900;2501
2;1741063341607;2502
2;1741063346850;2503
2;1741063347732;2504
2;1741063348675;2505
2;1741063354202;2506
2;1741063354467;2507
2;1741063362042;2508
2;1741063374915;2509
2;1741063382267;2510
2;1741063386226;2511
2;1741063388719;2512
2;1741063392011;2513
2;1741063393471;2514
2;1741063399428;2515
2;1741063401710;2516
2;1741063405129;2517
2;1741063406385;2518
2;1741063411214;2519
2;1741063419385;2520
2;1741063428229;2521
2;1741063437095;2522
2;1741063443643;2523
2;1741063444096;2524
2;1741063445597;2525
2;1741063463431;2526
2;1741063466930;2527
2;1741063467972;2528
2;1741063476286;2529
2;1741063480563;2530
2;1741063485690;2531
2;1741063491251;2532
2;1741063498782;2533
2;1741063503212;2534
2;1741063503955;2535
2;1741063504157;2536
2;1741063506771;2537
2;1741063520723;2538
2;1741063527871;2539
2;1741063530988;2540
2;1741063537298;2541
2;1741063540583;2542
2;1741063543243;2543
2;1741063552475;2544
2;1741063554196;2545
2;1741063556276;2546
2;1741063563307;2547
2;1741063564227;2548
2;1741063574047;2549
2;1741063586581;2550
2;1741063587585;2551
2;1741063591217;2552
2;1741063597584;2553
2;1741063599859;2554
2;1741063600185;2555
2;1741063614880;2556
2;1741063616745;2557
2;1741063622068;2558
2;1741063630610;2559
2;1741063632417;2560
2;1741063632683;2561
2;1741063634198;2562
2;1741063635297;2563
2;1741063646372;2564
2;1741063654087;2565
2;1741063654892;2566
2;1741063671952;2567
2;1741063677498;2568
2;1741063678751;2569
2;1741063679348;2570
2;1741063685835;2571
2;1741063690247;2572
2;1741063696184;2573
2;1741063701944;2574
2;1741063706716;2575
2;1741063707356;2576
2;1741063713285;2577
2;1741063717381;2578
2;1741063724681;2579
2;1741063727413;2580
2;1741063735186;2581
2;1741063744562;2582
2;1741063744999;2583
2;1741063746732;2584
2;1741063751483;2585
2;1741063753418;2586
2;1741063762342;2587
2;1741063774140;2588
2;1741063776425;2589
2;1741063789867;2590
2;1741063790052;2591
2;1741063793532;2592
2;1741063793830;2593
2;1741063803911;2594
2;1741063805279;2595
2;1741063807934;2596
2;1741063809567;2597
2;1741063821620;2598
2;1741063829193;2599
2;1741063835690;2600
2;1741063839077;2601
2;1741063840522;2602
2;1741063842873;2603
2;1741063842989;2604
2;1741063843644;2605
2;1741063851115;2606
2;1741063855437;2607
2;1741063860219;2608
2;1741063870863;2609
2;1741063879038;2610
2;1741063879570;2611
2;1741063881756;2612
2;1741063888313;2613
2;1741063889252;2614
2;1741063896763;2615
2;1741063913591;2616
2;1741063918003;2617
2;1741063919998;2618
2;1741063920587;2619
2;1741063921943;2620
2;1741063932737;2621
2;1741063935339;2622
2;1741063935641;2623
2;1741063944857;2624
2;1741063956118;2625
2;1741063961205;2626
2;1741063963942;2627
2;1741063965783;2628
2;1741063968352;2629
2;1741063969787;2630
2;1741063981898;2631
2;1741063990909;2632
2;1741063996508;2633
2;1741063999593;2634
2;1741064001198;2635
2;1741064015900;2636
2;1741064020999;2637
2;1741064025681;2638
2;1741064033905;2639
2;1741064037891;2640
2;1741064045336;2641
2;1741064050425;2642
2;1741064051133;2643
2;1741064057780;2644
2;1741064060238;2645
2;1741064064379;2646
2;1741064064973;2647
2;1741064066638;2648
2;1741064075335;2649
2;1741064075649;2650
2;1741064077050;2651
2;1741064086363;2652
2;1741064090739;2653
2;1741064097214;2654
2;1741064104780;2655
2;1741064104835;2656
2;1741064120428;2657
2;1741064121778;2658
2;1741064125672;2659
2;1741064126838;2660
2;1741064134322;2661
2;1741064134698;2662
2;1741064135296;2663
2;1741064139149;2664
2;1741064149375;2665
2;1741064161969;2666
2;1741064163161;2667
2;1741064170505;2668
2;1741064177054;2669
2;1741064184716;2670
2;1741064186164;2671
2;1741064186704;2672
2;1741064188409;2673
2;1741064197443;2674
2;1741064206173;2675
2;1741064207045;2676
2;1741064212426;2677
2;1741064215420;2678
2;1741064215615;2679
2;1741064228360;2680
2;1741064229445;2681
2;1741064232697;2682
2;1741064241138;2683
2;1741064243445;2684
2;1741064246661;2685
2;1741064248705;2686
2;1741064269282;2687
2;1741064269999;2688
2;1741064271597;2689
2;1741064273854;2690
2;1741064282781;2691
2;1741064285129;2692
2;1741064294813;2693
2;1741064297329;2694
2;1741064303627;2695
2;1741064307116;2696
2;1741064307803;2697
2;1741064320309;2698
2;1741064323187;2699
2;1741064326057;2700
2;1741064332244;2701
2;1741064333857;2702
2;1741064341518;2703
2;1741064346217;2704
2;1741064352932;2705
2;1741064361423;2706
2;1741064370031;2707
2;1741064376519;2708
2;1741064377919;2709
2;1741064381270;2710
2;1741064385681;2711
2;1741064386949;2712
2;1741064389327;2713
2;1741064396889;2714
2;1741064404241;2715
2;1741064408197;2716
2;1741064412866;2717
2;1741064416944;2718
2;1741064419473;2719
2;1741064423087;2720
2;1741064432878;2721
2;1741064436049;2722
2;1741064446237;2723
2;1741064448528;2724
2;1741064457386;2725
2;1741064459220;2726
2;1741064461124;2727
2;1741064464047;2728
2;1741064475048;2729
2;1741064479521;2730
2;1741064482515;2731
2;1741064483598;2732
2;1741064491312;2733
2;1741064494074;2734
2;1741064495390;2735
2;1741064495598;2736
2;1741064512700;2737
2;1741064523446;2738
2;1741064526185;2739
2;1741064526757;2740
2;1741064531078;2741
2;1741064532484;2742
2;1741064541323;2743
2;1741064546151;2744
2;1741064560610;2745
2;1741064561318;2746
2;1741064561675;2747
2;1741064562878;2748
2;1741064567609;2749
2;1741064568716;2750
2;1741064586101;2751
2;1741064586433;2752
2;1741064592927;2753
2;1741064604277;2754
2;1741064610299;2755
2;1741064612177;2756
2;1741064625826;2757
2;1741064626462;2758
2;1741064628497;2759
2;1741064629713;2760
2;1741064632736;2761
2;1741064638920;2762
2;1741064640936;2763
2;1741064641566;2764
2;1741064654482;2765
2;1741064661819;2766
2;1741064663165;2767
2;1741064671170;2768
2;1741064671617;2769
2;1741064676040;2770
2;1741064688706;2771
2;1741064691371;2772
2;1741064693533;2773
2;1741064693636;2774
2;1741064702419;2775
2;1741064704401;2776
2;1741064710105;2777
2;1741064718300;2778
2;1741064727115;2779
2;1741064727541;2780
2;1741064728923;2781
2;1741064735997;2782
2;1741064750287;2783
2;1741064751215;2784
2;1741064753786;2785
2;1741064758330;2786
2;1741064765145;2787
2;1741064770345;2788
2;1741064776828;2789
2;1741064782714;2790
2;1741064790431;2791
2;1741064791353;2792
2;1741064794999;2793
2;1741064800892;2794
2;1741064801740;2795
2;1741064812107;2796
2;1741064812377;2797
2;1741064818710;2798
2;1741064829477;2799
2;1741064834676;2800
2;1741064837164;2801
2;1741064837232;2802
2;1741064840213;2803
2;1741064843503;2804
2;1741064843911;2805
2;1741064856767;2806
2;1741064862178;2807
2;1741064874963;2808
2;1741064876310;2809
2;1741064881992;2810
2;1741064882940;2811
2;1741064885199;2812
2;1741064896727;2813
2;1741064896927;2814
2;1741064899354;2815
2;1741064908183;2816
2;1741064910087;2817
2;1741064913348;2818
2;1741064925473;2819
2;1741064926406;2820
2;1741064932178;2821
2;1741064935088;2822
2;1741064938481;2823
2;1741064943214;2824
2;1741064947152;2825
2;1741064952856;2826
2;1741064957519;2827
2;1741064958888;2828
2;1741064968919;2829
2;1741064975043;2830
2;1741064975638;2831
2;1741064985624;2832
2;1741064991013;2833
2;1741064991287;2834
2;1741065006786;2835
2;1741065015792;2836
2;1741065016386;2837
2;1741065017684;2838
2;1741065026177;2839
2;1741065028191;2840
2;1741065038002;2841
2;1741065042958;2842
2;1741065042969;2843
2;1741065047099;2844
2;1741065053849;2845
2;1741065058729;2846
2;1741065065279;2847
2;1741065071536;2848
2;1741065079174;2849
2;1741065083655;2850
2;1741065084132;2851
2;1741065089799;2852
2;1741065090171;2853
2;1741065102284;2854
2;1741065106942;2855
2;1741065113470;2856
2;1741065122125;2857
2;1741065122958;2858
2;1741065126083;2859
2;1741065126138;2860
2;1741065128689;2861
2;1741065135352;2862
2;1741065137887;2863
2;1741065145844;2864
2;1741065156760;2865
2;1741065168235;2866
2;1741065170668;2867
2;1741065171973;2868
2;1741065175610;2869
2;1741065178737;2870
2;1741065182264;2871
2;1741065182957;2872
2;1741065192534;2873
2;1741065199212;2874
2;1741065200496;2875
2;1741065209729;2876
2;1741065212311;2877
2;1741065223560;2878
2;1741065227106;2879
2;1741065227891;2880
2;1741065238095;2881
2;1741065243507;2882
2;1741065245191;2883
2;1741065246211;2884
2;1741065252878;2885
2;1741065261903;2886
2;1741065262382;2887
2;1741065276279;2888
2;1741065278182;2889
2;1741065283528;2890
2;1741065287714;2891
2;1741065289569;2892
2;1741065291700;2893
2;1741065293772;2894
2;1741065296310;2895
2;1741065305624;2896
2;1741065311474;2897
2;1741065313853;2898
2;1741065320073;2899
2;1741065324019;2900
2;1741065332336;2901
2;1741065342422;2902
2;1741065350001;2903
2;1741065352532;2904
2;1741065354902;2905
2;1741065358439;2906
2;1741065372138;2907
2;1741065373821;2908
2;1741065378139;2909
2;1741065378361;2910
2;1741065388046;2911
2;1741065390176;2912
2;1741065398626;2913
2;1741065401444;2914
2;1741065403789;2915
2;1741065404484;2916
2;1741065410725;2917
2;1741065414976;2918
2;1741065421009;2919
2;1741065425091;2920
2;1741065426865;2921
2;1741065433635;2922
2;1741065436708;2923
2;1741065440296;2924
2;1741065447549;2925
2;1741065458288;2926
2;1741065466021;2927
2;1741065469866;2928
2;1741065471062;2929
2;1741065480159;2930
2;1741065488077;2931
2;1741065492346;2932
2;1741065497851;2933
2;1741065512753;2934
2;1741065513998;2935
2;1741065516028;2936
2;1741065517237;2937
2;1741065519450;2938
2;1741065521951;2939
2;1741065522762;2940
2;1741065533839;2941
2;1741065537501;2942
2;1741065537896;2943
2;1741065551682;2944
2;1741065557780;2945
2;1741065559201;2946
2;1741065573648;2947
2;1741065577818;2948
2;1741065579659;2949
2;1741065587821;2950
2;1741065589468;2951
2;1741065592946;2952
2;1741065593052;2953
2;1741065593463;2954
2;1741065599065;2955
2;1741065604779;2956
2;1741065617762;2957
2;1741065617905;2958
2;1741065623240;2959
2;1741065634277;2960
2;1741065635928;2961
2;1741065637394;2962
2;1741065642167;2963
2;1741065642590;2964
2;1741065644753;2965
2;1741065654552;2966
2;1741065666195;2967
2;1741065671572;2968
2;1741065678586;2969
2;1741065681753;2970
2;1741065687532;2971
2;1741065692311;2972
2;1741065693388;2973
2;1741065700071;2974
2;1741065700482;2975
2;1741065703717;2976
2;1741065709179;2977
2;1741065715945;2978
2;1741065718838;2979
2;1741065730925;2980
2;1741065733201;2981
2;1741065746825;2982
2;1741065747532;2983
2;1741065752448;2984
2;1741065759096;2985
2;1741065760765;2986
2;1741065766524;2987
2;1741065768323;2988
2;1741065775026;2989
2;1741065779096;2990
2;1741065779348;2991
2;1741065786058;2992
2;1741065789582;2993
2;1741065792643;2994
2;1741065801492;2995
2;1741065801859;2996
2;1741065814235;2997
2;1741065815755;2998
2;1741065815901;2999
2;1741065818575;3000
2;1741065828714;3001
2;1741065842464;3002
2;1741065845649;3003
2;1741065848416;3004
2;1741065856952;3005
2;1741065857991;3006
2;1741065859728;3007
2;1741065862466;3008
2;1741065865947;3009
2;1741065870366;3010
2;1741065885134;3011
2;1741065886608;3012
2;1741065891886;3013
2;1741065899841;3014
2;1741065900765;3015
2;1741065902796;3016
2;1741065903765;3017
2;1741065905413;3018
2;1741065920933;3019
2;1741065928148;3020
2;1741065937532;3021
2;1741065941109;3022
2;1741065948303;3023
2;1741065951168;3024
2;1741065960994;3025
2;1741065966726;3026
2;1741065968811;3027
2;1741065969543;3028
2;1741065972541;3029
2;1741065974798;3030
2;1741065980585;3031
2;1741065981566;3032
2;1741065989199;3033
2;1741065997116;3034
2;1741066007820;3035
2;1741066016714;3036
2;1741066018826;3037
2;1741066032346;3038
2;1741066035845;3039
2;1741066037461;3040
2;1741066037879;3041
2;1741066038135;3042
2;1741066041226;3043
2;1741066042221;3044
2;1741066043975;3045
2;1741066058085;3046
2;1741066058373;3047
2;1741066064012;3048
2;1741066073840;3049
2;1741066083245;3050
2;1741066085102;3051
2;1741066088253;3052
2;1741066088541;3053
2;1741066092113;3054
2;1741066095677;3055
2;1741066096756;3056
2;1741066117891;3057
2;1741066123146;3058
2;1741066126404;3059
2;1741066126815;3060
2;1741066127200;3061
2;1741066131049;3062
2;1741066136023;3063
2;1741066141575;3064
2;1741066149649;3065
2;1741066162087;3066
2;1741066164366;3067
2;1741066169379;3068
2;1741066173964;3069
2;1741066186540;3070
2;1741066189025;3071
2;1741066194999;3072
2;1741066197945;3073
2;1741066199357;3074
2;1741066200625;3075
2;1741066201597;3076
2;1741066214535;3077
2;1741066215853;3078
2;1741066226701;3079
2;1741066232667;3080
2;1741066234256;3081
2;1741066237600;3082
2;1741066247573;3083
2;1741066251962;3084
2;1741066255611;3085
2;1741066262795;3086
2;1741066263720;3087
2;1741066271834;3088
2;1741066274069;3089
2;1741066275203;3090
2;1741066285474;3091
2;1741066290159;3092
2;1741066296802;3093
2;1741066297002;3094
2;1741066307878;3095
2;1741066316291;3096
2;1741066317697;3097
2;1741066321907;3098
2;1741066324660;3099
2;1741066332160;3100
2;1741066339605;3101
2;1741066343494;3102
2;1741066345220;3103
2;1741066346411;3104
2;1741066348832;3105
2;1741066349237;3106
2;1741066358716;3107
2;1741066363361;3108
2;1741066369419;3109
2;1741066371101;3110
2;1741066373989;3111
2;1741066383552;3112
2;1741066385667;3113
2;1741066392328;3114
2;1741066397022;3115
2;1741066402568;3116
2;1741066411678;3117
2;1741066416815;3118
2;1741066428306;3119
2;1741066434171;3120
2;1741066436803;3121
2;1741066438057;3122
2;1741066442280;3123
2;1741066442316;3124
2;1741066456323;3125
2;1741066463611;3126
2;1741066466114;3127
2;1741066474690;3128
2;1741066477717;3129
2;1741066480189;3130
2;1741066480703;3131
2;1741066486797;3132
2;1741066487794;3133
2;1741066501597;3134
2;1741066502626;3135
2;1741066508586;3136
2;1741066516120;3137
2;1741066520126;3138
2;1741066531549;3139
2;1741066532098;3140
2;1741066532838;3141
2;1741066535748;3142
2;1741066538858;3143
2;1741066543365;3144
2;1741066548042;3145
2;1741066551354;3146
2;1741066563661;3147
2;1741066572852;3148
2;1741066577736;3149
2;1741066585366;3150
2;1741066588037;3151
2;1741066589416;3152
2;1741066594619;3153
2;1741066597054;3154
2;1741066599605;3155
2;1741066606949;3156
2;1741066609823;3157
2;1741066615960;3158
2;1741066637138;3159
2;1741066637387;3160
2;1741066639291;3161
2;1741066640026;3162
2;1741066645066;3163
2;1741066647254;3164
2;1741066647635;3165
2;1741066650341;3166
2;1741066655182;3167
2;1741066675133;3168
2;1741066679140;3169
2;1741066681546;3170
2;1741066681658;3171
2;1741066689090;3172
2;1741066694931;3173
2;1741066697481;3174
2;1741066700830;3175
2;1741066707333;3176
2;1741066713427;3177
2;1741066713964;3178
2;1741066715888;3179
2;1741066716384;3180
2;1741066721649;3181
2;1741066737197;3182
2;1741066742536;3183
2;1741066747014;3184
2;1741066753323;3185
2;1741066763336;3186
2;1741066770257;3187
2;1741066774003;3188
2;1741066775650;3189
2;1741066776795;3190
2;1741066778392;3191
2;1741066782232;3192
2;1741066791079;3193
2;1741066793794;3194
2;1741066803837;3195
2;1741066806458;3196
2;1741066817634;3197
2;1741066818253;3198
2;1741066827218;3199
2;1741066830184;3200
2;1741066834118;3201
2;1741066838092;3202
2;1741066838790;3203
2;1741066842315;3204
2;1741066852724;3205
2;1741066860594;3206
2;1741066860805;3207
2;1741066862187;3208
2;1741066880032;3209
2;1741066883105;3210
2;1741066884758;3211
2;1741066884978;3212
2;1741066886703;3213
2;1741066888951;3214
2;1741066892568;3215
2;1741066903593;3216
2;1741066906117;3217
2;1741066911592;3218
2;1741066920784;3219
2;1741066924708;3220
2;1741066927603;3221
2;1741066944366;3222
2;1741066947365;3223
2;1741066953338;3224
2;1741066954720;3225
2;1741066956775;3226
2;1741066959644;3227
2;1741066963237;3228
2;1741066968870;3229
2;1741066976903;3230
2;1741066979211;3231
2;1741066982413;3232
2;1741066983175;3233
2;1741066992515;3234
2;1741067009688;3235
2;1741067009933;3236
2;1741067022811;3237
2;1741067026195;3238
2;1741067026430;3239
2;1741067027903;3240
2;1741067029348;3241
2;1741067036156;3242
2;1741067036949;3243
2;1741067041461;3244
2;1741067046536;3245
2;1741067059003;3246
2;1741067063025;3247
2;1741067070362;3248
2;1741067081673;3249
2;1741067083250;3250
2;1741067090114;3251
2;1741067092387;3252
2;1741067093383;3253
2;1741067098304;3254
2;1741067098577;3255
2;1741067108304;3256
2;1741067111803;3257
2;1741067113962;3258
2;1741067116207;3259
2;1741067123385;3260
2;1741067135659;3261
2;1741067136080;3262
2;1741067139251;3263
2;1741067150207;3264
2;1741067153883;3265
2;1741067157302;3266
2;1741067164707;3267
2;1741067165678;3268
2;1741067169096;3269
2;1741067171212;3270
2;1741067173981;3271
2;1741067176825;3272
2;1741067197213;3273
2;1741067199292;3274
2;1741067201067;3275
2;1741067210571;3276
2;1741067212674;3277
2;1741067223139;3278
2;1741067226930;3279
2;1741067236017;3280
2;1741067237422;3281
2;1741067240795;3282
2;1741067247981;3283
2;1741067251292;3284
2;1741067253467;3285
2;1741067255832;3286
2;1741067260966;3287
2;1741067261865;3288
2;1741067263578;3289
2;1741067268889;3290
2;1741067277710;3291
2;1741067282098;3292
2;1741067283950;3293
2;1741067287940;3294
2;1741067295499;3295
2;1741067301854;3296
2;1741067314446;3297
2;1741067320712;3298
2;1741067321527;3299
2;1741067322059;3300
2;1741067322621;3301
2;1741067326647;3302
2;1741067353024;3303
2;1741067357687;3304
2;1741067362259;3305
2;1741067363249;3306
2;1741067365329;3307
2;1741067371603;3308
2;1741067375380;3309
2;1741067376942;3310
2;1741067379056;3311
2;1741067386456;3312
2;1741067391731;3313
2;1741067397577;3314
2;1741067398932;3315
2;1741067400991;3316
2;1741067413270;3317
2;1741067417956;3318
2;1741067423449;3319
2;1741067425625;3320
2;1741067428573;3321
2;1741067437954;3322
2;1741067444388;3323
2;1741067452971;3324
2;1741067453738;3325
2;1741067455459;3326
2;1741067457705;3327
2;1741067464902;3328
2;1741067471736;3329
2;1741067474538;3330
2;1741067477723;3331
2;1741067481478;3332
2;1741067496598;3333
2;1741067497847;3334
2;1741067497958;3335
2;1741067501270;3336
2;1741067513520;3337
2;1741067522185;3338
2;1741067526117;3339
2;1741067526288;3340
2;1741067532915;3341
2;1741067534529;3342
2;1741067535915;3343
2;1741067537522;3344
2;1741067558356;3345
2;1741067570299;3346
2;1741067572457;3347
2;1741067574074;3348
2;1741067574143;3349
2;1741067575206;3350
2;1741067577443;3351
2;1741067578023;3352
2;1741067585831;3353
2;1741067597218;3354
2;1741067601421;3355
2;1741067604419;3356
2;1741067606235;3357
2;1741067619357;3358
2;1741067620050;3359
2;1741067620398;3360
2;1741067631173;3361
2;1741067642355;3362
2;1741067643156;3363
2;1741067654090;3364
2;1741067658267;3365
2;1741067662386;3366
2;1741067665495;3367
2;1741067669941;3368
2;1741067670566;3369
2;1741067676256;3370
2;1741067677895;3371
2;1741067680902;3372
2;1741067686342;3373
2;1741067707141;3374
2;1741067710228;3375
2;1741067711127;3376
2;1741067717966;3377
2;1741067718981;3378
2;1741067719036;3379
2;1741067727412;3380
2;1741067729007;3381
2;1741067731267;3382
2;1741067750615;3383
2;1741067753765;3384
2;1741067754380;3385
2;1741067757501;3386
2;1741067761145;3387
2;1741067772434;3388
2;1741067779187;3389
2;1741067787143;3390
2;1741067787954;3391
2;1741067789388;3392
2;1741067789614;3393
2;1741067793936;3394
2;1741067798839;3395
2;1741067812336;3396
2;1741067818294;3397
2;1741067820314;3398
2;1741067822296;3399
2;1741067829879;3400
2;1741067833120;3401
2;1741067833971;3402
2;1741067845690;3403
2;1741067851640;3404
2;1741067858458;3405
2;1741067860439;3406
2;1741067863444;3407
2;1741067863646;3408
2;1741067879140;3409
2;1741067880023;3410
2;1741067888053;3411
2;1741067898438;3412
2;1741067902869;3413
2;1741067903418;3414
2;1741067910486;3415
2;1741067916280;3416
2;1741067916660;3417
2;1741067919586;3418
2;1741067921599;3419
2;1741067928104;3420
2;1741067929295;3421
2;1741067933880;3422
2;1741067934240;3423
2;1741067946474;3424
2;1741067948553;3425
2;1741067955999;3426
2;1741067957706;3427
2;1741067971045;3428
2;1741067974167;3429
2;1741067977246;3430
2;1741067981620;3431
2;1741067986093;3432
2;1741067990935;3433
2;1741068002477;3434
2;1741068002891;3435
2;1741068012102;3436
2;1741068016142;3437
2;1741068023216;3438
2;1741068027264;3439
2;1741068027546;3440
2;1741068033289;3441
2;1741068039940;3442
2;1741068042695;3443
2;1741068051514;3444
2;1741068055717;3445
2;1741068056173;3446
2;1741068062501;3447
2;1741068068120;3448
2;1741068068261;3449
2;1741068082602;3450
2;1741068085212;3451
2;1741068090247;3452
2;1741068093972;3453
2;1741068097993;3454
2;1741068102532;3455
2;1741068106956;3456
2;1741068113547;3457
2;1741068115463;3458
2;1741068122417;3459
2;1741068127023;3460
2;1741068130940;3461
2;1741068131201;3462
2;1741068134640;3463
2;1741068144907;3464
2;1741068156279;3465
2;1741068159233;3466
2;1741068160306;3467
2;1741068168467;3468
2;1741068169368;3469
2;1741068178166;3470
2;1741068186310;3471
2;1741068191766;3472
2;1741068192222;3473
2;1741068204074;3474
2;1741068208184;3475
2;1741068210945;3476
2;1741068214440;3477
2;1741068215206;3478
2;1741068218249;3479
2;1741068227032;3480
2;1741068233322;3481
2;1741068238817;3482
2;1741068245919;3483
2;1741068246642;3484
2;1741068246917;3485
2;1741068265534;3486
2;1741068267615;3487
2;1741068270244;3488
2;1741068273299;3489
2;1741068278595;3490
2;1741068280761;3491
2;1741068285331;3492
2;1741068286937;3493
2;1741068296434;3494
2;1741068301403;3495
2;1741068305359;3496
2;1741068306217;3497
2;1741068308741;3498
2;1741068317052;3499
2;1741068325217;3500
2;1741068328073;3501
2;1741068331250;3502
2;1741068338515;3503
2;1741068346178;3504
2;1741068352989;3505
2;1741068353821;3506
2;1741068369721;3507
2;1741068370531;3508
2;1741068374499;3509
2;1741068374699;3510
2;1741068380283;3511
2;1741068388471;3512
2;1741068389972;3513
2;1741068390051;3514
2;1741068396398;3515
2;1741068411571;3516
2;1741068420627;3517
2;1741068423254;3518
2;1741068426112;3519
2;1741068430061;3520
2;1741068431015;3521
2;1741068434477;3522
2;1741068437696;3523
2;1741068448065;3524
2;1741068453606;3525
2;1741068458197;3526
2;1741068458889;3527
2;1741068461961;3528
2;1741068462881;3529
2;1741068484117;3530
2;1741068486022;3531
2;1741068493046;3532
2;1741068498105;3533
2;1741068503353;3534
2;1741068505155;3535
2;1741068505353;3536
2;1741068508803;3537
2;1741068520761;3538
2;1741068520858;3539
2;1741068535426;3540
2;1741068536771;3541
2;1741068538187;3542
2;1741068541571;3543
2;1741068543640;3544
2;1741068550829;3545
2;1741068557568;3546
2;1741068560350;3547
2;1741068572466;3548
2;1741068573015;3549
2;1741068578197;3550
2;1741068592439;3551
2;1741068599249;3552
2;1741068603803;3553
2;1741068605740;3554
2;1741068609407;3555
2;1741068614216;3556
2;1741068617022;3557
2;1741068619753;3558
2;1741068620327;3559
2;1741068632342;3560
2;1741068633858;3561
2;1741068650301;3562
2;1741068650681;3563
2;1741068658904;3564
2;1741068659233;3565
2;1741068661805;3566
2;1741068668861;3567
2;1741068669292;3568
2;1741068672652;3569
2;1741068672943;3570
2;1741068678765;3571
2;1741068693565;3572
2;1741068694752;3573
2;1741068702776;3574
2;1741068704584;3575
2;1741068706177;3576
2;1741068723086;3577
2;1741068727626;3578
2;1741068728482;3579
2;1741068729260;3580
2;1741068737042;3581
2;1741068737077;3582
2;1741068737953;3583
2;1741068753157;3584
2;1741068761727;3585
2;1741068764423;3586
2;1741068770925;3587
2;1741068772840;3588
2;1741068774838;3589
2;1741068775811;3590
2;1741068784685;3591
2;1741068788190;3592
2;1741068789848;3593
2;1741068801765;3594
2;1741068801954;3595
2;1741068803168;3596
2;1741068811617;3597
2;1741068818330;3598
2;1741068822581;3599
2;1741068827904;3600
2;1741068831276;3601
2;1741068833677;3602
2;1741068843474;3603
2;1741068847861;3604
2;1741068852750;3605
2;1741068860915;3606
2;1741068863778;3607
2;1741068864901;3608
2;1741068874239;3609
2;1741068878010;3610
2;1741068884317;3611
2;1741068893782;3612
2;1741068902191;3613
2;1741068903534;3614
2;1741068909660;3615
2;1741068917117;3616
2;1741068919140;3617
2;1741068922539;3618
2;1741068932544;3619
2;1741068933961;3620
2;1741068936829;3621
2;1741068949999;3622
2;1741068950097;3623
2;1741068952485;3624
2;1741068954352;3625
2;1741068956647;3626
2;1741068966540;3627
2;1741068968875;3628
2;1741068970269;3629
2;1741068981864;3630
2;1741068983573;3631
2;1741068986354;3632
2;1741068990018;3633
2;1741069004327;3634
2;1741069005190;3635
2;1741069008672;3636
2;1741069011092;3637
2;1741069014849;3638
2;1741069016849;3639
2;1741069021846;3640
2;1741069031359;3641
2;1741069033600;3642
2;1741069044188;3643
2;1741069056362;3644
2;1741069058268;3645
2;1741069060172;3646
2;1741069062355;3647
2;1741069063046;3648
2;1741069071371;3649
2;1741069071762;3650
2;1741069077194;3651
2;1741069087047;3652
2;1741069102908;3653
2;1741069102929;3654
2;1741069107859;3655
2;1741069112590;3656
2;1741069119755;3657
2;1741069123307;3658
2;1741069124008;3659
2;1741069125599;3660
2;1741069130937;3661
2;1741069131896;3662
2;1741069145929;3663
2;1741069150167;3664
2;1741069158188;3665
2;1741069159316;3666
2;1741069168689;3667
2;1741069180177;3668
2;1741069180689;3669
2;1741069190226;3670
2;1741069191828;3671
2;1741069193214;3672
2;1741069195171;3673
2;1741069196246;3674
2;1741069205310;3675
2;1741069208365;3676
2;1741069212190;3677
2;1741069215360;3678
2;1741069217383;3679
2;1741069227459;3680
2;1741069229819;3681
2;1741069236492;3682
2;1741069238905;3683
2;1741069247253;3684
2;1741069248250;3685
2;1741069250035;3686
2;1741069259562;3687
2;1741069274171;3688
2;1741069275022;3689
2;1741069280296;3690
2;1741069282537;3691
2;1741069289154;3692
2;1741069305886;3693
2;1741069307563;3694
2;1741069310283;3695
2;1741069318090;3696
2;1741069319193;3697
2;1741069322427;3698
2;1741069327174;3699
2;1741069334717;3700
2;1741069342753;3701
2;1741069342940;3702
2;1741069344835;3703
2;1741069349383;3704
2;1741069353257;3705
2;1741069353458;3706
2;1741069358599;3707
2;1741069370368;3708
2;1741069382662;3709
2;1741069384802;3710
2;1741069387006;3711
2;1741069387201;3712
2;1741069402212;3713
2;1741069404553;3714
2;1741069407285;3715
2;1741069414789;3716
2;1741069415810;3717
2;1741069416333;3718
2;1741069421754;3719
2;1741069426732;3720
2;1741069427453;3721
2;1741069428835;3722
2;1741069442050;3723
2;1741069445455;3724
2;1741069448015;3725
2;1741069459240;3726
2;1741069460243;3727
2;1741069464533;3728
2;1741069471926;3729
2;1741069472959;3730
2;1741069477314;3731
2;1741069491478;3732
2;1741069494667;3733
2;1741069501781;3734
2;1741069508880;3735
2;1741069512356;3736
2;1741069515743;3737
2;1741069521426;3738
2;1741069529202;3739
2;1741069536603;3740
2;1741069539817;3741
2;1741069545832;3742
2;1741069549006;3743
2;1741069554810;3744
2;1741069558440;3745
2;1741069563210;3746
2;1741069563976;3747
2;1741069568701;3748
2;1741069570544;3749
2;1741069581455;3750
2;1741069583431;3751
2;1741069593963;3752
2;1741069596642;3753
2;1741069599181;3754
2;1741069605578;3755
2;1741069615225;3756
2;1741069617507;3757
2;1741069618726;3758
2;1741069622842;3759
2;1741069631690;3760
2;1741069634533;3761
2;1741069638950;3762
2;1741069643245;3763
2;1741069647723;3764
2;1741069652294;3765
2;1741069661602;3766
2;1741069663165;3767
2;1741069667311;3768
2;1741069670773;3769
2;1741069679168;3770
2;1741069681658;3771
2;1741069684543;3772
2;1741069687569;3773
2;1741069713346;3774
2;1741069715672;3775
2;1741069717913;3776
2;1741069717956;3777
2;1741069720823;3778
2;1741069721115;3779
2;1741069726934;3780
2;1741069730083;3781
2;1741069743437;3782
2;1741069743999;3783
2;1741069748461;3784
2;1741069750650;3785
2;1741069755634;3786
2;1741069763542;3787
2;1741069765636;3788
2;1741069776089;3789
2;1741069780157;3790
2;1741069782271;3791
2;1741069784450;3792
2;1741069790561;3793
2;1741069790714;3794
2;1741069795411;3795
2;1741069804438;3796
2;1741069813245;3797
2;1741069816953;3798
2;1741069820595;3799
2;1741069826430;3800
2;1741069830433;3801
2;1741069835999;3802
2;1741069844553;3803
2;1741069844943;3804
2;1741069845089;3805
2;1741069846130;3806
2;1741069873473;3807
2;1741069883059;3808
2;1741069887408;3809
2;1741069891354;3810
2;1741069895932;3811
2;1741069896134;3812
2;1741069897719;3813
2;1741069899213;3814
2;1741069901137;3815
2;1741069903024;3816
2;1741069907625;3817
2;1741069928471;3818
2;1741069928693;3819
2;1741069930562;3820
2;1741069930780;3821
2;1741069934551;3822
2;1741069939799;3823
2;1741069940770;3824
2;1741069952063;3825
2;1741069958613;3826
2;1741069963994;3827
2;1741069970309;3828
2;1741069983262;3829
2;1741069984831;3830
2;1741069988276;3831
2;1741069991557;3832
2;1741069993602;3833
2;1741069998462;3834
2;1741070006662;3835
2;1741070006948;3836
2;1741070007324;3837
2;1741070008414;3838
2;1741070014756;3839
2;1741070029112;3840
2;1741070030340;3841
2;1741070032989;3842
2;1741070033582;3843
2;1741070043077;3844
2;1741070043941;3845
2;1741070049746;3846
2;1741070053166;3847
2;1741070062772;3848
2;1741070072116;3849
2;1741070072693;3850
2;1741070078368;3851
2;1741070082926;3852
2;1741070089441;3853
2;1741070090925;3854
2;1741070096586;3855
2;1741070102991;3856
2;1741070103895;3857
2;1741070112719;3858
2;1741070113090;3859
2;1741070122285;3860
2;1741070124378;3861
2;1741070131856;3862
2;1741070145253;3863
2;1741070149238;3864
2;1741070154505;3865
2;1741070160464;3866
2;1741070163507;3867
2;1741070163737;3868
2;1741070170871;3869
2;1741070171651;3870
2;1741070182989;3871
2;1741070189526;3872
2;1741070190173;3873
2;1741070194629;3874
2;1741070204167;3875
2;1741070205196;3876
2;1741070207807;3877
2;1741070218401;3878
2;1741070228062;3879
2;1741070233503;3880
2;1741070233862;3881
2;1741070245545;3882
2;1741070245682;3883
2;1741070257563;3884
2;1741070257777;3885
2;1741070265290;3886
2;1741070266013;3887
2;1741070272391;3888
2;1741070276745;3889
2;1741070278078;3890
2;1741070281836;3891
2;1741070287073;3892
2;1741070291899;3893
2;1741070293975;3894
2;1741070296368;3895
2;1741070300794;3896
2;1741070309667;3897
2;1741070310438;3898
2;1741070311629;3899
2;1741070326368;3900
2;1741070340242;3901
2;1741070345256;3902
2;1741070345704;3903
2;1741070350834;3904
2;1741070351885;3905
2;1741070353577;3906
2;1741070355340;3907
2;1741070359800;3908
2;1741070374699;3909
2;1741070381638;3910
2;1741070383448;3911
2;1741070393817;3912
2;1741070394512;3913
2;1741070395554;3914
2;1741070396396;3915
2;1741070408633;3916
2;1741070418584;3917
2;1741070421887;3918
2;1741070428028;3919
2;1741070429428;3920
2;1741070433787;3921
2;1741070446643;3922
2;1741070448937;3923
2;1741070448976;3924
2;1741070450775;3925
2;1741070456619;3926
2;1741070470752;3927
2;1741070472376;3928
2;1741070477156;3929
2;1741070481103;3930
2;1741070487627;3931
2;1741070492829;3932
2;1741070495460;3933
2;1741070503015;3934
2;1741070504680;3935
2;1741070519140;3936
2;1741070519431;3937
2;1741070521049;3938
2;1741070523006;3939
2;1741070531815;3940
2;1741070532759;3941
2;1741070534565;3942
2;1741070535901;3943
2;1741070547528;3944
2;1741070557367;3945
2;1741070564937;3946
2;1741070566143;3947
2;1741070568565;3948
2;1741070574973;3949
2;1741070576031;3950
2;1741070580835;3951
2;1741070585119;3952
2;1741070588604;3953
2;1741070596886;3954
2;1741070597236;3955
2;1741070598985;3956
2;1741070615438;3957
2;1741070620840;3958
2;1741070623731;3959
2;1741070627563;3960
2;1741070628578;3961
2;1741070629876;3962
2;1741070637563;3963
2;1741070651434;3964
2;1741070666725;3965
2;1741070672439;3966
2;1741070672953;3967
2;1741070674991;3968
2;1741070677365;3969
2;1741070685405;3970
2;1741070687882;3971
2;1741070693731;3972
2;1741070696666;3973
2;1741070697479;3974
2;1741070698710;3975
2;1741070708589;3976
2;1741070716430;3977
2;1741070717664;3978
2;1741070719598;3979
2;1741070721961;3980
2;1741070729166;3981
2;1741070741359;3982
2;1741070741443;3983
2;1741070743481;3984
2;1741070754406;3985
2;1741070756723;3986
2;1741070761212;3987
2;1741070779507;3988
2;1741070782009;3989
2;1741070782537;3990
2;1741070782898;3991
2;1741070785318;3992
2;1741070786886;3993
2;1741070792010;3994
2;1741070804543;3995
2;1741070805884;3996
2;1741070807329;3997
2;1741070817427;3998
2;1741070826090;3999
2;1741070828710;4000
2;1741070837200;4001
2;1741070837382;4002
2;1741070839074;4003
2;1741070852674;4004
2;1741070860689;4005
2;1741070861700;4006
2;1741070861722;4007
2;1741070861827;4008
2;1741070867267;4009
2;1741070872280;4010
2;1741070887693;4011
2;1741070894476;4012
2;1741070900269;4013
2;1741070901585;4014
2;1741070910579;4015
2;1741070911433;4016
2;1741070913409;4017
2;1741070919202;4018
2;1741070920399;4019
2;1741070932921;4020
2;1741070934123;4021
2;1741070937427;4022
2;1741070938614;4023
2;1741070942112;4024
2;1741070944630;4025
2;1741070954632;4026
2;1741070958840;4027
2;1741070963049;4028
2;1741070963604;4029
2;1741070968052;4030
2;1741070973559;4031
2;1741070974088;4032
2;1741070982640;4033
2;1741070994623;4034
2;1741071004999;4035
2;1741071012227;4036
2;1741071017213;4037
2;1741071021890;4038
2;1741071022290;4039
2;1741071038835;4040
2;1741071039321;4041
2;1741071045554;4042
2;1741071047856;4043
2;1741071048949;4044
2;1741071054756;4045
2;1741071058679;4046
2;1741071060033;4047
2;1741071062000;4048
2;1741071073035;4049
2;1741071079653;4050
2;1741071082243;4051
2;1741071084042;4052
2;1741071087985;4053
2;1741071093268;4054
2;1741071098839;4055
2;1741071110179;4056
2;1741071111641;4057
2;1741071113053;4058
2;1741071117871;4059
2;1741071133518;4060
2;1741071135859;4061
2;1741071141050;4062
2;1741071144503;4063
2;1741071151244;4064
2;1741071156527;4065
2;1741071158303;4066
2;1741071160085;4067
2;1741071170513;4068
2;1741071172052;4069
2;1741071182872;4070
2;1741071186753;4071
2;1741071191540;4072
2;1741071191771;4073
2;1741071195599;4074
2;1741071198848;4075
2;1741071209649;4076
2;1741071218635;4077
2;1741071225783;4078
2;1741071225964;4079
2;1741071228719;4080
2;1741071240958;4081
2;1741071241832;4082
2;1741071245301;4083
2;1741071245597;4084
2;1741071245610;4085
2;1741071252364;4086
2;1741071268387;4087
2;1741071270194;4088
2;1741071273881;4089
2;1741071275514;4090
2;1741071276761;4091
2;1741071293976;4092
2;1741071295367;4093
2;1741071295380;4094
2;1741071303950;4095
2;1741071308068;4096
2;1741071314510;4097
2;1741071321918;4098
2;1741071328387;4099
2;1741071330362;4100
2;1741071330824;4101
2;1741071336958;4102
2;1741071340566;4103
2;1741071354096;4104
2;1741071354650;4105
2;1741071358665;4106
2;1741071361124;4107
2;1741071377723;4108
2;1741071381447;4109
2;1741071385518;4110
2;1741071387076;4111
2;1741071388844;4112
2;1741071389429;4113
2;1741071391049;4114
2;1741071409054;4115
2;1741071410619;4116
2;1741071413879;4117
3;1741071415839;1
2;1741071417302;4118
2;1741071421248;4119
2;1741071423808;4120
2;1741071432656;4121
2;1741071436891;4122
2;1741071442922;4123
2;1741071452816;4124
2;1741071453780;4125
2;1741071454822;4126
2;1741071463507;4127
2;1741071463523;4128
2;1741071466585;4129
2;1741071471372;4130
2;1741071482345;4131
2;1741071492289;4132
2;1741071493448;4133
2;1741071494047;4134
2;1741071496368;4135
2;1741071497886;4136
2;1741071508795;4137
2;1741071512094;4138
2;1741071523600;4139
2;1741071528768;4140
2;1741071529431;4141
2;1741071543976;4142
2;1741071547245;4143
2;1741071548043;4144
2;1741071550760;4145
2;1741071565924;4146
2;1741071566050;4147
2;1741071567685;4148
2;1741071569007;4149
2;1741071582404;4150
2;1741071584163;4151
2;1741071595256;4152
2;1741071600227;4153
2;1741071600594;4154
2;1741071600831;4155
2;1741071602355;4156
2;1741071611311;4157
2;1741071613908;4158
2;1741071614766;4159
2;1741071621081;4160
2;1741071629136;4161
2;1741071636062;4162
2;1741071649042;4163
2;1741071652023;4164
2;1741071657448;4165
2;1741071662767;4166
2;1741071662825;4167
2;1741071667438;4168
2;1741071673470;4169
2;1741071673909;4170
2;1741071676557;4171
2;1741071694913;4172
2;1741071695154;4173
2;1741071701828;4174
2;1741071705225;4175
2;1741071706177;4176
2;1741071708105;4177
2;1741071714088;4178
2;1741071724253;4179
2;1741071725628;4180
2;1741071736093;4181
2;1741071748114;4182
2;1741071751039;4183
2;1741071752625;4184
2;1741071756453;4185
2;1741071762744;4186
2;1741071769844;4187
2;1741071771947;4188
2;1741071775777;4189
2;1741071777549;4190
2;1741071777788;4191
2;1741071778507;4192
2;1741071789345;4193
2;1741071801343;4194
2;1741071805243;4195
2;1741071808458;4196
2;1741071808666;4197
2;1741071814480;4198
2;1741071822988;4199
2;1741071825463;4200
2;1741071829608;4201
2;1741071830163;4202
2;1741071840737;4203
2;1741071848661;4204
2;1741071848900;4205
2;1741071852344;4206
2;1741071865131;4207
2;1741071872514;4208
2;1741071878129;4209
2;1741071879108;4210
2;1741071879539;4211
2;1741071883800;4212
2;1741071886784;4213
2;1741071897040;4214
2;1741071906695;4215
2;1741071913777;4216
2;1741071914937;4217
2;1741071920745;4218
2;1741071935433;4219
2;1741071936753;4220
2;1741071937840;4221
2;1741071938121;4222
2;1741071945575;4223
2;1741071948170;4224
2;1741071949926;4225
2;1741071955958;4226
2;1741071955988;4227
2;1741071967529;4228
2;1741071968623;4229
2;1741071971207;4230
2;1741071986014;4231
2;1741071993055;4232
2;1741071997413;4233
2;1741072000038;4234
2;1741072002244;4235
2;1741072006267;4236
2;1741072008333;4237
2;1741072014074;4238
2;1741072020482;4239
2;1741072026390;4240
2;1741072032160;4241
2;1741072034769;4242
2;1741072048418;4243
2;1741072050978;4244
2;1741072051155;4245
2;1741072054212;4246
2;1741072067701;4247
2;1741072071186;4248
2;1741072073455;4249
2;1741072074872;4250
2;1741072075628;4251
2;1741072091144;4252
2;1741072097137;4253
2;1741072099884;4254
2;1741072100004;4255
2;1741072105079;4256
2;1741072109148;4257
2;1741072112926;4258
2;1741072115641;4259
2;1741072123306;4260
2;1741072130457;4261
2;1741072133839;4262
2;1741072134663;4263
2;1741072140605;4264
2;1741072147922;4265
2;1741072148408;4266
2;1741072164420;4267
2;1741072165762;4268
2;1741072168919;4269
2;1741072170265;4270
2;1741072175854;4271
2;1741072187382;4272
2;1741072188623;4273
2;1741072202734;4274
2;1741072203309;4275
2;1741072205591;4276
2;1741072223276;4277
2;1741072224160;4278
2;1741072224825;4279
2;1741072225017;4280
2;1741072227325;4281
2;1741072238051;4282
2;1741072243059;4283
2;1741072244956;4284
2;1741072246659;4285
2;1741072256421;4286
2;1741072259636;4287
2;1741072260190;4288
2;1741072270972;4289
2;1741072279481;4290
2;1741072280520;4291
2;1741072288724;4292
2;1741072294596;4293
2;1741072308586;4294
2;1741072310892;4295
2;1741072318648;4296
2;1741072320784;4297
2;1741072321708;4298
2;1741072330411;4299
2;1741072332634;4300
2;1741072343218;4301
2;1741072344255;4302
2;1741072349294;4303
2;1741072352051;4304
2;1741072353241;4305
2;1741072353533;4306
2;1741072369167;4307
2;1741072372718;4308
2;1741072373295;4309
2;1741072373670;4310
2;1741072381779;4311
2;1741072384291;4312
2;1741072387502;4313
2;1741072393631;4314
2;1741072403631;4315
2;1741072404958;4316
2;1741072405916;4317
2;1741072414087;4318
2;1741072433348;4319
2;1741072439060;4320
2;1741072440474;4321
2;1741072443756;4322
2;1741072444803;4323
2;1741072445424;4324
2;1741072450058;4325
2;1741072451953;4326
2;1741072458540;4327
2;1741072463398;4328
2;1741072464943;4329
2;1741072465491;4330
2;1741072473794;4331
2;1741072489282;4332
2;1741072492210;4333
2;1741072499476;4334
2;1741072502486;4335
2;1741072507059;4336
2;1741072521106;4337
2;1741072522136;4338
2;1741072523181;4339
2;1741072525598;4340
2;1741072531168;4341
2;1741072534787;4342
2;1741072536558;4343
2;1741072537919;4344
2;1741072546650;4345
2;1741072556917;4346
2;1741072557922;4347
2;1741072568498;4348
2;1741072574128;4349
2;1741072576812;4350
2;1741072592129;4351
2;1741072594376;4352
2;1741072603513;4353
2;1741072603833;4354
2;1741072604533;4355
2;1741072606709;4356
2;1741072612192;4357
2;1741072613635;4358
2;1741072622908;4359
2;1741072624508;4360
2;1741072631783;4361
2;1741072637004;4362
2;1741072646243;4363
2;1741072648329;4364
2;1741072653830;4365
2;1741072653870;4366
2;1741072656756;4367
2;1741072672086;4368
2;1741072676514;4369
2;1741072680852;4370
2;1741072687687;4371
2;1741072694914;4372
2;1741072698290;4373
2;1741072699170;4374
2;1741072702864;4375
2;1741072703186;4376
2;1741072703662;4377
2;1741072716023;4378
2;1741072725007;4379
2;1741072731403;4380
2;1741072747470;4381
2;1741072747909;4382
2;1741072750335;4383
2;1741072750826;4384
2;1741072753378;4385
2;1741072758135;4386
2;1741072758688;4387
2;1741072762577;4388
2;1741072774990;4389
2;1741072777011;4390
2;1741072782990;4391
2;1741072784056;4392
2;1741072791853;4393
2;1741072799347;4394
2;1741072805426;4395
2;1741072814330;4396
2;1741072815979;4397
2;1741072816912;4398
2;1741072817697;4399
2;1741072826672;4400
2;1741072832621;4401
2;1741072840659;4402
2;1741072845637;4403
2;1741072851337;4404
2;1741072853316;4405
2;1741072860615;4406
2;1741072861433;4407
2;1741072867386;4408
2;1741072872424;4409
2;1741072874203;4410
2;1741072877013;4411
2;1741072885655;4412
2;1741072896675;4413
2;1741072899255;4414
2;1741072903835;4415
2;1741072918995;4416
2;1741072919990;4417
2;1741072922110;4418
2;1741072927474;4419
2;1741072933344;4420
2;1741072942156;4421
2;1741072943812;4422
2;1741072943963;4423
2;1741072949153;4424
2;1741072963223;4425
2;1741072967469;4426
2;1741072971217;4427
2;1741072972934;4428
2;1741072980071;4429
2;1741072983627;4430
2;1741072986584;4431
2;1741072989755;4432
2;1741072996053;4433
2;1741072997076;4434
2;1741072997304;4435
2;1741073010937;4436
2;1741073012931;4437
2;1741073019436;4438
2;1741073021256;4439
2;1741073025600;4440
2;1741073045287;4441
2;1741073046385;4442
2;1741073052097;4443
2;1741073052643;4444
2;1741073052948;4445
2;1741073055317;4446
2;1741073063820;4447
2;1741073066273;4448
2;1741073074629;4449
2;1741073079250;4450
2;1741073084405;4451
2;1741073088135;4452
2;1741073092223;4453
2;1741073106480;4454
2;1741073112654;4455
2;1741073114763;4456
2;1741073116350;4457
2;1741073122535;4458
2;1741073124048;4459
2;1741073129074;4460
2;1741073140362;4461
2;1741073144600;4462
2;1741073145146;4463
2;1741073149305;4464
2;1741073150057;4465
2;1741073161602;4466
2;1741073170123;4467
2;1741073171227;4468
2;1741073177820;4469
2;1741073184534;4470
2;1741073185157;4471
2;1741073188679;4472
2;1741073192231;4473
2;1741073202209;4474
2;1741073212103;4475
2;1741073215429;4476
2;1741073217786;4477
2;1741073221100;4478
2;1741073221363;4479
2;1741073222273;4480
2;1741073223236;4481
2;1741073230224;4482
2;1741073233516;4483
2;1741073245566;4484
2;1741073258273;4485
2;1741073263850;4486
2;1741073265358;4487
2;1741073267918;4488
2;1741073268779;4489
2;1741073272076;4490
2;1741073289353;4491
2;1741073291273;4492
2;1741073292111;4493
2;1741073294929;4494
2;1741073299494;4495
2;1741073305500;4496
2;1741073305888;4497
2;1741073317572;4498
2;1741073319185;4499
2;1741073328923;4500
2;1741073331770;4501
2;1741073336031;4502
2;1741073349158;4503
2;1741073352253;4504
2;1741073354219;4505
2;1741073355411;4506
2;1741073356621;4507
2;1741073360021;4508
2;1741073365491;4509
2;1741073382104;4510
2;1741073384048;4511
2;1741073387794;4512
2;1741073389091;4513
2;1741073390343;4514
2;1741073398232;4515
2;1741073404623;4516
2;1741073408011;4517
2;1741073417848;4518
2;1741073423618;4519
2;1741073424862;4520
2;1741073442763;4521
2;1741073446540;4522
2;1741073452210;4523
2;1741073453222;4524
2;1741073453573;4525
2;1741073454655;4526
2;1741073461908;4527
2;1741073464893;4528
2;1741073483022;4529
2;1741073485770;4530
2;1741073486289;4531
2;1741073488276;4532
2;1741073494654;4533
2;1741073497838;4534
2;1741073498059;4535
2;1741073498576;4536
2;1741073515039;4537
2;1741073521172;4538
2;1741073523604;4539
2;1741073525824;4540
2;1741073528002;4541
2;1741073532383;4542
2;1741073534663;4543
2;1741073541528;4544
2;1741073556450;4545
2;1741073559454;4546
2;1741073568666;4547
2;1741073578471;4548
2;1741073586914;4549
2;1741073587486;4550
2;1741073588037;4551
2;1741073589158;4552
2;1741073591061;4553
2;1741073596732;4554
2;1741073599286;4555
2;1741073607529;4556
2;1741073608825;4557
2;1741073616993;4558
2;1741073622871;4559
2;1741073638915;4560
2;1741073642200;4561
2;1741073644100;4562
2;1741073649013;4563
2;1741073649069;4564
2;1741073654505;4565
2;1741073657609;4566
2;1741073661527;4567
2;1741073665100;4568
2;1741073665180;4569
2;1741073667904;4570
2;1741073678064;4571
2;1741073696669;4572
2;1741073698136;4573
2;1741073699452;4574
2;1741073700030;4575
2;1741073709130;4576
2;1741073720673;4577
2;1741073720697;4578
2;1741073722397;4579
2;1741073729738;4580
2;1741073734055;4581
2;1741073735649;4582
2;1741073736545;4583
2;1741073753789;4584
2;1741073755053;4585
2;1741073757673;4586
2;1741073760321;4587
2;1741073763059;4588
2;1741073766234;4589
2;1741073782364;4590
2;1741073790959;4591
2;1741073793604;4592
2;1741073794251;4593
2;1741073803632;4594
2;1741073803749;4595
2;1741073808369;4596
2;1741073813283;4597
2;1741073824072;4598
2;1741073828565;4599
2;1741073828883;4600
2;1741073834437;4601
2;1741073842410;4602
2;1741073851292;4603
2;1741073852196;4604
2;1741073853882;4605
2;1741073860424;4606
2;1741073860482;4607
2;1741073863255;4608
2;1741073863981;4609
2;1741073879499;4610
2;1741073882355;4611
2;1741073888701;4612
2;1741073894357;4613
2;1741073900553;4614
2;1741073903025;4615
2;1741073912904;4616
2;1741073918554;4617
2;1741073925376;4618
2;1741073925682;4619
2;1741073925753;4620
2;1741073926880;4621
2;1741073929663;4622
2;1741073935563;4623
2;1741073943689;4624
2;1741073954088;4625
2;1741073958511;4626
2;1741073964686;4627
2;1741073966019;4628
2;1741073970651;4629
2;1741073979528;4630
2;1741073979631;4631
2;1741073981621;4632
2;1741074001052;4633
2;1741074002402;4634
2;1741074012250;4635
2;1741074014930;4636
2;1741074016908;4637
2;1741074023338;4638
2;1741074027304;4639
2;1741074032568;4640
2;1741074033645;4641
2;1741074038192;4642
2;1741074040797;4643
2;1741074043260;4644
2;1741074043432;4645
2;1741074044037;4646
2;1741074050439;4647
2;1741074068985;4648
2;1741074071329;4649
2;1741074073300;4650
2;1741074082821;4651
2;1741074093564;4652
2;1741074095336;4653
2;1741074096067;4654
2;1741074096443;4655
2;1741074102928;4656
2;1741074112054;4657
2;1741074115438;4658
2;1741074118616;4659
2;1741074123044;4660
2;1741074131504;4661
2;1741074137386;4662
2;1741074141495;4663
2;1741074141638;4664
2;1741074165034;4665
2;1741074167958;4666
2;1741074167975;4667
2;1741074170783;4668
2;1741074177037;4669
2;1741074180647;4670
2;1741074186168;4671
2;1741074187665;4672
2;1741074194159;4673
2;1741074194357;4674
2;1741074196120;4675
2;1741074202187;4676
2;1741074212218;4677
2;1741074225927;4678
2;1741074234072;4679
2;1741074235195;4680
2;1741074239806;4681
2;1741074243045;4682
2;1741074247210;4683
2;1741074252404;4684
2;1741074254102;4685
2;1741074256089;4686
2;1741074259624;4687
2;1741074259707;4688
2;1741074273591;4689
2;1741074283718;4690
2;1741074284430;4691
2;1741074296235;4692
2;1741074296806;4693
2;1741074298600;4694
2;1741074299880;4695
2;1741074304817;4696
2;1741074312603;4697
2;1741074315099;4698
2;1741074315587;4699
2;1741074321589;4700
2;1741074330049;4701
2;1741074340965;4702
2;1741074344694;4703
2;1741074345038;4704
2;1741074351274;4705
2;1741074360402;4706
2;1741074370031;4707
2;1741074374401;4708
2;1741074376992;4709
2;1741074383494;4710
2;1741074397858;4711
2;1741074401230;4712
2;1741074402662;4713
2;1741074405248;4714
2;1741074408352;4715
2;1741074410765;4716
2;1741074413011;4717
2;1741074413258;4718
2;1741074416213;4719
2;1741074416882;4720
2;1741074419074;4721
2;1741074434902;4722
2;1741074438428;4723
2;1741074452488;4724
2;1741074459101;4725
2;1741074471700;4726
2;1741074473370;4727
2;1741074475217;4728
2;1741074475237;4729
2;1741074481120;4730
2;1741074483214;4731
2;1741074487621;4732
2;1741074488090;4733
2;1741074496267;4734
2;1741074504376;4735
2;1741074507728;4736
2;1741074510638;4737
2;1741074520921;4738
2;1741074522067;4739
2;1741074532223;4740
2;1741074543781;4741
2;1741074544498;4742
2;1741074545597;4743
2;1741074549847;4744
2;1741074552904;4745
2;1741074561522;4746
2;1741074566634;4747
2;1741074571425;4748
2;1741074573165;4749
2;1741074575314;4750
2;1741074577250;4751
2;1741074589217;4752
2;1741074595451;4753
2;1741074599592;4754
2;1741074600247;4755
2;1741074605133;4756
2;1741074605775;4757
2;1741074609720;4758
2;1741074623727;4759
2;1741074623746;4760
2;1741074629596;4761
2;1741074634367;4762
2;1741074640707;4763
2;1741074643347;4764
2;1741074655535;4765
2;1741074662705;4766
2;1741074665575;4767
2;1741074668232;4768
2;1741074672453;4769
2;1741074673541;4770
2;1741074684132;4771
2;1741074687716;4772
2;1741074689960;4773
2;1741074697360;4774
2;1741074701775;4775
2;1741074704871;4776
2;1741074709738;4777
2;1741074713223;4778
2;1741074722017;4779
2;1741074722816;4780
2;1741074724725;4781
2;1741074726704;4782
2;1741074743520;4783
2;1741074745946;4784
2;1741074755718;4785
2;1741074759317;4786
2;1741074769070;4787
2;1741074770642;4788
2;1741074785323;4789
2;1741074786021;4790
2;1741074789689;4791
2;1741074792458;4792
2;1741074793500;4793
2;1741074794189;4794
2;1741074794797;4795
2;1741074807378;4796
2;1741074813188;4797
2;1741074813787;4798
2;1741074822293;4799
2;1741074831461;4800
2;1741074837827;4801
2;1741074838037;4802
2;1741074838274;4803
2;1741074839503;4804
2;1741074847422;4805
2;1741074855216;4806
2;1741074858392;4807
2;1741074866590;4808
2;1741074869265;4809
2;1741074874406;4810
2;1741074877159;4811
2;1741074887045;4812
2;1741074888763;4813
2;1741074894397;4814
2;1741074899694;4815
2;1741074900340;4816
2;1741074901597;4817
2;1741074903547;4818
2;1741074932293;4819
2;1741074933724;4820
2;1741074937002;4821
2;1741074940669;4822
2;1741074942842;4823
2;1741074942882;4824
2;1741074952892;4825
2;1741074957714;4826
2;1741074959623;4827
2;1741074970434;4828
2;1741074981860;4829
2;1741074986762;4830
2;1741074989407;4831
2;1741074990475;4832
2;1741074990560;4833
2;1741074991709;4834
2;1741074992395;4835
2;1741075013883;4836
2;1741075022733;4837
2;1741075023410;4838
2;1741075032609;4839
2;1741075033153;4840
2;1741075036699;4841
2;1741075039779;4842
2;1741075041049;4843
2;1741075046363;4844
2;1741075057803;4845
2;1741075059380;4846
2;1741075067630;4847
2;1741075071457;4848
2;1741075072011;4849
2;1741075073742;4850
2;1741075089441;4851
2;1741075094729;4852
2;1741075095282;4853
2;1741075098675;4854
2;1741075107187;4855
2;1741075108072;4856
2;1741075110524;4857
2;1741075116006;4858
2;1741075119618;4859
2;1741075126116;4860
2;1741075127436;4861
2;1741075128103;4862
2;1741075137350;4863
2;1741075153551;4864
2;1741075153932;4865
2;1741075161571;4866
2;1741075170424;4867
2;1741075172241;4868
2;1741075178590;4869
2;1741075185287;4870
2;1741075186642;4871
2;1741075188516;4872
2;1741075194849;4873
2;1741075199955;4874
2;1741075201354;4875
2;1741075201549;4876
2;1741075213414;4877
2;1741075221887;4878
2;1741075222529;4879
2;1741075228616;4880
2;1741075244898;4881
2;1741075247085;4882
2;1741075248030;4883
2;1741075251091;4884
2;1741075253374;4885
2;1741075254326;4886
2;1741075258478;4887
2;1741075262608;4888
2;1741075264750;4889
2;1741075283697;4890
2;1741075289998;4891
2;1741075302625;4892
2;1741075307231;4893
2;1741075307345;4894
2;1741075311921;4895
2;1741075315161;4896
2;1741075317084;4897
2;1741075325504;4898
2;1741075329618;4899
2;1741075329916;4900
2;1741075336124;4901
2;1741075338425;4902
2;1741075341412;4903
2;1741075343322;4904
2;1741075344004;4905
2;1741075351709;4906
2;1741075357731;4907
2;1741075370249;4908
2;1741075373056;4909
2;1741075386895;4910
2;1741075392816;4911
2;1741075394171;4912
2;1741075395123;4913
2;1741075397533;4914
2;1741075398707;4915
2;1741075409359;4916
2;1741075413082;4917
2;1741075420871;4918
2;1741075421093;4919
2;1741075421883;4920
2;1741075426327;4921
2;1741075449251;4922
2;1741075451061;4923
2;1741075451199;4924
2;1741075451735;4925
2;1741075452683;4926
2;1741075459525;4927
2;1741075460184;4928
2;1741075477551;4929
2;1741075483859;4930
2;1741075484725;4931
2;1741075484985;4932
2;1741075498182;4933
2;1741075500406;4934
2;1741075503187;4935
2;1741075505005;4936
2;1741075508464;4937
2;1741075520526;4938
2;1741075523530;4939
2;1741075524416;4940
2;1741075526194;4941
2;1741075543104;4942
2;1741075548472;4943
2;1741075549380;4944
2;1741075556705;4945
2;1741075567231;4946
2;1741075569417;4947
2;1741075569698;4948
2;1741075575393;4949
2;1741075576776;4950
2;1741075590805;4951
2;1741075599304;4952
2;1741075601704;4953
2;1741075602067;4954
2;1741075608061;4955
2;1741075609680;4956
2;1741075611846;4957
2;1741075614007;4958
2;1741075631014;4959
2;1741075637169;4960
2;1741075638114;4961
2;1741075640889;4962
2;1741075641549;4963
2;1741075648658;4964
2;1741075653126;4965
2;1741075654747;4966
2;1741075655588;4967
2;1741075668024;4968
2;1741075673235;4969
2;1741075682413;4970
2;1741075683852;4971
2;1741075691540;4972
2;1741075699127;4973
2;1741075700376;4974
2;1741075702387;4975
2;1741075712592;4976
2;1741075713020;4977
2;1741075714989;4978
2;1741075726780;4979
2;1741075727989;4980
2;1741075729626;4981
2;1741075732572;4982
2;1741075742793;4983
2;1741075749943;4984
2;1741075760207;4985
2;1741075763778;4986
2;1741075764153;4987
2;1741075767298;4988
2;1741075772207;4989
2;1741075788590;4990
2;1741075796973;4991
2;1741075803060;4992
2;1741075803656;4993
2;1741075803927;4994
2;1741075807688;4995
2;1741075808171;4996
2;1741075812435;4997
2;1741075813144;4998
2;1741075813388;4999
2;1741075820253;5000
2;1741075825506;5001
2;1741075828010;5002
2;1741075839879;5003
2;1741075855460;5004
2;1741075858586;5005
2;1741075862851;5006
2;1741075867572;5007
2;1741075874224;5008
2;1741075875504;5009
2;1741075877175;5010
2;1741075877405;5011
2;1741075878188;5012
2;1741075880173;5013
2;1741075885192;5014
2;1741075905598;5015
2;1741075912897;5016
2;1741075914383;5017
2;1741075919340;5018
2;1741075922117;5019
2;1741075930606;5020
2;1741075934370;5021
2;1741075938210;5022
2;1741075950189;5023
2;1741075950644;5024
2;1741075951364;5025
2;1741075953034;5026
2;1741075958821;5027
2;1741075969450;5028
2;1741075977799;5029
2;1741075978821;5030
2;1741075980979;5031
2;1741075982422;5032
2;1741075992887;5033
2;1741075993361;5034
2;1741075998148;5035
2;1741075999508;5036
2;1741076011877;5037
2;1741076015699;5038
2;1741076035300;5039
2;1741076035539;5040
2;1741076040146;5041
2;1741076047525;5042
2;1741076048108;5043
2;1741076052997;5044
2;1741076056466;5045
2;1741076057324;5046
2;1741076070413;5047
2;1741076071071;5048
2;1741076072456;5049
2;1741076077267;5050
2;1741076082511;5051
2;1741076085637;5052
2;1741076103861;5053
2;1741076106727;5054
2;1741076109908;5055
2;1741076112699;5056
2;1741076112737;5057
2;1741076116873;5058
2;1741076119531;5059
2;1741076125878;5060
2;1741076141514;5061
2;1741076143378;5062
2;1741076143884;5063
2;1741076144437;5064
2;1741076151457;5065
2;1741076160761;5066
2;1741076163383;5067
2;1741076170610;5068
2;1741076173858;5069
2;1741076175185;5070
2;1741076179048;5071
2;1741076188573;5072
2;1741076198731;5073
2;1741076199808;5074
2;1741076199884;5075
2;1741076204791;5076
2;1741076211995;5077
2;1741076215354;5078
2;1741076217835;5079
2;1741076225482;5080
2;1741076227591;5081
2;1741076230125;5082
2;1741076241011;5083
2;1741076241957;5084
2;1741076252984;5085
2;1741076256544;5086
2;1741076261918;5087
2;1741076277694;5088
2;1741076278791;5089
2;1741076288559;5090
2;1741076290615;5091
2;1741076292822;5092
2;1741076294503;5093
2;1741076300843;5094
2;1741076306016;5095
2;1741076310996;5096
2;1741076311297;5097
2;1741076313356;5098
2;1741076317501;5099
2;1741076331494;5100
2;1741076334451;5101
2;1741076335744;5102
2;1741076347121;5103
2;1741076348405;5104
2;1741076350178;5105
2;1741076356040;5106
2;1741076366404;5107
2;1741076367391;5108
2;1741076372865;5109
2;1741076380296;5110
2;1741076381793;5111
2;1741076386478;5112
2;1741076398883;5113
2;1741076399760;5114
2;1741076407711;5115
2;1741076410888;5116
2;1741076411353;5117
2;1741076412911;5118
2;1741076413238;5119
2;1741076434494;5120
2;1741076436184;5121
2;1741076445858;5122
2;1741076446550;5123
2;1741076447236;5124
2;1741076449100;5125
2;1741076452896;5126
2;1741076461118;5127
2;1741076469614;5128
2;1741076471276;5129
2;1741076479276;5130
2;1741076483914;5131
2;1741076496163;5132
2;1741076498042;5133
2;1741076498874;5134
2;1741076499937;5135
2;1741076512510;5136
2;1741076514951;5137
2;1741076524596;5138
2;1741076528833;5139
2;1741076530277;5140
2;1741076547297;5141
2;1741076551207;5142
2;1741076552571;5143
2;1741076553599;5144
2;1741076557124;5145
2;1741076562781;5146
2;1741076565617;5147
2;1741076567749;5148
2;1741076581509;5149
2;1741076590982;5150
2;1741076593607;5151
2;1741076597138;5152
2;1741076599799;5153
2;1741076602909;5154
2;1741076602925;5155
2;1741076611917;5156
2;1741076613555;5157
2;1741076616403;5158
2;1741076620730;5159
2;1741076635079;5160
2;1741076637138;5161
2;1741076645337;5162
2;1741076646571;5163
2;1741076654747;5164
2;1741076655565;5165
2;1741076659090;5166
2;1741076670524;5167
2;1741076671062;5168
2;1741076682475;5169
2;1741076685217;5170
2;1741076687661;5171
2;1741076690951;5172
2;1741076692697;5173
2;1741076699171;5174
2;1741076709677;5175
2;1741076710590;5176
2;1741076716796;5177
2;1741076721132;5178
2;1741076723052;5179
2;1741076731695;5180
2;1741076741602;5181
2;1741076743378;5182
2;1741076746695;5183
2;1741076750082;5184
2;1741076758601;5185
2;1741076762268;5186
2;1741076763180;5187
2;1741076764969;5188
2;1741076775730;5189
2;1741076781106;5190
2;1741076785112;5191
2;1741076796213;5192
2;1741076796248;5193
2;1741076797599;5194
2;1741076804872;5195
2;1741076808977;5196
2;1741076817899;5197
2;1741076818006;5198
2;1741076823799;5199
2;1741076825097;5200
2;1741076827311;5201
2;1741076831195;5202
2;1741076848542;5203
2;1741076850349;5204
2;1741076857611;5205
2;1741076865615;5206
2;1741076866753;5207
2;1741076868941;5208
2;1741076872410;5209
2;1741076876388;5210
2;1741076880212;5211
2;1741076883434;5212
2;1741076890205;5213
2;1741076893085;5214
2;1741076904853;5215
2;1741076907195;5216
2;1741076916226;5217
2;1741076923769;5218
2;1741076926076;5219
2;1741076927733;5220
2;1741076929222;5221
2;1741076933641;5222
2;1741076939020;5223
2;1741076940114;5224
2;1741076942546;5225
2;1741076956660;5226
2;1741076959333;5227
2;1741076965079;5228
2;1741076977563;5229
2;1741076983021;5230
2;1741076984416;5231
2;1741076988882;5232
2;1741076993829;5233
2;1741076997263;5234
2;1741077010725;5235
2;1741077012568;5236
2;1741077013130;5237
2;1741077020501;5238
2;1741077021908;5239
2;1741077029618;5240
2;1741077030349;5241
2;1741077039760;5242
2;1741077044885;5243
2;1741077048718;5244
2;1741077052334;5245
2;1741077057316;5246
2;1741077062696;5247
2;1741077065290;5248
2;1741077072034;5249
2;1741077073414;5250
2;1741077075402;5251
2;1741077075782;5252
2;1741077099504;5253
2;1741077100701;5254
2;1741077107361;5255
2;1741077109969;5256
2;1741077112924;5257
2;1741077116627;5258
2;1741077118322;5259
2;1741077124375;5260
2;1741077132865;5261
2;1741077134308;5262
2;1741077137723;5263
2;1741077152049;5264
2;1741077152569;5265
2;1741077153218;5266
2;1741077153964;5267
2;1741077160372;5268
2;1741077168228;5269
2;1741077177859;5270
2;1741077180979;5271
2;1741077181864;5272
2;1741077193684;5273
2;1741077195371;5274
2;1741077201460;5275
2;1741077209632;5276
2;1741077210473;5277
2;1741077218964;5278
2;1741077220346;5279
2;1741077231795;5280
2;1741077232922;5281
2;1741077238641;5282
2;1741077241002;5283
2;1741077242891;5284
2;1741077249717;5285
2;1741077258729;5286
2;1741077267116;5287
2;1741077267613;5288
2;1741077270194;5289
2;1741077273188;5290
2;1741077284011;5291
2;1741077291186;5292
2;1741077298586;5293
2;1741077299313;5294
2;1741077302815;5295
2;1741077305147;5296
2;1741077317436;5297
2;1741077320723;5298
2;1741077323608;5299
2;1741077327797;5300
2;1741077334056;5301
2;1741077335150;5302
2;1741077335624;5303
2;1741077339498;5304
2;1741077344189;5305
2;1741077354862;5306
2;1741077369430;5307
2;1741077371430;5308
2;1741077376566;5309
2;1741077377748;5310
2;1741077382141;5311
2;1741077387224;5312
2;1741077402138;5313
2;1741077407672;5314
2;1741077412262;5315
2;1741077412860;5316
2;1741077416776;5317
2;1741077420565;5318
2;1741077428570;5319
2;1741077429091;5320
2;1741077430495;5321
2;1741077436376;5322
2;1741077440182;5323
2;1741077447865;5324
2;1741077449756;5325
2;1741077453923;5326
2;1741077460938;5327
2;1741077463259;5328
2;1741077473436;5329
2;1741077479091;5330
2;1741077484599;5331
2;1741077487701;5332
2;1741077492591;5333
2;1741077495052;5334
2;1741077500022;5335
2;1741077510699;5336
2;1741077518715;5337
2;1741077519122;5338
2;1741077521988;5339
2;1741077522816;5340
2;1741077524513;5341
2;1741077544576;5342
2;1741077553706;5343
2;1741077558340;5344
2;1741077558918;5345
2;1741077559012;5346
2;1741077562253;5347
2;1741077568006;5348
2;1741077577608;5349
2;1741077578028;5350
2;1741077578423;5351
2;1741077584378;5352
2;1741077592630;5353
2;1741077598678;5354
2;1741077600786;5355
2;1741077603835;5356
2;1741077613703;5357
2;1741077620024;5358
2;1741077622247;5359
2;1741077624523;5360
2;1741077624896;5361
2;1741077629449;5362
2;1741077635128;5363
2;1741077638954;5364
2;1741077645749;5365
2;1741077663687;5366
2;1741077669481;5367
2;1741077671363;5368
2;1741077673779;5369
2;1741077683264;5370
2;1741077688617;5371
2;1741077692372;5372
2;1741077695773;5373
2;1741077705854;5374
2;1741077707294;5375
2;1741077708615;5376
2;1741077710490;5377
2;1741077723694;5378
2;1741077724690;5379
2;1741077724735;5380
2;1741077731430;5381
2;1741077736287;5382
2;1741077739233;5383
2;1741077751340;5384
2;1741077756831;5385
2;1741077758245;5386
2;1741077762634;5387
2;1741077775332;5388
2;1741077777640;5389
2;1741077784813;5390
2;1741077786008;5391
2;1741077788453;5392
2;1741077798418;5393
2;1741077800451;5394
2;1741077803263;5395
2;1741077811336;5396
2;1741077811815;5397
2;1741077820224;5398
2;1741077820877;5399
2;1741077822069;5400
2;1741077825947;5401
2;1741077841433;5402
2;1741077842620;5403
2;1741077847311;5404
2;1741077855297;5405
2;1741077858152;5406
2;1741077864880;5407
2;1741077868892;5408
2;1741077873086;5409
2;1741077874442;5410
2;1741077883272;5411
2;1741077887218;5412
2;1741077892103;5413
2;1741077898543;5414
2;1741077904730;5415
2;1741077908441;5416
2;1741077910710;5417
2;1741077912675;5418
2;1741077916678;5419
2;1741077919478;5420
2;1741077926570;5421
2;1741077933281;5422
2;1741077946036;5423
2;1741077951227;5424
2;1741077955894;5425
2;1741077958640;5426
2;1741077959606;5427
2;1741077960154;5428
2;1741077972578;5429
2;1741077977011;5430
2;1741077981385;5431
2;1741077995318;5432
2;1741077995847;5433
2;1741077996297;5434
2;1741078004158;5435
2;1741078006474;5436
2;1741078011372;5437
2;1741078020097;5438
2;1741078023242;5439
2;1741078029339;5440
2;1741078029667;5441
2;1741078033321;5442
2;1741078039233;5443
2;1741078045130;5444
2;1741078048808;5445
2;1741078057083;5446
2;1741078065318;5447
2;1741078065721;5448
2;1741078072506;5449
2;1741078081416;5450
2;1741078090748;5451
2;1741078091550;5452
2;1741078091807;5453
2;1741078093300;5454
2;1741078099235;5455
2;1741078105145;5456
2;1741078107135;5457
2;1741078117289;5458
2;1741078121474;5459
2;1741078127696;5460
2;1741078131918;5461
2;1741078137114;5462
2;1741078142662;5463
2;1741078144481;5464
2;1741078155563;5465
2;1741078159216;5466
2;1741078159341;5467
2;1741078164929;5468
2;1741078170455;5469
2;1741078175375;5470
2;1741078184534;5471
2;1741078193378;5472
2;1741078203382;5473
2;1741078207656;5474
2;1741078211191;5475
2;1741078219428;5476
2;1741078222185;5477
2;1741078222731;5478
2;1741078226176;5479
2;1741078231731;5480
2;1741078232966;5481
2;1741078233885;5482
2;1741078236332;5483
2;1741078240027;5484
2;1741078256537;5485
2;1741078261149;5486
2;1741078268030;5487
2;1741078268642;5488
2;1741078282116;5489
2;1741078284743;5490
2;1741078285100;5491
2;1741078295420;5492
2;1741078300083;5493
2;1741078300340;5494
2;1741078301430;5495
2;1741078303024;5496
2;1741078311607;5497
2;1741078311864;5498
2;1741078322254;5499
2;1741078325575;5500
2;1741078334915;5501
2;1741078335886;5502
2;1741078346045;5503
2;1741078346443;5504
2;1741078350453;5505
2;1741078356907;5506
2;1741078359654;5507
2;1741078367702;5508
2;1741078375708;5509
2;1741078378090;5510
2;1741078385734;5511
2;1741078391155;5512
2;1741078400805;5513
2;1741078404051;5514
2;1741078408304;5515
2;1741078413240;5516
2;1741078413833;5517
2;1741078417406;5518
2;1741078421488;5519
2;1741078421576;5520
2;1741078428826;5521
2;1741078431700;5522
2;1741078433746;5523
2;1741078436963;5524
2;1741078447856;5525
2;1741078454073;5526
2;1741078461642;5527
2;1741078472775;5528
2;1741078477373;5529
2;1741078482373;5530
2;1741078482500;5531
2;1741078483804;5532
2;1741078491887;5533
2;1741078491967;5534
2;1741078494711;5535
2;1741078498240;5536
2;1741078506051;5537
2;1741078516453;5538
2;1741078535525;5539
2;1741078535729;5540
2;1741078536540;5541
2;1741078540358;5542
2;1741078547114;5543
2;1741078549698;5544
2;1741078560124;5545
2;1741078562675;5546
2;1741078565348;5547
2;1741078567094;5548
2;1741078578179;5549
2;1741078579441;5550
2;1741078582078;5551
2;1741078593698;5552
2;1741078596474;5553
2;1741078599552;5554
2;1741078604184;5555
2;1741078611382;5556
2;1741078616855;5557
2;1741078618699;5558
2;1741078622860;5559
2;1741078626401;5560
2;1741078628876;5561
2;1741078632933;5562
2;1741078633374;5563
2;1741078656848;5564
2;1741078658969;5565
2;1741078666209;5566
2;1741078666292;5567
2;1741078666898;5568
2;1741078674929;5569
2;1741078689504;5570
2;1741078691561;5571
2;1741078693184;5572
2;1741078694026;5573
2;1741078698418;5574
2;1741078704824;5575
2;1741078710309;5576
2;1741078712205;5577
2;1741078721983;5578
2;1741078728649;5579
2;1741078729991;5580
2;1741078731292;5581
2;1741078736740;5582
2;1741078737302;5583
2;1741078740070;5584
2;1741078746250;5585
2;1741078748977;5586
2;1741078756326;5587
2;1741078769043;5588
2;1741078771279;5589
2;1741078777187;5590
2;1741078779482;5591
2;1741078783065;5592
2;1741078787163;5593
2;1741078805514;5594
2;1741078809225;5595
2;1741078809721;5596
2;1741078811926;5597
2;1741078816940;5598
2;1741078821797;5599
2;1741078831802;5600
2;1741078832418;5601
2;1741078834131;5602
2;1741078837918;5603
2;1741078839822;5604
2;1741078843570;5605
2;1741078852847;5606
2;1741078855717;5607
2;1741078856551;5608
2;1741078859818;5609
2;1741078869874;5610
2;1741078877228;5611
2;1741078891070;5612
2;1741078893762;5613
2;1741078902971;5614
2;1741078903523;5615
2;1741078904844;5616
2;1741078912133;5617
2;1741078912700;5618
2;1741078921424;5619
2;1741078928581;5620
2;1741078929211;5621
2;1741078930561;5622
2;1741078949047;5623
2;1741078950859;5624
2;1741078956113;5625
2;1741078958755;5626
2;1741078961838;5627
2;1741078966141;5628
2;1741078973442;5629
2;1741078975844;5630
2;1741078977983;5631
2;1741078982949;5632
2;1741078984581;5633
2;1741078994490;5634
2;1741079005008;5635
2;1741079005119;5636
2;1741079010380;5637
2;1741079012030;5638
2;1741079018020;5639
2;1741079024697;5640
2;1741079028865;5641
2;1741079039973;5642
2;1741079045214;5643
2;1741079048139;5644
2;1741079053857;5645
2;1741079055281;5646
2;1741079060380;5647
2;1741079066557;5648
2;1741079073425;5649
2;1741079077259;5650
2;1741079081084;5651
2;1741079087475;5652
2;1741079093033;5653
2;1741079100433;5654
2;1741079102101;5655
2;1741079106441;5656
2;1741079111142;5657
2;1741079116643;5658
2;1741079125682;5659
2;1741079128892;5660
2;1741079144004;5661
2;1741079145598;5662
2;1741079147656;5663
2;1741079147975;5664
2;1741079151400;5665
2;1741079153392;5666
2;1741079154628;5667
2;1741079158510;5668
2;1741079174389;5669
2;1741079174965;5670
2;1741079175091;5671
2;1741079180810;5672
2;1741079185582;5673
2;1741079197838;5674
2;1741079198672;5675
2;1741079209543;5676
2;1741079210278;5677
2;1741079224069;5678
2;1741079224332;5679
2;1741079231969;5680
2;1741079234534;5681
2;1741079235057;5682
2;1741079248503;5683
2;1741079253921;5684
2;1741079256272;5685
2;1741079260675;5686
2;1741079264161;5687
2;1741079265517;5688
2;1741079281495;5689
2;1741079282204;5690
2;1741079285486;5691
2;1741079291792;5692
2;1741079292518;5693
2;1741079294721;5694
2;1741079298075;5695
2;1741079309233;5696
2;1741079315786;5697
2;1741079322067;5698
2;1741079326425;5699
2;1741079338334;5700
2;1741079339263;5701
2;1741079341367;5702
2;1741079341544;5703
2;1741079341974;5704
2;1741079352355;5705
2;1741079364095;5706
2;1741079373245;5707
2;1741079373380;5708
2;1741079373750;5709
2;1741079382913;5710
2;1741079390822;5711
2;1741079391462;5712
2;1741079392674;5713
2;1741079395052;5714
2;1741079396786;5715
2;1741079402570;5716
2;1741079409946;5717
2;1741079420721;5718
2;1741079428755;5719
2;1741079432993;5720
2;1741079433542;5721
2;1741079435641;5722
2;1741079435955;5723
2;1741079449574;5724
2;1741079457354;5725
2;1741079460163;5726
2;1741079463026;5727
2;1741079463685;5728
2;1741079478583;5729
2;1741079483728;5730
2;1741079484548;5731
2;1741079497448;5732
2;1741079498445;5733
2;1741079500190;5734
2;1741079501487;5735
2;1741079501943;5736
2;1741079509944;5737
2;1741079511026;5738
2;1741079511540;5739
2;1741079525718;5740
2;1741079530978;5741
2;1741079538161;5742
2;1741079547507;5743
2;1741079548024;5744
2;1741079553467;5745
2;1741079555766;5746
2;1741079565544;5747
2;1741079570171;5748
2;1741079575928;5749
2;1741079577160;5750
2;1741079579357;5751
2;1741079587878;5752
2;1741079591465;5753
2;1741079592958;5754
2;1741079604070;5755
2;1741079609565;5756
2;1741079623472;5757
2;1741079624978;5758
2;1741079628220;5759
2;1741079633085;5760
2;1741079633617;5761
2;1741079647125;5762
2;1741079649631;5763
2;1741079649897;5764
2;1741079655885;5765
2;1741079660061;5766
2;1741079663230;5767
2;1741079671864;5768
2;1741079673006;5769
2;1741079680286;5770
2;1741079682936;5771
2;1741079686044;5772
2;1741079693448;5773
2;1741079697528;5774
2;1741079705434;5775
2;1741079706572;5776
2;1741079716394;5777
2;1741079722258;5778
2;1741079724071;5779
2;1741079728811;5780
2;1741079733362;5781
2;1741079735699;5782
2;1741079745425;5783
2;1741079745960;5784
2;1741079754387;5785
2;1741079756195;5786
2;1741079762838;5787
2;1741079771106;5788
2;1741079774357;5789
2;1741079780863;5790
2;1741079783037;5791
2;1741079784260;5792
2;1741079791881;5793
2;1741079799347;5794
2;1741079802258;5795
2;1741079805040;5796
2;1741079813326;5797
2;1741079815004;5798
2;1741079820488;5799
2;1741079827966;5800
2;1741079835212;5801
2;1741079841988;5802
2;1741079842046;5803
2;1741079844459;5804
2;1741079847665;5805
2;1741079852228;5806
2;1741079855243;5807
2;1741079866059;5808
2;1741079870225;5809
2;1741079870500;5810
2;1741079881903;5811
2;1741079892756;5812
2;1741079896554;5813
2;1741079900021;5814
2;1741079905092;5815
2;1741079908445;5816
2;1741079909305;5817
2;1741079912113;5818
2;1741079914587;5819
2;1741079915563;5820
2;1741079921412;5821
2;1741079932362;5822
2;1741079933331;5823
2;1741079941337;5824
2;1741079952439;5825
2;1741079961133;5826
2;1741079962798;5827
2;1741079966802;5828
2;1741079968768;5829
2;1741079970482;5830
2;1741079991057;5831
2;1741079996239;5832
2;1741079997364;5833
2;1741079998161;5834
2;1741080003628;5835
2;1741080012007;5836
2;1741080015875;5837
2;1741080019638;5838
2;1741080024328;5839
2;1741080025203;5840
2;1741080026988;5841
2;1741080041399;5842
2;1741080042624;5843
2;1741080054965;5844
2;1741080061991;5845
2;1741080062014;5846
2;1741080067289;5847
2;1741080068087;5848
2;1741080073986;5849
2;1741080074243;5850
2;1741080082964;5851
2;1741080086931;5852
2;1741080093325;5853
2;1741080096722;5854
2;1741080105792;5855
2;1741080117130;5856
2;1741080124875;5857
2;1741080126713;5858
2;1741080126886;5859
2;1741080128586;5860
2;1741080129356;5861
2;1741080134375;5862
2;1741080147729;5863
2;1741080149969;5864
2;1741080151770;5865
2;1741080155464;5866
2;1741080163817;5867
2;1741080164552;5868
2;1741080164880;5869
2;1741080167283;5870
2;1741080172957;5871
2;1741080177692;5872
2;1741080181678;5873
2;1741080185005;5874
2;1741080203710;5875
2;1741080205438;5876
2;1741080206124;5877
2;1741080216867;5878
2;1741080217417;5879
2;1741080227298;5880
2;1741080233290;5881
2;1741080240826;5882
2;1741080247566;5883
2;1741080251040;5884
2;1741080254751;5885
2;1741080254964;5886
2;1741080265422;5887
2;1741080271682;5888
2;1741080278591;5889
2;1741080283967;5890
2;1741080293158;5891
2;1741080293438;5892
2;1741080302159;5893
2;1741080302540;5894
2;1741080305624;5895
2;1741080308090;5896
2;1741080316355;5897
2;1741080316897;5898
2;1741080319441;5899
2;1741080320666;5900
2;1741080321181;5901
2;1741080337793;5902
2;1741080341061;5903
2;1741080343210;5904
2;1741080350513;5905
2;1741080353922;5906
2;1741080371606;5907
2;1741080376604;5908
2;1741080376818;5909
2;1741080379657;5910
2;1741080382011;5911
2;1741080383059;5912
2;1741080398002;5913
2;1741080402262;5914
2;1741080408780;5915
2;1741080411137;5916
2;1741080420319;5917
2;1741080422475;5918
2;1741080425876;5919
2;1741080426602;5920
2;1741080434141;5921
2;1741080436070;5922
2;1741080449937;5923
2;1741080461806;5924
2;1741080463199;5925
2;1741080463678;5926
2;1741080464653;5927
2;1741080464960;5928
2;1741080465791;5929
2;1741080474959;5930
2;1741080482487;5931
2;1741080489344;5932
2;1741080490690;5933
2;1741080495128;5934
2;1741080500950;5935
2;1741080510446;5936
2;1741080510682;5937
2;1741080518807;5938
2;1741080521921;5939
2;1741080526089;5940
2;1741080535407;5941
2;1741080538347;5942
2;1741080543808;5943
2;1741080547563;5944
2;1741080557736;5945
2;1741080560566;5946
2;1741080561480;5947
2;1741080565235;5948
2;1741080573296;5949
2;1741080575461;5950
2;1741080577266;5951
2;1741080587944;5952
2;1741080602087;5953
2;1741080607253;5954
2;1741080608233;5955
2;1741080615893;5956
2;1741080620115;5957
2;1741080623192;5958
2;1741080623954;5959
2;1741080627586;5960
2;1741080633086;5961
2;1741080639654;5962
2;1741080644553;5963
2;1741080652957;5964
2;1741080654295;5965
2;1741080660131;5966
2;1741080660597;5967
2;1741080665127;5968
2;1741080667956;5969
2;1741080677240;5970
2;1741080677887;5971
2;1741080679686;5972
2;1741080692063;5973
2;1741080703333;5974
2;1741080710813;5975
2;1741080712227;5976
2;1741080712408;5977
2;1741080714171;5978
2;1741080725390;5979
2;1741080729380;5980
2;1741080735256;5981
2;1741080735328;5982
2;1741080736766;5983
2;1741080746918;5984
2;1741080750026;5985
2;1741080753135;5986
2;1741080754756;5987
2;1741080759339;5988
2;1741080781536;5989
2;1741080786113;5990
2;1741080788223;5991
2;1741080793396;5992
2;1741080796278;5993
2;1741080802363;5994
2;1741080803377;5995
2;1741080814524;5996
2;1741080818574;5997
2;1741080821612;5998
2;1741080826899;5999
2;1741080831939;6000
2;1741080832198;6001
2;1741080842953;6002
2;1741080850124;6003
2;1741080856589;6004
2;1741080858489;6005
2;1741080859587;6006
2;1741080859626;6007
2;1741080866886;6008
2;1741080868304;6009
2;1741080872696;6010
2;1741080873249;6011
2;1741080883357;6012
2;1741080884601;6013
2;1741080891465;6014
2;1741080891836;6015
2;1741080907437;6016
2;1741080910731;6017
2;1741080919849;6018
2;1741080921173;6019
2;1741080922363;6020
2;1741080925004;6021
2;1741080931084;6022
2;1741080942063;6023
2;1741080943636;6024
2;1741080955093;6025
2;1741080957467;6026
2;1741080959831;6027
2;1741080963202;6028
2;1741080971646;6029
2;1741080974644;6030
2;1741080979317;6031
2;1741080991722;6032
2;1741080997810;6033
2;1741081000890;6034
2;1741081008861;6035
2;1741081011332;6036
2;1741081017227;6037
2;1741081018109;6038
2;1741081020686;6039
2;1741081030791;6040
2;1741081032439;6041
2;1741081040410;6042
2;1741081043126;6043
2;1741081050247;6044
2;1741081057279;6045
2;1741081065018;6046
2;1741081065805;6047
2;1741081069738;6048
2;1741081077191;6049
2;1741081082714;6050
2;1741081085959;6051
2;1741081088683;6052
2;1741081091024;6053
2;1741081095619;6054
2;1741081106793;6055
2;1741081113569;6056
2;1741081114184;6057
2;1741081118051;6058
2;1741081119530;6059
2;1741081122966;6060
2;1741081123955;6061
2;1741081128449;6062
2;1741081153502;6063
2;1741081153728;6064
2;1741081154543;6065
2;1741081157301;6066
2;1741081158188;6067
2;1741081166550;6068
2;1741081179812;6069
2;1741081181267;6070
2;1741081183281;6071
2;1741081192160;6072
2;1741081204463;6073
2;1741081207728;6074
2;1741081209301;6075
2;1741081210001;6076
2;1741081217827;6077
2;1741081224122;6078
2;1741081228316;6079
2;1741081232962;6080
2;1741081233409;6081
2;1741081233910;6082
2;1741081241234;6083
2;1741081243206;6084
2;1741081248750;6085
2;1741081262665;6086
2;1741081264601;6087
2;1741081276528;6088
2;1741081278245;6089
2;1741081280208;6090
2;1741081284509;6091
2;1741081287054;6092
2;1741081300433;6093
2;1741081302315;6094
2;1741081310340;6095
2;1741081316126;6096
2;1741081321172;6097
2;1741081322364;6098
2;1741081324039;6099
2;1741081325677;6100
2;1741081326683;6101
2;1741081329415;6102
2;1741081333065;6103
2;1741081347472;6104
2;1741081347927;6105
2;1741081349646;6106
2;1741081362547;6107
2;1741081368595;6108
2;1741081375022;6109
2;1741081384450;6110
2;1741081391664;6111
2;1741081394444;6112
2;1741081394605;6113
2;1741081395668;6114
2;1741081403454;6115
2;1741081406547;6116
2;1741081409843;6117
2;1741081424120;6118
2;1741081434631;6119
2;1741081438294;6120
2;1741081438740;6121
2;1741081442811;6122
2;1741081446638;6123
2;1741081448860;6124
2;1741081452576;6125
2;1741081461524;6126
2;1741081465593;6127
2;1741081470074;6128
2;1741081470613;6129
2;1741081473176;6130
2;1741081477019;6131
2;1741081485195;6132
2;1741081496209;6133
2;1741081503079;6134
2;1741081506715;6135
2;1741081514482;6136
2;1741081522168;6137
2;1741081522537;6138
2;1741081523243;6139
2;1741081530223;6140
2;1741081530797;6141
2;1741081539045;6142
2;1741081542168;6143
2;1741081542829;6144
2;1741081544196;6145
2;1741081558055;6146
2;1741081562459;6147
2;1741081571179;6148
2;1741081572406;6149
2;1741081573528;6150
2;1741081578920;6151
2;1741081579446;6152
2;1741081581567;6153
2;1741081590243;6154
2;1741081591783;6155
2;1741081604210;6156
2;1741081610429;6157
2;1741081615531;6158
2;1741081623378;6159
2;1741081623888;6160
2;1741081625079;6161
2;1741081638945;6162
2;1741081651921;6163
2;1741081653108;6164
2;1741081654790;6165
2;1741081655026;6166
2;1741081661465;6167
2;1741081662444;6168
2;1741081669555;6169
2;1741081680202;6170
2;1741081693905;6171
2;1741081693964;6172
2;1741081695794;6173
2;1741081699184;6174
2;1741081711244;6175
2;1741081713233;6176
2;1741081713401;6177
2;1741081726080;6178
2;1741081728140;6179
2;1741081731310;6180
2;1741081731710;6181
2;1741081740193;6182
2;1741081748568;6183
2;1741081750393;6184
2;1741081761350;6185
2;1741081761881;6186
2;1741081762475;6187
2;1741081767905;6188
2;1741081769305;6189
2;1741081773972;6190
2;1741081776938;6191
2;1741081778166;6192
2;1741081788011;6193
2;1741081795318;6194
2;1741081804902;6195
2;1741081813409;6196
2;1741081814660;6197
2;1741081817846;6198
2;1741081833495;6199
2;1741081835114;6200
2;1741081845986;6201
2;1741081845996;6202
2;1741081846307;6203
2;1741081853092;6204
2;1741081855279;6205
2;1741081855991;6206
2;1741081862883;6207
2;1741081865501;6208
2;1741081867953;6209
2;1741081871487;6210
2;1741081879061;6211
2;1741081879935;6212
2;1741081887360;6213
2;1741081890979;6214
2;1741081912550;6215
2;1741081917106;6216
2;1741081924446;6217
2;1741081927997;6218
2;1741081932139;6219
2;1741081936186;6220
2;1741081936949;6221
2;1741081938640;6222
2;1741081939893;6223
2;1741081941789;6224
2;1741081946053;6225
2;1741081961886;6226
2;1741081964287;6227
2;1741081971288;6228
2;1741081977451;6229
2;1741081983246;6230
2;1741081984258;6231
2;1741081987264;6232
2;1741081994752;6233
2;1741082009202;6234
2;1741082010469;6235
2;1741082011805;6236
2;1741082011974;6237
2;1741082013613;6238
2;1741082024162;6239
2;1741082031342;6240
2;1741082040869;6241
2;1741082043954;6242
2;1741082048501;6243
2;1741082055514;6244
2;1741082059534;6245
2;1741082068945;6246
2;1741082072255;6247
2;1741082072532;6248
2;1741082074623;6249
2;1741082076270;6250
2;1741082081059;6251
2;1741082082402;6252
2;1741082085681;6253
2;1741082097972;6254
2;1741082101742;6255
2;1741082107291;6256
2;1741082115526;6257
2;1741082118910;6258
2;1741082120027;6259
2;1741082121027;6260
2;1741082137480;6261
2;1741082142931;6262
2;1741082149141;6263
2;1741082149307;6264
2;1741082150781;6265
2;1741082162552;6266
2;1741082167037;6267
2;1741082175505;6268
2;1741082180654;6269
2;1741082184161;6270
2;1741082187842;6271
2;1741082192268;6272
2;1741082200008;6273
2;1741082201261;6274
2;1741082202156;6275
2;1741082211288;6276
2;1741082217652;6277
2;1741082221230;6278
2;1741082222032;6279
2;1741082224986;6280
2;1741082234450;6281
2;1741082243675;6282
2;1741082245407;6283
2;1741082249447;6284
2;1741082250983;6285
2;1741082253831;6286
2;1741082260114;6287
2;1741082267082;6288
2;1741082274526;6289
2;1741082275650;6290
2;1741082276213;6291
2;1741082283615;6292
2;1741082291059;6293
2;1741082297392;6294
2;1741082302027;6295
2;1741082304996;6296
2;1741082308060;6297
2;1741082318117;6298
2;1741082323653;6299
2;1741082328950;6300
2;1741082330806;6301
2;1741082347284;6302
2;1741082349061;6303
2;1741082352705;6304
2;1741082362280;6305
2;1741082366695;6306
2;1741082366766;6307
2;1741082372177;6308
2;1741082373667;6309
2;1741082375978;6310
2;1741082380744;6311
2;1741082388963;6312
2;1741082391104;6313
2;1741082391575;6314
2;1741082406712;6315
2;1741082415160;6316
2;1741082418181;6317
2;1741082419661;6318
2;1741082420489;6319
2;1741082432820;6320
2;1741082439415;6321
2;1741082444060;6322
2;1741082446171;6323
2;1741082447955;6324
2;1741082455331;6325
2;1741082467974;6326
2;1741082468977;6327
2;1741082472333;6328
2;1741082476195;6329
2;1741082484339;6330
2;1741082484855;6331
2;1741082485057;6332
2;1741082498121;6333
2;1741082502537;6334
2;1741082511270;6335
2;1741082512442;6336
2;1741082517621;6337
2;1741082519055;6338
2;1741082524148;6339
2;1741082524307;6340
2;1741082533764;6341
2;1741082536939;6342
2;1741082538950;6343
2;1741082542479;6344
2;1741082547333;6345
2;1741082551143;6346
2;1741082558777;6347
2;1741082567115;6348
2;1741082580369;6349
2;1741082586008;6350
2;1741082586922;6351
2;1741082590925;6352
2;1741082598214;6353
2;1741082604194;6354
2;1741082610402;6355
2;1741082612768;6356
2;1741082618521;6357
2;1741082620420;6358
2;1741082623697;6359
2;1741082626506;6360
2;1741082630048;6361
2;1741082634964;6362
2;1741082637186;6363
2;1741082647589;6364
2;1741082656733;6365
2;1741082657998;6366
2;1741082659410;6367
2;1741082660593;6368
2;1741082677320;6369
2;1741082682842;6370
2;1741082692613;6371
2;1741082695225;6372
2;1741082699911;6373
2;1741082703433;6374
2;1741082705218;6375
2;1741082712990;6376
2;1741082715021;6377
2;1741082719455;6378
2;1741082720750;6379
2;1741082728927;6380
2;1741082731798;6381
2;1741082737024;6382
2;1741082742112;6383
2;1741082745698;6384
2;1741082746617;6385
2;1741082751984;6386
2;1741082768101;6387
2;1741082772364;6388
2;1741082777625;6389
2;1741082785614;6390
2;1741082790109;6391
2;1741082792231;6392
2;1741082792718;6393
2;1741082797568;6394
2;1741082799805;6395
2;1741082816335;6396
2;1741082817260;6397
2;1741082819903;6398
2;1741082820125;6399
2;1741082821713;6400
2;1741082831724;6401
2;1741082835283;6402
2;1741082845203;6403
2;1741082850224;6404
2;1741082857000;6405
2;1741082860163;6406
2;1741082868542;6407
2;1741082868672;6408
2;1741082872705;6409
2;1741082877466;6410
2;1741082883133;6411
2;1741082885359;6412
2;1741082903293;6413
2;1741082905672;6414
2;1741082906031;6415
2;1741082912613;6416
2;1741082921948;6417
2;1741082924866;6418
2;1741082928564;6419
2;1741082930646;6420
2;1741082933037;6421
2;1741082936433;6422
2;1741082946604;6423
2;1741082948582;6424
2;1741082950836;6425
2;1741082962821;6426
2;1741082967908;6427
2;1741082968222;6428
2;1741082973253;6429
2;1741082977446;6430
2;1741082985243;6431
2;1741082994197;6432
2;1741082996852;6433
2;1741082999935;6434
2;1741083010204;6435
2;1741083014715;6436
2;1741083015824;6437
2;1741083017441;6438
2;1741083023370;6439
2;1741083030532;6440
2;1741083031515;6441
2;1741083033860;6442
2;1741083038378;6443
2;1741083044305;6444
2;1741083048029;6445
2;1741083049903;6446
2;1741083059013;6447
2;1741083065195;6448
2;1741083078777;6449
2;1741083080269;6450
2;1741083084256;6451
2;1741083099867;6452
2;1741083099977;6453
2;1741083105704;6454
2;1741083108736;6455
2;1741083111169;6456
2;1741083113347;6457
2;1741083115730;6458
2;1741083122764;6459
2;1741083125420;6460
2;1741083126155;6461
2;1741083127742;6462
2;1741083132143;6463
2;1741083139276;6464
2;1741083146089;6465
2;1741083149260;6466
2;1741083154595;6467
2;1741083159593;6468
2;1741083173737;6469
2;1741083178720;6470
2;1741083180226;6471
2;1741083184078;6472
2;1741083186709;6473
2;1741083198595;6474
2;1741083210355;6475
2;1741083217868;6476
2;1741083218492;6477
2;1741083218576;6478
2;1741083226633;6479
2;1741083229126;6480
2;1741083236018;6481
2;1741083238915;6482
2;1741083239068;6483
2;1741083240539;6484
2;1741083257621;6485
2;1741083259494;6486
2;1741083270389;6487
2;1741083271216;6488
2;1741083276477;6489
2;1741083285234;6490
2;1741083286673;6491
2;1741083292236;6492
2;1741083293675;6493
2;1741083294366;6494
2;1741083297556;6495
2;1741083299990;6496
2;1741083301615;6497
2;1741083316547;6498
2;1741083323281;6499
2;1741083328546;6500
2;1741083336093;6501
2;1741083339137;6502
2;1741083341558;6503
2;1741083347776;6504
2;1741083354338;6505
2;1741083354376;6506
2;1741083361987;6507
2;1741083362734;6508
2;1741083371178;6509
2;1741083373319;6510
2;1741083390234;6511
2;1741083393316;6512
2;1741083393328;6513
2;1741083393422;6514
2;1741083394804;6515
2;1741083402825;6516
2;1741083407124;6517
2;1741083416957;6518
2;1741083423520;6519
2;1741083424130;6520
2;1741083427732;6521
2;1741083442396;6522
2;1741083444574;6523
2;1741083446196;6524
2;1741083446483;6525
2;1741083451949;6526
2;1741083460816;6527
2;1741083475332;6528
2;1741083477071;6529
2;1741083479224;6530
2;1741083489193;6531
2;1741083493709;6532
2;1741083494449;6533
2;1741083496019;6534
2;1741083501342;6535
2;1741083513179;6536
2;1741083513226;6537
2;1741083518831;6538
2;1741083529418;6539
2;1741083530960;6540
2;1741083531691;6541
2;1741083533077;6542
2;1741083538126;6543
2;1741083539003;6544
2;1741083557874;6545
2;1741083561134;6546
2;1741083561930;6547
2;1741083577955;6548
2;1741083580968;6549
2;1741083583844;6550
2;1741083586132;6551
2;1741083596527;6552
2;1741083598487;6553
2;1741083598679;6554
2;1741083601027;6555
2;1741083605589;6556
2;1741083608603;6557
2;1741083619448;6558
2;1741083623294;6559
2;1741083623881;6560
2;1741083633704;6561
2;1741083642364;6562
2;1741083642563;6563
2;1741083654441;6564
2;1741083658476;6565
2;1741083660712;6566
2;1741083670176;6567
2;1741083671527;6568
2;1741083671598;6569
2;1741083684109;6570
2;1741083686438;6571
2;1741083690060;6572
2;1741083695951;6573
2;1741083698095;6574
2;1741083698109;6575
2;1741083705207;6576
2;1741083706821;6577
2;1741083710470;6578
2;1741083721004;6579
2;1741083723281;6580
2;1741083734271;6581
2;1741083737970;6582
2;1741083754667;6583
2;1741083756849;6584
2;1741083763370;6585
2;1741083766828;6586
2;1741083767634;6587
2;1741083768777;6588
2;1741083769601;6589
2;1741083775827;6590
2;1741083784950;6591
2;1741083786332;6592
2;1741083787010;6593
2;1741083797727;6594
2;1741083804450;6595
2;1741083804561;6596
2;1741083805173;6597
2;1741083810097;6598
2;1741083817590;6599
2;1741083824872;6600
2;1741083832345;6601
2;1741083835151;6602
2;1741083843127;6603
2;1741083843303;6604
2;1741083848999;6605
2;1741083856980;6606
2;1741083860987;6607
2;1741083862299;6608
2;1741083863015;6609
2;1741083873653;6610
2;1741083880296;6611
2;1741083884862;6612
2;1741083885553;6613
2;1741083892608;6614
2;1741083894831;6615
2;1741083904803;6616
2;1741083906455;6617
2;1741083912360;6618
2;1741083914522;6619
2;1741083926071;6620
2;1741083939234;6621
2;1741083940647;6622
2;1741083942356;6623
2;1741083954123;6624
2;1741083955380;6625
2;1741083960966;6626
2;1741083961651;6627
2;1741083974654;6628
2;1741083976422;6629
2;1741083977901;6630
2;1741083978865;6631
2;1741083981390;6632
2;1741083984194;6633
2;1741083990460;6634
2;1741083993145;6635
2;1741084012063;6636
2;1741084015051;6637
2;1741084023334;6638
2;1741084028502;6639
2;1741084036536;6640
2;1741084043555;6641
2;1741084043891;6642
2;1741084046138;6643
2;1741084054636;6644
2;1741084055288;6645
2;1741084060473;6646
2;1741084062236;6647
2;1741084066320;6648
2;1741084075050;6649
2;1741084080587;6650
2;1741084090742;6651
2;1741084094030;6652
2;1741084097528;6653
2;1741084100678;6654
2;1741084102258;6655
2;1741084103936;6656
2;1741084108466;6657
2;1741084113797;6658
2;1741084115822;6659
2;1741084121598;6660
2;1741084124694;6661
2;1741084135708;6662
2;1741084147780;6663
2;1741084156797;6664
2;1741084159646;6665
2;1741084165919;6666
2;1741084167395;6667
2;1741084168981;6668
2;1741084171295;6669
2;1741084173799;6670
2;1741084188881;6671
2;1741084190493;6672
2;1741084195071;6673
2;1741084200703;6674
2;1741084209039;6675
2;1741084209905;6676
2;1741084212520;6677
2;1741084213268;6678
2;1741084224203;6679
2;1741084229463;6680
2;1741084232958;6681
2;1741084234772;6682
2;1741084242706;6683
2;1741084246889;6684
2;1741084253937;6685
2;1741084254077;6686
2;1741084256419;6687
2;1741084266146;6688
2;1741084275296;6689
2;1741084279329;6690
2;1741084281422;6691
2;1741084283195;6692
2;1741084296124;6693
2;1741084299047;6694
2;1741084299058;6695
2;1741084301833;6696
2;1741084303542;6697
2;1741084312895;6698
2;1741084314595;6699
2;1741084333570;6700
2;1741084333909;6701
2;1741084341642;6702
2;1741084349060;6703
2;1741084351622;6704
2;1741084352267;6705
2;1741084354791;6706
2;1741084369990;6707
2;1741084373620;6708
2;1741084376207;6709
2;1741084383034;6710
2;1741084387177;6711
2;1741084389277;6712
2;1741084391725;6713
2;1741084394099;6714
2;1741084400119;6715
2;1741084403812;6716
2;1741084409714;6717
2;1741084422475;6718
2;1741084428231;6719
2;1741084429811;6720
2;1741084435978;6721
2;1741084439127;6722
2;1741084444990;6723
2;1741084453719;6724
2;1741084458325;6725
2;1741084466702;6726
2;1741084467586;6727
2;1741084468193;6728
2;1741084470442;6729
2;1741084473151;6730
2;1741084479844;6731
2;1741084496044;6732
2;1741084503941;6733
2;1741084505532;6734
2;1741084505721;6735
2;1741084506201;6736
2;1741084517842;6737
2;1741084524557;6738
2;1741084527412;6739
2;1741084530500;6740
2;1741084532507;6741
2;1741084542579;6742
2;1741084543307;6743
2;1741084543967;6744
2;1741084555681;6745
2;1741084557031;6746
2;1741084565430;6747
2;1741084568586;6748
2;1741084569643;6749
2;1741084574491;6750
2;1741084575408;6751
2;1741084583578;6752
2;1741084589133;6753
2;1741084593852;6754
2;1741084602352;6755
2;1741084611824;6756
2;1741084611874;6757
2;1741084612670;6758
2;1741084621523;6759
2;1741084623020;6760
2;1741084631383;6761
2;1741084635961;6762
2;1741084636142;6763
2;1741084644893;6764
2;1741084657908;6765
2;1741084662002;6766
2;1741084664163;6767
2;1741084674889;6768
2;1741084677844;6769
2;1741084682478;6770
2;1741084685442;6771
2;1741084688555;6772
2;1741084689463;6773
2;1741084699832;6774
2;1741084704225;6775
2;1741084709605;6776
2;1741084713036;6777
2;1741084713365;6778
2;1741084727755;6779
2;1741084732254;6780
2;1741084733585;6781
2;1741084733658;6782
2;1741084739025;6783
2;1741084744353;6784
2;1741084747448;6785
2;1741084751070;6786
2;1741084767085;6787
2;1741084767848;6788
2;1741084775375;6789
2;1741084783445;6790
2;1741084788697;6791
2;1741084792505;6792
2;1741084794596;6793
2;1741084802705;6794
2;1741084803605;6795
2;1741084804430;6796
2;1741084816798;6797
2;1741084822621;6798
2;1741084828954;6799
2;1741084828998;6800
2;1741084830514;6801
2;1741084836578;6802
2;1741084846929;6803
2;1741084853914;6804
2;1741084858530;6805
2;1741084859481;6806
2;1741084859496;6807
2;1741084862103;6808
2;1741084863161;6809
2;1741084875004;6810
2;1741084886266;6811
2;1741084888082;6812
2;1741084891201;6813
2;1741084891508;6814
2;1741084893874;6815
2;1741084900770;6816
2;1741084916992;6817
2;1741084924845;6818
2;1741084934007;6819
2;1741084934109;6820
2;1741084938618;6821
2;1741084940389;6822
2;1741084949370;6823
2;1741084950753;6824
2;1741084953463;6825
2;1741084960531;6826
2;1741084963994;6827
2;1741084971802;6828
2;1741084976075;6829
2;1741084980380;6830
2;1741084983474;6831
2;1741084993657;6832
2;1741085002696;6833
2;1741085002935;6834
2;1741085004055;6835
2;1741085004610;6836
2;1741085011381;6837
2;1741085015712;6838
2;1741085021514;6839
2;1741085029489;6840
2;1741085029716;6841
2;1741085030185;6842
2;1741085049530;6843
2;1741085050558;6844
2;1741085054953;6845
2;1741085057156;6846
2;1741085059996;6847
2;1741085065035;6848
2;1741085070525;6849
2;1741085080562;6850
2;1741085082293;6851
2;1741085091090;6852
2;1741085095858;6853
2;1741085101725;6854
2;1741085103603;6855
2;1741085110604;6856
2;1741085112723;6857
2;1741085118574;6858
2;1741085121697;6859
2;1741085123529;6860
2;1741085131349;6861
2;1741085137816;6862
2;1741085138489;6863
2;1741085149748;6864
2;1741085155153;6865
2;1741085157708;6866
2;1741085160048;6867
2;1741085161734;6868
2;1741085167821;6869
2;1741085175699;6870
2;1741085188033;6871
2;1741085188483;6872
2;1741085193086;6873
2;1741085201975;6874
2;1741085204154;6875
2;1741085212470;6876
2;1741085217845;6877
2;1741085223011;6878
2;1741085226838;6879
2;1741085229202;6880
2;1741085231207;6881
2;1741085239260;6882
2;1741085245928;6883
2;1741085248445;6884
2;1741085250132;6885
2;1741085254080;6886
2;1741085257736;6887
2;1741085260914;6888
2;1741085263475;6889
2;1741085268950;6890
2;1741085285247;6891
2;1741085297001;6892
2;1741085298347;6893
2;1741085298654;6894
2;1741085302696;6895
2;1741085304058;6896
2;1741085313671;6897
2;1741085318913;6898
2;1741085325598;6899
2;1741085326802;6900
2;1741085329246;6901
2;1741085351285;6902
2;1741085352461;6903
2;1741085352882;6904
2;1741085353123;6905
2;1741085361578;6906
2;1741085369565;6907
2;1741085372640;6908
2;1741085376691;6909
2;1741085376722;6910
2;1741085382196;6911
2;1741085393276;6912
3;1741085395838;2
2;1741085397086;6913
2;1741085400041;6914
2;1741085406483;6915
2;1741085408270;6916
2;1741085409713;6917
2;1741085415630;6918
2;1741085428378;6919
2;1741085428463;6920
2;1741085429398;6921
2;1741085445150;6922
2;1741085448893;6923
2;1741085451580;6924
2;1741085459889;6925
2;1741085463922;6926
2;1741085465555;6927
2;1741085467143;6928
2;1741085473489;6929
2;1741085476820;6930
2;1741085478312;6931
2;1741085490946;6932
2;1741085498219;6933
2;1741085502996;6934
2;1741085506237;6935
2;1741085507032;6936
2;1741085511605;6937
2;1741085518454;6938
2;1741085518754;6939
2;1741085521430;6940
2;1741085523387;6941
2;1741085542402;6942
2;1741085542900;6943
2;1741085543609;6944
2;1741085544623;6945
2;1741085553605;6946
2;1741085565262;6947
2;1741085571030;6948
2;1741085577719;6949
2;1741085584831;6950
2;1741085585039;6951
2;1741085595616;6952
2;1741085597187;6953
2;1741085603245;6954
2;1741085603498;6955
2;1741085603905;6956
2;1741085615097;6957
2;1741085620309;6958
2;1741085622645;6959
2;1741085623047;6960
2;1741085625290;6961
2;1741085625593;6962
2;1741085635552;6963
2;1741085650576;6964
2;1741085663090;6965
2;1741085666723;6966
2;1741085668144;6967
2;1741085668250;6968
2;1741085668396;6969
2;1741085674117;6970
2;1741085676553;6971
2;1741085686243;6972
2;1741085687333;6973
2;1741085694118;6974
2;1741085700862;6975
2;1741085702518;6976
2;1741085707984;6977
2;1741085726301;6978
2;1741085728418;6979
2;1741085730430;6980
2;1741085730504;6981
2;1741085731554;6982
2;1741085738579;6983
2;1741085740181;6984
2;1741085742897;6985
2;1741085756753;6986
2;1741085767249;6987
2;1741085768259;6988
2;1741085768949;6989
2;1741085772975;6990
2;1741085781651;6991
2;1741085785717;6992
2;1741085788485;6993
2;1741085794244;6994
2;1741085794596;6995
2;1741085801889;6996
2;1741085802296;6997
2;1741085822900;6998
2;1741085826712;6999
2;1741085833116;7000
2;1741085840474;7001
2;1741085840982;7002
2;1741085846164;7003
2;1741085849694;7004
2;1741085852541;7005
2;1741085860278;7006
2;1741085860721;7007
2;1741085863755;7008
2;1741085878500;7009
2;1741085880865;7010
2;1741085885388;7011
2;1741085885842;7012
2;1741085894295;7013
2;1741085903726;7014
2;1741085905928;7015
2;1741085910596;7016
2;1741085912120;7017
2;1741085912448;7018
2;1741085919027;7019
2;1741085920056;7020
2;1741085930588;7021
2;1741085942715;7022
2;1741085950653;7023
2;1741085960672;7024
2;1741085963534;7025
2;1741085966598;7026
2;1741085969596;7027
2;1741085970978;7028
2;1741085972918;7029
2;1741085977356;7030
2;1741085979973;7031
2;1741085988134;7032
2;1741085991182;7033
2;1741085995544;7034
2;1741085998352;7035
2;1741086003343;7036
2;1741086004756;7037
2;1741086011151;7038
2;1741086017677;7039
2;1741086023063;7040
2;1741086032636;7041
2;1741086035268;7042
2;1741086036018;7043
2;1741086041557;7044
2;1741086044198;7045
2;1741086059906;7046
2;1741086074282;7047
2;1741086078400;7048
2;1741086078603;7049
2;1741086083246;7050
2;1741086083701;7051
2;1741086092315;7052
2;1741086097489;7053
2;1741086097976;7054
2;1741086098282;7055
2;1741086108216;7056
2;1741086108833;7057
2;1741086119685;7058
2;1741086122758;7059
2;1741086128068;7060
2;1741086131163;7061
2;1741086138192;7062
2;1741086139437;7063
2;1741086150277;7064
2;1741086152320;7065
2;1741086160748;7066
2;1741086161745;7067
2;1741086166619;7068
2;1741086175122;7069
2;1741086187240;7070
2;1741086191943;7071
2;1741086192798;7072
2;1741086195315;7073
2;1741086196310;7074
2;1741086203043;7075
2;1741086203579;7076
2;1741086212541;7077
2;1741086222391;7078
2;1741086228121;7079
2;1741086228538;7080
2;1741086228563;7081
2;1741086233293;7082
2;1741086234246;7083
2;1741086241831;7084
2;1741086257232;7085
2;1741086258167;7086
2;1741086261903;7087
2;1741086267147;7088
2;1741086271810;7089
2;1741086272036;7090
2;1741086291509;7091
2;1741086296766;7092
2;1741086297900;7093
2;1741086297930;7094
2;1741086303923;7095
2;1741086307254;7096
2;1741086313592;7097
2;1741086315403;7098
2;1741086319851;7099
2;1741086329363;7100
2;1741086332871;7101
2;1741086335531;7102
2;1741086338183;7103
2;1741086343077;7104
2;1741086347205;7105
2;1741086356065;7106
2;1741086357148;7107
2;1741086365186;7108
2;1741086379534;7109
2;1741086382528;7110
2;1741086387101;7111
2;1741086390796;7112
2;1741086393428;7113
2;1741086407882;7114
2;1741086409163;7115
2;1741086411040;7116
2;1741086418521;7117
2;1741086419960;7118
2;1741086426434;7119
2;1741086438108;7120
2;1741086438373;7121
2;1741086440159;7122
2;1741086442904;7123
2;1741086447381;7124
2;1741086452072;7125
2;1741086452742;7126
2;1741086467646;7127
2;1741086467860;7128
2;1741086470853;7129
2;1741086477980;7130
2;1741086478467;7131
2;1741086481819;7132
2;1741086491492;7133
3;1741086500838;3
2;1741086501558;7134
2;1741086505641;7135
2;1741086517651;7136
2;1741086522997;7137
2;1741086524685;7138
2;1741086528152;7139
2;1741086530475;7140
2;1741086533356;7141
2;1741086536566;7142
2;1741086539738;7143
2;1741086544382;7144
2;1741086547397;7145
2;1741086554875;7146
2;1741086557425;7147
2;1741086568950;7148
2;1741086574079;7149
2;1741086574742;7150
2;1741086581837;7151
2;1741086585018;7152
2;1741086587941;7153
2;1741086599614;7154
2;1741086605376;7155
2;1741086609129;7156
2;1741086610934;7157
2;1741086614418;7158
2;1741086621207;7159
2;1741086630531;7160
2;1741086630925;7161
2;1741086631660;7162
2;1741086636860;7163
2;1741086647204;7164
2;1741086653359;7165
2;1741086658998;7166
2;1741086663842;7167
2;1741086664282;7168
2;1741086665500;7169
2;1741086680638;7170
2;1741086683655;7171
2;1741086685078;7172
2;1741086694389;7173
2;1741086697343;7174
2;1741086706292;7175
2;1741086708705;7176
2;1741086716567;7177
2;1741086726145;7178
2;1741086727316;7179
2;1741086727841;7180
2;1741086733761;7181
2;1741086738374;7182
2;1741086741216;7183
2;1741086745282;7184
2;1741086751734;7185
2;1741086761568;7186
2;1741086763166;7187
2;1741086770827;7188
2;1741086775867;7189
2;1741086779698;7190
2;1741086786150;7191
2;1741086795003;7192
2;1741086796048;7193
2;1741086796849;7194
2;1741086806415;7195
2;1741086806435;7196
2;1741086807983;7197
2;1741086809318;7198
2;1741086817731;7199
2;1741086823427;7200
2;1741086826343;7201
2;1741086834158;7202
2;1741086835009;7203
2;1741086842792;7204
2;1741086863782;7205
2;1741086865176;7206
2;1741086869477;7207
2;1741086873679;7208
2;1741086873905;7209
2;1741086877140;7210
2;1741086877246;7211
2;1741086884184;7212
2;1741086899560;7213
2;1741086900091;7214
2;1741086904050;7215
2;1741086907914;7216
2;1741086913675;7217
2;1741086921140;7218
2;1741086927103;7219
2;1741086928919;7220
2;1741086929007;7221
2;1741086933963;7222
2;1741086937976;7223
2;1741086942413;7224
2;1741086951566;7225
2;1741086956886;7226
2;1741086958024;7227
2;1741086963695;7228
2;1741086973281;7229
2;1741086976519;7230
2;1741086985523;7231
2;1741086993633;7232
2;1741086993822;7233
2;1741086997262;7234
2;1741086999344;7235
2;1741087004292;7236
2;1741087012820;7237
2;1741087015677;7238
2;1741087022325;7239
2;1741087028210;7240
2;1741087044743;7241
2;1741087046465;7242
2;1741087046486;7243
2;1741087050176;7244
2;1741087054565;7245
2;1741087055481;7246
2;1741087064746;7247
2;1741087073998;7248
2;1741087076862;7249
2;1741087079958;7250
2;1741087089339;7251
2;1741087092369;7252
2;1741087094708;7253
2;1741087098326;7254
3;1741087100837;4
2;1741087104840;7255
2;1741087105876;7256
2;1741087107404;7257
2;1741087114286;7258
2;1741087115894;7259
2;1741087133932;7260
2;1741087139322;7261
2;1741087141115;7262
2;1741087144183;7263
2;1741087148985;7264
2;1741087153843;7265
2;1741087159375;7266
2;1741087164963;7267
2;1741087165370;7268
2;1741087167085;7269
2;1741087173501;7270
2;1741087177368;7271
2;1741087177537;7272
2;1741087190895;7273
2;1741087199202;7274
2;1741087206381;7275
2;1741087206679;7276
2;1741087215828;7277
2;1741087219778;7278
2;1741087224452;7279
2;1741087227601;7280
2;1741087232169;7281
2;1741087235010;7282
2;1741087241492;7283
2;1741087247156;7284
2;1741087252976;7285
2;1741087261278;7286
2;1741087265739;7287
2;1741087268088;7288
2;1741087273657;7289
2;1741087274689;7290
2;1741087277869;7291
2;1741087298642;7292
2;1741087299916;7293
2;1741087302601;7294
2;1741087315918;7295
2;1741087319625;7296
2;1741087323573;7297
2;1741087325172;7298
2;1741087325765;7299
2;1741087328142;7300
2;1741087332515;7301
2;1741087334802;7302
2;1741087339567;7303
2;1741087339730;7304
2;1741087345026;7305
2;1741087358602;7306
2;1741087366371;7307
2;1741087370929;7308
2;1741087376204;7309
2;1741087376598;7310
2;1741087376709;7311
2;1741087381235;7312
2;1741087384263;7313
2;1741087387511;7314
2;1741087403467;7315
2;1741087406464;7316
2;1741087409043;7317
2;1741087410326;7318
2;1741087412084;7319
2;1741087422111;7320
2;1741087430975;7321
2;1741087441877;7322
2;1741087443902;7323
2;1741087444100;7324
2;1741087451939;7325
2;1741087455730;7326
2;1741087458703;7327
2;1741087466155;7328
2;1741087480279;7329
2;1741087485939;7330
2;1741087489481;7331
2;1741087492263;7332
2;1741087499237;7333
2;1741087500132;7334
2;1741087503383;7335
2;1741087512202;7336
2;1741087515994;7337
2;1741087520063;7338
2;1741087522519;7339
2;1741087530239;7340
2;1741087532116;7341
2;1741087539543;7342
2;1741087544911;7343
2;1741087547218;7344
2;1741087548420;7345
2;1741087549153;7346
2;1741087566840;7347
2;1741087573712;7348
2;1741087576890;7349
2;1741087578826;7350
2;1741087583975;7351
2;1741087585559;7352
2;1741087589533;7353
2;1741087598622;7354
2;1741087600683;7355
2;1741087602767;7356
2;1741087616679;7357
2;1741087618831;7358
2;1741087619628;7359
2;1741087629826;7360
2;1741087634463;7361
2;1741087639630;7362
2;1741087650505;7363
2;1741087662068;7364
2;1741087663489;7365
2;1741087666261;7366
2;1741087669552;7367
2;1741087671446;7368
2;1741087672208;7369
2;1741087672506;7370
2;1741087677056;7371
2;1741087689447;7372
2;1741087689528;7373
2;1741087698857;7374
2;1741087702581;7375
2;1741087713166;7376
2;1741087713981;7377
2;1741087714556;7378
2;1741087716654;7379
2;1741087736570;7380
2;1741087737359;7381
2;1741087742426;7382
2;1741087744711;7383
2;1741087758686;7384
2;1741087759153;7385
2;1741087759286;7386
2;1741087768304;7387
2;1741087770245;7388
2;1741087776045;7389
2;1741087777881;7390
2;1741087787230;7391
2;1741087795092;7392
2;1741087795793;7393
2;1741087798232;7394
2;1741087802564;7395
2;1741087810043;7396
2;1741087818827;7397
2;1741087819999;7398
2;1741087821496;7399
2;1741087836642;7400
2;1741087837811;7401
2;1741087840438;7402
2;1741087845504;7403
2;1741087850710;7404
2;1741087850937;7405
2;1741087852113;7406
2;1741087859562;7407
2;1741087864385;7408
2;1741087865340;7409
2;1741087886821;7410
2;1741087891673;7411
2;1741087892445;7412
2;1741087894855;7413
2;1741087895668;7414
2;1741087897526;7415
2;1741087899880;7416
2;1741087901558;7417
2;1741087909515;7418
2;1741087917497;7419
2;1741087928371;7420
2;1741087930452;7421
2;1741087937311;7422
2;1741087940235;7423
2;1741087948713;7424
2;1741087956088;7425
2;1741087958952;7426
2;1741087961647;7427
2;1741087962116;7428
2;1741087970999;7429
2;1741087972821;7430
2;1741087982178;7431
2;1741087988037;7432
2;1741087996460;7433
2;1741087999998;7434
2;1741088001504;7435
2;1741088006711;7436
2;1741088017165;7437
2;1741088019751;7438
2;1741088020930;7439
2;1741088024042;7440
2;1741088024906;7441
2;1741088039286;7442
2;1741088041080;7443
2;1741088057165;7444
2;1741088058286;7445
2;1741088058959;7446
2;1741088060052;7447
2;1741088066114;7448
2;1741088067465;7449
2;1741088072959;7450
2;1741088073901;7451
2;1741088082273;7452
2;1741088095686;7453
2;1741088099146;7454
2;1741088099955;7455
2;1741088103897;7456
2;1741088109563;7457
2;1741088128307;7458
2;1741088128383;7459
2;1741088129003;7460
2;1741088130628;7461
2;1741088132416;7462
2;1741088140780;7463
2;1741088141941;7464
2;1741088150832;7465
2;1741088154633;7466
2;1741088162285;7467
2;1741088162356;7468
2;1741088163941;7469
2;1741088180204;7470
2;1741088180214;7471
2;1741088182758;7472
2;1741088188069;7473
2;1741088193721;7474
2;1741088199696;7475
2;1741088207989;7476
2;1741088211917;7477
2;1741088215464;7478
2;1741088217754;7479
2;1741088222010;7480
2;1741088239220;7481
2;1741088240438;7482
2;1741088241649;7483
2;1741088246940;7484
2;1741088247975;7485
2;1741088255083;7486
2;1741088258016;7487
2;1741088271102;7488
2;1741088274966;7489
2;1741088283897;7490
2;1741088285476;7491
2;1741088289407;7492
2;1741088293779;7493
2;1741088298880;7494
2;1741088302374;7495
2;1741088303100;7496
2;1741088311359;7497
2;1741088319894;7498
2;1741088319909;7499
2;1741088324797;7500
2;1741088335066;7501
2;1741088343067;7502
2;1741088347581;7503
2;1741088349587;7504
2;1741088353554;7505
2;1741088362993;7506
2;1741088363080;7507
2;1741088370933;7508
2;1741088370953;7509
2;1741088378308;7510
2;1741088381766;7511
2;1741088384663;7512
2;1741088384873;7513
2;1741088394964;7514
2;1741088400903;7515
2;1741088401890;7516
2;1741088410748;7517
2;1741088412027;7518
2;1741088414335;7519
2;1741088423300;7520
2;1741088425792;7521
2;1741088435833;7522
2;1741088441017;7523
2;1741088444556;7524
2;1741088447847;7525
2;1741088463550;7526
2;1741088472966;7527
2;1741088473327;7528
2;1741088479556;7529
2;1741088481241;7530
2;1741088489604;7531
2;1741088493706;7532
2;1741088496614;7533
2;1741088508643;7534
2;1741088509728;7535
2;1741088510313;7536
2;1741088511850;7537
2;1741088511858;7538
2;1741088524782;7539
2;1741088530918;7540
2;1741088531962;7541
2;1741088545732;7542
2;1741088546271;7543
2;1741088548047;7544
2;1741088551853;7545
2;1741088552900;7546
2;1741088559261;7547
2;1741088559357;7548
2;1741088559438;7549
2;1741088571368;7550
2;1741088571835;7551
2;1741088590451;7552
2;1741088594335;7553
2;1741088600406;7554
2;1741088607745;7555
2;1741088611620;7556
2;1741088613892;7557
2;1741088615544;7558
2;1741088617723;7559
2;1741088630483;7560
2;1741088631082;7561
2;1741088632767;7562
2;1741088647270;7563
2;1741088660269;7564
2;1741088660937;7565
2;1741088662447;7566
2;1741088666186;7567
2;1741088675927;7568
2;1741088679084;7569
2;1741088686647;7570
2;1741088688471;7571
2;1741088690844;7572
2;1741088692542;7573
2;1741088697878;7574
2;1741088703104;7575
2;1741088706175;7576
2;1741088714168;7577
2;1741088722889;7578
2;1741088724284;7579
2;1741088725266;7580
2;1741088727416;7581
2;1741088739809;7582
2;1741088743207;7583
2;1741088744597;7584
2;1741088744663;7585
2;1741088749113;7586
2;1741088755993;7587
2;1741088763622;7588
2;1741088774336;7589
2;1741088776123;7590
2;1741088779325;7591
2;1741088791505;7592
2;1741088798702;7593
2;1741088801754;7594
2;1741088809655;7595
2;1741088813325;7596
2;1741088815046;7597
2;1741088820810;7598
2;1741088821726;7599
2;1741088826183;7600
2;1741088827932;7601
2;1741088828641;7602
2;1741088830560;7603
2;1741088842422;7604
2;1741088855619;7605
2;1741088866124;7606
2;1741088869605;7607
2;1741088872469;7608
2;1741088879356;7609
2;1741088883489;7610
2;1741088885119;7611
2;1741088885234;7612
2;1741088887532;7613
2;1741088891607;7614
2;1741088898708;7615
2;1741088904211;7616
2;1741088905942;7617
2;1741088916555;7618
2;1741088928440;7619
2;1741088932820;7620
2;1741088935380;7621
2;1741088940668;7622
2;1741088946157;7623
2;1741088946545;7624
2;1741088957458;7625
2;1741088958952;7626
2;1741088966787;7627
2;1741088967355;7628
2;1741088972777;7629
2;1741088979264;7630
2;1741088983024;7631
2;1741088990769;7632
2;1741088994429;7633
2;1741088998510;7634
2;1741089007736;7635
2;1741089019123;7636
2;1741089023680;7637
2;1741089024931;7638
2;1741089027084;7639
2;1741089032777;7640
2;1741089032905;7641
2;1741089033573;7642
2;1741089050620;7643
2;1741089057479;7644
2;1741089060328;7645
2;1741089062081;7646
2;1741089067591;7647
2;1741089068193;7648
2;1741089068493;7649
2;1741089076691;7650
2;1741089078453;7651
2;1741089079638;7652
2;1741089094193;7653
2;1741089101058;7654
2;1741089103163;7655
2;1741089110400;7656
2;1741089110430;7657
2;1741089116230;7658
2;1741089126713;7659
2;1741089133799;7660
2;1741089135925;7661
2;1741089140150;7662
2;1741089141354;7663
2;1741089145651;7664
2;1741089150150;7665
2;1741089154760;7666
2;1741089173844;7667
2;1741089176183;7668
2;1741089178286;7669
2;1741089183583;7670
2;1741089183845;7671
2;1741089185168;7672
2;1741089185465;7673
2;1741089196349;7674
2;1741089198126;7675
2;1741089207895;7676
2;1741089208848;7677
2;1741089211510;7678
2;1741089220748;7679
2;1741089221553;7680
2;1741089221766;7681
2;1741089240850;7682
2;1741089243737;7683
2;1741089247745;7684
2;1741089250678;7685
2;1741089251651;7686
2;1741089257847;7687
2;1741089273458;7688
2;1741089273821;7689
2;1741089278303;7690
2;1741089282125;7691
2;1741089296176;7692
2;1741089299515;7693
2;1741089309936;7694
2;1741089311242;7695
2;1741089312689;7696
2;1741089320025;7697
2;1741089322983;7698
2;1741089324637;7699
2;1741089334132;7700
2;1741089343096;7701
2;1741089345249;7702
2;1741089347294;7703
2;1741089355642;7704
2;1741089357840;7705
2;1741089358183;7706
2;1741089362612;7707
2;1741089366537;7708
2;1741089373355;7709
2;1741089375847;7710
2;1741089380615;7711
2;1741089382910;7712
2;1741089384291;7713
2;1741089397631;7714
2;1741089398640;7715
2;1741089401363;7716
2;1741089405048;7717
2;1741089414479;7718
2;1741089426208;7719
2;1741089426864;7720
2;1741089441585;7721
2;1741089442169;7722
2;1741089445659;7723
2;1741089448280;7724
2;1741089452674;7725
2;1741089453243;7726
2;1741089463729;7727
2;1741089465687;7728
2;1741089473372;7729
2;1741089477825;7730
2;1741089481200;7731
2;1741089487292;7732
2;1741089492497;7733
2;1741089508816;7734
2;1741089509370;7735
2;1741089510906;7736
2;1741089513568;7737
2;1741089514277;7738
2;1741089519224;7739
2;1741089532621;7740
2;1741089541432;7741
2;1741089543710;7742
2;1741089547776;7743
2;1741089554278;7744
2;1741089554335;7745
2;1741089557532;7746
2;1741089571363;7747
2;1741089571382;7748
2;1741089571979;7749
2;1741089573635;7750
2;1741089577422;7751
2;1741089581023;7752
2;1741089583812;7753
2;1741089587041;7754
2;1741089596244;7755
2;1741089598070;7756
2;1741089604951;7757
2;1741089617236;7758
2;1741089631483;7759
2;1741089633639;7760
2;1741089633712;7761
2;1741089636819;7762
2;1741089637599;7763
2;1741089637952;7764
2;1741089652563;7765
2;1741089658209;7766
2;1741089666194;7767
2;1741089667226;7768
2;1741089668234;7769
2;1741089670398;7770
2;1741089678042;7771
2;1741089694934;7772
2;1741089696112;7773
2;1741089697810;7774
2;1741089709741;7775
2;1741089710367;7776
2;1741089712719;7777
2;1741089716029;7778
2;1741089724304;7779
2;1741089724359;7780
2;1741089748678;7781
2;1741089749153;7782
2;1741089750530;7783
2;1741089754450;7784
2;1741089755393;7785
2;1741089759592;7786
2;1741089762470;7787
2;1741089765061;7788
2;1741089784555;7789
2;1741089784967;7790
2;1741089792913;7791
2;1741089793055;7792
2;1741089798218;7793
2;1741089801074;7794
2;1741089804446;7795
2;1741089806566;7796
2;1741089813804;7797
2;1741089824710;7798
2;1741089828352;7799
2;1741089831703;7800
2;1741089832001;7801
2;1741089835840;7802
2;1741089838315;7803
2;1741089838780;7804
2;1741089851010;7805
2;1741089860590;7806
2;1741089863764;7807
2;1741089868573;7808
2;1741089870362;7809
2;1741089885827;7810
2;1741089888489;7811
2;1741089890340;7812
2;1741089906222;7813
2;1741089907563;7814
2;1741089909527;7815
2;1741089918388;7816
2;1741089919380;7817
2;1741089923102;7818
2;1741089928883;7819
2;1741089931545;7820
2;1741089932128;7821
2;1741089937704;7822
2;1741089943457;7823
2;1741089947754;7824
2;1741089956495;7825
2;1741089959768;7826
2;1741089960269;7827
2;1741089964543;7828
2;1741089973486;7829
2;1741089973521;7830
2;1741089978059;7831
2;1741089978068;7832
2;1741089980185;7833
2;1741090003073;7834
2;1741090005411;7835
2;1741090005655;7836
2;1741090009203;7837
2;1741090011882;7838
2;1741090020128;7839
2;1741090021177;7840
2;1741090031278;7841
2;1741090032991;7842
2;1741090034708;7843
2;1741090046196;7844
2;1741090048809;7845
2;1741090053432;7846
2;1741090055461;7847
2;1741090057932;7848
2;1741090072896;7849
2;1741090073382;7850
2;1741090078273;7851
2;1741090091000;7852
2;1741090095831;7853
2;1741090097576;7854
2;1741090103594;7855
2;1741090103607;7856
2;1741090111545;7857
2;1741090113308;7858
2;1741090116793;7859
2;1741090117174;7860
2;1741090122485;7861
2;1741090141341;7862
2;1741090143392;7863
2;1741090150030;7864
2;1741090154637;7865
2;1741090158874;7866
2;1741090159707;7867
2;1741090167033;7868
2;1741090170532;7869
2;1741090173858;7870
2;1741090186881;7871
2;1741090191815;7872
2;1741090196397;7873
2;1741090196803;7874
2;1741090204921;7875
2;1741090212047;7876
2;1741090218540;7877
2;1741090219717;7878
2;1741090223789;7879
2;1741090228977;7880
2;1741090230111;7881
2;1741090235193;7882
2;1741090253582;7883
2;1741090254896;7884
2;1741090254985;7885
2;1741090256053;7886
2;1741090261629;7887
2;1741090270611;7888
2;1741090273624;7889
2;1741090275998;7890
2;1741090281961;7891
2;1741090296673;7892
2;1741090297569;7893
2;1741090306146;7894
2;1741090306360;7895
2;1741090315186;7896
2;1741090315672;7897
2;1741090316608;7898
2;1741090318631;7899
2;1741090321921;7900
2;1741090324693;7901
2;1741090337670;7902
2;1741090343462;7903
2;1741090346386;7904
2;1741090353192;7905
2;1741090363455;7906
2;1741090366451;7907
2;1741090370743;7908
2;1741090371249;7909
2;1741090377397;7910
2;1741090381744;7911
2;1741090388703;7912
2;1741090391107;7913
2;1741090396944;7914
2;1741090407385;7915
2;1741090409964;7916
2;1741090411133;7917
2;1741090411279;7918
2;1741090414251;7919
2;1741090420563;7920
2;1741090435661;7921
2;1741090440972;7922
2;1741090445623;7923
2;1741090445720;7924
2;1741090454140;7925
2;1741090460398;7926
2;1741090466682;7927
2;1741090469593;7928
2;1741090470358;7929
2;1741090471124;7930
2;1741090488513;7931
2;1741090490969;7932
2;1741090494221;7933
2;1741090499066;7934
2;1741090501350;7935
2;1741090505807;7936
2;1741090512980;7937
2;1741090513650;7938
2;1741090515017;7939
2;1741090527001;7940
2;1741090527488;7941
2;1741090546886;7942
2;1741090548697;7943
2;1741090550057;7944
2;1741090552728;7945
2;1741090556576;7946
2;1741090557581;7947
2;1741090561633;7948
2;1741090570074;7949
2;1741090576478;7950
2;1741090584583;7951
2;1741090585022;7952
2;1741090591524;7953
2;1741090595690;7954
2;1741090609194;7955
2;1741090610692;7956
2;1741090617572;7957
2;1741090618613;7958
2;1741090623008;7959
2;1741090623269;7960
2;1741090623578;7961
2;1741090629308;7962
2;1741090629632;7963
2;1741090651790;7964
2;1741090653963;7965
2;1741090659163;7966
2;1741090662073;7967
2;1741090671738;7968
2;1741090675844;7969
2;1741090682851;7970
2;1741090683806;7971
2;1741090692761;7972
2;1741090694004;7973
2;1741090694874;7974
2;1741090698189;7975
2;1741090704849;7976
2;1741090713511;7977
2;1741090731257;7978
2;1741090731673;7979
2;1741090732665;7980
2;1741090733777;7981
2;1741090734689;7982
2;1741090740252;7983
2;1741090740522;7984
2;1741090748552;7985
2;1741090749292;7986
2;1741090751403;7987
2;1741090765896;7988
2;1741090768391;7989
2;1741090772570;7990
2;1741090778420;7991
2;1741090788728;7992
2;1741090791536;7993
2;1741090797187;7994
2;1741090802767;7995
2;1741090802941;7996
2;1741090806128;7997
2;1741090810257;7998
2;1741090826113;7999
2;1741090826341;8000
2;1741090827342;8001
2;1741090835151;8002
2;1741090838325;8003
2;1741090843673;8004
2;1741090851369;8005
2;1741090851381;8006
2;1741090861478;8007
2;1741090866934;8008
2;1741090875837;8009
2;1741090875848;8010
2;1741090880886;8011
2;1741090885191;8012
2;1741090887044;8013
2;1741090891816;8014
2;1741090906412;8015
2;1741090911362;8016
2;1741090917731;8017
2;1741090919074;8018
2;1741090922541;8019
2;1741090930681;8020
2;1741090930831;8021
2;1741090933015;8022
2;1741090941629;8023
2;1741090945212;8024
2;1741090951001;8025
2;1741090959079;8026
2;1741090959614;8027
2;1741090964398;8028
2;1741090972280;8029
2;1741090982834;8030
2;1741090986620;8031
2;1741090987603;8032
2;1741091001819;8033
2;1741091004990;8034
2;1741091009303;8035
2;1741091014946;8036
2;1741091018524;8037
2;1741091024690;8038
2;1741091027113;8039
2;1741091028551;8040
2;1741091036238;8041
2;1741091041948;8042
2;1741091042051;8043
2;1741091044806;8044
2;1741091052882;8045
2;1741091061454;8046
2;1741091064354;8047
2;1741091066598;8048
2;1741091069835;8049
2;1741091073382;8050
2;1741091079801;8051
2;1741091084633;8052
2;1741091094167;8053
2;1741091094685;8054
2;1741091095349;8055
2;1741091102039;8056
2;1741091110256;8057
2;1741091111506;8058
2;1741091118520;8059
2;1741091126669;8060
2;1741091131758;8061
2;1741091132651;8062
2;1741091143415;8063
2;1741091146412;8064
2;1741091151021;8065
2;1741091156918;8066
2;1741091160717;8067
2;1741091162865;8068
2;1741091173834;8069
2;1741091176333;8070
2;1741091179432;8071
2;1741091180810;8072
2;1741091189171;8073
2;1741091194971;8074
2;1741091208835;8075
2;1741091208845;8076
2;1741091220287;8077
2;1741091222683;8078
2;1741091224090;8079
2;1741091225872;8080
2;1741091240867;8081
2;1741091242815;8082
2;1741091249783;8083
2;1741091255061;8084
2;1741091261501;8085
2;1741091261921;8086
2;1741091263144;8087
2;1741091274698;8088
2;1741091276820;8089
2;1741091277608;8090
2;1741091278959;8091
2;1741091287422;8092
2;1741091293533;8093
2;1741091296921;8094
2;1741091301137;8095
2;1741091311602;8096
2;1741091317200;8097
2;1741091318900;8098
2;1741091325345;8099
2;1741091331229;8100
2;1741091333710;8101
2;1741091335516;8102
2;1741091342655;8103
2;1741091348383;8104
2;1741091358758;8105
2;1741091362687;8106
2;1741091367984;8107
2;1741091368591;8108
2;1741091373206;8109
2;1741091382299;8110
2;1741091386339;8111
2;1741091387178;8112
2;1741091396390;8113
2;1741091396926;8114
2;1741091402377;8115
2;1741091406953;8116
2;1741091415606;8117
2;1741091419385;8118
2;1741091424727;8119
2;1741091433432;8120
2;1741091434792;8121
2;1741091434892;8122
2;1741091441337;8123
2;1741091443068;8124
2;1741091452730;8125
2;1741091461721;8126
2;1741091462196;8127
2;1741091464378;8128
2;1741091465620;8129
2;1741091481000;8130
2;1741091484159;8131
2;1741091487901;8132
2;1741091491208;8133
2;1741091499211;8134
2;1741091500194;8135
2;1741091512844;8136
2;1741091515805;8137
2;1741091516183;8138
2;1741091521213;8139
2;1741091522405;8140
2;1741091527520;8141
2;1741091533237;8142
2;1741091542364;8143
2;1741091545602;8144
2;1741091558356;8145
2;1741091562724;8146
2;1741091569199;8147
2;1741091569929;8148
2;1741091570390;8149
2;1741091578567;8150
2;1741091578880;8151
2;1741091584163;8152
2;1741091591754;8153
2;1741091592079;8154
2;1741091604238;8155
2;1741091606359;8156
2;1741091612937;8157
2;1741091619369;8158
2;1741091621758;8159
2;1741091628699;8160
2;1741091640687;8161
2;1741091642263;8162
2;1741091648078;8163
2;1741091649681;8164
2;1741091658192;8165
2;1741091658272;8166
2;1741091672251;8167
2;1741091676882;8168
2;1741091679658;8169
2;1741091690078;8170
2;1741091691301;8171
2;1741091692297;8172
2;1741091692570;8173
2;1741091698973;8174
2;1741091699912;8175
2;1741091701317;8176
2;1741091704055;8177
2;1741091715121;8178
2;1741091715160;8179
2;1741091722672;8180
2;1741091723546;8181
2;1741091744597;8182
2;1741091749348;8183
2;1741091753632;8184
2;1741091757343;8185
2;1741091758511;8186
2;1741091759960;8187
2;1741091767280;8188
2;1741091771078;8189
2;1741091780319;8190
2;1741091791310;8191
2;1741091793440;8192
2;1741091798210;8193
2;1741091799813;8194
2;1741091815668;8195
2;1741091815949;8196
2;1741091816700;8197
2;1741091819556;8198
2;1741091820743;8199
2;1741091829295;8200
2;1741091837767;8201
2;1741091839273;8202
2;1741091843189;8203
2;1741091846767;8204
2;1741091858023;8205
2;1741091859149;8206
2;1741091861993;8207
2;1741091862848;8208
2;1741091863247;8209
2;1741091870465;8210
2;1741091881832;8211
2;1741091883796;8212
2;1741091894354;8213
2;1741091897520;8214
2;1741091897688;8215
2;1741091900700;8216
2;1741091909995;8217
2;1741091914760;8218
2;1741091917692;8219
2;1741091919189;8220
2;1741091922578;8221
2;1741091929291;8222
2;1741091938043;8223
2;1741091943455;8224
2;1741091951641;8225
2;1741091954128;8226
2;1741091956039;8227
2;1741091969988;8228
2;1741091970816;8229
2;1741091975017;8230
2;1741091978892;8231
2;1741091981549;8232
2;1741091993892;8233
2;1741091999079;8234
2;1741092001647;8235
2;1741092003250;8236
2;1741092013628;8237
2;1741092022579;8238
2;1741092024627;8239
2;1741092030965;8240
2;1741092034495;8241
2;1741092041231;8242
2;1741092044674;8243
2;1741092045297;8244
2;1741092056279;8245
2;1741092056474;8246
2;1741092069813;8247
2;1741092075898;8248
2;1741092082829;8249
2;1741092082881;8250
2;1741092083662;8251
2;1741092088511;8252
2;1741092096288;8253
2;1741092100827;8254
2;1741092103613;8255
2;1741092113491;8256
2;1741092115606;8257
2;1741092115927;8258
2;1741092122599;8259
2;1741092124512;8260
2;1741092144964;8261
2;1741092144975;8262
2;1741092146479;8263
2;1741092148357;8264
2;1741092162067;8265
2;1741092164203;8266
2;1741092168410;8267
2;1741092175045;8268
2;1741092175433;8269
2;1741092182435;8270
2;1741092185066;8271
2;1741092194914;8272
2;1741092200783;8273
2;1741092200994;8274
2;1741092202565;8275
2;1741092215433;8276
2;1741092219286;8277
2;1741092226806;8278
2;1741092228614;8279
2;1741092231912;8280
2;1741092235159;8281
2;1741092236061;8282
2;1741092236141;8283
2;1741092245687;8284
2;1741092253617;8285
2;1741092262435;8286
2;1741092262882;8287
2;1741092265410;8288
2;1741092267330;8289
2;1741092275625;8290
2;1741092279183;8291
2;1741092283121;8292
2;1741092287959;8293
2;1741092289778;8294
2;1741092297737;8295
2;1741092310727;8296
2;1741092319465;8297
2;1741092323987;8298
2;1741092325765;8299
2;1741092328578;8300
2;1741092338720;8301
2;1741092347811;8302
2;1741092352098;8303
2;1741092355274;8304
2;1741092356611;8305
2;1741092366878;8306
2;1741092368462;8307
2;1741092369897;8308
2;1741092374943;8309
2;1741092375938;8310
2;1741092381869;8311
2;1741092389210;8312
2;1741092397166;8313
2;1741092400753;8314
2;1741092406925;8315
2;1741092408183;8316
2;1741092410989;8317
2;1741092421695;8318
2;1741092428418;8319
2;1741092436425;8320
2;1741092446208;8321
2;1741092448587;8322
2;1741092450579;8323
2;1741092452148;8324
2;1741092457508;8325
2;1741092458835;8326
2;1741092466049;8327
2;1741092467534;8328
2;1741092470704;8329
2;1741092480659;8330
2;1741092491130;8331
2;1741092495115;8332
2;1741092495660;8333
2;1741092495709;8334
2;1741092503910;8335
2;1741092505375;8336
2;1741092506130;8337
2;1741092513579;8338
2;1741092515991;8339
2;1741092526399;8340
2;1741092527034;8341
2;1741092538881;8342
2;1741092548710;8343
2;1741092554435;8344
2;1741092557844;8345
2;1741092562665;8346
2;1741092564699;8347
2;1741092578503;8348
2;1741092582015;8349
2;1741092584658;8350
2;1741092590070;8351
2;1741092595411;8352
2;1741092598706;8353
2;1741092598717;8354
2;1741092600374;8355
2;1741092613753;8356
2;1741092617610;8357
2;1741092619204;8358
2;1741092619398;8359
2;1741092622926;8360
2;1741092624533;8361
2;1741092627253;8362
2;1741092629079;8363
2;1741092645265;8364
2;1741092649933;8365
2;1741092653229;8366
2;1741092658374;8367
2;1741092660832;8368
2;1741092683914;8369
2;1741092684840;8370
2;1741092688432;8371
2;1741092691178;8372
2;1741092693082;8373
2;1741092693405;8374
2;1741092695722;8375
2;1741092697835;8376
2;1741092712603;8377
2;1741092722466;8378
2;1741092728193;8379
2;1741092736146;8380
2;1741092737321;8381
2;1741092744130;8382
2;1741092745269;8383
2;1741092750114;8384
2;1741092752054;8385
2;1741092754429;8386
2;1741092759637;8387
2;1741092771209;8388
2;1741092777188;8389
2;1741092778294;8390
2;1741092782900;8391
2;1741092786816;8392
2;1741092805259;8393
2;1741092807603;8394
2;1741092809255;8395
2;1741092811403;8396
2;1741092812041;8397
2;1741092821399;8398
2;1741092825809;8399
2;1741092828945;8400
2;1741092831886;8401
2;1741092836425;8402
2;1741092838157;8403
2;1741092839469;8404
2;1741092844725;8405
2;1741092847475;8406
2;1741092856949;8407
2;1741092865792;8408
2;1741092865864;8409
2;1741092870718;8410
2;1741092872971;8411
2;1741092882631;8412
2;1741092890079;8413
2;1741092892174;8414
2;1741092893564;8415
2;1741092907189;8416
2;1741092919667;8417
2;1741092921250;8418
2;1741092923415;8419
2;1741092927953;8420
2;1741092933773;8421
2;1741092939822;8422
2;1741092947932;8423
2;1741092951710;8424
2;1741092952902;8425
2;1741092958582;8426
2;1741092969020;8427
2;1741092969508;8428
2;1741092972962;8429
2;1741092977038;8430
2;1741092981354;8431
2;1741092998255;8432
2;1741093003215;8433
2;1741093005405;8434
2;1741093007191;8435
2;1741093012005;8436
2;1741093014695;8437
2;1741093018107;8438
2;1741093019369;8439
2;1741093023769;8440
2;1741093025882;8441
2;1741093031355;8442
2;1741093052882;8443
2;1741093057077;8444
2;1741093058843;8445
2;1741093060867;8446
2;1741093065643;8447
2;1741093067697;8448
2;1741093078605;8449
2;1741093081916;8450
2;1741093084017;8451
2;1741093087479;8452
2;1741093088818;8453
2;1741093092981;8454
2;1741093099442;8455
2;1741093108437;8456
2;1741093110755;8457
2;1741093122563;8458
2;1741093127848;8459
2;1741093130764;8460
2;1741093133627;8461
2;1741093139685;8462
2;1741093144965;8463
2;1741093149566;8464
2;1741093151591;8465
2;1741093152290;8466
2;1741093155377;8467
2;1741093160829;8468
2;1741093174903;8469
2;1741093179143;8470
2;1741093183759;8471
2;1741093183778;8472
2;1741093186328;8473
2;1741093197779;8474
2;1741093198942;8475
2;1741093200221;8476
2;1741093200544;8477
2;1741093212302;8478
2;1741093222427;8479
2;1741093224304;8480
2;1741093227277;8481
2;1741093233896;8482
2;1741093235677;8483
2;1741093242507;8484
2;1741093243228;8485
2;1741093249725;8486
2;1741093259698;8487
2;1741093264353;8488
2;1741093264428;8489
2;1741093274977;8490
2;1741093285242;8491
2;1741093288490;8492
2;1741093294759;8493
2;1741093295368;8494
2;1741093296695;8495
2;1741093299330;8496
2;1741093308124;8497
2;1741093309933;8498
2;1741093315380;8499
2;1741093330313;8500
2;1741093336804;8501
2;1741093340968;8502
2;1741093342396;8503
2;1741093342489;8504
2;1741093343099;8505
2;1741093357938;8506
2;1741093365123;8507
2;1741093366940;8508
2;1741093376954;8509
2;1741093377032;8510
2;1741093383192;8511
2;1741093384012;8512
2;1741093387878;8513
2;1741093388711;8514
2;1741093413564;8515
2;1741093414381;8516
2;1741093414530;8517
2;1741093425765;8518
2;1741093431757;8519
2;1741093434208;8520
2;1741093439827;8521
2;1741093439947;8522
2;1741093443400;8523
2;1741093447161;8524
2;1741093457723;8525
2;1741093458245;8526
2;1741093461639;8527
2;1741093465292;8528
2;1741093474623;8529
2;1741093475287;8530
2;1741093476223;8531
2;1741093477718;8532
2;1741093492500;8533
2;1741093502800;8534
2;1741093503492;8535
2;1741093510231;8536
2;1741093515073;8537
2;1741093515900;8538
2;1741093518827;8539
2;1741093522303;8540
2;1741093541758;8541
2;1741093546433;8542
2;1741093546670;8543
2;1741093547985;8544
2;1741093548564;8545
2;1741093556456;8546
2;1741093559066;8547
2;1741093580371;8548
2;1741093580619;8549
2;1741093582666;8550
2;1741093583678;8551
2;1741093591674;8552
2;1741093596395;8553
2;1741093596713;8554
2;1741093598696;8555
2;1741093599977;8556
2;1741093618303;8557
2;1741093623397;8558
2;1741093624695;8559
2;1741093627129;8560
2;1741093628025;8561
2;1741093636837;8562
2;1741093648799;8563
2;1741093649251;8564
2;1741093654619;8565
2;1741093663632;8566
2;1741093665186;8567
2;1741093669110;8568
2;1741093670958;8569
2;1741093677405;8570
2;1741093680035;8571
2;1741093688729;8572
2;1741093696302;8573
2;1741093698260;8574
2;1741093699230;8575
2;1741093704978;8576
2;1741093709122;8577
2;1741093719741;8578
2;1741093726861;8579
2;1741093727572;8580
2;1741093735061;8581
2;1741093738458;8582
2;1741093747079;8583
2;1741093751009;8584
2;1741093753809;8585
2;1741093760805;8586
2;1741093768130;8587
2;1741093773286;8588
2;1741093774836;8589
2;1741093779919;8590
2;1741093781939;8591
2;1741093782873;8592
2;1741093797666;8593
2;1741093804286;8594
2;1741093805431;8595
2;1741093811562;8596
2;1741093812896;8597
2;1741093813238;8598
2;1741093814384;8599
2;1741093825687;8600
2;1741093830758;8601
2;1741093831133;8602
2;1741093832641;8603
2;1741093848299;8604
2;1741093859588;8605
2;1741093864508;8606
2;1741093867068;8607
2;1741093867201;8608
2;1741093867290;8609
2;1741093867715;8610
2;1741093871009;8611
2;1741093881755;8612
2;1741093886971;8613
2;1741093899261;8614
2;1741093909062;8615
2;1741093914986;8616
2;1741093918649;8617
2;1741093920487;8618
2;1741093922259;8619
2;1741093930527;8620
2;1741093933395;8621
2;1741093935810;8622
2;1741093946765;8623
2;1741093957192;8624
2;1741093962807;8625
2;1741093968741;8626
2;1741093969531;8627
2;1741093970196;8628
2;1741093971146;8629
2;1741093981707;8630
2;1741093983454;8631
2;1741093989508;8632
2;1741093991487;8633
2;1741093998485;8634
2;1741094002843;8635
2;1741094008151;8636
2;1741094011399;8637
2;1741094011992;8638
2;1741094022662;8639
2;1741094027051;8640
2;1741094030318;8641
2;1741094045780;8642
2;1741094045890;8643
2;1741094050332;8644
2;1741094052093;8645
2;1741094053703;8646
2;1741094054946;8647
2;1741094065319;8648
2;1741094075877;8649
2;1741094079885;8650
2;1741094085017;8651
2;1741094093175;8652
2;1741094095827;8653
2;1741094099317;8654
2;1741094102835;8655
2;1741094109567;8656
2;1741094111704;8657
2;1741094119133;8658
2;1741094126394;8659
2;1741094133396;8660
2;1741094135059;8661
2;1741094136071;8662
2;1741094138650;8663
2;1741094152233;8664
2;1741094156931;8665
2;1741094161043;8666
2;1741094174712;8667
2;1741094178285;8668
2;1741094184317;8669
2;1741094185588;8670
2;1741094191735;8671
2;1741094195585;8672
2;1741094196435;8673
2;1741094198268;8674
2;1741094199622;8675
2;1741094206860;8676
2;1741094210831;8677
2;1741094213538;8678
2;1741094216611;8679
2;1741094234388;8680
2;1741094235110;8681
2;1741094237294;8682
2;1741094241678;8683
2;1741094243219;8684
2;1741094245906;8685
2;1741094260191;8686
2;1741094269905;8687
2;1741094270381;8688
2;1741094273533;8689
2;1741094278553;8690
2;1741094291917;8691
2;1741094292545;8692
2;1741094298183;8693
2;1741094299153;8694
2;1741094300775;8695
2;1741094302851;8696
2;1741094318945;8697
2;1741094320677;8698
2;1741094321433;8699
2;1741094321547;8700
2;1741094324344;8701
2;1741094346046;8702
2;1741094347981;8703
2;1741094349843;8704
2;1741094356374;8705
2;1741094356531;8706
2;1741094359585;8707
2;1741094360796;8708
2;1741094367569;8709
2;1741094371120;8710
2;1741094379787;8711
2;1741094380442;8712
2;1741094392923;8713
2;1741094396793;8714
2;1741094402456;8715
2;1741094402613;8716
2;1741094406336;8717
2;1741094414433;8718
2;1741094414687;8719
2;1741094417795;8720
2;1741094427444;8721
2;1741094427865;8722
2;1741094435531;8723
2;1741094440504;8724
2;1741094450252;8725
2;1741094464968;8726
2;1741094465641;8727
2;1741094471939;8728
2;1741094473250;8729
2;1741094473649;8730
2;1741094474561;8731
2;1741094486660;8732
2;1741094500156;8733
2;1741094501425;8734
2;1741094504597;8735
2;1741094514007;8736
2;1741094516310;8737
2;1741094521745;8738
2;1741094523471;8739
2;1741094534172;8740
2;1741094536325;8741
2;1741094538238;8742
2;1741094549587;8743
2;1741094552303;8744
2;1741094558494;8745
2;1741094559327;8746
2;1741094566784;8747
2;1741094567395;8748
2;1741094569872;8749
2;1741094575647;8750
2;1741094589574;8751
2;1741094594247;8752
2;1741094596803;8753
2;1741094598281;8754
2;1741094600589;8755
2;1741094606869;8756
2;1741094616412;8757
2;1741094620594;8758
2;1741094624154;8759
2;1741094630337;8760
2;1741094636612;8761
2;1741094636980;8762
2;1741094645956;8763
2;1741094648853;8764
2;1741094649294;8765
2;1741094650027;8766
2;1741094668322;8767
2;1741094672825;8768
2;1741094675517;8769
2;1741094681615;8770
2;1741094687329;8771
2;1741094688088;8772
2;1741094691726;8773
2;1741094691771;8774
2;1741094697519;8775
2;1741094715513;8776
2;1741094723504;8777
2;1741094723524;8778
2;1741094724462;8779
2;1741094728167;8780
2;1741094738665;8781
2;1741094742974;8782
2;1741094746560;8783
2;1741094751116;8784
2;1741094753747;8785
2;1741094759624;8786
2;1741094760548;8787
2;1741094763130;8788
2;1741094775871;8789
2;1741094781101;8790
2;1741094781487;8791
2;1741094784039;8792
2;1741094789458;8793
2;1741094789911;8794
2;1741094800677;8795
2;1741094803796;8796
2;1741094803973;8797
2;1741094810244;8798
2;1741094815125;8799
2;1741094817051;8800
2;1741094829336;8801
2;1741094844367;8802
2;1741094847489;8803
2;1741094848972;8804
2;1741094849370;8805
2;1741094850562;8806
2;1741094851722;8807
2;1741094877489;8808
2;1741094879247;8809
2;1741094883778;8810
2;1741094885157;8811
2;1741094885690;8812
2;1741094888905;8813
2;1741094906992;8814
2;1741094911359;8815
2;1741094917405;8816
2;1741094919433;8817
2;1741094922932;8818
2;1741094926359;8819
2;1741094938915;8820
2;1741094939637;8821
2;1741094941757;8822
2;1741094944451;8823
2;1741094948700;8824
2;1741094950151;8825
2;1741094957203;8826
2;1741094961391;8827
2;1741094961488;8828
2;1741094965749;8829
2;1741094972112;8830
2;1741094979448;8831
2;1741094987329;8832
2;1741094988214;8833
2;1741094995802;8834
2;1741095004744;8835
2;1741095009522;8836
2;1741095012552;8837
2;1741095013590;8838
2;1741095019896;8839
2;1741095028083;8840
2;1741095035835;8841
2;1741095036080;8842
2;1741095042829;8843
2;1741095052861;8844
2;1741095056607;8845
2;1741095059451;8846
2;1741095060991;8847
2;1741095063747;8848
2;1741095075234;8849
2;1741095075284;8850
2;1741095079658;8851
2;1741095096106;8852
2;1741095096279;8853
2;1741095105906;8854
2;1741095112271;8855
2;1741095117039;8856
2;1741095117315;8857
2;1741095118233;8858
2;1741095120920;8859
2;1741095137733;8860
2;1741095137984;8861
2;1741095139976;8862
2;1741095140876;8863
2;1741095143304;8864
2;1741095146466;8865
2;1741095148015;8866
2;1741095165296;8867
2;1741095170677;8868
2;1741095174048;8869
2;1741095175176;8870
2;1741095176620;8871
2;1741095188983;8872
2;1741095191054;8873
2;1741095199955;8874
2;1741095205417;8875
2;1741095213551;8876
2;1741095225553;8877
2;1741095231416;8878
2;1741095234106;8879
2;1741095234773;8880
2;1741095237905;8881
2;1741095240340;8882
2;1741095250857;8883
2;1741095255146;8884
2;1741095256867;8885
2;1741095263766;8886
2;1741095264510;8887
2;1741095268451;8888
2;1741095278873;8889
2;1741095282839;8890
2;1741095283161;8891
2;1741095285761;8892
2;1741095286306;8893
2;1741095302574;8894
2;1741095304222;8895
2;1741095309070;8896
2;1741095311267;8897
2;1741095311932;8898
2;1741095326776;8899
2;1741095330318;8900
2;1741095340066;8901
2;1741095345796;8902
2;1741095345905;8903
2;1741095351766;8904
2;1741095353746;8905
2;1741095355433;8906
2;1741095358198;8907
2;1741095374154;8908
2;1741095380566;8909
2;1741095383025;8910
2;1741095387099;8911
2;1741095391307;8912
2;1741095393802;8913
2;1741095401338;8914
2;1741095401735;8915
2;1741095409837;8916
2;1741095412439;8917
2;1741095418486;8918
2;1741095419419;8919
2;1741095426809;8920
2;1741095429810;8921
2;1741095435336;8922
2;1741095443111;8923
2;1741095448521;8924
2;1741095458078;8925
2;1741095460823;8926
2;1741095461962;8927
2;1741095468322;8928
2;1741095469087;8929
2;1741095479991;8930
2;1741095482422;8931
2;1741095482839;8932
2;1741095493941;8933
2;1741095495278;8934
2;1741095507466;8935
2;1741095511199;8936
2;1741095513672;8937
2;1741095517559;8938
2;1741095519480;8939
2;1741095533175;8940
2;1741095540160;8941
2;1741095541762;8942
2;1741095542838;8943
2;1741095546169;8944
2;1741095548448;8945
2;1741095562064;8946
2;1741095567063;8947
2;1741095573160;8948
2;1741095573245;8949
2;1741095574034;8950
2;1741095575938;8951
2;1741095581927;8952
2;1741095582568;8953
2;1741095593777;8954
2;1741095607095;8955
2;1741095609876;8956
2;1741095612406;8957
2;1741095618741;8958
2;1741095618754;8959
2;1741095627054;8960
2;1741095633627;8961
2;1741095644432;8962
2;1741095650437;8963
2;1741095659903;8964
2;1741095660197;8965
2;1741095660815;8966
2;1741095661177;8967
2;1741095665907;8968
2;1741095669211;8969
2;1741095677692;8970
2;1741095679016;8971
2;1741095683489;8972
2;1741095696000;8973
2;1741095699778;8974
2;1741095705566;8975
2;1741095710792;8976
2;1741095714664;8977
2;1741095714871;8978
2;1741095717900;8979
2;1741095717913;8980
2;1741095718703;8981
2;1741095733575;8982
2;1741095742435;8983
2;1741095751815;8984
2;1741095752489;8985
2;1741095756328;8986
2;1741095759884;8987
2;1741095776642;8988
2;1741095780487;8989
2;1741095783843;8990
2;1741095790084;8991
2;1741095792879;8992
2;1741095796798;8993
2;1741095799658;8994
2;1741095799757;8995
2;1741095808821;8996
2;1741095813916;8997
2;1741095827210;8998
2;1741095828440;8999
2;1741095830955;9000
2;1741095838745;9001
2;1741095841199;9002
2;1741095841336;9003
2;1741095848649;9004
2;1741095854398;9005
2;1741095863462;9006
2;1741095865040;9007
2;1741095878047;9008
2;1741095879092;9009
2;1741095879323;9010
2;1741095888161;9011
2;1741095890124;9012
2;1741095898489;9013
2;1741095901634;9014
2;1741095915683;9015
2;1741095917194;9016
2;1741095920485;9017
2;1741095923389;9018
2;1741095926075;9019
2;1741095927444;9020
2;1741095940350;9021
2;1741095942160;9022
2;1741095943467;9023
2;1741095951122;9024
2;1741095952227;9025
2;1741095955907;9026
2;1741095965266;9027
2;1741095965407;9028
2;1741095973919;9029
2;1741095976248;9030
2;1741095976511;9031
2;1741095977724;9032
2;1741095983848;9033
2;1741095984853;9034
2;1741096001939;9035
2;1741096013188;9036
2;1741096014709;9037
2;1741096020435;9038
2;1741096025390;9039
2;1741096030669;9040
2;1741096034464;9041
2;1741096039863;9042
2;1741096046568;9043
2;1741096052037;9044
2;1741096053857;9045
2;1741096062458;9046
2;1741096063596;9047
2;1741096065670;9048
2;1741096070358;9049
2;1741096083078;9050
2;1741096087662;9051
2;1741096089575;9052
2;1741096093875;9053
2;1741096097180;9054
2;1741096098583;9055
2;1741096103579;9056
2;1741096106054;9057
2;1741096111847;9058
2;1741096118530;9059
2;1741096131249;9060
2;1741096134955;9061
2;1741096136341;9062
2;1741096141526;9063
2;1741096151660;9064
2;1741096152790;9065
2;1741096170926;9066
2;1741096174439;9067
2;1741096178534;9068
2;1741096181992;9069
2;1741096185710;9070
2;1741096186992;9071
2;1741096189840;9072
2;1741096193728;9073
2;1741096194995;9074
2;1741096195562;9075
2;1741096200656;9076
2;1741096207909;9077
2;1741096216662;9078
2;1741096225258;9079
2;1741096228144;9080
2;1741096231717;9081
2;1741096232263;9082
2;1741096244011;9083
2;1741096248152;9084
2;1741096255566;9085
2;1741096256146;9086
2;1741096265162;9087
2;1741096267817;9088
2;1741096276850;9089
2;1741096279832;9090
2;1741096283473;9091
2;1741096289810;9092
2;1741096296425;9093
2;1741096305086;9094
2;1741096305548;9095
2;1741096308600;9096
2;1741096313688;9097
2;1741096320406;9098
2;1741096322342;9099
2;1741096332714;9100
2;1741096339729;9101
2;1741096340239;9102
2;1741096343357;9103
2;1741096353902;9104
2;1741096355386;9105
2;1741096355796;9106
2;1741096358156;9107
2;1741096360424;9108
2;1741096380289;9109
2;1741096387918;9110
2;1741096388774;9111
2;1741096391209;9112
2;1741096392980;9113
2;1741096394016;9114
2;1741096396679;9115
2;1741096406824;9116
2;1741096408339;9117
3;1741096415837;5
2;1741096424986;9118
2;1741096428037;9119
2;1741096437222;9120
2;1741096438109;9121
2;1741096444220;9122
2;1741096445867;9123
2;1741096449875;9124
2;1741096452895;9125
2;1741096461148;9126
2;1741096467392;9127
2;1741096471536;9128
2;1741096471571;9129
2;1741096473786;9130
2;1741096476895;9131
2;1741096481384;9132
2;1741096495601;9133
2;1741096504197;9134
2;1741096507227;9135
2;1741096508839;9136
2;1741096510529;9137
2;1741096522320;9138
2;1741096523110;9139
2;1741096524198;9140
2;1741096527582;9141
2;1741096546951;9142
2;1741096547063;9143
2;1741096556804;9144
2;1741096558533;9145
2;1741096567881;9146
2;1741096567896;9147
2;1741096567937;9148
2;1741096573955;9149
2;1741096578572;9150
2;1741096584677;9151
2;1741096588693;9152
2;1741096589008;9153
2;1741096595913;9154
2;1741096602932;9155
2;1741096613042;9156
2;1741096615169;9157
2;1741096620020;9158
2;1741096628771;9159
2;1741096630495;9160
2;1741096633241;9161
2;1741096635151;9162
2;1741096641111;9163
2;1741096644474;9164
2;1741096657838;9165
2;1741096658734;9166
2;1741096668780;9167
2;1741096672024;9168
2;1741096678772;9169
2;1741096680576;9170
2;1741096684318;9171
2;1741096685120;9172
2;1741096685718;9173
2;1741096689825;9174
2;1741096694070;9175
2;1741096708623;9176
2;1741096713124;9177
2;1741096716049;9178
2;1741096716307;9179
2;1741096718564;9180
2;1741096724632;9181
2;1741096736204;9182
2;1741096740971;9183
2;1741096748702;9184
2;1741096749530;9185
2;1741096759468;9186
2;1741096763405;9187
2;1741096764398;9188
2;1741096770624;9189
2;1741096774522;9190
2;1741096782262;9191
2;1741096793819;9192
2;1741096796080;9193
2;1741096799260;9194
2;1741096799720;9195
2;1741096805826;9196
2;1741096810774;9197
2;1741096817714;9198
2;1741096822527;9199
2;1741096839823;9200
2;1741096841363;9201
2;1741096844539;9202
2;1741096850153;9203
2;1741096851664;9204
2;1741096855712;9205
2;1741096862485;9206
2;1741096863223;9207
2;1741096873440;9208
2;1741096881200;9209
2;1741096883410;9210
2;1741096884247;9211
2;1741096884349;9212
2;1741096886762;9213
2;1741096887529;9214
2;1741096897108;9215
2;1741096910687;9216
2;1741096911228;9217
2;1741096913952;9218
2;1741096916169;9219
2;1741096918443;9220
2;1741096925623;9221
2;1741096938824;9222
2;1741096941832;9223
2;1741096945623;9224
2;1741096952416;9225
2;1741096953051;9226
2;1741096959708;9227
2;1741096961767;9228
2;1741096969290;9229
2;1741096971980;9230
2;1741096980619;9231
2;1741096982927;9232
2;1741096995092;9233
2;1741097005658;9234
2;1741097008028;9235
2;1741097010912;9236
2;1741097012776;9237
2;1741097029016;9238
2;1741097032575;9239
2;1741097032818;9240
2;1741097033706;9241
2;1741097037095;9242
2;1741097047085;9243
2;1741097048011;9244
2;1741097049388;9245
2;1741097050163;9246
2;1741097061611;9247
2;1741097070535;9248
2;1741097079009;9249
2;1741097079478;9250
2;1741097084478;9251
2;1741097084535;9252
2;1741097085908;9253
2;1741097098750;9254
2;1741097106447;9255
2;1741097114729;9256
2;1741097115792;9257
2;1741097116945;9258
2;1741097128674;9259
2;1741097129003;9260
2;1741097132107;9261
2;1741097137498;9262
2;1741097142821;9263
2;1741097143023;9264
2;1741097155907;9265
2;1741097156474;9266
2;1741097158258;9267
2;1741097161194;9268
2;1741097170553;9269
2;1741097178246;9270
2;1741097178258;9271
2;1741097181943;9272
2;1741097182661;9273
2;1741097194707;9274
2;1741097207466;9275
2;1741097212076;9276
2;1741097216278;9277
2;1741097217126;9278
2;1741097217708;9279
2;1741097221651;9280
2;1741097224686;9281
2;1741097232862;9282
2;1741097244003;9283
2;1741097247550;9284
2;1741097252178;9285
2;1741097265141;9286
2;1741097265866;9287
2;1741097277426;9288
2;1741097278386;9289
2;1741097284444;9290
2;1741097292549;9291
2;1741097295659;9292
2;1741097297595;9293
2;1741097298648;9294
2;1741097300415;9295
2;1741097307178;9296
2;1741097307990;9297
2;1741097308847;9298
2;1741097321882;9299
2;1741097324065;9300
2;1741097336897;9301
2;1741097340357;9302
2;1741097342713;9303
2;1741097343564;9304
2;1741097353769;9305
2;1741097358015;9306
2;1741097360727;9307
2;1741097363424;9308
2;1741097372595;9309
2;1741097376018;9310
2;1741097377674;9311
2;1741097381740;9312
2;1741097386106;9313
2;1741097395646;9314
2;1741097406899;9315
2;1741097407382;9316
2;1741097408754;9317
2;1741097409017;9318
2;1741097415955;9319
2;1741097422920;9320
2;1741097433602;9321
2;1741097441698;9322
2;1741097444007;9323
2;1741097456612;9324
2;1741097457462;9325
2;1741097460141;9326
2;1741097460697;9327
2;1741097468254;9328
2;1741097481850;9329
2;1741097482869;9330
2;1741097483108;9331
2;1741097483507;9332
2;1741097492457;9333
2;1741097494012;9334
2;1741097503086;9335
2;1741097509365;9336
2;1741097510318;9337
2;1741097515078;9338
2;1741097521474;9339
2;1741097532767;9340
2;1741097536568;9341
2;1741097547996;9342
2;1741097548152;9343
2;1741097550309;9344
2;1741097552404;9345
2;1741097558423;9346
2;1741097558839;9347
2;1741097566211;9348
2;1741097568409;9349
2;1741097581754;9350
2;1741097588347;9351
2;1741097589685;9352
2;1741097590845;9353
2;1741097596017;9354
2;1741097597174;9355
2;1741097609279;9356
2;1741097609801;9357
2;1741097615017;9358
2;1741097618901;9359
2;1741097625607;9360
2;1741097627011;9361
2;1741097633445;9362
2;1741097642266;9363
2;1741097642766;9364
2;1741097655646;9365
2;1741097659375;9366
2;1741097660902;9367
2;1741097660936;9368
2;1741097663542;9369
2;1741097680485;9370
2;1741097682273;9371
2;1741097683884;9372
2;1741097694655;9373
2;1741097696398;9374
2;1741097706735;9375
2;1741097710074;9376
2;1741097715383;9377
2;1741097722382;9378
2;1741097723973;9379
2;1741097727046;9380
2;1741097730212;9381
2;1741097735202;9382
2;1741097735213;9383
2;1741097738382;9384
2;1741097750886;9385
2;1741097763082;9386
2;1741097767830;9387
2;1741097769392;9388
2;1741097769861;9389
2;1741097783241;9390
2;1741097783596;9391
2;1741097791319;9392
2;1741097792977;9393
2;1741097793118;9394
2;1741097803631;9395
2;1741097813028;9396
2;1741097814727;9397
2;1741097820699;9398
2;1741097829482;9399
2;1741097830172;9400
2;1741097831478;9401
2;1741097841602;9402
2;1741097846027;9403
2;1741097847367;9404
2;1741097848161;9405
2;1741097857874;9406
2;1741097870616;9407
2;1741097873977;9408
2;1741097877533;9409
2;1741097878995;9410
2;1741097881359;9411
2;1741097884277;9412
2;1741097897980;9413
2;1741097899821;9414
2;1741097899893;9415
2;1741097903635;9416
2;1741097913459;9417
2;1741097921130;9418
2;1741097930202;9419
2;1741097930474;9420
2;1741097930846;9421
2;1741097931874;9422
2;1741097937117;9423
2;1741097940407;9424
2;1741097941699;9425
2;1741097949096;9426
2;1741097965251;9427
2;1741097975092;9428
2;1741097979291;9429
2;1741097982118;9430
2;1741097984154;9431
2;1741097990441;9432
2;1741097994961;9433
2;1741098004350;9434
2;1741098006830;9435
2;1741098013298;9436
2;1741098014746;9437
2;1741098017885;9438
2;1741098021573;9439
2;1741098031268;9440
2;1741098036524;9441
2;1741098041755;9442
2;1741098047379;9443
2;1741098047701;9444
2;1741098048050;9445
2;1741098057706;9446
2;1741098065481;9447
2;1741098070278;9448
2;1741098073119;9449
2;1741098079131;9450
2;1741098088983;9451
2;1741098091271;9452
2;1741098093131;9453
2;1741098098555;9454
2;1741098099459;9455
2;1741098106515;9456
2;1741098110969;9457
2;1741098116607;9458
2;1741098118334;9459
2;1741098126784;9460
2;1741098128218;9461
2;1741098138106;9462
2;1741098138489;9463
2;1741098138716;9464
2;1741098154122;9465
2;1741098159430;9466
2;1741098170794;9467
2;1741098174157;9468
2;1741098174605;9469
2;1741098177873;9470
2;1741098186248;9471
2;1741098195840;9472
2;1741098196122;9473
2;1741098200269;9474
2;1741098203595;9475
2;1741098205402;9476
2;1741098208126;9477
2;1741098209602;9478
2;1741098221683;9479
2;1741098222478;9480
2;1741098229397;9481
2;1741098244477;9482
2;1741098245155;9483
2;1741098245245;9484
2;1741098246249;9485
2;1741098261722;9486
2;1741098265234;9487
2;1741098265579;9488
2;1741098285837;9489
2;1741098287165;9490
2;1741098290131;9491
2;1741098292502;9492
2;1741098296084;9493
2;1741098298373;9494
2;1741098298693;9495
2;1741098302024;9496
2;1741098314453;9497
2;1741098315933;9498
2;1741098323510;9499
2;1741098328220;9500
2;1741098329790;9501
2;1741098337191;9502
2;1741098346106;9503
2;1741098351124;9504
2;1741098351766;9505
2;1741098355535;9506
2;1741098364384;9507
2;1741098366389;9508
2;1741098372982;9509
2;1741098373387;9510
2;1741098375313;9511
2;1741098376802;9512
2;1741098387041;9513
2;1741098387112;9514
2;1741098393570;9515
2;1741098403207;9516
2;1741098407033;9517
2;1741098419440;9518
2;1741098423586;9519
2;1741098429446;9520
2;1741098429885;9521
2;1741098431329;9522
2;1741098438821;9523
2;1741098444808;9524
2;1741098452345;9525
2;1741098463998;9526
2;1741098464917;9527
2;1741098466816;9528
2;1741098483564;9529
2;1741098484317;9530
2;1741098487126;9531
2;1741098489812;9532
2;1741098491033;9533
2;1741098504415;9534
2;1741098505362;9535
2;1741098511128;9536
2;1741098514295;9537
2;1741098521727;9538
2;1741098522317;9539
2;1741098524955;9540
2;1741098532723;9541
2;1741098533935;9542
2;1741098552023;9543
2;1741098555529;9544
2;1741098556775;9545
2;1741098564521;9546
2;1741098568179;9547
2;1741098568285;9548
2;1741098573923;9549
2;1741098587959;9550
2;1741098588192;9551
2;1741098594956;9552
2;1741098595752;9553
2;1741098598406;9554
2;1741098603190;9555
2;1741098606810;9556
2;1741098608831;9557
2;1741098613021;9558
2;1741098615359;9559
2;1741098627767;9560
2;1741098629876;9561
2;1741098631048;9562
2;1741098642423;9563
2;1741098643273;9564
2;1741098646319;9565
2;1741098664590;9566
2;1741098667819;9567
2;1741098672093;9568
2;1741098672244;9569
2;1741098677007;9570
2;1741098678211;9571
2;1741098682569;9572
2;1741098682913;9573
2;1741098701939;9574
2;1741098711292;9575
2;1741098712258;9576
2;1741098712876;9577
2;1741098713542;9578
2;1741098714164;9579
2;1741098738024;9580
2;1741098738879;9581
2;1741098739656;9582
2;1741098740611;9583
2;1741098743826;9584
2;1741098744908;9585
2;1741098753489;9586
2;1741098763986;9587
2;1741098764747;9588
2;1741098777459;9589
2;1741098789429;9590
2;1741098792252;9591
2;1741098793630;9592
2;1741098796106;9593
2;1741098797881;9594
2;1741098801961;9595
2;1741098803800;9596
2;1741098823431;9597
2;1741098825050;9598
2;1741098825124;9599
2;1741098827143;9600
2;1741098828063;9601
2;1741098834229;9602
2;1741098838506;9603
2;1741098841989;9604
2;1741098851860;9605
2;1741098857497;9606
2;1741098859561;9607
2;1741098861847;9608
2;1741098881209;9609
2;1741098882704;9610
2;1741098884344;9611
2;1741098889047;9612
2;1741098894866;9613
2;1741098902731;9614
2;1741098905968;9615
2;1741098911117;9616
2;1741098919897;9617
2;1741098923716;9618
2;1741098928003;9619
2;1741098929123;9620
2;1741098935337;9621
2;1741098937377;9622
2;1741098939135;9623
2;1741098948592;9624
2;1741098951540;9625
2;1741098954902;9626
2;1741098961110;9627
2;1741098964198;9628
2;1741098965683;9629
2;1741098978995;9630
2;1741098981178;9631
2;1741098981980;9632
2;1741098994995;9633
2;1741098999448;9634
2;1741099007840;9635
2;1741099009313;9636
2;1741099010607;9637
2;1741099012129;9638
2;1741099018374;9639
2;1741099022019;9640
2;1741099032909;9641
2;1741099040455;9642
2;1741099042032;9643
2;1741099053621;9644
2;1741099056570;9645
2;1741099057846;9646
2;1741099060779;9647
2;1741099064314;9648
2;1741099075805;9649
2;1741099078930;9650
2;1741099089770;9651
2;1741099092914;9652
2;1741099097931;9653
2;1741099099996;9654
2;1741099102811;9655
2;1741099105337;9656
2;1741099105783;9657
2;1741099125280;9658
2;1741099125519;9659
2;1741099128197;9660
2;1741099137160;9661
2;1741099147179;9662
2;1741099149544;9663
2;1741099153834;9664
2;1741099160198;9665
2;1741099163047;9666
2;1741099165942;9667
2;1741099172563;9668
2;1741099173700;9669
2;1741099176044;9670
2;1741099178375;9671
2;1741099192012;9672
2;1741099198671;9673
2;1741099199534;9674
2;1741099199561;9675
2;1741099203562;9676
2;1741099213163;9677
2;1741099214212;9678
2;1741099217377;9679
2;1741099222936;9680
2;1741099229283;9681
2;1741099238883;9682
2;1741099243426;9683
2;1741099249472;9684
2;1741099251960;9685
2;1741099253776;9686
2;1741099273658;9687
2;1741099273871;9688
2;1741099275464;9689
2;1741099276580;9690
2;1741099277398;9691
2;1741099286133;9692
2;1741099291638;9693
2;1741099298209;9694
2;1741099301119;9695
2;1741099310337;9696
2;1741099316462;9697
2;1741099323493;9698
2;1741099325690;9699
2;1741099329552;9700
2;1741099338847;9701
2;1741099342139;9702
2;1741099342187;9703
2;1741099348312;9704
2;1741099352686;9705
2;1741099360225;9706
2;1741099363396;9707
2;1741099370256;9708
2;1741099381758;9709
2;1741099383075;9710
2;1741099387133;9711
2;1741099390069;9712
2;1741099392460;9713
2;1741099393320;9714
2;1741099395810;9715
2;1741099404686;9716
2;1741099412922;9717
2;1741099417081;9718
2;1741099418392;9719
2;1741099426098;9720
2;1741099429277;9721
2;1741099442200;9722
2;1741099443919;9723
2;1741099449492;9724
2;1741099456833;9725
2;1741099462168;9726
2;1741099462561;9727
2;1741099463953;9728
2;1741099473830;9729
2;1741099474406;9730
2;1741099482970;9731
2;1741099487103;9732
2;1741099489074;9733
2;1741099490953;9734
2;1741099493857;9735
2;1741099502613;9736
2;1741099511012;9737
2;1741099525504;9738
2;1741099527053;9739
2;1741099527910;9740
2;1741099528129;9741
2;1741099534317;9742
2;1741099534809;9743
2;1741099552404;9744
2;1741099552550;9745
2;1741099556886;9746
2;1741099566301;9747
2;1741099568616;9748
2;1741099569994;9749
2;1741099571759;9750
2;1741099582696;9751
2;1741099585182;9752
2;1741099594255;9753
2;1741099603800;9754
2;1741099605569;9755
2;1741099609375;9756
2;1741099612427;9757
2;1741099614420;9758
2;1741099619508;9759
2;1741099631620;9760
2;1741099635982;9761
2;1741099637931;9762
2;1741099639354;9763
2;1741099654687;9764
2;1741099660190;9765
2;1741099661859;9766
2;1741099663553;9767
2;1741099670716;9768
2;1741099672997;9769
2;1741099673017;9770
2;1741099674322;9771
2;1741099676659;9772
2;1741099678020;9773
2;1741099690836;9774
2;1741099708689;9775
2;1741099708721;9776
2;1741099712913;9777
2;1741099715822;9778
2;1741099725530;9779
2;1741099726102;9780
2;1741099735088;9781
2;1741099737719;9782
2;1741099747045;9783
2;1741099750518;9784
2;1741099757156;9785
2;1741099763492;9786
2;1741099766050;9787
2;1741099769223;9788
2;1741099776323;9789
2;1741099776704;9790
2;1741099777463;9791
2;1741099778614;9792
2;1741099781319;9793
2;1741099796203;9794
2;1741099796577;9795
2;1741099806474;9796
2;1741099807599;9797
2;1741099819129;9798
2;1741099827421;9799
2;1741099831828;9800
2;1741099832780;9801
2;1741099843941;9802
2;1741099844897;9803
2;1741099848923;9804
2;1741099853064;9805
2;1741099855060;9806
2;1741099859863;9807
2;1741099864583;9808
2;1741099872862;9809
2;1741099873485;9810
2;1741099878889;9811
2;1741099884153;9812
2;1741099891860;9813
2;1741099894469;9814
2;1741099907107;9815
2;1741099907404;9816
2;1741099913082;9817
2;1741099921983;9818
2;1741099928130;9819
2;1741099932046;9820
2;1741099934996;9821
2;1741099944619;9822
2;1741099947239;9823
2;1741099948081;9824
2;1741099953151;9825
2;1741099954127;9826
2;1741099955257;9827
2;1741099967312;9828
2;1741099973272;9829
2;1741099987436;9830
2;1741099990368;9831
2;1741099991788;9832
2;1741099997408;9833
2;1741100003613;9834
2;1741100004601;9835
2;1741100008587;9836
2;1741100018595;9837
2;1741100022912;9838
2;1741100034008;9839
2;1741100034401;9840
2;1741100039286;9841
2;1741100041678;9842
2;1741100051044;9843
2;1741100052785;9844
2;1741100053949;9845
2;1741100054069;9846
2;1741100055206;9847
2;1741100069274;9848
2;1741100072041;9849
2;1741100073037;9850
2;1741100077732;9851
2;1741100081143;9852
2;1741100085688;9853
2;1741100089446;9854
2;1741100093757;9855
2;1741100096219;9856
2;1741100101492;9857
2;1741100119096;9858
2;1741100121940;9859
2;1741100123248;9860
2;1741100123787;9861
2;1741100125185;9862
2;1741100138506;9863
2;1741100150066;9864
2;1741100153609;9865
2;1741100155083;9866
2;1741100158826;9867
2;1741100160433;9868
2;1741100161651;9869
2;1741100173060;9870
2;1741100173994;9871
2;1741100178569;9872
2;1741100179265;9873
2;1741100201617;9874
2;1741100203423;9875
2;1741100210278;9876
2;1741100210673;9877
2;1741100215062;9878
2;1741100217670;9879
2;1741100229975;9880
2;1741100240864;9881
2;1741100245368;9882
2;1741100247471;9883
2;1741100247800;9884
2;1741100252718;9885
2;1741100254623;9886
2;1741100262928;9887
2;1741100263291;9888
2;1741100268796;9889
2;1741100271665;9890
2;1741100273547;9891
2;1741100278583;9892
2;1741100278657;9893
2;1741100284624;9894
2;1741100300887;9895
2;1741100309791;9896
2;1741100316932;9897
2;1741100317073;9898
2;1741100326926;9899
2;1741100333213;9900
2;1741100335005;9901
2;1741100335740;9902
2;1741100341106;9903
2;1741100342790;9904
2;1741100349573;9905
2;1741100353229;9906
2;1741100363750;9907
2;1741100370169;9908
2;1741100373675;9909
2;1741100382546;9910
2;1741100382625;9911
2;1741100387541;9912
2;1741100392302;9913
2;1741100401163;9914
2;1741100401389;9915
2;1741100408017;9916
2;1741100418148;9917
2;1741100420131;9918
2;1741100425384;9919
2;1741100428028;9920
2;1741100433175;9921
2;1741100438741;9922
2;1741100440625;9923
2;1741100444215;9924
2;1741100445531;9925
2;1741100447431;9926
2;1741100463396;9927
2;1741100468054;9928
2;1741100468343;9929
2;1741100473746;9930
2;1741100480607;9931
2;1741100495283;9932
2;1741100501163;9933
2;1741100501613;9934
2;1741100506547;9935
2;1741100507541;9936
2;1741100507686;9937
2;1741100521018;9938
2;1741100529627;9939
2;1741100529880;9940
2;1741100532067;9941
2;1741100536061;9942
2;1741100538238;9943
2;1741100543586;9944
2;1741100550709;9945
2;1741100555973;9946
2;1741100562962;9947
2;1741100566422;9948
2;1741100569499;9949
2;1741100578755;9950
2;1741100580393;9951
2;1741100584468;9952
2;1741100591833;9953
2;1741100595886;9954
2;1741100596074;9955
2;1741100599636;9956
2;1741100617019;9957
2;1741100617029;9958
2;1741100619910;9959
2;1741100626974;9960
2;1741100629719;9961
2;1741100633675;9962
2;1741100634654;9963
2;1741100640717;9964
2;1741100655035;9965
2;1741100658603;9966
2;1741100664357;9967
2;1741100671381;9968
2;1741100672484;9969
2;1741100673617;9970
2;1741100683572;9971
2;1741100683759;9972
2;1741100690783;9973
2;1741100692073;9974
2;1741100705863;9975
2;1741100708913;9976
2;1741100709914;9977
2;1741100713209;9978
2;1741100716365;9979
2;1741100733799;9980
2;1741100737609;9981
2;1741100738401;9982
2;1741100741403;9983
2;1741100744172;9984
2;1741100754203;9985
2;1741100756390;9986
2;1741100757856;9987
2;1741100766762;9988
2;1741100767789;9989
2;1741100779570;9990
2;1741100786403;9991
2;1741100789729;9992
2;1741100792780;9993
2;1741100793208;9994
2;1741100797045;9995
2;1741100803073;9996
2;1741100805753;9997
2;1741100806865;9998
2;1741100820389;9999
2;1741100822081;10000
2;1741100825500;10001
2;1741100834814;10002
2;1741100843427;10003
2;1741100847752;10004
2;1741100853086;10005
2;1741100856762;10006
2;1741100862116;10007
2;1741100863857;10008
2;1741100865731;10009
2;1741100868963;10010
2;1741100891124;10011
2;1741100892324;10012
2;1741100898330;10013
2;1741100900133;10014
2;1741100901669;10015
2;1741100906727;10016
2;1741100911146;10017
2;1741100916068;10018
2;1741100923955;10019
2;1741100927024;10020
2;1741100936142;10021
2;1741100938051;10022
2;1741100939291;10023
2;1741100944619;10024
2;1741100947356;10025
2;1741100955182;10026
2;1741100962426;10027
2;1741100966078;10028
2;1741100967516;10029
2;1741100976594;10030
2;1741100988419;10031
2;1741100994504;10032
2;1741101002148;10033
2;1741101008298;10034
2;1741101011981;10035
2;1741101013047;10036
2;1741101013068;10037
2;1741101026045;10038
2;1741101027529;10039
2;1741101033042;10040
2;1741101034620;10041
2;1741101038800;10042
2;1741101040831;10043
2;1741101043445;10044
2;1741101058548;10045
2;1741101063059;10046
2;1741101064937;10047
2;1741101071767;10048
2;1741101074212;10049
2;1741101074534;10050
2;1741101086006;10051
2;1741101086062;10052
2;1741101093158;10053
2;1741101095195;10054
2;1741101096896;10055
2;1741101099201;10056
2;1741101113663;10057
2;1741101119096;10058
2;1741101126962;10059
2;1741101134962;10060
2;1741101139167;10061
2;1741101140796;10062
2;1741101143254;10063
2;1741101147994;10064
2;1741101154438;10065
2;1741101156071;10066
2;1741101156601;10067
2;1741101158756;10068
2;1741101167896;10069
2;1741101173583;10070
2;1741101187599;10071
2;1741101195257;10072
2;1741101195895;10073
2;1741101196381;10074
2;1741101201002;10075
2;1741101211009;10076
2;1741101218641;10077
2;1741101219464;10078
2;1741101225451;10079
2;1741101226611;10080
2;1741101236878;10081
2;1741101238090;10082
2;1741101242360;10083
2;1741101244118;10084
2;1741101248046;10085
2;1741101253562;10086
2;1741101253981;10087
2;1741101264202;10088
2;1741101268033;10089
2;1741101274419;10090
2;1741101282896;10091
2;1741101286069;10092
2;1741101296550;10093
2;1741101303828;10094
2;1741101310005;10095
2;1741101310364;10096
2;1741101313721;10097
2;1741101318068;10098
2;1741101320000;10099
2;1741101324645;10100
2;1741101340721;10101
2;1741101348742;10102
2;1741101353003;10103
2;1741101357135;10104
2;1741101357365;10105
2;1741101358606;10106
2;1741101359805;10107
2;1741101370513;10108
2;1741101373263;10109
2;1741101378089;10110
2;1741101378154;10111
2;1741101388254;10112
2;1741101389902;10113
2;1741101390478;10114
2;1741101390717;10115
2;1741101410199;10116
2;1741101410337;10117
2;1741101410933;10118
2;1741101422511;10119
2;1741101432241;10120
2;1741101433799;10121
2;1741101437569;10122
2;1741101447169;10123
2;1741101449234;10124
2;1741101457032;10125
2;1741101461178;10126
2;1741101472454;10127
2;1741101472869;10128
2;1741101475332;10129
2;1741101476735;10130
2;1741101487467;10131
2;1741101491231;10132
2;1741101497327;10133
2;1741101499075;10134
2;1741101501155;10135
2;1741101504036;10136
2;1741101511248;10137
2;1741101517848;10138
2;1741101524521;10139
2;1741101531975;10140
2;1741101538485;10141
2;1741101539348;10142
2;1741101550841;10143
2;1741101553524;10144
2;1741101553998;10145
2;1741101559791;10146
2;1741101562780;10147
2;1741101562847;10148
2;1741101571153;10149
2;1741101572838;10150
2;1741101580623;10151
2;1741101580925;10152
2;1741101588733;10153
2;1741101592595;10154
2;1741101600504;10155
2;1741101614634;10156
2;1741101618545;10157
2;1741101622760;10158
2;1741101629649;10159
2;1741101630358;10160
2;1741101632175;10161
2;1741101637082;10162
2;1741101638524;10163
2;1741101649118;10164
2;1741101650083;10165
2;1741101660296;10166
2;1741101664911;10167
2;1741101667303;10168
2;1741101670442;10169
2;1741101672343;10170
2;1741101680209;10171
2;1741101681648;10172
2;1741101688920;10173
3;1741101695839;6
2;1741101697143;10174
2;1741101703121;10175
2;1741101705217;10176
2;1741101711422;10177
2;1741101718963;10178
2;1741101722417;10179
2;1741101728547;10180
2;1741101735774;10181
2;1741101738755;10182
2;1741101741306;10183
2;1741101741488;10184
2;1741101747179;10185
2;1741101748516;10186
2;1741101763521;10187
2;1741101765213;10188
2;1741101772670;10189
2;1741101773294;10190
2;1741101778675;10191
2;1741101793610;10192
2;1741101794990;10193
2;1741101803276;10194
2;1741101806305;10195
2;1741101806876;10196
2;1741101813183;10197
2;1741101824048;10198
2;1741101824181;10199
2;1741101826979;10200
2;1741101832985;10201
2;1741101841373;10202
2;1741101842816;10203
2;1741101843765;10204
2;1741101850687;10205
2;1741101857206;10206
2;1741101863781;10207
2;1741101870810;10208
2;1741101875872;10209
2;1741101877666;10210
2;1741101882994;10211
2;1741101889167;10212
2;1741101889371;10213
2;1741101894119;10214
2;1741101906177;10215
2;1741101906709;10216
2;1741101908556;10217
2;1741101914377;10218
2;1741101924535;10219
2;1741101936481;10220
2;1741101938595;10221
2;1741101939472;10222
2;1741101943910;10223
2;1741101947437;10224
2;1741101954163;10225
2;1741101957998;10226
2;1741101959708;10227
2;1741101976457;10228
2;1741101980589;10229
2;1741101982702;10230
2;1741101990953;10231
2;1741101990959;10232
2;1741101992147;10233
2;1741101995854;10234
2;1741102000983;10235
2;1741102005895;10236
2;1741102007900;10237
2;1741102011005;10238
2;1741102015955;10239
2;1741102023258;10240
2;1741102026608;10241
2;1741102039131;10242
2;1741102039791;10243
2;1741102046381;10244
2;1741102055265;10245
2;1741102055766;10246
2;1741102057315;10247
2;1741102076745;10248
2;1741102078303;10249
2;1741102080009;10250
2;1741102085991;10251
2;1741102094375;10252
2;1741102096240;10253
2;1741102100429;10254
2;1741102103937;10255
2;1741102105678;10256
2;1741102109103;10257
2;1741102110393;10258
2;1741102112143;10259
2;1741102130442;10260
2;1741102130770;10261
2;1741102134375;10262
2;1741102143972;10263
2;1741102151607;10264
2;1741102154663;10265
2;1741102160246;10266
2;1741102161735;10267
2;1741102165566;10268
2;1741102180743;10269
2;1741102182844;10270
2;1741102187072;10271
2;1741102190256;10272
2;1741102192657;10273
2;1741102194035;10274
2;1741102197621;10275
2;1741102200243;10276
2;1741102201587;10277
2;1741102218491;10278
2;1741102218639;10279
2;1741102225660;10280
2;1741102244261;10281
2;1741102245179;10282
2;1741102250038;10283
2;1741102251154;10284
2;1741102256462;10285
2;1741102256528;10286
2;1741102258618;10287
2;1741102271643;10288
2;1741102276878;10289
2;1741102277196;10290
2;1741102278819;10291
2;1741102281394;10292
2;1741102294047;10293
2;1741102294738;10294
2;1741102294911;10295
2;1741102308622;10296
2;1741102310619;10297
2;1741102315531;10298
2;1741102318447;10299
2;1741102329808;10300
2;1741102330021;10301
2;1741102342528;10302
2;1741102349525;10303
2;1741102350907;10304
2;1741102353343;10305
2;1741102353923;10306
2;1741102367135;10307
2;1741102370403;10308
2;1741102373592;10309
2;1741102383248;10310
2;1741102388264;10311
2;1741102388862;10312
2;1741102399906;10313
2;1741102403330;10314
2;1741102403700;10315
2;1741102415371;10316
2;1741102416329;10317
2;1741102418245;10318
2;1741102422446;10319
2;1741102429184;10320
2;1741102433166;10321
2;1741102433249;10322
2;1741102437953;10323
2;1741102453914;10324
2;1741102459508;10325
2;1741102463564;10326
2;1741102464720;10327
2;1741102469198;10328
2;1741102469623;10329
2;1741102471890;10330
2;1741102473511;10331
2;1741102496313;10332
2;1741102498676;10333
2;1741102500678;10334
2;1741102507990;10335
2;1741102508836;10336
2;1741102510853;10337
2;1741102515145;10338
2;1741102517042;10339
2;1741102530969;10340
2;1741102535625;10341
2;1741102543177;10342
2;1741102546146;10343
2;1741102548968;10344
2;1741102553879;10345
2;1741102554698;10346
2;1741102555858;10347
2;1741102569544;10348
2;1741102570731;10349
2;1741102580066;10350
2;1741102583194;10351
2;1741102587978;10352
2;1741102590686;10353
2;1741102595606;10354
2;1741102597516;10355
2;1741102604655;10356
2;1741102605858;10357
2;1741102609663;10358
2;1741102618030;10359
2;1741102622179;10360
2;1741102633046;10361
2;1741102643064;10362
2;1741102647662;10363
2;1741102647696;10364
2;1741102649694;10365
2;1741102651054;10366
2;1741102660771;10367
2;1741102673005;10368
2;1741102678437;10369
2;1741102679499;10370
2;1741102681156;10371
2;1741102688595;10372
2;1741102698880;10373
2;1741102699389;10374
2;1741102700990;10375
2;1741102709131;10376
2;1741102711939;10377
2;1741102717962;10378
2;1741102725597;10379
2;1741102730287;10380
2;1741102732965;10381
2;1741102733115;10382
2;1741102736635;10383
2;1741102738396;10384
2;1741102752422;10385
2;1741102758578;10386
2;1741102760092;10387
2;1741102761589;10388
2;1741102772861;10389
2;1741102772923;10390
2;1741102786926;10391
2;1741102789181;10392
2;1741102789494;10393
2;1741102799508;10394
2;1741102801505;10395
2;1741102804541;10396
2;1741102816644;10397
2;1741102819353;10398
2;1741102824823;10399
2;1741102828725;10400
2;1741102836487;10401
2;1741102841616;10402
2;1741102843472;10403
2;1741102845544;10404
2;1741102846999;10405
2;1741102851701;10406
2;1741102864464;10407
2;1741102869118;10408
2;1741102875281;10409
2;1741102882435;10410
2;1741102887293;10411
2;1741102902253;10412
2;1741102903943;10413
2;1741102906758;10414
2;1741102911359;10415
2;1741102911820;10416
2;1741102912541;10417
2;1741102918969;10418
2;1741102929082;10419
2;1741102932046;10420
2;1741102939180;10421
2;1741102941673;10422
2;1741102944317;10423
2;1741102956288;10424
2;1741102958998;10425
2;1741102961507;10426
2;1741102962542;10427
2;1741102965771;10428
2;1741102974742;10429
2;1741102986107;10430
2;1741102991979;10431
2;1741102998130;10432
2;1741102998759;10433
2;1741102999574;10434
2;1741103001257;10435
2;1741103007267;10436
2;1741103010629;10437
2;1741103018436;10438
2;1741103020933;10439
2;1741103021524;10440
2;1741103028396;10441
2;1741103033153;10442
2;1741103037714;10443
2;1741103050214;10444
2;1741103055702;10445
2;1741103060203;10446
2;1741103065407;10447
2;1741103068777;10448
2;1741103069928;10449
2;1741103073476;10450
2;1741103079191;10451
2;1741103082887;10452
2;1741103094100;10453
2;1741103101128;10454
2;1741103102870;10455
2;1741103107663;10456
2;1741103122566;10457
2;1741103122737;10458
2;1741103129367;10459
2;1741103130492;10460
2;1741103136819;10461
2;1741103142129;10462
2;1741103144034;10463
2;1741103152736;10464
2;1741103154153;10465
2;1741103155358;10466
2;1741103163622;10467
2;1741103170558;10468
2;1741103173189;10469
2;1741103180832;10470
2;1741103182014;10471
2;1741103187860;10472
2;1741103201620;10473
2;1741103205641;10474
2;1741103208697;10475
2;1741103212157;10476
2;1741103216890;10477
2;1741103219106;10478
2;1741103219841;10479
2;1741103221877;10480
2;1741103224379;10481
2;1741103230562;10482
2;1741103241462;10483
2;1741103241794;10484
2;1741103243864;10485
2;1741103259313;10486
2;1741103260740;10487
2;1741103268418;10488
2;1741103269845;10489
2;1741103275305;10490
2;1741103280721;10491
2;1741103283352;10492
2;1741103299007;10493
2;1741103299140;10494
2;1741103302594;10495
2;1741103304601;10496
2;1741103306173;10497
2;1741103317284;10498
2;1741103325349;10499
2;1741103332209;10500
2;1741103334439;10501
2;1741103342145;10502
2;1741103343016;10503
2;1741103351124;10504
2;1741103351616;10505
2;1741103364927;10506
2;1741103365031;10507
2;1741103368707;10508
2;1741103377675;10509
2;1741103383800;10510
2;1741103388936;10511
2;1741103392723;10512
2;1741103393502;10513
2;1741103394038;10514
2;1741103414990;10515
2;1741103419695;10516
2;1741103422686;10517
2;1741103423099;10518
2;1741103423903;10519
2;1741103425672;10520
2;1741103427541;10521
2;1741103427573;10522
2;1741103442714;10523
2;1741103442818;10524
2;1741103464473;10525
2;1741103465053;10526
2;1741103468525;10527
2;1741103470491;10528
2;1741103475480;10529
2;1741103482130;10530
2;1741103486912;10531
2;1741103496664;10532
2;1741103497580;10533
2;1741103500739;10534
2;1741103502122;10535
2;1741103503019;10536
2;1741103506066;10537
2;1741103525703;10538
2;1741103527209;10539
2;1741103534139;10540
2;1741103534366;10541
2;1741103538347;10542
2;1741103541908;10543
2;1741103558396;10544
2;1741103560549;10545
2;1741103565992;10546
2;1741103569106;10547
2;1741103573733;10548
2;1741103577232;10549
2;1741103580859;10550
2;1741103588095;10551
2;1741103590455;10552
2;1741103597429;10553
2;1741103598685;10554
2;1741103599172;10555
2;1741103601579;10556
2;1741103614531;10557
2;1741103621837;10558
2;1741103622413;10559
2;1741103623351;10560
2;1741103632218;10561
2;1741103635367;10562
2;1741103642839;10563
2;1741103647989;10564
2;1741103651360;10565
2;1741103658981;10566
2;1741103660925;10567
2;1741103664167;10568
2;1741103666660;10569
2;1741103670203;10570
2;1741103673857;10571
2;1741103678330;10572
2;1741103689897;10573
2;1741103697011;10574
2;1741103699013;10575
2;1741103710550;10576
2;1741103715528;10577
2;1741103722836;10578
2;1741103730189;10579
2;1741103730889;10580
2;1741103731859;10581
2;1741103732829;10582
2;1741103751372;10583
2;1741103754295;10584
2;1741103757346;10585
2;1741103764415;10586
2;1741103765721;10587
2;1741103768688;10588
2;1741103772546;10589
2;1741103775836;10590
2;1741103777579;10591
2;1741103784508;10592
2;1741103788090;10593
2;1741103792422;10594
2;1741103794512;10595
2;1741103803997;10596
2;1741103810128;10597
2;1741103812326;10598
2;1741103817767;10599
2;1741103818579;10600
2;1741103839617;10601
2;1741103841465;10602
2;1741103848424;10603
2;1741103852847;10604
2;1741103857974;10605
2;1741103859220;10606
2;1741103861983;10607
2;1741103872560;10608
2;1741103873096;10609
2;1741103876665;10610
2;1741103886496;10611
2;1741103891475;10612
2;1741103891558;10613
2;1741103896483;10614
2;1741103902289;10615
2;1741103907382;10616
2;1741103910208;10617
2;1741103919286;10618
2;1741103926549;10619
2;1741103931239;10620
2;1741103940296;10621
2;1741103946920;10622
2;1741103952312;10623
2;1741103952687;10624
2;1741103958837;10625
2;1741103961288;10626
2;1741103963046;10627
2;1741103970886;10628
2;1741103976892;10629
2;1741103978848;10630
2;1741103979295;10631
2;1741103982528;10632
2;1741103988579;10633
2;1741103990177;10634
2;1741104001774;10635
2;1741104008295;10636
2;1741104014183;10637
2;1741104015988;10638
2;1741104019277;10639
2;1741104021369;10640
2;1741104029388;10641
2;1741104032571;10642
2;1741104034654;10643
2;1741104042834;10644
2;1741104047219;10645
2;1741104050438;10646
2;1741104060615;10647
2;1741104063997;10648
2;1741104064127;10649
2;1741104081124;10650
2;1741104089544;10651
2;1741104092621;10652
2;1741104093199;10653
2;1741104098294;10654
2;1741104102298;10655
2;1741104109091;10656
2;1741104116169;10657
2;1741104124664;10658
2;1741104125972;10659
2;1741104128577;10660
2;1741104140485;10661
2;1741104141227;10662
2;1741104144277;10663
2;1741104147297;10664
2;1741104150380;10665
2;1741104158125;10666
2;1741104162676;10667
2;1741104165455;10668
2;1741104171700;10669
2;1741104176301;10670
2;1741104181939;10671
2;1741104183693;10672
2;1741104191802;10673
2;1741104194131;10674
2;1741104199671;10675
2;1741104205700;10676
2;1741104206208;10677
2;1741104223670;10678
2;1741104227847;10679
2;1741104233219;10680
2;1741104233786;10681
2;1741104234401;10682
2;1741104235376;10683
2;1741104236208;10684
2;1741104250376;10685
2;1741104250853;10686
2;1741104254583;10687
2;1741104259779;10688
2;1741104272547;10689
2;1741104275909;10690
2;1741104276466;10691
2;1741104293556;10692
2;1741104295889;10693
2;1741104302292;10694
2;1741104305197;10695
2;1741104309034;10696
2;1741104313342;10697
2;1741104314437;10698
2;1741104315377;10699
2;1741104316001;10700
2;1741104327019;10701
2;1741104327879;10702
2;1741104351886;10703
2;1741104354751;10704
2;1741104356478;10705
2;1741104357259;10706
2;1741104357713;10707
2;1741104365115;10708
2;1741104381258;10709
2;1741104383069;10710
2;1741104383140;10711
2;1741104390453;10712
2;1741104393170;10713
2;1741104396154;10714
2;1741104397441;10715
2;1741104413149;10716
2;1741104414168;10717
2;1741104421645;10718
2;1741104423015;10719
2;1741104427081;10720
2;1741104433353;10721
2;1741104433596;10722
2;1741104437117;10723
2;1741104455893;10724
2;1741104456162;10725
2;1741104458626;10726
2;1741104464317;10727
2;1741104469048;10728
2;1741104469894;10729
2;1741104479592;10730
2;1741104481846;10731
2;1741104485229;10732
2;1741104488999;10733
2;1741104500527;10734
2;1741104503618;10735
2;1741104511979;10736
2;1741104514813;10737
2;1741104517458;10738
2;1741104519188;10739
2;1741104529047;10740
2;1741104529768;10741
2;1741104537909;10742
2;1741104542210;10743
2;1741104550544;10744
2;1741104553645;10745
2;1741104569092;10746
2;1741104570762;10747
2;1741104571559;10748
2;1741104572339;10749
2;1741104588600;10750
2;1741104589478;10751
2;1741104591576;10752
2;1741104591828;10753
2;1741104595501;10754
2;1741104598316;10755
2;1741104607457;10756
2;1741104608490;10757
2;1741104618917;10758
2;1741104627457;10759
2;1741104630259;10760
2;1741104630792;10761
2;1741104638861;10762
2;1741104639959;10763
2;1741104641957;10764
2;1741104658719;10765
2;1741104659831;10766
2;1741104660500;10767
2;1741104668187;10768
2;1741104673772;10769
2;1741104677435;10770
2;1741104678529;10771
2;1741104685397;10772
2;1741104696198;10773
2;1741104705381;10774
2;1741104709619;10775
2;1741104717944;10776
2;1741104722116;10777
2;1741104722346;10778
2;1741104727067;10779
2;1741104739439;10780
2;1741104740854;10781
2;1741104741603;10782
2;1741104741961;10783
2;1741104755136;10784
2;1741104757115;10785
2;1741104757940;10786
2;1741104758524;10787
2;1741104762268;10788
2;1741104771913;10789
2;1741104781621;10790
2;1741104793006;10791
2;1741104795371;10792
2;1741104797820;10793
2;1741104804957;10794
2;1741104806540;10795
2;1741104808511;10796
2;1741104818831;10797
2;1741104822368;10798
2;1741104822456;10799
2;1741104829782;10800
2;1741104834809;10801
2;1741104840060;10802
2;1741104846647;10803
2;1741104848985;10804
2;1741104849897;10805
2;1741104851040;10806
2;1741104859592;10807
2;1741104873157;10808
2;1741104874649;10809
2;1741104875629;10810
2;1741104877196;10811
2;1741104885141;10812
2;1741104887910;10813
2;1741104893857;10814
2;1741104909005;10815
2;1741104909864;10816
2;1741104910457;10817
2;1741104914713;10818
2;1741104916824;10819
2;1741104932466;10820
2;1741104933684;10821
2;1741104943090;10822
2;1741104946660;10823
2;1741104949645;10824
2;1741104954633;10825
2;1741104954835;10826
2;1741104965495;10827
2;1741104968264;10828
2;1741104981372;10829
2;1741104983613;10830
2;1741104987936;10831
2;1741104992504;10832
2;1741104999128;10833
2;1741105000982;10834
2;1741105007993;10835
2;1741105008631;10836
2;1741105021909;10837
2;1741105022578;10838
2;1741105024442;10839
2;1741105028059;10840
2;1741105040517;10841
2;1741105048750;10842
2;1741105050575;10843
2;1741105052978;10844
2;1741105055743;10845
2;1741105066958;10846
2;1741105070505;10847
2;1741105071571;10848
2;1741105075239;10849
2;1741105076369;10850
2;1741105081177;10851
2;1741105082082;10852
2;1741105092403;10853
2;1741105094975;10854
2;1741105097918;10855
2;1741105105584;10856
2;1741105112563;10857
2;1741105121049;10858
2;1741105121182;10859
2;1741105125030;10860
2;1741105128600;10861
2;1741105135765;10862
2;1741105141142;10863
2;1741105152851;10864
2;1741105157898;10865
2;1741105161846;10866
2;1741105162903;10867
2;1741105163981;10868
2;1741105166168;10869
2;1741105173330;10870
2;1741105185177;10871
2;1741105187515;10872
2;1741105192573;10873
2;1741105194512;10874
2;1741105203271;10875
2;1741105212759;10876
2;1741105216864;10877
2;1741105219644;10878
2;1741105223186;10879
2;1741105224558;10880
2;1741105225407;10881
2;1741105229645;10882
2;1741105233361;10883
2;1741105242671;10884
2;1741105243840;10885
2;1741105262516;10886
2;1741105266487;10887
2;1741105268315;10888
2;1741105275084;10889
2;1741105280884;10890
2;1741105285048;10891
2;1741105288808;10892
2;1741105291726;10893
2;1741105297871;10894
2;1741105300097;10895
2;1741105309281;10896
2;1741105311053;10897
2;1741105316244;10898
2;1741105320424;10899
2;1741105329211;10900
2;1741105329571;10901
2;1741105331115;10902
2;1741105342825;10903
2;1741105344472;10904
2;1741105352599;10905
2;1741105352891;10906
2;1741105362498;10907
2;1741105364397;10908
2;1741105372653;10909
2;1741105373592;10910
2;1741105376523;10911
2;1741105380614;10912
2;1741105396545;10913
2;1741105400309;10914
2;1741105401621;10915
2;1741105414636;10916
2;1741105418241;10917
2;1741105422287;10918
2;1741105425296;10919
2;1741105429441;10920
2;1741105436484;10921
2;1741105437365;10922
2;1741105440445;10923
2;1741105444601;10924
2;1741105449749;10925
2;1741105450297;10926
2;1741105450314;10927
2;1741105458733;10928
2;1741105486741;10929
2;1741105489432;10930
2;1741105492355;10931
2;1741105494109;10932
2;1741105500336;10933
2;1741105501524;10934
2;1741105503617;10935
2;1741105509353;10936
2;1741105512008;10937
2;1741105517156;10938
2;1741105526930;10939
2;1741105533189;10940
2;1741105541390;10941
2;1741105542718;10942
2;1741105543893;10943
2;1741105545552;10944
2;1741105548648;10945
2;1741105560048;10946
2;1741105562634;10947
2;1741105567103;10948
2;1741105570004;10949
2;1741105572085;10950
2;1741105580182;10951
2;1741105580192;10952
2;1741105588787;10953
2;1741105593587;10954
2;1741105610327;10955
2;1741105617533;10956
2;1741105618489;10957
2;1741105621880;10958
2;1741105626992;10959
2;1741105629655;10960
2;1741105634171;10961
2;1741105638640;10962
2;1741105640547;10963
2;1741105641357;10964
2;1741105644646;10965
2;1741105654942;10966
2;1741105656410;10967
2;1741105667878;10968
2;1741105672790;10969
2;1741105678249;10970
2;1741105681464;10971
2;1741105683189;10972
2;1741105690309;10973
2;1741105691954;10974
2;1741105706266;10975
2;1741105706902;10976
2;1741105715257;10977
2;1741105723431;10978
2;1741105726761;10979
2;1741105727962;10980
2;1741105733998;10981
2;1741105735735;10982
2;1741105737949;10983
2;1741105746154;10984
2;1741105756535;10985
2;1741105759561;10986
2;1741105763924;10987
2;1741105766000;10988
2;1741105768338;10989
2;1741105776280;10990
2;1741105782852;10991
2;1741105787489;10992
2;1741105793486;10993
2;1741105796105;10994
2;1741105803645;10995
2;1741105809106;10996
2;1741105813682;10997
2;1741105816174;10998
2;1741105825641;10999
2;1741105828840;11000
2;1741105833015;11001
2;1741105847668;11002
2;1741105849822;11003
2;1741105851355;11004
2;1741105851395;11005
2;1741105864349;11006
2;1741105869465;11007
2;1741105871310;11008
2;1741105872758;11009
2;1741105874942;11010
2;1741105885309;11011
2;1741105886864;11012
2;1741105888542;11013
2;1741105896731;11014
2;1741105902568;11015
2;1741105907475;11016
2;1741105908879;11017
2;1741105912391;11018
2;1741105912873;11019
2;1741105917794;11020
2;1741105930646;11021
2;1741105944060;11022
2;1741105952063;11023
2;1741105953171;11024
2;1741105954308;11025
2;1741105961679;11026
2;1741105965093;11027
2;1741105969048;11028
2;1741105971270;11029
2;1741105971327;11030
2;1741105973516;11031
2;1741105982794;11032
2;1741105988636;11033
2;1741106002861;11034
2;1741106009232;11035
2;1741106013794;11036
2;1741106014321;11037
2;1741106019955;11038
2;1741106024927;11039
2;1741106028874;11040
2;1741106034636;11041
2;1741106034649;11042
2;1741106037205;11043
2;1741106045101;11044
2;1741106046523;11045
2;1741106057970;11046
2;1741106067470;11047
2;1741106071319;11048
2;1741106079047;11049
2;1741106079183;11050
2;1741106091289;11051
2;1741106094105;11052
2;1741106094153;11053
2;1741106094844;11054
2;1741106100172;11055
2;1741106106089;11056
2;1741106113102;11057
2;1741106125505;11058
2;1741106131757;11059
2;1741106133578;11060
2;1741106133636;11061
2;1741106135336;11062
2;1741106136682;11063
2;1741106141064;11064
2;1741106146763;11065
2;1741106147077;11066
2;1741106165690;11067
2;1741106172922;11068
2;1741106176165;11069
2;1741106176195;11070
2;1741106178987;11071
2;1741106192699;11072
2;1741106197666;11073
2;1741106198393;11074
2;1741106198952;11075
2;1741106199783;11076
2;1741106211882;11077
2;1741106219531;11078
2;1741106233555;11079
2;1741106234773;11080
2;1741106239544;11081
2;1741106241123;11082
2;1741106255288;11083
2;1741106257693;11084
2;1741106258586;11085
2;1741106258786;11086
2;1741106263742;11087
2;1741106271540;11088
2;1741106272745;11089
2;1741106281878;11090
2;1741106283963;11091
2;1741106284074;11092
2;1741106291661;11093
2;1741106292378;11094
2;1741106292919;11095
2;1741106312364;11096
2;1741106318326;11097
2;1741106325743;11098
2;1741106327692;11099
2;1741106328170;11100
2;1741106329477;11101
2;1741106332489;11102
2;1741106332848;11103
2;1741106340151;11104
2;1741106352227;11105
2;1741106352459;11106
2;1741106359689;11107
2;1741106360532;11108
2;1741106371807;11109
2;1741106374407;11110
2;1741106379210;11111
2;1741106380067;11112
2;1741106386815;11113
2;1741106400016;11114
2;1741106402455;11115
2;1741106404969;11116
2;1741106405452;11117
2;1741106406617;11118
2;1741106417515;11119
2;1741106421699;11120
2;1741106441878;11121
2;1741106444136;11122
2;1741106447448;11123
2;1741106447966;11124
2;1741106460831;11125
2;1741106467718;11126
2;1741106467980;11127
2;1741106467990;11128
2;1741106478294;11129
2;1741106479618;11130
2;1741106485708;11131
2;1741106487984;11132
2;1741106489047;11133
2;1741106494034;11134
2;1741106504379;11135
2;1741106510380;11136
2;1741106513578;11137
2;1741106515450;11138
2;1741106518170;11139
2;1741106532807;11140
2;1741106533290;11141
2;1741106537687;11142
2;1741106550514;11143
2;1741106555487;11144
2;1741106558209;11145
2;1741106559991;11146
2;1741106563144;11147
2;1741106570810;11148
2;1741106573427;11149
2;1741106574339;11150
2;1741106576332;11151
2;1741106586026;11152
2;1741106588102;11153
2;1741106600048;11154
2;1741106602944;11155
2;1741106613140;11156
2;1741106621216;11157
2;1741106626728;11158
2;1741106630154;11159
2;1741106638480;11160
2;1741106638583;11161
2;1741106640206;11162
2;1741106646585;11163
2;1741106649348;11164
2;1741106658906;11165
2;1741106661892;11166
2;1741106664987;11167
2;1741106666298;11168
2;1741106672014;11169
2;1741106676123;11170
2;1741106679490;11171
2;1741106685438;11172
2;1741106693109;11173
2;1741106694220;11174
2;1741106702902;11175
2;1741106703734;11176
2;1741106707253;11177
2;1741106712843;11178
2;1741106724119;11179
2;1741106730514;11180
2;1741106734711;11181
2;1741106743201;11182
2;1741106748883;11183
2;1741106758998;11184
2;1741106764587;11185
2;1741106765079;11186
2;1741106767076;11187
2;1741106767143;11188
2;1741106767861;11189
2;1741106768529;11190
2;1741106783299;11191
2;1741106794110;11192
2;1741106796173;11193
2;1741106796519;11194
2;1741106798277;11195
2;1741106814548;11196
2;1741106817391;11197
2;1741106821456;11198
2;1741106825991;11199
2;1741106828383;11200
2;1741106834463;11201
2;1741106835381;11202
2;1741106846745;11203
2;1741106849420;11204
2;1741106863016;11205
2;1741106864938;11206
2;1741106866444;11207
2;1741106876727;11208
2;1741106878359;11209
2;1741106880474;11210
2;1741106884234;11211
2;1741106888423;11212
2;1741106888995;11213
2;1741106900766;11214
2;1741106904606;11215
2;1741106906704;11216
2;1741106923340;11217
2;1741106927533;11218
2;1741106928179;11219
2;1741106931113;11220
2;1741106933623;11221
2;1741106933675;11222
2;1741106933843;11223
2;1741106935182;11224
2;1741106945615;11225
2;1741106952171;11226
2;1741106958383;11227
2;1741106968238;11228
2;1741106981611;11229
2;1741106983399;11230
2;1741106985119;11231
2;1741106986337;11232
2;1741106987892;11233
2;1741106992828;11234
2;1741107000420;11235
2;1741107006910;11236
2;1741107009739;11237
2;1741107014180;11238
2;1741107015027;11239
2;1741107015563;11240
2;1741107019232;11241
2;1741107048409;11242
2;1741107052633;11243
2;1741107054990;11244
2;1741107057324;11245
2;1741107062134;11246
2;1741107065054;11247
2;1741107073498;11248
2;1741107075673;11249
2;1741107082510;11250
2;1741107083300;11251
2;1741107091860;11252
2;1741107094074;11253
2;1741107095977;11254
2;1741107103587;11255
2;1741107110650;11256
2;1741107116440;11257
2;1741107117644;11258
2;1741107118654;11259
2;1741107128316;11260
2;1741107133683;11261
2;1741107135220;11262
2;1741107135255;11263
2;1741107149131;11264
2;1741107158355;11265
2;1741107163569;11266
2;1741107167572;11267
2;1741107170584;11268
2;1741107175151;11269
2;1741107176983;11270
2;1741107177865;11271
2;1741107197944;11272
2;1741107198586;11273
2;1741107198852;11274
2;1741107199977;11275
2;1741107202744;11276
2;1741107217000;11277
2;1741107219136;11278
2;1741107222975;11279
2;1741107223922;11280
2;1741107225493;11281
2;1741107242240;11282
2;1741107248954;11283
2;1741107252826;11284
2;1741107255611;11285
2;1741107267780;11286
2;1741107267792;11287
2;1741107273208;11288
2;1741107275921;11289
2;1741107279679;11290
2;1741107285410;11291
2;1741107289993;11292
2;1741107294396;11293
2;1741107303157;11294
2;1741107304964;11295
2;1741107305988;11296
2;1741107307379;11297
2;1741107314366;11298
2;1741107326235;11299
2;1741107337404;11300
2;1741107338431;11301
2;1741107339835;11302
2;1741107352510;11303
2;1741107352715;11304
2;1741107353388;11305
2;1741107366456;11306
2;1741107368778;11307
2;1741107372321;11308
2;1741107373085;11309
2;1741107374375;11310
2;1741107380270;11311
2;1741107383110;11312
2;1741107392661;11313
2;1741107397997;11314
2;1741107402634;11315
2;1741107406745;11316
2;1741107414016;11317
2;1741107416444;11318
2;1741107429688;11319
2;1741107430216;11320
2;1741107435340;11321
2;1741107441745;11322
2;1741107444130;11323
2;1741107450867;11324
2;1741107457767;11325
2;1741107460142;11326
2;1741107464256;11327
2;1741107469667;11328
2;1741107482572;11329
2;1741107487200;11330
2;1741107487218;11331
2;1741107488635;11332
2;1741107494269;11333
2;1741107508099;11334
2;1741107515185;11335
2;1741107515206;11336
2;1741107519667;11337
2;1741107520526;11338
2;1741107528675;11339
2;1741107532054;11340
2;1741107535846;11341
2;1741107547480;11342
2;1741107551892;11343
2;1741107554853;11344
2;1741107562780;11345
2;1741107564999;11346
2;1741107567197;11347
2;1741107575375;11348
2;1741107576549;11349
2;1741107579037;11350
2;1741107584698;11351
2;1741107585464;11352
2;1741107589305;11353
2;1741107598941;11354
2;1741107603023;11355
2;1741107606467;11356
2;1741107612189;11357
2;1741107616887;11358
2;1741107626054;11359
3;1741107635834;7
2;1741107635915;11360
2;1741107638998;11361
2;1741107646416;11362
2;1741107649561;11363
2;1741107651723;11364
2;1741107654987;11365
2;1741107655867;11366
2;1741107657691;11367
2;1741107664583;11368
2;1741107664932;11369
2;1741107684801;11370
2;1741107688967;11371
2;1741107694450;11372
2;1741107695613;11373
2;1741107703572;11374
2;1741107709667;11375
2;1741107717227;11376
2;1741107717625;11377
2;1741107718244;11378
2;1741107725981;11379
2;1741107734312;11380
2;1741107736051;11381
2;1741107737076;11382
2;1741107741302;11383
2;1741107747896;11384
2;1741107750473;11385
2;1741107754077;11386
2;1741107761092;11387
2;1741107762165;11388
2;1741107765335;11389
2;1741107776969;11390
2;1741107787766;11391
2;1741107801442;11392
2;1741107801694;11393
2;1741107807101;11394
2;1741107807293;11395
2;1741107814322;11396
2;1741107815937;11397
2;1741107818129;11398
2;1741107822186;11399
2;1741107822270;11400
2;1741107840066;11401
2;1741107843378;11402
2;1741107844575;11403
2;1741107847498;11404
2;1741107851695;11405
2;1741107855943;11406
2;1741107858869;11407
2;1741107867833;11408
2;1741107874924;11409
2;1741107876802;11410
2;1741107882083;11411
2;1741107885021;11412
2;1741107891393;11413
2;1741107894654;11414
2;1741107901278;11415
2;1741107902071;11416
2;1741107903139;11417
2;1741107908918;11418
2;1741107922642;11419
2;1741107927404;11420
2;1741107937991;11421
2;1741107938095;11422
2;1741107942054;11423
2;1741107944282;11424
2;1741107952206;11425
2;1741107961581;11426
2;1741107965637;11427
2;1741107966302;11428
2;1741107970359;11429
2;1741107975531;11430
2;1741107980659;11431
2;1741107981579;11432
2;1741107994748;11433
2;1741107999130;11434
2;1741108009528;11435
2;1741108012705;11436
2;1741108013478;11437
2;1741108016784;11438
2;1741108017674;11439
2;1741108033595;11440
2;1741108039232;11441
2;1741108041590;11442
2;1741108051676;11443
2;1741108056150;11444
2;1741108058107;11445
2;1741108060071;11446
2;1741108062373;11447
2;1741108062391;11448
2;1741108062657;11449
2;1741108069717;11450
2;1741108078972;11451
2;1741108094518;11452
2;1741108096633;11453
2;1741108098113;11454
2;1741108105535;11455
2;1741108108502;11456
2;1741108111763;11457
2;1741108120889;11458
2;1741108124016;11459
2;1741108125717;11460
2;1741108140269;11461
2;1741108141462;11462
2;1741108149335;11463
2;1741108153064;11464
2;1741108154215;11465
2;1741108157797;11466
2;1741108166216;11467
2;1741108168395;11468
2;1741108171854;11469
2;1741108173578;11470
2;1741108180774;11471
2;1741108190924;11472
2;1741108196756;11473
2;1741108199469;11474
2;1741108200185;11475
2;1741108203587;11476
2;1741108226120;11477
2;1741108226952;11478
2;1741108227457;11479
2;1741108227922;11480
2;1741108228033;11481
2;1741108232271;11482
2;1741108249225;11483
2;1741108250545;11484
2;1741108255234;11485
2;1741108257577;11486
2;1741108259490;11487
2;1741108263493;11488
2;1741108269384;11489
2;1741108274769;11490
2;1741108284587;11491
2;1741108298421;11492
2;1741108298778;11493
2;1741108303715;11494
2;1741108304694;11495
2;1741108304864;11496
2;1741108307966;11497
2;1741108308773;11498
2;1741108320594;11499
2;1741108321314;11500
2;1741108329268;11501
2;1741108335904;11502
2;1741108344534;11503
2;1741108357323;11504
2;1741108357890;11505
2;1741108358023;11506
2;1741108359367;11507
2;1741108375957;11508
2;1741108378781;11509
2;1741108379498;11510
2;1741108385434;11511
2;1741108388455;11512
2;1741108388530;11513
2;1741108392017;11514
2;1741108398672;11515
2;1741108401670;11516
2;1741108406890;11517
2;1741108418317;11518
2;1741108425278;11519
2;1741108427404;11520
2;1741108442108;11521
2;1741108447785;11522
2;1741108448915;11523
2;1741108449840;11524
2;1741108452148;11525
2;1741108454237;11526
2;1741108458427;11527
2;1741108463981;11528
2;1741108466359;11529
2;1741108469140;11530
2;1741108484166;11531
2;1741108493005;11532
2;1741108493537;11533
2;1741108499755;11534
2;1741108501049;11535
2;1741108501060;11536
2;1741108503826;11537
2;1741108511879;11538
2;1741108521476;11539
2;1741108532405;11540
2;1741108538211;11541
2;1741108539836;11542
2;1741108539853;11543
2;1741108541182;11544
2;1741108548520;11545
2;1741108550779;11546
2;1741108559326;11547
2;1741108567621;11548
2;1741108572692;11549
2;1741108575411;11550
2;1741108587696;11551
2;1741108592377;11552
2;1741108594166;11553
2;1741108595398;11554
2;1741108600308;11555
2;1741108601093;11556
2;1741108605596;11557
2;1741108621876;11558
2;1741108627413;11559
2;1741108629370;11560
2;1741108637417;11561
2;1741108638188;11562
2;1741108648447;11563
2;1741108651669;11564
2;1741108652258;11565
2;1741108652329;11566
2;1741108659446;11567
2;1741108661577;11568
2;1741108670339;11569
2;1741108673617;11570
2;1741108679669;11571
2;1741108680243;11572
2;1741108695429;11573
2;1741108696819;11574
2;1741108703210;11575
2;1741108714989;11576
2;1741108719656;11577
2;1741108725950;11578
2;1741108730031;11579
2;1741108730677;11580
2;1741108738439;11581
2;1741108741736;11582
2;1741108744933;11583
2;1741108746430;11584
2;1741108752989;11585
2;1741108757320;11586
2;1741108757997;11587
2;1741108758812;11588
2;1741108769830;11589
2;1741108777196;11590
2;1741108778879;11591
2;1741108781120;11592
2;1741108784797;11593
2;1741108800504;11594
2;1741108809814;11595
2;1741108811062;11596
2;1741108814230;11597
2;1741108814778;11598
2;1741108821830;11599
2;1741108824660;11600
2;1741108838605;11601
2;1741108848498;11602
2;1741108849515;11603
2;1741108852254;11604
2;1741108858148;11605
2;1741108861237;11606
2;1741108866779;11607
2;1741108868392;11608
2;1741108875070;11609
2;1741108876943;11610
2;1741108879695;11611
2;1741108887360;11612
2;1741108898394;11613
2;1741108901420;11614
2;1741108903279;11615
2;1741108910212;11616
2;1741108910600;11617
2;1741108915243;11618
2;1741108915783;11619
2;1741108919848;11620
2;1741108926052;11621
2;1741108929787;11622
2;1741108936656;11623
2;1741108938360;11624
2;1741108960275;11625
2;1741108961899;11626
2;1741108962572;11627
2;1741108965394;11628
2;1741108970804;11629
2;1741108973487;11630
2;1741108974802;11631
2;1741108978144;11632
2;1741108995208;11633
2;1741109001312;11634
2;1741109008169;11635
2;1741109014507;11636
2;1741109015123;11637
2;1741109018838;11638
2;1741109021651;11639
2;1741109025530;11640
2;1741109025925;11641
2;1741109030314;11642
2;1741109034073;11643
2;1741109046890;11644
2;1741109049880;11645
2;1741109051939;11646
2;1741109053001;11647
2;1741109058481;11648
2;1741109075597;11649
2;1741109081020;11650
2;1741109084295;11651
2;1741109085559;11652
2;1741109101164;11653
2;1741109103728;11654
2;1741109105399;11655
2;1741109108856;11656
2;1741109112783;11657
2;1741109116350;11658
2;1741109121851;11659
2;1741109123116;11660
2;1741109130690;11661
2;1741109132549;11662
2;1741109146496;11663
2;1741109148200;11664
2;1741109163152;11665
2;1741109165371;11666
2;1741109168211;11667
2;1741109168731;11668
2;1741109169105;11669
2;1741109176284;11670
2;1741109178879;11671
2;1741109182211;11672
2;1741109185832;11673
2;1741109186927;11674
2;1741109197694;11675
2;1741109213820;11676
2;1741109217799;11677
2;1741109222435;11678
2;1741109225846;11679
2;1741109227953;11680
2;1741109234441;11681
2;1741109239038;11682
2;1741109246846;11683
2;1741109253707;11684
2;1741109257690;11685
2;1741109260150;11686
2;1741109261713;11687
2;1741109263356;11688
2;1741109263578;11689
2;1741109275597;11690
2;1741109287993;11691
2;1741109289273;11692
2;1741109291060;11693
2;1741109292417;11694
2;1741109309379;11695
2;1741109309769;11696
2;1741109315958;11697
2;1741109333339;11698
2;1741109333793;11699
2;1741109334149;11700
2;1741109335122;11701
2;1741109340637;11702
2;1741109342212;11703
2;1741109343135;11704
2;1741109350567;11705
2;1741109365503;11706
2;1741109368136;11707
2;1741109370203;11708
2;1741109371865;11709
2;1741109379905;11710
2;1741109380864;11711
2;1741109382125;11712
2;1741109384530;11713
2;1741109389355;11714
2;1741109393889;11715
2;1741109413206;11716
2;1741109413343;11717
2;1741109413803;11718
2;1741109420036;11719
2;1741109428293;11720
2;1741109433367;11721
2;1741109436381;11722
2;1741109443175;11723
2;1741109449416;11724
2;1741109450905;11725
2;1741109451704;11726
2;1741109458275;11727
2;1741109461167;11728
2;1741109462010;11729
2;1741109468383;11730
2;1741109479412;11731
2;1741109488671;11732
2;1741109504631;11733
2;1741109506390;11734
2;1741109511571;11735
2;1741109514277;11736
2;1741109517971;11737
2;1741109521707;11738
2;1741109528231;11739
2;1741109532714;11740
2;1741109535021;11741
2;1741109539779;11742
2;1741109541822;11743
2;1741109549343;11744
2;1741109550017;11745
2;1741109561266;11746
2;1741109568250;11747
2;1741109568445;11748
2;1741109578463;11749
2;1741109585593;11750
2;1741109589565;11751
2;1741109598007;11752
2;1741109601701;11753
2;1741109607222;11754
2;1741109607511;11755
2;1741109621355;11756
2;1741109622262;11757
2;1741109623445;11758
2;1741109627732;11759
2;1741109632408;11760
2;1741109637192;11761
2;1741109640981;11762
2;1741109649906;11763
2;1741109651722;11764
2;1741109658667;11765
2;1741109661144;11766
2;1741109669637;11767
2;1741109670586;11768
2;1741109672573;11769
2;1741109680969;11770
2;1741109683136;11771
2;1741109689389;11772
2;1741109693168;11773
2;1741109702836;11774
2;1741109707375;11775
2;1741109713184;11776
2;1741109717360;11777
2;1741109723265;11778
2;1741109728144;11779
2;1741109731886;11780
2;1741109732947;11781
2;1741109737077;11782
2;1741109739282;11783
2;1741109746572;11784
2;1741109751008;11785
2;1741109751917;11786
2;1741109763423;11787
2;1741109767560;11788
2;1741109770638;11789
2;1741109773532;11790
2;1741109792178;11791
2;1741109795659;11792
2;1741109798494;11793
2;1741109800368;11794
2;1741109805464;11795
2;1741109809844;11796
2;1741109814970;11797
2;1741109823861;11798
2;1741109827315;11799
2;1741109828240;11800
2;1741109830704;11801
2;1741109843009;11802
2;1741109843630;11803
2;1741109853932;11804
2;1741109854260;11805
2;1741109858484;11806
2;1741109866051;11807
2;1741109866910;11808
2;1741109874472;11809
2;1741109874964;11810
2;1741109883542;11811
2;1741109885213;11812
2;1741109893995;11813
2;1741109897240;11814
2;1741109912758;11815
2;1741109913604;11816
2;1741109923260;11817
2;1741109924738;11818
2;1741109925805;11819
2;1741109930970;11820
2;1741109936244;11821
2;1741109943006;11822
2;1741109943986;11823
2;1741109946084;11824
2;1741109958041;11825
2;1741109958321;11826
2;1741109964339;11827
2;1741109967883;11828
2;1741109978250;11829
2;1741109979071;11830
2;1741109983414;11831
2;1741109985413;11832
2;1741109994747;11833
2;1741109999981;11834
2;1741110003984;11835
2;1741110005203;11836
2;1741110013027;11837
2;1741110027186;11838
2;1741110027935;11839
2;1741110034191;11840
2;1741110034334;11841
2;1741110040287;11842
2;1741110049134;11843
2;1741110052717;11844
2;1741110052820;11845
2;1741110059772;11846
2;1741110064729;11847
2;1741110076363;11848
2;1741110076899;11849
2;1741110082708;11850
2;1741110086035;11851
2;1741110088892;11852
2;1741110090500;11853
2;1741110093612;11854
2;1741110101829;11855
2;1741110109143;11856
2;1741110112869;11857
2;1741110116304;11858
2;1741110119903;11859
2;1741110122904;11860
2;1741110126018;11861
2;1741110135840;11862
2;1741110138475;11863
2;1741110140005;11864
2;1741110144875;11865
2;1741110149561;11866
2;1741110154756;11867
2;1741110155336;11868
2;1741110165974;11869
2;1741110167848;11870
2;1741110182436;11871
2;1741110184739;11872
2;1741110188973;11873
2;1741110197971;11874
2;1741110206559;11875
2;1741110208421;11876
2;1741110211461;11877
2;1741110216960;11878
2;1741110220788;11879
2;1741110223709;11880
2;1741110226554;11881
2;1741110241359;11882
2;1741110248245;11883
2;1741110248759;11884
2;1741110253749;11885
2;1741110256524;11886
2;1741110265960;11887
2;1741110269676;11888
2;1741110273285;11889
2;1741110277112;11890
2;1741110279119;11891
2;1741110284473;11892
2;1741110295182;11893
2;1741110307175;11894
2;1741110312626;11895
2;1741110314205;11896
2;1741110320014;11897
2;1741110321474;11898
2;1741110323419;11899
2;1741110326039;11900
2;1741110335039;11901
2;1741110337858;11902
2;1741110350686;11903
2;1741110351323;11904
2;1741110351784;11905
2;1741110352262;11906
2;1741110358229;11907
2;1741110378152;11908
2;1741110378396;11909
2;1741110383073;11910
2;1741110383830;11911
2;1741110385224;11912
2;1741110388144;11913
2;1741110394694;11914
2;1741110395372;11915
2;1741110411995;11916
2;1741110415359;11917
2;1741110419552;11918
2;1741110422881;11919
2;1741110431545;11920
2;1741110432835;11921
2;1741110433245;11922
2;1741110445455;11923
2;1741110454383;11924
2;1741110455185;11925
2;1741110457143;11926
2;1741110457425;11927
2;1741110462900;11928
2;1741110474450;11929
2;1741110481868;11930
2;1741110486911;11931
2;1741110494865;11932
2;1741110503675;11933
2;1741110505207;11934
2;1741110506491;11935
3;1741110515838;8
2;1741110519264;11936
2;1741110520888;11937
2;1741110524122;11938
2;1741110525225;11939
2;1741110525779;11940
2;1741110531784;11941
2;1741110532805;11942
2;1741110540141;11943
2;1741110553140;11944
2;1741110553405;11945
2;1741110560853;11946
2;1741110562913;11947
2;1741110568051;11948
2;1741110574078;11949
2;1741110580313;11950
2;1741110583028;11951
2;1741110586238;11952
2;1741110598733;11953
2;1741110602975;11954
2;1741110606103;11955
2;1741110609051;11956
2;1741110616768;11957
2;1741110622332;11958
2;1741110625678;11959
2;1741110630123;11960
2;1741110638025;11961
2;1741110648184;11962
2;1741110651006;11963
2;1741110654685;11964
2;1741110657138;11965
2;1741110658429;11966
2;1741110659348;11967
2;1741110666226;11968
2;1741110672374;11969
2;1741110681698;11970
2;1741110682174;11971
2;1741110687559;11972
2;1741110693772;11973
2;1741110694747;11974
2;1741110702599;11975
2;1741110705118;11976
2;1741110713317;11977
2;1741110725619;11978
2;1741110728520;11979
2;1741110735114;11980
2;1741110742448;11981
2;1741110745057;11982
2;1741110746363;11983
2;1741110746376;11984
2;1741110747839;11985
2;1741110754813;11986
2;1741110762528;11987
2;1741110763963;11988
2;1741110770916;11989
2;1741110774273;11990
2;1741110778051;11991
2;1741110787830;11992
2;1741110798591;11993
2;1741110800083;11994
2;1741110807031;11995
2;1741110808285;11996
2;1741110809808;11997
2;1741110809923;11998
2;1741110826907;11999
2;1741110829254;12000
2;1741110835491;12001
2;1741110837781;12002
2;1741110843870;12003
2;1741110850583;12004
2;1741110850735;12005
2;1741110859078;12006
2;1741110868221;12007
2;1741110868605;12008
2;1741110870802;12009
2;1741110871836;12010
2;1741110873072;12011
2;1741110885172;12012
2;1741110886271;12013
2;1741110891646;12014
2;1741110901782;12015
2;1741110902881;12016
2;1741110908001;12017
2;1741110922987;12018
2;1741110930004;12019
2;1741110930110;12020
2;1741110931953;12021
2;1741110933064;12022
2;1741110933795;12023
2;1741110933892;12024
2;1741110943051;12025
2;1741110968556;12026
2;1741110970420;12027
2;1741110970745;12028
2;1741110975677;12029
2;1741110983585;12030
2;1741110985203;12031
2;1741110989375;12032
2;1741110989747;12033
2;1741110992266;12034
2;1741111003058;12035
2;1741111004396;12036
2;1741111006306;12037
2;1741111018383;12038
2;1741111021239;12039
2;1741111022260;12040
2;1741111030119;12041
2;1741111039606;12042
2;1741111050452;12043
2;1741111054877;12044
2;1741111056235;12045
2;1741111061487;12046
2;1741111072935;12047
2;1741111078937;12048
2;1741111084419;12049
2;1741111084753;12050
2;1741111084816;12051
2;1741111089345;12052
2;1741111092870;12053
2;1741111098445;12054
2;1741111101434;12055
2;1741111106354;12056
2;1741111110966;12057
2;1741111119275;12058
2;1741111120272;12059
2;1741111124676;12060
2;1741111143068;12061
2;1741111147077;12062
2;1741111148924;12063
2;1741111156629;12064
2;1741111159361;12065
2;1741111160580;12066
2;1741111170527;12067
2;1741111175212;12068
2;1741111177749;12069
2;1741111181089;12070
2;1741111182129;12071
2;1741111185031;12072
2;1741111191899;12073
2;1741111204708;12074
2;1741111207554;12075
2;1741111215488;12076
2;1741111218654;12077
2;1741111221084;12078
2;1741111221651;12079
2;1741111224522;12080
2;1741111244535;12081
2;1741111246466;12082
2;1741111247418;12083
2;1741111257265;12084
2;1741111258470;12085
2;1741111263409;12086
2;1741111263634;12087
2;1741111264074;12088
2;1741111268559;12089
2;1741111270518;12090
2;1741111275734;12091
2;1741111297984;12092
2;1741111302748;12093
2;1741111303671;12094
2;1741111307143;12095
2;1741111309277;12096
2;1741111313384;12097
2;1741111314347;12098
2;1741111323038;12099
2;1741111336052;12100
2;1741111338077;12101
2;1741111346049;12102
2;1741111346399;12103
2;1741111348055;12104
2;1741111352625;12105
2;1741111354122;12106
2;1741111366219;12107
2;1741111371595;12108
2;1741111377505;12109
2;1741111382479;12110
2;1741111386332;12111
2;1741111396983;12112
2;1741111399511;12113
2;1741111403658;12114
2;1741111405451;12115
2;1741111415835;12116
2;1741111417612;12117
2;1741111417811;12118
2;1741111420627;12119
2;1741111426266;12120
2;1741111433746;12121
2;1741111439401;12122
2;1741111447838;12123
2;1741111452696;12124
2;1741111453203;12125
2;1741111454140;12126
2;1741111459158;12127
2;1741111462054;12128
2;1741111464412;12129
2;1741111482868;12130
2;1741111489441;12131
2;1741111490796;12132
2;1741111497665;12133
2;1741111499149;12134
2;1741111503688;12135
2;1741111505970;12136
2;1741111517336;12137
2;1741111517959;12138
2;1741111524436;12139
2;1741111525153;12140
2;1741111528560;12141
2;1741111544224;12142
2;1741111549654;12143
2;1741111550481;12144
2;1741111550589;12145
2;1741111561888;12146
2;1741111576204;12147
2;1741111576665;12148
2;1741111577758;12149
2;1741111578790;12150
2;1741111582723;12151
2;1741111586084;12152
2;1741111587333;12153
2;1741111587955;12154
2;1741111592340;12155
2;1741111609308;12156
2;1741111615613;12157
2;1741111617753;12158
2;1741111619631;12159
2;1741111622604;12160
2;1741111642383;12161
2;1741111643306;12162
2;1741111651913;12163
2;1741111656509;12164
2;1741111657643;12165
2;1741111660784;12166
2;1741111665278;12167
2;1741111666856;12168
2;1741111669999;12169
2;1741111678662;12170
2;1741111687960;12171
2;1741111693230;12172
2;1741111694551;12173
2;1741111695472;12174
2;1741111703469;12175
2;1741111710513;12176
2;1741111711831;12177
2;1741111721974;12178
2;1741111727028;12179
2;1741111727817;12180
2;1741111737169;12181
2;1741111741554;12182
2;1741111743408;12183
2;1741111749308;12184
2;1741111751015;12185
2;1741111759818;12186
2;1741111763418;12187
2;1741111766568;12188
2;1741111768715;12189
2;1741111768981;12190
2;1741111780690;12191
2;1741111793099;12192
2;1741111799619;12193
2;1741111802622;12194
2;1741111805548;12195
2;1741111809288;12196
2;1741111816054;12197
2;1741111816421;12198
2;1741111817910;12199
2;1741111828029;12200
2;1741111828043;12201
2;1741111839740;12202
2;1741111843778;12203
2;1741111852294;12204
2;1741111854389;12205
2;1741111858458;12206
2;1741111871766;12207
2;1741111880017;12208
2;1741111882211;12209
2;1741111883657;12210
2;1741111884224;12211
2;1741111893336;12212
2;1741111895370;12213
2;1741111899318;12214
2;1741111903870;12215
2;1741111906926;12216
2;1741111916865;12217
2;1741111928214;12218
2;1741111935390;12219
2;1741111937843;12220
2;1741111938082;12221
2;1741111940207;12222
2;1741111947718;12223
2;1741111949716;12224
2;1741111950897;12225
2;1741111951495;12226
2;1741111962682;12227
2;1741111963528;12228
2;1741111967865;12229
2;1741111980610;12230
2;1741111983640;12231
2;1741111988113;12232
2;1741111988230;12233
2;1741111989792;12234
2;1741111990394;12235
2;1741112015597;12236
2;1741112016865;12237
2;1741112021293;12238
2;1741112024534;12239
2;1741112025497;12240
2;1741112028655;12241
2;1741112030784;12242
2;1741112047811;12243
2;1741112047847;12244
2;1741112057160;12245
2;1741112059450;12246
2;1741112062259;12247
2;1741112067797;12248
2;1741112080668;12249
2;1741112081921;12250
2;1741112084194;12251
2;1741112087236;12252
2;1741112088489;12253
2;1741112099038;12254
2;1741112102437;12255
2;1741112112599;12256
2;1741112114879;12257
2;1741112121611;12258
2;1741112123581;12259
2;1741112128436;12260
2;1741112140857;12261
2;1741112141341;12262
2;1741112142530;12263
2;1741112144468;12264
2;1741112151771;12265
2;1741112154265;12266
2;1741112160070;12267
2;1741112161854;12268
2;1741112167980;12269
2;1741112170982;12270
2;1741112193936;12271
2;1741112199570;12272
2;1741112200840;12273
2;1741112206648;12274
2;1741112208029;12275
2;1741112208551;12276
2;1741112208967;12277
2;1741112213409;12278
2;1741112219159;12279
2;1741112231612;12280
2;1741112232560;12281
2;1741112234583;12282
2;1741112238795;12283
2;1741112248666;12284
2;1741112253741;12285
2;1741112254149;12286
2;1741112259974;12287
2;1741112264729;12288
2;1741112267312;12289
2;1741112290368;12290
2;1741112295495;12291
2;1741112297692;12292
2;1741112303036;12293
2;1741112303217;12294
2;1741112303250;12295
2;1741112307568;12296
2;1741112311540;12297
2;1741112323104;12298
2;1741112325589;12299
2;1741112328418;12300
2;1741112332395;12301
2;1741112335647;12302
2;1741112339880;12303
2;1741112346084;12304
2;1741112357108;12305
2;1741112360017;12306
2;1741112362577;12307
2;1741112371168;12308
2;1741112371217;12309
2;1741112376714;12310
2;1741112384350;12311
2;1741112390642;12312
2;1741112391901;12313
2;1741112401277;12314
2;1741112403469;12315
2;1741112405124;12316
2;1741112409195;12317
2;1741112412517;12318
2;1741112417127;12319
2;1741112423488;12320
2;1741112436736;12321
2;1741112438818;12322
2;1741112445525;12323
2;1741112452666;12324
2;1741112455412;12325
2;1741112460793;12326
2;1741112469247;12327
2;1741112471342;12328
2;1741112486013;12329
2;1741112486195;12330
2;1741112489649;12331
2;1741112490238;12332
2;1741112491611;12333
2;1741112494473;12334
2;1741112495969;12335
2;1741112504996;12336
2;1741112505235;12337
2;1741112514056;12338
2;1741112523082;12339
2;1741112524924;12340
2;1741112531368;12341
2;1741112535114;12342
2;1741112542294;12343
2;1741112544787;12344
2;1741112549490;12345
2;1741112552643;12346
2;1741112559552;12347
2;1741112559964;12348
2;1741112575168;12349
2;1741112577298;12350
2;1741112579849;12351
2;1741112584675;12352
2;1741112589596;12353
2;1741112599903;12354
2;1741112609731;12355
2;1741112613617;12356
2;1741112613933;12357
2;1741112617705;12358
2;1741112620297;12359
2;1741112623972;12360
2;1741112625962;12361
2;1741112640275;12362
2;1741112646683;12363
2;1741112649587;12364
2;1741112655779;12365
2;1741112657178;12366
2;1741112657559;12367
2;1741112664004;12368
2;1741112665660;12369
2;1741112671390;12370
2;1741112675190;12371
2;1741112687488;12372
2;1741112687506;12373
2;1741112701933;12374
2;1741112713753;12375
2;1741112714857;12376
2;1741112717637;12377
2;1741112722118;12378
2;1741112725381;12379
2;1741112740275;12380
2;1741112740349;12381
2;1741112744526;12382
2;1741112746134;12383
2;1741112752046;12384
2;1741112757360;12385
2;1741112758644;12386
2;1741112760682;12387
2;1741112762407;12388
2;1741112766762;12389
2;1741112776296;12390
2;1741112777268;12391
2;1741112793622;12392
2;1741112794029;12393
2;1741112794946;12394
2;1741112802352;12395
2;1741112813924;12396
2;1741112814695;12397
2;1741112818617;12398
2;1741112828259;12399
2;1741112828688;12400
2;1741112833440;12401
2;1741112833985;12402
2;1741112848511;12403
2;1741112858490;12404
2;1741112859282;12405
2;1741112862231;12406
2;1741112863338;12407
2;1741112871302;12408
2;1741112873132;12409
2;1741112874500;12410
2;1741112878104;12411
2;1741112882023;12412
2;1741112893517;12413
2;1741112896000;12414
2;1741112901599;12415
2;1741112902454;12416
2;1741112902768;12417
2;1741112913002;12418
2;1741112916086;12419
2;1741112925031;12420
2;1741112944410;12421
2;1741112945969;12422
2;1741112945986;12423
2;1741112947932;12424
2;1741112953347;12425
2;1741112958091;12426
2;1741112968821;12427
2;1741112974057;12428
2;1741112977603;12429
2;1741112979066;12430
2;1741112979410;12431
2;1741112985721;12432
2;1741113002519;12433
2;1741113005084;12434
2;1741113005354;12435
2;1741113012002;12436
2;1741113017435;12437
2;1741113020470;12438
2;1741113020834;12439
2;1741113020924;12440
2;1741113024671;12441
2;1741113026931;12442
2;1741113037833;12443
2;1741113057392;12444
2;1741113064183;12445
2;1741113066524;12446
2;1741113070535;12447
2;1741113072932;12448
2;1741113073212;12449
2;1741113074247;12450
2;1741113076070;12451
2;1741113076483;12452
2;1741113083176;12453
2;1741113090797;12454
2;1741113100708;12455
2;1741113113658;12456
2;1741113127595;12457
2;1741113128825;12458
2;1741113132315;12459
2;1741113132745;12460
2;1741113139072;12461
2;1741113147946;12462
2;1741113151478;12463
2;1741113156425;12464
2;1741113157346;12465
2;1741113161372;12466
2;1741113167781;12467
2;1741113171022;12468
2;1741113183751;12469
2;1741113187573;12470
2;1741113191577;12471
2;1741113194216;12472
2;1741113195160;12473
2;1741113196305;12474
2;1741113197785;12475
2;1741113199880;12476
2;1741113207064;12477
2;1741113210297;12478
2;1741113233291;12479
2;1741113234416;12480
2;1741113234991;12481
2;1741113238087;12482
2;1741113238634;12483
2;1741113241310;12484
2;1741113241957;12485
2;1741113258773;12486
2;1741113267926;12487
2;1741113273955;12488
2;1741113274508;12489
2;1741113277820;12490
2;1741113282209;12491
2;1741113283804;12492
2;1741113302544;12493
2;1741113304850;12494
2;1741113306890;12495
2;1741113307285;12496
2;1741113308196;12497
2;1741113310068;12498
2;1741113318278;12499
2;1741113323520;12500
2;1741113333883;12501
2;1741113334822;12502
2;1741113341630;12503
2;1741113343703;12504
2;1741113348499;12505
2;1741113363680;12506
2;1741113364203;12507
2;1741113372466;12508
2;1741113376742;12509
2;1741113379229;12510
2;1741113383307;12511
2;1741113388068;12512
2;1741113393113;12513
2;1741113394986;12514
2;1741113395120;12515
2;1741113398126;12516
2;1741113413874;12517
2;1741113414924;12518
2;1741113436815;12519
2;1741113437997;12520
2;1741113438750;12521
2;1741113443813;12522
2;1741113450253;12523
2;1741113455781;12524
2;1741113459472;12525
2;1741113460300;12526
2;1741113463077;12527
2;1741113464034;12528
2;1741113467314;12529
2;1741113471080;12530
2;1741113481180;12531
2;1741113488245;12532
2;1741113489038;12533
2;1741113489953;12534
2;1741113500140;12535
2;1741113509543;12536
2;1741113510118;12537
2;1741113518228;12538
2;1741113524308;12539
2;1741113525187;12540
2;1741113529565;12541
2;1741113538972;12542
2;1741113540753;12543
2;1741113540856;12544
2;1741113544875;12545
2;1741113551886;12546
2;1741113558962;12547
2;1741113570309;12548
2;1741113573999;12549
2;1741113574348;12550
2;1741113577701;12551
2;1741113587948;12552
2;1741113597719;12553
2;1741113598542;12554
2;1741113608896;12555
2;1741113610999;12556
2;1741113615451;12557
2;1741113617178;12558
2;1741113622858;12559
2;1741113623281;12560
2;1741113632852;12561
2;1741113647758;12562
2;1741113647984;12563
2;1741113649924;12564
2;1741113650100;12565
2;1741113650242;12566
2;1741113665721;12567
2;1741113676251;12568
2;1741113677426;12569
2;1741113678512;12570
2;1741113683246;12571
2;1741113689691;12572
2;1741113691762;12573
2;1741113699591;12574
2;1741113705957;12575
2;1741113708567;12576
2;1741113714432;12577
2;1741113716977;12578
2;1741113722351;12579
2;1741113731328;12580
2;1741113731403;12581
2;1741113736173;12582
2;1741113744836;12583
2;1741113745315;12584
2;1741113747372;12585
2;1741113762262;12586
2;1741113762546;12587
2;1741113767581;12588
2;1741113769091;12589
2;1741113771714;12590
2;1741113783952;12591
2;1741113784614;12592
2;1741113794201;12593
2;1741113795677;12594
2;1741113802734;12595
2;1741113805514;12596
2;1741113808327;12597
2;1741113819545;12598
2;1741113822807;12599
2;1741113827076;12600
2;1741113831834;12601
2;1741113836183;12602
2;1741113837188;12603
2;1741113843356;12604
2;1741113865336;12605
2;1741113867315;12606
2;1741113868975;12607
2;1741113871819;12608
2;1741113873010;12609
2;1741113874936;12610
2;1741113877701;12611
2;1741113878831;12612
2;1741113881962;12613
2;1741113899469;12614
2;1741113908576;12615
2;1741113910796;12616
2;1741113915142;12617
2;1741113917598;12618
2;1741113921673;12619
2;1741113930815;12620
2;1741113932328;12621
2;1741113937364;12622
2;1741113941227;12623
2;1741113946142;12624
2;1741113948330;12625
2;1741113955532;12626
2;1741113962345;12627
2;1741113962417;12628
2;1741113970173;12629
2;1741113977701;12630
2;1741113980885;12631
2;1741113981068;12632
2;1741113983057;12633
2;1741113990021;12634
2;1741113994561;12635
2;1741114011071;12636
2;1741114021446;12637
2;1741114028592;12638
2;1741114028918;12639
2;1741114032580;12640
2;1741114032881;12641
2;1741114032886;12642
2;1741114033188;12643
2;1741114043792;12644
2;1741114055243;12645
2;1741114058620;12646
2;1741114059860;12647
2;1741114067718;12648
2;1741114072143;12649
2;1741114073077;12650
2;1741114084415;12651
2;1741114088512;12652
2;1741114093681;12653
2;1741114097735;12654
2;1741114102448;12655
2;1741114107545;12656
2;1741114119462;12657
2;1741114123608;12658
2;1741114123719;12659
2;1741114126837;12660
2;1741114136088;12661
2;1741114136837;12662
2;1741114140981;12663
2;1741114142360;12664
2;1741114146988;12665
2;1741114155558;12666
2;1741114155840;12667
2;1741114157231;12668
2;1741114174344;12669
2;1741114180450;12670
2;1741114187726;12671
2;1741114189770;12672
2;1741114193095;12673
2;1741114196307;12674
2;1741114197289;12675
2;1741114199633;12676
2;1741114200836;12677
2;1741114212024;12678
2;1741114215964;12679
2;1741114231769;12680
2;1741114233524;12681
2;1741114246819;12682
2;1741114249963;12683
2;1741114251992;12684
2;1741114254778;12685
2;1741114258338;12686
2;1741114265206;12687
2;1741114266633;12688
2;1741114273786;12689
2;1741114275702;12690
2;1741114276871;12691
2;1741114284614;12692
2;1741114294207;12693
2;1741114295274;12694
2;1741114300377;12695
2;1741114304914;12696
2;1741114316518;12697
2;1741114319543;12698
2;1741114320691;12699
2;1741114321287;12700
2;1741114337156;12701
2;1741114341230;12702
2;1741114343330;12703
2;1741114353573;12704
2;1741114354060;12705
2;1741114358776;12706
2;1741114362630;12707
2;1741114362641;12708
2;1741114369717;12709
2;1741114376939;12710
2;1741114380497;12711
2;1741114387081;12712
2;1741114390866;12713
2;1741114390996;12714
2;1741114391571;12715
2;1741114398259;12716
2;1741114398503;12717
2;1741114420628;12718
2;1741114427488;12719
2;1741114428148;12720
2;1741114429902;12721
2;1741114431547;12722
2;1741114449016;12723
2;1741114453951;12724
2;1741114455102;12725
2;1741114457529;12726
2;1741114458618;12727
2;1741114459459;12728
2;1741114468901;12729
2;1741114470698;12730
2;1741114474087;12731
2;1741114488229;12732
2;1741114490115;12733
2;1741114496890;12734
2;1741114500949;12735
2;1741114501150;12736
2;1741114512506;12737
2;1741114518237;12738
2;1741114518786;12739
2;1741114518942;12740
2;1741114524233;12741
2;1741114546457;12742
2;1741114547094;12743
2;1741114553843;12744
2;1741114557961;12745
2;1741114559719;12746
2;1741114562675;12747
2;1741114564508;12748
2;1741114567559;12749
2;1741114574843;12750
2;1741114584357;12751
2;1741114588910;12752
2;1741114600898;12753
2;1741114602966;12754
2;1741114605114;12755
2;1741114608410;12756
2;1741114614592;12757
2;1741114614676;12758
2;1741114619525;12759
2;1741114621491;12760
2;1741114622662;12761
2;1741114640635;12762
2;1741114649149;12763
2;1741114653188;12764
2;1741114653199;12765
2;1741114653538;12766
2;1741114656178;12767
2;1741114660872;12768
2;1741114665638;12769
2;1741114672568;12770
2;1741114683570;12771
2;1741114687047;12772
2;1741114694587;12773
2;1741114695967;12774
2;1741114706528;12775
2;1741114709375;12776
2;1741114713617;12777
2;1741114718139;12778
2;1741114724731;12779
2;1741114725568;12780
2;1741114731448;12781
2;1741114734015;12782
2;1741114739863;12783
2;1741114742966;12784
2;1741114748963;12785
2;1741114752330;12786
2;1741114762804;12787
2;1741114775961;12788
2;1741114781580;12789
2;1741114783768;12790
2;1741114787374;12791
2;1741114789552;12792
2;1741114789991;12793
2;1741114803809;12794
2;1741114806311;12795
2;1741114809694;12796
2;1741114816944;12797
2;1741114819077;12798
2;1741114822227;12799
2;1741114824432;12800
2;1741114826025;12801
2;1741114834862;12802
2;1741114840801;12803
2;1741114847349;12804
2;1741114855160;12805
2;1741114857271;12806
2;1741114858306;12807
2;1741114870522;12808
2;1741114871350;12809
2;1741114877917;12810
2;1741114878558;12811
2;1741114893153;12812
2;1741114895940;12813
2;1741114899503;12814
2;1741114901447;12815
2;1741114908723;12816
2;1741114909286;12817
2;1741114915429;12818
2;1741114919884;12819
2;1741114930243;12820
2;1741114931068;12821
2;1741114935225;12822
2;1741114936647;12823
2;1741114939799;12824
2;1741114942980;12825
2;1741114949694;12826
2;1741114950738;12827
2;1741114966849;12828
2;1741114978242;12829
2;1741114979384;12830
2;1741114981659;12831
2;1741114985020;12832
2;1741114991771;12833
2;1741114992550;12834
2;1741114992660;12835
2;1741115003188;12836
2;1741115018454;12837
2;1741115025922;12838
2;1741115028564;12839
2;1741115034198;12840
2;1741115036230;12841
2;1741115043090;12842
2;1741115043485;12843
2;1741115046928;12844
2;1741115050340;12845
2;1741115054920;12846
2;1741115055779;12847
2;1741115065924;12848
2;1741115072023;12849
2;1741115076075;12850
2;1741115089915;12851
2;1741115090171;12852
2;1741115091695;12853
2;1741115101712;12854
2;1741115102288;12855
2;1741115109529;12856
2;1741115110190;12857
2;1741115111925;12858
2;1741115117359;12859
2;1741115119045;12860
2;1741115125340;12861
2;1741115125469;12862
2;1741115129260;12863
2;1741115152405;12864
2;1741115158454;12865
2;1741115159543;12866
2;1741115161297;12867
2;1741115164897;12868
2;1741115169162;12869
2;1741115177258;12870
2;1741115185838;12871
2;1741115194109;12872
2;1741115199815;12873
2;1741115203361;12874
2;1741115205774;12875
2;1741115210959;12876
2;1741115217080;12877
2;1741115220233;12878
2;1741115220517;12879
2;1741115223442;12880
2;1741115227134;12881
2;1741115237032;12882
2;1741115243489;12883
2;1741115244105;12884
2;1741115256060;12885
2;1741115257725;12886
2;1741115259682;12887
2;1741115266226;12888
2;1741115267020;12889
2;1741115270593;12890
2;1741115282356;12891
2;1741115284663;12892
2;1741115288690;12893
2;1741115300889;12894
2;1741115301824;12895
2;1741115314940;12896
2;1741115317811;12897
2;1741115322541;12898
2;1741115328786;12899
2;1741115329353;12900
2;1741115329450;12901
2;1741115338215;12902
2;1741115344490;12903
2;1741115348392;12904
2;1741115348492;12905
2;1741115351204;12906
2;1741115351581;12907
2;1741115357995;12908
2;1741115366161;12909
2;1741115373414;12910
2;1741115376524;12911
2;1741115379199;12912
2;1741115393675;12913
2;1741115395013;12914
2;1741115395244;12915
2;1741115404600;12916
2;1741115412259;12917
2;1741115419225;12918
2;1741115427644;12919
2;1741115432599;12920
2;1741115439644;12921
2;1741115440978;12922
2;1741115448276;12923
2;1741115451195;12924
2;1741115455619;12925
2;1741115465015;12926
2;1741115465171;12927
2;1741115468259;12928
2;1741115469763;12929
2;1741115480835;12930
2;1741115481711;12931
2;1741115482442;12932
2;1741115498068;12933
2;1741115506554;12934
2;1741115508441;12935
2;1741115510929;12936
2;1741115511279;12937
2;1741115512701;12938
2;1741115516292;12939
2;1741115532678;12940
2;1741115534800;12941
2;1741115538321;12942
2;1741115538333;12943
2;1741115545929;12944
2;1741115546959;12945
2;1741115566828;12946
2;1741115568378;12947
2;1741115573075;12948
2;1741115574615;12949
2;1741115575332;12950
2;1741115581442;12951
2;1741115588382;12952
2;1741115593694;12953
2;1741115595702;12954
2;1741115598631;12955
2;1741115610212;12956
2;1741115616509;12957
2;1741115626200;12958
2;1741115629043;12959
2;1741115634790;12960
2;1741115635605;12961
2;1741115636438;12962
2;1741115640776;12963
2;1741115647656;12964
2;1741115658252;12965
2;1741115660774;12966
2;1741115668502;12967
2;1741115670638;12968
2;1741115675371;12969
2;1741115680583;12970
2;1741115680947;12971
2;1741115685389;12972
2;1741115691700;12973
2;1741115697630;12974
2;1741115699506;12975
2;1741115711499;12976
2;1741115717516;12977
2;1741115718490;12978
2;1741115725331;12979
2;1741115727983;12980
2;1741115731333;12981
2;1741115736371;12982
2;1741115737064;12983
2;1741115748024;12984
2;1741115749335;12985
2;1741115754499;12986
2;1741115754510;12987
2;1741115763844;12988
2;1741115776559;12989
2;1741115778427;12990
2;1741115779893;12991
2;1741115787143;12992
2;1741115788533;12993
2;1741115788763;12994
2;1741115794477;12995
2;1741115799461;12996
2;1741115803888;12997
2;1741115809242;12998
2;1741115827516;12999
2;1741115831953;13000
2;1741115836581;13001
2;1741115840708;13002
2;1741115841611;13003
2;1741115846576;13004
2;1741115852351;13005
2;1741115853197;13006
2;1741115855207;13007
2;1741115873521;13008
2;1741115874627;13009
2;1741115881598;13010
2;1741115882432;13011
2;1741115882737;13012
2;1741115893263;13013
2;1741115898279;13014
2;1741115905958;13015
2;1741115909173;13016
2;1741115909663;13017
2;1741115909922;13018
2;1741115918571;13019
2;1741115924700;13020
2;1741115927081;13021
2;1741115935039;13022
2;1741115937258;13023
2;1741115947714;13024
2;1741115951226;13025
2;1741115954005;13026
2;1741115959513;13027
2;1741115965274;13028
2;1741115967467;13029
2;1741115970007;13030
2;1741115989714;13031
2;1741115993568;13032
2;1741115993802;13033
2;1741115995835;13034
2;1741116006115;13035
2;1741116017618;13036
2;1741116019944;13037
2;1741116021437;13038
2;1741116023494;13039
2;1741116031218;13040
2;1741116037408;13041
2;1741116043439;13042
2;1741116050624;13043
2;1741116052870;13044
2;1741116059348;13045
2;1741116060522;13046
2;1741116061005;13047
2;1741116067997;13048
2;1741116072785;13049
2;1741116073241;13050
2;1741116074556;13051
2;1741116093046;13052
2;1741116096992;13053
2;1741116099172;13054
2;1741116106691;13055
2;1741116114122;13056
2;1741116115646;13057
2;1741116119874;13058
2;1741116122396;13059
2;1741116127222;13060
2;1741116129056;13061
2;1741116132167;13062
2;1741116145652;13063
2;1741116157284;13064
2;1741116158766;13065
2;1741116161576;13066
2;1741116162143;13067
2;1741116164816;13068
2;1741116170092;13069
2;1741116175460;13070
2;1741116180749;13071
2;1741116185415;13072
2;1741116190318;13073
2;1741116196766;13074
2;1741116203578;13075
2;1741116206518;13076
2;1741116208458;13077
2;1741116212147;13078
2;1741116215163;13079
2;1741116223299;13080
2;1741116241390;13081
2;1741116241793;13082
2;1741116244326;13083
2;1741116252409;13084
2;1741116254313;13085
2;1741116254912;13086
2;1741116256125;13087
2;1741116268470;13088
2;1741116278613;13089
2;1741116279645;13090
2;1741116281607;13091
2;1741116285393;13092
2;1741116291801;13093
2;1741116297931;13094
2;1741116307755;13095
2;1741116308432;13096
2;1741116308501;13097
2;1741116316931;13098
2;1741116331435;13099
2;1741116331912;13100
2;1741116332137;13101
2;1741116341431;13102
2;1741116347170;13103
2;1741116351095;13104
2;1741116354812;13105
2;1741116356112;13106
2;1741116359104;13107
2;1741116365401;13108
2;1741116366087;13109
2;1741116386333;13110
2;1741116388109;13111
2;1741116394211;13112
2;1741116403463;13113
2;1741116406342;13114
2;1741116406850;13115
2;1741116409544;13116
2;1741116415307;13117
2;1741116423179;13118
2;1741116426491;13119
2;1741116429397;13120
2;1741116442129;13121
2;1741116442360;13122
2;1741116450854;13123
2;1741116452904;13124
2;1741116455673;13125
2;1741116462732;13126
2;1741116465296;13127
2;1741116473555;13128
2;1741116473911;13129
2;1741116476540;13130
2;1741116479212;13131
2;1741116480287;13132
2;1741116483442;13133
2;1741116490873;13134
2;1741116494787;13135
2;1741116513768;13136
2;1741116515176;13137
2;1741116516096;13138
2;1741116528259;13139
2;1741116532002;13140
2;1741116538648;13141
2;1741116538984;13142
2;1741116542729;13143
2;1741116550216;13144
2;1741116553603;13145
2;1741116553710;13146
2;1741116556723;13147
2;1741116560327;13148
2;1741116563621;13149
2;1741116575665;13150
2;1741116578918;13151
2;1741116586993;13152
2;1741116588458;13153
2;1741116599508;13154
2;1741116600752;13155
2;1741116604395;13156
2;1741116604926;13157
2;1741116611337;13158
2;1741116615380;13159
2;1741116619047;13160
2;1741116631431;13161
2;1741116633871;13162
2;1741116641545;13163
2;1741116644071;13164
2;1741116645801;13165
2;1741116649384;13166
2;1741116653443;13167
2;1741116667197;13168
2;1741116670832;13169
2;1741116682377;13170
2;1741116690716;13171
2;1741116699342;13172
2;1741116701590;13173
2;1741116703161;13174
2;1741116706235;13175
2;1741116706403;13176
2;1741116713449;13177
2;1741116714180;13178
2;1741116720641;13179
2;1741116721328;13180
2;1741116722589;13181
2;1741116739285;13182
2;1741116745291;13183
2;1741116752435;13184
2;1741116754177;13185
2;1741116759264;13186
2;1741116767067;13187
2;1741116779867;13188
2;1741116784224;13189
2;1741116787197;13190
2;1741116789441;13191
2;1741116793056;13192
2;1741116795619;13193
2;1741116802934;13194
2;1741116804140;13195
2;1741116806320;13196
2;1741116810177;13197
2;1741116812683;13198
2;1741116819893;13199
2;1741116822327;13200
2;1741116824194;13201
2;1741116848917;13202
2;1741116850593;13203
2;1741116853338;13204
2;1741116859541;13205
2;1741116861051;13206
2;1741116862036;13207
2;1741116866319;13208
2;1741116878393;13209
2;1741116878449;13210
2;1741116888170;13211
2;1741116888844;13212
2;1741116890203;13213
2;1741116896483;13214
2;1741116901080;13215
2;1741116907118;13216
2;1741116907511;13217
2;1741116923201;13218
2;1741116937284;13219
2;1741116941690;13220
2;1741116943740;13221
2;1741116944556;13222
2;1741116944756;13223
2;1741116946912;13224
2;1741116951508;13225
2;1741116952651;13226
2;1741116963334;13227
2;1741116967974;13228
2;1741116977342;13229
2;1741116977479;13230
2;1741116987249;13231
2;1741116996073;13232
2;1741116996705;13233
2;1741116998331;13234
2;1741117005378;13235
2;1741117011673;13236
2;1741117016726;13237
2;1741117018459;13238
2;1741117022935;13239
2;1741117030296;13240
2;1741117033973;13241
2;1741117041217;13242
2;1741117042347;13243
2;1741117045801;13244
2;1741117054460;13245
2;1741117058687;13246
2;1741117058775;13247
2;1741117074379;13248
2;1741117082785;13249
2;1741117085557;13250
2;1741117086280;13251
2;1741117092870;13252
2;1741117093443;13253
2;1741117097165;13254
2;1741117105131;13255
2;1741117107665;13256
2;1741117108825;13257
2;1741117112218;13258
2;1741117119588;13259
2;1741117131865;13260
2;1741117134751;13261
2;1741117143697;13262
2;1741117148293;13263
2;1741117161284;13264
2;1741117163688;13265
2;1741117163699;13266
2;1741117168988;13267
2;1741117171524;13268
2;1741117174586;13269
2;1741117175583;13270
2;1741117178424;13271
2;1741117184952;13272
2;1741117189079;13273
2;1741117196323;13274
2;1741117201432;13275
2;1741117211684;13276
2;1741117217537;13277
2;1741117218501;13278
2;1741117221866;13279
2;1741117228368;13280
2;1741117230566;13281
2;1741117237745;13282
2;1741117243012;13283
2;1741117247674;13284
2;1741117253405;13285
2;1741117258056;13286
2;1741117260952;13287
2;1741117269416;13288
2;1741117273263;13289
2;1741117275616;13290
2;1741117283259;13291
2;1741117289836;13292
2;1741117296258;13293
2;1741117302408;13294
2;1741117311860;13295
2;1741117314080;13296
2;1741117314163;13297
2;1741117329596;13298
2;1741117333028;13299
2;1741117335079;13300
2;1741117336684;13301
2;1741117343564;13302
2;1741117347250;13303
2;1741117350820;13304
2;1741117351121;13305
2;1741117355418;13306
2;1741117356199;13307
2;1741117368784;13308
2;1741117374210;13309
2;1741117383160;13310
2;1741117386554;13311
2;1741117388210;13312
2;1741117392914;13313
2;1741117400866;13314
2;1741117408333;13315
2;1741117414654;13316
2;1741117415007;13317
2;1741117422674;13318
2;1741117426075;13319
2;1741117428179;13320
2;1741117442545;13321
2;1741117448657;13322
2;1741117450029;13323
2;1741117450097;13324
2;1741117451753;13325
2;1741117460615;13326
2;1741117463617;13327
2;1741117468533;13328
2;1741117474996;13329
2;1741117483010;13330
2;1741117484631;13331
2;1741117485261;13332
2;1741117490100;13333
2;1741117492404;13334
2;1741117493445;13335
2;1741117495359;13336
2;1741117511971;13337
2;1741117514384;13338
2;1741117526106;13339
2;1741117527768;13340
2;1741117528391;13341
2;1741117534922;13342
2;1741117535476;13343
2;1741117553059;13344
2;1741117556536;13345
2;1741117557866;13346
2;1741117559597;13347
2;1741117565597;13348
2;1741117573512;13349
2;1741117583251;13350
2;1741117584385;13351
2;1741117585474;13352
2;1741117589715;13353
2;1741117591133;13354
2;1741117601163;13355
2;1741117609509;13356
2;1741117616035;13357
2;1741117622471;13358
2;1741117623472;13359
2;1741117628316;13360
2;1741117628887;13361
2;1741117629778;13362
2;1741117640770;13363
2;1741117649051;13364
2;1741117657933;13365
2;1741117659441;13366
2;1741117662023;13367
2;1741117665995;13368
2;1741117666575;13369
2;1741117679130;13370
2;1741117684335;13371
2;1741117697378;13372
2;1741117698387;13373
2;1741117702953;13374
2;1741117708636;13375
2;1741117710921;13376
2;1741117711102;13377
2;1741117714166;13378
2;1741117719677;13379
2;1741117733121;13380
2;1741117740698;13381
2;1741117745708;13382
2;1741117746892;13383
2;1741117747958;13384
2;1741117750285;13385
2;1741117755945;13386
2;1741117757009;13387
2;1741117770937;13388
2;1741117771908;13389
2;1741117773078;13390
2;1741117780565;13391
2;1741117783981;13392
2;1741117790907;13393
2;1741117798291;13394
2;1741117799721;13395
2;1741117811237;13396
2;1741117816675;13397
2;1741117817951;13398
2;1741117822828;13399
2;1741117824278;13400
2;1741117831953;13401
2;1741117837834;13402
2;1741117845464;13403
2;1741117847803;13404
2;1741117855867;13405
2;1741117866545;13406
2;1741117869503;13407
2;1741117871943;13408
2;1741117880611;13409
2;1741117881474;13410
2;1741117881485;13411
2;1741117886276;13412
2;1741117890381;13413
2;1741117900407;13414
2;1741117903120;13415
2;1741117905995;13416
2;1741117909990;13417
2;1741117911983;13418
2;1741117913662;13419
2;1741117933769;13420
2;1741117934125;13421
2;1741117941260;13422
2;1741117943931;13423
2;1741117947268;13424
2;1741117949316;13425
2;1741117960955;13426
2;1741117964121;13427
2;1741117967424;13428
2;1741117969264;13429
2;1741117972142;13430
2;1741117979049;13431
2;1741117992855;13432
2;1741118000461;13433
2;1741118001292;13434
2;1741118004101;13435
2;1741118004686;13436
2;1741118021351;13437
2;1741118025021;13438
2;1741118030615;13439
2;1741118030813;13440
2;1741118032608;13441
2;1741118037480;13442
2;1741118039398;13443
2;1741118050046;13444
2;1741118051120;13445
2;1741118058715;13446
2;1741118059689;13447
2;1741118068972;13448
2;1741118069942;13449
2;1741118080248;13450
2;1741118081758;13451
2;1741118091379;13452
2;1741118098826;13453
2;1741118099030;13454
2;1741118101868;13455
2;1741118106726;13456
2;1741118111346;13457
2;1741118113955;13458
2;1741118126412;13459
2;1741118128902;13460
2;1741118130874;13461
2;1741118133209;13462
2;1741118134955;13463
2;1741118148663;13464
2;1741118151474;13465
2;1741118156921;13466
2;1741118161894;13467
2;1741118163024;13468
2;1741118170366;13469
2;1741118175433;13470
2;1741118180585;13471
2;1741118180842;13472
2;1741118191979;13473
2;1741118192780;13474
2;1741118202638;13475
2;1741118205889;13476
2;1741118210322;13477
2;1741118213414;13478
2;1741118218333;13479
2;1741118219760;13480
2;1741118221957;13481
2;1741118232653;13482
2;1741118239574;13483
2;1741118246949;13484
2;1741118259866;13485
2;1741118264438;13486
2;1741118267483;13487
2;1741118270388;13488
2;1741118271116;13489
2;1741118277949;13490
2;1741118280941;13491
2;1741118288391;13492
2;1741118289551;13493
2;1741118295361;13494
2;1741118302426;13495
2;1741118308079;13496
2;1741118308953;13497
2;1741118321022;13498
2;1741118331084;13499
2;1741118332390;13500
2;1741118332948;13501
2;1741118333510;13502
2;1741118334883;13503
2;1741118348065;13504
2;1741118355203;13505
2;1741118357416;13506
2;1741118357577;13507
2;1741118357940;13508
2;1741118374668;13509
2;1741118378432;13510
2;1741118378809;13511
2;1741118389667;13512
2;1741118389694;13513
2;1741118403474;13514
2;1741118409031;13515
2;1741118411217;13516
2;1741118421886;13517
2;1741118424723;13518
2;1741118426926;13519
2;1741118428409;13520
2;1741118433532;13521
2;1741118437879;13522
2;1741118442417;13523
2;1741118447019;13524
2;1741118448387;13525
2;1741118467537;13526
2;1741118468372;13527
2;1741118470743;13528
2;1741118472577;13529
2;1741118475122;13530
2;1741118479192;13531
2;1741118498033;13532
2;1741118499884;13533
2;1741118501540;13534
2;1741118501921;13535
2;1741118506598;13536
2;1741118524087;13537
2;1741118524894;13538
2;1741118526239;13539
2;1741118528176;13540
2;1741118530991;13541
2;1741118532745;13542
2;1741118544419;13543
2;1741118546712;13544
2;1741118551207;13545
2;1741118561708;13546
2;1741118568889;13547
2;1741118572383;13548
2;1741118576735;13549
2;1741118583561;13550
2;1741118585503;13551
2;1741118586906;13552
2;1741118591447;13553
2;1741118602913;13554
2;1741118605628;13555
2;1741118611461;13556
2;1741118619039;13557
2;1741118620704;13558
2;1741118623024;13559
2;1741118623203;13560
2;1741118631372;13561
2;1741118639211;13562
2;1741118648188;13563
2;1741118648199;13564
2;1741118653041;13565
2;1741118657864;13566
2;1741118659728;13567
2;1741118661204;13568
2;1741118661758;13569
2;1741118678011;13570
2;1741118679667;13571
2;1741118691793;13572
2;1741118696230;13573
2;1741118705580;13574
2;1741118707540;13575
2;1741118709017;13576
2;1741118713039;13577
2;1741118715617;13578
2;1741118732749;13579
2;1741118732860;13580
2;1741118746355;13581
2;1741118748457;13582
2;1741118749539;13583
2;1741118751132;13584
2;1741118753688;13585
2;1741118757200;13586
2;1741118758185;13587
2;1741118762957;13588
2;1741118768436;13589
2;1741118772594;13590
2;1741118774633;13591
2;1741118786014;13592
2;1741118790958;13593
2;1741118794571;13594
2;1741118805424;13595
2;1741118809498;13596
2;1741118811703;13597
2;1741118814480;13598
2;1741118817785;13599
2;1741118819502;13600
2;1741118837972;13601
2;1741118838219;13602
2;1741118841244;13603
2;1741118843280;13604
2;1741118846012;13605
2;1741118862507;13606
2;1741118869379;13607
2;1741118882129;13608
2;1741118887870;13609
2;1741118888121;13610
2;1741118890615;13611
2;1741118892037;13612
2;1741118892808;13613
2;1741118898811;13614
2;1741118899660;13615
2;1741118903030;13616
2;1741118911481;13617
2;1741118918476;13618
2;1741118920410;13619
2;1741118921880;13620
2;1741118931842;13621
2;1741118936586;13622
2;1741118941899;13623
2;1741118947501;13624
2;1741118952279;13625
2;1741118959180;13626
2;1741118959295;13627
2;1741118964065;13628
2;1741118971807;13629
2;1741118975518;13630
2;1741118977631;13631
2;1741118987103;13632
2;1741118990151;13633
2;1741118996834;13634
2;1741118998162;13635
2;1741119009931;13636
2;1741119014613;13637
2;1741119018772;13638
2;1741119026669;13639
2;1741119029699;13640
2;1741119034276;13641
2;1741119047267;13642
2;1741119048207;13643
2;1741119048718;13644
2;1741119050947;13645
2;1741119054067;13646
2;1741119061390;13647
2;1741119062846;13648
2;1741119063299;13649
2;1741119073268;13650
2;1741119075163;13651
2;1741119088271;13652
2;1741119095690;13653
2;1741119099158;13654
2;1741119110982;13655
2;1741119113751;13656
2;1741119120991;13657
2;1741119122953;13658
2;1741119127205;13659
2;1741119128950;13660
2;1741119135053;13661
2;1741119135155;13662
2;1741119142572;13663
2;1741119145983;13664
2;1741119148033;13665
2;1741119158453;13666
2;1741119160141;13667
2;1741119163688;13668
2;1741119180823;13669
2;1741119181107;13670
2;1741119182878;13671
2;1741119188410;13672
2;1741119195668;13673
2;1741119195723;13674
2;1741119202014;13675
2;1741119208905;13676
2;1741119213963;13677
2;1741119217727;13678
2;1741119223454;13679
2;1741119229118;13680
2;1741119233231;13681
2;1741119233269;13682
2;1741119238125;13683
2;1741119241175;13684
2;1741119244137;13685
2;1741119257766;13686
2;1741119263175;13687
2;1741119265987;13688
2;1741119266851;13689
2;1741119273599;13690
2;1741119286554;13691
2;1741119287171;13692
2;1741119288171;13693
2;1741119291399;13694
2;1741119301981;13695
2;1741119303784;13696
2;1741119317188;13697
2;1741119317320;13698
2;1741119328245;13699
2;1741119329046;13700
2;1741119332279;13701
2;1741119337015;13702
2;1741119340482;13703
2;1741119345825;13704
2;1741119348591;13705
2;1741119356173;13706
2;1741119361638;13707
2;1741119371784;13708
2;1741119372663;13709
2;1741119376791;13710
2;1741119381815;13711
2;1741119395079;13712
2;1741119396120;13713
2;1741119398883;13714
2;1741119403555;13715
2;1741119409100;13716
2;1741119411611;13717
2;1741119413668;13718
2;1741119419574;13719
2;1741119422351;13720
2;1741119427661;13721
2;1741119431856;13722
2;1741119448654;13723
2;1741119457005;13724
2;1741119462036;13725
2;1741119463964;13726
2;1741119464757;13727
2;1741119466891;13728
2;1741119474432;13729
2;1741119480708;13730
2;1741119486013;13731
2;1741119488786;13732
2;1741119489535;13733
2;1741119503874;13734
2;1741119506309;13735
2;1741119511329;13736
2;1741119512720;13737
2;1741119521456;13738
2;1741119525863;13739
2;1741119532270;13740
2;1741119535804;13741
2;1741119536679;13742
2;1741119537603;13743
2;1741119538923;13744
2;1741119548330;13745
2;1741119548963;13746
2;1741119556040;13747
2;1741119568100;13748
2;1741119571381;13749
2;1741119578577;13750
2;1741119590807;13751
2;1741119594021;13752
2;1741119594829;13753
2;1741119599233;13754
2;1741119604424;13755
2;1741119605624;13756
2;1741119615153;13757
2;1741119624774;13758
2;1741119637005;13759
2;1741119638874;13760
2;1741119646684;13761
2;1741119647732;13762
2;1741119648276;13763
2;1741119649149;13764
2;1741119651426;13765
2;1741119652253;13766
2;1741119662515;13767
2;1741119667781;13768
2;1741119673905;13769
2;1741119688719;13770
2;1741119694694;13771
2;1741119695048;13772
2;1741119695641;13773
2;1741119701099;13774
2;1741119702320;13775
2;1741119704035;13776
2;1741119707998;13777
2;1741119723604;13778
2;1741119728981;13779
2;1741119730194;13780
2;1741119732413;13781
2;1741119734890;13782
2;1741119742191;13783
2;1741119747590;13784
2;1741119751993;13785
2;1741119759202;13786
2;1741119762480;13787
2;1741119765270;13788
2;1741119771977;13789
2;1741119776028;13790
2;1741119784777;13791
2;1741119788936;13792
2;1741119789167;13793
2;1741119790212;13794
2;1741119797820;13795
2;1741119808768;13796
2;1741119820352;13797
2;1741119823983;13798
2;1741119824122;13799
2;1741119826164;13800
2;1741119832139;13801
2;1741119834685;13802
2;1741119845263;13803
2;1741119853413;13804
2;1741119853439;13805
2;1741119861917;13806
2;1741119863213;13807
2;1741119865252;13808
2;1741119865889;13809
2;1741119873335;13810
2;1741119884145;13811
2;1741119887718;13812
2;1741119888118;13813
2;1741119893206;13814
2;1741119898236;13815
2;1741119907579;13816
2;1741119908104;13817
2;1741119916075;13818
2;1741119917961;13819
2;1741119924549;13820
2;1741119924885;13821
2;1741119939390;13822
2;1741119945446;13823
2;1741119950433;13824
2;1741119959525;13825
2;1741119959969;13826
2;1741119962820;13827
2;1741119963640;13828
2;1741119971186;13829
2;1741119979159;13830
2;1741119980686;13831
2;1741119983502;13832
2;1741119988273;13833
2;1741119989564;13834
2;1741119995997;13835
2;1741120000009;13836
2;1741120011170;13837
2;1741120017547;13838
2;1741120021872;13839
2;1741120024379;13840
2;1741120032020;13841
2;1741120039282;13842
2;1741120045566;13843
2;1741120050145;13844
2;1741120057137;13845
2;1741120062541;13846
2;1741120067417;13847
2;1741120074720;13848
2;1741120079778;13849
2;1741120083139;13850
2;1741120085630;13851
2;1741120085654;13852
2;1741120092603;13853
2;1741120104555;13854
2;1741120109234;13855
2;1741120111288;13856
2;1741120111549;13857
2;1741120129903;13858
2;1741120130827;13859
2;1741120133082;13860
2;1741120135021;13861
2;1741120137205;13862
2;1741120138479;13863
2;1741120148140;13864
2;1741120162304;13865
2;1741120162582;13866
2;1741120164632;13867
2;1741120172744;13868
2;1741120173586;13869
2;1741120178871;13870
2;1741120182615;13871
2;1741120186704;13872
2;1741120192591;13873
2;1741120205597;13874
2;1741120210146;13875
2;1741120214119;13876
2;1741120215163;13877
2;1741120215176;13878
2;1741120217550;13879
2;1741120220306;13880
2;1741120221447;13881
2;1741120235800;13882
2;1741120249305;13883
2;1741120250765;13884
2;1741120260114;13885
2;1741120267231;13886
2;1741120270743;13887
2;1741120273832;13888
2;1741120275569;13889
2;1741120280531;13890
2;1741120281142;13891
2;1741120282900;13892
2;1741120286611;13893
2;1741120290553;13894
2;1741120306000;13895
2;1741120312462;13896
2;1741120316244;13897
2;1741120318161;13898
2;1741120318984;13899
2;1741120328316;13900
2;1741120335938;13901
2;1741120338578;13902
2;1741120343542;13903
2;1741120352758;13904
2;1741120361173;13905
2;1741120361277;13906
2;1741120365975;13907
2;1741120371417;13908
2;1741120374003;13909
2;1741120381197;13910
2;1741120385010;13911
2;1741120386943;13912
2;1741120400925;13913
2;1741120401381;13914
2;1741120401818;13915
2;1741120407470;13916
2;1741120408064;13917
2;1741120408825;13918
2;1741120419977;13919
2;1741120433354;13920
2;1741120434945;13921
2;1741120439273;13922
2;1741120439649;13923
2;1741120449390;13924
2;1741120449666;13925
2;1741120461608;13926
2;1741120465055;13927
2;1741120474029;13928
2;1741120476125;13929
2;1741120483294;13930
2;1741120490008;13931
2;1741120493999;13932
2;1741120495234;13933
2;1741120497515;13934
2;1741120497891;13935
2;1741120514465;13936
2;1741120520062;13937
2;1741120523799;13938
2;1741120525950;13939
2;1741120531843;13940
2;1741120536882;13941
2;1741120542576;13942
2;1741120548303;13943
2;1741120551514;13944
2;1741120552997;13945
2;1741120559438;13946
2;1741120561982;13947
2;1741120568826;13948
2;1741120572072;13949
2;1741120573843;13950
2;1741120579820;13951
2;1741120589056;13952
2;1741120595192;13953
2;1741120600202;13954
2;1741120613001;13955
2;1741120613240;13956
2;1741120613532;13957
2;1741120615556;13958
2;1741120623135;13959
2;1741120626163;13960
2;1741120636517;13961
2;1741120651103;13962
2;1741120652285;13963
2;1741120656020;13964
2;1741120656855;13965
2;1741120657376;13966
2;1741120658113;13967
2;1741120663108;13968
2;1741120671805;13969
2;1741120672918;13970
2;1741120676927;13971
2;1741120677466;13972
2;1741120685779;13973
2;1741120688219;13974
2;1741120709003;13975
2;1741120710565;13976
2;1741120711187;13977
2;1741120714110;13978
2;1741120718252;13979
2;1741120729442;13980
2;1741120730221;13981
2;1741120732816;13982
2;1741120737987;13983
2;1741120743165;13984
2;1741120748433;13985
2;1741120751269;13986
2;1741120760778;13987
2;1741120767891;13988
2;1741120779823;13989
2;1741120781328;13990
2;1741120787736;13991
2;1741120791074;13992
2;1741120799657;13993
2;1741120805619;13994
2;1741120805631;13995
2;1741120809042;13996
2;1741120816833;13997
2;1741120821551;13998
2;1741120827953;13999
2;1741120833580;14000
2;1741120838225;14001
2;1741120843197;14002
2;1741120843609;14003
2;1741120847511;14004
2;1741120856634;14005
2;1741120862884;14006
2;1741120863055;14007
2;1741120868675;14008
2;1741120871153;14009
2;1741120883789;14010
2;1741120884742;14011
2;1741120894602;14012
2;1741120895256;14013
2;1741120903353;14014
2;1741120904733;14015
2;1741120907463;14016
2;1741120908987;14017
2;1741120912187;14018
2;1741120929348;14019
2;1741120934118;14020
2;1741120935304;14021
2;1741120936394;14022
2;1741120948090;14023
2;1741120949415;14024
2;1741120950149;14025
2;1741120960531;14026
2;1741120961859;14027
2;1741120966729;14028
2;1741120967900;14029
2;1741120972942;14030
2;1741120991825;14031
2;1741120994477;14032
2;1741120994692;14033
2;1741120996536;14034
2;1741121002223;14035
2;1741121003973;14036
2;1741121014807;14037
2;1741121017559;14038
2;1741121023768;14039
2;1741121035805;14040
2;1741121036011;14041
2;1741121036990;14042
2;1741121038952;14043
2;1741121046230;14044
2;1741121047589;14045
2;1741121047989;14046
2;1741121055297;14047
2;1741121059539;14048
2;1741121060780;14049
2;1741121074960;14050
2;1741121075553;14051
2;1741121082103;14052
2;1741121103409;14053
2;1741121105899;14054
2;1741121109863;14055
2;1741121111219;14056
2;1741121116292;14057
2;1741121118437;14058
2;1741121121649;14059
2;1741121126183;14060
2;1741121127170;14061
2;1741121141040;14062
2;1741121141261;14063
2;1741121146927;14064
2;1741121157759;14065
2;1741121161152;14066
2;1741121166260;14067
2;1741121168601;14068
2;1741121172490;14069
2;1741121173738;14070
2;1741121176147;14071
2;1741121176553;14072
2;1741121191629;14073
2;1741121197267;14074
2;1741121203139;14075
2;1741121203166;14076
2;1741121205190;14077
2;1741121205659;14078
2;1741121220437;14079
2;1741121231204;14080
2;1741121236977;14081
2;1741121245265;14082
2;1741121245299;14083
2;1741121256518;14084
2;1741121262541;14085
2;1741121265132;14086
2;1741121268348;14087
2;1741121269128;14088
2;1741121274004;14089
2;1741121275991;14090
2;1741121279380;14091
2;1741121279657;14092
2;1741121291275;14093
2;1741121293424;14094
2;1741121293499;14095
2;1741121303069;14096
2;1741121315614;14097
2;1741121326668;14098
2;1741121328687;14099
2;1741121340370;14100
2;1741121341174;14101
2;1741121342085;14102
2;1741121347116;14103
2;1741121352246;14104
2;1741121356509;14105
2;1741121361806;14106
2;1741121362106;14107
2;1741121365628;14108
2;1741121368517;14109
2;1741121370885;14110
2;1741121373467;14111
2;1741121395971;14112
2;1741121399149;14113
2;1741121406448;14114
2;1741121410736;14115
2;1741121413273;14116
2;1741121413910;14117
2;1741121421700;14118
2;1741121428307;14119
2;1741121428382;14120
2;1741121438879;14121
2;1741121441951;14122
2;1741121443827;14123
2;1741121445681;14124
2;1741121454215;14125
2;1741121455312;14126
2;1741121460031;14127
2;1741121472064;14128
2;1741121479897;14129
2;1741121480807;14130
2;1741121491167;14131
2;1741121494884;14132
2;1741121498830;14133
2;1741121506178;14134
2;1741121507371;14135
2;1741121507851;14136
2;1741121520889;14137
2;1741121523261;14138
2;1741121523277;14139
2;1741121528438;14140
2;1741121531516;14141
2;1741121534787;14142
2;1741121543531;14143
2;1741121545599;14144
2;1741121549363;14145
2;1741121553043;14146
2;1741121553197;14147
2;1741121557606;14148
2;1741121563479;14149
2;1741121584478;14150
2;1741121589645;14151
2;1741121591168;14152
2;1741121596353;14153
2;1741121603462;14154
2;1741121603520;14155
2;1741121608352;14156
2;1741121618471;14157
2;1741121623905;14158
2;1741121626678;14159
2;1741121627816;14160
2;1741121638809;14161
2;1741121641645;14162
2;1741121649313;14163
2;1741121649728;14164
2;1741121651702;14165
2;1741121651830;14166
2;1741121654544;14167
2;1741121664561;14168
2;1741121665652;14169
2;1741121689291;14170
2;1741121690225;14171
2;1741121690494;14172
2;1741121694277;14173
2;1741121696867;14174
2;1741121703004;14175
2;1741121703616;14176
2;1741121714345;14177
2;1741121716123;14178
2;1741121723240;14179
2;1741121727299;14180
2;1741121738998;14181
2;1741121741306;14182
2;1741121744490;14183
2;1741121745969;14184
2;1741121755762;14185
2;1741121768381;14186
2;1741121773378;14187
2;1741121775897;14188
2;1741121778933;14189
2;1741121780959;14190
2;1741121788179;14191
2;1741121788852;14192
2;1741121796031;14193
2;1741121799974;14194
2;1741121810712;14195
2;1741121811522;14196
2;1741121813237;14197
2;1741121818534;14198
2;1741121818675;14199
2;1741121829466;14200
2;1741121833688;14201
2;1741121842156;14202
2;1741121844348;14203
2;1741121856894;14204
2;1741121859544;14205
2;1741121859955;14206
2;1741121861059;14207
2;1741121865239;14208
2;1741121866864;14209
2;1741121875710;14210
2;1741121876058;14211
2;1741121879959;14212
2;1741121880593;14213
2;1741121887113;14214
2;1741121896328;14215
2;1741121909375;14216
2;1741121915465;14217
2;1741121916430;14218
2;1741121921660;14219
2;1741121925424;14220
2;1741121931088;14221
2;1741121941455;14222
2;1741121943517;14223
2;1741121952137;14224
2;1741121957174;14225
2;1741121959627;14226
2;1741121962604;14227
2;1741121963644;14228
2;1741121971018;14229
2;1741121984534;14230
2;1741121986399;14231
2;1741121988918;14232
2;1741121995194;14233
2;1741121996957;14234
2;1741121998531;14235
2;1741122001735;14236
2;1741122016935;14237
2;1741122019265;14238
2;1741122032232;14239
2;1741122033725;14240
2;1741122037400;14241
2;1741122038467;14242
2;1741122045930;14243
2;1741122047173;14244
2;1741122049916;14245
2;1741122058824;14246
2;1741122063920;14247
2;1741122070471;14248
2;1741122073967;14249
2;1741122075441;14250
2;1741122082563;14251
2;1741122087608;14252
2;1741122094973;14253
2;1741122099787;14254
2;1741122101411;14255
2;1741122101446;14256
2;1741122113493;14257
2;1741122118985;14258
2;1741122119313;14259
2;1741122120097;14260
2;1741122123410;14261
2;1741122141680;14262
2;1741122143095;14263
2;1741122152315;14264
2;1741122158368;14265
2;1741122163146;14266
2;1741122165810;14267
2;1741122168480;14268
2;1741122170083;14269
2;1741122177261;14270
2;1741122182507;14271
2;1741122184074;14272
2;1741122188263;14273
2;1741122199719;14274
2;1741122205813;14275
2;1741122211954;14276
2;1741122217350;14277
2;1741122218392;14278
2;1741122221479;14279
2;1741122225655;14280
2;1741122226070;14281
2;1741122237026;14282
2;1741122237231;14283
2;1741122238817;14284
2;1741122246772;14285
2;1741122254491;14286
2;1741122255344;14287
2;1741122257816;14288
2;1741122263392;14289
2;1741122264282;14290
2;1741122272174;14291
2;1741122272868;14292
2;1741122278548;14293
2;1741122291208;14294
2;1741122293531;14295
2;1741122310091;14296
2;1741122315350;14297
2;1741122316027;14298
2;1741122320135;14299
2;1741122327904;14300
2;1741122328135;14301
2;1741122334172;14302
2;1741122336248;14303
2;1741122338871;14304
2;1741122350492;14305
2;1741122351231;14306
2;1741122358764;14307
2;1741122369761;14308
2;1741122373733;14309
2;1741122386492;14310
2;1741122387299;14311
2;1741122388131;14312
2;1741122389380;14313
2;1741122398777;14314
2;1741122400287;14315
2;1741122409383;14316
2;1741122414607;14317
2;1741122417877;14318
2;1741122418294;14319
2;1741122424787;14320
2;1741122429543;14321
2;1741122440274;14322
2;1741122444637;14323
2;1741122446483;14324
2;1741122447860;14325
2;1741122456101;14326
2;1741122460501;14327
2;1741122469130;14328
2;1741122469919;14329
2;1741122489793;14330
2;1741122492179;14331
2;1741122492842;14332
2;1741122493015;14333
2;1741122498005;14334
2;1741122503471;14335
2;1741122509228;14336
2;1741122513510;14337
2;1741122516244;14338
2;1741122518619;14339
2;1741122524463;14340
2;1741122531897;14341
2;1741122532134;14342
2;1741122534353;14343
2;1741122538423;14344
2;1741122544228;14345
2;1741122555389;14346
2;1741122568015;14347
2;1741122572869;14348
2;1741122576018;14349
2;1741122576536;14350
2;1741122580548;14351
2;1741122585252;14352
2;1741122587577;14353
2;1741122592334;14354
2;1741122604605;14355
2;1741122605566;14356
2;1741122619905;14357
2;1741122620637;14358
2;1741122625047;14359
2;1741122634678;14360
2;1741122635310;14361
2;1741122637314;14362
2;1741122648575;14363
2;1741122651120;14364
2;1741122653378;14365
2;1741122653871;14366
2;1741122662297;14367
2;1741122671852;14368
2;1741122672861;14369
2;1741122675580;14370
2;1741122679709;14371
2;1741122696251;14372
2;1741122707252;14373
2;1741122707639;14374
2;1741122711269;14375
2;1741122715274;14376
2;1741122719007;14377
2;1741122721390;14378
2;1741122721415;14379
2;1741122724840;14380
2;1741122727634;14381
2;1741122728973;14382
2;1741122744769;14383
2;1741122745380;14384
2;1741122758049;14385
2;1741122761226;14386
2;1741122771385;14387
2;1741122774853;14388
2;1741122775318;14389
2;1741122777569;14390
2;1741122780008;14391
2;1741122783681;14392
2;1741122789251;14393
2;1741122793578;14394
2;1741122798572;14395
2;1741122804915;14396
2;1741122811359;14397
2;1741122822417;14398
2;1741122827165;14399
2;1741122834428;14400
2;1741122835859;14401
2;1741122837811;14402
2;1741122853925;14403
2;1741122856974;14404
2;1741122858932;14405
2;1741122862357;14406
2;1741122863894;14407
2;1741122865265;14408
2;1741122865509;14409
2;1741122886824;14410
2;1741122887874;14411
2;1741122889468;14412
2;1741122890789;14413
2;1741122895055;14414
2;1741122903259;14415
2;1741122912179;14416
2;1741122913002;14417
2;1741122913889;14418
2;1741122927044;14419
2;1741122929509;14420
2;1741122931834;14421
2;1741122941416;14422
2;1741122942732;14423
2;1741122946931;14424
2;1741122955058;14425
2;1741122961083;14426
2;1741122964925;14427
2;1741122966744;14428
2;1741122974823;14429
2;1741122976758;14430
2;1741122978002;14431
2;1741122980380;14432
2;1741122989105;14433
2;1741122998001;14434
2;1741122998325;14435
2;1741123016859;14436
2;1741123022061;14437
2;1741123026571;14438
2;1741123028773;14439
2;1741123029986;14440
2;1741123032475;14441
2;1741123035864;14442
2;1741123037249;14443
2;1741123039352;14444
2;1741123042283;14445
2;1741123043214;14446
2;1741123053197;14447
2;1741123065675;14448
2;1741123067262;14449
2;1741123071585;14450
2;1741123082035;14451
2;1741123090894;14452
2;1741123091506;14453
2;1741123100177;14454
2;1741123114655;14455
2;1741123115722;14456
2;1741123123014;14457
2;1741123125830;14458
2;1741123126566;14459
2;1741123134445;14460
2;1741123134756;14461
2;1741123136544;14462
2;1741123137767;14463
2;1741123143795;14464
2;1741123148380;14465
2;1741123165184;14466
2;1741123167034;14467
2;1741123168640;14468
2;1741123168838;14469
2;1741123172598;14470
2;1741123181508;14471
2;1741123183745;14472
2;1741123189021;14473
2;1741123192218;14474
2;1741123194303;14475
2;1741123221174;14476
2;1741123221354;14477
2;1741123222055;14478
2;1741123224562;14479
2;1741123228834;14480
2;1741123236391;14481
2;1741123237005;14482
2;1741123247829;14483
2;1741123248210;14484
2;1741123253270;14485
2;1741123259158;14486
2;1741123260567;14487
2;1741123261399;14488
2;1741123263631;14489
2;1741123272143;14490
2;1741123278547;14491
2;1741123279323;14492
2;1741123290374;14493
2;1741123301917;14494
2;1741123309007;14495
2;1741123309742;14496
2;1741123316731;14497
2;1741123319627;14498
2;1741123327136;14499
2;1741123331385;14500
2;1741123342161;14501
2;1741123342529;14502
2;1741123351679;14503
2;1741123355248;14504
2;1741123358648;14505
2;1741123361984;14506
2;1741123363158;14507
2;1741123367666;14508
2;1741123373206;14509
2;1741123376235;14510
2;1741123376688;14511
2;1741123388130;14512
2;1741123391503;14513
2;1741123392001;14514
2;1741123400821;14515
2;1741123415969;14516
2;1741123419277;14517
2;1741123420524;14518
2;1741123423170;14519
2;1741123433946;14520
2;1741123436022;14521
2;1741123444037;14522
2;1741123445656;14523
2;1741123446713;14524
2;1741123453337;14525
2;1741123462843;14526
2;1741123470216;14527
2;1741123472212;14528
2;1741123473603;14529
2;1741123474218;14530
2;1741123479704;14531
2;1741123485315;14532
2;1741123502720;14533
2;1741123504123;14534
2;1741123505337;14535
2;1741123507918;14536
2;1741123508346;14537
2;1741123518350;14538
2;1741123518430;14539
2;1741123527178;14540
2;1741123535557;14541
2;1741123546146;14542
2;1741123547187;14543
2;1741123548074;14544
2;1741123553413;14545
2;1741123559844;14546
2;1741123573533;14547
2;1741123574025;14548
2;1741123578095;14549
2;1741123578130;14550
2;1741123586226;14551
2;1741123586731;14552
2;1741123593253;14553
2;1741123598405;14554
2;1741123598812;14555
2;1741123602855;14556
2;1741123613901;14557
2;1741123615866;14558
2;1741123629473;14559
2;1741123630110;14560
2;1741123637993;14561
2;1741123641331;14562
2;1741123643703;14563
2;1741123656211;14564
2;1741123662873;14565
2;1741123664400;14566
2;1741123669233;14567
2;1741123670081;14568
2;1741123673879;14569
2;1741123675959;14570
2;1741123681783;14571
2;1741123686583;14572
2;1741123688055;14573
2;1741123688374;14574
2;1741123702885;14575
2;1741123712346;14576
2;1741123715751;14577
2;1741123724782;14578
2;1741123726124;14579
2;1741123728228;14580
2;1741123728671;14581
2;1741123739047;14582
2;1741123742501;14583
2;1741123744069;14584
2;1741123764379;14585
2;1741123764959;14586
2;1741123767869;14587
2;1741123770278;14588
2;1741123783573;14589
2;1741123784122;14590
2;1741123790473;14591
2;1741123794649;14592
2;1741123798396;14593
2;1741123801628;14594
2;1741123806355;14595
2;1741123808430;14596
2;1741123811423;14597
2;1741123820657;14598
2;1741123823497;14599
2;1741123826417;14600
2;1741123839561;14601
2;1741123842938;14602
2;1741123850436;14603
2;1741123851257;14604
2;1741123851273;14605
2;1741123852368;14606
2;1741123870495;14607
2;1741123876755;14608
2;1741123877727;14609
2;1741123878321;14610
2;1741123878614;14611
2;1741123887727;14612
2;1741123889725;14613
2;1741123892600;14614
2;1741123895642;14615
2;1741123902273;14616
2;1741123910049;14617
2;1741123915702;14618
2;1741123923609;14619
2;1741123927019;14620
2;1741123928316;14621
2;1741123936601;14622
2;1741123943160;14623
2;1741123943923;14624
2;1741123954345;14625
2;1741123958067;14626
2;1741123958856;14627
2;1741123963502;14628
2;1741123979849;14629
2;1741123980951;14630
2;1741123985566;14631
2;1741123988082;14632
2;1741123992585;14633
2;1741123998198;14634
2;1741124000938;14635
2;1741124001258;14636
2;1741124022315;14637
2;1741124024158;14638
2;1741124026653;14639
2;1741124027812;14640
2;1741124036506;14641
2;1741124047889;14642
2;1741124052960;14643
2;1741124056679;14644
2;1741124058303;14645
2;1741124063502;14646
2;1741124065256;14647
2;1741124067422;14648
2;1741124070389;14649
2;1741124072085;14650
2;1741124081474;14651
2;1741124084198;14652
2;1741124088964;14653
2;1741124092829;14654
2;1741124101708;14655
2;1741124103546;14656
2;1741124114161;14657
2;1741124118560;14658
2;1741124124770;14659
2;1741124133555;14660
2;1741124134310;14661
2;1741124136196;14662
2;1741124139685;14663
2;1741124144610;14664
2;1741124148635;14665
2;1741124151909;14666
2;1741124153644;14667
2;1741124156651;14668
2;1741124173848;14669
2;1741124178738;14670
2;1741124178976;14671
2;1741124180950;14672
2;1741124196288;14673
2;1741124200430;14674
2;1741124206529;14675
2;1741124212417;14676
2;1741124214167;14677
2;1741124215230;14678
2;1741124227524;14679
2;1741124229223;14680
2;1741124229966;14681
2;1741124240914;14682
2;1741124245030;14683
2;1741124247651;14684
2;1741124251858;14685
2;1741124259986;14686
2;1741124260928;14687
2;1741124275195;14688
2;1741124278719;14689
2;1741124280752;14690
2;1741124284933;14691
2;1741124294890;14692
2;1741124299959;14693
2;1741124300057;14694
2;1741124301198;14695
2;1741124310464;14696
2;1741124322714;14697
2;1741124325426;14698
2;1741124327652;14699
2;1741124329349;14700
2;1741124334942;14701
2;1741124340469;14702
2;1741124341350;14703
2;1741124341595;14704
2;1741124344131;14705
2;1741124347359;14706
2;1741124359086;14707
2;1741124366135;14708
2;1741124370739;14709
2;1741124373207;14710
2;1741124375101;14711
2;1741124383073;14712
2;1741124387959;14713
2;1741124391154;14714
2;1741124394260;14715
2;1741124400875;14716
2;1741124413902;14717
2;1741124418271;14718
2;1741124421599;14719
2;1741124428773;14720
2;1741124437032;14721
2;1741124441727;14722
2;1741124442259;14723
2;1741124448994;14724
2;1741124455469;14725
2;1741124458396;14726
2;1741124461679;14727
2;1741124469070;14728
2;1741124472661;14729
2;1741124476700;14730
2;1741124481664;14731
2;1741124485995;14732
2;1741124491368;14733
2;1741124499946;14734
2;1741124500242;14735
2;1741124503002;14736
2;1741124507940;14737
2;1741124509911;14738
2;1741124525180;14739
2;1741124528238;14740
2;1741124532506;14741
2;1741124533740;14742
2;1741124543786;14743
2;1741124554357;14744
2;1741124559613;14745
2;1741124560225;14746
2;1741124565678;14747
2;1741124574246;14748
2;1741124583617;14749
2;1741124592132;14750
2;1741124594043;14751
2;1741124597811;14752
2;1741124597899;14753
2;1741124602606;14754
2;1741124602851;14755
2;1741124603538;14756
2;1741124603889;14757
2;1741124616757;14758
2;1741124620522;14759
2;1741124631828;14760
2;1741124632747;14761
2;1741124634035;14762
2;1741124641745;14763
2;1741124647199;14764
2;1741124648059;14765
2;1741124658830;14766
2;1741124667674;14767
2;1741124673762;14768
2;1741124674583;14769
2;1741124678570;14770
2;1741124678816;14771
2;1741124680495;14772
2;1741124690823;14773
2;1741124694580;14774
2;1741124700358;14775
2;1741124711864;14776
2;1741124713113;14777
2;1741124715774;14778
2;1741124726571;14779
2;1741124736138;14780
2;1741124736979;14781
2;1741124737653;14782
2;1741124740360;14783
2;1741124747218;14784
2;1741124760128;14785
2;1741124767128;14786
2;1741124769328;14787
2;1741124776431;14788
2;1741124778369;14789
2;1741124779640;14790
2;1741124785837;14791
2;1741124790513;14792
2;1741124793453;14793
2;1741124794649;14794
2;1741124798983;14795
2;1741124809818;14796
2;1741124815297;14797
2;1741124817192;14798
2;1741124820682;14799
2;1741124830243;14800
2;1741124832219;14801
2;1741124837820;14802
2;1741124843365;14803
2;1741124849570;14804
2;1741124854955;14805
2;1741124857028;14806
2;1741124859493;14807
2;1741124861775;14808
2;1741124874171;14809
2;1741124879779;14810
2;1741124888878;14811
2;1741124889278;14812
2;1741124896352;14813
2;1741124898277;14814
2;1741124913216;14815
2;1741124915805;14816
2;1741124918524;14817
2;1741124925600;14818
2;1741124926824;14819
2;1741124931602;14820
2;1741124931715;14821
2;1741124937333;14822
2;1741124939304;14823
2;1741124941663;14824
2;1741124950903;14825
2;1741124952961;14826
2;1741124967080;14827
2;1741124967975;14828
2;1741124969147;14829
2;1741124975337;14830
2;1741124979937;14831
2;1741124990546;14832
2;1741124999754;14833
2;1741125007391;14834
2;1741125010577;14835
2;1741125010637;14836
2;1741125012138;14837
2;1741125013912;14838
2;1741125019315;14839
2;1741125019726;14840
2;1741125023210;14841
2;1741125038871;14842
2;1741125039989;14843
2;1741125042674;14844
2;1741125054053;14845
2;1741125057403;14846
2;1741125058178;14847
2;1741125066095;14848
2;1741125066589;14849
2;1741125074295;14850
2;1741125080553;14851
2;1741125085969;14852
2;1741125087453;14853
2;1741125094047;14854
2;1741125100647;14855
2;1741125105066;14856
2;1741125106328;14857
2;1741125107892;14858
2;1741125122754;14859
2;1741125124823;14860
2;1741125134388;14861
2;1741125146535;14862
2;1741125152396;14863
2;1741125153772;14864
2;1741125155566;14865
2;1741125165712;14866
2;1741125167583;14867
2;1741125170191;14868
2;1741125170463;14869
2;1741125174463;14870
2;1741125178014;14871
2;1741125196154;14872
2;1741125198220;14873
2;1741125199308;14874
2;1741125199822;14875
2;1741125211741;14876
2;1741125220951;14877
2;1741125222316;14878
2;1741125230907;14879
2;1741125236479;14880
2;1741125236728;14881
2;1741125238273;14882
2;1741125242408;14883
2;1741125246115;14884
2;1741125246545;14885
2;1741125252430;14886
2;1741125260160;14887
2;1741125268998;14888
2;1741125278508;14889
2;1741125286319;14890
2;1741125287727;14891
2;1741125288535;14892
2;1741125297690;14893
2;1741125304787;14894
2;1741125305991;14895
2;1741125316574;14896
2;1741125317148;14897
2;1741125319685;14898
2;1741125323730;14899
2;1741125332935;14900
2;1741125334605;14901
2;1741125341878;14902
2;1741125343368;14903
2;1741125349081;14904
2;1741125350673;14905
2;1741125365464;14906
2;1741125369035;14907
2;1741125371952;14908
2;1741125374282;14909
2;1741125376982;14910
2;1741125383422;14911
2;1741125384876;14912
2;1741125393056;14913
2;1741125395451;14914
2;1741125400573;14915
2;1741125401474;14916
2;1741125409118;14917
2;1741125422835;14918
2;1741125424637;14919
2;1741125428584;14920
2;1741125436001;14921
2;1741125442315;14922
2;1741125445596;14923
2;1741125457212;14924
2;1741125458739;14925
2;1741125465806;14926
2;1741125467532;14927
2;1741125470059;14928
2;1741125475396;14929
2;1741125481549;14930
2;1741125489621;14931
2;1741125491177;14932
2;1741125500704;14933
2;1741125502020;14934
2;1741125512594;14935
2;1741125512665;14936
2;1741125512860;14937
2;1741125514694;14938
2;1741125530364;14939
2;1741125538525;14940
2;1741125542103;14941
2;1741125542392;14942
2;1741125542716;14943
2;1741125547705;14944
2;1741125558294;14945
2;1741125560863;14946
2;1741125568163;14947
2;1741125568449;14948
2;1741125571911;14949
2;1741125579016;14950
2;1741125581987;14951
2;1741125585805;14952
2;1741125594570;14953
2;1741125596789;14954
2;1741125599818;14955
2;1741125600110;14956
2;1741125608524;14957
2;1741125621097;14958
2;1741125625582;14959
2;1741125630770;14960
2;1741125633439;14961
2;1741125633714;14962
2;1741125649440;14963
2;1741125654529;14964
2;1741125657766;14965
2;1741125662780;14966
2;1741125664073;14967
2;1741125669903;14968
2;1741125676519;14969
2;1741125677980;14970
2;1741125684846;14971
2;1741125689504;14972
2;1741125693330;14973
2;1741125703491;14974
2;1741125704060;14975
2;1741125704167;14976
2;1741125712687;14977
2;1741125713267;14978
2;1741125716825;14979
2;1741125720372;14980
2;1741125729839;14981
2;1741125741149;14982
2;1741125748418;14983
2;1741125752897;14984
2;1741125762625;14985
2;1741125765163;14986
2;1741125765770;14987
2;1741125768462;14988
2;1741125768687;14989
2;1741125778568;14990
2;1741125783937;14991
2;1741125790238;14992
2;1741125790460;14993
2;1741125794078;14994
2;1741125797979;14995
2;1741125802205;14996
2;1741125814352;14997
2;1741125828722;14998
2;1741125832376;14999
2;1741125832396;15000
2;1741125834970;15001
2;1741125842754;15002
2;1741125846425;15003
2;1741125851046;15004
2;1741125855207;15005
2;1741125856386;15006
2;1741125866390;15007
2;1741125872572;15008
2;1741125874709;15009
2;1741125876349;15010
2;1741125884034;15011
2;1741125890491;15012
2;1741125892519;15013
2;1741125896762;15014
2;1741125912445;15015
2;1741125913317;15016
2;1741125915129;15017
2;1741125915251;15018
2;1741125917427;15019
2;1741125926341;15020
2;1741125936681;15021
2;1741125947008;15022
2;1741125948293;15023
2;1741125951353;15024
2;1741125956027;15025
2;1741125960960;15026
2;1741125963356;15027
2;1741125969060;15028
2;1741125973506;15029
2;1741125977284;15030
2;1741125979644;15031
2;1741125988800;15032
2;1741125990822;15033
2;1741125998026;15034
2;1741126001652;15035
2;1741126010073;15036
2;1741126010306;15037
2;1741126010420;15038
2;1741126013192;15039
2;1741126021921;15040
2;1741126024291;15041
2;1741126027421;15042
2;1741126057789;15043
2;1741126058430;15044
2;1741126060461;15045
2;1741126067165;15046
2;1741126067470;15047
2;1741126067794;15048
2;1741126069996;15049
2;1741126070836;15050
2;1741126079299;15051
2;1741126086443;15052
2;1741126087933;15053
2;1741126092045;15054
2;1741126093329;15055
2;1741126101371;15056
2;1741126103272;15057
2;1741126112899;15058
2;1741126119295;15059
2;1741126137125;15060
2;1741126137549;15061
2;1741126138585;15062
2;1741126142962;15063
2;1741126148777;15064
2;1741126150764;15065
2;1741126159835;15066
2;1741126162134;15067
2;1741126169091;15068
2;1741126178706;15069
2;1741126183963;15070
2;1741126185624;15071
2;1741126186673;15072
2;1741126191611;15073
2;1741126202858;15074
2;1741126206633;15075
2;1741126207617;15076
2;1741126220555;15077
2;1741126223423;15078
2;1741126223493;15079
2;1741126228768;15080
2;1741126236782;15081
2;1741126237187;15082
2;1741126238321;15083
2;1741126248107;15084
2;1741126250564;15085
2;1741126255352;15086
2;1741126264264;15087
2;1741126266761;15088
2;1741126267031;15089
2;1741126272290;15090
2;1741126286291;15091
2;1741126289787;15092
2;1741126291535;15093
2;1741126292798;15094
2;1741126295703;15095
2;1741126300779;15096
2;1741126308413;15097
2;1741126314716;15098
2;1741126315339;15099
2;1741126334172;15100
2;1741126334569;15101
2;1741126336859;15102
2;1741126343364;15103
2;1741126347922;15104
2;1741126352103;15105
2;1741126358045;15106
2;1741126360557;15107
2;1741126371226;15108
2;1741126373542;15109
2;1741126380813;15110
2;1741126390370;15111
2;1741126393453;15112
2;1741126393612;15113
2;1741126398812;15114
2;1741126407267;15115
2;1741126414530;15116
2;1741126415060;15117
2;1741126417209;15118
2;1741126420985;15119
2;1741126430459;15120
2;1741126433089;15121
2;1741126436731;15122
2;1741126436952;15123
2;1741126441120;15124
2;1741126459210;15125
2;1741126462102;15126
2;1741126463276;15127
2;1741126470987;15128
2;1741126475297;15129
2;1741126478116;15130
2;1741126482329;15131
2;1741126486784;15132
2;1741126488454;15133
2;1741126495365;15134
2;1741126497135;15135
2;1741126508396;15136
2;1741126512970;15137
2;1741126513983;15138
2;1741126513997;15139
2;1741126526868;15140
2;1741126527537;15141
2;1741126539915;15142
2;1741126541434;15143
2;1741126555022;15144
2;1741126559137;15145
2;1741126560208;15146
2;1741126565073;15147
2;1741126565903;15148
2;1741126565992;15149
2;1741126570443;15150
2;1741126571741;15151
2;1741126596451;15152
2;1741126597329;15153
2;1741126597665;15154
2;1741126599751;15155
2;1741126600827;15156
2;1741126610677;15157
2;1741126620619;15158
2;1741126627754;15159
2;1741126627874;15160
2;1741126640305;15161
2;1741126641616;15162
2;1741126641851;15163
2;1741126644720;15164
2;1741126647333;15165
2;1741126657651;15166
2;1741126665058;15167
2;1741126674961;15168
2;1741126675035;15169
2;1741126678456;15170
2;1741126684977;15171
2;1741126689947;15172
2;1741126691609;15173
2;1741126701669;15174
2;1741126703848;15175
2;1741126704689;15176
2;1741126704942;15177
2;1741126707903;15178
2;1741126714871;15179
2;1741126718506;15180
2;1741126724095;15181
2;1741126728330;15182
2;1741126731116;15183
2;1741126746833;15184
2;1741126757466;15185
2;1741126762322;15186
2;1741126768071;15187
2;1741126774401;15188
2;1741126776028;15189
2;1741126783648;15190
2;1741126787944;15191
2;1741126789907;15192
2;1741126790263;15193
2;1741126793485;15194
2;1741126809899;15195
2;1741126810089;15196
2;1741126814370;15197
2;1741126824556;15198
2;1741126826855;15199
2;1741126830287;15200
2;1741126830932;15201
2;1741126837435;15202
2;1741126852117;15203
2;1741126856669;15204
2;1741126857768;15205
2;1741126857798;15206
2;1741126858869;15207
2;1741126870877;15208
2;1741126875005;15209
2;1741126876869;15210
2;1741126876939;15211
2;1741126883181;15212
2;1741126896452;15213
2;1741126899203;15214
2;1741126904894;15215
2;1741126911050;15216
2;1741126912913;15217
2;1741126919853;15218
2;1741126921500;15219
2;1741126924885;15220
2;1741126930381;15221
2;1741126933470;15222
2;1741126940579;15223
2;1741126946270;15224
2;1741126956097;15225
2;1741126959677;15226
2;1741126964582;15227
2;1741126971323;15228
2;1741126974229;15229
2;1741126974492;15230
2;1741126976743;15231
2;1741126980682;15232
2;1741126990975;15233
2;1741126997990;15234
2;1741127006270;15235
2;1741127009625;15236
2;1741127011700;15237
2;1741127021115;15238
2;1741127027830;15239
2;1741127031186;15240
2;1741127031411;15241
2;1741127052782;15242
2;1741127055348;15243
2;1741127057252;15244
2;1741127058613;15245
2;1741127059122;15246
2;1741127062798;15247
2;1741127076818;15248
2;1741127080261;15249
2;1741127082346;15250
2;1741127084224;15251
2;1741127088240;15252
2;1741127088424;15253
2;1741127097600;15254
2;1741127099867;15255
2;1741127099881;15256
2;1741127113046;15257
2;1741127119812;15258
2;1741127126332;15259
2;1741127133483;15260
2;1741127139216;15261
2;1741127142939;15262
2;1741127146824;15263
2;1741127154251;15264
2;1741127156136;15265
2;1741127158476;15266
2;1741127160995;15267
2;1741127163222;15268
2;1741127165806;15269
2;1741127176784;15270
2;1741127182546;15271
2;1741127193306;15272
2;1741127194228;15273
2;1741127195553;15274
2;1741127197997;15275
2;1741127198671;15276
2;1741127212258;15277
2;1741127216019;15278
2;1741127216298;15279
2;1741127225902;15280
2;1741127227785;15281
2;1741127234317;15282
2;1741127243441;15283
2;1741127248574;15284
2;1741127257655;15285
2;1741127260432;15286
2;1741127264543;15287
2;1741127268250;15288
2;1741127272329;15289
2;1741127282438;15290
2;1741127282886;15291
2;1741127289247;15292
2;1741127292785;15293
2;1741127295805;15294
2;1741127303281;15295
2;1741127307457;15296
2;1741127307825;15297
2;1741127312784;15298
2;1741127316856;15299
2;1741127329486;15300
2;1741127339725;15301
2;1741127341539;15302
2;1741127346323;15303
2;1741127352719;15304
2;1741127354468;15305
2;1741127358330;15306
2;1741127362844;15307
2;1741127365619;15308
2;1741127366709;15309
2;1741127383710;15310
2;1741127383913;15311
2;1741127390181;15312
2;1741127392573;15313
2;1741127402753;15314
2;1741127404738;15315
2;1741127406430;15316
2;1741127407613;15317
2;1741127420772;15318
2;1741127431602;15319
2;1741127433901;15320
2;1741127437346;15321
2;1741127444184;15322
2;1741127445973;15323
2;1741127450222;15324
2;1741127451651;15325
2;1741127464140;15326
2;1741127464862;15327
2;1741127472343;15328
2;1741127473430;15329
2;1741127473848;15330
2;1741127482403;15331
2;1741127497582;15332
2;1741127499632;15333
2;1741127501869;15334
2;1741127502997;15335
2;1741127506170;15336
2;1741127507023;15337
2;1741127517514;15338
2;1741127521009;15339
2;1741127527758;15340
2;1741127535894;15341
2;1741127536845;15342
2;1741127540033;15343
2;1741127540872;15344
2;1741127553046;15345
2;1741127556450;15346
2;1741127564645;15347
2;1741127566032;15348
2;1741127566741;15349
2;1741127570179;15350
2;1741127589707;15351
2;1741127593436;15352
2;1741127594344;15353
2;1741127595770;15354
2;1741127597944;15355
2;1741127613924;15356
2;1741127615482;15357
2;1741127622236;15358
2;1741127623679;15359
2;1741127625662;15360
2;1741127633317;15361
2;1741127638050;15362
2;1741127639680;15363
2;1741127641328;15364
2;1741127648724;15365
2;1741127652958;15366
2;1741127655424;15367
2;1741127665266;15368
2;1741127665367;15369
2;1741127670305;15370
2;1741127675398;15371
2;1741127681430;15372
2;1741127683158;15373
2;1741127693334;15374
2;1741127693452;15375
2;1741127698383;15376
2;1741127709244;15377
2;1741127718717;15378
2;1741127720349;15379
2;1741127721808;15380
2;1741127722538;15381
2;1741127737909;15382
2;1741127743294;15383
2;1741127747745;15384
2;1741127757631;15385
2;1741127765092;15386
2;1741127767699;15387
2;1741127779335;15388
2;1741127783401;15389
2;1741127783417;15390
2;1741127785741;15391
2;1741127786012;15392
2;1741127791493;15393
2;1741127796830;15394
2;1741127799295;15395
2;1741127799842;15396
2;1741127810302;15397
2;1741127820040;15398
2;1741127820700;15399
2;1741127824956;15400
2;1741127825276;15401
2;1741127837927;15402
2;1741127841344;15403
2;1741127852672;15404
2;1741127862748;15405
2;1741127863826;15406
2;1741127864778;15407
2;1741127875553;15408
2;1741127876022;15409
2;1741127883467;15410
2;1741127884561;15411
2;1741127887053;15412
2;1741127890514;15413
2;1741127903352;15414
2;1741127905185;15415
2;1741127911273;15416
2;1741127914074;15417
2;1741127923011;15418
2;1741127929588;15419
2;1741127935053;15420
2;1741127935619;15421
2;1741127937820;15422
2;1741127942830;15423
2;1741127948458;15424
2;1741127958799;15425
2;1741127961859;15426
2;1741127962361;15427
2;1741127963910;15428
2;1741127966992;15429
2;1741127988870;15430
2;1741127990743;15431
2;1741127992439;15432
2;1741128000248;15433
2;1741128007147;15434
2;1741128012502;15435
2;1741128015933;15436
2;1741128017219;15437
2;1741128018875;15438
2;1741128027929;15439
2;1741128027941;15440
2;1741128034747;15441
2;1741128039918;15442
2;1741128045751;15443
2;1741128054101;15444
2;1741128055962;15445
2;1741128057677;15446
2;1741128060741;15447
2;1741128064716;15448
2;1741128072475;15449
2;1741128073057;15450
2;1741128082652;15451
2;1741128098015;15452
2;1741128098105;15453
2;1741128098351;15454
2;1741128102570;15455
2;1741128103964;15456
2;1741128106863;15457
2;1741128108229;15458
2;1741128120625;15459
2;1741128123769;15460
2;1741128134911;15461
2;1741128136487;15462
2;1741128141448;15463
2;1741128147838;15464
2;1741128152439;15465
2;1741128154624;15466
2;1741128164566;15467
2;1741128172927;15468
2;1741128177454;15469
2;1741128179378;15470
2;1741128183245;15471
2;1741128188781;15472
2;1741128197483;15473
2;1741128203138;15474
2;1741128204520;15475
2;1741128208741;15476
2;1741128209663;15477
2;1741128217914;15478
2;1741128220841;15479
2;1741128234720;15480
2;1741128235040;15481
2;1741128239800;15482
2;1741128250637;15483
2;1741128253803;15484
2;1741128255285;15485
2;1741128257325;15486
2;1741128265212;15487
2;1741128267305;15488
2;1741128277388;15489
2;1741128284036;15490
2;1741128290752;15491
2;1741128294014;15492
2;1741128294180;15493
2;1741128296789;15494
2;1741128304197;15495
2;1741128309447;15496
2;1741128311413;15497
2;1741128313250;15498
2;1741128319340;15499
2;1741128340513;15500
2;1741128340712;15501
2;1741128342254;15502
2;1741128342506;15503
2;1741128348255;15504
2;1741128349738;15505
2;1741128353373;15506
2;1741128369814;15507
2;1741128375256;15508
2;1741128379278;15509
2;1741128379766;15510
2;1741128381173;15511
2;1741128388418;15512
2;1741128393493;15513
2;1741128395252;15514
2;1741128399508;15515
2;1741128402643;15516
2;1741128404332;15517
2;1741128409512;15518
2;1741128419065;15519
2;1741128423320;15520
2;1741128427302;15521
2;1741128430513;15522
2;1741128447559;15523
2;1741128452858;15524
2;1741128454450;15525
2;1741128454814;15526
2;1741128460203;15527
2;1741128469564;15528
2;1741128474482;15529
2;1741128477448;15530
2;1741128479933;15531
2;1741128484198;15532
2;1741128485893;15533
2;1741128486379;15534
2;1741128491062;15535
2;1741128502888;15536
2;1741128511497;15537
2;1741128525377;15538
2;1741128531151;15539
2;1741128532271;15540
2;1741128538538;15541
2;1741128543502;15542
2;1741128547621;15543
2;1741128551514;15544
2;1741128553874;15545
2;1741128556917;15546
2;1741128568090;15547
2;1741128573365;15548
2;1741128579822;15549
2;1741128580929;15550
2;1741128583864;15551
2;1741128596199;15552
2;1741128602855;15553
2;1741128602873;15554
2;1741128604885;15555
2;1741128607968;15556
2;1741128609605;15557
2;1741128612834;15558
2;1741128613924;15559
2;1741128624849;15560
2;1741128628343;15561
2;1741128628533;15562
2;1741128635686;15563
2;1741128645460;15564
2;1741128646434;15565
2;1741128653623;15566
2;1741128665302;15567
2;1741128666709;15568
2;1741128671523;15569
2;1741128675918;15570
2;1741128677067;15571
2;1741128681621;15572
2;1741128695376;15573
2;1741128701487;15574
2;1741128708263;15575
2;1741128711088;15576
2;1741128712311;15577
2;1741128713462;15578
2;1741128721807;15579
2;1741128732320;15580
2;1741128735774;15581
2;1741128740469;15582
2;1741128747959;15583
2;1741128750089;15584
2;1741128753462;15585
2;1741128757532;15586
2;1741128758178;15587
2;1741128764974;15588
2;1741128767972;15589
2;1741128772964;15590
2;1741128780407;15591
2;1741128783090;15592
2;1741128799081;15593
2;1741128799276;15594
2;1741128803753;15595
2;1741128806712;15596
2;1741128817178;15597
2;1741128823733;15598
2;1741128827572;15599
2;1741128830813;15600
2;1741128831774;15601
2;1741128836576;15602
2;1741128840964;15603
2;1741128846479;15604
2;1741128850411;15605
2;1741128857188;15606
2;1741128861567;15607
2;1741128873732;15608
2;1741128876403;15609
2;1741128877174;15610
2;1741128882005;15611
2;1741128882559;15612
2;1741128887177;15613
2;1741128896930;15614
2;1741128902745;15615
2;1741128909447;15616
2;1741128911342;15617
2;1741128917827;15618
2;1741128926213;15619
2;1741128927439;15620
2;1741128930021;15621
2;1741128933070;15622
2;1741128939964;15623
2;1741128944728;15624
2;1741128957834;15625
2;1741128958427;15626
2;1741128967409;15627
2;1741128969193;15628
2;1741128969593;15629
2;1741128969617;15630
2;1741128981328;15631
2;1741128988825;15632
2;1741128998121;15633
2;1741129003529;15634
2;1741129008493;15635
2;1741129013182;15636
2;1741129015008;15637
2;1741129016970;15638
2;1741129017165;15639
2;1741129025913;15640
2;1741129038108;15641
2;1741129038516;15642
2;1741129039996;15643
2;1741129050960;15644
2;1741129057321;15645
2;1741129058842;15646
2;1741129060979;15647
2;1741129064167;15648
2;1741129071040;15649
2;1741129077972;15650
2;1741129085738;15651
2;1741129087209;15652
2;1741129097456;15653
2;1741129099219;15654
2;1741129105867;15655
2;1741129108645;15656
2;1741129109318;15657
2;1741129109801;15658
2;1741129117992;15659
2;1741129121763;15660
2;1741129135681;15661
2;1741129139127;15662
2;1741129141115;15663
2;1741129150159;15664
2;1741129153184;15665
2;1741129156960;15666
2;1741129163794;15667
2;1741129167126;15668
2;1741129169808;15669
2;1741129171939;15670
2;1741129186213;15671
2;1741129186372;15672
2;1741129186567;15673
2;1741129186576;15674
2;1741129191741;15675
2;1741129196894;15676
2;1741129215554;15677
2;1741129224251;15678
2;1741129227419;15679
2;1741129233027;15680
2;1741129239866;15681
2;1741129244769;15682
2;1741129245246;15683
2;1741129251111;15684
2;1741129251487;15685
2;1741129261737;15686
2;1741129266664;15687
2;1741129267394;15688
2;1741129270187;15689
2;1741129285163;15690
2;1741129285397;15691
2;1741129288678;15692
2;1741129302159;15693
2;1741129306332;15694
2;1741129309317;15695
2;1741129310326;15696
2;1741129318653;15697
2;1741129318980;15698
2;1741129319078;15699
2;1741129321043;15700
2;1741129331248;15701
2;1741129338409;15702
2;1741129353554;15703
2;1741129355037;15704
2;1741129360680;15705
2;1741129366424;15706
2;1741129376447;15707
2;1741129377675;15708
2;1741129378037;15709
2;1741129383454;15710
2;1741129386535;15711
2;1741129394091;15712
2;1741129394582;15713
2;1741129403750;15714
2;1741129409533;15715
2;1741129414596;15716
2;1741129425093;15717
2;1741129425792;15718
2;1741129426396;15719
2;1741129427718;15720
2;1741129428883;15721
2;1741129432887;15722
2;1741129434376;15723
2;1741129447887;15724
2;1741129448206;15725
2;1741129448806;15726
2;1741129464432;15727
2;1741129471445;15728
2;1741129471498;15729
2;1741129471524;15730
2;1741129487557;15731
2;1741129491306;15732
2;1741129492434;15733
2;1741129503619;15734
2;1741129506225;15735
2;1741129506690;15736
2;1741129507836;15737
2;1741129510020;15738
2;1741129522582;15739
2;1741129523672;15740
2;1741129533055;15741
2;1741129534520;15742
2;1741129540180;15743
2;1741129545393;15744
2;1741129548064;15745
2;1741129561398;15746
2;1741129562768;15747
2;1741129567643;15748
2;1741129572888;15749
2;1741129575557;15750
2;1741129587623;15751
2;1741129589260;15752
2;1741129593637;15753
2;1741129594170;15754
2;1741129603374;15755
2;1741129608886;15756
2;1741129621279;15757
2;1741129625411;15758
2;1741129625655;15759
2;1741129631590;15760
2;1741129633615;15761
2;1741129633951;15762
2;1741129638294;15763
2;1741129640299;15764
2;1741129649380;15765
2;1741129651638;15766
2;1741129657825;15767
2;1741129664295;15768
2;1741129675654;15769
2;1741129678945;15770
2;1741129684397;15771
2;1741129685875;15772
2;1741129688158;15773
2;1741129688661;15774
2;1741129713740;15775
2;1741129714236;15776
2;1741129716895;15777
2;1741129723090;15778
2;1741129724286;15779
2;1741129732746;15780
2;1741129736074;15781
2;1741129740327;15782
2;1741129740783;15783
2;1741129743021;15784
2;1741129749136;15785
2;1741129755376;15786
2;1741129764469;15787
2;1741129767072;15788
2;1741129775619;15789
2;1741129778601;15790
2;1741129784385;15791
2;1741129788016;15792
2;1741129795070;15793
2;1741129799491;15794
2;1741129800647;15795
2;1741129802428;15796
2;1741129803604;15797
2;1741129805910;15798
2;1741129820703;15799
2;1741129822207;15800
2;1741129834256;15801
2;1741129837388;15802
2;1741129840992;15803
2;1741129841399;15804
2;1741129850426;15805
2;1741129852453;15806
2;1741129864812;15807
2;1741129871186;15808
2;1741129871866;15809
2;1741129879662;15810
2;1741129882417;15811
2;1741129884138;15812
2;1741129885712;15813
2;1741129888981;15814
2;1741129907634;15815
2;1741129911101;15816
2;1741129914875;15817
2;1741129923024;15818
2;1741129927664;15819
2;1741129938862;15820
2;1741129940858;15821
2;1741129941475;15822
2;1741129943747;15823
2;1741129944473;15824
2;1741129950048;15825
2;1741129957474;15826
2;1741129966506;15827
2;1741129971386;15828
2;1741129978016;15829
2;1741129978458;15830
2;1741129982498;15831
2;1741129983166;15832
2;1741129996868;15833
2;1741130001598;15834
2;1741130004375;15835
2;1741130005247;15836
2;1741130008058;15837
2;1741130008455;15838
2;1741130023808;15839
2;1741130025593;15840
2;1741130029711;15841
2;1741130039844;15842
2;1741130046523;15843
2;1741130053383;15844
2;1741130053674;15845
2;1741130055772;15846
2;1741130059193;15847
2;1741130073573;15848
2;1741130076856;15849
2;1741130083442;15850
2;1741130087785;15851
2;1741130092626;15852
2;1741130101367;15853
2;1741130101651;15854
2;1741130102352;15855
2;1741130106404;15856
2;1741130112838;15857
2;1741130118025;15858
2;1741130128115;15859
2;1741130130470;15860
2;1741130131952;15861
2;1741130137799;15862
2;1741130143031;15863
2;1741130147746;15864
2;1741130153152;15865
2;1741130168680;15866
2;1741130171084;15867
2;1741130174317;15868
2;1741130178746;15869
2;1741130185624;15870
2;1741130187670;15871
2;1741130191345;15872
2;1741130191508;15873
2;1741130193057;15874
2;1741130197426;15875
2;1741130200500;15876
2;1741130204615;15877
2;1741130215885;15878
2;1741130216080;15879
2;1741130237149;15880
2;1741130238853;15881
2;1741130241372;15882
2;1741130242315;15883
2;1741130242547;15884
2;1741130246186;15885
2;1741130259606;15886
2;1741130269358;15887
2;1741130271217;15888
2;1741130274481;15889
2;1741130276771;15890
2;1741130276816;15891
2;1741130278541;15892
2;1741130292573;15893
2;1741130299419;15894
2;1741130301982;15895
2;1741130302851;15896
2;1741130304127;15897
2;1741130306121;15898
2;1741130320554;15899
2;1741130331147;15900
2;1741130342182;15901
2;1741130344463;15902
2;1741130345279;15903
2;1741130353388;15904
2;1741130355216;15905
2;1741130358370;15906
2;1741130359407;15907
2;1741130368973;15908
2;1741130377692;15909
2;1741130380871;15910
2;1741130384047;15911
2;1741130391820;15912
2;1741130395500;15913
2;1741130396456;15914
2;1741130396660;15915
2;1741130397733;15916
2;1741130400222;15917
2;1741130412787;15918
2;1741130423274;15919
2;1741130438682;15920
2;1741130439960;15921
2;1741130448617;15922
2;1741130451890;15923
2;1741130452285;15924
2;1741130453467;15925
2;1741130455947;15926
2;1741130456146;15927
2;1741130462937;15928
2;1741130467457;15929
2;1741130471058;15930
2;1741130477865;15931
2;1741130487032;15932
2;1741130487315;15933
2;1741130494770;15934
2;1741130501235;15935
2;1741130503274;15936
2;1741130510943;15937
2;1741130511603;15938
2;1741130520937;15939
2;1741130524778;15940
2;1741130529416;15941
2;1741130533063;15942
2;1741130542383;15943
2;1741130542763;15944
2;1741130547541;15945
2;1741130559872;15946
2;1741130560784;15947
2;1741130562123;15948
2;1741130568059;15949
2;1741130570185;15950
2;1741130581558;15951
2;1741130597212;15952
2;1741130598936;15953
2;1741130604322;15954
2;1741130604499;15955
2;1741130605132;15956
2;1741130605154;15957
2;1741130615584;15958
2;1741130618781;15959
2;1741130621917;15960
2;1741130634553;15961
2;1741130636155;15962
2;1741130644047;15963
2;1741130645066;15964
2;1741130645987;15965
2;1741130655908;15966
2;1741130661261;15967
2;1741130671518;15968
2;1741130676651;15969
2;1741130688409;15970
2;1741130689504;15971
2;1741130692542;15972
2;1741130693326;15973
2;1741130696557;15974
2;1741130696917;15975
2;1741130706638;15976
2;1741130708710;15977
2;1741130719615;15978
2;1741130721767;15979
2;1741130727449;15980
2;1741130732405;15981
2;1741130733158;15982
2;1741130750929;15983
2;1741130752498;15984
2;1741130757046;15985
2;1741130757188;15986
2;1741130759529;15987
2;1741130771772;15988
2;1741130778251;15989
2;1741130779246;15990
2;1741130783818;15991
2;1741130784282;15992
2;1741130794410;15993
2;1741130800204;15994
2;1741130806649;15995
2;1741130809016;15996
2;1741130815677;15997
2;1741130815809;15998
2;1741130821116;15999
2;1741130827822;16000
2;1741130831417;16001
2;1741130840389;16002
2;1741130845192;16003
2;1741130845238;16004
2;1741130848303;16005
2;1741130855945;16006
2;1741130869725;16007
2;1741130870709;16008
2;1741130873706;16009
2;1741130877346;16010
2;1741130881261;16011
2;1741130889134;16012
2;1741130894813;16013
2;1741130907724;16014
2;1741130909733;16015
2;1741130913604;16016
2;1741130913941;16017
2;1741130925688;16018
2;1741130926492;16019
2;1741130928761;16020
2;1741130929924;16021
2;1741130930628;16022
2;1741130940283;16023
2;1741130958440;16024
2;1741130958587;16025
2;1741130963016;16026
2;1741130971545;16027
2;1741130975300;16028
2;1741130975876;16029
2;1741130982315;16030
2;1741130989317;16031
2;1741130990163;16032
2;1741130999668;16033
2;1741131001658;16034
2;1741131002822;16035
2;1741131006976;16036
2;1741131011113;16037
2;1741131016319;16038
2;1741131017507;16039
2;1741131025482;16040
2;1741131032063;16041
2;1741131045101;16042
2;1741131047114;16043
2;1741131049439;16044
2;1741131059384;16045
2;1741131061819;16046
2;1741131067643;16047
2;1741131068657;16048
2;1741131073450;16049
2;1741131078055;16050
2;1741131085235;16051
2;1741131090452;16052
2;1741131090506;16053
2;1741131092011;16054
2;1741131099965;16055
2;1741131102684;16056
2;1741131114335;16057
2;1741131116310;16058
2;1741131118569;16059
2;1741131118994;16060
2;1741131128840;16061
2;1741131137652;16062
2;1741131144369;16063
2;1741131147111;16064
2;1741131147763;16065
2;1741131155712;16066
2;1741131160523;16067
2;1741131170748;16068
2;1741131173843;16069
2;1741131174230;16070
2;1741131177497;16071
2;1741131178975;16072
2;1741131185872;16073
2;1741131193799;16074
2;1741131197835;16075
2;1741131211859;16076
2;1741131216089;16077
2;1741131217634;16078
2;1741131225163;16079
2;1741131228909;16080
2;1741131239826;16081
2;1741131242107;16082
2;1741131248512;16083
2;1741131252205;16084
2;1741131261518;16085
2;1741131261682;16086
2;1741131262909;16087
2;1741131264189;16088
2;1741131264974;16089
2;1741131272829;16090
2;1741131283812;16091
2;1741131291776;16092
2;1741131299007;16093
2;1741131303831;16094
2;1741131311465;16095
2;1741131314528;16096
2;1741131317006;16097
2;1741131326541;16098
2;1741131332055;16099
2;1741131332688;16100
2;1741131336949;16101
2;1741131337897;16102
2;1741131340058;16103
2;1741131343480;16104
2;1741131346882;16105
2;1741131353282;16106
3;1741131355843;9
2;1741131364893;16107
2;1741131365438;16108
2;1741131375180;16109
2;1741131375610;16110
2;1741131382696;16111
2;1741131386536;16112
2;1741131389694;16113
2;1741131396287;16114
2;1741131407599;16115
2;1741131408214;16116
2;1741131408383;16117
2;1741131409645;16118
2;1741131420792;16119
2;1741131424973;16120
2;1741131436246;16121
2;1741131439845;16122
2;1741131451685;16123
2;1741131456155;16124
2;1741131457051;16125
2;1741131457659;16126
2;1741131470145;16127
2;1741131470832;16128
2;1741131474410;16129
2;1741131480141;16130
2;1741131485889;16131
2;1741131485924;16132
2;1741131496058;16133
2;1741131497714;16134
2;1741131499746;16135
2;1741131512391;16136
2;1741131513396;16137
2;1741131516412;16138
2;1741131517752;16139
2;1741131520902;16140
2;1741131525885;16141
2;1741131540749;16142
2;1741131542229;16143
2;1741131552812;16144
2;1741131561102;16145
2;1741131561701;16146
2;1741131561758;16147
2;1741131564814;16148
2;1741131569646;16149
2;1741131579708;16150
2;1741131586369;16151
2;1741131586608;16152
2;1741131587170;16153
2;1741131593977;16154
2;1741131606859;16155
2;1741131613117;16156
2;1741131614783;16157
2;1741131619949;16158
2;1741131623107;16159
2;1741131625071;16160
2;1741131629327;16161
2;1741131634819;16162
2;1741131645681;16163
2;1741131648746;16164
2;1741131657045;16165
2;1741131658439;16166
2;1741131663139;16167
2;1741131664623;16168
2;1741131676365;16169
2;1741131684295;16170
2;1741131686456;16171
2;1741131686486;16172
2;1741131697656;16173
2;1741131699681;16174
2;1741131703242;16175
2;1741131714863;16176
2;1741131718653;16177
2;1741131720095;16178
2;1741131727780;16179
2;1741131736461;16180
2;1741131742160;16181
2;1741131744595;16182
2;1741131749277;16183
2;1741131749893;16184
2;1741131753533;16185
2;1741131753600;16186
2;1741131754398;16187
2;1741131761824;16188
2;1741131770642;16189
2;1741131776803;16190
2;1741131791271;16191
2;1741131793787;16192
2;1741131797776;16193
2;1741131806323;16194
2;1741131807656;16195
2;1741131811235;16196
2;1741131816900;16197
2;1741131821479;16198
2;1741131824699;16199
2;1741131831133;16200
2;1741131831957;16201
2;1741131832859;16202
2;1741131847107;16203
2;1741131851009;16204
2;1741131851360;16205
2;1741131860115;16206
2;1741131864109;16207
2;1741131876311;16208
2;1741131878272;16209
2;1741131882043;16210
2;1741131883248;16211
2;1741131885731;16212
2;1741131891538;16213
2;1741131892387;16214
2;1741131893508;16215
2;1741131912814;16216
2;1741131918069;16217
2;1741131923245;16218
2;1741131923826;16219
2;1741131932281;16220
2;1741131934880;16221
2;1741131939366;16222
2;1741131939512;16223
2;1741131945239;16224
2;1741131945460;16225
2;1741131953499;16226
2;1741131958653;16227
2;1741131970088;16228
2;1741131970110;16229
2;1741131977789;16230
2;1741131986073;16231
2;1741131988047;16232
2;1741131994438;16233
2;1741131998569;16234
2;1741131999100;16235
2;1741132000535;16236
2;1741132004857;16237
2;1741132005088;16238
2;1741132011988;16239
2;1741132025119;16240
2;1741132028986;16241
2;1741132038472;16242
2;1741132046612;16243
2;1741132047077;16244
2;1741132048219;16245
2;1741132052429;16246
2;1741132069599;16247
2;1741132078250;16248
2;1741132081310;16249
2;1741132082470;16250
2;1741132083653;16251
2;1741132084619;16252
2;1741132095501;16253
2;1741132100548;16254
2;1741132104463;16255
2;1741132110394;16256
2;1741132116040;16257
2;1741132128679;16258
2;1741132130504;16259
2;1741132134322;16260
2;1741132136673;16261
2;1741132136899;16262
2;1741132140531;16263
2;1741132145372;16264
2;1741132156852;16265
2;1741132161102;16266
2;1741132161151;16267
2;1741132162249;16268
2;1741132172735;16269
2;1741132177403;16270
2;1741132181819;16271
2;1741132187197;16272
2;1741132192006;16273
2;1741132202050;16274
2;1741132208697;16275
2;1741132211821;16276
2;1741132215875;16277
2;1741132216538;16278
2;1741132219232;16279
2;1741132220055;16280
3;1741132235840;10
2;1741132239686;16281
2;1741132243455;16282
2;1741132252790;16283
2;1741132253428;16284
2;1741132253442;16285
2;1741132254757;16286
2;1741132255523;16287
2;1741132262298;16288
2;1741132269246;16289
2;1741132276409;16290
2;1741132280124;16291
2;1741132284911;16292
2;1741132292113;16293
2;1741132292509;16294
2;1741132301802;16295
2;1741132308046;16296
2;1741132323417;16297
2;1741132324934;16298
2;1741132329410;16299
2;1741132330490;16300
2;1741132336807;16301
2;1741132336987;16302
2;1741132339592;16303
2;1741132351487;16304
2;1741132361897;16305
2;1741132368871;16306
2;1741132368924;16307
2;1741132373692;16308
2;1741132376726;16309
2;1741132384349;16310
2;1741132389273;16311
2;1741132389885;16312
2;1741132393379;16313
2;1741132401931;16314
2;1741132402267;16315
2;1741132406163;16316
2;1741132408028;16317
2;1741132412085;16318
2;1741132421276;16319
2;1741132424199;16320
2;1741132428756;16321
2;1741132436944;16322
2;1741132445460;16323
2;1741132453223;16324
2;1741132455327;16325
2;1741132457237;16326
2;1741132457299;16327
2;1741132459386;16328
2;1741132465035;16329
2;1741132468511;16330
2;1741132485792;16331
2;1741132486120;16332
2;1741132494247;16333
2;1741132497360;16334
2;1741132497643;16335
2;1741132504237;16336
2;1741132516293;16337
2;1741132516680;16338
2;1741132530370;16339
2;1741132532662;16340
2;1741132538348;16341
2;1741132543100;16342
2;1741132549481;16343
2;1741132558525;16344
2;1741132558995;16345
2;1741132561807;16346
2;1741132562790;16347
2;1741132564322;16348
2;1741132566072;16349
2;1741132568413;16350
2;1741132576275;16351
2;1741132590810;16352
2;1741132593688;16353
2;1741132604097;16354
2;1741132607750;16355
2;1741132612662;16356
2;1741132612891;16357
2;1741132614943;16358
2;1741132622769;16359
2;1741132622806;16360
2;1741132624593;16361
2;1741132625222;16362
2;1741132642166;16363
2;1741132648387;16364
2;1741132659607;16365
2;1741132664721;16366
2;1741132664866;16367
2;1741132668189;16368
2;1741132671302;16369
2;1741132676165;16370
2;1741132679769;16371
2;1741132685446;16372
2;1741132693140;16373
2;1741132697196;16374
2;1741132704823;16375
2;1741132708571;16376
2;1741132712064;16377
2;1741132722997;16378
2;1741132725835;16379
2;1741132729193;16380
2;1741132738114;16381
2;1741132741638;16382
2;1741132742728;16383
2;1741132745996;16384
2;1741132752233;16385
2;1741132753410;16386
2;1741132766815;16387
2;1741132770527;16388
2;1741132781213;16389
2;1741132781616;16390
2;1741132788649;16391
2;1741132788782;16392
2;1741132791553;16393
2;1741132808454;16394
2;1741132809763;16395
2;1741132813259;16396
2;1741132815258;16397
2;1741132820361;16398
2;1741132823099;16399
2;1741132832873;16400
2;1741132833702;16401
2;1741132835004;16402
2;1741132841648;16403
2;1741132841735;16404
2;1741132841784;16405
2;1741132848072;16406
2;1741132852897;16407
2;1741132861464;16408
2;1741132871988;16409
2;1741132877081;16410
2;1741132879301;16411
2;1741132883693;16412
2;1741132904091;16413
2;1741132910541;16414
2;1741132912595;16415
2;1741132912665;16416
2;1741132913985;16417
2;1741132919166;16418
2;1741132919335;16419
2;1741132920122;16420
2;1741132924044;16421
2;1741132929338;16422
2;1741132929539;16423
2;1741132947497;16424
2;1741132949057;16425
2;1741132952228;16426
2;1741132955892;16427
2;1741132963032;16428
2;1741132972722;16429
2;1741132975128;16430
2;1741132983383;16431
2;1741132988679;16432
2;1741132989534;16433
2;1741133000493;16434
2;1741133001040;16435
2;1741133006234;16436
2;1741133008284;16437
2;1741133013176;16438
2;1741133023084;16439
2;1741133024937;16440
2;1741133028361;16441
2;1741133029645;16442
2;1741133030274;16443
2;1741133051440;16444
2;1741133054876;16445
2;1741133057928;16446
2;1741133058520;16447
2;1741133066819;16448
2;1741133074070;16449
2;1741133075701;16450
2;1741133086000;16451
2;1741133092413;16452
2;1741133092892;16453
2;1741133103794;16454
2;1741133118579;16455
2;1741133118649;16456
2;1741133118860;16457
2;1741133120976;16458
2;1741133122442;16459
2;1741133124165;16460
2;1741133134615;16461
2;1741133134810;16462
2;1741133137130;16463
2;1741133139283;16464
2;1741133150921;16465
2;1741133158179;16466
2;1741133164024;16467
2;1741133164110;16468
2;1741133169665;16469
2;1741133175225;16470
2;1741133178719;16471
2;1741133200465;16472
2;1741133201695;16473
2;1741133206115;16474
2;1741133207768;16475
2;1741133216630;16476
2;1741133217135;16477
2;1741133222781;16478
2;1741133223812;16479
2;1741133230871;16480
2;1741133235686;16481
2;1741133238294;16482
2;1741133242749;16483
2;1741133245311;16484
3;1741133245842;11
2;1741133255296;16485
2;1741133256495;16486
2;1741133262715;16487
2;1741133264623;16488
2;1741133272578;16489
2;1741133278224;16490
2;1741133282950;16491
2;1741133291483;16492
2;1741133292071;16493
2;1741133293480;16494
2;1741133296462;16495
2;1741133298764;16496
2;1741133309382;16497
2;1741133315027;16498
2;1741133317639;16499
2;1741133326804;16500
2;1741133329310;16501
2;1741133334995;16502
2;1741133347595;16503
2;1741133350034;16504
2;1741133352236;16505
2;1741133359587;16506
2;1741133368055;16507
2;1741133368219;16508
2;1741133370765;16509
2;1741133376847;16510
2;1741133390465;16511
2;1741133393290;16512
2;1741133402294;16513
2;1741133403780;16514
2;1741133409162;16515
2;1741133415258;16516
2;1741133417322;16517
2;1741133423060;16518
2;1741133424691;16519
2;1741133425543;16520
2;1741133431679;16521
2;1741133440845;16522
2;1741133445940;16523
2;1741133449791;16524
2;1741133451214;16525
2;1741133458784;16526
2;1741133459284;16527
2;1741133460977;16528
2;1741133461772;16529
2;1741133463283;16530
2;1741133484729;16531
2;1741133485026;16532
2;1741133487835;16533
2;1741133487918;16534
2;1741133493123;16535
2;1741133493233;16536
2;1741133505040;16537
2;1741133513538;16538
2;1741133521961;16539
2;1741133523157;16540
2;1741133529366;16541
2;1741133530894;16542
2;1741133533972;16543
2;1741133549507;16544
2;1741133549914;16545
2;1741133565151;16546
2;1741133567037;16547
2;1741133567759;16548
2;1741133572271;16549
2;1741133572542;16550
2;1741133584078;16551
2;1741133596027;16552
2;1741133597107;16553
2;1741133600593;16554
2;1741133608214;16555
2;1741133612626;16556
2;1741133617936;16557
2;1741133619654;16558
2;1741133629393;16559
2;1741133629685;16560
2;1741133631479;16561
2;1741133636168;16562
2;1741133641022;16563
2;1741133652612;16564
2;1741133662356;16565
2;1741133669552;16566
2;1741133670426;16567
2;1741133673198;16568
2;1741133675810;16569
2;1741133676367;16570
2;1741133686461;16571
2;1741133686825;16572
2;1741133689199;16573
2;1741133694445;16574
2;1741133695362;16575
2;1741133700955;16576
2;1741133703024;16577
2;1741133721643;16578
2;1741133731847;16579
2;1741133732117;16580
2;1741133732417;16581
2;1741133739788;16582
2;1741133749636;16583
2;1741133752626;16584
2;1741133755545;16585
2;1741133757622;16586
2;1741133759708;16587
2;1741133769769;16588
2;1741133773512;16589
2;1741133782218;16590
2;1741133783790;16591
2;1741133791806;16592
2;1741133795810;16593
2;1741133801425;16594
2;1741133804751;16595
2;1741133811859;16596
2;1741133822045;16597
2;1741133828854;16598
2;1741133831303;16599
2;1741133836355;16600
2;1741133837634;16601
2;1741133844295;16602
2;1741133844587;16603
2;1741133844629;16604
2;1741133848728;16605
2;1741133850315;16606
2;1741133858736;16607
2;1741133859042;16608
2;1741133863061;16609
2;1741133872674;16610
2;1741133888415;16611
2;1741133895691;16612
2;1741133897191;16613
2;1741133899127;16614
2;1741133910731;16615
2;1741133913016;16616
2;1741133913073;16617
2;1741133916215;16618
2;1741133922396;16619
2;1741133929305;16620
2;1741133931400;16621
2;1741133936164;16622
2;1741133942997;16623
2;1741133950858;16624
2;1741133952579;16625
2;1741133956620;16626
2;1741133965844;16627
2;1741133967346;16628
2;1741133967445;16629
2;1741133982135;16630
2;1741133985712;16631
2;1741133991111;16632
2;1741133994623;16633
2;1741133996682;16634
2;1741134000127;16635
2;1741134003018;16636
2;1741134008737;16637
2;1741134019307;16638
2;1741134020277;16639
2;1741134024407;16640
2;1741134024907;16641
2;1741134032321;16642
2;1741134034531;16643
2;1741134041917;16644
2;1741134056310;16645
2;1741134063436;16646
2;1741134064224;16647
2;1741134068977;16648
2;1741134080605;16649
2;1741134084215;16650
2;1741134089818;16651
2;1741134090703;16652
2;1741134101447;16653
2;1741134103936;16654
2;1741134104986;16655
2;1741134108638;16656
2;1741134113090;16657
2;1741134113102;16658
2;1741134117019;16659
2;1741134120017;16660
2;1741134132156;16661
2;1741134139460;16662
2;1741134142811;16663
2;1741134145978;16664
2;1741134149366;16665
2;1741134155213;16666
2;1741134160733;16667
2;1741134168021;16668
2;1741134183244;16669
2;1741134184965;16670
2;1741134186819;16671
2;1741134191125;16672
2;1741134195495;16673
2;1741134201412;16674
2;1741134211168;16675
2;1741134216186;16676
2;1741134220331;16677
2;1741134224009;16678
2;1741134224645;16679
2;1741134228085;16680
2;1741134229494;16681
2;1741134237112;16682
2;1741134242745;16683
2;1741134248533;16684
2;1741134254198;16685
2;1741134260717;16686
2;1741134260933;16687
2;1741134263676;16688
2;1741134272161;16689
2;1741134276700;16690
2;1741134286797;16691
2;1741134288551;16692
2;1741134303627;16693
2;1741134305651;16694
2;1741134308935;16695
2;1741134310928;16696
2;1741134320981;16697
2;1741134321475;16698
2;1741134321852;16699
2;1741134324614;16700
2;1741134330740;16701
2;1741134333445;16702
2;1741134339283;16703
2;1741134343348;16704
2;1741134346243;16705
2;1741134356878;16706
2;1741134362931;16707
2;1741134368292;16708
2;1741134371123;16709
2;1741134385430;16710
2;1741134394494;16711
2;1741134397030;16712
2;1741134398188;16713
2;1741134399814;16714
2;1741134409353;16715
2;1741134409370;16716
2;1741134413077;16717
2;1741134417644;16718
2;1741134425378;16719
2;1741134429295;16720
2;1741134432196;16721
2;1741134432622;16722
2;1741134445451;16723
2;1741134452427;16724
2;1741134459130;16725
2;1741134469278;16726
2;1741134470474;16727
2;1741134476200;16728
2;1741134476621;16729
2;1741134483354;16730
2;1741134489757;16731
2;1741134490031;16732
2;1741134490363;16733
2;1741134494633;16734
2;1741134504464;16735
2;1741134505987;16736
2;1741134508473;16737
2;1741134511586;16738
2;1741134515390;16739
2;1741134524530;16740
2;1741134529792;16741
2;1741134546236;16742
2;1741134547542;16743
2;1741134549628;16744
2;1741134557423;16745
2;1741134561262;16746
2;1741134562856;16747
2;1741134567800;16748
2;1741134573686;16749
2;1741134573967;16750
2;1741134577422;16751
2;1741134593565;16752
2;1741134599353;16753
2;1741134601579;16754
2;1741134602154;16755
2;1741134608850;16756
2;1741134609537;16757
2;1741134613737;16758
2;1741134617266;16759
2;1741134624017;16760
2;1741134631860;16761
2;1741134634389;16762
2;1741134640761;16763
2;1741134644149;16764
2;1741134655840;16765
2;1741134655893;16766
2;1741134660534;16767
2;1741134663069;16768
2;1741134663888;16769
2;1741134669942;16770
2;1741134678077;16771
2;1741134681026;16772
2;1741134696513;16773
2;1741134701974;16774
2;1741134703145;16775
2;1741134704162;16776
2;1741134717940;16777
2;1741134723130;16778
2;1741134723555;16779
2;1741134733095;16780
2;1741134740819;16781
2;1741134742687;16782
2;1741134742847;16783
2;1741134742897;16784
2;1741134752045;16785
2;1741134757542;16786
2;1741134766754;16787
2;1741134773352;16788
2;1741134773524;16789
2;1741134774955;16790
2;1741134784370;16791
2;1741134788095;16792
2;1741134799525;16793
2;1741134811071;16794
2;1741134812843;16795
2;1741134814092;16796
2;1741134814597;16797
2;1741134821620;16798
2;1741134830899;16799
2;1741134835255;16800
2;1741134843214;16801
2;1741134845328;16802
2;1741134846921;16803
2;1741134854037;16804
2;1741134855822;16805
2;1741134857166;16806
2;1741134860247;16807
2;1741134862775;16808
2;1741134868271;16809
2;1741134870740;16810
2;1741134885110;16811
2;1741134889845;16812
2;1741134892286;16813
2;1741134892990;16814
2;1741134895978;16815
2;1741134914385;16816
2;1741134916985;16817
2;1741134917399;16818
2;1741134918894;16819
2;1741134930920;16820
2;1741134930936;16821
2;1741134932976;16822
2;1741134941461;16823
2;1741134943863;16824
2;1741134956102;16825
2;1741134958134;16826
2;1741134961080;16827
2;1741134975412;16828
2;1741134977200;16829
2;1741134982559;16830
2;1741134990150;16831
2;1741134991137;16832
2;1741134995433;16833
2;1741134999210;16834
2;1741135005008;16835
2;1741135007067;16836
2;1741135010150;16837
2;1741135020960;16838
2;1741135025397;16839
2;1741135032404;16840
2;1741135034401;16841
2;1741135038645;16842
2;1741135043742;16843
2;1741135051226;16844
2;1741135052922;16845
2;1741135059178;16846
2;1741135060853;16847
2;1741135064167;16848
2;1741135067666;16849
2;1741135078637;16850
2;1741135089565;16851
2;1741135091298;16852
2;1741135096269;16853
2;1741135096828;16854
2;1741135100669;16855
2;1741135100841;16856
2;1741135106075;16857
2;1741135112419;16858
2;1741135123560;16859
2;1741135134916;16860
2;1741135136261;16861
2;1741135138065;16862
2;1741135146577;16863
2;1741135150300;16864
2;1741135151094;16865
2;1741135158982;16866
2;1741135159159;16867
2;1741135168791;16868
2;1741135173214;16869
2;1741135178313;16870
2;1741135183591;16871
2;1741135188856;16872
2;1741135190999;16873
2;1741135193401;16874
2;1741135193755;16875
2;1741135214903;16876
2;1741135217643;16877
2;1741135220271;16878
2;1741135226617;16879
2;1741135231571;16880
2;1741135235287;16881
2;1741135238193;16882
2;1741135241058;16883
2;1741135242835;16884
2;1741135251023;16885
2;1741135251431;16886
2;1741135258672;16887
2;1741135261695;16888
2;1741135266493;16889
2;1741135271740;16890
2;1741135277480;16891
2;1741135283680;16892
2;1741135291841;16893
2;1741135301235;16894
2;1741135303533;16895
2;1741135305256;16896
2;1741135314530;16897
2;1741135314831;16898
2;1741135325892;16899
2;1741135325959;16900
2;1741135329891;16901
2;1741135336318;16902
2;1741135345486;16903
2;1741135350206;16904
2;1741135352165;16905
2;1741135352867;16906
2;1741135363343;16907
2;1741135373459;16908
2;1741135374215;16909
2;1741135374508;16910
2;1741135383981;16911
2;1741135393742;16912
2;1741135394047;16913
2;1741135395582;16914
2;1741135405844;16915
2;1741135409810;16916
2;1741135413201;16917
2;1741135417613;16918
2;1741135430279;16919
2;1741135434256;16920
2;1741135441690;16921
2;1741135445161;16922
2;1741135448007;16923
2;1741135448649;16924
2;1741135455620;16925
2;1741135455841;16926
2;1741135460505;16927
2;1741135463582;16928
2;1741135466949;16929
2;1741135468080;16930
2;1741135474911;16931
2;1741135480142;16932
2;1741135491203;16933
2;1741135500619;16934
2;1741135506330;16935
2;1741135515103;16936
2;1741135523378;16937
2;1741135525836;16938
2;1741135529326;16939
2;1741135534030;16940
2;1741135542170;16941
2;1741135544358;16942
2;1741135547069;16943
2;1741135548517;16944
2;1741135550318;16945
2;1741135553520;16946
2;1741135558207;16947
2;1741135565309;16948
2;1741135567192;16949
2;1741135578994;16950
2;1741135591327;16951
2;1741135591422;16952
2;1741135592458;16953
2;1741135595443;16954
2;1741135599841;16955
2;1741135605226;16956
2;1741135606763;16957
2;1741135614041;16958
2;1741135625616;16959
2;1741135627138;16960
2;1741135637232;16961
2;1741135640079;16962
2;1741135641776;16963
2;1741135648025;16964
2;1741135648716;16965
2;1741135662830;16966
2;1741135669676;16967
2;1741135672635;16968
2;1741135681694;16969
2;1741135683994;16970
2;1741135684131;16971
2;1741135694078;16972
2;1741135698470;16973
2;1741135698485;16974
2;1741135701536;16975
2;1741135704490;16976
2;1741135704534;16977
2;1741135705562;16978
2;1741135715274;16979
2;1741135720088;16980
2;1741135736878;16981
2;1741135739150;16982
2;1741135743194;16983
2;1741135746297;16984
2;1741135749354;16985
2;1741135749481;16986
2;1741135764968;16987
2;1741135775962;16988
2;1741135778534;16989
2;1741135781435;16990
2;1741135789008;16991
2;1741135797589;16992
2;1741135798843;16993
2;1741135802946;16994
2;1741135804764;16995
2;1741135810803;16996
2;1741135818389;16997
2;1741135820857;16998
2;1741135831539;16999
2;1741135833725;17000
2;1741135835500;17001
2;1741135839978;17002
2;1741135840620;17003
2;1741135847856;17004
2;1741135849992;17005
2;1741135859757;17006
2;1741135866064;17007
2;1741135874730;17008
2;1741135876580;17009
2;1741135877825;17010
2;1741135882050;17011
2;1741135882116;17012
2;1741135896015;17013
2;1741135896350;17014
2;1741135897358;17015
2;1741135903252;17016
2;1741135908594;17017
2;1741135909066;17018
2;1741135930058;17019
2;1741135932192;17020
2;1741135935566;17021
2;1741135939872;17022
2;1741135940611;17023
2;1741135947365;17024
2;1741135960637;17025
2;1741135961173;17026
2;1741135964163;17027
2;1741135964928;17028
2;1741135969224;17029
2;1741135973400;17030
2;1741135976278;17031
2;1741135981800;17032
2;1741135987611;17033
2;1741135994720;17034
2;1741136002528;17035
2;1741136009911;17036
2;1741136017488;17037
2;1741136025733;17038
2;1741136025872;17039
2;1741136029224;17040
2;1741136030445;17041
2;1741136034481;17042
2;1741136036709;17043
2;1741136040159;17044
2;1741136050846;17045
2;1741136054375;17046
2;1741136059561;17047
2;1741136070021;17048
2;1741136071585;17049
2;1741136078325;17050
2;1741136083427;17051
2;1741136088538;17052
2;1741136089198;17053
2;1741136094573;17054
2;1741136100925;17055
2;1741136102020;17056
2;1741136102294;17057
2;1741136120346;17058
2;1741136121072;17059
2;1741136121745;17060
2;1741136124943;17061
2;1741136125079;17062
2;1741136143268;17063
2;1741136144615;17064
2;1741136147086;17065
2;1741136156142;17066
2;1741136161212;17067
2;1741136171174;17068
2;1741136176249;17069
2;1741136182540;17070
2;1741136185784;17071
2;1741136186592;17072
2;1741136186701;17073
2;1741136187900;17074
2;1741136208755;17075
2;1741136212334;17076
2;1741136213347;17077
2;1741136219044;17078
2;1741136222662;17079
2;1741136224278;17080
2;1741136235301;17081
2;1741136235946;17082
2;1741136245492;17083
2;1741136248919;17084
2;1741136253255;17085
2;1741136261297;17086
2;1741136263586;17087
2;1741136266679;17088
2;1741136269463;17089
2;1741136280823;17090
2;1741136284190;17091
2;1741136290009;17092
2;1741136296605;17093
2;1741136301080;17094
2;1741136303812;17095
2;1741136309716;17096
2;1741136313945;17097
2;1741136321151;17098
2;1741136323723;17099
2;1741136332560;17100
2;1741136333849;17101
2;1741136337728;17102
2;1741136344230;17103
2;1741136345421;17104
2;1741136358651;17105
2;1741136359238;17106
2;1741136363861;17107
2;1741136375309;17108
2;1741136378737;17109
2;1741136381368;17110
2;1741136385575;17111
2;1741136386465;17112
2;1741136388412;17113
2;1741136396948;17114
2;1741136411524;17115
2;1741136412566;17116
2;1741136416212;17117
2;1741136427958;17118
2;1741136428267;17119
2;1741136430039;17120
2;1741136433408;17121
2;1741136436744;17122
2;1741136445093;17123
2;1741136453200;17124
2;1741136453480;17125
2;1741136455965;17126
2;1741136461956;17127
2;1741136463595;17128
2;1741136469064;17129
2;1741136470376;17130
2;1741136471642;17131
2;1741136487591;17132
2;1741136494059;17133
2;1741136494344;17134
2;1741136498683;17135
2;1741136512650;17136
2;1741136520029;17137
2;1741136523002;17138
2;1741136525265;17139
2;1741136528808;17140
2;1741136529060;17141
2;1741136535501;17142
2;1741136536682;17143
2;1741136544317;17144
2;1741136545183;17145
2;1741136557738;17146
2;1741136558247;17147
2;1741136572805;17148
2;1741136575053;17149
2;1741136583316;17150
2;1741136590862;17151
2;1741136592160;17152
2;1741136593551;17153
2;1741136595682;17154
2;1741136605018;17155
2;1741136608792;17156
2;1741136616071;17157
2;1741136617992;17158
2;1741136620110;17159
2;1741136627845;17160
2;1741136640673;17161
2;1741136642653;17162
2;1741136649938;17163
2;1741136652351;17164
2;1741136661612;17165
2;1741136663743;17166
2;1741136664606;17167
2;1741136667910;17168
2;1741136674778;17169
2;1741136683400;17170
2;1741136685098;17171
2;1741136689432;17172
2;1741136699694;17173
2;1741136701075;17174
2;1741136702937;17175
2;1741136709278;17176
2;1741136712260;17177
2;1741136718009;17178
2;1741136718021;17179
2;1741136719533;17180
2;1741136724509;17181
2;1741136736118;17182
2;1741136736855;17183
2;1741136743313;17184
2;1741136746701;17185
2;1741136747423;17186
2;1741136755749;17187
2;1741136760687;17188
2;1741136770247;17189
2;1741136788171;17190
2;1741136790346;17191
2;1741136791576;17192
2;1741136791757;17193
2;1741136793330;17194
2;1741136796435;17195
2;1741136812378;17196
2;1741136818796;17197
2;1741136822072;17198
2;1741136822209;17199
2;1741136827440;17200
2;1741136827519;17201
2;1741136829976;17202
2;1741136833807;17203
2;1741136836585;17204
2;1741136845167;17205
2;1741136866642;17206
2;1741136868055;17207
2;1741136869100;17208
2;1741136874818;17209
2;1741136876342;17210
2;1741136876847;17211
2;1741136881722;17212
2;1741136891257;17213
2;1741136897413;17214
2;1741136899384;17215
2;1741136905934;17216
2;1741136907157;17217
2;1741136910769;17218
2;1741136919973;17219
2;1741136927302;17220
2;1741136931535;17221
2;1741136935557;17222
2;1741136936121;17223
2;1741136938301;17224
2;1741136948448;17225
2;1741136963834;17226
2;1741136964853;17227
2;1741136966205;17228
2;1741136973632;17229
2;1741136973986;17230
2;1741136987560;17231
2;1741136989717;17232
2;1741136991817;17233
2;1741136992355;17234
2;1741137004749;17235
2;1741137006059;17236
2;1741137007774;17237
2;1741137012879;17238
2;1741137024542;17239
2;1741137026496;17240
2;1741137041170;17241
2;1741137042051;17242
2;1741137042749;17243
2;1741137050969;17244
2;1741137057861;17245
2;1741137061912;17246
2;1741137065554;17247
2;1741137075345;17248
2;1741137075801;17249
2;1741137078135;17250
2;1741137081558;17251
2;1741137086465;17252
2;1741137089760;17253
2;1741137098738;17254
2;1741137100955;17255
2;1741137112125;17256
2;1741137112754;17257
2;1741137115207;17258
2;1741137125142;17259
2;1741137129038;17260
2;1741137136496;17261
2;1741137149292;17262
2;1741137151762;17263
2;1741137151849;17264
2;1741137155954;17265
2;1741137156797;17266
2;1741137158546;17267
2;1741137162975;17268
2;1741137163653;17269
2;1741137166430;17270
2;1741137177980;17271
2;1741137184977;17272
2;1741137192094;17273
2;1741137193920;17274
2;1741137198870;17275
2;1741137209105;17276
2;1741137210123;17277
2;1741137212373;17278
2;1741137212568;17279
2;1741137225398;17280
2;1741137225501;17281
2;1741137233920;17282
2;1741137239478;17283
2;1741137240123;17284
2;1741137246372;17285
2;1741137254211;17286
2;1741137265942;17287
2;1741137270482;17288
2;1741137274212;17289
2;1741137276404;17290
2;1741137276483;17291
2;1741137284903;17292
2;1741137294390;17293
2;1741137299976;17294
2;1741137303712;17295
2;1741137311009;17296
2;1741137311058;17297
2;1741137313257;17298
2;1741137317218;17299
2;1741137324781;17300
2;1741137336332;17301
2;1741137337609;17302
2;1741137340607;17303
2;1741137351701;17304
2;1741137358134;17305
2;1741137359119;17306
2;1741137360093;17307
2;1741137370553;17308
2;1741137371155;17309
2;1741137372391;17310
2;1741137378821;17311
2;1741137384189;17312
2;1741137397352;17313
2;1741137399375;17314
2;1741137403976;17315
2;1741137408493;17316
2;1741137417693;17317
2;1741137421123;17318
2;1741137421301;17319
2;1741137434034;17320
2;1741137438945;17321
2;1741137440269;17322
2;1741137443387;17323
2;1741137446102;17324
2;1741137448300;17325
2;1741137457421;17326
2;1741137464110;17327
2;1741137468152;17328
2;1741137469748;17329
2;1741137483967;17330
2;1741137484973;17331
2;1741137485845;17332
2;1741137498346;17333
3;1741137500850;12
3;1741137505849;13
2;1741137507254;17334
2;1741137508171;17335
3;1741137510850;14
