200;1741050755869
200;1741050756178
200;1741050756191
200;1741050760942
200;1741050760950
200;1741050760989
200;1741050765927
200;1741050765933
200;1741050766016
200;1741050770910
200;1741050770919
200;1741050770954
200;1741050775890
200;1741050775898
200;1741050775955
200;1741050780901
200;1741050780909
200;1741050780994
200;1741050785867
200;1741050785901
200;1741050786025
200;1741050790905
200;1741050790964
200;1741050791010
200;1741050795873
200;1741050795957
200;1741050795965
200;1741050800974
200;1741050800982
200;1741050800991
200;1741050805909
200;1741050805916
200;1741050805995
200;1741050810866
200;1741050810908
200;1741050810968
200;1741050815910
200;1741050815920
200;1741050815978
200;1741050820876
200;1741050820951
200;1741050820959
200;1741050825943
200;1741050825954
200;1741050825980
200;1741050830910
200;1741050830919
200;1741050830928
200;1741050835851
200;1741050835946
200;1741050836013
200;1741050840877
200;1741050840953
200;1741050840963
200;1741050845957
200;1741050845965
200;1741050848408
200;1741050850965
200;1741050850972
200;1741050850980
200;1741050855902
200;1741050855910
200;1741050857997
200;1741050860870
200;1741050860918
200;1741050860982
200;1741050865868
200;1741050865959
200;1741050865969
200;1741050870870
200;1741050870878
200;1741050870965
200;1741050875865
200;1741050875909
200;1741050875916
200;1741050880867
200;1741050880914
200;1741050880923
200;1741050885876
200;1741050885902
200;1741050885907
200;1741050890908
200;1741050890916
200;1741050890924
200;1741050895872
200;1741050895922
200;1741050895987
200;1741050900913
200;1741050900920
200;1741050900967
200;1741050905873
200;1741050905883
200;1741050906013
200;1741050910921
200;1741050910927
200;1741050910949
200;1741050915938
200;1741050915945
200;1741050916128
200;1741050920909
200;1741050920916
200;1741050920970
200;1741050925881
200;1741050925890
200;1741050926047
200;1741050930868
200;1741050930962
200;1741050930970
200;1741050935867
200;1741050935929
200;1741050935936
200;1741050940961
200;1741050940970
200;1741050941009
200;1741050945874
200;1741050945934
200;1741050948225
200;1741050950871
200;1741050953487
200;1741050955937
200;1741050955945
200;1741050956021
200;1741050960922
200;1741050960928
200;1741050961013
200;1741050965925
200;1741050965930
200;1741050966014
200;1741050970884
200;1741050970958
200;1741050971036
200;1741050975923
200;1741050975930
200;1741050975959
200;1741050980872
200;1741050980879
200;1741050981028
200;1741050985937
200;1741050985945
200;1741050985951
200;1741050990873
200;1741050990881
200;1741050991093
200;1741050995905
200;1741050995930
200;1741050995963
200;1741051000888
200;1741051000896
200;1741051000972
200;1741051005909
200;1741051005916
200;1741051005922
200;1741051010893
200;1741051010901
200;1741051011119
200;1741051015946
200;1741051015953
200;1741051016030
200;1741051020983
200;1741051021047
200;1741051021113
200;1741051025898
200;1741051025941
200;1741051027907
200;1741051030928
200;1741051030935
200;1741051033468
200;1741051035868
200;1741051035911
200;1741051035918
200;1741051040885
200;1741051040945
200;1741051043212
200;1741051045888
200;1741051048541
200;1741051048712
200;1741051050865
200;1741051050909
200;1741051050918
200;1741051055951
200;1741051055999
200;1741051058843
200;1741051060871
200;1741051060881
200;1741051060919
200;1741051065871
200;1741051065908
200;1741051066143
200;1741051070909
200;1741051070917
200;1741051070979
200;1741051075968
200;1741051075977
200;1741051076053
200;1741051080873
200;1741051080880
200;1741051080966
200;1741051085935
200;1741051085945
200;1741051085974
200;1741051090876
200;1741051090885
200;1741051090955
200;1741051095893
200;1741051095901
200;1741051096084
200;1741051100969
200;1741051100978
200;1741051100993
200;1741051105866
200;1741051105919
200;1741051105928
200;1741051110875
200;1741051110886
200;1741051110990
200;1741051115872
200;1741051115944
200;1741051115952
200;1741051120921
200;1741051120929
200;1741051120950
200;1741051125901
200;1741051125909
200;1741051126053
200;1741051130866
200;1741051130913
200;1741051130920
200;1741051135919
200;1741051135927
200;1741051135984
200;1741051140866
200;1741051140957
200;1741051140965
200;1741051145852
200;1741051145891
200;1741051145961
200;1741051151161
200;1741051151215
200;1741051151257
200;1741051155867
200;1741051155910
200;1741051155920
200;1741051160880
200;1741051160887
200;1741051160963
200;1741051165872
200;1741051165945
200;1741051165956
200;1741051170863
200;1741051170925
200;1741051171023
200;1741051175873
200;1741051175958
200;1741051175967
200;1741051180909
200;1741051180939
200;1741051180948
200;1741051185885
200;1741051185893
200;1741051185969
200;1741051190911
200;1741051190918
200;1741051190979
200;1741051195871
200;1741051195919
200;1741051196022
200;1741051200867
200;1741051200903
200;1741051200909
200;1741051205877
200;1741051205955
200;1741051206103
200;1741051210869
200;1741051210907
200;1741051210913
200;1741051215978
200;1741051216058
200;1741051216126
200;1741051220867
200;1741051220954
200;1741051220961
200;1741051225873
200;1741051225961
200;1741051225973
200;1741051230885
200;1741051230893
200;1741051231042
200;1741051235913
200;1741051235921
200;1741051236045
200;1741051240930
200;1741051240946
200;1741051241040
200;1741051245909
200;1741051245918
200;1741051246061
200;1741051250917
200;1741051250925
200;1741051250934
200;1741051255911
200;1741051255925
200;1741051255931
200;1741051260869
200;1741051260957
200;1741051260966
200;1741051265957
200;1741051265966
200;1741051265973
200;1741051270941
200;1741051270948
200;1741051271013
200;1741051275891
200;1741051275929
200;1741051276100
200;1741051280955
200;1741051280964
200;1741051281165
200;1741051285998
200;1741051286008
200;1741051286160
200;1741051290898
200;1741051290906
200;1741051291036
200;1741051295864
200;1741051295938
200;1741051295948
200;1741051300891
200;1741051300899
200;1741051301033
200;1741051305937
200;1741051305946
200;1741051306014
200;1741051310917
200;1741051310924
200;1741051310930
200;1741051315893
200;1741051315900
200;1741051316039
200;1741051320925
200;1741051320932
200;1741051320938
200;1741051325865
200;1741051325908
200;1741051325917
200;1741051330873
200;1741051330925
200;1741051330934
200;1741051335899
200;1741051335978
200;1741051335986
200;1741051340975
200;1741051340984
200;1741051341083
200;1741051345901
200;1741051345910
200;1741051345919
200;1741051350969
200;1741051350978
200;1741051350985
200;1741051355928
200;1741051355933
200;1741051355951
200;1741051360965
200;1741051360974
200;1741051361079
200;1741051365957
200;1741051365966
200;1741051366115
200;1741051370873
200;1741051370935
200;1741051370943
200;1741051375880
200;1741051375889
200;1741051375925
200;1741051380859
200;1741051380896
200;1741051381011
200;1741051385908
200;1741051385917
200;1741051385925
200;1741051390888
200;1741051390898
200;1741051390979
200;1741051395897
200;1741051395907
200;1741051396045
200;1741051400868
200;1741051400876
200;1741051400930
200;1741051405908
200;1741051405921
200;1741051405930
200;1741051410909
200;1741051410917
200;1741051410955
200;1741051415871
200;1741051415994
200;1741051416003
200;1741051420908
200;1741051420915
200;1741051421098
200;1741051425965
200;1741051426001
200;1741051426044
200;1741051430894
200;1741051430926
200;1741051430969
200;1741051435895
200;1741051435903
200;1741051435940
200;1741051441023
200;1741051441075
200;1741051441129
200;1741051445868
200;1741051445958
200;1741051445965
200;1741051450868
200;1741051450973
200;1741051450980
200;1741051455936
200;1741051455944
200;1741051455996
200;1741051460973
200;1741051460982
200;1741051461041
200;1741051465868
200;1741051465958
200;1741051465965
200;1741051470873
200;1741051470880
200;1741051470950
200;1741051475908
200;1741051475916
200;1741051475923
200;1741051480875
200;1741051480970
200;1741051480978
200;1741051485912
200;1741051485919
200;1741051486051
200;1741051490872
200;1741051490923
200;1741051490930
200;1741051495892
200;1741051495901
200;1741051495977
200;1741051500925
200;1741051500934
200;1741051500985
200;1741051505888
200;1741051505912
200;1741051505919
200;1741051510879
200;1741051510957
200;1741051511050
200;1741051515866
200;1741051515974
200;1741051515981
200;1741051520937
200;1741051520944
200;1741051521090
200;1741051525969
200;1741051525978
200;1741051525988
200;1741051530867
200;1741051533574
200;1741051533677
200;1741051536010
200;1741051536018
200;1741051536212
200;1741051540893
200;1741051540901
200;1741051543569
200;1741051545873
200;1741051545927
200;1741051546083
200;1741051550888
200;1741051550896
200;1741051550965
200;1741051555893
200;1741051555949
200;1741051558493
200;1741051560866
200;1741051560961
200;1741051560969
200;1741051565871
200;1741051565918
200;1741051565926
200;1741051570874
200;1741051570923
200;1741051570931
200;1741051575925
200;1741051575934
200;1741051575943
200;1741051580927
200;1741051581057
200;1741051583606
200;1741051585905
200;1741051585949
200;1741051585961
200;1741051590873
200;1741051590917
200;1741051590926
200;1741051595908
200;1741051595915
200;1741051595922
200;1741051600883
200;1741051600892
200;1741051600997
200;1741051605877
200;1741051606020
200;1741051606030
200;1741051610857
200;1741051610906
200;1741051610956
200;1741051616013
200;1741051616064
200;1741051616110
200;1741051620867
200;1741051620908
200;1741051620915
200;1741051625901
200;1741051625966
200;1741051626076
200;1741051630872
200;1741051630962
200;1741051630970
200;1741051635866
200;1741051635939
200;1741051635946
200;1741051640907
200;1741051640925
200;1741051643665
200;1741051645933
200;1741051645941
200;1741051648711
200;1741051650909
200;1741051650917
200;1741051650924
200;1741051655913
200;1741051655960
200;1741051655964
200;1741051660867
200;1741051660969
200;1741051660977
200;1741051665871
200;1741051665962
200;1741051666010
200;1741051670892
200;1741051670899
200;1741051670964
200;1741051675909
200;1741051675915
200;1741051675951
200;1741051680891
200;1741051680898
200;1741051680974
200;1741051685916
200;1741051685922
200;1741051685985
200;1741051690914
200;1741051690947
200;1741051691072
200;1741051695912
200;1741051695921
200;1741051696207
200;1741051700912
200;1741051700925
200;1741051700930
200;1741051705867
200;1741051705924
200;1741051705931
200;1741051710870
200;1741051710877
200;1741051710999
200;1741051715928
200;1741051715935
200;1741051715970
200;1741051720899
200;1741051720955
200;1741051720962
200;1741051725886
200;1741051725924
200;1741051725930
200;1741051730883
200;1741051730892
200;1741051731002
200;1741051735906
200;1741051735964
200;1741051735969
200;1741051740880
200;1741051740887
200;1741051740932
200;1741051745938
200;1741051745945
200;1741051746070
200;1741051750926
200;1741051750935
200;1741051751086
200;1741051755872
200;1741051755881
200;1741051755971
200;1741051760873
200;1741051760882
200;1741051760942
200;1741051765908
200;1741051765948
200;1741051765957
200;1741051770913
200;1741051770920
200;1741051770929
200;1741051775912
200;1741051775918
200;1741051775956
200;1741051780957
200;1741051780962
200;1741051781091
200;1741051785933
200;1741051785938
200;1741051785986
200;1741051790920
200;1741051790927
200;1741051790966
200;1741051795930
200;1741051795935
200;1741051796014
200;1741051800889
200;1741051800898
200;1741051801002
200;1741051805868
200;1741051805915
200;1741051805953
200;1741051810905
200;1741051810912
200;1741051811087
200;1741051815919
200;1741051816089
200;1741051818566
200;1741051820867
200;1741051820964
200;1741051820985
200;1741051825973
200;1741051825979
200;1741051826253
200;1741051830879
200;1741051830969
200;1741051830977
200;1741051835905
200;1741051835913
200;1741051836022
200;1741051840865
200;1741051840909
200;1741051840917
200;1741051845924
200;1741051845932
200;1741051848536
200;1741051850867
200;1741051850909
200;1741051850917
200;1741051855887
200;1741051855973
200;1741051855983
200;1741051860869
200;1741051860877
200;1741051860911
200;1741051865867
200;1741051865909
200;1741051865917
200;1741051870969
200;1741051870975
200;1741051871051
200;1741051875893
200;1741051875901
200;1741051876062
200;1741051880871
200;1741051880912
200;1741051880917
200;1741051885925
200;1741051886045
200;1741051886106
200;1741051890893
200;1741051890902
200;1741051890941
200;1741051895939
200;1741051895955
200;1741051896013
200;1741051900867
200;1741051900909
200;1741051900916
200;1741051905894
200;1741051905902
200;1741051905977
200;1741051910940
200;1741051910949
200;1741051910963
200;1741051915881
200;1741051915946
200;1741051915954
200;1741051920883
200;1741051920893
200;1741051921025
200;1741051925878
200;1741051925920
200;1741051925926
200;1741051930929
200;1741051930937
200;1741051930960
200;1741051935880
200;1741051935969
200;1741051935977
200;1741051940919
200;1741051940926
200;1741051940932
200;1741051945901
200;1741051946038
200;1741051946133
200;1741051950865
200;1741051950957
200;1741051950965
200;1741051955915
200;1741051955923
200;1741051955930
200;1741051960871
200;1741051960959
200;1741051961009
200;1741051965934
200;1741051965942
200;1741051965974
200;1741051970867
200;1741051970909
200;1741051970918
200;1741051975895
200;1741051978557
200;1741051978771
200;1741051980923
200;1741051983287
200;1741051983638
200;1741051985888
200;1741051985897
200;1741051985967
200;1741051990941
200;1741051990949
200;1741051990956
200;1741051995945
200;1741051995953
200;1741051996031
200;1741052000874
200;1741052000886
200;1741052000953
200;1741052005867
200;1741052005967
200;1741052005975
200;1741052010908
200;1741052010916
200;1741052010922
200;1741052015888
200;1741052015897
200;1741052015929
200;1741052020866
200;1741052020952
200;1741052020960
200;1741052025877
200;1741052025885
200;1741052025955
200;1741052030875
200;1741052030957
200;1741052030964
200;1741052035898
200;1741052036017
200;1741052038473
200;1741052040921
200;1741052040927
200;1741052041103
200;1741052045955
200;1741052045963
200;1741052046113
200;1741052050913
200;1741052050920
200;1741052050956
200;1741052055866
200;1741052055908
200;1741052055916
200;1741052060894
200;1741052060902
200;1741052060994
200;1741052065939
200;1741052065947
200;1741052065978
200;1741052070867
200;1741052070960
200;1741052070966
200;1741052075953
200;1741052075962
200;1741052078458
200;1741052080868
200;1741052080908
200;1741052080915
200;1741052085878
200;1741052085886
200;1741052086024
200;1741052090901
200;1741052090910
200;1741052091034
200;1741052095917
200;1741052095957
200;1741052095986
200;1741052100868
200;1741052100924
200;1741052100933
200;1741052105974
200;1741052105984
200;1741052105996
200;1741052110866
200;1741052110957
200;1741052110964
200;1741052115912
200;1741052115920
200;1741052115953
200;1741052120876
200;1741052120966
200;1741052120975
200;1741052125974
200;1741052125982
200;1741052126095
200;1741052130905
200;1741052130989
200;1741052131074
200;1741052135894
200;1741052135969
200;1741052135979
200;1741052140919
200;1741052140963
200;1741052143172
200;1741052145908
200;1741052145916
200;1741052145946
200;1741052150909
200;1741052150918
200;1741052150947
200;1741052155897
200;1741052155960
200;1741052156176
200;1741052160918
200;1741052160965
200;1741052160971
200;1741052165909
200;1741052165918
200;1741052165981
200;1741052170939
200;1741052170946
200;1741052170977
200;1741052175904
200;1741052175914
200;1741052176166
200;1741052180859
200;1741052180894
200;1741052183719
200;1741052185891
200;1741052185899
200;1741052186062
200;1741052190869
200;1741052190953
200;1741052190960
200;1741052195961
200;1741052195969
200;1741052196006
200;1741052200960
200;1741052200967
200;1741052201012
200;1741052205929
200;1741052205938
200;1741052205946
200;1741052210887
200;1741052210896
200;1741052210943
200;1741052215887
200;1741052215896
200;1741052216053
200;1741052220871
200;1741052220944
200;1741052220959
200;1741052225902
200;1741052225909
200;1741052226024
200;1741052230855
200;1741052230881
200;1741052230942
200;1741052235852
200;1741052235889
200;1741052235985
200;1741052240934
200;1741052240959
200;1741052241107
200;1741052245890
200;1741052246068
200;1741052246122
200;1741052250908
200;1741052250936
200;1741052250943
200;1741052255874
200;1741052255966
200;1741052255972
200;1741052260904
200;1741052260913
200;1741052260984
200;1741052265896
200;1741052265904
200;1741052265931
200;1741052270941
200;1741052270949
200;1741052273840
200;1741052275868
200;1741052275985
200;1741052275997
200;1741052280910
200;1741052280918
200;1741052280926
200;1741052285918
200;1741052285927
200;1741052285934
200;1741052290869
200;1741052290941
200;1741052290949
200;1741052295913
200;1741052295922
200;1741052295949
200;1741052300917
200;1741052300926
200;1741052301025
200;1741052305917
200;1741052305925
200;1741052305932
200;1741052310868
200;1741052310949
200;1741052310958
200;1741052315933
200;1741052315940
200;1741052315955
200;1741052320917
200;1741052320928
200;1741052320937
200;1741052325868
200;1741052325915
200;1741052325923
200;1741052330868
200;1741052330905
200;1741052330940
200;1741052335877
200;1741052335903
200;1741052336014
200;1741052340890
200;1741052340899
200;1741052340973
200;1741052345937
200;1741052345945
200;1741052346073
200;1741052350866
200;1741052350908
200;1741052350915
200;1741052355926
200;1741052355933
200;1741052355981
200;1741052360877
200;1741052360921
200;1741052360929
200;1741052365878
200;1741052365889
200;1741052365922
200;1741052370875
200;1741052370952
200;1741052370960
200;1741052375887
200;1741052375978
200;1741052376055
200;1741052380868
200;1741052380921
200;1741052380929
200;1741052385906
200;1741052385913
200;1741052385973
200;1741052390876
200;1741052390952
200;1741052390963
200;1741052395870
200;1741052395925
200;1741052395933
200;1741052400909
200;1741052400917
200;1741052400924
200;1741052405879
200;1741052405888
200;1741052406085
200;1741052410890
200;1741052410899
200;1741052411055
200;1741052415866
200;1741052415985
200;1741052415992
200;1741052420896
200;1741052420906
200;1741052421057
200;1741052425910
200;1741052425918
200;1741052426137
200;1741052430866
200;1741052430909
200;1741052430917
200;1741052435946
200;1741052435952
200;1741052435971
200;1741052440854
200;1741052440960
200;1741052441057
200;1741052445965
200;1741052445973
200;1741052446021
200;1741052450866
200;1741052450939
200;1741052450948
200;1741052455866
200;1741052455943
200;1741052455951
200;1741052460909
200;1741052460918
200;1741052460926
200;1741052465857
200;1741052465953
200;1741052466019
200;1741052470881
200;1741052470908
200;1741052470943
200;1741052476005
200;1741052476014
200;1741052476022
200;1741052480981
200;1741052481071
200;1741052481141
200;1741052485912
200;1741052485984
200;1741052487941
200;1741052490866
200;1741052490959
200;1741052490967
200;1741052495867
200;1741052495973
200;1741052495982
200;1741052500875
200;1741052500883
200;1741052500903
200;1741052505979
200;1741052505986
200;1741052506024
200;1741052510903
200;1741052510913
200;1741052511077
200;1741052515909
200;1741052515919
200;1741052515942
200;1741052520929
200;1741052520965
200;1741052521043
200;1741052526453
200;1741052529194
200;1741052529237
200;1741052530865
200;1741052530963
200;1741052530974
200;1741052535909
200;1741052535959
200;1741052535967
200;1741052540907
200;1741052540948
200;1741052540954
200;1741052545894
200;1741052545901
200;1741052546006
200;1741052550907
200;1741052550957
200;1741052553841
200;1741052555881
200;1741052555938
200;1741052555946
200;1741052560919
200;1741052560927
200;1741052560934
200;1741052565910
200;1741052565919
200;1741052565929
200;1741052570914
200;1741052570920
200;1741052570954
200;1741052575867
200;1741052575909
200;1741052575915
200;1741052580868
200;1741052580877
200;1741052580944
200;1741052585917
200;1741052585923
200;1741052585974
200;1741052590878
200;1741052590935
200;1741052593686
200;1741052595881
200;1741052595908
200;1741052595917
200;1741052600878
200;1741052600921
200;1741052600930
200;1741052605969
200;1741052605978
200;1741052605993
200;1741052610909
200;1741052610935
200;1741052610941
200;1741052615868
200;1741052615909
200;1741052615917
200;1741052620859
200;1741052620949
200;1741052620975
200;1741052625899
200;1741052625970
200;1741052626075
200;1741052630869
200;1741052630878
200;1741052630915
200;1741052635891
200;1741052635899
200;1741052635976
200;1741052640876
200;1741052640965
200;1741052640973
200;1741052645904
200;1741052645910
200;1741052646050
200;1741052650999
200;1741052653191
200;1741052653261
200;1741052655968
200;1741052656009
200;1741052660867
200;1741052660915
200;1741052660923
200;1741052665983
200;1741052666005
200;1741052666068
200;1741052670997
200;1741052671009
200;1741052673747
200;1741052675903
200;1741052675910
200;1741052675984
200;1741052680907
200;1741052680957
200;1741052681017
200;1741052685908
200;1741052685915
200;1741052685922
200;1741052690875
200;1741052690965
200;1741052690977
200;1741052695878
200;1741052695978
200;1741052695987
200;1741052700894
200;1741052700902
200;1741052700944
200;1741052705874
200;1741052705882
200;1741052705933
200;1741052710955
200;1741052710964
200;1741052710971
200;1741052715894
200;1741052715903
200;1741052715993
200;1741052720895
200;1741052720903
200;1741052723259
200;1741052725867
200;1741052725923
200;1741052725931
200;1741052730913
200;1741052730923
200;1741052731103
200;1741052735929
200;1741052735935
200;1741052736092
200;1741052740868
200;1741052740909
200;1741052740918
200;1741052745873
200;1741052745883
200;1741052746059
200;1741052750876
200;1741052750886
200;1741052750962
200;1741052755960
200;1741052755968
200;1741052758182
200;1741052760936
200;1741052760943
200;1741052760950
200;1741052765945
200;1741052765953
200;1741052766023
200;1741052770926
200;1741052770933
200;1741052770995
200;1741052775898
200;1741052775934
200;1741052780866
200;1741052780948
200;1741052783517
200;1741052785912
200;1741052785920
200;1741052785925
200;1741052790893
200;1741052790936
200;1741052790944
200;1741052795885
200;1741052795891
200;1741052797932
200;1741052800908
200;1741052800917
200;1741052800938
200;1741052805916
200;1741052805946
200;1741052805989
200;1741052810945
200;1741052810953
200;1741052811063
200;1741052815867
200;1741052815908
200;1741052815914
200;1741052820926
200;1741052820934
200;1741052820974
200;1741052825853
200;1741052825917
200;1741052825943
200;1741052830973
200;1741052830979
200;1741052830986
200;1741052835898
200;1741052835906
200;1741052836043
200;1741052840909
200;1741052840916
200;1741052840923
200;1741052845867
200;1741052845910
200;1741052845917
200;1741052850992
200;1741052851029
200;1741052851117
200;1741052855852
200;1741052855928
200;1741052857959
200;1741052860909
200;1741052860918
200;1741052860954
200;1741052865876
200;1741052865969
200;1741052865978
200;1741052870992
200;1741052871139
200;1741052873335
200;1741052875866
200;1741052875913
200;1741052875920
200;1741052880872
200;1741052880902
200;1741052880940
200;1741052885930
200;1741052885938
200;1741052885974
200;1741052890911
200;1741052890983
200;1741052891050
200;1741052895916
200;1741052895927
200;1741052895965
200;1741052900910
200;1741052900918
200;1741052900957
200;1741052905868
200;1741052905909
200;1741052905917
200;1741052910908
200;1741052910915
200;1741052910946
200;1741052915909
200;1741052915918
200;1741052915965
200;1741052920885
200;1741052920893
200;1741052920910
200;1741052925945
200;1741052925952
200;1741052928612
200;1741052930957
200;1741052930963
200;1741052931002
200;1741052935865
200;1741052935919
200;1741052936037
200;1741052940873
200;1741052940916
200;1741052940924
200;1741052945969
200;1741052945977
200;1741052946060
200;1741052950866
200;1741052950908
200;1741052950916
200;1741052955924
200;1741052955933
200;1741052955953
200;1741052960943
200;1741052960950
200;1741052963648
200;1741052965875
200;1741052965932
200;1741052965941
200;1741052970876
200;1741052970917
200;1741052970924
200;1741052975938
200;1741052975945
200;1741052976006
200;1741052980877
200;1741052980961
200;1741052980969
200;1741052985879
200;1741052985945
200;1741052986153
200;1741052990926
200;1741052990933
200;1741052991125
200;1741052995893
200;1741052995902
200;1741052995934
200;1741053000866
200;1741053000941
200;1741053000949
200;1741053005891
200;1741053005901
200;1741053005980
200;1741053010895
200;1741053010909
200;1741053010925
200;1741053015911
200;1741053015977
200;1741053015986
200;1741053020872
200;1741053020913
200;1741053020923
200;1741053025886
200;1741053025895
200;1741053025925
200;1741053030900
200;1741053030908
200;1741053031029
200;1741053035908
200;1741053035916
200;1741053035974
200;1741053040961
200;1741053040972
200;1741053040984
200;1741053045867
200;1741053045956
200;1741053045961
200;1741053050867
200;1741053050937
200;1741053050945
200;1741053055929
200;1741053055937
200;1741053055946
200;1741053060929
200;1741053060936
200;1741053060944
200;1741053065902
200;1741053065913
200;1741053065920
200;1741053070868
200;1741053070925
200;1741053070933
200;1741053075916
200;1741053075967
200;1741053075977
200;1741053080920
200;1741053080929
200;1741053080945
200;1741053085972
200;1741053085981
200;1741053086036
200;1741053090872
200;1741053090948
200;1741053090955
200;1741053095867
200;1741053095909
200;1741053095917
200;1741053100904
200;1741053100911
200;1741053101158
200;1741053105867
200;1741053105876
200;1741053106005
200;1741053110882
200;1741053110914
200;1741053110954
200;1741053115916
200;1741053115922
200;1741053115930
200;1741053120876
200;1741053121013
200;1741053121022
200;1741053125877
200;1741053125921
200;1741053125929
200;1741053130877
200;1741053130917
200;1741053130924
200;1741053135900
200;1741053135908
200;1741053135961
200;1741053140876
200;1741053140961
200;1741053140968
200;1741053145917
200;1741053145926
200;1741053145933
200;1741053150914
200;1741053150944
200;1741053150951
200;1741053155876
200;1741053155916
200;1741053155982
200;1741053160865
200;1741053160924
200;1741053160934
200;1741053165911
200;1741053165920
200;1741053165930
200;1741053170974
200;1741053170982
200;1741053170994
200;1741053175870
200;1741053175880
200;1741053175970
200;1741053180895
200;1741053180905
200;1741053180979
200;1741053185925
200;1741053185935
200;1741053185967
200;1741053190929
200;1741053191007
200;1741053191127
200;1741053195867
200;1741053195875
200;1741053196050
200;1741053200883
200;1741053200937
200;1741053200948
200;1741053205876
200;1741053205921
200;1741053205928
200;1741053210945
200;1741053210969
200;1741053211018
200;1741053215895
200;1741053215902
200;1741053215955
200;1741053220871
200;1741053220949
200;1741053220959
200;1741053225921
200;1741053225929
200;1741053225936
200;1741053230937
200;1741053230946
200;1741053231056
200;1741053235866
200;1741053235907
200;1741053235914
200;1741053240900
200;1741053240908
200;1741053241153
200;1741053245885
200;1741053245894
200;1741053246075
200;1741053250868
200;1741053250876
200;1741053250915
200;1741053255921
200;1741053255931
200;1741053256025
200;1741053260876
200;1741053260970
200;1741053260978
200;1741053265869
200;1741053265878
200;1741053266036
200;1741053270874
200;1741053270921
200;1741053270928
200;1741053275875
200;1741053275927
200;1741053275936
200;1741053280905
200;1741053280914
200;1741053281086
200;1741053285973
200;1741053285980
200;1741053286007
200;1741053290928
200;1741053290937
200;1741053291057
200;1741053295908
200;1741053295915
200;1741053295922
200;1741053300908
200;1741053300916
200;1741053301050
200;1741053305865
200;1741053305956
200;1741053305962
200;1741053310913
200;1741053310922
200;1741053310928
200;1741053315877
200;1741053315962
200;1741053315968
200;1741053320873
200;1741053320882
200;1741053321055
200;1741053325951
200;1741053325957
200;1741053325997
200;1741053330866
200;1741053330908
200;1741053330917
200;1741053335896
200;1741053335940
200;1741053335950
200;1741053340937
200;1741053340945
200;1741053340965
200;1741053345922
200;1741053345930
200;1741053345999
200;1741053350867
200;1741053350897
200;1741053350902
200;1741053355875
200;1741053355917
200;1741053355926
200;1741053360913
200;1741053360960
200;1741053360968
200;1741053365935
200;1741053365943
200;1741053365987
200;1741053370909
200;1741053370918
200;1741053370924
200;1741053375880
200;1741053375887
200;1741053376065
200;1741053380921
200;1741053380928
200;1741053380978
200;1741053385867
200;1741053385914
200;1741053385920
200;1741053390870
200;1741053390879
200;1741053390989
200;1741053395900
200;1741053395907
200;1741053395985
200;1741053400937
200;1741053400944
200;1741053401106
200;1741053405874
200;1741053405951
200;1741053405958
200;1741053410871
200;1741053410912
200;1741053410919
200;1741053415866
200;1741053415908
200;1741053415915
200;1741053421022
200;1741053421031
200;1741053421038
200;1741053425906
200;1741053425916
200;1741053426160
200;1741053430894
200;1741053430901
200;1741053431097
200;1741053435883
200;1741053435972
200;1741053438166
200;1741053440901
200;1741053440910
200;1741053440980
200;1741053445918
200;1741053445925
200;1741053445952
200;1741053450912
200;1741053450919
200;1741053451017
200;1741053455877
200;1741053455968
200;1741053455974
200;1741053460909
200;1741053460920
200;1741053460944
200;1741053465854
200;1741053465893
200;1741053466001
200;1741053470920
200;1741053470927
200;1741053470972
200;1741053475867
200;1741053475875
200;1741053475925
200;1741053480876
200;1741053480921
200;1741053480928
200;1741053485882
200;1741053485942
200;1741053485949
200;1741053490877
200;1741053490920
200;1741053490927
200;1741053495909
200;1741053495917
200;1741053496015
200;1741053500867
200;1741053500895
200;1741053500902
200;1741053505913
200;1741053505920
200;1741053505989
200;1741053510872
200;1741053510880
200;1741053511006
200;1741053515914
200;1741053515935
200;1741053518790
200;1741053520946
200;1741053520953
200;1741053520970
200;1741053525965
200;1741053525973
200;1741053526101
200;1741053530906
200;1741053530955
200;1741053530963
200;1741053535873
200;1741053535928
200;1741053535937
200;1741053540903
200;1741053540965
200;1741053543741
200;1741053545896
200;1741053545904
200;1741053545951
200;1741053550868
200;1741053550913
200;1741053550922
200;1741053555877
200;1741053555917
200;1741053555925
200;1741053560909
200;1741053560993
200;1741053561002
200;1741053565868
200;1741053565919
200;1741053565928
200;1741053570909
200;1741053570937
200;1741053570945
200;1741053575980
200;1741053575988
200;1741053576038
200;1741053580934
200;1741053580997
200;1741053585917
200;1741053585926
200;1741053585950
200;1741053590868
200;1741053590910
200;1741053590919
200;1741053595892
200;1741053596056
200;1741053596150
200;1741053600889
200;1741053600897
200;1741053600920
200;1741053605865
200;1741053605936
200;1741053605943
200;1741053610896
200;1741053610901
200;1741053610976
200;1741053615869
200;1741053615874
200;1741053615973
200;1741053620867
200;1741053620959
200;1741053620965
200;1741053625909
200;1741053625916
200;1741053625921
200;1741053630870
200;1741053630969
200;1741053631006
200;1741053635872
200;1741053635879
200;1741053635928
200;1741053641022
200;1741053641070
200;1741053641098
200;1741053645865
200;1741053645938
200;1741053645946
200;1741053650867
200;1741053650916
200;1741053650923
200;1741053655885
200;1741053655894
200;1741053655957
200;1741053660877
200;1741053660919
200;1741053663481
200;1741053665878
200;1741053665886
200;1741053666116
200;1741053670872
200;1741053670878
200;1741053671010
200;1741053675865
200;1741053675909
200;1741053675914
200;1741053680938
200;1741053680946
200;1741053681047
200;1741053685872
200;1741053685918
200;1741053685925
200;1741053690943
200;1741053690974
200;1741053691062
200;1741053695882
200;1741053696055
200;1741053698581
200;1741053700957
200;1741053700963
200;1741053701043
200;1741053705896
200;1741053706012
200;1741053707939
200;1741053710867
200;1741053710937
200;1741053710944
200;1741053715913
200;1741053715918
200;1741053717977
200;1741053720931
200;1741053720940
200;1741053721082
200;1741053725883
200;1741053725943
200;1741053726077
200;1741053730883
200;1741053730890
200;1741053730990
200;1741053735908
200;1741053735916
200;1741053735981
200;1741053740880
200;1741053740985
200;1741053740991
200;1741053745869
200;1741053745876
200;1741053745945
200;1741053750946
200;1741053750954
200;1741053750988
200;1741053755893
200;1741053755898
200;1741053756076
200;1741053760883
200;1741053760925
200;1741053760934
200;1741053765870
200;1741053765972
200;1741053766006
200;1741053770940
200;1741053770947
200;1741053770955
200;1741053775872
200;1741053775879
200;1741053776018
200;1741053780881
200;1741053780889
200;1741053780951
200;1741053785896
200;1741053785903
200;1741053785947
200;1741053790908
200;1741053790941
200;1741053790946
200;1741053795865
200;1741053795957
200;1741053795965
200;1741053800966
200;1741053800973
200;1741053801067
200;1741053805869
200;1741053805917
200;1741053805957
200;1741053810913
200;1741053810920
200;1741053811101
200;1741053815910
200;1741053815917
200;1741053815924
200;1741053820908
200;1741053820914
200;1741053820939
200;1741053825865
200;1741053825965
200;1741053825989
200;1741053830924
200;1741053830930
200;1741053830950
200;1741053835867
200;1741053835909
200;1741053835918
200;1741053840865
200;1741053840947
200;1741053840954
200;1741053845908
200;1741053845973
200;1741053845980
200;1741053850940
200;1741053850949
200;1741053850997
200;1741053855880
200;1741053855921
200;1741053855929
200;1741053860977
200;1741053860984
200;1741053861008
200;1741053865874
200;1741053865962
200;1741053865972
200;1741053870889
200;1741053870898
200;1741053870957
200;1741053875917
200;1741053875925
200;1741053875992
200;1741053880866
200;1741053880922
200;1741053880929
200;1741053885918
200;1741053885926
200;1741053885967
200;1741053890904
200;1741053890911
200;1741053891021
200;1741053895930
200;1741053895939
200;1741053896030
200;1741053900881
200;1741053900890
200;1741053900998
200;1741053905867
200;1741053905957
200;1741053905965
200;1741053910902
200;1741053910910
200;1741053911064
200;1741053915870
200;1741053915964
200;1741053915975
200;1741053920870
200;1741053920912
200;1741053923471
200;1741053925896
200;1741053925974
200;1741053926111
200;1741053930890
200;1741053930899
200;1741053930956
200;1741053935909
200;1741053935916
200;1741053935926
200;1741053940912
200;1741053940918
200;1741053940987
200;1741053945914
200;1741053945921
200;1741053945977
200;1741053950938
200;1741053950945
200;1741053950989
200;1741053955933
200;1741053955941
200;1741053956029
200;1741053960871
200;1741053960880
200;1741053960918
200;1741053965891
200;1741053965930
200;1741053965976
200;1741053970912
200;1741053970919
200;1741053973462
200;1741053975867
200;1741053975939
200;1741053975949
200;1741053980867
200;1741053980895
200;1741053980932
200;1741053985874
200;1741053985957
200;1741053985963
200;1741053990973
200;1741053990981
200;1741053991018
200;1741053995921
200;1741053995929
200;1741053995937
200;1741054000945
200;1741054000953
200;1741054000963
200;1741054005866
200;1741054005913
200;1741054005921
200;1741054010877
200;1741054010920
200;1741054010927
200;1741054015898
200;1741054015917
200;1741054015933
200;1741054020896
200;1741054020932
200;1741054020976
200;1741054025995
200;1741054026029
200;1741054026131
200;1741054030876
200;1741054030882
200;1741054031008
200;1741054035964
200;1741054035974
200;1741054036077
200;1741054040929
200;1741054040937
200;1741054041073
200;1741054045909
200;1741054045916
200;1741054045923
200;1741054050874
200;1741054050933
200;1741054050941
200;1741054055866
200;1741054055948
200;1741054055957
200;1741054060886
200;1741054060895
200;1741054060917
200;1741054065904
200;1741054065910
200;1741054065987
200;1741054070914
200;1741054070922
200;1741054070973
200;1741054075889
200;1741054075898
200;1741054075963
200;1741054080866
200;1741054080908
200;1741054080914
200;1741054085866
200;1741054085915
200;1741054085923
200;1741054090870
200;1741054090927
200;1741054090935
200;1741054095866
200;1741054095960
200;1741054095970
200;1741054100866
200;1741054100938
200;1741054100946
200;1741054105885
200;1741054105937
200;1741054105944
200;1741054110916
200;1741054110923
200;1741054110929
200;1741054115891
200;1741054115900
200;1741054115945
200;1741054120930
200;1741054120936
200;1741054121014
200;1741054125882
200;1741054125952
200;1741054125963
200;1741054130877
200;1741054130978
200;1741054131024
200;1741054135985
200;1741054135994
200;1741054136192
200;1741054140873
200;1741054140917
200;1741054140926
200;1741054145908
200;1741054145917
200;1741054146070
200;1741054150868
200;1741054150939
200;1741054153803
200;1741054155924
200;1741054155932
200;1741054155941
200;1741054160895
200;1741054160923
200;1741054160995
200;1741054165956
200;1741054165965
200;1741054166030
200;1741054170929
200;1741054170938
200;1741054171012
200;1741054175917
200;1741054175926
200;1741054175933
200;1741054180923
200;1741054180932
200;1741054181041
200;1741054185926
200;1741054185933
200;1741054185952
200;1741054190969
200;1741054190977
200;1741054191012
200;1741054195879
200;1741054195887
200;1741054196120
200;1741054200888
200;1741054200929
200;1741054200938
200;1741054205875
200;1741054205957
200;1741054205963
200;1741054210902
200;1741054210909
200;1741054210980
200;1741054215909
200;1741054215915
200;1741054216058
200;1741054220887
200;1741054220899
200;1741054220906
200;1741054225870
200;1741054225913
200;1741054225920
200;1741054230938
200;1741054230946
200;1741054233553
200;1741054235944
200;1741054235951
200;1741054236072
200;1741054240969
200;1741054240976
200;1741054241048
200;1741054245866
200;1741054245911
200;1741054245917
200;1741054250903
200;1741054250910
200;1741054251025
200;1741054255905
200;1741054255914
200;1741054255953
200;1741054260900
200;1741054260936
200;1741054262875
200;1741054265908
200;1741054265914
200;1741054265920
200;1741054270916
200;1741054270974
200;1741054270982
200;1741054275889
200;1741054275897
200;1741054275987
200;1741054280878
200;1741054280920
200;1741054280928
200;1741054285918
200;1741054285926
200;1741054285961
200;1741054290913
200;1741054290920
200;1741054290928
200;1741054295890
200;1741054295900
200;1741054295960
200;1741054300879
200;1741054300888
200;1741054300973
200;1741054305871
200;1741054305961
200;1741054305972
200;1741054310866
200;1741054310909
200;1741054310916
200;1741054315918
200;1741054315926
200;1741054315933
200;1741054320888
200;1741054320896
200;1741054321065
200;1741054325873
200;1741054325970
200;1741054325981
200;1741054330916
200;1741054330925
200;1741054330933
200;1741054335909
200;1741054335919
200;1741054335950
200;1741054340929
200;1741054340937
200;1741054340943
200;1741054345885
200;1741054345893
200;1741054346060
200;1741054350913
200;1741054350920
200;1741054350949
200;1741054355872
200;1741054355919
200;1741054356101
200;1741054360922
200;1741054360932
200;1741054361001
200;1741054365914
200;1741054365922
200;1741054365983
200;1741054370872
200;1741054370925
200;1741054370933
200;1741054375868
200;1741054375969
200;1741054375978
200;1741054380969
200;1741054380978
200;1741054381043
200;1741054385925
200;1741054385934
200;1741054386124
200;1741054390908
200;1741054390921
200;1741054390928
200;1741054395886
200;1741054395895
200;1741054395941
200;1741054400950
200;1741054400958
200;1741054400966
200;1741054405954
200;1741054405964
200;1741054405972
200;1741054410909
200;1741054410919
200;1741054410926
200;1741054415876
200;1741054415907
200;1741054415915
200;1741054420868
200;1741054420876
200;1741054420928
200;1741054425868
200;1741054425875
200;1741054425949
200;1741054430880
200;1741054430910
200;1741054430918
200;1741054435908
200;1741054435915
200;1741054435990
200;1741054440927
200;1741054440935
200;1741054440996
200;1741054445910
200;1741054445917
200;1741054445924
200;1741054450890
200;1741054450900
200;1741054450982
200;1741054455867
200;1741054455954
200;1741054455962
200;1741054460886
200;1741054460896
200;1741054461041
200;1741054465886
200;1741054465893
200;1741054465969
200;1741054470904
200;1741054470910
200;1741054470969
200;1741054475989
200;1741054476017
200;1741054478237
200;1741054480924
200;1741054480930
200;1741054481015
200;1741054485896
200;1741054485904
200;1741054485993
200;1741054490872
200;1741054490943
200;1741054490951
200;1741054495904
200;1741054495911
200;1741054495917
200;1741054500912
200;1741054500920
200;1741054501118
200;1741054505981
200;1741054506180
200;1741054506190
200;1741054510914
200;1741054510920
200;1741054510994
200;1741054515871
200;1741054515948
200;1741054515954
200;1741054520886
200;1741054520893
200;1741054520927
200;1741054525911
200;1741054525919
200;1741054525970
200;1741054530906
200;1741054530914
200;1741054530945
200;1741054535885
200;1741054535894
200;1741054535985
200;1741054540868
200;1741054540914
200;1741054540921
200;1741054545901
200;1741054545909
200;1741054548421
200;1741054550856
200;1741054550904
200;1741054551015
200;1741054555867
200;1741054555947
200;1741054555957
200;1741054560868
200;1741054560952
200;1741054560960
200;1741054565969
200;1741054565977
200;1741054568213
200;1741054570868
200;1741054570876
200;1741054570901
200;1741054575917
200;1741054575923
200;1741054575929
200;1741054580885
200;1741054580894
200;1741054580950
200;1741054585868
200;1741054585982
200;1741054585989
200;1741054590872
200;1741054590913
200;1741054590920
200;1741054595875
200;1741054595919
200;1741054595926
200;1741054600925
200;1741054600934
200;1741054600943
200;1741054605917
200;1741054605923
200;1741054605930
200;1741054610953
200;1741054610963
200;1741054613834
200;1741054615869
200;1741054615878
200;1741054616101
200;1741054620943
200;1741054620949
200;1741054623271
200;1741054625931
200;1741054625939
200;1741054625981
200;1741054630877
200;1741054630920
200;1741054630927
200;1741054635857
200;1741054635936
200;1741054635999
200;1741054640932
200;1741054640939
200;1741054640951
200;1741054645893
200;1741054645903
200;1741054645975
200;1741054650897
200;1741054650905
200;1741054650985
200;1741054655895
200;1741054655922
200;1741054656048
200;1741054660879
200;1741054660888
200;1741054661017
200;1741054665865
200;1741054665951
200;1741054665958
200;1741054670880
200;1741054670920
200;1741054670929
200;1741054675866
200;1741054675908
200;1741054675915
200;1741054680935
200;1741054680977
200;1741054681083
200;1741054685931
200;1741054685940
200;1741054686097
200;1741054690881
200;1741054690888
200;1741054691170
200;1741054695934
200;1741054695941
200;1741054696051
200;1741054700872
200;1741054700912
200;1741054700919
200;1741054705909
200;1741054705947
200;1741054705953
200;1741054710873
200;1741054710882
200;1741054710944
200;1741054715867
200;1741054715915
200;1741054715921
200;1741054720898
200;1741054720906
200;1741054720970
200;1741054725901
200;1741054725910
200;1741054726266
200;1741054730965
200;1741054730972
200;1741054731019
200;1741054735875
200;1741054735917
200;1741054735927
200;1741054740877
200;1741054741005
200;1741054741015
200;1741054745866
200;1741054745909
200;1741054745918
200;1741054750909
200;1741054750918
200;1741054750924
200;1741054755941
200;1741054755947
200;1741054757989
200;1741054760867
200;1741054760962
200;1741054760968
200;1741054765899
200;1741054765907
200;1741054766010
200;1741054770980
200;1741054770987
200;1741054771170
200;1741054775875
200;1741054775965
200;1741054775974
200;1741054780876
200;1741054780949
200;1741054780955
200;1741054785879
200;1741054785981
200;1741054788881
200;1741054790876
200;1741054790985
200;1741054790994
200;1741054795908
200;1741054795913
200;1741054796100
200;1741054800867
200;1741054800941
200;1741054801081
200;1741054805916
200;1741054805925
200;1741054805932
200;1741054810876
200;1741054810948
200;1741054810956
200;1741054815924
200;1741054815930
200;1741054815982
200;1741054820973
200;1741054820980
200;1741054820987
200;1741054825910
200;1741054825949
200;1741054826015
200;1741054830871
200;1741054830918
200;1741054830926
200;1741054835931
200;1741054835941
200;1741054836071
200;1741054840871
200;1741054840881
200;1741054840970
200;1741054845912
200;1741054845919
200;1741054845927
200;1741054850866
200;1741054850901
200;1741054850908
200;1741054855920
200;1741054855929
200;1741054858637
200;1741054860907
200;1741054860955
200;1741054860979
200;1741054865877
200;1741054865937
200;1741054865948
200;1741054870938
200;1741054870948
200;1741054870957
200;1741054875877
200;1741054875964
200;1741054875973
200;1741054880917
200;1741054880924
200;1741054881030
200;1741054885870
200;1741054885960
200;1741054885967
200;1741054890877
200;1741054890930
200;1741054890940
200;1741054895924
200;1741054895932
200;1741054896107
200;1741054900908
200;1741054900915
200;1741054900921
200;1741054905870
200;1741054905957
200;1741054905966
200;1741054910916
200;1741054910923
200;1741054910931
200;1741054915893
200;1741054915902
200;1741054915941
200;1741054920958
200;1741054920968
200;1741054920976
200;1741054925871
200;1741054925880
200;1741054925947
200;1741054930874
200;1741054930973
200;1741054931090
200;1741054935868
200;1741054936004
200;1741054936012
200;1741054940891
200;1741054940944
200;1741054941042
200;1741054945868
200;1741054945875
200;1741054945947
200;1741054950867
200;1741054950909
200;1741054950918
200;1741054955871
200;1741054955882
200;1741054956006
200;1741054960889
200;1741054960898
200;1741054960967
200;1741054965974
200;1741054966008
200;1741054966075
200;1741054970919
200;1741054970971
200;1741054971015
200;1741054975926
200;1741054975934
200;1741054976025
200;1741054980884
200;1741054980891
200;1741054980958
200;1741054985871
200;1741054985945
200;1741054985953
200;1741054990914
200;1741054990958
200;1741054990966
200;1741054995875
200;1741054995883
200;1741054995912
200;1741055000898
200;1741055001039
200;1741055002922
200;1741055005881
200;1741055005902
200;1741055005942
200;1741055010968
200;1741055010976
200;1741055011049
200;1741055015913
200;1741055015945
200;1741055015954
200;1741055020870
200;1741055020941
200;1741055020948
200;1741055025879
200;1741055026000
200;1741055026008
200;1741055030863
200;1741055030917
200;1741055031027
200;1741055035961
200;1741055035970
200;1741055036008
200;1741055040927
200;1741055040935
200;1741055040961
200;1741055045866
200;1741055045937
200;1741055045946
200;1741055050941
200;1741055050949
200;1741055051011
200;1741055055961
200;1741055055971
200;1741055056040
200;1741055060866
200;1741055060973
200;1741055060984
200;1741055065870
200;1741055065913
200;1741055065923
200;1741055070875
200;1741055070948
200;1741055070988
200;1741055075952
200;1741055075961
200;1741055076028
200;1741055080869
200;1741055080912
200;1741055081027
200;1741055085900
200;1741055085907
200;1741055085982
200;1741055090908
200;1741055090919
200;1741055090929
200;1741055095877
200;1741055095937
200;1741055095946
200;1741055100980
200;1741055101047
200;1741055101210
200;1741055105872
200;1741055105881
200;1741055106009
200;1741055110933
200;1741055110941
200;1741055111085
200;1741055115911
200;1741055115952
200;1741055115959
200;1741055120969
200;1741055120976
200;1741055120984
200;1741055125949
200;1741055125956
200;1741055126151
200;1741055130913
200;1741055130921
200;1741055130946
200;1741055135895
200;1741055135903
200;1741055136032
200;1741055140909
200;1741055140942
200;1741055140950
200;1741055145895
200;1741055145905
200;1741055146023
200;1741055150936
200;1741055150943
200;1741055150995
200;1741055155909
200;1741055155920
200;1741055155965
200;1741055160868
200;1741055160930
200;1741055160938
200;1741055165912
200;1741055165919
200;1741055166155
200;1741055170873
200;1741055170912
200;1741055170920
200;1741055175915
200;1741055175924
200;1741055175955
200;1741055180866
200;1741055180956
200;1741055180964
200;1741055185954
200;1741055185962
200;1741055186051
200;1741055190903
200;1741055190911
200;1741055190944
200;1741055195896
200;1741055195905
200;1741055195935
200;1741055200893
200;1741055200948
200;1741055200958
200;1741055205898
200;1741055205945
200;1741055205954
200;1741055210867
200;1741055210906
200;1741055210915
200;1741055215897
200;1741055215905
200;1741055216029
200;1741055220925
200;1741055220934
200;1741055220955
200;1741055225887
200;1741055225896
200;1741055226032
200;1741055230934
200;1741055230942
200;1741055230978
200;1741055235912
200;1741055235923
200;1741055235977
200;1741055240905
200;1741055240914
200;1741055240920
200;1741055245875
200;1741055245964
200;1741055245974
200;1741055250867
200;1741055250909
200;1741055250917
200;1741055255870
200;1741055255960
200;1741055255966
200;1741055260896
200;1741055260903
200;1741055260917
200;1741055265866
200;1741055265913
200;1741055265920
200;1741055270981
200;1741055270987
200;1741055271111
200;1741055275980
200;1741055276012
200;1741055276121
200;1741055280867
200;1741055280921
200;1741055280930
200;1741055285873
200;1741055285945
200;1741055285953
200;1741055290899
200;1741055290907
200;1741055290943
200;1741055295965
200;1741055295973
200;1741055295983
200;1741055300865
200;1741055300937
200;1741055300973
200;1741055305916
200;1741055305925
200;1741055305932
200;1741055310901
200;1741055310909
200;1741055311001
200;1741055315900
200;1741055315965
200;1741055318598
200;1741055320910
200;1741055320918
200;1741055320970
200;1741055325916
200;1741055325955
200;1741055325962
200;1741055330910
200;1741055330949
200;1741055330962
200;1741055335908
200;1741055335916
200;1741055335924
200;1741055340914
200;1741055340924
200;1741055340946
200;1741055345909
200;1741055345919
200;1741055345995
200;1741055350890
200;1741055350899
200;1741055351046
200;1741055355943
200;1741055355952
200;1741055356017
200;1741055360917
200;1741055360926
200;1741055361020
200;1741055365904
200;1741055365911
200;1741055365919
200;1741055370912
200;1741055370919
200;1741055370925
200;1741055375897
200;1741055375922
200;1741055378565
200;1741055380866
200;1741055380949
200;1741055380959
200;1741055385917
200;1741055385932
200;1741055385939
200;1741055390899
200;1741055390948
200;1741055391090
200;1741055395908
200;1741055395938
200;1741055395945
200;1741055400867
200;1741055400939
200;1741055400947
200;1741055405912
200;1741055405960
200;1741055405968
200;1741055410876
200;1741055410931
200;1741055410939
200;1741055415870
200;1741055416054
200;1741055420879
200;1741055420919
200;1741055420924
200;1741055425914
200;1741055425950
200;1741055430868
200;1741055430962
200;1741055430970
200;1741055435968
200;1741055435976
200;1741055435983
200;1741055440974
200;1741055440982
200;1741055441023
200;1741055445876
200;1741055445902
200;1741055445910
200;1741055450913
200;1741055450922
200;1741055450943
200;1741055455868
200;1741055455932
200;1741055455941
200;1741055460857
200;1741055460890
200;1741055463453
200;1741055465892
200;1741055465920
200;1741055465928
200;1741055470877
200;1741055470927
200;1741055470948
200;1741055475891
200;1741055475899
200;1741055475921
200;1741055480928
200;1741055480933
200;1741055480952
200;1741055485867
200;1741055485953
200;1741055485961
200;1741055490920
200;1741055490926
200;1741055491009
200;1741055495912
200;1741055495919
200;1741055495994
200;1741055500898
200;1741055500904
200;1741055500977
200;1741055505965
200;1741055505974
200;1741055506001
200;1741055510883
200;1741055511013
200;1741055511154
200;1741055515872
200;1741055515908
200;1741055515916
200;1741055520885
200;1741055520892
200;1741055520962
200;1741055525937
200;1741055525945
200;1741055526180
200;1741055530868
200;1741055530961
200;1741055530970
200;1741055535873
200;1741055535882
200;1741055535974
200;1741055541028
200;1741055541059
200;1741055541125
200;1741055545871
200;1741055545880
200;1741055545996
200;1741055550964
200;1741055550974
200;1741055550982
200;1741055555951
200;1741055555955
200;1741055556023
200;1741055560893
200;1741055560904
200;1741055561083
200;1741055565873
200;1741055565883
200;1741055566051
200;1741055570867
200;1741055570918
200;1741055571075
200;1741055575868
200;1741055575897
200;1741055575903
200;1741055580921
200;1741055580930
200;1741055580938
200;1741055585865
200;1741055585957
200;1741055585964
200;1741055590909
200;1741055590917
200;1741055590924
200;1741055595874
200;1741055595882
200;1741055596040
200;1741055600853
200;1741055600876
200;1741055600921
200;1741055605873
200;1741055605965
200;1741055605973
200;1741055610866
200;1741055610908
200;1741055610915
200;1741055615937
200;1741055615944
200;1741055615962
200;1741055620969
200;1741055620976
200;1741055620984
200;1741055625888
200;1741055625924
200;1741055628719
200;1741055630874
200;1741055630936
200;1741055630944
200;1741055635905
200;1741055635948
200;1741055636069
200;1741055640908
200;1741055640915
200;1741055640922
200;1741055645985
200;1741055645993
200;1741055646026
200;1741055650913
200;1741055650921
200;1741055650927
200;1741055655910
200;1741055655944
200;1741055656048
200;1741055660871
200;1741055660980
200;1741055660987
200;1741055665882
200;1741055665891
200;1741055665922
200;1741055670870
200;1741055670911
200;1741055671013
200;1741055675928
200;1741055675934
200;1741055675946
200;1741055680941
200;1741055680983
200;1741055683851
200;1741055685874
200;1741055685900
200;1741055685906
200;1741055690909
200;1741055690916
200;1741055690922
200;1741055695912
200;1741055695918
200;1741055695967
200;1741055700918
200;1741055700932
200;1741055701030
200;1741055705907
200;1741055705915
200;1741055705947
200;1741055710898
200;1741055710905
200;1741055710984
200;1741055715921
200;1741055715929
200;1741055715975
200;1741055720920
200;1741055720929
200;1741055721043
200;1741055725873
200;1741055725879
200;1741055725917
200;1741055730866
200;1741055730941
200;1741055730950
200;1741055735894
200;1741055735911
200;1741055736049
200;1741055740855
200;1741055740879
200;1741055743663
200;1741055745904
200;1741055745912
200;1741055745989
200;1741055750877
200;1741055750950
200;1741055750958
200;1741055755948
200;1741055755955
200;1741055755990
200;1741055760908
200;1741055760916
200;1741055760972
200;1741055765951
200;1741055765958
200;1741055766027
200;1741055770857
200;1741055773736
200;1741055775874
200;1741055775884
200;1741055775996
200;1741055780945
200;1741055780953
200;1741055780960
200;1741055785890
200;1741055788414
200;1741055788644
200;1741055790952
200;1741055790961
200;1741055791118
200;1741055795911
200;1741055795978
200;1741055795984
200;1741055800889
200;1741055800902
200;1741055801004
200;1741055805877
200;1741055805969
200;1741055805977
200;1741055810867
200;1741055810877
200;1741055810928
200;1741055815920
200;1741055815928
200;1741055816063
200;1741055820965
200;1741055820972
200;1741055820998
200;1741055825867
200;1741055825909
200;1741055825918
200;1741055830859
200;1741055830941
200;1741055833476
200;1741055835912
200;1741055835922
200;1741055835930
200;1741055840902
200;1741055840915
200;1741055840997
200;1741055845876
200;1741055845902
200;1741055845910
200;1741055850893
200;1741055850905
200;1741055850934
200;1741055855913
200;1741055855920
200;1741055856000
200;1741055860878
200;1741055860902
200;1741055860972
200;1741055865911
200;1741055865919
200;1741055865952
200;1741055870923
200;1741055870930
200;1741055871001
200;1741055875865
200;1741055875924
200;1741055875930
200;1741055880916
200;1741055880923
200;1741055880941
200;1741055885915
200;1741055885921
200;1741055885927
200;1741055890901
200;1741055891053
200;1741055891234
200;1741055895923
200;1741055895932
200;1741055895952
200;1741055900865
200;1741055900963
200;1741055900971
200;1741055905885
200;1741055905917
200;1741055905925
200;1741055910902
200;1741055910948
200;1741055911043
200;1741055915952
200;1741055915959
200;1741055915966
200;1741055920916
200;1741055920923
200;1741055921049
200;1741055925878
200;1741055925888
200;1741055925946
200;1741055930867
200;1741055930910
200;1741055930917
200;1741055935908
200;1741055935916
200;1741055935964
200;1741055940904
200;1741055940912
200;1741055940964
200;1741055945867
200;1741055945913
200;1741055945920
200;1741055950875
200;1741055950988
200;1741055950999
200;1741055955913
200;1741055955922
200;1741055955948
200;1741055960910
200;1741055960918
200;1741055961037
200;1741055965851
200;1741055966041
200;1741055966121
200;1741055970877
200;1741055970921
200;1741055970929
200;1741055975939
200;1741055975946
200;1741055975982
200;1741055980922
200;1741055980930
200;1741055980987
200;1741055985897
200;1741055985908
200;1741055985954
200;1741055990876
200;1741055990966
200;1741055990975
200;1741055995892
200;1741055995902
200;1741055998812
200;1741056000897
200;1741056000906
200;1741056000940
200;1741056005918
200;1741056005954
200;1741056006044
200;1741056010924
200;1741056010930
200;1741056010972
200;1741056015933
200;1741056015940
200;1741056016107
200;1741056020870
200;1741056020918
200;1741056020924
200;1741056025928
200;1741056025934
200;1741056025983
200;1741056030867
200;1741056030996
200;1741056031003
200;1741056035869
200;1741056035877
200;1741056035904
200;1741056040952
200;1741056040960
200;1741056040966
200;1741056045865
200;1741056045947
200;1741056045955
200;1741056050936
200;1741056050944
200;1741056051015
200;1741056055881
200;1741056055928
200;1741056056003
200;1741056060909
200;1741056060916
200;1741056060947
200;1741056065869
200;1741056065941
200;1741056065992
200;1741056070932
200;1741056070939
200;1741056071098
200;1741056075901
200;1741056078227
200;1741056078648
200;1741056080903
200;1741056080912
200;1741056082946
200;1741056085917
200;1741056085967
200;1741056085976
200;1741056090889
200;1741056090898
200;1741056090924
200;1741056095865
200;1741056095908
200;1741056095914
200;1741056100872
200;1741056100973
200;1741056101053
200;1741056105946
200;1741056105953
200;1741056105979
200;1741056110911
200;1741056110970
200;1741056110978
200;1741056115893
200;1741056115932
200;1741056116144
200;1741056120912
200;1741056120922
200;1741056120930
200;1741056125985
200;1741056125993
200;1741056128257
200;1741056130871
200;1741056130911
200;1741056130918
200;1741056135886
200;1741056135894
200;1741056136049
200;1741056140900
200;1741056140907
200;1741056140964
200;1741056145865
200;1741056145964
200;1741056145975
200;1741056150913
200;1741056150921
200;1741056150950
200;1741056155943
200;1741056155948
200;1741056155952
200;1741056160892
200;1741056160901
200;1741056160934
200;1741056165914
200;1741056165966
200;1741056166011
200;1741056170964
200;1741056170972
200;1741056171023
200;1741056175919
200;1741056178132
200;1741056178801
200;1741056180880
200;1741056180888
200;1741056181058
200;1741056185908
200;1741056185916
200;1741056186018
200;1741056190871
200;1741056190879
200;1741056190938
200;1741056195888
200;1741056195964
200;1741056195970
200;1741056200978
200;1741056203631
200;1741056203745
200;1741056205916
200;1741056205924
200;1741056205953
200;1741056210888
200;1741056210896
200;1741056210964
200;1741056215914
200;1741056215922
200;1741056216027
200;1741056220879
200;1741056220968
200;1741056223511
200;1741056225878
200;1741056225886
200;1741056225953
200;1741056230866
200;1741056230912
200;1741056230919
200;1741056235900
200;1741056235908
200;1741056236003
200;1741056240869
200;1741056240878
200;1741056241036
200;1741056245876
200;1741056245930
200;1741056245940
200;1741056250915
200;1741056250921
200;1741056251073
200;1741056255866
200;1741056255910
200;1741056255916
200;1741056260867
200;1741056260909
200;1741056260916
200;1741056265874
200;1741056265924
200;1741056270916
200;1741056270923
200;1741056270967
200;1741056275876
200;1741056275932
200;1741056275940
200;1741056280925
200;1741056280935
200;1741056283240
200;1741056285930
200;1741056285937
200;1741056285959
200;1741056290977
200;1741056290985
200;1741056291003
200;1741056295892
200;1741056295901
200;1741056295975
200;1741056300891
200;1741056300932
200;1741056300940
200;1741056305935
200;1741056305943
200;1741056305984
200;1741056310894
200;1741056310903
200;1741056310964
200;1741056315886
200;1741056315904
200;1741056315989
200;1741056320937
200;1741056320942
200;1741056320979
200;1741056325868
200;1741056325909
200;1741056325919
200;1741056330917
200;1741056330925
200;1741056331050
200;1741056335960
200;1741056335968
200;1741056336112
200;1741056340875
200;1741056340965
200;1741056340973
200;1741056345890
200;1741056345898
200;1741056345934
200;1741056350867
200;1741056350914
200;1741056350923
200;1741056355875
200;1741056355930
200;1741056355938
200;1741056360873
200;1741056360998
200;1741056363005
200;1741056365920
200;1741056365927
200;1741056365935
200;1741056370905
200;1741056370912
200;1741056371030
200;1741056375917
200;1741056375927
200;1741056375936
200;1741056380893
200;1741056380902
200;1741056381092
200;1741056385917
200;1741056385925
200;1741056385955
200;1741056390908
200;1741056390914
200;1741056390922
200;1741056395885
200;1741056395893
200;1741056395909
200;1741056400909
200;1741056400917
200;1741056401061
200;1741056405867
200;1741056405875
200;1741056405939
200;1741056410873
200;1741056410906
200;1741056410945
200;1741056415870
200;1741056415960
200;1741056415967
200;1741056420904
200;1741056420911
200;1741056421069
200;1741056425891
200;1741056425898
200;1741056425929
200;1741056430937
200;1741056430944
200;1741056430985
200;1741056435866
200;1741056435917
200;1741056435926
200;1741056440867
200;1741056440949
200;1741056440957
200;1741056445877
200;1741056445885
200;1741056446059
200;1741056450908
200;1741056450917
200;1741056455896
200;1741056455945
200;1741056455951
200;1741056460889
200;1741056460897
200;1741056461005
200;1741056465877
200;1741056465973
200;1741056466014
200;1741056470867
200;1741056470910
200;1741056470917
200;1741056475889
200;1741056475898
200;1741056475945
200;1741056480873
200;1741056480921
200;1741056481075
200;1741056485897
200;1741056485946
200;1741056488336
200;1741056490865
200;1741056490912
200;1741056490919
200;1741056495867
200;1741056495938
200;1741056495980
200;1741056500884
200;1741056500892
200;1741056500958
200;1741056505872
200;1741056505959
200;1741056505964
200;1741056510937
200;1741056510945
200;1741056510990
200;1741056515886
200;1741056515895
200;1741056515990
200;1741056520887
200;1741056520895
200;1741056521003
200;1741056525897
200;1741056525905
200;1741056526007
200;1741056530911
200;1741056530918
200;1741056531044
200;1741056535908
200;1741056535915
200;1741056535921
200;1741056540877
200;1741056540887
200;1741056540940
200;1741056545916
200;1741056545924
200;1741056546000
200;1741056550901
200;1741056550909
200;1741056550917
200;1741056555910
200;1741056555918
200;1741056555925
200;1741056560867
200;1741056560909
200;1741056560918
200;1741056565913
200;1741056565963
200;1741056566046
200;1741056570899
200;1741056570945
200;1741056571000
200;1741056575918
200;1741056575926
200;1741056575948
200;1741056580914
200;1741056580921
200;1741056580969
200;1741056585882
200;1741056585961
200;1741056588461
200;1741056590921
200;1741056590929
200;1741056591037
200;1741056595969
200;1741056595978
200;1741056596263
200;1741056600889
200;1741056600897
200;1741056600955
200;1741056605907
200;1741056605916
200;1741056605925
200;1741056610865
200;1741056610922
200;1741056610930
200;1741056616017
200;1741056616024
200;1741056616043
200;1741056620955
200;1741056620961
200;1741056621039
200;1741056625925
200;1741056625933
200;1741056626003
200;1741056630908
200;1741056630916
200;1741056630955
200;1741056635882
200;1741056635890
200;1741056635921
200;1741056640867
200;1741056640955
200;1741056640964
200;1741056645921
200;1741056645931
200;1741056648503
200;1741056650872
200;1741056650880
200;1741056650965
200;1741056655865
200;1741056655957
200;1741056655965
200;1741056660892
200;1741056660897
200;1741056660946
200;1741056665874
200;1741056665884
200;1741056665961
200;1741056670885
200;1741056670892
200;1741056671018
200;1741056675905
200;1741056675912
200;1741056675948
200;1741056680895
200;1741056680902
200;1741056680985
200;1741056685932
200;1741056685940
200;1741056685954
200;1741056690867
200;1741056690910
200;1741056690916
200;1741056695885
200;1741056695893
200;1741056696105
200;1741056700866
200;1741056700908
200;1741056700916
200;1741056705881
200;1741056705890
200;1741056705919
200;1741056710876
200;1741056710972
200;1741056710980
200;1741056715876
200;1741056715964
200;1741056715971
200;1741056720871
200;1741056720960
200;1741056720967
200;1741056725915
200;1741056725921
200;1741056726005
200;1741056730969
200;1741056730976
200;1741056731013
200;1741056735968
200;1741056735978
200;1741056735996
200;1741056740909
200;1741056740917
200;1741056740937
200;1741056745871
200;1741056745974
200;1741056745982
200;1741056750907
200;1741056750912
200;1741056750917
200;1741056755907
200;1741056755912
200;1741056756177
200;1741056760912
200;1741056760920
200;1741056760948
200;1741056765886
200;1741056765985
200;1741056766057
200;1741056770958
200;1741056770966
200;1741056770985
200;1741056775857
200;1741056775915
200;1741056775996
200;1741056780869
200;1741056780957
200;1741056780966
200;1741056785867
200;1741056785908
200;1741056785915
200;1741056790866
200;1741056790938
200;1741056790948
200;1741056795931
200;1741056795939
200;1741056795995
200;1741056800921
200;1741056800929
200;1741056801056
200;1741056805876
200;1741056805933
200;1741056805943
200;1741056810911
200;1741056810969
200;1741056811007
200;1741056815879
200;1741056815925
200;1741056816046
200;1741056820895
200;1741056820905
200;1741056820953
200;1741056825917
200;1741056825951
200;1741056825962
200;1741056830920
200;1741056830928
200;1741056830934
200;1741056835953
200;1741056835962
200;1741056835969
200;1741056840865
200;1741056840947
200;1741056840954
200;1741056845954
200;1741056845964
200;1741056846004
200;1741056850867
200;1741056850909
200;1741056850918
200;1741056855867
200;1741056855930
200;1741056855940
200;1741056860971
200;1741056860990
200;1741056861001
200;1741056865865
200;1741056865923
200;1741056865932
200;1741056870917
200;1741056870925
200;1741056870932
200;1741056875933
200;1741056875940
200;1741056876007
200;1741056880886
200;1741056880893
200;1741056880946
200;1741056885913
200;1741056885920
200;1741056885988
200;1741056891021
200;1741056891082
200;1741056891164
200;1741056895891
200;1741056895899
200;1741056895928
200;1741056900907
200;1741056900915
200;1741056900978
200;1741056905868
200;1741056905876
200;1741056905948
200;1741056910922
200;1741056910928
200;1741056911129
200;1741056915913
200;1741056915961
200;1741056915968
200;1741056920910
200;1741056920916
200;1741056920990
200;1741056925983
200;1741056926134
200;1741056926229
200;1741056930931
200;1741056930941
200;1741056931046
200;1741056935896
200;1741056935905
200;1741056936029
200;1741056940865
200;1741056940973
200;1741056940980
200;1741056945908
200;1741056945914
200;1741056945921
200;1741056950876
200;1741056950932
200;1741056950940
200;1741056955914
200;1741056955922
200;1741056955957
200;1741056960889
200;1741056960947
200;1741056960958
200;1741056965909
200;1741056965972
200;1741056968466
200;1741056970931
200;1741056970939
200;1741056971000
200;1741056975868
200;1741056975920
200;1741056975935
200;1741056980908
200;1741056980916
200;1741056980923
200;1741056985876
200;1741056985920
200;1741056985928
200;1741056990868
200;1741056990902
200;1741056990936
200;1741056995936
200;1741056995944
200;1741056996034
200;1741057000926
200;1741057000936
200;1741057001101
200;1741057005871
200;1741057005914
200;1741057005922
200;1741057010908
200;1741057010917
200;1741057010944
200;1741057015896
200;1741057015904
200;1741057015950
200;1741057020876
200;1741057020995
200;1741057021146
200;1741057025932
200;1741057025941
200;1741057025976
200;1741057030900
200;1741057030909
200;1741057030935
200;1741057035995
200;1741057036003
200;1741057040921
200;1741057040929
200;1741057040973
200;1741057045935
200;1741057045944
200;1741057046003
200;1741057050908
200;1741057050916
200;1741057050923
200;1741057055940
200;1741057055951
200;1741057055956
200;1741057060910
200;1741057060918
200;1741057063537
200;1741057065874
200;1741057065885
200;1741057065952
200;1741057070901
200;1741057070909
200;1741057071175
200;1741057075872
200;1741057075879
200;1741057075938
200;1741057080958
200;1741057080967
200;1741057081009
200;1741057085909
200;1741057085918
200;1741057085925
200;1741057090874
200;1741057090885
200;1741057090916
200;1741057095911
200;1741057095921
200;1741057096123
200;1741057100875
200;1741057100945
200;1741057100951
200;1741057105861
200;1741057105970
200;1741057108591
200;1741057110922
200;1741057110932
200;1741057110992
200;1741057115941
200;1741057115952
200;1741057116063
200;1741057120934
200;1741057120941
200;1741057121015
200;1741057125917
200;1741057125925
200;1741057125933
200;1741057130854
200;1741057131040
200;1741057131050
200;1741057135872
200;1741057135917
200;1741057135924
200;1741057140907
200;1741057140946
200;1741057143611
200;1741057145938
200;1741057145994
200;1741057146061
200;1741057150984
200;1741057151055
200;1741057151117
200;1741057155911
200;1741057155918
200;1741057156039
200;1741057160945
200;1741057160953
200;1741057163791
200;1741057165870
200;1741057165878
200;1741057166011
200;1741057170873
200;1741057170883
200;1741057170917
200;1741057175909
200;1741057175917
200;1741057176052
200;1741057180860
200;1741057183587
200;1741057183825
200;1741057185866
200;1741057185909
200;1741057185916
200;1741057190882
200;1741057190889
200;1741057191137
200;1741057195868
200;1741057195909
200;1741057195915
200;1741057200875
200;1741057200957
200;1741057200965
200;1741057205866
200;1741057205919
200;1741057205925
200;1741057210866
200;1741057210960
200;1741057210964
200;1741057215908
200;1741057215913
200;1741057215993
200;1741057220910
200;1741057220916
200;1741057220972
200;1741057225909
200;1741057225916
200;1741057225946
200;1741057230903
200;1741057230949
200;1741057231017
200;1741057235928
200;1741057238191
200;1741057240874
200;1741057240881
200;1741057240987
200;1741057245908
200;1741057245914
200;1741057245976
200;1741057250879
200;1741057250920
200;1741057250927
200;1741057255900
200;1741057255907
200;1741057256050
200;1741057260875
200;1741057260944
200;1741057260952
200;1741057265901
200;1741057265909
200;1741057265968
200;1741057270938
200;1741057270943
200;1741057271077
200;1741057275875
200;1741057275919
200;1741057275925
200;1741057280868
200;1741057280908
200;1741057280916
200;1741057285913
200;1741057285921
200;1741057285927
200;1741057290935
200;1741057290942
200;1741057291128
200;1741057295948
200;1741057295954
200;1741057296011
200;1741057300912
200;1741057300919
200;1741057301027
200;1741057305869
200;1741057305943
200;1741057305953
200;1741057310937
200;1741057310944
200;1741057310987
200;1741057315900
200;1741057315906
200;1741057316031
200;1741057320884
200;1741057320891
200;1741057320985
200;1741057325868
200;1741057325915
200;1741057325921
200;1741057330913
200;1741057330962
200;1741057330970
200;1741057335865
200;1741057335926
200;1741057335933
200;1741057340893
200;1741057340900
200;1741057340906
200;1741057345927
200;1741057345933
200;1741057346015
200;1741057350918
200;1741057350946
200;1741057350951
200;1741057355908
200;1741057355916
200;1741057356007
200;1741057360870
200;1741057360918
200;1741057360925
200;1741057365898
200;1741057365940
200;1741057366067
200;1741057370916
200;1741057370964
200;1741057370974
200;1741057375924
200;1741057375931
200;1741057375937
200;1741057380875
200;1741057380944
200;1741057380951
200;1741057385932
200;1741057385939
200;1741057386010
200;1741057390967
200;1741057390974
200;1741057391027
200;1741057395882
200;1741057395952
200;1741057396061
200;1741057400948
200;1741057400953
200;1741057401047
200;1741057405912
200;1741057405919
200;1741057405925
200;1741057410870
200;1741057410876
200;1741057410927
200;1741057415917
200;1741057415940
200;1741057416115
200;1741057420879
200;1741057420885
200;1741057420954
200;1741057425942
200;1741057425950
200;1741057425958
200;1741057430869
200;1741057430878
200;1741057431004
200;1741057435902
200;1741057436025
200;1741057438755
200;1741057440865
200;1741057440924
200;1741057440932
200;1741057445908
200;1741057445977
200;1741057445985
200;1741057450869
200;1741057450876
200;1741057450987
200;1741057455979
200;1741057456024
200;1741057456053
200;1741057460884
200;1741057460931
200;1741057461003
200;1741057465911
200;1741057465919
200;1741057465968
200;1741057470866
200;1741057470896
200;1741057470902
200;1741057475917
200;1741057475924
200;1741057475931
200;1741057480908
200;1741057480915
200;1741057480922
200;1741057485907
200;1741057485913
200;1741057485969
200;1741057490867
200;1741057490960
200;1741057490966
200;1741057495911
200;1741057495943
200;1741057495950
200;1741057500962
200;1741057500969
200;1741057500976
200;1741057505876
200;1741057505947
200;1741057505954
200;1741057510867
200;1741057510968
200;1741057510973
200;1741057515875
200;1741057515883
200;1741057515938
200;1741057520865
200;1741057520909
200;1741057520918
200;1741057525944
200;1741057525952
200;1741057525958
200;1741057530914
200;1741057530995
200;1741057531043
200;1741057535866
200;1741057535908
200;1741057535917
200;1741057540950
200;1741057541029
200;1741057541037
200;1741057545872
200;1741057545881
200;1741057545994
200;1741057550898
200;1741057550905
200;1741057550946
200;1741057555916
200;1741057555923
200;1741057555939
200;1741057560957
200;1741057560965
200;1741057561026
200;1741057565887
200;1741057565935
200;1741057566082
200;1741057570898
200;1741057570969
200;1741057571054
200;1741057575903
200;1741057575911
200;1741057575946
200;1741057580866
200;1741057580959
200;1741057580968
200;1741057585900
200;1741057585910
200;1741057585941
200;1741057590981
200;1741057590992
200;1741057592906
200;1741057595872
200;1741057595912
200;1741057595919
200;1741057600907
200;1741057600916
200;1741057600947
200;1741057605894
200;1741057605964
200;1741057605975
200;1741057610909
200;1741057610917
200;1741057610925
200;1741057615869
200;1741057615957
200;1741057615964
200;1741057620913
200;1741057620922
200;1741057620930
200;1741057625865
200;1741057625912
200;1741057625920
200;1741057630899
200;1741057630907
200;1741057630985
200;1741057635865
200;1741057635909
200;1741057635916
200;1741057640868
200;1741057640904
200;1741057640981
200;1741057645866
200;1741057645957
200;1741057645964
200;1741057650898
200;1741057650906
200;1741057650940
200;1741057655877
200;1741057655887
200;1741057656075
200;1741057660956
200;1741057660964
200;1741057660993
200;1741057665875
200;1741057665899
200;1741057665905
200;1741057670869
200;1741057670918
200;1741057670998
200;1741057675915
200;1741057675920
200;1741057675970
200;1741057680873
200;1741057680965
200;1741057680973
200;1741057685908
200;1741057685916
200;1741057685926
200;1741057690914
200;1741057690921
200;1741057690958
200;1741057695910
200;1741057695921
200;1741057695952
200;1741057700912
200;1741057700919
200;1741057700926
200;1741057705949
200;1741057705957
200;1741057708794
200;1741057710853
200;1741057710941
200;1741057710983
200;1741057715893
200;1741057715900
200;1741057715930
200;1741057720905
200;1741057720913
200;1741057720939
200;1741057725862
200;1741057725933
200;1741057725983
200;1741057730911
200;1741057730916
200;1741057730922
200;1741057735929
200;1741057735937
200;1741057736010
200;1741057740868
200;1741057740875
200;1741057741010
200;1741057745914
200;1741057745921
200;1741057745930
200;1741057750867
200;1741057750957
200;1741057750964
200;1741057755909
200;1741057755917
200;1741057755962
200;1741057760880
200;1741057760887
200;1741057760962
200;1741057765900
200;1741057765920
200;1741057766027
200;1741057770871
200;1741057770932
200;1741057770940
200;1741057775880
200;1741057775888
200;1741057776093
200;1741057780869
200;1741057780877
200;1741057781015
200;1741057785852
200;1741057785884
200;1741057785947
200;1741057790871
200;1741057790944
200;1741057790952
200;1741057795890
200;1741057795899
200;1741057795948
200;1741057800879
200;1741057800993
200;1741057801001
200;1741057805922
200;1741057805929
200;1741057805966
200;1741057810961
200;1741057810966
200;1741057811035
200;1741057815925
200;1741057815932
200;1741057815983
200;1741057820871
200;1741057820914
200;1741057820923
200;1741057825879
200;1741057825886
200;1741057825920
200;1741057830940
200;1741057830947
200;1741057831158
200;1741057835902
200;1741057835949
200;1741057835957
200;1741057840878
200;1741057840913
200;1741057840918
200;1741057845944
200;1741057845952
200;1741057845959
200;1741057850866
200;1741057850875
200;1741057850960
200;1741057855904
200;1741057855910
200;1741057858177
200;1741057860901
200;1741057860907
200;1741057863204
200;1741057865909
200;1741057865916
200;1741057865958
200;1741057870875
200;1741057870905
200;1741057870913
200;1741057875937
200;1741057875946
200;1741057880873
200;1741057880882
200;1741057881008
200;1741057885899
200;1741057885952
200;1741057886065
200;1741057890897
200;1741057890981
200;1741057891015
200;1741057895920
200;1741057895928
200;1741057895983
200;1741057900872
200;1741057900964
200;1741057900972
200;1741057905924
200;1741057905932
200;1741057906124
200;1741057910876
200;1741057910920
200;1741057910928
200;1741057915894
200;1741057918114
200;1741057918410
200;1741057920928
200;1741057920937
200;1741057920952
200;1741057925875
200;1741057925924
200;1741057925932
200;1741057930870
200;1741057930917
200;1741057930925
200;1741057936002
200;1741057936089
200;1741057938500
200;1741057940895
200;1741057940910
200;1741057940939
200;1741057945928
200;1741057945935
200;1741057945979
200;1741057950965
200;1741057950974
200;1741057950993
200;1741057955874
200;1741057955920
200;1741057955924
200;1741057960909
200;1741057960967
200;1741057961009
200;1741057965904
200;1741057965914
200;1741057965944
200;1741057970952
200;1741057970959
200;1741057971053
200;1741057975874
200;1741057975912
200;1741057975920
200;1741057980899
200;1741057980995
200;1741057983675
200;1741057985949
200;1741057985956
200;1741057988799
200;1741057990917
200;1741057990925
200;1741057990945
200;1741057995867
200;1741057995876
200;1741057995908
200;1741058000857
200;1741058000889
200;1741058000979
200;1741058005940
200;1741058005949
200;1741058006127
200;1741058010891
200;1741058010900
200;1741058010993
200;1741058015866
200;1741058015903
200;1741058015910
200;1741058022387
200;1741058022427
200;1741058022481
200;1741058025896
200;1741058025940
200;1741058025946
200;1741058030952
200;1741058030958
200;1741058031119
200;1741058035872
200;1741058035878
200;1741058035948
200;1741058040896
200;1741058040905
200;1741058040984
200;1741058045876
200;1741058045921
200;1741058045929
200;1741058050908
200;1741058050916
200;1741058050938
200;1741058055923
200;1741058055931
200;1741058056003
200;1741058060872
200;1741058060933
200;1741058060942
200;1741058065852
200;1741058065981
200;1741058066125
200;1741058070869
200;1741058070878
200;1741058070984
200;1741058075865
200;1741058075908
200;1741058075915
200;1741058080867
200;1741058080937
200;1741058080944
200;1741058085939
200;1741058086037
200;1741058086050
200;1741058090938
200;1741058090945
200;1741058091018
200;1741058095888
200;1741058095932
200;1741058095946
200;1741058100867
200;1741058100901
200;1741058100921
200;1741058105924
200;1741058105928
200;1741058105934
200;1741058110869
200;1741058110917
200;1741058110924
200;1741058115885
200;1741058115893
200;1741058115939
200;1741058120909
200;1741058120918
200;1741058120925
200;1741058125941
200;1741058125949
200;1741058126020
200;1741058130877
200;1741058130946
200;1741058130953
200;1741058135872
200;1741058135879
200;1741058136025
200;1741058140908
200;1741058140915
200;1741058140921
200;1741058145908
200;1741058145916
200;1741058145923
200;1741058150876
200;1741058150957
200;1741058150964
200;1741058155875
200;1741058155972
200;1741058155979
200;1741058160867
200;1741058160877
200;1741058160939
200;1741058165866
200;1741058165981
200;1741058165990
200;1741058170868
200;1741058170920
200;1741058170961
200;1741058175909
200;1741058175918
200;1741058175926
200;1741058180869
200;1741058180913
200;1741058180920
200;1741058185878
200;1741058185886
200;1741058185973
200;1741058190894
200;1741058190902
200;1741058190953
200;1741058195917
200;1741058195925
200;1741058195969
200;1741058200884
200;1741058200892
200;1741058200929
200;1741058205867
200;1741058205981
200;1741058205987
200;1741058210983
200;1741058210990
200;1741058213504
200;1741058215899
200;1741058215982
200;1741058216129
200;1741058220866
200;1741058220913
200;1741058220922
200;1741058225931
200;1741058225938
200;1741058225974
200;1741058230936
200;1741058230946
200;1741058231079
200;1741058235867
200;1741058235938
200;1741058235977
200;1741058240973
200;1741058240982
200;1741058241061
200;1741058245872
200;1741058245913
200;1741058245922
200;1741058250875
200;1741058250926
200;1741058250933
200;1741058255912
200;1741058255922
200;1741058255926
200;1741058260909
200;1741058260917
200;1741058260925
200;1741058265889
200;1741058265948
200;1741058268609
200;1741058270868
200;1741058271055
200;1741058271132
200;1741058275904
200;1741058275911
200;1741058276009
200;1741058280922
200;1741058280929
200;1741058280973
200;1741058285870
200;1741058285920
200;1741058285928
200;1741058290979
200;1741058290987
200;1741058290997
200;1741058295867
200;1741058295919
200;1741058295925
200;1741058300908
200;1741058300915
200;1741058300923
200;1741058305888
200;1741058305896
200;1741058305942
200;1741058310922
200;1741058310929
200;1741058310966
200;1741058315861
200;1741058315960
200;1741058316106
200;1741058320912
200;1741058320919
200;1741058320993
200;1741058325999
200;1741058326006
200;1741058326149
200;1741058330913
200;1741058330922
200;1741058330930
200;1741058335920
200;1741058335929
200;1741058336116
200;1741058340900
200;1741058340951
200;1741058340999
200;1741058345928
200;1741058345936
200;1741058345970
200;1741058350920
200;1741058350929
200;1741058350991
200;1741058355974
200;1741058355984
200;1741058356119
200;1741058360867
200;1741058360959
200;1741058363305
200;1741058365877
200;1741058365901
200;1741058365907
200;1741058370869
200;1741058370882
200;1741058370965
200;1741058375909
200;1741058375953
200;1741058375961
200;1741058380982
200;1741058381097
200;1741058381122
200;1741058385910
200;1741058385916
200;1741058385994
200;1741058390984
200;1741058391064
200;1741058391130
200;1741058395865
200;1741058395904
200;1741058395910
200;1741058400869
200;1741058400877
200;1741058401046
200;1741058405869
200;1741058405909
200;1741058405916
200;1741058410908
200;1741058410914
200;1741058411070
200;1741058415881
200;1741058415903
200;1741058415911
200;1741058420902
200;1741058420911
200;1741058421076
200;1741058425903
200;1741058426015
200;1741058428831
200;1741058430871
200;1741058430880
200;1741058431076
200;1741058435871
200;1741058435920
200;1741058435961
200;1741058440886
200;1741058440895
200;1741058440909
200;1741058445866
200;1741058445908
200;1741058445916
200;1741058450867
200;1741058450908
200;1741058450916
200;1741058455948
200;1741058455970
200;1741058458254
200;1741058460900
200;1741058460952
200;1741058461019
200;1741058465910
200;1741058465918
200;1741058465926
200;1741058470971
200;1741058470978
200;1741058470985
200;1741058475915
200;1741058475959
200;1741058475971
200;1741058480913
200;1741058480921
200;1741058480957
200;1741058485914
200;1741058485928
200;1741058485941
200;1741058490902
200;1741058490910
200;1741058490970
200;1741058495891
200;1741058495897
200;1741058495936
200;1741058500872
200;1741058500967
200;1741058500976
200;1741058505930
200;1741058505938
200;1741058505945
200;1741058511006
200;1741058511014
200;1741058511021
200;1741058515965
200;1741058515977
200;1741058516064
200;1741058520981
200;1741058521062
200;1741058521129
200;1741058525951
200;1741058525957
200;1741058526001
200;1741058530925
200;1741058530933
200;1741058530951
200;1741058535915
200;1741058535923
200;1741058535929
200;1741058540879
200;1741058540922
200;1741058540930
200;1741058545888
200;1741058545910
200;1741058545917
200;1741058550879
200;1741058550921
200;1741058550930
200;1741058555885
200;1741058558543
200;1741058558649
200;1741058560998
200;1741058561008
200;1741058561128
200;1741058565917
200;1741058565925
200;1741058565932
200;1741058570883
200;1741058570951
200;1741058571131
200;1741058575913
200;1741058575921
200;1741058575929
200;1741058580912
200;1741058580920
200;1741058580928
200;1741058585865
200;1741058585908
200;1741058585917
200;1741058590925
200;1741058590932
200;1741058590965
200;1741058595865
200;1741058595909
200;1741058595917
200;1741058600874
200;1741058600882
200;1741058600994
200;1741058605914
200;1741058605921
200;1741058606012
200;1741058610914
200;1741058610944
200;1741058610986
200;1741058615871
200;1741058615881
200;1741058615961
200;1741058620910
200;1741058620919
200;1741058620992
200;1741058625890
200;1741058625898
200;1741058625973
200;1741058630901
200;1741058631087
200;1741058633253
200;1741058635867
200;1741058635909
200;1741058635917
200;1741058640897
200;1741058640907
200;1741058640973
200;1741058645956
200;1741058645965
200;1741058646021
200;1741058650957
200;1741058650966
200;1741058651001
200;1741058655867
200;1741058655926
200;1741058655936
200;1741058660853
200;1741058660892
200;1741058660994
200;1741058665977
200;1741058665987
200;1741058665995
200;1741058670883
200;1741058670892
200;1741058670981
200;1741058675916
200;1741058675925
200;1741058675969
200;1741058680877
200;1741058680952
200;1741058680958
200;1741058685886
200;1741058685894
200;1741058686015
200;1741058690988
200;1741058691020
200;1741058691107
200;1741058695890
200;1741058695897
200;1741058696037
200;1741058700913
200;1741058700946
200;1741058701021
200;1741058705850
200;1741058705875
200;1741058705915
200;1741058710884
200;1741058710924
200;1741058710980
200;1741058715872
200;1741058715881
200;1741058715975
200;1741058720955
200;1741058720963
200;1741058721027
200;1741058725901
200;1741058725910
200;1741058725956
200;1741058730909
200;1741058730918
200;1741058730926
200;1741058735888
200;1741058735931
200;1741058736072
200;1741058740922
200;1741058740930
200;1741058743161
200;1741058745907
200;1741058745915
200;1741058745952
200;1741058750915
200;1741058750921
200;1741058750928
200;1741058755874
200;1741058755945
200;1741058755956
200;1741058760970
200;1741058760979
200;1741058761023
200;1741058765945
200;1741058765952
200;1741058766053
200;1741058770909
200;1741058770919
200;1741058771048
200;1741058775933
200;1741058775941
200;1741058775985
200;1741058780936
200;1741058780942
200;1741058781019
200;1741058785951
200;1741058785958
200;1741058786054
200;1741058790871
200;1741058790942
200;1741058790947
200;1741058795913
200;1741058795922
200;1741058795929
200;1741058800983
200;1741058801177
200;1741058801237
200;1741058805883
200;1741058805929
200;1741058805936
200;1741058810920
200;1741058810928
200;1741058810936
200;1741058815983
200;1741058816313
200;1741058816412
200;1741058820867
200;1741058820949
200;1741058820957
200;1741058825910
200;1741058825917
200;1741058826156
200;1741058830929
200;1741058830939
200;1741058830949
200;1741058835920
200;1741058835929
200;1741058836002
200;1741058840889
200;1741058840897
200;1741058840938
200;1741058845902
200;1741058845909
200;1741058846036
200;1741058850910
200;1741058850918
200;1741058851062
200;1741058855925
200;1741058855936
200;1741058856055
200;1741058860900
200;1741058860940
200;1741058860947
200;1741058865876
200;1741058865905
200;1741058865926
200;1741058870877
200;1741058870925
200;1741058870965
200;1741058875878
200;1741058875886
200;1741058875983
200;1741058880875
200;1741058880908
200;1741058880915
200;1741058885904
200;1741058885912
200;1741058885918
200;1741058890886
200;1741058890894
200;1741058890914
200;1741058895916
200;1741058895923
200;1741058895929
200;1741058900865
200;1741058900928
200;1741058900935
200;1741058905866
200;1741058906000
200;1741058906008
200;1741058910868
200;1741058910877
200;1741058910927
200;1741058915880
200;1741058915888
200;1741058915981
200;1741058920892
200;1741058920901
200;1741058920977
200;1741058925910
200;1741058925958
200;1741058925968
200;1741058930887
200;1741058930902
200;1741058930929
200;1741058935872
200;1741058935881
200;1741058935944
200;1741058941010
200;1741058941022
200;1741058943448
200;1741058945945
200;1741058945954
200;1741058945964
200;1741058950916
200;1741058950926
200;1741058950935
200;1741058955885
200;1741058955895
200;1741058956033
200;1741058960876
200;1741058960977
200;1741058960985
200;1741058965864
200;1741058965914
200;1741058965922
200;1741058970910
200;1741058970916
200;1741058970922
200;1741058975902
200;1741058975933
200;1741058975982
200;1741058981007
200;1741058981017
200;1741058983599
200;1741058985930
200;1741058985938
200;1741058985973
200;1741058990872
200;1741058990921
200;1741058991149
200;1741058995867
200;1741058995940
200;1741058995948
200;1741059000871
200;1741059000968
200;1741059000978
200;1741059005885
200;1741059005894
200;1741059005949
200;1741059010871
200;1741059010899
200;1741059010909
200;1741059015912
200;1741059015921
200;1741059015940
200;1741059020873
200;1741059020900
200;1741059020908
200;1741059025893
200;1741059025900
200;1741059026006
200;1741059030909
200;1741059030977
200;1741059030986
200;1741059035979
200;1741059036065
200;1741059036109
200;1741059040865
200;1741059040967
200;1741059040990
200;1741059045917
200;1741059046000
200;1741059046032
200;1741059050895
200;1741059050904
200;1741059051053
200;1741059055982
200;1741059055990
200;1741059058284
200;1741059060868
200;1741059060958
200;1741059060964
200;1741059065998
200;1741059066006
200;1741059068261
200;1741059070909
200;1741059070956
200;1741059070963
200;1741059075902
200;1741059075911
200;1741059075933
200;1741059080852
200;1741059081012
200;1741059081147
200;1741059085918
200;1741059086020
200;1741059086072
200;1741059090883
200;1741059090973
200;1741059090982
200;1741059095999
200;1741059096007
200;1741059096127
200;1741059100961
200;1741059100971
200;1741059101124
200;1741059105867
200;1741059105920
200;1741059105930
200;1741059110896
200;1741059110946
200;1741059110954
200;1741059115871
200;1741059115964
200;1741059116037
200;1741059120871
200;1741059120934
200;1741059120942
200;1741059125879
200;1741059125887
200;1741059125947
200;1741059130914
200;1741059130922
200;1741059130930
200;1741059135866
200;1741059135915
200;1741059135923
200;1741059140912
200;1741059140919
200;1741059140926
200;1741059145882
200;1741059145913
200;1741059145920
200;1741059150870
200;1741059150914
200;1741059150922
200;1741059155928
200;1741059155939
200;1741059155951
200;1741059160904
200;1741059160910
200;1741059160931
200;1741059165909
200;1741059165916
200;1741059165921
200;1741059170934
200;1741059170942
200;1741059170952
200;1741059175876
200;1741059175927
200;1741059176060
200;1741059180909
200;1741059181006
200;1741059181018
200;1741059185952
200;1741059185962
200;1741059186057
200;1741059190926
200;1741059190934
200;1741059191017
200;1741059195891
200;1741059195900
200;1741059196107
200;1741059200916
200;1741059200922
200;1741059200987
200;1741059205867
200;1741059205912
200;1741059205919
200;1741059210865
200;1741059210909
200;1741059210917
200;1741059215867
200;1741059215908
200;1741059215915
200;1741059220903
200;1741059220910
200;1741059220949
200;1741059225961
200;1741059225969
200;1741059226097
200;1741059230973
200;1741059230983
200;1741059231008
200;1741059235870
200;1741059235898
200;1741059235906
200;1741059240887
200;1741059240965
200;1741059240977
200;1741059245915
200;1741059245920
200;1741059245925
200;1741059250925
200;1741059250932
200;1741059250992
200;1741059255910
200;1741059255917
200;1741059255924
200;1741059260867
200;1741059260966
200;1741059261073
200;1741059265932
200;1741059265940
200;1741059266015
200;1741059270883
200;1741059270929
200;1741059270935
200;1741059275887
200;1741059275928
200;1741059275936
200;1741059280866
200;1741059280873
200;1741059281007
200;1741059285875
200;1741059285900
200;1741059285907
200;1741059290888
200;1741059290896
200;1741059290912
200;1741059295865
200;1741059295925
200;1741059295933
200;1741059300866
200;1741059300908
200;1741059300915
200;1741059305895
200;1741059305902
200;1741059305973
200;1741059310877
200;1741059310885
200;1741059311097
200;1741059315867
200;1741059315936
200;1741059315942
200;1741059320918
200;1741059320925
200;1741059320959
200;1741059325909
200;1741059325917
200;1741059326006
200;1741059330886
200;1741059330892
200;1741059331072
200;1741059335939
200;1741059336019
200;1741059336147
200;1741059340882
200;1741059340961
200;1741059341042
200;1741059345868
200;1741059346009
200;1741059346205
200;1741059350873
200;1741059350958
200;1741059351008
200;1741059355882
200;1741059355954
200;1741059355967
200;1741059360850
200;1741059360925
200;1741059360958
200;1741059365875
200;1741059365903
200;1741059365941
200;1741059370874
200;1741059370933
200;1741059373126
200;1741059375907
200;1741059375914
200;1741059375921
200;1741059380902
200;1741059380911
200;1741059383734
200;1741059385873
200;1741059385900
200;1741059385907
200;1741059390934
200;1741059390942
200;1741059391021
200;1741059396645
200;1741059396706
200;1741059396753
200;1741059400865
200;1741059400912
200;1741059400920
200;1741059405870
200;1741059405879
200;1741059405952
200;1741059410900
200;1741059410907
200;1741059410948
200;1741059415872
200;1741059415921
200;1741059415928
200;1741059420866
200;1741059420912
200;1741059420920
200;1741059425875
200;1741059425885
200;1741059425984
200;1741059430866
200;1741059430908
200;1741059430913
200;1741059435884
200;1741059435909
200;1741059435916
200;1741059440970
200;1741059440978
200;1741059441059
200;1741059445926
200;1741059445933
200;1741059445957
200;1741059450871
200;1741059450928
200;1741059450936
200;1741059455925
200;1741059455977
200;1741059458312
200;1741059460930
200;1741059460962
200;1741059461043
200;1741059465878
200;1741059465939
200;1741059465947
200;1741059470887
200;1741059470896
200;1741059471045
200;1741059475929
200;1741059475941
200;1741059477890
200;1741059480875
200;1741059480921
200;1741059480981
200;1741059485893
200;1741059485952
200;1741059485960
200;1741059490926
200;1741059490934
200;1741059491084
200;1741059495873
200;1741059495898
200;1741059495904
200;1741059500885
200;1741059500891
200;1741059500953
200;1741059505865
200;1741059505908
200;1741059505916
200;1741059510896
200;1741059510997
200;1741059511089
200;1741059516018
200;1741059516199
200;1741059518718
200;1741059520879
200;1741059520892
200;1741059520973
200;1741059525889
200;1741059525938
200;1741059525946
200;1741059530873
200;1741059530954
200;1741059530961
200;1741059535910
200;1741059535916
200;1741059535923
200;1741059540940
200;1741059540949
200;1741059543329
200;1741059545883
200;1741059545955
200;1741059550897
200;1741059550907
200;1741059551042
200;1741059555913
200;1741059555923
200;1741059555930
200;1741059560920
200;1741059560928
200;1741059560960
200;1741059565937
200;1741059565945
200;1741059565959
200;1741059570937
200;1741059570947
200;1741059573833
200;1741059575937
200;1741059575945
200;1741059576144
200;1741059580913
200;1741059580989
200;1741059583884
200;1741059585978
200;1741059585985
200;1741059586127
200;1741059590860
200;1741059592955
200;1741059593250
200;1741059595875
200;1741059595900
200;1741059595908
200;1741059600916
200;1741059600985
200;1741059600991
200;1741059605876
200;1741059605962
200;1741059605967
200;1741059610904
200;1741059610910
200;1741059610947
200;1741059615893
200;1741059615902
200;1741059615923
200;1741059620936
200;1741059620940
200;1741059620954
200;1741059625924
200;1741059625933
200;1741059625993
200;1741059630871
200;1741059630921
200;1741059630930
200;1741059635908
200;1741059635916
200;1741059635923
200;1741059640865
200;1741059640973
200;1741059640981
200;1741059645904
200;1741059645941
200;1741059648156
200;1741059650875
200;1741059650981
200;1741059651024
200;1741059655890
200;1741059655898
200;1741059655923
200;1741059660867
200;1741059660910
200;1741059660917
200;1741059665916
200;1741059665923
200;1741059668746
200;1741059670915
200;1741059670921
200;1741059671117
200;1741059675869
200;1741059675976
200;1741059675984
200;1741059680917
200;1741059680926
200;1741059680934
200;1741059685886
200;1741059685934
200;1741059685941
200;1741059690885
200;1741059690934
200;1741059693953
200;1741059695914
200;1741059695921
200;1741059695992
200;1741059700916
200;1741059700923
200;1741059700955
200;1741059705873
200;1741059705884
200;1741059705904
200;1741059710968
200;1741059710976
200;1741059711178
200;1741059715865
200;1741059715908
200;1741059715914
200;1741059720913
200;1741059720922
200;1741059721036
200;1741059725872
200;1741059725965
200;1741059725972
200;1741059730870
200;1741059730959
200;1741059730966
200;1741059735910
200;1741059735919
200;1741059735981
200;1741059740909
200;1741059740915
200;1741059740954
200;1741059745867
200;1741059745972
200;1741059745980
200;1741059750908
200;1741059750915
200;1741059750943
200;1741059755902
200;1741059755913
200;1741059756047
200;1741059760908
200;1741059760916
200;1741059760923
200;1741059765927
200;1741059765935
200;1741059765987
200;1741059770869
200;1741059770958
200;1741059770966
200;1741059775889
200;1741059775897
200;1741059775965
200;1741059780870
200;1741059780947
200;1741059780956
200;1741059785876
200;1741059785900
200;1741059785907
200;1741059790901
200;1741059790908
200;1741059791031
200;1741059795909
200;1741059795916
200;1741059795922
200;1741059800941
200;1741059800949
200;1741059800957
200;1741059805908
200;1741059805915
200;1741059806045
200;1741059810868
200;1741059810962
200;1741059810970
200;1741059815913
200;1741059815920
200;1741059815928
200;1741059820934
200;1741059820944
200;1741059820967
200;1741059825909
200;1741059825917
200;1741059825923
200;1741059830908
200;1741059830915
200;1741059830922
200;1741059835931
200;1741059835940
200;1741059838173
200;1741059840871
200;1741059840940
200;1741059840947
200;1741059845911
200;1741059845918
200;1741059845989
200;1741059850921
200;1741059850927
200;1741059850999
200;1741059855912
200;1741059855943
200;1741059855952
200;1741059860879
200;1741059860889
200;1741059861137
200;1741059865904
200;1741059865944
200;1741059866118
200;1741059870867
200;1741059870928
200;1741059870937
200;1741059875896
200;1741059875903
200;1741059875982
200;1741059880876
200;1741059880885
200;1741059881053
200;1741059885927
200;1741059885935
200;1741059885953
200;1741059890866
200;1741059890938
200;1741059890946
200;1741059895910
200;1741059895917
200;1741059896125
200;1741059900869
200;1741059901166
200;1741059901237
200;1741059905900
200;1741059905907
200;1741059905992
200;1741059910896
200;1741059910903
200;1741059910940
200;1741059915866
200;1741059915908
200;1741059915915
200;1741059920916
200;1741059920925
200;1741059920959
200;1741059925921
200;1741059925929
200;1741059925965
200;1741059930932
200;1741059930940
200;1741059930946
200;1741059935869
200;1741059935959
200;1741059935966
200;1741059940894
200;1741059940903
200;1741059940936
200;1741059945901
200;1741059945908
200;1741059946068
200;1741059950903
200;1741059950909
200;1741059951079
200;1741059955903
200;1741059956051
200;1741059958655
200;1741059960934
200;1741059961037
200;1741059963478
200;1741059965954
200;1741059965960
200;1741059965967
200;1741059970863
200;1741059970951
200;1741059970962
200;1741059975918
200;1741059975925
200;1741059975946
200;1741059980916
200;1741059980924
200;1741059980972
200;1741059985932
200;1741059985938
200;1741059985948
200;1741059990915
200;1741059990924
200;1741059991017
200;1741059995872
200;1741059995899
200;1741059995907
200;1741060000895
200;1741060000904
200;1741060000989
200;1741060005867
200;1741060005876
200;1741060006095
200;1741060010917
200;1741060010923
200;1741060010930
200;1741060015875
200;1741060015882
200;1741060015925
200;1741060020909
200;1741060020916
200;1741060020923
200;1741060025912
200;1741060025920
200;1741060025926
200;1741060030895
200;1741060030977
200;1741060031023
200;1741060035867
200;1741060035877
200;1741060035934
200;1741060040880
200;1741060040925
200;1741060040936
200;1741060045908
200;1741060045915
200;1741060046062
200;1741060050876
200;1741060050914
200;1741060051058
200;1741060055912
200;1741060055916
200;1741060056054
200;1741060060866
200;1741060060963
200;1741060060971
200;1741060065917
200;1741060065950
200;1741060065956
200;1741060070866
200;1741060070943
200;1741060070949
200;1741060075920
200;1741060075991
200;1741060077912
200;1741060080879
200;1741060080921
200;1741060080929
200;1741060085936
200;1741060085942
200;1741060086087
200;1741060090904
200;1741060090914
200;1741060091121
200;1741060095912
200;1741060095959
200;1741060095969
200;1741060100873
200;1741060100961
200;1741060100969
200;1741060105917
200;1741060105926
200;1741060105982
200;1741060110982
200;1741060111050
200;1741060111129
200;1741060115915
200;1741060115969
200;1741060116083
200;1741060120871
200;1741060120914
200;1741060120924
200;1741060125893
200;1741060127924
200;1741060128407
200;1741060130871
200;1741060130897
200;1741060130908
200;1741060135889
200;1741060135899
200;1741060135975
200;1741060140940
200;1741060140948
200;1741060141027
200;1741060145874
200;1741060145925
200;1741060145932
200;1741060150911
200;1741060150919
200;1741060150971
200;1741060155876
200;1741060155921
200;1741060155929
200;1741060160922
200;1741060160961
200;1741060161026
200;1741060165880
200;1741060165888
200;1741060165950
200;1741060170904
200;1741060170912
200;1741060171045
200;1741060175964
200;1741060175970
200;1741060176036
200;1741060180862
200;1741060180910
200;1741060180964
200;1741060185962
200;1741060185970
200;1741060186030
200;1741060190893
200;1741060190902
200;1741060190963
200;1741060195908
200;1741060195916
200;1741060195976
200;1741060200909
200;1741060200918
200;1741060200935
200;1741060205936
200;1741060205941
200;1741060206061
200;1741060210937
200;1741060210943
200;1741060210949
200;1741060215888
200;1741060215961
200;1741060215970
200;1741060220885
200;1741060220893
200;1741060221006
200;1741060225944
200;1741060225950
200;1741060226005
200;1741060230871
200;1741060230911
200;1741060230918
200;1741060235904
200;1741060235910
200;1741060235916
200;1741060240893
200;1741060240901
200;1741060240908
200;1741060245878
200;1741060245885
200;1741060246043
200;1741060250905
200;1741060250914
200;1741060250959
200;1741060255917
200;1741060255930
200;1741060256169
200;1741060260868
200;1741060260899
200;1741060260937
200;1741060265881
200;1741060265969
200;1741060265976
200;1741060270925
200;1741060270931
200;1741060270995
200;1741060275879
200;1741060275885
200;1741060275941
200;1741060280923
200;1741060280933
200;1741060280976
200;1741060285957
200;1741060285967
200;1741060285975
200;1741060290883
200;1741060290916
200;1741060290925
200;1741060295970
200;1741060296034
200;1741060298825
200;1741060300959
200;1741060300967
200;1741060301140
200;1741060305867
200;1741060305875
200;1741060305915
200;1741060310907
200;1741060310963
200;1741060310970
200;1741060315982
200;1741060316077
200;1741060316122
200;1741060320871
200;1741060320953
200;1741060320959
200;1741060325865
200;1741060325909
200;1741060325917
200;1741060330867
200;1741060330913
200;1741060330921
200;1741060335875
200;1741060335884
200;1741060336013
200;1741060340849
200;1741060340916
200;1741060340969
200;1741060345854
200;1741060345901
200;1741060345944
200;1741060350869
200;1741060350906
200;1741060350913
200;1741060355884
200;1741060355893
200;1741060355943
200;1741060360909
200;1741060360918
200;1741060360997
200;1741060365880
200;1741060365969
200;1741060366036
200;1741060370884
200;1741060370949
200;1741060372939
200;1741060375866
200;1741060375896
200;1741060375995
200;1741060380917
200;1741060380924
200;1741060380949
200;1741060385912
200;1741060385920
200;1741060385927
200;1741060390870
200;1741060390947
200;1741060391040
200;1741060395940
200;1741060395948
200;1741060396008
200;1741060400937
200;1741060400945
200;1741060400999
200;1741060405865
200;1741060405936
200;1741060405945
200;1741060410866
200;1741060410908
200;1741060410915
200;1741060415878
200;1741060415959
200;1741060416028
200;1741060420866
200;1741060420923
200;1741060420931
200;1741060425944
200;1741060425951
200;1741060428227
200;1741060430888
200;1741060430896
200;1741060430983
200;1741060435982
200;1741060436052
200;1741060436169
200;1741060440868
200;1741060440913
200;1741060440920
200;1741060445925
200;1741060445934
200;1741060446085
200;1741060450918
200;1741060450925
200;1741060451012
200;1741060455984
200;1741060455994
200;1741060456071
200;1741060460942
200;1741060460950
200;1741060460996
200;1741060465911
200;1741060465918
200;1741060466135
200;1741060470875
200;1741060470915
200;1741060470921
200;1741060475912
200;1741060475920
200;1741060475927
200;1741060480908
200;1741060480914
200;1741060480944
200;1741060485875
200;1741060485921
200;1741060485927
200;1741060490887
200;1741060490896
200;1741060490971
200;1741060495910
200;1741060495916
200;1741060495923
200;1741060500912
200;1741060500918
200;1741060500946
200;1741060505918
200;1741060505926
200;1741060505979
200;1741060510878
200;1741060510886
200;1741060510938
200;1741060515872
200;1741060515879
200;1741060516066
200;1741060520884
200;1741060520891
200;1741060520968
200;1741060525933
200;1741060525940
200;1741060526021
200;1741060530873
200;1741060530926
200;1741060530935
200;1741060535932
200;1741060535939
200;1741060536057
200;1741060540900
200;1741060540907
200;1741060540991
200;1741060545916
200;1741060545923
200;1741060545932
200;1741060550875
200;1741060550886
200;1741060550949
200;1741060555938
200;1741060555946
200;1741060556073
200;1741060560855
200;1741060560907
200;1741060560965
200;1741060565913
200;1741060565920
200;1741060565935
200;1741060570981
200;1741060571048
200;1741060571120
200;1741060575866
200;1741060575913
200;1741060575919
200;1741060580867
200;1741060580910
200;1741060580916
200;1741060585908
200;1741060585914
200;1741060585920
200;1741060590866
200;1741060590912
200;1741060590919
200;1741060595866
200;1741060595909
200;1741060595919
200;1741060600880
200;1741060600939
200;1741060600947
200;1741060605876
200;1741060605886
200;1741060605953
200;1741060611010
200;1741060611055
200;1741060613238
200;1741060615866
200;1741060615909
200;1741060615919
200;1741060620982
200;1741060621092
200;1741060621119
200;1741060625980
200;1741060626098
200;1741060626146
200;1741060630868
200;1741060630875
200;1741060630945
200;1741060635928
200;1741060635936
200;1741060635991
200;1741060640889
200;1741060640900
200;1741060640975
200;1741060645910
200;1741060645919
200;1741060645971
200;1741060650921
200;1741060650928
200;1741060651010
200;1741060655907
200;1741060655916
200;1741060656051
200;1741060660909
200;1741060660917
200;1741060661089
200;1741060665926
200;1741060665932
200;1741060666003
200;1741060670910
200;1741060670917
200;1741060670924
200;1741060675893
200;1741060675901
200;1741060678412
200;1741060680882
200;1741060681136
200;1741060682974
200;1741060685933
200;1741060685942
200;1741060688458
200;1741060690911
200;1741060690919
200;1741060691034
200;1741060695867
200;1741060695957
200;1741060695965
200;1741060701026
200;1741060701054
200;1741060701166
200;1741060705915
200;1741060705922
200;1741060705928
200;1741060710900
200;1741060710909
200;1741060710926
200;1741060715891
200;1741060715933
200;1741060715941
200;1741060720910
200;1741060721003
200;1741060723437
200;1741060725924
200;1741060725933
200;1741060725941
200;1741060730953
200;1741060730962
200;1741060731023
200;1741060735880
200;1741060735922
200;1741060735930
200;1741060740876
200;1741060740933
200;1741060740941
200;1741060745867
200;1741060745908
200;1741060745915
200;1741060750917
200;1741060750925
200;1741060750957
200;1741060755905
200;1741060755915
200;1741060755991
200;1741060760885
200;1741060760895
200;1741060761001
200;1741060765960
200;1741060765969
200;1741060766019
200;1741060770853
200;1741060771068
200;1741060773493
200;1741060775885
200;1741060775896
200;1741060775949
200;1741060780918
200;1741060780927
200;1741060780937
200;1741060785907
200;1741060785952
200;1741060785959
200;1741060790992
200;1741060791002
200;1741060791079
200;1741060795905
200;1741060795913
200;1741060795922
200;1741060801010
200;1741060801096
200;1741060803199
200;1741060805891
200;1741060805897
200;1741060805968
200;1741060810916
200;1741060810921
200;1741060810931
200;1741060815922
200;1741060815927
200;1741060816041
200;1741060820875
200;1741060820881
200;1741060820942
200;1741060825867
200;1741060825909
200;1741060825916
200;1741060830928
200;1741060830934
200;1741060831003
200;1741060835916
200;1741060835923
200;1741060835940
200;1741060840866
200;1741060840971
200;1741060840977
200;1741060845871
200;1741060845911
200;1741060845917
200;1741060850944
200;1741060850952
200;1741060850996
200;1741060855867
200;1741060855873
200;1741060855992
200;1741060860865
200;1741060860920
200;1741060860926
200;1741060865882
200;1741060865888
200;1741060865967
200;1741060870866
200;1741060870951
200;1741060870956
200;1741060875924
200;1741060875929
200;1741060876056
200;1741060880911
200;1741060880916
200;1741060881131
200;1741060885879
200;1741060885968
200;1741060885976
200;1741060890920
200;1741060890930
200;1741060891077
200;1741060895879
200;1741060895948
200;1741060895954
200;1741060900906
200;1741060900945
200;1741060900999
200;1741060905888
200;1741060905895
200;1741060905937
200;1741060910884
200;1741060910891
200;1741060910961
200;1741060915869
200;1741060915908
200;1741060915916
200;1741060920879
200;1741060920910
200;1741060920949
200;1741060925926
200;1741060925933
200;1741060926005
200;1741060930867
200;1741060930874
200;1741060930898
200;1741060935866
200;1741060935872
200;1741060936016
200;1741060940941
200;1741060940948
200;1741060940954
200;1741060945871
200;1741060945924
200;1741060945931
200;1741060950911
200;1741060950919
200;1741060950947
200;1741060955865
200;1741060955923
200;1741060955931
200;1741060960921
200;1741060960930
200;1741060960937
200;1741060965866
200;1741060965909
200;1741060965917
200;1741060970878
200;1741060970916
200;1741060973815
200;1741060975878
200;1741060975884
200;1741060976049
200;1741060980874
200;1741060980960
200;1741060980967
200;1741060985961
200;1741060985968
200;1741060986008
200;1741060990900
200;1741060990908
200;1741060991136
200;1741060995908
200;1741060995916
200;1741060995922
200;1741061000897
200;1741061000941
200;1741061000948
200;1741061005944
200;1741061005951
200;1741061006027
200;1741061010865
200;1741061010908
200;1741061010915
200;1741061015896
200;1741061015904
200;1741061016023
200;1741061020917
200;1741061020926
200;1741061021028
200;1741061025864
200;1741061025938
200;1741061025947
200;1741061030908
200;1741061030956
200;1741061030962
200;1741061035877
200;1741061035885
200;1741061036036
200;1741061040853
200;1741061040933
200;1741061040999
200;1741061045913
200;1741061045920
200;1741061045993
200;1741061050928
200;1741061050933
200;1741061051132
200;1741061055905
200;1741061055912
200;1741061055998
200;1741061060912
200;1741061060920
200;1741061060973
200;1741061065877
200;1741061065956
200;1741061065966
200;1741061070885
200;1741061070894
200;1741061070958
200;1741061075881
200;1741061075923
200;1741061075930
200;1741061080911
200;1741061080920
200;1741061080985
200;1741061085891
200;1741061085908
200;1741061085953
200;1741061090938
200;1741061090947
200;1741061091003
200;1741061095885
200;1741061095893
200;1741061095968
200;1741061100895
200;1741061100980
200;1741061103842
200;1741061105896
200;1741061105904
200;1741061105976
200;1741061110917
200;1741061110967
200;1741061110975
200;1741061115914
200;1741061115920
200;1741061116012
200;1741061120888
200;1741061120896
200;1741061121000
200;1741061125993
200;1741061126031
200;1741061126198
200;1741061130905
200;1741061130914
200;1741061131021
200;1741061135880
200;1741061135978
200;1741061136019
200;1741061140875
200;1741061140882
200;1741061140968
200;1741061145996
200;1741061146073
200;1741061146162
200;1741061150877
200;1741061150920
200;1741061150927
200;1741061155909
200;1741061155917
200;1741061155994
200;1741061160904
200;1741061160912
200;1741061161099
200;1741061165866
200;1741061165908
200;1741061165918
200;1741061170913
200;1741061170921
200;1741061170928
200;1741061175881
200;1741061176110
200;1741061177897
200;1741061180904
200;1741061180911
200;1741061181078
200;1741061185968
200;1741061185975
200;1741061186020
200;1741061190930
200;1741061190937
200;1741061190946
200;1741061195933
200;1741061195939
200;1741061200894
200;1741061200902
200;1741061200978
200;1741061205873
200;1741061205913
200;1741061205920
200;1741061210891
200;1741061210910
200;1741061210916
200;1741061215881
200;1741061215889
200;1741061216080
200;1741061220854
200;1741061220925
200;1741061221105
200;1741061225876
200;1741061225928
200;1741061225937
200;1741061230924
200;1741061231023
200;1741061233576
200;1741061235866
200;1741061235959
200;1741061235968
200;1741061240882
200;1741061240936
200;1741061240945
200;1741061245901
200;1741061245949
200;1741061245957
200;1741061250871
200;1741061250912
200;1741061250919
200;1741061255888
200;1741061255892
200;1741061258724
200;1741061260872
200;1741061260967
200;1741061260978
200;1741061265876
200;1741061265969
200;1741061265978
200;1741061270867
200;1741061270911
200;1741061270918
200;1741061275930
200;1741061275937
200;1741061275978
200;1741061280910
200;1741061280918
200;1741061280943
200;1741061285904
200;1741061285913
200;1741061285921
200;1741061290882
200;1741061290889
200;1741061290920
200;1741061295900
200;1741061295994
200;1741061296088
200;1741061300876
200;1741061300916
200;1741061300925
200;1741061305874
200;1741061305929
200;1741061305936
200;1741061310869
200;1741061310976
200;1741061310984
200;1741061315990
200;1741061315998
200;1741061320939
200;1741061322982
200;1741061323546
200;1741061325911
200;1741061325920
200;1741061326023
200;1741061330909
200;1741061330917
200;1741061331020
200;1741061335931
200;1741061335940
200;1741061336043
200;1741061340911
200;1741061340956
200;1741061340964
200;1741061345856
200;1741061345950
200;1741061346071
200;1741061350908
200;1741061350915
200;1741061350921
200;1741061355866
200;1741061355937
200;1741061355980
200;1741061360929
200;1741061360938
200;1741061360948
200;1741061365878
200;1741061365948
200;1741061366088
200;1741061370896
200;1741061370905
200;1741061370937
200;1741061375908
200;1741061375916
200;1741061375923
200;1741061380905
200;1741061380915
200;1741061380949
200;1741061385943
200;1741061385963
200;1741061385976
200;1741061390881
200;1741061391021
200;1741061393234
200;1741061395917
200;1741061395924
200;1741061395962
200;1741061400888
200;1741061400896
200;1741061400920
200;1741061405866
200;1741061405969
200;1741061408448
200;1741061410866
200;1741061410934
200;1741061410984
200;1741061415897
200;1741061415906
200;1741061415932
200;1741061420867
200;1741061420919
200;1741061420926
200;1741061425911
200;1741061425918
200;1741061426024
200;1741061430865
200;1741061430959
200;1741061430968
200;1741061435920
200;1741061435929
200;1741061435937
200;1741061440861
200;1741061440889
200;1741061441096
200;1741061445866
200;1741061445910
200;1741061445918
200;1741061450894
200;1741061451040
200;1741061451079
200;1741061455896
200;1741061455904
200;1741061455943
200;1741061460917
200;1741061461008
200;1741061463473
200;1741061465896
200;1741061465904
200;1741061465976
200;1741061470909
200;1741061470919
200;1741061471054
200;1741061475876
200;1741061475910
200;1741061475919
200;1741061480897
200;1741061480906
200;1741061480969
200;1741061485880
200;1741061485888
200;1741061485929
200;1741061490894
200;1741061490902
200;1741061490980
200;1741061495866
200;1741061495949
200;1741061495959
200;1741061500958
200;1741061500982
200;1741061501077
200;1741061505886
200;1741061505894
200;1741061506009
200;1741061510911
200;1741061510919
200;1741061510955
200;1741061515913
200;1741061515921
200;1741061515938
200;1741061520870
200;1741061520964
200;1741061520974
200;1741061525871
200;1741061525913
200;1741061525922
200;1741061530866
200;1741061530908
200;1741061530916
200;1741061535955
200;1741061535961
200;1741061536139
200;1741061540888
200;1741061540897
200;1741061540979
200;1741061545934
200;1741061546069
200;1741061546098
200;1741061550900
200;1741061550908
200;1741061550983
200;1741061555916
200;1741061556089
200;1741061556190
200;1741061560964
200;1741061560973
200;1741061560993
200;1741061566022
200;1741061566094
200;1741061566124
200;1741061570894
200;1741061570995
200;1741061571005
200;1741061575909
200;1741061575917
200;1741061575925
200;1741061580871
200;1741061580879
200;1741061580978
200;1741061585868
200;1741061585915
200;1741061585922
200;1741061590909
200;1741061590918
200;1741061590997
200;1741061595866
200;1741061595902
200;1741061595911
200;1741061600964
200;1741061601018
200;1741061603264
200;1741061605908
200;1741061605915
200;1741061605922
200;1741061610935
200;1741061610943
200;1741061613021
200;1741061615893
200;1741061615902
200;1741061616102
200;1741061620870
200;1741061620926
200;1741061620935
200;1741061625881
200;1741061625918
200;1741061625965
200;1741061630981
200;1741061631205
200;1741061631295
200;1741061635909
200;1741061635917
200;1741061635952
200;1741061640969
200;1741061640976
200;1741061640997
200;1741061645872
200;1741061645918
200;1741061645924
200;1741061650969
200;1741061650978
200;1741061653253
200;1741061655866
200;1741061655908
200;1741061655915
200;1741061660865
200;1741061660894
200;1741061660932
200;1741061665872
200;1741061665880
200;1741061665959
200;1741061670914
200;1741061670922
200;1741061671014
200;1741061675876
200;1741061675918
200;1741061675926
200;1741061680881
200;1741061680924
200;1741061680932
200;1741061685908
200;1741061685915
200;1741061686032
200;1741061690869
200;1741061690957
200;1741061690965
200;1741061695929
200;1741061695938
200;1741061695969
200;1741061700938
200;1741061701045
200;1741061701173
200;1741061705870
200;1741061705916
200;1741061705922
200;1741061710868
200;1741061710927
200;1741061710935
200;1741061715881
200;1741061715936
200;1741061715956
200;1741061720887
200;1741061720934
200;1741061720942
200;1741061725909
200;1741061725916
200;1741061725924
200;1741061730890
200;1741061730931
200;1741061730938
200;1741061735865
200;1741061735902
200;1741061735909
200;1741061740880
200;1741061740949
200;1741061741000
200;1741061745936
200;1741061745945
200;1741061745973
200;1741061750899
200;1741061750952
200;1741061753189
200;1741061755870
200;1741061755921
200;1741061755929
200;1741061760893
200;1741061760902
200;1741061760985
200;1741061765874
200;1741061765885
200;1741061768424
200;1741061770870
200;1741061770879
200;1741061771020
200;1741061775917
200;1741061775925
200;1741061776139
200;1741061780913
200;1741061780921
200;1741061780971
200;1741061785894
200;1741061785937
200;1741061785945
200;1741061790937
200;1741061790947
200;1741061790958
200;1741061795869
200;1741061795878
200;1741061795956
200;1741061800905
200;1741061800912
200;1741061800948
200;1741061805866
200;1741061805909
200;1741061805917
200;1741061810870
200;1741061810878
200;1741061811078
200;1741061815906
200;1741061815912
200;1741061820874
200;1741061820922
200;1741061820930
200;1741061825911
200;1741061825917
200;1741061826073
200;1741061830913
200;1741061830920
200;1741061830928
200;1741061835865
200;1741061835957
200;1741061835965
200;1741061840982
200;1741061841034
200;1741061841103
200;1741061845890
200;1741061845972
200;1741061846035
200;1741061850872
200;1741061850878
200;1741061850968
200;1741061855882
200;1741061855957
200;1741061858460
200;1741061860868
200;1741061860925
200;1741061860933
200;1741061865872
200;1741061865930
200;1741061865941
200;1741061870940
200;1741061870946
200;1741061871004
200;1741061875916
200;1741061875924
200;1741061876017
200;1741061880907
200;1741061880997
200;1741061881015
200;1741061885908
200;1741061885914
200;1741061885920
200;1741061890922
200;1741061890930
200;1741061891095
200;1741061895987
200;1741061895999
200;1741061898730
200;1741061900868
200;1741061900914
200;1741061900922
200;1741061905905
200;1741061905915
200;1741061906032
200;1741061910865
200;1741061910928
200;1741061910933
200;1741061915865
200;1741061915922
200;1741061915930
200;1741061920880
200;1741061920905
200;1741061920912
200;1741061925961
200;1741061925968
200;1741061926075
200;1741061930885
200;1741061930896
200;1741061932959
200;1741061935981
200;1741061936047
200;1741061936149
200;1741061940865
200;1741061940948
200;1741061940957
200;1741061945868
200;1741061945876
200;1741061945946
200;1741061950909
200;1741061950915
200;1741061950923
200;1741061955910
200;1741061955945
200;1741061955950
200;1741061960875
200;1741061960917
200;1741061960924
200;1741061965905
200;1741061965914
200;1741061965949
200;1741061970912
200;1741061970919
200;1741061970928
200;1741061975944
200;1741061975953
200;1741061975961
200;1741061980908
200;1741061980916
200;1741061980923
200;1741061985927
200;1741061985937
200;1741061985988
200;1741061990929
200;1741061990936
200;1741061990990
200;1741061995921
200;1741061996155
200;1741061998614
200;1741062000875
200;1741062000923
200;1741062000931
200;1741062005852
200;1741062005916
200;1741062005957
200;1741062010917
200;1741062010949
200;1741062010955
200;1741062015875
200;1741062015914
200;1741062015959
200;1741062020879
200;1741062020886
200;1741062020914
200;1741062025954
200;1741062025963
200;1741062026127
200;1741062030868
200;1741062030877
200;1741062031109
200;1741062035915
200;1741062035922
200;1741062035929
200;1741062040880
200;1741062040965
200;1741062043634
200;1741062045928
200;1741062045988
200;1741062046065
200;1741062050873
200;1741062050911
200;1741062051076
200;1741062055900
200;1741062055907
200;1741062055925
200;1741062060884
200;1741062060893
200;1741062063523
200;1741062065867
200;1741062065909
200;1741062065917
200;1741062070904
200;1741062070971
200;1741062070995
200;1741062076015
200;1741062076094
200;1741062076149
200;1741062080925
200;1741062080958
200;1741062081100
200;1741062085865
200;1741062085940
200;1741062086019
200;1741062090929
200;1741062090937
200;1741062095905
200;1741062095914
200;1741062095932
200;1741062100915
200;1741062100922
200;1741062100972
200;1741062105866
200;1741062105937
200;1741062105946
200;1741062110872
200;1741062110917
200;1741062110925
200;1741062115899
200;1741062115905
200;1741062115984
200;1741062120889
200;1741062120933
200;1741062120941
200;1741062125871
200;1741062125913
200;1741062125923
200;1741062130879
200;1741062130923
200;1741062130933
200;1741062135911
200;1741062135917
200;1741062136167
200;1741062140889
200;1741062140924
200;1741062140941
200;1741062145888
200;1741062145932
200;1741062145940
200;1741062150854
200;1741062150973
200;1741062151059
200;1741062155880
200;1741062155902
200;1741062155907
200;1741062160916
200;1741062160924
200;1741062160974
200;1741062165921
200;1741062166013
200;1741062166041
200;1741062170924
200;1741062170934
200;1741062171101
200;1741062175920
200;1741062175926
200;1741062176100
200;1741062180865
200;1741062180918
200;1741062180928
200;1741062185928
200;1741062186030
200;1741062188249
200;1741062190867
200;1741062190911
200;1741062190920
200;1741062195871
200;1741062195880
200;1741062195921
200;1741062200871
200;1741062200951
200;1741062200959
200;1741062205868
200;1741062205939
200;1741062205947
200;1741062210877
200;1741062210886
200;1741062210946
200;1741062215929
200;1741062215937
200;1741062215951
200;1741062220907
200;1741062220957
200;1741062220965
200;1741062225872
200;1741062225912
200;1741062225919
200;1741062230924
200;1741062230930
200;1741062230936
200;1741062235877
200;1741062235953
200;1741062235962
200;1741062240854
200;1741062240888
200;1741062240993
200;1741062245865
200;1741062245944
200;1741062245951
200;1741062250954
200;1741062251031
200;1741062253164
200;1741062255925
200;1741062255931
200;1741062255999
200;1741062260867
200;1741062260955
200;1741062260962
200;1741062265972
200;1741062265978
200;1741062266021
200;1741062270881
200;1741062270917
200;1741062270924
200;1741062275916
200;1741062275946
200;1741062275954
200;1741062280886
200;1741062280895
200;1741062280991
200;1741062285894
200;1741062285932
200;1741062285939
200;1741062290857
200;1741062290902
200;1741062291034
200;1741062295955
200;1741062295974
200;1741062296083
200;1741062300896
200;1741062300904
200;1741062301106
200;1741062305875
200;1741062305917
200;1741062305924
200;1741062310909
200;1741062310945
200;1741062310953
200;1741062315952
200;1741062315958
200;1741062316076
200;1741062320872
200;1741062320944
200;1741062320951
200;1741062325973
200;1741062325982
200;1741062325999
200;1741062330867
200;1741062330909
200;1741062330919
200;1741062335908
200;1741062335948
200;1741062335955
200;1741062340954
200;1741062340961
200;1741062341042
200;1741062345922
200;1741062345949
200;1741062345960
200;1741062350913
200;1741062350922
200;1741062350943
200;1741062355868
200;1741062355971
200;1741062355980
200;1741062360870
200;1741062360880
200;1741062360961
200;1741062365870
200;1741062365931
200;1741062365938
200;1741062370877
200;1741062370950
200;1741062370961
200;1741062375895
200;1741062375903
200;1741062376001
200;1741062380866
200;1741062380900
200;1741062380938
200;1741062385867
200;1741062385899
200;1741062385907
200;1741062390886
200;1741062390937
200;1741062390977
200;1741062395868
200;1741062395929
200;1741062395938
200;1741062400868
200;1741062400908
200;1741062400914
200;1741062405889
200;1741062405899
200;1741062405973
200;1741062410909
200;1741062410915
200;1741062410921
200;1741062415872
200;1741062415880
200;1741062415912
200;1741062420918
200;1741062420951
200;1741062421071
200;1741062425904
200;1741062425911
200;1741062425951
200;1741062430909
200;1741062430950
200;1741062430957
200;1741062435877
200;1741062435950
200;1741062435961
200;1741062440912
200;1741062440920
200;1741062440928
200;1741062445921
200;1741062445970
200;1741062448617
200;1741062450867
200;1741062450909
200;1741062450919
200;1741062455933
200;1741062455938
200;1741062455971
200;1741062460866
200;1741062460908
200;1741062460916
200;1741062465890
200;1741062465898
200;1741062465975
200;1741062470890
200;1741062470934
200;1741062470942
200;1741062475912
200;1741062475955
200;1741062476026
200;1741062480930
200;1741062480937
200;1741062481004
200;1741062485872
200;1741062485944
200;1741062485953
200;1741062490925
200;1741062490935
200;1741062490973
200;1741062495976
200;1741062495983
200;1741062496046
200;1741062500923
200;1741062500932
200;1741062500995
200;1741062505920
200;1741062505959
200;1741062505969
200;1741062510888
200;1741062510898
200;1741062510952
200;1741062515893
200;1741062515900
200;1741062515982
200;1741062520916
200;1741062520924
200;1741062521028
200;1741062525866
200;1741062526005
200;1741062526014
200;1741062530869
200;1741062530877
200;1741062530932
200;1741062535871
200;1741062535917
200;1741062535924
200;1741062540866
200;1741062540959
200;1741062540967
200;1741062545917
200;1741062545925
200;1741062545933
200;1741062550876
200;1741062550921
200;1741062550929
200;1741062555938
200;1741062555945
200;1741062555991
200;1741062560909
200;1741062560988
200;1741062560996
200;1741062565877
200;1741062565923
200;1741062565963
200;1741062570937
200;1741062570944
200;1741062571054
200;1741062575918
200;1741062575925
200;1741062576052
200;1741062580885
200;1741062580894
200;1741062580936
200;1741062585892
200;1741062585900
200;1741062586037
200;1741062590917
200;1741062590925
200;1741062590933
200;1741062595928
200;1741062595935
200;1741062595991
200;1741062600867
200;1741062600879
200;1741062600916
200;1741062605913
200;1741062605921
200;1741062605931
200;1741062610915
200;1741062610925
200;1741062611083
200;1741062615943
200;1741062615949
200;1741062616036
200;1741062620877
200;1741062620883
200;1741062620962
200;1741062625885
200;1741062625893
200;1741062626037
200;1741062630956
200;1741062630965
200;1741062631052
200;1741062635885
200;1741062635967
200;1741062636000
200;1741062640914
200;1741062641000
200;1741062641020
200;1741062645909
200;1741062645917
200;1741062645957
200;1741062650871
200;1741062650918
200;1741062650960
200;1741062655873
200;1741062655917
200;1741062655925
200;1741062660935
200;1741062660942
200;1741062661022
200;1741062665909
200;1741062665918
200;1741062665926
200;1741062670901
200;1741062670909
200;1741062671032
200;1741062675869
200;1741062676079
200;1741062677938
200;1741062680913
200;1741062680922
200;1741062681098
200;1741062685941
200;1741062685946
200;1741062686012
200;1741062690966
200;1741062690974
200;1741062690996
200;1741062695861
200;1741062695968
200;1741062695982
200;1741062700867
200;1741062700909
200;1741062700918
200;1741062705909
200;1741062705920
200;1741062706097
200;1741062710933
200;1741062710941
200;1741062710976
200;1741062715870
200;1741062715879
200;1741062716042
200;1741062720876
200;1741062720918
200;1741062720926
200;1741062725917
200;1741062725974
200;1741062728468
200;1741062730880
200;1741062730956
200;1741062731112
200;1741062735872
200;1741062735973
200;1741062735997
200;1741062740865
200;1741062740933
200;1741062740941
200;1741062745915
200;1741062745920
200;1741062746046
200;1741062750950
200;1741062750956
200;1741062751021
200;1741062755904
200;1741062755909
200;1741062756039
200;1741062760928
200;1741062760935
200;1741062760997
200;1741062765977
200;1741062766030
200;1741062768742
200;1741062770890
200;1741062770971
200;1741062771287
200;1741062775889
200;1741062775895
200;1741062775943
200;1741062780871
200;1741062780879
200;1741062781024
200;1741062785951
200;1741062785957
200;1741062785999
200;1741062790903
200;1741062790988
200;1741062793239
200;1741062795866
200;1741062795908
200;1741062795914
200;1741062800908
200;1741062800915
200;1741062800987
200;1741062805944
200;1741062805950
200;1741062805973
200;1741062810876
200;1741062810964
200;1741062810971
200;1741062815920
200;1741062815928
200;1741062815936
200;1741062820961
200;1741062820968
200;1741062821313
200;1741062825875
200;1741062825883
200;1741062825932
200;1741062830865
200;1741062830908
200;1741062830917
200;1741062835917
200;1741062836006
200;1741062838200
200;1741062840916
200;1741062840964
200;1741062840972
200;1741062845868
200;1741062845931
200;1741062845940
200;1741062850866
200;1741062850927
200;1741062850933
200;1741062855868
200;1741062855932
200;1741062855939
200;1741062860930
200;1741062860938
200;1741062860959
200;1741062865917
200;1741062865939
200;1741062865947
200;1741062870929
200;1741062870937
200;1741062870969
200;1741062875924
200;1741062875932
200;1741062876105
200;1741062880884
200;1741062880894
200;1741062880983
200;1741062885908
200;1741062885920
200;1741062885928
200;1741062890881
200;1741062891027
200;1741062893869
200;1741062895927
200;1741062895935
200;1741062895958
200;1741062900866
200;1741062900912
200;1741062900919
200;1741062905870
200;1741062905912
200;1741062905920
200;1741062910911
200;1741062910917
200;1741062911022
200;1741062915916
200;1741062915924
200;1741062915972
200;1741062920982
200;1741062921032
200;1741062921046
200;1741062925864
200;1741062925891
200;1741062925931
200;1741062930885
200;1741062930892
200;1741062930933
200;1741062935865
200;1741062935922
200;1741062935929
200;1741062940898
200;1741062940906
200;1741062940996
200;1741062945874
200;1741062945965
200;1741062945971
200;1741062950875
200;1741062950884
200;1741062950973
200;1741062955980
200;1741062955987
200;1741062956172
200;1741062960909
200;1741062960918
200;1741062961008
200;1741062965914
200;1741062965921
200;1741062965928
200;1741062970885
200;1741062970894
200;1741062970955
200;1741062975878
200;1741062975887
200;1741062975957
200;1741062980866
200;1741062980947
200;1741062980956
200;1741062985875
200;1741062985937
200;1741062985945
200;1741062990986
200;1741062990993
200;1741062991000
200;1741062995909
200;1741062995918
200;1741062995944
200;1741063000920
200;1741063000926
200;1741063000978
200;1741063005879
200;1741063005921
200;1741063005927
200;1741063010865
200;1741063010921
200;1741063010927
200;1741063015956
200;1741063015963
200;1741063015970
200;1741063020866
200;1741063020908
200;1741063020914
200;1741063025877
200;1741063025908
200;1741063025913
200;1741063030911
200;1741063030920
200;1741063030929
200;1741063035872
200;1741063035881
200;1741063035927
200;1741063040900
200;1741063040907
200;1741063040965
200;1741063045923
200;1741063045930
200;1741063045937
200;1741063050876
200;1741063050929
200;1741063050937
200;1741063055911
200;1741063055925
200;1741063056032
200;1741063060903
200;1741063060913
200;1741063060948
200;1741063065866
200;1741063065956
200;1741063065966
200;1741063070873
200;1741063070917
200;1741063070953
200;1741063075876
200;1741063075919
200;1741063075925
200;1741063080913
200;1741063080920
200;1741063080939
200;1741063085919
200;1741063085927
200;1741063086027
200;1741063090908
200;1741063090918
200;1741063090926
200;1741063095888
200;1741063095900
200;1741063096033
200;1741063100907
200;1741063100988
200;1741063100996
200;1741063105881
200;1741063105933
200;1741063105983
200;1741063110974
200;1741063110981
200;1741063111093
200;1741063115900
200;1741063115908
200;1741063116049
200;1741063120892
200;1741063120899
200;1741063120959
200;1741063125875
200;1741063125956
200;1741063125963
200;1741063130865
200;1741063130921
200;1741063130929
200;1741063135983
200;1741063135992
200;1741063138766
200;1741063140928
200;1741063140935
200;1741063141002
200;1741063145944
200;1741063145952
200;1741063148188
200;1741063150897
200;1741063150905
200;1741063153172
200;1741063155928
200;1741063155936
200;1741063155943
200;1741063160928
200;1741063160936
200;1741063160979
200;1741063165877
200;1741063165969
200;1741063165977
200;1741063170908
200;1741063170915
200;1741063170992
200;1741063175912
200;1741063175920
200;1741063175926
200;1741063180889
200;1741063180897
200;1741063180942
200;1741063185881
200;1741063185935
200;1741063185941
200;1741063190897
200;1741063190905
200;1741063190974
200;1741063195887
200;1741063195894
200;1741063195912
200;1741063200972
200;1741063200980
200;1741063200987
200;1741063205907
200;1741063205937
200;1741063205945
200;1741063210871
200;1741063210917
200;1741063210923
200;1741063215875
200;1741063215916
200;1741063215922
200;1741063220871
200;1741063221009
200;1741063221017
200;1741063225912
200;1741063225949
200;1741063225956
200;1741063230908
200;1741063230938
200;1741063230946
200;1741063235871
200;1741063235927
200;1741063235936
200;1741063240866
200;1741063240929
200;1741063240937
200;1741063245911
200;1741063245918
200;1741063246008
200;1741063250871
200;1741063250962
200;1741063250970
200;1741063255859
200;1741063255925
200;1741063258179
200;1741063260910
200;1741063260917
200;1741063261010
200;1741063265866
200;1741063265913
200;1741063265921
200;1741063270867
200;1741063270955
200;1741063270962
200;1741063275914
200;1741063275942
200;1741063280912
200;1741063280918
200;1741063280964
200;1741063285880
200;1741063285905
200;1741063285911
200;1741063290990
200;1741063293417
200;1741063295865
200;1741063295907
200;1741063295913
200;1741063300897
200;1741063300906
200;1741063301116
200;1741063305897
200;1741063305904
200;1741063306004
200;1741063310973
200;1741063310981
200;1741063311005
200;1741063315886
200;1741063315894
200;1741063316074
200;1741063320868
200;1741063320960
200;1741063320966
200;1741063325915
200;1741063325973
200;1741063326010
200;1741063330875
200;1741063330916
200;1741063330924
200;1741063335938
200;1741063335977
200;1741063336094
200;1741063340865
200;1741063340908
200;1741063340916
200;1741063345913
200;1741063345925
200;1741063345931
200;1741063350940
200;1741063350946
200;1741063351007
200;1741063355864
200;1741063355907
200;1741063355913
200;1741063360900
200;1741063360908
200;1741063360980
200;1741063365953
200;1741063365963
200;1741063365995
200;1741063370876
200;1741063370921
200;1741063370930
200;1741063375901
200;1741063378490
200;1741063380907
200;1741063380914
200;1741063380928
200;1741063385918
200;1741063385926
200;1741063386066
200;1741063390873
200;1741063390917
200;1741063390924
200;1741063395866
200;1741063395897
200;1741063395932
200;1741063400889
200;1741063400897
200;1741063400916
200;1741063405898
200;1741063405940
200;1741063405948
200;1741063410921
200;1741063410927
200;1741063410933
200;1741063415932
200;1741063415941
200;1741063416049
200;1741063420911
200;1741063420917
200;1741063420923
200;1741063425909
200;1741063425918
200;1741063425925
200;1741063430984
200;1741063430993
200;1741063431026
200;1741063435912
200;1741063435924
200;1741063438124
200;1741063440960
200;1741063440969
200;1741063440981
200;1741063445913
200;1741063445921
200;1741063445952
200;1741063450916
200;1741063450971
200;1741063450980
200;1741063455926
200;1741063455935
200;1741063456013
200;1741063460916
200;1741063460923
200;1741063460929
200;1741063465930
200;1741063465973
200;1741063466034
200;1741063470886
200;1741063470894
200;1741063470938
200;1741063475865
200;1741063475968
200;1741063475977
200;1741063480903
200;1741063480910
200;1741063480960
200;1741063485867
200;1741063485924
200;1741063485933
200;1741063490872
200;1741063490922
200;1741063491049
200;1741063495889
200;1741063495897
200;1741063496085
200;1741063500941
200;1741063500950
200;1741063501070
200;1741063505863
200;1741063505905
200;1741063505944
200;1741063510915
200;1741063510922
200;1741063511128
200;1741063515868
200;1741063515909
200;1741063515917
200;1741063520953
200;1741063520960
200;1741063521030
200;1741063525902
200;1741063525949
200;1741063525956
200;1741063530922
200;1741063530929
200;1741063530965
200;1741063535914
200;1741063535924
200;1741063535984
200;1741063540908
200;1741063540947
200;1741063540955
200;1741063545888
200;1741063545975
200;1741063546045
200;1741063550875
200;1741063550962
200;1741063550970
200;1741063555890
200;1741063555913
200;1741063556067
200;1741063560912
200;1741063560920
200;1741063561014
200;1741063565880
200;1741063565949
200;1741063565959
200;1741063570907
200;1741063570937
200;1741063570946
200;1741063575972
200;1741063575981
200;1741063576008
200;1741063580895
200;1741063580903
200;1741063580945
200;1741063585932
200;1741063585940
200;1741063585974
200;1741063590876
200;1741063590883
200;1741063590965
200;1741063595973
200;1741063595979
200;1741063595985
200;1741063600878
200;1741063600973
200;1741063600980
200;1741063605867
200;1741063605914
200;1741063605922
200;1741063610936
200;1741063610942
200;1741063610995
200;1741063615853
200;1741063615920
200;1741063615929
200;1741063620910
200;1741063620919
200;1741063620945
200;1741063625972
200;1741063625979
200;1741063626135
200;1741063630899
200;1741063630939
200;1741063630946
200;1741063635913
200;1741063635923
200;1741063635932
200;1741063640992
200;1741063641001
200;1741063641009
200;1741063645908
200;1741063645946
200;1741063645954
200;1741063650866
200;1741063650907
200;1741063650912
200;1741063655864
200;1741063655943
200;1741063655948
200;1741063660907
200;1741063660951
200;1741063660958
200;1741063665987
200;1741063665995
200;1741063666076
200;1741063670873
200;1741063670970
200;1741063670978
200;1741063675876
200;1741063675969
200;1741063678788
200;1741063680867
200;1741063680932
200;1741063680940
200;1741063685948
200;1741063685956
200;1741063686016
200;1741063690871
200;1741063690923
200;1741063690931
200;1741063695867
200;1741063695909
200;1741063695917
200;1741063700865
200;1741063700912
200;1741063700919
200;1741063705896
200;1741063705904
200;1741063705947
200;1741063710912
200;1741063710921
200;1741063710945
200;1741063715932
200;1741063715941
200;1741063715952
200;1741063721034
200;1741063721058
200;1741063723530
200;1741063725924
200;1741063725932
200;1741063726081
200;1741063730871
200;1741063730879
200;1741063730977
200;1741063735866
200;1741063735960
200;1741063735967
200;1741063740909
200;1741063741015
200;1741063743685
200;1741063745872
200;1741063745946
200;1741063745956
200;1741063750909
200;1741063750918
200;1741063750927
200;1741063755907
200;1741063755915
200;1741063755920
200;1741063760869
200;1741063760878
200;1741063760948
200;1741063765914
200;1741063765922
200;1741063765943
200;1741063770874
200;1741063770965
200;1741063770973
200;1741063775867
200;1741063775876
200;1741063775955
200;1741063780870
200;1741063780919
200;1741063780959
200;1741063785877
200;1741063785960
200;1741063786015
200;1741063790911
200;1741063790984
200;1741063791119
200;1741063795908
200;1741063795915
200;1741063796081
200;1741063801022
200;1741063801093
200;1741063803241
200;1741063805875
200;1741063805918
200;1741063805929
200;1741063810867
200;1741063810960
200;1741063810968
200;1741063815867
200;1741063815911
200;1741063815916
200;1741063820911
200;1741063820961
200;1741063820991
200;1741063825868
200;1741063825876
200;1741063825946
200;1741063830911
200;1741063830942
200;1741063830951
200;1741063835865
200;1741063835907
200;1741063835915
200;1741063840886
200;1741063840895
200;1741063841085
200;1741063845870
200;1741063845948
200;1741063848770
200;1741063850870
200;1741063850912
200;1741063850920
200;1741063855868
200;1741063855925
200;1741063855930
200;1741063860877
200;1741063860923
200;1741063860930
200;1741063865911
200;1741063865919
200;1741063866005
200;1741063870916
200;1741063870922
200;1741063871056
200;1741063875873
200;1741063875881
200;1741063875986
200;1741063880900
200;1741063881004
200;1741063881027
200;1741063885876
200;1741063886002
200;1741063886013
200;1741063890926
200;1741063890933
200;1741063890940
200;1741063895915
200;1741063895922
200;1741063896179
200;1741063900940
200;1741063900948
200;1741063901005
200;1741063905877
200;1741063905884
200;1741063905916
200;1741063910918
200;1741063910926
200;1741063910956
200;1741063915875
200;1741063915960
200;1741063915965
200;1741063920975
200;1741063920981
200;1741063921043
200;1741063925891
200;1741063925900
200;1741063925966
200;1741063930873
200;1741063930918
200;1741063931040
200;1741063935973
200;1741063935980
200;1741063935993
200;1741063940929
200;1741063940937
200;1741063940946
200;1741063945907
200;1741063945914
200;1741063946042
200;1741063950972
200;1741063950981
200;1741063950989
200;1741063955876
200;1741063955903
200;1741063955943
200;1741063960869
200;1741063960953
200;1741063960962
200;1741063965936
200;1741063965973
200;1741063966045
200;1741063970876
200;1741063970966
200;1741063970972
200;1741063975867
200;1741063975875
200;1741063975943
200;1741063980899
200;1741063980906
200;1741063980988
200;1741063985893
200;1741063985900
200;1741063986000
200;1741063990889
200;1741063990898
200;1741063990979
200;1741063995880
200;1741063995887
200;1741063995961
200;1741064000871
200;1741064000922
200;1741064000929
200;1741064005890
200;1741064005898
200;1741064006018
200;1741064010948
200;1741064010954
200;1741064010997
200;1741064015889
200;1741064015897
200;1741064016003
200;1741064020885
200;1741064020972
200;1741064020981
200;1741064025867
200;1741064025902
200;1741064025909
200;1741064030866
200;1741064030913
200;1741064030922
200;1741064035936
200;1741064035942
200;1741064036042
200;1741064040866
200;1741064040909
200;1741064040917
200;1741064045876
200;1741064045936
200;1741064045946
200;1741064050980
200;1741064050989
200;1741064050998
200;1741064055909
200;1741064058206
200;1741064058764
200;1741064060874
200;1741064060916
200;1741064060925
200;1741064065896
200;1741064065905
200;1741064065989
200;1741064070879
200;1741064070905
200;1741064070913
200;1741064076010
200;1741064078105
200;1741064078770
200;1741064080909
200;1741064080916
200;1741064080925
200;1741064085916
200;1741064085924
200;1741064085931
200;1741064090869
200;1741064090914
200;1741064090923
200;1741064095867
200;1741064095960
200;1741064095970
200;1741064100913
200;1741064100923
200;1741064101118
200;1741064105876
200;1741064105940
200;1741064105948
200;1741064110871
200;1741064110927
200;1741064110933
200;1741064115924
200;1741064115932
200;1741064115987
200;1741064120877
200;1741064120977
200;1741064120984
200;1741064125870
200;1741064125916
200;1741064125922
200;1741064130922
200;1741064130930
200;1741064131035
200;1741064135916
200;1741064135924
200;1741064135973
200;1741064140976
200;1741064140985
200;1741064141147
200;1741064145922
200;1741064145932
200;1741064145964
200;1741064150872
200;1741064150880
200;1741064150974
200;1741064155866
200;1741064155902
200;1741064155910
200;1741064160879
200;1741064160885
200;1741064160952
200;1741064165908
200;1741064165915
200;1741064165980
200;1741064170909
200;1741064170915
200;1741064170921
200;1741064175877
200;1741064175936
200;1741064175946
200;1741064180916
200;1741064180923
200;1741064181028
200;1741064185909
200;1741064185918
200;1741064185926
200;1741064190926
200;1741064190933
200;1741064190988
200;1741064195881
200;1741064195903
200;1741064195909
200;1741064200890
200;1741064200956
200;1741064200964
200;1741064205870
200;1741064205878
200;1741064205915
200;1741064210938
200;1741064210945
200;1741064210950
200;1741064215908
200;1741064215916
200;1741064215944
200;1741064220916
200;1741064220930
200;1741064220936
200;1741064225865
200;1741064225957
200;1741064225966
200;1741064230876
200;1741064230927
200;1741064230934
200;1741064235963
200;1741064235970
200;1741064236041
200;1741064240951
200;1741064241108
200;1741064241183
200;1741064245928
200;1741064245936
200;1741064245987
200;1741064250867
200;1741064250908
200;1741064250915
200;1741064255892
200;1741064255899
200;1741064255934
200;1741064260944
200;1741064260953
200;1741064260987
200;1741064266042
200;1741064266076
200;1741064266236
200;1741064270886
200;1741064270894
200;1741064270930
200;1741064275911
200;1741064275921
200;1741064275929
200;1741064280905
200;1741064280912
200;1741064281028
200;1741064285877
200;1741064285967
200;1741064285974
200;1741064290872
200;1741064290879
200;1741064290920
200;1741064295868
200;1741064295961
200;1741064295970
200;1741064300908
200;1741064300916
200;1741064300922
200;1741064305899
200;1741064305921
200;1741064306007
200;1741064310968
200;1741064310976
200;1741064311096
200;1741064315908
200;1741064315915
200;1741064315921
200;1741064320897
200;1741064323157
200;1741064323495
200;1741064325866
200;1741064325908
200;1741064325916
200;1741064330863
200;1741064330966
200;1741064333408
200;1741064335911
200;1741064335943
200;1741064335951
200;1741064340940
200;1741064340949
200;1741064341012
200;1741064345904
200;1741064345912
200;1741064345967
200;1741064350915
200;1741064350923
200;1741064350931
200;1741064355909
200;1741064355921
200;1741064355931
200;1741064360876
200;1741064360920
200;1741064360928
200;1741064365949
200;1741064365959
200;1741064365976
200;1741064370908
200;1741064370916
200;1741064370923
200;1741064375877
200;1741064375929
200;1741064375939
200;1741064380909
200;1741064380918
200;1741064381056
200;1741064385915
200;1741064385925
200;1741064385932
200;1741064390927
200;1741064390934
200;1741064390951
200;1741064395915
200;1741064395922
200;1741064398230
200;1741064400923
200;1741064400935
200;1741064400941
200;1741064405871
200;1741064405945
200;1741064405950
200;1741064410907
200;1741064410912
200;1741064410927
200;1741064415891
200;1741064415898
200;1741064415949
200;1741064420867
200;1741064420899
200;1741064420903
200;1741064425899
200;1741064425939
200;1741064428317
200;1741064430866
200;1741064430907
200;1741064430913
200;1741064435960
200;1741064435969
200;1741064435975
200;1741064440868
200;1741064440875
200;1741064440922
200;1741064445866
200;1741064445919
200;1741064445930
200;1741064450929
200;1741064450937
200;1741064450966
200;1741064455875
200;1741064455937
200;1741064455944
200;1741064460866
200;1741064460939
200;1741064460944
200;1741064465976
200;1741064465982
200;1741064466267
200;1741064470863
200;1741064470963
200;1741064471005
200;1741064475866
200;1741064475929
200;1741064475934
200;1741064480887
200;1741064480893
200;1741064481017
200;1741064485937
200;1741064485944
200;1741064485991
200;1741064490874
200;1741064490915
200;1741064490923
200;1741064495967
200;1741064495975
200;1741064495986
200;1741064500909
200;1741064500955
200;1741064503545
200;1741064505908
200;1741064505916
200;1741064505954
200;1741064510875
200;1741064510984
200;1741064510990
200;1741064515960
200;1741064515966
200;1741064516054
200;1741064520899
200;1741064520906
200;1741064521056
200;1741064525944
200;1741064525951
200;1741064526011
200;1741064530872
200;1741064530917
200;1741064530923
200;1741064535865
200;1741064535939
200;1741064535981
200;1741064540869
200;1741064540974
200;1741064541017
200;1741064545875
200;1741064545947
200;1741064545952
200;1741064550880
200;1741064550923
200;1741064550968
200;1741064555976
200;1741064556051
200;1741064556130
200;1741064560869
200;1741064560907
200;1741064560912
200;1741064565920
200;1741064565928
200;1741064565968
200;1741064570875
200;1741064570947
200;1741064570954
200;1741064575856
200;1741064576068
200;1741064578849
200;1741064580876
200;1741064580960
200;1741064580966
200;1741064585927
200;1741064585932
200;1741064586029
200;1741064590875
200;1741064590910
200;1741064590915
200;1741064595866
200;1741064595872
200;1741064595916
200;1741064600914
200;1741064600921
200;1741064601028
200;1741064605904
200;1741064605912
200;1741064605941
200;1741064610911
200;1741064610938
200;1741064610945
200;1741064615864
200;1741064615901
200;1741064615939
200;1741064620930
200;1741064620937
200;1741064621037
200;1741064625915
200;1741064625922
200;1741064626024
200;1741064630919
200;1741064630926
200;1741064630933
200;1741064635907
200;1741064635914
200;1741064635920
200;1741064640914
200;1741064641011
200;1741064643488
200;1741064645884
200;1741064645893
200;1741064646070
200;1741064650872
200;1741064650937
200;1741064650941
200;1741064655868
200;1741064655909
200;1741064655916
200;1741064660927
200;1741064661000
200;1741064663500
200;1741064665875
200;1741064665915
200;1741064665920
200;1741064670904
200;1741064670911
200;1741064670996
200;1741064675871
200;1741064675932
200;1741064675939
200;1741064680892
200;1741064680899
200;1741064680935
200;1741064685950
200;1741064685958
200;1741064686046
200;1741064690865
200;1741064690907
200;1741064690915
200;1741064695911
200;1741064695918
200;1741064696080
200;1741064700920
200;1741064700934
200;1741064700942
200;1741064705908
200;1741064705914
200;1741064705981
200;1741064710899
200;1741064710905
200;1741064710934
200;1741064715878
200;1741064715902
200;1741064715908
200;1741064720867
200;1741064720875
200;1741064720947
200;1741064725866
200;1741064725951
200;1741064725960
200;1741064730908
200;1741064730957
200;1741064730965
200;1741064735866
200;1741064735951
200;1741064735958
200;1741064740875
200;1741064740922
200;1741064740930
200;1741064745903
200;1741064745947
200;1741064745957
200;1741064750891
200;1741064750898
200;1741064751204
200;1741064755929
200;1741064755937
200;1741064755988
200;1741064760943
200;1741064760949
200;1741064761002
200;1741064765968
200;1741064765977
200;1741064766087
200;1741064770870
200;1741064770959
200;1741064770969
200;1741064775865
200;1741064775911
200;1741064775918
200;1741064780856
200;1741064780898
200;1741064780938
200;1741064785869
200;1741064785874
200;1741064785967
200;1741064790927
200;1741064790935
200;1741064791100
200;1741064795944
200;1741064795950
200;1741064795957
200;1741064800875
200;1741064800882
200;1741064800976
200;1741064805945
200;1741064805952
200;1741064806040
200;1741064810911
200;1741064810921
200;1741064810928
200;1741064815870
200;1741064815919
200;1741064815925
200;1741064820909
200;1741064820917
200;1741064820924
200;1741064825870
200;1741064825926
200;1741064825933
200;1741064831015
200;1741064831023
200;1741064831088
200;1741064835928
200;1741064835937
200;1741064836024
200;1741064840921
200;1741064840928
200;1741064840985
200;1741064845982
200;1741064845990
200;1741064846037
200;1741064850866
200;1741064850909
200;1741064850915
200;1741064855915
200;1741064855924
200;1741064856015
200;1741064860901
200;1741064860907
200;1741064861108
200;1741064865853
200;1741064865973
200;1741064865987
200;1741064870888
200;1741064870898
200;1741064870960
200;1741064875874
200;1741064875917
200;1741064875924
200;1741064880869
200;1741064880879
200;1741064880957
200;1741064885932
200;1741064885967
200;1741064885979
200;1741064892726
200;1741064892772
200;1741064892866
200;1741064895912
200;1741064895921
200;1741064895931
200;1741064900965
200;1741064900976
200;1741064900986
200;1741064905912
200;1741064905919
200;1741064905925
200;1741064910884
200;1741064910893
200;1741064911072
200;1741064915880
200;1741064915890
200;1741064915928
200;1741064920967
200;1741064920975
200;1741064921050
200;1741064925908
200;1741064925917
200;1741064925939
200;1741064930865
200;1741064930956
200;1741064930962
200;1741064935870
200;1741064935979
200;1741064935987
200;1741064940896
200;1741064940941
200;1741064940950
200;1741064945938
200;1741064945946
200;1741064946002
200;1741064950875
200;1741064950906
200;1741064950943
200;1741064955933
200;1741064955940
200;1741064958603
200;1741064960891
200;1741064960899
200;1741064960952
200;1741064965886
200;1741064965901
200;1741064965963
200;1741064970865
200;1741064970909
200;1741064970917
200;1741064975874
200;1741064975918
200;1741064975925
200;1741064980908
200;1741064980915
200;1741064980948
200;1741064985909
200;1741064985917
200;1741064985992
200;1741064990874
200;1741064990914
200;1741064990921
200;1741064995900
200;1741064995910
200;1741064995959
200;1741065000923
200;1741065000932
200;1741065000982
200;1741065005853
200;1741065005934
200;1741065005987
200;1741065010901
200;1741065010944
200;1741065010983
200;1741065015873
200;1741065015916
200;1741065015923
200;1741065020927
200;1741065020935
200;1741065021082
200;1741065025912
200;1741065025921
200;1741065025929
200;1741065030867
200;1741065030929
200;1741065030935
200;1741065035948
200;1741065035956
200;1741065036003
200;1741065040912
200;1741065040920
200;1741065040928
200;1741065045866
200;1741065045953
200;1741065045960
200;1741065050885
200;1741065050907
200;1741065050941
200;1741065055868
200;1741065055923
200;1741065055929
200;1741065060934
200;1741065060942
200;1741065061101
200;1741065065925
200;1741065065932
200;1741065065939
200;1741065070934
200;1741065070945
200;1741065071049
200;1741065075877
200;1741065075907
200;1741065075945
200;1741065080877
200;1741065080963
200;1741065080971
200;1741065085947
200;1741065085954
200;1741065086191
200;1741065090894
200;1741065092948
200;1741065093498
200;1741065095892
200;1741065095898
200;1741065096021
200;1741065100889
200;1741065100904
200;1741065101058
200;1741065105912
200;1741065105919
200;1741065106086
200;1741065110855
200;1741065110916
200;1741065110929
200;1741065115907
200;1741065115916
200;1741065115923
200;1741065120907
200;1741065120953
200;1741065123542
200;1741065126009
200;1741065126016
200;1741065126187
200;1741065130893
200;1741065130900
200;1741065130989
200;1741065135908
200;1741065135917
200;1741065136016
200;1741065140900
200;1741065140908
200;1741065140960
200;1741065145919
200;1741065145926
200;1741065146071
200;1741065150898
200;1741065150906
200;1741065150954
200;1741065155888
200;1741065155897
200;1741065155990
200;1741065160943
200;1741065160951
200;1741065163153
200;1741065165907
200;1741065165913
200;1741065165919
200;1741065170852
200;1741065170882
200;1741065170928
200;1741065175918
200;1741065175924
200;1741065175929
200;1741065180960
200;1741065183203
200;1741065185908
200;1741065185914
200;1741065185992
200;1741065190876
200;1741065190918
200;1741065190926
200;1741065195876
200;1741065195919
200;1741065195928
200;1741065200868
200;1741065200909
200;1741065200916
200;1741065205938
200;1741065205946
200;1741065205983
200;1741065210897
200;1741065210906
200;1741065210980
200;1741065215888
200;1741065215897
200;1741065215924
200;1741065220864
200;1741065220973
200;1741065221126
200;1741065225900
200;1741065225949
200;1741065228759
200;1741065230931
200;1741065230937
200;1741065231073
200;1741065235920
200;1741065235928
200;1741065235936
200;1741065240913
200;1741065240953
200;1741065241022
200;1741065245884
200;1741065245891
200;1741065246018
200;1741065251012
200;1741065251033
200;1741065251063
200;1741065255940
200;1741065255948
200;1741065256165
200;1741065260867
200;1741065260927
200;1741065260933
200;1741065265971
200;1741065265981
200;1741065266052
200;1741065270878
200;1741065270886
200;1741065271021
200;1741065275883
200;1741065275889
200;1741065275934
200;1741065280889
200;1741065280896
200;1741065280950
200;1741065285880
200;1741065286004
200;1741065286009
200;1741065290900
200;1741065290942
200;1741065291124
200;1741065295915
200;1741065295921
200;1741065295953
200;1741065300899
200;1741065300906
200;1741065300980
200;1741065305901
200;1741065305912
200;1741065306147
200;1741065310873
200;1741065310879
200;1741065310973
200;1741065315876
200;1741065315974
200;1741065316014
200;1741065320926
200;1741065321021
200;1741065321079
200;1741065325873
200;1741065325880
200;1741065325982
200;1741065330921
200;1741065330932
200;1741065330940
200;1741065335933
200;1741065335942
200;1741065336027
200;1741065340912
200;1741065340972
200;1741065341123
200;1741065345929
200;1741065345940
200;1741065345969
200;1741065350932
200;1741065350941
200;1741065351064
200;1741065355952
200;1741065356001
200;1741065356317
200;1741065360906
200;1741065360913
200;1741065360983
200;1741065365917
200;1741065365922
200;1741065365953
200;1741065370910
200;1741065370919
200;1741065373622
200;1741065375957
200;1741065375964
200;1741065376033
200;1741065380958
200;1741065380967
200;1741065380976
200;1741065385865
200;1741065385904
200;1741065385943
200;1741065390979
200;1741065391062
200;1741065391149
200;1741065395878
200;1741065395937
200;1741065395945
200;1741065400867
200;1741065400875
200;1741065400984
200;1741065405983
200;1741065406054
200;1741065406091
200;1741065410866
200;1741065410912
200;1741065410917
200;1741065415913
200;1741065415921
200;1741065416103
200;1741065420887
200;1741065420894
200;1741065420972
200;1741065425901
200;1741065425933
200;1741065428341
200;1741065430868
200;1741065430955
200;1741065430963
200;1741065435912
200;1741065435966
200;1741065435973
200;1741065440889
200;1741065440898
200;1741065441053
200;1741065445952
200;1741065445960
200;1741065446064
200;1741065450963
200;1741065450993
200;1741065452927
200;1741065455887
200;1741065455898
200;1741065455942
200;1741065460910
200;1741065460915
200;1741065461005
200;1741065465895
200;1741065465956
200;1741065465979
200;1741065470945
200;1741065470953
200;1741065471074
200;1741065475895
200;1741065475904
200;1741065476026
200;1741065480880
200;1741065480972
200;1741065480980
200;1741065485873
200;1741065485881
200;1741065485911
200;1741065490882
200;1741065490969
200;1741065490977
200;1741065495886
200;1741065495893
200;1741065495943
200;1741065500871
200;1741065500879
200;1741065500946
200;1741065505875
200;1741065505916
200;1741065505981
200;1741065510872
200;1741065510918
200;1741065510925
200;1741065515914
200;1741065515942
200;1741065518616
200;1741065520869
200;1741065520877
200;1741065521053
200;1741065525877
200;1741065525898
200;1741065525935
200;1741065530868
200;1741065530938
200;1741065530945
200;1741065535889
200;1741065535896
200;1741065535935
200;1741065540866
200;1741065540918
200;1741065540924
200;1741065545951
200;1741065545959
200;1741065546014
200;1741065550918
200;1741065550927
200;1741065550933
200;1741065555866
200;1741065555944
200;1741065555952
200;1741065560880
200;1741065561083
200;1741065563647
200;1741065565957
200;1741065566021
200;1741065568306
200;1741065570869
200;1741065570925
200;1741065570932
200;1741065575940
200;1741065575947
200;1741065576024
200;1741065581009
200;1741065581027
200;1741065581109
200;1741065585867
200;1741065585956
200;1741065585963
200;1741065590890
200;1741065590929
200;1741065590968
200;1741065595928
200;1741065595976
200;1741065598282
200;1741065600901
200;1741065600908
200;1741065600917
200;1741065605865
200;1741065605889
200;1741065605924
200;1741065610874
200;1741065610947
200;1741065610954
200;1741065615911
200;1741065615919
200;1741065616057
200;1741065620866
200;1741065620875
200;1741065620998
200;1741065625874
200;1741065625963
200;1741065625972
200;1741065630911
200;1741065630973
200;1741065630982
200;1741065635872
200;1741065635881
200;1741065635918
200;1741065640906
200;1741065640950
200;1741065640958
200;1741065645924
200;1741065645932
200;1741065645941
200;1741065650943
200;1741065650951
200;1741065651022
200;1741065655867
200;1741065655959
200;1741065655968
200;1741065660890
200;1741065660898
200;1741065660945
200;1741065665889
200;1741065665981
200;1741065668513
200;1741065670878
200;1741065670923
200;1741065670930
200;1741065675899
200;1741065675982
200;1741065678537
200;1741065680875
200;1741065680931
200;1741065680939
200;1741065685888
200;1741065685897
200;1741065685952
200;1741065690887
200;1741065690895
200;1741065690977
200;1741065695865
200;1741065695937
200;1741065695945
200;1741065700865
200;1741065700912
200;1741065700921
200;1741065705881
200;1741065705995
200;1741065706001
200;1741065710910
200;1741065710918
200;1741065710977
200;1741065715915
200;1741065715924
200;1741065715931
200;1741065720919
200;1741065720924
200;1741065720990
200;1741065725877
200;1741065725967
200;1741065725975
200;1741065730891
200;1741065730942
200;1741065731034
200;1741065735901
200;1741065735907
200;1741065735981
200;1741065740889
200;1741065740908
200;1741065741072
200;1741065745954
200;1741065745963
200;1741065746083
200;1741065750881
200;1741065750948
200;1741065750954
200;1741065755869
200;1741065755918
200;1741065755928
200;1741065760985
200;1741065760992
200;1741065761038
200;1741065765924
200;1741065765930
200;1741065765972
200;1741065770973
200;1741065770980
200;1741065771021
200;1741065775865
200;1741065775935
200;1741065775942
200;1741065780907
200;1741065780919
200;1741065781096
200;1741065785874
200;1741065785930
200;1741065785937
200;1741065790943
200;1741065790951
200;1741065790957
200;1741065795910
200;1741065795995
200;1741065796002
200;1741065800975
200;1741065800981
200;1741065800988
200;1741065805877
200;1741065805974
200;1741065805983
200;1741065810863
200;1741065810947
200;1741065811040
200;1741065815959
200;1741065815969
200;1741065815991
200;1741065820874
200;1741065820881
200;1741065820915
200;1741065825901
200;1741065825910
200;1741065825975
200;1741065830868
200;1741065830965
200;1741065830972
200;1741065835929
200;1741065835937
200;1741065835972
200;1741065840891
200;1741065840897
200;1741065840956
200;1741065845922
200;1741065845929
200;1741065846087
200;1741065850925
200;1741065850931
200;1741065851025
200;1741065855911
200;1741065855957
200;1741065855964
200;1741065860961
200;1741065861005
200;1741065863584
200;1741065865972
200;1741065865980
200;1741065866087
200;1741065870908
200;1741065870913
200;1741065870919
200;1741065875888
200;1741065875894
200;1741065876082
200;1741065880886
200;1741065880947
200;1741065883176
200;1741065885895
200;1741065885904
200;1741065885996
200;1741065890865
200;1741065890966
200;1741065891040
200;1741065895867
200;1741065895924
200;1741065895984
200;1741065900939
200;1741065900947
200;1741065901018
200;1741065905866
200;1741065905967
200;1741065906007
200;1741065910890
200;1741065910898
200;1741065911102
200;1741065915851
200;1741065915891
200;1741065915986
200;1741065920856
200;1741065921038
200;1741065921043
200;1741065925899
200;1741065925930
200;1741065928762
200;1741065930936
200;1741065930944
200;1741065930951
200;1741065935867
200;1741065935874
200;1741065935910
200;1741065940896
200;1741065940939
200;1741065940949
200;1741065945877
200;1741065945969
200;1741065945976
200;1741065950880
200;1741065950890
200;1741065950925
200;1741065955931
200;1741065955940
200;1741065956037
200;1741065960867
200;1741065960978
200;1741065960988
200;1741065965903
200;1741065965912
200;1741065965989
200;1741065970869
200;1741065970911
200;1741065970918
200;1741065975912
200;1741065975920
200;1741065975949
200;1741065980868
200;1741065980912
200;1741065980920
200;1741065985963
200;1741065985969
200;1741065985984
200;1741065990870
200;1741065990881
200;1741065990923
200;1741065995899
200;1741065995906
200;1741065995979
200;1741066000906
200;1741066000913
200;1741066000921
200;1741066005927
200;1741066005938
200;1741066006022
200;1741066010877
200;1741066010957
200;1741066010965
200;1741066015931
200;1741066015938
200;1741066015945
200;1741066020852
200;1741066020892
200;1741066020999
200;1741066025895
200;1741066025904
200;1741066025999
200;1741066030907
200;1741066030914
200;1741066030921
200;1741066035892
200;1741066035900
200;1741066036077
200;1741066040877
200;1741066040909
200;1741066040917
200;1741066045885
200;1741066045897
200;1741066045966
200;1741066050874
200;1741066050963
200;1741066050971
200;1741066055874
200;1741066055968
200;1741066055978
200;1741066060874
200;1741066060931
200;1741066060938
200;1741066065926
200;1741066065944
200;1741066065993
200;1741066070953
200;1741066070960
200;1741066073777
200;1741066075887
200;1741066075896
200;1741066075933
200;1741066080948
200;1741066080957
200;1741066083278
200;1741066085899
200;1741066085955
200;1741066088667
200;1741066090929
200;1741066090936
200;1741066091022
200;1741066095986
200;1741066096030
200;1741066100887
200;1741066100895
200;1741066100955
200;1741066105909
200;1741066105915
200;1741066105940
200;1741066110872
200;1741066110912
200;1741066110921
200;1741066115897
200;1741066115937
200;1741066120872
200;1741066120955
200;1741066123524
200;1741066125963
200;1741066125970
200;1741066126066
200;1741066130871
200;1741066130987
200;1741066131010
200;1741066135865
200;1741066135927
200;1741066135935
200;1741066140875
200;1741066140951
200;1741066140963
200;1741066145891
200;1741066145900
200;1741066145984
200;1741066150890
200;1741066150900
200;1741066150941
200;1741066155866
200;1741066155939
200;1741066155948
200;1741066160973
200;1741066160982
200;1741066161015
200;1741066165928
200;1741066165936
200;1741066166003
200;1741066170932
200;1741066170940
200;1741066171041
200;1741066175901
200;1741066175953
200;1741066176034
200;1741066180982
200;1741066181002
200;1741066181093
200;1741066185919
200;1741066185928
200;1741066185994
200;1741066190874
200;1741066190960
200;1741066190967
200;1741066195883
200;1741066195918
200;1741066200908
200;1741066200916
200;1741066201016
200;1741066205928
200;1741066205937
200;1741066205970
200;1741066210890
200;1741066210928
200;1741066210941
200;1741066215865
200;1741066215913
200;1741066215923
200;1741066220912
200;1741066220919
200;1741066221072
200;1741066225955
200;1741066226002
200;1741066228591
200;1741066230873
200;1741066230880
200;1741066231276
200;1741066235924
200;1741066235991
200;1741066236056
200;1741066240866
200;1741066240930
200;1741066240937
200;1741066245880
200;1741066245912
200;1741066245950
200;1741066250936
200;1741066250948
200;1741066250957
200;1741066255900
200;1741066255908
200;1741066255964
200;1741066260868
200;1741066260960
200;1741066260967
200;1741066266756
200;1741066266829
200;1741066266863
200;1741066270911
200;1741066270919
200;1741066270940
200;1741066275873
200;1741066275980
200;1741066275988
200;1741066280868
200;1741066280917
200;1741066280952
200;1741066285873
200;1741066285881
200;1741066285935
200;1741066290940
200;1741066290947
200;1741066291019
200;1741066295877
200;1741066295949
200;1741066295959
200;1741066300980
200;1741066300988
200;1741066301024
200;1741066305890
200;1741066305898
200;1741066305991
200;1741066310874
200;1741066310921
200;1741066310927
200;1741066315891
200;1741066315958
200;1741066316036
200;1741066320895
200;1741066320904
200;1741066320938
200;1741066325919
200;1741066325956
200;1741066328715
200;1741066330889
200;1741066330896
200;1741066330926
200;1741066335905
200;1741066335913
200;1741066335961
200;1741066340865
200;1741066340937
200;1741066340943
200;1741066345876
200;1741066345902
200;1741066345910
200;1741066350866
200;1741066350956
200;1741066350964
200;1741066355944
200;1741066355948
200;1741066358221
200;1741066360907
200;1741066360916
200;1741066360953
200;1741066365899
200;1741066365906
200;1741066366005
200;1741066370869
200;1741066370877
200;1741066371047
200;1741066375895
200;1741066375902
200;1741066376003
200;1741066380878
200;1741066381012
200;1741066381022
200;1741066385916
200;1741066385926
200;1741066385941
200;1741066390867
200;1741066390923
200;1741066390929
200;1741066395879
200;1741066395889
200;1741066395966
200;1741066400892
200;1741066400899
200;1741066400971
200;1741066405935
200;1741066405941
200;1741066406004
200;1741066410881
200;1741066410968
200;1741066411010
200;1741066415892
200;1741066415901
200;1741066416088
200;1741066420870
200;1741066420927
200;1741066420933
200;1741066425903
200;1741066425909
200;1741066425914
200;1741066430876
200;1741066430903
200;1741066430908
200;1741066435867
200;1741066435912
200;1741066435921
200;1741066440877
200;1741066440931
200;1741066443255
200;1741066445895
200;1741066445902
200;1741066445951
200;1741066450884
200;1741066450892
200;1741066450927
200;1741066455874
200;1741066455881
200;1741066455917
200;1741066460890
200;1741066460935
200;1741066460942
200;1741066465955
200;1741066465961
200;1741066468789
200;1741066470924
200;1741066470935
200;1741066470944
200;1741066475919
200;1741066475927
200;1741066476027
200;1741066480906
200;1741066480915
200;1741066480919
200;1741066485909
200;1741066485918
200;1741066485972
200;1741066490894
200;1741066490904
200;1741066490973
200;1741066495868
200;1741066495939
200;1741066495946
200;1741066500971
200;1741066500978
200;1741066501009
200;1741066505900
200;1741066505909
200;1741066506161
200;1741066510907
200;1741066510953
200;1741066510958
200;1741066515898
200;1741066515907
200;1741066516006
200;1741066520914
200;1741066520953
200;1741066520959
200;1741066525885
200;1741066525942
200;1741066525951
200;1741066530867
200;1741066530955
200;1741066530960
200;1741066535919
200;1741066535928
200;1741066535965
200;1741066540906
200;1741066540913
200;1741066541144
200;1741066545863
200;1741066545871
200;1741066545943
200;1741066550912
200;1741066550920
200;1741066550942
200;1741066555871
200;1741066555955
200;1741066555963
200;1741066560867
200;1741066560933
200;1741066560939
200;1741066565993
200;1741066566003
200;1741066568858
200;1741066570883
200;1741066570891
200;1741066570986
200;1741066575911
200;1741066575956
200;1741066575963
200;1741066580892
200;1741066580975
200;1741066581075
200;1741066585901
200;1741066585951
200;1741066588437
200;1741066590945
200;1741066590952
200;1741066591021
200;1741066595876
200;1741066595906
200;1741066595914
200;1741066600888
200;1741066600896
200;1741066601024
200;1741066605868
200;1741066605877
200;1741066605960
200;1741066610953
200;1741066610963
200;1741066611056
200;1741066615875
200;1741066615885
200;1741066615950
200;1741066620886
200;1741066620895
200;1741066620962
200;1741066625866
200;1741066628161
200;1741066628778
200;1741066630907
200;1741066630917
200;1741066630923
200;1741066635872
200;1741066635881
200;1741066636073
200;1741066640895
200;1741066640903
200;1741066641014
200;1741066645878
200;1741066645911
200;1741066645963
200;1741066650878
200;1741066650902
200;1741066650910
200;1741066655922
200;1741066655927
200;1741066655936
200;1741066660866
200;1741066660907
200;1741066660915
200;1741066665878
200;1741066665905
200;1741066665914
200;1741066670907
200;1741066670916
200;1741066670932
200;1741066675907
200;1741066675916
200;1741066675932
200;1741066680913
200;1741066680920
200;1741066681112
200;1741066685875
200;1741066685956
200;1741066685995
200;1741066690975
200;1741066691042
200;1741066693624
200;1741066695969
200;1741066698705
200;1741066700894
200;1741066700907
200;1741066701197
200;1741066705926
200;1741066708412
200;1741066708794
200;1741066710902
200;1741066710947
200;1741066711012
200;1741066715875
200;1741066715910
200;1741066715919
200;1741066720908
200;1741066720916
200;1741066720927
200;1741066725933
200;1741066726004
200;1741066728138
200;1741066730867
200;1741066730935
200;1741066730942
200;1741066735907
200;1741066735967
200;1741066735977
200;1741066740883
200;1741066740892
200;1741066740927
200;1741066745915
200;1741066745923
200;1741066745965
200;1741066750877
200;1741066750904
200;1741066750915
200;1741066755888
200;1741066755936
200;1741066756004
200;1741066760927
200;1741066760935
200;1741066761064
200;1741066765907
200;1741066765915
200;1741066765924
200;1741066770933
200;1741066770940
200;1741066771020
200;1741066775918
200;1741066775971
200;1741066776068
200;1741066780874
200;1741066780944
200;1741066780951
200;1741066785980
200;1741066786024
200;1741066786105
200;1741066790904
200;1741066790960
200;1741066791086
200;1741066795900
200;1741066795941
200;1741066795993
200;1741066800889
200;1741066800950
200;1741066801082
200;1741066805894
200;1741066805907
200;1741066806015
200;1741066810869
200;1741066810877
200;1741066811008
200;1741066815919
200;1741066815926
200;1741066816000
200;1741066820909
200;1741066820917
200;1741066820969
200;1741066825921
200;1741066826100
200;1741066828600
200;1741066830919
200;1741066830928
200;1741066830998
200;1741066835919
200;1741066836003
200;1741066836013
200;1741066840867
200;1741066840875
200;1741066840932
200;1741066845900
200;1741066845948
200;1741066845956
200;1741066850907
200;1741066850915
200;1741066850921
200;1741066855869
200;1741066855878
200;1741066855924
200;1741066860887
200;1741066860896
200;1741066860995
200;1741066865984
200;1741066865992
200;1741066866061
200;1741066870907
200;1741066870971
200;1741066870979
200;1741066875933
200;1741066875940
200;1741066876023
200;1741066880933
200;1741066880940
200;1741066880979
200;1741066885865
200;1741066885947
200;1741066885956
200;1741066890858
200;1741066890914
200;1741066891026
200;1741066895877
200;1741066895907
200;1741066895917
200;1741066900983
200;1741066901052
200;1741066901086
200;1741066905875
200;1741066905928
200;1741066905937
200;1741066910908
200;1741066910916
200;1741066910955
200;1741066915874
200;1741066915976
200;1741066915983
200;1741066920898
200;1741066920993
200;1741066923193
200;1741066925892
200;1741066925902
200;1741066925977
200;1741066930867
200;1741066930955
200;1741066930964
200;1741066935916
200;1741066935929
200;1741066935935
200;1741066940992
200;1741066941000
200;1741066943473
200;1741066945881
200;1741066945889
200;1741066945973
200;1741066950872
200;1741066950943
200;1741066950952
200;1741066955963
200;1741066956022
200;1741066956094
200;1741066960910
200;1741066960918
200;1741066961024
200;1741066965909
200;1741066965981
200;1741066968232
200;1741066970868
200;1741066970876
200;1741066971046
200;1741066975887
200;1741066975895
200;1741066976043
200;1741066980867
200;1741066980927
200;1741066980934
200;1741066985866
200;1741066985907
200;1741066985914
200;1741066990871
200;1741066990916
200;1741066990925
200;1741066995903
200;1741066995911
200;1741066995947
200;1741067000968
200;1741067000976
200;1741067001107
200;1741067005866
200;1741067005910
200;1741067005918
200;1741067010889
200;1741067010952
200;1741067010977
200;1741067015911
200;1741067015919
200;1741067015925
200;1741067020879
200;1741067020958
200;1741067020965
200;1741067025971
200;1741067025977
200;1741067025984
200;1741067030971
200;1741067030980
200;1741067031005
200;1741067035896
200;1741067035902
200;1741067035939
200;1741067040904
200;1741067040913
200;1741067040976
200;1741067045880
200;1741067045890
200;1741067045992
200;1741067050869
200;1741067050879
200;1741067051013
200;1741067055925
200;1741067055967
200;1741067056018
200;1741067060904
200;1741067060912
200;1741067060983
200;1741067065868
200;1741067065876
200;1741067066060
200;1741067070870
200;1741067070878
200;1741067070914
200;1741067075866
200;1741067075939
200;1741067075948
200;1741067080892
200;1741067080937
200;1741067080943
200;1741067085912
200;1741067085923
200;1741067085934
200;1741067090866
200;1741067090912
200;1741067090921
200;1741067095908
200;1741067095914
200;1741067095920
200;1741067100913
200;1741067100920
200;1741067100995
200;1741067105875
200;1741067105966
200;1741067105974
200;1741067110870
200;1741067110910
200;1741067110918
200;1741067115934
200;1741067115941
200;1741067115966
200;1741067120940
200;1741067120993
200;1741067121053
200;1741067125874
200;1741067125947
200;1741067125955
200;1741067130917
200;1741067130927
200;1741067130936
200;1741067135978
200;1741067135989
200;1741067136064
200;1741067140899
200;1741067140908
200;1741067140972
200;1741067145907
200;1741067148160
200;1741067150915
200;1741067150923
200;1741067150970
200;1741067155866
200;1741067155875
200;1741067156086
200;1741067160888
200;1741067160948
200;1741067161032
200;1741067165893
200;1741067165923
200;1741067165969
200;1741067170891
200;1741067170955
200;1741067170962
200;1741067175932
200;1741067175941
200;1741067175997
200;1741067180912
200;1741067180919
200;1741067180997
200;1741067185875
200;1741067185883
200;1741067185943
200;1741067190941
200;1741067190948
200;1741067190988
200;1741067195866
200;1741067195938
200;1741067195946
200;1741067200872
200;1741067200955
200;1741067200964
200;1741067205911
200;1741067205918
200;1741067205943
200;1741067210876
200;1741067210945
200;1741067210952
200;1741067215894
200;1741067215901
200;1741067215936
200;1741067220871
200;1741067220879
200;1741067221003
200;1741067225940
200;1741067225946
200;1741067228298
200;1741067230874
200;1741067230920
200;1741067230928
200;1741067235875
200;1741067235945
200;1741067235952
200;1741067240888
200;1741067240941
200;1741067241145
200;1741067245910
200;1741067245916
200;1741067245949
200;1741067250900
200;1741067250906
200;1741067250946
200;1741067255907
200;1741067255912
200;1741067256025
200;1741067260974
200;1741067260982
200;1741067260993
200;1741067265928
200;1741067265937
200;1741067266005
200;1741067270968
200;1741067270974
200;1741067270981
200;1741067275908
200;1741067275916
200;1741067275921
200;1741067280971
200;1741067280980
200;1741067281053
200;1741067285867
200;1741067285912
200;1741067285920
200;1741067290915
200;1741067290924
200;1741067290953
200;1741067295902
200;1741067295944
200;1741067295955
200;1741067300910
200;1741067300918
200;1741067300927
200;1741067305866
200;1741067305944
200;1741067305953
200;1741067310887
200;1741067310896
200;1741067310929
200;1741067315896
200;1741067315903
200;1741067315975
200;1741067320892
200;1741067320899
200;1741067320923
200;1741067325919
200;1741067325927
200;1741067326032
200;1741067330870
200;1741067330915
200;1741067330921
200;1741067335887
200;1741067335965
200;1741067335974
200;1741067340870
200;1741067340879
200;1741067341118
200;1741067345909
200;1741067345982
200;1741067346013
200;1741067350889
200;1741067350898
200;1741067350942
200;1741067355899
200;1741067355907
200;1741067356064
200;1741067360884
200;1741067360924
200;1741067362908
200;1741067365911
200;1741067365918
200;1741067365925
200;1741067370871
200;1741067370952
200;1741067370959
200;1741067375911
200;1741067375920
200;1741067375927
200;1741067380884
200;1741067380892
200;1741067380917
200;1741067385876
200;1741067385945
200;1741067385951
200;1741067390866
200;1741067390907
200;1741067390914
200;1741067395893
200;1741067395954
200;1741067396046
200;1741067400851
200;1741067400902
200;1741067400948
200;1741067405906
200;1741067405911
200;1741067405916
200;1741067410874
200;1741067410960
200;1741067410966
200;1741067415890
200;1741067415898
200;1741067415929
200;1741067420907
200;1741067420915
200;1741067421023
200;1741067425876
200;1741067425905
200;1741067425911
200;1741067430920
200;1741067430929
200;1741067430937
200;1741067435866
200;1741067435913
200;1741067435924
200;1741067440929
200;1741067440937
200;1741067443449
200;1741067445865
200;1741067445906
200;1741067445914
200;1741067450866
200;1741067450874
200;1741067450947
200;1741067455866
200;1741067455911
200;1741067455919
200;1741067460913
200;1741067460920
200;1741067460982
200;1741067465993
200;1741067465999
200;1741067466005
200;1741067470894
200;1741067470900
200;1741067470979
200;1741067475971
200;1741067475979
200;1741067476022
200;1741067480880
200;1741067480888
200;1741067481016
200;1741067485947
200;1741067485954
200;1741067485977
200;1741067490915
200;1741067490964
200;1741067490970
200;1741067495942
200;1741067495950
200;1741067498183
200;1741067500867
200;1741067500955
200;1741067500962
200;1741067505917
200;1741067505986
200;1741067508551
200;1741067510908
200;1741067510935
200;1741067510964
200;1741067515872
200;1741067515929
200;1741067515936
200;1741067520875
200;1741067520904
200;1741067522916
200;1741067525868
200;1741067525911
200;1741067525920
200;1741067530872
200;1741067530963
200;1741067530973
200;1741067535870
200;1741067535878
200;1741067536005
200;1741067540907
200;1741067540920
200;1741067540926
200;1741067545911
200;1741067545920
200;1741067545975
200;1741067550907
200;1741067550975
200;1741067550983
200;1741067555869
200;1741067555915
200;1741067555920
200;1741067560887
200;1741067560896
200;1741067561100
200;1741067565907
200;1741067565916
200;1741067565924
200;1741067570873
200;1741067570909
200;1741067570915
200;1741067576018
200;1741067576027
200;1741067576044
200;1741067580878
200;1741067580971
200;1741067581005
200;1741067585919
200;1741067585928
200;1741067585936
200;1741067590910
200;1741067590917
200;1741067590924
200;1741067595874
200;1741067595973
200;1741067596013
200;1741067600919
200;1741067600927
200;1741067600939
200;1741067605883
200;1741067605892
200;1741067605951
200;1741067610907
200;1741067610939
200;1741067610976
200;1741067615911
200;1741067615918
200;1741067615926
200;1741067620875
200;1741067621050
200;1741067623704
200;1741067625923
200;1741067625930
200;1741067625988
200;1741067630872
200;1741067630945
200;1741067630953
200;1741067635918
200;1741067635977
200;1741067640702
200;1741067640850
200;1741067640919
200;1741067640964
200;1741067645865
200;1741067645966
200;1741067645995
200;1741067650903
200;1741067650910
200;1741067650947
200;1741067655871
200;1741067655951
200;1741067655958
200;1741067660911
200;1741067660916
200;1741067660957
200;1741067665927
200;1741067665935
200;1741067665958
200;1741067670928
200;1741067670933
200;1741067673188
200;1741067675923
200;1741067675931
200;1741067675969
200;1741067680889
200;1741067680896
200;1741067681132
200;1741067685883
200;1741067685891
200;1741067686064
200;1741067690907
200;1741067690916
200;1741067691055
200;1741067695891
200;1741067695938
200;1741067695945
200;1741067700877
200;1741067700982
200;1741067700988
200;1741067705881
200;1741067705909
200;1741067705914
200;1741067710871
200;1741067710912
200;1741067710921
200;1741067715939
200;1741067715945
200;1741067716119
200;1741067720903
200;1741067720911
200;1741067721027
200;1741067725907
200;1741067726132
200;1741067728253
200;1741067730868
200;1741067730923
200;1741067730931
200;1741067735858
200;1741067735896
200;1741067737909
200;1741067740896
200;1741067742978
200;1741067745880
200;1741067745929
200;1741067746050
200;1741067750865
200;1741067750937
200;1741067750945
200;1741067755875
200;1741067755967
200;1741067755975
200;1741067760909
200;1741067760918
200;1741067761040
200;1741067765874
200;1741067765882
200;1741067765981
200;1741067770908
200;1741067770915
200;1741067770940
200;1741067775907
200;1741067775967
200;1741067775985
200;1741067780867
200;1741067780912
200;1741067780921
200;1741067785919
200;1741067785925
200;1741067785930
200;1741067790976
200;1741067790984
200;1741067791083
200;1741067795912
200;1741067795918
200;1741067795938
200;1741067800907
200;1741067800914
200;1741067800978
200;1741067805895
200;1741067805903
200;1741067806024
200;1741067810852
200;1741067810922
200;1741067810942
200;1741067815856
200;1741067815905
200;1741067816033
200;1741067820896
200;1741067820905
200;1741067821009
200;1741067825867
200;1741067825938
200;1741067825949
200;1741067830923
200;1741067830929
200;1741067830975
200;1741067835922
200;1741067835969
200;1741067838604
200;1741067840908
200;1741067840916
200;1741067840922
200;1741067845906
200;1741067845938
200;1741067845979
200;1741067850958
200;1741067850965
200;1741067850973
200;1741067855880
200;1741067855922
200;1741067855998
200;1741067860882
200;1741067860967
200;1741067860975
200;1741067865907
200;1741067865937
200;1741067865945
200;1741067870927
200;1741067870932
200;1741067870942
200;1741067875940
200;1741067875949
200;1741067875956
200;1741067880868
200;1741067880911
200;1741067880918
200;1741067885907
200;1741067885914
200;1741067885981
200;1741067890893
200;1741067890933
200;1741067891023
200;1741067895911
200;1741067895918
200;1741067895925
200;1741067900903
200;1741067900911
200;1741067900992
200;1741067905905
200;1741067905912
200;1741067905965
200;1741067910904
200;1741067910936
200;1741067913620
200;1741067915911
200;1741067915920
200;1741067915927
200;1741067920874
200;1741067920901
200;1741067920906
200;1741067925901
200;1741067925910
200;1741067925978
200;1741067930906
200;1741067930913
200;1741067930925
200;1741067935908
200;1741067935926
200;1741067936006
200;1741067940899
200;1741067940907
200;1741067941013
200;1741067945915
200;1741067945971
200;1741067945978
200;1741067950915
200;1741067950921
200;1741067950965
200;1741067955906
200;1741067955975
200;1741067955983
200;1741067960975
200;1741067960981
200;1741067960997
200;1741067965941
200;1741067965982
200;1741067968166
200;1741067970907
200;1741067970914
200;1741067970945
200;1741067975876
200;1741067975904
200;1741067975913
200;1741067980866
200;1741067980907
200;1741067980914
200;1741067985907
200;1741067985943
200;1741067985951
200;1741067990879
200;1741067990889
200;1741067990977
200;1741067995873
200;1741067995921
200;1741067996111
200;1741068000872
200;1741068000880
200;1741068000965
200;1741068005864
200;1741068005906
200;1741068005912
200;1741068010922
200;1741068010928
200;1741068010960
200;1741068015928
200;1741068015933
200;1741068016035
200;1741068020910
200;1741068020965
200;1741068020971
200;1741068025911
200;1741068025918
200;1741068025962
200;1741068030910
200;1741068030916
200;1741068030921
200;1741068035865
200;1741068035946
200;1741068035954
200;1741068040867
200;1741068040916
200;1741068040953
200;1741068045872
200;1741068045921
200;1741068045931
200;1741068050906
200;1741068050914
200;1741068051007
200;1741068055905
200;1741068055910
200;1741068055951
200;1741068060911
200;1741068060949
200;1741068060954
200;1741068065919
200;1741068065925
200;1741068066040
200;1741068070855
200;1741068070911
200;1741068071002
200;1741068075960
200;1741068075966
200;1741068076177
200;1741068080896
200;1741068080903
200;1741068080916
200;1741068085852
200;1741068085918
200;1741068086099
200;1741068090951
200;1741068090958
200;1741068091044
200;1741068095959
200;1741068095967
200;1741068095973
200;1741068100943
200;1741068100952
200;1741068100969
200;1741068105875
200;1741068108477
200;1741068108610
200;1741068110911
200;1741068110917
200;1741068110922
200;1741068115915
200;1741068115925
200;1741068115995
200;1741068120991
200;1741068120998
200;1741068123639
200;1741068125874
200;1741068125962
200;1741068125968
200;1741068130882
200;1741068130932
200;1741068131021
200;1741068135915
200;1741068135924
200;1741068135931
200;1741068140866
200;1741068140910
200;1741068140915
200;1741068145955
200;1741068145962
200;1741068148407
200;1741068150899
200;1741068150956
200;1741068151063
200;1741068155917
200;1741068155921
200;1741068155939
200;1741068160914
200;1741068160922
200;1741068160929
200;1741068165876
200;1741068165949
200;1741068165961
200;1741068170914
200;1741068170922
200;1741068170935
200;1741068175900
200;1741068175908
200;1741068175936
200;1741068180897
200;1741068180905
200;1741068180995
200;1741068185967
200;1741068185975
200;1741068186019
200;1741068190870
200;1741068190915
200;1741068190920
200;1741068195908
200;1741068195945
200;1741068195962
200;1741068200877
200;1741068200910
200;1741068200918
200;1741068205963
200;1741068205970
200;1741068205976
200;1741068210894
200;1741068210935
200;1741068211006
200;1741068215871
200;1741068215910
200;1741068216028
200;1741068220870
200;1741068220911
200;1741068220918
200;1741068225921
200;1741068225929
200;1741068228857
200;1741068230876
200;1741068230883
200;1741068230978
200;1741068235877
200;1741068235884
200;1741068235990
200;1741068240938
200;1741068240981
200;1741068243647
200;1741068245874
200;1741068245928
200;1741068245932
200;1741068250869
200;1741068250925
200;1741068250930
200;1741068255916
200;1741068255923
200;1741068256126
200;1741068260866
200;1741068260906
200;1741068260914
200;1741068265881
200;1741068265889
200;1741068265923
200;1741068270911
200;1741068270921
200;1741068270971
200;1741068275871
200;1741068275887
200;1741068275998
200;1741068280896
200;1741068280905
200;1741068280956
200;1741068285922
200;1741068285931
200;1741068285986
200;1741068290876
200;1741068290949
200;1741068290957
200;1741068295871
200;1741068295916
200;1741068295925
200;1741068300863
200;1741068300918
200;1741068300924
200;1741068305908
200;1741068305916
200;1741068306007
200;1741068310873
200;1741068310971
200;1741068311047
200;1741068315907
200;1741068315913
200;1741068316057
200;1741068320869
200;1741068320960
200;1741068320967
200;1741068325905
200;1741068328717
200;1741068328868
200;1741068330914
200;1741068330919
200;1741068331057
200;1741068335943
200;1741068335951
200;1741068335957
200;1741068340887
200;1741068340927
200;1741068345911
200;1741068345955
200;1741068345963
200;1741068350911
200;1741068350919
200;1741068350977
200;1741068355871
200;1741068355927
200;1741068355935
200;1741068360895
200;1741068360904
200;1741068360978
200;1741068365895
200;1741068365904
200;1741068365980
200;1741068370880
200;1741068370923
200;1741068370929
200;1741068375904
200;1741068375912
200;1741068376003
200;1741068380976
200;1741068380984
200;1741068383145
200;1741068385877
200;1741068385927
200;1741068386026
200;1741068390882
200;1741068390947
200;1741068391011
200;1741068395875
200;1741068395963
200;1741068395970
200;1741068400883
200;1741068400891
200;1741068400957
200;1741068405935
200;1741068405943
200;1741068405950
200;1741068410922
200;1741068410929
200;1741068411015
200;1741068415874
200;1741068415951
200;1741068415960
200;1741068420913
200;1741068420922
200;1741068421019
200;1741068425923
200;1741068425930
200;1741068425953
200;1741068430933
200;1741068430939
200;1741068430949
200;1741068435867
200;1741068435916
200;1741068435957
200;1741068440911
200;1741068440917
200;1741068440997
200;1741068445963
200;1741068448129
200;1741068448842
200;1741068450913
200;1741068450920
200;1741068451088
200;1741068455879
200;1741068455885
200;1741068456182
200;1741068460901
200;1741068460911
200;1741068461167
200;1741068465892
200;1741068465902
200;1741068465948
200;1741068470954
200;1741068470962
200;1741068471105
200;1741068475935
200;1741068475944
200;1741068476082
200;1741068480965
200;1741068480974
200;1741068481003
200;1741068485872
200;1741068485941
200;1741068485949
200;1741068490852
200;1741068490911
200;1741068495876
200;1741068495947
200;1741068495956
200;1741068500931
200;1741068500940
200;1741068500978
200;1741068505899
200;1741068505943
200;1741068505952
200;1741068510906
200;1741068510938
200;1741068510943
200;1741068515978
200;1741068516024
200;1741068518107
200;1741068520907
200;1741068520991
200;1741068521001
200;1741068525933
200;1741068525940
200;1741068525996
200;1741068530915
200;1741068530922
200;1741068530929
200;1741068535914
200;1741068535947
200;1741068535954
200;1741068540873
200;1741068540918
200;1741068540926
200;1741068545915
200;1741068545921
200;1741068545927
200;1741068550903
200;1741068550910
200;1741068551015
200;1741068555907
200;1741068555996
200;1741068556011
200;1741068560876
200;1741068560962
200;1741068560970
200;1741068565981
200;1741068566182
200;1741068566217
200;1741068570876
200;1741068570931
200;1741068570938
200;1741068575911
200;1741068575920
200;1741068575971
200;1741068580887
200;1741068581020
200;1741068581090
200;1741068585980
200;1741068585989
200;1741068586052
200;1741068590920
200;1741068590929
200;1741068590966
200;1741068595874
200;1741068595955
200;1741068595962
200;1741068600852
200;1741068600892
200;1741068600953
200;1741068605914
200;1741068605979
200;1741068605988
200;1741068610865
200;1741068610906
200;1741068610912
200;1741068615914
200;1741068615922
200;1741068615978
200;1741068620906
200;1741068620912
200;1741068620938
200;1741068625910
200;1741068625917
200;1741068625979
200;1741068630952
200;1741068630961
200;1741068631039
200;1741068635917
200;1741068635925
200;1741068635967
200;1741068640923
200;1741068640930
200;1741068640989
200;1741068645946
200;1741068645953
200;1741068646011
200;1741068650911
200;1741068650918
200;1741068650925
200;1741068655875
200;1741068655901
200;1741068655911
200;1741068660950
200;1741068663254
200;1741068663875
200;1741068665911
200;1741068665918
200;1741068665948
200;1741068670873
200;1741068670882
200;1741068670964
200;1741068675866
200;1741068675897
200;1741068675905
200;1741068680877
200;1741068680965
200;1741068680974
200;1741068685874
200;1741068685912
200;1741068685947
200;1741068690993
200;1741068691020
200;1741068691049
200;1741068695938
200;1741068695945
200;1741068695998
200;1741068700882
200;1741068700941
200;1741068701111
200;1741068705896
200;1741068705904
200;1741068705999
200;1741068710894
200;1741068710904
200;1741068711045
200;1741068715936
200;1741068715943
200;1741068715982
200;1741068720879
200;1741068720948
200;1741068721043
200;1741068725889
200;1741068725972
200;1741068726000
200;1741068730915
200;1741068730924
200;1741068730932
200;1741068735937
200;1741068735948
200;1741068736049
200;1741068740970
200;1741068740979
200;1741068741124
200;1741068745907
200;1741068745945
200;1741068745954
200;1741068750893
200;1741068750901
200;1741068751009
200;1741068755874
200;1741068755879
200;1741068755913
200;1741068760865
200;1741068760947
200;1741068760956
200;1741068765987
200;1741068765996
200;1741068766003
200;1741068770931
200;1741068770937
200;1741068770944
200;1741068775876
200;1741068775927
200;1741068775935
200;1741068780925
200;1741068780991
200;1741068783161
200;1741068785913
200;1741068785978
200;1741068785985
200;1741068790870
200;1741068790963
200;1741068790971
200;1741068795955
200;1741068795962
200;1741068796254
200;1741068800876
200;1741068800963
200;1741068800971
200;1741068805908
200;1741068805915
200;1741068807970
200;1741068810874
200;1741068810924
200;1741068810932
200;1741068815948
200;1741068818518
200;1741068818667
200;1741068820895
200;1741068820902
200;1741068821008
200;1741068825907
200;1741068825914
200;1741068826017
200;1741068830894
200;1741068831044
200;1741068835892
200;1741068835950
200;1741068836069
200;1741068840873
200;1741068840910
200;1741068840917
200;1741068845920
200;1741068845928
200;1741068845982
200;1741068850871
200;1741068850918
200;1741068850925
200;1741068855979
200;1741068856005
200;1741068856093
200;1741068860875
200;1741068860901
200;1741068860910
200;1741068865952
200;1741068865963
200;1741068866137
200;1741068870894
200;1741068873300
200;1741068873397
200;1741068875859
200;1741068875903
200;1741068876000
200;1741068880932
200;1741068880941
200;1741068881017
200;1741068885883
200;1741068885927
200;1741068885936
200;1741068890892
200;1741068890938
200;1741068890947
200;1741068895868
200;1741068895909
200;1741068895914
200;1741068900866
200;1741068900937
200;1741068900944
200;1741068905851
200;1741068905890
200;1741068905942
200;1741068910866
200;1741068910958
200;1741068910966
200;1741068915886
200;1741068915894
200;1741068915998
200;1741068920867
200;1741068920914
200;1741068920949
200;1741068925867
200;1741068925875
200;1741068925898
200;1741068930881
200;1741068930986
200;1741068930994
200;1741068935914
200;1741068935922
200;1741068935929
200;1741068940934
200;1741068940943
200;1741068941135
200;1741068945922
200;1741068945930
200;1741068945938
200;1741068950940
200;1741068950949
200;1741068950957
200;1741068955877
200;1741068955887
200;1741068955962
200;1741068960906
200;1741068960914
200;1741068960921
200;1741068965915
200;1741068965922
200;1741068965928
200;1741068970887
200;1741068970897
200;1741068970936
200;1741068975924
200;1741068975931
200;1741068976000
200;1741068980889
200;1741068980910
200;1741068980919
200;1741068985922
200;1741068985930
200;1741068985981
200;1741068990923
200;1741068990934
200;1741068990965
200;1741068995952
200;1741068995960
200;1741068996042
200;1741069000875
200;1741069000900
200;1741069000906
200;1741069005882
200;1741069005890
200;1741069005968
200;1741069010899
200;1741069010961
200;1741069010970
200;1741069015880
200;1741069015888
200;1741069015932
200;1741069020890
200;1741069020898
200;1741069020962
200;1741069025875
200;1741069025884
200;1741069026091
200;1741069030866
200;1741069030935
200;1741069030942
200;1741069035897
200;1741069035904
200;1741069035934
200;1741069040892
200;1741069040935
200;1741069043643
200;1741069045884
200;1741069046124
200;1741069048630
200;1741069050910
200;1741069050918
200;1741069050924
200;1741069055895
200;1741069055907
200;1741069055944
200;1741069060865
200;1741069060946
200;1741069060980
200;1741069065876
200;1741069065920
200;1741069065928
200;1741069070863
200;1741069070904
200;1741069070979
200;1741069075981
200;1741069076043
200;1741069076323
200;1741069080902
200;1741069080909
200;1741069080979
200;1741069085925
200;1741069085931
200;1741069086007
200;1741069090907
200;1741069090954
200;1741069090962
200;1741069095891
200;1741069095901
200;1741069095952
200;1741069100876
200;1741069100962
200;1741069100970
200;1741069105910
200;1741069105916
200;1741069105982
200;1741069110874
200;1741069110964
200;1741069110973
200;1741069115914
200;1741069115923
200;1741069116137
200;1741069120931
200;1741069120939
200;1741069120990
200;1741069125871
200;1741069125918
200;1741069126001
200;1741069130913
200;1741069130922
200;1741069131011
200;1741069135892
200;1741069135953
200;1741069136091
200;1741069140954
200;1741069140962
200;1741069140990
200;1741069145869
200;1741069145967
200;1741069145976
200;1741069150878
200;1741069150931
200;1741069150938
200;1741069155869
200;1741069155949
200;1741069155957
200;1741069160918
200;1741069160926
200;1741069161021
200;1741069165865
200;1741069165907
200;1741069165916
200;1741069170870
200;1741069170911
200;1741069170920
200;1741069175888
200;1741069175905
200;1741069175913
200;1741069180910
200;1741069180918
200;1741069180925
200;1741069185865
200;1741069185893
200;1741069185959
200;1741069190893
200;1741069190927
200;1741069190936
200;1741069195906
200;1741069195913
200;1741069195995
200;1741069200871
200;1741069200921
200;1741069200927
200;1741069205865
200;1741069205973
200;1741069205980
200;1741069210875
200;1741069211027
200;1741069215870
200;1741069215969
200;1741069215978
200;1741069220868
200;1741069220955
200;1741069220961
200;1741069225866
200;1741069225907
200;1741069225915
200;1741069230980
200;1741069231010
200;1741069233138
200;1741069235910
200;1741069235940
200;1741069235948
200;1741069240942
200;1741069240951
200;1741069241020
200;1741069245876
200;1741069245963
200;1741069245972
200;1741069250878
200;1741069250886
200;1741069250991
200;1741069255867
200;1741069255906
200;1741069255915
200;1741069260876
200;1741069260884
200;1741069260940
200;1741069265890
200;1741069265898
200;1741069266064
200;1741069270972
200;1741069270979
200;1741069271141
200;1741069275920
200;1741069275982
200;1741069276040
200;1741069280896
200;1741069281001
200;1741069281078
200;1741069285874
200;1741069285931
200;1741069285945
200;1741069290890
200;1741069290898
200;1741069290941
200;1741069295900
200;1741069295909
200;1741069295947
200;1741069300910
200;1741069300918
200;1741069300930
200;1741069305867
200;1741069305965
200;1741069305974
200;1741069310983
200;1741069313471
200;1741069313558
200;1741069315861
200;1741069315935
200;1741069318827
200;1741069320910
200;1741069320918
200;1741069320948
200;1741069325911
200;1741069325927
200;1741069325936
200;1741069330910
200;1741069330925
200;1741069330933
200;1741069335914
200;1741069335951
200;1741069335958
200;1741069340866
200;1741069340906
200;1741069340913
200;1741069345891
200;1741069345913
200;1741069345954
200;1741069350906
200;1741069350913
200;1741069350919
200;1741069355942
200;1741069355956
200;1741069355988
200;1741069360889
200;1741069360898
200;1741069360931
200;1741069365866
200;1741069365913
200;1741069366098
200;1741069370918
200;1741069370926
200;1741069371106
200;1741069375911
200;1741069375917
200;1741069375950
200;1741069380879
200;1741069380889
200;1741069380919
200;1741069385875
200;1741069385917
200;1741069385957
200;1741069391012
200;1741069391021
200;1741069393165
200;1741069395908
200;1741069395915
200;1741069395921
200;1741069400898
200;1741069400907
200;1741069400936
200;1741069405906
200;1741069405912
200;1741069405919
200;1741069410923
200;1741069410968
200;1741069410975
200;1741069415866
200;1741069415922
200;1741069415928
200;1741069420988
200;1741069420996
200;1741069421105
200;1741069425955
200;1741069425961
200;1741069426071
200;1741069430876
200;1741069430919
200;1741069430926
200;1741069435943
200;1741069435950
200;1741069436013
200;1741069440912
200;1741069440918
200;1741069441057
200;1741069445970
200;1741069445976
200;1741069446089
200;1741069450931
200;1741069450937
200;1741069450969
200;1741069455870
200;1741069455878
200;1741069455974
200;1741069460885
200;1741069460919
200;1741069460954
200;1741069465872
200;1741069465879
200;1741069465958
200;1741069470914
200;1741069470920
200;1741069471037
200;1741069475908
200;1741069475914
200;1741069475995
200;1741069480923
200;1741069480930
200;1741069481059
200;1741069485886
200;1741069485946
200;1741069485985
200;1741069490911
200;1741069490921
200;1741069491019
200;1741069495867
200;1741069495876
200;1741069495922
200;1741069500909
200;1741069500914
200;1741069500930
200;1741069505975
200;1741069508512
200;1741069508555
200;1741069510932
200;1741069510939
200;1741069511019
200;1741069515871
200;1741069515970
200;1741069515995
200;1741069520950
200;1741069520957
200;1741069520963
200;1741069525893
200;1741069525912
200;1741069526074
200;1741069530898
200;1741069530905
200;1741069530934
200;1741069535933
200;1741069535942
200;1741069538467
200;1741069540939
200;1741069540948
200;1741069541101
200;1741069545901
200;1741069546129
200;1741069548250
200;1741069550874
200;1741069550900
200;1741069550909
200;1741069555983
200;1741069556135
200;1741069556243
200;1741069560851
200;1741069560894
200;1741069561131
200;1741069565877
200;1741069565903
200;1741069565912
200;1741069570935
200;1741069570944
200;1741069570994
200;1741069575868
200;1741069575961
200;1741069575972
200;1741069580904
200;1741069580952
200;1741069581021
200;1741069585887
200;1741069585895
200;1741069585956
200;1741069590878
200;1741069590910
200;1741069590918
200;1741069595901
200;1741069595944
200;1741069595950
200;1741069600908
200;1741069600933
200;1741069600995
200;1741069605891
200;1741069605897
200;1741069605982
200;1741069610947
200;1741069610955
200;1741069610991
200;1741069615866
200;1741069615907
200;1741069615913
200;1741069620935
200;1741069620942
200;1741069620949
200;1741069625858
200;1741069626030
200;1741069628857
200;1741069630866
200;1741069630874
200;1741069630985
200;1741069635947
200;1741069635969
200;1741069635979
200;1741069640907
200;1741069640914
200;1741069640921
200;1741069645899
200;1741069645906
200;1741069646009
200;1741069650872
200;1741069650880
200;1741069651003
200;1741069655895
200;1741069655975
200;1741069655999
200;1741069660876
200;1741069660949
200;1741069660957
200;1741069665934
200;1741069665943
200;1741069665951
200;1741069670869
200;1741069670958
200;1741069670966
200;1741069675863
200;1741069675899
200;1741069676031
200;1741069680866
200;1741069680926
200;1741069680936
200;1741069685900
200;1741069685910
200;1741069686096
200;1741069690904
200;1741069690910
200;1741069690979
200;1741069695910
200;1741069695918
200;1741069696045
200;1741069700867
200;1741069700911
200;1741069700919
200;1741069705884
200;1741069705966
200;1741069706050
200;1741069710918
200;1741069710925
200;1741069711003
200;1741069715914
200;1741069715922
200;1741069715932
200;1741069720856
200;1741069720887
200;1741069720962
200;1741069725906
200;1741069725912
200;1741069725919
200;1741069730867
200;1741069730947
200;1741069730953
200;1741069735873
200;1741069735973
200;1741069736001
200;1741069740931
200;1741069740939
200;1741069740987
200;1741069745892
200;1741069745900
200;1741069745949
200;1741069750877
200;1741069750984
200;1741069750993
200;1741069755896
200;1741069755905
200;1741069755990
200;1741069760884
200;1741069760891
200;1741069761063
200;1741069765890
200;1741069765900
200;1741069768603
200;1741069770908
200;1741069770915
200;1741069770923
200;1741069775874
200;1741069775959
200;1741069775967
200;1741069780958
200;1741069780968
200;1741069785889
200;1741069785920
200;1741069785959
200;1741069790958
200;1741069790966
200;1741069791215
200;1741069795907
200;1741069795914
200;1741069795921
200;1741069800942
200;1741069800952
200;1741069801003
200;1741069805895
200;1741069805904
200;1741069806025
200;1741069810930
200;1741069810958
200;1741069813262
200;1741069815896
200;1741069815904
200;1741069815972
200;1741069820875
200;1741069820963
200;1741069820970
200;1741069825865
200;1741069825960
200;1741069825969
200;1741069830892
200;1741069830900
200;1741069830995
200;1741069835923
200;1741069835931
200;1741069835988
200;1741069840911
200;1741069840920
200;1741069841124
200;1741069845919
200;1741069845929
200;1741069846021
200;1741069850855
200;1741069850912
200;1741069851004
200;1741069855901
200;1741069855909
200;1741069855916
200;1741069860928
200;1741069860935
200;1741069861071
200;1741069865867
200;1741069865949
200;1741069865958
200;1741069870924
200;1741069870932
200;1741069871010
200;1741069875911
200;1741069875919
200;1741069875954
200;1741069880886
200;1741069880892
200;1741069880949
200;1741069885882
200;1741069885890
200;1741069885931
200;1741069890888
200;1741069890929
200;1741069890991
200;1741069895911
200;1741069895918
200;1741069896062
200;1741069900873
200;1741069900935
200;1741069901018
200;1741069905967
200;1741069905975
200;1741069906005
200;1741069910882
200;1741069910889
200;1741069910944
200;1741069915914
200;1741069915922
200;1741069916014
200;1741069920867
200;1741069920911
200;1741069920917
200;1741069925875
200;1741069925995
200;1741069926010
200;1741069930865
200;1741069930927
200;1741069930934
200;1741069935870
200;1741069935907
200;1741069935915
200;1741069940923
200;1741069940931
200;1741069940973
200;1741069945898
200;1741069945905
200;1741069946077
200;1741069950915
200;1741069950947
200;1741069950957
200;1741069955910
200;1741069955936
200;1741069955941
200;1741069960890
200;1741069960896
200;1741069963431
200;1741069965891
200;1741069965900
200;1741069966056
200;1741069970910
200;1741069970921
200;1741069970998
200;1741069975866
200;1741069975939
200;1741069975947
200;1741069980875
200;1741069980913
200;1741069980922
200;1741069985931
200;1741069985937
200;1741069985975
200;1741069990875
200;1741069990901
200;1741069990910
200;1741069995906
200;1741069995912
200;1741069996094
200;1741070000875
200;1741070000976
200;1741070000983
200;1741070005878
200;1741070005922
200;1741070005929
200;1741070010936
200;1741070010945
200;1741070011031
200;1741070015910
200;1741070016002
200;1741070016011
200;1741070020880
200;1741070020889
200;1741070020931
200;1741070025926
200;1741070025935
200;1741070025943
200;1741070030907
200;1741070030913
200;1741070031022
200;1741070035886
200;1741070035894
200;1741070035957
200;1741070040979
200;1741070041054
200;1741070041153
200;1741070045911
200;1741070045919
200;1741070045926
200;1741070050870
200;1741070050878
200;1741070050924
200;1741070055934
200;1741070055942
200;1741070055989
200;1741070060884
200;1741070060895
200;1741070061137
200;1741070065925
200;1741070065934
200;1741070066025
200;1741070070915
200;1741070070923
200;1741070070935
200;1741070075881
200;1741070075944
200;1741070076111
200;1741070080867
200;1741070080944
200;1741070080952
200;1741070085884
200;1741070085910
200;1741070088255
200;1741070090867
200;1741070090959
200;1741070090968
200;1741070095923
200;1741070095930
200;1741070095983
200;1741070100910
200;1741070100918
200;1741070101092
200;1741070105919
200;1741070105928
200;1741070105952
200;1741070110885
200;1741070110933
200;1741070110961
200;1741070115891
200;1741070115936
200;1741070115967
200;1741070120867
200;1741070120964
200;1741070121141
200;1741070125867
200;1741070125936
200;1741070125945
200;1741070130906
200;1741070130915
200;1741070130926
200;1741070135876
200;1741070135911
200;1741070135919
200;1741070140911
200;1741070140920
200;1741070140930
200;1741070145913
200;1741070145919
200;1741070145925
200;1741070150934
200;1741070150942
200;1741070150979
200;1741070155916
200;1741070155927
200;1741070156042
200;1741070160867
200;1741070160875
200;1741070161024
200;1741070165854
200;1741070165930
200;1741070165960
200;1741070170879
200;1741070170908
200;1741070170916
200;1741070175944
200;1741070175950
200;1741070175970
200;1741070180981
200;1741070181048
200;1741070181126
200;1741070185998
200;1741070186074
200;1741070188384
200;1741070190876
200;1741070190901
200;1741070190909
200;1741070195911
200;1741070195920
200;1741070195930
200;1741070200865
200;1741070200950
200;1741070200959
200;1741070205866
200;1741070205875
200;1741070205921
200;1741070210876
200;1741070210949
200;1741070210956
200;1741070215915
200;1741070215923
200;1741070216024
200;1741070220873
200;1741070220966
200;1741070220973
200;1741070225894
200;1741070225901
200;1741070225930
200;1741070230896
200;1741070230903
200;1741070230976
200;1741070235916
200;1741070235971
200;1741070235978
200;1741070240954
200;1741070240963
200;1741070241035
200;1741070245910
200;1741070245917
200;1741070245942
200;1741070250922
200;1741070250931
200;1741070251067
200;1741070255912
200;1741070255928
200;1741070255977
200;1741070260963
200;1741070260970
200;1741070260980
200;1741070265910
200;1741070265918
200;1741070265992
200;1741070270923
200;1741070270933
200;1741070270966
200;1741070275907
200;1741070275916
200;1741070275986
200;1741070280907
200;1741070280915
200;1741070280978
200;1741070285926
200;1741070285934
200;1741070285941
200;1741070290908
200;1741070290931
200;1741070293678
200;1741070295888
200;1741070295897
200;1741070295999
200;1741070300871
200;1741070300918
200;1741070300925
200;1741070305905
200;1741070305909
200;1741070305941
200;1741070310871
200;1741070310950
200;1741070313530
200;1741070315867
200;1741070315918
200;1741070315952
200;1741070320863
200;1741070320920
200;1741070321007
200;1741070325967
200;1741070325975
200;1741070326004
200;1741070330867
200;1741070330911
200;1741070330918
200;1741070335866
200;1741070335926
200;1741070335934
200;1741070340980
200;1741070343203
200;1741070343561
200;1741070345971
200;1741070345981
200;1741070346066
200;1741070350871
200;1741070350879
200;1741070350916
200;1741070355872
200;1741070355893
200;1741070355901
200;1741070360889
200;1741070360896
200;1741070360992
200;1741070365870
200;1741070365941
200;1741070365947
200;1741070370877
200;1741070370935
200;1741070370944
200;1741070375875
200;1741070375965
200;1741070375974
200;1741070380885
200;1741070380893
200;1741070380987
200;1741070385918
200;1741070385924
200;1741070386019
200;1741070390882
200;1741070390891
200;1741070391191
200;1741070395888
200;1741070395898
200;1741070396052
200;1741070400895
200;1741070400903
200;1741070401067
200;1741070405866
200;1741070405936
200;1741070405943
200;1741070410910
200;1741070410916
200;1741070410923
200;1741070415908
200;1741070415987
200;1741070415996
200;1741070420872
200;1741070420914
200;1741070420921
200;1741070425875
200;1741070425901
200;1741070425909
200;1741070430933
200;1741070430941
200;1741070431047
200;1741070435867
200;1741070435953
200;1741070435963
200;1741070440871
200;1741070440949
200;1741070440959
200;1741070445914
200;1741070445945
200;1741070445952
200;1741070450954
200;1741070450961
200;1741070451026
200;1741070455866
200;1741070455907
200;1741070455915
200;1741070460854
200;1741070461013
200;1741070461174
200;1741070465905
200;1741070465957
200;1741070465965
200;1741070470875
200;1741070470919
200;1741070470927
200;1741070475870
200;1741070475917
200;1741070475923
200;1741070480869
200;1741070480943
200;1741070480952
200;1741070485884
200;1741070485893
200;1741070485934
200;1741070490866
200;1741070490915
200;1741070490924
200;1741070495891
200;1741070495899
200;1741070495926
200;1741070500982
200;1741070501116
200;1741070501191
200;1741070505937
200;1741070506006
200;1741070506016
200;1741070510906
200;1741070510913
200;1741070510985
200;1741070515929
200;1741070515938
200;1741070516018
200;1741070520876
200;1741070520931
200;1741070520939
200;1741070525942
200;1741070525948
200;1741070526007
200;1741070530901
200;1741070530909
200;1741070530929
200;1741070535892
200;1741070535899
200;1741070536001
200;1741070540868
200;1741070540943
200;1741070540952
200;1741070545951
200;1741070546036
200;1741070546094
200;1741070550870
200;1741070550947
200;1741070550953
200;1741070555907
200;1741070555952
200;1741070555966
200;1741070560887
200;1741070560930
200;1741070560938
200;1741070565950
200;1741070566025
200;1741070568191
200;1741070570906
200;1741070570913
200;1741070570920
200;1741070575867
200;1741070575923
200;1741070575933
200;1741070580914
200;1741070580921
200;1741070580939
200;1741070585874
200;1741070585920
200;1741070585942
200;1741070590872
200;1741070590914
200;1741070590921
200;1741070595866
200;1741070595925
200;1741070595933
200;1741070600882
200;1741070600890
200;1741070601037
200;1741070605881
200;1741070605930
200;1741070606053
200;1741070610980
200;1741070611060
200;1741070611083
200;1741070615867
200;1741070615911
200;1741070615920
200;1741070620850
200;1741070620955
200;1741070621013
200;1741070625957
200;1741070625965
200;1741070626068
200;1741070630899
200;1741070630907
200;1741070630941
200;1741070635947
200;1741070635954
200;1741070635972
200;1741070640866
200;1741070640937
200;1741070640943
200;1741070645866
200;1741070645912
200;1741070645918
200;1741070650879
200;1741070650888
200;1741070651317
200;1741070655924
200;1741070655950
200;1741070656037
200;1741070660954
200;1741070660962
200;1741070660969
200;1741070665970
200;1741070665976
200;1741070666002
200;1741070670870
200;1741070670877
200;1741070670974
200;1741070675933
200;1741070675992
200;1741070676073
200;1741070680877
200;1741070680885
200;1741070680936
200;1741070685855
200;1741070685920
200;1741070686082
200;1741070690898
200;1741070690969
200;1741070691035
200;1741070695927
200;1741070695933
200;1741070696084
200;1741070700891
200;1741070700962
200;1741070701090
200;1741070705877
200;1741070705927
200;1741070706004
200;1741070710865
200;1741070710898
200;1741070710926
200;1741070715934
200;1741070715938
200;1741070716014
200;1741070720941
200;1741070721054
200;1741070723561
200;1741070725906
200;1741070725915
200;1741070725947
200;1741070730932
200;1741070730963
200;1741070735907
200;1741070735924
200;1741070735979
200;1741070740967
200;1741070740974
200;1741070740982
200;1741070745865
200;1741070745945
200;1741070745951
200;1741070750874
200;1741070750886
200;1741070751033
200;1741070755865
200;1741070755915
200;1741070755922
200;1741070760865
200;1741070760955
200;1741070760964
200;1741070765897
200;1741070765904
200;1741070765934
200;1741070770947
200;1741070770982
200;1741070770996
200;1741070775902
200;1741070775910
200;1741070775982
200;1741070780874
200;1741070780938
200;1741070780944
200;1741070785913
200;1741070785951
200;1741070785993
200;1741070790909
200;1741070790916
200;1741070791010
200;1741070795946
200;1741070795954
200;1741070795992
200;1741070800871
200;1741070800923
200;1741070800929
200;1741070805893
200;1741070805899
200;1741070806000
200;1741070810875
200;1741070810920
200;1741070810928
200;1741070815885
200;1741070815891
200;1741070818427
200;1741070820908
200;1741070820918
200;1741070821082
200;1741070825964
200;1741070825973
200;1741070826044
200;1741070830868
200;1741070830911
200;1741070830919
200;1741070835909
200;1741070835915
200;1741070835985
200;1741070840891
200;1741070840897
200;1741070840964
200;1741070845903
200;1741070845911
200;1741070845959
200;1741070850967
200;1741070850974
200;1741070851019
200;1741070855868
200;1741070855917
200;1741070855925
200;1741070860875
200;1741070860950
200;1741070860956
200;1741070865887
200;1741070865926
200;1741070865933
200;1741070870919
200;1741070873139
200;1741070873537
200;1741070875875
200;1741070875943
200;1741070875951
200;1741070880866
200;1741070880874
200;1741070880974
200;1741070885872
200;1741070885962
200;1741070885970
200;1741070890935
200;1741070890941
200;1741070891022
200;1741070895966
200;1741070895973
200;1741070895996
200;1741070900906
200;1741070900938
200;1741070900952
200;1741070905891
200;1741070905899
200;1741070905946
200;1741070910892
200;1741070910968
200;1741070911033
200;1741070915876
200;1741070915920
200;1741070915928
200;1741070920890
200;1741070920898
200;1741070920931
200;1741070925959
200;1741070928175
200;1741070930868
200;1741070930923
200;1741070930930
200;1741070935871
200;1741070936003
200;1741070936011
200;1741070940856
200;1741070940902
200;1741070941007
200;1741070945871
200;1741070945957
200;1741070945963
200;1741070950957
200;1741070950965
200;1741070951024
200;1741070955876
200;1741070955909
200;1741070955917
200;1741070960878
200;1741070960885
200;1741070961053
200;1741070965911
200;1741070965919
200;1741070965925
200;1741070970867
200;1741070970910
200;1741070970917
200;1741070975883
200;1741070975959
200;1741070975969
200;1741070980943
200;1741070980951
200;1741070980957
200;1741070985920
200;1741070985927
200;1741070985974
200;1741070990966
200;1741070990975
200;1741070991119
200;1741070995903
200;1741070995910
200;1741070995915
200;1741071000866
200;1741071000908
200;1741071000917
200;1741071005899
200;1741071005906
200;1741071005963
200;1741071010943
200;1741071010949
200;1741071010955
200;1741071015899
200;1741071015906
200;1741071016027
200;1741071020910
200;1741071020916
200;1741071020997
200;1741071025926
200;1741071025934
200;1741071026045
200;1741071030913
200;1741071030921
200;1741071030980
200;1741071035904
200;1741071035917
200;1741071036025
200;1741071040908
200;1741071040917
200;1741071040926
200;1741071045931
200;1741071045941
200;1741071045989
200;1741071050872
200;1741071050901
200;1741071051128
200;1741071055865
200;1741071055960
200;1741071055968
200;1741071060865
200;1741071060907
200;1741071060915
200;1741071065899
200;1741071065907
200;1741071065939
200;1741071070924
200;1741071070983
200;1741071073638
200;1741071075875
200;1741071075947
200;1741071075954
200;1741071080874
200;1741071080962
200;1741071080969
200;1741071085875
200;1741071085926
200;1741071085934
200;1741071090891
200;1741071090926
200;1741071091088
200;1741071095869
200;1741071095877
200;1741071095964
200;1741071100870
200;1741071100984
200;1741071101075
200;1741071105891
200;1741071105900
200;1741071106045
200;1741071110866
200;1741071110947
200;1741071110955
200;1741071115907
200;1741071115914
200;1741071115964
200;1741071120927
200;1741071120934
200;1741071121034
200;1741071125939
200;1741071125964
200;1741071128540
200;1741071130892
200;1741071133484
200;1741071133708
200;1741071135919
200;1741071135926
200;1741071135992
200;1741071140895
200;1741071140905
200;1741071140939
200;1741071145941
200;1741071145950
200;1741071145996
200;1741071150891
200;1741071150900
200;1741071150976
200;1741071155872
200;1741071155918
200;1741071158644
200;1741071160866
200;1741071160958
200;1741071160968
200;1741071165907
200;1741071165914
200;1741071165921
200;1741071170902
200;1741071170910
200;1741071171036
200;1741071175874
200;1741071175962
200;1741071175969
200;1741071180875
200;1741071180963
200;1741071180971
200;1741071185869
200;1741071185940
200;1741071185954
200;1741071190883
200;1741071190892
200;1741071190958
200;1741071195907
200;1741071195955
200;1741071195963
200;1741071200910
200;1741071200970
200;1741071200989
200;1741071205924
200;1741071206113
200;1741071206204
200;1741071210910
200;1741071211056
200;1741071211124
200;1741071215875
200;1741071215882
200;1741071215925
200;1741071220866
200;1741071220975
200;1741071220981
200;1741071225891
200;1741071225901
200;1741071226059
200;1741071230911
200;1741071230918
200;1741071231044
200;1741071235865
200;1741071235913
200;1741071235921
200;1741071240870
200;1741071240879
200;1741071240909
200;1741071245884
200;1741071245970
200;1741071246075
200;1741071250865
200;1741071250908
200;1741071250916
200;1741071255876
200;1741071255916
200;1741071255963
200;1741071260874
200;1741071260925
200;1741071261076
200;1741071265939
200;1741071265947
200;1741071266065
200;1741071270891
200;1741071270900
200;1741071270976
200;1741071275865
200;1741071275948
200;1741071275984
200;1741071280940
200;1741071280947
200;1741071281035
200;1741071285895
200;1741071285955
200;1741071285962
200;1741071290910
200;1741071290939
200;1741071293480
200;1741071295978
200;1741071296008
200;1741071296034
200;1741071300876
200;1741071300929
200;1741071300938
200;1741071305870
200;1741071305878
200;1741071305978
200;1741071310879
200;1741071310884
200;1741071310933
200;1741071315888
200;1741071315897
200;1741071315978
200;1741071320871
200;1741071320973
200;1741071320991
200;1741071325984
200;1741071325994
200;1741071326097
200;1741071330967
200;1741071330977
200;1741071331055
200;1741071335910
200;1741071335917
200;1741071335929
200;1741071340960
200;1741071340973
200;1741071341029
200;1741071345864
200;1741071345975
200;1741071346035
200;1741071350867
200;1741071350894
200;1741071350984
200;1741071355865
200;1741071355907
200;1741071355914
200;1741071360896
200;1741071360903
200;1741071360939
200;1741071365865
200;1741071365908
200;1741071365916
200;1741071370955
200;1741071370963
200;1741071371025
200;1741071375881
200;1741071375890
200;1741071375914
200;1741071380873
200;1741071380920
200;1741071380927
200;1741071385908
200;1741071385952
200;1741071385959
200;1741071390885
200;1741071390946
200;1741071390955
200;1741071395870
200;1741071395879
200;1741071396025
200;1741071400875
200;1741071400919
200;1741071400927
200;1741071405880
200;1741071405977
100;1741071410916
100;1741071410997
100;1741071415910
200;1741071415945
200;1741071415953
200;1741071416019
200;1741071420865
200;1741071420939
200;1741071420945
200;1741071425891
200;1741071425900
200;1741071426049
200;1741071430939
200;1741071430950
200;1741071431028
200;1741071435972
200;1741071435982
200;1741071435991
200;1741071440879
200;1741071440890
200;1741071440976
200;1741071445866
200;1741071445951
200;1741071445961
200;1741071450938
200;1741071450945
200;1741071450966
200;1741071455864
200;1741071455927
200;1741071455933
200;1741071460868
200;1741071460960
200;1741071460969
200;1741071465985
200;1741071465996
200;1741071466163
200;1741071470858
200;1741071470911
200;1741071471011
200;1741071475894
200;1741071475903
200;1741071477974
200;1741071480893
200;1741071480904
200;1741071480936
200;1741071485888
200;1741071485899
200;1741071485935
200;1741071490987
200;1741071490999
200;1741071492911
200;1741071495907
200;1741071495916
200;1741071495924
200;1741071500888
200;1741071500899
200;1741071500984
200;1741071505928
200;1741071505935
200;1741071506060
200;1741071510979
200;1741071510986
200;1741071510992
200;1741071515916
200;1741071515966
200;1741071515973
200;1741071520896
200;1741071520932
200;1741071520987
200;1741071525900
200;1741071525911
200;1741071526065
200;1741071530895
200;1741071530905
200;1741071530960
200;1741071535898
200;1741071535945
200;1741071536013
200;1741071540886
200;1741071540947
200;1741071540957
200;1741071545963
200;1741071545970
200;1741071546008
200;1741071550854
200;1741071550901
200;1741071551076
200;1741071555925
200;1741071555935
200;1741071555980
200;1741071560922
200;1741071560929
200;1741071561146
200;1741071565867
200;1741071565912
200;1741071565920
200;1741071570866
200;1741071570956
200;1741071570966
200;1741071575927
200;1741071575937
200;1741071575944
200;1741071580866
200;1741071580909
200;1741071580917
200;1741071585916
200;1741071585979
200;1741071586036
200;1741071590892
200;1741071590960
200;1741071590968
200;1741071595866
200;1741071595915
200;1741071595923
200;1741071600857
200;1741071600924
200;1741071601017
200;1741071605914
200;1741071605924
200;1741071605929
200;1741071610948
200;1741071611015
200;1741071612948
200;1741071615930
200;1741071615937
200;1741071615989
200;1741071620911
200;1741071620970
200;1741071621000
200;1741071625955
200;1741071625962
200;1741071626057
200;1741071630884
200;1741071630937
200;1741071633659
200;1741071635864
200;1741071635925
200;1741071638034
200;1741071640867
200;1741071640877
200;1741071641011
200;1741071645922
200;1741071645929
200;1741071646066
200;1741071650870
200;1741071650910
200;1741071650918
200;1741071655900
200;1741071655910
200;1741071655996
200;1741071660908
200;1741071660918
200;1741071660926
200;1741071665880
200;1741071665888
200;1741071665958
200;1741071670866
200;1741071670952
200;1741071670964
200;1741071675873
200;1741071675882
200;1741071675947
200;1741071680914
200;1741071680930
200;1741071680936
200;1741071685866
200;1741071685926
200;1741071685934
200;1741071690917
200;1741071690926
200;1741071690959
200;1741071695872
200;1741071695947
200;1741071696017
200;1741071700861
200;1741071700994
200;1741071703141
200;1741071705866
200;1741071705934
200;1741071705941
200;1741071710945
200;1741071710951
200;1741071711057
200;1741071715878
200;1741071715961
200;1741071715969
200;1741071720913
200;1741071720923
200;1741071720929
200;1741071725969
200;1741071725974
200;1741071725996
200;1741071730885
200;1741071730894
200;1741071730978
200;1741071735911
200;1741071735917
200;1741071735943
200;1741071740876
200;1741071740919
200;1741071740927
200;1741071745914
200;1741071745924
200;1741071745930
200;1741071750875
200;1741071750921
200;1741071750927
200;1741071755970
200;1741071755977
200;1741071756013
200;1741071762695
200;1741071762764
200;1741071762876
200;1741071765869
200;1741071765878
200;1741071765936
200;1741071770875
200;1741071770948
200;1741071770955
200;1741071775963
200;1741071778217
200;1741071780920
200;1741071780930
200;1741071780962
200;1741071785916
200;1741071786110
200;1741071788727
200;1741071790867
200;1741071790969
200;1741071790988
200;1741071795921
200;1741071795925
200;1741071796127
200;1741071800877
200;1741071800952
200;1741071800961
200;1741071805875
200;1741071805884
200;1741071806090
200;1741071810884
200;1741071810944
200;1741071810952
200;1741071815914
200;1741071815951
200;1741071816017
200;1741071820896
200;1741071820945
200;1741071820952
200;1741071825970
200;1741071825977
200;1741071826018
200;1741071830879
200;1741071830906
200;1741071830916
200;1741071835982
200;1741071836072
200;1741071836094
200;1741071840902
200;1741071840933
200;1741071840971
200;1741071845934
200;1741071845940
200;1741071846035
200;1741071850887
200;1741071850896
200;1741071850988
200;1741071855897
200;1741071855906
200;1741071856230
200;1741071860915
200;1741071860968
200;1741071860977
200;1741071865909
200;1741071865917
200;1741071866005
200;1741071870917
200;1741071870927
200;1741071872971
200;1741071875898
200;1741071876008
200;1741071876132
200;1741071880900
200;1741071880906
200;1741071880967
200;1741071885880
200;1741071885944
200;1741071885952
200;1741071890865
200;1741071890921
200;1741071890927
200;1741071895866
200;1741071895907
200;1741071895916
200;1741071900899
200;1741071900907
200;1741071900969
200;1741071905871
200;1741071905922
200;1741071905927
200;1741071910940
200;1741071910949
200;1741071910954
200;1741071915911
200;1741071915918
200;1741071915923
200;1741071920896
200;1741071920905
200;1741071920973
200;1741071925937
200;1741071925957
200;1741071925988
200;1741071930867
200;1741071930878
200;1741071930968
200;1741071935888
200;1741071935931
200;1741071935940
200;1741071940867
200;1741071940913
200;1741071940922
200;1741071945884
200;1741071945896
200;1741071948207
200;1741071950875
200;1741071950902
200;1741071950912
200;1741071955876
200;1741071955971
200;1741071955979
200;1741071961013
200;1741071961023
200;1741071962901
200;1741071965859
200;1741071965925
200;1741071966042
200;1741071970924
200;1741071970935
200;1741071970943
200;1741071975866
200;1741071975913
200;1741071975923
200;1741071980880
200;1741071980905
200;1741071980917
200;1741071985907
200;1741071985947
200;1741071985954
200;1741071990907
200;1741071990915
200;1741071990936
200;1741071995985
200;1741071996076
200;1741071998136
200;1741072000908
200;1741072000917
200;1741072001081
200;1741072005916
200;1741072005926
200;1741072005933
200;1741072010870
200;1741072010943
200;1741072010950
200;1741072015912
200;1741072015996
200;1741072016008
200;1741072020896
200;1741072020908
200;1741072023453
200;1741072025915
200;1741072025924
200;1741072025931
200;1741072030893
200;1741072030901
200;1741072031038
200;1741072035904
200;1741072035913
200;1741072036062
200;1741072040874
200;1741072040884
200;1741072041084
200;1741072045877
200;1741072045970
200;1741072045978
200;1741072050867
200;1741072050920
200;1741072050927
200;1741072055933
200;1741072055938
200;1741072056276
200;1741072060868
200;1741072060909
200;1741072060921
200;1741072065875
200;1741072065885
200;1741072065959
200;1741072070925
200;1741072070938
200;1741072071000
200;1741072075867
200;1741072075912
200;1741072075923
200;1741072080951
200;1741072080963
200;1741072081059
200;1741072085912
200;1741072085924
200;1741072085931
200;1741072090879
200;1741072090959
200;1741072090971
200;1741072095915
200;1741072095926
200;1741072096090
200;1741072100889
200;1741072100932
200;1741072100941
200;1741072105867
200;1741072105892
200;1741072108587
200;1741072110961
200;1741072110989
200;1741072111058
200;1741072115866
200;1741072115919
200;1741072115983
200;1741072120908
200;1741072120917
200;1741072120925
200;1741072126026
200;1741072126075
200;1741072126213
200;1741072130915
200;1741072130923
200;1741072131018
200;1741072135880
200;1741072135961
200;1741072135970
200;1741072140935
200;1741072140944
200;1741072140955
200;1741072145912
200;1741072145927
200;1741072145932
200;1741072150904
200;1741072150944
200;1741072151017
200;1741072155936
200;1741072155947
200;1741072155968
200;1741072160865
200;1741072160958
200;1741072160968
200;1741072165891
200;1741072165953
200;1741072166051
200;1741072170871
200;1741072170958
200;1741072170966
200;1741072175870
200;1741072175932
200;1741072175941
200;1741072180928
200;1741072180941
200;1741072180968
200;1741072185871
200;1741072185951
200;1741072185962
200;1741072190872
200;1741072190882
200;1741072190965
200;1741072195874
200;1741072195927
200;1741072195998
200;1741072200918
200;1741072201027
200;1741072201075
200;1741072205855
200;1741072205918
200;1741072205955
200;1741072210907
200;1741072210916
200;1741072210921
200;1741072215868
200;1741072215924
200;1741072220865
200;1741072220915
200;1741072220923
200;1741072225882
200;1741072225892
200;1741072226035
200;1741072230865
200;1741072230943
200;1741072230950
200;1741072235868
200;1741072235941
200;1741072235947
200;1741072240867
200;1741072240940
200;1741072240949
200;1741072245869
200;1741072245946
200;1741072245955
200;1741072250920
200;1741072250928
200;1741072250934
200;1741072255894
200;1741072255903
200;1741072255975
200;1741072260982
200;1741072261034
200;1741072261114
200;1741072265878
200;1741072265956
200;1741072265967
200;1741072270866
200;1741072270959
200;1741072270965
200;1741072275875
200;1741072275959
200;1741072275969
200;1741072280885
200;1741072280894
200;1741072280982
200;1741072285886
200;1741072285897
200;1741072285919
200;1741072290924
200;1741072290933
200;1741072290951
200;1741072295915
200;1741072295925
200;1741072296049
200;1741072300871
200;1741072300913
200;1741072300923
200;1741072305912
200;1741072305925
200;1741072306069
200;1741072310946
200;1741072310957
200;1741072310967
200;1741072315921
200;1741072315930
200;1741072315964
200;1741072320921
200;1741072320930
200;1741072320974
200;1741072325958
200;1741072325965
200;1741072325990
200;1741072330908
200;1741072330919
200;1741072331084
200;1741072335917
200;1741072335926
200;1741072336120
200;1741072340867
200;1741072340878
200;1741072340899
200;1741072345896
200;1741072345909
200;1741072345971
200;1741072350979
200;1741072350987
200;1741072350995
200;1741072355860
200;1741072356018
200;1741072356091
200;1741072360908
200;1741072360918
200;1741072360925
200;1741072365859
200;1741072365923
200;1741072366068
200;1741072370874
200;1741072370959
200;1741072370965
200;1741072375902
200;1741072375932
200;1741072376038
200;1741072380911
200;1741072380920
200;1741072380926
200;1741072385868
200;1741072385916
200;1741072385926
200;1741072390891
200;1741072390901
200;1741072391073
200;1741072395868
200;1741072395879
200;1741072396016
200;1741072400924
200;1741072400934
200;1741072400966
200;1741072405924
200;1741072405933
200;1741072405940
200;1741072410905
200;1741072410914
200;1741072411040
200;1741072415912
200;1741072415923
200;1741072416017
200;1741072420866
200;1741072420928
200;1741072420939
200;1741072425901
200;1741072425949
200;1741072426071
200;1741072430895
200;1741072430907
200;1741072430929
200;1741072435869
200;1741072435878
200;1741072435939
200;1741072440904
200;1741072440945
200;1741072441025
200;1741072445867
200;1741072445931
200;1741072445941
200;1741072450931
200;1741072450940
200;1741072451061
200;1741072455913
200;1741072455923
200;1741072456001
200;1741072460854
200;1741072460931
200;1741072460980
200;1741072465855
200;1741072465884
200;1741072466040
200;1741072470870
200;1741072470936
200;1741072470946
200;1741072475907
200;1741072475917
200;1741072475923
200;1741072480870
200;1741072480880
200;1741072480954
200;1741072485959
200;1741072485967
200;1741072485974
200;1741072490885
200;1741072490972
200;1741072490984
200;1741072495886
200;1741072495929
200;1741072495938
200;1741072500876
200;1741072500937
200;1741072500947
200;1741072505889
200;1741072505900
200;1741072505970
200;1741072510867
200;1741072510993
200;1741072511002
200;1741072515878
200;1741072515933
200;1741072515941
200;1741072520911
200;1741072520918
200;1741072521050
200;1741072525891
200;1741072525901
200;1741072525947
200;1741072530875
200;1741072530931
200;1741072530937
200;1741072535876
200;1741072535944
200;1741072535969
200;1741072540863
200;1741072540931
200;1741072541069
200;1741072545889
200;1741072546040
200;1741072546053
200;1741072550966
200;1741072553273
200;1741072553748
200;1741072555876
200;1741072555968
200;1741072555977
200;1741072560866
200;1741072560956
200;1741072560967
200;1741072565866
200;1741072565896
200;1741072565904
200;1741072570875
200;1741072570956
200;1741072571076
200;1741072575908
200;1741072575917
200;1741072575991
200;1741072580921
200;1741072580931
200;1741072581014
200;1741072585874
200;1741072585946
200;1741072585953
200;1741072590893
200;1741072590913
200;1741072591055
200;1741072595893
200;1741072595903
200;1741072595978
200;1741072600888
200;1741072601156
200;1741072603129
200;1741072605888
200;1741072605897
200;1741072605939
200;1741072610868
200;1741072610922
200;1741072610929
200;1741072615937
200;1741072615945
200;1741072615981
200;1741072620868
200;1741072620876
200;1741072620963
200;1741072625926
200;1741072625935
200;1741072626018
200;1741072630868
200;1741072630875
200;1741072630916
200;1741072635952
200;1741072635959
200;1741072636079
200;1741072640865
200;1741072640991
200;1741072641000
200;1741072645869
200;1741072645923
200;1741072645932
200;1741072650866
200;1741072650948
200;1741072650979
200;1741072655866
200;1741072655956
200;1741072655962
200;1741072660880
200;1741072660961
200;1741072660970
200;1741072665909
200;1741072665958
200;1741072665969
200;1741072670900
200;1741072670912
200;1741072671011
200;1741072675870
200;1741072675881
200;1741072675943
200;1741072680870
200;1741072680880
200;1741072680939
200;1741072685899
200;1741072685908
200;1741072685999
200;1741072690920
200;1741072690981
200;1741072690988
200;1741072695919
200;1741072695929
200;1741072695936
200;1741072700947
200;1741072700957
200;1741072701103
200;1741072705911
200;1741072705921
200;1741072705928
200;1741072710875
200;1741072710968
200;1741072710979
200;1741072715885
200;1741072715895
200;1741072715910
200;1741072720896
200;1741072720907
200;1741072720930
200;1741072725866
200;1741072725937
200;1741072725943
200;1741072730934
200;1741072730945
200;1741072730983
200;1741072735884
200;1741072735895
200;1741072735964
200;1741072740897
200;1741072740980
200;1741072741059
200;1741072745872
200;1741072745950
200;1741072745960
200;1741072750887
200;1741072750898
200;1741072750967
200;1741072755868
200;1741072755912
200;1741072755924
200;1741072760912
200;1741072760923
200;1741072760965
200;1741072765908
200;1741072765918
200;1741072765924
200;1741072770919
200;1741072770932
200;1741072771053
200;1741072775874
200;1741072775950
200;1741072775962
200;1741072780932
200;1741072781062
200;1741072783466
200;1741072785908
200;1741072785919
200;1741072785924
200;1741072790916
200;1741072790926
200;1741072791004
200;1741072795867
200;1741072795911
200;1741072795919
200;1741072800877
200;1741072800887
200;1741072800930
200;1741072805903
200;1741072805912
200;1741072805990
200;1741072810898
200;1741072810941
200;1741072813414
200;1741072815875
200;1741072815974
200;1741072815987
200;1741072820936
200;1741072820942
200;1741072821031
200;1741072825908
200;1741072825915
200;1741072825948
200;1741072830890
200;1741072830899
200;1741072830959
200;1741072835896
200;1741072835905
200;1741072835940
200;1741072840956
200;1741072840963
200;1741072840981
200;1741072845873
200;1741072845964
200;1741072845971
200;1741072850916
200;1741072850926
200;1741072850932
200;1741072855866
200;1741072855962
200;1741072855968
200;1741072860928
200;1741072860937
200;1741072860975
200;1741072865877
200;1741072865983
200;1741072866126
200;1741072870894
200;1741072870902
200;1741072873221
200;1741072875956
200;1741072875965
200;1741072876058
200;1741072880875
200;1741072880956
200;1741072880966
200;1741072885891
200;1741072885902
200;1741072886039
200;1741072890886
200;1741072890898
200;1741072890990
200;1741072895938
200;1741072895949
200;1741072896030
200;1741072900870
200;1741072900984
200;1741072900992
200;1741072905915
200;1741072905961
200;1741072905969
200;1741072910911
200;1741072910919
200;1741072910926
200;1741072915870
200;1741072915942
200;1741072915949
200;1741072920970
200;1741072923204
200;1741072925912
200;1741072925925
200;1741072926082
200;1741072930878
200;1741072930920
200;1741072930931
200;1741072935920
200;1741072935931
200;1741072935938
200;1741072940908
200;1741072940940
200;1741072940948
200;1741072945866
200;1741072945954
200;1741072945964
200;1741072950884
200;1741072950920
200;1741072953807
200;1741072955871
200;1741072955878
200;1741072955984
200;1741072960871
200;1741072960881
200;1741072960946
200;1741072965910
200;1741072965917
200;1741072965941
200;1741072970871
200;1741072970942
200;1741072970948
200;1741072975876
200;1741072975976
200;1741072975990
200;1741072980875
200;1741072980923
200;1741072980934
200;1741072985899
200;1741072985908
200;1741072985969
200;1741072990865
200;1741072990928
200;1741072990936
200;1741072995910
200;1741072995919
200;1741072995950
200;1741073000881
200;1741073000955
200;1741073000962
200;1741073005872
200;1741073005966
200;1741073005975
200;1741073010865
200;1741073010928
200;1741073013556
200;1741073015893
200;1741073015936
200;1741073016088
200;1741073020886
200;1741073020898
200;1741073020993
200;1741073025927
200;1741073025936
200;1741073025964
200;1741073030930
200;1741073030938
200;1741073030975
200;1741073035911
200;1741073035922
200;1741073035929
200;1741073040908
200;1741073040953
200;1741073041071
200;1741073045914
200;1741073045919
200;1741073046047
200;1741073050866
200;1741073050956
200;1741073050967
200;1741073055865
200;1741073055912
200;1741073055919
200;1741073060902
200;1741073060909
200;1741073061084
200;1741073065871
200;1741073065960
200;1741073065969
200;1741073070915
200;1741073070928
200;1741073070935
200;1741073075868
200;1741073075965
200;1741073075974
200;1741073080873
200;1741073080883
200;1741073080957
200;1741073085873
200;1741073085884
200;1741073086029
200;1741073090868
200;1741073090960
200;1741073090969
200;1741073095933
200;1741073095945
200;1741073096003
200;1741073100878
200;1741073100891
200;1741073100921
200;1741073105924
200;1741073105934
200;1741073105968
200;1741073110868
200;1741073110939
200;1741073110948
200;1741073115908
200;1741073115918
200;1741073115924
200;1741073120951
200;1741073120958
200;1741073120988
200;1741073125900
200;1741073125964
200;1741073126155
200;1741073130859
200;1741073130951
200;1741073133480
200;1741073136859
200;1741073136948
200;1741073136980
200;1741073140886
200;1741073140928
200;1741073140941
200;1741073145914
200;1741073145927
200;1741073145941
200;1741073150934
200;1741073150986
200;1741073151064
200;1741073155868
200;1741073155941
200;1741073155948
200;1741073160890
200;1741073160900
200;1741073161009
200;1741073165896
200;1741073165908
200;1741073166072
200;1741073170940
200;1741073170980
200;1741073173654
200;1741073175908
200;1741073175923
200;1741073175929
200;1741073180912
200;1741073180923
200;1741073180928
200;1741073185922
200;1741073186027
200;1741073188228
200;1741073190866
200;1741073190911
200;1741073190920
200;1741073195903
200;1741073195915
200;1741073195988
200;1741073200913
200;1741073200925
200;1741073200944
200;1741073205927
200;1741073205940
200;1741073205975
200;1741073210908
200;1741073210917
200;1741073210952
200;1741073215865
200;1741073215907
200;1741073215915
200;1741073220905
200;1741073220925
200;1741073221014
200;1741073225879
200;1741073225904
200;1741073225913
200;1741073230870
200;1741073230925
200;1741073230959
200;1741073235901
200;1741073235980
200;1741073236151
200;1741073240865
200;1741073240967
200;1741073241028
200;1741073245983
200;1741073246044
200;1741073246097
200;1741073250865
200;1741073250908
200;1741073250918
200;1741073255871
200;1741073255918
200;1741073255929
200;1741073260924
200;1741073261094
200;1741073261144
200;1741073265888
200;1741073265932
200;1741073265941
200;1741073270909
200;1741073270979
200;1741073271193
200;1741073275924
200;1741073275935
200;1741073275943
200;1741073280920
200;1741073280930
200;1741073281023
200;1741073285867
200;1741073285940
200;1741073285947
200;1741073290870
200;1741073290881
200;1741073290948
200;1741073295958
200;1741073295966
200;1741073296030
200;1741073300873
200;1741073300904
200;1741073300914
200;1741073305906
200;1741073305914
200;1741073305960
200;1741073310981
200;1741073311124
200;1741073311181
200;1741073315871
200;1741073315911
200;1741073315920
200;1741073320897
200;1741073320905
200;1741073321062
200;1741073325887
200;1741073325897
200;1741073325997
200;1741073330893
200;1741073330902
200;1741073330937
200;1741073335898
200;1741073335907
200;1741073336070
200;1741073340920
200;1741073340929
200;1741073340963
200;1741073345886
200;1741073345933
200;1741073346146
200;1741073350940
200;1741073350950
200;1741073351011
200;1741073355877
200;1741073355920
200;1741073355931
200;1741073360918
200;1741073360930
200;1741073360949
200;1741073365920
200;1741073365931
200;1741073365940
200;1741073370870
200;1741073370968
200;1741073370976
200;1741073375866
200;1741073375956
200;1741073375968
200;1741073380897
200;1741073380907
200;1741073381023
200;1741073385867
200;1741073385899
200;1741073385910
200;1741073390866
200;1741073390908
200;1741073390919
200;1741073395878
200;1741073395928
200;1741073395944
200;1741073400924
200;1741073400933
200;1741073400982
200;1741073405867
200;1741073405907
200;1741073405914
200;1741073410876
200;1741073410973
200;1741073410980
200;1741073415875
200;1741073415920
200;1741073415931
200;1741073420876
200;1741073420946
200;1741073421042
200;1741073425875
200;1741073428485
200;1741073428557
200;1741073430883
200;1741073430908
200;1741073430914
200;1741073435984
200;1741073435993
200;1741073436073
200;1741073440907
200;1741073440914
200;1741073440919
200;1741073445921
200;1741073445930
200;1741073445936
200;1741073450913
200;1741073450961
200;1741073450972
200;1741073455865
200;1741073455956
200;1741073455965
200;1741073460979
200;1741073460987
200;1741073461092
200;1741073465983
200;1741073465993
200;1741073466071
200;1741073470868
200;1741073470938
200;1741073470975
200;1741073475880
200;1741073475948
200;1741073475989
200;1741073480867
200;1741073480898
200;1741073480950
200;1741073485882
200;1741073485922
200;1741073485935
200;1741073490870
200;1741073490975
200;1741073491097
200;1741073495908
200;1741073496137
200;1741073498091
200;1741073500883
200;1741073500924
200;1741073500933
200;1741073505917
200;1741073505923
200;1741073506084
200;1741073510940
200;1741073510950
200;1741073510992
200;1741073515899
200;1741073515918
200;1741073516002
200;1741073520983
200;1741073521006
200;1741073521194
200;1741073525895
200;1741073525903
200;1741073526013
200;1741073530908
200;1741073530919
200;1741073530926
200;1741073535925
200;1741073535935
200;1741073536066
200;1741073540876
200;1741073540932
200;1741073540944
200;1741073545888
200;1741073545964
200;1741073546027
200;1741073550857
200;1741073550980
200;1741073551002
200;1741073555895
200;1741073555951
200;1741073555958
200;1741073560901
200;1741073560913
200;1741073560921
200;1741073565907
200;1741073565916
200;1741073565980
200;1741073570901
200;1741073570911
200;1741073571041
200;1741073575880
200;1741073575957
200;1741073575967
200;1741073580908
200;1741073580941
200;1741073580949
200;1741073585881
200;1741073585971
200;1741073585981
200;1741073590985
200;1741073591052
200;1741073591180
200;1741073595908
200;1741073595921
200;1741073595931
200;1741073600917
200;1741073600924
200;1741073600931
200;1741073605917
200;1741073605927
200;1741073606052
200;1741073610983
200;1741073611025
200;1741073611081
200;1741073615986
200;1741073616120
200;1741073616148
200;1741073620867
200;1741073620900
200;1741073620909
200;1741073625911
200;1741073625973
200;1741073626010
200;1741073630938
200;1741073630952
200;1741073631007
200;1741073635907
200;1741073635936
200;1741073635992
200;1741073640871
200;1741073640929
200;1741073640936
200;1741073645885
200;1741073645927
200;1741073645938
200;1741073650945
200;1741073650988
200;1741073651075
200;1741073655936
200;1741073655945
200;1741073655986
200;1741073660871
200;1741073660881
200;1741073661223
200;1741073665936
200;1741073665946
200;1741073665986
200;1741073670887
200;1741073670921
200;1741073670928
200;1741073675872
200;1741073675882
200;1741073675973
200;1741073680888
200;1741073680898
200;1741073681072
200;1741073685904
200;1741073685956
200;1741073686102
200;1741073690866
200;1741073690943
200;1741073690950
200;1741073695930
200;1741073695939
200;1741073695983
200;1741073700944
200;1741073700955
200;1741073701025
200;1741073705871
200;1741073705919
200;1741073705927
200;1741073710896
200;1741073710905
200;1741073710947
200;1741073715876
200;1741073715920
200;1741073715928
200;1741073720980
200;1741073720990
200;1741073721045
200;1741073725885
200;1741073725896
200;1741073725969
200;1741073730899
200;1741073730972
200;1741073731042
200;1741073735902
200;1741073735911
200;1741073735918
200;1741073740904
200;1741073740955
200;1741073740965
200;1741073745867
200;1741073745958
200;1741073745970
200;1741073750932
200;1741073750942
200;1741073751103
200;1741073755915
200;1741073755952
200;1741073756058
200;1741073760893
200;1741073760941
200;1741073760972
200;1741073765874
200;1741073765913
200;1741073765991
200;1741073770962
200;1741073770970
200;1741073771032
200;1741073775869
200;1741073775963
200;1741073775974
200;1741073780899
200;1741073780908
200;1741073780965
200;1741073785974
200;1741073785982
200;1741073786035
200;1741073790968
200;1741073790978
200;1741073791010
200;1741073795881
200;1741073795900
200;1741073795910
200;1741073800910
200;1741073800921
200;1741073801027
200;1741073805896
200;1741073805905
200;1741073805999
200;1741073810912
200;1741073810954
200;1741073810960
200;1741073815959
200;1741073815969
200;1741073816108
200;1741073820923
200;1741073821075
200;1741073821224
200;1741073825871
200;1741073825973
200;1741073826073
200;1741073830876
200;1741073830917
200;1741073830927
200;1741073835928
200;1741073835937
200;1741073835999
200;1741073840873
200;1741073840928
200;1741073840938
200;1741073845947
200;1741073845988
200;1741073846079
200;1741073850908
200;1741073850919
200;1741073851016
200;1741073855901
200;1741073855913
200;1741073856023
200;1741073860918
200;1741073860943
200;1741073860973
200;1741073865867
200;1741073865940
200;1741073865947
200;1741073870876
200;1741073870970
200;1741073870977
200;1741073875900
200;1741073875910
200;1741073875939
200;1741073880977
200;1741073880984
200;1741073885907
200;1741073885918
200;1741073886052
200;1741073890874
200;1741073890957
200;1741073891044
200;1741073895875
200;1741073895924
200;1741073895933
200;1741073900886
200;1741073900895
200;1741073900963
200;1741073905916
200;1741073905975
200;1741073906008
200;1741073910898
200;1741073910908
200;1741073910944
200;1741073916001
200;1741073916223
200;1741073920867
200;1741073920911
200;1741073920919
200;1741073925867
200;1741073925906
200;1741073925913
200;1741073930910
200;1741073930918
200;1741073930924
200;1741073935911
200;1741073935923
200;1741073935953
200;1741073940867
200;1741073940922
200;1741073940929
200;1741073945866
200;1741073945906
200;1741073945917
200;1741073950912
200;1741073950982
200;1741073951084
200;1741073955868
200;1741073955947
200;1741073955955
200;1741073960893
200;1741073960903
200;1741073960944
200;1741073965908
200;1741073965919
200;1741073965927
200;1741073970869
200;1741073970880
200;1741073970914
200;1741073975888
200;1741073975899
200;1741073975998
200;1741073980866
200;1741073980918
200;1741073980930
200;1741073985941
200;1741073985950
200;1741073985957
200;1741073990938
200;1741073990945
200;1741073991040
200;1741073995884
200;1741073995893
200;1741073995980
200;1741074000870
200;1741074000880
200;1741074000913
200;1741074005913
200;1741074005931
200;1741074005949
200;1741074010864
200;1741074010940
200;1741074010947
200;1741074015902
200;1741074015937
200;1741074018253
200;1741074020922
200;1741074020929
200;1741074020934
200;1741074025887
200;1741074025896
200;1741074025913
200;1741074030907
200;1741074030916
200;1741074030924
200;1741074035934
200;1741074035968
200;1741074036023
200;1741074040933
200;1741074040945
200;1741074040974
200;1741074045919
200;1741074045930
200;1741074045938
200;1741074050868
200;1741074050909
200;1741074050919
200;1741074055884
200;1741074055898
200;1741074055928
200;1741074060911
200;1741074060920
200;1741074060996
200;1741074065861
200;1741074065955
200;1741074066003
200;1741074070867
200;1741074070948
200;1741074070960
200;1741074075853
200;1741074075983
200;1741074076043
200;1741074080910
200;1741074080944
200;1741074080953
200;1741074085894
200;1741074085902
200;1741074086043
200;1741074090871
200;1741074090902
200;1741074090911
200;1741074095968
200;1741074095977
200;1741074096009
200;1741074100871
200;1741074100880
200;1741074100968
200;1741074105963
200;1741074105974
200;1741074106257
200;1741074110916
200;1741074110952
200;1741074110957
200;1741074115919
200;1741074116003
200;1741074116022
200;1741074120895
200;1741074121028
200;1741074123712
200;1741074125886
200;1741074125894
200;1741074125959
200;1741074130971
200;1741074130977
200;1741074130994
200;1741074135875
200;1741074135884
200;1741074136123
200;1741074140948
200;1741074140958
200;1741074140964
200;1741074145911
200;1741074145927
200;1741074145967
200;1741074150865
200;1741074150907
200;1741074150917
200;1741074155876
200;1741074155918
200;1741074155929
200;1741074160869
200;1741074160881
200;1741074160904
200;1741074165869
200;1741074165924
200;1741074165935
200;1741074170916
200;1741074170988
200;1741074171000
200;1741074175912
200;1741074175922
200;1741074175988
200;1741074180944
200;1741074180954
200;1741074180961
200;1741074185878
200;1741074185922
200;1741074185933
200;1741074190876
200;1741074190886
200;1741074191026
200;1741074195956
200;1741074195967
200;1741074196027
200;1741074200913
200;1741074200923
200;1741074200964
200;1741074205884
200;1741074205893
200;1741074206043
200;1741074210908
200;1741074210919
200;1741074210927
200;1741074215870
200;1741074215945
200;1741074215953
200;1741074220963
200;1741074221003
200;1741074223257
200;1741074225864
200;1741074225908
200;1741074225918
200;1741074230892
200;1741074230900
200;1741074231000
200;1741074235911
200;1741074235921
200;1741074236066
200;1741074240906
200;1741074241200
200;1741074242995
200;1741074245879
200;1741074245889
200;1741074245943
200;1741074250877
200;1741074250962
200;1741074250969
200;1741074255914
200;1741074255923
200;1741074256016
200;1741074260913
200;1741074260945
200;1741074260954
200;1741074265872
200;1741074265929
200;1741074265941
200;1741074270871
200;1741074270911
200;1741074270920
200;1741074275911
200;1741074275921
200;1741074275927
200;1741074280947
200;1741074280956
200;1741074280994
200;1741074285888
200;1741074285897
200;1741074285933
200;1741074290866
200;1741074290904
200;1741074290910
200;1741074295936
200;1741074295948
200;1741074295966
200;1741074300900
200;1741074300920
200;1741074301006
200;1741074305875
200;1741074305951
200;1741074305957
200;1741074310891
200;1741074310968
200;1741074310985
200;1741074315918
200;1741074315928
200;1741074315963
200;1741074320936
200;1741074320944
200;1741074320995
200;1741074325912
200;1741074325922
200;1741074325943
200;1741074330917
200;1741074330924
200;1741074330930
200;1741074335879
200;1741074335968
200;1741074335980
200;1741074340952
200;1741074340961
200;1741074340974
200;1741074345938
200;1741074346004
200;1741074346069
200;1741074350874
200;1741074350934
200;1741074350966
200;1741074355938
200;1741074355945
200;1741074358572
200;1741074360866
200;1741074360907
200;1741074360915
200;1741074365961
200;1741074365971
200;1741074365991
200;1741074370910
200;1741074370920
200;1741074370987
200;1741074375911
200;1741074375963
200;1741074375970
200;1741074380880
200;1741074380897
200;1741074380949
200;1741074385866
200;1741074385907
200;1741074385915
200;1741074390916
200;1741074390927
200;1741074391050
200;1741074395910
200;1741074395920
200;1741074395935
200;1741074400876
200;1741074400956
200;1741074400967
200;1741074405867
200;1741074405965
200;1741074405974
200;1741074410868
200;1741074410950
200;1741074411006
200;1741074415968
200;1741074415977
200;1741074415996
200;1741074420950
200;1741074420957
200;1741074420963
200;1741074425909
200;1741074425921
200;1741074425927
200;1741074430927
200;1741074430937
200;1741074430957
200;1741074435894
200;1741074435908
200;1741074436056
200;1741074440877
200;1741074441001
200;1741074441094
200;1741074445915
200;1741074445948
200;1741074445955
200;1741074450894
200;1741074450918
200;1741074450975
200;1741074455924
200;1741074455937
200;1741074456033
200;1741074460917
200;1741074460923
200;1741074460930
200;1741074465872
200;1741074465949
200;1741074465956
200;1741074470872
200;1741074470882
200;1741074470920
200;1741074475866
200;1741074475983
200;1741074475993
200;1741074480928
200;1741074480937
200;1741074481057
200;1741074485921
200;1741074485931
200;1741074485938
200;1741074490866
200;1741074490908
200;1741074490918
200;1741074495892
200;1741074495903
200;1741074496008
200;1741074500888
200;1741074500898
200;1741074500926
200;1741074505937
200;1741074505950
200;1741074505960
200;1741074510965
200;1741074510974
200;1741074510985
200;1741074515890
200;1741074515900
200;1741074515980
200;1741074520865
200;1741074520904
200;1741074520916
200;1741074525942
200;1741074525980
200;1741074525994
200;1741074530961
200;1741074530969
200;1741074530985
200;1741074535910
200;1741074535918
200;1741074536011
200;1741074540954
200;1741074540959
200;1741074540987
200;1741074545913
200;1741074545919
200;1741074545924
200;1741074550914
200;1741074550922
200;1741074550928
200;1741074555887
200;1741074555897
200;1741074555955
200;1741074560877
200;1741074560888
200;1741074560966
200;1741074565868
200;1741074565879
200;1741074565953
200;1741074570985
200;1741074571067
200;1741074571139
200;1741074575913
200;1741074575921
200;1741074576054
200;1741074580866
200;1741074580904
200;1741074580916
200;1741074585867
200;1741074585951
200;1741074585963
200;1741074590900
200;1741074590978
200;1741074591050
200;1741074595901
200;1741074595964
200;1741074596063
200;1741074600897
200;1741074600907
200;1741074601065
200;1741074605889
200;1741074605899
200;1741074605948
200;1741074610868
200;1741074610916
200;1741074610924
200;1741074615885
200;1741074615972
200;1741074620884
200;1741074620946
200;1741074620952
200;1741074625870
200;1741074625921
200;1741074625932
200;1741074630950
200;1741074630958
200;1741074630964
200;1741074635898
200;1741074635913
200;1741074636041
200;1741074640891
200;1741074640903
200;1741074641076
200;1741074645870
200;1741074645905
200;1741074646236
200;1741074650915
200;1741074650925
200;1741074651026
200;1741074655931
200;1741074655943
200;1741074655970
200;1741074660952
200;1741074660964
200;1741074660997
200;1741074665877
200;1741074665972
200;1741074665977
200;1741074670941
200;1741074670951
200;1741074670959
200;1741074675899
200;1741074675908
200;1741074675995
200;1741074680957
200;1741074680993
200;1741074681118
200;1741074685898
200;1741074685909
200;1741074686020
200;1741074690872
200;1741074690947
200;1741074690953
200;1741074695873
200;1741074695923
200;1741074695934
200;1741074700954
200;1741074700962
200;1741074701045
200;1741074705900
200;1741074705910
200;1741074705984
200;1741074710900
200;1741074710943
200;1741074710953
200;1741074715936
200;1741074715947
200;1741074715984
200;1741074720868
200;1741074720939
200;1741074720945
200;1741074725911
200;1741074725920
200;1741074725926
200;1741074730884
200;1741074730894
200;1741074730912
200;1741074735915
200;1741074735924
200;1741074736015
200;1741074740919
200;1741074740963
200;1741074740970
200;1741074745866
200;1741074745912
200;1741074745921
200;1741074750903
200;1741074750913
200;1741074751011
200;1741074755932
200;1741074755936
200;1741074755940
200;1741074760913
200;1741074760955
200;1741074761029
200;1741074765916
200;1741074765934
200;1741074765942
200;1741074770890
200;1741074770931
200;1741074770940
200;1741074775857
200;1741074775936
200;1741074775960
200;1741074780865
200;1741074780908
200;1741074780919
200;1741074785916
200;1741074785931
200;1741074785940
200;1741074790889
200;1741074790898
200;1741074790977
200;1741074795974
200;1741074795986
200;1741074796067
200;1741074800870
200;1741074800880
200;1741074801180
200;1741074805930
200;1741074806014
200;1741074806115
200;1741074810930
200;1741074810965
200;1741074811129
200;1741074815873
200;1741074815884
200;1741074815941
200;1741074820911
200;1741074820920
200;1741074820927
200;1741074825933
200;1741074825943
200;1741074828546
200;1741074830915
200;1741074830922
200;1741074830949
200;1741074835874
200;1741074835966
200;1741074835975
200;1741074840915
200;1741074840926
200;1741074840932
200;1741074845875
200;1741074845951
200;1741074845961
200;1741074850915
200;1741074850926
200;1741074851005
200;1741074855967
200;1741074855976
200;1741074855986
200;1741074860872
200;1741074860883
200;1741074860946
200;1741074865941
200;1741074865951
200;1741074866369
200;1741074870907
200;1741074870917
200;1741074870924
200;1741074875890
200;1741074875930
200;1741074876033
200;1741074880912
200;1741074880924
200;1741074881072
200;1741074885890
200;1741074885966
200;1741074886075
200;1741074890871
200;1741074890881
200;1741074891015
200;1741074895869
200;1741074896008
200;1741074896079
200;1741074900867
200;1741074900940
200;1741074900947
200;1741074905877
200;1741074905952
200;1741074905959
200;1741074910986
200;1741074911045
200;1741074913664
200;1741074915871
200;1741074915960
200;1741074915970
200;1741074920907
200;1741074920916
200;1741074920921
200;1741074925867
200;1741074925875
200;1741074925922
200;1741074930872
200;1741074930916
200;1741074930926
200;1741074935908
200;1741074935921
200;1741074935928
200;1741074940891
200;1741074940904
200;1741074940972
200;1741074945876
200;1741074945963
200;1741074945975
200;1741074950855
200;1741074950947
200;1741074951035
200;1741074955897
200;1741074955965
200;1741074958144
200;1741074960880
200;1741074960906
200;1741074960917
200;1741074965866
200;1741074965909
200;1741074965919
200;1741074970908
200;1741074970920
200;1741074970988
200;1741074975945
200;1741074975954
200;1741074975997
200;1741074980905
200;1741074980915
200;1741074980947
200;1741074985989
200;1741074986035
200;1741074988286
200;1741074990868
200;1741074990878
200;1741074990936
200;1741074995891
200;1741074995948
200;1741074995960
200;1741075000881
200;1741075000955
200;1741075001159
200;1741075005880
200;1741075005969
200;1741075006007
200;1741075010964
200;1741075010975
200;1741075011001
200;1741075015972
200;1741075015980
200;1741075018404
200;1741075020929
200;1741075021000
200;1741075021013
200;1741075025860
200;1741075025924
200;1741075025964
200;1741075030871
200;1741075030923
200;1741075030964
200;1741075035911
200;1741075035922
200;1741075035960
200;1741075040955
200;1741075040965
200;1741075040972
200;1741075045993
200;1741075046127
200;1741075048147
200;1741075050916
200;1741075051015
200;1741075051026
200;1741075055971
200;1741075055988
200;1741075056096
200;1741075060923
200;1741075060934
200;1741075060979
200;1741075065973
200;1741075065982
200;1741075066015
200;1741075070918
200;1741075070967
200;1741075070979
200;1741075075906
200;1741075075915
200;1741075075972
200;1741075080934
200;1741075080944
200;1741075083549
200;1741075085931
200;1741075085951
200;1741075085959
200;1741075090937
200;1741075090949
200;1741075090976
200;1741075095918
200;1741075095931
200;1741075095973
200;1741075100913
200;1741075100993
200;1741075101015
200;1741075105885
200;1741075105928
200;1741075105938
200;1741075110922
200;1741075110956
200;1741075111047
200;1741075115915
200;1741075115926
200;1741075116020
200;1741075120912
200;1741075121000
200;1741075121009
200;1741075125868
200;1741075125927
200;1741075125937
200;1741075130923
200;1741075130952
200;1741075130961
200;1741075135913
200;1741075135923
200;1741075136030
200;1741075140956
200;1741075140968
200;1741075141108
200;1741075145899
200;1741075145910
200;1741075145967
200;1741075150866
200;1741075150919
200;1741075150928
200;1741075155872
200;1741075155916
200;1741075155928
200;1741075160875
200;1741075160941
200;1741075160952
200;1741075165867
200;1741075165912
200;1741075165923
200;1741075170877
200;1741075170920
200;1741075170929
200;1741075175877
200;1741075175931
200;1741075175937
200;1741075180960
200;1741075180970
200;1741075181095
200;1741075185877
200;1741075185960
200;1741075185967
200;1741075190993
200;1741075191057
200;1741075193241
200;1741075195935
200;1741075195945
200;1741075195972
200;1741075200865
200;1741075200940
200;1741075200947
200;1741075205867
200;1741075205906
200;1741075205914
200;1741075210866
200;1741075210960
200;1741075210967
200;1741075215956
200;1741075215965
200;1741075215975
200;1741075220866
200;1741075220911
200;1741075220921
200;1741075225898
200;1741075225907
200;1741075226026
200;1741075230933
200;1741075230942
200;1741075233548
200;1741075235911
200;1741075235918
200;1741075235923
200;1741075240935
200;1741075240943
200;1741075241100
200;1741075245872
200;1741075245915
200;1741075245923
200;1741075250919
200;1741075250927
200;1741075250936
200;1741075255915
200;1741075255925
200;1741075256047
200;1741075260885
200;1741075260961
200;1741075260968
200;1741075265852
200;1741075265972
200;1741075266106
200;1741075270913
200;1741075270991
200;1741075273562
200;1741075275876
200;1741075275926
200;1741075275934
200;1741075280942
200;1741075280954
200;1741075280996
200;1741075285899
200;1741075285907
200;1741075286050
200;1741075290881
200;1741075290970
200;1741075290981
200;1741075295917
200;1741075295926
200;1741075295932
200;1741075300881
200;1741075301022
200;1741075301086
200;1741075305902
200;1741075305943
200;1741075305951
200;1741075310996
200;1741075311025
200;1741075311131
200;1741075315875
200;1741075315920
200;1741075315928
200;1741075320920
200;1741075320928
200;1741075320934
200;1741075325884
200;1741075325927
200;1741075325935
200;1741075330971
200;1741075330979
200;1741075330996
200;1741075335956
200;1741075335965
200;1741075336101
200;1741075340903
200;1741075340911
200;1741075340991
200;1741075345907
200;1741075345936
200;1741075345943
200;1741075350869
200;1741075350906
200;1741075350940
200;1741075355907
200;1741075355919
200;1741075355928
200;1741075360970
200;1741075360977
200;1741075361011
200;1741075365916
200;1741075365923
200;1741075366129
200;1741075370866
200;1741075370922
200;1741075370928
200;1741075375866
200;1741075375924
200;1741075375930
200;1741075380862
200;1741075380943
200;1741075381007
200;1741075385892
200;1741075388733
200;1741075388833
200;1741075390920
200;1741075390931
200;1741075390968
200;1741075395975
200;1741075395980
200;1741075396048
200;1741075400885
200;1741075400895
200;1741075400951
200;1741075405924
200;1741075405930
200;1741075406015
200;1741075410875
200;1741075410917
200;1741075410928
200;1741075415911
200;1741075415919
200;1741075415924
200;1741075420880
200;1741075420933
200;1741075420940
200;1741075425867
200;1741075425968
200;1741075425974
200;1741075430991
200;1741075431000
200;1741075431110
200;1741075435865
200;1741075435972
200;1741075435981
200;1741075440865
200;1741075440917
200;1741075440925
200;1741075445908
200;1741075445918
200;1741075445998
200;1741075450914
200;1741075451050
200;1741075453316
200;1741075455860
200;1741075455935
200;1741075456124
200;1741075460875
200;1741075460920
200;1741075460932
200;1741075465867
200;1741075465960
200;1741075465967
200;1741075470911
200;1741075470921
200;1741075470928
200;1741075475912
200;1741075475924
200;1741075476073
200;1741075480983
200;1741075481024
200;1741075483848
200;1741075485914
200;1741075485926
200;1741075485945
200;1741075490908
200;1741075490959
200;1741075490971
200;1741075495959
200;1741075495969
200;1741075495995
200;1741075500871
200;1741075501046
200;1741075501077
200;1741075505876
200;1741075505967
200;1741075505973
200;1741075510994
200;1741075511005
200;1741075511018
200;1741075515865
200;1741075515907
200;1741075515916
200;1741075520895
200;1741075520906
200;1741075520977
200;1741075525945
200;1741075525955
200;1741075526007
200;1741075530934
200;1741075530944
200;1741075530974
200;1741075535873
200;1741075535883
200;1741075535929
200;1741075540870
200;1741075540899
200;1741075543801
200;1741075545869
200;1741075545912
200;1741075545922
200;1741075551006
200;1741075551037
200;1741075553541
200;1741075555945
200;1741075555957
200;1741075555965
200;1741075560881
200;1741075560906
200;1741075560914
200;1741075565906
200;1741075565912
200;1741075565951
200;1741075570913
200;1741075570923
200;1741075571023
200;1741075575874
200;1741075575915
200;1741075575926
200;1741075580880
200;1741075580923
200;1741075580935
200;1741075585866
200;1741075585899
200;1741075585911
200;1741075590872
200;1741075590917
200;1741075590927
200;1741075595927
200;1741075595937
200;1741075596029
200;1741075600965
200;1741075600981
200;1741075601058
200;1741075605884
200;1741075605934
200;1741075605941
200;1741075610963
200;1741075611070
200;1741075613853
200;1741075615931
200;1741075615943
200;1741075615988
200;1741075620922
200;1741075620932
200;1741075620938
200;1741075625875
200;1741075625886
200;1741075625981
200;1741075630891
200;1741075630903
200;1741075630927
200;1741075635910
200;1741075635920
200;1741075637924
200;1741075640867
200;1741075640921
200;1741075640930
200;1741075645893
200;1741075645904
200;1741075645939
200;1741075650871
200;1741075650924
200;1741075650960
200;1741075655869
200;1741075655925
200;1741075655928
200;1741075660868
200;1741075660918
200;1741075660925
200;1741075665889
200;1741075665895
200;1741075666027
200;1741075670874
200;1741075670964
200;1741075670975
200;1741075675875
200;1741075675919
200;1741075675927
200;1741075680899
200;1741075680975
200;1741075680984
200;1741075685952
200;1741075685960
200;1741075686085
200;1741075690857
200;1741075690921
200;1741075691060
200;1741075695911
200;1741075695920
200;1741075695980
200;1741075700867
200;1741075700956
200;1741075700963
200;1741075705876
200;1741075705938
200;1741075706048
200;1741075710936
200;1741075710943
200;1741075711018
200;1741075715907
200;1741075715917
200;1741075715937
200;1741075720889
200;1741075720970
200;1741075720978
200;1741075725904
200;1741075726057
200;1741075728036
200;1741075730922
200;1741075730936
200;1741075733440
200;1741075735904
200;1741075735914
200;1741075735922
200;1741075740896
200;1741075740904
200;1741075740910
200;1741075745909
200;1741075745918
200;1741075745983
200;1741075750932
200;1741075750942
200;1741075751032
200;1741075755908
200;1741075755919
200;1741075755962
200;1741075760889
200;1741075760898
200;1741075760959
200;1741075765982
200;1741075766058
200;1741075766170
200;1741075770932
200;1741075770943
200;1741075770951
200;1741075775869
200;1741075775929
200;1741075775938
200;1741075780895
200;1741075780904
200;1741075780937
200;1741075785890
200;1741075785941
200;1741075786065
200;1741075790867
200;1741075790912
200;1741075790922
200;1741075795887
200;1741075795894
200;1741075795923
200;1741075800875
200;1741075800921
200;1741075800929
200;1741075805915
200;1741075805921
200;1741075806012
200;1741075810907
200;1741075810914
200;1741075810927
200;1741075815872
200;1741075815931
200;1741075818534
200;1741075820865
200;1741075820917
200;1741075820929
200;1741075825920
200;1741075825931
200;1741075825938
200;1741075830871
200;1741075830931
200;1741075830939
200;1741075835897
200;1741075835932
200;1741075835961
200;1741075840910
200;1741075840923
200;1741075840932
200;1741075845866
200;1741075845907
200;1741075845918
200;1741075850915
200;1741075850925
200;1741075851076
200;1741075855896
200;1741075855908
200;1741075856013
200;1741075860929
200;1741075860936
200;1741075863705
200;1741075865892
200;1741075865996
200;1741075866039
200;1741075870976
200;1741075870986
200;1741075873697
200;1741075875954
200;1741075875962
200;1741075876112
200;1741075880876
200;1741075880960
200;1741075880988
200;1741075885907
200;1741075885916
200;1741075885927
200;1741075890955
200;1741075890969
200;1741075891071
200;1741075895917
200;1741075895924
200;1741075896017
200;1741075900853
200;1741075900896
200;1741075900959
200;1741075905897
200;1741075905907
200;1741075906096
200;1741075910976
200;1741075910989
200;1741075911098
200;1741075915881
200;1741075915926
200;1741075915940
200;1741075920884
200;1741075920897
200;1741075920922
200;1741075925873
200;1741075925887
200;1741075925918
200;1741075930870
200;1741075930920
200;1741075930928
200;1741075935869
200;1741075935882
200;1741075936043
200;1741075940962
200;1741075940974
200;1741075941028
200;1741075945908
200;1741075945919
200;1741075945927
200;1741075950879
200;1741075950969
200;1741075950978
200;1741075955938
200;1741075955943
200;1741075955967
200;1741075960904
200;1741075960912
200;1741075960917
200;1741075965867
200;1741075965911
200;1741075965921
200;1741075970899
200;1741075970911
200;1741075970950
200;1741075975945
200;1741075975954
200;1741075975961
200;1741075980897
200;1741075980907
200;1741075980967
200;1741075985877
200;1741075985921
200;1741075985931
200;1741075990868
200;1741075990959
200;1741075990969
200;1741075995988
200;1741075996029
200;1741075996098
200;1741076000880
200;1741076000929
200;1741076001039
200;1741076005960
200;1741076005965
200;1741076006052
200;1741076010896
200;1741076010908
200;1741076011044
200;1741076015910
200;1741076015919
200;1741076015958
200;1741076020869
200;1741076020877
200;1741076020939
200;1741076025912
200;1741076025921
200;1741076025927
200;1741076030976
200;1741076030987
200;1741076031003
200;1741076035871
200;1741076035912
200;1741076035923
200;1741076040967
200;1741076040999
200;1741076041132
200;1741076045876
200;1741076045886
200;1741076045943
200;1741076050966
200;1741076050972
200;1741076051025
200;1741076055886
200;1741076055896
200;1741076056016
200;1741076060907
200;1741076061079
200;1741076063857
200;1741076065915
200;1741076065950
200;1741076065958
200;1741076070894
200;1741076070937
200;1741076070948
200;1741076075895
200;1741076075942
200;1741076076210
200;1741076080887
200;1741076080896
200;1741076080960
200;1741076085963
200;1741076085973
200;1741076088324
200;1741076090866
200;1741076090907
200;1741076090916
200;1741076095866
200;1741076095927
200;1741076095936
200;1741076100857
200;1741076100889
200;1741076100939
200;1741076105908
200;1741076105917
200;1741076106043
200;1741076110881
200;1741076110891
200;1741076110944
200;1741076115867
200;1741076115913
200;1741076115924
200;1741076120962
200;1741076120970
200;1741076120990
200;1741076125869
200;1741076125960
200;1741076125966
200;1741076130888
200;1741076130900
200;1741076130931
200;1741076135908
200;1741076135939
200;1741076135947
200;1741076140957
200;1741076140966
200;1741076141061
200;1741076145877
200;1741076145925
200;1741076145935
200;1741076150880
200;1741076150897
200;1741076150908
200;1741076155909
200;1741076155929
200;1741076155937
200;1741076160867
200;1741076160922
200;1741076160933
200;1741076165874
200;1741076165965
200;1741076165979
200;1741076170926
200;1741076170939
200;1741076171045
200;1741076175925
200;1741076175936
200;1741076176019
200;1741076180904
200;1741076180914
200;1741076181033
200;1741076185982
200;1741076185989
200;1741076186050
200;1741076190900
200;1741076190940
200;1741076190951
200;1741076195980
200;1741076195989
200;1741076196109
200;1741076200878
200;1741076200889
200;1741076200919
200;1741076205875
200;1741076205903
200;1741076208434
200;1741076210866
200;1741076210932
200;1741076210943
200;1741076215936
200;1741076215944
200;1741076215959
200;1741076220876
200;1741076220928
200;1741076220937
200;1741076225896
200;1741076225906
200;1741076225941
200;1741076230866
200;1741076230962
200;1741076230971
200;1741076235876
200;1741076235889
200;1741076235972
200;1741076240929
200;1741076240940
200;1741076240987
200;1741076245876
200;1741076245935
200;1741076245947
200;1741076250907
200;1741076250917
200;1741076250923
200;1741076255866
200;1741076255906
200;1741076255919
200;1741076260876
200;1741076261002
200;1741076261017
200;1741076265878
200;1741076265951
200;1741076265962
200;1741076270920
200;1741076270952
200;1741076270996
200;1741076275992
200;1741076276002
200;1741076276137
200;1741076280875
200;1741076280992
200;1741076281001
200;1741076285868
200;1741076285911
200;1741076285921
200;1741076290868
200;1741076290967
200;1741076291007
200;1741076295867
200;1741076295877
200;1741076295969
200;1741076300968
200;1741076300977
200;1741076300989
200;1741076305923
200;1741076305932
200;1741076305938
200;1741076310920
200;1741076310928
200;1741076311117
200;1741076315892
200;1741076315934
200;1741076318564
200;1741076320927
200;1741076320968
200;1741076321477
200;1741076325908
200;1741076325919
200;1741076325927
200;1741076330951
200;1741076330963
200;1741076330971
200;1741076335895
200;1741076335907
200;1741076335976
200;1741076340876
200;1741076340886
200;1741076340949
200;1741076345923
200;1741076345931
200;1741076345936
200;1741076350908
200;1741076350923
200;1741076350967
200;1741076355918
200;1741076355927
200;1741076355933
200;1741076360952
200;1741076360958
200;1741076360966
200;1741076365890
200;1741076365900
200;1741076365932
200;1741076370878
200;1741076370889
200;1741076370999
200;1741076375916
200;1741076375926
200;1741076375980
200;1741076380868
200;1741076380914
200;1741076380924
200;1741076385908
200;1741076385917
200;1741076386040
200;1741076390914
200;1741076390925
200;1741076390983
200;1741076395861
200;1741076395911
200;1741076395972
200;1741076400932
200;1741076400940
200;1741076401039
200;1741076405892
200;1741076405900
200;1741076406141
200;1741076410899
200;1741076410904
200;1741076411010
200;1741076415871
200;1741076415922
200;1741076415928
200;1741076420953
200;1741076420963
200;1741076421085
200;1741076425869
200;1741076425878
200;1741076425939
200;1741076430911
200;1741076430921
200;1741076430928
200;1741076435870
200;1741076435925
200;1741076435933
200;1741076440921
200;1741076440929
200;1741076441132
200;1741076445867
200;1741076445908
200;1741076445919
200;1741076450865
200;1741076450956
200;1741076450967
200;1741076455875
200;1741076455916
200;1741076455927
200;1741076460902
200;1741076460915
200;1741076463138
200;1741076465884
200;1741076465893
200;1741076465955
200;1741076470888
200;1741076470955
200;1741076473916
200;1741076475879
200;1741076475945
200;1741076476103
200;1741076480870
200;1741076481023
200;1741076481068
200;1741076485872
200;1741076485915
200;1741076485925
200;1741076490881
200;1741076490919
200;1741076490976
200;1741076495959
200;1741076495996
200;1741076498825
200;1741076500964
200;1741076500971
200;1741076500999
200;1741076505875
200;1741076505886
200;1741076506005
200;1741076510921
200;1741076510929
200;1741076510991
200;1741076515885
200;1741076515898
200;1741076515968
200;1741076520868
200;1741076520956
200;1741076520970
200;1741076525911
200;1741076525921
200;1741076525945
200;1741076530896
200;1741076530906
200;1741076531181
200;1741076535905
200;1741076535912
200;1741076535935
200;1741076540971
200;1741076540982
200;1741076541058
200;1741076545941
200;1741076545949
200;1741076546000
200;1741076550893
200;1741076550902
200;1741076551055
200;1741076555950
200;1741076555955
200;1741076556086
200;1741076560923
200;1741076560930
200;1741076561134
200;1741076565886
200;1741076565914
200;1741076565922
200;1741076570945
200;1741076570957
200;1741076570966
200;1741076575956
200;1741076575965
200;1741076575991
200;1741076580908
200;1741076580918
200;1741076580984
200;1741076585929
200;1741076585940
200;1741076585966
200;1741076590949
200;1741076590959
200;1741076591021
200;1741076595956
200;1741076595966
200;1741076596082
200;1741076600889
200;1741076600934
200;1741076600992
200;1741076605872
200;1741076605915
200;1741076605924
200;1741076610907
200;1741076610917
200;1741076610924
200;1741076615872
200;1741076615883
200;1741076615954
200;1741076620892
200;1741076620914
200;1741076620967
200;1741076625886
200;1741076625911
200;1741076625918
200;1741076630932
200;1741076631059
200;1741076633712
200;1741076635909
200;1741076635920
200;1741076638549
200;1741076640889
200;1741076640977
200;1741076641196
200;1741076645872
200;1741076645925
200;1741076645956
200;1741076650872
200;1741076650927
200;1741076650959
200;1741076655919
200;1741076655929
200;1741076655937
200;1741076660920
200;1741076660930
200;1741076661011
200;1741076665871
200;1741076665911
200;1741076665921
200;1741076670879
200;1741076670907
200;1741076670919
200;1741076675963
200;1741076675972
200;1741076675979
200;1741076680869
200;1741076680914
200;1741076680923
200;1741076685894
200;1741076685950
200;1741076686020
200;1741076690908
200;1741076690919
200;1741076691029
200;1741076695877
200;1741076695956
200;1741076695964
200;1741076700900
200;1741076700909
200;1741076700971
200;1741076705888
200;1741076705931
200;1741076708729
200;1741076710901
200;1741076710913
200;1741076710954
200;1741076715874
200;1741076715906
200;1741076715913
200;1741076720966
200;1741076720974
200;1741076721183
200;1741076725929
200;1741076725939
200;1741076725949
200;1741076730867
200;1741076730924
200;1741076730931
200;1741076735865
200;1741076735927
200;1741076735938
200;1741076740968
200;1741076740979
200;1741076740990
200;1741076745909
200;1741076745918
200;1741076745940
200;1741076750859
200;1741076750983
200;1741076751132
200;1741076755866
200;1741076755955
200;1741076755965
200;1741076760913
200;1741076760925
200;1741076760935
200;1741076765880
200;1741076765915
200;1741076765980
200;1741076770930
200;1741076770941
200;1741076770961
200;1741076775930
200;1741076775940
200;1741076778733
200;1741076780939
200;1741076780951
200;1741076781007
200;1741076785912
200;1741076785922
200;1741076785930
200;1741076790924
200;1741076790935
200;1741076790982
200;1741076795891
200;1741076795902
200;1741076796003
200;1741076800883
200;1741076800927
200;1741076800936
200;1741076805880
200;1741076805891
200;1741076805978
200;1741076810867
200;1741076810877
200;1741076811115
200;1741076815893
200;1741076815904
200;1741076815941
200;1741076820941
200;1741076820950
200;1741076821021
200;1741076825917
200;1741076825928
200;1741076825934
200;1741076830876
200;1741076830920
200;1741076830930
200;1741076835868
200;1741076835903
200;1741076835910
200;1741076840871
200;1741076840880
200;1741076841192
200;1741076845971
200;1741076845981
200;1741076846005
200;1741076850956
200;1741076850963
200;1741076850992
200;1741076855898
200;1741076855905
200;1741076855970
200;1741076860946
200;1741076860956
200;1741076861082
200;1741076865868
200;1741076865912
200;1741076865923
200;1741076870910
200;1741076871016
200;1741076871064
200;1741076875946
200;1741076875955
200;1741076876001
200;1741076880866
200;1741076880924
200;1741076880957
200;1741076885871
200;1741076885881
200;1741076886018
200;1741076890898
200;1741076890906
200;1741076891071
200;1741076895867
200;1741076895956
200;1741076895965
200;1741076900865
200;1741076900976
200;1741076900988
200;1741076905938
200;1741076905987
200;1741076908256
200;1741076910875
200;1741076910963
200;1741076910972
200;1741076915909
200;1741076915920
200;1741076915940
200;1741076920877
200;1741076920938
200;1741076920948
200;1741076925911
200;1741076925920
200;1741076925941
200;1741076930866
200;1741076930943
200;1741076930952
200;1741076935992
200;1741076936002
200;1741076938579
200;1741076940916
200;1741076940927
200;1741076940988
200;1741076945875
200;1741076945992
200;1741076946001
200;1741076950889
200;1741076950900
200;1741076950996
200;1741076955915
200;1741076955924
200;1741076955932
200;1741076960887
200;1741076960964
200;1741076960977
200;1741076965980
200;1741076965987
200;1741076966050
200;1741076970928
200;1741076970940
200;1741076970976
200;1741076975865
200;1741076975907
200;1741076975916
200;1741076980885
200;1741076980897
200;1741076980981
200;1741076985869
200;1741076986060
200;1741076986167
200;1741076990875
200;1741076990916
200;1741076990927
200;1741076995902
200;1741076995912
200;1741076996048
200;1741077000953
200;1741077000963
200;1741077001061
200;1741077005969
200;1741077005978
200;1741077006041
200;1741077010898
200;1741077010934
200;1741077011128
200;1741077015871
200;1741077015901
200;1741077015965
200;1741077020872
200;1741077020965
200;1741077020974
200;1741077025922
200;1741077025930
200;1741077026051
200;1741077030880
200;1741077031003
200;1741077031043
200;1741077035865
200;1741077035897
200;1741077035936
200;1741077040866
200;1741077040908
200;1741077040920
200;1741077045867
200;1741077045959
200;1741077045969
200;1741077050907
200;1741077050996
200;1741077053648
200;1741077055873
200;1741077055916
200;1741077055925
200;1741077060896
200;1741077060950
200;1741077061032
200;1741077065981
200;1741077066026
200;1741077066105
200;1741077070872
200;1741077070882
200;1741077070941
200;1741077075875
200;1741077075886
200;1741077075945
200;1741077080869
200;1741077080880
200;1741077080903
200;1741077085986
200;1741077085997
200;1741077086124
200;1741077090853
200;1741077090924
200;1741077090974
200;1741077095907
200;1741077095917
200;1741077096007
200;1741077100865
200;1741077100992
200;1741077101006
200;1741077105875
200;1741077105919
200;1741077105929
200;1741077110980
200;1741077110990
200;1741077111165
200;1741077115867
200;1741077115996
200;1741077116008
200;1741077120968
200;1741077120978
200;1741077121094
200;1741077125865
200;1741077125955
200;1741077125966
200;1741077130928
200;1741077130938
200;1741077130957
200;1741077135887
200;1741077135974
200;1741077135984
200;1741077140939
200;1741077140947
200;1741077141013
200;1741077145892
200;1741077145906
200;1741077146004
200;1741077150948
200;1741077150960
200;1741077150969
200;1741077155907
200;1741077155915
200;1741077155922
200;1741077160877
200;1741077160918
200;1741077160927
200;1741077165855
200;1741077165937
200;1741077168336
200;1741077170865
200;1741077170903
200;1741077170913
200;1741077175886
200;1741077175895
200;1741077175953
200;1741077180916
200;1741077180924
200;1741077180953
200;1741077185914
200;1741077185921
200;1741077185930
200;1741077190900
200;1741077190910
200;1741077190935
200;1741077195921
200;1741077195932
200;1741077196000
200;1741077200950
200;1741077200957
200;1741077200964
200;1741077205876
200;1741077205959
200;1741077205965
200;1741077210873
200;1741077210916
200;1741077210926
200;1741077215915
200;1741077215927
200;1741077216026
200;1741077220870
200;1741077220925
200;1741077220934
200;1741077225988
200;1741077226000
200;1741077226008
200;1741077230870
200;1741077230915
200;1741077230926
200;1741077235867
200;1741077235912
200;1741077235923
200;1741077240987
200;1741077240998
200;1741077241043
200;1741077245907
200;1741077245915
200;1741077246025
200;1741077250919
200;1741077250949
200;1741077251024
200;1741077255868
200;1741077255911
200;1741077255922
200;1741077260871
200;1741077260906
200;1741077260917
200;1741077265874
200;1741077265885
200;1741077265923
200;1741077270911
200;1741077270993
200;1741077271136
200;1741077275865
200;1741077275925
200;1741077275932
200;1741077280912
200;1741077280922
200;1741077280929
200;1741077285907
200;1741077285915
200;1741077285921
200;1741077290894
200;1741077290903
200;1741077291045
200;1741077295884
200;1741077295891
200;1741077295935
200;1741077300912
200;1741077300923
200;1741077300930
200;1741077305866
200;1741077305908
200;1741077305916
200;1741077310895
200;1741077310906
200;1741077310980
200;1741077315908
200;1741077315919
200;1741077316026
200;1741077320906
200;1741077320914
200;1741077320919
200;1741077325875
200;1741077325883
200;1741077325979
200;1741077330871
200;1741077330947
200;1741077330955
200;1741077335873
200;1741077335884
200;1741077335943
200;1741077340910
200;1741077340920
200;1741077341047
200;1741077345899
200;1741077345912
200;1741077345921
200;1741077350927
200;1741077350938
200;1741077350946
200;1741077355879
200;1741077355973
200;1741077355981
200;1741077360914
200;1741077360923
200;1741077360930
200;1741077365853
200;1741077365878
200;1741077365932
200;1741077370876
200;1741077370950
200;1741077370959
200;1741077375871
200;1741077375924
200;1741077375960
200;1741077380906
200;1741077380915
200;1741077380925
200;1741077385941
200;1741077385945
200;1741077386042
200;1741077390871
200;1741077390899
200;1741077390906
200;1741077395898
200;1741077395907
200;1741077395954
200;1741077400885
200;1741077400950
200;1741077400984
200;1741077405871
200;1741077405899
200;1741077405908
200;1741077410915
200;1741077410925
200;1741077410942
200;1741077415895
200;1741077415907
200;1741077415968
200;1741077420919
200;1741077422904
200;1741077423186
200;1741077425935
200;1741077425944
200;1741077425951
200;1741077430907
200;1741077430917
200;1741077431046
200;1741077435869
200;1741077435938
200;1741077435949
200;1741077440917
200;1741077440921
200;1741077441118
200;1741077445867
200;1741077445907
200;1741077445918
200;1741077450866
200;1741077450895
200;1741077450906
200;1741077455942
200;1741077455948
200;1741077455993
200;1741077460917
200;1741077460928
200;1741077461154
200;1741077465915
200;1741077465923
200;1741077465932
200;1741077470912
200;1741077470923
200;1741077471008
200;1741077475934
200;1741077475945
200;1741077476188
200;1741077480871
200;1741077480928
200;1741077480938
200;1741077485951
200;1741077485959
200;1741077485964
200;1741077490870
200;1741077490915
200;1741077490924
200;1741077495910
200;1741077495946
200;1741077495953
200;1741077500889
200;1741077500901
200;1741077500932
200;1741077505888
200;1741077505925
200;1741077508770
200;1741077510872
200;1741077510955
200;1741077510964
200;1741077515875
200;1741077515919
200;1741077515928
200;1741077520939
200;1741077520947
200;1741077521023
200;1741077525874
200;1741077525924
200;1741077525968
200;1741077530907
200;1741077530914
200;1741077530943
200;1741077535937
200;1741077535975
200;1741077535986
200;1741077540927
200;1741077540936
200;1741077541032
200;1741077545955
200;1741077545965
200;1741077545972
200;1741077550912
200;1741077550921
200;1741077551004
200;1741077555910
200;1741077555918
200;1741077556001
200;1741077560866
200;1741077560956
200;1741077560961
200;1741077565871
200;1741077565951
200;1741077565962
200;1741077570888
200;1741077570899
200;1741077570943
200;1741077575904
200;1741077575916
200;1741077576085
200;1741077580868
200;1741077580905
200;1741077580916
200;1741077585909
200;1741077585919
200;1741077585990
200;1741077590873
200;1741077590882
200;1741077590923
200;1741077595984
200;1741077596111
200;1741077596144
200;1741077600902
200;1741077600912
200;1741077600999
200;1741077605932
200;1741077605941
200;1741077606035
200;1741077610914
200;1741077610970
200;1741077611005
200;1741077615942
200;1741077615984
200;1741077616013
200;1741077620867
200;1741077620927
200;1741077620936
200;1741077625866
200;1741077625907
200;1741077625917
200;1741077630865
200;1741077630955
200;1741077630965
200;1741077635919
200;1741077635929
200;1741077635941
200;1741077640867
200;1741077640932
200;1741077640939
200;1741077645877
200;1741077645886
200;1741077645987
200;1741077650880
200;1741077651116
200;1741077653183
200;1741077655870
200;1741077655881
200;1741077655969
200;1741077660883
200;1741077660894
200;1741077660924
200;1741077665871
200;1741077665898
200;1741077665903
200;1741077670935
200;1741077670945
200;1741077670953
200;1741077675863
200;1741077675904
200;1741077675944
200;1741077680890
200;1741077680901
200;1741077681014
200;1741077685869
200;1741077685916
200;1741077685928
200;1741077690947
200;1741077690958
200;1741077690973
200;1741077695869
200;1741077695877
200;1741077696123
200;1741077700955
200;1741077700966
200;1741077701151
200;1741077705868
200;1741077705900
200;1741077705911
200;1741077710875
200;1741077710918
200;1741077710927
200;1741077715899
200;1741077715937
200;1741077718131
200;1741077720928
200;1741077720940
200;1741077720953
200;1741077725905
200;1741077725971
200;1741077725981
200;1741077730930
200;1741077730941
200;1741077731022
200;1741077735872
200;1741077735904
200;1741077735912
200;1741077740873
200;1741077740976
200;1741077740985
200;1741077745918
200;1741077745928
200;1741077745959
200;1741077750939
200;1741077750948
200;1741077751011
200;1741077755890
200;1741077755964
200;1741077756084
200;1741077760867
200;1741077760904
200;1741077760913
200;1741077765888
200;1741077765899
200;1741077765938
200;1741077770924
200;1741077770931
200;1741077770989
200;1741077775894
200;1741077775903
200;1741077778144
200;1741077780907
200;1741077780965
200;1741077780999
200;1741077785874
200;1741077785886
200;1741077785967
200;1741077790872
200;1741077790912
200;1741077790979
200;1741077795959
200;1741077795967
200;1741077796005
200;1741077800871
200;1741077800918
200;1741077800926
200;1741077805911
200;1741077805920
200;1741077805972
200;1741077810970
200;1741077811037
200;1741077813886
200;1741077815871
200;1741077815907
200;1741077815955
200;1741077820885
200;1741077820895
200;1741077820948
200;1741077825900
200;1741077825914
200;1741077825984
200;1741077830867
200;1741077830949
200;1741077830957
200;1741077835947
200;1741077835957
200;1741077835964
200;1741077840885
200;1741077840918
200;1741077843672
200;1741077845915
200;1741077845925
200;1741077845932
200;1741077850866
200;1741077850914
200;1741077850920
200;1741077855915
200;1741077855922
200;1741077856208
200;1741077860915
200;1741077860922
200;1741077861052
200;1741077865873
200;1741077865929
200;1741077865940
200;1741077870932
200;1741077870997
200;1741077871054
200;1741077875867
200;1741077875878
200;1741077875963
200;1741077880939
200;1741077880947
200;1741077880962
200;1741077885866
200;1741077885963
200;1741077885970
200;1741077890867
200;1741077890956
200;1741077890968
200;1741077895876
200;1741077895905
200;1741077895913
200;1741077900929
200;1741077900941
200;1741077901073
200;1741077905908
200;1741077905918
200;1741077905962
200;1741077910865
200;1741077910907
200;1741077910916
200;1741077915867
200;1741077915910
200;1741077915947
200;1741077920886
200;1741077920896
200;1741077920955
200;1741077925912
200;1741077925920
200;1741077925987
200;1741077930914
200;1741077930921
200;1741077931078
200;1741077935867
200;1741077935909
200;1741077935917
200;1741077940921
200;1741077940945
200;1741077943287
200;1741077945974
200;1741077946006
200;1741077947953
200;1741077950911
200;1741077950921
200;1741077950954
200;1741077955933
200;1741077955941
200;1741077956005
200;1741077960950
200;1741077960956
200;1741077960962
200;1741077965912
200;1741077965919
200;1741077966055
200;1741077970895
200;1741077970905
200;1741077970929
200;1741077975907
200;1741077975914
200;1741077975921
200;1741077980873
200;1741077980961
200;1741077980968
200;1741077985952
200;1741077985962
200;1741077988694
200;1741077990907
200;1741077990956
200;1741077990963
200;1741077995912
200;1741077995928
200;1741077995939
200;1741078000870
200;1741078000881
200;1741078000969
200;1741078005861
200;1741078005929
200;1741078006038
200;1741078010906
200;1741078010937
200;1741078011115
200;1741078015902
200;1741078015912
200;1741078016037
200;1741078020866
200;1741078020925
200;1741078020983
200;1741078025948
200;1741078025953
200;1741078026085
200;1741078030920
200;1741078030930
200;1741078030937
200;1741078035904
200;1741078035913
200;1741078035953
200;1741078040899
200;1741078040909
200;1741078041159
200;1741078045894
200;1741078045902
200;1741078045935
200;1741078050877
200;1741078050891
200;1741078050915
200;1741078055987
200;1741078056176
200;1741078057949
200;1741078060989
200;1741078061078
200;1741078063687
200;1741078065910
200;1741078065919
200;1741078066046
200;1741078070883
200;1741078070939
200;1741078071143
200;1741078075871
200;1741078075972
200;1741078076006
200;1741078080926
200;1741078080933
200;1741078081035
200;1741078085913
200;1741078085922
200;1741078085928
200;1741078090892
200;1741078090902
200;1741078090976
200;1741078095858
200;1741078095927
200;1741078095955
200;1741078100915
200;1741078100924
200;1741078100931
200;1741078105911
200;1741078105945
200;1741078105985
200;1741078110917
200;1741078110928
200;1741078110988
200;1741078115981
200;1741078116004
200;1741078116127
200;1741078120885
200;1741078120895
200;1741078120964
200;1741078125989
200;1741078125998
200;1741078126004
200;1741078130867
200;1741078130947
200;1741078130956
200;1741078135908
200;1741078135917
200;1741078135940
200;1741078140870
200;1741078140880
200;1741078140939
200;1741078145887
200;1741078145896
200;1741078145940
200;1741078150896
200;1741078150905
200;1741078151092
200;1741078155907
200;1741078155916
200;1741078155924
200;1741078160869
200;1741078160912
200;1741078160924
200;1741078165871
200;1741078165964
200;1741078165974
200;1741078170891
200;1741078170904
200;1741078170959
200;1741078175888
200;1741078175938
200;1741078175946
200;1741078180904
200;1741078180913
200;1741078180945
200;1741078185902
200;1741078185940
200;1741078185986
200;1741078190913
200;1741078190972
200;1741078191003
200;1741078195900
200;1741078195930
200;1741078200897
200;1741078200908
200;1741078201111
200;1741078205950
200;1741078205957
200;1741078205966
200;1741078210875
200;1741078210904
200;1741078210912
200;1741078215876
200;1741078215961
200;1741078215971
200;1741078220976
200;1741078221085
200;1741078223330
200;1741078225911
200;1741078225920
200;1741078225927
200;1741078230933
200;1741078230944
200;1741078230953
200;1741078235911
200;1741078235920
200;1741078235925
200;1741078240867
200;1741078240914
200;1741078240924
200;1741078245913
200;1741078245923
200;1741078245944
200;1741078250869
200;1741078250959
200;1741078250968
200;1741078255873
200;1741078255946
200;1741078255956
200;1741078260922
200;1741078260931
200;1741078261113
200;1741078265866
200;1741078265959
200;1741078265969
200;1741078270919
200;1741078270936
200;1741078270958
200;1741078275869
200;1741078275917
200;1741078275927
200;1741078280867
200;1741078280902
200;1741078280912
200;1741078285870
200;1741078285882
200;1741078286072
200;1741078290995
200;1741078291025
200;1741078291099
200;1741078295923
200;1741078295933
200;1741078296044
200;1741078300875
200;1741078300890
200;1741078300935
200;1741078305940
200;1741078305952
200;1741078306081
200;1741078310916
200;1741078310924
200;1741078311065
200;1741078315909
200;1741078315920
200;1741078315938
200;1741078320874
200;1741078320969
200;1741078320979
200;1741078325875
200;1741078325894
200;1741078326023
200;1741078330922
200;1741078330929
200;1741078331067
200;1741078335908
200;1741078335921
200;1741078335980
200;1741078340945
200;1741078340955
200;1741078343231
200;1741078345983
200;1741078345997
200;1741078346031
200;1741078350877
200;1741078350917
200;1741078350924
200;1741078355868
200;1741078355912
200;1741078355920
200;1741078360915
200;1741078360964
200;1741078360972
200;1741078365958
200;1741078365967
200;1741078366036
200;1741078370870
200;1741078370901
200;1741078370910
200;1741078375910
200;1741078375920
200;1741078375943
200;1741078380886
200;1741078381003
200;1741078383751
200;1741078385958
200;1741078385964
200;1741078386030
200;1741078390866
200;1741078390908
200;1741078390920
200;1741078395871
200;1741078395927
200;1741078395932
200;1741078400893
200;1741078400901
200;1741078400947
200;1741078405972
200;1741078405997
200;1741078406183
200;1741078410866
200;1741078410955
200;1741078410965
200;1741078415939
200;1741078415950
200;1741078415998
200;1741078420878
200;1741078420888
200;1741078420956
200;1741078425906
200;1741078425915
200;1741078425946
200;1741078430915
200;1741078430925
200;1741078431110
200;1741078435907
200;1741078435913
200;1741078436028
200;1741078440905
200;1741078440912
200;1741078440922
200;1741078445929
200;1741078445938
200;1741078446098
200;1741078450875
200;1741078450886
200;1741078450935
200;1741078455872
200;1741078455926
200;1741078455934
200;1741078460907
200;1741078460916
200;1741078460923
200;1741078465948
200;1741078465958
200;1741078466050
200;1741078470925
200;1741078470970
200;1741078471431
200;1741078475907
200;1741078475917
200;1741078475925
200;1741078480875
200;1741078480902
200;1741078480910
200;1741078485990
200;1741078485999
200;1741078486027
200;1741078490972
200;1741078490986
200;1741078491194
200;1741078495907
200;1741078495917
200;1741078495971
200;1741078500870
200;1741078500930
200;1741078500940
200;1741078505870
200;1741078505880
200;1741078506041
200;1741078510916
200;1741078510921
200;1741078510927
200;1741078515907
200;1741078515922
200;1741078515928
200;1741078520905
200;1741078520913
200;1741078521050
200;1741078525895
200;1741078525905
200;1741078525998
200;1741078530893
200;1741078530900
200;1741078530945
200;1741078535980
200;1741078536032
200;1741078536101
200;1741078540866
200;1741078540909
200;1741078540920
200;1741078545873
200;1741078545896
200;1741078545961
200;1741078550900
200;1741078550910
200;1741078550989
200;1741078555908
200;1741078555919
200;1741078555935
200;1741078560893
200;1741078560903
200;1741078560927
200;1741078565866
200;1741078565928
200;1741078565938
200;1741078570908
200;1741078570917
200;1741078571025
200;1741078575898
200;1741078575917
200;1741078575941
200;1741078580873
200;1741078580912
200;1741078580922
200;1741078585856
200;1741078585952
200;1741078586115
200;1741078590906
200;1741078590917
200;1741078590924
200;1741078595866
200;1741078595907
200;1741078595915
200;1741078600875
200;1741078600925
200;1741078600935
200;1741078605980
200;1741078605987
200;1741078606061
200;1741078610904
200;1741078610914
200;1741078610921
200;1741078615866
200;1741078615928
200;1741078615964
200;1741078620889
200;1741078620899
200;1741078620995
200;1741078625944
200;1741078625952
200;1741078625958
200;1741078632884
200;1741078632942
200;1741078633016
200;1741078635871
200;1741078635948
200;1741078635956
200;1741078640935
200;1741078640944
200;1741078640952
200;1741078645867
200;1741078646004
200;1741078646014
200;1741078650874
200;1741078650889
200;1741078650932
200;1741078655856
200;1741078655887
200;1741078655959
200;1741078660903
200;1741078661106
200;1741078661279
200;1741078665933
200;1741078665945
200;1741078666179
200;1741078670873
200;1741078670967
200;1741078670976
200;1741078675935
200;1741078675943
200;1741078676008
200;1741078680894
200;1741078680904
200;1741078680952
200;1741078685887
200;1741078685900
200;1741078686049
200;1741078690960
200;1741078690975
200;1741078690986
200;1741078695915
200;1741078695923
200;1741078695961
200;1741078700882
200;1741078700893
200;1741078700916
200;1741078705931
200;1741078705937
200;1741078706038
200;1741078710908
200;1741078710925
200;1741078710931
200;1741078715884
200;1741078715924
200;1741078715933
200;1741078720882
200;1741078720915
200;1741078720951
200;1741078725871
200;1741078725917
200;1741078726185
200;1741078730907
200;1741078730915
200;1741078730921
200;1741078735910
200;1741078735922
200;1741078735928
200;1741078740920
200;1741078740931
200;1741078740967
200;1741078745917
200;1741078745925
200;1741078745981
200;1741078750930
200;1741078750937
200;1741078750982
200;1741078755985
200;1741078756057
200;1741078756174
200;1741078760939
200;1741078760949
200;1741078760998
200;1741078765866
200;1741078765907
200;1741078765917
200;1741078770916
200;1741078770925
200;1741078770965
200;1741078776000
200;1741078776011
200;1741078776164
200;1741078780912
200;1741078780951
200;1741078780957
200;1741078785858
200;1741078785897
200;1741078785933
200;1741078790903
200;1741078790911
200;1741078790974
200;1741078795959
200;1741078795967
200;1741078796029
200;1741078800912
200;1741078800920
200;1741078800947
200;1741078805908
200;1741078805917
200;1741078805923
200;1741078810866
200;1741078810947
200;1741078810955
200;1741078815915
200;1741078815924
200;1741078815955
200;1741078820904
200;1741078820910
200;1741078823180
200;1741078825907
200;1741078825922
200;1741078825927
200;1741078830948
200;1741078830957
200;1741078830991
200;1741078835900
200;1741078835911
200;1741078836002
200;1741078840924
200;1741078840933
200;1741078841010
200;1741078845876
200;1741078845922
200;1741078845929
200;1741078850911
200;1741078850920
200;1741078850944
200;1741078855940
200;1741078855950
200;1741078856010
200;1741078860870
200;1741078860937
200;1741078860947
200;1741078865972
200;1741078865982
200;1741078865989
200;1741078870866
200;1741078870927
200;1741078870934
200;1741078875942
200;1741078875950
200;1741078875956
200;1741078880913
200;1741078880923
200;1741078880929
200;1741078885867
200;1741078885877
200;1741078885972
200;1741078890968
200;1741078891029
200;1741078893084
200;1741078895912
200;1741078895944
200;1741078895988
200;1741078900866
200;1741078900920
200;1741078900926
200;1741078905906
200;1741078905940
200;1741078905949
200;1741078910915
200;1741078910923
200;1741078910946
200;1741078915930
200;1741078915937
200;1741078916017
200;1741078920977
200;1741078920983
200;1741078920995
200;1741078925984
200;1741078925990
200;1741078926069
200;1741078930920
200;1741078930932
200;1741078930940
200;1741078935886
200;1741078935896
200;1741078935926
200;1741078940927
200;1741078940935
200;1741078941018
200;1741078946012
200;1741078946087
200;1741078946147
200;1741078950870
200;1741078950878
200;1741078951109
200;1741078955944
200;1741078955949
200;1741078956098
200;1741078960872
200;1741078960926
200;1741078960933
200;1741078965870
200;1741078965924
200;1741078966021
200;1741078970986
200;1741078973431
200;1741078973656
200;1741078975935
200;1741078975942
200;1741078975946
200;1741078980884
200;1741078980930
200;1741078983433
200;1741078985881
200;1741078985890
200;1741078985998
200;1741078990919
200;1741078990926
200;1741078990952
200;1741078995866
200;1741078995955
200;1741078995964
200;1741079000956
200;1741079000966
200;1741079000972
200;1741079005915
200;1741079005925
200;1741079005956
200;1741079010911
200;1741079010921
200;1741079010927
200;1741079015880
200;1741079015891
200;1741079015951
200;1741079020899
200;1741079020908
200;1741079020943
200;1741079025948
200;1741079025956
200;1741079025990
200;1741079030928
200;1741079030940
200;1741079030947
200;1741079035937
200;1741079035948
200;1741079035956
200;1741079040871
200;1741079040929
200;1741079040939
200;1741079045916
200;1741079046018
200;1741079046067
200;1741079050896
200;1741079050978
200;1741079051046
200;1741079055907
200;1741079056046
200;1741079058660
200;1741079060867
200;1741079060933
200;1741079060940
200;1741079065876
200;1741079065930
200;1741079065939
200;1741079070877
200;1741079070945
200;1741079071149
200;1741079075914
200;1741079075921
200;1741079078552
200;1741079080886
200;1741079080897
200;1741079081097
200;1741079085865
200;1741079085907
200;1741079085917
200;1741079090867
200;1741079090955
200;1741079090966
200;1741079095921
200;1741079095928
200;1741079096032
200;1741079100867
200;1741079100915
200;1741079100923
200;1741079105926
200;1741079105998
200;1741079106014
200;1741079110892
200;1741079110903
200;1741079110980
200;1741079115871
200;1741079115882
200;1741079115951
200;1741079120911
200;1741079120921
200;1741079121141
200;1741079125871
200;1741079125958
200;1741079125969
200;1741079130867
200;1741079130942
200;1741079130950
200;1741079135882
200;1741079135890
200;1741079135964
200;1741079140872
200;1741079140904
200;1741079140917
200;1741079145926
200;1741079145933
200;1741079146088
200;1741079150896
200;1741079150909
200;1741079150949
200;1741079155911
200;1741079155923
200;1741079155931
200;1741079160908
200;1741079160920
200;1741079160966
200;1741079165869
200;1741079165876
200;1741079165992
200;1741079170870
200;1741079170880
200;1741079170998
200;1741079175894
200;1741079175905
200;1741079178112
200;1741079180895
200;1741079180906
200;1741079180967
200;1741079185881
200;1741079185981
200;1741079186109
200;1741079190933
200;1741079190940
200;1741079191039
200;1741079195872
200;1741079195915
200;1741079195920
200;1741079200878
200;1741079200889
200;1741079200927
200;1741079205872
200;1741079205914
200;1741079205920
200;1741079210884
200;1741079210895
200;1741079210957
200;1741079215866
200;1741079215940
200;1741079215948
200;1741079220923
200;1741079220932
200;1741079220961
200;1741079225901
200;1741079225912
200;1741079225918
200;1741079230866
200;1741079230947
200;1741079230955
200;1741079235875
200;1741079235906
200;1741079235912
200;1741079240911
200;1741079240925
200;1741079240932
200;1741079245870
200;1741079245881
200;1741079245928
200;1741079250885
200;1741079250920
200;1741079250953
200;1741079255922
200;1741079255931
200;1741079255942
200;1741079260866
200;1741079260967
200;1741079261078
200;1741079265897
200;1741079265912
200;1741079267929
200;1741079270882
200;1741079270893
200;1741079271012
200;1741079275921
200;1741079275927
200;1741079276032
200;1741079280907
200;1741079280916
200;1741079280922
200;1741079285933
200;1741079285944
200;1741079286017
200;1741079290865
200;1741079290949
200;1741079290958
200;1741079295867
200;1741079295947
200;1741079295954
200;1741079300870
200;1741079300911
200;1741079300921
200;1741079305891
200;1741079305902
200;1741079305948
200;1741079310904
200;1741079311077
200;1741079313236
200;1741079315911
200;1741079315918
200;1741079315979
200;1741079320901
200;1741079321043
200;1741079323642
200;1741079325867
200;1741079325877
200;1741079325912
200;1741079330874
200;1741079330892
200;1741079330981
200;1741079335928
200;1741079335938
200;1741079336101
200;1741079340875
200;1741079340915
200;1741079340952
200;1741079345981
200;1741079345987
200;1741079348213
200;1741079350865
200;1741079350911
200;1741079350918
200;1741079355874
200;1741079355888
200;1741079355945
200;1741079360867
200;1741079360909
200;1741079360921
200;1741079365925
200;1741079365934
200;1741079366013
200;1741079370868
200;1741079370960
200;1741079370968
200;1741079375911
200;1741079376005
200;1741079376013
200;1741079380867
200;1741079380967
200;1741079380979
200;1741079385915
200;1741079385927
200;1741079386064
200;1741079390868
200;1741079390878
200;1741079390968
200;1741079395866
200;1741079395908
200;1741079395920
200;1741079400877
200;1741079400984
200;1741079400997
200;1741079405898
200;1741079405908
200;1741079405968
200;1741079410869
200;1741079410924
200;1741079410944
200;1741079415917
200;1741079415928
200;1741079416089
200;1741079420867
200;1741079420918
200;1741079420927
200;1741079425894
200;1741079425902
200;1741079426087
200;1741079430915
200;1741079430938
200;1741079431043
200;1741079435868
200;1741079435877
200;1741079435996
200;1741079440897
200;1741079440908
200;1741079441013
200;1741079445956
200;1741079445965
200;1741079446012
200;1741079450895
200;1741079450913
200;1741079451173
200;1741079455872
200;1741079455963
200;1741079455972
200;1741079460972
200;1741079460983
200;1741079461046
200;1741079465957
200;1741079465989
200;1741079468719
200;1741079470923
200;1741079471000
200;1741079471084
200;1741079475876
200;1741079475913
200;1741079476038
200;1741079480915
200;1741079480927
200;1741079481301
200;1741079485919
200;1741079485944
200;1741079485950
200;1741079490868
200;1741079490912
200;1741079490923
200;1741079495954
200;1741079495963
200;1741079495988
200;1741079500937
200;1741079500948
200;1741079501073
200;1741079505972
200;1741079505985
200;1741079506051
200;1741079511016
200;1741079513152
200;1741079513533
200;1741079515935
200;1741079515946
200;1741079516019
200;1741079520868
200;1741079520952
200;1741079520965
200;1741079525867
200;1741079525972
200;1741079525987
200;1741079530912
200;1741079530924
200;1741079531090
200;1741079535873
200;1741079535968
200;1741079535980
200;1741079540900
200;1741079540910
200;1741079541043
200;1741079545873
200;1741079545882
200;1741079545953
200;1741079550891
200;1741079550902
200;1741079550970
200;1741079555867
200;1741079555910
200;1741079555915
200;1741079560899
200;1741079560950
200;1741079560999
200;1741079565919
200;1741079565927
200;1741079565937
200;1741079570910
200;1741079570919
200;1741079570925
200;1741079575878
200;1741079575937
200;1741079575945
200;1741079580868
200;1741079581089
200;1741079582931
200;1741079585994
200;1741079586070
200;1741079587914
200;1741079590970
200;1741079593423
200;1741079593695
200;1741079595865
200;1741079596005
200;1741079596015
200;1741079600871
200;1741079600881
200;1741079600949
200;1741079605965
200;1741079608265
200;1741079608802
200;1741079610962
200;1741079610969
200;1741079611038
200;1741079615852
200;1741079615905
200;1741079615948
200;1741079620876
200;1741079620936
200;1741079620967
200;1741079625951
200;1741079625961
200;1741079625996
200;1741079630855
200;1741079630943
200;1741079631066
200;1741079635877
200;1741079635887
200;1741079635939
200;1741079640888
200;1741079640909
200;1741079640918
200;1741079645875
200;1741079645967
200;1741079645974
200;1741079650935
200;1741079651039
200;1741079653686
200;1741079655965
200;1741079655987
200;1741079658742
200;1741079660874
200;1741079660920
200;1741079660927
200;1741079665876
200;1741079665967
200;1741079665976
200;1741079670867
200;1741079670899
200;1741079670935
200;1741079675908
200;1741079675916
200;1741079675977
200;1741079680985
200;1741079681047
200;1741079683576
200;1741079685923
200;1741079685934
200;1741079685971
200;1741079690914
200;1741079690922
200;1741079690926
200;1741079695931
200;1741079695939
200;1741079695963
200;1741079700944
200;1741079700952
200;1741079701034
200;1741079705907
200;1741079705984
200;1741079705995
200;1741079710936
200;1741079710947
200;1741079711062
200;1741079715910
200;1741079715921
200;1741079715993
200;1741079720870
200;1741079720912
200;1741079720922
200;1741079725900
200;1741079725910
200;1741079725930
200;1741079730869
200;1741079730883
200;1741079730953
200;1741079735873
200;1741079735901
200;1741079735915
200;1741079740921
200;1741079740931
200;1741079741005
200;1741079745919
200;1741079745945
200;1741079745980
200;1741079750866
200;1741079750908
200;1741079750922
200;1741079755908
200;1741079755919
200;1741079755949
200;1741079760887
200;1741079760932
200;1741079760943
200;1741079765877
200;1741079765971
200;1741079765980
200;1741079770915
200;1741079770927
200;1741079770933
200;1741079775920
200;1741079775962
200;1741079776042
200;1741079780879
200;1741079780944
200;1741079780954
200;1741079785976
200;1741079785989
200;1741079786023
200;1741079790937
200;1741079790945
200;1741079791029
200;1741079795852
200;1741079795878
200;1741079795972
200;1741079800871
200;1741079800928
200;1741079800939
200;1741079805874
200;1741079805886
200;1741079805915
200;1741079810867
200;1741079810922
200;1741079810930
200;1741079815866
200;1741079815908
200;1741079815918
200;1741079820866
200;1741079820911
200;1741079820923
200;1741079825915
200;1741079825967
200;1741079825979
200;1741079830874
200;1741079830946
200;1741079830954
200;1741079835944
200;1741079835958
200;1741079836018
200;1741079840876
200;1741079840900
200;1741079840908
200;1741079845879
200;1741079845923
200;1741079845934
200;1741079850901
200;1741079850913
200;1741079850944
200;1741079855911
200;1741079855919
200;1741079856151
200;1741079860971
200;1741079860981
200;1741079860988
200;1741079865882
200;1741079866014
200;1741079866073
200;1741079870907
200;1741079870975
200;1741079870986
200;1741079875918
200;1741079875925
200;1741079876004
200;1741079880932
200;1741079880941
200;1741079880949
200;1741079885923
200;1741079885934
200;1741079885953
200;1741079890866
200;1741079890927
200;1741079890938
200;1741079895950
200;1741079895962
200;1741079897926
200;1741079900914
200;1741079900965
200;1741079900973
200;1741079905867
200;1741079905943
200;1741079905952
200;1741079910870
200;1741079910882
200;1741079913063
200;1741079915868
200;1741079915962
200;1741079915972
200;1741079920866
200;1741079920911
200;1741079920922
200;1741079925887
200;1741079925937
200;1741079925945
200;1741079930917
200;1741079930943
200;1741079930954
200;1741079935865
200;1741079935968
200;1741079936001
200;1741079940868
200;1741079940878
200;1741079940945
200;1741079945870
200;1741079945880
200;1741079946074
200;1741079950972
200;1741079950983
200;1741079950991
200;1741079955920
200;1741079955954
200;1741079955976
200;1741079960928
200;1741079960975
200;1741079961124
200;1741079966002
200;1741079966048
200;1741079968480
200;1741079970861
200;1741079970914
200;1741079970944
200;1741079975903
200;1741079975914
200;1741079976020
200;1741079980914
200;1741079980925
200;1741079981008
200;1741079985911
200;1741079985922
200;1741079985929
200;1741079990896
200;1741079990907
200;1741079990945
200;1741079995866
200;1741079995907
200;1741079995917
200;1741080000907
200;1741080001123
200;1741080003472
200;1741080007011
200;1741080007073
200;1741080007149
200;1741080010896
200;1741080010979
200;1741080011134
200;1741080015866
200;1741080015911
200;1741080015918
200;1741080020921
200;1741080020931
200;1741080020940
200;1741080025924
200;1741080025933
200;1741080025940
200;1741080030872
200;1741080030881
200;1741080030940
200;1741080035868
200;1741080035943
200;1741080035952
200;1741080040892
200;1741080040904
200;1741080040973
200;1741080045984
200;1741080046008
200;1741080046141
200;1741080050875
200;1741080050914
200;1741080050928
200;1741080055907
200;1741080055917
200;1741080055951
200;1741080060908
200;1741080060918
200;1741080060934
200;1741080065865
200;1741080065978
200;1741080065986
200;1741080070891
200;1741080070937
200;1741080070969
200;1741080075923
200;1741080075937
200;1741080076180
200;1741080080886
200;1741080080899
200;1741080081050
200;1741080085922
200;1741080085942
200;1741080088213
200;1741080090928
200;1741080090950
200;1741080091171
200;1741080095861
200;1741080095914
200;1741080095985
200;1741080100865
200;1741080100908
200;1741080100917
200;1741080105931
200;1741080105944
200;1741080105979
200;1741080110987
200;1741080111061
200;1741080111143
200;1741080115887
200;1741080115900
200;1741080115942
200;1741080120902
200;1741080120913
200;1741080121070
200;1741080125867
200;1741080125955
200;1741080125966
200;1741080130928
200;1741080130938
200;1741080130951
200;1741080135908
200;1741080135919
200;1741080136017
200;1741080140870
200;1741080140959
200;1741080140969
200;1741080145869
200;1741080145900
200;1741080145939
200;1741080150947
200;1741080150953
200;1741080150959
200;1741080155898
200;1741080155904
200;1741080156002
200;1741080160867
200;1741080160956
200;1741080160967
200;1741080165929
200;1741080165940
200;1741080166111
200;1741080170937
200;1741080170946
200;1741080171094
200;1741080175911
200;1741080175922
200;1741080175960
200;1741080180884
200;1741080180898
200;1741080180949
200;1741080185907
200;1741080185921
200;1741080185929
200;1741080190899
200;1741080190909
200;1741080191065
200;1741080195904
200;1741080195915
200;1741080195998
200;1741080200882
200;1741080200892
200;1741080200928
200;1741080205924
200;1741080205935
200;1741080206046
200;1741080210907
200;1741080211005
200;1741080211017
200;1741080215931
200;1741080215944
200;1741080215991
200;1741080220916
200;1741080220927
200;1741080220935
200;1741080225873
200;1741080225896
200;1741080226001
200;1741080230910
200;1741080230918
200;1741080231037
200;1741080235858
200;1741080235881
200;1741080235955
200;1741080240887
200;1741080240896
200;1741080240964
200;1741080245897
200;1741080245908
200;1741080246067
200;1741080250882
200;1741080250892
200;1741080251007
200;1741080255927
200;1741080255991
200;1741080256041
200;1741080260876
200;1741080260995
200;1741080261005
200;1741080265975
200;1741080265985
200;1741080266000
200;1741080271015
200;1741080271076
200;1741080271196
200;1741080275888
200;1741080275932
200;1741080275943
200;1741080280977
200;1741080281056
200;1741080283239
200;1741080285870
200;1741080285900
200;1741080285911
200;1741080290907
200;1741080290916
200;1741080290925
200;1741080295904
200;1741080295916
200;1741080296013
200;1741080300948
200;1741080300960
200;1741080303454
200;1741080305856
200;1741080305940
200;1741080306144
200;1741080310865
200;1741080310939
200;1741080310947
200;1741080315916
200;1741080315946
200;1741080315954
200;1741080320903
200;1741080321017
200;1741080322937
200;1741080325873
200;1741080325936
200;1741080325943
200;1741080330935
200;1741080330941
200;1741080330998
200;1741080335907
200;1741080335917
200;1741080335925
200;1741080340933
200;1741080340945
200;1741080341036
200;1741080345911
200;1741080346121
200;1741080348579
200;1741080350907
200;1741080350919
200;1741080350928
200;1741080355868
200;1741080355947
200;1741080355954
200;1741080360919
200;1741080360928
200;1741080361101
200;1741080365936
200;1741080365949
200;1741080365985
200;1741080370876
200;1741080370944
200;1741080370955
200;1741080375867
200;1741080375877
200;1741080375930
200;1741080380882
200;1741080380930
200;1741080380940
200;1741080385932
200;1741080385941
200;1741080386085
200;1741080390868
200;1741080390911
200;1741080390923
200;1741080395921
200;1741080395950
200;1741080395963
200;1741080400868
200;1741080400912
200;1741080400924
200;1741080405905
200;1741080405918
200;1741080405928
200;1741080410907
200;1741080410918
200;1741080410925
200;1741080415899
200;1741080415911
200;1741080415976
200;1741080420901
200;1741080420910
200;1741080421106
200;1741080425884
200;1741080425933
200;1741080425971
200;1741080430889
200;1741080430903
200;1741080430932
200;1741080435907
200;1741080435915
200;1741080435990
200;1741080440867
200;1741080440927
200;1741080440938
200;1741080445866
200;1741080445929
200;1741080445940
200;1741080450989
200;1741080451014
200;1741080451071
200;1741080455957
200;1741080456030
200;1741080458216
200;1741080460919
200;1741080460928
200;1741080460951
200;1741080465865
200;1741080465918
200;1741080465927
200;1741080470927
200;1741080470939
200;1741080470966
200;1741080475871
200;1741080475924
200;1741080475933
200;1741080480967
200;1741080480977
200;1741080481027
200;1741080485907
200;1741080485915
200;1741080485922
200;1741080490947
200;1741080490958
200;1741080491031
200;1741080495963
200;1741080496069
200;1741080496101
200;1741080500876
200;1741080500901
200;1741080500908
200;1741080505867
200;1741080505879
200;1741080505917
200;1741080510876
200;1741080510887
200;1741080511042
200;1741080515868
200;1741080515921
200;1741080515935
200;1741080520916
200;1741080520928
200;1741080520940
200;1741080525910
200;1741080525919
200;1741080525981
200;1741080530915
200;1741080530925
200;1741080530946
200;1741080535928
200;1741080535938
200;1741080535954
200;1741080540884
200;1741080540991
200;1741080543906
200;1741080545884
200;1741080545891
200;1741080546003
200;1741080550865
200;1741080550924
200;1741080550932
200;1741080555869
200;1741080555946
200;1741080555980
200;1741080560932
200;1741080560943
200;1741080560951
200;1741080565971
200;1741080565982
200;1741080566041
200;1741080570901
200;1741080570912
200;1741080571002
200;1741080575867
200;1741080575876
200;1741080575958
200;1741080580867
200;1741080580927
200;1741080580938
200;1741080585865
200;1741080585979
200;1741080586004
200;1741080590911
200;1741080590923
200;1741080591081
200;1741080595867
200;1741080595932
200;1741080595938
200;1741080600889
200;1741080600899
200;1741080600959
200;1741080605902
200;1741080605971
200;1741080608155
200;1741080610980
200;1741080611005
200;1741080611148
200;1741080615933
200;1741080615941
200;1741080615989
200;1741080620921
200;1741080620931
200;1741080620951
200;1741080625919
200;1741080625929
200;1741080625942
200;1741080630875
200;1741080630884
200;1741080631035
200;1741080635907
200;1741080635941
200;1741080635950
200;1741080640917
200;1741080640930
200;1741080642968
200;1741080645932
200;1741080645942
200;1741080645949
200;1741080650947
200;1741080650959
200;1741080653344
200;1741080655876
200;1741080656017
200;1741080656123
200;1741080660874
200;1741080660900
200;1741080660912
200;1741080665869
200;1741080665912
200;1741080665925
200;1741080670964
200;1741080670975
200;1741080670988
200;1741080675889
200;1741080675919
200;1741080675980
200;1741080680908
200;1741080680921
200;1741080680957
200;1741080685867
200;1741080685919
200;1741080685952
200;1741080690932
200;1741080690942
200;1741080690951
200;1741080695906
200;1741080695915
200;1741080696047
200;1741080700933
200;1741080701099
200;1741080701174
200;1741080705870
200;1741080705897
200;1741080708473
200;1741080710867
200;1741080710912
200;1741080710923
200;1741080715876
200;1741080715963
200;1741080715973
200;1741080720880
200;1741080720890
200;1741080720968
200;1741080725932
200;1741080725944
200;1741080725986
200;1741080730887
200;1741080730897
200;1741080731064
200;1741080735905
200;1741080735918
200;1741080736044
200;1741080740870
200;1741080740913
200;1741080740927
200;1741080745867
200;1741080745952
200;1741080745964
200;1741080750875
200;1741080750955
200;1741080751104
200;1741080755911
200;1741080755954
200;1741080755961
200;1741080760909
200;1741080760921
200;1741080760929
200;1741080765908
200;1741080765918
200;1741080765926
200;1741080770937
200;1741080770945
200;1741080771030
200;1741080775938
200;1741080775963
200;1741080778238
200;1741080780911
200;1741080780922
200;1741080781110
200;1741080785875
200;1741080785899
200;1741080785909
200;1741080790865
200;1741080790951
200;1741080790960
200;1741080795923
200;1741080795933
200;1741080796037
200;1741080800876
200;1741080800930
200;1741080800941
200;1741080805854
200;1741080805891
200;1741080805952
200;1741080810868
200;1741080810939
200;1741080810949
200;1741080815853
200;1741080815891
200;1741080815995
200;1741080820910
200;1741080820919
200;1741080823454
200;1741080825911
200;1741080825926
200;1741080825932
200;1741080830932
200;1741080830942
200;1741080830962
200;1741080835874
200;1741080835886
200;1741080835985
200;1741080840940
200;1741080840948
200;1741080840991
200;1741080845866
200;1741080845959
200;1741080845969
200;1741080850860
200;1741080850911
200;1741080851068
200;1741080855920
200;1741080858417
200;1741080858828
200;1741080860923
200;1741080860934
200;1741080860942
200;1741080865879
200;1741080865979
200;1741080866068
200;1741080870933
200;1741080870940
200;1741080870972
200;1741080875865
200;1741080875927
200;1741080875939
200;1741080880916
200;1741080883053
200;1741080883255
200;1741080885900
200;1741080885911
200;1741080885942
200;1741080890919
200;1741080890930
200;1741080890938
200;1741080895876
200;1741080895901
200;1741080895907
200;1741080900872
200;1741080900946
200;1741080900952
200;1741080905876
200;1741080905969
200;1741080905976
200;1741080910872
200;1741080910968
200;1741080911007
200;1741080915863
200;1741080915945
200;1741080916072
200;1741080920900
200;1741080920970
200;1741080921123
200;1741080925897
200;1741080925906
200;1741080925956
200;1741080930880
200;1741080930939
200;1741080930950
200;1741080935931
200;1741080935942
200;1741080935951
200;1741080940875
200;1741080940927
200;1741080940939
200;1741080945896
200;1741080945906
200;1741080945968
200;1741080950954
200;1741080950961
200;1741080950996
200;1741080955908
200;1741080955919
200;1741080955925
200;1741080960918
200;1741080960990
200;1741080961060
200;1741080965911
200;1741080965923
200;1741080966051
200;1741080970888
200;1741080970898
200;1741080970955
200;1741080975864
200;1741080975913
200;1741080976033
200;1741080980993
200;1741080980999
200;1741080981065
200;1741080985866
200;1741080985911
200;1741080985921
200;1741080990967
200;1741080990976
200;1741080991036
200;1741080995937
200;1741080995947
200;1741080995967
200;1741081000883
200;1741081000909
200;1741081000967
200;1741081005873
200;1741081005923
200;1741081005964
200;1741081010897
200;1741081010907
200;1741081010945
200;1741081015908
200;1741081015955
200;1741081015961
200;1741081020874
200;1741081020883
200;1741081020914
200;1741081025921
200;1741081025928
200;1741081026022
200;1741081030911
200;1741081030952
200;1741081030960
200;1741081035947
200;1741081035959
200;1741081036130
200;1741081040876
200;1741081040904
200;1741081040912
200;1741081045908
200;1741081045919
200;1741081046144
200;1741081050887
200;1741081050950
200;1741081051130
200;1741081055871
200;1741081055877
200;1741081056039
200;1741081060873
200;1741081060922
200;1741081060930
200;1741081065885
200;1741081065928
200;1741081065939
200;1741081070889
200;1741081070902
200;1741081070909
200;1741081075867
200;1741081075960
200;1741081075970
200;1741081080949
200;1741081080959
200;1741081083184
200;1741081085867
200;1741081085878
200;1741081085912
200;1741081090911
200;1741081090921
200;1741081090942
200;1741081095975
200;1741081095984
200;1741081095991
200;1741081100889
200;1741081100900
200;1741081100955
200;1741081105920
200;1741081105932
200;1741081106126
200;1741081110999
200;1741081111038
200;1741081111111
200;1741081115900
200;1741081115960
200;1741081116027
200;1741081120899
200;1741081120910
200;1741081120919
200;1741081125888
200;1741081125897
200;1741081125939
200;1741081130970
200;1741081130977
200;1741081131034
200;1741081135888
200;1741081135937
200;1741081136075
200;1741081140867
200;1741081140911
200;1741081140923
200;1741081145980
200;1741081145990
200;1741081146076
200;1741081150867
200;1741081150878
200;1741081150966
200;1741081155871
200;1741081155962
200;1741081155971
200;1741081160872
200;1741081160881
200;1741081160917
200;1741081165915
200;1741081165925
200;1741081165948
200;1741081170957
200;1741081170966
200;1741081171000
200;1741081175890
200;1741081175927
200;1741081175936
200;1741081180867
200;1741081180915
200;1741081180921
200;1741081185926
200;1741081185936
200;1741081185994
200;1741081190959
200;1741081190966
200;1741081191034
200;1741081195910
200;1741081195918
200;1741081195963
200;1741081200872
200;1741081200961
200;1741081200972
200;1741081205930
200;1741081205937
200;1741081206007
200;1741081210910
200;1741081210954
200;1741081210963
200;1741081215948
200;1741081215957
200;1741081215961
200;1741081220867
200;1741081220895
200;1741081220906
200;1741081225910
200;1741081225918
200;1741081225971
200;1741081230911
200;1741081230920
200;1741081231135
200;1741081235925
200;1741081235933
200;1741081235978
200;1741081240925
200;1741081240934
200;1741081240966
200;1741081245971
200;1741081245981
200;1741081245990
200;1741081250893
200;1741081250903
200;1741081250923
200;1741081255947
200;1741081255958
200;1741081255986
200;1741081260912
200;1741081260922
200;1741081260930
200;1741081265906
200;1741081265939
200;1741081266006
200;1741081270911
200;1741081270921
200;1741081270979
200;1741081275898
200;1741081275911
200;1741081276059
200;1741081280895
200;1741081280907
200;1741081280983
200;1741081285889
200;1741081285936
200;1741081288206
200;1741081290865
200;1741081290919
200;1741081290926
200;1741081295947
200;1741081295958
200;1741081296023
200;1741081300888
200;1741081300901
200;1741081301025
200;1741081305984
200;1741081305995
200;1741081308302
200;1741081310904
200;1741081310947
200;1741081310959
200;1741081315896
200;1741081315905
200;1741081315968
200;1741081320926
200;1741081322923
200;1741081323857
200;1741081325907
200;1741081325918
200;1741081325966
200;1741081330887
200;1741081330900
200;1741081331059
200;1741081335918
200;1741081335929
200;1741081336021
200;1741081340915
200;1741081340926
200;1741081340937
200;1741081345928
200;1741081345936
200;1741081345946
200;1741081350918
200;1741081350928
200;1741081350935
200;1741081355944
200;1741081355970
200;1741081355977
200;1741081360886
200;1741081360897
200;1741081361054
200;1741081365883
200;1741081365894
200;1741081365914
200;1741081370872
200;1741081370883
200;1741081370974
200;1741081375867
200;1741081375878
200;1741081375965
200;1741081380870
200;1741081380914
200;1741081380927
200;1741081385907
200;1741081385918
200;1741081385936
200;1741081390919
200;1741081390926
200;1741081390937
200;1741081395920
200;1741081396004
200;1741081396012
200;1741081400934
200;1741081400945
200;1741081401065
200;1741081405887
200;1741081405923
200;1741081405975
200;1741081410889
200;1741081410971
200;1741081410979
200;1741081415911
200;1741081415920
200;1741081415950
200;1741081420925
200;1741081420932
200;1741081421142
200;1741081425937
200;1741081425943
200;1741081425956
200;1741081430962
200;1741081430972
200;1741081431069
200;1741081435912
200;1741081435921
200;1741081435958
200;1741081440897
200;1741081440974
200;1741081441039
200;1741081445924
200;1741081445936
200;1741081448602
200;1741081450894
200;1741081450998
200;1741081453647
200;1741081455903
200;1741081455914
200;1741081455944
200;1741081460855
200;1741081460903
200;1741081461045
200;1741081465961
200;1741081465971
200;1741081466024
200;1741081470881
200;1741081470917
200;1741081470927
200;1741081475915
200;1741081475928
200;1741081475938
200;1741081480909
200;1741081480917
200;1741081480968
200;1741081485911
200;1741081485921
200;1741081485950
200;1741081490891
200;1741081490902
200;1741081490997
200;1741081495874
200;1741081495903
200;1741081495910
200;1741081500874
200;1741081500887
200;1741081501004
200;1741081505892
200;1741081506069
200;1741081507925
200;1741081510871
200;1741081510935
200;1741081510946
200;1741081515870
200;1741081515963
200;1741081515972
200;1741081520968
200;1741081521034
200;1741081521101
200;1741081525997
200;1741081526006
200;1741081528636
200;1741081530874
200;1741081530885
200;1741081530951
200;1741081535919
200;1741081538482
200;1741081538711
200;1741081540923
200;1741081540935
200;1741081541074
200;1741081545886
200;1741081545898
200;1741081545955
200;1741081550895
200;1741081550907
200;1741081550944
200;1741081555866
200;1741081555907
200;1741081555916
200;1741081560907
200;1741081560918
200;1741081561037
200;1741081565915
200;1741081565925
200;1741081565933
200;1741081570940
200;1741081570949
200;1741081570955
200;1741081575912
200;1741081575991
200;1741081576058
200;1741081580897
200;1741081580909
200;1741081580975
200;1741081585915
200;1741081585924
200;1741081585941
200;1741081590866
200;1741081590911
200;1741081590920
200;1741081595911
200;1741081595921
200;1741081595934
200;1741081600853
200;1741081600891
200;1741081601033
200;1741081605907
200;1741081605918
200;1741081605925
200;1741081610869
200;1741081610918
200;1741081611043
200;1741081615911
200;1741081615921
200;1741081615953
200;1741081620908
200;1741081620940
200;1741081620948
200;1741081625864
200;1741081625955
200;1741081625966
200;1741081630965
200;1741081631031
200;1741081631100
200;1741081635907
200;1741081635939
200;1741081636114
200;1741081640882
200;1741081640968
200;1741081640977
200;1741081645904
200;1741081645961
200;1741081646034
200;1741081650901
200;1741081650938
200;1741081651011
200;1741081655969
200;1741081655976
200;1741081656015
200;1741081660979
200;1741081660987
200;1741081663808
200;1741081665866
200;1741081665960
200;1741081665970
200;1741081670903
200;1741081670914
200;1741081670938
200;1741081675983
200;1741081676081
200;1741081676166
200;1741081680876
200;1741081680934
200;1741081680953
200;1741081685912
200;1741081685920
200;1741081685927
200;1741081690865
200;1741081690907
200;1741081690919
200;1741081695967
200;1741081695980
200;1741081696044
200;1741081700885
200;1741081700920
200;1741081701035
200;1741081705911
200;1741081705923
200;1741081705932
200;1741081710985
200;1741081711077
200;1741081711179
200;1741081715865
200;1741081715914
200;1741081715923
200;1741081720860
200;1741081720974
200;1741081721043
200;1741081725892
200;1741081725978
200;1741081725988
200;1741081730875
200;1741081730886
200;1741081730969
200;1741081735919
200;1741081735949
200;1741081735957
200;1741081740983
200;1741081740988
200;1741081741033
200;1741081745874
200;1741081745966
200;1741081745978
200;1741081750877
200;1741081750969
200;1741081751087
200;1741081755891
200;1741081755902
200;1741081755935
200;1741081760901
200;1741081760912
200;1741081760943
200;1741081765905
200;1741081765917
200;1741081766042
200;1741081770911
200;1741081770974
200;1741081771020
200;1741081775979
200;1741081776023
200;1741081777914
200;1741081780899
200;1741081783402
200;1741081783465
200;1741081785876
200;1741081786009
200;1741081790880
200;1741081791045
200;1741081793899
200;1741081795919
200;1741081795929
200;1741081795980
200;1741081800885
200;1741081800896
200;1741081801065
200;1741081805887
200;1741081805898
200;1741081805950
200;1741081810882
200;1741081810892
200;1741081810934
200;1741081815906
200;1741081815913
200;1741081815918
200;1741081820865
200;1741081820938
200;1741081820944
200;1741081825875
200;1741081825885
200;1741081825930
200;1741081830874
200;1741081830885
200;1741081830975
200;1741081835872
200;1741081835883
200;1741081835914
200;1741081840907
200;1741081840920
200;1741081841043
200;1741081845919
200;1741081845931
200;1741081845939
200;1741081850869
200;1741081850927
200;1741081850940
200;1741081855872
200;1741081855936
200;1741081856074
200;1741081860856
200;1741081860917
200;1741081860927
200;1741081865950
200;1741081866018
200;1741081868615
200;1741081870887
200;1741081870898
200;1741081870974
200;1741081875871
200;1741081875883
200;1741081875954
200;1741081880905
200;1741081880914
200;1741081881031
200;1741081885903
200;1741081885912
200;1741081886052
200;1741081890961
200;1741081890970
200;1741081891065
200;1741081895955
200;1741081895964
200;1741081896066
200;1741081900871
200;1741081900921
200;1741081900929
200;1741081905925
200;1741081905959
200;1741081906025
200;1741081910880
200;1741081910987
200;1741081911045
200;1741081915895
200;1741081915945
200;1741081916004
200;1741081920887
200;1741081921055
200;1741081921127
200;1741081925911
200;1741081925925
200;1741081925937
200;1741081930911
200;1741081930922
200;1741081930974
200;1741081935931
200;1741081935944
200;1741081935996
200;1741081940895
200;1741081940908
200;1741081940990
200;1741081945984
200;1741081946062
200;1741081946148
200;1741081950867
200;1741081950922
200;1741081950932
200;1741081955869
200;1741081955950
200;1741081955957
200;1741081960865
200;1741081960936
200;1741081960947
200;1741081965910
200;1741081965921
200;1741081965952
200;1741081970970
200;1741081970981
200;1741081970994
200;1741081975947
200;1741081975978
200;1741081976068
200;1741081980917
200;1741081980928
200;1741081980938
200;1741081985867
200;1741081985948
200;1741081985959
200;1741081990864
200;1741081990961
200;1741081990971
200;1741081995866
200;1741081996020
200;1741081996098
200;1741082000892
200;1741082000903
200;1741082000996
200;1741082005869
200;1741082005919
200;1741082005925
200;1741082010911
200;1741082010921
200;1741082010935
200;1741082015853
200;1741082015911
200;1741082016095
200;1741082020915
200;1741082020925
200;1741082020933
200;1741082025951
200;1741082025961
200;1741082026007
200;1741082030878
200;1741082030919
200;1741082030929
200;1741082035910
200;1741082035923
200;1741082035930
200;1741082040886
200;1741082040895
200;1741082040967
200;1741082045895
200;1741082045905
200;1741082045993
200;1741082050909
200;1741082050921
200;1741082050970
200;1741082055906
200;1741082055923
200;1741082055930
200;1741082060919
200;1741082060929
200;1741082060990
200;1741082065917
200;1741082065927
200;1741082065987
200;1741082070907
200;1741082070917
200;1741082070950
200;1741082075878
200;1741082075886
200;1741082075946
200;1741082080958
200;1741082080969
200;1741082081026
200;1741082085867
200;1741082085911
200;1741082085921
200;1741082090893
200;1741082090906
200;1741082090954
200;1741082095931
200;1741082095967
200;1741082096036
200;1741082100986
200;1741082101063
200;1741082101189
200;1741082105924
200;1741082105933
200;1741082106027
200;1741082110942
200;1741082110951
200;1741082110956
200;1741082115968
200;1741082116063
200;1741082118782
200;1741082120922
200;1741082120934
200;1741082121055
200;1741082125984
200;1741082126023
200;1741082128385
200;1741082130912
200;1741082130923
200;1741082130931
200;1741082135906
200;1741082135914
200;1741082135951
200;1741082140935
200;1741082140943
200;1741082140949
200;1741082145908
200;1741082145918
200;1741082145945
200;1741082150949
200;1741082150955
200;1741082153708
200;1741082155865
200;1741082155908
200;1741082155923
200;1741082160872
200;1741082160953
200;1741082160960
200;1741082165884
200;1741082165894
200;1741082165955
200;1741082170864
200;1741082170907
200;1741082170960
200;1741082175872
200;1741082175955
200;1741082175966
200;1741082180865
200;1741082180959
200;1741082180968
200;1741082185875
200;1741082185884
200;1741082186010
200;1741082190921
200;1741082190932
200;1741082190962
200;1741082195913
200;1741082195920
200;1741082195972
200;1741082200866
200;1741082200932
200;1741082200940
200;1741082205914
200;1741082205924
200;1741082205929
200;1741082210867
200;1741082210911
200;1741082210921
200;1741082215948
200;1741082216037
200;1741082216061
200;1741082220876
200;1741082220962
200;1741082220971
200;1741082225885
200;1741082228441
200;1741082230889
200;1741082230900
200;1741082230992
200;1741082235923
200;1741082235935
200;1741082235945
200;1741082240871
200;1741082240973
200;1741082240981
200;1741082245865
200;1741082245931
200;1741082245941
200;1741082250909
200;1741082250919
200;1741082250952
200;1741082255936
200;1741082255950
200;1741082255954
200;1741082260940
200;1741082260950
200;1741082260957
200;1741082265955
200;1741082268102
200;1741082268388
200;1741082270944
200;1741082270955
200;1741082271005
200;1741082275865
200;1741082275937
200;1741082275943
200;1741082280905
200;1741082280913
200;1741082280918
200;1741082285909
200;1741082285922
200;1741082285983
200;1741082290865
200;1741082290906
200;1741082290913
200;1741082295928
200;1741082295935
200;1741082295986
200;1741082300872
200;1741082300924
200;1741082300937
200;1741082305877
200;1741082305956
200;1741082305967
200;1741082311016
200;1741082311027
200;1741082311047
200;1741082315906
200;1741082315968
200;1741082315975
200;1741082320907
200;1741082320918
200;1741082321076
200;1741082325868
200;1741082325880
200;1741082325936
200;1741082330943
200;1741082330949
200;1741082331187
200;1741082335946
200;1741082335956
200;1741082335963
200;1741082340881
200;1741082340955
200;1741082340964
200;1741082345874
200;1741082346043
200;1741082346091
200;1741082350983
200;1741082351003
200;1741082351028
200;1741082355986
200;1741082356053
200;1741082356079
200;1741082360856
200;1741082360945
200;1741082360994
200;1741082365907
200;1741082365917
200;1741082365957
200;1741082370871
200;1741082370966
200;1741082370973
200;1741082375942
200;1741082375952
200;1741082375958
200;1741082380919
200;1741082380927
200;1741082380934
200;1741082385866
200;1741082385913
200;1741082385925
200;1741082390901
200;1741082390910
200;1741082390947
200;1741082395875
200;1741082395963
200;1741082395973
200;1741082400906
200;1741082400916
200;1741082401082
200;1741082405884
200;1741082405890
200;1741082405938
200;1741082410961
200;1741082411001
200;1741082411145
200;1741082415902
200;1741082415939
200;1741082416021
200;1741082420868
200;1741082420914
200;1741082420920
200;1741082425895
200;1741082425905
200;1741082425947
200;1741082430953
200;1741082430961
200;1741082431076
200;1741082435951
200;1741082435961
200;1741082436066
200;1741082440867
200;1741082440911
200;1741082440921
200;1741082445877
200;1741082445965
200;1741082445971
200;1741082450911
200;1741082450921
200;1741082450928
200;1741082455897
200;1741082455907
200;1741082455914
200;1741082460907
200;1741082460925
200;1741082460965
200;1741082465899
200;1741082465908
200;1741082465914
200;1741082470872
200;1741082470908
200;1741082470913
200;1741082475857
200;1741082475875
200;1741082476107
200;1741082480932
200;1741082480940
200;1741082480976
200;1741082485894
200;1741082485904
200;1741082485999
200;1741082490913
200;1741082490922
200;1741082490958
200;1741082495916
200;1741082495926
200;1741082495948
200;1741082500933
200;1741082500940
200;1741082501024
200;1741082505867
200;1741082505913
200;1741082505921
200;1741082510891
200;1741082510900
200;1741082510936
200;1741082515865
200;1741082515914
200;1741082515921
200;1741082520865
200;1741082520960
200;1741082520968
200;1741082525907
200;1741082525916
200;1741082525958
200;1741082530951
200;1741082530961
200;1741082530977
200;1741082535918
200;1741082535927
200;1741082535932
200;1741082540918
200;1741082540945
200;1741082540951
200;1741082545915
200;1741082545929
200;1741082546011
200;1741082550869
200;1741082550962
200;1741082550970
200;1741082555871
200;1741082555899
200;1741082555904
200;1741082560908
200;1741082560916
200;1741082560934
200;1741082565889
200;1741082565899
200;1741082566017
200;1741082570873
200;1741082570964
200;1741082570970
200;1741082575907
200;1741082575916
200;1741082575960
200;1741082580938
200;1741082580948
200;1741082581000
200;1741082585865
200;1741082585931
200;1741082585937
200;1741082590871
200;1741082590962
200;1741082590971
200;1741082595858
200;1741082596026
200;1741082598747
200;1741082600981
200;1741082601039
200;1741082601091
200;1741082605891
200;1741082605900
200;1741082605997
200;1741082610943
200;1741082610953
200;1741082610959
200;1741082615955
200;1741082615962
200;1741082615968
200;1741082620929
200;1741082620936
200;1741082620991
200;1741082625955
200;1741082625963
200;1741082626079
200;1741082630872
200;1741082630998
200;1741082631008
200;1741082635866
200;1741082635907
200;1741082635916
200;1741082640911
200;1741082640921
200;1741082641015
200;1741082645866
200;1741082645911
200;1741082645920
200;1741082650892
200;1741082650903
200;1741082651136
200;1741082655894
200;1741082655973
200;1741082656087
200;1741082660919
200;1741082660928
200;1741082660977
200;1741082665868
200;1741082665933
200;1741082665943
200;1741082670869
200;1741082670880
200;1741082670943
200;1741082675928
200;1741082675938
200;1741082676008
200;1741082680869
200;1741082680958
200;1741082681071
200;1741082685918
200;1741082685945
200;1741082685952
200;1741082690960
200;1741082690967
200;1741082691081
200;1741082695875
200;1741082695929
200;1741082695941
200;1741082700877
200;1741082700970
200;1741082700977
200;1741082705915
200;1741082705924
200;1741082705941
200;1741082710982
200;1741082710988
200;1741082711043
200;1741082715919
200;1741082715955
200;1741082716053
200;1741082720915
200;1741082720928
200;1741082720965
200;1741082726020
200;1741082726056
200;1741082728840
200;1741082730927
200;1741082730938
200;1741082731045
200;1741082735897
200;1741082735909
200;1741082735986
200;1741082740941
200;1741082740947
200;1741082740967
200;1741082745973
200;1741082748417
200;1741082750876
200;1741082750885
200;1741082751047
200;1741082755969
200;1741082756026
200;1741082760870
200;1741082760967
200;1741082761006
200;1741082765895
200;1741082765904
200;1741082765984
200;1741082770866
200;1741082770953
200;1741082770961
200;1741082775911
200;1741082775922
200;1741082776040
200;1741082780884
200;1741082780895
200;1741082780971
200;1741082785868
200;1741082785910
200;1741082785921
200;1741082790867
200;1741082790941
200;1741082790950
200;1741082795867
200;1741082795931
200;1741082798191
200;1741082800880
200;1741082800937
200;1741082800999
200;1741082805980
200;1741082806005
200;1741082808438
200;1741082810868
200;1741082810878
200;1741082810965
200;1741082815869
200;1741082815879
200;1741082816005
200;1741082820914
200;1741082820922
200;1741082821042
200;1741082825871
200;1741082825898
200;1741082825907
200;1741082830912
200;1741082830921
200;1741082830928
200;1741082835907
200;1741082835963
200;1741082835972
200;1741082840900
200;1741082840910
200;1741082840979
200;1741082845914
200;1741082845926
200;1741082845991
200;1741082850867
200;1741082850911
200;1741082850922
200;1741082855934
200;1741082856029
200;1741082858646
200;1741082860935
200;1741082860945
200;1741082860952
200;1741082865868
200;1741082865921
200;1741082865935
200;1741082870883
200;1741082870967
200;1741082871042
200;1741082875867
200;1741082875911
200;1741082875923
200;1741082880895
200;1741082880905
200;1741082880945
200;1741082885920
200;1741082885932
200;1741082886138
200;1741082890899
200;1741082890911
200;1741082891045
200;1741082895902
200;1741082895912
200;1741082895919
200;1741082900887
200;1741082900939
200;1741082901003
200;1741082905896
200;1741082905943
200;1741082905955
200;1741082910871
200;1741082910904
200;1741082910915
200;1741082915889
200;1741082915926
200;1741082916069
200;1741082920914
200;1741082920981
200;1741082920989
200;1741082925867
200;1741082925910
200;1741082925920
200;1741082930914
200;1741082930924
200;1741082930956
200;1741082936010
200;1741082936030
200;1741082938175
200;1741082940886
200;1741082940931
200;1741082940941
200;1741082945866
200;1741082945911
200;1741082945922
200;1741082950866
200;1741082950959
200;1741082950968
200;1741082955871
200;1741082955923
200;1741082955935
200;1741082960865
200;1741082960947
200;1741082960957
200;1741082965870
200;1741082965880
200;1741082965945
200;1741082970918
200;1741082970929
200;1741082970935
200;1741082975865
200;1741082975954
200;1741082975962
200;1741082980919
200;1741082980932
200;1741082981027
200;1741082985945
200;1741082985958
200;1741082985979
200;1741082990898
200;1741082990910
200;1741082990938
200;1741082995926
200;1741082995938
200;1741082999035
200;1741083000910
200;1741083000920
200;1741083000929
200;1741083005912
200;1741083005965
200;1741083005975
200;1741083010871
200;1741083010951
200;1741083010962
200;1741083015962
200;1741083015970
200;1741083016038
200;1741083020903
200;1741083020912
200;1741083021027
200;1741083025925
200;1741083025934
200;1741083026026
200;1741083030928
200;1741083030939
200;1741083031030
200;1741083035884
200;1741083035924
200;1741083035936
200;1741083040944
200;1741083040955
200;1741083040999
200;1741083045946
200;1741083045955
200;1741083045961
200;1741083050865
200;1741083050910
200;1741083050921
200;1741083055895
200;1741083055906
200;1741083056002
200;1741083060879
200;1741083060909
200;1741083060977
200;1741083065915
200;1741083065926
200;1741083065995
200;1741083070922
200;1741083070956
200;1741083072868
200;1741083075893
200;1741083075905
200;1741083075968
200;1741083080927
200;1741083080941
200;1741083080973
200;1741083085871
200;1741083085963
200;1741083085973
200;1741083090919
200;1741083090932
200;1741083093604
200;1741083095889
200;1741083095986
200;1741083096041
200;1741083100859
200;1741083100962
200;1741083101082
200;1741083105971
200;1741083106082
200;1741083106282
200;1741083110914
200;1741083110923
200;1741083110961
200;1741083115871
200;1741083115924
200;1741083115950
200;1741083120914
200;1741083120925
200;1741083121001
200;1741083125941
200;1741083125951
200;1741083126002
200;1741083130905
200;1741083130914
200;1741083130920
200;1741083135963
200;1741083135974
200;1741083135999
200;1741083140909
200;1741083140920
200;1741083140927
200;1741083145873
200;1741083145997
200;1741083146061
200;1741083150878
200;1741083150888
200;1741083150908
200;1741083155870
200;1741083155909
200;1741083155916
200;1741083160914
200;1741083160931
200;1741083160963
200;1741083165952
200;1741083165960
200;1741083168254
200;1741083170923
200;1741083170932
200;1741083170968
200;1741083175879
200;1741083175892
200;1741083176000
200;1741083180866
200;1741083180900
200;1741083180935
200;1741083185942
200;1741083185953
200;1741083185961
200;1741083190915
200;1741083190924
200;1741083190970
200;1741083195946
200;1741083195977
200;1741083198501
200;1741083200978
200;1741083200987
200;1741083201019
200;1741083205869
200;1741083205967
200;1741083205976
200;1741083210939
200;1741083210950
200;1741083210958
200;1741083215944
200;1741083215950
200;1741083216007
200;1741083220886
200;1741083220897
200;1741083220917
200;1741083225869
200;1741083225912
200;1741083225952
200;1741083230940
200;1741083230950
200;1741083231036
200;1741083235924
200;1741083235933
200;1741083235967
200;1741083240891
200;1741083240943
200;1741083241106
200;1741083245896
200;1741083245906
200;1741083245987
200;1741083250941
200;1741083250953
200;1741083251033
200;1741083255870
200;1741083255919
200;1741083255926
200;1741083260866
200;1741083260910
200;1741083260944
200;1741083265950
200;1741083265961
200;1741083265968
200;1741083270939
200;1741083270947
200;1741083270988
200;1741083275943
200;1741083275950
200;1741083276013
200;1741083280934
200;1741083280944
200;1741083280992
200;1741083285866
200;1741083285893
200;1741083285904
200;1741083290869
200;1741083290879
200;1741083290978
200;1741083295886
200;1741083295897
200;1741083295982
200;1741083300928
200;1741083300935
200;1741083301038
200;1741083305910
200;1741083305921
200;1741083305928
200;1741083310943
200;1741083310949
200;1741083310979
200;1741083315887
200;1741083315897
200;1741083315957
200;1741083320878
200;1741083320907
200;1741083320978
200;1741083325889
200;1741083325898
200;1741083325942
200;1741083330871
200;1741083330881
200;1741083330949
200;1741083335894
200;1741083335906
200;1741083336047
200;1741083340906
200;1741083340918
200;1741083340926
200;1741083345918
200;1741083345929
200;1741083345946
200;1741083350914
200;1741083351015
200;1741083351048
200;1741083355991
200;1741083355999
200;1741083358552
200;1741083360919
200;1741083360929
200;1741083361009
200;1741083366008
200;1741083366021
200;1741083368254
200;1741083370882
200;1741083370893
200;1741083371053
200;1741083375908
200;1741083375917
200;1741083375939
200;1741083380985
200;1741083381074
200;1741083383882
200;1741083385877
200;1741083385888
200;1741083386078
200;1741083390918
200;1741083390930
200;1741083390969
200;1741083395914
200;1741083395925
200;1741083396019
200;1741083400913
200;1741083400955
200;1741083403469
200;1741083405877
200;1741083405949
200;1741083405958
200;1741083410865
200;1741083410918
200;1741083410928
200;1741083415876
200;1741083415903
200;1741083415909
200;1741083420938
200;1741083420951
200;1741083421116
200;1741083425983
200;1741083425997
200;1741083426069
200;1741083430878
200;1741083433255
200;1741083435874
200;1741083435967
200;1741083438353
200;1741083440948
200;1741083440958
200;1741083440990
200;1741083445954
200;1741083445965
200;1741083445973
200;1741083450960
200;1741083450972
200;1741083451041
200;1741083455874
200;1741083455969
200;1741083455973
200;1741083460906
200;1741083460914
200;1741083460970
200;1741083465934
200;1741083465941
200;1741083465991
200;1741083470988
200;1741083470999
200;1741083471007
200;1741083475898
200;1741083475943
200;1741083475960
200;1741083480914
200;1741083480926
200;1741083480934
200;1741083485922
200;1741083485934
200;1741083485940
200;1741083490917
200;1741083490927
200;1741083491011
200;1741083495885
200;1741083495930
200;1741083495939
200;1741083500889
200;1741083500902
200;1741083502988
200;1741083505886
200;1741083505974
200;1741083505984
200;1741083510909
200;1741083510920
200;1741083510967
200;1741083515919
200;1741083515933
200;1741083515945
200;1741083520868
200;1741083520961
200;1741083520968
200;1741083525930
200;1741083525940
200;1741083526126
200;1741083530898
200;1741083530913
200;1741083533764
200;1741083535879
200;1741083535923
200;1741083535932
200;1741083540876
200;1741083540973
200;1741083541080
200;1741083545854
200;1741083545905
200;1741083545951
200;1741083550913
200;1741083550921
200;1741083550976
200;1741083555910
200;1741083555920
200;1741083556034
200;1741083560917
200;1741083560927
200;1741083560934
200;1741083565871
200;1741083565883
200;1741083565969
200;1741083570909
200;1741083570920
200;1741083570958
200;1741083575913
200;1741083575928
200;1741083575933
200;1741083580881
200;1741083580941
200;1741083580948
200;1741083585883
200;1741083585895
200;1741083588619
200;1741083590928
200;1741083590935
200;1741083591089
200;1741083595939
200;1741083595981
200;1741083598389
200;1741083600917
200;1741083600928
200;1741083600937
200;1741083605889
200;1741083605976
200;1741083606129
200;1741083610866
200;1741083610911
200;1741083610923
200;1741083615931
200;1741083615939
200;1741083616033
200;1741083620926
200;1741083620934
200;1741083621056
200;1741083625866
200;1741083625911
200;1741083625922
200;1741083630897
200;1741083630908
200;1741083630962
200;1741083635900
200;1741083635917
200;1741083638547
200;1741083640910
200;1741083640923
200;1741083640932
200;1741083645878
200;1741083645898
200;1741083645955
200;1741083650864
200;1741083650918
200;1741083651144
200;1741083655911
200;1741083655921
200;1741083656029
200;1741083660856
200;1741083660956
200;1741083661008
200;1741083665965
200;1741083665976
200;1741083666125
200;1741083670892
200;1741083670901
200;1741083670968
200;1741083675889
200;1741083675897
200;1741083676100
200;1741083680885
200;1741083680895
200;1741083680949
200;1741083685874
200;1741083685885
200;1741083686023
200;1741083690892
200;1741083690977
200;1741083693110
200;1741083695872
200;1741083695934
200;1741083695942
200;1741083700910
200;1741083700953
200;1741083700963
200;1741083705963
200;1741083705975
200;1741083705984
200;1741083710886
200;1741083710898
200;1741083710944
200;1741083715905
200;1741083715917
200;1741083715981
200;1741083720866
200;1741083720941
200;1741083720948
200;1741083725909
200;1741083725917
200;1741083726046
200;1741083730868
200;1741083730911
200;1741083730922
200;1741083735905
200;1741083735967
200;1741083736030
200;1741083740871
200;1741083740927
200;1741083740940
200;1741083745869
200;1741083745910
200;1741083745920
200;1741083750958
200;1741083750969
200;1741083751109
200;1741083755875
200;1741083755967
200;1741083755974
200;1741083760876
200;1741083762933
200;1741083763835
200;1741083765901
200;1741083765913
200;1741083765954
200;1741083770876
200;1741083770986
200;1741083770998
200;1741083775855
200;1741083775890
200;1741083775973
200;1741083780869
200;1741083780911
200;1741083780921
200;1741083785909
200;1741083785921
200;1741083785930
200;1741083790918
200;1741083790929
200;1741083790937
200;1741083795877
200;1741083795919
200;1741083798654
200;1741083800988
200;1741083801000
200;1741083801054
200;1741083805917
200;1741083805977
200;1741083806162
200;1741083810935
200;1741083810946
200;1741083810953
200;1741083815891
200;1741083815900
200;1741083815971
200;1741083820916
200;1741083820938
200;1741083820946
200;1741083825920
200;1741083825931
200;1741083826117
200;1741083830919
200;1741083830929
200;1741083830998
200;1741083835872
200;1741083835937
200;1741083835945
200;1741083840916
200;1741083840928
200;1741083840960
200;1741083845873
200;1741083845905
200;1741083845912
200;1741083850865
200;1741083853627
200;1741083853707
200;1741083855869
200;1741083855943
200;1741083855951
200;1741083860913
200;1741083860920
200;1741083861035
200;1741083865912
200;1741083865966
200;1741083866117
200;1741083870983
200;1741083871055
200;1741083871130
200;1741083875866
200;1741083875973
200;1741083875983
200;1741083880927
200;1741083880937
200;1741083880953
200;1741083885910
200;1741083885920
200;1741083885977
200;1741083890889
200;1741083890899
200;1741083890939
200;1741083895962
200;1741083895973
200;1741083896014
200;1741083900871
200;1741083900881
200;1741083900972
200;1741083905874
200;1741083905888
200;1741083905994
200;1741083910909
200;1741083910917
200;1741083910954
200;1741083915913
200;1741083915922
200;1741083915928
200;1741083920913
200;1741083920920
200;1741083921014
200;1741083925915
200;1741083925922
200;1741083925927
200;1741083930867
200;1741083930901
200;1741083930911
200;1741083935919
200;1741083935950
200;1741083935960
200;1741083940897
200;1741083940910
200;1741083940920
200;1741083945962
200;1741083945975
200;1741083946102
200;1741083950936
200;1741083950945
200;1741083950951
200;1741083955870
200;1741083955915
200;1741083955927
200;1741083960932
200;1741083960941
200;1741083961299
200;1741083965915
200;1741083965921
200;1741083965989
200;1741083970883
200;1741083970893
200;1741083971010
200;1741083975909
200;1741083975917
200;1741083975923
200;1741083980865
200;1741083980910
200;1741083980921
200;1741083985915
200;1741083985920
200;1741083985926
200;1741083990866
200;1741083990961
200;1741083990971
200;1741083995914
200;1741083995924
200;1741083995980
200;1741084000877
200;1741084000962
200;1741084000973
200;1741084005878
200;1741084005922
200;1741084005935
200;1741084010865
200;1741084010909
200;1741084010920
200;1741084015897
200;1741084015907
200;1741084016004
200;1741084020906
200;1741084020916
200;1741084021074
200;1741084025860
200;1741084026036
200;1741084026104
200;1741084030901
200;1741084030977
200;1741084031063
200;1741084035896
200;1741084035905
200;1741084036064
200;1741084040873
200;1741084040958
200;1741084040967
200;1741084045914
200;1741084045927
200;1741084045983
200;1741084050917
200;1741084050926
200;1741084050933
200;1741084055871
200;1741084055927
200;1741084055964
200;1741084060920
200;1741084060927
200;1741084061039
200;1741084065867
200;1741084065956
200;1741084065966
200;1741084070916
200;1741084070922
200;1741084070928
200;1741084075875
200;1741084075901
200;1741084075911
200;1741084080966
200;1741084080974
200;1741084081113
200;1741084085866
200;1741084085957
200;1741084085967
200;1741084090971
200;1741084090978
200;1741084091050
200;1741084095877
200;1741084095888
200;1741084095940
200;1741084100930
200;1741084100939
200;1741084100985
200;1741084105915
200;1741084105926
200;1741084105943
200;1741084110917
200;1741084110926
200;1741084110933
200;1741084115900
200;1741084115910
200;1741084115951
200;1741084120925
200;1741084120935
200;1741084120980
200;1741084125863
200;1741084125916
200;1741084125958
200;1741084130909
200;1741084130920
200;1741084130950
200;1741084135979
200;1741084135987
200;1741084136101
200;1741084140868
200;1741084140957
200;1741084140967
200;1741084145963
200;1741084145973
200;1741084146018
200;1741084150909
200;1741084150925
200;1741084150934
200;1741084155907
200;1741084155918
200;1741084155926
200;1741084160868
200;1741084160909
200;1741084160919
200;1741084165873
200;1741084165962
200;1741084165992
200;1741084170938
200;1741084170949
200;1741084170964
200;1741084175904
200;1741084175930
200;1741084175991
200;1741084180904
200;1741084180938
200;1741084183773
200;1741084185876
200;1741084185932
200;1741084185959
200;1741084190854
200;1741084190891
200;1741084191070
200;1741084195881
200;1741084195949
200;1741084195956
200;1741084200901
200;1741084200912
200;1741084200990
200;1741084205969
200;1741084205980
200;1741084206084
200;1741084210885
200;1741084210896
200;1741084210909
200;1741084215880
200;1741084215889
200;1741084215985
200;1741084220905
200;1741084220915
200;1741084220981
200;1741084225965
200;1741084225974
200;1741084226045
200;1741084230911
200;1741084230920
200;1741084230930
200;1741084235857
200;1741084235904
200;1741084236060
200;1741084240959
200;1741084240967
200;1741084241061
200;1741084245871
200;1741084245914
200;1741084245924
200;1741084250895
200;1741084250954
200;1741084250990
200;1741084255870
200;1741084255945
200;1741084255953
200;1741084260873
200;1741084260901
200;1741084260908
200;1741084265958
200;1741084265971
200;1741084265979
200;1741084270883
200;1741084270934
200;1741084271010
200;1741084275866
200;1741084275909
200;1741084275918
200;1741084280932
200;1741084280939
200;1741084280946
200;1741084285985
200;1741084286053
200;1741084286207
200;1741084290872
200;1741084290881
200;1741084290926
200;1741084295909
200;1741084295918
200;1741084295931
200;1741084300889
200;1741084300900
200;1741084300970
200;1741084305909
200;1741084305918
200;1741084308715
200;1741084310923
200;1741084312969
200;1741084315930
200;1741084315941
200;1741084315950
200;1741084320914
200;1741084320924
200;1741084320965
200;1741084325878
200;1741084325929
200;1741084326104
200;1741084330911
200;1741084330919
200;1741084330925
200;1741084335857
200;1741084335897
200;1741084336009
200;1741084340880
200;1741084340965
200;1741084341056
200;1741084345910
200;1741084345921
200;1741084345927
200;1741084350886
200;1741084350945
200;1741084351001
200;1741084355917
200;1741084355924
200;1741084355957
200;1741084360904
200;1741084360914
200;1741084360921
200;1741084365878
200;1741084365926
200;1741084366181
200;1741084370912
200;1741084370979
200;1741084370989
200;1741084375935
200;1741084375945
200;1741084376034
200;1741084380905
200;1741084380916
200;1741084380921
200;1741084385913
200;1741084385923
200;1741084385930
200;1741084390868
200;1741084390940
200;1741084390981
200;1741084395938
200;1741084395949
200;1741084395967
200;1741084400884
200;1741084400896
200;1741084405877
200;1741084405898
200;1741084405904
200;1741084410871
200;1741084410963
200;1741084410972
200;1741084415868
200;1741084415899
200;1741084415908
200;1741084420886
200;1741084420898
200;1741084420991
200;1741084425871
200;1741084425899
200;1741084425909
200;1741084430952
200;1741084430957
200;1741084430962
200;1741084436018
200;1741084436028
200;1741084436111
200;1741084440866
200;1741084440911
200;1741084440922
200;1741084445972
200;1741084445981
200;1741084448861
200;1741084450916
200;1741084450924
200;1741084450930
200;1741084455927
200;1741084455934
200;1741084455996
200;1741084460902
200;1741084460914
200;1741084461051
200;1741084465958
200;1741084465967
200;1741084468225
200;1741084470882
200;1741084470893
200;1741084470933
200;1741084475869
200;1741084475949
200;1741084475963
200;1741084480876
200;1741084480888
200;1741084480937
200;1741084485922
200;1741084488251
200;1741084488638
200;1741084490865
200;1741084490911
200;1741084490949
200;1741084495874
200;1741084495962
200;1741084496001
200;1741084500885
200;1741084500895
200;1741084500932
200;1741084505943
200;1741084505955
200;1741084508541
200;1741084510891
200;1741084510911
200;1741084512887
200;1741084515928
200;1741084515935
200;1741084515959
200;1741084520984
200;1741084521011
200;1741084521112
200;1741084525908
200;1741084525920
200;1741084525958
200;1741084530917
200;1741084530927
200;1741084530937
200;1741084535858
200;1741084535977
200;1741084535995
200;1741084540933
200;1741084540940
200;1741084541008
200;1741084545934
200;1741084545945
200;1741084545976
200;1741084550926
200;1741084550939
200;1741084551058
200;1741084555909
200;1741084555920
200;1741084555927
200;1741084560913
200;1741084560922
200;1741084560990
200;1741084565905
200;1741084565913
200;1741084565962
200;1741084570946
200;1741084570956
200;1741084570964
200;1741084575909
200;1741084575916
200;1741084575941
200;1741084580961
200;1741084580974
200;1741084581005
200;1741084585914
200;1741084585923
200;1741084585961
200;1741084590866
200;1741084590915
200;1741084590998
200;1741084595871
200;1741084595945
200;1741084595953
200;1741084600868
200;1741084600910
200;1741084600923
200;1741084605881
200;1741084606005
200;1741084606156
200;1741084610914
200;1741084610924
200;1741084611136
200;1741084615874
200;1741084615953
200;1741084615963
200;1741084620871
200;1741084620902
200;1741084620909
200;1741084625865
200;1741084625916
200;1741084625923
200;1741084630895
200;1741084630905
200;1741084630939
200;1741084635987
200;1741084636053
200;1741084636209
200;1741084640872
200;1741084640928
200;1741084640936
200;1741084645858
200;1741084646178
200;1741084650969
200;1741084650981
200;1741084651006
200;1741084655973
200;1741084655980
200;1741084655986
200;1741084660865
200;1741084660939
200;1741084660946
200;1741084665901
200;1741084665910
200;1741084665955
200;1741084670877
200;1741084670927
200;1741084670938
200;1741084675960
200;1741084675970
200;1741084676057
200;1741084680909
200;1741084680918
200;1741084680925
200;1741084685931
200;1741084685981
200;1741084685989
200;1741084690889
200;1741084690937
200;1741084690967
200;1741084695959
200;1741084695968
200;1741084696042
200;1741084700867
200;1741084700935
200;1741084701032
200;1741084705919
200;1741084705929
200;1741084705935
200;1741084710871
200;1741084710957
200;1741084710967
200;1741084715922
200;1741084715934
200;1741084716103
200;1741084720897
200;1741084720909
200;1741084721061
200;1741084725864
200;1741084725892
200;1741084725954
200;1741084730866
200;1741084730958
200;1741084730968
200;1741084735934
200;1741084735943
200;1741084735950
200;1741084740971
200;1741084740978
200;1741084740999
200;1741084745917
200;1741084745927
200;1741084745934
200;1741084750879
200;1741084750973
200;1741084750984
200;1741084755877
200;1741084755920
200;1741084755931
200;1741084760875
200;1741084760885
200;1741084760924
200;1741084765873
200;1741084765924
200;1741084766016
200;1741084770917
200;1741084770926
200;1741084770987
200;1741084775905
200;1741084775916
200;1741084778276
200;1741084780890
200;1741084780900
200;1741084781053
200;1741084785894
200;1741084785947
200;1741084786003
200;1741084790909
200;1741084790920
200;1741084790935
200;1741084795913
200;1741084795923
200;1741084795929
200;1741084800930
200;1741084800939
200;1741084800947
200;1741084805872
200;1741084805958
200;1741084805967
200;1741084810893
200;1741084810998
200;1741084811288
200;1741084815872
200;1741084815880
200;1741084815961
200;1741084820852
200;1741084820925
200;1741084820939
200;1741084825952
200;1741084825960
200;1741084826071
200;1741084830890
200;1741084830953
200;1741084830991
200;1741084835942
200;1741084835952
200;1741084835976
200;1741084840873
200;1741084840918
200;1741084840926
200;1741084845871
200;1741084845882
200;1741084845913
200;1741084850875
200;1741084850962
200;1741084850970
200;1741084855873
200;1741084855908
200;1741084855919
200;1741084860908
200;1741084860918
200;1741084860925
200;1741084865944
200;1741084868310
200;1741084868666
200;1741084870878
200;1741084870889
200;1741084870979
200;1741084875912
200;1741084875969
200;1741084878186
200;1741084880907
200;1741084880917
200;1741084880932
200;1741084885882
200;1741084885958
200;1741084886023
200;1741084890924
200;1741084890934
200;1741084890951
200;1741084895910
200;1741084895921
200;1741084895956
200;1741084900903
200;1741084900916
200;1741084901013
200;1741084905896
200;1741084905938
200;1741084905950
200;1741084910911
200;1741084910919
200;1741084911033
200;1741084915866
200;1741084915909
200;1741084915921
200;1741084920955
200;1741084920961
200;1741084921061
200;1741084925961
200;1741084925972
200;1741084926006
200;1741084930876
200;1741084930928
200;1741084930938
200;1741084935896
200;1741084938743
200;1741084938757
200;1741084940865
200;1741084940909
200;1741084940918
200;1741084945868
200;1741084945910
200;1741084945921
200;1741084950928
200;1741084950940
200;1741084950954
200;1741084955885
200;1741084955894
200;1741084955931
200;1741084960870
200;1741084960879
200;1741084960913
200;1741084965984
200;1741084966140
200;1741084966187
200;1741084970861
200;1741084970882
200;1741084971046
200;1741084975882
200;1741084975891
200;1741084975957
200;1741084980930
200;1741084980941
200;1741084980959
200;1741084985866
200;1741084985923
200;1741084985933
200;1741084990886
200;1741084990897
200;1741084991088
200;1741084995885
200;1741084995935
200;1741084995970
200;1741085000902
200;1741085000914
200;1741085000988
200;1741085005982
200;1741085005992
200;1741085006046
200;1741085010910
200;1741085010920
200;1741085010927
200;1741085015884
200;1741085015892
200;1741085016044
200;1741085020900
200;1741085020909
200;1741085021037
200;1741085025896
200;1741085025903
200;1741085025980
200;1741085030871
200;1741085030943
200;1741085030950
200;1741085035878
200;1741085035886
200;1741085036015
200;1741085040935
200;1741085040941
200;1741085041002
200;1741085045953
200;1741085045967
200;1741085046001
200;1741085050966
200;1741085050974
200;1741085053728
200;1741085055888
200;1741085055899
200;1741085055950
200;1741085060902
200;1741085060909
200;1741085060980
200;1741085065921
200;1741085065929
200;1741085065994
200;1741085070996
200;1741085071036
200;1741085073696
200;1741085075929
200;1741085075939
200;1741085076038
200;1741085080866
200;1741085080957
200;1741085080967
200;1741085085866
200;1741085085908
200;1741085085917
200;1741085090927
200;1741085090934
200;1741085090992
200;1741085095876
200;1741085095923
200;1741085095932
200;1741085100915
200;1741085100927
200;1741085101023
200;1741085105884
200;1741085105890
200;1741085105922
200;1741085110899
200;1741085110907
200;1741085110912
200;1741085115990
200;1741085116029
200;1741085116054
200;1741085120916
200;1741085120922
200;1741085120929
200;1741085125918
200;1741085125928
200;1741085125962
200;1741085130909
200;1741085130919
200;1741085130926
200;1741085135975
200;1741085136021
200;1741085136060
200;1741085140917
200;1741085140928
200;1741085140943
200;1741085145935
200;1741085145945
200;1741085146092
200;1741085150934
200;1741085150947
200;1741085150956
200;1741085155872
200;1741085155921
200;1741085155957
200;1741085160917
200;1741085160928
200;1741085160934
200;1741085165918
200;1741085165929
200;1741085166036
200;1741085170872
200;1741085170971
200;1741085171049
200;1741085175888
200;1741085175899
200;1741085175934
200;1741085180962
200;1741085180973
200;1741085181076
200;1741085185937
200;1741085185947
200;1741085186034
200;1741085190882
200;1741085190993
200;1741085191013
200;1741085195868
200;1741085195915
200;1741085195944
200;1741085200985
200;1741085201062
200;1741085201088
200;1741085205881
200;1741085205987
200;1741085206014
200;1741085210889
200;1741085210957
200;1741085210966
200;1741085215866
200;1741085215993
200;1741085216004
200;1741085220876
200;1741085220888
200;1741085220942
200;1741085225875
200;1741085225909
200;1741085225918
200;1741085230934
200;1741085230941
200;1741085231053
200;1741085235883
200;1741085235892
200;1741085235978
200;1741085240877
200;1741085240950
200;1741085240963
200;1741085245961
200;1741085245973
200;1741085245981
200;1741085250913
200;1741085250955
200;1741085250964
200;1741085255874
200;1741085255983
200;1741085255989
200;1741085260889
200;1741085260898
200;1741085260939
200;1741085265909
200;1741085265920
200;1741085266029
200;1741085270859
200;1741085270929
200;1741085270941
200;1741085275868
200;1741085275950
200;1741085275962
200;1741085280913
200;1741085280926
200;1741085280932
200;1741085285899
200;1741085285952
200;1741085286053
200;1741085290912
200;1741085290922
200;1741085290957
200;1741085295869
200;1741085295981
200;1741085295993
200;1741085300874
200;1741085300939
200;1741085301057
200;1741085305906
200;1741085305920
200;1741085306018
200;1741085310868
200;1741085310949
200;1741085310958
200;1741085315927
200;1741085315937
200;1741085315974
200;1741085320902
200;1741085320915
200;1741085321044
200;1741085325945
200;1741085325955
200;1741085326009
200;1741085330871
200;1741085330883
200;1741085330915
200;1741085335868
200;1741085335944
200;1741085335954
200;1741085340873
200;1741085340956
200;1741085340961
200;1741085345924
200;1741085345985
200;1741085346213
200;1741085350926
200;1741085350933
200;1741085350956
200;1741085355875
200;1741085355885
200;1741085355940
200;1741085360905
200;1741085360916
200;1741085360923
200;1741085365885
200;1741085365896
200;1741085365933
200;1741085370896
200;1741085370923
200;1741085370970
200;1741085376064
200;1741085376166
200;1741085378197
200;1741085380984
200;1741085381050
200;1741085381120
200;1741085385973
200;1741085385987
100;1741085390916
100;1741085390959
100;1741085395879
200;1741085395890
200;1741085395978
200;1741085396020
200;1741085400871
200;1741085400912
200;1741085400922
200;1741085405877
200;1741085405966
200;1741085405975
200;1741085410882
200;1741085410965
200;1741085410973
200;1741085415978
200;1741085415988
200;1741085418414
200;1741085420909
200;1741085420919
200;1741085420925
200;1741085425903
200;1741085425910
200;1741085425967
200;1741085430931
200;1741085430941
200;1741085431027
200;1741085435957
200;1741085435967
200;1741085435995
200;1741085440891
200;1741085440902
200;1741085441017
200;1741085445897
200;1741085445908
200;1741085445983
200;1741085450921
200;1741085450949
200;1741085450956
200;1741085455898
200;1741085455930
200;1741085458301
200;1741085460885
200;1741085460922
200;1741085461005
200;1741085465908
200;1741085465917
200;1741085465924
200;1741085470867
200;1741085470878
200;1741085470903
200;1741085475917
200;1741085475928
200;1741085475995
200;1741085480866
200;1741085480933
200;1741085480943
200;1741085485868
200;1741085485877
200;1741085485960
200;1741085490918
200;1741085490927
200;1741085490957
200;1741085495860
200;1741085495901
200;1741085498354
200;1741085502974
200;1741085503098
200;1741085505573
200;1741085505908
200;1741085505916
200;1741085505942
200;1741085510885
200;1741085510896
200;1741085510970
200;1741085515982
200;1741085516060
200;1741085516136
200;1741085520880
200;1741085520925
200;1741085520935
200;1741085525912
200;1741085525920
200;1741085525926
200;1741085530866
200;1741085530958
200;1741085530975
200;1741085535896
200;1741085535996
200;1741085538649
200;1741085540899
200;1741085540910
200;1741085540948
200;1741085545877
200;1741085545936
200;1741085545950
200;1741085550877
200;1741085550940
200;1741085550985
200;1741085555895
200;1741085555943
200;1741085556000
200;1741085560875
200;1741085560887
200;1741085561048
200;1741085565984
200;1741085566060
200;1741085566075
200;1741085570912
200;1741085570922
200;1741085571009
200;1741085575866
200;1741085575908
200;1741085575918
200;1741085580960
200;1741085580969
200;1741085581000
200;1741085585867
200;1741085585942
200;1741085585954
200;1741085590871
200;1741085590937
200;1741085590946
200;1741085595870
200;1741085595925
200;1741085595936
200;1741085600894
200;1741085600926
200;1741085600941
200;1741085605876
200;1741085605887
200;1741085605998
200;1741085610904
200;1741085610963
200;1741085611057
200;1741085615908
200;1741085615919
200;1741085615932
200;1741085620956
200;1741085621135
200;1741085623753
200;1741085625870
200;1741085625912
200;1741085625923
200;1741085630939
200;1741085630948
200;1741085630982
200;1741085635870
200;1741085635923
200;1741085635932
200;1741085640904
200;1741085640912
200;1741085640990
200;1741085645878
200;1741085645951
200;1741085645959
200;1741085650896
200;1741085650906
200;1741085650973
200;1741085655921
200;1741085655929
200;1741085655978
200;1741085660984
200;1741085661051
200;1741085661086
200;1741085665875
200;1741085665886
200;1741085666152
200;1741085670866
200;1741085670941
200;1741085670949
200;1741085675952
200;1741085675958
200;1741085675980
200;1741085680985
200;1741085680995
200;1741085681002
200;1741085685872
200;1741085685907
200;1741085685915
200;1741085690905
200;1741085690916
200;1741085690971
200;1741085695865
200;1741085695908
200;1741085695916
200;1741085700876
200;1741085700924
200;1741085700933
200;1741085705929
200;1741085705938
200;1741085706004
200;1741085710910
200;1741085710917
200;1741085710960
200;1741085715923
200;1741085715935
200;1741085716001
200;1741085720899
200;1741085720909
200;1741085720977
200;1741085725968
200;1741085725979
200;1741085728662
200;1741085730893
200;1741085730905
200;1741085730981
200;1741085735916
200;1741085735925
200;1741085735977
200;1741085740866
200;1741085740908
200;1741085740917
200;1741085745909
200;1741085745919
200;1741085745925
200;1741085750905
200;1741085750916
200;1741085751093
200;1741085755866
200;1741085755927
200;1741085755934
200;1741085760864
200;1741085760909
200;1741085760920
200;1741085765934
200;1741085765944
200;1741085765956
200;1741085770856
200;1741085770931
200;1741085771128
200;1741085775874
200;1741085775949
200;1741085775959
200;1741085780908
200;1741085780918
200;1741085781005
200;1741085785935
200;1741085785977
200;1741085788449
200;1741085790906
200;1741085790966
200;1741085792949
200;1741085795951
200;1741085795962
200;1741085795995
200;1741085800862
200;1741085800940
200;1741085801170
200;1741085805975
200;1741085805982
200;1741085806076
200;1741085810925
200;1741085810935
200;1741085810942
200;1741085815889
200;1741085815937
200;1741085816034
200;1741085820925
200;1741085820936
200;1741085820964
200;1741085825907
200;1741085825940
200;1741085825965
200;1741085830874
200;1741085830915
200;1741085830924
200;1741085835874
200;1741085835887
200;1741085835990
200;1741085840905
200;1741085840918
200;1741085843274
200;1741085845871
200;1741085845906
200;1741085845945
200;1741085850907
200;1741085850926
200;1741085850936
200;1741085855912
200;1741085855921
200;1741085856010
200;1741085860870
200;1741085860922
200;1741085860928
200;1741085865917
200;1741085865927
200;1741085865934
200;1741085870877
200;1741085870944
200;1741085870951
200;1741085875877
200;1741085875921
200;1741085875932
200;1741085880879
200;1741085880978
200;1741085881046
200;1741085885854
200;1741085885969
200;1741085886048
200;1741085890897
200;1741085893848
200;1741085893860
200;1741085895913
200;1741085895923
200;1741085895964
200;1741085900872
200;1741085900916
200;1741085900925
200;1741085905909
200;1741085905920
200;1741085906185
200;1741085910941
200;1741085910950
200;1741085910995
200;1741085915868
200;1741085915936
200;1741085916055
200;1741085920884
200;1741085920894
200;1741085921009
200;1741085925896
200;1741085925907
200;1741085925983
200;1741085930866
200;1741085930958
200;1741085930965
200;1741085935935
200;1741085935943
200;1741085936030
200;1741085940917
200;1741085940968
200;1741085940975
200;1741085945866
200;1741085945937
200;1741085945945
200;1741085950869
200;1741085950881
200;1741085950953
200;1741085955914
200;1741085955925
200;1741085955932
200;1741085960899
200;1741085960911
200;1741085960947
200;1741085965869
200;1741085965929
200;1741085965969
200;1741085970959
200;1741085970967
200;1741085971102
200;1741085975973
200;1741085975984
200;1741085976124
200;1741085980913
200;1741085980923
200;1741085980934
200;1741085985868
200;1741085985917
200;1741085985925
200;1741085990885
200;1741085990896
200;1741085990941
200;1741085995933
200;1741085995945
200;1741085996046
200;1741086000913
200;1741086000925
200;1741086000959
200;1741086005869
200;1741086005877
200;1741086005981
200;1741086010915
200;1741086010955
200;1741086010964
200;1741086015911
200;1741086015918
200;1741086016088
200;1741086020905
200;1741086020914
200;1741086020953
200;1741086025955
200;1741086025962
200;1741086026100
200;1741086030891
200;1741086030923
200;1741086033113
200;1741086035888
200;1741086035942
200;1741086035986
200;1741086040874
200;1741086040953
200;1741086040960
200;1741086045915
200;1741086045923
200;1741086045929
200;1741086050929
200;1741086050938
200;1741086051000
200;1741086055896
200;1741086055903
200;1741086056004
200;1741086060873
200;1741086060921
200;1741086060964
200;1741086065865
200;1741086065909
200;1741086065917
200;1741086070913
200;1741086070923
200;1741086070955
200;1741086075870
200;1741086075880
200;1741086075955
200;1741086080931
200;1741086080938
200;1741086080982
200;1741086085924
200;1741086085933
200;1741086085962
200;1741086090924
200;1741086090932
200;1741086090974
200;1741086095909
200;1741086095946
200;1741086095951
200;1741086100871
200;1741086100963
200;1741086100970
200;1741086105856
200;1741086105903
200;1741086107887
200;1741086110865
200;1741086110908
200;1741086110919
200;1741086115904
200;1741086115956
200;1741086116043
200;1741086120929
200;1741086120935
200;1741086121016
200;1741086125884
200;1741086125895
200;1741086125918
200;1741086130866
200;1741086130943
200;1741086130949
200;1741086135869
200;1741086135926
200;1741086135932
200;1741086140907
200;1741086140935
200;1741086140940
200;1741086145898
200;1741086145939
200;1741086146060
200;1741086150907
200;1741086150959
200;1741086150965
200;1741086155924
200;1741086155939
200;1741086155998
200;1741086160939
200;1741086160948
200;1741086160979
200;1741086165972
200;1741086165980
200;1741086165985
200;1741086170929
200;1741086170983
200;1741086171045
200;1741086175917
200;1741086175926
200;1741086175954
200;1741086180875
200;1741086181001
200;1741086181007
200;1741086185878
200;1741086185951
200;1741086185958
200;1741086190916
200;1741086190980
200;1741086191053
200;1741086195916
200;1741086195923
200;1741086195981
200;1741086200974
200;1741086200982
200;1741086201105
200;1741086205922
200;1741086205927
200;1741086207893
200;1741086210865
200;1741086210936
200;1741086210980
200;1741086215900
200;1741086215908
200;1741086216004
200;1741086220864
200;1741086220901
200;1741086220907
200;1741086225895
200;1741086225904
200;1741086226039
200;1741086230899
200;1741086230929
200;1741086230946
200;1741086235881
200;1741086235933
200;1741086235941
200;1741086240894
200;1741086240904
200;1741086241044
200;1741086245914
200;1741086245922
200;1741086246043
200;1741086250871
200;1741086250931
200;1741086250938
200;1741086255899
200;1741086255975
200;1741086256371
200;1741086260907
200;1741086260915
200;1741086260934
200;1741086265871
200;1741086265960
200;1741086265968
200;1741086270927
200;1741086270936
200;1741086271006
200;1741086275912
200;1741086275922
200;1741086275969
200;1741086280888
200;1741086280898
200;1741086280992
200;1741086285861
200;1741086285948
200;1741086285957
200;1741086290910
200;1741086291016
200;1741086293156
200;1741086295911
200;1741086296022
200;1741086296215
200;1741086300965
200;1741086300974
200;1741086301016
200;1741086305865
200;1741086305897
200;1741086308248
200;1741086310960
200;1741086310968
200;1741086311015
200;1741086315875
200;1741086315951
200;1741086315957
200;1741086320913
200;1741086320924
200;1741086320955
200;1741086325942
200;1741086325950
200;1741086326004
200;1741086330887
200;1741086330900
200;1741086331131
200;1741086335984
200;1741086336136
200;1741086336177
200;1741086340920
200;1741086340930
200;1741086340937
200;1741086345904
200;1741086345914
200;1741086346009
200;1741086350885
200;1741086350897
200;1741086350965
200;1741086355872
200;1741086355925
200;1741086355932
200;1741086360963
200;1741086360973
200;1741086361130
200;1741086365993
200;1741086366000
200;1741086368685
200;1741086370866
200;1741086370933
200;1741086370944
200;1741086375882
200;1741086375942
200;1741086375947
200;1741086380883
200;1741086380930
200;1741086380993
200;1741086386005
200;1741086388120
200;1741086388585
200;1741086390916
200;1741086390926
200;1741086393593
200;1741086395917
200;1741086395928
200;1741086395969
200;1741086400913
200;1741086400923
200;1741086400930
200;1741086405872
200;1741086405883
200;1741086405940
200;1741086410891
200;1741086410924
200;1741086410933
200;1741086415911
200;1741086415917
200;1741086416011
200;1741086420867
200;1741086420932
200;1741086420943
200;1741086425872
200;1741086425883
200;1741086425976
200;1741086430924
200;1741086430931
200;1741086430948
200;1741086435898
200;1741086435907
200;1741086435976
200;1741086440917
200;1741086441033
200;1741086443785
200;1741086445909
200;1741086445920
200;1741086445928
200;1741086450921
200;1741086450972
200;1741086450980
200;1741086455870
200;1741086455902
200;1741086455910
200;1741086460871
200;1741086460907
200;1741086460914
200;1741086465921
200;1741086465929
200;1741086465967
200;1741086470917
200;1741086470926
200;1741086470931
200;1741086475856
200;1741086475899
200;1741086475942
200;1741086480934
200;1741086480944
200;1741086481122
200;1741086485868
200;1741086485880
200;1741086485987
200;1741086490911
200;1741086490971
100;1741086495921
100;1741086495933
100;1741086500902
200;1741086500919
200;1741086500989
200;1741086501001
200;1741086505918
200;1741086505929
200;1741086505937
200;1741086510922
200;1741086510952
200;1741086510958
200;1741086515873
200;1741086518513
200;1741086520922
200;1741086520932
200;1741086520941
200;1741086525868
200;1741086525967
200;1741086525977
200;1741086530872
200;1741086530914
200;1741086530925
200;1741086535865
200;1741086535974
200;1741086535984
200;1741086540934
200;1741086540945
200;1741086540994
200;1741086545865
200;1741086545995
200;1741086546001
200;1741086550909
200;1741086550957
200;1741086550964
200;1741086555918
200;1741086555962
200;1741086555969
200;1741086560874
200;1741086560908
200;1741086560916
200;1741086565964
200;1741086565974
200;1741086565980
200;1741086570926
200;1741086570936
200;1741086570943
200;1741086575915
200;1741086575921
200;1741086578506
200;1741086580900
200;1741086580911
200;1741086580958
200;1741086585908
200;1741086585917
200;1741086585924
200;1741086590993
200;1741086591003
200;1741086591011
200;1741086595970
200;1741086595980
200;1741086596036
200;1741086600869
200;1741086600879
200;1741086600950
200;1741086605899
200;1741086605908
200;1741086605937
200;1741086610868
200;1741086610876
200;1741086610979
200;1741086615918
200;1741086615925
200;1741086615990
200;1741086620875
200;1741086620919
200;1741086620929
200;1741086625935
200;1741086625946
200;1741086625964
200;1741086630871
200;1741086630881
200;1741086630916
200;1741086635918
200;1741086635931
200;1741086636071
200;1741086640865
200;1741086640978
200;1741086640990
200;1741086645877
200;1741086645935
200;1741086645946
200;1741086650915
200;1741086650926
200;1741086650946
200;1741086655876
200;1741086655999
200;1741086656010
200;1741086660921
200;1741086660933
200;1741086660989
200;1741086665917
200;1741086665927
200;1741086666027
200;1741086670931
200;1741086670940
200;1741086671065
200;1741086675874
200;1741086675888
200;1741086675928
200;1741086680980
200;1741086681049
200;1741086681077
200;1741086685933
200;1741086685940
200;1741086686017
200;1741086690874
200;1741086690882
200;1741086690926
200;1741086695933
200;1741086695942
200;1741086695982
200;1741086700893
200;1741086700907
200;1741086700983
200;1741086705922
200;1741086705931
200;1741086705938
200;1741086710934
200;1741086710946
200;1741086711010
200;1741086715870
200;1741086715915
200;1741086715927
200;1741086720879
200;1741086720889
200;1741086720961
200;1741086725910
200;1741086725920
200;1741086725954
200;1741086730957
200;1741086730968
200;1741086731058
200;1741086735985
200;1741086736049
200;1741086736113
200;1741086740906
200;1741086740921
200;1741086740929
200;1741086745922
200;1741086745932
200;1741086746132
200;1741086750906
200;1741086750915
200;1741086750922
200;1741086755885
200;1741086755891
200;1741086756028
200;1741086760907
200;1741086760918
200;1741086760929
200;1741086765929
200;1741086768520
200;1741086768822
200;1741086770888
200;1741086770897
200;1741086770926
200;1741086775906
200;1741086775986
200;1741086778898
200;1741086780923
200;1741086780945
200;1741086782939
200;1741086785894
200;1741086785903
200;1741086786061
200;1741086790869
200;1741086790958
200;1741086790966
200;1741086795896
200;1741086795942
200;1741086798287
200;1741086800935
200;1741086800942
200;1741086800946
200;1741086805914
200;1741086805921
200;1741086805941
200;1741086810987
200;1741086810996
200;1741086813811
200;1741086815907
200;1741086815915
200;1741086816026
200;1741086820963
200;1741086820971
200;1741086825983
200;1741086825991
200;1741086825997
200;1741086830868
200;1741086830880
200;1741086830937
200;1741086835875
200;1741086835907
200;1741086835916
200;1741086840906
200;1741086840918
200;1741086841040
200;1741086845896
200;1741086845969
200;1741086846062
200;1741086850907
200;1741086850915
200;1741086850964
200;1741086855892
200;1741086855904
200;1741086855939
200;1741086860900
200;1741086860911
200;1741086860919
200;1741086865865
200;1741086865946
200;1741086865951
200;1741086870935
200;1741086870944
200;1741086870965
200;1741086877116
200;1741086877199
200;1741086877235
200;1741086880874
200;1741086880958
200;1741086880969
200;1741086885879
200;1741086885971
200;1741086885977
200;1741086890897
200;1741086890905
200;1741086890935
200;1741086895871
200;1741086895925
200;1741086895934
200;1741086900870
200;1741086900924
200;1741086900932
200;1741086905865
200;1741086905959
200;1741086905970
200;1741086910894
200;1741086910904
200;1741086911023
200;1741086915871
200;1741086915896
200;1741086915905
200;1741086920873
200;1741086920884
200;1741086920966
200;1741086925876
200;1741086925974
200;1741086926038
200;1741086931009
200;1741086931111
200;1741086933601
200;1741086935867
200;1741086935959
200;1741086935997
200;1741086940873
200;1741086940929
200;1741086940936
200;1741086945867
200;1741086945960
200;1741086945970
200;1741086950922
200;1741086950933
200;1741086950963
200;1741086955915
200;1741086955921
200;1741086955967
200;1741086960917
200;1741086960929
200;1741086960966
200;1741086965976
200;1741086966215
200;1741086966245
200;1741086970869
200;1741086970910
200;1741086970920
200;1741086975975
200;1741086975986
200;1741086975993
200;1741086980895
200;1741086980908
200;1741086981018
200;1741086985964
200;1741086985975
200;1741086985982
200;1741086990866
200;1741086990927
200;1741086990960
200;1741086995937
200;1741086995945
200;1741086995989
200;1741087000877
200;1741087000917
200;1741087000922
200;1741087005871
200;1741087005883
200;1741087005953
200;1741087010866
200;1741087010906
200;1741087010914
200;1741087015867
200;1741087015897
200;1741087015910
200;1741087020891
200;1741087020904
200;1741087023767
200;1741087025974
200;1741087025983
200;1741087026052
200;1741087030891
200;1741087030900
200;1741087031128
200;1741087035936
200;1741087035946
200;1741087035952
200;1741087040855
200;1741087040894
200;1741087040989
200;1741087045931
200;1741087045938
200;1741087046047
200;1741087050915
200;1741087050923
200;1741087050929
200;1741087055869
200;1741087055966
200;1741087055991
200;1741087060903
200;1741087060912
200;1741087060935
200;1741087065898
200;1741087065908
200;1741087066074
200;1741087070907
200;1741087070942
200;1741087073163
200;1741087075911
200;1741087075940
200;1741087075945
200;1741087081013
200;1741087081019
200;1741087083802
200;1741087085987
200;1741087085995
200;1741087086068
200;1741087090926
200;1741087091003
100;1741087095938
100;1741087096010
100;1741087100872
200;1741087100882
200;1741087100974
200;1741087100982
200;1741087105898
200;1741087105932
200;1741087106011
200;1741087110905
200;1741087110912
200;1741087110938
200;1741087115877
200;1741087115943
200;1741087116169
200;1741087120914
200;1741087120925
200;1741087123190
200;1741087125877
200;1741087125938
200;1741087125948
200;1741087130903
200;1741087130914
200;1741087130943
200;1741087135916
200;1741087135926
200;1741087135930
200;1741087140953
200;1741087140963
200;1741087141012
200;1741087145866
200;1741087145900
200;1741087145909
200;1741087150867
200;1741087150918
200;1741087150926
200;1741087155873
200;1741087155910
200;1741087155920
200;1741087160912
200;1741087160921
200;1741087160929
200;1741087165936
200;1741087165946
200;1741087165978
200;1741087170912
200;1741087170921
200;1741087170927
200;1741087175907
200;1741087175917
200;1741087175924
200;1741087180869
200;1741087180880
200;1741087180949
200;1741087185910
200;1741087185921
200;1741087186099
200;1741087190982
200;1741087191009
200;1741087191068
200;1741087195936
200;1741087195946
200;1741087195953
200;1741087200971
200;1741087200982
200;1741087203772
200;1741087205936
200;1741087205945
200;1741087206045
200;1741087210944
200;1741087210954
200;1741087210960
200;1741087215889
200;1741087215899
200;1741087216096
200;1741087220983
200;1741087221038
200;1741087221080
200;1741087225939
200;1741087225946
200;1741087225996
200;1741087230970
200;1741087231032
200;1741087233672
200;1741087235937
200;1741087235947
200;1741087235962
200;1741087240870
200;1741087240911
200;1741087240919
200;1741087245944
200;1741087245956
200;1741087245967
200;1741087250876
200;1741087250914
200;1741087250953
200;1741087255878
200;1741087255912
200;1741087255922
200;1741087260907
200;1741087260917
200;1741087260997
200;1741087265949
200;1741087265960
200;1741087265989
200;1741087270920
200;1741087270930
200;1741087270936
200;1741087275877
200;1741087275887
200;1741087275919
200;1741087280874
200;1741087280922
200;1741087280933
200;1741087285865
200;1741087285915
200;1741087285921
200;1741087290903
200;1741087290913
200;1741087291049
200;1741087295868
200;1741087295916
200;1741087295922
200;1741087300870
200;1741087300912
200;1741087300921
200;1741087305928
200;1741087305936
200;1741087306007
200;1741087310915
200;1741087310924
200;1741087311009
200;1741087315876
200;1741087315947
200;1741087318601
200;1741087320873
200;1741087320930
200;1741087320943
200;1741087325871
200;1741087325919
200;1741087326099
200;1741087330873
200;1741087330947
200;1741087331033
200;1741087335877
200;1741087335886
200;1741087336121
200;1741087340939
200;1741087340946
200;1741087341020
200;1741087345877
200;1741087345956
200;1741087348759
200;1741087350912
200;1741087350935
200;1741087350940
200;1741087355869
200;1741087355941
200;1741087356069
200;1741087360873
200;1741087360924
200;1741087361050
200;1741087365859
200;1741087366121
200;1741087367935
200;1741087370909
200;1741087370920
200;1741087370973
200;1741087375873
200;1741087375884
200;1741087375924
200;1741087380908
200;1741087380956
200;1741087380965
200;1741087385909
200;1741087385918
200;1741087385925
200;1741087390968
200;1741087390979
200;1741087391029
200;1741087395866
200;1741087395910
200;1741087395920
200;1741087400869
200;1741087400879
200;1741087400901
200;1741087405914
200;1741087405924
200;1741087405930
200;1741087410887
200;1741087410952
200;1741087413253
200;1741087415905
200;1741087415964
200;1741087415971
200;1741087420872
200;1741087420882
200;1741087420940
200;1741087425945
200;1741087425955
200;1741087425993
200;1741087430933
200;1741087430994
200;1741087431043
200;1741087435881
200;1741087435890
200;1741087436001
200;1741087440877
200;1741087440972
200;1741087440981
200;1741087445877
200;1741087445929
200;1741087445938
200;1741087450896
200;1741087450948
200;1741087451059
200;1741087455871
200;1741087455943
200;1741087455997
200;1741087460873
200;1741087460883
200;1741087460973
200;1741087465973
200;1741087465984
200;1741087466111
200;1741087470909
200;1741087470919
200;1741087471019
200;1741087475868
200;1741087475880
200;1741087475994
200;1741087480871
200;1741087480912
200;1741087480921
200;1741087485918
200;1741087485928
200;1741087485981
200;1741087490877
200;1741087490950
200;1741087490959
200;1741087495900
200;1741087496047
200;1741087498785
200;1741087500970
200;1741087500979
200;1741087501158
200;1741087505866
200;1741087505908
200;1741087505918
200;1741087510960
200;1741087510969
200;1741087511074
200;1741087515879
200;1741087515903
200;1741087516428
200;1741087520868
200;1741087520954
200;1741087520962
200;1741087525949
200;1741087525960
200;1741087526027
200;1741087530879
200;1741087530890
200;1741087530969
200;1741087535941
200;1741087535953
200;1741087535961
200;1741087540877
200;1741087540998
200;1741087542924
200;1741087545910
200;1741087545921
200;1741087545934
200;1741087550878
200;1741087550921
200;1741087550933
200;1741087555933
200;1741087555943
200;1741087555984
200;1741087560900
200;1741087560945
200;1741087560956
200;1741087565853
200;1741087565937
200;1741087565963
200;1741087570928
200;1741087570935
200;1741087571012
200;1741087575866
200;1741087575949
200;1741087575958
200;1741087580918
200;1741087580926
200;1741087581074
200;1741087585908
200;1741087585917
200;1741087585924
200;1741087590870
200;1741087590921
200;1741087590954
200;1741087595881
200;1741087595897
200;1741087596004
200;1741087600902
200;1741087600991
200;1741087601193
200;1741087605918
200;1741087605931
200;1741087605936
200;1741087610885
200;1741087610956
200;1741087610994
200;1741087615866
200;1741087615942
200;1741087615950
200;1741087620921
200;1741087620930
200;1741087620937
200;1741087625906
200;1741087625917
200;1741087625924
200;1741087630866
200;1741087630973
200;1741087630984
200;1741087635946
200;1741087635957
200;1741087636022
200;1741087640874
200;1741087640979
200;1741087640990
200;1741087645989
200;1741087646000
200;1741087649032
200;1741087650961
200;1741087653539
200;1741087655896
200;1741087655902
200;1741087660877
200;1741087660913
200;1741087663236
200;1741087665913
200;1741087665949
200;1741087665969
200;1741087670919
200;1741087670931
200;1741087673573
200;1741087675982
200;1741087676078
200;1741087676124
200;1741087680858
200;1741087681153
200;1741087683686
200;1741087685993
200;1741087686095
200;1741087688922
200;1741087690880
200;1741087690949
200;1741087690958
200;1741087695865
200;1741087695909
200;1741087695921
200;1741087700908
200;1741087700917
200;1741087701019
200;1741087705913
200;1741087705998
200;1741087706011
200;1741087711001
200;1741087711011
200;1741087713574
200;1741087715913
200;1741087715925
200;1741087715985
200;1741087720925
200;1741087720934
200;1741087720941
200;1741087725908
200;1741087725917
200;1741087725938
200;1741087730879
200;1741087730968
200;1741087730976
200;1741087735899
200;1741087738552
200;1741087738733
200;1741087740928
200;1741087740940
200;1741087741023
200;1741087745971
200;1741087746162
200;1741087748526
200;1741087750984
200;1741087750995
200;1741087751015
200;1741087755865
200;1741087755909
200;1741087755919
200;1741087760873
200;1741087760965
200;1741087760974
200;1741087765873
200;1741087765882
200;1741087765993
200;1741087770883
200;1741087770935
200;1741087771095
200;1741087775936
200;1741087775973
200;1741087776059
200;1741087780942
200;1741087781058
200;1741087783598
200;1741087785905
200;1741087786010
200;1741087788723
200;1741087790891
200;1741087790940
200;1741087791018
200;1741087795905
200;1741087795915
200;1741087795995
200;1741087800917
200;1741087801001
200;1741087801010
200;1741087805918
200;1741087806002
200;1741087806013
200;1741087810859
200;1741087810904
200;1741087810958
200;1741087815873
200;1741087815883
200;1741087816020
200;1741087820984
200;1741087820994
200;1741087821054
200;1741087825910
200;1741087825920
200;1741087825960
200;1741087830870
200;1741087830938
200;1741087831035
200;1741087835876
200;1741087835933
200;1741087835945
200;1741087840878
200;1741087840906
200;1741087840918
200;1741087845908
200;1741087845919
200;1741087846122
200;1741087850910
200;1741087850918
200;1741087850930
200;1741087855874
200;1741087855966
200;1741087855978
200;1741087860882
200;1741087860891
200;1741087860985
200;1741087865913
200;1741087865920
200;1741087865940
200;1741087870952
200;1741087870976
200;1741087873561
200;1741087875918
200;1741087875927
200;1741087876072
200;1741087880886
200;1741087880981
200;1741087881160
200;1741087885971
200;1741087885981
200;1741087888764
200;1741087890865
200;1741087890973
200;1741087890982
200;1741087895942
200;1741087895950
200;1741087895962
200;1741087900910
200;1741087900961
200;1741087901049
200;1741087905983
200;1741087905991
200;1741087908523
200;1741087910911
200;1741087910919
200;1741087913463
200;1741087915877
200;1741087915957
200;1741087915968
200;1741087920881
200;1741087920970
200;1741087920980
200;1741087925861
200;1741087925925
200;1741087926034
200;1741087930910
200;1741087930923
200;1741087931013
200;1741087935866
200;1741087935925
200;1741087935934
200;1741087940934
200;1741087940944
200;1741087940992
200;1741087945866
200;1741087945913
200;1741087945924
200;1741087950866
200;1741087950895
200;1741087950961
200;1741087955887
200;1741087955917
200;1741087955994
200;1741087960868
200;1741087960879
200;1741087960920
200;1741087965890
200;1741087965899
200;1741087965965
200;1741087970890
200;1741087970971
200;1741087971022
200;1741087975910
200;1741087975918
200;1741087975924
200;1741087980871
200;1741087980915
200;1741087980923
200;1741087985914
200;1741087985924
200;1741087986041
200;1741087990890
200;1741087990957
200;1741087990963
200;1741087995934
200;1741087996010
200;1741087998627
200;1741088000949
200;1741088000957
200;1741088001073
200;1741088005886
200;1741088005987
200;1741088006090
200;1741088010929
200;1741088010937
200;1741088011046
200;1741088015940
200;1741088015947
200;1741088015975
200;1741088020877
200;1741088020927
200;1741088020936
200;1741088025917
200;1741088025925
200;1741088026002
200;1741088030878
200;1741088030923
200;1741088030933
200;1741088035926
200;1741088035973
200;1741088035985
200;1741088040881
200;1741088040922
200;1741088040933
200;1741088045928
200;1741088045934
200;1741088046001
200;1741088050865
200;1741088050955
200;1741088050962
200;1741088055868
200;1741088055917
200;1741088055924
200;1741088060922
200;1741088060933
200;1741088060989
200;1741088065925
200;1741088065937
200;1741088066090
200;1741088070901
200;1741088070910
200;1741088070915
200;1741088075868
200;1741088075879
200;1741088075921
200;1741088080915
200;1741088080922
200;1741088080957
200;1741088085947
200;1741088085954
200;1741088085981
200;1741088091014
200;1741088091025
200;1741088091110
200;1741088095897
200;1741088096271
200;1741088098482
200;1741088100911
200;1741088100916
200;1741088100925
200;1741088105870
200;1741088105962
200;1741088105972
200;1741088110910
200;1741088110919
200;1741088113854
200;1741088115937
200;1741088115948
200;1741088115982
200;1741088120870
200;1741088120937
200;1741088120944
200;1741088125874
200;1741088125884
200;1741088125961
200;1741088130892
200;1741088130902
200;1741088130936
200;1741088135907
200;1741088135917
200;1741088138582
200;1741088140877
200;1741088140939
200;1741088140952
200;1741088145962
200;1741088145975
200;1741088148645
200;1741088150872
200;1741088150914
200;1741088150926
200;1741088155910
200;1741088155973
200;1741088156181
200;1741088160908
200;1741088160919
200;1741088161031
200;1741088165866
200;1741088165955
200;1741088165965
200;1741088170910
200;1741088170921
200;1741088170985
200;1741088175923
200;1741088175989
200;1741088176153
200;1741088180872
200;1741088180881
200;1741088180962
200;1741088185880
200;1741088185914
200;1741088185924
200;1741088190932
200;1741088190938
200;1741088190953
200;1741088195910
200;1741088195920
200;1741088196001
200;1741088200865
200;1741088200909
200;1741088200920
200;1741088205872
200;1741088205882
200;1741088206271
200;1741088210904
200;1741088211012
200;1741088211076
200;1741088215899
200;1741088215914
200;1741088215983
200;1741088220866
200;1741088220972
200;1741088223521
200;1741088225970
200;1741088225980
200;1741088226089
200;1741088230876
200;1741088230950
200;1741088230959
200;1741088235943
200;1741088235949
200;1741088236096
200;1741088240917
200;1741088240933
200;1741088240939
200;1741088245867
200;1741088245909
200;1741088245919
200;1741088251091
200;1741088251137
200;1741088251218
200;1741088255896
200;1741088255905
200;1741088255999
200;1741088260913
200;1741088260928
200;1741088260936
200;1741088265915
200;1741088265927
200;1741088265933
200;1741088270898
200;1741088270905
200;1741088271023
200;1741088275917
200;1741088275989
200;1741088276016
200;1741088280899
200;1741088280908
200;1741088280986
200;1741088285921
200;1741088285929
200;1741088286056
200;1741088290933
200;1741088290942
200;1741088290963
200;1741088295966
200;1741088295974
200;1741088296057
200;1741088300884
200;1741088300949
200;1741088300986
200;1741088305905
200;1741088306006
200;1741088306117
200;1741088310880
200;1741088310970
200;1741088310980
200;1741088315960
200;1741088315967
200;1741088316069
200;1741088320956
200;1741088320965
200;1741088321026
200;1741088325915
200;1741088325923
200;1741088326035
200;1741088330912
200;1741088330919
200;1741088331125
200;1741088335874
200;1741088335984
200;1741088335994
200;1741088340967
200;1741088340985
200;1741088341060
200;1741088345868
200;1741088345938
200;1741088345982
200;1741088350915
200;1741088350923
200;1741088350929
200;1741088355867
200;1741088355909
200;1741088355917
200;1741088360874
200;1741088360939
200;1741088360945
200;1741088365935
200;1741088365944
200;1741088366006
200;1741088370909
200;1741088370917
200;1741088370944
200;1741088375857
200;1741088375917
200;1741088376042
200;1741088380929
200;1741088380939
200;1741088381042
200;1741088385901
200;1741088385912
200;1741088385963
200;1741088390866
200;1741088390911
200;1741088390919
200;1741088395908
200;1741088395914
200;1741088396007
200;1741088400880
200;1741088400921
200;1741088401018
200;1741088405899
200;1741088405917
200;1741088405953
200;1741088410879
200;1741088410914
200;1741088410936
200;1741088415877
200;1741088415890
200;1741088415946
200;1741088420867
200;1741088420959
200;1741088420970
200;1741088425914
200;1741088425953
200;1741088425960
200;1741088430938
200;1741088430952
200;1741088430960
200;1741088435897
200;1741088435909
200;1741088436038
200;1741088440898
200;1741088440923
200;1741088440973
200;1741088445866
200;1741088445939
200;1741088445947
200;1741088450963
200;1741088450972
200;1741088451058
200;1741088455911
200;1741088455921
200;1741088455929
200;1741088460942
200;1741088460952
200;1741088460960
200;1741088465922
200;1741088465932
200;1741088465952
200;1741088470896
200;1741088470906
200;1741088470937
200;1741088475896
200;1741088475909
200;1741088475923
200;1741088480910
200;1741088480922
200;1741088481083
200;1741088485903
200;1741088485914
200;1741088486033
200;1741088490866
200;1741088490902
200;1741088490933
200;1741088495928
200;1741088495939
200;1741088496025
200;1741088500917
200;1741088500929
200;1741088500964
200;1741088505870
200;1741088505901
200;1741088505936
200;1741088510908
200;1741088510917
200;1741088510993
200;1741088515921
200;1741088515928
200;1741088516013
200;1741088520917
200;1741088520926
200;1741088520952
200;1741088525931
200;1741088525937
200;1741088526134
200;1741088530900
200;1741088530911
200;1741088530970
200;1741088535909
200;1741088535918
200;1741088535923
200;1741088540915
200;1741088540926
200;1741088541095
200;1741088545868
200;1741088545879
200;1741088545955
200;1741088550959
200;1741088550966
200;1741088551053
200;1741088555931
200;1741088555938
200;1741088556213
200;1741088560917
200;1741088560980
200;1741088561096
200;1741088565874
200;1741088565993
200;1741088566005
200;1741088570902
200;1741088570913
200;1741088570997
200;1741088575866
200;1741088575910
200;1741088575921
200;1741088580913
200;1741088580922
200;1741088580929
200;1741088585876
200;1741088585985
200;1741088585995
200;1741088590875
200;1741088591054
200;1741088591093
200;1741088595855
200;1741088595908
200;1741088595982
200;1741088600921
200;1741088600935
200;1741088601035
200;1741088605919
200;1741088605931
200;1741088608674
200;1741088610960
200;1741088610966
200;1741088611075
200;1741088615894
200;1741088615903
200;1741088615923
200;1741088620926
200;1741088621127
200;1741088623550
200;1741088625910
200;1741088625919
200;1741088625924
200;1741088630868
200;1741088630915
200;1741088630927
200;1741088635897
200;1741088635908
200;1741088635945
200;1741088640902
200;1741088640937
200;1741088641153
200;1741088645862
200;1741088645940
200;1741088646011
200;1741088650866
200;1741088650912
200;1741088650921
200;1741088655887
200;1741088655898
200;1741088656029
200;1741088660907
200;1741088660915
200;1741088660921
200;1741088665908
200;1741088665920
200;1741088665977
200;1741088670913
200;1741088670949
200;1741088670960
200;1741088675867
200;1741088675910
200;1741088675920
200;1741088680913
200;1741088680925
200;1741088680933
200;1741088685875
200;1741088685919
200;1741088685927
200;1741088690913
200;1741088690922
200;1741088690950
200;1741088695867
200;1741088695913
200;1741088695920
200;1741088700894
200;1741088700903
200;1741088701080
200;1741088705908
200;1741088705919
200;1741088705927
200;1741088710911
200;1741088710921
200;1741088710926
200;1741088715875
200;1741088715922
200;1741088715931
200;1741088720866
200;1741088720912
200;1741088720922
200;1741088725927
200;1741088725933
200;1741088725941
200;1741088731042
200;1741088731092
200;1741088733731
200;1741088735863
200;1741088735900
200;1741088736044
200;1741088740867
200;1741088740903
200;1741088740936
200;1741088745868
200;1741088745915
200;1741088745926
200;1741088750941
200;1741088750975
200;1741088751083
200;1741088755907
200;1741088755917
200;1741088755923
200;1741088760868
200;1741088760911
200;1741088760918
200;1741088765939
200;1741088765946
200;1741088766011
200;1741088770914
200;1741088770924
200;1741088770971
200;1741088775906
200;1741088775915
200;1741088775921
200;1741088780957
200;1741088781005
200;1741088781033
200;1741088785876
200;1741088785962
200;1741088785973
200;1741088790928
200;1741088790939
200;1741088791078
200;1741088795920
200;1741088795932
200;1741088796001
200;1741088800867
200;1741088800910
200;1741088800920
200;1741088805910
200;1741088805918
200;1741088806035
200;1741088810923
200;1741088811007
200;1741088811018
200;1741088815909
200;1741088815959
200;1741088815965
200;1741088820887
200;1741088820900
200;1741088820967
200;1741088825907
200;1741088825953
200;1741088825961
200;1741088830894
200;1741088830905
200;1741088831126
200;1741088835889
200;1741088835899
200;1741088835965
200;1741088840942
200;1741088840953
200;1741088841036
200;1741088845910
200;1741088845921
200;1741088846000
200;1741088850967
200;1741088850975
200;1741088851263
200;1741088855870
200;1741088855966
200;1741088855972
200;1741088860877
200;1741088860920
200;1741088860932
200;1741088865942
200;1741088865955
200;1741088865963
200;1741088870926
200;1741088871004
200;1741088871010
200;1741088875907
200;1741088875949
200;1741088875954
200;1741088880934
200;1741088880970
200;1741088881053
200;1741088885891
200;1741088885902
200;1741088885933
200;1741088890889
200;1741088890933
200;1741088890941
200;1741088895965
200;1741088895975
200;1741088895995
200;1741088900950
200;1741088900961
200;1741088900990
200;1741088905874
200;1741088906003
200;1741088906205
200;1741088910865
200;1741088910910
200;1741088910919
200;1741088915910
200;1741088915920
200;1741088915955
200;1741088920857
200;1741088920977
200;1741088920987
200;1741088925869
200;1741088925879
200;1741088925929
200;1741088930929
200;1741088930937
200;1741088933656
200;1741088935877
200;1741088935931
200;1741088935938
200;1741088940875
200;1741088940884
200;1741088940913
200;1741088945909
200;1741088945925
200;1741088948112
200;1741088950868
200;1741088950923
200;1741088950932
200;1741088955930
200;1741088956010
200;1741088956023
200;1741088961009
200;1741088961019
200;1741088961067
200;1741088965874
200;1741088965925
200;1741088965932
200;1741088970908
200;1741088970918
200;1741088971176
200;1741088975898
200;1741088975905
200;1741088976072
200;1741088980870
200;1741088980913
200;1741088980924
200;1741088985913
200;1741088985921
200;1741088985928
200;1741088990926
200;1741088990936
200;1741088990981
200;1741088995902
200;1741088995971
200;1741088996054
200;1741089000873
200;1741089000920
200;1741089000979
200;1741089005949
200;1741089005957
200;1741089005963
200;1741089010873
200;1741089010917
200;1741089010925
200;1741089015892
200;1741089015902
200;1741089015974
200;1741089020913
200;1741089020920
200;1741089020932
200;1741089025920
200;1741089025929
200;1741089026115
200;1741089030943
200;1741089030953
200;1741089030960
200;1741089035969
200;1741089035976
200;1741089035984
200;1741089040897
200;1741089040907
200;1741089040950
200;1741089045874
200;1741089045935
200;1741089046036
200;1741089050902
200;1741089050945
200;1741089050959
200;1741089055918
200;1741089055926
200;1741089055946
200;1741089060922
200;1741089060933
200;1741089060984
200;1741089065888
200;1741089065899
200;1741089065989
200;1741089070884
200;1741089070894
200;1741089071045
200;1741089075865
200;1741089075993
200;1741089076004
200;1741089080869
200;1741089080973
200;1741089080984
200;1741089085952
200;1741089088678
200;1741089088734
200;1741089090934
200;1741089090947
200;1741089090968
200;1741089095923
200;1741089095932
200;1741089096055
200;1741089100870
200;1741089100915
200;1741089100924
200;1741089105867
200;1741089105910
200;1741089105919
200;1741089110862
200;1741089112908
200;1741089113341
200;1741089115935
200;1741089115946
200;1741089116060
200;1741089120876
200;1741089120909
200;1741089125918
200;1741089125958
200;1741089125966
200;1741089130901
200;1741089130911
200;1741089131083
200;1741089136017
200;1741089136023
200;1741089138264
200;1741089140919
200;1741089140930
200;1741089140987
200;1741089145934
200;1741089145945
200;1741089146028
200;1741089150866
200;1741089150956
200;1741089150965
200;1741089155872
200;1741089155959
200;1741089155971
200;1741089160889
200;1741089160901
200;1741089161037
200;1741089165875
200;1741089165917
200;1741089165929
200;1741089170982
200;1741089170993
200;1741089171000
200;1741089175855
200;1741089175879
200;1741089176025
200;1741089180965
200;1741089180974
200;1741089180981
200;1741089185910
200;1741089185920
200;1741089186034
200;1741089190922
200;1741089190954
200;1741089191053
200;1741089195889
200;1741089195932
200;1741089198896
200;1741089200945
200;1741089201003
200;1741089201056
200;1741089205977
200;1741089205985
200;1741089206072
200;1741089210867
200;1741089210878
200;1741089210978
200;1741089215939
200;1741089215946
200;1741089216138
200;1741089220932
200;1741089220938
200;1741089220946
200;1741089225910
200;1741089225941
200;1741089225949
200;1741089230865
200;1741089230959
200;1741089230969
200;1741089235910
200;1741089235917
200;1741089236027
200;1741089240872
200;1741089240896
200;1741089240982
200;1741089245894
200;1741089245904
200;1741089245939
200;1741089250899
200;1741089250909
200;1741089250964
200;1741089255909
200;1741089255918
200;1741089255939
200;1741089260869
200;1741089260908
200;1741089260919
200;1741089265900
200;1741089265909
200;1741089266046
200;1741089270936
200;1741089270975
200;1741089271109
200;1741089275864
200;1741089276021
200;1741089278668
200;1741089280909
200;1741089280918
200;1741089281067
200;1741089285874
200;1741089285969
200;1741089288677
200;1741089290868
200;1741089290905
200;1741089293581
200;1741089295905
200;1741089295915
200;1741089295985
200;1741089300906
200;1741089300916
200;1741089300995
200;1741089305918
200;1741089305929
200;1741089305943
200;1741089310864
200;1741089310956
200;1741089311054
200;1741089315908
200;1741089315938
200;1741089318496
200;1741089320865
200;1741089320923
200;1741089320932
200;1741089325854
200;1741089326137
200;1741089330866
200;1741089330959
200;1741089330966
200;1741089335929
200;1741089335993
200;1741089336006
200;1741089340890
200;1741089340902
200;1741089340993
200;1741089345904
200;1741089345915
200;1741089345923
200;1741089350900
200;1741089350912
200;1741089350961
200;1741089355891
200;1741089355901
200;1741089356035
200;1741089360867
200;1741089360877
200;1741089361017
200;1741089365889
200;1741089365903
200;1741089365948
200;1741089370868
200;1741089370911
200;1741089370922
200;1741089375937
200;1741089375946
200;1741089375979
200;1741089380909
200;1741089380922
200;1741089380929
200;1741089385926
200;1741089385938
200;1741089386063
200;1741089390872
200;1741089390913
200;1741089390925
200;1741089395921
200;1741089395932
200;1741089396042
200;1741089400917
200;1741089400927
200;1741089400934
200;1741089405896
200;1741089408453
200;1741089408650
200;1741089410900
200;1741089410909
200;1741089410955
200;1741089415988
200;1741089417891
200;1741089418725
200;1741089420890
200;1741089420901
200;1741089421019
200;1741089426019
200;1741089426030
200;1741089426122
200;1741089430919
200;1741089430931
200;1741089430951
200;1741089435907
200;1741089435917
200;1741089435956
200;1741089440916
200;1741089440927
200;1741089440934
200;1741089445964
200;1741089445974
200;1741089448622
200;1741089450933
200;1741089450941
200;1741089451011
200;1741089455871
200;1741089455946
200;1741089455956
200;1741089460870
200;1741089460881
200;1741089460929
200;1741089465869
200;1741089465941
200;1741089465947
200;1741089470913
200;1741089470922
200;1741089470929
200;1741089475865
200;1741089475958
200;1741089475971
200;1741089480871
200;1741089482911
200;1741089483171
200;1741089485901
200;1741089485916
200;1741089485969
200;1741089490905
200;1741089490915
200;1741089490980
200;1741089495867
200;1741089495958
200;1741089495968
200;1741089500877
200;1741089500927
200;1741089500933
200;1741089505894
200;1741089505971
200;1741089506001
200;1741089510915
200;1741089510920
200;1741089510938
200;1741089515901
200;1741089515912
200;1741089516020
200;1741089520871
200;1741089520880
200;1741089520957
200;1741089525895
200;1741089525903
200;1741089525937
200;1741089530934
200;1741089533781
200;1741089533853
200;1741089535920
200;1741089535928
200;1741089536100
200;1741089540940
200;1741089540950
200;1741089540956
200;1741089545906
200;1741089545950
200;1741089545959
200;1741089550866
200;1741089550912
200;1741089550923
200;1741089555876
200;1741089555967
200;1741089555977
200;1741089560895
200;1741089560907
200;1741089561015
200;1741089565904
200;1741089565913
200;1741089565947
200;1741089570886
200;1741089570895
200;1741089570992
200;1741089575868
200;1741089575876
200;1741089575965
200;1741089580915
200;1741089580924
200;1741089580955
200;1741089585869
200;1741089585976
200;1741089585986
200;1741089590865
200;1741089590929
200;1741089590939
200;1741089595861
200;1741089595896
200;1741089595966
200;1741089600928
200;1741089600996
200;1741089605868
200;1741089605876
200;1741089605997
200;1741089610874
200;1741089610916
200;1741089610922
200;1741089615867
200;1741089615876
200;1741089615926
200;1741089620968
200;1741089620981
200;1741089621071
200;1741089625946
200;1741089625955
200;1741089626043
200;1741089630889
200;1741089630898
200;1741089630968
200;1741089635907
200;1741089635914
200;1741089635919
200;1741089640908
200;1741089640939
200;1741089640944
200;1741089645956
200;1741089645965
200;1741089646015
200;1741089650888
200;1741089650896
200;1741089650964
200;1741089655878
200;1741089656026
200;1741089660861
200;1741089661051
200;1741089661119
200;1741089665913
200;1741089665923
200;1741089665930
200;1741089670934
200;1741089670942
200;1741089670969
200;1741089675879
200;1741089675932
200;1741089675937
200;1741089680920
200;1741089680928
200;1741089680976
200;1741089685955
200;1741089685963
200;1741089686014
200;1741089690868
200;1741089690898
200;1741089690933
200;1741089695856
200;1741089695949
200;1741089696046
200;1741089700893
200;1741089700910
200;1741089703909
200;1741089705959
200;1741089705965
200;1741089706020
200;1741089710929
200;1741089710936
200;1741089711239
200;1741089715916
200;1741089715924
200;1741089715982
200;1741089720866
200;1741089720929
200;1741089723252
200;1741089725937
200;1741089725942
200;1741089725949
200;1741089730900
200;1741089730925
200;1741089733613
200;1741089735908
200;1741089735940
200;1741089735945
200;1741089740934
200;1741089740944
200;1741089741086
200;1741089745929
200;1741089745937
200;1741089745984
200;1741089750983
200;1741089751070
200;1741089751144
200;1741089755908
200;1741089755914
200;1741089755951
200;1741089760915
200;1741089760923
200;1741089760929
200;1741089765968
200;1741089765977
200;1741089765982
200;1741089770957
200;1741089771029
200;1741089773606
200;1741089775865
200;1741089775917
200;1741089775924
200;1741089780899
200;1741089780908
200;1741089780942
200;1741089785904
200;1741089785912
200;1741089785935
200;1741089790894
200;1741089790931
200;1741089791146
200;1741089795868
200;1741089795914
200;1741089795921
200;1741089800957
200;1741089800965
200;1741089800973
200;1741089805908
200;1741089805919
200;1741089805935
200;1741089810921
200;1741089810930
200;1741089811005
200;1741089815880
200;1741089815925
200;1741089815936
200;1741089820914
200;1741089820923
200;1741089821019
200;1741089825939
200;1741089826003
200;1741089826065
200;1741089830866
200;1741089830913
200;1741089830918
200;1741089835853
200;1741089836183
200;1741089837973
200;1741089840923
200;1741089840998
200;1741089841003
200;1741089845873
200;1741089845882
200;1741089845984
200;1741089850969
200;1741089850975
200;1741089851066
200;1741089855940
200;1741089855950
200;1741089856072
200;1741089860883
200;1741089860924
200;1741089860934
200;1741089865867
200;1741089865908
200;1741089865918
200;1741089870872
200;1741089870964
200;1741089870975
200;1741089875911
200;1741089875919
200;1741089875925
200;1741089880867
200;1741089880961
200;1741089880970
200;1741089885897
200;1741089885915
200;1741089885960
200;1741089890866
200;1741089890908
200;1741089890916
200;1741089895924
200;1741089895934
200;1741089896027
200;1741089900876
200;1741089901109
200;1741089903723
200;1741089905875
200;1741089905911
200;1741089905921
200;1741089910914
200;1741089910921
200;1741089911080
200;1741089915875
200;1741089915968
200;1741089916096
200;1741089920859
200;1741089920991
200;1741089921054
200;1741089925956
200;1741089925970
200;1741089928609
200;1741089930885
200;1741089930894
200;1741089930927
200;1741089935867
200;1741089935952
200;1741089935961
200;1741089940866
200;1741089940906
200;1741089940913
200;1741089945960
200;1741089945996
200;1741089946005
200;1741089950889
200;1741089950898
200;1741089951106
200;1741089955958
200;1741089955967
200;1741089956016
200;1741089960930
200;1741089960940
200;1741089961062
200;1741089965961
200;1741089965971
200;1741089968627
200;1741089970947
200;1741089970954
200;1741089973607
200;1741089975916
200;1741089975926
200;1741089975980
200;1741089980954
200;1741089980961
200;1741089983457
200;1741089985908
200;1741089985917
200;1741089986016
200;1741089990915
200;1741089990921
200;1741089990952
200;1741089995879
200;1741089995892
200;1741089995933
200;1741090000899
200;1741090000910
200;1741090000990
200;1741090005874
200;1741090005916
200;1741090005926
200;1741090010909
200;1741090010919
200;1741090010971
200;1741090015893
200;1741090015905
200;1741090015977
200;1741090020866
200;1741090020896
200;1741090020905
200;1741090025911
200;1741090025942
200;1741090025998
200;1741090030866
200;1741090030948
200;1741090031112
200;1741090035876
200;1741090035953
200;1741090035994
200;1741090040882
200;1741090040974
200;1741090040989
200;1741090045866
200;1741090045957
200;1741090045968
200;1741090050913
200;1741090050922
200;1741090050992
200;1741090055874
200;1741090055915
200;1741090055922
200;1741090060870
200;1741090060903
200;1741090060975
200;1741090065909
200;1741090065920
200;1741090066015
200;1741090070889
200;1741090070932
200;1741090070941
200;1741090075868
200;1741090075956
200;1741090075968
200;1741090080884
200;1741090080894
200;1741090081236
200;1741090085875
200;1741090085963
200;1741090085971
200;1741090090891
200;1741090090980
200;1741090091010
200;1741090095873
200;1741090095905
200;1741090095937
200;1741090100859
200;1741090100887
200;1741090100946
200;1741090105877
200;1741090105896
200;1741090105963
200;1741090110867
200;1741090110908
200;1741090110917
200;1741090115940
200;1741090115951
200;1741090115958
200;1741090120905
200;1741090120917
200;1741090120974
200;1741090125875
200;1741090125922
200;1741090125933
200;1741090130957
200;1741090130968
200;1741090131020
200;1741090135911
200;1741090135924
200;1741090135988
200;1741090140920
200;1741090140929
200;1741090140941
200;1741090145908
200;1741090145950
200;1741090145958
200;1741090150910
200;1741090150958
200;1741090153260
200;1741090155873
200;1741090155891
200;1741090155912
200;1741090160872
200;1741090160911
200;1741090160920
200;1741090165877
200;1741090165927
200;1741090165969
200;1741090170984
200;1741090171012
200;1741090171101
200;1741090175915
200;1741090175925
200;1741090176041
200;1741090180867
200;1741090180907
200;1741090180918
200;1741090185884
200;1741090185898
200;1741090185987
200;1741090190917
200;1741090190925
200;1741090190929
200;1741090195866
200;1741090195908
200;1741090195916
200;1741090200872
200;1741090200881
200;1741090201023
200;1741090205916
200;1741090205945
200;1741090205950
200;1741090210869
200;1741090210913
200;1741090210920
200;1741090215856
200;1741090215893
200;1741090215946
200;1741090220868
200;1741090220913
200;1741090220923
200;1741090225910
200;1741090225917
200;1741090225930
200;1741090230946
200;1741090230959
200;1741090231000
200;1741090235876
200;1741090235955
200;1741090235968
200;1741090240874
200;1741090240952
200;1741090240961
200;1741090245920
200;1741090245926
200;1741090246008
200;1741090250868
200;1741090250945
200;1741090250956
200;1741090255951
200;1741090255962
200;1741090256079
200;1741090260895
200;1741090260907
200;1741090260948
200;1741090265913
200;1741090265919
200;1741090265970
200;1741090270916
200;1741090270926
200;1741090270932
200;1741090275890
200;1741090275914
200;1741090275923
200;1741090280972
200;1741090280982
200;1741090281047
200;1741090285881
200;1741090285988
200;1741090285997
200;1741090290908
200;1741090290938
200;1741090290945
200;1741090295894
200;1741090295940
200;1741090296132
200;1741090300937
200;1741090300945
200;1741090300954
200;1741090305913
200;1741090305921
200;1741090306029
200;1741090310902
200;1741090310911
200;1741090310943
200;1741090315867
200;1741090315928
200;1741090315935
200;1741090320908
200;1741090320920
200;1741090320950
200;1741090325882
200;1741090325928
200;1741090325938
200;1741090330900
200;1741090331000
200;1741090333575
200;1741090335865
200;1741090335950
200;1741090335960
200;1741090340918
200;1741090340929
200;1741090340942
200;1741090345996
200;1741090346007
200;1741090346015
200;1741090350900
200;1741090350910
200;1741090350960
200;1741090355910
200;1741090355917
200;1741090356065
200;1741090360919
200;1741090360928
200;1741090361010
200;1741090365972
200;1741090365985
200;1741090366054
200;1741090370889
200;1741090370947
200;1741090373344
200;1741090375875
200;1741090375978
200;1741090376106
200;1741090380952
200;1741090380991
200;1741090381082
200;1741090385908
200;1741090385917
200;1741090385921
200;1741090390880
200;1741090390975
200;1741090391017
200;1741090395979
200;1741090395986
200;1741090396070
200;1741090400879
200;1741090400904
200;1741090400961
200;1741090405916
200;1741090405925
200;1741090405932
200;1741090410909
200;1741090410917
200;1741090410921
200;1741090415871
200;1741090415914
200;1741090415921
200;1741090420911
200;1741090420920
200;1741090420926
200;1741090426006
200;1741090426015
200;1741090426058
200;1741090430906
200;1741090430928
200;1741090431068
200;1741090435952
200;1741090435961
200;1741090435967
200;1741090440918
200;1741090440926
200;1741090440993
200;1741090445968
200;1741090445978
200;1741090445987
200;1741090450908
200;1741090450919
200;1741090451129
200;1741090455906
200;1741090455915
200;1741090455989
200;1741090461015
200;1741090461024
200;1741090461052
200;1741090465928
200;1741090465937
200;1741090466006
200;1741090470940
200;1741090471011
200;1741090471092
200;1741090475972
200;1741090475982
200;1741090478718
200;1741090481006
200;1741090481017
200;1741090481082
200;1741090485932
200;1741090485961
200;1741090485969
200;1741090491013
200;1741090491023
200;1741090491072
200;1741090495951
200;1741090495958
200;1741090495984
200;1741090500923
200;1741090500935
200;1741090501000
200;1741090505899
200;1741090506007
200;1741090506017
200;1741090510963
200;1741090510973
200;1741090510982
200;1741090515929
200;1741090515963
200;1741090515971
200;1741090520932
200;1741090520942
200;1741090520983
200;1741090525915
200;1741090525927
200;1741090525980
200;1741090530925
200;1741090530968
200;1741090530980
200;1741090535927
200;1741090535968
200;1741090535974
200;1741090540958
200;1741090540969
200;1741090541060
200;1741090545926
200;1741090545935
200;1741090545999
200;1741090550909
200;1741090550943
200;1741090551004
200;1741090555918
200;1741090556003
200;1741090556013
200;1741090560988
200;1741090560999
200;1741090561063
200;1741090565913
200;1741090565955
200;1741090565964
200;1741090571045
200;1741090571056
200;1741090571215
200;1741090575920
200;1741090575928
200;1741090575985
200;1741090580952
200;1741090580963
200;1741090581000
200;1741090585949
200;1741090585958
200;1741090586053
200;1741090590867
200;1741090590953
200;1741090590962
200;1741090595947
200;1741090595957
200;1741090596007
200;1741090600940
200;1741090600953
200;1741090600985
200;1741090605887
200;1741090606025
200;1741090606038
200;1741090610920
200;1741090610929
200;1741090611011
200;1741090615912
200;1741090615924
200;1741090616072
200;1741090620877
200;1741090620967
200;1741090621005
200;1741090626021
200;1741090626104
200;1741090626140
200;1741090630916
200;1741090630927
200;1741090630935
200;1741090635925
200;1741090635934
200;1741090635996
200;1741090640894
200;1741090640928
200;1741090640974
200;1741090645901
200;1741090645908
200;1741090645998
200;1741090650920
200;1741090650933
200;1741090655901
200;1741090655966
200;1741090655976
200;1741090660919
200;1741090660926
200;1741090660961
200;1741090665972
200;1741090665981
200;1741090666002
200;1741090670907
200;1741090670918
200;1741090671044
200;1741090675912
200;1741090675923
200;1741090676023
200;1741090680920
200;1741090680973
200;1741090680983
200;1741090685868
200;1741090685960
200;1741090685968
200;1741090690960
200;1741090690971
200;1741090691012
200;1741090695920
200;1741090695936
200;1741090695973
200;1741090700921
200;1741090700930
200;1741090701032
200;1741090705904
200;1741090705947
200;1741090705963
200;1741090710908
200;1741090710917
200;1741090711114
200;1741090715918
200;1741090715927
200;1741090715982
200;1741090720970
200;1741090720980
200;1741090723438
200;1741090725924
200;1741090725972
200;1741090725982
200;1741090730935
200;1741090730942
200;1741090731036
200;1741090735895
200;1741090735903
200;1741090736053
200;1741090740871
200;1741090740950
200;1741090740959
200;1741090745868
200;1741090745949
200;1741090745958
200;1741090750862
200;1741090750896
200;1741090751031
200;1741090755871
200;1741090755880
200;1741090755911
200;1741090760899
200;1741090760909
200;1741090761050
200;1741090765904
200;1741090765909
200;1741090766031
200;1741090770874
200;1741090770915
200;1741090770925
200;1741090775900
200;1741090775944
200;1741090775954
200;1741090780868
200;1741090780877
200;1741090780961
200;1741090785929
200;1741090785935
200;1741090786022
200;1741090790888
200;1741090790898
200;1741090791064
200;1741090795866
200;1741090795952
200;1741090795958
200;1741090800912
200;1741090800922
200;1741090800980
200;1741090805947
200;1741090805957
200;1741090806119
200;1741090810875
200;1741090810969
200;1741090810975
200;1741090815879
200;1741090815950
200;1741090815958
200;1741090820867
200;1741090820997
200;1741090821004
200;1741090825986
200;1741090826060
200;1741090826100
200;1741090830933
200;1741090830944
200;1741090831180
200;1741090835914
200;1741090836036
200;1741090836061
200;1741090840901
200;1741090840951
200;1741090841010
200;1741090845949
200;1741090845975
200;1741090846100
200;1741090850928
200;1741090850939
200;1741090850977
200;1741090855911
200;1741090855921
200;1741090855959
200;1741090860865
200;1741090860925
200;1741090860935
200;1741090865942
200;1741090865953
200;1741090865972
200;1741090870945
200;1741090870956
200;1741090871075
200;1741090875953
200;1741090875962
200;1741090876022
200;1741090880904
200;1741090880914
200;1741090880979
200;1741090885867
200;1741090885980
200;1741090885987
200;1741090890907
200;1741090890918
200;1741090890927
200;1741090895895
200;1741090895913
200;1741090896060
200;1741090900871
200;1741090900940
200;1741090900979
200;1741090905867
200;1741090905956
200;1741090905968
200;1741090910965
200;1741090910972
200;1741090911018
200;1741090915940
200;1741090915950
200;1741090915985
200;1741090920881
200;1741090920925
200;1741090920934
200;1741090925878
200;1741090925909
200;1741090925917
200;1741090930951
200;1741090930960
200;1741090930985
200;1741090935876
200;1741090935971
200;1741090935978
200;1741090940924
200;1741090940933
200;1741090941163
200;1741090945866
200;1741090945942
200;1741090945949
200;1741090950940
200;1741090950950
200;1741090950983
200;1741090955880
200;1741090955974
200;1741090956020
200;1741090960875
200;1741090961016
200;1741090961205
200;1741090965871
200;1741090965942
200;1741090965948
200;1741090970919
200;1741090970932
200;1741090970941
200;1741090975902
200;1741090975912
200;1741090975939
200;1741090980913
200;1741090980921
200;1741090980967
200;1741090985872
200;1741090985971
200;1741090986104
200;1741090990866
200;1741090990957
200;1741090990964
200;1741090995908
200;1741090995920
200;1741090996001
200;1741091000872
200;1741091000915
200;1741091000923
200;1741091005915
200;1741091005966
200;1741091008435
200;1741091010879
200;1741091010971
200;1741091010979
200;1741091015939
200;1741091015951
200;1741091016090
200;1741091020917
200;1741091020924
200;1741091020966
200;1741091025908
200;1741091025917
200;1741091025964
200;1741091030907
200;1741091030916
200;1741091030923
200;1741091035973
200;1741091035983
200;1741091036199
200;1741091040874
200;1741091040955
200;1741091040965
200;1741091045920
200;1741091045931
200;1741091046029
200;1741091050866
200;1741091050894
200;1741091050904
200;1741091055915
200;1741091055976
200;1741091056084
200;1741091060869
200;1741091060915
200;1741091060925
200;1741091065908
200;1741091065915
200;1741091065967
200;1741091070972
200;1741091070982
200;1741091071080
200;1741091075888
200;1741091075952
200;1741091075963
200;1741091080918
200;1741091080930
200;1741091080972
200;1741091085937
200;1741091085946
200;1741091086052
200;1741091090892
200;1741091090902
200;1741091091070
200;1741091095890
200;1741091095903
200;1741091095930
200;1741091100948
200;1741091100957
200;1741091101091
200;1741091105916
200;1741091105925
200;1741091105931
200;1741091110877
200;1741091110906
200;1741091110913
200;1741091115876
200;1741091115920
200;1741091115999
200;1741091120902
200;1741091120908
200;1741091120955
200;1741091125910
200;1741091125919
200;1741091126029
200;1741091130878
200;1741091130963
200;1741091130973
200;1741091135911
200;1741091135939
200;1741091135944
200;1741091140886
200;1741091140942
200;1741091141070
200;1741091145865
200;1741091145912
200;1741091145924
200;1741091150913
200;1741091150925
200;1741091150965
200;1741091155946
200;1741091155955
200;1741091155980
200;1741091160915
200;1741091160928
200;1741091160938
200;1741091165874
200;1741091165935
200;1741091165941
200;1741091170867
200;1741091170911
200;1741091170921
200;1741091175876
200;1741091175927
200;1741091175935
200;1741091180914
200;1741091180925
200;1741091180951
200;1741091185897
200;1741091185909
200;1741091186001
200;1741091190922
200;1741091190964
200;1741091190973
200;1741091195905
200;1741091195910
200;1741091196126
200;1741091200974
200;1741091200981
200;1741091201033
200;1741091205867
200;1741091205992
200;1741091206000
200;1741091210868
200;1741091210911
200;1741091210920
200;1741091215870
200;1741091215937
200;1741091215944
200;1741091220877
200;1741091220928
200;1741091220937
200;1741091225928
200;1741091225936
200;1741091225992
200;1741091230932
200;1741091230939
200;1741091230945
200;1741091235882
200;1741091235930
200;1741091236066
200;1741091240908
200;1741091240917
200;1741091240943
200;1741091245866
200;1741091246090
200;1741091247936
200;1741091250898
200;1741091250932
200;1741091251193
200;1741091255872
200;1741091255879
200;1741091255968
200;1741091260907
200;1741091260916
200;1741091260923
200;1741091265904
200;1741091265911
200;1741091265939
200;1741091270941
200;1741091270954
200;1741091271053
200;1741091275907
200;1741091275917
200;1741091275924
200;1741091280866
200;1741091280918
200;1741091280926
200;1741091285875
200;1741091285919
200;1741091285928
200;1741091290918
200;1741091290994
200;1741091291139
200;1741091295896
200;1741091295907
200;1741091295970
200;1741091300967
200;1741091300976
200;1741091300991
200;1741091305970
200;1741091305978
200;1741091306056
200;1741091310871
200;1741091310964
200;1741091310976
200;1741091315893
200;1741091315903
200;1741091315961
200;1741091320880
200;1741091320932
200;1741091320971
200;1741091325929
200;1741091325941
200;1741091326004
200;1741091330875
200;1741091330884
200;1741091331041
200;1741091335907
200;1741091335919
200;1741091335926
200;1741091340867
200;1741091340959
200;1741091340969
200;1741091345867
200;1741091345959
200;1741091345968
200;1741091350912
200;1741091350921
200;1741091350940
200;1741091355917
200;1741091355922
200;1741091355975
200;1741091360932
200;1741091360940
200;1741091361036
200;1741091365910
200;1741091365918
200;1741091365926
200;1741091370855
200;1741091370939
200;1741091370950
200;1741091375895
200;1741091375905
200;1741091375936
200;1741091380867
200;1741091380921
200;1741091380931
200;1741091385923
200;1741091385934
200;1741091385950
200;1741091390891
200;1741091390901
200;1741091391071
200;1741091395877
200;1741091395925
200;1741091395937
200;1741091400939
200;1741091400950
200;1741091401021
200;1741091405870
200;1741091405912
200;1741091405921
200;1741091410898
200;1741091411063
200;1741091415899
200;1741091415907
200;1741091415951
200;1741091420933
200;1741091420940
200;1741091420991
200;1741091425921
200;1741091425955
200;1741091428127
200;1741091430916
200;1741091430964
200;1741091430974
200;1741091435872
200;1741091435911
200;1741091435922
200;1741091440876
200;1741091440968
200;1741091440979
200;1741091445886
200;1741091445963
200;1741091445974
200;1741091450936
200;1741091450949
200;1741091451081
200;1741091455912
200;1741091455923
200;1741091456030
200;1741091460898
200;1741091460911
200;1741091461068
200;1741091465865
200;1741091465929
200;1741091465941
200;1741091471001
200;1741091471091
200;1741091473663
200;1741091475872
200;1741091478307
200;1741091478411
200;1741091480870
200;1741091480929
200;1741091480936
200;1741091485872
200;1741091486016
200;1741091486334
200;1741091490866
200;1741091490907
200;1741091490916
200;1741091495986
200;1741091496053
200;1741091496117
200;1741091500871
200;1741091500955
200;1741091500963
200;1741091505922
200;1741091505932
200;1741091505939
200;1741091510868
200;1741091510949
200;1741091510958
200;1741091515866
200;1741091515925
200;1741091515932
200;1741091520906
200;1741091520922
200;1741091520929
200;1741091525912
200;1741091525922
200;1741091525954
200;1741091530900
200;1741091530935
200;1741091535914
200;1741091535925
200;1741091535997
200;1741091540865
200;1741091540940
200;1741091540950
200;1741091545876
200;1741091545931
200;1741091545941
200;1741091550921
200;1741091550932
200;1741091550953
200;1741091555895
200;1741091555903
200;1741091555954
200;1741091560875
200;1741091560920
200;1741091560931
200;1741091565867
200;1741091565958
200;1741091565966
200;1741091570909
200;1741091570919
200;1741091570961
200;1741091575912
200;1741091575922
200;1741091575971
200;1741091580946
200;1741091580957
200;1741091580995
200;1741091585923
200;1741091585932
200;1741091585967
200;1741091590933
200;1741091590945
200;1741091590963
200;1741091595866
200;1741091595947
200;1741091595956
200;1741091600921
200;1741091600928
200;1741091601023
200;1741091605889
200;1741091605932
200;1741091605944
200;1741091610947
200;1741091610956
200;1741091610986
200;1741091615875
200;1741091615888
200;1741091615927
200;1741091620865
200;1741091620907
200;1741091620918
200;1741091625885
200;1741091625924
200;1741091625935
200;1741091630866
200;1741091630975
200;1741091630985
200;1741091635868
200;1741091635912
200;1741091635924
200;1741091640873
200;1741091640917
200;1741091640928
200;1741091645893
200;1741091645979
200;1741091646128
200;1741091651036
200;1741091653274
200;1741091655908
200;1741091655923
200;1741091655930
200;1741091660909
200;1741091660939
200;1741091661103
200;1741091665928
200;1741091665938
200;1741091665987
200;1741091670891
200;1741091670902
200;1741091670930
200;1741091675919
200;1741091675929
200;1741091675935
200;1741091680904
200;1741091680916
200;1741091680999
200;1741091685869
200;1741091685914
200;1741091685923
200;1741091690865
200;1741091690964
200;1741091690975
200;1741091695895
200;1741091695902
200;1741091695963
200;1741091700937
200;1741091700948
200;1741091701055
200;1741091705870
200;1741091705947
200;1741091705983
200;1741091710999
200;1741091711008
200;1741091711053
200;1741091715919
200;1741091715959
200;1741091715966
200;1741091720909
200;1741091720919
200;1741091720928
200;1741091725866
200;1741091725958
200;1741091725966
200;1741091730913
200;1741091730923
200;1741091730931
200;1741091735919
200;1741091735929
200;1741091735936
200;1741091740866
200;1741091740955
200;1741091740965
200;1741091745940
200;1741091745952
200;1741091746053
200;1741091750873
200;1741091750924
200;1741091750933
200;1741091755916
200;1741091755951
200;1741091755962
200;1741091760865
200;1741091760907
200;1741091760917
200;1741091765914
200;1741091765923
200;1741091765979
200;1741091770904
200;1741091770916
200;1741091770952
200;1741091775916
200;1741091775929
200;1741091775939
200;1741091780896
200;1741091780907
200;1741091781021
200;1741091785867
200;1741091785913
200;1741091785926
200;1741091790971
200;1741091790981
200;1741091791134
200;1741091795911
200;1741091795923
200;1741091796011
200;1741091800890
200;1741091800996
200;1741091801075
200;1741091805886
200;1741091805896
200;1741091805932
200;1741091810891
200;1741091810901
200;1741091811007
200;1741091815915
200;1741091815924
200;1741091816076
200;1741091820870
200;1741091820881
200;1741091820903
200;1741091825908
200;1741091825918
200;1741091825926
200;1741091830895
200;1741091830905
200;1741091831136
200;1741091835897
200;1741091835985
200;1741091836136
200;1741091840867
200;1741091840909
200;1741091840921
200;1741091845904
200;1741091845943
200;1741091846022
200;1741091850912
200;1741091850921
200;1741091850955
200;1741091855873
200;1741091855925
200;1741091855942
200;1741091860879
200;1741091860975
200;1741091860982
200;1741091865873
200;1741091865896
200;1741091866014
200;1741091870908
200;1741091870918
200;1741091870925
200;1741091875867
200;1741091875911
200;1741091875922
200;1741091880933
200;1741091880942
200;1741091881058
200;1741091885955
200;1741091885967
200;1741091886015
200;1741091890881
200;1741091890890
200;1741091891100
200;1741091895948
200;1741091895956
200;1741091896064
200;1741091900882
200;1741091900939
200;1741091900950
200;1741091905927
200;1741091905938
200;1741091905945
200;1741091910896
200;1741091910906
200;1741091910912
200;1741091915934
200;1741091915941
200;1741091915973
200;1741091920866
200;1741091920927
200;1741091920939
200;1741091925903
200;1741091925913
200;1741091926034
200;1741091930928
200;1741091930940
200;1741091930971
200;1741091935866
200;1741091935907
200;1741091935917
200;1741091940874
200;1741091940954
200;1741091940962
200;1741091945895
200;1741091945904
200;1741091946023
200;1741091950866
200;1741091950919
200;1741091950928
200;1741091955908
200;1741091955918
200;1741091955926
200;1741091960864
200;1741091960952
200;1741091960960
200;1741091965879
200;1741091965888
200;1741091965957
200;1741091970910
200;1741091970975
200;1741091970984
200;1741091975911
200;1741091975919
200;1741091975963
200;1741091980881
200;1741091980911
200;1741091980918
200;1741091985900
200;1741091985910
200;1741091986113
200;1741091990937
200;1741091990947
200;1741091990979
200;1741091995925
200;1741091995932
200;1741091995939
200;1741092000865
200;1741092000916
200;1741092000925
200;1741092005902
200;1741092005952
200;1741092005992
200;1741092010989
200;1741092010994
200;1741092011045
200;1741092015911
200;1741092015922
200;1741092018207
200;1741092020877
200;1741092020969
200;1741092021053
200;1741092025900
200;1741092025909
200;1741092027965
200;1741092030866
200;1741092030902
200;1741092030911
200;1741092035875
200;1741092035911
200;1741092035922
200;1741092040866
200;1741092040992
200;1741092041004
200;1741092045912
200;1741092045922
200;1741092046048
200;1741092050882
200;1741092050898
200;1741092050934
200;1741092055962
200;1741092055972
200;1741092058008
200;1741092060869
200;1741092060911
200;1741092060925
200;1741092065912
200;1741092065921
200;1741092065932
200;1741092070911
200;1741092070921
200;1741092071079
200;1741092075908
200;1741092075917
200;1741092075973
200;1741092080904
200;1741092080915
200;1741092081033
200;1741092085927
200;1741092086026
200;1741092086094
200;1741092090933
200;1741092090940
200;1741092093750
200;1741092095982
200;1741092095988
200;1741092096043
200;1741092100849
200;1741092100889
200;1741092100951
200;1741092105953
200;1741092105964
200;1741092106035
200;1741092110876
200;1741092110956
200;1741092110966
200;1741092115912
200;1741092115921
200;1741092116008
200;1741092120865
200;1741092120912
200;1741092120924
200;1741092125917
200;1741092126004
200;1741092126060
200;1741092130899
200;1741092130908
200;1741092130941
200;1741092135867
200;1741092135941
200;1741092135948
200;1741092140929
200;1741092141282
200;1741092143727
200;1741092145917
200;1741092145925
200;1741092146013
200;1741092151026
200;1741092151062
200;1741092151090
200;1741092155886
200;1741092155897
200;1741092155989
200;1741092160893
200;1741092160904
200;1741092160945
200;1741092165866
200;1741092165960
200;1741092166002
200;1741092170895
200;1741092170924
200;1741092170972
200;1741092175866
200;1741092175900
200;1741092175934
200;1741092180915
200;1741092180924
200;1741092180939
200;1741092185968
200;1741092185977
200;1741092186050
200;1741092190969
200;1741092190976
200;1741092191050
200;1741092195866
200;1741092195926
200;1741092195933
200;1741092200900
200;1741092200910
200;1741092201027
200;1741092205866
200;1741092205969
200;1741092206047
200;1741092210945
200;1741092210954
200;1741092211042
200;1741092215956
200;1741092215967
200;1741092216017
200;1741092220887
200;1741092220895
200;1741092221048
200;1741092225924
200;1741092225936
200;1741092226077
200;1741092230928
200;1741092230937
200;1741092230947
200;1741092235934
200;1741092235945
200;1741092236015
200;1741092240866
200;1741092240907
200;1741092240917
200;1741092245887
200;1741092245897
200;1741092245987
200;1741092250876
200;1741092250923
200;1741092250936
200;1741092255901
200;1741092255951
200;1741092255967
200;1741092260907
200;1741092260917
200;1741092260935
200;1741092265867
200;1741092265955
200;1741092265965
200;1741092270919
200;1741092270931
200;1741092273829
200;1741092275883
200;1741092275976
200;1741092275989
200;1741092280877
200;1741092280965
200;1741092280977
200;1741092285914
200;1741092285922
200;1741092285991
200;1741092290908
200;1741092290921
200;1741092290930
200;1741092295892
200;1741092295903
200;1741092295939
200;1741092300869
200;1741092300905
200;1741092300916
200;1741092305872
200;1741092305956
200;1741092305966
200;1741092310877
200;1741092310919
200;1741092310930
200;1741092315934
200;1741092315969
200;1741092316012
200;1741092320900
200;1741092320969
200;1741092320977
200;1741092325936
200;1741092325948
200;1741092326020
200;1741092330946
200;1741092330953
200;1741092331072
200;1741092335915
200;1741092335922
200;1741092336065
200;1741092340866
200;1741092340907
200;1741092340921
200;1741092345871
200;1741092345932
200;1741092345942
200;1741092350908
200;1741092350922
200;1741092351008
200;1741092355888
200;1741092355899
200;1741092355977
200;1741092360935
200;1741092360944
200;1741092360974
200;1741092365912
200;1741092365923
200;1741092365929
200;1741092373025
200;1741092373042
200;1741092373059
200;1741092375866
200;1741092375922
200;1741092375931
200;1741092380893
200;1741092380906
200;1741092381027
200;1741092385907
200;1741092385918
200;1741092385994
200;1741092390877
200;1741092390920
200;1741092390930
200;1741092395869
200;1741092398568
200;1741092398874
200;1741092400875
200;1741092400919
200;1741092400929
200;1741092405924
200;1741092405934
200;1741092405991
200;1741092410865
200;1741092410931
200;1741092410941
200;1741092415875
200;1741092415885
200;1741092416075
200;1741092420881
200;1741092420963
200;1741092420973
200;1741092425867
200;1741092425912
200;1741092425923
200;1741092430866
200;1741092430963
200;1741092430973
200;1741092435894
200;1741092435908
200;1741092435999
200;1741092440865
200;1741092440895
200;1741092440905
200;1741092445866
200;1741092445965
200;1741092445973
200;1741092450944
200;1741092450953
200;1741092451026
200;1741092455954
200;1741092455969
200;1741092456021
200;1741092460907
200;1741092460917
200;1741092460924
200;1741092465890
200;1741092465897
200;1741092465955
200;1741092470871
200;1741092470936
200;1741092470942
200;1741092475959
200;1741092475969
200;1741092475984
200;1741092480873
200;1741092480922
200;1741092481008
200;1741092485917
200;1741092485928
200;1741092485979
200;1741092490878
200;1741092490889
200;1741092491036
200;1741092495909
200;1741092495922
200;1741092496008
200;1741092500866
200;1741092500915
200;1741092500921
200;1741092505889
200;1741092505897
200;1741092505967
200;1741092510875
200;1741092510941
200;1741092510954
200;1741092515865
200;1741092515946
200;1741092515953
200;1741092520916
200;1741092520928
200;1741092521060
200;1741092525984
200;1741092525992
200;1741092528685
200;1741092530878
200;1741092530889
200;1741092530946
200;1741092535874
200;1741092535945
200;1741092535952
200;1741092540872
200;1741092540883
200;1741092540968
200;1741092545865
200;1741092545920
200;1741092545927
200;1741092550944
200;1741092550953
200;1741092550959
200;1741092555878
200;1741092555967
200;1741092555974
200;1741092560880
200;1741092560891
200;1741092560995
200;1741092565914
200;1741092565927
200;1741092566023
200;1741092570868
200;1741092570912
200;1741092570921
200;1741092575868
200;1741092575928
200;1741092575940
200;1741092580908
200;1741092581002
200;1741092581012
200;1741092585915
200;1741092585925
200;1741092586089
200;1741092590927
200;1741092590937
200;1741092590971
200;1741092595889
200;1741092595900
200;1741092595958
200;1741092600858
200;1741092600963
200;1741092601000
200;1741092605938
200;1741092605945
200;1741092606109
200;1741092610869
200;1741092610927
200;1741092610936
200;1741092615923
200;1741092615933
200;1741092616024
200;1741092620865
200;1741092620907
200;1741092620916
200;1741092625927
200;1741092625936
200;1741092626008
200;1741092630885
200;1741092630952
200;1741092630960
200;1741092635868
200;1741092635952
200;1741092635961
200;1741092640881
200;1741092640910
200;1741092640941
200;1741092645919
200;1741092645926
200;1741092646162
200;1741092650879
200;1741092650974
200;1741092651095
200;1741092655867
200;1741092655923
200;1741092655931
200;1741092660869
200;1741092660898
200;1741092660932
200;1741092665866
200;1741092665912
200;1741092665925
200;1741092670867
200;1741092670903
200;1741092670914
200;1741092675923
200;1741092675933
200;1741092676076
200;1741092680917
200;1741092680958
200;1741092680967
200;1741092685875
200;1741092685923
200;1741092685933
200;1741092690865
200;1741092690959
200;1741092690966
200;1741092695935
200;1741092695941
200;1741092696029
200;1741092700867
200;1741092700909
200;1741092700921
200;1741092705966
200;1741092708811
200;1741092708854
200;1741092710866
200;1741092710908
200;1741092710919
200;1741092715911
200;1741092715921
200;1741092716029
200;1741092720928
200;1741092720936
200;1741092720954
200;1741092725939
200;1741092725947
200;1741092725988
200;1741092730872
200;1741092730923
200;1741092730932
200;1741092735930
200;1741092735941
200;1741092735965
200;1741092740865
200;1741092740909
200;1741092740918
200;1741092745969
200;1741092746020
200;1741092750897
200;1741092750907
200;1741092750972
200;1741092755978
200;1741092756091
200;1741092756149
200;1741092760934
200;1741092760944
200;1741092761047
200;1741092765896
200;1741092765906
200;1741092766001
200;1741092770916
200;1741092770927
200;1741092770986
200;1741092775961
200;1741092775967
200;1741092776019
200;1741092780916
200;1741092780927
200;1741092780995
200;1741092785912
200;1741092785923
200;1741092785929
200;1741092790866
200;1741092790909
200;1741092790921
200;1741092795885
200;1741092795935
200;1741092795945
200;1741092800889
200;1741092800896
200;1741092801017
200;1741092805908
200;1741092805920
200;1741092805927
200;1741092810933
200;1741092810939
200;1741092811037
200;1741092815916
200;1741092815926
200;1741092815933
200;1741092820919
200;1741092820929
200;1741092820936
200;1741092825940
200;1741092825947
200;1741092826027
200;1741092830901
200;1741092830997
200;1741092831081
200;1741092835892
200;1741092835985
200;1741092836016
200;1741092840934
200;1741092840946
200;1741092841024
200;1741092845871
200;1741092845929
200;1741092845936
200;1741092851017
200;1741092851029
200;1741092851068
200;1741092855885
200;1741092855926
200;1741092855939
200;1741092860868
200;1741092860899
200;1741092860908
200;1741092865909
200;1741092865921
200;1741092865928
200;1741092870897
200;1741092870908
200;1741092870940
200;1741092875902
200;1741092875913
200;1741092875988
200;1741092880908
200;1741092880972
200;1741092880984
200;1741092885933
200;1741092885945
200;1741092885966
200;1741092890866
200;1741092890951
200;1741092890960
200;1741092895866
200;1741092895972
200;1741092895982
200;1741092900908
200;1741092900918
200;1741092901074
200;1741092905940
200;1741092905951
200;1741092905959
200;1741092910924
200;1741092910932
200;1741092910957
200;1741092915878
200;1741092915889
200;1741092916089
200;1741092920874
200;1741092920956
200;1741092920965
200;1741092926007
200;1741092926049
200;1741092928259
200;1741092930923
200;1741092930932
200;1741092930992
200;1741092935881
200;1741092935891
200;1741092935988
200;1741092940913
200;1741092940921
200;1741092940970
200;1741092945876
200;1741092945927
200;1741092945936
200;1741092950891
200;1741092950903
200;1741092951009
200;1741092955900
200;1741092955908
200;1741092956036
200;1741092960866
200;1741092960929
200;1741092960939
200;1741092965897
200;1741092965951
200;1741092966048
200;1741092970886
200;1741092970896
200;1741092971010
200;1741092975932
200;1741092975942
200;1741092975994
200;1741092980955
200;1741092980962
200;1741092981047
200;1741092985880
200;1741092985963
200;1741092985970
200;1741092990970
200;1741092990979
200;1741092993082
200;1741092995985
200;1741092995997
200;1741092996070
200;1741093001012
200;1741093001139
200;1741093003262
200;1741093005910
200;1741093005921
200;1741093005982
200;1741093010949
200;1741093010961
200;1741093011003
200;1741093015890
200;1741093015901
200;1741093015941
200;1741093020878
200;1741093020935
200;1741093020947
200;1741093025871
200;1741093025958
200;1741093025970
200;1741093030913
200;1741093030925
200;1741093030931
200;1741093035890
200;1741093035900
200;1741093035979
200;1741093040867
200;1741093040924
200;1741093040961
200;1741093045961
200;1741093045971
200;1741093046072
200;1741093050907
200;1741093050916
200;1741093050969
200;1741093055868
200;1741093055907
200;1741093055913
200;1741093060905
200;1741093060918
200;1741093060937
200;1741093065983
200;1741093066011
200;1741093066134
200;1741093070866
200;1741093070920
200;1741093070931
200;1741093075866
200;1741093075916
200;1741093075975
200;1741093080909
200;1741093080917
200;1741093080991
200;1741093085867
200;1741093085959
200;1741093085964
200;1741093090867
200;1741093090914
200;1741093090923
200;1741093095866
200;1741093095963
200;1741093095973
200;1741093100978
200;1741093103406
200;1741093105880
200;1741093105939
200;1741093105948
200;1741093110877
200;1741093110961
200;1741093110970
200;1741093115945
200;1741093115954
200;1741093118586
200;1741093120877
200;1741093120973
200;1741093120983
200;1741093125917
200;1741093125928
200;1741093125935
200;1741093130867
200;1741093130961
200;1741093130971
200;1741093135910
200;1741093135973
200;1741093136028
200;1741093140889
200;1741093140900
200;1741093140925
200;1741093145905
200;1741093145915
200;1741093145969
200;1741093150892
200;1741093150902
200;1741093150979
200;1741093155940
200;1741093155949
200;1741093155997
200;1741093160852
200;1741093160940
200;1741093160991
200;1741093165921
200;1741093166013
200;1741093166020
200;1741093170961
200;1741093170972
200;1741093171021
200;1741093175866
200;1741093175919
200;1741093175931
200;1741093180898
200;1741093180942
200;1741093180951
200;1741093185856
200;1741093185920
200;1741093186068
200;1741093190913
200;1741093190960
200;1741093190965
200;1741093195875
200;1741093195923
200;1741093195930
200;1741093200968
200;1741093200977
200;1741093201018
200;1741093205892
200;1741093205930
200;1741093205936
200;1741093210913
200;1741093210922
200;1741093210927
200;1741093215926
200;1741093215937
200;1741093216031
200;1741093220891
200;1741093220898
200;1741093221041
200;1741093225880
200;1741093225925
200;1741093225947
200;1741093230895
200;1741093230904
200;1741093230962
200;1741093235873
200;1741093235950
200;1741093235958
200;1741093240870
200;1741093240879
200;1741093240997
200;1741093245924
200;1741093245933
200;1741093245960
200;1741093250894
200;1741093250938
200;1741093250947
200;1741093255922
200;1741093255978
200;1741093255985
200;1741093260872
200;1741093260961
200;1741093260971
200;1741093265871
200;1741093265935
200;1741093266138
200;1741093270904
200;1741093271081
200;1741093271175
200;1741093275889
200;1741093275900
200;1741093276027
200;1741093280912
200;1741093280961
200;1741093281013
200;1741093285930
200;1741093285937
200;1741093286080
200;1741093290875
200;1741093290966
200;1741093290975
200;1741093295912
200;1741093295923
200;1741093295991
200;1741093300969
200;1741093300978
200;1741093302876
200;1741093305910
200;1741093305919
200;1741093305924
200;1741093310914
200;1741093310923
200;1741093310930
200;1741093315903
200;1741093315959
200;1741093316028
200;1741093320914
200;1741093320957
200;1741093321064
200;1741093325860
200;1741093325921
200;1741093326066
200;1741093330865
200;1741093330909
200;1741093330916
200;1741093335865
200;1741093335953
200;1741093335960
200;1741093340898
200;1741093341021
200;1741093341057
200;1741093345925
200;1741093345934
200;1741093345985
200;1741093350903
200;1741093350921
200;1741093350958
200;1741093355908
200;1741093355913
200;1741093355917
200;1741093360869
200;1741093360951
200;1741093360961
200;1741093365876
200;1741093365932
200;1741093365941
200;1741093370855
200;1741093370933
200;1741093371125
200;1741093375918
200;1741093375961
200;1741093375967
200;1741093380896
200;1741093380945
200;1741093381045
200;1741093385896
200;1741093385904
200;1741093385938
200;1741093390884
200;1741093390978
200;1741093391105
200;1741093395939
200;1741093395948
200;1741093395982
200;1741093400886
200;1741093400895
200;1741093400905
200;1741093405897
200;1741093408173
200;1741093408468
200;1741093410924
200;1741093410934
200;1741093410959
200;1741093415871
200;1741093415880
200;1741093415948
200;1741093420929
200;1741093420938
200;1741093420945
200;1741093425921
200;1741093425929
200;1741093425934
200;1741093430914
200;1741093430919
200;1741093430926
200;1741093435886
200;1741093435964
200;1741093436029
200;1741093440866
200;1741093440955
200;1741093440966
200;1741093445927
200;1741093445938
200;1741093446062
200;1741093450877
200;1741093450948
200;1741093450958
200;1741093455934
200;1741093455944
200;1741093456074
200;1741093460872
200;1741093460914
200;1741093460927
200;1741093465911
200;1741093465923
200;1741093465988
200;1741093470906
200;1741093470927
200;1741093470990
200;1741093475872
200;1741093475927
200;1741093475937
200;1741093480875
200;1741093480919
200;1741093480931
200;1741093485880
200;1741093485927
200;1741093485937
200;1741093490923
200;1741093490930
200;1741093491004
200;1741093495909
200;1741093495919
200;1741093495949
200;1741093500935
200;1741093500943
200;1741093501052
200;1741093505919
200;1741093505930
200;1741093505936
200;1741093510879
200;1741093510912
200;1741093510919
200;1741093515894
200;1741093516032
200;1741093518286
200;1741093520875
200;1741093520952
200;1741093520960
200;1741093525977
200;1741093525986
200;1741093525993
200;1741093530983
200;1741093531181
200;1741093531220
200;1741093535869
200;1741093535932
200;1741093535945
200;1741093540930
200;1741093540940
200;1741093541111
200;1741093545916
200;1741093545927
200;1741093546007
200;1741093550933
200;1741093550944
200;1741093550954
200;1741093555904
200;1741093555966
200;1741093556139
200;1741093560908
200;1741093560916
200;1741093560958
200;1741093565865
200;1741093565925
200;1741093565937
200;1741093570934
200;1741093570944
200;1741093570951
200;1741093575872
200;1741093575954
200;1741093575968
200;1741093580907
200;1741093580917
200;1741093580923
200;1741093585897
200;1741093588480
200;1741093590887
200;1741093590988
200;1741093591037
200;1741093595866
200;1741093595918
200;1741093595929
200;1741093600882
200;1741093600918
200;1741093600934
200;1741093605887
200;1741093605964
200;1741093605971
200;1741093610867
200;1741093610936
200;1741093610941
200;1741093615866
200;1741093615918
200;1741093615926
200;1741093620923
200;1741093620933
200;1741093620940
200;1741093625873
200;1741093625931
200;1741093625943
200;1741093630986
200;1741093631051
200;1741093631154
200;1741093635909
200;1741093635918
200;1741093636046
200;1741093640943
200;1741093640953
200;1741093640960
200;1741093645866
200;1741093645991
200;1741093646002
200;1741093650906
200;1741093650937
200;1741093650943
200;1741093655888
200;1741093656050
200;1741093660935
200;1741093660946
200;1741093660961
200;1741093665931
200;1741093665944
200;1741093665986
200;1741093670943
200;1741093670952
200;1741093671007
200;1741093675911
200;1741093675924
200;1741093675980
200;1741093680986
200;1741093680996
200;1741093681109
200;1741093685895
200;1741093685905
200;1741093685930
200;1741093690866
200;1741093690931
200;1741093690942
200;1741093695875
200;1741093695918
200;1741093695927
200;1741093700876
200;1741093700919
200;1741093700932
200;1741093705873
200;1741093705889
200;1741093705931
200;1741093710908
200;1741093710917
200;1741093710943
200;1741093715883
200;1741093715919
200;1741093715999
200;1741093720900
200;1741093720909
200;1741093721046
200;1741093725870
200;1741093725922
200;1741093725930
200;1741093730911
200;1741093730923
200;1741093730984
200;1741093735959
200;1741093735968
200;1741093736004
200;1741093740865
200;1741093740918
200;1741093740928
200;1741093747075
200;1741093747122
200;1741093747168
200;1741093750868
200;1741093750950
200;1741093750958
200;1741093755911
200;1741093755922
200;1741093755965
200;1741093760874
200;1741093760944
200;1741093760952
200;1741093765998
200;1741093766071
200;1741093766131
200;1741093770929
200;1741093770938
200;1741093770958
200;1741093775918
200;1741093775975
200;1741093775984
200;1741093780866
200;1741093780907
200;1741093780918
200;1741093785929
200;1741093785940
200;1741093786018
200;1741093790892
200;1741093790923
200;1741093790932
200;1741093795867
200;1741093795940
200;1741093795951
200;1741093800923
200;1741093800934
200;1741093801001
200;1741093805908
200;1741093805920
200;1741093806032
200;1741093810878
200;1741093810947
200;1741093810954
200;1741093815872
200;1741093815952
200;1741093815961
200;1741093820920
200;1741093820926
200;1741093820943
200;1741093825906
200;1741093825921
200;1741093825928
200;1741093830913
200;1741093830925
200;1741093831170
200;1741093835868
200;1741093835959
200;1741093835967
200;1741093840879
200;1741093840928
200;1741093841002
200;1741093845886
200;1741093845955
200;1741093846052
200;1741093850867
200;1741093850909
200;1741093850919
200;1741093855893
200;1741093855902
200;1741093855964
200;1741093860866
200;1741093860941
200;1741093860949
200;1741093865909
200;1741093865919
200;1741093865987
200;1741093870957
200;1741093870966
200;1741093871019
200;1741093875870
200;1741093875986
200;1741093875994
200;1741093880912
200;1741093880923
200;1741093880957
200;1741093885883
200;1741093885923
200;1741093885932
200;1741093890936
200;1741093890945
200;1741093891001
200;1741093895865
200;1741093895938
200;1741093895945
200;1741093900906
200;1741093900951
200;1741093900962
200;1741093905873
200;1741093905916
200;1741093905926
200;1741093911004
200;1741093911014
200;1741093911103
200;1741093915891
200;1741093915904
200;1741093915961
200;1741093920866
200;1741093920960
200;1741093920967
200;1741093925866
200;1741093925955
200;1741093925966
200;1741093930944
200;1741093930955
200;1741093930962
200;1741093935867
200;1741093935911
200;1741093935921
200;1741093940867
200;1741093940923
200;1741093940934
200;1741093945868
200;1741093945879
200;1741093945963
200;1741093950903
200;1741093950915
200;1741093950976
200;1741093955872
200;1741093955920
200;1741093955924
200;1741093960885
200;1741093960898
200;1741093960978
200;1741093965950
200;1741093965976
200;1741093968387
200;1741093970853
200;1741093970891
200;1741093971015
200;1741093975911
200;1741093975920
200;1741093975952
200;1741093980959
200;1741093980965
200;1741093981032
200;1741093985894
200;1741093985907
200;1741093986062
200;1741093990910
200;1741093990919
200;1741093990927
200;1741093995881
200;1741093995976
200;1741093996008
200;1741094000929
200;1741094000939
200;1741094001023
200;1741094005926
200;1741094005935
200;1741094005995
200;1741094010919
200;1741094010926
200;1741094010969
200;1741094015882
200;1741094015974
200;1741094015984
200;1741094020870
200;1741094020881
200;1741094020914
200;1741094025963
200;1741094025973
200;1741094025980
200;1741094030866
200;1741094030907
200;1741094030916
200;1741094035971
200;1741094035981
200;1741094036033
200;1741094040871
200;1741094040952
200;1741094040960
200;1741094045875
200;1741094045958
200;1741094045965
200;1741094050895
200;1741094050903
200;1741094050909
200;1741094055965
200;1741094055977
200;1741094056084
200;1741094060866
200;1741094060968
200;1741094060978
200;1741094065904
200;1741094065914
200;1741094065992
200;1741094070909
200;1741094070918
200;1741094070996
200;1741094075902
200;1741094075910
200;1741094076012
200;1741094080900
200;1741094080909
200;1741094080914
200;1741094085898
200;1741094085951
200;1741094085958
200;1741094090881
200;1741094090891
200;1741094091025
200;1741094095890
200;1741094095900
200;1741094095967
200;1741094100869
200;1741094100879
200;1741094100910
200;1741094105906
200;1741094105914
200;1741094105919
200;1741094110866
200;1741094110913
200;1741094110921
200;1741094115877
200;1741094115977
200;1741094116108
200;1741094120910
200;1741094120917
200;1741094120976
200;1741094125935
200;1741094125943
200;1741094126063
200;1741094130873
200;1741094130971
200;1741094130982
200;1741094135874
200;1741094135917
200;1741094135927
200;1741094140866
200;1741094140979
200;1741094140990
200;1741094145907
200;1741094145950
200;1741094145959
200;1741094150910
200;1741094150920
200;1741094150967
200;1741094155923
200;1741094155934
200;1741094156016
200;1741094160881
200;1741094160976
200;1741094163660
200;1741094165867
200;1741094165907
200;1741094165914
200;1741094170867
200;1741094170931
200;1741094170943
200;1741094175971
200;1741094175981
200;1741094175989
200;1741094180856
200;1741094180883
200;1741094180977
200;1741094185906
200;1741094185914
200;1741094185919
200;1741094190929
200;1741094190941
200;1741094191002
200;1741094195900
200;1741094195952
200;1741094198885
200;1741094200958
200;1741094200969
200;1741094201013
200;1741094205896
200;1741094205906
200;1741094205993
200;1741094210880
200;1741094210977
200;1741094211036
200;1741094215935
200;1741094215941
200;1741094216103
200;1741094220864
200;1741094220926
200;1741094221072
200;1741094225867
200;1741094225972
200;1741094225982
200;1741094230870
200;1741094230900
200;1741094230955
200;1741094235911
200;1741094235921
200;1741094235943
200;1741094240948
200;1741094240958
200;1741094240964
200;1741094245917
200;1741094245924
200;1741094245971
200;1741094250876
200;1741094250935
200;1741094250946
200;1741094255868
200;1741094255935
200;1741094255942
200;1741094260907
200;1741094260916
200;1741094261005
200;1741094265928
200;1741094265939
200;1741094265974
200;1741094270909
200;1741094270920
200;1741094271054
200;1741094275913
200;1741094275925
200;1741094276029
200;1741094280907
200;1741094280918
200;1741094280926
200;1741094285980
200;1741094285992
200;1741094286078
200;1741094290940
200;1741094290951
200;1741094290959
200;1741094295911
200;1741094295921
200;1741094296048
200;1741094300888
200;1741094300955
200;1741094300967
200;1741094305922
200;1741094305931
200;1741094306086
200;1741094310881
200;1741094310894
200;1741094310941
200;1741094315867
200;1741094315927
200;1741094315939
200;1741094320953
200;1741094323476
200;1741094323601
200;1741094325866
200;1741094325926
200;1741094325964
200;1741094330907
200;1741094330942
200;1741094330952
200;1741094335972
200;1741094335982
200;1741094336047
200;1741094340871
200;1741094340926
200;1741094340935
200;1741094345869
200;1741094345912
200;1741094345924
200;1741094350882
200;1741094350912
200;1741094350924
200;1741094355910
200;1741094355919
200;1741094355976
200;1741094360915
200;1741094360923
200;1741094361019
200;1741094365869
200;1741094365912
200;1741094365925
200;1741094370929
200;1741094370941
200;1741094371149
200;1741094375972
200;1741094375985
200;1741094375998
200;1741094380876
200;1741094380886
200;1741094380919
200;1741094385923
200;1741094385935
200;1741094385947
200;1741094390872
200;1741094390966
200;1741094390977
200;1741094395907
200;1741094395917
200;1741094395924
200;1741094400876
200;1741094400927
200;1741094400961
200;1741094405916
200;1741094405922
200;1741094405972
200;1741094410867
200;1741094410962
200;1741094410970
200;1741094415874
200;1741094415974
200;1741094416017
200;1741094420923
200;1741094420931
200;1741094420941
200;1741094425869
200;1741094425918
200;1741094425928
200;1741094430980
200;1741094430988
200;1741094430995
200;1741094435876
200;1741094435934
200;1741094435944
200;1741094440911
200;1741094440921
200;1741094440929
200;1741094445871
200;1741094445913
200;1741094445924
200;1741094450959
200;1741094450966
200;1741094450973
200;1741094455870
200;1741094455933
200;1741094455944
200;1741094460907
200;1741094460917
200;1741094460925
200;1741094465866
200;1741094465972
200;1741094465982
200;1741094470953
200;1741094470964
200;1741094473301
200;1741094475876
200;1741094475886
200;1741094475912
200;1741094480976
200;1741094480985
200;1741094480993
200;1741094485870
200;1741094485882
200;1741094485928
200;1741094490952
200;1741094490965
200;1741094490989
200;1741094495868
200;1741094495968
200;1741094495976
200;1741094500888
200;1741094500932
200;1741094500942
200;1741094505904
200;1741094505914
200;1741094505954
200;1741094510888
200;1741094510895
200;1741094511003
200;1741094515907
200;1741094515917
200;1741094515943
200;1741094520923
200;1741094520979
200;1741094520989
200;1741094525923
200;1741094525932
200;1741094525948
200;1741094530868
200;1741094530960
200;1741094530970
200;1741094535900
200;1741094535910
200;1741094535924
200;1741094540981
200;1741094540996
200;1741094541030
200;1741094545913
200;1741094545923
200;1741094545997
200;1741094550868
200;1741094550965
200;1741094550976
200;1741094555915
200;1741094555923
200;1741094555928
200;1741094560899
200;1741094560935
200;1741094562910
200;1741094565866
200;1741094565909
200;1741094565921
200;1741094570869
200;1741094570879
200;1741094570976
200;1741094575866
200;1741094575936
200;1741094575947
200;1741094580873
200;1741094580942
200;1741094580950
200;1741094585918
200;1741094585926
200;1741094588288
200;1741094590989
200;1741094590999
200;1741094591072
200;1741094595863
200;1741094595963
200;1741094596064
200;1741094600921
200;1741094600930
200;1741094600964
200;1741094605985
200;1741094606153
200;1741094606240
200;1741094610890
200;1741094611077
200;1741094613709
200;1741094615912
200;1741094615920
200;1741094616047
200;1741094620866
200;1741094620940
200;1741094620948
200;1741094625912
200;1741094625924
200;1741094625932
200;1741094630876
200;1741094630929
200;1741094630963
200;1741094635878
200;1741094635887
200;1741094635948
200;1741094640912
200;1741094640953
200;1741094640960
200;1741094645885
200;1741094645910
200;1741094646062
200;1741094650924
200;1741094650934
200;1741094653739
200;1741094655908
200;1741094655916
200;1741094655959
200;1741094660925
200;1741094660942
200;1741094663129
200;1741094665911
200;1741094665921
200;1741094665929
200;1741094670867
200;1741094670973
200;1741094671019
200;1741094675939
200;1741094675947
200;1741094676092
200;1741094680907
200;1741094680916
200;1741094680922
200;1741094685971
200;1741094685980
200;1741094686062
200;1741094690866
200;1741094690911
200;1741094690922
200;1741094695921
200;1741094695929
200;1741094695935
200;1741094700928
200;1741094700938
200;1741094700975
200;1741094705865
200;1741094705917
200;1741094705926
200;1741094710992
200;1741094711002
200;1741094711014
200;1741094715933
200;1741094715943
200;1741094715986
200;1741094720916
200;1741094720926
200;1741094720932
200;1741094725867
200;1741094725908
200;1741094725919
200;1741094730920
200;1741094730929
200;1741094730935
200;1741094735971
200;1741094735981
200;1741094736125
200;1741094740912
200;1741094740921
200;1741094740967
200;1741094745936
200;1741094745943
200;1741094745994
200;1741094750910
200;1741094750972
200;1741094751055
200;1741094755908
200;1741094755917
200;1741094755945
200;1741094760868
200;1741094760911
200;1741094760921
200;1741094765907
200;1741094765918
200;1741094765925
200;1741094770865
200;1741094770954
200;1741094770963
200;1741094776002
200;1741094776009
200;1741094776109
200;1741094780917
200;1741094780927
200;1741094781087
200;1741094785915
200;1741094785926
200;1741094790923
200;1741094790935
200;1741094790944
200;1741094795865
200;1741094795964
200;1741094795974
200;1741094800919
200;1741094800927
200;1741094801008
200;1741094805917
200;1741094805926
200;1741094805994
200;1741094810957
200;1741094810969
200;1741094811025
200;1741094815869
200;1741094815925
200;1741094815975
200;1741094820941
200;1741094820948
200;1741094820975
200;1741094825906
200;1741094825916
200;1741094825925
200;1741094830871
200;1741094830975
200;1741094831065
200;1741094835856
200;1741094835916
200;1741094835931
200;1741094840865
200;1741094840966
200;1741094840976
200;1741094845892
200;1741094845928
200;1741094846030
200;1741094850867
200;1741094850911
200;1741094850919
200;1741094855878
200;1741094856030
200;1741094856087
200;1741094860876
200;1741094860920
200;1741094860930
200;1741094865985
200;1741094866061
200;1741094866141
200;1741094870866
200;1741094870970
200;1741094870993
200;1741094875909
200;1741094875919
200;1741094875945
200;1741094880899
200;1741094880937
200;1741094881047
200;1741094885938
200;1741094885947
200;1741094886013
200;1741094890875
200;1741094890951
200;1741094890958
200;1741094895882
200;1741094895976
200;1741094895987
200;1741094900991
200;1741094901002
200;1741094903754
200;1741094905885
200;1741094905926
200;1741094905935
200;1741094910922
200;1741094910933
200;1741094910989
200;1741094915871
200;1741094915975
200;1741094916018
200;1741094920910
200;1741094920920
200;1741094920984
200;1741094925867
200;1741094925920
200;1741094925927
200;1741094930891
200;1741094930899
200;1741094930975
200;1741094935894
200;1741094935928
200;1741094936047
200;1741094940940
200;1741094940951
200;1741094940999
200;1741094945877
200;1741094945920
200;1741094945929
200;1741094950914
200;1741094950925
200;1741094950966
200;1741094955886
200;1741094955896
200;1741094955984
200;1741094960896
200;1741094960906
200;1741094960945
200;1741094965908
200;1741094965917
200;1741094966000
200;1741094970905
200;1741094971045
200;1741094973307
200;1741094975914
200;1741094975924
200;1741094975955
200;1741094980893
200;1741094980902
200;1741094980935
200;1741094985914
200;1741094985924
200;1741094986004
200;1741094990891
200;1741094990914
200;1741094991046
200;1741094995918
200;1741094995925
200;1741094995931
200;1741095000867
200;1741095000910
200;1741095000921
200;1741095005950
200;1741095005959
200;1741095005995
200;1741095010868
200;1741095010961
200;1741095010967
200;1741095015885
200;1741095016049
200;1741095018285
200;1741095020910
200;1741095020918
200;1741095020970
200;1741095025902
200;1741095025913
200;1741095026002
200;1741095030869
200;1741095030911
200;1741095030921
200;1741095035866
200;1741095035909
200;1741095035919
200;1741095040858
200;1741095040894
200;1741095040906
200;1741095045931
200;1741095045943
200;1741095046084
200;1741095050930
200;1741095050941
200;1741095050972
200;1741095055875
200;1741095055919
200;1741095055929
200;1741095060943
200;1741095060955
200;1741095063366
200;1741095065962
200;1741095065976
200;1741095065999
200;1741095070930
200;1741095070941
200;1741095071027
200;1741095075913
200;1741095075919
200;1741095075957
200;1741095080875
200;1741095080922
200;1741095080933
200;1741095086027
200;1741095086037
200;1741095086205
200;1741095090876
200;1741095090932
200;1741095090944
200;1741095095909
200;1741095095952
200;1741095095963
200;1741095100913
200;1741095100921
200;1741095100926
200;1741095105886
200;1741095105894
200;1741095105901
200;1741095110890
200;1741095110899
200;1741095110972
200;1741095115910
200;1741095115945
200;1741095115954
200;1741095120916
200;1741095121021
200;1741095121050
200;1741095125867
200;1741095125954
200;1741095125963
200;1741095130868
200;1741095130909
200;1741095131021
200;1741095135906
200;1741095135915
200;1741095135981
200;1741095140866
200;1741095140910
200;1741095140920
200;1741095145867
200;1741095145926
200;1741095145934
200;1741095150970
200;1741095150980
200;1741095151096
200;1741095155978
200;1741095156055
200;1741095156121
200;1741095160891
200;1741095160965
200;1741095160996
200;1741095165931
200;1741095165961
200;1741095166003
200;1741095170869
200;1741095170915
200;1741095170950
200;1741095175883
200;1741095175892
200;1741095175970
200;1741095180871
200;1741095180937
200;1741095183273
200;1741095185868
200;1741095185880
200;1741095185979
200;1741095190872
200;1741095190920
200;1741095190925
200;1741095195866
200;1741095195943
200;1741095195951
200;1741095200937
200;1741095200947
200;1741095201036
200;1741095205871
200;1741095205881
200;1741095205942
200;1741095210918
200;1741095210929
200;1741095210937
200;1741095215918
200;1741095215948
200;1741095215956
200;1741095220865
200;1741095220972
200;1741095220982
200;1741095225900
200;1741095225906
200;1741095226120
200;1741095230922
200;1741095230932
200;1741095230941
200;1741095236006
200;1741095236018
200;1741095236055
200;1741095240919
200;1741095240930
200;1741095240939
200;1741095245914
200;1741095245924
200;1741095245930
200;1741095250942
200;1741095250951
200;1741095250994
200;1741095255907
200;1741095255950
200;1741095255960
200;1741095260930
200;1741095260939
200;1741095260963
200;1741095265870
200;1741095265881
200;1741095265941
200;1741095270927
200;1741095270935
200;1741095270941
200;1741095275986
200;1741095276052
200;1741095276086
200;1741095280871
200;1741095280965
200;1741095280972
200;1741095285867
200;1741095285910
200;1741095285921
200;1741095290940
200;1741095290966
200;1741095291047
200;1741095295970
200;1741095295977
200;1741095296136
200;1741095300909
200;1741095300921
200;1741095300930
200;1741095305973
200;1741095305981
200;1741095306122
200;1741095310865
200;1741095310909
200;1741095310917
200;1741095315867
200;1741095315911
200;1741095315921
200;1741095320874
200;1741095320961
200;1741095320967
200;1741095325866
200;1741095325910
200;1741095325921
200;1741095330908
200;1741095330917
200;1741095331011
200;1741095335872
200;1741095335998
200;1741095336008
200;1741095340911
200;1741095340923
200;1741095340931
200;1741095345868
200;1741095345914
200;1741095345923
200;1741095350990
200;1741095350998
200;1741095355867
200;1741095355917
200;1741095355930
200;1741095360867
200;1741095360879
200;1741095360966
200;1741095365866
200;1741095365954
200;1741095365965
200;1741095370974
200;1741095370985
200;1741095371075
200;1741095375915
200;1741095375927
200;1741095375936
200;1741095380923
200;1741095380930
200;1741095380938
200;1741095385857
200;1741095385912
200;1741095386047
200;1741095390960
200;1741095390967
200;1741095391080
200;1741095395867
200;1741095395966
200;1741095395979
200;1741095400910
200;1741095400923
200;1741095400955
200;1741095405929
200;1741095405943
200;1741095405959
200;1741095410872
200;1741095410979
200;1741095410987
200;1741095415926
200;1741095415936
200;1741095416011
200;1741095420921
200;1741095420933
200;1741095421036
200;1741095425868
200;1741095425911
200;1741095425922
200;1741095430996
200;1741095431031
200;1741095431212
200;1741095435857
200;1741095435890
200;1741095435973
200;1741095440869
200;1741095440881
200;1741095441017
200;1741095445957
200;1741095448416
200;1741095448704
200;1741095450944
200;1741095450967
200;1741095451013
200;1741095455875
200;1741095455923
200;1741095455931
200;1741095460902
200;1741095460913
200;1741095460953
200;1741095465966
200;1741095465974
200;1741095465981
200;1741095470895
200;1741095470906
200;1741095470984
200;1741095475895
200;1741095475986
200;1741095476036
200;1741095480900
200;1741095480909
200;1741095480984
200;1741095485887
200;1741095485897
200;1741095485917
200;1741095490918
200;1741095490928
200;1741095490951
200;1741095495876
200;1741095495966
200;1741095495974
200;1741095500894
200;1741095500904
200;1741095500969
200;1741095505937
200;1741095505947
200;1741095506028
200;1741095510876
200;1741095510918
200;1741095510928
200;1741095515906
200;1741095515917
200;1741095515924
200;1741095520911
200;1741095520922
200;1741095520928
200;1741095525910
200;1741095525960
200;1741095525968
200;1741095530902
200;1741095530929
200;1741095530947
200;1741095535914
200;1741095535924
200;1741095535985
200;1741095540867
200;1741095540915
200;1741095540926
200;1741095545978
200;1741095545984
200;1741095546017
200;1741095550890
200;1741095550901
200;1741095550947
200;1741095555872
200;1741095555914
200;1741095555924
200;1741095560927
200;1741095560938
200;1741095561036
200;1741095565870
200;1741095565901
200;1741095565910
200;1741095570883
200;1741095570926
200;1741095570936
200;1741095575880
200;1741095575952
200;1741095575960
200;1741095580974
200;1741095580987
200;1741095581090
200;1741095585897
200;1741095585916
200;1741095586146
200;1741095590899
200;1741095590908
200;1741095590993
200;1741095595909
200;1741095595917
200;1741095595924
200;1741095600909
200;1741095600920
200;1741095600998
200;1741095605872
200;1741095605918
200;1741095605925
200;1741095610877
200;1741095610922
200;1741095610931
200;1741095615985
200;1741095615992
200;1741095616051
200;1741095620931
200;1741095620939
200;1741095620944
200;1741095625906
200;1741095625919
200;1741095625963
200;1741095630898
200;1741095630908
200;1741095630915
200;1741095635883
200;1741095635895
200;1741095635968
200;1741095640928
200;1741095640938
200;1741095640959
200;1741095645872
200;1741095645966
200;1741095645974
200;1741095650872
200;1741095650932
200;1741095650939
200;1741095655907
200;1741095655919
200;1741095655989
200;1741095660891
200;1741095660901
200;1741095661004
200;1741095665930
200;1741095665941
200;1741095665965
200;1741095670934
200;1741095670943
200;1741095670967
200;1741095675870
200;1741095675944
200;1741095675950
200;1741095680897
200;1741095680906
200;1741095681039
200;1741095685867
200;1741095685920
200;1741095685927
200;1741095690909
200;1741095690964
200;1741095690972
200;1741095695905
200;1741095695915
200;1741095695961
200;1741095700927
200;1741095701036
200;1741095703907
200;1741095705913
200;1741095705933
200;1741095705939
200;1741095710868
200;1741095710879
200;1741095710947
200;1741095715939
200;1741095715948
200;1741095716050
200;1741095720915
200;1741095720922
200;1741095721000
200;1741095725888
200;1741095725898
200;1741095725943
200;1741095730871
200;1741095730913
200;1741095730920
200;1741095735913
200;1741095735924
200;1741095735986
200;1741095740862
200;1741095740936
200;1741095741084
200;1741095745948
200;1741095745958
200;1741095745967
200;1741095750918
200;1741095750927
200;1741095751022
200;1741095755876
200;1741095755916
200;1741095755923
200;1741095760889
200;1741095760899
200;1741095760935
200;1741095765916
200;1741095765928
200;1741095766058
200;1741095770887
200;1741095770899
200;1741095770986
200;1741095775874
200;1741095775917
200;1741095775926
200;1741095780885
200;1741095780895
200;1741095780987
200;1741095785922
200;1741095785933
200;1741095788402
200;1741095790928
200;1741095790935
200;1741095790944
200;1741095795873
200;1741095795977
200;1741095795997
200;1741095800979
200;1741095800986
200;1741095801151
200;1741095805911
200;1741095805921
200;1741095808457
200;1741095810969
200;1741095810978
200;1741095811056
200;1741095815876
200;1741095815970
200;1741095815978
200;1741095820913
200;1741095820977
200;1741095820987
200;1741095825866
200;1741095825921
200;1741095825956
200;1741095830867
200;1741095830967
200;1741095830974
200;1741095835875
200;1741095835942
200;1741095835953
200;1741095840894
200;1741095840902
200;1741095843816
200;1741095845921
200;1741095845931
200;1741095845961
200;1741095850870
200;1741095850932
200;1741095850940
200;1741095855923
200;1741095855933
200;1741095855940
200;1741095860934
200;1741095860944
200;1741095860999
200;1741095865905
200;1741095865913
200;1741095865958
200;1741095870908
200;1741095870919
200;1741095870947
200;1741095875935
200;1741095875945
200;1741095875991
200;1741095880905
200;1741095880916
200;1741095881066
200;1741095885929
200;1741095885940
200;1741095885979
200;1741095890917
200;1741095890954
200;1741095890963
200;1741095895877
200;1741095895912
200;1741095896098
200;1741095900876
200;1741095900918
200;1741095900928
200;1741095905952
200;1741095905959
200;1741095908387
200;1741095910875
200;1741095910972
200;1741095910981
200;1741095915962
200;1741095915974
200;1741095916160
200;1741095920871
200;1741095920880
200;1741095921019
200;1741095925918
200;1741095925927
200;1741095925960
200;1741095930866
200;1741095930962
200;1741095930970
200;1741095935871
200;1741095935957
200;1741095935966
200;1741095940886
200;1741095940897
200;1741095941005
200;1741095945941
200;1741095945952
200;1741095946150
200;1741095950894
200;1741095950902
200;1741095950974
200;1741095955996
200;1741095956058
200;1741095956191
200;1741095960946
200;1741095960956
200;1741095960971
200;1741095965928
200;1741095965944
200;1741095965950
200;1741095970982
200;1741095971005
200;1741095971030
200;1741095975966
200;1741095975975
200;1741095976064
200;1741095980904
200;1741095980916
200;1741095980985
200;1741095985894
200;1741095985906
200;1741095985938
200;1741095990915
200;1741095990926
200;1741095990968
200;1741095995870
200;1741095995949
200;1741095995957
200;1741096000869
200;1741096000914
200;1741096000925
200;1741096005899
200;1741096005968
200;1741096005976
200;1741096010914
200;1741096010924
200;1741096010930
200;1741096015876
200;1741096015900
200;1741096015911
200;1741096020868
200;1741096020901
200;1741096020908
200;1741096025869
200;1741096025916
200;1741096025921
200;1741096030867
200;1741096030913
200;1741096030926
200;1741096035869
200;1741096035952
200;1741096036010
200;1741096040979
200;1741096040992
200;1741096041043
200;1741096045919
200;1741096045930
200;1741096046037
200;1741096050910
200;1741096050920
200;1741096051000
200;1741096055982
200;1741096055986
200;1741096058692
200;1741096060963
200;1741096060977
200;1741096061122
200;1741096065982
200;1741096065989
200;1741096066019
200;1741096070888
200;1741096070899
200;1741096070950
200;1741096075925
200;1741096075965
200;1741096078534
200;1741096080929
200;1741096080938
200;1741096081061
200;1741096085887
200;1741096085897
200;1741096085928
200;1741096090902
200;1741096090913
200;1741096091025
200;1741096095917
200;1741096095926
200;1741096095983
200;1741096100883
200;1741096100957
200;1741096100965
200;1741096105902
200;1741096105913
200;1741096106020
200;1741096110928
200;1741096111008
200;1741096111050
200;1741096115947
200;1741096115955
200;1741096116137
200;1741096120952
200;1741096120964
200;1741096121018
200;1741096125976
200;1741096125991
200;1741096126001
200;1741096130925
200;1741096130937
200;1741096130945
200;1741096135878
200;1741096135972
200;1741096135979
200;1741096140904
200;1741096140914
200;1741096140943
200;1741096145876
200;1741096145926
200;1741096145934
200;1741096150875
200;1741096150893
200;1741096150979
200;1741096155873
200;1741096155943
200;1741096156061
200;1741096160877
200;1741096160915
200;1741096163169
200;1741096165908
200;1741096165950
200;1741096165962
200;1741096170962
200;1741096170973
200;1741096170981
200;1741096175934
200;1741096175942
200;1741096176022
200;1741096180921
200;1741096180933
200;1741096180976
200;1741096185889
200;1741096185897
200;1741096185905
200;1741096190867
200;1741096190910
200;1741096190919
200;1741096195891
200;1741096195901
200;1741096195929
200;1741096200880
200;1741096200938
200;1741096200948
200;1741096205936
200;1741096205946
200;1741096205999
200;1741096210897
200;1741096210921
200;1741096211058
200;1741096215890
200;1741096215959
200;1741096215968
200;1741096220897
200;1741096220907
200;1741096221103
200;1741096225902
200;1741096225911
200;1741096226138
200;1741096230910
200;1741096230924
200;1741096230955
200;1741096235873
200;1741096235884
200;1741096235925
200;1741096240935
200;1741096240944
200;1741096240982
200;1741096245867
200;1741096245967
200;1741096245973
200;1741096250871
200;1741096250881
200;1741096250970
200;1741096255915
200;1741096255925
200;1741096255933
200;1741096260882
200;1741096260951
200;1741096260958
200;1741096265955
200;1741096265962
200;1741096266060
200;1741096270961
200;1741096270971
200;1741096271054
200;1741096275881
200;1741096275939
200;1741096275946
200;1741096280912
200;1741096280953
200;1741096280964
200;1741096285901
200;1741096285911
200;1741096285951
200;1741096290915
200;1741096290965
200;1741096291019
200;1741096295907
200;1741096295918
200;1741096295993
200;1741096300952
200;1741096300958
200;1741096300965
200;1741096305916
200;1741096305925
200;1741096305931
200;1741096310888
200;1741096310898
200;1741096310910
200;1741096315866
200;1741096315926
200;1741096315937
200;1741096320948
200;1741096320958
200;1741096320993
200;1741096325964
200;1741096325975
200;1741096326025
200;1741096330881
200;1741096330892
200;1741096330975
200;1741096335884
200;1741096335891
200;1741096336023
200;1741096340872
200;1741096340916
200;1741096340925
200;1741096345867
200;1741096345946
200;1741096345981
200;1741096350918
200;1741096350930
200;1741096350936
200;1741096355954
200;1741096355962
200;1741096356000
200;1741096360952
200;1741096361097
200;1741096363499
200;1741096365882
200;1741096365891
200;1741096365981
200;1741096370918
200;1741096370929
200;1741096370937
200;1741096375899
200;1741096375909
200;1741096375975
200;1741096380869
200;1741096380930
200;1741096380943
200;1741096385859
200;1741096385890
200;1741096386004
200;1741096390897
200;1741096390942
200;1741096390951
200;1741096395904
200;1741096395916
200;1741096396142
200;1741096400879
200;1741096400905
200;1741096400916
200;1741096405882
200;1741096405953
200;1741096405964
200;1741096410921
200;1741096411076
100;1741096415883
200;1741096415933
200;1741096416120
200;1741096420880
200;1741096420912
200;1741096420920
200;1741096425948
200;1741096425958
200;1741096425966
200;1741096430914
200;1741096430946
200;1741096430970
200;1741096435893
200;1741096435936
200;1741096435946
200;1741096440876
200;1741096440928
200;1741096440969
200;1741096445917
200;1741096445929
200;1741096446041
200;1741096450871
200;1741096450948
200;1741096450956
200;1741096455879
200;1741096455929
200;1741096455939
200;1741096460869
200;1741096460880
200;1741096460963
200;1741096465968
200;1741096465977
200;1741096466069
200;1741096470917
200;1741096470930
200;1741096470954
200;1741096475892
200;1741096475902
200;1741096476062
200;1741096480929
200;1741096480938
200;1741096480945
200;1741096485895
200;1741096485909
200;1741096485990
200;1741096490871
200;1741096490913
200;1741096490923
200;1741096495982
200;1741096496060
200;1741096496130
200;1741096500916
200;1741096500928
200;1741096500933
200;1741096505924
200;1741096505936
200;1741096506035
200;1741096510913
200;1741096510923
200;1741096510994
200;1741096515885
200;1741096515895
200;1741096515976
200;1741096520873
200;1741096520943
200;1741096520949
200;1741096525913
200;1741096525924
200;1741096526001
200;1741096530883
200;1741096530910
200;1741096530920
200;1741096535876
200;1741096535973
200;1741096535980
200;1741096540858
200;1741096540913
200;1741096540997
200;1741096545918
200;1741096545928
200;1741096545953
200;1741096550927
200;1741096550973
200;1741096550981
200;1741096555962
200;1741096555972
200;1741096556050
200;1741096560865
200;1741096560909
200;1741096560920
200;1741096565877
200;1741096565966
200;1741096565973
200;1741096570873
200;1741096570883
200;1741096570948
200;1741096575917
200;1741096575929
200;1741096575936
200;1741096580868
200;1741096580921
200;1741096580980
200;1741096585924
200;1741096585965
200;1741096585976
200;1741096590882
200;1741096590937
200;1741096590949
200;1741096595872
200;1741096595884
200;1741096595997
200;1741096600908
200;1741096600918
200;1741096600923
200;1741096605914
200;1741096605924
200;1741096605975
200;1741096610878
200;1741096610973
200;1741096610981
200;1741096615871
200;1741096615913
200;1741096615924
200;1741096620969
200;1741096620980
200;1741096621263
200;1741096625877
200;1741096625980
200;1741096625991
200;1741096630913
200;1741096630924
200;1741096630989
200;1741096635877
200;1741096635888
200;1741096635987
200;1741096640867
200;1741096640930
200;1741096640942
200;1741096645880
200;1741096645990
200;1741096646000
200;1741096650921
200;1741096650931
200;1741096650937
200;1741096655896
200;1741096655940
200;1741096655974
200;1741096660920
200;1741096660929
200;1741096661017
200;1741096665984
200;1741096666001
200;1741096666129
200;1741096670934
200;1741096670945
200;1741096670953
200;1741096675871
200;1741096675882
200;1741096675995
200;1741096680962
200;1741096680969
200;1741096681056
200;1741096685920
200;1741096685930
200;1741096685976
200;1741096690934
200;1741096690943
200;1741096691026
200;1741096695893
200;1741096695934
200;1741096695945
200;1741096700871
200;1741096700935
200;1741096700947
200;1741096705892
200;1741096705933
200;1741096705945
200;1741096710946
200;1741096710959
200;1741096710989
200;1741096715978
200;1741096715990
200;1741096716026
200;1741096720877
200;1741096720951
200;1741096720975
200;1741096725863
200;1741096725919
200;1741096726057
200;1741096730930
200;1741096730959
200;1741096731021
200;1741096735895
200;1741096735906
200;1741096735994
200;1741096740922
200;1741096740953
200;1741096740962
200;1741096745898
200;1741096745942
200;1741096746000
200;1741096750900
200;1741096750983
200;1741096751116
200;1741096755894
200;1741096755905
200;1741096756158
200;1741096760897
200;1741096760907
200;1741096761093
200;1741096765880
200;1741096765971
200;1741096770914
200;1741096770926
200;1741096770934
200;1741096775871
200;1741096775905
200;1741096775954
200;1741096780900
200;1741096780944
200;1741096780952
200;1741096785865
200;1741096785923
200;1741096785935
200;1741096790921
200;1741096790933
200;1741096790956
200;1741096795918
200;1741096795928
200;1741096796034
200;1741096800876
200;1741096801003
200;1741096801015
200;1741096805868
200;1741096805916
200;1741096805924
200;1741096810865
200;1741096810939
200;1741096810948
200;1741096815870
200;1741096815914
200;1741096815922
200;1741096820963
200;1741096820970
200;1741096821091
200;1741096825869
200;1741096825914
200;1741096825922
200;1741096830862
200;1741096830948
200;1741096835865
200;1741096835919
200;1741096835926
200;1741096840896
200;1741096840905
200;1741096840939
200;1741096845874
200;1741096845882
200;1741096846071
200;1741096850931
200;1741096850942
200;1741096850972
200;1741096855917
200;1741096855925
200;1741096855931
200;1741096860911
200;1741096860918
200;1741096861072
200;1741096865968
200;1741096865977
200;1741096865995
200;1741096870930
200;1741096870936
200;1741096871011
200;1741096875900
200;1741096875914
200;1741096876032
200;1741096880865
200;1741096880907
200;1741096880942
200;1741096885873
200;1741096885913
200;1741096885919
200;1741096890894
200;1741096890974
200;1741096891092
200;1741096895869
200;1741096895878
200;1741096895978
200;1741096900914
200;1741096900925
200;1741096900933
200;1741096905866
200;1741096905974
200;1741096905982
200;1741096910919
200;1741096910931
200;1741096910938
200;1741096915871
200;1741096915968
200;1741096915974
200;1741096920913
200;1741096920921
200;1741096920957
200;1741096925895
200;1741096925903
200;1741096925945
200;1741096930911
200;1741096930960
200;1741096931073
200;1741096935879
200;1741096935942
200;1741096935950
200;1741096940933
200;1741096940942
200;1741096941103
200;1741096945895
200;1741096945959
200;1741096946075
200;1741096950971
200;1741096950978
200;1741096950990
200;1741096955874
200;1741096955907
200;1741096955912
200;1741096960896
200;1741096960907
200;1741096960995
200;1741096965884
200;1741096965895
200;1741096965962
200;1741096970867
200;1741096970979
200;1741096970987
200;1741096975974
200;1741096975982
200;1741096976182
200;1741096980867
200;1741096980911
200;1741096980922
200;1741096985868
200;1741096985916
200;1741096985925
200;1741096990878
200;1741096990998
200;1741096991007
200;1741096995897
200;1741096995908
200;1741096996003
200;1741097000903
200;1741097000914
200;1741097001046
200;1741097005900
200;1741097005909
200;1741097005999
200;1741097010906
200;1741097010984
200;1741097010995
200;1741097015866
200;1741097015927
200;1741097015939
200;1741097020866
200;1741097020910
200;1741097020918
200;1741097025961
200;1741097025970
200;1741097026016
200;1741097030891
200;1741097030900
200;1741097030957
200;1741097035911
200;1741097035921
200;1741097035951
200;1741097040874
200;1741097040883
200;1741097041143
200;1741097045911
200;1741097045919
200;1741097045925
200;1741097050894
200;1741097050948
200;1741097051046
200;1741097055877
200;1741097055919
200;1741097055929
200;1741097060880
200;1741097060911
200;1741097060920
200;1741097065877
200;1741097065949
200;1741097065991
200;1741097070859
200;1741097070888
200;1741097070963
200;1741097075873
200;1741097075883
200;1741097075992
200;1741097080907
200;1741097081031
200;1741097083537
200;1741097085989
200;1741097085998
200;1741097086059
200;1741097090921
200;1741097090931
200;1741097090974
200;1741097095920
200;1741097095929
200;1741097095935
200;1741097100868
200;1741097100880
200;1741097100956
200;1741097105867
200;1741097105908
200;1741097105915
200;1741097110875
200;1741097110911
200;1741097110999
200;1741097115865
200;1741097115907
200;1741097115914
200;1741097120887
200;1741097120930
200;1741097120936
200;1741097125887
200;1741097125896
200;1741097125984
200;1741097130875
200;1741097130919
200;1741097130931
200;1741097135984
200;1741097136145
200;1741097136303
200;1741097140870
200;1741097140991
200;1741097141000
200;1741097145880
200;1741097145912
200;1741097145979
200;1741097150928
200;1741097150938
200;1741097150955
200;1741097155915
200;1741097155923
200;1741097155930
200;1741097160896
200;1741097160907
200;1741097161084
200;1741097165897
200;1741097165908
200;1741097165996
200;1741097170925
200;1741097170950
200;1741097170956
200;1741097175994
200;1741097176005
200;1741097176036
200;1741097180867
200;1741097180952
200;1741097180977
200;1741097185887
200;1741097185898
200;1741097185923
200;1741097190867
200;1741097190877
200;1741097190972
200;1741097195912
200;1741097195922
200;1741097195963
200;1741097200883
200;1741097200891
200;1741097200909
200;1741097205910
200;1741097205920
200;1741097206016
200;1741097210896
200;1741097210904
200;1741097210940
200;1741097215867
200;1741097216006
200;1741097216016
200;1741097220967
200;1741097220974
200;1741097220993
200;1741097225911
200;1741097225922
200;1741097226082
200;1741097230865
200;1741097230908
200;1741097230918
200;1741097235869
200;1741097235949
200;1741097235957
200;1741097240968
200;1741097240981
200;1741097240989
200;1741097245964
200;1741097246055
200;1741097248200
200;1741097250908
200;1741097250938
200;1741097250945
200;1741097255879
200;1741097255908
200;1741097255913
200;1741097260871
200;1741097260992
200;1741097261000
200;1741097265971
200;1741097265977
200;1741097266119
200;1741097270928
200;1741097270939
200;1741097271003
200;1741097275911
200;1741097275920
200;1741097275926
200;1741097280912
200;1741097280927
200;1741097280935
200;1741097285926
200;1741097285936
200;1741097286117
200;1741097290931
200;1741097290939
200;1741097290977
200;1741097295892
200;1741097295943
200;1741097295977
200;1741097300941
200;1741097300949
200;1741097300988
200;1741097305893
200;1741097305903
200;1741097306044
200;1741097310920
200;1741097310928
200;1741097310947
200;1741097315879
200;1741097315921
200;1741097315932
200;1741097320928
200;1741097320938
200;1741097320981
200;1741097325873
200;1741097325883
200;1741097325915
200;1741097330870
200;1741097330952
200;1741097330962
200;1741097335865
200;1741097335936
200;1741097335945
200;1741097340917
200;1741097341103
200;1741097343849
200;1741097345907
200;1741097345918
200;1741097345942
200;1741097350870
200;1741097350882
200;1741097350955
200;1741097355879
200;1741097355945
200;1741097355952
200;1741097360868
200;1741097360923
200;1741097360931
200;1741097365922
200;1741097365933
200;1741097365996
200;1741097370882
200;1741097370908
200;1741097370916
200;1741097375868
200;1741097375900
200;1741097375935
200;1741097380866
200;1741097380911
200;1741097380921
200;1741097385979
200;1741097385989
200;1741097386034
200;1741097390936
200;1741097390947
200;1741097391001
200;1741097395908
200;1741097395918
200;1741097395961
200;1741097400911
200;1741097400926
200;1741097400933
200;1741097405867
200;1741097405907
200;1741097405916
200;1741097410875
200;1741097410965
200;1741097410972
200;1741097415896
200;1741097415940
200;1741097416043
200;1741097420899
200;1741097420908
200;1741097421025
200;1741097425912
200;1741097425921
200;1741097425927
200;1741097430876
200;1741097430920
200;1741097430932
200;1741097435899
200;1741097435910
200;1741097435949
200;1741097440877
200;1741097440952
200;1741097440960
200;1741097445920
200;1741097445952
200;1741097445959
200;1741097450963
200;1741097451000
200;1741097451013
200;1741097455901
200;1741097455911
200;1741097456044
200;1741097460914
200;1741097460922
200;1741097461031
200;1741097465900
200;1741097465910
200;1741097466008
200;1741097470875
200;1741097470887
200;1741097470941
200;1741097475868
200;1741097475911
200;1741097475920
200;1741097480927
200;1741097480935
200;1741097481015
200;1741097485869
200;1741097485881
200;1741097485958
200;1741097490875
200;1741097490958
200;1741097490966
200;1741097495914
200;1741097495956
200;1741097495967
200;1741097500866
200;1741097500914
200;1741097500924
200;1741097505875
200;1741097505927
200;1741097505936
200;1741097510866
200;1741097510917
200;1741097510924
200;1741097515907
200;1741097515918
200;1741097515938
200;1741097520881
200;1741097520891
200;1741097521021
200;1741097525920
200;1741097525932
200;1741097525940
200;1741097530921
200;1741097530929
200;1741097530934
200;1741097535900
200;1741097535910
200;1741097536004
200;1741097540974
200;1741097541013
200;1741097541077
200;1741097545888
200;1741097545900
200;1741097546006
200;1741097550868
200;1741097550960
200;1741097550970
200;1741097555866
200;1741097555937
200;1741097555944
200;1741097560913
200;1741097560923
200;1741097560929
200;1741097565867
200;1741097565877
200;1741097566013
200;1741097570939
200;1741097570950
200;1741097570957
200;1741097575890
200;1741097575902
200;1741097576037
200;1741097580866
200;1741097580929
200;1741097580964
200;1741097585889
200;1741097585901
200;1741097585952
200;1741097590930
200;1741097590941
200;1741097591100
200;1741097595940
200;1741097595953
200;1741097596096
200;1741097600907
200;1741097600918
200;1741097600985
200;1741097605895
200;1741097605947
200;1741097605954
200;1741097610908
200;1741097610917
200;1741097611063
200;1741097615877
200;1741097615980
200;1741097615989
200;1741097620910
200;1741097620922
200;1741097621057
200;1741097625980
200;1741097625990
200;1741097626073
200;1741097630856
200;1741097630973
200;1741097631150
200;1741097635868
200;1741097635964
200;1741097635972
200;1741097640894
200;1741097640932
200;1741097640939
200;1741097645866
200;1741097645908
200;1741097645918
200;1741097650940
200;1741097650949
200;1741097651104
200;1741097655866
200;1741097655908
200;1741097655917
200;1741097660919
200;1741097660931
200;1741097663366
200;1741097665887
200;1741097665901
200;1741097665923
200;1741097670868
200;1741097670879
200;1741097670939
200;1741097675996
200;1741097676008
200;1741097676017
200;1741097680919
200;1741097680930
200;1741097680938
200;1741097685871
200;1741097685899
200;1741097685911
200;1741097690909
200;1741097690921
200;1741097690932
200;1741097695898
200;1741097695912
200;1741097695976
200;1741097700911
200;1741097700919
200;1741097700936
200;1741097705915
200;1741097705925
200;1741097705960
200;1741097710875
200;1741097710972
200;1741097710981
200;1741097715882
200;1741097716000
200;1741097718427
200;1741097720934
200;1741097720945
200;1741097720989
200;1741097725912
200;1741097725923
200;1741097725930
200;1741097730892
200;1741097730905
200;1741097730937
200;1741097735868
200;1741097735911
200;1741097735919
200;1741097740867
200;1741097740907
200;1741097740919
200;1741097745867
200;1741097745909
200;1741097745920
200;1741097750866
200;1741097750914
200;1741097750922
200;1741097755908
200;1741097755928
200;1741097757870
200;1741097760894
200;1741097760968
200;1741097760977
200;1741097765893
200;1741097765942
200;1741097765953
200;1741097770907
200;1741097770917
200;1741097771004
200;1741097775877
200;1741097775959
200;1741097775969
200;1741097781032
200;1741097783347
200;1741097783549
200;1741097785964
200;1741097785977
200;1741097786004
200;1741097790879
200;1741097790987
200;1741097791001
200;1741097795900
200;1741097795966
200;1741097795978
200;1741097800875
200;1741097800985
200;1741097801139
200;1741097805932
200;1741097806000
200;1741097806013
200;1741097810915
200;1741097810925
200;1741097810932
200;1741097815890
200;1741097815927
200;1741097815953
200;1741097820887
200;1741097820896
200;1741097820945
200;1741097825909
200;1741097825917
200;1741097828505
200;1741097830878
200;1741097833533
200;1741097833800
200;1741097835946
200;1741097835957
200;1741097835977
200;1741097840868
200;1741097840935
200;1741097840947
200;1741097845867
200;1741097845955
200;1741097845965
200;1741097850875
200;1741097850886
200;1741097850923
200;1741097855919
200;1741097855929
200;1741097855935
200;1741097861007
200;1741097861025
200;1741097863538
200;1741097865917
200;1741097865927
200;1741097865934
200;1741097870921
200;1741097870931
200;1741097870940
200;1741097875868
200;1741097875912
200;1741097875922
200;1741097880877
200;1741097880984
200;1741097880995
200;1741097885973
200;1741097885985
200;1741097886076
200;1741097890861
200;1741097890902
200;1741097891136
200;1741097895917
200;1741097895929
200;1741097895953
200;1741097900916
200;1741097900931
200;1741097900945
200;1741097905896
200;1741097905906
200;1741097905951
200;1741097910954
200;1741097910962
200;1741097910984
200;1741097915891
200;1741097915902
200;1741097915984
200;1741097920919
200;1741097920929
200;1741097920935
200;1741097925950
200;1741097926080
200;1741097928167
200;1741097930896
200;1741097930947
200;1741097931043
200;1741097935935
200;1741097935944
200;1741097936020
200;1741097941009
200;1741097941015
200;1741097941021
200;1741097945894
200;1741097945904
200;1741097945975
200;1741097950866
200;1741097950911
200;1741097950921
200;1741097955907
200;1741097955915
200;1741097955922
200;1741097960892
200;1741097960903
200;1741097960958
200;1741097965904
200;1741097965915
200;1741097965967
200;1741097970879
200;1741097970915
200;1741097970925
200;1741097975887
200;1741097975932
200;1741097975943
200;1741097980868
200;1741097980905
200;1741097980973
200;1741097985875
200;1741097985963
200;1741097986038
200;1741097990913
200;1741097990922
200;1741097990968
200;1741097995871
200;1741097995936
200;1741097995943
200;1741098000868
200;1741098000956
200;1741098000965
200;1741098005902
200;1741098005912
200;1741098005933
200;1741098010965
200;1741098010974
200;1741098013522
200;1741098015891
200;1741098015900
200;1741098015959
200;1741098020911
200;1741098020919
200;1741098020925
200;1741098025865
200;1741098025906
200;1741098025914
200;1741098030880
200;1741098030916
200;1741098030928
200;1741098035911
200;1741098035918
200;1741098035924
200;1741098040867
200;1741098040918
200;1741098040928
200;1741098045960
200;1741098045971
200;1741098046087
200;1741098050868
200;1741098050913
200;1741098050926
200;1741098055983
200;1741098056063
200;1741098056099
200;1741098060959
200;1741098060967
200;1741098063261
200;1741098065923
200;1741098065932
200;1741098066023
200;1741098070866
200;1741098070939
200;1741098070946
200;1741098075894
200;1741098075917
200;1741098076054
200;1741098080867
200;1741098080923
200;1741098080933
200;1741098085872
200;1741098085961
200;1741098085973
200;1741098090897
200;1741098090906
200;1741098090970
200;1741098095914
200;1741098095924
200;1741098095931
200;1741098100886
200;1741098100951
200;1741098101011
200;1741098105869
200;1741098105926
200;1741098105933
200;1741098110907
200;1741098110916
200;1741098110922
200;1741098115983
200;1741098116033
200;1741098116126
200;1741098120883
200;1741098120891
200;1741098120949
200;1741098125868
200;1741098125914
200;1741098125922
200;1741098130867
200;1741098130878
200;1741098131075
200;1741098135948
200;1741098135956
200;1741098136106
200;1741098140923
200;1741098140960
200;1741098141085
200;1741098145903
200;1741098145912
200;1741098146004
200;1741098150988
200;1741098151057
200;1741098151104
200;1741098155869
200;1741098155913
200;1741098155921
200;1741098160866
200;1741098160931
200;1741098160940
200;1741098165913
200;1741098165922
200;1741098165995
200;1741098170962
200;1741098170980
200;1741098171028
200;1741098175896
200;1741098175907
200;1741098176144
200;1741098180906
200;1741098180913
200;1741098180998
200;1741098185932
200;1741098185945
200;1741098186018
200;1741098190867
200;1741098190936
200;1741098190949
200;1741098195882
200;1741098195918
200;1741098195926
200;1741098200918
200;1741098200945
200;1741098200956
200;1741098205907
200;1741098205917
200;1741098205922
200;1741098210901
200;1741098210913
200;1741098211020
200;1741098215914
200;1741098215923
200;1741098215939
200;1741098220875
200;1741098220904
200;1741098220916
200;1741098225937
200;1741098225945
200;1741098226016
200;1741098230952
200;1741098230960
200;1741098231014
200;1741098235895
200;1741098235906
200;1741098235944
200;1741098240919
200;1741098240970
200;1741098241040
200;1741098245872
200;1741098245925
200;1741098245961
200;1741098250873
200;1741098250888
200;1741098251074
200;1741098255869
200;1741098255921
200;1741098255932
200;1741098260910
200;1741098260986
200;1741098265932
200;1741098265942
200;1741098265974
200;1741098270887
200;1741098270917
200;1741098270950
200;1741098275870
200;1741098275920
200;1741098275925
200;1741098280922
200;1741098280933
200;1741098280962
200;1741098285899
200;1741098285944
200;1741098286069
200;1741098290916
200;1741098290924
200;1741098290965
200;1741098295923
200;1741098295932
200;1741098295942
200;1741098300866
200;1741098300935
200;1741098300942
200;1741098305923
200;1741098305933
200;1741098305959
200;1741098310911
200;1741098310920
200;1741098310927
200;1741098315895
200;1741098315903
200;1741098318539
200;1741098320907
200;1741098320915
200;1741098320985
200;1741098325878
200;1741098325934
200;1741098325942
200;1741098330927
200;1741098330935
200;1741098330941
200;1741098335915
200;1741098335925
200;1741098335931
200;1741098340912
200;1741098340972
200;1741098341059
200;1741098345885
200;1741098345943
200;1741098345967
200;1741098350875
200;1741098350905
200;1741098353731
200;1741098355935
200;1741098355946
200;1741098356013
200;1741098360909
200;1741098360919
200;1741098360942
200;1741098365912
200;1741098365922
200;1741098365930
200;1741098370972
200;1741098370984
200;1741098371050
200;1741098375926
200;1741098375935
200;1741098376035
200;1741098380864
200;1741098380956
200;1741098380968
200;1741098385866
200;1741098385913
200;1741098385919
200;1741098390916
200;1741098390983
200;1741098390992
200;1741098395887
200;1741098395898
200;1741098396040
200;1741098400935
200;1741098400944
200;1741098400979
200;1741098405873
200;1741098405886
200;1741098406086
200;1741098410867
200;1741098410942
200;1741098413475
200;1741098415876
200;1741098415934
200;1741098415943
200;1741098420874
200;1741098420991
200;1741098420998
200;1741098425939
200;1741098425949
200;1741098425956
200;1741098430872
200;1741098430969
200;1741098430978
200;1741098436061
200;1741098436131
200;1741098440914
200;1741098440924
200;1741098441106
200;1741098445891
200;1741098445930
200;1741098445938
200;1741098450948
200;1741098450957
200;1741098451095
200;1741098455907
200;1741098455935
200;1741098455941
200;1741098460930
200;1741098460941
200;1741098461005
200;1741098465901
200;1741098465915
200;1741098465936
200;1741098470925
200;1741098470935
200;1741098470992
200;1741098475927
200;1741098475934
200;1741098475943
200;1741098480884
200;1741098480894
200;1741098480914
200;1741098485927
200;1741098485938
200;1741098486136
200;1741098490911
200;1741098490923
200;1741098491020
200;1741098495896
200;1741098495906
200;1741098496080
200;1741098500902
200;1741098500912
200;1741098501096
200;1741098505920
200;1741098505932
200;1741098505974
200;1741098510983
200;1741098511005
200;1741098511150
200;1741098515911
200;1741098515920
200;1741098515928
200;1741098520869
200;1741098520931
200;1741098520940
200;1741098525975
200;1741098525982
200;1741098526004
200;1741098530912
200;1741098530924
200;1741098530957
200;1741098535912
200;1741098535924
200;1741098535931
200;1741098540897
200;1741098540914
200;1741098541060
200;1741098545916
200;1741098545927
200;1741098545955
200;1741098550900
200;1741098550932
200;1741098551072
200;1741098555858
200;1741098555900
200;1741098555970
200;1741098560909
200;1741098560937
200;1741098561035
200;1741098565866
200;1741098565910
200;1741098565920
200;1741098570867
200;1741098570911
200;1741098570919
200;1741098575897
200;1741098575917
200;1741098575941
200;1741098580923
200;1741098580979
200;1741098580986
200;1741098585855
200;1741098585993
200;1741098586078
200;1741098590925
200;1741098590934
200;1741098591088
200;1741098595875
200;1741098595968
200;1741098595981
200;1741098600908
200;1741098600918
200;1741098600925
200;1741098605924
200;1741098605939
200;1741098605984
200;1741098610910
200;1741098610940
200;1741098610946
200;1741098615872
200;1741098615882
200;1741098615916
200;1741098620866
200;1741098620915
200;1741098620955
200;1741098625921
200;1741098625927
200;1741098625933
200;1741098630966
200;1741098630973
200;1741098630981
200;1741098635890
200;1741098635903
200;1741098635977
200;1741098640915
200;1741098640925
200;1741098640958
200;1741098645872
200;1741098645919
200;1741098645926
200;1741098650939
200;1741098650947
200;1741098650953
200;1741098655901
200;1741098655980
200;1741098655992
200;1741098660872
200;1741098660950
200;1741098660963
200;1741098665913
200;1741098665922
200;1741098665955
200;1741098670935
200;1741098670942
200;1741098671037
200;1741098675911
200;1741098675922
200;1741098675929
200;1741098680953
200;1741098680962
200;1741098681060
200;1741098685877
200;1741098685964
200;1741098685975
200;1741098690900
200;1741098690910
200;1741098690977
200;1741098695949
200;1741098695957
200;1741098696224
200;1741098700884
200;1741098700918
200;1741098701075
200;1741098705952
200;1741098705960
200;1741098706140
200;1741098710882
200;1741098710895
200;1741098710935
200;1741098715868
200;1741098715915
200;1741098715926
200;1741098720871
200;1741098720944
200;1741098720979
200;1741098725888
200;1741098725898
200;1741098725946
200;1741098730898
200;1741098730910
200;1741098730947
200;1741098735981
200;1741098735989
200;1741098736141
200;1741098740866
200;1741098740945
200;1741098740951
200;1741098745875
200;1741098745948
200;1741098745956
200;1741098750916
200;1741098750929
200;1741098750990
200;1741098755879
200;1741098755947
200;1741098755951
200;1741098760892
200;1741098761008
200;1741098761115
200;1741098765897
200;1741098765912
200;1741098765972
200;1741098770875
200;1741098770925
200;1741098773203
200;1741098775912
200;1741098775922
200;1741098775958
200;1741098780915
200;1741098780923
200;1741098780990
200;1741098785965
200;1741098785976
200;1741098786035
200;1741098790866
200;1741098790961
200;1741098790970
200;1741098795907
200;1741098795923
200;1741098795930
200;1741098800912
200;1741098800922
200;1741098801030
200;1741098805913
200;1741098805925
200;1741098805933
200;1741098810985
200;1741098811066
200;1741098811229
200;1741098815908
200;1741098815917
200;1741098815988
200;1741098820867
200;1741098820913
200;1741098820922
200;1741098825876
200;1741098825921
200;1741098825929
200;1741098830895
200;1741098830903
200;1741098830947
200;1741098835927
200;1741098835935
200;1741098835956
200;1741098840915
200;1741098840926
200;1741098840975
200;1741098845866
200;1741098845912
200;1741098845921
200;1741098850914
200;1741098850923
200;1741098850929
200;1741098855865
200;1741098855944
200;1741098855951
200;1741098860920
200;1741098860929
200;1741098860936
200;1741098865866
200;1741098865908
200;1741098865918
200;1741098870918
200;1741098870929
200;1741098871027
200;1741098875912
200;1741098875928
200;1741098875937
200;1741098880923
200;1741098880931
200;1741098880936
200;1741098885870
200;1741098885928
200;1741098885936
200;1741098890868
200;1741098890956
200;1741098890968
200;1741098895874
200;1741098895936
200;1741098895945
200;1741098900882
200;1741098900927
200;1741098900937
200;1741098905865
200;1741098905948
200;1741098905958
200;1741098910866
200;1741098910900
200;1741098910934
200;1741098915925
200;1741098916000
200;1741098916117
200;1741098921005
200;1741098921017
200;1741098923820
200;1741098925877
200;1741098925949
200;1741098925958
200;1741098930896
200;1741098930907
200;1741098930962
200;1741098935930
200;1741098935941
200;1741098936047
200;1741098940865
200;1741098940949
200;1741098940961
200;1741098945865
200;1741098945908
200;1741098945922
200;1741098950873
200;1741098950965
200;1741098950972
200;1741098955949
200;1741098955959
200;1741098955996
200;1741098960880
200;1741098960949
200;1741098961097
200;1741098965875
200;1741098965885
200;1741098965949
200;1741098970906
200;1741098970914
200;1741098970968
200;1741098975897
200;1741098975908
200;1741098975987
200;1741098980991
200;1741098981004
200;1741098981089
200;1741098985873
200;1741098985919
200;1741098985930
200;1741098990870
200;1741098990926
200;1741098990939
200;1741098995867
200;1741098995942
200;1741098995950
200;1741099000899
200;1741099000908
200;1741099000995
200;1741099005876
200;1741099005903
200;1741099005913
200;1741099010891
200;1741099010900
200;1741099010981
200;1741099015887
200;1741099015897
200;1741099015980
200;1741099020897
200;1741099020909
200;1741099025882
200;1741099025893
200;1741099026051
200;1741099030887
200;1741099030897
200;1741099030988
200;1741099035866
200;1741099035928
200;1741099035941
200;1741099040873
200;1741099040921
200;1741099040933
200;1741099045916
200;1741099045928
200;1741099046020
200;1741099050873
200;1741099050884
200;1741099051015
200;1741099055907
200;1741099055915
200;1741099055954
200;1741099060917
200;1741099060946
200;1741099060953
200;1741099065895
200;1741099065904
200;1741099065952
200;1741099070908
200;1741099070917
200;1741099071093
200;1741099075891
200;1741099075905
200;1741099076046
200;1741099080948
200;1741099080958
200;1741099081035
200;1741099085910
200;1741099085918
200;1741099085998
200;1741099090918
200;1741099090925
200;1741099090933
200;1741099095979
200;1741099095992
200;1741099096137
200;1741099100876
200;1741099100911
200;1741099101048
200;1741099105866
200;1741099105946
200;1741099105953
200;1741099110963
200;1741099110970
200;1741099110990
200;1741099115907
200;1741099115918
200;1741099115925
200;1741099120976
200;1741099120987
200;1741099121174
200;1741099125866
200;1741099125941
200;1741099125950
200;1741099130945
200;1741099130953
200;1741099131052
200;1741099135881
200;1741099135925
200;1741099135936
200;1741099140873
200;1741099140989
200;1741099141000
200;1741099145878
200;1741099145976
200;1741099146103
200;1741099150965
200;1741099150975
200;1741099151061
200;1741099155865
200;1741099155927
200;1741099155935
200;1741099160884
200;1741099160894
200;1741099160930
200;1741099165923
200;1741099165933
200;1741099166032
200;1741099170871
200;1741099170955
200;1741099170962
200;1741099175874
200;1741099175908
200;1741099176026
200;1741099180899
200;1741099180974
200;1741099181082
200;1741099185902
200;1741099185912
200;1741099185973
200;1741099190924
200;1741099190932
200;1741099193712
200;1741099195907
200;1741099195959
200;1741099196025
200;1741099200923
200;1741099200936
200;1741099201020
200;1741099205877
200;1741099205904
200;1741099205909
200;1741099210938
200;1741099210945
200;1741099210954
200;1741099215868
200;1741099215910
200;1741099215915
200;1741099220892
200;1741099220903
200;1741099220999
200;1741099225936
200;1741099225943
200;1741099226011
200;1741099230898
200;1741099230907
200;1741099230925
200;1741099235965
200;1741099235973
200;1741099236067
200;1741099243359
200;1741099243370
200;1741099243391
200;1741099245908
200;1741099245958
200;1741099245968
200;1741099250874
200;1741099250902
200;1741099250913
200;1741099255939
200;1741099255949
200;1741099256024
200;1741099260904
200;1741099260914
200;1741099260931
200;1741099265871
200;1741099265880
200;1741099266036
200;1741099270888
200;1741099270900
200;1741099270947
200;1741099275866
200;1741099275939
200;1741099275946
200;1741099280872
200;1741099280883
200;1741099280980
200;1741099285929
200;1741099285939
200;1741099285946
200;1741099290866
200;1741099290897
200;1741099290935
200;1741099295934
200;1741099295946
200;1741099296227
200;1741099300952
200;1741099300962
200;1741099301060
200;1741099305922
200;1741099305976
200;1741099306011
200;1741099310906
200;1741099310916
200;1741099311032
200;1741099315874
200;1741099315974
200;1741099315980
200;1741099320891
200;1741099320900
200;1741099320981
200;1741099325915
200;1741099325975
200;1741099325986
200;1741099330914
200;1741099330991
200;1741099331001
200;1741099335910
200;1741099335920
200;1741099335926
200;1741099340882
200;1741099340892
200;1741099340993
200;1741099345886
200;1741099345916
200;1741099346436
200;1741099350892
200;1741099350938
200;1741099350945
200;1741099355872
200;1741099355919
200;1741099355924
200;1741099360908
200;1741099360918
200;1741099360985
200;1741099365911
200;1741099365961
200;1741099365972
200;1741099370913
200;1741099370922
200;1741099370940
200;1741099375911
200;1741099375918
200;1741099375988
200;1741099380907
200;1741099380915
200;1741099380920
200;1741099385924
200;1741099385979
200;1741099385989
200;1741099390913
200;1741099390920
200;1741099390928
200;1741099395896
200;1741099395907
200;1741099395918
200;1741099400907
200;1741099400916
200;1741099400922
200;1741099405885
200;1741099405896
200;1741099405991
200;1741099410900
200;1741099410910
200;1741099410941
200;1741099415867
200;1741099415925
200;1741099415935
200;1741099420897
200;1741099420905
200;1741099420999
200;1741099425902
200;1741099425994
200;1741099426091
200;1741099430893
200;1741099430954
200;1741099432902
200;1741099435900
200;1741099435908
200;1741099435972
200;1741099440896
200;1741099440906
200;1741099440930
200;1741099445865
200;1741099445968
200;1741099446054
200;1741099450965
200;1741099450973
200;1741099453749
200;1741099455871
200;1741099455919
200;1741099455931
200;1741099460975
200;1741099460983
200;1741099461007
200;1741099465874
200;1741099465942
200;1741099465952
200;1741099470880
200;1741099470906
200;1741099470914
200;1741099475908
200;1741099475919
200;1741099475925
200;1741099480874
200;1741099480923
200;1741099480931
200;1741099485867
200;1741099485956
200;1741099485965
200;1741099490871
200;1741099490911
200;1741099490917
200;1741099495880
200;1741099495891
200;1741099496049
200;1741099500896
200;1741099500952
200;1741099501049
200;1741099505931
200;1741099505940
200;1741099505960
200;1741099510911
200;1741099510920
200;1741099510927
200;1741099515869
200;1741099515918
200;1741099515926
200;1741099520893
200;1741099520901
200;1741099520954
200;1741099525876
200;1741099525902
200;1741099525909
200;1741099530867
200;1741099530903
200;1741099530914
200;1741099535924
200;1741099535937
200;1741099536097
200;1741099540935
200;1741099540945
200;1741099543245
200;1741099545896
200;1741099545923
200;1741099545931
200;1741099550896
200;1741099550954
200;1741099553532
200;1741099555982
200;1741099555990
200;1741099556017
200;1741099560932
200;1741099560941
200;1741099560977
200;1741099565938
200;1741099565945
200;1741099566029
200;1741099570966
200;1741099570973
200;1741099571034
200;1741099575988
200;1741099575997
200;1741099576018
200;1741099580935
200;1741099580945
200;1741099581014
200;1741099585936
200;1741099585948
200;1741099585980
200;1741099590922
200;1741099590932
200;1741099590988
200;1741099595907
200;1741099595943
200;1741099595954
200;1741099600958
200;1741099600967
200;1741099601060
200;1741099605908
200;1741099605948
200;1741099605960
200;1741099610924
200;1741099610935
200;1741099610974
200;1741099616031
200;1741099616064
200;1741099616125
200;1741099620956
200;1741099620968
200;1741099621000
200;1741099625949
200;1741099625959
200;1741099625979
200;1741099630933
200;1741099630963
200;1741099630971
200;1741099636003
200;1741099636014
200;1741099636261
200;1741099640946
200;1741099640956
200;1741099640999
200;1741099645962
200;1741099645972
200;1741099645985
200;1741099650915
200;1741099650992
200;1741099651030
200;1741099655921
200;1741099655925
200;1741099655929
200;1741099660901
200;1741099660913
200;1741099661092
200;1741099665937
200;1741099665945
200;1741099666038
200;1741099670912
200;1741099670923
200;1741099670978
200;1741099675920
200;1741099675995
200;1741099676005
200;1741099680925
200;1741099680935
200;1741099681034
200;1741099685981
200;1741099685992
200;1741099686000
200;1741099690932
200;1741099690945
200;1741099691100
200;1741099695996
200;1741099696008
200;1741099696049
200;1741099700932
200;1741099700944
200;1741099703269
200;1741099705916
200;1741099705927
200;1741099705967
200;1741099710885
200;1741099710991
200;1741099710998
200;1741099715953
200;1741099715964
200;1741099716011
200;1741099720900
200;1741099720964
200;1741099721009
200;1741099725894
200;1741099725962
200;1741099725970
200;1741099730919
200;1741099730929
200;1741099735886
200;1741099735969
200;1741099735975
200;1741099740947
200;1741099740957
200;1741099740973
200;1741099745927
200;1741099746036
200;1741099746108
200;1741099750927
200;1741099750936
200;1741099750978
200;1741099755983
200;1741099755993
200;1741099756060
200;1741099760966
200;1741099760974
200;1741099761123
200;1741099765929
200;1741099765938
200;1741099765944
200;1741099770915
200;1741099773280
200;1741099773900
200;1741099775879
200;1741099775972
200;1741099775982
200;1741099780939
200;1741099780949
200;1741099780955
200;1741099785921
200;1741099785975
200;1741099786000
200;1741099790888
200;1741099790960
200;1741099791003
200;1741099795894
200;1741099795950
200;1741099795956
200;1741099801039
200;1741099801048
200;1741099801096
200;1741099805928
200;1741099805938
200;1741099806074
200;1741099810917
200;1741099810924
200;1741099810976
200;1741099815952
200;1741099815962
200;1741099815969
200;1741099820923
200;1741099820931
200;1741099820935
200;1741099825940
200;1741099825951
200;1741099825960
200;1741099830935
200;1741099830952
200;1741099831024
200;1741099835976
200;1741099835983
200;1741099836009
200;1741099840923
200;1741099840934
200;1741099840941
200;1741099845894
200;1741099845902
200;1741099845935
200;1741099850996
200;1741099851007
200;1741099853615
200;1741099855896
200;1741099855906
200;1741099855973
200;1741099860928
200;1741099860939
200;1741099861108
200;1741099865923
200;1741099865933
200;1741099865998
200;1741099870889
200;1741099870934
200;1741099870945
200;1741099875886
200;1741099875968
200;1741099875979
200;1741099880964
200;1741099880975
200;1741099881028
200;1741099885931
200;1741099885939
200;1741099885964
200;1741099890886
200;1741099890987
200;1741099890995
200;1741099895947
200;1741099896060
200;1741099898111
200;1741099900923
200;1741099901021
200;1741099903740
200;1741099905976
200;1741099905984
200;1741099906093
200;1741099910971
200;1741099910979
200;1741099911065
200;1741099915951
200;1741099915980
200;1741099916026
200;1741099920891
200;1741099921013
200;1741099921112
200;1741099925931
200;1741099925943
200;1741099925950
200;1741099930936
200;1741099930982
200;1741099933588
200;1741099935944
200;1741099935953
200;1741099935980
200;1741099940940
200;1741099940947
200;1741099940953
200;1741099945941
200;1741099945975
200;1741099945986
200;1741099950948
200;1741099950959
200;1741099951044
200;1741099955924
200;1741099955929
200;1741099955985
200;1741099961000
200;1741099961009
200;1741099961044
200;1741099965948
200;1741099965956
200;1741099965965
200;1741099970932
200;1741099970943
200;1741099970975
200;1741099975898
200;1741099975909
200;1741099975940
200;1741099980928
200;1741099980937
200;1741099980942
200;1741099985889
200;1741099985900
200;1741099985938
200;1741099990889
200;1741099990948
200;1741099990958
200;1741099995896
200;1741099995988
200;1741099996123
200;1741100000906
200;1741100000916
200;1741100000941
200;1741100005884
200;1741100005928
200;1741100005939
200;1741100010927
200;1741100010996
200;1741100011009
200;1741100015883
200;1741100015931
200;1741100015990
200;1741100020886
200;1741100020947
200;1741100020955
200;1741100025924
200;1741100025935
200;1741100025966
200;1741100030977
200;1741100031025
200;1741100033736
200;1741100035908
200;1741100035921
200;1741100035944
200;1741100040883
200;1741100040964
200;1741100040977
200;1741100045928
200;1741100045940
200;1741100045970
200;1741100050923
200;1741100050932
200;1741100050945
200;1741100055890
200;1741100055904
200;1741100056018
200;1741100060896
200;1741100060991
200;1741100061001
200;1741100065904
200;1741100066018
200;1741100066074
200;1741100070900
200;1741100070955
200;1741100070962
200;1741100075916
200;1741100075926
200;1741100076004
200;1741100080967
200;1741100080977
200;1741100081035
200;1741100085939
200;1741100085947
200;1741100085989
200;1741100090924
200;1741100090934
200;1741100091025
200;1741100095929
200;1741100095939
200;1741100096080
200;1741100100939
200;1741100100949
200;1741100100980
200;1741100105927
200;1741100105939
200;1741100105944
200;1741100110959
200;1741100110969
200;1741100111175
200;1741100115915
200;1741100115978
200;1741100116094
200;1741100120967
200;1741100120975
200;1741100121018
200;1741100125917
200;1741100125925
200;1741100126144
200;1741100130928
200;1741100130943
200;1741100130950
200;1741100135937
200;1741100135947
200;1741100136059
200;1741100140889
200;1741100140931
200;1741100140943
200;1741100145941
200;1741100145949
200;1741100146002
200;1741100150976
200;1741100150985
200;1741100151113
200;1741100155892
200;1741100155935
200;1741100155945
200;1741100160895
200;1741100160935
200;1741100160945
200;1741100165926
200;1741100165957
200;1741100166030
200;1741100170908
200;1741100170917
200;1741100170952
200;1741100175912
200;1741100175991
200;1741100175998
200;1741100180897
200;1741100180945
200;1741100181032
200;1741100185929
200;1741100185936
200;1741100185942
200;1741100190920
200;1741100190932
200;1741100191002
200;1741100195883
200;1741100196040
200;1741100198233
200;1741100200896
200;1741100200989
200;1741100201005
200;1741100205945
200;1741100205956
200;1741100206184
200;1741100210883
200;1741100210942
200;1741100210950
200;1741100215886
200;1741100215927
200;1741100215937
200;1741100220888
200;1741100220954
200;1741100223830
200;1741100225902
200;1741100225912
200;1741100225995
200;1741100230980
200;1741100230991
200;1741100231020
200;1741100235887
200;1741100235996
200;1741100236007
200;1741100240941
200;1741100240959
200;1741100240965
200;1741100245909
200;1741100245921
200;1741100245995
200;1741100250909
200;1741100250920
200;1741100250949
200;1741100255901
200;1741100255931
200;1741100255939
200;1741100260893
200;1741100260930
200;1741100261055
200;1741100266005
200;1741100266048
200;1741100268888
200;1741100270900
200;1741100270963
200;1741100270976
200;1741100275977
200;1741100275989
200;1741100275999
200;1741100280989
200;1741100281000
200;1741100281013
200;1741100285938
200;1741100285949
200;1741100285991
200;1741100290898
200;1741100290982
200;1741100290992
200;1741100295907
200;1741100295953
200;1741100295958
200;1741100300932
200;1741100301016
200;1741100301027
200;1741100305938
200;1741100305947
200;1741100305993
200;1741100310900
200;1741100310952
200;1741100313359
200;1741100315904
200;1741100315913
200;1741100315957
200;1741100320934
200;1741100320946
200;1741100320952
200;1741100325944
200;1741100325953
200;1741100326046
200;1741100330913
200;1741100330921
200;1741100330971
200;1741100335955
200;1741100335965
200;1741100336033
200;1741100341032
200;1741100341037
200;1741100341192
200;1741100345916
200;1741100345928
200;1741100346101
200;1741100350909
200;1741100350920
200;1741100350952
200;1741100355866
200;1741100355926
200;1741100355932
200;1741100360867
200;1741100360878
200;1741100360900
200;1741100365881
200;1741100365972
200;1741100365981
200;1741100370885
200;1741100370978
200;1741100371016
200;1741100375972
200;1741100375982
200;1741100376021
200;1741100380887
200;1741100380896
200;1741100380921
200;1741100385955
200;1741100385964
200;1741100386040
200;1741100390865
200;1741100390907
200;1741100390917
200;1741100395913
200;1741100395923
200;1741100395980
200;1741100400888
200;1741100400898
200;1741100400912
200;1741100405928
200;1741100405935
200;1741100405990
200;1741100410971
200;1741100410978
200;1741100411060
200;1741100415869
200;1741100415934
200;1741100415940
200;1741100420924
200;1741100420963
200;1741100421041
200;1741100425922
200;1741100425932
200;1741100428695
200;1741100430925
200;1741100430934
200;1741100430967
200;1741100435869
200;1741100435935
200;1741100435943
200;1741100440982
200;1741100441049
200;1741100441157
200;1741100445911
200;1741100445918
200;1741100445991
200;1741100450907
200;1741100450956
200;1741100451001
200;1741100455947
200;1741100455955
200;1741100455962
200;1741100460866
200;1741100460928
200;1741100460939
200;1741100465911
200;1741100465921
200;1741100465950
200;1741100470908
200;1741100470918
200;1741100470975
200;1741100475866
200;1741100475915
200;1741100475951
200;1741100480923
200;1741100480932
200;1741100480941
200;1741100485956
200;1741100485967
200;1741100485973
200;1741100490869
200;1741100490923
200;1741100490930
200;1741100495888
200;1741100495898
200;1741100495951
200;1741100500888
200;1741100500930
200;1741100500940
200;1741100505865
200;1741100505943
200;1741100505950
200;1741100510866
200;1741100510914
200;1741100510922
200;1741100515880
200;1741100515890
200;1741100515988
200;1741100520901
200;1741100520912
200;1741100520919
200;1741100525867
200;1741100525920
200;1741100525926
200;1741100530911
200;1741100530919
200;1741100530941
200;1741100535907
200;1741100535916
200;1741100535922
200;1741100540964
200;1741100540971
200;1741100541021
200;1741100545899
200;1741100545906
200;1741100546154
200;1741100550874
200;1741100550940
200;1741100550949
200;1741100555863
200;1741100555896
200;1741100556015
200;1741100560920
200;1741100560933
200;1741100560939
200;1741100565945
200;1741100565951
200;1741100565986
200;1741100570934
200;1741100570941
200;1741100570961
200;1741100576024
200;1741100576176
200;1741100577903
200;1741100580902
200;1741100580965
200;1741100581043
200;1741100585960
200;1741100585968
200;1741100586046
200;1741100590911
200;1741100590920
200;1741100590984
200;1741100595872
200;1741100595882
200;1741100595969
200;1741100600865
200;1741100600927
200;1741100600937
200;1741100605916
200;1741100605924
200;1741100605977
200;1741100610911
200;1741100610920
200;1741100610954
200;1741100617008
200;1741100617061
200;1741100617155
200;1741100620889
200;1741100620931
200;1741100620941
200;1741100625909
200;1741100626074
200;1741100627899
200;1741100630923
200;1741100630971
200;1741100630977
200;1741100635927
200;1741100635937
200;1741100635991
200;1741100640932
200;1741100640938
200;1741100640961
200;1741100645920
200;1741100645928
200;1741100645966
200;1741100650911
200;1741100651003
200;1741100651013
200;1741100655908
200;1741100655920
200;1741100655927
200;1741100660915
200;1741100660924
200;1741100660992
200;1741100665888
200;1741100665955
200;1741100665966
200;1741100670900
200;1741100670912
200;1741100670961
200;1741100675867
200;1741100675907
200;1741100675917
200;1741100680915
200;1741100680927
200;1741100680958
200;1741100685967
200;1741100686002
200;1741100686043
200;1741100690896
200;1741100690909
200;1741100691132
200;1741100695916
200;1741100695925
200;1741100695962
200;1741100700910
200;1741100700921
200;1741100701041
200;1741100705910
200;1741100705918
200;1741100706113
200;1741100710869
200;1741100710956
200;1741100710967
200;1741100715983
200;1741100715995
200;1741100716094
200;1741100720913
200;1741100720923
200;1741100720929
200;1741100725924
200;1741100725934
200;1741100725940
200;1741100730893
200;1741100731091
200;1741100733405
200;1741100735895
200;1741100735925
200;1741100736133
200;1741100740908
200;1741100740955
200;1741100740965
200;1741100745924
200;1741100745989
200;1741100746143
200;1741100750884
200;1741100750904
200;1741100750952
200;1741100755872
200;1741100755928
200;1741100755947
200;1741100760904
200;1741100760916
200;1741100760923
200;1741100765955
200;1741100765964
200;1741100765991
200;1741100770901
200;1741100770912
200;1741100771048
200;1741100775881
200;1741100775892
200;1741100775921
200;1741100780955
200;1741100780963
200;1741100780968
200;1741100785961
200;1741100785966
200;1741100788784
200;1741100790866
200;1741100790955
200;1741100790961
200;1741100795885
200;1741100795933
200;1741100795941
200;1741100800896
200;1741100800907
200;1741100801035
200;1741100805866
200;1741100805907
200;1741100805917
200;1741100810913
200;1741100810918
200;1741100811006
200;1741100815903
200;1741100815914
200;1741100815971
200;1741100820967
200;1741100820976
200;1741100820995
200;1741100825928
200;1741100825938
200;1741100826038
200;1741100830867
200;1741100830908
200;1741100830919
200;1741100835902
200;1741100835983
200;1741100838479
200;1741100840971
200;1741100841050
200;1741100843444
200;1741100845980
200;1741100845991
200;1741100846002
200;1741100850878
200;1741100850972
200;1741100850984
200;1741100855923
200;1741100855931
200;1741100855967
200;1741100860875
200;1741100860983
200;1741100860992
200;1741100865866
200;1741100865908
200;1741100865918
200;1741100870911
200;1741100870920
200;1741100871000
200;1741100875898
200;1741100875908
200;1741100875982
200;1741100880963
200;1741100880972
200;1741100881047
200;1741100885941
200;1741100885949
200;1741100885970
200;1741100890904
200;1741100890914
200;1741100890946
200;1741100895945
200;1741100895952
200;1741100895974
200;1741100900881
200;1741100900891
200;1741100900898
200;1741100905878
200;1741100905889
200;1741100905931
200;1741100910893
200;1741100910905
200;1741100910952
200;1741100915874
200;1741100915957
200;1741100915966
200;1741100920916
200;1741100920928
200;1741100920937
200;1741100925928
200;1741100925940
200;1741100926008
200;1741100930904
200;1741100930914
200;1741100931017
200;1741100935925
200;1741100935973
200;1741100935983
200;1741100940948
200;1741100940959
200;1741100943687
200;1741100945905
200;1741100945917
200;1741100945960
200;1741100950918
200;1741100950931
200;1741100951025
200;1741100955989
200;1741100955998
200;1741100956133
200;1741100960908
200;1741100960917
200;1741100960962
200;1741100965872
200;1741100965953
200;1741100965960
200;1741100970875
200;1741100970964
200;1741100970974
200;1741100976042
200;1741100977897
200;1741100978835
200;1741100980867
200;1741100980943
200;1741100980992
200;1741100985865
200;1741100985940
200;1741100985947
200;1741100990958
200;1741100990968
200;1741100991043
200;1741100995972
200;1741100995980
200;1741100996027
200;1741101000936
200;1741101001055
200;1741101002889
200;1741101005873
200;1741101005886
200;1741101006045
200;1741101010967
200;1741101010975
200;1741101011004
200;1741101015921
200;1741101015932
200;1741101015938
200;1741101020938
200;1741101020949
200;1741101021046
200;1741101025925
200;1741101025938
200;1741101025963
200;1741101030934
200;1741101030958
200;1741101031103
200;1741101035988
200;1741101036055
200;1741101036129
200;1741101040871
200;1741101040955
200;1741101040964
200;1741101045948
200;1741101045957
200;1741101045964
200;1741101050892
200;1741101050902
200;1741101051008
200;1741101055908
200;1741101055920
200;1741101055927
200;1741101060971
200;1741101060982
200;1741101061026
200;1741101065867
200;1741101065922
200;1741101065931
200;1741101070912
200;1741101070922
200;1741101070971
200;1741101075867
200;1741101075929
200;1741101075939
200;1741101080905
200;1741101080916
200;1741101080950
200;1741101085881
200;1741101085920
200;1741101085930
200;1741101090889
200;1741101090953
200;1741101091021
200;1741101095987
200;1741101096011
200;1741101096093
200;1741101100877
200;1741101100960
200;1741101100968
200;1741101105872
200;1741101105967
200;1741101106004
200;1741101110878
200;1741101110905
200;1741101110917
200;1741101115868
200;1741101116009
200;1741101116018
200;1741101120877
200;1741101121004
200;1741101121013
200;1741101125867
200;1741101125998
200;1741101126004
200;1741101130891
200;1741101130901
200;1741101130963
200;1741101135869
200;1741101135912
200;1741101135922
200;1741101140926
200;1741101140974
200;1741101141064
200;1741101145906
200;1741101145918
200;1741101145926
200;1741101150913
200;1741101150932
200;1741101150938
200;1741101155875
200;1741101155927
200;1741101155934
200;1741101160892
200;1741101160904
200;1741101161073
200;1741101165907
200;1741101165917
200;1741101165923
200;1741101170898
200;1741101170930
200;1741101171010
200;1741101175873
200;1741101175964
200;1741101175974
200;1741101180906
200;1741101180914
200;1741101180920
200;1741101185928
200;1741101185936
200;1741101185943
200;1741101190930
200;1741101190942
200;1741101190979
200;1741101195912
200;1741101195924
200;1741101195932
200;1741101200968
200;1741101200976
200;1741101200986
200;1741101205925
200;1741101205937
200;1741101208138
200;1741101210892
200;1741101210902
200;1741101211297
200;1741101215891
200;1741101215905
200;1741101216014
200;1741101220917
200;1741101220927
200;1741101220944
200;1741101225931
200;1741101225941
200;1741101225947
200;1741101230916
200;1741101230928
200;1741101230973
200;1741101235867
200;1741101235878
200;1741101235933
200;1741101240911
200;1741101240956
200;1741101243188
200;1741101245866
200;1741101245914
200;1741101245920
200;1741101250972
200;1741101250983
200;1741101251032
200;1741101255877
200;1741101255967
200;1741101255976
200;1741101260907
200;1741101260919
200;1741101260968
200;1741101265856
200;1741101265967
200;1741101265975
200;1741101270896
200;1741101270911
200;1741101270988
200;1741101276021
200;1741101276057
200;1741101276085
200;1741101280908
200;1741101280949
200;1741101280958
200;1741101285889
200;1741101285903
200;1741101285980
200;1741101290870
200;1741101290990
200;1741101291004
200;1741101295876
200;1741101295906
200;1741101295946
200;1741101300875
200;1741101300916
200;1741101300928
200;1741101306008
200;1741101306015
200;1741101306075
200;1741101310921
200;1741101310931
200;1741101310957
200;1741101315867
200;1741101315928
200;1741101315938
200;1741101320901
200;1741101320909
200;1741101320998
200;1741101325921
200;1741101325932
200;1741101326129
200;1741101330951
200;1741101330961
200;1741101331007
200;1741101335866
200;1741101335928
200;1741101335937
200;1741101340877
200;1741101340919
200;1741101340931
200;1741101345947
200;1741101345959
200;1741101346035
200;1741101350916
200;1741101350928
200;1741101350936
200;1741101355908
200;1741101355917
200;1741101355997
200;1741101360867
200;1741101360914
200;1741101360921
200;1741101365934
200;1741101365945
200;1741101365951
200;1741101370933
200;1741101370989
200;1741101373597
200;1741101375874
200;1741101375964
200;1741101375971
200;1741101380873
200;1741101380885
200;1741101380950
200;1741101385877
200;1741101385935
200;1741101385972
200;1741101390955
200;1741101390962
200;1741101391040
200;1741101395951
200;1741101395958
200;1741101395967
200;1741101400869
200;1741101400882
200;1741101400916
200;1741101405890
200;1741101405901
200;1741101405982
200;1741101410873
200;1741101410915
200;1741101410924
200;1741101415857
200;1741101415876
200;1741101415948
200;1741101420943
200;1741101420975
200;1741101421027
200;1741101425866
200;1741101425910
200;1741101425922
200;1741101430867
200;1741101430960
200;1741101430971
200;1741101435977
200;1741101435989
200;1741101436044
200;1741101440881
200;1741101440899
200;1741101440936
200;1741101445947
200;1741101445956
200;1741101446040
200;1741101450947
200;1741101450957
200;1741101450991
200;1741101455948
200;1741101455958
200;1741101455993
200;1741101460928
200;1741101460939
200;1741101461000
200;1741101465925
200;1741101466012
200;1741101466084
200;1741101470866
200;1741101470918
200;1741101470933
200;1741101475944
200;1741101475955
200;1741101475963
200;1741101480881
200;1741101480962
200;1741101480995
200;1741101485960
200;1741101485971
200;1741101486018
200;1741101490904
200;1741101490915
200;1741101490994
200;1741101495872
200;1741101495916
200;1741101495929
200;1741101500923
200;1741101500931
200;1741101500940
200;1741101505933
200;1741101505945
200;1741101505953
200;1741101510897
200;1741101510907
200;1741101511004
200;1741101515916
200;1741101515925
200;1741101516025
200;1741101521011
200;1741101521023
200;1741101523477
200;1741101525929
200;1741101525941
200;1741101526003
200;1741101530960
200;1741101530971
200;1741101530979
200;1741101535932
200;1741101535943
200;1741101536027
200;1741101540920
200;1741101540932
200;1741101540982
200;1741101545954
200;1741101545999
200;1741101546143
200;1741101550986
200;1741101551029
200;1741101551113
200;1741101555868
200;1741101555900
200;1741101555910
200;1741101560955
200;1741101560963
200;1741101561167
200;1741101565919
200;1741101565963
200;1741101565972
200;1741101570940
200;1741101570949
200;1741101571169
200;1741101575865
200;1741101575955
200;1741101575965
200;1741101580870
200;1741101580938
200;1741101580946
200;1741101585872
200;1741101585963
200;1741101585972
200;1741101590916
200;1741101590926
200;1741101591007
200;1741101595875
200;1741101595948
200;1741101595956
200;1741101600914
200;1741101600921
200;1741101600989
200;1741101605933
200;1741101605942
200;1741101606019
200;1741101610909
200;1741101610917
200;1741101611210
200;1741101615920
200;1741101615930
200;1741101616051
200;1741101620877
200;1741101620919
200;1741101620931
200;1741101625919
200;1741101625926
200;1741101625935
200;1741101630954
200;1741101630963
200;1741101631060
200;1741101635882
200;1741101635937
200;1741101635945
200;1741101640877
200;1741101640902
200;1741101640910
200;1741101645915
200;1741101645925
200;1741101645958
200;1741101650866
200;1741101650941
200;1741101650949
200;1741101655875
200;1741101655905
200;1741101655913
200;1741101660866
200;1741101660913
200;1741101660968
200;1741101665910
200;1741101665921
200;1741101665929
200;1741101670908
200;1741101670939
200;1741101670946
200;1741101675876
200;1741101675924
200;1741101675936
200;1741101680919
200;1741101680930
200;1741101680990
200;1741101685867
200;1741101685915
200;1741101685923
200;1741101690896
200;1741101690908
200;1741101690971
200;1741101695900
200;1741101695915
200;1741101696003
200;1741101700910
200;1741101700923
200;1741101701060
200;1741101705882
200;1741101705906
200;1741101705917
200;1741101710916
200;1741101710927
200;1741101711064
200;1741101715857
200;1741101715988
200;1741101716055
200;1741101720923
200;1741101720976
200;1741101721094
200;1741101725882
200;1741101725893
200;1741101726016
200;1741101730910
200;1741101730921
200;1741101730993
200;1741101735933
200;1741101735974
200;1741101738646
200;1741101740896
200;1741101740940
200;1741101740951
200;1741101745915
200;1741101745926
200;1741101745958
200;1741101750899
200;1741101750912
200;1741101751039
200;1741101755871
200;1741101755889
200;1741101755934
200;1741101761014
200;1741101761063
200;1741101761141
200;1741101765946
200;1741101765956
200;1741101768809
200;1741101770875
200;1741101770916
200;1741101770926
200;1741101775956
200;1741101775963
200;1741101776112
200;1741101780940
200;1741101780950
200;1741101781034
200;1741101785866
200;1741101785940
200;1741101785947
200;1741101790877
200;1741101790934
200;1741101790942
200;1741101795964
200;1741101795976
200;1741101796020
200;1741101800924
200;1741101800935
200;1741101800945
200;1741101805927
200;1741101805937
200;1741101805981
200;1741101810876
200;1741101810925
200;1741101810934
200;1741101815875
200;1741101815916
200;1741101815928
200;1741101820908
200;1741101820921
200;1741101820948
200;1741101825877
200;1741101825920
200;1741101825931
200;1741101830886
200;1741101830909
200;1741101830974
200;1741101835901
200;1741101835912
200;1741101835976
200;1741101840878
200;1741101840969
200;1741101840978
200;1741101845923
200;1741101845935
200;1741101846001
200;1741101850957
200;1741101850966
200;1741101851020
200;1741101855918
200;1741101855925
200;1741101855932
200;1741101860943
200;1741101860950
200;1741101860976
200;1741101865908
200;1741101865919
200;1741101865925
200;1741101870870
200;1741101870912
200;1741101870924
200;1741101875883
200;1741101875890
200;1741101875986
200;1741101880921
200;1741101880959
200;1741101881108
200;1741101885919
200;1741101885932
200;1741101885939
200;1741101890947
200;1741101890955
200;1741101891013
200;1741101895951
200;1741101895959
200;1741101896050
200;1741101900956
200;1741101900967
200;1741101900989
200;1741101905919
200;1741101905929
200;1741101906036
200;1741101910957
200;1741101910967
200;1741101911005
200;1741101915986
200;1741101915995
200;1741101916028
200;1741101920859
200;1741101920947
200;1741101923492
200;1741101925972
200;1741101928266
200;1741101928435
200;1741101930898
200;1741101930957
200;1741101930992
200;1741101935943
200;1741101935951
200;1741101936151
200;1741101940924
200;1741101940930
200;1741101940995
200;1741101945928
200;1741101945940
200;1741101945991
200;1741101950971
200;1741101950980
200;1741101951041
200;1741101955943
200;1741101955953
200;1741101955960
200;1741101960868
200;1741101960913
200;1741101960926
200;1741101965867
200;1741101965938
200;1741101965946
200;1741101970873
200;1741101970917
200;1741101970929
200;1741101975864
200;1741101975896
200;1741101976019
200;1741101980904
200;1741101980915
200;1741101981105
200;1741101985871
200;1741101985882
200;1741101985937
200;1741101990947
200;1741101991102
200;1741101991125
200;1741101995889
200;1741101995899
200;1741101995997
200;1741102000934
200;1741102000941
200;1741102001011
200;1741102005911
200;1741102005930
200;1741102005939
200;1741102010985
200;1741102010994
200;1741102011017
200;1741102015929
200;1741102015936
200;1741102016084
200;1741102020899
200;1741102020909
200;1741102020959
200;1741102025871
200;1741102025948
200;1741102025957
200;1741102030895
200;1741102030904
200;1741102031056
200;1741102035866
200;1741102035929
200;1741102035939
200;1741102040924
200;1741102040935
200;1741102040947
200;1741102045921
200;1741102045931
200;1741102045938
200;1741102050871
200;1741102050922
200;1741102050932
200;1741102055893
200;1741102055903
200;1741102055949
200;1741102060912
200;1741102060922
200;1741102060975
200;1741102065903
200;1741102065910
200;1741102065915
200;1741102070892
200;1741102070927
200;1741102071055
200;1741102075913
200;1741102075925
200;1741102075936
200;1741102080932
200;1741102080945
200;1741102080996
200;1741102085920
200;1741102085952
200;1741102085959
200;1741102091016
200;1741102091029
200;1741102091268
200;1741102095871
200;1741102095911
200;1741102095919
200;1741102100912
200;1741102100923
200;1741102100951
200;1741102105878
200;1741102105892
200;1741102106047
200;1741102110875
200;1741102110902
200;1741102110914
200;1741102115886
200;1741102115951
200;1741102115963
200;1741102120918
200;1741102120929
200;1741102120953
200;1741102125908
200;1741102125992
200;1741102126042
200;1741102130912
200;1741102130923
200;1741102130936
200;1741102135896
200;1741102135908
200;1741102135968
200;1741102140904
200;1741102140915
200;1741102140931
200;1741102145879
200;1741102145916
200;1741102145925
200;1741102150900
200;1741102150942
200;1741102151086
200;1741102155866
200;1741102155923
200;1741102155934
200;1741102160865
200;1741102160938
200;1741102160945
200;1741102165907
200;1741102165916
200;1741102165987
200;1741102170892
200;1741102170904
200;1741102171040
200;1741102175933
200;1741102175943
200;1741102176060
200;1741102180917
200;1741102180931
200;1741102181036
200;1741102185908
200;1741102185919
200;1741102185996
200;1741102190869
200;1741102190882
200;1741102190973
200;1741102195912
200;1741102195925
200;1741102195969
200;1741102200867
200;1741102200939
200;1741102200946
200;1741102205901
200;1741102205911
200;1741102205969
200;1741102210896
200;1741102210905
200;1741102210977
200;1741102215874
200;1741102215969
200;1741102215977
200;1741102220875
200;1741102220925
200;1741102220931
200;1741102225868
200;1741102225907
200;1741102225916
200;1741102230921
200;1741102230933
200;1741102230941
200;1741102235939
200;1741102235948
200;1741102236007
200;1741102240930
200;1741102240940
200;1741102240972
200;1741102245905
200;1741102245916
200;1741102246027
200;1741102250867
200;1741102250913
200;1741102250924
200;1741102255932
200;1741102255941
200;1741102256002
200;1741102260873
200;1741102260883
200;1741102261136
200;1741102265895
200;1741102265904
200;1741102265960
200;1741102270866
200;1741102270908
200;1741102270919
200;1741102275909
200;1741102275919
200;1741102275928
200;1741102280891
200;1741102280900
200;1741102280943
200;1741102285976
200;1741102285988
200;1741102286217
200;1741102290875
200;1741102290897
200;1741102290945
200;1741102295968
200;1741102295978
200;1741102296097
200;1741102300895
200;1741102300904
200;1741102300954
200;1741102305916
200;1741102305953
200;1741102306001
200;1741102310892
200;1741102310901
200;1741102311048
200;1741102315938
200;1741102315948
200;1741102316020
200;1741102320909
200;1741102320917
200;1741102320923
200;1741102325889
200;1741102325900
200;1741102326027
200;1741102330859
200;1741102330888
200;1741102330970
200;1741102335876
200;1741102335960
200;1741102335965
200;1741102340936
200;1741102340943
200;1741102340979
200;1741102345870
200;1741102345921
200;1741102345959
200;1741102350920
200;1741102350953
200;1741102351070
200;1741102355919
200;1741102355925
200;1741102355975
200;1741102360891
200;1741102360902
200;1741102363830
200;1741102365916
200;1741102365928
200;1741102365975
200;1741102370902
200;1741102370914
200;1741102371003
200;1741102375892
200;1741102375904
200;1741102376270
200;1741102380929
200;1741102380939
200;1741102381011
200;1741102385917
200;1741102385927
200;1741102385975
200;1741102390964
200;1741102390978
200;1741102391052
200;1741102395932
200;1741102395944
200;1741102396058
200;1741102400865
200;1741102400908
200;1741102400920
200;1741102405899
200;1741102405954
200;1741102405963
200;1741102410915
200;1741102410968
200;1741102410976
200;1741102415979
200;1741102415990
200;1741102416131
200;1741102420911
200;1741102420923
200;1741102420984
200;1741102425922
200;1741102425933
200;1741102425962
200;1741102430917
200;1741102430926
200;1741102430960
200;1741102435878
200;1741102435906
200;1741102435914
200;1741102440866
200;1741102440907
200;1741102440916
200;1741102445896
200;1741102445907
200;1741102445978
200;1741102450878
200;1741102450889
200;1741102451047
200;1741102455888
200;1741102455900
200;1741102455932
200;1741102460970
200;1741102460978
200;1741102463538
200;1741102465985
200;1741102466050
200;1741102466164
200;1741102470913
200;1741102470923
200;1741102471018
200;1741102475912
200;1741102475922
200;1741102475933
200;1741102480871
200;1741102480961
200;1741102480969
200;1741102485972
200;1741102485981
200;1741102486054
200;1741102490900
200;1741102490908
200;1741102493763
200;1741102495883
200;1741102495927
200;1741102495937
200;1741102500972
200;1741102500983
200;1741102501051
200;1741102505958
200;1741102505967
200;1741102506001
200;1741102510872
200;1741102510989
200;1741102513426
200;1741102515912
200;1741102515937
200;1741102515944
200;1741102520893
200;1741102520931
200;1741102520987
200;1741102525872
200;1741102525955
200;1741102525963
200;1741102530901
200;1741102530910
200;1741102530991
200;1741102535866
200;1741102535915
200;1741102535956
200;1741102540870
200;1741102540950
200;1741102540959
200;1741102545897
200;1741102545908
200;1741102545916
200;1741102550868
200;1741102550910
200;1741102550919
200;1741102555905
200;1741102555916
200;1741102556068
200;1741102560913
200;1741102560925
200;1741102560932
200;1741102565912
200;1741102565923
200;1741102565930
200;1741102570912
200;1741102570921
200;1741102570929
200;1741102575865
200;1741102575902
200;1741102575910
200;1741102580972
200;1741102580982
200;1741102581127
200;1741102585866
200;1741102585915
200;1741102585923
200;1741102590867
200;1741102590912
200;1741102590922
200;1741102595876
200;1741102595886
200;1741102595948
200;1741102600900
200;1741102600910
200;1741102600975
200;1741102605972
200;1741102606016
200;1741102608615
200;1741102610908
200;1741102610956
200;1741102610965
200;1741102615877
200;1741102615887
200;1741102616044
200;1741102620911
200;1741102620966
200;1741102620984
200;1741102625916
200;1741102625926
200;1741102625933
200;1741102630881
200;1741102630926
200;1741102630935
200;1741102635919
200;1741102635932
200;1741102635971
200;1741102640880
200;1741102640891
200;1741102640979
200;1741102645912
200;1741102645924
200;1741102646169
200;1741102650878
200;1741102650936
200;1741102650948
200;1741102655945
200;1741102655953
200;1741102655958
200;1741102660875
200;1741102660960
200;1741102660970
200;1741102665885
200;1741102665935
200;1741102665973
200;1741102670908
200;1741102670922
200;1741102670928
200;1741102675857
200;1741102675909
200;1741102676106
200;1741102680929
200;1741102680939
200;1741102680988
200;1741102685986
200;1741102686001
200;1741102686079
200;1741102690904
200;1741102690914
200;1741102690941
200;1741102695946
200;1741102695972
200;1741102696071
200;1741102700890
200;1741102700900
200;1741102700978
200;1741102705957
200;1741102705964
200;1741102706117
200;1741102710873
200;1741102710916
200;1741102710928
200;1741102715928
200;1741102715938
200;1741102716012
200;1741102720928
200;1741102720939
200;1741102720946
200;1741102725923
200;1741102725947
200;1741102726222
200;1741102730965
200;1741102730975
200;1741102731071
200;1741102735868
200;1741102735955
200;1741102735964
200;1741102740930
200;1741102740939
200;1741102740947
200;1741102745912
200;1741102745940
200;1741102745946
200;1741102750937
200;1741102750946
200;1741102751099
200;1741102755866
200;1741102755967
200;1741102755974
200;1741102760976
200;1741102760985
200;1741102761107
200;1741102765971
200;1741102765981
200;1741102770880
200;1741102770931
200;1741102770937
200;1741102775969
200;1741102775979
200;1741102776061
200;1741102780891
200;1741102780902
200;1741102781042
200;1741102785886
200;1741102785919
200;1741102786008
200;1741102790871
200;1741102790915
200;1741102790925
200;1741102795911
200;1741102795945
200;1741102796119
200;1741102800874
200;1741102800921
200;1741102800933
200;1741102805889
200;1741102805922
200;1741102805928
200;1741102810909
200;1741102810916
200;1741102810922
200;1741102815869
200;1741102815911
200;1741102815920
200;1741102820892
200;1741102820901
200;1741102821083
200;1741102825894
200;1741102825901
200;1741102825917
200;1741102830963
200;1741102830980
200;1741102830987
200;1741102835896
200;1741102835907
200;1741102836140
200;1741102840986
200;1741102841006
200;1741102841040
200;1741102845907
200;1741102845918
200;1741102845959
200;1741102850881
200;1741102850906
200;1741102850919
200;1741102855870
200;1741102855955
200;1741102855968
200;1741102860903
200;1741102860914
200;1741102860938
200;1741102865928
200;1741102865937
200;1741102865993
200;1741102870905
200;1741102870918
200;1741102871052
200;1741102875912
200;1741102875923
200;1741102875948
200;1741102880891
200;1741102880988
200;1741102880995
200;1741102885887
200;1741102885898
200;1741102886052
200;1741102890917
200;1741102890924
200;1741102891018
200;1741102895892
200;1741102895903
200;1741102895992
200;1741102900908
200;1741102900917
200;1741102900963
200;1741102905911
200;1741102905922
200;1741102905961
200;1741102910959
200;1741102910967
200;1741102911029
200;1741102915971
200;1741102915981
200;1741102916039
200;1741102920911
200;1741102920921
200;1741102920929
200;1741102925917
200;1741102925927
200;1741102926032
200;1741102930866
200;1741102930899
200;1741102930935
200;1741102935967
200;1741102935975
200;1741102936015
200;1741102940901
200;1741102940910
200;1741102940971
200;1741102945865
200;1741102945921
200;1741102945929
200;1741102950922
200;1741102950928
200;1741102950936
200;1741102956009
200;1741102956012
200;1741102956039
200;1741102960987
200;1741102961006
200;1741102961059
200;1741102965866
200;1741102965928
200;1741102965938
200;1741102970873
200;1741102970924
200;1741102970959
200;1741102975869
200;1741102975922
200;1741102975928
200;1741102980906
200;1741102980915
200;1741102980947
200;1741102985920
200;1741102985930
200;1741102985937
200;1741102990911
200;1741102990933
200;1741102991010
200;1741102995905
200;1741102995911
200;1741102996015
200;1741103000867
200;1741103000965
200;1741103000999
200;1741103005872
200;1741103005940
200;1741103005949
200;1741103010915
200;1741103010923
200;1741103010929
200;1741103015873
200;1741103015916
200;1741103015924
200;1741103020905
200;1741103020912
200;1741103020943
200;1741103025867
200;1741103025900
200;1741103025936
200;1741103030919
200;1741103030928
200;1741103030944
200;1741103035903
200;1741103035974
200;1741103035985
200;1741103040875
200;1741103041000
200;1741103041068
200;1741103045922
200;1741103046008
200;1741103046138
200;1741103050927
200;1741103050937
200;1741103051029
200;1741103055906
200;1741103055916
200;1741103055947
200;1741103060950
200;1741103060959
200;1741103061089
200;1741103065866
200;1741103065955
200;1741103065966
200;1741103070871
200;1741103070912
200;1741103070923
200;1741103075870
200;1741103075910
200;1741103075921
200;1741103080951
200;1741103080960
200;1741103081031
200;1741103085866
200;1741103085907
200;1741103085919
200;1741103090951
200;1741103090962
200;1741103091030
200;1741103095919
200;1741103095929
200;1741103095936
200;1741103100866
200;1741103100919
200;1741103100926
200;1741103105875
200;1741103105931
200;1741103105939
200;1741103110875
200;1741103110921
200;1741103110926
200;1741103115900
200;1741103115912
200;1741103115997
200;1741103120907
200;1741103120915
200;1741103121204
200;1741103125877
200;1741103125971
200;1741103126009
200;1741103130867
200;1741103130912
200;1741103130923
200;1741103135872
200;1741103135886
200;1741103135972
200;1741103140978
200;1741103140985
200;1741103141040
200;1741103145885
200;1741103145927
200;1741103145937
200;1741103150907
200;1741103150917
200;1741103150925
200;1741103155879
200;1741103155924
200;1741103156011
200;1741103160911
200;1741103160991
200;1741103161003
200;1741103165871
200;1741103165883
200;1741103165991
200;1741103170908
200;1741103170924
200;1741103170932
200;1741103175868
200;1741103175958
200;1741103175965
200;1741103180875
200;1741103180885
200;1741103181079
200;1741103185878
200;1741103185908
200;1741103185915
200;1741103190865
200;1741103190987
200;1741103190999
200;1741103195875
200;1741103195884
200;1741103196000
200;1741103200931
200;1741103200942
200;1741103201022
200;1741103205912
200;1741103205924
200;1741103205933
200;1741103210902
200;1741103211058
200;1741103211146
200;1741103215947
200;1741103215957
200;1741103216166
200;1741103220915
200;1741103220926
200;1741103220984
200;1741103225882
200;1741103225894
200;1741103226052
200;1741103230868
200;1741103230950
200;1741103231020
200;1741103235874
200;1741103235951
200;1741103235960
200;1741103240918
200;1741103240952
200;1741103241013
200;1741103245917
200;1741103245924
200;1741103245931
200;1741103250868
200;1741103250880
200;1741103250928
200;1741103255912
200;1741103255979
200;1741103256010
200;1741103260866
200;1741103260903
200;1741103260934
200;1741103265913
200;1741103265923
200;1741103266000
200;1741103270947
200;1741103270954
200;1741103270961
200;1741103275920
200;1741103275931
200;1741103275950
200;1741103280892
200;1741103280930
200;1741103280981
200;1741103285875
200;1741103285927
200;1741103285937
200;1741103291002
200;1741103291010
200;1741103291095
200;1741103295866
200;1741103295908
200;1741103295918
200;1741103300923
200;1741103300932
200;1741103301002
200;1741103305896
200;1741103305908
200;1741103306019
200;1741103310884
200;1741103310894
200;1741103310915
200;1741103315895
200;1741103315906
200;1741103318787
200;1741103320926
200;1741103320937
200;1741103321147
200;1741103325911
200;1741103325921
200;1741103325955
200;1741103330899
200;1741103330909
200;1741103330938
200;1741103335972
200;1741103335983
200;1741103336024
200;1741103340956
200;1741103340963
200;1741103341073
200;1741103345866
200;1741103345969
200;1741103346040
200;1741103350933
200;1741103350943
200;1741103351012
200;1741103355911
200;1741103355922
200;1741103355929
200;1741103360900
200;1741103360912
200;1741103360932
200;1741103365935
200;1741103365947
200;1741103366182
200;1741103370888
200;1741103370972
200;1741103371110
200;1741103375897
200;1741103375935
200;1741103375940
200;1741103380876
200;1741103380919
200;1741103380931
200;1741103385911
200;1741103385920
200;1741103385987
200;1741103390911
200;1741103390923
200;1741103390931
200;1741103395878
200;1741103395909
200;1741103395950
200;1741103400872
200;1741103400884
200;1741103400966
200;1741103405920
200;1741103405932
200;1741103405941
200;1741103410877
200;1741103410904
200;1741103410943
200;1741103415897
200;1741103415979
200;1741103416074
200;1741103420867
200;1741103420943
200;1741103420951
200;1741103425910
200;1741103426056
200;1741103430876
200;1741103430887
200;1741103430955
200;1741103435913
200;1741103435922
200;1741103436018
200;1741103440875
200;1741103440944
200;1741103440948
200;1741103445864
200;1741103445923
200;1741103445932
200;1741103450944
200;1741103450955
200;1741103450980
200;1741103455972
200;1741103455984
200;1741103456127
200;1741103460907
200;1741103460917
200;1741103460941
200;1741103465951
200;1741103465958
200;1741103465976
200;1741103470910
200;1741103470918
200;1741103470960
200;1741103475887
200;1741103475897
200;1741103475955
200;1741103480919
200;1741103480931
200;1741103480979
200;1741103485911
200;1741103485946
200;1741103488388
200;1741103490866
200;1741103490941
200;1741103490949
200;1741103495866
200;1741103495907
200;1741103495919
200;1741103500892
200;1741103500995
200;1741103501116
200;1741103505903
200;1741103505923
200;1741103505995
200;1741103510887
200;1741103510899
200;1741103510983
200;1741103515880
200;1741103515905
200;1741103515914
200;1741103520867
200;1741103520961
200;1741103520966
200;1741103525931
200;1741103525941
200;1741103525982
200;1741103530914
200;1741103530923
200;1741103530986
200;1741103535915
200;1741103535924
200;1741103535978
200;1741103540867
200;1741103540907
200;1741103540916
200;1741103545892
200;1741103545902
200;1741103545941
200;1741103550866
200;1741103550958
200;1741103550966
200;1741103555868
200;1741103555956
200;1741103555969
200;1741103560866
200;1741103560924
200;1741103560936
200;1741103565871
200;1741103565949
200;1741103565961
200;1741103570924
200;1741103570933
200;1741103570963
200;1741103575866
200;1741103575907
200;1741103575919
200;1741103580871
200;1741103580907
200;1741103580918
200;1741103585874
200;1741103585924
200;1741103585931
200;1741103590940
200;1741103590949
200;1741103591074
200;1741103595912
200;1741103595922
200;1741103595961
200;1741103600921
200;1741103600929
200;1741103603143
200;1741103605896
200;1741103605908
200;1741103605931
200;1741103610924
200;1741103610933
200;1741103610960
200;1741103615867
200;1741103615959
200;1741103615972
200;1741103620907
200;1741103620919
200;1741103620926
200;1741103625952
200;1741103625963
200;1741103626059
200;1741103630874
200;1741103630901
200;1741103630940
200;1741103635917
200;1741103635934
200;1741103635992
200;1741103640919
200;1741103640933
200;1741103640953
200;1741103645865
200;1741103645907
200;1741103645916
200;1741103650916
200;1741103650926
200;1741103650951
200;1741103655900
200;1741103655911
200;1741103656107
200;1741103660910
200;1741103660921
200;1741103661024
200;1741103665875
200;1741103665980
200;1741103666052
200;1741103670888
200;1741103670897
200;1741103670910
200;1741103675909
200;1741103675920
200;1741103675975
200;1741103680917
200;1741103680928
200;1741103680997
200;1741103685974
200;1741103685986
200;1741103686044
200;1741103690875
200;1741103690962
200;1741103690975
200;1741103695876
200;1741103695927
200;1741103695939
200;1741103700911
200;1741103700919
200;1741103700925
200;1741103705896
200;1741103705907
200;1741103705956
200;1741103710918
200;1741103710924
200;1741103711060
200;1741103715869
200;1741103715922
200;1741103715933
200;1741103720898
200;1741103720908
200;1741103720947
200;1741103725892
200;1741103725904
200;1741103726033
200;1741103730923
200;1741103730935
200;1741103730946
200;1741103735916
200;1741103736003
200;1741103736013
200;1741103740916
200;1741103740923
200;1741103740951
200;1741103745896
200;1741103745907
200;1741103746022
200;1741103750919
200;1741103750928
200;1741103750971
200;1741103755966
200;1741103756021
200;1741103758215
200;1741103760866
200;1741103760940
200;1741103760946
200;1741103765924
200;1741103765934
200;1741103765986
200;1741103770918
200;1741103770930
200;1741103771026
200;1741103775923
200;1741103775933
200;1741103775990
200;1741103780943
200;1741103780953
200;1741103783436
200;1741103785887
200;1741103785898
200;1741103785955
200;1741103790931
200;1741103791016
200;1741103793847
200;1741103795907
200;1741103795915
200;1741103795949
200;1741103800932
200;1741103800941
200;1741103801121
200;1741103805925
200;1741103805933
200;1741103805999
200;1741103810906
200;1741103810957
200;1741103810966
200;1741103815911
200;1741103815920
200;1741103815927
200;1741103820912
200;1741103820925
200;1741103820934
200;1741103825909
200;1741103825921
200;1741103825951
200;1741103830939
200;1741103830950
200;1741103830970
200;1741103835902
200;1741103835912
200;1741103836127
200;1741103840872
200;1741103840923
200;1741103840933
200;1741103845890
200;1741103845930
200;1741103845939
200;1741103850911
200;1741103850923
200;1741103850949
200;1741103855876
200;1741103855889
200;1741103855976
200;1741103860890
200;1741103860900
200;1741103860947
200;1741103865954
200;1741103865959
200;1741103866046
200;1741103870867
200;1741103870964
200;1741103870972
200;1741103875872
200;1741103875916
200;1741103875925
200;1741103880901
200;1741103880911
200;1741103880964
200;1741103885912
200;1741103885922
200;1741103885943
200;1741103890908
200;1741103890916
200;1741103890927
200;1741103895890
200;1741103895901
200;1741103895991
200;1741103900875
200;1741103900972
200;1741103900979
200;1741103905867
200;1741103905897
200;1741103905935
200;1741103910936
200;1741103910945
200;1741103910999
200;1741103915887
200;1741103915897
200;1741103915945
200;1741103920899
200;1741103920908
200;1741103920947
200;1741103925919
200;1741103925931
200;1741103925962
200;1741103930868
200;1741103930954
200;1741103930965
200;1741103935869
200;1741103935905
200;1741103935931
200;1741103940872
200;1741103940936
200;1741103940947
200;1741103945877
200;1741103945943
200;1741103945950
200;1741103950869
200;1741103950912
200;1741103950920
200;1741103955906
200;1741103955943
200;1741103955950
200;1741103960882
200;1741103960908
200;1741103960917
200;1741103965932
200;1741103970928
200;1741103970934
200;1741103971137
200;1741103975935
200;1741103975944
200;1741103975950
200;1741103980868
200;1741103980919
200;1741103980947
200;1741103985934
200;1741103985942
200;1741103985949
200;1741103990928
200;1741103990939
200;1741103991133
200;1741103995910
200;1741103995921
200;1741103995950
200;1741104000909
200;1741104000918
200;1741104000943
200;1741104005875
200;1741104005964
200;1741104005972
200;1741104010887
200;1741104010895
200;1741104010946
200;1741104015871
200;1741104015933
200;1741104015941
200;1741104020925
200;1741104020932
200;1741104021040
200;1741104025873
200;1741104025921
200;1741104025993
200;1741104030876
200;1741104030934
200;1741104030941
200;1741104035912
200;1741104035922
200;1741104036010
200;1741104040868
200;1741104040955
200;1741104040963
200;1741104045895
200;1741104045904
200;1741104046044
200;1741104050871
200;1741104050967
200;1741104050972
200;1741104055917
200;1741104055931
200;1741104056023
200;1741104060863
200;1741104060959
200;1741104061061
200;1741104065868
200;1741104065877
200;1741104066024
200;1741104070972
200;1741104070979
200;1741104071041
200;1741104075889
200;1741104075931
200;1741104075941
200;1741104080881
200;1741104080913
200;1741104080919
200;1741104085879
200;1741104085926
200;1741104085942
200;1741104090947
200;1741104090955
200;1741104090961
200;1741104095911
200;1741104095919
200;1741104095941
200;1741104100976
200;1741104100981
200;1741104101051
200;1741104105927
200;1741104105937
200;1741104105985
200;1741104110910
200;1741104110917
200;1741104110931
200;1741104115927
200;1741104115934
200;1741104115984
200;1741104120908
200;1741104120918
200;1741104120937
200;1741104125908
200;1741104125919
200;1741104125929
200;1741104130874
200;1741104130883
200;1741104131066
200;1741104135912
200;1741104135924
200;1741104135977
200;1741104140962
200;1741104140968
200;1741104141060
200;1741104145881
200;1741104145892
200;1741104145931
200;1741104150903
200;1741104150976
200;1741104150984
200;1741104155870
200;1741104155918
200;1741104155924
200;1741104160927
200;1741104160935
200;1741104160941
200;1741104165876
200;1741104165971
200;1741104165979
200;1741104170929
200;1741104170939
200;1741104170984
200;1741104175909
200;1741104175917
200;1741104175956
200;1741104180928
200;1741104180997
200;1741104181103
200;1741104185881
200;1741104185890
200;1741104185957
200;1741104190943
200;1741104190952
200;1741104193200
200;1741104195987
200;1741104196053
200;1741104196094
200;1741104200971
200;1741104200982
200;1741104200989
200;1741104205886
200;1741104205894
200;1741104206033
200;1741104210891
200;1741104210924
200;1741104210933
200;1741104215887
200;1741104215895
200;1741104215974
200;1741104220869
200;1741104220879
200;1741104220916
200;1741104225908
200;1741104225937
200;1741104225943
200;1741104230866
200;1741104230956
200;1741104230963
200;1741104235918
200;1741104235926
200;1741104235932
200;1741104240877
200;1741104240908
200;1741104240947
200;1741104245937
200;1741104245945
200;1741104245977
200;1741104250893
200;1741104250974
200;1741104251052
200;1741104255913
200;1741104255919
200;1741104255966
200;1741104260889
200;1741104261008
200;1741104263496
200;1741104265877
200;1741104265920
200;1741104265931
200;1741104270901
200;1741104270913
200;1741104271053
200;1741104275922
200;1741104275931
200;1741104275938
200;1741104280911
200;1741104280925
200;1741104280981
200;1741104285867
200;1741104285960
200;1741104285973
200;1741104290875
200;1741104290951
200;1741104290963
200;1741104295874
200;1741104295885
200;1741104295913
200;1741104300966
200;1741104300973
200;1741104301003
200;1741104305933
200;1741104305942
200;1741104305948
200;1741104310959
200;1741104310969
200;1741104310975
200;1741104315911
200;1741104315920
200;1741104315926
200;1741104320903
200;1741104320913
200;1741104320979
200;1741104325927
200;1741104325933
200;1741104325976
200;1741104330915
200;1741104330927
200;1741104330936
200;1741104335923
200;1741104335935
200;1741104335942
200;1741104340946
200;1741104340957
200;1741104341152
200;1741104345908
200;1741104345970
200;1741104346005
200;1741104350898
200;1741104350909
200;1741104350958
200;1741104355887
200;1741104355897
200;1741104355983
200;1741104360908
200;1741104360960
200;1741104360967
200;1741104365947
200;1741104365958
200;1741104366057
200;1741104370916
200;1741104370926
200;1741104371052
200;1741104375959
200;1741104375970
200;1741104377961
200;1741104380944
200;1741104380951
200;1741104381104
200;1741104385904
200;1741104385914
200;1741104385921
200;1741104390947
200;1741104390960
200;1741104390967
200;1741104395919
200;1741104395928
200;1741104395936
200;1741104400908
200;1741104400970
200;1741104400978
200;1741104405887
200;1741104405898
200;1741104405973
200;1741104410866
200;1741104410955
200;1741104410964
200;1741104415876
200;1741104415950
200;1741104415960
200;1741104420872
200;1741104420915
200;1741104420924
200;1741104425938
200;1741104425943
200;1741104425993
200;1741104430967
200;1741104430977
200;1741104431074
200;1741104435923
200;1741104435932
200;1741104436007
200;1741104440875
200;1741104440884
200;1741104441029
200;1741104445908
200;1741104445919
200;1741104445971
200;1741104450886
200;1741104450932
200;1741104450940
200;1741104455901
200;1741104455907
200;1741104456097
200;1741104460894
200;1741104460902
200;1741104461019
200;1741104465881
200;1741104465972
200;1741104466004
200;1741104470929
200;1741104470937
200;1741104470943
200;1741104475867
200;1741104475908
200;1741104475916
200;1741104480876
200;1741104480919
200;1741104480928
200;1741104485943
200;1741104485955
200;1741104486014
200;1741104490885
200;1741104490895
200;1741104490916
200;1741104495915
200;1741104495927
200;1741104495984
200;1741104500881
200;1741104500935
200;1741104500946
200;1741104505966
200;1741104505977
200;1741104505984
200;1741104510867
200;1741104510963
200;1741104510971
200;1741104515971
200;1741104515979
200;1741104516021
200;1741104520924
200;1741104521038
200;1741104523503
200;1741104525919
200;1741104525928
200;1741104525935
200;1741104530871
200;1741104530974
200;1741104530982
200;1741104535871
200;1741104535976
200;1741104535986
200;1741104540930
200;1741104540994
200;1741104541170
200;1741104545872
200;1741104545883
200;1741104545928
200;1741104550897
200;1741104550908
200;1741104550915
200;1741104555876
200;1741104555952
200;1741104555963
200;1741104560927
200;1741104560934
200;1741104561064
200;1741104565932
200;1741104565941
200;1741104565947
200;1741104570885
200;1741104570935
200;1741104570942
200;1741104575872
200;1741104575947
200;1741104575956
200;1741104580888
200;1741104580899
200;1741104583508
200;1741104585873
200;1741104585931
200;1741104585944
200;1741104590959
200;1741104590968
200;1741104593884
200;1741104595866
200;1741104595908
200;1741104595918
200;1741104600873
200;1741104600916
200;1741104600929
200;1741104605866
200;1741104605914
200;1741104605924
200;1741104610892
200;1741104610901
200;1741104611075
200;1741104615988
200;1741104615998
200;1741104618620
200;1741104620912
200;1741104620921
200;1741104620928
200;1741104625920
200;1741104625932
200;1741104625941
200;1741104630920
200;1741104630949
200;1741104630956
200;1741104635867
200;1741104635908
200;1741104635918
200;1741104640888
200;1741104640898
200;1741104641017
200;1741104645962
200;1741104645973
200;1741104646294
200;1741104650868
200;1741104650879
200;1741104650964
200;1741104655869
200;1741104655911
200;1741104655921
200;1741104660869
200;1741104660914
200;1741104661143
200;1741104665868
200;1741104665919
200;1741104665925
200;1741104670887
200;1741104670893
200;1741104670945
200;1741104675913
200;1741104675924
200;1741104675959
200;1741104680915
200;1741104680960
200;1741104680969
200;1741104685887
200;1741104685897
200;1741104685960
200;1741104690908
200;1741104690939
200;1741104690948
200;1741104695916
200;1741104695926
200;1741104695933
200;1741104700867
200;1741104700955
200;1741104700966
200;1741104705895
200;1741104705905
200;1741104705992
200;1741104710916
200;1741104710930
200;1741104710966
200;1741104715895
200;1741104715918
200;1741104715929
200;1741104720911
200;1741104720975
200;1741104720983
200;1741104725867
200;1741104725947
200;1741104725958
200;1741104730869
200;1741104730881
200;1741104731054
200;1741104735972
200;1741104735983
200;1741104736041
200;1741104740867
200;1741104740946
200;1741104740954
200;1741104745872
200;1741104745895
200;1741104745905
200;1741104750936
200;1741104750943
200;1741104751020
200;1741104755874
200;1741104755931
200;1741104755937
200;1741104760923
200;1741104760933
200;1741104760963
200;1741104765989
200;1741104766130
200;1741104766155
200;1741104770886
200;1741104770896
200;1741104770976
200;1741104775914
200;1741104775922
200;1741104775964
200;1741104780866
200;1741104780924
200;1741104780932
200;1741104785943
200;1741104785970
200;1741104786045
200;1741104790872
200;1741104790883
200;1741104790958
200;1741104795889
200;1741104795900
200;1741104796013
200;1741104800902
200;1741104800913
200;1741104800926
200;1741104805913
200;1741104805924
200;1741104805953
200;1741104810871
200;1741104810883
200;1741104810946
200;1741104815869
200;1741104815881
200;1741104815920
200;1741104820876
200;1741104820952
200;1741104820959
200;1741104825867
200;1741104825911
200;1741104825921
200;1741104830920
200;1741104830930
200;1741104830936
200;1741104835888
200;1741104835898
200;1741104836069
200;1741104840892
200;1741104840934
200;1741104840944
200;1741104845866
200;1741104845907
200;1741104845918
200;1741104850973
200;1741104850992
200;1741104852903
200;1741104855871
200;1741104855880
200;1741104855974
200;1741104860936
200;1741104860943
200;1741104861047
200;1741104865875
200;1741104865917
200;1741104865929
200;1741104870872
200;1741104870947
200;1741104870955
200;1741104875864
200;1741104875972
200;1741104876012
200;1741104880926
200;1741104880934
200;1741104881191
200;1741104885935
200;1741104885944
200;1741104886015
200;1741104890892
200;1741104890903
200;1741104890968
200;1741104895928
200;1741104895939
200;1741104896064
200;1741104900909
200;1741104900959
200;1741104900967
200;1741104905894
200;1741104905902
200;1741104905930
200;1741104910915
200;1741104910927
200;1741104910963
200;1741104915913
200;1741104915920
200;1741104916044
200;1741104920946
200;1741104920956
200;1741104921008
200;1741104925943
200;1741104925952
200;1741104926020
200;1741104930880
200;1741104930984
200;1741104930995
200;1741104935923
200;1741104935933
200;1741104936031
200;1741104940866
200;1741104940907
200;1741104940915
200;1741104945868
200;1741104945955
200;1741104945962
200;1741104950882
200;1741104950893
200;1741104950970
200;1741104955867
200;1741104955877
200;1741104955965
200;1741104960891
200;1741104960902
200;1741104961040
200;1741104965906
200;1741104965917
200;1741104965923
200;1741104970910
200;1741104970936
200;1741104970971
200;1741104975871
200;1741104975959
200;1741104975968
200;1741104980916
200;1741104980952
200;1741104981185
200;1741104985931
200;1741104985940
200;1741104985946
200;1741104990877
200;1741104990905
200;1741104990915
200;1741104995909
200;1741104995918
200;1741104995946
200;1741105000864
200;1741105000891
200;1741105000968
200;1741105005956
200;1741105005964
200;1741105005998
200;1741105010866
200;1741105010905
200;1741105010915
200;1741105015872
200;1741105015916
200;1741105015928
200;1741105020899
200;1741105020909
200;1741105020917
200;1741105025885
200;1741105025907
200;1741105026099
200;1741105030913
200;1741105030938
200;1741105031040
200;1741105035919
200;1741105035931
200;1741105035969
200;1741105040911
200;1741105040921
200;1741105040929
200;1741105045868
200;1741105045914
200;1741105045925
200;1741105050943
200;1741105050954
200;1741105050994
200;1741105055930
200;1741105055935
200;1741105055964
200;1741105060933
200;1741105060939
200;1741105061011
200;1741105065995
200;1741105066002
200;1741105066101
200;1741105070875
200;1741105070919
200;1741105070929
200;1741105075887
200;1741105075928
200;1741105075939
200;1741105080913
200;1741105080980
200;1741105080993
200;1741105085885
200;1741105085976
200;1741105085988
200;1741105090890
200;1741105090934
200;1741105090942
200;1741105095921
200;1741105095929
200;1741105095980
200;1741105100924
200;1741105100934
200;1741105101069
200;1741105105893
200;1741105105903
200;1741105105981
200;1741105110916
200;1741105110925
200;1741105110995
200;1741105115941
200;1741105115951
200;1741105116056
200;1741105120934
200;1741105120944
200;1741105121062
200;1741105125908
200;1741105125916
200;1741105125922
200;1741105130909
200;1741105130918
200;1741105130935
200;1741105135896
200;1741105135906
200;1741105135939
200;1741105140873
200;1741105140883
200;1741105140915
200;1741105145909
200;1741105145919
200;1741105145968
200;1741105150929
200;1741105150960
200;1741105153388
200;1741105155883
200;1741105155964
200;1741105156066
200;1741105160907
200;1741105160918
200;1741105160924
200;1741105165915
200;1741105165921
200;1741105166014
200;1741105170952
200;1741105170961
200;1741105170967
200;1741105175912
200;1741105175975
200;1741105176034
200;1741105180866
200;1741105180908
200;1741105180920
200;1741105185875
200;1741105185955
200;1741105185964
200;1741105190892
200;1741105190931
200;1741105190977
200;1741105195866
200;1741105195906
200;1741105195915
200;1741105200917
200;1741105200929
200;1741105201054
200;1741105205901
200;1741105205910
200;1741105205916
200;1741105210867
200;1741105210956
200;1741105210968
200;1741105215932
200;1741105215942
200;1741105215950
200;1741105220892
200;1741105220899
200;1741105220950
200;1741105225906
200;1741105225914
200;1741105225919
200;1741105230867
200;1741105230925
200;1741105230936
200;1741105235908
200;1741105235989
200;1741105236006
200;1741105240917
200;1741105240924
200;1741105241011
200;1741105245870
200;1741105245919
200;1741105245961
200;1741105250911
200;1741105250921
200;1741105250927
200;1741105255940
200;1741105255951
200;1741105260908
200;1741105260920
200;1741105260927
200;1741105265872
200;1741105265965
200;1741105265973
200;1741105270865
200;1741105270907
200;1741105270916
200;1741105275899
200;1741105275909
200;1741105275954
200;1741105280945
200;1741105280952
200;1741105283236
200;1741105285912
200;1741105285921
200;1741105285927
200;1741105290915
200;1741105290925
200;1741105290982
200;1741105295910
200;1741105295920
200;1741105296052
200;1741105300972
200;1741105300982
200;1741105301073
200;1741105305959
200;1741105305966
200;1741105306072
200;1741105310907
200;1741105310917
200;1741105310923
200;1741105315916
200;1741105315928
200;1741105315937
200;1741105320867
200;1741105320948
200;1741105320958
200;1741105325913
200;1741105325922
200;1741105326001
200;1741105330925
200;1741105330935
200;1741105330996
200;1741105335932
200;1741105335942
200;1741105336046
200;1741105340945
200;1741105340972
200;1741105341069
200;1741105345884
200;1741105345940
200;1741105345946
200;1741105350920
200;1741105350927
200;1741105350967
200;1741105355873
200;1741105355978
200;1741105355987
200;1741105360968
200;1741105360978
200;1741105361031
200;1741105365928
200;1741105365936
200;1741105370861
200;1741105370948
200;1741105371046
200;1741105375935
200;1741105375946
200;1741105376047
200;1741105380906
200;1741105380916
200;1741105381076
200;1741105385874
200;1741105385915
200;1741105385924
200;1741105390867
200;1741105390912
200;1741105390923
200;1741105395971
200;1741105395978
200;1741105398845
200;1741105400911
200;1741105400923
200;1741105401122
200;1741105405867
200;1741105405915
200;1741105405922
200;1741105410867
200;1741105410939
200;1741105410945
200;1741105415876
200;1741105415936
200;1741105415976
200;1741105420886
200;1741105420899
200;1741105420920
200;1741105425866
200;1741105425907
200;1741105425916
200;1741105430912
200;1741105430919
200;1741105433753
200;1741105435984
200;1741105435993
200;1741105436075
200;1741105440912
200;1741105440921
200;1741105440943
200;1741105445908
200;1741105445919
200;1741105445926
200;1741105450976
200;1741105451167
200;1741105453769
200;1741105455867
200;1741105455903
200;1741105455913
200;1741105460964
200;1741105460972
200;1741105461196
200;1741105465868
200;1741105465950
200;1741105467888
200;1741105470910
200;1741105470921
200;1741105470934
200;1741105475940
200;1741105475951
200;1741105475988
200;1741105480872
200;1741105480900
200;1741105480912
200;1741105485913
200;1741105485924
200;1741105485968
200;1741105490886
200;1741105490896
200;1741105491008
200;1741105495877
200;1741105495888
200;1741105495957
200;1741105500908
200;1741105500918
200;1741105500937
200;1741105505870
200;1741105505907
200;1741105505915
200;1741105510923
200;1741105510930
200;1741105510987
200;1741105515959
200;1741105515968
200;1741105515983
200;1741105520947
200;1741105520954
200;1741105521001
200;1741105525890
200;1741105525920
200;1741105525932
200;1741105530932
200;1741105530942
200;1741105530950
200;1741105535968
200;1741105535977
200;1741105538526
200;1741105540924
200;1741105540933
200;1741105541011
200;1741105545908
200;1741105545936
200;1741105545942
200;1741105550910
200;1741105550921
200;1741105551001
200;1741105555912
200;1741105555924
200;1741105555933
200;1741105560866
200;1741105560939
200;1741105560945
200;1741105565915
200;1741105565926
200;1741105568677
200;1741105570992
200;1741105571002
200;1741105575864
200;1741105575944
200;1741105576085
200;1741105580920
200;1741105580932
200;1741105580941
200;1741105585916
200;1741105585981
200;1741105585990
200;1741105590983
200;1741105590990
200;1741105591108
200;1741105595866
200;1741105595908
200;1741105595914
200;1741105600865
200;1741105600954
200;1741105600962
200;1741105605908
200;1741105605970
200;1741105606029
200;1741105610867
200;1741105610972
200;1741105610982
200;1741105615921
200;1741105615932
200;1741105615938
200;1741105620867
200;1741105620985
200;1741105620994
200;1741105625868
200;1741105625952
200;1741105625963
200;1741105630872
200;1741105630919
200;1741105630930
200;1741105635861
200;1741105635959
200;1741105635987
200;1741105640925
200;1741105640938
200;1741105640946
200;1741105645913
200;1741105645928
200;1741105645936
200;1741105650885
200;1741105650900
200;1741105651058
200;1741105655926
200;1741105655933
200;1741105655966
200;1741105660897
200;1741105660914
200;1741105660991
200;1741105665866
200;1741105665908
200;1741105665918
200;1741105670908
200;1741105670917
200;1741105670975
200;1741105675885
200;1741105675920
200;1741105675933
200;1741105680920
200;1741105680932
200;1741105680977
200;1741105685904
200;1741105685914
200;1741105685921
200;1741105690885
200;1741105690983
200;1741105691161
200;1741105695884
200;1741105695894
200;1741105695981
200;1741105700867
200;1741105700909
200;1741105700920
200;1741105705987
200;1741105706074
200;1741105706128
200;1741105710879
200;1741105710954
200;1741105710963
200;1741105715941
200;1741105715950
200;1741105716039
200;1741105720935
200;1741105720946
200;1741105720956
200;1741105725921
200;1741105725931
200;1741105725988
200;1741105730866
200;1741105730972
200;1741105731149
200;1741105735936
200;1741105735946
200;1741105735952
200;1741105740916
200;1741105740980
200;1741105740991
200;1741105745894
200;1741105745930
200;1741105745964
200;1741105750928
200;1741105750938
200;1741105750985
200;1741105755870
200;1741105755919
200;1741105755926
200;1741105760876
200;1741105760927
200;1741105760933
200;1741105765908
200;1741105765939
200;1741105765947
200;1741105770915
200;1741105770931
200;1741105773488
200;1741105775920
200;1741105775931
200;1741105776013
200;1741105780961
200;1741105780969
200;1741105781004
200;1741105785867
200;1741105785955
200;1741105785966
200;1741105790873
200;1741105790934
200;1741105790942
200;1741105795906
200;1741105795916
200;1741105795977
200;1741105800917
200;1741105800929
200;1741105800939
200;1741105805878
200;1741105805980
200;1741105805989
200;1741105810895
200;1741105810903
200;1741105811099
200;1741105815935
200;1741105815942
200;1741105815954
200;1741105820875
200;1741105820922
200;1741105820930
200;1741105825929
200;1741105825940
200;1741105825957
200;1741105830867
200;1741105830911
200;1741105830920
200;1741105835926
200;1741105835933
200;1741105836039
200;1741105840867
200;1741105840919
200;1741105840929
200;1741105845879
200;1741105845906
200;1741105845913
200;1741105850924
200;1741105850933
200;1741105851006
200;1741105855881
200;1741105855960
200;1741105855968
200;1741105860931
200;1741105860937
200;1741105860988
200;1741105865865
200;1741105865908
200;1741105865919
200;1741105870938
200;1741105870947
200;1741105871154
200;1741105875876
200;1741105875930
200;1741105875937
200;1741105880864
200;1741105880906
200;1741105880973
200;1741105885908
200;1741105885924
200;1741105885933
200;1741105890867
200;1741105890939
200;1741105890946
200;1741105895877
200;1741105895935
200;1741105895945
200;1741105900917
200;1741105900930
200;1741105900938
200;1741105905928
200;1741105905940
200;1741105906021
200;1741105910908
200;1741105910969
200;1741105911004
200;1741105915916
200;1741105915927
200;1741105915981
200;1741105920866
200;1741105920919
200;1741105920926
200;1741105925926
200;1741105925937
200;1741105925988
200;1741105930866
200;1741105930959
200;1741105930967
200;1741105935934
200;1741105935944
200;1741105936031
200;1741105940917
200;1741105940928
200;1741105941053
200;1741105945874
200;1741105945987
200;1741105945996
200;1741105950924
200;1741105950933
200;1741105951004
200;1741105955888
200;1741105956067
200;1741105958881
200;1741105960920
200;1741105960932
200;1741105960939
200;1741105965866
200;1741105965907
200;1741105965919
200;1741105970909
200;1741105970920
200;1741105970927
200;1741105975893
200;1741105975904
200;1741105975968
200;1741105980874
200;1741105980962
200;1741105980972
200;1741105985907
200;1741105985916
200;1741105985922
200;1741105990961
200;1741105990972
200;1741105990989
200;1741105995928
200;1741105995941
200;1741105995949
200;1741106000923
200;1741106000935
200;1741106000962
200;1741106005871
200;1741106005959
200;1741106005970
200;1741106010983
200;1741106011163
200;1741106011314
200;1741106015869
200;1741106015953
200;1741106015961
200;1741106020945
200;1741106020954
200;1741106020961
200;1741106025944
200;1741106025954
200;1741106025960
200;1741106030876
200;1741106030887
200;1741106030982
200;1741106035895
200;1741106035907
200;1741106036006
200;1741106041003
200;1741106041013
200;1741106041154
200;1741106045893
200;1741106045938
200;1741106045949
200;1741106050939
200;1741106050975
200;1741106051020
200;1741106055891
200;1741106055901
200;1741106056012
200;1741106060867
200;1741106060918
200;1741106060925
200;1741106065881
200;1741106065971
200;1741106065979
200;1741106070963
200;1741106070971
200;1741106071089
200;1741106075947
200;1741106075956
200;1741106075998
200;1741106080913
200;1741106080920
200;1741106080982
200;1741106085908
200;1741106085915
200;1741106085949
200;1741106090906
200;1741106090918
200;1741106090928
200;1741106095866
200;1741106095967
200;1741106096035
200;1741106100878
200;1741106100966
200;1741106100974
200;1741106105935
200;1741106105945
200;1741106105996
200;1741106113048
200;1741106113054
200;1741106113063
200;1741106115915
200;1741106115922
200;1741106115928
200;1741106120866
200;1741106120909
200;1741106120920
200;1741106125911
200;1741106125918
200;1741106125995
200;1741106130913
200;1741106130923
200;1741106130943
200;1741106135877
200;1741106135973
200;1741106135983
200;1741106140921
200;1741106140934
200;1741106140942
200;1741106145913
200;1741106145949
200;1741106145961
200;1741106150877
200;1741106150973
200;1741106150981
200;1741106155867
200;1741106155909
200;1741106155919
200;1741106160908
200;1741106160919
200;1741106160953
200;1741106165923
200;1741106165937
200;1741106165953
200;1741106170883
200;1741106170938
200;1741106173170
200;1741106175888
200;1741106175897
200;1741106176038
200;1741106180936
200;1741106180946
200;1741106181024
200;1741106185916
200;1741106185945
200;1741106185952
200;1741106190952
200;1741106190957
200;1741106191033
200;1741106195898
200;1741106195908
200;1741106195970
200;1741106200890
200;1741106200901
200;1741106200997
200;1741106205916
200;1741106205963
200;1741106205972
200;1741106210876
200;1741106210922
200;1741106210932
200;1741106215905
200;1741106215915
200;1741106215949
200;1741106220907
200;1741106220917
200;1741106220926
200;1741106225898
200;1741106225910
200;1741106225943
200;1741106230912
200;1741106230925
200;1741106230931
200;1741106235914
200;1741106235926
200;1741106236036
200;1741106240927
200;1741106240938
200;1741106240957
200;1741106245891
200;1741106245901
200;1741106245963
200;1741106250867
200;1741106250961
200;1741106250973
200;1741106255918
200;1741106255924
200;1741106255933
200;1741106260896
200;1741106260907
200;1741106260936
200;1741106265883
200;1741106265971
200;1741106265978
200;1741106270878
200;1741106270915
200;1741106270927
200;1741106275914
200;1741106275921
200;1741106276047
200;1741106280877
200;1741106280921
200;1741106280931
200;1741106285868
200;1741106285910
200;1741106285948
200;1741106290889
200;1741106291030
200;1741106293271
200;1741106295883
200;1741106295992
200;1741106296095
200;1741106300900
200;1741106300911
200;1741106300945
200;1741106305881
200;1741106306068
200;1741106308408
200;1741106310947
200;1741106311073
200;1741106311149
200;1741106315866
200;1741106315915
200;1741106315923
200;1741106320921
200;1741106320946
200;1741106320952
200;1741106325876
200;1741106325967
200;1741106325975
200;1741106330866
200;1741106330920
200;1741106330930
200;1741106335866
200;1741106335956
200;1741106335967
200;1741106340913
200;1741106340925
200;1741106341005
200;1741106345876
200;1741106345964
200;1741106345974
200;1741106350882
200;1741106350964
200;1741106350976
200;1741106355935
200;1741106355944
200;1741106356030
200;1741106360909
200;1741106360923
200;1741106360934
200;1741106365973
200;1741106365985
200;1741106366029
200;1741106370920
200;1741106370931
200;1741106370938
200;1741106375917
200;1741106375979
200;1741106375986
200;1741106380944
200;1741106381149
200;1741106381241
200;1741106385907
200;1741106385917
200;1741106386121
200;1741106390908
200;1741106390953
200;1741106390962
200;1741106395866
200;1741106395901
200;1741106395936
200;1741106400888
200;1741106400898
200;1741106400925
200;1741106405909
200;1741106405920
200;1741106405926
200;1741106410862
200;1741106411185
200;1741106411239
200;1741106415927
200;1741106415934
200;1741106416031
200;1741106420912
200;1741106420921
200;1741106420927
200;1741106425880
200;1741106425940
200;1741106425949
200;1741106430868
200;1741106430879
200;1741106430969
200;1741106435898
200;1741106435933
200;1741106436160
200;1741106440870
200;1741106440916
200;1741106440926
200;1741106445914
200;1741106445923
200;1741106445945
200;1741106450868
200;1741106450943
200;1741106450980
200;1741106455918
200;1741106455948
200;1741106455956
200;1741106460866
200;1741106460941
200;1741106460951
200;1741106465891
200;1741106465902
200;1741106465969
200;1741106470955
200;1741106470967
200;1741106470997
200;1741106475873
200;1741106475975
200;1741106476053
200;1741106480865
200;1741106480895
200;1741106483154
200;1741106485868
200;1741106485880
200;1741106485929
200;1741106490916
200;1741106490928
200;1741106490936
200;1741106495886
200;1741106495896
200;1741106496010
200;1741106500898
200;1741106500905
200;1741106500999
200;1741106505952
200;1741106505960
200;1741106505966
200;1741106510867
200;1741106510925
200;1741106510931
200;1741106515917
200;1741106515928
200;1741106515949
200;1741106520876
200;1741106520918
200;1741106520928
200;1741106525872
200;1741106525910
200;1741106525922
200;1741106530948
200;1741106530973
200;1741106533745
200;1741106535866
200;1741106535909
200;1741106535921
200;1741106540909
200;1741106540942
200;1741106540950
200;1741106545900
200;1741106545911
200;1741106546095
200;1741106550916
200;1741106550926
200;1741106550934
200;1741106555920
200;1741106555932
200;1741106556036
200;1741106560915
200;1741106560952
200;1741106565900
200;1741106565940
200;1741106566000
200;1741106570944
200;1741106570955
200;1741106570992
200;1741106575870
200;1741106575912
200;1741106575921
200;1741106580866
200;1741106580909
200;1741106580918
200;1741106585891
200;1741106585932
200;1741106585943
200;1741106590873
200;1741106590952
200;1741106590962
200;1741106595871
200;1741106595886
200;1741106595995
200;1741106600894
200;1741106600901
200;1741106600925
200;1741106605933
200;1741106605943
200;1741106605950
200;1741106610871
200;1741106610880
200;1741106610912
200;1741106615892
200;1741106615935
200;1741106615943
200;1741106620916
200;1741106620926
200;1741106620933
200;1741106625931
200;1741106625938
200;1741106625979
200;1741106630960
200;1741106630968
200;1741106631059
200;1741106635866
200;1741106635908
200;1741106635918
200;1741106640915
200;1741106640922
200;1741106641549
200;1741106645901
200;1741106645935
200;1741106648190
200;1741106650945
200;1741106650956
200;1741106655868
200;1741106655909
200;1741106655919
200;1741106660931
200;1741106660946
200;1741106660954
200;1741106665885
200;1741106665895
200;1741106666094
200;1741106670900
200;1741106670909
200;1741106671034
200;1741106675877
200;1741106675889
200;1741106675985
200;1741106680909
200;1741106680921
200;1741106681009
200;1741106685871
200;1741106685972
200;1741106688776
200;1741106690938
200;1741106690949
200;1741106691009
200;1741106695941
200;1741106695951
200;1741106695990
200;1741106700910
200;1741106700921
200;1741106700988
200;1741106705867
200;1741106705972
200;1741106705980
200;1741106710873
200;1741106710960
200;1741106710970
200;1741106715914
200;1741106715924
200;1741106715950
200;1741106720872
200;1741106720932
200;1741106720939
200;1741106725920
200;1741106725930
200;1741106725967
200;1741106730913
200;1741106730926
200;1741106730936
200;1741106735897
200;1741106735908
200;1741106735970
200;1741106740876
200;1741106740917
200;1741106740924
200;1741106745931
200;1741106745940
200;1741106746008
200;1741106750879
200;1741106750965
200;1741106753468
200;1741106755866
200;1741106756015
200;1741106758207
200;1741106760872
200;1741106760929
200;1741106760934
200;1741106765896
200;1741106765905
200;1741106765979
200;1741106770866
200;1741106770909
200;1741106770920
200;1741106775942
200;1741106776011
200;1741106778255
200;1741106780898
200;1741106780950
200;1741106780957
200;1741106785911
200;1741106785918
200;1741106786083
200;1741106790888
200;1741106790898
200;1741106790939
200;1741106795885
200;1741106795897
200;1741106795950
200;1741106800865
200;1741106800908
200;1741106800919
200;1741106805885
200;1741106805925
200;1741106808909
200;1741106810915
200;1741106810926
200;1741106810972
200;1741106815877
200;1741106815965
200;1741106815974
200;1741106820876
200;1741106820956
200;1741106820963
200;1741106825867
200;1741106825923
200;1741106825932
200;1741106830933
200;1741106830943
200;1741106830983
200;1741106835866
200;1741106835913
200;1741106835922
200;1741106840873
200;1741106840944
200;1741106840954
200;1741106845868
200;1741106845908
200;1741106845918
200;1741106850891
200;1741106850903
200;1741106850977
200;1741106855906
200;1741106855912
200;1741106856039
200;1741106860898
200;1741106860905
200;1741106860931
200;1741106865925
200;1741106865935
200;1741106866031
200;1741106870871
200;1741106870916
200;1741106870925
200;1741106875953
200;1741106875960
200;1741106875990
200;1741106880909
200;1741106880919
200;1741106880927
200;1741106885908
200;1741106885916
200;1741106885923
200;1741106890977
200;1741106890982
200;1741106890998
200;1741106895894
200;1741106895903
200;1741106895976
200;1741106900912
200;1741106900932
200;1741106900940
200;1741106905913
200;1741106905924
200;1741106905936
200;1741106910887
200;1741106910897
200;1741106910972
200;1741106915890
200;1741106915900
200;1741106915977
200;1741106920865
200;1741106920923
200;1741106920936
200;1741106925904
200;1741106925913
200;1741106926117
200;1741106930866
200;1741106930957
200;1741106930967
200;1741106935924
200;1741106935930
200;1741106936018
200;1741106940985
200;1741106940993
200;1741106941109
200;1741106945913
200;1741106945920
200;1741106945928
200;1741106950908
200;1741106950918
200;1741106950924
200;1741106955872
200;1741106955908
200;1741106955919
200;1741106960935
200;1741106960942
200;1741106960970
200;1741106965912
200;1741106965922
200;1741106965927
200;1741106970931
200;1741106970939
200;1741106971103
200;1741106975912
200;1741106975926
200;1741106975931
200;1741106980895
200;1741106980905
200;1741106980959
200;1741106985896
200;1741106985977
200;1741106985986
200;1741106990908
200;1741106990918
200;1741106990950
200;1741106995869
200;1741106995911
200;1741106995920
200;1741107000912
200;1741107000923
200;1741107000946
200;1741107005866
200;1741107005914
200;1741107005919
200;1741107010910
200;1741107010919
200;1741107010951
200;1741107015877
200;1741107015908
200;1741107015917
200;1741107020919
200;1741107020938
200;1741107020941
200;1741107025866
200;1741107025896
200;1741107025904
200;1741107030923
200;1741107030931
200;1741107030952
200;1741107035874
200;1741107035931
200;1741107035939
200;1741107040929
200;1741107040940
200;1741107040956
200;1741107045991
200;1741107046045
200;1741107048257
200;1741107050886
200;1741107050926
200;1741107050934
200;1741107055921
200;1741107055929
200;1741107056073
200;1741107060882
200;1741107060893
200;1741107061097
200;1741107065939
200;1741107065947
200;1741107066012
200;1741107070914
200;1741107070922
200;1741107070928
200;1741107075899
200;1741107075911
200;1741107076142
200;1741107080872
200;1741107080927
200;1741107080935
200;1741107085869
200;1741107085879
200;1741107086071
200;1741107090876
200;1741107090964
200;1741107090974
200;1741107095964
200;1741107095970
200;1741107096051
200;1741107100910
200;1741107100921
200;1741107100940
200;1741107105925
200;1741107105935
200;1741107105982
200;1741107110875
200;1741107110918
200;1741107110930
200;1741107115926
200;1741107115936
200;1741107116012
200;1741107120934
200;1741107120940
200;1741107121012
200;1741107125885
200;1741107125910
200;1741107125918
200;1741107130913
200;1741107130921
200;1741107130927
200;1741107135913
200;1741107135952
200;1741107136021
200;1741107140912
200;1741107140922
200;1741107140929
200;1741107145871
200;1741107145911
200;1741107145919
200;1741107150898
200;1741107150905
200;1741107151032
200;1741107155873
200;1741107155983
200;1741107156013
200;1741107160877
200;1741107160887
200;1741107160911
200;1741107165893
200;1741107165902
200;1741107166070
200;1741107170876
200;1741107170981
200;1741107170990
200;1741107175924
200;1741107175935
200;1741107175952
200;1741107180876
200;1741107180913
200;1741107180983
200;1741107185912
200;1741107185942
200;1741107185950
200;1741107190919
200;1741107193254
200;1741107193491
200;1741107195865
200;1741107195922
200;1741107195929
200;1741107200903
200;1741107200912
200;1741107200945
200;1741107205866
200;1741107205930
200;1741107205938
200;1741107210866
200;1741107210901
200;1741107210913
200;1741107215909
200;1741107215919
200;1741107215927
200;1741107220885
200;1741107220895
200;1741107220959
200;1741107225961
200;1741107225973
200;1741107225981
200;1741107230938
200;1741107230950
200;1741107230958
200;1741107235922
200;1741107235931
200;1741107235964
200;1741107240889
200;1741107240902
200;1741107240917
200;1741107245913
200;1741107245924
200;1741107245932
200;1741107250949
200;1741107250958
200;1741107250992
200;1741107255897
200;1741107255908
200;1741107255947
200;1741107260972
200;1741107260983
200;1741107261141
200;1741107265882
200;1741107265942
200;1741107268199
200;1741107270873
200;1741107270966
200;1741107270974
200;1741107275887
200;1741107275896
200;1741107275971
200;1741107280944
200;1741107280953
200;1741107280977
200;1741107285866
200;1741107285948
200;1741107285959
200;1741107290900
200;1741107290944
200;1741107290954
200;1741107295906
200;1741107295912
200;1741107296048
200;1741107300865
200;1741107300955
200;1741107300963
200;1741107305918
200;1741107305924
200;1741107305976
200;1741107310866
200;1741107310909
200;1741107310922
200;1741107315965
200;1741107315975
200;1741107316064
200;1741107320869
200;1741107320993
200;1741107321005
200;1741107325973
200;1741107325983
200;1741107326064
200;1741107330961
200;1741107330969
200;1741107331066
200;1741107335907
200;1741107335914
200;1741107335964
200;1741107340915
200;1741107340924
200;1741107340930
200;1741107345900
200;1741107345965
200;1741107346055
200;1741107350914
200;1741107350922
200;1741107350986
200;1741107355859
200;1741107355984
200;1741107356061
200;1741107360867
200;1741107360954
200;1741107360967
200;1741107365909
200;1741107365920
200;1741107365988
200;1741107370898
200;1741107370910
200;1741107370962
200;1741107375916
200;1741107375927
200;1741107375936
200;1741107380943
200;1741107380950
200;1741107381124
200;1741107385907
200;1741107385916
200;1741107385923
200;1741107390888
200;1741107390900
200;1741107390937
200;1741107395866
200;1741107395938
200;1741107395973
200;1741107400871
200;1741107400960
200;1741107400972
200;1741107405921
200;1741107405961
200;1741107405978
200;1741107410938
200;1741107410947
200;1741107410963
200;1741107415933
200;1741107415945
200;1741107415984
200;1741107420883
200;1741107420894
200;1741107421082
200;1741107425948
200;1741107425955
200;1741107426099
200;1741107430915
200;1741107430957
200;1741107430963
200;1741107435914
200;1741107435925
200;1741107436114
200;1741107440894
200;1741107440930
200;1741107441023
200;1741107445865
200;1741107445904
200;1741107445914
200;1741107450896
200;1741107450905
200;1741107451193
200;1741107455868
200;1741107455907
200;1741107455914
200;1741107460908
200;1741107460919
200;1741107460934
200;1741107465867
200;1741107465960
200;1741107465969
200;1741107470960
200;1741107470969
200;1741107471072
200;1741107475899
200;1741107475954
200;1741107476121
200;1741107480917
200;1741107480926
200;1741107480968
200;1741107486961
200;1741107487002
200;1741107487056
200;1741107490888
200;1741107490898
200;1741107490943
200;1741107495877
200;1741107495940
200;1741107495949
200;1741107500918
200;1741107500948
200;1741107500984
200;1741107505909
200;1741107505919
200;1741107505990
200;1741107510980
200;1741107511009
200;1741107513396
200;1741107515911
200;1741107515931
200;1741107515937
200;1741107520931
200;1741107520936
200;1741107520943
200;1741107525942
200;1741107525950
200;1741107526103
200;1741107530866
200;1741107530939
200;1741107530949
200;1741107535887
200;1741107535895
200;1741107535978
200;1741107540866
200;1741107540915
200;1741107540922
200;1741107545924
200;1741107545934
200;1741107546024
200;1741107550925
200;1741107550935
200;1741107550942
200;1741107555943
200;1741107555951
200;1741107555956
200;1741107560979
200;1741107560987
200;1741107561064
200;1741107565944
200;1741107565971
200;1741107566049
200;1741107570905
200;1741107570914
200;1741107570976
200;1741107575920
200;1741107575930
200;1741107575936
200;1741107580870
200;1741107581044
200;1741107581177
200;1741107585875
200;1741107585953
200;1741107585991
200;1741107590877
200;1741107590934
200;1741107590943
200;1741107595877
200;1741107595911
200;1741107595954
200;1741107600921
200;1741107600934
200;1741107600969
200;1741107605865
200;1741107605912
200;1741107605918
200;1741107610908
200;1741107610955
200;1741107610961
200;1741107615982
200;1741107616094
200;1741107616189
200;1741107620866
200;1741107620914
200;1741107620922
200;1741107625916
200;1741107625959
100;1741107630920
100;1741107630954
100;1741107635900
200;1741107635908
200;1741107635988
100;1741107640968
200;1741107640977
200;1741107641034
200;1741107645974
200;1741107646113
200;1741107646226
200;1741107650944
200;1741107650950
200;1741107651008
200;1741107655929
200;1741107655934
200;1741107655940
100;1741107660952
200;1741107660960
200;1741107660974
200;1741107665942
200;1741107665948
200;1741107665989
100;1741107670883
200;1741107670890
200;1741107670943
100;1741107675876
100;1741107675920
200;1741107675927
200;1741107681023
200;1741107681055
200;1741107681095
200;1741107685983
200;1741107686002
100;1741107688600
100;1741107690971
200;1741107690979
200;1741107691004
100;1741107695883
200;1741107695974
200;1741107695980
100;1741107700911
200;1741107700919
200;1741107700946
200;1741107705969
200;1741107705974
200;1741107705981
100;1741107710897
200;1741107710906
200;1741107710972
100;1741107715926
200;1741107715936
200;1741107716037
100;1741107720895
200;1741107720904
200;1741107720912
100;1741107725908
200;1741107725919
200;1741107725928
200;1741107730954
200;1741107730962
200;1741107730998
100;1741107735937
200;1741107735946
200;1741107736010
100;1741107740866
200;1741107740944
200;1741107740951
100;1741107745934
200;1741107745942
200;1741107745964
100;1741107750876
200;1741107750947
200;1741107750952
100;1741107755889
200;1741107755894
200;1741107756046
200;1741107760977
200;1741107761018
200;1741107763719
100;1741107765869
100;1741107765912
200;1741107765922
100;1741107770875
100;1741107770963
200;1741107770970
200;1741107775949
200;1741107775983
200;1741107778445
100;1741107780929
200;1741107780937
200;1741107780946
200;1741107785898
200;1741107785995
200;1741107786063
100;1741107790866
100;1741107790959
200;1741107790965
200;1741107795872
200;1741107795909
200;1741107795970
100;1741107800907
200;1741107800917
200;1741107800955
100;1741107805907
200;1741107805914
200;1741107805927
100;1741107810921
200;1741107810928
200;1741107810963
100;1741107815907
200;1741107815915
200;1741107815953
200;1741107820949
200;1741107820972
200;1741107821026
200;1741107825984
200;1741107826137
200;1741107826174
100;1741107830907
200;1741107830914
200;1741107830944
100;1741107835922
100;1741107835955
200;1741107835963
100;1741107840870
200;1741107840880
200;1741107841034
200;1741107845920
200;1741107846001
200;1741107848595
100;1741107850881
200;1741107850959
200;1741107850967
100;1741107855867
100;1741107855931
200;1741107855941
100;1741107860884
200;1741107860893
200;1741107860924
100;1741107865928
200;1741107865936
200;1741107865965
100;1741107870891
200;1741107870902
200;1741107871083
200;1741107875908
200;1741107875953
200;1741107876028
100;1741107880912
200;1741107880923
200;1741107880928
100;1741107885930
200;1741107885938
200;1741107886017
100;1741107890874
100;1741107890997
200;1741107891007
200;1741107895893
200;1741107895901
200;1741107896055
100;1741107900908
200;1741107900915
200;1741107900980
100;1741107905885
200;1741107905895
200;1741107905962
100;1741107910927
200;1741107910934
200;1741107910990
200;1741107915901
200;1741107915950
200;1741107915993
100;1741107920866
100;1741107920952
200;1741107920961
200;1741107925873
200;1741107925939
200;1741107926006
100;1741107930867
200;1741107930877
200;1741107930978
100;1741107935897
200;1741107935909
200;1741107936029
100;1741107940923
200;1741107940930
200;1741107941018
100;1741107945893
100;1741107945972
200;1741107945983
100;1741107950878
100;1741107950956
200;1741107950968
200;1741107955897
200;1741107955975
200;1741107956084
100;1741107960931
200;1741107960941
200;1741107960965
100;1741107965873
100;1741107965956
200;1741107965967
100;1741107970865
200;1741107970938
200;1741107970947
100;1741107975941
200;1741107975953
200;1741107975997
200;1741107980866
200;1741107980961
200;1741107980969
200;1741107985993
200;1741107986004
200;1741107986087
200;1741107990953
200;1741107990992
200;1741107991064
200;1741107995935
200;1741107995942
200;1741107995948
200;1741108000911
200;1741108000919
200;1741108000925
200;1741108005908
200;1741108005917
200;1741108006074
200;1741108010912
200;1741108010921
200;1741108010974
200;1741108015946
200;1741108015952
200;1741108015958
200;1741108020912
200;1741108020924
200;1741108021095
200;1741108025907
200;1741108025916
200;1741108026037
200;1741108030919
200;1741108030964
200;1741108030970
200;1741108035866
200;1741108035908
200;1741108035918
200;1741108040896
200;1741108040907
200;1741108040973
200;1741108045913
200;1741108045930
200;1741108045974
200;1741108050898
200;1741108050939
200;1741108050950
200;1741108055870
200;1741108055959
200;1741108055966
200;1741108060949
200;1741108060958
200;1741108061016
200;1741108065896
200;1741108065907
200;1741108065932
200;1741108070886
200;1741108070897
200;1741108071166
200;1741108075883
200;1741108075916
200;1741108075937
200;1741108080874
200;1741108080948
200;1741108080954
200;1741108085868
200;1741108085915
200;1741108085927
200;1741108090866
200;1741108090913
200;1741108090926
200;1741108095924
200;1741108095932
200;1741108095959
200;1741108100888
200;1741108100960
200;1741108101023
200;1741108105933
200;1741108105942
200;1741108108609
200;1741108110868
200;1741108110951
200;1741108110958
200;1741108115915
200;1741108115922
200;1741108115937
200;1741108120902
200;1741108120913
200;1741108120997
200;1741108125936
200;1741108125945
200;1741108125960
200;1741108130868
200;1741108130914
200;1741108130926
200;1741108135888
200;1741108135897
200;1741108135989
200;1741108140867
200;1741108140982
200;1741108140991
200;1741108145919
200;1741108145928
200;1741108145937
200;1741108150983
200;1741108150991
200;1741108151112
200;1741108155910
200;1741108155918
200;1741108155924
200;1741108160905
200;1741108160915
200;1741108160921
200;1741108165910
200;1741108165943
200;1741108165949
200;1741108170890
200;1741108170898
200;1741108170936
200;1741108175922
200;1741108175929
200;1741108175936
200;1741108180881
200;1741108180931
200;1741108180983
200;1741108185870
200;1741108185962
200;1741108185967
200;1741108190973
200;1741108190981
200;1741108191094
200;1741108195972
200;1741108195985
200;1741108195999
200;1741108200990
200;1741108201103
200;1741108203224
200;1741108205876
200;1741108205910
200;1741108205921
200;1741108210867
200;1741108210934
200;1741108210972
200;1741108215881
200;1741108215927
200;1741108215964
200;1741108220872
200;1741108220931
200;1741108220939
200;1741108226006
200;1741108226129
200;1741108228819
200;1741108230932
200;1741108230942
200;1741108231020
200;1741108235967
200;1741108235973
200;1741108236030
200;1741108240873
200;1741108240884
200;1741108240927
200;1741108245901
200;1741108245912
200;1741108245963
200;1741108250897
200;1741108250948
200;1741108251107
200;1741108255880
200;1741108255937
200;1741108255944
200;1741108260889
200;1741108260899
200;1741108261039
200;1741108265908
200;1741108265939
200;1741108265948
200;1741108270880
200;1741108270975
200;1741108271044
200;1741108275873
200;1741108275964
200;1741108275973
200;1741108280908
200;1741108280938
200;1741108280946
200;1741108285893
200;1741108285903
200;1741108285957
200;1741108290932
200;1741108291028
200;1741108293178
200;1741108295876
200;1741108295954
200;1741108295963
200;1741108300897
200;1741108300909
200;1741108301071
200;1741108305876
200;1741108305926
200;1741108305932
200;1741108310866
200;1741108310929
200;1741108310941
200;1741108315877
200;1741108315920
200;1741108315929
200;1741108320877
200;1741108320921
200;1741108320933
200;1741108325972
200;1741108325993
200;1741108328547
200;1741108330964
200;1741108330974
200;1741108331026
200;1741108335928
200;1741108335938
200;1741108336059
200;1741108340921
200;1741108340931
200;1741108341009
200;1741108345969
200;1741108345980
200;1741108348394
200;1741108350883
200;1741108350935
200;1741108350945
200;1741108355899
200;1741108355944
200;1741108355953
200;1741108360987
200;1741108361007
200;1741108361047
200;1741108365871
200;1741108365960
200;1741108365970
200;1741108370896
200;1741108370907
200;1741108370972
200;1741108375865
200;1741108375943
200;1741108375953
200;1741108380886
200;1741108380896
200;1741108380990
200;1741108385879
200;1741108385893
200;1741108386272
200;1741108390869
200;1741108390957
200;1741108390967
200;1741108396002
200;1741108396012
200;1741108396021
200;1741108400913
200;1741108400925
200;1741108400933
200;1741108405870
200;1741108405927
200;1741108405940
200;1741108410912
200;1741108410924
200;1741108410932
200;1741108415943
200;1741108415956
200;1741108415965
200;1741108420899
200;1741108420911
200;1741108421123
200;1741108425882
200;1741108425968
200;1741108425977
200;1741108430867
200;1741108430965
200;1741108430978
200;1741108435901
200;1741108435945
200;1741108436026
200;1741108440881
200;1741108440957
200;1741108440968
200;1741108445925
200;1741108445934
200;1741108445945
200;1741108450935
200;1741108450948
200;1741108451099
200;1741108455919
200;1741108456015
200;1741108458684
200;1741108460868
200;1741108460932
200;1741108460940
200;1741108465866
200;1741108465908
200;1741108465920
200;1741108470875
200;1741108470932
200;1741108470941
200;1741108475928
200;1741108475938
200;1741108476007
200;1741108480865
200;1741108480955
200;1741108481088
200;1741108485871
200;1741108485903
200;1741108485939
200;1741108490893
200;1741108490943
200;1741108491004
200;1741108495907
200;1741108495915
200;1741108495986
200;1741108500866
200;1741108500912
200;1741108500918
200;1741108505888
200;1741108505900
200;1741108505927
200;1741108510868
200;1741108510945
200;1741108510951
200;1741108515918
200;1741108515929
200;1741108515936
200;1741108520914
200;1741108520921
200;1741108520977
200;1741108525917
200;1741108525929
200;1741108526013
200;1741108530875
200;1741108530926
200;1741108530935
200;1741108535926
200;1741108535942
200;1741108535992
200;1741108540941
200;1741108540954
200;1741108540962
200;1741108545871
200;1741108545913
200;1741108545926
200;1741108550953
200;1741108550964
200;1741108550975
200;1741108555886
200;1741108555922
200;1741108556080
200;1741108560963
200;1741108560972
200;1741108561016
200;1741108565909
200;1741108565923
200;1741108565930
200;1741108570958
200;1741108571194
200;1741108573701
200;1741108575876
200;1741108575968
200;1741108575973
200;1741108580870
200;1741108580952
200;1741108580963
200;1741108585905
200;1741108585920
200;1741108586037
200;1741108590854
200;1741108590901
200;1741108590946
200;1741108595866
200;1741108595913
200;1741108595920
200;1741108600901
200;1741108600911
200;1741108601037
200;1741108605917
200;1741108605927
200;1741108606009
200;1741108610927
200;1741108610954
200;1741108611080
200;1741108615893
200;1741108615902
200;1741108615939
200;1741108620899
200;1741108620908
200;1741108621012
200;1741108625877
200;1741108625952
200;1741108625964
200;1741108630880
200;1741108630944
200;1741108631016
200;1741108635910
200;1741108635926
200;1741108635932
200;1741108640876
200;1741108640908
200;1741108640920
200;1741108645915
200;1741108645939
200;1741108646048
200;1741108650867
200;1741108650877
200;1741108650956
200;1741108655931
200;1741108655936
200;1741108656095
200;1741108660911
200;1741108660923
200;1741108660993
200;1741108665875
200;1741108665915
200;1741108666007
200;1741108670866
200;1741108670990
200;1741108670999
200;1741108675871
200;1741108675882
200;1741108676018
200;1741108680889
200;1741108680931
200;1741108680941
200;1741108685982
200;1741108686018
200;1741108686076
200;1741108690867
200;1741108690914
200;1741108690923
200;1741108695919
200;1741108695928
200;1741108695969
200;1741108700877
200;1741108700952
200;1741108701077
200;1741108706005
200;1741108706039
200;1741108708240
200;1741108710866
200;1741108710952
200;1741108710961
200;1741108715907
200;1741108715916
200;1741108715922
200;1741108720866
200;1741108720915
200;1741108720924
200;1741108725872
200;1741108725936
200;1741108725946
200;1741108730875
200;1741108730907
200;1741108730976
200;1741108735881
200;1741108735955
200;1741108735965
200;1741108740924
200;1741108740936
200;1741108740945
200;1741108745916
200;1741108745927
200;1741108746002
200;1741108750880
200;1741108750963
200;1741108750973
200;1741108755967
200;1741108755974
200;1741108756060
200;1741108760909
200;1741108760941
200;1741108760947
200;1741108765861
200;1741108765996
200;1741108766037
200;1741108770866
200;1741108770928
200;1741108770938
200;1741108775872
200;1741108775951
200;1741108776065
200;1741108780915
200;1741108780925
200;1741108780931
200;1741108785870
200;1741108785898
200;1741108788655
200;1741108790891
200;1741108790901
200;1741108790952
200;1741108795875
200;1741108795964
200;1741108795976
200;1741108800880
200;1741108800889
200;1741108801032
200;1741108805882
200;1741108805896
200;1741108805988
200;1741108810853
200;1741108810914
200;1741108810975
200;1741108815895
200;1741108815942
200;1741108816030
200;1741108820875
200;1741108820910
200;1741108820922
200;1741108825916
200;1741108825927
200;1741108825934
200;1741108830908
200;1741108830921
200;1741108830974
200;1741108835919
200;1741108835930
200;1741108835992
200;1741108840908
200;1741108840918
200;1741108841021
200;1741108845945
200;1741108845957
200;1741108846029
200;1741108850940
200;1741108850951
200;1741108850958
200;1741108855904
200;1741108855915
200;1741108855943
200;1741108861149
200;1741108861270
200;1741108861320
200;1741108865877
200;1741108865948
200;1741108866028
200;1741108870877
200;1741108870951
200;1741108870957
200;1741108875890
200;1741108875902
200;1741108875981
200;1741108880898
200;1741108880959
200;1741108880970
200;1741108885899
200;1741108885909
200;1741108885976
200;1741108890914
200;1741108890923
200;1741108891047
200;1741108895864
200;1741108895960
200;1741108895967
200;1741108900885
200;1741108900963
200;1741108903759
200;1741108905967
200;1741108905976
200;1741108906072
200;1741108910870
200;1741108910964
200;1741108910974
200;1741108915895
200;1741108915903
200;1741108915952
200;1741108920974
200;1741108920983
200;1741108920998
200;1741108925900
200;1741108925909
200;1741108926092
200;1741108930912
200;1741108930921
200;1741108930927
200;1741108935890
200;1741108935941
200;1741108936041
200;1741108940867
200;1741108940914
200;1741108940919
200;1741108945888
200;1741108945899
200;1741108945969
200;1741108950867
200;1741108950923
200;1741108950929
200;1741108955933
200;1741108955939
200;1741108955987
200;1741108960924
200;1741108960935
200;1741108960976
200;1741108965910
200;1741108965920
200;1741108965952
200;1741108970868
200;1741108970904
200;1741108971012
200;1741108975875
200;1741108975948
200;1741108975954
200;1741108980866
200;1741108980967
200;1741108980974
200;1741108985885
200;1741108985926
200;1741108985961
200;1741108990960
200;1741108990971
200;1741108990978
200;1741108995892
200;1741108995903
200;1741108996022
200;1741109000876
200;1741109001025
200;1741109001066
200;1741109005986
200;1741109006066
200;1741109006137
200;1741109010885
200;1741109010896
200;1741109010937
200;1741109015907
200;1741109015914
200;1741109015919
200;1741109020957
200;1741109020965
200;1741109021041
200;1741109025911
200;1741109025921
200;1741109025930
200;1741109030925
200;1741109030951
200;1741109031012
200;1741109035867
200;1741109035957
200;1741109035967
200;1741109040866
200;1741109040902
200;1741109040913
200;1741109045880
200;1741109045972
200;1741109045979
200;1741109050867
200;1741109050956
200;1741109050967
200;1741109055886
200;1741109055928
200;1741109055939
200;1741109060916
200;1741109060926
200;1741109060973
200;1741109065957
200;1741109065969
200;1741109065979
200;1741109070914
200;1741109070927
200;1741109071002
200;1741109075870
200;1741109075955
200;1741109075966
200;1741109080912
200;1741109081041
200;1741109081185
200;1741109085885
200;1741109085928
200;1741109085937
200;1741109090903
200;1741109090963
200;1741109090972
200;1741109095871
200;1741109095912
200;1741109095923
200;1741109100856
200;1741109100891
200;1741109100928
200;1741109105866
200;1741109105876
200;1741109105906
200;1741109110900
200;1741109110907
200;1741109110931
200;1741109115908
200;1741109115961
200;1741109116068
200;1741109120945
200;1741109120953
200;1741109121027
200;1741109125867
200;1741109125959
200;1741109125967
200;1741109130977
200;1741109130988
200;1741109131109
200;1741109135916
200;1741109135924
200;1741109135933
200;1741109141020
200;1741109141079
200;1741109143556
200;1741109145872
200;1741109145968
200;1741109145975
200;1741109150935
200;1741109150945
200;1741109151043
200;1741109155899
200;1741109155909
200;1741109156034
200;1741109160919
200;1741109160927
200;1741109160956
200;1741109165904
200;1741109165914
200;1741109165927
200;1741109170913
200;1741109170920
200;1741109170926
200;1741109175900
200;1741109175910
200;1741109175999
200;1741109180867
200;1741109180925
200;1741109180934
200;1741109185863
200;1741109185871
200;1741109185955
200;1741109190907
200;1741109190918
200;1741109190962
200;1741109195865
200;1741109195926
200;1741109195936
200;1741109200896
200;1741109200907
200;1741109201007
200;1741109205910
200;1741109205920
200;1741109205927
200;1741109210866
200;1741109210915
200;1741109210922
200;1741109215912
200;1741109215927
200;1741109215938
200;1741109220866
200;1741109220929
200;1741109220939
200;1741109225867
200;1741109225877
200;1741109225920
200;1741109230866
200;1741109230951
200;1741109230959
200;1741109235914
200;1741109235922
200;1741109235968
200;1741109240875
200;1741109240968
200;1741109240979
200;1741109245935
200;1741109245943
200;1741109245950
200;1741109250861
200;1741109250971
200;1741109251029
200;1741109255872
200;1741109255880
200;1741109255932
200;1741109260939
200;1741109260951
200;1741109260958
200;1741109265943
200;1741109265952
200;1741109268744
200;1741109270885
200;1741109270929
200;1741109270937
200;1741109275876
200;1741109275942
200;1741109275950
200;1741109280979
200;1741109280985
200;1741109281057
200;1741109285943
200;1741109285955
200;1741109285994
200;1741109290891
200;1741109290901
200;1741109290963
200;1741109295909
200;1741109295918
200;1741109295960
200;1741109300870
200;1741109300952
200;1741109300959
200;1741109305930
200;1741109305936
200;1741109305945
200;1741109310907
200;1741109310960
200;1741109310984
200;1741109315920
200;1741109315935
200;1741109315941
200;1741109320875
200;1741109320980
200;1741109320988
200;1741109325909
200;1741109325919
200;1741109325996
200;1741109330932
200;1741109331065
200;1741109333128
200;1741109335896
200;1741109335906
200;1741109335944
200;1741109340904
200;1741109340913
200;1741109340960
200;1741109345868
200;1741109345960
200;1741109345969
200;1741109350933
200;1741109350942
200;1741109350963
200;1741109355922
200;1741109355929
200;1741109355960
200;1741109360891
200;1741109360901
200;1741109360972
200;1741109365918
200;1741109365924
200;1741109365932
200;1741109370909
200;1741109370921
200;1741109370929
200;1741109375898
200;1741109375975
200;1741109376000
200;1741109380895
200;1741109380955
200;1741109381099
200;1741109385892
200;1741109385903
200;1741109385941
200;1741109390916
200;1741109390922
200;1741109390952
200;1741109395870
200;1741109395923
200;1741109395937
200;1741109400986
200;1741109401052
200;1741109401098
200;1741109405865
200;1741109405908
200;1741109405920
200;1741109410893
200;1741109410990
200;1741109411071
200;1741109415908
200;1741109415918
200;1741109415924
200;1741109420925
200;1741109420936
200;1741109420944
200;1741109425867
200;1741109425903
200;1741109425937
200;1741109430867
200;1741109430948
200;1741109430957
200;1741109435881
200;1741109435894
200;1741109435993
200;1741109440866
200;1741109440911
200;1741109440919
200;1741109445869
200;1741109445918
200;1741109445993
200;1741109450868
200;1741109450929
200;1741109450939
200;1741109455880
200;1741109455924
200;1741109455933
200;1741109460936
200;1741109460945
200;1741109460953
200;1741109465868
200;1741109465879
200;1741109466211
200;1741109470865
200;1741109470915
200;1741109470922
200;1741109475928
200;1741109475938
200;1741109476030
200;1741109480894
200;1741109480907
200;1741109481049
200;1741109485869
200;1741109485960
200;1741109485970
200;1741109490940
200;1741109490952
200;1741109490972
200;1741109495867
200;1741109495911
200;1741109495920
200;1741109500867
200;1741109500907
200;1741109500915
200;1741109505920
200;1741109505979
200;1741109505988
200;1741109510877
200;1741109510964
200;1741109510976
200;1741109515874
200;1741109515946
200;1741109516100
200;1741109520943
200;1741109520980
200;1741109521051
200;1741109525892
200;1741109525899
200;1741109525995
200;1741109530881
200;1741109530892
200;1741109530955
200;1741109535894
200;1741109535908
200;1741109535981
200;1741109540919
200;1741109540927
200;1741109541030
200;1741109546027
200;1741109546051
200;1741109546143
200;1741109550876
200;1741109550971
200;1741109550979
200;1741109555872
200;1741109555878
200;1741109556047
200;1741109560907
200;1741109560916
200;1741109560923
200;1741109565882
200;1741109565955
200;1741109565966
200;1741109570919
200;1741109570956
200;1741109571027
200;1741109575908
200;1741109575918
200;1741109575945
200;1741109580911
200;1741109580920
200;1741109580968
200;1741109585895
200;1741109585906
200;1741109585984
200;1741109590956
200;1741109590968
200;1741109590982
200;1741109595897
200;1741109595972
200;1741109595980
200;1741109600873
200;1741109600883
200;1741109600965
200;1741109605915
200;1741109605965
200;1741109605974
200;1741109610923
200;1741109610931
200;1741109610976
200;1741109615872
200;1741109616030
200;1741109616061
200;1741109620939
200;1741109620948
200;1741109620954
200;1741109625988
200;1741109626010
200;1741109628222
200;1741109630899
200;1741109630911
200;1741109631089
200;1741109635916
200;1741109635927
200;1741109636155
200;1741109640896
200;1741109640909
200;1741109641045
200;1741109645982
200;1741109646014
200;1741109646201
200;1741109650868
200;1741109650914
200;1741109650924
200;1741109655898
200;1741109655918
200;1741109655994
200;1741109660877
200;1741109660888
200;1741109660951
200;1741109665918
200;1741109665926
200;1741109665947
200;1741109670958
200;1741109670966
200;1741109671069
200;1741109675894
200;1741109675905
200;1741109675929
200;1741109680889
200;1741109680901
200;1741109680911
200;1741109685877
200;1741109685890
200;1741109685989
200;1741109690871
200;1741109690882
200;1741109690914
200;1741109695896
200;1741109695905
200;1741109696100
200;1741109700877
200;1741109700888
200;1741109701014
200;1741109705871
200;1741109705952
200;1741109705961
200;1741109710997
200;1741109711007
200;1741109713416
200;1741109715949
200;1741109715961
200;1741109715990
200;1741109720917
200;1741109720927
200;1741109720994
200;1741109725895
200;1741109725906
200;1741109725953
200;1741109730919
200;1741109730929
200;1741109730949
200;1741109735865
200;1741109735918
200;1741109735930
200;1741109740871
200;1741109740910
200;1741109740921
200;1741109745870
200;1741109745881
200;1741109746153
200;1741109750877
200;1741109750956
200;1741109750968
200;1741109755922
200;1741109755933
200;1741109755957
200;1741109760867
200;1741109760962
200;1741109760973
200;1741109765915
200;1741109765922
200;1741109765951
200;1741109770896
200;1741109770913
200;1741109771062
200;1741109775887
200;1741109775896
200;1741109775977
200;1741109780870
200;1741109780963
200;1741109780970
200;1741109785908
200;1741109785918
200;1741109785925
200;1741109790936
200;1741109790942
200;1741109791099
200;1741109795865
200;1741109795980
200;1741109795991
200;1741109800901
200;1741109800912
200;1741109800977
200;1741109805915
200;1741109805922
200;1741109805929
200;1741109810891
200;1741109810903
200;1741109810981
200;1741109815907
200;1741109815924
200;1741109815931
200;1741109820888
200;1741109820900
200;1741109821024
200;1741109825907
200;1741109825917
200;1741109825923
200;1741109830865
200;1741109830907
200;1741109830917
200;1741109835897
200;1741109835909
200;1741109835975
200;1741109840866
200;1741109840929
200;1741109840938
200;1741109845917
200;1741109845928
200;1741109845936
200;1741109850915
200;1741109850926
200;1741109850932
200;1741109855909
200;1741109855915
200;1741109856019
200;1741109860919
200;1741109860928
200;1741109860937
200;1741109865931
200;1741109865938
200;1741109866013
200;1741109870890
200;1741109870901
200;1741109871012
200;1741109875871
200;1741109875881
200;1741109875938
200;1741109880876
200;1741109881015
200;1741109881024
200;1741109885972
200;1741109885982
200;1741109886046
200;1741109890865
200;1741109890956
200;1741109890964
200;1741109895925
200;1741109895933
200;1741109895941
200;1741109900973
200;1741109900988
200;1741109901085
200;1741109905895
200;1741109905904
200;1741109905934
200;1741109910908
200;1741109910918
200;1741109910952
200;1741109915872
200;1741109915924
200;1741109915931
200;1741109920875
200;1741109920907
200;1741109920916
200;1741109925897
200;1741109925907
200;1741109925956
200;1741109930885
200;1741109930911
200;1741109931084
200;1741109935907
200;1741109935963
200;1741109936035
200;1741109940921
200;1741109940926
200;1741109941037
200;1741109945871
200;1741109945947
200;1741109945956
200;1741109950867
200;1741109950957
200;1741109950966
200;1741109955866
200;1741109955908
200;1741109955917
200;1741109960861
200;1741109960944
200;1741109961100
200;1741109965870
200;1741109965933
200;1741109965941
200;1741109970920
200;1741109970930
200;1741109970960
200;1741109975899
200;1741109975910
200;1741109975942
200;1741109980869
200;1741109980919
200;1741109980997
200;1741109985920
200;1741109985932
200;1741109985975
200;1741109990885
200;1741109990896
200;1741109990973
200;1741109995866
200;1741109995964
200;1741109995972
200;1741110000885
200;1741110000967
200;1741110001006
200;1741110005922
200;1741110005933
200;1741110006064
200;1741110010907
200;1741110010922
200;1741110010927
200;1741110015897
200;1741110015907
200;1741110016159
200;1741110020855
200;1741110020929
200;1741110020943
200;1741110025865
200;1741110025932
200;1741110025943
200;1741110030908
200;1741110030917
200;1741110031039
200;1741110035914
200;1741110035963
200;1741110035970
200;1741110040859
200;1741110040891
200;1741110040959
200;1741110045919
200;1741110045950
200;1741110045957
200;1741110050875
200;1741110050970
200;1741110050980
200;1741110055865
200;1741110055907
200;1741110055914
200;1741110060871
200;1741110060913
200;1741110060922
200;1741110065906
200;1741110065915
200;1741110065946
200;1741110070865
200;1741110070918
200;1741110070930
200;1741110075873
200;1741110075883
200;1741110075937
200;1741110080889
200;1741110080900
200;1741110080967
200;1741110085945
200;1741110085954
200;1741110088680
200;1741110090912
200;1741110090919
200;1741110090978
200;1741110095919
200;1741110095931
200;1741110095939
200;1741110100912
200;1741110100920
200;1741110101098
200;1741110105912
200;1741110106040
200;1741110108215
200;1741110110987
200;1741110111060
200;1741110111146
200;1741110115922
200;1741110115932
200;1741110115986
200;1741110120895
200;1741110120906
200;1741110120941
200;1741110125919
200;1741110125940
200;1741110125949
200;1741110130907
200;1741110130915
200;1741110130947
200;1741110135915
200;1741110135951
200;1741110135958
200;1741110140882
200;1741110140890
200;1741110140962
200;1741110145873
200;1741110145956
200;1741110146112
200;1741110150908
200;1741110150918
200;1741110150987
200;1741110155869
200;1741110155960
200;1741110155965
200;1741110160910
200;1741110160978
200;1741110161016
200;1741110165914
200;1741110165923
200;1741110166050
200;1741110170904
200;1741110170915
200;1741110171013
200;1741110175950
200;1741110175960
200;1741110175991
200;1741110180932
200;1741110180943
200;1741110181023
200;1741110185968
200;1741110185978
200;1741110186094
200;1741110190973
200;1741110190985
200;1741110190994
200;1741110195934
200;1741110195977
200;1741110196016
200;1741110200919
200;1741110200931
200;1741110200941
200;1741110205875
200;1741110205950
200;1741110205958
200;1741110210906
200;1741110210919
200;1741110211016
200;1741110215923
200;1741110215932
200;1741110215939
200;1741110220981
200;1741110220990
200;1741110221001
200;1741110225929
200;1741110225940
200;1741110226071
200;1741110230908
200;1741110230944
200;1741110235462
200;1741110235914
200;1741110235922
200;1741110238552
200;1741110240883
200;1741110240956
200;1741110240965
200;1741110245908
200;1741110245918
200;1741110245926
200;1741110250879
200;1741110250957
200;1741110251012
200;1741110255917
200;1741110255930
200;1741110256041
200;1741110260877
200;1741110260965
200;1741110260971
200;1741110265871
200;1741110265883
200;1741110265911
200;1741110270919
200;1741110270927
200;1741110270984
200;1741110275880
200;1741110275956
200;1741110275968
200;1741110280893
200;1741110280906
200;1741110280915
200;1741110285897
200;1741110285908
200;1741110285926
200;1741110290884
200;1741110291015
200;1741110291028
200;1741110295867
200;1741110295916
200;1741110295923
200;1741110300934
200;1741110300944
200;1741110300950
200;1741110305921
200;1741110305930
200;1741110305936
200;1741110310872
200;1741110310905
200;1741110310940
200;1741110315866
200;1741110315913
200;1741110315920
200;1741110320891
200;1741110320899
200;1741110321090
200;1741110325918
200;1741110325926
200;1741110325977
200;1741110330916
200;1741110330969
200;1741110330977
200;1741110335952
200;1741110335963
200;1741110335971
200;1741110340883
200;1741110340928
200;1741110340975
200;1741110345898
200;1741110345933
200;1741110345983
200;1741110350875
200;1741110350933
200;1741110350938
200;1741110355913
200;1741110355923
200;1741110355931
200;1741110360870
200;1741110360943
200;1741110360949
200;1741110365883
200;1741110365959
200;1741110365970
200;1741110370878
200;1741110370888
200;1741110370977
200;1741110375982
200;1741110376005
200;1741110376084
200;1741110380905
200;1741110380917
200;1741110380947
200;1741110385875
200;1741110385959
200;1741110385967
200;1741110390968
200;1741110390977
200;1741110390990
200;1741110395908
200;1741110395918
200;1741110395925
200;1741110400919
200;1741110400926
200;1741110400988
200;1741110405917
200;1741110405923
200;1741110406023
200;1741110410923
200;1741110410932
200;1741110410938
200;1741110415911
200;1741110415922
200;1741110415938
200;1741110420911
200;1741110420920
200;1741110420926
200;1741110425869
200;1741110425913
200;1741110425924
200;1741110430916
200;1741110430928
200;1741110430937
200;1741110435932
200;1741110435943
200;1741110435968
200;1741110440941
200;1741110440951
200;1741110441015
200;1741110445922
200;1741110445930
200;1741110445968
200;1741110450900
200;1741110450912
200;1741110450920
200;1741110455896
200;1741110455903
200;1741110455923
200;1741110460875
200;1741110460930
200;1741110460939
200;1741110465917
200;1741110465926
200;1741110465932
200;1741110470927
200;1741110470932
200;1741110470940
200;1741110475881
200;1741110475945
200;1741110475953
200;1741110480866
200;1741110480908
200;1741110480917
200;1741110485910
200;1741110485918
200;1741110485933
200;1741110490867
200;1741110490898
200;1741110490907
200;1741110495876
200;1741110495887
200;1741110495955
200;1741110500932
200;1741110500941
200;1741110500956
200;1741110505915
200;1741110505926
200;1741110505934
200;1741110510875
200;1741110510943
200;1741110511043
200;1741110515916
200;1741110515923
200;1741110516161
200;1741110520873
200;1741110520882
200;1741110520969
200;1741110525880
200;1741110525960
200;1741110525969
200;1741110530920
200;1741110530932
200;1741110530938
200;1741110535875
200;1741110535944
200;1741110535953
200;1741110540870
200;1741110540916
200;1741110540928
200;1741110545909
200;1741110545931
200;1741110545968
200;1741110550896
200;1741110550906
200;1741110550957
200;1741110555919
200;1741110555927
200;1741110555950
200;1741110560913
200;1741110560944
200;1741110560980
200;1741110565952
200;1741110568859
200;1741110570866
200;1741110570959
200;1741110570968
200;1741110575900
200;1741110575955
200;1741110575964
200;1741110580875
200;1741110580963
200;1741110580970
200;1741110585865
200;1741110585965
200;1741110585973
200;1741110590935
200;1741110590941
200;1741110590981
200;1741110595875
200;1741110595904
200;1741110595913
200;1741110600940
200;1741110600950
200;1741110600957
200;1741110605939
200;1741110605948
200;1741110606016
200;1741110610875
200;1741110610918
200;1741110610925
200;1741110615944
200;1741110615953
200;1741110616133
200;1741110620928
200;1741110620935
200;1741110620996
200;1741110625875
200;1741110625911
200;1741110625918
200;1741110630945
200;1741110630956
200;1741110630962
200;1741110635913
200;1741110635923
200;1741110635930
200;1741110640923
200;1741110640936
200;1741110641073
200;1741110645865
200;1741110645938
200;1741110645945
200;1741110650866
200;1741110650909
200;1741110650921
200;1741110655886
200;1741110655896
200;1741110655985
200;1741110660941
200;1741110660976
200;1741110661030
200;1741110665923
200;1741110665931
200;1741110665999
200;1741110670876
200;1741110670916
200;1741110670922
200;1741110675871
200;1741110675913
200;1741110675923
200;1741110680866
200;1741110680955
200;1741110680965
200;1741110685941
200;1741110685952
200;1741110685974
200;1741110690929
200;1741110690943
200;1741110691064
200;1741110695912
200;1741110695922
200;1741110695952
200;1741110700923
200;1741110700932
200;1741110701038
200;1741110705865
200;1741110705908
200;1741110705919
200;1741110710930
200;1741110710938
200;1741110710982
200;1741110716050
200;1741110716333
200;1741110718657
200;1741110720975
200;1741110720994
200;1741110723906
200;1741110725911
200;1741110725920
200;1741110726005
200;1741110730877
200;1741110730920
200;1741110730931
200;1741110735959
200;1741110735965
200;1741110735973
200;1741110740870
200;1741110740964
200;1741110740974
200;1741110745866
200;1741110745952
200;1741110745988
200;1741110750986
200;1741110751001
200;1741110751058
200;1741110755872
200;1741110755878
200;1741110755946
200;1741110760866
200;1741110760940
200;1741110760949
200;1741110765918
200;1741110765960
200;1741110765971
200;1741110770865
200;1741110770938
200;1741110770946
200;1741110775986
200;1741110776032
200;1741110776110
200;1741110780867
200;1741110780958
200;1741110780966
200;1741110785929
200;1741110785938
200;1741110786029
200;1741110790915
200;1741110790921
200;1741110790931
200;1741110795865
200;1741110795910
200;1741110795920
200;1741110800964
200;1741110800973
200;1741110800987
200;1741110805876
200;1741110805927
200;1741110805977
200;1741110810866
200;1741110810956
200;1741110810966
200;1741110815882
200;1741110815929
200;1741110815936
200;1741110820875
200;1741110820964
200;1741110820973
200;1741110825872
200;1741110825963
200;1741110825973
200;1741110830870
200;1741110830881
200;1741110830963
200;1741110835914
200;1741110835921
200;1741110835974
200;1741110840947
200;1741110840956
200;1741110841036
200;1741110845876
200;1741110845887
200;1741110845922
200;1741110850904
200;1741110850913
200;1741110851072
200;1741110855919
200;1741110855928
200;1741110855968
200;1741110860933
200;1741110860943
200;1741110861105
200;1741110865867
200;1741110865898
200;1741110865906
200;1741110870960
200;1741110870970
200;1741110870982
200;1741110875867
200;1741110875955
200;1741110875965
200;1741110880856
200;1741110880920
200;1741110881001
200;1741110885922
200;1741110885929
200;1741110885937
200;1741110890894
200;1741110890903
200;1741110890978
200;1741110895908
200;1741110895917
200;1741110895951
200;1741110900922
200;1741110900930
200;1741110900953
200;1741110905931
200;1741110905938
200;1741110905944
200;1741110910892
200;1741110910902
200;1741110910947
200;1741110915869
200;1741110915947
200;1741110916004
200;1741110920944
200;1741110920952
200;1741110921015
200;1741110925867
200;1741110925877
200;1741110926002
200;1741110930889
200;1741110930939
200;1741110931019
200;1741110935866
200;1741110935922
200;1741110935935
200;1741110941042
200;1741110941134
200;1741110943733
200;1741110945876
200;1741110945927
200;1741110945935
200;1741110950869
200;1741110950916
200;1741110950926
200;1741110955896
200;1741110955906
200;1741110956034
200;1741110960909
200;1741110960919
200;1741110963257
200;1741110965929
200;1741110965936
200;1741110968383
200;1741110970896
200;1741110970908
200;1741110970968
200;1741110975932
200;1741110975938
200;1741110976091
200;1741110980940
200;1741110980952
200;1741110980960
200;1741110985984
200;1741110986016
200;1741110986087
200;1741110990867
200;1741110990948
200;1741110990959
200;1741110995872
200;1741110995936
200;1741110995946
200;1741111000877
200;1741111000948
200;1741111000954
200;1741111005865
200;1741111005899
200;1741111005935
200;1741111010867
200;1741111010963
200;1741111010970
200;1741111015886
200;1741111015927
200;1741111015998
200;1741111020925
200;1741111020935
200;1741111021157
200;1741111025867
200;1741111025942
200;1741111025950
200;1741111030866
200;1741111030964
200;1741111030970
200;1741111035865
200;1741111035945
200;1741111035953
200;1741111040952
200;1741111040961
200;1741111041016
200;1741111045886
200;1741111045965
200;1741111045975
200;1741111050873
200;1741111050916
200;1741111050926
200;1741111055928
200;1741111055934
200;1741111055945
200;1741111060886
200;1741111060921
200;1741111060930
200;1741111065911
200;1741111065921
200;1741111066040
200;1741111070877
200;1741111070944
200;1741111070953
200;1741111075884
200;1741111075963
200;1741111075972
200;1741111080921
200;1741111080931
200;1741111080938
200;1741111085866
200;1741111085928
200;1741111085940
200;1741111090901
200;1741111090966
200;1741111090972
200;1741111095965
200;1741111095973
200;1741111096023
200;1741111100919
200;1741111100930
200;1741111100938
200;1741111105919
200;1741111105948
200;1741111106004
200;1741111110871
200;1741111110952
200;1741111110961
200;1741111115972
200;1741111115979
200;1741111118631
200;1741111120889
200;1741111120901
200;1741111120961
200;1741111125872
200;1741111125882
200;1741111125921
200;1741111130893
200;1741111130905
200;1741111130933
200;1741111135908
200;1741111135918
200;1741111135924
200;1741111140915
200;1741111140923
200;1741111140978
200;1741111145972
200;1741111145982
200;1741111146080
200;1741111150944
200;1741111150955
200;1741111150963
200;1741111155926
200;1741111155985
200;1741111158880
200;1741111160912
200;1741111160922
200;1741111160972
200;1741111165870
200;1741111165918
200;1741111165926
200;1741111170919
200;1741111170926
200;1741111170987
200;1741111175871
200;1741111175947
200;1741111175957
200;1741111180908
200;1741111180919
200;1741111180949
200;1741111185908
200;1741111185919
200;1741111185928
200;1741111190968
200;1741111190979
200;1741111191257
200;1741111195915
200;1741111195922
200;1741111195928
200;1741111200928
200;1741111200940
200;1741111200947
200;1741111205886
200;1741111205899
200;1741111205997
200;1741111210875
200;1741111210882
200;1741111210929
200;1741111215866
200;1741111215908
200;1741111215917
200;1741111220880
200;1741111223176
200;1741111223867
200;1741111225907
200;1741111225916
200;1741111225922
200;1741111230982
200;1741111231006
200;1741111231076
200;1741111235913
200;1741111235919
200;1741111235986
200;1741111240909
200;1741111240918
200;1741111240925
200;1741111245887
200;1741111245893
200;1741111245955
200;1741111250873
200;1741111250918
200;1741111255908
200;1741111255914
200;1741111255964
200;1741111260876
200;1741111260964
200;1741111260975
200;1741111265919
200;1741111265930
200;1741111265944
200;1741111270905
200;1741111270911
200;1741111271055
200;1741111275928
200;1741111275936
200;1741111275941
200;1741111280952
200;1741111280957
200;1741111280983
200;1741111285932
200;1741111285941
200;1741111286060
200;1741111290870
200;1741111290919
200;1741111290956
200;1741111295871
200;1741111295932
200;1741111295942
200;1741111300871
200;1741111300928
200;1741111300933
200;1741111305865
200;1741111305908
200;1741111305918
200;1741111310920
200;1741111310928
200;1741111311013
200;1741111315899
200;1741111315906
200;1741111316007
200;1741111320865
200;1741111320908
200;1741111320917
200;1741111325982
200;1741111325989
200;1741111326035
200;1741111330878
200;1741111330924
200;1741111330929
200;1741111335975
200;1741111335983
200;1741111336036
200;1741111340967
200;1741111340976
200;1741111340984
200;1741111345911
200;1741111345919
200;1741111346109
200;1741111350942
200;1741111350948
200;1741111351023
200;1741111355873
200;1741111355891
200;1741111355975
200;1741111360873
200;1741111360915
200;1741111360924
200;1741111365906
200;1741111365915
200;1741111366036
200;1741111370971
200;1741111370978
200;1741111371073
200;1741111375920
200;1741111375930
200;1741111375965
200;1741111380866
200;1741111380960
200;1741111380971
200;1741111385875
200;1741111385919
200;1741111385925
200;1741111390908
200;1741111390918
200;1741111390925
200;1741111395894
200;1741111395947
200;1741111395984
200;1741111400865
200;1741111400956
200;1741111401030
200;1741111405951
200;1741111405957
200;1741111406028
200;1741111410955
200;1741111410961
200;1741111411044
200;1741111415914
200;1741111415952
200;1741111415959
200;1741111420918
200;1741111420924
200;1741111420955
200;1741111425881
200;1741111425891
200;1741111425936
200;1741111430911
200;1741111430920
200;1741111430964
200;1741111435912
200;1741111435920
200;1741111435924
200;1741111440971
200;1741111440980
200;1741111440989
200;1741111445892
200;1741111445898
200;1741111446052
200;1741111450889
200;1741111450898
200;1741111450964
200;1741111455866
200;1741111456011
200;1741111456057
200;1741111460865
200;1741111460991
200;1741111460998
200;1741111465868
200;1741111465919
200;1741111465925
200;1741111470920
200;1741111470930
200;1741111470985
200;1741111475915
200;1741111475924
200;1741111475931
200;1741111480932
200;1741111480942
200;1741111480990
200;1741111485907
200;1741111485913
200;1741111485944
200;1741111490871
200;1741111490881
200;1741111490924
200;1741111495867
200;1741111495909
200;1741111495918
200;1741111500892
200;1741111500903
200;1741111501063
200;1741111505868
200;1741111505880
200;1741111505956
200;1741111510908
200;1741111510936
200;1741111510940
200;1741111515912
200;1741111515920
200;1741111515926
200;1741111520947
200;1741111520957
200;1741111520963
200;1741111525879
200;1741111525934
200;1741111525943
200;1741111530915
200;1741111530923
200;1741111531007
200;1741111535905
200;1741111535924
200;1741111536089
200;1741111540949
200;1741111543378
200;1741111543512
200;1741111545924
200;1741111545934
200;1741111546005
200;1741111550997
200;1741111551009
200;1741111551190
200;1741111555875
200;1741111555904
200;1741111555911
200;1741111560911
200;1741111560922
200;1741111560962
200;1741111565878
200;1741111565906
200;1741111565913
200;1741111570972
200;1741111570981
200;1741111571073
200;1741111575884
200;1741111575897
200;1741111575982
200;1741111580897
200;1741111580908
200;1741111583861
200;1741111585874
200;1741111585923
200;1741111585932
200;1741111590872
200;1741111590918
200;1741111590928
200;1741111595865
200;1741111595972
200;1741111595984
200;1741111600869
200;1741111600997
200;1741111601133
200;1741111605875
200;1741111605910
200;1741111605919
200;1741111610870
200;1741111610924
200;1741111610930
200;1741111615907
200;1741111615921
200;1741111615930
200;1741111620914
200;1741111620922
200;1741111620929
200;1741111625931
200;1741111625944
200;1741111626075
200;1741111630884
200;1741111630894
200;1741111633424
200;1741111635896
200;1741111635907
200;1741111635981
200;1741111640874
200;1741111640947
200;1741111640954
200;1741111645874
200;1741111645975
200;1741111646048
200;1741111650956
200;1741111650964
200;1741111651064
200;1741111655875
200;1741111655959
200;1741111655966
200;1741111660910
200;1741111660921
200;1741111661086
200;1741111665917
200;1741111665961
200;1741111665968
200;1741111670871
200;1741111670973
200;1741111671197
200;1741111675916
200;1741111675926
200;1741111675933
200;1741111680866
200;1741111680908
200;1741111680919
200;1741111685914
200;1741111685922
200;1741111686078
200;1741111690871
200;1741111690919
200;1741111690927
200;1741111695892
200;1741111695900
200;1741111695931
200;1741111700927
200;1741111700935
200;1741111701112
200;1741111705893
200;1741111705904
200;1741111705988
200;1741111710932
200;1741111710944
200;1741111711002
200;1741111715885
200;1741111715922
200;1741111715930
200;1741111720890
200;1741111720968
200;1741111720977
200;1741111725867
200;1741111725929
200;1741111725939
200;1741111730870
200;1741111730933
200;1741111730942
200;1741111735935
200;1741111735947
200;1741111735956
200;1741111740888
200;1741111740901
200;1741111740930
200;1741111745938
200;1741111746107
200;1741111748152
200;1741111750888
200;1741111750899
200;1741111750956
200;1741111755908
200;1741111755923
200;1741111755929
200;1741111760897
200;1741111760907
200;1741111760937
200;1741111765866
200;1741111765909
200;1741111765919
200;1741111770895
200;1741111770944
200;1741111771056
200;1741111775865
200;1741111775924
200;1741111775931
200;1741111780888
200;1741111780929
200;1741111780940
200;1741111785992
200;1741111785999
200;1741111786060
200;1741111790927
200;1741111791057
200;1741111793464
200;1741111795892
200;1741111795902
200;1741111795980
200;1741111800872
200;1741111800883
200;1741111800944
200;1741111805864
200;1741111805907
200;1741111805917
200;1741111810889
200;1741111810899
200;1741111810965
200;1741111815877
200;1741111815907
200;1741111815915
200;1741111820948
200;1741111820957
200;1741111821008
200;1741111825902
200;1741111825914
200;1741111825945
200;1741111830904
200;1741111830941
200;1741111831033
200;1741111835890
200;1741111835900
200;1741111835946
200;1741111840868
200;1741111841000
200;1741111843539
200;1741111845961
200;1741111845968
200;1741111845986
200;1741111850877
200;1741111850956
200;1741111850966
200;1741111855865
200;1741111855908
200;1741111855918
200;1741111860872
200;1741111860885
200;1741111861068
200;1741111865944
200;1741111865965
200;1741111867913
200;1741111870924
200;1741111870936
200;1741111870949
200;1741111875888
200;1741111875897
200;1741111876127
200;1741111880867
200;1741111880909
200;1741111880918
200;1741111885867
200;1741111885876
200;1741111885966
200;1741111890939
200;1741111890948
200;1741111890994
200;1741111895881
200;1741111895983
200;1741111896111
200;1741111900870
200;1741111900924
200;1741111900932
200;1741111905919
200;1741111905930
200;1741111906005
200;1741111910920
200;1741111910930
200;1741111910937
200;1741111915922
200;1741111915936
200;1741111916051
200;1741111920867
200;1741111920909
200;1741111920921
200;1741111925866
200;1741111925909
200;1741111925920
200;1741111930966
200;1741111930975
200;1741111931059
200;1741111935876
200;1741111935928
200;1741111935936
200;1741111940904
200;1741111940915
200;1741111941013
200;1741111945937
200;1741111945949
200;1741111946141
200;1741111950936
200;1741111950950
200;1741111952900
200;1741111955863
200;1741111955908
200;1741111955911
200;1741111960904
200;1741111960914
200;1741111960926
200;1741111965923
200;1741111965935
200;1741111965942
200;1741111970866
200;1741111970959
200;1741111970965
200;1741111975927
200;1741111975938
200;1741111976115
200;1741111980916
200;1741111980923
200;1741111980931
200;1741111985885
200;1741111985899
200;1741111985928
200;1741111990915
200;1741111990922
200;1741111990930
200;1741111995915
200;1741111995924
200;1741111996089
200;1741112000908
200;1741112000920
200;1741112000961
200;1741112005954
200;1741112005969
200;1741112006047
200;1741112010894
200;1741112010905
200;1741112010986
200;1741112015911
200;1741112015922
200;1741112015992
200;1741112020930
200;1741112021043
200;1741112023287
200;1741112025991
200;1741112028754
200;1741112030871
200;1741112030881
200;1741112030935
200;1741112035911
200;1741112035920
200;1741112035953
200;1741112040881
200;1741112040909
200;1741112041098
200;1741112045914
200;1741112045922
200;1741112046014
200;1741112050908
200;1741112050918
200;1741112050927
200;1741112055889
200;1741112055899
200;1741112055980
200;1741112060918
200;1741112060925
200;1741112061000
200;1741112065869
200;1741112065916
200;1741112065924
200;1741112070865
200;1741112070907
200;1741112070915
200;1741112075881
200;1741112075907
200;1741112075948
200;1741112080964
200;1741112080970
200;1741112081001
200;1741112085868
200;1741112085915
200;1741112085921
200;1741112090897
200;1741112090950
200;1741112093437
200;1741112095908
200;1741112095918
200;1741112095924
200;1741112100876
200;1741112100977
200;1741112101041
200;1741112105908
200;1741112105916
200;1741112106082
200;1741112110972
200;1741112110980
200;1741112110991
200;1741112115885
200;1741112115895
200;1741112116048
200;1741112120916
200;1741112120921
200;1741112120965
200;1741112125916
200;1741112125923
200;1741112125997
200;1741112130871
200;1741112130916
200;1741112130927
200;1741112135888
200;1741112135927
200;1741112135937
200;1741112140877
200;1741112140927
200;1741112140934
200;1741112145868
200;1741112145906
200;1741112148649
200;1741112150920
200;1741112150929
200;1741112150938
200;1741112155942
200;1741112155951
200;1741112155992
200;1741112160897
200;1741112160908
200;1741112160947
200;1741112165927
200;1741112165934
200;1741112165977
200;1741112170894
200;1741112170967
200;1741112170974
200;1741112175939
200;1741112175950
200;1741112175991
200;1741112180888
200;1741112180901
200;1741112180938
200;1741112185901
200;1741112185925
200;1741112185962
200;1741112190880
200;1741112190894
200;1741112190918
200;1741112195933
200;1741112195942
200;1741112195979
200;1741112200881
200;1741112200970
200;1741112201060
200;1741112205879
200;1741112205889
200;1741112206012
200;1741112210875
200;1741112210904
200;1741112210913
200;1741112215920
200;1741112215927
200;1741112216021
200;1741112220876
200;1741112220913
200;1741112220926
200;1741112225933
200;1741112225943
200;1741112226073
200;1741112230865
200;1741112230907
200;1741112230914
200;1741112235920
200;1741112235930
200;1741112235937
200;1741112240926
200;1741112240984
200;1741112240993
200;1741112245889
200;1741112245966
200;1741112245972
200;1741112250871
200;1741112250960
200;1741112250969
200;1741112255922
200;1741112255935
200;1741112256009
200;1741112260881
200;1741112260894
200;1741112260993
200;1741112265879
200;1741112265961
200;1741112265974
200;1741112270866
200;1741112270941
200;1741112270950
200;1741112275915
200;1741112275922
200;1741112275929
200;1741112280901
200;1741112280913
200;1741112280958
200;1741112285972
200;1741112285983
200;1741112286030
200;1741112290914
200;1741112290927
200;1741112290956
200;1741112295936
200;1741112295947
200;1741112295955
200;1741112300875
200;1741112300947
200;1741112300954
200;1741112305872
200;1741112305879
200;1741112305971
200;1741112310878
200;1741112310904
200;1741112310910
200;1741112315866
200;1741112315952
200;1741112315961
200;1741112320871
200;1741112320960
200;1741112320972
200;1741112326007
200;1741112326018
200;1741112326030
200;1741112330920
200;1741112330931
200;1741112331008
200;1741112335865
200;1741112335952
200;1741112335964
200;1741112340920
200;1741112340929
200;1741112340989
200;1741112345899
200;1741112345908
200;1741112345973
200;1741112350968
200;1741112350979
200;1741112350989
200;1741112355972
200;1741112355984
200;1741112356064
200;1741112360917
200;1741112360924
200;1741112361029
200;1741112365937
200;1741112365946
200;1741112368177
200;1741112370915
200;1741112370920
200;1741112370926
200;1741112375897
200;1741112375907
200;1741112375941
200;1741112380922
200;1741112380940
200;1741112380949
200;1741112385975
200;1741112385985
200;1741112386027
200;1741112390865
200;1741112390908
200;1741112390918
200;1741112395927
200;1741112395933
200;1741112396091
200;1741112400920
200;1741112400929
200;1741112401016
200;1741112405905
200;1741112405918
200;1741112405939
200;1741112410914
200;1741112410925
200;1741112411044
200;1741112415916
200;1741112415926
200;1741112415948
200;1741112420870
200;1741112420900
200;1741112420935
200;1741112425891
200;1741112425947
200;1741112425962
200;1741112430890
200;1741112430903
200;1741112430983
200;1741112435982
200;1741112436137
200;1741112436228
200;1741112440892
200;1741112440948
200;1741112440973
200;1741112445904
200;1741112445917
200;1741112445995
200;1741112450865
200;1741112450914
200;1741112450921
200;1741112455909
200;1741112455921
200;1741112455929
200;1741112460867
200;1741112460920
200;1741112460932
200;1741112465923
200;1741112465931
200;1741112465977
200;1741112470901
200;1741112470915
200;1741112470961
200;1741112475908
200;1741112475972
200;1741112475985
200;1741112480871
200;1741112480919
200;1741112480926
200;1741112485932
200;1741112485944
200;1741112485967
200;1741112490908
200;1741112490917
200;1741112491100
200;1741112495903
200;1741112495912
200;1741112495947
200;1741112500929
200;1741112500941
200;1741112500957
200;1741112505923
200;1741112505934
200;1741112505962
200;1741112510865
200;1741112510909
200;1741112510917
200;1741112515894
200;1741112515905
200;1741112516006
200;1741112520874
200;1741112520904
200;1741112520915
200;1741112525866
200;1741112525875
200;1741112525916
200;1741112530905
200;1741112530915
200;1741112530928
200;1741112535877
200;1741112535960
200;1741112535972
200;1741112540944
200;1741112540956
200;1741112543250
200;1741112545908
200;1741112545924
200;1741112545931
200;1741112550919
200;1741112550928
200;1741112550937
200;1741112555892
200;1741112555897
200;1741112555980
200;1741112560890
200;1741112560901
200;1741112560977
200;1741112565925
200;1741112565938
200;1741112565948
200;1741112570915
200;1741112570923
200;1741112570938
200;1741112575921
200;1741112575932
200;1741112575982
200;1741112580925
200;1741112580936
200;1741112580968
200;1741112585918
200;1741112585930
200;1741112585948
200;1741112590865
200;1741112590908
200;1741112590919
200;1741112595963
200;1741112595970
200;1741112595978
200;1741112600896
200;1741112600907
200;1741112600984
200;1741112605912
200;1741112605919
200;1741112605940
200;1741112610921
200;1741112610932
200;1741112610948
200;1741112615878
200;1741112615992
200;1741112616003
200;1741112620881
200;1741112620893
200;1741112621000
200;1741112625927
200;1741112625939
200;1741112625969
200;1741112630867
200;1741112630948
200;1741112630958
200;1741112635895
200;1741112635907
200;1741112635997
200;1741112640882
200;1741112640893
200;1741112641004
200;1741112645923
200;1741112648503
200;1741112648563
200;1741112650864
200;1741112650961
200;1741112650970
200;1741112655893
200;1741112655903
200;1741112656102
200;1741112660867
200;1741112660916
200;1741112660922
200;1741112665915
200;1741112665959
200;1741112666080
200;1741112670864
200;1741112670914
200;1741112670921
200;1741112675866
200;1741112675956
200;1741112675967
200;1741112680972
200;1741112680983
200;1741112681044
200;1741112685902
200;1741112685935
200;1741112685961
200;1741112690944
200;1741112690950
200;1741112691032
200;1741112695919
200;1741112695925
200;1741112696125
200;1741112700914
200;1741112700973
200;1741112701088
200;1741112705866
200;1741112705959
200;1741112706169
200;1741112710975
200;1741112710984
200;1741112713407
200;1741112715935
200;1741112715944
200;1741112716075
200;1741112720866
200;1741112720921
200;1741112720932
200;1741112725928
200;1741112725940
200;1741112725958
200;1741112730931
200;1741112730971
200;1741112731019
200;1741112735876
200;1741112735905
200;1741112735913
200;1741112740896
200;1741112740908
200;1741112740949
200;1741112745937
200;1741112745949
200;1741112745996
200;1741112750866
200;1741112750908
200;1741112750919
200;1741112755871
200;1741112755918
200;1741112755927
200;1741112760870
200;1741112760913
200;1741112760923
200;1741112765866
200;1741112765915
200;1741112765923
200;1741112770875
200;1741112770976
200;1741112771047
200;1741112775964
200;1741112775973
200;1741112776162
200;1741112780904
200;1741112780917
200;1741112780940
200;1741112785865
200;1741112785938
200;1741112785946
200;1741112790873
200;1741112790884
200;1741112790939
200;1741112795900
200;1741112795953
200;1741112796070
200;1741112800971
200;1741112800982
200;1741112801104
200;1741112805891
200;1741112805900
200;1741112805979
200;1741112810871
200;1741112810884
200;1741112810925
200;1741112815885
200;1741112815897
200;1741112815929
200;1741112820917
200;1741112820924
200;1741112820948
200;1741112825893
200;1741112825903
200;1741112825953
200;1741112830925
200;1741112830935
200;1741112830954
200;1741112835915
200;1741112835965
200;1741112835970
200;1741112840882
200;1741112840892
200;1741112840931
200;1741112845865
200;1741112845924
200;1741112845932
200;1741112850923
200;1741112850932
200;1741112850993
200;1741112855890
200;1741112855895
200;1741112855934
200;1741112860975
200;1741112860985
200;1741112861063
200;1741112865867
200;1741112865912
200;1741112865921
200;1741112870876
200;1741112870962
200;1741112870997
200;1741112875909
200;1741112875922
200;1741112875997
200;1741112880866
200;1741112880908
200;1741112880920
200;1741112885874
200;1741112885930
200;1741112885941
200;1741112890879
200;1741112890892
200;1741112891097
200;1741112895870
200;1741112895953
200;1741112895964
200;1741112900968
200;1741112900979
200;1741112901046
200;1741112905908
200;1741112905963
200;1741112905995
200;1741112910882
200;1741112910925
200;1741112910935
200;1741112915911
200;1741112915921
200;1741112915972
200;1741112920885
200;1741112920896
200;1741112920971
200;1741112925928
200;1741112925938
200;1741112925946
200;1741112930968
200;1741112930978
200;1741112933901
200;1741112935929
200;1741112936008
200;1741112936033
200;1741112940895
200;1741112940909
200;1741112940985
200;1741112945918
200;1741112945932
200;1741112945942
200;1741112950873
200;1741112950884
200;1741112950969
200;1741112955876
200;1741112955901
200;1741112955911
200;1741112960866
200;1741112960941
200;1741112960949
200;1741112965886
200;1741112965901
200;1741112965907
200;1741112970947
200;1741112970957
200;1741112970980
200;1741112975916
200;1741112975927
200;1741112975974
200;1741112983135
200;1741112983213
200;1741112983390
200;1741112985907
200;1741112985996
200;1741112986056
200;1741112990882
200;1741112990911
200;1741112990918
200;1741112995924
200;1741112995936
200;1741112995951
200;1741113000881
200;1741113000993
200;1741113003532
200;1741113005894
200;1741113005907
200;1741113005944
200;1741113010904
200;1741113010915
200;1741113010923
200;1741113015904
200;1741113015915
200;1741113015929
200;1741113020909
200;1741113020920
200;1741113021021
200;1741113025909
200;1741113025917
200;1741113025969
200;1741113030889
200;1741113030901
200;1741113030930
200;1741113035905
200;1741113035917
200;1741113036017
200;1741113040972
200;1741113040984
200;1741113041111
200;1741113045913
200;1741113045959
200;1741113045965
200;1741113050913
200;1741113050925
200;1741113050935
200;1741113055983
200;1741113056010
200;1741113056025
200;1741113060896
200;1741113060907
200;1741113061112
200;1741113065879
200;1741113065960
200;1741113065971
200;1741113070914
200;1741113070963
200;1741113071032
200;1741113075927
200;1741113075939
200;1741113075993
200;1741113080879
200;1741113080968
200;1741113080979
200;1741113085899
200;1741113085957
200;1741113086041
200;1741113090878
200;1741113090891
200;1741113090988
200;1741113095873
200;1741113095922
200;1741113095929
200;1741113100885
200;1741113100972
200;1741113101119
200;1741113105927
200;1741113105934
200;1741113105942
200;1741113110933
200;1741113110945
200;1741113110991
200;1741113115866
200;1741113115957
200;1741113115966
200;1741113120867
200;1741113120913
200;1741113120924
200;1741113125908
200;1741113125916
200;1741113125962
200;1741113130871
200;1741113130976
200;1741113131009
200;1741113135915
200;1741113135921
200;1741113135928
200;1741113140957
200;1741113140965
200;1741113140986
200;1741113145915
200;1741113145924
200;1741113145954
200;1741113150916
200;1741113150927
200;1741113150954
200;1741113155944
200;1741113155951
200;1741113155957
200;1741113160927
200;1741113160959
200;1741113161070
200;1741113165880
200;1741113165892
200;1741113165934
200;1741113170877
200;1741113170936
200;1741113170947
200;1741113175918
200;1741113175925
200;1741113175934
200;1741113180909
200;1741113180919
200;1741113180926
200;1741113185912
200;1741113185922
200;1741113185929
200;1741113190937
200;1741113190950
200;1741113190956
200;1741113195867
200;1741113195962
200;1741113195973
200;1741113200967
200;1741113200976
200;1741113201075
200;1741113205891
200;1741113205903
200;1741113206017
200;1741113210940
200;1741113210953
200;1741113210999
200;1741113215873
200;1741113215963
200;1741113215971
200;1741113220868
200;1741113220957
200;1741113220972
200;1741113225874
200;1741113225886
200;1741113225930
200;1741113230908
200;1741113230919
200;1741113231046
200;1741113235932
200;1741113235941
200;1741113235961
200;1741113240916
200;1741113240927
200;1741113240934
200;1741113245915
200;1741113245925
200;1741113245932
200;1741113250944
200;1741113250953
200;1741113251081
200;1741113255866
200;1741113255903
200;1741113255914
200;1741113260954
200;1741113260961
200;1741113261041
200;1741113265872
200;1741113265885
200;1741113266074
200;1741113270902
200;1741113270913
200;1741113270945
200;1741113275879
200;1741113275965
200;1741113275976
200;1741113280956
200;1741113281041
200;1741113283658
200;1741113285887
200;1741113285899
200;1741113286051
200;1741113290914
200;1741113290923
200;1741113291035
200;1741113295868
200;1741113295923
200;1741113295933
200;1741113300867
200;1741113300985
200;1741113300997
200;1741113305865
200;1741113305907
200;1741113305916
200;1741113310919
200;1741113310968
200;1741113311082
200;1741113315874
200;1741113315917
200;1741113315927
200;1741113320933
200;1741113320943
200;1741113320950
200;1741113325892
200;1741113325905
200;1741113326035
200;1741113330945
200;1741113330957
200;1741113331035
200;1741113335901
200;1741113335980
200;1741113336055
200;1741113340874
200;1741113340928
200;1741113340934
200;1741113345916
200;1741113345969
200;1741113345977
200;1741113350872
200;1741113350922
200;1741113350973
200;1741113355905
200;1741113355917
200;1741113356071
200;1741113360915
200;1741113360926
200;1741113360933
200;1741113365916
200;1741113365972
200;1741113366026
200;1741113370865
200;1741113370912
200;1741113370921
200;1741113375897
200;1741113375923
200;1741113375931
200;1741113380925
200;1741113380947
200;1741113380954
200;1741113385891
200;1741113385901
200;1741113385932
200;1741113390875
200;1741113390968
200;1741113390978
200;1741113395885
200;1741113395895
200;1741113395972
200;1741113400916
200;1741113400928
200;1741113400936
200;1741113405918
200;1741113405926
200;1741113405969
200;1741113410897
200;1741113410943
200;1741113411037
200;1741113415956
200;1741113415966
200;1741113415976
200;1741113420927
200;1741113420939
200;1741113420946
200;1741113425867
200;1741113425917
200;1741113425925
200;1741113430874
200;1741113430964
200;1741113430974
200;1741113435918
200;1741113436001
200;1741113436013
200;1741113440872
200;1741113440960
200;1741113440969
200;1741113445901
200;1741113445912
200;1741113445996
200;1741113450913
200;1741113450925
200;1741113450998
200;1741113455920
200;1741113455927
200;1741113455932
200;1741113460887
200;1741113460898
200;1741113460984
200;1741113465916
200;1741113465927
200;1741113465934
200;1741113470951
200;1741113470957
200;1741113470991
200;1741113475930
200;1741113475941
200;1741113475970
200;1741113480895
200;1741113480904
200;1741113480920
200;1741113485881
200;1741113485893
200;1741113485921
200;1741113490901
200;1741113492989
200;1741113493441
200;1741113495923
200;1741113495930
200;1741113496069
200;1741113500923
200;1741113500935
200;1741113500977
200;1741113505875
200;1741113505957
200;1741113505965
200;1741113510870
200;1741113510880
200;1741113510962
200;1741113515952
200;1741113515962
200;1741113518556
200;1741113520914
200;1741113520923
200;1741113520948
200;1741113525867
200;1741113525981
200;1741113525991
200;1741113530933
200;1741113530941
200;1741113530993
200;1741113535889
200;1741113535900
200;1741113536044
200;1741113540867
200;1741113540967
200;1741113541199
200;1741113545868
200;1741113545904
200;1741113545950
200;1741113550916
200;1741113550924
200;1741113550980
200;1741113555867
200;1741113555919
200;1741113555924
200;1741113560882
200;1741113560958
200;1741113560967
200;1741113565918
200;1741113565924
200;1741113566076
200;1741113570866
200;1741113570914
200;1741113570924
200;1741113575917
200;1741113575926
200;1741113575932
200;1741113580867
200;1741113580920
200;1741113580930
200;1741113585940
200;1741113585949
200;1741113585956
200;1741113590908
200;1741113590918
200;1741113590925
200;1741113595909
200;1741113595919
200;1741113596019
200;1741113600866
200;1741113600908
200;1741113600918
200;1741113605904
200;1741113605928
200;1741113608670
200;1741113610867
200;1741113610939
200;1741113610945
200;1741113615865
200;1741113615913
200;1741113615919
200;1741113620871
200;1741113620971
200;1741113621010
200;1741113625917
200;1741113625941
200;1741113626081
200;1741113630930
200;1741113630939
200;1741113630990
200;1741113635961
200;1741113635972
200;1741113635980
200;1741113640913
200;1741113640925
200;1741113640931
200;1741113646000
200;1741113646011
200;1741113648616
200;1741113650916
200;1741113650929
200;1741113650938
200;1741113655867
200;1741113655878
200;1741113655921
200;1741113660865
200;1741113660976
200;1741113660988
200;1741113665881
200;1741113665893
200;1741113665913
200;1741113670882
200;1741113670925
200;1741113670938
200;1741113675874
200;1741113675936
200;1741113675947
200;1741113680924
200;1741113680931
200;1741113680972
200;1741113685957
200;1741113685965
200;1741113686041
200;1741113690920
200;1741113690930
200;1741113690988
200;1741113695908
200;1741113695916
200;1741113695921
200;1741113700866
200;1741113700915
200;1741113700922
200;1741113705944
200;1741113705954
200;1741113706210
200;1741113710903
200;1741113710970
200;1741113710984
200;1741113715886
200;1741113715897
200;1741113715929
200;1741113720877
200;1741113720906
200;1741113720917
200;1741113725913
200;1741113725924
200;1741113725941
200;1741113730888
200;1741113730899
200;1741113731049
200;1741113735986
200;1741113735995
200;1741113736022
200;1741113740960
200;1741113740971
200;1741113741042
200;1741113745875
200;1741113745887
200;1741113748427
200;1741113750916
200;1741113751007
200;1741113751015
200;1741113755874
200;1741113755950
200;1741113755957
200;1741113760929
200;1741113760939
200;1741113760979
200;1741113765905
200;1741113765917
200;1741113765953
200;1741113770940
200;1741113770950
200;1741113771182
200;1741113775893
200;1741113775903
200;1741113776000
200;1741113780875
200;1741113780907
200;1741113780913
200;1741113785902
200;1741113785981
200;1741113788468
200;1741113790912
200;1741113790940
200;1741113790946
200;1741113795890
200;1741113795898
200;1741113795981
200;1741113800888
200;1741113800929
200;1741113800939
200;1741113805900
200;1741113805912
200;1741113805991
200;1741113810897
200;1741113810924
200;1741113811007
200;1741113815876
200;1741113815902
200;1741113815913
200;1741113820963
200;1741113820970
200;1741113823599
200;1741113825921
200;1741113825931
200;1741113826098
200;1741113830929
200;1741113830974
200;1741113833284
200;1741113835940
200;1741113835956
200;1741113838257
200;1741113840865
200;1741113840919
200;1741113840927
200;1741113845902
200;1741113845936
200;1741113845981
200;1741113850915
200;1741113850926
200;1741113850933
200;1741113855890
200;1741113855899
200;1741113855962
200;1741113860875
200;1741113860936
200;1741113860946
200;1741113865942
200;1741113865975
200;1741113866087
200;1741113870866
200;1741113870925
200;1741113870931
200;1741113875944
200;1741113875954
200;1741113875962
200;1741113880918
200;1741113880925
200;1741113880966
200;1741113885921
200;1741113885930
200;1741113885963
200;1741113890870
200;1741113890911
200;1741113890918
200;1741113895909
200;1741113895915
200;1741113896076
200;1741113900923
200;1741113900933
200;1741113901171
200;1741113905877
200;1741113905911
200;1741113905944
200;1741113910910
200;1741113910917
200;1741113911009
200;1741113915900
200;1741113915921
200;1741113916091
200;1741113920908
200;1741113920919
200;1741113921065
200;1741113925980
200;1741113925990
200;1741113926044
200;1741113930915
200;1741113930920
200;1741113930984
200;1741113935866
200;1741113935909
200;1741113935921
200;1741113940891
200;1741113940908
200;1741113940916
200;1741113945908
200;1741113945919
200;1741113945928
200;1741113950908
200;1741113950920
200;1741113950926
200;1741113955871
200;1741113955924
200;1741113955941
200;1741113960968
200;1741113960977
200;1741113961028
200;1741113965965
200;1741113965974
200;1741113966017
200;1741113970889
200;1741113970900
200;1741113971000
200;1741113975873
200;1741113975933
200;1741113975944
200;1741113980905
200;1741113981043
200;1741113981058
200;1741113985930
200;1741113985936
200;1741113985979
200;1741113990874
200;1741113990993
200;1741113991093
200;1741113995879
200;1741113995889
200;1741113996001
200;1741114000881
200;1741114000892
200;1741114000996
200;1741114005919
200;1741114005930
200;1741114006051
200;1741114010875
200;1741114010963
200;1741114010973
200;1741114015895
200;1741114015907
200;1741114016045
200;1741114020864
200;1741114020905
200;1741114020917
200;1741114025872
200;1741114025883
200;1741114025945
200;1741114030931
200;1741114030938
200;1741114030988
200;1741114035880
200;1741114035986
200;1741114036067
200;1741114040909
200;1741114040916
200;1741114042921
200;1741114045915
200;1741114045922
200;1741114045929
200;1741114050909
200;1741114050921
200;1741114051001
200;1741114055927
200;1741114055933
200;1741114055952
200;1741114060873
200;1741114060924
200;1741114060933
200;1741114065912
200;1741114065924
200;1741114065932
200;1741114070918
200;1741114070970
200;1741114071027
200;1741114075893
200;1741114075979
200;1741114076059
200;1741114080927
200;1741114080934
200;1741114080968
200;1741114085897
200;1741114085908
200;1741114086101
200;1741114090908
200;1741114090919
200;1741114091010
200;1741114095874
200;1741114095992
200;1741114096003
200;1741114100888
200;1741114100897
200;1741114100918
200;1741114105910
200;1741114105915
200;1741114105977
200;1741114110917
200;1741114110926
200;1741114111165
200;1741114115909
200;1741114115915
200;1741114115922
200;1741114120873
200;1741114120941
200;1741114120951
200;1741114125888
200;1741114125899
200;1741114125959
200;1741114130875
200;1741114130887
200;1741114130992
200;1741114135912
200;1741114135922
200;1741114135928
200;1741114140938
200;1741114140945
200;1741114141045
200;1741114145931
200;1741114145938
200;1741114145963
200;1741114150866
200;1741114150908
200;1741114150917
200;1741114155972
200;1741114155981
200;1741114156001
200;1741114160972
200;1741114160980
200;1741114161006
200;1741114165912
200;1741114165969
200;1741114165976
200;1741114170899
200;1741114170908
200;1741114171134
200;1741114175917
200;1741114175927
200;1741114177930
200;1741114180957
200;1741114180965
200;1741114181036
200;1741114185866
200;1741114185952
200;1741114185961
200;1741114190923
200;1741114190931
200;1741114190976
200;1741114195890
200;1741114195900
200;1741114195983
200;1741114200891
200;1741114200903
200;1741114200933
200;1741114205920
200;1741114205928
200;1741114205977
200;1741114210872
200;1741114210913
200;1741114210926
200;1741114215937
200;1741114215944
200;1741114216021
200;1741114220952
200;1741114221051
200;1741114223678
200;1741114225874
200;1741114225882
200;1741114225914
200;1741114230945
200;1741114230954
200;1741114230960
200;1741114235875
200;1741114235965
200;1741114235978
200;1741114240890
200;1741114240948
200;1741114240955
200;1741114245866
200;1741114245908
200;1741114245920
200;1741114250864
200;1741114250957
200;1741114250964
200;1741114255941
200;1741114255951
200;1741114255959
200;1741114260864
200;1741114260907
200;1741114260915
200;1741114265914
200;1741114265920
200;1741114265927
200;1741114270901
200;1741114270911
200;1741114271005
200;1741114275915
200;1741114275925
200;1741114275932
200;1741114280894
200;1741114280904
200;1741114281053
200;1741114285913
200;1741114285921
200;1741114285980
200;1741114290923
200;1741114290930
200;1741114290937
200;1741114295881
200;1741114295893
200;1741114295913
200;1741114300909
200;1741114300919
200;1741114301014
200;1741114305866
200;1741114305957
200;1741114305964
200;1741114310928
200;1741114310938
200;1741114311030
200;1741114315894
200;1741114315905
200;1741114315975
200;1741114320872
200;1741114320918
200;1741114320926
200;1741114325871
200;1741114325917
200;1741114325925
200;1741114330875
200;1741114330959
200;1741114331001
200;1741114335899
200;1741114335911
200;1741114338826
200;1741114340893
200;1741114340903
200;1741114340913
200;1741114346008
200;1741114346019
200;1741114346207
200;1741114350919
200;1741114350931
200;1741114350949
200;1741114356934
200;1741114356996
200;1741114357033
200;1741114360901
200;1741114360951
200;1741114361009
200;1741114365865
200;1741114365948
200;1741114365958
200;1741114370866
200;1741114370903
200;1741114370912
200;1741114375914
200;1741114375924
200;1741114376012
200;1741114380958
200;1741114381001
200;1741114381134
200;1741114385922
200;1741114385929
200;1741114385937
200;1741114390902
200;1741114390912
200;1741114391046
200;1741114395893
200;1741114395903
200;1741114395944
200;1741114400900
200;1741114400956
200;1741114400966
200;1741114405931
200;1741114405938
200;1741114406032
200;1741114411013
200;1741114411086
200;1741114411185
200;1741114415917
200;1741114415928
200;1741114415936
200;1741114420912
200;1741114420920
200;1741114420979
200;1741114425875
200;1741114425927
200;1741114425933
200;1741114430866
200;1741114430909
200;1741114430915
200;1741114435935
200;1741114436038
200;1741114438643
200;1741114440933
200;1741114440944
200;1741114441093
200;1741114445872
200;1741114445932
200;1741114445942
200;1741114450917
200;1741114450966
200;1741114450972
200;1741114455869
200;1741114455914
200;1741114455926
200;1741114460912
200;1741114460921
200;1741114460973
200;1741114465967
200;1741114465975
200;1741114466073
200;1741114470901
200;1741114470913
200;1741114470934
200;1741114475937
200;1741114475949
200;1741114476014
200;1741114480870
200;1741114480884
200;1741114481017
200;1741114485940
200;1741114485951
200;1741114485957
200;1741114490957
200;1741114490966
200;1741114491089
200;1741114495866
200;1741114495916
200;1741114495923
200;1741114500885
200;1741114500901
200;1741114500955
200;1741114505879
200;1741114505930
200;1741114505935
200;1741114510908
200;1741114510916
200;1741114510922
200;1741114515912
200;1741114515920
200;1741114516016
200;1741114520961
200;1741114520969
200;1741114520975
200;1741114525913
200;1741114525925
200;1741114525967
200;1741114530871
200;1741114530913
200;1741114530926
200;1741114535899
200;1741114535946
200;1741114538202
200;1741114540928
200;1741114540942
200;1741114542896
200;1741114545874
200;1741114545883
200;1741114545987
200;1741114550960
200;1741114550972
200;1741114553320
200;1741114555879
200;1741114555916
200;1741114558364
200;1741114560925
200;1741114560931
200;1741114560987
200;1741114565928
200;1741114565938
200;1741114565948
200;1741114570897
200;1741114570906
200;1741114570912
200;1741114575912
200;1741114575921
200;1741114575929
200;1741114580874
200;1741114580964
200;1741114580975
200;1741114585865
200;1741114585938
200;1741114585945
200;1741114590884
200;1741114590972
200;1741114590981
200;1741114595884
200;1741114595895
200;1741114595923
200;1741114600866
200;1741114600919
200;1741114600928
200;1741114605913
200;1741114605925
200;1741114605932
200;1741114610913
200;1741114610961
200;1741114610967
200;1741114615871
200;1741114615961
200;1741114615969
200;1741114620909
200;1741114620935
200;1741114620940
200;1741114625881
200;1741114625889
200;1741114625947
200;1741114630897
200;1741114633135
200;1741114633520
200;1741114635892
200;1741114635902
200;1741114636075
200;1741114640869
200;1741114640906
200;1741114640974
200;1741114645873
200;1741114645882
200;1741114645924
200;1741114650929
200;1741114650936
200;1741114651017
200;1741114655880
200;1741114655917
200;1741114655984
200;1741114660912
200;1741114660924
200;1741114660995
200;1741114665937
200;1741114665944
200;1741114665998
200;1741114670956
200;1741114670965
200;1741114671024
200;1741114675917
200;1741114675926
200;1741114678174
200;1741114680884
200;1741114680899
200;1741114680955
200;1741114685861
200;1741114685939
200;1741114686216
200;1741114690869
200;1741114690924
200;1741114690932
200;1741114695870
200;1741114695977
200;1741114696019
200;1741114700875
200;1741114700910
200;1741114700921
200;1741114705868
200;1741114705956
200;1741114705966
200;1741114710925
200;1741114710935
200;1741114711109
200;1741114715971
200;1741114715979
200;1741114718563
200;1741114720931
200;1741114720939
200;1741114720954
200;1741114725860
200;1741114725899
200;1741114725976
200;1741114730896
200;1741114730905
200;1741114730965
200;1741114735867
200;1741114735909
200;1741114735922
200;1741114740988
200;1741114740996
200;1741114741016
200;1741114745909
200;1741114745920
200;1741114745930
200;1741114750878
200;1741114750929
200;1741114750980
200;1741114755915
200;1741114755922
200;1741114755931
200;1741114760901
200;1741114760913
200;1741114761065
200;1741114765893
200;1741114765924
200;1741114765966
200;1741114770960
200;1741114770972
200;1741114770981
200;1741114775874
200;1741114776002
200;1741114776013
200;1741114780916
200;1741114780953
200;1741114781046
200;1741114785865
200;1741114785996
200;1741114786009
200;1741114790985
200;1741114791138
200;1741114791221
200;1741114795928
200;1741114795939
200;1741114796020
200;1741114800873
200;1741114800926
200;1741114800937
200;1741114805895
200;1741114805902
200;1741114805907
200;1741114810895
200;1741114810902
200;1741114810944
200;1741114815891
200;1741114815898
200;1741114815953
200;1741114820896
200;1741114820905
200;1741114821029
200;1741114825873
200;1741114825948
200;1741114825957
200;1741114830897
200;1741114830905
200;1741114830964
200;1741114835954
200;1741114838152
200;1741114838731
200;1741114840908
200;1741114840915
200;1741114841115
200;1741114845875
200;1741114845883
200;1741114845940
200;1741114850877
200;1741114850967
200;1741114850973
200;1741114855907
200;1741114855961
200;1741114856027
200;1741114860879
200;1741114860910
200;1741114860950
200;1741114865872
200;1741114865953
200;1741114865958
200;1741114870931
200;1741114870939
200;1741114871184
200;1741114875903
200;1741114875912
200;1741114876016
200;1741114880908
200;1741114880916
200;1741114880923
200;1741114885963
200;1741114885971
200;1741114886008
200;1741114890879
200;1741114890904
200;1741114890911
200;1741114895928
200;1741114895934
200;1741114895963
200;1741114900956
200;1741114900962
200;1741114901010
200;1741114905944
200;1741114905950
200;1741114906055
200;1741114910875
200;1741114910945
200;1741114910952
200;1741114915889
200;1741114915902
200;1741114916095
200;1741114920878
200;1741114920925
200;1741114920932
200;1741114925912
200;1741114925922
200;1741114925929
200;1741114930913
200;1741114930975
200;1741114931133
200;1741114935864
200;1741114936007
200;1741114936094
200;1741114940865
200;1741114940993
200;1741114941000
200;1741114945866
200;1741114945928
200;1741114945935
200;1741114950908
200;1741114950916
200;1741114950951
200;1741114955873
200;1741114955955
200;1741114955960
200;1741114960884
200;1741114960895
200;1741114960979
200;1741114965890
200;1741114965900
200;1741114966190
200;1741114970876
200;1741114970963
200;1741114970971
200;1741114975869
200;1741114975879
200;1741114975908
200;1741114980932
200;1741114980941
200;1741114980986
200;1741114985874
200;1741114985955
200;1741114985962
200;1741114990877
200;1741114990921
200;1741114990999
200;1741114995894
200;1741114996043
200;1741114998844
200;1741115000934
200;1741115000944
200;1741115001001
200;1741115005888
200;1741115005898
200;1741115005995
200;1741115010940
200;1741115010947
200;1741115011020
200;1741115015898
200;1741115015909
200;1741115015969
200;1741115020868
200;1741115020915
200;1741115020921
200;1741115025872
200;1741115025966
200;1741115025974
200;1741115030877
200;1741115030948
200;1741115030957
200;1741115035866
200;1741115035917
200;1741115035926
200;1741115040948
200;1741115040958
200;1741115041065
200;1741115045932
200;1741115045945
200;1741115046022
200;1741115050912
200;1741115050924
200;1741115051000
200;1741115055921
200;1741115055935
200;1741115055972
200;1741115060893
200;1741115060936
200;1741115060948
200;1741115065901
200;1741115065911
200;1741115065932
200;1741115070921
200;1741115070933
200;1741115071116
200;1741115075896
200;1741115075938
200;1741115078721
200;1741115080875
200;1741115080946
200;1741115080952
200;1741115085923
200;1741115085934
200;1741115086080
200;1741115090888
200;1741115090935
200;1741115090944
200;1741115095880
200;1741115095957
200;1741115095998
200;1741115100935
200;1741115100942
200;1741115103640
200;1741115105881
200;1741115105890
200;1741115106016
200;1741115110925
200;1741115110935
200;1741115110952
200;1741115115903
200;1741115115911
200;1741115115984
200;1741115120867
200;1741115120908
200;1741115120916
200;1741115125874
200;1741115126009
200;1741115126018
200;1741115130872
200;1741115130911
200;1741115130921
200;1741115135933
200;1741115135942
200;1741115135966
200;1741115140931
200;1741115140938
200;1741115141127
200;1741115145899
200;1741115145936
200;1741115145943
200;1741115150875
200;1741115150888
200;1741115151011
200;1741115155923
200;1741115155929
200;1741115155980
200;1741115160876
200;1741115160888
200;1741115160994
200;1741115165880
200;1741115165891
200;1741115165920
200;1741115170869
200;1741115170923
200;1741115170931
200;1741115175936
200;1741115175942
200;1741115175959
200;1741115180872
200;1741115180961
200;1741115180968
200;1741115185901
200;1741115185912
200;1741115185956
200;1741115190884
200;1741115190937
200;1741115190944
200;1741115195948
200;1741115195957
200;1741115196023
200;1741115200874
200;1741115200957
200;1741115200965
200;1741115205921
200;1741115205932
200;1741115206002
200;1741115210865
200;1741115210897
200;1741115210932
200;1741115215866
200;1741115215959
200;1741115215966
200;1741115220865
200;1741115220914
200;1741115220922
200;1741115225874
200;1741115225928
200;1741115225937
200;1741115230881
200;1741115231033
200;1741115233689
200;1741115235924
200;1741115235933
200;1741115236006
200;1741115240867
200;1741115240912
200;1741115240920
200;1741115245905
200;1741115245912
200;1741115245985
200;1741115250911
200;1741115250915
200;1741115250937
200;1741115255915
200;1741115255924
200;1741115255936
200;1741115260875
200;1741115260964
200;1741115260971
200;1741115265868
200;1741115265879
200;1741115265951
200;1741115270876
200;1741115270904
200;1741115270913
200;1741115275867
200;1741115275941
200;1741115275948
200;1741115280934
200;1741115280945
200;1741115280963
200;1741115285871
200;1741115285913
200;1741115285925
200;1741115290933
200;1741115290976
200;1741115291092
200;1741115295875
200;1741115295884
200;1741115295985
200;1741115300867
200;1741115300899
200;1741115300905
200;1741115305871
200;1741115305998
200;1741115306008
200;1741115310912
200;1741115310959
200;1741115310966
200;1741115315874
200;1741115315917
200;1741115315923
200;1741115320888
200;1741115320900
200;1741115321048
200;1741115325926
200;1741115325936
200;1741115325944
200;1741115330929
200;1741115330939
200;1741115330980
200;1741115335915
200;1741115335925
200;1741115335931
200;1741115340925
200;1741115340957
200;1741115340966
200;1741115345934
200;1741115345944
200;1741115345991
200;1741115350940
200;1741115350950
200;1741115350957
200;1741115355882
200;1741115355894
200;1741115355974
200;1741115361003
200;1741115361107
200;1741115363662
200;1741115365943
200;1741115365955
200;1741115370977
200;1741115370988
200;1741115371017
200;1741115375937
200;1741115375949
200;1741115375992
200;1741115380887
200;1741115380935
200;1741115380948
200;1741115385937
200;1741115385948
200;1741115386077
200;1741115390956
200;1741115390964
200;1741115390980
200;1741115395867
200;1741115395953
200;1741115395964
200;1741115400920
200;1741115400928
200;1741115400939
200;1741115405870
200;1741115405947
200;1741115406059
200;1741115410905
200;1741115410915
200;1741115410936
200;1741115415875
200;1741115415937
200;1741115415944
200;1741115420936
200;1741115420943
200;1741115421028
200;1741115425864
200;1741115425908
200;1741115425918
200;1741115430981
200;1741115430987
200;1741115431042
200;1741115435904
200;1741115435942
200;1741115435969
200;1741115440867
200;1741115440916
200;1741115440923
200;1741115445878
200;1741115445934
200;1741115445988
200;1741115450916
200;1741115450927
200;1741115450935
200;1741115455983
200;1741115456072
200;1741115456087
200;1741115460892
200;1741115460903
200;1741115460980
200;1741115465865
200;1741115465909
200;1741115465919
200;1741115470922
200;1741115470961
200;1741115470969
200;1741115475866
200;1741115475909
200;1741115475920
200;1741115480867
200;1741115480955
200;1741115480961
200;1741115485870
200;1741115485932
200;1741115485943
200;1741115490877
200;1741115490887
200;1741115491003
200;1741115495933
200;1741115495940
200;1741115495988
200;1741115500965
200;1741115500974
200;1741115500979
200;1741115505866
200;1741115505914
200;1741115505920
200;1741115510912
200;1741115510924
200;1741115510997
200;1741115515917
200;1741115515930
200;1741115515938
200;1741115520869
200;1741115520880
200;1741115520937
200;1741115525896
200;1741115525907
200;1741115525987
200;1741115530876
200;1741115530937
200;1741115530949
200;1741115535935
200;1741115535941
200;1741115535977
200;1741115540869
200;1741115540881
200;1741115540919
200;1741115545951
200;1741115545957
200;1741115546017
200;1741115550922
200;1741115550928
200;1741115550934
200;1741115555871
200;1741115555876
200;1741115555932
200;1741115560908
200;1741115560920
200;1741115561038
200;1741115565936
200;1741115565942
200;1741115566144
200;1741115570876
200;1741115570902
200;1741115570909
200;1741115575953
200;1741115576061
200;1741115578629
200;1741115580871
200;1741115580880
200;1741115581086
200;1741115585868
200;1741115585975
200;1741115585981
200;1741115590865
200;1741115590944
200;1741115590952
200;1741115595912
200;1741115595960
200;1741115595968
200;1741115600896
200;1741115601040
200;1741115601161
200;1741115605933
200;1741115605939
200;1741115606042
200;1741115610920
200;1741115610928
200;1741115610946
200;1741115615865
200;1741115615908
200;1741115615920
200;1741115620920
200;1741115620930
200;1741115620982
200;1741115625878
200;1741115625888
200;1741115625983
200;1741115630920
200;1741115630929
200;1741115630979
200;1741115635866
200;1741115635926
200;1741115635933
200;1741115640908
200;1741115640917
200;1741115640923
200;1741115645866
200;1741115645914
200;1741115645921
200;1741115650902
200;1741115650912
200;1741115651033
200;1741115655928
200;1741115655940
200;1741115655956
200;1741115660899
200;1741115660906
200;1741115660992
200;1741115665912
200;1741115665924
200;1741115665932
200;1741115670909
200;1741115670921
200;1741115671005
200;1741115675876
200;1741115675908
200;1741115675917
200;1741115680897
200;1741115680909
200;1741115681005
200;1741115685916
200;1741115685926
200;1741115685998
200;1741115690953
200;1741115690963
200;1741115690992
200;1741115695865
200;1741115695904
200;1741115695913
200;1741115700947
200;1741115700954
200;1741115701008
200;1741115705866
200;1741115705974
200;1741115705986
200;1741115710889
200;1741115710898
200;1741115710934
200;1741115715936
200;1741115715943
200;1741115716013
200;1741115720881
200;1741115720889
200;1741115720986
200;1741115725867
200;1741115725960
200;1741115725971
200;1741115731315
200;1741115731418
200;1741115731497
200;1741115735913
200;1741115735946
200;1741115735955
200;1741115740917
200;1741115740927
200;1741115740945
200;1741115745914
200;1741115745922
200;1741115745949
200;1741115750866
200;1741115750913
200;1741115750923
200;1741115755872
200;1741115755916
200;1741115755925
200;1741115760878
200;1741115760889
200;1741115760973
200;1741115765867
200;1741115765968
200;1741115765991
200;1741115770881
200;1741115770893
200;1741115771021
200;1741115775907
200;1741115775953
200;1741115778749
200;1741115780936
200;1741115780946
200;1741115780953
200;1741115785871
200;1741115785881
200;1741115785938
200;1741115790915
200;1741115790921
200;1741115790937
200;1741115795866
200;1741115795963
200;1741115795969
200;1741115800948
200;1741115800957
200;1741115800982
200;1741115805866
200;1741115805915
200;1741115805927
200;1741115810865
200;1741115810956
200;1741115810965
200;1741115815865
200;1741115815908
200;1741115815919
200;1741115820969
200;1741115820982
200;1741115821015
200;1741115825878
200;1741115825939
200;1741115825949
200;1741115830867
200;1741115830961
200;1741115830970
200;1741115835874
200;1741115835978
200;1741115836045
200;1741115840924
200;1741115841050
200;1741115841063
200;1741115845871
200;1741115845948
200;1741115845956
200;1741115850909
200;1741115850918
200;1741115850979
200;1741115855907
200;1741115855923
200;1741115855953
200;1741115860945
200;1741115863187
200;1741115863803
200;1741115865869
200;1741115865879
200;1741115866030
200;1741115870867
200;1741115870961
200;1741115870975
200;1741115875925
200;1741115875935
200;1741115876029
200;1741115880872
200;1741115880937
200;1741115881016
200;1741115885920
200;1741115885929
200;1741115885976
200;1741115890865
200;1741115890921
200;1741115890930
200;1741115896009
200;1741115896020
200;1741115900873
200;1741115900925
200;1741115900959
200;1741115905939
200;1741115905950
200;1741115906069
200;1741115910936
200;1741115910946
200;1741115913901
200;1741115915883
200;1741115915936
200;1741115916017
200;1741115920928
200;1741115920936
200;1741115921032
200;1741115925867
200;1741115925968
200;1741115926006
200;1741115930876
200;1741115930965
200;1741115930971
200;1741115935870
200;1741115935901
200;1741115935911
200;1741115940896
200;1741115940905
200;1741115940951
200;1741115945910
200;1741115945960
200;1741115947958
200;1741115950870
200;1741115950963
200;1741115950970
200;1741115955918
200;1741115955926
200;1741115955936
200;1741115960916
200;1741115960926
200;1741115960932
200;1741115965881
200;1741115965892
200;1741115966047
200;1741115970866
200;1741115970936
200;1741115970942
200;1741115975896
200;1741115975907
200;1741115975987
200;1741115980922
200;1741115981045
200;1741115983511
200;1741115985888
200;1741115985899
200;1741115985911
200;1741115990968
200;1741115990976
200;1741115991032
200;1741115995870
200;1741115995934
200;1741115995942
200;1741116000870
200;1741116000919
200;1741116000927
200;1741116005960
200;1741116005967
200;1741116006108
200;1741116010884
200;1741116010893
200;1741116010948
200;1741116015911
200;1741116015917
200;1741116016090
200;1741116020899
200;1741116020909
200;1741116020939
200;1741116025956
200;1741116025967
200;1741116025988
200;1741116030872
200;1741116030912
200;1741116030922
200;1741116035916
200;1741116035924
200;1741116036338
200;1741116040935
200;1741116040942
200;1741116040989
200;1741116045883
200;1741116045894
200;1741116046064
200;1741116050876
200;1741116050888
200;1741116050998
200;1741116055888
200;1741116055979
200;1741116056010
200;1741116060969
200;1741116060981
200;1741116060989
200;1741116065918
200;1741116065984
200;1741116066044
200;1741116070878
200;1741116070977
200;1741116070995
200;1741116075867
200;1741116075956
200;1741116075963
200;1741116080916
200;1741116080948
200;1741116080955
200;1741116085916
200;1741116085924
200;1741116086061
200;1741116090875
200;1741116090947
200;1741116090955
200;1741116095908
200;1741116095917
200;1741116095925
200;1741116100925
200;1741116100938
200;1741116100982
200;1741116105866
200;1741116105952
200;1741116105963
200;1741116110913
200;1741116110925
200;1741116110933
200;1741116115871
200;1741116115931
200;1741116118554
200;1741116120975
200;1741116122911
200;1741116123177
200;1741116125869
200;1741116125913
200;1741116125923
200;1741116130916
200;1741116130927
200;1741116130934
200;1741116135917
200;1741116135953
200;1741116138660
200;1741116140942
200;1741116140950
200;1741116140962
200;1741116145886
200;1741116145899
200;1741116145929
200;1741116150881
200;1741116150893
200;1741116150923
200;1741116155907
200;1741116155920
200;1741116155934
200;1741116161004
200;1741116161014
200;1741116162896
200;1741116165919
200;1741116165926
200;1741116165933
200;1741116170895
200;1741116170905
200;1741116171000
200;1741116175874
200;1741116175927
200;1741116176126
200;1741116180874
200;1741116180948
200;1741116180955
200;1741116185899
200;1741116185909
200;1741116188735
200;1741116190867
200;1741116190914
200;1741116190922
200;1741116195917
200;1741116195928
200;1741116195972
200;1741116200888
200;1741116200897
200;1741116200960
200;1741116205889
200;1741116205932
200;1741116205942
200;1741116210922
200;1741116210928
200;1741116210969
200;1741116215865
200;1741116215922
200;1741116215929
200;1741116220865
200;1741116220908
200;1741116220918
200;1741116225895
200;1741116225911
200;1741116225980
200;1741116230893
200;1741116230906
200;1741116230977
200;1741116235866
200;1741116235916
200;1741116235926
200;1741116240867
200;1741116240915
200;1741116240923
200;1741116245931
200;1741116245944
200;1741116245960
200;1741116250868
200;1741116250909
200;1741116250919
200;1741116255873
200;1741116255941
200;1741116258464
200;1741116260919
200;1741116260941
200;1741116260948
200;1741116265865
200;1741116265933
200;1741116265944
200;1741116270913
200;1741116270920
200;1741116270930
200;1741116275908
200;1741116275918
200;1741116275925
200;1741116280997
200;1741116281077
200;1741116283862
200;1741116285867
200;1741116285931
200;1741116285939
200;1741116290941
200;1741116290948
200;1741116290978
200;1741116295903
200;1741116296042
200;1741116298252
200;1741116300874
200;1741116300900
200;1741116300911
200;1741116305937
200;1741116305950
200;1741116305968
200;1741116310901
200;1741116310908
200;1741116310944
200;1741116315886
200;1741116318192
200;1741116320866
200;1741116320908
200;1741116320917
200;1741116325869
200;1741116325908
200;1741116325917
200;1741116330925
200;1741116330935
200;1741116330969
200;1741116335937
200;1741116335944
200;1741116335953
200;1741116340868
200;1741116340930
200;1741116340941
200;1741116345955
200;1741116345968
200;1741116345979
200;1741116350873
200;1741116350923
200;1741116350930
200;1741116355953
200;1741116355967
200;1741116355977
200;1741116360868
200;1741116360908
200;1741116360919
200;1741116365867
200;1741116365954
200;1741116365964
200;1741116370867
200;1741116370953
200;1741116370965
200;1741116375908
200;1741116375919
200;1741116375944
200;1741116380910
200;1741116380920
200;1741116380929
200;1741116385985
200;1741116386023
200;1741116386105
200;1741116390914
200;1741116390923
200;1741116390975
200;1741116395925
200;1741116395939
200;1741116395947
200;1741116400931
200;1741116400938
200;1741116400981
200;1741116405941
200;1741116405952
200;1741116408271
200;1741116410867
200;1741116410940
200;1741116410952
200;1741116415924
200;1741116415930
200;1741116415950
200;1741116420986
200;1741116420997
200;1741116421134
200;1741116425906
200;1741116425993
200;1741116426022
200;1741116430894
200;1741116430904
200;1741116431056
200;1741116435984
200;1741116436061
200;1741116436095
200;1741116440909
200;1741116440918
200;1741116441040
200;1741116445866
200;1741116445944
200;1741116445954
200;1741116450865
200;1741116450903
200;1741116450935
200;1741116455911
200;1741116455924
200;1741116455969
200;1741116460870
200;1741116460912
200;1741116460921
200;1741116465916
200;1741116465949
200;1741116465960
200;1741116470899
200;1741116470912
200;1741116470935
200;1741116475924
200;1741116475952
200;1741116475964
200;1741116480922
200;1741116480933
200;1741116481050
200;1741116485957
200;1741116485965
200;1741116486010
200;1741116490885
200;1741116491017
200;1741116491101
200;1741116495883
200;1741116495946
200;1741116495954
200;1741116500865
200;1741116500959
200;1741116500968
200;1741116505877
200;1741116505902
200;1741116505910
200;1741116510932
200;1741116510940
200;1741116513523
200;1741116515871
200;1741116515920
200;1741116515925
200;1741116520893
200;1741116520904
200;1741116520919
200;1741116525951
200;1741116525959
200;1741116526168
200;1741116530914
200;1741116530922
200;1741116530976
200;1741116535875
200;1741116535912
200;1741116535969
200;1741116540876
200;1741116540907
200;1741116540932
200;1741116545912
200;1741116545922
200;1741116545954
200;1741116550914
200;1741116550929
200;1741116550988
200;1741116555899
200;1741116555912
200;1741116555921
200;1741116560867
200;1741116560949
200;1741116560962
200;1741116565897
200;1741116565909
200;1741116565972
200;1741116570867
200;1741116570913
200;1741116570923
200;1741116575903
200;1741116575916
200;1741116576125
200;1741116580898
200;1741116580910
200;1741116580935
200;1741116585919
200;1741116585927
200;1741116585934
200;1741116590917
200;1741116590931
200;1741116591150
200;1741116595936
200;1741116595945
200;1741116596013
200;1741116600922
200;1741116600930
200;1741116600960
200;1741116605860
200;1741116605894
200;1741116605980
200;1741116610864
200;1741116610949
200;1741116610955
200;1741116615890
200;1741116615900
200;1741116615929
200;1741116620902
200;1741116620909
200;1741116620940
200;1741116625964
200;1741116625976
200;1741116626044
200;1741116630947
200;1741116630953
200;1741116630999
200;1741116635868
200;1741116635956
200;1741116635963
200;1741116640923
200;1741116640936
200;1741116641131
200;1741116645874
200;1741116645964
200;1741116645975
200;1741116650875
200;1741116650901
200;1741116650913
200;1741116655915
200;1741116655922
200;1741116656015
200;1741116660889
200;1741116660900
200;1741116660976
200;1741116665929
200;1741116665983
200;1741116666061
200;1741116670891
200;1741116670902
200;1741116671036
200;1741116675960
200;1741116675971
200;1741116676089
200;1741116680876
200;1741116680961
200;1741116680977
200;1741116685875
200;1741116685952
200;1741116685962
200;1741116690896
200;1741116690941
200;1741116690986
200;1741116695941
200;1741116695950
200;1741116696044
200;1741116700867
200;1741116700961
200;1741116700974
200;1741116705915
200;1741116705925
200;1741116705981
200;1741116710911
200;1741116710922
200;1741116710988
200;1741116715880
200;1741116715948
200;1741116715956
200;1741116720909
200;1741116720922
200;1741116720950
200;1741116725927
200;1741116725940
200;1741116725967
200;1741116730981
200;1741116730992
200;1741116733205
200;1741116735870
200;1741116735980
200;1741116735991
200;1741116740901
200;1741116740913
200;1741116741009
200;1741116745885
200;1741116745896
200;1741116745932
200;1741116750871
200;1741116750922
200;1741116750928
200;1741116755873
200;1741116755938
200;1741116755946
200;1741116760913
200;1741116760966
200;1741116760976
200;1741116765873
200;1741116765952
200;1741116765964
200;1741116770870
200;1741116770951
200;1741116770959
200;1741116775916
200;1741116775928
200;1741116775996
200;1741116780913
200;1741116780927
200;1741116780972
200;1741116785924
200;1741116785935
200;1741116785985
200;1741116790917
200;1741116790930
200;1741116790941
200;1741116795910
200;1741116795917
200;1741116795952
200;1741116800934
200;1741116800940
200;1741116801037
200;1741116805888
200;1741116805900
200;1741116806023
200;1741116810909
200;1741116810922
200;1741116810931
200;1741116815918
200;1741116815928
200;1741116815935
200;1741116820908
200;1741116820918
200;1741116820926
200;1741116825874
200;1741116825965
200;1741116826058
200;1741116830973
200;1741116830983
200;1741116831002
200;1741116835892
200;1741116835902
200;1741116835931
200;1741116840984
200;1741116841012
200;1741116841082
200;1741116845878
200;1741116845948
200;1741116845956
200;1741116850867
200;1741116850876
200;1741116850936
200;1741116855865
200;1741116855923
200;1741116855966
200;1741116860897
200;1741116860910
200;1741116860937
200;1741116865867
200;1741116865929
200;1741116865936
200;1741116870895
200;1741116870904
200;1741116870960
200;1741116875873
200;1741116875905
200;1741116875968
200;1741116880867
200;1741116880915
200;1741116880922
200;1741116885910
200;1741116885922
200;1741116885971
200;1741116890993
200;1741116891002
200;1741116891082
200;1741116895954
200;1741116895961
200;1741116895967
200;1741116900865
200;1741116900908
200;1741116900919
200;1741116905866
200;1741116905913
200;1741116905922
200;1741116910921
200;1741116910933
200;1741116910939
200;1741116915855
200;1741116915928
200;1741116916008
200;1741116920909
200;1741116920919
200;1741116920925
200;1741116925907
200;1741116925957
200;1741116925965
200;1741116930930
200;1741116930938
200;1741116931074
200;1741116935982
200;1741116936019
200;1741116936121
200;1741116940910
200;1741116940938
200;1741116940946
200;1741116945923
200;1741116945930
200;1741116946011
200;1741116950967
200;1741116950974
200;1741116951059
200;1741116955924
200;1741116955936
200;1741116955970
200;1741116960913
200;1741116960964
200;1741116960970
200;1741116965859
200;1741116965942
200;1741116966001
200;1741116970867
200;1741116970909
200;1741116970920
200;1741116975909
200;1741116975921
200;1741116975930
200;1741116980909
200;1741116980919
200;1741116980938
200;1741116985866
200;1741116985996
200;1741116986108
200;1741116990909
200;1741116990918
200;1741116991007
200;1741116995858
200;1741116995893
200;1741116996030
200;1741117000876
200;1741117000906
200;1741117000913
200;1741117005914
200;1741117005924
200;1741117005930
200;1741117010903
200;1741117010913
200;1741117010992
200;1741117015867
200;1741117015914
200;1741117015928
200;1741117020870
200;1741117020919
200;1741117020926
200;1741117025898
200;1741117025941
200;1741117025953
200;1741117030867
200;1741117030949
200;1741117030961
200;1741117035901
200;1741117035913
200;1741117035969
200;1741117040911
200;1741117040996
200;1741117041007
200;1741117045911
200;1741117045918
200;1741117048830
200;1741117050881
200;1741117050964
200;1741117051012
200;1741117055894
200;1741117055907
200;1741117058830
200;1741117060974
200;1741117060984
200;1741117061055
200;1741117065883
200;1741117065893
200;1741117065988
200;1741117070899
200;1741117071018
200;1741117071035
200;1741117075872
200;1741117075939
200;1741117075948
200;1741117080976
200;1741117080987
200;1741117080995
200;1741117085916
200;1741117085927
200;1741117085936
200;1741117090916
200;1741117090927
200;1741117090982
200;1741117095892
200;1741117095971
200;1741117095999
200;1741117100917
200;1741117100928
200;1741117101025
200;1741117105880
200;1741117105925
200;1741117105936
200;1741117110976
200;1741117110986
200;1741117110993
200;1741117115888
200;1741117115900
200;1741117116024
200;1741117120994
200;1741117121078
200;1741117123497
200;1741117125956
200;1741117125967
200;1741117126028
200;1741117130862
200;1741117130907
200;1741117130957
200;1741117135901
200;1741117135909
200;1741117135957
200;1741117140901
200;1741117140911
200;1741117141069
200;1741117145866
200;1741117145888
200;1741117145952
200;1741117150868
200;1741117150957
200;1741117150971
200;1741117155888
200;1741117155898
200;1741117156058
200;1741117160874
200;1741117160937
200;1741117160948
200;1741117165872
200;1741117165939
200;1741117165948
200;1741117170880
200;1741117170932
200;1741117171105
200;1741117175887
200;1741117175941
200;1741117175947
200;1741117180889
200;1741117180899
200;1741117181034
200;1741117185913
200;1741117185925
200;1741117185975
200;1741117190976
200;1741117190988
200;1741117191102
200;1741117195888
200;1741117195897
200;1741117195951
200;1741117200911
200;1741117201077
200;1741117201105
200;1741117205940
200;1741117205949
200;1741117205973
200;1741117210915
200;1741117210921
200;1741117211005
200;1741117215931
200;1741117216193
200;1741117218435
200;1741117220895
200;1741117220904
200;1741117221005
200;1741117225905
200;1741117225913
200;1741117225946
200;1741117230897
200;1741117230910
200;1741117230943
200;1741117235912
200;1741117235922
200;1741117236005
200;1741117240884
200;1741117240935
200;1741117240941
200;1741117245865
200;1741117245924
200;1741117245931
200;1741117250914
200;1741117250921
200;1741117250928
200;1741117255881
200;1741117255896
200;1741117256018
200;1741117260889
200;1741117260899
200;1741117260962
200;1741117265942
200;1741117265949
200;1741117266025
200;1741117270900
200;1741117270950
200;1741117270997
200;1741117275896
200;1741117275903
200;1741117276069
200;1741117280875
200;1741117280902
200;1741117280911
200;1741117285866
200;1741117285980
200;1741117285992
200;1741117291000
200;1741117291011
200;1741117291106
200;1741117295889
200;1741117295900
200;1741117295977
200;1741117300916
200;1741117300924
200;1741117300955
200;1741117305901
200;1741117305968
200;1741117305978
200;1741117310892
200;1741117310903
200;1741117310945
200;1741117315877
200;1741117315975
200;1741117316016
200;1741117320881
200;1741117320891
200;1741117320984
200;1741117325865
200;1741117325992
200;1741117326001
200;1741117330867
200;1741117330902
200;1741117330935
200;1741117335886
200;1741117335935
200;1741117335944
200;1741117340869
200;1741117340893
200;1741117340902
200;1741117345882
200;1741117345941
200;1741117345953
200;1741117350870
200;1741117350945
200;1741117350953
200;1741117355916
200;1741117355930
200;1741117355940
200;1741117360902
200;1741117360913
200;1741117360920
200;1741117365870
200;1741117365931
200;1741117365939
200;1741117370908
200;1741117370938
200;1741117370980
200;1741117375946
200;1741117375953
200;1741117375959
200;1741117380932
200;1741117380941
200;1741117380947
200;1741117385870
200;1741117385912
200;1741117385921
200;1741117390956
200;1741117390967
200;1741117390974
200;1741117395877
200;1741117395950
200;1741117395958
200;1741117400960
200;1741117400968
200;1741117401000
200;1741117405910
200;1741117405919
200;1741117405925
200;1741117410894
200;1741117411103
200;1741117415874
200;1741117415905
200;1741117415912
200;1741117420871
200;1741117420933
200;1741117420947
200;1741117425898
200;1741117425907
200;1741117425940
200;1741117430893
200;1741117430905
200;1741117430955
200;1741117435917
200;1741117435922
200;1741117435965
200;1741117440867
200;1741117440899
200;1741117440920
200;1741117445940
200;1741117445949
200;1741117445955
200;1741117450866
200;1741117450946
200;1741117450951
200;1741117455952
200;1741117455958
200;1741117455991
200;1741117460891
200;1741117460899
200;1741117461067
200;1741117465992
200;1741117466000
200;1741117466064
200;1741117470865
200;1741117470958
200;1741117470968
200;1741117475948
200;1741117475958
200;1741117478180
200;1741117480959
200;1741117481011
200;1741117481194
200;1741117485987
200;1741117485999
200;1741117486012
200;1741117490870
200;1741117490953
200;1741117490962
200;1741117495872
200;1741117495976
200;1741117495983
200;1741117500891
200;1741117500899
200;1741117501066
200;1741117505867
200;1741117505937
200;1741117505942
200;1741117510872
200;1741117510881
200;1741117510956
200;1741117515877
200;1741117515919
200;1741117515926
200;1741117520873
200;1741117520956
200;1741117520971
200;1741117525896
200;1741117525904
200;1741117525942
200;1741117530912
200;1741117530922
200;1741117530930
200;1741117535877
200;1741117535966
200;1741117536015
200;1741117540934
200;1741117540940
200;1741117540947
200;1741117545883
200;1741117545980
200;1741117545990
200;1741117550936
200;1741117550947
200;1741117551013
200;1741117555912
200;1741117555923
200;1741117555956
200;1741117560873
200;1741117560884
200;1741117560953
200;1741117565865
200;1741117565909
200;1741117565917
200;1741117570902
200;1741117570910
200;1741117570993
200;1741117575875
200;1741117575901
200;1741117575908
200;1741117580919
200;1741117580927
200;1741117580982
200;1741117585880
200;1741117585892
200;1741117585984
200;1741117590888
200;1741117590898
200;1741117590973
200;1741117595972
200;1741117595982
200;1741117595991
200;1741117600891
200;1741117600902
200;1741117600954
200;1741117605913
200;1741117605924
200;1741117605943
200;1741117610867
200;1741117610940
200;1741117610954
200;1741117615905
200;1741117615915
200;1741117616005
200;1741117620974
200;1741117620984
200;1741117620990
200;1741117625874
200;1741117625967
200;1741117625973
200;1741117630896
200;1741117630906
200;1741117630988
200;1741117635887
200;1741117635902
200;1741117636006
200;1741117640941
200;1741117640951
200;1741117641029
200;1741117645916
200;1741117645926
200;1741117645958
200;1741117650911
200;1741117650921
200;1741117650943
200;1741117655953
200;1741117655957
200;1741117655983
200;1741117660868
200;1741117660878
200;1741117660954
200;1741117665905
200;1741117665913
200;1741117665938
200;1741117670886
200;1741117673313
200;1741117673708
200;1741117675869
200;1741117675957
200;1741117678778
200;1741117680915
200;1741117680924
200;1741117680930
200;1741117685892
200;1741117685904
200;1741117686064
200;1741117690910
200;1741117690919
200;1741117690982
200;1741117695912
200;1741117695923
200;1741117695933
200;1741117700870
200;1741117700953
200;1741117700967
200;1741117705891
200;1741117705907
200;1741117705928
200;1741117710868
200;1741117710880
200;1741117710904
200;1741117715898
200;1741117715969
200;1741117715978
200;1741117720897
200;1741117720912
200;1741117720947
200;1741117725898
200;1741117725911
200;1741117725975
200;1741117730925
200;1741117730936
200;1741117730984
200;1741117735959
200;1741117735968
200;1741117735976
200;1741117740917
200;1741117740944
200;1741117742945
200;1741117745906
200;1741117745987
200;1741117748272
200;1741117750930
200;1741117750938
200;1741117750945
200;1741117755925
200;1741117755932
200;1741117755937
200;1741117760889
200;1741117760899
200;1741117760950
200;1741117765889
200;1741117765899
200;1741117765989
200;1741117770899
200;1741117770910
200;1741117770948
200;1741117775918
200;1741117775979
200;1741117775986
200;1741117780923
200;1741117780930
200;1741117780957
200;1741117785872
200;1741117785880
200;1741117785988
200;1741117790924
200;1741117790930
200;1741117790935
200;1741117795910
200;1741117795919
200;1741117795972
200;1741117800895
200;1741117800904
200;1741117800985
200;1741117805951
200;1741117805958
200;1741117805972
200;1741117810867
200;1741117810928
200;1741117810935
200;1741117815870
200;1741117815878
200;1741117815951
200;1741117820909
200;1741117820920
200;1741117820949
200;1741117825932
200;1741117825942
200;1741117825948
200;1741117830889
200;1741117830902
200;1741117830978
200;1741117835896
200;1741117835906
200;1741117836055
200;1741117840911
200;1741117840921
200;1741117840945
200;1741117845917
200;1741117845928
200;1741117845984
200;1741117850871
200;1741117850923
200;1741117850933
200;1741117855940
200;1741117855950
200;1741117856057
200;1741117860972
200;1741117860980
200;1741117860993
200;1741117865867
200;1741117865943
200;1741117865951
200;1741117870879
200;1741117870936
200;1741117870948
200;1741117875913
200;1741117875920
200;1741117875930
200;1741117880938
200;1741117880948
200;1741117881026
200;1741117885915
200;1741117885923
200;1741117885928
200;1741117890885
200;1741117890935
200;1741117890942
200;1741117895892
200;1741117895902
200;1741117895969
200;1741117900878
200;1741117900889
200;1741117901013
200;1741117905924
200;1741117905935
200;1741117905943
200;1741117910917
200;1741117910946
200;1741117910954
200;1741117915921
200;1741117915931
200;1741117916018
200;1741117920910
200;1741117920921
200;1741117921007
200;1741117925923
200;1741117925930
200;1741117926090
200;1741117930897
200;1741117930910
200;1741117930972
200;1741117935889
200;1741117935899
200;1741117935970
200;1741117940973
200;1741117940982
200;1741117941044
200;1741117945920
200;1741117945929
200;1741117945950
200;1741117950907
200;1741117950914
200;1741117950920
200;1741117955877
200;1741117955924
200;1741117955929
200;1741117960872
200;1741117960916
200;1741117960924
200;1741117965926
200;1741117965937
200;1741117966048
200;1741117970915
200;1741117970926
200;1741117970959
200;1741117975867
200;1741117975927
200;1741117975935
200;1741117980865
200;1741117980939
200;1741117980945
200;1741117985920
200;1741117985928
200;1741117985943
200;1741117990872
200;1741117990883
200;1741117990945
200;1741117995872
200;1741117995923
200;1741117995983
200;1741118000877
200;1741118000960
200;1741118000967
200;1741118005870
200;1741118005927
200;1741118005934
200;1741118010904
200;1741118010924
200;1741118010968
200;1741118015938
200;1741118016005
200;1741118016047
200;1741118020865
200;1741118020937
200;1741118020944
200;1741118025915
200;1741118025926
200;1741118025931
200;1741118030867
200;1741118030905
200;1741118030915
200;1741118035867
200;1741118035957
200;1741118035970
200;1741118040935
200;1741118040943
200;1741118041005
200;1741118045909
200;1741118045920
200;1741118045928
200;1741118050872
200;1741118050910
200;1741118050997
200;1741118055935
200;1741118055945
200;1741118056024
200;1741118060918
200;1741118060955
200;1741118060964
200;1741118065877
200;1741118065981
200;1741118065994
200;1741118070869
200;1741118071029
200;1741118071096
200;1741118075875
200;1741118075989
200;1741118076001
200;1741118080881
200;1741118080970
200;1741118081000
200;1741118085940
200;1741118085951
200;1741118085993
200;1741118090873
200;1741118090981
200;1741118090992
200;1741118095918
200;1741118095945
200;1741118095953
200;1741118100910
200;1741118100947
200;1741118100955
200;1741118105912
200;1741118105919
200;1741118105925
200;1741118110908
200;1741118110917
200;1741118111021
200;1741118115913
200;1741118115921
200;1741118115977
200;1741118120915
200;1741118120966
200;1741118120973
200;1741118125870
200;1741118125915
200;1741118125922
200;1741118130904
200;1741118130914
200;1741118131098
200;1741118135886
200;1741118135945
200;1741118136109
200;1741118140868
200;1741118140930
200;1741118140938
200;1741118146009
200;1741118146084
200;1741118146176
200;1741118150932
200;1741118150940
200;1741118151050
200;1741118155940
200;1741118155951
200;1741118155958
200;1741118160877
200;1741118160959
200;1741118160969
200;1741118165888
200;1741118165899
200;1741118165955
200;1741118170867
200;1741118170934
200;1741118170940
200;1741118175877
200;1741118175886
200;1741118175969
200;1741118180908
200;1741118180917
200;1741118180923
200;1741118185889
200;1741118185900
200;1741118186090
200;1741118190876
200;1741118190886
200;1741118191077
200;1741118195891
200;1741118195901
200;1741118195975
200;1741118200867
200;1741118200876
200;1741118200972
200;1741118205866
200;1741118205917
200;1741118205923
200;1741118210957
200;1741118210963
200;1741118211101
200;1741118215968
200;1741118215977
200;1741118216018
200;1741118220900
200;1741118220911
200;1741118220951
200;1741118225916
200;1741118225926
200;1741118225933
200;1741118230883
200;1741118230932
200;1741118231027
200;1741118235866
200;1741118235911
200;1741118235922
200;1741118240933
200;1741118240944
200;1741118240959
200;1741118245915
200;1741118245921
200;1741118245930
200;1741118250897
200;1741118250909
200;1741118250972
200;1741118255906
200;1741118255919
200;1741118255923
200;1741118260871
200;1741118260911
200;1741118260922
200;1741118265871
200;1741118265948
200;1741118265958
200;1741118270918
200;1741118270928
200;1741118270950
200;1741118275891
200;1741118275902
200;1741118275989
200;1741118280872
200;1741118280964
200;1741118280974
200;1741118285876
200;1741118285906
200;1741118285912
200;1741118290876
200;1741118290949
200;1741118290956
200;1741118295865
200;1741118295914
200;1741118295920
200;1741118300909
200;1741118300925
200;1741118300932
200;1741118305954
200;1741118305987
200;1741118310909
200;1741118310919
200;1741118310925
200;1741118316012
200;1741118316045
200;1741118316239
200;1741118320872
200;1741118320916
200;1741118320925
200;1741118325921
200;1741118325930
200;1741118326019
200;1741118330922
200;1741118330930
200;1741118330980
200;1741118335917
200;1741118335925
200;1741118336075
200;1741118340893
200;1741118340905
200;1741118340940
200;1741118345871
200;1741118345928
200;1741118345982
200;1741118350912
200;1741118350949
200;1741118351007
200;1741118355876
200;1741118355919
200;1741118355931
200;1741118360895
200;1741118360901
200;1741118360972
200;1741118365872
200;1741118365889
200;1741118365975
200;1741118370894
200;1741118370904
200;1741118370981
200;1741118375865
200;1741118375898
200;1741118375939
200;1741118380882
200;1741118380895
200;1741118380986
200;1741118385907
200;1741118385913
200;1741118388404
200;1741118390868
200;1741118390928
200;1741118390940
200;1741118395877
200;1741118395963
200;1741118395969
200;1741118400866
200;1741118400915
200;1741118400923
200;1741118405908
200;1741118405917
200;1741118406010
200;1741118410901
200;1741118410937
200;1741118411042
200;1741118415883
200;1741118415891
200;1741118415978
200;1741118420874
200;1741118420965
200;1741118420974
200;1741118425944
200;1741118425954
200;1741118425961
200;1741118430915
200;1741118430923
200;1741118430963
200;1741118435915
200;1741118435970
200;1741118438237
200;1741118440889
200;1741118440898
200;1741118440940
200;1741118445866
200;1741118445909
200;1741118445917
200;1741118450911
200;1741118450921
200;1741118451029
200;1741118455903
200;1741118455913
200;1741118455944
200;1741118460866
200;1741118460908
200;1741118460918
200;1741118465900
200;1741118465910
200;1741118465970
200;1741118470907
200;1741118470913
200;1741118471018
200;1741118475870
200;1741118475913
200;1741118475920
200;1741118480908
200;1741118480941
200;1741118480951
200;1741118485888
200;1741118485899
200;1741118485912
200;1741118490924
200;1741118490935
200;1741118490965
200;1741118495889
200;1741118495900
200;1741118495931
200;1741118500874
200;1741118500900
200;1741118500910
200;1741118505891
200;1741118505900
200;1741118506040
200;1741118510877
200;1741118510918
200;1741118510956
200;1741118515867
200;1741118515876
200;1741118516063
200;1741118520868
200;1741118520878
200;1741118520962
200;1741118525875
200;1741118525943
200;1741118525949
200;1741118530866
200;1741118530956
200;1741118530965
200;1741118535929
200;1741118535937
200;1741118536105
200;1741118540890
200;1741118540897
200;1741118540950
200;1741118545884
200;1741118545892
200;1741118546047
200;1741118550878
200;1741118550980
200;1741118550989
200;1741118555921
200;1741118555928
200;1741118555979
200;1741118560866
200;1741118560956
200;1741118560964
200;1741118565866
200;1741118565945
200;1741118565953
200;1741118570922
200;1741118570929
200;1741118571012
200;1741118575867
200;1741118575896
200;1741118575933
200;1741118580907
200;1741118580917
200;1741118580922
200;1741118585904
200;1741118585913
200;1741118586148
200;1741118590929
200;1741118590934
200;1741118591071
200;1741118595967
200;1741118595974
200;1741118597956
200;1741118600932
200;1741118600938
200;1741118600976
200;1741118605912
200;1741118605921
200;1741118606001
200;1741118610888
200;1741118610897
200;1741118610955
200;1741118615908
200;1741118615916
200;1741118616023
200;1741118620881
200;1741118620891
200;1741118620966
200;1741118625866
200;1741118625908
200;1741118625918
200;1741118630989
200;1741118630997
200;1741118631097
200;1741118635915
200;1741118635928
200;1741118635934
200;1741118640885
200;1741118640892
200;1741118641082
200;1741118645869
200;1741118645967
200;1741118646011
200;1741118650865
200;1741118650956
200;1741118650965
200;1741118655869
200;1741118655949
200;1741118656057
200;1741118660867
200;1741118660900
200;1741118660910
200;1741118665868
200;1741118665880
200;1741118666059
200;1741118670872
200;1741118670883
200;1741118670950
200;1741118675922
200;1741118675950
200;1741118676012
200;1741118680867
200;1741118680916
200;1741118680925
200;1741118685907
200;1741118685918
200;1741118685925
200;1741118690881
200;1741118690916
200;1741118691060
200;1741118695912
200;1741118695921
200;1741118695941
200;1741118700875
200;1741118700946
200;1741118700953
200;1741118705947
200;1741118706059
200;1741118706143
200;1741118710872
200;1741118710904
200;1741118710912
200;1741118715911
200;1741118715918
200;1741118715945
200;1741118720873
200;1741118720952
200;1741118720998
200;1741118725894
200;1741118725902
200;1741118725934
200;1741118731012
200;1741118731022
200;1741118731029
200;1741118735867
200;1741118735924
200;1741118735932
200;1741118740865
200;1741118740908
200;1741118740920
200;1741118745888
200;1741118745898
200;1741118745957
200;1741118750873
200;1741118750912
200;1741118750922
200;1741118755894
200;1741118755926
200;1741118755983
200;1741118760884
200;1741118760893
200;1741118760984
200;1741118765867
200;1741118765908
200;1741118765918
200;1741118770913
200;1741118770921
200;1741118770980
200;1741118775883
200;1741118775893
200;1741118775940
200;1741118780864
200;1741118780900
200;1741118780966
200;1741118785919
200;1741118785974
200;1741118786097
200;1741118790866
200;1741118790940
200;1741118790949
200;1741118795878
200;1741118795966
200;1741118795974
200;1741118800912
200;1741118800920
200;1741118800956
200;1741118805870
200;1741118805943
200;1741118805953
200;1741118810877
200;1741118810945
200;1741118813232
200;1741118815912
200;1741118815919
200;1741118816002
200;1741118820915
200;1741118820924
200;1741118820932
200;1741118825867
200;1741118825910
200;1741118825921
200;1741118830935
200;1741118830942
200;1741118831061
200;1741118835874
200;1741118835966
200;1741118835976
200;1741118840865
200;1741118840914
200;1741118840922
200;1741118845958
200;1741118845967
200;1741118846037
200;1741118850877
200;1741118850888
200;1741118850927
200;1741118855873
200;1741118855879
200;1741118855955
200;1741118860872
200;1741118860918
200;1741118860928
200;1741118865866
200;1741118865907
200;1741118865915
200;1741118870897
200;1741118870909
200;1741118870984
200;1741118875883
200;1741118875903
200;1741118875987
200;1741118880890
200;1741118880900
200;1741118880964
200;1741118885916
200;1741118885925
200;1741118885958
200;1741118890915
200;1741118890921
200;1741118890930
200;1741118895984
200;1741118896074
200;1741118896161
200;1741118900897
200;1741118900908
200;1741118903248
200;1741118905960
200;1741118905967
200;1741118906008
200;1741118910933
200;1741118910946
200;1741118912933
200;1741118915890
200;1741118915922
200;1741118915930
200;1741118920986
200;1741118920994
200;1741118921039
200;1741118925973
200;1741118925980
200;1741118926046
200;1741118930968
200;1741118930982
200;1741118931058
200;1741118935900
200;1741118935912
200;1741118936105
200;1741118940866
200;1741118940908
200;1741118940919
200;1741118945916
200;1741118945964
200;1741118945975
200;1741118950977
200;1741118950988
200;1741118951036
200;1741118955917
200;1741118955925
200;1741118955957
200;1741118960872
200;1741118960882
200;1741118960967
200;1741118965902
200;1741118965912
200;1741118966024
200;1741118970865
200;1741118970913
200;1741118970925
200;1741118975867
200;1741118975918
200;1741118975925
200;1741118980909
200;1741118980918
200;1741118980948
200;1741118985902
200;1741118986097
200;1741118988217
200;1741118990874
200;1741118990943
200;1741118990953
200;1741118995869
200;1741118995923
200;1741118995934
200;1741119000921
200;1741119000928
200;1741119000952
200;1741119005983
200;1741119006009
200;1741119006048
200;1741119010872
200;1741119010883
200;1741119010918
200;1741119015865
200;1741119015873
200;1741119015967
200;1741119020875
200;1741119020922
200;1741119020930
200;1741119025875
200;1741119025975
200;1741119025982
200;1741119030866
200;1741119030918
200;1741119030926
200;1741119035943
200;1741119035951
200;1741119035957
200;1741119040949
200;1741119040963
200;1741119040970
200;1741119045875
200;1741119045986
200;1741119045994
200;1741119051017
200;1741119051035
200;1741119051150
200;1741119055875
200;1741119055945
200;1741119055951
200;1741119060874
200;1741119060964
200;1741119060973
200;1741119065935
200;1741119065943
200;1741119066058
200;1741119070919
200;1741119070928
200;1741119071034
200;1741119075933
200;1741119075942
200;1741119075985
200;1741119080882
200;1741119080960
200;1741119080971
200;1741119085912
200;1741119085923
200;1741119085931
200;1741119090913
200;1741119090920
200;1741119091032
200;1741119095942
200;1741119095956
200;1741119096098
200;1741119100880
200;1741119100944
200;1741119100955
200;1741119105919
200;1741119105969
200;1741119106056
200;1741119110914
200;1741119110922
200;1741119110962
200;1741119115975
200;1741119115984
200;1741119116062
200;1741119120912
200;1741119120923
200;1741119120956
200;1741119125875
200;1741119125953
200;1741119125961
200;1741119130918
200;1741119130930
200;1741119130996
200;1741119135952
200;1741119135963
200;1741119135970
200;1741119140866
200;1741119140924
200;1741119140935
200;1741119145876
200;1741119145978
200;1741119146036
200;1741119150892
200;1741119150904
200;1741119150996
200;1741119155871
200;1741119155910
200;1741119155926
200;1741119160910
200;1741119160920
200;1741119160927
200;1741119165865
200;1741119165899
200;1741119165911
200;1741119170865
200;1741119170918
200;1741119170925
200;1741119175866
200;1741119175925
200;1741119175962
200;1741119180895
200;1741119180907
200;1741119181039
200;1741119185866
200;1741119185945
200;1741119185957
200;1741119190897
200;1741119191048
200;1741119191063
200;1741119195961
200;1741119195967
200;1741119196025
200;1741119200916
200;1741119200986
200;1741119200993
200;1741119205893
200;1741119205904
200;1741119205955
200;1741119210918
200;1741119210937
200;1741119211037
200;1741119215857
200;1741119215896
200;1741119215981
200;1741119220871
200;1741119220925
200;1741119220934
200;1741119225860
200;1741119225908
200;1741119225978
200;1741119230911
200;1741119230923
200;1741119230935
200;1741119235919
200;1741119235926
200;1741119236039
200;1741119240930
200;1741119240940
200;1741119241159
200;1741119245944
200;1741119245954
200;1741119245982
200;1741119250940
200;1741119250950
200;1741119250957
200;1741119255920
200;1741119255931
200;1741119255948
200;1741119260867
200;1741119260962
200;1741119260969
200;1741119265898
200;1741119268686
200;1741119268718
200;1741119270910
200;1741119270921
200;1741119270960
200;1741119275981
200;1741119276000
200;1741119276033
200;1741119280908
200;1741119280922
200;1741119280937
200;1741119285865
200;1741119285928
200;1741119285937
200;1741119290972
200;1741119290985
200;1741119290994
200;1741119295917
200;1741119295925
200;1741119295934
200;1741119300870
200;1741119300996
200;1741119301007
200;1741119305940
200;1741119305950
200;1741119305957
200;1741119310947
200;1741119310955
200;1741119310960
200;1741119315867
200;1741119315965
200;1741119315973
200;1741119320903
200;1741119320913
200;1741119320920
200;1741119325893
200;1741119325902
200;1741119325973
200;1741119330914
200;1741119330924
200;1741119330955
200;1741119335864
200;1741119335908
200;1741119335918
200;1741119340935
200;1741119340945
200;1741119341054
200;1741119345896
200;1741119345908
200;1741119345972
200;1741119350874
200;1741119350884
200;1741119350970
200;1741119355913
200;1741119355923
200;1741119355935
200;1741119360874
200;1741119360884
200;1741119360976
200;1741119365920
200;1741119365930
200;1741119365954
200;1741119370871
200;1741119371000
200;1741119371010
200;1741119375875
200;1741119375954
200;1741119375965
200;1741119380947
200;1741119380956
200;1741119383238
200;1741119385913
200;1741119385920
200;1741119385976
200;1741119390963
200;1741119390970
200;1741119391043
200;1741119395903
200;1741119396004
200;1741119396182
200;1741119400876
200;1741119400931
200;1741119400997
200;1741119405894
200;1741119405945
200;1741119405954
200;1741119410865
200;1741119410956
200;1741119410966
200;1741119415954
200;1741119415965
200;1741119415993
200;1741119420877
200;1741119420904
200;1741119420911
200;1741119425908
200;1741119425918
200;1741119425929
200;1741119430929
200;1741119430939
200;1741119430947
200;1741119435913
200;1741119435976
200;1741119435989
200;1741119440904
200;1741119440914
200;1741119441018
200;1741119445875
200;1741119445901
200;1741119445907
200;1741119450909
200;1741119450921
200;1741119450929
200;1741119455892
200;1741119455902
200;1741119455970
200;1741119460865
200;1741119460956
200;1741119460967
200;1741119465875
200;1741119466009
200;1741119468336
200;1741119470908
200;1741119470919
200;1741119470929
200;1741119475962
200;1741119475968
200;1741119476039
200;1741119480872
200;1741119480922
200;1741119480929
200;1741119485917
200;1741119485923
200;1741119485978
200;1741119490867
200;1741119490926
200;1741119490936
200;1741119495921
200;1741119495930
200;1741119495935
200;1741119500877
200;1741119500922
200;1741119500933
200;1741119505995
200;1741119506002
200;1741119506040
200;1741119510867
200;1741119510954
200;1741119510960
200;1741119515912
200;1741119515925
200;1741119515941
200;1741119520867
200;1741119520942
200;1741119520950
200;1741119525912
200;1741119525922
200;1741119525929
200;1741119530887
200;1741119530920
200;1741119530926
200;1741119535920
200;1741119535930
200;1741119535994
200;1741119540915
200;1741119540925
200;1741119540970
200;1741119545981
200;1741119545989
200;1741119546064
200;1741119550871
200;1741119550964
200;1741119550972
200;1741119555872
200;1741119555921
200;1741119555931
200;1741119560921
200;1741119560932
200;1741119561021
200;1741119565868
200;1741119565949
200;1741119565960
200;1741119570938
200;1741119570948
200;1741119571007
200;1741119575871
200;1741119575880
200;1741119575937
200;1741119580983
200;1741119581052
200;1741119581176
200;1741119585908
200;1741119585919
200;1741119586169
200;1741119590902
200;1741119590952
200;1741119590973
200;1741119595875
200;1741119595944
200;1741119595955
200;1741119600914
200;1741119600920
200;1741119600972
200;1741119605885
200;1741119605922
200;1741119605930
200;1741119610897
200;1741119610908
200;1741119611012
200;1741119615865
200;1741119615948
200;1741119615956
200;1741119620923
200;1741119620930
200;1741119620969
200;1741119625907
200;1741119625918
200;1741119625942
200;1741119630880
200;1741119630891
200;1741119630981
200;1741119635915
200;1741119635921
200;1741119636032
200;1741119640923
200;1741119640933
200;1741119640948
200;1741119645867
200;1741119645876
200;1741119645932
200;1741119650910
200;1741119650963
200;1741119651036
200;1741119655927
200;1741119655951
200;1741119655959
200;1741119660926
200;1741119660933
200;1741119661170
200;1741119665915
200;1741119665948
200;1741119666072
200;1741119670895
200;1741119670940
200;1741119670948
200;1741119675923
200;1741119675930
200;1741119676058
200;1741119680871
200;1741119680956
200;1741119680967
200;1741119685920
200;1741119685972
200;1741119685979
200;1741119690917
200;1741119690930
200;1741119691024
200;1741119695870
200;1741119695960
200;1741119695969
200;1741119700907
200;1741119700917
200;1741119700962
200;1741119705871
200;1741119705965
200;1741119705976
200;1741119710961
200;1741119710975
200;1741119711057
200;1741119715902
200;1741119715976
200;1741119716063
200;1741119720866
200;1741119720909
200;1741119720918
200;1741119725882
200;1741119725891
200;1741119725958
200;1741119730895
200;1741119730906
200;1741119730913
200;1741119735875
200;1741119735899
200;1741119735908
200;1741119740914
200;1741119740934
200;1741119740993
200;1741119745890
200;1741119745929
200;1741119746002
200;1741119750912
200;1741119750922
200;1741119750929
200;1741119755870
200;1741119755911
200;1741119755916
200;1741119760911
200;1741119760920
200;1741119760961
200;1741119765883
200;1741119765891
200;1741119765925
200;1741119770879
200;1741119770957
200;1741119770965
200;1741119775913
200;1741119775924
200;1741119776000
200;1741119780866
200;1741119780906
200;1741119780915
200;1741119785874
200;1741119785884
200;1741119785927
200;1741119790955
200;1741119790965
200;1741119791046
200;1741119795885
200;1741119795919
200;1741119796113
200;1741119800915
200;1741119800926
200;1741119800932
200;1741119805894
200;1741119805905
200;1741119806029
200;1741119810871
200;1741119810881
200;1741119810940
200;1741119815866
200;1741119815925
200;1741119815936
200;1741119820866
200;1741119820912
200;1741119820923
200;1741119825897
200;1741119825906
200;1741119825941
200;1741119830896
200;1741119830909
200;1741119830919
200;1741119835875
200;1741119835886
200;1741119835931
200;1741119840913
200;1741119840922
200;1741119841066
200;1741119845866
200;1741119845917
200;1741119845925
200;1741119853361
200;1741119853368
200;1741119853388
200;1741119855910
200;1741119855920
200;1741119855968
200;1741119860870
200;1741119860882
200;1741119860972
200;1741119865910
200;1741119865918
200;1741119865939
200;1741119870865
200;1741119870955
200;1741119870967
200;1741119875886
200;1741119875897
200;1741119875960
200;1741119880925
200;1741119880935
200;1741119880941
200;1741119885979
200;1741119885990
200;1741119888880
200;1741119890900
200;1741119890943
200;1741119890951
200;1741119895888
200;1741119895900
200;1741119895920
200;1741119900866
200;1741119900936
200;1741119900943
200;1741119905912
200;1741119905924
200;1741119905969
200;1741119910867
200;1741119910900
200;1741119910910
200;1741119915876
200;1741119915903
200;1741119915909
200;1741119920875
200;1741119920963
200;1741119920970
200;1741119925940
200;1741119925952
200;1741119925991
200;1741119930873
200;1741119930953
200;1741119930963
200;1741119935896
200;1741119935904
200;1741119935964
200;1741119940879
200;1741119940924
200;1741119940935
200;1741119945877
200;1741119945905
200;1741119945945
200;1741119950927
200;1741119950936
200;1741119950945
200;1741119955919
200;1741119955928
200;1741119955938
200;1741119960912
200;1741119960921
200;1741119960984
200;1741119965904
200;1741119965912
200;1741119965918
200;1741119970872
200;1741119970929
200;1741119970939
200;1741119975909
200;1741119975921
200;1741119975938
200;1741119980877
200;1741119980889
200;1741119983598
200;1741119985892
200;1741119985901
200;1741119985952
200;1741119991009
200;1741119991040
200;1741119993806
200;1741119995893
200;1741119995904
200;1741119995941
200;1741120000871
200;1741120000941
200;1741120000947
200;1741120005916
200;1741120005926
200;1741120005933
200;1741120010908
200;1741120010918
200;1741120010925
200;1741120015883
200;1741120015893
200;1741120015922
200;1741120020943
200;1741120020951
200;1741120021050
200;1741120025868
200;1741120025877
200;1741120025987
200;1741120030915
200;1741120030920
200;1741120030984
200;1741120035873
200;1741120035882
200;1741120035916
200;1741120040914
200;1741120040920
200;1741120040943
200;1741120045874
200;1741120045964
200;1741120045975
200;1741120050935
200;1741120050943
200;1741120050954
200;1741120055906
200;1741120055913
200;1741120055931
200;1741120060966
200;1741120060975
200;1741120061001
200;1741120065877
200;1741120065928
200;1741120065975
200;1741120070934
200;1741120070942
200;1741120071016
200;1741120075888
200;1741120075896
200;1741120076050
200;1741120080904
200;1741120080918
200;1741120081011
200;1741120085888
200;1741120085901
200;1741120086011
200;1741120090908
200;1741120090920
200;1741120090928
200;1741120095921
200;1741120095929
200;1741120095953
200;1741120100911
200;1741120100923
200;1741120101025
200;1741120105868
200;1741120105926
200;1741120105933
200;1741120110876
200;1741120110928
200;1741120110936
200;1741120115919
200;1741120115924
200;1741120116041
200;1741120120908
200;1741120120919
200;1741120120926
200;1741120125871
200;1741120125913
200;1741120125925
200;1741120130878
200;1741120130928
200;1741120130933
200;1741120135908
200;1741120135917
200;1741120135924
200;1741120140896
200;1741120140904
200;1741120141006
200;1741120145900
200;1741120145913
200;1741120145985
200;1741120150868
200;1741120150962
200;1741120150973
200;1741120155908
200;1741120155974
200;1741120156041
200;1741120160900
200;1741120160911
200;1741120160945
200;1741120165902
200;1741120165912
200;1741120166105
200;1741120170877
200;1741120170952
200;1741120170960
200;1741120175909
200;1741120175939
200;1741120175949
200;1741120180876
200;1741120180902
200;1741120180911
200;1741120185875
200;1741120185900
200;1741120185912
200;1741120190867
200;1741120190877
200;1741120190932
200;1741120195922
200;1741120195975
200;1741120196019
200;1741120200887
200;1741120200898
200;1741120201037
200;1741120205871
200;1741120205946
200;1741120205955
200;1741120210883
200;1741120210894
200;1741120210930
200;1741120215936
200;1741120215971
200;1741120215982
200;1741120220886
200;1741120220951
200;1741120221046
200;1741120226024
200;1741120226033
200;1741120226064
200;1741120230918
200;1741120230924
200;1741120230971
200;1741120235910
200;1741120235918
200;1741120236005
200;1741120240908
200;1741120240972
200;1741120240982
200;1741120245865
200;1741120245907
200;1741120245914
200;1741120250931
200;1741120250943
200;1741120251073
200;1741120255968
200;1741120255980
200;1741120256233
200;1741120260872
200;1741120260931
200;1741120260940
200;1741120265876
200;1741120265963
200;1741120265972
200;1741120270881
200;1741120270893
200;1741120270951
200;1741120275905
200;1741120275947
200;1741120275956
200;1741120280940
200;1741120280951
200;1741120281079
200;1741120285885
200;1741120285978
200;1741120285988
200;1741120290919
200;1741120290926
200;1741120290935
200;1741120295905
200;1741120295914
200;1741120295921
200;1741120300948
200;1741120300959
200;1741120300967
200;1741120305871
200;1741120305913
200;1741120305921
200;1741120310868
200;1741120310916
200;1741120310927
200;1741120315864
200;1741120315896
200;1741120315950
200;1741120320890
200;1741120320901
200;1741120320912
200;1741120325894
200;1741120325945
200;1741120325954
200;1741120330938
200;1741120330947
200;1741120330990
200;1741120335870
200;1741120335880
200;1741120335902
200;1741120340866
200;1741120340912
200;1741120340920
200;1741120345870
200;1741120345882
200;1741120345917
200;1741120350865
200;1741120350907
200;1741120350919
200;1741120355967
200;1741120355973
200;1741120355978
200;1741120360926
200;1741120360935
200;1741120361045
200;1741120365881
200;1741120365891
200;1741120365951
200;1741120370893
200;1741120370905
200;1741120370935
200;1741120375918
200;1741120375924
200;1741120376170
200;1741120380867
200;1741120380931
200;1741120380940
200;1741120385934
200;1741120385943
200;1741120386021
200;1741120390913
200;1741120390924
200;1741120390931
200;1741120395871
200;1741120395912
200;1741120395923
200;1741120400934
200;1741120400945
200;1741120400993
200;1741120405949
200;1741120405960
200;1741120405967
200;1741120410930
200;1741120410937
200;1741120411014
200;1741120415912
200;1741120415921
200;1741120415956
200;1741120420889
200;1741120420901
200;1741120421018
200;1741120425943
200;1741120425953
200;1741120425983
200;1741120430937
200;1741120430943
200;1741120431019
200;1741120435911
200;1741120435917
200;1741120435941
200;1741120440918
200;1741120440927
200;1741120440932
200;1741120445903
200;1741120445912
200;1741120445944
200;1741120450887
200;1741120450937
200;1741120451005
200;1741120455887
200;1741120455942
200;1741120456144
200;1741120460895
200;1741120460907
200;1741120461016
200;1741120465963
200;1741120465971
200;1741120465980
200;1741120470954
200;1741120470962
200;1741120471005
200;1741120475935
200;1741120475944
200;1741120476044
200;1741120480915
200;1741120480956
200;1741120481044
200;1741120485921
200;1741120485931
200;1741120485961
200;1741120490869
200;1741120490901
200;1741120490913
200;1741120495922
200;1741120495929
200;1741120495935
200;1741120500989
200;1741120500999
200;1741120505903
200;1741120505911
200;1741120505981
200;1741120510871
200;1741120510924
200;1741120510960
200;1741120515913
200;1741120515923
200;1741120516181
200;1741120520892
200;1741120520901
200;1741120520925
200;1741120525967
200;1741120525973
200;1741120525997
200;1741120530908
200;1741120530916
200;1741120531041
200;1741120535911
200;1741120535947
200;1741120535956
200;1741120540919
200;1741120540925
200;1741120541001
200;1741120545885
200;1741120545896
200;1741120545961
200;1741120550867
200;1741120550909
200;1741120550920
200;1741120555920
200;1741120555944
200;1741120556001
200;1741120560868
200;1741120560929
200;1741120560942
200;1741120565926
200;1741120565937
200;1741120566052
200;1741120570920
200;1741120570956
200;1741120571144
200;1741120575953
200;1741120575964
200;1741120575971
200;1741120580877
200;1741120580888
200;1741120580936
200;1741120585878
200;1741120585888
200;1741120585970
200;1741120590865
200;1741120590912
200;1741120590919
200;1741120595865
200;1741120596010
200;1741120596052
200;1741120600869
200;1741120600927
200;1741120600935
200;1741120605909
200;1741120605918
200;1741120605937
200;1741120610896
200;1741120610906
200;1741120611022
200;1741120615890
200;1741120615897
200;1741120615941
200;1741120620967
200;1741120620978
200;1741120621043
200;1741120625899
200;1741120625975
200;1741120626046
200;1741120630939
200;1741120630946
200;1741120631038
200;1741120635902
200;1741120635907
200;1741120635987
200;1741120640915
200;1741120640960
200;1741120640968
200;1741120645866
200;1741120645911
200;1741120645920
200;1741120650907
200;1741120650916
200;1741120650930
200;1741120655867
200;1741120655917
200;1741120655923
200;1741120660912
200;1741120660926
200;1741120660957
200;1741120665904
200;1741120665915
200;1741120665922
200;1741120670891
200;1741120670903
200;1741120670936
200;1741120675914
200;1741120675923
200;1741120675952
200;1741120680865
200;1741120680934
200;1741120680941
200;1741120685866
200;1741120685911
200;1741120685919
200;1741120690869
200;1741120690880
200;1741120690967
200;1741120695968
200;1741120695978
200;1741120695985
200;1741120700916
200;1741120700926
200;1741120700933
200;1741120705911
200;1741120705921
200;1741120705972
200;1741120710876
200;1741120710919
200;1741120710936
200;1741120715910
200;1741120715916
200;1741120715920
200;1741120720935
200;1741120720947
200;1741120720980
200;1741120725876
200;1741120725970
200;1741120725981
200;1741120730884
200;1741120730894
200;1741120730923
200;1741120735866
200;1741120735915
200;1741120735921
200;1741120740994
200;1741120741006
200;1741120743664
200;1741120745911
200;1741120745920
200;1741120745927
200;1741120750926
200;1741120750934
200;1741120750981
200;1741120755916
200;1741120755926
200;1741120755972
200;1741120760934
200;1741120760942
200;1741120760968
200;1741120766004
200;1741120766044
200;1741120766114
200;1741120770911
200;1741120770961
200;1741120770967
200;1741120775925
200;1741120775935
200;1741120775975
200;1741120780882
200;1741120780892
200;1741120780998
200;1741120785867
200;1741120785912
200;1741120785924
200;1741120790874
200;1741120790915
200;1741120790925
200;1741120795915
200;1741120795924
200;1741120795992
200;1741120800910
200;1741120800919
200;1741120801047
200;1741120805919
200;1741120805929
200;1741120805986
200;1741120810895
200;1741120810904
200;1741120810976
200;1741120815913
200;1741120815924
200;1741120815996
200;1741120820887
200;1741120820924
200;1741120820947
200;1741120825925
200;1741120825931
200;1741120826005
200;1741120830874
200;1741120830927
200;1741120830934
200;1741120836003
200;1741120836029
200;1741120836065
200;1741120840872
200;1741120840928
200;1741120841036
200;1741120845915
200;1741120845921
200;1741120845976
200;1741120850888
200;1741120850939
200;1741120850952
200;1741120855867
200;1741120855958
200;1741120855969
200;1741120860909
200;1741120860918
200;1741120861052
200;1741120865911
200;1741120865921
200;1741120865928
200;1741120870870
200;1741120870960
200;1741120871162
200;1741120875902
200;1741120878200
200;1741120878472
200;1741120881018
200;1741120881028
200;1741120883582
200;1741120885877
200;1741120885967
200;1741120885974
200;1741120890909
200;1741120890920
200;1741120890928
200;1741120895912
200;1741120895921
200;1741120895965
200;1741120900873
200;1741120900913
200;1741120900962
200;1741120905908
200;1741120905920
200;1741120905944
200;1741120910928
200;1741120910940
200;1741120911002
200;1741120915872
200;1741120915964
200;1741120918709
200;1741120920902
200;1741120920995
200;1741120921112
200;1741120925865
200;1741120925898
200;1741120925912
200;1741120930922
200;1741120930935
200;1741120930972
200;1741120935867
200;1741120935958
200;1741120935964
200;1741120940865
200;1741120940947
200;1741120940954
200;1741120945917
200;1741120945995
200;1741120946004
200;1741120950908
200;1741120950971
200;1741120950980
200;1741120955869
200;1741120955960
200;1741120955967
200;1741120960916
200;1741120960926
200;1741120960961
200;1741120965958
200;1741120966040
200;1741120968270
200;1741120970874
200;1741120970904
200;1741120970911
200;1741120975940
200;1741120975951
200;1741120975983
200;1741120980883
200;1741120980892
200;1741120980936
200;1741120985910
200;1741120985919
200;1741120985980
200;1741120990892
200;1741120990902
200;1741120991013
200;1741120995908
200;1741120995923
200;1741120995928
200;1741121000874
200;1741121000932
200;1741121000942
200;1741121005897
200;1741121005940
200;1741121005951
200;1741121010873
200;1741121010920
200;1741121010928
200;1741121015869
200;1741121015913
200;1741121015927
200;1741121020927
200;1741121020933
200;1741121020961
200;1741121025941
200;1741121025951
200;1741121025958
200;1741121030886
200;1741121030896
200;1741121031082
200;1741121035923
200;1741121035996
200;1741121036006
200;1741121040913
200;1741121040921
200;1741121040928
200;1741121045871
200;1741121045951
200;1741121045957
200;1741121050906
200;1741121050958
200;1741121051069
200;1741121055947
200;1741121055955
200;1741121056067
200;1741121060897
200;1741121060936
200;1741121060948
200;1741121065867
200;1741121065879
200;1741121065929
200;1741121070888
200;1741121070902
200;1741121070933
200;1741121075901
200;1741121075913
200;1741121075977
200;1741121080938
200;1741121080949
200;1741121081036
200;1741121086014
200;1741121086180
200;1741121087885
200;1741121090874
200;1741121090983
200;1741121091053
200;1741121095956
200;1741121095967
200;1741121096029
200;1741121100915
200;1741121100924
200;1741121100930
200;1741121105866
200;1741121105961
200;1741121105968
200;1741121110937
200;1741121110946
200;1741121110953
200;1741121115913
200;1741121115938
200;1741121115945
200;1741121120875
200;1741121120975
200;1741121120992
200;1741121125913
200;1741121125944
200;1741121125956
200;1741121130907
200;1741121130919
200;1741121130927
200;1741121135866
200;1741121135914
200;1741121138465
200;1741121140965
200;1741121140976
200;1741121141057
200;1741121145928
200;1741121145934
200;1741121146013
200;1741121150930
200;1741121153267
200;1741121153517
200;1741121155867
200;1741121155911
200;1741121155921
200;1741121160877
200;1741121160908
200;1741121160941
200;1741121165915
200;1741121165923
200;1741121166020
200;1741121170961
200;1741121170971
200;1741121171133
200;1741121175896
200;1741121175909
200;1741121175949
200;1741121180897
200;1741121180908
200;1741121180973
200;1741121185907
200;1741121185916
200;1741121185923
200;1741121190910
200;1741121190918
200;1741121191013
200;1741121195920
200;1741121195929
200;1741121195941
200;1741121200866
200;1741121200913
200;1741121200924
200;1741121205911
200;1741121205920
200;1741121205974
200;1741121210865
200;1741121210939
200;1741121210946
200;1741121215878
200;1741121215933
200;1741121215942
200;1741121220916
200;1741121220931
200;1741121221084
200;1741121227255
200;1741121227335
200;1741121227364
200;1741121230874
200;1741121230957
200;1741121230989
200;1741121235866
200;1741121235898
200;1741121235909
200;1741121240891
200;1741121240902
200;1741121240972
200;1741121245866
200;1741121245907
200;1741121245918
200;1741121250878
200;1741121250888
200;1741121250936
200;1741121255895
200;1741121255902
200;1741121258804
200;1741121260865
200;1741121260923
200;1741121260931
200;1741121265910
200;1741121265974
200;1741121265988
200;1741121270875
200;1741121270990
200;1741121271004
200;1741121275868
200;1741121275917
200;1741121275929
200;1741121280955
200;1741121280962
200;1741121281087
200;1741121285873
200;1741121285964
200;1741121285974
200;1741121290907
200;1741121290917
200;1741121291065
200;1741121295919
200;1741121295928
200;1741121295953
200;1741121300907
200;1741121300948
200;1741121300989
200;1741121305924
200;1741121305935
200;1741121306054
200;1741121310953
200;1741121310958
200;1741121311084
200;1741121315868
200;1741121315880
200;1741121315904
200;1741121320870
200;1741121320881
200;1741121320918
200;1741121325904
200;1741121325916
200;1741121325943
200;1741121330920
200;1741121330932
200;1741121331053
200;1741121335913
200;1741121335921
200;1741121336040
200;1741121340920
200;1741121340929
200;1741121340974
200;1741121345915
200;1741121346000
200;1741121346010
200;1741121350871
200;1741121350904
200;1741121350934
200;1741121355959
200;1741121355969
200;1741121356079
200;1741121360904
200;1741121360916
200;1741121360934
200;1741121365904
200;1741121365915
200;1741121365965
200;1741121370918
200;1741121370926
200;1741121370953
200;1741121375902
200;1741121375911
200;1741121375917
200;1741121380892
200;1741121380903
200;1741121380954
200;1741121385889
200;1741121385939
200;1741121386046
200;1741121390872
200;1741121390931
200;1741121390941
200;1741121395957
200;1741121395967
200;1741121396051
200;1741121400900
200;1741121400910
200;1741121401002
200;1741121405868
200;1741121405878
200;1741121405946
200;1741121410890
200;1741121410901
200;1741121410960
200;1741121415916
200;1741121415926
200;1741121415985
200;1741121420936
200;1741121420947
200;1741121420991
200;1741121425871
200;1741121425906
200;1741121425915
200;1741121430936
200;1741121430948
200;1741121431134
200;1741121435919
200;1741121435927
200;1741121436035
200;1741121440977
200;1741121443560
200;1741121443657
200;1741121445892
200;1741121445903
200;1741121445968
200;1741121450865
200;1741121450931
200;1741121450939
200;1741121455916
200;1741121455926
200;1741121455964
200;1741121460928
200;1741121460939
200;1741121461008
200;1741121465935
200;1741121465945
200;1741121465993
200;1741121470877
200;1741121471022
200;1741121471086
200;1741121475858
200;1741121475940
200;1741121476068
200;1741121480912
200;1741121480925
200;1741121480936
200;1741121485881
200;1741121485915
200;1741121485998
200;1741121490950
200;1741121490966
200;1741121491035
200;1741121495935
200;1741121495947
200;1741121495956
200;1741121500875
200;1741121500933
200;1741121500940
200;1741121505891
200;1741121505904
200;1741121505972
200;1741121510874
200;1741121510885
200;1741121511074
200;1741121515867
200;1741121515913
200;1741121515926
200;1741121520874
200;1741121520913
200;1741121520984
200;1741121525901
200;1741121525909
200;1741121525938
200;1741121530867
200;1741121530952
200;1741121530961
200;1741121535924
200;1741121535931
200;1741121535953
200;1741121540865
200;1741121540950
200;1741121540958
200;1741121545887
200;1741121545898
200;1741121545914
200;1741121550971
200;1741121550983
200;1741121551119
200;1741121555863
200;1741121555896
200;1741121555902
200;1741121560949
200;1741121560957
200;1741121561074
200;1741121565926
200;1741121565937
200;1741121565989
200;1741121570867
200;1741121570919
200;1741121570927
200;1741121575970
200;1741121575981
200;1741121576178
200;1741121580867
200;1741121580879
200;1741121580948
200;1741121585873
200;1741121585915
200;1741121585925
200;1741121590965
200;1741121590976
200;1741121591096
200;1741121595885
200;1741121595924
200;1741121595955
200;1741121600948
200;1741121600959
200;1741121600969
200;1741121605877
200;1741121605962
200;1741121605973
200;1741121610922
200;1741121610932
200;1741121610941
200;1741121615919
200;1741121615929
200;1741121616199
200;1741121620875
200;1741121620924
200;1741121620935
200;1741121625869
200;1741121625968
200;1741121625981
200;1741121630924
200;1741121630933
200;1741121630981
200;1741121635890
200;1741121635902
200;1741121635967
200;1741121640867
200;1741121640914
200;1741121640925
200;1741121645904
200;1741121645914
200;1741121645959
200;1741121650866
200;1741121650923
200;1741121650933
200;1741121655923
200;1741121655930
200;1741121655941
200;1741121660866
200;1741121660894
200;1741121660905
200;1741121665918
200;1741121665928
200;1741121666014
200;1741121670988
200;1741121673158
200;1741121673606
200;1741121675898
200;1741121675908
200;1741121675966
200;1741121680920
200;1741121680932
200;1741121680959
200;1741121685915
200;1741121685960
200;1741121685970
200;1741121690882
200;1741121690891
200;1741121691095
200;1741121695914
200;1741121695952
200;1741121696001
200;1741121700868
200;1741121700879
200;1741121701004
200;1741121705873
200;1741121705946
200;1741121705956
200;1741121710982
200;1741121711052
200;1741121711108
200;1741121715871
200;1741121715944
200;1741121715950
200;1741121720985
200;1741121721076
200;1741121721119
200;1741121725925
200;1741121725931
200;1741121725938
200;1741121730874
200;1741121730941
200;1741121731055
200;1741121735914
200;1741121735923
200;1741121740876
200;1741121740943
200;1741121740953
200;1741121745911
200;1741121745921
200;1741121745930
200;1741121750866
200;1741121750973
200;1741121750984
200;1741121755888
200;1741121755899
200;1741121755968
200;1741121760874
200;1741121760921
200;1741121760927
200;1741121765904
200;1741121765914
200;1741121766015
200;1741121770915
200;1741121770923
200;1741121771015
200;1741121775867
200;1741121775909
200;1741121775918
200;1741121780894
200;1741121780902
200;1741121780935
200;1741121785882
200;1741121785893
200;1741121785994
200;1741121790866
200;1741121790908
200;1741121790918
200;1741121795867
200;1741121795927
200;1741121795956
200;1741121800891
200;1741121800923
200;1741121803260
200;1741121805868
200;1741121805908
200;1741121805944
200;1741121810877
200;1741121810968
200;1741121810978
200;1741121815882
200;1741121815952
200;1741121815957
200;1741121820936
200;1741121820944
200;1741121820970
200;1741121825871
200;1741121825966
200;1741121825972
200;1741121830871
200;1741121830964
200;1741121830970
200;1741121835868
200;1741121835908
200;1741121835975
200;1741121840965
200;1741121840977
200;1741121840985
200;1741121845908
200;1741121845922
200;1741121845929
200;1741121850868
200;1741121850926
200;1741121850942
200;1741121855868
200;1741121855912
200;1741121855917
200;1741121860875
200;1741121860912
200;1741121860923
200;1741121865963
200;1741121865973
200;1741121865994
200;1741121870915
200;1741121870941
200;1741121870994
200;1741121875877
200;1741121875908
200;1741121875914
200;1741121880872
200;1741121880922
200;1741121880930
200;1741121885907
200;1741121885920
200;1741121885930
200;1741121890888
200;1741121890900
200;1741121890984
200;1741121895900
200;1741121895943
200;1741121896068
200;1741121900866
200;1741121900908
200;1741121900920
200;1741121905873
200;1741121905927
200;1741121905937
200;1741121910911
200;1741121910965
200;1741121910973
200;1741121915928
200;1741121915936
200;1741121916071
200;1741121920919
200;1741121920930
200;1741121921059
200;1741121925867
200;1741121925955
200;1741121925967
200;1741121930872
200;1741121930917
200;1741121930928
200;1741121935867
200;1741121935919
200;1741121935926
200;1741121940868
200;1741121940948
200;1741121940960
200;1741121945917
200;1741121945926
200;1741121945967
200;1741121950872
200;1741121950923
200;1741121950931
200;1741121955873
200;1741121955884
200;1741121955927
200;1741121960889
200;1741121960901
200;1741121960932
200;1741121965969
200;1741121965980
200;1741121966007
200;1741121970874
200;1741121970901
200;1741121970911
200;1741121975867
200;1741121975956
200;1741121975968
200;1741121980916
200;1741121980927
200;1741121981056
200;1741121985917
200;1741121985929
200;1741121985946
200;1741121990932
200;1741121990943
200;1741121990949
200;1741121995943
200;1741121995953
200;1741121995965
200;1741122000964
200;1741122000975
200;1741122001032
200;1741122005897
200;1741122005944
200;1741122008248
200;1741122010947
200;1741122010953
200;1741122011040
200;1741122015891
200;1741122015900
200;1741122015993
200;1741122020866
200;1741122020944
200;1741122020953
200;1741122025920
200;1741122025928
200;1741122026005
200;1741122030908
200;1741122030917
200;1741122030996
200;1741122035946
200;1741122035955
200;1741122036022
200;1741122040866
200;1741122040913
200;1741122040922
200;1741122045910
200;1741122045923
200;1741122045934
200;1741122050951
200;1741122051029
200;1741122053392
200;1741122055918
200;1741122055926
200;1741122055960
200;1741122060905
200;1741122060915
200;1741122060946
200;1741122065876
200;1741122065959
200;1741122065967
200;1741122070899
200;1741122070939
200;1741122070956
200;1741122075908
200;1741122075913
200;1741122075995
200;1741122080908
200;1741122080919
200;1741122080952
200;1741122085866
200;1741122085950
200;1741122085959
200;1741122090872
200;1741122090918
200;1741122090925
200;1741122095860
200;1741122095928
200;1741122096113
200;1741122100936
200;1741122100944
200;1741122101074
200;1741122105912
200;1741122105917
200;1741122105944
200;1741122110867
200;1741122110914
200;1741122110924
200;1741122115875
200;1741122115948
200;1741122115959
200;1741122120980
200;1741122121005
200;1741122121115
200;1741122125925
200;1741122125988
200;1741122126067
200;1741122130918
200;1741122130925
200;1741122130933
200;1741122135898
200;1741122135907
200;1741122135937
200;1741122140917
200;1741122140923
200;1741122140931
200;1741122145913
200;1741122145920
200;1741122145954
200;1741122150911
200;1741122150921
200;1741122150995
200;1741122155927
200;1741122155933
200;1741122155940
200;1741122161015
200;1741122161027
200;1741122161046
200;1741122165941
200;1741122165949
200;1741122165983
200;1741122170951
200;1741122170959
200;1741122170989
200;1741122175876
200;1741122175901
200;1741122175909
200;1741122180866
200;1741122180914
200;1741122180923
200;1741122185866
200;1741122185955
200;1741122185962
200;1741122190909
200;1741122190916
200;1741122190975
200;1741122195881
200;1741122195891
200;1741122196018
200;1741122200875
200;1741122200902
200;1741122200910
200;1741122205910
200;1741122205920
200;1741122205977
200;1741122210893
200;1741122210902
200;1741122210938
200;1741122215899
200;1741122215906
200;1741122215935
200;1741122220939
200;1741122220946
200;1741122223568
200;1741122225896
200;1741122225993
200;1741122226170
200;1741122230876
200;1741122230957
200;1741122230966
200;1741122235878
200;1741122235889
200;1741122235943
200;1741122240944
200;1741122240952
200;1741122241012
200;1741122245929
200;1741122245940
200;1741122245977
200;1741122250889
200;1741122250900
200;1741122250986
200;1741122255901
200;1741122255910
200;1741122255924
200;1741122260951
200;1741122260961
200;1741122261040
200;1741122265914
200;1741122265922
200;1741122265931
200;1741122270909
200;1741122270919
200;1741122270926
200;1741122275865
200;1741122275911
200;1741122275920
200;1741122280909
200;1741122280920
200;1741122280934
200;1741122285940
200;1741122285949
200;1741122286060
200;1741122290882
200;1741122290940
200;1741122290952
200;1741122295897
200;1741122295908
200;1741122296062
200;1741122300920
200;1741122300934
200;1741122300990
200;1741122305920
200;1741122305933
200;1741122305941
200;1741122310909
200;1741122310916
200;1741122310991
200;1741122315897
200;1741122315985
200;1741122316041
200;1741122320919
200;1741122320928
200;1741122320985
200;1741122325867
200;1741122325932
200;1741122325941
200;1741122330881
200;1741122330896
200;1741122331029
200;1741122335929
200;1741122335943
200;1741122335986
200;1741122340923
200;1741122340936
200;1741122340967
200;1741122345972
200;1741122345980
200;1741122345999
200;1741122350877
200;1741122350984
200;1741122350995
200;1741122355868
200;1741122355880
200;1741122356066
200;1741122360906
200;1741122360913
200;1741122360990
200;1741122365899
200;1741122366029
200;1741122370873
200;1741122370923
200;1741122370971
200;1741122375939
200;1741122375945
200;1741122375993
200;1741122380907
200;1741122380916
200;1741122380960
200;1741122385907
200;1741122385916
200;1741122385968
200;1741122390913
200;1741122390920
200;1741122390948
200;1741122395953
200;1741122395960
200;1741122395986
200;1741122400942
200;1741122401042
200;1741122403672
200;1741122405967
200;1741122405976
200;1741122406083
200;1741122410911
200;1741122410921
200;1741122410929
200;1741122415860
200;1741122415961
200;1741122416031
200;1741122420928
200;1741122420935
200;1741122420955
200;1741122425870
200;1741122425922
200;1741122425928
200;1741122430919
200;1741122430928
200;1741122431004
200;1741122435872
200;1741122435915
200;1741122435924
200;1741122440911
200;1741122440920
200;1741122440927
200;1741122445870
200;1741122445881
200;1741122445992
200;1741122450866
200;1741122450925
200;1741122450933
200;1741122455906
200;1741122455913
200;1741122455946
200;1741122460866
200;1741122460907
200;1741122460916
200;1741122465911
200;1741122465919
200;1741122465969
200;1741122470865
200;1741122470908
200;1741122470917
200;1741122475967
200;1741122475977
200;1741122476010
200;1741122480946
200;1741122480956
200;1741122481120
200;1741122485871
200;1741122485925
200;1741122485934
200;1741122490890
200;1741122491007
200;1741122491094
200;1741122495930
200;1741122495945
200;1741122495977
200;1741122500866
200;1741122500915
200;1741122500924
200;1741122505943
200;1741122505953
200;1741122505959
200;1741122510919
200;1741122510927
200;1741122511035
200;1741122515940
200;1741122515948
200;1741122516140
200;1741122520866
200;1741122520961
200;1741122520970
200;1741122525867
200;1741122525940
200;1741122525947
200;1741122530865
200;1741122530963
200;1741122530972
200;1741122535913
200;1741122535920
200;1741122536003
200;1741122540908
200;1741122540922
200;1741122540931
200;1741122545865
200;1741122545955
200;1741122545964
200;1741122550928
200;1741122550937
200;1741122550944
200;1741122555897
200;1741122555904
200;1741122556026
200;1741122560875
200;1741122560884
200;1741122561017
200;1741122565921
200;1741122565931
200;1741122565962
200;1741122570868
200;1741122570879
200;1741122570904
200;1741122575884
200;1741122575895
200;1741122576067
200;1741122580915
200;1741122580923
200;1741122580941
200;1741122585914
200;1741122585924
200;1741122585995
200;1741122590915
200;1741122590921
200;1741122591025
200;1741122595866
200;1741122595927
200;1741122595936
200;1741122601338
200;1741122601389
200;1741122601469
200;1741122605875
200;1741122605918
200;1741122605962
200;1741122610940
200;1741122610946
200;1741122611000
200;1741122615865
200;1741122615899
200;1741122615909
200;1741122620883
200;1741122620891
200;1741122620961
200;1741122625982
200;1741122626099
200;1741122626181
200;1741122630914
200;1741122630944
200;1741122630949
200;1741122635914
200;1741122635923
200;1741122635934
200;1741122640871
200;1741122640912
200;1741122640921
200;1741122645937
200;1741122645946
200;1741122646008
200;1741122650866
200;1741122650913
200;1741122650920
200;1741122655963
200;1741122655970
200;1741122655989
200;1741122660898
200;1741122660915
200;1741122661002
200;1741122665924
200;1741122665933
200;1741122665983
200;1741122670908
200;1741122670919
200;1741122673753
200;1741122675896
200;1741122675905
200;1741122675942
200;1741122680978
200;1741122680984
200;1741122680993
200;1741122685870
200;1741122685960
200;1741122685973
200;1741122690870
200;1741122690919
200;1741122690928
200;1741122695887
200;1741122695899
200;1741122695926
200;1741122700881
200;1741122700910
200;1741122700917
200;1741122705871
200;1741122705915
200;1741122705924
200;1741122710902
200;1741122710912
200;1741122711055
200;1741122715909
200;1741122715919
200;1741122715947
200;1741122720881
200;1741122720890
200;1741122720918
200;1741122725867
200;1741122725956
200;1741122725964
200;1741122730867
200;1741122730951
200;1741122730961
200;1741122735936
200;1741122735947
200;1741122736057
200;1741122740936
200;1741122740943
200;1741122741032
200;1741122745887
200;1741122745896
200;1741122745961
200;1741122750897
200;1741122750941
200;1741122751076
200;1741122755924
200;1741122755931
200;1741122755999
200;1741122760875
200;1741122760902
200;1741122760910
200;1741122765872
200;1741122765902
200;1741122765998
200;1741122770893
200;1741122770906
200;1741122770977
200;1741122775871
200;1741122775973
200;1741122776063
200;1741122780957
200;1741122780966
200;1741122781029
200;1741122785947
200;1741122785953
200;1741122786003
200;1741122790910
200;1741122790920
200;1741122790937
200;1741122795959
200;1741122795967
200;1741122796022
200;1741122800865
200;1741122800912
200;1741122800962
200;1741122805915
200;1741122805923
200;1741122805975
200;1741122810959
200;1741122810971
200;1741122810978
200;1741122815859
200;1741122815930
200;1741122815940
200;1741122820873
200;1741122820955
200;1741122820962
200;1741122825957
200;1741122825968
200;1741122825987
200;1741122830929
200;1741122830985
200;1741122833254
200;1741122835884
200;1741122835951
200;1741122835964
200;1741122840902
200;1741122840972
200;1741122840988
200;1741122845886
200;1741122845942
200;1741122846071
200;1741122850881
200;1741122850948
200;1741122850957
200;1741122855866
200;1741122855913
200;1741122855923
200;1741122860884
200;1741122860930
200;1741122860936
200;1741122865924
200;1741122865937
200;1741122866012
200;1741122870912
200;1741122870923
200;1741122870993
200;1741122875890
200;1741122875902
200;1741122875968
200;1741122880888
200;1741122880900
200;1741122880916
200;1741122885942
200;1741122885949
200;1741122885967
200;1741122890912
200;1741122890923
200;1741122891007
200;1741122895906
200;1741122895988
200;1741122895999
200;1741122900915
200;1741122900923
200;1741122900927
200;1741122905868
200;1741122905919
200;1741122905925
200;1741122910880
200;1741122910923
200;1741122910936
200;1741122915935
200;1741122915995
200;1741122916084
200;1741122920947
200;1741122920954
200;1741122920995
200;1741122925865
200;1741122925956
200;1741122925966
200;1741122930907
200;1741122930919
200;1741122931033
200;1741122935885
200;1741122935929
200;1741122935938
200;1741122940926
200;1741122940934
200;1741122940967
200;1741122945918
200;1741122945924
200;1741122946128
200;1741122950960
200;1741122950967
200;1741122951012
200;1741122955886
200;1741122955972
200;1741122955982
200;1741122960943
200;1741122960954
200;1741122961061
200;1741122965899
200;1741122965913
200;1741122965982
200;1741122970948
200;1741122970956
200;1741122971024
200;1741122975908
200;1741122975920
200;1741122975928
200;1741122980978
200;1741122980984
200;1741122981038
200;1741122985913
200;1741122985958
200;1741122986048
200;1741122990879
200;1741122990891
200;1741122991033
200;1741122995908
200;1741122995920
200;1741122995930
200;1741123000863
200;1741123000919
200;1741123000962
200;1741123005887
200;1741123005957
200;1741123008493
200;1741123010888
200;1741123010931
200;1741123010941
200;1741123015867
200;1741123015877
200;1741123015933
200;1741123020869
200;1741123020932
200;1741123021059
200;1741123025949
200;1741123025971
200;1741123025978
200;1741123030869
200;1741123030975
200;1741123030984
200;1741123035877
200;1741123035949
200;1741123035956
200;1741123040875
200;1741123040932
200;1741123040938
200;1741123045867
200;1741123045959
200;1741123045968
200;1741123050865
200;1741123050947
200;1741123050959
200;1741123055910
200;1741123055916
200;1741123055966
200;1741123060905
200;1741123060916
200;1741123060988
200;1741123065948
200;1741123065957
200;1741123066016
200;1741123070933
200;1741123070943
200;1741123070950
200;1741123075873
200;1741123075947
200;1741123075962
200;1741123080922
200;1741123080932
200;1741123080981
200;1741123085959
200;1741123085971
200;1741123085980
200;1741123090939
200;1741123090952
200;1741123090989
200;1741123095944
200;1741123095958
200;1741123095964
200;1741123100870
200;1741123100983
200;1741123100989
200;1741123105936
200;1741123105945
200;1741123106108
200;1741123110858
200;1741123110913
200;1741123110996
200;1741123115930
200;1741123115937
200;1741123115962
200;1741123120879
200;1741123120995
200;1741123123391
200;1741123125884
200;1741123125918
200;1741123126053
200;1741123130944
200;1741123130954
200;1741123131142
200;1741123135943
200;1741123135952
200;1741123135960
200;1741123140870
200;1741123140912
200;1741123140923
200;1741123145945
200;1741123145954
200;1741123145962
200;1741123150932
200;1741123150942
200;1741123150958
200;1741123155863
200;1741123155917
200;1741123155963
200;1741123160866
200;1741123160918
200;1741123160928
200;1741123165931
200;1741123165941
200;1741123168560
200;1741123170871
200;1741123170945
200;1741123170951
200;1741123175866
200;1741123175942
200;1741123175950
200;1741123180908
200;1741123180918
200;1741123180950
200;1741123185910
200;1741123185919
200;1741123185948
200;1741123190875
200;1741123190947
200;1741123190954
200;1741123195865
200;1741123195914
200;1741123195921
200;1741123200868
200;1741123200972
200;1741123200982
200;1741123205909
200;1741123205917
200;1741123205927
200;1741123210934
200;1741123210943
200;1741123211004
200;1741123215914
200;1741123215928
200;1741123215938
200;1741123220920
200;1741123220927
200;1741123220933
200;1741123225890
200;1741123225898
200;1741123226012
200;1741123230873
200;1741123230916
200;1741123230928
200;1741123235877
200;1741123235916
200;1741123235928
200;1741123240891
200;1741123240903
200;1741123240915
200;1741123245909
200;1741123245919
200;1741123245996
200;1741123250898
200;1741123250940
200;1741123251050
200;1741123255943
200;1741123255951
200;1741123256028
200;1741123260904
200;1741123260992
200;1741123261039
200;1741123265886
200;1741123265897
200;1741123265975
200;1741123270910
200;1741123270917
200;1741123270944
200;1741123275881
200;1741123275893
200;1741123275917
200;1741123280918
200;1741123280928
200;1741123281019
200;1741123285878
200;1741123285907
200;1741123285919
200;1741123290874
200;1741123290896
200;1741123290990
200;1741123295899
200;1741123295909
200;1741123295963
200;1741123300867
200;1741123300953
200;1741123300964
200;1741123305871
200;1741123305931
200;1741123305942
200;1741123310875
200;1741123310943
200;1741123310949
200;1741123315870
200;1741123315911
200;1741123315921
200;1741123320908
200;1741123320937
200;1741123320944
200;1741123325890
200;1741123325900
200;1741123325952
200;1741123330975
200;1741123330983
200;1741123331050
200;1741123335926
200;1741123335937
200;1741123335971
200;1741123340875
200;1741123340915
200;1741123340927
200;1741123345897
200;1741123345920
200;1741123345993
200;1741123350872
200;1741123350991
200;1741123351002
200;1741123355909
200;1741123355922
200;1741123355958
200;1741123360941
200;1741123360946
200;1741123361050
200;1741123365908
200;1741123365917
200;1741123365923
200;1741123370867
200;1741123370911
200;1741123370923
200;1741123375911
200;1741123375921
200;1741123375928
200;1741123380917
200;1741123380926
200;1741123380933
200;1741123385938
200;1741123385946
200;1741123386071
200;1741123390943
200;1741123390954
200;1741123390961
200;1741123395870
200;1741123396031
200;1741123396103
200;1741123400877
200;1741123400927
200;1741123400936
200;1741123405865
200;1741123405955
200;1741123405967
200;1741123410907
200;1741123410936
200;1741123410942
200;1741123415912
200;1741123415928
200;1741123415999
200;1741123420925
200;1741123420948
200;1741123421024
200;1741123425917
200;1741123425927
200;1741123425959
200;1741123430971
200;1741123430980
200;1741123431103
200;1741123435873
200;1741123435884
200;1741123435941
200;1741123440901
200;1741123440913
200;1741123440947
200;1741123445913
200;1741123445920
200;1741123445958
200;1741123450895
200;1741123450906
200;1741123450930
200;1741123455887
200;1741123455986
200;1741123455996
200;1741123460895
200;1741123460907
200;1741123461005
200;1741123465887
200;1741123465897
200;1741123465904
200;1741123470895
200;1741123470907
200;1741123470984
200;1741123475872
200;1741123475915
200;1741123475925
200;1741123480892
200;1741123480903
200;1741123480943
200;1741123485866
200;1741123485940
200;1741123485947
200;1741123490876
200;1741123490963
200;1741123490972
200;1741123495867
200;1741123495960
200;1741123495967
200;1741123500955
200;1741123500973
200;1741123501085
200;1741123505891
200;1741123505901
200;1741123506073
200;1741123510865
200;1741123510913
200;1741123510920
200;1741123515927
200;1741123515936
200;1741123515942
200;1741123520926
200;1741123520933
200;1741123521014
200;1741123525897
200;1741123525908
200;1741123525961
200;1741123530973
200;1741123530983
200;1741123531074
200;1741123535896
200;1741123535907
200;1741123535951
200;1741123540915
200;1741123540927
200;1741123540963
200;1741123545907
200;1741123545917
200;1741123545924
200;1741123550930
200;1741123550939
200;1741123550947
200;1741123555866
200;1741123555940
200;1741123555947
200;1741123560907
200;1741123560919
200;1741123560934
200;1741123565872
200;1741123565911
200;1741123565959
200;1741123570888
200;1741123570939
200;1741123571013
200;1741123575918
200;1741123575925
200;1741123575933
200;1741123580872
200;1741123580950
200;1741123580958
200;1741123585935
200;1741123585945
200;1741123588469
200;1741123590909
200;1741123590939
200;1741123591054
200;1741123595879
200;1741123595903
200;1741123595912
200;1741123600865
200;1741123600914
200;1741123600921
200;1741123605891
200;1741123605899
200;1741123605931
200;1741123610911
200;1741123610920
200;1741123610953
200;1741123615909
200;1741123615920
200;1741123615963
200;1741123620875
200;1741123620971
200;1741123620988
200;1741123625919
200;1741123625931
200;1741123625950
200;1741123630910
200;1741123630923
200;1741123630963
200;1741123635936
200;1741123635945
200;1741123635994
200;1741123640910
200;1741123640924
200;1741123640941
200;1741123645957
200;1741123645966
200;1741123646050
200;1741123650952
200;1741123650959
200;1741123651105
200;1741123655904
200;1741123655908
200;1741123655942
200;1741123660940
200;1741123660949
200;1741123660986
200;1741123665944
200;1741123665958
200;1741123665987
200;1741123670877
200;1741123670965
200;1741123670975
200;1741123675920
200;1741123675929
200;1741123675983
200;1741123680902
200;1741123680911
200;1741123681119
200;1741123685915
200;1741123685924
200;1741123686024
200;1741123690912
200;1741123690922
200;1741123690928
200;1741123695904
200;1741123695944
200;1741123695951
200;1741123700946
200;1741123700954
200;1741123701038
200;1741123705915
200;1741123705924
200;1741123705929
200;1741123710955
200;1741123713323
200;1741123713862
200;1741123715976
200;1741123715985
200;1741123716159
200;1741123720884
200;1741123720894
200;1741123720978
200;1741123725891
200;1741123725899
200;1741123725983
200;1741123730865
200;1741123730919
200;1741123730925
200;1741123735874
200;1741123735898
200;1741123735999
200;1741123740905
200;1741123740918
200;1741123740952
200;1741123745908
200;1741123745919
200;1741123745927
200;1741123750927
200;1741123750941
200;1741123751004
200;1741123755890
200;1741123755900
200;1741123755965
200;1741123760961
200;1741123760967
200;1741123761042
200;1741123765865
200;1741123765955
200;1741123765964
200;1741123770875
200;1741123770976
200;1741123770984
200;1741123775960
200;1741123775970
200;1741123775978
200;1741123780874
200;1741123780906
200;1741123780915
200;1741123785887
200;1741123785896
200;1741123785910
200;1741123790876
200;1741123790978
200;1741123790986
200;1741123795866
200;1741123795928
200;1741123795936
200;1741123800921
200;1741123800955
200;1741123801092
200;1741123805948
200;1741123807899
200;1741123808454
200;1741123810886
200;1741123810938
200;1741123811061
200;1741123815924
200;1741123815934
200;1741123815948
200;1741123820867
200;1741123820913
200;1741123820921
200;1741123825877
200;1741123825966
200;1741123825977
200;1741123830915
200;1741123830922
200;1741123831021
200;1741123835884
200;1741123835895
200;1741123836016
200;1741123840901
200;1741123840911
200;1741123840961
200;1741123845863
200;1741123848372
200;1741123848685
200;1741123850915
200;1741123850951
200;1741123851031
200;1741123855892
200;1741123855907
200;1741123855997
200;1741123860865
200;1741123860907
200;1741123860918
200;1741123865903
200;1741123865913
200;1741123865920
200;1741123870858
200;1741123870910
200;1741123872921
200;1741123875875
200;1741123875957
200;1741123875964
200;1741123880876
200;1741123880908
200;1741123880919
200;1741123885920
200;1741123885929
200;1741123886043
200;1741123890875
200;1741123890915
200;1741123890922
200;1741123895945
200;1741123895956
200;1741123895965
200;1741123900900
200;1741123901153
200;1741123901245
200;1741123905902
200;1741123905912
200;1741123905946
200;1741123910952
200;1741123910961
200;1741123913343
200;1741123915875
200;1741123916018
200;1741123916044
200;1741123920909
200;1741123920920
200;1741123920971
200;1741123925915
200;1741123925936
200;1741123925942
200;1741123930882
200;1741123930891
200;1741123930923
200;1741123935888
200;1741123935894
200;1741123936010
200;1741123940874
200;1741123940963
200;1741123940973
200;1741123945955
200;1741123945972
200;1741123946083
200;1741123950875
200;1741123950936
200;1741123950947
200;1741123955888
200;1741123955930
200;1741123955934
200;1741123960933
200;1741123960943
200;1741123961011
200;1741123965959
200;1741123965967
200;1741123966041
200;1741123970902
200;1741123971034
200;1741123975328
200;1741123975923
200;1741123975933
200;1741123975941
200;1741123980896
200;1741123980907
200;1741123981048
200;1741123985907
200;1741123985919
200;1741123985974
200;1741123990911
200;1741123990923
200;1741123991075
200;1741123995922
200;1741123995930
200;1741123995938
200;1741124000933
200;1741124000996
200;1741124001030
200;1741124005926
200;1741124005962
200;1741124005971
200;1741124010909
200;1741124010923
200;1741124010938
200;1741124015874
200;1741124015884
200;1741124015905
200;1741124020865
200;1741124020908
200;1741124020920
200;1741124025983
200;1741124025993
200;1741124026124
200;1741124030900
200;1741124030912
200;1741124030922
200;1741124035967
200;1741124035979
200;1741124036036
200;1741124040943
200;1741124040956
200;1741124040972
200;1741124045866
200;1741124045956
200;1741124045968
200;1741124050949
200;1741124050958
200;1741124053167
200;1741124055924
200;1741124055933
200;1741124055973
200;1741124060917
200;1741124060965
200;1741124061032
200;1741124065922
200;1741124065929
200;1741124066012
200;1741124070930
200;1741124070962
200;1741124073547
200;1741124075891
200;1741124075903
200;1741124078767
200;1741124080856
200;1741124080924
200;1741124080941
200;1741124085923
200;1741124085930
200;1741124085943
200;1741124090912
200;1741124090971
200;1741124091040
200;1741124095889
200;1741124095900
200;1741124095930
200;1741124100865
200;1741124100950
200;1741124100957
200;1741124105910
200;1741124106012
200;1741124108799
200;1741124110933
200;1741124110943
200;1741124111000
200;1741124115881
200;1741124115976
200;1741124116051
200;1741124120945
200;1741124120952
200;1741124120990
200;1741124125866
200;1741124125897
200;1741124125905
200;1741124130881
200;1741124130973
200;1741124131066
200;1741124135919
200;1741124135930
200;1741124136133
200;1741124140867
200;1741124140908
200;1741124140919
200;1741124145867
200;1741124145909
200;1741124145916
200;1741124150864
200;1741124150942
200;1741124150951
200;1741124155908
200;1741124155918
200;1741124155961
200;1741124160917
200;1741124160923
200;1741124160952
200;1741124165908
200;1741124165935
200;1741124165980
200;1741124170897
200;1741124170951
200;1741124171048
200;1741124175955
200;1741124175966
200;1741124175973
200;1741124180933
200;1741124180945
200;1741124180993
200;1741124185954
200;1741124185961
200;1741124186018
200;1741124190866
200;1741124191003
200;1741124191014
200;1741124195889
200;1741124195899
200;1741124196024
200;1741124200878
200;1741124200888
200;1741124200992
200;1741124205891
200;1741124205923
200;1741124205933
200;1741124210925
200;1741124210933
200;1741124210942
200;1741124215867
200;1741124215915
200;1741124215923
200;1741124220886
200;1741124220896
200;1741124220938
200;1741124225867
200;1741124225933
200;1741124225943
200;1741124230920
200;1741124230928
200;1741124230936
200;1741124235875
200;1741124235915
200;1741124235923
200;1741124240910
200;1741124240924
200;1741124241008
200;1741124245866
200;1741124245914
200;1741124245923
200;1741124250921
200;1741124250930
200;1741124251060
200;1741124255905
200;1741124255922
200;1741124255927
200;1741124260912
200;1741124260924
200;1741124260953
200;1741124265873
200;1741124265917
200;1741124265928
200;1741124270867
200;1741124270957
200;1741124270969
200;1741124275930
200;1741124275984
200;1741124276050
200;1741124280945
200;1741124280955
200;1741124280986
200;1741124285898
200;1741124285907
200;1741124285952
200;1741124290904
200;1741124290949
200;1741124290984
200;1741124295943
200;1741124295956
200;1741124295985
200;1741124300940
200;1741124300953
200;1741124301026
200;1741124305880
200;1741124305892
200;1741124305923
200;1741124310972
200;1741124310983
200;1741124311060
200;1741124315867
200;1741124315911
200;1741124315922
200;1741124320963
200;1741124320969
200;1741124321003
200;1741124325967
200;1741124325978
200;1741124326030
200;1741124330887
200;1741124330927
200;1741124330962
200;1741124335915
200;1741124335949
200;1741124335957
200;1741124340936
200;1741124340947
200;1741124340979
200;1741124345877
200;1741124345951
200;1741124345959
200;1741124350875
200;1741124350903
200;1741124350952
200;1741124355947
200;1741124355979
200;1741124355990
200;1741124360931
200;1741124360940
200;1741124360995
200;1741124365863
200;1741124365905
200;1741124366097
200;1741124370971
200;1741124370981
200;1741124371024
200;1741124375866
200;1741124375952
200;1741124375960
200;1741124380908
200;1741124380917
200;1741124380951
200;1741124385867
200;1741124385960
200;1741124385969
200;1741124391016
200;1741124391026
200;1741124391082
200;1741124395885
200;1741124395958
200;1741124395967
200;1741124400925
200;1741124400931
200;1741124400938
200;1741124405875
200;1741124405970
200;1741124405978
200;1741124410982
200;1741124411136
200;1741124411172
200;1741124415867
200;1741124415889
200;1741124416011
200;1741124420925
200;1741124420932
200;1741124421087
200;1741124425866
200;1741124425909
200;1741124425917
200;1741124430911
200;1741124430923
200;1741124430970
200;1741124435911
200;1741124435923
200;1741124435930
200;1741124440918
200;1741124440924
200;1741124440932
200;1741124445929
200;1741124445936
200;1741124445983
200;1741124450916
200;1741124450961
200;1741124450967
200;1741124455888
200;1741124455899
200;1741124455914
200;1741124460908
200;1741124460948
200;1741124460958
200;1741124465915
200;1741124465922
200;1741124465933
200;1741124470866
200;1741124470927
200;1741124470935
200;1741124475913
200;1741124475924
200;1741124475973
200;1741124480919
200;1741124480930
200;1741124481044
200;1741124485869
200;1741124485926
200;1741124485933
200;1741124490874
200;1741124490902
200;1741124490907
200;1741124495926
200;1741124495933
200;1741124495982
200;1741124500872
200;1741124500968
200;1741124500977
200;1741124505955
200;1741124505965
200;1741124508383
200;1741124510867
200;1741124510950
200;1741124511026
200;1741124515965
200;1741124518361
200;1741124518831
200;1741124520903
200;1741124520911
200;1741124520959
200;1741124525927
200;1741124525938
200;1741124525983
200;1741124530877
200;1741124531025
200;1741124531042
200;1741124535949
200;1741124536115
200;1741124536131
200;1741124540886
200;1741124540897
200;1741124541100
200;1741124545893
200;1741124545943
200;1741124546035
200;1741124550895
200;1741124550906
200;1741124550938
200;1741124556020
200;1741124556033
200;1741124556071
200;1741124560875
200;1741124560902
200;1741124560914
200;1741124565905
200;1741124565915
200;1741124566025
200;1741124570870
200;1741124570968
200;1741124570976
200;1741124575893
200;1741124575906
200;1741124576080
200;1741124580898
200;1741124580919
200;1741124580954
200;1741124585883
200;1741124585954
200;1741124585992
200;1741124590899
200;1741124590923
200;1741124590934
200;1741124595919
200;1741124595938
200;1741124598187
200;1741124600907
200;1741124600919
200;1741124601004
200;1741124605872
200;1741124605953
200;1741124605993
200;1741124610875
200;1741124610971
200;1741124610978
200;1741124615879
200;1741124615891
200;1741124615966
200;1741124620868
200;1741124620960
200;1741124620971
200;1741124625901
200;1741124625910
200;1741124625974
200;1741124630934
200;1741124630945
200;1741124630993
200;1741124635909
200;1741124635918
200;1741124635925
200;1741124640888
200;1741124640932
200;1741124640943
200;1741124645872
200;1741124645913
200;1741124645923
200;1741124650974
200;1741124650987
200;1741124651043
200;1741124655866
200;1741124655916
200;1741124655923
200;1741124660882
200;1741124660956
200;1741124660964
200;1741124665865
200;1741124665919
200;1741124665925
200;1741124670950
200;1741124670956
200;1741124670989
200;1741124675867
200;1741124675955
200;1741124675964
200;1741124680923
200;1741124680934
200;1741124680982
200;1741124685897
200;1741124685906
200;1741124686058
200;1741124690879
200;1741124690889
200;1741124690967
200;1741124695876
200;1741124695929
200;1741124695933
200;1741124700956
200;1741124700965
200;1741124700972
200;1741124705913
200;1741124705921
200;1741124705958
200;1741124710912
200;1741124710918
200;1741124710963
200;1741124715926
200;1741124715934
200;1741124715939
200;1741124720905
200;1741124720915
200;1741124720942
200;1741124725930
200;1741124725964
200;1741124728194
200;1741124730953
200;1741124730962
200;1741124731013
200;1741124735907
200;1741124735916
200;1741124735923
200;1741124740937
200;1741124740946
200;1741124741007
200;1741124745866
200;1741124745907
200;1741124745919
200;1741124750903
200;1741124750915
200;1741124750944
200;1741124755918
200;1741124755929
200;1741124756015
200;1741124760933
200;1741124760943
200;1741124760953
200;1741124765926
200;1741124766022
200;1741124768593
200;1741124770880
200;1741124770890
200;1741124770928
200;1741124775970
200;1741124775980
200;1741124775987
200;1741124780919
200;1741124780930
200;1741124781004
200;1741124785967
200;1741124785975
200;1741124785991
200;1741124790873
200;1741124790963
200;1741124790972
200;1741124795908
200;1741124795917
200;1741124795992
200;1741124800892
200;1741124800901
200;1741124800976
200;1741124805917
200;1741124805922
200;1741124805978
200;1741124810890
200;1741124811056
200;1741124813308
200;1741124815913
200;1741124815921
200;1741124815930
200;1741124820903
200;1741124820915
200;1741124820970
200;1741124825943
200;1741124825955
200;1741124825986
200;1741124830934
200;1741124830942
200;1741124830974
200;1741124835944
200;1741124835950
200;1741124836168
200;1741124840875
200;1741124840901
200;1741124840911
200;1741124845984
200;1741124846124
200;1741124848398
200;1741124850865
200;1741124850908
200;1741124850917
200;1741124855891
200;1741124855897
200;1741124855973
200;1741124860875
200;1741124860948
200;1741124860955
200;1741124865868
200;1741124865880
200;1741124865948
200;1741124870866
200;1741124870897
200;1741124870907
200;1741124875914
200;1741124875928
200;1741124875954
200;1741124880986
200;1741124881001
200;1741124881047
200;1741124886004
200;1741124886047
200;1741124886136
200;1741124890915
200;1741124890925
200;1741124890948
200;1741124895866
200;1741124895907
200;1741124895917
200;1741124900875
200;1741124900933
200;1741124900940
200;1741124905876
200;1741124905920
200;1741124905929
200;1741124910871
200;1741124910920
200;1741124910927
200;1741124915927
200;1741124915935
200;1741124915977
200;1741124920887
200;1741124920936
200;1741124920974
200;1741124925914
200;1741124925922
200;1741124925929
200;1741124930974
200;1741124931051
200;1741124933407
200;1741124935875
200;1741124935956
200;1741124935967
200;1741124940872
200;1741124940918
200;1741124940929
200;1741124945945
200;1741124945950
200;1741124945956
200;1741124951023
200;1741124951117
200;1741124951197
200;1741124955907
200;1741124955917
200;1741124955998
200;1741124960868
200;1741124960879
200;1741124960943
200;1741124965866
200;1741124965924
200;1741124965934
200;1741124970857
200;1741124970947
200;1741124970958
200;1741124975913
200;1741124975921
200;1741124975961
200;1741124980875
200;1741124980921
200;1741124980929
200;1741124985911
200;1741124985917
200;1741124986024
200;1741124990978
200;1741124991102
200;1741124993404
200;1741124995866
200;1741124995918
200;1741124995984
200;1741125000867
200;1741125000955
200;1741125000963
200;1741125005871
200;1741125005912
200;1741125005920
200;1741125010908
200;1741125010917
200;1741125010922
200;1741125015875
200;1741125015941
200;1741125015951
200;1741125020894
200;1741125020925
200;1741125020978
200;1741125025908
200;1741125025944
200;1741125025949
200;1741125030957
200;1741125030966
200;1741125031078
200;1741125035862
200;1741125036004
200;1741125038682
200;1741125040991
200;1741125040999
200;1741125041019
200;1741125045890
200;1741125045899
200;1741125045922
200;1741125050972
200;1741125050982
200;1741125051008
200;1741125055888
200;1741125055900
200;1741125055993
200;1741125060886
200;1741125060903
200;1741125060937
200;1741125065910
200;1741125065922
200;1741125065954
200;1741125070867
200;1741125070907
200;1741125070916
200;1741125075874
200;1741125075930
200;1741125075940
200;1741125081008
200;1741125081019
200;1741125081055
200;1741125085866
200;1741125085915
200;1741125085956
200;1741125090900
200;1741125090909
200;1741125091036
200;1741125095925
200;1741125095953
200;1741125095960
200;1741125100875
200;1741125100978
200;1741125100988
200;1741125105956
200;1741125105964
200;1741125106050
200;1741125110917
200;1741125110931
200;1741125111089
200;1741125115977
200;1741125116040
200;1741125118542
200;1741125120973
200;1741125120985
200;1741125121050
200;1741125125925
200;1741125125937
200;1741125126017
200;1741125130888
200;1741125130918
200;1741125130927
200;1741125135919
200;1741125135927
200;1741125135992
200;1741125140895
200;1741125140904
200;1741125140996
200;1741125145891
200;1741125145943
200;1741125146009
200;1741125150907
200;1741125150916
200;1741125150952
200;1741125155908
200;1741125155954
200;1741125155958
200;1741125160985
200;1741125161053
200;1741125161167
200;1741125165928
200;1741125165934
200;1741125165944
200;1741125170871
200;1741125170899
200;1741125170935
200;1741125175881
200;1741125175922
200;1741125175930
200;1741125180900
200;1741125180907
200;1741125181116
200;1741125185924
200;1741125185939
200;1741125185965
200;1741125191005
200;1741125191039
200;1741125191051
200;1741125195867
200;1741125195906
200;1741125195914
200;1741125200865
200;1741125200931
200;1741125200939
200;1741125205880
200;1741125205904
200;1741125205909
200;1741125210865
200;1741125210959
200;1741125210967
200;1741125215928
200;1741125215938
200;1741125216086
200;1741125220887
200;1741125220947
200;1741125220956
200;1741125225921
200;1741125225929
200;1741125225936
200;1741125230899
200;1741125230919
200;1741125231025
200;1741125235915
200;1741125235922
200;1741125235996
200;1741125240915
200;1741125240923
200;1741125240951
200;1741125245878
200;1741125245951
200;1741125245957
200;1741125250886
200;1741125250896
200;1741125250994
200;1741125255867
200;1741125255923
200;1741125255930
200;1741125260893
200;1741125260905
200;1741125260986
200;1741125265923
200;1741125265987
200;1741125265999
200;1741125270910
200;1741125270924
200;1741125273668
200;1741125275868
200;1741125275926
200;1741125275937
200;1741125280907
200;1741125280916
200;1741125283238
200;1741125285872
200;1741125285921
200;1741125285927
200;1741125290922
200;1741125290931
200;1741125291072
200;1741125295901
200;1741125295952
200;1741125295991
200;1741125300866
200;1741125300928
200;1741125300936
200;1741125305865
200;1741125305925
200;1741125306005
200;1741125310912
200;1741125310920
200;1741125310925
200;1741125315886
200;1741125315935
200;1741125316089
200;1741125320867
200;1741125320916
200;1741125321065
200;1741125325895
200;1741125325903
200;1741125328716
200;1741125330907
200;1741125330917
200;1741125330934
200;1741125335872
200;1741125335927
200;1741125335939
200;1741125340867
200;1741125340959
200;1741125340968
200;1741125345866
200;1741125345955
200;1741125345965
200;1741125350875
200;1741125350991
200;1741125351001
200;1741125355915
200;1741125355929
200;1741125355945
200;1741125360912
200;1741125360925
200;1741125360997
200;1741125365971
200;1741125365981
200;1741125366077
200;1741125370904
200;1741125370913
200;1741125370979
200;1741125375908
200;1741125375919
200;1741125375979
200;1741125380867
200;1741125380908
200;1741125380920
200;1741125385926
200;1741125385935
200;1741125386029
200;1741125390900
200;1741125390912
200;1741125390993
200;1741125395897
200;1741125395913
200;1741125396044
200;1741125400868
200;1741125400900
200;1741125400935
200;1741125405870
200;1741125405987
200;1741125405996
200;1741125410865
200;1741125410937
200;1741125410944
200;1741125415869
200;1741125415878
200;1741125415951
200;1741125420915
200;1741125421019
200;1741125421040
200;1741125425893
200;1741125425904
200;1741125426166
200;1741125430916
200;1741125430961
200;1741125430971
200;1741125435866
200;1741125435929
200;1741125435939
200;1741125440924
200;1741125440935
200;1741125440943
200;1741125445888
200;1741125445900
200;1741125445983
200;1741125450876
200;1741125450903
200;1741125450911
200;1741125455869
200;1741125455907
200;1741125455912
200;1741125460914
200;1741125460925
200;1741125460934
200;1741125465867
200;1741125465970
200;1741125465978
200;1741125470920
200;1741125470933
200;1741125470956
200;1741125475904
200;1741125475913
200;1741125475958
200;1741125480874
200;1741125480885
200;1741125480935
200;1741125485870
200;1741125485920
200;1741125485927
200;1741125490918
200;1741125490925
200;1741125490934
200;1741125495924
200;1741125495962
200;1741125495970
200;1741125500923
200;1741125500932
200;1741125500942
200;1741125505874
200;1741125505886
200;1741125505959
200;1741125510929
200;1741125510940
200;1741125511027
200;1741125515893
200;1741125515949
200;1741125515954
200;1741125520924
200;1741125520931
200;1741125521008
200;1741125525908
200;1741125526001
200;1741125526146
200;1741125530964
200;1741125531120
200;1741125531133
200;1741125535909
200;1741125535920
200;1741125536002
200;1741125540925
200;1741125540935
200;1741125540968
200;1741125545915
200;1741125545925
200;1741125545931
200;1741125550924
200;1741125550932
200;1741125550941
200;1741125555918
200;1741125555925
200;1741125556045
200;1741125560909
200;1741125560921
200;1741125560929
200;1741125565883
200;1741125565999
200;1741125566025
200;1741125570911
200;1741125570922
200;1741125570940
200;1741125575930
200;1741125575937
200;1741125575946
200;1741125580896
200;1741125580904
200;1741125583086
200;1741125585943
200;1741125585952
200;1741125585994
200;1741125590870
200;1741125590912
200;1741125590923
200;1741125595876
200;1741125595918
200;1741125595926
200;1741125600914
200;1741125600923
200;1741125600941
200;1741125605867
200;1741125605917
200;1741125605924
200;1741125610873
200;1741125610958
200;1741125610965
200;1741125615864
200;1741125615917
200;1741125615922
200;1741125620875
200;1741125620904
200;1741125620913
200;1741125625959
200;1741125625966
200;1741125625995
200;1741125630857
200;1741125630935
200;1741125631005
200;1741125635920
200;1741125635930
200;1741125635936
200;1741125640880
200;1741125640934
200;1741125641393
200;1741125645876
200;1741125645967
200;1741125645976
200;1741125650913
200;1741125650920
200;1741125650925
200;1741125655916
200;1741125655971
200;1741125655980
200;1741125660871
200;1741125660921
200;1741125660926
200;1741125665878
200;1741125665953
200;1741125665986
200;1741125670875
200;1741125670903
200;1741125670908
200;1741125675866
200;1741125675907
200;1741125675917
200;1741125680911
200;1741125680973
200;1741125681111
200;1741125685891
200;1741125685901
200;1741125685965
200;1741125690891
200;1741125690897
200;1741125690985
200;1741125695888
200;1741125695898
200;1741125696097
200;1741125700933
200;1741125700940
200;1741125703663
200;1741125705923
200;1741125705933
200;1741125705939
200;1741125710879
200;1741125710929
200;1741125710969
200;1741125715869
200;1741125715900
200;1741125715908
200;1741125720869
200;1741125720975
200;1741125720986
200;1741125725874
200;1741125725970
200;1741125725976
200;1741125730923
200;1741125730931
200;1741125730999
200;1741125735886
200;1741125735894
200;1741125735930
200;1741125740922
200;1741125740928
200;1741125740936
200;1741125745902
200;1741125745907
200;1741125745963
200;1741125750923
200;1741125750930
200;1741125751042
200;1741125755902
200;1741125755908
200;1741125756054
200;1741125760947
200;1741125760957
200;1741125760997
200;1741125765959
200;1741125765965
200;1741125766013
200;1741125770871
200;1741125770955
200;1741125770962
200;1741125775883
200;1741125775934
200;1741125775971
200;1741125780929
200;1741125780962
200;1741125781021
200;1741125785937
200;1741125785965
200;1741125790965
200;1741125793536
200;1741125793814
200;1741125795867
200;1741125795924
200;1741125795932
200;1741125800917
200;1741125800962
200;1741125800969
200;1741125805960
200;1741125805965
200;1741125806056
200;1741125810875
200;1741125810966
200;1741125810974
200;1741125815867
200;1741125815877
200;1741125816005
200;1741125820876
200;1741125820886
200;1741125820936
200;1741125825919
200;1741125825932
200;1741125825938
200;1741125830877
200;1741125830923
200;1741125830982
200;1741125835868
200;1741125835939
200;1741125835947
200;1741125840866
200;1741125840938
200;1741125840944
200;1741125845885
200;1741125845893
200;1741125845957
200;1741125850887
200;1741125850902
200;1741125851073
200;1741125855911
200;1741125855922
200;1741125855934
200;1741125860943
200;1741125860955
200;1741125861132
200;1741125865919
200;1741125865932
200;1741125865942
200;1741125870955
200;1741125870964
200;1741125870975
200;1741125875866
200;1741125875900
200;1741125875935
200;1741125880890
200;1741125880915
200;1741125881032
200;1741125885891
200;1741125886020
200;1741125886058
200;1741125890869
200;1741125890937
200;1741125891028
200;1741125895985
200;1741125896005
200;1741125896097
200;1741125900949
200;1741125900954
200;1741125901038
200;1741125905919
200;1741125905930
200;1741125905987
200;1741125910983
200;1741125911001
200;1741125911046
200;1741125915898
200;1741125915908
200;1741125915941
200;1741125920866
200;1741125920927
200;1741125920937
200;1741125925897
200;1741125925909
200;1741125926057
200;1741125930954
200;1741125930961
200;1741125931091
200;1741125935895
200;1741125935905
200;1741125935983
200;1741125940894
200;1741125940905
200;1741125940998
200;1741125945871
200;1741125945980
200;1741125948519
200;1741125950902
200;1741125950910
200;1741125951172
200;1741125955931
200;1741125955943
200;1741125955976
200;1741125960894
200;1741125961020
200;1741125961112
200;1741125965939
200;1741125965948
200;1741125968608
200;1741125970916
200;1741125970955
200;1741125973527
200;1741125975916
200;1741125975925
200;1741125976025
200;1741125980885
200;1741125980913
200;1741125980923
200;1741125985896
200;1741125985906
200;1741125985941
200;1741125990868
200;1741125990924
200;1741125990958
200;1741125995907
200;1741125995918
200;1741125995927
200;1741126000868
200;1741126000945
200;1741126000952
200;1741126005910
200;1741126005917
200;1741126005952
200;1741126010925
200;1741126010934
200;1741126010977
200;1741126015871
200;1741126015913
200;1741126015923
200;1741126020866
200;1741126020955
200;1741126020965
200;1741126025868
200;1741126025931
200;1741126026027
200;1741126030865
200;1741126030957
200;1741126030962
200;1741126035867
200;1741126035914
200;1741126035922
200;1741126040897
200;1741126040909
200;1741126040929
200;1741126045866
200;1741126045969
200;1741126045980
200;1741126050893
200;1741126050902
200;1741126050927
200;1741126055935
200;1741126055941
200;1741126055973
200;1741126060892
200;1741126060939
200;1741126060990
200;1741126065904
200;1741126065912
200;1741126065932
200;1741126070982
200;1741126071087
200;1741126073455
200;1741126075895
200;1741126075905
200;1741126075974
200;1741126080886
200;1741126080928
200;1741126080937
200;1741126085871
200;1741126085921
200;1741126085932
200;1741126090865
200;1741126090912
200;1741126090921
200;1741126095932
200;1741126095942
200;1741126096027
200;1741126100866
200;1741126100940
200;1741126100948
200;1741126105865
200;1741126105946
200;1741126105951
200;1741126110934
200;1741126111017
200;1741126115911
200;1741126115917
200;1741126116117
200;1741126120927
200;1741126120938
200;1741126120992
200;1741126125920
200;1741126125927
200;1741126126066
200;1741126130897
200;1741126130905
200;1741126130938
200;1741126135977
200;1741126135986
200;1741126136036
200;1741126140926
200;1741126140955
200;1741126141052
200;1741126145870
200;1741126145911
200;1741126145921
200;1741126150867
200;1741126150957
200;1741126150962
200;1741126155912
200;1741126155922
200;1741126155942
200;1741126160896
200;1741126160905
200;1741126160943
200;1741126165867
200;1741126165940
200;1741126165947
200;1741126170923
200;1741126170933
200;1741126171005
200;1741126175963
200;1741126175973
200;1741126175991
200;1741126180933
200;1741126180942
200;1741126180999
200;1741126185866
200;1741126185940
200;1741126185946
200;1741126190865
200;1741126190907
200;1741126190917
200;1741126195951
200;1741126196010
200;1741126196150
200;1741126200895
200;1741126200903
200;1741126200955
200;1741126205886
200;1741126205896
200;1741126205947
200;1741126210877
200;1741126210886
200;1741126211085
200;1741126215981
200;1741126216020
200;1741126218793
200;1741126220898
200;1741126220911
200;1741126221032
200;1741126225910
200;1741126225916
200;1741126225925
200;1741126230935
200;1741126230943
200;1741126230999
200;1741126235935
200;1741126235943
200;1741126235978
200;1741126240877
200;1741126240962
200;1741126241037
200;1741126245869
200;1741126248219
200;1741126248495
200;1741126250890
200;1741126250899
200;1741126251015
200;1741126255867
200;1741126255938
200;1741126255944
200;1741126260973
200;1741126260981
200;1741126261009
200;1741126265870
200;1741126265878
200;1741126266090
200;1741126270943
200;1741126270950
200;1741126270972
200;1741126275876
200;1741126275936
200;1741126275945
200;1741126280897
200;1741126280906
200;1741126281038
200;1741126285910
200;1741126285961
200;1741126285968
200;1741126290894
200;1741126290904
200;1741126290977
200;1741126295925
200;1741126295959
200;1741126296037
200;1741126300957
200;1741126300963
200;1741126301051
200;1741126305919
200;1741126305929
200;1741126305974
200;1741126310871
200;1741126310915
200;1741126310923
200;1741126315927
200;1741126315937
200;1741126318688
200;1741126320896
200;1741126320907
200;1741126321007
200;1741126325866
200;1741126325908
200;1741126325919
200;1741126330872
200;1741126330959
200;1741126333847
200;1741126335875
200;1741126335996
200;1741126336006
200;1741126340940
200;1741126340946
200;1741126340982
200;1741126345875
200;1741126345963
200;1741126345974
200;1741126350944
200;1741126350954
200;1741126350961
200;1741126355895
200;1741126355903
200;1741126355933
200;1741126360917
200;1741126360952
200;1741126363698
200;1741126365884
200;1741126365937
200;1741126366053
200;1741126370872
200;1741126370937
200;1741126371053
200;1741126375915
200;1741126375932
200;1741126375940
200;1741126380867
200;1741126380876
200;1741126380971
200;1741126385912
200;1741126385918
200;1741126385930
200;1741126390877
200;1741126390886
200;1741126390968
200;1741126395863
200;1741126395880
200;1741126395982
200;1741126400869
200;1741126400878
200;1741126400910
200;1741126405966
200;1741126405973
200;1741126405986
200;1741126410927
200;1741126410937
200;1741126411030
200;1741126415875
200;1741126415912
200;1741126415922
200;1741126420981
200;1741126420991
200;1741126421042
200;1741126426024
200;1741126426207
200;1741126426280
200;1741126430959
200;1741126430967
200;1741126431038
200;1741126435912
200;1741126435961
200;1741126435969
200;1741126440915
200;1741126440920
200;1741126441007
200;1741126445957
200;1741126445966
200;1741126446071
200;1741126450909
200;1741126450919
200;1741126451095
200;1741126455937
200;1741126455946
200;1741126455995
200;1741126460886
200;1741126460896
200;1741126461063
200;1741126465878
200;1741126465915
200;1741126465926
200;1741126470868
200;1741126470913
200;1741126470925
200;1741126475899
200;1741126475955
200;1741126476039
200;1741126480985
200;1741126481063
200;1741126481092
200;1741126485875
200;1741126485951
200;1741126485957
200;1741126490932
200;1741126490942
200;1741126491001
200;1741126495911
200;1741126495921
200;1741126495983
200;1741126500919
200;1741126500930
200;1741126500987
200;1741126505875
200;1741126505996
200;1741126506007
200;1741126510972
200;1741126510982
200;1741126510993
200;1741126515918
200;1741126515923
200;1741126515929
200;1741126520869
200;1741126520930
200;1741126520940
200;1741126525922
200;1741126525930
200;1741126525936
200;1741126530939
200;1741126530947
200;1741126530954
200;1741126535912
200;1741126535961
200;1741126535968
200;1741126540908
200;1741126540921
200;1741126540930
200;1741126545972
200;1741126545984
200;1741126545996
200;1741126550887
200;1741126550937
200;1741126550943
200;1741126555943
200;1741126555971
200;1741126556078
200;1741126560866
200;1741126560956
200;1741126560967
200;1741126565937
200;1741126565947
200;1741126565980
200;1741126570873
200;1741126570918
200;1741126570929
200;1741126575913
200;1741126575920
200;1741126575942
200;1741126580912
200;1741126580923
200;1741126580994
200;1741126585875
200;1741126585922
200;1741126585932
200;1741126590908
200;1741126590918
200;1741126590998
200;1741126595874
200;1741126595950
200;1741126595956
200;1741126600875
200;1741126600924
200;1741126600967
200;1741126605876
200;1741126605948
200;1741126605960
200;1741126610909
200;1741126610919
200;1741126610960
200;1741126615872
200;1741126615925
200;1741126615933
200;1741126620911
200;1741126620919
200;1741126620970
200;1741126625948
200;1741126625958
200;1741126625965
200;1741126630920
200;1741126630928
200;1741126631004
200;1741126635911
200;1741126635974
200;1741126636114
200;1741126640921
200;1741126640930
200;1741126640938
200;1741126645867
200;1741126645958
200;1741126645966
200;1741126650922
200;1741126650928
200;1741126650980
200;1741126655906
200;1741126655935
200;1741126655940
200;1741126660972
200;1741126661057
200;1741126663484
200;1741126665907
200;1741126665943
200;1741126665951
200;1741126670918
200;1741126670926
200;1741126670942
200;1741126675874
200;1741126675906
200;1741126675914
200;1741126680974
200;1741126681040
200;1741126683737
200;1741126685896
200;1741126685906
200;1741126686012
200;1741126690864
200;1741126690991
200;1741126691003
200;1741126695896
200;1741126695907
200;1741126695991
200;1741126700872
200;1741126700918
200;1741126700929
200;1741126705908
200;1741126705963
200;1741126705971
200;1741126710882
200;1741126710927
200;1741126711028
200;1741126715964
200;1741126715970
200;1741126716047
200;1741126723470
200;1741126723564
200;1741126723606
200;1741126725971
200;1741126726050
200;1741126728169
200;1741126730907
200;1741126730914
200;1741126730980
200;1741126735895
200;1741126735905
200;1741126735954
200;1741126740908
200;1741126740923
200;1741126740998
200;1741126745873
200;1741126745955
200;1741126745964
200;1741126750866
200;1741126750908
200;1741126750917
200;1741126755920
200;1741126755971
200;1741126755980
200;1741126760962
200;1741126760968
200;1741126761109
200;1741126765926
200;1741126765972
200;1741126766059
200;1741126770962
200;1741126770967
200;1741126771058
200;1741126775875
200;1741126775935
200;1741126775947
200;1741126780910
200;1741126780918
200;1741126780976
200;1741126785913
200;1741126785919
200;1741126785977
200;1741126790932
200;1741126790944
200;1741126790959
200;1741126795934
200;1741126795944
200;1741126795976
200;1741126800914
200;1741126800950
200;1741126800958
200;1741126805886
200;1741126805976
200;1741126805981
200;1741126810868
200;1741126810875
200;1741126810906
200;1741126815891
200;1741126815900
200;1741126815934
200;1741126820899
200;1741126820911
200;1741126820943
200;1741126825870
200;1741126825911
200;1741126825921
200;1741126830866
200;1741126830955
200;1741126830962
200;1741126835878
200;1741126835921
200;1741126836011
200;1741126840871
200;1741126840959
200;1741126840969
200;1741126845866
200;1741126845923
200;1741126845934
200;1741126850865
200;1741126850955
200;1741126850966
200;1741126855871
200;1741126855939
200;1741126855949
200;1741126860912
200;1741126860922
200;1741126860929
200;1741126865963
200;1741126866011
200;1741126866074
200;1741126870973
200;1741126870984
200;1741126871142
200;1741126875956
200;1741126875962
200;1741126876214
200;1741126880908
200;1741126880919
200;1741126880991
200;1741126885867
200;1741126885937
200;1741126885942
200;1741126890869
200;1741126890921
200;1741126890934
200;1741126895999
200;1741126896009
200;1741126896117
200;1741126900887
200;1741126900929
200;1741126903909
200;1741126905903
200;1741126905915
200;1741126905995
200;1741126910886
200;1741126910937
200;1741126910956
200;1741126915870
200;1741126915913
200;1741126915923
200;1741126920914
200;1741126920921
200;1741126920999
200;1741126925909
200;1741126925921
200;1741126925979
200;1741126930860
200;1741126930883
200;1741126930928
200;1741126935877
200;1741126935905
200;1741126935912
200;1741126940887
200;1741126940896
200;1741126940954
200;1741126945877
200;1741126945887
200;1741126946008
200;1741126950868
200;1741126950878
200;1741126950936
200;1741126955867
200;1741126955970
200;1741126955975
200;1741126960873
200;1741126960881
200;1741126960949
200;1741126965921
200;1741126965928
200;1741126966060
200;1741126970865
200;1741126970907
200;1741126970916
200;1741126975907
200;1741126975971
200;1741126975981
200;1741126980925
200;1741126980935
200;1741126980941
200;1741126985926
200;1741126985936
200;1741126985954
200;1741126990905
200;1741126990970
200;1741126990984
200;1741126995936
200;1741126995943
200;1741126996169
200;1741127000911
200;1741127000918
200;1741127001017
200;1741127005869
200;1741127005966
200;1741127005973
200;1741127010879
200;1741127010935
200;1741127010943
200;1741127015871
200;1741127015917
200;1741127015926
200;1741127020909
200;1741127020918
200;1741127020932
200;1741127025876
200;1741127025954
200;1741127028498
200;1741127030866
200;1741127030910
200;1741127030921
200;1741127035870
200;1741127035911
200;1741127035923
200;1741127040944
200;1741127040951
200;1741127045911
200;1741127045922
200;1741127048274
200;1741127050878
200;1741127050914
200;1741127050964
200;1741127055892
200;1741127055902
200;1741127056080
200;1741127060987
200;1741127061000
200;1741127061041
200;1741127065915
200;1741127065921
200;1741127065971
200;1741127070868
200;1741127070914
200;1741127070926
200;1741127075880
200;1741127075951
200;1741127075960
200;1741127080886
200;1741127080965
200;1741127081048
200;1741127085912
200;1741127085919
200;1741127085925
200;1741127090870
200;1741127090963
200;1741127090971
200;1741127095953
200;1741127095960
200;1741127096004
200;1741127100917
200;1741127100922
200;1741127100931
200;1741127105942
200;1741127105949
200;1741127105954
200;1741127110978
200;1741127110982
200;1741127111003
200;1741127115899
200;1741127115907
200;1741127116011
200;1741127120896
200;1741127120907
200;1741127120970
200;1741127125865
200;1741127125926
200;1741127125933
200;1741127130971
200;1741127130981
200;1741127131029
200;1741127135934
200;1741127135967
200;1741127136019
200;1741127140866
200;1741127140919
200;1741127140930
200;1741127146034
200;1741127146057
200;1741127148536
200;1741127150866
200;1741127150959
200;1741127150965
200;1741127156013
200;1741127156117
200;1741127158078
200;1741127160914
200;1741127160919
200;1741127161112
200;1741127165969
200;1741127165978
200;1741127166043
200;1741127170868
200;1741127170929
200;1741127170939
200;1741127175867
200;1741127175924
200;1741127175935
200;1741127180967
200;1741127180978
200;1741127180984
200;1741127185868
200;1741127185962
200;1741127185971
200;1741127190903
200;1741127190914
200;1741127191117
200;1741127195912
200;1741127195940
200;1741127195944
200;1741127200881
200;1741127201025
200;1741127201143
200;1741127205912
200;1741127205927
200;1741127205933
200;1741127210870
200;1741127210967
200;1741127211003
200;1741127215900
200;1741127215911
200;1741127216055
200;1741127220987
200;1741127221003
200;1741127221030
200;1741127225858
200;1741127225995
200;1741127226085
200;1741127230881
200;1741127230893
200;1741127230956
200;1741127235921
200;1741127235958
200;1741127236036
200;1741127240923
200;1741127240935
200;1741127240959
200;1741127245870
200;1741127245912
200;1741127245921
200;1741127250865
200;1741127250945
200;1741127250951
200;1741127256007
200;1741127256024
200;1741127256053
200;1741127260874
200;1741127260987
200;1741127260998
200;1741127265878
200;1741127265901
200;1741127265961
200;1741127270935
200;1741127270944
200;1741127270993
200;1741127275865
200;1741127275954
200;1741127275962
200;1741127280907
200;1741127280916
200;1741127280921
200;1741127285919
200;1741127285928
200;1741127285959
200;1741127290914
200;1741127290920
200;1741127290926
200;1741127295920
200;1741127295928
200;1741127296004
200;1741127300872
200;1741127300919
200;1741127300930
200;1741127305875
200;1741127305943
200;1741127305955
200;1741127310869
200;1741127310880
200;1741127310910
200;1741127315876
200;1741127315920
200;1741127315926
200;1741127320870
200;1741127320913
200;1741127320919
200;1741127325888
200;1741127325898
200;1741127325946
200;1741127330895
200;1741127330907
200;1741127331043
200;1741127335926
200;1741127335935
200;1741127335942
200;1741127340865
200;1741127340959
200;1741127340967
200;1741127345900
200;1741127345906
200;1741127345964
200;1741127350916
200;1741127350926
200;1741127351042
200;1741127355891
200;1741127355901
200;1741127356129
200;1741127360914
200;1741127360921
200;1741127361097
200;1741127365886
200;1741127365917
200;1741127365923
200;1741127370878
200;1741127370936
200;1741127370943
200;1741127375881
200;1741127375934
200;1741127375942
200;1741127380931
200;1741127380942
200;1741127381079
200;1741127385894
200;1741127385953
200;1741127386016
200;1741127390955
200;1741127390964
200;1741127391006
200;1741127395916
200;1741127395965
200;1741127395971
200;1741127400929
200;1741127400939
200;1741127400974
200;1741127405866
200;1741127405925
200;1741127405933
200;1741127410874
200;1741127410945
200;1741127410952
200;1741127415930
200;1741127415938
200;1741127415949
200;1741127420866
200;1741127420961
200;1741127420968
200;1741127425867
200;1741127425925
200;1741127425933
200;1741127430866
200;1741127430904
200;1741127430911
200;1741127435870
200;1741127435879
200;1741127435978
200;1741127440906
200;1741127440912
200;1741127440942
200;1741127445877
200;1741127445968
200;1741127445980
200;1741127450879
200;1741127450890
200;1741127450961
200;1741127455917
200;1741127455923
200;1741127456000
200;1741127460884
200;1741127460974
200;1741127460984
200;1741127465895
200;1741127465943
200;1741127466030
200;1741127470870
200;1741127470944
200;1741127470953
200;1741127475899
200;1741127475995
200;1741127476015
200;1741127480936
200;1741127480945
200;1741127480995
200;1741127485875
200;1741127485915
200;1741127485928
200;1741127490933
200;1741127490944
200;1741127491001
200;1741127495872
200;1741127495961
200;1741127495971
200;1741127500877
200;1741127500886
200;1741127500989
200;1741127505923
200;1741127505933
200;1741127505959
200;1741127510872
200;1741127510959
200;1741127510966
200;1741127515911
200;1741127515920
200;1741127515954
200;1741127520914
200;1741127520922
200;1741127520934
200;1741127525866
200;1741127525971
200;1741127525981
200;1741127530892
200;1741127530901
200;1741127530919
200;1741127535945
200;1741127535955
200;1741127536111
200;1741127540957
200;1741127540967
200;1741127541007
200;1741127545865
200;1741127545968
200;1741127546003
200;1741127550912
200;1741127550924
200;1741127550930
200;1741127555888
200;1741127555893
200;1741127555926
200;1741127560871
200;1741127560880
200;1741127560973
200;1741127565904
200;1741127565969
200;1741127565975
200;1741127570901
200;1741127570913
200;1741127570992
200;1741127575900
200;1741127575913
200;1741127575995
200;1741127580865
200;1741127580913
200;1741127580920
200;1741127585872
200;1741127585883
200;1741127585953
200;1741127590923
200;1741127590935
200;1741127591010
200;1741127595867
200;1741127595917
200;1741127595924
200;1741127600880
200;1741127600891
200;1741127600976
200;1741127605986
200;1741127605995
200;1741127606146
200;1741127610893
200;1741127610968
200;1741127611029
200;1741127615907
200;1741127615919
200;1741127615927
200;1741127621000
200;1741127621213
200;1741127622894
200;1741127625860
200;1741127625910
200;1741127626012
200;1741127630915
200;1741127630961
200;1741127630968
200;1741127635883
200;1741127635895
200;1741127635922
200;1741127640875
200;1741127640944
200;1741127640949
200;1741127645882
200;1741127645892
200;1741127645977
200;1741127650867
200;1741127650877
200;1741127650954
200;1741127655950
200;1741127655957
200;1741127655999
200;1741127660871
200;1741127660931
200;1741127660939
200;1741127665890
200;1741127665901
200;1741127665976
200;1741127670915
200;1741127671028
200;1741127671046
200;1741127675931
200;1741127675938
200;1741127675967
200;1741127680866
200;1741127680907
200;1741127680917
200;1741127685866
200;1741127685931
200;1741127685939
200;1741127690932
200;1741127690939
200;1741127691083
200;1741127695943
200;1741127695952
200;1741127695969
200;1741127700972
200;1741127700983
200;1741127701023
200;1741127705896
200;1741127705907
200;1741127705945
200;1741127710866
200;1741127710901
200;1741127710908
200;1741127715911
200;1741127715971
200;1741127715977
200;1741127720865
200;1741127720908
200;1741127720917
200;1741127725868
200;1741127725914
200;1741127725923
200;1741127730867
200;1741127730877
200;1741127730917
200;1741127735913
200;1741127736001
200;1741127736091
200;1741127740971
200;1741127740981
200;1741127741056
200;1741127745928
200;1741127745937
200;1741127746093
200;1741127750916
200;1741127750922
200;1741127750990
200;1741127755894
200;1741127755903
200;1741127755933
200;1741127760928
200;1741127760935
200;1741127760941
200;1741127765873
200;1741127765943
200;1741127765951
200;1741127770866
200;1741127770938
200;1741127770944
200;1741127775945
200;1741127775957
200;1741127776110
200;1741127780898
200;1741127780909
200;1741127780939
200;1741127785930
200;1741127785983
200;1741127786071
200;1741127790885
200;1741127790970
200;1741127791047
200;1741127795911
200;1741127795921
200;1741127795929
200;1741127800867
200;1741127800961
200;1741127800967
200;1741127805865
200;1741127805941
200;1741127805949
200;1741127810946
200;1741127810954
200;1741127810968
200;1741127815871
200;1741127815911
200;1741127815922
200;1741127820869
200;1741127820916
200;1741127820922
200;1741127825876
200;1741127825933
200;1741127825963
200;1741127830931
200;1741127830941
200;1741127831000
200;1741127835871
200;1741127835882
200;1741127835905
200;1741127840898
200;1741127840910
200;1741127841136
200;1741127845937
200;1741127845948
200;1741127845961
200;1741127850985
200;1741127850997
200;1741127851055
200;1741127855909
200;1741127855915
200;1741127855920
200;1741127860897
200;1741127860905
200;1741127860985
200;1741127865924
200;1741127865933
200;1741127865987
200;1741127870936
200;1741127870946
200;1741127871003
200;1741127875911
200;1741127875941
200;1741127875946
200;1741127880912
200;1741127880922
200;1741127881036
200;1741127885866
200;1741127885955
200;1741127885966
200;1741127890933
200;1741127890941
200;1741127890957
200;1741127895927
200;1741127895939
200;1741127895956
200;1741127900873
200;1741127900932
200;1741127901093
200;1741127905872
200;1741127905882
200;1741127905929
200;1741127910873
200;1741127910964
200;1741127910976
200;1741127915857
200;1741127915934
200;1741127916031
200;1741127920875
200;1741127920935
200;1741127920947
200;1741127925895
200;1741127925905
200;1741127925985
200;1741127930868
200;1741127930918
200;1741127930933
200;1741127935868
200;1741127935908
200;1741127935919
200;1741127940868
200;1741127940927
200;1741127940935
200;1741127945878
200;1741127945911
200;1741127945992
200;1741127950881
200;1741127950925
200;1741127950964
200;1741127955867
200;1741127955951
200;1741127955961
200;1741127960865
200;1741127960940
200;1741127960949
200;1741127965870
200;1741127965963
200;1741127965973
200;1741127970941
200;1741127970955
200;1741127973761
200;1741127975890
200;1741127975901
200;1741127975980
200;1741127980940
200;1741127980951
200;1741127981023
200;1741127985896
200;1741127985906
200;1741127985984
200;1741127990936
200;1741127990945
200;1741127990997
200;1741127995888
200;1741127995899
200;1741127996036
200;1741128000871
200;1741128000936
200;1741128000946
200;1741128005958
200;1741128005968
200;1741128007906
200;1741128010927
200;1741128010937
200;1741128010992
200;1741128015901
200;1741128015971
200;1741128015977
200;1741128020871
200;1741128020955
200;1741128020964
200;1741128025911
200;1741128025919
200;1741128025963
200;1741128030866
200;1741128030941
200;1741128030949
200;1741128035892
200;1741128035904
200;1741128035991
200;1741128040875
200;1741128040934
200;1741128040944
200;1741128045872
200;1741128045915
200;1741128045924
200;1741128050895
200;1741128050905
200;1741128050922
200;1741128055899
200;1741128055905
200;1741128055988
200;1741128060961
200;1741128060969
200;1741128061043
200;1741128065962
200;1741128065974
200;1741128066041
200;1741128070899
200;1741128070908
200;1741128073858
200;1741128075912
200;1741128075979
200;1741128076203
200;1741128080916
200;1741128080927
200;1741128080938
200;1741128085866
200;1741128085923
200;1741128085932
200;1741128090902
200;1741128090911
200;1741128090917
200;1741128097014
200;1741128097100
200;1741128097108
200;1741128100910
200;1741128100917
200;1741128100922
200;1741128105902
200;1741128105913
200;1741128106003
200;1741128110912
200;1741128110924
200;1741128110932
200;1741128115874
200;1741128115981
200;1741128115990
200;1741128120909
200;1741128120918
200;1741128120946
200;1741128125871
200;1741128125881
200;1741128125948
200;1741128130865
200;1741128130946
200;1741128130955
200;1741128135890
200;1741128135904
200;1741128136144
200;1741128140891
200;1741128140944
200;1741128141147
200;1741128145935
200;1741128145945
200;1741128145973
200;1741128150890
200;1741128150901
200;1741128150952
200;1741128155996
200;1741128156003
200;1741128156099
200;1741128160915
200;1741128160922
200;1741128160929
200;1741128165897
200;1741128165907
200;1741128165926
200;1741128170955
200;1741128170963
200;1741128171192
200;1741128175922
200;1741128175930
200;1741128175986
200;1741128180895
200;1741128180971
200;1741128181073
200;1741128185917
200;1741128185925
200;1741128186044
200;1741128190912
200;1741128190922
200;1741128191019
200;1741128195868
200;1741128195905
200;1741128198626
200;1741128200866
200;1741128200913
200;1741128200920
200;1741128206016
200;1741128206025
200;1741128208143
200;1741128210939
200;1741128210953
200;1741128210985
200;1741128215923
200;1741128215932
200;1741128215938
200;1741128220866
200;1741128220912
200;1741128220922
200;1741128225871
200;1741128225880
200;1741128225962
200;1741128230866
200;1741128230961
200;1741128230969
200;1741128235903
200;1741128235915
200;1741128235962
200;1741128240875
200;1741128240964
200;1741128240974
200;1741128245871
200;1741128245915
200;1741128245925
200;1741128250921
200;1741128251034
200;1741128251164
200;1741128255876
200;1741128255929
200;1741128255937
200;1741128260896
200;1741128260908
200;1741128261180
200;1741128265866
200;1741128265877
200;1741128266145
200;1741128270876
200;1741128270914
200;1741128270921
200;1741128275909
200;1741128275916
200;1741128275974
200;1741128280865
200;1741128280992
200;1741128281001
200;1741128285874
200;1741128285885
200;1741128285935
200;1741128290930
200;1741128290973
200;1741128293849
200;1741128295877
200;1741128295919
200;1741128295929
200;1741128300900
200;1741128300908
200;1741128300984
200;1741128305970
200;1741128305977
200;1741128305982
200;1741128310901
200;1741128311134
200;1741128311230
200;1741128315940
200;1741128315947
200;1741128316032
200;1741128320872
200;1741128320947
200;1741128320954
200;1741128325951
200;1741128325959
200;1741128328896
200;1741128330928
200;1741128330944
200;1741128330950
200;1741128335916
200;1741128335944
200;1741128335955
200;1741128340866
200;1741128340979
200;1741128340990
200;1741128345895
200;1741128345903
200;1741128345954
200;1741128350867
200;1741128350948
200;1741128350954
200;1741128355927
200;1741128355934
200;1741128356004
200;1741128360888
200;1741128360897
200;1741128360941
200;1741128365914
200;1741128365922
200;1741128366041
200;1741128370907
200;1741128370918
200;1741128370925
200;1741128375875
200;1741128375933
200;1741128375947
200;1741128380866
200;1741128380971
200;1741128380979
200;1741128385918
200;1741128385929
200;1741128385937
200;1741128390908
200;1741128390921
200;1741128390978
200;1741128395885
200;1741128395972
200;1741128396161
200;1741128400882
200;1741128400997
200;1741128401025
200;1741128405912
200;1741128405922
200;1741128405999
200;1741128410927
200;1741128410933
200;1741128412874
200;1741128415912
200;1741128415921
200;1741128415927
200;1741128420875
200;1741128420928
200;1741128420933
200;1741128425932
200;1741128425940
200;1741128425975
200;1741128430927
200;1741128430937
200;1741128430991
200;1741128435877
200;1741128435964
200;1741128435975
200;1741128440910
200;1741128440922
200;1741128441041
200;1741128445891
200;1741128445900
200;1741128446001
200;1741128450912
200;1741128450974
200;1741128451058
200;1741128455949
200;1741128455955
200;1741128455997
200;1741128460877
200;1741128460925
200;1741128460935
200;1741128465866
200;1741128465913
200;1741128465920
200;1741128470867
200;1741128470907
200;1741128470919
200;1741128475908
200;1741128475926
200;1741128476065
200;1741128480888
200;1741128480898
200;1741128480992
200;1741128485866
200;1741128485907
200;1741128485918
200;1741128490885
200;1741128490940
200;1741128490950
200;1741128496026
200;1741128496085
200;1741128496164
200;1741128500912
200;1741128500921
200;1741128500928
200;1741128505929
200;1741128505936
200;1741128506051
200;1741128510953
200;1741128510963
200;1741128510995
200;1741128515919
200;1741128515932
200;1741128515941
200;1741128520881
200;1741128520961
200;1741128520970
200;1741128525866
200;1741128525930
200;1741128525939
200;1741128530982
200;1741128530992
200;1741128531004
200;1741128535929
200;1741128535940
200;1741128536025
200;1741128540920
200;1741128540928
200;1741128540988
200;1741128545959
200;1741128545970
200;1741128545976
200;1741128550866
200;1741128550961
200;1741128550969
200;1741128555966
200;1741128555974
200;1741128555984
200;1741128560940
200;1741128560946
200;1741128561034
200;1741128565928
200;1741128565968
200;1741128566075
200;1741128570900
200;1741128570909
200;1741128571102
200;1741128575869
200;1741128575911
200;1741128575921
200;1741128580865
200;1741128580994
200;1741128581001
200;1741128585902
200;1741128585991
200;1741128586065
200;1741128590870
200;1741128590956
200;1741128590967
200;1741128595866
200;1741128595946
200;1741128595952
200;1741128600908
200;1741128600937
200;1741128600949
200;1741128605925
200;1741128605929
200;1741128605993
200;1741128610912
200;1741128610941
200;1741128610947
200;1741128615934
200;1741128615942
200;1741128615973
200;1741128620914
200;1741128620922
200;1741128621027
200;1741128626052
200;1741128626060
200;1741128628466
200;1741128630918
200;1741128630935
200;1741128633233
200;1741128635871
200;1741128635951
200;1741128635962
200;1741128640904
200;1741128640916
200;1741128640951
200;1741128645875
200;1741128645922
200;1741128645932
200;1741128650908
200;1741128650919
200;1741128650927
200;1741128655908
200;1741128655917
200;1741128655964
200;1741128660866
200;1741128660907
200;1741128660918
200;1741128665920
200;1741128665929
200;1741128665935
200;1741128670874
200;1741128670923
200;1741128670931
200;1741128675896
200;1741128675907
200;1741128675935
200;1741128680874
200;1741128681004
200;1741128681017
200;1741128685877
200;1741128685963
200;1741128685975
200;1741128690927
200;1741128690964
200;1741128693429
200;1741128695868
200;1741128695876
200;1741128696062
200;1741128700920
200;1741128700958
200;1741128700964
200;1741128705879
200;1741128705959
200;1741128705966
200;1741128710873
200;1741128710926
200;1741128710943
200;1741128715913
200;1741128715961
200;1741128715971
200;1741128720901
200;1741128720907
200;1741128721025
200;1741128725871
200;1741128725956
200;1741128725965
200;1741128730887
200;1741128730901
200;1741128730987
200;1741128735926
200;1741128735934
200;1741128735942
200;1741128740875
200;1741128740919
200;1741128740928
200;1741128745862
200;1741128746078
200;1741128746121
200;1741128750900
200;1741128750938
200;1741128750975
200;1741128755904
200;1741128755909
200;1741128755921
200;1741128760919
200;1741128760927
200;1741128760936
200;1741128765869
200;1741128765912
200;1741128765923
200;1741128770865
200;1741128770912
200;1741128770995
200;1741128775899
200;1741128775911
200;1741128776016
200;1741128780871
200;1741128780916
200;1741128780926
200;1741128785871
200;1741128785882
200;1741128785979
200;1741128790949
200;1741128790960
200;1741128791036
200;1741128795886
200;1741128795949
200;1741128795957
200;1741128800931
200;1741128800944
200;1741128800955
200;1741128805965
200;1741128805974
200;1741128806100
200;1741128810866
200;1741128810958
200;1741128810965
200;1741128815896
200;1741128815907
200;1741128815954
200;1741128820870
200;1741128820967
200;1741128820972
200;1741128826014
200;1741128826206
200;1741128828194
200;1741128830968
200;1741128830976
200;1741128830994
200;1741128835941
200;1741128835949
200;1741128836041
200;1741128840886
200;1741128840983
200;1741128841062
200;1741128845942
200;1741128845949
200;1741128846006
200;1741128851004
200;1741128851012
200;1741128853722
200;1741128855943
200;1741128855955
200;1741128855963
200;1741128860930
200;1741128860939
200;1741128860976
200;1741128865948
200;1741128865959
200;1741128866016
200;1741128870878
200;1741128870920
200;1741128870927
200;1741128875866
200;1741128875908
200;1741128875919
200;1741128880866
200;1741128880911
200;1741128880919
200;1741128885865
200;1741128885914
200;1741128885924
200;1741128890929
200;1741128890939
200;1741128890954
200;1741128895932
200;1741128895942
200;1741128895951
200;1741128900866
200;1741128900913
200;1741128900919
200;1741128905920
200;1741128905931
200;1741128905970
200;1741128910923
200;1741128910958
200;1741128911013
200;1741128915919
200;1741128915927
200;1741128915932
200;1741128920874
200;1741128920962
200;1741128920967
200;1741128925880
200;1741128926012
200;1741128926019
200;1741128930871
200;1741128930882
200;1741128930956
200;1741128936009
200;1741128936018
200;1741128937872
200;1741128940931
200;1741128940938
200;1741128941019
200;1741128945915
200;1741128945963
200;1741128945995
200;1741128950887
200;1741128950898
200;1741128950992
200;1741128955877
200;1741128955906
200;1741128955917
200;1741128960928
200;1741128960938
200;1741128960944
200;1741128965893
200;1741128965917
200;1741128965945
200;1741128970891
200;1741128970903
200;1741128971106
200;1741128975868
200;1741128975927
200;1741128975935
200;1741128980907
200;1741128980919
200;1741128980989
200;1741128985874
200;1741128985922
200;1741128985930
200;1741128990861
200;1741128990917
200;1741128991005
200;1741128995874
200;1741128995884
200;1741128996016
200;1741129000866
200;1741129000908
200;1741129000917
200;1741129005923
200;1741129005935
200;1741129005992
200;1741129010917
200;1741129010923
200;1741129010945
200;1741129015863
200;1741129015945
200;1741129016006
200;1741129020887
200;1741129020897
200;1741129020909
200;1741129025964
200;1741129025972
200;1741129026027
200;1741129030965
200;1741129030972
200;1741129031074
200;1741129035938
200;1741129035967
200;1741129038830
200;1741129040933
200;1741129041120
200;1741129043547
200;1741129045870
200;1741129045913
200;1741129045923
200;1741129050974
200;1741129050982
200;1741129050991
200;1741129055873
200;1741129055943
200;1741129055956
200;1741129060902
200;1741129060912
200;1741129061009
200;1741129065938
200;1741129065949
200;1741129066025
200;1741129070871
200;1741129070995
200;1741129071007
200;1741129075865
200;1741129075927
200;1741129076002
200;1741129080868
200;1741129080921
200;1741129080960
200;1741129085909
200;1741129085920
200;1741129085946
200;1741129090972
200;1741129090984
200;1741129091046
200;1741129095905
200;1741129095937
200;1741129096018
200;1741129100932
200;1741129100942
200;1741129100975
200;1741129105909
200;1741129105919
200;1741129105952
200;1741129110873
200;1741129110933
200;1741129110943
200;1741129115877
200;1741129115951
200;1741129115957
200;1741129120957
200;1741129120966
200;1741129125865
200;1741129125907
200;1741129125915
200;1741129130907
200;1741129130922
200;1741129130929
200;1741129135876
200;1741129135920
200;1741129135930
200;1741129140871
200;1741129140959
200;1741129140969
200;1741129145943
200;1741129145953
200;1741129146030
200;1741129150941
200;1741129150947
200;1741129151175
200;1741129155870
200;1741129155952
200;1741129155961
200;1741129160907
200;1741129160918
200;1741129161008
200;1741129165908
200;1741129165918
200;1741129165958
200;1741129170867
200;1741129170917
200;1741129170924
200;1741129175865
200;1741129175908
200;1741129175918
200;1741129180938
200;1741129180947
200;1741129180954
200;1741129185896
200;1741129188370
200;1741129188795
200;1741129190873
200;1741129190976
200;1741129191002
200;1741129195871
200;1741129195934
200;1741129195942
200;1741129200931
200;1741129200937
200;1741129201013
200;1741129205931
200;1741129205939
200;1741129206087
200;1741129210894
200;1741129210903
200;1741129210945
200;1741129215951
200;1741129215958
200;1741129215963
200;1741129220983
200;1741129221028
200;1741129221081
200;1741129225921
200;1741129225925
200;1741129225978
200;1741129230895
200;1741129230903
200;1741129231022
200;1741129235864
200;1741129236002
200;1741129236012
200;1741129240912
200;1741129240923
200;1741129240991
200;1741129245907
200;1741129245925
200;1741129245963
200;1741129250912
200;1741129250919
200;1741129250980
200;1741129255891
200;1741129255901
200;1741129255950
200;1741129260913
200;1741129260965
200;1741129261009
200;1741129265908
200;1741129265918
200;1741129265983
200;1741129270955
200;1741129270994
200;1741129271021
200;1741129275865
200;1741129275906
200;1741129275914
200;1741129280872
200;1741129280932
200;1741129280941
200;1741129285868
200;1741129285987
200;1741129286111
200;1741129290916
200;1741129290924
200;1741129291000
200;1741129295944
200;1741129295952
200;1741129295987
200;1741129300892
200;1741129300932
200;1741129300939
200;1741129305865
200;1741129305920
200;1741129305927
200;1741129310891
200;1741129310898
200;1741129310916
200;1741129315919
200;1741129315941
200;1741129315947
200;1741129320911
200;1741129320918
200;1741129320988
200;1741129325875
200;1741129325893
200;1741129326059
200;1741129330931
200;1741129330937
200;1741129331026
200;1741129335925
200;1741129335934
200;1741129335969
200;1741129340870
200;1741129340903
200;1741129340938
200;1741129345907
200;1741129345917
200;1741129348476
200;1741129350875
200;1741129350956
200;1741129350965
200;1741129355898
200;1741129355904
200;1741129355936
200;1741129360898
200;1741129360909
200;1741129360938
200;1741129365911
200;1741129365919
200;1741129365925
200;1741129370942
200;1741129370947
200;1741129371108
200;1741129375893
200;1741129375902
200;1741129376066
200;1741129380915
200;1741129380923
200;1741129380929
200;1741129385915
200;1741129385956
200;1741129385962
200;1741129390866
200;1741129390955
200;1741129390965
200;1741129395865
200;1741129395954
200;1741129395962
200;1741129400862
200;1741129400916
200;1741129405975
200;1741129405982
200;1741129406037
200;1741129410889
200;1741129410942
200;1741129410949
200;1741129415876
200;1741129415939
200;1741129415949
200;1741129420981
200;1741129421031
200;1741129421077
200;1741129425911
200;1741129425922
200;1741129425928
200;1741129430892
200;1741129430903
200;1741129430977
200;1741129435934
200;1741129435941
200;1741129435971
200;1741129440915
200;1741129440924
200;1741129440930
200;1741129445919
200;1741129445964
200;1741129445971
200;1741129450931
200;1741129450940
200;1741129451038
200;1741129455907
200;1741129455918
200;1741129455936
200;1741129460891
200;1741129460901
200;1741129460984
200;1741129465914
200;1741129465919
200;1741129465927
200;1741129471440
200;1741129473666
200;1741129474009
200;1741129475885
200;1741129475953
200;1741129475964
200;1741129480928
200;1741129480935
200;1741129480972
200;1741129485867
200;1741129485915
200;1741129485927
200;1741129490916
200;1741129490925
200;1741129491173
200;1741129495923
200;1741129495933
200;1741129496003
200;1741129500876
200;1741129500919
200;1741129500928
200;1741129505865
200;1741129505941
200;1741129505947
200;1741129510996
200;1741129511006
200;1741129511029
200;1741129515890
200;1741129515899
200;1741129516079
200;1741129520966
200;1741129520973
200;1741129521039
200;1741129525975
200;1741129525984
200;1741129526062
200;1741129530865
200;1741129530927
200;1741129530938
200;1741129535943
200;1741129535952
200;1741129535965
200;1741129540953
200;1741129543480
200;1741129543584
200;1741129545912
200;1741129545923
200;1741129545931
200;1741129550907
200;1741129550976
200;1741129550985
200;1741129555923
200;1741129555934
200;1741129555998
200;1741129560895
200;1741129560906
200;1741129560917
200;1741129565891
200;1741129565903
200;1741129565939
200;1741129570906
200;1741129570920
200;1741129570997
200;1741129575871
200;1741129575918
200;1741129575928
200;1741129580905
200;1741129580947
200;1741129580978
200;1741129585976
200;1741129585987
200;1741129586036
200;1741129590916
200;1741129590926
200;1741129590952
200;1741129595866
200;1741129595943
200;1741129595950
200;1741129600866
200;1741129600928
200;1741129600938
200;1741129605865
200;1741129605913
200;1741129605919
200;1741129610867
200;1741129610918
200;1741129610924
200;1741129615867
200;1741129615961
200;1741129615968
200;1741129620915
200;1741129620924
200;1741129620931
200;1741129625908
200;1741129625922
200;1741129625932
200;1741129630875
200;1741129630914
200;1741129630947
200;1741129635900
200;1741129635918
200;1741129635987
200;1741129640919
200;1741129640931
200;1741129641161
200;1741129645919
200;1741129645929
200;1741129645987
200;1741129650943
200;1741129650955
200;1741129650986
200;1741129655876
200;1741129655938
200;1741129655945
200;1741129660880
200;1741129660898
200;1741129660931
200;1741129665904
200;1741129665915
200;1741129665931
200;1741129670868
200;1741129670963
200;1741129670974
200;1741129675878
200;1741129675908
200;1741129675915
200;1741129680956
200;1741129680965
200;1741129681156
200;1741129685866
200;1741129685924
200;1741129685932
200;1741129690875
200;1741129691158
200;1741129693459
200;1741129695974
200;1741129695981
200;1741129696019
200;1741129700910
200;1741129700921
200;1741129700929
200;1741129705873
200;1741129705884
200;1741129705947
200;1741129710907
200;1741129710916
200;1741129710929
200;1741129715886
200;1741129715909
200;1741129716098
200;1741129720922
200;1741129720929
200;1741129720963
200;1741129725873
200;1741129725884
200;1741129725932
200;1741129730869
200;1741129730911
200;1741129730920
200;1741129735866
200;1741129735913
200;1741129735921
200;1741129740893
200;1741129740947
200;1741129740997
200;1741129745908
200;1741129745920
200;1741129746039
200;1741129750867
200;1741129750914
200;1741129750926
200;1741129755936
200;1741129755944
200;1741129756186
200;1741129760892
200;1741129760935
200;1741129760944
200;1741129765892
200;1741129765902
200;1741129766032
200;1741129770904
200;1741129770954
200;1741129770988
200;1741129775865
200;1741129775909
200;1741129775918
200;1741129780911
200;1741129780922
200;1741129781021
200;1741129785908
200;1741129785921
200;1741129785929
200;1741129790967
200;1741129790980
200;1741129791019
200;1741129795908
200;1741129795917
200;1741129795925
200;1741129800891
200;1741129800903
200;1741129801001
200;1741129805888
200;1741129805951
200;1741129805957
200;1741129810958
200;1741129810964
200;1741129811060
200;1741129815920
200;1741129815927
200;1741129815935
200;1741129820948
200;1741129820959
200;1741129820997
200;1741129825931
200;1741129825939
200;1741129825953
200;1741129830895
200;1741129830904
200;1741129831021
200;1741129835870
200;1741129835911
200;1741129835922
200;1741129840870
200;1741129840931
200;1741129840942
200;1741129845907
200;1741129845939
200;1741129845949
200;1741129850912
200;1741129850925
200;1741129850939
200;1741129855899
200;1741129855906
200;1741129855958
200;1741129860882
200;1741129860931
200;1741129860943
200;1741129866024
200;1741129866051
200;1741129866133
200;1741129870908
200;1741129870918
200;1741129871029
200;1741129875915
200;1741129875926
200;1741129875933
200;1741129880939
200;1741129880946
200;1741129880952
200;1741129885921
200;1741129885930
200;1741129886008
200;1741129890880
200;1741129890891
200;1741129891050
200;1741129895907
200;1741129895918
200;1741129895925
200;1741129900929
200;1741129900938
200;1741129900959
200;1741129905910
200;1741129905922
200;1741129905947
200;1741129910899
200;1741129910952
200;1741129910998
200;1741129915867
200;1741129915935
200;1741129915943
200;1741129920883
200;1741129920929
200;1741129920993
200;1741129925874
200;1741129925970
200;1741129925977
200;1741129930971
200;1741129930980
200;1741129930986
200;1741129935865
200;1741129935939
200;1741129935947
200;1741129940893
200;1741129940936
200;1741129940947
200;1741129945877
200;1741129945952
200;1741129945961
200;1741129950866
200;1741129950900
200;1741129950910
200;1741129955917
200;1741129955923
200;1741129955996
200;1741129960917
200;1741129960925
200;1741129961058
200;1741129965912
200;1741129965925
200;1741129967992
200;1741129970865
200;1741129970919
200;1741129970926
200;1741129975909
200;1741129975920
200;1741129975928
200;1741129980894
200;1741129980906
200;1741129981002
200;1741129985972
200;1741129985984
200;1741129986083
200;1741129990959
200;1741129990969
200;1741129991053
200;1741129995874
200;1741129995942
200;1741129995956
200;1741130000916
200;1741130000926
200;1741130000950
200;1741130005921
200;1741130005945
200;1741130008557
200;1741130010927
200;1741130010939
200;1741130011037
200;1741130015917
200;1741130015929
200;1741130016016
200;1741130021058
200;1741130021166
200;1741130023124
200;1741130025985
200;1741130025993
200;1741130026071
200;1741130030880
200;1741130030954
200;1741130030962
200;1741130035985
200;1741130035994
200;1741130038485
200;1741130040885
200;1741130040909
200;1741130041182
200;1741130045919
200;1741130045927
200;1741130045942
200;1741130050869
200;1741130050945
200;1741130050951
200;1741130055972
200;1741130055981
200;1741130055988
200;1741130060924
200;1741130060935
200;1741130060941
200;1741130065927
200;1741130065935
200;1741130065969
200;1741130070925
200;1741130070980
200;1741130071163
200;1741130075866
200;1741130075903
200;1741130078541
200;1741130080932
200;1741130080943
200;1741130080953
200;1741130085983
200;1741130085993
200;1741130086006
200;1741130090909
200;1741130090921
200;1741130091028
200;1741130095865
200;1741130095920
200;1741130095928
200;1741130100907
200;1741130100917
200;1741130100923
200;1741130105923
200;1741130105933
200;1741130105941
200;1741130110923
200;1741130110933
200;1741130111022
200;1741130115912
200;1741130115921
200;1741130115929
200;1741130120878
200;1741130120963
200;1741130120998
200;1741130125915
200;1741130125924
200;1741130125935
200;1741130130921
200;1741130130930
200;1741130130936
200;1741130135865
200;1741130135907
200;1741130135916
200;1741130140867
200;1741130140920
200;1741130140929
200;1741130145928
200;1741130145939
200;1741130145972
200;1741130150915
200;1741130150924
200;1741130151051
200;1741130155960
200;1741130156015
200;1741130158771
200;1741130160871
200;1741130160923
200;1741130160931
200;1741130165897
200;1741130165909
200;1741130165964
200;1741130170886
200;1741130170898
200;1741130171242
200;1741130175862
200;1741130178115
200;1741130178208
200;1741130180968
200;1741130180979
200;1741130181181
200;1741130185942
200;1741130185953
200;1741130188096
200;1741130190903
200;1741130190955
200;1741130191121
200;1741130195867
200;1741130195961
200;1741130196000
200;1741130200919
200;1741130200929
200;1741130201179
200;1741130205915
200;1741130205925
200;1741130206133
200;1741130210940
200;1741130210946
200;1741130211130
200;1741130215901
200;1741130215908
200;1741130218255
200;1741130221030
200;1741130221037
200;1741130221149
200;1741130225868
200;1741130225962
200;1741130225970
200;1741130230931
200;1741130230941
200;1741130230975
200;1741130235868
200;1741130235935
200;1741130236029
200;1741130240912
200;1741130240924
200;1741130241008
200;1741130245865
200;1741130245907
200;1741130245917
200;1741130250919
200;1741130250929
200;1741130250980
200;1741130255878
200;1741130256029
200;1741130258533
200;1741130260872
200;1741130260983
200;1741130261039
200;1741130265887
200;1741130265900
200;1741130265969
200;1741130270870
200;1741130270882
200;1741130270963
200;1741130275860
200;1741130276023
200;1741130276090
200;1741130280896
200;1741130280908
200;1741130281024
200;1741130285885
200;1741130288698
200;1741130290865
200;1741130290915
200;1741130290923
200;1741130295866
200;1741130295959
200;1741130295966
200;1741130300920
200;1741130300930
200;1741130301023
200;1741130305961
200;1741130305967
200;1741130305989
200;1741130310938
200;1741130310948
200;1741130310984
200;1741130315941
200;1741130315955
200;1741130315986
200;1741130320908
200;1741130320916
200;1741130320922
200;1741130325963
200;1741130325970
200;1741130326038
200;1741130330881
200;1741130330923
200;1741130330935
200;1741130335892
200;1741130335903
200;1741130335946
200;1741130340935
200;1741130340948
200;1741130341039
200;1741130345875
200;1741130345951
200;1741130345962
200;1741130350911
200;1741130350921
200;1741130350927
200;1741130355878
200;1741130355888
200;1741130355920
200;1741130360867
200;1741130360908
200;1741130360919
200;1741130365891
200;1741130365902
200;1741130365935
200;1741130370917
200;1741130370924
200;1741130371046
200;1741130375947
200;1741130375958
200;1741130375966
200;1741130380888
200;1741130380899
200;1741130381002
200;1741130385894
200;1741130385904
200;1741130385965
200;1741130390956
200;1741130390961
200;1741130391062
200;1741130395923
200;1741130395933
200;1741130395949
200;1741130400905
200;1741130400982
200;1741130401119
200;1741130405888
200;1741130405897
200;1741130405944
200;1741130410891
200;1741130410934
200;1741130410945
200;1741130415868
200;1741130415955
200;1741130415968
200;1741130420972
200;1741130420981
200;1741130421010
200;1741130425924
200;1741130425935
200;1741130426024
200;1741130430868
200;1741130430880
200;1741130430927
200;1741130435877
200;1741130435944
200;1741130435955
200;1741130440895
200;1741130440907
200;1741130443511
200;1741130445909
200;1741130445919
200;1741130445972
200;1741130450899
200;1741130450910
200;1741130450997
200;1741130455870
200;1741130455962
200;1741130455971
200;1741130460922
200;1741130460929
200;1741130460936
200;1741130465885
200;1741130465894
200;1741130465954
200;1741130470883
200;1741130470895
200;1741130471004
200;1741130475924
200;1741130475933
200;1741130475940
200;1741130480865
200;1741130480939
200;1741130480947
200;1741130485911
200;1741130485919
200;1741130485925
200;1741130490908
200;1741130490917
200;1741130490925
200;1741130495870
200;1741130495911
200;1741130495920
200;1741130500917
200;1741130503172
200;1741130503260
200;1741130505865
200;1741130505895
200;1741130505976
200;1741130510890
200;1741130510928
200;1741130510935
200;1741130515967
200;1741130515975
200;1741130516033
200;1741130520892
200;1741130520902
200;1741130520929
200;1741130525868
200;1741130525879
200;1741130525940
200;1741130530866
200;1741130530915
200;1741130530925
200;1741130535915
200;1741130535923
200;1741130535950
200;1741130540934
200;1741130540946
200;1741130540952
200;1741130545943
200;1741130545956
200;1741130546077
200;1741130550896
200;1741130550921
200;1741130550981
200;1741130555900
200;1741130555904
200;1741130558459
200;1741130561024
200;1741130561037
200;1741130561048
200;1741130565878
200;1741130565916
200;1741130565929
200;1741130570895
200;1741130570907
200;1741130571048
200;1741130575898
200;1741130575910
200;1741130575976
200;1741130580889
200;1741130580969
200;1741130580982
200;1741130585865
200;1741130585925
200;1741130585932
200;1741130590885
200;1741130590919
200;1741130590961
200;1741130595917
200;1741130595925
200;1741130595932
200;1741130600867
200;1741130600925
200;1741130600931
200;1741130606010
200;1741130606024
200;1741130606066
200;1741130610910
200;1741130610943
200;1741130611032
200;1741130615912
200;1741130615923
200;1741130615964
200;1741130620901
200;1741130620925
200;1741130623615
200;1741130625881
200;1741130625893
200;1741130625924
200;1741130630893
200;1741130630903
200;1741130630985
200;1741130635908
200;1741130635918
200;1741130635974
200;1741130640963
200;1741130640973
200;1741130640987
200;1741130645865
200;1741130645927
200;1741130645937
200;1741130650873
200;1741130650936
200;1741130650944
200;1741130655886
200;1741130655900
200;1741130655976
200;1741130660948
200;1741130663481
200;1741130663624
200;1741130665867
200;1741130665912
200;1741130665921
200;1741130670923
200;1741130670932
200;1741130670939
200;1741130675868
200;1741130675976
200;1741130675985
200;1741130680973
200;1741130680980
200;1741130681004
200;1741130685911
200;1741130685943
200;1741130685951
200;1741130690967
200;1741130690979
200;1741130691026
200;1741130695888
200;1741130695899
200;1741130695970
200;1741130700942
200;1741130700948
200;1741130701092
200;1741130705939
200;1741130705949
200;1741130705959
200;1741130710867
200;1741130710956
200;1741130710966
200;1741130715878
200;1741130715924
200;1741130715930
200;1741130720962
200;1741130720969
200;1741130721032
200;1741130725867
200;1741130725927
200;1741130725938
200;1741130730940
200;1741130730952
200;1741130731058
200;1741130735873
200;1741130735884
200;1741130735976
200;1741130740875
200;1741130740971
200;1741130740978
200;1741130745982
200;1741130746020
200;1741130748742
200;1741130750882
200;1741130750942
200;1741130750970
200;1741130755946
200;1741130755958
200;1741130755966
200;1741130761016
200;1741130761025
200;1741130761085
200;1741130765895
200;1741130765904
200;1741130765941
200;1741130770947
200;1741130770958
200;1741130770967
200;1741130775877
200;1741130775968
200;1741130775981
200;1741130780947
200;1741130780958
200;1741130780981
200;1741130785895
200;1741130785906
200;1741130785919
200;1741130790916
200;1741130790925
200;1741130790971
200;1741130795901
200;1741130795933
200;1741130796044
200;1741130800937
200;1741130800947
200;1741130801153
200;1741130805867
200;1741130805903
200;1741130805928
200;1741130810908
200;1741130810921
200;1741130810929
200;1741130815865
200;1741130815897
200;1741130815931
200;1741130820886
200;1741130820898
200;1741130820967
200;1741130825867
200;1741130825935
200;1741130825944
200;1741130830873
200;1741130830921
200;1741130830996
200;1741130835911
200;1741130835919
200;1741130835933
200;1741130840875
200;1741130840983
200;1741130840993
200;1741130845912
200;1741130845940
200;1741130845948
200;1741130850923
200;1741130850932
200;1741130851139
200;1741130855910
200;1741130855917
200;1741130856004
200;1741130860866
200;1741130860932
200;1741130860942
200;1741130865878
200;1741130865889
200;1741130865967
200;1741130870889
200;1741130870917
200;1741130870923
200;1741130875871
200;1741130875922
200;1741130875934
200;1741130880918
200;1741130880928
200;1741130880934
200;1741130885968
200;1741130885980
200;1741130886008
200;1741130890912
200;1741130890924
200;1741130890933
200;1741130895883
200;1741130895983
200;1741130895994
200;1741130900866
200;1741130900927
200;1741130900935
200;1741130905911
200;1741130905922
200;1741130906088
200;1741130910867
200;1741130910927
200;1741130910938
200;1741130915890
200;1741130915951
200;1741130915961
200;1741130920923
200;1741130920929
200;1741130923320
200;1741130925886
200;1741130925898
200;1741130925931
200;1741130930891
200;1741130930903
200;1741130930951
200;1741130935883
200;1741130935932
200;1741130935939
200;1741130940875
200;1741130940968
200;1741130940981
200;1741130945872
200;1741130945917
200;1741130945930
200;1741130950927
200;1741130950940
200;1741130951054
200;1741130955933
200;1741130956195
200;1741130958456
200;1741130960963
200;1741130960970
200;1741130961052
200;1741130965955
200;1741130965996
200;1741130966008
200;1741130970868
200;1741130970962
200;1741130970970
200;1741130975908
200;1741130975916
200;1741130975929
200;1741130980909
200;1741130980921
200;1741130980988
200;1741130985919
200;1741130985927
200;1741130985965
200;1741130990900
200;1741130990910
200;1741130990997
200;1741130995896
200;1741130995907
200;1741130995932
200;1741131000893
200;1741131000928
200;1741131000993
200;1741131005963
200;1741131005971
200;1741131006001
200;1741131010912
200;1741131010919
200;1741131010927
200;1741131015874
200;1741131015965
200;1741131015970
200;1741131020894
200;1741131020903
200;1741131020963
200;1741131025866
200;1741131025924
200;1741131025932
200;1741131030952
200;1741131030964
200;1741131030972
200;1741131035903
200;1741131035937
200;1741131038676
200;1741131040911
200;1741131040922
200;1741131040930
200;1741131045884
200;1741131045898
200;1741131046070
200;1741131050927
200;1741131050935
200;1741131052873
200;1741131055959
200;1741131055966
200;1741131055993
200;1741131060887
200;1741131060897
200;1741131060951
200;1741131065871
200;1741131065922
200;1741131065928
200;1741131070904
200;1741131070979
200;1741131071104
200;1741131075867
200;1741131075898
200;1741131075910
200;1741131080866
200;1741131080982
200;1741131080989
200;1741131085909
200;1741131085922
200;1741131085995
200;1741131090937
200;1741131090943
200;1741131090992
200;1741131095919
200;1741131095928
200;1741131095997
200;1741131100865
200;1741131100928
200;1741131100936
200;1741131105892
200;1741131105905
200;1741131105982
200;1741131110904
200;1741131110917
200;1741131110992
200;1741131115899
200;1741131115910
200;1741131118316
200;1741131120904
200;1741131120916
200;1741131121084
200;1741131125939
200;1741131125949
200;1741131128553
200;1741131130949
200;1741131131093
200;1741131133229
200;1741131135882
200;1741131135944
200;1741131135951
200;1741131140947
200;1741131140953
200;1741131140986
200;1741131145904
200;1741131145914
200;1741131145973
200;1741131150954
200;1741131150964
200;1741131150997
200;1741131155894
200;1741131155900
200;1741131156023
200;1741131160872
200;1741131160959
200;1741131160970
200;1741131165891
200;1741131165900
200;1741131165942
200;1741131170866
200;1741131170914
200;1741131170922
200;1741131175866
200;1741131175934
200;1741131175944
200;1741131180943
200;1741131180953
200;1741131181025
200;1741131185917
200;1741131185941
200;1741131185948
200;1741131190870
200;1741131190948
200;1741131190956
200;1741131195920
200;1741131195965
200;1741131195973
200;1741131200907
200;1741131200919
200;1741131200927
200;1741131205915
200;1741131205922
200;1741131206042
200;1741131210915
200;1741131210925
200;1741131210970
200;1741131215963
200;1741131215971
200;1741131216053
200;1741131220895
200;1741131221005
200;1741131222883
200;1741131225867
200;1741131225960
200;1741131225971
200;1741131230867
200;1741131230939
200;1741131230947
200;1741131235911
200;1741131235920
200;1741131235927
200;1741131240944
200;1741131240955
200;1741131240963
200;1741131245971
200;1741131245984
200;1741131246043
200;1741131250958
200;1741131250963
200;1741131251043
200;1741131255916
200;1741131255930
200;1741131256135
200;1741131260968
200;1741131260979
200;1741131260986
200;1741131265866
200;1741131265928
200;1741131265936
200;1741131270876
200;1741131270919
200;1741131270928
200;1741131275877
200;1741131275908
200;1741131275916
200;1741131280956
200;1741131280965
200;1741131281046
200;1741131285894
200;1741131285905
200;1741131285981
200;1741131290896
200;1741131290906
200;1741131290969
200;1741131295927
200;1741131296022
200;1741131296132
200;1741131300917
200;1741131300922
200;1741131300947
200;1741131305870
200;1741131305931
200;1741131305939
200;1741131310887
200;1741131310895
200;1741131310941
200;1741131315866
200;1741131315904
200;1741131315913
200;1741131320930
200;1741131320971
200;1741131321045
200;1741131325935
200;1741131325991
200;1741131326044
200;1741131330910
200;1741131330922
200;1741131330981
200;1741131335866
200;1741131335912
200;1741131335921
200;1741131340894
200;1741131340902
200;1741131341035
200;1741131345944
200;1741131345979
100;1741131351013
100;1741131353580
100;1741131355866
200;1741131355995
200;1741131356020
200;1741131356075
200;1741131360915
200;1741131360967
200;1741131360974
200;1741131365865
200;1741131365920
200;1741131365927
200;1741131370876
200;1741131370960
200;1741131370971
200;1741131375888
200;1741131375898
200;1741131375946
200;1741131380908
200;1741131380919
200;1741131381003
200;1741131385899
200;1741131385972
200;1741131385993
200;1741131390876
200;1741131390918
200;1741131390926
200;1741131395873
200;1741131395934
200;1741131395943
200;1741131400923
200;1741131400933
200;1741131400967
200;1741131405907
200;1741131405976
200;1741131405986
200;1741131410945
200;1741131410955
200;1741131411019
200;1741131415867
200;1741131415919
200;1741131415925
200;1741131420915
200;1741131420925
200;1741131420984
200;1741131425937
200;1741131425947
200;1741131426073
200;1741131430918
200;1741131430971
200;1741131431014
200;1741131435877
200;1741131435950
200;1741131435960
200;1741131440981
200;1741131443228
200;1741131443771
200;1741131445867
200;1741131445972
200;1741131445988
200;1741131450996
200;1741131451009
200;1741131451018
200;1741131455865
200;1741131455979
200;1741131455990
200;1741131460867
200;1741131460965
200;1741131460971
200;1741131465882
200;1741131465926
200;1741131465952
200;1741131470896
200;1741131470908
200;1741131470960
200;1741131475895
200;1741131475912
200;1741131478368
200;1741131480927
200;1741131480937
200;1741131480948
200;1741131485865
200;1741131485992
200;1741131486004
200;1741131490866
200;1741131490909
200;1741131490918
200;1741131495928
200;1741131495938
200;1741131496025
200;1741131500907
200;1741131500916
200;1741131500922
200;1741131505865
200;1741131505914
200;1741131505921
200;1741131510912
200;1741131510921
200;1741131510942
200;1741131515874
200;1741131515923
200;1741131515983
200;1741131520866
200;1741131520959
200;1741131520968
200;1741131525919
200;1741131525931
200;1741131526012
200;1741131530953
200;1741131530961
200;1741131531107
200;1741131535918
200;1741131535988
200;1741131538743
200;1741131540930
200;1741131540991
200;1741131542952
200;1741131545887
200;1741131545897
200;1741131545960
200;1741131550916
200;1741131550928
200;1741131551024
200;1741131555899
200;1741131555986
200;1741131556089
200;1741131560943
200;1741131560952
200;1741131560987
200;1741131565922
200;1741131565928
200;1741131565972
200;1741131570877
200;1741131570921
200;1741131570929
200;1741131575924
200;1741131575933
200;1741131576093
200;1741131580915
200;1741131580926
200;1741131580952
200;1741131585877
200;1741131585919
200;1741131585928
200;1741131590904
200;1741131590917
200;1741131591096
200;1741131595915
200;1741131595926
200;1741131595997
200;1741131600882
200;1741131600893
200;1741131601067
200;1741131605923
200;1741131605941
200;1741131605980
200;1741131610867
200;1741131610912
200;1741131610920
200;1741131615894
200;1741131615942
200;1741131615948
200;1741131620874
200;1741131620961
200;1741131620969
200;1741131625875
200;1741131625907
200;1741131625912
200;1741131630890
200;1741131630960
200;1741131630998
200;1741131635875
200;1741131635921
200;1741131638822
200;1741131640911
200;1741131640929
200;1741131640934
200;1741131645914
200;1741131645921
200;1741131646015
200;1741131650874
200;1741131650885
200;1741131650985
200;1741131655934
200;1741131655943
200;1741131655968
200;1741131660866
200;1741131660910
200;1741131660920
200;1741131665918
200;1741131668444
200;1741131670866
200;1741131670876
200;1741131670903
200;1741131675870
200;1741131675931
200;1741131675941
200;1741131680920
200;1741131680932
200;1741131680939
200;1741131685927
200;1741131685940
200;1741131685988
200;1741131690935
200;1741131690947
200;1741131690974
200;1741131695980
200;1741131695992
200;1741131700859
200;1741131700927
200;1741131703491
200;1741131705887
200;1741131705898
200;1741131706063
200;1741131710887
200;1741131710898
200;1741131711012
200;1741131715873
200;1741131715929
200;1741131715936
200;1741131720877
200;1741131720967
200;1741131720978
200;1741131725866
200;1741131725955
200;1741131725966
200;1741131730936
200;1741131730948
200;1741131730962
200;1741131735915
200;1741131735926
200;1741131735987
200;1741131740885
200;1741131741030
200;1741131741059
200;1741131745912
200;1741131745923
200;1741131746049
200;1741131750871
200;1741131750920
200;1741131750927
200;1741131755962
200;1741131755967
200;1741131756068
200;1741131760898
200;1741131760908
200;1741131761056
200;1741131765923
200;1741131765945
200;1741131765954
200;1741131770977
200;1741131770987
200;1741131771129
200;1741131775866
200;1741131775991
200;1741131776003
200;1741131780957
200;1741131780965
200;1741131781062
200;1741131785884
200;1741131785959
200;1741131786062
200;1741131790870
200;1741131790946
200;1741131790954
200;1741131795901
200;1741131795912
200;1741131795952
200;1741131800904
200;1741131801006
200;1741131801018
200;1741131805867
200;1741131805912
200;1741131805924
200;1741131810972
200;1741131810983
200;1741131810995
200;1741131815912
200;1741131815921
200;1741131815984
200;1741131820875
200;1741131820921
200;1741131820933
200;1741131825910
200;1741131825970
200;1741131826032
200;1741131830943
200;1741131830948
200;1741131830988
200;1741131835881
200;1741131835972
200;1741131835983
200;1741131840908
200;1741131841006
200;1741131841018
200;1741131845871
200;1741131845916
200;1741131845928
200;1741131850914
200;1741131850922
200;1741131851024
200;1741131855931
200;1741131855939
200;1741131855984
200;1741131860911
200;1741131860971
200;1741131860982
200;1741131865900
200;1741131865934
200;1741131865975
200;1741131870914
200;1741131870924
200;1741131871016
200;1741131875943
200;1741131875955
200;1741131875965
200;1741131880867
200;1741131880878
200;1741131881085
200;1741131885871
200;1741131885883
200;1741131885943
200;1741131890871
200;1741131890930
200;1741131890938
200;1741131895928
200;1741131895939
200;1741131895953
200;1741131900876
200;1741131900932
200;1741131900939
200;1741131905872
200;1741131905883
200;1741131906005
200;1741131910865
200;1741131910947
200;1741131910953
200;1741131915881
200;1741131915892
200;1741131915999
200;1741131920892
200;1741131920901
200;1741131921056
200;1741131925875
200;1741131925917
200;1741131925928
200;1741131930909
200;1741131930922
200;1741131930984
200;1741131935875
200;1741131935954
200;1741131935963
200;1741131940911
200;1741131940921
200;1741131941014
200;1741131945912
200;1741131945923
200;1741131945931
200;1741131950900
200;1741131950911
200;1741131951009
200;1741131955868
200;1741131955896
200;1741131955904
200;1741131960865
200;1741131960924
200;1741131960935
200;1741131965935
200;1741131965945
200;1741131965952
200;1741131970935
200;1741131970947
200;1741131971020
200;1741131975986
200;1741131975995
200;1741131976075
200;1741131980908
200;1741131980920
200;1741131981034
200;1741131985896
200;1741131985907
200;1741131985945
200;1741131990871
200;1741131990951
200;1741131990985
200;1741131995896
200;1741131995911
200;1741131998820
200;1741132000871
200;1741132000936
200;1741132000947
200;1741132005870
200;1741132005911
200;1741132005920
200;1741132010872
200;1741132010883
200;1741132011190
200;1741132015888
200;1741132015899
200;1741132015955
200;1741132020891
200;1741132020901
200;1741132021000
200;1741132025928
200;1741132025935
200;1741132025953
200;1741132030927
200;1741132030933
200;1741132030940
200;1741132035877
200;1741132035920
200;1741132035930
200;1741132040880
200;1741132040900
200;1741132040936
200;1741132045945
200;1741132045952
200;1741132045988
200;1741132050908
200;1741132050919
200;1741132050926
200;1741132055893
200;1741132055939
200;1741132055955
200;1741132060909
200;1741132060964
200;1741132061020
200;1741132065907
200;1741132065921
200;1741132065932
200;1741132070915
200;1741132070942
200;1741132073460
200;1741132075899
200;1741132075968
200;1741132076006
200;1741132080897
200;1741132083506
200;1741132083548
200;1741132085900
200;1741132085909
200;1741132085988
200;1741132090899
200;1741132090930
200;1741132090939
200;1741132095867
200;1741132095908
200;1741132095919
200;1741132100900
200;1741132100914
200;1741132101005
200;1741132105923
200;1741132106160
200;1741132108692
200;1741132110867
200;1741132110918
200;1741132110926
200;1741132115881
200;1741132115967
200;1741132115975
200;1741132120877
200;1741132120927
200;1741132120933
200;1741132125975
200;1741132125983
200;1741132126048
200;1741132130908
200;1741132130919
200;1741132131232
200;1741132135871
200;1741132135883
200;1741132135952
200;1741132140978
200;1741132140985
200;1741132141013
200;1741132145911
200;1741132145921
200;1741132145927
200;1741132150944
200;1741132151032
200;1741132153908
200;1741132155910
200;1741132155917
200;1741132155959
200;1741132160933
200;1741132160939
200;1741132160991
200;1741132165865
200;1741132165992
200;1741132166001
200;1741132170907
200;1741132170917
200;1741132170922
200;1741132175988
200;1741132175999
200;1741132176046
200;1741132180868
200;1741132180881
200;1741132180971
200;1741132185892
200;1741132185903
200;1741132186085
200;1741132190945
200;1741132190992
200;1741132193410
200;1741132195903
200;1741132196042
200;1741132196174
200;1741132200884
200;1741132200933
200;1741132200941
200;1741132205898
200;1741132205905
200;1741132205987
200;1741132210865
200;1741132210954
200;1741132210963
200;1741132215865
200;1741132215915
200;1741132215922
200;1741132220872
200;1741132220915
200;1741132220922
200;1741132225887
200;1741132225896
200;1741132225933
200;1741132230879
200;1741132230890
200;1741132231039
100;1741132235865
200;1741132235908
200;1741132235955
200;1741132240908
200;1741132240918
200;1741132240925
200;1741132245876
200;1741132245926
200;1741132245934
200;1741132250877
200;1741132250959
200;1741132250970
200;1741132255866
200;1741132255908
200;1741132255921
200;1741132260900
200;1741132260913
200;1741132260936
200;1741132265908
200;1741132265918
200;1741132265925
200;1741132270918
200;1741132270930
200;1741132270935
200;1741132275911
200;1741132275957
200;1741132276049
200;1741132280923
200;1741132280931
200;1741132281058
200;1741132285872
200;1741132285916
200;1741132285927
200;1741132290927
200;1741132290938
200;1741132291066
200;1741132295869
200;1741132295933
200;1741132298256
200;1741132300960
200;1741132300970
200;1741132301014
200;1741132305927
200;1741132305936
200;1741132305942
200;1741132310867
200;1741132310960
200;1741132310970
200;1741132315886
200;1741132315898
200;1741132315944
200;1741132320866
200;1741132320955
200;1741132320967
200;1741132325907
200;1741132325917
200;1741132325960
200;1741132330887
200;1741132330899
200;1741132331059
200;1741132335866
200;1741132335926
200;1741132335964
200;1741132340935
200;1741132340944
200;1741132340998
200;1741132345921
200;1741132345932
200;1741132345964
200;1741132350865
200;1741132350926
200;1741132350933
200;1741132355918
200;1741132355924
200;1741132355928
200;1741132360971
200;1741132360980
200;1741132361017
200;1741132365873
200;1741132365954
200;1741132365964
200;1741132370911
200;1741132370921
200;1741132370927
200;1741132375876
200;1741132375936
200;1741132375946
200;1741132380896
200;1741132380908
200;1741132380938
200;1741132385870
200;1741132385942
200;1741132385949
200;1741132390948
200;1741132390955
200;1741132393341
200;1741132395871
200;1741132395963
200;1741132395973
200;1741132400912
200;1741132400923
200;1741132400999
200;1741132405875
200;1741132405951
200;1741132405961
200;1741132410865
200;1741132410919
200;1741132410955
200;1741132415912
200;1741132415944
200;1741132415952
200;1741132420873
200;1741132420885
200;1741132421086
200;1741132425912
200;1741132425924
200;1741132425934
200;1741132430874
200;1741132430885
200;1741132430959
200;1741132435915
200;1741132436012
200;1741132436026
200;1741132440948
200;1741132440959
200;1741132441117
200;1741132445876
200;1741132445889
200;1741132445988
200;1741132450936
200;1741132450947
200;1741132451019
200;1741132455910
200;1741132455927
200;1741132455933
200;1741132460893
200;1741132460904
200;1741132460978
200;1741132465880
200;1741132465907
200;1741132465916
200;1741132470877
200;1741132470968
200;1741132470978
200;1741132475909
200;1741132475939
200;1741132475950
200;1741132480914
200;1741132480920
200;1741132481001
200;1741132485915
200;1741132485924
200;1741132485932
200;1741132490911
200;1741132490921
200;1741132491186
200;1741132495894
200;1741132495907
200;1741132496076
200;1741132500938
200;1741132500975
200;1741132500987
200;1741132505985
200;1741132506105
200;1741132506195
200;1741132510872
200;1741132510917
200;1741132510928
200;1741132515919
200;1741132515928
200;1741132515933
200;1741132520868
200;1741132520960
200;1741132520970
200;1741132525973
200;1741132525982
200;1741132526006
200;1741132530911
200;1741132530939
200;1741132531032
200;1741132535894
200;1741132535903
200;1741132535979
200;1741132540867
200;1741132540952
200;1741132540961
200;1741132545892
200;1741132545905
200;1741132546041
200;1741132550878
200;1741132550917
200;1741132550931
200;1741132555985
200;1741132556051
200;1741132556121
200;1741132560914
200;1741132560922
200;1741132560932
200;1741132565918
200;1741132565926
200;1741132565932
200;1741132570900
200;1741132570911
200;1741132571027
200;1741132575877
200;1741132575932
200;1741132576061
200;1741132580921
200;1741132580936
200;1741132580946
200;1741132585886
200;1741132585950
200;1741132585958
200;1741132590918
200;1741132590925
200;1741132590967
200;1741132595876
200;1741132595950
200;1741132595988
200;1741132600913
200;1741132600970
200;1741132600986
200;1741132605976
200;1741132605988
200;1741132605996
200;1741132610897
200;1741132610909
200;1741132610966
200;1741132615875
200;1741132615954
200;1741132615961
200;1741132620933
200;1741132620942
200;1741132620976
200;1741132625905
200;1741132625928
200;1741132626018
200;1741132630876
200;1741132630929
200;1741132630950
200;1741132635920
200;1741132635929
200;1741132635934
200;1741132640889
200;1741132640901
200;1741132640986
200;1741132645874
200;1741132645973
200;1741132645979
200;1741132650909
200;1741132650917
200;1741132651009
200;1741132655919
200;1741132655925
200;1741132655934
200;1741132660888
200;1741132660901
200;1741132660951
200;1741132665877
200;1741132665905
200;1741132665912
200;1741132670967
200;1741132670975
200;1741132670986
200;1741132675933
200;1741132675945
200;1741132675966
200;1741132680866
200;1741132680918
200;1741132680931
200;1741132685882
200;1741132685967
200;1741132685974
200;1741132690878
200;1741132690920
200;1741132690928
200;1741132695866
200;1741132695908
200;1741132695920
200;1741132700870
200;1741132701007
200;1741132701018
200;1741132705975
200;1741132705988
200;1741132706140
200;1741132710866
200;1741132710907
200;1741132710916
200;1741132715894
200;1741132715943
200;1741132716090
200;1741132720901
200;1741132720910
200;1741132721000
200;1741132725867
200;1741132725924
200;1741132725931
200;1741132730916
200;1741132730924
200;1741132730929
200;1741132735898
200;1741132735906
200;1741132737924
200;1741132740928
200;1741132740938
200;1741132740981
200;1741132745907
200;1741132745951
200;1741132745957
200;1741132750871
200;1741132750980
200;1741132750992
200;1741132755866
200;1741132755907
200;1741132755919
200;1741132760887
200;1741132760898
200;1741132761007
200;1741132765912
200;1741132765926
200;1741132765981
200;1741132770908
200;1741132770920
200;1741132770977
200;1741132775878
200;1741132775908
200;1741132775948
200;1741132780956
200;1741132780967
200;1741132781027
200;1741132785928
200;1741132785938
200;1741132785978
200;1741132790910
200;1741132790920
200;1741132790972
200;1741132795873
200;1741132795918
200;1741132795925
200;1741132800878
200;1741132800924
200;1741132800933
200;1741132805937
200;1741132805944
200;1741132806152
200;1741132811032
200;1741132811043
200;1741132811126
200;1741132815931
200;1741132815938
200;1741132816016
200;1741132820972
200;1741132820982
200;1741132821015
200;1741132825925
200;1741132825933
200;1741132826025
200;1741132830894
200;1741132830904
200;1741132831027
200;1741132835943
200;1741132835953
200;1741132835966
200;1741132840917
200;1741132840925
200;1741132841047
200;1741132845868
200;1741132845905
200;1741132845913
200;1741132850927
200;1741132850938
200;1741132851079
200;1741132855897
200;1741132855979
200;1741132858419
200;1741132860866
200;1741132860986
200;1741132860993
200;1741132865940
200;1741132865966
200;1741132868851
200;1741132870915
200;1741132870959
200;1741132870965
200;1741132875905
200;1741132875913
200;1741132875955
200;1741132880871
200;1741132880926
200;1741132880937
200;1741132885895
200;1741132885903
200;1741132887895
200;1741132890887
200;1741132890896
200;1741132891054
200;1741132895875
200;1741132896000
200;1741132896012
200;1741132900910
200;1741132900917
200;1741132900924
200;1741132905909
200;1741132905918
200;1741132905934
200;1741132910917
200;1741132910924
200;1741132910931
200;1741132915867
200;1741132915911
200;1741132915919
200;1741132920958
200;1741132921008
200;1741132921113
200;1741132925907
200;1741132925998
200;1741132926067
200;1741132930947
200;1741132931013
200;1741132933168
200;1741132935885
200;1741132935896
200;1741132935931
200;1741132940902
200;1741132940911
200;1741132940925
200;1741132945995
200;1741132946002
200;1741132946027
200;1741132950868
200;1741132950918
200;1741132950937
200;1741132955883
200;1741132955889
200;1741132955925
200;1741132960983
200;1741132961029
200;1741132961096
200;1741132965897
200;1741132965944
200;1741132965948
200;1741132970876
200;1741132970954
200;1741132970962
200;1741132975867
200;1741132975913
200;1741132975925
200;1741132980893
200;1741132981018
200;1741132981107
200;1741132985873
200;1741132985881
200;1741132985946
200;1741132990892
200;1741132990934
200;1741132990940
200;1741132995941
200;1741132995947
200;1741132995986
200;1741133000908
200;1741133000918
200;1741133000983
200;1741133005867
200;1741133005907
200;1741133005913
200;1741133010870
200;1741133010878
200;1741133010926
200;1741133015928
200;1741133015961
200;1741133015966
200;1741133020865
200;1741133020929
200;1741133021095
200;1741133025898
200;1741133025906
200;1741133025975
200;1741133030869
200;1741133030993
200;1741133031001
200;1741133035921
200;1741133036016
200;1741133036047
200;1741133040916
200;1741133040924
200;1741133041014
200;1741133045872
200;1741133045927
200;1741133045962
200;1741133051016
200;1741133051026
200;1741133053197
200;1741133055878
200;1741133055959
200;1741133055965
200;1741133061052
200;1741133061108
200;1741133063785
200;1741133065917
200;1741133065923
200;1741133065929
200;1741133070890
200;1741133070901
200;1741133070917
200;1741133075866
200;1741133075968
200;1741133075979
200;1741133080955
200;1741133080965
200;1741133081013
200;1741133085919
200;1741133085927
200;1741133085932
200;1741133090912
200;1741133090925
200;1741133090950
200;1741133095913
200;1741133095925
200;1741133095976
200;1741133100957
200;1741133100967
200;1741133101038
200;1741133105884
200;1741133105959
200;1741133105965
200;1741133110964
200;1741133110969
200;1741133111040
200;1741133115882
200;1741133115891
200;1741133115964
200;1741133120917
200;1741133120927
200;1741133121108
200;1741133125870
200;1741133125880
200;1741133125925
200;1741133130915
200;1741133130920
200;1741133130927
200;1741133135915
200;1741133135923
200;1741133135928
200;1741133140944
200;1741133140956
200;1741133140965
200;1741133145877
200;1741133145925
200;1741133145937
200;1741133150906
200;1741133150934
200;1741133151043
200;1741133155919
200;1741133155928
200;1741133155934
200;1741133160927
200;1741133160936
200;1741133161009
200;1741133165867
200;1741133165983
200;1741133165996
200;1741133170875
200;1741133170969
200;1741133170982
200;1741133175931
200;1741133175943
200;1741133176031
200;1741133180876
200;1741133180932
200;1741133180942
200;1741133185995
200;1741133186014
200;1741133188200
200;1741133190898
200;1741133190910
200;1741133190948
200;1741133195919
200;1741133195928
200;1741133195953
200;1741133200872
200;1741133200924
200;1741133200933
200;1741133205871
200;1741133205884
200;1741133205969
200;1741133210911
200;1741133210921
200;1741133211000
200;1741133215907
200;1741133215917
200;1741133215930
200;1741133220885
200;1741133220895
200;1741133220980
200;1741133225888
200;1741133225897
200;1741133225936
200;1741133230882
200;1741133230963
200;1741133230971
200;1741133235891
200;1741133235968
100;1741133240899
100;1741133240968
100;1741133245871
200;1741133245880
200;1741133246021
200;1741133246106
200;1741133250896
200;1741133250979
200;1741133251079
200;1741133255889
200;1741133255905
200;1741133255923
200;1741133260942
200;1741133260950
200;1741133260961
200;1741133265874
200;1741133265903
200;1741133268288
200;1741133270872
200;1741133270881
200;1741133271016
200;1741133275910
200;1741133275921
200;1741133276027
200;1741133280867
200;1741133280906
200;1741133280912
200;1741133285867
200;1741133285971
200;1741133285980
200;1741133290972
200;1741133290984
200;1741133291023
200;1741133295872
200;1741133295956
200;1741133295968
200;1741133300897
200;1741133300937
200;1741133301083
200;1741133305876
200;1741133305968
200;1741133305980
200;1741133310920
200;1741133310938
200;1741133310948
200;1741133315881
200;1741133315892
200;1741133315947
200;1741133320908
200;1741133320920
200;1741133320930
200;1741133325914
200;1741133325921
200;1741133325947
200;1741133330954
200;1741133330962
200;1741133331040
200;1741133335913
200;1741133335944
200;1741133335961
200;1741133340957
200;1741133340966
200;1741133341018
200;1741133345877
200;1741133345956
200;1741133345967
200;1741133350930
200;1741133350938
200;1741133351038
200;1741133355921
200;1741133355927
200;1741133356032
200;1741133360904
200;1741133360916
200;1741133360965
200;1741133365928
200;1741133365935
200;1741133365944
200;1741133370866
200;1741133370907
200;1741133370919
200;1741133375896
200;1741133375971
200;1741133375983
200;1741133380953
200;1741133380960
200;1741133380980
200;1741133385877
200;1741133385914
200;1741133385975
200;1741133390910
200;1741133390937
200;1741133393848
200;1741133395928
200;1741133395939
200;1741133395958
200;1741133400872
200;1741133400948
200;1741133400983
200;1741133405919
200;1741133405953
200;1741133405961
200;1741133410899
200;1741133410909
200;1741133410915
200;1741133415955
200;1741133415964
200;1741133416040
200;1741133420879
200;1741133420975
200;1741133420984
200;1741133425905
200;1741133425915
200;1741133425922
200;1741133430867
200;1741133430984
200;1741133430997
200;1741133435865
200;1741133435915
200;1741133435921
200;1741133440972
200;1741133440982
200;1741133441030
200;1741133445918
200;1741133445925
200;1741133445933
200;1741133450882
200;1741133450941
200;1741133450976
200;1741133455999
200;1741133456011
200;1741133456045
200;1741133460879
200;1741133460892
200;1741133460968
200;1741133465931
200;1741133465944
200;1741133466095
200;1741133470906
200;1741133470938
200;1741133470946
200;1741133475915
200;1741133475922
200;1741133475980
200;1741133480868
200;1741133480917
200;1741133480923
200;1741133485865
200;1741133485936
200;1741133486062
200;1741133490919
200;1741133490933
200;1741133490940
200;1741133495888
200;1741133495925
200;1741133496029
200;1741133500914
200;1741133500922
200;1741133500954
200;1741133505866
200;1741133505915
200;1741133505925
200;1741133510872
200;1741133510960
200;1741133510972
200;1741133515866
200;1741133515956
200;1741133515964
200;1741133520868
200;1741133520925
200;1741133520931
200;1741133525957
200;1741133525966
200;1741133526039
200;1741133530939
200;1741133530949
200;1741133531020
200;1741133535865
200;1741133535923
200;1741133535932
200;1741133540874
200;1741133540913
200;1741133540922
200;1741133545871
200;1741133545941
200;1741133545947
200;1741133550973
200;1741133550981
200;1741133551059
200;1741133555869
200;1741133555934
200;1741133555939
200;1741133560943
200;1741133560953
200;1741133560993
200;1741133565977
200;1741133565988
200;1741133566088
200;1741133570925
200;1741133570937
200;1741133571080
200;1741133575888
200;1741133575900
200;1741133575917
200;1741133580901
200;1741133580930
200;1741133583526
200;1741133585929
200;1741133585939
200;1741133586000
200;1741133593823
200;1741133593848
200;1741133593863
200;1741133595903
200;1741133595913
200;1741133595921
200;1741133600912
200;1741133600923
200;1741133600960
200;1741133605916
200;1741133605966
200;1741133605974
200;1741133610872
200;1741133610884
200;1741133611060
200;1741133615922
200;1741133615932
200;1741133615957
200;1741133620888
200;1741133620899
200;1741133620932
200;1741133625866
200;1741133625913
200;1741133625926
200;1741133630907
200;1741133630943
200;1741133630949
200;1741133635963
200;1741133635972
200;1741133635998
200;1741133640916
200;1741133640925
200;1741133641052
200;1741133645908
200;1741133645918
200;1741133645926
200;1741133650874
200;1741133650937
200;1741133650945
200;1741133655878
200;1741133655926
200;1741133655937
200;1741133660871
200;1741133660921
200;1741133660930
200;1741133665916
200;1741133665924
200;1741133665952
200;1741133670931
200;1741133670945
200;1741133670986
200;1741133675937
200;1741133675947
200;1741133676071
200;1741133680929
200;1741133680935
200;1741133681040
200;1741133685869
200;1741133685909
200;1741133685967
200;1741133690909
200;1741133690921
200;1741133691055
200;1741133695917
200;1741133695991
200;1741133698251
200;1741133700865
200;1741133700918
200;1741133700929
200;1741133705875
200;1741133705934
200;1741133705941
200;1741133710934
200;1741133710941
200;1741133713321
200;1741133715874
200;1741133715884
200;1741133715932
200;1741133720879
200;1741133720953
200;1741133720960
200;1741133725867
200;1741133725930
200;1741133725939
200;1741133730868
200;1741133730946
200;1741133730959
200;1741133735883
200;1741133735964
200;1741133735973
200;1741133740909
200;1741133740923
200;1741133740942
200;1741133745921
200;1741133745965
200;1741133745981
200;1741133750915
200;1741133750924
200;1741133750952
200;1741133755915
200;1741133755972
200;1741133758214
200;1741133760939
200;1741133760951
200;1741133763181
200;1741133765934
200;1741133765941
200;1741133765946
200;1741133770875
200;1741133770918
200;1741133770925
200;1741133775880
200;1741133775931
200;1741133775942
200;1741133780915
200;1741133780925
200;1741133780949
200;1741133785925
200;1741133785933
200;1741133786045
200;1741133790961
200;1741133790971
200;1741133790993
200;1741133795914
200;1741133795921
200;1741133795928
200;1741133800877
200;1741133800957
200;1741133800967
200;1741133805876
200;1741133805963
200;1741133805972
200;1741133810877
200;1741133810999
200;1741133811009
200;1741133815984
200;1741133816049
200;1741133816142
200;1741133820900
200;1741133820912
200;1741133820998
200;1741133825914
200;1741133825921
200;1741133826090
200;1741133830870
200;1741133830922
200;1741133830935
200;1741133835957
200;1741133835968
200;1741133835976
200;1741133840921
200;1741133840934
200;1741133841008
200;1741133845868
200;1741133845912
200;1741133845921
200;1741133850867
200;1741133850919
200;1741133850927
200;1741133855874
200;1741133855880
200;1741133855907
200;1741133860872
200;1741133860920
200;1741133860927
200;1741133865919
200;1741133865928
200;1741133865935
200;1741133870897
200;1741133870907
200;1741133870968
200;1741133875888
200;1741133875898
200;1741133876055
200;1741133880915
200;1741133880923
200;1741133883970
200;1741133885925
200;1741133885930
200;1741133885936
200;1741133890914
200;1741133890921
200;1741133890928
200;1741133895885
200;1741133895911
200;1741133895915
200;1741133900928
200;1741133900939
200;1741133901055
200;1741133905911
200;1741133905921
200;1741133905927
200;1741133910867
200;1741133910942
200;1741133910948
200;1741133915971
200;1741133915979
200;1741133916061
200;1741133920971
200;1741133920981
200;1741133920990
200;1741133925891
200;1741133925960
200;1741133925971
200;1741133930870
200;1741133930879
200;1741133930941
200;1741133935927
200;1741133935937
200;1741133935971
200;1741133940931
200;1741133940943
200;1741133940995
200;1741133945907
200;1741133945919
200;1741133946001
200;1741133950919
200;1741133950930
200;1741133950959
200;1741133955912
200;1741133955926
200;1741133955937
200;1741133960879
200;1741133960893
200;1741133960920
200;1741133965909
200;1741133965941
200;1741133965949
200;1741133970909
200;1741133970919
200;1741133970993
200;1741133975889
200;1741133975898
200;1741133976069
200;1741133980902
200;1741133980917
200;1741133981045
200;1741133985984
200;1741133986005
200;1741133986070
200;1741133990915
200;1741133990921
200;1741133990929
200;1741133995878
200;1741133995959
200;1741133995992
200;1741134000897
200;1741134000949
200;1741134005867
200;1741134005919
200;1741134005925
200;1741134010952
200;1741134010963
200;1741134011120
200;1741134015907
200;1741134015918
200;1741134015945
200;1741134020866
200;1741134020911
200;1741134020918
200;1741134025883
200;1741134025894
200;1741134026016
200;1741134031000
200;1741134031013
200;1741134031086
200;1741134035888
200;1741134035902
200;1741134035921
200;1741134040871
200;1741134040910
200;1741134040944
200;1741134045914
200;1741134045920
200;1741134045927
200;1741134050908
200;1741134050920
200;1741134050928
200;1741134055874
200;1741134055957
200;1741134055964
200;1741134060891
200;1741134060901
200;1741134060954
200;1741134065923
200;1741134065936
200;1741134065967
200;1741134070908
200;1741134070918
200;1741134070949
200;1741134075867
200;1741134075885
200;1741134075911
200;1741134080924
200;1741134080935
200;1741134080957
200;1741134085883
200;1741134085969
200;1741134088563
200;1741134090908
200;1741134090920
200;1741134090981
200;1741134095865
200;1741134095907
200;1741134095916
200;1741134100868
200;1741134100917
200;1741134100924
200;1741134105895
200;1741134105905
200;1741134106125
200;1741134110873
200;1741134110977
200;1741134111100
200;1741134115917
200;1741134115929
200;1741134115952
200;1741134120918
200;1741134120925
200;1741134120938
200;1741134125959
200;1741134125967
200;1741134125991
200;1741134130907
200;1741134130917
200;1741134130923
200;1741134135877
200;1741134135988
200;1741134136001
200;1741134140867
200;1741134140909
200;1741134140924
200;1741134145885
200;1741134145900
200;1741134145913
200;1741134150973
200;1741134150984
200;1741134151051
200;1741134155894
200;1741134155901
200;1741134155934
200;1741134160907
200;1741134160915
200;1741134160975
200;1741134165875
200;1741134165983
200;1741134165995
200;1741134170876
200;1741134170929
200;1741134170937
200;1741134175907
200;1741134175963
200;1741134175972
200;1741134180967
200;1741134180977
200;1741134180989
200;1741134185912
200;1741134185921
200;1741134185928
200;1741134190908
200;1741134190959
200;1741134190970
200;1741134195911
200;1741134195921
200;1741134195951
200;1741134200873
200;1741134200884
200;1741134200930
200;1741134205913
200;1741134205924
200;1741134205968
200;1741134210875
200;1741134210916
200;1741134210925
200;1741134215919
200;1741134215929
200;1741134215977
200;1741134220923
200;1741134220930
200;1741134220938
200;1741134225877
200;1741134225951
200;1741134225999
200;1741134230880
200;1741134230923
200;1741134230933
200;1741134235939
200;1741134235947
200;1741134236002
200;1741134240867
200;1741134240939
200;1741134240946
200;1741134245866
200;1741134245955
200;1741134245962
200;1741134250867
200;1741134250944
200;1741134250953
200;1741134255938
200;1741134255944
200;1741134258272
200;1741134260879
200;1741134260922
200;1741134260930
200;1741134265920
200;1741134265931
200;1741134265940
200;1741134270867
200;1741134270908
200;1741134270919
200;1741134275992
200;1741134276002
200;1741134276052
200;1741134280897
200;1741134280950
200;1741134280957
200;1741134285877
200;1741134285987
200;1741134285997
200;1741134290903
200;1741134290913
200;1741134290994
200;1741134295943
200;1741134295952
200;1741134295992
200;1741134301024
200;1741134301033
200;1741134301050
200;1741134305866
200;1741134305915
200;1741134305922
200;1741134310878
200;1741134310942
200;1741134310950
200;1741134315916
200;1741134315935
200;1741134315940
200;1741134320894
200;1741134320905
200;1741134320967
200;1741134325867
200;1741134325960
200;1741134325967
200;1741134330987
200;1741134331002
200;1741134331046
200;1741134335959
200;1741134335970
200;1741134335979
200;1741134340876
200;1741134340927
200;1741134340934
200;1741134345914
200;1741134345921
200;1741134345929
200;1741134350886
200;1741134350927
200;1741134350937
200;1741134355908
200;1741134355922
200;1741134355947
200;1741134360944
200;1741134360955
200;1741134361017
200;1741134365889
200;1741134365900
200;1741134365936
200;1741134370866
200;1741134370915
200;1741134370927
200;1741134375953
200;1741134375962
200;1741134376102
200;1741134380989
200;1741134381001
200;1741134381032
200;1741134385929
200;1741134385935
200;1741134385966
200;1741134390920
200;1741134390964
200;1741134390971
200;1741134395888
200;1741134395904
200;1741134395932
200;1741134400920
200;1741134400931
200;1741134401064
200;1741134405875
200;1741134405958
200;1741134405970
200;1741134410908
200;1741134410921
200;1741134410927
200;1741134415897
200;1741134415988
200;1741134416031
200;1741134420898
200;1741134420908
200;1741134420916
200;1741134425866
200;1741134425971
200;1741134425982
200;1741134430866
200;1741134430913
200;1741134430919
200;1741134435914
200;1741134435929
200;1741134435972
200;1741134440865
200;1741134440955
200;1741134440965
200;1741134445867
200;1741134445914
200;1741134445921
200;1741134450905
200;1741134450916
200;1741134450923
200;1741134455906
200;1741134455914
200;1741134458228
200;1741134460907
200;1741134460914
200;1741134460999
200;1741134465872
200;1741134465883
200;1741134465935
200;1741134470913
200;1741134470923
200;1741134471004
200;1741134475932
200;1741134475939
200;1741134475948
200;1741134480960
200;1741134480969
200;1741134481007
200;1741134485893
200;1741134485905
200;1741134485975
200;1741134490911
200;1741134490920
200;1741134491044
200;1741134495924
200;1741134495938
200;1741134495959
200;1741134500865
200;1741134500908
200;1741134500917
200;1741134505942
200;1741134505951
200;1741134506071
200;1741134510867
200;1741134510974
200;1741134510984
200;1741134515909
200;1741134515916
200;1741134515947
200;1741134520875
200;1741134520908
200;1741134520919
200;1741134525952
200;1741134525963
200;1741134526003
200;1741134530908
200;1741134530919
200;1741134530926
200;1741134535914
200;1741134535924
200;1741134536008
200;1741134540900
200;1741134540946
200;1741134540954
200;1741134545898
200;1741134545924
200;1741134545935
200;1741134550888
200;1741134550932
200;1741134550944
200;1741134555925
200;1741134555933
200;1741134555941
200;1741134560900
200;1741134560912
200;1741134560977
200;1741134565921
200;1741134565932
200;1741134565963
200;1741134570910
200;1741134570935
200;1741134571029
200;1741134575904
200;1741134575910
200;1741134576052
200;1741134580881
200;1741134580956
200;1741134580989
200;1741134585866
200;1741134585911
200;1741134585920
200;1741134590947
200;1741134590957
200;1741134590964
200;1741134595932
200;1741134595942
200;1741134596064
200;1741134600885
200;1741134600893
200;1741134600949
200;1741134605905
200;1741134606053
200;1741134608287
200;1741134610867
200;1741134610959
200;1741134610967
200;1741134615876
200;1741134615903
200;1741134615910
200;1741134620885
200;1741134620930
200;1741134620953
200;1741134625890
200;1741134625935
200;1741134630940
200;1741134630949
200;1741134630986
200;1741134635933
200;1741134635939
200;1741134635985
200;1741134640911
200;1741134640920
200;1741134641062
200;1741134645903
200;1741134645933
200;1741134646012
200;1741134650891
200;1741134650901
200;1741134650929
200;1741134655881
200;1741134655933
200;1741134655976
200;1741134660867
200;1741134660964
200;1741134661032
200;1741134665881
200;1741134665944
200;1741134665954
200;1741134670985
200;1741134673465
200;1741134673575
200;1741134675918
200;1741134675927
200;1741134676011
200;1741134680940
200;1741134680951
200;1741134681039
200;1741134685887
200;1741134685898
200;1741134685949
200;1741134690872
200;1741134690915
200;1741134690924
200;1741134695870
200;1741134695912
200;1741134695923
200;1741134700895
200;1741134700935
200;1741134701041
200;1741134705905
200;1741134705951
200;1741134706022
200;1741134710928
200;1741134710937
200;1741134710976
200;1741134715908
200;1741134715918
200;1741134715942
200;1741134720896
200;1741134720923
200;1741134721048
200;1741134725928
200;1741134725936
200;1741134725943
200;1741134730907
200;1741134730916
200;1741134730964
200;1741134735873
200;1741134735953
200;1741134735959
200;1741134740908
200;1741134740918
200;1741134740925
200;1741134745892
200;1741134745903
200;1741134745977
200;1741134750913
200;1741134750919
200;1741134750963
200;1741134755958
200;1741134755963
200;1741134756011
200;1741134760928
200;1741134760935
200;1741134760994
200;1741134765908
200;1741134765970
200;1741134765986
200;1741134770874
200;1741134770904
200;1741134770914
200;1741134775907
200;1741134775917
200;1741134776065
200;1741134780876
200;1741134780956
200;1741134781026
200;1741134785938
200;1741134785950
200;1741134786013
200;1741134790916
200;1741134790923
200;1741134791033
200;1741134795871
200;1741134795921
200;1741134795928
200;1741134800929
200;1741134800939
200;1741134800979
200;1741134805872
200;1741134805924
200;1741134805930
200;1741134810873
200;1741134810912
200;1741134810983
200;1741134815943
200;1741134815952
200;1741134815977
200;1741134820911
200;1741134820962
200;1741134820972
200;1741134825877
200;1741134825929
200;1741134825939
200;1741134830870
200;1741134830940
200;1741134830945
200;1741134835871
200;1741134835914
200;1741134835920
200;1741134840908
200;1741134840917
200;1741134840922
200;1741134845991
200;1741134845998
200;1741134846051
200;1741134850871
200;1741134850932
200;1741134850939
200;1741134855885
200;1741134855893
200;1741134855974
200;1741134860914
200;1741134860922
200;1741134860980
200;1741134865872
200;1741134865883
200;1741134865981
200;1741134870870
200;1741134870881
200;1741134870986
200;1741134875919
200;1741134875935
200;1741134876012
200;1741134880865
200;1741134880900
200;1741134880934
200;1741134885960
200;1741134885968
200;1741134886007
200;1741134890908
200;1741134890917
200;1741134890984
200;1741134895866
200;1741134895914
200;1741134895923
200;1741134900894
200;1741134900904
200;1741134901094
200;1741134905899
200;1741134905910
200;1741134905971
200;1741134910945
200;1741134910956
200;1741134911080
200;1741134915922
200;1741134915950
200;1741134916043
200;1741134920867
200;1741134920878
200;1741134920933
200;1741134925907
200;1741134926059
200;1741134928471
200;1741134930879
200;1741134930932
200;1741134930963
200;1741134935885
200;1741134935897
200;1741134935918
200;1741134940912
200;1741134940924
200;1741134940933
200;1741134945952
200;1741134945965
200;1741134946071
200;1741134950917
200;1741134950929
200;1741134950994
200;1741134955912
200;1741134955928
200;1741134955977
200;1741134960882
200;1741134960979
200;1741134960986
200;1741134967273
200;1741134967427
200;1741134967496
200;1741134970882
200;1741134970963
200;1741134970974
200;1741134975872
200;1741134975961
200;1741134975974
200;1741134980893
200;1741134980906
200;1741134980935
200;1741134985951
200;1741134985963
200;1741134986054
200;1741134990912
200;1741134990954
200;1741134991016
200;1741134995868
200;1741134995956
200;1741134995969
200;1741135000929
200;1741135000940
200;1741135000966
200;1741135005919
200;1741135005929
200;1741135005972
200;1741135010909
200;1741135010917
200;1741135010922
200;1741135015881
200;1741135015892
200;1741135015977
200;1741135020867
200;1741135020913
200;1741135020923
200;1741135025956
200;1741135025965
200;1741135026057
200;1741135030878
200;1741135030975
200;1741135030985
200;1741135035877
200;1741135035956
200;1741135038234
200;1741135040921
200;1741135040951
200;1741135041016
200;1741135045907
200;1741135045941
200;1741135045952
200;1741135050957
200;1741135050965
200;1741135051004
200;1741135055881
200;1741135055895
200;1741135055981
200;1741135060904
200;1741135060914
200;1741135061104
200;1741135065866
200;1741135065908
200;1741135065919
200;1741135070867
200;1741135070918
200;1741135070931
200;1741135075906
200;1741135075916
200;1741135076037
200;1741135080866
200;1741135080961
200;1741135081088
200;1741135085932
200;1741135085944
200;1741135088752
200;1741135090867
200;1741135090908
200;1741135090917
200;1741135095866
200;1741135095908
200;1741135095919
200;1741135100866
200;1741135100939
200;1741135100946
200;1741135105882
200;1741135105964
200;1741135105976
200;1741135110962
200;1741135111042
200;1741135113235
200;1741135115910
200;1741135115920
200;1741135115999
200;1741135120869
200;1741135120944
200;1741135120958
200;1741135125896
200;1741135125908
200;1741135126046
200;1741135130873
200;1741135130924
200;1741135130931
200;1741135135896
200;1741135135909
200;1741135135972
200;1741135140866
200;1741135140919
200;1741135140973
200;1741135145871
200;1741135145912
200;1741135145922
200;1741135150908
200;1741135150956
200;1741135150968
200;1741135155892
200;1741135155905
200;1741135156001
200;1741135160962
200;1741135160973
200;1741135163525
200;1741135165873
200;1741135165883
200;1741135165958
200;1741135170877
200;1741135170957
200;1741135170965
200;1741135175933
200;1741135175941
200;1741135176012
200;1741135180924
200;1741135180934
200;1741135180942
200;1741135185914
200;1741135185924
200;1741135186013
200;1741135190957
200;1741135190965
200;1741135191088
200;1741135195983
200;1741135196015
200;1741135196043
200;1741135200870
200;1741135200879
200;1741135201073
200;1741135205907
200;1741135205916
200;1741135205944
200;1741135210868
200;1741135210960
200;1741135210971
200;1741135215940
200;1741135215949
200;1741135218214
200;1741135220916
200;1741135220924
200;1741135220962
200;1741135225877
200;1741135225952
200;1741135225961
200;1741135230877
200;1741135230915
200;1741135230955
200;1741135235931
200;1741135235974
200;1741135236054
200;1741135240873
200;1741135240909
200;1741135240922
200;1741135245867
200;1741135246000
200;1741135246011
200;1741135250865
200;1741135250911
200;1741135250925
200;1741135255908
200;1741135255918
200;1741135255927
200;1741135260877
200;1741135260916
200;1741135261060
200;1741135265936
200;1741135265949
200;1741135265985
200;1741135270876
200;1741135270923
200;1741135270933
200;1741135275943
200;1741135275953
200;1741135276034
200;1741135280877
200;1741135280892
200;1741135283208
200;1741135285886
200;1741135285895
200;1741135286134
200;1741135290911
200;1741135290920
200;1741135291094
200;1741135295928
200;1741135295936
200;1741135295964
200;1741135300921
200;1741135300932
200;1741135300974
200;1741135305867
200;1741135305984
200;1741135306017
200;1741135310868
200;1741135310928
200;1741135310935
200;1741135315923
200;1741135315932
200;1741135315962
200;1741135320866
200;1741135320920
200;1741135320928
200;1741135325881
200;1741135325924
200;1741135325933
200;1741135330866
200;1741135330912
200;1741135330918
200;1741135335975
200;1741135335981
200;1741135336043
200;1741135340939
200;1741135340944
200;1741135341024
200;1741135345917
200;1741135345927
200;1741135345933
200;1741135350949
200;1741135350956
200;1741135351015
200;1741135355941
200;1741135355947
200;1741135356095
200;1741135360881
200;1741135360908
200;1741135360916
200;1741135365875
200;1741135365887
200;1741135366104
200;1741135370920
200;1741135370931
200;1741135370955
200;1741135375913
200;1741135375925
200;1741135375945
200;1741135380867
200;1741135380909
200;1741135380922
200;1741135385930
200;1741135385937
200;1741135385942
200;1741135390865
200;1741135390908
200;1741135390918
200;1741135395964
200;1741135395977
200;1741135395996
200;1741135400902
200;1741135400915
200;1741135400925
200;1741135405955
200;1741135405965
200;1741135406063
200;1741135410902
200;1741135410988
200;1741135411073
200;1741135415912
200;1741135415923
200;1741135415930
200;1741135420911
200;1741135420923
200;1741135421094
200;1741135425910
200;1741135425996
200;1741135426125
200;1741135430893
200;1741135430904
200;1741135430940
200;1741135435871
200;1741135435913
200;1741135435924
200;1741135440866
200;1741135440898
200;1741135440910
200;1741135445874
200;1741135445887
200;1741135446047
200;1741135450878
200;1741135451000
200;1741135451011
200;1741135455968
200;1741135455981
200;1741135455994
200;1741135460943
200;1741135461153
200;1741135463730
200;1741135465922
200;1741135465927
200;1741135465934
200;1741135470910
200;1741135470917
200;1741135471016
200;1741135475865
200;1741135475945
200;1741135475952
200;1741135480872
200;1741135480946
200;1741135480956
200;1741135485948
200;1741135485958
200;1741135485965
200;1741135490865
200;1741135490947
200;1741135490954
200;1741135495866
200;1741135495941
200;1741135495948
200;1741135500940
200;1741135500949
200;1741135501054
200;1741135505930
200;1741135505936
200;1741135505988
200;1741135510867
200;1741135510924
200;1741135510929
200;1741135515866
200;1741135515911
200;1741135515918
200;1741135520876
200;1741135520922
200;1741135520931
200;1741135525905
200;1741135525946
200;1741135525953
200;1741135530936
200;1741135530945
200;1741135531015
200;1741135535909
200;1741135535945
200;1741135535953
200;1741135540968
200;1741135540979
200;1741135541144
200;1741135545867
200;1741135545956
200;1741135545967
200;1741135550873
200;1741135550961
200;1741135550971
200;1741135555877
200;1741135555973
200;1741135555984
200;1741135560912
200;1741135560960
200;1741135560968
200;1741135565912
200;1741135565918
200;1741135565997
200;1741135570872
200;1741135570882
200;1741135570921
200;1741135575960
200;1741135575970
200;1741135576007
200;1741135580871
200;1741135580882
200;1741135580933
200;1741135585868
200;1741135585879
200;1741135585945
200;1741135590915
200;1741135590921
200;1741135590996
200;1741135595894
200;1741135595908
200;1741135596064
200;1741135600929
200;1741135600939
200;1741135601039
200;1741135605969
200;1741135605981
200;1741135606029
200;1741135610881
200;1741135610893
200;1741135611007
200;1741135615866
200;1741135615955
200;1741135615962
200;1741135620924
200;1741135620935
200;1741135621003
200;1741135625872
200;1741135625884
200;1741135626005
200;1741135630866
200;1741135630917
200;1741135630924
200;1741135635874
200;1741135635884
200;1741135635947
200;1741135640872
200;1741135640931
200;1741135640972
200;1741135645872
200;1741135645885
200;1741135645917
200;1741135650866
200;1741135650909
200;1741135650921
200;1741135655906
200;1741135655912
200;1741135655974
200;1741135660871
200;1741135660882
200;1741135661050
200;1741135665980
200;1741135665991
200;1741135665999
200;1741135670918
200;1741135670929
200;1741135670938
200;1741135675892
200;1741135675905
200;1741135676025
200;1741135680867
200;1741135680909
200;1741135680921
200;1741135685923
200;1741135685972
200;1741135685981
200;1741135690877
200;1741135690920
200;1741135690929
200;1741135695919
200;1741135695929
200;1741135695935
200;1741135700893
200;1741135700907
200;1741135700937
200;1741135705882
200;1741135706008
200;1741135706136
200;1741135710967
200;1741135710976
200;1741135711057
200;1741135715901
200;1741135715925
200;1741135716095
200;1741135720949
200;1741135721099
200;1741135723429
200;1741135725861
200;1741135725921
200;1741135725994
200;1741135730897
200;1741135730905
200;1741135731036
200;1741135735866
200;1741135735924
200;1741135735960
200;1741135740869
200;1741135740880
200;1741135741004
200;1741135745879
200;1741135745892
200;1741135745993
200;1741135750869
200;1741135750976
200;1741135750986
200;1741135755889
200;1741135755901
200;1741135758120
200;1741135760878
200;1741135760885
200;1741135761029
200;1741135765908
200;1741135765920
200;1741135765926
200;1741135770866
200;1741135771008
200;1741135771020
200;1741135775940
200;1741135775949
200;1741135775968
200;1741135780866
200;1741135780959
200;1741135780969
200;1741135785944
200;1741135785956
200;1741135785964
200;1741135790901
200;1741135790912
200;1741135791009
200;1741135795870
200;1741135795904
200;1741135795915
200;1741135800868
200;1741135800915
200;1741135800920
200;1741135805877
200;1741135805922
200;1741135805930
200;1741135810867
200;1741135810937
200;1741135810943
200;1741135815875
200;1741135815920
200;1741135815929
200;1741135820886
200;1741135820911
200;1741135820921
200;1741135825899
200;1741135825935
200;1741135826036
200;1741135830905
200;1741135830940
200;1741135831009
200;1741135835868
200;1741135835923
200;1741135835983
200;1741135840929
200;1741135840940
200;1741135840966
200;1741135845870
200;1741135845913
200;1741135845921
200;1741135850866
200;1741135850917
200;1741135850923
200;1741135855881
200;1741135855934
200;1741135858532
200;1741135860873
200;1741135860947
200;1741135861082
200;1741135865885
200;1741135865988
200;1741135866031
200;1741135870898
200;1741135870907
200;1741135871027
200;1741135875888
200;1741135875900
200;1741135875951
200;1741135880866
200;1741135880940
200;1741135880949
200;1741135885886
200;1741135885915
200;1741135885924
200;1741135890880
200;1741135890889
200;1741135890967
200;1741135895876
200;1741135895917
200;1741135895925
200;1741135900878
200;1741135900888
200;1741135901026
200;1741135905923
200;1741135905934
200;1741135905948
200;1741135910935
200;1741135910945
200;1741135910977
200;1741135915909
200;1741135915918
200;1741135916039
200;1741135920976
200;1741135920985
200;1741135921029
200;1741135925907
200;1741135925917
200;1741135925922
200;1741135930912
200;1741135930919
200;1741135931020
200;1741135935935
200;1741135935949
200;1741135936056
200;1741135940907
200;1741135940973
200;1741135941105
200;1741135945866
200;1741135945908
200;1741135945920
200;1741135950891
200;1741135950902
200;1741135950976
200;1741135955875
200;1741135955921
200;1741135955927
200;1741135960887
200;1741135960899
200;1741135960930
200;1741135965877
200;1741135965969
200;1741135966151
200;1741135970907
200;1741135970916
200;1741135970923
200;1741135975904
200;1741135975915
200;1741135976061
200;1741135980908
200;1741135980947
200;1741135980951
200;1741135985922
200;1741135985931
200;1741135986002
200;1741135990872
200;1741135990881
200;1741135990970
200;1741135995868
200;1741135995909
200;1741135995918
200;1741136000888
200;1741136000899
200;1741136000920
200;1741136005928
200;1741136005935
200;1741136005940
200;1741136010907
200;1741136010918
200;1741136010929
200;1741136015914
200;1741136015920
200;1741136015970
200;1741136020964
200;1741136020973
200;1741136021043
200;1741136025940
200;1741136025946
200;1741136026010
200;1741136030928
200;1741136030939
200;1741136030946
200;1741136035938
200;1741136035948
200;1741136036108
200;1741136040888
200;1741136040896
200;1741136040959
200;1741136045977
200;1741136045983
200;1741136046065
200;1741136050927
200;1741136050934
200;1741136050943
200;1741136055908
200;1741136055938
200;1741136055990
200;1741136060865
200;1741136060948
200;1741136060959
200;1741136065939
200;1741136065948
200;1741136065956
200;1741136070866
200;1741136070937
200;1741136070943
200;1741136075867
200;1741136075955
200;1741136075962
200;1741136080910
200;1741136080921
200;1741136080958
200;1741136085919
200;1741136085964
200;1741136086033
200;1741136090918
200;1741136090953
200;1741136090989
200;1741136095919
200;1741136095951
200;1741136095960
200;1741136100866
200;1741136100907
200;1741136100917
200;1741136105915
200;1741136105922
200;1741136105952
200;1741136110921
200;1741136110933
200;1741136111058
200;1741136115877
200;1741136115915
200;1741136115922
200;1741136120873
200;1741136120920
200;1741136120926
200;1741136125960
200;1741136125971
200;1741136126009
200;1741136130872
200;1741136130883
200;1741136131037
200;1741136135875
200;1741136135932
200;1741136135943
200;1741136140866
200;1741136140915
200;1741136140923
200;1741136145917
200;1741136145928
200;1741136145935
200;1741136150948
200;1741136150957
200;1741136151007
200;1741136155916
200;1741136155924
200;1741136155930
200;1741136160902
200;1741136160962
200;1741136161020
200;1741136165909
200;1741136165922
200;1741136166007
200;1741136170885
200;1741136170897
200;1741136170991
200;1741136175880
200;1741136175891
200;1741136175943
200;1741136180907
200;1741136180988
200;1741136181100
200;1741136185923
200;1741136185930
200;1741136185937
200;1741136190878
200;1741136190935
200;1741136190941
200;1741136195900
200;1741136195910
200;1741136195980
200;1741136200867
200;1741136200908
200;1741136200922
200;1741136205893
200;1741136205905
200;1741136205971
200;1741136210928
200;1741136210937
200;1741136211013
200;1741136215878
200;1741136215956
200;1741136215966
200;1741136220909
200;1741136220946
200;1741136220977
200;1741136225945
200;1741136225979
200;1741136225990
200;1741136230891
200;1741136230903
200;1741136231028
200;1741136235879
200;1741136235904
200;1741136235915
200;1741136240875
200;1741136240895
200;1741136240905
200;1741136245941
200;1741136245952
200;1741136245960
200;1741136250916
200;1741136250922
200;1741136250999
200;1741136255973
200;1741136255978
200;1741136256127
200;1741136260900
200;1741136260910
200;1741136260943
200;1741136265906
200;1741136265917
200;1741136265978
200;1741136270888
200;1741136270900
200;1741136270929
200;1741136275927
200;1741136275935
200;1741136276019
200;1741136280934
200;1741136280944
200;1741136280955
200;1741136285925
200;1741136285935
200;1741136286005
200;1741136290875
200;1741136290936
200;1741136290946
200;1741136295980
200;1741136295990
200;1741136298625
200;1741136300868
200;1741136300878
200;1741136301008
200;1741136305912
200;1741136305921
200;1741136305928
200;1741136310867
200;1741136310931
200;1741136310939
200;1741136315890
200;1741136315901
200;1741136315960
200;1741136320865
200;1741136320915
200;1741136320922
200;1741136325867
200;1741136325898
200;1741136325917
200;1741136330911
200;1741136330972
200;1741136331033
200;1741136335936
200;1741136335946
200;1741136337919
200;1741136341092
200;1741136341168
200;1741136341182
200;1741136345908
200;1741136345957
200;1741136346138
200;1741136350889
200;1741136350947
200;1741136350988
200;1741136355986
200;1741136356020
200;1741136356097
200;1741136360877
200;1741136360971
200;1741136360979
200;1741136365866
200;1741136365924
200;1741136365932
200;1741136370866
200;1741136370894
200;1741136370947
200;1741136375919
200;1741136375990
200;1741136376082
200;1741136380965
200;1741136380973
200;1741136380989
200;1741136385908
200;1741136385917
200;1741136385923
200;1741136390866
200;1741136390949
200;1741136390958
200;1741136395878
200;1741136395985
200;1741136395995
200;1741136400940
200;1741136400950
200;1741136401044
200;1741136405940
200;1741136405945
200;1741136405996
200;1741136410874
200;1741136410945
200;1741136410952
200;1741136415914
200;1741136415976
200;1741136415983
200;1741136420866
200;1741136420908
200;1741136420919
200;1741136425912
200;1741136425958
200;1741136425966
200;1741136430873
200;1741136430966
200;1741136430976
200;1741136435986
200;1741136436047
200;1741136436146
200;1741136440952
200;1741136440960
200;1741136441000
200;1741136445919
200;1741136445928
200;1741136445938
200;1741136450870
200;1741136450963
200;1741136450971
200;1741136455915
200;1741136455921
200;1741136455980
200;1741136460901
200;1741136460963
200;1741136461047
200;1741136465917
200;1741136465927
200;1741136465969
200;1741136470901
200;1741136470909
200;1741136470977
200;1741136475915
200;1741136475950
200;1741136475956
200;1741136480870
200;1741136480918
200;1741136481112
200;1741136485912
200;1741136485922
200;1741136485960
200;1741136490935
200;1741136490943
200;1741136490983
200;1741136495921
200;1741136495970
200;1741136496149
200;1741136500893
200;1741136500901
200;1741136500962
200;1741136505943
200;1741136505952
200;1741136505960
200;1741136510900
200;1741136510951
200;1741136511078
200;1741136515934
200;1741136515947
200;1741136515976
200;1741136520959
200;1741136520967
200;1741136521070
200;1741136525900
200;1741136525910
200;1741136525916
200;1741136530908
200;1741136530919
200;1741136530925
200;1741136535981
200;1741136536004
200;1741136536075
200;1741136540866
200;1741136540907
200;1741136540917
200;1741136545870
200;1741136545953
200;1741136545961
200;1741136550963
200;1741136550971
200;1741136551052
200;1741136555912
200;1741136555925
200;1741136555963
200;1741136560867
200;1741136560932
200;1741136560940
200;1741136565923
200;1741136565935
200;1741136565968
200;1741136570908
200;1741136570919
200;1741136570926
200;1741136576016
200;1741136576192
200;1741136576262
200;1741136580915
200;1741136580922
200;1741136580932
200;1741136585880
200;1741136585965
200;1741136585973
200;1741136590915
200;1741136590925
200;1741136591029
200;1741136595920
200;1741136595931
200;1741136595947
200;1741136600923
200;1741136600933
200;1741136601005
200;1741136605923
200;1741136605931
200;1741136605937
200;1741136610978
200;1741136610982
200;1741136611068
200;1741136615962
200;1741136615969
200;1741136615975
200;1741136620911
200;1741136620921
200;1741136620998
200;1741136625876
200;1741136625983
200;1741136626182
200;1741136630867
200;1741136630923
200;1741136630930
200;1741136635924
200;1741136635978
200;1741136636004
200;1741136640896
200;1741136640908
200;1741136640998
200;1741136645920
200;1741136646003
200;1741136646082
200;1741136650908
200;1741136650922
200;1741136650930
200;1741136655895
200;1741136655908
200;1741136655979
200;1741136660879
200;1741136660909
200;1741136660920
200;1741136665928
200;1741136665940
200;1741136666027
200;1741136670905
200;1741136670917
200;1741136670980
200;1741136675878
200;1741136675981
200;1741136676012
200;1741136680876
200;1741136680885
200;1741136680986
200;1741136685976
200;1741136685986
200;1741136686033
200;1741136690926
200;1741136690957
200;1741136690965
200;1741136695882
200;1741136695932
200;1741136696049
200;1741136700881
200;1741136700981
200;1741136703312
200;1741136705869
200;1741136705918
200;1741136705952
200;1741136710867
200;1741136710876
200;1741136710952
200;1741136715919
200;1741136715925
200;1741136718830
200;1741136720882
200;1741136720909
200;1741136720916
200;1741136725915
200;1741136725924
200;1741136725929
200;1741136730888
200;1741136730944
200;1741136730953
200;1741136735895
200;1741136735906
200;1741136735913
200;1741136740922
200;1741136740952
200;1741136740961
200;1741136745872
200;1741136745932
200;1741136745940
200;1741136750972
200;1741136750981
200;1741136751126
200;1741136755910
200;1741136755918
200;1741136756006
200;1741136760867
200;1741136760915
200;1741136760921
200;1741136765871
200;1741136765961
200;1741136765973
200;1741136770909
200;1741136770939
200;1741136770959
200;1741136775921
200;1741136775955
200;1741136775965
200;1741136780948
200;1741136780956
200;1741136780963
200;1741136785953
200;1741136785959
200;1741136786004
200;1741136790881
200;1741136790909
200;1741136790915
200;1741136795905
200;1741136795917
200;1741136796080
200;1741136800867
200;1741136800963
200;1741136800970
200;1741136805959
200;1741136805993
200;1741136806007
200;1741136810928
200;1741136810940
200;1741136811164
200;1741136815911
200;1741136815941
200;1741136818209
200;1741136820944
200;1741136820955
200;1741136820991
200;1741136825934
200;1741136825973
200;1741136826060
200;1741136830944
200;1741136830952
200;1741136831072
200;1741136835921
200;1741136835930
200;1741136835938
200;1741136840924
200;1741136840930
200;1741136840965
200;1741136845876
200;1741136845888
200;1741136846039
200;1741136850927
200;1741136850937
200;1741136853505
200;1741136855872
200;1741136855936
200;1741136855941
200;1741136860959
200;1741136860965
200;1741136861025
200;1741136865917
200;1741136865931
200;1741136865937
200;1741136870956
200;1741136871136
200;1741136871179
200;1741136875932
200;1741136875942
200;1741136876005
200;1741136880896
200;1741136880908
200;1741136880949
200;1741136885945
200;1741136885956
200;1741136885979
200;1741136890866
200;1741136890932
200;1741136890944
200;1741136896001
200;1741136896008
200;1741136896065
200;1741136900873
200;1741136900908
200;1741136901015
200;1741136905891
200;1741136905903
200;1741136906029
200;1741136910914
200;1741136910946
200;1741136910956
200;1741136915889
200;1741136915899
200;1741136915977
200;1741136920889
200;1741136920925
200;1741136920977
200;1741136925868
200;1741136925965
200;1741136925972
200;1741136930867
200;1741136930936
200;1741136930942
200;1741136935867
200;1741136935929
200;1741136935939
200;1741136940982
200;1741136940990
200;1741136941080
200;1741136945899
200;1741136946031
200;1741136946107
200;1741136950908
200;1741136950917
200;1741136951021
200;1741136955948
200;1741136955955
200;1741136955985
200;1741136960917
200;1741136960924
200;1741136960929
200;1741136965888
200;1741136965965
200;1741136965976
200;1741136970885
200;1741136970897
200;1741136971005
200;1741136975895
200;1741136975993
200;1741136978702
200;1741136980927
200;1741136980939
200;1741136981029
200;1741136985869
200;1741136985880
200;1741136985944
200;1741136990923
200;1741136990929
200;1741136991011
200;1741136995900
200;1741136995912
200;1741136995945
200;1741137000872
200;1741137000917
200;1741137000926
200;1741137005909
200;1741137005918
200;1741137005997
200;1741137010877
200;1741137010888
200;1741137011020
200;1741137015891
200;1741137015948
200;1741137016051
200;1741137020887
200;1741137020897
200;1741137021050
200;1741137025900
200;1741137025911
200;1741137025960
200;1741137030869
200;1741137030934
200;1741137030945
200;1741137035928
200;1741137035936
200;1741137035974
200;1741137040930
200;1741137040941
200;1741137040950
200;1741137045903
200;1741137045914
200;1741137045981
200;1741137050917
200;1741137050927
200;1741137050994
200;1741137055893
200;1741137055904
200;1741137055993
200;1741137060913
200;1741137060926
200;1741137061036
200;1741137065866
200;1741137065958
200;1741137065970
200;1741137070896
200;1741137070907
200;1741137070979
200;1741137075921
200;1741137075932
200;1741137075941
200;1741137080896
200;1741137080907
200;1741137080963
200;1741137085911
200;1741137085918
200;1741137085925
200;1741137090925
200;1741137091031
200;1741137091232
200;1741137095918
200;1741137095933
200;1741137095961
200;1741137100894
200;1741137100906
200;1741137100970
200;1741137105897
200;1741137105907
200;1741137106114
200;1741137110986
200;1741137111012
200;1741137111069
200;1741137115971
200;1741137115978
200;1741137116023
200;1741137120915
200;1741137120928
200;1741137120945
200;1741137125976
200;1741137125987
200;1741137126125
200;1741137130868
200;1741137130932
200;1741137130941
200;1741137135953
200;1741137135961
200;1741137136069
200;1741137140874
200;1741137140960
200;1741137141111
200;1741137145865
200;1741137145920
200;1741137145949
200;1741137150867
200;1741137150955
200;1741137150964
200;1741137155890
200;1741137155898
200;1741137156099
200;1741137160875
200;1741137160949
200;1741137160955
200;1741137165942
200;1741137165985
200;1741137166009
200;1741137170872
200;1741137170978
200;1741137170988
200;1741137175918
200;1741137175928
200;1741137175944
200;1741137180946
200;1741137180969
200;1741137181140
200;1741137185900
200;1741137185910
200;1741137186049
200;1741137190866
200;1741137190918
200;1741137190925
200;1741137195924
200;1741137195932
200;1741137196017
200;1741137200990
200;1741137201002
200;1741137201067
200;1741137205882
200;1741137205893
200;1741137205952
200;1741137210889
200;1741137210900
200;1741137210937
200;1741137215920
200;1741137215932
200;1741137215940
200;1741137220987
200;1741137221052
200;1741137221194
200;1741137225917
200;1741137225925
200;1741137225932
200;1741137230894
200;1741137230906
200;1741137230989
200;1741137235945
200;1741137235957
200;1741137236017
200;1741137240882
200;1741137241005
200;1741137241016
200;1741137245865
200;1741137245916
200;1741137245923
200;1741137250918
200;1741137250973
200;1741137253301
200;1741137255928
200;1741137255935
200;1741137256126
200;1741137260867
200;1741137260940
200;1741137260946
200;1741137266000
200;1741137266073
200;1741137266123
200;1741137270867
200;1741137270927
200;1741137270934
200;1741137275867
200;1741137275942
200;1741137275976
200;1741137280916
200;1741137280927
200;1741137280935
200;1741137285889
200;1741137285899
200;1741137285981
200;1741137290889
200;1741137290902
200;1741137291000
200;1741137295921
200;1741137295927
200;1741137295961
200;1741137300917
200;1741137300928
200;1741137300936
200;1741137305930
200;1741137305935
200;1741137306054
200;1741137310932
200;1741137310940
200;1741137310957
200;1741137315899
200;1741137315910
200;1741137316001
200;1741137320868
200;1741137320925
200;1741137321215
200;1741137325921
200;1741137325931
200;1741137326009
200;1741137330873
200;1741137330923
200;1741137330935
200;1741137335921
200;1741137335927
200;1741137335981
200;1741137340958
200;1741137340967
200;1741137341021
200;1741137345876
200;1741137345911
200;1741137345919
200;1741137350903
200;1741137350915
200;1741137350924
200;1741137355937
200;1741137355980
200;1741137355990
200;1741137360865
200;1741137360929
200;1741137360938
200;1741137365908
200;1741137365916
200;1741137365998
200;1741137370913
200;1741137370924
200;1741137370930
200;1741137375865
200;1741137375914
200;1741137375923
200;1741137380909
200;1741137380918
200;1741137380926
200;1741137385886
200;1741137385896
200;1741137386103
200;1741137390889
200;1741137390899
200;1741137390956
200;1741137395897
200;1741137395974
200;1741137396060
200;1741137400866
200;1741137400908
200;1741137400918
200;1741137405879
200;1741137405951
200;1741137405963
200;1741137410943
200;1741137410949
200;1741137413518
200;1741137415883
200;1741137415965
200;1741137415974
200;1741137420869
200;1741137420940
200;1741137420972
200;1741137425925
200;1741137425935
200;1741137425962
200;1741137430917
200;1741137430925
200;1741137430932
200;1741137435903
200;1741137435914
200;1741137438859
200;1741137440918
200;1741137440928
200;1741137441093
200;1741137445871
200;1741137445942
200;1741137445953
200;1741137450876
200;1741137450952
200;1741137450961
200;1741137455868
200;1741137455909
200;1741137455916
200;1741137460913
200;1741137460969
200;1741137460977
200;1741137465866
200;1741137465981
200;1741137466005
200;1741137470940
200;1741137470950
200;1741137471000
200;1741137475876
200;1741137476000
200;1741137476078
200;1741137480919
200;1741137480926
200;1741137480934
200;1741137485875
200;1741137485912
200;1741137485957
200;1741137490865
200;1741137490896
200;1741137490906
200;1741137495910
200;1741137495920
200;1741137495932
