3;1741051245855;1
3;1741051295849;2
3;1741052095856;3
3;1741052395857;4
3;1741053450857;5
2;1741055258194;1
3;1741055455856;6
3;1741056450858;7
3;1741057095857;8
3;1741057145857;9
3;1741057245854;10
3;1741057270855;11
3;1741057955849;12
3;1741057965857;13
3;1741058195848;14
2;1741059728540;2
3;1741061450855;15
2;1741061714868;3
3;1741065235855;16
3;1741067225855;17
3;1741068595856;18
2;1741069550299;4
3;1741071680855;19
3;1741072770855;20
3;1741072955855;21
2;1741076799018;5
2;1741076799318;6
2;1741076804285;7
1;1741077252963;1
1;1741077267671;2
1;1741077271045;3
1;1741077272114;4
1;1741077272400;5
1;1741077281142;6
1;1741077296834;7
3;1741078270856;22
3;1741078395855;23
3;1741078560856;24
3;1741078695856;25
3;1741079390855;26
3;1741079715857;27
3;1741079726093;28
3;1741079735851;29
3;1741079750854;30
3;1741079770854;31
0;1741079790036;1
2;1741079806430;8
2;1741079816494;9
3;1741079820855;32
3;1741079830877;33
2;1741079834743;10
0;1741079837246;2
3;1741079840893;34
2;1741079864979;11
3;1741079865859;35
3;1741079875880;36
2;1741079881728;12
3;1741079886324;37
2;1741079895054;13
3;1741079896343;38
3;1741079906598;39
3;1741079915850;40
2;1741079928004;14
3;1741079930855;41
3;1741079941099;42
3;1741079951330;43
3;1741079961568;44
2;1741079972803;15
2;1741079978008;16
3;1741079985852;45
3;1741080015857;46
2;1741080020195;17
0;1741080021446;3
3;1741080026088;47
0;1741080048993;4
3;1741080055855;48
2;1741080057981;18
3;1741080065878;49
3;1741080090855;50
0;1741080092423;5
2;1741080105453;19
2;1741080108872;20
3;1741080130855;51
2;1741080137437;21
3;1741080140871;52
3;1741080151315;53
3;1741080161536;54
2;1741080162490;22
2;1741080179740;23
3;1741080190855;55
2;1741080200780;24
3;1741080215849;56
3;1741080240854;57
3;1741080250872;58
3;1741080270853;59
3;1741080280869;60
0;1741080285931;6
0;1741080288694;7
3;1741080295855;61
3;1741080315854;62
2;1741080333369;25
3;1741080335848;63
0;1741080353384;8
0;1741080367595;9
3;1741080370855;64
0;1741080389402;10
3;1741080395851;65
3;1741080415855;66
3;1741080425875;67
2;1741080431944;26
3;1741080435892;68
2;1741080443685;27
2;1741080452800;28
3;1741080455854;69
0;1741080461160;11
3;1741080465858;70
3;1741080475877;71
0;1741080485372;12
3;1741080485893;72
3;1741080500856;73
0;1741080504172;13
3;1741080511096;74
2;1741080514447;29
2;1741080516540;30
2;1741080523144;31
2;1741080532276;32
0;1741080540377;14
3;1741080555857;75
2;1741080575011;33
3;1741080575850;76
0;1741080591395;15
0;1741080594961;16
0;1741080615293;17
0;1741080620231;18
3;1741080625855;77
0;1741080639677;19
3;1741080655855;78
3;1741080665877;79
2;1741080668667;34
0;1741080670780;20
3;1741080676107;80
2;1741080678202;35
3;1741080686540;81
2;1741080692171;36
3;1741080695851;82
3;1741080705853;83
3;1741080720855;84
1;1741080722948;8
3;1741080745856;85
3;1741080755852;86
2;1741080783082;37
0;1741080815461;21
3;1741080990854;87
3;1741081001003;88
3;1741081040855;89
3;1741081210858;90
3;1741081250853;91
3;1741081305856;92
3;1741081460854;93
3;1741081590854;94
3;1741081630856;95
3;1741081665858;96
1;1741081673317;9
3;1741081825855;97
3;1741081835851;98
3;1741081845854;99
3;1741081895850;100
3;1741081935853;101
3;1741081945871;102
3;1741081990853;103
3;1741082065855;104
1;1741082208014;10
3;1741082290854;105
3;1741082315851;106
3;1741082340855;107
2;1741082418412;38
3;1741082525854;108
3;1741082550854;109
3;1741082595852;110
3;1741082620852;111
3;1741082645854;112
3;1741082660855;113
3;1741082671039;114
3;1741082690855;115
3;1741082730855;116
3;1741082790855;117
3;1741082820854;118
3;1741082830993;119
3;1741082845854;120
3;1741082885854;121
3;1741082960855;122
3;1741082975851;123
3;1741083110855;124
3;1741083120876;125
3;1741083130894;126
3;1741083141024;127
3;1741083151143;128
3;1741083180855;129
3;1741083190875;130
3;1741083201173;131
3;1741083211286;132
3;1741083230853;133
3;1741083240976;134
3;1741083251107;135
3;1741083261233;136
3;1741083271253;137
3;1741083281379;138
3;1741083291533;139
3;1741083425855;140
3;1741084450854;141
1;1741084961733;11
1;1741084962025;12
1;1741084967400;13
1;1741084983463;14
1;1741084998078;15
3;1741085425854;142
3;1741086035848;143
3;1741086545854;144
3;1741086680853;145
3;1741086970855;146
3;1741087365854;147
3;1741087565854;148
3;1741087665865;149
3;1741088610855;150
3;1741088660854;151
3;1741089085854;152
0;1741090093118;22
0;1741090101715;23
0;1741090112769;24
0;1741090113163;25
0;1741090120000;26
0;1741090125212;27
0;1741090130351;28
0;1741090137335;29
0;1741090146712;30
0;1741090154933;31
0;1741090160970;32
0;1741090169540;33
0;1741090173988;34
0;1741090175231;35
0;1741090175353;36
0;1741090185562;37
0;1741090187926;38
0;1741090199187;39
0;1741090200227;40
0;1741090202881;41
0;1741090202926;42
0;1741090204332;43
0;1741090206559;44
0;1741090222283;45
0;1741090223635;46
0;1741090225896;47
0;1741090228596;48
0;1741090242602;49
0;1741090246302;50
0;1741090252790;51
0;1741090253257;52
0;1741090257949;53
0;1741090260509;54
0;1741090261926;55
0;1741090274124;56
0;1741090276569;57
0;1741090283060;58
0;1741090283646;59
0;1741090300372;60
0;1741090303786;61
0;1741090306737;62
0;1741090307558;63
0;1741090312995;64
0;1741090314049;65
0;1741090316077;66
0;1741090328224;67
0;1741090333470;68
0;1741090334682;69
0;1741090349115;70
0;1741090351990;71
0;1741090355248;72
0;1741090356760;73
0;1741090360050;74
0;1741090363845;75
0;1741090372305;76
0;1741090379027;77
0;1741090379044;78
0;1741090390447;79
0;1741090393309;80
0;1741090395794;81
0;1741090397242;82
0;1741090400952;83
0;1741090413521;84
0;1741090414039;85
0;1741090414217;86
0;1741090425822;87
0;1741090436310;88
0;1741090439672;89
0;1741090450075;90
0;1741090451294;91
0;1741090458473;92
0;1741090460604;93
0;1741090463349;94
0;1741090465077;95
0;1741090467714;96
0;1741090474629;97
0;1741090475072;98
0;1741090486963;99
0;1741090490074;100
0;1741090490582;101
0;1741090504465;102
0;1741090506343;103
0;1741090512069;104
0;1741090518042;105
0;1741090519705;106
0;1741090535917;107
0;1741090537962;108
0;1741090538496;109
0;1741090545045;110
0;1741090550770;111
0;1741090558345;112
0;1741090561249;113
0;1741090566373;114
0;1741090567473;115
0;1741090569037;116
0;1741090572919;117
0;1741090578299;118
0;1741090588304;119
0;1741090591201;120
0;1741090599331;121
0;1741090605209;122
0;1741090613399;123
0;1741090616951;124
0;1741090618021;125
0;1741090621214;126
0;1741090623764;127
0;1741090631103;128
0;1741090635970;129
0;1741090643331;130
0;1741090648423;131
0;1741090654146;132
0;1741090660448;133
0;1741090662906;134
0;1741090664368;135
0;1741090665869;136
0;1741090680855;137
0;1741090681812;138
0;1741090690675;139
0;1741090696242;140
0;1741090700992;141
0;1741090703329;142
0;1741090706930;143
0;1741090716665;144
0;1741090717974;145
0;1741090721789;146
0;1741090723429;147
0;1741090734336;148
0;1741090736617;149
0;1741090739285;150
0;1741090748872;151
0;1741090752423;152
0;1741090756524;153
0;1741090768451;154
0;1741090769173;155
0;1741090771834;156
0;1741090778043;157
0;1741090779447;158
0;1741090780174;159
0;1741090787551;160
0;1741090791817;161
0;1741090792654;162
0;1741090796228;163
0;1741090799119;164
0;1741090810918;165
0;1741090821450;166
0;1741090822636;167
0;1741090834332;168
0;1741090837450;169
0;1741090841622;170
0;1741090844452;171
0;1741090847442;172
0;1741090857016;173
0;1741090871460;174
0;1741090874337;175
0;1741090878756;176
0;1741090883610;177
0;1741090885510;178
0;1741090893517;179
0;1741090896789;180
0;1741090898327;181
0;1741090898466;182
0;1741090904549;183
0;1741090918131;184
0;1741090918153;185
0;1741090924061;186
0;1741090928673;187
0;1741090932747;188
0;1741090938019;189
0;1741090938955;190
0;1741090941926;191
0;1741090946253;192
0;1741090959412;193
0;1741090960980;194
0;1741090972980;195
0;1741090973611;196
0;1741090973870;197
0;1741090975138;198
0;1741090999080;199
0;1741090999115;200
0;1741091003884;201
0;1741091004974;202
0;1741091006262;203
0;1741091007356;204
0;1741091012561;205
0;1741091013322;206
0;1741091022627;207
0;1741091028213;208
0;1741091031395;209
0;1741091032726;210
0;1741091040196;211
0;1741091050019;212
0;1741091057159;213
0;1741091057844;214
0;1741091063928;215
0;1741091076227;216
0;1741091081480;217
0;1741091084806;218
0;1741091088389;219
0;1741091090019;220
0;1741091097124;221
0;1741091100850;222
0;1741091113619;223
0;1741091114006;224
0;1741091127823;225
0;1741091128739;226
0;1741091129115;227
0;1741091133632;228
0;1741091136201;229
0;1741091145196;230
0;1741091149616;231
0;1741091152595;232
0;1741091158697;233
0;1741091164505;234
0;1741091169849;235
0;1741091181334;236
0;1741091186461;237
0;1741091192527;238
0;1741091193402;239
0;1741091194908;240
0;1741091202048;241
0;1741091207019;242
0;1741091208176;243
0;1741091210948;244
0;1741091211148;245
0;1741091217911;246
0;1741091219589;247
0;1741091225669;248
0;1741091229589;249
0;1741091245001;250
0;1741091247775;251
0;1741091249146;252
0;1741091256645;253
0;1741091267468;254
0;1741091268048;255
0;1741091270727;256
0;1741091281863;257
0;1741091287459;258
0;1741091288278;259
0;1741091300391;260
0;1741091301685;261
0;1741091307247;262
0;1741091311723;263
0;1741091311811;264
0;1741091315111;265
0;1741091321741;266
0;1741091325081;267
0;1741091326502;268
0;1741091327598;269
0;1741091328848;270
0;1741091345465;271
0;1741091353723;272
0;1741091356901;273
0;1741091363029;274
0;1741091369138;275
0;1741091372316;276
0;1741091374421;277
0;1741091382312;278
0;1741091385696;279
0;1741091385858;280
0;1741091393467;281
0;1741091394704;282
0;1741091410600;283
0;1741091419916;284
0;1741091424444;285
0;1741091426781;286
0;1741091436989;287
0;1741091444536;288
0;1741091451431;289
0;1741091453665;290
0;1741091454231;291
0;1741091461377;292
0;1741091462880;293
0;1741091466985;294
0;1741091473508;295
0;1741091476728;296
0;1741091477950;297
0;1741091487565;298
0;1741091489309;299
0;1741091494976;300
0;1741091503956;301
0;1741091504026;302
0;1741091511750;303
0;1741091513247;304
0;1741091513570;305
0;1741091513655;306
0;1741091536989;307
0;1741091542582;308
0;1741091544509;309
0;1741091550687;310
0;1741091553207;311
0;1741091553575;312
0;1741091562078;313
0;1741091564275;314
0;1741091566586;315
0;1741091571954;316
0;1741091576533;317
0;1741091589363;318
0;1741091595010;319
0;1741091595298;320
0;1741091596635;321
0;1741091599539;322
0;1741091602034;323
0;1741091609517;324
0;1741091611538;325
0;1741091615732;326
0;1741091620920;327
0;1741091633788;328
0;1741091635342;329
0;1741091635391;330
0;1741091645950;331
0;1741091648128;332
0;1741091658393;333
0;1741091665657;334
0;1741091675023;335
0;1741091760333;336
0;1741091760701;337
0;1741091764708;338
0;1741091776989;339
0;1741091778087;340
0;1741091789961;341
0;1741091790735;342
0;1741091799930;343
0;1741091808383;344
0;1741091813021;345
0;1741091813964;346
0;1741091814589;347
0;1741091816798;348
0;1741091819322;349
0;1741091824080;350
0;1741091835003;351
0;1741091839907;352
0;1741091844773;353
0;1741091856673;354
0;1741091858756;355
0;1741091860749;356
0;1741091873680;357
0;1741091875541;358
0;1741091876480;359
0;1741091878322;360
0;1741091878407;361
0;1741091891222;362
0;1741091891724;363
0;1741091899818;364
0;1741091903309;365
0;1741091908295;366
0;1741091914890;367
0;1741091916323;368
0;1741091920837;369
0;1741091928703;370
0;1741091934647;371
0;1741091935178;372
0;1741091941401;373
0;1741091949798;374
0;1741091951830;375
0;1741091952127;376
0;1741091959496;377
0;1741091959835;378
0;1741091964948;379
0;1741091974970;380
0;1741091978832;381
0;1741091984558;382
0;1741091994389;383
0;1741091995674;384
0;1741092001544;385
0;1741092002099;386
0;1741092016068;387
0;1741092025668;388
0;1741092028442;389
0;1741092029239;390
0;1741092037451;391
0;1741092040931;392
0;1741092043982;393
0;1741092053810;394
0;1741092055918;395
0;1741092066994;396
0;1741092068455;397
0;1741092070010;398
0;1741092070951;399
0;1741092073919;400
0;1741092082769;401
0;1741092083002;402
0;1741092091147;403
0;1741092098273;404
0;1741092103491;405
0;1741092105479;406
0;1741092113761;407
0;1741092117620;408
0;1741092123358;409
0;1741092132513;410
0;1741092134275;411
0;1741092137959;412
0;1741092139709;413
0;1741092144031;414
0;1741092150408;415
0;1741092163619;416
0;1741092166542;417
0;1741092175921;418
0;1741092188756;419
0;1741092191842;420
0;1741092193693;421
0;1741092195121;422
0;1741092197078;423
0;1741092199028;424
0;1741092207616;425
0;1741092210104;426
0;1741092211377;427
0;1741092212006;428
0;1741092220856;429
0;1741092228783;430
0;1741092231657;431
0;1741092244496;432
0;1741092246917;433
0;1741092248584;434
0;1741092252502;435
0;1741092260785;436
0;1741092261396;437
0;1741092264293;438
0;1741092274554;439
0;1741092275599;440
0;1741092283176;441
0;1741092284669;442
0;1741092291834;443
0;1741092295670;444
0;1741092304306;445
0;1741092307815;446
0;1741092315781;447
0;1741092318868;448
0;1741092324868;449
0;1741092336601;450
0;1741092337215;451
0;1741092343129;452
0;1741092346625;453
0;1741092348274;454
0;1741092355159;455
0;1741092359363;456
0;1741092367791;457
0;1741092373424;458
0;1741092379095;459
0;1741092384213;460
0;1741092384279;461
0;1741092391307;462
0;1741092396874;463
0;1741092398841;464
0;1741092403362;465
0;1741092414243;466
0;1741092414292;467
0;1741092415908;468
0;1741092418008;469
0;1741092419728;470
0;1741092425391;471
0;1741092438061;472
0;1741092444336;473
0;1741092447242;474
0;1741092451750;475
0;1741092456507;476
0;1741092457082;477
0;1741092464640;478
0;1741092476338;479
0;1741092478831;480
0;1741092478855;481
0;1741092484315;482
0;1741092491972;483
0;1741092499022;484
0;1741092505388;485
0;1741092511090;486
0;1741092523868;487
0;1741092524354;488
0;1741092524930;489
0;1741092528495;490
0;1741092532410;491
0;1741092536170;492
0;1741092539390;493
0;1741092544000;494
0;1741092556669;495
0;1741092559580;496
0;1741092568331;497
0;1741092570692;498
0;1741092571737;499
0;1741092572866;500
0;1741092574287;501
0;1741092579815;502
0;1741092584522;503
0;1741092585512;504
0;1741092594733;505
0;1741092600953;506
0;1741092602592;507
0;1741092603209;508
0;1741092628348;509
0;1741092633894;510
0;1741092634833;511
0;1741092635376;512
0;1741092635806;513
0;1741092639393;514
0;1741092651622;515
0;1741092657986;516
0;1741092668540;517
0;1741092673557;518
0;1741092678526;519
0;1741092683804;520
0;1741092685270;521
0;1741092687463;522
0;1741092691219;523
0;1741092695851;524
0;1741092698823;525
0;1741092703222;526
0;1741092711665;527
0;1741092716334;528
0;1741092724805;529
0;1741092725156;530
0;1741092738414;531
0;1741092743671;532
0;1741092744216;533
0;1741092746999;534
0;1741092755466;535
0;1741092758128;536
0;1741092760236;537
0;1741092762950;538
0;1741092773141;539
0;1741092773336;540
0;1741092774261;541
0;1741092778252;542
0;1741092783097;543
0;1741092787791;544
0;1741092791321;545
0;1741092798677;546
0;1741092817490;547
0;1741092825293;548
0;1741092826926;549
0;1741092827977;550
0;1741092831404;551
0;1741092846306;552
0;1741092852069;553
0;1741092852276;554
0;1741092853783;555
0;1741092854815;556
0;1741092858873;557
0;1741092863252;558
0;1741092869559;559
0;1741092873199;560
0;1741092876014;561
0;1741092878725;562
0;1741092883925;563
0;1741092889562;564
0;1741092900901;565
0;1741092912390;566
0;1741092914152;567
0;1741092916219;568
0;1741092917527;569
0;1741092924731;570
0;1741092925695;571
0;1741092930938;572
0;1741092941023;573
0;1741092943863;574
0;1741092945405;575
0;1741092956808;576
0;1741092961882;577
0;1741092970674;578
0;1741092974464;579
0;1741092983065;580
0;1741092988698;581
0;1741092989022;582
0;1741092993871;583
0;1741092997037;584
0;1741092999571;585
0;1741093008885;586
0;1741093010465;587
0;1741093023335;588
0;1741093025218;589
0;1741093025607;590
0;1741093031316;591
0;1741093033632;592
0;1741093036664;593
0;1741093041445;594
0;1741093044902;595
0;1741093046323;596
0;1741093057089;597
0;1741093067221;598
0;1741093072263;599
0;1741093077665;600
0;1741093081213;601
0;1741093091130;602
0;1741093092499;603
0;1741093100466;604
0;1741093100665;605
0;1741093108916;606
0;1741093111914;607
0;1741093113026;608
0;1741093126303;609
0;1741093131297;610
0;1741093140665;611
0;1741093142345;612
0;1741093146129;613
0;1741093147286;614
0;1741093153100;615
0;1741093160284;616
0;1741093171741;617
0;1741093177206;618
0;1741093182242;619
0;1741093182875;620
0;1741093184509;621
0;1741093186901;622
0;1741093195438;623
0;1741093201208;624
0;1741093206725;625
0;1741093208238;626
0;1741093209802;627
0;1741093220624;628
0;1741093225072;629
0;1741093231129;630
0;1741093237742;631
0;1741093240767;632
0;1741093245082;633
0;1741093254495;634
0;1741093255668;635
0;1741093258634;636
0;1741093266488;637
0;1741093277455;638
0;1741093283645;639
0;1741093284478;640
0;1741093291253;641
0;1741093291895;642
0;1741093296904;643
0;1741093298172;644
0;1741093299283;645
0;1741093304918;646
0;1741093307356;647
0;1741093316414;648
0;1741093317233;649
0;1741093323002;650
0;1741093337453;651
0;1741093341324;652
0;1741093341879;653
0;1741093343778;654
0;1741093352928;655
0;1741093353182;656
0;1741093361523;657
0;1741093369123;658
0;1741093369895;659
0;1741093374185;660
0;1741093381448;661
0;1741093383282;662
0;1741093390931;663
0;1741093401772;664
0;1741093410203;665
0;1741093411355;666
0;1741093417020;667
0;1741093418123;668
0;1741093425744;669
0;1741093426324;670
0;1741093431178;671
0;1741093439784;672
0;1741093439903;673
0;1741093440333;674
0;1741093445608;675
0;1741093450608;676
0;1741093462051;677
0;1741093474549;678
0;1741093482208;679
0;1741093482489;680
0;1741093484230;681
0;1741093488455;682
0;1741093488574;683
0;1741093497232;684
0;1741093499554;685
0;1741093514512;686
0;1741093518611;687
0;1741093518739;688
0;1741093520603;689
0;1741093522854;690
0;1741093523274;691
0;1741093537911;692
0;1741093544864;693
0;1741093548181;694
0;1741093553929;695
0;1741093555328;696
0;1741093559367;697
0;1741093564651;698
0;1741093567964;699
0;1741093577991;700
0;1741093590610;701
0;1741093590727;702
0;1741093592759;703
0;1741093592784;704
0;1741093599921;705
0;1741093608274;706
0;1741093608593;707
0;1741093609075;708
0;1741093613216;709
0;1741093622180;710
0;1741093625320;711
0;1741093642190;712
0;1741093649771;713
0;1741093650964;714
0;1741093653570;715
0;1741093653827;716
0;1741093656891;717
0;1741093670320;718
0;1741093680112;719
0;1741093685869;720
0;1741093686884;721
0;1741093691648;722
0;1741093695501;723
0;1741093710532;724
0;1741093711901;725
0;1741093713256;726
0;1741093715780;727
0;1741093720103;728
0;1741093721271;729
0;1741093721617;730
3;1741093735855;153
0;1741093736914;731
0;1741093749704;732
0;1741093752300;733
0;1741093753160;734
0;1741093762590;735
0;1741093765514;736
0;1741093767507;737
0;1741093768694;738
0;1741093770766;739
0;1741093774678;740
0;1741093777558;741
0;1741093782358;742
0;1741093799677;743
0;1741093799836;744
0;1741093804506;745
0;1741093811032;746
0;1741093811116;747
0;1741093820518;748
0;1741093826166;749
0;1741093834031;750
0;1741093834417;751
0;1741093837800;752
0;1741093838486;753
0;1741093855076;754
0;1741093855435;755
0;1741093863548;756
0;1741093873402;757
0;1741093878539;758
0;1741093881861;759
0;1741093887360;760
0;1741093887520;761
0;1741093889575;762
0;1741093890036;763
0;1741093890239;764
0;1741093895320;765
0;1741093896043;766
0;1741093909080;767
0;1741093925811;768
0;1741093926427;769
0;1741093929983;770
0;1741093932263;771
0;1741093935045;772
0;1741093938875;773
0;1741093939576;774
0;1741093956186;775
0;1741093956665;776
0;1741093957666;777
0;1741093959120;778
0;1741093967233;779
0;1741093970329;780
0;1741093984455;781
0;1741093996972;782
0;1741093999416;783
0;1741094003627;784
0;1741094005470;785
0;1741094006719;786
0;1741094010258;787
0;1741094014359;788
0;1741094026306;789
0;1741094026560;790
0;1741094037956;791
0;1741094040470;792
0;1741094045404;793
1;1741094046312;16
0;1741094048951;794
0;1741094055976;795
0;1741094056759;796
1;1741094057990;17
0;1741094058194;797
1;1741094058477;18
2;1741094060675;39
0;1741094061436;798
1;1741094063782;19
2;1741094063823;40
2;1741094065470;41
0;1741094066476;799
1;1741094066595;20
0;1741094072047;800
1;1741094072919;21
1;1741094075228;22
0;1741094075364;801
2;1741094077702;42
2;1741094079381;43
1;1741094080391;23
2;1741094082215;44
1;1741094083539;24
1;1741094084349;25
2;1741094089031;45
2;1741094089736;46
2;1741094092791;47
1;1741094094540;26
0;1741094097640;802
2;1741094098606;48
0;1741094101749;803
2;1741094101946;49
1;1741094102973;27
1;1741094104889;28
0;1741094106526;804
0;1741094106653;805
1;1741094110333;29
0;1741094110401;806
0;1741094111033;807
0;1741094111215;808
2;1741094113657;50
0;1741094113926;809
1;1741094115472;30
0;1741094119390;810
1;1741094124512;31
2;1741094125658;51
2;1741094126657;52
0;1741094128109;811
1;1741094129358;32
0;1741094130447;812
2;1741094131073;53
1;1741094131395;33
1;1741094133060;34
2;1741094134353;54
1;1741094137214;35
0;1741094137800;813
2;1741094139594;55
2;1741094139793;56
2;1741094140107;57
1;1741094141343;36
1;1741094143699;37
1;1741094146851;38
2;1741094148283;58
2;1741094148610;59
0;1741094152220;814
2;1741094155050;60
0;1741094155859;815
1;1741094156153;39
1;1741094156253;40
2;1741094156706;61
0;1741094159695;816
2;1741094160951;62
1;1741094161475;41
1;1741094162118;42
0;1741094162596;817
0;1741094165514;818
0;1741094169694;819
2;1741094170537;63
0;1741094170767;820
2;1741094173376;64
1;1741094174452;43
2;1741094176387;65
0;1741094179938;821
1;1741094183340;44
2;1741094183479;66
0;1741094186352;822
0;1741094188637;823
2;1741094192543;67
0;1741094196104;824
2;1741094196148;68
1;1741094199385;45
0;1741094201400;825
0;1741094203243;826
0;1741094203295;827
1;1741094208508;46
1;1741094209550;47
1;1741094211493;48
2;1741094213836;69
1;1741094214335;49
1;1741094214381;50
0;1741094214398;828
2;1741094215073;70
0;1741094215714;829
1;1741094216045;51
1;1741094218655;52
1;1741094220038;53
2;1741094221351;71
2;1741094225005;72
2;1741094226813;73
2;1741094228464;74
0;1741094229058;830
1;1741094230147;54
2;1741094232964;75
2;1741094233872;76
0;1741094238429;831
0;1741094240612;832
0;1741094240683;833
2;1741094241168;77
0;1741094241439;834
2;1741094243340;78
1;1741094246170;55
1;1741094248118;56
0;1741094249443;835
2;1741094250422;79
1;1741094250921;57
1;1741094251370;58
1;1741094253956;59
1;1741094255949;60
0;1741094256630;836
0;1741094258717;837
2;1741094260023;80
1;1741094263486;61
2;1741094263579;81
0;1741094264673;838
2;1741094270294;82
0;1741094270758;839
2;1741094272813;83
0;1741094273977;840
0;1741094282604;841
2;1741094284589;84
1;1741094284628;62
1;1741094285045;63
1;1741094285177;64
2;1741094285537;85
0;1741094285590;842
1;1741094286616;65
2;1741094287392;86
2;1741094287946;87
1;1741094288575;66
2;1741094289709;88
1;1741094290257;67
2;1741094294390;89
0;1741094295062;843
0;1741094303837;844
2;1741094306302;90
0;1741094306448;845
1;1741094308339;68
0;1741094310381;846
1;1741094310403;69
1;1741094310660;70
0;1741094313406;847
0;1741094316185;848
0;1741094316408;849
1;1741094316811;71
2;1741094317542;91
2;1741094321067;92
1;1741094325053;72
2;1741094326821;93
1;1741094327791;73
1;1741094332025;74
0;1741094334075;850
2;1741094335600;94
1;1741094336747;75
1;1741094337375;76
2;1741094337916;95
0;1741094338220;851
1;1741094338248;77
2;1741094338362;96
0;1741094338960;852
0;1741094340736;853
2;1741094340747;97
2;1741094341467;98
0;1741094341561;854
1;1741094343496;78
0;1741094344612;855
2;1741094344710;99
2;1741094347426;100
1;1741094351036;79
0;1741094353678;856
2;1741094356808;101
0;1741094357973;857
2;1741094364413;102
0;1741094365924;858
0;1741094366157;859
1;1741094368810;80
2;1741094371737;103
1;1741094373517;81
0;1741094373633;860
2;1741094377779;104
1;1741094379075;82
0;1741094380652;861
1;1741094381999;83
2;1741094382441;105
2;1741094384949;106
1;1741094385738;84
1;1741094389354;85
1;1741094389722;86
2;1741094391161;107
1;1741094392658;87
0;1741094395231;862
0;1741094396560;863
2;1741094397158;108
0;1741094398770;864
1;1741094399010;88
0;1741094400759;865
2;1741094402751;109
0;1741094403185;866
1;1741094407233;89
2;1741094409063;110
0;1741094410282;867
1;1741094410507;90
2;1741094413162;111
2;1741094417691;112
0;1741094418413;868
0;1741094418854;869
2;1741094419382;113
0;1741094421780;870
1;1741094422937;91
1;1741094423176;92
2;1741094423432;114
2;1741094427375;115
2;1741094428295;116
2;1741094428562;117
1;1741094429133;93
2;1741094434181;118
0;1741094434433;871
0;1741094437542;872
0;1741094437656;873
1;1741094440209;94
0;1741094441489;874
1;1741094443012;95
2;1741094443624;119
1;1741094450339;96
1;1741094452317;97
2;1741094453132;120
0;1741094453925;875
2;1741094454359;121
0;1741094455766;876
0;1741094456923;877
1;1741094459256;98
2;1741094460444;122
1;1741094463154;99
0;1741094464009;878
1;1741094470394;100
0;1741094470545;879
2;1741094471281;123
1;1741094471957;101
0;1741094473535;880
1;1741094479213;102
0;1741094479948;881
2;1741094480355;124
1;1741094480651;103
2;1741094483225;125
1;1741094484881;104
2;1741094486405;126
0;1741094486968;882
0;1741094487370;883
2;1741094487668;127
2;1741094489028;128
1;1741094491042;105
1;1741094492112;106
1;1741094493017;107
1;1741094494084;108
0;1741094494700;884
1;1741094495878;109
2;1741094497914;129
1;1741094502127;110
2;1741094505488;130
0;1741094509814;885
0;1741094512247;886
0;1741094512258;887
0;1741094512530;888
2;1741094518867;131
2;1741094520293;132
2;1741094522060;133
0;1741094522404;889
1;1741094524635;111
1;1741094526130;112
2;1741094529022;134
2;1741094529350;135
0;1741094529540;890
1;1741094530072;113
1;1741094530820;114
0;1741094532911;891
0;1741094533367;892
1;1741094533379;115
0;1741094534383;893
0;1741094539523;894
2;1741094539713;136
2;1741094544155;137
0;1741094545050;895
0;1741094547175;896
1;1741094548651;116
1;1741094549670;117
2;1741094550838;138
0;1741094552133;897
2;1741094552844;139
2;1741094553606;140
1;1741094557105;118
1;1741094559350;119
2;1741094560900;141
1;1741094562022;120
1;1741094562286;121
0;1741094565663;898
0;1741094568202;899
0;1741094568274;900
2;1741094570581;142
2;1741094571538;143
0;1741094573119;901
1;1741094574713;122
2;1741094575125;144
0;1741094578996;902
2;1741094579363;145
0;1741094581376;903
0;1741094590505;904
1;1741094593105;123
2;1741094594372;146
1;1741094594939;124
2;1741094597564;147
1;1741094598852;125
1;1741094599788;126
1;1741094605674;127
1;1741094607702;128
2;1741094608061;148
1;1741094608079;129
1;1741094609957;130
2;1741094610302;149
2;1741094611090;150
1;1741094611790;131
2;1741094612005;151
0;1741094612588;905
2;1741094615333;152
0;1741094618176;906
0;1741094619071;907
0;1741094621884;908
2;1741094622500;153
0;1741094622682;909
2;1741094624165;154
1;1741094624430;132
0;1741094626383;910
0;1741094627764;911
0;1741094628266;912
1;1741094632826;133
0;1741094632995;913
2;1741094634245;155
1;1741094640088;134
0;1741094641444;914
1;1741094642026;135
1;1741094646493;136
1;1741094648215;137
2;1741094648362;156
1;1741094648987;138
2;1741094649798;157
0;1741094652256;915
1;1741094653464;139
1;1741094658367;140
2;1741094658703;158
0;1741094660177;916
0;1741094663296;917
0;1741094664771;918
0;1741094671661;919
1;1741094672719;141
1;1741094672729;142
0;1741094678166;920
0;1741094679761;921
1;1741094681041;143
1;1741094682595;144
1;1741094684182;145
0;1741094684694;922
1;1741094686708;146
0;1741094690971;923
1;1741094692369;147
0;1741094696541;924
0;1741094696945;925
0;1741094707850;926
0;1741094710383;927
1;1741094711259;148
1;1741094712277;149
1;1741094718673;150
1;1741094718867;151
1;1741094719901;152
0;1741094720797;928
1;1741094721218;153
0;1741094721276;929
0;1741094731109;930
0;1741094732747;931
1;1741094734226;154
1;1741094736511;155
0;1741094741408;932
0;1741094743345;933
1;1741094743986;156
0;1741094747305;934
0;1741094751152;935
0;1741094751507;936
1;1741094753982;157
1;1741094755143;158
0;1741094757383;937
1;1741094758101;159
1;1741094762702;160
0;1741094765670;938
1;1741094766467;161
0;1741094769907;939
0;1741094772751;940
1;1741094773519;162
1;1741094775607;163
1;1741094781227;164
0;1741094784161;941
0;1741094784926;942
1;1741094786821;165
1;1741094792950;166
0;1741094793286;943
0;1741094794766;944
0;1741094796561;945
1;1741094797763;167
1;1741094799328;168
0;1741094799367;946
0;1741094804341;947
1;1741094806263;169
0;1741094808933;948
0;1741094810208;949
1;1741094813287;170
1;1741094813615;171
1;1741094817593;172
0;1741094818867;950
1;1741094823232;173
1;1741094832682;174
0;1741094832738;951
0;1741094833832;952
1;1741094834061;175
1;1741094834110;176
0;1741094836298;953
0;1741094843877;954
1;1741094848823;177
1;1741094849298;178
1;1741094853339;179
0;1741094854954;955
0;1741094863296;956
1;1741094866312;180
0;1741094866400;957
0;1741094867065;958
0;1741094868313;959
1;1741094873545;181
1;1741094873686;182
1;1741094876629;183
0;1741094878123;960
0;1741094884173;961
1;1741094884836;184
2;1741094886746;159
2;1741094886803;160
2;1741094887437;161
2;1741094889921;162
0;1741094890767;962
2;1741094891989;163
1;1741094893588;185
0;1741094893761;963
1;1741094894583;186
0;1741094896710;964
0;1741094897366;965
1;1741094898100;187
2;1741094899974;164
1;1741094900510;188
2;1741094901942;165
2;1741094903597;166
0;1741094904856;966
1;1741094910324;189
1;1741094911179;190
2;1741094912224;167
0;1741094913650;967
1;1741094914908;191
1;1741094915763;192
2;1741094915856;168
0;1741094917521;968
1;1741094919040;193
2;1741094922262;169
1;1741094922421;194
2;1741094922996;170
2;1741094923815;171
0;1741094926383;969
0;1741094929726;970
1;1741094930512;195
1;1741094931197;196
0;1741094931480;971
2;1741094933607;172
0;1741094934253;972
0;1741094938841;973
0;1741094942924;974
0;1741094944028;975
2;1741094946120;173
0;1741094946325;976
2;1741094947194;174
1;1741094947326;197
1;1741094949537;198
0;1741094951413;977
2;1741094952782;175
1;1741094958522;199
1;1741094959505;200
1;1741094959652;201
2;1741094960417;176
0;1741094960960;978
2;1741094965897;177
2;1741094966755;178
2;1741094972048;179
1;1741094972685;202
2;1741094974019;180
0;1741094977344;979
0;1741094979044;980
1;1741094980846;203
1;1741094983578;204
2;1741094984058;181
0;1741094985722;981
1;1741094988982;205
0;1741094989331;982
2;1741094990266;182
2;1741094990457;183
0;1741094991648;983
2;1741094995271;184
1;1741094997204;206
0;1741094997805;984
0;1741094997830;985
2;1741094999186;185
1;1741094999864;207
2;1741095002738;186
1;1741095008091;208
2;1741095010438;187
2;1741095014865;188
1;1741095015394;209
0;1741095015425;986
0;1741095016290;987
0;1741095018543;988
1;1741095018919;210
1;1741095020302;211
1;1741095020692;212
2;1741095022236;189
0;1741095023590;989
1;1741095025463;213
1;1741095025576;214
2;1741095027897;190
0;1741095028894;990
1;1741095030218;215
0;1741095033216;991
0;1741095036363;992
0;1741095036600;993
1;1741095037632;216
2;1741095038845;191
2;1741095038855;192
1;1741095043914;217
2;1741095044328;193
0;1741095046224;994
0;1741095049610;995
1;1741095052060;218
1;1741095054930;219
2;1741095058515;194
2;1741095060280;195
0;1741095061383;996
2;1741095062733;196
0;1741095063202;997
2;1741095063269;197
2;1741095069775;198
1;1741095073743;220
0;1741095074138;998
1;1741095076524;221
0;1741095076631;999
0;1741095077370;1000
1;1741095078472;222
2;1741095078619;199
1;1741095080651;223
2;1741095082534;200
2;1741095083114;201
1;1741095084571;224
1;1741095086333;225
0;1741095087161;1001
2;1741095089337;202
0;1741095091524;1002
0;1741095093211;1003
2;1741095097857;203
0;1741095098907;1004
2;1741095100205;204
2;1741095102330;205
1;1741095102587;226
0;1741095104664;1005
1;1741095105870;227
1;1741095107215;228
2;1741095108663;206
0;1741095109093;1006
1;1741095109886;229
2;1741095110825;207
1;1741095111065;230
0;1741095114000;1007
2;1741095114735;208
1;1741095116502;231
0;1741095120927;1008
1;1741095121368;232
0;1741095128381;1009
0;1741095128638;1010
2;1741095129949;209
1;1741095130519;233
2;1741095130643;210
0;1741095131409;1011
1;1741095131613;234
2;1741095132951;211
0;1741095134275;1012
2;1741095134298;212
2;1741095140604;213
1;1741095141758;235
1;1741095143686;236
0;1741095145461;1013
1;1741095145621;237
0;1741095147432;1014
1;1741095148525;238
1;1741095150557;239
1;1741095150902;240
2;1741095156488;214
2;1741095157001;215
0;1741095158328;1015
2;1741095159044;216
2;1741095159722;217
2;1741095163083;218
1;1741095163823;241
0;1741095165169;1016
2;1741095165754;219
1;1741095166290;242
0;1741095166552;1017
0;1741095166581;1018
0;1741095173015;1019
0;1741095176883;1020
2;1741095177832;220
0;1741095177946;1021
2;1741095178008;221
1;1741095181590;243
2;1741095182614;222
2;1741095182653;223
1;1741095184695;244
1;1741095187875;245
1;1741095188203;246
0;1741095190220;1022
1;1741095190917;247
2;1741095194545;224
0;1741095195439;1023
1;1741095197322;248
0;1741095200422;1024
0;1741095200470;1025
2;1741095203080;225
0;1741095203956;1026
1;1741095209403;249
2;1741095209722;226
0;1741095210754;1027
2;1741095213976;227
2;1741095216675;228
1;1741095216697;250
1;1741095217241;251
1;1741095218344;252
0;1741095222795;1028
2;1741095223709;229
0;1741095224433;1029
2;1741095226821;230
2;1741095228142;231
1;1741095229119;253
0;1741095233400;1030
1;1741095240949;254
0;1741095241829;1031
0;1741095241842;1032
1;1741095242512;255
2;1741095243557;232
1;1741095244106;256
2;1741095248007;233
0;1741095248082;1033
2;1741095248706;234
0;1741095249991;1034
1;1741095254912;257
2;1741095256263;235
2;1741095257449;236
0;1741095258525;1035
0;1741095259523;1036
1;1741095262918;258
1;1741095264744;259
1;1741095265700;260
1;1741095267856;261
1;1741095271706;262
0;1741095272888;1037
0;1741095274106;1038
1;1741095274672;263
0;1741095275010;1039
2;1741095275594;237
0;1741095277220;1040
0;1741095278039;1041
2;1741095279456;238
2;1741095279602;239
2;1741095280631;240
0;1741095282485;1042
2;1741095283843;241
2;1741095292949;242
0;1741095294784;1043
0;1741095295512;1044
2;1741095296524;243
0;1741095298739;1045
0;1741095300576;1046
0;1741095301846;1047
2;1741095303094;244
2;1741095306668;245
0;1741095306692;1048
2;1741095307339;246
2;1741095312920;247
2;1741095317681;248
2;1741095321513;249
0;1741095321529;1049
0;1741095321569;1050
0;1741095321676;1051
2;1741095326662;250
0;1741095329895;1052
2;1741095333424;251
2;1741095341086;252
2;1741095344523;253
0;1741095346847;1053
2;1741095347016;254
2;1741095348105;255
0;1741095348760;1054
0;1741095349619;1055
0;1741095353136;1056
0;1741095354607;1057
2;1741095365581;256
2;1741095368300;257
2;1741095370010;258
2;1741095371697;259
0;1741095376203;1058
0;1741095378557;1059
2;1741095379184;260
0;1741095380453;1060
0;1741095382051;1061
0;1741095384146;1062
2;1741095384992;261
0;1741095387659;1063
2;1741095390107;262
0;1741095393048;1064
2;1741095403827;263
0;1741095404452;1065
2;1741095405334;264
2;1741095405541;265
0;1741095410572;1066
0;1741095410630;1067
0;1741095418641;1068
2;1741095420594;266
0;1741095422778;1069
0;1741095423451;1070
2;1741095423859;267
0;1741095425112;1071
2;1741095425125;268
2;1741095429505;269
2;1741095429726;270
0;1741095430014;1072
0;1741095432716;1073
0;1741095435825;1074
2;1741095435842;271
3;1741095435854;154
2;1741095442503;272
2;1741095446799;273
2;1741095449412;274
2;1741095457143;275
0;1741095457409;1075
2;1741095458873;276
0;1741095459762;1076
2;1741095466861;277
0;1741095467026;1077
0;1741095468362;1078
2;1741095472764;278
2;1741095472970;279
0;1741095475996;1079
0;1741095476551;1080
0;1741095477211;1081
2;1741095479669;280
2;1741095480404;281
2;1741095484069;282
0;1741095489558;1082
0;1741095489957;1083
0;1741095501594;1084
0;1741095504519;1085
0;1741095513650;1086
0;1741095514814;1087
0;1741095526108;1088
0;1741095526963;1089
0;1741095529907;1090
0;1741095530422;1091
0;1741095533717;1092
0;1741095534797;1093
0;1741095545134;1094
0;1741095550053;1095
0;1741095550346;1096
0;1741095565125;1097
0;1741095565355;1098
0;1741095568428;1099
0;1741095572295;1100
0;1741095587458;1101
0;1741095593641;1102
0;1741095598614;1103
0;1741095606721;1104
0;1741095608650;1105
0;1741095610210;1106
0;1741095613296;1107
0;1741095616420;1108
0;1741095626134;1109
0;1741095627596;1110
0;1741095627826;1111
0;1741095633852;1112
1;1741095636890;264
0;1741095637379;1113
0;1741095639696;1114
0;1741095646962;1115
0;1741095651219;1116
1;1741095657162;265
1;1741095663087;266
0;1741095663481;1117
1;1741095666855;267
1;1741095668039;268
1;1741095668517;269
0;1741095673478;1118
1;1741095673954;270
1;1741095675081;271
0;1741095675259;1119
0;1741095678014;1120
0;1741095678309;1121
0;1741095680638;1122
1;1741095688544;272
1;1741095690541;273
0;1741095695445;1123
0;1741095697251;1124
0;1741095700656;1125
1;1741095701001;274
1;1741095701914;275
1;1741095701953;276
1;1741095702285;277
0;1741095703597;1126
1;1741095707096;278
0;1741095707583;1127
0;1741095710482;1128
0;1741095711445;1129
1;1741095713026;279
1;1741095725753;280
0;1741095731281;1130
0;1741095733915;1131
0;1741095735014;1132
1;1741095739323;281
0;1741095743596;1133
0;1741095749142;1134
1;1741095749543;282
0;1741095751572;1135
1;1741095753060;283
1;1741095753810;284
1;1741095754962;285
1;1741095758422;286
0;1741095764120;1136
0;1741095768818;1137
0;1741095769983;1138
1;1741095772081;287
1;1741095776654;288
0;1741095780026;1139
0;1741095780047;1140
0;1741095780221;1141
1;1741095783432;289
0;1741095785001;1142
0;1741095786399;1143
1;1741095786493;290
1;1741095788806;291
1;1741095793190;292
0;1741095798194;1144
1;1741095798334;293
1;1741095798628;294
1;1741095808259;295
0;1741095808326;1145
1;1741095809165;296
1;1741095810783;297
0;1741095812897;1146
1;1741095813906;298
1;1741095817394;299
0;1741095818778;1147
0;1741095818786;1148
0;1741095819415;1149
1;1741095821196;300
0;1741095828711;1150
0;1741095832813;1151
1;1741095832905;301
1;1741095837096;302
1;1741095840466;303
0;1741095843340;1152
1;1741095843584;304
0;1741095847605;1153
1;1741095851281;305
0;1741095852388;1154
0;1741095853610;1155
1;1741095858663;306
1;1741095859420;307
0;1741095860466;1156
1;1741095862667;308
0;1741095866228;1157
0;1741095866967;1158
0;1741095870206;1159
1;1741095874988;309
1;1741095878128;310
0;1741095878579;1160
0;1741095879120;1161
1;1741095879403;311
1;1741095885098;312
0;1741095888508;1162
1;1741095890604;313
1;1741095892096;314
0;1741095895169;1163
1;1741095898088;315
0;1741095898784;1164
1;1741095901145;316
0;1741095903250;1165
1;1741095903461;317
0;1741095906077;1166
0;1741095914799;1167
0;1741095922886;1168
1;1741095923429;318
0;1741095925475;1169
0;1741095926347;1170
0;1741095927830;1171
1;1741095928889;319
1;1741095931869;320
0;1741095933872;1172
0;1741095934474;1173
1;1741095936826;321
1;1741095937564;322
1;1741095939793;323
1;1741095940992;324
0;1741095947674;1174
1;1741095948808;325
1;1741095951788;326
0;1741095951963;1175
0;1741095955811;1176
1;1741095956994;327
0;1741095969465;1177
1;1741095969900;328
0;1741095970293;1178
1;1741095974682;329
0;1741095976395;1179
1;1741095978406;330
0;1741095982556;1180
0;1741095986214;1181
1;1741095987276;331
1;1741095989548;332
0;1741095990670;1182
1;1741095992567;333
0;1741095994891;1183
0;1741095999358;1184
1;1741095999677;334
1;1741096000230;335
0;1741096002091;1185
1;1741096003247;336
0;1741096006657;1186
0;1741096014030;1187
1;1741096014207;337
1;1741096020887;338
0;1741096023308;1188
0;1741096023748;1189
1;1741096025435;339
1;1741096025858;340
0;1741096028108;1190
0;1741096028531;1191
0;1741096033021;1192
1;1741096033632;341
0;1741096035612;1193
1;1741096041870;342
1;1741096042512;343
0;1741096046010;1194
1;1741096050694;344
1;1741096052840;345
1;1741096053132;346
0;1741096054182;1195
0;1741096058011;1196
0;1741096058024;1197
0;1741096058278;1198
0;1741096068305;1199
1;1741096072144;347
1;1741096072658;348
1;1741096074027;349
0;1741096076095;1200
0;1741096078818;1201
1;1741096080417;350
1;1741096081139;351
0;1741096086520;1202
1;1741096086542;352
0;1741096088686;1203
0;1741096089350;1204
0;1741096089545;1205
1;1741096092078;353
1;1741096100453;354
0;1741096107171;1206
0;1741096110404;1207
1;1741096113540;355
1;1741096117826;356
1;1741096121121;357
0;1741096124937;1208
1;1741096126055;358
0;1741096129514;1209
1;1741096129664;359
0;1741096132433;1210
0;1741096133146;1211
1;1741096134602;360
0;1741096135320;1212
1;1741096135333;361
1;1741096141511;362
0;1741096145687;1213
0;1741096154380;1214
1;1741096155230;363
1;1741096156214;364
1;1741096156730;365
0;1741096162330;1215
1;1741096163039;366
0;1741096164509;1216
1;1741096168057;367
1;1741096168238;368
1;1741096170763;369
1;1741096171201;370
0;1741096171383;1217
0;1741096173300;1218
1;1741096173535;371
0;1741096176728;1219
0;1741096177122;1220
0;1741096178721;1221
1;1741096185699;372
1;1741096189039;373
0;1741096190979;1222
0;1741096192347;1223
1;1741096196621;374
1;1741096199531;375
0;1741096200983;1224
1;1741096202508;376
0;1741096204106;1225
0;1741096204386;1226
1;1741096204399;377
0;1741096208378;1227
1;1741096210174;378
0;1741096211747;1228
1;1741096213653;379
1;1741096220730;380
0;1741096221813;1229
0;1741096223434;1230
0;1741096225536;1231
1;1741096227118;381
1;1741096234536;382
0;1741096237388;1232
0;1741096240682;1233
1;1741096243602;383
0;1741096248045;1234
1;1741096253894;384
1;1741096255395;385
0;1741096257251;1235
1;1741096258858;386
1;1741096260208;387
0;1741096264106;1236
0;1741096264611;1237
1;1741096265971;388
1;1741096270537;389
0;1741096273920;1238
0;1741096274186;1239
0;1741096284132;1240
1;1741096284508;390
0;1741096285819;1241
0;1741096286635;1242
1;1741096290944;391
0;1741096298575;1243
0;1741096299983;1244
1;1741096300221;392
0;1741096305137;1245
0;1741096305249;1246
0;1741096315506;1247
0;1741096322572;1248
0;1741096324776;1249
0;1741096326599;1250
0;1741096334421;1251
0;1741096337680;1252
0;1741096347888;1253
0;1741096354360;1254
0;1741096358429;1255
0;1741096362639;1256
0;1741096363805;1257
0;1741096364058;1258
0;1741096364260;1259
0;1741096367676;1260
0;1741096382459;1261
0;1741096388153;1262
0;1741096389281;1263
0;1741096395815;1264
0;1741096401657;1265
0;1741096410533;1266
0;1741096419015;1267
0;1741096419412;1268
0;1741096423213;1269
0;1741096433446;1270
0;1741096435386;1271
0;1741096440861;1272
0;1741096448660;1273
0;1741096452782;1274
0;1741096454236;1275
0;1741096454590;1276
0;1741096456025;1277
0;1741096468119;1278
0;1741096470457;1279
0;1741096487733;1280
0;1741096488061;1281
0;1741096491229;1282
0;1741096500015;1283
0;1741096503336;1284
0;1741096503540;1285
0;1741096510545;1286
0;1741096510799;1287
0;1741096515918;1288
0;1741096520643;1289
0;1741096533580;1290
0;1741096538278;1291
0;1741096540828;1292
0;1741096541254;1293
0;1741096548499;1294
0;1741096552161;1295
0;1741096556210;1296
0;1741096559338;1297
0;1741096566027;1298
0;1741096570611;1299
0;1741096581643;1300
0;1741096588021;1301
0;1741096597712;1302
0;1741096603083;1303
0;1741096605354;1304
0;1741096605669;1305
0;1741096607317;1306
0;1741096613903;1307
0;1741096614297;1308
0;1741096617936;1309
0;1741096623850;1310
0;1741096625205;1311
0;1741096639983;1312
0;1741096641280;1313
0;1741096646591;1314
0;1741096652034;1315
0;1741096655345;1316
0;1741096660227;1317
0;1741096663677;1318
0;1741096667225;1319
0;1741096668765;1320
0;1741096681560;1321
0;1741096689777;1322
0;1741096698433;1323
0;1741096701637;1324
0;1741096705723;1325
0;1741096710355;1326
0;1741096719204;1327
0;1741096720177;1328
0;1741096720501;1329
0;1741096727970;1330
0;1741096728996;1331
0;1741096730386;1332
0;1741096738815;1333
0;1741096745812;1334
0;1741096755261;1335
0;1741096770487;1336
0;1741096770841;1337
0;1741096771435;1338
0;1741096771941;1339
0;1741096777702;1340
0;1741096778246;1341
0;1741096786072;1342
0;1741096789350;1343
0;1741096789709;1344
0;1741096797990;1345
0;1741096804322;1346
0;1741096815064;1347
0;1741096819602;1348
0;1741096821001;1349
0;1741096827019;1350
0;1741096838680;1351
0;1741096840665;1352
0;1741096843805;1353
0;1741096848697;1354
0;1741096848897;1355
0;1741096864983;1356
0;1741096865116;1357
0;1741096868721;1358
1;1741096869337;393
0;1741096873005;1359
1;1741096874460;394
0;1741096875599;1360
1;1741096880983;395
0;1741096881378;1361
1;1741096883398;396
0;1741096883958;1362
0;1741096889306;1363
1;1741096894832;397
1;1741096896927;398
0;1741096897068;1364
1;1741096898637;399
1;1741096902870;400
0;1741096904678;1365
1;1741096905483;401
0;1741096906715;1366
0;1741096908021;1367
0;1741096909247;1368
0;1741096921877;1369
0;1741096922642;1370
1;1741096928294;402
0;1741096931169;1371
1;1741096932935;403
1;1741096933671;404
1;1741096934752;405
1;1741096941894;406
1;1741096942825;407
0;1741096942852;1372
0;1741096945867;1373
0;1741096948621;1374
1;1741096948893;408
0;1741096949352;1375
0;1741096957330;1376
0;1741096960909;1377
1;1741096962205;409
0;1741096962316;1378
0;1741096964616;1379
0;1741096969650;1380
1;1741096970876;410
1;1741096972369;411
0;1741096979669;1381
1;1741096982091;412
1;1741096982641;413
0;1741096984793;1382
1;1741096986727;414
1;1741096988605;415
0;1741096989393;1383
1;1741096992856;416
0;1741096993295;1384
1;1741096995133;417
0;1741096999498;1385
1;1741097000271;418
0;1741097003888;1386
0;1741097006058;1387
1;1741097009491;419
1;1741097010195;420
0;1741097010849;1388
0;1741097015350;1389
1;1741097016997;421
1;1741097019797;422
0;1741097021693;1390
0;1741097028135;1391
1;1741097030134;423
0;1741097032695;1392
1;1741097035184;424
0;1741097037358;1393
1;1741097040467;425
1;1741097041134;426
1;1741097043631;427
0;1741097051476;1394
1;1741097055860;428
0;1741097058433;1395
0;1741097058627;1396
1;1741097062343;429
1;1741097066457;430
0;1741097066850;1397
0;1741097068508;1398
1;1741097072298;431
1;1741097075031;432
1;1741097076369;433
1;1741097076942;434
0;1741097078279;1399
0;1741097081369;1400
1;1741097083561;435
0;1741097088180;1401
0;1741097088341;1402
1;1741097088553;436
0;1741097090957;1403
0;1741097092884;1404
0;1741097093407;1405
1;1741097098030;437
0;1741097101989;1406
1;1741097105760;438
0;1741097114526;1407
1;1741097115671;439
1;1741097117831;440
1;1741097121380;441
0;1741097122258;1408
0;1741097123476;1409
1;1741097130639;442
0;1741097131520;1410
1;1741097132458;443
0;1741097132865;1411
0;1741097133494;1412
1;1741097133817;444
1;1741097134456;445
1;1741097136084;446
1;1741097139530;447
0;1741097139929;1413
0;1741097149854;1414
0;1741097154207;1415
1;1741097154617;448
0;1741097155689;1416
1;1741097158211;449
1;1741097162193;450
1;1741097165718;451
0;1741097170328;1417
0;1741097172711;1418
0;1741097178459;1419
1;1741097179013;452
1;1741097179404;453
1;1741097181285;454
1;1741097184008;455
0;1741097184548;1420
0;1741097185536;1421
0;1741097185713;1422
0;1741097187144;1423
1;1741097188815;456
1;1741097190744;457
0;1741097202921;1424
0;1741097206780;1425
1;1741097210964;458
1;1741097211086;459
0;1741097212148;1426
0;1741097216812;1427
1;1741097217692;460
1;1741097223455;461
0;1741097224292;1428
1;1741097224961;462
1;1741097225882;463
0;1741097227224;1429
1;1741097229473;464
0;1741097229866;1430
1;1741097230576;465
1;1741097242361;466
0;1741097244399;1431
0;1741097246498;1432
0;1741097246903;1433
1;1741097251024;467
0;1741097251378;1434
0;1741097251817;1435
1;1741097252520;468
0;1741097252998;1436
1;1741097254734;469
0;1741097258845;1437
1;1741097259505;470
1;1741097262830;471
0;1741097267315;1438
1;1741097275577;472
0;1741097279291;1439
1;1741097279588;473
1;1741097280850;474
0;1741097284917;1440
0;1741097290185;1441
0;1741097291386;1442
0;1741097291705;1443
0;1741097295713;1444
0;1741097297237;1445
1;1741097298632;475
1;1741097298840;476
1;1741097301922;477
1;1741097302897;478
1;1741097305975;479
1;1741097308720;480
0;1741097311692;1446
0;1741097313565;1447
1;1741097315265;481
0;1741097318697;1448
0;1741097323848;1449
1;1741097328317;482
1;1741097328924;483
1;1741097329288;484
0;1741097332118;1450
1;1741097336786;485
0;1741097337627;1451
1;1741097338259;486
0;1741097343269;1452
1;1741097345574;487
1;1741097346273;488
0;1741097349761;1453
0;1741097357084;1454
1;1741097357676;489
0;1741097358340;1455
1;1741097359071;490
1;1741097361011;491
0;1741097361958;1456
1;1741097372056;492
1;1741097373965;493
0;1741097375573;1457
1;1741097376032;494
0;1741097377409;1458
0;1741097377949;1459
1;1741097379336;495
1;1741097383663;496
0;1741097383720;1460
0;1741097387764;1461
1;1741097389173;497
0;1741097390041;1462
0;1741097401223;1463
1;1741097402750;498
0;1741097405671;1464
0;1741097409230;1465
1;1741097412655;499
0;1741097413432;1466
1;1741097414368;500
0;1741097417804;1467
0;1741097418173;1468
1;1741097419619;501
0;1741097424533;1469
1;1741097429447;502
0;1741097429993;1470
1;1741097430512;503
1;1741097432500;504
0;1741097433518;1471
1;1741097435573;505
0;1741097438091;1472
1;1741097438817;506
0;1741097439164;1473
1;1741097439886;507
0;1741097447202;1474
0;1741097457043;1475
0;1741097457407;1476
0;1741097468516;1477
0;1741097472351;1478
0;1741097476178;1479
0;1741097477405;1480
0;1741097480156;1481
0;1741097486307;1482
0;1741097490895;1483
0;1741097496383;1484
0;1741097500022;1485
0;1741097505143;1486
0;1741097516511;1487
0;1741097516986;1488
0;1741097519425;1489
0;1741097531377;1490
0;1741097537144;1491
0;1741097542649;1492
0;1741097547034;1493
0;1741097550515;1494
0;1741097557752;1495
0;1741097561684;1496
0;1741097561869;1497
0;1741097572277;1498
0;1741097576383;1499
0;1741097580617;1500
0;1741097586958;1501
0;1741097589102;1502
0;1741097590292;1503
0;1741097593516;1504
0;1741097596414;1505
0;1741097598978;1506
0;1741097602220;1507
0;1741097623722;1508
0;1741097627923;1509
0;1741097628309;1510
0;1741097631632;1511
0;1741097639030;1512
0;1741097639708;1513
0;1741097642019;1514
0;1741097648717;1515
0;1741097654643;1516
0;1741097665039;1517
0;1741097677888;1518
0;1741097683734;1519
0;1741097684724;1520
0;1741097686944;1521
0;1741097693734;1522
0;1741097694633;1523
0;1741097695135;1524
0;1741097698991;1525
0;1741097701257;1526
0;1741097706207;1527
0;1741097711880;1528
0;1741097717934;1529
0;1741097718084;1530
0;1741097741304;1531
0;1741097743889;1532
0;1741097743969;1533
0;1741097747951;1534
0;1741097755582;1535
0;1741097760798;1536
0;1741097762511;1537
0;1741097768686;1538
0;1741097770550;1539
0;1741097774399;1540
0;1741097775280;1541
0;1741097782867;1542
0;1741097801483;1543
0;1741097802091;1544
0;1741097807171;1545
0;1741097809746;1546
0;1741097811630;1547
0;1741097814056;1548
0;1741097821572;1549
0;1741097822911;1550
0;1741097829374;1551
0;1741097838996;1552
0;1741097844186;1553
0;1741097847640;1554
0;1741097854659;1555
0;1741097861772;1556
0;1741097862623;1557
0;1741097872460;1558
0;1741097875110;1559
0;1741097881420;1560
0;1741097881446;1561
0;1741097890306;1562
0;1741097891016;1563
0;1741097898042;1564
0;1741097905549;1565
0;1741097908583;1566
0;1741097910941;1567
0;1741097914030;1568
0;1741097928039;1569
0;1741097934415;1570
0;1741097936692;1571
0;1741097938923;1572
0;1741097943713;1573
0;1741097944136;1574
0;1741097949620;1575
0;1741097960372;1576
0;1741097964899;1577
0;1741097974525;1578
0;1741097981533;1579
0;1741097984997;1580
0;1741097987431;1581
0;1741097989291;1582
0;1741097989430;1583
0;1741097991200;1584
0;1741097996559;1585
0;1741098003461;1586
0;1741098011335;1587
0;1741098024146;1588
0;1741098025103;1589
0;1741098030138;1590
0;1741098030568;1591
0;1741098032658;1592
0;1741098046909;1593
0;1741098047906;1594
0;1741098050218;1595
0;1741098059390;1596
0;1741098063817;1597
0;1741098066568;1598
0;1741098067254;1599
0;1741098076201;1600
0;1741098078481;1601
0;1741098083327;1602
0;1741098098195;1603
0;1741098104208;1604
0;1741098106963;1605
0;1741098107450;1606
0;1741098107995;1607
0;1741098110546;1608
0;1741098115067;1609
0;1741098128335;1610
0;1741098132564;1611
0;1741098133534;1612
0;1741098141439;1613
0;1741098156057;1614
0;1741098158173;1615
0;1741098158739;1616
0;1741098166803;1617
0;1741098167897;1618
0;1741098167968;1619
0;1741098171591;1620
0;1741098181196;1621
0;1741098183004;1622
0;1741098184434;1623
0;1741098186706;1624
0;1741098205674;1625
0;1741098207335;1626
0;1741098221604;1627
0;1741098223786;1628
0;1741098228254;1629
0;1741098231545;1630
0;1741098237184;1631
0;1741098240428;1632
0;1741098242738;1633
0;1741098245612;1634
0;1741098252614;1635
0;1741098258583;1636
0;1741098260527;1637
0;1741098265948;1638
0;1741098266276;1639
0;1741098276068;1640
0;1741098279832;1641
0;1741098288340;1642
0;1741098292596;1643
0;1741098301417;1644
0;1741098303514;1645
0;1741098309767;1646
0;1741098316749;1647
0;1741098318553;1648
0;1741098321068;1649
0;1741098333620;1650
0;1741098334217;1651
0;1741098351697;1652
0;1741098352360;1653
0;1741098355475;1654
0;1741098359227;1655
0;1741098364120;1656
0;1741098366408;1657
0;1741098367725;1658
0;1741098370995;1659
0;1741098374213;1660
0;1741098379353;1661
0;1741098387746;1662
0;1741098389585;1663
0;1741098396448;1664
0;1741098401033;1665
0;1741098407988;1666
0;1741098409226;1667
0;1741098411408;1668
0;1741098419638;1669
0;1741098419732;1670
0;1741098436029;1671
0;1741098437843;1672
0;1741098443407;1673
0;1741098445363;1674
0;1741098446129;1675
0;1741098449730;1676
0;1741098450308;1677
0;1741098465315;1678
0;1741098480714;1679
0;1741098488042;1680
0;1741098489353;1681
0;1741098496105;1682
0;1741098500470;1683
0;1741098503579;1684
0;1741098503596;1685
0;1741098513990;1686
0;1741098517218;1687
0;1741098520013;1688
0;1741098530434;1689
0;1741098531067;1690
0;1741098531860;1691
0;1741098534287;1692
0;1741098539442;1693
0;1741098551848;1694
0;1741098553309;1695
0;1741098556606;1696
0;1741098557410;1697
0;1741098561665;1698
0;1741098567375;1699
0;1741098573858;1700
0;1741098587161;1701
0;1741098589403;1702
0;1741098598894;1703
0;1741098605426;1704
0;1741098608424;1705
0;1741098609818;1706
0;1741098611587;1707
0;1741098612628;1708
0;1741098618788;1709
0;1741098624446;1710
0;1741098633632;1711
0;1741098637755;1712
0;1741098645680;1713
0;1741098649048;1714
0;1741098653756;1715
0;1741098654988;1716
0;1741098667856;1717
0;1741098672254;1718
0;1741098681705;1719
0;1741098686005;1720
0;1741098686260;1721
0;1741098688202;1722
0;1741098692559;1723
0;1741098701959;1724
0;1741098705040;1725
0;1741098716958;1726
0;1741098716994;1727
0;1741098719695;1728
0;1741098722498;1729
0;1741098724876;1730
0;1741098733012;1731
0;1741098734009;1732
0;1741098737820;1733
0;1741098742636;1734
0;1741098743048;1735
0;1741098756435;1736
0;1741098762653;1737
0;1741098765045;1738
0;1741098765249;1739
0;1741098773738;1740
0;1741098775951;1741
0;1741098780018;1742
0;1741098786564;1743
0;1741098789801;1744
0;1741098806280;1745
0;1741098810066;1746
0;1741098818454;1747
0;1741098819344;1748
0;1741098823008;1749
0;1741098831058;1750
0;1741098833128;1751
0;1741098838088;1752
0;1741098845705;1753
0;1741098848771;1754
0;1741098855100;1755
0;1741098859948;1756
0;1741098864031;1757
0;1741098872980;1758
0;1741098875187;1759
2;1741098878760;283
0;1741098881718;1760
2;1741098884194;284
2;1741098885236;285
0;1741098887529;1761
0;1741098889766;1762
2;1741098890342;286
0;1741098894832;1763
0;1741098897024;1764
0;1741098897700;1765
0;1741098901586;1766
0;1741098902347;1767
2;1741098903669;287
2;1741098906716;288
2;1741098909240;289
0;1741098914607;1768
0;1741098916861;1769
0;1741098923244;1770
2;1741098923570;290
2;1741098926738;291
0;1741098928471;1771
2;1741098931595;292
2;1741098936901;293
2;1741098939119;294
2;1741098939765;295
0;1741098942613;1772
2;1741098947153;296
0;1741098947422;1773
0;1741098948827;1774
2;1741098950550;297
0;1741098952933;1775
0;1741098955394;1776
0;1741098959527;1777
0;1741098963141;1778
2;1741098966058;298
0;1741098970683;1779
2;1741098970853;299
2;1741098970882;300
2;1741098972905;301
2;1741098976139;302
2;1741098976842;303
2;1741098982840;304
0;1741098984673;1780
0;1741098985183;1781
0;1741098987313;1782
0;1741098991883;1783
2;1741098994080;305
2;1741098994647;306
2;1741098998779;307
2;1741098999354;308
0;1741099000665;1784
0;1741099002468;1785
0;1741099009368;1786
2;1741099009497;309
2;1741099013925;310
0;1741099016613;1787
2;1741099017233;311
0;1741099017981;1788
2;1741099018190;312
0;1741099020718;1789
0;1741099022946;1790
2;1741099025546;313
2;1741099030209;314
0;1741099032919;1791
0;1741099034858;1792
2;1741099037552;315
0;1741099041528;1793
2;1741099051227;316
0;1741099051954;1794
0;1741099052091;1795
0;1741099053120;1796
2;1741099053845;317
0;1741099059857;1797
0;1741099061941;1798
2;1741099067277;318
2;1741099067738;319
0;1741099068270;1799
2;1741099070395;320
2;1741099076408;321
2;1741099078132;322
0;1741099078327;1800
0;1741099080081;1801
2;1741099084053;323
2;1741099086210;324
2;1741099087193;325
0;1741099091996;1802
2;1741099092180;326
0;1741099094568;1803
0;1741099100346;1804
0;1741099101086;1805
2;1741099107642;327
2;1741099108969;328
0;1741099110245;1806
2;1741099117884;329
2;1741099120077;330
0;1741099120581;1807
0;1741099124164;1808
0;1741099127561;1809
0;1741099128538;1810
2;1741099129124;331
2;1741099134278;332
0;1741099134681;1811
2;1741099134942;333
0;1741099138012;1812
0;1741099139368;1813
2;1741099139647;334
0;1741099140816;1814
0;1741099143567;1815
2;1741099146092;335
2;1741099147693;336
2;1741099151503;337
0;1741099157273;1816
0;1741099158359;1817
2;1741099158643;338
2;1741099161254;339
0;1741099173150;1818
2;1741099173210;340
0;1741099174890;1819
2;1741099175391;341
2;1741099178455;342
0;1741099182184;1820
2;1741099186750;343
0;1741099187016;1821
0;1741099188059;1822
2;1741099190435;344
2;1741099190632;345
2;1741099191192;346
2;1741099195391;347
0;1741099196653;1823
0;1741099197563;1824
0;1741099200240;1825
2;1741099204588;348
2;1741099208566;349
2;1741099213615;350
0;1741099214052;1826
0;1741099215039;1827
2;1741099215878;351
0;1741099216851;1828
0;1741099217347;1829
0;1741099219696;1830
0;1741099230143;1831
2;1741099233391;352
0;1741099234027;1832
0;1741099235931;1833
2;1741099243398;353
2;1741099243436;354
0;1741099243448;1834
2;1741099250266;355
0;1741099253698;1835
0;1741099254998;1836
2;1741099255546;356
0;1741099255762;1837
2;1741099256059;357
2;1741099258764;358
2;1741099259091;359
2;1741099263003;360
2;1741099263078;361
0;1741099268428;1838
0;1741099274684;1839
0;1741099275717;1840
2;1741099278626;362
0;1741099279327;1841
2;1741099284855;363
0;1741099287864;1842
2;1741099289792;364
2;1741099295873;365
0;1741099298278;1843
0;1741099299403;1844
2;1741099299597;366
0;1741099301945;1845
2;1741099306210;367
0;1741099306953;1846
0;1741099310952;1847
2;1741099311623;368
2;1741099312995;369
2;1741099313277;370
0;1741099314168;1848
0;1741099318588;1849
0;1741099319265;1850
0;1741099321418;1851
2;1741099325267;371
2;1741099327153;372
0;1741099329081;1852
2;1741099329359;373
2;1741099341524;374
0;1741099343469;1853
2;1741099345951;375
2;1741099346520;376
0;1741099350186;1854
0;1741099350493;1855
2;1741099351749;377
2;1741099356209;378
0;1741099357142;1856
0;1741099362016;1857
2;1741099363823;379
0;1741099368979;1858
2;1741099372205;380
0;1741099373618;1859
2;1741099377391;381
2;1741099378592;382
2;1741099378658;383
0;1741099380414;1860
2;1741099383702;384
0;1741099386231;1861
0;1741099387896;1862
0;1741099388131;1863
2;1741099392427;385
0;1741099397932;1864
0;1741099398853;1865
2;1741099400841;386
0;1741099407187;1866
2;1741099408562;387
2;1741099410293;388
0;1741099412375;1867
0;1741099414186;1868
2;1741099418969;389
2;1741099422360;390
0;1741099424764;1869
2;1741099424944;391
2;1741099425929;392
2;1741099426124;393
2;1741099433057;394
0;1741099437679;1870
0;1741099440261;1871
0;1741099441939;1872
0;1741099444486;1873
2;1741099444607;395
0;1741099445922;1874
2;1741099447729;396
2;1741099450479;397
2;1741099451111;398
2;1741099451244;399
0;1741099454199;1875
0;1741099460995;1876
0;1741099464606;1877
2;1741099467856;400
2;1741099471519;401
0;1741099474296;1878
0;1741099474539;1879
2;1741099477433;402
0;1741099478516;1880
2;1741099480235;403
0;1741099483800;1881
2;1741099484527;404
2;1741099488072;405
0;1741099491506;1882
0;1741099493060;1883
0;1741099497946;1884
0;1741099498166;1885
0;1741099509372;1886
0;1741099514866;1887
0;1741099519434;1888
0;1741099520259;1889
0;1741099527804;1890
0;1741099528903;1891
0;1741099542046;1892
0;1741099543668;1893
0;1741099548694;1894
0;1741099553304;1895
0;1741099568476;1896
0;1741099569136;1897
0;1741099569907;1898
0;1741099570793;1899
0;1741099572056;1900
0;1741099574300;1901
0;1741099578118;1902
0;1741099589701;1903
0;1741099591033;1904
0;1741099593902;1905
0;1741099609821;1906
0;1741099619027;1907
0;1741099621399;1908
0;1741099624486;1909
0;1741099626184;1910
0;1741099629358;1911
0;1741099630147;1912
0;1741099632904;1913
0;1741099637881;1914
0;1741099640360;1915
0;1741099659903;1916
3;1741099665857;155
0;1741099668587;1917
0;1741099674115;1918
0;1741099678919;1919
0;1741099678993;1920
0;1741099682817;1921
0;1741099683082;1922
0;1741099695240;1923
0;1741099697219;1924
0;1741099702832;1925
0;1741099705758;1926
0;1741099706530;1927
0;1741099720939;1928
0;1741099723185;1929
0;1741099728593;1930
0;1741099731736;1931
0;1741099736152;1932
0;1741099739424;1933
0;1741099744867;1934
0;1741099751684;1935
0;1741099760404;1936
0;1741099762618;1937
0;1741099775761;1938
0;1741099784858;1939
0;1741099787210;1940
0;1741099787577;1941
0;1741099791134;1942
0;1741099792721;1943
0;1741099797896;1944
0;1741099799987;1945
0;1741099810266;1946
0;1741099813815;1947
0;1741099814658;1948
0;1741099819727;1949
0;1741099823192;1950
0;1741099828455;1951
0;1741099830360;1952
0;1741099833996;1953
0;1741099834008;1954
0;1741099848958;1955
0;1741099857511;1956
0;1741099858047;1957
0;1741099874846;1958
0;1741099875333;1959
0;1741099878455;1960
0;1741099879766;1961
0;1741099893672;1962
0;1741099897707;1963
0;1741099901963;1964
0;1741099904229;1965
0;1741099904610;1966
0;1741099908243;1967
0;1741099912405;1968
0;1741099913437;1969
0;1741099922947;1970
0;1741099924478;1971
0;1741099930503;1972
0;1741099935019;1973
0;1741099948215;1974
0;1741099950973;1975
0;1741099961019;1976
0;1741099966197;1977
0;1741099977250;1978
0;1741099978522;1979
0;1741099980222;1980
0;1741099980665;1981
0;1741099989142;1982
0;1741099991719;1983
0;1741099999176;1984
0;1741100001683;1985
0;1741100006724;1986
0;1741100007645;1987
0;1741100018663;1988
0;1741100024033;1989
0;1741100029983;1990
0;1741100037494;1991
0;1741100040249;1992
0;1741100040673;1993
0;1741100040992;1994
0;1741100046954;1995
0;1741100060846;1996
0;1741100062188;1997
0;1741100063246;1998
0;1741100076151;1999
0;1741100078342;2000
0;1741100086879;2001
0;1741100091823;2002
0;1741100095072;2003
0;1741100095231;2004
0;1741100096634;2005
0;1741100104826;2006
0;1741100112661;2007
0;1741100119964;2008
0;1741100122024;2009
0;1741100122326;2010
0;1741100127855;2011
3;1741100135852;156
0;1741100139486;2012
0;1741100141197;2013
0;1741100145081;2014
0;1741100146510;2015
0;1741100154793;2016
2;1741100157441;406
0;1741100158362;2017
2;1741100161603;407
0;1741100161808;2018
0;1741100161910;2019
2;1741100168495;408
2;1741100169093;409
2;1741100172015;410
2;1741100181046;411
0;1741100184712;2020
2;1741100185054;412
2;1741100188659;413
2;1741100188872;414
0;1741100189867;2021
2;1741100192831;415
0;1741100193074;2022
0;1741100193247;2023
0;1741100195391;2024
0;1741100205035;2025
0;1741100205274;2026
2;1741100208446;416
0;1741100208801;2027
2;1741100210292;417
2;1741100211569;418
2;1741100215045;419
2;1741100218276;420
0;1741100219071;2028
0;1741100223083;2029
2;1741100227655;421
2;1741100229102;422
0;1741100231799;2030
2;1741100231932;423
2;1741100233248;424
0;1741100238269;2031
0;1741100240931;2032
2;1741100246693;425
0;1741100247791;2033
0;1741100248438;2034
0;1741100248863;2035
2;1741100250032;426
0;1741100252809;2036
0;1741100253452;2037
0;1741100258283;2038
2;1741100263726;427
2;1741100268452;428
0;1741100270887;2039
2;1741100271735;429
0;1741100276720;2040
2;1741100278570;430
2;1741100278690;431
2;1741100281590;432
0;1741100282849;2041
0;1741100287618;2042
0;1741100289411;2043
2;1741100289443;433
0;1741100292193;2044
2;1741100295249;434
2;1741100295718;435
2;1741100304744;436
0;1741100306139;2045
2;1741100306383;437
0;1741100309988;2046
0;1741100311232;2047
2;1741100314899;438
2;1741100316227;439
0;1741100317720;2048
0;1741100318319;2049
0;1741100320981;2050
2;1741100321783;440
0;1741100325971;2051
2;1741100328371;441
2;1741100331241;442
2;1741100335630;443
0;1741100338287;2052
2;1741100339775;444
0;1741100340721;2053
2;1741100345927;445
0;1741100349558;2054
0;1741100353463;2055
2;1741100357813;446
2;1741100360190;447
0;1741100361140;2056
0;1741100361200;2057
2;1741100363012;448
0;1741100366881;2058
0;1741100367888;2059
0;1741100370156;2060
2;1741100370395;449
2;1741100372712;450
2;1741100375724;451
0;1741100379854;2061
0;1741100383344;2062
2;1741100384571;452
2;1741100386489;453
2;1741100387024;454
0;1741100394614;2063
0;1741100398105;2064
0;1741100398277;2065
2;1741100399496;455
0;1741100402388;2066
2;1741100405087;456
0;1741100407924;2067
2;1741100415085;457
2;1741100417325;458
0;1741100417814;2068
2;1741100422702;459
2;1741100423730;460
2;1741100425053;461
2;1741100425421;462
0;1741100428672;2069
2;1741100434049;463
0;1741100437019;2070
0;1741100440319;2071
0;1741100441382;2072
0;1741100441767;2073
0;1741100441998;2074
2;1741100447547;464
0;1741100447897;2075
0;1741100450327;2076
2;1741100453277;465
2;1741100453998;466
0;1741100456026;2077
2;1741100464868;467
2;1741100465873;468
2;1741100466498;469
2;1741100469391;470
2;1741100472845;471
0;1741100473531;2078
0;1741100475797;2079
2;1741100478844;472
0;1741100479478;2080
0;1741100482064;2081
0;1741100485795;2082
2;1741100490266;473
0;1741100491467;2083
2;1741100492753;474
0;1741100494203;2084
0;1741100495873;2085
2;1741100502769;475
2;1741100503681;476
2;1741100507330;477
2;1741100510744;478
0;1741100516023;2086
0;1741100516470;2087
0;1741100516900;2088
2;1741100519647;479
0;1741100521936;2089
2;1741100524957;480
0;1741100531332;2090
2;1741100535066;481
0;1741100535713;2091
2;1741100539478;482
0;1741100540599;2092
2;1741100542304;483
0;1741100544399;2093
0;1741100547489;2094
2;1741100549726;484
2;1741100552277;485
0;1741100552865;2095
0;1741100555546;2096
2;1741100561223;486
0;1741100563488;2097
2;1741100563743;487
0;1741100566107;2098
2;1741100566622;488
2;1741100571759;489
2;1741100572806;490
2;1741100575253;491
2;1741100580289;492
0;1741100585419;2099
0;1741100586108;2100
0;1741100588115;2101
2;1741100590634;493
0;1741100591054;2102
0;1741100591195;2103
2;1741100593569;494
2;1741100593751;495
2;1741100596087;496
2;1741100599122;497
0;1741100601555;2104
0;1741100604048;2105
2;1741100604585;498
0;1741100607268;2106
0;1741100607843;2107
0;1741100612492;2108
2;1741100613795;499
2;1741100617023;500
0;1741100617839;2109
0;1741100619442;2110
2;1741100620266;501
0;1741100624088;2111
0;1741100632666;2112
0;1741100632848;2113
2;1741100636865;502
0;1741100639722;2114
2;1741100646179;503
2;1741100648424;504
0;1741100654062;2115
2;1741100654947;505
2;1741100655258;506
0;1741100656724;2116
2;1741100658360;507
2;1741100660320;508
0;1741100661459;2117
0;1741100663867;2118
2;1741100666989;509
2;1741100671292;510
2;1741100676573;511
0;1741100676697;2119
2;1741100686604;512
2;1741100687357;513
0;1741100690696;2120
0;1741100691493;2121
2;1741100692007;514
2;1741100694660;515
0;1741100695311;2122
0;1741100696904;2123
2;1741100699195;516
2;1741100703949;517
2;1741100705084;518
0;1741100705098;2124
0;1741100705281;2125
0;1741100706762;2126
2;1741100708535;519
0;1741100721073;2127
2;1741100722128;520
2;1741100725005;521
0;1741100725012;2128
0;1741100727888;2129
2;1741100731104;522
2;1741100731852;523
0;1741100737702;2130
0;1741100738356;2131
0;1741100738796;2132
0;1741100741210;2133
0;1741100746520;2134
2;1741100754580;524
0;1741100755630;2135
2;1741100756612;525
2;1741100757989;526
0;1741100759301;2136
2;1741100765395;527
2;1741100768260;528
0;1741100768889;2137
0;1741100771086;2138
2;1741100773828;529
2;1741100774279;530
0;1741100776001;2139
2;1741100776900;531
0;1741100783321;2140
0;1741100785390;2141
0;1741100789802;2142
2;1741100790249;532
0;1741100790717;2143
0;1741100796723;2144
2;1741100797053;533
2;1741100798671;534
0;1741100801750;2145
0;1741100802671;2146
2;1741100803942;535
2;1741100807556;536
2;1741100808411;537
0;1741100816932;2147
0;1741100819576;2148
2;1741100821387;538
0;1741100823777;2149
0;1741100825639;2150
2;1741100826653;539
2;1741100827145;540
0;1741100828209;2151
2;1741100828376;541
2;1741100837578;542
2;1741100838827;543
0;1741100842635;2152
0;1741100848047;2153
2;1741100851090;544
0;1741100851582;2154
0;1741100851882;2155
0;1741100852623;2156
0;1741100855630;2157
2;1741100856100;545
2;1741100858153;546
2;1741100859014;547
2;1741100863110;548
2;1741100866936;549
0;1741100870929;2158
2;1741100871746;550
0;1741100874030;2159
2;1741100874775;551
0;1741100878797;2160
2;1741100883450;552
0;1741100883606;2161
2;1741100884244;553
2;1741100887224;554
0;1741100888145;2162
0;1741100889164;2163
2;1741100894589;555
2;1741100903752;556
0;1741100904266;2164
0;1741100912379;2165
0;1741100912733;2166
0;1741100915016;2167
0;1741100920518;2168
2;1741100920666;557
2;1741100921849;558
2;1741100923267;559
0;1741100923283;2169
0;1741100924930;2170
2;1741100927912;560
0;1741100928327;2171
2;1741100929478;561
2;1741100930187;562
0;1741100932079;2172
2;1741100932749;563
2;1741100934630;564
0;1741100938119;2173
2;1741100939111;565
0;1741100939213;2174
2;1741100949351;566
0;1741100952029;2175
2;1741100959722;567
2;1741100960675;568
0;1741100966511;2176
0;1741100967866;2177
0;1741100969031;2178
2;1741100969493;569
0;1741100974213;2179
0;1741100976573;2180
2;1741100982020;570
0;1741100982791;2181
2;1741100984021;571
2;1741100985692;572
0;1741100986374;2182
2;1741100986388;573
0;1741100989137;2183
2;1741100990116;574
0;1741100996498;2184
2;1741100999868;575
2;1741101000816;576
0;1741101000980;2185
0;1741101001075;2186
2;1741101001209;577
2;1741101006926;578
2;1741101009939;579
0;1741101012006;2187
0;1741101014291;2188
0;1741101017557;2189
2;1741101019018;580
2;1741101025957;581
0;1741101026963;2190
2;1741101030820;582
0;1741101031020;2191
0;1741101032056;2192
3;1741101035853;157
0;1741101036104;2193
2;1741101037459;583
2;1741101039341;584
0;1741101044776;2194
0;1741101046778;2195
2;1741101052977;585
2;1741101056135;586
2;1741101056676;587
0;1741101056923;2196
0;1741101060405;2197
2;1741101060470;588
2;1741101068855;589
0;1741101070425;2198
2;1741101071654;590
0;1741101075525;2199
2;1741101075849;591
2;1741101078895;592
0;1741101082419;2200
0;1741101083836;2201
0;1741101084890;2202
0;1741101095960;2203
2;1741101096184;593
0;1741101096879;2204
2;1741101097109;594
2;1741101101379;595
0;1741101102991;2205
2;1741101103080;596
0;1741101108482;2206
2;1741101111479;597
0;1741101112065;2207
2;1741101112092;598
0;1741101113229;2208
0;1741101115683;2209
2;1741101118652;599
2;1741101118999;600
2;1741101119724;601
0;1741101128593;2210
2;1741101129155;602
0;1741101130241;2211
0;1741101130840;2212
0;1741101138490;2213
2;1741101139648;603
2;1741101147256;604
2;1741101147937;605
0;1741101150780;2214
0;1741101151251;2215
0;1741101154672;2216
0;1741101157471;2217
2;1741101163199;606
2;1741101165173;607
2;1741101166197;608
2;1741101169204;609
0;1741101169232;2218
0;1741101170121;2219
2;1741101173504;610
2;1741101175887;611
0;1741101177286;2220
2;1741101177849;612
0;1741101179589;2221
2;1741101184226;613
2;1741101194726;614
0;1741101194939;2222
0;1741101196449;2223
0;1741101198141;2224
0;1741101200995;2225
0;1741101201103;2226
2;1741101204549;615
2;1741101207855;616
2;1741101210515;617
2;1741101211792;618
0;1741101215022;2227
0;1741101216002;2228
2;1741101217161;619
2;1741101223116;620
2;1741101225382;621
0;1741101227016;2229
0;1741101229237;2230
0;1741101231683;2231
0;1741101233631;2232
2;1741101235695;622
2;1741101240196;623
2;1741101245298;624
0;1741101246272;2233
2;1741101250551;625
0;1741101251591;2234
0;1741101252061;2235
2;1741101253739;626
2;1741101257747;627
0;1741101261006;2236
0;1741101264660;2237
2;1741101267127;628
0;1741101267250;2238
2;1741101267525;629
2;1741101267800;630
0;1741101268398;2239
2;1741101268540;631
0;1741101270448;2240
2;1741101277096;632
0;1741101283767;2241
2;1741101286697;633
0;1741101290386;2242
0;1741101294487;2243
0;1741101295457;2244
2;1741101298226;634
2;1741101301315;635
0;1741101305799;2245
2;1741101306162;636
2;1741101306235;637
2;1741101309312;638
2;1741101310882;639
0;1741101314108;2246
0;1741101318548;2247
2;1741101322502;640
2;1741101323576;641
0;1741101327300;2248
0;1741101329208;2249
0;1741101333775;2250
0;1741101335147;2251
2;1741101338535;642
0;1741101339029;2252
2;1741101340191;643
0;1741101342078;2253
0;1741101347862;2254
2;1741101348142;644
2;1741101348589;645
2;1741101349218;646
0;1741101351586;2255
2;1741101362544;647
0;1741101363495;2256
0;1741101364182;2257
2;1741101371560;648
2;1741101371969;649
0;1741101375767;2258
0;1741101377702;2259
0;1741101377902;2260
0;1741101379790;2261
2;1741101381710;650
0;1741101386170;2262
2;1741101388277;651
2;1741101388290;652
0;1741101392435;2263
2;1741101396166;653
0;1741101400674;2264
0;1741101402698;2265
2;1741101402982;654
2;1741101404833;655
2;1741101406858;656
2;1741101407286;657
2;1741101408198;658
0;1741101410616;2266
0;1741101413627;2267
0;1741101415826;2268
0;1741101417401;2269
0;1741101418006;2270
2;1741101419049;659
2;1741101422948;660
2;1741101425488;661
2;1741101425974;662
0;1741101431932;2271
2;1741101432375;663
2;1741101432677;664
0;1741101439576;2272
0;1741101440998;2273
0;1741101446108;2274
2;1741101450081;665
2;1741101454704;666
2;1741101455342;667
2;1741101460449;668
0;1741101466316;2275
0;1741101466663;2276
0;1741101466741;2277
2;1741101470891;669
0;1741101471316;2278
0;1741101477605;2279
0;1741101480191;2280
2;1741101482666;670
2;1741101484043;671
2;1741101485540;672
0;1741101486180;2281
0;1741101486551;2282
2;1741101493836;673
2;1741101497640;674
2;1741101498814;675
0;1741101501334;2283
0;1741101507764;2284
0;1741101508585;2285
0;1741101509372;2286
0;1741101512857;2287
2;1741101515719;676
2;1741101516210;677
2;1741101518309;678
2;1741101519231;679
0;1741101521290;2288
2;1741101521342;680
0;1741101522524;2289
0;1741101524305;2290
2;1741101527132;681
2;1741101527955;682
2;1741101537233;683
0;1741101538277;2291
2;1741101539328;684
0;1741101540501;2292
2;1741101544926;685
0;1741101545506;2293
0;1741101546302;2294
2;1741101550634;686
0;1741101554818;2295
2;1741101557569;687
2;1741101563885;688
0;1741101566471;2296
0;1741101567015;2297
2;1741101567887;689
2;1741101567955;690
2;1741101569956;691
0;1741101570568;2298
0;1741101574223;2299
0;1741101576430;2300
0;1741101576817;2301
0;1741101579022;2302
2;1741101579815;692
2;1741101582282;693
0;1741101590723;2303
2;1741101597823;694
0;1741101600887;2304
2;1741101601227;695
0;1741101602491;2305
0;1741101604488;2306
2;1741101607039;696
0;1741101607207;2307
2;1741101610717;697
2;1741101611947;698
0;1741101614713;2308
2;1741101618594;699
0;1741101621668;2309
2;1741101622835;700
2;1741101627804;701
2;1741101628774;702
0;1741101628843;2310
0;1741101629257;2311
2;1741101631390;703
2;1741101635918;704
2;1741101644638;705
2;1741101645076;706
0;1741101646254;2312
0;1741101653853;2313
0;1741101654393;2314
2;1741101656364;707
0;1741101657640;2315
0;1741101663454;2316
2;1741101664846;708
0;1741101668376;2317
0;1741101670178;2318
2;1741101671529;709
0;1741101671539;2319
2;1741101674231;710
0;1741101678810;2320
2;1741101679983;711
2;1741101680630;712
0;1741101683376;2321
0;1741101685219;2322
0;1741101685749;2323
2;1741101689492;713
0;1741101689502;2324
2;1741101692246;714
2;1741101692698;715
2;1741101696365;716
0;1741101697025;2325
0;1741101700722;2326
0;1741101701817;2327
0;1741101712769;2328
0;1741101713010;2329
2;1741101713079;717
0;1741101713832;2330
2;1741101715829;718
2;1741101722547;719
2;1741101730271;720
2;1741101733672;721
0;1741101737201;2331
2;1741101742401;722
0;1741101743610;2332
2;1741101747679;723
0;1741101748978;2333
2;1741101749239;724
2;1741101752380;725
0;1741101755257;2334
0;1741101755820;2335
0;1741101759062;2336
0;1741101760466;2337
0;1741101766426;2338
0;1741101770629;2339
0;1741101783764;2340
0;1741101784149;2341
0;1741101794105;2342
0;1741101795320;2343
0;1741101798723;2344
0;1741101799930;2345
0;1741101809930;2346
0;1741101820568;2347
0;1741101822215;2348
0;1741101822474;2349
0;1741101833517;2350
0;1741101837313;2351
0;1741101838282;2352
0;1741101842560;2353
0;1741101843471;2354
0;1741101847981;2355
0;1741101855080;2356
0;1741101857180;2357
0;1741101868671;2358
0;1741101873446;2359
0;1741101885302;2360
0;1741101887918;2361
0;1741101890545;2362
0;1741101894145;2363
0;1741101897229;2364
0;1741101902290;2365
0;1741101907089;2366
0;1741101909616;2367
0;1741101922155;2368
0;1741101931443;2369
0;1741101936312;2370
0;1741101940333;2371
0;1741101941493;2372
0;1741101943175;2373
0;1741101944164;2374
0;1741101952451;2375
0;1741101954461;2376
0;1741101968274;2377
0;1741101968842;2378
0;1741101973424;2379
0;1741101973508;2380
0;1741101990966;2381
0;1741101996803;2382
0;1741101998132;2383
0;1741101999803;2384
0;1741102003180;2385
0;1741102008233;2386
0;1741102009805;2387
0;1741102012871;2388
0;1741102017050;2389
0;1741102032242;2390
0;1741102034858;2391
0;1741102042834;2392
0;1741102043562;2393
0;1741102052031;2394
0;1741102053317;2395
0;1741102056431;2396
0;1741102057334;2397
0;1741102064074;2398
0;1741102078491;2399
0;1741102084013;2400
0;1741102088779;2401
0;1741102090948;2402
0;1741102091152;2403
0;1741102104323;2404
0;1741102106626;2405
0;1741102111994;2406
0;1741102115111;2407
0;1741102116294;2408
0;1741102118140;2409
0;1741102120036;2410
0;1741102123903;2411
0;1741102134248;2412
0;1741102134389;2413
0;1741102140970;2414
0;1741102142684;2415
0;1741102151063;2416
0;1741102170262;2417
0;1741102174527;2418
0;1741102181276;2419
0;1741102186138;2420
0;1741102186693;2421
0;1741102187153;2422
0;1741102191493;2423
0;1741102194948;2424
0;1741102200660;2425
0;1741102202552;2426
0;1741102206374;2427
0;1741102212958;2428
0;1741102219787;2429
0;1741102224539;2430
0;1741102227989;2431
0;1741102228752;2432
0;1741102228916;2433
0;1741102233097;2434
0;1741102248544;2435
0;1741102265682;2436
0;1741102267494;2437
0;1741102274230;2438
0;1741102275582;2439
0;1741102284859;2440
0;1741102291790;2441
0;1741102298458;2442
0;1741102299607;2443
0;1741102299815;2444
0;1741102301479;2445
0;1741102303189;2446
0;1741102308755;2447
0;1741102313997;2448
0;1741102316308;2449
0;1741102326179;2450
0;1741102331643;2451
0;1741102338460;2452
0;1741102345019;2453
0;1741102349323;2454
0;1741102350200;2455
0;1741102354110;2456
0;1741102365036;2457
0;1741102366693;2458
0;1741102372158;2459
0;1741102379301;2460
0;1741102382641;2461
0;1741102382738;2462
0;1741102390375;2463
0;1741102408455;2464
0;1741102417463;2465
0;1741102417795;2466
0;1741102421009;2467
0;1741102422432;2468
0;1741102428335;2469
0;1741102429568;2470
0;1741102430120;2471
0;1741102433065;2472
0;1741102437326;2473
0;1741102458415;2474
0;1741102462458;2475
0;1741102463175;2476
0;1741102467688;2477
0;1741102467932;2478
0;1741102468614;2479
0;1741102469212;2480
0;1741102473565;2481
0;1741102493464;2482
0;1741102495785;2483
0;1741102496799;2484
0;1741102499890;2485
0;1741102500856;2486
0;1741102507858;2487
0;1741102511654;2488
0;1741102512035;2489
0;1741102516073;2490
0;1741102529607;2491
0;1741102538159;2492
0;1741102541901;2493
0;1741102546896;2494
0;1741102547224;2495
0;1741102548779;2496
0;1741102552583;2497
0;1741102558987;2498
0;1741102563211;2499
0;1741102580054;2500
0;1741102583839;2501
0;1741102584558;2502
0;1741102589805;2503
0;1741102602472;2504
0;1741102607844;2505
0;1741102615271;2506
0;1741102616197;2507
0;1741102619435;2508
0;1741102619449;2509
0;1741102625943;2510
0;1741102626572;2511
0;1741102630947;2512
0;1741102632086;2513
0;1741102638894;2514
0;1741102659101;2515
0;1741102664921;2516
0;1741102665466;2517
0;1741102673796;2518
0;1741102680324;2519
0;1741102685559;2520
0;1741102686719;2521
0;1741102688309;2522
0;1741102693379;2523
0;1741102699124;2524
0;1741102708428;2525
0;1741102708792;2526
0;1741102710515;2527
0;1741102711470;2528
0;1741102717772;2529
0;1741102727551;2530
0;1741102736786;2531
0;1741102743631;2532
0;1741102746439;2533
0;1741102753672;2534
1;1741102754926;508
0;1741102757419;2535
0;1741102759957;2536
0;1741102761997;2537
0;1741102764381;2538
0;1741102769545;2539
1;1741102770634;509
0;1741102773703;2540
1;1741102786192;510
1;1741102788570;511
1;1741102791377;512
1;1741102791480;513
0;1741102794638;2541
0;1741102795078;2542
0;1741102795088;2543
1;1741102795528;514
0;1741102795572;2544
0;1741102798876;2545
0;1741102798956;2546
1;1741102799310;515
1;1741102800785;516
0;1741102803878;2547
1;1741102804245;517
0;1741102805384;2548
0;1741102813567;2549
1;1741102813922;518
0;1741102815480;2550
1;1741102817792;519
1;1741102822461;520
1;1741102824470;521
0;1741102825321;2551
0;1741102831539;2552
1;1741102837188;522
1;1741102843284;523
1;1741102845169;524
1;1741102845940;525
1;1741102847503;526
0;1741102851718;2553
0;1741102853508;2554
0;1741102854381;2555
0;1741102854920;2556
1;1741102860745;527
1;1741102861191;528
1;1741102867171;529
0;1741102870364;2557
1;1741102870688;530
0;1741102871582;2558
0;1741102873584;2559
0;1741102873996;2560
0;1741102874012;2561
1;1741102874023;531
0;1741102880980;2562
0;1741102888052;2563
1;1741102889368;532
1;1741102890408;533
0;1741102892769;2564
1;1741102893247;534
0;1741102895320;2565
1;1741102899115;535
0;1741102899545;2566
0;1741102907121;2567
1;1741102907773;536
0;1741102911312;2568
1;1741102911480;537
1;1741102911582;538
1;1741102914971;539
1;1741102917973;540
0;1741102918891;2569
1;1741102919288;541
1;1741102920351;542
0;1741102926694;2570
1;1741102928872;543
0;1741102933504;2571
0;1741102938826;2572
1;1741102943034;544
1;1741102943720;545
0;1741102944762;2573
0;1741102948994;2574
0;1741102950974;2575
1;1741102955014;546
1;1741102956815;547
1;1741102959957;548
1;1741102960559;549
0;1741102961493;2576
0;1741102966126;2577
1;1741102966710;550
0;1741102968616;2578
1;1741102974234;551
1;1741102977047;552
0;1741102977453;2579
0;1741102977835;2580
0;1741102978265;2581
1;1741102982397;553
0;1741102984676;2582
0;1741102985390;2583
0;1741102990298;2584
0;1741102993471;2585
0;1741102993625;2586
1;1741102994049;554
1;1741103002645;555
1;1741103006679;556
1;1741103011585;557
0;1741103017870;2587
1;1741103022867;558
0;1741103025111;2588
1;1741103025147;559
1;1741103026037;560
1;1741103026157;561
0;1741103026617;2589
0;1741103029359;2590
1;1741103030359;562
1;1741103032596;563
0;1741103034248;2591
0;1741103036183;2592
0;1741103048443;2593
0;1741103056786;2594
1;1741103057546;564
1;1741103057658;565
0;1741103058663;2595
0;1741103061520;2596
1;1741103061555;566
0;1741103062152;2597
1;1741103065891;567
1;1741103068237;568
0;1741103069969;2598
0;1741103073663;2599
0;1741103073826;2600
0;1741103080124;2601
1;1741103081957;569
1;1741103083091;570
1;1741103087356;571
1;1741103088601;572
1;1741103089424;573
1;1741103090049;574
0;1741103093503;2602
0;1741103097512;2603
1;1741103102381;575
0;1741103102980;2604
0;1741103107255;2605
1;1741103107423;576
1;1741103109294;577
0;1741103111938;2606
1;1741103115450;578
1;1741103116240;579
0;1741103117188;2607
0;1741103120985;2608
1;1741103123732;580
0;1741103128535;2609
0;1741103129425;2610
1;1741103132158;581
1;1741103134150;582
1;1741103135546;583
0;1741103136289;2611
0;1741103137304;2612
1;1741103140230;584
0;1741103145377;2613
0;1741103149199;2614
1;1741103150380;585
1;1741103157729;586
0;1741103158109;2615
1;1741103159486;587
0;1741103159704;2616
0;1741103162004;2617
0;1741103165506;2618
1;1741103167056;588
1;1741103168473;589
0;1741103169354;2619
1;1741103169855;590
0;1741103174421;2620
0;1741103176460;2621
1;1741103178849;591
1;1741103185009;592
1;1741103185235;593
1;1741103190488;594
1;1741103191010;595
1;1741103193579;596
0;1741103194194;2622
1;1741103194377;597
0;1741103200594;2623
0;1741103204175;2624
0;1741103209557;2625
1;1741103210913;598
0;1741103216492;2626
0;1741103224756;2627
1;1741103224912;599
0;1741103229415;2628
0;1741103229713;2629
1;1741103231653;600
0;1741103234106;2630
1;1741103235351;601
0;1741103236697;2631
1;1741103237182;602
1;1741103237206;603
0;1741103238398;2632
1;1741103240299;604
0;1741103242659;2633
1;1741103246470;605
0;1741103247140;2634
0;1741103248748;2635
1;1741103249159;606
0;1741103251508;2636
1;1741103253595;607
0;1741103256913;2637
0;1741103258686;2638
1;1741103260682;608
0;1741103262645;2639
1;1741103262994;609
1;1741103271728;610
1;1741103272034;611
0;1741103272521;2640
1;1741103277823;612
0;1741103280931;2641
1;1741103285837;613
0;1741103290302;2642
0;1741103290682;2643
0;1741103297428;2644
0;1741103300979;2645
1;1741103305385;614
1;1741103306413;615
1;1741103308042;616
1;1741103308655;617
1;1741103308889;618
0;1741103310810;2646
0;1741103312379;2647
1;1741103313779;619
1;1741103313907;620
1;1741103314044;621
0;1741103321665;2648
0;1741103329890;2649
0;1741103337131;2650
1;1741103337875;622
0;1741103339173;2651
0;1741103341369;2652
1;1741103342419;623
1;1741103342596;624
1;1741103342965;625
0;1741103347070;2653
1;1741103350621;626
0;1741103351771;2654
0;1741103351910;2655
1;1741103353172;627
0;1741103355063;2656
0;1741103359208;2657
1;1741103364964;628
0;1741103364977;2658
1;1741103366892;629
1;1741103367313;630
0;1741103370899;2659
0;1741103371662;2660
1;1741103374247;631
0;1741103375665;2661
1;1741103379846;632
1;1741103389452;633
1;1741103391176;634
0;1741103393873;2662
1;1741103398340;635
0;1741103404448;2663
0;1741103404634;2664
0;1741103406166;2665
1;1741103406883;636
0;1741103410048;2666
0;1741103413234;2667
1;1741103413719;637
1;1741103413792;638
1;1741103414887;639
1;1741103419720;640
1;1741103421461;641
0;1741103421927;2668
0;1741103425997;2669
1;1741103432062;642
0;1741103438043;2670
0;1741103444149;2671
1;1741103445423;643
1;1741103448814;644
0;1741103451626;2672
0;1741103452353;2673
1;1741103454372;645
1;1741103456777;646
1;1741103456834;647
1;1741103461383;648
0;1741103461835;2674
0;1741103462607;2675
0;1741103464642;2676
1;1741103464921;649
1;1741103466780;650
0;1741103468325;2677
1;1741103469142;651
0;1741103478266;2678
0;1741103478379;2679
0;1741103482441;2680
0;1741103484774;2681
0;1741103487489;2682
1;1741103490116;652
0;1741103493296;2683
1;1741103495660;653
1;1741103497205;654
1;1741103500226;655
1;1741103501232;656
0;1741103502538;2684
1;1741103502710;657
0;1741103502949;2685
0;1741103508872;2686
0;1741103510323;2687
0;1741103514300;2688
1;1741103516365;658
1;1741103522618;659
0;1741103524390;2689
1;1741103524855;660
0;1741103529700;2690
0;1741103530116;2691
1;1741103530196;661
0;1741103532973;2692
0;1741103533352;2693
1;1741103533777;662
0;1741103537992;2694
1;1741103540097;663
1;1741103543792;664
0;1741103547654;2695
0;1741103547942;2696
1;1741103549739;665
1;1741103553392;666
0;1741103560701;2697
1;1741103562712;667
1;1741103562823;668
1;1741103564412;669
1;1741103573748;670
0;1741103577657;2698
0;1741103579939;2699
0;1741103580386;2700
1;1741103580918;671
1;1741103583380;672
1;1741103586409;673
0;1741103586848;2701
0;1741103588827;2702
0;1741103594855;2703
0;1741103596626;2704
1;1741103601223;674
1;1741103602790;675
0;1741103605842;2705
1;1741103606107;676
1;1741103606121;677
0;1741103607862;2706
1;1741103609197;678
0;1741103615386;2707
0;1741103625670;2708
0;1741103626037;2709
1;1741103627743;679
0;1741103628729;2710
1;1741103629556;680
0;1741103632742;2711
1;1741103634092;681
1;1741103634331;682
0;1741103636285;2712
1;1741103637424;683
1;1741103644137;684
0;1741103647241;2713
0;1741103648060;2714
1;1741103649556;685
0;1741103650283;2715
1;1741103650671;686
0;1741103656068;2716
0;1741103658689;2717
1;1741103658835;687
0;1741103667343;2718
1;1741103668133;688
1;1741103671141;689
0;1741103671727;2719
1;1741103676600;690
1;1741103678512;691
0;1741103679169;2720
0;1741103682499;2721
1;1741103683703;692
1;1741103685448;693
0;1741103687981;2722
1;1741103693132;694
0;1741103696042;2723
0;1741103697525;2724
0;1741103703787;2725
1;1741103707218;695
1;1741103710821;696
0;1741103712894;2726
1;1741103713717;697
1;1741103717461;698
1;1741103718283;699
0;1741103718597;2727
1;1741103719364;700
1;1741103719878;701
0;1741103721130;2728
1;1741103724776;702
0;1741103728154;2729
0;1741103731693;2730
0;1741103732729;2731
1;1741103735319;703
1;1741103736169;704
0;1741103740005;2732
1;1741103744505;705
0;1741103745014;2733
0;1741103747946;2734
1;1741103750156;706
1;1741103754979;707
0;1741103757133;2735
1;1741103758924;708
0;1741103760042;2736
0;1741103762769;2737
1;1741103772949;709
0;1741103773197;2738
0;1741103775419;2739
1;1741103775568;710
1;1741103779766;711
0;1741103780075;2740
0;1741103784421;2741
1;1741103789012;712
0;1741103790797;2742
0;1741103791586;2743
0;1741103792211;2744
1;1741103796160;713
1;1741103798463;714
1;1741103802007;715
1;1741103807326;716
1;1741103810137;717
0;1741103811703;2745
0;1741103814063;2746
0;1741103814137;2747
1;1741103815147;718
0;1741103820364;2748
1;1741103821324;719
1;1741103823742;720
0;1741103827831;2749
0;1741103832503;2750
1;1741103834669;721
1;1741103834987;722
0;1741103835408;2751
1;1741103836457;723
0;1741103839338;2752
1;1741103841926;724
1;1741103843313;725
0;1741103847614;2753
1;1741103849062;726
0;1741103850941;2754
0;1741103856860;2755
0;1741103859694;2756
0;1741103867723;2757
1;1741103867952;727
1;1741103869642;728
1;1741103870228;729
1;1741103873203;730
1;1741103873961;731
0;1741103876272;2758
0;1741103878605;2759
0;1741103878743;2760
0;1741103878996;2761
0;1741103880129;2762
1;1741103880267;732
1;1741103888224;733
0;1741103889000;2763
0;1741103890982;2764
1;1741103893372;734
1;1741103894462;735
0;1741103894753;2765
1;1741103898783;736
0;1741103909525;2766
1;1741103909739;737
1;1741103911099;738
1;1741103916901;739
0;1741103917003;2767
1;1741103921843;740
1;1741103921900;741
0;1741103926617;2768
1;1741103930125;742
0;1741103932794;2769
0;1741103933934;2770
0;1741103935094;2771
0;1741103936400;2772
1;1741103942994;743
0;1741103946683;2773
1;1741103947691;744
1;1741103949075;745
0;1741103951188;2774
0;1741103953393;2775
0;1741103953756;2776
1;1741103957089;746
0;1741103960256;2777
1;1741103961834;747
0;1741103962075;2778
1;1741103962994;748
0;1741103972782;2779
1;1741103975072;749
1;1741103977373;750
1;1741103982797;751
0;1741103986232;2780
0;1741103986607;2781
1;1741103988405;752
0;1741103988907;2782
0;1741103989651;2783
1;1741103991586;753
0;1741103993349;2784
0;1741103993646;2785
1;1741103995974;754
1;1741103998340;755
1;1741103999678;756
0;1741104007104;2786
0;1741104007544;2787
1;1741104008898;757
0;1741104009290;2788
1;1741104010337;758
1;1741104015718;759
1;1741104019617;760
0;1741104020133;2789
0;1741104023995;2790
0;1741104025085;2791
1;1741104029563;761
0;1741104034824;2792
1;1741104038693;762
1;1741104039598;763
0;1741104047857;2793
1;1741104052453;764
1;1741104052968;765
1;1741104054495;766
0;1741104055199;2794
0;1741104056572;2795
1;1741104060133;767
1;1741104061333;768
1;1741104062503;769
0;1741104066063;2796
0;1741104067927;2797
0;1741104068443;2798
0;1741104070227;2799
1;1741104076045;770
1;1741104077666;771
0;1741104080571;2800
1;1741104081744;772
0;1741104081815;2801
0;1741104083870;2802
0;1741104088832;2803
1;1741104089873;773
1;1741104090444;774
0;1741104091851;2804
1;1741104097347;775
1;1741104098097;776
0;1741104103189;2805
0;1741104105123;2806
0;1741104108381;2807
0;1741104111667;2808
1;1741104114075;777
1;1741104119479;778
0;1741104121572;2809
1;1741104122330;779
1;1741104125311;780
0;1741104129411;2810
1;1741104129818;781
0;1741104136351;2811
1;1741104137444;782
1;1741104139352;783
0;1741104140683;2812
0;1741104140716;2813
1;1741104141383;784
1;1741104144867;785
1;1741104146492;786
0;1741104148243;2814
0;1741104152800;2815
0;1741104155923;2816
1;1741104159467;787
0;1741104163375;2817
1;1741104163844;788
0;1741104164939;2818
1;1741104171449;789
1;1741104175003;790
0;1741104178257;2819
1;1741104180863;791
1;1741104181673;792
0;1741104183937;2820
0;1741104183949;2821
0;1741104185041;2822
1;1741104187086;793
0;1741104188476;2823
1;1741104194952;794
1;1741104198597;795
1;1741104204141;796
0;1741104204885;2824
0;1741104209993;2825
0;1741104210222;2826
0;1741104212440;2827
1;1741104213505;797
1;1741104213655;798
0;1741104214695;2828
1;1741104215717;799
0;1741104218863;2829
1;1741104219615;800
1;1741104220032;801
1;1741104222688;802
0;1741104226997;2830
0;1741104230410;2831
0;1741104231693;2832
0;1741104233233;2833
1;1741104235328;803
0;1741104239048;2834
1;1741104241042;804
1;1741104244871;805
0;1741104248531;2835
0;1741104254123;2836
1;1741104255793;806
1;1741104256054;807
0;1741104257418;2837
1;1741104257622;808
0;1741104258088;2838
0;1741104263748;2839
1;1741104268606;809
1;1741104269058;810
1;1741104270325;811
1;1741104273017;812
1;1741104280724;813
1;1741104282623;814
0;1741104284058;2840
0;1741104288755;2841
0;1741104288898;2842
0;1741104294182;2843
0;1741104303025;2844
1;1741104304002;815
1;1741104305388;816
0;1741104307505;2845
0;1741104308137;2846
1;1741104309963;817
1;1741104310754;818
0;1741104312090;2847
1;1741104313429;819
1;1741104314309;820
0;1741104314870;2848
1;1741104317231;821
0;1741104320786;2849
0;1741104323635;2850
0;1741104327344;2851
0;1741104336002;2852
1;1741104337800;822
1;1741104339621;823
1;1741104341905;824
1;1741104346073;825
0;1741104347051;2853
0;1741104348439;2854
1;1741104349319;826
1;1741104357893;827
1;1741104358797;828
0;1741104358832;2855
0;1741104359851;2856
0;1741104363309;2857
1;1741104367109;829
0;1741104371569;2858
0;1741104372171;2859
0;1741104377330;2860
1;1741104378070;830
0;1741104384083;2861
1;1741104387981;831
0;1741104388721;2862
1;1741104389350;832
0;1741104393415;2863
1;1741104397866;833
1;1741104398508;834
0;1741104398584;2864
1;1741104404239;835
1;1741104406148;836
0;1741104406666;2865
1;1741104409420;837
1;1741104410292;838
0;1741104412113;2866
0;1741104415094;2867
1;1741104415395;839
1;1741104417539;840
1;1741104420851;841
0;1741104423203;2868
0;1741104424018;2869
0;1741104424664;2870
0;1741104429278;2871
1;1741104430311;842
0;1741104434430;2872
0;1741104436923;2873
1;1741104437428;843
0;1741104439784;2874
1;1741104450842;844
1;1741104450968;845
0;1741104454536;2875
1;1741104458796;846
1;1741104462698;847
0;1741104462808;2876
0;1741104465269;2877
1;1741104468598;848
0;1741104471627;2878
1;1741104472857;849
0;1741104479353;2879
0;1741104479721;2880
1;1741104480900;850
0;1741104483030;2881
1;1741104488827;851
1;1741104490646;852
0;1741104491297;2882
0;1741104491684;2883
1;1741104494145;853
1;1741104497171;854
1;1741104498309;855
1;1741104498822;856
1;1741104500892;857
0;1741104505166;2884
1;1741104515386;858
1;1741104516437;859
0;1741104518094;2885
0;1741104518508;2886
0;1741104520916;2887
0;1741104525051;2888
0;1741104526095;2889
1;1741104526966;860
0;1741104530200;2890
1;1741104534150;861
1;1741104537348;862
0;1741104545409;2891
0;1741104547358;2892
0;1741104549230;2893
0;1741104551181;2894
0;1741104552463;2895
0;1741104560293;2896
0;1741104566169;2897
0;1741104571737;2898
0;1741104573868;2899
0;1741104574598;2900
0;1741104577769;2901
0;1741104585156;2902
0;1741104589880;2903
0;1741104597087;2904
0;1741104597791;2905
0;1741104604455;2906
0;1741104610536;2907
0;1741104620441;2908
0;1741104620848;2909
0;1741104623156;2910
0;1741104633459;2911
0;1741104641879;2912
0;1741104643159;2913
0;1741104647981;2914
0;1741104648362;2915
0;1741104652193;2916
0;1741104658264;2917
0;1741104660381;2918
0;1741104671259;2919
0;1741104678774;2920
0;1741104690775;2921
0;1741104692826;2922
0;1741104695231;2923
0;1741104704303;2924
0;1741104705792;2925
0;1741104709465;2926
0;1741104710572;2927
0;1741104716808;2928
0;1741104724461;2929
0;1741104729061;2930
0;1741104729460;2931
0;1741104732019;2932
0;1741104739429;2933
0;1741104745100;2934
0;1741104747188;2935
0;1741104753686;2936
0;1741104758854;2937
0;1741104761431;2938
0;1741104777253;2939
0;1741104778492;2940
0;1741104788571;2941
0;1741104793987;2942
0;1741104797536;2943
0;1741104797906;2944
0;1741104801369;2945
0;1741104802782;2946
0;1741104814387;2947
0;1741104814979;2948
0;1741104819482;2949
0;1741104830754;2950
0;1741104832795;2951
0;1741104841289;2952
0;1741104846058;2953
0;1741104852928;2954
0;1741104853724;2955
0;1741104862596;2956
0;1741104872281;2957
0;1741104873318;2958
0;1741104874540;2959
0;1741104874580;2960
0;1741104879265;2961
0;1741104887862;2962
0;1741104888282;2963
0;1741104891586;2964
0;1741104903918;2965
0;1741104914953;2966
0;1741104915621;2967
0;1741104915780;2968
0;1741104923033;2969
0;1741104923925;2970
0;1741104925842;2971
0;1741104939195;2972
0;1741104949580;2973
0;1741104952857;2974
0;1741104952901;2975
0;1741104959429;2976
0;1741104959557;2977
0;1741104965347;2978
0;1741104968924;2979
0;1741104978404;2980
0;1741104989868;2981
0;1741104991675;2982
0;1741104994446;2983
0;1741104998053;2984
0;1741105006706;2985
0;1741105008114;2986
0;1741105009668;2987
0;1741105014297;2988
0;1741105015025;2989
0;1741105025817;2990
0;1741105027144;2991
0;1741105044297;2992
0;1741105048206;2993
0;1741105049403;2994
0;1741105053486;2995
0;1741105059931;2996
0;1741105060559;2997
0;1741105071356;2998
0;1741105076003;2999
0;1741105082999;3000
0;1741105084979;3001
0;1741105087267;3002
0;1741105093296;3003
0;1741105099929;3004
0;1741105103663;3005
0;1741105103783;3006
0;1741105117503;3007
0;1741105118938;3008
0;1741105126945;3009
0;1741105135696;3010
0;1741105139145;3011
0;1741105143035;3012
0;1741105145758;3013
0;1741105148110;3014
0;1741105157609;3015
0;1741105161830;3016
0;1741105162547;3017
0;1741105165505;3018
0;1741105169409;3019
0;1741105181666;3020
0;1741105183818;3021
0;1741105184461;3022
0;1741105185188;3023
0;1741105189307;3024
0;1741105195235;3025
0;1741105205229;3026
0;1741105215957;3027
0;1741105216808;3028
0;1741105222131;3029
0;1741105225320;3030
0;1741105236777;3031
0;1741105239013;3032
0;1741105240569;3033
0;1741105247246;3034
0;1741105251910;3035
0;1741105255298;3036
0;1741105259363;3037
0;1741105263960;3038
0;1741105277264;3039
0;1741105279115;3040
0;1741105288432;3041
0;1741105295107;3042
0;1741105303734;3043
0;1741105311443;3044
0;1741105315187;3045
0;1741105317866;3046
0;1741105318229;3047
0;1741105318977;3048
0;1741105320267;3049
0;1741105320448;3050
0;1741105321868;3051
0;1741105336444;3052
0;1741105337034;3053
0;1741105348451;3054
0;1741105349265;3055
0;1741105352330;3056
0;1741105357272;3057
0;1741105360257;3058
0;1741105368295;3059
0;1741105374874;3060
0;1741105382636;3061
0;1741105386533;3062
0;1741105390019;3063
0;1741105401998;3064
0;1741105402503;3065
0;1741105410116;3066
0;1741105412366;3067
0;1741105428391;3068
0;1741105429958;3069
0;1741105430147;3070
0;1741105431467;3071
0;1741105439204;3072
0;1741105439314;3073
0;1741105443225;3074
0;1741105445780;3075
0;1741105451475;3076
0;1741105453266;3077
0;1741105467822;3078
0;1741105468314;3079
0;1741105478650;3080
0;1741105481528;3081
0;1741105490071;3082
0;1741105490531;3083
0;1741105492595;3084
0;1741105498773;3085
0;1741105501288;3086
0;1741105508753;3087
0;1741105509483;3088
0;1741105518050;3089
0;1741105527233;3090
0;1741105528894;3091
0;1741105535394;3092
0;1741105545997;3093
0;1741105546242;3094
0;1741105548791;3095
0;1741105559598;3096
0;1741105570390;3097
0;1741105573260;3098
0;1741105575014;3099
0;1741105579682;3100
0;1741105580974;3101
0;1741105590413;3102
0;1741105590464;3103
0;1741105597844;3104
0;1741105609247;3105
0;1741105612238;3106
0;1741105612871;3107
0;1741105619601;3108
0;1741105628348;3109
0;1741105631431;3110
0;1741105631852;3111
0;1741105645346;3112
0;1741105648336;3113
0;1741105648659;3114
0;1741105655932;3115
0;1741105656213;3116
0;1741105661829;3117
0;1741105673309;3118
0;1741105673454;3119
0;1741105674793;3120
0;1741105677592;3121
0;1741105680169;3122
0;1741105688110;3123
0;1741105698535;3124
0;1741105708154;3125
0;1741105716148;3126
0;1741105716719;3127
0;1741105725226;3128
0;1741105725873;3129
0;1741105729372;3130
0;1741105730726;3131
0;1741105740135;3132
0;1741105740775;3133
0;1741105751072;3134
0;1741105752546;3135
0;1741105760075;3136
0;1741105762379;3137
0;1741105765776;3138
0;1741105765822;3139
0;1741105773304;3140
0;1741105777327;3141
0;1741105781135;3142
0;1741105783500;3143
0;1741105794700;3144
0;1741105798966;3145
0;1741105802950;3146
0;1741105812058;3147
0;1741105812816;3148
0;1741105814869;3149
0;1741105823816;3150
0;1741105826197;3151
0;1741105828376;3152
0;1741105832406;3153
0;1741105860208;3154
1;1741109060629;863
1;1741109069318;864
1;1741109070267;865
1;1741109072428;866
1;1741109076848;867
1;1741109079718;868
1;1741109086849;869
1;1741109098615;870
1;1741109107892;871
1;1741109111011;872
1;1741109111777;873
1;1741109115419;874
1;1741109131511;875
1;1741109138671;876
1;1741109138686;877
1;1741109142999;878
1;1741109150738;879
1;1741109155350;880
1;1741109156998;881
1;1741109159465;882
1;1741109166427;883
1;1741109168349;884
1;1741109179681;885
1;1741109187516;886
1;1741109194797;887
1;1741109196674;888
1;1741109196876;889
1;1741109197761;890
1;1741109201999;891
1;1741109215124;892
1;1741109219890;893
1;1741109226444;894
1;1741109226683;895
1;1741109227489;896
1;1741109235780;897
1;1741109236033;898
1;1741109254186;899
1;1741109254467;900
1;1741109258475;901
1;1741109265458;902
1;1741109273579;903
1;1741109273876;904
1;1741109281179;905
1;1741109288300;906
1;1741109289090;907
1;1741109289775;908
1;1741109291396;909
1;1741109294473;910
1;1741109304168;911
1;1741109313035;912
1;1741109324694;913
1;1741109327803;914
1;1741109330028;915
1;1741109341191;916
1;1741109344735;917
1;1741109348029;918
1;1741109356501;919
1;1741109358804;920
1;1741109360496;921
1;1741109361724;922
1;1741109362781;923
1;1741109372637;924
1;1741109378158;925
1;1741109388372;926
1;1741109392381;927
1;1741109399084;928
1;1741109402533;929
1;1741109408289;930
1;1741109413076;931
1;1741109417454;932
1;1741109422578;933
1;1741109422968;934
1;1741109423468;935
1;1741109428592;936
1;1741109438596;937
1;1741109440996;938
1;1741109447281;939
1;1741109449026;940
1;1741109460076;941
1;1741109465842;942
1;1741109466551;943
1;1741109470391;944
1;1741109475373;945
1;1741109485168;946
1;1741109493340;947
1;1741109498366;948
1;1741109498565;949
1;1741109503269;950
1;1741109508252;951
1;1741109514585;952
1;1741109522064;953
1;1741109523967;954
1;1741109529562;955
1;1741109531105;956
1;1741109532885;957
1;1741109538201;958
1;1741109539205;959
1;1741109552830;960
1;1741109555019;961
1;1741109556112;962
1;1741109563535;963
1;1741109573671;964
1;1741109580320;965
1;1741109590572;966
1;1741109590970;967
1;1741109594819;968
1;1741109599102;969
1;1741109605288;970
1;1741109609610;971
1;1741109609780;972
1;1741109621384;973
1;1741109626332;974
1;1741109628507;975
1;1741109635814;976
1;1741109644287;977
1;1741109645298;978
1;1741109649084;979
1;1741109652733;980
1;1741109653969;981
1;1741109666767;982
1;1741109669058;983
1;1741109669319;984
1;1741109677361;985
1;1741109680780;986
1;1741109697128;987
1;1741109697419;988
1;1741109698832;989
1;1741109702902;990
1;1741109709886;991
1;1741109717159;992
1;1741109717175;993
1;1741109722700;994
1;1741109723048;995
1;1741109731311;996
1;1741109734713;997
1;1741109741152;998
1;1741109747906;999
1;1741109751538;1000
1;1741109762050;1001
1;1741109762285;1002
1;1741109775238;1003
1;1741109778175;1004
1;1741109785163;1005
1;1741109786099;1006
1;1741109792365;1007
1;1741109795134;1008
1;1741109800687;1009
1;1741109802400;1010
1;1741109805205;1011
1;1741109810302;1012
1;1741109810528;1013
1;1741109828371;1014
1;1741109832018;1015
1;1741109832230;1016
1;1741109834195;1017
1;1741109845516;1018
1;1741109852998;1019
1;1741109856107;1020
1;1741109857609;1021
1;1741109861073;1022
1;1741109864516;1023
1;1741109868370;1024
1;1741109874638;1025
1;1741109880736;1026
1;1741109892048;1027
1;1741109902671;1028
1;1741109902866;1029
1;1741109904663;1030
1;1741109906316;1031
1;1741109911998;1032
1;1741109917377;1033
1;1741109917911;1034
1;1741109919040;1035
1;1741109927670;1036
1;1741109938087;1037
1;1741109943897;1038
1;1741109947995;1039
1;1741109950125;1040
1;1741109952524;1041
1;1741109963540;1042
1;1741109967038;1043
1;1741109969496;1044
1;1741109981135;1045
1;1741109986851;1046
1;1741109991659;1047
1;1741109998827;1048
1;1741110003632;1049
1;1741110004953;1050
1;1741110006352;1051
1;1741110008936;1052
1;1741110012760;1053
1;1741110020871;1054
1;1741110022039;1055
1;1741110028211;1056
1;1741110039195;1057
1;1741110041293;1058
1;1741110044411;1059
1;1741110049429;1060
1;1741110056541;1061
1;1741110058406;1062
1;1741110061651;1063
1;1741110070748;1064
1;1741110071816;1065
1;1741110083429;1066
1;1741110092305;1067
1;1741110093457;1068
1;1741110096449;1069
1;1741110096873;1070
1;1741110103779;1071
1;1741110109473;1072
1;1741110111936;1073
1;1741110118315;1074
1;1741110119381;1075
2;1741110120599;726
2;1741110122065;727
2;1741110122232;728
1;1741110124275;1076
1;1741110127910;1077
2;1741110129952;729
1;1741110132627;1078
2;1741110141449;730
1;1741110147646;1079
1;1741110149929;1080
2;1741110151005;731
2;1741110153380;732
1;1741110155271;1081
2;1741110156697;733
2;1741110159297;734
1;1741110161861;1082
1;1741110163283;1083
2;1741110164462;735
1;1741110166458;1084
2;1741110174124;736
2;1741110176586;737
1;1741110177323;1085
1;1741110178867;1086
2;1741110180643;738
1;1741110182445;1087
1;1741110182852;1088
2;1741110183283;739
1;1741110186010;1089
2;1741110188907;740
1;1741110191569;1090
1;1741110194556;1091
2;1741110195068;741
2;1741110200892;742
2;1741110201675;743
2;1741110204178;744
2;1741110207317;745
2;1741110214332;746
1;1741110218778;1092
1;1741110221414;1093
1;1741110222844;1094
2;1741110228521;747
2;1741110229414;748
1;1741110231254;1095
1;1741110235381;1096
2;1741110236324;749
2;1741110236493;750
1;1741110237544;1097
2;1741110243566;751
1;1741110245509;1098
1;1741110248490;1099
1;1741110250577;1100
2;1741110251550;752
2;1741110253313;753
2;1741110253655;754
1;1741110257050;1101
1;1741110260385;1102
2;1741110260949;755
2;1741110261976;756
2;1741110265178;757
1;1741110268814;1103
1;1741110269764;1104
2;1741110271000;758
1;1741110274837;1105
1;1741110275670;1106
2;1741110275894;759
2;1741110280827;760
1;1741110282726;1107
2;1741110284348;761
2;1741110289032;762
1;1741110292552;1108
1;1741110293124;1109
2;1741110294360;763
1;1741110301547;1110
2;1741110303647;764
1;1741110304173;1111
1;1741110309181;1112
2;1741110310947;765
1;1741110315154;1113
1;1741110317234;1114
2;1741110321102;766
2;1741110325675;767
2;1741110326901;768
1;1741110328764;1115
1;1741110329557;1116
2;1741110329980;769
1;1741110331963;1117
1;1741110336684;1118
2;1741110338455;770
1;1741110338688;1119
2;1741110340661;771
2;1741110347033;772
2;1741110350373;773
1;1741110352441;1120
2;1741110353206;774
2;1741110358801;775
1;1741110361581;1121
1;1741110367555;1122
1;1741110368659;1123
2;1741110371033;776
2;1741110372494;777
1;1741110374496;1124
1;1741110377458;1125
1;1741110379526;1126
1;1741110380360;1127
2;1741110384581;778
1;1741110387763;1128
2;1741110389456;779
2;1741110391111;780
1;1741110394399;1129
2;1741110396445;781
2;1741110399368;782
1;1741110400183;1130
2;1741110404447;783
2;1741110406006;784
2;1741110408070;785
1;1741110410397;1131
1;1741110411576;1132
1;1741110413353;1133
2;1741110414287;786
1;1741110418182;1134
2;1741110424699;787
1;1741110428021;1135
2;1741110429308;788
1;1741110434176;1136
1;1741110438378;1137
2;1741110439416;789
1;1741110441002;1138
1;1741110446254;1139
2;1741110450471;790
2;1741110450733;791
1;1741110451223;1140
2;1741110451750;792
1;1741110454203;1141
2;1741110454487;793
2;1741110456341;794
2;1741110459089;795
2;1741110464974;796
2;1741110468383;797
1;1741110471560;1142
1;1741110473422;1143
1;1741110475731;1144
2;1741110479722;798
1;1741110480900;1145
1;1741110485072;1146
1;1741110487308;1147
2;1741110487995;799
2;1741110491307;800
1;1741110493780;1148
2;1741110498331;801
1;1741110499969;1149
2;1741110504478;802
1;1741110505754;1150
2;1741110506581;803
2;1741110508463;804
1;1741110509322;1151
1;1741110510828;1152
2;1741110513100;805
2;1741110517880;806
2;1741110520351;807
2;1741110523871;808
1;1741110525624;1153
2;1741110526005;809
1;1741110531338;1154
2;1741110531450;810
1;1741110533617;1155
1;1741110535004;1156
2;1741110536252;811
1;1741110537286;1157
1;1741110539341;1158
2;1741110550106;812
1;1741110550721;1159
2;1741110555943;813
2;1741110556759;814
2;1741110560630;815
2;1741110563221;816
1;1741110563383;1160
1;1741110563526;1161
2;1741110565119;817
2;1741110568575;818
1;1741110568822;1162
1;1741110569657;1163
1;1741110571071;1164
1;1741110579061;1165
2;1741110581994;819
2;1741110585579;820
1;1741110593029;1166
1;1741110593385;1167
1;1741110593553;1168
1;1741110593710;1169
2;1741110594833;821
1;1741110598304;1170
1;1741110604121;1171
2;1741110604871;822
2;1741110605594;823
2;1741110608273;824
1;1741110609717;1172
2;1741110610287;825
2;1741110614864;826
1;1741110620479;1173
2;1741110624063;827
1;1741110624699;1174
2;1741110624855;828
1;1741110629673;1175
2;1741110632366;829
1;1741110632906;1176
2;1741110638557;830
2;1741110645778;831
1;1741110648246;1177
1;1741110648862;1178
2;1741110650581;832
1;1741110653515;1179
1;1741110657463;1180
1;1741110657769;1181
2;1741110658526;833
1;1741110660289;1182
2;1741110661982;834
1;1741110665036;1183
2;1741110666166;835
2;1741110672040;836
2;1741110674541;837
2;1741110679399;838
2;1741110684075;839
1;1741110685549;1184
1;1741110686027;1185
2;1741110686544;840
2;1741110687171;841
1;1741110687853;1186
1;1741110688113;1187
1;1741110688197;1188
1;1741110697565;1189
1;1741110698044;1190
1;1741110707369;1191
1;1741110709575;1192
1;1741110713933;1193
1;1741110714486;1194
2;1741110715128;842
1;1741110729452;1195
1;1741110733628;1196
1;1741110737484;1197
1;1741110746607;1198
1;1741110751207;1199
1;1741110752348;1200
1;1741110755590;1201
1;1741110764636;1202
1;1741110764939;1203
1;1741110768265;1204
1;1741110773252;1205
1;1741110779775;1206
1;1741110785762;1207
1;1741110792401;1208
1;1741110795919;1209
1;1741110801051;1210
1;1741110804787;1211
1;1741110815757;1212
1;1741110817497;1213
1;1741110830708;1214
1;1741110832927;1215
1;1741110834960;1216
1;1741110838625;1217
1;1741110846811;1218
1;1741110849358;1219
1;1741110854889;1220
1;1741110855722;1221
1;1741110856909;1222
1;1741110864199;1223
1;1741110870445;1224
1;1741110877643;1225
1;1741110882914;1226
1;1741110887388;1227
1;1741110900177;1228
1;1741110900406;1229
1;1741110902346;1230
1;1741110902892;1231
1;1741110906444;1232
1;1741110915239;1233
1;1741110921653;1234
1;1741110925367;1235
1;1741110935488;1236
1;1741110939404;1237
1;1741110939461;1238
1;1741110941723;1239
1;1741110944340;1240
1;1741110964257;1241
1;1741110964270;1242
1;1741110969053;1243
1;1741110977202;1244
1;1741110978327;1245
1;1741110980230;1246
1;1741110991343;1247
1;1741110993448;1248
1;1741110997250;1249
1;1741111002267;1250
1;1741111010262;1251
1;1741111018154;1252
1;1741111021723;1253
1;1741111023389;1254
1;1741111023898;1255
1;1741111023917;1256
1;1741111037020;1257
1;1741111037069;1258
1;1741111045452;1259
1;1741111048836;1260
1;1741111057656;1261
1;1741111058086;1262
1;1741111061509;1263
1;1741111067876;1264
1;1741111077996;1265
1;1741111085395;1266
1;1741111086215;1267
1;1741111089701;1268
1;1741111096603;1269
1;1741111098243;1270
1;1741111113765;1271
1;1741111113814;1272
1;1741111114633;1273
1;1741111117312;1274
1;1741111126285;1275
1;1741111126817;1276
1;1741111138321;1277
1;1741111148711;1278
1;1741111153002;1279
1;1741111158744;1280
1;1741111158968;1281
1;1741111161507;1282
1;1741111167763;1283
1;1741111170793;1284
1;1741111181946;1285
1;1741111183463;1286
1;1741111188296;1287
1;1741111197525;1288
1;1741111198728;1289
1;1741111199319;1290
1;1741111206227;1291
1;1741111206652;1292
1;1741111222206;1293
1;1741111229775;1294
1;1741111231254;1295
1;1741111235673;1296
1;1741111239558;1297
1;1741111242967;1298
1;1741111246452;1299
1;1741111251364;1300
1;1741111254327;1301
1;1741111254539;1302
1;1741111271343;1303
1;1741111275381;1304
1;1741111281039;1305
1;1741111282856;1306
1;1741111284855;1307
1;1741111292349;1308
1;1741111293246;1309
1;1741111302847;1310
1;1741111306843;1311
1;1741111306873;1312
1;1741111316842;1313
1;1741111324021;1314
1;1741111333317;1315
1;1741111335179;1316
1;1741111339906;1317
1;1741111352454;1318
1;1741111353711;1319
1;1741111357563;1320
1;1741111357946;1321
1;1741111361024;1322
1;1741111372769;1323
1;1741111374766;1324
1;1741111379380;1325
1;1741111381315;1326
1;1741111383087;1327
1;1741111389061;1328
1;1741111409296;1329
1;1741111414301;1330
1;1741111417702;1331
1;1741111418978;1332
1;1741111419177;1333
1;1741111428831;1334
1;1741111430076;1335
1;1741111430510;1336
1;1741111443631;1337
1;1741111447100;1338
1;1741111447191;1339
1;1741111459859;1340
1;1741111463371;1341
1;1741111465312;1342
1;1741111473702;1343
1;1741111475466;1344
1;1741111476274;1345
1;1741111493751;1346
1;1741111493816;1347
1;1741111494300;1348
1;1741111495567;1349
1;1741111496187;1350
1;1741111502481;1351
1;1741111506628;1352
1;1741111523346;1353
1;1741111527462;1354
1;1741111528743;1355
1;1741111539353;1356
1;1741111541436;1357
1;1741111541569;1358
1;1741111546421;1359
1;1741111550665;1360
1;1741111564049;1361
1;1741111564151;1362
1;1741111571338;1363
1;1741111572565;1364
1;1741111575749;1365
1;1741111579213;1366
1;1741111582988;1367
1;1741111587971;1368
1;1741111592784;1369
1;1741111609281;1370
1;1741111609580;1371
1;1741111615209;1372
1;1741111617303;1373
1;1741111623780;1374
1;1741111628129;1375
1;1741111638177;1376
3;1741111640854;158
1;1741111640942;1377
1;1741111642024;1378
1;1741111647989;1379
1;1741111653481;1380
1;1741111654495;1381
1;1741111664464;1382
1;1741111666498;1383
1;1741111670970;1384
1;1741111673069;1385
1;1741111673334;1386
1;1741111678807;1387
1;1741111681569;1388
1;1741111702715;1389
1;1741111712940;1390
1;1741111713322;1391
1;1741111713559;1392
1;1741111714146;1393
1;1741111722888;1394
1;1741111728248;1395
1;1741111730550;1396
1;1741111746306;1397
1;1741111748835;1398
1;1741111754805;1399
1;1741111762503;1400
1;1741111762919;1401
1;1741111766622;1402
1;1741111774735;1403
1;1741111776214;1404
1;1741111787999;1405
1;1741111789110;1406
1;1741111791554;1407
1;1741111802269;1408
1;1741111807835;1409
1;1741111809205;1410
1;1741111810930;1411
1;1741111816961;1412
1;1741111822424;1413
1;1741111826946;1414
1;1741111828637;1415
1;1741111837265;1416
1;1741111839585;1417
1;1741111843166;1418
1;1741111854859;1419
1;1741111857241;1420
1;1741111860279;1421
1;1741111861771;1422
1;1741111868482;1423
1;1741111871064;1424
1;1741111877993;1425
1;1741111879111;1426
1;1741111888552;1427
1;1741111890032;1428
1;1741111895438;1429
1;1741111898250;1430
1;1741111903695;1431
1;1741111906108;1432
1;1741111912760;1433
1;1741111926232;1434
1;1741111926520;1435
1;1741111929266;1436
1;1741111934929;1437
1;1741111938542;1438
1;1741111944955;1439
1;1741111954661;1440
1;1741111956039;1441
1;1741111957424;1442
1;1741111964608;1443
1;1741111972056;1444
1;1741111972689;1445
1;1741111989132;1446
1;1741111994461;1447
1;1741111994921;1448
1;1741111997707;1449
1;1741112000540;1450
1;1741112001601;1451
1;1741112005851;1452
1;1741112022003;1453
1;1741112022791;1454
1;1741112032433;1455
1;1741112032918;1456
1;1741112047530;1457
1;1741112051612;1458
1;1741112052059;1459
1;1741112053711;1460
1;1741112062037;1461
1;1741112067812;1462
1;1741112073794;1463
1;1741112077463;1464
1;1741112080532;1465
1;1741112082657;1466
1;1741112085966;1467
1;1741112092657;1468
1;1741112094461;1469
1;1741112098606;1470
1;1741112101480;1471
1;1741112118049;1472
1;1741112128384;1473
1;1741112130381;1474
1;1741112131865;1475
1;1741112137986;1476
1;1741112141958;1477
1;1741112144232;1478
1;1741112149837;1479
1;1741112160955;1480
1;1741112165435;1481
1;1741112167773;1482
1;1741112172834;1483
1;1741112174024;1484
1;1741112182317;1485
1;1741112184244;1486
1;1741112184970;1487
1;1741112186151;1488
1;1741112196724;1489
1;1741112200230;1490
1;1741112206389;1491
1;1741112208039;1492
1;1741112222459;1493
1;1741112223442;1494
1;1741112232702;1495
1;1741112238030;1496
1;1741112241883;1497
1;1741112242799;1498
1;1741112244925;1499
1;1741112249549;1500
1;1741112254279;1501
1;1741112268627;1502
1;1741112269549;1503
1;1741112280252;1504
1;1741112284806;1505
1;1741112293857;1506
1;1741112298389;1507
1;1741112298640;1508
1;1741112303863;1509
1;1741112304669;1510
3;1741112305855;159
1;1741112311804;1511
1;1741112311870;1512
1;1741112320997;1513
1;1741112324877;1514
1;1741112327813;1515
1;1741112331085;1516
1;1741112342702;1517
1;1741112343069;1518
1;1741112349137;1519
1;1741112351046;1520
1;1741112359771;1521
1;1741112364319;1522
1;1741112367184;1523
1;1741112377552;1524
1;1741112379266;1525
1;1741112381644;1526
1;1741112386161;1527
1;1741112390107;1528
1;1741112400004;1529
1;1741112408063;1530
1;1741112409466;1531
1;1741112412803;1532
1;1741112417224;1533
1;1741112417955;1534
1;1741112422522;1535
1;1741112433305;1536
1;1741112436325;1537
1;1741112439558;1538
1;1741112450993;1539
1;1741112453359;1540
1;1741112460670;1541
1;1741112461617;1542
1;1741112464647;1543
1;1741112467597;1544
1;1741112472220;1545
1;1741112473655;1546
1;1741112484014;1547
1;1741112486032;1548
1;1741112497188;1549
1;1741112502853;1550
1;1741112505974;1551
1;1741112517038;1552
1;1741112520103;1553
1;1741112522444;1554
1;1741112528243;1555
1;1741112529270;1556
1;1741112532206;1557
1;1741112542461;1558
1;1741112552459;1559
1;1741112556646;1560
1;1741112566139;1561
1;1741112567795;1562
1;1741112569806;1563
1;1741112571543;1564
1;1741112573112;1565
1;1741112578257;1566
1;1741112589823;1567
1;1741112595053;1568
1;1741112597613;1569
1;1741112600718;1570
1;1741112602592;1571
1;1741112602954;1572
1;1741112605856;1573
1;1741112619793;1574
1;1741112623567;1575
1;1741112624328;1576
1;1741112638860;1577
1;1741112641882;1578
1;1741112646281;1579
1;1741112654425;1580
1;1741112657879;1581
1;1741112666674;1582
1;1741112672268;1583
1;1741112673578;1584
1;1741112677911;1585
1;1741112678380;1586
1;1741112693929;1587
1;1741112697733;1588
1;1741112709115;1589
1;1741112711868;1590
1;1741112714122;1591
1;1741112715015;1592
1;1741112721509;1593
1;1741112721731;1594
1;1741112722773;1595
1;1741112726569;1596
1;1741112730510;1597
1;1741112730794;1598
1;1741112740134;1599
1;1741112753265;1600
1;1741112759003;1601
1;1741112762418;1602
1;1741112776112;1603
1;1741112776569;1604
1;1741112781489;1605
1;1741112781502;1606
1;1741112786719;1607
1;1741112796790;1608
1;1741112796953;1609
1;1741112799009;1610
1;1741112806396;1611
1;1741112818286;1612
1;1741112818929;1613
1;1741112826507;1614
1;1741112831014;1615
1;1741112833580;1616
1;1741112835550;1617
1;1741112840355;1618
1;1741112843752;1619
1;1741112848729;1620
1;1741112869447;1621
1;1741112870045;1622
1;1741112875360;1623
1;1741112878014;1624
1;1741112881927;1625
1;1741112882047;1626
1;1741112887764;1627
1;1741112892950;1628
1;1741112894483;1629
1;1741112901543;1630
1;1741112905198;1631
1;1741112912034;1632
1;1741112916967;1633
1;1741112930070;1634
1;1741112930363;1635
1;1741112930969;1636
1;1741112938925;1637
1;1741112939287;1638
1;1741112943780;1639
1;1741112956236;1640
1;1741112960075;1641
1;1741112970738;1642
1;1741112971285;1643
1;1741112977658;1644
1;1741112980249;1645
1;1741112983168;1646
1;1741112996560;1647
1;1741112997379;1648
1;1741112999124;1649
1;1741113002115;1650
1;1741113002703;1651
1;1741113006335;1652
1;1741113012243;1653
1;1741113013834;1654
1;1741113024762;1655
1;1741113030490;1656
1;1741113031352;1657
1;1741113038845;1658
1;1741113058120;1659
1;1741113061018;1660
1;1741113061709;1661
1;1741113063724;1662
1;1741113066374;1663
1;1741113067875;1664
1;1741113072716;1665
1;1741113084185;1666
1;1741113085143;1667
1;1741113100331;1668
1;1741113101493;1669
1;1741113104887;1670
1;1741113108743;1671
1;1741113114958;1672
1;1741113117660;1673
1;1741113123694;1674
1;1741113130234;1675
1;1741113145811;1676
1;1741113147937;1677
1;1741113151879;1678
1;1741113158422;1679
1;1741113166658;1680
1;1741113166976;1681
1;1741113171170;1682
1;1741113171626;1683
1;1741113171746;1684
1;1741113175484;1685
1;1741113180217;1686
1;1741113185422;1687
1;1741113187485;1688
1;1741113192644;1689
1;1741113210024;1690
1;1741113214465;1691
1;1741113218239;1692
1;1741113224120;1693
1;1741113233043;1694
1;1741113234719;1695
1;1741113236657;1696
1;1741113238026;1697
1;1741113238619;1698
1;1741113241910;1699
1;1741113244280;1700
1;1741113257880;1701
1;1741113259123;1702
1;1741113271911;1703
1;1741113273596;1704
1;1741113275094;1705
1;1741113281210;1706
1;1741113288336;1707
1;1741113293907;1708
1;1741113299355;1709
1;1741113304554;1710
1;1741113307008;1711
1;1741113312816;1712
1;1741113314208;1713
1;1741113320325;1714
1;1741113325904;1715
1;1741113332326;1716
1;1741113336932;1717
1;1741113343597;1718
1;1741113346924;1719
1;1741113348721;1720
1;1741113357287;1721
1;1741113359819;1722
1;1741113363637;1723
1;1741113374536;1724
1;1741113374772;1725
1;1741113381068;1726
1;1741113386972;1727
1;1741113389956;1728
1;1741113391572;1729
1;1741113403202;1730
1;1741113406927;1731
1;1741113414775;1732
1;1741113429740;1733
1;1741113431431;1734
1;1741113436896;1735
1;1741113439415;1736
1;1741113444855;1737
1;1741113447424;1738
1;1741113448424;1739
1;1741113461679;1740
1;1741113467565;1741
1;1741113469124;1742
1;1741113469663;1743
1;1741113471476;1744
1;1741113480081;1745
1;1741113483396;1746
1;1741113486923;1747
1;1741113490593;1748
1;1741113496086;1749
1;1741113510086;1750
1;1741113515408;1751
1;1741113519043;1752
1;1741113521697;1753
1;1741113522215;1754
1;1741113522233;1755
1;1741113524895;1756
1;1741113528317;1757
1;1741113540349;1758
1;1741113541640;1759
1;1741113547925;1760
1;1741113554419;1761
1;1741113554584;1762
1;1741113565289;1763
1;1741113570136;1764
1;1741113571099;1765
1;1741113571413;1766
1;1741113595209;1767
1;1741113595630;1768
1;1741113602796;1769
1;1741113611803;1770
1;1741113617371;1771
1;1741113620211;1772
1;1741113621531;1773
1;1741113623566;1774
1;1741113624634;1775
1;1741113630112;1776
1;1741113632485;1777
1;1741113633803;1778
1;1741113652009;1779
1;1741113664207;1780
1;1741113667206;1781
1;1741113668193;1782
1;1741113674682;1783
1;1741113675001;1784
1;1741113675438;1785
1;1741113683110;1786
1;1741113685869;1787
1;1741113691117;1788
1;1741113693042;1789
1;1741113693950;1790
1;1741113710332;1791
1;1741113721407;1792
1;1741113727809;1793
1;1741113729788;1794
1;1741113735696;1795
1;1741113736185;1796
1;1741113740006;1797
1;1741113742976;1798
1;1741113753463;1799
1;1741113753597;1800
1;1741113759491;1801
1;1741113760186;1802
1;1741113765666;1803
1;1741113767499;1804
1;1741113768522;1805
1;1741113779881;1806
1;1741113783986;1807
1;1741113784904;1808
1;1741113793925;1809
1;1741113794120;1810
1;1741113796256;1811
1;1741113817698;1812
1;1741113820125;1813
1;1741113824332;1814
1;1741113827034;1815
1;1741113832393;1816
1;1741113837990;1817
1;1741113841715;1818
1;1741113852623;1819
1;1741113852732;1820
1;1741113854256;1821
1;1741113855696;1822
1;1741113865983;1823
1;1741113871913;1824
1;1741113877068;1825
1;1741113886693;1826
1;1741113891750;1827
1;1741113895979;1828
1;1741113897163;1829
1;1741113901984;1830
1;1741113902424;1831
1;1741113915218;1832
1;1741113915656;1833
1;1741113916197;1834
1;1741113919444;1835
1;1741113934917;1836
1;1741113937668;1837
1;1741113938770;1838
1;1741113944810;1839
1;1741113958965;1840
1;1741113961238;1841
1;1741113963870;1842
1;1741113965612;1843
1;1741113967802;1844
1;1741113979371;1845
1;1741113985073;1846
1;1741113987812;1847
1;1741113990917;1848
1;1741114001479;1849
1;1741114001741;1850
1;1741114011325;1851
1;1741114014158;1852
1;1741114016628;1853
1;1741114022490;1854
1;1741114023308;1855
1;1741114029070;1856
1;1741114039039;1857
1;1741114040784;1858
1;1741114044389;1859
1;1741114052587;1860
1;1741114055434;1861
1;1741114064306;1862
1;1741114067172;1863
1;1741114069691;1864
1;1741114076989;1865
1;1741114079792;1866
1;1741114095049;1867
1;1741114095590;1868
1;1741114097905;1869
1;1741114112882;1870
1;1741114116873;1871
1;1741114117019;1872
1;1741114117125;1873
1;1741114122813;1874
1;1741114128030;1875
1;1741114133437;1876
1;1741114140612;1877
1;1741114142615;1878
1;1741114143933;1879
1;1741114145506;1880
1;1741114145859;1881
1;1741114164411;1882
1;1741114170917;1883
1;1741114170930;1884
1;1741114181258;1885
1;1741114181706;1886
1;1741114185886;1887
1;1741114188937;1888
1;1741114193696;1889
1;1741114203792;1890
1;1741114217857;1891
1;1741114218249;1892
1;1741114218602;1893
1;1741114218698;1894
1;1741114220877;1895
1;1741114227739;1896
1;1741114235427;1897
1;1741114238318;1898
1;1741114244867;1899
1;1741114252833;1900
1;1741114261881;1901
1;1741114264066;1902
1;1741114267191;1903
1;1741114270124;1904
1;1741114271662;1905
1;1741114276754;1906
1;1741114289482;1907
1;1741114289907;1908
1;1741114290750;1909
1;1741114298142;1910
1;1741114301498;1911
1;1741114303242;1912
1;1741114310195;1913
1;1741114322117;1914
1;1741114325170;1915
1;1741114334196;1916
1;1741114344167;1917
1;1741114346693;1918
1;1741114346921;1919
1;1741114348751;1920
1;1741114353252;1921
1;1741114356945;1922
1;1741114374908;1923
1;1741114377577;1924
1;1741114380489;1925
1;1741114385695;1926
1;1741114386524;1927
1;1741114395630;1928
1;1741114397143;1929
1;1741114402003;1930
1;1741114409353;1931
1;1741114418304;1932
1;1741114419102;1933
1;1741114419977;1934
1;1741114420989;1935
1;1741114422604;1936
3;1741114425854;160
1;1741114443432;1937
1;1741114445951;1938
1;1741114447437;1939
1;1741114450700;1940
1;1741114452689;1941
1;1741114453878;1942
1;1741114461910;1943
1;1741114472752;1944
1;1741114474027;1945
1;1741114474761;1946
1;1741114476780;1947
1;1741114493158;1948
1;1741114493633;1949
1;1741114497574;1950
1;1741114514826;1951
1;1741114515785;1952
1;1741114523586;1953
1;1741114527927;1954
1;1741114528507;1955
1;1741114540443;1956
1;1741114542020;1957
1;1741114542812;1958
1;1741114548357;1959
1;1741114553738;1960
1;1741114554580;1961
1;1741114555872;1962
1;1741114559522;1963
1;1741114562864;1964
1;1741114575806;1965
1;1741114576838;1966
1;1741114583087;1967
1;1741114592295;1968
1;1741114593357;1969
1;1741114598988;1970
1;1741114615992;1971
1;1741114617609;1972
1;1741114619640;1973
1;1741114625270;1974
1;1741114626034;1975
1;1741114626559;1976
1;1741114627313;1977
1;1741114635567;1978
1;1741114648078;1979
1;1741114655447;1980
1;1741114658964;1981
1;1741114661736;1982
1;1741114666842;1983
1;1741114671098;1984
1;1741114673618;1985
1;1741114674647;1986
1;1741114682994;1987
1;1741114684833;1988
1;1741114692848;1989
1;1741114693610;1990
1;1741114703628;1991
1;1741114707699;1992
1;1741114725871;1993
1;1741114727751;1994
1;1741114731395;1995
1;1741114740129;1996
1;1741114744930;1997
1;1741114752345;1998
1;1741114754877;1999
1;1741114760234;2000
1;1741114762574;2001
1;1741114765530;2002
1;1741114765543;2003
1;1741114780519;2004
1;1741114785916;2005
1;1741114786117;2006
1;1741114788012;2007
1;1741114788556;2008
1;1741114793747;2009
1;1741114799226;2010
1;1741114801354;2011
1;1741114812703;2012
1;1741114828079;2013
1;1741114828299;2014
1;1741114829718;2015
1;1741114830568;2016
1;1741114837985;2017
1;1741114838298;2018
1;1741114840381;2019
1;1741114853459;2020
1;1741114853854;2021
1;1741114856035;2022
1;1741114865092;2023
1;1741114865500;2024
1;1741114866374;2025
1;1741114874989;2026
1;1741114877459;2027
1;1741114888388;2028
1;1741114903441;2029
1;1741114903636;2030
1;1741114912715;2031
1;1741114913013;2032
1;1741114913534;2033
1;1741114920022;2034
1;1741114924783;2035
1;1741114931617;2036
1;1741114932709;2037
1;1741114956770;2038
1;1741114956880;2039
1;1741114960054;2040
1;1741114960165;2041
1;1741114965421;2042
1;1741114966498;2043
1;1741114975164;2044
1;1741114976244;2045
1;1741114981491;2046
1;1741114989460;2047
1;1741114992799;2048
1;1741114996108;2049
1;1741114996944;2050
1;1741115006427;2051
1;1741115025300;2052
1;1741115026669;2053
1;1741115027391;2054
1;1741115030270;2055
1;1741115041851;2056
1;1741115043423;2057
1;1741115048404;2058
1;1741115048898;2059
1;1741115053066;2060
1;1741115057301;2061
1;1741115059200;2062
1;1741115066512;2063
1;1741115075381;2064
1;1741115079402;2065
1;1741115080837;2066
1;1741115085806;2067
1;1741115089172;2068
1;1741115100070;2069
1;1741115102219;2070
1;1741115105903;2071
1;1741115110938;2072
1;1741115113968;2073
1;1741115126417;2074
1;1741115132037;2075
1;1741115139629;2076
1;1741115145333;2077
1;1741115145719;2078
1;1741115148535;2079
1;1741115151123;2080
1;1741115162839;2081
1;1741115163516;2082
1;1741115167973;2083
1;1741115173450;2084
1;1741115176383;2085
1;1741115177236;2086
1;1741115181926;2087
1;1741115191718;2088
1;1741115191901;2089
1;1741115203720;2090
1;1741115212657;2091
1;1741115213091;2092
1;1741115216961;2093
1;1741115218184;2094
1;1741115221257;2095
1;1741115225372;2096
1;1741115241293;2097
1;1741115241975;2098
1;1741115246950;2099
1;1741115247327;2100
1;1741115257123;2101
1;1741115259957;2102
1;1741115264009;2103
1;1741115266326;2104
1;1741115272988;2105
1;1741115274404;2106
1;1741115289425;2107
1;1741115291550;2108
1;1741115309382;2109
1;1741115310272;2110
1;1741115310533;2111
1;1741115313203;2112
1;1741115314172;2113
1;1741115318551;2114
1;1741115318832;2115
1;1741115336972;2116
1;1741115346182;2117
1;1741115351957;2118
1;1741115357236;2119
1;1741115359961;2120
1;1741115361325;2121
1;1741115366555;2122
1;1741115368358;2123
1;1741115370964;2124
1;1741115374466;2125
1;1741115376188;2126
1;1741115384443;2127
1;1741115385537;2128
1;1741115393792;2129
1;1741115411350;2130
1;1741115415381;2131
1;1741115416173;2132
1;1741115419120;2133
1;1741115419895;2134
1;1741115423639;2135
1;1741115427942;2136
1;1741115432503;2137
1;1741115441568;2138
1;1741115444001;2139
1;1741115450521;2140
1;1741115457143;2141
1;1741115460226;2142
1;1741115461184;2143
1;1741115477232;2144
1;1741115477932;2145
1;1741115486628;2146
1;1741115491966;2147
1;1741115497772;2148
1;1741115503845;2149
1;1741115506152;2150
1;1741115508203;2151
1;1741115514212;2152
1;1741115519443;2153
1;1741115520423;2154
1;1741115522719;2155
1;1741115537747;2156
1;1741115537874;2157
1;1741115544735;2158
1;1741115550205;2159
1;1741115550776;2160
1;1741115551378;2161
1;1741115558427;2162
1;1741115562781;2163
1;1741115567458;2164
1;1741115570887;2165
1;1741115585899;2166
1;1741115589473;2167
1;1741115589548;2168
1;1741115597970;2169
1;1741115598158;2170
1;1741115603357;2171
1;1741115604708;2172
1;1741115610983;2173
1;1741115631160;2174
1;1741115634080;2175
1;1741115636130;2176
1;1741115645159;2177
1;1741115646656;2178
1;1741115653773;2179
1;1741115656710;2180
1;1741115663968;2181
1;1741115665943;2182
1;1741115668108;2183
1;1741115677994;2184
1;1741115678667;2185
1;1741115687530;2186
1;1741115688508;2187
1;1741115690594;2188
1;1741115694988;2189
1;1741115705345;2190
1;1741115706668;2191
1;1741115711645;2192
1;1741115727108;2193
1;1741115731644;2194
1;1741115731804;2195
1;1741115734699;2196
1;1741115737825;2197
1;1741115741097;2198
1;1741115749353;2199
1;1741115750899;2200
1;1741115751001;2201
1;1741115758238;2202
1;1741115774428;2203
1;1741115777534;2204
1;1741115782804;2205
1;1741115785698;2206
1;1741115787285;2207
1;1741115795196;2208
1;1741115802020;2209
1;1741115809727;2210
1;1741115812515;2211
1;1741115823888;2212
1;1741115827788;2213
1;1741115829302;2214
1;1741115834497;2215
1;1741115837702;2216
1;1741115839964;2217
1;1741115846430;2218
1;1741115850102;2219
1;1741115851501;2220
1;1741115858431;2221
1;1741115868650;2222
1;1741115870453;2223
1;1741115874388;2224
1;1741115878154;2225
1;1741115878965;2226
1;1741115884752;2227
1;1741115897822;2228
1;1741115908514;2229
1;1741115910091;2230
1;1741115917143;2231
1;1741115917467;2232
1;1741115919734;2233
1;1741115921852;2234
1;1741115925071;2235
1;1741115931630;2236
1;1741115936653;2237
1;1741115946905;2238
1;1741115948803;2239
1;1741115962020;2240
1;1741115964788;2241
1;1741115966566;2242
1;1741115967045;2243
1;1741115971657;2244
1;1741115978747;2245
1;1741115979200;2246
1;1741115990665;2247
1;1741115995488;2248
1;1741115999371;2249
1;1741116001518;2250
1;1741116006496;2251
1;1741116012430;2252
1;1741116014826;2253
1;1741116023260;2254
1;1741116026489;2255
1;1741116033253;2256
1;1741116034472;2257
1;1741116038879;2258
1;1741116043553;2259
1;1741116050820;2260
1;1741116052056;2261
1;1741116060248;2262
1;1741116070134;2263
1;1741116071073;2264
1;1741116079177;2265
1;1741116079788;2266
1;1741116082396;2267
1;1741116084048;2268
1;1741116103064;2269
1;1741116106972;2270
1;1741116111160;2271
1;1741116115041;2272
1;1741116120701;2273
1;1741116121090;2274
1;1741116125879;2275
1;1741116127233;2276
1;1741116133282;2277
1;1741116145744;2278
1;1741116149635;2279
1;1741116157701;2280
1;1741116161695;2281
1;1741116164829;2282
1;1741116173454;2283
1;1741116179611;2284
1;1741116182778;2285
1;1741116185149;2286
1;1741116185241;2287
1;1741116193011;2288
1;1741116195200;2289
1;1741116201311;2290
1;1741116202011;2291
1;1741116210106;2292
1;1741116216241;2293
1;1741116217870;2294
1;1741116218295;2295
1;1741116241200;2296
1;1741116241572;2297
1;1741116248734;2298
1;1741116250996;2299
1;1741116253145;2300
1;1741116260022;2301
1;1741116263317;2302
1;1741116271746;2303
1;1741116276405;2304
1;1741116278402;2305
1;1741116278773;2306
1;1741116281227;2307
1;1741116296745;2308
1;1741116298243;2309
1;1741116303508;2310
1;1741116309231;2311
1;1741116313264;2312
1;1741116314939;2313
1;1741116320330;2314
1;1741116320393;2315
1;1741116322821;2316
1;1741116331228;2317
1;1741116337933;2318
1;1741116345139;2319
1;1741116354724;2320
1;1741116360271;2321
1;1741116368056;2322
1;1741116374022;2323
1;1741116378207;2324
1;1741116378593;2325
1;1741116381295;2326
1;1741116384256;2327
1;1741116388193;2328
1;1741116390950;2329
1;1741116394368;2330
1;1741116406937;2331
1;1741116421364;2332
1;1741116422494;2333
1;1741116424683;2334
1;1741116430374;2335
1;1741116438237;2336
1;1741116443220;2337
1;1741116447692;2338
1;1741116448206;2339
1;1741116453025;2340
1;1741116460284;2341
1;1741116468259;2342
1;1741116469908;2343
1;1741116482732;2344
1;1741116487096;2345
1;1741116488531;2346
1;1741116489147;2347
1;1741116489713;2348
1;1741116489939;2349
1;1741116490637;2350
1;1741116509505;2351
1;1741116515904;2352
1;1741116521587;2353
1;1741116526793;2354
1;1741116532865;2355
1;1741116539353;2356
1;1741116541278;2357
1;1741116544226;2358
1;1741116545996;2359
1;1741116557214;2360
1;1741116557565;2361
1;1741116559063;2362
1;1741116570413;2363
1;1741116579336;2364
1;1741116579659;2365
1;1741116580013;2366
1;1741116583106;2367
1;1741116597897;2368
1;1741116606596;2369
1;1741116608615;2370
1;1741116615881;2371
1;1741116620983;2372
1;1741116625222;2373
1;1741116626418;2374
1;1741116637243;2375
1;1741116637278;2376
1;1741116645723;2377
1;1741116647981;2378
1;1741116648536;2379
1;1741116648796;2380
1;1741116658052;2381
1;1741116661612;2382
1;1741116674349;2383
1;1741116679337;2384
1;1741116679917;2385
1;1741116681317;2386
1;1741116685155;2387
1;1741116691254;2388
1;1741116693806;2389
1;1741116693814;2390
1;1741116703088;2391
1;1741116704333;2392
1;1741116727905;2393
1;1741116729288;2394
1;1741116729651;2395
1;1741116733167;2396
1;1741116733500;2397
1;1741116738163;2398
1;1741116740651;2399
1;1741116763486;2400
1;1741116763751;2401
1;1741116769263;2402
1;1741116775289;2403
1;1741116776101;2404
1;1741116779075;2405
1;1741116785469;2406
1;1741116788752;2407
1;1741116799983;2408
1;1741116802174;2409
1;1741116808860;2410
1;1741116809022;2411
1;1741116813112;2412
1;1741116815666;2413
1;1741116818017;2414
1;1741116821851;2415
1;1741116830701;2416
1;1741116844322;2417
1;1741116844492;2418
1;1741116845342;2419
1;1741116846564;2420
1;1741116858439;2421
1;1741116860560;2422
1;1741116861281;2423
1;1741116869447;2424
1;1741116869740;2425
1;1741116869833;2426
1;1741116883516;2427
1;1741116898981;2428
1;1741116901642;2429
1;1741116906430;2430
1;1741116907250;2431
1;1741116910452;2432
1;1741116920202;2433
1;1741116923756;2434
1;1741116929900;2435
1;1741116934245;2436
1;1741116939526;2437
1;1741116939548;2438
1;1741116943893;2439
1;1741116949204;2440
1;1741116964907;2441
1;1741116967060;2442
1;1741116968313;2443
1;1741116975077;2444
1;1741116982693;2445
1;1741116986891;2446
1;1741116986961;2447
1;1741116992189;2448
1;1741116996663;2449
1;1741117000172;2450
1;1741117004655;2451
1;1741117010738;2452
1;1741117010794;2453
1;1741117015330;2454
1;1741117028694;2455
1;1741117036697;2456
1;1741117042534;2457
1;1741117046755;2458
1;1741117050209;2459
1;1741117053770;2460
1;1741117061264;2461
1;1741117062184;2462
1;1741117068099;2463
1;1741117079585;2464
1;1741117081895;2465
1;1741117085394;2466
1;1741117087090;2467
1;1741117091321;2468
1;1741117097701;2469
1;1741117099633;2470
1;1741117101510;2471
1;1741117114018;2472
1;1741117119457;2473
1;1741117122210;2474
1;1741117127215;2475
1;1741117134805;2476
1;1741117136241;2477
1;1741117145275;2478
1;1741117145629;2479
1;1741117150607;2480
1;1741117152099;2481
1;1741117154815;2482
1;1741117158499;2483
1;1741117164767;2484
1;1741117169938;2485
1;1741117178816;2486
1;1741117185825;2487
1;1741117188961;2488
1;1741117192751;2489
1;1741117192973;2490
1;1741117200691;2491
1;1741117212836;2492
1;1741117218899;2493
1;1741117224028;2494
1;1741117224483;2495
1;1741117226799;2496
1;1741117232091;2497
1;1741117233469;2498
1;1741117246824;2499
1;1741117255808;2500
1;1741117258216;2501
1;1741117259452;2502
1;1741117259492;2503
1;1741117273207;2504
1;1741117282906;2505
1;1741117285546;2506
1;1741117289394;2507
1;1741117296817;2508
1;1741117299105;2509
1;1741117301254;2510
1;1741117307616;2511
1;1741117315719;2512
1;1741117329198;2513
1;1741117332441;2514
1;1741117335364;2515
1;1741117335434;2516
1;1741117335532;2517
1;1741117347887;2518
1;1741117350661;2519
1;1741117356133;2520
1;1741117357815;2521
1;1741117360103;2522
1;1741117361383;2523
1;1741117361741;2524
1;1741117376953;2525
1;1741117381506;2526
1;1741117387936;2527
1;1741117393477;2528
1;1741117393575;2529
1;1741117397411;2530
1;1741117402148;2531
1;1741117422369;2532
1;1741117423388;2533
1;1741117427514;2534
1;1741117432250;2535
1;1741117433920;2536
1;1741117442707;2537
1;1741117444229;2538
1;1741117447680;2539
1;1741117451945;2540
1;1741117458960;2541
1;1741117461683;2542
1;1741117468004;2543
1;1741117468153;2544
1;1741117472526;2545
1;1741117472717;2546
1;1741117487932;2547
1;1741117490744;2548
1;1741117501059;2549
1;1741117505960;2550
1;1741117508371;2551
1;1741117509711;2552
1;1741117511152;2553
1;1741117513564;2554
1;1741117517844;2555
1;1741117528996;2556
1;1741117536817;2557
1;1741117539115;2558
1;1741117543752;2559
1;1741117544446;2560
1;1741117546321;2561
1;1741117560608;2562
1;1741117562336;2563
1;1741117576277;2564
1;1741117576973;2565
1;1741117588177;2566
1;1741117589909;2567
1;1741117597361;2568
1;1741117601195;2569
1;1741117605674;2570
1;1741117608278;2571
1;1741117613290;2572
1;1741117615320;2573
1;1741117624660;2574
1;1741117630656;2575
1;1741117634026;2576
1;1741117642409;2577
1;1741117642561;2578
1;1741117646461;2579
1;1741117649365;2580
1;1741117654938;2581
1;1741117656376;2582
1;1741117675850;2583
1;1741117676250;2584
1;1741117678361;2585
1;1741117681868;2586
1;1741117682028;2587
1;1741117690626;2588
1;1741117699744;2589
1;1741117702685;2590
1;1741117704452;2591
1;1741117708308;2592
1;1741117716839;2593
1;1741117721777;2594
1;1741117731586;2595
1;1741117733853;2596
1;1741117735211;2597
1;1741117737086;2598
1;1741117751881;2599
1;1741117752294;2600
1;1741117760941;2601
1;1741117764516;2602
1;1741117771843;2603
1;1741117774700;2604
1;1741117784736;2605
1;1741117785557;2606
1;1741117790178;2607
1;1741117798217;2608
1;1741117799482;2609
1;1741117801241;2610
1;1741117802438;2611
1;1741117808534;2612
1;1741117819235;2613
1;1741117824448;2614
1;1741117827193;2615
1;1741117837220;2616
1;1741117838099;2617
1;1741117838380;2618
1;1741117844013;2619
1;1741117850479;2620
1;1741117856410;2621
1;1741117857698;2622
1;1741117874212;2623
1;1741117875195;2624
1;1741117878486;2625
1;1741117888022;2626
1;1741117888300;2627
1;1741117888849;2628
1;1741117903676;2629
1;1741117908610;2630
1;1741117911624;2631
1;1741117914920;2632
1;1741117916358;2633
1;1741117923215;2634
1;1741117928739;2635
1;1741117933906;2636
1;1741117941089;2637
1;1741117943233;2638
1;1741117945026;2639
1;1741117957535;2640
1;1741117964859;2641
1;1741117968317;2642
1;1741117973230;2643
1;1741117974358;2644
1;1741117978353;2645
1;1741117985992;2646
1;1741117986032;2647
1;1741117986316;2648
1;1741117990390;2649
1;1741117996305;2650
1;1741118012862;2651
1;1741118013683;2652
1;1741118017502;2653
1;1741118037636;2654
1;1741118038012;2655
1;1741118041159;2656
1;1741118043795;2657
1;1741118046901;2658
1;1741118054571;2659
1;1741118057673;2660
1;1741118058008;2661
1;1741118067254;2662
1;1741118068380;2663
1;1741118069722;2664
1;1741118087773;2665
1;1741118088739;2666
1;1741118091768;2667
1;1741118097392;2668
1;1741118101774;2669
1;1741118107821;2670
1;1741118110076;2671
1;1741118110974;2672
1;1741118123424;2673
1;1741118125357;2674
1;1741118127991;2675
1;1741118129673;2676
1;1741118132546;2677
1;1741118147180;2678
1;1741118149690;2679
1;1741118152078;2680
1;1741118153948;2681
1;1741118168100;2682
1;1741118174426;2683
1;1741118174558;2684
1;1741118178367;2685
1;1741118178830;2686
1;1741118179755;2687
1;1741118187644;2688
1;1741118199721;2689
1;1741118205417;2690
1;1741118205776;2691
1;1741118207831;2692
1;1741118214390;2693
1;1741118216674;2694
1;1741118220475;2695
1;1741118225165;2696
1;1741118228468;2697
1;1741118238522;2698
1;1741118241644;2699
1;1741118249800;2700
1;1741118255738;2701
1;1741118261540;2702
1;1741118263137;2703
1;1741118274115;2704
1;1741118281364;2705
1;1741118290625;2706
1;1741118293308;2707
1;1741118299177;2708
1;1741118304294;2709
1;1741118305227;2710
1;1741118311187;2711
1;1741118312117;2712
1;1741118315748;2713
1;1741118316726;2714
1;1741118326031;2715
1;1741118338815;2716
1;1741118343352;2717
1;1741118353288;2718
1;1741118359092;2719
1;1741118360049;2720
1;1741118360254;2721
1;1741118363764;2722
1;1741118370076;2723
1;1741118370859;2724
1;1741118377003;2725
1;1741118380249;2726
1;1741118390005;2727
1;1741118400488;2728
1;1741118405173;2729
1;1741118407274;2730
1;1741118412790;2731
1;1741118413282;2732
1;1741118415219;2733
1;1741118427149;2734
1;1741118429027;2735
1;1741118431089;2736
1;1741118433082;2737
1;1741118449801;2738
1;1741118450567;2739
1;1741118452360;2740
1;1741118457778;2741
1;1741118458246;2742
1;1741118470053;2743
1;1741118473729;2744
1;1741118484854;2745
1;1741118485828;2746
1;1741118488041;2747
1;1741118500408;2748
1;1741118501723;2749
1;1741118502192;2750
1;1741118512006;2751
1;1741118517648;2752
1;1741118518177;2753
1;1741118518695;2754
1;1741118527990;2755
1;1741118539043;2756
1;1741118539955;2757
1;1741118553788;2758
1;1741118556122;2759
1;1741118558352;2760
1;1741118561860;2761
1;1741118564455;2762
1;1741118569379;2763
1;1741118578517;2764
1;1741118580053;2765
1;1741118587192;2766
1;1741118587210;2767
1;1741118598827;2768
1;1741118599341;2769
1;1741118611125;2770
1;1741118612431;2771
1;1741118614868;2772
1;1741118616253;2773
1;1741118626440;2774
1;1741118629281;2775
1;1741118633092;2776
1;1741118636253;2777
1;1741118642342;2778
1;1741118645292;2779
1;1741118650142;2780
1;1741118652954;2781
1;1741118655757;2782
1;1741118670196;2783
1;1741118679709;2784
1;1741118680227;2785
1;1741118683393;2786
1;1741118688401;2787
1;1741118690452;2788
1;1741118691480;2789
1;1741118705571;2790
1;1741118708535;2791
1;1741118711260;2792
1;1741118714785;2793
1;1741118724846;2794
1;1741118728065;2795
1;1741118730252;2796
1;1741118746342;2797
1;1741118747856;2798
1;1741118748628;2799
1;1741118751533;2800
1;1741118751616;2801
1;1741118756598;2802
1;1741118766439;2803
1;1741118767535;2804
1;1741118780930;2805
1;1741118781748;2806
1;1741118783499;2807
1;1741118796874;2808
1;1741118800421;2809
1;1741118804533;2810
1;1741118811013;2811
1;1741118811067;2812
1;1741118818069;2813
1;1741118824660;2814
1;1741118827844;2815
1;1741118833451;2816
1;1741118833893;2817
1;1741118845390;2818
1;1741118846355;2819
1;1741118848534;2820
1;1741118849397;2821
1;1741118863863;2822
1;1741118865435;2823
1;1741118867524;2824
1;1741118877852;2825
1;1741118885531;2826
1;1741118886636;2827
1;1741118895278;2828
1;1741118899673;2829
1;1741118906197;2830
1;1741118909353;2831
1;1741118909881;2832
1;1741118910386;2833
1;1741118925552;2834
1;1741118930169;2835
1;1741118937119;2836
1;1741118937885;2837
1;1741118939421;2838
1;1741118940376;2839
1;1741118940483;2840
1;1741118948097;2841
1;1741118954244;2842
1;1741118967190;2843
1;1741118968057;2844
1;1741118978770;2845
1;1741118982654;2846
1;1741118987369;2847
1;1741118991777;2848
1;1741118995009;2849
1;1741118997137;2850
1;1741118999546;2851
1;1741119005924;2852
1;1741119015705;2853
1;1741119022161;2854
1;1741119027468;2855
1;1741119031727;2856
1;1741119037608;2857
1;1741119040444;2858
1;1741119056337;2859
1;1741119059305;2860
1;1741119060915;2861
1;1741119062055;2862
1;1741119062099;2863
1;1741119066590;2864
1;1741119071910;2865
1;1741119081590;2866
1;1741119085941;2867
1;1741119095608;2868
1;1741119096715;2869
1;1741119099558;2870
1;1741119101139;2871
1;1741119103212;2872
1;1741119117170;2873
1;1741119133226;2874
1;1741119136338;2875
1;1741119137397;2876
1;1741119147175;2877
1;1741119149849;2878
1;1741119151263;2879
1;1741119156631;2880
1;1741119160088;2881
1;1741119170540;2882
1;1741119170807;2883
1;1741119172515;2884
1;1741119174040;2885
1;1741119185798;2886
1;1741119190514;2887
1;1741119195775;2888
1;1741119201867;2889
1;1741119206368;2890
1;1741119214774;2891
1;1741119217958;2892
1;1741119222777;2893
1;1741119223131;2894
1;1741119231523;2895
1;1741119233357;2896
1;1741119235076;2897
1;1741119235909;2898
1;1741119246582;2899
1;1741119251653;2900
1;1741119256356;2901
1;1741119272416;2902
1;1741119273588;2903
1;1741119274629;2904
1;1741119282057;2905
1;1741119287206;2906
1;1741119298570;2907
1;1741119299761;2908
1;1741119304771;2909
1;1741119305602;2910
1;1741119307552;2911
1;1741119308455;2912
1;1741119315471;2913
1;1741119319475;2914
1;1741119322739;2915
1;1741119330125;2916
1;1741119333764;2917
1;1741119347958;2918
1;1741119348765;2919
1;1741119353056;2920
1;1741119358814;2921
1;1741119359855;2922
1;1741119360608;2923
1;1741119361213;2924
1;1741119370080;2925
1;1741119378562;2926
1;1741119380187;2927
1;1741119388376;2928
1;1741119395422;2929
1;1741119399892;2930
1;1741119408516;2931
1;1741119413105;2932
1;1741119416008;2933
1;1741119417233;2934
1;1741119419234;2935
1;1741119432664;2936
1;1741119438314;2937
1;1741119440201;2938
1;1741119444508;2939
1;1741119457995;2940
1;1741119458482;2941
1;1741119460404;2942
1;1741119460785;2943
1;1741119470081;2944
1;1741119476102;2945
1;1741119478751;2946
1;1741119479239;2947
1;1741119483211;2948
1;1741119492746;2949
1;1741119496582;2950
3;1741119500854;161
1;1741119504514;2951
1;1741119516129;2952
1;1741119521467;2953
1;1741119525231;2954
1;1741119528178;2955
1;1741119529637;2956
1;1741119531085;2957
1;1741119532219;2958
1;1741119561346;2959
1;1741119562082;2960
1;1741119564705;2961
1;1741119571507;2962
1;1741119571542;2963
1;1741119572942;2964
1;1741119577228;2965
1;1741119577455;2966
1;1741119583283;2967
1;1741119586417;2968
1;1741119598260;2969
1;1741119600985;2970
1;1741119603308;2971
1;1741119610670;2972
1;1741119610819;2973
1;1741119612986;2974
1;1741119625546;2975
1;1741119632685;2976
1;1741119634031;2977
1;1741119636706;2978
1;1741119640143;2979
1;1741119641002;2980
1;1741119659213;2981
1;1741119661351;2982
1;1741119661830;2983
1;1741119663468;2984
1;1741119670936;2985
1;1741119674359;2986
1;1741119691513;2987
1;1741119703424;2988
1;1741119705076;2989
1;1741119710466;2990
1;1741119712773;2991
1;1741119717036;2992
1;1741119719942;2993
1;1741119728765;2994
1;1741119737330;2995
1;1741119740913;2996
1;1741119742618;2997
1;1741119745671;2998
1;1741119745949;2999
1;1741119746068;3000
1;1741119752016;3001
1;1741119765485;3002
1;1741119771231;3003
1;1741119775103;3004
1;1741119775239;3005
1;1741119784253;3006
1;1741119795106;3007
1;1741119796435;3008
1;1741119796707;3009
1;1741119803433;3010
1;1741119804453;3011
1;1741119807830;3012
1;1741119811947;3013
1;1741119816467;3014
1;1741119823926;3015
1;1741119829671;3016
1;1741119835580;3017
1;1741119840559;3018
1;1741119848348;3019
1;1741119862379;3020
1;1741119862914;3021
1;1741119868201;3022
1;1741119871752;3023
1;1741119874062;3024
1;1741119875974;3025
1;1741119882764;3026
1;1741119890458;3027
1;1741119892806;3028
1;1741119900717;3029
1;1741119910582;3030
1;1741119910609;3031
1;1741119910884;3032
1;1741119914576;3033
1;1741119923034;3034
1;1741119926932;3035
1;1741119930562;3036
1;1741119932418;3037
1;1741119946480;3038
1;1741119951591;3039
1;1741119952316;3040
1;1741119957975;3041
1;1741119958119;3042
1;1741119961418;3043
1;1741119969048;3044
1;1741119975009;3045
1;1741119978298;3046
1;1741119984514;3047
1;1741119988441;3048
1;1741119994630;3049
1;1741119995011;3050
1;1741120002158;3051
1;1741120012068;3052
1;1741120020904;3053
1;1741120021754;3054
1;1741120023594;3055
1;1741120025390;3056
1;1741120026303;3057
1;1741120042553;3058
1;1741120047799;3059
1;1741120054380;3060
1;1741120054880;3061
1;1741120061622;3062
1;1741120065227;3063
1;1741120069859;3064
1;1741120079401;3065
1;1741120095789;3066
1;1741120096833;3067
1;1741120104734;3068
1;1741120107739;3069
1;1741120108103;3070
1;1741120108167;3071
1;1741120109208;3072
1;1741120111913;3073
1;1741120124995;3074
1;1741120133246;3075
1;1741120136033;3076
1;1741120145159;3077
1;1741120145577;3078
1;1741120145630;3079
1;1741120147326;3080
1;1741120154235;3081
1;1741120163287;3082
1;1741120163525;3083
1;1741120169815;3084
1;1741120180754;3085
1;1741120183070;3086
1;1741120187153;3087
1;1741120191830;3088
1;1741120202419;3089
1;1741120205336;3090
1;1741120210109;3091
1;1741120222897;3092
1;1741120223004;3093
1;1741120234150;3094
1;1741120236709;3095
1;1741120240527;3096
1;1741120241096;3097
1;1741120241661;3098
1;1741120246998;3099
1;1741120247763;3100
1;1741120259491;3101
1;1741120263277;3102
1;1741120272317;3103
1;1741120274974;3104
1;1741120283657;3105
1;1741120284877;3106
1;1741120288807;3107
1;1741120288928;3108
1;1741120294576;3109
1;1741120302039;3110
1;1741120304597;3111
1;1741120309659;3112
1;1741120310327;3113
1;1741120316981;3114
1;1741120330500;3115
1;1741120331503;3116
1;1741120336436;3117
1;1741120338938;3118
1;1741120346745;3119
1;1741120354868;3120
1;1741120357263;3121
1;1741120357306;3122
1;1741120363283;3123
1;1741120369133;3124
1;1741120377112;3125
1;1741120386033;3126
1;1741120386740;3127
1;1741120390660;3128
1;1741120399185;3129
1;1741120401135;3130
1;1741120406613;3131
1;1741120413733;3132
1;1741120414120;3133
1;1741120417017;3134
1;1741120421809;3135
1;1741120438128;3136
1;1741120442741;3137
1;1741120450687;3138
1;1741120450858;3139
1;1741120456077;3140
1;1741120461768;3141
1;1741120462583;3142
1;1741120463033;3143
1;1741120468150;3144
1;1741120475444;3145
1;1741120478017;3146
1;1741120484709;3147
1;1741120487737;3148
1;1741120487759;3149
1;1741120500528;3150
1;1741120501230;3151
1;1741120516602;3152
1;1741120521445;3153
1;1741120521616;3154
1;1741120525665;3155
1;1741120534167;3156
1;1741120545726;3157
1;1741120548588;3158
1;1741120556113;3159
1;1741120559454;3160
1;1741120561743;3161
1;1741120564319;3162
1;1741120571690;3163
1;1741120575606;3164
1;1741120578193;3165
1;1741120580238;3166
1;1741120591777;3167
1;1741120596780;3168
1;1741120597441;3169
1;1741120603543;3170
1;1741120605394;3171
1;1741120609256;3172
1;1741120616911;3173
1;1741120623897;3174
1;1741120625434;3175
1;1741120635587;3176
1;1741120636279;3177
1;1741120649712;3178
1;1741120651063;3179
1;1741120658902;3180
1;1741120661780;3181
1;1741120663192;3182
1;1741120665395;3183
1;1741120666321;3184
1;1741120670917;3185
1;1741120673318;3186
1;1741120673995;3187
1;1741120694471;3188
1;1741120696560;3189
1;1741120708202;3190
1;1741120710472;3191
1;1741120715573;3192
1;1741120717605;3193
1;1741120721932;3194
1;1741120726450;3195
1;1741120730987;3196
1;1741120732263;3197
1;1741120733767;3198
1;1741120742556;3199
1;1741120744269;3200
1;1741120747002;3201
1;1741120761249;3202
1;1741120762201;3203
1;1741120763257;3204
1;1741120777427;3205
1;1741120781785;3206
1;1741120783360;3207
1;1741120786160;3208
1;1741120789792;3209
1;1741120797632;3210
1;1741120802419;3211
1;1741120818469;3212
1;1741120823865;3213
1;1741120826742;3214
1;1741120829797;3215
1;1741120830819;3216
1;1741120846634;3217
1;1741120846706;3218
1;1741120849979;3219
1;1741120850687;3220
1;1741120854670;3221
1;1741120861786;3222
1;1741120864632;3223
1;1741120876054;3224
1;1741120882315;3225
1;1741120891852;3226
1;1741120892897;3227
1;1741120893811;3228
1;1741120898225;3229
1;1741120903517;3230
1;1741120911842;3231
1;1741120922292;3232
1;1741120922432;3233
1;1741120926510;3234
1;1741120927484;3235
1;1741120934755;3236
1;1741120936554;3237
1;1741120944455;3238
1;1741120952118;3239
1;1741120952533;3240
1;1741120956850;3241
1;1741120967853;3242
1;1741120968624;3243
1;1741120972304;3244
1;1741120973597;3245
1;1741120974136;3246
1;1741120999146;3247
1;1741121000036;3248
1;1741121000966;3249
1;1741121006533;3250
1;1741121012090;3251
1;1741121018486;3252
1;1741121019474;3253
1;1741121022117;3254
1;1741121026462;3255
1;1741121028752;3256
1;1741121038866;3257
1;1741121039527;3258
1;1741121044987;3259
1;1741121059778;3260
1;1741121061845;3261
1;1741121063377;3262
1;1741121072096;3263
1;1741121072683;3264
1;1741121073061;3265
1;1741121083863;3266
1;1741121090541;3267
1;1741121093651;3268
1;1741121095081;3269
1;1741121097698;3270
1;1741121100130;3271
3;1741121100855;162
1;1741121110157;3272
1;1741121124501;3273
1;1741121127450;3274
1;1741121132361;3275
1;1741121139783;3276
1;1741121146618;3277
1;1741121147991;3278
1;1741121150024;3279
1;1741121155607;3280
1;1741121157707;3281
1;1741121167569;3282
1;1741121167775;3283
1;1741121179341;3284
1;1741121185194;3285
1;1741121186263;3286
1;1741121200119;3287
1;1741121204769;3288
1;1741121206718;3289
1;1741121208848;3290
1;1741121214509;3291
1;1741121216303;3292
1;1741121217914;3293
1;1741121231172;3294
1;1741121231882;3295
1;1741121231994;3296
1;1741121233222;3297
1;1741121244279;3298
1;1741121246710;3299
1;1741121256851;3300
1;1741121260038;3301
1;1741121260280;3302
1;1741121265785;3303
1;1741121266187;3304
1;1741121274041;3305
1;1741121279119;3306
1;1741121281193;3307
1;1741121283665;3308
1;1741121290826;3309
1;1741121303659;3310
1;1741121313959;3311
1;1741121316553;3312
1;1741121317622;3313
1;1741121319526;3314
1;1741121336058;3315
1;1741121341656;3316
1;1741121342006;3317
1;1741121343488;3318
1;1741121360129;3319
1;1741121365329;3320
1;1741121366750;3321
1;1741121366992;3322
1;1741121374792;3323
1;1741121376520;3324
1;1741121379032;3325
1;1741121386462;3326
1;1741121392903;3327
1;1741121403983;3328
1;1741121410820;3329
1;1741121413353;3330
1;1741121415231;3331
1;1741121417254;3332
1;1741121426466;3333
1;1741121426856;3334
1;1741121431498;3335
1;1741121437577;3336
1;1741121437721;3337
1;1741121444183;3338
1;1741121445376;3339
1;1741121451036;3340
1;1741121453382;3341
1;1741121458575;3342
1;1741121467977;3343
1;1741121469256;3344
1;1741121477458;3345
1;1741121485141;3346
1;1741121489434;3347
1;1741121490944;3348
1;1741121495825;3349
1;1741121499652;3350
1;1741121507707;3351
1;1741121527085;3352
1;1741121527277;3353
1;1741121528845;3354
1;1741121530917;3355
1;1741121535940;3356
1;1741121538025;3357
1;1741121538432;3358
1;1741121543720;3359
1;1741121544057;3360
1;1741121553748;3361
1;1741121561629;3362
1;1741121563379;3363
1;1741121572942;3364
1;1741121580263;3365
1;1741121580497;3366
1;1741121587588;3367
1;1741121589607;3368
1;1741121593287;3369
1;1741121600732;3370
1;1741121608907;3371
1;1741121616927;3372
1;1741121617868;3373
1;1741121627645;3374
1;1741121632155;3375
1;1741121639973;3376
1;1741121642973;3377
1;1741121647608;3378
1;1741121647830;3379
1;1741121651555;3380
1;1741121656657;3381
1;1741121662481;3382
1;1741121675205;3383
1;1741121679983;3384
1;1741121680408;3385
1;1741121681699;3386
1;1741121693374;3387
1;1741121697360;3388
1;1741121702407;3389
1;1741121705377;3390
1;1741121713786;3391
1;1741121720609;3392
1;1741121722141;3393
1;1741121723600;3394
1;1741121732175;3395
1;1741121733712;3396
1;1741121736715;3397
1;1741121744917;3398
1;1741121745334;3399
1;1741121746767;3400
1;1741121755794;3401
1;1741121759070;3402
1;1741121767744;3403
1;1741121769889;3404
1;1741121777533;3405
1;1741121786985;3406
1;1741121790013;3407
1;1741121794421;3408
1;1741121795057;3409
1;1741121805019;3410
1;1741121806276;3411
1;1741121812370;3412
1;1741121817450;3413
1;1741121824446;3414
1;1741121828204;3415
1;1741121843538;3416
1;1741121844643;3417
1;1741121850542;3418
1;1741121853185;3419
1;1741121855435;3420
1;1741121863120;3421
1;1741121867720;3422
1;1741121873221;3423
1;1741121874997;3424
1;1741121880758;3425
1;1741121881808;3426
1;1741121885231;3427
1;1741121900835;3428
1;1741121901405;3429
1;1741121903862;3430
1;1741121906635;3431
1;1741121907361;3432
1;1741121912655;3433
1;1741121920436;3434
1;1741121920762;3435
1;1741121934598;3436
1;1741121934642;3437
1;1741121941963;3438
1;1741121950125;3439
1;1741121951192;3440
1;1741121953547;3441
1;1741121964018;3442
1;1741121967320;3443
1;1741121968128;3444
1;1741121978059;3445
1;1741121979105;3446
1;1741121985466;3447
1;1741121991755;3448
1;1741121995143;3449
1;1741122006446;3450
1;1741122007494;3451
1;1741122007733;3452
1;1741122011878;3453
1;1741122015712;3454
1;1741122026421;3455
1;1741122027171;3456
1;1741122031087;3457
1;1741122040422;3458
1;1741122044829;3459
1;1741122048991;3460
1;1741122051971;3461
1;1741122058969;3462
1;1741122073167;3463
1;1741122074234;3464
1;1741122076819;3465
1;1741122077392;3466
1;1741122080413;3467
1;1741122086631;3468
1;1741122104756;3469
1;1741122113578;3470
1;1741122118425;3471
1;1741122122175;3472
1;1741122124736;3473
1;1741122126129;3474
1;1741122132844;3475
1;1741122137016;3476
1;1741122137086;3477
1;1741122144411;3478
1;1741122147096;3479
1;1741122147887;3480
1;1741122151521;3481
1;1741122164018;3482
1;1741122169647;3483
1;1741122174992;3484
1;1741122177767;3485
1;1741122178417;3486
1;1741122193065;3487
1;1741122197467;3488
1;1741122202842;3489
1;1741122207781;3490
1;1741122212335;3491
1;1741122213233;3492
1;1741122226802;3493
1;1741122228749;3494
1;1741122231458;3495
1;1741122236830;3496
1;1741122237407;3497
1;1741122242144;3498
1;1741122252122;3499
1;1741122260574;3500
1;1741122261262;3501
1;1741122264504;3502
1;1741122268159;3503
1;1741122270612;3504
1;1741122276231;3505
1;1741122279515;3506
1;1741122283246;3507
1;1741122290093;3508
1;1741122298261;3509
1;1741122302300;3510
1;1741122305758;3511
1;1741122310536;3512
1;1741122327751;3513
1;1741122329930;3514
1;1741122331321;3515
1;1741122332020;3516
1;1741122335674;3517
1;1741122338275;3518
1;1741122338938;3519
1;1741122347366;3520
1;1741122358979;3521
1;1741122359010;3522
1;1741122364679;3523
1;1741122365683;3524
1;1741122369726;3525
1;1741122378219;3526
1;1741122396244;3527
1;1741122397272;3528
1;1741122397789;3529
1;1741122403358;3530
1;1741122408097;3531
1;1741122410533;3532
1;1741122415599;3533
1;1741122426120;3534
1;1741122439106;3535
1;1741122442489;3536
1;1741122443004;3537
1;1741122447024;3538
1;1741122447356;3539
1;1741122450784;3540
1;1741122451958;3541
1;1741122463279;3542
1;1741122468065;3543
1;1741122475786;3544
1;1741122483915;3545
1;1741122487856;3546
1;1741122491085;3547
1;1741122494725;3548
1;1741122498603;3549
1;1741122504318;3550
1;1741122513952;3551
1;1741122515617;3552
1;1741122517050;3553
1;1741122526399;3554
1;1741122529691;3555
1;1741122533506;3556
1;1741122533858;3557
1;1741122538884;3558
1;1741122547782;3559
1;1741122560824;3560
1;1741122561714;3561
1;1741122564986;3562
1;1741122566449;3563
1;1741122567332;3564
1;1741122570731;3565
1;1741122580805;3566
1;1741122588907;3567
1;1741122601354;3568
1;1741122601365;3569
1;1741122603092;3570
1;1741122607502;3571
1;1741122610984;3572
1;1741122621715;3573
1;1741122622751;3574
1;1741122630887;3575
1;1741122639691;3576
1;1741122642585;3577
1;1741122648361;3578
1;1741122649044;3579
1;1741122654894;3580
1;1741122663042;3581
1;1741122668400;3582
1;1741122673769;3583
1;1741122675271;3584
1;1741122679779;3585
1;1741122686702;3586
1;1741122689990;3587
1;1741122691944;3588
1;1741122693248;3589
1;1741122694876;3590
1;1741122712763;3591
1;1741122715456;3592
1;1741122716322;3593
1;1741122721178;3594
1;1741122726139;3595
1;1741122730723;3596
1;1741122735889;3597
1;1741122744638;3598
1;1741122751249;3599
1;1741122752099;3600
1;1741122757939;3601
1;1741122765382;3602
1;1741122769323;3603
1;1741122769363;3604
1;1741122770389;3605
1;1741122785249;3606
1;1741122791334;3607
1;1741122791786;3608
1;1741122792214;3609
1;1741122801755;3610
1;1741122810287;3611
1;1741122813189;3612
1;1741122818334;3613
1;1741122826192;3614
1;1741122830621;3615
1;1741122834818;3616
1;1741122834882;3617
1;1741122841799;3618
1;1741122852417;3619
1;1741122852543;3620
1;1741122859744;3621
1;1741122866706;3622
1;1741122873455;3623
1;1741122876976;3624
1;1741122891649;3625
1;1741122891941;3626
1;1741122894691;3627
1;1741122898488;3628
1;1741122900190;3629
1;1741122906123;3630
1;1741122908333;3631
1;1741122913466;3632
1;1741122918073;3633
1;1741122921321;3634
1;1741122924042;3635
1;1741122928158;3636
1;1741122936445;3637
1;1741122939446;3638
1;1741122942778;3639
1;1741122947532;3640
1;1741122950696;3641
1;1741122962894;3642
1;1741122969548;3643
1;1741122970133;3644
1;1741122970403;3645
1;1741122979699;3646
1;1741122981382;3647
1;1741122987100;3648
1;1741122991832;3649
1;1741123004142;3650
1;1741123004527;3651
1;1741123007233;3652
1;1741123013522;3653
1;1741123030252;3654
1;1741123030468;3655
1;1741123042391;3656
1;1741123042945;3657
1;1741123045884;3658
1;1741123057090;3659
1;1741123057351;3660
1;1741123060342;3661
1;1741123062443;3662
1;1741123071789;3663
1;1741123073779;3664
1;1741123083487;3665
1;1741123085639;3666
1;1741123093921;3667
1;1741123095581;3668
1;1741123098699;3669
1;1741123103615;3670
1;1741123105231;3671
1;1741123113667;3672
1;1741123121004;3673
1;1741123129338;3674
1;1741123137179;3675
1;1741123139618;3676
1;1741123141076;3677
1;1741123142368;3678
1;1741123145406;3679
1;1741123148997;3680
1;1741123153964;3681
1;1741123159721;3682
1;1741123164916;3683
1;1741123168258;3684
1;1741123173498;3685
1;1741123174916;3686
1;1741123180648;3687
1;1741123185722;3688
1;1741123193658;3689
1;1741123198927;3690
1;1741123209183;3691
1;1741123209602;3692
1;1741123216885;3693
1;1741123223531;3694
1;1741123225713;3695
1;1741123230487;3696
1;1741123233894;3697
1;1741123244138;3698
1;1741123248697;3699
1;1741123250621;3700
1;1741123255484;3701
1;1741123263875;3702
1;1741123265417;3703
1;1741123268677;3704
1;1741123274142;3705
1;1741123275457;3706
1;1741123295418;3707
1;1741123296915;3708
1;1741123302422;3709
1;1741123302830;3710
1;1741123303377;3711
1;1741123317360;3712
1;1741123320115;3713
1;1741123321476;3714
1;1741123323575;3715
1;1741123326213;3716
1;1741123337792;3717
1;1741123351879;3718
1;1741123352980;3719
1;1741123358569;3720
1;1741123363238;3721
1;1741123365992;3722
1;1741123368082;3723
1;1741123368778;3724
1;1741123372458;3725
1;1741123385946;3726
1;1741123390877;3727
1;1741123394194;3728
1;1741123394269;3729
1;1741123397118;3730
1;1741123402573;3731
1;1741123407183;3732
1;1741123408243;3733
1;1741123412188;3734
1;1741123415483;3735
1;1741123428999;3736
1;1741123429598;3737
1;1741123434522;3738
1;1741123438934;3739
1;1741123452267;3740
1;1741123456909;3741
1;1741123458251;3742
1;1741123460240;3743
1;1741123470013;3744
1;1741123485589;3745
1;1741123486135;3746
1;1741123486346;3747
1;1741123489256;3748
1;1741123495376;3749
1;1741123499107;3750
1;1741123505042;3751
1;1741123505922;3752
1;1741123519386;3753
1;1741123530013;3754
1;1741123536050;3755
1;1741123539204;3756
1;1741123540391;3757
1;1741123540721;3758
1;1741123545577;3759
1;1741123548401;3760
1;1741123550525;3761
1;1741123552825;3762
1;1741123561749;3763
1;1741123572437;3764
1;1741123581286;3765
1;1741123584199;3766
1;1741123589699;3767
1;1741123593871;3768
1;1741123594164;3769
1;1741123599216;3770
1;1741123606138;3771
1;1741123608512;3772
1;1741123608934;3773
1;1741123620518;3774
1;1741123628642;3775
1;1741123631095;3776
1;1741123651645;3777
1;1741123652234;3778
1;1741123653229;3779
1;1741123655679;3780
1;1741123657111;3781
1;1741123663234;3782
1;1741123667274;3783
1;1741123678725;3784
1;1741123684062;3785
1;1741123684368;3786
1;1741123691457;3787
1;1741123691771;3788
1;1741123692095;3789
1;1741123694212;3790
1;1741123703360;3791
1;1741123708055;3792
1;1741123719194;3793
1;1741123723275;3794
1;1741123726240;3795
1;1741123739033;3796
1;1741123741291;3797
1;1741123741868;3798
1;1741123746170;3799
1;1741123757437;3800
1;1741123758960;3801
1;1741123759093;3802
1;1741123763158;3803
1;1741123772990;3804
1;1741123777769;3805
1;1741123778961;3806
1;1741123784753;3807
1;1741123794287;3808
1;1741123797927;3809
1;1741123800505;3810
1;1741123805504;3811
1;1741123814505;3812
1;1741123822843;3813
1;1741123823841;3814
1;1741123831758;3815
1;1741123833822;3816
1;1741123834795;3817
1;1741123840475;3818
1;1741123850634;3819
1;1741123854639;3820
1;1741123856889;3821
1;1741123863395;3822
1;1741123873218;3823
1;1741123879258;3824
1;1741123887205;3825
1;1741123889801;3826
1;1741123890806;3827
1;1741123895862;3828
1;1741123904345;3829
1;1741123905108;3830
1;1741123905930;3831
1;1741123907362;3832
1;1741123908982;3833
1;1741123927759;3834
1;1741123929752;3835
1;1741123930820;3836
1;1741123935756;3837
1;1741123937526;3838
1;1741123949319;3839
1;1741123955218;3840
1;1741123960919;3841
1;1741123962070;3842
1;1741123966860;3843
1;1741123968599;3844
1;1741123976675;3845
1;1741123983761;3846
1;1741123995101;3847
1;1741123998751;3848
1;1741123999340;3849
1;1741124001041;3850
1;1741124009678;3851
1;1741124011178;3852
1;1741124015354;3853
1;1741124033299;3854
1;1741124034363;3855
1;1741124035343;3856
1;1741124043148;3857
1;1741124045220;3858
1;1741124048385;3859
1;1741124049320;3860
1;1741124068990;3861
1;1741124069262;3862
1;1741124073535;3863
1;1741124074436;3864
1;1741124078531;3865
1;1741124082774;3866
1;1741124084394;3867
1;1741124086263;3868
1;1741124087321;3869
1;1741124092850;3870
1;1741124098468;3871
1;1741124099708;3872
1;1741124105328;3873
1;1741124113010;3874
1;1741124123203;3875
1;1741124128802;3876
1;1741124138552;3877
1;1741124147812;3878
1;1741124150749;3879
1;1741124157639;3880
1;1741124164305;3881
1;1741124168517;3882
1;1741124169022;3883
1;1741124171060;3884
1;1741124182127;3885
1;1741124183073;3886
1;1741124189495;3887
1;1741124192034;3888
1;1741124202852;3889
1;1741124209597;3890
1;1741124209703;3891
1;1741124216602;3892
1;1741124220536;3893
1;1741124226346;3894
1;1741124235191;3895
1;1741124237202;3896
1;1741124240249;3897
1;1741124243145;3898
1;1741124244364;3899
1;1741124251549;3900
1;1741124255000;3901
1;1741124265136;3902
1;1741124271180;3903
1;1741124272412;3904
1;1741124276985;3905
1;1741124282147;3906
1;1741124290499;3907
1;1741124293683;3908
1;1741124293854;3909
1;1741124310882;3910
1;1741124316104;3911
1;1741124322094;3912
1;1741124325751;3913
1;1741124331993;3914
1;1741124337502;3915
1;1741124338791;3916
1;1741124339601;3917
1;1741124343960;3918
1;1741124349801;3919
1;1741124352941;3920
1;1741124365664;3921
1;1741124367082;3922
1;1741124368308;3923
1;1741124374507;3924
1;1741124376249;3925
1;1741124379145;3926
1;1741124393663;3927
1;1741124400630;3928
1;1741124401444;3929
1;1741124401798;3930
1;1741124404179;3931
1;1741124405045;3932
1;1741124418823;3933
1;1741124426887;3934
1;1741124427295;3935
1;1741124432641;3936
1;1741124437999;3937
1;1741124444467;3938
1;1741124450435;3939
1;1741124455925;3940
1;1741124457066;3941
1;1741124468655;3942
1;1741124471227;3943
1;1741124471457;3944
1;1741124473639;3945
1;1741124478069;3946
1;1741124490053;3947
1;1741124490381;3948
1;1741124492232;3949
1;1741124502520;3950
1;1741124503348;3951
1;1741124514948;3952
1;1741124521821;3953
1;1741124523676;3954
1;1741124524380;3955
1;1741124533848;3956
1;1741124537914;3957
1;1741124539690;3958
1;1741124545205;3959
1;1741124552417;3960
1;1741124558271;3961
1;1741124559411;3962
1;1741124561458;3963
1;1741124570457;3964
1;1741124577485;3965
1;1741124589207;3966
1;1741124598908;3967
1;1741124599447;3968
1;1741124603554;3969
1;1741124604757;3970
1;1741124618290;3971
1;1741124620767;3972
1;1741124622183;3973
1;1741124623432;3974
1;1741124625042;3975
1;1741124628381;3976
1;1741124628835;3977
1;1741124652131;3978
1;1741124653703;3979
1;1741124662794;3980
1;1741124666008;3981
1;1741124666990;3982
1;1741124667152;3983
1;1741124679887;3984
1;1741124682843;3985
1;1741124688538;3986
1;1741124689325;3987
1;1741124691661;3988
1;1741124693813;3989
1;1741124695793;3990
1;1741124709862;3991
1;1741124717306;3992
1;1741124721410;3993
1;1741124722016;3994
1;1741124724978;3995
1;1741124730723;3996
1;1741124731426;3997
1;1741124742559;3998
1;1741124746816;3999
1;1741124752059;4000
1;1741124762152;4001
1;1741124765815;4002
1;1741124770599;4003
1;1741124770890;4004
1;1741124771635;4005
1;1741124774917;4006
1;1741124787033;4007
1;1741124793968;4008
1;1741124795634;4009
1;1741124800320;4010
1;1741124814292;4011
1;1741124814877;4012
1;1741124821745;4013
1;1741124822866;4014
1;1741124826941;4015
1;1741124831958;4016
1;1741124838724;4017
1;1741124839008;4018
1;1741124843646;4019
1;1741124858977;4020
1;1741124863781;4021
1;1741124866543;4022
1;1741124870148;4023
1;1741124871674;4024
1;1741124880413;4025
1;1741124888636;4026
1;1741124888765;4027
1;1741124889735;4028
1;1741124897313;4029
1;1741124901749;4030
1;1741124904590;4031
1;1741124915762;4032
1;1741124922126;4033
1;1741124922170;4034
1;1741124925514;4035
1;1741124926129;4036
1;1741124929739;4037
1;1741124930204;4038
1;1741124950156;4039
1;1741124956698;4040
1;1741124960413;4041
1;1741124961727;4042
1;1741124963658;4043
1;1741124972092;4044
1;1741124978500;4045
1;1741124978508;4046
1;1741124981426;4047
1;1741124989095;4048
1;1741124991529;4049
1;1741125001492;4050
1;1741125011170;4051
1;1741125021046;4052
1;1741125022501;4053
1;1741125031854;4054
1;1741125033008;4055
1;1741125036833;4056
1;1741125043012;4057
1;1741125047534;4058
1;1741125055957;4059
1;1741125061556;4060
1;1741125064114;4061
1;1741125064260;4062
1;1741125069651;4063
1;1741125070819;4064
1;1741125081931;4065
1;1741125082925;4066
1;1741125087640;4067
1;1741125089973;4068
1;1741125095648;4069
1;1741125099611;4070
1;1741125108841;4071
1;1741125108867;4072
1;1741125117533;4073
1;1741125119981;4074
1;1741125124704;4075
1;1741125134960;4076
1;1741125140915;4077
1;1741125147658;4078
1;1741125149801;4079
1;1741125150164;4080
1;1741125150386;4081
1;1741125153752;4082
1;1741125165475;4083
1;1741125176448;4084
1;1741125177922;4085
1;1741125185364;4086
1;1741125185946;4087
1;1741125188595;4088
1;1741125202645;4089
1;1741125204363;4090
1;1741125217054;4091
1;1741125227921;4092
1;1741125231017;4093
1;1741125231524;4094
1;1741125233092;4095
1;1741125233193;4096
1;1741125242252;4097
1;1741125245727;4098
1;1741125249352;4099
1;1741125250920;4100
1;1741125252059;4101
1;1741125252122;4102
1;1741125266416;4103
1;1741125275699;4104
1;1741125278676;4105
1;1741125279926;4106
1;1741125285036;4107
1;1741125290962;4108
1;1741125294148;4109
1;1741125295577;4110
1;1741125302913;4111
1;1741125303317;4112
1;1741125316604;4113
1;1741125318616;4114
1;1741125333331;4115
1;1741125337627;4116
1;1741125341041;4117
1;1741125344058;4118
1;1741125349137;4119
1;1741125352817;4120
1;1741125353955;4121
1;1741125358175;4122
1;1741125361909;4123
1;1741125364909;4124
1;1741125375155;4125
1;1741125379492;4126
1;1741125385146;4127
1;1741125391994;4128
1;1741125393101;4129
1;1741125395537;4130
1;1741125395858;4131
1;1741125416948;4132
1;1741125416970;4133
1;1741125425434;4134
1;1741125429522;4135
1;1741125431599;4136
1;1741125436599;4137
1;1741125445995;4138
1;1741125449787;4139
1;1741125451064;4140
1;1741125463185;4141
1;1741125471502;4142
1;1741125476285;4143
1;1741125476413;4144
1;1741125481598;4145
1;1741125482723;4146
1;1741125492330;4147
1;1741125495112;4148
1;1741125498446;4149
1;1741125501755;4150
1;1741125510440;4151
1;1741125516120;4152
1;1741125518025;4153
1;1741125524579;4154
1;1741125529218;4155
1;1741125532738;4156
1;1741125534965;4157
1;1741125536595;4158
1;1741125542900;4159
1;1741125545268;4160
1;1741125545925;4161
1;1741125561566;4162
1;1741125565701;4163
1;1741125571679;4164
1;1741125577059;4165
1;1741125582964;4166
1;1741125588286;4167
1;1741125593710;4168
1;1741125604341;4169
1;1741125606413;4170
1;1741125612132;4171
1;1741125613662;4172
1;1741125620310;4173
1;1741125624575;4174
1;1741125626989;4175
1;1741125633339;4176
1;1741125637582;4177
1;1741125651213;4178
1;1741125658968;4179
1;1741125660682;4180
1;1741125662329;4181
1;1741125663265;4182
1;1741125665385;4183
1;1741125673069;4184
1;1741125676909;4185
1;1741125689019;4186
1;1741125689642;4187
1;1741125693016;4188
1;1741125693831;4189
1;1741125701097;4190
1;1741125705405;4191
1;1741125708987;4192
1;1741125716321;4193
1;1741125717100;4194
1;1741125728419;4195
1;1741125731203;4196
1;1741125732710;4197
1;1741125745820;4198
1;1741125747739;4199
1;1741125757404;4200
1;1741125759262;4201
1;1741125766696;4202
1;1741125768884;4203
1;1741125769945;4204
1;1741125785608;4205
1;1741125786253;4206
1;1741125787481;4207
1;1741125789238;4208
1;1741125801284;4209
1;1741125811080;4210
1;1741125814387;4211
1;1741125817050;4212
1;1741125818786;4213
1;1741125824384;4214
1;1741125828202;4215
1;1741125831987;4216
1;1741125832161;4217
1;1741125834832;4218
1;1741125848892;4219
1;1741125853415;4220
1;1741125854851;4221
1;1741125864387;4222
1;1741125870725;4223
1;1741125872604;4224
1;1741125874509;4225
1;1741125888184;4226
1;1741125892757;4227
1;1741125898696;4228
1;1741125902686;4229
1;1741125909046;4230
1;1741125913145;4231
1;1741125913782;4232
1;1741125916179;4233
1;1741125917213;4234
1;1741125928897;4235
1;1741125941687;4236
1;1741125948144;4237
1;1741125950186;4238
1;1741125950824;4239
1;1741125954052;4240
1;1741125954632;4241
1;1741125964058;4242
1;1741125970859;4243
1;1741125976434;4244
1;1741125980602;4245
1;1741125985949;4246
1;1741125987120;4247
1;1741125993928;4248
1;1741126000155;4249
1;1741126007636;4250
1;1741126008075;4251
1;1741126013367;4252
1;1741126018633;4253
1;1741126021137;4254
1;1741126024420;4255
1;1741126032017;4256
1;1741126035580;4257
1;1741126043153;4258
1;1741126049266;4259
1;1741126049287;4260
1;1741126057373;4261
1;1741126060659;4262
1;1741126063685;4263
1;1741126072091;4264
1;1741126082183;4265
1;1741126088643;4266
1;1741126092502;4267
1;1741126095155;4268
1;1741126097533;4269
1;1741126100124;4270
1;1741126109154;4271
1;1741126111506;4272
1;1741126113757;4273
1;1741126118814;4274
1;1741126134858;4275
1;1741126136374;4276
1;1741126138286;4277
1;1741126141041;4278
1;1741126145350;4279
1;1741126153203;4280
1;1741126158125;4281
1;1741126164945;4282
1;1741126173289;4283
1;1741126181774;4284
1;1741126190532;4285
1;1741126192927;4286
1;1741126195845;4287
1;1741126196626;4288
1;1741126198030;4289
1;1741126198690;4290
1;1741126211440;4291
1;1741126212008;4292
1;1741126216334;4293
1;1741126224328;4294
1;1741126231408;4295
1;1741126232871;4296
1;1741126235417;4297
1;1741126237747;4298
1;1741126244681;4299
1;1741126251692;4300
1;1741126257436;4301
1;1741126257626;4302
1;1741126267400;4303
1;1741126278863;4304
1;1741126279869;4305
1;1741126280917;4306
1;1741126284429;4307
1;1741126289894;4308
1;1741126290294;4309
1;1741126298293;4310
1;1741126300208;4311
1;1741126304869;4312
1;1741126310548;4313
1;1741126313087;4314
1;1741126315455;4315
1;1741126320142;4316
1;1741126337448;4317
1;1741126337900;4318
1;1741126351284;4319
1;1741126351643;4320
1;1741126354596;4321
1;1741126366342;4322
1;1741126369631;4323
1;1741126371382;4324
1;1741126376402;4325
1;1741126385979;4326
1;1741126392108;4327
1;1741126393707;4328
1;1741126399865;4329
1;1741126400010;4330
1;1741126401988;4331
1;1741126406594;4332
1;1741126419320;4333
1;1741126419358;4334
1;1741126423979;4335
1;1741126432136;4336
1;1741126437700;4337
1;1741126442557;4338
1;1741126450301;4339
1;1741126454681;4340
1;1741126457503;4341
1;1741126470902;4342
1;1741126473224;4343
1;1741126478923;4344
1;1741126480890;4345
1;1741126486541;4346
1;1741126486647;4347
1;1741126498716;4348
1;1741126504273;4349
1;1741126507566;4350
1;1741126520981;4351
1;1741126521059;4352
1;1741126529136;4353
1;1741126530758;4354
1;1741126538268;4355
1;1741126539886;4356
1;1741126542564;4357
1;1741126547615;4358
1;1741126548964;4359
1;1741126551933;4360
1;1741126553824;4361
1;1741126557584;4362
1;1741126562132;4363
1;1741126572813;4364
1;1741126576064;4365
1;1741126576241;4366
1;1741126596427;4367
1;1741126600054;4368
1;1741126603848;4369
1;1741126604589;4370
1;1741126605785;4371
1;1741126622180;4372
1;1741126625267;4373
1;1741126625820;4374
1;1741126627822;4375
1;1741126630665;4376
1;1741126631707;4377
1;1741126641537;4378
1;1741126643318;4379
1;1741126650093;4380
1;1741126651475;4381
1;1741126663766;4382
1;1741126673428;4383
1;1741126683259;4384
1;1741126686686;4385
1;1741126689099;4386
1;1741126689833;4387
1;1741126692512;4388
1;1741126692857;4389
1;1741126698565;4390
1;1741126703902;4391
1;1741126708444;4392
1;1741126717990;4393
1;1741126718556;4394
1;1741126723559;4395
1;1741126729496;4396
1;1741126730176;4397
1;1741126732108;4398
1;1741126749824;4399
1;1741126759292;4400
1;1741126764230;4401
1;1741126769288;4402
1;1741126771409;4403
1;1741126773559;4404
1;1741126777681;4405
1;1741126780621;4406
1;1741126781311;4407
1;1741126790767;4408
1;1741126792357;4409
1;1741126798295;4410
1;1741126809123;4411
1;1741126818935;4412
1;1741126823325;4413
1;1741126825532;4414
1;1741126826458;4415
1;1741126829393;4416
1;1741126837403;4417
1;1741126847450;4418
1;1741126852521;4419
1;1741126856653;4420
1;1741126857497;4421
1;1741126867392;4422
1;1741126877202;4423
1;1741126877521;4424
1;1741126882704;4425
1;1741126886865;4426
1;1741126888544;4427
1;1741126888653;4428
1;1741126891797;4429
1;1741126896947;4430
1;1741126908185;4431
1;1741126910922;4432
1;1741126912140;4433
1;1741126913810;4434
1;1741126927937;4435
1;1741126928838;4436
1;1741126936077;4437
1;1741126942388;4438
1;1741126945444;4439
1;1741126947233;4440
1;1741126951103;4441
1;1741126965466;4442
1;1741126967296;4443
1;1741126967842;4444
1;1741126970894;4445
1;1741126973042;4446
1;1741126984611;4447
1;1741126988432;4448
1;1741126998094;4449
1;1741127003534;4450
1;1741127010835;4451
1;1741127012304;4452
1;1741127012918;4453
1;1741127019278;4454
1;1741127024135;4455
1;1741127039123;4456
1;1741127040407;4457
1;1741127046196;4458
1;1741127049003;4459
1;1741127052099;4460
1;1741127052768;4461
1;1741127063357;4462
1;1741127068238;4463
1;1741127073578;4464
1;1741127074412;4465
1;1741127081953;4466
1;1741127091475;4467
1;1741127093060;4468
1;1741127100519;4469
1;1741127105002;4470
1;1741127106973;4471
1;1741127116336;4472
1;1741127119921;4473
1;1741127125208;4474
1;1741127132037;4475
1;1741127132146;4476
1;1741127135150;4477
1;1741127137188;4478
1;1741127148996;4479
1;1741127149880;4480
1;1741127165713;4481
1;1741127167210;4482
1;1741127167862;4483
1;1741127173228;4484
1;1741127173304;4485
1;1741127182645;4486
1;1741127192272;4487
1;1741127193035;4488
1;1741127194150;4489
1;1741127197117;4490
1;1741127206492;4491
1;1741127210913;4492
1;1741127213577;4493
1;1741127213758;4494
1;1741127215452;4495
1;1741127245045;4496
1;1741127246675;4497
1;1741127247424;4498
1;1741127251612;4499
1;1741127252556;4500
1;1741127269535;4501
1;1741127271694;4502
1;1741127273539;4503
1;1741127274331;4504
1;1741127274689;4505
1;1741127283410;4506
1;1741127293848;4507
1;1741127304045;4508
1;1741127306755;4509
1;1741127311772;4510
1;1741127312370;4511
1;1741127315571;4512
1;1741127318278;4513
1;1741127323172;4514
1;1741127330138;4515
1;1741127334416;4516
1;1741127338588;4517
1;1741127340638;4518
1;1741127345284;4519
1;1741127346910;4520
1;1741127361462;4521
1;1741127366280;4522
1;1741127366355;4523
1;1741127366416;4524
1;1741127377834;4525
1;1741127388079;4526
1;1741127391076;4527
1;1741127396378;4528
1;1741127397946;4529
1;1741127399603;4530
1;1741127414135;4531
1;1741127417823;4532
1;1741127419169;4533
1;1741127435191;4534
1;1741127436320;4535
1;1741127438299;4536
1;1741127440974;4537
1;1741127441910;4538
1;1741127443312;4539
1;1741127451401;4540
1;1741127459566;4541
1;1741127463078;4542
1;1741127464072;4543
1;1741127466997;4544
1;1741127473681;4545
1;1741127478490;4546
1;1741127481507;4547
1;1741127483114;4548
1;1741127494133;4549
1;1741127512613;4550
1;1741127513051;4551
1;1741127516296;4552
1;1741127522542;4553
1;1741127523920;4554
1;1741127525496;4555
1;1741127528901;4556
1;1741127548752;4557
1;1741127551244;4558
1;1741127553029;4559
1;1741127559949;4560
1;1741127561409;4561
1;1741127569372;4562
1;1741127574354;4563
1;1741127575262;4564
1;1741127577847;4565
1;1741127586010;4566
1;1741127586635;4567
1;1741127587986;4568
1;1741127592006;4569
1;1741127598411;4570
1;1741127609350;4571
1;1741127620673;4572
1;1741127620999;4573
1;1741127629208;4574
1;1741127631972;4575
1;1741127637400;4576
1;1741127641630;4577
1;1741127646585;4578
1;1741127650593;4579
1;1741127659390;4580
1;1741127662298;4581
1;1741127668589;4582
1;1741127671181;4583
1;1741127674526;4584
1;1741127676958;4585
1;1741127686125;4586
1;1741127688565;4587
1;1741127694102;4588
1;1741127694488;4589
1;1741127700607;4590
1;1741127703592;4591
1;1741127704855;4592
1;1741127714448;4593
1;1741127720310;4594
1;1741127727077;4595
1;1741127732977;4596
1;1741127734665;4597
1;1741127734731;4598
1;1741127746351;4599
1;1741127746746;4600
1;1741127761805;4601
1;1741127762032;4602
1;1741127777286;4603
1;1741127780011;4604
1;1741127781693;4605
1;1741127783291;4606
1;1741127785077;4607
1;1741127791353;4608
1;1741127793460;4609
1;1741127799855;4610
1;1741127802871;4611
1;1741127804425;4612
1;1741127823267;4613
1;1741127827282;4614
1;1741127828203;4615
1;1741127832020;4616
1;1741127838703;4617
1;1741127844775;4618
1;1741127845806;4619
1;1741127853008;4620
1;1741127861458;4621
1;1741127869290;4622
1;1741127869543;4623
1;1741127877425;4624
1;1741127882687;4625
1;1741127883166;4626
1;1741127893773;4627
1;1741127898736;4628
1;1741127899898;4629
1;1741127900652;4630
1;1741127904412;4631
1;1741127917676;4632
1;1741127917688;4633
1;1741127927069;4634
1;1741127932545;4635
1;1741127932996;4636
1;1741127942025;4637
1;1741127943491;4638
1;1741127946400;4639
1;1741127947091;4640
1;1741127956173;4641
1;1741127960496;4642
1;1741127968211;4643
1;1741127969167;4644
1;1741127970374;4645
1;1741127992386;4646
1;1741127997981;4647
1;1741127998879;4648
1;1741128003352;4649
1;1741128006674;4650
1;1741128016873;4651
1;1741128019270;4652
1;1741128029865;4653
1;1741128036046;4654
1;1741128036303;4655
1;1741128042006;4656
1;1741128044173;4657
1;1741128045975;4658
1;1741128052804;4659
1;1741128055435;4660
1;1741128063338;4661
1;1741128064123;4662
1;1741128065124;4663
1;1741128072015;4664
1;1741128076382;4665
1;1741128084920;4666
1;1741128092338;4667
1;1741128097021;4668
1;1741128105726;4669
1;1741128105820;4670
1;1741128111304;4671
1;1741128115842;4672
1;1741128123688;4673
1;1741128126631;4674
1;1741128131445;4675
1;1741128133850;4676
1;1741128134270;4677
1;1741128138446;4678
1;1741128142019;4679
1;1741128150457;4680
1;1741128166334;4681
1;1741128167485;4682
1;1741128170674;4683
1;1741128187467;4684
1;1741128189669;4685
1;1741128190293;4686
1;1741128195044;4687
1;1741128207145;4688
1;1741128208343;4689
1;1741128208515;4690
1;1741128209529;4691
1;1741128210155;4692
1;1741128213756;4693
1;1741128223249;4694
1;1741128231816;4695
1;1741128232205;4696
1;1741128238044;4697
1;1741128240978;4698
1;1741128253132;4699
1;1741128254430;4700
1;1741128258557;4701
1;1741128266073;4702
1;1741128266976;4703
1;1741128271535;4704
1;1741128274256;4705
1;1741128277552;4706
1;1741128286768;4707
1;1741128292529;4708
1;1741128295086;4709
1;1741128295727;4710
1;1741128298965;4711
1;1741128305186;4712
1;1741128319988;4713
1;1741128321156;4714
1;1741128328468;4715
1;1741128329115;4716
1;1741128333838;4717
1;1741128335714;4718
1;1741128346817;4719
1;1741128350066;4720
1;1741128355210;4721
1;1741128360816;4722
1;1741128361518;4723
1;1741128365614;4724
1;1741128379033;4725
1;1741128381932;4726
1;1741128381967;4727
1;1741128382791;4728
1;1741128397304;4729
1;1741128406966;4730
1;1741128409280;4731
1;1741128419281;4732
1;1741128422573;4733
1;1741128427330;4734
1;1741128430717;4735
1;1741128433655;4736
1;1741128434683;4737
1;1741128445321;4738
1;1741128446295;4739
1;1741128447494;4740
1;1741128447750;4741
1;1741128456342;4742
1;1741128462149;4743
1;1741128474427;4744
1;1741128482707;4745
1;1741128488540;4746
1;1741128489633;4747
1;1741128499743;4748
1;1741128502338;4749
1;1741128518445;4750
1;1741128519642;4751
1;1741128520333;4752
1;1741128522145;4753
1;1741128532667;4754
1;1741128533307;4755
1;1741128536135;4756
1;1741128540753;4757
1;1741128542827;4758
1;1741128544173;4759
1;1741128549859;4760
1;1741128558254;4761
1;1741128561941;4762
1;1741128569343;4763
1;1741128573688;4764
1;1741128577202;4765
1;1741128579832;4766
1;1741128579850;4767
1;1741128588995;4768
1;1741128591870;4769
1;1741128591949;4770
1;1741128609589;4771
1;1741128612109;4772
1;1741128615166;4773
1;1741128615591;4774
1;1741128620144;4775
1;1741128627512;4776
1;1741128636157;4777
1;1741128636831;4778
1;1741128653256;4779
1;1741128654021;4780
1;1741128665905;4781
1;1741128671430;4782
1;1741128675076;4783
1;1741128677119;4784
1;1741128684716;4785
1;1741128686835;4786
1;1741128688593;4787
1;1741128692769;4788
1;1741128696148;4789
1;1741128700952;4790
1;1741128701751;4791
1;1741128710816;4792
1;1741128714084;4793
1;1741128715786;4794
1;1741128724566;4795
1;1741128732016;4796
1;1741128734585;4797
1;1741128746883;4798
1;1741128747831;4799
1;1741128750036;4800
1;1741128751630;4801
1;1741128752614;4802
1;1741128760483;4803
1;1741128778131;4804
1;1741128783477;4805
1;1741128784744;4806
1;1741128789226;4807
1;1741128790992;4808
1;1741128798437;4809
1;1741128798596;4810
1;1741128800963;4811
1;1741128801944;4812
1;1741128803128;4813
1;1741128825257;4814
1;1741128832409;4815
1;1741128835847;4816
1;1741128835960;4817
1;1741128844071;4818
1;1741128847667;4819
1;1741128848516;4820
1;1741128852584;4821
1;1741128855554;4822
1;1741128858230;4823
1;1741128867904;4824
1;1741128872525;4825
1;1741128878809;4826
1;1741128883813;4827
1;1741128897477;4828
1;1741128897900;4829
1;1741128902083;4830
1;1741128911383;4831
1;1741128913956;4832
1;1741128914659;4833
1;1741128915460;4834
1;1741128924497;4835
1;1741128939580;4836
1;1741128939905;4837
1;1741128940867;4838
1;1741128944673;4839
1;1741128950930;4840
1;1741128965958;4841
1;1741128967961;4842
1;1741128971015;4843
1;1741128981935;4844
1;1741128988912;4845
1;1741128989148;4846
1;1741128993352;4847
1;1741128998136;4848
1;1741128998375;4849
1;1741129007454;4850
1;1741129011931;4851
1;1741129013517;4852
1;1741129021368;4853
1;1741129029381;4854
1;1741129029735;4855
1;1741129033296;4856
1;1741129036839;4857
1;1741129038366;4858
1;1741129041151;4859
1;1741129043593;4860
1;1741129066462;4861
1;1741129073971;4862
1;1741129075904;4863
1;1741129076294;4864
1;1741129078048;4865
1;1741129090687;4866
1;1741129092627;4867
1;1741129095133;4868
1;1741129097109;4869
1;1741129097281;4870
1;1741129098091;4871
1;1741129111653;4872
1;1741129118463;4873
1;1741129129531;4874
1;1741129129585;4875
1;1741129131139;4876
1;1741129145624;4877
1;1741129148614;4878
1;1741129148658;4879
1;1741129154734;4880
1;1741129156143;4881
1;1741129165890;4882
1;1741129168667;4883
1;1741129170536;4884
1;1741129179047;4885
1;1741129179584;4886
1;1741129184039;4887
1;1741129192869;4888
1;1741129195496;4889
1;1741129209605;4890
1;1741129210571;4891
1;1741129218500;4892
1;1741129225448;4893
1;1741129226785;4894
1;1741129236243;4895
1;1741129242116;4896
1;1741129243810;4897
1;1741129243856;4898
1;1741129245368;4899
1;1741129245549;4900
1;1741129250093;4901
1;1741129258407;4902
1;1741129262545;4903
1;1741129269234;4904
1;1741129273895;4905
1;1741129279167;4906
1;1741129283747;4907
1;1741129288688;4908
1;1741129288809;4909
1;1741129300510;4910
1;1741129300885;4911
1;1741129314646;4912
1;1741129319376;4913
1;1741129321209;4914
1;1741129322919;4915
1;1741129325255;4916
1;1741129327266;4917
1;1741129337588;4918
1;1741129343947;4919
1;1741129355120;4920
1;1741129359751;4921
1;1741129372919;4922
1;1741129382152;4923
1;1741129382671;4924
1;1741129386182;4925
1;1741129388751;4926
1;1741129389101;4927
1;1741129390318;4928
1;1741129392617;4929
1;1741129413246;4930
1;1741129414387;4931
1;1741129416662;4932
1;1741129420981;4933
1;1741129423100;4934
1;1741129426554;4935
1;1741129427161;4936
1;1741129428295;4937
1;1741129453335;4938
1;1741129454523;4939
1;1741129457206;4940
1;1741129461092;4941
1;1741129465115;4942
1;1741129465252;4943
1;1741129476893;4944
1;1741129479394;4945
1;1741129483895;4946
1;1741129490519;4947
1;1741129493854;4948
1;1741129494029;4949
1;1741129494280;4950
1;1741129496662;4951
1;1741129514987;4952
1;1741129516343;4953
1;1741129518310;4954
1;1741129525889;4955
1;1741129533100;4956
1;1741129534320;4957
1;1741129545364;4958
1;1741129552742;4959
1;1741129556265;4960
1;1741129559620;4961
1;1741129562356;4962
1;1741129565776;4963
1;1741129567657;4964
1;1741129571334;4965
1;1741129577344;4966
1;1741129586684;4967
1;1741129586833;4968
1;1741129588806;4969
1;1741129604059;4970
1;1741129605583;4971
1;1741129613702;4972
1;1741129623166;4973
1;1741129625496;4974
1;1741129633473;4975
1;1741129637115;4976
1;1741129641613;4977
1;1741129644164;4978
1;1741129650780;4979
1;1741129651292;4980
1;1741129655944;4981
1;1741129667247;4982
1;1741129670311;4983
1;1741129676408;4984
1;1741129676815;4985
1;1741129681418;4986
1;1741129681693;4987
1;1741129696121;4988
1;1741129704958;4989
1;1741129711648;4990
1;1741129712689;4991
1;1741129713052;4992
1;1741129716020;4993
1;1741129716417;4994
1;1741129717149;4995
1;1741129721723;4996
1;1741129729434;4997
1;1741129737468;4998
1;1741129750106;4999
1;1741129763402;5000
1;1741129763982;5001
1;1741129765364;5002
1;1741129765953;5003
1;1741129767511;5004
1;1741129779988;5005
1;1741129784071;5006
1;1741129790603;5007
1;1741129793513;5008
1;1741129798331;5009
1;1741129805622;5010
1;1741129807903;5011
1;1741129811628;5012
1;1741129826343;5013
1;1741129826865;5014
1;1741129831467;5015
1;1741129834177;5016
1;1741129834460;5017
1;1741129837459;5018
1;1741129847973;5019
1;1741129849279;5020
1;1741129852977;5021
1;1741129864679;5022
1;1741129875448;5023
1;1741129876807;5024
1;1741129883187;5025
1;1741129887091;5026
1;1741129887112;5027
1;1741129888554;5028
1;1741129891539;5029
1;1741129895231;5030
1;1741129897931;5031
1;1741129906072;5032
1;1741129908645;5033
1;1741129917376;5034
1;1741129934181;5035
1;1741129936684;5036
1;1741129937547;5037
1;1741129947157;5038
1;1741129947746;5039
1;1741129948073;5040
1;1741129955019;5041
1;1741129964664;5042
1;1741129964680;5043
1;1741129974943;5044
1;1741129984834;5045
1;1741129986582;5046
1;1741129995254;5047
1;1741129999352;5048
1;1741129999389;5049
1;1741130004725;5050
1;1741130014523;5051
1;1741130015222;5052
1;1741130026803;5053
1;1741130027386;5054
1;1741130028464;5055
1;1741130030789;5056
1;1741130033131;5057
1;1741130041063;5058
1;1741130042797;5059
1;1741130051408;5060
1;1741130063625;5061
1;1741130064257;5062
1;1741130072331;5063
1;1741130072990;5064
1;1741130073469;5065
1;1741130076294;5066
1;1741130080249;5067
1;1741130080763;5068
1;1741130092275;5069
1;1741130103826;5070
1;1741130111447;5071
1;1741130115181;5072
1;1741130119090;5073
1;1741130119691;5074
1;1741130121657;5075
1;1741130126759;5076
1;1741130137389;5077
1;1741130139478;5078
1;1741130141223;5079
1;1741130145258;5080
1;1741130155754;5081
1;1741130162676;5082
1;1741130162968;5083
1;1741130169358;5084
1;1741130172911;5085
1;1741130174651;5086
1;1741130183482;5087
1;1741130192914;5088
1;1741130193263;5089
1;1741130195388;5090
1;1741130201963;5091
1;1741130210794;5092
1;1741130210935;5093
1;1741130218894;5094
1;1741130224678;5095
1;1741130225258;5096
1;1741130230381;5097
1;1741130233211;5098
1;1741130254960;5099
1;1741130260254;5100
1;1741130260706;5101
1;1741130262521;5102
1;1741130264638;5103
1;1741130269301;5104
1;1741130274785;5105
1;1741130288185;5106
1;1741130288557;5107
1;1741130295479;5108
1;1741130297855;5109
1;1741130302481;5110
1;1741130311440;5111
1;1741130317813;5112
1;1741130322295;5113
1;1741130327958;5114
1;1741130332065;5115
1;1741130339851;5116
1;1741130344137;5117
1;1741130347091;5118
1;1741130356790;5119
1;1741130359419;5120
1;1741130360674;5121
1;1741130362888;5122
1;1741130363181;5123
1;1741130369763;5124
1;1741130373190;5125
1;1741130375103;5126
1;1741130378228;5127
1;1741130397264;5128
1;1741130402278;5129
1;1741130403265;5130
1;1741130409302;5131
1;1741130417977;5132
1;1741130418794;5133
1;1741130420019;5134
1;1741130420703;5135
2;1741130430236;843
2;1741130435143;844
1;1741130438563;5136
2;1741130438752;845
2;1741130440418;846
1;1741130443128;5137
1;1741130445440;5138
1;1741130448535;5139
2;1741130450280;847
1;1741130450324;5140
2;1741130451654;848
1;1741130452578;5141
2;1741130455205;849
1;1741130466693;5142
2;1741130468938;850
1;1741130471207;5143
2;1741130472263;851
1;1741130472989;5144
1;1741130477844;5145
1;1741130480815;5146
2;1741130484580;852
2;1741130485422;853
2;1741130485435;854
1;1741130487150;5147
1;1741130493814;5148
2;1741130494545;855
1;1741130497850;5149
2;1741130498446;856
2;1741130500994;857
2;1741130502428;858
1;1741130504495;5150
1;1741130504509;5151
1;1741130507277;5152
2;1741130511542;859
2;1741130511848;860
1;1741130516095;5153
2;1741130520882;861
1;1741130528235;5154
2;1741130528637;862
2;1741130529111;863
1;1741130530222;5155
2;1741130534021;864
1;1741130537355;5156
2;1741130539676;865
2;1741130540914;866
2;1741130541166;867
1;1741130541751;5157
1;1741130546688;5158
1;1741130548762;5159
1;1741130549890;5160
2;1741130553925;868
1;1741130559992;5161
2;1741130563031;869
1;1741130563722;5162
1;1741130566923;5163
1;1741130569452;5164
2;1741130571148;870
1;1741130573694;5165
1;1741130575854;5166
2;1741130580798;871
2;1741130581400;872
2;1741130583605;873
2;1741130589060;874
1;1741130589902;5167
1;1741130590465;5168
1;1741130594479;5169
2;1741130594861;875
2;1741130600842;876
1;1741130601453;5170
2;1741130604559;877
2;1741130605580;878
1;1741130611045;5171
2;1741130611941;879
2;1741130617123;880
1;1741130617379;5172
1;1741130623347;5173
1;1741130623447;5174
2;1741130628525;881
2;1741130629265;882
1;1741130630217;5175
1;1741130630372;5176
1;1741130631967;5177
2;1741130633120;883
2;1741130634775;884
2;1741130638088;885
1;1741130640156;5178
2;1741130643720;886
2;1741130646507;887
1;1741130651426;5179
1;1741130656726;5180
1;1741130658578;5181
2;1741130658661;888
1;1741130660472;5182
1;1741130662312;5183
2;1741130665009;889
1;1741130666324;5184
2;1741130670050;890
2;1741130673505;891
2;1741130674790;892
2;1741130676462;893
1;1741130677983;5185
1;1741130685960;5186
1;1741130693436;5187
2;1741130694062;894
2;1741130695878;895
2;1741130696812;896
1;1741130696945;5188
2;1741130697911;897
1;1741130699114;5189
1;1741130703091;5190
2;1741130703239;898
2;1741130706387;899
1;1741130707645;5191
2;1741130708841;900
1;1741130714744;5192
1;1741130723505;5193
1;1741130725882;5194
1;1741130726998;5195
2;1741130730811;901
2;1741130732187;902
2;1741130737690;903
1;1741130738609;5196
2;1741130739519;904
2;1741130740187;905
1;1741130740395;5197
2;1741130740413;906
1;1741130746821;5198
2;1741130749691;907
1;1741130753898;5199
2;1741130755032;908
1;1741130756435;5200
1;1741130760882;5201
2;1741130768153;909
1;1741130768292;5202
2;1741130769085;910
2;1741130769186;911
1;1741130771395;5203
1;1741130771821;5204
2;1741130775284;912
1;1741130777646;5205
1;1741130783482;5206
2;1741130786573;913
1;1741130788114;5207
2;1741130793575;914
1;1741130794257;5208
2;1741130798991;915
1;1741130801936;5209
2;1741130802826;916
1;1741130804869;5210
1;1741130804981;5211
1;1741130808894;5212
2;1741130812379;917
2;1741130812432;918
2;1741130812707;919
1;1741130812977;5213
2;1741130824572;920
2;1741130825704;921
1;1741130827782;5214
1;1741130836271;5215
1;1741130837437;5216
2;1741130840692;922
1;1741130841253;5217
2;1741130841601;923
1;1741130841803;5218
2;1741130841957;924
2;1741130846293;925
2;1741130848136;926
2;1741130852145;927
1;1741130852338;5219
2;1741130852894;928
2;1741130857156;929
1;1741130858029;5220
2;1741130858283;930
1;1741130858391;5221
2;1741130862326;931
1;1741130863898;5222
2;1741130865391;932
1;1741130867494;5223
2;1741130871197;933
1;1741130872274;5224
1;1741130878805;5225
1;1741130879803;5226
1;1741130884691;5227
1;1741130885795;5228
2;1741130889731;934
2;1741130891821;935
1;1741130893730;5229
2;1741130896684;936
2;1741130899089;937
1;1741130904846;5230
2;1741130905812;938
1;1741130912437;5231
2;1741130912698;939
1;1741130914416;5232
1;1741130922356;5233
2;1741130923066;940
2;1741130925771;941
2;1741130928628;942
1;1741130928690;5234
2;1741130930474;943
1;1741130931821;5235
2;1741130932450;944
1;1741130935064;5236
2;1741130936777;945
1;1741130939381;5237
1;1741130942060;5238
2;1741130948386;946
2;1741130948668;947
1;1741130950032;5239
1;1741130953615;5240
1;1741130955541;5241
1;1741130960639;5242
1;1741130960763;5243
2;1741130962623;948
1;1741130963278;5244
2;1741130965081;949
2;1741130965334;950
2;1741130973105;951
1;1741130976041;5245
2;1741130978525;952
1;1741130978876;5246
2;1741130984371;953
1;1741130990421;5247
1;1741130991192;5248
1;1741130994898;5249
1;1741130996396;5250
2;1741130998366;954
2;1741131001740;955
2;1741131003460;956
2;1741131005137;957
2;1741131007021;958
1;1741131015075;5251
1;1741131016999;5252
1;1741131018430;5253
2;1741131019179;959
2;1741131020862;960
1;1741131025951;5254
1;1741131027122;5255
1;1741131032542;5256
1;1741131033221;5257
2;1741131033987;961
2;1741131037206;962
2;1741131038177;963
1;1741131040221;5258
2;1741131040727;964
1;1741131041326;5259
2;1741131043087;965
2;1741131043495;966
2;1741131044289;967
1;1741131047335;5260
2;1741131050948;968
2;1741131054182;969
1;1741131057716;5261
1;1741131060071;5262
1;1741131063101;5263
2;1741131069412;970
2;1741131071157;971
2;1741131071524;972
2;1741131075103;973
2;1741131078367;974
1;1741131083269;5264
1;1741131083565;5265
1;1741131089621;5266
2;1741131090808;975
1;1741131090882;5267
1;1741131091122;5268
1;1741131095288;5269
2;1741131098311;976
1;1741131099695;5270
2;1741131105551;977
1;1741131108978;5271
2;1741131110312;978
2;1741131112471;979
1;1741131112906;5272
1;1741131114319;5273
2;1741131121239;980
1;1741131122001;5274
1;1741131124709;5275
2;1741131125769;981
1;1741131128185;5276
2;1741131131351;982
2;1741131134195;983
1;1741131135855;5277
1;1741131137902;5278
1;1741131138490;5279
2;1741131140253;984
2;1741131141325;985
1;1741131146135;5280
2;1741131148038;986
2;1741131148361;987
2;1741131149025;988
1;1741131154210;5281
1;1741131158378;5282
2;1741131159701;989
1;1741131163730;5283
1;1741131166033;5284
2;1741131170903;990
1;1741131171041;5285
1;1741131178660;5286
1;1741131182343;5287
2;1741131185076;991
2;1741131185879;992
1;1741131186505;5288
2;1741131195501;993
1;1741131198407;5289
1;1741131199912;5290
2;1741131203446;994
2;1741131203462;995
2;1741131208300;996
1;1741131211409;5291
2;1741131211613;997
2;1741131213376;998
1;1741131214024;5292
2;1741131217950;999
2;1741131218672;1000
1;1741131219960;5293
2;1741131222468;1001
1;1741131222856;5294
2;1741131229486;1002
1;1741131230443;5295
2;1741131233167;1003
1;1741131235824;5296
1;1741131242796;5297
2;1741131243673;1004
2;1741131248309;1005
1;1741131248662;5298
1;1741131252246;5299
2;1741131253297;1006
1;1741131253379;5300
2;1741131255617;1007
1;1741131259517;5301
1;1741131261016;5302
2;1741131262078;1008
2;1741131262742;1009
1;1741131266387;5303
1;1741131269523;5304
2;1741131273610;1010
2;1741131279062;1011
2;1741131282554;1012
1;1741131284052;5305
1;1741131284704;5306
2;1741131285488;1013
1;1741131286616;5307
1;1741131295360;5308
1;1741131295759;5309
2;1741131300067;1014
1;1741131301355;5310
1;1741131305332;5311
2;1741131307567;1015
2;1741131308788;1016
2;1741131310951;1017
2;1741131311401;1018
1;1741131314281;5312
1;1741131315001;5313
1;1741131324412;5314
1;1741131324640;5315
2;1741131326834;1019
2;1741131327189;1020
2;1741131327334;1021
1;1741131327472;5316
2;1741131329399;1022
2;1741131329624;1023
2;1741131329952;1024
2;1741131331586;1025
1;1741131335041;5317
1;1741131336135;5318
1;1741131338665;5319
2;1741131347915;1026
1;1741131357118;5320
1;1741131357720;5321
1;1741131358004;5322
2;1741131359443;1027
1;1741131361075;5323
2;1741131361719;1028
2;1741131367171;1029
2;1741131370409;1030
1;1741131373407;5324
2;1741131380169;1031
2;1741131380932;1032
2;1741131381188;1033
1;1741131381604;5325
1;1741131382237;5326
1;1741131383437;5327
1;1741131388938;5328
2;1741131391922;1034
2;1741131392304;1035
1;1741131392338;5329
2;1741131392745;1036
1;1741131397440;5330
2;1741131403770;1037
2;1741131404868;1038
1;1741131404880;5331
2;1741131406315;1039
1;1741131406405;5332
2;1741131409833;1040
1;1741131417738;5333
2;1741131419062;1041
1;1741131419297;5334
2;1741131421179;1042
1;1741131425895;5335
1;1741131429235;5336
1;1741131434275;5337
1;1741131437225;5338
2;1741131438110;1043
2;1741131440785;1044
2;1741131441865;1045
2;1741131446782;1046
1;1741131452804;5339
2;1741131453473;1047
2;1741131458977;1048
1;1741131460418;5340
2;1741131462025;1049
1;1741131463049;5341
1;1741131463823;5342
1;1741131465603;5343
1;1741131467397;5344
1;1741131470608;5345
2;1741131471090;1050
1;1741131474028;5346
2;1741131476046;1051
2;1741131478584;1052
1;1741131482193;5347
2;1741131484487;1053
2;1741131488221;1054
2;1741131492637;1055
2;1741131494096;1056
2;1741131497144;1057
1;1741131498597;5348
1;1741131499908;5349
1;1741131501653;5350
1;1741131503034;5351
1;1741131505593;5352
1;1741131507676;5353
1;1741131508221;5354
2;1741131510240;1058
2;1741131520674;1059
2;1741131521036;1060
2;1741131528867;1061
2;1741131534311;1062
2;1741131536097;1063
1;1741131536750;5355
2;1741131540621;1064
1;1741131541034;5356
2;1741131545590;1065
1;1741131547066;5357
2;1741131548673;1066
1;1741131549651;5358
1;1741131550904;5359
1;1741131555294;5360
2;1741131555889;1067
2;1741131557224;1068
1;1741131558460;5361
2;1741131559989;1069
2;1741131560054;1070
1;1741131560197;5362
2;1741131562739;1071
1;1741131563150;5363
1;1741131566121;5364
1;1741131568305;5365
2;1741131576166;1072
2;1741131577399;1073
2;1741131580241;1074
1;1741131581427;5366
1;1741131584151;5367
1;1741131586622;5368
2;1741131587304;1075
1;1741131593655;5369
1;1741131596077;5370
2;1741131601604;1076
2;1741131607369;1077
2;1741131609091;1078
2;1741131609177;1079
2;1741131611936;1080
1;1741131613431;5371
1;1741131615625;5372
2;1741131619264;1081
1;1741131620281;5373
1;1741131624798;5374
2;1741131626013;1082
1;1741131627547;5375
2;1741131631573;1083
1;1741131633925;5376
1;1741131634665;5377
2;1741131636293;1084
2;1741131642387;1085
1;1741131643450;5378
2;1741131644921;1086
2;1741131646622;1087
1;1741131647927;5379
2;1741131649917;1088
2;1741131653841;1089
1;1741131658429;5380
1;1741131661128;5381
2;1741131663163;1090
1;1741131669168;5382
1;1741131670143;5383
2;1741131675900;1091
2;1741131678009;1092
1;1741131678110;5384
2;1741131679122;1093
1;1741131684952;5385
1;1741131685718;5386
2;1741131690171;1094
1;1741131690184;5387
2;1741131694204;1095
1;1741131694421;5388
2;1741131696024;1096
2;1741131698060;1097
1;1741131699881;5389
2;1741131701192;1098
2;1741131704493;1099
1;1741131707889;5390
2;1741131718494;1100
1;1741131720078;5391
2;1741131720138;1101
1;1741131720292;5392
2;1741131725675;1102
2;1741131726219;1103
2;1741131731604;1104
1;1741131733850;5393
1;1741131734204;5394
1;1741131738011;5395
2;1741131738907;1105
1;1741131739425;5396
1;1741131740966;5397
1;1741131747574;5398
1;1741131748747;5399
1;1741131752671;5400
1;1741131753761;5401
1;1741131757223;5402
2;1741131757719;1106
2;1741131759607;1107
2;1741131762361;1108
2;1741131763287;1109
1;1741131764846;5403
2;1741131769819;1110
1;1741131771613;5404
2;1741131776498;1111
1;1741131778318;5405
2;1741131779124;1112
2;1741131781001;1113
2;1741131782060;1114
1;1741131791998;5406
2;1741131792243;1115
1;1741131793713;5407
1;1741131801224;5408
2;1741131802791;1116
2;1741131804889;1117
2;1741131806831;1118
1;1741131808407;5409
1;1741131808687;5410
1;1741131808920;5411
2;1741131809195;1119
2;1741131811972;1120
1;1741131815820;5412
1;1741131820885;5413
2;1741131823321;1121
1;1741131826995;5414
2;1741131829196;1122
2;1741131830179;1123
1;1741131830360;5415
1;1741131832528;5416
1;1741131832843;5417
1;1741131836029;5418
2;1741131839877;1124
2;1741131843239;1125
2;1741131844855;1126
1;1741131845798;5419
2;1741131846320;1127
1;1741131857583;5420
1;1741131858238;5421
2;1741131859980;1128
1;1741131861851;5422
2;1741131866383;1129
2;1741131870417;1130
1;1741131873210;5423
1;1741131883336;5424
1;1741131883890;5425
2;1741131886524;1131
2;1741131888677;1132
2;1741131891197;1133
1;1741131891896;5426
1;1741131894769;5427
2;1741131894974;1134
2;1741131895014;1135
1;1741131896555;5428
2;1741131904117;1136
2;1741131904156;1137
1;1741131904690;5429
2;1741131905948;1138
2;1741131908199;1139
2;1741131910113;1140
1;1741131912799;5430
1;1741131912898;5431
2;1741131916328;1141
1;1741131916521;5432
1;1741131917168;5433
2;1741131921881;1142
2;1741131923486;1143
1;1741131926791;5434
1;1741131931418;5435
1;1741131931569;5436
2;1741131936489;1144
1;1741131937472;5437
2;1741131938035;1145
1;1741131950792;5438
1;1741131955643;5439
2;1741131955998;1146
1;1741131958115;5440
2;1741131960780;1147
1;1741131962082;5441
2;1741131963867;1148
1;1741131964638;5442
2;1741131965116;1149
2;1741131969049;1150
1;1741131971636;5443
2;1741131977441;1151
1;1741131980472;5444
2;1741131981120;1152
1;1741131981205;5445
2;1741131981405;1153
1;1741131982562;5446
2;1741131983386;1154
2;1741131983934;1155
2;1741131984892;1156
1;1741131989323;5447
2;1741131991508;1157
1;1741132002891;5448
1;1741132010643;5449
2;1741132010807;1158
1;1741132010818;5450
2;1741132014802;1159
1;1741132015235;5451
1;1741132017241;5452
1;1741132018632;5453
1;1741132018662;5454
2;1741132020966;1160
2;1741132022945;1161
1;1741132025325;5455
2;1741132028021;1162
2;1741132030072;1163
1;1741132035209;5456
2;1741132040950;1164
1;1741132043401;5457
2;1741132046538;1165
2;1741132047255;1166
1;1741132048920;5458
2;1741132051414;1167
1;1741132053621;5459
1;1741132054195;5460
2;1741132055209;1168
1;1741132058415;5461
2;1741132061586;1169
1;1741132064075;5462
1;1741132064917;5463
2;1741132067516;1170
1;1741132067636;5464
2;1741132068733;1171
2;1741132069345;1172
1;1741132074888;5465
2;1741132075169;1173
2;1741132079545;1174
2;1741132086107;1175
1;1741132089289;5466
1;1741132092472;5467
2;1741132093390;1176
1;1741132093446;5468
1;1741132096538;5469
1;1741132103836;5470
2;1741132105714;1177
2;1741132107937;1178
1;1741132113331;5471
1;1741132114988;5472
2;1741132115767;1179
1;1741132116994;5473
1;1741132119093;5474
1;1741132122804;5475
2;1741132123848;1180
2;1741132124147;1181
2;1741132128008;1182
2;1741132132127;1183
1;1741132137595;5476
2;1741132140634;1184
2;1741132143247;1185
1;1741132147649;5477
1;1741132148884;5478
1;1741132149642;5479
2;1741132150103;1186
2;1741132150890;1187
1;1741132158689;5480
2;1741132158938;1188
2;1741132161445;1189
2;1741132161650;1190
1;1741132163570;5481
1;1741132165094;5482
1;1741132168316;5483
2;1741132168997;1191
1;1741132175465;5484
1;1741132177627;5485
2;1741132182702;1192
2;1741132185289;1193
2;1741132191218;1194
2;1741132191555;1195
2;1741132194456;1196
1;1741132195155;5486
2;1741132197862;1197
1;1741132198105;5487
1;1741132201867;5488
1;1741132203628;5489
1;1741132203951;5490
2;1741132207304;1198
1;1741132208382;5491
2;1741132215041;1199
2;1741132215106;1200
1;1741132215195;5492
1;1741132219241;5493
1;1741132219249;5494
2;1741132220371;1201
2;1741132224579;1202
1;1741132225723;5495
2;1741132227500;1203
1;1741132227764;5496
1;1741132232849;5497
2;1741132240573;1204
2;1741132244763;1205
1;1741132251215;5498
2;1741132254773;1206
1;1741132254899;5499
1;1741132255597;5500
2;1741132257565;1207
1;1741132259505;5501
2;1741132261240;1208
2;1741132261741;1209
1;1741132262565;5502
1;1741132264213;5503
1;1741132271799;5504
1;1741132272345;5505
2;1741132272561;1210
2;1741132277525;1211
1;1741132278486;5506
2;1741132282812;1212
1;1741132286372;5507
2;1741132286400;1213
2;1741132289131;1214
2;1741132294164;1215
2;1741132295757;1216
1;1741132297282;5508
1;1741132298893;5509
2;1741132300930;1217
1;1741132304708;5510
1;1741132305208;5511
2;1741132305217;1218
1;1741132308082;5512
2;1741132311228;1219
2;1741132316117;1220
2;1741132321528;1221
2;1741132321595;1222
1;1741132323047;5513
1;1741132323795;5514
2;1741132325019;1223
2;1741132332778;1224
1;1741132334204;5515
1;1741132338201;5516
1;1741132341470;5517
2;1741132342220;1225
2;1741132343928;1226
2;1741132344261;1227
1;1741132345014;5518
1;1741132353371;5519
1;1741132354341;5520
1;1741132361539;5521
2;1741132361848;1228
1;1741132363412;5522
1;1741132368796;5523
2;1741132372207;1229
2;1741132373610;1230
1;1741132373947;5524
1;1741132379970;5525
2;1741132382796;1231
1;1741132384509;5526
2;1741132387996;1232
2;1741132390191;1233
1;1741132391210;5527
2;1741132391298;1234
2;1741132395298;1235
2;1741132395904;1236
1;1741132398491;5528
2;1741132401511;1237
1;1741132403447;5529
1;1741132404434;5530
2;1741132407180;1238
2;1741132408061;1239
1;1741132413725;5531
2;1741132413996;1240
1;1741132415272;5532
2;1741132421366;1241
2;1741132422318;1242
1;1741132423854;5533
1;1741132427937;5534
1;1741132428579;5535
1;1741132430857;5536
1;1741132434323;5537
2;1741132435116;1243
2;1741132436170;1244
2;1741132440210;1245
2;1741132442791;1246
1;1741132445825;5538
1;1741132447575;5539
1;1741132451648;5540
1;1741132458668;5541
2;1741132459018;1247
1;1741132459583;5542
2;1741132460921;1248
2;1741132464726;1249
1;1741132466147;5543
2;1741132471032;1250
1;1741132471134;5544
1;1741132471870;5545
2;1741132473176;1251
2;1741132474744;1252
2;1741132480019;1253
1;1741132481998;5546
1;1741132483841;5547
1;1741132488194;5548
2;1741132488255;1254
2;1741132489062;1255
2;1741132489302;1256
2;1741132490413;1257
1;1741132491780;5549
2;1741132503130;1258
1;1741132511158;5550
1;1741132511503;5551
1;1741132518951;5552
1;1741132519705;5553
2;1741132519921;1259
2;1741132520126;1260
2;1741132520228;1261
1;1741132523515;5554
2;1741132525436;1262
1;1741132526325;5555
1;1741132526653;5556
2;1741132528491;1263
2;1741132533894;1264
1;1741132541109;5557
2;1741132541561;1265
1;1741132543350;5558
2;1741132548416;1266
1;1741132549235;5559
1;1741132549245;5560
2;1741132552956;1267
2;1741132557628;1268
1;1741132559575;5561
2;1741132560878;1269
2;1741132561706;1270
1;1741132561746;5562
1;1741132562844;5563
2;1741132564345;1271
1;1741132574869;5564
2;1741132576202;1272
1;1741132579093;5565
2;1741132581158;1273
2;1741132589828;1274
1;1741132590639;5566
1;1741132593005;5567
1;1741132594858;5568
1;1741132597916;5569
1;1741132598725;5570
1;1741132598813;5571
2;1741132599097;1275
1;1741132606015;5572
2;1741132609034;1276
2;1741132609970;1277
1;1741132610329;5573
2;1741132612361;1278
1;1741132619669;5574
2;1741132619803;1279
2;1741132623173;1280
2;1741132623725;1281
2;1741132628734;1282
1;1741132628761;5575
1;1741132628772;5576
1;1741132629213;5577
2;1741132635975;1283
2;1741132638100;1284
2;1741132638203;1285
1;1741132641250;5578
2;1741132648952;1286
2;1741132651728;1287
1;1741132653562;5579
1;1741132653725;5580
2;1741132656116;1288
1;1741132659052;5581
1;1741132666015;5582
1;1741132668172;5583
2;1741132669856;1289
1;1741132672249;5584
1;1741132673394;5585
2;1741132673464;1290
2;1741132677101;1291
2;1741132679276;1292
2;1741132679412;1293
2;1741132683177;1294
1;1741132684010;5586
2;1741132688132;1295
2;1741132692096;1296
1;1741132694217;5587
1;1741132694974;5588
1;1741132698575;5589
2;1741132702965;1297
2;1741132703216;1298
2;1741132705559;1299
1;1741132712640;5590
1;1741132713526;5591
1;1741132716033;5592
2;1741132718070;1300
2;1741132720072;1301
1;1741132720839;5593
1;1741132732981;5594
1;1741132735165;5595
2;1741132735200;1302
1;1741132736790;5596
1;1741132737370;5597
1;1741132742287;5598
2;1741132744663;1303
2;1741132745723;1304
2;1741132748353;1305
2;1741132748371;1306
2;1741132752642;1307
1;1741132753616;5599
1;1741132755324;5600
2;1741132757407;1308
1;1741132759957;5601
1;1741132760593;5602
2;1741132761152;1309
1;1741132768490;5603
1;1741132768756;5604
2;1741132768836;1310
1;1741132770302;5605
2;1741132770931;1311
2;1741132772459;1312
2;1741132776693;1313
1;1741132780196;5606
2;1741132784478;1314
1;1741132787707;5607
2;1741132788587;1315
1;1741132788960;5608
2;1741132789133;1316
1;1741132799536;5609
2;1741132806676;1317
2;1741132806822;1318
1;1741132808598;5610
2;1741132809307;1319
1;1741132811338;5611
1;1741132812369;5612
1;1741132812605;5613
2;1741132812699;1320
2;1741132814351;1321
1;1741132814956;5614
1;1741132819009;5615
2;1741132819278;1322
2;1741132829778;1323
2;1741132830133;1324
1;1741132839389;5616
1;1741132839673;5617
1;1741132840422;5618
1;1741132841798;5619
2;1741132842558;1325
1;1741132843694;5620
2;1741132848752;1326
2;1741132855494;1327
1;1741132856963;5621
1;1741132867792;5622
1;1741132870407;5623
2;1741132872255;1328
2;1741132873307;1329
2;1741132873477;1330
1;1741132876409;5624
2;1741132878449;1331
2;1741132880107;1332
1;1741132881333;5625
1;1741132883242;5626
2;1741132884579;1333
1;1741132886258;5627
1;1741132890673;5628
1;1741132894699;5629
2;1741132895518;1334
2;1741132900325;1335
1;1741132901594;5630
1;1741132902219;5631
2;1741132905116;1336
1;1741132905719;5632
1;1741132906942;5633
2;1741132908982;1337
2;1741132910776;1338
2;1741132912720;1339
2;1741132919141;1340
2;1741132923304;1341
2;1741132924492;1342
2;1741132926781;1343
1;1741132927194;5634
1;1741132928658;5635
1;1741132931705;5636
1;1741132931848;5637
1;1741132933491;5638
2;1741132938013;1344
1;1741132943668;5639
1;1741132950070;5640
2;1741132956191;1345
2;1741132957980;1346
1;1741132959752;5641
1;1741132960239;5642
1;1741132961700;5643
2;1741132962033;1347
1;1741132965279;5644
2;1741132965656;1348
2;1741132968268;1349
1;1741132968561;5645
2;1741132971997;1350
2;1741132973118;1351
2;1741132981771;1352
1;1741132984053;5646
2;1741132984367;1353
2;1741132986873;1354
1;1741132994743;5647
2;1741132997018;1355
2;1741132999508;1356
1;1741132999832;5648
1;1741133000406;5649
1;1741133007338;5650
1;1741133009027;5651
2;1741133011808;1357
2;1741133011991;1358
1;1741133012379;5652
2;1741133014911;1359
1;1741133015872;5653
2;1741133018454;1360
1;1741133018472;5654
1;1741133020916;5655
2;1741133024203;1361
2;1741133025333;1362
1;1741133034208;5656
2;1741133037738;1363
2;1741133038379;1364
2;1741133039447;1365
2;1741133040412;1366
1;1741133041231;5657
1;1741133043927;5658
3;1741133045854;163
1;1741133046077;5659
1;1741133049859;5660
2;1741133050947;1367
1;1741133051932;5661
1;1741133053469;5662
2;1741133054062;1368
2;1741133057180;1369
2;1741133059492;1370
2;1741133065608;1371
1;1741133066046;5663
1;1741133068083;5664
1;1741133070103;5665
1;1741133072791;5666
2;1741133074735;1372
2;1741133079895;1373
1;1741133085248;5667
2;1741133086910;1374
2;1741133094027;1375
2;1741133094881;1376
1;1741133096308;5668
2;1741133098114;1377
1;1741133100169;5669
1;1741133100320;5670
2;1741133100484;1378
2;1741133103821;1379
1;1741133107007;5671
1;1741133112058;5672
2;1741133113646;1380
2;1741133117793;1381
1;1741133118433;5673
1;1741133120251;5674
1;1741133132949;5675
1;1741133136875;5676
2;1741133140037;1382
1;1741133144028;5677
2;1741133144134;1383
2;1741133146936;1384
2;1741133147145;1385
1;1741133147978;5678
1;1741133151586;5679
2;1741133152406;1386
2;1741133154169;1387
1;1741133156573;5680
1;1741133157919;5681
2;1741133159341;1388
2;1741133163548;1389
2;1741133164009;1390
1;1741133173063;5682
1;1741133174971;5683
1;1741133175582;5684
1;1741133175630;5685
2;1741133176419;1391
1;1741133176773;5686
2;1741133176923;1392
2;1741133181126;1393
1;1741133181950;5687
1;1741133184412;5688
2;1741133185705;1394
2;1741133189979;1395
2;1741133191104;1396
1;1741133192468;5689
2;1741133196569;1397
1;1741133202871;5690
2;1741133208632;1398
2;1741133210205;1399
1;1741133210315;5691
1;1741133212871;5692
1;1741133215479;5693
2;1741133222625;1400
2;1741133223146;1401
2;1741133223482;1402
1;1741133224070;5694
2;1741133224363;1403
1;1741133225784;5695
2;1741133230673;1404
1;1741133232547;5696
2;1741133232964;1405
1;1741133247689;5697
1;1741133247955;5698
1;1741133250594;5699
1;1741133254102;5700
1;1741133257342;5701
1;1741133257546;5702
2;1741133257613;1406
2;1741133259517;1407
2;1741133260930;1408
2;1741133261989;1409
2;1741133265001;1410
2;1741133271179;1411
2;1741133272592;1412
2;1741133276892;1413
2;1741133277623;1414
1;1741133278260;5703
1;1741133279952;5704
1;1741133280094;5705
1;1741133283522;5706
1;1741133283593;5707
2;1741133287242;1415
2;1741133289235;1416
1;1741133290562;5708
2;1741133296126;1417
1;1741133297583;5709
2;1741133297716;1418
1;1741133300417;5710
1;1741133302614;5711
2;1741133303811;1419
1;1741133315382;5712
2;1741133315732;1420
1;1741133316148;5713
1;1741133318809;5714
1;1741133321874;5715
2;1741133326256;1421
2;1741133328230;1422
2;1741133328842;1423
2;1741133329364;1424
2;1741133330073;1425
2;1741133333996;1426
1;1741133339819;5716
1;1741133342481;5717
1;1741133343606;5718
1;1741133348381;5719
1;1741133350505;5720
1;1741133351927;5721
2;1741133356387;1427
2;1741133359235;1428
2;1741133361931;1429
1;1741133364620;5722
2;1741133367243;1430
2;1741133370780;1431
1;1741133378517;5723
2;1741133379536;1432
2;1741133383128;1433
2;1741133384486;1434
1;1741133386842;5724
1;1741133387980;5725
1;1741133388291;5726
1;1741133388544;5727
1;1741133388748;5728
2;1741133389629;1435
1;1741133392824;5729
2;1741133398398;1436
1;1741133400776;5730
2;1741133402706;1437
1;1741133402970;5731
2;1741133404743;1438
2;1741133407225;1439
2;1741133409121;1440
1;1741133416437;5732
2;1741133418187;1441
1;1741133420531;5733
1;1741133423091;5734
1;1741133427468;5735
2;1741133429217;1442
1;1741133430767;5736
1;1741133431365;5737
1;1741133437676;5738
2;1741133443478;1443
2;1741133448333;1444
1;1741133450497;5739
2;1741133452641;1445
2;1741133452654;1446
1;1741133455200;5740
2;1741133455718;1447
1;1741133455935;5741
1;1741133460373;5742
2;1741133463898;1448
1;1741133464783;5743
2;1741133466560;1449
2;1741133467982;1450
2;1741133472317;1451
2;1741133476746;1452
2;1741133482872;1453
2;1741133483123;1454
1;1741133483331;5744
1;1741133487339;5745
1;1741133490989;5746
2;1741133492027;1455
1;1741133495138;5747
2;1741133498690;1456
2;1741133500568;1457
1;1741133501290;5748
1;1741133501936;5749
2;1741133503235;1458
1;1741133506502;5750
1;1741133507007;5751
1;1741133509369;5752
1;1741133517490;5753
1;1741133520253;5754
2;1741133523829;1459
1;1741133526457;5755
2;1741133527795;1460
2;1741133528469;1461
1;1741133531737;5756
2;1741133533496;1462
2;1741133535173;1463
1;1741133536506;5757
2;1741133536620;1464
1;1741133538425;5758
1;1741133540864;5759
2;1741133542398;1465
2;1741133546647;1466
1;1741133553535;5760
1;1741133554319;5761
2;1741133556979;1467
2;1741133558189;1468
2;1741133560819;1469
2;1741133564023;1470
1;1741133565550;5762
1;1741133566849;5763
2;1741133567881;1471
2;1741133568019;1472
1;1741133575729;5764
2;1741133582101;1473
1;1741133582423;5765
1;1741133583331;5766
2;1741133584700;1474
2;1741133585807;1475
1;1741133590545;5767
1;1741133593876;5768
1;1741133594238;5769
1;1741133595714;5770
2;1741133605923;1476
2;1741133606227;1477
2;1741133608118;1478
1;1741133616750;5771
2;1741133618610;1479
1;1741133621139;5772
2;1741133624981;1480
2;1741133625559;1481
1;1741133625629;5773
2;1741133631430;1482
1;1741133631999;5774
2;1741133635462;1483
2;1741133635869;1484
1;1741133636148;5775
2;1741133640260;1485
1;1741133641041;5776
1;1741133641772;5777
1;1741133643175;5778
1;1741133649083;5779
2;1741133655075;1486
2;1741133655192;1487
2;1741133657206;1488
2;1741133662224;1489
2;1741133662581;1490
1;1741133663471;5780
2;1741133665289;1491
1;1741133666348;5781
1;1741133667337;5782
1;1741133670701;5783
2;1741133674275;1492
1;1741133674912;5784
1;1741133680479;5785
1;1741133682846;5786
1;1741133684113;5787
2;1741133691229;1493
1;1741133692047;5788
2;1741133693725;1494
2;1741133694177;1495
1;1741133696941;5789
1;1741133700611;5790
2;1741133703278;1496
2;1741133704977;1497
2;1741133710057;1498
2;1741133715327;1499
1;1741133716211;5791
1;1741133717114;5792
1;1741133720797;5793
2;1741133721087;1500
1;1741133722451;5794
1;1741133724170;5795
2;1741133727040;1501
2;1741133729545;1502
2;1741133732330;1503
1;1741133735200;5796
2;1741133735662;1504
2;1741133738269;1505
1;1741133741321;5797
1;1741133741640;5798
2;1741133744816;1506
1;1741133748128;5799
1;1741133752193;5800
1;1741133755811;5801
2;1741133760644;1507
1;1741133764797;5802
1;1741133765661;5803
2;1741133766405;1508
2;1741133766865;1509
1;1741133770994;5804
2;1741133771108;1510
2;1741133774712;1511
2;1741133781675;1512
2;1741133785386;1513
1;1741133786166;5805
1;1741133786697;5806
1;1741133788264;5807
2;1741133789252;1514
1;1741133789402;5808
2;1741133789868;1515
1;1741133791465;5809
2;1741133798414;1516
1;1741133799071;5810
2;1741133800103;1517
1;1741133805839;5811
2;1741133806095;1518
2;1741133806657;1519
1;1741133807118;5812
1;1741133814461;5813
2;1741133824530;1520
1;1741133824763;5814
1;1741133825650;5815
1;1741133828403;5816
2;1741133829292;1521
1;1741133838025;5817
2;1741133839789;1522
2;1741133839993;1523
2;1741133840481;1524
1;1741133840546;5818
2;1741133843904;1525
1;1741133846830;5819
1;1741133849120;5820
1;1741133850417;5821
2;1741133851352;1526
1;1741133852468;5822
2;1741133858398;1527
2;1741133863232;1528
2;1741133863796;1529
1;1741133864740;5823
1;1741133869152;5824
2;1741133872906;1530
2;1741133873690;1531
1;1741133874461;5825
1;1741133879325;5826
1;1741133883780;5827
2;1741133884049;1532
2;1741133889925;1533
2;1741133890507;1534
2;1741133892643;1535
2;1741133895873;1536
1;1741133897379;5828
2;1741133898707;1537
2;1741133904226;1538
1;1741133909427;5829
2;1741133912047;1539
2;1741133912657;1540
1;1741133914459;5830
1;1741133915595;5831
1;1741133920733;5832
2;1741133923247;1541
1;1741133924571;5833
2;1741133928420;1542
1;1741133928517;5834
2;1741133934193;1543
2;1741133936254;1544
1;1741133937636;5835
2;1741133938143;1545
1;1741133938384;5836
1;1741133938694;5837
1;1741133939829;5838
1;1741133941290;5839
2;1741133942399;1546
1;1741133944908;5840
2;1741133952051;1547
1;1741133959340;5841
2;1741133959834;1548
2;1741133965138;1549
2;1741133972658;1550
1;1741133972875;5842
2;1741133974400;1551
1;1741133974589;5843
2;1741133974768;1552
1;1741133975047;5844
2;1741133979753;1553
2;1741133984616;1554
1;1741133988933;5845
1;1741133988977;5846
2;1741133990780;1555
1;1741133992432;5847
1;1741133993747;5848
2;1741133994411;1556
1;1741134003156;5849
1;1741134003603;5850
2;1741134004137;1557
1;1741134007040;5851
2;1741134009156;1558
1;1741134010363;5852
2;1741134018062;1559
1;1741134018564;5853
2;1741134019889;1560
2;1741134020392;1561
1;1741134022373;5854
1;1741134022927;5855
1;1741134023821;5856
2;1741134024157;1562
1;1741134027477;5857
2;1741134029851;1563
2;1741134044658;1564
1;1741134046103;5858
1;1741134047819;5859
2;1741134048982;1565
2;1741134049806;1566
2;1741134054443;1567
2;1741134054583;1568
1;1741134055076;5860
1;1741134059769;5861
1;1741134062305;5862
2;1741134062490;1569
2;1741134064992;1570
1;1741134067100;5863
2;1741134067552;1571
1;1741134073677;5864
1;1741134080323;5865
1;1741134088947;5866
2;1741134089859;1572
1;1741134092329;5867
2;1741134093042;1573
1;1741134094358;5868
2;1741134094783;1574
1;1741134101803;5869
1;1741134102781;5870
2;1741134103234;1575
2;1741134103446;1576
2;1741134104457;1577
1;1741134106843;5871
1;1741134108473;5872
2;1741134110342;1578
2;1741134110732;1579
2;1741134113610;1580
1;1741134115373;5873
1;1741134118072;5874
1;1741134122605;5875
1;1741134123301;5876
2;1741134124793;1581
2;1741134128517;1582
2;1741134131817;1583
2;1741134134939;1584
1;1741134137636;5877
2;1741134138145;1585
2;1741134138904;1586
1;1741134146808;5878
2;1741134148580;1587
2;1741134150577;1588
1;1741134154044;5879
1;1741134154799;5880
2;1741134160257;1589
1;1741134160349;5881
2;1741134160887;1590
1;1741134163371;5882
2;1741134163575;1591
2;1741134164398;1592
1;1741134166901;5883
2;1741134171353;1593
1;1741134178801;5884
1;1741134179942;5885
1;1741134181914;5886
1;1741134182361;5887
1;1741134187431;5888
2;1741134188969;1594
2;1741134191352;1595
2;1741134194089;1596
2;1741134194513;1597
1;1741134203703;5889
2;1741134206135;1598
1;1741134206367;5890
2;1741134207645;1599
1;1741134207911;5891
2;1741134211319;1600
1;1741134212385;5892
1;1741134212707;5893
2;1741134219297;1601
1;1741134223486;5894
2;1741134223718;1602
1;1741134225413;5895
1;1741134225776;5896
1;1741134233800;5897
2;1741134235283;1603
1;1741134238379;5898
2;1741134241612;1604
2;1741134242341;1605
1;1741134245421;5899
1;1741134245528;5900
2;1741134247437;1606
1;1741134247614;5901
2;1741134247822;1607
2;1741134248933;1608
1;1741134252034;5902
2;1741134255241;1609
1;1741134259349;5903
2;1741134261725;1610
2;1741134269554;1611
2;1741134271945;1612
1;1741134274877;5904
2;1741134276713;1613
1;1741134280964;5905
1;1741134284877;5906
1;1741134295483;5907
1;1741134296124;5908
2;1741134297881;1614
2;1741134299580;1615
2;1741134299828;1616
1;1741134302215;5909
2;1741134305488;1617
1;1741134305808;5910
2;1741134307587;1618
1;1741134311402;5911
1;1741134311583;5912
2;1741134312008;1619
1;1741134313864;5913
2;1741134314330;1620
2;1741134318482;1621
1;1741134322965;5914
1;1741134327060;5915
2;1741134331923;1622
1;1741134335381;5916
1;1741134336819;5917
2;1741134341345;1623
1;1741134341383;5918
2;1741134341711;1624
1;1741134341989;5919
2;1741134344364;1625
1;1741134349685;5920
2;1741134352060;1626
1;1741134361488;5921
1;1741134362158;5922
1;1741134362880;5923
2;1741134365621;1627
2;1741134367534;1628
2;1741134367857;1629
2;1741134370878;1630
2;1741134371250;1631
2;1741134371260;1632
1;1741134372153;5924
1;1741134378057;5925
1;1741134379577;5926
2;1741134383194;1633
2;1741134388141;1634
1;1741134391471;5927
2;1741134393308;1635
1;1741134394256;5928
1;1741134395081;5929
2;1741134395227;1636
2;1741134398088;1637
1;1741134401661;5930
1;1741134406472;5931
1;1741134409917;5932
2;1741134412733;1638
1;1741134416399;5933
1;1741134420957;5934
2;1741134424385;1639
1;1741134426232;5935
2;1741134427494;1640
2;1741134428854;1641
1;1741134431139;5936
2;1741134432586;1642
2;1741134437773;1643
1;1741134439570;5937
2;1741134440475;1644
2;1741134440798;1645
1;1741134444051;5938
1;1741134444961;5939
2;1741134446284;1646
1;1741134450147;5940
2;1741134451533;1647
1;1741134452669;5941
1;1741134454677;5942
2;1741134456197;1648
2;1741134458007;1649
1;1741134467029;5943
2;1741134468234;1650
1;1741134468482;5944
1;1741134470660;5945
2;1741134474279;1651
2;1741134477300;1652
1;1741134481489;5946
2;1741134484084;1653
2;1741134484865;1654
1;1741134488368;5947
1;1741134489182;5948
2;1741134496481;1655
2;1741134499288;1656
1;1741134499895;5949
2;1741134500059;1657
1;1741134502330;5950
2;1741134503818;1658
1;1741134504643;5951
1;1741134507603;5952
2;1741134513274;1659
2;1741134514169;1660
1;1741134515793;5953
2;1741134520257;1661
2;1741134523904;1662
1;1741134526801;5954
1;1741134528305;5955
1;1741134530699;5956
1;1741134533181;5957
1;1741134536060;5958
2;1741134539912;1663
2;1741134543595;1664
2;1741134543709;1665
1;1741134546033;5959
2;1741134548774;1666
2;1741134551158;1667
1;1741134556450;5960
2;1741134557481;1668
2;1741134562950;1669
2;1741134563030;1670
1;1741134567011;5961
1;1741134567022;5962
1;1741134567760;5963
2;1741134571694;1671
1;1741134573672;5964
1;1741134574009;5965
2;1741134578384;1672
1;1741134580147;5966
2;1741134580488;1673
2;1741134581391;1674
1;1741134586498;5967
1;1741134591507;5968
1;1741134593641;5969
2;1741134594599;1675
2;1741134595197;1676
2;1741134599607;1677
2;1741134603010;1678
1;1741134603999;5970
2;1741134604215;1679
1;1741134605386;5971
2;1741134615220;1680
1;1741134615302;5972
1;1741134618428;5973
1;1741134620485;5974
2;1741134622157;1681
2;1741134624226;1682
2;1741134624699;1683
1;1741134629921;5975
2;1741134634075;1684
2;1741134635019;1685
1;1741134635929;5976
1;1741134641945;5977
1;1741134643699;5978
1;1741134645838;5979
1;1741134646834;5980
1;1741134649257;5981
2;1741134654545;1686
1;1741134655598;5982
2;1741134655953;1687
2;1741134656462;1688
2;1741134658124;1689
2;1741134660562;1690
2;1741134668016;1691
1;1741134669669;5983
1;1741134672995;5984
2;1741134673066;1692
1;1741134678237;5985
2;1741134679227;1693
1;1741134688321;5986
1;1741134688584;5987
2;1741134690076;1694
1;1741134696820;5988
1;1741134702428;5989
2;1741134703052;1695
1;1741134703291;5990
1;1741134704607;5991
2;1741134704889;1696
2;1741134709961;1697
1;1741134711936;5992
2;1741134716120;1698
2;1741134718553;1699
1;1741134723110;5993
2;1741134725572;1700
2;1741134728322;1701
1;1741134730408;5994
2;1741134732992;1702
2;1741134733549;1703
1;1741134734860;5995
2;1741134734917;1704
1;1741134735861;5996
1;1741134736675;5997
2;1741134739333;1705
2;1741134742911;1706
1;1741134752087;5998
1;1741134752850;5999
2;1741134753228;1707
1;1741134753299;6000
1;1741134756386;6001
1;1741134761688;6002
2;1741134764567;1708
1;1741134766241;6003
2;1741134766461;1709
2;1741134771622;1710
2;1741134771927;1711
2;1741134775488;1712
1;1741134781621;6004
1;1741134782512;6005
2;1741134782800;1713
1;1741134783455;6006
2;1741134784545;1714
2;1741134787410;1715
1;1741134789275;6007
1;1741134789942;6008
1;1741134793637;6009
2;1741134795325;1716
1;1741134808292;6010
2;1741134811152;1717
2;1741134812760;1718
2;1741134813062;1719
2;1741134814108;1720
2;1741134816014;1721
1;1741134817472;6011
1;1741134818487;6012
2;1741134821158;1722
1;1741134828531;6013
1;1741134830147;6014
1;1741134831250;6015
1;1741134831333;6016
2;1741134832883;1723
1;1741134835284;6017
2;1741134837087;1724
2;1741134845603;1725
1;1741134846488;6018
1;1741134847152;6019
2;1741134847946;1726
2;1741134852821;1727
1;1741134854297;6020
2;1741134856414;1728
2;1741134858442;1729
1;1741134859703;6021
2;1741134865577;1730
2;1741134869022;1731
2;1741134869058;1732
1;1741134872546;6022
1;1741134873105;6023
1;1741134876439;6024
1;1741134881064;6025
1;1741134881195;6026
1;1741134881294;6027
2;1741134883066;1733
2;1741134886716;1734
2;1741134887237;1735
1;1741134887943;6028
1;1741134888172;6029
2;1741134888190;1736
1;1741134899514;6030
2;1741134902550;1737
1;1741134910006;6031
2;1741134910072;1738
1;1741134910568;6032
1;1741134912852;6033
1;1741134914111;6034
1;1741134918379;6035
2;1741134918495;1739
2;1741134919183;1740
2;1741134920099;1741
2;1741134925676;1742
2;1741134938765;1743
1;1741134939443;6036
1;1741134939682;6037
1;1741134939734;6038
2;1741134943633;1744
2;1741134944319;1745
1;1741134945900;6039
2;1741134946405;1746
1;1741134951804;6040
2;1741134952246;1747
1;1741134956776;6041
1;1741134958584;6042
2;1741134958676;1748
2;1741134959359;1749
1;1741134962766;6043
1;1741134967279;6044
1;1741134967288;6045
2;1741134969698;1750
1;1741134974285;6046
2;1741134977180;1751
2;1741134980705;1752
2;1741134983270;1753
1;1741134983568;6047
1;1741134985301;6048
1;1741134985382;6049
2;1741134985466;1754
2;1741134988824;1755
2;1741134994545;1756
2;1741135004952;1757
1;1741135005846;6050
2;1741135006849;1758
1;1741135012339;6051
2;1741135014062;1759
2;1741135017163;1760
2;1741135020187;1761
1;1741135023353;6052
2;1741135026997;1762
2;1741135028185;1763
1;1741135029176;6053
1;1741135029424;6054
1;1741135030820;6055
2;1741135032940;1764
2;1741135033531;1765
1;1741135036223;6056
1;1741135040520;6057
2;1741135040572;1766
2;1741135048097;1767
1;1741135048407;6058
2;1741135057161;1768
1;1741135059045;6059
1;1741135059821;6060
2;1741135062636;1769
1;1741135066400;6061
2;1741135069948;1770
1;1741135069980;6062
1;1741135070023;6063
1;1741135071072;6064
2;1741135073650;1771
1;1741135078863;6065
2;1741135080960;1772
1;1741135082882;6066
2;1741135083956;1773
2;1741135085315;1774
1;1741135088889;6067
2;1741135095240;1775
1;1741135097427;6068
1;1741135097844;6069
2;1741135101334;1776
1;1741135101422;6070
1;1741135103538;6071
2;1741135107997;1777
1;1741135115550;6072
2;1741135117898;1778
2;1741135118898;1779
1;1741135119724;6073
2;1741135123092;1780
1;1741135125217;6074
2;1741135125372;1781
2;1741135128814;1782
1;1741135130174;6075
1;1741135133212;6076
2;1741135133823;1783
2;1741135140351;1784
2;1741135142078;1785
1;1741135145386;6077
2;1741135145563;1786
1;1741135145608;6078
1;1741135147366;6079
2;1741135151613;1787
2;1741135152335;1788
1;1741135154248;6080
2;1741135157863;1789
1;1741135161710;6081
2;1741135166210;1790
1;1741135168686;6082
2;1741135171335;1791
2;1741135171755;1792
1;1741135172184;6083
1;1741135173882;6084
1;1741135174931;6085
1;1741135177255;6086
2;1741135187505;1793
2;1741135187543;1794
1;1741135190320;6087
2;1741135193628;1795
1;1741135194979;6088
1;1741135199478;6089
1;1741135202816;6090
1;1741135203794;6091
1;1741135205196;6092
2;1741135205819;1796
2;1741135218052;1797
2;1741135219931;1798
1;1741135221581;6093
1;1741135222039;6094
2;1741135222465;1799
2;1741135222952;1800
2;1741135223008;1801
2;1741135224589;1802
2;1741135227863;1803
1;1741135230923;6095
1;1741135233244;6096
1;1741135238283;6097
1;1741135238349;6098
2;1741135242703;1804
2;1741135243421;1805
1;1741135243624;6099
1;1741135248756;6100
1;1741135255880;6101
1;1741135256471;6102
2;1741135258105;1806
2;1741135259581;1807
2;1741135263753;1808
2;1741135264364;1809
1;1741135265622;6103
2;1741135269267;1810
1;1741135270197;6104
1;1741135271600;6105
2;1741135272720;1811
2;1741135278929;1812
2;1741135279272;1813
2;1741135281431;1814
1;1741135281971;6106
1;1741135285655;6107
2;1741135287923;1815
1;1741135290319;6108
1;1741135296684;6109
1;1741135302683;6110
2;1741135302742;1816
1;1741135309247;6111
1;1741135309420;6112
2;1741135309742;1817
1;1741135313545;6113
2;1741135315789;1818
2;1741135318131;1819
2;1741135319114;1820
1;1741135324460;6114
1;1741135324730;6115
2;1741135326092;1821
2;1741135330606;1822
1;1741135331882;6116
1;1741135333826;6117
2;1741135335536;1823
1;1741135339163;6118
2;1741135346470;1824
1;1741135347046;6119
1;1741135348823;6120
2;1741135352769;1825
1;1741135353553;6121
2;1741135353826;1826
2;1741135355974;1827
2;1741135356293;1828
1;1741135359119;6122
1;1741135361325;6123
2;1741135364992;1829
1;1741135366135;6124
1;1741135367109;6125
2;1741135371591;1830
2;1741135375204;1831
2;1741135381740;1832
1;1741135384694;6126
2;1741135384912;1833
1;1741135388654;6127
1;1741135391347;6128
2;1741135394833;1834
2;1741135396127;1835
2;1741135397299;1836
1;1741135400324;6129
2;1741135400488;1837
2;1741135403920;1838
1;1741135404579;6130
2;1741135408584;1839
1;1741135419589;6131
1;1741135422733;6132
2;1741135424231;1840
1;1741135428725;6133
1;1741135429403;6134
2;1741135430057;1841
2;1741135432574;1842
1;1741135434819;6135
2;1741135435253;1843
2;1741135437432;1844
2;1741135438096;1845
2;1741135441291;1846
1;1741135443092;6136
1;1741135443796;6137
1;1741135444205;6138
1;1741135446109;6139
1;1741135452016;6140
2;1741135453570;1847
2;1741135456313;1848
1;1741135456436;6141
1;1741135460624;6142
1;1741135462255;6143
2;1741135471171;1849
1;1741135472149;6144
2;1741135472485;1850
2;1741135473358;1851
1;1741135473528;6145
2;1741135475141;1852
1;1741135475727;6146
2;1741135487096;1853
2;1741135488539;1854
1;1741135493822;6147
1;1741135497959;6148
1;1741135500227;6149
1;1741135500236;6150
2;1741135502302;1855
2;1741135503060;1856
1;1741135503915;6151
2;1741135505671;1857
2;1741135505846;1858
2;1741135512123;1859
2;1741135514282;1860
2;1741135515786;1861
1;1741135521127;6152
1;1741135528849;6153
1;1741135528862;6154
2;1741135529202;1862
1;1741135531120;6155
2;1741135532428;1863
1;1741135532840;6156
2;1741135532854;1864
2;1741135535701;1865
1;1741135538414;6157
1;1741135544309;6158
1;1741135546383;6159
1;1741135549120;6160
1;1741135549805;6161
2;1741135550758;1866
1;1741135560733;6162
1;1741135562195;6163
2;1741135565718;1867
2;1741135566789;1868
2;1741135568827;1869
2;1741135568917;1870
2;1741135569890;1871
1;1741135571852;6164
1;1741135574694;6165
2;1741135577525;1872
1;1741135578614;6166
2;1741135582973;1873
1;1741135586963;6167
1;1741135590169;6168
2;1741135591893;1874
2;1741135597703;1875
2;1741135600653;1876
2;1741135602052;1877
1;1741135607503;6169
1;1741135607930;6170
2;1741135611042;1878
2;1741135614085;1879
2;1741135614120;1880
1;1741135615150;6171
1;1741135617463;6172
1;1741135618014;6173
2;1741135619558;1881
1;1741135619833;6174
2;1741135621330;1882
1;1741135621622;6175
1;1741135624368;6176
1;1741135624558;6177
2;1741135625539;1883
1;1741135640900;6178
2;1741135644890;1884
2;1741135644907;1885
2;1741135646785;1886
2;1741135649807;1887
1;1741135652097;6179
1;1741135655364;6180
2;1741135656616;1888
1;1741135656841;6181
1;1741135660196;6182
1;1741135663061;6183
2;1741135665303;1889
2;1741135672406;1890
1;1741135673792;6184
1;1741135674058;6185
1;1741135680503;6186
2;1741135681544;1891
2;1741135681740;1892
2;1741135683238;1893
2;1741135690382;1894
2;1741135690855;1895
1;1741135692759;6187
2;1741135693349;1896
2;1741135695448;1897
1;1741135698415;6188
1;1741135702123;6189
1;1741135703761;6190
1;1741135705014;6191
2;1741135706963;1898
2;1741135708070;1899
2;1741135710444;1900
1;1741135713441;6192
1;1741135716120;6193
1;1741135720855;6194
1;1741135721502;6195
1;1741135726243;6196
2;1741135733486;1901
2;1741135739354;1902
2;1741135739709;1903
1;1741135739979;6197
2;1741135741405;1904
2;1741135741584;1905
1;1741135742751;6198
2;1741135743859;1906
1;1741135744093;6199
1;1741135751538;6200
2;1741135753137;1907
1;1741135754093;6201
2;1741135758721;1908
1;1741135759460;6202
1;1741135765881;6203
1;1741135770333;6204
2;1741135770599;1909
2;1741135771812;1910
2;1741135773559;1911
2;1741135773569;1912
1;1741135774133;6205
2;1741135779451;1913
1;1741135780205;6206
1;1741135782676;6207
2;1741135784698;1914
1;1741135788500;6208
1;1741135790697;6209
2;1741135792078;1915
2;1741135792096;1916
1;1741135795980;6210
2;1741135811339;1917
2;1741135813111;1918
1;1741135813632;6211
2;1741135813992;1919
1;1741135814527;6212
2;1741135821915;1920
1;1741135822163;6213
1;1741135826759;6214
1;1741135827659;6215
1;1741135828473;6216
2;1741135830426;1921
1;1741135830608;6217
2;1741135835512;1922
1;1741135837566;6218
1;1741135845019;6219
1;1741135845653;6220
2;1741135847981;1923
2;1741135849602;1924
1;1741135851941;6221
1;1741135852441;6222
2;1741135856471;1925
2;1741135857924;1926
2;1741135860341;1927
2;1741135862809;1928
2;1741135863796;1929
2;1741135871621;1930
2;1741135875112;1931
1;1741135876843;6223
1;1741135878056;6224
2;1741135882019;1932
1;1741135883255;6225
2;1741135885177;1933
1;1741135886617;6226
2;1741135888330;1934
2;1741135889598;1935
1;1741135891462;6227
1;1741135896426;6228
2;1741135898739;1936
1;1741135905497;6229
1;1741135905625;6230
1;1741135905878;6231
2;1741135906808;1937
1;1741135907690;6232
1;1741135909235;6233
2;1741135910810;1938
2;1741135914571;1939
1;1741135915360;6234
2;1741135915846;1940
1;1741135924637;6235
1;1741135927136;6236
2;1741135927748;1941
1;1741135928345;6237
2;1741135931277;1942
1;1741135931299;6238
2;1741135933894;1943
2;1741135936945;1944
2;1741135937265;1945
1;1741135946440;6239
2;1741135946600;1946
2;1741135946706;1947
1;1741135947173;6240
1;1741135959233;6241
1;1741135959242;6242
1;1741135964124;6243
2;1741135967175;1948
1;1741135971350;6244
2;1741135974229;1949
1;1741135979575;6245
2;1741135981430;1950
2;1741135981997;1951
1;1741135985270;6246
2;1741135989638;1952
2;1741135993021;1953
2;1741135993206;1954
1;1741135993764;6247
1;1741135993773;6248
2;1741136000046;1955
1;1741136001324;6249
2;1741136003268;1956
1;1741136007201;6250
1;1741136007855;6251
2;1741136012233;1957
2;1741136012532;1958
1;1741136012914;6252
2;1741136018097;1959
2;1741136018761;1960
2;1741136019031;1961
2;1741136019708;1962
1;1741136022853;6253
1;1741136027571;6254
2;1741136027852;1963
2;1741136028003;1964
1;1741136032963;6255
1;1741136033799;6256
1;1741136035611;6257
2;1741136036723;1965
2;1741136038220;1966
1;1741136040504;6258
1;1741136049257;6259
2;1741136052423;1967
1;1741136059818;6260
1;1741136061014;6261
2;1741136063339;1968
1;1741136064555;6262
2;1741136065206;1969
1;1741136067875;6263
2;1741136068696;1970
2;1741136069491;1971
2;1741136073797;1972
1;1741136074457;6264
2;1741136074523;1973
1;1741136074608;6265
1;1741136075188;6266
2;1741136081914;1974
1;1741136093987;6267
1;1741136094155;6268
1;1741136095341;6269
2;1741136100178;1975
2;1741136103431;1976
1;1741136103796;6270
2;1741136105904;1977
2;1741136109643;1978
1;1741136111729;6271
2;1741136116932;1979
2;1741136118582;1980
1;1741136119621;6272
1;1741136121273;6273
2;1741136122159;1981
2;1741136123185;1982
2;1741136123533;1983
2;1741136124416;1984
1;1741136125102;6274
1;1741136126028;6275
1;1741136135967;6276
1;1741136139197;6277
1;1741136143544;6278
1;1741136143787;6279
2;1741136144692;1985
1;1741136150404;6280
2;1741136150541;1986
2;1741136155351;1987
1;1741136162707;6281
2;1741136163145;1988
2;1741136166658;1989
1;1741136167742;6282
2;1741136167885;1990
2;1741136170410;1991
2;1741136171973;1992
2;1741136172955;1993
1;1741136173845;6283
1;1741136175625;6284
1;1741136180942;6285
2;1741136182986;1994
1;1741136186848;6286
1;1741136186967;6287
1;1741136187353;6288
2;1741136188917;1995
1;1741136201564;6289
1;1741136204589;6290
1;1741136204939;6291
2;1741136208402;1996
1;1741136208490;6292
2;1741136212618;1997
1;1741136213017;6293
2;1741136219571;1998
2;1741136222328;1999
2;1741136224562;2000
2;1741136225913;2001
1;1741136226790;6294
1;1741136227056;6295
1;1741136228073;6296
2;1741136229155;2002
2;1741136230511;2003
2;1741136239495;2004
2;1741136240582;2005
1;1741136242255;6297
2;1741136246387;2006
1;1741136249399;6298
1;1741136250611;6299
1;1741136253504;6300
2;1741136257017;2007
1;1741136258268;6301
2;1741136259264;2008
2;1741136262454;2009
1;1741136268969;6302
2;1741136269130;2010
1;1741136269886;6303
1;1741136270098;6304
2;1741136272211;2011
2;1741136275507;2012
2;1741136277751;2013
1;1741136282866;6305
1;1741136283761;6306
1;1741136286128;6307
1;1741136287979;6308
2;1741136290240;2014
1;1741136292278;6309
2;1741136293327;2015
2;1741136299394;2016
1;1741136307711;6310
2;1741136313247;2017
1;1741136316532;6311
2;1741136317733;2018
1;1741136319859;6312
2;1741136324009;2019
2;1741136324788;2020
1;1741136325630;6313
1;1741136325735;6314
2;1741136326201;2021
2;1741136328030;2022
1;1741136332441;6315
1;1741136332795;6316
1;1741136332933;6317
2;1741136338026;2023
1;1741136342149;6318
2;1741136342224;2024
1;1741136345726;6319
2;1741136346963;2025
1;1741136347119;6320
1;1741136348740;6321
1;1741136351321;6322
2;1741136356369;2026
2;1741136361565;2027
2;1741136364575;2028
1;1741136364956;6323
2;1741136366698;2029
2;1741136369850;2030
1;1741136370838;6324
1;1741136375696;6325
2;1741136382299;2031
1;1741136384414;6326
2;1741136384726;2032
1;1741136386289;6327
2;1741136387339;2033
2;1741136390218;2034
2;1741136390510;2035
2;1741136391187;2036
1;1741136394774;6328
1;1741136400439;6329
1;1741136403461;6330
2;1741136407275;2037
2;1741136413768;2038
2;1741136415351;2039
1;1741136417891;6331
1;1741136421785;6332
1;1741136422852;6333
1;1741136424727;6334
2;1741136424864;2040
1;1741136424877;6335
2;1741136425568;2041
1;1741136426993;6336
1;1741136429647;6337
2;1741136429933;2042
2;1741136436843;2043
2;1741136442127;2044
1;1741136444298;6338
2;1741136444353;2045
1;1741136445727;6339
2;1741136449159;2046
1;1741136449358;6340
2;1741136452060;2047
2;1741136453501;2048
1;1741136460577;6341
1;1741136463763;6342
2;1741136468287;2049
2;1741136469260;2050
1;1741136469464;6343
1;1741136474632;6344
2;1741136486347;2051
1;1741136487874;6345
2;1741136487981;2052
2;1741136489120;2053
1;1741136489607;6346
2;1741136492039;2054
1;1741136492949;6347
2;1741136493144;2055
1;1741136493397;6348
1;1741136493804;6349
1;1741136497162;6350
2;1741136497627;2056
1;1741136501186;6351
2;1741136512392;2057
1;1741136514181;6352
2;1741136514816;2058
2;1741136516902;2059
1;1741136518600;6353
2;1741136518857;2060
2;1741136521812;2061
2;1741136524529;2062
2;1741136524638;2063
1;1741136528384;6354
1;1741136532184;6355
1;1741136535930;6356
1;1741136536491;6357
2;1741136542957;2064
2;1741136543349;2065
2;1741136543893;2066
1;1741136544230;6358
1;1741136551405;6359
1;1741136558344;6360
1;1741136558692;6361
2;1741136560333;2067
2;1741136565147;2068
1;1741136566604;6362
2;1741136567609;2069
2;1741136577073;2070
1;1741136580018;6363
1;1741136581028;6364
2;1741136581492;2071
1;1741136581903;6365
2;1741136583619;2072
2;1741136585200;2073
2;1741136586786;2074
1;1741136589053;6366
2;1741136589186;2075
1;1741136591064;6367
1;1741136592360;6368
2;1741136592372;2076
2;1741136593561;2077
1;1741136593587;6369
2;1741136601089;2078
1;1741136608030;6370
1;1741136615981;6371
1;1741136616603;6372
2;1741136618283;2079
2;1741136618367;2080
1;1741136620497;6373
1;1741136622268;6374
1;1741136624765;6375
1;1741136626195;6376
2;1741136626781;2081
2;1741136629115;2082
2;1741136644416;2083
1;1741136647140;6377
1;1741136648283;6378
2;1741136648838;2084
1;1741136649362;6379
2;1741136649820;2085
2;1741136653088;2086
1;1741136653333;6380
2;1741136657649;2087
2;1741136663235;2088
1;1741136666409;6381
1;1741136666848;6382
2;1741136667835;2089
1;1741136668570;6383
2;1741136668759;2090
2;1741136672109;2091
1;1741136673317;6384
1;1741136674672;6385
1;1741136674988;6386
2;1741136680528;2092
1;1741136681816;6387
2;1741136692733;2093
2;1741136694312;2094
2;1741136694326;2095
2;1741136698211;2096
1;1741136698663;6388
1;1741136698677;6389
1;1741136698686;6390
1;1741136700178;6391
2;1741136701209;2097
2;1741136703477;2098
2;1741136708585;2099
1;1741136710074;6392
1;1741136712907;6393
2;1741136720783;2100
1;1741136725131;6394
2;1741136726042;2101
2;1741136727273;2102
1;1741136729744;6395
2;1741136733265;2103
1;1741136733614;6396
2;1741136733940;2104
2;1741136740887;2105
1;1741136741130;6397
1;1741136743969;6398
1;1741136750373;6399
1;1741136752999;6400
2;1741136754756;2106
1;1741136757835;6401
2;1741136761303;2107
1;1741136762977;6402
2;1741136763229;2108
2;1741136767022;2109
2;1741136769882;2110
1;1741136773370;6403
2;1741136778026;2111
2;1741136778097;2112
1;1741136780444;6404
1;1741136784642;6405
1;1741136786556;6406
2;1741136787920;2113
2;1741136789385;2114
1;1741136792667;6407
2;1741136793053;2115
1;1741136797423;6408
2;1741136802472;2116
1;1741136806068;6409
2;1741136806080;2117
1;1741136806477;6410
2;1741136814558;2118
2;1741136816248;2119
1;1741136817330;6411
2;1741136821387;2120
1;1741136821430;6412
2;1741136825147;2121
1;1741136825563;6413
1;1741136826604;6414
2;1741136832822;2122
2;1741136832833;2123
1;1741136834424;6415
2;1741136838642;2124
2;1741136843173;2125
1;1741136843681;6416
1;1741136846542;6417
2;1741136847334;2126
1;1741136847733;6418
1;1741136849883;6419
2;1741136851690;2127
1;1741136853008;6420
2;1741136854080;2128
1;1741136864890;6421
2;1741136868225;2129
2;1741136869452;2130
2;1741136872020;2131
1;1741136873101;6422
1;1741136874952;6423
2;1741136875211;2132
1;1741136876715;6424
1;1741136879811;6425
1;1741136885018;6426
1;1741136886532;6427
2;1741136887847;2133
2;1741136887999;2134
2;1741136896258;2135
1;1741136897578;6428
2;1741136897617;2136
2;1741136898482;2137
1;1741136900954;6429
1;1741136904340;6430
1;1741136904765;6431
1;1741136905869;6432
2;1741136907893;2138
2;1741136909545;2139
2;1741136916042;2140
2;1741136916462;2141
1;1741136920991;6433
1;1741136926138;6434
1;1741136932551;6435
2;1741136934803;2142
1;1741136935891;6436
1;1741136938313;6437
1;1741136942999;6438
2;1741136944518;2143
2;1741136944757;2144
1;1741136945717;6439
1;1741136946984;6440
2;1741136950020;2145
2;1741136954487;2146
2;1741136955825;2147
1;1741136957554;6441
2;1741136960374;2148
2;1741136961626;2149
2;1741136964333;2150
1;1741136964770;6442
1;1741136965923;6443
2;1741136967277;2151
1;1741136967676;6444
1;1741136970767;6445
2;1741136973350;2152
1;1741136974886;6446
1;1741136975205;6447
2;1741136978160;2153
2;1741136986099;2154
2;1741136990454;2155
2;1741136991936;2156
2;1741136992118;2157
1;1741136998057;6448
1;1741137003587;6449
1;1741137003797;6450
2;1741137010149;2158
2;1741137012649;2159
1;1741137013509;6451
2;1741137013677;2160
1;1741137014382;6452
1;1741137014541;6453
1;1741137015569;6454
2;1741137016105;2161
2;1741137017879;2162
2;1741137028346;2163
1;1741137030246;6455
2;1741137030373;2164
1;1741137032915;6456
1;1741137033916;6457
2;1741137035639;2165
1;1741137037211;6458
2;1741137038500;2166
2;1741137042876;2167
1;1741137049982;6459
1;1741137056530;6460
2;1741137057531;2168
1;1741137066130;6461
1;1741137070200;6462
1;1741137071666;6463
2;1741137072892;2169
2;1741137072919;2170
2;1741137075036;2171
2;1741137076232;2172
1;1741137077163;6464
1;1741137082273;6465
2;1741137082883;2173
1;1741137084983;6466
2;1741137087065;2174
1;1741137090072;6467
2;1741137090732;2175
2;1741137092915;2176
1;1741137095408;6468
1;1741137099927;6469
2;1741137101245;2177
1;1741137102344;6470
2;1741137103986;2178
1;1741137105775;6471
1;1741137110789;6472
2;1741137112198;2179
1;1741137115382;6473
2;1741137118411;2180
1;1741137120927;6474
2;1741137123070;2181
1;1741137124172;6475
1;1741137128722;6476
1;1741137130205;6477
2;1741137136032;2182
2;1741137136476;2183
2;1741137138288;2184
2;1741137142308;2185
2;1741137142813;2186
1;1741137145032;6478
1;1741137147996;6479
1;1741137154617;6480
2;1741137155215;2187
2;1741137157883;2188
1;1741137159031;6481
1;1741137161626;6482
2;1741137165937;2189
1;1741137166479;6483
2;1741137168491;2190
1;1741137168522;6484
2;1741137168935;2191
1;1741137169380;6485
2;1741137172849;2192
2;1741137174292;2193
2;1741137176696;2194
1;1741137187689;6486
1;1741137191293;6487
2;1741137194645;2195
1;1741137197676;6488
2;1741137198261;2196
1;1741137198897;6489
2;1741137203097;2197
2;1741137203424;2198
1;1741137204859;6490
1;1741137209837;6491
1;1741137214917;6492
2;1741137216161;2199
2;1741137217747;2200
1;1741137220634;6493
1;1741137223478;6494
2;1741137226821;2201
2;1741137227082;2202
2;1741137228079;2203
1;1741137232490;6495
1;1741137233801;6496
1;1741137235500;6497
2;1741137237096;2204
2;1741137238314;2205
1;1741137238959;6498
2;1741137240191;2206
2;1741137246325;2207
2;1741137250081;2208
1;1741137253738;6499
1;1741137254622;6500
1;1741137260519;6501
2;1741137262211;2209
1;1741137263547;6502
2;1741137264049;2210
2;1741137264182;2211
2;1741137270315;2212
1;1741137271843;6503
1;1741137273430;6504
1;1741137277543;6505
1;1741137280382;6506
1;1741137281011;6507
1;1741137281152;6508
2;1741137283637;2213
2;1741137288978;2214
1;1741137294381;6509
2;1741137296803;2215
2;1741137299987;2216
1;1741137303973;6510
2;1741137304330;2217
2;1741137305864;2218
1;1741137306758;6511
1;1741137310489;6512
2;1741137312583;2219
2;1741137314359;2220
1;1741137317407;6513
1;1741137319258;6514
1;1741137321938;6515
2;1741137323244;2221
1;1741137325226;6516
2;1741137327804;2222
2;1741137330426;2223
1;1741137337804;6517
1;1741137339031;6518
2;1741137341414;2224
2;1741137344523;2225
2;1741137351586;2226
2;1741137352531;2227
2;1741137353270;2228
1;1741137354952;6519
2;1741137355387;2229
1;1741137356786;6520
1;1741137362286;6521
2;1741137363438;2230
1;1741137365019;6522
1;1741137368483;6523
2;1741137372468;2231
1;1741137372942;6524
2;1741137375302;2232
1;1741137375810;6525
2;1741137376011;2233
2;1741137376626;2234
2;1741137378009;2235
1;1741137383182;6526
1;1741137383415;6527
1;1741137397460;6528
1;1741137398354;6529
2;1741137402884;2236
1;1741137403360;6530
1;1741137406033;6531
1;1741137409385;6532
1;1741137409762;6533
2;1741137410302;2237
2;1741137410314;2238
1;1741137419616;6534
2;1741137420551;2239
1;1741137424279;6535
2;1741137427524;2240
2;1741137431852;2241
2;1741137432406;2242
1;1741137434549;6536
2;1741137435094;2243
2;1741137436400;2244
1;1741137436427;6537
2;1741137438986;2245
1;1741137440062;6538
1;1741137442740;6539
2;1741137443397;2246
2;1741137444833;2247
2;1741137453504;2248
2;1741137461520;2249
1;1741137464161;6540
1;1741137466213;6541
1;1741137467516;6542
1;1741137468843;6543
2;1741137469337;2250
2;1741137471994;2251
1;1741137472213;6544
2;1741137473203;2252
1;1741137476122;6545
2;1741137487060;2253
2;1741137488141;2254
3;1741137490871;164
1;1741137491471;6546
1;1741137491484;6547
2;1741137493885;2255
2;1741137494207;2256
1;1741137494504;6548
2;1741137495165;2257
3;1741137495872;165
1;1741137498091;6549
1;1741137498579;6550
1;1741137499172;6551
3;1741137500873;166
3;1741137505872;167
3;1741137510874;168
