1;1741050757501;1
2;1741050757597;1
15;1741050757725;1
18;1741050757741;1
5;1741050757805;1
10;1741050758013;1
17;1741050759346;1
11;1741050759457;1
16;1741050759586;1
8;1741050760067;1
3;1741050760098;1
4;1741050760340;1
12;1741050760642;1
0;1741050760786;1
18;1741050761947;2
1;1741050761979;2
17;1741050762186;2
3;1741050762282;2
5;1741050762459;2
7;1741050762698;1
11;1741050762794;2
15;1741050763691;2
16;1741050763995;2
4;1741050764443;2
6;1741050764650;1
2;1741050764826;2
9;1741050765099;1
8;1741050765402;2
14;1741050765610;1
14;1741050767142;2
16;1741050767206;3
1;1741050767318;3
4;1741050767382;3
11;1741050767590;3
3;1741050767686;3
8;1741050769606;3
10;1741050769637;2
5;1741050769846;3
12;1741050770389;2
13;1741050770486;1
7;1741050772275;2
11;1741050772403;4
3;1741050772643;4
14;1741050774563;3
13;1741050774707;2
10;1741050775587;3
10;1741050777055;4
7;1741050777743;3
11;1741050779551;5
14;1741050779791;4
1;1741050779903;4
2;1741050780623;3
7;1741050781948;4
10;1741050782395;5
12;1741050785099;3
1;1741050785243;5
7;1741050787509;5
2;1741050787659;4
13;1741050795521;3
10;1741050973932;6
16;1741050980599;4
2;1741050980631;5
2;1741050983648;6
1;1741051020901;6
11;1741051024293;6
3;1741051132972;5
4;1741051133212;4
1;1741051206123;7
3;1741051213749;6
17;1741051222034;3
18;1741051229716;3
1;1741051273113;8
4;1741051276177;5
6;1741051288385;2
3;1741051288730;7
10;1741051288966;7
1;1741051290917;9
6;1741051291124;3
11;1741051293544;7
5;1741051293889;4
1;1741051295983;10
3;1741051298616;8
10;1741051299135;8
8;1741051303085;4
11;1741051304552;8
0;1741051307612;2
5;1741051310489;5
3;1741051311909;9
5;1741051313045;6
10;1741051318783;9
4;1741051319144;6
3;1741051319407;10
10;1741051378331;10
4;1741051378569;7
10;1741051384423;11
1;1741051389938;11
1;1741051393597;12
10;1741051414046;12
7;1741051418013;6
12;1741051419517;4
10;1741051449896;13
10;1741051483328;14
2;1741051489944;7
3;1741051493892;11
7;1741051494985;7
3;1741051496326;12
7;1741051498358;8
12;1741051499206;5
4;1741051507649;8
7;1741051507666;9
10;1741051510464;15
10;1741051525953;16
10;1741051561267;17
0;1741051562994;3
13;1741051565170;4
16;1741051565234;5
2;1741051575292;8
2;1741051578373;9
3;1741051584804;13
1;1741051585136;13
12;1741051585260;6
5;1741051589163;7
18;1741051589347;4
0;1741051591778;4
3;1741051594658;14
5;1741051599216;8
5;1741051603844;9
3;1741051604088;15
10;1741051610362;18
14;1741051614297;5
7;1741051654614;10
3;1741051658706;16
10;1741051663838;19
10;1741051669211;20
10;1741051673926;21
1;1741051688348;14
3;1741051688371;17
0;1741051690803;5
0;1741051700170;6
3;1741051703384;18
7;1741051703556;11
5;1741051703705;10
1;1741051708004;15
8;1741051708756;5
10;1741051715506;22
5;1741051717186;11
2;1741051730495;10
17;1741051734888;4
5;1741051743466;12
5;1741051748941;13
5;1741051754405;14
2;1741051765055;11
3;1741051765295;19
7;1741051765327;12
14;1741051765432;6
17;1741051788814;5
17;1741051796075;6
15;1741051804233;3
0;1741051805465;7
9;1741051805508;2
18;1741051818801;5
2;1741051854441;12
1;1741051869264;16
1;1741051914846;17
3;1741051916267;20
0;1741051948487;8
1;1741051951088;18
0;1741051953628;9
12;1741051953973;7
17;1741051968948;7
5;1741051969800;15
7;1741051972480;13
10;1741051973068;23
4;1741051973108;9
5;1741051974628;16
1;1741051978908;19
3;1741051979104;21
5;1741051979680;17
17;1741051983469;8
12;1741051983935;8
1;1741051990668;20
8;1741051995147;6
3;1741051999177;22
1;1741052002972;21
0;1741052004993;10
6;1741052005313;4
4;1741052023408;10
0;1741052026214;11
10;1741052028150;24
1;1741052028806;22
5;1741052029101;18
1;1741052030992;23
16;1741052031568;6
7;1741052033716;14
8;1741052033948;7
1;1741052039074;24
3;1741052039090;23
5;1741052047934;19
1;1741052059751;25
7;1741052074287;15
4;1741052076027;11
9;1741052089542;3
0;1741052090262;12
4;1741052139508;12
2;1741052160469;13
1;1741052168938;26
3;1741052169162;24
8;1741052170160;8
8;1741052194898;9
3;1741052211720;25
8;1741052218508;10
1;1741052218924;27
18;1741052220728;6
14;1741052223365;7
18;1741052223585;7
8;1741052223722;11
11;1741052223962;9
4;1741052224058;13
1;1741052224779;28
7;1741052224810;16
3;1741052225290;26
8;1741052228504;12
8;1741052233394;13
7;1741052248681;17
17;1741052250809;9
14;1741052253366;8
7;1741052254086;18
8;1741052263515;14
3;1741052269401;27
5;1741052288969;20
3;1741052289241;28
3;1741052291701;29
0;1741052293312;13
4;1741052293893;14
0;1741052298946;14
1;1741052300963;29
0;1741052302273;15
7;1741052304017;19
0;1741052323507;16
14;1741052325395;9
0;1741052326460;17
17;1741052338878;10
17;1741052344075;11
4;1741052363832;15
3;1741052369742;30
7;1741052369865;20
1;1741052373161;30
3;1741052374260;31
1;1741052379016;31
7;1741052379668;21
3;1741052379736;32
1;1741052382261;32
5;1741052384320;21
3;1741052388403;33
7;1741052388624;22
4;1741052388864;16
7;1741052390972;23
14;1741052391121;10
12;1741052393916;9
9;1741052399705;4
8;1741052400697;15
3;1741052408145;34
14;1741052408241;11
15;1741052409201;4
7;1741052412976;24
14;1741052413976;12
5;1741052425434;22
7;1741052433906;25
0;1741052436098;18
10;1741052463751;25
17;1741052475343;12
10;1741052479341;26
3;1741052481049;35
7;1741052483896;26
1;1741052486144;33
7;1741052486180;27
3;1741052494083;36
3;1741052497959;37
1;1741052498066;34
4;1741052499121;17
5;1741052499569;23
1;1741052501580;35
3;1741052504768;38
10;1741052505120;27
14;1741052505476;13
5;1741052505520;24
17;1741052506779;13
7;1741052508292;28
10;1741052508635;28
4;1741052509003;18
3;1741052513319;39
4;1741052518320;19
8;1741052518855;16
10;1741052518919;29
5;1741052519751;25
1;1741052521797;36
5;1741052523802;26
0;1741052526784;19
10;1741052527024;30
1;1741052530352;37
7;1741052530383;29
4;1741052530624;20
2;1741052531070;14
4;1741052531198;21
1;1741052531646;38
10;1741052533358;31
12;1741052533876;10
5;1741052535182;27
1;1741052535931;39
6;1741052539003;5
7;1741052539595;30
1;1741052541099;40
4;1741052543979;22
14;1741052544347;14
1;1741052546057;41
2;1741052548305;15
1;1741052557012;42
12;1741052557796;11
2;1741052558868;16
7;1741052559348;31
1;1741052561217;43
14;1741052564993;15
14;1741052568367;16
8;1741052568879;17
6;1741052569615;6
6;1741052573165;7
7;1741052573197;32
8;1741052573648;18
5;1741052574664;28
3;1741052578778;40
1;1741052583288;44
7;1741052583608;33
10;1741052583716;32
3;1741052584456;41
12;1741052585480;12
1;1741052585956;45
10;1741052586102;33
14;1741052588052;17
7;1741052595505;34
4;1741052603300;23
3;1741052604186;42
18;1741052604756;8
1;1741052607274;46
10;1741052607306;34
5;1741052608202;29
4;1741052608410;24
3;1741052608506;43
0;1741052608682;20
8;1741052608810;19
8;1741052612532;20
0;1741052613108;21
11;1741052613797;10
5;1741052613908;30
17;1741052614516;14
15;1741052616286;5
0;1741052623902;22
0;1741052626009;23
3;1741052630153;44
14;1741052630596;18
4;1741052634176;25
2;1741052634325;17
3;1741052634800;45
11;1741052634880;11
1;1741052635349;47
0;1741052638528;24
10;1741052640357;35
7;1741052640389;35
4;1741052648140;26
10;1741052648445;36
16;1741052649676;7
0;1741052660960;25
8;1741052664752;21
1;1741052665952;48
0;1741052669424;26
0;1741052670994;27
5;1741052675196;31
2;1741052683010;18
9;1741052683158;5
13;1741052684288;5
6;1741052684624;8
4;1741052690952;27
5;1741052694524;32
2;1741052695676;19
3;1741052703296;46
7;1741052709458;36
10;1741052743809;37
1;1741052754856;49
1;1741052759685;50
1;1741052777488;51
10;1741052803500;38
10;1741052843555;39
13;1741052852046;6
4;1741052853966;28
7;1741052859995;37
6;1741052864159;9
8;1741052868135;22
4;1741052879186;29
4;1741052889038;30
0;1741052896935;28
4;1741052898784;31
13;1741052900182;7
8;1741052903366;23
4;1741052948940;32
17;1741052973678;15
3;1741053038655;47
4;1741053039023;33
4;1741053043725;34
7;1741053043789;38
3;1741053044125;48
15;1741053045773;6
4;1741053048076;35
14;1741053050187;19
7;1741053051321;39
4;1741053053193;36
8;1741053054233;24
2;1741053054297;20
7;1741053063154;40
15;1741053066095;7
7;1741053068207;41
12;1741053069855;13
1;1741053071678;52
2;1741053074392;21
4;1741053085020;37
4;1741053088727;38
0;1741053090937;29
4;1741053095048;39
2;1741053097332;22
1;1741053125971;53
1;1741053133777;54
14;1741053134940;20
0;1741053137687;30
4;1741053145595;40
10;1741053148124;40
7;1741053148771;42
0;1741053150988;31
9;1741053153845;6
0;1741053163927;32
0;1741053173088;33
1;1741053173520;55
14;1741053183473;21
1;1741053189501;56
0;1741053197460;34
2;1741053198340;23
14;1741053198617;22
2;1741053201820;24
2;1741053206113;25
1;1741053208657;57
1;1741053211002;58
0;1741053214362;35
5;1741053215540;33
2;1741053219985;26
8;1741053220038;25
2;1741053222358;27
2;1741053235689;28
18;1741053258287;9
1;1741053264862;59
8;1741053264958;26
5;1741053265598;34
8;1741053283638;27
7;1741053283670;43
3;1741053284400;49
2;1741053287363;29
0;1741053288915;36
4;1741053289837;41
0;1741053292878;37
2;1741053298074;30
4;1741053299162;42
4;1741053303610;43
18;1741053321772;10
7;1741053329481;44
10;1741053329513;41
3;1741053329577;50
2;1741053364344;31
4;1741053364576;44
7;1741053369884;45
4;1741053369906;45
0;1741053370556;38
9;1741053379483;7
9;1741053383924;8
4;1741053384168;46
7;1741053384200;46
0;1741053385096;39
14;1741053385400;23
18;1741053385492;11
4;1741053409082;47
2;1741053409834;32
9;1741053409979;9
4;1741053419300;48
11;1741053424349;12
4;1741053427887;49
18;1741053456523;12
16;1741053459412;8
0;1741053466132;40
17;1741053468932;16
5;1741053505676;35
4;1741053515527;50
7;1741053518112;47
8;1741053523614;28
9;1741053543773;10
5;1741053544621;36
13;1741053568968;8
7;1741053604914;48
3;1741053614728;51
3;1741053617970;52
11;1741053618546;13
7;1741053619474;49
2;1741053626919;33
7;1741053653532;50
1;1741053653716;60
0;1741053701028;41
8;1741053704699;29
10;1741053704954;42
3;1741053704986;53
4;1741053705028;51
7;1741053705050;51
1;1741053708112;61
8;1741053708856;30
7;1741053710994;52
1;1741053711068;62
3;1741053716670;54
7;1741053718012;53
8;1741053718541;31
1;1741053718893;63
7;1741053721115;54
1;1741053721205;64
10;1741053723755;43
3;1741053723899;55
4;1741053723931;52
1;1741053726009;65
8;1741053729945;32
7;1741053732937;55
1;1741053733065;66
8;1741053735939;33
17;1741053736131;17
1;1741053738429;67
3;1741053738501;56
7;1741053738852;56
1;1741053744175;68
4;1741053744207;53
3;1741053744303;57
3;1741053753481;58
12;1741053755064;14
4;1741053758102;54
1;1741053773020;69
4;1741053775913;55
7;1741053778041;57
8;1741053778148;34
14;1741053778628;24
0;1741053786035;42
1;1741053789026;70
10;1741053789475;44
0;1741053795102;43
5;1741053800106;37
3;1741053803541;59
7;1741053804134;58
8;1741053804885;35
17;1741053808883;18
8;1741053809644;36
3;1741053810019;60
1;1741053810052;71
14;1741053814944;25
0;1741053821544;44
1;1741053822743;72
3;1741053823687;61
0;1741053825936;45
4;1741053826020;56
12;1741053826052;15
6;1741053828612;10
3;1741053833410;62
1;1741053834130;73
4;1741053834226;57
15;1741053835186;8
4;1741053840736;58
3;1741053840768;63
4;1741053854520;59
10;1741053858160;45
14;1741053858419;26
14;1741053863688;27
5;1741053865357;38
4;1741053894808;60
1;1741053901504;74
2;1741053904927;34
1;1741053969270;75
4;1741053999095;61
1;1741054002277;76
1;1741054008002;77
2;1741054014480;35
0;1741054023468;46
4;1741054024276;62
1;1741054026388;78
13;1741054029140;9
10;1741054050260;46
4;1741054055184;63
4;1741054058660;64
1;1741054058691;79
16;1741054063071;9
0;1741054064703;47
14;1741054065087;28
1;1741054066527;80
0;1741054070216;48
1;1741054071213;81
4;1741054074616;65
17;1741054074752;19
0;1741054075052;49
4;1741054078426;66
1;1741054085302;82
6;1741054093003;11
17;1741054094459;20
16;1741054094596;10
12;1741054094612;16
1;1741054096379;83
16;1741054098651;11
8;1741054106320;37
0;1741054108449;50
5;1741054134480;39
0;1741054136612;51
5;1741054138986;40
6;1741054150267;12
1;1741054156520;84
0;1741054157560;52
0;1741054164353;53
5;1741054164417;41
1;1741054186664;85
7;1741054187986;59
0;1741054189783;54
1;1741054198156;86
11;1741054198668;14
17;1741054200348;21
8;1741054204784;38
1;1741054206965;87
4;1741054210533;67
9;1741054213648;11
0;1741054216747;55
2;1741054218356;36
2;1741054240648;37
0;1741054243628;56
12;1741054244056;17
6;1741054249416;13
16;1741054249799;12
11;1741054249863;15
12;1741054253205;18
9;1741054263888;12
2;1741054263920;38
7;1741054269165;60
1;1741054269752;88
1;1741054271109;89
4;1741054271513;68
14;1741054273344;29
10;1741054274072;47
1;1741054276196;90
12;1741054281040;19
1;1741054281184;91
8;1741054283712;39
13;1741054284012;10
5;1741054284328;42
5;1741054286655;43
10;1741054288941;48
7;1741054289294;61
4;1741054301332;69
0;1741054305444;57
0;1741054308960;58
10;1741054310032;49
0;1741054314384;59
6;1741054314416;14
10;1741054319464;50
8;1741054319720;40
4;1741054326730;70
1;1741054331726;92
4;1741054335351;71
14;1741054344305;30
10;1741054348888;51
5;1741054353899;44
8;1741054355764;41
8;1741054356443;42
2;1741054359017;39
4;1741054359097;72
16;1741054363398;13
4;1741054363670;73
2;1741054376159;40
4;1741054381018;74
10;1741054383766;52
9;1741054391120;13
2;1741054392852;41
4;1741054393684;75
11;1741054398879;16
2;1741054399758;42
8;1741054400238;43
1;1741054400521;93
10;1741054400558;53
7;1741054400632;62
4;1741054403291;76
17;1741054403924;22
9;1741054404762;14
1;1741054406842;94
2;1741054413507;43
15;1741054416095;9
4;1741054418104;77
4;1741054431190;78
6;1741054454637;15
4;1741054458042;79
0;1741054458666;60
7;1741054459050;63
2;1741054462004;44
4;1741054463625;80
7;1741054464073;64
10;1741054466086;54
4;1741054466325;81
2;1741054468064;45
7;1741054468662;65
14;1741054470021;31
6;1741054491280;16
5;1741054494342;45
1;1741054494902;95
4;1741054498274;82
6;1741054498383;17
9;1741054509133;15
4;1741054523577;83
15;1741054529624;10
4;1741054535778;84
7;1741054543880;66
15;1741054550404;11
12;1741054550603;20
7;1741054553099;67
4;1741054553435;85
11;1741054553604;17
18;1741054553696;13
13;1741054554027;11
1;1741054554779;96
4;1741054558439;86
2;1741054561139;46
7;1741054583878;68
18;1741054599309;14
10;1741054600444;55
2;1741054600680;47
18;1741054603814;15
2;1741054608892;48
9;1741054613262;16
11;1741054614616;18
2;1741054617980;49
12;1741054623352;21
10;1741054628583;56
1;1741054629159;97
1;1741054632852;98
4;1741054633620;87
4;1741054645583;88
4;1741054660198;89
1;1741054662996;99
1;1741054667347;100
2;1741054668851;50
2;1741054678747;51
10;1741054679083;57
12;1741054679900;22
7;1741054683175;69
4;1741054683656;90
1;1741054683832;101
8;1741054684215;44
13;1741054685687;12
16;1741054685760;14
6;1741054688580;18
6;1741054691042;19
4;1741054693522;91
11;1741054693652;19
6;1741054696897;20
7;1741054698428;70
10;1741054699537;58
6;1741054704095;21
18;1741054705230;16
4;1741054709198;92
1;1741054709383;102
2;1741054709806;52
8;1741054710286;45
0;1741054710360;61
16;1741054710398;15
1;1741054716022;103
8;1741054718726;46
14;1741054718822;32
14;1741054721204;33
10;1741054723108;59
18;1741054723695;17
1;1741054723940;104
8;1741054724100;47
5;1741054724164;46
14;1741054727216;34
4;1741054728416;93
18;1741054728992;18
15;1741054733996;12
1;1741054734236;105
1;1741054736075;106
4;1741054749110;94
10;1741054758863;60
2;1741054763966;53
2;1741054768746;54
2;1741054773335;55
0;1741054776068;62
2;1741054779164;56
9;1741054779187;17
14;1741054784657;35
1;1741054787724;107
10;1741054788413;61
1;1741054797831;108
1;1741054803604;109
18;1741054804020;19
2;1741054804052;57
10;1741054804260;62
4;1741054808192;95
10;1741054808400;63
18;1741054808612;20
1;1741054813213;110
4;1741054813584;96
7;1741054813757;71
16;1741054815581;16
8;1741054819418;48
4;1741054828932;97
2;1741054833715;58
10;1741054834739;64
1;1741054850107;111
1;1741054854503;112
0;1741054857415;63
10;1741054866896;65
4;1741054867072;98
4;1741054876539;99
10;1741054878939;66
1;1741054881463;113
3;1741054894879;64
4;1741054916288;100
0;1741054917868;64
10;1741054928331;67
4;1741054933349;101
10;1741054934461;68
3;1741054935953;65
3;1741054946244;66
4;1741054948235;102
10;1741054948380;69
10;1741054958211;70
3;1741054965992;67
10;1741054969101;71
4;1741054970749;103
3;1741054977156;68
4;1741054999726;104
7;1741054999864;72
6;1741055000398;22
3;1741055003419;69
1;1741055010744;114
9;1741055015381;18
0;1741055018728;65
8;1741055019868;49
1;1741055027082;115
4;1741055027690;105
3;1741055028228;70
0;1741055029242;66
6;1741055029274;23
1;1741055033576;116
4;1741055033927;106
3;1741055038785;71
1;1741055043932;117
10;1741055044374;72
10;1741055048498;73
1;1741055048818;118
10;1741055080649;74
4;1741055090645;107
1;1741055091458;119
10;1741055092083;75
10;1741055098672;76
10;1741055103198;77
16;1741055105182;17
8;1741055108217;50
1;1741055118659;120
4;1741055119331;108
10;1741055120381;78
3;1741055120643;72
1;1741055121071;121
3;1741055123407;73
1;1741055126184;122
7;1741055126319;73
1;1741055131036;123
8;1741055131212;51
17;1741055133403;23
16;1741055134636;18
2;1741055134668;59
3;1741055135931;74
0;1741055137194;67
2;1741055137963;60
1;1741055138201;124
4;1741055138747;109
7;1741055138779;74
18;1741055139435;21
3;1741055141303;75
1;1741055141687;125
2;1741055141783;61
10;1741055142951;79
3;1741055148002;76
11;1741055148483;20
10;1741055148572;80
8;1741055149474;52
1;1741055151027;126
7;1741055152978;75
3;1741055153148;77
4;1741055153586;110
16;1741055153826;19
2;1741055153970;62
12;1741055159438;23
7;1741055163465;76
1;1741055175233;127
10;1741055175265;81
3;1741055193763;78
4;1741055198866;111
8;1741055199138;53
6;1741055210954;24
4;1741055213908;112
3;1741055218678;79
4;1741055218736;113
10;1741055234029;82
7;1741055235677;77
1;1741055237693;128
4;1741055245016;114
8;1741055246214;54
4;1741055248886;115
4;1741055251261;116
1;1741055253888;129
1;1741055256727;130
10;1741055258337;83
2;1741055268827;63
1;1741055269547;131
3;1741055269604;80
4;1741055269621;117
17;1741055271223;24
1;1741055304433;132
3;1741055304641;81
3;1741055319031;82
9;1741055338927;19
10;1741055343739;84
9;1741055349080;20
1;1741055363623;133
10;1741055368152;85
7;1741055379652;78
8;1741055379673;55
3;1741055379833;83
1;1741055379849;134
10;1741055386737;86
4;1741055399066;118
10;1741055399772;87
3;1741055414864;84
12;1741055428360;24
17;1741055428864;25
1;1741055436469;135
1;1741055483368;136
0;1741055491125;68
2;1741055499683;64
6;1741055529180;25
14;1741055548515;36
12;1741055548788;25
4;1741055553313;119
1;1741055553473;137
2;1741055559855;65
4;1741055564637;120
2;1741055566320;66
4;1741055568653;121
4;1741055573432;122
3;1741055621721;85
1;1741055623108;138
8;1741055624713;56
1;1741055627184;139
8;1741055628645;57
8;1741055634562;58
10;1741055638977;88
1;1741055641325;140
3;1741055641677;86
7;1741055646217;79
1;1741055653812;141
3;1741055660604;87
13;1741055660736;13
14;1741055665349;37
3;1741055671675;88
3;1741055678075;89
1;1741055678795;142
7;1741055688247;80
1;1741055721016;143
18;1741055728952;22
1;1741055729261;144
2;1741055733804;67
0;1741055736505;69
3;1741055737290;90
1;1741055741444;145
4;1741055743976;123
2;1741055744696;68
1;1741055755026;146
1;1741055755937;147
7;1741055758617;81
4;1741055758849;124
1;1741055760952;148
7;1741055761112;82
17;1741055763613;26
7;1741055768071;83
10;1741055768632;89
2;1741055768700;69
1;1741055778005;149
10;1741055779392;90
2;1741055787368;70
4;1741055789983;125
18;1741055790632;23
10;1741055790767;91
4;1741055833764;126
9;1741055849026;21
4;1741055865772;127
9;1741055893510;22
18;1741055894354;24
4;1741055909865;128
0;1741055929274;70
4;1741055937621;129
4;1741055954813;130
3;1741055964944;91
3;1741055966658;92
18;1741055970161;25
9;1741056029675;23
18;1741056030007;26
16;1741056035285;20
10;1741056046252;92
0;1741056047672;71
12;1741056083159;26
6;1741056083208;26
7;1741056088611;84
4;1741056110801;131
4;1741056158634;132
2;1741056164007;71
8;1741056164247;59
1;1741056164375;150
7;1741056164455;85
4;1741056165996;133
2;1741056169203;72
10;1741056184394;93
1;1741056188821;151
2;1741056190741;73
10;1741056198971;94
5;1741056199378;47
3;1741056202957;93
4;1741056218633;134
10;1741056219833;95
2;1741056228537;74
16;1741056228993;21
7;1741056231554;86
7;1741056240700;87
5;1741056243914;48
10;1741056259105;96
1;1741056269646;152
0;1741056270152;72
9;1741056274596;24
2;1741056274628;75
10;1741056275172;97
7;1741056275195;88
8;1741056275556;60
4;1741056278354;135
7;1741056279074;89
10;1741056281774;98
3;1741056282190;94
11;1741056285134;21
1;1741056286669;153
11;1741056288556;22
8;1741056289724;61
0;1741056311049;73
4;1741056312515;136
12;1741056313571;27
1;1741056329872;154
4;1741056359926;137
7;1741056360209;90
4;1741056408836;138
1;1741056411250;155
0;1741056414754;74
4;1741056416080;139
10;1741056418928;99
3;1741056426891;95
1;1741056431243;156
8;1741056432085;62
8;1741056436280;63
1;1741056476792;157
2;1741056523146;76
5;1741056525434;49
12;1741056568752;28
10;1741056588728;100
12;1741056605451;29
4;1741056613191;140
1;1741056613319;158
1;1741056621726;159
7;1741056621758;91
9;1741056624158;25
1;1741056629534;160
7;1741056630430;92
4;1741056630526;141
1;1741056631066;161
7;1741056631482;93
4;1741056635529;142
10;1741056637910;101
10;1741056641876;102
4;1741056644900;143
7;1741056644932;94
10;1741056653293;103
7;1741056655114;95
1;1741056670993;162
2;1741056680051;77
3;1741056683367;96
16;1741056683975;22
8;1741056693185;64
0;1741056693361;75
6;1741056693569;27
9;1741056703242;26
9;1741056715011;27
2;1741056742190;78
0;1741056755784;76
14;1741056763237;38
10;1741056783450;104
3;1741056783562;97
5;1741056785722;50
1;1741056786295;163
7;1741056792005;96
17;1741056803410;27
14;1741056804226;39
5;1741056806210;51
17;1741056808612;28
12;1741056810194;30
1;1741056843777;164
0;1741056864537;77
17;1741056867096;29
17;1741056883644;30
12;1741056883944;31
6;1741056883959;28
1;1741056889466;165
3;1741056889684;98
6;1741056891030;29
12;1741056891414;32
3;1741056893772;99
18;1741056894806;27
1;1741056899462;166
17;1741056929452;31
6;1741056929553;30
1;1741056929697;167
4;1741056930545;144
10;1741056930790;105
8;1741056930817;65
3;1741056935261;100
7;1741056935341;97
4;1741056939880;145
4;1741056941225;146
4;1741056947968;147
18;1741056949190;28
12;1741056958098;33
4;1741056968076;148
1;1741056976006;168
10;1741056979366;106
2;1741056984704;79
3;1741056985100;101
8;1741057002064;66
10;1741057018578;107
0;1741057025328;78
6;1741057025632;31
0;1741057027308;79
3;1741057029980;102
4;1741057030139;149
18;1741057063588;29
12;1741057063828;34
7;1741057064100;98
8;1741057064156;67
3;1741057069023;103
12;1741057069711;35
5;1741057073996;52
16;1741057074812;23
8;1741057077066;68
1;1741057077098;169
18;1741057078650;30
5;1741057082261;53
2;1741057082837;80
14;1741057084901;40
2;1741057087985;81
3;1741057089073;104
4;1741057089116;150
1;1741057090001;170
2;1741057091472;82
1;1741057093824;171
10;1741057098684;108
1;1741057109472;172
3;1741057112578;105
4;1741057112610;151
7;1741057112642;99
1;1741057162887;173
1;1741057168700;174
12;1741057168852;36
7;1741057170532;100
3;1741057173027;106
8;1741057175075;69
10;1741057190027;109
7;1741057213375;101
6;1741057214158;32
4;1741057218792;152
8;1741057218984;70
4;1741057225388;153
10;1741057233828;110
10;1741057239542;111
10;1741057246323;112
6;1741057248722;33
4;1741057254192;154
1;1741057254851;175
10;1741057258175;113
8;1741057258335;71
0;1741057259800;80
3;1741057264715;107
3;1741057271845;108
2;1741057292712;83
14;1741057310689;41
6;1741057313349;34
9;1741057319403;28
7;1741057329460;102
4;1741057333521;155
5;1741057333936;54
0;1741057337412;81
2;1741057340025;84
8;1741057340644;72
8;1741057343375;73
18;1741057361146;31
11;1741057362250;23
14;1741057363450;42
8;1741057363776;74
0;1741057363899;82
3;1741057364202;109
8;1741057365974;75
1;1741057370150;176
3;1741057378797;110
8;1741057383864;76
2;1741057384888;85
1;1741057385064;177
4;1741057397051;156
7;1741090683435;103
14;1741090758446;43
1;1741090761652;178
0;1741090780654;83
4;1741090795184;157
1;1741090798641;179
5;1741090804494;55
8;1741090829773;77
2;1741090838393;86
2;1741090846708;87
13;1741090848755;14
9;1741090860805;29
8;1741090866103;78
18;1741090866743;32
6;1741090869623;35
7;1741090879056;104
7;1741090883125;105
8;1741090888966;79
7;1741090894608;106
5;1741090895091;56
3;1741090897998;111
0;1741090900670;84
0;1741090913856;85
7;1741090920395;107
4;1741090923518;158
3;1741090923880;112
7;1741090923944;108
4;1741090928008;159
6;1741090928160;36
3;1741090928950;113
3;1741090931025;114
4;1741090933676;160
3;1741090936044;115
4;1741090938828;161
3;1741090943786;116
4;1741090943828;162
3;1741090945956;117
6;1741090948372;37
4;1741090948688;163
7;1741090948708;109
4;1741090953455;164
3;1741090953839;118
7;1741090958764;110
1;1741090959676;180
3;1741090959723;119
7;1741090963545;111
7;1741090966160;112
4;1741090972952;165
6;1741090983374;38
1;1741090984793;181
4;1741090984825;166
1;1741090985975;182
6;1741090987895;39
3;1741090988176;120
4;1741090989671;167
1;1741090992150;183
3;1741090992182;121
6;1741090993152;40
1;1741090995937;184
7;1741090996033;113
1;1741091000976;185
6;1741091003049;41
3;1741091003865;122
1;1741091005945;186
6;1741091006025;42
0;1741091010089;86
2;1741091010132;88
7;1741091014915;114
1;1741091015404;187
3;1741091015427;123
4;1741091015644;168
1;1741091015948;188
7;1741091015997;115
1;1741091020953;189
7;1741091023380;116
6;1741091023929;43
3;1741091028279;124
6;1741091028343;44
1;1741091028672;190
4;1741091028886;169
3;1741091031041;125
7;1741091031289;117
1;1741091031377;191
4;1741091031409;170
6;1741091033825;45
1;1741091036108;192
1;1741091040962;193
4;1741091043355;171
1;1741091046056;194
6;1741091048160;46
4;1741091048593;172
3;1741091048726;126
1;1741091050979;195
3;1741091053683;127
7;1741091054172;118
4;1741091055155;173
1;1741091055955;196
6;1741091060259;47
7;1741091061088;119
1;1741091061968;197
4;1741091063404;174
6;1741091063520;48
6;1741091065995;49
1;1741091066107;198
3;1741091069256;128
7;1741091071133;120
6;1741091071161;50
1;1741091071300;199
3;1741091071668;129
4;1741091071876;175
7;1741091076238;121
6;1741091076257;51
3;1741091077825;130
4;1741091078144;176
1;1741091078241;200
12;1741091079681;37
7;1741091081070;122
1;1741091081118;201
6;1741091083061;52
4;1741091084494;177
3;1741091084514;131
1;1741091086014;202
7;1741091089742;123
1;1741091093372;203
6;1741091094300;53
7;1741091094843;124
4;1741091094908;178
1;1741091096052;204
7;1741091098777;125
4;1741091099257;179
6;1741091100313;54
1;1741091100954;205
4;1741091103155;180
3;1741091103427;132
7;1741091103795;126
1;1741091106015;206
4;1741091106079;181
6;1741091108383;55
1;1741091111036;207
4;1741091113165;182
7;1741091113853;127
1;1741091115948;208
7;1741091118800;128
6;1741091118868;56
0;1741091120732;87
1;1741091121184;209
7;1741091121303;129
4;1741091123879;183
1;1741091125998;210
4;1741091128805;184
6;1741091129014;57
7;1741091129408;130
1;1741091131025;211
4;1741091133332;185
6;1741091133585;58
7;1741091135927;131
1;1741091136321;212
6;1741091136396;59
4;1741091136460;186
1;1741091141000;213
6;1741091141320;60
4;1741091143064;187
7;1741091144055;132
1;1741091146132;214
6;1741091148388;61
1;1741091150991;215
4;1741091153103;188
6;1741091153727;62
1;1741091155961;216
6;1741091159546;63
2;1741091160666;89
7;1741091160756;133
1;1741091160967;217
0;1741091334150;88
6;1741091334790;64
7;1741091335174;134
12;1741091338322;38
4;1741091343185;189
0;1741091343436;89
12;1741091343969;39
18;1741091346904;33
4;1741091348309;190
7;1741091349036;135
0;1741091349555;90
1;1741091354599;218
4;1741091354632;191
6;1741091363907;65
7;1741091364419;136
12;1741091365235;40
0;1741091366129;91
12;1741091368655;41
6;1741091368741;66
9;1741091370095;30
0;1741091371596;92
4;1741091373724;192
14;1741091374956;44
0;1741091376938;93
1;1741091381211;219
4;1741091383514;193
14;1741091384025;45
14;1741091390268;46
2;1741091390338;90
2;1741091393358;91
16;1741091393390;24
9;1741091393790;31
13;1741091394184;15
1;1741091396702;220
4;1741091399048;194
1;1741091401114;221
1;1741091406151;222
8;1741091408887;80
1;1741091410983;223
8;1741091411191;81
4;1741091413959;195
1;1741091416245;224
7;1741091423412;137
7;1741091428464;138
1;1741091444770;225
3;1741091446061;133
4;1741091448817;196
4;1741091454136;197
3;1741091454488;134
3;1741091455974;135
2;1741091460978;92
7;1741091466477;139
2;1741091467852;93
2;1741091470892;94
7;1741091473644;140
2;1741091475948;95
4;1741091478664;198
3;1741091488338;136
4;1741091488412;199
2;1741091490130;96
16;1741091490380;25
2;1741091491182;97
16;1741091491214;26
4;1741091494366;200
2;1741091496028;98
16;1741091496062;27
3;1741091498250;137
4;1741091498493;201
0;1741091501368;94
2;1741091504184;99
4;1741091504216;202
3;1741091508148;138
3;1741091511186;139
6;1741091511228;67
13;1741091513444;16
3;1741091517592;140
9;1741091518605;32
17;1741091519261;32
9;1741091521095;33
3;1741091521159;141
17;1741091521744;33
4;1741091523920;203
3;1741091526226;142
17;1741091527282;34
9;1741091529055;34
3;1741091531037;143
6;1741091533101;68
9;1741091533404;35
3;1741091536171;144
17;1741091537015;35
4;1741091538235;204
6;1741091540091;69
6;1741091543799;70
17;1741091546164;36
3;1741091549475;145
4;1741091549522;205
3;1741091550992;146
6;1741091552832;71
13;1741091553136;17
17;1741091553792;37
7;1741091558620;141
6;1741091559132;72
17;1741091559208;38
13;1741091559340;18
3;1741091561072;147
6;1741091561594;73
17;1741091562762;39
7;1741091562890;142
9;1741091563162;36
13;1741091563412;19
4;1741091563466;206
9;1741091566041;37
3;1741091566112;148
13;1741091568541;20
17;1741091569161;40
4;1741091569433;207
0;1741091569800;95
0;1741091572882;96
2;1741091573906;100
3;1741091575794;149
6;1741091579617;74
13;1741091579649;21
9;1741091580077;38
17;1741091580401;41
6;1741091583101;75
17;1741091584301;42
7;1741091584925;143
3;1741091585946;150
7;1741091586042;144
6;1741091588106;76
4;1741091588308;208
13;1741091590707;22
6;1741091591146;77
3;1741091591252;151
13;1741091591562;23
4;1741091593668;209
7;1741091593690;145
7;1741091596176;146
6;1741091600629;78
0;1741091605679;97
4;1741091608289;210
3;1741091608863;152
14;1741091609695;47
4;1741091615131;211
3;1741091615163;153
7;1741091616119;147
3;1741091616455;154
17;1741091618822;43
6;1741091625408;79
9;1741091625493;39
3;1741091625945;155
9;1741091626150;40
17;1741091629043;44
17;1741091631472;45
4;1741091636283;212
3;1741091637772;156
9;1741091638380;41
3;1741091640952;157
13;1741091641680;24
4;1741091644983;213
3;1741091646005;158
7;1741091646181;148
3;1741091650948;159
7;1741091653788;149
4;1741091654339;214
3;1741091656302;160
7;1741091656334;150
17;1741091658734;46
4;1741091658814;215
13;1741091658942;25
3;1741091661049;161
13;1741091661780;26
6;1741091663145;80
4;1741091663450;216
17;1741091663897;47
0;1741091664969;98
6;1741091665960;81
3;1741091666024;162
3;1741091670952;163
7;1741091671012;151
4;1741091673139;217
14;1741091679431;48
3;1741091680943;164
9;1741091680982;42
17;1741091681647;48
4;1741091695637;218
4;1741091698755;219
1;1741091700955;226
1;1741091731839;227
9;1741091734751;43
3;1741091736440;165
7;1741091737955;152
15;1741091738517;13
8;1741091739120;82
3;1741091742169;166
1;1741091743321;228
4;1741091744610;220
1;1741091759407;229
1;1741091768029;230
3;1741091769466;167
10;1741091781114;114
3;1741091782114;168
7;1741091783458;153
4;1741091784082;221
1;1741091786315;231
6;1741091792014;82
10;1741091804452;115
10;1741091811059;116
0;1741091813299;99
0;1741091818945;100
0;1741091821837;101
10;1741091823681;117
7;1741091849396;154
1;1741091858379;232
4;1741091863319;222
7;1741091868859;155
1;1741091868948;233
0;1741091871249;102
0;1741091876108;103
7;1741091876540;156
1;1741091884584;234
8;1741091884616;83
1;1741091885989;235
8;1741091888192;84
10;1741091888864;118
7;1741091889781;157
6;1741091890117;83
7;1741091893713;158
4;1741091893857;223
1;1741091894609;236
10;1741091894641;119
1;1741091896780;237
0;1741091899324;104
4;1741091902955;224
3;1741091906055;169
10;1741091908871;120
8;1741091913315;85
10;1741091913539;121
0;1741091916259;105
10;1741091918610;122
6;1741091918988;84
7;1741091919090;159
17;1741091920226;49
7;1741091922030;160
3;1741091929896;170
1;1741091930488;238
4;1741091933316;225
1;1741091934008;239
0;1741091935000;106
1;1741091936342;240
4;1741091939349;226
3;1741091939893;171
7;1741091941877;161
1;1741091944629;241
8;1741091945269;86
4;1741091946625;227
10;1741091948897;123
0;1741091952047;107
1;1741091956379;242
10;1741091959387;124
10;1741091964153;125
6;1741091965321;85
7;1741091965481;162
8;1741091974244;87
0;1741091977601;108
3;1741091979468;172
1;1741091979489;243
1;1741091986317;244
0;1741091986669;109
10;1741091988520;126
1;1741091991148;245
7;1741091993412;163
17;1741092006788;50
4;1741092008500;228
7;1741092008916;164
3;1741092009492;173
13;1741092010356;27
3;1741092014209;174
4;1741092026311;229
10;1741092029639;127
17;1741092030807;51
1;1741092030974;246
18;1741092039041;34
18;1741092041165;35
4;1741092048797;230
4;1741092053577;231
8;1741092054537;88
3;1741092054557;175
16;1741092055193;28
3;1741092060263;176
8;1741092063813;89
1;1741092066440;247
10;1741092089656;128
8;1741092098660;90
8;1741092102968;91
6;1741092115266;86
1;1741092121038;248
9;1741092121070;44
2;1741092123853;101
18;1741092124573;36
3;1741092128396;177
18;1741092131449;37
2;1741092134633;102
1;1741092134938;249
10;1741092159144;129
7;1741092167973;165
1;1741092168293;250
8;1741092168508;92
16;1741092169253;29
18;1741092169316;38
0;1741092170981;110
5;1741092172324;57
8;1741092173198;93
16;1741092173860;30
14;1741092174356;49
11;1741092176080;24
0;1741092177968;111
17;1741092178208;52
5;1741092178416;58
0;1741092181871;112
1;1741092191576;251
7;1741092191656;166
0;1741092192376;113
8;1741092193188;94
10;1741092193469;130
5;1741092195258;59
0;1741092195976;114
3;1741092196052;178
8;1741092198058;95
14;1741092198776;50
4;1741092198884;232
4;1741092202116;233
3;1741092205411;179
1;1741092210447;252
7;1741092210479;167
10;1741092210607;131
16;1741092218924;31
4;1741092219164;234
10;1741092221531;132
9;1741092222964;45
4;1741092223211;235
1;1741092223899;253
7;1741092223931;168
8;1741092223988;96
0;1741092224715;115
10;1741092228158;133
1;1741092228278;254
15;1741092228375;14
14;1741092234836;51
10;1741092235008;134
3;1741092241167;180
3;1741092255228;181
14;1741092255668;52
11;1741092274644;25
3;1741092278770;182
1;1741092284529;255
8;1741092288393;97
7;1741092288700;169
18;1741092291497;39
10;1741092298520;135
3;1741092298710;183
14;1741092299174;53
1;1741092301155;256
0;1741092301523;116
14;1741092303956;54
18;1741092304259;40
1;1741092307791;257
3;1741092308223;184
10;1741092312910;136
1;1741092313294;258
1;1741092318554;259
10;1741092318938;137
8;1741092352556;98
16;1741092365561;32
10;1741092376623;138
10;1741092383101;139
2;1741092384301;103
11;1741092388267;26
10;1741092388904;140
3;1741092390676;185
14;1741092390698;55
10;1741092395362;141
2;1741092398607;104
14;1741092398712;56
10;1741092398814;142
14;1741092404605;57
10;1741092404877;143
2;1741092405783;105
8;1741092413907;99
10;1741092418591;144
14;1741092424094;58
1;1741092425054;260
6;1741092434294;87
1;1741092434422;261
4;1741092438083;236
9;1741092438163;46
8;1741092439939;100
14;1741092463421;59
4;1741092464976;237
14;1741092473326;60
10;1741092481896;145
2;1741092485096;106
1;1741092486214;262
2;1741092491220;107
7;1741092493028;170
14;1741092493204;61
8;1741092494468;101
2;1741092496544;108
7;1741092499088;171
8;1741092499324;102
10;1741092500956;146
4;1741092504523;238
2;1741092507531;109
14;1741092508029;62
0;1741092508764;117
8;1741092508794;103
14;1741092514262;63
7;1741092530410;172
1;1741092533446;263
5;1741092535062;60
9;1741092538328;47
4;1741092538578;239
18;1741092538610;41
13;1741092543440;28
10;1741092553300;147
4;1741092554220;240
9;1741092556208;48
3;1741092558550;186
7;1741092558598;173
4;1741092558862;241
1;1741092560949;264
4;1741092563198;242
6;1741092563829;88
10;1741092563893;148
4;1741092568482;243
8;1741092568577;104
10;1741092568897;149
6;1741092571311;89
14;1741092571359;64
4;1741092571903;244
8;1741092571935;105
1;1741092573533;265
7;1741092573576;174
3;1741092574431;187
5;1741092575055;61
2;1741092575503;110
8;1741092576527;106
2;1741092576799;111
10;1741092578515;150
1;1741092579199;266
14;1741092581188;65
2;1741092583163;112
1;1741092584059;267
2;1741092588600;113
3;1741092588839;188
10;1741092595061;151
1;1741092603609;268
1;1741092610488;269
17;1741092616882;53
1;1741092619921;270
3;1741092624892;189
5;1741092630011;62
13;1741092631032;29
0;1741092635584;118
10;1741092638896;152
4;1741092639975;245
16;1741092644668;33
4;1741092648775;246
0;1741092664533;119
1;1741092669043;271
12;1741092670242;42
4;1741092674526;247
3;1741092688403;190
5;1741092688821;63
3;1741092693940;191
14;1741092693984;66
5;1741092700174;64
10;1741092703340;153
3;1741092714322;192
18;1741092714412;42
6;1741092725166;90
0;1741092725180;120
10;1741092732965;154
0;1741092734613;121
5;1741092739033;65
11;1741092745552;27
4;1741092763268;248
7;1741092764272;175
7;1741092768890;176
1;1741092768926;272
0;1741092777310;122
9;1741092777342;49
18;1741092778717;43
11;1741092780014;28
1;1741092780964;273
4;1741092781034;249
10;1741092783258;155
1;1741092787013;274
4;1741092787909;250
1;1741092791059;275
1;1741092802245;276
10;1741092803260;156
11;1741092804312;29
10;1741092808061;157
3;1741092817362;193
7;1741092819377;177
8;1741092820673;107
1;1741092821185;277
7;1741092823409;178
3;1741092829228;194
8;1741092829468;108
4;1741092829499;251
5;1741092829884;66
3;1741092835626;195
7;1741092835689;179
0;1741092835770;123
1;1741092841521;278
10;1741092880094;158
9;1741092880750;50
5;1741092888471;67
8;1741092888508;109
4;1741092889015;252
1;1741092895799;279
4;1741092903275;253
8;1741092923095;110
4;1741092933957;254
14;1741092945413;67
4;1741092958399;255
14;1741092958531;68
1;1741093021299;280
1;1741093028410;281
3;1741093033494;196
16;1741093035621;34
13;1741093035685;30
7;1741093038092;180
11;1741093038210;30
13;1741093043250;31
10;1741093043554;159
12;1741093043868;43
3;1741093046047;197
15;1741093048623;15
11;1741093049135;31
10;1741093049288;160
1;1741093050944;282
4;1741093053998;256
16;1741093054206;35
14;1741093054270;69
1;1741093056012;283
16;1741093058558;36
2;1741093058652;114
1;1741093060971;284
8;1741093063755;111
3;1741093063915;198
1;1741093065943;285
1;1741093070932;286
3;1741093071092;199
11;1741093073188;32
14;1741093073460;70
17;1741093074032;54
10;1741093074388;161
1;1741093075956;287
8;1741093076151;112
3;1741093078260;200
15;1741093078708;16
1;1741093081744;288
2;1741093088664;115
1;1741093096083;289
2;1741093103365;116
1;1741093103637;290
10;1741093108531;162
2;1741093111024;117
1;1741093115613;291
1;1741093124756;292
7;1741093138428;181
12;1741093139104;44
1;1741093140936;293
3;1741093141352;201
11;1741093143208;33
8;1741093150508;113
8;1741093154108;114
10;1741093163064;163
13;1741093164816;32
12;1741093168617;45
14;1741093168643;71
16;1741093168800;37
13;1741093168825;33
1;1741093171344;294
10;1741093173957;164
12;1741093179426;46
2;1741093181251;118
1;1741093181603;295
16;1741093184947;38
2;1741093199386;119
10;1741093200954;165
7;1741093203018;182
9;1741093203380;51
1;1741093207014;296
1;1741093218898;297
1;1741093233136;298
4;1741093238546;257
1;1741093241124;299
7;1741093250128;183
10;1741093250256;166
4;1741093250400;258
1;1741093253583;300
12;1741093254896;47
10;1741093279106;167
5;1741093280546;68
1;1741093283215;301
4;1741093294452;259
0;1741093295226;124
13;1741093295322;34
9;1741093295706;52
0;1741093296100;125
9;1741093298883;53
10;1741093313723;168
14;1741093323206;72
10;1741093330801;169
7;1741093338189;184
14;1741093338456;73
2;1741093340269;120
1;1741093341736;302
3;1741093343417;202
7;1741093346342;185
1;1741093348474;303
8;1741093348646;115
14;1741093354882;74
3;1741093356602;203
4;1741093358281;260
1;1741093358410;304
8;1741093358729;116
8;1741093361879;117
10;1741093363072;170
1;1741093363271;305
4;1741093363864;261
12;1741093368934;48
3;1741093369910;204
4;1741093370262;262
7;1741093370294;186
7;1741093374556;187
8;1741093374570;118
2;1741093376716;121
3;1741093377132;205
16;1741093377987;39
14;1741093383257;75
3;1741093384420;206
8;1741093389001;119
1;1741093389081;306
3;1741093389145;207
6;1741093390260;91
1;1741093391045;307
2;1741093398340;122
10;1741093398426;171
7;1741093398900;188
8;1741093400052;120
14;1741093400644;76
1;1741093403297;308
14;1741093404108;77
8;1741093405456;121
1;1741093406091;309
7;1741093408907;189
10;1741093418064;172
1;1741093421340;310
7;1741093421634;190
14;1741093428816;78
4;1741093433036;263
10;1741093433196;173
4;1741093441159;264
2;1741093442983;123
3;1741093446866;208
14;1741093452257;79
10;1741093453441;174
7;1741093461867;191
0;1741093465082;126
14;1741093504001;80
13;1741093523157;35
7;1741093533672;192
2;1741093540056;124
14;1741093544325;81
5;1741093545504;69
1;1741093546967;311
0;1741093548018;127
10;1741093548434;175
6;1741093548819;92
3;1741093551070;209
0;1741093551774;128
4;1741093553694;265
13;1741093553726;36
1;1741093555949;312
5;1741093556669;70
7;1741093558205;193
13;1741093558557;37
14;1741093564135;82
18;1741093572907;44
1;1741093575099;313
18;1741093578249;45
14;1741093578649;83
18;1741093583413;46
10;1741093585540;176
18;1741093590440;47
10;1741093596140;177
1;1741093612004;314
10;1741093635367;178
10;1741093639347;179
14;1741093639571;84
5;1741093648737;71
10;1741093648840;180
4;1741093656774;266
1;1741093658870;315
13;1741093661205;38
13;1741093668657;39
1;1741093670444;316
1;1741093672172;317
18;1741093675596;48
14;1741093679168;85
7;1741093679194;194
13;1741093679226;40
1;1741093683492;318
3;1741093683732;210
10;1741093688319;181
1;1741093703316;319
2;1741093703335;125
2;1741093707120;126
4;1741093708295;267
1;1741093708599;320
10;1741093708661;182
14;1741093718567;86
18;1741093718844;49
14;1741093728375;87
10;1741093733760;183
5;1741093738355;72
3;1741093739079;211
9;1741093741647;54
16;1741093741679;40
14;1741093752968;88
2;1741093771590;127
1;1741093772992;321
11;1741093783598;34
14;1741093783774;89
10;1741093794105;184
1;1741093821286;322
10;1741093833987;185
14;1741093834339;90
9;1741093838451;55
10;1741093838533;186
1;1741093853322;323
14;1741093853652;91
13;1741093858160;41
11;1741093858570;35
14;1741093859382;92
1;1741093869505;324
4;1741093869585;268
10;1741093869649;187
1;1741093871160;325
3;1741093873259;212
1;1741093876484;326
8;1741093879626;122
1;1741093881160;327
8;1741093884216;123
7;1741093884248;195
1;1741093888421;328
3;1741093889381;213
1;1741093891456;329
7;1741093893199;196
1;1741093898784;330
4;1741093908872;269
0;1741093909434;129
10;1741093910074;188
2;1741093928447;128
4;1741093929791;270
2;1741093954324;129
7;1741093955764;197
8;1741093958977;124
10;1741093959009;189
18;1741093964141;50
14;1741093965480;93
14;1741093994173;94
3;1741093994253;214
4;1741093995757;271
5;1741093996604;73
4;1741093998220;272
1;1741093999148;331
3;1741093999180;215
7;1741093999244;198
8;1741093999260;125
13;1741094005776;42
0;1741094036150;130
8;1741094047821;126
10;1741094050461;190
7;1741094050557;199
10;1741094060744;191
8;1741094063350;127
0;1741094070337;131
10;1741094084664;192
14;1741094085032;95
14;1741094118386;96
7;1741094120540;200
1;1741094121361;332
7;1741094123073;201
8;1741094123585;128
2;1741094135636;130
1;1741094138952;333
2;1741094139224;131
1;1741094141061;334
16;1741094143888;41
9;1741094144287;56
14;1741094149251;97
6;1741094150035;93
2;1741094155615;132
1;1741094164588;335
13;1741094178326;43
6;1741094179573;94
6;1741094194540;95
4;1741094209678;273
3;1741094225393;216
4;1741094232971;274
7;1741094233534;202
18;1741094236361;51
1;1741094236777;336
3;1741094236809;217
4;1741094236841;275
1;1741094245520;337
3;1741094245564;218
10;1741094245581;193
4;1741094258403;276
3;1741094258755;219
8;1741094263885;129
3;1741094268664;220
8;1741094268840;130
14;1741094273621;98
9;1741094273925;57
4;1741094279004;277
15;1741094281247;17
4;1741094283626;278
3;1741094293592;221
10;1741094298844;194
4;1741094304482;279
8;1741094304514;131
10;1741094304546;195
3;1741094304578;222
6;1741094308176;96
8;1741094309024;132
9;1741094309132;58
1;1741094323140;338
8;1741094323576;133
1;1741094331986;339
14;1741094341291;99
1;1741094346073;340
8;1741094348617;134
9;1741094348758;59
17;1741094353702;55
7;1741094353856;203
1;1741094353974;341
3;1741094354534;223
0;1741094362194;132
4;1741094363250;280
1;1741094383547;342
7;1741094395524;204
1;1741094398801;343
13;1741094400784;44
3;1741094408923;224
1;1741094413113;344
4;1741094415224;281
1;1741094417351;345
4;1741094436600;282
1;1741094439336;346
8;1741094439512;135
1;1741094441613;347
3;1741094441832;225
2;1741094445368;133
3;1741094453400;226
4;1741094460144;283
10;1741094468491;196
8;1741094471096;136
7;1741094484033;205
6;1741094485153;97
2;1741094485537;134
16;1741094485628;42
14;1741094488543;100
13;1741094489448;45
0;1741094498392;133
4;1741094549291;284
7;1741094553848;206
8;1741094558296;137
7;1741094558744;207
3;1741094573728;227
4;1741094573768;285
10;1741094583724;197
1;1741094584008;348
1;1741094585946;349
8;1741094596132;138
1;1741094604089;350
18;1741094615708;52
0;1741094617003;134
7;1741094619914;208
1;1741094632341;351
1;1741094646120;352
2;1741094648192;135
3;1741094649548;228
5;1741094658616;74
7;1741094678219;209
10;1741094678796;198
10;1741094689621;199
4;1741094689685;286
0;1741094694284;135
7;1741094694552;210
1;1741094698649;353
7;1741094699507;211
2;1741094703832;136
7;1741094705119;212
3;1741094705183;229
4;1741094705215;287
1;1741094705455;354
8;1741094705599;139
10;1741094705631;200
1;1741094706029;355
2;1741094708728;137
3;1741094708845;230
9;1741094708909;60
0;1741094709981;136
7;1741094713978;213
11;1741094719957;36
1;1741094721157;356
1;1741094727665;357
11;1741094728277;37
4;1741094728753;288
3;1741094734303;231
10;1741094734431;201
3;1741094740611;232
3;1741094743805;233
1;1741094744282;358
10;1741094746104;202
0;1741094752540;137
9;1741094753908;61
2;1741094753940;138
7;1741094754250;214
4;1741094754340;289
3;1741094761948;234
7;1741094773296;215
10;1741094776132;203
1;1741094779908;359
1;1741094782160;360
1;1741094789260;361
7;1741094797864;216
3;1741094799224;235
4;1741094815103;290
1;1741094815960;362
7;1741094817900;217
8;1741094818924;140
5;1741094821930;75
1;1741094823210;363
8;1741094825498;141
10;1741094825530;204
3;1741094825572;236
6;1741094830599;98
1;1741094835527;364
7;1741094849279;218
11;1741094849448;38
16;1741094855547;43
8;1741094858596;142
11;1741094859097;39
5;1741094864836;76
0;1741094873750;138
4;1741094883386;291
7;1741094883419;219
8;1741094883499;143
1;1741094892517;365
6;1741094893109;99
14;1741094900229;101
14;1741094903650;102
9;1741094944105;62
8;1741094958753;144
4;1741094964461;292
8;1741094964481;145
18;1741094964989;53
0;1741094980402;139
3;1741094980674;237
1;1741094984991;366
3;1741094986761;238
1;1741094989098;367
10;1741094990340;205
7;1741094991200;220
1;1741094999522;368
10;1741094999698;206
4;1741095000097;293
10;1741095004206;207
0;1741095005374;140
0;1741095007212;141
4;1741095008892;294
4;1741095013580;295
14;1741095015704;103
13;1741095020122;46
1;1741095029604;369
4;1741095030068;296
10;1741095031953;208
18;1741095033013;54
17;1741095034289;56
18;1741095042972;55
16;1741095070205;44
7;1741095093689;221
4;1741095098187;297
14;1741095099451;104
8;1741095100443;146
8;1741095108548;147
14;1741095109172;105
5;1741095121996;77
5;1741095134464;78
14;1741095134816;106
1;1741095160768;370
14;1741095173860;107
9;1741095197943;63
14;1741095203979;108
6;1741095204065;100
12;1741095204177;49
7;1741095204209;222
11;1741095204369;40
8;1741095217513;148
1;1741095227717;371
2;1741095228586;139
8;1741095233457;149
3;1741095234081;239
1;1741095236645;372
12;1741095238925;50
3;1741095240237;240
14;1741095248740;109
1;1741095252072;373
4;1741095273720;298
3;1741095274376;241
15;1741095279189;18
14;1741095284435;110
4;1741095293325;299
18;1741095293354;56
14;1741095295224;111
4;1741095308484;300
6;1741095313681;101
18;1741095314289;57
14;1741095315729;112
13;1741095318555;47
1;1741095323936;374
1;1741095348664;375
10;1741095374282;209
3;1741095380759;242
3;1741095384038;243
3;1741095403526;244
14;1741095404118;113
14;1741095440603;114
10;1741095448343;210
2;1741095448976;140
4;1741095455036;301
14;1741095459186;115
1;1741095459794;376
10;1741095459826;211
12;1741095464029;51
1;1741095465953;377
7;1741095469819;223
14;1741095473897;116
1;1741095477866;378
4;1741095478149;302
7;1741095479543;224
0;1741095484774;142
4;1741095508768;303
18;1741095524879;58
16;1741095529524;45
10;1741095533929;212
4;1741095538023;304
10;1741095538576;213
14;1741095543293;117
4;1741095547402;305
1;1741095550442;379
1;1741095556021;380
12;1741095568295;52
8;1741095570969;150
14;1741095573505;118
3;1741095580709;245
3;1741095584722;246
4;1741095619614;306
10;1741095630152;214
17;1741095634849;57
7;1741095635356;225
10;1741095638559;215
3;1741095640243;247
8;1741095643816;151
2;1741095644190;141
1;1741095646076;381
16;1741095646124;46
9;1741095646284;64
12;1741095648828;53
6;1741095652492;102
2;1741095653492;142
4;1741095653644;307
8;1741095653764;152
17;1741095653788;58
1;1741095653859;382
1;1741095656013;383
10;1741095659017;216
8;1741095664004;153
3;1741095664025;248
3;1741095668886;249
1;1741095670006;384
1;1741095675760;385
14;1741095734410;119
1;1741095735513;386
4;1741095743957;308
10;1741095768873;217
3;1741095773778;250
2;1741095775385;143
0;1741095776501;143
1;1741095781283;387
2;1741095781692;144
7;1741095782659;226
3;1741095784578;251
11;1741095784723;41
0;1741095786737;144
2;1741095795213;145
4;1741095813889;309
13;1741095815201;48
4;1741095818173;310
10;1741095819085;218
0;1741095827193;145
1;1741095828665;388
12;1741095829465;54
10;1741095830314;219
2;1741095837778;146
1;1741095838527;389
10;1741095845200;220
5;1741095859392;79
1;1741095865887;390
0;1741095869998;146
7;1741095874072;227
1;1741095876281;391
3;1741095879337;252
8;1741095880025;154
10;1741095880068;221
1;1741095881174;392
3;1741095882646;253
14;1741095885622;120
1;1741095886993;393
3;1741095889825;254
4;1741095889866;311
8;1741095889969;155
2;1741095900091;147
11;1741095908920;42
18;1741095908937;59
14;1741095910772;121
9;1741095911144;65
11;1741095913989;43
17;1741095914981;59
14;1741095915156;122
16;1741095915466;47
9;1741095925105;66
10;1741095925490;222
13;1741095938788;49
9;1741095938948;67
10;1741095943292;223
8;1741095974337;156
3;1741095983865;255
4;1741095983882;312
4;1741095988218;313
10;1741095988395;224
1;1741095996981;394
7;1741095998933;228
3;1741096000581;256
1;1741096001667;395
1;1741096007824;396
1;1741096011035;397
7;1741096013740;229
18;1741096014984;60
14;1741096015084;123
1;1741096016043;398
1;1741096026196;399
1;1741096030932;400
0;1741096056980;147
8;1741096118081;157
1;1741096123663;401
1;1741096125970;402
12;1741096131476;55
10;1741096134713;225
7;1741096134932;230
1;1741096135956;403
0;1741096137320;148
18;1741096138660;61
7;1741096138680;231
0;1741096143509;149
1;1741096147505;404
2;1741096155759;148
1;1741096182395;405
8;1741096182779;158
13;1741096183739;50
6;1741096189654;103
0;1741096205118;150
0;1741096214392;151
0;1741096223921;152
8;1741096225745;159
4;1741096228056;314
10;1741096263793;226
10;1741096273944;227
12;1741096274120;56
10;1741096278711;228
1;1741096282706;406
6;1741096288888;104
1;1741096296182;407
4;1741096305105;315
6;1741096305761;105
4;1741096309560;316
7;1741096319256;232
2;1741096325590;149
3;1741096333548;257
4;1741096334748;317
4;1741096338314;318
4;1741096346337;319
1;1741096368736;408
1;1741096378860;409
0;1741096385701;153
4;1741096390293;320
8;1741096395428;160
9;1741096408846;68
11;1741096429262;44
8;1741096431001;161
11;1741096439446;45
11;1741096444821;46
1;1741096445445;410
7;1741096458747;233
3;1741096459195;258
3;1741096463058;259
2;1741096463369;150
8;1741096463401;162
12;1741096468808;57
1;1741096470995;411
4;1741096471395;321
7;1741096475676;234
3;1741096480159;260
9;1741096488177;69
8;1741096509759;163
3;1741096509816;261
1;1741096523972;412
1;1741096535161;413
3;1741096538443;262
18;1741096539063;62
17;1741096541959;60
12;1741096543335;58
18;1741096544263;63
2;1741096548819;151
3;1741096548915;263
7;1741096549660;235
6;1741096593513;106
2;1741096621642;152
12;1741096623114;59
9;1741096623866;70
6;1741096624858;107
12;1741096626118;60
14;1741096628486;124
18;1741096633972;64
13;1741096638210;51
8;1741096638866;164
4;1741096645775;322
4;1741096683965;323
7;1741096691895;236
1;1741096692583;414
4;1741096698740;324
2;1741096700485;153
18;1741096700592;65
14;1741096700613;125
4;1741096709022;325
1;1741096710782;415
10;1741096710814;229
4;1741096713576;326
14;1741096723568;126
14;1741096732771;127
7;1741096733372;237
13;1741096733763;52
15;1741096738465;19
8;1741096749120;165
3;1741096768685;264
14;1741099843652;128
8;1741099843728;166
3;1741099848514;265
7;1741099861339;238
10;1741099883461;230
3;1741099890269;266
3;1741099899912;267
4;1741099900964;327
1;1741099912751;416
17;1741099919547;61
14;1741099928648;129
4;1741099930004;328
0;1741099956547;154
4;1741099959180;329
13;1741099994416;53
16;1741099999650;48
8;1741100008005;167
3;1741100008165;268
1;1741100008912;417
1;1741100011014;418
0;1741100011219;155
1;1741100018337;419
4;1741100020017;330
3;1741100020081;269
1;1741100021343;420
3;1741100030235;270
4;1741100030253;331
1;1741100032068;421
1;1741100043973;422
1;1741100051967;423
14;1741100079806;130
5;1741100083292;80
14;1741100083800;131
8;1741100083820;168
14;1741100089195;132
13;1741100108361;54
0;1741100111092;156
5;1741100114324;81
0;1741100117809;157
3;1741100119260;271
3;1741100121231;272
4;1741100122224;332
7;1741100130360;239
11;1741100134155;47
13;1741100143615;55
14;1741100143633;133
1;1741100143914;424
11;1741100144385;48
1;1741100146729;425
3;1741100148560;273
14;1741100148656;134
1;1741100151389;426
5;1741100154621;82
14;1741100154840;135
1;1741100155915;427
7;1741100156308;240
4;1741100158175;333
11;1741100158314;49
1;1741100160904;428
4;1741100160986;334
7;1741100163888;241
1;1741100166041;429
13;1741100169042;56
5;1741100169228;83
5;1741100174446;84
4;1741100176269;335
5;1741100177837;85
1;1741100183592;430
4;1741100184729;336
1;1741100185912;431
5;1741100187288;86
5;1741100194436;87
7;1741100197146;242
2;1741100204764;154
10;1741100219303;231
13;1741100224436;57
1;1741100231169;432
10;1741100233057;232
4;1741100233123;337
4;1741100239483;338
13;1741100239931;58
7;1741100243317;243
8;1741100251332;169
13;1741100253475;59
7;1741100253520;244
1;1741100254528;433
13;1741100256898;60
17;1741100259954;62
1;1741100262207;434
3;1741100262968;274
8;1741100263503;170
17;1741100264367;63
0;1741100270399;158
18;1741100270431;66
14;1741100270607;136
10;1741100280400;233
10;1741100286769;234
12;1741100293517;61
7;1741100293917;245
6;1741100295357;108
0;1741100329340;159
0;1741100333363;160
6;1741100343763;109
14;1741100344179;137
7;1741100405336;246
4;1741100410260;339
12;1741100447019;62
10;1741100468156;235
4;1741100468364;340
10;1741100475385;236
10;1741100480677;237
11;1741100490800;50
10;1741100499437;238
7;1741100500461;247
13;1741100500589;61
10;1741100513430;239
13;1741100513974;62
3;1741100514102;275
10;1741100515954;240
1;1741100516044;435
10;1741100524156;241
4;1741100544536;341
9;1741100556038;71
18;1741100556134;67
3;1741100559189;276
13;1741100565682;63
15;1741100588167;20
18;1741100588663;68
18;1741100595669;69
12;1741100598642;63
1;1741100600354;436
1;1741100604532;437
12;1741100608797;64
18;1741100611161;70
3;1741100613753;277
12;1741100619601;65
4;1741100624556;342
4;1741100639388;343
11;1741100643622;51
5;1741100645022;88
11;1741100650680;52
1;1741100654102;438
6;1741100668920;110
4;1741100673643;344
9;1741100695629;72
2;1741100696138;155
16;1741100700794;49
4;1741100733945;345
4;1741100738925;346
9;1741100739704;73
8;1741100744660;171
10;1741100744724;242
2;1741100745588;156
14;1741100748081;138
10;1741100748689;243
10;1741100754607;244
10;1741100758202;245
14;1741100763347;139
2;1741100774892;157
14;1741100779642;140
8;1741100785370;172
4;1741100808312;347
3;1741100809971;278
1;1741100810903;439
5;1741100814503;89
8;1741100815399;173
8;1741100818128;174
2;1741100821234;158
10;1741100823004;246
8;1741100823506;175
7;1741100823784;248
5;1741100839146;90
14;1741100839338;141
4;1741100841089;348
7;1741100844134;249
1;1741100847525;440
7;1741100848853;250
2;1741100849093;159
4;1741100849376;349
1;1741100853921;441
10;1741100855484;247
4;1741100857268;350
7;1741100857801;251
3;1741100858217;279
8;1741100859476;176
4;1741100864116;351
5;1741100864549;91
9;1741100865738;74
7;1741100868557;252
13;1741100870085;64
7;1741100873778;253
4;1741100874098;352
1;1741100885324;442
1;1741100898146;443
4;1741100903918;353
10;1741100904366;248
1;1741100905213;444
0;1741100907193;161
1;1741100908884;445
10;1741100909225;249
5;1741100909428;92
13;1741100909449;65
6;1741100910009;111
16;1741100911520;50
5;1741100913687;93
10;1741100914039;250
7;1741100914519;254
1;1741100916531;446
5;1741100916675;94
11;1741100918963;53
18;1741100919650;71
4;1741100920338;354
3;1741100920787;280
17;1741100923102;64
1;1741100923406;447
9;1741100925630;75
8;1741100928556;177
5;1741100928716;95
17;1741100929148;65
7;1741100934789;255
1;1741100944126;448
4;1741100945022;355
10;1741100946348;251
13;1741100948374;66
4;1741100948956;356
1;1741100951009;449
7;1741100951032;256
10;1741100953504;252
1;1741100958283;450
14;1741100958482;142
10;1741100958802;253
3;1741100958930;281
7;1741100973376;257
1;1741100973849;451
1;1741100977396;452
7;1741100979288;258
1;1741100993087;453
4;1741100995134;357
7;1741100998744;259
10;1741101005291;254
10;1741101024598;255
1;1741101033516;454
1;1741101036541;455
17;1741101048489;66
4;1741101053066;358
1;1741101054580;456
10;1741101058225;256
4;1741101063024;359
10;1741101063164;257
3;1741101063536;282
10;1741101093596;258
4;1741101093712;360
1;1741101095912;457
16;1741101098424;51
12;1741101098936;66
7;1741101099012;260
1;1741101110748;458
5;1741101116898;96
13;1741101117665;67
16;1741101119617;52
17;1741101129209;67
16;1741101129226;53
16;1741101135654;54
0;1741101136323;162
3;1741101138596;283
3;1741101145934;284
1;1741101147103;459
10;1741101147192;259
4;1741101148751;361
13;1741101149649;68
5;1741101150079;97
1;1741101150972;460
7;1741101151036;261
4;1741101153170;362
5;1741101153828;98
3;1741101154603;285
3;1741101156252;286
5;1741101159172;99
1;1741101161592;461
8;1741101163060;178
4;1741101163548;363
7;1741101163880;262
5;1741101164439;100
13;1741101164456;69
10;1741101171810;260
4;1741101173858;364
10;1741101175992;261
0;1741101179916;163
4;1741101183409;365
10;1741101183580;262
13;1741101184333;70
4;1741101187417;366
0;1741101189528;164
2;1741101189641;160
1;1741101201357;462
1;1741101209220;463
1;1741101217062;464
10;1741101223698;263
4;1741101223900;367
8;1741101224082;179
1;1741101224236;465
5;1741101224450;101
0;1741101227025;165
4;1741101229217;368
7;1741101233997;263
10;1741101234081;264
1;1741101241048;466
7;1741101243544;264
1;1741101246158;467
7;1741101246336;265
8;1741101248569;180
0;1741101249668;166
7;1741101253603;266
1;1741101257887;468
10;1741101258495;265
4;1741101258591;369
1;1741101260937;469
4;1741101263756;370
0;1741101264972;167
13;1741101269787;71
0;1741101271670;168
8;1741101273929;181
13;1741101274080;72
0;1741101276771;169
8;1741101278531;182
13;1741101278915;73
3;1741101280595;287
0;1741101280928;170
1;1741101280986;470
8;1741101281280;183
10;1741101283440;266
7;1741101283744;267
3;1741101284111;288
12;1741101288095;67
7;1741101288459;268
17;1741101289180;68
0;1741101289211;171
1;1741101289995;471
1;1741101291223;472
0;1741101292119;172
3;1741101293959;289
1;1741101307776;473
1;1741101313776;474
7;1741101314604;269
2;1741101315456;161
1;1741101317337;475
2;1741101318313;162
3;1741101320281;290
18;1741101324004;72
9;1741101324340;76
8;1741101324404;184
1;1741101326082;476
6;1741101327938;112
8;1741101328441;185
7;1741101328962;270
4;1741101329058;371
9;1741101329138;77
16;1741101329820;55
1;1741101331328;477
15;1741101332656;21
10;1741101336496;267
17;1741101337856;69
7;1741101340015;271
14;1741101343261;143
8;1741101343832;186
6;1741101353622;113
16;1741101353638;56
4;1741101354880;372
1;1741101355301;478
8;1741101358209;187
3;1741101358753;291
6;1741101361838;114
1;1741101362014;479
3;1741101369259;292
18;1741101373161;73
8;1741101378488;188
1;1741101378537;480
9;1741101378809;78
1;1741101381954;481
2;1741101390029;163
9;1741101390669;79
1;1741101391625;482
4;1741101402434;373
3;1741101404801;293
1;1741101405409;483
10;1741101408141;268
2;1741101411053;164
7;1741101415709;272
3;1741101429696;294
3;1741101441388;295
4;1741101443868;374
0;1741101446362;173
13;1741101480019;74
2;1741101482339;165
10;1741101484851;269
1;1741101484883;484
7;1741101487198;273
1;1741101500901;485
3;1741101500978;296
12;1741101504977;68
7;1741101506028;274
1;1741101507112;486
1;1741101511012;487
10;1741101511227;270
12;1741101523808;69
16;1741101525392;57
12;1741101528740;70
1;1741101528779;488
9;1741101529691;80
1;1741101534314;489
4;1741101538088;375
7;1741101553468;275
8;1741101554580;189
1;1741101560921;490
4;1741101562902;376
18;1741101563526;74
1;1741101566050;491
10;1741101568962;271
0;1741101578749;174
1;1741101613828;492
9;1741101626667;81
2;1741101628369;166
13;1741101628708;75
18;1741101628826;75
4;1741101628858;377
1;1741101638262;493
8;1741101639094;190
1;1741101640962;494
10;1741101643730;272
7;1741101665606;276
17;1741101674520;70
7;1741101686965;277
3;1741101690419;297
3;1741101711187;298
18;1741101715251;76
10;1741101774090;273
17;1741101775127;71
10;1741101778246;274
10;1741101824743;275
10;1741101836706;276
2;1741101839675;167
5;1741101849060;102
0;1741101857693;175
14;1741101859123;144
1;1741101885765;495
1;1741101888652;496
7;1741101906524;278
1;1741101910706;497
3;1741101918365;299
10;1741101918600;277
7;1741101918636;279
2;1741101919549;168
0;1741101920421;176
2;1741101923866;169
1;1741101924554;498
7;1741101924682;280
0;1741101926776;177
8;1741101928380;191
7;1741101928417;281
14;1741101933828;145
7;1741101933881;282
1;1741101937657;499
1;1741101940974;500
7;1741101943150;283
14;1741101943774;146
6;1741101944894;115
1;1741101945963;501
10;1741101948884;278
1;1741101951051;502
14;1741101953044;147
7;1741101953673;284
3;1741101954073;300
11;1741101954217;54
1;1741101958081;503
7;1741101958176;285
14;1741101958704;148
14;1741101963476;149
1;1741101963665;504
6;1741101963746;116
7;1741101963921;286
15;1741101964165;22
3;1741101964549;301
4;1741101964581;378
1;1741101966051;505
6;1741101966291;117
0;1741101968099;178
14;1741101968818;150
8;1741101968867;192
3;1741101968956;302
11;1741101969363;55
10;1741101969651;279
15;1741101970562;23
1;1741101970975;506
14;1741101973022;151
6;1741101973128;118
3;1741101974366;303
8;1741101974398;193
7;1741101975326;287
3;1741101975969;304
10;1741101976143;280
0;1741101976285;179
14;1741101981064;152
8;1741101982360;194
7;1741101983488;288
4;1741101985480;379
10;1741101985954;281
4;1741101988065;380
1;1741101994063;507
11;1741101994271;56
7;1741101994751;289
3;1741101995982;305
8;1741101996109;195
7;1741101998173;290
4;1741101998269;381
1;1741101998669;508
14;1741101998904;153
0;1741101999597;180
9;1741101999656;82
6;1741101999677;119
15;1741101999741;24
7;1741102000990;291
14;1741102001097;154
1;1741102003156;509
8;1741102003432;196
3;1741102004489;306
1;1741102007772;510
10;1741102008212;282
14;1741102008352;155
4;1741102008388;382
7;1741102008576;292
11;1741102011331;57
1;1741102021023;511
8;1741102023312;197
4;1741102023352;383
10;1741102029060;283
4;1741102034664;384
3;1741102034728;307
3;1741102040311;308
4;1741102040631;385
14;1741102053790;156
14;1741102056636;157
10;1741102070536;284
7;1741102078131;293
11;1741102078947;58
0;1741102080514;181
3;1741102081054;309
0;1741102082878;182
16;1741102083869;58
9;1741102084413;83
1;1741102087179;512
10;1741102089099;285
0;1741102100262;183
8;1741102108706;198
4;1741102110050;386
10;1741102110956;286
0;1741102117020;184
2;1741102117052;170
1;1741102118531;513
1;1741102123176;514
3;1741102123208;310
7;1741102124712;294
0;1741102125192;185
6;1741102125464;120
0;1741102126093;186
9;1741102133236;84
1;1741102136013;515
7;1741102136097;295
3;1741102138609;311
10;1741102148415;287
10;1741102150983;288
8;1741102153200;199
3;1741102153319;312
13;1741102153799;76
12;1741102159894;71
1;1741102160774;516
1;1741102165995;517
3;1741102168628;313
7;1741102169444;296
8;1741102170498;200
1;1741102173231;518
0;1741102198158;187
8;1741102208272;201
0;1741102209776;188
0;1741102215020;189
10;1741102218652;289
4;1741102218716;387
5;1741102220587;103
18;1741102223497;77
2;1741102227640;171
16;1741102229832;59
13;1741102232980;77
3;1741102233348;314
17;1741102233795;72
3;1741102236191;315
12;1741102240159;72
1;1741102241534;519
12;1741102244654;73
8;1741102246456;202
1;1741102253684;520
4;1741102259497;388
3;1741102259769;316
7;1741102262098;297
4;1741102263372;389
0;1741102263448;190
0;1741102265983;191
2;1741102266288;172
1;1741102280779;521
8;1741102287873;203
18;1741102289543;78
7;1741102294406;298
7;1741102298436;299
10;1741102299123;290
3;1741102313451;317
1;1741102318249;522
12;1741102318583;74
4;1741102319208;390
8;1741102320263;204
4;1741102321045;391
0;1741102322309;192
10;1741102323813;291
1;1741102325045;523
3;1741102325157;318
7;1741102325195;300
0;1741102348283;193
3;1741102349787;319
10;1741102353415;292
16;1741102384585;60
3;1741102391287;320
9;1741102400735;85
4;1741102403372;392
1;1741102408986;524
7;1741102409354;301
10;1741102409530;293
1;1741102417490;525
14;1741102417521;158
10;1741102418385;294
1;1741102423229;526
3;1741102428443;321
1;1741102429147;527
13;1741102433088;78
6;1741102433098;121
10;1741102433372;295
14;1741102433735;159
3;1741102435146;322
1;1741102436579;528
14;1741102443939;160
12;1741102445091;75
18;1741102450031;79
14;1741102453708;161
1;1741102453884;529
10;1741102464150;296
17;1741102464566;73
10;1741102468438;297
1;1741102468598;530
3;1741102472834;323
17;1741102475388;74
10;1741102488715;298
14;1741102500536;162
13;1741102502006;79
0;1741102506162;194
13;1741102509250;80
3;1741102511116;324
9;1741102514382;86
8;1741102525576;205
10;1741102533268;299
1;1741102537644;531
7;1741102539808;302
8;1741102548566;206
0;1741102549355;195
16;1741102549596;61
2;1741102549996;173
9;1741102550171;87
16;1741102551192;62
9;1741102552343;88
3;1741102559718;325
7;1741102559760;303
10;1741102569148;300
3;1741102569208;326
7;1741102569421;304
8;1741102570376;207
7;1741102573016;305
10;1741102573828;301
1;1741102576631;532
10;1741102579479;302
1;1741102583752;533
13;1741102590356;81
4;1741102592960;393
8;1741102595296;208
1;1741102596045;534
0;1741102600349;196
1;1741102603403;535
8;1741102603738;209
4;1741102603946;394
1;1741102605908;536
4;1741102608600;395
13;1741102620098;82
12;1741102620264;76
14;1741102620610;163
7;1741102628814;306
0;1741102634552;197
10;1741102638756;303
7;1741102643420;307
8;1741102643948;210
7;1741102651388;308
10;1741102654459;304
1;1741102658298;537
3;1741102663287;327
4;1741102663639;396
1;1741102665567;538
8;1741102673017;211
4;1741102679052;397
3;1741102680780;328
4;1741102685167;398
8;1741102685208;212
10;1741102685257;305
7;1741102693686;309
4;1741102694033;399
14;1741102698547;164
15;1741102713546;25
3;1741102713722;329
15;1741102716032;26
8;1741102716904;213
10;1741102718407;306
4;1741102718592;400
1;1741102719607;539
7;1741102719703;310
17;1741102723647;75
15;1741102723846;27
1;1741102727091;540
4;1741102728652;401
8;1741102728803;214
3;1741102729011;330
7;1741102734352;311
6;1741102739804;122
1;1741102740912;541
3;1741102741193;331
7;1741102746069;312
10;1741102748580;307
17;1741102749300;76
1;1741102749332;542
10;1741102753298;308
8;1741102782336;215
3;1741102784704;332
10;1741102786395;309
1;1741102801009;543
4;1741102808219;402
9;1741102811243;89
10;1741102813707;310
11;1741102819800;59
1;1741102831217;544
3;1741102833584;333
10;1741102835660;311
8;1741102845485;216
9;1741102846285;90
8;1741102851268;217
10;1741102853709;312
9;1741102855048;91
10;1741102859378;313
3;1741102859474;334
0;1741102865234;198
6;1741102869356;123
7;1741102870316;313
10;1741102870667;314
8;1741102874425;218
15;1741102878297;28
10;1741102878361;315
1;1741102880009;545
10;1741102883155;316
9;1741102888991;92
6;1741102889071;124
4;1741102893885;403
15;1741102894237;29
1;1741102896073;546
8;1741102897097;219
1;1741102905920;547
9;1741102906032;93
6;1741102908812;125
1;1741102911326;548
6;1741102914686;126
1;1741102915916;549
1;1741102922667;550
17;1741102924363;77
9;1741102930185;94
6;1741102931224;127
1;1741102933240;551
4;1741102934471;404
8;1741102934807;220
1;1741102936132;552
8;1741102936388;221
15;1741102937892;30
10;1741102938564;317
4;1741102938884;405
3;1741102940979;335
7;1741102948320;314
10;1741102948976;318
7;1741102955435;315
10;1741102968649;319
15;1741102969637;31
8;1741102973172;222
12;1741102973236;77
4;1741102973332;406
10;1741102973488;320
18;1741102974005;80
7;1741102979602;316
17;1741102979874;78
10;1741102980018;321
18;1741102982512;81
8;1741102983392;223
17;1741102991372;79
9;1741102994192;95
3;1741102998967;336
12;1741102999271;78
17;1741103000086;80
1;1741103003508;553
6;1741103005092;128
4;1741103005261;407
8;1741103005428;224
1;1741103005989;554
18;1741103008376;82
1;1741103012816;555
8;1741103013232;225
4;1741103013996;408
17;1741103019771;81
15;1741103020076;32
10;1741103024650;322
3;1741103024905;337
18;1741103025274;83
17;1741103025482;82
1;1741103026273;556
4;1741103026388;409
8;1741103028003;226
10;1741103028419;323
6;1741103028931;129
17;1741103029171;83
1;1741103031041;557
8;1741103033651;227
12;1741103033716;79
18;1741103039532;84
3;1741103039660;338
3;1741103043833;339
12;1741103045337;80
1;1741103045417;558
3;1741103046981;340
9;1741103049237;96
17;1741103049309;84
7;1741103053045;317
8;1741103054412;228
4;1741103054450;410
4;1741103056624;411
10;1741103058368;324
3;1741103063608;341
12;1741103063918;81
1;1741103068605;559
18;1741103070312;85
9;1741103070365;97
18;1741103074155;86
6;1741103074187;130
17;1741103074480;85
1;1741103076459;560
8;1741103080043;229
6;1741103088232;131
4;1741103088696;412
17;1741103088776;86
15;1741103088912;33
1;1741103091572;561
3;1741103093134;342
4;1741103093316;413
9;1741103094116;98
17;1741103094244;87
1;1741103095942;562
10;1741103096080;325
7;1741103098272;318
4;1741103098560;414
1;1741103101023;563
1;1741103105917;564
7;1741103106121;319
0;1741103108317;199
8;1741103108653;230
1;1741103114964;565
7;1741103123168;320
6;1741103123939;132
9;1741103123971;99
7;1741103128322;321
3;1741103129650;343
1;1741103138632;566
3;1741103139614;344
7;1741103146038;322
15;1741103154018;34
1;1741103162908;567
1;1741103168985;568
17;1741103173430;88
1;1741103173862;569
1;1741103179812;570
3;1741103183652;345
10;1741103185021;326
13;1741103197895;83
1;1741103201212;571
4;1741103203267;415
6;1741103203859;133
7;1741103208785;323
4;1741103209025;416
10;1741103213568;327
17;1741103220683;89
6;1741103238269;134
4;1741103244907;417
14;1741103261128;165
4;1741103271814;418
8;1741103272806;231
1;1741103283587;572
3;1741103284659;346
1;1741103291338;573
4;1741103297912;419
0;1741103304515;200
10;1741103318829;328
4;1741103365356;420
1;1741103378254;574
1;1741103392435;575
0;1741103400559;201
12;1741103418606;82
16;1741103418702;63
5;1741103423292;104
13;1741103423468;84
0;1741103426992;202
1;1741103428797;576
1;1741103431077;577
5;1741103468959;105
8;1741103475145;232
0;1741103477040;203
0;1741103487457;204
1;1741103487521;578
10;1741103487580;329
4;1741103508129;421
0;1741103508324;205
18;1741103508356;87
17;1741103537430;90
17;1741103550032;91
4;1741103558039;422
4;1741103568196;423
3;1741103568741;347
6;1741103584591;135
4;1741103591057;424
5;1741103620299;106
4;1741103623859;425
16;1741103625752;64
9;1741103628647;100
4;1741103634099;426
0;1741103643054;206
5;1741103643774;107
11;1741103654736;60
13;1741103658172;85
2;1741103658300;174
4;1741103659058;427
6;1741103663580;136
4;1741103665184;428
4;1741103674123;429
4;1741103678781;430
14;1741103693168;166
14;1741103698396;167
10;1741103718927;330
14;1741103759914;168
1;1741103762313;579
3;1741103763115;348
1;1741103766245;580
18;1741103769296;88
7;1741103773367;324
8;1741103774033;233
10;1741103795369;331
1;1741103810031;581
7;1741103810319;325
7;1741103813705;326
14;1741103818378;169
14;1741103825996;170
4;1741103834184;431
4;1741103836027;432
3;1741103838587;349
10;1741103840692;332
3;1741103843271;350
1;1741103845271;582
3;1741103848094;351
1;1741103848373;583
4;1741103850149;433
1;1741103851219;584
10;1741103853026;333
14;1741103858846;171
4;1741103868789;434
1;1741103869541;585
3;1741103869864;352
0;1741103870709;207
10;1741103873139;334
7;1741103873747;327
0;1741103878067;208
10;1741103897264;335
0;1741103903920;209
6;1741103904752;137
13;1741103910399;86
1;1741103913346;586
10;1741103913946;336
14;1741103925685;172
3;1741103926561;353
1;1741103971004;587
1;1741104014537;588
0;1741104015942;210
4;1741104017968;435
14;1741104018711;173
14;1741104023750;174
12;1741104024886;83
1;1741104029584;589
10;1741104031263;337
1;1741104038232;590
14;1741104043220;175
1;1741104043593;591
1;1741104050950;592
3;1741104058605;354
1;1741104063928;593
4;1741104064648;436
10;1741104080676;338
8;1741104083167;234
10;1741104086059;339
3;1741104088667;355
8;1741104089115;235
8;1741104093947;236
4;1741104095179;437
1;1741104096537;594
7;1741104099112;328
4;1741104099753;438
10;1741104101008;340
1;1741104103320;595
3;1741104104247;356
1;1741104106196;596
4;1741104106448;439
7;1741104108388;329
5;1741104113266;108
14;1741104113443;176
15;1741104113891;35
10;1741104113923;341
1;1741104116018;597
5;1741104116146;109
14;1741104118636;177
1;1741104121311;598
14;1741104123645;178
1;1741104126205;599
1;1741104134071;600
4;1741104149503;440
7;1741104150223;330
1;1741104150911;601
7;1741104151053;331
17;1741104154344;92
8;1741104154540;237
1;1741104155931;602
10;1741104156188;342
15;1741104160315;36
14;1741104163065;179
1;1741104165012;603
1;1741104166345;604
14;1741104168319;180
3;1741104169049;357
10;1741104177248;343
4;1741104193787;441
14;1741104196728;181
10;1741104198964;344
5;1741104199191;110
8;1741104200632;238
1;1741104201509;605
4;1741104204213;442
10;1741104206068;345
1;1741104206100;606
14;1741104209668;182
15;1741104210068;37
5;1741104210244;111
1;1741104211057;607
3;1741104211105;358
10;1741104216097;346
1;1741104216620;608
4;1741104218945;443
9;1741104221388;101
1;1741104226042;609
10;1741104233241;347
15;1741104238439;38
3;1741104243413;359
8;1741104243605;239
7;1741104244853;332
1;1741104246544;610
0;1741104250512;211
2;1741104250799;175
4;1741104257388;444
10;1741104258668;348
0;1741104265432;212
1;1741104287832;611
8;1741104289635;240
15;1741104298274;39
7;1741104299153;333
7;1741104303648;334
8;1741104304015;241
1;1741104304063;612
1;1741104306091;613
4;1741104307883;445
7;1741104308971;335
1;1741104316054;614
3;1741104319349;360
7;1741104324547;336
3;1741104328033;361
3;1741104333373;362
1;1741104333949;615
0;1741104339979;213
7;1741104344119;337
10;1741104345575;349
4;1741104346884;446
3;1741104348084;363
1;1741104353459;616
3;1741104359071;364
10;1741104360543;350
8;1741104363227;242
3;1741104363883;365
10;1741104366075;351
3;1741104368874;366
8;1741104368893;243
15;1741104369707;40
1;1741104373104;617
4;1741104373520;447
10;1741104374036;352
15;1741104374384;41
1;1741104375890;618
3;1741104376642;367
4;1741104380338;448
15;1741104381757;42
1;1741104381986;619
1;1741104385926;620
10;1741104386173;353
8;1741104388957;244
4;1741104388989;449
7;1741104391211;338
1;1741104391387;621
10;1741104393860;354
3;1741104393995;368
7;1741104396070;339
1;1741104396102;622
1;1741104400931;623
3;1741104400996;369
8;1741104403603;245
4;1741104405651;450
4;1741104413422;451
10;1741104414510;355
15;1741104414686;43
3;1741104415342;370
1;1741104415915;624
7;1741104416091;340
4;1741104418158;452
10;1741104418859;356
1;1741104420988;625
3;1741104424599;371
7;1741104424983;341
8;1741104425079;246
10;1741104425111;357
10;1741104428677;358
8;1741104428709;247
3;1741104429253;372
7;1741104429877;342
1;1741104430037;626
1;1741104430931;627
10;1741104431056;359
3;1741104433728;373
15;1741104434624;44
1;1741104435936;628
7;1741104436159;343
3;1741104438495;374
10;1741104438527;360
8;1741104438724;248
4;1741104438824;453
10;1741104443548;361
7;1741104449612;344
10;1741104451526;362
7;1741104452965;345
4;1741104453688;454
8;1741104456188;249
1;1741104457586;629
7;1741104459090;346
1;1741104460960;630
4;1741104463872;455
4;1741104466028;456
1;1741104466060;631
8;1741104468180;250
10;1741104468428;363
10;1741104472552;364
8;1741104473372;251
4;1741104473416;457
1;1741104476695;632
7;1741104483101;347
4;1741104485286;458
7;1741104488577;348
10;1741104488636;365
8;1741104488737;252
4;1741104494979;459
1;1741104495072;633
1;1741104495965;634
3;1741104498776;375
4;1741104503684;460
1;1741104506120;635
10;1741104513414;366
1;1741104515949;636
8;1741104518403;253
10;1741104518995;367
1;1741104522031;637
2;1741104524063;176
10;1741104525119;368
4;1741104525192;461
1;1741104526651;638
1;1741104531035;639
10;1741104531243;369
14;1741104535819;183
3;1741104537495;376
4;1741104543414;462
1;1741104548546;640
4;1741104548626;463
4;1741104554272;464
8;1741104554367;254
1;1741104561339;641
8;1741104563620;255
10;1741104563818;370
8;1741104568631;256
1;1741104569799;642
1;1741104570963;643
1;1741104576368;644
8;1741104586218;257
1;1741104594996;645
7;1741104608920;349
1;1741104612403;646
7;1741104613907;350
1;1741104616303;647
5;1741104618600;112
1;1741104622220;648
1;1741104641028;649
7;1741104643906;351
15;1741104645698;45
1;1741104655715;650
13;1741104658648;87
1;1741104659304;651
4;1741104664055;465
12;1741104665344;84
1;1741104668682;652
12;1741104669251;85
14;1741104669395;184
1;1741104671745;653
15;1741104678221;46
14;1741104688767;185
11;1741104689720;61
1;1741104690168;654
1;1741104691120;655
12;1741104693748;86
1;1741104696209;656
3;1741104696688;377
4;1741104697200;466
7;1741104698224;352
10;1741104703199;371
1;1741104704767;657
1;1741104706652;658
3;1741104706780;378
6;1741104708472;138
7;1741104708888;353
1;1741104711736;659
5;1741104743747;113
14;1741104744844;186
18;1741104744956;89
15;1741104745123;47
8;1741104756045;258
12;1741104759021;87
1;1741104763899;660
10;1741104766836;372
1;1741104768868;661
0;1741104818895;214
7;1741104824782;354
14;1741104826768;187
8;1741104830010;259
1;1741104830308;662
4;1741104839219;467
0;1741104850446;215
4;1741104858677;468
10;1741104858773;373
6;1741104858885;139
1;1741104860181;663
4;1741104863460;469
12;1741104864051;88
6;1741104864083;140
8;1741104866930;260
4;1741104868466;470
0;1741104869804;216
4;1741104918191;471
10;1741104933447;374
4;1741104937318;472
10;1741104937974;375
4;1741104949809;473
6;1741104950116;141
4;1741104962324;474
10;1741104970129;376
6;1741104973640;142
15;1741104980762;48
1;1741104984340;664
1;1741104988727;665
6;1741104988783;143
8;1741104989583;261
18;1741104990575;90
1;1741104994093;666
4;1741104998948;475
17;1741104998969;93
18;1741104999947;91
14;1741104999979;188
12;1741105000052;89
0;1741105004789;217
12;1741105004869;90
0;1741105009679;218
0;1741105013672;219
14;1741105013971;189
0;1741105016587;220
6;1741105018706;144
0;1741105021009;221
14;1741105021103;190
6;1741105023848;145
4;1741105042014;476
10;1741105043800;377
7;1741105046076;355
0;1741105048213;222
10;1741105070066;378
10;1741105073998;379
11;1741105088472;62
4;1741105088680;477
1;1741105088767;667
4;1741105107889;478
2;1741105112042;177
4;1741105114746;479
7;1741105114826;356
0;1741105115976;223
7;1741105116069;357
12;1741105139083;91
11;1741105144104;63
14;1741105144232;191
11;1741105146396;64
4;1741105148845;480
10;1741105149092;380
8;1741105149300;262
10;1741105151970;381
1;1741105160974;668
1;1741105193856;669
1;1741105196216;670
9;1741105196735;102
0;1741105198175;224
2;1741105198207;178
16;1741105198239;65
1;1741105207256;671
10;1741105216132;382
13;1741105223731;88
10;1741105223763;383
3;1741105228800;379
4;1741105243255;481
4;1741105253344;482
3;1741105264952;380
1;1741105268773;672
1;1741105275918;673
7;1741105276190;358
4;1741105285099;483
4;1741105293701;484
13;1741105319880;89
16;1741105323416;66
14;1741105329899;192
4;1741105330027;485
4;1741105338934;486
5;1741105359211;114
1;1741105361050;674
10;1741105368423;384
1;1741105372034;675
10;1741105373157;385
7;1741105378672;359
1;1741105380592;676
8;1741105381245;263
1;1741105385308;677
10;1741105386199;386
1;1741105393223;678
9;1741105394183;103
10;1741105395955;387
1;1741105404398;679
7;1741105404430;360
7;1741105409326;361
1;1741105411207;680
0;1741105414128;225
7;1741105418316;362
5;1741105418658;115
9;1741105418690;104
1;1741105421296;681
7;1741105422000;363
10;1741105423507;388
1;1741105426206;682
7;1741105428510;364
3;1741105429054;381
9;1741105429200;105
1;1741105431722;683
8;1741105431754;264
8;1741105440420;265
10;1741105440433;389
1;1741105440552;684
4;1741105448322;487
10;1741105465021;390
1;1741105465085;685
1;1741105466555;686
1;1741105471068;687
14;1741105478913;193
1;1741105481120;688
4;1741105483807;488
5;1741105488475;116
7;1741105496132;365
1;1741105526512;689
15;1741105548227;49
10;1741105549778;391
5;1741105553471;117
1;1741105556248;690
1;1741105561912;691
9;1741105565816;106
1;1741105566023;692
1;1741105576411;693
15;1741105578491;50
10;1741105579867;392
8;1741105584111;266
1;1741105587797;694
1;1741105601067;695
4;1741105602907;489
15;1741105603499;51
17;1741105603812;94
1;1741105613864;696
4;1741105628680;490
8;1741105628957;267
1;1741105644786;697
8;1741105653948;268
1;1741105663919;698
13;1741105664034;90
12;1741105669056;92
1;1741105669405;699
10;1741105670781;393
8;1741105680456;269
3;1741105680696;382
8;1741105683906;270
1;1741105687869;700
10;1741105704889;394
1;1741105708437;701
10;1741105718881;395
15;1741105723308;52
17;1741105723596;95
18;1741105724716;92
7;1741105734856;366
7;1741105738836;367
4;1741105743331;491
7;1741105743898;368
14;1741105743914;194
15;1741105744164;53
1;1741105747146;702
15;1741105751226;54
8;1741105752697;271
7;1741105755433;369
4;1741105767684;492
7;1741105767716;370
8;1741105767747;272
2;1741105810732;179
14;1741105810764;195
9;1741105811852;107
14;1741105819352;196
0;1741105842781;226
4;1741105873829;493
3;1741105878060;383
4;1741105878902;494
14;1741105880210;197
18;1741105903398;93
3;1741105905014;384
14;1741105923844;198
7;1741105924059;371
8;1741105924651;273
11;1741105925259;65
6;1741105928473;146
7;1741105928831;372
1;1741105931049;703
1;1741105935942;704
3;1741105939221;385
1;1741105943749;705
10;1741105957960;396
10;1741105963960;397
10;1741105969206;398
6;1741105980472;147
0;1741105983529;227
1;1741105991459;706
10;1741105993651;399
10;1741105998277;400
2;1741105999327;180
1;1741105999423;707
7;1741105999535;373
4;1741105999631;495
1;1741106004910;708
10;1741106010980;401
4;1741106014852;496
10;1741106034261;402
0;1741106041088;228
14;1741106045946;199
1;1741106055022;709
15;1741106055534;55
1;1741106058932;710
10;1741106063318;403
2;1741106064278;181
5;1741106069554;118
10;1741106088250;404
2;1741106094037;182
10;1741106098707;405
8;1741106104480;274
7;1741106113069;374
4;1741106113784;497
15;1741106113880;56
14;1741106115224;200
2;1741106116166;183
1;1741106118848;711
7;1741106120070;375
10;1741106121335;406
14;1741106123794;201
14;1741106143252;202
8;1741106163370;275
0;1741106182577;229
10;1741106188638;407
15;1741106188728;57
16;1741106190590;67
9;1741106194204;108
10;1741106199604;408
10;1741106208242;409
3;1741106209634;386
1;1741106210194;712
1;1741106215120;713
7;1741106218494;376
10;1741106224477;410
18;1741106227738;94
10;1741106230100;411
1;1741106241104;714
7;1741106241344;377
1;1741106253538;715
8;1741106268336;276
10;1741106268869;412
1;1741106269237;716
4;1741106274068;498
7;1741106275308;378
1;1741106275448;717
1;1741106276161;718
3;1741106277841;387
7;1741106279025;379
1;1741106281227;719
8;1741106284638;277
10;1741106284669;413
1;1741106285963;720
10;1741106286171;414
3;1741106287966;388
6;1741106288475;148
12;1741106288842;93
1;1741106291126;721
6;1741106293574;149
4;1741106293846;499
3;1741106293974;389
1;1741106295954;722
10;1741106296076;415
8;1741106298722;278
12;1741106298812;94
7;1741106298866;380
6;1741106301042;150
12;1741106315752;95
15;1741106316345;58
1;1741106317065;723
10;1741106318840;416
3;1741106318889;390
7;1741106321174;381
1;1741106321203;724
6;1741106324428;151
10;1741106324604;417
15;1741106324660;59
8;1741106325027;279
1;1741106326047;725
10;1741106326191;418
8;1741106328015;280
12;1741106329103;96
1;1741106331710;726
7;1741106334094;382
1;1741106336011;727
4;1741106338554;500
7;1741106338715;383
3;1741106338890;391
1;1741106341828;728
4;1741106344714;501
7;1741106345498;384
3;1741106345530;392
1;1741106346313;729
8;1741106346521;281
3;1741106348713;393
4;1741106349033;502
1;1741106350933;730
4;1741106351284;503
3;1741106352437;394
6;1741106354082;152
1;1741106356098;731
4;1741106366440;504
1;1741106367199;732
3;1741106367359;395
1;1741106371188;733
3;1741106372281;396
0;1741106374419;230
2;1741106374676;184
1;1741106379302;734
13;1741106380784;91
12;1741106395073;97
1;1741106396520;735
7;1741106398222;385
4;1741106398472;505
12;1741106398632;98
1;1741106401947;736
7;1741106403083;386
12;1741106404043;99
6;1741106404651;153
7;1741106408488;387
4;1741106409030;506
1;1741106409270;737
7;1741106414292;388
6;1741106415284;154
7;1741106416002;389
1;1741106416049;738
8;1741106419665;282
3;1741106419697;397
6;1741106420082;155
3;1741106421457;398
6;1741106424496;156
1;1741106424640;739
4;1741106424849;507
8;1741106425152;283
7;1741106425224;390
12;1741106428082;100
6;1741106428397;157
7;1741106428616;391
3;1741106429181;399
10;1741106429213;419
7;1741106433885;392
12;1741106434045;101
3;1741106438762;400
12;1741106439081;102
10;1741106449298;420
0;1741106459548;231
10;1741106478096;421
12;1741106479344;103
18;1741106508380;95
1;1741106566444;740
10;1741106605700;422
7;1741106608745;393
10;1741106621406;423
8;1741106623573;284
4;1741106623589;508
1;1741106628508;741
7;1741106629330;394
8;1741106631042;285
5;1741106643449;119
3;1741106647961;401
1;1741106648580;742
3;1741106655526;402
10;1741106659573;424
8;1741106659621;286
7;1741106659653;395
1;1741106661277;743
7;1741106663936;396
10;1741106663956;425
8;1741106684845;287
1;1741106686201;744
0;1741106689300;232
10;1741106689960;426
8;1741106689977;288
7;1741106690136;397
5;1741106690440;120
1;1741106691031;745
1;1741106699808;746
7;1741106703428;398
4;1741106703550;509
8;1741106704068;289
1;1741106708512;747
10;1741106708720;427
8;1741106708896;290
7;1741106709168;399
1;1741106710910;748
10;1741106718092;428
7;1741106718851;400
5;1741106725623;121
4;1741106728484;510
13;1741106734274;92
4;1741106734307;511
10;1741106735027;429
1;1741106735411;749
10;1741106738705;430
8;1741106738726;291
13;1741106738844;93
7;1741106738907;401
12;1741106738927;104
1;1741106740984;750
5;1741106742088;122
4;1741106743344;512
3;1741106743439;403
8;1741106744239;292
7;1741106746285;402
1;1741106746493;751
12;1741106748641;105
8;1741106748893;293
1;1741106751661;752
7;1741106753901;403
1;1741106756219;753
8;1741106756635;294
7;1741106758682;404
4;1741106765173;513
1;1741106765381;754
4;1741106770755;514
18;1741106785401;96
1;1741106789616;755
3;1741106791590;404
1;1741106794886;756
4;1741106798604;515
3;1741106800176;405
17;1741106800240;96
2;1741106801694;185
7;1741106803100;405
4;1741106803544;516
13;1741106803788;94
18;1741106803804;97
13;1741106806059;95
6;1741106806172;158
7;1741106809450;406
4;1741106813680;517
9;1741106813959;109
10;1741106814042;431
8;1741106814084;295
17;1741106839307;97
9;1741106849509;110
0;1741106853744;233
15;1741106854640;60
1;1741106859485;757
3;1741106859501;406
5;1741106867463;123
8;1741106874096;296
4;1741106878611;518
15;1741106879475;61
1;1741106904584;758
3;1741106904696;407
6;1741106912229;159
7;1741106915573;407
5;1741106919923;124
0;1741106930461;234
0;1741106933399;235
7;1741106968526;408
18;1741106969836;98
0;1741106971150;236
15;1741106973453;62
8;1741106973485;297
14;1741106974205;203
11;1741106974717;66
7;1741106976121;409
7;1741106984151;410
4;1741106984231;519
10;1741106985712;432
1;1741106986549;759
4;1741106988021;520
1;1741106997297;760
0;1741107004316;237
3;1741107004952;408
0;1741107007081;238
4;1741107008857;521
10;1741107011112;433
4;1741107011256;522
2;1741107014104;186
8;1741107014888;298
13;1741107019254;96
0;1741107019702;239
3;1741107104703;409
4;1741107104735;523
3;1741107106076;410
1;1741107120101;761
7;1741107123316;411
6;1741107123354;160
15;1741107123766;63
6;1741107128928;161
7;1741107133656;412
10;1741107143669;434
9;1741107145552;111
10;1741107159132;435
7;1741107163199;413
10;1741107177325;436
1;1741107178269;762
9;1741107178516;112
1;1741107183309;763
14;1741107183517;204
1;1741107186042;764
8;1741107186244;299
4;1741107189704;524
4;1741107194388;525
14;1741107195524;205
1;1741107195664;765
15;1741107198835;64
1;1741107199043;766
14;1741107205070;206
14;1741107213652;207
13;1741107223367;97
11;1741107224056;67
6;1741107224231;162
8;1741107228201;300
14;1741107228307;208
4;1741107228373;526
13;1741107232964;98
1;1741107237858;767
8;1741107238129;301
14;1741107238781;209
4;1741107244462;527
1;1741107245374;768
4;1741107249628;528
10;1741107319933;437
8;1741107324367;302
10;1741107328571;438
5;1741107329499;125
14;1741107333758;210
4;1741107339025;529
7;1741107341088;414
10;1741107348716;439
10;1741107353420;440
8;1741107354132;303
2;1741107357241;187
8;1741107358537;304
1;1741107359225;769
4;1741107360009;530
14;1741107368858;211
1;1741107371457;770
1;1741107376013;771
3;1741107376125;411
17;1741107378509;98
8;1741107378872;305
16;1741107378893;68
2;1741107381241;188
9;1741107382141;113
1;1741107382973;772
7;1741107391892;415
1;1741107416371;773
0;1741107417395;240
9;1741107417635;114
10;1741107425743;441
8;1741107443718;306
4;1741107443750;531
8;1741107454142;307
7;1741107455133;416
10;1741107463937;442
12;1741107464139;106
12;1741107470261;107
18;1741107470800;99
4;1741107504797;532
13;1741107506056;99
1;1741107506152;774
7;1741107509656;417
11;1741107513748;68
10;1741107523104;443
6;1741107523743;163
7;1741107524335;418
9;1741107533529;115
10;1741107538517;444
4;1741107543715;533
4;1741107558908;534
7;1741107564630;419
1;1741107571673;775
3;1741107574461;412
15;1741107575736;65
3;1741107579371;413
4;1741107583956;535
10;1741107588872;445
17;1741107589640;99
0;1741107590153;241
0;1741107596369;242
15;1741107603871;66
7;1741107609403;420
5;1741107610251;126
1;1741107636088;776
7;1741107636148;421
6;1741107639640;164
0;1741107642279;243
6;1741107642597;165
16;1741107644887;69
0;1741107646963;244
4;1741111909552;536
1;1741111933877;777
10;1741111941052;446
10;1741111959296;447
7;1741111960262;422
17;1741111963716;100
7;1741111966120;423
0;1741111966655;245
4;1741111968735;537
1;1741111969151;778
10;1741111973388;448
8;1741111974744;308
10;1741111985536;449
1;1741111985553;779
3;1741111988787;414
7;1741111993504;424
10;1741111993649;450
8;1741112008871;309
9;1741112014243;116
4;1741112014579;538
10;1741112023914;451
1;1741112024073;780
1;1741112026090;781
10;1741112026165;452
1;1741112031749;782
7;1741112032899;425
4;1741112033858;539
1;1741112036320;783
10;1741112038653;453
1;1741112041596;784
0;1741112044668;246
10;1741112045996;454
15;1741112054597;67
12;1741112055749;108
5;1741112059377;127
12;1741112060129;109
1;1741112062266;785
7;1741112062314;426
1;1741112066018;786
3;1741112066202;415
5;1741112068058;128
1;1741112071070;787
8;1741112073163;310
3;1741112076033;416
10;1741112078015;455
7;1741112078530;427
1;1741112082400;788
5;1741112082476;129
1;1741112086285;789
3;1741112087213;417
15;1741112088349;68
5;1741112088936;130
10;1741112089000;456
7;1741112093547;428
10;1741112093674;457
8;1741112096374;311
1;1741112115100;790
10;1741112115260;458
10;1741112117898;459
1;1741112122010;791
3;1741112122378;418
10;1741112123786;460
5;1741112124532;131
1;1741112129401;792
1;1741112131452;793
7;1741112134128;429
10;1741112143566;461
10;1741112150927;462
1;1741112151528;794
3;1741112152520;419
9;1741112154376;117
1;1741112198971;795
4;1741112200171;540
3;1741112209072;420
7;1741112218424;430
1;1741112223128;796
15;1741112223836;69
14;1741112229511;212
14;1741112232215;213
8;1741112234551;312
10;1741112240739;463
7;1741112240771;431
14;1741112271722;214
4;1741112279568;541
4;1741112293549;542
8;1741112297130;313
1;1741112303844;797
7;1741112308806;432
6;1741112308896;166
15;1741112309830;70
13;1741112310070;100
0;1741112311339;247
4;1741112313191;543
7;1741112314994;433
10;1741112315976;464
3;1741112315990;421
17;1741112319070;101
17;1741112323912;102
8;1741112323964;314
6;1741112326105;167
0;1741112330728;248
6;1741112333603;168
8;1741112333907;315
8;1741112337986;316
7;1741112338172;434
4;1741112339283;544
6;1741112344312;169
0;1741112345438;249
1;1741112368410;798
11;1741112374742;69
3;1741112379699;422
6;1741112385249;170
1;1741112385944;799
7;1741112388392;435
17;1741112388559;103
5;1741112389087;132
8;1741112391231;317
4;1741112393502;545
10;1741112403144;465
3;1741112408846;423
1;1741112412301;800
8;1741112414045;318
8;1741112418936;319
3;1741112419144;424
1;1741112419928;801
6;1741112421488;171
10;1741112423444;466
3;1741112427891;425
8;1741112428572;320
8;1741112431183;321
1;1741112432415;802
2;1741112435423;189
0;1741112438126;250
10;1741112438782;467
7;1741112449300;436
1;1741112451513;803
14;1741112465628;215
1;1741112468960;804
1;1741112509343;805
7;1741112512322;437
8;1741112563512;322
7;1741112573092;438
1;1741112578560;806
8;1741112578608;323
13;1741112579313;101
1;1741112581644;807
10;1741112583212;468
16;1741112590091;70
1;1741112596115;808
13;1741112598291;102
3;1741112598748;426
2;1741112599571;190
5;1741112603298;133
3;1741112608523;427
17;1741112638873;104
14;1741112680103;216
1;1741112681670;809
14;1741112688962;217
6;1741112691088;172
10;1741112694577;469
14;1741112694651;218
4;1741112700429;546
14;1741112700939;219
3;1741112709767;428
1;1741112709831;810
4;1741112725146;547
14;1741112753963;220
7;1741112755499;439
8;1741112755675;324
3;1741112768432;429
4;1741112773762;548
10;1741112774124;470
14;1741112775943;221
11;1741112778231;70
10;1741112795258;471
14;1741112805938;222
1;1741112806098;811
17;1741112808357;105
3;1741112808738;430
2;1741112814113;191
10;1741112818557;472
0;1741112819336;251
10;1741112821465;473
1;1741112822910;812
7;1741112826568;440
1;1741112829272;813
3;1741112829304;431
11;1741112829896;71
3;1741112831942;432
15;1741112834022;71
10;1741112834038;474
4;1741112834998;549
4;1741112838070;550
10;1741112839238;475
1;1741112840742;814
10;1741112840949;476
8;1741112855201;325
10;1741112858159;477
1;1741112862781;815
3;1741112873110;433
0;1741112873797;252
7;1741112873936;441
11;1741112874677;72
1;1741112884990;816
1;1741112906492;817
12;1741112908993;110
6;1741112934177;173
11;1741112934689;73
4;1741112938205;551
4;1741112943163;552
18;1741112947657;100
0;1741112948169;253
4;1741112948553;553
12;1741112948713;111
0;1741112952982;254
14;1741112979100;223
0;1741112979196;255
1;1741112985408;818
0;1741112988083;256
0;1741112991503;257
12;1741112993294;112
3;1741112993534;434
8;1741112993880;326
7;1741112998280;442
2;1741113007808;192
7;1741113019346;443
2;1741113019708;193
16;1741113019729;71
0;1741113019761;258
18;1741113020289;101
7;1741113025070;444
8;1741113025694;327
10;1741113025726;478
4;1741113026028;554
3;1741113030028;435
0;1741113047709;259
4;1741113054524;555
3;1741113054592;436
6;1741113054972;174
10;1741113055148;479
10;1741113064371;480
4;1741113069955;556
13;1741113079182;103
4;1741113081194;557
1;1741113081690;819
3;1741113081930;437
0;1741113088086;260
3;1741113094789;438
16;1741113110638;72
14;1741113111640;224
2;1741113113736;194
7;1741113113776;445
9;1741113118851;118
14;1741113119445;225
0;1741113120988;261
10;1741113123013;481
9;1741113123195;119
18;1741113128050;102
1;1741113131984;820
4;1741113133414;558
8;1741113133790;328
3;1741113134030;439
8;1741113139675;329
1;1741113150925;821
4;1741113153452;559
3;1741113154481;440
8;1741113158477;330
8;1741113163819;331
1;1741113165941;822
3;1741113170996;441
1;1741113176483;823
2;1741113176548;195
11;1741113179939;74
4;1741113183872;560
8;1741113183968;332
4;1741113188193;561
1;1741113188608;824
14;1741113191899;226
18;1741113192875;103
15;1741113193179;72
10;1741113193755;482
1;1741113196215;825
2;1741113200487;196
10;1741113203639;483
14;1741113209634;227
11;1741113210037;75
9;1741113210056;120
2;1741113212094;197
11;1741113213384;76
1;1741113214686;826
2;1741113217150;198
11;1741113218894;77
10;1741113219390;484
10;1741113221163;485
1;1741113222731;827
4;1741113223956;562
14;1741113224202;228
9;1741113224234;121
2;1741113224266;199
1;1741113225946;828
14;1741113228347;229
10;1741113229002;486
9;1741113229338;122
15;1741113229882;73
4;1741113231216;563
14;1741113233750;230
11;1741113233814;78
2;1741113233856;200
3;1741113234582;442
1;1741113235782;829
1;1741113235971;830
12;1741113239188;113
2;1741113240400;201
1;1741113241730;831
8;1741113245010;333
4;1741113245074;564
1;1741113246143;832
3;1741113252334;443
4;1741113252366;565
15;1741113254862;74
10;1741113258666;487
10;1741113263414;488
4;1741113264310;566
7;1741113264608;446
11;1741113270805;79
9;1741113273891;123
14;1741113281278;231
11;1741113284430;80
3;1741113284574;444
7;1741113284638;447
1;1741113289124;833
3;1741113289323;445
15;1741113289636;75
7;1741113289700;448
1;1741113291370;834
14;1741113293492;232
15;1741113308624;76
14;1741113308701;233
9;1741113308760;124
8;1741113308860;334
10;1741113313884;489
9;1741113317370;125
13;1741113321368;104
10;1741113324104;490
14;1741113333972;234
11;1741113349468;81
10;1741113350604;491
9;1741113354308;126
8;1741113358451;335
10;1741113358803;492
13;1741113360243;105
0;1741113375021;262
8;1741113388720;336
11;1741113398205;82
7;1741113398633;449
10;1741113399069;493
15;1741113399549;77
3;1741113403515;446
4;1741113403579;567
10;1741113403627;494
14;1741113404059;235
8;1741113405131;337
1;1741113406276;835
8;1741113408473;338
3;1741113409849;447
7;1741113413369;450
8;1741113413856;339
14;1741113418916;236
3;1741113426848;448
4;1741113426880;568
1;1741113426960;836
10;1741113428800;495
3;1741113432984;449
4;1741113433781;569
11;1741113435549;83
1;1741113436093;837
4;1741113438712;570
3;1741113446183;450
1;1741113448343;838
1;1741113451080;839
4;1741129689780;571
4;1741129696291;572
1;1741129700259;840
1;1741129706944;841
8;1741129711339;340
1;1741129716027;842
2;1741129716950;202
17;1741129719142;106
0;1741129720342;263
0;1741129721206;264
5;1741129723622;134
4;1741129726083;573
11;1741129726259;84
1;1741129728179;843
2;1741129728899;203
0;1741129732866;265
9;1741129733010;127
18;1741129733666;104
5;1741129734034;135
18;1741129735983;105
4;1741129736111;574
9;1741129739823;128
16;1741129739855;73
1;1741129739919;844
0;1741129740095;266
8;1741129742891;341
10;1741129790430;496
14;1741129817769;237
7;1741129818324;451
2;1741129819481;204
2;1741129830803;205
14;1741129870778;238
12;1741129902442;114
11;1741129904010;85
8;1741129904490;342
16;1741129909810;74
12;1741129954664;115
4;1741129955328;575
3;1741129986044;451
7;1741129988556;452
7;1741129991037;453
10;1741130034086;497
3;1741130084672;452
1;1741130085636;845
1;1741130091406;846
7;1741130094798;454
3;1741130097291;453
15;1741130108714;78
6;1741130110176;175
2;1741130110197;206
11;1741130110293;86
3;1741130123326;454
4;1741130129897;576
3;1741130146112;455
4;1741130153928;577
8;1741130200763;343
14;1741130218830;239
1;1741130291168;847
0;1741130294127;267
9;1741130294159;129
12;1741130295232;116
8;1741130299385;344
1;1741130300982;848
3;1741130301168;456
13;1741130324047;106
8;1741130324856;345
10;1741130361095;498
7;1741130363191;455
18;1741130364759;106
1;1741130371028;849
6;1741130371058;176
7;1741130373356;456
13;1741130380015;107
10;1741130398612;499
10;1741130408326;500
2;1741130423556;207
4;1741130424986;578
3;1741130425018;457
4;1741130430056;579
4;1741130433458;580
10;1741130433816;501
10;1741130439279;502
15;1741130456160;79
14;1741130463484;240
3;1741130464008;458
0;1741130468859;268
1;1741130478504;850
17;1741130483446;107
4;1741130483996;581
10;1741130484050;503
14;1741130495364;241
0;1741130502453;269
3;1741130504852;459
10;1741130504884;504
0;1741130522512;270
14;1741130525207;242
0;1741130526160;271
14;1741130528518;243
0;1741130531332;272
1;1741130532560;851
14;1741130534740;244
0;1741130536564;273
1;1741130538183;852
14;1741130539404;245
3;1741130539539;460
0;1741130541185;274
14;1741130580671;246
2;1741130589636;208
4;1741130598353;582
11;1741130599793;87
0;1741130601297;275
4;1741130603169;583
5;1741130603198;136
10;1741130603857;505
3;1741130604688;461
14;1741130608379;247
5;1741130608683;137
0;1741130611992;276
11;1741130613672;88
15;1741130613976;80
18;1741130616312;107
5;1741130618199;138
3;1741130618504;462
11;1741130618744;89
0;1741130618984;277
14;1741130621150;248
3;1741130623316;463
0;1741130623907;278
3;1741130628623;464
0;1741130631837;279
4;1741130633668;584
15;1741130638504;81
3;1741130638820;465
4;1741130645621;585
2;1741130645797;209
5;1741130665670;139
4;1741130693542;586
14;1741130693574;249
7;1741130698578;457
2;1741130698716;210
10;1741130699058;506
1;1741130703952;853
1;1741130710120;854
7;1741130710236;458
1;1741130711336;855
7;1741130714334;459
14;1741130728883;250
8;1741130733918;346
18;1741130759505;108
18;1741130764491;109
8;1741130765454;347
10;1741130765676;507
2;1741130814897;211
4;1741130819051;587
15;1741130820116;82
2;1741130820187;212
14;1741130821520;251
11;1741130823367;90
7;1741130823824;460
7;1741130828813;461
7;1741130838693;462
10;1741130839769;508
3;1741130845406;466
18;1741130853851;110
0;1741130854122;280
14;1741130854154;252
0;1741130856854;281
14;1741130859264;253
5;1741130863388;140
5;1741130868561;141
0;1741130869313;282
17;1741130880538;108
10;1741130884376;509
14;1741130890177;254
14;1741130893693;255
14;1741130904202;256
14;1741130906789;257
14;1741130913748;258
0;1741130918734;283
4;1741130919182;588
4;1741130933061;589
18;1741130933351;111
4;1741130938643;590
18;1741130940140;112
12;1741130940434;117
14;1741130945610;259
4;1741130964253;591
14;1741130978536;260
15;1741130988546;83
1;1741130999568;856
9;1741131003917;130
18;1741131006669;113
0;1741131008333;284
9;1741131008686;131
15;1741131009533;84
16;1741131009645;75
1;1741131012585;857
14;1741131023793;261
15;1741131034052;85
14;1741131049888;262
4;1741131055645;592
15;1741131059771;86
15;1741131074627;87
4;1741131079427;593
5;1741131110241;142
14;1741131118526;263
3;1741131148874;467
4;1741131149002;594
8;1741131158309;348
0;1741131163804;285
10;1741131163818;510
3;1741131168816;468
18;1741131196142;114
10;1741131218936;511
2;1741131226140;213
4;1741131227884;595
14;1741131229132;264
1;1741131241155;858
14;1741131244067;265
8;1741131248832;349
2;1741131255263;214
0;1741131269701;286
0;1741131270972;287
3;1741131273426;469
0;1741131276337;288
3;1741131313604;470
10;1741131323904;512
14;1741131357376;266
10;1741131368679;513
10;1741131376088;514
16;1741131378308;76
12;1741131381076;118
0;1741131386204;289
0;1741131393308;290
10;1741131395265;515
18;1741131400680;115
10;1741131401080;516
2;1741131403916;215
3;1741131408100;471
10;1741131423550;517
2;1741131424814;216
0;1741131425502;291
1;1741131428779;859
8;1741131429042;350
10;1741131433463;518
10;1741131438452;519
0;1741131445617;292
10;1741131449435;520
1;1741131457999;860
9;1741131473798;132
18;1741131481152;116
1;1741131482463;861
18;1741131489484;117
10;1741131495684;521
1;1741131496279;862
8;1741131496343;351
10;1741131501324;522
9;1741131506130;133
4;1741131510644;596
4;1741131513518;597
1;1741131513966;863
7;1741131514510;463
15;1741131514750;88
6;1741131518316;177
0;1741131521016;293
1;1741131523784;864
13;1741131524957;108
6;1741131526725;178
2;1741131530085;217
3;1741131533092;472
7;1741131533715;464
9;1741131534739;134
15;1741131538526;89
8;1741131539408;352
16;1741131539934;77
3;1741131546395;473
8;1741131550266;353
4;1741131550378;598
3;1741131551476;474
0;1741131552870;294
14;1741131608512;267
10;1741131629569;523
8;1741131635116;354
1;1741131635148;865
0;1741131642086;295
3;1741131642326;475
1;1741131642393;866
13;1741131643737;109
8;1741131643862;355
10;1741131648524;524
10;1741131653460;525
10;1741131658174;526
10;1741131688767;527
11;1741131698445;91
14;1741131700061;268
10;1741131704621;528
14;1741131708426;269
10;1741131713635;529
18;1741131713731;118
0;1741131716690;296
10;1741131718668;530
12;1741131718684;119
18;1741131719186;119
0;1741131724092;297
1;1741131728467;867
1;1741131735019;868
3;1741131735259;476
0;1741131740153;298
9;1741131740329;135
14;1741131744615;270
10;1741131745127;531
14;1741131745971;271
10;1741131748675;532
15;1741131762601;90
1;1741131782444;869
3;1741131782480;477
2;1741131782928;218
10;1741131788220;533
18;1741131788368;120
14;1741131788428;272
13;1741131788844;110
2;1741131789308;219
3;1741131789640;478
1;1741131790000;870
8;1741131790014;356
14;1741131793541;273
5;1741131794521;143
3;1741131794681;479
1;1741131794700;871
1;1741131796119;872
18;1741131796631;121
5;1741131798822;144
10;1741131798854;534
1;1741131802276;873
3;1741131804080;480
7;1741131808370;465
1;1741131808482;874
1;1741131810941;875
7;1741131811645;466
15;1741131814397;91
3;1741131816329;481
1;1741131816473;876
11;1741131819049;92
1;1741131820969;877
8;1741131821243;357
10;1741131823732;535
14;1741131823750;274
18;1741131823876;122
10;1741131828748;536
4;1741131830742;599
1;1741131830759;878
1;1741131832148;879
14;1741131832596;275
4;1741131836562;600
2;1741131837938;220
1;1741131838866;880
7;1741131838898;467
11;1741131839108;93
18;1741131839152;123
11;1741131843776;94
2;1741131844128;221
1;1741131844992;881
2;1741131846047;222
1;1741131848280;882
4;1741131848847;601
18;1741131848888;124
7;1741131851118;468
14;1741131851326;276
1;1741131851367;883
10;1741131853198;537
5;1741131853470;145
4;1741131853886;602
1;1741131859704;884
4;1741131859720;603
3;1741131859743;482
1;1741131860940;885
7;1741131861068;469
10;1741131863997;538
14;1741131868604;277
1;1741131877817;886
8;1741131881031;358
10;1741131883638;539
10;1741131898350;540
15;1741131900728;92
17;1741131903944;109
18;1741131918812;125
14;1741131919587;278
8;1741131923495;359
1;1741131924145;887
7;1741131925137;470
18;1741131926093;126
7;1741131929040;471
10;1741131933068;541
8;1741131935100;360
10;1741131939817;542
4;1741131940089;604
7;1741131940265;472
18;1741131943156;127
7;1741131943698;473
9;1741131943993;136
1;1741131944148;888
18;1741131948979;128
3;1741131950771;483
8;1741131950803;361
10;1741131953528;543
14;1741131954863;279
1;1741131955199;889
18;1741131958799;129
14;1741131959464;280
18;1741131970473;130
15;1741131975286;93
8;1741131976162;362
9;1741131995720;137
3;1741131998968;484
7;1741132003201;474
11;1741132003633;95
10;1741132004321;544
1;1741132018153;890
10;1741132023888;545
4;1741132028034;605
3;1741132028912;485
12;1741132030684;120
4;1741132033816;606
15;1741132034056;94
10;1741132034318;546
7;1741132034766;475
1;1741132038987;891
8;1741132040980;363
15;1741132041098;95
3;1741132044122;486
1;1741132046896;892
10;1741132047013;547
1;1741132061666;893
3;1741132064308;487
10;1741132086189;548
0;1741132098440;299
14;1741132099832;281
18;1741132106015;131
10;1741132108655;549
0;1741132115022;300
4;1741132124964;607
1;1741132124984;894
8;1741132125000;364
1;1741132128440;895
18;1741132128775;132
1;1741132131092;896
10;1741132133426;550
10;1741132136001;551
7;1741132144856;476
7;1741132146121;477
10;1741132148980;552
3;1741132152935;488
1;1741132153927;897
8;1741132165375;365
3;1741132165439;489
18;1741132173803;133
10;1741132175611;553
10;1741132178680;554
14;1741132180440;282
1;1741132188548;898
4;1741132189068;608
8;1741132190416;366
3;1741132190961;490
10;1741132191132;555
1;1741132194248;899
8;1741132194315;367
4;1741132194619;609
1;1741132195959;900
10;1741132197978;556
7;1741132198186;478
17;1741132203520;110
10;1741132203799;557
10;1741132209575;558
7;1741132213748;479
4;1741132229752;610
14;1741132230504;283
1;1741132251791;901
1;1741132258940;902
3;1741132259148;491
4;1741132259292;611
8;1741132259909;368
14;1741132263497;284
4;1741132265243;612
2;1741132268358;223
7;1741132274182;480
4;1741132274854;613
3;1741132275094;492
1;1741132275110;903
1;1741132276531;904
3;1741132276675;493
14;1741132288627;285
0;1741132299771;301
0;1741132300969;302
7;1741132301785;481
4;1741132303976;614
0;1741132306199;303
4;1741132308567;615
11;1741132309383;96
5;1741132309552;146
0;1741132310930;304
11;1741132311299;97
4;1741132312082;616
10;1741132314540;559
1;1741132314930;905
14;1741132318959;286
1;1741132324271;906
3;1741132324303;494
10;1741132328475;560
8;1741132328748;369
1;1741132333190;907
3;1741132333289;495
4;1741132333340;617
0;1741132354108;305
11;1741132354184;98
0;1741132368976;306
5;1741132369360;147
4;1741132369573;618
8;1741132369605;370
3;1741132369680;496
1;1741132379820;908
5;1741132380396;148
11;1741132380636;99
11;1741132382728;100
3;1741132383676;497
18;1741132384712;134
5;1741132388864;149
2;1741132393204;224
1;1741132396899;909
2;1741132402239;225
1;1741132408908;910
8;1741132409067;371
7;1741132412328;482
10;1741132414100;561
10;1741132418084;562
10;1741132421220;563
4;1741132423332;619
0;1741132424478;307
7;1741132425540;483
7;1741132426241;484
0;1741132427009;308
18;1741132428194;135
4;1741132428524;620
5;1741132428609;150
1;1741132428914;911
0;1741132430940;309
1;1741132430974;912
18;1741132433199;136
8;1741132433459;372
3;1741132433630;498
10;1741132433784;564
12;1741132438123;121
3;1741132438804;499
15;1741132438884;96
0;1741132440956;310
10;1741132449793;565
12;1741132450550;122
12;1741132453988;123
4;1741132469360;621
8;1741132471210;373
3;1741132472986;500
10;1741132473082;566
1;1741132474842;913
10;1741132478870;567
8;1741132479206;374
16;1741132479318;78
5;1741132479447;151
3;1741132484198;501
12;1741132484278;124
0;1741132489778;311
15;1741132491038;97
0;1741132491758;312
7;1741132492318;485
10;1741132492968;568
1;1741132493613;914
3;1741132493912;502
8;1741132501882;375
3;1741132509017;503
10;1741132509048;569
3;1741132516049;504
10;1741132516097;570
8;1741132518748;376
4;1741132519377;622
4;1741132528237;623
7;1741132529020;486
15;1741132530300;98
7;1741132534234;487
14;1741132535387;287
1;1741132536137;915
7;1741132538297;488
1;1741132540995;916
7;1741132541395;489
1;1741132545999;917
8;1741132546158;377
10;1741132548527;571
1;1741132551056;918
10;1741132555085;572
1;1741132556155;919
7;1741132556347;490
10;1741132568613;573
3;1741132568981;505
3;1741132571088;506
8;1741132574012;378
3;1741132578255;507
10;1741132581048;574
4;1741132583604;624
5;1741132584411;152
14;1741132586089;288
8;1741132588169;379
1;1741132589913;920
2;1741132590196;226
7;1741132600514;491
1;1741132605694;921
2;1741132609390;227
4;1741132609517;625
3;1741132610141;508
8;1741132610349;380
5;1741132610685;153
4;1741132611051;626
1;1741132615227;922
17;1741132625428;111
1;1741132629084;923
8;1741132629329;381
3;1741132629569;509
17;1741132631648;112
0;1741132632764;313
3;1741132633200;510
15;1741132633680;99
10;1741132633744;575
2;1741132633952;228
4;1741132648995;627
10;1741132649907;576
1;1741132651135;924
8;1741132652271;382
10;1741132658906;577
10;1741132663946;578
12;1741132664522;125
15;1741132668518;100
4;1741132668966;628
8;1741132669664;383
10;1741132679745;579
1;1741132679777;925
10;1741132683152;580
4;1741132683325;629
1;1741132684061;926
9;1741132685661;138
1;1741132685961;927
10;1741132686084;581
8;1741132688457;384
3;1741132688665;511
15;1741132689481;101
1;1741132690961;928
7;1741132691008;492
1;1741132700716;929
7;1741132700792;493
15;1741132710638;102
15;1741132713308;103
3;1741132725110;512
3;1741132740429;513
4;1741132742800;630
11;1741132784653;101
3;1741132811079;514
3;1741132822852;515
6;1741132828680;179
1;1741132828879;930
4;1741132829192;631
5;1741132830207;154
10;1741132833772;582
10;1741132842791;583
1;1741132842822;931
0;1741132845584;314
0;1741132855724;315
0;1741132856511;316
10;1741132859022;584
1;1741132859182;932
8;1741132859214;385
1;1741132861342;933
0;1741132861374;317
8;1741132861582;386
10;1741132868730;585
0;1741132869786;318
4;1741132870346;632
4;1741132876324;633
4;1741132887970;634
0;1741132893896;319
10;1741132895486;586
1;1741132901097;934
10;1741132906022;587
3;1741132907675;516
0;1741132909237;320
14;1741132910981;289
3;1741132913621;517
7;1741132913765;494
0;1741132914004;321
5;1741132918514;155
1;1741132921265;935
12;1741132925120;126
5;1741132925540;156
4;1741132930494;635
3;1741132930584;518
10;1741132953436;588
14;1741132959391;290
3;1741132960364;519
3;1741132963706;520
0;1741132966008;322
7;1741132972642;495
10;1741132975137;589
0;1741132977214;323
1;1741132983005;936
10;1741132983046;590
3;1741132984653;521
8;1741132984781;387
4;1741132984813;636
7;1741132984893;496
11;1741132984989;102
1;1741132986123;937
7;1741132986603;497
8;1741132989258;388
11;1741132989876;103
8;1741133003393;389
7;1741133003873;498
1;1741133030052;938
1;1741133053140;939
1;1741133057324;940
8;1741133057344;390
7;1741133069786;499
10;1741133073237;591
8;1741133079424;391
4;1741133079781;637
1;1741133083996;941
1;1741133090291;942
14;1741133093612;291
7;1741133093803;500
13;1741133098872;111
14;1741133104422;292
11;1741133106240;104
1;1741133109006;943
1;1741133116444;944
13;1741133116865;112
16;1741133118209;79
3;1741133119713;522
10;1741133120768;592
16;1741133124190;80
17;1741133127646;113
10;1741133128398;593
14;1741133131095;293
13;1741133163222;113
18;1741133179787;137
6;1741133188469;180
0;1741133191602;324
8;1741133193660;392
2;1741133196456;229
1;1741133215368;945
7;1741133218264;501
1;1741133221775;946
2;1741133223448;230
13;1741133224030;114
7;1741133224206;502
1;1741133228829;947
15;1741133228932;104
11;1741133229423;105
4;1741133231257;638
1;1741133232073;948
11;1741133232425;106
10;1741133233688;594
10;1741133238197;595
10;1741133245796;596
18;1741133251949;138
1;1741133258105;949
10;1741133258502;597
8;1741133260265;393
10;1741133263206;598
17;1741133263478;114
1;1741133269956;950
4;1741133272984;639
10;1741133273466;599
0;1741133306648;325
8;1741133308060;394
10;1741133308488;600
1;1741133314032;951
4;1741133316259;640
1;1741133321756;952
7;1741133321792;503
15;1741133328613;105
0;1741133329421;326
17;1741133330442;115
15;1741133334455;106
10;1741133340706;601
10;1741133344240;602
2;1741133349922;231
15;1741133350526;107
2;1741133353380;232
10;1741133364211;603
8;1741133403482;395
8;1741133406792;396
1;1741133418368;953
12;1741133419042;127
1;1741133420925;954
3;1741133421085;523
8;1741133423415;397
4;1741133423789;641
14;1741133428052;294
3;1741133428308;524
8;1741133428953;398
15;1741133429065;108
13;1741133433032;115
7;1741133434808;504
1;1741133435936;955
7;1741133436273;505
13;1741133438476;116
4;1741133439072;642
10;1741133443805;604
13;1741133443964;117
7;1741133444120;506
2;1741133444952;233
9;1741133453190;139
10;1741133458068;605
2;1741133459332;234
9;1741133460020;140
10;1741133469044;606
16;1741133496290;81
14;1741133498130;295
14;1741133570582;296
14;1741133578863;297
14;1741133581149;298
11;1741133583948;107
0;1741133606732;327
17;1741133608556;116
0;1741133612012;328
14;1741133612044;299
10;1741133615412;607
4;1741133617959;643
13;1741133619047;118
16;1741133623875;82
6;1741133624323;181
0;1741133626163;329
3;1741133631292;525
0;1741133638985;330
12;1741133639129;128
14;1741133639161;300
18;1741133668189;139
1;1741133673624;956
10;1741133673960;608
0;1741133680084;331
14;1741133680116;301
7;1741133683040;507
3;1741133683714;526
14;1741133683900;302
1;1741133688589;957
7;1741133689965;508
3;1741133690109;527
11;1741133699514;108
10;1741133701157;609
0;1741133701472;332
3;1741133702005;528
14;1741133703069;303
8;1741133703205;399
7;1741133703749;509
4;1741133704112;644
12;1741133704373;129
7;1741133706176;510
10;1741133708196;610
1;1741133715960;958
7;1741133716029;511
3;1741133717950;529
2;1741133719725;235
4;1741133724763;645
3;1741133725611;530
1;1741133728184;959
10;1741133731012;611
1;1741133734963;960
3;1741133738307;531
4;1741133738691;646
8;1741133738899;400
8;1741133743201;401
10;1741133743283;612
1;1741133746079;961
7;1741133750590;512
10;1741133753673;613
15;1741133753881;109
2;1741133758453;236
1;1741133761220;962
14;1741133763569;304
4;1741133764508;647
10;1741133765411;614
12;1741133769288;130
14;1741133769327;305
7;1741133769712;513
8;1741133769984;402
3;1741133774794;532
4;1741133774810;648
7;1741133774938;514
1;1741133775594;963
15;1741133778505;110
14;1741133778569;306
1;1741133780377;964
3;1741133780409;533
8;1741133780618;403
11;1741133782053;109
2;1741133782260;237
1;1741133782773;965
3;1741133782804;534
4;1741133782836;649
14;1741133783316;307
7;1741133783765;515
8;1741133783888;404
4;1741133789232;650
1;1741133791214;966
12;1741133793214;131
4;1741133793710;651
15;1741133794094;111
2;1741133794334;238
1;1741133796188;967
2;1741133798603;239
14;1741133799835;308
11;1741133799883;110
15;1741133800555;112
1;1741133801399;968
7;1741133801520;516
14;1741133803015;309
8;1741133803692;405
10;1741133804903;615
15;1741133805015;113
1;1741133806230;969
15;1741133806724;114
4;1741133808358;652
3;1741133808630;535
8;1741133808950;406
1;1741133811027;970
3;1741133811395;536
7;1741133813395;517
8;1741133813427;407
12;1741133813500;132
14;1741133813603;310
4;1741133813667;653
10;1741133815715;616
1;1741133815954;971
10;1741133816059;617
3;1741133818558;537
7;1741133819134;518
8;1741133819758;408
1;1741133821327;972
2;1741133824153;240
15;1741133828380;115
2;1741133828988;241
2;1741133831772;242
10;1741133833516;618
6;1741133834571;182
3;1741133835051;538
1;1741133835092;973
8;1741133838004;409
4;1741133838920;654
7;1741133838952;519
3;1741133838984;539
3;1741133843781;540
12;1741133844022;133
10;1741133844384;619
0;1741133847236;333
1;1741133847376;974
14;1741133847968;311
10;1741133848052;620
4;1741133849100;655
11;1741133849248;111
8;1741133849556;410
18;1741133850564;140
0;1741133850943;334
2;1741133852497;243
14;1741133853969;312
8;1741133854481;411
0;1741133855974;335
11;1741133859580;112
12;1741133859697;134
2;1741133859761;244
18;1741133859793;141
1;1741133860417;975
10;1741133861021;621
18;1741133861080;142
0;1741133861469;336
11;1741133863181;113
7;1741133863693;520
0;1741133869130;337
3;1741133869882;541
1;1741133869918;976
7;1741133869960;521
4;1741133871176;656
1;1741133871224;977
0;1741133872520;338
15;1741133873208;116
10;1741133873816;622
7;1741133875640;522
1;1741133876934;978
7;1741133877830;523
4;1741133879337;657
10;1741133879574;623
8;1741133883791;412
14;1741133885765;313
0;1741133885797;339
0;1741133894467;340
17;1741133894552;117
10;1741133898396;624
10;1741133913386;625
1;1741133914469;979
4;1741133914499;658
1;1741133916081;980
7;1741133918108;524
4;1741133918225;659
10;1741133918753;626
8;1741133919297;413
1;1741133920978;981
10;1741133921068;627
13;1741133923484;119
11;1741133928363;114
10;1741133928433;628
18;1741133929035;143
5;1741133929323;157
12;1741133930027;135
10;1741133933015;629
15;1741133940436;117
7;1741133945298;525
3;1741133948242;542
1;1741133948577;982
7;1741133948818;526
4;1741133948913;660
1;1741133951213;983
7;1741133951549;527
10;1741133953229;630
1;1741133956297;984
15;1741133958814;118
10;1741133959145;631
5;1741133959241;158
11;1741133970160;115
2;1741133970581;245
7;1741133972210;528
1;1741133972242;985
14;1741133973320;314
12;1741133973650;136
10;1741133973707;632
18;1741133973970;144
1;1741133976108;986
14;1741133978064;315
2;1741133980224;246
11;1741133983192;116
2;1741133983533;247
4;1741133993557;661
3;1741133993669;543
2;1741133993765;248
14;1741133998928;316
14;1741134003855;317
4;1741134008696;662
14;1741134008984;318
11;1741134009021;117
1;1741134011291;987
4;1741134013199;663
12;1741134013708;137
5;1741134014220;159
3;1741134014699;544
8;1741134014716;414
7;1741134014939;529
1;1741134015977;988
10;1741134016180;633
8;1741134018776;415
11;1741134021635;118
11;1741134028428;119
15;1741134033181;119
7;1741134053671;530
1;1741134056129;989
14;1741134058705;319
2;1741134059457;249
11;1741134064078;120
17;1741134064445;118
4;1741134064589;664
3;1741134064648;545
1;1741134065069;990
5;1741134065789;160
15;1741134069369;120
2;1741134074057;250
2;1741134076181;251
10;1741134078581;634
12;1741134079333;138
10;1741134082228;635
10;1741134098420;636
12;1741134118731;139
4;1741134153897;665
10;1741134158786;637
13;1741134159201;120
16;1741134159233;83
3;1741134159512;546
4;1741134159538;666
10;1741134164128;638
16;1741134164464;84
4;1741134164607;667
3;1741134164848;547
8;1741134166456;416
1;1741134166829;991
7;1741134180608;531
7;1741134183223;532
3;1741134188912;548
4;1741134196464;668
0;1741134196944;341
11;1741134197888;121
3;1741134198240;549
1;1741134202956;992
10;1741134203372;639
7;1741134205052;533
0;1741134218210;342
2;1741134225980;252
1;1741134230062;993
3;1741134230093;550
4;1741134230126;669
14;1741134235115;320
14;1741134241651;321
11;1741134254988;122
11;1741134260184;123
11;1741134265077;124
13;1741134265492;121
12;1741134268642;140
14;1741134268898;322
11;1741134269186;125
2;1741134269826;253
14;1741134273720;323
12;1741134275820;141
11;1741134279337;126
4;1741134279978;670
12;1741134283842;142
12;1741134288657;143
14;1741134289729;324
4;1741134290321;671
14;1741134293124;325
14;1741134299637;326
14;1741134303666;327
13;1741134303824;122
14;1741134319305;328
4;1741134321589;672
12;1741134323749;144
14;1741134323813;329
4;1741134333263;673
8;1741134335551;417
4;1741134338472;674
14;1741134338524;330
13;1741134348313;123
14;1741134353864;331
14;1741134356041;332
4;1741134358369;675
8;1741134358705;418
1;1741134360561;994
14;1741134363775;333
8;1741134371063;419
4;1741134373319;676
3;1741134373527;551
10;1741134374487;640
3;1741134378962;552
14;1741134379170;334
3;1741134381632;553
3;1741134388548;554
8;1741134388675;420
1;1741134389720;995
8;1741134393771;421
1;1741134396616;996
2;1741134396951;254
10;1741134398487;641
8;1741134398928;422
15;1741134399384;121
3;1741134400758;555
4;1741134405029;677
3;1741134408032;556
4;1741134409584;678
2;1741134409648;255
10;1741134412956;642
11;1741134415148;127
10;1741134417588;643
17;1741134421608;119
10;1741134424360;644
14;1741134424392;335
12;1741134429108;145
15;1741134429808;122
8;1741134430555;423
10;1741134430590;645
14;1741134434994;336
1;1741134437148;997
17;1741134438476;120
8;1741134440636;424
2;1741134441866;256
14;1741134442052;337
1;1741134442442;998
12;1741134448672;146
3;1741134456493;557
7;1741134458296;534
8;1741134458861;425
14;1741134462701;338
10;1741134463432;646
12;1741134464621;147
11;1741134468916;128
14;1741134470934;339
0;1741134479904;343
10;1741134484959;647
0;1741134485519;344
1;1741134485752;999
3;1741134485769;558
11;1741134490157;129
2;1741134493681;257
11;1741134499223;130
11;1741134508594;131
14;1741134518653;340
12;1741134518877;148
10;1741134519661;648
1;1741134519997;1000
3;1741134520237;559
4;1741134520573;679
14;1741134523243;341
2;1741134527899;258
10;1741134529392;649
7;1741134531831;535
11;1741134533030;132
10;1741134536070;650
2;1741134537074;259
7;1741134538674;536
15;1741134544350;123
9;1741134545182;141
4;1741134580548;680
8;1741134591455;426
2;1741134597740;260
10;1741134603288;651
12;1741134605240;149
15;1741134605272;124
0;1741134606709;345
2;1741134674344;261
18;1741134678956;145
10;1741134683404;652
3;1741134683912;560
10;1741134699975;653
15;1741134703934;125
11;1741134708956;133
14;1741134709078;342
12;1741134713066;150
15;1741134723561;126
6;1741134723845;183
14;1741134726095;343
11;1741134735563;134
9;1741134738148;142
16;1741134738218;85
13;1741134738426;124
14;1741134738868;344
15;1741134745047;127
10;1741134749237;654
8;1741134760445;427
3;1741134768464;561
16;1741134768728;86
8;1741134772357;428
1;1741134773477;1001
10;1741134775701;655
6;1741134785726;184
10;1741134794554;656
1;1741134801099;1002
10;1741134808419;657
6;1741134834384;185
14;1741134839106;345
3;1741134849387;562
10;1741134856548;658
12;1741134858868;151
10;1741134863972;659
11;1741134866047;135
18;1741134866287;146
0;1741134873926;346
11;1741134874207;136
12;1741134878684;152
13;1741134879404;125
7;1741134880492;537
7;1741134881076;538
1;1741134881865;1003
14;1741134884841;346
14;1741134888983;347
12;1741134903757;153
8;1741134906121;429
14;1741134908889;348
3;1741134909433;563
8;1741134913479;430
18;1741134919393;147
12;1741134940383;154
14;1741134945259;349
14;1741134948217;350
1;1741134967440;1004
0;1741134968328;347
3;1741134972132;564
4;1741134975210;681
14;1741134985091;351
14;1741134986929;352
4;1741135009412;682
1;1741135020004;1005
3;1741135020019;565
7;1741135020410;539
1;1741135021610;1006
17;1741135024082;121
14;1741135028512;353
12;1741135028529;155
17;1741135029542;122
5;1741135029895;161
2;1741135049229;262
18;1741135049837;148
3;1741135053337;566
1;1741135060132;1007
3;1741135060208;567
4;1741135060243;683
15;1741135063827;128
14;1741135064916;354
13;1741135068424;126
0;1741135086638;348
15;1741135104681;129
2;1741135105769;263
10;1741135109463;660
14;1741135109590;355
12;1741135118739;156
15;1741135129484;130
4;1741135138132;684
0;1741135141702;349
14;1741135145632;356
0;1741135147151;350
14;1741135147903;357
14;1741135158731;358
17;1741135164951;123
2;1741135173036;264
3;1741135175219;568
1;1741135176397;1008
18;1741135200561;149
11;1741135203496;137
14;1741135203918;359
9;1741135204110;143
1;1741135214549;1009
4;1741135215365;685
8;1741135215461;431
1;1741135221856;1010
3;1741135223056;569
4;1741135243535;686
1;1741135246010;1011
3;1741135248461;570
4;1741135260966;687
4;1741135269890;688
3;1741135270610;571
4;1741135290104;689
9;1741135296136;144
11;1741135298295;138
1;1741135298743;1012
10;1741135298872;661
8;1741135303586;432
11;1741135304028;139
8;1741135317209;433
7;1741135318889;540
7;1741135321141;541
3;1741135324053;572
1;1741135326341;1013
7;1741135388408;542
9;1741135389071;145
16;1741135393549;87
10;1741135393602;662
17;1741135394054;124
12;1741135398313;157
2;1741135398729;265
7;1741135404502;543
7;1741135415488;544
10;1741135420712;663
10;1741135421103;664
8;1741135425328;434
7;1741135425957;545
0;1741135428756;351
7;1741135439774;546
10;1741135439806;665
1;1741135439848;1014
9;1741135443532;146
11;1741135445179;140
17;1741135445596;125
0;1741135446199;352
7;1741135458787;547
1;1741135462029;1015
8;1741135462108;435
3;1741135463709;573
18;1741135463820;150
10;1741135466202;666
13;1741135468058;127
6;1741135468778;186
1;1741135469114;1016
8;1741135469252;436
2;1741135484776;266
3;1741135500281;574
2;1741135504032;267
4;1741135511152;690
1;1741135515231;1017
3;1741135515272;575
10;1741135515368;667
8;1741135515567;437
4;1741135529056;691
4;1741135534596;692
0;1741135538386;353
7;1741135538594;548
4;1741135538684;693
0;1741135541902;354
9;1741135589728;147
15;1741135594620;131
10;1741135598977;668
8;1741135600530;438
9;1741135605374;148
13;1741135605550;128
7;1741135610587;549
15;1741135614736;132
6;1741135615031;187
6;1741135616775;188
6;1741135634588;189
14;1741135678880;360
17;1741135690576;126
6;1741135698452;190
1;1741135704599;1018
4;1741135716141;694
12;1741135718237;158
7;1741135724331;550
8;1741135724404;439
8;1741135728233;440
12;1741135728840;159
10;1741135754537;669
1;1741135758086;1019
4;1741136038052;695
2;1741136038730;268
15;1741136038772;133
6;1741136039722;191
16;1741136039764;88
18;1741136039849;151
17;1741136040431;127
0;1741136040778;355
15;1741136056602;134
1;1741136058186;1020
3;1741136060746;576
1;1741136062624;1021
8;1741136062639;441
3;1741136063173;577
18;1741136066708;152
4;1741136068304;696
10;1741136068768;670
14;1741136070292;361
8;1741136071116;442
1;1741136073233;1022
10;1741136074616;671
14;1741136075632;362
1;1741136075994;1023
4;1741136079562;697
14;1741136083866;363
1;1741136085386;1024
10;1741136085418;672
1;1741136095570;1025
10;1741136098657;673
1;1741136102109;1026
7;1741136102173;551
3;1741136115415;578
4;1741136118760;698
10;1741136118804;674
8;1741136119316;443
14;1741136122996;364
15;1741136125204;135
1;1741136127425;1027
5;1741136128273;162
4;1741136128876;699
14;1741136134417;365
5;1741136134545;163
2;1741136153318;269
10;1741136158010;675
10;1741136163683;676
10;1741136168417;677
18;1741136171065;153
8;1741136173854;444
8;1741136183180;445
1;1741136186097;1028
9;1741136198324;149
13;1741136202709;129
1;1741136203936;1029
3;1741136203953;579
4;1741136203967;700
8;1741136208672;446
1;1741136220725;1030
8;1741136233895;447
0;1741136234711;356
1;1741136235671;1031
8;1741136239093;448
2;1741136241683;270
0;1741136243100;357
13;1741136243564;130
8;1741136265601;449
10;1741136268247;678
7;1741136270343;552
7;1741136273202;553
7;1741136275999;554
14;1741136278102;366
1;1741136280974;1032
2;1741136281855;271
8;1741136291212;450
1;1741136293710;1033
3;1741136299208;580
4;1741136299286;701
10;1741136299624;679
1;1741136300948;1034
10;1741136303381;680
8;1741136303556;451
4;1741136308147;702
4;1741136313263;703
8;1741136313375;452
1;1741136313439;1035
14;1741136313954;367
0;1741136315119;358
14;1741136315929;368
1;1741136317858;1036
10;1741136319385;681
7;1741136319625;555
4;1741136319869;704
0;1741136320521;359
1;1741136320960;1037
8;1741136321128;453
3;1741136323912;581
2;1741136323976;272
1;1741136326501;1038
3;1741136326677;582
2;1741136328892;273
1;1741136330965;1039
2;1741136331136;274
3;1741136333200;583
8;1741136333428;454
15;1741136333744;136
7;1741136333908;556
2;1741136335953;275
18;1741136337760;154
1;1741136338144;1040
1;1741136341464;1041
4;1741136343548;705
14;1741136344036;369
1;1741136346938;1042
8;1741136347131;455
3;1741136349146;584
2;1741136349866;276
1;1741136351398;1043
2;1741136354486;277
8;1741136355110;456
10;1741136355446;682
10;1741136356060;683
1;1741136356130;1044
3;1741136356226;585
2;1741136356594;278
2;1741136363041;279
18;1741136363156;155
15;1741136363201;137
14;1741136363825;370
13;1741136364385;131
18;1741136373067;156
4;1741136373228;706
3;1741136373755;586
5;1741136374395;164
2;1741136374843;280
7;1741136374907;557
1;1741136375627;1045
2;1741136376552;281
1;1741136376624;1046
7;1741136378192;558
3;1741136378631;587
15;1741136379016;138
10;1741136379911;684
7;1741136382884;559
10;1741136383676;685
8;1741136383812;457
14;1741136384532;371
15;1741136388005;139
1;1741136388812;1047
3;1741136388835;588
4;1741136388956;707
8;1741136390275;458
8;1741136393760;459
14;1741136393936;372
8;1741136399216;460
2;1741136399644;282
1;1741136399724;1048
1;1741136403308;1049
14;1741136403912;373
1;1741136412889;1050
15;1741136424054;140
8;1741136424742;461
14;1741136428904;374
9;1741136429071;150
1;1741136431341;1051
15;1741136434621;141
4;1741136434893;708
15;1741136439917;142
4;1741136464643;709
3;1741136468194;589
2;1741136473656;283
18;1741136473832;157
6;1741136478455;192
8;1741136478824;462
10;1741136483749;686
8;1741136483957;463
11;1741136484101;141
4;1741136509993;710
1;1741136510009;1052
10;1741136510041;687
0;1741136556493;360
4;1741136557613;711
4;1741136573699;712
1;1741136574147;1053
6;1741136574179;193
0;1741136575084;361
10;1741136579039;688
7;1741136579471;560
8;1741136603525;464
15;1741136609824;143
4;1741136610517;713
0;1741136615168;362
1;1741136618716;1054
8;1741136618872;465
14;1741136619340;375
3;1741136628084;590
10;1741136628553;689
1;1741136628681;1055
15;1741136628953;144
1;1741136631077;1056
0;1741136631829;363
4;1741136633273;714
0;1741136636940;364
14;1741136638901;376
3;1741136640031;591
1;1741136640063;1057
10;1741136640095;690
8;1741136643736;466
14;1741136644268;377
0;1741136646628;365
10;1741136651416;691
1;1741136659605;1058
14;1741136659637;378
4;1741136659909;715
3;1741136659941;592
8;1741136663804;467
10;1741136663922;692
11;1741136665186;142
1;1741136667742;1059
14;1741136668734;379
7;1741136669598;561
1;1741136679332;1060
8;1741136679349;468
14;1741136679481;380
7;1741136680548;562
4;1741136680917;716
0;1741136682117;366
12;1741136684588;160
14;1741136686041;381
0;1741136686180;367
10;1741136688288;693
14;1741136693386;382
0;1741136707467;368
12;1741136707518;161
8;1741136715784;469
14;1741136741671;383
3;1741136749890;593
1;1741136749922;1061
4;1741136749992;717
1;1741136754992;1062
3;1741136755148;594
1;1741136759032;1063
1;1741136761250;1064
7;1741136762587;563
10;1741136763562;694
3;1741136765108;595
1;1741136774078;1065
4;1741136774421;718
7;1741136778593;564
14;1741136791034;384
14;1741136803301;385
10;1741136815109;695
12;1741136821876;162
4;1741136829088;719
8;1741136829105;470
7;1741136830391;565
8;1741136834211;471
4;1741136838801;720
18;1741136842078;158
14;1741136844047;386
2;1741136844206;284
3;1741136870002;596
4;1741136870038;721
1;1741136871032;1066
10;1741136871406;696
3;1741136871742;597
7;1741136872986;566
1;1741136875950;1067
7;1741136876157;567
14;1741136878187;387
3;1741136878636;598
16;1741136878660;89
10;1741136878892;697
3;1741136881831;599
7;1741136882903;568
10;1741136883111;698
1;1741136884272;1068
7;1741136887964;569
8;1741136889027;472
1;1741136891347;1069
10;1741136891379;699
3;1741136891683;600
2;1741136893008;285
1;1741136896141;1070
2;1741136897469;286
8;1741136898461;473
4;1741136898797;722
1;1741136901846;1071
12;1741136904256;163
0;1741136904350;369
1;1741136906390;1072
7;1741136907382;570
0;1741136910779;370
4;1741136915995;723
18;1741136916071;159
10;1741136918523;700
1;1741136919211;1073
14;1741136919771;388
10;1741136921065;701
14;1741136923801;389
5;1741136925097;165
1;1741136925944;1074
14;1741136930948;390
7;1741136933202;571
1;1741136933473;1075
2;1741136933936;287
16;1741136934769;90
1;1741136935937;1076
7;1741136937260;572
16;1741136939596;91
0;1741136945036;371
1;1741136945356;1077
10;1741136945393;702
2;1741136948340;288
2;1741136955593;289
15;1741136983679;145
2;1741136988394;290
14;1741136988517;391
4;1741136989876;724
8;1741136989896;474
10;1741136989915;703
18;1741136993602;160
7;1741136993644;573
3;1741136993896;601
12;1741136998787;164
18;1741136998864;161
14;1741136999525;392
15;1741137000709;146
12;1741137003217;165
16;1741137004348;92
1;1741137007869;1078
7;1741137008083;574
3;1741137008109;602
4;1741137008477;725
14;1741137009021;393
14;1741137020456;394
8;1741137025267;475
1;1741137025340;1079
7;1741137028799;575
1;1741137029348;1080
10;1741137029374;704
4;1741137029646;726
3;1741137029688;603
14;1741137030024;395
7;1741137031117;576
1;1741137031229;1081
8;1741137033421;476
4;1741137034808;727
1;1741137035945;1082
7;1741137036017;577
4;1741137038649;728
8;1741137038777;477
1;1741137042548;1083
8;1741137043908;478
15;1741137045651;147
1;1741137045939;1084
10;1741137046188;705
8;1741137048725;479
3;1741137048867;604
18;1741137049763;162
18;1741137051006;163
1;1741137051135;1085
10;1741137053455;706
8;1741137053663;480
1;1741137056093;1086
15;1741137056509;148
7;1741137058360;578
10;1741137058829;707
18;1741137059821;164
1;1741137061561;1087
8;1741137063439;481
10;1741137063545;708
15;1741137063641;149
3;1741137063961;605
1;1741137066192;1088
7;1741137066358;579
3;1741137068502;606
8;1741137068624;482
10;1741137068710;709
4;1741137068790;729
1;1741137071046;1089
10;1741137071142;710
8;1741137073238;483
15;1741137073334;150
4;1741137073574;730
8;1741137077984;484
15;1741137078943;151
7;1741137085996;580
9;1741137090392;151
18;1741137090444;165
1;1741137091046;1090
2;1741137093574;291
4;1741137093622;731
18;1741137093862;166
16;1741137094021;93
7;1741137095971;581
1;1741137097412;1091
4;1741137097955;732
10;1741137099267;711
15;1741137099667;152
18;1741137103361;167
1;1741137103452;1092
16;1741137105457;94
1;1741137105995;1093
7;1741137106203;582
10;1741137108427;712
8;1741137108667;485
2;1741137108859;292
1;1741137110919;1094
3;1741137111047;607
15;1741137113112;153
10;1741137113352;713
1;1741137115943;1095
7;1741137116099;583
15;1741137118174;154
10;1741137118530;714
16;1741137118967;95
10;1741137123619;715
7;1741137123955;584
1;1741137125937;1096
7;1741137126028;585
4;1741137128369;733
10;1741137132958;716
1;1741137134158;1097
15;1741137134190;155
14;1741137138363;396
12;1741137138644;166
1;1741137143505;1098
3;1741137143561;608
4;1741137143624;734
8;1741137143645;486
1;1741137146501;1099
4;1741137146565;735
11;1741137148341;143
15;1741137149333;156
12;1741137152972;167
5;1741137156898;166
11;1741137163534;144
1;1741137166141;1100
3;1741137167037;609
2;1741137184452;293
18;1741137189584;168
3;1741137198220;610
4;1741137203369;736
1;1741137210136;1101
1;1741137215327;1102
7;1741137243885;586
10;1741137263396;717
14;1741137273276;397
1;1741137276761;1103
10;1741137288375;718
7;1741137297988;587
1;1741137298613;1104
4;1741137299060;737
16;1741137301220;96
15;1741137303956;157
10;1741137313751;719
10;1741137318795;720
14;1741137319099;398
4;1741137319627;738
3;1741137323592;611
3;1741137333987;612
17;1741137334739;128
10;1741137338193;721
6;1741137339057;194
8;1741137339089;487
12;1741137354556;168
10;1741137359428;722
8;1741137359560;488
3;1741137359960;613
17;1741137363285;129
3;1741137363381;614
11;1741137363724;145
1;1741137366020;1105
7;1741137369620;588
10;1741137375816;723
1;1741137379378;1106
1;1741137383166;1107
4;1741137384286;739
8;1741137386184;489
1;1741137386766;1108
14;1741137393499;399
4;1741137393979;740
1;1741137394187;1109
2;1741137399348;294
1;1741137399385;1110
7;1741137399412;589
8;1741137403651;490
10;1741137404851;724
1;1741137406338;1111
4;1741137407695;741
10;1741137409327;725
15;1741137433810;158
14;1741137433829;400
7;1741137434043;590
5;1741137434931;167
3;1741137437808;615
10;1741137438689;726
5;1741137439440;168
1;1741137440960;1112
5;1741137441808;169
15;1741137443700;159
14;1741137444208;401
15;1741137454600;160
4;1741137455352;742
0;1741137479497;372
4;1741137483787;743
3;1741137484265;616
0;1741137489556;373
10;1741137490420;727
3;1741137493036;617
10;1741137493600;728
4;1741137493776;744
1;1741137496207;1113
4;1741137498030;745
10;1741137498188;729
10;1741137501084;730
0;1741137501196;374
3;1741137501500;618
