0;1741050842402;1
9;1741050844406;1
0;1741050847590;2
0;1741050849207;3
9;1741050858870;2
0;1741050861476;4
0;1741050864560;5
9;1741050865733;3
9;1741050869953;4
9;1741050871959;5
0;1741050872368;6
9;1741050874150;6
9;1741050874393;7
9;1741050876397;8
0;1741050877686;7
9;1741050879288;9
0;1741050883483;8
0;1741050885059;9
0;1741050894966;10
9;1741050895763;10
9;1741050899331;11
9;1741050899532;12
0;1741050899727;11
0;1741050900233;12
0;1741050901435;13
9;1741050903012;13
9;1741050905706;14
9;1741050909243;15
0;1741050914725;14
0;1741050915095;15
0;1741050924071;16
0;1741050924669;17
0;1741050927598;18
9;1741050928261;16
0;1741050928578;19
0;1741050928885;20
9;1741050929008;17
9;1741050931461;18
0;1741050936853;21
9;1741050940432;19
0;1741050943034;22
9;1741050943259;20
0;1741050944252;23
9;1741050944490;21
9;1741050947157;22
9;1741050948594;23
0;1741050950890;24
9;1741050959674;24
9;1741050959731;25
9;1741050964974;26
0;1741050967296;25
0;1741050967379;26
9;1741050969318;27
0;1741050969884;27
0;1741050972516;28
9;1741050982207;28
0;1741050982528;29
0;1741050985108;30
9;1741050985956;29
9;1741050991000;30
9;1741050997638;31
9;1741050998271;32
9;1741051001680;33
0;1741051002093;31
0;1741051002111;32
0;1741051002181;33
9;1741051009906;34
0;1741051012377;34
9;1741051014627;35
9;1741051015296;36
0;1741051018232;35
0;1741051021225;36
0;1741051022754;37
0;1741051030425;38
0;1741051030761;39
9;1741051030899;37
0;1741051031233;40
9;1741051036860;38
0;1741051036970;41
9;1741051046123;39
9;1741051046398;40
9;1741051048003;41
9;1741051051514;42
9;1741051053352;43
0;1741051055400;42
0;1741051056513;43
9;1741051057727;44
9;1741051057935;45
9;1741051063444;46
0;1741051065871;44
0;1741051072956;45
0;1741051074688;46
0;1741051079788;47
0;1741051080984;48
9;1741051082532;47
0;1741051084207;49
9;1741051087510;48
9;1741051089812;49
0;1741051092772;50
0;1741051093156;51
0;1741051093271;52
9;1741051096080;50
9;1741051096828;51
9;1741051099627;52
9;1741051102364;53
0;1741051109220;53
9;1741051111204;54
0;1741051114500;54
9;1741051115552;55
0;1741051116279;55
9;1741051121416;56
9;1741051123687;57
9;1741051124955;58
0;1741051127253;56
0;1741051128807;57
0;1741051133076;58
9;1741051136283;59
0;1741051140357;59
0;1741051142177;60
0;1741051143514;61
0;1741051148608;62
9;1741051150137;60
9;1741051150151;61
9;1741051151106;62
0;1741051153568;63
0;1741051154198;64
9;1741051157423;63
9;1741051157718;64
0;1741051164907;65
9;1741051165309;65
9;1741051165907;66
9;1741051175814;67
9;1741051177019;68
0;1741051179945;66
0;1741051183515;67
9;1741051184484;69
0;1741051184663;68
0;1741051188210;69
9;1741051189038;70
0;1741051189420;70
9;1741051191082;71
9;1741051195062;72
9;1741051195721;73
0;1741051202288;71
0;1741051204514;72
0;1741051205763;73
0;1741051211418;74
9;1741051211839;74
9;1741051212425;75
9;1741051212704;76
0;1741051214299;75
9;1741051216184;77
0;1741051216368;76
0;1741051224522;77
9;1741051225594;78
0;1741051226372;78
9;1741051229524;79
9;1741051229773;80
0;1741051230876;79
9;1741051231800;81
0;1741051241075;80
0;1741051242426;81
0;1741051250726;82
0;1741051252217;83
9;1741051254962;82
9;1741051257604;83
9;1741051258363;84
0;1741051259582;84
0;1741051260174;85
9;1741051267932;85
9;1741051269531;86
9;1741051273408;87
0;1741051277825;86
0;1741051278635;87
9;1741051281089;88
0;1741051282497;88
9;1741051284794;89
9;1741051284952;90
9;1741051285121;91
9;1741051288032;92
0;1741051295602;89
0;1741051297281;90
0;1741051297802;91
0;1741051299431;92
9;1741051309110;93
0;1741051312041;93
0;1741051313528;94
0;1741051315185;95
9;1741051315987;94
9;1741051316540;95
0;1741051322444;96
0;1741051322989;97
0;1741051325080;98
9;1741051326280;96
9;1741051326801;97
9;1741051326885;98
9;1741051329216;99
9;1741051338378;100
0;1741051340499;99
9;1741051341414;101
9;1741051343218;102
0;1741051345917;100
0;1741051346597;101
0;1741051347239;102
9;1741051348311;103
0;1741051348617;103
0;1741051351146;104
9;1741051351513;104
9;1741051356389;105
0;1741051356664;105
0;1741051372813;106
0;1741051373675;107
9;1741051376086;106
0;1741051376375;108
9;1741051378822;107
9;1741051380425;108
0;1741051382415;109
0;1741051386150;110
9;1741051386878;109
9;1741051397913;110
0;1741051400933;111
9;1741051401797;111
0;1741051401810;112
0;1741051401885;113
9;1741051404025;112
9;1741051407457;113
0;1741051410929;114
9;1741051415166;114
0;1741051422187;115
9;1741051422546;115
0;1741051422670;116
9;1741051426610;116
9;1741051426752;117
9;1741051427200;118
0;1741051427327;117
0;1741051428617;118
9;1741051431431;119
0;1741051439106;119
9;1741051444975;120
0;1741051446398;120
0;1741051447959;121
9;1741051451213;121
9;1741051451541;122
0;1741051452430;122
0;1741051455433;123
9;1741051456008;123
0;1741051459508;124
0;1741051462106;125
9;1741051462540;124
0;1741051465933;126
0;1741051468175;127
0;1741051469113;128
9;1741051471673;125
0;1741051476191;129
9;1741051480535;126
9;1741051480676;127
9;1741051488834;128
0;1741051489633;130
9;1741051492541;129
9;1741051496182;130
0;1741051498028;131
9;1741051500742;131
9;1741051500774;132
9;1741051502800;133
9;1741051505912;134
0;1741051507938;132
0;1741051508675;133
0;1741051508947;134
9;1741051509995;135
0;1741051511841;135
0;1741051513743;136
0;1741051515071;137
9;1741051525371;136
0;1741051525448;138
9;1741051528312;137
0;1741051528339;139
0;1741051530052;140
0;1741051530344;141
9;1741051530604;138
9;1741051535893;139
9;1741051540441;140
9;1741051541911;141
9;1741051543199;142
9;1741051546370;143
0;1741051547161;142
0;1741051558582;143
9;1741051559809;144
9;1741051560361;145
0;1741051561749;144
0;1741051564840;145
0;1741051570029;146
9;1741051571477;146
0;1741051571852;147
9;1741051573417;147
0;1741051582220;148
0;1741051585867;149
9;1741051586797;148
0;1741051590499;150
9;1741051594658;149
9;1741051595177;150
9;1741051597196;151
0;1741051598901;151
9;1741051599759;152
0;1741051601647;152
0;1741051605884;153
9;1741051608377;153
9;1741051609738;154
9;1741051611027;155
0;1741051611112;154
0;1741051616554;155
0;1741051621509;156
9;1741051621788;156
9;1741051627125;157
0;1741051630805;157
0;1741051631188;158
9;1741051631939;158
9;1741051634795;159
0;1741051634844;159
9;1741051642850;160
0;1741051649604;160
9;1741051649834;161
9;1741051651807;162
0;1741051652641;161
0;1741051652837;162
0;1741051657053;163
0;1741051658808;164
0;1741051659787;165
9;1741051663516;163
9;1741051664387;164
9;1741051670167;165
0;1741051674684;166
9;1741051675603;166
9;1741051676068;167
0;1741051677472;167
0;1741051681540;168
9;1741051683507;168
0;1741051683547;169
9;1741051684534;169
0;1741051685118;170
0;1741051685729;171
9;1741051689082;170
0;1741051690548;172
9;1741051695835;171
9;1741051697367;172
9;1741051703984;173
0;1741051706517;173
9;1741051707174;174
9;1741051709211;175
0;1741051714644;174
0;1741051723125;175
0;1741051724015;176
9;1741051726119;176
0;1741051726159;177
0;1741051727072;178
9;1741051730825;177
0;1741051735326;179
9;1741051737004;178
0;1741051737192;180
0;1741051739032;181
9;1741051739729;179
9;1741051740645;180
0;1741051741367;182
9;1741051744467;181
9;1741051745035;182
0;1741051746904;183
9;1741051747332;183
0;1741051760384;184
9;1741051761394;184
0;1741051761680;185
9;1741051766358;185
9;1741051766652;186
0;1741051769011;186
0;1741051772496;187
0;1741051775561;188
9;1741051777665;187
0;1741051788072;189
9;1741051790981;188
9;1741051792165;189
9;1741051792794;190
0;1741051794136;190
9;1741051797841;191
9;1741051797977;192
0;1741051799995;191
0;1741051800968;192
9;1741051807391;193
0;1741051811295;193
0;1741051811828;194
9;1741051815116;194
0;1741051815802;195
9;1741051817647;195
9;1741051820113;196
0;1741051823550;196
0;1741051825682;197
9;1741051828182;197
9;1741051829064;198
9;1741051830154;199
0;1741051834329;198
9;1741051835225;200
0;1741051838529;199
9;1741051838954;201
0;1741051839622;200
9;1741051842590;202
0;1741051847617;201
9;1741051849468;203
0;1741051849854;202
0;1741051851100;203
0;1741051855907;204
0;1741051857812;205
0;1741051864126;206
9;1741051864525;204
0;1741051869073;207
9;1741051870140;205
9;1741051875521;206
9;1741051877100;207
9;1741051877240;208
9;1741051882661;209
0;1741051884561;208
0;1741051886137;209
9;1741051892191;210
0;1741051892505;210
9;1741051893120;211
0;1741051894039;211
0;1741051896435;212
9;1741051899770;212
0;1741051900735;213
0;1741051902608;214
9;1741051909493;213
9;1741051910848;214
9;1741051921454;215
0;1741051922928;215
0;1741051924251;216
9;1741051924627;216
0;1741051925123;217
9;1741051927580;217
0;1741051931879;218
0;1741051935819;219
0;1741051936713;220
9;1741051936930;218
9;1741051937918;219
9;1741051939272;220
9;1741051939336;221
9;1741051944144;222
0;1741051945889;221
0;1741051951403;222
9;1741051962231;223
9;1741051962496;224
0;1741051962576;223
0;1741051965318;224
0;1741051965433;225
9;1741051965709;225
0;1741051966294;226
0;1741051967219;227
9;1741051969782;226
0;1741051971014;228
9;1741051983461;227
9;1741051985225;228
0;1741051986236;229
0;1741051987687;230
0;1741051995078;231
9;1741051995415;229
0;1741051998421;232
9;1741051998540;230
9;1741052001445;231
0;1741052007223;233
0;1741052010804;234
9;1741052010883;232
9;1741052011259;233
9;1741052011607;234
0;1741052011944;235
9;1741052014989;235
0;1741052016850;236
9;1741052021888;236
0;1741052021938;237
9;1741052024126;237
0;1741052024315;238
9;1741052027576;238
0;1741052030561;239
0;1741052037743;240
0;1741052038185;241
9;1741052039144;239
9;1741052041783;240
9;1741052045725;241
0;1741052046110;242
0;1741052053493;243
9;1741052057695;242
9;1741052058195;243
9;1741052060743;244
0;1741052061758;244
9;1741052067355;245
9;1741052069963;246
0;1741052071885;245
9;1741052072199;247
0;1741052075592;246
9;1741052080928;248
0;1741052081101;247
0;1741052082580;248
0;1741052082637;249
0;1741052084320;250
0;1741052085486;251
9;1741052093998;249
0;1741052094910;252
9;1741052095060;250
0;1741052097203;253
9;1741052097611;251
9;1741052100614;252
0;1741052110202;254
9;1741052110213;253
9;1741052112059;254
9;1741052112080;255
9;1741052112783;256
0;1741052114171;255
9;1741052115504;257
0;1741052117979;256
0;1741052125727;257
9;1741052130035;258
9;1741052134335;259
0;1741052136718;258
0;1741052137829;259
9;1741052137860;260
0;1741052139481;260
0;1741052140459;261
9;1741052147842;261
9;1741052150646;262
0;1741052151277;262
9;1741052154565;263
9;1741052156306;264
9;1741052167129;265
0;1741052170928;263
9;1741052171889;266
9;1741052173085;267
0;1741052173355;264
0;1741052177589;265
0;1741052178538;266
0;1741052178604;267
0;1741052179335;268
0;1741052183507;269
9;1741052186146;268
0;1741052188206;270
9;1741052190202;269
9;1741052190601;270
9;1741052195206;271
0;1741052198364;271
0;1741052207253;272
9;1741052209547;272
0;1741052209644;273
0;1741052212797;274
9;1741052213892;273
9;1741052214236;274
9;1741052215859;275
0;1741052220390;275
0;1741052220960;276
9;1741052220999;276
0;1741052221908;277
0;1741052222179;278
9;1741052223569;277
9;1741052224241;278
0;1741052231833;279
9;1741052232779;279
9;1741052235862;280
0;1741052238134;280
0;1741052238773;281
9;1741052240170;281
9;1741052244999;282
9;1741052256970;283
0;1741052257925;282
0;1741052258293;283
0;1741052259600;284
0;1741052262005;285
0;1741052263001;286
9;1741052264237;284
9;1741052266620;285
9;1741052269369;286
0;1741052271669;287
0;1741052278174;288
0;1741052280500;289
9;1741052281079;287
9;1741052282243;288
0;1741052283404;290
9;1741052284242;289
0;1741052284888;291
9;1741052285220;290
9;1741052290299;291
9;1741052295901;292
0;1741052298537;292
0;1741052298825;293
9;1741052303016;293
0;1741052307268;294
9;1741052315898;294
9;1741052317568;295
9;1741052318927;296
0;1741052321496;295
0;1741052325336;296
9;1741052325837;297
0;1741052328212;297
0;1741052331913;298
9;1741052332661;298
0;1741052334429;299
9;1741052337525;299
9;1741052342035;300
9;1741052342262;301
0;1741052344051;300
9;1741052344901;302
0;1741052344923;301
0;1741052347607;302
9;1741052351650;303
0;1741052352101;303
9;1741052355295;304
0;1741052358945;304
0;1741052361231;305
0;1741052361368;306
0;1741052365646;307
9;1741052367546;305
0;1741052369468;308
9;1741052369564;306
9;1741052372559;307
9;1741052375742;308
0;1741052380065;309
9;1741052388807;309
9;1741052395640;310
9;1741052395707;311
9;1741052398129;312
0;1741052400393;310
9;1741052400992;313
0;1741052402241;311
9;1741052405959;314
0;1741052410867;312
9;1741052412437;315
0;1741052413574;313
0;1741052417851;314
0;1741052418240;315
9;1741052418800;316
0;1741052419910;316
9;1741052421029;317
9;1741052421713;318
0;1741052430969;317
9;1741052433688;319
0;1741052434043;318
9;1741052434644;320
0;1741052434990;319
0;1741052435839;320
0;1741052438603;321
9;1741052442784;321
9;1741052446619;322
0;1741052448104;322
0;1741052448620;323
9;1741052452290;323
0;1741052462029;324
9;1741052466105;324
0;1741052466187;325
9;1741052467934;325
0;1741052468476;326
0;1741052469548;327
9;1741052472912;326
0;1741052474931;328
9;1741052475471;327
9;1741052480140;328
9;1741052480405;329
9;1741052490968;330
0;1741052491517;329
0;1741052491938;330
9;1741052494608;331
0;1741052495040;331
0;1741052495487;332
9;1741052498892;332
0;1741052498921;333
9;1741052506805;333
0;1741052510017;334
0;1741052510632;335
0;1741052511189;336
0;1741052514082;337
9;1741052523038;334
9;1741052524710;335
9;1741052528187;336
9;1741052530566;337
0;1741052530893;338
9;1741052531632;338
9;1741052534494;339
0;1741052537431;339
9;1741052538178;340
9;1741052541232;341
0;1741052544980;340
0;1741052545221;341
9;1741052548839;342
0;1741052554688;342
0;1741052560424;343
9;1741052562196;343
0;1741052564894;344
0;1741052566886;345
0;1741052567394;346
9;1741052568183;344
9;1741052569763;345
9;1741052572243;346
9;1741052574688;347
9;1741052576447;348
0;1741052577445;347
9;1741052583135;349
9;1741052584530;350
0;1741052584725;348
0;1741052589228;349
0;1741052592960;350
0;1741052594051;351
9;1741052595273;351
0;1741052595463;352
9;1741052596765;352
9;1741052602487;353
0;1741052605535;353
9;1741052605933;354
0;1741052608591;354
9;1741052610195;355
0;1741052612607;355
9;1741052614945;356
0;1741052616035;356
9;1741052623497;357
9;1741052625011;358
0;1741052626664;357
9;1741052627815;359
0;1741052628798;358
0;1741052637846;359
9;1741052637856;360
0;1741052644722;360
9;1741052646824;361
9;1741052647046;362
0;1741052647947;361
0;1741052648431;362
0;1741052654078;363
0;1741052659583;364
9;1741052661820;363
9;1741052661838;364
9;1741052664253;365
9;1741052665366;366
0;1741052668167;365
0;1741052670181;366
9;1741052672789;367
9;1741052677499;368
0;1741052683640;367
0;1741052686169;368
9;1741052687520;369
0;1741052689224;369
0;1741052691093;370
0;1741052695596;371
9;1741052696522;370
9;1741052700176;371
9;1741052701337;372
0;1741052703516;372
9;1741052703689;373
9;1741052704630;374
9;1741052705751;375
0;1741052709229;373
0;1741052710975;374
0;1741052720777;375
0;1741052723961;376
0;1741052724647;377
0;1741052728554;378
9;1741052731605;376
9;1741052732722;377
0;1741052734797;379
9;1741052736013;378
0;1741052738237;380
0;1741052738772;381
0;1741052739175;382
9;1741052739524;379
9;1741052745361;380
9;1741052750089;381
9;1741052752539;382
9;1741052757143;383
9;1741052758222;384
0;1741052762195;383
9;1741052763046;385
9;1741052766926;386
0;1741052768652;384
0;1741052770401;385
0;1741052777607;386
9;1741052779323;387
0;1741052779483;387
9;1741052782549;388
0;1741052785835;388
9;1741052786071;389
0;1741052786774;389
9;1741052786979;390
0;1741052787802;390
9;1741052789987;391
0;1741052791513;391
0;1741052791814;392
0;1741052794423;393
0;1741052804725;394
9;1741052811326;392
9;1741052812465;393
9;1741052812834;394
9;1741052814856;395
0;1741052820127;395
0;1741052820538;396
9;1741052820610;396
0;1741052822813;397
0;1741052825323;398
9;1741052826495;397
9;1741052830842;398
9;1741052831186;399
9;1741052832134;400
0;1741052833139;399
9;1741052842986;401
9;1741052848476;402
9;1741052850804;403
0;1741052852187;400
0;1741052852457;401
0;1741052852469;402
0;1741052852483;403
0;1741052852492;404
9;1741052860079;404
9;1741052864024;405
0;1741052868150;405
9;1741052868590;406
0;1741052872483;406
0;1741052872589;407
9;1741052873290;407
0;1741052876549;408
9;1741052877505;408
9;1741052885737;409
0;1741052885866;409
9;1741052889396;410
0;1741052893298;410
0;1741052895354;411
9;1741052895822;411
9;1741052896451;412
0;1741052897377;412
9;1741052899060;413
0;1741052901139;413
0;1741052904641;414
9;1741052906887;414
0;1741052909286;415
0;1741052910227;416
9;1741052919095;415
0;1741052921947;417
9;1741052924298;416
0;1741052929250;418
9;1741052929554;417
9;1741052930716;418
0;1741052932857;419
0;1741052934073;420
9;1741052934800;419
9;1741052935268;420
9;1741052939223;421
9;1741052948404;422
0;1741052949374;421
0;1741052956929;422
0;1741052958524;423
9;1741052959927;423
9;1741052962467;424
0;1741052965114;424
0;1741052967239;425
0;1741052967250;426
9;1741052967920;425
0;1741052967956;427
9;1741052975102;426
0;1741052977564;428
9;1741052982509;427
9;1741052982778;428
0;1741052984383;429
0;1741052990481;430
9;1741052992174;429
9;1741052992190;430
0;1741052995242;431
9;1741052996145;431
0;1741053001049;432
9;1741053006916;432
0;1741053008028;433
9;1741053012140;433
0;1741053013775;434
0;1741053016840;435
9;1741053017507;434
9;1741053019768;435
9;1741053021303;436
0;1741053023834;436
0;1741053024733;437
9;1741053025078;437
0;1741053026690;438
9;1741053035482;438
9;1741053037169;439
9;1741053038630;440
0;1741053040038;439
0;1741053046535;440
9;1741053048461;441
0;1741053049436;441
0;1741053049655;442
9;1741053052628;442
9;1741053052726;443
9;1741053054241;444
9;1741053055933;445
0;1741053059385;443
0;1741053065255;444
9;1741053067050;446
0;1741053067483;445
0;1741053069605;446
0;1741053069755;447
0;1741053075667;448
9;1741053080185;447
9;1741053080229;448
0;1741053081049;449
0;1741053084857;450
9;1741053086783;449
9;1741053087797;450
0;1741053092320;451
0;1741053095197;452
0;1741053101571;453
9;1741053102061;451
9;1741053107934;452
9;1741053108555;453
9;1741053109276;454
0;1741053110204;454
0;1741053111743;455
9;1741053115699;455
9;1741053121273;456
0;1741053124954;456
9;1741053126708;457
9;1741053127600;458
9;1741053129037;459
0;1741053131286;457
0;1741053131607;458
0;1741053132554;459
0;1741053142824;460
9;1741053143647;460
9;1741053144140;461
0;1741053145287;461
9;1741053156713;462
0;1741053156987;462
9;1741053159191;463
0;1741053160518;463
0;1741053162563;464
9;1741053163306;464
0;1741053164666;465
9;1741053173248;465
9;1741053174360;466
0;1741053177638;466
0;1741053178479;467
0;1741053178920;468
0;1741053180377;469
9;1741053185010;467
9;1741053187897;468
0;1741053188165;470
9;1741053188629;469
9;1741053189829;470
9;1741053190382;471
9;1741053192641;472
0;1741053194448;471
0;1741053203191;472
0;1741053203959;473
0;1741053208169;474
0;1741053213209;475
9;1741053215834;473
9;1741053219564;474
0;1741053219840;476
9;1741053220453;475
0;1741053223767;477
9;1741053224781;476
0;1741053226385;478
9;1741053227111;477
9;1741053228861;478
9;1741053236790;479
0;1741053237648;479
0;1741053237868;480
9;1741053241793;480
9;1741053247049;481
0;1741053247395;481
0;1741053248413;482
9;1741053248864;482
9;1741053252638;483
9;1741053253904;484
0;1741053258059;483
9;1741053258789;485
0;1741053261473;484
9;1741053264366;486
9;1741053265318;487
0;1741053265964;485
0;1741053272744;486
9;1741053274157;488
0;1741053276822;487
0;1741053280353;488
0;1741053281864;489
0;1741053288239;490
0;1741053293710;491
9;1741053293802;489
9;1741053295347;490
9;1741053298559;491
9;1741053299431;492
0;1741053304429;492
0;1741053306101;493
0;1741053306340;494
9;1741053309161;493
9;1741053310271;494
9;1741053313490;495
9;1741053314883;496
0;1741053315204;495
0;1741053315264;496
9;1741053320582;497
9;1741053322450;498
0;1741053326588;497
0;1741053327895;498
0;1741053332612;499
0;1741053334229;500
0;1741053339197;501
0;1741053340340;502
9;1741053344338;499
9;1741053352301;500
9;1741053353368;501
9;1741053355144;502
0;1741053360534;503
9;1741053362062;503
9;1741053363296;504
9;1741053365366;505
9;1741053365600;506
0;1741053368661;504
0;1741053369326;505
0;1741053369676;506
9;1741053375679;507
0;1741053376199;507
9;1741053377266;508
0;1741053377300;508
9;1741053378718;509
0;1741053383834;509
9;1741053386421;510
0;1741053387652;510
0;1741053390051;511
9;1741053392910;511
9;1741053396167;512
0;1741053398944;512
9;1741053400087;513
0;1741053405567;513
0;1741053413183;514
0;1741053414954;515
9;1741053415934;514
0;1741053419148;516
9;1741053423675;515
9;1741053424423;516
9;1741053425123;517
0;1741053425736;517
0;1741053427094;518
9;1741053427160;518
0;1741053433976;519
9;1741053437577;519
0;1741053441253;520
0;1741053442161;521
0;1741053442267;522
9;1741053442417;520
9;1741053442525;521
0;1741053448294;523
9;1741053450947;522
0;1741053457018;524
9;1741053457408;523
9;1741053461150;524
9;1741053463107;525
0;1741053464563;525
9;1741053472283;526
9;1741053478058;527
0;1741053478994;526
0;1741053482767;527
0;1741053482823;528
0;1741053486296;529
0;1741053489063;530
9;1741053490609;528
9;1741053491766;529
9;1741053494489;530
0;1741053499179;531
0;1741053502505;532
9;1741053502850;531
9;1741053505801;532
9;1741053506465;533
0;1741053508684;533
9;1741053517665;534
9;1741053518588;535
9;1741053520566;536
0;1741053525348;534
0;1741053525370;535
9;1741053526722;537
0;1741053531960;536
0;1741053534829;537
9;1741053536539;538
0;1741053538261;538
9;1741053538797;539
0;1741053540906;539
0;1741053544423;540
9;1741053544811;540
9;1741053545236;541
9;1741053545479;542
9;1741053550162;543
0;1741053550331;541
0;1741053550521;542
0;1741053554099;543
9;1741053556420;544
0;1741053558479;544
9;1741053560091;545
0;1741053565330;545
0;1741053570272;546
9;1741053572922;546
0;1741053577492;547
9;1741053577744;547
9;1741053582018;548
9;1741053582478;549
9;1741053586814;550
0;1741053587337;548
0;1741053589812;549
0;1741053592888;550
0;1741053593227;551
9;1741053593373;551
9;1741053598058;552
0;1741053601097;552
0;1741053603592;553
9;1741053608999;553
0;1741053609261;554
9;1741053611985;554
0;1741053615630;555
0;1741053617355;556
0;1741053618818;557
0;1741053626448;558
0;1741053626660;559
9;1741053626679;555
9;1741053627633;556
9;1741053627819;557
9;1741053627921;558
9;1741053630937;559
0;1741053634033;560
0;1741053642036;561
0;1741053644931;562
9;1741053644985;560
9;1741053651449;561
0;1741053652343;563
9;1741053653037;562
9;1741053655439;563
0;1741053655531;564
9;1741053661244;564
9;1741053662643;565
9;1741053665237;566
0;1741053665353;565
0;1741053667797;566
9;1741053672165;567
0;1741053678388;567
0;1741053679437;568
9;1741053680383;568
0;1741053683219;569
9;1741053686939;569
9;1741053692820;570
9;1741053694684;571
9;1741053695915;572
9;1741053699438;573
0;1741053699999;570
9;1741053700280;574
0;1741053704022;571
0;1741053708451;572
9;1741053710598;575
0;1741053712833;573
0;1741053713037;574
9;1741053716515;576
9;1741053716528;577
0;1741053725557;575
9;1741053725623;578
9;1741053730202;579
9;1741053730724;580
0;1741053732258;576
0;1741053733202;577
0;1741053736004;578
0;1741053736468;579
9;1741053741462;581
0;1741053744698;580
0;1741053746666;581
9;1741053747582;582
0;1741053749078;582
0;1741053749539;583
9;1741053758583;583
9;1741053758630;584
9;1741053762625;585
0;1741053765473;584
0;1741053767707;585
0;1741053769724;586
0;1741053770147;587
9;1741053773542;586
9;1741053777908;587
9;1741053781775;588
0;1741053782938;588
9;1741053785853;589
0;1741053786141;589
0;1741053786336;590
9;1741053788032;590
9;1741053789797;591
0;1741053793084;591
0;1741053797719;592
0;1741053801234;593
9;1741053801988;592
9;1741053803994;593
9;1741053806401;594
0;1741053810014;594
0;1741053813334;595
0;1741053813952;596
9;1741053815295;595
9;1741053818493;596
0;1741053819538;597
9;1741053825876;597
0;1741053833339;598
9;1741053835948;598
9;1741053836462;599
0;1741053838172;599
9;1741053839526;600
0;1741053841510;600
0;1741053844397;601
0;1741053847029;602
0;1741053849442;603
9;1741053850817;601
9;1741053851684;602
9;1741053854636;603
0;1741053856417;604
0;1741053857492;605
9;1741053859552;604
9;1741053860778;605
0;1741053861357;606
0;1741053868834;607
9;1741053870547;606
0;1741053870983;608
9;1741053876400;607
0;1741053884790;609
9;1741053884800;608
0;1741053888672;610
9;1741053892325;609
9;1741053893618;610
9;1741053895101;611
0;1741053895953;611
0;1741053895977;612
0;1741053897277;613
9;1741053898754;612
9;1741053909625;613
0;1741053911623;614
9;1741053915468;614
9;1741053917768;615
0;1741053918606;615
9;1741053922080;616
9;1741053923699;617
0;1741053927916;616
9;1741053934800;618
0;1741053935587;617
0;1741053939531;618
0;1741053940287;619
9;1741053940446;619
0;1741053941234;620
9;1741053941443;620
9;1741053941900;621
0;1741053942988;621
0;1741053949054;622
9;1741053950721;622
9;1741053954326;623
0;1741053954831;623
0;1741053956305;624
9;1741053964573;624
0;1741053967824;625
9;1741053969746;625
9;1741053969769;626
0;1741053971101;626
0;1741053973888;627
9;1741053974999;627
0;1741053979755;628
0;1741053982837;629
0;1741053985641;630
9;1741053986646;628
0;1741053991553;631
9;1741053991797;629
9;1741053994145;630
0;1741053994397;632
9;1741053995216;631
9;1741053997387;632
9;1741054006319;633
0;1741054008914;633
9;1741054009897;634
9;1741054010006;635
0;1741054012080;634
9;1741054017916;636
0;1741054018529;635
0;1741054019327;636
9;1741054021546;637
0;1741054025668;637
9;1741054025770;638
9;1741054027201;639
0;1741054027718;638
0;1741054032470;639
9;1741054039635;640
0;1741054041225;640
0;1741054041839;641
0;1741054047099;642
9;1741054050773;641
0;1741054056349;643
0;1741054058496;644
9;1741054062098;642
0;1741054062377;645
9;1741054070538;643
9;1741054071044;644
0;1741054073955;646
9;1741054074915;645
0;1741054075580;647
9;1741054076481;646
9;1741054076725;647
9;1741054078502;648
9;1741054080708;649
0;1741054080995;648
0;1741054081929;649
0;1741054084694;650
0;1741054088735;651
9;1741054091243;650
0;1741054097608;652
9;1741054098044;651
9;1741054101181;652
0;1741054103276;653
0;1741054108038;654
9;1741054109204;653
9;1741054110100;654
9;1741054111539;655
9;1741054114966;656
0;1741054115877;655
9;1741054120934;657
9;1741054121141;658
0;1741054125025;656
9;1741054131022;659
0;1741054131247;657
9;1741054133187;660
0;1741054134272;658
0;1741054139552;659
0;1741054141963;660
9;1741054147371;661
9;1741054150751;662
0;1741054151681;661
9;1741054156960;663
9;1741054159865;664
9;1741054161901;665
0;1741054162527;662
0;1741054162983;663
0;1741054163710;664
9;1741054166828;666
0;1741054167775;665
9;1741054173140;667
0;1741054173396;666
9;1741054181382;668
0;1741054181873;667
9;1741054182271;669
0;1741054184099;668
0;1741054191030;669
9;1741054194241;670
0;1741054194885;670
9;1741054195277;671
0;1741054196731;671
9;1741054204131;672
0;1741054204366;672
9;1741054208836;673
0;1741054209043;673
9;1741054211767;674
9;1741054216136;675
9;1741054217514;676
0;1741054218294;674
0;1741054219233;675
0;1741054226320;676
0;1741054226916;677
9;1741054227916;677
9;1741054228436;678
0;1741054229570;678
0;1741054231284;679
9;1741054233843;679
0;1741054236166;680
9;1741054239959;680
0;1741054242050;681
9;1741054244150;681
0;1741054251832;682
9;1741054256539;682
0;1741054256814;683
9;1741054257452;683
9;1741054258001;684
0;1741054260664;684
9;1741054260679;685
9;1741054262142;686
9;1741054265406;687
9;1741054268471;688
0;1741054272021;685
0;1741054275100;686
9;1741054275735;689
0;1741054278053;687
0;1741054284450;688
0;1741054295504;689
0;1741054298271;690
0;1741054299118;691
9;1741054302994;690
9;1741054303208;691
0;1741054303297;692
0;1741054308559;693
9;1741054309175;692
0;1741054309573;694
9;1741054310547;693
9;1741054316504;694
0;1741054317629;695
9;1741054321942;695
9;1741054324927;696
9;1741054327040;697
9;1741054327050;698
0;1741054329326;696
0;1741054333215;697
0;1741054334960;698
0;1741054335180;699
9;1741054336089;699
0;1741054337152;700
9;1741054339802;700
9;1741054340573;701
0;1741054341375;701
9;1741054342345;702
0;1741054345512;702
0;1741054358311;703
9;1741054359800;703
0;1741054360920;704
9;1741054362041;704
0;1741054363733;705
9;1741054366210;705
9;1741054371729;706
0;1741054375494;706
0;1741054376587;707
9;1741054382478;707
9;1741054383395;708
0;1741054384426;708
0;1741054389125;709
9;1741054389839;709
9;1741054390720;710
9;1741054392062;711
9;1741054394361;712
0;1741054395007;710
0;1741054395057;711
0;1741054395379;712
0;1741054400592;713
0;1741054403280;714
9;1741054412014;713
0;1741054417895;715
9;1741054418122;714
9;1741054418967;715
0;1741054419641;716
0;1741054420574;717
0;1741054421054;718
9;1741054422991;716
9;1741054432559;717
9;1741054436859;718
9;1741054438351;719
9;1741054439711;720
0;1741054441845;719
0;1741054446868;720
0;1741054446883;721
9;1741054447951;721
9;1741054450801;722
9;1741054451075;723
0;1741054451434;722
0;1741054455801;723
0;1741054460670;724
9;1741054465361;724
0;1741054470348;725
9;1741054471890;725
9;1741054472357;726
0;1741054473736;726
9;1741054482299;727
9;1741054482534;728
9;1741054486577;729
9;1741054487120;730
9;1741054487194;731
0;1741054490183;727
0;1741054491743;728
0;1741054492744;729
0;1741054494259;730
0;1741054496150;731
0;1741054501494;732
9;1741054502257;732
9;1741054504647;733
0;1741054512036;733
0;1741054512970;734
9;1741054513284;734
0;1741054516712;735
9;1741054519223;735
9;1741054519316;736
0;1741054521912;736
9;1741054522052;737
0;1741054527225;737
0;1741054528568;738
9;1741054531832;738
9;1741054537983;739
9;1741054538895;740
0;1741054540207;739
9;1741054543110;741
0;1741054545225;740
0;1741054547625;741
0;1741054548529;742
9;1741054549622;742
9;1741054552146;743
0;1741054553480;743
0;1741054554770;744
9;1741054555213;744
0;1741054556407;745
9;1741054558626;745
0;1741054560074;746
9;1741054560777;746
9;1741054567762;747
0;1741054569950;747
0;1741054575979;748
9;1741054576508;748
0;1741054579771;749
0;1741054585300;750
0;1741054587890;751
9;1741054590310;749
9;1741054592889;750
9;1741054594228;751
9;1741054594989;752
9;1741054607165;753
0;1741054607176;752
9;1741054607779;754
0;1741054608754;753
0;1741054609533;754
9;1741054613754;755
9;1741054615038;756
9;1741054617683;757
0;1741054619144;755
9;1741054620561;758
0;1741054621640;756
0;1741054626588;757
0;1741054629862;758
9;1741054636274;759
9;1741054636393;760
0;1741054638559;759
0;1741054640189;760
9;1741054643045;761
9;1741054648966;762
0;1741054653693;761
0;1741054655650;762
0;1741054656924;763
9;1741054661110;763
0;1741054662839;764
9;1741054665048;764
9;1741054666983;765
0;1741054668963;765
9;1741054669336;766
0;1741054670177;766
0;1741054671340;767
9;1741054682688;767
9;1741054683470;768
0;1741054683745;768
0;1741054683767;769
9;1741054683976;769
0;1741054685481;770
0;1741054687971;771
9;1741054692298;770
9;1741054694968;771
9;1741054699350;772
0;1741054699899;772
0;1741054700787;773
0;1741054705770;774
0;1741054707843;775
0;1741054708714;776
9;1741054709264;773
9;1741054709764;774
9;1741054711120;775
9;1741054717553;776
0;1741054722984;777
9;1741054728395;777
9;1741054734790;778
9;1741054734963;779
9;1741054735135;780
0;1741054736700;778
0;1741054738736;779
0;1741054738794;780
9;1741054739156;781
9;1741054739995;782
0;1741054740429;781
9;1741054743288;783
9;1741054748859;784
0;1741054750350;782
0;1741054760108;783
0;1741054766420;784
9;1741054767674;785
0;1741054767712;785
0;1741054768577;786
9;1741054773398;786
0;1741054775387;787
9;1741054775449;787
0;1741054777453;788
9;1741054780021;788
0;1741054783897;789
9;1741054786810;789
0;1741054787505;790
9;1741054797932;790
0;1741054801000;791
9;1741054802011;791
9;1741054803139;792
9;1741054806045;793
0;1741054808538;792
9;1741054808612;794
0;1741054813168;793
0;1741054816235;794
9;1741054816603;795
0;1741054818541;795
0;1741054822847;796
9;1741054829587;796
0;1741054831651;797
0;1741054832713;798
0;1741054834617;799
9;1741054834883;797
9;1741054835366;798
0;1741054836846;800
9;1741054839307;799
9;1741054839612;800
9;1741054840381;801
9;1741054841743;802
0;1741054845387;801
0;1741054846283;802
9;1741054853722;803
0;1741054857421;803
0;1741054861474;804
9;1741054862754;804
9;1741054865262;805
9;1741054865277;806
9;1741054872444;807
0;1741054874387;805
0;1741054878457;806
9;1741054879056;808
0;1741054881836;807
0;1741054886043;808
0;1741054886792;809
0;1741054888618;810
9;1741054889457;809
9;1741054889748;810
9;1741054899660;811
0;1741054900750;811
9;1741054900936;812
9;1741054901043;813
0;1741054903750;812
0;1741054905445;813
9;1741054905856;814
0;1741054907250;814
9;1741054907293;815
0;1741054912505;815
9;1741054918240;816
0;1741054922274;816
0;1741054925759;817
0;1741054928108;818
0;1741054928773;819
9;1741054933261;817
9;1741054934710;818
9;1741054935813;819
9;1741054939467;820
9;1741054941509;821
0;1741054949855;820
9;1741054954423;822
0;1741054955127;821
0;1741054959439;822
9;1741054960503;823
9;1741054961303;824
0;1741054964719;823
9;1741054968226;825
0;1741054968950;824
0;1741054969100;825
0;1741054969490;826
0;1741054972165;827
9;1741054975109;826
9;1741054976150;827
9;1741054978439;828
9;1741054978793;829
0;1741054979002;828
0;1741054979693;829
9;1741054982040;830
0;1741054987235;830
0;1741054988772;831
9;1741054991225;831
9;1741054993808;832
0;1741054997338;832
0;1741055003923;833
0;1741055005672;834
9;1741055016629;833
9;1741055019646;834
9;1741055019918;835
9;1741055020826;836
0;1741055020965;835
0;1741055021526;836
0;1741055022496;837
0;1741055025045;838
9;1741055027594;837
9;1741055028395;838
0;1741055034205;839
0;1741055037157;840
9;1741055037328;839
0;1741055039211;841
9;1741055039914;840
0;1741055040708;842
9;1741055040836;841
0;1741055043431;843
9;1741055049099;842
9;1741055052248;843
0;1741055065419;844
9;1741055065902;844
9;1741055070193;845
9;1741055070206;846
0;1741055072164;845
0;1741055072837;846
9;1741055076851;847
9;1741055084121;848
0;1741055084914;847
9;1741055086072;849
0;1741055086522;848
9;1741055091181;850
0;1741055094162;849
9;1741055094618;851
0;1741055095906;850
9;1741055096070;852
9;1741055096682;853
0;1741055096867;851
0;1741055096876;852
0;1741055096978;853
0;1741055109100;854
9;1741055111306;854
9;1741055116561;855
9;1741055119152;856
9;1741055119283;857
9;1741055120543;858
0;1741055122637;855
0;1741055123476;856
0;1741055124401;857
9;1741055126398;859
0;1741055131137;858
0;1741055131288;859
0;1741055132234;860
9;1741055144396;860
0;1741055145525;861
9;1741055148957;861
9;1741055152133;862
0;1741055153126;862
0;1741055156023;863
0;1741055157068;864
9;1741055157662;863
9;1741055159304;864
0;1741055165308;865
0;1741055167399;866
9;1741055167850;865
9;1741055168135;866
0;1741055173236;867
0;1741055173332;868
9;1741055177634;867
9;1741055180131;868
9;1741055185160;869
9;1741055185927;870
9;1741055190602;871
0;1741055194353;869
0;1741055196185;870
0;1741055197710;871
0;1741055199218;872
9;1741055199252;872
0;1741055199651;873
9;1741055201862;873
9;1741055206108;874
0;1741055208577;874
9;1741055209038;875
9;1741055218084;876
9;1741055219858;877
0;1741055222059;875
9;1741055225086;878
0;1741055225880;876
9;1741055228975;879
0;1741055231899;877
0;1741055239657;878
0;1741055240769;879
0;1741055243452;880
9;1741055246921;880
9;1741055246946;881
0;1741055251603;881
0;1741055252350;882
9;1741055255742;882
9;1741055258307;883
0;1741055261030;883
0;1741055262741;884
9;1741055263572;884
9;1741055265255;885
0;1741055269937;885
0;1741055275246;886
9;1741055278914;886
0;1741055282776;887
9;1741055284212;887
0;1741055285875;888
0;1741055287217;889
9;1741055292227;888
9;1741055294307;889
0;1741055294458;890
0;1741055295282;891
9;1741055299679;890
9;1741055301078;891
0;1741055304171;892
9;1741055308243;892
9;1741055308563;893
9;1741055311162;894
0;1741055311194;893
9;1741055316715;895
9;1741055321969;896
0;1741055323754;894
0;1741055323952;895
0;1741055325463;896
9;1741055326894;897
0;1741055329511;897
0;1741055330738;898
0;1741055336174;899
9;1741055339968;898
9;1741055342536;899
0;1741055344754;900
0;1741055345294;901
0;1741055346096;902
9;1741055346831;900
9;1741055347224;901
0;1741055347872;903
9;1741055353116;902
9;1741055358532;903
0;1741055358608;904
0;1741055358695;905
9;1741055359529;904
9;1741055362403;905
9;1741055363438;906
0;1741055367625;906
9;1741055378448;907
9;1741055379014;908
0;1741055380879;907
0;1741055382641;908
0;1741055389708;909
9;1741055390440;909
0;1741055390898;910
0;1741055391720;911
9;1741055396092;910
0;1741055397661;912
9;1741055400940;911
9;1741055402011;912
0;1741055405091;913
9;1741055405215;913
9;1741055414399;914
0;1741055418467;914
9;1741055421513;915
9;1741055421642;916
0;1741055425718;915
0;1741055427838;916
0;1741055431965;917
0;1741055437890;918
9;1741055438864;917
9;1741055439224;918
0;1741055439552;919
9;1741055439905;919
9;1741055442599;920
0;1741055443789;920
9;1741055444391;921
0;1741055445600;921
9;1741055445849;922
0;1741055449428;922
0;1741055449973;923
9;1741055463296;923
9;1741055466957;924
0;1741055468772;924
0;1741055468816;925
0;1741055469668;926
9;1741055469980;925
0;1741055472837;927
9;1741055473626;926
9;1741055474874;927
9;1741055477581;928
0;1741055478114;928
0;1741055479304;929
9;1741055479502;929
0;1741055485251;930
9;1741055490525;930
9;1741055490637;931
0;1741055490942;931
9;1741055498312;932
9;1741055501275;933
0;1741055503909;932
0;1741055504418;933
9;1741055504533;934
0;1741055511470;934
0;1741055512134;935
9;1741055517788;935
9;1741055519644;936
0;1741055520391;936
9;1741055520871;937
0;1741055521584;937
0;1741055526864;938
9;1741055531229;938
0;1741055533953;939
9;1741055538160;939
0;1741055538206;940
9;1741055538692;940
9;1741055539117;941
0;1741055541898;941
9;1741055542266;942
0;1741055545016;942
0;1741055550242;943
9;1741055551490;943
9;1741055556090;944
0;1741055560415;944
0;1741055561698;945
0;1741055561801;946
9;1741055567456;945
0;1741055572245;947
9;1741055573141;946
9;1741055575226;947
9;1741055577373;948
0;1741055583654;948
0;1741055585251;949
9;1741055588541;949
9;1741055591061;950
0;1741055592804;950
9;1741055592996;951
0;1741055600805;951
0;1741055601709;952
9;1741055602179;952
0;1741055607890;953
9;1741055610832;953
9;1741055614342;954
0;1741055614446;954
0;1741055615016;955
9;1741055616983;955
0;1741055617036;956
0;1741055620406;957
9;1741055620432;956
0;1741055621226;958
9;1741055633413;957
0;1741055636327;959
9;1741055637624;958
9;1741055638015;959
9;1741055638675;960
9;1741055642689;961
0;1741055644039;960
9;1741055650291;962
0;1741055650999;961
0;1741055655872;962
0;1741055657592;963
9;1741055657825;963
0;1741055662205;964
0;1741055663174;965
9;1741055665555;964
9;1741055667758;965
9;1741055670507;966
0;1741055674378;966
0;1741055674756;967
9;1741055675198;967
0;1741055679900;968
9;1741055682334;968
9;1741055682754;969
0;1741055686525;969
9;1741055688689;970
9;1741055694007;971
0;1741055694326;970
0;1741055695159;971
9;1741055695433;972
0;1741055703414;972
0;1741055704673;973
9;1741055706480;973
0;1741055707964;974
0;1741055708370;975
9;1741055709112;974
9;1741055712067;975
9;1741055717504;976
0;1741055723325;976
0;1741055723422;977
9;1741055726944;977
9;1741055727333;978
9;1741055730987;979
0;1741055732311;978
0;1741055732422;979
0;1741055745521;980
9;1741055746783;980
9;1741055748577;981
9;1741055750632;982
0;1741055750663;981
0;1741055751535;982
9;1741055752465;983
9;1741055754092;984
0;1741055757094;983
0;1741055762868;984
9;1741055764790;985
9;1741055772128;986
0;1741055776936;985
9;1741055776990;987
9;1741055777173;988
0;1741055777731;986
0;1741055782837;987
0;1741055782952;988
0;1741055784855;989
0;1741055788303;990
9;1741055791385;989
0;1741055792142;991
0;1741055795414;992
0;1741055799268;993
9;1741055800539;990
9;1741055800971;991
9;1741055804338;992
9;1741055815212;993
9;1741055817129;994
9;1741055818302;995
0;1741055818449;994
9;1741055819416;996
0;1741055820588;995
9;1741055822749;997
9;1741055823253;998
0;1741055826078;996
9;1741055833559;999
0;1741055833723;997
0;1741055834706;998
0;1741055835091;999
0;1741055835348;1000
0;1741055839879;1001
0;1741055840161;1002
9;1741055840959;1000
9;1741055842359;1001
9;1741055844345;1002
0;1741055846119;1003
9;1741055846570;1003
0;1741055847995;1004
0;1741055859638;1005
9;1741055861987;1004
9;1741055864874;1005
9;1741055879669;1006
0;1741055880502;1006
0;1741055882061;1007
9;1741055882841;1007
9;1741055883403;1008
9;1741055886982;1009
0;1741055892290;1008
9;1741055892678;1010
0;1741055893825;1009
0;1741055894378;1010
0;1741055896484;1011
0;1741055898512;1012
0;1741055900835;1013
9;1741055905809;1011
0;1741055907453;1014
9;1741055907705;1012
9;1741055909298;1013
9;1741055911259;1014
0;1741055918413;1015
9;1741055920282;1015
9;1741055920857;1016
0;1741055922063;1016
0;1741055926234;1017
9;1741055929885;1017
9;1741055930941;1018
9;1741055932509;1019
0;1741055940048;1018
9;1741055941019;1020
9;1741055943910;1021
0;1741055944441;1019
0;1741055948147;1020
0;1741055950818;1021
0;1741055953156;1022
9;1741055953648;1022
0;1741055957525;1023
9;1741055958528;1023
0;1741055961571;1024
9;1741055963648;1024
0;1741055964445;1025
9;1741055965825;1025
0;1741055967587;1026
9;1741055972683;1026
9;1741055973218;1027
0;1741055975814;1027
0;1741055977084;1028
9;1741055984485;1028
9;1741055984609;1029
0;1741055987328;1029
9;1741055987908;1030
9;1741055989482;1031
9;1741055991390;1032
0;1741055993953;1030
0;1741055996234;1031
0;1741056007022;1032
9;1741056007437;1033
9;1741056013457;1034
9;1741056015336;1035
9;1741056017916;1036
0;1741056018605;1033
0;1741056018933;1034
0;1741056020827;1035
9;1741056020910;1037
0;1741056021186;1036
9;1741056026581;1038
0;1741056031046;1037
0;1741056033573;1038
0;1741056035512;1039
9;1741056039366;1039
0;1741056040490;1040
9;1741056045858;1040
9;1741056047641;1041
0;1741056050859;1041
9;1741056051027;1042
0;1741056053205;1042
9;1741056053675;1043
0;1741056055629;1043
9;1741056058879;1044
9;1741056059029;1045
0;1741056062209;1044
0;1741056063277;1045
0;1741056068604;1046
9;1741056069707;1046
9;1741056071648;1047
9;1741056074433;1048
0;1741056079454;1047
0;1741056082146;1048
0;1741056082441;1049
9;1741056087682;1049
9;1741056090109;1050
0;1741056092301;1050
9;1741056092629;1051
0;1741056094883;1051
9;1741056096074;1052
9;1741056099219;1053
9;1741056110887;1054
0;1741056111013;1052
0;1741056111504;1053
0;1741056111667;1054
0;1741056111730;1055
9;1741056115101;1055
9;1741056120910;1056
0;1741056121887;1056
0;1741056123497;1057
9;1741056127050;1057
9;1741056130025;1058
0;1741056130841;1058
0;1741056134222;1059
9;1741056135344;1059
9;1741056136164;1060
0;1741056142328;1060
0;1741056144025;1061
9;1741056145795;1061
0;1741056148070;1062
9;1741056151690;1062
9;1741056155172;1063
9;1741056155613;1064
0;1741056160086;1063
9;1741056160662;1065
0;1741056165087;1064
0;1741056166262;1065
0;1741056168050;1066
9;1741056171557;1066
9;1741056172715;1067
0;1741056179024;1067
9;1741056179337;1068
0;1741056180712;1068
9;1741056187859;1069
0;1741056195784;1069
9;1741056196150;1070
0;1741056200906;1070
9;1741056204592;1071
9;1741056205278;1072
0;1741056205773;1071
9;1741056205941;1073
0;1741056206013;1072
9;1741056206557;1074
9;1741056207499;1075
0;1741056208231;1073
9;1741056212050;1076
0;1741056213190;1074
0;1741056213752;1075
9;1741056215574;1077
0;1741056216839;1076
0;1741056226492;1077
0;1741056227917;1078
9;1741056228612;1078
0;1741056230127;1079
9;1741056231447;1079
0;1741056237966;1080
9;1741056241856;1080
9;1741056244410;1081
0;1741056248467;1081
9;1741056248901;1082
0;1741056249032;1082
0;1741056249605;1083
0;1741056251461;1084
9;1741056258287;1083
0;1741056260474;1085
9;1741056268325;1084
9;1741056270176;1085
0;1741056271997;1086
9;1741056273405;1086
9;1741056276177;1087
0;1741056282245;1087
9;1741056282385;1088
0;1741056282874;1088
0;1741056284206;1089
0;1741056287333;1090
9;1741056289427;1089
9;1741056291363;1090
0;1741056293551;1091
9;1741056296089;1091
9;1741056297475;1092
9;1741056297902;1093
0;1741056298832;1092
9;1741056299433;1094
9;1741056302213;1095
0;1741056306444;1093
0;1741056312526;1094
0;1741056317560;1095
0;1741056319392;1096
0;1741056320430;1097
0;1741056322603;1098
9;1741056323932;1096
0;1741056330057;1099
9;1741056330801;1097
9;1741056333657;1098
0;1741056337005;1100
9;1741056339276;1099
0;1741056341793;1101
9;1741056341982;1100
0;1741056348578;1102
0;1741056350202;1103
9;1741056350215;1101
0;1741056355313;1104
9;1741056355645;1102
0;1741056357533;1105
9;1741056357546;1103
9;1741056358382;1104
9;1741056360268;1105
9;1741056364122;1106
0;1741056375858;1106
9;1741056379336;1107
0;1741056380030;1107
0;1741056380608;1108
9;1741056380724;1108
9;1741056380779;1109
0;1741056381412;1109
9;1741056384556;1110
9;1741056386275;1111
0;1741056387537;1110
0;1741056393856;1111
9;1741056399738;1112
9;1741056401007;1113
0;1741056403401;1112
9;1741056404582;1114
0;1741056407793;1113
9;1741056409946;1115
0;1741056412838;1114
9;1741056414941;1116
9;1741056415770;1117
0;1741056415995;1115
0;1741056429998;1116
9;1741056431039;1118
0;1741056433648;1117
9;1741056434267;1119
0;1741056434604;1118
0;1741056434932;1119
0;1741056440789;1120
0;1741056441916;1121
9;1741056442974;1120
9;1741056445614;1121
9;1741056451987;1122
9;1741056452185;1123
0;1741056456793;1122
9;1741056458661;1124
9;1741056460523;1125
0;1741056460727;1123
0;1741056466787;1124
9;1741056468224;1126
0;1741056469054;1125
9;1741056469282;1127
0;1741056469902;1126
0;1741056471446;1127
9;1741056471681;1128
0;1741056473961;1128
9;1741056480654;1129
9;1741056482820;1130
0;1741056487331;1129
0;1741056497523;1130
0;1741056500205;1131
9;1741056502568;1131
0;1741056503570;1132
0;1741056504233;1133
9;1741056504763;1132
9;1741056508097;1133
9;1741056511110;1134
9;1741056517438;1135
0;1741056517475;1134
0;1741056519263;1135
9;1741056519373;1136
9;1741056527425;1137
9;1741056529236;1138
0;1741056531398;1136
0;1741056533497;1137
0;1741056534569;1138
0;1741056534812;1139
0;1741056535534;1140
9;1741056537178;1139
9;1741056538087;1140
9;1741056540715;1141
0;1741056546314;1141
0;1741056551886;1142
0;1741056552960;1143
9;1741056555477;1142
9;1741056558803;1143
0;1741056565716;1144
9;1741056566260;1144
9;1741056567735;1145
9;1741056570047;1146
0;1741056570998;1145
9;1741056574058;1147
0;1741056576588;1146
0;1741056581044;1147
0;1741056581441;1148
0;1741056585140;1149
0;1741056587721;1150
9;1741056587880;1148
9;1741056591526;1149
9;1741056595110;1150
9;1741056595836;1151
9;1741056599149;1152
0;1741056605308;1151
9;1741056606912;1153
9;1741056609641;1154
0;1741056611311;1152
9;1741056613052;1155
0;1741056616402;1153
9;1741056616763;1156
0;1741056617038;1154
9;1741056618156;1157
0;1741056619392;1155
0;1741056622977;1156
0;1741056629409;1157
0;1741056629852;1158
9;1741056629923;1158
0;1741056631571;1159
9;1741056632593;1159
0;1741056641411;1160
9;1741056648745;1160
0;1741056649126;1161
0;1741056651309;1162
9;1741056651672;1161
9;1741056651947;1162
9;1741056652301;1163
9;1741056652380;1164
9;1741056653258;1165
9;1741056655011;1166
0;1741056658444;1163
0;1741056661234;1164
0;1741056663802;1165
9;1741056664281;1167
9;1741056670145;1168
0;1741056671655;1166
0;1741056673768;1167
9;1741056684272;1169
0;1741056687115;1168
9;1741056690460;1170
0;1741056692674;1169
9;1741056693382;1171
0;1741056694204;1170
0;1741056694220;1171
0;1741056695022;1172
0;1741056695264;1173
9;1741056698572;1172
9;1741056700179;1173
0;1741056702595;1174
9;1741056706461;1174
0;1741056708333;1175
9;1741056717448;1175
9;1741056719720;1176
0;1741056720903;1176
9;1741056721894;1177
9;1741056722030;1178
0;1741056725655;1177
0;1741056727031;1178
0;1741056730812;1179
0;1741056733080;1180
9;1741056735853;1179
9;1741056739679;1180
0;1741056745335;1181
0;1741056746996;1182
9;1741056752953;1181
9;1741056754308;1182
9;1741056754897;1183
0;1741056756231;1183
9;1741056757745;1184
9;1741056761079;1185
9;1741056761889;1186
0;1741056765123;1184
9;1741056769489;1187
9;1741056773022;1188
0;1741056778822;1185
0;1741056778984;1186
0;1741056784015;1187
0;1741056784901;1188
0;1741056784985;1189
9;1741056787704;1189
9;1741056790294;1190
9;1741056791979;1191
0;1741056792421;1190
9;1741056796589;1192
0;1741056797093;1191
0;1741056797204;1192
0;1741056801376;1193
0;1741056806872;1194
0;1741056809585;1195
9;1741056814200;1193
0;1741056817615;1196
9;1741056817759;1194
9;1741056819015;1195
9;1741056819502;1196
9;1741056820118;1197
0;1741056821965;1197
9;1741056823198;1198
9;1741056824839;1199
0;1741056831080;1198
0;1741056832497;1199
9;1741056845030;1200
0;1741056846466;1200
9;1741056848709;1201
0;1741056848975;1201
0;1741056853674;1202
9;1741056855423;1202
0;1741056858258;1203
9;1741056858971;1203
9;1741056859489;1204
9;1741056862917;1205
0;1741056863382;1204
0;1741056863484;1205
9;1741056865424;1206
9;1741056865837;1207
0;1741056869348;1206
9;1741056880485;1208
0;1741056880955;1207
9;1741056883479;1209
9;1741056883786;1210
0;1741056883891;1208
9;1741056885312;1211
0;1741056886398;1209
9;1741056889108;1212
0;1741056891473;1210
0;1741056899334;1211
9;1741056900110;1213
0;1741056902169;1212
0;1741056905729;1213
9;1741056912164;1214
0;1741056912436;1214
0;1741056912700;1215
0;1741056913205;1216
9;1741056918539;1215
0;1741056920597;1217
9;1741056920669;1216
9;1741056921840;1217
9;1741056926386;1218
0;1741056930169;1218
9;1741056930970;1219
0;1741056933125;1219
0;1741056933586;1220
9;1741056936574;1220
9;1741056942041;1221
0;1741056943736;1221
9;1741056944365;1222
9;1741056949737;1223
0;1741056951789;1222
0;1741056957226;1223
9;1741056960002;1224
0;1741056962629;1224
0;1741056964750;1225
9;1741056965493;1225
9;1741056969613;1226
9;1741056971669;1227
0;1741056973608;1226
9;1741056975025;1228
0;1741056975544;1227
0;1741056978887;1228
9;1741056982434;1229
0;1741056986057;1229
0;1741056989972;1230
0;1741056990184;1231
0;1741056990858;1232
9;1741056991340;1230
0;1741056993192;1233
9;1741056997625;1231
9;1741056997691;1232
0;1741057000393;1234
9;1741057009262;1233
0;1741057012784;1235
9;1741057014276;1234
9;1741057021459;1235
0;1741057025409;1236
0;1741057026770;1237
9;1741057026782;1236
0;1741057028282;1238
9;1741057030166;1237
0;1741057030645;1239
9;1741057035029;1238
9;1741057035813;1239
0;1741057036075;1240
9;1741057041340;1240
0;1741057041819;1241
9;1741057045264;1241
0;1741057045597;1242
0;1741057048052;1243
9;1741057050666;1242
0;1741057056803;1244
0;1741057057780;1245
9;1741057058665;1243
0;1741057060300;1246
9;1741057064710;1244
0;1741057069561;1247
0;1741057075413;1248
9;1741057078367;1245
0;1741057082563;1249
9;1741057082855;1246
9;1741057083577;1247
9;1741057083678;1248
9;1741057087855;1249
9;1741057089462;1250
0;1741057089814;1250
0;1741057092647;1251
9;1741057093191;1251
0;1741057095226;1252
9;1741057095804;1252
9;1741057101243;1253
0;1741057103196;1253
0;1741057104796;1254
9;1741057105747;1254
0;1741057106712;1255
9;1741057106783;1255
9;1741057112855;1256
9;1741057113595;1257
0;1741057119405;1256
0;1741057120897;1257
9;1741057121615;1258
0;1741057124033;1258
0;1741057130858;1259
9;1741057131496;1259
0;1741057134673;1260
9;1741057138582;1260
0;1741057138834;1261
0;1741057144888;1262
0;1741057150804;1263
9;1741057152588;1261
9;1741057155113;1262
9;1741057158199;1263
0;1741057158214;1264
9;1741057159822;1264
9;1741057162125;1265
0;1741057163165;1265
9;1741057166045;1266
0;1741057166571;1266
9;1741057172599;1267
9;1741057175872;1268
0;1741057175897;1267
9;1741057179737;1269
0;1741057181602;1268
9;1741057182002;1270
0;1741057183115;1269
9;1741057188585;1271
0;1741057194260;1270
0;1741057195070;1271
0;1741057197218;1272
0;1741057199260;1273
9;1741057200182;1272
0;1741057202904;1274
0;1741057206009;1275
9;1741057209849;1273
0;1741057220738;1276
9;1741057221301;1274
0;1741057222823;1277
9;1741057224127;1275
9;1741057224948;1276
9;1741057225017;1277
9;1741057225694;1278
9;1741057226119;1279
0;1741057227067;1278
0;1741057228080;1279
0;1741057232191;1280
0;1741057235814;1281
9;1741057240353;1280
9;1741057243560;1281
9;1741057248293;1282
9;1741057249497;1283
0;1741057250895;1282
0;1741057252516;1283
9;1741057258816;1284
0;1741057261700;1284
9;1741057270556;1285
0;1741057270717;1285
0;1741057271234;1286
9;1741057275044;1286
9;1741057275831;1287
0;1741057280308;1287
0;1741057280458;1288
0;1741057281572;1289
9;1741057288851;1288
9;1741057289484;1289
0;1741057291753;1290
9;1741057295910;1290
0;1741057298856;1291
9;1741057299069;1291
9;1741057299556;1292
0;1741057301899;1292
0;1741057303755;1293
0;1741057304456;1294
9;1741057307477;1293
0;1741057308272;1295
9;1741057310362;1294
0;1741057317058;1296
9;1741057319685;1295
9;1741057321385;1296
9;1741057323490;1297
0;1741057325871;1297
9;1741057331752;1298
0;1741057333154;1298
9;1741057333338;1299
0;1741057335836;1299
9;1741057336212;1300
9;1741057337125;1301
0;1741057340964;1300
9;1741057344343;1302
9;1741057348206;1303
0;1741057352817;1301
0;1741057355252;1302
0;1741057356833;1303
0;1741057359521;1304
9;1741057366860;1304
0;1741057377515;1305
9;1741057377603;1305
0;1741057380308;1306
9;1741057380479;1306
9;1741057382386;1307
0;1741057385060;1307
0;1741057385069;1308
0;1741057385571;1309
9;1741057386570;1308
0;1741057386867;1310
0;1741057389599;1311
9;1741057390576;1309
9;1741057390704;1310
9;1741057393621;1311
9;1741057402346;1312
0;1741057404117;1312
0;1741057410242;1313
9;1741057411000;1313
9;1741057415899;1314
0;1741057416527;1314
0;1741057417346;1315
0;1741057420865;1316
0;1741057422312;1317
0;1741057423656;1318
9;1741057425779;1315
9;1741057427147;1316
0;1741057427432;1319
9;1741057429392;1317
9;1741057430362;1318
0;1741057430890;1320
9;1741057436172;1319
0;1741057437719;1321
0;1741057438352;1322
9;1741057438873;1320
0;1741057443368;1323
9;1741057448275;1321
9;1741057450832;1322
9;1741057457103;1323
9;1741057459193;1324
9;1741057461297;1325
9;1741057461336;1326
0;1741057462266;1324
9;1741057467412;1327
0;1741057468365;1325
0;1741057470112;1326
0;1741057472639;1327
9;1741057476585;1328
0;1741057478003;1328
9;1741057479738;1329
0;1741057486832;1329
9;1741057490609;1330
9;1741057491939;1331
0;1741057494103;1330
9;1741057496298;1332
0;1741057499033;1331
0;1741057499254;1332
0;1741057502628;1333
0;1741057506704;1334
9;1741057510118;1333
9;1741057511224;1334
9;1741057512750;1335
0;1741057514400;1335
9;1741057517012;1336
0;1741057521149;1336
9;1741057524546;1337
9;1741057527459;1338
0;1741057528770;1337
0;1741057532257;1338
0;1741057532581;1339
9;1741057534236;1339
0;1741057534600;1340
0;1741057539075;1341
0;1741057540605;1342
9;1741057540725;1340
9;1741057546699;1341
9;1741057549564;1342
0;1741057551291;1343
9;1741057558532;1343
0;1741057562062;1344
9;1741057562115;1344
0;1741057565345;1345
9;1741057568963;1345
9;1741057570587;1346
0;1741057573237;1346
0;1741057575306;1347
9;1741057576722;1347
0;1741057576913;1348
9;1741057579188;1348
9;1741057580052;1349
0;1741057582275;1349
9;1741057590573;1350
0;1741057590957;1350
9;1741057595361;1351
9;1741057595716;1352
0;1741057598603;1351
9;1741057601083;1353
0;1741057601323;1352
0;1741057602815;1353
0;1741057603246;1354
9;1741057614050;1354
9;1741057616668;1355
9;1741057616787;1356
0;1741057618189;1355
0;1741057621420;1356
9;1741057624724;1357
0;1741057627443;1357
9;1741057629219;1358
0;1741057632505;1358
9;1741057635780;1359
9;1741057638186;1360
9;1741057643382;1361
0;1741057646287;1359
9;1741057646784;1362
9;1741057647376;1363
0;1741057649034;1360
0;1741057650005;1361
9;1741057654583;1364
9;1741057657484;1365
9;1741057657723;1366
9;1741057660127;1367
0;1741057660742;1362
0;1741057662545;1363
0;1741057665363;1364
0;1741057667806;1365
0;1741057670159;1366
9;1741057672010;1368
0;1741057672978;1367
0;1741057673360;1368
0;1741057680142;1369
9;1741057684945;1369
0;1741057690018;1370
9;1741057690601;1370
9;1741057690924;1371
0;1741057691051;1371
9;1741057691208;1372
0;1741057692742;1372
0;1741057696913;1373
9;1741057698311;1373
0;1741057705013;1374
0;1741057705206;1375
9;1741057711722;1374
0;1741057715951;1376
0;1741057717225;1377
9;1741057718476;1375
0;1741057723506;1378
9;1741057723945;1376
9;1741057724273;1377
9;1741057725614;1378
9;1741057725628;1379
9;1741057731222;1380
0;1741057734113;1379
9;1741057741172;1381
0;1741057741482;1380
9;1741057749316;1382
0;1741057749843;1381
0;1741057754702;1382
0;1741057757040;1383
0;1741057765307;1384
9;1741057765719;1383
9;1741057767111;1384
9;1741057768772;1385
0;1741057769294;1385
0;1741057771692;1386
9;1741057771954;1386
9;1741057773421;1387
0;1741057774535;1387
0;1741057778505;1388
9;1741057778817;1388
0;1741057778835;1389
9;1741057780703;1389
9;1741057781704;1390
9;1741057792227;1391
0;1741057794226;1390
0;1741057794254;1391
9;1741057800525;1392
9;1741057802603;1393
9;1741057803259;1394
0;1741057804628;1392
9;1741057805504;1395
0;1741057805654;1393
9;1741057812271;1396
0;1741057812860;1394
0;1741057815867;1395
0;1741057816833;1396
0;1741057819525;1397
9;1741057819973;1397
9;1741057822230;1398
0;1741057822501;1398
9;1741057825067;1399
9;1741057826335;1400
0;1741057826600;1399
0;1741057839657;1400
9;1741057845264;1401
0;1741057847067;1401
9;1741057852020;1402
9;1741057854140;1403
0;1741057854663;1402
0;1741057855787;1403
9;1741057857161;1404
9;1741057857413;1405
9;1741057858600;1406
0;1741057859502;1404
0;1741057862920;1405
9;1741057866460;1407
0;1741057868679;1406
0;1741057874427;1407
9;1741057876526;1408
9;1741057880592;1409
0;1741057885609;1408
0;1741057889316;1409
0;1741057892071;1410
9;1741057897044;1410
9;1741057899059;1411
0;1741057899538;1411
0;1741057901694;1412
9;1741057903301;1412
9;1741057904428;1413
0;1741057904604;1413
0;1741057910099;1414
9;1741057913895;1414
0;1741057917523;1415
9;1741057917907;1415
0;1741057921123;1416
9;1741057925270;1416
0;1741057926505;1417
0;1741057927710;1418
9;1741057930113;1417
0;1741057939077;1419
9;1741057940925;1418
9;1741057941340;1419
9;1741057941702;1420
9;1741057950344;1421
0;1741057950578;1420
9;1741057950773;1422
0;1741057951970;1421
9;1741057951997;1423
0;1741057952675;1422
9;1741057955532;1424
0;1741057957408;1423
0;1741057957558;1424
9;1741057957644;1425
9;1741057959503;1426
9;1741057960195;1427
9;1741057967701;1428
0;1741057968572;1425
0;1741057969990;1426
0;1741057975215;1427
0;1741057977709;1428
0;1741057986531;1429
0;1741057989780;1430
9;1741057995269;1429
9;1741057997354;1430
0;1741057997814;1431
9;1741057998661;1431
9;1741057999387;1432
9;1741058000152;1433
0;1741058004904;1432
0;1741058005136;1433
0;1741058005800;1434
9;1741058009936;1434
9;1741058013392;1435
9;1741058015883;1436
0;1741058016912;1435
0;1741058019415;1436
9;1741058024719;1437
9;1741058025903;1438
0;1741058026230;1437
0;1741058027090;1438
9;1741058027213;1439
9;1741058034378;1440
0;1741058035578;1439
0;1741058037028;1440
0;1741058037269;1441
0;1741058044223;1442
9;1741058049303;1441
9;1741058051134;1442
9;1741058052118;1443
0;1741058053360;1443
0;1741058055857;1444
9;1741058061149;1444
0;1741058063301;1445
9;1741058063801;1445
9;1741058063984;1446
9;1741058066317;1447
0;1741058068980;1446
0;1741058077579;1447
9;1741058079711;1448
0;1741058090081;1448
9;1741058090371;1449
0;1741058090469;1449
0;1741058092289;1450
0;1741058093418;1451
0;1741058094247;1452
9;1741058094441;1450
9;1741058101128;1451
0;1741058106116;1453
9;1741058108414;1452
9;1741058109766;1453
0;1741058110128;1454
9;1741058112741;1454
0;1741058114164;1455
9;1741058117290;1455
0;1741058121280;1456
9;1741058124431;1456
9;1741058128338;1457
0;1741058131548;1457
9;1741058134251;1458
0;1741058134953;1458
9;1741058135225;1459
9;1741058135237;1460
0;1741058138546;1459
9;1741058139016;1461
0;1741058139823;1460
9;1741058143653;1462
0;1741058145681;1461
0;1741058151465;1462
9;1741058157611;1463
0;1741058158931;1463
0;1741058159990;1464
9;1741058162456;1464
0;1741058164746;1465
9;1741058165411;1465
9;1741058168259;1466
0;1741058172412;1466
0;1741058174626;1467
9;1741058176526;1467
9;1741058178874;1468
9;1741058179210;1469
0;1741058184051;1468
0;1741058185822;1469
0;1741058188710;1470
0;1741058191023;1471
0;1741058193311;1472
9;1741058193925;1470
9;1741058196053;1471
9;1741058196393;1472
0;1741058200494;1473
9;1741058203187;1473
9;1741058205618;1474
0;1741058214785;1474
9;1741058217022;1475
9;1741058218847;1476
9;1741058220809;1477
0;1741058222723;1475
0;1741058224782;1476
9;1741058224990;1478
9;1741058229617;1479
0;1741058236283;1477
0;1741058237292;1478
0;1741058240369;1479
0;1741058245250;1480
0;1741058245680;1481
9;1741058247173;1480
0;1741058249090;1482
9;1741058254453;1481
0;1741058257709;1483
0;1741058258184;1484
9;1741058258563;1482
9;1741058260104;1483
0;1741058264172;1485
9;1741058265247;1484
9;1741058268488;1485
0;1741058272174;1486
0;1741058272714;1487
9;1741058273731;1486
9;1741058277115;1487
9;1741058279392;1488
0;1741058286686;1488
9;1741058288333;1489
0;1741058288580;1489
0;1741058289706;1490
0;1741058290707;1491
9;1741058295228;1490
9;1741058300466;1491
9;1741058302584;1492
0;1741058305447;1492
9;1741058305765;1493
0;1741058306257;1493
9;1741058307943;1494
0;1741058310381;1494
0;1741058312660;1495
9;1741058315121;1495
9;1741058316907;1496
0;1741058318674;1496
0;1741058319857;1497
9;1741058327607;1497
9;1741058328851;1498
0;1741058329334;1498
0;1741058337811;1499
9;1741058339068;1499
9;1741058342531;1500
0;1741058343885;1500
9;1741058344139;1501
0;1741058344201;1501
9;1741058347814;1502
0;1741058349196;1502
0;1741058349362;1503
9;1741058353466;1503
9;1741058365352;1504
0;1741058368485;1504
0;1741058368500;1505
0;1741058369126;1506
9;1741058375237;1505
9;1741058375525;1506
0;1741058375906;1507
0;1741058379968;1508
0;1741058383962;1509
9;1741058386476;1507
0;1741058388713;1510
9;1741058389847;1508
9;1741058390082;1509
0;1741058391327;1511
9;1741058391650;1510
9;1741058394263;1511
0;1741058396234;1512
0;1741058406641;1513
0;1741058409237;1514
9;1741058413214;1512
9;1741058413284;1513
0;1741058413850;1515
0;1741058415757;1516
9;1741058417514;1514
9;1741058418365;1515
9;1741058419414;1516
9;1741058422538;1517
0;1741058427762;1517
0;1741058431619;1518
0;1741058435499;1519
0;1741058437027;1520
9;1741058437550;1518
9;1741058446430;1519
9;1741058447237;1520
0;1741058448355;1521
9;1741058449205;1521
0;1741058450307;1522
0;1741058452815;1523
0;1741058452966;1524
0;1741058453661;1525
9;1741058459463;1522
9;1741058460405;1523
9;1741058460662;1524
9;1741058463253;1525
9;1741058465597;1526
0;1741058476113;1526
0;1741058479058;1527
9;1741058479070;1527
0;1741058482229;1528
9;1741058483828;1528
9;1741058487293;1529
0;1741058489140;1529
0;1741058489590;1530
9;1741058492112;1530
0;1741058495291;1531
9;1741058496800;1531
0;1741058497250;1532
9;1741058498749;1532
9;1741058508372;1533
9;1741058509325;1534
9;1741058509464;1535
0;1741058510069;1533
0;1741058510602;1534
0;1741058512792;1535
9;1741058513250;1536
0;1741058517719;1536
0;1741058520518;1537
9;1741058525463;1537
9;1741058529077;1538
9;1741058529134;1539
0;1741058529959;1538
9;1741058530075;1540
0;1741058533674;1539
0;1741058535711;1540
9;1741058549122;1541
0;1741058551567;1541
0;1741058553590;1542
0;1741058561036;1543
9;1741058561610;1542
9;1741058562930;1543
0;1741058564542;1544
0;1741058564582;1545
9;1741058566238;1544
0;1741058567098;1546
9;1741058567314;1545
0;1741058568217;1547
9;1741058568642;1546
9;1741058579210;1547
0;1741058579675;1548
9;1741058580322;1548
0;1741058585455;1549
9;1741058587899;1549
9;1741058588678;1550
9;1741058590119;1551
9;1741058597785;1552
0;1741058600317;1550
0;1741058600897;1551
9;1741058602602;1553
0;1741058605627;1552
9;1741058606132;1554
9;1741058608962;1555
9;1741058610273;1556
0;1741058610921;1553
0;1741058611970;1554
0;1741058613027;1555
0;1741058615047;1556
0;1741058621894;1557
9;1741058625357;1557
9;1741058627454;1558
9;1741058627939;1559
9;1741058629968;1560
0;1741058630150;1558
0;1741058637629;1559
0;1741058642461;1560
0;1741058642877;1561
9;1741058643212;1561
9;1741058650587;1562
0;1741058653834;1562
0;1741058657951;1563
9;1741058658043;1563
9;1741058658637;1564
0;1741058661233;1564
9;1741058665709;1565
0;1741058666813;1565
9;1741058668444;1566
0;1741058669039;1566
9;1741058671120;1567
9;1741058672850;1568
0;1741058674826;1567
0;1741058675506;1568
9;1741058676653;1569
9;1741058680176;1570
0;1741058682577;1569
0;1741058684476;1570
9;1741058693125;1571
9;1741058693662;1572
0;1741058703209;1571
0;1741058706762;1572
9;1741058707443;1573
0;1741058708393;1573
9;1741058713427;1574
0;1741058715835;1574
9;1741058716226;1575
0;1741058718103;1575
0;1741058720320;1576
9;1741058721166;1576
9;1741058721947;1577
0;1741058724952;1577
0;1741058730618;1578
0;1741058733597;1579
9;1741058733821;1578
9;1741058735321;1579
0;1741058737470;1580
9;1741058739096;1580
9;1741058749847;1581
0;1741058750069;1581
0;1741058751159;1582
0;1741058751504;1583
9;1741058753811;1582
0;1741058754458;1584
0;1741058755185;1585
9;1741058755352;1583
9;1741058756119;1584
9;1741058759366;1585
9;1741058763762;1586
0;1741058765426;1586
0;1741058766771;1587
9;1741058783528;1587
0;1741058786190;1588
9;1741058787257;1588
0;1741058787682;1589
9;1741058788190;1589
9;1741058789768;1590
0;1741058793466;1590
9;1741058797169;1591
0;1741058798981;1591
9;1741058800043;1592
9;1741058800201;1593
0;1741058802796;1592
0;1741058805606;1593
0;1741058807390;1594
9;1741058812253;1594
9;1741058813042;1595
0;1741058817833;1595
0;1741058820179;1596
9;1741058820288;1596
0;1741058820300;1597
9;1741058820602;1597
9;1741058820986;1598
9;1741058824698;1599
0;1741058831014;1598
0;1741058838196;1599
9;1741058838550;1600
0;1741058839613;1600
0;1741058843449;1601
9;1741058845769;1601
0;1741058847895;1602
9;1741058848553;1602
0;1741058849031;1603
0;1741058852258;1604
9;1741058857019;1603
9;1741058865292;1604
9;1741058866703;1605
0;1741058870314;1605
9;1741058873326;1606
0;1741058874204;1606
9;1741058876912;1607
0;1741058877160;1607
0;1741058879512;1608
9;1741058880614;1608
9;1741058882726;1609
0;1741058886619;1609
0;1741058889237;1610
0;1741058891619;1611
9;1741058892220;1610
9;1741058892913;1611
9;1741058895716;1612
0;1741058901377;1612
9;1741058904887;1613
0;1741058906441;1613
0;1741058907970;1614
9;1741058914082;1614
9;1741058918635;1615
9;1741058919498;1616
0;1741058919510;1615
0;1741058919519;1616
9;1741058920296;1617
9;1741058922270;1618
0;1741058926815;1617
0;1741058931576;1618
0;1741058936810;1619
9;1741058938426;1619
0;1741058944259;1620
0;1741058946092;1621
9;1741058949023;1620
9;1741058949547;1621
9;1741058951349;1622
0;1741058955774;1622
0;1741058956624;1623
0;1741058957110;1624
9;1741058957824;1623
9;1741058960168;1624
9;1741058962775;1625
0;1741058963400;1625
9;1741058966017;1626
0;1741058966535;1626
9;1741058967199;1627
9;1741058981970;1628
0;1741058983944;1627
0;1741058986358;1628
0;1741058988708;1629
9;1741058989232;1629
0;1741058991085;1630
9;1741058991695;1630
0;1741058992010;1631
0;1741058993289;1632
9;1741058997509;1631
0;1741059000056;1633
9;1741059001699;1632
0;1741059003070;1634
0;1741059009801;1635
9;1741059010538;1633
9;1741059012492;1634
0;1741059015242;1636
0;1741059017141;1637
9;1741059019135;1635
9;1741059023835;1636
9;1741059026753;1637
0;1741059028590;1638
0;1741059031820;1639
9;1741059036751;1638
9;1741059037665;1639
9;1741059039760;1640
0;1741059049573;1640
0;1741059049626;1641
0;1741059052256;1642
9;1741059052434;1641
9;1741059054468;1642
0;1741059061785;1643
0;1741059063187;1644
9;1741059064640;1643
0;1741059065727;1645
9;1741059066132;1644
0;1741059066203;1646
0;1741059070398;1647
9;1741059074050;1645
9;1741059074148;1646
9;1741059074245;1647
9;1741059074839;1648
9;1741059079596;1649
9;1741059085312;1650
0;1741059088838;1648
9;1741059091650;1651
0;1741059092598;1649
0;1741059093882;1650
0;1741059099055;1651
9;1741059105978;1652
9;1741059106030;1653
0;1741059107217;1652
0;1741059107697;1653
0;1741059110747;1654
0;1741059110850;1655
0;1741059113431;1656
9;1741059114020;1654
9;1741059117652;1655
9;1741059119688;1656
0;1741059120054;1657
0;1741059120162;1658
9;1741059121039;1657
9;1741059127974;1658
0;1741059131159;1659
0;1741059134959;1660
9;1741059136473;1659
0;1741059139977;1661
9;1741059140536;1660
9;1741059142005;1661
9;1741059149514;1662
0;1741059149582;1662
0;1741059151770;1663
9;1741059160042;1663
0;1741059165480;1664
9;1741059165734;1664
0;1741059168816;1665
9;1741059170479;1665
9;1741059175729;1666
0;1741059175893;1666
9;1741059176703;1667
0;1741059178671;1667
0;1741059179418;1668
9;1741059182045;1668
9;1741059183134;1669
0;1741059183524;1669
0;1741059187886;1670
0;1741059189982;1671
9;1741059191673;1670
0;1741059195083;1672
9;1741059196274;1671
9;1741059196920;1672
0;1741059197748;1673
0;1741059199991;1674
9;1741059202115;1673
9;1741059216043;1674
0;1741059216992;1675
9;1741059217124;1675
9;1741059219583;1676
9;1741059219968;1677
9;1741059230585;1678
0;1741059231161;1676
0;1741059231192;1677
0;1741059232626;1678
9;1741059233126;1679
9;1741059233859;1680
0;1741059235712;1679
0;1741059236281;1680
0;1741059238588;1681
0;1741059242897;1682
9;1741059243196;1681
9;1741059248759;1682
9;1741059257984;1683
9;1741059258027;1684
9;1741059263896;1685
0;1741059265131;1683
0;1741059270583;1684
0;1741059270628;1685
9;1741059277943;1686
0;1741059278117;1686
0;1741059278571;1687
9;1741059280408;1687
0;1741059285378;1688
0;1741059286239;1689
9;1741059287128;1688
9;1741059288221;1689
9;1741059289782;1690
0;1741059293825;1690
9;1741059295584;1691
0;1741059300627;1691
0;1741059301026;1692
9;1741059301373;1692
0;1741059302223;1693
9;1741059302572;1693
0;1741059302840;1694
0;1741059307599;1695
0;1741059307950;1696
9;1741059310803;1694
0;1741059314711;1697
9;1741059318962;1695
9;1741059321881;1696
0;1741059324953;1698
0;1741059326862;1699
0;1741059329497;1700
9;1741059329980;1697
9;1741059332915;1698
9;1741059333447;1699
9;1741059336073;1700
9;1741059342536;1701
0;1741059342793;1701
9;1741059344968;1702
0;1741059348672;1702
0;1741059349009;1703
9;1741059349458;1703
0;1741059352727;1704
9;1741059361959;1704
0;1741059368023;1705
0;1741059369748;1706
9;1741059371238;1705
0;1741059371735;1707
0;1741059374932;1708
9;1741059374961;1706
9;1741059376809;1707
9;1741059378066;1708
9;1741059379251;1709
0;1741059382409;1709
0;1741059384043;1710
9;1741059393240;1710
9;1741059396483;1711
0;1741059396526;1711
0;1741059399352;1712
9;1741059399608;1712
9;1741059401979;1713
9;1741059409245;1714
0;1741059411062;1713
0;1741059411444;1714
9;1741059413493;1715
0;1741059416221;1715
0;1741059422022;1716
0;1741059423821;1717
0;1741059430592;1718
9;1741059433657;1716
9;1741059436433;1717
0;1741059437040;1719
9;1741059438586;1718
9;1741059438601;1719
9;1741059442405;1720
9;1741059446982;1721
9;1741059449853;1722
0;1741059453820;1720
0;1741059455294;1721
0;1741059456469;1722
9;1741059458878;1723
0;1741059458953;1723
9;1741059467478;1724
9;1741059468646;1725
0;1741059470379;1724
0;1741059470524;1725
9;1741059473714;1726
9;1741059476273;1727
0;1741059476597;1726
0;1741059478069;1727
9;1741059479594;1728
9;1741059479763;1729
0;1741059480352;1728
9;1741059486890;1730
0;1741059493165;1729
9;1741059494087;1731
0;1741059495649;1730
0;1741059496566;1731
0;1741059499144;1732
9;1741059502619;1732
9;1741059504339;1733
9;1741059505490;1734
0;1741059511093;1733
0;1741059515100;1734
9;1741059516820;1735
0;1741059518157;1735
9;1741059518591;1736
9;1741059519433;1737
0;1741059519486;1736
0;1741059519981;1737
0;1741059529945;1738
0;1741059537389;1739
9;1741059537598;1738
0;1741059538818;1740
0;1741059545474;1741
9;1741059545485;1739
9;1741059547355;1740
9;1741059547598;1741
0;1741059548856;1742
9;1741059549020;1742
9;1741059552329;1743
0;1741059554986;1743
9;1741059557018;1744
0;1741059557182;1744
0;1741059558599;1745
0;1741059568090;1746
9;1741059571849;1745
0;1741059573187;1747
9;1741059580082;1746
0;1741059581552;1748
0;1741059584666;1749
9;1741059587614;1747
9;1741059588953;1748
0;1741059589591;1750
9;1741059590830;1749
0;1741059591181;1751
9;1741059595012;1750
9;1741059595685;1751
9;1741059596092;1752
9;1741059597762;1753
9;1741059599799;1754
0;1741059604758;1752
0;1741059606419;1753
0;1741059608736;1754
0;1741059614055;1755
9;1741059614970;1755
9;1741059620281;1756
0;1741059623147;1756
9;1741059626105;1757
0;1741059627536;1757
0;1741059628714;1758
9;1741059629232;1758
9;1741059631931;1759
0;1741059641246;1759
0;1741059643905;1760
0;1741059644760;1761
0;1741059648619;1762
0;1741059648871;1763
9;1741059652098;1760
9;1741059654158;1761
9;1741059654750;1762
9;1741059659069;1763
0;1741059661647;1764
9;1741059663861;1764
0;1741059664791;1765
0;1741059667377;1766
0;1741059667716;1767
9;1741059671788;1765
0;1741059672085;1768
9;1741059674455;1766
9;1741059674986;1767
9;1741059675593;1768
0;1741059682779;1769
0;1741059687686;1770
0;1741059689024;1771
9;1741059690446;1769
9;1741059694028;1770
0;1741059697514;1772
9;1741059702270;1771
9;1741059702757;1772
9;1741059704635;1773
0;1741059706513;1773
0;1741059712236;1774
9;1741059714246;1774
9;1741059714678;1775
0;1741059720021;1775
0;1741059721722;1776
0;1741059730291;1777
9;1741059730538;1776
0;1741059731613;1778
0;1741059731814;1779
0;1741059732756;1780
9;1741059734546;1777
0;1741059735950;1781
9;1741059736641;1778
0;1741059744230;1782
0;1741059746808;1783
0;1741059749485;1784
9;1741059749918;1779
9;1741059750269;1780
0;1741059754741;1785
9;1741059755702;1781
0;1741059765090;1786
0;1741059765108;1787
9;1741059765270;1782
9;1741059767098;1783
9;1741059767391;1784
9;1741059768074;1785
0;1741059772560;1788
9;1741059773116;1786
9;1741059773964;1787
9;1741059783244;1788
9;1741059785583;1789
9;1741059787352;1790
9;1741059787670;1791
0;1741059795022;1789
9;1741059796198;1792
9;1741059797102;1793
0;1741059797208;1790
0;1741059798652;1791
0;1741059803653;1792
0;1741059805277;1793
0;1741059811418;1794
9;1741059813448;1794
0;1741059818368;1795
0;1741059818444;1796
0;1741059822133;1797
9;1741059822385;1795
0;1741059827129;1798
9;1741059828314;1796
0;1741059830540;1799
9;1741059836478;1797
0;1741059838609;1800
0;1741059838830;1801
9;1741059839056;1798
0;1741059840159;1802
9;1741059840754;1799
9;1741059843925;1800
9;1741059846796;1801
9;1741059849980;1802
0;1741059852722;1803
9;1741059855875;1803
0;1741059856188;1804
9;1741059857227;1804
9;1741059857590;1805
0;1741059861338;1805
0;1741059868338;1806
9;1741059872441;1806
9;1741059873355;1807
0;1741059875776;1807
0;1741059877723;1808
9;1741059883479;1808
9;1741059885189;1809
0;1741059885304;1809
9;1741059886690;1810
9;1741059894277;1811
0;1741059898901;1810
9;1741059901502;1812
0;1741059902053;1811
0;1741059903873;1812
9;1741059907478;1813
0;1741059910766;1813
9;1741059911435;1814
0;1741059912106;1814
0;1741059912810;1815
9;1741059915299;1815
0;1741059919658;1816
9;1741059920662;1816
0;1741059921938;1817
0;1741059928641;1818
0;1741059929062;1819
0;1741059932518;1820
9;1741059935137;1817
9;1741059935299;1818
9;1741059936403;1819
0;1741059937957;1821
0;1741059944694;1822
9;1741059948951;1820
0;1741059949197;1823
9;1741059952607;1821
9;1741059954517;1822
0;1741059955797;1824
9;1741059957664;1823
0;1741059958855;1825
9;1741059960273;1824
9;1741059960446;1825
0;1741059961739;1826
9;1741059969096;1826
9;1741059969509;1827
0;1741059973057;1827
0;1741059974933;1828
0;1741059976438;1829
9;1741059976898;1828
9;1741059985039;1829
9;1741059985511;1830
0;1741059987080;1830
0;1741059995252;1831
9;1741059997143;1831
9;1741059999099;1832
0;1741060004213;1832
0;1741060012508;1833
0;1741060013985;1834
9;1741060015198;1833
0;1741060016299;1835
9;1741060017786;1834
9;1741060019020;1835
0;1741060020366;1836
0;1741060021522;1837
9;1741060022924;1836
9;1741060028373;1837
9;1741060031858;1838
0;1741060035234;1838
9;1741060038062;1839
9;1741060038160;1840
9;1741060041544;1841
0;1741060042028;1839
0;1741060043036;1840
9;1741060044379;1842
0;1741060049910;1841
0;1741060055340;1842
0;1741060056044;1843
0;1741060059078;1844
9;1741060063405;1843
0;1741060064033;1845
9;1741060066647;1844
9;1741060068188;1845
0;1741060068335;1846
9;1741060074077;1846
9;1741060075775;1847
9;1741060076211;1848
0;1741060080772;1847
0;1741060081221;1848
9;1741060082239;1849
0;1741060082731;1849
9;1741060088249;1850
0;1741060090680;1850
9;1741060096062;1851
9;1741060096261;1852
0;1741060103817;1851
9;1741060106814;1853
0;1741060108599;1852
9;1741060110171;1854
0;1741060110518;1853
0;1741060110932;1854
9;1741060111447;1855
0;1741060113340;1855
0;1741060119268;1856
9;1741060119315;1856
0;1741060123333;1857
9;1741060133071;1857
0;1741060133806;1858
9;1741060135909;1858
9;1741060138044;1859
9;1741060138563;1860
0;1741060141419;1859
9;1741060148219;1861
0;1741060149907;1860
0;1741060150419;1861
9;1741060150751;1862
9;1741060154701;1863
0;1741060156447;1862
0;1741060159110;1863
0;1741060160282;1864
0;1741060161541;1865
9;1741060163076;1864
0;1741060168107;1866
0;1741060168778;1867
9;1741060169883;1865
9;1741060170233;1866
9;1741060176476;1867
9;1741060182886;1868
9;1741060184077;1869
0;1741060185034;1868
0;1741060185547;1869
9;1741060186088;1870
0;1741060187124;1870
9;1741060191402;1871
0;1741060193277;1871
0;1741060196464;1872
9;1741060198630;1872
9;1741060209680;1873
0;1741060211576;1873
9;1741060214246;1874
0;1741060214503;1874
9;1741060217043;1875
0;1741060217329;1875
9;1741060221174;1876
9;1741060222391;1877
0;1741060224942;1876
0;1741060225981;1877
0;1741060226335;1878
0;1741060228240;1879
9;1741060231668;1878
9;1741060235888;1879
0;1741060239697;1880
9;1741060245052;1880
0;1741060245495;1881
0;1741060248950;1882
9;1741060250928;1881
9;1741060253880;1882
9;1741060255758;1883
0;1741060256128;1883
9;1741060262697;1884
0;1741060270450;1884
0;1741060271030;1885
9;1741060272346;1885
9;1741060275441;1886
0;1741060275959;1886
0;1741060279271;1887
0;1741060279312;1888
9;1741060280317;1887
9;1741060280840;1888
9;1741060282066;1889
0;1741060285185;1889
9;1741060289843;1890
0;1741060295521;1890
9;1741060295557;1891
9;1741060296508;1892
0;1741060297080;1891
0;1741060301495;1892
0;1741060308250;1893
0;1741060308420;1894
9;1741060309379;1893
0;1741060309505;1895
9;1741060311454;1894
9;1741060312642;1895
9;1741060322869;1896
9;1741060324732;1897
0;1741060327797;1896
0;1741060331872;1897
0;1741060332898;1898
0;1741060333803;1899
9;1741060335039;1898
9;1741060339431;1899
0;1741060340410;1900
0;1741060341697;1901
9;1741060346783;1900
9;1741060347890;1901
9;1741060349492;1902
0;1741060350427;1902
9;1741060358913;1903
9;1741060360623;1904
0;1741060362117;1903
0;1741060364020;1904
9;1741060368606;1905
0;1741060368665;1905
0;1741060368785;1906
0;1741060369296;1907
9;1741060372735;1906
0;1741060373390;1908
9;1741060378685;1907
9;1741060378708;1908
9;1741060383600;1909
0;1741060390295;1909
9;1741060390502;1910
0;1741060394833;1910
0;1741060396261;1911
9;1741060396362;1911
9;1741060396581;1912
0;1741060398177;1912
0;1741060399769;1913
0;1741060403412;1914
9;1741060404285;1913
0;1741060406469;1915
9;1741060408568;1914
9;1741060420153;1915
9;1741060420516;1916
0;1741060420629;1916
0;1741060426232;1917
0;1741060430633;1918
0;1741060431141;1919
9;1741060432974;1917
0;1741060434932;1920
9;1741060437355;1918
9;1741060439758;1919
0;1741060440844;1921
9;1741060441341;1920
0;1741060445183;1922
9;1741060448905;1921
0;1741060450560;1923
9;1741060459217;1922
9;1741060462176;1923
9;1741060467049;1924
9;1741060469369;1925
9;1741060472354;1926
0;1741060472673;1924
0;1741060474945;1925
0;1741060475246;1926
9;1741060477919;1927
0;1741060479232;1927
0;1741060479244;1928
9;1741060482431;1928
9;1741060486474;1929
9;1741060490379;1930
0;1741060490591;1929
0;1741060492022;1930
9;1741060492978;1931
0;1741060502378;1931
9;1741060505492;1932
0;1741060506383;1932
0;1741060509508;1933
9;1741060509746;1933
0;1741060510005;1934
0;1741060510279;1935
9;1741060512764;1934
9;1741060518321;1935
9;1741060518899;1936
9;1741060520118;1937
0;1741060520361;1936
0;1741060522459;1937
9;1741060527810;1938
9;1741060528786;1939
0;1741060529259;1938
9;1741060530871;1940
0;1741060536150;1939
0;1741060537992;1940
9;1741060543160;1941
0;1741060543444;1941
0;1741060545602;1942
9;1741060549304;1942
9;1741060553352;1943
9;1741060556152;1944
0;1741060558570;1943
9;1741060559648;1945
0;1741060560149;1944
0;1741060560999;1945
0;1741060564376;1946
9;1741060565686;1946
9;1741060570909;1947
0;1741060571633;1947
0;1741060577297;1948
9;1741060577390;1948
0;1741060577730;1949
9;1741060578936;1949
0;1741060582251;1950
0;1741060584362;1951
9;1741060589945;1950
9;1741060590982;1951
9;1741060596358;1952
9;1741060600556;1953
0;1741060606242;1952
9;1741060609427;1954
0;1741060609573;1953
0;1741060609767;1954
9;1741060612673;1955
9;1741060613102;1956
0;1741060614237;1955
9;1741060615901;1957
9;1741060620454;1958
0;1741060620937;1956
0;1741060623489;1957
9;1741060625746;1959
0;1741060629622;1958
0;1741060637616;1959
0;1741060637793;1960
0;1741060640821;1961
9;1741060643042;1960
9;1741060644822;1961
9;1741060646872;1962
9;1741060653572;1963
0;1741060655300;1962
9;1741060655916;1964
0;1741060662804;1963
9;1741060664821;1965
0;1741060665481;1964
0;1741060668203;1965
9;1741060670427;1966
9;1741060672505;1967
0;1741060672977;1966
9;1741060675490;1968
9;1741060677293;1969
0;1741060678940;1967
9;1741060681947;1970
0;1741060683453;1968
0;1741060689259;1969
9;1741060690808;1971
0;1741060695975;1970
0;1741060699241;1971
9;1741060702328;1972
9;1741060703185;1973
0;1741060704800;1972
9;1741060705147;1974
0;1741060707074;1973
0;1741060708670;1974
0;1741060712838;1975
9;1741060717226;1975
9;1741060719401;1976
0;1741060721805;1976
0;1741060723879;1977
0;1741060727855;1978
9;1741060729338;1977
0;1741060731407;1979
9;1741060735313;1978
9;1741060738544;1979
9;1741060744795;1980
0;1741060750246;1980
9;1741060750259;1981
9;1741060750592;1982
9;1741060754888;1983
0;1741060756960;1981
0;1741060759374;1982
0;1741060762269;1983
9;1741060762277;1984
9;1741060763533;1985
9;1741060764303;1986
0;1741060769504;1984
9;1741060770516;1987
0;1741060773981;1985
0;1741060775099;1986
0;1741060778208;1987
9;1741060784544;1988
0;1741060785242;1988
0;1741060787455;1989
9;1741060788354;1989
9;1741060789803;1990
9;1741060790283;1991
9;1741060797031;1992
0;1741060799644;1990
0;1741060800849;1991
9;1741060801135;1993
0;1741060804737;1992
0;1741060812339;1993
9;1741060816391;1994
0;1741060817678;1994
9;1741060818629;1995
9;1741060822326;1996
9;1741060822524;1997
9;1741060822609;1998
0;1741060824082;1995
0;1741060828013;1996
0;1741060831434;1997
0;1741060832971;1998
0;1741060833692;1999
9;1741060835119;1999
0;1741060837456;2000
9;1741060839587;2000
0;1741060848307;2001
9;1741060849821;2001
9;1741060852253;2002
0;1741060854232;2002
9;1741060856615;2003
0;1741060863544;2003
0;1741060865335;2004
9;1741060866123;2004
9;1741060867589;2005
9;1741060868020;2006
0;1741060868546;2005
9;1741060871142;2007
9;1741060877529;2008
0;1741060883394;2006
9;1741060884493;2009
0;1741060886628;2007
0;1741060891454;2008
0;1741060891496;2009
9;1741060892776;2010
0;1741060893733;2010
0;1741060895339;2011
9;1741060896860;2011
0;1741060902458;2012
9;1741060904313;2012
9;1741060912174;2013
9;1741060913077;2014
0;1741060915303;2013
9;1741060915922;2015
0;1741060916713;2014
9;1741060917268;2016
0;1741060918878;2015
9;1741060922192;2017
0;1741060922898;2016
0;1741060925083;2017
0;1741060928516;2018
9;1741060930268;2018
0;1741060931961;2019
9;1741060933218;2019
0;1741060936755;2020
9;1741060948149;2020
9;1741060948369;2021
0;1741060954428;2021
0;1741060958479;2022
0;1741060960265;2023
9;1741060961632;2022
9;1741060963252;2023
9;1741060963768;2024
9;1741060963931;2025
0;1741060964219;2024
0;1741060965981;2025
0;1741060966561;2026
9;1741060968498;2026
0;1741060970042;2027
9;1741060970933;2027
9;1741060971958;2028
0;1741060972972;2028
9;1741060978210;2029
0;1741060982701;2029
9;1741060988178;2030
9;1741060989506;2031
0;1741060989901;2030
0;1741060993931;2031
9;1741060994915;2032
9;1741060999274;2033
9;1741061001894;2034
0;1741061005230;2032
0;1741061006606;2033
0;1741061010199;2034
9;1741061013685;2035
0;1741061017143;2035
0;1741061017639;2036
0;1741061019024;2037
0;1741061020797;2038
9;1741061026095;2036
9;1741061028511;2037
0;1741061032342;2039
9;1741061033882;2038
0;1741061039201;2040
9;1741061040339;2039
0;1741061046216;2041
9;1741061046328;2040
9;1741061046953;2041
9;1741061048427;2042
0;1741061051926;2042
0;1741061056881;2043
9;1741061057903;2043
0;1741061058972;2044
0;1741061066899;2045
9;1741061069836;2044
0;1741061071531;2046
9;1741061073118;2045
0;1741061077582;2047
9;1741061079609;2046
9;1741061082221;2047
9;1741061083041;2048
0;1741061086743;2048
9;1741061087576;2049
0;1741061089844;2049
9;1741061090822;2050
9;1741061092069;2051
0;1741061092248;2050
0;1741061098453;2051
9;1741061101445;2052
0;1741061102072;2052
9;1741061106094;2053
0;1741061107958;2053
0;1741061110463;2054
9;1741061110524;2054
9;1741061115441;2055
0;1741061115737;2055
0;1741061116169;2056
9;1741061124877;2056
9;1741061125318;2057
9;1741061131644;2058
9;1741061131751;2059
0;1741061132033;2057
0;1741061133693;2058
0;1741061135899;2059
9;1741061139190;2060
9;1741061141955;2061
0;1741061147560;2060
9;1741061149564;2062
0;1741061149578;2061
9;1741061149936;2063
9;1741061156305;2064
0;1741061157549;2062
0;1741061158206;2063
0;1741061158302;2064
9;1741061162943;2065
0;1741061168368;2065
9;1741061169611;2066
0;1741061170389;2066
0;1741061171575;2067
9;1741061174944;2067
0;1741061176414;2068
0;1741061177263;2069
9;1741061183396;2068
0;1741061184637;2070
9;1741061189670;2069
9;1741061190521;2070
0;1741061196667;2071
9;1741061201973;2071
9;1741061203745;2072
0;1741061205184;2072
0;1741061205466;2073
0;1741061206089;2074
0;1741061207106;2075
9;1741061210677;2073
9;1741061215205;2074
0;1741061215742;2076
0;1741061217554;2077
9;1741061220463;2075
9;1741061221234;2076
9;1741061221948;2077
0;1741061226367;2078
9;1741061227173;2078
9;1741061229348;2079
9;1741061238427;2080
0;1741061241082;2079
0;1741061241739;2080
9;1741061242982;2081
0;1741061243210;2081
0;1741061247485;2082
9;1741061250061;2082
9;1741061252829;2083
9;1741061261390;2084
9;1741061262581;2085
0;1741061263096;2083
9;1741061264375;2086
0;1741061264507;2084
9;1741061267997;2087
0;1741061268981;2085
0;1741061270186;2086
9;1741061270366;2088
0;1741061271230;2087
9;1741061275186;2089
0;1741061278090;2088
0;1741061278169;2089
9;1741061281988;2090
0;1741061284815;2090
9;1741061289241;2091
0;1741061293137;2091
9;1741061302010;2092
0;1741061310584;2092
0;1741061310906;2093
0;1741061312311;2094
9;1741061315538;2093
9;1741061317534;2094
0;1741061317771;2095
9;1741061320153;2095
9;1741061323574;2096
0;1741061326878;2096
0;1741061327735;2097
0;1741061330406;2098
0;1741061333435;2099
9;1741061333860;2097
9;1741061335610;2098
9;1741061338222;2099
9;1741061338745;2100
9;1741061345582;2101
0;1741061347616;2100
0;1741061348807;2101
9;1741061348935;2102
0;1741061350893;2102
9;1741061351659;2103
0;1741061354689;2103
0;1741061359157;2104
9;1741061364879;2104
9;1741061368480;2105
0;1741061371752;2105
0;1741061375473;2106
0;1741061377213;2107
9;1741061377519;2106
0;1741061379737;2108
9;1741061380472;2107
9;1741061383531;2108
9;1741061384301;2109
0;1741061384884;2109
9;1741061387010;2110
0;1741061391406;2110
9;1741061392967;2111
9;1741061395397;2112
0;1741061395512;2111
0;1741061400252;2112
0;1741061405313;2113
9;1741061408260;2113
0;1741061408364;2114
9;1741061409348;2114
0;1741061409943;2115
9;1741061410969;2115
0;1741061413802;2116
9;1741061415189;2116
0;1741061420255;2117
9;1741061421335;2117
0;1741061424821;2118
9;1741061428231;2118
9;1741061429959;2119
0;1741061431748;2119
9;1741061433239;2120
0;1741061434870;2120
9;1741061441784;2121
0;1741061442730;2121
0;1741061444809;2122
0;1741061451176;2123
9;1741061452701;2122
0;1741061453860;2124
9;1741061462572;2123
9;1741061465399;2124
9;1741061467125;2125
0;1741061470029;2125
9;1741061472196;2126
9;1741061474240;2127
0;1741061477606;2126
0;1741061477930;2127
0;1741061481159;2128
0;1741061481659;2129
9;1741061481937;2128
0;1741061482390;2130
9;1741061484506;2129
0;1741061488039;2131
9;1741061492819;2130
9;1741061496647;2131
0;1741061499923;2132
0;1741061500844;2133
0;1741061507648;2134
9;1741061508541;2132
9;1741061508709;2133
9;1741061509706;2134
0;1741061509901;2135
0;1741061511261;2136
9;1741061512191;2135
0;1741061518599;2137
9;1741061520056;2136
9;1741061524976;2137
9;1741061527395;2138
0;1741061528299;2138
9;1741061530498;2139
9;1741061537629;2140
0;1741061537753;2139
0;1741061544923;2140
0;1741061548568;2141
0;1741061548868;2142
9;1741061553405;2141
9;1741061554888;2142
9;1741061555898;2143
9;1741061562930;2144
0;1741061563653;2143
9;1741061563671;2145
0;1741061564511;2144
0;1741061565425;2145
9;1741061571568;2146
9;1741061571866;2147
9;1741061574831;2148
0;1741061575728;2146
0;1741061577682;2147
0;1741061578030;2148
0;1741061579600;2149
9;1741061581678;2149
9;1741061587973;2150
0;1741061595104;2150
0;1741061595530;2151
0;1741061601588;2152
9;1741061601600;2151
0;1741061602217;2153
0;1741061605060;2154
9;1741061605642;2152
9;1741061607354;2153
9;1741061610237;2154
9;1741061613940;2155
0;1741061619540;2155
0;1741061619796;2156
0;1741061619945;2157
0;1741061620055;2158
0;1741061621355;2159
9;1741061625051;2156
9;1741061625081;2157
9;1741061630735;2158
0;1741061631944;2160
0;1741061636895;2161
0;1741061645198;2162
9;1741061646677;2159
9;1741061646825;2160
0;1741061651097;2163
9;1741061651123;2161
9;1741061653063;2162
9;1741061658289;2163
9;1741061660755;2164
9;1741061662540;2165
0;1741061663147;2164
9;1741061666410;2166
0;1741061666543;2165
0;1741061674266;2166
0;1741061675542;2167
0;1741061684425;2168
0;1741061686235;2169
0;1741061686931;2170
9;1741061688550;2167
9;1741061688678;2168
0;1741061690518;2171
9;1741061691380;2169
0;1741061693615;2172
9;1741061695229;2170
9;1741061698934;2171
0;1741061702412;2173
9;1741061705437;2172
9;1741061709445;2173
0;1741061712444;2174
9;1741061713037;2174
0;1741061721360;2175
0;1741061723075;2176
0;1741061723116;2177
9;1741061724587;2175
9;1741061724617;2176
9;1741061724889;2177
0;1741061724990;2178
9;1741061725263;2178
9;1741061731301;2179
0;1741061733289;2179
0;1741061738158;2180
9;1741061740658;2180
0;1741061741872;2181
0;1741061742129;2182
0;1741061750884;2183
9;1741061752791;2181
9;1741061756017;2182
9;1741061756808;2183
9;1741061757271;2184
9;1741061760056;2185
9;1741061765092;2186
0;1741061766965;2184
0;1741061770381;2185
0;1741061771974;2186
9;1741061775171;2187
0;1741061777142;2187
0;1741061778602;2188
9;1741061779895;2188
0;1741061784564;2189
9;1741061790046;2189
9;1741061790600;2190
9;1741061794997;2191
0;1741061797908;2190
9;1741061800617;2192
9;1741061803883;2193
0;1741061804224;2191
0;1741061809180;2192
9;1741061812124;2194
0;1741061812432;2193
0;1741061816213;2194
9;1741061817261;2195
9;1741061820068;2196
0;1741061820415;2195
9;1741061820702;2197
9;1741061822297;2198
9;1741061823581;2199
0;1741061825060;2196
0;1741061830711;2197
9;1741061831368;2200
0;1741061838044;2198
9;1741061841828;2201
0;1741061845025;2199
0;1741061845047;2200
9;1741061845955;2202
0;1741061847011;2201
9;1741061849345;2203
9;1741061850101;2204
0;1741061851129;2202
0;1741061852254;2203
0;1741061853010;2204
0;1741061857404;2205
0;1741061859330;2206
0;1741061859959;2207
9;1741061862497;2205
9;1741061864676;2206
9;1741061866231;2207
0;1741061874716;2208
9;1741061876402;2208
9;1741061876460;2209
9;1741061877900;2210
0;1741061882988;2209
0;1741061886629;2210
9;1741061889335;2211
0;1741061896416;2211
0;1741061897962;2212
0;1741061899281;2213
9;1741061902009;2212
9;1741061903511;2213
9;1741061904828;2214
0;1741061906788;2214
0;1741061908639;2215
0;1741061913608;2216
0;1741061917656;2217
9;1741061918062;2215
9;1741061925561;2216
0;1741061925738;2218
9;1741061926518;2217
9;1741061926939;2218
9;1741061928777;2219
0;1741061935291;2219
9;1741061941961;2220
9;1741061942382;2221
0;1741061943390;2220
0;1741061943590;2221
0;1741061948510;2222
9;1741061956414;2222
9;1741061957714;2223
9;1741061958405;2224
9;1741061959981;2225
9;1741061964188;2226
0;1741061964995;2223
9;1741061966132;2227
0;1741061967784;2224
0;1741061969233;2225
0;1741061970300;2226
0;1741061976816;2227
9;1741061980944;2228
0;1741061982893;2228
0;1741061988427;2229
9;1741061990053;2229
9;1741061991836;2230
9;1741061993623;2231
9;1741061994312;2232
0;1741061998111;2230
9;1741062000702;2233
0;1741062004413;2231
0;1741062005132;2232
9;1741062010179;2234
0;1741062011537;2233
0;1741062012615;2234
0;1741062012952;2235
0;1741062013526;2236
9;1741062016551;2235
9;1741062023542;2236
0;1741062024140;2237
0;1741062027202;2238
9;1741062027529;2237
9;1741062028634;2238
9;1741062029065;2239
0;1741062031508;2239
0;1741062040326;2240
0;1741062042998;2241
0;1741062044998;2242
9;1741062045454;2240
9;1741062048745;2241
0;1741062050393;2243
0;1741062051262;2244
9;1741062054644;2242
9;1741062055622;2243
9;1741062056945;2244
0;1741062060013;2245
9;1741062062073;2245
0;1741062063951;2246
0;1741062067120;2247
9;1741062068077;2246
9;1741062068466;2247
9;1741062075623;2248
0;1741062083807;2248
0;1741062084046;2249
0;1741062090086;2250
9;1741062090317;2249
0;1741062090631;2251
9;1741062091242;2250
9;1741062092059;2251
0;1741062095215;2252
9;1741062096774;2252
9;1741062105338;2253
0;1741062109109;2253
9;1741062109746;2254
0;1741062109857;2254
9;1741062118563;2255
0;1741062119334;2255
9;1741062121119;2256
9;1741062121550;2257
9;1741062122695;2258
0;1741062124157;2256
0;1741062125805;2257
0;1741062132250;2258
0;1741062134223;2259
0;1741062137838;2260
9;1741062138616;2259
9;1741062142691;2260
9;1741062147239;2261
9;1741062148532;2262
0;1741062150260;2261
0;1741062150270;2262
0;1741062152328;2263
9;1741062153125;2263
0;1741062154121;2264
0;1741062156536;2265
9;1741062159649;2264
9;1741062163625;2265
0;1741062175171;2266
9;1741062175308;2266
0;1741062177289;2267
9;1741062178333;2267
0;1741062179837;2268
0;1741062180424;2269
9;1741062182292;2268
9;1741062189037;2269
0;1741062190600;2270
0;1741062191269;2271
9;1741062192775;2270
9;1741062195029;2271
0;1741062196005;2272
9;1741062197216;2272
0;1741062207794;2273
9;1741062208603;2273
0;1741062209387;2274
0;1741062211398;2275
9;1741062211647;2274
9;1741062211823;2275
9;1741062216983;2276
0;1741062217173;2276
9;1741062221212;2277
0;1741062227195;2277
0;1741062228078;2278
9;1741062228988;2278
9;1741062233715;2279
9;1741062236890;2280
0;1741062238827;2279
9;1741062239219;2281
0;1741062244539;2280
0;1741062245782;2281
0;1741062250676;2282
9;1741062252807;2282
0;1741062253298;2283
9;1741062254958;2283
0;1741062257642;2284
9;1741062261659;2284
9;1741062264626;2285
9;1741062271553;2286
0;1741062273519;2285
0;1741062274055;2286
9;1741062277363;2287
0;1741062282391;2287
0;1741062283023;2288
9;1741062285290;2288
9;1741062285426;2289
9;1741062293097;2290
9;1741062293754;2291
0;1741062295587;2289
9;1741062296708;2292
0;1741062297537;2290
0;1741062302924;2291
9;1741062302929;2293
9;1741062304381;2294
0;1741062310938;2292
0;1741062311369;2293
0;1741062315973;2294
0;1741062319166;2295
0;1741062322147;2296
9;1741062325342;2295
0;1741062326380;2297
9;1741062328665;2296
9;1741062328745;2297
9;1741062329090;2298
0;1741062335423;2298
0;1741062336916;2299
9;1741062337477;2299
0;1741062343727;2300
9;1741062344019;2300
9;1741062344910;2301
9;1741062345274;2302
9;1741062345494;2303
9;1741062351584;2304
0;1741062351907;2301
0;1741062354129;2302
0;1741062358861;2303
9;1741062369369;2305
0;1741062370222;2304
0;1741062372706;2305
0;1741062372818;2306
0;1741062373701;2307
0;1741062374595;2308
9;1741062377704;2306
9;1741062377727;2307
9;1741062379492;2308
9;1741062380527;2309
0;1741062385530;2309
0;1741062386607;2310
9;1741062390986;2310
0;1741062394157;2311
9;1741062397301;2311
9;1741062397421;2312
0;1741062402780;2312
0;1741062409768;2313
0;1741062410184;2314
0;1741062411283;2315
9;1741062412049;2313
0;1741062414722;2316
9;1741062418369;2314
9;1741062419626;2315
0;1741062420548;2317
9;1741062424795;2316
0;1741062426116;2318
9;1741062428128;2317
9;1741062428280;2318
0;1741062430799;2319
9;1741062432101;2319
9;1741062434591;2320
9;1741062441410;2321
0;1741062442474;2320
0;1741062442934;2321
9;1741062448622;2322
9;1741062450981;2323
9;1741062451957;2324
0;1741062453909;2322
0;1741062454289;2323
0;1741062458292;2324
0;1741062458809;2325
0;1741062462005;2326
0;1741062467006;2327
9;1741062467417;2325
9;1741062469388;2326
9;1741062470017;2327
0;1741062474976;2328
9;1741062479986;2328
9;1741062480986;2329
9;1741062482793;2330
0;1741062487373;2329
9;1741062490268;2331
0;1741062490834;2330
0;1741062495932;2331
9;1741062499154;2332
0;1741062501587;2332
0;1741062505428;2333
0;1741062506969;2334
9;1741062510237;2333
0;1741062510973;2335
9;1741062516921;2334
9;1741062520293;2335
9;1741062520392;2336
0;1741062521407;2336
9;1741062523408;2337
9;1741062524832;2338
0;1741062526606;2337
0;1741062530711;2338
9;1741062535027;2339
0;1741062536452;2339
0;1741062536864;2340
9;1741062539130;2340
9;1741062547629;2341
0;1741062548900;2341
9;1741062550831;2342
9;1741062553662;2343
9;1741062555078;2344
9;1741062557758;2345
0;1741062558019;2342
9;1741062559298;2346
0;1741062561141;2343
0;1741062561412;2344
0;1741062568265;2345
0;1741062569999;2346
9;1741062570964;2347
9;1741062571040;2348
0;1741062573102;2347
0;1741062580871;2348
0;1741062581726;2349
0;1741062588028;2350
9;1741062592466;2349
9;1741062595308;2350
9;1741062595937;2351
0;1741062596048;2351
0;1741062601359;2352
9;1741062605360;2352
9;1741062607255;2353
0;1741062608178;2353
0;1741062610216;2354
0;1741062614918;2355
9;1741062615770;2354
0;1741062619234;2356
9;1741062619761;2355
9;1741062621135;2356
0;1741062622940;2357
9;1741062624125;2357
0;1741062627495;2358
0;1741062632873;2359
9;1741062639512;2358
0;1741062640415;2360
9;1741062643103;2359
9;1741062643254;2360
0;1741062643479;2361
9;1741062644329;2361
0;1741062644962;2362
9;1741062645175;2362
9;1741062650030;2363
0;1741062655060;2363
0;1741062656788;2364
9;1741062658022;2364
0;1741062658918;2365
0;1741062660201;2366
0;1741062666283;2367
9;1741062668661;2365
9;1741062674990;2366
9;1741062679741;2367
9;1741062680488;2368
0;1741062686532;2368
9;1741062687718;2369
9;1741062688372;2370
0;1741062692736;2369
0;1741062695097;2370
9;1741062698598;2371
0;1741062698951;2371
9;1741062703356;2372
0;1741062703634;2372
9;1741062705273;2373
9;1741062711684;2374
9;1741062712577;2375
0;1741062714078;2373
0;1741062716557;2374
0;1741062716868;2375
9;1741062718183;2376
0;1741062724502;2376
0;1741062726725;2377
9;1741062730548;2377
9;1741062735246;2378
0;1741062735837;2378
9;1741062735946;2379
0;1741062740493;2379
0;1741062741539;2380
0;1741062743023;2381
9;1741062743594;2380
0;1741062745397;2382
9;1741062748302;2381
0;1741062749157;2383
9;1741062749737;2382
9;1741062750267;2383
9;1741062756583;2384
9;1741062764409;2385
0;1741062766039;2384
0;1741062768532;2385
0;1741062768807;2386
0;1741062769676;2387
9;1741062770181;2386
0;1741062773187;2388
9;1741062774678;2387
9;1741062781672;2388
0;1741062784502;2389
0;1741062786764;2390
9;1741062791263;2389
9;1741062793017;2390
0;1741062793084;2391
0;1741062794707;2392
9;1741062797314;2391
0;1741062801119;2393
9;1741062801203;2392
9;1741062803582;2393
0;1741062805733;2394
0;1741062812504;2395
9;1741062812868;2394
9;1741062813101;2395
9;1741062819272;2396
0;1741062819957;2396
0;1741062820333;2397
9;1741062825907;2397
0;1741062827101;2398
0;1741062832283;2399
9;1741062835589;2398
9;1741062835998;2399
9;1741062836739;2400
0;1741062842688;2400
9;1741062843164;2401
0;1741062844724;2401
0;1741062844945;2402
0;1741062848674;2403
9;1741062849383;2402
9;1741062850802;2403
0;1741062851965;2404
9;1741062859333;2404
9;1741062860109;2405
0;1741062867152;2405
9;1741062868716;2406
0;1741062878989;2406
0;1741062879038;2407
0;1741062879480;2408
9;1741062879967;2407
9;1741062886193;2408
9;1741062891768;2409
0;1741062892129;2409
9;1741062894998;2410
9;1741062895645;2411
0;1741062896650;2410
9;1741062897899;2412
9;1741062899480;2413
9;1741062906042;2414
0;1741062908418;2411
9;1741062909253;2415
0;1741062909508;2412
0;1741062909768;2413
0;1741062911332;2414
0;1741062914862;2415
0;1741062917002;2416
0;1741062922245;2417
9;1741062922381;2416
9;1741062922729;2417
9;1741062925844;2418
0;1741062930871;2418
0;1741062931106;2419
9;1741062932559;2419
9;1741062941102;2420
0;1741062944686;2420
0;1741062948768;2421
9;1741062949124;2421
0;1741062950236;2422
9;1741062956111;2422
9;1741062957949;2423
0;1741062958085;2423
9;1741062958835;2424
9;1741062963399;2425
0;1741062964238;2424
0;1741062966624;2425
0;1741062966770;2426
9;1741062970786;2426
0;1741062972998;2427
0;1741062977216;2428
9;1741062978396;2427
9;1741062982735;2428
0;1741062985053;2429
0;1741062986070;2430
0;1741062987928;2431
9;1741062989942;2429
0;1741062989993;2432
9;1741062996135;2430
9;1741062999233;2431
9;1741063000229;2432
0;1741063001362;2433
9;1741063005074;2433
0;1741063010311;2434
0;1741063011118;2435
0;1741063015021;2436
0;1741063015562;2437
9;1741063015866;2434
0;1741063025349;2438
9;1741063025402;2435
9;1741063026341;2436
0;1741063028919;2439
9;1741063028989;2437
9;1741063035658;2438
0;1741063037346;2440
9;1741063038811;2439
0;1741063046721;2441
9;1741063048119;2440
9;1741063050724;2441
9;1741063055329;2442
9;1741063056725;2443
0;1741063057920;2442
0;1741063058972;2443
9;1741063061709;2444
0;1741063062005;2444
0;1741063064697;2445
9;1741063066805;2445
9;1741063071526;2446
0;1741063071681;2446
9;1741063075786;2447
0;1741063076532;2447
9;1741063076543;2448
9;1741063080132;2449
9;1741063082825;2450
9;1741063087279;2451
0;1741063089211;2448
0;1741063092431;2449
9;1741063092568;2452
0;1741063099139;2450
9;1741063099406;2453
0;1741063101150;2451
0;1741063102402;2452
9;1741063105987;2454
0;1741063107779;2453
0;1741063109052;2454
0;1741063110185;2455
9;1741063110746;2455
0;1741063121381;2456
9;1741063124015;2456
9;1741063124725;2457
0;1741063125333;2457
0;1741063128572;2458
9;1741063131647;2458
9;1741063135035;2459
9;1741063135876;2460
0;1741063136961;2459
9;1741063138399;2461
9;1741063145446;2462
0;1741063147933;2460
9;1741063152825;2463
0;1741063154833;2461
0;1741063154943;2462
0;1741063156520;2463
0;1741063157682;2464
9;1741063162164;2464
9;1741063163727;2465
0;1741063165725;2465
9;1741063166105;2466
0;1741063168590;2466
0;1741063175653;2467
9;1741063178403;2467
0;1741063179724;2468
9;1741063181154;2468
0;1741063182125;2469
9;1741063190617;2469
0;1741063190765;2470
9;1741063193151;2470
9;1741063193589;2471
9;1741063197638;2472
0;1741063199959;2471
0;1741063205310;2472
0;1741063207334;2473
9;1741063210721;2473
0;1741063213384;2474
0;1741063218606;2475
9;1741063219846;2474
9;1741063220260;2475
0;1741063221579;2476
9;1741063222084;2476
9;1741063222755;2477
0;1741063224486;2477
9;1741063226446;2478
9;1741063231167;2479
0;1741063232713;2478
0;1741063238321;2479
0;1741063238857;2480
0;1741063244254;2481
9;1741063244809;2480
0;1741063247359;2482
0;1741063250237;2483
9;1741063250703;2481
9;1741063253873;2482
0;1741063256771;2484
9;1741063257664;2483
0;1741063259026;2485
9;1741063259711;2484
9;1741063260801;2485
9;1741063261120;2486
9;1741063268532;2487
0;1741063274600;2486
9;1741063281398;2488
0;1741063281478;2487
0;1741063281764;2488
0;1741063282124;2489
0;1741063287763;2490
9;1741063291818;2489
9;1741063292753;2490
0;1741063294555;2491
9;1741063297327;2491
0;1741063298711;2492
0;1741063300119;2493
9;1741063300942;2492
0;1741063302390;2494
9;1741063302837;2493
0;1741063314189;2495
0;1741063316059;2496
9;1741063316079;2494
0;1741063320517;2497
9;1741063321301;2495
9;1741063322302;2496
9;1741063324516;2497
9;1741063325220;2498
9;1741063332487;2499
9;1741063333844;2500
0;1741063334821;2498
0;1741063339101;2499
0;1741063339137;2500
9;1741063344421;2501
9;1741063345107;2502
0;1741063345494;2501
9;1741063353704;2503
0;1741063357057;2502
0;1741063357235;2503
0;1741063357775;2504
0;1741063359830;2505
9;1741063361318;2504
9;1741063365282;2505
9;1741063365429;2506
0;1741063366323;2506
0;1741063367641;2507
9;1741063372910;2507
9;1741063380454;2508
0;1741063387656;2508
0;1741063388075;2509
0;1741063388665;2510
0;1741063390016;2511
0;1741063392952;2512
9;1741063393673;2509
9;1741063397500;2510
9;1741063399790;2511
9;1741063406174;2512
9;1741063407686;2513
0;1741063408231;2513
9;1741063409265;2514
9;1741063410162;2515
9;1741063415434;2516
0;1741063417999;2514
0;1741063418435;2515
0;1741063423727;2516
0;1741063424746;2517
9;1741063425924;2517
9;1741063430541;2518
9;1741063430627;2519
0;1741063432227;2518
0;1741063434809;2519
0;1741063434888;2520
0;1741063443994;2521
9;1741063445962;2520
9;1741063447874;2521
9;1741063456136;2522
9;1741063457399;2523
0;1741063459759;2522
0;1741063464077;2523
9;1741063466459;2524
0;1741063469551;2524
0;1741063471247;2525
9;1741063475282;2525
0;1741063475720;2526
0;1741063476230;2527
9;1741063480133;2526
0;1741063483313;2528
9;1741063483337;2527
9;1741063483914;2528
0;1741063484441;2529
0;1741063486238;2530
0;1741063491168;2531
9;1741063495884;2529
9;1741063499489;2530
9;1741063499517;2531
0;1741063500355;2532
9;1741063500909;2532
0;1741063503560;2533
9;1741063503646;2533
0;1741063503772;2534
0;1741063504034;2535
9;1741063505298;2534
0;1741063512037;2536
9;1741063513995;2535
9;1741063517628;2536
0;1741063524494;2537
9;1741063528405;2537
0;1741063534395;2538
9;1741063535112;2538
0;1741063536013;2539
9;1741063537198;2539
0;1741063537318;2540
9;1741063545887;2540
0;1741063549232;2541
9;1741063550640;2541
0;1741063550756;2542
9;1741063552638;2542
0;1741063552775;2543
0;1741063553888;2544
9;1741063553962;2543
0;1741063556137;2545
0;1741063560717;2546
0;1741063565229;2547
9;1741063566092;2544
0;1741063567814;2548
9;1741063569372;2545
9;1741063569966;2546
9;1741063574064;2547
0;1741063575268;2549
9;1741063582607;2548
0;1741063586864;2550
9;1741063587168;2549
0;1741063589073;2551
9;1741063590342;2550
0;1741063593524;2552
9;1741063598168;2551
9;1741063601260;2552
0;1741063601761;2553
9;1741063604620;2553
0;1741063605353;2554
9;1741063607345;2554
0;1741063614233;2555
9;1741063621010;2555
9;1741063621163;2556
9;1741063626796;2557
0;1741063627102;2556
0;1741063628077;2557
0;1741063629284;2558
9;1741063632361;2558
0;1741063633603;2559
9;1741063635017;2559
9;1741063637855;2560
0;1741063640592;2560
9;1741063642164;2561
9;1741063643259;2562
9;1741063643874;2563
0;1741063644493;2561
9;1741063654086;2564
0;1741063655087;2562
0;1741063657249;2563
0;1741063660169;2564
9;1741063661381;2565
9;1741063664367;2566
0;1741063666199;2565
0;1741063668084;2566
0;1741063671446;2567
9;1741063673002;2567
0;1741063674645;2568
9;1741063676793;2568
9;1741063682735;2569
9;1741063687514;2570
9;1741063690791;2571
0;1741063692948;2569
0;1741063696591;2570
9;1741063698048;2572
0;1741063698604;2571
9;1741063700203;2573
0;1741063704192;2572
9;1741063704210;2574
0;1741063706254;2573
9;1741063707050;2575
9;1741063710940;2576
0;1741063720023;2574
0;1741063720937;2575
9;1741063722187;2577
0;1741063722652;2576
9;1741063728612;2578
0;1741063729573;2577
9;1741063729941;2579
0;1741063730859;2578
0;1741063739622;2579
0;1741063742387;2580
0;1741063744052;2581
9;1741063748098;2580
9;1741063749825;2581
0;1741063749985;2582
0;1741063753976;2583
0;1741063754432;2584
0;1741063759986;2585
9;1741063761014;2582
9;1741063763687;2583
9;1741063771987;2584
9;1741063772664;2585
0;1741063774427;2586
0;1741063775449;2587
0;1741063776669;2588
9;1741063777116;2586
9;1741063785321;2587
9;1741063787661;2588
0;1741063790003;2589
9;1741063793404;2589
0;1741063793577;2590
9;1741063794515;2590
9;1741063794560;2591
0;1741063796942;2591
9;1741063797263;2592
0;1741063800782;2592
0;1741063802189;2593
9;1741063802690;2593
0;1741063805332;2594
0;1741063810083;2595
9;1741063812935;2594
9;1741063816009;2595
0;1741063819089;2596
9;1741063819620;2596
9;1741063820997;2597
9;1741063822853;2598
0;1741063827092;2597
9;1741063829105;2599
0;1741063836516;2598
0;1741063838603;2599
9;1741063841910;2600
0;1741063847651;2600
9;1741063849450;2601
9;1741063852643;2602
9;1741063853476;2603
0;1741063854892;2601
0;1741063855566;2602
9;1741063856996;2604
0;1741063860551;2603
0;1741063861948;2604
0;1741063863028;2605
0;1741063868286;2606
9;1741063868595;2605
9;1741063872058;2606
9;1741063875349;2607
9;1741063877232;2608
0;1741063877246;2607
9;1741063878395;2609
0;1741063881410;2608
9;1741063885769;2610
0;1741063886943;2609
0;1741063888985;2610
9;1741063889565;2611
0;1741063895058;2611
9;1741063896638;2612
9;1741063898550;2613
0;1741063899706;2612
0;1741063902146;2613
9;1741063906225;2614
9;1741063908247;2615
0;1741063910553;2614
0;1741063910950;2615
9;1741063911132;2616
0;1741063917839;2616
9;1741063924974;2617
9;1741063926544;2618
9;1741063926709;2619
0;1741063926932;2617
0;1741063928664;2618
0;1741063932576;2619
9;1741063934632;2620
9;1741063936429;2621
9;1741063940171;2622
9;1741063942639;2623
0;1741063951543;2620
0;1741063952620;2621
0;1741063952700;2622
0;1741063955388;2623
0;1741063955680;2624
9;1741063955716;2624
9;1741063960944;2625
9;1741063963296;2626
0;1741063964064;2625
9;1741063967742;2627
0;1741063976159;2626
0;1741063976678;2627
9;1741063980765;2628
0;1741063980969;2628
0;1741063981908;2629
9;1741063993720;2629
9;1741063994845;2630
9;1741063996024;2631
0;1741063997063;2630
0;1741063998163;2631
0;1741064002630;2632
9;1741064006523;2632
9;1741064006849;2633
0;1741064009675;2633
0;1741064011469;2634
0;1741064011789;2635
0;1741064013454;2636
9;1741064016364;2634
9;1741064016743;2635
0;1741064017744;2637
9;1741064023895;2636
0;1741064032439;2638
0;1741064033763;2639
9;1741064035336;2637
9;1741064038135;2638
9;1741064038998;2639
9;1741064041309;2640
9;1741064043086;2641
0;1741064045038;2640
9;1741064049298;2642
0;1741064049595;2641
9;1741064055498;2643
0;1741064058003;2642
0;1741064058584;2643
9;1741064063071;2644
0;1741064063495;2644
9;1741064064481;2645
0;1741064065105;2645
0;1741064065587;2646
0;1741064067466;2647
9;1741064070290;2646
9;1741064070614;2647
9;1741064072673;2648
0;1741064075259;2648
0;1741064091566;2649
0;1741064093497;2650
9;1741064097355;2649
9;1741064100100;2650
9;1741064100202;2651
0;1741064100955;2651
9;1741064102520;2652
0;1741064102929;2652
0;1741064106423;2653
9;1741064109812;2653
0;1741064110058;2654
9;1741064112903;2654
9;1741064115352;2655
9;1741064116825;2656
9;1741064119122;2657
0;1741064119202;2655
0;1741064121940;2656
9;1741064124903;2658
0;1741064126234;2657
9;1741064129157;2659
0;1741064130401;2658
0;1741064130669;2659
0;1741064131230;2660
9;1741064133244;2660
0;1741064147830;2661
9;1741064148080;2661
9;1741064148669;2662
0;1741064154056;2662
0;1741064155048;2663
9;1741064157134;2663
9;1741064157546;2664
0;1741064158548;2664
9;1741064158687;2665
9;1741064159844;2666
9;1741064165613;2667
0;1741064169325;2665
0;1741064170353;2666
9;1741064172801;2668
9;1741064181209;2669
0;1741064181788;2667
9;1741064181955;2670
0;1741064183975;2668
0;1741064186137;2669
0;1741064186482;2670
0;1741064190637;2671
9;1741064193192;2671
0;1741064201842;2672
9;1741064203280;2672
9;1741064207607;2673
0;1741064210635;2673
9;1741064210843;2674
9;1741064210981;2675
0;1741064215450;2674
9;1741064218573;2676
0;1741064219775;2675
0;1741064224576;2676
0;1741064224991;2677
0;1741064226318;2678
9;1741064227320;2677
9;1741064229409;2678
0;1741064231535;2679
9;1741064243337;2679
0;1741064245615;2680
0;1741064248122;2681
9;1741064249339;2680
0;1741064249355;2682
9;1741064252085;2681
0;1741064252599;2683
9;1741064252890;2682
0;1741064255734;2684
9;1741064257735;2683
0;1741064258733;2685
9;1741064260855;2684
0;1741064261229;2686
0;1741064262474;2687
9;1741064263097;2685
9;1741064265407;2686
9;1741064273041;2687
9;1741064274369;2688
9;1741064280738;2689
9;1741064281244;2690
0;1741064283291;2688
9;1741064287444;2691
9;1741064291523;2692
0;1741064291848;2689
0;1741064299347;2690
0;1741064302483;2691
0;1741064305999;2692
0;1741064307341;2693
9;1741064313310;2693
9;1741064318315;2694
9;1741064321247;2695
9;1741064322695;2696
0;1741064323621;2694
0;1741064323967;2695
0;1741064325180;2696
0;1741064325587;2697
9;1741064327310;2697
9;1741064331017;2698
9;1741064334897;2699
9;1741064340972;2700
0;1741064343138;2698
0;1741064345137;2699
0;1741064345364;2700
0;1741064345738;2701
0;1741064347062;2702
0;1741064348321;2703
0;1741064348586;2704
9;1741064349055;2701
9;1741064354716;2702
0;1741064354826;2705
9;1741064356890;2703
9;1741064358120;2704
0;1741064360858;2706
9;1741064366081;2705
0;1741064368927;2707
9;1741064374733;2706
9;1741064378160;2707
0;1741064378838;2708
9;1741064384130;2708
0;1741064388740;2709
0;1741064392713;2710
9;1741064393603;2709
0;1741064396076;2711
9;1741064397068;2710
0;1741064398085;2712
9;1741064398492;2711
0;1741064399632;2713
0;1741064400815;2714
9;1741064402942;2712
0;1741064412564;2715
9;1741064414613;2713
9;1741064417997;2714
9;1741064418918;2715
9;1741064420766;2716
0;1741064424422;2716
9;1741064426558;2717
0;1741064430581;2717
9;1741064434583;2718
0;1741064435634;2718
9;1741064435797;2719
0;1741064438521;2719
9;1741064442195;2720
0;1741064444729;2720
9;1741064444762;2721
9;1741064445097;2722
0;1741064445163;2721
9;1741064447302;2723
9;1741064447422;2724
0;1741064449698;2722
9;1741064450221;2725
0;1741064450984;2723
9;1741064460191;2726
0;1741064461053;2724
0;1741064464398;2725
0;1741064472772;2726
9;1741064473231;2727
0;1741064474313;2727
0;1741064483385;2728
9;1741064487698;2728
9;1741064487806;2729
9;1741064489370;2730
9;1741064490893;2731
9;1741064490929;2732
0;1741064491730;2729
0;1741064492007;2730
0;1741064493787;2731
0;1741064497652;2732
0;1741064497917;2733
0;1741064500869;2734
9;1741064505038;2733
9;1741064508192;2734
9;1741064511650;2735
0;1741064518569;2735
0;1741064520309;2736
9;1741064522776;2736
0;1741064524385;2737
0;1741064528063;2738
9;1741064528399;2737
0;1741064529531;2739
9;1741064531045;2738
9;1741064538633;2739
9;1741064542134;2740
9;1741064545829;2741
0;1741064546190;2740
0;1741064548200;2741
9;1741064549967;2742
0;1741064550335;2742
9;1741064551795;2743
9;1741064555402;2744
0;1741064555428;2743
0;1741064559076;2744
0;1741064559849;2745
0;1741064563578;2746
9;1741064567773;2745
0;1741064569169;2747
9;1741064572886;2746
0;1741064573670;2748
9;1741064574235;2747
9;1741064581761;2748
0;1741064585778;2749
9;1741064587050;2749
0;1741064592172;2750
9;1741064592301;2750
9;1741064592837;2751
9;1741064593192;2752
9;1741064597360;2753
0;1741064599068;2751
9;1741064601628;2754
9;1741064604126;2755
0;1741064605769;2752
0;1741064610707;2753
0;1741064612088;2754
9;1741064616379;2756
0;1741064617473;2755
9;1741064619140;2757
0;1741064623494;2756
0;1741064627527;2757
0;1741064632009;2758
0;1741064635781;2759
9;1741064637062;2758
9;1741064640351;2759
0;1741064642849;2760
0;1741064643483;2761
9;1741064643595;2760
9;1741064645411;2761
9;1741064649140;2762
0;1741064651811;2762
9;1741064651959;2763
0;1741064652205;2763
0;1741064660277;2764
0;1741064664754;2765
9;1741064664835;2764
9;1741064664904;2765
0;1741064670544;2766
9;1741064670811;2766
0;1741064673610;2767
0;1741064677868;2768
9;1741064683542;2767
9;1741064683688;2768
0;1741064688546;2769
9;1741064690373;2769
9;1741064693622;2770
9;1741064694387;2771
0;1741064695352;2770
0;1741064698013;2771
9;1741064702191;2772
0;1741064703360;2772
0;1741064706754;2773
0;1741064710214;2774
9;1741064715496;2773
0;1741064718387;2775
9;1741064718958;2774
9;1741064719996;2775
9;1741064722390;2776
9;1741064724699;2777
0;1741064726877;2776
0;1741064727499;2777
9;1741064731752;2778
0;1741064733126;2778
0;1741064739206;2779
9;1741064739329;2779
9;1741064742426;2780
0;1741064742504;2780
0;1741064749924;2781
0;1741064750696;2782
0;1741064752859;2783
9;1741064753997;2781
9;1741064757126;2782
9;1741064757726;2783
9;1741064762136;2784
9;1741064768209;2785
0;1741064768550;2784
0;1741064768717;2785
9;1741064770711;2786
9;1741064772402;2787
0;1741064775447;2786
0;1741064777784;2787
9;1741064777877;2788
9;1741064778386;2789
9;1741064780848;2790
0;1741064782084;2788
9;1741064793257;2791
0;1741064794825;2789
0;1741064796571;2790
0;1741064798675;2791
0;1741064798882;2792
0;1741064804458;2793
9;1741064805273;2792
0;1741064807925;2794
9;1741064808253;2793
0;1741064809161;2795
9;1741064809453;2794
0;1741064816677;2796
0;1741064824105;2797
9;1741064824484;2795
0;1741064824591;2798
9;1741064827115;2796
0;1741064831138;2799
9;1741064832314;2797
9;1741064835834;2798
9;1741064839834;2799
9;1741064840346;2800
9;1741064845530;2801
0;1741064846712;2800
0;1741064847933;2801
9;1741064849272;2802
0;1741064850928;2802
0;1741064851231;2803
9;1741064853811;2803
0;1741064853821;2804
0;1741064854064;2805
9;1741064857081;2804
9;1741064859699;2805
9;1741064865666;2806
9;1741064866203;2807
0;1741064873598;2806
0;1741064874786;2807
9;1741064877344;2808
0;1741064878433;2808
0;1741064890772;2809
0;1741064892005;2810
9;1741064892638;2809
9;1741064894554;2810
9;1741064895733;2811
0;1741064902275;2811
9;1741064902420;2812
0;1741064903488;2812
0;1741064904223;2813
9;1741064905197;2813
0;1741064906565;2814
9;1741064910570;2814
0;1741064913958;2815
9;1741064919389;2815
0;1741064920077;2816
0;1741064922164;2817
0;1741064922731;2818
9;1741064926756;2816
9;1741064928953;2817
9;1741064932387;2818
9;1741064932575;2819
0;1741064938196;2819
9;1741064942571;2820
0;1741064945496;2820
9;1741064946730;2821
0;1741064950059;2821
0;1741064950583;2822
0;1741064954384;2823
9;1741064958129;2822
9;1741064960047;2823
9;1741064960135;2824
9;1741064960999;2825
0;1741064962093;2824
0;1741064964517;2825
0;1741064967165;2826
9;1741064970543;2826
0;1741064972308;2827
9;1741064974440;2827
9;1741064974746;2828
0;1741064977094;2828
9;1741064977155;2829
9;1741064985514;2830
0;1741064986846;2829
0;1741064994140;2830
0;1741064994157;2831
0;1741064996106;2832
0;1741064996359;2833
9;1741064996722;2831
9;1741065005672;2832
0;1741065006102;2834
0;1741065006718;2835
9;1741065007216;2833
9;1741065011688;2834
0;1741065011874;2836
9;1741065012401;2835
9;1741065015894;2836
0;1741065016571;2837
9;1741065018729;2837
9;1741065022179;2838
0;1741065026159;2838
0;1741065027783;2839
0;1741065033590;2840
0;1741065033749;2841
9;1741065034472;2839
9;1741065044737;2840
0;1741065044754;2842
9;1741065045748;2841
9;1741065048487;2842
0;1741065048958;2843
0;1741065049695;2844
0;1741065050734;2845
9;1741065054427;2843
9;1741065054794;2844
9;1741065057329;2845
9;1741065058266;2846
0;1741065071863;2846
9;1741065073519;2847
9;1741065079578;2848
0;1741065081499;2847
0;1741065085238;2848
0;1741065086274;2849
9;1741065088313;2849
9;1741065090689;2850
9;1741065091916;2851
0;1741065095701;2850
0;1741065097328;2851
0;1741065100029;2852
0;1741065100574;2853
0;1741065104304;2854
9;1741065104531;2852
9;1741065109272;2853
9;1741065109493;2854
0;1741065109640;2855
9;1741065114812;2855
0;1741065120286;2856
9;1741065121969;2856
9;1741065123940;2857
0;1741065125290;2857
0;1741065127203;2858
0;1741065127609;2859
0;1741065130631;2860
9;1741065134224;2858
9;1741065135862;2859
9;1741065142403;2860
9;1741065143541;2861
0;1741065151588;2861
0;1741065152916;2862
9;1741065154285;2862
9;1741065157440;2863
9;1741065159378;2864
0;1741065164006;2863
0;1741065164808;2864
0;1741065166056;2865
9;1741065168372;2865
0;1741065171867;2866
0;1741065172802;2867
9;1741065179278;2866
9;1741065181855;2867
9;1741065183266;2868
9;1741065184843;2869
0;1741065186916;2868
0;1741065187662;2869
9;1741065188875;2870
0;1741065189631;2870
9;1741065192107;2871
9;1741065199643;2872
0;1741065200787;2871
0;1741065201243;2872
9;1741065206309;2873
0;1741065206687;2873
0;1741065207651;2874
9;1741065208405;2874
9;1741065210747;2875
0;1741065211252;2875
0;1741065219393;2876
9;1741065224678;2876
0;1741065227811;2877
9;1741065231243;2877
9;1741065233463;2878
0;1741065237807;2878
0;1741065237921;2879
9;1741065240038;2879
9;1741065241304;2880
0;1741065245517;2880
9;1741065247594;2881
9;1741065249159;2882
0;1741065249302;2881
0;1741065249408;2882
0;1741065250304;2883
9;1741065251402;2883
9;1741065258969;2884
9;1741065260301;2885
0;1741065260694;2884
0;1741065261225;2885
9;1741065262153;2886
0;1741065268430;2886
9;1741065272301;2887
0;1741065276761;2887
9;1741065279706;2888
9;1741065279719;2889
9;1741065279785;2890
0;1741065280555;2888
9;1741065283506;2891
0;1741065290641;2889
9;1741065295357;2892
0;1741065299537;2890
0;1741065300782;2891
9;1741065304725;2893
0;1741065305163;2892
0;1741065307846;2893
0;1741065309732;2894
9;1741065312446;2894
0;1741065314022;2895
0;1741065316458;2896
9;1741065317225;2895
9;1741065319624;2896
0;1741065321858;2897
9;1741065327209;2897
9;1741065327785;2898
0;1741065329312;2898
0;1741065330739;2899
9;1741065336879;2899
9;1741065338250;2900
0;1741065339312;2900
9;1741065341075;2901
9;1741065342886;2902
0;1741065347009;2901
0;1741065347253;2902
0;1741065351802;2903
9;1741065355029;2903
9;1741065362558;2904
0;1741065362616;2904
0;1741065362951;2905
9;1741065363322;2905
9;1741065372329;2906
0;1741065372989;2906
0;1741065373209;2907
9;1741065373518;2907
0;1741065377008;2908
0;1741065378730;2909
9;1741065379555;2908
0;1741065383634;2910
9;1741065384941;2909
9;1741065386767;2910
9;1741065386794;2911
9;1741065393178;2912
9;1741065393631;2913
0;1741065396119;2911
0;1741065398404;2912
9;1741065403404;2914
0;1741065403577;2913
0;1741065406193;2914
9;1741065408838;2915
0;1741065409702;2915
9;1741065419001;2916
0;1741065422186;2916
0;1741065425336;2917
9;1741065426301;2917
9;1741065430530;2918
9;1741065436021;2919
0;1741065437434;2918
0;1741065439148;2919
0;1741065443745;2920
9;1741065444245;2920
9;1741065446163;2921
9;1741065446494;2922
0;1741065452465;2921
0;1741065453109;2922
0;1741065454418;2923
0;1741065455269;2924
0;1741065458990;2925
9;1741065462403;2923
9;1741065462465;2924
9;1741065463098;2925
9;1741065464149;2926
0;1741065464169;2926
9;1741065464654;2927
0;1741065471168;2927
9;1741065472328;2928
0;1741065474414;2928
9;1741065477328;2929
0;1741065479836;2929
9;1741065481123;2930
0;1741065488603;2930
9;1741065490149;2931
9;1741065496571;2932
0;1741065499809;2931
9;1741065504985;2933
0;1741065506743;2932
9;1741065507655;2934
0;1741065508307;2933
0;1741065510025;2934
9;1741065514954;2935
0;1741065516141;2935
0;1741065516437;2936
9;1741065518426;2936
0;1741065522864;2937
0;1741065525476;2938
9;1741065526667;2937
0;1741065532928;2939
9;1741065540693;2938
9;1741065543227;2939
9;1741065543342;2940
0;1741065545074;2940
0;1741065547284;2941
0;1741065549405;2942
0;1741065550017;2943
9;1741065550702;2941
9;1741065550724;2942
9;1741065552447;2943
0;1741065554787;2944
9;1741065556708;2944
9;1741065556938;2945
9;1741065564095;2946
0;1741065569711;2945
0;1741065570852;2946
0;1741065571675;2947
0;1741065572346;2948
9;1741065575636;2947
9;1741065579609;2948
0;1741065580703;2949
0;1741065588485;2950
9;1741065588811;2949
0;1741065594893;2951
0;1741065595179;2952
9;1741065596625;2950
9;1741065602069;2951
9;1741065604080;2952
0;1741065606554;2953
9;1741065606955;2953
0;1741065611077;2954
0;1741065611530;2955
0;1741065612019;2956
9;1741065613047;2954
9;1741065616529;2955
9;1741065617718;2956
0;1741065620105;2957
9;1741065620709;2957
9;1741065627486;2958
0;1741065628022;2958
9;1741065631830;2959
0;1741065634467;2959
0;1741065638214;2960
0;1741065640951;2961
9;1741065642672;2960
0;1741065645468;2962
9;1741065650593;2961
9;1741065650642;2962
0;1741065652217;2963
9;1741065653589;2963
9;1741065655326;2964
9;1741065656377;2965
0;1741065656633;2964
9;1741065658990;2966
0;1741065660150;2965
0;1741065665039;2966
9;1741065675326;2967
0;1741065678578;2967
9;1741065678993;2968
0;1741065681411;2968
9;1741065682174;2969
0;1741065682722;2969
0;1741065685189;2970
9;1741065689609;2970
9;1741065692825;2971
0;1741065701098;2971
0;1741065701585;2972
0;1741065703272;2973
9;1741065703772;2972
9;1741065704042;2973
9;1741065711527;2974
9;1741065711553;2975
0;1741065712904;2974
9;1741065714212;2976
0;1741065716575;2975
9;1741065719357;2977
9;1741065724973;2978
0;1741065726834;2976
0;1741065730296;2977
9;1741065730480;2979
0;1741065734166;2978
9;1741065736362;2980
0;1741065737111;2979
0;1741065740958;2980
0;1741065750818;2981
9;1741065751929;2981
0;1741065753040;2982
0;1741065754511;2983
0;1741065754981;2984
9;1741065758958;2982
9;1741065761021;2983
9;1741065761489;2984
0;1741065763106;2985
9;1741065770519;2985
9;1741065774330;2986
0;1741065774666;2986
9;1741065775026;2987
0;1741065778831;2987
0;1741065780605;2988
9;1741065780889;2988
0;1741065782371;2989
9;1741065787200;2989
9;1741065790349;2990
0;1741065793363;2990
0;1741065795534;2991
9;1741065798851;2991
9;1741065801326;2992
9;1741065801522;2993
9;1741065807571;2994
0;1741065808391;2992
0;1741065812218;2993
9;1741065812921;2995
0;1741065813789;2994
0;1741065818546;2995
0;1741065819157;2996
0;1741065820503;2997
9;1741065825690;2996
0;1741065827837;2998
9;1741065834919;2997
0;1741065837019;2999
0;1741065839043;3000
9;1741065841198;2998
0;1741065841286;3001
9;1741065841739;2999
9;1741065843583;3000
9;1741065844339;3001
0;1741065848524;3002
9;1741065850782;3002
9;1741065853103;3003
9;1741065855446;3004
0;1741065856351;3003
0;1741065862377;3004
0;1741065865163;3005
9;1741065867156;3005
9;1741065867324;3006
0;1741065869308;3006
9;1741065870521;3007
0;1741065871035;3007
9;1741065883559;3008
0;1741065883639;3008
9;1741065883662;3009
0;1741065884474;3009
9;1741065886633;3010
9;1741065888031;3011
0;1741065889459;3010
9;1741065892328;3012
0;1741065897191;3011
0;1741065897409;3012
9;1741065899237;3013
0;1741065901492;3013
0;1741065903569;3014
0;1741065911961;3015
9;1741065915651;3014
9;1741065918093;3015
0;1741065918306;3016
9;1741065921838;3016
0;1741065923165;3017
0;1741065926101;3018
9;1741065927785;3017
0;1741065934033;3019
9;1741065935680;3018
9;1741065937143;3019
9;1741065941300;3020
0;1741065944543;3020
9;1741065945100;3021
0;1741065945186;3021
9;1741065948625;3022
0;1741065950857;3022
0;1741065951256;3023
9;1741065951725;3023
9;1741065956355;3024
0;1741065957966;3024
9;1741065960349;3025
0;1741065960875;3025
9;1741065967146;3026
9;1741065968134;3027
0;1741065969452;3026
0;1741065972081;3027
9;1741065976513;3028
0;1741065981757;3028
9;1741065986540;3029
0;1741065990403;3029
0;1741065993385;3030
9;1741065994267;3030
0;1741065997233;3031
9;1741065998017;3031
0;1741065998971;3032
9;1741065999573;3032
9;1741066005613;3033
0;1741066009175;3033
0;1741066012077;3034
0;1741066012909;3035
9;1741066016415;3034
0;1741066017270;3036
9;1741066021898;3035
0;1741066022151;3037
9;1741066022162;3036
0;1741066023665;3038
9;1741066028613;3037
9;1741066029516;3038
0;1741066038236;3039
9;1741066038562;3039
0;1741066040808;3040
0;1741066045541;3041
9;1741066045794;3040
0;1741066046499;3042
9;1741066048158;3041
0;1741066050035;3043
9;1741066052919;3042
0;1741066054557;3044
9;1741066060270;3043
0;1741066061407;3045
9;1741066062128;3044
0;1741066065139;3046
9;1741066067771;3045
9;1741066075822;3046
9;1741066077417;3047
9;1741066077886;3048
9;1741066079161;3049
0;1741066079861;3047
0;1741066081463;3048
0;1741066082855;3049
0;1741066093422;3050
0;1741066095202;3051
9;1741066097730;3050
0;1741066098218;3052
9;1741066099113;3051
9;1741066105980;3052
9;1741066106606;3053
9;1741066109038;3054
0;1741066109397;3053
9;1741066117793;3055
9;1741066119025;3056
9;1741066120906;3057
9;1741066121269;3058
0;1741066122839;3054
0;1741066124388;3055
0;1741066124719;3056
0;1741066125078;3057
0;1741066137872;3058
9;1741066144499;3059
0;1741066146571;3059
0;1741066148302;3060
0;1741066148688;3061
9;1741066153000;3060
9;1741066153553;3061
9;1741066155443;3062
0;1741066157855;3062
9;1741066158407;3063
0;1741066159169;3063
0;1741066164538;3064
9;1741066165414;3064
0;1741066165694;3065
0;1741066167827;3066
0;1741066169317;3067
9;1741066169923;3065
9;1741066172353;3066
9;1741066174503;3067
9;1741066182045;3068
0;1741066185486;3068
0;1741066190007;3069
0;1741066191194;3070
9;1741066192594;3069
0;1741066197351;3071
9;1741066203225;3070
0;1741066203576;3072
9;1741066205380;3071
9;1741066209738;3072
9;1741066210766;3073
9;1741066215229;3074
0;1741066215752;3073
9;1741066215960;3075
0;1741066217721;3074
9;1741066217975;3076
9;1741066218524;3077
0;1741066221286;3075
9;1741066226897;3078
9;1741066230819;3079
9;1741066232032;3080
0;1741066233680;3076
0;1741066235498;3077
9;1741066237072;3081
0;1741066237535;3078
9;1741066239972;3082
9;1741066240428;3083
0;1741066247270;3079
0;1741066247590;3080
0;1741066255513;3081
0;1741066255813;3082
0;1741066257134;3083
9;1741066257207;3084
9;1741066261323;3085
0;1741066262885;3084
0;1741066264696;3085
9;1741066265197;3086
0;1741066267219;3086
9;1741066269171;3087
0;1741066272400;3087
9;1741066273871;3088
9;1741066275780;3089
9;1741066280030;3090
0;1741066281749;3088
9;1741066282422;3091
0;1741066285658;3089
0;1741066291703;3090
0;1741066293515;3091
0;1741066296832;3092
9;1741066297404;3092
0;1741066301558;3093
0;1741066306486;3094
0;1741066306894;3095
9;1741066306929;3093
9;1741066312013;3094
0;1741066313537;3096
9;1741066314857;3095
9;1741066316029;3096
9;1741066322843;3097
0;1741066323537;3097
9;1741066330411;3098
9;1741066331773;3099
9;1741066331948;3100
0;1741066332041;3098
0;1741066334393;3099
9;1741066338993;3101
9;1741066339903;3102
0;1741066343712;3100
0;1741066348612;3101
0;1741066356087;3102
0;1741066358103;3103
0;1741066360486;3104
9;1741066365404;3103
9;1741066365702;3104
0;1741066365871;3105
9;1741066369942;3105
0;1741066370314;3106
0;1741066370845;3107
0;1741066372653;3108
9;1741066373244;3106
9;1741066378957;3107
0;1741066381219;3109
9;1741066384721;3108
0;1741066386578;3110
0;1741066388112;3111
9;1741066388460;3109
9;1741066391309;3110
9;1741066398880;3111
0;1741066398956;3112
9;1741066403477;3112
0;1741066405207;3113
9;1741066405792;3113
0;1741066408784;3114
9;1741066409453;3114
0;1741066410083;3115
9;1741066414985;3115
0;1741066415657;3116
9;1741066419551;3116
9;1741066419739;3117
0;1741066427829;3117
0;1741066432182;3118
9;1741066434778;3118
9;1741066436553;3119
9;1741066439802;3120
9;1741066441928;3121
0;1741066442279;3119
0;1741066443510;3120
0;1741066447690;3121
9;1741066449793;3122
9;1741066451925;3123
0;1741066452811;3122
9;1741066458476;3124
9;1741066459471;3125
9;1741066462673;3126
0;1741066463000;3123
0;1741066464441;3124
0;1741066465510;3125
0;1741066467646;3126
9;1741066471709;3127
0;1741066472360;3127
9;1741066473380;3128
0;1741066478338;3128
9;1741066481641;3129
0;1741066483189;3129
0;1741066484175;3130
9;1741066497022;3130
9;1741066498718;3131
0;1741066498865;3131
0;1741066498960;3132
0;1741066499440;3133
9;1741066503509;3132
9;1741066505445;3133
0;1741066510841;3134
0;1741066511476;3135
9;1741066515368;3134
9;1741066516105;3135
0;1741066518186;3136
9;1741066518378;3136
9;1741066521725;3137
0;1741066522167;3137
9;1741066523716;3138
0;1741066530675;3138
0;1741066532275;3139
0;1741066536027;3140
9;1741066541327;3139
9;1741066542142;3140
0;1741066543611;3141
9;1741066544348;3141
9;1741066549329;3142
0;1741066551004;3142
9;1741066553043;3143
9;1741066560443;3144
9;1741066560458;3145
0;1741066560628;3143
0;1741066561865;3144
0;1741066564730;3145
9;1741066567299;3146
9;1741066570566;3147
9;1741066578536;3148
9;1741066580059;3149
0;1741066581499;3146
9;1741066581895;3150
0;1741066582372;3147
0;1741066584755;3148
0;1741066591682;3149
0;1741066592844;3150
9;1741066595995;3151
0;1741066599736;3151
0;1741066603376;3152
0;1741066604179;3153
0;1741066606438;3154
9;1741066608943;3152
9;1741066612600;3153
0;1741066613125;3155
9;1741066617199;3154
9;1741066627415;3155
0;1741066627780;3156
9;1741066627954;3156
9;1741066628287;3157
0;1741066630069;3157
0;1741066630861;3158
0;1741066631211;3159
9;1741066634307;3158
0;1741066637363;3160
9;1741066637478;3159
0;1741066645155;3161
0;1741066647510;3162
9;1741066649251;3160
9;1741066650455;3161
0;1741066651054;3163
9;1741066660196;3162
9;1741066660743;3163
9;1741066662558;3164
0;1741066665334;3164
0;1741066665905;3165
9;1741066670263;3165
9;1741066670761;3166
0;1741066671527;3166
9;1741066675902;3167
9;1741066675915;3168
0;1741066683238;3167
0;1741066683342;3168
0;1741066684492;3169
0;1741066685216;3170
9;1741066685787;3169
0;1741066690149;3171
0;1741066692935;3172
9;1741066694989;3170
9;1741066698714;3171
0;1741066699928;3173
9;1741066699998;3172
0;1741066705559;3174
0;1741066708060;3175
9;1741066713829;3173
0;1741066714365;3176
9;1741066714949;3174
9;1741066716548;3175
9;1741066718197;3176
9;1741066725370;3177
0;1741066729671;3177
9;1741066734121;3178
0;1741066735720;3178
9;1741066736855;3179
9;1741066740559;3180
0;1741066741907;3179
0;1741066744290;3180
0;1741066746729;3181
9;1741066747438;3181
9;1741066747758;3182
0;1741066752857;3182
9;1741066753188;3183
0;1741066753461;3183
0;1741066759202;3184
0;1741066760189;3185
9;1741066761150;3184
9;1741066763479;3185
9;1741066769131;3186
0;1741066770011;3186
9;1741066771349;3187
0;1741066775180;3187
9;1741066779676;3188
9;1741066780414;3189
0;1741066784750;3188
9;1741066784963;3190
0;1741066785242;3189
0;1741066791780;3190
9;1741066793821;3191
0;1741066793993;3191
0;1741066795181;3192
0;1741066800014;3193
0;1741066801375;3194
0;1741066808674;3195
9;1741066812909;3192
9;1741066813096;3193
9;1741066816288;3194
9;1741066816392;3195
0;1741066817620;3196
0;1741066818433;3197
9;1741066820640;3196
0;1741066824125;3198
0;1741066826623;3199
9;1741066832891;3197
9;1741066833116;3198
9;1741066833270;3199
9;1741066834679;3200
9;1741066840561;3201
9;1741066842350;3202
0;1741066846382;3200
0;1741066851676;3201
9;1741066853368;3203
0;1741066855432;3202
0;1741066858515;3203
9;1741066858591;3204
0;1741066859865;3204
0;1741066862164;3205
9;1741066864193;3205
9;1741066865476;3206
9;1741066869186;3207
9;1741066869328;3208
0;1741066871127;3206
9;1741066873382;3209
0;1741066874952;3207
9;1741066877236;3210
0;1741066877403;3208
9;1741066881504;3211
0;1741066886110;3209
0;1741066887396;3210
9;1741066888724;3212
0;1741066889641;3211
0;1741066896842;3212
9;1741066900208;3213
0;1741066903891;3213
9;1741066905567;3214
0;1741066908565;3214
0;1741066911741;3215
9;1741066915806;3215
9;1741066916691;3216
0;1741066920693;3216
0;1741066922053;3217
9;1741066924397;3217
9;1741066934140;3218
9;1741066934587;3219
0;1741066938847;3218
0;1741066940236;3219
9;1741066943582;3220
0;1741066945402;3220
9;1741066946983;3221
9;1741066947320;3222
0;1741066948848;3221
0;1741066952121;3222
0;1741066952382;3223
9;1741066954503;3223
9;1741066957559;3224
9;1741066957576;3225
0;1741066959212;3224
0;1741066960587;3225
9;1741066964172;3226
9;1741066974420;3227
0;1741066976677;3226
0;1741066981154;3227
9;1741066986031;3228
0;1741066988338;3228
0;1741066988453;3229
0;1741066988696;3230
0;1741066989086;3231
9;1741066991363;3229
0;1741066992287;3232
9;1741066994069;3230
0;1741067000549;3233
9;1741067000797;3231
0;1741067001283;3234
0;1741067004157;3235
0;1741067006757;3236
9;1741067010693;3232
0;1741067012378;3237
9;1741067018812;3233
9;1741067018896;3234
9;1741067020264;3235
9;1741067021611;3236
9;1741067022022;3237
0;1741067031288;3238
0;1741067033747;3239
9;1741067037722;3238
9;1741067038625;3239
0;1741067041534;3240
9;1741067047820;3240
0;1741067050109;3241
9;1741067051597;3241
9;1741067052853;3242
0;1741067059998;3242
0;1741067060847;3243
0;1741067061119;3244
9;1741067061570;3243
0;1741067067301;3245
0;1741067068267;3246
9;1741067069927;3244
9;1741067070090;3245
9;1741067070184;3246
9;1741067071914;3247
9;1741067076823;3248
0;1741067081505;3247
9;1741067083622;3249
0;1741067085844;3248
9;1741067085889;3250
0;1741067087434;3249
0;1741067092071;3250
9;1741067092691;3251
9;1741067096898;3252
9;1741067100799;3253
9;1741067104812;3254
0;1741067105482;3251
0;1741067108209;3252
0;1741067111157;3253
0;1741067115689;3254
9;1741067121164;3255
0;1741067121247;3255
9;1741067121857;3256
9;1741067123195;3257
9;1741067130713;3258
9;1741067131141;3259
0;1741067132371;3256
0;1741067132952;3257
0;1741067139963;3258
0;1741067140623;3259
9;1741067140887;3260
9;1741067141049;3261
0;1741067142518;3260
0;1741067142991;3261
0;1741067143701;3262
9;1741067153612;3262
0;1741067154684;3263
9;1741067158089;3263
0;1741067164446;3264
9;1741067164979;3264
9;1741067165931;3265
0;1741067166842;3265
9;1741067167107;3266
0;1741067170627;3266
0;1741067172962;3267
0;1741067174632;3268
9;1741067177448;3267
9;1741067180445;3268
9;1741067181270;3269
0;1741067193011;3269
0;1741067193426;3270
0;1741067194272;3271
0;1741067200330;3272
9;1741067200720;3270
9;1741067204682;3271
9;1741067204773;3272
0;1741067209073;3273
9;1741067209347;3273
9;1741067209723;3274
0;1741067211096;3274
0;1741067211180;3275
9;1741067215692;3275
0;1741067216464;3276
9;1741067218900;3276
9;1741067219963;3277
9;1741067221037;3278
0;1741067222284;3277
9;1741067223176;3279
9;1741067230840;3280
0;1741067232474;3278
0;1741067233364;3279
0;1741067235795;3280
9;1741067241123;3281
0;1741067246397;3281
0;1741067252061;3282
9;1741067252642;3282
0;1741067254698;3283
9;1741067262155;3283
0;1741067263741;3284
9;1741067263754;3284
9;1741067264471;3285
9;1741067264927;3286
9;1741067265957;3287
0;1741067268496;3285
0;1741067273572;3286
0;1741067273962;3287
0;1741067280375;3288
0;1741067282347;3289
9;1741067284573;3288
0;1741067284684;3290
9;1741067287447;3289
0;1741067287704;3291
0;1741067297452;3292
9;1741067299263;3290
0;1741067299959;3293
9;1741067300958;3291
9;1741067301703;3292
0;1741067307015;3294
9;1741067307807;3293
9;1741067309436;3294
0;1741067309892;3295
0;1741067312506;3296
9;1741067317842;3295
9;1741067323093;3296
9;1741067324770;3297
0;1741067326230;3297
9;1741067327593;3298
9;1741067328166;3299
0;1741067329331;3298
0;1741067329351;3299
9;1741067330576;3300
0;1741067334821;3300
0;1741067342731;3301
9;1741067346088;3301
0;1741067350602;3302
0;1741067352024;3303
9;1741067354048;3302
9;1741067355031;3303
9;1741067357660;3304
0;1741067363218;3304
9;1741067364003;3305
9;1741067365530;3306
9;1741067365941;3307
9;1741067373049;3308
0;1741067373612;3305
0;1741067374454;3306
0;1741067375790;3307
0;1741067377146;3308
9;1741067381663;3309
0;1741067391916;3309
9;1741067392413;3310
0;1741067393479;3310
9;1741067393666;3311
0;1741067398516;3311
9;1741067399534;3312
0;1741067400916;3312
9;1741067406593;3313
9;1741067408974;3314
0;1741067409655;3313
0;1741067410664;3314
0;1741067412601;3315
9;1741067415265;3315
9;1741067416650;3316
0;1741067418769;3316
9;1741067421293;3317
9;1741067430689;3318
0;1741067431554;3317
0;1741067435085;3318
0;1741067435192;3319
9;1741067437496;3319
9;1741067439843;3320
9;1741067440900;3321
0;1741067441912;3320
0;1741067444489;3321
0;1741067448475;3322
9;1741067451172;3322
0;1741067452128;3323
9;1741067452860;3323
0;1741067453142;3324
9;1741067461069;3324
9;1741067461085;3325
0;1741067464570;3325
0;1741067469954;3326
0;1741067471437;3327
0;1741067474195;3328
9;1741067475167;3326
9;1741067485662;3327
9;1741067488249;3328
0;1741067490508;3329
9;1741067490857;3329
0;1741067492828;3330
9;1741067493559;3330
9;1741067499237;3331
0;1741067499264;3331
9;1741067505769;3332
0;1741067506277;3332
0;1741067507368;3333
0;1741067509312;3334
9;1741067511528;3333
0;1741067511599;3335
0;1741067515013;3336
9;1741067516491;3334
9;1741067516880;3335
9;1741067522346;3336
9;1741067523253;3337
0;1741067527461;3337
9;1741067527886;3338
0;1741067528923;3338
0;1741067533185;3339
9;1741067534636;3339
0;1741067537248;3340
9;1741067539238;3340
9;1741067547038;3341
0;1741067552731;3341
9;1741067553209;3342
9;1741067554246;3343
0;1741067555094;3342
0;1741067558395;3343
0;1741067562173;3344
9;1741067565937;3344
0;1741067567484;3345
0;1741067568984;3346
9;1741067574516;3345
0;1741067575813;3347
9;1741067577339;3346
9;1741067577943;3347
9;1741067578097;3348
0;1741067581131;3348
0;1741067582611;3349
9;1741067591229;3349
0;1741067595272;3350
9;1741067595517;3350
0;1741067595982;3351
0;1741067597775;3352
9;1741067601026;3351
9;1741067601279;3352
9;1741067604493;3353
9;1741067607609;3354
0;1741067607776;3353
9;1741067610876;3355
0;1741067616753;3354
0;1741067619034;3355
0;1741067619164;3356
9;1741067619265;3356
9;1741067622907;3357
9;1741067624387;3358
0;1741067625038;3357
0;1741067627254;3358
0;1741067627617;3359
9;1741067630270;3359
9;1741067630469;3360
0;1741067640999;3360
9;1741067641525;3361
0;1741067641811;3361
9;1741067656633;3362
9;1741067657954;3363
0;1741067659516;3362
0;1741067660561;3363
0;1741067662164;3364
9;1741067663399;3364
0;1741067664976;3365
0;1741067665494;3366
9;1741067670046;3365
9;1741067670626;3366
9;1741067673756;3367
0;1741067676145;3367
0;1741067678382;3368
9;1741067680329;3368
0;1741067683941;3369
9;1741067684259;3369
9;1741067687749;3370
9;1741067691529;3371
0;1741067699991;3370
9;1741067700141;3372
9;1741067700410;3373
0;1741067703333;3371
0;1741067703485;3372
0;1741067703839;3373
0;1741067704593;3374
9;1741067705579;3374
9;1741067709842;3375
9;1741067710581;3376
0;1741067716855;3375
0;1741067728529;3376
0;1741067729728;3377
9;1741067729877;3377
9;1741067734034;3378
9;1741067734946;3379
9;1741067738388;3380
9;1741067739902;3381
0;1741067740955;3378
0;1741067741713;3379
0;1741067746513;3380
9;1741067748625;3382
0;1741067749626;3381
0;1741067753538;3382
9;1741067757952;3383
0;1741067759613;3383
9;1741067760717;3384
0;1741067763683;3384
9;1741067768036;3385
0;1741067770252;3385
9;1741067774804;3386
0;1741067775341;3386
9;1741067776013;3387
0;1741067780494;3387
0;1741067782319;3388
9;1741067785698;3388
9;1741067786430;3389
0;1741067786532;3389
9;1741067787920;3390
0;1741067788662;3390
0;1741067788808;3391
9;1741067790473;3391
0;1741067792741;3392
9;1741067793862;3392
9;1741067796683;3393
0;1741067797785;3393
0;1741067799302;3394
0;1741067804454;3395
9;1741067805521;3394
9;1741067806713;3395
9;1741067816845;3396
9;1741067825689;3397
0;1741067826004;3396
0;1741067833488;3397
0;1741067834409;3398
9;1741067835335;3398
9;1741067838656;3399
0;1741067838763;3399
9;1741067839936;3400
9;1741067844397;3401
0;1741067844874;3400
0;1741067849539;3401
9;1741067852543;3402
0;1741067853299;3402
9;1741067854485;3403
0;1741067855773;3403
0;1741067855928;3404
9;1741067865512;3404
9;1741067869874;3405
9;1741067870162;3406
0;1741067870614;3405
0;1741067871863;3406
9;1741067872134;3407
0;1741067876492;3407
9;1741067877361;3408
0;1741067878733;3408
0;1741067879089;3409
9;1741067881208;3409
0;1741067884843;3410
9;1741067885008;3410
0;1741067890988;3411
9;1741067892779;3411
9;1741067900490;3412
0;1741067901593;3412
0;1741067902557;3413
9;1741067903146;3413
0;1741067904467;3414
9;1741067911832;3414
9;1741067914614;3415
9;1741067915882;3416
9;1741067920556;3417
9;1741067926205;3418
9;1741067926740;3419
0;1741067926901;3415
0;1741067928934;3416
0;1741067929579;3417
0;1741067929635;3418
0;1741067932253;3419
0;1741067941503;3420
0;1741067941757;3421
9;1741067942040;3420
9;1741067942214;3421
9;1741067945380;3422
9;1741067946802;3423
0;1741067947173;3422
9;1741067949893;3424
0;1741067951013;3423
0;1741067952301;3424
9;1741067957871;3425
0;1741067958885;3425
0;1741067967019;3426
9;1741067968498;3426
0;1741067971904;3427
0;1741067982298;3428
9;1741067984795;3427
0;1741067984982;3429
9;1741067990584;3428
0;1741067990866;3430
9;1741067991270;3429
9;1741067993957;3430
9;1741067998129;3431
0;1741068001995;3431
0;1741068003974;3432
9;1741068004119;3432
9;1741068005302;3433
0;1741068007193;3433
9;1741068010219;3434
0;1741068015063;3434
0;1741068016984;3435
9;1741068017583;3435
9;1741068020170;3436
0;1741068020543;3436
9;1741068023187;3437
0;1741068023694;3437
0;1741068024241;3438
9;1741068026805;3438
9;1741068026988;3439
0;1741068029246;3439
0;1741068035982;3440
0;1741068041181;3441
9;1741068045795;3440
9;1741068047608;3441
9;1741068051114;3442
9;1741068051921;3443
0;1741068052519;3442
0;1741068056947;3443
0;1741068057648;3444
9;1741068059308;3444
0;1741068062745;3445
9;1741068063849;3445
0;1741068069638;3446
0;1741068071028;3447
0;1741068072428;3448
9;1741068077839;3446
9;1741068078914;3447
9;1741068081362;3448
0;1741068082430;3449
9;1741068083963;3449
9;1741068088758;3450
9;1741068091566;3451
0;1741068097490;3450
0;1741068099583;3451
9;1741068101651;3452
9;1741068108573;3453
0;1741068113985;3452
0;1741068114954;3453
0;1741068115281;3454
9;1741068118449;3454
0;1741068118777;3455
0;1741068120442;3456
0;1741068123156;3457
9;1741068123461;3455
9;1741068127144;3456
9;1741068128655;3457
0;1741068128777;3458
9;1741068130364;3458
0;1741068130555;3459
9;1741068133719;3459
0;1741068140017;3460
9;1741068144555;3460
0;1741068144688;3461
0;1741068152182;3462
0;1741068155974;3463
9;1741068157103;3461
9;1741068158809;3462
9;1741068161359;3463
0;1741068161783;3464
9;1741068161793;3464
9;1741068164883;3465
0;1741068165029;3465
0;1741068173080;3466
9;1741068178037;3466
9;1741068179561;3467
0;1741068179725;3467
9;1741068180775;3468
0;1741068186535;3468
9;1741068187005;3469
0;1741068189379;3469
9;1741068193574;3470
9;1741068195211;3471
0;1741068196569;3470
0;1741068197806;3471
0;1741068200511;3472
9;1741068201239;3472
9;1741068202112;3473
0;1741068203808;3473
9;1741068208106;3474
0;1741068212546;3474
0;1741068213258;3475
9;1741068213976;3475
0;1741068214634;3476
0;1741068225447;3477
9;1741068226437;3476
0;1741068230767;3478
9;1741068233986;3477
9;1741068235272;3478
0;1741068235567;3479
9;1741068236136;3479
9;1741068238688;3480
0;1741068241907;3480
0;1741068245048;3481
9;1741068245274;3481
0;1741068252816;3482
0;1741068254481;3483
9;1741068257289;3482
9;1741068259295;3483
0;1741068259489;3484
9;1741068260021;3484
0;1741068265953;3485
0;1741068270783;3486
0;1741068272751;3487
0;1741068272838;3488
9;1741068274578;3485
9;1741068275113;3486
0;1741068276811;3489
9;1741068289399;3487
9;1741068289442;3488
9;1741068290354;3489
9;1741068293711;3490
0;1741068296568;3490
0;1741068299093;3491
9;1741068303588;3491
0;1741068305189;3492
0;1741068308552;3493
0;1741068308964;3494
9;1741068309117;3492
0;1741068309447;3495
9;1741068313277;3493
9;1741068314430;3494
0;1741068318273;3496
9;1741068319928;3495
0;1741068323624;3497
9;1741068323930;3496
0;1741068327141;3498
9;1741068327639;3497
9;1741068330854;3498
0;1741068332103;3499
9;1741068336045;3499
0;1741068336957;3500
0;1741068338618;3501
9;1741068341260;3500
0;1741068346076;3502
0;1741068346731;3503
0;1741068347926;3504
9;1741068354676;3501
9;1741068355982;3502
9;1741068356992;3503
0;1741068357802;3505
0;1741068359995;3506
0;1741068360579;3507
9;1741068362000;3504
9;1741068363720;3505
9;1741068368944;3506
0;1741068370146;3508
9;1741068375888;3507
9;1741068376177;3508
9;1741068387169;3509
0;1741068389902;3509
9;1741068389915;3510
0;1741068396669;3510
0;1741068400277;3511
9;1741068407670;3511
9;1741068409214;3512
9;1741068410104;3513
9;1741068411832;3514
0;1741068412142;3512
0;1741068413424;3513
0;1741068414325;3514
0;1741068416505;3515
0;1741068417422;3516
9;1741068418472;3515
0;1741068421242;3517
9;1741068422170;3516
9;1741068422304;3517
0;1741068426820;3518
0;1741068433474;3519
9;1741068435494;3518
9;1741068435923;3519
9;1741068441114;3520
9;1741068441868;3521
0;1741068442177;3520
0;1741068444747;3521
9;1741068449489;3522
9;1741068450285;3523
9;1741068451246;3524
0;1741068458890;3522
9;1741068463099;3525
0;1741068467008;3523
0;1741068467928;3524
0;1741068467973;3525
0;1741068472722;3526
9;1741068474118;3526
0;1741068475096;3527
0;1741068478714;3528
9;1741068483183;3527
0;1741068483537;3529
9;1741068484888;3528
9;1741068486050;3529
0;1741068493258;3530
0;1741068493856;3531
9;1741068495928;3530
9;1741068497850;3531
0;1741068498209;3532
0;1741068500601;3533
9;1741068503821;3532
9;1741068509423;3533
9;1741068511575;3534
9;1741068513789;3535
0;1741068514542;3534
9;1741068521827;3536
9;1741068524512;3537
0;1741068524745;3535
9;1741068525792;3538
0;1741068527036;3536
0;1741068527654;3537
0;1741068529528;3538
0;1741068530370;3539
9;1741068531694;3539
0;1741068541544;3540
0;1741068542957;3541
9;1741068544180;3540
0;1741068545023;3542
9;1741068547329;3541
0;1741068547692;3543
9;1741068548718;3542
9;1741068553060;3543
9;1741068557487;3544
0;1741068561615;3544
9;1741068562174;3545
9;1741068564295;3546
0;1741068567617;3545
0;1741068569263;3546
0;1741068569399;3547
9;1741068579531;3547
9;1741068582226;3548
0;1741068583292;3548
9;1741068584188;3549
0;1741068585583;3549
9;1741068588532;3550
0;1741068590304;3550
0;1741068595942;3551
9;1741068597630;3551
0;1741068599406;3552
0;1741068603365;3553
9;1741068604116;3552
9;1741068610984;3553
9;1741068611279;3554
0;1741068612488;3554
0;1741068614529;3555
0;1741068615695;3556
0;1741068615874;3557
9;1741068620471;3555
9;1741068621424;3556
9;1741068626978;3557
0;1741068628498;3558
9;1741068628554;3558
9;1741068634345;3559
0;1741068635110;3559
0;1741068642414;3560
0;1741068647222;3561
0;1741068647337;3562
9;1741068647611;3560
9;1741068654055;3561
9;1741068655897;3562
0;1741068659812;3563
0;1741068660305;3564
0;1741068662067;3565
9;1741068663542;3563
9;1741068664225;3564
9;1741068666597;3565
0;1741068667398;3566
0;1741068667629;3567
9;1741068668403;3566
9;1741068668864;3567
0;1741068678268;3568
9;1741068680082;3568
9;1741068689520;3569
0;1741068690875;3569
0;1741068691354;3570
9;1741068692860;3570
9;1741068693285;3571
0;1741068693993;3571
0;1741068696881;3572
9;1741068698027;3572
9;1741068705779;3573
0;1741068707270;3573
0;1741068707468;3574
9;1741068707573;3574
9;1741068709884;3575
9;1741068715637;3576
9;1741068720477;3577
0;1741068722930;3575
0;1741068726711;3576
0;1741068728314;3577
0;1741068730751;3578
9;1741068731052;3578
0;1741068735127;3579
9;1741068735170;3579
9;1741068743382;3580
0;1741068748572;3580
9;1741068749732;3581
9;1741068757842;3582
0;1741068758077;3581
0;1741068758435;3582
9;1741068761863;3583
0;1741068763624;3583
0;1741068764254;3584
9;1741068764485;3584
9;1741068765689;3585
0;1741068768213;3585
0;1741068771112;3586
0;1741068773149;3587
9;1741068773354;3586
0;1741068775215;3588
9;1741068775494;3587
9;1741068776615;3588
0;1741068783165;3589
9;1741068785800;3589
0;1741068786749;3590
0;1741068789166;3591
9;1741068790253;3590
0;1741068791633;3592
9;1741068793399;3591
9;1741068793657;3592
0;1741068796472;3593
9;1741068815295;3593
9;1741068816703;3594
9;1741068817030;3595
0;1741068818037;3594
0;1741068819726;3595
0;1741068823949;3596
9;1741068824427;3596
9;1741068827253;3597
9;1741068830066;3598
0;1741068830742;3597
0;1741068832000;3598
9;1741068833860;3599
9;1741068836078;3600
0;1741068838786;3599
0;1741068840260;3600
9;1741068840542;3601
0;1741068842978;3601
0;1741068845109;3602
9;1741068849146;3602
9;1741068850915;3603
9;1741068855809;3604
0;1741068861636;3603
0;1741068866624;3604
0;1741068869613;3605
0;1741068870785;3606
9;1741068871069;3605
0;1741068873205;3607
9;1741068874959;3606
0;1741068875358;3608
9;1741068875416;3607
0;1741068877214;3609
9;1741068879738;3608
9;1741068883312;3609
9;1741068883568;3610
0;1741068888568;3610
9;1741068891995;3611
0;1741068897482;3611
9;1741068900164;3612
9;1741068900769;3613
0;1741068903587;3612
0;1741068909851;3613
9;1741068909909;3614
9;1741068910689;3615
0;1741068911166;3614
0;1741068912165;3615
0;1741068912337;3616
9;1741068915080;3616
0;1741068918547;3617
0;1741068918557;3618
9;1741068920707;3617
9;1741068927889;3618
0;1741068934895;3619
0;1741068936486;3620
9;1741068939905;3619
9;1741068941576;3620
0;1741068949449;3621
0;1741068952802;3622
0;1741068953041;3623
9;1741068953337;3621
9;1741068953904;3622
0;1741068954799;3624
9;1741068958542;3623
0;1741068960109;3625
9;1741068961401;3624
0;1741068969291;3626
9;1741068972724;3625
0;1741068974518;3627
9;1741068974531;3626
9;1741068978580;3627
9;1741068980766;3628
0;1741068985154;3628
0;1741068985943;3629
9;1741068986939;3629
0;1741068990384;3630
9;1741068990913;3630
0;1741068991896;3631
9;1741068992536;3631
0;1741068993325;3632
9;1741068994339;3632
9;1741068997277;3633
9;1741069003879;3634
0;1741069007296;3633
9;1741069013275;3635
0;1741069017877;3634
0;1741069020866;3635
9;1741069021955;3636
9;1741069025689;3637
9;1741069029772;3638
0;1741069031036;3636
0;1741069033067;3637
9;1741069033083;3639
9;1741069037935;3640
0;1741069039657;3638
0;1741069041890;3639
0;1741069045719;3640
0;1741069050853;3641
9;1741069050937;3641
0;1741069052109;3642
9;1741069056752;3642
9;1741069058279;3643
0;1741069058682;3643
9;1741069058820;3644
9;1741069060816;3645
0;1741069066553;3644
9;1741069069616;3646
0;1741069071966;3645
0;1741069072504;3646
0;1741069073312;3647
0;1741069073679;3648
9;1741069077825;3647
9;1741069079892;3648
0;1741069083364;3649
9;1741069086150;3649
0;1741069087399;3650
9;1741069088047;3650
0;1741069090382;3651
9;1741069090662;3651
0;1741069097998;3652
0;1741069101587;3653
9;1741069102310;3652
9;1741069103097;3653
9;1741069107224;3654
9;1741069109340;3655
0;1741069112757;3654
9;1741069119972;3656
0;1741069122925;3655
0;1741069124220;3656
0;1741069124374;3657
9;1741069130132;3657
9;1741069130158;3658
9;1741069131582;3659
0;1741069133208;3658
9;1741069134547;3660
0;1741069138120;3659
0;1741069139575;3660
9;1741069141370;3661
0;1741069142540;3661
9;1741069146243;3662
9;1741069146535;3663
0;1741069147252;3662
9;1741069149209;3664
0;1741069149666;3663
0;1741069150028;3664
0;1741069156234;3665
9;1741069157504;3665
0;1741069160330;3666
9;1741069162660;3666
0;1741069178859;3667
9;1741069179378;3667
0;1741069182438;3668
9;1741069183872;3668
0;1741069184134;3669
0;1741069188558;3670
9;1741069189896;3669
9;1741069192725;3670
0;1741069193540;3671
9;1741069198807;3671
9;1741069200875;3672
0;1741069202140;3672
9;1741069205285;3673
0;1741069205482;3673
9;1741069206646;3674
0;1741069208786;3674
9;1741069210765;3675
9;1741069212923;3676
0;1741069214509;3675
0;1741069219342;3676
9;1741069222440;3677
0;1741069225165;3677
0;1741069226964;3678
0;1741069227202;3679
9;1741069228629;3678
9;1741069231744;3679
0;1741069242319;3680
9;1741069247487;3680
0;1741069248732;3681
9;1741069248754;3681
0;1741069250883;3682
0;1741069258864;3683
9;1741069259533;3682
9;1741069260627;3683
9;1741069260849;3684
0;1741069262176;3684
0;1741069262939;3685
9;1741069264794;3685
0;1741069267691;3686
0;1741069270053;3687
0;1741069271984;3688
9;1741069277198;3686
9;1741069278993;3687
0;1741069279616;3689
9;1741069280942;3688
0;1741069284774;3690
9;1741069285281;3689
9;1741069289028;3690
9;1741069291386;3691
0;1741069297102;3691
0;1741069300868;3692
9;1741069303714;3692
9;1741069309298;3693
0;1741069313582;3693
0;1741069315415;3694
9;1741069316477;3694
0;1741069317249;3695
9;1741069317506;3695
0;1741069317519;3696
9;1741069325565;3696
0;1741069325791;3697
9;1741069326244;3697
0;1741069327555;3698
9;1741069330942;3698
0;1741069331966;3699
0;1741069332391;3700
9;1741069335381;3699
9;1741069344684;3700
9;1741069345352;3701
0;1741069348746;3701
0;1741069350305;3702
0;1741069353038;3703
9;1741069353626;3702
9;1741069361545;3703
0;1741069365751;3704
9;1741069365884;3704
0;1741069367530;3705
0;1741069370624;3706
9;1741069371309;3705
9;1741069371917;3706
0;1741069373280;3707
9;1741069374020;3707
9;1741069382506;3708
0;1741069383453;3708
0;1741069383931;3709
9;1741069384109;3709
9;1741069386477;3710
0;1741069387722;3710
9;1741069392404;3711
0;1741069401323;3711
9;1741069402621;3712
0;1741069403405;3712
0;1741069406278;3713
0;1741069406699;3714
9;1741069410761;3713
0;1741069411187;3715
9;1741069411974;3714
9;1741069412023;3715
0;1741069415765;3716
9;1741069418466;3716
9;1741069422164;3717
0;1741069428143;3717
9;1741069431663;3718
9;1741069432010;3719
0;1741069432435;3718
0;1741069437772;3719
9;1741069446352;3720
0;1741069447108;3720
0;1741069447501;3721
9;1741069447765;3721
0;1741069449383;3722
9;1741069449395;3722
9;1741069450676;3723
0;1741069450764;3723
0;1741069453218;3724
0;1741069454759;3725
9;1741069455485;3724
9;1741069456730;3725
9;1741069456925;3726
9;1741069461831;3727
0;1741069466469;3726
0;1741069466709;3727
0;1741069478515;3728
0;1741069482877;3729
9;1741069484130;3728
9;1741069484853;3729
0;1741069487068;3730
0;1741069491526;3731
0;1741069504922;3732
0;1741069505301;3733
9;1741069505416;3730
9;1741069507329;3731
0;1741069507739;3734
9;1741069510094;3732
0;1741069510830;3735
9;1741069510941;3733
9;1741069512448;3734
0;1741069514983;3736
9;1741069519323;3735
9;1741069519415;3736
9;1741069520156;3737
0;1741069520175;3737
9;1741069525042;3738
9;1741069529227;3739
9;1741069530776;3740
0;1741069530841;3738
0;1741069531730;3739
9;1741069534728;3741
0;1741069540754;3740
0;1741069543214;3741
0;1741069552381;3742
0;1741069553178;3743
0;1741069555729;3744
0;1741069555858;3745
0;1741069556119;3746
9;1741069557217;3742
9;1741069558843;3743
9;1741069559147;3744
9;1741069564463;3745
0;1741069571260;3747
9;1741069573938;3746
0;1741069578770;3748
9;1741069578802;3747
0;1741069582460;3749
9;1741069582952;3748
0;1741069583115;3750
9;1741069591482;3749
9;1741069598386;3750
9;1741069599144;3751
9;1741069600995;3752
9;1741069601446;3753
9;1741069602247;3754
0;1741069607399;3751
0;1741069607781;3752
0;1741069611327;3753
0;1741069612890;3754
0;1741069616687;3755
9;1741069618907;3755
9;1741069620918;3756
0;1741069625644;3756
0;1741069630064;3757
0;1741069634883;3758
9;1741069637746;3757
9;1741069638306;3758
9;1741069638572;3759
0;1741069641618;3759
9;1741069642063;3760
0;1741069643386;3760
9;1741069643994;3761
9;1741069645228;3762
0;1741069647887;3761
9;1741069650110;3763
0;1741069655721;3762
9;1741069657298;3764
0;1741069663826;3763
0;1741069664207;3764
0;1741069665924;3765
0;1741069667094;3766
9;1741069670222;3765
9;1741069670806;3766
9;1741069671774;3767
9;1741069675800;3768
0;1741069679561;3767
9;1741069680274;3769
9;1741069682886;3770
0;1741069683971;3768
9;1741069684846;3771
0;1741069687084;3769
0;1741069690614;3770
0;1741069692120;3771
9;1741069695852;3772
0;1741069699945;3772
0;1741069702957;3773
9;1741069705565;3773
0;1741069706499;3774
9;1741069706891;3774
0;1741069716044;3775
0;1741069718136;3776
9;1741069718191;3775
9;1741069723506;3776
0;1741069726278;3777
0;1741069726995;3778
9;1741069727559;3777
9;1741069728873;3778
9;1741069733320;3779
9;1741069733488;3780
0;1741069737911;3779
0;1741069739960;3780
0;1741069740278;3781
9;1741069741606;3781
9;1741069742396;3782
0;1741069745657;3782
0;1741069751185;3783
9;1741069754821;3783
9;1741069758062;3784
0;1741069758299;3784
9;1741069758600;3785
0;1741069758945;3785
9;1741069763382;3786
9;1741069767540;3787
0;1741069772226;3786
0;1741069774941;3787
0;1741069780078;3788
9;1741069783092;3788
9;1741069792672;3789
9;1741069794710;3790
0;1741069796894;3789
0;1741069798510;3790
0;1741069800381;3791
9;1741069800800;3791
0;1741069802118;3792
9;1741069802156;3792
0;1741069802834;3793
9;1741069803803;3793
9;1741069808118;3794
0;1741069809633;3794
0;1741069810145;3795
9;1741069813885;3795
0;1741069815860;3796
0;1741069816048;3797
0;1741069817939;3798
9;1741069824532;3796
9;1741069827217;3797
9;1741069828209;3798
0;1741069836801;3799
9;1741069838296;3799
0;1741069839409;3800
9;1741069839889;3800
9;1741069842288;3801
9;1741069847009;3802
9;1741069849972;3803
0;1741069851894;3801
0;1741069855196;3802
9;1741069856323;3804
0;1741069858042;3803
9;1741069863477;3805
9;1741069864973;3806
9;1741069867444;3807
0;1741069869915;3804
0;1741069872817;3805
9;1741069872841;3808
9;1741069873630;3809
0;1741069876960;3806
0;1741069879033;3807
0;1741069880478;3808
0;1741069882404;3809
9;1741069888382;3810
0;1741069888881;3810
9;1741069889496;3811
0;1741069892346;3811
9;1741069892357;3812
0;1741069892855;3812
0;1741069901858;3813
9;1741069906044;3813
0;1741069907299;3814
9;1741069914034;3814
0;1741069914862;3815
0;1741069915735;3816
9;1741069916305;3815
9;1741069916816;3816
9;1741069920454;3817
9;1741069925928;3818
0;1741069926014;3817
0;1741069930221;3818
0;1741069931075;3819
0;1741069932719;3820
9;1741069935472;3819
0;1741069936815;3821
0;1741069936882;3822
9;1741069937754;3820
9;1741069941735;3821
9;1741069942153;3822
0;1741069949930;3823
9;1741069952280;3823
0;1741069960920;3824
0;1741069961256;3825
9;1741069962231;3824
9;1741069967279;3825
9;1741069972514;3826
0;1741069974631;3826
0;1741069975086;3827
9;1741069975883;3827
0;1741069977951;3828
0;1741069980390;3829
9;1741069984401;3828
9;1741069990578;3829
0;1741069991624;3830
9;1741069991659;3830
0;1741069991978;3831
9;1741069992381;3831
0;1741069999807;3832
9;1741070001057;3832
9;1741070007793;3833
9;1741070008171;3834
0;1741070010338;3833
0;1741070015591;3834
9;1741070017270;3835
9;1741070018718;3836
0;1741070018861;3835
0;1741070020798;3836
9;1741070022807;3837
9;1741070023311;3838
0;1741070027199;3837
0;1741070028837;3838
9;1741070032001;3839
0;1741070032691;3839
9;1741070042071;3840
9;1741070043790;3841
0;1741070044179;3840
0;1741070047245;3841
0;1741070048217;3842
9;1741070050665;3842
0;1741070053900;3843
9;1741070054263;3843
0;1741070057741;3844
0;1741070061358;3845
9;1741070066244;3844
0;1741070068545;3846
9;1741070068562;3845
9;1741070068913;3846
9;1741070071911;3847
9;1741070080126;3848
0;1741070083014;3847
0;1741070085559;3848
9;1741070090694;3849
9;1741070092404;3850
0;1741070092934;3849
0;1741070094167;3850
9;1741070094182;3851
9;1741070097350;3852
0;1741070098466;3851
9;1741070102241;3853
0;1741070102256;3852
9;1741070103155;3854
0;1741070103262;3853
9;1741070103384;3855
0;1741070105386;3854
0;1741070109064;3855
0;1741070118650;3856
9;1741070122596;3856
9;1741070125960;3857
9;1741070126515;3858
0;1741070133231;3857
9;1741070137859;3859
0;1741070140169;3858
0;1741070140525;3859
0;1741070142393;3860
9;1741070143104;3860
0;1741070149534;3861
9;1741070150269;3861
0;1741070150859;3862
9;1741070156943;3862
0;1741070161447;3863
9;1741070162713;3863
0;1741070163487;3864
9;1741070163864;3864
0;1741070166256;3865
0;1741070168599;3866
9;1741070173624;3865
9;1741070173772;3866
9;1741070173799;3867
0;1741070174118;3867
0;1741070175200;3868
9;1741070184970;3868
0;1741070186380;3869
0;1741070188288;3870
9;1741070192122;3869
9;1741070195960;3870
0;1741070196925;3871
0;1741070205229;3872
9;1741070205690;3871
0;1741070208391;3873
0;1741070208665;3874
9;1741070208997;3872
9;1741070209391;3873
0;1741070211061;3875
9;1741070217333;3874
9;1741070222905;3875
0;1741070223649;3876
0;1741070223918;3877
0;1741070225028;3878
9;1741070225282;3876
9;1741070225392;3877
9;1741070229835;3878
0;1741070230782;3879
0;1741070231222;3880
9;1741070234325;3879
9;1741070238032;3880
9;1741070238044;3881
0;1741070244725;3881
9;1741070245944;3882
0;1741070251615;3882
9;1741070254777;3883
0;1741070259258;3883
9;1741070260578;3884
9;1741070265522;3885
0;1741070265585;3884
0;1741070267217;3885
9;1741070267452;3886
0;1741070271111;3886
0;1741070272979;3887
0;1741070278847;3888
9;1741070279990;3887
9;1741070287038;3888
9;1741070288438;3889
0;1741070289118;3889
9;1741070294843;3890
0;1741070295218;3890
0;1741070298029;3891
0;1741070300243;3892
9;1741070300747;3891
9;1741070303554;3892
9;1741070304276;3893
0;1741070306407;3893
0;1741070306482;3894
9;1741070308719;3894
0;1741070309870;3895
0;1741070314506;3896
0;1741070317523;3897
9;1741070320454;3895
0;1741070325468;3898
9;1741070326638;3896
9;1741070330927;3897
9;1741070331389;3898
9;1741070334160;3899
0;1741070336468;3899
0;1741070337358;3900
9;1741070339805;3900
9;1741070342350;3901
9;1741070343023;3902
0;1741070345565;3901
9;1741070355747;3903
9;1741070356949;3904
0;1741070358332;3902
9;1741070360655;3905
0;1741070361656;3903
0;1741070362279;3904
9;1741070364077;3906
9;1741070366115;3907
9;1741070371367;3908
0;1741070373612;3905
9;1741070375265;3909
0;1741070377545;3906
0;1741070378895;3907
0;1741070382682;3908
0;1741070383754;3909
0;1741070391841;3910
9;1741070392939;3910
9;1741070393305;3911
9;1741070397536;3912
0;1741070398807;3911
0;1741070400500;3912
9;1741070402336;3913
9;1741070404934;3914
0;1741070405370;3913
0;1741070409855;3914
0;1741070414303;3915
0;1741070418805;3916
0;1741070420336;3917
9;1741070420517;3915
0;1741070422788;3918
0;1741070424508;3919
9;1741070426158;3916
0;1741070430273;3920
9;1741070432128;3917
9;1741070434015;3918
0;1741070439051;3921
9;1741070442581;3919
9;1741070444919;3920
9;1741070445809;3921
0;1741070452523;3922
9;1741070455082;3922
9;1741070460318;3923
9;1741070460982;3924
0;1741070461378;3923
0;1741070461813;3924
9;1741070464648;3925
0;1741070465618;3925
9;1741070475194;3926
9;1741070478586;3927
0;1741070479016;3926
0;1741070479325;3927
0;1741070480977;3928
9;1741070482921;3928
9;1741070484123;3929
9;1741070489307;3930
0;1741070495844;3929
9;1741070497558;3931
0;1741070500796;3930
0;1741070500875;3931
0;1741070504046;3932
0;1741070504582;3933
9;1741070504589;3932
0;1741070506758;3934
9;1741070507903;3933
0;1741070508652;3935
9;1741070510686;3934
9;1741070514003;3935
9;1741070519037;3936
0;1741070522070;3936
0;1741070527063;3937
9;1741070528718;3937
9;1741070530885;3938
0;1741070531717;3938
9;1741070536451;3939
9;1741070537261;3940
0;1741070537397;3939
0;1741070538426;3940
0;1741070547733;3941
9;1741070549648;3941
9;1741070553900;3942
0;1741070554201;3942
0;1741070554219;3943
9;1741070556746;3943
9;1741070564246;3944
0;1741070565925;3944
0;1741070569052;3945
9;1741070571062;3945
9;1741070572517;3946
9;1741070578386;3947
0;1741070578588;3946
9;1741070580414;3948
9;1741070584313;3949
0;1741070586278;3947
0;1741070587868;3948
9;1741070589264;3950
9;1741070590463;3951
0;1741070592630;3949
0;1741070594295;3950
0;1741070600818;3951
0;1741070602642;3952
9;1741070604099;3952
0;1741070610121;3953
0;1741070611026;3954
0;1741070613174;3955
9;1741070614100;3953
9;1741070615052;3954
0;1741070618126;3956
9;1741070618178;3955
9;1741070619675;3956
0;1741070619939;3957
9;1741070627080;3957
9;1741070628398;3958
0;1741070630042;3958
9;1741070630202;3959
9;1741070633789;3960
0;1741070636124;3959
0;1741070637425;3960
0;1741070642033;3961
0;1741070644304;3962
9;1741070647939;3961
9;1741070649945;3962
9;1741070656323;3963
0;1741070660022;3963
9;1741070668013;3964
9;1741070668050;3965
9;1741070668138;3966
0;1741070668887;3964
0;1741070673484;3965
0;1741070674742;3966
0;1741070675596;3967
0;1741070678887;3968
9;1741070679130;3967
9;1741070680281;3968
9;1741070683100;3969
9;1741070684918;3970
9;1741070687425;3971
0;1741070687492;3969
0;1741070691092;3970
9;1741070694868;3972
0;1741070695048;3971
0;1741070701513;3972
0;1741070701787;3973
0;1741070702640;3974
9;1741070705765;3973
9;1741070709072;3974
9;1741070711894;3975
9;1741070716304;3976
0;1741070719783;3975
0;1741070720750;3976
0;1741070722762;3977
9;1741070722976;3977
9;1741070723228;3978
0;1741070724679;3978
0;1741070725952;3979
9;1741070729202;3979
9;1741070731267;3980
0;1741070732058;3980
9;1741070732287;3981
9;1741070741305;3982
0;1741070746309;3981
9;1741070750690;3983
0;1741070752846;3982
9;1741070758622;3984
0;1741070760645;3983
0;1741070762947;3984
0;1741070765163;3985
0;1741070765203;3986
9;1741070774825;3985
0;1741070776287;3987
0;1741070776811;3988
9;1741070777226;3986
9;1741070780535;3987
9;1741070782478;3988
9;1741070786461;3989
9;1741070789449;3990
0;1741070789498;3989
9;1741070789772;3991
0;1741070794537;3990
9;1741070796017;3992
9;1741070797115;3993
0;1741070799471;3991
0;1741070799552;3992
0;1741070801934;3993
0;1741070805025;3994
9;1741070814697;3994
9;1741070817156;3995
0;1741070818289;3995
0;1741070819361;3996
9;1741070823151;3996
0;1741070830028;3997
0;1741070831819;3998
9;1741070832656;3997
9;1741070836610;3998
0;1741070838133;3999
9;1741070839081;3999
0;1741070839222;4000
0;1741070842306;4001
9;1741070842370;4000
0;1741070846327;4002
9;1741070846991;4001
0;1741070848175;4003
9;1741070848281;4002
9;1741070854841;4003
0;1741070856191;4004
0;1741070858149;4005
0;1741070861222;4006
0;1741070862935;4007
9;1741070863307;4004
9;1741070870490;4005
9;1741070874812;4006
9;1741070874828;4007
0;1741070875059;4008
0;1741070878825;4009
0;1741070880951;4010
9;1741070885584;4008
9;1741070885840;4009
9;1741070888075;4010
9;1741070888399;4011
0;1741070890504;4011
9;1741070891066;4012
0;1741070892068;4012
9;1741070900499;4013
9;1741070910992;4014
0;1741070911809;4013
0;1741070913342;4014
9;1741070917732;4015
9;1741070920060;4016
9;1741070922782;4017
0;1741070924109;4015
0;1741070929936;4016
0;1741070932997;4017
0;1741070933113;4018
9;1741070935039;4018
9;1741070935581;4019
9;1741070936986;4020
0;1741070939976;4019
0;1741070940729;4020
9;1741070945335;4021
9;1741070945658;4022
0;1741070946257;4021
9;1741070949003;4023
9;1741070950105;4024
9;1741070957916;4025
0;1741070962161;4022
9;1741070963675;4026
0;1741070965308;4023
0;1741070967682;4024
0;1741070968322;4025
0;1741070969459;4026
0;1741070969658;4027
0;1741070981885;4028
9;1741070984117;4027
9;1741070988130;4028
9;1741070988260;4029
9;1741070989666;4030
0;1741070992369;4029
9;1741070994364;4031
0;1741070995211;4030
0;1741070996132;4031
0;1741070996371;4032
9;1741071005233;4032
0;1741071008701;4033
9;1741071011517;4033
9;1741071012438;4034
9;1741071015269;4035
0;1741071016378;4034
9;1741071018614;4036
0;1741071018979;4035
9;1741071021900;4037
0;1741071026396;4036
0;1741071026708;4037
9;1741071027558;4038
0;1741071028798;4038
0;1741071029706;4039
9;1741071036142;4039
9;1741071036881;4040
0;1741071037935;4040
0;1741071042036;4041
9;1741071050703;4041
0;1741071052914;4042
0;1741071055193;4043
9;1741071059835;4042
9;1741071060780;4043
0;1741071062895;4044
9;1741071066818;4044
0;1741071067033;4045
9;1741071067363;4045
9;1741071071508;4046
0;1741071074754;4046
0;1741071075828;4047
9;1741071076181;4047
0;1741071079087;4048
0;1741071080260;4049
9;1741071082217;4048
0;1741071083003;4050
9;1741071086208;4049
0;1741071089407;4051
0;1741071090760;4052
9;1741071096132;4050
9;1741071102701;4051
9;1741071106264;4052
9;1741071107558;4053
0;1741071110980;4053
9;1741071111392;4054
0;1741071112077;4054
9;1741071113098;4055
0;1741071120561;4055
0;1741071123910;4056
0;1741071126280;4057
9;1741071127296;4056
9;1741071130092;4057
9;1741071130867;4058
0;1741071131540;4058
0;1741071133786;4059
0;1741071135362;4060
0;1741071137465;4061
9;1741071143138;4059
9;1741071145123;4060
9;1741071147934;4061
0;1741071150132;4062
9;1741071152042;4062
9;1741071155127;4063
9;1741071160327;4064
0;1741071160539;4063
0;1741071163010;4064
9;1741071163187;4065
0;1741071163643;4065
9;1741071165432;4066
9;1741071166311;4067
0;1741071172462;4066
0;1741071175655;4067
0;1741071178355;4068
9;1741071179388;4068
9;1741071182310;4069
9;1741071192299;4070
9;1741071192704;4071
9;1741071192717;4072
0;1741071197362;4069
0;1741071198572;4070
0;1741071198960;4071
0;1741071198999;4072
0;1741071203664;4073
9;1741071205322;4073
9;1741071210014;4074
9;1741071210237;4075
9;1741071210334;4076
0;1741071215762;4074
0;1741071216108;4075
0;1741071225328;4076
0;1741071226048;4077
9;1741071226695;4077
0;1741071227187;4078
0;1741071228274;4079
9;1741071228468;4078
9;1741071229987;4079
0;1741071241943;4080
9;1741071246072;4080
9;1741071249192;4081
0;1741071249639;4081
9;1741071250493;4082
9;1741071251058;4083
9;1741071253095;4084
9;1741071258166;4085
9;1741071258820;4086
0;1741071259560;4082
0;1741071259812;4083
0;1741071263146;4084
9;1741071265005;4087
9;1741071265253;4088
0;1741071271233;4085
0;1741071273673;4086
0;1741071281246;4087
0;1741071282465;4088
0;1741071285915;4089
0;1741071289848;4090
0;1741071290973;4091
9;1741071291061;4089
9;1741071292939;4090
9;1741071294308;4091
0;1741071297244;4092
9;1741071297259;4092
0;1741071297315;4093
9;1741071298071;4093
9;1741071303571;4094
0;1741071305573;4094
0;1741071315074;4095
9;1741071315213;4095
0;1741071316485;4096
9;1741071319673;4096
0;1741071320181;4097
9;1741071325801;4097
0;1741071329464;4098
0;1741071330703;4099
9;1741071334866;4098
0;1741071341786;4100
0;1741071343711;4101
9;1741071344357;4099
0;1741071344503;4102
0;1741071344928;4103
9;1741071345105;4100
0;1741071347403;4104
9;1741071348718;4101
9;1741071351235;4102
9;1741071354082;4103
9;1741071357825;4104
9;1741071363430;4105
0;1741071368993;4105
0;1741071372245;4106
9;1741071373087;4106
9;1741071373532;4107
0;1741071377062;4107
9;1741071379294;4108
0;1741071382310;4108
9;1741071388419;4109
9;1741071391114;4110
9;1741071393293;4111
9;1741071394835;4112
9;1741071395314;4113
0;1741071398386;4109
9;1741071402465;4114
0;1741071402691;4110
0;1741071405480;4111
0;1741071405852;4112
0;1741071405927;4113
9;1741071407457;4115
0;1741071414538;4114
0;1741071415201;4115
0;1741071416018;4116
9;1741071416347;4116
9;1741071419966;4117
9;1741071421025;4118
9;1741071425214;4119
0;1741071425839;4117
0;1741071430467;4118
9;1741071436525;4120
0;1741071438248;4119
9;1741071442208;4121
0;1741071443410;4120
0;1741071445068;4121
0;1741071445995;4122
9;1741071447328;4122
9;1741071453593;4123
9;1741071456106;4124
0;1741071462970;4123
0;1741071463445;4124
9;1741071463498;4125
0;1741071464605;4125
9;1741071464654;4126
0;1741071466678;4126
0;1741071466943;4127
0;1741071477347;4128
9;1741071477997;4127
9;1741071478850;4128
0;1741071482342;4129
9;1741071486185;4129
9;1741071486243;4130
0;1741071487594;4130
9;1741071489711;4131
0;1741071491912;4131
0;1741071493519;4132
0;1741071495719;4133
9;1741071504525;4132
9;1741071509729;4133
9;1741071510304;4134
9;1741071511114;4135
0;1741071516845;4134
9;1741071519312;4136
9;1741071523385;4137
0;1741071523581;4135
0;1741071526677;4136
0;1741071530546;4137
0;1741071530574;4138
0;1741071530710;4139
9;1741071532974;4138
0;1741071533944;4140
0;1741071534374;4141
9;1741071538169;4139
9;1741071539244;4140
0;1741071545179;4142
9;1741071550085;4141
0;1741071551183;4143
9;1741071551540;4142
9;1741071553568;4143
0;1741071553930;4144
9;1741071556410;4144
0;1741071560787;4145
9;1741071564223;4145
9;1741071567318;4146
9;1741071568178;4147
0;1741071575006;4146
9;1741071584126;4148
0;1741071587594;4147
0;1741071589595;4148
9;1741071590627;4149
9;1741071590729;4150
0;1741071591593;4149
0;1741071595171;4150
9;1741071595639;4151
0;1741071597615;4151
9;1741071599622;4152
0;1741071599973;4152
9;1741071602493;4153
0;1741071603956;4153
9;1741071611402;4154
0;1741071615570;4154
0;1741071615806;4155
9;1741071621613;4155
0;1741071622961;4156
9;1741071624349;4156
9;1741071625036;4157
9;1741071627865;4158
0;1741071631745;4157
9;1741071633124;4159
9;1741071637077;4160
0;1741071640335;4158
0;1741071640880;4159
0;1741071643076;4160
9;1741071643955;4161
0;1741071649906;4161
9;1741071657807;4162
0;1741071658853;4162
0;1741071659893;4163
0;1741071660053;4164
9;1741071662377;4163
9;1741071664329;4164
9;1741071669144;4165
0;1741071670278;4165
9;1741071672352;4166
9;1741071675551;4167
0;1741071675876;4166
0;1741071678583;4167
0;1741071679162;4168
9;1741071679553;4168
9;1741071680114;4169
0;1741071680705;4169
0;1741071686732;4170
9;1741071691594;4170
0;1741071693618;4171
9;1741071696120;4171
0;1741071699628;4172
0;1741071700583;4173
0;1741071701616;4174
9;1741071702457;4172
9;1741071703888;4173
9;1741071705160;4174
0;1741071714082;4175
9;1741071718080;4175
0;1741071718848;4176
9;1741071718896;4176
9;1741071722019;4177
9;1741071725969;4178
9;1741071728395;4179
0;1741071729702;4177
9;1741071734096;4180
0;1741071736090;4178
0;1741071740278;4179
0;1741071742244;4180
9;1741071742537;4181
0;1741071746687;4181
0;1741071748604;4182
9;1741071750123;4182
0;1741071752539;4183
0;1741071753501;4184
0;1741071755331;4185
0;1741071756439;4186
9;1741071762448;4183
9;1741071769489;4184
9;1741071773962;4185
9;1741071777073;4186
9;1741071780167;4187
0;1741071781940;4187
9;1741071785817;4188
0;1741071786017;4188
9;1741071787975;4189
9;1741071790793;4190
0;1741071793763;4189
0;1741071794454;4190
0;1741071794472;4191
9;1741071797189;4191
9;1741071797728;4192
0;1741071798740;4192
9;1741071807590;4193
9;1741071807948;4194
9;1741071811859;4195
0;1741071814636;4193
9;1741071815350;4196
9;1741071818507;4197
0;1741071819960;4194
0;1741071822487;4195
0;1741071824893;4196
0;1741071825458;4197
0;1741071828773;4198
0;1741071830391;4199
9;1741071835269;4198
9;1741071836047;4199
9;1741071838532;4200
0;1741071841689;4200
9;1741071843910;4201
0;1741071847630;4201
0;1741071847746;4202
9;1741071849392;4202
9;1741071850585;4203
0;1741071855490;4203
9;1741071861082;4204
9;1741071864108;4205
9;1741071866275;4206
9;1741071866948;4207
9;1741071867075;4208
0;1741071869847;4204
0;1741071870552;4205
0;1741071871715;4206
0;1741071873945;4207
0;1741071877045;4208
0;1741071888510;4209
0;1741071893705;4210
0;1741071898437;4211
9;1741071899282;4209
0;1741071900189;4212
9;1741071900432;4210
9;1741071900799;4211
9;1741071900909;4212
0;1741071901066;4213
9;1741071908488;4213
9;1741071910070;4214
9;1741071912666;4215
0;1741071914876;4214
0;1741071915456;4215
9;1741071920683;4216
0;1741071920845;4216
0;1741071921266;4217
0;1741071924055;4218
0;1741071925431;4219
9;1741071931176;4217
9;1741071938004;4218
9;1741071938950;4219
0;1741071939998;4220
9;1741071945817;4220
9;1741071946765;4221
9;1741071949471;4222
0;1741071949487;4221
0;1741071951972;4222
0;1741071953409;4223
9;1741071954604;4223
0;1741071956880;4224
9;1741071957261;4224
0;1741071958103;4225
9;1741071958125;4225
0;1741071964592;4226
9;1741071980764;4226
9;1741071982354;4227
0;1741071983161;4227
9;1741071985317;4228
0;1741071987163;4228
9;1741071992425;4229
9;1741071993244;4230
0;1741071994055;4229
0;1741071997022;4230
9;1741071998395;4231
9;1741071999037;4232
9;1741072000593;4233
9;1741072001194;4234
0;1741072001358;4231
0;1741072002740;4232
0;1741072002904;4233
0;1741072005132;4234
0;1741072008187;4235
0;1741072014424;4236
9;1741072018259;4235
0;1741072020137;4237
9;1741072020628;4236
9;1741072024205;4237
0;1741072027161;4238
9;1741072029564;4238
0;1741072030751;4239
9;1741072033828;4239
0;1741072036606;4240
9;1741072041141;4240
9;1741072047911;4241
9;1741072053323;4242
0;1741072053367;4241
9;1741072054369;4243
9;1741072054387;4244
0;1741072055911;4242
0;1741072058851;4243
0;1741072058861;4244
9;1741072066172;4245
9;1741072066608;4246
9;1741072067358;4247
9;1741072070020;4248
0;1741072072347;4245
0;1741072073000;4246
0;1741072073200;4247
9;1741072074503;4249
0;1741072079225;4248
0;1741072084791;4249
0;1741072085738;4250
0;1741072089392;4251
9;1741072090986;4250
0;1741072092988;4252
9;1741072096363;4251
9;1741072096886;4252
0;1741072106872;4253
9;1741072107373;4253
0;1741072108065;4254
9;1741072108089;4254
9;1741072113923;4255
0;1741072114961;4255
9;1741072115605;4256
0;1741072120030;4256
9;1741072120110;4257
0;1741072120816;4257
9;1741072123724;4258
0;1741072124042;4258
0;1741072130592;4259
0;1741072130765;4260
9;1741072134769;4259
9;1741072135990;4260
0;1741072143710;4261
9;1741072152363;4261
0;1741072153572;4262
9;1741072154803;4262
0;1741072156264;4263
9;1741072158678;4263
0;1741072161092;4264
0;1741072166836;4265
9;1741072168944;4264
9;1741072171558;4265
0;1741072173741;4266
9;1741072174526;4266
0;1741072180486;4267
0;1741072181942;4268
9;1741072182007;4267
0;1741072184697;4269
0;1741072184729;4270
9;1741072189237;4268
0;1741072189294;4271
9;1741072191909;4269
9;1741072193697;4270
9;1741072194211;4271
9;1741072196416;4272
0;1741072203575;4272
0;1741072204363;4273
9;1741072207781;4273
0;1741072209931;4274
0;1741072215192;4275
0;1741072216476;4276
9;1741072216728;4274
9;1741072220456;4275
9;1741072220468;4276
0;1741072224138;4277
0;1741072224679;4278
9;1741072225305;4277
0;1741072229911;4279
9;1741072237872;4278
9;1741072241814;4279
9;1741072242129;4280
0;1741072243776;4280
9;1741072243882;4281
0;1741072244547;4281
9;1741072246833;4282
9;1741072249490;4283
0;1741072251721;4282
0;1741072253239;4283
9;1741072257856;4284
0;1741072258236;4284
0;1741072258719;4285
0;1741072259263;4286
9;1741072260826;4285
0;1741072263307;4287
9;1741072265009;4286
0;1741072274201;4288
0;1741072276192;4289
9;1741072278816;4287
9;1741072282208;4288
9;1741072284842;4289
0;1741072286741;4290
0;1741072291067;4291
9;1741072292828;4290
9;1741072293240;4291
0;1741072298195;4292
9;1741072310038;4292
0;1741072311845;4293
9;1741072314331;4293
9;1741072314897;4294
0;1741072315465;4294
0;1741072320533;4295
9;1741072323455;4295
0;1741072327621;4296
9;1741072327729;4296
9;1741072327779;4297
9;1741072328116;4298
0;1741072337062;4297
9;1741072338116;4299
0;1741072338233;4298
0;1741072338497;4299
0;1741072343962;4300
9;1741072344422;4300
0;1741072345471;4301
9;1741072347700;4301
0;1741072351143;4302
0;1741072352650;4303
9;1741072354586;4302
0;1741072360565;4304
9;1741072364865;4303
9;1741072365011;4304
0;1741072365348;4305
0;1741072369990;4306
9;1741072372541;4305
9;1741072373990;4306
0;1741072377041;4307
9;1741072382010;4307
0;1741072383604;4308
9;1741072383963;4308
9;1741072388355;4309
9;1741072390937;4310
9;1741072391911;4311
0;1741072392735;4309
0;1741072397187;4310
9;1741072397767;4312
0;1741072397816;4311
0;1741072398733;4312
9;1741072399583;4313
9;1741072407289;4314
0;1741072410769;4313
9;1741072411979;4315
0;1741072414696;4314
9;1741072416517;4316
0;1741072419706;4315
9;1741072423404;4317
0;1741072428741;4316
9;1741072429148;4318
0;1741072432534;4317
0;1741072433051;4318
9;1741072434520;4319
9;1741072435190;4320
0;1741072435356;4319
9;1741072436274;4321
0;1741072440523;4320
9;1741072441306;4322
0;1741072442142;4321
0;1741072449660;4322
0;1741072449702;4323
9;1741072451089;4323
9;1741072455999;4324
0;1741072458130;4324
0;1741072461256;4325
9;1741072465805;4325
0;1741072468392;4326
9;1741072475978;4326
9;1741072476548;4327
0;1741072479254;4327
9;1741072479365;4328
9;1741072483060;4329
9;1741072484525;4330
0;1741072484893;4328
9;1741072485128;4331
0;1741072490161;4329
0;1741072491137;4330
0;1741072492643;4331
9;1741072496642;4332
0;1741072497600;4332
9;1741072507498;4333
0;1741072510907;4333
9;1741072511923;4334
0;1741072512464;4334
0;1741072512878;4335
0;1741072517166;4336
9;1741072517837;4335
0;1741072523775;4337
9;1741072527639;4336
9;1741072528480;4337
0;1741072531438;4338
9;1741072532425;4338
0;1741072532988;4339
9;1741072534309;4339
0;1741072536092;4340
9;1741072536701;4340
0;1741072541771;4341
9;1741072544462;4341
9;1741072545140;4342
9;1741072551026;4343
0;1741072551792;4342
0;1741072552184;4343
0;1741072557966;4344
9;1741072558064;4344
0;1741072560463;4345
9;1741072565057;4345
9;1741072568511;4346
9;1741072573074;4347
0;1741072574306;4346
0;1741072574852;4347
0;1741072585454;4348
0;1741072586103;4349
0;1741072586110;4350
9;1741072586641;4348
9;1741072590521;4349
9;1741072593160;4350
9;1741072593427;4351
0;1741072599238;4351
0;1741072600248;4352
0;1741072604963;4353
9;1741072606677;4352
9;1741072609919;4353
0;1741072610535;4354
9;1741072610942;4354
9;1741072611000;4355
9;1741072612515;4356
0;1741072614579;4355
9;1741072614697;4357
9;1741072616306;4358
0;1741072623082;4356
0;1741072624862;4357
9;1741072632256;4359
0;1741072634290;4358
0;1741072635118;4359
0;1741072637124;4360
0;1741072638798;4361
9;1741072646228;4360
9;1741072648169;4361
9;1741072654482;4362
0;1741072654644;4362
0;1741072656260;4363
9;1741072658736;4363
9;1741072660516;4364
0;1741072662180;4364
0;1741072666051;4365
0;1741072669967;4366
0;1741072670828;4367
0;1741072670913;4368
0;1741072674260;4369
9;1741072674387;4365
9;1741072677760;4366
9;1741072679210;4367
9;1741072683417;4368
9;1741072685109;4369
9;1741072690153;4370
9;1741072692355;4371
0;1741072693074;4370
0;1741072694724;4371
0;1741072696008;4372
0;1741072703847;4373
9;1741072705365;4372
9;1741072709418;4373
9;1741072710600;4374
9;1741072713274;4375
9;1741072716646;4376
0;1741072719608;4374
0;1741072720169;4375
9;1741072721715;4377
9;1741072725153;4378
9;1741072726351;4379
0;1741072726625;4376
0;1741072727181;4377
0;1741072730527;4378
0;1741072731278;4379
0;1741072731758;4380
0;1741072737222;4381
9;1741072743765;4380
9;1741072744542;4381
9;1741072746356;4382
9;1741072746460;4383
9;1741072748062;4384
0;1741072750598;4382
0;1741072755277;4383
9;1741072756677;4385
0;1741072768215;4384
0;1741072768404;4385
0;1741072774905;4386
9;1741072775147;4386
9;1741072776954;4387
9;1741072777815;4388
0;1741072780538;4387
9;1741072784493;4389
9;1741072787854;4390
0;1741072788919;4388
0;1741072790615;4389
0;1741072791964;4390
0;1741072795596;4391
9;1741072800958;4391
0;1741072801017;4392
9;1741072801730;4392
9;1741072802537;4393
9;1741072803364;4394
0;1741072813394;4393
9;1741072817427;4395
0;1741072819853;4394
9;1741072821435;4396
0;1741072821971;4395
0;1741072822511;4396
0;1741072828005;4397
9;1741072828696;4397
9;1741072830262;4398
0;1741072831824;4398
0;1741072833789;4399
0;1741072837842;4400
9;1741072838044;4399
0;1741072838748;4401
9;1741072839405;4400
0;1741072841633;4402
9;1741072846987;4401
9;1741072848098;4402
9;1741072853190;4403
0;1741072853310;4403
9;1741072857546;4404
9;1741072860713;4405
0;1741072861495;4404
0;1741072870317;4405
0;1741072875270;4406
9;1741072875823;4406
0;1741072876752;4407
0;1741072877553;4408
9;1741072879255;4407
9;1741072880760;4408
9;1741072881411;4409
0;1741072881566;4409
0;1741072884857;4410
9;1741072890411;4410
0;1741072893546;4411
9;1741072893941;4411
0;1741072902967;4412
9;1741072903449;4412
9;1741072904180;4413
9;1741072905716;4414
0;1741072906297;4413
0;1741072906681;4414
9;1741072906730;4415
9;1741072908120;4416
0;1741072916699;4415
0;1741072917253;4416
9;1741072921713;4417
9;1741072922143;4418
9;1741072925948;4419
0;1741072927687;4417
9;1741072931669;4420
0;1741072932095;4418
9;1741072939337;4421
0;1741072940789;4419
0;1741072947705;4420
0;1741072948382;4421
0;1741072949260;4422
9;1741072950857;4422
9;1741072951278;4423
0;1741072956963;4423
0;1741072956995;4424
9;1741072964963;4424
0;1741072966553;4425
9;1741072969015;4425
0;1741072971026;4426
0;1741072974874;4427
9;1741072975213;4426
9;1741072975516;4427
9;1741072982684;4428
0;1741072984994;4428
9;1741072985977;4429
9;1741072987942;4430
0;1741072992368;4429
0;1741072993137;4430
9;1741072996446;4431
0;1741072999861;4431
0;1741073003793;4432
0;1741073005951;4433
9;1741073011092;4432
9;1741073014609;4433
0;1741073014946;4434
9;1741073016381;4434
9;1741073018926;4435
0;1741073020235;4435
0;1741073021150;4436
0;1741073021952;4437
9;1741073025702;4436
9;1741073026380;4437
9;1741073027102;4438
9;1741073028051;4439
0;1741073032151;4438
9;1741073038864;4440
9;1741073041852;4441
9;1741073041915;4442
0;1741073045556;4439
0;1741073048349;4440
0;1741073049910;4441
0;1741073050698;4442
9;1741073054343;4443
0;1741073054582;4443
9;1741073056496;4444
9;1741073061833;4445
9;1741073066149;4446
0;1741073067847;4444
0;1741073068949;4445
0;1741073070521;4446
9;1741073070778;4447
0;1741073070875;4447
9;1741073072753;4448
0;1741073072890;4448
9;1741073078471;4449
0;1741073081172;4449
9;1741073084522;4450
9;1741073089398;4451
0;1741073099746;4450
9;1741073103419;4452
0;1741073104325;4451
0;1741073104754;4452
0;1741073107816;4453
0;1741073114223;4454
0;1741073115265;4455
0;1741073115467;4456
9;1741073116326;4453
9;1741073117920;4454
0;1741073120889;4457
9;1741073121151;4455
9;1741073122475;4456
9;1741073123769;4457
0;1741073130977;4458
9;1741073132508;4458
9;1741073133786;4459
0;1741073135640;4459
0;1741073140816;4460
0;1741073140982;4461
9;1741073142417;4460
0;1741073147620;4462
9;1741073147793;4461
9;1741073148936;4462
0;1741073152585;4463
9;1741073153661;4463
0;1741073155789;4464
0;1741073157006;4465
9;1741073157174;4464
9;1741073160888;4465
9;1741073163073;4466
0;1741073163848;4466
9;1741073167857;4467
9;1741073170321;4468
0;1741073172223;4467
0;1741073176979;4468
9;1741073181851;4469
9;1741073186391;4470
0;1741073186489;4469
0;1741073190983;4470
9;1741073191899;4471
9;1741073193072;4472
0;1741073195729;4471
0;1741073195820;4472
0;1741073196199;4473
9;1741073206877;4473
9;1741073208182;4474
0;1741073210534;4474
0;1741073213245;4475
9;1741073221101;4475
0;1741073222399;4476
9;1741073223223;4476
0;1741073225472;4477
0;1741073227554;4478
0;1741073228351;4479
9;1741073232872;4477
9;1741073233479;4478
9;1741073238848;4479
9;1741073240409;4480
9;1741073246979;4481
9;1741073247255;4482
0;1741073249830;4480
0;1741073250782;4481
0;1741073257629;4482
9;1741073259520;4483
9;1741073260104;4484
0;1741073262084;4483
9;1741073263847;4485
9;1741073265624;4486
9;1741073266431;4487
9;1741073267382;4488
0;1741073271278;4484
0;1741073273364;4485
9;1741073277107;4489
0;1741073279458;4486
0;1741073279622;4487
0;1741073282266;4488
0;1741073282806;4489
0;1741073285024;4490
0;1741073287812;4491
0;1741073294242;4492
9;1741073302373;4490
9;1741073302588;4491
9;1741073303014;4492
0;1741073304981;4493
0;1741073305673;4494
9;1741073305879;4493
9;1741073306982;4494
9;1741073307109;4495
0;1741073308373;4495
9;1741073311492;4496
0;1741073317120;4496
9;1741073318834;4497
0;1741073320296;4497
0;1741073327122;4498
9;1741073328209;4498
0;1741073331479;4499
9;1741073332527;4499
0;1741073336370;4500
9;1741073336865;4500
9;1741073340286;4501
9;1741073348581;4502
0;1741073350755;4501
0;1741073353289;4502
0;1741073353404;4503
9;1741073360065;4503
0;1741073360587;4504
9;1741073362102;4504
9;1741073364605;4505
9;1741073365623;4506
0;1741073367673;4505
9;1741073368035;4507
9;1741073370733;4508
0;1741073372006;4506
0;1741073372505;4507
0;1741073384171;4508
9;1741073385422;4509
0;1741073386523;4509
9;1741073390278;4510
9;1741073392537;4511
9;1741073394219;4512
0;1741073394910;4510
0;1741073395214;4511
9;1741073400388;4513
0;1741073404429;4512
0;1741073407125;4513
9;1741073418346;4514
0;1741073418666;4514
9;1741073420494;4515
9;1741073420765;4516
0;1741073421814;4515
0;1741073424942;4516
9;1741073425637;4517
9;1741073428274;4518
9;1741073429781;4519
9;1741073434096;4520
0;1741073434728;4517
0;1741073439729;4518
0;1741073441637;4519
9;1741073442343;4521
0;1741073444604;4520
9;1741073447598;4522
0;1741073447983;4521
0;1741073448617;4522
0;1741073450158;4523
9;1741073451560;4523
9;1741073453094;4524
9;1741073456948;4525
0;1741073461388;4524
0;1741073467545;4525
0;1741073472811;4526
9;1741073473107;4526
9;1741073473603;4527
0;1741073476947;4527
0;1741073478603;4528
0;1741073479064;4529
0;1741073482342;4530
9;1741073484549;4528
0;1741073486175;4531
9;1741073486229;4529
0;1741073490344;4532
9;1741073496016;4530
9;1741073496951;4531
9;1741073498647;4532
9;1741073503479;4533
9;1741073506522;4534
0;1741073514884;4533
0;1741073520627;4534
9;1741073521387;4535
0;1741073523004;4535
0;1741073523091;4536
9;1741073528028;4536
0;1741073528993;4537
0;1741073530902;4538
0;1741073533310;4539
9;1741073540074;4537
9;1741073540238;4538
9;1741073541111;4539
0;1741073541358;4540
0;1741073542842;4541
0;1741073545080;4542
9;1741073547563;4540
0;1741073549861;4543
9;1741073551606;4541
9;1741073554466;4542
0;1741073558376;4544
9;1741073558616;4543
9;1741073562871;4544
9;1741073563466;4545
9;1741073569298;4546
0;1741073571783;4545
9;1741073572102;4547
9;1741073573807;4548
0;1741073574291;4546
0;1741073576004;4547
0;1741073581906;4548
0;1741073586078;4549
9;1741073587443;4549
9;1741073588692;4550
9;1741073588944;4551
9;1741073591398;4552
0;1741073597912;4550
9;1741073597990;4553
0;1741073598322;4551
0;1741073601557;4552
0;1741073601574;4553
9;1741073602244;4554
0;1741073605689;4554
9;1741073612599;4555
0;1741073613954;4555
0;1741073622112;4556
0;1741073623741;4557
9;1741073626013;4556
0;1741073630800;4558
0;1741073631659;4559
9;1741073633541;4557
0;1741073636841;4560
9;1741073639812;4558
9;1741073640321;4559
9;1741073640971;4560
0;1741073644799;4561
0;1741073645788;4562
0;1741073649994;4563
9;1741073652323;4561
0;1741073662885;4564
9;1741073664763;4562
9;1741073664967;4563
9;1741073666690;4564
9;1741073669099;4565
0;1741073670415;4565
0;1741073675193;4566
0;1741073675985;4567
0;1741073676101;4568
9;1741073679710;4566
9;1741073680467;4567
0;1741073682895;4569
9;1741073683935;4568
0;1741073685582;4570
0;1741073688431;4571
9;1741073690185;4569
9;1741073693833;4570
0;1741073694702;4572
9;1741073695332;4571
9;1741073699210;4572
9;1741073700269;4573
0;1741073700388;4573
0;1741073704985;4574
9;1741073706770;4574
9;1741073709434;4575
9;1741073711419;4576
0;1741073716909;4575
0;1741073720643;4576
0;1741073721943;4577
0;1741073722978;4578
0;1741073730124;4579
9;1741073730286;4577
9;1741073732785;4578
9;1741073733568;4579
9;1741073735037;4580
0;1741073736292;4580
0;1741073738515;4581
0;1741073740149;4582
9;1741073740882;4581
9;1741073746907;4582
0;1741073753865;4583
0;1741073760698;4584
9;1741073762975;4583
9;1741073763667;4584
0;1741073764552;4585
9;1741073767147;4585
0;1741073774508;4586
9;1741073775799;4586
9;1741073780576;4587
9;1741073780996;4588
0;1741073782332;4587
9;1741073783789;4589
0;1741073783940;4588
0;1741073784206;4589
9;1741073785346;4590
0;1741073786556;4590
0;1741073790145;4591
0;1741073793313;4592
9;1741073804152;4591
0;1741073805189;4593
9;1741073805229;4592
9;1741073811766;4593
0;1741073814502;4594
9;1741073823120;4594
0;1741073825029;4595
0;1741073825964;4596
9;1741073826613;4595
0;1741073828155;4597
9;1741073829555;4596
0;1741073830038;4598
0;1741073830189;4599
0;1741073832073;4600
9;1741073832474;4597
9;1741073838678;4598
9;1741073842224;4599
9;1741073844888;4600
0;1741073845914;4601
9;1741073849392;4601
9;1741073851163;4602
9;1741073853917;4603
0;1741073857400;4602
0;1741073857744;4603
0;1741073859459;4604
9;1741073861737;4604
9;1741073862209;4605
0;1741073862422;4605
0;1741073871409;4606
9;1741073875867;4606
9;1741073877682;4607
0;1741073879830;4607
9;1741073880184;4608
0;1741073880559;4608
9;1741073882913;4609
0;1741073886460;4609
9;1741073889387;4610
0;1741073890977;4610
9;1741073893798;4611
0;1741073896285;4611
9;1741073898644;4612
0;1741073907519;4612
9;1741073908922;4613
9;1741073909007;4614
0;1741073915278;4613
0;1741073918107;4614
0;1741073918829;4615
0;1741073923550;4616
9;1741073924675;4615
0;1741073926329;4617
9;1741073930879;4616
0;1741073934130;4618
0;1741073935364;4619
9;1741073935941;4617
0;1741073937919;4620
9;1741073938224;4618
9;1741073945970;4619
9;1741073947223;4620
0;1741073947301;4621
0;1741073947398;4622
9;1741073952874;4621
0;1741073953887;4623
9;1741073955153;4622
9;1741073955968;4623
9;1741073956792;4624
9;1741073960530;4625
0;1741073961249;4624
0;1741073966327;4625
0;1741073972005;4626
0;1741073972700;4627
9;1741073975592;4626
9;1741073975663;4627
0;1741073979728;4628
9;1741073980857;4628
0;1741073981354;4629
0;1741073983732;4630
9;1741073984932;4629
9;1741073986657;4630
9;1741073989369;4631
0;1741073992803;4631
0;1741073995144;4632
9;1741074003074;4632
0;1741074003180;4633
9;1741074006757;4633
9;1741074007210;4634
9;1741074010451;4635
0;1741074011774;4634
0;1741074013551;4635
9;1741074021984;4636
0;1741074030428;4636
0;1741074030684;4637
0;1741074033054;4638
9;1741074034264;4637
0;1741074035185;4639
9;1741074037594;4638
9;1741074039830;4639
9;1741074041447;4640
0;1741074044747;4640
9;1741074046585;4641
0;1741074048761;4641
9;1741074051908;4642
0;1741074053851;4642
9;1741074055693;4643
9;1741074057328;4644
9;1741074062227;4645
0;1741074064290;4643
0;1741074070247;4644
0;1741074070287;4645
9;1741074071381;4646
9;1741074072887;4647
9;1741074073967;4648
9;1741074074055;4649
0;1741074074228;4646
9;1741074075284;4650
0;1741074080184;4647
0;1741074081722;4648
9;1741074082390;4651
0;1741074084959;4649
0;1741074086412;4650
0;1741074096116;4651
0;1741074098146;4652
9;1741074099405;4652
0;1741074100531;4653
9;1741074102747;4653
9;1741074108696;4654
0;1741074115604;4654
0;1741074119560;4655
0;1741074123756;4656
0;1741074127363;4657
9;1741074129958;4655
9;1741074130909;4656
9;1741074131827;4657
0;1741074132579;4658
9;1741074134534;4658
0;1741074134743;4659
9;1741074140635;4659
0;1741074141814;4660
0;1741074145265;4661
9;1741074146309;4660
9;1741074146420;4661
0;1741074149468;4662
9;1741074150916;4662
0;1741074151831;4663
9;1741074154567;4663
0;1741074161804;4664
9;1741074165184;4664
0;1741074166325;4665
0;1741074173582;4666
9;1741074174582;4665
9;1741074179401;4666
0;1741074179681;4667
9;1741074180074;4667
0;1741074183479;4668
0;1741074185256;4669
9;1741074185379;4668
0;1741074186544;4670
0;1741074187038;4671
0;1741074188339;4672
9;1741074189142;4669
9;1741074195449;4670
9;1741074197301;4671
9;1741074200206;4672
9;1741074203093;4673
9;1741074205278;4674
0;1741074206531;4673
9;1741074209518;4675
9;1741074213123;4676
0;1741074216805;4674
9;1741074218103;4677
9;1741074218968;4678
9;1741074222845;4679
0;1741074224719;4675
0;1741074228307;4676
0;1741074230808;4677
0;1741074235742;4678
0;1741074236432;4679
0;1741074238984;4680
0;1741074239299;4681
9;1741074239759;4680
0;1741074247944;4682
0;1741074250251;4683
0;1741074251907;4684
9;1741074252084;4681
9;1741074253931;4682
9;1741074256074;4683
9;1741074257704;4684
0;1741074258701;4685
0;1741074262771;4686
0;1741074268955;4687
0;1741074271843;4688
0;1741074272315;4689
0;1741074278027;4690
9;1741074279471;4685
9;1741074280515;4686
9;1741074283709;4687
0;1741074285758;4691
9;1741074288466;4688
9;1741074289839;4689
9;1741074290268;4690
9;1741074292442;4691
9;1741074292663;4692
9;1741074304927;4693
0;1741074305080;4692
0;1741074315193;4693
0;1741074315247;4694
9;1741074316163;4694
9;1741074316354;4695
0;1741074316961;4695
9;1741074317065;4696
0;1741074320813;4696
9;1741074325069;4697
0;1741074327100;4697
0;1741074327546;4698
0;1741074330477;4699
0;1741074332191;4700
9;1741074335394;4698
9;1741074337728;4699
9;1741074339535;4700
0;1741074342472;4701
9;1741074347022;4701
9;1741074348098;4702
9;1741074348755;4703
0;1741074355863;4702
0;1741074360535;4703
0;1741074361328;4704
9;1741074368691;4704
0;1741074370087;4705
9;1741074372551;4705
9;1741074373591;4706
0;1741074374917;4706
9;1741074378178;4707
9;1741074379764;4708
0;1741074380680;4707
9;1741074384151;4709
0;1741074385765;4708
0;1741074387116;4709
9;1741074393510;4710
0;1741074394186;4710
0;1741074398701;4711
0;1741074399046;4712
9;1741074400700;4711
0;1741074403922;4713
9;1741074405378;4712
9;1741074406857;4713
9;1741074411069;4714
9;1741074414148;4715
9;1741074416960;4716
0;1741074420078;4714
9;1741074422217;4717
0;1741074425340;4715
9;1741074430685;4718
0;1741074431482;4716
0;1741074433138;4717
0;1741074434377;4718
9;1741074438040;4719
9;1741074439746;4720
9;1741074439760;4721
0;1741074440773;4719
9;1741074440964;4722
0;1741074444656;4720
9;1741074449711;4723
0;1741074454639;4721
9;1741074455720;4724
0;1741074456171;4722
0;1741074456375;4723
0;1741074459387;4724
0;1741074472337;4725
0;1741074473851;4726
9;1741074478559;4725
0;1741074478993;4727
9;1741074480751;4726
9;1741074481166;4727
9;1741074484308;4728
9;1741074486296;4729
9;1741074486712;4730
0;1741074488776;4728
0;1741074490943;4729
0;1741074493900;4730
9;1741074497569;4731
0;1741074499189;4731
0;1741074500269;4732
9;1741074501598;4732
9;1741074504285;4733
0;1741074504468;4733
0;1741074512030;4734
9;1741074513634;4734
9;1741074518045;4735
0;1741074523192;4735
0;1741074524844;4736
0;1741074525450;4737
9;1741074530371;4736
0;1741074530583;4738
9;1741074531199;4737
0;1741074531511;4739
9;1741074531845;4738
9;1741074533210;4739
0;1741074535189;4740
9;1741074536770;4740
9;1741074539521;4741
0;1741074545980;4741
0;1741074546731;4742
0;1741074550025;4743
0;1741074550951;4744
9;1741074551363;4742
9;1741074553165;4743
9;1741074553519;4744
0;1741074556956;4745
0;1741074561571;4746
9;1741074562302;4745
9;1741074563404;4746
9;1741074566520;4747
0;1741074569839;4747
0;1741074573896;4748
0;1741074576398;4749
9;1741074579768;4748
9;1741074582040;4749
0;1741074588235;4750
0;1741074588480;4751
9;1741074591387;4750
0;1741074592708;4752
9;1741074601646;4751
9;1741074602251;4752
9;1741074602547;4753
0;1741074606559;4753
9;1741074610314;4754
0;1741074610679;4754
9;1741074612204;4755
0;1741074616142;4755
0;1741074620416;4756
9;1741074621196;4756
9;1741074621603;4757
0;1741074624707;4757
0;1741074626138;4758
0;1741074628852;4759
9;1741074629015;4758
0;1741074631794;4760
0;1741074633524;4761
9;1741074634096;4759
9;1741074636245;4760
0;1741074640393;4762
9;1741074642425;4761
9;1741074642460;4762
9;1741074647636;4763
0;1741074651376;4763
0;1741074652974;4764
0;1741074656407;4765
0;1741074658182;4766
9;1741074664564;4764
9;1741074668397;4765
9;1741074671247;4766
9;1741074672606;4767
0;1741074672895;4767
0;1741074677244;4768
0;1741074677629;4769
9;1741074678789;4768
9;1741074679639;4769
9;1741074689830;4770
0;1741074692896;4770
9;1741074695146;4771
9;1741074696145;4772
0;1741074698559;4771
9;1741074698882;4773
0;1741074699572;4772
0;1741074702501;4773
9;1741074702816;4774
0;1741074704874;4774
0;1741074710548;4775
9;1741074717070;4775
9;1741074720029;4776
0;1741074720800;4776
0;1741074723727;4777
9;1741074723767;4777
0;1741074726185;4778
9;1741074736722;4778
9;1741074740180;4779
9;1741074743133;4780
0;1741074743860;4779
9;1741074744803;4781
0;1741074745372;4780
9;1741074747756;4782
0;1741074754348;4781
9;1741074755113;4783
0;1741074755511;4782
0;1741074758293;4783
9;1741074759567;4784
9;1741074764726;4785
9;1741074766801;4786
0;1741074770835;4784
9;1741074771229;4787
9;1741074771456;4788
0;1741074775131;4785
0;1741074779263;4786
0;1741074780539;4787
0;1741074780640;4788
0;1741074780976;4789
9;1741074781956;4789
0;1741074783838;4790
9;1741074788696;4790
0;1741074789830;4791
9;1741074800742;4791
0;1741074802578;4792
9;1741074804502;4792
9;1741074805299;4793
0;1741074806512;4793
0;1741074806969;4794
0;1741074807872;4795
9;1741074808665;4794
0;1741074817129;4796
9;1741074820586;4795
0;1741074822867;4797
9;1741074827942;4796
9;1741074829436;4797
9;1741074834099;4798
9;1741074835702;4799
0;1741074836748;4798
0;1741074836832;4799
0;1741074840088;4800
9;1741074840927;4800
0;1741074842744;4801
0;1741074844590;4802
9;1741074844946;4801
0;1741074845672;4803
0;1741074850117;4804
9;1741074856992;4802
9;1741074859270;4803
9;1741074860721;4804
9;1741074861849;4805
0;1741074866317;4805
9;1741074869250;4806
0;1741074870356;4806
0;1741074871522;4807
9;1741074877607;4807
9;1741074879515;4808
9;1741074881579;4809
0;1741074886490;4808
0;1741074891557;4809
9;1741074894744;4810
0;1741074898102;4810
0;1741074900587;4811
0;1741074901379;4812
9;1741074901668;4811
9;1741074901876;4812
0;1741074902299;4813
9;1741074903159;4813
9;1741074913960;4814
9;1741074915596;4815
0;1741074915685;4814
9;1741074918707;4816
0;1741074921665;4815
0;1741074922066;4816
0;1741074929149;4817
9;1741074929437;4817
9;1741074930247;4818
9;1741074933594;4819
0;1741074934936;4818
9;1741074937049;4820
0;1741074937350;4819
9;1741074939277;4821
0;1741074941885;4820
9;1741074943616;4822
0;1741074949440;4821
0;1741074950811;4822
0;1741074951380;4823
9;1741074953085;4823
0;1741074955858;4824
9;1741074961615;4824
0;1741074962626;4825
9;1741074963032;4825
9;1741074964565;4826
9;1741074964920;4827
9;1741074968971;4828
0;1741074972660;4826
0;1741074974378;4827
0;1741074985676;4828
0;1741074986934;4829
9;1741074988172;4829
9;1741074988195;4830
0;1741074991132;4830
0;1741074997433;4831
9;1741074999202;4831
0;1741075000231;4832
9;1741075004454;4832
9;1741075010414;4833
9;1741075011628;4834
0;1741075013095;4833
9;1741075015309;4835
0;1741075015637;4834
0;1741075016285;4835
9;1741075017103;4836
0;1741075017258;4836
0;1741075018180;4837
9;1741075024131;4837
9;1741075024529;4838
9;1741075025326;4839
0;1741075026252;4838
9;1741075030623;4840
0;1741075030644;4839
0;1741075031934;4840
9;1741075034245;4841
0;1741075042128;4841
0;1741075051690;4842
9;1741075055813;4842
9;1741075059989;4843
9;1741075061287;4844
0;1741075062718;4843
0;1741075063436;4844
0;1741075063511;4845
9;1741075065087;4845
0;1741075066049;4846
9;1741075066673;4846
0;1741075070273;4847
0;1741075071438;4848
9;1741075078542;4847
9;1741075079991;4848
9;1741075085051;4849
0;1741075087687;4849
9;1741075092174;4850
9;1741075094834;4851
0;1741075096042;4850
9;1741075097490;4852
9;1741075101522;4853
0;1741075101532;4851
0;1741075101966;4852
0;1741075107519;4853
9;1741075108072;4854
9;1741075110787;4855
0;1741075111230;4854
9;1741075112053;4856
0;1741075115565;4855
9;1741075124579;4857
9;1741075125017;4858
0;1741075128882;4856
9;1741075129605;4859
0;1741075130065;4857
0;1741075133546;4858
9;1741075137040;4860
9;1741075142020;4861
9;1741075142104;4862
0;1741075142228;4859
0;1741075143333;4860
0;1741075144390;4861
0;1741075145954;4862
9;1741075153382;4863
0;1741075156692;4863
9;1741075159529;4864
0;1741075165494;4864
9;1741075166740;4865
0;1741075167359;4865
9;1741075168398;4866
0;1741075170389;4866
0;1741075173386;4867
9;1741075174520;4867
0;1741075179766;4868
9;1741075180791;4868
0;1741075182991;4869
9;1741075186693;4869
9;1741075192571;4870
9;1741075193737;4871
0;1741075195637;4870
9;1741075195953;4872
9;1741075195985;4873
9;1741075200164;4874
0;1741075200177;4871
0;1741075208050;4872
0;1741075211640;4873
9;1741075213769;4875
0;1741075214211;4874
0;1741075216512;4875
0;1741075217429;4876
9;1741075221847;4876
9;1741075222757;4877
9;1741075224010;4878
0;1741075224344;4877
0;1741075227062;4878
0;1741075229391;4879
9;1741075231185;4879
0;1741075231305;4880
9;1741075246477;4880
0;1741075247525;4881
0;1741075248166;4882
9;1741075248498;4881
9;1741075254201;4882
9;1741075255242;4883
0;1741075256186;4883
9;1741075259645;4884
9;1741075263232;4885
0;1741075268400;4884
0;1741075270637;4885
0;1741075273572;4886
9;1741075273586;4886
0;1741075276938;4887
9;1741075277045;4887
9;1741075277426;4888
9;1741075278302;4889
0;1741075282307;4888
0;1741075285428;4889
0;1741075285565;4890
9;1741075287590;4890
9;1741075295286;4891
9;1741075299933;4892
9;1741075300657;4893
0;1741075301794;4891
0;1741075302298;4892
0;1741075304513;4893
9;1741075307015;4894
0;1741075311771;4894
0;1741075312959;4895
0;1741075314833;4896
9;1741075315393;4895
9;1741075320972;4896
9;1741075325033;4897
0;1741075325080;4897
0;1741075328808;4898
9;1741075331621;4898
9;1741075334185;4899
0;1741075338619;4899
9;1741075338631;4900
0;1741075339569;4900
0;1741075342990;4901
0;1741075345225;4902
0;1741075346107;4903
9;1741075351245;4901
0;1741075355812;4904
9;1741075356187;4902
9;1741075360363;4903
9;1741075361642;4904
0;1741075367271;4905
9;1741075368383;4905
9;1741075373296;4906
9;1741075373902;4907
0;1741075374179;4906
9;1741075376769;4908
0;1741075377686;4907
9;1741075383006;4909
0;1741075384588;4908
9;1741075387289;4910
0;1741075389813;4909
9;1741075391278;4911
0;1741075394801;4910
0;1741075399117;4911
9;1741075406444;4912
9;1741075406638;4913
0;1741075409441;4912
9;1741075410832;4914
9;1741075410884;4915
0;1741075412132;4913
9;1741075414113;4916
0;1741075416663;4914
0;1741075418002;4915
0;1741075420216;4916
9;1741075423072;4917
0;1741075423463;4917
0;1741075424510;4918
0;1741075427729;4919
9;1741075433286;4918
0;1741075438630;4920
9;1741075444465;4919
9;1741075446359;4920
0;1741075451743;4921
9;1741075452165;4921
0;1741075452750;4922
0;1741075454794;4923
0;1741075456048;4924
9;1741075457750;4922
9;1741075458631;4923
0;1741075458984;4925
0;1741075459671;4926
9;1741075465879;4924
9;1741075468423;4925
0;1741075469693;4927
0;1741075474879;4928
9;1741075477594;4926
0;1741075484639;4929
9;1741075485561;4927
9;1741075487107;4928
9;1741075487372;4929
9;1741075487594;4930
9;1741075491612;4931
9;1741075492465;4932
0;1741075493033;4930
0;1741075496154;4931
0;1741075502856;4932
0;1741075507640;4933
9;1741075512004;4933
0;1741075512221;4934
9;1741075514968;4934
9;1741075515786;4935
9;1741075519931;4936
0;1741075525137;4935
0;1741075525611;4936
0;1741075525907;4937
0;1741075526629;4938
9;1741075527378;4937
0;1741075527926;4939
9;1741075528813;4938
9;1741075535543;4939
0;1741075537488;4940
9;1741075540731;4940
9;1741075542080;4941
9;1741075546566;4942
9;1741075550367;4943
9;1741075553006;4944
9;1741075553973;4945
9;1741075554973;4946
0;1741075555719;4941
0;1741075561277;4942
0;1741075563127;4943
0;1741075564384;4944
0;1741075570371;4945
9;1741075576341;4947
0;1741075577099;4946
0;1741075578107;4947
0;1741075584014;4948
9;1741075584781;4948
9;1741075586525;4949
9;1741075587620;4950
0;1741075589148;4949
0;1741075592805;4950
9;1741075593683;4951
0;1741075595424;4951
9;1741075597846;4952
9;1741075600711;4953
0;1741075602248;4952
0;1741075611530;4953
0;1741075612682;4954
0;1741075617421;4955
9;1741075619515;4954
9;1741075620266;4955
0;1741075621721;4956
0;1741075623118;4957
9;1741075623183;4956
9;1741075624459;4957
0;1741075627536;4958
0;1741075628422;4959
9;1741075629981;4958
9;1741075630478;4959
0;1741075634569;4960
0;1741075636388;4961
9;1741075641880;4960
9;1741075643754;4961
9;1741075645031;4962
0;1741075647629;4962
9;1741075648394;4963
9;1741075659263;4964
0;1741075660265;4963
9;1741075662537;4965
9;1741075663173;4966
9;1741075665664;4967
0;1741075669986;4964
0;1741075670626;4965
0;1741075679999;4966
0;1741075681490;4967
0;1741075682023;4968
9;1741075685595;4968
0;1741075685920;4969
0;1741075687581;4970
0;1741075690462;4971
9;1741075692766;4969
9;1741075694112;4970
0;1741075696098;4972
9;1741075698944;4971
0;1741075700016;4973
9;1741075703764;4972
9;1741075705551;4973
9;1741075705592;4974
9;1741075708218;4975
0;1741075708731;4974
0;1741075708874;4975
0;1741075709417;4976
9;1741075711866;4976
9;1741075721327;4977
9;1741075721770;4978
0;1741075721884;4977
0;1741075722253;4978
9;1741075723985;4979
9;1741075731358;4980
0;1741075738803;4979
0;1741075740388;4980
0;1741075740435;4981
9;1741075743022;4981
0;1741075756068;4982
0;1741075756873;4983
9;1741075757022;4982
0;1741075759365;4984
0;1741075759412;4985
9;1741075760329;4983
9;1741075763954;4984
9;1741075766089;4985
0;1741075766977;4986
0;1741075770521;4987
9;1741075773957;4986
0;1741075776695;4988
0;1741075777143;4989
9;1741075778192;4987
9;1741075782606;4988
9;1741075786253;4989
0;1741075786955;4990
0;1741075789303;4991
9;1741075790721;4990
9;1741075793112;4991
9;1741075798834;4992
9;1741075800249;4993
0;1741075804080;4992
0;1741075805519;4993
9;1741075809176;4994
0;1741075817355;4994
0;1741075818271;4995
9;1741075819089;4995
0;1741075819567;4996
9;1741075820184;4996
0;1741075823199;4997
9;1741075827143;4997
9;1741075829370;4998
0;1741075831460;4998
0;1741075836522;4999
0;1741075839573;5000
0;1741075840065;5001
9;1741075841670;4999
9;1741075841982;5000
0;1741075850645;5002
9;1741075857717;5001
9;1741075858449;5002
0;1741075859490;5003
0;1741075860849;5004
0;1741075861861;5005
9;1741075862889;5003
9;1741075863861;5004
0;1741075863874;5006
9;1741075866860;5005
9;1741075871936;5006
0;1741075873812;5007
9;1741075876287;5007
0;1741075877265;5008
9;1741075878227;5008
0;1741075884064;5009
9;1741075884648;5009
0;1741075892018;5010
9;1741075893222;5010
0;1741075899232;5011
9;1741075899334;5011
0;1741075900303;5012
9;1741075903997;5012
9;1741075907278;5013
0;1741075909086;5013
0;1741075912102;5014
9;1741075915742;5014
9;1741075917718;5015
0;1741075920777;5015
0;1741075923467;5016
9;1741075929886;5016
9;1741075930402;5017
9;1741075930825;5018
0;1741075931690;5017
0;1741075933004;5018
9;1741075934210;5019
9;1741075935751;5020
0;1741075936739;5019
0;1741075939433;5020
0;1741075946913;5021
0;1741075947994;5022
0;1741075948293;5023
9;1741075951337;5021
9;1741075955527;5022
0;1741075962793;5024
9;1741075963976;5023
9;1741075965898;5024
9;1741075967947;5025
0;1741075969378;5025
9;1741075970954;5026
0;1741075971355;5026
9;1741075971456;5027
9;1741075971619;5028
0;1741075972102;5027
0;1741075974353;5028
0;1741075979799;5029
0;1741075983609;5030
0;1741075985035;5031
9;1741075994472;5029
9;1741075997161;5030
0;1741075998193;5032
0;1741075998307;5033
9;1741075998644;5031
9;1741076007102;5032
9;1741076015821;5033
9;1741076017288;5034
9;1741076020310;5035
0;1741076020400;5034
9;1741076020871;5036
0;1741076021762;5035
0;1741076025906;5036
9;1741076026740;5037
9;1741076026858;5038
0;1741076028025;5037
9;1741076029205;5039
0;1741076032002;5038
0;1741076033515;5039
0;1741076035332;5040
9;1741076039152;5040
0;1741076041553;5041
9;1741076044986;5041
0;1741076051819;5042
9;1741076057291;5042
9;1741076058900;5043
0;1741076059232;5043
9;1741076065339;5044
0;1741076067714;5044
0;1741076067769;5045
0;1741076068772;5046
9;1741076070260;5045
9;1741076071507;5046
0;1741076071726;5047
0;1741076075615;5048
9;1741076077590;5047
0;1741076078431;5049
0;1741076080167;5050
9;1741076081291;5048
9;1741076085490;5049
0;1741076086379;5051
0;1741076091633;5052
9;1741076095234;5050
9;1741076096851;5051
9;1741076097356;5052
0;1741076101778;5053
0;1741076101895;5054
9;1741076107858;5053
9;1741076112054;5054
0;1741076113967;5055
9;1741076114684;5055
9;1741076116421;5056
0;1741076116968;5056
0;1741076120543;5057
9;1741076123937;5057
9;1741076127903;5058
0;1741076132594;5058
9;1741076133840;5059
0;1741076134307;5059
0;1741076138497;5060
9;1741076141801;5060
9;1741076144201;5061
0;1741076145207;5061
9;1741076148491;5062
9;1741076152269;5063
0;1741076152660;5062
0;1741076155238;5063
9;1741076167661;5064
9;1741076169601;5065
9;1741076169997;5066
0;1741076170370;5064
9;1741076170658;5067
0;1741076173696;5065
0;1741076175487;5066
0;1741076180025;5067
0;1741076180790;5068
9;1741076186030;5068
0;1741076188879;5069
9;1741076190407;5069
0;1741076191069;5070
0;1741076191324;5071
9;1741076195786;5070
0;1741076196088;5072
9;1741076201353;5071
0;1741076202186;5073
9;1741076206163;5072
9;1741076214793;5073
9;1741076216162;5074
0;1741076218989;5074
0;1741076219201;5075
9;1741076219209;5075
0;1741076220802;5076
9;1741076224371;5076
0;1741076225264;5077
9;1741076227576;5077
9;1741076227732;5078
9;1741076227910;5079
9;1741076230649;5080
9;1741076231336;5081
0;1741076231987;5078
0;1741076234200;5079
9;1741076238179;5082
0;1741076238816;5080
9;1741076243359;5083
9;1741076246069;5084
0;1741076251464;5081
0;1741076254830;5082
0;1741076255684;5083
0;1741076258622;5084
0;1741076260594;5085
0;1741076260722;5086
9;1741076261701;5085
0;1741076262253;5087
9;1741076265198;5086
9;1741076272465;5087
9;1741076277856;5088
0;1741076279944;5088
0;1741076281284;5089
0;1741076286709;5090
9;1741076290061;5089
9;1741076293444;5090
0;1741076294249;5091
9;1741076294484;5091
9;1741076300122;5092
9;1741076301024;5093
0;1741076301500;5092
0;1741076306193;5093
9;1741076311461;5094
9;1741076312756;5095
9;1741076312977;5096
0;1741076314325;5094
0;1741076317316;5095
9;1741076318495;5097
0;1741076320635;5096
0;1741076321624;5097
9;1741076322762;5098
9;1741076323807;5099
0;1741076334936;5098
0;1741076341561;5099
9;1741076341587;5100
0;1741076345732;5100
0;1741076346463;5101
9;1741076346690;5101
9;1741076347890;5102
0;1741076350422;5102
0;1741076350790;5103
9;1741076355202;5103
0;1741076355522;5104
9;1741076358023;5104
9;1741076358777;5105
0;1741076364759;5105
9;1741076369812;5106
0;1741076372942;5106
0;1741076373475;5107
0;1741076376232;5108
0;1741076379282;5109
9;1741076382720;5107
9;1741076387288;5108
9;1741076387327;5109
9;1741076394710;5110
9;1741076395347;5111
0;1741076399528;5110
0;1741076404012;5111
9;1741076405191;5112
0;1741076407086;5112
0;1741076407613;5113
9;1741076409721;5113
9;1741076410658;5114
0;1741076412603;5114
0;1741076414784;5115
0;1741076416838;5116
0;1741076417599;5117
9;1741076419142;5115
9;1741076424092;5116
9;1741076427744;5117
9;1741076428139;5118
9;1741076434550;5119
0;1741076439179;5118
0;1741076439785;5119
9;1741076440582;5120
0;1741076441664;5120
0;1741076443635;5121
0;1741076444192;5122
9;1741076446478;5121
9;1741076449210;5122
9;1741076449964;5123
0;1741076456789;5123
0;1741076458082;5124
9;1741076461863;5124
0;1741076462673;5125
9;1741076463714;5125
0;1741076466540;5126
0;1741076474388;5127
9;1741076478140;5126
0;1741076480636;5128
9;1741076480848;5127
9;1741076484901;5128
0;1741076486385;5129
9;1741076488696;5129
9;1741076489250;5130
9;1741076490134;5131
9;1741076493927;5132
0;1741076498019;5130
0;1741076498545;5131
0;1741076500950;5132
0;1741076505742;5133
0;1741076506060;5134
9;1741076507972;5133
0;1741076508226;5135
9;1741076512735;5134
9;1741076512824;5135
9;1741076520445;5136
9;1741076523630;5137
0;1741076526102;5136
0;1741076528714;5137
9;1741076528802;5138
9;1741076534409;5139
0;1741076537526;5138
0;1741076537562;5139
9;1741076541712;5140
9;1741076542779;5141
0;1741076546730;5140
0;1741076547044;5141
0;1741076548602;5142
9;1741076549125;5142
9;1741076550480;5143
9;1741076555029;5144
9;1741076555740;5145
0;1741076556162;5143
0;1741076562915;5144
0;1741076566495;5145
9;1741076570295;5146
0;1741076571510;5146
0;1741076571833;5147
0;1741076571872;5148
0;1741076578271;5149
9;1741076580392;5147
0;1741076582504;5150
9;1741076590371;5148
9;1741076592878;5149
9;1741076594268;5150
0;1741076595613;5151
9;1741076595967;5151
9;1741076599068;5152
9;1741076599657;5153
0;1741076606628;5152
0;1741076606974;5153
0;1741076610373;5154
9;1741076611518;5154
0;1741076614325;5155
9;1741076619521;5155
9;1741076622044;5156
9;1741076622483;5157
0;1741076624406;5156
9;1741076627207;5158
0;1741076627889;5157
0;1741076631585;5158
0;1741076638121;5159
9;1741076638382;5159
0;1741076639222;5160
9;1741076640526;5160
0;1741076640814;5161
9;1741076641093;5161
0;1741076641384;5162
9;1741076648944;5162
0;1741076650266;5163
9;1741076653524;5163
0;1741076661974;5164
0;1741076663240;5165
9;1741076666735;5164
9;1741076668180;5165
9;1741076671434;5166
0;1741076671556;5166
0;1741076676072;5167
9;1741076676628;5167
9;1741076678227;5168
9;1741076683067;5169
0;1741076683373;5168
9;1741076685279;5170
0;1741076687961;5169
9;1741076692505;5171
0;1741076696567;5170
9;1741076697453;5172
0;1741076697722;5171
0;1741076698101;5172
9;1741076700204;5173
9;1741076704131;5174
9;1741076707547;5175
0;1741076716792;5173
0;1741076717022;5174
0;1741076718209;5175
0;1741076720253;5176
0;1741076721568;5177
0;1741076721677;5178
9;1741076723400;5176
9;1741076726039;5177
9;1741076734064;5178
0;1741076738493;5179
9;1741076739794;5179
9;1741076742631;5180
9;1741076742850;5181
9;1741076745614;5182
9;1741076746251;5183
0;1741076748178;5180
9;1741076748321;5184
0;1741076749440;5181
0;1741076752470;5182
0;1741076755738;5183
0;1741076758510;5184
0;1741076759778;5185
0;1741076763653;5186
0;1741076765097;5187
9;1741076765225;5185
0;1741076765412;5188
9;1741076766971;5186
9;1741076778365;5187
9;1741076781340;5188
9;1741076782633;5189
0;1741076783569;5189
9;1741076784113;5190
0;1741076786025;5190
0;1741076789794;5191
0;1741076795892;5192
9;1741076802391;5191
0;1741076805663;5193
0;1741076808092;5194
9;1741076810321;5192
9;1741076811968;5193
9;1741076812158;5194
9;1741076813670;5195
0;1741076814867;5195
0;1741076817855;5196
0;1741076822679;5197
0;1741076825081;5198
9;1741076826765;5196
0;1741076827382;5199
9;1741076831894;5197
0;1741076835127;5200
0;1741076839026;5201
9;1741076840290;5198
9;1741076840332;5199
0;1741076841323;5202
9;1741076844205;5200
9;1741076845035;5201
9;1741076846389;5202
0;1741076846482;5203
9;1741076848461;5203
0;1741076849086;5204
9;1741076859685;5204
9;1741076861819;5205
0;1741076870017;5205
0;1741076872988;5206
0;1741076873320;5207
0;1741076876535;5208
9;1741076877005;5206
9;1741076877660;5207
0;1741076878865;5209
0;1741076879481;5210
9;1741076882231;5208
9;1741076885262;5209
0;1741076890227;5211
0;1741076890632;5212
9;1741076893523;5210
9;1741076894502;5211
9;1741076902753;5212
0;1741076904481;5213
9;1741076905362;5213
0;1741076905540;5214
9;1741076907116;5214
0;1741076907688;5215
0;1741076915756;5216
0;1741076924440;5217
9;1741076927655;5215
9;1741076927899;5216
9;1741076933959;5217
0;1741076937621;5218
0;1741076941350;5219
0;1741076944181;5220
9;1741076944578;5218
0;1741076947248;5221
0;1741076947274;5222
9;1741076948470;5219
9;1741076948772;5220
9;1741076949899;5221
0;1741076950014;5223
0;1741076950194;5224
9;1741076950491;5222
9;1741076952546;5223
9;1741076953130;5224
9;1741076956507;5225
9;1741076963564;5226
0;1741076967355;5225
0;1741076981536;5226
9;1741076983125;5227
0;1741076983303;5227
0;1741076984813;5228
0;1741076988042;5229
9;1741076990663;5228
0;1741076992348;5230
9;1741076993558;5229
0;1741076993945;5231
9;1741076998865;5230
9;1741076999929;5231
9;1741077001925;5232
0;1741077009766;5232
0;1741077009941;5233
0;1741077010500;5234
0;1741077010715;5235
9;1741077010786;5233
0;1741077011155;5236
9;1741077012790;5234
0;1741077014267;5237
9;1741077015355;5235
9;1741077024418;5236
9;1741077031522;5237
9;1741077033213;5238
9;1741077035344;5239
0;1741077037404;5238
9;1741077037975;5240
0;1741077038155;5239
9;1741077045563;5241
9;1741077049214;5242
0;1741077049665;5240
0;1741077051584;5241
9;1741077052249;5243
0;1741077053887;5242
0;1741077054119;5243
0;1741077056687;5244
0;1741077059256;5245
0;1741077061756;5246
9;1741077064404;5244
9;1741077064582;5245
9;1741077069834;5246
0;1741077074135;5247
9;1741077080724;5247
0;1741077081712;5248
9;1741077081866;5248
9;1741077085190;5249
0;1741077085778;5249
9;1741077086033;5250
0;1741077086106;5250
0;1741077092094;5251
9;1741077096589;5251
9;1741077098506;5252
9;1741077099334;5253
0;1741077108975;5252
9;1741077109710;5254
9;1741077112722;5255
0;1741077118866;5253
0;1741077120358;5254
0;1741077120721;5255
9;1741077120996;5256
0;1741077124156;5256
9;1741077124276;5257
0;1741077127005;5257
9;1741077132978;5258
0;1741077133364;5258
9;1741077133387;5259
9;1741077134348;5260
0;1741077136854;5259
0;1741077139601;5260
0;1741077143455;5261
9;1741077144345;5261
9;1741077145899;5262
9;1741077146579;5263
9;1741077149932;5264
0;1741077151322;5262
0;1741077155582;5263
0;1741077159914;5264
9;1741077167032;5265
9;1741077170166;5266
9;1741077171018;5267
0;1741077172120;5265
0;1741077174291;5266
9;1741077182775;5268
0;1741077185452;5267
0;1741077185933;5268
0;1741077186593;5269
9;1741077190074;5269
9;1741077191767;5270
0;1741077191785;5270
0;1741077195906;5271
0;1741077199910;5272
0;1741077201292;5273
9;1741077202642;5271
9;1741077203630;5272
0;1741077208600;5274
9;1741077208896;5273
9;1741077212887;5274
0;1741077213092;5275
9;1741077216022;5275
9;1741077217934;5276
0;1741077219960;5276
9;1741077220447;5277
9;1741077231225;5278
9;1741077231504;5279
0;1741077234604;5277
0;1741077234826;5278
0;1741077238435;5279
9;1741077239078;5280
0;1741077240275;5280
0;1741077240862;5281
0;1741077240978;5282
9;1741077244119;5281
0;1741077249990;5283
0;1741077253793;5284
9;1741077259702;5282
9;1741077265990;5283
9;1741077266198;5284
9;1741077267639;5285
0;1741077267775;5285
0;1741077269259;5286
9;1741077270334;5286
0;1741077271113;5287
9;1741077279143;5287
0;1741077281624;5288
9;1741077283191;5288
9;1741077283235;5289
9;1741077284959;5290
0;1741077287863;5289
0;1741077292691;5290
0;1741077299192;5291
9;1741077302618;5291
9;1741077305417;5292
0;1741077308258;5292
9;1741077313706;5293
0;1741077314610;5293
9;1741077315160;5294
0;1741077315557;5294
0;1741077319016;5295
9;1741077320426;5295
9;1741077323005;5296
0;1741077323755;5296
0;1741077324586;5297
9;1741077326617;5297
9;1741077329148;5298
9;1741077331159;5299
0;1741077331925;5298
9;1741077332115;5300
0;1741077341934;5299
0;1741077346038;5300
0;1741077348280;5301
0;1741077350765;5302
0;1741077350830;5303
9;1741077351898;5301
9;1741077354859;5302
0;1741077354932;5304
9;1741077355950;5303
9;1741077356309;5304
0;1741077358754;5305
9;1741077362181;5305
9;1741077373884;5306
9;1741077379685;5307
0;1741077383044;5306
9;1741077383346;5308
9;1741077384324;5309
0;1741077385631;5307
0;1741077385809;5308
0;1741077389090;5309
0;1741077389437;5310
0;1741077394685;5311
9;1741077395731;5310
0;1741077395773;5312
9;1741077399773;5311
0;1741077400933;5313
9;1741077401805;5312
9;1741077401916;5313
0;1741077411646;5314
0;1741077413528;5315
9;1741077413922;5314
0;1741077417934;5316
9;1741077419050;5315
9;1741077420801;5316
9;1741077425991;5317
0;1741077426970;5317
0;1741077428562;5318
9;1741077430552;5318
0;1741077434166;5319
9;1741077434533;5319
9;1741077441287;5320
0;1741077444790;5320
9;1741077446043;5321
9;1741077446948;5322
0;1741077449006;5321
0;1741077453776;5322
9;1741077454941;5323
0;1741077456414;5323
0;1741077458621;5324
0;1741077458949;5325
9;1741077464392;5324
0;1741077468213;5326
0;1741077470222;5327
9;1741077470909;5325
9;1741077474795;5326
9;1741077477705;5327
9;1741077485367;5328
9;1741077486672;5329
0;1741077489046;5328
0;1741077492158;5329
9;1741077497422;5330
0;1741077498137;5330
0;1741077498351;5331
9;1741077498461;5331
0;1741077500104;5332
0;1741077503054;5333
9;1741077503448;5332
9;1741077505038;5333
9;1741077509384;5334
9;1741077511700;5335
0;1741077512837;5334
0;1741077516429;5335
0;1741077518053;5336
9;1741077519826;5336
0;1741077530596;5337
0;1741077533279;5338
9;1741077533599;5337
9;1741077539453;5338
9;1741077540224;5339
9;1741077540595;5340
9;1741077541898;5341
0;1741077545874;5339
9;1741077545940;5342
0;1741077546667;5340
0;1741077546844;5341
0;1741077549930;5342
0;1741077550393;5343
0;1741077555574;5344
0;1741077557257;5345
9;1741077561392;5343
0;1741077565848;5346
9;1741077569927;5344
9;1741077572633;5345
9;1741077573851;5346
0;1741077574052;5347
0;1741077579134;5348
9;1741077580812;5347
0;1741077581754;5349
0;1741077585027;5350
9;1741077586886;5348
9;1741077589904;5349
9;1741077590936;5350
9;1741077593905;5351
0;1741077596504;5351
9;1741077600144;5352
0;1741077601645;5352
0;1741077605296;5353
0;1741077613032;5354
0;1741077614167;5355
0;1741077614355;5356
9;1741077615116;5353
9;1741077616143;5354
9;1741077621776;5355
0;1741077622909;5357
9;1741077625225;5356
9;1741077625443;5357
9;1741077625575;5358
0;1741077626130;5358
9;1741077626726;5359
9;1741077633956;5360
0;1741077636805;5359
0;1741077640766;5360
0;1741077644467;5361
9;1741077650906;5361
9;1741077654759;5362
0;1741077655215;5362
9;1741077657129;5363
0;1741077657563;5363
9;1741077661512;5364
0;1741077662891;5364
0;1741077664932;5365
9;1741077666858;5365
9;1741077667146;5366
0;1741077668029;5366
0;1741077670225;5367
0;1741077682665;5368
0;1741077684157;5369
9;1741077684316;5367
9;1741077684404;5368
9;1741077687530;5369
9;1741077689471;5370
0;1741077691314;5370
0;1741077692536;5371
9;1741077692691;5371
9;1741077693084;5372
0;1741077700136;5372
9;1741077704127;5373
9;1741077704884;5374
0;1741077705465;5373
0;1741077709130;5374
0;1741077712249;5375
0;1741077712385;5376
9;1741077715030;5375
0;1741077722228;5377
9;1741077725069;5376
9;1741077726765;5377
0;1741077729121;5378
9;1741077738311;5378
0;1741077743075;5379
9;1741077744981;5379
0;1741077748195;5380
9;1741077748284;5380
9;1741077748591;5381
0;1741077750495;5381
9;1741077751266;5382
9;1741077753355;5383
0;1741077754874;5382
0;1741077756340;5383
9;1741077759807;5384
0;1741077761345;5384
9;1741077762660;5385
0;1741077769750;5385
9;1741077774139;5386
9;1741077775600;5387
0;1741077778962;5386
0;1741077780090;5387
9;1741077781148;5388
0;1741077783196;5388
0;1741077788631;5389
9;1741077791662;5389
9;1741077792706;5390
0;1741077794020;5390
0;1741077794254;5391
9;1741077794608;5391
9;1741077794683;5392
9;1741077803807;5393
9;1741077803828;5394
0;1741077807920;5392
9;1741077808745;5395
0;1741077809076;5393
9;1741077815559;5396
0;1741077817309;5394
0;1741077817946;5395
9;1741077821986;5397
0;1741077823554;5396
0;1741077825201;5397
9;1741077825759;5398
0;1741077827212;5398
9;1741077831327;5399
9;1741077832052;5400
0;1741077832743;5399
0;1741077839082;5400
0;1741077840802;5401
0;1741077849321;5402
9;1741077853165;5401
9;1741077854006;5402
0;1741077855259;5403
9;1741077856309;5403
9;1741077858403;5404
0;1741077859502;5404
0;1741077865662;5405
0;1741077866149;5406
0;1741077869701;5407
0;1741077870130;5408
9;1741077872964;5405
9;1741077873509;5406
9;1741077875473;5407
9;1741077876585;5408
9;1741077883600;5409
9;1741077892044;5410
0;1741077892159;5409
0;1741077892284;5410
9;1741077898258;5411
9;1741077898932;5412
9;1741077900324;5413
0;1741077900357;5411
9;1741077901219;5414
0;1741077903637;5412
0;1741077905048;5413
0;1741077905586;5414
0;1741077906138;5415
0;1741077917898;5416
9;1741077928493;5415
9;1741077931449;5416
9;1741077932483;5417
9;1741077935863;5418
9;1741077937323;5419
0;1741077937377;5417
0;1741077938024;5418
0;1741077940481;5419
9;1741077941579;5420
0;1741077942014;5420
0;1741077945618;5421
0;1741077947053;5422
9;1741077950723;5421
9;1741077951265;5422
0;1741077954392;5423
9;1741077957914;5423
9;1741077958585;5424
9;1741077959720;5425
9;1741077963252;5426
0;1741077964303;5424
0;1741077966691;5425
0;1741077969918;5426
9;1741077972066;5427
0;1741077973342;5427
9;1741077977248;5428
9;1741077978519;5429
0;1741077982028;5428
0;1741077985255;5429
0;1741077988277;5430
0;1741077993895;5431
9;1741077994026;5430
0;1741078003332;5432
9;1741078004732;5431
9;1741078007307;5432
9;1741078010534;5433
0;1741078011868;5433
0;1741078016119;5434
0;1741078018155;5435
9;1741078019391;5434
0;1741078020133;5436
0;1741078023826;5437
9;1741078024069;5435
9;1741078025034;5436
9;1741078027314;5437
9;1741078033045;5438
9;1741078037876;5439
0;1741078037890;5438
0;1741078039860;5439
0;1741078040547;5440
9;1741078042310;5440
9;1741078042916;5441
9;1741078050628;5442
0;1741078052589;5441
0;1741078053758;5442
9;1741078057846;5443
9;1741078058550;5444
9;1741078059233;5445
0;1741078061246;5443
9;1741078063595;5446
9;1741078063779;5447
0;1741078070906;5444
0;1741078071909;5445
0;1741078078164;5446
9;1741078079201;5448
0;1741078081748;5447
0;1741078082517;5448
9;1741078089387;5449
0;1741078089874;5449
0;1741078094228;5450
9;1741078096059;5450
0;1741078098403;5451
9;1741078098696;5451
0;1741078103767;5452
9;1741078108342;5452
0;1741078109742;5453
0;1741078112049;5454
9;1741078112669;5453
9;1741078115848;5454
9;1741078116352;5455
0;1741078119170;5455
9;1741078119803;5456
9;1741078123178;5457
9;1741078125626;5458
0;1741078127938;5456
0;1741078128519;5457
9;1741078130999;5459
9;1741078131016;5460
0;1741078131987;5458
0;1741078132965;5459
0;1741078136504;5460
9;1741078139339;5461
0;1741078142823;5461
0;1741078145108;5462
9;1741078146421;5462
0;1741078150925;5463
0;1741078152285;5464
9;1741078153795;5463
0;1741078157944;5465
9;1741078165650;5464
0;1741078168909;5466
9;1741078170423;5465
9;1741078172165;5466
9;1741078175773;5467
9;1741078176465;5468
9;1741078180214;5469
0;1741078185472;5467
0;1741078190132;5468
0;1741078190351;5469
0;1741078191119;5470
9;1741078191131;5470
9;1741078197230;5471
0;1741078198634;5471
9;1741078200525;5472
0;1741078200995;5472
9;1741078210641;5473
0;1741078211317;5473
0;1741078214660;5474
0;1741078215927;5475
9;1741078217246;5474
0;1741078218771;5476
0;1741078219741;5477
9;1741078225111;5475
9;1741078225832;5476
9;1741078228913;5477
9;1741078230787;5478
9;1741078231973;5479
0;1741078232437;5478
0;1741078235831;5479
0;1741078237843;5480
0;1741078239786;5481
0;1741078243206;5482
9;1741078244348;5480
0;1741078245046;5483
9;1741078247436;5481
9;1741078250029;5482
9;1741078251916;5483
0;1741078255231;5484
0;1741078260624;5485
9;1741078261225;5484
9;1741078261646;5485
9;1741078265220;5486
9;1741078274096;5487
9;1741078274295;5488
0;1741078274500;5486
0;1741078278602;5487
0;1741078278897;5488
9;1741078282097;5489
0;1741078283321;5489
9;1741078283537;5490
0;1741078288030;5490
0;1741078291292;5491
0;1741078292363;5492
0;1741078294990;5493
0;1741078297922;5494
9;1741078302173;5491
9;1741078302651;5492
9;1741078304060;5493
9;1741078305870;5494
0;1741078306469;5495
9;1741078313646;5495
9;1741078316300;5496
0;1741078325388;5496
9;1741078328178;5497
0;1741078334326;5497
0;1741078336024;5498
0;1741078336358;5499
9;1741078338653;5498
9;1741078339330;5499
9;1741078339628;5500
0;1741078341854;5500
9;1741078342024;5501
0;1741078344971;5501
9;1741078346140;5502
9;1741078347081;5503
9;1741078348594;5504
0;1741078354014;5502
0;1741078355810;5503
9;1741078357477;5505
0;1741078359394;5504
0;1741078362797;5505
0;1741078364478;5506
9;1741078365525;5506
0;1741078369864;5507
9;1741078374720;5507
9;1741078374737;5508
0;1741078379932;5508
9;1741078384304;5509
9;1741078387903;5510
9;1741078389249;5511
0;1741078390578;5509
0;1741078390932;5510
0;1741078393187;5511
0;1741078395672;5512
9;1741078397298;5512
9;1741078399618;5513
0;1741078401184;5513
0;1741078402505;5514
9;1741078403706;5514
9;1741078403759;5515
0;1741078416916;5515
9;1741078418490;5516
0;1741078422205;5516
9;1741078423676;5517
0;1741078426846;5517
0;1741078429780;5518
9;1741078431639;5518
9;1741078432124;5519
0;1741078435765;5519
9;1741078446154;5520
0;1741078447153;5520
0;1741078447772;5521
9;1741078450215;5521
0;1741078452253;5522
0;1741078452807;5523
0;1741078453302;5524
9;1741078454015;5522
9;1741078457573;5523
0;1741078457639;5525
0;1741078460640;5526
9;1741078461540;5524
9;1741078467394;5525
9;1741078473186;5526
9;1741078479059;5527
9;1741078479718;5528
0;1741078479732;5527
9;1741078480154;5529
0;1741078485951;5528
0;1741078487914;5529
0;1741078488195;5530
0;1741078491571;5531
9;1741078492713;5530
0;1741078493815;5532
9;1741078494095;5531
0;1741078495627;5533
0;1741078496974;5534
9;1741078500043;5532
9;1741078506055;5533
0;1741078508640;5535
9;1741078519782;5534
9;1741078520683;5535
9;1741078520867;5536
9;1741078521846;5537
9;1741078523303;5538
0;1741078525955;5536
0;1741078526485;5537
0;1741078530769;5538
0;1741078535964;5539
0;1741078539079;5540
9;1741078543533;5539
0;1741078550204;5541
9;1741078553713;5540
0;1741078554373;5542
0;1741078554670;5543
9;1741078554736;5541
0;1741078555697;5544
9;1741078556062;5542
9;1741078556387;5543
9;1741078563306;5544
9;1741078563540;5545
9;1741078563873;5546
0;1741078568252;5545
9;1741078569361;5547
0;1741078570334;5546
9;1741078572226;5548
0;1741078583178;5547
0;1741078583544;5548
9;1741078584139;5549
0;1741078585741;5549
0;1741078587523;5550
0;1741078590118;5551
9;1741078590370;5550
9;1741078597075;5551
9;1741078597341;5552
0;1741078599995;5552
9;1741078603218;5553
0;1741078605681;5553
9;1741078607286;5554
0;1741078609715;5554
0;1741078609861;5555
9;1741078610810;5555
0;1741078616553;5556
9;1741078618483;5556
9;1741078627205;5557
0;1741078631166;5557
9;1741078632018;5558
9;1741078632477;5559
9;1741078639843;5560
0;1741078640035;5558
0;1741078642494;5559
0;1741078643396;5560
0;1741078644096;5561
0;1741078647272;5562
9;1741078653272;5561
9;1741078655476;5562
0;1741078658958;5563
9;1741078659108;5563
0;1741078662443;5564
9;1741078664874;5564
0;1741078665627;5565
0;1741078670239;5566
9;1741078671310;5565
0;1741078674525;5567
0;1741078675348;5568
9;1741078679795;5566
9;1741078679844;5567
9;1741078679976;5568
0;1741078680237;5569
9;1741078685956;5569
0;1741078686176;5570
9;1741078690836;5570
0;1741078692080;5571
9;1741078700702;5571
0;1741078704929;5572
0;1741078705618;5573
9;1741078709059;5572
9;1741078710256;5573
0;1741078713281;5574
9;1741078713417;5574
0;1741078713623;5575
9;1741078713654;5575
9;1741078714893;5576
9;1741078715176;5577
0;1741078715890;5576
9;1741078726280;5578
9;1741078726629;5579
0;1741078727767;5577
0;1741078729268;5578
9;1741078730189;5580
0;1741078733425;5579
0;1741078734930;5580
0;1741078740977;5581
9;1741078742921;5581
9;1741078744588;5582
9;1741078751686;5583
9;1741078754241;5584
0;1741078760995;5582
9;1741078763231;5585
0;1741078763603;5583
0;1741078764905;5584
0;1741078765255;5585
9;1741078766297;5586
0;1741078770042;5586
0;1741078775453;5587
0;1741078778758;5588
9;1741078780143;5587
9;1741078782312;5588
0;1741078782859;5589
9;1741078783209;5589
9;1741078786327;5590
9;1741078790151;5591
0;1741078791606;5590
9;1741078797540;5592
0;1741078803924;5591
0;1741078807368;5592
9;1741078807685;5593
0;1741078807939;5593
0;1741078809200;5594
0;1741078814145;5595
9;1741078814838;5594
0;1741078817558;5596
0;1741078819259;5597
9;1741078823830;5595
0;1741078826066;5598
9;1741078826147;5596
9;1741078829960;5597
9;1741078835562;5598
9;1741078840955;5599
0;1741078841714;5599
9;1741078841889;5600
9;1741078849781;5601
0;1741078850096;5600
9;1741078852098;5602
0;1741078853666;5601
9;1741078854606;5603
0;1741078858574;5602
9;1741078861836;5604
0;1741078863013;5603
0;1741078864685;5604
0;1741078869097;5605
9;1741078869521;5605
9;1741078872223;5606
0;1741078872951;5606
9;1741078874520;5607
0;1741078875412;5607
9;1741078876211;5608
0;1741078876875;5608
0;1741078886718;5609
0;1741078891310;5610
9;1741078892673;5609
0;1741078893160;5611
9;1741078899147;5610
9;1741078900747;5611
0;1741078900879;5612
9;1741078903580;5612
0;1741078905481;5613
9;1741078906478;5613
0;1741078907681;5614
0;1741078907822;5615
9;1741078908040;5614
0;1741078910116;5616
9;1741078911182;5615
9;1741078913851;5616
9;1741078914525;5617
0;1741078914613;5617
0;1741078920985;5618
9;1741078928245;5618
9;1741078928955;5619
9;1741078930571;5620
9;1741078939410;5621
0;1741078939822;5619
9;1741078941152;5622
0;1741078941418;5620
0;1741078950721;5621
9;1741078951090;5623
0;1741078954199;5622
0;1741078956525;5623
0;1741078957957;5624
9;1741078959271;5624
0;1741078961497;5625
0;1741078961811;5626
9;1741078964334;5625
9;1741078969998;5626
0;1741078970261;5627
0;1741078970704;5628
9;1741078975258;5627
0;1741078981692;5629
9;1741078986477;5628
9;1741078991462;5629
0;1741078994090;5630
0;1741078997939;5631
9;1741078998954;5630
9;1741078999971;5631
9;1741079000519;5632
9;1741079002999;5633
0;1741079007795;5632
9;1741079009109;5634
9;1741079010862;5635
9;1741079012621;5636
0;1741079013086;5633
0;1741079014478;5634
9;1741079015778;5637
0;1741079016910;5635
9;1741079019366;5638
0;1741079022855;5636
0;1741079024786;5637
9;1741079024969;5639
0;1741079026477;5638
0;1741079029545;5639
0;1741079037577;5640
0;1741079038485;5641
0;1741079039984;5642
9;1741079041885;5640
9;1741079045260;5641
9;1741079051214;5642
9;1741079051875;5643
9;1741079055826;5644
0;1741079057514;5643
9;1741079058630;5645
0;1741079062949;5644
0;1741079065162;5645
0;1741079071647;5646
9;1741079072850;5646
9;1741079072862;5647
0;1741079074649;5647
0;1741079076318;5648
0;1741079085946;5649
0;1741079088627;5650
9;1741079089175;5648
9;1741079092531;5649
9;1741079093687;5650
0;1741079100765;5651
0;1741079100933;5652
9;1741079104578;5651
0;1741079108796;5653
0;1741079109968;5654
9;1741079114736;5652
0;1741079114758;5655
9;1741079115535;5653
0;1741079115689;5656
0;1741079117001;5657
9;1741079117011;5654
9;1741079117364;5655
9;1741079119513;5656
9;1741079120648;5657
9;1741079124159;5658
0;1741079124751;5658
9;1741079128444;5659
0;1741079129290;5659
0;1741079133648;5660
9;1741079136875;5660
0;1741079145915;5661
9;1741079148802;5661
9;1741079150101;5662
9;1741079152785;5663
0;1741079157899;5662
9;1741079161330;5664
0;1741079163468;5663
9;1741079167302;5665
9;1741079167898;5666
0;1741079169490;5664
0;1741079170344;5665
9;1741079174664;5667
9;1741079176709;5668
0;1741079177333;5666
0;1741079181448;5667
9;1741079181487;5669
0;1741079183152;5668
0;1741079184026;5669
9;1741079185079;5670
9;1741079185282;5671
9;1741079192360;5672
9;1741079194511;5673
0;1741079198723;5670
0;1741079200340;5671
9;1741079201925;5674
0;1741079202502;5672
0;1741079203928;5673
0;1741079207096;5674
0;1741079220491;5675
9;1741079222581;5675
9;1741079223188;5676
0;1741079224074;5676
0;1741079227775;5677
9;1741079228066;5677
0;1741079231819;5678
0;1741079232217;5679
9;1741079233395;5678
0;1741079234777;5680
9;1741079237748;5679
9;1741079241181;5680
0;1741079241829;5681
0;1741079241874;5682
9;1741079247589;5681
9;1741079253151;5682
9;1741079253872;5683
9;1741079257753;5684
9;1741079258833;5685
0;1741079258909;5683
0;1741079270773;5684
0;1741079273796;5685
9;1741079274140;5686
0;1741079274635;5686
0;1741079274954;5687
9;1741079279184;5687
0;1741079279259;5688
9;1741079280101;5688
0;1741079282717;5689
0;1741079284550;5690
9;1741079285027;5689
9;1741079285899;5690
9;1741079291203;5691
0;1741079293864;5691
0;1741079301556;5692
9;1741079302805;5692
9;1741079305437;5693
0;1741079305883;5693
0;1741079306987;5694
9;1741079308430;5694
9;1741079314037;5695
0;1741079316407;5695
9;1741079318187;5696
0;1741079320419;5696
9;1741079325437;5697
9;1741079325949;5698
0;1741079327262;5697
9;1741079330729;5699
0;1741079336163;5698
0;1741079337289;5699
0;1741079339011;5700
9;1741079344794;5700
0;1741079344829;5701
9;1741079345667;5701
0;1741079346261;5702
0;1741079348952;5703
9;1741079352595;5702
0;1741079354609;5704
9;1741079360883;5703
9;1741079362305;5704
9;1741079366756;5705
9;1741079367310;5706
0;1741079368324;5705
9;1741079369219;5707
0;1741079375788;5706
0;1741079378847;5707
0;1741079378953;5708
9;1741079379446;5708
0;1741079382159;5709
9;1741079383041;5709
0;1741079385281;5710
0;1741079387190;5711
9;1741079388270;5710
0;1741079391305;5712
9;1741079392262;5711
9;1741079398921;5712
0;1741079399290;5713
9;1741079404793;5713
9;1741079406226;5714
0;1741079408038;5714
0;1741079416012;5715
0;1741079420877;5716
0;1741079422778;5717
9;1741079424134;5715
0;1741079424851;5718
9;1741079425825;5716
0;1741079427677;5719
9;1741079429423;5717
9;1741079430077;5718
9;1741079434215;5719
0;1741079439871;5720
9;1741079440021;5720
9;1741079440375;5721
0;1741079446779;5721
9;1741079450242;5722
0;1741079450484;5722
0;1741079450787;5723
0;1741079453152;5724
0;1741079459082;5725
9;1741079460217;5723
9;1741079463053;5724
9;1741079463249;5725
0;1741079465524;5726
9;1741079465662;5726
9;1741079480892;5727
0;1741079483860;5727
9;1741079487301;5728
9;1741079490828;5729
9;1741079491074;5730
0;1741079492710;5728
0;1741079496197;5729
0;1741079497048;5730
9;1741079497487;5731
0;1741079500658;5731
0;1741079504792;5732
0;1741079505167;5733
9;1741079506074;5732
9;1741079506147;5733
0;1741079506309;5734
9;1741079507855;5734
9;1741079511003;5735
9;1741079511361;5736
0;1741079512642;5735
9;1741079520574;5737
0;1741079525790;5736
0;1741079529560;5737
9;1741079530791;5738
0;1741079532713;5738
0;1741079533710;5739
9;1741079534285;5739
0;1741079535034;5740
0;1741079540560;5741
9;1741079540977;5740
9;1741079542080;5741
0;1741079544960;5742
9;1741079546796;5742
0;1741079548480;5743
9;1741079551668;5743
9;1741079559902;5744
0;1741079561750;5744
0;1741079564051;5745
9;1741079565725;5745
0;1741079566194;5746
9;1741079570216;5746
9;1741079575000;5747
9;1741079578245;5748
9;1741079581473;5749
0;1741079583284;5747
9;1741079583443;5750
0;1741079585557;5748
0;1741079585945;5749
9;1741079586242;5751
0;1741079593040;5750
0;1741079595202;5751
0;1741079599857;5752
9;1741079602873;5752
0;1741079608456;5753
9;1741079608829;5753
9;1741079615079;5754
9;1741079617717;5755
0;1741079618010;5754
9;1741079619552;5756
9;1741079621176;5757
0;1741079622310;5755
0;1741079624348;5756
9;1741079627186;5758
0;1741079627238;5757
0;1741079627430;5758
9;1741079630648;5759
0;1741079633000;5759
0;1741079633027;5760
9;1741079633341;5760
0;1741079633607;5761
9;1741079646226;5761
0;1741079650351;5762
9;1741079654991;5762
9;1741079656195;5763
9;1741079658075;5764
0;1741079662177;5763
0;1741079665574;5764
0;1741079667319;5765
0;1741079670065;5766
9;1741079673438;5765
0;1741079675418;5767
0;1741079676625;5768
9;1741079677419;5766
9;1741079680259;5767
0;1741079683592;5769
9;1741079692881;5768
0;1741079693373;5770
0;1741079694781;5771
9;1741079695879;5769
9;1741079700684;5770
9;1741079702202;5771
9;1741079705077;5772
9;1741079705240;5773
0;1741079707687;5772
0;1741079709477;5773
0;1741079711973;5774
0;1741079712359;5775
0;1741079712873;5776
9;1741079716342;5774
9;1741079716447;5775
9;1741079717688;5776
0;1741079718526;5777
9;1741079718932;5777
9;1741079720489;5778
9;1741079731416;5779
0;1741079733333;5778
0;1741079736692;5779
0;1741079737957;5780
9;1741079738321;5780
0;1741079741567;5781
9;1741079743922;5781
9;1741079745584;5782
9;1741079748848;5783
0;1741079753498;5782
0;1741079757121;5783
9;1741079759051;5784
0;1741079759614;5784
0;1741079760188;5785
9;1741079763506;5785
9;1741079765516;5786
0;1741079766815;5786
9;1741079768413;5787
9;1741079770959;5788
0;1741079773435;5787
9;1741079775471;5789
9;1741079785968;5790
9;1741079789040;5791
0;1741079791447;5788
0;1741079792329;5789
0;1741079795246;5790
0;1741079796010;5791
9;1741079798157;5792
0;1741079801590;5792
9;1741079801797;5793
9;1741079808151;5794
0;1741079808444;5793
9;1741079809963;5795
9;1741079810059;5796
0;1741079811150;5794
0;1741079813728;5795
0;1741079826265;5796
0;1741079828488;5797
9;1741079830058;5797
0;1741079830322;5798
9;1741079831929;5798
9;1741079835029;5799
0;1741079836400;5799
0;1741079838424;5800
9;1741079839480;5800
0;1741079843790;5801
9;1741079850471;5801
9;1741079856574;5802
9;1741079857292;5803
9;1741079857328;5804
0;1741079858776;5802
0;1741079859262;5803
9;1741079859967;5805
0;1741079862629;5804
0;1741079868415;5805
9;1741079872205;5806
9;1741079873182;5807
0;1741079874176;5806
9;1741079874645;5808
9;1741079882362;5809
0;1741079884436;5807
0;1741079886411;5808
0;1741079887152;5809
0;1741079887285;5810
9;1741079889298;5810
9;1741079891296;5811
9;1741079892497;5812
9;1741079897453;5813
0;1741079899818;5811
0;1741079899830;5812
0;1741079903121;5813
9;1741079909099;5814
9;1741079910273;5815
0;1741079916168;5814
0;1741079917288;5815
9;1741079922199;5816
0;1741079923435;5816
0;1741079923947;5817
9;1741079926328;5817
0;1741079926810;5818
9;1741079931155;5818
9;1741079932920;5819
9;1741079936305;5820
0;1741079939188;5819
0;1741079940951;5820
9;1741079941304;5821
0;1741079941814;5821
0;1741079943940;5822
9;1741079950933;5822
9;1741079954918;5823
9;1741079960954;5824
0;1741079961369;5823
0;1741079964038;5824
0;1741079966306;5825
9;1741079966554;5825
9;1741079967085;5826
0;1741079967762;5826
0;1741079968175;5827
9;1741079969025;5827
9;1741079970340;5828
9;1741079979831;5829
0;1741079987794;5828
0;1741079987899;5829
0;1741079988590;5830
0;1741079996202;5831
0;1741079997372;5832
9;1741079998541;5830
9;1741080000082;5831
0;1741080001630;5833
9;1741080008522;5832
0;1741080009892;5834
0;1741080009901;5835
9;1741080014210;5833
9;1741080015166;5834
9;1741080016167;5835
0;1741080016739;5836
0;1741080023024;5837
9;1741080024195;5836
0;1741080025530;5838
9;1741080026311;5837
9;1741080032609;5838
0;1741080033723;5839
0;1741080038401;5840
9;1741080040278;5839
9;1741080040596;5840
0;1741080043444;5841
9;1741080044034;5841
0;1741080044130;5842
9;1741080044263;5842
0;1741080046013;5843
9;1741080048829;5843
0;1741080057877;5844
0;1741080061057;5845
9;1741080065162;5844
9;1741080066548;5845
9;1741080070503;5846
0;1741080074521;5846
0;1741080074905;5847
9;1741080075932;5847
9;1741080077112;5848
0;1741080081944;5848
9;1741080083262;5849
0;1741080084182;5849
0;1741080090768;5850
0;1741080090968;5851
9;1741080092978;5850
0;1741080094166;5852
0;1741080094770;5853
9;1741080099302;5851
9;1741080101423;5852
9;1741080104631;5853
9;1741080108806;5854
9;1741080111167;5855
0;1741080113197;5854
9;1741080115769;5856
0;1741080116228;5855
9;1741080118799;5857
0;1741080119480;5856
0;1741080123803;5857
0;1741080126446;5858
9;1741080134295;5858
0;1741080135189;5859
9;1741080137179;5859
9;1741080137527;5860
9;1741080138288;5861
9;1741080138434;5862
0;1741080142193;5860
0;1741080143018;5861
9;1741080155141;5863
9;1741080156669;5864
0;1741080157955;5862
0;1741080158553;5863
0;1741080164274;5864
0;1741080164321;5865
0;1741080164420;5866
9;1741080165174;5865
9;1741080166632;5866
9;1741080170572;5867
0;1741080172890;5867
9;1741080173376;5868
0;1741080175322;5868
0;1741080179963;5869
0;1741080185980;5870
0;1741080187678;5871
9;1741080188457;5869
0;1741080191354;5872
9;1741080194113;5870
9;1741080195768;5871
9;1741080198288;5872
9;1741080203639;5873
0;1741080209445;5873
9;1741080209670;5874
0;1741080213126;5874
9;1741080213736;5875
0;1741080214936;5875
9;1741080215489;5876
0;1741080222052;5876
0;1741080223065;5877
9;1741080224127;5877
0;1741080229485;5878
0;1741080230261;5879
9;1741080230435;5878
0;1741080235769;5880
9;1741080243271;5879
9;1741080245662;5880
0;1741080245800;5881
9;1741080249666;5881
9;1741080253346;5882
0;1741080259903;5882
0;1741080262362;5883
9;1741080262765;5883
0;1741080264491;5884
9;1741080265660;5884
9;1741080265826;5885
0;1741080267467;5885
9;1741080268799;5886
0;1741080273394;5886
0;1741080275679;5887
0;1741080281109;5888
9;1741080284939;5887
0;1741080285117;5889
9;1741080286752;5888
9;1741080291203;5889
9;1741080292846;5890
0;1741080292997;5890
0;1741080299231;5891
9;1741080300631;5891
9;1741080301175;5892
9;1741080301502;5893
0;1741080304894;5892
9;1741080306611;5894
0;1741080307181;5893
0;1741080309870;5894
0;1741080310655;5895
9;1741080310908;5895
9;1741080311370;5896
9;1741080316877;5897
9;1741080323677;5898
0;1741080333490;5896
0;1741080334887;5897
0;1741080339182;5898
0;1741080339289;5899
0;1741080341214;5900
0;1741080345666;5901
0;1741080346871;5902
9;1741080350480;5899
9;1741080351115;5900
9;1741080351663;5901
9;1741080356486;5902
9;1741080359422;5903
9;1741080360118;5904
0;1741080360906;5903
9;1741080363382;5905
0;1741080363869;5904
9;1741080364162;5906
9;1741080373532;5907
0;1741080374263;5905
0;1741080374746;5906
0;1741080378860;5907
9;1741080382838;5908
9;1741080383377;5909
0;1741080383461;5908
0;1741080383962;5909
0;1741080387112;5910
0;1741080387661;5911
0;1741080390125;5912
9;1741080391167;5910
0;1741080391633;5913
9;1741080401939;5911
9;1741080402261;5912
0;1741080402337;5914
9;1741080406581;5913
9;1741080408714;5914
9;1741080414936;5915
0;1741080415492;5915
9;1741080417093;5916
0;1741080418803;5916
0;1741080425148;5917
0;1741080426070;5918
0;1741080431391;5919
9;1741080436287;5917
9;1741080438306;5918
9;1741080439400;5919
0;1741080441057;5920
0;1741080441573;5921
9;1741080444338;5920
9;1741080452270;5921
0;1741080452660;5922
0;1741080453701;5923
9;1741080457518;5922
0;1741080457532;5924
9;1741080459020;5923
0;1741080462898;5925
9;1741080462979;5924
0;1741080465964;5926
9;1741080468815;5925
9;1741080472732;5926
0;1741080475043;5927
0;1741080476159;5928
9;1741080477816;5927
9;1741080479544;5928
0;1741080480796;5929
9;1741080482266;5929
0;1741080482505;5930
9;1741080485755;5930
0;1741080486353;5931
0;1741080490118;5932
9;1741080495410;5931
9;1741080499987;5932
0;1741080502345;5933
9;1741080504132;5933
0;1741080509787;5934
9;1741080510858;5934
0;1741080517226;5935
9;1741080519170;5935
0;1741080521777;5936
9;1741080522810;5936
9;1741080528901;5937
9;1741080530668;5938
9;1741080536318;5939
9;1741080537013;5940
0;1741080537084;5937
0;1741080540038;5938
0;1741080542390;5939
0;1741080547735;5940
9;1741080548953;5941
0;1741080549854;5941
9;1741080550187;5942
9;1741080554433;5943
9;1741080557177;5944
0;1741080563076;5942
0;1741080563639;5943
0;1741080565773;5944
0;1741080567673;5945
0;1741080570109;5946
0;1741080570223;5947
9;1741080570286;5945
9;1741080574493;5946
9;1741080575406;5947
9;1741080579915;5948
9;1741080582826;5949
0;1741080582939;5948
9;1741080583191;5950
9;1741080585876;5951
0;1741080589818;5949
0;1741080598200;5950
0;1741080601804;5951
9;1741080603484;5952
9;1741080607739;5953
0;1741080611192;5952
0;1741080612585;5953
0;1741080615021;5954
9;1741080616356;5954
9;1741080616489;5955
0;1741080617396;5955
0;1741080619613;5956
9;1741080620247;5956
9;1741080623808;5957
0;1741080624912;5957
0;1741080626151;5958
0;1741080626915;5959
9;1741080631021;5958
0;1741080639087;5960
0;1741080641811;5961
9;1741080644511;5959
9;1741080645295;5960
9;1741080646632;5961
0;1741080648271;5962
9;1741080649152;5962
0;1741080652182;5963
0;1741080652701;5964
0;1741080654540;5965
9;1741080659719;5963
9;1741080661057;5964
9;1741080668353;5965
0;1741080671345;5966
0;1741080673404;5967
0;1741080675392;5968
9;1741080675446;5966
9;1741080677729;5967
9;1741080680458;5968
9;1741080681381;5969
0;1741080683587;5969
9;1741080683709;5970
9;1741080688520;5971
0;1741080689998;5970
0;1741080694444;5971
0;1741080694672;5972
0;1741080699062;5973
9;1741080700127;5972
9;1741080700510;5973
0;1741080700549;5974
0;1741080704973;5975
9;1741080712092;5974
9;1741080712428;5975
9;1741080716637;5976
9;1741080718302;5977
0;1741080722358;5976
9;1741080725472;5978
0;1741080727453;5977
9;1741080730938;5979
0;1741080732596;5978
0;1741080740219;5979
0;1741080740901;5980
0;1741080743084;5981
9;1741080749522;5980
9;1741080750259;5981
9;1741080753041;5982
9;1741080754737;5983
9;1741080756757;5984
0;1741080762770;5982
0;1741080763755;5983
9;1741080765089;5985
0;1741080767537;5984
0;1741080767763;5985
9;1741080768148;5986
0;1741080768397;5986
9;1741080770339;5987
0;1741080773108;5987
0;1741080778044;5988
9;1741080781331;5988
9;1741080785574;5989
0;1741080789697;5989
9;1741080790005;5990
0;1741080794427;5990
9;1741080795915;5991
9;1741080797408;5992
0;1741080798866;5991
9;1741080800996;5993
0;1741080801937;5992
0;1741080804149;5993
0;1741080806080;5994
9;1741080810414;5994
9;1741080810965;5995
0;1741080811650;5995
9;1741080817453;5996
0;1741080825189;5996
0;1741080825202;5997
9;1741080826331;5997
0;1741080831151;5998
9;1741080832208;5998
0;1741080833424;5999
9;1741080838994;5999
9;1741080842543;6000
9;1741080843168;6001
0;1741080846193;6000
0;1741080846885;6001
0;1741080847670;6002
9;1741080848395;6002
9;1741080851482;6003
0;1741080856075;6003
0;1741080856708;6004
9;1741080857457;6004
0;1741080863053;6005
0;1741080863599;6006
9;1741080864521;6005
9;1741080866778;6006
0;1741080872576;6007
9;1741080872827;6007
0;1741080876830;6008
9;1741080878913;6008
0;1741080883080;6009
0;1741080888828;6010
9;1741080890401;6009
9;1741080895469;6010
9;1741080895587;6011
0;1741080897762;6011
9;1741080897890;6012
9;1741080900397;6013
0;1741080903215;6012
0;1741080904610;6013
9;1741080906940;6014
9;1741080911413;6015
9;1741080914184;6016
0;1741080915012;6014
9;1741080915304;6017
0;1741080916076;6015
0;1741080916544;6016
9;1741080916990;6018
0;1741080925894;6017
0;1741080927867;6018
9;1741080927978;6019
0;1741080930239;6019
0;1741080934378;6020
9;1741080941629;6020
9;1741080944339;6021
9;1741080948457;6022
0;1741080951770;6021
0;1741080954148;6022
9;1741080957806;6023
0;1741080959475;6023
0;1741080962741;6024
9;1741080965613;6024
9;1741080966603;6025
0;1741080968515;6025
0;1741080969845;6026
0;1741080970173;6027
9;1741080971344;6026
0;1741080976655;6028
0;1741080981943;6029
9;1741080982540;6027
9;1741080983290;6028
9;1741080985811;6029
0;1741080989139;6030
9;1741080993037;6030
0;1741080993306;6031
0;1741080994836;6032
9;1741080995341;6031
9;1741081000313;6032
9;1741081003652;6033
0;1741081004854;6033
9;1741081004999;6034
0;1741081008847;6034
0;1741081015958;6035
0;1741081016385;6036
9;1741081019660;6035
9;1741081020848;6036
9;1741081029711;6037
9;1741081030624;6038
9;1741081033129;6039
0;1741081033852;6037
9;1741081036000;6040
0;1741081036123;6038
9;1741081037019;6041
0;1741081043164;6039
0;1741081045162;6040
0;1741081045174;6041
9;1741081050803;6042
0;1741081054813;6042
0;1741081056669;6043
0;1741081060185;6044
0;1741081061641;6045
9;1741081065153;6043
9;1741081066787;6044
0;1741081067341;6046
9;1741081072208;6045
9;1741081076194;6046
9;1741081078541;6047
9;1741081078786;6048
9;1741081079765;6049
0;1741081088232;6047
9;1741081088759;6050
0;1741081089549;6048
0;1741081090826;6049
0;1741081091031;6050
0;1741081094192;6051
9;1741081094543;6051
9;1741081096404;6052
0;1741081098255;6052
0;1741081099937;6053
9;1741081100157;6053
9;1741081103149;6054
0;1741081104485;6054
9;1741081106486;6055
9;1741081116071;6056
9;1741081121265;6057
0;1741081121894;6055
0;1741081123281;6056
0;1741081124453;6057
0;1741081136978;6058
9;1741081138554;6058
9;1741081140004;6059
0;1741081143850;6059
9;1741081147942;6060
0;1741081148674;6060
9;1741081151184;6061
9;1741081151796;6062
0;1741081155503;6061
9;1741081155568;6063
9;1741081156048;6064
0;1741081157007;6062
0;1741081158621;6063
0;1741081161521;6064
0;1741081161756;6065
0;1741081166075;6066
9;1741081167510;6065
9;1741081168208;6066
0;1741081170194;6067
0;1741081180606;6068
0;1741081182549;6069
0;1741081184955;6070
9;1741081189583;6067
0;1741081189848;6071
9;1741081190868;6068
0;1741081192160;6072
9;1741081192580;6069
9;1741081192873;6070
9;1741081194634;6071
9;1741081195294;6072
0;1741081200038;6073
0;1741081201795;6074
0;1741081208245;6075
9;1741081209975;6073
0;1741081210362;6076
9;1741081211790;6074
9;1741081213387;6075
0;1741081217388;6077
9;1741081218182;6076
0;1741081220642;6078
9;1741081223065;6077
9;1741081224562;6078
0;1741081232195;6079
9;1741081232780;6079
0;1741081241801;6080
9;1741081243115;6080
9;1741081245742;6081
0;1741081253776;6081
0;1741081253919;6082
0;1741081254383;6083
0;1741081255144;6084
9;1741081256238;6082
0;1741081258075;6085
9;1741081265406;6083
0;1741081267399;6086
9;1741081268151;6084
9;1741081268885;6085
0;1741081271079;6087
0;1741081272540;6088
9;1741081275422;6086
9;1741081277453;6087
9;1741081280144;6088
9;1741081288988;6089
0;1741081289516;6089
0;1741081290934;6090
9;1741081294555;6090
0;1741081294857;6091
9;1741081294917;6091
0;1741081305154;6092
9;1741081308253;6092
0;1741081309616;6093
9;1741081310778;6093
0;1741081311409;6094
9;1741081312355;6094
9;1741081318005;6095
0;1741081320906;6095
9;1741081324741;6096
0;1741081324758;6096
0;1741081326712;6097
9;1741081327200;6097
0;1741081329033;6098
0;1741081331243;6099
9;1741081332744;6098
9;1741081336031;6099
0;1741081347391;6100
9;1741081348315;6100
9;1741081349791;6101
0;1741081349914;6101
9;1741081352230;6102
0;1741081352824;6102
9;1741081353590;6103
0;1741081359542;6103
0;1741081362863;6104
0;1741081369290;6105
9;1741081369644;6104
9;1741081370197;6105
0;1741081370946;6106
0;1741081373772;6107
9;1741081374276;6106
9;1741081379914;6107
9;1741081379954;6108
9;1741081380862;6109
9;1741081382966;6110
0;1741081383274;6108
0;1741081383592;6109
0;1741081387789;6110
9;1741081389615;6111
9;1741081391556;6112
0;1741081392227;6111
0;1741081392564;6112
9;1741081398395;6113
0;1741081399113;6113
9;1741081400211;6114
9;1741081409250;6115
0;1741081412988;6114
0;1741081417253;6115
0;1741081419477;6116
9;1741081419583;6116
0;1741081425012;6117
9;1741081426446;6117
0;1741081427469;6118
0;1741081428984;6119
0;1741081433716;6120
9;1741081435069;6118
9;1741081436132;6119
9;1741081437753;6120
9;1741081444949;6121
9;1741081447465;6122
9;1741081450428;6123
0;1741081452165;6121
9;1741081454357;6124
9;1741081455717;6125
9;1741081456265;6126
0;1741081456348;6122
0;1741081462589;6123
0;1741081465149;6124
0;1741081466852;6125
9;1741081470100;6127
0;1741081472518;6126
9;1741081474458;6128
9;1741081476058;6129
9;1741081477194;6130
0;1741081480162;6127
0;1741081486814;6128
0;1741081490499;6129
0;1741081491686;6130
9;1741081494892;6131
0;1741081499873;6131
0;1741081503573;6132
9;1741081507262;6132
9;1741081508927;6133
9;1741081510874;6134
0;1741081512652;6133
0;1741081514604;6134
0;1741081516951;6135
9;1741081519500;6135
9;1741081521061;6136
0;1741081522821;6136
0;1741081523681;6137
9;1741081525052;6137
9;1741081528544;6138
9;1741081530500;6139
0;1741081537810;6138
9;1741081540624;6140
0;1741081540649;6139
9;1741081542912;6141
0;1741081542921;6140
9;1741081548399;6142
9;1741081549990;6143
0;1741081550270;6141
0;1741081555038;6142
9;1741081558875;6144
0;1741081559902;6143
9;1741081561877;6145
0;1741081562811;6144
0;1741081565597;6145
9;1741081570584;6146
0;1741081573778;6146
0;1741081574576;6147
9;1741081578501;6147
9;1741081579781;6148
0;1741081581398;6148
0;1741081585933;6149
0;1741081587053;6150
0;1741081587919;6151
0;1741081592453;6152
9;1741081595117;6149
9;1741081595811;6150
9;1741081600101;6151
9;1741081601668;6152
0;1741081602650;6153
9;1741081603408;6153
9;1741081604826;6154
0;1741081604865;6154
9;1741081611953;6155
9;1741081615969;6156
9;1741081619399;6157
0;1741081619656;6155
0;1741081620464;6156
0;1741081624217;6157
0;1741081625559;6158
9;1741081625685;6158
0;1741081634179;6159
0;1741081635136;6160
9;1741081635216;6159
9;1741081636966;6160
0;1741081642225;6161
9;1741081646569;6161
9;1741081647164;6162
9;1741081654214;6163
0;1741081656256;6162
0;1741081657339;6163
9;1741081657373;6164
9;1741081658451;6165
0;1741081661189;6164
0;1741081663462;6165
0;1741081665162;6166
0;1741081665547;6167
0;1741081672161;6168
9;1741081679427;6166
9;1741081680902;6167
9;1741081682923;6168
0;1741081685370;6169
9;1741081685419;6169
9;1741081687120;6170
9;1741081690922;6171
0;1741081694418;6170
0;1741081695610;6171
9;1741081696380;6172
9;1741081696452;6173
0;1741081703208;6172
0;1741081703803;6173
0;1741081704764;6174
0;1741081705461;6175
9;1741081716244;6174
9;1741081716402;6175
9;1741081719526;6176
0;1741081720034;6176
9;1741081720764;6177
9;1741081721739;6178
9;1741081727045;6179
0;1741081728577;6177
9;1741081730128;6180
0;1741081732833;6178
0;1741081733697;6179
0;1741081736128;6180
0;1741081741472;6181
9;1741081749710;6181
0;1741081749994;6182
0;1741081750703;6183
0;1741081750733;6184
9;1741081751713;6182
9;1741081752929;6183
0;1741081755676;6185
9;1741081760841;6184
0;1741081763019;6186
9;1741081766634;6185
9;1741081766672;6186
0;1741081766903;6187
9;1741081780341;6187
0;1741081780787;6188
9;1741081784601;6188
0;1741081785801;6189
0;1741081786044;6190
9;1741081787589;6189
0;1741081788584;6191
9;1741081791363;6190
9;1741081796657;6191
9;1741081796667;6192
0;1741081798297;6192
9;1741081799972;6193
0;1741081800202;6193
0;1741081800478;6194
0;1741081802811;6195
9;1741081815361;6194
9;1741081819559;6195
0;1741081820095;6196
0;1741081824627;6197
9;1741081826282;6196
0;1741081827129;6198
0;1741081829684;6199
9;1741081830423;6197
0;1741081832028;6200
9;1741081834666;6198
9;1741081837784;6199
9;1741081840217;6200
9;1741081842699;6201
0;1741081843446;6201
9;1741081845174;6202
0;1741081847460;6202
9;1741081848714;6203
0;1741081850808;6203
0;1741081854643;6204
0;1741081859562;6205
9;1741081863230;6204
9;1741081864818;6205
9;1741081867890;6206
0;1741081871655;6206
9;1741081873187;6207
9;1741081877478;6208
9;1741081878096;6209
0;1741081878865;6207
9;1741081880673;6210
0;1741081882608;6208
0;1741081883479;6209
0;1741081884728;6210
9;1741081892726;6211
9;1741081896762;6212
9;1741081898051;6213
0;1741081902011;6211
0;1741081905241;6212
0;1741081906658;6213
0;1741081910185;6214
0;1741081911571;6215
9;1741081915534;6214
9;1741081917448;6215
0;1741081921875;6216
0;1741081924022;6217
9;1741081928118;6216
9;1741081929064;6217
9;1741081929778;6218
0;1741081930545;6218
9;1741081934777;6219
9;1741081936545;6220
0;1741081938466;6219
0;1741081942825;6220
9;1741081947701;6221
0;1741081948413;6221
9;1741081950186;6222
0;1741081951314;6222
0;1741081953851;6223
9;1741081954417;6223
0;1741081958461;6224
0;1741081966411;6225
9;1741081967933;6224
0;1741081968085;6226
9;1741081971668;6225
9;1741081973160;6226
0;1741081974645;6227
9;1741081976828;6227
0;1741081978877;6228
9;1741081979931;6228
0;1741081981086;6229
9;1741081986606;6229
9;1741081987381;6230
0;1741081988516;6230
0;1741081990207;6231
0;1741081991016;6232
0;1741081996105;6233
9;1741082001428;6231
9;1741082002345;6232
9;1741082012622;6233
0;1741082013757;6234
9;1741082015718;6234
9;1741082023007;6235
0;1741082024786;6235
9;1741082024798;6236
0;1741082025858;6236
0;1741082027242;6237
9;1741082028254;6237
9;1741082031524;6238
0;1741082033422;6238
0;1741082037177;6239
9;1741082041632;6239
9;1741082042037;6240
9;1741082049270;6241
0;1741082049378;6240
9;1741082050986;6242
0;1741082055610;6241
0;1741082056699;6242
0;1741082057736;6243
0;1741082057924;6244
0;1741082058860;6245
0;1741082062661;6246
9;1741082062958;6243
0;1741082066424;6247
9;1741082068061;6244
9;1741082069582;6245
9;1741082074751;6246
9;1741082080214;6247
9;1741082082971;6248
9;1741082083088;6249
0;1741082083694;6248
9;1741082093378;6250
9;1741082095428;6251
9;1741082095515;6252
0;1741082096867;6249
0;1741082100736;6250
0;1741082100915;6251
0;1741082103821;6252
0;1741082104853;6253
0;1741082107614;6254
0;1741082107934;6255
0;1741082111855;6256
9;1741082112050;6253
9;1741082115080;6254
0;1741082116511;6257
9;1741082117188;6255
0;1741082118370;6258
9;1741082121107;6256
9;1741082127799;6257
9;1741082130007;6258
0;1741082138119;6259
0;1741082140609;6260
9;1741082141589;6259
0;1741082144108;6261
9;1741082146513;6260
9;1741082150662;6261
9;1741082150960;6262
0;1741082151407;6262
9;1741082154720;6263
0;1741082155043;6263
0;1741082156337;6264
0;1741082163395;6265
9;1741082164335;6264
9;1741082167071;6265
0;1741082168143;6266
9;1741082169742;6266
9;1741082170535;6267
9;1741082177634;6268
0;1741082178519;6267
0;1741082180185;6268
9;1741082184100;6269
0;1741082189985;6269
9;1741082191723;6270
9;1741082192412;6271
9;1741082196402;6272
0;1741082196415;6270
0;1741082199662;6271
0;1741082202156;6272
9;1741082203218;6273
0;1741082203310;6273
0;1741082208435;6274
9;1741082213761;6274
0;1741082218675;6275
0;1741082222939;6276
9;1741082223228;6275
9;1741082223834;6276
0;1741082227457;6277
9;1741082231522;6277
0;1741082232306;6278
9;1741082232510;6278
0;1741082237211;6279
9;1741082240844;6279
9;1741082242353;6280
0;1741082243147;6280
9;1741082243803;6281
0;1741082247142;6281
0;1741082249083;6282
9;1741082252806;6282
0;1741082255043;6283
0;1741082258497;6284
0;1741082260051;6285
9;1741082263200;6283
9;1741082263864;6284
9;1741082270233;6285
0;1741082270311;6286
0;1741082277403;6287
0;1741082278505;6288
9;1741082278766;6286
9;1741082280290;6287
9;1741082280659;6288
9;1741082280795;6289
9;1741082283230;6290
9;1741082283922;6291
0;1741082288422;6289
9;1741082295413;6292
0;1741082296003;6290
0;1741082298820;6291
0;1741082299467;6292
0;1741082300166;6293
9;1741082301978;6293
0;1741082302952;6294
0;1741082305383;6295
9;1741082315714;6294
0;1741082317049;6296
9;1741082319790;6295
9;1741082322354;6296
9;1741082322850;6297
0;1741082328621;6297
9;1741082334162;6298
9;1741082336162;6299
9;1741082338329;6300
0;1741082339627;6298
0;1741082340920;6299
0;1741082341680;6300
0;1741082344180;6301
0;1741082345226;6302
9;1741082347093;6301
9;1741082354246;6302
0;1741082354285;6303
0;1741082357248;6304
9;1741082360915;6303
9;1741082367528;6304
9;1741082367919;6305
0;1741082368537;6305
9;1741082374887;6306
9;1741082376574;6307
0;1741082378063;6306
0;1741082378510;6307
9;1741082380078;6308
9;1741082380215;6309
0;1741082381110;6308
0;1741082386946;6309
9;1741082389511;6310
9;1741082391474;6311
0;1741082392887;6310
9;1741082393454;6312
0;1741082396681;6311
9;1741082407038;6313
0;1741082408562;6312
0;1741082408821;6313
0;1741082409734;6314
9;1741082410446;6314
0;1741082412618;6315
9;1741082420490;6315
9;1741082420786;6316
0;1741082422804;6316
9;1741082429083;6317
9;1741082430284;6318
0;1741082431127;6317
0;1741082431826;6318
0;1741082432316;6319
0;1741082435430;6320
9;1741082437429;6319
0;1741082440369;6321
0;1741082443902;6322
9;1741082446510;6320
9;1741082447479;6321
0;1741082451880;6323
9;1741082453529;6322
9;1741082456279;6323
9;1741082457725;6324
9;1741082458378;6325
0;1741082464407;6324
9;1741082468281;6326
9;1741082468304;6327
0;1741082470411;6325
9;1741082470584;6328
0;1741082472976;6326
0;1741082473181;6327
0;1741082475699;6328
0;1741082478436;6329
0;1741082491686;6330
9;1741082493170;6329
9;1741082496076;6330
0;1741082499576;6331
9;1741082503638;6331
9;1741082503750;6332
9;1741082506495;6333
9;1741082506951;6334
0;1741082507239;6332
0;1741082509747;6333
0;1741082513117;6334
0;1741082514828;6335
9;1741082515441;6335
0;1741082521365;6336
9;1741082521678;6336
9;1741082530578;6337
9;1741082532917;6338
0;1741082533370;6337
0;1741082534192;6338
0;1741082537441;6339
9;1741082537665;6339
0;1741082539579;6340
0;1741082540295;6341
9;1741082540477;6340
9;1741082543853;6341
0;1741082545006;6342
0;1741082551527;6343
0;1741082551872;6344
0;1741082554506;6345
9;1741082561411;6342
9;1741082564603;6343
9;1741082565927;6344
0;1741082566446;6346
9;1741082566761;6345
9;1741082567186;6346
9;1741082574004;6347
0;1741082575088;6347
9;1741082575116;6348
0;1741082576957;6348
9;1741082577661;6349
0;1741082578391;6349
0;1741082580119;6350
0;1741082582967;6351
9;1741082585474;6350
9;1741082589910;6351
0;1741082594238;6352
9;1741082594410;6352
0;1741082595176;6353
9;1741082606910;6353
0;1741082607458;6354
0;1741082616948;6355
0;1741082620097;6356
9;1741082620893;6354
0;1741082623930;6357
9;1741082625468;6355
0;1741082627080;6358
9;1741082632225;6356
9;1741082633148;6357
0;1741082634511;6359
9;1741082634709;6358
9;1741082635902;6359
9;1741082637547;6360
9;1741082639733;6361
0;1741082640584;6360
0;1741082641780;6361
0;1741082648033;6362
9;1741082652107;6362
9;1741082656155;6363
9;1741082659809;6364
0;1741082660004;6363
9;1741082663724;6365
0;1741082666310;6364
0;1741082668303;6365
9;1741082669065;6366
0;1741082678922;6366
9;1741082679174;6367
9;1741082682077;6368
0;1741082683017;6367
0;1741082684830;6368
0;1741082684881;6369
9;1741082687700;6369
0;1741082688668;6370
9;1741082693707;6370
0;1741082696802;6371
9;1741082696969;6371
0;1741082698060;6372
0;1741082698355;6373
0;1741082699144;6374
9;1741082700299;6372
9;1741082702769;6373
9;1741082705078;6374
9;1741082707426;6375
0;1741082707471;6375
9;1741082712338;6376
9;1741082713610;6377
0;1741082713817;6376
0;1741082721203;6377
0;1741082731390;6378
9;1741082732406;6378
9;1741082732417;6379
0;1741082732807;6379
0;1741082735459;6380
9;1741082742422;6380
9;1741082744310;6381
9;1741082746385;6382
0;1741082754128;6381
0;1741082754350;6382
0;1741082756491;6383
9;1741082757355;6383
9;1741082758685;6384
0;1741082759131;6384
0;1741082762601;6385
9;1741082767603;6385
9;1741082771451;6386
9;1741082774379;6387
9;1741082777156;6388
9;1741082781319;6389
0;1741082781351;6386
0;1741082781385;6387
9;1741082782229;6390
0;1741082784853;6388
0;1741082785436;6389
0;1741082785494;6390
9;1741082793923;6391
9;1741082797887;6392
0;1741082798417;6391
0;1741082806356;6392
9;1741082807820;6393
9;1741082809297;6394
0;1741082810180;6393
0;1741082813302;6394
9;1741082813519;6395
0;1741082816473;6395
0;1741082818868;6396
9;1741082818926;6396
9;1741082823714;6397
0;1741082823803;6397
9;1741082827226;6398
0;1741082828245;6398
0;1741082832312;6399
9;1741082835817;6399
0;1741082839756;6400
0;1741082841093;6401
9;1741082845620;6400
9;1741082851150;6401
9;1741082851584;6402
9;1741082851679;6403
9;1741082854019;6404
0;1741082855264;6402
0;1741082856913;6403
0;1741082864604;6404
9;1741082868434;6405
0;1741082870049;6405
0;1741082870116;6406
9;1741082870295;6406
9;1741082874418;6407
9;1741082876941;6408
0;1741082882611;6407
9;1741082885255;6409
9;1741082886800;6410
0;1741082888323;6408
9;1741082895530;6411
0;1741082895710;6409
9;1741082896947;6412
9;1741082897022;6413
0;1741082897172;6410
9;1741082903988;6414
0;1741082904637;6411
0;1741082905323;6412
9;1741082908209;6415
0;1741082911379;6413
9;1741082916274;6416
9;1741082919315;6417
0;1741082923140;6414
9;1741082924244;6418
0;1741082925822;6415
0;1741082928881;6416
9;1741082928939;6419
0;1741082929727;6417
9;1741082931208;6420
0;1741082935812;6418
0;1741082941623;6419
0;1741082944161;6420
9;1741082946929;6421
9;1741082947846;6422
9;1741082948084;6423
0;1741082949108;6421
9;1741082949870;6424
0;1741082955356;6422
0;1741082959812;6423
0;1741082964884;6424
0;1741082965778;6425
9;1741082967147;6425
9;1741082972332;6426
0;1741082972369;6426
0;1741082976495;6427
0;1741082980264;6428
0;1741082982586;6429
9;1741082985215;6427
9;1741082988741;6428
0;1741082989911;6430
0;1741082990729;6431
9;1741082995463;6429
9;1741083000259;6430
9;1741083001000;6431
0;1741083004999;6432
9;1741083006608;6432
9;1741083006915;6433
9;1741083009597;6434
0;1741083010010;6433
9;1741083010287;6435
0;1741083018271;6434
9;1741083020198;6436
0;1741083022399;6435
0;1741083023818;6436
9;1741083024832;6437
0;1741083026563;6437
9;1741083029654;6438
0;1741083031709;6438
0;1741083033117;6439
0;1741083038848;6440
9;1741083039616;6439
9;1741083044810;6440
0;1741083044958;6441
9;1741083048190;6441
9;1741083048573;6442
0;1741083054179;6442
9;1741083055556;6443
0;1741083057687;6443
0;1741083057735;6444
0;1741083060801;6445
9;1741083061650;6444
0;1741083064971;6446
9;1741083065105;6445
0;1741083066057;6447
9;1741083066846;6446
9;1741083076766;6447
9;1741083077132;6448
9;1741083077784;6449
9;1741083083156;6450
0;1741083087627;6448
0;1741083088196;6449
0;1741083092434;6450
0;1741083093248;6451
0;1741083096722;6452
0;1741083097040;6453
9;1741083098186;6451
0;1741083102656;6454
9;1741083102982;6452
9;1741083110011;6453
0;1741083116078;6455
0;1741083116309;6456
0;1741083118505;6457
9;1741083124587;6454
9;1741083125604;6455
0;1741083128165;6458
9;1741083128998;6456
9;1741083134184;6457
0;1741083134963;6459
0;1741083135658;6460
9;1741083140679;6458
9;1741083141322;6459
9;1741083142815;6460
0;1741083148848;6461
9;1741083149033;6461
9;1741083153802;6462
0;1741083154685;6462
0;1741083156340;6463
9;1741083158338;6463
9;1741083158777;6464
0;1741083159312;6464
9;1741083165330;6465
0;1741083168422;6465
0;1741083169470;6466
9;1741083175162;6466
9;1741083176515;6467
9;1741083177855;6468
9;1741083177948;6469
0;1741083180696;6467
0;1741083181189;6468
0;1741083181253;6469
9;1741083181678;6470
0;1741083184460;6470
9;1741083188275;6471
0;1741083189957;6471
9;1741083192357;6472
0;1741083200491;6472
0;1741083204026;6473
9;1741083205810;6473
0;1741083207754;6474
9;1741083208790;6474
0;1741083209648;6475
0;1741083210052;6476
9;1741083214595;6475
0;1741083215472;6477
9;1741083215702;6476
9;1741083225136;6477
9;1741083230039;6478
9;1741083234946;6479
0;1741083237709;6478
0;1741083242861;6479
0;1741083246061;6480
0;1741083246136;6481
9;1741083250209;6480
9;1741083250732;6481
9;1741083251921;6482
0;1741083252985;6482
9;1741083254360;6483
0;1741083255202;6483
0;1741083258404;6484
9;1741083259369;6484
9;1741083260968;6485
9;1741083262390;6486
0;1741083264768;6485
0;1741083265455;6486
0;1741083269117;6487
9;1741083273232;6487
0;1741083278404;6488
9;1741083280000;6488
9;1741083280871;6489
9;1741083281539;6490
0;1741083282514;6489
9;1741083295321;6491
9;1741083295925;6492
0;1741083297678;6490
9;1741083300889;6493
0;1741083301732;6491
0;1741083302599;6492
0;1741083302736;6493
0;1741083303333;6494
0;1741083306856;6495
0;1741083313076;6496
9;1741083314183;6494
9;1741083315133;6495
9;1741083315869;6496
9;1741083317863;6497
9;1741083321712;6498
0;1741083323960;6497
9;1741083327248;6499
0;1741083331389;6498
9;1741083335039;6500
0;1741083335785;6499
0;1741083339596;6500
0;1741083341399;6501
9;1741083347644;6501
0;1741083348681;6502
9;1741083350996;6502
0;1741083352885;6503
0;1741083356479;6504
9;1741083359825;6503
0;1741083360502;6505
9;1741083363648;6504
0;1741083370313;6506
0;1741083372903;6507
9;1741083375078;6505
9;1741083375787;6506
9;1741083378590;6507
9;1741083379405;6508
0;1741083379905;6508
9;1741083381517;6509
9;1741083381738;6510
0;1741083390131;6509
0;1741083392756;6510
9;1741083394140;6511
0;1741083401256;6511
0;1741083406140;6512
9;1741083407838;6512
9;1741083407852;6513
9;1741083408882;6514
0;1741083409883;6513
9;1741083410360;6515
0;1741083414922;6514
0;1741083419870;6515
0;1741083420046;6516
0;1741083421793;6517
0;1741083426494;6518
9;1741083430640;6516
9;1741083430924;6517
9;1741083432354;6518
9;1741083439273;6519
0;1741083439427;6519
0;1741083440034;6520
9;1741083445569;6520
9;1741083446427;6521
0;1741083449301;6521
0;1741083451833;6522
9;1741083452094;6522
0;1741083452416;6523
9;1741083455079;6523
9;1741083457758;6524
0;1741083459994;6524
9;1741083461429;6525
0;1741083463289;6525
9;1741083469441;6526
0;1741083474087;6526
9;1741083475562;6527
9;1741083480304;6528
0;1741083482483;6527
9;1741083484507;6529
9;1741083485694;6530
0;1741083485844;6528
9;1741083488284;6531
0;1741083488964;6529
0;1741083490456;6530
0;1741083492288;6531
0;1741083496230;6532
9;1741083499056;6532
0;1741083505349;6533
9;1741083507019;6533
9;1741083508892;6534
0;1741083511223;6534
0;1741083512218;6535
9;1741083515916;6535
0;1741083520707;6536
0;1741083523267;6537
9;1741083527856;6536
0;1741083528249;6538
0;1741083531440;6539
9;1741083531637;6537
9;1741083537290;6538
0;1741083539250;6540
9;1741083539561;6539
0;1741083541413;6541
0;1741083541714;6542
9;1741083542372;6540
9;1741083545237;6541
0;1741083553112;6543
0;1741083555316;6544
9;1741083555419;6542
9;1741083558912;6543
9;1741083562016;6544
9;1741083564484;6545
9;1741083566318;6546
0;1741083568435;6545
0;1741083575340;6546
9;1741083576340;6547
9;1741083577783;6548
0;1741083581004;6547
9;1741083582102;6549
0;1741083588038;6548
9;1741083588262;6550
0;1741083588426;6549
9;1741083594300;6551
0;1741083596470;6550
0;1741083597037;6551
0;1741083597607;6552
0;1741083599625;6553
0;1741083600689;6554
9;1741083601938;6552
9;1741083602019;6553
9;1741083602163;6554
9;1741083608656;6555
0;1741083617038;6555
0;1741083619616;6556
0;1741083620019;6557
9;1741083623552;6556
9;1741083628776;6557
9;1741083629418;6558
0;1741083630209;6558
9;1741083632631;6559
9;1741083634963;6560
0;1741083637391;6559
0;1741083639144;6560
0;1741083641731;6561
9;1741083642062;6561
0;1741083645675;6562
0;1741083646035;6563
0;1741083646231;6564
0;1741083655976;6565
9;1741083660517;6562
0;1741083662532;6566
0;1741083666292;6567
9;1741083669050;6563
9;1741083669735;6564
9;1741083670247;6565
0;1741083670615;6568
9;1741083672072;6566
9;1741083672280;6567
9;1741083672830;6568
9;1741083677521;6569
0;1741083677978;6569
9;1741083680923;6570
9;1741083686873;6571
0;1741083689644;6570
9;1741083690605;6572
0;1741083695974;6571
0;1741083702587;6572
0;1741083704830;6573
9;1741083707917;6573
0;1741083708652;6574
9;1741083709099;6574
9;1741083710833;6575
0;1741083711004;6575
9;1741083721228;6576
0;1741083721603;6576
0;1741083725858;6577
9;1741083726214;6577
0;1741083727207;6578
0;1741083732700;6579
9;1741083738452;6578
9;1741083740136;6579
9;1741083743913;6580
9;1741083744236;6581
0;1741083745711;6580
0;1741083751696;6581
0;1741083751717;6582
9;1741083752271;6582
0;1741083757341;6583
9;1741083757655;6583
9;1741083761817;6584
0;1741083766369;6584
9;1741083766946;6585
9;1741083770623;6586
9;1741083774068;6587
0;1741083775466;6585
0;1741083778664;6586
9;1741083780030;6588
9;1741083783878;6589
0;1741083789109;6587
0;1741083790433;6588
9;1741083794980;6590
0;1741083795319;6589
0;1741083796136;6590
0;1741083797421;6591
9;1741083800136;6591
9;1741083800547;6592
0;1741083801133;6592
9;1741083802385;6593
9;1741083804470;6594
0;1741083805215;6593
0;1741083805432;6594
0;1741083809846;6595
9;1741083812328;6595
9;1741083813368;6596
9;1741083814023;6597
0;1741083822780;6596
9;1741083822824;6598
0;1741083823115;6597
0;1741083824994;6598
0;1741083835999;6599
9;1741083844019;6599
0;1741083844330;6600
0;1741083845065;6601
9;1741083847000;6600
9;1741083847478;6601
9;1741083849414;6602
9;1741083850940;6603
0;1741083854606;6602
9;1741083859613;6604
0;1741083863938;6603
0;1741083864936;6604
9;1741083866522;6605
9;1741083867999;6606
9;1741083872576;6607
9;1741083872846;6608
9;1741083875619;6609
0;1741083876557;6605
0;1741083880052;6606
0;1741083880441;6607
0;1741083881718;6608
0;1741083884824;6609
0;1741083884976;6610
9;1741083887102;6610
0;1741083893293;6611
9;1741083894037;6611
0;1741083905730;6612
0;1741083906174;6613
9;1741083908847;6612
0;1741083916139;6614
9;1741083916550;6613
9;1741083917660;6614
9;1741083919590;6615
0;1741083922905;6615
0;1741083924484;6616
9;1741083927494;6616
9;1741083927830;6617
0;1741083929855;6617
0;1741083932412;6618
9;1741083935321;6618
9;1741083937890;6619
0;1741083938054;6619
9;1741083942662;6620
9;1741083942701;6621
9;1741083945123;6622
9;1741083947001;6623
0;1741083947082;6620
0;1741083949235;6621
0;1741083952062;6622
0;1741083953877;6623
9;1741083954374;6624
0;1741083960678;6624
0;1741083968497;6625
9;1741083970853;6625
9;1741083971360;6626
0;1741083973170;6626
0;1741083973288;6627
9;1741083974180;6627
0;1741083975946;6628
0;1741083976088;6629
9;1741083981854;6628
9;1741083982249;6629
0;1741083982687;6630
9;1741083984803;6630
9;1741083992032;6631
0;1741083994818;6631
0;1741084002130;6632
9;1741084002235;6632
9;1741084002404;6633
0;1741084002501;6633
9;1741084005185;6634
0;1741084007980;6634
0;1741084012471;6635
0;1741084016220;6636
0;1741084017140;6637
9;1741084018600;6635
9;1741084020379;6636
9;1741084022719;6637
9;1741084023492;6638
0;1741084030637;6638
0;1741084032040;6639
9;1741084036073;6639
9;1741084036274;6640
0;1741084044682;6640
0;1741084048861;6641
9;1741084049258;6641
9;1741084050600;6642
9;1741084051545;6643
0;1741084053806;6642
0;1741084056416;6643
9;1741084056526;6644
0;1741084056867;6644
9;1741084058900;6645
0;1741084059303;6645
9;1741084066119;6646
9;1741084075185;6647
0;1741084077087;6646
0;1741084077387;6647
0;1741084082660;6648
0;1741084084116;6649
0;1741084086376;6650
9;1741084087789;6648
9;1741084089148;6649
9;1741084092741;6650
0;1741084094184;6651
9;1741084098842;6651
9;1741084100514;6652
9;1741084106867;6653
9;1741084107322;6654
0;1741084107441;6652
9;1741084111927;6655
9;1741084112847;6656
0;1741084113971;6653
0;1741084114386;6654
9;1741084117455;6657
9;1741084120070;6658
9;1741084121615;6659
0;1741084121867;6655
0;1741084122629;6656
0;1741084125074;6657
0;1741084136107;6658
0;1741084136851;6659
9;1741084143565;6660
0;1741084144746;6660
0;1741084146256;6661
9;1741084147359;6661
9;1741084148471;6662
9;1741084154494;6663
0;1741084157709;6662
0;1741084159794;6663
9;1741084159968;6664
0;1741084161473;6664
9;1741084163187;6665
0;1741084163368;6665
0;1741084164246;6666
0;1741084169532;6667
0;1741084174417;6668
9;1741084179361;6666
9;1741084179546;6667
9;1741084179874;6668
9;1741084192199;6669
9;1741084195233;6670
0;1741084195874;6669
9;1741084197546;6671
0;1741084200108;6670
9;1741084200856;6672
9;1741084203596;6673
0;1741084204413;6671
0;1741084205476;6672
0;1741084206652;6673
0;1741084212129;6674
9;1741084212818;6674
0;1741084215406;6675
9;1741084216056;6675
9;1741084218951;6676
0;1741084220483;6676
0;1741084222798;6677
9;1741084226136;6677
0;1741084226540;6678
9;1741084226794;6678
0;1741084231991;6679
9;1741084235299;6679
0;1741084236649;6680
9;1741084239819;6680
0;1741084240418;6681
0;1741084245880;6682
0;1741084248776;6683
9;1741084252129;6681
9;1741084254326;6682
9;1741084257949;6683
0;1741084258444;6684
9;1741084258659;6684
0;1741084263941;6685
0;1741084266541;6686
9;1741084273533;6685
0;1741084274086;6687
9;1741084275259;6686
9;1741084276229;6687
0;1741084277416;6688
0;1741084281997;6689
9;1741084282010;6688
9;1741084283861;6689
9;1741084285951;6690
9;1741084288494;6691
0;1741084289254;6690
0;1741084290477;6691
0;1741084291664;6692
9;1741084297691;6692
0;1741084301535;6693
9;1741084302908;6693
0;1741084308188;6694
9;1741084308818;6694
9;1741084311373;6695
9;1741084313771;6696
0;1741084319790;6695
0;1741084322019;6696
9;1741084324219;6697
9;1741084326553;6698
0;1741084330065;6697
0;1741084331097;6698
0;1741084333342;6699
9;1741084333349;6699
0;1741084333372;6700
9;1741084336487;6700
0;1741084345708;6701
0;1741084347359;6702
0;1741084349665;6703
9;1741084353776;6701
9;1741084359298;6702
9;1741084361411;6703
9;1741084361774;6704
9;1741084363244;6705
0;1741084363972;6704
0;1741084364012;6705
9;1741084364593;6706
0;1741084367094;6706
0;1741084372315;6707
9;1741084376888;6707
9;1741084380989;6708
0;1741084382079;6708
0;1741084384022;6709
9;1741084388882;6709
0;1741084389600;6710
0;1741084390804;6711
0;1741084395579;6712
9;1741084398620;6710
0;1741084399808;6713
9;1741084405330;6711
0;1741084407351;6714
9;1741084412531;6712
9;1741084414873;6713
9;1741084415360;6714
9;1741084416286;6715
0;1741084416561;6715
0;1741084418352;6716
9;1741084421628;6716
9;1741084422080;6717
9;1741084423222;6718
0;1741084424929;6717
0;1741084425361;6718
9;1741084428860;6719
0;1741084431864;6719
9;1741084436511;6720
9;1741084437206;6721
0;1741084440843;6720
0;1741084443155;6721
9;1741084448250;6722
0;1741084451634;6722
0;1741084457207;6723
9;1741084460383;6723
9;1741084461639;6724
9;1741084462414;6725
0;1741084463138;6724
9;1741084465565;6726
9;1741084466265;6727
0;1741084466909;6725
0;1741084467928;6726
0;1741084470349;6727
9;1741084477652;6728
0;1741084479684;6728
0;1741084480973;6729
0;1741084486606;6730
0;1741084487563;6731
9;1741084489720;6729
0;1741084490495;6732
9;1741084499241;6730
9;1741084499467;6731
9;1741084501247;6732
9;1741084502316;6733
9;1741084505186;6734
0;1741084512280;6733
0;1741084516140;6734
0;1741084517691;6735
0;1741084520907;6736
9;1741084525583;6735
9;1741084525827;6736
0;1741084526247;6737
9;1741084526554;6737
0;1741084527492;6738
9;1741084530207;6738
0;1741084531748;6739
9;1741084532176;6739
0;1741084534934;6740
0;1741084535194;6741
9;1741084537511;6740
9;1741084539245;6741
9;1741084555650;6742
0;1741084558091;6742
0;1741084560184;6743
0;1741084560543;6744
9;1741084560780;6743
9;1741084564090;6744
0;1741084565031;6745
0;1741084571754;6746
9;1741084575038;6745
9;1741084575082;6746
0;1741084575095;6747
9;1741084577262;6747
0;1741084578266;6748
0;1741084588082;6749
0;1741084589002;6750
9;1741084589530;6748
0;1741084590641;6751
9;1741084592417;6749
9;1741084593221;6750
9;1741084593523;6751
9;1741084601080;6752
9;1741084601828;6753
0;1741084603994;6752
0;1741084605004;6753
0;1741084607331;6754
9;1741084608041;6754
0;1741084611775;6755
9;1741084612819;6755
0;1741084618103;6756
0;1741084620487;6757
9;1741084623830;6756
9;1741084626669;6757
9;1741084627218;6758
0;1741084627234;6758
9;1741084628967;6759
9;1741084629034;6760
0;1741084636535;6759
0;1741084637585;6760
9;1741084638042;6761
9;1741084638444;6762
9;1741084651164;6763
0;1741084653479;6761
0;1741084654436;6762
0;1741084654539;6763
0;1741084655300;6764
0;1741084664392;6765
9;1741084664830;6764
9;1741084668275;6765
9;1741084669245;6766
0;1741084671402;6766
9;1741084675003;6767
0;1741084678239;6767
9;1741084680614;6768
9;1741084683953;6769
0;1741084689051;6768
0;1741084691061;6769
0;1741084692991;6770
0;1741084694498;6771
9;1741084694564;6770
9;1741084695848;6771
0;1741084696119;6772
0;1741084701327;6773
0;1741084702532;6774
9;1741084702723;6772
9;1741084705784;6773
9;1741084705836;6774
0;1741084710294;6775
0;1741084715416;6776
9;1741084719515;6775
0;1741084720228;6777
9;1741084721424;6776
9;1741084727407;6777
9;1741084731122;6778
9;1741084736694;6779
0;1741084740880;6778
9;1741084741845;6780
0;1741084742150;6779
9;1741084742821;6781
9;1741084744188;6782
0;1741084744591;6780
0;1741084745875;6781
0;1741084748892;6782
9;1741084753305;6783
0;1741084753701;6783
9;1741084756101;6784
0;1741084756265;6784
0;1741084758021;6785
0;1741084761996;6786
9;1741084764505;6785
0;1741084767585;6787
9;1741084771672;6786
0;1741084776045;6788
0;1741084776833;6789
9;1741084780671;6787
9;1741084781061;6788
0;1741084785831;6790
9;1741084792731;6789
9;1741084793285;6790
9;1741084793777;6791
9;1741084796022;6792
0;1741084796531;6791
9;1741084799777;6793
9;1741084800773;6794
0;1741084805298;6792
0;1741084807644;6793
9;1741084811889;6795
0;1741084819409;6794
0;1741084819807;6795
0;1741084822880;6796
0;1741084823382;6797
9;1741084828686;6796
9;1741084829140;6797
9;1741084830986;6798
9;1741084835285;6799
0;1741084835335;6798
0;1741084836872;6799
9;1741084843502;6800
0;1741084845383;6800
0;1741084847962;6801
9;1741084849036;6801
0;1741084849105;6802
0;1741084852555;6803
9;1741084852943;6802
9;1741084855078;6803
9;1741084855295;6804
0;1741084856535;6804
9;1741084865999;6805
9;1741084867748;6806
0;1741084874977;6805
9;1741084875605;6807
0;1741084877244;6806
9;1741084878279;6808
0;1741084879534;6807
0;1741084879862;6808
9;1741084881337;6809
9;1741084881827;6810
0;1741084882394;6809
0;1741084884361;6810
9;1741084887979;6811
0;1741084888089;6811
9;1741084888458;6812
0;1741084904470;6812
9;1741084904771;6813
0;1741084905433;6813
9;1741084907712;6814
9;1741084908450;6815
9;1741084910950;6816
0;1741084914973;6814
9;1741084916459;6817
0;1741084917121;6815
0;1741084921261;6816
0;1741084922958;6817
0;1741084923044;6818
0;1741084924347;6819
0;1741084925549;6820
9;1741084933101;6818
9;1741084935587;6819
9;1741084936715;6820
0;1741084941190;6821
9;1741084944871;6821
9;1741084947471;6822
0;1741084952049;6822
9;1741084953222;6823
9;1741084956729;6824
0;1741084958572;6823
9;1741084959065;6825
0;1741084959883;6824
9;1741084961907;6826
0;1741084963546;6825
0;1741084965127;6826
9;1741084977059;6827
9;1741084980139;6828
0;1741084981721;6827
0;1741084986508;6828
9;1741084989432;6829
9;1741084990428;6830
0;1741084995751;6829
9;1741084996889;6831
9;1741084997766;6832
0;1741085003404;6830
0;1741085005340;6831
0;1741085006038;6832
0;1741085006780;6833
0;1741085007177;6834
9;1741085008736;6833
9;1741085009178;6834
0;1741085010791;6835
0;1741085018258;6836
9;1741085019077;6835
0;1741085022987;6837
9;1741085028194;6836
9;1741085030029;6837
0;1741085033711;6838
0;1741085038603;6839
9;1741085038614;6838
9;1741085039587;6839
9;1741085041145;6840
9;1741085042670;6841
0;1741085046966;6840
0;1741085049157;6841
0;1741085050464;6842
0;1741085054658;6843
9;1741085059113;6842
9;1741085062364;6843
9;1741085063181;6844
0;1741085066070;6844
0;1741085066358;6845
0;1741085075326;6846
9;1741085076106;6845
9;1741085079556;6846
0;1741085080291;6847
9;1741085080304;6847
9;1741085086795;6848
0;1741085090772;6848
0;1741085091528;6849
9;1741085091612;6849
9;1741085093125;6850
0;1741085093240;6850
0;1741085094343;6851
9;1741085100290;6851
9;1741085101083;6852
9;1741085106032;6853
9;1741085108771;6854
0;1741085109947;6852
0;1741085112961;6853
0;1741085115339;6854
9;1741085115771;6855
9;1741085119263;6856
9;1741085119629;6857
0;1741085119841;6855
0;1741085120621;6856
0;1741085120920;6857
9;1741085122052;6858
0;1741085127167;6858
0;1741085129312;6859
9;1741085132475;6859
9;1741085134307;6860
9;1741085136547;6861
0;1741085138484;6860
0;1741085147647;6861
0;1741085147929;6862
9;1741085151420;6862
9;1741085154193;6863
9;1741085156392;6864
9;1741085162449;6865
0;1741085169875;6863
0;1741085170969;6864
9;1741085171571;6866
0;1741085175017;6865
9;1741085176341;6867
0;1741085177641;6866
0;1741085180123;6867
9;1741085186641;6868
0;1741085188463;6868
0;1741085190588;6869
9;1741085190798;6869
9;1741085195733;6870
0;1741085199862;6870
0;1741085200092;6871
9;1741085200376;6871
0;1741085204469;6872
0;1741085206934;6873
9;1741085208559;6872
9;1741085209232;6873
9;1741085209405;6874
9;1741085211664;6875
9;1741085213914;6876
9;1741085216168;6877
0;1741085216751;6874
0;1741085219654;6875
9;1741085222422;6878
0;1741085222559;6876
0;1741085231398;6877
9;1741085233561;6879
0;1741085237142;6878
9;1741085238564;6880
0;1741085239316;6879
9;1741085242443;6881
0;1741085243910;6880
0;1741085244192;6881
9;1741085245694;6882
0;1741085246049;6882
0;1741085252966;6883
9;1741085254215;6883
0;1741085259976;6884
9;1741085260397;6884
0;1741085266569;6885
0;1741085267306;6886
9;1741085267395;6885
9;1741085268781;6886
9;1741085274654;6887
0;1741085276412;6887
9;1741085278244;6888
0;1741085281707;6888
9;1741085282993;6889
9;1741085289502;6890
9;1741085290109;6891
0;1741085291975;6889
0;1741085295122;6890
9;1741085295228;6892
9;1741085295360;6893
0;1741085297188;6891
0;1741085298997;6892
0;1741085299065;6893
0;1741085305256;6894
9;1741085311340;6894
0;1741085311438;6895
0;1741085316571;6896
9;1741085319698;6895
9;1741085320876;6896
0;1741085328572;6897
0;1741085329234;6898
9;1741085332134;6897
0;1741085332997;6899
9;1741085335098;6898
0;1741085338343;6900
9;1741085341202;6899
9;1741085345383;6900
9;1741085346638;6901
0;1741085351113;6901
9;1741085352563;6902
0;1741085353262;6902
9;1741085353302;6903
9;1741085356452;6904
0;1741085356722;6903
0;1741085361783;6904
0;1741085362443;6905
9;1741085368009;6905
9;1741085372532;6906
0;1741085379554;6906
9;1741085380246;6907
0;1741085380523;6907
9;1741085380987;6908
9;1741085385333;6909
0;1741085392798;6908
9;1741085393523;6910
0;1741085394065;6909
0;1741085394852;6910
0;1741085395072;6911
9;1741085395854;6911
0;1741085397637;6912
0;1741085399077;6913
9;1741085403223;6912
0;1741085403672;6914
9;1741085405596;6913
9;1741085413910;6914
0;1741085414190;6915
9;1741085416035;6915
0;1741085418180;6916
0;1741085422215;6917
9;1741085424250;6916
0;1741085426757;6918
0;1741085427124;6919
9;1741085434378;6917
9;1741085434763;6918
0;1741085435353;6920
9;1741085435493;6919
9;1741085441931;6920
0;1741085445440;6921
0;1741085446212;6922
9;1741085450104;6921
9;1741085450185;6922
9;1741085452806;6923
0;1741085453115;6923
0;1741085456790;6924
9;1741085462878;6924
0;1741085463218;6925
9;1741085465290;6925
0;1741085470880;6926
9;1741085477132;6926
0;1741085478169;6927
0;1741085483754;6928
0;1741085484414;6929
0;1741085485596;6930
9;1741085487349;6927
9;1741085487487;6928
9;1741085491874;6929
0;1741085492121;6931
9;1741085494374;6930
9;1741085496120;6931
0;1741085496823;6932
9;1741085501887;6932
9;1741085506236;6933
9;1741085507109;6934
0;1741085509584;6933
0;1741085509672;6934
9;1741085510357;6935
0;1741085512377;6935
0;1741085520011;6936
9;1741085526867;6936
9;1741085528532;6937
0;1741085530352;6937
0;1741085532722;6938
0;1741085535549;6939
0;1741085536841;6940
9;1741085540489;6938
9;1741085542311;6939
0;1741085545853;6941
9;1741085547795;6940
9;1741085547943;6941
0;1741085548670;6942
0;1741085549416;6943
9;1741085550662;6942
0;1741085556336;6944
0;1741085557595;6945
0;1741085562321;6946
9;1741085564428;6943
9;1741085564877;6944
9;1741085565107;6945
0;1741085565212;6947
9;1741085570894;6946
9;1741085573718;6947
0;1741085576138;6948
9;1741085579893;6948
0;1741085579964;6949
9;1741085588741;6949
0;1741085590533;6950
9;1741085593272;6950
9;1741085593954;6951
0;1741085594574;6951
0;1741085599671;6952
0;1741085603188;6953
9;1741085614927;6952
9;1741085615202;6953
9;1741085615228;6954
0;1741085617035;6954
9;1741085617984;6955
0;1741085618736;6955
9;1741085621083;6956
0;1741085625698;6956
9;1741085626567;6957
0;1741085628002;6957
9;1741085631889;6958
9;1741085634840;6959
0;1741085635771;6958
0;1741085639250;6959
0;1741085642089;6960
0;1741085644140;6961
0;1741085644844;6962
9;1741085648594;6960
9;1741085648891;6961
9;1741085649329;6962
9;1741085650792;6963
0;1741085657089;6963
0;1741085658351;6964
9;1741085663817;6964
9;1741085664719;6965
9;1741085667820;6966
9;1741085668678;6967
0;1741085670338;6965
9;1741085674930;6968
0;1741085675932;6966
9;1741085679727;6969
0;1741085680689;6967
0;1741085685631;6968
0;1741085686780;6969
9;1741085687227;6970
0;1741085694055;6970
0;1741085697655;6971
9;1741085701038;6971
9;1741085701352;6972
9;1741085703280;6973
0;1741085704086;6972
9;1741085707479;6974
0;1741085708907;6973
9;1741085712551;6975
0;1741085713579;6974
9;1741085714494;6976
9;1741085715070;6977
0;1741085716497;6975
0;1741085716972;6976
9;1741085729530;6978
9;1741085730283;6979
0;1741085731913;6977
0;1741085734922;6978
0;1741085735396;6979
0;1741085736602;6980
9;1741085743012;6980
0;1741085743551;6981
9;1741085747294;6981
0;1741085748088;6982
9;1741085752942;6982
0;1741085753993;6983
0;1741085754281;6984
0;1741085754454;6985
0;1741085757657;6986
9;1741085758971;6983
9;1741085761824;6984
0;1741085761879;6987
9;1741085763035;6985
9;1741085766370;6986
0;1741085775455;6988
0;1741085777112;6989
9;1741085786415;6987
9;1741085787911;6988
0;1741085790220;6990
9;1741085794143;6989
0;1741085795233;6991
9;1741085800042;6990
9;1741085800326;6991
0;1741085801991;6992
0;1741085802771;6993
0;1741085804175;6994
0;1741085805287;6995
9;1741085807662;6992
0;1741085809990;6996
9;1741085813741;6993
0;1741085815033;6997
9;1741085817262;6994
9;1741085820326;6995
9;1741085821928;6996
9;1741085823160;6997
0;1741085823422;6998
0;1741085827377;6999
9;1741085828099;6998
9;1741085836213;6999
0;1741085837312;7000
0;1741085843020;7001
9;1741085845672;7000
9;1741085848976;7001
0;1741085850315;7002
9;1741085851913;7002
0;1741085858466;7003
0;1741085862443;7004
0;1741085864113;7005
0;1741085865561;7006
9;1741085866050;7003
9;1741085866058;7004
0;1741085874259;7007
0;1741085876402;7008
0;1741085877323;7009
9;1741085877593;7005
9;1741085879511;7006
9;1741085881144;7007
9;1741085883160;7008
9;1741085885316;7009
0;1741085885990;7010
9;1741085890176;7010
9;1741085890439;7011
0;1741085897585;7011
0;1741085901287;7012
0;1741085901357;7013
9;1741085902841;7012
9;1741085908563;7013
9;1741085909426;7014
0;1741085913044;7014
9;1741085915935;7015
0;1741085915960;7015
0;1741085925030;7016
0;1741085933204;7017
0;1741085933634;7018
9;1741085934546;7016
9;1741085936270;7017
9;1741085937660;7018
9;1741085938175;7019
9;1741085940627;7020
0;1741085940900;7019
0;1741085943550;7020
9;1741085944923;7021
9;1741085946863;7022
9;1741085947634;7023
9;1741085951382;7024
0;1741085954635;7021
9;1741085955893;7025
0;1741085958058;7022
0;1741085958069;7023
9;1741085959924;7026
0;1741085965729;7024
0;1741085971357;7025
0;1741085974662;7026
9;1741085975223;7027
0;1741085975946;7027
9;1741085976185;7028
9;1741085978001;7029
0;1741085981481;7028
0;1741085982330;7029
0;1741085990587;7030
9;1741085992633;7030
9;1741085993606;7031
0;1741086001754;7031
0;1741086005235;7032
9;1741086006884;7032
9;1741086007354;7033
0;1741086010904;7033
0;1741086011287;7034
9;1741086012581;7034
0;1741086013209;7035
0;1741086018400;7036
9;1741086018432;7035
0;1741086018949;7037
9;1741086025787;7036
9;1741086027076;7037
0;1741086029880;7038
9;1741086030906;7038
0;1741086032192;7039
9;1741086034267;7039
9;1741086038195;7040
0;1741086039873;7040
0;1741086043281;7041
9;1741086046871;7041
9;1741086048365;7042
9;1741086051013;7043
9;1741086052599;7044
0;1741086056202;7042
0;1741086060801;7043
0;1741086064033;7044
0;1741086064721;7045
9;1741086066018;7045
9;1741086066243;7046
9;1741086068426;7047
0;1741086070096;7046
0;1741086073384;7047
9;1741086078126;7048
9;1741086080280;7049
9;1741086083923;7050
0;1741086084592;7048
9;1741086085428;7051
0;1741086088904;7049
0;1741086091424;7050
0;1741086094813;7051
9;1741086096607;7052
0;1741086099109;7052
9;1741086102955;7053
0;1741086105495;7053
0;1741086107423;7054
9;1741086111412;7054
0;1741086117439;7055
9;1741086118314;7055
9;1741086119770;7056
9;1741086120826;7057
0;1741086123555;7056
0;1741086126619;7057
0;1741086126845;7058
9;1741086127062;7058
0;1741086136522;7059
9;1741086137093;7059
0;1741086143086;7060
0;1741086143205;7061
9;1741086146227;7060
0;1741086148962;7062
9;1741086150177;7061
9;1741086150557;7062
0;1741086156294;7063
0;1741086157365;7064
9;1741086158499;7063
9;1741086161995;7064
9;1741086165916;7065
0;1741086167302;7065
9;1741086173208;7066
9;1741086173246;7067
0;1741086175069;7066
0;1741086176864;7067
0;1741086179414;7068
0;1741086181286;7069
9;1741086187619;7068
0;1741086188692;7070
9;1741086188848;7069
0;1741086190160;7071
9;1741086190999;7070
9;1741086193597;7071
9;1741086194511;7072
9;1741086203522;7073
0;1741086205264;7072
0;1741086206885;7073
9;1741086210596;7074
9;1741086212547;7075
0;1741086219325;7074
9;1741086220567;7076
0;1741086221482;7075
9;1741086222577;7077
0;1741086224043;7076
0;1741086225285;7077
0;1741086231500;7078
9;1741086232626;7078
9;1741086232994;7079
9;1741086233786;7080
0;1741086240468;7079
0;1741086241471;7080
0;1741086248201;7081
9;1741086250310;7081
0;1741086251780;7082
9;1741086255775;7082
9;1741086256418;7083
9;1741086257113;7084
0;1741086257709;7083
9;1741086258737;7085
9;1741086262331;7086
0;1741086266054;7084
9;1741086274997;7087
9;1741086275775;7088
0;1741086280537;7085
0;1741086281780;7086
0;1741086282486;7087
9;1741086284892;7089
0;1741086285776;7088
0;1741086286574;7089
9;1741086291833;7090
9;1741086292847;7091
9;1741086293307;7092
0;1741086294449;7090
0;1741086295223;7091
0;1741086297378;7092
0;1741086298821;7093
9;1741086300278;7093
0;1741086311579;7094
9;1741086314224;7094
0;1741086320452;7095
0;1741086322056;7096
0;1741086323738;7097
9;1741086325842;7095
9;1741086325886;7096
9;1741086329583;7097
9;1741086332363;7098
0;1741086333159;7098
0;1741086333444;7099
9;1741086333865;7099
0;1741086335008;7100
9;1741086336606;7100
9;1741086338228;7101
0;1741086349139;7101
9;1741086351865;7102
9;1741086352941;7103
0;1741086353529;7102
0;1741086355646;7103
0;1741086361975;7104
9;1741086362568;7104
0;1741086366938;7105
9;1741086367846;7105
9;1741086369374;7106
9;1741086371819;7107
9;1741086378463;7108
0;1741086379565;7106
0;1741086383883;7107
0;1741086386137;7108
0;1741086387589;7109
9;1741086388531;7109
9;1741086389958;7110
0;1741086390383;7110
0;1741086392037;7111
0;1741086395969;7112
0;1741086397099;7113
9;1741086399141;7111
9;1741086400047;7112
0;1741086400139;7114
9;1741086400748;7113
0;1741086406354;7115
9;1741086407438;7114
0;1741086412441;7116
9;1741086417929;7115
9;1741086420322;7116
0;1741086420517;7117
0;1741086421783;7118
9;1741086426111;7117
9;1741086433755;7118
9;1741086434834;7119
0;1741086437133;7119
9;1741086437713;7120
0;1741086437794;7120
9;1741086439773;7121
9;1741086442444;7122
0;1741086447539;7121
0;1741086454131;7122
0;1741086455801;7123
0;1741086458803;7124
9;1741086459950;7123
0;1741086464179;7125
9;1741086466195;7124
9;1741086466677;7125
9;1741086469148;7126
0;1741086473918;7126
0;1741086475479;7127
0;1741086477741;7128
9;1741086478066;7127
9;1741086478661;7128
9;1741086483334;7129
9;1741086484095;7130
0;1741086486784;7129
9;1741086486823;7131
9;1741086490004;7132
9;1741086491926;7133
0;1741086492377;7130
0;1741086495637;7131
0;1741086499928;7132
0;1741086502040;7133
9;1741086508394;7134
0;1741086508572;7134
0;1741086510981;7135
9;1741086517997;7135
0;1741086522721;7136
9;1741086523053;7136
0;1741086523270;7137
9;1741086528191;7137
9;1741086529750;7138
9;1741086530909;7139
0;1741086531513;7138
0;1741086533205;7139
0;1741086537897;7140
0;1741086539212;7141
9;1741086539342;7140
9;1741086540059;7141
9;1741086544697;7142
9;1741086551026;7143
0;1741086553203;7142
9;1741086554954;7144
9;1741086561583;7145
0;1741086561779;7143
0;1741086561814;7144
0;1741086564808;7145
9;1741086565923;7146
9;1741086572297;7147
0;1741086573412;7146
0;1741086575126;7147
9;1741086579897;7148
0;1741086580283;7148
9;1741086581266;7149
0;1741086588230;7149
9;1741086588935;7150
0;1741086588953;7150
9;1741086590429;7151
0;1741086607371;7151
9;1741086608308;7152
0;1741086609920;7152
0;1741086614160;7153
9;1741086614428;7153
9;1741086615560;7154
9;1741086615663;7155
0;1741086616068;7154
0;1741086618761;7155
9;1741086619617;7156
0;1741086620254;7156
0;1741086620549;7157
9;1741086620650;7157
0;1741086629982;7158
0;1741086631522;7159
9;1741086632053;7158
9;1741086632317;7159
0;1741086636119;7160
9;1741086645260;7160
9;1741086649200;7161
9;1741086651934;7162
0;1741086652404;7161
0;1741086658611;7162
0;1741086659075;7163
0;1741086661353;7164
9;1741086663447;7163
9;1741086664190;7164
0;1741086664427;7165
0;1741086665007;7166
9;1741086666641;7165
0;1741086669969;7167
9;1741086670134;7166
9;1741086672071;7167
9;1741086672607;7168
0;1741086673030;7168
0;1741086675751;7169
9;1741086680941;7169
9;1741086684624;7170
9;1741086686066;7171
0;1741086689994;7170
0;1741086690944;7171
0;1741086695612;7172
0;1741086698617;7173
9;1741086698740;7172
0;1741086700353;7174
9;1741086701389;7173
0;1741086705260;7175
9;1741086713661;7174
9;1741086716287;7175
9;1741086718337;7176
0;1741086722667;7176
9;1741086725233;7177
9;1741086727408;7178
0;1741086730829;7177
9;1741086731753;7179
0;1741086734902;7178
0;1741086739189;7179
0;1741086739884;7180
9;1741086744356;7180
0;1741086746743;7181
0;1741086751789;7182
9;1741086752767;7181
0;1741086755150;7183
9;1741086755166;7182
9;1741086755931;7183
0;1741086757102;7184
9;1741086761256;7184
9;1741086766827;7185
0;1741086768022;7185
0;1741086771022;7186
9;1741086772119;7186
0;1741086772514;7187
0;1741086779253;7188
0;1741086780288;7189
0;1741086787679;7190
9;1741086789087;7187
9;1741086789401;7188
9;1741086790663;7189
0;1741086790733;7191
9;1741086791188;7190
0;1741086800348;7192
9;1741086800888;7191
9;1741086801185;7192
0;1741086803458;7193
0;1741086806200;7194
0;1741086806893;7195
0;1741086812029;7196
9;1741086812898;7193
9;1741086814400;7194
9;1741086814733;7195
9;1741086815242;7196
0;1741086817740;7197
9;1741086819511;7197
0;1741086825529;7198
9;1741086828890;7198
0;1741086829980;7199
0;1741086830219;7200
0;1741086839454;7201
9;1741086841897;7199
9;1741086842147;7200
0;1741086844560;7202
9;1741086847049;7201
9;1741086852633;7202
0;1741086859175;7203
9;1741086859276;7203
0;1741086862466;7204
0;1741086863094;7205
9;1741086864795;7204
9;1741086866633;7205
9;1741086872004;7206
9;1741086873892;7207
9;1741086873904;7208
0;1741086878344;7206
0;1741086879906;7207
9;1741086880211;7209
0;1741086881336;7208
0;1741086881500;7209
9;1741086885870;7210
0;1741086891743;7210
0;1741086894414;7211
9;1741086895423;7211
9;1741086896966;7212
0;1741086899366;7212
0;1741086906796;7213
9;1741086907747;7213
9;1741086913882;7214
0;1741086916205;7214
0;1741086916725;7215
0;1741086918880;7216
9;1741086920941;7215
9;1741086922055;7216
0;1741086924670;7217
9;1741086925016;7217
0;1741086926211;7218
9;1741086929795;7218
0;1741086930715;7219
0;1741086938338;7220
9;1741086942208;7219
0;1741086944781;7221
9;1741086947625;7220
9;1741086949055;7221
0;1741086949170;7222
9;1741086951232;7222
9;1741086956225;7223
0;1741086958734;7223
9;1741086959236;7224
0;1741086960212;7224
0;1741086964666;7225
9;1741086966544;7225
0;1741086978127;7226
9;1741086979081;7226
9;1741086979463;7227
0;1741086982507;7227
0;1741086983029;7228
9;1741086984285;7228
0;1741086984750;7229
0;1741086987283;7230
9;1741086989641;7229
9;1741086989809;7230
0;1741086991659;7231
9;1741086996916;7231
0;1741086996943;7232
9;1741086998133;7232
0;1741087000346;7233
9;1741087002568;7233
9;1741087003108;7234
9;1741087005413;7235
9;1741087007749;7236
0;1741087009446;7234
0;1741087012465;7235
9;1741087026244;7237
0;1741087027589;7236
9;1741087028147;7238
9;1741087033448;7239
0;1741087036565;7237
0;1741087038128;7238
9;1741087038184;7240
0;1741087038426;7239
0;1741087046155;7240
0;1741087052132;7241
9;1741087053440;7241
0;1741087054725;7242
0;1741087055534;7243
9;1741087057045;7242
0;1741087058911;7244
9;1741087060340;7243
9;1741087065600;7244
9;1741087067230;7245
0;1741087075672;7245
0;1741087076120;7246
9;1741087077382;7246
9;1741087077652;7247
9;1741087079742;7248
0;1741087080189;7247
0;1741087080557;7248
0;1741087081867;7249
9;1741087083842;7249
0;1741087086093;7250
9;1741087089936;7250
0;1741087094972;7251
9;1741087096545;7251
9;1741087098708;7252
0;1741087105314;7252
0;1741087106877;7253
9;1741087107643;7253
9;1741087108674;7254
0;1741087110589;7254
9;1741087110605;7255
9;1741087111865;7256
0;1741087120255;7255
0;1741087121199;7256
9;1741087124369;7257
9;1741087126368;7258
0;1741087128230;7257
0;1741087128279;7258
9;1741087134658;7259
9;1741087139335;7260
0;1741087139891;7259
0;1741087140773;7260
9;1741087142211;7261
0;1741087142443;7261
0;1741087145543;7262
0;1741087146881;7263
0;1741087148962;7264
9;1741087151957;7262
9;1741087158564;7263
9;1741087163502;7264
9;1741087168529;7265
0;1741087169054;7265
0;1741087170570;7266
9;1741087174209;7266
9;1741087174342;7267
0;1741087174951;7267
0;1741087177310;7268
9;1741087178125;7268
9;1741087179614;7269
0;1741087184874;7269
0;1741087184923;7270
0;1741087187794;7271
9;1741087188470;7270
9;1741087194730;7271
9;1741087196596;7272
9;1741087199131;7273
0;1741087202092;7272
0;1741087209810;7273
0;1741087210012;7274
9;1741087213880;7274
0;1741087215440;7275
9;1741087215453;7275
9;1741087217984;7276
9;1741087226103;7277
9;1741087226198;7278
0;1741087228232;7276
0;1741087229579;7277
0;1741087230477;7278
9;1741087234609;7279
0;1741087234822;7279
0;1741087235106;7280
0;1741087240859;7281
0;1741087241398;7282
0;1741087244942;7283
0;1741087246076;7284
9;1741087247515;7280
9;1741087250012;7281
9;1741087251132;7282
9;1741087255407;7283
0;1741087257369;7285
9;1741087257500;7284
9;1741087259035;7285
9;1741087261503;7286
9;1741087261584;7287
0;1741087266230;7286
0;1741087269004;7287
9;1741087272405;7288
0;1741087275736;7288
9;1741087280800;7289
9;1741087284069;7290
0;1741087287741;7289
0;1741087290633;7290
0;1741087293199;7291
0;1741087293745;7292
0;1741087300392;7293
9;1741087300442;7291
9;1741087303125;7292
0;1741087308381;7294
9;1741087309918;7293
9;1741087311505;7294
9;1741087311672;7295
0;1741087318886;7295
0;1741087319357;7296
0;1741087320828;7297
9;1741087321494;7296
9;1741087329064;7297
0;1741087330672;7298
0;1741087331616;7299
9;1741087336388;7298
9;1741087337301;7299
0;1741087342115;7300
9;1741087342597;7300
9;1741087344071;7301
0;1741087344594;7301
0;1741087345574;7302
9;1741087353262;7302
0;1741087355908;7303
9;1741087356946;7303
0;1741087362556;7304
9;1741087362754;7304
0;1741087365295;7305
9;1741087366482;7305
9;1741087367180;7306
0;1741087371066;7306
0;1741087376789;7307
0;1741087376868;7308
9;1741087377847;7307
0;1741087378218;7309
9;1741087381708;7308
9;1741087384790;7309
9;1741087385308;7310
0;1741087391253;7310
9;1741087391429;7311
0;1741087392249;7311
9;1741087393789;7312
0;1741087399954;7312
9;1741087407745;7313
9;1741087408405;7314
0;1741087412372;7313
0;1741087412895;7314
9;1741087412968;7315
0;1741087413808;7315
9;1741087415574;7316
0;1741087415657;7316
9;1741087418307;7317
9;1741087422621;7318
0;1741087423268;7317
0;1741087423453;7318
9;1741087423602;7319
0;1741087435964;7319
0;1741087436811;7320
9;1741087442607;7320
9;1741087445432;7321
0;1741087447267;7321
9;1741087448004;7322
9;1741087448016;7323
0;1741087449472;7322
9;1741087450965;7324
0;1741087451492;7323
0;1741087453856;7324
0;1741087454113;7325
0;1741087463810;7326
9;1741087465893;7325
9;1741087468111;7326
9;1741087476331;7327
9;1741087476836;7328
9;1741087477226;7329
0;1741087480132;7327
9;1741087484688;7330
0;1741087488754;7328
0;1741087490869;7329
0;1741087492615;7330
9;1741087497040;7331
0;1741087497281;7331
0;1741087502980;7332
9;1741087505177;7332
0;1741087506720;7333
0;1741087510027;7334
9;1741087510135;7333
9;1741087510637;7334
9;1741087514676;7335
0;1741087522510;7335
9;1741087522900;7336
9;1741087523511;7337
0;1741087524259;7336
0;1741087525011;7337
0;1741087531619;7338
9;1741087531951;7338
9;1741087532700;7339
0;1741087535145;7339
9;1741087536291;7340
0;1741087538643;7340
9;1741087539866;7341
0;1741087544273;7341
0;1741087547153;7342
9;1741087549164;7342
0;1741087552997;7343
9;1741087554101;7343
0;1741087555733;7344
9;1741087560126;7344
9;1741087560493;7345
0;1741087565038;7345
9;1741087566150;7346
0;1741087566164;7346
0;1741087571150;7347
9;1741087571743;7347
0;1741087579207;7348
0;1741087583460;7349
0;1741087583760;7350
9;1741087584887;7348
9;1741087585760;7349
9;1741087587305;7350
9;1741087592282;7351
9;1741087597226;7352
0;1741087598668;7351
0;1741087608166;7352
0;1741087608953;7353
0;1741087611624;7354
9;1741087614732;7353
9;1741087615096;7354
0;1741087616531;7355
0;1741087618559;7356
9;1741087619378;7355
9;1741087621012;7356
0;1741087621475;7357
9;1741087623361;7357
0;1741087624192;7358
0;1741087629959;7359
9;1741087633567;7358
0;1741087633846;7360
9;1741087638673;7359
9;1741087638768;7360
9;1741087640445;7361
0;1741087646747;7361
9;1741087648244;7362
0;1741087650979;7362
9;1741087656976;7363
9;1741087657267;7364
0;1741087659511;7363
0;1741087665526;7364
9;1741087667080;7365
9;1741087667571;7366
9;1741087669936;7367
0;1741087670665;7365
0;1741087671801;7366
0;1741087674643;7367
9;1741087675096;7368
0;1741087676811;7368
9;1741087683476;7369
0;1741087686841;7369
9;1741087687159;7370
0;1741087690188;7370
0;1741087690642;7371
0;1741087695861;7372
9;1741087697593;7371
0;1741087699875;7373
0;1741087702335;7374
9;1741087703300;7372
9;1741087704790;7373
3;1741087706234;1
9;1741087708528;7374
9;1741087708873;7375
0;1741087714476;7375
0;1741087715428;7376
9;1741087719449;7376
0;1741087725679;7377
9;1741087728648;7377
9;1741087733656;7378
0;1741087733953;7378
0;1741087735644;7379
0;1741087740673;7380
0;1741087741070;7381
9;1741087744369;7379
9;1741087746960;7380
9;1741087747940;7381
9;1741087750752;7382
9;1741087751229;7383
0;1741087755158;7382
0;1741087756836;7383
0;1741087756876;7384
0;1741087763506;7385
9;1741087767549;7384
0;1741087770183;7386
0;1741087773351;7387
9;1741087774435;7385
9;1741087777200;7386
0;1741087782723;7388
0;1741087783998;7389
9;1741087785828;7387
0;1741087786336;7390
9;1741087788523;7388
9;1741087789586;7389
9;1741087791655;7390
9;1741087797912;7391
0;1741087799130;7391
0;1741087799972;7392
0;1741087803065;7393
9;1741087805868;7392
0;1741087808009;7394
9;1741087808459;7393
9;1741087810173;7394
9;1741087814696;7395
9;1741087820526;7396
9;1741087827081;7397
9;1741087828595;7398
9;1741087828848;7399
9;1741087848542;7400
9;1741087849578;7401
9;1741087853439;7402
9;1741087855708;7403
9;1741087856208;7404
9;1741087863718;7405
9;1741087868181;7406
9;1741087874201;7407
9;1741087877732;7408
9;1741087879239;7409
9;1741087894796;7410
9;1741087895703;7411
9;1741087901017;7412
9;1741087912624;7413
9;1741087918370;7414
9;1741087919604;7415
9;1741087921368;7416
9;1741087929967;7417
9;1741087930326;7418
9;1741087932227;7419
9;1741087935344;7420
9;1741087937446;7421
9;1741087938884;7422
9;1741087946545;7423
9;1741087963820;7424
9;1741087964294;7425
9;1741087980047;7426
9;1741087980566;7427
9;1741087980994;7428
9;1741087989856;7429
9;1741087995097;7430
9;1741087995939;7431
9;1741088003096;7432
9;1741088006315;7433
9;1741088007142;7434
9;1741088015145;7435
9;1741088015504;7436
9;1741088023957;7437
9;1741088030598;7438
9;1741088039357;7439
9;1741088045073;7440
9;1741088047519;7441
9;1741088051496;7442
9;1741088059874;7443
9;1741088064170;7444
9;1741088064954;7445
9;1741088071381;7446
9;1741088071616;7447
9;1741088078642;7448
9;1741088086849;7449
9;1741088092867;7450
9;1741088100717;7451
9;1741088103305;7452
9;1741088105588;7453
9;1741088108191;7454
9;1741088111591;7455
9;1741088115759;7456
9;1741088123287;7457
9;1741088126360;7458
9;1741088127049;7459
9;1741088141459;7460
9;1741088152691;7461
9;1741088155814;7462
9;1741088158224;7463
9;1741088162630;7464
9;1741088165476;7465
9;1741088171607;7466
9;1741088173135;7467
9;1741088181058;7468
9;1741088181660;7469
9;1741088182268;7470
9;1741088185841;7471
9;1741088201793;7472
9;1741088202067;7473
9;1741088202342;7474
9;1741088209461;7475
9;1741088214250;7476
9;1741088219791;7477
9;1741088222421;7478
9;1741088222722;7479
9;1741088238087;7480
9;1741088238195;7481
9;1741088250109;7482
9;1741088254639;7483
9;1741088264419;7484
9;1741088265757;7485
9;1741088281030;7486
9;1741088281508;7487
9;1741088285830;7488
9;1741088286722;7489
9;1741088293475;7490
9;1741088293918;7491
9;1741088299690;7492
9;1741088305964;7493
9;1741088311601;7494
9;1741088313417;7495
9;1741088324326;7496
9;1741088325490;7497
9;1741088332550;7498
9;1741088334814;7499
9;1741088335840;7500
9;1741088337898;7501
9;1741088340752;7502
9;1741088350557;7503
9;1741088359441;7504
9;1741088367062;7505
9;1741088368013;7506
9;1741088386890;7507
9;1741088386942;7508
9;1741088389812;7509
9;1741088396074;7510
9;1741088397541;7511
9;1741088403560;7512
9;1741088406102;7513
9;1741088407041;7514
9;1741088414987;7515
9;1741088416180;7516
9;1741088427849;7517
9;1741088432953;7518
9;1741088435313;7519
9;1741088436920;7520
9;1741088437660;7521
9;1741088440359;7522
9;1741088453240;7523
9;1741088459605;7524
9;1741088470379;7525
9;1741088474277;7526
9;1741088480676;7527
9;1741088486582;7528
9;1741088489493;7529
9;1741088497469;7530
9;1741088498975;7531
9;1741088503963;7532
9;1741088505113;7533
9;1741088510251;7534
9;1741088516161;7535
9;1741088521657;7536
9;1741088522261;7537
9;1741088530391;7538
9;1741088537062;7539
9;1741088546630;7540
9;1741088547917;7541
9;1741088554462;7542
9;1741088554750;7543
9;1741088558199;7544
9;1741088561234;7545
9;1741088568039;7546
9;1741088571071;7547
9;1741088574305;7548
9;1741088578274;7549
9;1741088583767;7550
9;1741088591194;7551
9;1741088605246;7552
9;1741088614202;7553
9;1741088615020;7554
9;1741088616628;7555
9;1741088619122;7556
9;1741088619683;7557
9;1741088633322;7558
9;1741088637071;7559
9;1741088639876;7560
9;1741088650648;7561
9;1741088655169;7562
9;1741088658516;7563
9;1741088667608;7564
9;1741088670082;7565
9;1741088673130;7566
9;1741088682199;7567
9;1741088684825;7568
9;1741088696818;7569
9;1741088699896;7570
9;1741088703987;7571
9;1741088705679;7572
9;1741088711572;7573
9;1741088712074;7574
9;1741088712887;7575
9;1741088714570;7576
9;1741088729130;7577
9;1741088736278;7578
9;1741088736737;7579
9;1741088738279;7580
9;1741088738445;7581
9;1741088741043;7582
9;1741088746730;7583
9;1741088761335;7584
9;1741088767208;7585
9;1741088768056;7586
9;1741088775278;7587
9;1741088778153;7588
9;1741088784771;7589
9;1741088788798;7590
9;1741088790119;7591
9;1741088797489;7592
9;1741088801681;7593
9;1741088823398;7594
9;1741088825582;7595
9;1741088827996;7596
9;1741088828656;7597
9;1741088832992;7598
9;1741088839277;7599
9;1741088841590;7600
9;1741088845411;7601
9;1741088852173;7602
9;1741088853546;7603
9;1741088860256;7604
9;1741088861173;7605
9;1741088862510;7606
9;1741088867257;7607
9;1741088883042;7608
9;1741088895607;7609
9;1741088899958;7610
9;1741088900508;7611
9;1741088900849;7612
9;1741088907731;7613
9;1741088908190;7614
9;1741088912080;7615
9;1741088915857;7616
9;1741088916672;7617
9;1741088919467;7618
9;1741088929467;7619
9;1741088932527;7620
9;1741088940461;7621
9;1741088956330;7622
9;1741088957235;7623
9;1741088961133;7624
9;1741088962670;7625
9;1741088968103;7626
9;1741088982388;7627
9;1741088983501;7628
9;1741088986358;7629
9;1741088988066;7630
9;1741088991730;7631
9;1741088992826;7632
9;1741089000812;7633
9;1741089005852;7634
9;1741089013846;7635
9;1741089020392;7636
9;1741089029285;7637
9;1741089037505;7638
9;1741089038829;7639
9;1741089042500;7640
9;1741089043936;7641
9;1741089050204;7642
9;1741089050569;7643
9;1741089064801;7644
9;1741089065462;7645
9;1741089068377;7646
9;1741089082040;7647
9;1741089083426;7648
9;1741089084521;7649
9;1741089088103;7650
9;1741089092381;7651
9;1741089102541;7652
9;1741089106695;7653
9;1741089109581;7654
9;1741089112528;7655
9;1741089116823;7656
9;1741089118847;7657
9;1741089130083;7658
9;1741089130867;7659
9;1741089139489;7660
9;1741089143502;7661
9;1741089147934;7662
9;1741089150894;7663
9;1741089157915;7664
9;1741089158373;7665
9;1741089167820;7666
9;1741089180150;7667
9;1741089183905;7668
9;1741089188568;7669
9;1741089191447;7670
9;1741089198187;7671
9;1741089201075;7672
9;1741089202355;7673
9;1741089205893;7674
9;1741089215976;7675
9;1741089224732;7676
9;1741089232438;7677
9;1741089232642;7678
9;1741089234489;7679
9;1741089234884;7680
9;1741089237916;7681
9;1741089253799;7682
9;1741089256672;7683
9;1741089257195;7684
9;1741089269250;7685
9;1741089273926;7686
9;1741089282690;7687
9;1741089288950;7688
9;1741089289542;7689
9;1741089294330;7690
9;1741089305156;7691
9;1741089306916;7692
9;1741089308613;7693
9;1741089314061;7694
9;1741089319159;7695
9;1741089325581;7696
9;1741089325686;7697
9;1741089326438;7698
9;1741089329675;7699
9;1741089334551;7700
9;1741089348076;7701
9;1741089348288;7702
9;1741089350420;7703
9;1741089359092;7704
9;1741089360902;7705
9;1741089361159;7706
9;1741089382453;7707
9;1741089384825;7708
9;1741089384943;7709
9;1741089387372;7710
9;1741089387497;7711
9;1741089390416;7712
9;1741089390604;7713
9;1741089397297;7714
9;1741089412683;7715
9;1741089414034;7716
9;1741089419511;7717
9;1741089421067;7718
9;1741089426057;7719
9;1741089437823;7720
9;1741089439766;7721
9;1741089444747;7722
9;1741089454400;7723
9;1741089455917;7724
9;1741089469068;7725
9;1741089475513;7726
9;1741089480399;7727
9;1741089485014;7728
9;1741089488023;7729
9;1741089492013;7730
9;1741089505880;7731
9;1741089510137;7732
9;1741089512992;7733
9;1741089514944;7734
9;1741089517032;7735
9;1741089517274;7736
9;1741089520020;7737
9;1741089524972;7738
9;1741089527921;7739
9;1741089538789;7740
9;1741089544831;7741
9;1741089545354;7742
9;1741089549508;7743
9;1741089560849;7744
9;1741089563848;7745
9;1741089569277;7746
9;1741089571797;7747
9;1741089579831;7748
9;1741089586008;7749
9;1741089586815;7750
9;1741089598108;7751
9;1741089600634;7752
9;1741089608437;7753
9;1741089608885;7754
9;1741089614853;7755
9;1741089620250;7756
9;1741089627293;7757
9;1741089630313;7758
9;1741089631526;7759
9;1741089635823;7760
9;1741089636378;7761
9;1741089654264;7762
9;1741089654530;7763
9;1741089661138;7764
9;1741089662041;7765
9;1741089663217;7766
9;1741089667484;7767
9;1741089675372;7768
9;1741089682635;7769
9;1741089699065;7770
9;1741089699803;7771
9;1741089703054;7772
9;1741089708224;7773
9;1741089710234;7774
9;1741089711979;7775
9;1741089719531;7776
9;1741089722271;7777
9;1741089730915;7778
9;1741089731890;7779
9;1741089731916;7780
9;1741089741302;7781
9;1741089744078;7782
9;1741089750397;7783
9;1741089761072;7784
9;1741089763915;7785
9;1741089774822;7786
9;1741089775872;7787
9;1741089785092;7788
9;1741089785434;7789
9;1741089789844;7790
9;1741089791958;7791
9;1741089795684;7792
9;1741089800633;7793
9;1741089811908;7794
9;1741089817169;7795
9;1741089820626;7796
9;1741089822310;7797
9;1741089827829;7798
9;1741089836035;7799
9;1741089840972;7800
9;1741089842516;7801
9;1741089852235;7802
9;1741089852532;7803
9;1741089857488;7804
9;1741089861744;7805
9;1741089872032;7806
9;1741089874289;7807
9;1741089876260;7808
9;1741089881235;7809
9;1741089884770;7810
9;1741089885662;7811
9;1741089899365;7812
9;1741089907172;7813
9;1741089912591;7814
9;1741089924668;7815
9;1741089924831;7816
9;1741089925835;7817
9;1741089928870;7818
9;1741089941080;7819
9;1741089947613;7820
9;1741089949174;7821
9;1741089952046;7822
9;1741089960166;7823
9;1741089967333;7824
9;1741089970853;7825
9;1741089970867;7826
9;1741089974096;7827
9;1741089976455;7828
9;1741089980224;7829
9;1741089987796;7830
9;1741089991556;7831
9;1741089993231;7832
9;1741090006064;7833
9;1741090009223;7834
9;1741090013759;7835
9;1741090016723;7836
9;1741090017165;7837
9;1741090027910;7838
9;1741090028663;7839
9;1741090030128;7840
9;1741090031784;7841
9;1741090045282;7842
9;1741090050941;7843
9;1741090051505;7844
9;1741090057041;7845
9;1741090071008;7846
9;1741090071682;7847
3;1741090074254;2
3;1741090075361;3
9;1741090081339;7848
9;1741090088511;7849
3;1741090092686;4
3;1741090093252;5
3;1741090098116;6
3;1741090102310;7
3;1741090103280;8
9;1741090104857;7850
9;1741090106105;7851
9;1741090106680;7852
9;1741090107236;7853
9;1741090109493;7854
3;1741090109816;9
9;1741090111970;7855
9;1741090112943;7856
3;1741090113700;10
9;1741090119698;7857
3;1741090120348;11
9;1741090124664;7858
9;1741090126867;7859
3;1741090128150;12
9;1741090130822;7860
3;1741090134475;13
3;1741090140228;14
3;1741090144077;15
9;1741090144944;7861
3;1741090146570;16
3;1741090148593;17
9;1741090150300;7862
3;1741090152341;18
3;1741090154954;19
3;1741090158934;20
3;1741090160649;21
9;1741090162105;7863
9;1741090164083;7864
9;1741090165926;7865
9;1741090166851;7866
9;1741090173001;7867
9;1741090175174;7868
3;1741090175194;22
3;1741090176756;23
9;1741090193273;7869
9;1741090194059;7870
3;1741090197134;24
9;1741090197496;7871
3;1741090199741;25
3;1741090200705;26
9;1741090204182;7872
3;1741090205019;27
9;1741090205347;7873
3;1741090205573;28
3;1741090211860;29
9;1741090214079;7874
9;1741090215330;7875
9;1741090217898;7876
3;1741090218222;30
3;1741090219401;31
3;1741090220888;32
3;1741090221017;33
9;1741090221307;7877
3;1741090222284;34
9;1741090228565;7878
9;1741090236172;7879
9;1741090243071;7880
3;1741090244903;35
9;1741090247934;7881
9;1741090248054;7882
3;1741090249090;36
9;1741090252934;7883
9;1741090255376;7884
3;1741090255810;37
3;1741090257190;38
3;1741090257301;39
3;1741090258399;40
3;1741090265616;41
3;1741090265636;42
9;1741090265965;7885
9;1741090269254;7886
3;1741090269725;43
9;1741090270933;7887
3;1741090275025;44
9;1741090280812;7888
3;1741090284254;45
3;1741090286907;46
9;1741090288967;7889
9;1741090290042;7890
9;1741090294441;7891
9;1741090298612;7892
3;1741090299531;47
3;1741090299757;48
3;1741090300182;49
3;1741090305665;50
3;1741090311668;51
9;1741090313017;7893
9;1741090314039;7894
3;1741090318645;52
9;1741090320145;7895
9;1741090323274;7896
3;1741090327427;53
9;1741090327483;7897
9;1741090328781;7898
9;1741090330254;7899
3;1741090331110;54
3;1741090338253;55
9;1741090342218;7900
9;1741090345489;7901
3;1741090346184;56
9;1741090348506;7902
3;1741090349449;57
9;1741090350143;7903
3;1741090353265;58
9;1741090360640;7904
3;1741090360814;59
9;1741090368056;7905
9;1741090372440;7906
3;1741090373733;60
9;1741090375225;7907
3;1741090376361;61
9;1741090379719;7908
9;1741090380598;7909
3;1741090382275;62
3;1741090383292;63
3;1741090384931;64
9;1741090386084;7910
3;1741090387523;65
9;1741090395827;7911
3;1741090398741;66
3;1741090400549;67
9;1741090401833;7912
3;1741090403285;68
3;1741090404117;69
9;1741090406620;7913
9;1741090411075;7914
9;1741090412142;7915
9;1741090415185;7916
9;1741090416163;7917
3;1741090418990;70
3;1741090421226;71
3;1741090425560;72
9;1741090426430;7918
9;1741090428333;7919
9;1741090431926;7920
3;1741090434608;73
3;1741090444286;74
3;1741090444303;75
9;1741090448759;7921
3;1741090451922;76
3;1741090453102;77
9;1741090455682;7922
3;1741090460586;78
3;1741090460837;79
3;1741090464173;80
9;1741090466965;7923
9;1741090468460;7924
9;1741090469737;7925
9;1741090471035;7926
3;1741090473221;81
3;1741090473943;82
3;1741090475879;83
9;1741090476690;7927
9;1741090477856;7928
9;1741090478031;7929
3;1741090486500;84
9;1741090490500;7930
3;1741090491668;85
9;1741090491693;7931
3;1741090494822;86
9;1741090495853;7932
3;1741090495924;87
3;1741090500451;88
9;1741090504351;7933
3;1741090504515;89
9;1741090508155;7934
3;1741090512588;90
3;1741090513716;91
3;1741090514936;92
9;1741090516993;7935
9;1741090522090;7936
9;1741090522486;7937
9;1741090523489;7938
9;1741090524519;7939
3;1741090527878;93
3;1741090536651;94
3;1741090540491;95
3;1741090541248;96
9;1741090542735;7940
9;1741090544707;7941
9;1741090548436;7942
3;1741090548457;97
3;1741090550233;98
3;1741090550805;99
3;1741090551154;100
9;1741090553457;7943
9;1741090557280;7944
3;1741090557816;101
9;1741090562320;7945
9;1741090562771;7946
3;1741090571838;102
3;1741090572527;103
9;1741090574117;7947
3;1741090577381;104
9;1741090577532;7948
9;1741090580934;7949
9;1741090588386;7950
3;1741090595150;105
3;1741090597398;106
9;1741090601756;7951
3;1741090607278;107
3;1741090607345;108
9;1741090608781;7952
9;1741090609915;7953
3;1741090610103;109
3;1741090610273;110
9;1741090613222;7954
3;1741090616744;111
3;1741090618807;112
9;1741090620791;7955
3;1741090623573;113
9;1741090629449;7956
9;1741090630091;7957
3;1741090631464;114
9;1741090633026;7958
9;1741090643447;7959
9;1741090645207;7960
9;1741090646053;7961
3;1741090650318;115
3;1741090650631;116
3;1741090653120;117
9;1741090653705;7962
3;1741090653808;118
9;1741090653949;7963
9;1741090656956;7964
9;1741090657124;7965
9;1741090657137;7966
3;1741090659315;119
3;1741090661251;120
3;1741090662775;121
9;1741090672198;7967
3;1741090676628;122
3;1741090676713;123
9;1741090678000;7968
9;1741090682084;7969
3;1741090687771;124
9;1741090691320;7970
3;1741090694533;125
9;1741090694729;7971
9;1741090696517;7972
9;1741090703372;7973
3;1741090703403;126
3;1741090703887;127
3;1741090706011;128
9;1741090713926;7974
9;1741090717978;7975
9;1741090720295;7976
3;1741090720753;129
9;1741090722820;7977
3;1741090723176;130
3;1741090724196;131
3;1741090726123;132
3;1741090726259;133
9;1741090727887;7978
3;1741090730876;134
3;1741090734059;135
9;1741090735738;7979
9;1741090738727;7980
3;1741090746176;136
9;1741090746750;7981
3;1741090754512;137
3;1741090757000;138
9;1741090759379;7982
9;1741090759955;7983
9;1741090760126;7984
9;1741090762661;7985
3;1741090763032;139
3;1741090763039;140
9;1741090763337;7986
9;1741090767218;7987
3;1741090771375;141
9;1741090772164;7988
3;1741090775644;142
3;1741090781960;143
3;1741090786008;144
9;1741090792238;7989
3;1741090792925;145
3;1741090794200;146
9;1741090795033;7990
3;1741090795791;147
3;1741090801033;148
9;1741090801660;7991
9;1741090805133;7992
9;1741090805663;7993
9;1741090806112;7994
9;1741090810097;7995
3;1741090811588;149
3;1741090812768;150
3;1741090816228;151
9;1741090818710;7996
9;1741090819568;7997
3;1741090823738;152
9;1741090827608;7998
3;1741090829346;153
3;1741090830149;154
9;1741090832363;7999
9;1741090835769;8000
9;1741090841978;8001
3;1741090842898;155
9;1741090843078;8002
9;1741090845562;8003
3;1741090848389;156
9;1741090851616;8004
9;1741090854115;8005
3;1741090856796;157
3;1741090857952;158
3;1741090865003;159
3;1741090870443;160
3;1741090872212;161
9;1741090872395;8006
9;1741090875485;8007
3;1741090876762;162
9;1741090878669;8008
3;1741090879630;163
3;1741090882736;164
9;1741090885907;8009
3;1741090886539;165
9;1741090888891;8010
3;1741090890273;166
3;1741090896659;167
9;1741090898250;8011
9;1741090901668;8012
9;1741090908740;8013
3;1741090908886;168
9;1741090909865;8014
3;1741090913532;169
3;1741090914732;170
9;1741090915344;8015
9;1741090916126;8016
9;1741090920666;8017
3;1741090921700;171
3;1741090921966;172
9;1741090927230;8018
9;1741090930829;8019
3;1741090930839;173
9;1741090931669;8020
3;1741090933151;174
9;1741090935078;8021
3;1741090935391;175
3;1741090936372;176
9;1741090945906;8022
9;1741090946646;8023
3;1741090954515;177
3;1741090961682;178
9;1741090964653;8024
3;1741090964865;179
3;1741090970295;180
9;1741090971150;8025
9;1741090976071;8026
3;1741090977280;181
3;1741090978758;182
3;1741090980073;183
9;1741090982979;8027
9;1741090984950;8028
9;1741090985933;8029
3;1741090987683;184
3;1741090989010;185
3;1741090995813;186
9;1741090996419;8030
9;1741090997670;8031
3;1741090998988;187
3;1741091002023;188
9;1741091003709;8032
9;1741091004316;8033
3;1741091005007;189
9;1741091007220;8034
3;1741091010748;190
9;1741091011181;8035
9;1741091012567;8036
3;1741091013727;191
9;1741091015782;8037
3;1741091019356;192
9;1741091030659;8038
9;1741091033997;8039
9;1741091034511;8040
3;1741091039549;193
3;1741091041577;194
3;1741091046359;195
9;1741091046672;8041
3;1741091048675;196
3;1741091049126;197
3;1741091049896;198
9;1741091055090;8042
3;1741091056970;199
9;1741091058170;8043
9;1741091058586;8044
3;1741091063564;200
9;1741091067134;8045
9;1741091069498;8046
9;1741091072362;8047
9;1741091073647;8048
3;1741091075308;201
9;1741091076618;8049
3;1741091077425;202
3;1741091078119;203
3;1741091085556;204
3;1741091085760;205
3;1741091086030;206
3;1741091092559;207
9;1741091100330;8050
9;1741091102734;8051
3;1741091112413;208
9;1741091115112;8052
9;1741091116395;8053
3;1741091117047;209
3;1741091117190;210
3;1741091119466;211
9;1741091119697;8054
9;1741091119777;8055
9;1741091120002;8056
3;1741091126929;212
9;1741091128719;8057
9;1741091128984;8058
3;1741091129522;213
9;1741091132838;8059
3;1741091138865;214
9;1741091139157;8060
3;1741091143210;215
9;1741091145215;8061
3;1741091145641;216
3;1741091147075;217
3;1741091150584;218
9;1741091154967;8062
9;1741091157762;8063
9;1741091160586;8064
9;1741091163550;8065
3;1741091165156;219
3;1741091165178;220
3;1741091165459;221
9;1741091166031;8066
9;1741091169343;8067
3;1741091170415;222
3;1741091172959;223
3;1741091177159;224
9;1741091178446;8068
9;1741091182825;8069
9;1741091184121;8070
9;1741091185933;8071
3;1741091186721;225
3;1741091188680;226
3;1741091196247;227
9;1741091197417;8072
9;1741091203953;8073
3;1741091204915;228
3;1741091206756;229
3;1741091206946;230
9;1741091210756;8074
3;1741091214284;231
9;1741091218077;8075
3;1741091226484;232
9;1741091229233;8076
3;1741091231535;233
3;1741091231898;234
3;1741091232602;235
9;1741091233088;8077
3;1741091234502;236
9;1741091236420;8078
9;1741091241619;8079
3;1741091242226;237
9;1741091242593;8080
9;1741091244397;8081
9;1741091244664;8082
9;1741091246477;8083
3;1741091254511;238
9;1741091256132;8084
3;1741091258585;239
3;1741091258652;240
3;1741091265434;241
3;1741091267535;242
3;1741091270755;243
9;1741091272633;8085
9;1741091275130;8086
9;1741091276380;8087
3;1741091278652;244
9;1741091279148;8088
9;1741091280747;8089
9;1741091282922;8090
3;1741091284957;245
3;1741091288806;246
3;1741091302239;247
3;1741091303399;248
9;1741091303837;8091
9;1741091304158;8092
3;1741091306039;249
9;1741091306703;8093
9;1741091308420;8094
9;1741091309790;8095
3;1741091313815;250
9;1741091314704;8096
3;1741091325007;251
9;1741091329710;8097
3;1741091333095;252
3;1741091335807;253
9;1741091336857;8098
9;1741091337452;8099
3;1741091339253;254
3;1741091343943;255
3;1741091345579;256
9;1741091348647;8100
9;1741091350383;8101
9;1741091351415;8102
3;1741091352535;257
9;1741091353721;8103
9;1741091359250;8104
3;1741091365011;258
9;1741091365079;8105
9;1741091366167;8106
3;1741091367714;259
3;1741091369936;260
3;1741091371081;261
3;1741091371326;262
3;1741091375343;263
3;1741091376158;264
9;1741091377995;8107
3;1741091382288;265
3;1741091382633;266
9;1741091385349;8108
9;1741091389487;8109
9;1741091391291;8110
9;1741091392381;8111
3;1741091392945;267
3;1741091394139;268
3;1741091397356;269
9;1741091403142;8112
9;1741091410345;8113
3;1741091415691;270
9;1741091419404;8114
3;1741091420209;271
9;1741091420228;8115
9;1741091421176;8116
9;1741091429923;8117
3;1741091432013;272
9;1741091432757;8118
3;1741091434481;273
3;1741091436778;274
9;1741091438035;8119
9;1741091440383;8120
9;1741091441443;8121
3;1741091445658;275
3;1741091445946;276
3;1741091451384;277
9;1741091455779;8122
9;1741091455835;8123
9;1741091462215;8124
9;1741091465478;8125
3;1741091465587;278
3;1741091466601;279
3;1741091467412;280
3;1741091468079;281
3;1741091476672;282
9;1741091477728;8126
9;1741091478093;8127
9;1741091481151;8128
9;1741091483913;8129
9;1741091485004;8130
3;1741091485017;283
3;1741091485746;284
3;1741091491205;285
3;1741091492093;286
9;1741091493288;8131
9;1741091497076;8132
3;1741091498953;287
3;1741091500922;288
9;1741091501429;8133
3;1741091501907;289
9;1741091503987;8134
9;1741091505894;8135
3;1741091522261;290
3;1741091524329;291
3;1741091524799;292
9;1741091525556;8136
9;1741091531411;8137
3;1741091533886;293
9;1741091534068;8138
3;1741091534794;294
9;1741091535083;8139
3;1741091537868;295
9;1741091545855;8140
3;1741091546230;296
3;1741091549945;297
3;1741091553060;298
9;1741091554050;8141
9;1741091559887;8142
3;1741091559900;299
9;1741091560370;8143
3;1741091561796;300
3;1741091565249;301
9;1741091565413;8144
9;1741091566247;8145
9;1741091566349;8146
3;1741091566948;302
3;1741091574318;303
9;1741091574887;8147
3;1741091575255;304
9;1741091583563;8148
9;1741091584170;8149
3;1741091584286;305
9;1741091585751;8150
3;1741091591492;306
9;1741091593057;8151
3;1741091593709;307
9;1741091596088;8152
9;1741091604471;8153
9;1741091607828;8154
3;1741091612288;308
3;1741091614648;309
3;1741091619723;310
3;1741091622331;311
9;1741091624183;8155
9;1741091626136;8156
9;1741091629204;8157
3;1741091629784;312
9;1741091630267;8158
3;1741091632898;313
3;1741091637009;314
3;1741091637239;315
9;1741091638777;8159
3;1741091638957;316
9;1741091640450;8160
9;1741091643722;8161
3;1741091646636;317
3;1741091656562;318
3;1741091658947;319
9;1741091660670;8162
3;1741091661682;320
3;1741091661696;321
9;1741091661867;8163
9;1741091665228;8164
3;1741091666393;322
9;1741091668275;8165
9;1741091668499;8166
3;1741091672777;323
3;1741091679304;324
9;1741091681898;8167
3;1741091681947;325
9;1741091683077;8168
9;1741091684051;8169
9;1741091684564;8170
9;1741091689723;8171
3;1741091691938;326
3;1741091698576;327
9;1741091705656;8172
9;1741091708266;8173
3;1741091712302;328
3;1741091714088;329
3;1741091714648;330
9;1741091715352;8174
9;1741091715507;8175
3;1741091716408;331
3;1741091716702;332
9;1741091721591;8176
9;1741091725114;8177
9;1741091725491;8178
3;1741091726826;333
9;1741091734122;8179
3;1741091734544;334
9;1741091736787;8180
3;1741091740577;335
3;1741091748177;336
9;1741091749034;8181
9;1741091752421;8182
9;1741091755936;8183
3;1741091757274;337
3;1741091758615;338
9;1741091759422;8184
3;1741091760759;339
9;1741091760767;8185
9;1741091766482;8186
3;1741091767199;340
3;1741091770157;341
9;1741091773007;8187
9;1741091778072;8188
3;1741091778449;342
3;1741091790654;343
3;1741091791022;344
9;1741091791576;8189
3;1741091792550;345
3;1741091796619;346
9;1741091797360;8190
9;1741091798563;8191
3;1741091799754;347
9;1741091800848;8192
9;1741091805391;8193
3;1741091805427;348
3;1741091812190;349
3;1741091813190;350
3;1741091816264;351
9;1741091816982;8194
9;1741091817022;8195
3;1741091819496;352
3;1741091820347;353
9;1741091825862;8196
9;1741091827268;8197
9;1741091831270;8198
9;1741091831370;8199
9;1741091833063;8200
3;1741091836980;354
3;1741091837785;355
3;1741091838111;356
9;1741091852120;8201
3;1741091852502;357
9;1741091853621;8202
9;1741091856148;8203
3;1741091857549;358
9;1741091860264;8204
9;1741091864832;8205
3;1741091865862;359
9;1741091868088;8206
3;1741091868792;360
9;1741091870072;8207
3;1741091873883;361
3;1741091878347;362
9;1741091878395;8208
3;1741091879289;363
3;1741091882000;364
9;1741091882506;8209
9;1741091884834;8210
3;1741091896871;365
3;1741091897155;366
3;1741091901938;367
3;1741091904369;368
3;1741091907558;369
9;1741091909950;8211
3;1741091910405;370
9;1741091911570;8212
3;1741091915437;371
9;1741091915732;8213
9;1741091920424;8214
9;1741091922447;8215
9;1741091922466;8216
3;1741091923872;372
9;1741091925038;8217
3;1741091925281;373
3;1741091925834;374
9;1741091926544;8218
9;1741091931305;8219
3;1741091933240;375
3;1741091933744;376
9;1741091937137;8220
3;1741091953138;377
9;1741091954329;8221
3;1741091956222;378
9;1741091956256;8222
9;1741091958820;8223
9;1741091961008;8224
9;1741091961057;8225
9;1741091965506;8226
3;1741091965664;379
3;1741091967181;380
9;1741091967371;8227
9;1741091976398;8228
3;1741091976693;381
3;1741091979537;382
9;1741091980565;8229
3;1741091988514;383
9;1741091989409;8230
9;1741091995595;8231
3;1741091998885;384
3;1741092002937;385
3;1741092003765;386
9;1741092006310;8232
3;1741092006643;387
9;1741092008191;8233
3;1741092010080;388
3;1741092010771;389
9;1741092012262;8234
9;1741092012450;8235
3;1741092013082;390
3;1741092017132;391
9;1741092017327;8236
9;1741092024393;8237
9;1741092027937;8238
3;1741092029378;392
3;1741092032218;393
3;1741092034847;394
9;1741092037211;8239
9;1741092038449;8240
3;1741092040851;395
3;1741092045631;396
9;1741092048834;8241
9;1741092051711;8242
9;1741092052236;8243
3;1741092052642;397
9;1741092055835;8244
3;1741092062832;398
9;1741092065765;8245
3;1741092066922;399
3;1741092067208;400
3;1741092070443;401
3;1741092070455;402
3;1741092070528;403
3;1741092072284;404
9;1741092077169;8246
9;1741092080758;8247
9;1741092081359;8248
9;1741092086480;8249
9;1741092089148;8250
3;1741092090752;405
9;1741092092634;8251
9;1741092093590;8252
9;1741092095306;8253
9;1741092100654;8254
3;1741092105273;406
9;1741092106722;8255
3;1741092108900;407
3;1741092110590;408
3;1741092114318;409
3;1741092114906;410
9;1741092115141;8256
3;1741092119326;411
3;1741092125714;412
9;1741092126319;8257
3;1741092130877;413
3;1741092131783;414
9;1741092133891;8258
9;1741092134843;8259
9;1741092134940;8260
9;1741092138953;8261
3;1741092141168;415
3;1741092145945;416
3;1741092147044;417
9;1741092149376;8262
3;1741092150986;418
3;1741092155719;419
3;1741092156910;420
9;1741092159427;8263
9;1741092160445;8264
9;1741092161176;8265
9;1741092162381;8266
9;1741092171172;8267
3;1741092171269;421
3;1741092175441;422
3;1741092180237;423
9;1741092180935;8268
3;1741092182971;424
3;1741092187726;425
9;1741092188768;8269
3;1741092190998;426
9;1741092192858;8270
3;1741092195632;427
9;1741092197874;8271
9;1741092197899;8272
9;1741092197943;8273
9;1741092199496;8274
3;1741092204298;428
3;1741092205525;429
3;1741092209753;430
9;1741092211791;8275
3;1741092213136;431
3;1741092213168;432
9;1741092216371;8276
3;1741092217970;433
9;1741092218062;8277
9;1741092226143;8278
9;1741092230707;8279
9;1741092239680;8280
9;1741092239801;8281
3;1741092241393;434
3;1741092242861;435
3;1741092242882;436
9;1741092250228;8282
9;1741092251280;8283
3;1741092251845;437
3;1741092255197;438
3;1741092260377;439
3;1741092260959;440
9;1741092264742;8284
9;1741092265834;8285
3;1741092268884;441
9;1741092270587;8286
3;1741092271575;442
3;1741092273399;443
3;1741092275304;444
9;1741092276729;8287
9;1741092278603;8288
9;1741092284875;8289
3;1741092286694;445
3;1741092293386;446
9;1741092294679;8290
9;1741092299947;8291
9;1741092302004;8292
9;1741092308304;8293
3;1741092308803;447
9;1741092309481;8294
9;1741092315832;8295
9;1741092316576;8296
3;1741092317336;448
3;1741092318555;449
3;1741092318889;450
9;1741092320294;8297
9;1741092322024;8298
9;1741092323263;8299
3;1741092325312;451
3;1741092325923;452
9;1741092326122;8300
3;1741092330883;453
9;1741092332553;8301
3;1741092332566;454
3;1741092333439;455
3;1741092335714;456
3;1741092347217;457
3;1741092349028;458
9;1741092351004;8302
9;1741092360580;8303
9;1741092365902;8304
9;1741092370105;8305
3;1741092371856;459
9;1741092373010;8306
3;1741092373450;460
3;1741092374949;461
9;1741092379990;8307
9;1741092383005;8308
3;1741092383665;462
9;1741092384055;8309
3;1741092384755;463
3;1741092384980;464
9;1741092389906;8310
3;1741092393069;465
3;1741092397227;466
3;1741092398688;467
3;1741092398789;468
3;1741092403581;469
9;1741092403882;8311
9;1741092405110;8312
9;1741092406074;8313
9;1741092407341;8314
9;1741092409064;8315
3;1741092415039;470
9;1741092415131;8316
3;1741092419844;471
3;1741092423705;472
3;1741092424455;473
9;1741092432458;8317
9;1741092434690;8318
9;1741092434990;8319
9;1741092435903;8320
9;1741092436491;8321
3;1741092443746;474
3;1741092444093;475
9;1741092448399;8322
3;1741092449848;476
3;1741092451140;477
3;1741092455516;478
9;1741092461062;8323
3;1741092463146;479
3;1741092466418;480
3;1741092468403;481
9;1741092470329;8324
3;1741092470924;482
3;1741092474688;483
9;1741092474927;8325
9;1741092475662;8326
3;1741092475724;484
3;1741092476150;485
9;1741092482159;8327
9;1741092484409;8328
9;1741092486641;8329
3;1741092490546;486
3;1741092494964;487
9;1741092495888;8330
3;1741092500903;488
9;1741092501638;8331
3;1741092502714;489
9;1741092504005;8332
9;1741092505844;8333
9;1741092510423;8334
3;1741092511296;490
9;1741092515440;8335
9;1741092524946;8336
9;1741092525372;8337
3;1741092528557;491
9;1741092529889;8338
3;1741092531003;492
3;1741092531889;493
9;1741092533861;8339
9;1741092538954;8340
3;1741092540079;494
3;1741092541199;495
9;1741092546743;8341
9;1741092552568;8342
3;1741092552986;496
3;1741092554141;497
3;1741092555921;498
9;1741092558159;8343
3;1741092558197;499
3;1741092558244;500
9;1741092563820;8344
9;1741092569706;8345
3;1741092570241;501
9;1741092570556;8346
3;1741092574108;502
9;1741092575118;8347
3;1741092577980;503
9;1741092579929;8348
9;1741092582831;8349
9;1741092585418;8350
9;1741092586523;8351
3;1741092592163;504
3;1741092597373;505
3;1741092597437;506
9;1741092598756;8352
3;1741092599582;507
3;1741092600213;508
9;1741092601203;8353
3;1741092603681;509
9;1741092603723;8354
9;1741092606982;8355
9;1741092614044;8356
3;1741092618328;510
3;1741092621073;511
9;1741092625367;8357
3;1741092625808;512
9;1741092626770;8358
3;1741092626879;513
3;1741092632248;514
3;1741092633094;515
3;1741092639979;516
9;1741092642249;8359
3;1741092642630;517
9;1741092644050;8360
9;1741092655166;8361
3;1741092656939;518
3;1741092660337;519
9;1741092662546;8362
9;1741092663418;8363
9;1741092663528;8364
3;1741092663770;520
9;1741092664419;8365
9;1741092664974;8366
3;1741092675467;521
9;1741092677115;8367
9;1741092677644;8368
3;1741092681105;522
3;1741092688585;523
9;1741092690096;8369
9;1741092691073;8370
9;1741092691367;8371
9;1741092695627;8372
3;1741092698456;524
3;1741092699003;525
3;1741092699294;526
3;1741092704307;527
3;1741092705982;528
9;1741092707000;8373
9;1741092710748;8374
9;1741092713837;8375
3;1741092714646;529
3;1741092715082;530
3;1741092715955;531
9;1741092722378;8376
3;1741092725693;532
9;1741092729717;8377
9;1741092729764;8378
9;1741092731337;8379
9;1741092734727;8380
3;1741092735095;533
3;1741092735463;534
9;1741092737704;8381
3;1741092737724;535
3;1741092752688;536
3;1741092754005;537
9;1741092756978;8382
3;1741092758964;538
9;1741092761870;8383
3;1741092762223;539
9;1741092766043;8384
9;1741092766889;8385
3;1741092767447;540
3;1741092769058;541
3;1741092771003;542
9;1741092775035;8386
9;1741092777537;8387
3;1741092778776;543
3;1741092782469;544
9;1741092783337;8388
9;1741092783790;8389
3;1741092784707;545
9;1741092787252;8390
3;1741092787695;546
9;1741092792496;8391
3;1741092795390;547
9;1741092795552;8392
9;1741092799263;8393
9;1741092808047;8394
3;1741092812088;548
3;1741092812540;549
3;1741092814297;550
9;1741092815731;8395
9;1741092820919;8396
9;1741092826246;8397
9;1741092827651;8398
3;1741092827663;551
3;1741092829728;552
3;1741092830478;553
9;1741092842262;8399
9;1741092843022;8400
3;1741092844197;554
3;1741092851189;555
9;1741092854463;8401
3;1741092857460;556
9;1741092859617;8402
9;1741092859942;8403
3;1741092860321;557
3;1741092860722;558
9;1741092862396;8404
3;1741092865291;559
9;1741092865674;8405
3;1741092867041;560
3;1741092867057;561
9;1741092867290;8406
3;1741092869933;562
9;1741092870041;8407
3;1741092873578;563
3;1741092873771;564
9;1741092881257;8408
9;1741092882878;8409
9;1741092884906;8410
3;1741092885875;565
3;1741092890862;566
3;1741092896898;567
9;1741092898172;8411
9;1741092899263;8412
9;1741092902370;8413
9;1741092906279;8414
3;1741092907069;568
9;1741092907455;8415
3;1741092910788;569
9;1741092912041;8416
3;1741092915547;570
3;1741092915738;571
3;1741092923062;572
3;1741092927664;573
3;1741092928429;574
9;1741092929117;8417
3;1741092930653;575
3;1741092932753;576
9;1741092935191;8418
9;1741092936119;8419
9;1741092936638;8420
9;1741092940724;8421
3;1741092942945;577
9;1741092951229;8422
3;1741092954466;578
3;1741092955229;579
3;1741092955483;580
3;1741092955707;581
9;1741092957279;8423
3;1741092961543;582
9;1741092966665;8424
9;1741092972982;8425
9;1741092973438;8426
3;1741092975376;583
9;1741092975410;8427
9;1741092977082;8428
3;1741092979356;584
9;1741092982207;8429
3;1741092987166;585
9;1741092987332;8430
9;1741092990890;8431
3;1741092991721;586
3;1741093005432;587
9;1741093006277;8432
3;1741093008052;588
9;1741093009436;8433
9;1741093011880;8434
3;1741093011893;589
3;1741093012850;590
3;1741093017664;591
3;1741093018434;592
9;1741093020600;8435
3;1741093021923;593
9;1741093023178;8436
9;1741093023781;8437
9;1741093026526;8438
3;1741093030245;594
9;1741093032959;8439
9;1741093039122;8440
3;1741093042355;595
9;1741093043721;8441
9;1741093046430;8442
9;1741093047356;8443
3;1741093049036;596
3;1741093053935;597
9;1741093059688;8444
3;1741093061831;598
3;1741093063231;599
9;1741093065727;8445
9;1741093069923;8446
3;1741093070910;600
3;1741093075329;601
3;1741093075489;602
9;1741093078368;8447
9;1741093082071;8448
3;1741093084090;603
9;1741093084365;8449
9;1741093085072;8450
3;1741093085144;604
3;1741093086730;605
3;1741093094055;606
9;1741093095479;8451
9;1741093095544;8452
3;1741093096567;607
3;1741093104247;608
9;1741093107984;8453
3;1741093108435;609
3;1741093111920;610
9;1741093113962;8454
3;1741093114023;611
9;1741093115698;8455
3;1741093118186;612
9;1741093122105;8456
9;1741093124789;8457
9;1741093125955;8458
3;1741093126412;613
3;1741093130467;614
9;1741093133062;8459
3;1741093138665;615
9;1741093140047;8460
3;1741093141131;616
3;1741093142784;617
9;1741093143275;8461
3;1741093149622;618
9;1741093155365;8462
3;1741093155563;619
3;1741093157213;620
9;1741093158718;8463
9;1741093165397;8464
9;1741093165564;8465
3;1741093167478;621
9;1741093168124;8466
3;1741093172536;622
3;1741093172982;623
3;1741093173394;624
3;1741093175118;625
9;1741093175791;8467
9;1741093182887;8468
9;1741093187350;8469
9;1741093188116;8470
3;1741093189674;626
9;1741093196591;8471
3;1741093202414;627
3;1741093203482;628
3;1741093206669;629
9;1741093207609;8472
9;1741093209696;8473
9;1741093210729;8474
9;1741093211433;8475
3;1741093212264;630
9;1741093218274;8476
3;1741093220560;631
9;1741093222549;8477
3;1741093225968;632
9;1741093226544;8478
3;1741093227978;633
9;1741093231305;8479
9;1741093236982;8480
3;1741093237246;634
3;1741093239166;635
3;1741093245697;636
9;1741093251696;8481
3;1741093252063;637
9;1741093252422;8482
3;1741093256050;638
3;1741093258777;639
9;1741093261314;8483
9;1741093261359;8484
9;1741093262005;8485
9;1741093265959;8486
9;1741093266772;8487
3;1741093268346;640
3;1741093269551;641
3;1741093270167;642
9;1741093274605;8488
3;1741093280008;643
9;1741093282661;8489
3;1741093283329;644
3;1741093290343;645
9;1741093294835;8490
9;1741093296639;8491
9;1741093298383;8492
3;1741093300252;646
9;1741093301775;8493
3;1741093302974;647
9;1741093304875;8494
3;1741093305525;648
3;1741093309981;649
9;1741093311536;8495
9;1741093316089;8496
9;1741093318085;8497
3;1741093321471;650
3;1741093325206;651
9;1741093327303;8498
3;1741093329741;652
3;1741093333324;653
3;1741093334895;654
3;1741093344139;655
3;1741093344444;656
9;1741093347252;8499
9;1741093347806;8500
9;1741093348500;8501
9;1741093352263;8502
3;1741093353540;657
3;1741093354103;658
3;1741093357010;659
9;1741093362168;8503
9;1741093363549;8504
9;1741093363600;8505
3;1741093368757;660
3;1741093370002;661
3;1741093371968;662
9;1741093372500;8506
9;1741093374998;8507
3;1741093378891;663
3;1741093380830;664
9;1741093383023;8508
9;1741093384099;8509
3;1741093384578;665
3;1741093387281;666
3;1741093391504;667
9;1741093393330;8510
3;1741093399325;668
9;1741093399511;8511
3;1741093400285;669
9;1741093400517;8512
9;1741093405329;8513
3;1741093410512;670
9;1741093415172;8514
9;1741093417057;8515
9;1741093418252;8516
3;1741093421711;671
3;1741093424351;672
3;1741093424619;673
3;1741093424820;674
9;1741093425393;8517
9;1741093425968;8518
9;1741093429289;8519
9;1741093437916;8520
9;1741093440591;8521
3;1741093443219;675
3;1741093445226;676
9;1741093445607;8522
9;1741093450570;8523
9;1741093455079;8524
3;1741093455809;677
3;1741093457029;678
9;1741093457259;8525
3;1741093460423;679
3;1741093463421;680
3;1741093465450;681
9;1741093465560;8526
3;1741093469524;682
9;1741093474390;8527
9;1741093476305;8528
9;1741093479772;8529
9;1741093485907;8530
3;1741093486415;683
9;1741093486703;8531
3;1741093495395;684
3;1741093499998;685
3;1741093504875;686
9;1741093505149;8532
3;1741093505264;687
3;1741093505369;688
3;1741093505933;689
9;1741093507596;8533
9;1741093509147;8534
9;1741093510718;8535
9;1741093510898;8536
3;1741093516516;690
9;1741093520707;8537
3;1741093523061;691
3;1741093524258;692
3;1741093528239;693
3;1741093528249;694
9;1741093528424;8538
9;1741093528665;8539
9;1741093538542;8540
9;1741093541566;8541
3;1741093542199;695
3;1741093544027;696
3;1741093546694;697
3;1741093550523;698
9;1741093552119;8542
3;1741093553922;699
9;1741093556753;8543
9;1741093560136;8544
9;1741093563600;8545
3;1741093567115;700
3;1741093571216;701
3;1741093573705;702
9;1741093577137;8546
3;1741093577841;703
9;1741093578275;8547
9;1741093579024;8548
3;1741093580257;704
9;1741093580652;8549
9;1741093581673;8550
9;1741093582577;8551
9;1741093587495;8552
3;1741093590784;705
9;1741093592308;8553
3;1741093598799;706
3;1741093602655;707
3;1741093609668;708
3;1741093609874;709
9;1741093617681;8554
9;1741093619241;8555
3;1741093621225;710
3;1741093623771;711
9;1741093623864;8556
3;1741093626571;712
3;1741093631725;713
3;1741093632285;714
9;1741093633709;8557
9;1741093636926;8558
9;1741093640029;8559
9;1741093642210;8560
9;1741093643648;8561
3;1741093643829;715
3;1741093645573;716
3;1741093647593;717
9;1741093647639;8562
3;1741093652221;718
9;1741093653346;8563
9;1741093658467;8564
9;1741093660808;8565
9;1741093665800;8566
9;1741093665956;8567
3;1741093667563;719
3;1741093673904;720
9;1741093675243;8568
3;1741093675959;721
3;1741093679161;722
3;1741093679289;723
9;1741093681429;8569
3;1741093684287;724
3;1741093684303;725
9;1741093686305;8570
3;1741093691359;726
3;1741093692796;727
9;1741093693953;8571
9;1741093694205;8572
9;1741093701099;8573
3;1741093701473;728
3;1741093702261;729
3;1741093711573;730
9;1741093718380;8574
3;1741093722761;731
9;1741093723145;8575
3;1741093725131;732
9;1741093725502;8576
9;1741093728812;8577
3;1741093728870;733
9;1741093732736;8578
3;1741093732819;734
3;1741093735122;735
9;1741093740915;8579
3;1741093744352;736
3;1741093744605;737
9;1741093745618;8580
3;1741093750397;738
9;1741093752497;8581
9;1741093755551;8582
3;1741093756323;739
3;1741093758210;740
9;1741093759655;8583
3;1741093761669;741
9;1741093764168;8584
9;1741093769574;8585
9;1741093771259;8586
3;1741093771978;742
3;1741093774680;743
3;1741093775565;744
9;1741093776761;8587
9;1741093778554;8588
9;1741093778895;8589
9;1741093780056;8590
3;1741093792565;745
3;1741093800707;746
3;1741093802282;747
9;1741093802903;8591
3;1741093802926;748
9;1741093806833;8592
9;1741093810173;8593
3;1741093810384;749
9;1741093811662;8594
9;1741093812578;8595
3;1741093815303;750
3;1741093817409;751
9;1741093822455;8596
3;1741093824205;752
9;1741093825460;8597
3;1741093832536;753
9;1741093834895;8598
3;1741093834909;754
3;1741093834989;755
9;1741093836575;8599
9;1741093837775;8600
9;1741093838718;8601
3;1741093843108;756
9;1741093849078;8602
9;1741093849428;8603
3;1741093850126;757
3;1741093854735;758
3;1741093855928;759
3;1741093857784;760
9;1741093863715;8604
9;1741093865693;8605
9;1741093867080;8606
9;1741093868265;8607
3;1741093868398;761
3;1741093875218;762
3;1741093876295;763
9;1741093880387;8608
3;1741093881248;764
9;1741093888213;8609
9;1741093889947;8610
3;1741093894545;765
9;1741093897859;8611
9;1741093902291;8612
3;1741093902372;766
3;1741093902870;767
3;1741093905986;768
3;1741093906344;769
9;1741093908437;8613
9;1741093909722;8614
9;1741093910675;8615
3;1741093912288;770
9;1741093913555;8616
3;1741093915215;771
9;1741093922093;8617
3;1741093938466;772
3;1741093940188;773
3;1741093940401;774
9;1741093941058;8618
9;1741093942178;8619
9;1741093943218;8620
9;1741093944310;8621
3;1741093944692;775
9;1741093945548;8622
9;1741093946216;8623
3;1741093947709;776
3;1741093950515;777
3;1741093951256;778
9;1741093956460;8624
3;1741093956517;779
9;1741093960946;8625
3;1741093967322;780
9;1741093968430;8626
3;1741093969936;781
3;1741093972209;782
3;1741093973098;783
9;1741093974051;8627
9;1741093974570;8628
9;1741093982107;8629
9;1741093988467;8630
9;1741093989374;8631
9;1741093996269;8632
3;1741094000467;784
3;1741094003767;785
3;1741094005250;786
9;1741094005513;8633
9;1741094006274;8634
3;1741094007998;787
3;1741094011092;788
9;1741094012713;8635
3;1741094015053;789
9;1741094017719;8636
3;1741094020936;790
3;1741094025332;791
3;1741094025492;792
9;1741094032422;8637
3;1741094033517;793
9;1741094034215;8638
9;1741094036691;8639
9;1741094038097;8640
3;1741094039868;794
3;1741094040597;795
3;1741094041991;796
9;1741094043622;8641
3;1741094048801;797
9;1741094048864;8642
9;1741094052807;8643
3;1741094055255;798
3;1741094056442;799
9;1741094059282;8644
3;1741094062655;800
9;1741094065432;8645
9;1741094067319;8646
9;1741094074836;8647
9;1741094075593;8648
3;1741094077195;801
3;1741094078200;802
9;1741094078342;8649
9;1741094078523;8650
3;1741094079448;803
3;1741094082779;804
3;1741094083093;805
9;1741094085181;8651
3;1741094085986;806
3;1741094086219;807
9;1741094094932;8652
9;1741094096999;8653
3;1741094099366;808
3;1741094101269;809
3;1741094103887;810
9;1741094110287;8654
3;1741094110680;811
9;1741094112022;8655
9;1741094114703;8656
3;1741094115405;812
9;1741094118832;8657
3;1741094125313;813
9;1741094128187;8658
3;1741094136331;814
3;1741094137846;815
9;1741094139220;8659
9;1741094141650;8660
9;1741094142440;8661
9;1741094147395;8662
3;1741094151040;816
3;1741094151623;817
3;1741094156917;818
9;1741094162013;8663
3;1741094162074;819
9;1741094170060;8664
9;1741094173491;8665
9;1741094173771;8666
9;1741094174489;8667
3;1741094174728;820
3;1741094175104;821
9;1741094177266;8668
3;1741094180286;822
9;1741094181483;8669
3;1741094182128;823
9;1741094185870;8670
9;1741094189298;8671
3;1741094192632;824
3;1741094195248;825
3;1741094197208;826
9;1741094197939;8672
3;1741094200281;827
3;1741094201668;828
9;1741094203342;8673
3;1741094204397;829
9;1741094205464;8674
9;1741094212063;8675
9;1741094217279;8676
3;1741094218563;830
9;1741094222536;8677
3;1741094223532;831
3;1741094228892;832
3;1741094230889;833
9;1741094231947;8678
9;1741094237736;8679
9;1741094238396;8680
9;1741094238683;8681
3;1741094239050;834
3;1741094240179;835
9;1741094240261;8682
9;1741094241770;8683
3;1741094245029;836
3;1741094252387;837
9;1741094255035;8684
3;1741094261412;838
9;1741094262147;8685
3;1741094266048;839
9;1741094266846;8686
9;1741094267112;8687
3;1741094270051;840
3;1741094270067;841
9;1741094270127;8688
3;1741094276920;842
3;1741094280125;843
3;1741094280989;844
9;1741094281579;8689
9;1741094283900;8690
3;1741094286372;845
9;1741094292869;8691
3;1741094294340;846
3;1741094294894;847
9;1741094297929;8692
9;1741094299769;8693
3;1741094300691;848
9;1741094301554;8694
3;1741094308191;849
9;1741094308236;8695
3;1741094310030;850
3;1741094312466;851
9;1741094316672;8696
9;1741094317204;8697
3;1741094320627;852
3;1741094328240;853
9;1741094328863;8698
9;1741094331957;8699
9;1741094342414;8700
3;1741094342641;854
3;1741094344600;855
9;1741094346708;8701
3;1741094348502;856
3;1741094348551;857
9;1741094350579;8702
3;1741094351827;858
9;1741094356708;8703
9;1741094362434;8704
3;1741094363452;859
3;1741094363462;860
3;1741094364059;861
9;1741094364217;8705
9;1741094369716;8706
9;1741094373878;8707
9;1741094374450;8708
9;1741094375415;8709
3;1741094376810;862
9;1741094381544;8710
3;1741094384025;863
3;1741094385051;864
3;1741094385370;865
3;1741094387350;866
3;1741094393183;867
3;1741094394438;868
9;1741094397116;8711
9;1741094399205;8712
9;1741094400933;8713
3;1741094405256;869
9;1741094410369;8714
9;1741094415177;8715
3;1741094421449;870
3;1741094424391;871
9;1741094425259;8716
9;1741094430048;8717
3;1741094432962;872
9;1741094433151;8718
9;1741094434561;8719
3;1741094435786;873
3;1741094436439;874
3;1741094439955;875
3;1741094440282;876
3;1741094441279;877
9;1741094445575;8720
3;1741094448497;878
9;1741094453058;8721
3;1741094456535;879
3;1741094457735;880
9;1741094461198;8722
9;1741094463219;8723
9;1741094465309;8724
3;1741094470173;881
3;1741094470337;882
9;1741094470755;8725
3;1741094474062;883
9;1741094479670;8726
9;1741094483607;8727
3;1741094484552;884
9;1741094485535;8728
3;1741094490437;885
9;1741094491514;8729
9;1741094495122;8730
3;1741094495147;886
9;1741094495322;8731
9;1741094495536;8732
3;1741094500246;887
9;1741094502172;8733
3;1741094502384;888
3;1741094504205;889
9;1741094509637;8734
3;1741094509803;890
9;1741094514760;8735
3;1741094515305;891
9;1741094520698;8736
9;1741094522229;8737
3;1741094524109;892
3;1741094525305;893
9;1741094527890;8738
3;1741094529482;894
9;1741094539188;8739
9;1741094542695;8740
3;1741094542713;895
9;1741094542842;8741
9;1741094548705;8742
3;1741094549005;896
9;1741094554670;8743
3;1741094555596;897
9;1741094560791;8744
9;1741094563342;8745
9;1741094565157;8746
3;1741094565187;898
3;1741094566406;899
9;1741094567668;8747
3;1741094568678;900
3;1741094573825;901
3;1741094574918;902
3;1741094575078;903
9;1741094578975;8748
9;1741094580744;8749
3;1741094585302;904
9;1741094589220;8750
3;1741094593310;905
3;1741094593758;906
9;1741094595344;8751
9;1741094596311;8752
9;1741094597434;8753
3;1741094598145;907
3;1741094606576;908
3;1741094607457;909
3;1741094611761;910
9;1741094612382;8754
9;1741094613811;8755
3;1741094615351;911
3;1741094617241;912
9;1741094623506;8756
9;1741094626717;8757
9;1741094627568;8758
9;1741094628256;8759
3;1741094634550;913
9;1741094636983;8760
3;1741094641375;914
3;1741094644020;915
9;1741094644179;8761
3;1741094644664;916
3;1741094651559;917
9;1741094659100;8762
9;1741094659639;8763
3;1741094662330;918
9;1741094662767;8764
3;1741094663740;919
3;1741094665596;920
9;1741094670499;8765
9;1741094677143;8766
3;1741094677212;921
3;1741094677302;922
9;1741094678075;8767
9;1741094680879;8768
9;1741094682205;8769
9;1741094684516;8770
3;1741094685662;923
3;1741094690880;924
9;1741094692159;8771
3;1741094696438;925
9;1741094699956;8772
9;1741094701833;8773
3;1741094704273;926
3;1741094706331;927
9;1741094707495;8774
3;1741094709460;928
3;1741094714944;929
9;1741094719161;8775
3;1741094719993;930
9;1741094721126;8776
9;1741094721372;8777
9;1741094725625;8778
9;1741094726217;8779
3;1741094728306;931
3;1741094733678;932
3;1741094733785;933
3;1741094735286;934
9;1741094735314;8780
3;1741094736672;935
9;1741094739811;8781
3;1741094743701;936
3;1741094747476;937
9;1741094755276;8782
3;1741094757085;938
3;1741094757776;939
9;1741094758524;8783
3;1741094763204;940
9;1741094763967;8784
3;1741094766628;941
9;1741094767870;8785
9;1741094768967;8786
3;1741094770314;942
3;1741094775955;943
3;1741094776013;944
3;1741094782053;945
9;1741094785649;8787
9;1741094786485;8788
9;1741094788405;8789
9;1741094794153;8790
9;1741094796359;8791
9;1741094797713;8792
9;1741094804091;8793
3;1741094807898;946
3;1741094808152;947
9;1741094811895;8794
3;1741094812181;948
9;1741094814405;8795
3;1741094815287;949
3;1741094817018;950
9;1741094818626;8796
9;1741094818785;8797
9;1741094823905;8798
9;1741094825819;8799
3;1741094830321;951
3;1741094830621;952
3;1741094837866;953
3;1741094838088;954
9;1741094839914;8800
3;1741094841488;955
9;1741094847710;8801
3;1741094851491;956
3;1741094854553;957
9;1741094856041;8802
3;1741094856381;958
9;1741094859517;8803
3;1741094861571;959
3;1741094861755;960
9;1741094864113;8804
3;1741094865144;961
9;1741094866431;8805
9;1741094872137;8806
3;1741094874676;962
3;1741094881075;963
3;1741094882892;964
9;1741094884053;8807
9;1741094884773;8808
9;1741094886123;8809
9;1741094887279;8810
3;1741094893776;965
3;1741094899059;966
3;1741094904515;967
3;1741094904635;968
9;1741094904759;8811
9;1741094906947;8812
9;1741094907696;8813
3;1741094908337;969
9;1741094908498;8814
9;1741094910101;8815
3;1741094917367;970
3;1741094917801;971
9;1741094920265;8816
9;1741094923373;8817
3;1741094927292;972
9;1741094928408;8818
3;1741094931638;973
3;1741094932298;974
9;1741094939547;8819
3;1741094941411;975
9;1741094942661;8820
3;1741094943554;976
3;1741094946441;977
9;1741094947414;8821
9;1741094947873;8822
3;1741094948191;978
9;1741094949697;8823
9;1741094951797;8824
9;1741094959929;8825
3;1741094962199;979
3;1741094965289;980
9;1741094966746;8826
3;1741094967057;981
3;1741094981194;982
3;1741094983710;983
3;1741094984756;984
9;1741094985978;8827
3;1741094987532;985
9;1741094989086;8828
9;1741094989236;8829
9;1741094994174;8830
3;1741094995818;986
9;1741094997904;8831
9;1741095002441;8832
3;1741095002473;987
3;1741095002808;988
9;1741095005729;8833
3;1741095008375;989
9;1741095010039;8834
3;1741095013467;990
3;1741095013732;991
3;1741095015324;992
9;1741095025091;8835
9;1741095027581;8836
9;1741095029639;8837
3;1741095029749;993
3;1741095031409;994
3;1741095033850;995
9;1741095037609;8838
9;1741095038703;8839
9;1741095045419;8840
9;1741095045910;8841
9;1741095047594;8842
9;1741095052234;8843
3;1741095055180;996
3;1741095055986;997
9;1741095057403;8844
3;1741095057518;998
3;1741095057583;999
3;1741095061838;1000
3;1741095064515;1001
9;1741095070007;8845
9;1741095075330;8846
3;1741095075617;1002
9;1741095075674;8847
3;1741095078200;1003
9;1741095080622;8848
3;1741095081323;1004
3;1741095088060;1005
9;1741095091910;8849
9;1741095092545;8850
9;1741095095654;8851
9;1741095098438;8852
3;1741095099926;1006
9;1741095102134;8853
3;1741095105038;1007
3;1741095109360;1008
3;1741095111508;1009
9;1741095111663;8854
3;1741095118493;1010
3;1741095120975;1011
3;1741095124427;1012
9;1741095127065;8855
9;1741095127322;8856
3;1741095128330;1013
9;1741095133561;8857
3;1741095134631;1014
9;1741095139196;8858
9;1741095139560;8859
3;1741095140797;1015
9;1741095142869;8860
9;1741095144600;8861
9;1741095145088;8862
3;1741095151141;1016
3;1741095153545;1017
9;1741095154861;8863
9;1741095158084;8864
3;1741095159382;1018
3;1741095165707;1019
3;1741095170053;1020
3;1741095173497;1021
9;1741095178334;8865
9;1741095178864;8866
3;1741095179523;1022
9;1741095181136;8867
9;1741095182708;8868
9;1741095182758;8869
3;1741095183489;1023
3;1741095185206;1024
9;1741095186588;8870
9;1741095193559;8871
9;1741095195000;8872
3;1741095200105;1025
3;1741095205446;1026
3;1741095207594;1027
9;1741095210742;8873
9;1741095211048;8874
3;1741095211142;1028
9;1741095212106;8875
3;1741095213014;1029
9;1741095214596;8876
9;1741095216297;8877
9;1741095216475;8878
3;1741095218917;1030
3;1741095222275;1031
3;1741095224215;1032
3;1741095233776;1033
3;1741095236155;1034
3;1741095236261;1035
9;1741095240830;8879
9;1741095247414;8880
3;1741095251570;1036
9;1741095253098;8881
9;1741095254338;8882
9;1741095254985;8883
9;1741095255332;8884
3;1741095260392;1037
3;1741095260818;1038
9;1741095261013;8885
3;1741095264413;1039
3;1741095265194;1040
9;1741095268209;8886
3;1741095272925;1041
3;1741095274419;1042
9;1741095274978;8887
3;1741095276669;1043
9;1741095282286;8888
9;1741095286863;8889
3;1741095287075;1044
9;1741095287528;8890
3;1741095288710;1045
3;1741095288767;1046
3;1741095293116;1047
9;1741095294546;8891
9;1741095296398;8892
9;1741095300633;8893
9;1741095303337;8894
3;1741095304466;1048
9;1741095306274;8895
9;1741095316343;8896
3;1741095324763;1049
3;1741095326283;1050
3;1741095327314;1051
3;1741095330330;1052
9;1741095332453;8897
9;1741095332649;8898
9;1741095332819;8899
9;1741095339990;8900
3;1741095340073;1053
9;1741095340237;8901
3;1741095344245;1054
3;1741095344994;1055
3;1741095346597;1056
9;1741095346756;8902
3;1741095347540;1057
9;1741095353498;8903
3;1741095355174;1058
9;1741095355187;8904
3;1741095355971;1059
9;1741095358039;8905
3;1741095359698;1060
9;1741095369533;8906
3;1741095370121;1061
9;1741095376535;8907
9;1741095377112;8908
3;1741095377165;1062
3;1741095380578;1063
3;1741095382341;1064
9;1741095384369;8909
3;1741095387974;1065
9;1741095397164;8910
3;1741095397471;1066
9;1741095397780;8911
3;1741095403188;1067
3;1741095406096;1068
3;1741095406669;1069
9;1741095407449;8912
9;1741095407855;8913
9;1741095408165;8914
3;1741095411204;1070
9;1741095414830;8915
3;1741095416272;1071
9;1741095420270;8916
3;1741095420901;1072
9;1741095421182;8917
9;1741095422498;8918
3;1741095431898;1073
3;1741095433333;1074
9;1741095438569;8919
9;1741095438905;8920
3;1741095442423;1075
3;1741095443684;1076
3;1741095443710;1077
9;1741095445260;8921
3;1741095445707;1078
9;1741095447519;8922
9;1741095452421;8923
3;1741095457802;1079
3;1741095459605;1080
9;1741095461336;8924
9;1741095470060;8925
3;1741095474876;1081
9;1741095475446;8926
3;1741095477814;1082
3;1741095478125;1083
9;1741095481070;8927
9;1741095485012;8928
9;1741095486927;8929
9;1741095487975;8930
3;1741095492342;1084
3;1741095493284;1085
9;1741095493511;8931
3;1741095498904;1086
3;1741095500013;1087
3;1741095501166;1088
9;1741095504312;8932
9;1741095504637;8933
3;1741095504821;1089
9;1741095510199;8934
9;1741095511393;8935
3;1741095512005;1090
3;1741095521021;1091
9;1741095521326;8936
3;1741095522164;1092
9;1741095523239;8937
9;1741095528857;8938
9;1741095529044;8939
3;1741095529533;1093
3;1741095531048;1094
9;1741095539472;8940
3;1741095546791;1095
3;1741095547593;1096
3;1741095550157;1097
3;1741095556154;1098
3;1741095556756;1099
9;1741095558709;8941
9;1741095561411;8942
3;1741095561727;1100
9;1741095563772;8943
9;1741095564215;8944
9;1741095566815;8945
3;1741095567270;1101
3;1741095570928;1102
9;1741095573212;8946
9;1741095574129;8947
9;1741095575888;8948
3;1741095581855;1103
3;1741095582034;1104
9;1741095585051;8949
9;1741095587582;8950
3;1741095593130;1105
9;1741095593550;8951
3;1741095595507;1106
9;1741095599715;8952
3;1741095602868;1107
3;1741095604560;1108
9;1741095605000;8953
9;1741095606384;8954
3;1741095609853;1109
3;1741095613003;1110
3;1741095622534;1111
9;1741095622636;8955
9;1741095624670;8956
3;1741095625748;1112
9;1741095626144;8957
3;1741095627348;1113
9;1741095630424;8958
9;1741095632692;8959
3;1741095633520;1114
9;1741095641199;8960
3;1741095643085;1115
9;1741095644057;8961
3;1741095646349;1116
3;1741095646968;1117
9;1741095652031;8962
9;1741095656916;8963
9;1741095658408;8964
9;1741095659324;8965
3;1741095659413;1118
9;1741095659542;8966
3;1741095666664;1119
3;1741095667978;1120
3;1741095669946;1121
3;1741095672899;1122
9;1741095676232;8967
3;1741095677257;1123
9;1741095678333;8968
3;1741095680807;1124
9;1741095681132;8969
3;1741095682660;1125
9;1741095686195;8970
3;1741095693914;1126
9;1741095697435;8971
3;1741095700060;1127
9;1741095705153;8972
9;1741095705325;8973
3;1741095709843;1128
3;1741095710082;1129
3;1741095712279;1130
9;1741095712633;8974
9;1741095721175;8975
9;1741095725574;8976
9;1741095727392;8977
3;1741095727588;1131
3;1741095727941;1132
3;1741095729414;1133
3;1741095730001;1134
9;1741095732230;8978
9;1741095734761;8979
9;1741095737156;8980
3;1741095739483;1135
9;1741095742323;8981
9;1741095748838;8982
3;1741095752748;1136
9;1741095755479;8983
3;1741095757810;1137
3;1741095758305;1138
9;1741095760805;8984
9;1741095763900;8985
3;1741095769878;1139
9;1741095771796;8986
3;1741095772314;1140
9;1741095772571;8987
3;1741095776704;1141
3;1741095776942;1142
3;1741095781955;1143
3;1741095785769;1144
9;1741095786711;8988
3;1741095787447;1145
9;1741095788891;8989
9;1741095790259;8990
9;1741095791615;8991
3;1741095801560;1146
9;1741095803563;8992
3;1741095806876;1147
3;1741095808793;1148
3;1741095809441;1149
9;1741095812315;8993
9;1741095814242;8994
3;1741095816419;1150
9;1741095817859;8995
3;1741095823333;1151
9;1741095825445;8996
3;1741095827434;1152
3;1741095827753;1153
3;1741095828306;1154
9;1741095829543;8997
9;1741095831000;8998
3;1741095837151;1155
9;1741095840605;8999
9;1741095847726;9000
9;1741095850725;9001
3;1741095854019;1156
9;1741095855029;9002
9;1741095856978;9003
9;1741095858978;9004
3;1741095859887;1157
9;1741095860469;9005
3;1741095863125;1158
9;1741095863440;9006
3;1741095864759;1159
3;1741095868191;1160
9;1741095868753;9007
3;1741095870404;1161
9;1741095871576;9008
3;1741095872053;1162
9;1741095877314;9009
9;1741095885840;9010
3;1741095887261;1163
9;1741095889056;9011
3;1741095893018;1164
3;1741095893387;1165
3;1741095893563;1166
3;1741095894396;1167
3;1741095895177;1168
9;1741095899464;9012
3;1741095908368;1169
9;1741095913816;9013
3;1741095914356;1170
9;1741095915590;9014
9;1741095917876;9015
3;1741095919456;1171
9;1741095919780;9016
9;1741095922378;9017
3;1741095924329;1172
9;1741095927319;9018
3;1741095928557;1173
3;1741095933949;1174
3;1741095945039;1175
9;1741095946801;9019
9;1741095946948;9020
9;1741095948914;9021
9;1741095949175;9022
9;1741095949373;9023
3;1741095951766;1176
3;1741095953126;1177
3;1741095961465;1178
9;1741095963022;9024
3;1741095964518;1179
9;1741095964896;9025
3;1741095965166;1180
3;1741095967796;1181
9;1741095970206;9026
9;1741095980206;9027
9;1741095981309;9028
9;1741095984791;9029
3;1741095986943;1182
3;1741095990640;1183
9;1741095991039;9030
3;1741095996908;1184
9;1741095997382;9031
9;1741096001105;9032
9;1741096002422;9033
3;1741096002819;1185
3;1741096003483;1186
3;1741096006672;1187
3;1741096009626;1188
3;1741096010312;1189
9;1741096011177;9034
9;1741096011199;9035
3;1741096014396;1190
3;1741096018709;1191
9;1741096022185;9036
9;1741096023614;9037
9;1741096025699;9038
3;1741096030742;1192
3;1741096032119;1193
3;1741096032952;1194
3;1741096033251;1195
9;1741096041207;9039
9;1741096041349;9040
3;1741096048399;1196
9;1741096052550;9041
9;1741096053274;9042
3;1741096053673;1197
3;1741096055893;1198
9;1741096058572;9043
3;1741096060813;1199
9;1741096064312;9044
3;1741096066003;1200
9;1741096066806;9045
3;1741096069784;1201
3;1741096071690;1202
9;1741096073106;9046
9;1741096075808;9047
9;1741096076368;9048
9;1741096079552;9049
3;1741096082253;1203
9;1741096086836;9050
3;1741096090112;1204
9;1741096097661;9051
3;1741096098426;1205
3;1741096102352;1206
9;1741096103190;9052
3;1741096103576;1207
9;1741096103586;9053
3;1741096106265;1208
3;1741096107438;1209
9;1741096116247;9054
9;1741096116858;9055
3;1741096117912;1210
9;1741096119121;9056
3;1741096121500;1211
3;1741096126029;1212
9;1741096126446;9057
3;1741096131120;1213
9;1741096133351;9058
9;1741096134238;9059
3;1741096136194;1214
9;1741096143962;9060
3;1741096145515;1215
9;1741096146264;9061
9;1741096148088;9062
3;1741096148099;1216
3;1741096148214;1217
3;1741096150773;1218
9;1741096153496;9063
3;1741096162075;1219
3;1741096164356;1220
9;1741096171783;9064
3;1741096172872;1221
9;1741096173378;9065
9;1741096174299;9066
3;1741096180432;1222
9;1741096181452;9067
3;1741096182229;1223
3;1741096186039;1224
9;1741096187757;9068
9;1741096192056;9069
9;1741096195245;9070
3;1741096195393;1225
9;1741096198364;9071
9;1741096199347;9072
9;1741096200475;9073
3;1741096200624;1226
3;1741096204134;1227
9;1741096204748;9074
3;1741096206360;1228
9;1741096208053;9075
3;1741096209813;1229
3;1741096210600;1230
9;1741096211180;9076
3;1741096211704;1231
3;1741096219433;1232
9;1741096223540;9077
9;1741096225993;9078
3;1741096227086;1233
9;1741096229791;9079
9;1741096234436;9080
3;1741096238439;1234
9;1741096240251;9081
3;1741096241424;1235
9;1741096248072;9082
3;1741096252562;1236
3;1741096252754;1237
9;1741096252768;9083
3;1741096256322;1238
9;1741096262331;9084
9;1741096263312;9085
3;1741096265606;1239
9;1741096272541;9086
3;1741096273515;1240
3;1741096273541;1241
9;1741096274392;9087
9;1741096275035;9088
9;1741096276770;9089
3;1741096277345;1242
3;1741096285642;1243
3;1741096287981;1244
9;1741096291132;9090
3;1741096296043;1245
3;1741096297113;1246
9;1741096299609;9091
3;1741096300497;1247
9;1741096301260;9092
3;1741096302713;1248
3;1741096306916;1249
9;1741096308673;9093
3;1741096311961;1250
3;1741096312686;1251
9;1741096313621;9094
9;1741096314966;9095
9;1741096315775;9096
3;1741096316733;1252
3;1741096320939;1253
9;1741096327373;9097
9;1741096328776;9098
9;1741096330631;9099
3;1741096336420;1254
3;1741096337757;1255
9;1741096343302;9100
9;1741096343355;9101
9;1741096344024;9102
9;1741096348910;9103
9;1741096351053;9104
3;1741096352505;1256
3;1741096352828;1257
3;1741096358536;1258
3;1741096359365;1259
9;1741096363394;9105
3;1741096365423;1260
3;1741096365873;1261
9;1741096369519;9106
3;1741096378386;1262
9;1741096378893;9107
3;1741096380673;1263
3;1741096388838;1264
9;1741096391897;9108
3;1741096392593;1265
9;1741096393030;9109
9;1741096394192;9110
3;1741096396663;1266
9;1741096397532;9111
3;1741096400379;1267
9;1741096406136;9112
9;1741096406650;9113
3;1741096408855;1268
9;1741096412146;9114
9;1741096415474;9115
3;1741096417229;1269
3;1741096420671;1270
9;1741096422559;9116
9;1741096424493;9117
3;1741096429242;1271
3;1741096430724;1272
3;1741096431376;1273
3;1741096432119;1274
9;1741096432134;9118
9;1741096432148;9119
3;1741096432748;1275
9;1741096435910;9120
3;1741096441525;1276
3;1741096448559;1277
9;1741096453125;9121
9;1741096453134;9122
3;1741096454720;1278
3;1741096455304;1279
9;1741096457102;9123
9;1741096457199;9124
9;1741096465579;9125
3;1741096468048;1280
3;1741096470888;1281
9;1741096476021;9126
3;1741096482504;1282
9;1741096482571;9127
3;1741096483850;1283
3;1741096487383;1284
9;1741096489710;9128
3;1741096491411;1285
9;1741096492444;9129
3;1741096493013;1286
3;1741096493212;1287
9;1741096497097;9130
3;1741096497434;1288
9;1741096500863;9131
9;1741096504053;9132
9;1741096504558;9133
9;1741096515381;9134
3;1741096517152;1289
9;1741096517596;9135
3;1741096518182;1290
9;1741096518762;9136
9;1741096524068;9137
9;1741096525865;9138
9;1741096527524;9139
3;1741096527677;1291
3;1741096531778;1292
3;1741096534174;1293
3;1741096534525;1294
3;1741096535256;1295
3;1741096539647;1296
3;1741096545263;1297
9;1741096546284;9140
9;1741096548581;9141
9;1741096549568;9142
3;1741096555660;1298
3;1741096556225;1299
3;1741096556235;1300
9;1741096563953;9143
9;1741096565671;9144
9;1741096568040;9145
9;1741096572822;9146
3;1741096573098;1301
9;1741096576912;9147
9;1741096580284;9148
9;1741096583927;9149
3;1741096584867;1302
3;1741096587118;1303
9;1741096589884;9150
3;1741096594918;1304
9;1741096595380;9151
9;1741096597744;9152
3;1741096601031;1305
3;1741096601056;1306
3;1741096601096;1307
3;1741096610205;1308
3;1741096610757;1309
3;1741096614320;1310
3;1741096616589;1311
9;1741096617665;9153
9;1741096620012;9154
9;1741096620782;9155
3;1741096623645;1312
3;1741096627257;1313
9;1741096629157;9156
9;1741096630724;9157
9;1741096632732;9158
3;1741096634828;1314
3;1741096635793;1315
9;1741096636645;9159
3;1741096637900;1316
9;1741096638107;9160
9;1741096645335;9161
9;1741096646536;9162
9;1741096649160;9163
9;1741096655792;9164
3;1741096658023;1317
3;1741096661445;1318
9;1741096663662;9165
9;1741096664308;9166
3;1741096668917;1319
3;1741096669135;1320
3;1741096670043;1321
9;1741096675459;9167
3;1741096677218;1322
3;1741096680308;1323
9;1741096680848;9168
9;1741096682189;9169
3;1741096685420;1324
9;1741096688581;9170
9;1741096691244;9171
3;1741096692199;1325
3;1741096694109;1326
9;1741096695244;9172
3;1741096696957;1327
3;1741096698195;1328
9;1741096701752;9173
3;1741096707416;1329
9;1741096708095;9174
9;1741096708271;9175
3;1741096710999;1330
3;1741096715118;1331
9;1741096719830;9176
9;1741096719945;9177
3;1741096722975;1332
3;1741096727374;1333
3;1741096727447;1334
9;1741096729502;9178
3;1741096731364;1335
3;1741096739967;1336
9;1741096740609;9179
3;1741096742226;1337
9;1741096745769;9180
9;1741096746014;9181
9;1741096746031;9182
3;1741096746916;1338
9;1741096748306;9183
9;1741096751513;9184
3;1741096756854;1339
3;1741096759388;1340
3;1741096764414;1341
9;1741096770153;9185
3;1741096770730;1342
9;1741096773014;9186
9;1741096782916;9187
3;1741096783648;1343
9;1741096784130;9188
9;1741096785400;9189
9;1741096786982;9190
3;1741096787040;1344
9;1741096790450;9191
3;1741096792002;1345
9;1741096798727;9192
3;1741096799164;1346
9;1741096801109;9193
3;1741096802986;1347
3;1741096811952;1348
9;1741096813500;9194
3;1741096816812;1349
9;1741096817026;9195
9;1741096820363;9196
9;1741096822458;9197
3;1741096822632;1350
3;1741096823685;1351
3;1741096824894;1352
3;1741096828170;1353
3;1741096830198;1354
9;1741096832200;9198
3;1741096837249;1355
9;1741096838626;9199
3;1741096840247;1356
9;1741096841154;9200
3;1741096845471;1357
9;1741096846575;9201
9;1741096848754;9202
9;1741096849259;9203
9;1741096850170;9204
3;1741096856518;1358
9;1741096857537;9205
3;1741096858758;1359
9;1741096866889;9206
9;1741096867303;9207
3;1741096867363;1360
3;1741096874052;1361
3;1741096874085;1362
3;1741096878383;1363
3;1741096878963;1364
3;1741096879538;1365
9;1741096879561;9208
9;1741096882237;9209
9;1741096885479;9210
3;1741096888347;1366
9;1741096891693;9211
9;1741096898865;9212
3;1741096899656;1367
3;1741096901048;1368
3;1741096902470;1369
9;1741096903177;9213
3;1741096905315;1370
9;1741096910053;9214
3;1741096913405;1371
9;1741096920334;9215
3;1741096920536;1372
9;1741096920707;9216
3;1741096920746;1373
9;1741096923365;9217
3;1741096923924;1374
9;1741096924878;9218
3;1741096934201;1375
9;1741096939845;9219
3;1741096946327;1376
9;1741096947436;9220
9;1741096947602;9221
9;1741096951514;9222
9;1741096952590;9223
3;1741096955269;1377
9;1741096955378;9224
9;1741096958926;9225
3;1741096959227;1378
9;1741096961610;9226
3;1741096962630;1379
3;1741096963338;1380
3;1741096963716;1381
9;1741096964126;9227
3;1741096964454;1382
9;1741096981868;9228
3;1741096982643;1383
9;1741096983881;9229
3;1741096984776;1384
3;1741096985057;1385
3;1741096985579;1386
9;1741096993501;9230
3;1741096995338;1387
3;1741096995709;1388
9;1741096995720;9231
9;1741096996350;9232
3;1741096998583;1389
9;1741097015467;9233
9;1741097016891;9234
3;1741097018966;1390
9;1741097019533;9235
3;1741097020059;1391
3;1741097020309;1392
9;1741097031660;9236
9;1741097034471;9237
9;1741097034888;9238
9;1741097035401;9239
3;1741097036821;1393
3;1741097037877;1394
9;1741097039312;9240
3;1741097042687;1395
3;1741097044342;1396
3;1741097053111;1397
9;1741097055197;9241
3;1741097057054;1398
9;1741097058050;9242
3;1741097064941;1399
9;1741097065360;9243
3;1741097068484;1400
9;1741097068823;9244
9;1741097074428;9245
3;1741097075268;1401
9;1741097078036;9246
9;1741097078081;9247
9;1741097082218;9248
9;1741097085073;9249
3;1741097085959;1402
9;1741097086274;9250
3;1741097087219;1403
3;1741097088993;1404
9;1741097092031;9251
3;1741097092163;1405
3;1741097094940;1406
3;1741097095468;1407
3;1741097097376;1408
9;1741097098414;9252
9;1741097105571;9253
3;1741097107365;1409
9;1741097111426;9254
9;1741097113066;9255
3;1741097117732;1410
9;1741097120566;9256
9;1741097120814;9257
9;1741097122330;9258
3;1741097123720;1411
9;1741097124119;9259
3;1741097125681;1412
3;1741097129680;1413
3;1741097134144;1414
3;1741097139396;1415
3;1741097140007;1416
9;1741097141380;9260
3;1741097144682;1417
9;1741097145371;9261
9;1741097152363;9262
9;1741097156296;9263
3;1741097159431;1418
9;1741097161638;9264
3;1741097163123;1419
3;1741097166021;1420
3;1741097167438;1421
9;1741097167731;9265
3;1741097169046;1422
9;1741097169623;9266
9;1741097172230;9267
9;1741097174109;9268
3;1741097181486;1423
9;1741097185844;9269
3;1741097188218;1424
9;1741097188546;9270
9;1741097191682;9271
9;1741097192589;9272
3;1741097192779;1425
9;1741097197004;9273
3;1741097201107;1426
3;1741097202429;1427
3;1741097206521;1428
3;1741097207930;1429
3;1741097211686;1430
9;1741097211933;9274
9;1741097212515;9275
9;1741097218942;9276
3;1741097223759;1431
9;1741097226891;9277
3;1741097228270;1432
9;1741097229453;9278
9;1741097232717;9279
3;1741097235352;1433
9;1741097236069;9280
3;1741097236597;1434
3;1741097242998;1435
9;1741097245929;9281
3;1741097245976;1436
9;1741097246030;9282
3;1741097246538;1437
9;1741097254959;9283
3;1741097256606;1438
9;1741097259946;9284
3;1741097260352;1439
9;1741097260623;9285
3;1741097261746;1440
9;1741097264769;9286
3;1741097265237;1441
3;1741097272703;1442
9;1741097273705;9287
3;1741097278736;1443
9;1741097285076;9288
3;1741097285555;1444
3;1741097290137;1445
9;1741097290495;9289
9;1741097294564;9290
9;1741097295414;9291
3;1741097296049;1446
3;1741097299944;1447
3;1741097302841;1448
9;1741097305365;9292
9;1741097305919;9293
9;1741097306295;9294
9;1741097310468;9295
3;1741097310910;1449
9;1741097316486;9296
3;1741097319833;1450
9;1741097322952;9297
3;1741097324802;1451
9;1741097327217;9298
3;1741097329840;1452
3;1741097330094;1453
9;1741097338351;9299
3;1741097338359;1454
3;1741097339245;1455
3;1741097344927;1456
9;1741097345804;9300
9;1741097346172;9301
9;1741097350723;9302
9;1741097354427;9303
3;1741097354577;1457
9;1741097355919;9304
3;1741097356061;1458
3;1741097361109;1459
3;1741097365834;1460
9;1741097367197;9305
9;1741097372053;9306
9;1741097376029;9307
3;1741097376475;1461
3;1741097383032;1462
3;1741097383262;1463
3;1741097383581;1464
3;1741097384725;1465
9;1741097385733;9308
9;1741097386300;9309
9;1741097391951;9310
3;1741097392089;1466
9;1741097398808;9311
9;1741097402153;9312
3;1741097406356;1467
3;1741097409817;1468
9;1741097414178;9313
3;1741097415568;1469
3;1741097415910;1470
9;1741097417283;9314
3;1741097418814;1471
9;1741097419349;9315
3;1741097420971;1472
3;1741097421670;1473
9;1741097423836;9316
9;1741097426055;9317
9;1741097430118;9318
3;1741097434679;1474
9;1741097436604;9319
9;1741097440512;9320
9;1741097441546;9321
3;1741097441899;1475
9;1741097444268;9322
3;1741097448213;1476
3;1741097451390;1477
3;1741097453688;1478
9;1741097456372;9323
3;1741097457052;1479
3;1741097461163;1480
9;1741097461597;9324
9;1741097465903;9325
9;1741097467643;9326
9;1741097470720;9327
3;1741097474671;1481
3;1741097475528;1482
3;1741097478302;1483
3;1741097480330;1484
9;1741097480866;9328
9;1741097480988;9329
3;1741097482070;1485
9;1741097490962;9330
3;1741097497856;1486
9;1741097500003;9331
3;1741097501371;1487
9;1741097502257;9332
3;1741097505042;1488
9;1741097505867;9333
9;1741097507933;9334
9;1741097509700;9335
3;1741097519143;1489
3;1741097519876;1490
9;1741097523133;9336
9;1741097523714;9337
3;1741097531618;1491
3;1741097533085;1492
3;1741097533554;1493
9;1741097534272;9338
3;1741097534998;1494
9;1741097535482;9339
9;1741097536073;9340
3;1741097540554;1495
3;1741097541644;1496
9;1741097541771;9341
9;1741097542790;9342
9;1741097544751;9343
9;1741097551212;9344
3;1741097552126;1497
3;1741097552231;1498
3;1741097562155;1499
9;1741097562948;9345
9;1741097563024;9346
3;1741097565321;1500
3;1741097570335;1501
3;1741097573057;1502
3;1741097573797;1503
9;1741097574949;9347
9;1741097579560;9348
9;1741097581322;9349
9;1741097581397;9350
3;1741097582456;1504
9;1741097592026;9351
3;1741097594750;1505
3;1741097595268;1506
9;1741097598755;9352
3;1741097600017;1507
3;1741097600434;1508
9;1741097603200;9353
3;1741097608927;1509
9;1741097611865;9354
9;1741097612819;9355
3;1741097613647;1510
9;1741097617455;9356
9;1741097619471;9357
3;1741097620504;1511
3;1741097627257;1512
3;1741097627312;1513
9;1741097634317;9358
9;1741097636016;9359
3;1741097638092;1514
3;1741097641194;1515
3;1741097641525;1516
3;1741097647279;1517
9;1741097647810;9360
9;1741097656524;9361
9;1741097661972;9362
3;1741097662314;1518
9;1741097663395;9363
9;1741097663834;9364
3;1741097664431;1519
9;1741097667190;9365
9;1741097671554;9366
9;1741097673033;9367
3;1741097674090;1520
3;1741097675754;1521
3;1741097677732;1522
3;1741097679192;1523
9;1741097685322;9368
9;1741097689140;9369
3;1741097690060;1524
9;1741097691863;9370
9;1741097695569;9371
9;1741097695884;9372
3;1741097697801;1525
3;1741097703805;1526
3;1741097703881;1527
3;1741097711198;1528
9;1741097713969;9373
3;1741097714973;1529
9;1741097716027;9374
9;1741097716467;9375
9;1741097720578;9376
9;1741097721669;9377
3;1741097724143;1530
3;1741097724852;1531
3;1741097725104;1532
9;1741097725288;9378
3;1741097725742;1533
3;1741097728254;1534
9;1741097730333;9379
3;1741097730747;1535
9;1741097740392;9380
3;1741097743404;1536
9;1741097745044;9381
9;1741097749109;9382
9;1741097749986;9383
9;1741097750787;9384
9;1741097755584;9385
3;1741097757684;1537
3;1741097758421;1538
3;1741097761358;1539
3;1741097765808;1540
3;1741097766570;1541
3;1741097770098;1542
3;1741097773985;1543
3;1741097776753;1544
3;1741097779986;1545
9;1741097782594;9386
9;1741097782754;9387
9;1741097783184;9388
3;1741097785637;1546
9;1741097787230;9389
9;1741097791336;9390
9;1741097795073;9391
9;1741097799680;9392
9;1741097800433;9393
3;1741097807868;1547
3;1741097808990;1548
9;1741097811418;9394
9;1741097813549;9395
3;1741097814772;1549
9;1741097815139;9396
3;1741097821167;1550
3;1741097822487;1551
3;1741097822536;1552
9;1741097825714;9397
3;1741097826143;1553
3;1741097828187;1554
9;1741097828343;9398
3;1741097835806;1555
9;1741097840866;9399
9;1741097841182;9400
9;1741097843913;9401
9;1741097844856;9402
3;1741097850268;1556
3;1741097858475;1557
3;1741097859950;1558
9;1741097862758;9403
3;1741097863762;1559
9;1741097867510;9404
3;1741097871158;1560
3;1741097873287;1561
3;1741097874490;1562
3;1741097875949;1563
9;1741097877168;9405
3;1741097877549;1564
9;1741097879764;9406
9;1741097884028;9407
9;1741097884586;9408
3;1741097884740;1565
3;1741097887061;1566
9;1741097887500;9409
9;1741097892128;9410
3;1741097893496;1567
3;1741097897598;1568
9;1741097898552;9411
9;1741097900604;9412
3;1741097906547;1569
9;1741097907562;9413
9;1741097908873;9414
3;1741097911637;1570
9;1741097915388;9415
9;1741097919436;9416
9;1741097920184;9417
9;1741097921637;9418
3;1741097923032;1571
9;1741097926048;9419
3;1741097927878;1572
3;1741097935636;1573
3;1741097940189;1574
9;1741097940201;9420
9;1741097941054;9421
3;1741097949320;1575
9;1741097949434;9422
3;1741097953308;1576
9;1741097953537;9423
9;1741097955361;9424
3;1741097955640;1577
9;1741097955729;9425
3;1741097963660;1578
9;1741097965903;9426
3;1741097968421;1579
3;1741097969586;1580
3;1741097971809;1581
9;1741097972018;9427
9;1741097976868;9428
9;1741097980123;9429
9;1741097985992;9430
3;1741097986809;1582
3;1741097987633;1583
3;1741097995115;1584
3;1741097999211;1585
3;1741098001391;1586
3;1741098002134;1587
3;1741098005081;1588
3;1741098005786;1589
9;1741098006717;9431
9;1741098008836;9432
3;1741098010734;1590
9;1741098011823;9433
3;1741098013172;1591
9;1741098015340;9434
9;1741098016227;9435
9;1741098020001;9436
9;1741098020264;9437
3;1741098025743;1592
3;1741098026939;1593
9;1741098027686;9438
9;1741098033353;9439
9;1741098036008;9440
9;1741098036187;9441
3;1741098036393;1594
3;1741098044929;1595
9;1741098045619;9442
9;1741098051681;9443
9;1741098052205;9444
3;1741098055693;1596
9;1741098059663;9445
3;1741098060969;1597
3;1741098064475;1598
3;1741098065410;1599
9;1741098066297;9446
3;1741098067045;1600
9;1741098069871;9447
9;1741098071920;9448
3;1741098074444;1601
3;1741098077612;1602
3;1741098081070;1603
3;1741098081278;1604
9;1741098083333;9449
9;1741098088790;9450
3;1741098089231;1605
3;1741098093712;1606
3;1741098099897;1607
3;1741098105042;1608
9;1741098105055;9451
9;1741098105751;9452
9;1741098107669;9453
9;1741098108843;9454
9;1741098113128;9455
3;1741098115352;1609
3;1741098115954;1610
9;1741098119959;9456
3;1741098122190;1611
9;1741098122948;9457
3;1741098125364;1612
9;1741098129984;9458
9;1741098130111;9459
3;1741098130835;1613
9;1741098131178;9460
3;1741098131263;1614
3;1741098136700;1615
3;1741098145251;1616
3;1741098145361;1617
3;1741098147684;1618
9;1741098154508;9461
9;1741098155321;9462
9;1741098161765;9463
9;1741098163000;9464
3;1741098165422;1619
3;1741098168549;1620
9;1741098169426;9465
3;1741098172072;1621
9;1741098173931;9466
9;1741098174744;9467
3;1741098175011;1622
3;1741098175811;1623
9;1741098176958;9468
9;1741098177470;9469
3;1741098183252;1624
3;1741098193656;1625
3;1741098194865;1626
9;1741098198891;9470
9;1741098199867;9471
9;1741098202569;9472
9;1741098203054;9473
3;1741098205264;1627
3;1741098205768;1628
3;1741098207416;1629
9;1741098209112;9474
9;1741098212155;9475
3;1741098215185;1630
3;1741098220261;1631
3;1741098222071;1632
9;1741098225525;9476
3;1741098229926;1633
9;1741098232564;9477
9;1741098237110;9478
9;1741098237126;9479
3;1741098237239;1634
3;1741098241003;1635
9;1741098246632;9480
9;1741098247072;9481
3;1741098248129;1636
9;1741098248196;9482
3;1741098254276;1637
9;1741098254317;9483
3;1741098256163;1638
9;1741098256399;9484
9;1741098259794;9485
9;1741098260605;9486
9;1741098261120;9487
3;1741098263492;1639
3;1741098270264;1640
3;1741098273377;1641
9;1741098278745;9488
3;1741098282509;1642
9;1741098286311;9489
3;1741098289788;1643
9;1741098290760;9490
9;1741098291942;9491
3;1741098296668;1644
3;1741098298342;1645
3;1741098300045;1646
3;1741098300943;1647
9;1741098303555;9492
3;1741098303647;1648
9;1741098305001;9493
3;1741098305799;1649
9;1741098310098;9494
3;1741098311787;1650
9;1741098314487;9495
9;1741098314614;9496
3;1741098317912;1651
3;1741098327614;1652
9;1741098333008;9497
9;1741098333413;9498
3;1741098333851;1653
9;1741098337208;9499
9;1741098337779;9500
3;1741098339630;1654
3;1741098340122;1655
9;1741098340677;9501
3;1741098347341;1656
3;1741098349335;1657
3;1741098350759;1658
9;1741098356652;9502
3;1741098358079;1659
3;1741098358310;1660
9;1741098363486;9503
3;1741098365860;1661
9;1741098366573;9504
9;1741098370295;9505
9;1741098373035;9506
3;1741098374018;1662
9;1741098381919;9507
9;1741098383634;9508
3;1741098385775;1663
9;1741098385925;9509
9;1741098387069;9510
3;1741098388979;1664
9;1741098390372;9511
3;1741098393644;1665
3;1741098399372;1666
9;1741098403182;9512
3;1741098404940;1667
9;1741098405240;9513
9;1741098407208;9514
3;1741098409461;1668
9;1741098409831;9515
3;1741098414887;1669
3;1741098416229;1670
3;1741098416339;1671
9;1741098419205;9516
9;1741098422297;9517
9;1741098423369;9518
3;1741098425316;1672
3;1741098426206;1673
3;1741098426905;1674
9;1741098429448;9519
9;1741098431804;9520
9;1741098437480;9521
9;1741098443798;9522
9;1741098444427;9523
3;1741098451943;1675
3;1741098453047;1676
3;1741098455051;1677
9;1741098460332;9524
3;1741098460347;1678
3;1741098461618;1679
3;1741098463068;1680
9;1741098468050;9525
3;1741098470090;1681
9;1741098470896;9526
9;1741098478815;9527
9;1741098479462;9528
3;1741098481791;1682
3;1741098482065;1683
9;1741098486740;9529
9;1741098487115;9530
9;1741098489421;9531
3;1741098496577;1684
9;1741098497456;9532
3;1741098500445;1685
3;1741098500809;1686
3;1741098501253;1687
3;1741098507771;1688
3;1741098507950;1689
3;1741098512722;1690
9;1741098516167;9533
9;1741098519343;9534
9;1741098521601;9535
3;1741098522443;1691
9;1741098528678;9536
3;1741098530817;1692
9;1741098534029;9537
9;1741098535083;9538
3;1741098536530;1693
3;1741098537896;1694
3;1741098539501;1695
3;1741098540919;1696
9;1741098543830;9539
9;1741098544283;9540
3;1741098545893;1697
9;1741098551167;9541
9;1741098551659;9542
3;1741098551712;1698
3;1741098553461;1699
9;1741098553789;9543
9;1741098558457;9544
9;1741098566039;9545
3;1741098569636;1700
9;1741098574524;9546
9;1741098575969;9547
3;1741098576663;1701
3;1741098576850;1702
9;1741098582395;9548
3;1741098585845;1703
3;1741098585897;1704
9;1741098589720;9549
3;1741098591883;1705
9;1741098595088;9550
9;1741098595691;9551
9;1741098595749;9552
9;1741098595884;9553
3;1741098597612;1706
3;1741098601283;1707
3;1741098602154;1708
3;1741098609168;1709
9;1741098609295;9554
3;1741098613738;1710
9;1741098615203;9555
3;1741098620926;1711
9;1741098622080;9556
3;1741098627618;1712
3;1741098632434;1713
9;1741098632944;9557
9;1741098633293;9558
3;1741098636140;1714
3;1741098638296;1715
9;1741098638528;9559
9;1741098641699;9560
3;1741098642397;1716
9;1741098646416;9561
3;1741098647965;1717
9;1741098652665;9562
3;1741098653821;1718
9;1741098655411;9563
9;1741098657341;9564
3;1741098663550;1719
3;1741098667655;1720
9;1741098670183;9565
9;1741098671079;9566
9;1741098671964;9567
3;1741098677181;1721
9;1741098677328;9568
9;1741098680481;9569
3;1741098681225;1722
9;1741098681922;9570
3;1741098682102;1723
9;1741098691048;9571
3;1741098695776;1724
3;1741098696393;1725
3;1741098696499;1726
9;1741098696876;9572
3;1741098697959;1727
3;1741098701841;1728
3;1741098703116;1729
9;1741098703124;9573
9;1741098707915;9574
9;1741098711115;9575
9;1741098712359;9576
3;1741098715750;1730
9;1741098717984;9577
3;1741098725729;1731
3;1741098727832;1732
9;1741098732054;9578
3;1741098733000;1733
3;1741098736449;1734
3;1741098737911;1735
9;1741098738913;9579
3;1741098739246;1736
9;1741098742107;9580
9;1741098742186;9581
3;1741098746046;1737
9;1741098754981;9582
3;1741098758612;1738
3;1741098759336;1739
9;1741098760875;9583
9;1741098763000;9584
9;1741098764263;9585
9;1741098766074;9586
3;1741098769428;1740
9;1741098772744;9587
9;1741098773320;9588
3;1741098774082;1741
9;1741098775790;9589
3;1741098777908;1742
3;1741098782407;1743
3;1741098786184;1744
3;1741098787288;1745
9;1741098791203;9590
3;1741098792350;1746
3;1741098793635;1747
9;1741098795282;9591
3;1741098795366;1748
9;1741098795556;9592
9;1741098796290;9593
3;1741098799320;1749
9;1741098800841;9594
9;1741098819546;9595
3;1741098822776;1750
3;1741098823586;1751
9;1741098827580;9596
3;1741098828648;1752
9;1741098829263;9597
9;1741098829680;9598
3;1741098830587;1753
3;1741098835568;1754
9;1741098838142;9599
3;1741098840022;1755
9;1741098846979;9600
9;1741098847850;9601
9;1741098852112;9602
3;1741098854289;1756
3;1741098858389;1757
9;1741098860073;9603
3;1741098860897;1758
3;1741098861163;1759
9;1741098861767;9604
9;1741098865307;9605
3;1741098868081;1760
3;1741098871265;1761
3;1741098871743;1762
3;1741098871828;1763
9;1741098875029;9606
3;1741098876080;1764
9;1741098877297;9607
9;1741098879719;9608
3;1741098884154;1765
9;1741098887231;9609
9;1741098889190;9610
3;1741098890472;1766
9;1741098892137;9611
9;1741098900156;9612
9;1741098902886;9613
3;1741098902895;1767
9;1741098905985;9614
9;1741098909405;9615
3;1741098909485;1768
9;1741098917874;9616
3;1741098918322;1769
3;1741098924735;1770
3;1741098924750;1771
9;1741098925697;9617
3;1741098926495;1772
3;1741098938261;1773
3;1741098939001;1774
9;1741098940848;9618
9;1741098941341;9619
3;1741098941405;1775
9;1741098945286;9620
3;1741098945582;1776
9;1741098946756;9621
9;1741098949065;9622
9;1741098950832;9623
3;1741098951113;1777
3;1741098954121;1778
3;1741098955211;1779
3;1741098956375;1780
9;1741098958408;9624
9;1741098960334;9625
3;1741098961643;1781
3;1741098965176;1782
3;1741098966078;1783
9;1741098966509;9626
3;1741098981526;1784
9;1741098984989;9627
9;1741098985064;9628
9;1741098989812;9629
9;1741098996253;9630
3;1741099001921;1785
9;1741099002424;9631
3;1741099002434;1786
9;1741099005547;9632
3;1741099005754;1787
9;1741099005897;9633
3;1741099006464;1788
3;1741099011477;1789
3;1741099013993;1790
9;1741099014219;9634
3;1741099015454;1791
9;1741099016704;9635
9;1741099022584;9636
3;1741099025109;1792
9;1741099028467;9637
3;1741099029647;1793
3;1741099034117;1794
9;1741099040982;9638
3;1741099042288;1795
9;1741099042954;9639
9;1741099043289;9640
9;1741099044215;9641
3;1741099044914;1796
3;1741099045211;1797
9;1741099048164;9642
9;1741099052576;9643
3;1741099053863;1798
9;1741099054113;9644
3;1741099063573;1799
9;1741099063789;9645
3;1741099064575;1800
9;1741099070840;9646
3;1741099072240;1801
9;1741099075265;9647
9;1741099077642;9648
3;1741099080551;1802
9;1741099083524;9649
9;1741099084345;9650
3;1741099088202;1803
3;1741099088768;1804
9;1741099089428;9651
3;1741099089795;1805
9;1741099091027;9652
3;1741099094245;1806
9;1741099103040;9653
9;1741099104502;9654
3;1741099106349;1807
9;1741099110716;9655
3;1741099111389;1808
3;1741099111592;1809
3;1741099117471;1810
9;1741099118811;9656
3;1741099118833;1811
3;1741099119738;1812
9;1741099126170;9657
3;1741099128461;1813
9;1741099129071;9658
9;1741099133460;9659
3;1741099133683;1814
3;1741099139338;1815
9;1741099143595;9660
3;1741099143779;1816
3;1741099146247;1817
9;1741099147915;9661
9;1741099153855;9662
9;1741099155428;9663
3;1741099158979;1818
9;1741099159108;9664
3;1741099163448;1819
9;1741099163693;9665
3;1741099166127;1820
9;1741099167695;9666
3;1741099171029;1821
3;1741099176783;1822
3;1741099177169;1823
9;1741099178301;9667
3;1741099181764;1824
9;1741099182698;9668
3;1741099183519;1825
3;1741099183961;1826
9;1741099189334;9669
9;1741099189479;9670
9;1741099191656;9671
9;1741099196231;9672
3;1741099197084;1827
3;1741099197929;1828
3;1741099200027;1829
9;1741099203226;9673
3;1741099211927;1830
9;1741099217193;9674
9;1741099217778;9675
9;1741099219063;9676
9;1741099219874;9677
3;1741099221692;1831
3;1741099231326;1832
3;1741099232376;1833
3;1741099233948;1834
9;1741099235521;9678
3;1741099236029;1835
9;1741099236265;9679
9;1741099239927;9680
9;1741099245673;9681
9;1741099245780;9682
3;1741099246127;1836
9;1741099257760;9683
9;1741099257915;9684
3;1741099258302;1837
3;1741099262996;1838
9;1741099264636;9685
3;1741099265525;1839
3;1741099265745;1840
3;1741099270589;1841
9;1741099274669;9686
9;1741099275017;9687
3;1741099277933;1842
3;1741099281796;1843
9;1741099284528;9688
3;1741099285126;1844
9;1741099296446;9689
9;1741099296456;9690
9;1741099301416;9691
3;1741099301504;1845
3;1741099304118;1846
3;1741099305747;1847
3;1741099307594;1848
9;1741099307759;9692
3;1741099309599;1849
9;1741099310708;9693
9;1741099311247;9694
3;1741099311816;1850
3;1741099319847;1851
9;1741099320782;9695
9;1741099320835;9696
3;1741099323603;1852
9;1741099324281;9697
9;1741099328612;9698
3;1741099330832;1853
9;1741099331491;9699
9;1741099338033;9700
9;1741099339979;9701
3;1741099340733;1854
3;1741099342530;1855
3;1741099348902;1856
3;1741099351024;1857
9;1741099352266;9702
9;1741099352881;9703
3;1741099354768;1858
3;1741099357089;1859
3;1741099358594;1860
9;1741099368193;9704
9;1741099372859;9705
9;1741099373492;9706
3;1741099376951;1861
9;1741099378488;9707
9;1741099379618;9708
9;1741099379713;9709
3;1741099384741;1862
3;1741099384816;1863
3;1741099385273;1864
9;1741099388896;9710
3;1741099391664;1865
3;1741099391868;1866
3;1741099393377;1867
9;1741099395497;9711
9;1741099397115;9712
3;1741099399430;1868
3;1741099404882;1869
9;1741099408816;9713
3;1741099413061;1870
3;1741099413393;1871
9;1741099415503;9714
3;1741099416885;1872
9;1741099422252;9715
3;1741099425569;1873
3;1741099427752;1874
9;1741099429804;9716
9;1741099430720;9717
9;1741099431580;9718
3;1741099431727;1875
9;1741099432133;9719
3;1741099442073;1876
3;1741099444106;1877
9;1741099448772;9720
9;1741099451580;9721
9;1741099454348;9722
3;1741099459635;1878
9;1741099460382;9723
3;1741099463271;1879
9;1741099464770;9724
3;1741099468244;1880
3;1741099468266;1881
9;1741099469432;9725
3;1741099469987;1882
9;1741099473122;9726
9;1741099480392;9727
9;1741099480685;9728
9;1741099480771;9729
9;1741099481145;9730
3;1741099483497;1883
9;1741099483833;9731
3;1741099484068;1884
3;1741099488293;1885
3;1741099493492;1886
3;1741099504256;1887
9;1741099508006;9732
3;1741099508470;1888
9;1741099509271;9733
3;1741099511508;1889
9;1741099514228;9734
9;1741099515060;9735
9;1741099516330;9736
3;1741099519170;1890
9;1741099524671;9737
3;1741099525778;1891
9;1741099531123;9738
9;1741099534330;9739
3;1741099534497;1892
3;1741099539577;1893
3;1741099539626;1894
3;1741099541973;1895
9;1741099545819;9740
9;1741099548967;9741
9;1741099550377;9742
3;1741099550432;1896
9;1741099551549;9743
3;1741099553772;1897
9;1741099557262;9744
3;1741099557367;1898
3;1741099557668;1899
3;1741099559227;1900
9;1741099560406;9745
3;1741099570949;1901
3;1741099571135;1902
3;1741099571420;1903
9;1741099573098;9746
9;1741099579555;9747
3;1741099582964;1904
9;1741099583036;9748
9;1741099584813;9749
3;1741099591987;1905
9;1741099595159;9750
3;1741099597304;1906
9;1741099597613;9751
3;1741099597636;1907
9;1741099600786;9752
9;1741099604035;9753
3;1741099605689;1908
3;1741099609018;1909
3;1741099610118;1910
3;1741099611321;1911
3;1741099611387;1912
9;1741099617358;9754
9;1741099618644;9755
9;1741099619055;9756
3;1741099623279;1913
3;1741099623463;1914
9;1741099630033;9757
3;1741099630153;1915
9;1741099630382;9758
9;1741099640588;9759
3;1741099644262;1916
9;1741099645909;9760
3;1741099646018;1917
3;1741099646410;1918
9;1741099653926;9761
9;1741099658497;9762
3;1741099659997;1919
3;1741099661437;1920
9;1741099662111;9763
9;1741099663927;9764
3;1741099664263;1921
9;1741099668939;9765
9;1741099671014;9766
3;1741099671310;1922
9;1741099671669;9767
9;1741099673333;9768
3;1741099679955;1923
9;1741099684521;9769
9;1741099687530;9770
3;1741099688565;1924
3;1741099691876;1925
9;1741099693404;9771
9;1741099694759;9772
3;1741099696096;1926
9;1741099700660;9773
9;1741099705733;9774
3;1741099707620;1927
3;1741099709601;1928
3;1741099711580;1929
9;1741099717845;9775
3;1741099718448;1930
3;1741099718801;1931
9;1741099719437;9776
9;1741099722000;9777
3;1741099726406;1932
3;1741099728297;1933
9;1741099728785;9778
9;1741099729914;9779
3;1741099736985;1934
9;1741099740542;9780
3;1741099743793;1935
3;1741099744996;1936
3;1741099746942;1937
9;1741099754223;9781
9;1741099754622;9782
9;1741099756733;9783
9;1741099757549;9784
3;1741099759940;1938
3;1741099763780;1939
9;1741099767633;9785
3;1741099769121;1940
3;1741099774388;1941
3;1741099777686;1942
9;1741099780479;9786
3;1741099780569;1943
9;1741099780783;9787
9;1741099781915;9788
9;1741099782424;9789
3;1741099784175;1944
3;1741099785258;1945
3;1741099790838;1946
9;1741099793081;9790
3;1741099796358;1947
9;1741099797902;9791
3;1741099798726;1948
9;1741099799298;9792
3;1741099801290;1949
3;1741099806724;1950
9;1741099811704;9793
9;1741099813849;9794
9;1741099817229;9795
3;1741099819751;1951
9;1741099825919;9796
9;1741099827743;9797
3;1741099829896;1952
9;1741099830515;9798
3;1741099835930;1953
9;1741099838417;9799
3;1741099842104;1954
9;1741099843869;9800
3;1741099845512;1955
3;1741099847296;1956
9;1741099849336;9801
3;1741099850090;1957
3;1741099851141;1958
3;1741099852274;1959
9;1741099852704;9802
9;1741099861805;9803
9;1741099863188;9804
9;1741099863394;9805
3;1741099865197;1960
9;1741099865920;9806
3;1741099867753;1961
3;1741099870571;1962
9;1741099876831;9807
3;1741099880659;1963
3;1741099883127;1964
3;1741099885173;1965
9;1741099886208;9808
9;1741099887651;9809
9;1741099887835;9810
3;1741099895711;1966
9;1741099896708;9811
3;1741099900483;1967
9;1741099901551;9812
9;1741099903710;9813
9;1741099907060;9814
9;1741099910844;9815
3;1741099913213;1968
3;1741099914720;1969
3;1741099915072;1970
9;1741099919145;9816
3;1741099919535;1971
3;1741099921733;1972
9;1741099925264;9817
9;1741099930552;9818
3;1741099932434;1973
9;1741099934423;9819
3;1741099936951;1974
9;1741099937527;9820
3;1741099940069;1975
3;1741099943778;1976
3;1741099945529;1977
9;1741099946575;9821
9;1741099953749;9822
3;1741099954168;1978
9;1741099957943;9823
3;1741099958093;1979
9;1741099964263;9824
3;1741099965454;1980
9;1741099966307;9825
9;1741099967444;9826
3;1741099971198;1981
9;1741099972974;9827
9;1741099975742;9828
3;1741099978644;1982
9;1741099978808;9829
9;1741099981523;9830
3;1741099988679;1983
3;1741099994631;1984
9;1741099997231;9831
3;1741099998094;1985
3;1741100002984;1986
9;1741100006092;9832
3;1741100006461;1987
3;1741100008523;1988
3;1741100008653;1989
9;1741100008755;9833
3;1741100014091;1990
3;1741100017221;1991
9;1741100018058;9834
3;1741100020498;1992
9;1741100020986;9835
9;1741100022252;9836
3;1741100024294;1993
3;1741100026960;1994
9;1741100032969;9837
3;1741100039374;1995
3;1741100041394;1996
9;1741100042128;9838
9;1741100043868;9839
9;1741100047884;9840
9;1741100050759;9841
3;1741100050900;1997
3;1741100051970;1998
9;1741100054223;9842
3;1741100056153;1999
3;1741100057398;2000
9;1741100057718;9843
3;1741100062323;2001
9;1741100066113;9844
9;1741100066481;9845
3;1741100069133;2002
9;1741100070921;9846
3;1741100077487;2003
9;1741100082616;9847
9;1741100085446;9848
9;1741100089431;9849
3;1741100091641;2004
9;1741100092360;9850
3;1741100093127;2005
9;1741100096332;9851
9;1741100098187;9852
9;1741100099033;9853
3;1741100099941;2006
3;1741100100484;2007
9;1741100102111;9854
3;1741100105470;2008
9;1741100107083;9855
3;1741100107999;2009
9;1741100109279;9856
9;1741100112213;9857
3;1741100114113;2010
3;1741100116363;2011
3;1741100123297;2012
3;1741100130246;2013
9;1741100131831;9858
3;1741100136278;2014
9;1741100139543;9859
3;1741100139728;2015
9;1741100140305;9860
3;1741100144391;2016
9;1741100144531;9861
9;1741100145525;9862
3;1741100146264;2017
9;1741100149430;9863
3;1741100151975;2018
3;1741100154737;2019
3;1741100158483;2020
3;1741100159841;2021
3;1741100163065;2022
9;1741100166300;9864
3;1741100170583;2023
9;1741100170971;9865
9;1741100173014;9866
9;1741100173240;9867
9;1741100178307;9868
9;1741100180814;9869
3;1741100182310;2024
3;1741100184369;2025
9;1741100184883;9870
3;1741100186991;2026
3;1741100190626;2027
3;1741100190885;2028
9;1741100198455;9871
9;1741100204635;9872
9;1741100208192;9873
3;1741100213050;2029
9;1741100214020;9874
9;1741100216517;9875
3;1741100218075;2030
3;1741100219856;2031
9;1741100227149;9876
3;1741100228150;2032
9;1741100228594;9877
3;1741100234685;2033
3;1741100235801;2034
9;1741100236619;9878
9;1741100237669;9879
3;1741100238211;2035
3;1741100241704;2036
9;1741100242976;9880
9;1741100244254;9881
9;1741100244963;9882
9;1741100253253;9883
3;1741100255684;2037
3;1741100260157;2038
9;1741100260254;9884
9;1741100260398;9885
3;1741100261561;2039
3;1741100261706;2040
9;1741100265279;9886
3;1741100274134;2041
3;1741100280342;2042
9;1741100284334;9887
3;1741100284344;2043
3;1741100285822;2044
3;1741100286198;2045
9;1741100286801;9888
9;1741100288047;9889
9;1741100289577;9890
3;1741100290977;2046
3;1741100294081;2047
9;1741100295545;9891
9;1741100296190;9892
3;1741100298443;2048
3;1741100303200;2049
9;1741100309916;9893
9;1741100310552;9894
9;1741100312847;9895
9;1741100314539;9896
9;1741100320579;9897
3;1741100324274;2050
9;1741100325025;9898
3;1741100329104;2051
9;1741100331030;9899
3;1741100331907;2052
3;1741100332509;2053
3;1741100335777;2054
3;1741100341198;2055
9;1741100342239;9900
9;1741100343100;9901
3;1741100343993;2056
3;1741100347615;2057
9;1741100349722;9902
3;1741100352463;2058
9;1741100352824;9903
9;1741100356938;9904
9;1741100358548;9905
9;1741100358727;9906
3;1741100361349;2059
3;1741100363767;2060
3;1741100369067;2061
9;1741100373724;9907
9;1741100377766;9908
3;1741100378900;2062
3;1741100379161;2063
3;1741100382913;2064
9;1741100387761;9909
9;1741100390560;9910
9;1741100395999;9911
3;1741100397749;2065
9;1741100399017;9912
3;1741100403253;2066
3;1741100403364;2067
9;1741100405357;9913
9;1741100405798;9914
3;1741100409232;2068
3;1741100411389;2069
3;1741100415602;2070
3;1741100418647;2071
9;1741100418984;9915
3;1741100420143;2072
9;1741100422689;9916
9;1741100425853;9917
3;1741100428607;2073
9;1741100430337;9918
9;1741100431416;9919
9;1741100435600;9920
3;1741100437169;2074
9;1741100440809;9921
9;1741100445162;9922
3;1741100450941;2075
3;1741100454068;2076
9;1741100454473;9923
3;1741100454577;2077
3;1741100455069;2078
3;1741100456601;2079
3;1741100461838;2080
9;1741100466359;9924
9;1741100466394;9925
3;1741100466452;2081
9;1741100470245;9926
9;1741100472200;9927
3;1741100475702;2082
9;1741100475956;9928
3;1741100477447;2083
9;1741100482719;9929
3;1741100484139;2084
3;1741100490760;2085
9;1741100494065;9930
9;1741100496526;9931
9;1741100498265;9932
3;1741100498957;2086
3;1741100500002;2087
9;1741100503994;9933
3;1741100507709;2088
3;1741100507950;2089
9;1741100515290;9934
3;1741100516048;2090
9;1741100519468;9935
3;1741100521714;2091
3;1741100523619;2092
9;1741100525435;9936
9;1741100529515;9937
3;1741100533736;2093
3;1741100534484;2094
9;1741100538962;9938
9;1741100539068;9939
9;1741100540753;9940
9;1741100545294;9941
9;1741100546460;9942
3;1741100548050;2095
9;1741100549495;9943
3;1741100552624;2096
9;1741100560168;9944
3;1741100563367;2097
3;1741100563545;2098
9;1741100566936;9945
9;1741100567396;9946
3;1741100568560;2099
3;1741100569243;2100
3;1741100570508;2101
3;1741100576296;2102
9;1741100576349;9947
3;1741100576503;2103
9;1741100582600;9948
3;1741100584786;2104
9;1741100584927;9949
3;1741100590382;2105
3;1741100593216;2106
9;1741100595795;9950
9;1741100600273;9951
9;1741100600343;9952
3;1741100600503;2107
9;1741100601216;9953
9;1741100606216;9954
9;1741100609639;9955
3;1741100615959;2108
3;1741100617554;2109
3;1741100618713;2110
3;1741100619086;2111
3;1741100623156;2112
3;1741100625093;2113
9;1741100627031;9956
9;1741100629244;9957
3;1741100630673;2114
9;1741100636854;9958
3;1741100638798;2115
9;1741100639132;9959
9;1741100644276;9960
9;1741100647557;9961
9;1741100653492;9962
3;1741100656249;2116
3;1741100656596;2117
3;1741100658453;2118
9;1741100662324;9963
3;1741100662534;2119
3;1741100663625;2120
9;1741100664706;9964
3;1741100669477;2121
3;1741100671420;2122
9;1741100674338;9965
9;1741100674918;9966
9;1741100677676;9967
9;1741100681837;9968
3;1741100682189;2123
9;1741100684087;9969
3;1741100689290;2124
9;1741100693427;9970
3;1741100698052;2125
9;1741100699949;9971
3;1741100700422;2126
9;1741100700630;9972
3;1741100701139;2127
3;1741100708222;2128
3;1741100708854;2129
9;1741100709217;9973
3;1741100710548;2130
9;1741100715890;9974
9;1741100719158;9975
3;1741100725641;2131
9;1741100729461;9976
3;1741100730370;2132
9;1741100733647;9977
3;1741100736065;2133
9;1741100737938;9978
9;1741100739977;9979
3;1741100740059;2134
9;1741100741021;9980
3;1741100741327;2135
3;1741100741361;2136
9;1741100749360;9981
9;1741100749685;9982
3;1741100752265;2137
9;1741100756074;9983
9;1741100758665;9984
3;1741100762336;2138
3;1741100765244;2139
9;1741100770729;9985
3;1741100772383;2140
3;1741100774599;2141
3;1741100776564;2142
9;1741100777040;9986
9;1741100778157;9987
3;1741100779571;2143
9;1741100781306;9988
3;1741100781779;2144
9;1741100783650;9989
3;1741100786162;2145
3;1741100786697;2146
9;1741100788785;9990
9;1741100790501;9991
9;1741100791243;9992
9;1741100799325;9993
3;1741100801371;2147
9;1741100801726;9994
3;1741100809220;2148
3;1741100810635;2149
3;1741100811096;2150
9;1741100812142;9995
3;1741100815392;2151
3;1741100818520;2152
3;1741100818807;2153
9;1741100819095;9996
9;1741100820196;9997
9;1741100822886;9998
3;1741100829728;2154
9;1741100830982;9999
3;1741100832382;2155
9;1741100836605;10000
9;1741100837407;10001
9;1741100846243;10002
3;1741100849635;2156
3;1741100851163;2157
9;1741100854201;10003
9;1741100856677;10004
3;1741100857521;2158
3;1741100857809;2159
9;1741100857972;10005
9;1741100867584;10006
3;1741100868332;2160
9;1741100873047;10007
9;1741100875268;10008
3;1741100879568;2161
3;1741100884232;2162
3;1741100884444;2163
9;1741100886903;10009
9;1741100888069;10010
3;1741100889962;2164
3;1741100891233;2165
3;1741100891919;2166
9;1741100895321;10011
9;1741100899510;10012
9;1741100900295;10013
3;1741100900989;2167
9;1741100901418;10014
3;1741100901631;2168
3;1741100906411;2169
3;1741100912285;2170
9;1741100914821;10015
9;1741100922412;10016
9;1741100924405;10017
3;1741100924723;2171
3;1741100929414;2172
9;1741100930834;10018
3;1741100931184;2173
3;1741100933693;2174
9;1741100935725;10019
9;1741100937271;10020
9;1741100938208;10021
3;1741100939662;2175
9;1741100946575;10022
3;1741100947562;2176
3;1741100952308;2177
9;1741100958593;10023
9;1741100959179;10024
3;1741100962102;2178
3;1741100962438;2179
3;1741100962819;2180
9;1741100963044;10025
3;1741100967241;2181
3;1741100970706;2182
3;1741100973057;2183
9;1741100974149;10026
9;1741100976432;10027
3;1741100980033;2184
9;1741100985321;10028
9;1741100986979;10029
9;1741100988674;10030
3;1741100992510;2185
3;1741100993250;2186
9;1741100994741;10031
9;1741100999495;10032
9;1741101004132;10033
3;1741101005045;2187
9;1741101008063;10034
3;1741101009673;2188
9;1741101010055;10035
3;1741101013036;2189
9;1741101017595;10036
3;1741101021462;2190
9;1741101025045;10037
3;1741101029226;2191
3;1741101029555;2192
9;1741101030641;10038
9;1741101034308;10039
3;1741101035887;2193
9;1741101038501;10040
3;1741101042889;2194
3;1741101043966;2195
9;1741101047069;10041
3;1741101049856;2196
9;1741101051709;10042
3;1741101054439;2197
3;1741101056093;2198
9;1741101056762;10043
9;1741101058229;10044
9;1741101059246;10045
3;1741101059635;2199
3;1741101061012;2200
9;1741101062301;10046
9;1741101065521;10047
9;1741101072637;10048
3;1741101073117;2201
3;1741101073127;2202
3;1741101080362;2203
3;1741101080915;2204
3;1741101082939;2205
9;1741101086031;10049
9;1741101087249;10050
3;1741101090454;2206
9;1741101102334;10051
3;1741101103779;2207
9;1741101106472;10052
9;1741101107607;10053
3;1741101109161;2208
9;1741101111819;10054
3;1741101112279;2209
3;1741101117832;2210
9;1741101120464;10055
9;1741101122103;10056
3;1741101122704;2211
9;1741101123042;10057
3;1741101123337;2212
3;1741101123768;2213
9;1741101127019;10058
3;1741101128248;2214
9;1741101135082;10059
3;1741101138222;2215
9;1741101140465;10060
3;1741101143176;2216
9;1741101145277;10061
3;1741101145520;2217
9;1741101146668;10062
3;1741101149210;2218
9;1741101150810;10063
3;1741101153244;2219
3;1741101154087;2220
3;1741101158778;2221
9;1741101161278;10064
9;1741101162134;10065
3;1741101162970;2222
9;1741101167332;10066
3;1741101168714;2223
3;1741101175833;2224
9;1741101180804;10067
9;1741101183355;10068
3;1741101184964;2225
9;1741101191356;10069
3;1741101193841;2226
9;1741101193905;10070
3;1741101197190;2227
9;1741101198560;10071
9;1741101200132;10072
3;1741101200371;2228
9;1741101201887;10073
9;1741101202916;10074
3;1741101205481;2229
9;1741101206111;10075
3;1741101209334;2230
3;1741101216199;2231
9;1741101222630;10076
3;1741101226297;2232
9;1741101226526;10077
9;1741101228749;10078
3;1741101229834;2233
3;1741101231650;2234
3;1741101232492;2235
3;1741101236450;2236
9;1741101237389;10079
9;1741101247283;10080
3;1741101249245;2237
9;1741101249406;10081
9;1741101250870;10082
9;1741101255664;10083
9;1741101256278;10084
9;1741101259273;10085
9;1741101261740;10086
3;1741101265503;2238
3;1741101270528;2239
3;1741101272431;2240
3;1741101275392;2241
9;1741101280454;10087
9;1741101283953;10088
3;1741101284750;2242
3;1741101286261;2243
9;1741101286455;10089
3;1741101288173;2244
3;1741101288532;2245
9;1741101288602;10090
9;1741101288860;10091
3;1741101294653;2246
3;1741101295739;2247
9;1741101301463;10092
3;1741101301533;2248
9;1741101303942;10093
9;1741101304009;10094
9;1741101310392;10095
3;1741101310503;2249
9;1741101311161;10096
3;1741101311289;2250
3;1741101311562;2251
3;1741101316568;2252
9;1741101319366;10097
3;1741101326665;2253
3;1741101327540;2254
9;1741101330121;10098
9;1741101331048;10099
9;1741101332466;10100
3;1741101344533;2255
3;1741101346172;2256
9;1741101346598;10101
9;1741101350546;10102
9;1741101354388;10103
3;1741101356601;2257
9;1741101358233;10104
3;1741101358604;2258
9;1741101360597;10105
3;1741101361176;2259
3;1741101372407;2260
3;1741101372972;2261
3;1741101373119;2262
9;1741101377642;10106
3;1741101381785;2263
9;1741101383647;10107
9;1741101385100;10108
9;1741101385994;10109
3;1741101389072;2264
9;1741101395297;10110
3;1741101397603;2265
3;1741101399059;2266
9;1741101399883;10111
3;1741101400325;2267
3;1741101400395;2268
3;1741101405483;2269
9;1741101410639;10112
9;1741101410872;10113
3;1741101411726;2270
9;1741101414772;10114
9;1741101417611;10115
9;1741101421742;10116
9;1741101423864;10117
9;1741101425538;10118
9;1741101429754;10119
3;1741101430973;2271
3;1741101434223;2272
3;1741101434701;2273
3;1741101434790;2274
9;1741101436084;10120
9;1741101436624;10121
3;1741101437439;2275
9;1741101442032;10122
9;1741101445676;10123
3;1741101449955;2276
3;1741101449970;2277
3;1741101452092;2278
3;1741101455977;2279
9;1741101457360;10124
3;1741101458061;2280
9;1741101467785;10125
3;1741101468726;2281
9;1741101468937;10126
9;1741101470654;10127
9;1741101471300;10128
3;1741101475825;2282
3;1741101477611;2283
3;1741101478652;2284
3;1741101479556;2285
3;1741101480862;2286
9;1741101483839;10129
9;1741101491505;10130
9;1741101491883;10131
9;1741101498026;10132
9;1741101502360;10133
3;1741101505423;2287
3;1741101509648;2288
9;1741101510432;10134
9;1741101518842;10135
3;1741101521189;2289
3;1741101521694;2290
9;1741101524192;10136
9;1741101525513;10137
3;1741101526774;2291
3;1741101528761;2292
3;1741101529143;2293
9;1741101532447;10138
3;1741101534147;2294
9;1741101534927;10139
3;1741101536703;2295
9;1741101539927;10140
9;1741101540426;10141
3;1741101542725;2296
9;1741101546040;10142
9;1741101559790;10143
3;1741101560300;2297
9;1741101560543;10144
3;1741101567536;2298
9;1741101567651;10145
9;1741101568538;10146
3;1741101569399;2299
3;1741101572301;2300
3;1741101573171;2301
3;1741101573683;2302
3;1741101575506;2303
3;1741101575578;2304
9;1741101577331;10147
9;1741101578723;10148
9;1741101581248;10149
3;1741101586233;2305
9;1741101588067;10150
9;1741101594055;10151
9;1741101596460;10152
3;1741101597230;2306
3;1741101600434;2307
9;1741101600676;10153
3;1741101603789;2308
3;1741101605529;2309
9;1741101608960;10154
9;1741101610241;10155
9;1741101612326;10156
9;1741101622770;10157
3;1741101623213;2310
3;1741101623673;2311
9;1741101627415;10158
9;1741101628294;10159
3;1741101628472;2312
3;1741101630113;2313
3;1741101630900;2314
3;1741101632981;2315
3;1741101647408;2316
3;1741101648191;2317
9;1741101649651;10160
9;1741101650060;10161
9;1741101654021;10162
9;1741101656244;10163
3;1741101658456;2318
9;1741101659400;10164
3;1741101660967;2319
9;1741101665471;10165
3;1741101665848;2320
9;1741101669245;10166
3;1741101672695;2321
9;1741101673435;10167
3;1741101675091;2322
9;1741101675342;10168
3;1741101676278;2323
9;1741101680330;10169
9;1741101682352;10170
9;1741101683440;10171
3;1741101693461;2324
3;1741101703586;2325
3;1741101704089;2326
3;1741101705540;2327
9;1741101707724;10172
9;1741101708686;10173
3;1741101709134;2328
3;1741101711322;2329
9;1741101713752;10174
9;1741101713912;10175
9;1741101714763;10176
9;1741101716008;10177
3;1741101719050;2330
9;1741101721243;10178
3;1741101723554;2331
3;1741101727695;2332
3;1741101728333;2333
9;1741101729022;10179
3;1741101738137;2334
3;1741101745560;2335
9;1741101747091;10180
3;1741101748096;2336
3;1741101748501;2337
9;1741101749905;10181
9;1741101750857;10182
3;1741101756509;2338
3;1741101757031;2339
9;1741101758820;10183
3;1741101758904;2340
9;1741101762638;10184
9;1741101765949;10185
9;1741101767921;10186
9;1741101768234;10187
3;1741101768526;2341
9;1741101772372;10188
9;1741101777847;10189
3;1741101779139;2342
3;1741101780801;2343
3;1741101780987;2344
9;1741101781266;10190
3;1741101791343;2345
3;1741101796093;2346
9;1741101797023;10191
3;1741101798523;2347
9;1741101798869;10192
3;1741101801875;2348
3;1741101806332;2349
9;1741101809586;10193
9;1741101817511;10194
9;1741101818105;10195
3;1741101820264;2350
3;1741101822084;2351
9;1741101824276;10196
3;1741101824905;2352
9;1741101826225;10197
9;1741101829438;10198
3;1741101829785;2353
9;1741101832500;10199
3;1741101836217;2354
3;1741101839932;2355
3;1741101840734;2356
9;1741101842473;10200
9;1741101845930;10201
3;1741101847141;2357
9;1741101848662;10202
3;1741101852445;2358
3;1741101856880;2359
3;1741101857890;2360
9;1741101863709;10203
9;1741101863811;10204
9;1741101866155;10205
9;1741101869947;10206
9;1741101875424;10207
3;1741101882250;2361
3;1741101882262;2362
9;1741101882323;10208
9;1741101884759;10209
3;1741101887461;2363
3;1741101887982;2364
3;1741101888027;2365
9;1741101890215;10210
9;1741101893368;10211
3;1741101896721;2366
3;1741101896902;2367
9;1741101902825;10212
3;1741101903366;2368
9;1741101906511;10213
9;1741101906576;10214
3;1741101911189;2369
9;1741101916269;10215
9;1741101916311;10216
9;1741101917999;10217
3;1741101919562;2370
3;1741101925988;2371
3;1741101928570;2372
3;1741101930060;2373
9;1741101930940;10218
3;1741101935785;2374
9;1741101936367;10219
3;1741101937265;2375
3;1741101937940;2376
9;1741101941971;10220
9;1741101943648;10221
3;1741101947301;2377
9;1741101949330;10222
9;1741101954348;10223
9;1741101955123;10224
3;1741101956141;2378
9;1741101956473;10225
9;1741101959374;10226
3;1741101959494;2379
3;1741101963749;2380
3;1741101969363;2381
9;1741101971048;10227
9;1741101972590;10228
3;1741101981114;2382
3;1741101981135;2383
3;1741101986774;2384
3;1741101987362;2385
3;1741101991974;2386
9;1741101996549;10229
3;1741101996936;2387
9;1741101998373;10230
9;1741101998803;10231
3;1741102004440;2388
9;1741102008716;10232
9;1741102013126;10233
9;1741102015345;10234
9;1741102015552;10235
9;1741102015696;10236
3;1741102021942;2389
3;1741102022677;2390
9;1741102023013;10237
3;1741102023293;2391
9;1741102025896;10238
9;1741102027315;10239
3;1741102028727;2392
3;1741102034511;2393
3;1741102036157;2394
3;1741102038903;2395
9;1741102040775;10240
9;1741102042328;10241
3;1741102046189;2396
9;1741102051761;10242
9;1741102053119;10243
9;1741102057354;10244
9;1741102058479;10245
3;1741102059006;2397
3;1741102059960;2398
9;1741102062546;10246
3;1741102065484;2399
9;1741102067019;10247
3;1741102070747;2400
3;1741102071176;2401
3;1741102079104;2402
9;1741102079299;10248
9;1741102080123;10249
3;1741102083436;2403
3;1741102084587;2404
9;1741102085296;10250
9;1741102089126;10251
9;1741102091566;10252
3;1741102097437;2405
9;1741102097506;10253
3;1741102097984;2406
3;1741102099760;2407
3;1741102101931;2408
3;1741102105286;2409
3;1741102107001;2410
3;1741102115920;2411
9;1741102116898;10254
9;1741102122023;10255
3;1741102122404;2412
9;1741102123737;10256
9;1741102123926;10257
3;1741102127168;2413
3;1741102128581;2414
9;1741102132527;10258
9;1741102135730;10259
9;1741102142916;10260
3;1741102145649;2415
3;1741102148586;2416
9;1741102158027;10261
3;1741102161947;2417
9;1741102162135;10262
3;1741102163242;2418
3;1741102165013;2419
9;1741102165464;10263
9;1741102168767;10264
9;1741102168802;10265
3;1741102169843;2420
9;1741102170179;10266
3;1741102172222;2421
9;1741102172980;10267
3;1741102177593;2422
9;1741102179725;10268
9;1741102181390;10269
3;1741102186558;2423
9;1741102190737;10270
3;1741102190906;2424
3;1741102192995;2425
3;1741102194432;2426
9;1741102194524;10271
3;1741102194635;2427
3;1741102195862;2428
9;1741102197196;10272
3;1741102200310;2429
9;1741102201698;10273
9;1741102202282;10274
3;1741102203826;2430
3;1741102210826;2431
9;1741102211206;10275
9;1741102213352;10276
3;1741102218312;2432
9;1741102221144;10277
3;1741102230261;2433
3;1741102231402;2434
9;1741102237075;10278
3;1741102239148;2435
9;1741102241363;10279
9;1741102242023;10280
9;1741102247549;10281
3;1741102249306;2436
9;1741102250375;10282
9;1741102251815;10283
3;1741102252340;2437
3;1741102256599;2438
3;1741102258738;2439
9;1741102263284;10284
3;1741102263771;2440
9;1741102269529;10285
9;1741102270702;10286
3;1741102270830;2441
9;1741102272443;10287
3;1741102273105;2442
9;1741102273891;10288
3;1741102277021;2443
3;1741102280801;2444
9;1741102281173;10289
3;1741102288282;2445
3;1741102295078;2446
3;1741102295106;2447
9;1741102300631;10290
9;1741102303324;10291
3;1741102303700;2448
9;1741102308182;10292
3;1741102309335;2449
3;1741102310429;2450
3;1741102315219;2451
9;1741102315463;10293
9;1741102316477;10294
9;1741102318581;10295
3;1741102322009;2452
9;1741102323013;10296
3;1741102329730;2453
9;1741102330229;10297
3;1741102330602;2454
9;1741102340476;10298
9;1741102342439;10299
3;1741102342449;2455
3;1741102343280;2456
9;1741102345255;10300
9;1741102345437;10301
3;1741102352169;2457
9;1741102352705;10302
9;1741102354765;10303
9;1741102355579;10304
3;1741102356499;2458
9;1741102359582;10305
3;1741102364825;2459
3;1741102372653;2460
9;1741102376412;10306
3;1741102376805;2461
3;1741102379211;2462
3;1741102379927;2463
9;1741102380649;10307
9;1741102380986;10308
9;1741102382287;10309
3;1741102389543;2464
3;1741102396184;2465
3;1741102398576;2466
9;1741102399150;10310
3;1741102402066;2467
3;1741102405288;2468
9;1741102406450;10311
9;1741102407493;10312
9;1741102411319;10313
3;1741102412047;2469
9;1741102412828;10314
9;1741102414268;10315
3;1741102414698;2470
3;1741102423044;2471
3;1741102425415;2472
9;1741102426031;10316
9;1741102426145;10317
9;1741102426297;10318
3;1741102429334;2473
3;1741102430504;2474
9;1741102437230;10319
9;1741102438174;10320
3;1741102438499;2475
9;1741102444503;10321
9;1741102448511;10322
9;1741102453048;10323
3;1741102453880;2476
9;1741102455863;10324
3;1741102458213;2477
3;1741102460825;2478
3;1741102461052;2479
3;1741102467133;2480
9;1741102468616;10325
9;1741102470502;10326
9;1741102472403;10327
3;1741102474679;2481
3;1741102477748;2482
3;1741102480153;2483
3;1741102482281;2484
9;1741102482938;10328
3;1741102488313;2485
9;1741102490182;10329
9;1741102491610;10330
9;1741102492469;10331
3;1741102492599;2486
3;1741102497708;2487
9;1741102497899;10332
3;1741102504781;2488
3;1741102507006;2489
9;1741102508271;10333
3;1741102508832;2490
9;1741102508945;10334
9;1741102515295;10335
9;1741102516212;10336
3;1741102517509;2491
9;1741102517938;10337
9;1741102519772;10338
9;1741102527979;10339
3;1741102528441;2492
3;1741102533259;2493
3;1741102535999;2494
9;1741102538816;10340
9;1741102546084;10341
3;1741102549670;2495
9;1741102549814;10342
9;1741102550727;10343
3;1741102554081;2496
9;1741102554582;10344
3;1741102556951;2497
3;1741102557466;2498
9;1741102560976;10345
3;1741102565906;2499
3;1741102565936;2500
9;1741102566380;10346
3;1741102569430;2501
3;1741102570025;2502
9;1741102571969;10347
3;1741102574826;2503
9;1741102579047;10348
9;1741102587320;10349
3;1741102589445;2504
3;1741102592581;2505
9;1741102593373;10350
3;1741102593389;2506
9;1741102594783;10351
9;1741102601412;10352
9;1741102603665;10353
3;1741102603963;2507
9;1741102607785;10354
3;1741102607940;2508
3;1741102611978;2509
3;1741102615384;2510
9;1741102618192;10355
3;1741102619406;2511
3;1741102621809;2512
9;1741102625437;10356
3;1741102626815;2513
3;1741102631872;2514
9;1741102634609;10357
9;1741102637114;10358
9;1741102637240;10359
3;1741102640806;2515
9;1741102641127;10360
9;1741102642463;10361
9;1741102645551;10362
3;1741102645565;2516
9;1741102649233;10363
9;1741102649944;10364
3;1741102650357;2517
3;1741102651142;2518
3;1741102656561;2519
3;1741102667735;2520
9;1741102669990;10365
9;1741102674223;10366
3;1741102678886;2521
9;1741102682641;10367
9;1741102682847;10368
3;1741102683967;2522
9;1741102686208;10369
3;1741102687292;2523
3;1741102687335;2524
9;1741102687487;10370
9;1741102687609;10371
3;1741102700667;2525
3;1741102701092;2526
3;1741102703731;2527
9;1741102707651;10372
3;1741102708824;2528
9;1741102708956;10373
3;1741102710165;2529
9;1741102710369;10374
3;1741102713831;2530
9;1741102717266;10375
9;1741102719056;10376
3;1741102727606;2531
9;1741102728246;10377
3;1741102728457;2532
3;1741102728989;2533
9;1741102732873;10378
9;1741102734573;10379
3;1741102740525;2534
3;1741102741479;2535
9;1741102741657;10380
3;1741102742205;2536
9;1741102743679;10381
9;1741102753943;10382
3;1741102756122;2537
3;1741102758168;2538
9;1741102759096;10383
3;1741102759392;2539
3;1741102759957;2540
9;1741102760339;10384
9;1741102760874;10385
3;1741102765892;2541
3;1741102766069;2542
9;1741102770227;10386
9;1741102775981;10387
9;1741102777754;10388
3;1741102779418;2543
9;1741102781549;10389
3;1741102783577;2544
9;1741102789488;10390
9;1741102795438;10391
3;1741102796508;2545
3;1741102797519;2546
9;1741102800452;10392
3;1741102800874;2547
3;1741102802408;2548
9;1741102802818;10393
9;1741102805287;10394
3;1741102810865;2549
3;1741102812353;2550
3;1741102815588;2551
9;1741102816166;10395
3;1741102817240;2552
9;1741102820343;10396
9;1741102828907;10397
9;1741102831336;10398
3;1741102838669;2553
3;1741102839401;2554
3;1741102840050;2555
3;1741102840516;2556
9;1741102842509;10399
9;1741102843150;10400
9;1741102845744;10401
9;1741102845930;10402
3;1741102851172;2557
3;1741102853584;2558
3;1741102856684;2559
3;1741102857180;2560
3;1741102860791;2561
3;1741102862753;2562
9;1741102863256;10403
9;1741102864914;10404
9;1741102866894;10405
9;1741102870508;10406
9;1741102873715;10407
3;1741102878975;2563
9;1741102884902;10408
9;1741102885795;10409
3;1741102891012;2564
3;1741102894046;2565
9;1741102896001;10410
3;1741102898652;2566
3;1741102901176;2567
9;1741102901606;10411
9;1741102901679;10412
3;1741102904081;2568
3;1741102906226;2569
3;1741102909224;2570
9;1741102911794;10413
9;1741102913627;10414
9;1741102914521;10415
3;1741102915695;2571
9;1741102917663;10416
3;1741102919790;2572
9;1741102925354;10417
9;1741102932364;10418
9;1741102933891;10419
9;1741102933908;10420
9;1741102934520;10421
3;1741102935086;2573
3;1741102938540;2574
3;1741102941220;2575
3;1741102944024;2576
9;1741102944614;10422
3;1741102945940;2577
3;1741102953333;2578
9;1741102956274;10423
3;1741102960033;2579
9;1741102961243;10424
9;1741102963613;10425
9;1741102964378;10426
9;1741102968087;10427
3;1741102968717;2580
3;1741102971762;2581
3;1741102974152;2582
3;1741102978002;2583
9;1741102980708;10428
3;1741102986065;2584
9;1741102987139;10429
9;1741102989316;10430
3;1741102989923;2585
3;1741102990520;2586
3;1741102996360;2587
3;1741102996412;2588
9;1741102998497;10431
3;1741103004103;2589
9;1741103007354;10432
9;1741103009428;10433
9;1741103010755;10434
9;1741103011057;10435
3;1741103011867;2590
3;1741103012712;2591
9;1741103014409;10436
3;1741103016071;2592
3;1741103020676;2593
9;1741103024565;10437
9;1741103029588;10438
3;1741103032015;2594
9;1741103034605;10439
9;1741103036933;10440
9;1741103039299;10441
3;1741103042323;2595
3;1741103046544;2596
3;1741103049602;2597
9;1741103051616;10442
9;1741103056851;10443
9;1741103057381;10444
9;1741103059286;10445
3;1741103060578;2598
3;1741103063452;2599
3;1741103066554;2600
3;1741103069886;2601
9;1741103070738;10446
9;1741103077199;10447
3;1741103077300;2602
3;1741103079737;2603
3;1741103082756;2604
9;1741103083599;10448
9;1741103085950;10449
9;1741103086162;10450
3;1741103089308;2605
9;1741103091501;10451
9;1741103098057;10452
9;1741103102229;10453
3;1741103104799;2606
3;1741103105507;2607
9;1741103106587;10454
3;1741103106900;2608
9;1741103107678;10455
3;1741103110565;2609
3;1741103114636;2610
9;1741103118482;10456
3;1741103121054;2611
3;1741103129222;2612
9;1741103134558;10457
3;1741103141406;2613
9;1741103141867;10458
3;1741103142660;2614
9;1741103144799;10459
3;1741103145290;2615
3;1741103146602;2616
9;1741103148979;10460
9;1741103149764;10461
3;1741103152106;2617
3;1741103153648;2618
9;1741103153736;10462
9;1741103156163;10463
9;1741103156416;10464
3;1741103159966;2619
9;1741103163613;10465
3;1741103165147;2620
9;1741103166367;10466
3;1741103167355;2621
9;1741103168523;10467
3;1741103168705;2622
3;1741103175637;2623
3;1741103176876;2624
3;1741103180823;2625
3;1741103185465;2626
9;1741103186736;10468
3;1741103187444;2627
9;1741103190216;10469
9;1741103199741;10470
9;1741103200122;10471
9;1741103200799;10472
9;1741103206752;10473
3;1741103209449;2628
3;1741103210402;2629
3;1741103213301;2630
9;1741103214143;10474
3;1741103214257;2631
3;1741103214980;2632
9;1741103222147;10475
3;1741103226123;2633
9;1741103226726;10476
9;1741103230906;10477
3;1741103232926;2634
3;1741103233737;2635
9;1741103238410;10478
9;1741103242651;10479
3;1741103243631;2636
3;1741103243811;2637
3;1741103250036;2638
9;1741103250507;10480
9;1741103250873;10481
3;1741103251907;2639
9;1741103256148;10482
3;1741103256282;2640
9;1741103260445;10483
9;1741103262363;10484
9;1741103267720;10485
3;1741103269936;2641
3;1741103270646;2642
9;1741103270676;10486
3;1741103284715;2643
9;1741103285022;10487
9;1741103285584;10488
3;1741103287903;2644
3;1741103289732;2645
9;1741103291385;10489
9;1741103297313;10490
3;1741103300507;2646
9;1741103300904;10491
3;1741103308240;2647
3;1741103312687;2648
9;1741103313107;10492
9;1741103313191;10493
9;1741103314051;10494
3;1741103314616;2649
9;1741103315522;10495
9;1741103315574;10496
3;1741103319308;2650
3;1741103320131;2651
9;1741103324308;10497
3;1741103327638;2652
9;1741103330633;10498
9;1741103333364;10499
9;1741103334403;10500
3;1741103339735;2653
3;1741103342493;2654
3;1741103344768;2655
9;1741103346876;10501
3;1741103346989;2656
9;1741103348817;10502
9;1741103350035;10503
3;1741103355058;2657
9;1741103356283;10504
9;1741103356831;10505
9;1741103358244;10506
3;1741103358554;2658
3;1741103359232;2659
9;1741103360716;10507
3;1741103363212;2660
3;1741103363403;2661
3;1741103364616;2662
3;1741103373841;2663
9;1741103375390;10508
9;1741103378256;10509
3;1741103378674;2664
9;1741103384529;10510
3;1741103393066;2665
9;1741103395093;10511
3;1741103400447;2666
9;1741103402389;10512
3;1741103402438;2667
3;1741103402969;2668
9;1741103405357;10513
9;1741103409329;10514
3;1741103409642;2669
3;1741103414981;2670
3;1741103417316;2671
9;1741103419847;10515
9;1741103420046;10516
3;1741103421017;2672
3;1741103423582;2673
3;1741103425167;2674
9;1741103430409;10517
9;1741103433125;10518
9;1741103433838;10519
3;1741103440488;2675
9;1741103440853;10520
9;1741103442536;10521
9;1741103445294;10522
9;1741103448399;10523
3;1741103448780;2676
3;1741103451530;2677
9;1741103456792;10524
3;1741103457123;2678
9;1741103459374;10525
3;1741103464583;2679
9;1741103469489;10526
9;1741103469649;10527
3;1741103471525;2680
3;1741103472466;2681
3;1741103473211;2682
3;1741103476351;2683
9;1741103476501;10528
3;1741103477004;2684
3;1741103484179;2685
9;1741103487888;10529
3;1741103488084;2686
9;1741103490201;10530
9;1741103491058;10531
9;1741103496367;10532
9;1741103498054;10533
3;1741103500215;2687
9;1741103501797;10534
3;1741103504347;2688
3;1741103511164;2689
3;1741103523802;2690
3;1741103524896;2691
9;1741103525184;10535
9;1741103527470;10536
3;1741103527972;2692
9;1741103528239;10537
9;1741103530760;10538
3;1741103532167;2693
9;1741103533594;10539
9;1741103540954;10540
9;1741103545964;10541
9;1741103547195;10542
3;1741103548614;2694
9;1741103550681;10543
3;1741103551406;2695
9;1741103552406;10544
3;1741103558576;2696
3;1741103558732;2697
3;1741103561872;2698
3;1741103568461;2699
9;1741103570577;10545
3;1741103572159;2700
3;1741103575166;2701
9;1741103576136;10546
3;1741103582279;2702
3;1741103582584;2703
9;1741103584843;10547
9;1741103588084;10548
3;1741103588893;2704
9;1741103590414;10549
9;1741103590637;10550
3;1741103591712;2705
9;1741103593537;10551
9;1741103596623;10552
9;1741103599015;10553
3;1741103599316;2706
9;1741103599441;10554
3;1741103599762;2707
3;1741103612996;2708
9;1741103614281;10555
3;1741103614802;2709
3;1741103623745;2710
9;1741103623843;10556
3;1741103624785;2711
3;1741103627655;2712
3;1741103630467;2713
9;1741103630592;10557
9;1741103632022;10558
9;1741103633713;10559
3;1741103636185;2714
3;1741103637313;2715
9;1741103638953;10560
3;1741103648565;2716
3;1741103649494;2717
3;1741103650747;2718
9;1741103657451;10561
9;1741103657810;10562
9;1741103662737;10563
3;1741103662750;2719
3;1741103665305;2720
9;1741103665550;10564
9;1741103666044;10565
3;1741103668324;2721
3;1741103671211;2722
3;1741103672213;2723
9;1741103673315;10566
9;1741103678625;10567
3;1741103684387;2724
9;1741103684980;10568
3;1741103686296;2725
3;1741103688033;2726
9;1741103689489;10569
9;1741103695827;10570
3;1741103697664;2727
9;1741103703868;10571
9;1741103705479;10572
9;1741103708184;10573
3;1741103708472;2728
3;1741103709049;2729
3;1741103711019;2730
3;1741103722575;2731
9;1741103722588;10574
9;1741103722606;10575
3;1741103724084;2732
9;1741103724429;10576
9;1741103725687;10577
9;1741103727899;10578
9;1741103728771;10579
3;1741103732192;2733
9;1741103735017;10580
3;1741103737474;2734
9;1741103741902;10581
9;1741103743240;10582
3;1741103748118;2735
9;1741103750725;10583
3;1741103752354;2736
3;1741103753534;2737
3;1741103759511;2738
9;1741103762705;10584
3;1741103765152;2739
3;1741103766685;2740
9;1741103767302;10585
9;1741103771526;10586
3;1741103771712;2741
3;1741103776853;2742
3;1741103777065;2743
9;1741103777116;10587
3;1741103781641;2744
9;1741103788749;10588
9;1741103789449;10589
9;1741103791425;10590
9;1741103791771;10591
3;1741103791845;2745
3;1741103792053;2746
3;1741103793926;2747
9;1741103802490;10592
3;1741103802930;2748
9;1741103805649;10593
9;1741103808931;10594
9;1741103815048;10595
3;1741103815215;2749
3;1741103815273;2750
3;1741103817451;2751
9;1741103821578;10596
3;1741103823634;2752
3;1741103825577;2753
9;1741103826554;10597
9;1741103828718;10598
3;1741103831313;2754
9;1741103838403;10599
3;1741103839471;2755
9;1741103842081;10600
9;1741103845265;10601
3;1741103845737;2756
9;1741103846535;10602
9;1741103849409;10603
3;1741103850831;2757
3;1741103857075;2758
3;1741103861065;2759
3;1741103861915;2760
9;1741103865596;10604
9;1741103866247;10605
9;1741103868235;10606
9;1741103873230;10607
3;1741103878558;2761
3;1741103881503;2762
9;1741103882220;10608
9;1741103884374;10609
3;1741103885584;2763
3;1741103887623;2764
3;1741103887809;2765
9;1741103888568;10610
3;1741103888634;2766
9;1741103898572;10611
9;1741103900082;10612
9;1741103905132;10613
3;1741103908670;2767
3;1741103911889;2768
3;1741103917292;2769
9;1741103918035;10614
3;1741103918487;2770
9;1741103920651;10615
3;1741103920895;2771
9;1741103926114;10616
3;1741103927101;2772
9;1741103927590;10617
3;1741103931828;2773
9;1741103933965;10618
9;1741103933979;10619
3;1741103934601;2774
9;1741103935033;10620
3;1741103936288;2775
3;1741103937374;2776
9;1741103942847;10621
9;1741103948625;10622
3;1741103951232;2777
3;1741103951808;2778
3;1741103959764;2779
9;1741103959942;10623
9;1741103963873;10624
9;1741103966722;10625
9;1741103967044;10626
3;1741103970640;2780
3;1741103977281;2781
9;1741103977506;10627
3;1741103979486;2782
9;1741103980910;10628
3;1741103986606;2783
9;1741103987168;10629
3;1741103988417;2784
3;1741103988855;2785
9;1741103990448;10630
3;1741103992243;2786
9;1741103993063;10631
3;1741103997447;2787
9;1741104001211;10632
9;1741104001755;10633
3;1741104006130;2788
3;1741104010443;2789
9;1741104010920;10634
3;1741104015050;2790
3;1741104016421;2791
3;1741104020044;2792
3;1741104020772;2793
9;1741104023349;10635
9;1741104026445;10636
3;1741104030707;2794
9;1741104030887;10637
3;1741104033355;2795
9;1741104035340;10638
9;1741104036403;10639
9;1741104037133;10640
9;1741104037403;10641
3;1741104041149;2796
3;1741104045822;2797
3;1741104053164;2798
9;1741104055167;10642
3;1741104056477;2799
9;1741104057829;10643
3;1741104062745;2800
3;1741104065451;2801
3;1741104065925;2802
3;1741104071881;2803
9;1741104072138;10644
9;1741104073713;10645
9;1741104080621;10646
9;1741104081385;10647
3;1741104082026;2804
9;1741104083448;10648
9;1741104084061;10649
9;1741104089345;10650
3;1741104089505;2805
9;1741104090468;10651
3;1741104096474;2806
9;1741104097072;10652
3;1741104099463;2807
9;1741104101704;10653
9;1741104107414;10654
3;1741104109196;2808
3;1741104111287;2809
3;1741104116023;2810
3;1741104123390;2811
9;1741104125724;10655
9;1741104127263;10656
9;1741104127275;10657
3;1741104128980;2812
9;1741104129811;10658
9;1741104130512;10659
9;1741104136265;10660
3;1741104136561;2813
9;1741104137940;10661
3;1741104140093;2814
3;1741104140682;2815
9;1741104140988;10662
3;1741104142135;2816
3;1741104154148;2817
3;1741104155756;2818
9;1741104159256;10663
3;1741104161629;2819
3;1741104165061;2820
9;1741104165184;10664
3;1741104165873;2821
9;1741104166514;10665
3;1741104171092;2822
9;1741104178897;10666
9;1741104181323;10667
9;1741104185270;10668
9;1741104185816;10669
3;1741104187050;2823
9;1741104187859;10670
3;1741104189485;2824
9;1741104191102;10671
3;1741104193550;2825
3;1741104195016;2826
3;1741104195276;2827
9;1741104196234;10672
9;1741104197404;10673
3;1741104199484;2828
9;1741104205234;10674
9;1741104206948;10675
9;1741104208041;10676
3;1741104212510;2829
3;1741104221269;2830
3;1741104223741;2831
3;1741104229754;2832
3;1741104232551;2833
9;1741104233604;10677
9;1741104233876;10678
3;1741104233906;2834
9;1741104240286;10679
9;1741104244154;10680
3;1741104245557;2835
3;1741104250533;2836
3;1741104250631;2837
9;1741104251026;10681
3;1741104253000;2838
3;1741104253400;2839
9;1741104256679;10682
3;1741104257102;2840
9;1741104260217;10683
9;1741104261544;10684
9;1741104262687;10685
3;1741104269026;2841
3;1741104270445;2842
9;1741104273708;10686
9;1741104273812;10687
3;1741104276643;2843
3;1741104279527;2844
9;1741104283724;10688
9;1741104286094;10689
3;1741104288905;2845
9;1741104292851;10690
9;1741104295259;10691
3;1741104296238;2846
9;1741104297700;10692
3;1741104300885;2847
9;1741104302245;10693
3;1741104305921;2848
3;1741104305930;2849
9;1741104306372;10694
3;1741104307506;2850
9;1741104314724;10695
3;1741104316124;2851
9;1741104329732;10696
3;1741104331031;2852
3;1741104332036;2853
3;1741104333281;2854
9;1741104336422;10697
9;1741104336773;10698
9;1741104339852;10699
3;1741104342723;2855
3;1741104343546;2856
9;1741104345194;10700
9;1741104345207;10701
9;1741104345748;10702
3;1741104348709;2857
9;1741104354108;10703
3;1741104356527;2858
9;1741104356907;10704
3;1741104360397;2859
9;1741104361442;10705
3;1741104361609;2860
9;1741104365469;10706
3;1741104365932;2861
9;1741104373947;10707
3;1741104376282;2862
3;1741104379967;2863
9;1741104381523;10708
3;1741104383502;2864
3;1741104383572;2865
9;1741104388656;10709
3;1741104391403;2866
9;1741104393781;10710
9;1741104396802;10711
9;1741104398279;10712
9;1741104401822;10713
3;1741104405494;2867
9;1741104406000;10714
9;1741104406337;10715
3;1741104411228;2868
3;1741104412025;2869
9;1741104415736;10716
9;1741104415778;10717
3;1741104415945;2870
9;1741104420729;10718
9;1741104423415;10719
3;1741104430574;2871
3;1741104434453;2872
3;1741104434570;2873
9;1741104434941;10720
3;1741104437557;2874
3;1741104445002;2875
9;1741104451547;10721
9;1741104453533;10722
3;1741104456969;2876
3;1741104457995;2877
3;1741104459267;2878
9;1741104459387;10723
9;1741104460187;10724
3;1741104462280;2879
3;1741104464781;2880
3;1741104464963;2881
3;1741104469382;2882
9;1741104473456;10725
9;1741104475246;10726
9;1741104475933;10727
9;1741104477469;10728
9;1741104480193;10729
3;1741104481545;2883
3;1741104486595;2884
9;1741104488330;10730
9;1741104489334;10731
9;1741104496987;10732
3;1741104498808;2885
3;1741104499268;2886
3;1741104501355;2887
3;1741104506074;2888
9;1741104510605;10733
9;1741104511233;10734
9;1741104511414;10735
3;1741104512929;2889
3;1741104516820;2890
9;1741104517872;10736
9;1741104518403;10737
3;1741104521783;2891
3;1741104523094;2892
3;1741104530233;2893
3;1741104530622;2894
9;1741104533319;10738
3;1741104533669;2895
9;1741104535530;10739
9;1741104536862;10740
3;1741104539117;2896
9;1741104544286;10741
9;1741104549454;10742
9;1741104551040;10743
9;1741104552133;10744
3;1741104556421;2897
3;1741104566247;2898
3;1741104567001;2899
3;1741104569617;2900
3;1741104571437;2901
9;1741104573519;10745
9;1741104577913;10746
9;1741104579143;10747
9;1741104582559;10748
9;1741104585655;10749
3;1741104586641;2902
3;1741104587331;2903
3;1741104588213;2904
3;1741104589289;2905
9;1741104590392;10750
3;1741104591651;2906
9;1741104601723;10751
9;1741104602783;10752
3;1741104603706;2907
9;1741104608665;10753
3;1741104609457;2908
3;1741104611653;2909
3;1741104615819;2910
3;1741104617292;2911
9;1741104623727;10754
9;1741104623896;10755
9;1741104624127;10756
3;1741104624628;2912
9;1741104626076;10757
9;1741104626715;10758
9;1741104632147;10759
3;1741104634072;2913
9;1741104638252;10760
9;1741104640172;10761
3;1741104640592;2914
3;1741104644639;2915
3;1741104652801;2916
9;1741104655096;10762
3;1741104657842;2917
9;1741104658780;10763
9;1741104665609;10764
3;1741104665751;2918
3;1741104665793;2919
3;1741104666650;2920
3;1741104666945;2921
9;1741104668036;10765
9;1741104671544;10766
3;1741104673023;2922
9;1741104674471;10767
9;1741104679521;10768
3;1741104680498;2923
9;1741104685455;10769
3;1741104685719;2924
3;1741104688603;2925
9;1741104688847;10770
9;1741104690313;10771
3;1741104694978;2926
3;1741104695733;2927
3;1741104699803;2928
9;1741104702080;10772
9;1741104704702;10773
9;1741104707599;10774
9;1741104708847;10775
3;1741104712310;2929
3;1741104714865;2930
3;1741104717900;2931
9;1741104719308;10776
9;1741104725484;10777
3;1741104727625;2932
3;1741104730434;2933
3;1741104734127;2934
9;1741104739899;10778
3;1741104741269;2935
3;1741104743252;2936
3;1741104746433;2937
9;1741104746938;10779
3;1741104748240;2938
9;1741104748679;10780
9;1741104755021;10781
9;1741104756992;10782
9;1741104758399;10783
9;1741104764006;10784
9;1741104766326;10785
9;1741104770645;10786
3;1741104772407;2939
9;1741104772528;10787
3;1741104772744;2940
9;1741104773267;10788
3;1741104778485;2941
3;1741104784502;2942
3;1741104785529;2943
3;1741104785584;2944
3;1741104786601;2945
9;1741104786854;10789
9;1741104794407;10790
9;1741104794493;10791
3;1741104797292;2946
3;1741104800853;2947
3;1741104802585;2948
9;1741104805166;10792
3;1741104806038;2949
9;1741104809588;10793
9;1741104810384;10794
9;1741104810832;10795
3;1741104811762;2950
9;1741104811836;10796
3;1741104812996;2951
9;1741104814365;10797
9;1741104822298;10798
9;1741104823714;10799
3;1741104834675;2952
3;1741104834755;2953
3;1741104835366;2954
3;1741104836673;2955
3;1741104843621;2956
3;1741104843670;2957
3;1741104848501;2958
9;1741104850352;10800
9;1741104850768;10801
9;1741104852869;10802
9;1741104857560;10803
9;1741104858531;10804
3;1741104860871;2959
9;1741104861788;10805
3;1741104867103;2960
3;1741104869618;2961
9;1741104870105;10806
3;1741104872630;2962
3;1741104874300;2963
9;1741104875197;10807
3;1741104879918;2964
3;1741104880389;2965
9;1741104882014;10808
9;1741104893338;10809
9;1741104903775;10810
3;1741104904678;2966
3;1741104906542;2967
9;1741104907487;10811
9;1741104907912;10812
9;1741104907925;10813
3;1741104909072;2968
3;1741104909452;2969
9;1741104911885;10814
9;1741104913383;10815
9;1741104913721;10816
3;1741104915491;2970
3;1741104915876;2971
9;1741104917998;10817
9;1741104920598;10818
3;1741104920715;2972
3;1741104921860;2973
3;1741104929706;2974
3;1741104931651;2975
9;1741104932807;10819
3;1741104933679;2976
3;1741104937729;2977
9;1741104942951;10820
9;1741104944312;10821
9;1741104947137;10822
9;1741104948383;10823
9;1741104953044;10824
9;1741104954788;10825
3;1741104962093;2978
9;1741104966379;10826
3;1741104967991;2979
3;1741104968966;2980
3;1741104969165;2981
9;1741104973519;10827
3;1741104974357;2982
9;1741104975596;10828
3;1741104982695;2983
3;1741104991981;2984
3;1741104992880;2985
9;1741104993935;10829
9;1741104999836;10830
3;1741105000332;2986
9;1741105001854;10831
3;1741105002997;2987
9;1741105003124;10832
3;1741105007097;2988
3;1741105007796;2989
9;1741105010096;10833
9;1741105010135;10834
3;1741105010294;2990
9;1741105013248;10835
9;1741105014515;10836
9;1741105016030;10837
9;1741105019514;10838
3;1741105019906;2991
3;1741105020296;2992
9;1741105021447;10839
3;1741105033493;2993
9;1741105038467;10840
9;1741105040863;10841
3;1741105042593;2994
9;1741105042859;10842
3;1741105043998;2995
3;1741105044409;2996
3;1741105051778;2997
9;1741105055131;10843
9;1741105057320;10844
3;1741105058944;2998
3;1741105064353;2999
9;1741105064437;10845
9;1741105066174;10846
9;1741105066549;10847
3;1741105070527;3000
9;1741105077692;10848
3;1741105077987;3001
3;1741105082398;3002
9;1741105084937;10849
3;1741105085299;3003
9;1741105088563;10850
3;1741105090157;3004
9;1741105093444;10851
3;1741105096494;3005
3;1741105100946;3006
3;1741105102191;3007
3;1741105105042;3008
9;1741105105572;10852
3;1741105106400;3009
9;1741105107071;10853
9;1741105109764;10854
3;1741105113292;3010
9;1741105114584;10855
9;1741105116580;10856
9;1741105122188;10857
3;1741105123062;3011
3;1741105123967;3012
9;1741105126225;10858
9;1741105128046;10859
3;1741105130879;3013
3;1741105132412;3014
3;1741105133874;3015
3;1741105136683;3016
9;1741105138784;10860
9;1741105139515;10861
9;1741105148396;10862
3;1741105149100;3017
9;1741105157310;10863
3;1741105157633;3018
3;1741105158302;3019
9;1741105158714;10864
9;1741105160034;10865
3;1741105165144;3020
9;1741105167081;10866
3;1741105168479;3021
9;1741105170507;10867
3;1741105173164;3022
3;1741105175834;3023
9;1741105177013;10868
3;1741105180164;3024
3;1741105182288;3025
9;1741105186721;10869
9;1741105188156;10870
3;1741105190641;3026
9;1741105192701;10871
9;1741105195251;10872
3;1741105196020;3027
9;1741105202507;10873
3;1741105203336;3028
3;1741105205813;3029
3;1741105205853;3030
9;1741105213485;10874
9;1741105216867;10875
3;1741105217414;3031
3;1741105219507;3032
9;1741105220278;10876
3;1741105229172;3033
9;1741105231770;10877
9;1741105232346;10878
9;1741105237173;10879
9;1741105237726;10880
9;1741105239318;10881
3;1741105239864;3034
3;1741105248104;3035
9;1741105249121;10882
3;1741105252951;3036
3;1741105255746;3037
9;1741105256898;10883
9;1741105257784;10884
3;1741105260011;3038
3;1741105262912;3039
9;1741105265095;10885
3;1741105267044;3040
9;1741105267310;10886
9;1741105267598;10887
3;1741105270643;3041
3;1741105277881;3042
3;1741105280081;3043
9;1741105280203;10888
3;1741105283801;3044
3;1741105287693;3045
9;1741105287886;10889
9;1741105289920;10890
3;1741105290801;3046
9;1741105291167;10891
9;1741105294866;10892
9;1741105295877;10893
3;1741105300321;3047
9;1741105307591;10894
3;1741105309853;3048
3;1741105315189;3049
9;1741105316775;10895
3;1741105325216;3050
3;1741105325561;3051
9;1741105325805;10896
3;1741105326784;3052
9;1741105328809;10897
9;1741105329943;10898
3;1741105331326;3053
9;1741105332862;10899
9;1741105333872;10900
3;1741105335331;3054
9;1741105339469;10901
9;1741105339946;10902
3;1741105342148;3055
9;1741105343786;10903
3;1741105346538;3056
3;1741105348206;3057
3;1741105351597;3058
3;1741105358209;3059
3;1741105363089;3060
9;1741105364064;10904
9;1741105364325;10905
9;1741105367540;10906
3;1741105369917;3061
9;1741105370279;10907
9;1741105373821;10908
3;1741105377771;3062
3;1741105377816;3063
9;1741105380118;10909
3;1741105380819;3064
9;1741105393099;10910
9;1741105393469;10911
3;1741105394059;3065
9;1741105395522;10912
3;1741105396218;3066
3;1741105398559;3067
3;1741105400175;3068
3;1741105405697;3069
9;1741105407303;10913
3;1741105408218;3070
9;1741105409518;10914
9;1741105413425;10915
3;1741105417280;3071
9;1741105420084;10916
3;1741105420869;3072
9;1741105421327;10917
9;1741105434372;10918
3;1741105435586;3073
9;1741105436362;10919
3;1741105437903;3074
9;1741105438373;10920
3;1741105441411;3075
3;1741105449555;3076
9;1741105450261;10921
9;1741105450638;10922
3;1741105452434;3077
9;1741105456690;10923
9;1741105456823;10924
3;1741105459173;3078
9;1741105460192;10925
3;1741105462158;3079
9;1741105462407;10926
3;1741105464495;3080
9;1741105468741;10927
3;1741105470020;3081
9;1741105470593;10928
3;1741105471599;3082
3;1741105474616;3083
3;1741105482196;3084
3;1741105485462;3085
9;1741105486823;10929
9;1741105488972;10930
3;1741105495175;3086
9;1741105496718;10931
3;1741105496867;3087
9;1741105499628;10932
9;1741105500778;10933
9;1741105501908;10934
3;1741105506578;3088
9;1741105506628;10935
3;1741105509199;3089
3;1741105516796;3090
9;1741105518258;10936
3;1741105524623;3091
3;1741105525980;3092
3;1741105527040;3093
9;1741105530211;10937
9;1741105530357;10938
9;1741105536234;10939
9;1741105536765;10940
9;1741105537729;10941
9;1741105543343;10942
3;1741105544927;3094
3;1741105544971;3095
3;1741105547147;3096
3;1741105550268;3097
3;1741105552629;3098
9;1741105556163;10943
9;1741105564976;10944
3;1741105569973;3099
3;1741105569983;3100
3;1741105570624;3101
9;1741105571074;10945
3;1741105572584;3102
9;1741105573538;10946
3;1741105576168;3103
3;1741105577089;3104
3;1741105582288;3105
9;1741105584813;10947
9;1741105584826;10948
9;1741105587349;10949
3;1741105597513;3106
9;1741105597530;10950
9;1741105600007;10951
3;1741105600583;3107
9;1741105604206;10952
3;1741105604822;3108
3;1741105609799;3109
3;1741105610666;3110
9;1741105611030;10953
9;1741105617063;10954
9;1741105617625;10955
9;1741105624821;10956
3;1741105625461;3111
3;1741105626806;3112
3;1741105627544;3113
9;1741105629401;10957
3;1741105633644;3114
3;1741105635308;3115
9;1741105638958;10958
9;1741105639587;10959
9;1741105642474;10960
3;1741105648931;3116
9;1741105650610;10961
3;1741105651199;3117
9;1741105652360;10962
3;1741105652610;3118
9;1741105653719;10963
3;1741105658488;3119
3;1741105660185;3120
3;1741105660737;3121
9;1741105661001;10964
9;1741105662069;10965
9;1741105667629;10966
9;1741105673289;10967
3;1741105673663;3122
9;1741105674688;10968
9;1741105675512;10969
3;1741105677641;3123
9;1741105679045;10970
9;1741105682545;10971
3;1741105683119;3124
3;1741105683603;3125
3;1741105687833;3126
9;1741105696988;10972
3;1741105697014;3127
9;1741105704577;10973
9;1741105706854;10974
9;1741105707116;10975
3;1741105709879;3128
3;1741105711879;3129
3;1741105715095;3130
9;1741105719321;10976
3;1741105724913;3131
3;1741105724949;3132
9;1741105726991;10977
3;1741105727165;3133
9;1741105729285;10978
9;1741105733124;10979
3;1741105739258;3134
9;1741105739345;10980
9;1741105740667;10981
3;1741105744014;3135
3;1741105747485;3136
9;1741105749372;10982
3;1741105761637;3137
9;1741105762010;10983
9;1741105762851;10984
9;1741105765039;10985
3;1741105766142;3138
3;1741105767748;3139
3;1741105768021;3140
9;1741105771318;10986
3;1741105772128;3141
9;1741105772877;10987
9;1741105776241;10988
9;1741105778989;10989
3;1741105779489;3142
3;1741105780463;3143
3;1741105781416;3144
9;1741105786265;10990
3;1741105787106;3145
9;1741105791628;10991
3;1741105792766;3146
9;1741105803119;10992
9;1741105804135;10993
9;1741105806427;10994
3;1741105807254;3147
3;1741105809206;3148
3;1741105812498;3149
3;1741105813504;3150
3;1741105814120;3151
9;1741105814196;10995
9;1741105818813;10996
3;1741105822348;3152
9;1741105823828;10997
9;1741105825729;10998
3;1741105835230;3153
9;1741105837032;10999
9;1741105837250;11000
3;1741105843178;3154
3;1741105844547;3155
3;1741105844595;3156
9;1741105846588;11001
3;1741105847961;3157
3;1741105848656;3158
9;1741105849404;11002
3;1741105851359;3159
9;1741105854700;11003
3;1741105856743;3160
3;1741105859465;3161
9;1741105863684;11004
9;1741105865848;11005
3;1741105868341;3162
9;1741105872258;11006
9;1741105873191;11007
3;1741105875432;3163
3;1741105875479;3164
9;1741105876301;11008
9;1741105884494;11009
3;1741105884562;3165
9;1741105885017;11010
3;1741105885708;3166
9;1741105885810;11011
3;1741105887751;3167
3;1741105890429;3168
9;1741105896234;11012
3;1741105905326;3169
9;1741105906665;11013
3;1741105909591;3170
9;1741105910604;11014
3;1741105913373;3171
3;1741105919577;3172
9;1741105923471;11015
9;1741105923487;11016
9;1741105924128;11017
9;1741105927982;11018
9;1741105940953;11019
3;1741105941008;3173
3;1741105943265;3174
3;1741105944028;3175
9;1741105944050;11020
3;1741105945772;3176
9;1741105947611;11021
3;1741105948820;3177
3;1741105949165;3178
9;1741105950461;11022
3;1741105950719;3179
9;1741105951769;11023
9;1741105956016;11024
9;1741105960273;11025
3;1741105963595;3180
3;1741105963776;3181
9;1741105965205;11026
9;1741105977552;11027
3;1741105984011;3182
9;1741105985017;11028
3;1741105988100;3183
3;1741105990363;3184
9;1741105990694;11029
9;1741105990964;11030
3;1741105992271;3185
9;1741105995445;11031
3;1741105996345;3186
9;1741106001792;11032
9;1741106002121;11033
9;1741106003718;11034
3;1741106005689;3187
3;1741106006424;3188
9;1741106014790;11035
3;1741106016322;3189
9;1741106018183;11036
3;1741106021296;3190
9;1741106024729;11037
3;1741106027226;3191
3;1741106027520;3192
3;1741106029715;3193
3;1741106030094;3194
9;1741106031215;11038
9;1741106036761;11039
9;1741106037425;11040
9;1741106043151;11041
3;1741106051748;3195
3;1741106053206;3196
3;1741106056901;3197
3;1741106057437;3198
9;1741106058696;11042
9;1741106059989;11043
9;1741106060388;11044
9;1741106065215;11045
3;1741106067125;3199
3;1741106070568;3200
9;1741106077047;11046
3;1741106077180;3201
3;1741106080475;3202
3;1741106081981;3203
3;1741106086991;3204
9;1741106089649;11047
9;1741106090290;11048
9;1741106091883;11049
3;1741106094609;3205
9;1741106096477;11050
9;1741106101296;11051
3;1741106102522;3206
3;1741106102992;3207
3;1741106103598;3208
9;1741106104471;11052
9;1741106104911;11053
3;1741106106750;3209
3;1741106111113;3210
9;1741106115054;11054
9;1741106115743;11055
9;1741106119692;11056
3;1741106120640;3211
9;1741106127947;11057
3;1741106134661;3212
3;1741106138182;3213
9;1741106138368;11058
9;1741106139697;11059
9;1741106143152;11060
3;1741106143276;3214
3;1741106145194;3215
9;1741106145703;11061
3;1741106146735;3216
3;1741106152275;3217
9;1741106152551;11062
9;1741106155674;11063
9;1741106156093;11064
9;1741106159264;11065
3;1741106162318;3218
3;1741106162378;3219
9;1741106162474;11066
3;1741106168617;3220
3;1741106171415;3221
3;1741106175618;3222
3;1741106176652;3223
9;1741106178799;11067
9;1741106181962;11068
3;1741106182847;3224
3;1741106188121;3225
9;1741106188896;11069
3;1741106191632;3226
9;1741106194653;11070
9;1741106195828;11071
3;1741106199087;3227
9;1741106200277;11072
3;1741106200505;3228
3;1741106210662;3229
3;1741106212360;3230
9;1741106213294;11073
9;1741106216650;11074
3;1741106217456;3231
9;1741106220987;11075
9;1741106221367;11076
9;1741106222719;11077
9;1741106227737;11078
3;1741106228639;3232
3;1741106229595;3233
9;1741106232634;11079
9;1741106236261;11080
9;1741106240946;11081
3;1741106246478;3234
3;1741106246591;3235
9;1741106250181;11082
3;1741106251815;3236
9;1741106252496;11083
9;1741106255029;11084
3;1741106256757;3237
3;1741106258993;3238
3;1741106262159;3239
9;1741106263793;11085
9;1741106264140;11086
3;1741106264321;3240
3;1741106267319;3241
3;1741106270010;3242
9;1741106272013;11087
9;1741106275375;11088
3;1741106276178;3243
3;1741106280544;3244
9;1741106291058;11089
9;1741106292757;11090
3;1741106293581;3245
9;1741106294419;11091
3;1741106296313;3246
9;1741106297881;11092
3;1741106298540;3247
9;1741106301327;11093
3;1741106302580;3248
3;1741106302691;3249
3;1741106303900;3250
9;1741106310641;11094
9;1741106314862;11095
3;1741106315180;3251
9;1741106317178;11096
3;1741106317741;3252
9;1741106317895;11097
9;1741106325994;11098
9;1741106329723;11099
3;1741106334302;3253
3;1741106335427;3254
3;1741106340558;3255
9;1741106341328;11100
9;1741106342413;11101
3;1741106343377;3256
3;1741106343988;3257
3;1741106346330;3258
9;1741106350151;11102
9;1741106352004;11103
9;1741106353768;11104
3;1741106356968;3259
3;1741106360040;3260
3;1741106363025;3261
3;1741106366783;3262
3;1741106367102;3263
9;1741106369636;11105
9;1741106372881;11106
9;1741106373435;11107
3;1741106376575;3264
9;1741106377285;11108
9;1741106387515;11109
3;1741106396758;3265
9;1741106397655;11110
9;1741106400659;11111
9;1741106402737;11112
3;1741106405307;3266
9;1741106408464;11113
3;1741106408513;3267
3;1741106410050;3268
3;1741106410473;3269
9;1741106411459;11114
9;1741106412149;11115
3;1741106420470;3270
3;1741106427756;3271
3;1741106427909;3272
9;1741106429648;11116
3;1741106430800;3273
3;1741106432166;3274
9;1741106432914;11117
3;1741106433315;3275
9;1741106434180;11118
3;1741106435163;3276
9;1741106439334;11119
9;1741106442190;11120
9;1741106447651;11121
9;1741106447733;11122
9;1741106453730;11123
9;1741106456143;11124
3;1741106458089;3277
3;1741106466891;3278
3;1741106469103;3279
3;1741106471254;3280
9;1741106477916;11125
9;1741106480052;11126
3;1741106481420;3281
9;1741106482604;11127
3;1741106483608;3282
9;1741106485596;11128
3;1741106485662;3283
3;1741106491848;3284
9;1741106492718;11129
9;1741106493492;11130
3;1741106493700;3285
9;1741106496916;11131
3;1741106498932;3286
9;1741106500327;11132
3;1741106502665;3287
3;1741106503142;3288
3;1741106504149;3289
9;1741106506168;11133
9;1741106508861;11134
3;1741106511313;3290
3;1741106517938;3291
9;1741106517983;11135
9;1741106525495;11136
3;1741106527754;3292
3;1741106528748;3293
9;1741106528882;11137
3;1741106530876;3294
9;1741106532704;11138
9;1741106533963;11139
3;1741106535901;3295
3;1741106536422;3296
9;1741106538476;11140
9;1741106539717;11141
9;1741106541982;11142
3;1741106545028;3297
9;1741106552063;11143
3;1741106555693;3298
9;1741106556450;11144
3;1741106556991;3299
3;1741106559864;3300
3;1741106566070;3301
3;1741106571423;3302
3;1741106572877;3303
9;1741106573531;11145
9;1741106574688;11146
9;1741106580304;11147
9;1741106581928;11148
9;1741106583904;11149
9;1741106586030;11150
3;1741106588151;3304
3;1741106594751;3305
3;1741106595493;3306
3;1741106595504;3307
9;1741106600875;11151
9;1741106606040;11152
9;1741106606455;11153
9;1741106610858;11154
9;1741106610935;11155
3;1741106615157;3308
9;1741106617748;11156
3;1741106620188;3309
3;1741106624308;3310
3;1741106628432;3311
3;1741106628824;3312
9;1741106632146;11157
3;1741106633895;3313
9;1741106634747;11158
9;1741106635734;11159
9;1741106636186;11160
3;1741106637740;3314
3;1741106641123;3315
3;1741106643156;3316
9;1741106647739;11161
3;1741106647907;3317
3;1741106650061;3318
9;1741106655590;11162
9;1741106656092;11163
9;1741106656309;11164
3;1741106669547;3319
3;1741106670078;3320
3;1741106670445;3321
9;1741106671133;11165
9;1741106672253;11166
3;1741106677962;3322
3;1741106679927;3323
9;1741106682187;11167
3;1741106682395;3324
9;1741106683554;11168
9;1741106691480;11169
3;1741106692147;3325
9;1741106694007;11170
9;1741106697165;11171
3;1741106699286;3326
3;1741106702902;3327
9;1741106703046;11172
9;1741106708692;11173
9;1741106712513;11174
3;1741106714859;3328
9;1741106715730;11175
9;1741106716339;11176
3;1741106717308;3329
3;1741106717502;3330
3;1741106719771;3331
3;1741106721292;3332
3;1741106722959;3333
9;1741106723296;11177
3;1741106724680;3334
9;1741106725871;11178
9;1741106733056;11179
3;1741106736959;3335
9;1741106738368;11180
3;1741106739222;3336
9;1741106744400;11181
9;1741106744553;11182
3;1741106748736;3337
9;1741106752634;11183
9;1741106757781;11184
9;1741106758187;11185
3;1741106759011;3338
9;1741106763213;11186
3;1741106763427;3339
3;1741106765982;3340
9;1741106766628;11187
9;1741106773661;11188
3;1741106775064;3341
3;1741106776567;3342
3;1741106779277;3343
9;1741106782524;11189
9;1741106785014;11190
3;1741106791809;3344
3;1741106794392;3345
9;1741106795452;11191
9;1741106796709;11192
3;1741106798664;3346
9;1741106798780;11193
3;1741106809506;3347
9;1741106811437;11194
3;1741106811737;3348
3;1741106815366;3349
3;1741106817177;3350
9;1741106818450;11195
3;1741106818596;3351
9;1741106820512;11196
3;1741106821405;3352
9;1741106822518;11197
3;1741106827186;3353
9;1741106828196;11198
9;1741106830039;11199
3;1741106832128;3354
9;1741106832434;11200
3;1741106833092;3355
3;1741106837646;3356
3;1741106837876;3357
9;1741106842652;11201
9;1741106844117;11202
3;1741106851907;3358
3;1741106857137;3359
9;1741106861392;11203
9;1741106861876;11204
9;1741106863892;11205
3;1741106865349;3360
3;1741106872031;3361
3;1741106873287;3362
9;1741106873519;11206
9;1741106879520;11207
9;1741106881449;11208
3;1741106885360;3363
9;1741106885923;11209
3;1741106887323;3364
9;1741106893803;11210
3;1741106894883;3365
9;1741106898111;11211
3;1741106898404;3366
9;1741106898568;11212
3;1741106901575;3367
3;1741106904227;3368
9;1741106906491;11213
3;1741106907877;3369
9;1741106910765;11214
9;1741106911083;11215
3;1741106911849;3370
9;1741106913219;11216
9;1741106917266;11217
3;1741106924113;3371
9;1741106927716;11218
3;1741106929711;3372
9;1741106935262;11219
9;1741106935853;11220
3;1741106936413;3373
3;1741106936642;3374
3;1741106941729;3375
9;1741106948652;11221
9;1741106949809;11222
9;1741106952522;11223
3;1741106953150;3376
3;1741106954493;3377
9;1741106956416;11224
9;1741106958199;11225
3;1741106959666;3378
9;1741106960964;11226
9;1741106965946;11227
3;1741106968701;3379
3;1741106969051;3380
3;1741106974590;3381
3;1741106982877;3382
3;1741106984648;3383
3;1741106984765;3384
3;1741106986341;3385
9;1741106987186;11228
3;1741106988700;3386
9;1741106989787;11229
3;1741106991451;3387
9;1741106992922;11230
3;1741107000693;3388
9;1741107004255;11231
9;1741107004969;11232
9;1741107007288;11233
3;1741107011145;3389
3;1741107011265;3390
9;1741107013072;11234
9;1741107015948;11235
3;1741107023813;3391
3;1741107023931;3392
9;1741107027295;11236
3;1741107028483;3393
9;1741107031737;11237
3;1741107035432;3394
9;1741107040234;11238
9;1741107044825;11239
3;1741107045601;3395
9;1741107049338;11240
9;1741107053325;11241
3;1741107054392;3396
9;1741107056920;11242
9;1741107058244;11243
3;1741107059865;3397
3;1741107061994;3398
3;1741107063316;3399
3;1741107064640;3400
9;1741107064811;11244
9;1741107065900;11245
3;1741107069361;3401
9;1741107071127;11246
9;1741107071305;11247
3;1741107072249;3402
9;1741107073215;11248
3;1741107083069;3403
9;1741107085016;11249
3;1741107088817;3404
3;1741107093263;3405
3;1741107095586;3406
9;1741107098364;11250
3;1741107099460;3407
3;1741107099502;3408
9;1741107099675;11251
9;1741107104856;11252
3;1741107106094;3409
9;1741107110042;11253
3;1741107118501;3410
9;1741107118556;11254
3;1741107118798;3411
3;1741107119970;3412
9;1741107121485;11255
3;1741107125234;3413
3;1741107126637;3414
9;1741107128301;11256
9;1741107128336;11257
9;1741107130059;11258
3;1741107134874;3415
9;1741107135799;11259
9;1741107141094;11260
3;1741107142022;3416
9;1741107143647;11261
3;1741107153687;3417
9;1741107156194;11262
3;1741107160896;3418
9;1741107161172;11263
3;1741107163083;3419
3;1741107163462;3420
9;1741107164495;11264
9;1741107165330;11265
3;1741107165645;3421
3;1741107165657;3422
3;1741107169059;3423
3;1741107176504;3424
9;1741107177376;11266
3;1741107181082;3425
9;1741107181433;11267
9;1741107185079;11268
3;1741107186092;3426
3;1741107191886;3427
9;1741107193506;11269
9;1741107195079;11270
9;1741107200104;11271
3;1741107201278;3428
9;1741107202072;11272
9;1741107205415;11273
9;1741107208213;11274
9;1741107213011;11275
9;1741107215795;11276
3;1741107219213;3429
9;1741107220035;11277
3;1741107227159;3430
3;1741107227429;3431
3;1741107233096;3432
9;1741107235539;11278
3;1741107235640;3433
9;1741107236226;11279
3;1741107236951;3434
3;1741107244865;3435
9;1741107246340;11280
9;1741107246473;11281
9;1741107248931;11282
9;1741107251265;11283
3;1741107252437;3436
3;1741107252788;3437
3;1741107252982;3438
9;1741107255538;11284
3;1741107262106;3439
3;1741107266827;3440
3;1741107267287;3441
9;1741107270232;11285
3;1741107272704;3442
9;1741107274276;11286
3;1741107276862;3443
9;1741107277744;11287
9;1741107280081;11288
3;1741107283793;3444
3;1741107286145;3445
9;1741107297665;11289
3;1741107300284;3446
9;1741107302179;11290
9;1741107305167;11291
3;1741107307955;3447
3;1741107307966;3448
3;1741107310847;3449
9;1741107312507;11292
3;1741107318248;3450
9;1741107318626;11293
9;1741107319020;11294
3;1741107321207;3451
9;1741107322353;11295
9;1741107322948;11296
9;1741107325639;11297
3;1741107326507;3452
9;1741107326710;11298
3;1741107332075;3453
3;1741107337399;3454
9;1741107337519;11299
3;1741107339117;3455
3;1741107344803;3456
9;1741107346331;11300
3;1741107347424;3457
9;1741107349481;11301
9;1741107357688;11302
9;1741107361114;11303
3;1741107365515;3458
9;1741107368790;11304
9;1741107369029;11305
3;1741107369657;3459
3;1741107372410;3460
3;1741107372646;3461
3;1741107374546;3462
9;1741107379767;11306
3;1741107380804;3463
9;1741107381703;11307
9;1741107385798;11308
3;1741107388464;3464
9;1741107390209;11309
3;1741107394798;3465
9;1741107396155;11310
9;1741107397199;11311
3;1741107397753;3466
3;1741107398895;3467
9;1741107400241;11312
3;1741107400560;3468
3;1741107403217;3469
9;1741107405999;11313
9;1741107406212;11314
9;1741107409024;11315
3;1741107412553;3470
9;1741107413323;11316
3;1741107421113;3471
9;1741107421504;11317
9;1741107422877;11318
3;1741107424371;3472
3;1741107431575;3473
3;1741107437150;3474
9;1741107438444;11319
9;1741107443736;11320
9;1741107444246;11321
3;1741107446806;3475
3;1741107447027;3476
9;1741107448594;11322
9;1741107449613;11323
9;1741107452135;11324
3;1741107455808;3477
3;1741107460896;3478
3;1741107463355;3479
9;1741107464126;11325
3;1741107465800;3480
3;1741107467334;3481
3;1741107470219;3482
9;1741107473447;11326
9;1741107474803;11327
9;1741107481628;11328
3;1741107483182;3483
3;1741107486279;3484
3;1741107488752;3485
3;1741107489276;3486
3;1741107489479;3487
9;1741107493000;11329
9;1741107494170;11330
9;1741107494918;11331
9;1741107497536;11332
9;1741107498377;11333
3;1741107501960;3488
9;1741107502327;11334
3;1741107511916;3489
3;1741107512217;3490
9;1741107516832;11335
3;1741107519267;3491
9;1741107522231;11336
9;1741107526210;11337
3;1741107526876;3492
3;1741107531641;3493
9;1741107532013;11338
3;1741107534214;3494
9;1741107539534;11339
9;1741107540998;11340
3;1741107544980;3495
3;1741107548935;3496
9;1741107551272;11341
9;1741107553231;11342
3;1741107558599;3497
9;1741107561053;11343
9;1741107562041;11344
3;1741107562535;3498
9;1741107562643;11345
9;1741107566465;11346
3;1741107570556;3499
3;1741107570941;3500
3;1741107571580;3501
3;1741107573333;3502
9;1741107574211;11347
9;1741107574801;11348
3;1741107575679;3503
9;1741107576248;11349
3;1741107584573;3504
3;1741107591198;3505
9;1741107591455;11350
3;1741107591876;3506
9;1741107595757;11351
3;1741107595822;3507
3;1741107600893;3508
9;1741107603151;11352
3;1741107607215;3509
9;1741107609809;11353
3;1741107612856;3510
3;1741107613116;3511
9;1741107614244;11354
3;1741107615578;3512
9;1741107618334;11355
9;1741107618969;11356
3;1741107621600;3513
9;1741107626196;11357
9;1741107626761;11358
9;1741107633346;11359
3;1741107637558;3514
9;1741107645792;11360
3;1741107646697;3515
9;1741107647624;11361
3;1741107648944;3516
3;1741107650190;3517
9;1741107654236;11362
9;1741107658516;11363
3;1741107660875;3518
9;1741107661509;11364
3;1741107662161;3519
3;1741107662659;3520
9;1741107669871;11365
9;1741107670901;11366
9;1741107672519;11367
9;1741107675982;11368
3;1741107678254;3521
3;1741107683067;3522
3;1741107684941;3523
9;1741107685109;11369
3;1741107687023;3524
3;1741107694981;3525
3;1741107696672;3526
3;1741107697102;3527
9;1741107697253;11370
9;1741107703875;11371
9;1741107704885;11372
3;1741107705671;3528
3;1741107708254;3529
9;1741107712564;11373
3;1741107714255;3530
9;1741107715566;11374
9;1741107720722;11375
3;1741107724117;3531
9;1741107724608;11376
9;1741107725438;11377
3;1741107727177;3532
3;1741107728618;3533
9;1741107732503;11378
3;1741107736279;3534
9;1741107736544;11379
3;1741107736907;3535
3;1741107737646;3536
9;1741107740922;11380
9;1741107741671;11381
3;1741107745420;3537
3;1741107745862;3538
9;1741107753272;11382
3;1741107753590;3539
9;1741107754037;11383
3;1741107756985;3540
3;1741107760140;3541
9;1741107760936;11384
3;1741107767588;3542
3;1741107776269;3543
9;1741107779111;11385
9;1741107780029;11386
9;1741107781043;11387
9;1741107782598;11388
3;1741107785331;3544
9;1741107785898;11389
3;1741107790026;3545
3;1741107793257;3546
9;1741107794264;11390
9;1741107797067;11391
3;1741107798347;3547
9;1741107799980;11392
3;1741107803098;3548
3;1741107805326;3549
9;1741107807279;11393
9;1741107809210;11394
9;1741107814493;11395
3;1741107817099;3550
3;1741107818094;3551
9;1741107820351;11396
3;1741107821920;3552
3;1741107829830;3553
9;1741107830960;11397
9;1741107832253;11398
9;1741107833243;11399
3;1741107834670;3554
9;1741107834778;11400
3;1741107834834;3555
3;1741107835552;3556
9;1741107836411;11401
9;1741107840747;11402
9;1741107840861;11403
3;1741107843462;3557
3;1741107844242;3558
3;1741107850954;3559
9;1741107851366;11404
3;1741107860735;3560
3;1741107864990;3561
9;1741107866700;11405
9;1741107872811;11406
3;1741107875011;3562
3;1741107878106;3563
9;1741107885713;11407
3;1741107887199;3564
9;1741107888130;11408
3;1741107888731;3565
9;1741107891269;11409
9;1741107891341;11410
9;1741107893569;11411
9;1741107893777;11412
3;1741107895697;3566
3;1741107896526;3567
9;1741107898944;11413
3;1741107906525;3568
3;1741107908230;3569
9;1741107910254;11414
3;1741107911000;3570
3;1741107913571;3571
9;1741107914587;11415
9;1741107919167;11416
3;1741107925349;3572
9;1741107927147;11417
3;1741107929046;3573
9;1741107934473;11418
3;1741107935313;3574
3;1741107943873;3575
9;1741107945393;11419
9;1741107947421;11420
9;1741107950190;11421
9;1741107952010;11422
9;1741107953916;11423
9;1741107955884;11424
3;1741107959104;3576
3;1741107960104;3577
9;1741107960136;11425
9;1741107964096;11426
3;1741107964484;3578
3;1741107966637;3579
9;1741107967389;11427
3;1741107967625;3580
9;1741107970505;11428
3;1741107973023;3581
3;1741107975336;3582
3;1741107975517;3583
3;1741107975735;3584
9;1741107982496;11429
3;1741107992619;3585
3;1741107996282;3586
3;1741107997289;3587
9;1741107997935;11430
9;1741108000481;11431
9;1741108001048;11432
9;1741108004515;11433
3;1741108006788;3588
3;1741108008625;3589
9;1741108009144;11434
9;1741108019007;11435
3;1741108020263;3590
9;1741108021712;11436
9;1741108022112;11437
3;1741108028011;3591
3;1741108028328;3592
3;1741108028956;3593
9;1741108031275;11438
3;1741108036575;3594
9;1741108036908;11439
9;1741108037541;11440
9;1741108037724;11441
3;1741108041939;3595
9;1741108042041;11442
3;1741108042337;3596
3;1741108044932;3597
3;1741108048967;3598
3;1741108053979;3599
9;1741108057683;11443
3;1741108058498;3600
9;1741108059441;11444
3;1741108067881;3601
9;1741108069284;11445
9;1741108070445;11446
9;1741108072519;11447
3;1741108076839;3602
3;1741108079130;3603
3;1741108084861;3604
9;1741108086559;11448
9;1741108091951;11449
3;1741108095883;3605
3;1741108098603;3606
9;1741108099490;11450
9;1741108100408;11451
9;1741108100993;11452
3;1741108101356;3607
9;1741108106600;11453
9;1741108107168;11454
3;1741108112664;3608
3;1741108115211;3609
3;1741108116505;3610
3;1741108117182;3611
3;1741108121229;3612
9;1741108122660;11455
3;1741108128194;3613
9;1741108130445;11456
9;1741108130651;11457
3;1741108133240;3614
9;1741108135259;11458
9;1741108139560;11459
3;1741108144719;3615
9;1741108145052;11460
3;1741108145568;3616
9;1741108148978;11461
9;1741108152381;11462
3;1741108157402;3617
3;1741108159316;3618
3;1741108162089;3619
9;1741108162102;11463
9;1741108163771;11464
3;1741108167677;3620
3;1741108167964;3621
9;1741108168350;11465
9;1741108173270;11466
3;1741108177102;3622
9;1741108180848;11467
9;1741108182032;11468
3;1741108185087;3623
9;1741108185596;11469
3;1741108187242;3624
3;1741108189515;3625
9;1741108189923;11470
3;1741108193772;3626
9;1741108199034;11471
9;1741108199864;11472
3;1741108201480;3627
9;1741108202285;11473
9;1741108208356;11474
3;1741108208367;3628
3;1741108215205;3629
9;1741108215571;11475
9;1741108215658;11476
3;1741108220746;3630
3;1741108222512;3631
3;1741108230350;3632
9;1741108230623;11477
9;1741108231769;11478
9;1741108232051;11479
9;1741108235519;11480
3;1741108235640;3633
3;1741108240140;3634
3;1741108243647;3635
3;1741108245031;3636
9;1741108245145;11481
9;1741108247659;11482
3;1741108252376;3637
3;1741108255416;3638
9;1741108256482;11483
3;1741108257479;3639
9;1741108265065;11484
3;1741108266004;3640
9;1741108268568;11485
9;1741108269050;11486
9;1741108273209;11487
3;1741108276907;3641
3;1741108276996;3642
3;1741108282750;3643
3;1741108283409;3644
3;1741108283842;3645
3;1741108287529;3646
9;1741108288647;11488
9;1741108294272;11489
9;1741108294967;11490
9;1741108298559;11491
9;1741108305275;11492
9;1741108309533;11493
9;1741108310879;11494
3;1741108311813;3647
3;1741108312087;3648
3;1741108313129;3649
9;1741108318790;11495
3;1741108319214;3650
9;1741108327474;11496
3;1741108329440;3651
3;1741108330211;3652
9;1741108332054;11497
9;1741108333975;11498
9;1741108335307;11499
3;1741108339537;3653
9;1741108341111;11500
3;1741108343119;3654
9;1741108345531;11501
3;1741108345919;3655
3;1741108347403;3656
9;1741108348160;11502
3;1741108348590;3657
3;1741108350658;3658
3;1741108353896;3659
9;1741108356836;11503
9;1741108358990;11504
3;1741108364067;3660
9;1741108367567;11505
9;1741108371504;11506
9;1741108372877;11507
3;1741108373478;3661
3;1741108378430;3662
9;1741108380664;11508
3;1741108381467;3663
3;1741108390878;3664
9;1741108393634;11509
3;1741108393758;3665
9;1741108396713;11510
3;1741108399099;3666
9;1741108402975;11511
3;1741108405057;3667
9;1741108406340;11512
9;1741108407199;11513
3;1741108410614;3668
3;1741108415193;3669
3;1741108415404;3670
3;1741108416176;3671
3;1741108416871;3672
9;1741108423625;11514
9;1741108423988;11515
9;1741108431594;11516
9;1741108431983;11517
9;1741108434269;11518
3;1741108437257;3673
3;1741108437309;3674
9;1741108437633;11519
9;1741108441297;11520
3;1741108444454;3675
3;1741108445556;3676
9;1741108446614;11521
3;1741108449598;3677
9;1741108450155;11522
3;1741108454630;3678
3;1741108454852;3679
9;1741108456318;11523
9;1741108458430;11524
9;1741108466020;11525
3;1741108467425;3680
3;1741108470281;3681
3;1741108474416;3682
9;1741108477959;11526
9;1741108478862;11527
9;1741108485142;11528
9;1741108486619;11529
9;1741108488244;11530
3;1741108488255;3683
3;1741108492143;3684
9;1741108493924;11531
3;1741108496192;3685
9;1741108497355;11532
3;1741108499418;3686
9;1741108505279;11533
9;1741108506664;11534
3;1741108506684;3687
3;1741108507911;3688
9;1741108508011;11535
3;1741108508262;3689
3;1741108516111;3690
9;1741108516641;11536
9;1741108518106;11537
9;1741108525616;11538
3;1741108526019;3691
3;1741108528111;3692
3;1741108531127;3693
3;1741108533093;3694
9;1741108542625;11539
9;1741108543106;11540
3;1741108545923;3695
9;1741108547226;11541
3;1741108548063;3696
3;1741108549257;3697
9;1741108551265;11542
3;1741108551523;3698
3;1741108553182;3699
3;1741108555091;3700
3;1741108555125;3701
9;1741108556942;11543
9;1741108557422;11544
9;1741108559927;11545
9;1741108561244;11546
9;1741108567829;11547
9;1741108571022;11548
9;1741108575623;11549
3;1741108582576;3702
3;1741108582959;3703
3;1741108585166;3704
9;1741108586534;11550
3;1741108588838;3705
3;1741108589932;3706
3;1741108590741;3707
9;1741108594946;11551
3;1741108596207;3708
3;1741108597443;3709
9;1741108599143;11552
9;1741108603289;11553
9;1741108606757;11554
3;1741108610273;3710
9;1741108617112;11555
3;1741108619892;3711
3;1741108621786;3712
9;1741108623821;11556
9;1741108629082;11557
9;1741108631740;11558
3;1741108635600;3713
9;1741108638661;11559
3;1741108638905;3714
9;1741108639174;11560
3;1741108639446;3715
9;1741108644773;11561
9;1741108645593;11562
9;1741108647009;11563
9;1741108648687;11564
3;1741108650906;3716
3;1741108653105;3717
9;1741108654312;11565
3;1741108659289;3718
9;1741108660707;11566
9;1741108664004;11567
3;1741108669594;3719
9;1741108670840;11568
3;1741108672549;3720
3;1741108673421;3721
9;1741108677056;11569
9;1741108678277;11570
3;1741108682722;3722
3;1741108685157;3723
3;1741108685241;3724
9;1741108686398;11571
3;1741108687686;3725
9;1741108690622;11572
3;1741108691619;3726
3;1741108699874;3727
9;1741108702726;11573
3;1741108705025;3728
3;1741108708921;3729
9;1741108709343;11574
3;1741108711731;3730
3;1741108715389;3731
9;1741108717199;11575
9;1741108717642;11576
9;1741108728448;11577
3;1741108729288;3732
9;1741108732843;11578
3;1741108734077;3733
9;1741108737758;11579
3;1741108741822;3734
3;1741108744631;3735
9;1741108745618;11580
3;1741108746362;3736
9;1741108746460;11581
3;1741108747491;3737
3;1741108750225;3738
9;1741108753892;11582
9;1741108758130;11583
9;1741108758284;11584
9;1741108762784;11585
3;1741108763457;3739
9;1741108772664;11586
3;1741108775776;3740
3;1741108775854;3741
3;1741108776321;3742
3;1741108784740;3743
9;1741108784958;11587
3;1741108786923;3744
9;1741108792208;11588
9;1741108795880;11589
3;1741108796482;3745
9;1741108798741;11590
3;1741108799617;3746
3;1741108801088;3747
3;1741108803118;3748
3;1741108803350;3749
9;1741108803530;11591
9;1741108804743;11592
3;1741108811225;3750
9;1741108812195;11593
9;1741108813490;11594
9;1741108819745;11595
9;1741108821688;11596
3;1741108825114;3751
3;1741108825219;3752
9;1741108828528;11597
9;1741108828851;11598
3;1741108830719;3753
3;1741108834652;3754
9;1741108840951;11599
3;1741108843851;3755
3;1741108844217;3756
3;1741108847629;3757
9;1741108850247;11600
9;1741108852224;11601
9;1741108852750;11602
9;1741108852939;11603
9;1741108856488;11604
3;1741108860033;3758
9;1741108860074;11605
3;1741108860853;3759
3;1741108863045;3760
3;1741108863980;3761
3;1741108874430;3762
3;1741108876650;3763
3;1741108876826;3764
9;1741108880412;11606
9;1741108880428;11607
9;1741108881932;11608
3;1741108883271;3765
9;1741108883582;11609
9;1741108884153;11610
3;1741108893200;3766
9;1741108898476;11611
3;1741108901783;3767
3;1741108904315;3768
9;1741108905054;11612
9;1741108906034;11613
9;1741108907909;11614
9;1741108909919;11615
3;1741108912754;3769
3;1741108917770;3770
3;1741108918599;3771
3;1741108924272;3772
9;1741108929481;11616
3;1741108930848;3773
9;1741108933833;11617
9;1741108937081;11618
9;1741108937407;11619
3;1741108938048;3774
9;1741108938746;11620
9;1741108939392;11621
3;1741108941495;3775
3;1741108941822;3776
9;1741108948281;11622
9;1741108954112;11623
3;1741108954524;3777
3;1741108962510;3778
3;1741108965693;3779
3;1741108966858;3780
9;1741108967386;11624
9;1741108971238;11625
9;1741108974161;11626
3;1741108975377;3781
9;1741108975883;11627
9;1741108982695;11628
3;1741108983789;3782
9;1741108984907;11629
3;1741108984949;3783
9;1741108985809;11630
3;1741108988745;3784
3;1741108993918;3785
9;1741108995527;11631
3;1741108998314;3786
9;1741108999131;11632
9;1741109000173;11633
9;1741109000227;11634
3;1741109003248;3787
3;1741109005711;3788
3;1741109006034;3789
3;1741109006609;3790
9;1741109010419;11635
3;1741109011234;3791
3;1741109022138;3792
9;1741109025596;11636
3;1741109034812;3793
3;1741109035193;3794
9;1741109035290;11637
9;1741109035370;11638
3;1741109042615;3795
9;1741109043457;11639
9;1741109044378;11640
9;1741109044675;11641
9;1741109049298;11642
9;1741109050794;11643
3;1741109051836;3796
9;1741109055553;11644
3;1741109059643;3797
3;1741109059786;3798
9;1741109064647;11645
9;1741109065473;11646
9;1741109070459;11647
3;1741109071709;3799
3;1741109072753;3800
3;1741109075349;3801
3;1741109075435;3802
3;1741109075701;3803
3;1741109076995;3804
9;1741109078630;11648
3;1741109080232;3805
9;1741109080243;11649
9;1741109082824;11650
3;1741109088033;3806
9;1741109090335;11651
3;1741109095428;3807
9;1741109096601;11652
3;1741109102726;3808
3;1741109110100;3809
3;1741109110234;3810
9;1741109113347;11653
3;1741109117656;3811
9;1741109118090;11654
9;1741109124208;11655
3;1741109127559;3812
9;1741109127841;11656
9;1741109133541;11657
9;1741109133568;11658
9;1741109135063;11659
3;1741109135476;3813
3;1741109135919;3814
9;1741109137187;11660
3;1741109141655;3815
9;1741109145330;11661
9;1741109150162;11662
3;1741109152151;3816
3;1741109160651;3817
3;1741109161721;3818
3;1741109162500;3819
9;1741109164839;11663
3;1741109164856;3820
9;1741109167540;11664
9;1741109168408;11665
9;1741109170193;11666
9;1741109171983;11667
9;1741109172589;11668
3;1741109173400;3821
3;1741109175618;3822
3;1741109176327;3823
9;1741109184542;11669
9;1741109185264;11670
3;1741109188873;3824
3;1741109190030;3825
9;1741109190591;11671
9;1741109193475;11672
3;1741109193496;3826
3;1741109197641;3827
3;1741109201353;3828
9;1741109205770;11673
9;1741109209076;11674
3;1741109210338;3829
9;1741109213187;11675
3;1741109213377;3830
3;1741109215772;3831
3;1741109216566;3832
9;1741109216867;11676
9;1741109216956;11677
9;1741109223520;11678
3;1741109228312;3833
9;1741109232217;11679
3;1741109234059;3834
9;1741109235574;11680
3;1741109235768;3835
3;1741109236951;3836
9;1741109242142;11681
9;1741109245698;11682
9;1741109246835;11683
3;1741109247240;3837
3;1741109251278;3838
9;1741109252572;11684
9;1741109253940;11685
3;1741109258013;3839
3;1741109264976;3840
9;1741109266513;11686
9;1741109269024;11687
3;1741109271973;3841
3;1741109272096;3842
9;1741109272444;11688
9;1741109280092;11689
3;1741109283180;3843
3;1741109284143;3844
9;1741109287298;11690
3;1741109288780;3845
3;1741109290224;3846
9;1741109292924;11691
3;1741109298085;3847
9;1741109300957;11692
3;1741109303935;3848
3;1741109305097;3849
3;1741109305162;3850
9;1741109309644;11693
9;1741109312695;11694
9;1741109317373;11695
3;1741109319554;3851
3;1741109320830;3852
9;1741109322522;11696
9;1741109325135;11697
3;1741109326495;3853
3;1741109330428;3854
9;1741109331762;11698
9;1741109333945;11699
3;1741109336216;3855
9;1741109337851;11700
3;1741109340637;3856
9;1741109343085;11701
3;1741109344914;3857
3;1741109350418;3858
9;1741109351530;11702
9;1741109358017;11703
3;1741109358041;3859
9;1741109366651;11704
9;1741109367169;11705
9;1741109368051;11706
3;1741109371096;3860
3;1741109371597;3861
9;1741109371844;11707
9;1741109373497;11708
3;1741109374719;3862
3;1741109376388;3863
9;1741109385603;11709
9;1741109386412;11710
9;1741109388851;11711
3;1741109389896;3864
3;1741109398160;3865
3;1741109398311;3866
3;1741109400550;3867
9;1741109402516;11712
3;1741109403634;3868
9;1741109408080;11713
9;1741109412390;11714
3;1741109415497;3869
3;1741109415854;3870
3;1741109418075;3871
3;1741109424401;3872
3;1741109426717;3873
9;1741109427862;11715
9;1741109429353;11716
9;1741109429368;11717
9;1741109430602;11718
9;1741109431234;11719
9;1741109436203;11720
3;1741109438280;3874
9;1741109443097;11721
3;1741109445122;3875
3;1741109448159;3876
3;1741109449785;3877
9;1741109450504;11722
9;1741109453127;11723
9;1741109457049;11724
3;1741109463585;3878
3;1741109463997;3879
3;1741109469059;3880
3;1741109471900;3881
9;1741109474863;11725
9;1741109475483;11726
9;1741109475544;11727
3;1741109477957;3882
9;1741109479920;11728
9;1741109488002;11729
3;1741109488520;3883
3;1741109489630;3884
3;1741109491105;3885
9;1741109491553;11730
3;1741109497249;3886
9;1741109497364;11731
9;1741109499927;11732
3;1741109500538;3887
9;1741109503071;11733
9;1741109504410;11734
3;1741109505208;3888
3;1741109505915;3889
3;1741109509044;3890
3;1741109511916;3891
9;1741109513541;11735
9;1741109513591;11736
3;1741109516536;3892
9;1741109517693;11737
3;1741109519913;3893
9;1741109530414;11738
3;1741109540286;3894
3;1741109541043;3895
3;1741109541864;3896
9;1741109543926;11739
9;1741109544319;11740
3;1741109544976;3897
9;1741109545193;11741
9;1741109549655;11742
3;1741109553901;3898
9;1741109554144;11743
9;1741109555212;11744
3;1741109556930;3899
3;1741109558994;3900
9;1741109564671;11745
9;1741109569481;11746
3;1741109569692;3901
3;1741109570311;3902
9;1741109575357;11747
3;1741109576021;3903
3;1741109578882;3904
9;1741109580565;11748
9;1741109580738;11749
3;1741109585331;3905
3;1741109591753;3906
3;1741109591855;3907
3;1741109593697;3908
9;1741109595144;11750
9;1741109600058;11751
3;1741109604403;3909
9;1741109604636;11752
9;1741109607770;11753
9;1741109607934;11754
9;1741109609958;11755
3;1741109613829;3910
9;1741109618289;11756
3;1741109620419;3911
9;1741109620618;11757
9;1741109622776;11758
3;1741109623120;3912
3;1741109624038;3913
3;1741109627258;3914
3;1741109637939;3915
3;1741109638873;3916
9;1741109643346;11759
9;1741109645132;11760
9;1741109648126;11761
3;1741109650877;3917
3;1741109652363;3918
9;1741109654051;11762
9;1741109654862;11763
3;1741109659662;3919
9;1741109661892;11764
3;1741109665769;3920
3;1741109669890;3921
9;1741109670459;11765
3;1741109674059;3922
3;1741109675269;3923
3;1741109675521;3924
9;1741109676074;11766
9;1741109676089;11767
3;1741109678080;3925
9;1741109678758;11768
9;1741109680408;11769
9;1741109684185;11770
3;1741109688497;3926
3;1741109695653;3927
3;1741109696017;3928
9;1741109696926;11771
9;1741109700142;11772
3;1741109703480;3929
9;1741109707402;11773
3;1741109708366;3930
3;1741109709243;3931
9;1741109710309;11774
9;1741109711251;11775
9;1741109711353;11776
9;1741109717470;11777
9;1741109717733;11778
3;1741109719981;3932
3;1741109734846;3933
3;1741109741622;3934
3;1741109743120;3935
9;1741109743512;11779
9;1741109747297;11780
9;1741109749356;11781
9;1741109750538;11782
3;1741109750856;3936
3;1741109757902;3937
9;1741109758385;11783
3;1741109759182;3938
9;1741109761699;11784
3;1741109762071;3939
9;1741109767104;11785
9;1741109768873;11786
3;1741109770206;3940
9;1741109771149;11787
9;1741109772111;11788
3;1741109775901;3941
9;1741109778493;11789
3;1741109782159;3942
9;1741109782414;11790
3;1741109785022;3943
3;1741109788586;3944
3;1741109789036;3945
9;1741109792793;11791
3;1741109792819;3946
3;1741109794449;3947
9;1741109801309;11792
9;1741109801828;11793
9;1741109802018;11794
3;1741109804822;3948
9;1741109811849;11795
3;1741109819418;3949
3;1741109821694;3950
9;1741109823814;11796
9;1741109824905;11797
3;1741109825435;3951
3;1741109826109;3952
9;1741109826476;11798
9;1741109832929;11799
3;1741109833705;3953
9;1741109836264;11800
3;1741109839865;3954
3;1741109840506;3955
9;1741109843310;11801
3;1741109845338;3956
9;1741109848789;11802
3;1741109850551;3957
3;1741109854236;3958
9;1741109856840;11803
3;1741109865404;3959
3;1741109867906;3960
9;1741109871571;11804
3;1741109875192;3961
9;1741109877253;11805
3;1741109878311;3962
9;1741109878843;11806
9;1741109881646;11807
3;1741109884724;3963
9;1741109884813;11808
9;1741109888259;11809
9;1741109888554;11810
3;1741109892057;3964
3;1741109893244;3965
9;1741109895886;11811
9;1741109896571;11812
3;1741109907639;3966
3;1741109907864;3967
3;1741109909932;3968
3;1741109910612;3969
3;1741109912554;3970
9;1741109915920;11813
3;1741109918214;3971
9;1741109919667;11814
9;1741109921256;11815
9;1741109922665;11816
9;1741109924732;11817
9;1741109925606;11818
3;1741109927898;3972
3;1741109930259;3973
9;1741109940835;11819
3;1741109943110;3974
3;1741109944276;3975
9;1741109945707;11820
9;1741109946734;11821
3;1741109947361;3976
3;1741109952938;3977
3;1741109953606;3978
3;1741109953841;3979
9;1741109954369;11822
9;1741109954987;11823
9;1741109956770;11824
3;1741109958211;3980
9;1741109963163;11825
3;1741109970194;3981
9;1741109970851;11826
3;1741109976691;3982
9;1741109978382;11827
3;1741109979147;3983
9;1741109985522;11828
3;1741109985622;3984
9;1741109986229;11829
3;1741109988218;3985
9;1741109993612;11830
9;1741109994112;11831
3;1741109994210;3986
9;1741109997726;11832
3;1741109997752;3987
3;1741110000206;3988
3;1741110006794;3989
9;1741110009733;11833
9;1741110010175;11834
3;1741110011126;3990
3;1741110011686;3991
9;1741110012486;11835
9;1741110018328;11836
3;1741110020989;3992
9;1741110022288;11837
3;1741110027124;3993
9;1741110029019;11838
3;1741110032899;3994
3;1741110038824;3995
9;1741110047336;11839
9;1741110049085;11840
3;1741110049130;3996
9;1741110055662;11841
9;1741110055730;11842
3;1741110057208;3997
9;1741110058010;11843
3;1741110059772;3998
9;1741110062905;11844
9;1741110063538;11845
9;1741110068192;11846
9;1741110070941;11847
3;1741110072122;3999
9;1741110072515;11848
3;1741110072777;4000
9;1741110075758;11849
3;1741110076189;4001
3;1741110076416;4002
3;1741110079090;4003
3;1741110081203;4004
9;1741110087537;11850
3;1741110088357;4005
3;1741110088967;4006
9;1741110095702;11851
9;1741110101739;11852
9;1741110101845;11853
3;1741110106209;4007
3;1741110106486;4008
3;1741110107687;4009
3;1741110109683;4010
9;1741110111974;11854
9;1741110114377;11855
3;1741110121343;4011
9;1741110124892;11856
9;1741110125862;11857
9;1741110127013;11858
9;1741110136212;11859
3;1741110138801;4012
3;1741110139254;4013
3;1741110139974;4014
9;1741110140640;11860
3;1741110141938;4015
3;1741110146003;4016
3;1741110147991;4017
3;1741110148656;4018
9;1741110149874;11861
9;1741110153028;11862
9;1741110154794;11863
9;1741110158778;11864
9;1741110163962;11865
3;1741110163974;4019
3;1741110164151;4020
3;1741110171144;4021
3;1741110171384;4022
9;1741110174033;11866
3;1741110175025;4023
9;1741110176075;11867
9;1741110177031;11868
3;1741110184526;4024
9;1741110184861;11869
9;1741110188089;11870
9;1741110194628;11871
9;1741110197059;11872
3;1741110199166;4025
9;1741110200690;11873
9;1741110201607;11874
3;1741110202879;4026
3;1741110203500;4027
3;1741110205169;4028
3;1741110208059;4029
9;1741110210428;11875
9;1741110216897;11876
3;1741110220033;4030
3;1741110220046;4031
9;1741110224884;11877
3;1741110226229;4032
3;1741110226588;4033
9;1741110229644;11878
3;1741110230564;4034
9;1741110231401;11879
9;1741110232111;11880
3;1741110234759;4035
9;1741110241773;11881
3;1741110242115;4036
3;1741110242781;4037
9;1741110246751;11882
3;1741110253985;4038
9;1741110255837;11883
9;1741110258204;11884
3;1741110261093;4039
3;1741110264737;4040
9;1741110266801;11885
9;1741110267673;11886
3;1741110268156;4041
9;1741110268626;11887
3;1741110269978;4042
3;1741110277042;4043
3;1741110279136;4044
3;1741110283534;4045
3;1741110283628;4046
9;1741110287056;11888
9;1741110288740;11889
3;1741110292382;4047
9;1741110295574;11890
9;1741110299443;11891
9;1741110300477;11892
3;1741110302287;4048
9;1741110303388;11893
9;1741110304773;11894
3;1741110310272;4049
3;1741110313599;4050
3;1741110314349;4051
3;1741110315721;4052
9;1741110319554;11895
9;1741110328932;11896
9;1741110330220;11897
3;1741110331886;4053
9;1741110331993;11898
9;1741110332051;11899
9;1741110333431;11900
3;1741110335879;4054
9;1741110339450;11901
3;1741110341871;4055
3;1741110343470;4056
3;1741110346406;4057
9;1741110346561;11902
3;1741110357279;4058
9;1741110360976;11903
3;1741110362407;4059
9;1741110363210;11904
9;1741110367929;11905
9;1741110369338;11906
9;1741110371880;11907
3;1741110372065;4060
3;1741110373732;4061
9;1741110373823;11908
3;1741110378843;4062
3;1741110379472;4063
9;1741110387907;11909
3;1741110387995;4064
9;1741110389393;11910
9;1741110390579;11911
3;1741110391137;4065
3;1741110395539;4066
9;1741110400025;11912
3;1741110401868;4067
9;1741110405435;11913
3;1741110406420;4068
9;1741110411447;11914
3;1741110414067;4069
9;1741110414094;11915
3;1741110415140;4070
3;1741110415845;4071
3;1741110417257;4072
3;1741110418833;4073
9;1741110420299;11916
9;1741110420937;11917
9;1741110427049;11918
9;1741110427713;11919
3;1741110430605;4074
9;1741110431494;11920
9;1741110431566;11921
9;1741110436440;11922
3;1741110439554;4075
3;1741110441606;4076
3;1741110447952;4077
3;1741110453514;4078
9;1741110458236;11923
9;1741110460752;11924
3;1741110462058;4079
3;1741110465345;4080
9;1741110467045;11925
3;1741110469962;4081
3;1741110471268;4082
9;1741110475703;11926
3;1741110479700;4083
3;1741110481603;4084
9;1741110482912;11927
9;1741110484629;11928
9;1741110487360;11929
3;1741110487705;4085
9;1741110491447;11930
9;1741110492978;11931
9;1741110494348;11932
9;1741110498584;11933
9;1741110498662;11934
3;1741110498780;4086
3;1741110503997;4087
3;1741110506730;4088
9;1741110507545;11935
3;1741110510113;4089
9;1741110510530;11936
3;1741110513096;4090
3;1741110515260;4091
9;1741110527692;11937
9;1741110530848;11938
3;1741110531947;4092
9;1741110532381;11939
9;1741110532824;11940
3;1741110536731;4093
3;1741110538984;4094
3;1741110540198;4095
9;1741110541703;11941
9;1741110548054;11942
3;1741110549475;4096
9;1741110551057;11943
9;1741110551485;11944
3;1741110555520;4097
3;1741110555944;4098
9;1741110564160;11945
9;1741110564373;11946
3;1741110564390;4099
3;1741110564993;4100
3;1741110565896;4101
3;1741110572224;4102
3;1741110572939;4103
9;1741110574944;11947
9;1741110576318;11948
3;1741110580047;4104
3;1741110582999;4105
9;1741110587520;11949
9;1741110589942;11950
3;1741110591185;4106
9;1741110595680;11951
3;1741110602886;4107
9;1741110604352;11952
3;1741110604575;4108
9;1741110605038;11953
9;1741110607934;11954
3;1741110610826;4109
9;1741110611072;11955
3;1741110612951;4110
9;1741110615279;11956
3;1741110618128;4111
9;1741110618759;11957
3;1741110629174;4112
9;1741110629790;11958
3;1741110630574;4113
3;1741110635494;4114
3;1741110637280;4115
9;1741110637457;11959
3;1741110639909;4116
9;1741110646933;11960
9;1741110649679;11961
9;1741110652434;11962
3;1741110654969;4117
3;1741110657021;4118
3;1741110657846;4119
9;1741110658427;11963
9;1741110659960;11964
9;1741110661761;11965
3;1741110665628;4120
9;1741110666390;11966
3;1741110668855;4121
3;1741110676618;4122
9;1741110677098;11967
9;1741110679868;11968
3;1741110683200;4123
9;1741110683373;11969
9;1741110687076;11970
3;1741110687181;4124
3;1741110695029;4125
9;1741110695138;11971
9;1741110696119;11972
3;1741110697395;4126
3;1741110699608;4127
3;1741110699697;4128
9;1741110701402;11973
9;1741110702076;11974
3;1741110706216;4129
3;1741110712010;4130
3;1741110714667;4131
9;1741110726522;11975
9;1741110727159;11976
3;1741110729135;4132
9;1741110729204;11977
3;1741110735440;4133
3;1741110735636;4134
3;1741110739426;4135
9;1741110740911;11978
9;1741110742612;11979
9;1741110747220;11980
9;1741110750384;11981
3;1741110750870;4136
3;1741110751017;4137
3;1741110754821;4138
9;1741110755539;11982
3;1741110755597;4139
9;1741110759308;11983
3;1741110763825;4140
3;1741110767053;4141
9;1741110767851;11984
9;1741110768044;11985
3;1741110772249;4142
9;1741110772639;11986
9;1741110774069;11987
9;1741110779410;11988
9;1741110779871;11989
3;1741110780287;4143
9;1741110785463;11990
3;1741110790630;4144
9;1741110791761;11991
9;1741110792359;11992
3;1741110793687;4145
3;1741110796641;4146
3;1741110797876;4147
9;1741110798355;11993
3;1741110799186;4148
3;1741110803625;4149
3;1741110808800;4150
9;1741110816306;11994
9;1741110817000;11995
3;1741110820618;4151
9;1741110820916;11996
3;1741110821361;4152
9;1741110822200;11997
3;1741110824720;4153
9;1741110825395;11998
9;1741110831087;11999
3;1741110831705;4154
3;1741110832460;4155
3;1741110833033;4156
9;1741110840308;12000
3;1741110843748;4157
3;1741110847960;4158
3;1741110848962;4159
9;1741110849799;12001
9;1741110850500;12002
3;1741110855341;4160
3;1741110856420;4161
9;1741110858399;12003
9;1741110860308;12004
9;1741110861826;12005
3;1741110874821;4162
9;1741110874975;12006
9;1741110875884;12007
9;1741110876806;12008
3;1741110879464;4163
9;1741110880596;12009
3;1741110884011;4164
9;1741110884056;12010
9;1741110887414;12011
3;1741110888026;4165
3;1741110891030;4166
3;1741110894813;4167
9;1741110897289;12012
3;1741110900595;4168
9;1741110911563;12013
9;1741110912832;12014
9;1741110914806;12015
9;1741110915168;12016
3;1741110919311;4169
3;1741110921281;4170
3;1741110924954;4171
9;1741110926023;12017
3;1741110927961;4172
3;1741110929275;4173
9;1741110930845;12018
3;1741110936660;4174
9;1741110938293;12019
9;1741110938683;12020
3;1741110940209;4175
3;1741110943835;4176
3;1741110950662;4177
9;1741110953085;12021
3;1741110953550;4178
9;1741110954360;12022
9;1741110955040;12023
9;1741110957974;12024
9;1741110962022;12025
3;1741110962624;4179
9;1741110968922;12026
3;1741110970330;4180
3;1741110974058;4181
3;1741110983770;4182
3;1741110987765;4183
3;1741110988581;4184
9;1741110988709;12027
9;1741110989713;12028
3;1741110991238;4185
3;1741110991574;4186
9;1741110992982;12029
9;1741110996143;12030
3;1741110998778;4187
9;1741110999344;12031
9;1741111000309;12032
3;1741111001890;4188
9;1741111003165;12033
9;1741111006681;12034
9;1741111013354;12035
3;1741111014761;4189
3;1741111017013;4190
9;1741111020420;12036
3;1741111024477;4191
3;1741111028988;4192
9;1741111032665;12037
3;1741111033996;4193
3;1741111034977;4194
9;1741111037914;12038
9;1741111038466;12039
3;1741111040794;4195
9;1741111041557;12040
9;1741111046970;12041
9;1741111051696;12042
3;1741111056684;4196
3;1741111057708;4197
3;1741111058317;4198
3;1741111058678;4199
9;1741111060928;12043
3;1741111061153;4200
3;1741111062691;4201
9;1741111066107;12044
9;1741111069028;12045
3;1741111069692;4202
9;1741111070014;12046
9;1741111071956;12047
9;1741111075937;12048
3;1741111081220;4203
9;1741111086941;12049
9;1741111089556;12050
9;1741111092199;12051
9;1741111092466;12052
3;1741111095047;4204
3;1741111095086;4205
9;1741111100775;12053
3;1741111101809;4206
3;1741111102739;4207
3;1741111106234;4208
3;1741111110497;4209
3;1741111110662;4210
9;1741111114905;12054
9;1741111116061;12055
3;1741111118767;4211
3;1741111119607;4212
9;1741111120100;12056
9;1741111120986;12057
3;1741111127505;4213
9;1741111129013;12058
9;1741111131124;12059
3;1741111132704;4214
9;1741111134188;12060
3;1741111139294;4215
3;1741111140973;4216
9;1741111143634;12061
9;1741111145780;12062
9;1741111149085;12063
9;1741111151894;12064
3;1741111152146;4217
9;1741111152455;12065
3;1741111154120;4218
3;1741111161279;4219
3;1741111168525;4220
3;1741111175149;4221
9;1741111175816;12066
3;1741111176167;4222
9;1741111181579;12067
9;1741111181619;12068
9;1741111182872;12069
3;1741111183231;4223
3;1741111185620;4224
9;1741111187680;12070
3;1741111190971;4225
3;1741111192248;4226
9;1741111195030;12071
9;1741111197785;12072
9;1741111199207;12073
3;1741111201601;4227
3;1741111206420;4228
9;1741111208499;12074
3;1741111208969;4229
9;1741111211104;12075
9;1741111215915;12076
3;1741111217665;4230
3;1741111221858;4231
9;1741111226093;12077
9;1741111226484;12078
3;1741111232627;4232
9;1741111235628;12079
3;1741111235714;4233
3;1741111237369;4234
9;1741111239417;12080
9;1741111242505;12081
3;1741111242585;4235
3;1741111242633;4236
3;1741111245737;4237
9;1741111247938;12082
3;1741111250493;4238
3;1741111251084;4239
9;1741111254862;12083
9;1741111260266;12084
3;1741111263791;4240
9;1741111267581;12085
3;1741111270875;4241
3;1741111277438;4242
3;1741111279286;4243
9;1741111280032;12086
9;1741111280621;12087
3;1741111285371;4244
9;1741111285454;12088
3;1741111285644;4245
9;1741111287076;12089
9;1741111290966;12090
3;1741111294465;4246
9;1741111295503;12091
9;1741111297534;12092
9;1741111298523;12093
3;1741111298900;4247
3;1741111300845;4248
3;1741111305125;4249
9;1741111308541;12094
3;1741111313457;4250
9;1741111320021;12095
9;1741111323716;12096
3;1741111325167;4251
3;1741111325255;4252
9;1741111327930;12097
3;1741111330249;4253
9;1741111332108;12098
3;1741111333954;4254
3;1741111335043;4255
9;1741111342912;12099
9;1741111344760;12100
9;1741111346979;12101
3;1741111349290;4256
9;1741111349495;12102
9;1741111358569;12103
3;1741111358893;4257
3;1741111359029;4258
9;1741111361182;12104
9;1741111361312;12105
3;1741111361705;4259
3;1741111363360;4260
9;1741111371168;12106
9;1741111375096;12107
3;1741111375193;4261
9;1741111382829;12108
3;1741111385902;4262
9;1741111386993;12109
3;1741111388175;4263
3;1741111394839;4264
9;1741111394852;12110
9;1741111395729;12111
9;1741111396455;12112
3;1741111399494;4265
3;1741111401518;4266
3;1741111403422;4267
3;1741111406839;4268
9;1741111407483;12113
9;1741111408531;12114
9;1741111413082;12115
9;1741111413213;12116
3;1741111415489;4269
3;1741111418193;4270
3;1741111421110;4271
3;1741111421402;4272
9;1741111423005;12117
3;1741111427119;4273
9;1741111427911;12118
3;1741111429361;4274
9;1741111432879;12119
9;1741111433290;12120
3;1741111433458;4275
3;1741111443342;4276
3;1741111448156;4277
9;1741111449016;12121
9;1741111450387;12122
3;1741111452872;4278
3;1741111454689;4279
3;1741111456632;4280
9;1741111470011;12123
9;1741111470229;12124
9;1741111472824;12125
9;1741111473880;12126
3;1741111476494;4281
9;1741111476517;12127
9;1741111478759;12128
9;1741111479896;12129
3;1741111480600;4282
3;1741111486198;4283
9;1741111487062;12130
9;1741111488475;12131
3;1741111492270;4284
3;1741111494620;4285
3;1741111500165;4286
3;1741111504244;4287
3;1741111505145;4288
3;1741111507216;4289
9;1741111507752;12132
9;1741111513067;12133
9;1741111513729;12134
9;1741111516981;12135
3;1741111520509;4290
9;1741111521169;12136
3;1741111525890;4291
9;1741111527016;12137
3;1741111527602;4292
9;1741111530211;12138
3;1741111532713;4293
3;1741111535362;4294
3;1741111535617;4295
3;1741111535738;4296
9;1741111535749;12139
3;1741111542589;4297
3;1741111542907;4298
9;1741111543089;12140
9;1741111545199;12141
9;1741111555016;12142
3;1741111557735;4299
9;1741111560454;12143
3;1741111562952;4300
3;1741111564230;4301
3;1741111566246;4302
9;1741111568820;12144
9;1741111569981;12145
3;1741111571792;4303
9;1741111578657;12146
9;1741111579000;12147
9;1741111583838;12148
3;1741111583874;4304
3;1741111586389;4305
9;1741111587656;12149
3;1741111594276;4306
3;1741111594750;4307
9;1741111595269;12150
9;1741111596558;12151
3;1741111600937;4308
9;1741111608129;12152
3;1741111610783;4309
9;1741111616620;12153
9;1741111616886;12154
9;1741111617261;12155
9;1741111621509;12156
3;1741111625622;4310
9;1741111626796;12157
3;1741111628341;4311
9;1741111631504;12158
3;1741111634018;4312
9;1741111634473;12159
3;1741111634913;4313
3;1741111638840;4314
3;1741111639986;4315
3;1741111640439;4316
3;1741111640930;4317
9;1741111645414;12160
9;1741111649679;12161
9;1741111654830;12162
9;1741111659882;12163
9;1741111662822;12164
9;1741111663351;12165
9;1741111665964;12166
3;1741111666499;4318
9;1741111668729;12167
3;1741111669087;4319
3;1741111669620;4320
3;1741111672982;4321
3;1741111673376;4322
3;1741111680782;4323
9;1741111681203;12168
9;1741111683368;12169
3;1741111685016;4324
3;1741111691194;4325
9;1741111693039;12170
3;1741111698277;4326
9;1741111698648;12171
9;1741111699746;12172
9;1741111700943;12173
3;1741111701647;4327
3;1741111703429;4328
3;1741111704657;4329
3;1741111708581;4330
9;1741111718864;12174
9;1741111720060;12175
9;1741111720255;12176
3;1741111720985;4331
9;1741111720994;12177
3;1741111728168;4332
3;1741111728580;4333
9;1741111738709;12178
3;1741111738856;4334
9;1741111742421;12179
3;1741111743750;4335
9;1741111743833;12180
9;1741111744705;12181
3;1741111749923;4336
3;1741111750782;4337
9;1741111751113;12182
9;1741111751611;12183
9;1741111752517;12184
3;1741111753740;4338
3;1741111756977;4339
3;1741111761328;4340
3;1741111766420;4341
9;1741111766537;12185
9;1741111771866;12186
3;1741111776855;4342
3;1741111777020;4343
3;1741111777032;4344
9;1741111777764;12187
9;1741111779481;12188
3;1741111780763;4345
3;1741111789946;4346
9;1741111790818;12189
9;1741111793222;12190
3;1741111795503;4347
3;1741111795986;4348
9;1741111796929;12191
9;1741111797847;12192
9;1741111804724;12193
3;1741111807624;4349
3;1741111816536;4350
3;1741111817023;4351
3;1741111817915;4352
9;1741111817925;12194
9;1741111820119;12195
3;1741111826030;4353
9;1741111827718;12196
3;1741111827868;4354
9;1741111834192;12197
9;1741111835553;12198
3;1741111835976;4355
3;1741111838404;4356
9;1741111839394;12199
9;1741111843507;12200
9;1741111844339;12201
3;1741111847474;4357
9;1741111847757;12202
9;1741111850561;12203
3;1741111850924;4358
9;1741111857602;12204
3;1741111859692;4359
9;1741111861047;12205
3;1741111865144;4360
9;1741111868905;12206
3;1741111871750;4361
9;1741111874616;12207
3;1741111875058;4362
9;1741111875136;12208
3;1741111878364;4363
3;1741111884556;4364
3;1741111887306;4365
9;1741111890309;12209
3;1741111891107;4366
9;1741111893060;12210
9;1741111895649;12211
9;1741111900470;12212
3;1741111902168;4367
3;1741111905557;4368
9;1741111907267;12213
9;1741111907542;12214
9;1741111914060;12215
3;1741111920410;4369
3;1741111920662;4370
3;1741111921184;4371
9;1741111921367;12216
9;1741111923051;12217
9;1741111930837;12218
3;1741111933483;4372
9;1741111934342;12219
3;1741111937258;4373
3;1741111938001;4374
9;1741111940278;12220
3;1741111942652;4375
9;1741111943955;12221
3;1741111948266;4376
9;1741111951359;12222
9;1741111953293;12223
3;1741111954258;4377
3;1741111958292;4378
3;1741111960676;4379
3;1741111962066;4380
9;1741111962821;12224
9;1741111962855;12225
9;1741111963581;12226
9;1741111966927;12227
3;1741111969030;4381
9;1741111969439;12228
3;1741111974918;4382
9;1741111975955;12229
3;1741111976269;4383
3;1741111980183;4384
3;1741111991609;4385
9;1741111995039;12230
3;1741111995758;4386
3;1741111998892;4387
9;1741112003119;12231
3;1741112004370;4388
9;1741112007914;12232
9;1741112008532;12233
9;1741112011567;12234
3;1741112011735;4389
3;1741112012940;4390
3;1741112013117;4391
9;1741112015122;12235
9;1741112015305;12236
3;1741112015319;4392
9;1741112016833;12237
3;1741112025071;4393
9;1741112032669;12238
9;1741112034206;12239
3;1741112034511;4394
3;1741112036084;4395
9;1741112040585;12240
9;1741112044835;12241
9;1741112046051;12242
3;1741112046599;4396
3;1741112052785;4397
9;1741112053481;12243
3;1741112054329;4398
9;1741112056907;12244
9;1741112060360;12245
3;1741112062102;4399
9;1741112063303;12246
3;1741112066190;4400
3;1741112071141;4401
9;1741112075303;12247
3;1741112075638;4402
9;1741112075849;12248
3;1741112081424;4403
3;1741112084010;4404
3;1741112084152;4405
3;1741112086018;4406
3;1741112086500;4407
9;1741112087612;12249
9;1741112090640;12250
9;1741112094399;12251
3;1741112105090;4408
3;1741112105287;4409
9;1741112106401;12252
9;1741112110259;12253
9;1741112111352;12254
3;1741112114175;4410
3;1741112114598;4411
9;1741112120762;12255
3;1741112121173;4412
9;1741112123243;12256
9;1741112129789;12257
3;1741112129961;4413
9;1741112130343;12258
9;1741112131393;12259
3;1741112131668;4414
3;1741112135701;4415
9;1741112135760;12260
3;1741112140890;4416
3;1741112141203;4417
9;1741112150818;12261
3;1741112153979;4418
9;1741112159898;12262
9;1741112164955;12263
9;1741112169037;12264
9;1741112169577;12265
9;1741112170390;12266
3;1741112172184;4419
9;1741112172664;12267
3;1741112175651;4420
3;1741112178480;4421
3;1741112179724;4422
3;1741112181623;4423
9;1741112184339;12268
9;1741112185738;12269
3;1741112186567;4424
9;1741112188120;12270
3;1741112189693;4425
9;1741112197726;12271
3;1741112201480;4426
3;1741112202087;4427
9;1741112202100;12272
3;1741112203624;4428
3;1741112204282;4429
3;1741112204542;4430
9;1741112207385;12273
9;1741112214525;12274
9;1741112217249;12275
9;1741112218781;12276
9;1741112221385;12277
3;1741112222262;4431
3;1741112222828;4432
3;1741112224931;4433
3;1741112227363;4434
9;1741112231350;12278
9;1741112232507;12279
3;1741112233303;4435
9;1741112243620;12280
3;1741112243633;4436
3;1741112245078;4437
9;1741112245097;12281
9;1741112245986;12282
3;1741112255093;4438
9;1741112257438;12283
3;1741112262119;4439
3;1741112262292;4440
9;1741112265848;12284
9;1741112269194;12285
3;1741112271478;4441
9;1741112273489;12286
9;1741112276637;12287
9;1741112276796;12288
9;1741112280318;12289
9;1741112282018;12290
3;1741112283013;4442
3;1741112286743;4443
3;1741112286761;4444
3;1741112288616;4445
3;1741112289755;4446
3;1741112292289;4447
9;1741112293621;12291
9;1741112293927;12292
9;1741112300189;12293
3;1741112305551;4448
9;1741112310128;12294
9;1741112315958;12295
3;1741112318709;4449
3;1741112319879;4450
9;1741112320765;12296
9;1741112322673;12297
3;1741112325241;4451
3;1741112326361;4452
9;1741112328470;12298
3;1741112331405;4453
9;1741112331970;12299
9;1741112338901;12300
3;1741112339947;4454
9;1741112340437;12301
9;1741112344007;12302
9;1741112346816;12303
3;1741112348989;4455
3;1741112349336;4456
3;1741112350330;4457
9;1741112350655;12304
3;1741112357974;4458
3;1741112360051;4459
3;1741112364542;4460
3;1741112365246;4461
9;1741112365326;12305
9;1741112365337;12306
3;1741112370835;4462
9;1741112374520;12307
9;1741112376539;12308
9;1741112377288;12309
9;1741112379282;12310
3;1741112380007;4463
3;1741112383088;4464
9;1741112383228;12311
3;1741112391639;4465
3;1741112392210;4466
3;1741112403772;4467
9;1741112407654;12312
3;1741112408062;4468
3;1741112408170;4469
3;1741112414871;4470
9;1741112415358;12313
9;1741112420197;12314
3;1741112421106;4471
9;1741112423748;12315
9;1741112424936;12316
9;1741112426581;12317
3;1741112428100;4472
3;1741112428789;4473
9;1741112430731;12318
3;1741112435649;4474
9;1741112436020;12319
3;1741112437217;4475
9;1741112448073;12320
3;1741112450821;4476
9;1741112454191;12321
3;1741112455617;4477
3;1741112455757;4478
3;1741112457501;4479
3;1741112459200;4480
9;1741112460029;12322
9;1741112460078;12323
3;1741112460100;4481
9;1741112462239;12324
9;1741112462445;12325
9;1741112465716;12326
9;1741112470732;12327
3;1741112476021;4482
9;1741112482221;12328
9;1741112482290;12329
3;1741112488896;4483
9;1741112491576;12330
3;1741112494720;4484
3;1741112494980;4485
9;1741112496127;12331
9;1741112496518;12332
3;1741112498151;4486
3;1741112501623;4487
3;1741112502104;4488
9;1741112502474;12333
3;1741112503143;4489
3;1741112504484;4490
9;1741112505654;12334
9;1741112513095;12335
3;1741112514210;4491
9;1741112520645;12336
3;1741112521918;4492
9;1741112522014;12337
9;1741112528833;12338
3;1741112533266;4493
3;1741112534454;4494
9;1741112538032;12339
9;1741112538307;12340
3;1741112540843;4495
9;1741112546523;12341
3;1741112547243;4496
9;1741112549047;12342
3;1741112550416;4497
3;1741112551727;4498
9;1741112557391;12343
9;1741112559360;12344
9;1741112559441;12345
9;1741112559924;12346
3;1741112565406;4499
3;1741112565462;4500
3;1741112570960;4501
9;1741112571040;12347
9;1741112574857;12348
3;1741112579551;4502
3;1741112581580;4503
3;1741112586159;4504
9;1741112587604;12349
9;1741112587745;12350
3;1741112590485;4505
3;1741112593834;4506
9;1741112597493;12351
3;1741112598541;4507
9;1741112600938;12352
3;1741112603604;4508
9;1741112607780;12353
9;1741112608759;12354
9;1741112613365;12355
3;1741112615135;4509
9;1741112620353;12356
3;1741112622061;4510
3;1741112625140;4511
9;1741112631114;12357
9;1741112632306;12358
9;1741112635140;12359
3;1741112636881;4512
3;1741112636905;4513
9;1741112640597;12360
3;1741112642168;4514
9;1741112643765;12361
3;1741112648266;4515
9;1741112648955;12362
9;1741112651700;12363
3;1741112652776;4516
3;1741112653379;4517
9;1741112655091;12364
3;1741112656505;4518
3;1741112657266;4519
3;1741112659848;4520
9;1741112661453;12365
3;1741112669409;4521
3;1741112671814;4522
9;1741112672942;12366
9;1741112673931;12367
9;1741112679099;12368
3;1741112680372;4523
3;1741112681309;4524
9;1741112686774;12369
9;1741112688219;12370
3;1741112690033;4525
3;1741112692868;4526
9;1741112694261;12371
3;1741112700174;4527
9;1741112701215;12372
3;1741112701318;4528
3;1741112703057;4529
9;1741112705830;12373
9;1741112715417;12374
3;1741112716755;4530
9;1741112716782;12375
9;1741112717290;12376
9;1741112717530;12377
3;1741112721823;4531
9;1741112730009;12378
3;1741112732245;4532
3;1741112734316;4533
3;1741112735731;4534
9;1741112739898;12379
3;1741112740021;4535
3;1741112740729;4536
9;1741112743973;12380
9;1741112744029;12381
3;1741112744534;4537
9;1741112745017;12382
9;1741112745866;12383
9;1741112753153;12384
3;1741112754078;4538
3;1741112760493;4539
3;1741112760757;4540
9;1741112765501;12385
9;1741112775978;12386
9;1741112779490;12387
3;1741112782221;4541
3;1741112782731;4542
9;1741112782872;12388
9;1741112783563;12389
9;1741112786379;12390
3;1741112789046;4543
9;1741112789520;12391
3;1741112792779;4544
3;1741112793214;4545
9;1741112795931;12392
3;1741112801443;4546
3;1741112802801;4547
3;1741112807190;4548
3;1741112813200;4549
9;1741112813461;12393
9;1741112815601;12394
3;1741112817057;4550
9;1741112821454;12395
9;1741112823915;12396
3;1741112825348;4551
9;1741112826468;12397
9;1741112828972;12398
3;1741112831393;4552
3;1741112831597;4553
3;1741112833590;4554
3;1741112833992;4555
3;1741112836245;4556
3;1741112837210;4557
9;1741112838281;12399
9;1741112841106;12400
3;1741112842226;4558
9;1741112844958;12401
9;1741112852617;12402
9;1741112856836;12403
9;1741112859623;12404
9;1741112863178;12405
3;1741112863469;4559
3;1741112864015;4560
9;1741112864874;12406
9;1741112870172;12407
9;1741112874708;12408
3;1741112874763;4561
9;1741112876111;12409
3;1741112880120;4562
3;1741112880137;4563
3;1741112885987;4564
9;1741112886319;12410
3;1741112886540;4565
3;1741112886671;4566
3;1741112893289;4567
9;1741112896155;12411
9;1741112900500;12412
9;1741112900597;12413
9;1741112908789;12414
3;1741112909874;4568
3;1741112917682;4569
3;1741112918857;4570
9;1741112921229;12415
3;1741112921858;4571
9;1741112924410;12416
3;1741112925873;4572
9;1741112927691;12417
3;1741112927780;4573
3;1741112929724;4574
9;1741112933045;12418
9;1741112937223;12419
3;1741112938274;4575
3;1741112946636;4576
9;1741112947270;12420
9;1741112947324;12421
3;1741112949493;4577
3;1741112951685;4578
9;1741112958573;12422
9;1741112958985;12423
9;1741112963191;12424
3;1741112963386;4579
9;1741112964396;12425
3;1741112970226;4580
3;1741112977868;4581
9;1741112978771;12426
3;1741112982226;4582
3;1741112984351;4583
9;1741112984967;12427
9;1741112986233;12428
3;1741112988119;4584
3;1741112990343;4585
9;1741112992778;12429
9;1741112993403;12430
3;1741112993810;4586
9;1741112994214;12431
9;1741113001384;12432
3;1741113005250;4587
3;1741113007181;4588
3;1741113008992;4589
9;1741113009066;12433
3;1741113009532;4590
9;1741113016261;12434
3;1741113017437;4591
3;1741113018218;4592
9;1741113020456;12435
9;1741113023020;12436
3;1741113024740;4593
9;1741113025120;12437
9;1741113037806;12438
9;1741113040042;12439
9;1741113041243;12440
3;1741113041394;4594
9;1741113043066;12441
9;1741113043674;12442
3;1741113045331;4595
9;1741113047918;12443
3;1741113058931;4596
3;1741113059258;4597
9;1741113059715;12444
9;1741113059891;12445
3;1741113062065;4598
3;1741113064874;4599
3;1741113065344;4600
9;1741113066668;12446
9;1741113072346;12447
3;1741113075622;4601
9;1741113077948;12448
9;1741113083881;12449
3;1741113083903;4602
3;1741113088770;4603
3;1741113089148;4604
3;1741113091513;4605
3;1741113092177;4606
9;1741113094108;12450
9;1741113100299;12451
3;1741113102615;4607
3;1741113105702;4608
9;1741113106029;12452
9;1741113106915;12453
3;1741113111296;4609
9;1741113112997;12454
3;1741113114477;4610
9;1741113115258;12455
3;1741113117712;4611
9;1741113122850;12456
9;1741113123634;12457
9;1741113130505;12458
3;1741113131509;4612
3;1741113132279;4613
3;1741113138346;4614
9;1741113138585;12459
3;1741113140847;4615
9;1741113144551;12460
9;1741113146323;12461
3;1741113150649;4616
9;1741113150796;12462
3;1741113154099;4617
3;1741113155022;4618
3;1741113155886;4619
9;1741113157916;12463
9;1741113160924;12464
9;1741113168058;12465
9;1741113169045;12466
3;1741113172125;4620
3;1741113172258;4621
3;1741113172363;4622
9;1741113172458;12467
3;1741113174761;4623
9;1741113178374;12468
3;1741113180367;4624
3;1741113183731;4625
9;1741113186721;12469
9;1741113189149;12470
9;1741113192066;12471
3;1741113192093;4626
3;1741113194288;4627
3;1741113203099;4628
3;1741113205139;4629
3;1741113210079;4630
9;1741113212038;12472
9;1741113213838;12473
9;1741113220135;12474
3;1741113221258;4631
9;1741113221825;12475
3;1741113222057;4632
9;1741113222226;12476
9;1741113222603;12477
3;1741113227570;4633
9;1741113227612;12478
3;1741113230281;4634
9;1741113236980;12479
9;1741113242220;12480
9;1741113244716;12481
3;1741113245614;4635
9;1741113247315;12482
3;1741113248448;4636
3;1741113248607;4637
3;1741113258075;4638
9;1741113260524;12483
9;1741113261678;12484
9;1741113262784;12485
3;1741113265853;4639
9;1741113266114;12486
3;1741113271693;4640
3;1741113274090;4641
3;1741113276842;4642
9;1741113279268;12487
3;1741113281421;4643
3;1741113282562;4644
9;1741113283542;12488
3;1741113285985;4645
3;1741113287986;4646
9;1741113290219;12489
3;1741113298892;4647
9;1741113299277;12490
3;1741113302865;4648
3;1741113304670;4649
3;1741113305847;4650
9;1741113307936;12491
9;1741113309848;12492
9;1741113310078;12493
3;1741113312201;4651
9;1741113313478;12494
9;1741113315539;12495
9;1741113319567;12496
9;1741113320394;12497
9;1741113321994;12498
3;1741113324340;4652
3;1741113327859;4653
9;1741113328280;12499
9;1741113328940;12500
3;1741113330507;4654
3;1741113336504;4655
3;1741113339812;4656
3;1741113343038;4657
3;1741113345025;4658
3;1741113345078;4659
9;1741113345781;12501
9;1741113352292;12502
3;1741113355645;4660
9;1741113361991;12503
9;1741113364232;12504
9;1741113367823;12505
9;1741113370565;12506
3;1741113370580;4661
3;1741113377667;4662
9;1741113378123;12507
9;1741113382084;12508
3;1741113385331;4663
3;1741113390436;4664
9;1741113390770;12509
9;1741113393817;12510
9;1741113396801;12511
3;1741113397841;4665
3;1741113400144;4666
9;1741113401214;12512
9;1741113405795;12513
9;1741113405932;12514
3;1741113406340;4667
3;1741113408313;4668
9;1741113411760;12515
3;1741113416840;4669
9;1741113420003;12516
3;1741113421716;4670
9;1741113423404;12517
3;1741113424635;4671
9;1741113424949;12518
3;1741113425028;4672
9;1741113425964;12519
9;1741113426650;12520
3;1741113429073;4673
3;1741113434488;4674
9;1741113436337;12521
3;1741113438231;4675
9;1741113442496;12522
9;1741113449440;12523
9;1741113452064;12524
3;1741113455621;4676
3;1741113460802;4677
9;1741113461141;12525
3;1741113465474;4678
3;1741113467159;4679
9;1741113467952;12526
9;1741113471735;12527
9;1741113474592;12528
3;1741113474857;4680
3;1741113474871;4681
9;1741113478116;12529
9;1741113478383;12530
9;1741113481337;12531
3;1741113484483;4682
3;1741113484640;4683
3;1741113492894;4684
3;1741113497443;4685
3;1741113500640;4686
9;1741113504254;12532
3;1741113507095;4687
9;1741113510411;12533
9;1741113512819;12534
3;1741113513328;4688
3;1741113513673;4689
9;1741113518833;12535
9;1741113519936;12536
3;1741113519952;4690
9;1741113522763;12537
9;1741113524387;12538
3;1741113525384;4691
3;1741113534356;4692
3;1741113535422;4693
3;1741113535653;4694
3;1741113538336;4695
9;1741113539121;12539
3;1741113542879;4696
3;1741113546010;4697
9;1741113546402;12540
3;1741113547332;4698
9;1741113550087;12541
3;1741113550313;4699
9;1741113551743;12542
9;1741113552065;12543
9;1741113554235;12544
3;1741113554976;4700
9;1741113562263;12545
9;1741113566145;12546
3;1741113569015;4701
9;1741113571793;12547
9;1741113576647;12548
3;1741113578683;4702
3;1741113579382;4703
9;1741113579958;12549
3;1741113580341;4704
3;1741113580724;4705
3;1741113592009;4706
9;1741113597999;12550
9;1741113599391;12551
3;1741113599910;4707
3;1741113602095;4708
9;1741113602188;12552
9;1741113602543;12553
3;1741113605608;4709
9;1741113608846;12554
3;1741113609175;4710
9;1741113615811;12555
3;1741113617316;4711
3;1741113623645;4712
9;1741113625819;12556
3;1741113632531;4713
9;1741113634516;12557
9;1741113636080;12558
9;1741113638612;12559
9;1741113640817;12560
3;1741113640852;4714
3;1741113641219;4715
9;1741113645007;12561
3;1741113645798;4716
3;1741113646017;4717
3;1741113650533;4718
9;1741113651336;12562
3;1741113654246;4719
9;1741113659468;12563
9;1741113662601;12564
9;1741113665370;12565
3;1741113667030;4720
3;1741113675179;4721
3;1741113677802;4722
3;1741113681037;4723
9;1741113681785;12566
3;1741113682833;4724
9;1741113682850;12567
9;1741113683191;12568
3;1741113686153;4725
9;1741113694304;12569
9;1741113698329;12570
9;1741113701266;12571
3;1741113702072;4726
9;1741113702163;12572
9;1741113702884;12573
9;1741113702980;12574
3;1741113705392;4727
3;1741113707039;4728
3;1741113713182;4729
9;1741113713243;12575
3;1741113715255;4730
3;1741113715455;4731
3;1741113718155;4732
9;1741113719490;12576
9;1741113728346;12577
9;1741113732828;12578
3;1741113735636;4733
9;1741113737133;12579
3;1741113737313;4734
9;1741113743075;12580
9;1741113743345;12581
3;1741113746353;4735
3;1741113750878;4736
3;1741113753687;4737
3;1741113754015;4738
9;1741113754800;12582
3;1741113755556;4739
9;1741113756952;12583
9;1741113761060;12584
9;1741113762195;12585
3;1741113768177;4740
9;1741113770403;12586
9;1741113775193;12587
3;1741113780042;4741
9;1741113780352;12588
3;1741113780839;4742
3;1741113782549;4743
3;1741113787363;4744
3;1741113787469;4745
9;1741113789999;12589
3;1741113791017;4746
9;1741113792178;12590
9;1741113793833;12591
3;1741113798776;4747
9;1741113805123;12592
3;1741113806876;4748
3;1741113809041;4749
3;1741113809485;4750
9;1741113810402;12593
9;1741113811881;12594
9;1741113812794;12595
9;1741113814595;12596
3;1741113819367;4751
3;1741113820831;4752
9;1741113830461;12597
3;1741113832747;4753
9;1741113834770;12598
3;1741113835376;4754
3;1741113837537;4755
9;1741113838559;12599
9;1741113840578;12600
9;1741113844068;12601
3;1741113849812;4756
3;1741113850670;4757
3;1741113852276;4758
9;1741113853865;12602
9;1741113855867;12603
9;1741113860082;12604
3;1741113863448;4759
9;1741113868098;12605
3;1741113871740;4760
9;1741113873231;12606
9;1741113877868;12607
3;1741113878228;4761
3;1741113879825;4762
9;1741113880933;12608
3;1741113883355;4763
9;1741113885193;12609
3;1741113885446;4764
9;1741113888364;12610
9;1741113889174;12611
3;1741113890379;4765
3;1741113893855;4766
9;1741113900915;12612
3;1741113901954;4767
9;1741113902019;12613
3;1741113904039;4768
3;1741113904158;4769
9;1741113912703;12614
9;1741113914393;12615
9;1741113915947;12616
9;1741113919001;12617
3;1741113919705;4770
3;1741113924063;4771
9;1741113925483;12618
3;1741113934453;4772
3;1741113935941;4773
3;1741113936268;4774
9;1741113937504;12619
9;1741113937640;12620
9;1741113938235;12621
9;1741113942590;12622
3;1741113946198;4775
3;1741113949339;4776
3;1741113955003;4777
3;1741113955875;4778
3;1741113956292;4779
9;1741113962171;12623
9;1741113965863;12624
3;1741113967355;4780
9;1741113970524;12625
3;1741113970761;4781
9;1741113971370;12626
9;1741113974374;12627
3;1741113979751;4782
3;1741113980632;4783
9;1741113982678;12628
3;1741113982714;4784
9;1741113993942;12629
9;1741113995521;12630
9;1741113996362;12631
3;1741113996393;4785
3;1741113997222;4786
9;1741113997281;12632
3;1741113999073;4787
9;1741113999937;12633
3;1741114002363;4788
9;1741114006717;12634
3;1741114007802;4789
9;1741114015969;12635
9;1741114019790;12636
3;1741114020526;4790
3;1741114021378;4791
3;1741114026592;4792
9;1741114030419;12637
3;1741114031198;4793
9;1741114036868;12638
9;1741114039711;12639
9;1741114041298;12640
9;1741114044488;12641
3;1741114050095;4794
3;1741114052382;4795
9;1741114054362;12642
9;1741114054661;12643
3;1741114055796;4796
3;1741114056193;4797
9;1741114056938;12644
3;1741114059519;4798
3;1741114063214;4799
9;1741114064214;12645
3;1741114065565;4800
3;1741114068056;4801
9;1741114068498;12646
9;1741114073475;12647
3;1741114075999;4802
9;1741114076412;12648
9;1741114079814;12649
3;1741114083571;4803
9;1741114083926;12650
9;1741114088651;12651
3;1741114090373;4804
3;1741114091908;4805
3;1741114092208;4806
9;1741114093777;12652
3;1741114097221;4807
3;1741114097983;4808
9;1741114109573;12653
9;1741114110950;12654
3;1741114114608;4809
3;1741114115283;4810
9;1741114120631;12655
3;1741114128128;4811
3;1741114128585;4812
9;1741114129273;12656
9;1741114131210;12657
3;1741114133904;4813
9;1741114135693;12658
3;1741114136742;4814
9;1741114138540;12659
3;1741114140305;4815
9;1741114147175;12660
3;1741114147342;4816
3;1741114149949;4817
3;1741114153523;4818
3;1741114154821;4819
3;1741114155149;4820
9;1741114158908;12661
9;1741114160166;12662
9;1741114166331;12663
9;1741114167146;12664
9;1741114169887;12665
3;1741114175109;4821
3;1741114177862;4822
3;1741114179648;4823
3;1741114181296;4824
9;1741114182169;12666
9;1741114182655;12667
9;1741114185924;12668
9;1741114187346;12669
9;1741114188290;12670
3;1741114192677;4825
3;1741114195720;4826
3;1741114200021;4827
9;1741114204943;12671
9;1741114206074;12672
3;1741114211435;4828
3;1741114211450;4829
3;1741114212604;4830
9;1741114215285;12673
9;1741114216234;12674
3;1741114219079;4831
3;1741114219527;4832
9;1741114220352;12675
9;1741114222979;12676
9;1741114223072;12677
3;1741114224204;4833
9;1741114227375;12678
9;1741114231644;12679
9;1741114236628;12680
9;1741114238442;12681
3;1741114239896;4834
3;1741114242589;4835
9;1741114243421;12682
9;1741114244768;12683
3;1741114244845;4836
3;1741114253249;4837
9;1741114261119;12684
9;1741114264126;12685
9;1741114264224;12686
3;1741114267832;4838
3;1741114268900;4839
3;1741114269170;4840
3;1741114270192;4841
3;1741114271159;4842
3;1741114272717;4843
9;1741114273501;12687
9;1741114275853;12688
9;1741114276668;12689
3;1741114279603;4844
9;1741114285251;12690
3;1741114287474;4845
3;1741114293217;4846
3;1741114293925;4847
9;1741114294177;12691
3;1741114295742;4848
9;1741114297293;12692
9;1741114304025;12693
9;1741114306048;12694
3;1741114306390;4849
9;1741114314706;12695
3;1741114316083;4850
3;1741114321034;4851
3;1741114321451;4852
9;1741114323495;12696
9;1741114325073;12697
9;1741114330207;12698
3;1741114333470;4853
3;1741114335972;4854
9;1741114338352;12699
3;1741114340574;4855
9;1741114341880;12700
9;1741114346610;12701
9;1741114346774;12702
3;1741114347137;4856
3;1741114347536;4857
3;1741114349150;4858
3;1741114359598;4859
9;1741114364620;12703
9;1741114368257;12704
9;1741114371411;12705
9;1741114372345;12706
9;1741114373656;12707
3;1741114374523;4860
3;1741114375476;4861
9;1741114378789;12708
3;1741114381194;4862
3;1741114385586;4863
3;1741114387211;4864
9;1741114387288;12709
9;1741114390464;12710
3;1741114394289;4865
9;1741114396114;12711
3;1741114399148;4866
3;1741114402390;4867
3;1741114403819;4868
3;1741114405826;4869
9;1741114406301;12712
9;1741114410437;12713
3;1741114413098;4870
9;1741114413200;12714
3;1741114414321;4871
9;1741114415596;12715
9;1741114427447;12716
3;1741114430290;4872
9;1741114433105;12717
9;1741114434370;12718
3;1741114437066;4873
3;1741114437727;4874
9;1741114446305;12719
9;1741114449314;12720
9;1741114450986;12721
3;1741114452833;4875
3;1741114453855;4876
9;1741114455158;12722
9;1741114459639;12723
3;1741114459692;4877
3;1741114463678;4878
9;1741114465344;12724
9;1741114465518;12725
3;1741114465546;4879
3;1741114467474;4880
3;1741114467695;4881
3;1741114471003;4882
9;1741114472644;12726
3;1741114474638;4883
9;1741114477191;12727
3;1741114478435;4884
3;1741114482190;4885
9;1741114482633;12728
9;1741114487794;12729
3;1741114493208;4886
3;1741114494687;4887
9;1741114497701;12730
9;1741114499082;12731
9;1741114499835;12732
9;1741114503938;12733
9;1741114506791;12734
3;1741114508865;4888
3;1741114509443;4889
3;1741114515602;4890
9;1741114518426;12735
3;1741114519684;4891
9;1741114520805;12736
3;1741114522416;4892
3;1741114524041;4893
9;1741114532788;12737
9;1741114534719;12738
9;1741114535919;12739
9;1741114538829;12740
9;1741114539497;12741
9;1741114539723;12742
3;1741114540103;4894
3;1741114542354;4895
9;1741114544873;12743
3;1741114546702;4896
3;1741114549354;4897
9;1741114557111;12744
3;1741114561535;4898
9;1741114562983;12745
9;1741114563581;12746
3;1741114569134;4899
3;1741114569852;4900
9;1741114570264;12747
3;1741114571573;4901
3;1741114571597;4902
3;1741114578422;4903
3;1741114578684;4904
3;1741114583838;4905
9;1741114587798;12748
9;1741114589408;12749
3;1741114593671;4906
9;1741114594220;12750
3;1741114594670;4907
9;1741114595401;12751
9;1741114595587;12752
9;1741114605171;12753
3;1741114610826;4908
9;1741114611351;12754
9;1741114618404;12755
3;1741114619278;4909
3;1741114620360;4910
3;1741114621362;4911
3;1741114621594;4912
9;1741114622009;12756
3;1741114629648;4913
9;1741114632718;12757
9;1741114632940;12758
3;1741114634170;4914
3;1741114636083;4915
3;1741114637930;4916
9;1741114639276;12759
9;1741114641203;12760
9;1741114643294;12761
9;1741114647010;12762
3;1741114648944;4917
3;1741114651917;4918
9;1741114657187;12763
9;1741114661319;12764
9;1741114663466;12765
3;1741114663616;4919
9;1741114664742;12766
3;1741114665432;4920
3;1741114670850;4921
9;1741114682698;12767
3;1741114684231;4922
9;1741114687651;12768
3;1741114689593;4923
9;1741114689834;12769
3;1741114690051;4924
3;1741114690556;4925
3;1741114691684;4926
3;1741114692580;4927
9;1741114695225;12770
3;1741114703643;4928
9;1741114704299;12771
9;1741114704945;12772
9;1741114705667;12773
3;1741114706641;4929
9;1741114707324;12774
3;1741114709667;4930
9;1741114719039;12775
3;1741114721782;4931
9;1741114722957;12776
3;1741114728647;4932
9;1741114733710;12777
9;1741114738501;12778
9;1741114738964;12779
3;1741114739148;4933
3;1741114740748;4934
3;1741114742951;4935
3;1741114743132;4936
9;1741114744503;12780
9;1741114749232;12781
9;1741114751195;12782
3;1741114753417;4937
9;1741114754716;12783
9;1741114756197;12784
9;1741114760441;12785
3;1741114763824;4938
3;1741114764028;4939
3;1741114765489;4940
9;1741114766327;12786
3;1741114767354;4941
9;1741114772143;12787
9;1741114775617;12788
3;1741114779453;4942
3;1741114779775;4943
9;1741114780681;12789
9;1741114783116;12790
9;1741114784344;12791
3;1741114788714;4944
3;1741114792491;4945
3;1741114795353;4946
3;1741114796548;4947
9;1741114798724;12792
3;1741114798745;4948
3;1741114804755;4949
9;1741114807492;12793
9;1741114812441;12794
9;1741114814796;12795
3;1741114817881;4950
9;1741114818305;12796
9;1741114820485;12797
3;1741114821540;4951
3;1741114827501;4952
9;1741114828725;12798
3;1741114837159;4953
3;1741114840467;4954
9;1741114842469;12799
3;1741114844183;4955
3;1741114846492;4956
3;1741114849241;4957
9;1741114850043;12800
9;1741114850364;12801
9;1741114853284;12802
3;1741114858459;4958
9;1741114864888;12803
3;1741114865914;4959
3;1741114867674;4960
3;1741114867992;4961
9;1741114869155;12804
3;1741114871446;4962
9;1741114873426;12805
9;1741114874441;12806
9;1741114875460;12807
9;1741114877219;12808
9;1741114879454;12809
3;1741114881518;4963
3;1741114882175;4964
9;1741114882382;12810
3;1741114887262;4965
9;1741114888134;12811
3;1741114893593;4966
3;1741114894964;4967
9;1741114895654;12812
3;1741114900589;4968
9;1741114904760;12813
9;1741114904996;12814
3;1741114908567;4969
3;1741114909358;4970
3;1741114910128;4971
9;1741114915159;12815
3;1741114918241;4972
9;1741114924649;12816
9;1741114927764;12817
9;1741114935788;12818
3;1741114937894;4973
9;1741114939008;12819
3;1741114940384;4974
3;1741114940752;4975
3;1741114948607;4976
9;1741114951726;12820
9;1741114952302;12821
3;1741114956912;4977
3;1741114958520;4978
9;1741114959913;12822
3;1741114960272;4979
3;1741114963067;4980
9;1741114965136;12823
3;1741114965181;4981
9;1741114970371;12824
3;1741114971070;4982
9;1741114971506;12825
9;1741114971622;12826
9;1741114980371;12827
9;1741114982362;12828
3;1741114983829;4983
3;1741114984601;4984
3;1741114986734;4985
3;1741114988953;4986
3;1741114989148;4987
9;1741114990569;12829
9;1741114991499;12830
3;1741114992784;4988
9;1741114996185;12831
9;1741114996497;12832
9;1741114999767;12833
9;1741115000221;12834
3;1741115001483;4989
9;1741115007667;12835
3;1741115011982;4990
3;1741115016420;4991
9;1741115019055;12836
3;1741115021208;4992
3;1741115025154;4993
9;1741115025219;12837
9;1741115032721;12838
9;1741115033469;12839
9;1741115039666;12840
9;1741115042149;12841
3;1741115045592;4994
3;1741115046194;4995
3;1741115047408;4996
9;1741115048323;12842
9;1741115048954;12843
3;1741115050034;4997
9;1741115052630;12844
3;1741115053367;4998
3;1741115055999;4999
9;1741115056886;12845
3;1741115059118;5000
9;1741115066241;12846
3;1741115067494;5001
3;1741115077884;5002
9;1741115078052;12847
9;1741115081889;12848
9;1741115086443;12849
3;1741115086991;5003
3;1741115089696;5004
9;1741115089745;12850
9;1741115093190;12851
3;1741115094289;5005
9;1741115096074;12852
3;1741115098421;5006
3;1741115101753;5007
3;1741115104898;5008
3;1741115107600;5009
9;1741115108618;12853
9;1741115112710;12854
9;1741115116497;12855
9;1741115125170;12856
3;1741115125363;5010
9;1741115128314;12857
3;1741115128843;5011
3;1741115129515;5012
9;1741115130717;12858
9;1741115131637;12859
9;1741115133589;12860
3;1741115135145;5013
9;1741115137567;12861
9;1741115143940;12862
3;1741115144502;5014
3;1741115145204;5015
3;1741115145881;5016
9;1741115148116;12863
3;1741115152102;5017
3;1741115155715;5018
3;1741115162376;5019
9;1741115162560;12864
3;1741115163643;5020
3;1741115165002;5021
9;1741115165296;12865
3;1741115171840;5022
3;1741115172784;5023
3;1741115179192;5024
9;1741115179236;12866
9;1741115179675;12867
9;1741115182882;12868
9;1741115186597;12869
9;1741115189245;12870
9;1741115190087;12871
3;1741115193985;5025
9;1741115199007;12872
9;1741115200353;12873
3;1741115200910;5026
3;1741115201757;5027
3;1741115208063;5028
9;1741115210406;12874
3;1741115210587;5029
3;1741115210744;5030
9;1741115214605;12875
3;1741115215862;5031
3;1741115218686;5032
9;1741115219739;12876
9;1741115222131;12877
3;1741115230243;5033
3;1741115231544;5034
9;1741115234056;12878
3;1741115235746;5035
9;1741115239950;12879
9;1741115240607;12880
3;1741115240763;5036
9;1741115245322;12881
3;1741115248030;5037
3;1741115248169;5038
9;1741115252310;12882
9;1741115260472;12883
3;1741115263303;5039
9;1741115264481;12884
9;1741115265357;12885
3;1741115267654;5040
3;1741115275078;5041
3;1741115275812;5042
3;1741115276495;5043
9;1741115277669;12886
9;1741115278750;12887
3;1741115282505;5044
9;1741115284556;12888
9;1741115285409;12889
3;1741115285640;5045
9;1741115288168;12890
9;1741115292852;12891
3;1741115299507;5046
3;1741115301278;5047
9;1741115303107;12892
3;1741115303842;5048
3;1741115307257;5049
3;1741115307558;5050
9;1741115310543;12893
9;1741115310973;12894
3;1741115319852;5051
9;1741115320388;12895
9;1741115320785;12896
3;1741115322598;5052
3;1741115322735;5053
3;1741115330370;5054
9;1741115332405;12897
9;1741115333741;12898
9;1741115335614;12899
3;1741115338818;5055
9;1741115340286;12900
9;1741115341953;12901
9;1741115344963;12902
3;1741115346575;5056
3;1741115351229;5057
3;1741115353327;5058
9;1741115353776;12903
3;1741115355744;5059
3;1741115359706;5060
9;1741115360856;12904
9;1741115361389;12905
9;1741115363304;12906
9;1741115366209;12907
3;1741115370690;5061
9;1741115382749;12908
9;1741115383448;12909
3;1741115384085;5062
9;1741115385430;12910
3;1741115386579;5063
3;1741115390188;5064
9;1741115392609;12911
3;1741115395685;5065
3;1741115399418;5066
3;1741115400759;5067
3;1741115402971;5068
3;1741115403486;5069
9;1741115404437;12912
3;1741115407602;5070
3;1741115408843;5071
9;1741115413232;12913
3;1741115413437;5072
9;1741115420607;12914
9;1741115420706;12915
9;1741115423769;12916
9;1741115429772;12917
3;1741115431846;5073
9;1741115433417;12918
9;1741115438643;12919
3;1741115438988;5074
9;1741115440591;12920
9;1741115441318;12921
3;1741115444089;5075
3;1741115445009;5076
3;1741115457428;5077
3;1741115458550;5078
9;1741115459812;12922
9;1741115460518;12923
3;1741115460712;5079
9;1741115462235;12924
3;1741115462447;5080
3;1741115463036;5081
9;1741115463696;12925
9;1741115465941;12926
9;1741115470406;12927
3;1741115470594;5082
9;1741115471344;12928
3;1741115475720;5083
9;1741115477218;12929
9;1741115480955;12930
3;1741115481437;5084
3;1741115490893;5085
3;1741115495443;5086
3;1741115495986;5087
3;1741115497363;5088
3;1741115499826;5089
9;1741115501413;12931
9;1741115502325;12932
3;1741115505543;5090
9;1741115505955;12933
9;1741115508975;12934
9;1741115512741;12935
9;1741115514989;12936
9;1741115519304;12937
3;1741115523284;5091
9;1741115525359;12938
9;1741115530085;12939
9;1741115533616;12940
3;1741115535206;5092
3;1741115536384;5093
9;1741115544136;12941
3;1741115544883;5094
3;1741115545453;5095
3;1741115547035;5096
9;1741115548781;12942
9;1741115550934;12943
3;1741115554267;5097
9;1741115555628;12944
9;1741115557961;12945
9;1741115559025;12946
3;1741115561579;5098
3;1741115568585;5099
3;1741115569010;5100
9;1741115573692;12947
9;1741115576340;12948
3;1741115577381;5101
3;1741115578892;5102
3;1741115579165;5103
3;1741115582255;5104
3;1741115585740;5105
3;1741115592930;5106
9;1741115593094;12949
9;1741115593706;12950
3;1741115595156;5107
9;1741115597044;12951
9;1741115599887;12952
3;1741115601473;5108
9;1741115604560;12953
9;1741115606609;12954
3;1741115608562;5109
3;1741115614409;5110
3;1741115615264;5111
9;1741115618497;12955
9;1741115619066;12956
9;1741115622294;12957
3;1741115626694;5112
3;1741115630288;5113
3;1741115630454;5114
3;1741115633314;5115
3;1741115633996;5116
9;1741115634638;12958
9;1741115638032;12959
9;1741115641609;12960
9;1741115641921;12961
9;1741115643944;12962
3;1741115644904;5117
9;1741115647505;12963
3;1741115648528;5118
9;1741115660725;12964
9;1741115662488;12965
3;1741115663029;5119
9;1741115666664;12966
3;1741115669284;5120
3;1741115672438;5121
3;1741115678083;5122
9;1741115678563;12967
9;1741115679516;12968
3;1741115679710;5123
9;1741115681401;12969
9;1741115682394;12970
3;1741115683195;5124
9;1741115691279;12971
3;1741115695495;5125
3;1741115695843;5126
3;1741115697296;5127
3;1741115699298;5128
9;1741115700223;12972
9;1741115701396;12973
3;1741115707266;5129
9;1741115707359;12974
3;1741115709268;5130
3;1741115711149;5131
9;1741115716510;12975
9;1741115717737;12976
3;1741115717952;5132
9;1741115725089;12977
3;1741115725762;5133
9;1741115732465;12978
3;1741115732988;5134
9;1741115733253;12979
3;1741115735500;5135
3;1741115739267;5136
9;1741115741970;12980
9;1741115746079;12981
9;1741115747268;12982
9;1741115750906;12983
9;1741115756132;12984
3;1741115757674;5137
3;1741115758864;5138
9;1741115766588;12985
9;1741115773218;12986
3;1741115773831;5139
3;1741115777367;5140
3;1741115778708;5141
3;1741115779223;5142
9;1741115780153;12987
9;1741115783952;12988
9;1741115784639;12989
3;1741115786468;5143
3;1741115789592;5144
3;1741115790539;5145
9;1741115795367;12990
3;1741115796008;5146
3;1741115798182;5147
9;1741115800023;12991
9;1741115801669;12992
9;1741115803966;12993
3;1741115804055;5148
9;1741115806920;12994
9;1741115811691;12995
3;1741115815251;5149
3;1741115816818;5150
3;1741115820937;5151
9;1741115821645;12996
9;1741115822641;12997
3;1741115822681;5152
3;1741115823131;5153
9;1741115828283;12998
9;1741115831522;12999
3;1741115831650;5154
9;1741115835248;13000
3;1741115837903;5155
9;1741115841807;13001
3;1741115844821;5156
3;1741115846513;5157
9;1741115851907;13002
3;1741115854543;5158
9;1741115855529;13003
9;1741115862235;13004
3;1741115866337;5159
3;1741115866534;5160
9;1741115867012;13005
9;1741115867998;13006
9;1741115873409;13007
3;1741115874552;5161
3;1741115880070;5162
3;1741115880755;5163
3;1741115882697;5164
3;1741115885184;5165
9;1741115887357;13008
9;1741115887448;13009
9;1741115888209;13010
3;1741115890915;5166
3;1741115892040;5167
9;1741115892912;13011
3;1741115893503;5168
9;1741115894055;13012
9;1741115894530;13013
3;1741115899675;5169
3;1741115900305;5170
9;1741115908466;13014
3;1741115917806;5171
9;1741115919527;13015
9;1741115919853;13016
3;1741115922168;5172
9;1741115922457;13017
3;1741115924670;5173
3;1741115931740;5174
3;1741115934295;5175
9;1741115939401;13018
3;1741115942098;5176
9;1741115942288;13019
9;1741115943377;13020
3;1741115946752;5177
9;1741115947138;13021
9;1741115950487;13022
3;1741115952727;5178
3;1741115954263;5179
9;1741115956198;13023
9;1741115957072;13024
3;1741115957651;5180
9;1741115964915;13025
9;1741115976646;13026
3;1741115976752;5181
3;1741115976916;5182
9;1741115978365;13027
3;1741115981389;5183
3;1741115981885;5184
9;1741115985005;13028
9;1741115985262;13029
3;1741115987089;5185
3;1741115987817;5186
9;1741115988710;13030
9;1741115992143;13031
3;1741115994414;5187
9;1741115997221;13032
9;1741116006463;13033
9;1741116008116;13034
9;1741116008681;13035
3;1741116012763;5188
3;1741116014448;5189
3;1741116015724;5190
9;1741116016340;13036
3;1741116018406;5191
3;1741116026798;5192
9;1741116028448;13037
3;1741116030426;5193
9;1741116033665;13038
9;1741116036371;13039
9;1741116036398;13040
9;1741116037558;13041
9;1741116041803;13042
9;1741116043511;13043
3;1741116044235;5194
3;1741116049633;5195
3;1741116051818;5196
9;1741116052908;13044
3;1741116053062;5197
3;1741116053731;5198
9;1741116060025;13045
3;1741116060914;5199
3;1741116063089;5200
3;1741116063842;5201
3;1741116070831;5202
3;1741116070988;5203
9;1741116071920;13046
9;1741116072947;13047
3;1741116075555;5204
9;1741116077809;13048
9;1741116078395;13049
9;1741116085684;13050
3;1741116087062;5205
3;1741116089574;5206
9;1741116094565;13051
9;1741116096636;13052
3;1741116100179;5207
9;1741116104902;13053
3;1741116106574;5208
3;1741116107270;5209
9;1741116111101;13054
9;1741116111309;13055
9;1741116113508;13056
9;1741116115609;13057
3;1741116123868;5210
3;1741116125715;5211
3;1741116126321;5212
3;1741116128283;5213
9;1741116129036;13058
3;1741116129887;5214
9;1741116145516;13059
9;1741116146351;13060
3;1741116147044;5215
9;1741116148719;13061
3;1741116149993;5216
3;1741116151895;5217
3;1741116152727;5218
9;1741116155256;13062
9;1741116155590;13063
9;1741116159397;13064
3;1741116159546;5219
3;1741116160583;5220
3;1741116163895;5221
9;1741116164058;13065
9;1741116164156;13066
3;1741116171017;5222
9;1741116172385;13067
3;1741116174946;5223
3;1741116179330;5224
3;1741116183345;5225
9;1741116184388;13068
9;1741116186424;13069
9;1741116189680;13070
3;1741116194232;5226
9;1741116198038;13071
3;1741116200196;5227
9;1741116201678;13072
9;1741116202745;13073
3;1741116204552;5228
3;1741116206482;5229
9;1741116207745;13074
9;1741116208679;13075
9;1741116216430;13076
3;1741116218094;5230
3;1741116219343;5231
9;1741116219521;13077
3;1741116228392;5232
9;1741116228843;13078
3;1741116229773;5233
9;1741116240898;13079
3;1741116243736;5234
3;1741116245615;5235
9;1741116245667;13080
9;1741116249525;13081
3;1741116249670;5236
9;1741116250464;13082
3;1741116250901;5237
9;1741116253909;13083
3;1741116256052;5238
9;1741116256092;13084
3;1741116259289;5239
3;1741116260069;5240
9;1741116269525;13085
3;1741116271332;5241
9;1741116275562;13086
9;1741116278665;13087
3;1741116280273;5242
3;1741116282438;5243
9;1741116284176;13088
9;1741116285320;13089
3;1741116289401;5244
3;1741116290693;5245
9;1741116294236;13090
9;1741116294750;13091
3;1741116295768;5246
3;1741116300064;5247
3;1741116302057;5248
9;1741116305031;13092
9;1741116307491;13093
9;1741116308597;13094
3;1741116308809;5249
3;1741116310167;5250
9;1741116311994;13095
9;1741116317822;13096
3;1741116318844;5251
3;1741116319109;5252
9;1741116323780;13097
3;1741116325253;5253
9;1741116326020;13098
3;1741116328373;5254
3;1741116328886;5255
9;1741116333752;13099
9;1741116334644;13100
9;1741116338031;13101
9;1741116340446;13102
3;1741116341845;5256
9;1741116349063;13103
3;1741116350317;5257
9;1741116351474;13104
9;1741116356916;13105
3;1741116357182;5258
9;1741116364210;13106
3;1741116366548;5259
3;1741116368572;5260
3;1741116369546;5261
9;1741116373156;13107
9;1741116375441;13108
3;1741116379099;5262
9;1741116383488;13109
3;1741116383746;5263
9;1741116384927;13110
3;1741116392612;5264
9;1741116393210;13111
9;1741116396802;13112
3;1741116397395;5265
9;1741116399055;13113
3;1741116402469;5266
3;1741116405357;5267
9;1741116408408;13114
3;1741116414143;5268
3;1741116414928;5269
3;1741116415529;5270
3;1741116418146;5271
9;1741116419503;13115
3;1741116422412;5272
3;1741116422895;5273
9;1741116425076;13116
9;1741116425437;13117
9;1741116427992;13118
3;1741116432416;5274
9;1741116439697;13119
9;1741116440135;13120
9;1741116444738;13121
3;1741116449285;5275
3;1741116449867;5276
9;1741116451753;13122
3;1741116453204;5277
9;1741116454033;13123
3;1741116457973;5278
9;1741116458771;13124
3;1741116461850;5279
3;1741116461916;5280
9;1741116464126;13125
9;1741116465047;13126
9;1741116465246;13127
9;1741116470082;13128
3;1741116473452;5281
3;1741116476787;5282
9;1741116482724;13129
9;1741116485091;13130
3;1741116490883;5283
3;1741116492150;5284
9;1741116493405;13131
3;1741116495982;5285
3;1741116497346;5286
3;1741116498107;5287
9;1741116499881;13132
3;1741116500729;5288
9;1741116502974;13133
3;1741116508148;5289
9;1741116512140;13134
3;1741116512451;5290
9;1741116513746;13135
3;1741116516156;5291
3;1741116516685;5292
9;1741116517860;13136
9;1741116530748;13137
3;1741116534122;5293
9;1741116537975;13138
9;1741116539331;13139
9;1741116539973;13140
9;1741116546876;13141
9;1741116547981;13142
3;1741116548855;5294
3;1741116552039;5295
3;1741116552336;5296
3;1741116557415;5297
3;1741116557519;5298
9;1741116560879;13143
9;1741116564596;13144
3;1741116564847;5299
9;1741116567332;13145
3;1741116570990;5300
3;1741116573181;5301
3;1741116575107;5302
9;1741116576712;13146
3;1741116577801;5303
9;1741116577850;13147
9;1741116578923;13148
9;1741116582173;13149
3;1741116583239;5304
9;1741116584077;13150
3;1741116584250;5305
9;1741116586288;13151
3;1741116586951;5306
9;1741116593631;13152
3;1741116600648;5307
9;1741116604196;13153
9;1741116605219;13154
3;1741116611126;5308
9;1741116612610;13155
3;1741116615268;5309
3;1741116622263;5310
9;1741116628967;13156
3;1741116629816;5311
3;1741116632124;5312
3;1741116634732;5313
9;1741116640445;13157
3;1741116641726;5314
9;1741116644547;13158
3;1741116644878;5315
3;1741116646674;5316
9;1741116649640;13159
9;1741116650897;13160
9;1741116651168;13161
3;1741116655206;5317
9;1741116657435;13162
9;1741116660330;13163
3;1741116661318;5318
3;1741116661570;5319
9;1741116667345;13164
9;1741116667415;13165
3;1741116667837;5320
9;1741116669157;13166
3;1741116669524;5321
9;1741116670704;13167
3;1741116672282;5322
9;1741116676508;13168
3;1741116677797;5323
3;1741116680107;5324
9;1741116684085;13169
9;1741116688599;13170
9;1741116690617;13171
9;1741116691590;13172
3;1741116693831;5325
3;1741116694732;5326
3;1741116697843;5327
9;1741116702453;13173
3;1741116702878;5328
9;1741116703436;13174
9;1741116709453;13175
9;1741116711802;13176
3;1741116711920;5329
3;1741116715122;5330
9;1741116717123;13177
3;1741116717279;5331
3;1741116725797;5332
9;1741116726808;13178
3;1741116735853;5333
9;1741116736961;13179
3;1741116738386;5334
3;1741116743266;5335
3;1741116745968;5336
3;1741116747619;5337
9;1741116747735;13180
3;1741116750614;5338
9;1741116753485;13181
9;1741116755247;13182
3;1741116757386;5339
3;1741116758497;5340
3;1741116760986;5341
9;1741116761579;13183
3;1741116763233;5342
9;1741116763297;13184
9;1741116766863;13185
9;1741116772912;13186
9;1741116773103;13187
3;1741116778737;5343
9;1741116784453;13188
3;1741116789614;5344
3;1741116789670;5345
9;1741116790017;13189
3;1741116793373;5346
9;1741116793683;13190
9;1741116793736;13191
9;1741116795167;13192
3;1741116795216;5347
3;1741116798933;5348
9;1741116804688;13193
9;1741116810556;13194
3;1741116812920;5349
9;1741116814582;13195
3;1741116815108;5350
9;1741116818196;13196
9;1741116818595;13197
3;1741116819918;5351
9;1741116820372;13198
3;1741116824184;5352
3;1741116829657;5353
3;1741116829914;5354
9;1741116835839;13199
3;1741116842207;5355
9;1741116842293;13200
9;1741116845701;13201
3;1741116850367;5356
3;1741116850445;5357
3;1741116850485;5358
3;1741116850934;5359
9;1741116855069;13202
3;1741116857239;5360
9;1741116858626;13203
9;1741116860472;13204
9;1741116868053;13205
3;1741116868456;5361
9;1741116869056;13206
3;1741116873790;5362
9;1741116875431;13207
3;1741116875864;5363
3;1741116879905;5364
3;1741116882950;5365
3;1741116883980;5366
3;1741116885273;5367
9;1741116889432;13208
9;1741116891884;13209
9;1741116895248;13210
9;1741116895800;13211
9;1741116899387;13212
9;1741116908501;13213
9;1741116908565;13214
3;1741116908779;5368
3;1741116917305;5369
3;1741116917443;5370
9;1741116919951;13215
3;1741116920662;5371
3;1741116920855;5372
9;1741116926561;13216
9;1741116927101;13217
3;1741116928399;5373
9;1741116933369;13218
9;1741116936119;13219
3;1741116938201;5374
3;1741116940286;5375
3;1741116943718;5376
9;1741116944109;13220
9;1741116944711;13221
9;1741116948936;13222
3;1741116956061;5377
9;1741116959613;13223
9;1741116960447;13224
3;1741116961472;5378
3;1741116964723;5379
9;1741116964803;13225
3;1741116965487;5380
3;1741116968182;5381
9;1741116968692;13226
3;1741116970046;5382
3;1741116972345;5383
9;1741116972961;13227
3;1741116975830;5384
9;1741116978719;13228
3;1741116990347;5385
9;1741116990531;13229
9;1741116990845;13230
9;1741116992642;13231
3;1741116993368;5386
9;1741116997992;13232
9;1741116999172;13233
9;1741117006833;13234
3;1741117007026;5387
9;1741117008086;13235
3;1741117008665;5388
3;1741117009856;5389
9;1741117010692;13236
3;1741117019968;5390
3;1741117021009;5391
3;1741117021477;5392
3;1741117022195;5393
9;1741117023492;13237
9;1741117027822;13238
3;1741117033063;5394
9;1741117033515;13239
9;1741117034782;13240
3;1741117035442;5395
9;1741117039405;13241
3;1741117044945;5396
9;1741117045525;13242
9;1741117046212;13243
3;1741117050906;5397
3;1741117056406;5398
9;1741117059162;13244
3;1741117062758;5399
9;1741117071579;13245
3;1741117073337;5400
3;1741117073622;5401
3;1741117076052;5402
3;1741117080260;5403
9;1741117080823;13246
9;1741117081571;13247
3;1741117085362;5404
9;1741117085796;13248
9;1741117087763;13249
3;1741117088510;5405
9;1741117091614;13250
9;1741117093356;13251
3;1741117095935;5406
3;1741117107571;5407
9;1741117108174;13252
3;1741117108342;5408
9;1741117110991;13253
3;1741117113204;5409
9;1741117115568;13254
3;1741117120424;5410
9;1741117124214;13255
3;1741117125409;5411
9;1741117127785;13256
3;1741117128777;5412
9;1741117131960;13257
3;1741117132231;5413
3;1741117132314;5414
9;1741117139795;13258
3;1741117140420;5415
9;1741117141229;13259
9;1741117145886;13260
3;1741117146166;5416
3;1741117148590;5417
9;1741117151660;13261
9;1741117152470;13262
3;1741117152505;5418
3;1741117157391;5419
3;1741117159948;5420
9;1741117160109;13263
9;1741117164114;13264
9;1741117164128;13265
9;1741117164316;13266
3;1741117169361;5421
9;1741117172102;13267
3;1741117174165;5422
9;1741117176774;13268
3;1741117182350;5423
3;1741117184068;5424
9;1741117184418;13269
9;1741117185388;13270
9;1741117190365;13271
9;1741117191354;13272
3;1741117193327;5425
9;1741117199281;13273
9;1741117200503;13274
3;1741117201498;5426
3;1741117203209;5427
3;1741117204957;5428
3;1741117206236;5429
9;1741117211724;13275
3;1741117219643;5430
9;1741117225036;13276
3;1741117226852;5431
3;1741117228656;5432
3;1741117230494;5433
9;1741117231792;13277
3;1741117233789;5434
9;1741117238018;13278
9;1741117240268;13279
9;1741117240587;13280
9;1741117245295;13281
3;1741117246804;5435
3;1741117247819;5436
3;1741117247840;5437
9;1741117249458;13282
3;1741117252362;5438
9;1741117254741;13283
9;1741117258992;13284
3;1741117269905;5439
3;1741117271870;5440
9;1741117273941;13285
3;1741117274236;5441
9;1741117274379;13286
9;1741117280138;13287
3;1741117284335;5442
3;1741117284440;5443
9;1741117284454;13288
3;1741117285198;5444
3;1741117287906;5445
9;1741117288219;13289
9;1741117289825;13290
9;1741117290708;13291
3;1741117291424;5446
9;1741117300228;13292
3;1741117301721;5447
9;1741117302291;13293
3;1741117302416;5448
9;1741117304856;13294
9;1741117312860;13295
3;1741117313834;5449
3;1741117316868;5450
3;1741117317910;5451
3;1741117317971;5452
9;1741117322353;13296
3;1741117322487;5453
9;1741117323107;13297
3;1741117325162;5454
9;1741117331787;13298
9;1741117333191;13299
9;1741117339428;13300
3;1741117342510;5455
9;1741117343352;13301
9;1741117343883;13302
9;1741117345016;13303
9;1741117348754;13304
9;1741117353451;13305
3;1741117353962;5456
3;1741117357212;5457
3;1741117360104;5458
3;1741117363865;5459
3;1741117372970;5460
3;1741117375499;5461
3;1741117376363;5462
9;1741117378395;13306
9;1741117380578;13307
3;1741117382772;5463
9;1741117384587;13308
3;1741117386875;5464
3;1741117387934;5465
9;1741117395671;13309
3;1741117398896;5466
9;1741117404019;13310
9;1741117406089;13311
9;1741117408332;13312
3;1741117408495;5467
3;1741117408709;5468
9;1741117408989;13313
9;1741117409171;13314
9;1741117410441;13315
3;1741117412961;5469
3;1741117415175;5470
9;1741117416185;13316
3;1741117420631;5471
3;1741117421194;5472
9;1741117422824;13317
3;1741117429665;5473
3;1741117435442;5474
9;1741117438346;13318
9;1741117439002;13319
9;1741117439359;13320
3;1741117445776;5475
9;1741117446030;13321
9;1741117448537;13322
9;1741117451039;13323
3;1741117452943;5476
9;1741117454267;13324
3;1741117460901;5477
9;1741117460928;13325
3;1741117460981;5478
3;1741117461667;5479
3;1741117467837;5480
9;1741117468811;13326
9;1741117471606;13327
3;1741117472319;5481
3;1741117473516;5482
3;1741117478048;5483
3;1741117484987;5484
9;1741117485407;13328
9;1741117486146;13329
3;1741117491069;5485
9;1741117496155;13330
9;1741117496304;13331
9;1741117496491;13332
9;1741117496609;13333
3;1741117502922;5486
3;1741117503499;5487
9;1741117511091;13334
3;1741117511729;5488
9;1741117512171;13335
3;1741117514520;5489
3;1741117515609;5490
9;1741117516700;13336
3;1741117520504;5491
9;1741117525047;13337
3;1741117528149;5492
9;1741117530168;13338
3;1741117532739;5493
9;1741117540224;13339
9;1741117540697;13340
3;1741117541322;5494
3;1741117542798;5495
3;1741117552305;5496
3;1741117559081;5497
9;1741117559732;13341
9;1741117562722;13342
9;1741117564204;13343
3;1741117564824;5498
3;1741117565254;5499
9;1741117565675;13344
3;1741117567739;5500
9;1741117568275;13345
9;1741117571569;13346
3;1741117573106;5501
3;1741117575838;5502
9;1741117576132;13347
9;1741117578218;13348
3;1741117578453;5503
3;1741117579076;5504
9;1741117582540;13349
9;1741117585427;13350
9;1741117585809;13351
3;1741117597537;5505
3;1741117600140;5506
3;1741117603938;5507
9;1741117608070;13352
3;1741117608514;5508
3;1741117609741;5509
9;1741117610747;13353
9;1741117611961;13354
3;1741117613262;5510
9;1741117614091;13355
9;1741117616844;13356
9;1741117620097;13357
3;1741117624182;5511
9;1741117624457;13358
3;1741117630202;5512
9;1741117632576;13359
3;1741117632753;5513
9;1741117635785;13360
3;1741117639134;5514
3;1741117641042;5515
3;1741117642553;5516
9;1741117654180;13361
9;1741117655569;13362
3;1741117656229;5517
3;1741117658137;5518
9;1741117663346;13363
9;1741117664794;13364
3;1741117668872;5519
9;1741117670286;13365
3;1741117670908;5520
9;1741117676545;13366
3;1741117676587;5521
3;1741117677785;5522
3;1741117678078;5523
3;1741117678501;5524
9;1741117679702;13367
9;1741117684949;13368
3;1741117684998;5525
3;1741117686482;5526
9;1741117689796;13369
9;1741117693231;13370
9;1741117696318;13371
9;1741117700862;13372
9;1741117709826;13373
3;1741117710684;5527
3;1741117710719;5528
9;1741117713036;13374
3;1741117713580;5529
3;1741117718701;5530
3;1741117719326;5531
9;1741117720779;13375
3;1741117721159;5532
9;1741117722258;13376
9;1741117725224;13377
9;1741117728125;13378
9;1741117731639;13379
3;1741117731774;5533
9;1741117735781;13380
9;1741117736855;13381
3;1741117738121;5534
3;1741117740783;5535
3;1741117741100;5536
3;1741117744675;5537
9;1741117746079;13382
3;1741117751344;5538
3;1741117751699;5539
9;1741117753662;13383
9;1741117753830;13384
3;1741117764087;5540
3;1741117767137;5541
9;1741117767231;13385
9;1741117770708;13386
3;1741117778218;5542
3;1741117779175;5543
9;1741117781219;13387
9;1741117781839;13388
3;1741117785400;5544
9;1741117788448;13389
9;1741117788674;13390
3;1741117794537;5545
9;1741117801327;13391
9;1741117803726;13392
9;1741117804690;13393
9;1741117807580;13394
9;1741117807685;13395
3;1741117808051;5546
3;1741117808828;5547
3;1741117811173;5548
3;1741117814512;5549
9;1741117816490;13396
3;1741117818054;5550
3;1741117822340;5551
3;1741117826834;5552
3;1741117827806;5553
3;1741117834152;5554
9;1741117834782;13397
9;1741117835330;13398
9;1741117836381;13399
9;1741117842067;13400
3;1741117849505;5555
3;1741117851401;5556
3;1741117851507;5557
9;1741117854440;13401
9;1741117856752;13402
9;1741117857722;13403
3;1741117859804;5558
9;1741117859936;13404
9;1741117861212;13405
3;1741117868737;5559
3;1741117872873;5560
3;1741117874205;5561
9;1741117874866;13406
9;1741117877639;13407
3;1741117878767;5562
9;1741117879571;13408
3;1741117880344;5563
9;1741117880875;13409
3;1741117883123;5564
9;1741117884033;13410
9;1741117885321;13411
3;1741117886441;5565
3;1741117889387;5566
9;1741117900158;13412
9;1741117900700;13413
9;1741117903685;13414
9;1741117905668;13415
3;1741117905875;5567
3;1741117906985;5568
3;1741117908850;5569
9;1741117910102;13416
3;1741117910668;5570
9;1741117911906;13417
3;1741117921308;5571
3;1741117922531;5572
9;1741117930348;13418
3;1741117931650;5573
3;1741117932743;5574
9;1741117933726;13419
9;1741117934945;13420
3;1741117936393;5575
9;1741117939108;13421
3;1741117940444;5576
3;1741117952474;5577
3;1741117953240;5578
9;1741117959954;13422
3;1741117960542;5579
3;1741117960980;5580
9;1741117962406;13423
3;1741117962932;5581
9;1741117964121;13424
9;1741117967868;13425
9;1741117968978;13426
3;1741117974451;5582
9;1741117975792;13427
9;1741117976199;13428
3;1741117979193;5583
3;1741117980012;5584
3;1741117981176;5585
9;1741117994928;13429
9;1741117996463;13430
9;1741117999742;13431
9;1741118000274;13432
9;1741118001520;13433
3;1741118004370;5586
3;1741118006990;5587
3;1741118007740;5588
9;1741118008441;13434
9;1741118009977;13435
9;1741118011226;13436
3;1741118020816;5589
3;1741118022802;5590
3;1741118023256;5591
9;1741118024496;13437
3;1741118026253;5592
3;1741118026827;5593
9;1741118033625;13438
9;1741118034277;13439
9;1741118037448;13440
3;1741118037758;5594
3;1741118037816;5595
9;1741118038507;13441
9;1741118043606;13442
9;1741118045598;13443
3;1741118051375;5596
9;1741118052541;13444
3;1741118053467;5597
9;1741118054468;13445
3;1741118063015;5598
9;1741118066071;13446
3;1741118066317;5599
3;1741118066330;5600
9;1741118080193;13447
3;1741118081460;5601
3;1741118081569;5602
3;1741118082914;5603
9;1741118082929;13448
9;1741118083311;13449
9;1741118083873;13450
3;1741118089006;5604
3;1741118092404;5605
3;1741118095463;5606
3;1741118097276;5607
9;1741118103443;13451
3;1741118104823;5608
9;1741118106424;13452
9;1741118111391;13453
9;1741118112623;13454
9;1741118116931;13455
9;1741118119395;13456
3;1741118120313;5609
3;1741118121353;5610
9;1741118122995;13457
9;1741118124383;13458
3;1741118125721;5611
3;1741118127464;5612
9;1741118129182;13459
9;1741118132980;13460
3;1741118134117;5613
3;1741118135466;5614
3;1741118137798;5615
9;1741118140902;13461
3;1741118147026;5616
3;1741118150449;5617
3;1741118152246;5618
9;1741118154060;13462
3;1741118158561;5619
9;1741118160198;13463
9;1741118163555;13464
3;1741118166420;5620
3;1741118167013;5621
3;1741118168182;5622
3;1741118173692;5623
9;1741118174894;13465
9;1741118177927;13466
9;1741118178998;13467
9;1741118179422;13468
3;1741118180876;5624
9;1741118184071;13469
3;1741118184821;5625
9;1741118191584;13470
9;1741118198724;13471
9;1741118200044;13472
9;1741118200348;13473
3;1741118200618;5626
3;1741118201601;5627
3;1741118202508;5628
9;1741118205114;13474
3;1741118205972;5629
9;1741118207824;13475
9;1741118209396;13476
3;1741118215414;5630
9;1741118224493;13477
3;1741118225481;5631
9;1741118228129;13478
3;1741118229103;5632
3;1741118233188;5633
9;1741118237407;13479
3;1741118240815;5634
3;1741118245942;5635
3;1741118246699;5636
9;1741118247416;13480
3;1741118249165;5637
9;1741118249947;13481
3;1741118251043;5638
9;1741118252077;13482
3;1741118254572;5639
9;1741118255679;13483
9;1741118256278;13484
9;1741118266225;13485
9;1741118271116;13486
3;1741118271320;5640
3;1741118276726;5641
9;1741118277084;13487
9;1741118278963;13488
3;1741118280388;5642
3;1741118280423;5643
9;1741118282456;13489
9;1741118282536;13490
3;1741118287562;5644
3;1741118293510;5645
9;1741118297899;13491
3;1741118300631;5646
9;1741118303011;13492
9;1741118304370;13493
3;1741118305052;5647
9;1741118308014;13494
3;1741118312943;5648
3;1741118315104;5649
9;1741118317447;13495
3;1741118317788;5650
3;1741118325454;5651
9;1741118325466;13496
3;1741118325598;5652
3;1741118328789;5653
9;1741118329229;13497
9;1741118336089;13498
3;1741118337031;5654
9;1741118337603;13499
3;1741118341383;5655
9;1741118341596;13500
9;1741118341982;13501
9;1741118342364;13502
9;1741118346123;13503
3;1741118348122;5656
3;1741118353550;5657
3;1741118356978;5658
3;1741118358720;5659
3;1741118359945;5660
3;1741118362005;5661
9;1741118363053;13504
9;1741118363861;13505
3;1741118365304;5662
9;1741118372279;13506
9;1741118373470;13507
3;1741118377943;5663
9;1741118381973;13508
9;1741118383052;13509
3;1741118385544;5664
9;1741118386006;13510
3;1741118390326;5665
3;1741118395383;5666
9;1741118396570;13511
3;1741118397279;5667
3;1741118405452;5668
9;1741118405630;13512
3;1741118407860;5669
3;1741118408523;5670
9;1741118408979;13513
9;1741118416350;13514
9;1741118418053;13515
3;1741118418199;5671
9;1741118418435;13516
9;1741118420588;13517
3;1741118426254;5672
3;1741118427466;5673
9;1741118432748;13518
3;1741118433990;5674
9;1741118435469;13519
9;1741118437061;13520
9;1741118439967;13521
9;1741118443467;13522
3;1741118444706;5675
9;1741118444962;13523
3;1741118452399;5676
3;1741118453863;5677
3;1741118461819;5678
9;1741118462466;13524
9;1741118463419;13525
3;1741118463454;5679
9;1741118463881;13526
3;1741118464450;5680
3;1741118464927;5681
9;1741118466265;13527
3;1741118482415;5682
3;1741118484606;5683
9;1741118484980;13528
3;1741118485011;5684
9;1741118485251;13529
3;1741118492082;5685
9;1741118492710;13530
9;1741118495366;13531
3;1741118495814;5686
9;1741118496455;13532
3;1741118497231;5687
9;1741118504374;13533
3;1741118504532;5688
3;1741118507303;5689
3;1741118512869;5690
9;1741118514141;13534
3;1741118515373;5691
3;1741118515637;5692
9;1741118516371;13535
3;1741118525008;5693
9;1741118525040;13536
3;1741118526080;5694
9;1741118529854;13537
9;1741118537621;13538
9;1741118541577;13539
3;1741118542860;5695
3;1741118542997;5696
9;1741118545703;13540
3;1741118548737;5697
3;1741118552808;5698
9;1741118554030;13541
9;1741118558108;13542
3;1741118558679;5699
9;1741118561656;13543
3;1741118563977;5700
9;1741118564870;13544
9;1741118565218;13545
9;1741118565837;13546
3;1741118568404;5701
9;1741118574453;13547
3;1741118575552;5702
9;1741118576980;13548
3;1741118577953;5703
9;1741118578242;13549
3;1741118580749;5704
9;1741118583051;13550
9;1741118586257;13551
3;1741118597776;5705
3;1741118599037;5706
9;1741118599392;13552
9;1741118602682;13553
9;1741118603512;13554
3;1741118608878;5707
3;1741118609551;5708
3;1741118610611;5709
3;1741118611619;5710
9;1741118612723;13555
9;1741118615503;13556
9;1741118616310;13557
9;1741118629168;13558
3;1741118631911;5711
3;1741118633251;5712
9;1741118633285;13559
3;1741118635379;5713
9;1741118638325;13560
3;1741118641883;5714
3;1741118643123;5715
3;1741118644242;5716
9;1741118648340;13561
3;1741118649477;5717
9;1741118650918;13562
3;1741118651633;5718
9;1741118656070;13563
9;1741118656884;13564
3;1741118658169;5719
3;1741118660943;5720
3;1741118663644;5721
9;1741118668200;13565
3;1741118671328;5722
9;1741118678949;13566
3;1741118681070;5723
9;1741118682709;13567
3;1741118683569;5724
9;1741118685619;13568
9;1741118685894;13569
3;1741118686264;5725
9;1741118687644;13570
3;1741118688458;5726
3;1741118690849;5727
9;1741118693223;13571
3;1741118694086;5728
9;1741118698165;13572
9;1741118699893;13573
3;1741118700531;5729
9;1741118703012;13574
9;1741118708081;13575
9;1741118709885;13576
3;1741118721440;5730
3;1741118721781;5731
9;1741118721814;13577
9;1741118721886;13578
3;1741118724124;5732
3;1741118726509;5733
3;1741118730322;5734
3;1741118736527;5735
9;1741118737032;13579
3;1741118742500;5736
3;1741118747881;5737
9;1741118748519;13580
9;1741118748631;13581
9;1741118748678;13582
3;1741118749055;5738
9;1741118757966;13583
3;1741118759210;5739
9;1741118760831;13584
9;1741118761188;13585
3;1741118764837;5740
3;1741118764968;5741
3;1741118765074;5742
9;1741118776957;13586
9;1741118777563;13587
9;1741118778938;13588
3;1741118779007;5743
9;1741118780141;13589
3;1741118783601;5744
9;1741118791020;13590
9;1741118791163;13591
9;1741118796865;13592
9;1741118798071;13593
9;1741118798749;13594
3;1741118800002;5745
3;1741118801127;5746
3;1741118802006;5747
3;1741118802859;5748
3;1741118809975;5749
3;1741118809985;5750
9;1741118811863;13595
9;1741118813994;13596
9;1741118815968;13597
3;1741118818767;5751
9;1741118819065;13598
3;1741118824325;5752
9;1741118826555;13599
9;1741118827010;13600
3;1741118827253;5753
9;1741118837939;13601
3;1741118838427;5754
3;1741118839791;5755
9;1741118843963;13602
9;1741118844126;13603
3;1741118848120;5756
3;1741118850468;5757
3;1741118856845;5758
3;1741118864600;5759
9;1741118868288;13604
3;1741118871587;5760
3;1741118871747;5761
9;1741118874431;13605
9;1741118875197;13606
9;1741118876898;13607
3;1741118878447;5762
9;1741118879281;13608
3;1741118879461;5763
9;1741118881101;13609
9;1741118884578;13610
9;1741118887784;13611
3;1741118889099;5764
3;1741118890082;5765
3;1741118899502;5766
3;1741118902593;5767
9;1741118907152;13612
9;1741118907177;13613
3;1741118909772;5768
3;1741118910723;5769
3;1741118910915;5770
9;1741118912032;13614
9;1741118913851;13615
9;1741118914236;13616
9;1741118920211;13617
9;1741118920782;13618
3;1741118923492;5771
3;1741118925064;5772
9;1741118927047;13619
9;1741118933724;13620
3;1741118936423;5773
9;1741118938895;13621
3;1741118939506;5774
3;1741118946633;5775
3;1741118951659;5776
3;1741118953565;5777
3;1741118958282;5778
3;1741118960658;5779
9;1741118961678;13622
9;1741118961920;13623
3;1741118963616;5780
9;1741118963745;13624
9;1741118964704;13625
3;1741118964754;5781
3;1741118965759;5782
9;1741118972187;13626
9;1741118972290;13627
3;1741118974954;5783
9;1741118977204;13628
3;1741118983656;5784
9;1741118986415;13629
3;1741118986482;5785
9;1741118986730;13630
3;1741118987859;5786
9;1741118988639;13631
9;1741118991057;13632
3;1741118997733;5787
3;1741119003279;5788
3;1741119006022;5789
9;1741119009926;13633
9;1741119011374;13634
9;1741119011575;13635
3;1741119018346;5790
3;1741119021123;5791
9;1741119022951;13636
9;1741119023165;13637
3;1741119026788;5792
3;1741119027558;5793
9;1741119028848;13638
9;1741119030747;13639
9;1741119031635;13640
3;1741119035268;5794
9;1741119037242;13641
3;1741119040119;5795
9;1741119040632;13642
3;1741119043090;5796
3;1741119047811;5797
3;1741119048072;5798
9;1741119054558;13643
3;1741119059625;5799
9;1741119060191;13644
3;1741119064201;5800
3;1741119064861;5801
9;1741119065450;13645
9;1741119068853;13646
3;1741119073647;5802
3;1741119074570;5803
3;1741119075428;5804
9;1741119077629;13647
9;1741119081978;13648
9;1741119086916;13649
3;1741119088030;5805
9;1741119088616;13650
9;1741119093710;13651
9;1741119097196;13652
9;1741119102103;13653
3;1741119103345;5806
9;1741119105649;13654
3;1741119110653;5807
9;1741119111057;13655
3;1741119116344;5808
3;1741119117438;5809
3;1741119118488;5810
3;1741119123746;5811
9;1741119124037;13656
3;1741119126320;5812
9;1741119126849;13657
3;1741119132013;5813
3;1741119134351;5814
3;1741119136309;5815
9;1741119137177;13658
9;1741119139389;13659
3;1741119140303;5816
9;1741119145406;13660
3;1741119146433;5817
9;1741119149218;13661
9;1741119149737;13662
9;1741119151424;13663
3;1741119155299;5818
3;1741119156837;5819
3;1741119158984;5820
9;1741119162692;13664
9;1741119164102;13665
9;1741119167730;13666
9;1741119167793;13667
3;1741119171834;5821
9;1741119172333;13668
3;1741119181632;5822
9;1741119185871;13669
9;1741119189362;13670
3;1741119189998;5823
9;1741119190046;13671
3;1741119190751;5824
3;1741119192282;5825
3;1741119192477;5826
9;1741119196533;13672
3;1741119198696;5827
3;1741119198746;5828
9;1741119201367;13673
9;1741119202899;13674
3;1741119203075;5829
9;1741119213404;13675
9;1741119217980;13676
9;1741119217988;13677
9;1741119219585;13678
3;1741119222469;5830
3;1741119223655;5831
9;1741119228838;13679
3;1741119234523;5832
3;1741119236148;5833
3;1741119238183;5834
9;1741119240677;13680
3;1741119244547;5835
3;1741119247964;5836
9;1741119253395;13681
9;1741119253780;13682
9;1741119254157;13683
3;1741119258017;5837
9;1741119261234;13684
3;1741119261787;5838
3;1741119263095;5839
9;1741119268663;13685
3;1741119272159;5840
9;1741119272731;13686
3;1741119274449;5841
3;1741119274661;5842
9;1741119277159;13687
3;1741119283155;5843
9;1741119287977;13688
3;1741119288513;5844
3;1741119289776;5845
9;1741119290572;13689
9;1741119293136;13690
9;1741119293341;13691
3;1741119294030;5846
9;1741119294670;13692
3;1741119298948;5847
9;1741119302700;13693
3;1741119302744;5848
3;1741119316775;5849
3;1741119318920;5850
9;1741119319057;13694
9;1741119319315;13695
9;1741119320439;13696
9;1741119321077;13697
3;1741119325081;5851
9;1741119326291;13698
3;1741119330332;5852
9;1741119330578;13699
3;1741119330808;5853
3;1741119334113;5854
9;1741119343281;13700
9;1741119343352;13701
9;1741119344202;13702
9;1741119344782;13703
3;1741119345424;5855
9;1741119346709;13704
3;1741119348718;5856
3;1741119361081;5857
9;1741119364999;13705
3;1741119365459;5858
3;1741119365591;5859
9;1741119366995;13706
3;1741119370392;5860
3;1741119373369;5861
3;1741119373668;5862
3;1741119374166;5863
9;1741119374716;13707
9;1741119380764;13708
3;1741119380844;5864
9;1741119381076;13709
3;1741119383396;5865
3;1741119385990;5866
3;1741119390134;5867
9;1741119390712;13710
3;1741119390915;5868
9;1741119392899;13711
9;1741119396959;13712
9;1741119405290;13713
9;1741119405303;13714
3;1741119405628;5869
9;1741119413931;13715
3;1741119415189;5870
9;1741119415265;13716
3;1741119417296;5871
3;1741119418094;5872
3;1741119419821;5873
9;1741119420087;13717
9;1741119426048;13718
9;1741119426836;13719
9;1741119431963;13720
9;1741119439873;13721
3;1741119440485;5874
3;1741119441265;5875
3;1741119441852;5876
9;1741119446477;13722
3;1741119449027;5877
3;1741119451531;5878
9;1741119454799;13723
9;1741119460192;13724
9;1741119464480;13725
3;1741119465239;5879
3;1741119468531;5880
3;1741119474100;5881
9;1741119476154;13726
9;1741119478127;13727
9;1741119480870;13728
3;1741119482896;5882
3;1741119485915;5883
3;1741119486792;5884
9;1741119486833;13729
3;1741119487981;5885
9;1741119490061;13730
9;1741119494392;13731
3;1741119494485;5886
9;1741119499236;13732
3;1741119502534;5887
9;1741119503488;13733
3;1741119504443;5888
9;1741119507979;13734
9;1741119509454;13735
3;1741119515393;5889
9;1741119520220;13736
3;1741119521282;5890
3;1741119522540;5891
9;1741119528103;13737
3;1741119528417;5892
9;1741119529672;13738
3;1741119533151;5893
9;1741119536137;13739
9;1741119538134;13740
9;1741119539737;13741
3;1741119542356;5894
9;1741119544330;13742
3;1741119544887;5895
3;1741119547291;5896
9;1741119552806;13743
3;1741119553581;5897
3;1741119554320;5898
3;1741119556012;5899
3;1741119560242;5900
3;1741119563922;5901
9;1741119565376;13744
9;1741119566637;13745
9;1741119567054;13746
9;1741119578780;13747
3;1741119578824;5902
9;1741119580977;13748
3;1741119581006;5903
3;1741119581907;5904
3;1741119586369;5905
3;1741119586636;5906
9;1741119590432;13749
9;1741119592293;13750
3;1741119596482;5907
9;1741119603050;13751
9;1741119606569;13752
9;1741119607551;13753
3;1741119608327;5908
9;1741119610453;13754
9;1741119611112;13755
9;1741119613185;13756
3;1741119614972;5909
3;1741119615814;5910
3;1741119617364;5911
3;1741119618079;5912
3;1741119621262;5913
3;1741119624090;5914
9;1741119624963;13757
9;1741119632827;13758
9;1741119633613;13759
3;1741119635007;5915
9;1741119636111;13760
9;1741119637233;13761
3;1741119639542;5916
9;1741119647005;13762
3;1741119651201;5917
3;1741119655747;5918
3;1741119655936;5919
3;1741119658147;5920
9;1741119658581;13763
9;1741119658759;13764
3;1741119663479;5921
9;1741119672679;13765
3;1741119673055;5922
9;1741119676256;13766
3;1741119678737;5923
9;1741119679639;13767
9;1741119680766;13768
3;1741119682753;5924
9;1741119683167;13769
3;1741119687894;5925
3;1741119688622;5926
9;1741119689825;13770
9;1741119695937;13771
9;1741119697125;13772
3;1741119698003;5927
9;1741119702169;13773
3;1741119704822;5928
9;1741119705152;13774
9;1741119705845;13775
3;1741119707195;5929
3;1741119712221;5930
9;1741119716203;13776
9;1741119721008;13777
3;1741119724510;5931
9;1741119725171;13778
3;1741119728730;5932
3;1741119733706;5933
9;1741119735874;13779
3;1741119737142;5934
3;1741119738265;5935
9;1741119744687;13780
9;1741119745364;13781
9;1741119747655;13782
9;1741119752415;13783
3;1741119753873;5936
3;1741119759722;5937
3;1741119759876;5938
9;1741119760212;13784
9;1741119760972;13785
3;1741119762757;5939
3;1741119764316;5940
9;1741119767231;13786
3;1741119767787;5941
3;1741119774102;5942
9;1741119774926;13787
3;1741119778275;5943
9;1741119778405;13788
9;1741119781781;13789
3;1741119782115;5944
9;1741119790813;13790
9;1741119793801;13791
9;1741119796063;13792
3;1741119796492;5945
9;1741119797843;13793
3;1741119798044;5946
3;1741119800857;5947
9;1741119809040;13794
9;1741119812694;13795
3;1741119813922;5948
3;1741119817933;5949
3;1741119819723;5950
3;1741119820118;5951
3;1741119822155;5952
9;1741119823025;13796
3;1741119825197;5953
3;1741119831008;5954
9;1741119835641;13797
9;1741119838191;13798
3;1741119838885;5955
9;1741119842487;13799
3;1741119843838;5956
9;1741119843886;13800
3;1741119845905;5957
9;1741119848488;13801
9;1741119851761;13802
9;1741119853913;13803
3;1741119860466;5958
9;1741119866371;13804
3;1741119866548;5959
3;1741119868922;5960
9;1741119869081;13805
3;1741119869627;5961
3;1741119869832;5962
3;1741119870707;5963
9;1741119874241;13806
3;1741119875405;5964
3;1741119878125;5965
9;1741119881672;13807
9;1741119882439;13808
9;1741119883789;13809
9;1741119889262;13810
9;1741119892289;13811
9;1741119897426;13812
9;1741119897919;13813
3;1741119899905;5966
9;1741119904345;13814
3;1741119904588;5967
3;1741119906249;5968
3;1741119908453;5969
9;1741119908694;13815
9;1741119911999;13816
3;1741119914557;5970
9;1741119923023;13817
3;1741119924673;5971
3;1741119925886;5972
3;1741119926524;5973
3;1741119931658;5974
3;1741119939733;5975
9;1741119941230;13818
9;1741119942506;13819
3;1741119949161;5976
9;1741119949460;13820
9;1741119952886;13821
9;1741119954431;13822
9;1741119955352;13823
3;1741119957023;5977
3;1741119957150;5978
3;1741119958253;5979
9;1741119960720;13824
3;1741119961766;5980
9;1741119965734;13825
9;1741119970782;13826
9;1741119973071;13827
9;1741119975163;13828
3;1741119979016;5981
9;1741119979742;13829
3;1741119979914;5982
3;1741119982464;5983
9;1741119987311;13830
9;1741119991925;13831
3;1741119994134;5984
9;1741119995813;13832
3;1741119996217;5985
3;1741119996973;5986
3;1741119997195;5987
3;1741120001849;5988
9;1741120005171;13833
9;1741120012655;13834
9;1741120017768;13835
3;1741120019191;5989
3;1741120019783;5990
3;1741120019939;5991
3;1741120021671;5992
9;1741120024264;13836
9;1741120026061;13837
3;1741120029728;5993
9;1741120031154;13838
3;1741120033872;5994
3;1741120040999;5995
3;1741120041330;5996
3;1741120042775;5997
9;1741120046632;13839
3;1741120052743;5998
9;1741120053031;13840
9;1741120055091;13841
3;1741120055494;5999
9;1741120059246;13842
9;1741120062120;13843
3;1741120062247;6000
3;1741120066393;6001
9;1741120068717;13844
3;1741120071296;6002
9;1741120071898;13845
9;1741120074763;13846
3;1741120074851;6003
3;1741120076486;6004
9;1741120078859;13847
9;1741120079152;13848
3;1741120079828;6005
3;1741120087185;6006
9;1741120089387;13849
9;1741120090437;13850
9;1741120090520;13851
3;1741120091937;6007
9;1741120093315;13852
3;1741120094799;6008
9;1741120100602;13853
9;1741120103899;13854
3;1741120104087;6009
9;1741120107483;13855
3;1741120107846;6010
9;1741120107942;13856
9;1741120110157;13857
3;1741120110488;6011
3;1741120121684;6012
9;1741120124596;13858
3;1741120125556;6013
3;1741120129820;6014
3;1741120131299;6015
3;1741120139708;6016
9;1741120140936;13859
9;1741120143842;13860
3;1741120146007;6017
9;1741120146791;13861
3;1741120147199;6018
3;1741120151150;6019
9;1741120151336;13862
9;1741120152239;13863
9;1741120154126;13864
3;1741120163975;6020
9;1741120164954;13865
9;1741120167602;13866
3;1741120169874;6021
3;1741120175160;6022
9;1741120179785;13867
9;1741120180558;13868
3;1741120180573;6023
9;1741120181433;13869
3;1741120186428;6024
3;1741120187753;6025
3;1741120189316;6026
9;1741120190171;13870
9;1741120192722;13871
3;1741120194923;6027
3;1741120196547;6028
9;1741120202200;13872
9;1741120203462;13873
9;1741120208014;13874
9;1741120213242;13875
3;1741120215907;6029
3;1741120216759;6030
3;1741120217727;6031
9;1741120221099;13876
9;1741120227286;13877
9;1741120228045;13878
3;1741120229861;6032
3;1741120232942;6033
3;1741120233119;6034
9;1741120235801;13879
9;1741120242252;13880
3;1741120242902;6035
3;1741120246487;6036
9;1741120246895;13881
3;1741120249358;6037
3;1741120251021;6038
9;1741120251186;13882
9;1741120251957;13883
9;1741120253957;13884
3;1741120258188;6039
3;1741120258519;6040
3;1741120265485;6041
9;1741120268931;13885
9;1741120275074;13886
9;1741120280801;13887
3;1741120281765;6042
3;1741120281782;6043
9;1741120282686;13888
3;1741120283498;6044
3;1741120287120;6045
9;1741120289265;13889
9;1741120289587;13890
3;1741120291823;6046
9;1741120292794;13891
3;1741120297934;6047
9;1741120299003;13892
9;1741120300867;13893
3;1741120301331;6048
9;1741120308095;13894
3;1741120310056;6049
9;1741120312067;13895
3;1741120312704;6050
3;1741120314803;6051
9;1741120325162;13896
9;1741120327031;13897
3;1741120330773;6052
3;1741120331372;6053
9;1741120332470;13898
3;1741120334506;6054
3;1741120339378;6055
9;1741120339626;13899
3;1741120342497;6056
9;1741120347396;13900
9;1741120351992;13901
3;1741120353323;6057
3;1741120354480;6058
9;1741120355042;13902
9;1741120358091;13903
3;1741120359790;6059
3;1741120360853;6060
9;1741120362994;13904
9;1741120368083;13905
9;1741120374313;13906
9;1741120374813;13907
9;1741120375216;13908
9;1741120375693;13909
3;1741120378369;6061
3;1741120386628;6062
3;1741120386840;6063
3;1741120388186;6064
3;1741120388201;6065
3;1741120392300;6066
9;1741120394943;13910
9;1741120396517;13911
9;1741120404344;13912
9;1741120406830;13913
9;1741120413374;13914
9;1741120413958;13915
3;1741120414662;6067
3;1741120415626;6068
9;1741120417129;13916
9;1741120417978;13917
3;1741120419103;6069
3;1741120422593;6070
3;1741120425905;6071
9;1741120429698;13918
3;1741120430950;6072
3;1741120433142;6073
9;1741120434769;13919
9;1741120436992;13920
3;1741120443194;6074
3;1741120444693;6075
3;1741120446632;6076
3;1741120450844;6077
9;1741120454587;13921
9;1741120455783;13922
9;1741120456425;13923
9;1741120458011;13924
9;1741120458414;13925
9;1741120458497;13926
3;1741120460415;6078
3;1741120464357;6079
3;1741120466050;6080
3;1741120467376;6081
9;1741120472598;13927
3;1741120475373;6082
9;1741120477631;13928
3;1741120477713;6083
3;1741120478532;6084
9;1741120488119;13929
3;1741120490029;6085
9;1741120492425;13930
9;1741120496172;13931
3;1741120501380;6086
9;1741120502009;13932
3;1741120502816;6087
3;1741120504539;6088
9;1741120506713;13933
9;1741120509177;13934
9;1741120512382;13935
9;1741120515753;13936
3;1741120517562;6089
3;1741120525000;6090
3;1741120525468;6091
3;1741120526284;6092
3;1741120527960;6093
3;1741120528479;6094
9;1741120529720;13937
9;1741120530906;13938
3;1741120533305;6095
9;1741120536513;13939
3;1741120537776;6096
9;1741120542545;13940
3;1741120542651;6097
9;1741120548647;13941
9;1741120549927;13942
9;1741120551584;13943
3;1741120552443;6098
9;1741120555313;13944
9;1741120556052;13945
9;1741120556073;13946
3;1741120557173;6099
3;1741120566364;6100
3;1741120573215;6101
3;1741120573748;6102
3;1741120575520;6103
3;1741120578889;6104
9;1741120582878;13947
9;1741120583749;13948
3;1741120586034;6105
3;1741120589396;6106
9;1741120593243;13949
9;1741120596814;13950
3;1741120599593;6107
9;1741120599639;13951
3;1741120601588;6108
9;1741120605040;13952
9;1741120609564;13953
3;1741120610553;6109
9;1741120610911;13954
3;1741120612590;6110
9;1741120613882;13955
3;1741120615152;6111
3;1741120620981;6112
9;1741120621606;13956
9;1741120622611;13957
9;1741120628976;13958
3;1741120630036;6113
3;1741120632385;6114
9;1741120636420;13959
3;1741120636796;6115
9;1741120646212;13960
9;1741120647164;13961
3;1741120649205;6116
9;1741120650959;13962
3;1741120652704;6117
9;1741120653244;13963
9;1741120654816;13964
3;1741120657704;6118
3;1741120658400;6119
3;1741120662907;6120
9;1741120662916;13965
9;1741120663996;13966
3;1741120666100;6121
9;1741120680473;13967
3;1741120682041;6122
9;1741120683414;13968
9;1741120684464;13969
3;1741120685458;6123
3;1741120685526;6124
3;1741120687382;6125
3;1741120689134;6126
9;1741120689533;13970
9;1741120693882;13971
3;1741120696141;6127
3;1741120696309;6128
3;1741120707819;6129
3;1741120708767;6130
9;1741120710454;13972
9;1741120716611;13973
9;1741120720013;13974
3;1741120721681;6131
3;1741120722651;6132
3;1741120723032;6133
3;1741120726484;6134
9;1741120726927;13975
9;1741120726973;13976
9;1741120727293;13977
9;1741120728200;13978
3;1741120734752;6135
9;1741120735210;13979
9;1741120735960;13980
3;1741120737770;6136
9;1741120742012;13981
3;1741120742519;6137
9;1741120754444;13982
3;1741120756105;6138
9;1741120759565;13983
3;1741120759581;6139
9;1741120760702;13984
3;1741120760879;6140
3;1741120765216;6141
9;1741120766731;13985
9;1741120773008;13986
3;1741120773779;6142
9;1741120779976;13987
3;1741120780304;6143
9;1741120781570;13988
9;1741120782474;13989
9;1741120786027;13990
3;1741120789719;6144
3;1741120790560;6145
9;1741120792245;13991
3;1741120795043;6146
3;1741120797001;6147
3;1741120800614;6148
9;1741120806666;13992
3;1741120809988;6149
9;1741120813545;13993
9;1741120814396;13994
9;1741120814525;13995
3;1741120819801;6150
3;1741120820265;6151
3;1741120823368;6152
9;1741120823996;13996
3;1741120827287;6153
9;1741120829051;13997
3;1741120831315;6154
3;1741120837806;6155
9;1741120837934;13998
9;1741120838740;13999
3;1741120840122;6156
9;1741120844689;14000
9;1741120848867;14001
9;1741120851113;14002
9;1741120856757;14003
9;1741120857302;14004
3;1741120860746;6157
3;1741120864103;6158
3;1741120864741;6159
9;1741120866698;14005
3;1741120867664;6160
3;1741120870504;6161
9;1741120875711;14006
9;1741120881979;14007
9;1741120882966;14008
3;1741120883117;6162
3;1741120885866;6163
3;1741120886309;6164
3;1741120889091;6165
3;1741120889234;6166
9;1741120892320;14009
3;1741120893311;6167
9;1741120894780;14010
3;1741120899843;6168
9;1741120900185;14011
9;1741120901550;14012
9;1741120903422;14013
9;1741120904317;14014
9;1741120911916;14015
3;1741120915361;6169
9;1741120915751;14016
3;1741120917527;6170
3;1741120921104;6171
9;1741120921166;14017
9;1741120922370;14018
9;1741120927900;14019
3;1741120932738;6172
3;1741120935684;6173
3;1741120935915;6174
9;1741120936215;14020
9;1741120938218;14021
9;1741120943138;14022
3;1741120943344;6175
3;1741120945312;6176
3;1741120948336;6177
9;1741120950853;14023
9;1741120955822;14024
3;1741120958541;6178
9;1741120960056;14025
3;1741120962593;6179
9;1741120967103;14026
3;1741120968190;6180
3;1741120971622;6181
3;1741120971876;6182
9;1741120974371;14027
3;1741120976760;6183
9;1741120979986;14028
9;1741120983975;14029
3;1741120984726;6184
3;1741120987446;6185
9;1741120988767;14030
9;1741120989528;14031
9;1741120995996;14032
3;1741120996671;6186
3;1741120996970;6187
3;1741121002782;6188
9;1741121004125;14033
9;1741121012668;14034
3;1741121014197;6189
3;1741121014388;6190
9;1741121017182;14035
3;1741121021545;6191
3;1741121022159;6192
3;1741121024329;6193
9;1741121032634;14036
9;1741121032883;14037
9;1741121034798;14038
9;1741121036451;14039
9;1741121038563;14040
3;1741121040343;6194
9;1741121044141;14041
3;1741121044299;6195
9;1741121045419;14042
3;1741121046329;6196
3;1741121047216;6197
3;1741121047672;6198
9;1741121047819;14043
9;1741121051544;14044
9;1741121056327;14045
3;1741121060341;6199
9;1741121061543;14046
9;1741121065995;14047
9;1741121071429;14048
3;1741121073038;6200
3;1741121073879;6201
9;1741121076839;14049
3;1741121077025;6202
3;1741121081517;6203
3;1741121088524;6204
9;1741121088895;14050
3;1741121091206;6205
9;1741121091575;14051
9;1741121095861;14052
9;1741121096682;14053
9;1741121102537;14054
3;1741121103928;6206
3;1741121104123;6207
3;1741121104277;6208
3;1741121110049;6209
3;1741121111643;6210
3;1741121111662;6211
9;1741121112013;14055
9;1741121113111;14056
3;1741121119138;6212
9;1741121119874;14057
3;1741121122744;6213
3;1741121126920;6214
9;1741121134129;14058
9;1741121136920;14059
9;1741121143315;14060
3;1741121148763;6215
3;1741121150242;6216
3;1741121151185;6217
3;1741121151256;6218
9;1741121157190;14061
9;1741121159193;14062
3;1741121160940;6219
9;1741121161445;14063
3;1741121164878;6220
9;1741121165525;14064
3;1741121167310;6221
9;1741121171827;14065
3;1741121178274;6222
3;1741121178913;6223
9;1741121180348;14066
9;1741121181325;14067
3;1741121181991;6224
9;1741121184833;14068
9;1741121190755;14069
9;1741121196855;14070
3;1741121197022;6225
9;1741121197480;14071
3;1741121198260;6226
9;1741121199161;14072
9;1741121204428;14073
3;1741121207231;6227
3;1741121207526;6228
3;1741121209724;6229
3;1741121210628;6230
9;1741121214608;14074
9;1741121215986;14075
9;1741121216954;14076
3;1741121222250;6231
9;1741121227133;14077
3;1741121229750;6232
3;1741121234480;6233
3;1741121234626;6234
3;1741121235893;6235
3;1741121236154;6236
9;1741121236752;14078
9;1741121237763;14079
9;1741121240485;14080
9;1741121241212;14081
9;1741121241318;14082
3;1741121244055;6237
3;1741121244669;6238
9;1741121249396;14083
9;1741121257899;14084
3;1741121258603;6239
3;1741121263341;6240
3;1741121268929;6241
9;1741121271517;14085
9;1741121272412;14086
3;1741121275577;6242
3;1741121276915;6243
9;1741121283087;14087
9;1741121283332;14088
9;1741121284989;14089
9;1741121292527;14090
3;1741121292695;6244
9;1741121293377;14091
3;1741121294732;6245
9;1741121300867;14092
3;1741121303345;6246
9;1741121303683;14093
3;1741121305707;6247
3;1741121307429;6248
9;1741121308997;14094
3;1741121311580;6249
3;1741121312943;6250
9;1741121323348;14095
9;1741121323581;14096
9;1741121325866;14097
9;1741121326031;14098
3;1741121329767;6251
9;1741121336328;14099
3;1741121338798;6252
9;1741121339083;14100
3;1741121339238;6253
9;1741121341415;14101
3;1741121343524;6254
3;1741121345188;6255
3;1741121345609;6256
9;1741121350779;14102
3;1741121357949;6257
9;1741121358794;14103
9;1741121361256;14104
3;1741121361447;6258
3;1741121361775;6259
9;1741121364865;14105
3;1741121365591;6260
9;1741121366721;14106
3;1741121368770;6261
9;1741121370853;14107
9;1741121376212;14108
3;1741121381322;6262
3;1741121384645;6263
9;1741121387258;14109
3;1741121388988;6264
3;1741121390851;6265
9;1741121392500;14110
9;1741121393842;14111
9;1741121394676;14112
3;1741121397097;6266
3;1741121408685;6267
9;1741121409290;14113
3;1741121412487;6268
3;1741121413379;6269
9;1741121413405;14114
3;1741121415426;6270
9;1741121416063;14115
3;1741121416755;6271
9;1741121418353;14116
9;1741121423557;14117
9;1741121429095;14118
9;1741121434543;14119
3;1741121436300;6272
9;1741121437221;14120
3;1741121439723;6273
3;1741121441313;6274
3;1741121443360;6275
3;1741121447402;6276
9;1741121451269;14121
3;1741121451535;6277
9;1741121452304;14122
3;1741121455282;6278
9;1741121462467;14123
3;1741121462904;6279
9;1741121469485;14124
9;1741121470544;14125
9;1741121470557;14126
3;1741121473314;6280
9;1741121473337;14127
9;1741121473479;14128
3;1741121473709;6281
3;1741121476497;6282
3;1741121479946;6283
3;1741121482097;6284
9;1741121487975;14129
9;1741121493788;14130
9;1741121494707;14131
9;1741121495982;14132
3;1741121497412;6285
9;1741121497856;14133
3;1741121500135;6286
3;1741121502075;6287
9;1741121507443;14134
3;1741121509210;6288
3;1741121510697;6289
3;1741121515149;6290
3;1741121519890;6291
9;1741121523148;14135
3;1741121523675;6292
9;1741121524064;14136
9;1741121524895;14137
9;1741121527437;14138
9;1741121530158;14139
3;1741121530652;6293
3;1741121533466;6294
3;1741121533641;6295
9;1741121534949;14140
3;1741121541264;6296
9;1741121548039;14141
9;1741121551031;14142
9;1741121554150;14143
3;1741121555064;6297
9;1741121556150;14144
9;1741121560195;14145
3;1741121560589;6298
3;1741121564196;6299
3;1741121568810;6300
9;1741121569099;14146
3;1741121574072;6301
9;1741121575224;14147
3;1741121575556;6302
9;1741121576434;14148
9;1741121578737;14149
3;1741121578926;6303
3;1741121581052;6304
3;1741121581854;6305
9;1741121587916;14150
9;1741121588321;14151
9;1741121590879;14152
3;1741121597710;6306
9;1741121599175;14153
3;1741121599202;6307
3;1741121601114;6308
3;1741121603497;6309
9;1741121611368;14154
9;1741121611660;14155
3;1741121616570;6310
3;1741121618280;6311
9;1741121618612;14156
3;1741121619822;6312
9;1741121620769;14157
9;1741121621540;14158
3;1741121626322;6313
3;1741121626637;6314
3;1741121626814;6315
9;1741121627591;14159
9;1741121631341;14160
9;1741121633352;14161
9;1741121638134;14162
9;1741121643724;14163
3;1741121648285;6316
9;1741121649592;14164
9;1741121658011;14165
3;1741121658790;6317
3;1741121659903;6318
9;1741121660342;14166
3;1741121661189;6319
3;1741121668946;6320
3;1741121669970;6321
9;1741121670683;14167
3;1741121675318;6322
9;1741121675855;14168
9;1741121681647;14169
3;1741121683833;6323
3;1741121687279;6324
3;1741121688045;6325
3;1741121692222;6326
3;1741121697129;6327
9;1741121697934;14170
3;1741121700428;6328
3;1741121700542;6329
9;1741121701250;14171
9;1741121701615;14172
3;1741121702275;6330
9;1741121702816;14173
9;1741121705545;14174
9;1741121711746;14175
3;1741121712314;6331
9;1741121715506;14176
9;1741121718909;14177
9;1741121720291;14178
3;1741121724040;6332
9;1741121731038;14179
3;1741121738624;6333
3;1741121739524;6334
9;1741121740315;14180
9;1741121741991;14181
3;1741121745990;6335
3;1741121746463;6336
3;1741121748099;6337
3;1741121750956;6338
9;1741121751362;14182
9;1741121751491;14183
9;1741121752775;14184
3;1741121754153;6339
3;1741121755273;6340
9;1741121758227;14185
3;1741121764732;6341
9;1741121771539;14186
9;1741121774894;14187
9;1741121777785;14188
3;1741121786818;6342
3;1741121786836;6343
3;1741121790652;6344
9;1741121791106;14189
9;1741121792229;14190
9;1741121792250;14191
3;1741121797695;6345
9;1741121798790;14192
3;1741121800219;6346
3;1741121801753;6347
9;1741121802599;14193
9;1741121803138;14194
3;1741121806424;6348
3;1741121809387;6349
3;1741121814165;6350
9;1741121816713;14195
3;1741121820723;6351
3;1741121825368;6352
3;1741121827529;6353
9;1741121828366;14196
9;1741121832421;14197
9;1741121835503;14198
9;1741121835681;14199
3;1741121836610;6354
9;1741121837124;14200
3;1741121840467;6355
9;1741121845865;14201
3;1741121848612;6356
3;1741121852106;6357
9;1741121853222;14202
3;1741121857150;6358
9;1741121858230;14203
9;1741121858816;14204
9;1741121861804;14205
9;1741121862598;14206
3;1741121867385;6359
3;1741121868289;6360
3;1741121869583;6361
3;1741121881194;6362
3;1741121883262;6363
3;1741121885437;6364
9;1741121888461;14207
3;1741121888990;6365
9;1741121889277;14208
9;1741121891238;14209
9;1741121893913;14210
3;1741121895435;6366
9;1741121897031;14211
9;1741121900605;14212
9;1741121902607;14213
3;1741121903231;6367
9;1741121912035;14214
9;1741121913150;14215
3;1741121913854;6368
3;1741121915379;6369
3;1741121919923;6370
9;1741121922536;14216
9;1741121925431;14217
3;1741121925950;6371
9;1741121930747;14218
9;1741121931309;14219
9;1741121935348;14220
3;1741121935578;6372
9;1741121936691;14221
3;1741121936717;6373
9;1741121936880;14222
3;1741121950288;6374
3;1741121955002;6375
3;1741121957534;6376
3;1741121957611;6377
9;1741121961641;14223
3;1741121964143;6378
3;1741121964940;6379
3;1741121966574;6380
9;1741121968483;14224
9;1741121970189;14225
3;1741121970874;6381
9;1741121972493;14226
9;1741121972761;14227
9;1741121973146;14228
9;1741121974584;14229
3;1741121979858;6382
3;1741121983200;6383
3;1741121984723;6384
3;1741121987255;6385
9;1741121989450;14230
3;1741121992063;6386
3;1741121997595;6387
9;1741121997912;14231
9;1741121998603;14232
9;1741122002692;14233
3;1741122003542;6388
3;1741122006579;6389
9;1741122011976;14234
9;1741122012572;14235
9;1741122012686;14236
3;1741122016443;6390
3;1741122022057;6391
9;1741122026978;14237
3;1741122029229;6392
3;1741122030128;6393
9;1741122030477;14238
9;1741122031302;14239
9;1741122039101;14240
9;1741122040597;14241
3;1741122043989;6394
3;1741122045039;6395
3;1741122046447;6396
3;1741122047972;6397
9;1741122052855;14242
9;1741122053457;14243
3;1741122059104;6398
3;1741122062138;6399
3;1741122064781;6400
9;1741122065388;14244
9;1741122065805;14245
9;1741122070640;14246
3;1741122071031;6401
9;1741122071115;14247
3;1741122078091;6402
3;1741122078386;6403
9;1741122081350;14248
3;1741122082951;6404
9;1741122083809;14249
9;1741122094454;14250
3;1741122094616;6405
3;1741122095995;6406
9;1741122096876;14251
3;1741122097504;6407
3;1741122098251;6408
9;1741122102731;14252
3;1741122105600;6409
9;1741122108522;14253
9;1741122116824;14254
3;1741122121219;6410
9;1741122121738;14255
9;1741122122221;14256
3;1741122122985;6411
9;1741122123581;14257
9;1741122126984;14258
3;1741122129398;6412
3;1741122130585;6413
3;1741122133820;6414
3;1741122135185;6415
3;1741122138420;6416
9;1741122140314;14259
9;1741122144535;14260
9;1741122145106;14261
3;1741122151044;6417
3;1741122156018;6418
9;1741122156699;14262
9;1741122160755;14263
3;1741122161726;6419
9;1741122161859;14264
9;1741122164613;14265
9;1741122166761;14266
9;1741122168543;14267
9;1741122170467;14268
3;1741122170570;6420
3;1741122171911;6421
9;1741122173895;14269
9;1741122175099;14270
3;1741122179896;6422
9;1741122181646;14271
3;1741122187272;6423
3;1741122189424;6424
3;1741122189666;6425
3;1741122192693;6426
3;1741122193901;6427
9;1741122199170;14272
9;1741122199759;14273
3;1741122200933;6428
3;1741122203737;6429
9;1741122206213;14274
9;1741122209007;14275
9;1741122220917;14276
3;1741122223284;6430
9;1741122225336;14277
3;1741122225382;6431
3;1741122234704;6432
3;1741122236778;6433
3;1741122240882;6434
9;1741122242439;14278
3;1741122243678;6435
3;1741122244445;6436
9;1741122245031;14279
9;1741122245548;14280
3;1741122252528;6437
9;1741122252893;14281
9;1741122254613;14282
3;1741122255197;6438
9;1741122255765;14283
9;1741122258860;14284
9;1741122261608;14285
3;1741122265008;6439
9;1741122269576;14286
9;1741122270284;14287
9;1741122271103;14288
3;1741122273803;6440
3;1741122274942;6441
9;1741122283679;14289
3;1741122285857;6442
3;1741122286271;6443
3;1741122287133;6444
9;1741122287607;14290
3;1741122288864;6445
3;1741122295113;6446
3;1741122295188;6447
3;1741122296141;6448
9;1741122298217;14291
9;1741122301114;14292
3;1741122303883;6449
3;1741122308563;6450
9;1741122311251;14293
9;1741122314009;14294
9;1741122318259;14295
9;1741122322019;14296
9;1741122322459;14297
3;1741122326550;6451
9;1741122331047;14298
9;1741122331473;14299
9;1741122333563;14300
3;1741122334763;6452
3;1741122337090;6453
3;1741122337407;6454
3;1741122340493;6455
3;1741122345590;6456
9;1741122346328;14301
3;1741122347244;6457
9;1741122353000;14302
3;1741122354489;6458
9;1741122355164;14303
3;1741122355428;6459
3;1741122357078;6460
9;1741122359856;14304
9;1741122359961;14305
9;1741122361335;14306
9;1741122361362;14307
3;1741122367140;6461
3;1741122367878;6462
3;1741122369649;6463
3;1741122370583;6464
9;1741122373187;14308
3;1741122382496;6465
9;1741122389504;14309
9;1741122390101;14310
3;1741122390147;6466
9;1741122391362;14311
3;1741122392899;6467
3;1741122397785;6468
3;1741122399927;6469
9;1741122406561;14312
9;1741122407019;14313
9;1741122409801;14314
9;1741122416456;14315
3;1741122421848;6470
9;1741122422744;14316
3;1741122424409;6471
9;1741122427005;14317
9;1741122427187;14318
3;1741122431969;6472
3;1741122433917;6473
3;1741122434101;6474
9;1741122435419;14319
3;1741122440174;6475
9;1741122442230;14320
9;1741122447103;14321
3;1741122448675;6476
9;1741122450968;14322
3;1741122454262;6477
3;1741122457008;6478
9;1741122458740;14323
3;1741122461681;6479
9;1741122463022;14324
3;1741122465064;6480
9;1741122467361;14325
3;1741122471451;6481
9;1741122474666;14326
9;1741122475482;14327
9;1741122475645;14328
3;1741122475783;6482
9;1741122475897;14329
3;1741122481322;6483
3;1741122483762;6484
3;1741122484901;6485
9;1741122488098;14330
3;1741122491070;6486
3;1741122495270;6487
9;1741122497653;14331
9;1741122502850;14332
9;1741122503532;14333
9;1741122507227;14334
3;1741122508340;6488
3;1741122511562;6489
3;1741122513342;6490
9;1741122515464;14335
9;1741122515477;14336
3;1741122515490;6491
9;1741122517868;14337
3;1741122517970;6492
3;1741122520525;6493
3;1741122530104;6494
9;1741122531349;14338
9;1741122538350;14339
9;1741122538714;14340
9;1741122542623;14341
9;1741122543313;14342
9;1741122544621;14343
3;1741122550601;6495
9;1741122550833;14344
9;1741122551721;14345
3;1741122553652;6496
3;1741122558550;6497
3;1741122559680;6498
3;1741122562163;6499
3;1741122562850;6500
3;1741122563797;6501
9;1741122569921;14346
9;1741122572858;14347
3;1741122575028;6502
3;1741122577672;6503
9;1741122580583;14348
9;1741122582509;14349
9;1741122582713;14350
9;1741122589501;14351
3;1741122591023;6504
3;1741122592144;6505
9;1741122593768;14352
9;1741122597202;14353
3;1741122603049;6506
3;1741122604849;6507
3;1741122605304;6508
3;1741122609431;6509
3;1741122611471;6510
9;1741122613873;14354
3;1741122615716;6511
3;1741122616550;6512
9;1741122625854;14355
9;1741122627549;14356
9;1741122634205;14357
9;1741122634932;14358
3;1741122635826;6513
3;1741122636877;6514
3;1741122637756;6515
3;1741122640215;6516
9;1741122640497;14359
3;1741122644645;6517
9;1741122645755;14360
9;1741122650527;14361
9;1741122650817;14362
9;1741122651112;14363
9;1741122658050;14364
3;1741122662655;6518
3;1741122664067;6519
3;1741122665760;6520
9;1741122665888;14365
3;1741122666402;6521
3;1741122667381;6522
9;1741122669938;14366
3;1741122674139;6523
9;1741122677412;14367
9;1741122678385;14368
9;1741122685755;14369
9;1741122688094;14370
3;1741122694732;6524
3;1741122696361;6525
9;1741122699836;14371
9;1741122700884;14372
9;1741122704007;14373
3;1741122704560;6526
9;1741122704716;14374
3;1741122704732;6527
9;1741122706434;14375
3;1741122707736;6528
3;1741122713797;6529
3;1741122716010;6530
9;1741122719003;14376
3;1741122719201;6531
9;1741122724697;14377
3;1741122726783;6532
3;1741122726848;6533
9;1741122729276;14378
3;1741122730340;6534
9;1741122734569;14379
3;1741122741793;6535
9;1741122743138;14380
9;1741122747563;14381
9;1741122750666;14382
3;1741122750738;6536
9;1741122751491;14383
3;1741122754910;6537
3;1741122756707;6538
3;1741122758058;6539
9;1741122763182;14384
9;1741122765976;14385
3;1741122768004;6540
9;1741122771399;14386
9;1741122772487;14387
3;1741122774939;6541
3;1741122777189;6542
9;1741122777421;14388
9;1741122778991;14389
9;1741122780441;14390
3;1741122782991;6543
3;1741122783545;6544
3;1741122790522;6545
9;1741122793241;14391
3;1741122797120;6546
3;1741122801074;6547
9;1741122803311;14392
9;1741122805221;14393
9;1741122810868;14394
3;1741122811282;6548
9;1741122813302;14395
9;1741122814515;14396
9;1741122817734;14397
3;1741122820203;6549
3;1741122822314;6550
3;1741122822995;6551
3;1741122825330;6552
9;1741122827483;14398
3;1741122832104;6553
9;1741122833104;14399
9;1741122840180;14400
9;1741122843399;14401
3;1741122844471;6554
9;1741122844524;14402
3;1741122844799;6555
3;1741122845423;6556
9;1741122848000;14403
3;1741122848793;6557
9;1741122850614;14404
3;1741122863308;6558
3;1741122864192;6559
9;1741122865605;14405
3;1741122871376;6560
9;1741122872432;14406
9;1741122873953;14407
3;1741122880228;6561
3;1741122884112;6562
9;1741122888333;14408
9;1741122889960;14409
9;1741122890051;14410
9;1741122890494;14411
9;1741122893882;14412
3;1741122895025;6563
3;1741122895839;6564
3;1741122896322;6565
3;1741122896382;6566
9;1741122896662;14413
3;1741122897013;6567
9;1741122900843;14414
3;1741122902540;6568
3;1741122906577;6569
9;1741122915576;14415
3;1741122919229;6570
9;1741122919651;14416
3;1741122923706;6571
3;1741122926163;6572
3;1741122926951;6573
3;1741122928607;6574
3;1741122929706;6575
9;1741122930376;14417
9;1741122931960;14418
9;1741122935454;14419
9;1741122938165;14420
9;1741122942075;14421
9;1741122943768;14422
3;1741122945198;6576
9;1741122950812;14423
9;1741122952969;14424
3;1741122957750;6577
3;1741122960937;6578
3;1741122961941;6579
9;1741122965278;14425
3;1741122965873;6580
9;1741122966493;14426
9;1741122970099;14427
3;1741122976216;6581
9;1741122980973;14428
3;1741122981053;6582
3;1741122985374;6583
3;1741122988737;6584
3;1741122991368;6585
9;1741122994832;14429
3;1741122995764;6586
9;1741122997190;14430
3;1741122998448;6587
9;1741123000309;14431
9;1741123000853;14432
3;1741123002115;6588
9;1741123004037;14433
3;1741123009555;6589
3;1741123013656;6590
3;1741123013977;6591
9;1741123014626;14434
3;1741123022186;6592
9;1741123022434;14435
9;1741123023975;14436
9;1741123030414;14437
3;1741123030933;6593
3;1741123036907;6594
9;1741123037455;14438
3;1741123038940;6595
9;1741123044205;14439
3;1741123044617;6596
9;1741123046756;14440
9;1741123047975;14441
3;1741123048372;6597
3;1741123052712;6598
3;1741123052920;6599
9;1741123059024;14442
9;1741123062190;14443
3;1741123063952;6600
9;1741123064465;14444
3;1741123065116;6601
9;1741123071043;14445
9;1741123074223;14446
9;1741123075209;14447
3;1741123076154;6602
3;1741123077800;6603
9;1741123078643;14448
9;1741123080792;14449
9;1741123088382;14450
3;1741123092635;6604
3;1741123094232;6605
3;1741123095768;6606
3;1741123099506;6607
9;1741123099937;14451
9;1741123101367;14452
3;1741123102376;6608
9;1741123103064;14453
3;1741123108594;6609
9;1741123110949;14454
3;1741123110967;6610
3;1741123112786;6611
9;1741123113062;14455
9;1741123117908;14456
9;1741123126452;14457
9;1741123127793;14458
3;1741123131327;6612
3;1741123134577;6613
3;1741123135299;6614
9;1741123135525;14459
9;1741123136648;14460
9;1741123136791;14461
3;1741123137815;6615
3;1741123145112;6616
3;1741123147057;6617
9;1741123147608;14462
3;1741123149016;6618
3;1741123158745;6619
9;1741123159267;14463
9;1741123165968;14464
3;1741123168213;6620
9;1741123170051;14465
3;1741123179258;6621
9;1741123179678;14466
9;1741123180068;14467
9;1741123182882;14468
9;1741123185180;14469
3;1741123186065;6622
9;1741123188905;14470
3;1741123189226;6623
9;1741123190150;14471
3;1741123193235;6624
9;1741123197559;14472
9;1741123198605;14473
3;1741123199935;6625
3;1741123199954;6626
3;1741123201526;6627
3;1741123201561;6628
9;1741123206029;14474
3;1741123211158;6629
9;1741123213175;14475
3;1741123214979;6630
9;1741123217859;14476
3;1741123222496;6631
3;1741123222767;6632
9;1741123223907;14477
9;1741123225047;14478
3;1741123225699;6633
3;1741123232907;6634
3;1741123239019;6635
3;1741123240215;6636
9;1741123240832;14479
3;1741123247146;6637
9;1741123247933;14480
9;1741123251384;14481
9;1741123253842;14482
3;1741123259900;6638
9;1741123260017;14483
3;1741123261206;6639
9;1741123263377;14484
3;1741123265135;6640
9;1741123269059;14485
3;1741123270371;6641
9;1741123271832;14486
9;1741123272434;14487
9;1741123276222;14488
9;1741123279480;14489
3;1741123284480;6642
3;1741123286282;6643
9;1741123289591;14490
3;1741123290724;6644
3;1741123292226;6645
9;1741123292331;14491
9;1741123292669;14492
3;1741123298265;6646
3;1741123298500;6647
9;1741123298755;14493
9;1741123299471;14494
9;1741123302638;14495
3;1741123303130;6648
3;1741123307723;6649
3;1741123309266;6650
9;1741123317078;14496
3;1741123317180;6651
9;1741123321929;14497
3;1741123321939;6652
3;1741123322177;6653
3;1741123330820;6654
9;1741123332204;14498
9;1741123332958;14499
9;1741123334210;14500
3;1741123337735;6655
9;1741123337893;14501
9;1741123339698;14502
3;1741123345440;6656
3;1741123346795;6657
3;1741123350574;6658
3;1741123352226;6659
3;1741123359086;6660
9;1741123359573;14503
3;1741123361579;6661
9;1741123362076;14504
3;1741123364613;6662
9;1741123372688;14505
3;1741123373436;6663
9;1741123374623;14506
9;1741123374788;14507
3;1741123380184;6664
3;1741123380473;6665
9;1741123383138;14508
9;1741123388537;14509
3;1741123388752;6666
9;1741123391873;14510
3;1741123392195;6667
9;1741123392488;14511
3;1741123396978;6668
9;1741123397878;14512
3;1741123398994;6669
3;1741123404738;6670
9;1741123406477;14513
9;1741123410713;14514
3;1741123415233;6671
3;1741123416915;6672
9;1741123417496;14515
9;1741123418315;14516
3;1741123424495;6673
3;1741123425181;6674
9;1741123429986;14517
9;1741123431951;14518
9;1741123432691;14519
9;1741123434004;14520
3;1741123435794;6675
9;1741123440149;14521
3;1741123441007;6676
9;1741123441209;14522
3;1741123451375;6677
9;1741123455459;14523
3;1741123456412;6678
9;1741123457735;14524
9;1741123461647;14525
9;1741123463839;14526
3;1741123467336;6679
9;1741123471912;14527
3;1741123473142;6680
9;1741123473692;14528
3;1741123477241;6681
9;1741123481429;14529
3;1741123485871;6682
9;1741123486988;14530
3;1741123487024;6683
9;1741123487998;14531
3;1741123490033;6684
3;1741123493430;6685
9;1741123496260;14532
3;1741123499108;6686
3;1741123501418;6687
3;1741123505018;6688
3;1741123505551;6689
3;1741123506466;6690
9;1741123509319;14533
9;1741123513440;14534
9;1741123518274;14535
3;1741123525036;6691
3;1741123525273;6692
9;1741123526080;14536
9;1741123526304;14537
9;1741123530505;14538
3;1741123532088;6693
9;1741123535853;14539
3;1741123537324;6694
9;1741123538644;14540
3;1741123539701;6695
9;1741123542620;14541
9;1741123544205;14542
3;1741123548242;6696
9;1741123548745;14543
3;1741123550274;6697
3;1741123554423;6698
3;1741123554773;6699
3;1741123558026;6700
3;1741123558209;6701
9;1741123560587;14544
3;1741123561452;6702
9;1741123565248;14545
9;1741123569847;14546
9;1741123571529;14547
3;1741123583035;6703
9;1741123585608;14548
3;1741123589631;6704
9;1741123591140;14549
3;1741123591175;6705
9;1741123595307;14550
9;1741123595831;14551
9;1741123597819;14552
3;1741123599954;6706
3;1741123601355;6707
3;1741123603404;6708
9;1741123607720;14553
3;1741123608296;6709
3;1741123612341;6710
9;1741123615525;14554
3;1741123616776;6711
9;1741123617857;14555
9;1741123618883;14556
3;1741123620552;6712
9;1741123624893;14557
9;1741123625411;14558
3;1741123630165;6713
9;1741123631225;14559
3;1741123632806;6714
3;1741123636127;6715
3;1741123641620;6716
3;1741123641916;6717
3;1741123646961;6718
9;1741123648791;14560
9;1741123649843;14561
3;1741123650791;6719
9;1741123661921;14562
9;1741123663300;14563
9;1741123664980;14564
3;1741123665998;6720
9;1741123670691;14565
9;1741123671085;14566
9;1741123674429;14567
3;1741123675476;6721
9;1741123675511;14568
3;1741123677137;6722
3;1741123679893;6723
3;1741123681375;6724
9;1741123683240;14569
9;1741123692359;14570
3;1741123692925;6725
3;1741123693448;6726
9;1741123698467;14571
9;1741123705012;14572
3;1741123708127;6727
3;1741123708356;6728
3;1741123708957;6729
9;1741123711363;14573
9;1741123711864;14574
9;1741123715233;14575
3;1741123717953;6730
3;1741123720437;6731
9;1741123722321;14576
9;1741123723567;14577
3;1741123730244;6732
3;1741123735547;6733
3;1741123737488;6734
3;1741123737602;6735
9;1741123741725;14578
3;1741123742863;6736
9;1741123745234;14579
9;1741123745330;14580
3;1741123753634;6737
9;1741123753678;14581
3;1741123754858;6738
9;1741123757948;14582
9;1741123758155;14583
9;1741123760265;14584
3;1741123760831;6739
9;1741123763258;14585
3;1741123764134;6740
3;1741123764812;6741
9;1741123765731;14586
9;1741123770671;14587
9;1741123774706;14588
3;1741123776823;6742
3;1741123779676;6743
3;1741123780927;6744
9;1741123782574;14589
3;1741123785007;6745
9;1741123795612;14590
9;1741123797424;14591
3;1741123799010;6746
9;1741123799357;14592
3;1741123799685;6747
9;1741123806297;14593
9;1741123809267;14594
9;1741123810587;14595
9;1741123811586;14596
3;1741123818468;6748
3;1741123819522;6749
3;1741123819804;6750
3;1741123820904;6751
3;1741123822319;6752
3;1741123830034;6753
9;1741123831136;14597
9;1741123832341;14598
3;1741123832846;6754
9;1741123839028;14599
9;1741123845208;14600
9;1741123846185;14601
9;1741123847607;14602
3;1741123848793;6755
3;1741123849200;6756
3;1741123850920;6757
9;1741123853895;14603
3;1741123854537;6758
3;1741123865516;6759
9;1741123870478;14604
9;1741123873655;14605
3;1741123873988;6760
3;1741123874220;6761
3;1741123875564;6762
3;1741123876389;6763
3;1741123876671;6764
9;1741123879218;14606
9;1741123882031;14607
9;1741123882418;14608
9;1741123884400;14609
9;1741123887390;14610
9;1741123894030;14611
3;1741123894253;6765
3;1741123898053;6766
3;1741123898793;6767
9;1741123906602;14612
3;1741123908933;6768
9;1741123909783;14613
9;1741123912778;14614
3;1741123915250;6769
3;1741123916650;6770
3;1741123920290;6771
3;1741123923044;6772
9;1741123923944;14615
3;1741123923974;6773
9;1741123928803;14616
9;1741123932155;14617
9;1741123933290;14618
9;1741123940392;14619
3;1741123941315;6774
9;1741123944657;14620
9;1741123948900;14621
9;1741123949806;14622
9;1741123951123;14623
3;1741123955343;6775
3;1741123956547;6776
9;1741123956821;14624
3;1741123958616;6777
3;1741123960649;6778
3;1741123960812;6779
9;1741123964551;14625
3;1741123966052;6780
3;1741123973748;6781
9;1741123976194;14626
9;1741123977718;14627
3;1741123979470;6782
3;1741123979709;6783
9;1741123989422;14628
3;1741123990676;6784
3;1741123991403;6785
9;1741123991528;14629
9;1741123991598;14630
9;1741123996331;14631
9;1741123996761;14632
3;1741123997917;6786
3;1741123999630;6787
9;1741124000814;14633
3;1741124000910;6788
9;1741124002599;14634
3;1741124009463;6789
3;1741124009775;6790
3;1741124012270;6791
9;1741124015963;14635
3;1741124019548;6792
9;1741124023880;14636
9;1741124025750;14637
3;1741124029799;6793
3;1741124031702;6794
9;1741124032732;14638
3;1741124043805;6795
9;1741124045123;14639
9;1741124050073;14640
3;1741124050832;6796
3;1741124054359;6797
3;1741124054427;6798
9;1741124056872;14641
3;1741124057531;6799
9;1741124059028;14642
9;1741124059688;14643
9;1741124062139;14644
9;1741124062403;14645
3;1741124065955;6800
9;1741124066048;14646
3;1741124067249;6801
9;1741124068532;14647
3;1741124069228;6802
3;1741124075366;6803
3;1741124077452;6804
9;1741124090733;14648
9;1741124091610;14649
3;1741124098024;6805
9;1741124100588;14650
9;1741124102049;14651
9;1741124105215;14652
9;1741124106831;14653
3;1741124107710;6806
3;1741124107747;6807
9;1741124109878;14654
9;1741124109894;14655
3;1741124114024;6808
9;1741124116448;14656
9;1741124120933;14657
3;1741124120993;6809
3;1741124125683;6810
3;1741124126105;6811
3;1741124126889;6812
3;1741124129862;6813
3;1741124131396;6814
9;1741124132634;14658
3;1741124133355;6815
9;1741124134472;14659
9;1741124139078;14660
3;1741124145544;6816
3;1741124145782;6817
3;1741124147849;6818
9;1741124151053;14661
9;1741124154735;14662
9;1741124155372;14663
9;1741124159192;14664
3;1741124160401;6819
3;1741124161363;6820
3;1741124163851;6821
9;1741124165686;14665
3;1741124168508;6822
9;1741124168927;14666
9;1741124171186;14667
3;1741124172453;6823
3;1741124176049;6824
9;1741124184122;14668
9;1741124185079;14669
3;1741124186452;6825
3;1741124190273;6826
9;1741124190309;14670
9;1741124191979;14671
9;1741124194874;14672
3;1741124196961;6827
3;1741124205801;6828
9;1741124208243;14673
3;1741124208637;6829
9;1741124212240;14674
9;1741124215295;14675
3;1741124216385;6830
9;1741124228471;14676
3;1741124228554;6831
3;1741124230361;6832
9;1741124231466;14677
9;1741124240795;14678
3;1741124241831;6833
3;1741124242875;6834
9;1741124243311;14679
3;1741124245269;6835
9;1741124245552;14680
9;1741124246667;14681
3;1741124249121;6836
9;1741124250509;14682
3;1741124250714;6837
3;1741124251468;6838
3;1741124251485;6839
9;1741124251619;14683
9;1741124256024;14684
9;1741124261041;14685
3;1741124267554;6840
3;1741124272185;6841
3;1741124274462;6842
9;1741124275484;14686
3;1741124277602;6843
9;1741124279831;14687
3;1741124280677;6844
9;1741124284440;14688
9;1741124285817;14689
9;1741124286709;14690
3;1741124289923;6845
3;1741124290750;6846
3;1741124290862;6847
9;1741124291638;14691
3;1741124297684;6848
9;1741124298128;14692
3;1741124298746;6849
9;1741124302776;14693
3;1741124305221;6850
9;1741124306442;14694
3;1741124306876;6851
9;1741124307877;14695
9;1741124318816;14696
9;1741124319759;14697
3;1741124323773;6852
3;1741124326921;6853
9;1741124328913;14698
3;1741124330171;6854
9;1741124330840;14699
9;1741124336651;14700
9;1741124337322;14701
3;1741124342257;6855
9;1741124343931;14702
3;1741124344174;6856
3;1741124345986;6857
3;1741124347952;6858
3;1741124352561;6859
9;1741124352722;14703
3;1741124364223;6860
9;1741124364357;14704
9;1741124367812;14705
3;1741124374497;6861
3;1741124376132;6862
9;1741124376859;14706
3;1741124376991;6863
9;1741124378669;14707
3;1741124380020;6864
9;1741124382054;14708
3;1741124385007;6865
3;1741124385233;6866
9;1741124389453;14709
3;1741124395824;6867
9;1741124395986;14710
9;1741124396060;14711
9;1741124399658;14712
9;1741124400476;14713
3;1741124402073;6868
3;1741124404980;6869
9;1741124411713;14714
3;1741124414351;6870
3;1741124414671;6871
9;1741124416227;14715
9;1741124419905;14716
3;1741124421234;6872
9;1741124421896;14717
3;1741124430641;6873
9;1741124432174;14718
9;1741124439578;14719
9;1741124440193;14720
3;1741124440582;6874
3;1741124441177;6875
9;1741124441810;14721
3;1741124443545;6876
9;1741124444408;14722
3;1741124448851;6877
9;1741124449303;14723
3;1741124457802;6878
9;1741124460389;14724
9;1741124460884;14725
3;1741124465791;6879
3;1741124466521;6880
3;1741124470144;6881
9;1741124471275;14726
3;1741124473119;6882
3;1741124474444;6883
9;1741124474570;14727
9;1741124477984;14728
9;1741124484038;14729
3;1741124487496;6884
3;1741124488691;6885
3;1741124491858;6886
9;1741124496101;14730
9;1741124496987;14731
9;1741124497454;14732
3;1741124497467;6887
3;1741124502195;6888
3;1741124503168;6889
9;1741124504727;14733
9;1741124506632;14734
3;1741124507536;6890
9;1741124515242;14735
9;1741124517438;14736
9;1741124517651;14737
3;1741124520564;6891
3;1741124520817;6892
3;1741124527071;6893
9;1741124533860;14738
3;1741124537229;6894
9;1741124538533;14739
3;1741124540080;6895
9;1741124542019;14740
3;1741124544946;6896
9;1741124546310;14741
9;1741124547820;14742
3;1741124553976;6897
3;1741124556783;6898
3;1741124559351;6899
9;1741124562624;14743
3;1741124566712;6900
9;1741124569412;14744
9;1741124573957;14745
3;1741124574320;6901
3;1741124574705;6902
9;1741124579134;14746
3;1741124579463;6903
9;1741124580398;14747
9;1741124582900;14748
3;1741124585165;6904
3;1741124585924;6905
3;1741124587664;6906
9;1741124588178;14749
9;1741124590600;14750
9;1741124591372;14751
9;1741124596930;14752
9;1741124597058;14753
3;1741124597075;6907
3;1741124599732;6908
3;1741124603582;6909
3;1741124613332;6910
9;1741124613736;14754
3;1741124615061;6911
9;1741124615668;14755
9;1741124616663;14756
3;1741124622500;6912
9;1741124625757;14757
3;1741124627102;6913
3;1741124629832;6914
9;1741124632850;14758
9;1741124634124;14759
3;1741124635919;6915
3;1741124636110;6916
3;1741124637775;6917
9;1741124642540;14760
9;1741124649781;14761
3;1741124650883;6918
9;1741124652186;14762
3;1741124660733;6919
3;1741124662248;6920
9;1741124664640;14763
9;1741124664967;14764
9;1741124665281;14765
9;1741124668342;14766
9;1741124669170;14767
9;1741124671708;14768
9;1741124674184;14769
3;1741124675033;6921
3;1741124679041;6922
3;1741124680348;6923
3;1741124681225;6924
3;1741124681363;6925
3;1741124695143;6926
9;1741124698562;14770
3;1741124698879;6927
9;1741124700712;14771
3;1741124702253;6928
3;1741124703436;6929
9;1741124703928;14772
9;1741124704649;14773
9;1741124706192;14774
9;1741124706961;14775
3;1741124711269;6930
9;1741124714635;14776
3;1741124717177;6931
3;1741124720928;6932
3;1741124728155;6933
9;1741124732106;14777
9;1741124734219;14778
9;1741124735470;14779
9;1741124736577;14780
3;1741124737871;6934
3;1741124739880;6935
9;1741124746694;14781
3;1741124747478;6936
3;1741124750566;6937
3;1741124751033;6938
9;1741124754737;14782
9;1741124755552;14783
3;1741124758385;6939
9;1741124759843;14784
3;1741124760706;6940
9;1741124761671;14785
9;1741124762460;14786
9;1741124763311;14787
3;1741124765680;6941
3;1741124767195;6942
9;1741124778994;14788
9;1741124783599;14789
9;1741124784118;14790
3;1741124785861;6943
3;1741124788187;6944
3;1741124790064;6945
3;1741124791487;6946
9;1741124791756;14791
3;1741124791850;6947
9;1741124799046;14792
9;1741124799292;14793
3;1741124803914;6948
9;1741124805778;14794
9;1741124806575;14795
9;1741124810711;14796
3;1741124811661;6949
3;1741124812487;6950
3;1741124814803;6951
9;1741124821690;14797
3;1741124822464;6952
3;1741124836064;6953
9;1741124838543;14798
9;1741124840308;14799
9;1741124841092;14800
9;1741124841106;14801
3;1741124841589;6954
3;1741124847585;6955
9;1741124848000;14802
9;1741124849099;14803
3;1741124850612;6956
3;1741124853403;6957
3;1741124855826;6958
3;1741124861203;6959
3;1741124865330;6960
9;1741124866340;14804
3;1741124869103;6961
9;1741124871491;14805
9;1741124871601;14806
9;1741124872156;14807
3;1741124872942;6962
9;1741124881956;14808
3;1741124886745;6963
3;1741124887092;6964
9;1741124887620;14809
9;1741124889733;14810
3;1741124890003;6965
3;1741124890725;6966
9;1741124891391;14811
3;1741124891529;6967
9;1741124893280;14812
3;1741124895131;6968
3;1741124897628;6969
9;1741124914063;14813
3;1741124914118;6970
9;1741124915996;14814
3;1741124916281;6971
9;1741124918435;14815
9;1741124919059;14816
9;1741124922115;14817
9;1741124922571;14818
3;1741124923935;6972
9;1741124928311;14819
9;1741124931358;14820
3;1741124931478;6973
3;1741124934865;6974
3;1741124938155;6975
3;1741124938611;6976
3;1741124940376;6977
9;1741124941545;14821
3;1741124942871;6978
9;1741124948568;14822
9;1741124954378;14823
9;1741124956154;14824
3;1741124956647;6979
9;1741124960951;14825
9;1741124961833;14826
9;1741124972979;14827
3;1741124974693;6980
3;1741124976437;6981
9;1741124979334;14828
9;1741124982408;14829
3;1741124985335;6982
3;1741124986096;6983
9;1741124989914;14830
9;1741124992050;14831
3;1741124993297;6984
9;1741124995453;14832
3;1741124998018;6985
3;1741124998211;6986
3;1741124998518;6987
3;1741124998802;6988
3;1741125000893;6989
9;1741125006863;14833
9;1741125009017;14834
9;1741125019477;14835
3;1741125019577;6990
9;1741125021121;14836
3;1741125024974;6991
9;1741125026039;14837
3;1741125026102;6992
9;1741125027486;14838
3;1741125027908;6993
9;1741125028105;14839
3;1741125034661;6994
3;1741125035360;6995
9;1741125039706;14840
9;1741125040662;14841
9;1741125045768;14842
3;1741125047589;6996
3;1741125048665;6997
9;1741125049251;14843
3;1741125055541;6998
3;1741125057620;6999
9;1741125059118;14844
3;1741125060420;7000
3;1741125063302;7001
9;1741125065579;14845
9;1741125067732;14846
3;1741125067983;7002
9;1741125068281;14847
9;1741125076704;14848
9;1741125077630;14849
3;1741125091902;7003
3;1741125093495;7004
3;1741125093895;7005
9;1741125095039;14850
3;1741125102129;7006
9;1741125102887;14851
9;1741125103180;14852
9;1741125104330;14853
3;1741125105446;7007
9;1741125108180;14854
3;1741125110383;7008
3;1741125113594;7009
9;1741125115328;14855
3;1741125116362;7010
3;1741125123935;7011
9;1741125124471;14856
9;1741125124733;14857
9;1741125128568;14858
3;1741125132053;7012
9;1741125132789;14859
9;1741125133613;14860
3;1741125139440;7013
3;1741125140445;7014
3;1741125140498;7015
9;1741125145316;14861
3;1741125145881;7016
3;1741125146578;7017
3;1741125148466;7018
3;1741125154936;7019
9;1741125155086;14862
3;1741125155884;7020
9;1741125158582;14863
3;1741125159898;7021
9;1741125161881;14864
3;1741125168561;7022
9;1741125172261;14865
9;1741125174098;14866
9;1741125174585;14867
3;1741125177991;7023
3;1741125180063;7024
9;1741125180269;14868
9;1741125186515;14869
9;1741125188108;14870
3;1741125188248;7025
3;1741125190264;7026
3;1741125194055;7027
3;1741125196148;7028
9;1741125202934;14871
9;1741125206235;14872
9;1741125208586;14873
9;1741125209251;14874
9;1741125210257;14875
9;1741125211207;14876
3;1741125213294;7029
9;1741125215654;14877
3;1741125230654;7030
3;1741125232832;7031
9;1741125235202;14878
9;1741125237226;14879
9;1741125238541;14880
3;1741125238988;7032
3;1741125240095;7033
3;1741125241321;7034
9;1741125246328;14881
3;1741125247810;7035
3;1741125249161;7036
3;1741125251291;7037
9;1741125251517;14882
3;1741125251544;7038
3;1741125255397;7039
9;1741125255519;14883
9;1741125261349;14884
9;1741125263137;14885
9;1741125264019;14886
3;1741125264546;7040
3;1741125266145;7041
9;1741125270069;14887
9;1741125274377;14888
9;1741125278382;14889
3;1741125282778;7042
3;1741125283302;7043
3;1741125284067;7044
9;1741125289562;14890
9;1741125295609;14891
3;1741125295694;7045
3;1741125299928;7046
9;1741125300962;14892
3;1741125305868;7047
3;1741125307920;7048
3;1741125313776;7049
9;1741125314899;14893
9;1741125316089;14894
9;1741125317856;14895
3;1741125320506;7050
3;1741125322699;7051
3;1741125326470;7052
9;1741125327008;14896
9;1741125333477;14897
3;1741125336415;7053
9;1741125337204;14898
9;1741125338896;14899
3;1741125341512;7054
3;1741125345268;7055
9;1741125345961;14900
9;1741125345981;14901
3;1741125347686;7056
9;1741125355329;14902
9;1741125355601;14903
3;1741125357770;7057
3;1741125361943;7058
3;1741125362664;7059
9;1741125364024;14904
3;1741125368705;7060
3;1741125369035;7061
9;1741125370114;14905
9;1741125372063;14906
3;1741125374090;7062
3;1741125376699;7063
3;1741125377894;7064
9;1741125378585;14907
9;1741125387311;14908
9;1741125387641;14909
3;1741125389551;7065
9;1741125392528;14910
9;1741125396973;14911
3;1741125397758;7066
3;1741125398237;7067
3;1741125401123;7068
3;1741125401815;7069
9;1741125405907;14912
3;1741125406420;7070
9;1741125412440;14913
9;1741125415171;14914
3;1741125417077;7071
9;1741125417236;14915
9;1741125420176;14916
9;1741125427509;14917
9;1741125429286;14918
3;1741125430986;7072
9;1741125436257;14919
9;1741125439498;14920
3;1741125439608;7073
9;1741125440061;14921
3;1741125440443;7074
3;1741125447968;7075
3;1741125448329;7076
9;1741125449342;14922
3;1741125449595;7077
9;1741125451703;14923
9;1741125454942;14924
3;1741125455281;7078
9;1741125455832;14925
3;1741125457064;7079
9;1741125460010;14926
3;1741125463736;7080
3;1741125466814;7081
3;1741125468657;7082
9;1741125475512;14927
3;1741125483974;7083
3;1741125484977;7084
9;1741125485815;14928
3;1741125490349;7085
3;1741125490885;7086
3;1741125492490;7087
9;1741125495804;14929
9;1741125496141;14930
9;1741125496229;14931
9;1741125500164;14932
3;1741125501824;7088
9;1741125504471;14933
3;1741125504975;7089
9;1741125506584;14934
3;1741125512367;7090
9;1741125516610;14935
9;1741125516712;14936
9;1741125517700;14937
3;1741125519232;7091
3;1741125524117;7092
9;1741125527484;14938
3;1741125529700;7093
9;1741125532230;14939
3;1741125534777;7094
3;1741125540681;7095
9;1741125542042;14940
3;1741125542404;7096
9;1741125548493;14941
9;1741125549347;14942
3;1741125550003;7097
9;1741125554963;14943
3;1741125555645;7098
9;1741125556337;14944
9;1741125556930;14945
9;1741125564025;14946
3;1741125566157;7099
3;1741125568780;7100
3;1741125570007;7101
3;1741125572986;7102
3;1741125573777;7103
9;1741125579065;14947
9;1741125582249;14948
9;1741125582612;14949
3;1741125583549;7104
9;1741125585206;14950
3;1741125589035;7105
3;1741125596952;7106
9;1741125597519;14951
3;1741125602606;7107
9;1741125604321;14952
3;1741125605783;7108
3;1741125605852;7109
9;1741125607144;14953
9;1741125607333;14954
3;1741125613125;7110
3;1741125615289;7111
9;1741125615900;14955
9;1741125620282;14956
9;1741125630676;14957
9;1741125631820;14958
3;1741125633421;7112
3;1741125636268;7113
3;1741125637158;7114
9;1741125638564;14959
9;1741125640132;14960
3;1741125640447;7115
3;1741125644121;7116
3;1741125649078;7117
9;1741125652855;14961
9;1741125653625;14962
9;1741125653802;14963
9;1741125658634;14964
3;1741125660698;7118
3;1741125662287;7119
3;1741125663272;7120
9;1741125666208;14965
3;1741125668161;7121
3;1741125668189;7122
9;1741125670100;14966
9;1741125670731;14967
3;1741125678099;7123
3;1741125678108;7124
3;1741125679730;7125
9;1741125687260;14968
9;1741125689184;14969
3;1741125691078;7126
9;1741125693625;14970
3;1741125696700;7127
9;1741125698044;14971
9;1741125698653;14972
9;1741125699393;14973
3;1741125701993;7128
3;1741125703047;7129
9;1741125706484;14974
3;1741125712252;7130
3;1741125715239;7131
3;1741125719730;7132
9;1741125722161;14975
9;1741125727727;14976
9;1741125730401;14977
3;1741125731806;7133
9;1741125736278;14978
3;1741125736783;7134
9;1741125739030;14979
3;1741125743294;7135
9;1741125745882;14980
9;1741125745933;14981
9;1741125746280;14982
3;1741125748293;7136
3;1741125750924;7137
9;1741125751309;14983
3;1741125753377;7138
3;1741125756393;7139
9;1741125760196;14984
9;1741125762559;14985
3;1741125765325;7140
9;1741125766457;14986
9;1741125766965;14987
3;1741125770111;7141
9;1741125772599;14988
3;1741125777183;7142
3;1741125784259;7143
9;1741125787299;14989
3;1741125789781;7144
9;1741125791952;14990
9;1741125793766;14991
9;1741125794191;14992
3;1741125794256;7145
3;1741125799227;7146
9;1741125804313;14993
9;1741125807941;14994
3;1741125809113;7147
3;1741125810958;7148
9;1741125812736;14995
9;1741125815709;14996
3;1741125817965;7149
3;1741125818421;7150
3;1741125827044;7151
9;1741125827226;14997
9;1741125828790;14998
3;1741125828802;7152
9;1741125835363;14999
9;1741125842562;15000
3;1741125843093;7153
3;1741125846160;7154
9;1741125846342;15001
3;1741125848688;7155
9;1741125849459;15002
3;1741125849918;7156
3;1741125851392;7157
3;1741125857939;7158
9;1741125858077;15003
3;1741125858502;7159
3;1741125862767;7160
9;1741125863555;15004
9;1741125863883;15005
3;1741125868337;7161
3;1741125870945;7162
9;1741125878773;15006
9;1741125880160;15007
9;1741125886488;15008
9;1741125887164;15009
3;1741125887961;7163
3;1741125888545;7164
9;1741125890661;15010
3;1741125892535;7165
3;1741125894081;7166
9;1741125894635;15011
3;1741125897129;7167
3;1741125903240;7168
9;1741125905442;15012
9;1741125907180;15013
9;1741125910776;15014
3;1741125911563;7169
3;1741125912568;7170
3;1741125913885;7171
3;1741125915302;7172
9;1741125918075;15015
9;1741125918758;15016
3;1741125922568;7173
9;1741125922639;15017
9;1741125922737;15018
3;1741125937437;7174
9;1741125940341;15019
3;1741125941159;7175
9;1741125944255;15020
9;1741125946460;15021
9;1741125947952;15022
3;1741125948492;7176
9;1741125951131;15023
9;1741125955281;15024
3;1741125956858;7177
3;1741125960277;7178
3;1741125960830;7179
3;1741125962009;7180
3;1741125966921;7181
3;1741125971556;7182
9;1741125972851;15025
9;1741125978802;15026
9;1741125980594;15027
3;1741125983291;7183
3;1741125990890;7184
9;1741125991911;15028
9;1741125994800;15029
9;1741125997013;15030
3;1741125999020;7185
9;1741125999267;15031
3;1741126003585;7186
9;1741126004928;15032
3;1741126006526;7187
9;1741126007381;15033
9;1741126008737;15034
3;1741126010703;7188
3;1741126012460;7189
3;1741126013736;7190
3;1741126016951;7191
9;1741126018523;15035
9;1741126024735;15036
3;1741126026880;7192
3;1741126027919;7193
3;1741126029377;7194
9;1741126032117;15037
3;1741126033075;7195
9;1741126033891;15038
9;1741126035104;15039
9;1741126039760;15040
9;1741126041580;15041
9;1741126046721;15042
3;1741126051105;7196
9;1741126053772;15043
3;1741126056127;7197
3;1741126058369;7198
9;1741126062983;15044
3;1741126063395;7199
3;1741126063565;7200
9;1741126066731;15045
3;1741126071495;7201
9;1741126073039;15046
3;1741126073772;7202
9;1741126078684;15047
9;1741126078967;15048
3;1741126079792;7203
9;1741126086828;15049
9;1741126087598;15050
3;1741126090930;7204
3;1741126092448;7205
3;1741126093329;7206
9;1741126094118;15051
9;1741126095243;15052
3;1741126102345;7207
3;1741126104068;7208
9;1741126105107;15053
9;1741126109830;15054
9;1741126113324;15055
3;1741126113961;7209
9;1741126116739;15056
3;1741126118913;7210
3;1741126119267;7211
9;1741126122155;15057
9;1741126122425;15058
3;1741126123056;7212
9;1741126130074;15059
9;1741126136885;15060
9;1741126137988;15061
3;1741126140362;7213
3;1741126143452;7214
3;1741126144253;7215
3;1741126148291;7216
9;1741126152660;15062
9;1741126152991;15063
9;1741126154007;15064
9;1741126156775;15065
3;1741126158022;7217
3;1741126158950;7218
9;1741126162093;15066
3;1741126162231;7219
3;1741126164298;7220
3;1741126166416;7221
9;1741126169241;15067
9;1741126170716;15068
9;1741126176132;15069
3;1741126177851;7222
9;1741126181553;15070
3;1741126186203;7223
3;1741126188460;7224
3;1741126189980;7225
3;1741126194205;7226
9;1741126201481;15071
3;1741126203275;7227
3;1741126204026;7228
9;1741126205235;15072
9;1741126206240;15073
9;1741126206561;15074
3;1741126211676;7229
3;1741126219168;7230
9;1741126224712;15075
9;1741126224932;15076
3;1741126225845;7231
9;1741126229555;15077
3;1741126229701;7232
9;1741126229819;15078
9;1741126232324;15079
3;1741126235012;7233
3;1741126237395;7234
3;1741126239226;7235
3;1741126246824;7236
3;1741126248502;7237
9;1741126249485;15080
9;1741126250155;15081
9;1741126250473;15082
3;1741126253001;7238
3;1741126253767;7239
3;1741126254409;7240
9;1741126259777;15083
9;1741126267395;15084
9;1741126269175;15085
3;1741126269310;7241
9;1741126269773;15086
9;1741126270824;15087
9;1741126272855;15088
3;1741126281784;7242
9;1741126282767;15089
3;1741126282938;7243
3;1741126284597;7244
9;1741126285676;15090
9;1741126286133;15091
3;1741126288439;7245
3;1741126289023;7246
9;1741126293071;15092
3;1741126299360;7247
9;1741126302753;15093
9;1741126303138;15094
3;1741126306852;7248
3;1741126307590;7249
9;1741126310127;15095
3;1741126316867;7250
3;1741126317131;7251
9;1741126320587;15096
3;1741126327040;7252
9;1741126328247;15097
3;1741126329976;7253
3;1741126332355;7254
9;1741126333429;15098
3;1741126339808;7255
3;1741126342119;7256
9;1741126346942;15099
3;1741126348053;7257
9;1741126353026;15100
9;1741126355969;15101
9;1741126356043;15102
3;1741126357646;7258
3;1741126358364;7259
9;1741126362912;15103
3;1741126364276;7260
9;1741126369098;15104
9;1741126372187;15105
3;1741126373684;7261
3;1741126374595;7262
9;1741126374710;15106
9;1741126374977;15107
9;1741126375180;15108
3;1741126375211;7263
3;1741126375844;7264
9;1741126380419;15109
3;1741126383205;7265
3;1741126388613;7266
9;1741126390313;15110
3;1741126396760;7267
3;1741126402547;7268
9;1741126404877;15111
3;1741126405666;7269
9;1741126408740;15112
9;1741126410566;15113
3;1741126410609;7270
9;1741126411145;15114
9;1741126411327;15115
9;1741126415441;15116
3;1741126415967;7271
3;1741126417495;7272
3;1741126433346;7273
3;1741126436164;7274
9;1741126436325;15117
9;1741126442170;15118
9;1741126445891;15119
3;1741126447622;7275
3;1741126447894;7276
9;1741126449829;15120
9;1741126451737;15121
3;1741126451938;7277
9;1741126452456;15122
3;1741126452626;7278
9;1741126457992;15123
3;1741126459245;7279
9;1741126462441;15124
9;1741126464334;15125
3;1741126471508;7280
3;1741126473602;7281
3;1741126477500;7282
9;1741126478899;15126
9;1741126482651;15127
9;1741126483860;15128
9;1741126490030;15129
9;1741126490423;15130
9;1741126490485;15131
9;1741126490933;15132
3;1741126493793;7283
3;1741126494059;7284
3;1741126494608;7285
3;1741126495621;7286
9;1741126498844;15133
3;1741126501036;7287
3;1741126507174;7288
3;1741126510910;7289
3;1741126512157;7290
3;1741126513251;7291
9;1741126513481;15134
3;1741126520842;7292
3;1741126524764;7293
9;1741126527753;15135
9;1741126528688;15136
9;1741126529126;15137
3;1741126534564;7294
9;1741126539431;15138
9;1741126539980;15139
3;1741126540936;7295
9;1741126541093;15140
3;1741126543829;7296
3;1741126546400;7297
3;1741126548771;7298
9;1741126549648;15141
9;1741126554919;15142
9;1741126559061;15143
9;1741126564356;15144
3;1741126568962;7299
9;1741126569458;15145
3;1741126570383;7300
3;1741126571021;7301
9;1741126572757;15146
3;1741126572809;7302
3;1741126575493;7303
9;1741126579524;15147
9;1741126583208;15148
3;1741126583386;7304
9;1741126585018;15149
3;1741126589804;7305
9;1741126590392;15150
9;1741126593754;15151
3;1741126596854;7306
9;1741126597241;15152
9;1741126601676;15153
3;1741126603369;7307
9;1741126605617;15154
3;1741126607106;7308
9;1741126610959;15155
3;1741126612442;7309
9;1741126613001;15156
3;1741126618683;7310
3;1741126622840;7311
3;1741126625113;7312
3;1741126625300;7313
3;1741126631267;7314
9;1741126631572;15157
9;1741126635516;15158
3;1741126635662;7315
9;1741126636734;15159
3;1741126648066;7316
9;1741126648377;15160
3;1741126652023;7317
9;1741126652115;15161
9;1741126654896;15162
3;1741126655793;7318
3;1741126656331;7319
9;1741126661235;15163
9;1741126664245;15164
3;1741126664363;7320
9;1741126664381;15165
9;1741126666070;15166
3;1741126666288;7321
3;1741126669147;7322
9;1741126674121;15167
9;1741126674933;15168
3;1741126682748;7323
3;1741126683437;7324
3;1741126686504;7325
3;1741126689689;7326
9;1741126692506;15169
9;1741126694795;15170
9;1741126698532;15171
9;1741126703085;15172
3;1741126703497;7327
9;1741126705172;15173
9;1741126706982;15174
3;1741126709648;7328
3;1741126714971;7329
3;1741126715977;7330
9;1741126717697;15175
9;1741126719728;15176
3;1741126723793;7331
3;1741126724914;7332
9;1741126727124;15177
3;1741126727593;7333
9;1741126731075;15178
9;1741126731908;15179
3;1741126733854;7334
3;1741126737351;7335
9;1741126743196;15180
3;1741126747795;7336
9;1741126748645;15181
9;1741126753119;15182
3;1741126754918;7337
9;1741126760034;15183
3;1741126764093;7338
9;1741126764763;15184
3;1741126764949;7339
9;1741126765505;15185
9;1741126765751;15186
9;1741126771933;15187
3;1741126772704;7340
3;1741126774392;7341
3;1741126778385;7342
9;1741126779304;15188
9;1741126779952;15189
3;1741126790061;7343
3;1741126791865;7344
9;1741126792612;15190
9;1741126795815;15191
3;1741126797243;7345
3;1741126799724;7346
9;1741126801932;15192
3;1741126805133;7347
3;1741126810606;7348
9;1741126811279;15193
3;1741126812595;7349
9;1741126814496;15194
3;1741126815858;7350
3;1741126817363;7351
3;1741126818275;7352
9;1741126820568;15195
9;1741126821026;15196
9;1741126822855;15197
9;1741126825745;15198
3;1741126827092;7353
9;1741126833352;15199
9;1741126843275;15200
3;1741126844450;7354
9;1741126844929;15201
3;1741126845653;7355
9;1741126846983;15202
3;1741126847877;7356
3;1741126848822;7357
3;1741126849636;7358
3;1741126853098;7359
3;1741126855406;7360
9;1741126857561;15203
9;1741126858767;15204
9;1741126863972;15205
9;1741126873750;15206
9;1741126875181;15207
9;1741126879889;15208
3;1741126881792;7361
3;1741126881848;7362
3;1741126884192;7363
9;1741126884267;15209
3;1741126890959;7364
9;1741126894100;15210
3;1741126894609;7365
9;1741126894702;15211
9;1741126897992;15212
9;1741126908412;15213
3;1741126909878;7366
3;1741126909957;7367
9;1741126910046;15214
9;1741126910875;15215
3;1741126911096;7368
3;1741126915175;7369
9;1741126916282;15216
3;1741126919528;7370
3;1741126919845;7371
9;1741126922019;15217
9;1741126925056;15218
3;1741126927389;7372
3;1741126928452;7373
3;1741126936628;7374
3;1741126939594;7375
9;1741126939772;15219
9;1741126940029;15220
9;1741126940662;15221
3;1741126943368;7376
3;1741126950220;7377
9;1741126956515;15222
3;1741126956668;7378
3;1741126957477;7379
9;1741126958657;15223
3;1741126959543;7380
3;1741126959559;7381
9;1741126966212;15224
9;1741126967461;15225
3;1741126974130;7382
9;1741126974901;15226
9;1741126977280;15227
9;1741126980981;15228
3;1741126984937;7383
3;1741126985506;7384
9;1741126986700;15229
3;1741126987301;7385
9;1741126988523;15230
9;1741126992271;15231
9;1741126994675;15232
9;1741126995809;15233
3;1741127004095;7386
9;1741127004636;15234
3;1741127006694;7387
3;1741127007862;7388
9;1741127009164;15235
3;1741127009951;7389
3;1741127014586;7390
9;1741127019535;15236
3;1741127020573;7391
9;1741127021629;15237
9;1741127022793;15238
9;1741127023229;15239
3;1741127025652;7392
3;1741127033638;7393
9;1741127033941;15240
3;1741127037341;7394
3;1741127040560;7395
3;1741127043177;7396
9;1741127046531;15241
9;1741127048886;15242
3;1741127051381;7397
3;1741127055599;7398
9;1741127055707;15243
3;1741127058187;7399
9;1741127059410;15244
3;1741127063057;7400
9;1741127065104;15245
3;1741127069496;7401
3;1741127072427;7402
9;1741127073900;15246
9;1741127074967;15247
3;1741127075689;7403
9;1741127078433;15248
9;1741127082049;15249
9;1741127083063;15250
9;1741127084861;15251
9;1741127087141;15252
3;1741127089346;7404
3;1741127093087;7405
9;1741127098742;15253
9;1741127101756;15254
3;1741127103189;7406
3;1741127105682;7407
3;1741127106254;7408
9;1741127115921;15255
9;1741127118598;15256
3;1741127120838;7409
9;1741127121810;15257
3;1741127123544;7410
3;1741127125522;7411
3;1741127127063;7412
3;1741127127553;7413
9;1741127128404;15258
9;1741127129449;15259
3;1741127131135;7414
3;1741127135608;7415
3;1741127136349;7416
9;1741127137390;15260
9;1741127141182;15261
9;1741127151012;15262
9;1741127157262;15263
3;1741127157815;7417
9;1741127158258;15264
3;1741127163497;7418
3;1741127164374;7419
3;1741127164945;7420
9;1741127165065;15265
9;1741127168329;15266
3;1741127168670;7421
3;1741127173182;7422
3;1741127175335;7423
9;1741127179174;15267
9;1741127182360;15268
3;1741127182478;7424
3;1741127182730;7425
9;1741127183141;15269
9;1741127185689;15270
9;1741127189977;15271
3;1741127191548;7426
9;1741127191680;15272
3;1741127199396;7427
3;1741127202034;7428
9;1741127203496;15273
3;1741127212057;7429
9;1741127214666;15274
9;1741127218810;15275
9;1741127221197;15276
3;1741127225162;7430
3;1741127225986;7431
9;1741127229245;15277
3;1741127229788;7432
9;1741127230339;15278
3;1741127230435;7433
3;1741127231198;7434
9;1741127238280;15279
3;1741127239165;7435
9;1741127239657;15280
3;1741127241266;7436
9;1741127242232;15281
3;1741127251749;7437
9;1741127252314;15282
3;1741127253497;7438
3;1741127253983;7439
3;1741127256051;7440
9;1741127257359;15283
3;1741127263562;7441
9;1741127265423;15284
9;1741127273873;15285
9;1741127273948;15286
9;1741127274283;15287
3;1741127275981;7442
3;1741127282632;7443
9;1741127286801;15288
9;1741127287712;15289
3;1741127289399;7444
9;1741127290140;15290
9;1741127290847;15291
9;1741127293096;15292
3;1741127296442;7445
3;1741127299278;7446
3;1741127304909;7447
9;1741127305585;15293
9;1741127306819;15294
3;1741127310777;7448
3;1741127315311;7449
9;1741127316011;15295
9;1741127317013;15296
3;1741127317635;7450
3;1741127323090;7451
3;1741127324431;7452
3;1741127329481;7453
9;1741127334241;15297
3;1741127334585;7454
9;1741127335433;15298
9;1741127335618;15299
3;1741127336327;7455
9;1741127337841;15300
3;1741127340176;7456
9;1741127345535;15301
9;1741127346708;15302
3;1741127349165;7457
9;1741127349295;15303
3;1741127350503;7458
3;1741127351474;7459
9;1741127358238;15304
3;1741127359618;7460
9;1741127363923;15305
9;1741127365614;15306
3;1741127369989;7461
9;1741127372345;15307
9;1741127374222;15308
9;1741127376456;15309
3;1741127384378;7462
3;1741127384608;7463
3;1741127388089;7464
9;1741127389263;15310
3;1741127389578;7465
9;1741127391026;15311
3;1741127392102;7466
9;1741127394862;15312
3;1741127396570;7467
9;1741127400628;15313
3;1741127406097;7468
9;1741127408369;15314
3;1741127409815;7469
9;1741127415667;15315
3;1741127417882;7470
9;1741127421752;15316
3;1741127423181;7471
3;1741127423284;7472
9;1741127424683;15317
9;1741127426194;15318
3;1741127430782;7473
3;1741127438053;7474
3;1741127439568;7475
9;1741127440445;15319
9;1741127444418;15320
3;1741127444555;7476
3;1741127444616;7477
9;1741127444688;15321
3;1741127445769;7478
9;1741127450839;15322
9;1741127451978;15323
9;1741127454192;15324
9;1741127456527;15325
3;1741127457133;7479
3;1741127465869;7480
3;1741127471898;7481
3;1741127474356;7482
9;1741127475158;15326
9;1741127480704;15327
9;1741127482137;15328
3;1741127483590;7483
9;1741127487391;15329
3;1741127488653;7484
3;1741127489493;7485
9;1741127490566;15330
9;1741127490751;15331
9;1741127491643;15332
3;1741127494334;7486
3;1741127497970;7487
9;1741127501628;15333
3;1741127502748;7488
3;1741127508647;7489
3;1741127509666;7490
9;1741127515127;15334
9;1741127519735;15335
9;1741127520173;15336
9;1741127525319;15337
3;1741127526484;7491
3;1741127526539;7492
3;1741127526684;7493
9;1741127533652;15338
9;1741127533940;15339
9;1741127534998;15340
3;1741127535086;7494
9;1741127536181;15341
3;1741127539018;7495
3;1741127540229;7496
9;1741127545175;15342
9;1741127548070;15343
3;1741127551342;7497
3;1741127552624;7498
3;1741127553441;7499
9;1741127555243;15344
9;1741127559844;15345
3;1741127564963;7500
9;1741127568045;15346
3;1741127568417;7501
3;1741127570786;7502
3;1741127571681;7503
9;1741127575975;15347
9;1741127584887;15348
3;1741127586089;7504
3;1741127589139;7505
9;1741127589413;15349
9;1741127592054;15350
3;1741127597615;7506
3;1741127602429;7507
9;1741127603291;15351
9;1741127605285;15352
9;1741127605999;15353
3;1741127606889;7508
3;1741127608891;7509
9;1741127615507;15354
3;1741127615908;7510
9;1741127620335;15355
9;1741127620455;15356
9;1741127624251;15357
3;1741127627251;7511
3;1741127630291;7512
9;1741127630826;15358
3;1741127632975;7513
9;1741127635308;15359
3;1741127642398;7514
9;1741127645752;15360
9;1741127648606;15361
3;1741127650972;7515
9;1741127652763;15362
3;1741127656096;7516
9;1741127659413;15363
9;1741127660512;15364
9;1741127661207;15365
3;1741127662293;7517
3;1741127665060;7518
3;1741127665839;7519
9;1741127673306;15366
9;1741127673460;15367
3;1741127674396;7520
3;1741127674914;7521
3;1741127675901;7522
9;1741127679069;15368
9;1741127680397;15369
3;1741127682604;7523
3;1741127687403;7524
3;1741127689018;7525
9;1741127691876;15370
3;1741127692864;7526
9;1741127693523;15371
3;1741127694914;7527
9;1741127696659;15372
3;1741127699054;7528
9;1741127699934;15373
3;1741127700264;7529
9;1741127705255;15374
3;1741127709455;7530
9;1741127714094;15375
3;1741127714918;7531
3;1741127715885;7532
9;1741127722893;15376
9;1741127724244;15377
9;1741127727562;15378
9;1741127728156;15379
9;1741127737120;15380
3;1741127738966;7533
3;1741127740200;7534
3;1741127741220;7535
9;1741127748238;15381
9;1741127751921;15382
9;1741127753183;15383
3;1741127755673;7536
3;1741127757001;7537
3;1741127757820;7538
9;1741127762831;15384
3;1741127764365;7539
3;1741127765108;7540
9;1741127769254;15385
9;1741127771449;15386
3;1741127773125;7541
3;1741127774357;7542
3;1741127774444;7543
9;1741127778781;15387
3;1741127781129;7544
9;1741127786448;15388
3;1741127790347;7545
9;1741127794051;15389
9;1741127797754;15390
9;1741127797943;15391
9;1741127798103;15392
3;1741127798305;7546
3;1741127800230;7547
9;1741127801920;15393
3;1741127802094;7548
3;1741127805887;7549
9;1741127806463;15394
3;1741127808273;7550
9;1741127814987;15395
9;1741127817713;15396
3;1741127818078;7551
9;1741127826318;15397
3;1741127832946;7552
9;1741127833361;15398
3;1741127834262;7553
9;1741127834408;15399
9;1741127835335;15400
3;1741127835928;7554
3;1741127836189;7555
3;1741127844720;7556
3;1741127845226;7557
9;1741127847978;15401
3;1741127851309;7558
9;1741127851943;15402
9;1741127853272;15403
3;1741127856724;7559
9;1741127857644;15404
3;1741127859232;7560
9;1741127863910;15405
3;1741127868397;7561
9;1741127872509;15406
9;1741127876318;15407
3;1741127878871;7562
9;1741127881185;15408
3;1741127881480;7563
9;1741127888281;15409
3;1741127890010;7564
3;1741127890114;7565
3;1741127893116;7566
3;1741127897289;7567
9;1741127898536;15410
9;1741127898616;15411
9;1741127900671;15412
3;1741127903678;7568
3;1741127906545;7569
9;1741127907735;15413
9;1741127910437;15414
9;1741127913054;15415
9;1741127914576;15416
9;1741127915327;15417
3;1741127918267;7570
3;1741127919846;7571
3;1741127921743;7572
3;1741127924915;7573
3;1741127938625;7574
9;1741127938842;15418
9;1741127947355;15419
9;1741127949516;15420
9;1741127949568;15421
3;1741127952770;7575
9;1741127953796;15422
3;1741127955702;7576
9;1741127955880;15423
3;1741127957986;7577
9;1741127958077;15424
9;1741127961027;15425
9;1741127964232;15426
3;1741127964347;7578
3;1741127967001;7579
3;1741127972882;7580
9;1741127973306;15427
3;1741127973457;7581
3;1741127974855;7582
9;1741127975794;15428
3;1741127977226;7583
3;1741127977602;7584
3;1741127980364;7585
9;1741127981754;15429
9;1741127986380;15430
3;1741127994978;7586
9;1741127997498;15431
3;1741128000047;7587
3;1741128001308;7588
9;1741128003004;15432
9;1741128005297;15433
9;1741128007183;15434
3;1741128009169;7589
9;1741128009740;15435
3;1741128012431;7590
9;1741128013967;15436
3;1741128019429;7591
9;1741128021713;15437
9;1741128030778;15438
9;1741128033417;15439
3;1741128034330;7592
9;1741128034344;15440
3;1741128038191;7593
3;1741128038790;7594
3;1741128040405;7595
3;1741128044440;7596
9;1741128047322;15441
9;1741128055775;15442
3;1741128059233;7597
3;1741128059950;7598
3;1741128066408;7599
3;1741128066992;7600
9;1741128068926;15443
3;1741128069238;7601
3;1741128071947;7602
9;1741128075476;15444
3;1741128075528;7603
9;1741128076446;15445
3;1741128077664;7604
9;1741128082488;15446
9;1741128083276;15447
3;1741128088644;7605
3;1741128088881;7606
9;1741128089339;15448
9;1741128090752;15449
3;1741128092459;7607
3;1741128092709;7608
9;1741128096700;15450
9;1741128096784;15451
9;1741128098461;15452
9;1741128098941;15453
9;1741128110011;15454
3;1741128110976;7609
3;1741128118488;7610
3;1741128122709;7611
9;1741128124970;15455
3;1741128125552;7612
3;1741128126498;7613
9;1741128129331;15456
9;1741128130099;15457
9;1741128130822;15458
3;1741128131144;7614
3;1741128134843;7615
9;1741128135109;15459
3;1741128139085;7616
9;1741128141509;15460
9;1741128142847;15461
3;1741128145724;7617
9;1741128157549;15462
9;1741128160729;15463
3;1741128164460;7618
3;1741128164635;7619
9;1741128168502;15464
3;1741128170998;7620
9;1741128172517;15465
9;1741128173145;15466
3;1741128173297;7621
3;1741128175751;7622
3;1741128179940;7623
9;1741128181706;15467
3;1741128184019;7624
9;1741128186297;15468
9;1741128188306;15469
9;1741128188564;15470
3;1741128189155;7625
9;1741128189797;15471
9;1741128193497;15472
3;1741128195001;7626
9;1741128198599;15473
3;1741128200387;7627
9;1741128206088;15474
3;1741128206203;7628
3;1741128207522;7629
9;1741128207567;15475
3;1741128215888;7630
9;1741128218122;15476
3;1741128219790;7631
9;1741128221956;15477
3;1741128222558;7632
3;1741128222954;7633
3;1741128224086;7634
9;1741128228953;15478
9;1741128234613;15479
9;1741128236260;15480
3;1741128248070;7635
9;1741128249117;15481
3;1741128249200;7636
9;1741128250861;15482
3;1741128252708;7637
3;1741128253794;7638
9;1741128254768;15483
3;1741128258047;7639
9;1741128259112;15484
3;1741128260444;7640
9;1741128263342;15485
9;1741128265193;15486
3;1741128266854;7641
3;1741128269622;7642
9;1741128271443;15487
3;1741128273466;7643
9;1741128274226;15488
3;1741128276950;7644
3;1741128284118;7645
9;1741128288932;15489
9;1741128291864;15490
9;1741128294361;15491
3;1741128297749;7646
9;1741128298253;15492
9;1741128301783;15493
9;1741128307318;15494
3;1741128309656;7647
9;1741128310903;15495
3;1741128315071;7648
9;1741128316830;15496
3;1741128317575;7649
3;1741128321053;7650
9;1741128323187;15497
3;1741128324917;7651
9;1741128325522;15498
3;1741128327682;7652
9;1741128328213;15499
3;1741128329613;7653
3;1741128330986;7654
3;1741128331880;7655
3;1741128332354;7656
3;1741128335583;7657
9;1741128345570;15500
3;1741128351259;7658
9;1741128352829;15501
9;1741128358274;15502
9;1741128364792;15503
3;1741128365371;7659
9;1741128367381;15504
3;1741128370179;7660
9;1741128370764;15505
3;1741128372177;7661
9;1741128373842;15506
3;1741128374002;7662
3;1741128376716;7663
9;1741128383501;15507
9;1741128391132;15508
9;1741128391911;15509
3;1741128392553;7664
9;1741128392695;15510
9;1741128393103;15511
9;1741128393665;15512
3;1741128398528;7665
3;1741128399029;7666
9;1741128401372;15513
3;1741128404183;7667
3;1741128406166;7668
9;1741128407506;15514
3;1741128408838;7669
9;1741128409253;15515
3;1741128411915;7670
9;1741128415526;15516
3;1741128417083;7671
3;1741128419804;7672
9;1741128425304;15517
3;1741128425870;7673
9;1741128429497;15518
9;1741128432571;15519
9;1741128434822;15520
3;1741128438035;7674
9;1741128440443;15521
9;1741128441218;15522
3;1741128442889;7675
9;1741128445781;15523
3;1741128448305;7676
3;1741128456255;7677
9;1741128456348;15524
9;1741128459209;15525
3;1741128462914;7678
3;1741128465807;7679
3;1741128470545;7680
9;1741128474284;15526
3;1741128474957;7681
9;1741128475572;15527
9;1741128477930;15528
9;1741128479338;15529
3;1741128481278;7682
3;1741128488057;7683
3;1741128489146;7684
3;1741128489980;7685
9;1741128492533;15530
9;1741128494326;15531
3;1741128501903;7686
9;1741128505046;15532
3;1741128505796;7687
9;1741128509666;15533
3;1741128512023;7688
3;1741128512106;7689
9;1741128515631;15534
9;1741128516243;15535
9;1741128516805;15536
3;1741128519073;7690
3;1741128520645;7691
9;1741128524917;15537
9;1741128529720;15538
9;1741128533719;15539
3;1741128535413;7692
3;1741128537717;7693
9;1741128539450;15540
9;1741128539772;15541
3;1741128540826;7694
3;1741128543266;7695
9;1741128546678;15542
3;1741128548036;7696
9;1741128552394;15543
3;1741128553203;7697
3;1741128558811;7698
3;1741128562524;7699
3;1741128562550;7700
3;1741128562937;7701
9;1741128563165;15544
9;1741128570649;15545
9;1741128576371;15546
9;1741128584116;15547
3;1741128584453;7702
3;1741128584511;7703
3;1741128585020;7704
3;1741128587075;7705
3;1741128587567;7706
9;1741128589604;15548
9;1741128590330;15549
9;1741128591579;15550
9;1741128592252;15551
3;1741128598271;7707
9;1741128598869;15552
9;1741128602362;15553
3;1741128604175;7708
3;1741128607605;7709
3;1741128611506;7710
9;1741128615494;15554
3;1741128616459;7711
3;1741128616472;7712
9;1741128617507;15555
9;1741128627765;15556
9;1741128628156;15557
9;1741128629706;15558
9;1741128630630;15559
3;1741128631352;7713
3;1741128634748;7714
3;1741128636018;7715
3;1741128638628;7716
9;1741128642434;15560
3;1741128642811;7717
9;1741128643396;15561
3;1741128650915;7718
9;1741128653838;15562
3;1741128654984;7719
9;1741128661569;15563
3;1741128664143;7720
9;1741128665746;15564
3;1741128668639;7721
9;1741128669409;15565
3;1741128670031;7722
9;1741128676455;15566
3;1741128681854;7723
3;1741128682172;7724
9;1741128683510;15567
3;1741128684670;7725
9;1741128685515;15568
9;1741128687536;15569
9;1741128687768;15570
3;1741128689471;7726
9;1741128695791;15571
9;1741128698842;15572
9;1741128702886;15573
9;1741128703489;15574
3;1741128703549;7727
3;1741128705645;7728
3;1741128706941;7729
3;1741128714608;7730
9;1741128715693;15575
9;1741128720378;15576
3;1741128721472;7731
9;1741128724143;15577
9;1741128726858;15578
3;1741128730033;7732
9;1741128730086;15579
3;1741128736003;7733
9;1741128740162;15580
3;1741128742398;7734
3;1741128743342;7735
9;1741128744560;15581
3;1741128744730;7736
9;1741128749887;15582
3;1741128750226;7737
9;1741128753030;15583
3;1741128753091;7738
9;1741128758058;15584
3;1741128763110;7739
9;1741128765166;15585
9;1741128773417;15586
3;1741128776154;7740
9;1741128777736;15587
3;1741128780529;7741
3;1741128782996;7742
3;1741128785405;7743
9;1741128788352;15588
3;1741128790986;7744
9;1741128791400;15589
3;1741128793851;7745
9;1741128793957;15590
3;1741128796043;7746
9;1741128796517;15591
3;1741128797182;7747
3;1741128797538;7748
3;1741128800167;7749
9;1741128802824;15592
3;1741128805295;7750
3;1741128806051;7751
9;1741128808103;15593
9;1741128809514;15594
9;1741128809924;15595
9;1741128817779;15596
9;1741128824079;15597
9;1741128828735;15598
9;1741128831473;15599
9;1741128836451;15600
3;1741128839456;7752
9;1741128839623;15601
3;1741128840782;7753
3;1741128841825;7754
3;1741128845063;7755
9;1741128847257;15602
9;1741128850144;15603
3;1741128850352;7756
9;1741128856886;15604
3;1741128860303;7757
9;1741128860809;15605
3;1741128863311;7758
3;1741128863793;7759
3;1741128864029;7760
9;1741128864596;15606
3;1741128867208;7761
3;1741128869999;7762
9;1741128873542;15607
9;1741128875956;15608
3;1741128880650;7763
9;1741128885491;15609
9;1741128891198;15610
3;1741128891961;7764
3;1741128892097;7765
9;1741128892336;15611
3;1741128893426;7766
9;1741128895191;15612
3;1741128896884;7767
3;1741128897629;7768
3;1741128901374;7769
9;1741128903830;15613
9;1741128904199;15614
3;1741128920609;7770
9;1741128921028;15615
9;1741128923484;15616
9;1741128925142;15617
9;1741128928431;15618
3;1741128932562;7771
3;1741128932820;7772
3;1741128933288;7773
9;1741128936702;15619
3;1741128937300;7774
3;1741128940044;7775
9;1741128940783;15620
9;1741128942041;15621
3;1741128947344;7776
3;1741128947590;7777
9;1741128951505;15622
9;1741128953889;15623
9;1741128954552;15624
3;1741128954868;7778
3;1741128956110;7779
9;1741128964405;15625
3;1741128967501;7780
9;1741128967920;15626
9;1741128972267;15627
3;1741128973448;7781
3;1741128980105;7782
9;1741128980238;15628
3;1741128981500;7783
9;1741128983200;15629
3;1741128986347;7784
3;1741128994418;7785
3;1741128994564;7786
9;1741128995198;15630
9;1741128996610;15631
3;1741128996814;7787
3;1741128997428;7788
3;1741128998562;7789
9;1741128999278;15632
9;1741129002890;15633
9;1741129004747;15634
3;1741129010379;7790
9;1741129012687;15635
3;1741129021978;7791
9;1741129028884;15636
3;1741129030300;7792
3;1741129032340;7793
3;1741129033945;7794
9;1741129035911;15637
9;1741129036288;15638
9;1741129037978;15639
9;1741129038436;15640
3;1741129038870;7795
9;1741129043963;15641
9;1741129045454;15642
3;1741129046008;7796
3;1741129047886;7797
3;1741129048803;7798
9;1741129051850;15643
3;1741129052700;7799
3;1741129055690;7800
3;1741129064253;7801
9;1741129068267;15644
9;1741129071859;15645
9;1741129072878;15646
9;1741129075442;15647
9;1741129077072;15648
3;1741129081372;7802
3;1741129082656;7803
3;1741129083066;7804
9;1741129089856;15649
9;1741129090041;15650
3;1741129090078;7805
9;1741129091593;15651
3;1741129097979;7806
9;1741129099210;15652
9;1741129102292;15653
3;1741129105534;7807
3;1741129107876;7808
3;1741129115176;7809
9;1741129118160;15654
3;1741129118751;7810
9;1741129119884;15655
3;1741129121105;7811
3;1741129125601;7812
9;1741129127593;15656
9;1741129129671;15657
9;1741129131057;15658
9;1741129133883;15659
3;1741129135287;7813
9;1741129135658;15660
3;1741129138581;7814
3;1741129139825;7815
3;1741129141835;7816
9;1741129142952;15661
9;1741129144986;15662
3;1741129148244;7817
9;1741129153026;15663
3;1741129154775;7818
3;1741129158683;7819
3;1741129159020;7820
9;1741129160007;15664
3;1741129167328;7821
9;1741129171428;15665
9;1741129172953;15666
9;1741129175299;15667
9;1741129178075;15668
3;1741129178935;7822
3;1741129180193;7823
3;1741129181362;7824
9;1741129184126;15669
9;1741129184988;15670
3;1741129188280;7825
9;1741129192546;15671
3;1741129194037;7826
9;1741129195232;15672
3;1741129195367;7827
3;1741129195854;7828
9;1741129200682;15673
3;1741129205216;7829
9;1741129205321;15674
9;1741129209992;15675
3;1741129210757;7830
9;1741129221900;15676
3;1741129225767;7831
3;1741129226484;7832
9;1741129228066;15677
9;1741129228186;15678
3;1741129228996;7833
3;1741129234663;7834
9;1741129235777;15679
3;1741129236458;7835
3;1741129238462;7836
9;1741129240650;15680
9;1741129242674;15681
3;1741129244809;7837
9;1741129250274;15682
9;1741129257996;15683
3;1741129261374;7838
3;1741129261743;7839
9;1741129263308;15684
3;1741129267105;7840
9;1741129268946;15685
9;1741129273754;15686
3;1741129274825;7841
9;1741129277098;15687
3;1741129278989;7842
3;1741129280549;7843
3;1741129283504;7844
9;1741129284579;15688
9;1741129286677;15689
9;1741129288586;15690
3;1741129289401;7845
3;1741129290643;7846
9;1741129292013;15691
3;1741129292688;7847
9;1741129298037;15692
3;1741129298591;7848
9;1741129300023;15693
3;1741129304955;7849
9;1741129311761;15694
3;1741129316779;7850
9;1741129323985;15695
9;1741129325290;15696
3;1741129326379;7851
9;1741129326550;15697
9;1741129327531;15698
9;1741129328405;15699
3;1741129329268;7852
3;1741129330978;7853
3;1741129333773;7854
3;1741129333994;7855
3;1741129334183;7856
9;1741129347898;15700
9;1741129351209;15701
3;1741129352695;7857
9;1741129355322;15702
9;1741129357327;15703
3;1741129360521;7858
3;1741129360866;7859
9;1741129361187;15704
9;1741129363766;15705
3;1741129365551;7860
9;1741129367823;15706
9;1741129368656;15707
3;1741129368921;7861
3;1741129374205;7862
9;1741129374586;15708
9;1741129375133;15709
9;1741129377614;15710
3;1741129380757;7863
9;1741129387228;15711
3;1741129390098;7864
3;1741129392171;7865
3;1741129393066;7866
3;1741129399221;7867
9;1741129407838;15712
9;1741129410304;15713
3;1741129413242;7868
9;1741129413803;15714
3;1741129414534;7869
9;1741129415720;15715
9;1741129416712;15716
3;1741129418524;7870
9;1741129427477;15717
3;1741129429826;7871
3;1741129432407;7872
9;1741129434067;15718
9;1741129438928;15719
3;1741129440518;7873
9;1741129441069;15720
3;1741129445660;7874
3;1741129446560;7875
3;1741129448354;7876
3;1741129450045;7877
9;1741129452035;15721
9;1741129457239;15722
9;1741129457391;15723
9;1741129460300;15724
3;1741129463470;7878
3;1741129465103;7879
9;1741129467448;15725
9;1741129472831;15726
3;1741129474811;7880
3;1741129474970;7881
9;1741129477319;15727
9;1741129477902;15728
3;1741129478980;7882
9;1741129479627;15729
3;1741129482040;7883
3;1741129484948;7884
9;1741129488063;15730
3;1741129492120;7885
3;1741129492443;7886
9;1741129493156;15731
3;1741129495152;7887
9;1741129504021;15732
3;1741129504731;7888
3;1741129510141;7889
9;1741129510897;15733
3;1741129511527;7890
9;1741129514154;15734
9;1741129516213;15735
9;1741129517497;15736
9;1741129522238;15737
3;1741129522256;7891
9;1741129522328;15738
3;1741129527828;7892
3;1741129529329;7893
9;1741129530754;15739
3;1741129530949;7894
3;1741129531707;7895
9;1741129534226;15740
3;1741129542478;7896
9;1741129543108;15741
3;1741129544822;7897
3;1741129550491;7898
3;1741129551070;7899
9;1741129552825;15742
3;1741129556203;7900
3;1741129557726;7901
9;1741129559374;15743
9;1741129560891;15744
9;1741129561712;15745
9;1741129562075;15746
3;1741129572890;7902
3;1741129574368;7903
9;1741129576669;15747
3;1741129583079;7904
9;1741129587446;15748
9;1741129588601;15749
9;1741129589603;15750
3;1741129592390;7905
9;1741129595472;15751
9;1741129601052;15752
9;1741129603107;15753
3;1741129603716;7906
9;1741129605729;15754
3;1741129605864;7907
3;1741129606964;7908
9;1741129608839;15755
3;1741129611328;7909
3;1741129611418;7910
3;1741129618491;7911
3;1741129623688;7912
9;1741129626146;15756
9;1741129631083;15757
3;1741129633243;7913
9;1741129636867;15758
9;1741129641810;15759
9;1741129644015;15760
3;1741129644112;7914
3;1741129644551;7915
9;1741129647013;15761
3;1741129648648;7916
9;1741129650551;15762
9;1741129651743;15763
3;1741129654299;7917
9;1741129656801;15764
3;1741129656932;7918
3;1741129661173;7919
3;1741129662196;7920
3;1741129667941;7921
3;1741129670472;7922
9;1741129674515;15765
3;1741129676805;7923
9;1741129677252;15766
3;1741129678337;7924
9;1741129682509;15767
9;1741129687942;15768
9;1741129689019;15769
9;1741129691234;15770
9;1741129692936;15771
3;1741129692973;7925
3;1741129696774;7926
3;1741129700925;7927
9;1741129703306;15772
3;1741129703953;7928
3;1741129705669;7929
9;1741129706651;15773
3;1741129711136;7930
3;1741129712217;7931
9;1741129712483;15774
9;1741129712898;15775
9;1741129715316;15776
9;1741129717930;15777
9;1741129720361;15778
3;1741129726203;7932
3;1741129727434;7933
3;1741129727808;7934
3;1741129730081;7935
9;1741129731397;15779
3;1741129741742;7936
9;1741129743732;15780
9;1741129745246;15781
3;1741129746247;7937
9;1741129748989;15782
3;1741129750317;7938
9;1741129751244;15783
9;1741129757478;15784
9;1741129761775;15785
9;1741129762357;15786
3;1741129768285;7939
3;1741129773327;7940
9;1741129777700;15787
3;1741129778083;7941
3;1741129779158;7942
3;1741129779989;7943
9;1741129780601;15788
3;1741129782938;7944
3;1741129783427;7945
9;1741129784834;15789
9;1741129786208;15790
9;1741129793537;15791
3;1741129794041;7946
9;1741129795193;15792
3;1741129795667;7947
9;1741129796107;15793
9;1741129797644;15794
3;1741129801949;7948
3;1741129805898;7949
9;1741129814499;15795
9;1741129814957;15796
3;1741129815145;7950
9;1741129820174;15797
9;1741129821640;15798
3;1741129821808;7951
9;1741129822891;15799
9;1741129831172;15800
3;1741129831238;7952
3;1741129832739;7953
9;1741129840602;15801
3;1741129844183;7954
9;1741129844356;15802
3;1741129845848;7955
9;1741129850875;15803
9;1741129852026;15804
9;1741129853789;15805
3;1741129854121;7956
3;1741129859670;7957
3;1741129861568;7958
3;1741129862115;7959
3;1741129863030;7960
3;1741129867935;7961
9;1741129869325;15806
9;1741129874178;15807
9;1741129877929;15808
9;1741129880171;15809
3;1741129881048;7962
3;1741129881223;7963
9;1741129883421;15810
3;1741129885194;7964
3;1741129887253;7965
9;1741129889934;15811
9;1741129897854;15812
3;1741129898203;7966
9;1741129900808;15813
3;1741129902415;7967
3;1741129908512;7968
9;1741129910850;15814
3;1741129910968;7969
3;1741129911814;7970
9;1741129913024;15815
3;1741129913443;7971
9;1741129916805;15816
9;1741129917306;15817
3;1741129924720;7972
3;1741129934428;7973
3;1741129934719;7974
9;1741129936773;15818
9;1741129937001;15819
9;1741129937271;15820
9;1741129937453;15821
3;1741129940600;7975
3;1741129943209;7976
3;1741129943408;7977
9;1741129944751;15822
9;1741129952288;15823
9;1741129955717;15824
3;1741129959450;7978
9;1741129959530;15825
3;1741129965074;7979
9;1741129970979;15826
3;1741129972926;7980
9;1741129977899;15827
9;1741129978375;15828
9;1741129979020;15829
3;1741129979392;7981
3;1741129980335;7982
3;1741129983151;7983
3;1741129985671;7984
3;1741129996704;7985
3;1741129997150;7986
9;1741129998364;15830
3;1741130001791;7987
9;1741130003957;15831
9;1741130004338;15832
3;1741130004579;7988
3;1741130005178;7989
9;1741130006001;15833
3;1741130007638;7990
9;1741130010808;15834
9;1741130016330;15835
9;1741130017341;15836
3;1741130021127;7991
3;1741130021504;7992
9;1741130027159;15837
9;1741130029520;15838
3;1741130034378;7993
3;1741130039910;7994
9;1741130040765;15839
9;1741130043608;15840
3;1741130043676;7995
3;1741130043687;7996
9;1741130045680;15841
3;1741130051809;7997
9;1741130054086;15842
9;1741130054215;15843
9;1741130057058;15844
3;1741130057372;7998
9;1741130058848;15845
3;1741130060405;7999
3;1741130060892;8000
3;1741130062031;8001
9;1741130066487;15846
3;1741130079193;8002
9;1741130083382;15847
3;1741130083870;8003
3;1741130085880;8004
9;1741130085897;15848
9;1741130088182;15849
3;1741130092385;8005
9;1741130094534;15850
9;1741130098311;15851
3;1741130098917;8006
9;1741130099175;15852
3;1741130099627;8007
9;1741130104192;15853
9;1741130109669;15854
3;1741130113093;8008
9;1741130114708;15855
3;1741130116470;8009
3;1741130116589;8010
9;1741130119525;15856
3;1741130120864;8011
9;1741130123449;15857
3;1741130125220;8012
9;1741130126802;15858
3;1741130134591;8013
3;1741130140420;8014
9;1741130141863;15859
3;1741130144263;8015
3;1741130145027;8016
3;1741130145656;8017
9;1741130148962;15860
9;1741130153653;15861
9;1741130156523;15862
3;1741130157147;8018
9;1741130158190;15863
9;1741130158462;15864
9;1741130161595;15865
3;1741130163979;8019
3;1741130166826;8020
3;1741130168361;8021
9;1741130171176;15866
3;1741130171898;8022
3;1741130177009;8023
9;1741130179388;15867
9;1741130186167;15868
9;1741130190401;15869
3;1741130192920;8024
9;1741130195003;15870
3;1741130198603;8025
3;1741130199232;8026
3;1741130199320;8027
9;1741130200705;15871
3;1741130202013;8028
9;1741130203430;15872
9;1741130203444;15873
9;1741130205525;15874
3;1741130213905;8029
3;1741130219896;8030
9;1741130220141;15875
9;1741130221527;15876
3;1741130222372;8031
9;1741130223475;15877
3;1741130226091;8032
3;1741130226703;8033
3;1741130227908;8034
9;1741130235205;15878
9;1741130236393;15879
9;1741130237846;15880
9;1741130241929;15881
9;1741130244799;15882
9;1741130248373;15883
9;1741130257390;15884
9;1741130257869;15885
9;1741130261026;15886
9;1741130271680;15887
9;1741130275237;15888
9;1741130285559;15889
9;1741130300144;15890
9;1741130307718;15891
9;1741130307927;15892
9;1741130313044;15893
9;1741130313927;15894
9;1741130315224;15895
9;1741130328984;15896
9;1741130329377;15897
9;1741130330184;15898
7;1741130340246;1
9;1741130340476;15899
9;1741130344356;15900
9;1741130345305;15901
9;1741130348554;15902
9;1741130353336;15903
9;1741130356627;15904
7;1741130361864;2
9;1741130363258;15905
7;1741130364308;3
7;1741130368577;4
9;1741130374069;15906
9;1741130375884;15907
9;1741130375995;15908
7;1741130376017;5
7;1741130378122;6
9;1741130385300;15909
9;1741130391797;15910
7;1741130393035;7
7;1741130393270;8
7;1741130393856;9
9;1741130394253;15911
7;1741130397721;10
9;1741130402365;15912
9;1741130403430;15913
9;1741130405177;15914
7;1741130406668;11
7;1741130410619;12
7;1741130411863;13
9;1741130412859;15915
7;1741130417289;14
9;1741130419103;15916
9;1741130425494;15917
9;1741130432270;15918
7;1741130432477;15
7;1741130433144;16
7;1741130433586;17
7;1741130434073;18
9;1741130434753;15919
9;1741130436938;15920
7;1741130438280;19
9;1741130445845;15921
9;1741130445875;15922
7;1741130448223;20
9;1741130448581;15923
7;1741130450963;21
7;1741130452430;22
9;1741130458188;15924
9;1741130461442;15925
7;1741130462612;23
9;1741130466397;15926
7;1741130470136;24
7;1741130471358;25
9;1741130471436;15927
7;1741130473337;26
9;1741130476265;15928
7;1741130476517;27
9;1741130477248;15929
9;1741130487298;15930
7;1741130488594;28
7;1741130488815;29
7;1741130491736;30
9;1741130495464;15931
9;1741130499459;15932
7;1741130500989;31
7;1741130503915;32
9;1741130505479;15933
7;1741130506206;33
9;1741130509174;15934
7;1741130512718;34
9;1741130514661;15935
9;1741130520345;15936
9;1741130521505;15937
7;1741130522535;35
7;1741130527740;36
9;1741130531752;15938
7;1741130537974;37
9;1741130539710;15939
9;1741130541009;15940
9;1741130542768;15941
7;1741130542908;38
9;1741130544255;15942
7;1741130545025;39
7;1741130546799;40
9;1741130547568;15943
7;1741130550136;41
9;1741130556915;15944
7;1741130558961;42
9;1741130562297;15945
9;1741130568226;15946
7;1741130571122;43
9;1741130572549;15947
7;1741130575674;44
9;1741130577474;15948
7;1741130578372;45
7;1741130581364;46
7;1741130586019;47
9;1741130586575;15949
7;1741130587042;48
9;1741130587937;15950
7;1741130588803;49
7;1741130594653;50
9;1741130598941;15951
9;1741130599267;15952
7;1741130599351;51
9;1741130599586;15953
7;1741130610250;52
9;1741130611579;15954
9;1741130612527;15955
7;1741130613111;53
7;1741130617078;54
9;1741130619170;15956
9;1741130622009;15957
7;1741130624715;55
9;1741130627887;15958
7;1741130628266;56
7;1741130628316;57
7;1741130631782;58
9;1741130633756;15959
9;1741130640843;15960
9;1741130646234;15961
7;1741130651440;59
9;1741130651827;15962
9;1741130651910;15963
7;1741130653341;60
7;1741130653701;61
7;1741130661015;62
9;1741130663683;15964
7;1741130667412;63
9;1741130668365;15965
7;1741130668519;64
9;1741130668807;15966
9;1741130671302;15967
9;1741130680574;15968
7;1741130685351;65
7;1741130686690;66
7;1741130691164;67
7;1741130694570;68
9;1741130694795;15969
7;1741130701509;69
9;1741130701924;15970
9;1741130702509;15971
9;1741130703446;15972
9;1741130703533;15973
7;1741130703683;70
7;1741130704594;71
7;1741130708649;72
7;1741130710140;73
9;1741130712411;15974
9;1741130715704;15975
7;1741130717070;74
9;1741130720034;15976
7;1741130723348;75
7;1741130723413;76
7;1741130725043;77
9;1741130726289;15977
9;1741130733903;15978
9;1741130733957;15979
9;1741130738604;15980
9;1741130740516;15981
7;1741130745688;78
7;1741130746521;79
7;1741130752576;80
9;1741130752950;15982
7;1741130753837;81
7;1741130754968;82
9;1741130758302;15983
7;1741130763750;83
7;1741130765698;84
9;1741130768337;15984
9;1741130768924;15985
7;1741130770382;85
9;1741130776275;15986
9;1741130776448;15987
7;1741130778225;86
9;1741130778471;15988
9;1741130787170;15989
7;1741130790282;87
7;1741130790768;88
9;1741130793662;15990
7;1741130794826;89
9;1741130795065;15991
7;1741130795591;90
9;1741130799637;15992
9;1741130803648;15993
7;1741130805685;91
9;1741130807872;15994
7;1741130809847;92
9;1741130812507;15995
7;1741130815493;93
7;1741130820902;94
7;1741130822516;95
7;1741130823670;96
9;1741130829255;15996
9;1741130829520;15997
7;1741130833129;97
9;1741130833696;15998
9;1741130836390;15999
7;1741130836451;98
9;1741130840744;16000
9;1741130844323;16001
9;1741130845862;16002
7;1741130846760;99
7;1741130858719;100
7;1741130862324;101
9;1741130862363;16003
9;1741130863158;16004
7;1741130864613;102
7;1741130865254;103
9;1741130865398;16005
9;1741130869511;16006
7;1741130871383;104
7;1741130871549;105
9;1741130872055;16007
7;1741130877719;106
7;1741130882416;107
9;1741130885295;16008
7;1741130889179;108
7;1741130891549;109
9;1741130892257;16009
9;1741130895477;16010
9;1741130895796;16011
7;1741130895893;110
9;1741130897268;16012
9;1741130898280;16013
7;1741130899662;111
9;1741130899906;16014
7;1741130902078;112
9;1741130902576;16015
7;1741130908285;113
9;1741130914739;16016
7;1741130915005;114
9;1741130920985;16017
7;1741130933057;115
7;1741130934212;116
7;1741130935512;117
7;1741130937634;118
9;1741130937684;16018
9;1741130937982;16019
7;1741130940706;119
9;1741130941786;16020
9;1741130948541;16021
9;1741130948595;16022
9;1741130950016;16023
9;1741130957518;16024
9;1741130959242;16025
7;1741130960317;120
9;1741130967297;16026
7;1741130968098;121
7;1741130968705;122
7;1741130971956;123
7;1741130974830;124
7;1741130976894;125
7;1741130980179;126
7;1741130982074;127
9;1741130986518;16027
9;1741130990415;16028
7;1741130996397;128
9;1741130996712;16029
9;1741130996885;16030
9;1741130997748;16031
7;1741130997955;129
9;1741131000517;16032
9;1741131003357;16033
7;1741131004389;130
7;1741131004419;131
9;1741131012675;16034
7;1741131015400;132
9;1741131017844;16035
7;1741131017947;133
9;1741131019630;16036
7;1741131021064;134
9;1741131024384;16037
7;1741131027488;135
9;1741131030432;16038
7;1741131031366;136
9;1741131033099;16039
9;1741131035724;16040
7;1741131037793;137
9;1741131040087;16041
9;1741131042577;16042
7;1741131043168;138
9;1741131053655;16043
7;1741131054397;139
7;1741131055574;140
9;1741131056987;16044
7;1741131057479;141
7;1741131061969;142
7;1741131067008;143
9;1741131070981;16045
7;1741131071179;144
9;1741131074989;16046
7;1741131078111;145
7;1741131078240;146
7;1741131088052;147
9;1741131089081;16047
7;1741131089334;148
7;1741131089764;149
9;1741131090751;16048
9;1741131091863;16049
9;1741131093607;16050
9;1741131094422;16051
9;1741131095911;16052
9;1741131100042;16053
7;1741131101832;150
9;1741131102933;16054
7;1741131111926;151
7;1741131113652;152
9;1741131117042;16055
7;1741131119747;153
9;1741131120455;16056
7;1741131120670;154
7;1741131121088;155
9;1741131123107;16057
9;1741131124313;16058
9;1741131131938;16059
7;1741131136070;156
9;1741131138064;16060
7;1741131140534;157
7;1741131145233;158
9;1741131145531;16061
9;1741131146544;16062
7;1741131147904;159
7;1741131148504;160
7;1741131151265;161
7;1741131155775;162
9;1741131156632;16063
9;1741131160083;16064
9;1741131163131;16065
7;1741131169298;163
7;1741131170166;164
9;1741131172612;16066
7;1741131172634;165
7;1741131181593;166
9;1741131182027;16067
9;1741131185822;16068
9;1741131185857;16069
9;1741131187515;16070
7;1741131190534;167
9;1741131191566;16071
9;1741131194835;16072
7;1741131194891;168
9;1741131201896;16073
7;1741131202590;169
9;1741131203146;16074
7;1741131208958;170
9;1741131211256;16075
7;1741131211287;171
7;1741131213217;172
9;1741131214986;16076
7;1741131215613;173
9;1741131222938;16077
7;1741131225118;174
9;1741131228177;16078
7;1741131228284;175
9;1741131235913;16079
7;1741131236614;176
9;1741131236677;16080
7;1741131237411;177
9;1741131241473;16081
7;1741131245178;178
9;1741131245499;16082
7;1741131245937;179
7;1741131247200;180
9;1741131255907;16083
7;1741131256395;181
9;1741131256735;16084
7;1741131259209;182
9;1741131262196;16085
9;1741131266885;16086
7;1741131275109;183
7;1741131275365;184
9;1741131275844;16087
7;1741131278235;185
7;1741131282381;186
9;1741131282929;16088
7;1741131286469;187
9;1741131290624;16089
9;1741131291487;16090
9;1741131292714;16091
9;1741131296870;16092
7;1741131297429;188
7;1741131300225;189
9;1741131301215;16093
7;1741131310595;190
9;1741131314158;16094
9;1741131315813;16095
9;1741131318128;16096
7;1741131318890;191
9;1741131320249;16097
9;1741131322180;16098
7;1741131323746;192
7;1741131324446;193
7;1741131325224;194
9;1741131328105;16099
7;1741131331007;195
7;1741131332820;196
7;1741131333536;197
7;1741131336893;198
7;1741131337386;199
9;1741131340411;16100
7;1741131344284;200
9;1741131345605;16101
7;1741131353055;201
7;1741131354554;202
9;1741131357496;16102
9;1741131361517;16103
9;1741131362544;16104
9;1741131367357;16105
9;1741131372771;16106
7;1741131372938;203
7;1741131375417;204
7;1741131375689;205
9;1741131377726;16107
9;1741131378864;16108
9;1741131381485;16109
7;1741131383337;206
9;1741131386359;16110
7;1741131386535;207
9;1741131387545;16111
7;1741131390086;208
7;1741131392166;209
9;1741131397231;16112
9;1741131401583;16113
9;1741131401659;16114
7;1741131404926;210
7;1741131410565;211
7;1741131410919;212
7;1741131413328;213
9;1741131415381;16115
7;1741131418187;214
9;1741131418776;16116
9;1741131428895;16117
9;1741131430905;16118
7;1741131435117;215
7;1741131435487;216
9;1741131435583;16119
7;1741131440348;217
9;1741131441986;16120
9;1741131444215;16121
7;1741131445149;218
7;1741131445391;219
7;1741131445410;220
7;1741131446444;221
9;1741131448904;16122
7;1741131455178;222
7;1741131456920;223
9;1741131461982;16123
7;1741131464370;224
7;1741131465370;225
9;1741131467796;16124
9;1741131470633;16125
7;1741131472851;226
9;1741131474720;16126
9;1741131475414;16127
9;1741131476615;16128
7;1741131478225;227
9;1741131479381;16129
7;1741131486136;228
9;1741131486327;16130
7;1741131492204;229
9;1741131493630;16131
9;1741131500859;16132
9;1741131504995;16133
9;1741131506406;16134
9;1741131512691;16135
7;1741131514506;230
7;1741131514593;231
9;1741131515506;16136
7;1741131515905;232
9;1741131518777;16137
7;1741131519541;233
7;1741131520073;234
9;1741131526538;16138
7;1741131527160;235
9;1741131528755;16139
7;1741131530467;236
7;1741131531534;237
9;1741131534331;16140
7;1741131542655;238
7;1741131544104;239
9;1741131546172;16141
9;1741131548052;16142
7;1741131554023;240
7;1741131556211;241
9;1741131560042;16143
9;1741131562334;16144
9;1741131564945;16145
7;1741131565650;242
7;1741131567141;243
7;1741131568803;244
7;1741131570514;245
7;1741131570711;246
7;1741131571820;247
9;1741131572937;16146
9;1741131576402;16147
9;1741131576535;16148
7;1741131576921;248
9;1741131585719;16149
9;1741131592478;16150
7;1741131607854;249
9;1741131608992;16151
7;1741131609896;250
7;1741131610942;251
9;1741131612019;16152
7;1741131612392;252
7;1741131614805;253
9;1741131615508;16153
7;1741131617554;254
7;1741131618593;255
9;1741131620743;16154
9;1741131623215;16155
9;1741131626732;16156
7;1741131632461;256
9;1741131633873;16157
9;1741131634175;16158
7;1741131636502;257
9;1741131637208;16159
7;1741131640559;258
9;1741131640609;16160
7;1741131642155;259
9;1741131647085;16161
7;1741131652217;260
9;1741131655264;16162
7;1741131656066;261
7;1741131657418;262
7;1741131660320;263
9;1741131661240;16163
7;1741131662305;264
9;1741131662323;16164
9;1741131665264;16165
9;1741131670452;16166
7;1741131676322;265
9;1741131677160;16167
9;1741131678855;16168
7;1741131679455;266
7;1741131681233;267
7;1741131688058;268
9;1741131689065;16169
9;1741131694316;16170
9;1741131695724;16171
9;1741131695893;16172
7;1741131697670;269
7;1741131698124;270
7;1741131698686;271
9;1741131704980;16173
9;1741131709426;16174
9;1741131710871;16175
9;1741131714036;16176
7;1741131714227;272
7;1741131714789;273
9;1741131716704;16177
7;1741131720252;274
7;1741131725055;275
9;1741131728931;16178
9;1741131728970;16179
7;1741131730539;276
7;1741131732557;277
7;1741131740202;278
9;1741131741846;16180
9;1741131744485;16181
7;1741131750088;279
7;1741131751579;280
7;1741131753524;281
9;1741131755574;16182
9;1741131756060;16183
9;1741131758315;16184
7;1741131760582;282
9;1741131765181;16185
7;1741131768265;283
9;1741131770497;16186
7;1741131770521;284
7;1741131773124;285
9;1741131775020;16187
9;1741131780640;16188
7;1741131784630;286
7;1741131785050;287
9;1741131785813;16189
7;1741131788596;288
7;1741131789054;289
9;1741131794232;16190
9;1741131798965;16191
7;1741131799324;290
7;1741131808132;291
9;1741131809050;16192
7;1741131810404;292
9;1741131813585;16193
7;1741131815374;293
9;1741131817921;16194
9;1741131818067;16195
7;1741131818807;294
9;1741131819075;16196
7;1741131820839;295
7;1741131826974;296
9;1741131827023;16197
7;1741131828192;297
7;1741131836079;298
9;1741131836176;16198
9;1741131840335;16199
9;1741131841209;16200
9;1741131842917;16201
7;1741131847517;299
9;1741131847531;16202
7;1741131851242;300
9;1741131852328;16203
7;1741131852585;301
9;1741131857081;16204
9;1741131858252;16205
7;1741131860321;302
7;1741131868683;303
7;1741131869392;304
9;1741131869592;16206
7;1741131871482;305
7;1741131872139;306
7;1741131880525;307
9;1741131881295;16207
9;1741131884239;16208
9;1741131890444;16209
7;1741131890946;308
9;1741131891110;16210
7;1741131891489;309
9;1741131892419;16211
7;1741131906758;310
9;1741131906857;16212
9;1741131907781;16213
7;1741131908330;311
9;1741131909486;16214
9;1741131910434;16215
9;1741131910492;16216
7;1741131913920;312
7;1741131919965;313
7;1741131920443;314
7;1741131923289;315
7;1741131929436;316
9;1741131930059;16217
9;1741131933842;16218
9;1741131937510;16219
7;1741131938196;317
7;1741131939308;318
7;1741131942452;319
9;1741131943874;16220
9;1741131944454;16221
7;1741131949105;320
7;1741131950849;321
7;1741131953377;322
9;1741131954689;16222
9;1741131956475;16223
9;1741131961775;16224
9;1741131963655;16225
9;1741131963680;16226
7;1741131963784;323
9;1741131972258;16227
7;1741131973368;324
9;1741131974385;16228
9;1741131974874;16229
7;1741131976500;325
7;1741131976527;326
9;1741131979636;16230
7;1741131980574;327
7;1741131989261;328
7;1741131991266;329
9;1741131995047;16231
9;1741131995379;16232
9;1741131995437;16233
7;1741132002802;330
7;1741132005384;331
7;1741132007189;332
7;1741132008368;333
9;1741132008635;16234
7;1741132014029;334
9;1741132015114;16235
7;1741132021522;335
9;1741132021888;16236
9;1741132027562;16237
9;1741132028612;16238
9;1741132036216;16239
7;1741132037288;336
9;1741132037452;16240
7;1741132043998;337
7;1741132044932;338
9;1741132045344;16241
7;1741132046084;339
9;1741132047417;16242
7;1741132048115;340
7;1741132052691;341
7;1741132055841;342
9;1741132056123;16243
9;1741132056830;16244
7;1741132057408;343
9;1741132057577;16245
9;1741132057758;16246
7;1741132062626;344
7;1741132063353;345
7;1741132075982;346
9;1741132081274;16247
9;1741132083066;16248
7;1741132084220;347
9;1741132084805;16249
7;1741132085428;348
9;1741132087261;16250
9;1741132090225;16251
7;1741132093599;349
7;1741132104272;350
9;1741132109170;16252
9;1741132110610;16253
9;1741132111916;16254
7;1741132112876;351
9;1741132112942;16255
7;1741132115118;352
9;1741132117381;16256
7;1741132118555;353
9;1741132122633;16257
7;1741132123754;354
7;1741132124184;355
7;1741132128083;356
7;1741132135189;357
9;1741132138231;16258
9;1741132141498;16259
9;1741132142102;16260
9;1741132144424;16261
7;1741132146801;358
9;1741132147350;16262
7;1741132151924;359
7;1741132153120;360
7;1741132153246;361
9;1741132157733;16263
7;1741132162254;362
7;1741132169506;363
9;1741132171433;16264
9;1741132171890;16265
9;1741132172009;16266
7;1741132172805;364
7;1741132176734;365
9;1741132178186;16267
9;1741132178886;16268
9;1741132179205;16269
9;1741132181899;16270
7;1741132186087;366
7;1741132188931;367
7;1741132190812;368
7;1741132196282;369
9;1741132197892;16271
9;1741132200100;16272
7;1741132200963;370
7;1741132202111;371
9;1741132205321;16273
9;1741132211145;16274
7;1741132213101;372
7;1741132214781;373
7;1741132218525;374
9;1741132221571;16275
9;1741132222722;16276
7;1741132225528;375
7;1741132225554;376
7;1741132225649;377
9;1741132228030;16277
9;1741132231978;16278
9;1741132235247;16279
9;1741132235504;16280
7;1741132242960;378
9;1741132244356;16281
7;1741132245319;379
9;1741132248196;16282
7;1741132257045;380
9;1741132260019;16283
9;1741132260308;16284
7;1741132262163;381
9;1741132265070;16285
7;1741132265720;382
9;1741132269639;16286
7;1741132270042;383
7;1741132270914;384
9;1741132275647;16287
9;1741132277053;16288
7;1741132277231;385
9;1741132278213;16289
7;1741132282408;386
7;1741132283431;387
9;1741132285375;16290
7;1741132290135;388
7;1741132290432;389
9;1741132295936;16291
9;1741132297272;16292
7;1741132299759;390
9;1741132302094;16293
7;1741132303572;391
9;1741132306990;16294
7;1741132312242;392
7;1741132312821;393
9;1741132313781;16295
9;1741132317211;16296
7;1741132319684;394
7;1741132322263;395
7;1741132323378;396
9;1741132324034;16297
7;1741132331790;397
9;1741132332032;16298
7;1741132339595;398
9;1741132340105;16299
9;1741132340424;16300
9;1741132341157;16301
7;1741132345342;399
9;1741132348750;16302
7;1741132353248;400
7;1741132353368;401
9;1741132353882;16303
9;1741132353909;16304
7;1741132358017;402
7;1741132364755;403
9;1741132364861;16305
9;1741132375445;16306
9;1741132379219;16307
7;1741132384604;404
9;1741132385671;16308
7;1741132385821;405
9;1741132389834;16309
9;1741132390010;16310
7;1741132391543;406
7;1741132392465;407
7;1741132393926;408
9;1741132396228;16311
9;1741132402722;16312
7;1741132402783;409
7;1741132403239;410
9;1741132409711;16313
7;1741132411044;411
9;1741132412252;16314
7;1741132414333;412
9;1741132416155;16315
9;1741132416384;16316
7;1741132425347;413
7;1741132425986;414
7;1741132426575;415
9;1741132428143;16317
9;1741132434293;16318
7;1741132435724;416
9;1741132435760;16319
7;1741132437533;417
7;1741132438145;418
9;1741132440569;16320
7;1741132442677;419
9;1741132443601;16321
7;1741132446642;420
9;1741132446802;16322
7;1741132450034;421
9;1741132458032;16323
9;1741132460229;16324
7;1741132462567;422
7;1741132462780;423
9;1741132464520;16325
7;1741132468730;424
9;1741132468746;16326
7;1741132471987;425
9;1741132473317;16327
9;1741132475244;16328
9;1741132475778;16329
9;1741132480884;16330
7;1741132483585;426
7;1741132485334;427
9;1741132485684;16331
7;1741132489393;428
7;1741132502799;429
7;1741132503128;430
9;1741132503740;16332
7;1741132504126;431
7;1741132504685;432
9;1741132505840;16333
9;1741132506333;16334
9;1741132514320;16335
9;1741132514794;16336
9;1741132515592;16337
9;1741132522117;16338
7;1741132523613;433
7;1741132525198;434
9;1741132526060;16339
9;1741132531750;16340
7;1741132534633;435
7;1741132536078;436
9;1741132536287;16341
7;1741132539099;437
9;1741132540153;16342
7;1741132540754;438
7;1741132545985;439
7;1741132549666;440
9;1741132554055;16343
7;1741132558941;441
7;1741132559914;442
9;1741132565583;16344
7;1741132568142;443
9;1741132568772;16345
7;1741132569718;444
7;1741132575983;445
9;1741132578627;16346
9;1741132580211;16347
7;1741132582030;446
9;1741132584825;16348
9;1741132586495;16349
7;1741132586685;447
7;1741132587267;448
7;1741132587352;449
7;1741132594852;450
9;1741132595061;16350
9;1741132598032;16351
9;1741132604990;16352
7;1741132606425;451
9;1741132609312;16353
9;1741132609821;16354
7;1741132610851;452
9;1741132613430;16355
7;1741132617604;453
7;1741132619578;454
9;1741132624263;16356
9;1741132628895;16357
7;1741132629603;455
7;1741132631180;456
9;1741132634658;16358
9;1741132638455;16359
7;1741132639104;457
7;1741132645173;458
9;1741132645410;16360
9;1741132645652;16361
7;1741132646605;459
9;1741132649416;16362
7;1741132651971;460
9;1741132652536;16363
7;1741132657660;461
9;1741132662719;16364
9;1741132662753;16365
9;1741132664230;16366
7;1741132666729;462
7;1741132670311;463
9;1741132673218;16367
9;1741132674307;16368
7;1741132676509;464
7;1741132676592;465
7;1741132677814;466
9;1741132680840;16369
7;1741132687575;467
9;1741132688169;16370
9;1741132692289;16371
7;1741132694594;468
9;1741132698320;16372
9;1741132700373;16373
9;1741132703412;16374
7;1741132703673;469
9;1741132705870;16375
7;1741132706454;470
7;1741132712758;471
7;1741132715440;472
7;1741132720636;473
9;1741132725255;16376
9;1741132725560;16377
7;1741132727133;474
7;1741132727682;475
7;1741132730350;476
7;1741132736736;477
9;1741132738302;16378
7;1741132743305;478
9;1741132745910;16379
9;1741132747593;16380
9;1741132747922;16381
7;1741132748331;479
7;1741132749666;480
9;1741132751052;16382
7;1741132752036;481
7;1741132756797;482
9;1741132757354;16383
9;1741132759924;16384
9;1741132764189;16385
7;1741132764600;483
9;1741132768209;16386
9;1741132769671;16387
7;1741132773188;484
7;1741132775568;485
9;1741132776898;16388
7;1741132780590;486
9;1741132782576;16389
7;1741132785275;487
9;1741132785726;16390
9;1741132786207;16391
7;1741132789839;488
7;1741132796065;489
7;1741132801634;490
7;1741132802852;491
9;1741132805274;16392
7;1741132810063;492
7;1741132811828;493
9;1741132813060;16393
7;1741132813766;494
9;1741132813775;16394
9;1741132814411;16395
9;1741132819189;16396
7;1741132830265;495
9;1741132834625;16397
7;1741132834946;496
9;1741132835965;16398
9;1741132840214;16399
7;1741132840664;497
9;1741132841198;16400
9;1741132843541;16401
7;1741132848967;498
7;1741132850719;499
7;1741132850925;500
9;1741132851883;16402
7;1741132852792;501
7;1741132853985;502
9;1741132856752;16403
7;1741132858565;503
7;1741132859353;504
9;1741132861098;16404
7;1741132866303;505
9;1741132866575;16405
7;1741132867533;506
9;1741132869753;16406
9;1741132872807;16407
9;1741132875978;16408
9;1741132878467;16409
7;1741132884154;507
7;1741132892453;508
7;1741132896162;509
9;1741132896829;16410
9;1741132900384;16411
7;1741132900455;510
7;1741132904188;511
7;1741132904511;512
9;1741132907263;16412
9;1741132910390;16413
7;1741132911022;513
9;1741132915424;16414
9;1741132920053;16415
7;1741132921044;514
7;1741132921069;515
7;1741132931026;516
9;1741132933929;16416
9;1741132935041;16417
9;1741132935269;16418
9;1741132937977;16419
7;1741132938599;517
7;1741132943042;518
7;1741132943934;519
9;1741132945321;16420
9;1741132946317;16421
7;1741132947961;520
7;1741132951243;521
7;1741132951665;522
9;1741132958089;16422
9;1741132958581;16423
7;1741132959618;523
9;1741132964472;16424
7;1741132965601;524
9;1741132971601;16425
9;1741132973347;16426
7;1741132980487;525
7;1741132980601;526
7;1741132981388;527
9;1741132982966;16427
9;1741132990866;16428
7;1741132993505;528
9;1741132994149;16429
7;1741132994446;529
9;1741132995981;16430
7;1741133001726;530
7;1741133001984;531
9;1741133002748;16431
9;1741133004711;16432
9;1741133011821;16433
7;1741133011854;532
7;1741133013086;533
9;1741133017559;16434
9;1741133019281;16435
9;1741133020756;16436
9;1741133021984;16437
7;1741133023348;534
7;1741133024417;535
7;1741133024870;536
9;1741133026621;16438
7;1741133029296;537
7;1741133034061;538
9;1741133038852;16439
7;1741133038962;539
7;1741133041423;540
9;1741133042755;16440
9;1741133049183;16441
9;1741133050579;16442
9;1741133053445;16443
7;1741133053803;541
7;1741133054685;542
7;1741133057006;543
9;1741133057764;16444
9;1741133059981;16445
9;1741133061413;16446
7;1741133065647;544
7;1741133066394;545
7;1741133072058;546
7;1741133072109;547
9;1741133073746;16447
9;1741133084887;16448
9;1741133086293;16449
7;1741133088299;548
9;1741133092072;16450
9;1741133098439;16451
7;1741133102429;549
7;1741133102598;550
7;1741133102981;551
9;1741133106682;16452
9;1741133108047;16453
9;1741133108100;16454
7;1741133115092;552
7;1741133115464;553
7;1741133118523;554
9;1741133119221;16455
9;1741133119653;16456
7;1741133120253;555
9;1741133121621;16457
7;1741133122552;556
7;1741133130910;557
9;1741133131460;16458
7;1741133136509;558
9;1741133136699;16459
9;1741133138270;16460
7;1741133141707;559
9;1741133142385;16461
7;1741133146548;560
9;1741133155865;16462
9;1741133160268;16463
7;1741133161450;561
7;1741133164796;562
7;1741133165008;563
9;1741133165559;16464
9;1741133168882;16465
9;1741133169828;16466
7;1741133171007;564
9;1741133174312;16467
9;1741133175965;16468
7;1741133179521;565
9;1741133179772;16469
9;1741133181894;16470
7;1741133188009;566
7;1741133188452;567
7;1741133190588;568
9;1741133193097;16471
9;1741133196876;16472
7;1741133198948;569
9;1741133202062;16473
9;1741133207280;16474
7;1741133210627;570
7;1741133211841;571
9;1741133215543;16475
7;1741133218467;572
7;1741133218488;573
7;1741133219582;574
9;1741133224169;16476
9;1741133224653;16477
9;1741133225082;16478
7;1741133229612;575
7;1741133232235;576
9;1741133232350;16479
9;1741133233669;16480
7;1741133239001;577
9;1741133241079;16481
7;1741133242369;578
7;1741133244798;579
9;1741133245124;16482
9;1741133249874;16483
7;1741133254829;580
9;1741133255251;16484
7;1741133255579;581
7;1741133259082;582
9;1741133264564;16485
7;1741133271230;583
7;1741133273426;584
9;1741133274060;16486
7;1741133278245;585
9;1741133281150;16487
9;1741133281215;16488
9;1741133281362;16489
7;1741133281972;586
7;1741133282194;587
7;1741133284051;588
7;1741133293794;589
9;1741133294587;16490
9;1741133299717;16491
9;1741133299761;16492
9;1741133300486;16493
7;1741133301502;590
7;1741133303078;591
9;1741133304375;16494
7;1741133306764;592
9;1741133318181;16495
7;1741133318373;593
7;1741133318719;594
7;1741133320371;595
9;1741133323726;16496
9;1741133328820;16497
7;1741133333850;596
7;1741133334945;597
7;1741133335946;598
9;1741133336982;16498
9;1741133340918;16499
7;1741133344028;599
9;1741133345340;16500
9;1741133346517;16501
9;1741133347407;16502
7;1741133348235;600
7;1741133350804;601
9;1741133353099;16503
7;1741133355192;602
9;1741133357200;16504
7;1741133364373;603
9;1741133367602;16505
7;1741133372786;604
9;1741133373487;16506
9;1741133376522;16507
7;1741133376601;605
7;1741133378124;606
9;1741133378457;16508
7;1741133383869;607
9;1741133384455;16509
9;1741133384980;16510
7;1741133388803;608
9;1741133392044;16511
7;1741133393320;609
7;1741133399135;610
9;1741133399365;16512
7;1741133403842;611
9;1741133404025;16513
9;1741133404255;16514
9;1741133404268;16515
7;1741133408317;612
7;1741133409781;613
7;1741133416666;614
7;1741133418093;615
9;1741133422975;16516
9;1741133429462;16517
7;1741133435817;616
7;1741133442350;617
9;1741133442693;16518
7;1741133443395;618
9;1741133443656;16519
9;1741133445012;16520
7;1741133449436;619
9;1741133450319;16521
7;1741133452027;620
9;1741133452392;16522
7;1741133452933;621
7;1741133463270;622
7;1741133464037;623
9;1741133464764;16523
9;1741133468255;16524
9;1741133468364;16525
9;1741133469524;16526
7;1741133473514;624
7;1741133478520;625
7;1741133481148;626
9;1741133482561;16527
7;1741133485808;627
9;1741133488957;16528
9;1741133489657;16529
7;1741133491365;628
7;1741133495618;629
7;1741133497160;630
9;1741133499098;16530
9;1741133499368;16531
9;1741133499985;16532
7;1741133501964;631
7;1741133502605;632
7;1741133506300;633
9;1741133508057;16533
9;1741133508475;16534
9;1741133514192;16535
9;1741133520885;16536
7;1741133521145;634
9;1741133521212;16537
7;1741133523257;635
7;1741133526128;636
9;1741133530477;16538
7;1741133535201;637
9;1741133537942;16539
7;1741133540748;638
7;1741133541890;639
7;1741133542780;640
9;1741133548452;16540
9;1741133550268;16541
9;1741133552190;16542
9;1741133552908;16543
9;1741133561851;16544
7;1741133565419;641
9;1741133567890;16545
7;1741133572833;642
7;1741133573426;643
7;1741133574209;644
9;1741133575926;16546
7;1741133576146;645
9;1741133578812;16547
7;1741133580247;646
9;1741133580922;16548
9;1741133583529;16549
7;1741133583897;647
9;1741133584095;16550
7;1741133584386;648
7;1741133587042;649
9;1741133599790;16551
9;1741133604608;16552
7;1741133605935;650
9;1741133607009;16553
7;1741133607057;651
9;1741133608158;16554
9;1741133610932;16555
7;1741133612975;652
7;1741133615570;653
7;1741133618214;654
7;1741133618555;655
9;1741133619366;16556
7;1741133619778;656
7;1741133620402;657
9;1741133623231;16557
7;1741133630496;658
9;1741133633820;16558
7;1741133634943;659
7;1741133642421;660
9;1741133644292;16559
9;1741133645016;16560
9;1741133648740;16561
9;1741133654090;16562
9;1741133658458;16563
9;1741133659069;16564
7;1741133662195;661
7;1741133662357;662
9;1741133662466;16565
7;1741133664987;663
9;1741133673001;16566
9;1741133673320;16567
7;1741133675627;664
7;1741133681447;665
7;1741133681570;666
9;1741133682399;16568
9;1741133684679;16569
9;1741133684830;16570
7;1741133686056;667
7;1741133686751;668
7;1741133697275;669
7;1741133701075;670
7;1741133704249;671
9;1741133704304;16571
9;1741133705270;16572
7;1741133706375;672
9;1741133708847;16573
9;1741133713053;16574
7;1741133713098;673
7;1741133716568;674
9;1741133718500;16575
9;1741133720288;16576
9;1741133720982;16577
9;1741133721051;16578
9;1741133729965;16579
7;1741133733576;675
7;1741133735000;676
7;1741133735259;677
7;1741133735947;678
9;1741133744530;16580
9;1741133747550;16581
9;1741133749674;16582
9;1741133752621;16583
9;1741133756163;16584
7;1741133756751;679
7;1741133758223;680
7;1741133759156;681
9;1741133765454;16585
7;1741133773507;682
7;1741133773797;683
7;1741133776611;684
9;1741133779338;16586
9;1741133780772;16587
9;1741133783293;16588
7;1741133783843;685
7;1741133784144;686
9;1741133785893;16589
7;1741133787495;687
9;1741133787889;16590
9;1741133790583;16591
7;1741133793643;688
9;1741133794218;16592
9;1741133794312;16593
7;1741133797008;689
7;1741133800782;690
9;1741133808628;16594
9;1741133811464;16595
7;1741133812401;691
7;1741133815824;692
7;1741133819179;693
9;1741133821132;16596
7;1741133821678;694
7;1741133823691;695
7;1741133825104;696
9;1741133826535;16597
9;1741133828000;16598
7;1741133835388;697
9;1741133837950;16599
7;1741133841734;698
7;1741133842851;699
7;1741133847413;700
9;1741133847471;16600
7;1741133847824;701
9;1741133850547;16601
7;1741133851395;702
9;1741133852070;16602
7;1741133856229;703
9;1741133856672;16603
9;1741133863391;16604
9;1741133866948;16605
9;1741133871092;16606
7;1741133871226;704
9;1741133871641;16607
7;1741133874744;705
7;1741133878074;706
9;1741133880347;16608
7;1741133886121;707
7;1741133887126;708
9;1741133891867;16609
7;1741133893059;709
9;1741133893965;16610
7;1741133897358;710
9;1741133897762;16611
9;1741133900870;16612
7;1741133902936;711
7;1741133907222;712
9;1741133907483;16613
9;1741133908408;16614
7;1741133915330;713
9;1741133915426;16615
7;1741133916301;714
7;1741133919134;715
7;1741133920813;716
9;1741133921706;16616
9;1741133927021;16617
9;1741133928817;16618
9;1741133931899;16619
7;1741133936136;717
7;1741133936784;718
9;1741133937784;16620
9;1741133942608;16621
9;1741133948616;16622
7;1741133949033;719
7;1741133950160;720
9;1741133956776;16623
7;1741133957203;721
9;1741133959117;16624
9;1741133960410;16625
7;1741133961262;722
7;1741133967097;723
7;1741133971769;724
9;1741133973538;16626
7;1741133976327;725
9;1741133978998;16627
7;1741133980538;726
7;1741133982604;727
9;1741133986472;16628
7;1741133987413;728
9;1741133996511;16629
7;1741133996853;729
7;1741133998232;730
9;1741133998621;16630
9;1741134000552;16631
9;1741134000867;16632
9;1741134006617;16633
9;1741134009863;16634
7;1741134009873;731
7;1741134016029;732
9;1741134018104;16635
7;1741134018925;733
7;1741134026152;734
9;1741134027416;16636
9;1741134028052;16637
9;1741134029360;16638
7;1741134033321;735
7;1741134035813;736
9;1741134037072;16639
9;1741134038289;16640
9;1741134038717;16641
7;1741134042297;737
9;1741134046570;16642
7;1741134049046;738
7;1741134050207;739
7;1741134054643;740
7;1741134057037;741
7;1741134057699;742
9;1741134061140;16643
7;1741134062216;743
9;1741134063533;16644
9;1741134066276;16645
9;1741134066553;16646
7;1741134072482;744
9;1741134074126;16647
9;1741134076956;16648
9;1741134080609;16649
9;1741134081525;16650
7;1741134082854;745
7;1741134084435;746
9;1741134085654;16651
7;1741134088107;747
7;1741134089072;748
9;1741134089671;16652
7;1741134089967;749
7;1741134093055;750
9;1741134103675;16653
9;1741134108187;16654
7;1741134113382;751
9;1741134115141;16655
7;1741134117916;752
9;1741134118864;16656
9;1741134122563;16657
7;1741134122758;753
7;1741134123289;754
7;1741134123926;755
7;1741134128705;756
9;1741134130124;16658
7;1741134133349;757
9;1741134136757;16659
7;1741134138548;758
9;1741134140242;16660
9;1741134145118;16661
7;1741134148533;759
7;1741134149671;760
7;1741134151703;761
9;1741134155322;16662
7;1741134156327;762
9;1741134158381;16663
9;1741134162941;16664
7;1741134167073;763
9;1741134173259;16665
7;1741134174606;764
9;1741134174732;16666
7;1741134175023;765
7;1741134178993;766
9;1741134180166;16667
7;1741134186461;767
9;1741134187806;16668
9;1741134188242;16669
9;1741134189339;16670
7;1741134191059;768
7;1741134192077;769
7;1741134195902;770
9;1741134199242;16671
7;1741134199587;771
9;1741134200584;16672
9;1741134204963;16673
9;1741134205533;16674
9;1741134206486;16675
7;1741134206605;772
9;1741134223537;16676
7;1741134224785;773
7;1741134224798;774
7;1741134225895;775
7;1741134230697;776
9;1741134234609;16677
7;1741134235158;777
9;1741134235859;16678
9;1741134241627;16679
7;1741134243018;778
9;1741134244161;16680
9;1741134245464;16681
7;1741134249206;779
7;1741134249985;780
9;1741134252249;16682
7;1741134256700;781
9;1741134258833;16683
7;1741134259143;782
9;1741134259613;16684
7;1741134262572;783
9;1741134265997;16685
7;1741134266685;784
9;1741134268228;16686
9;1741134269148;16687
7;1741134271907;785
9;1741134272766;16688
7;1741134285816;786
9;1741134289874;16689
9;1741134293386;16690
9;1741134293816;16691
7;1741134294506;787
7;1741134295348;788
7;1741134298899;789
7;1741134300471;790
7;1741134305251;791
9;1741134305923;16692
9;1741134308969;16693
9;1741134310047;16694
7;1741134314692;792
9;1741134318690;16695
7;1741134320013;793
9;1741134322087;16696
7;1741134324751;794
7;1741134324790;795
7;1741134325309;796
9;1741134326754;16697
7;1741134328452;797
9;1741134333904;16698
9;1741134341495;16699
7;1741134344778;798
7;1741134347266;799
9;1741134348989;16700
7;1741134354494;800
9;1741134354509;16701
7;1741134355716;801
9;1741134358120;16702
9;1741134358749;16703
7;1741134363921;802
9;1741134365516;16704
9;1741134366889;16705
7;1741134369362;803
7;1741134374046;804
9;1741134375875;16706
7;1741134377536;805
9;1741134378409;16707
9;1741134378860;16708
7;1741134379093;806
7;1741134386912;807
7;1741134389290;808
9;1741134389955;16709
7;1741134391783;809
9;1741134394346;16710
9;1741134395716;16711
7;1741134397095;810
9;1741134398873;16712
7;1741134407383;811
7;1741134409538;812
7;1741134412625;813
9;1741134413009;16713
9;1741134414152;16714
9;1741134414852;16715
7;1741134416137;814
7;1741134416975;815
9;1741134417619;16716
7;1741134419773;816
9;1741134426585;16717
9;1741134428131;16718
7;1741134435364;817
9;1741134439175;16719
9;1741134439680;16720
7;1741134446473;818
7;1741134449331;819
7;1741134451863;820
9;1741134454866;16721
9;1741134457178;16722
9;1741134458165;16723
7;1741134459060;821
9;1741134460176;16724
7;1741134460194;822
7;1741134463519;823
9;1741134468714;16725
9;1741134471912;16726
7;1741134472163;824
7;1741134477477;825
7;1741134477780;826
9;1741134479495;16727
9;1741134486119;16728
9;1741134486598;16729
7;1741134492217;827
9;1741134492677;16730
9;1741134501438;16731
7;1741134501495;828
7;1741134502200;829
9;1741134504157;16732
7;1741134506172;830
9;1741134506629;16733
9;1741134508582;16734
9;1741134510464;16735
7;1741134516194;831
9;1741134520249;16736
7;1741134520538;832
9;1741134522445;16737
7;1741134523581;833
7;1741134524117;834
7;1741134524930;835
9;1741134532232;16738
7;1741134532818;836
7;1741134533253;837
7;1741134539882;838
7;1741134539968;839
7;1741134545750;840
9;1741134546371;16739
7;1741134547137;841
9;1741134547208;16740
7;1741134549790;842
9;1741134550729;16741
9;1741134553666;16742
9;1741134555322;16743
9;1741134555885;16744
9;1741134556359;16745
9;1741134557648;16746
7;1741134561965;843
7;1741134566535;844
7;1741134574975;845
7;1741134575888;846
7;1741134578824;847
9;1741134579320;16747
9;1741134586782;16748
7;1741134588585;848
9;1741134592563;16749
9;1741134593559;16750
9;1741134596048;16751
9;1741134600608;16752
7;1741134607040;849
7;1741134607652;850
9;1741134607711;16753
9;1741134607718;16754
7;1741134608008;851
7;1741134608235;852
9;1741134608744;16755
7;1741134610203;853
9;1741134619349;16756
7;1741134619565;854
9;1741134620250;16757
7;1741134621125;855
9;1741134622679;16758
9;1741134630100;16759
7;1741134630256;856
9;1741134634211;16760
7;1741134634849;857
7;1741134638399;858
9;1741134639841;16761
9;1741134641026;16762
7;1741134641877;859
7;1741134644030;860
7;1741134652686;861
9;1741134653808;16763
9;1741134654925;16764
7;1741134655676;862
9;1741134658282;16765
9;1741134664954;16766
7;1741134665134;863
7;1741134671092;864
9;1741134672796;16767
9;1741134675751;16768
9;1741134676590;16769
7;1741134678665;865
7;1741134680875;866
7;1741134681888;867
9;1741134682133;16770
7;1741134690748;868
9;1741134691027;16771
7;1741134692432;869
0;1741134692926;7395
0;1741134693617;7396
7;1741134695637;870
0;1741134696537;7397
9;1741134701549;16772
9;1741134705064;16773
9;1741134707622;16774
7;1741134708436;871
7;1741134708478;872
9;1741134709114;16775
7;1741134711332;873
7;1741134715872;874
9;1741134717935;16776
9;1741134719474;16777
7;1741134722852;875
7;1741134725255;876
0;1741134725756;7398
7;1741134727479;877
9;1741134733076;16778
7;1741134734611;878
9;1741134735070;16779
9;1741134743758;16780
7;1741134743856;879
9;1741134748214;16781
9;1741134748569;16782
9;1741134749233;16783
9;1741134756110;16784
9;1741134756571;16785
9;1741134758023;16786
7;1741134759892;880
7;1741134762523;881
7;1741134762658;882
7;1741134769015;883
7;1741134769960;884
7;1741134770235;885
7;1741134772372;886
9;1741134775947;16787
7;1741134777225;887
9;1741134779437;16788
9;1741134781994;16789
9;1741134788062;16790
9;1741134795362;16791
9;1741134797404;16792
7;1741134797537;888
9;1741134797753;16793
7;1741134801521;889
7;1741134804856;890
7;1741134806453;891
7;1741134807533;892
7;1741134809256;893
9;1741134809900;16794
9;1741134810553;16795
7;1741134810912;894
9;1741134814264;16796
7;1741134820167;895
7;1741134822087;896
9;1741134829108;16797
7;1741134829401;897
9;1741134830148;16798
9;1741134832602;16799
9;1741134834303;16800
7;1741134836172;898
9;1741134840047;16801
7;1741134840631;899
7;1741134848896;900
9;1741134852938;16802
9;1741134853382;16803
9;1741134859402;16804
7;1741134861927;901
7;1741134865552;902
9;1741134868569;16805
9;1741134868909;16806
9;1741134874905;16807
7;1741134879591;903
7;1741134879705;904
7;1741134879820;905
9;1741134880622;16808
7;1741134885538;906
9;1741134887157;16809
7;1741134889180;907
9;1741134896052;16810
9;1741134897709;16811
7;1741134897805;908
9;1741134898472;16812
7;1741134901543;909
9;1741134905477;16813
7;1741134907093;910
7;1741134908938;911
7;1741134909335;912
7;1741134910270;913
7;1741134912056;914
9;1741134914269;16814
9;1741134918847;16815
9;1741134926278;16816
9;1741134927013;16817
9;1741134927977;16818
9;1741134929664;16819
9;1741134932669;16820
9;1741134933093;16821
7;1741134933339;915
7;1741134934406;916
7;1741134938752;917
9;1741134941367;16822
7;1741134943359;918
9;1741134951813;16823
7;1741134953378;919
9;1741134954148;16824
7;1741134955440;920
7;1741134958043;921
7;1741134959778;922
7;1741134960294;923
7;1741134963159;924
7;1741134964406;925
9;1741134964488;16825
9;1741134969861;16826
9;1741134972479;16827
9;1741134977594;16828
9;1741134977736;16829
7;1741134983515;926
7;1741134984463;927
9;1741134987041;16830
9;1741134987980;16831
7;1741134990894;928
7;1741134991902;929
9;1741134995490;16832
9;1741135004348;16833
7;1741135005759;930
7;1741135008341;931
7;1741135011406;932
9;1741135011491;16834
7;1741135012423;933
9;1741135022841;16835
9;1741135023569;16836
7;1741135025422;934
7;1741135026261;935
9;1741135030998;16837
7;1741135031455;936
7;1741135034703;937
9;1741135034825;16838
7;1741135035610;938
9;1741135042788;16839
9;1741135048717;16840
9;1741135050211;16841
9;1741135051897;16842
7;1741135052181;939
7;1741135052526;940
7;1741135059116;941
9;1741135059173;16843
7;1741135059298;942
9;1741135059715;16844
7;1741135067780;943
9;1741135069360;16845
7;1741135072557;944
7;1741135074051;945
7;1741135075743;946
7;1741135076137;947
9;1741135076429;16846
9;1741135076725;16847
9;1741135076784;16848
7;1741135078155;948
9;1741135083750;16849
9;1741135084902;16850
7;1741135091013;949
7;1741135092796;950
7;1741135094724;951
9;1741135097903;16851
9;1741135108537;16852
9;1741135114223;16853
9;1741135115262;16854
7;1741135116983;952
9;1741135118601;16855
9;1741135120600;16856
7;1741135121287;953
7;1741135123000;954
9;1741135125455;16857
7;1741135125537;955
7;1741135128218;956
9;1741135131113;16858
9;1741135131827;16859
7;1741135137802;957
9;1741135141318;16860
7;1741135142656;958
9;1741135142753;16861
7;1741135143328;959
7;1741135144241;960
9;1741135149702;16862
7;1741135153468;961
9;1741135158157;16863
9;1741135159759;16864
9;1741135166012;16865
7;1741135166449;962
7;1741135167420;963
7;1741135169014;964
9;1741135170542;16866
7;1741135171676;965
7;1741135172711;966
9;1741135181167;16867
9;1741135184015;16868
9;1741135187381;16869
9;1741135188193;16870
9;1741135189200;16871
7;1741135191406;967
9;1741135194033;16872
7;1741135199612;968
7;1741135200130;969
7;1741135204601;970
9;1741135208720;16873
9;1741135210017;16874
7;1741135210922;971
9;1741135213055;16875
7;1741135215502;972
9;1741135220289;16876
7;1741135221466;973
7;1741135222970;974
9;1741135225325;16877
7;1741135225379;975
7;1741135226356;976
9;1741135230677;16878
9;1741135231584;16879
9;1741135235381;16880
7;1741135235445;977
7;1741135236859;978
7;1741135237013;979
9;1741135237726;16881
7;1741135241748;980
7;1741135246818;981
9;1741135247271;16882
9;1741135247763;16883
7;1741135251168;982
9;1741135257329;16884
9;1741135260651;16885
7;1741135262470;983
7;1741135262572;984
9;1741135268024;16886
9;1741135276016;16887
7;1741135278612;985
9;1741135278860;16888
7;1741135284786;986
7;1741135284900;987
9;1741135290755;16889
9;1741135292342;16890
7;1741135299484;988
7;1741135299665;989
9;1741135300020;16891
9;1741135300047;16892
7;1741135301291;990
9;1741135302466;16893
7;1741135302872;991
9;1741135308558;16894
7;1741135312500;992
7;1741135313270;993
9;1741135316765;16895
7;1741135321549;994
7;1741135323794;995
7;1741135324663;996
9;1741135326132;16896
7;1741135331202;997
9;1741135334586;16897
9;1741135335383;16898
7;1741135339457;998
7;1741135340383;999
9;1741135342475;16899
9;1741135343501;16900
7;1741135346260;1000
9;1741135346486;16901
9;1741135350149;16902
9;1741135353190;16903
9;1741135358913;16904
9;1741135362256;16905
7;1741135363611;1001
7;1741135363761;1002
9;1741135371149;16906
7;1741135371282;1003
7;1741135372309;1004
9;1741135374059;16907
7;1741135375321;1005
9;1741135375720;16908
7;1741135376416;1006
7;1741135379619;1007
9;1741135388550;16909
9;1741135393430;16910
9;1741135393993;16911
7;1741135397575;1008
9;1741135402454;16912
7;1741135403216;1009
9;1741135407159;16913
7;1741135410300;1010
7;1741135411181;1011
7;1741135411481;1012
9;1741135412169;16914
7;1741135414169;1013
9;1741135418160;16915
9;1741135423453;16916
9;1741135425305;16917
9;1741135425712;16918
7;1741135426627;1014
9;1741135427638;16919
9;1741135431176;16920
7;1741135435295;1015
9;1741135437700;16921
7;1741135437895;1016
7;1741135441725;1017
7;1741135442318;1018
7;1741135443828;1019
7;1741135446707;1020
9;1741135448776;16922
7;1741135454542;1021
9;1741135454940;16923
9;1741135455648;16924
9;1741135467442;16925
7;1741135470542;1022
7;1741135472017;1023
7;1741135472101;1024
9;1741135472438;16926
9;1741135476590;16927
7;1741135479188;1025
9;1741135484470;16928
9;1741135484581;16929
9;1741135485397;16930
9;1741135486990;16931
7;1741135487969;1026
7;1741135489506;1027
7;1741135490197;1028
7;1741135498739;1029
7;1741135499854;1030
9;1741135507891;16932
7;1741135508804;1031
9;1741135511235;16933
7;1741135512683;1032
7;1741135512976;1033
9;1741135515289;16934
9;1741135518325;16935
9;1741135520887;16936
7;1741135525581;1034
7;1741135528665;1035
9;1741135529224;16937
9;1741135536786;16938
9;1741135537266;16939
7;1741135537337;1036
9;1741135537434;16940
9;1741135537865;16941
7;1741135538434;1037
9;1741135540512;16942
7;1741135542576;1038
7;1741135548629;1039
7;1741135550808;1040
7;1741135552625;1041
9;1741135558698;16943
7;1741135561416;1042
9;1741135566095;16944
9;1741135566420;16945
7;1741135567841;1043
7;1741135568457;1044
9;1741135570521;16946
7;1741135571199;1045
9;1741135571415;16947
7;1741135571671;1046
9;1741135575991;16948
9;1741135577134;16949
9;1741135579281;16950
7;1741135586779;1047
9;1741135587319;16951
7;1741135593461;1048
7;1741135600131;1049
9;1741135600594;16952
7;1741135602306;1050
7;1741135603151;1051
7;1741135606286;1052
9;1741135607762;16953
9;1741135610020;16954
9;1741135613913;16955
7;1741135614816;1053
7;1741135618266;1054
9;1741135619316;16956
7;1741135621064;1055
9;1741135625202;16957
9;1741135632723;16958
7;1741135637925;1056
7;1741135637978;1057
9;1741135639547;16959
7;1741135643014;1058
9;1741135644024;16960
7;1741135644520;1059
9;1741135645662;16961
7;1741135646252;1060
7;1741135646802;1061
9;1741135647068;16962
7;1741135649373;1062
9;1741135655317;16963
9;1741135655791;16964
9;1741135664024;16965
9;1741135665099;16966
7;1741135669251;1063
9;1741135669408;16967
9;1741135672775;16968
9;1741135676212;16969
7;1741135676834;1064
7;1741135678452;1065
7;1741135679020;1066
7;1741135682231;1067
7;1741135683301;1068
9;1741135687514;16970
7;1741135691645;1069
9;1741135698523;16971
9;1741135703322;16972
7;1741135704424;1070
7;1741135706295;1071
7;1741135707946;1072
7;1741135710929;1073
9;1741135712891;16973
9;1741135715919;16974
9;1741135717536;16975
9;1741135717743;16976
7;1741135719289;1074
7;1741135726983;1075
9;1741135727224;16977
7;1741135729081;1076
7;1741135729321;1077
7;1741135730473;1078
7;1741135731331;1079
9;1741135735482;16978
9;1741135736330;16979
7;1741135737881;1080
9;1741135743853;16980
7;1741135745654;1081
9;1741135746658;16981
9;1741135746859;16982
9;1741135757527;16983
9;1741135761734;16984
7;1741135768001;1082
9;1741135768015;16985
9;1741135769260;16986
7;1741135770619;1083
7;1741135770826;1084
7;1741135772220;1085
9;1741135773263;16987
7;1741135777417;1086
7;1741135779076;1087
7;1741135788674;1088
7;1741135792956;1089
7;1741135793709;1090
9;1741135795446;16988
9;1741135797085;16989
9;1741135799077;16990
7;1741135799361;1091
9;1741135803536;16991
9;1741135804133;16992
9;1741135805943;16993
9;1741135806521;16994
9;1741135808220;16995
9;1741135816834;16996
7;1741135817175;1092
7;1741135817306;1093
9;1741135823051;16997
7;1741135823401;1094
7;1741135824671;1095
7;1741135831982;1096
9;1741135835538;16998
7;1741135835647;1097
7;1741135837327;1098
9;1741135840110;16999
9;1741135840568;17000
7;1741135841383;1099
9;1741135845338;17001
9;1741135852144;17002
9;1741135852382;17003
7;1741135853208;1100
9;1741135855215;17004
7;1741135858691;1101
7;1741135863837;1102
7;1741135865066;1103
7;1741135870261;1104
9;1741135870672;17005
9;1741135870916;17006
7;1741135871525;1105
7;1741135876796;1106
7;1741135877358;1107
9;1741135877466;17007
7;1741135877965;1108
9;1741135878678;17008
9;1741135888417;17009
9;1741135888904;17010
9;1741135894200;17011
7;1741135901801;1109
7;1741135901934;1110
7;1741135905817;1111
7;1741135906695;1112
9;1741135908162;17012
7;1741135910068;1113
9;1741135914005;17013
9;1741135916321;17014
9;1741135916481;17015
9;1741135920326;17016
7;1741135921375;1114
7;1741135923411;1115
9;1741135925764;17017
9;1741135926733;17018
9;1741135929808;17019
7;1741135931477;1116
7;1741135934880;1117
9;1741135937713;17020
9;1741135941983;17021
7;1741135945812;1118
7;1741135948815;1119
9;1741135949024;17022
9;1741135953758;17023
7;1741135957659;1120
7;1741135960027;1121
9;1741135960265;17024
7;1741135960348;1122
9;1741135960775;17025
7;1741135961022;1123
7;1741135965338;1124
9;1741135970381;17026
9;1741135971877;17027
7;1741135972837;1125
9;1741135973290;17028
9;1741135980128;17029
7;1741135981955;1126
7;1741135983843;1127
9;1741135984658;17030
9;1741135985295;17031
7;1741135989627;1128
9;1741135990092;17032
9;1741135993900;17033
9;1741136000444;17034
7;1741136003328;1129
7;1741136005006;1130
7;1741136008443;1131
7;1741136008658;1132
7;1741136012283;1133
9;1741136014471;17035
7;1741136020263;1134
9;1741136020564;17036
7;1741136021725;1135
7;1741136022646;1136
9;1741136025945;17037
9;1741136032067;17038
7;1741136036004;1137
9;1741136037762;17039
9;1741136039430;17040
7;1741136042929;1138
9;1741136043288;17041
9;1741136043900;17042
9;1741136047296;17043
7;1741136047401;1139
7;1741136047508;1140
7;1741136052513;1141
7;1741136053090;1142
9;1741136053811;17044
9;1741136057567;17045
7;1741136057903;1143
9;1741136075737;17046
9;1741136076963;17047
9;1741136078834;17048
7;1741136079102;1144
9;1741136082497;17049
7;1741136083335;1145
9;1741136087293;17050
7;1741136089807;1146
9;1741136091163;17051
7;1741136095846;1147
7;1741136098842;1148
9;1741136101503;17052
7;1741136102532;1149
9;1741136106208;17053
7;1741136107068;1150
9;1741136107289;17054
7;1741136107453;1151
9;1741136108178;17055
7;1741136109304;1152
7;1741136113320;1153
7;1741136113439;1154
7;1741136119717;1155
9;1741136120470;17056
9;1741136122384;17057
9;1741136123701;17058
7;1741136130100;1156
9;1741136131336;17059
9;1741136131402;17060
7;1741136133710;1157
7;1741136138071;1158
7;1741136138082;1159
9;1741136141059;17061
7;1741136143068;1160
9;1741136148998;17062
7;1741136153028;1161
7;1741136153223;1162
9;1741136153549;17063
7;1741136154397;1163
7;1741136163049;1164
9;1741136163710;17064
9;1741136166207;17065
9;1741136176189;17066
9;1741136176987;17067
7;1741136177623;1165
7;1741136183217;1166
7;1741136187359;1167
9;1741136193393;17068
9;1741136193678;17069
7;1741136194976;1168
9;1741136196942;17070
9;1741136199586;17071
7;1741136200929;1169
7;1741136201618;1170
9;1741136202084;17072
7;1741136206233;1171
9;1741136210383;17073
9;1741136210906;17074
9;1741136212803;17075
7;1741136214077;1172
7;1741136218154;1173
9;1741136219448;17076
9;1741136219528;17077
7;1741136224236;1174
9;1741136227726;17078
9;1741136230427;17079
7;1741136230913;1175
7;1741136231858;1176
7;1741136232550;1177
7;1741136233176;1178
9;1741136242694;17080
9;1741136242937;17081
7;1741136247967;1179
7;1741136248111;1180
9;1741136250667;17082
7;1741136251627;1181
9;1741136258057;17083
9;1741136258099;17084
7;1741136258935;1182
9;1741136266877;17085
7;1741136269525;1183
7;1741136270147;1184
7;1741136271503;1185
9;1741136273721;17086
9;1741136273993;17087
7;1741136274426;1186
9;1741136275228;17088
7;1741136276663;1187
9;1741136284314;17089
9;1741136295028;17090
7;1741136300572;1188
9;1741136300689;17091
7;1741136304103;1189
9;1741136304709;17092
7;1741136305277;1190
7;1741136305775;1191
7;1741136307908;1192
9;1741136308512;17093
7;1741136311785;1193
7;1741136315148;1194
9;1741136321588;17094
7;1741136323648;1195
9;1741136323896;17095
7;1741136324826;1196
9;1741136324901;17096
9;1741136324964;17097
9;1741136325042;17098
9;1741136325799;17099
7;1741136327191;1197
7;1741136336238;1198
7;1741136346260;1199
9;1741136348394;17100
9;1741136348718;17101
7;1741136351973;1200
7;1741136353579;1201
7;1741136358100;1202
9;1741136358336;17102
9;1741136365237;17103
7;1741136365931;1203
9;1741136368519;17104
9;1741136370291;17105
9;1741136371695;17106
9;1741136375797;17107
7;1741136378877;1204
9;1741136381678;17108
7;1741136382092;1205
7;1741136385489;1206
9;1741136386548;17109
7;1741136387112;1207
9;1741136393626;17110
9;1741136393696;17111
9;1741136398244;17112
7;1741136399705;1208
7;1741136400493;1209
9;1741136401981;17113
7;1741136402662;1210
7;1741136402681;1211
7;1741136411609;1212
9;1741136415302;17114
7;1741136415389;1213
7;1741136416958;1214
9;1741136417581;17115
9;1741136422548;17116
9;1741136423566;17117
7;1741136424776;1215
7;1741136426003;1216
9;1741136427232;17118
7;1741136428906;1217
7;1741136430713;1218
7;1741136436988;1219
9;1741136439330;17119
9;1741136442918;17120
9;1741136447758;17121
9;1741136452692;17122
9;1741136459304;17123
7;1741136459386;1220
7;1741136460294;1221
9;1741136460909;17124
9;1741136462236;17125
7;1741136467267;1222
7;1741136470167;1223
9;1741136471145;17126
7;1741136475673;1224
9;1741136475744;17127
9;1741136478129;17128
9;1741136481523;17129
9;1741136482071;17130
7;1741136483492;1225
7;1741136484250;1226
7;1741136486219;1227
7;1741136487077;1228
9;1741136488046;17131
7;1741136494702;1229
7;1741136497174;1230
9;1741136497992;17132
9;1741136504884;17133
7;1741136510529;1231
7;1741136513590;1232
9;1741136514659;17134
7;1741136518288;1233
9;1741136519658;17135
9;1741136524554;17136
7;1741136525189;1234
9;1741136528541;17137
7;1741136528675;1235
9;1741136529298;17138
7;1741136536965;1236
7;1741136538715;1237
7;1741136540586;1238
9;1741136540721;17139
7;1741136543891;1239
9;1741136544867;17140
7;1741136547249;1240
9;1741136547519;17141
7;1741136548235;1241
7;1741136551415;1242
9;1741136554068;17142
9;1741136559637;17143
9;1741136561049;17144
9;1741136568590;17145
9;1741136568647;17146
9;1741136573191;17147
7;1741136574211;1243
7;1741136577620;1244
9;1741136581743;17148
7;1741136581924;1245
7;1741136583248;1246
9;1741136586030;17149
9;1741136590553;17150
7;1741136596778;1247
7;1741136596939;1248
9;1741136598471;17151
9;1741136600621;17152
7;1741136601302;1249
7;1741136603147;1250
9;1741136603780;17153
7;1741136604459;1251
7;1741136608078;1252
9;1741136613659;17154
7;1741136615222;1253
7;1741136615949;1254
7;1741136616810;1255
9;1741136619398;17155
9;1741136621062;17156
9;1741136624348;17157
7;1741136625547;1256
9;1741136626301;17158
9;1741136627515;17159
7;1741136629772;1257
7;1741136631760;1258
9;1741136632072;17160
9;1741136645133;17161
7;1741136647121;1259
9;1741136647807;17162
9;1741136652567;17163
9;1741136657017;17164
7;1741136658270;1260
7;1741136659612;1261
9;1741136665685;17165
9;1741136666334;17166
7;1741136667316;1262
7;1741136672318;1263
7;1741136676141;1264
7;1741136677315;1265
9;1741136677634;17167
7;1741136678195;1266
9;1741136678281;17168
7;1741136681310;1267
9;1741136685601;17169
9;1741136685982;17170
7;1741136686486;1268
9;1741136690392;17171
7;1741136691444;1269
9;1741136693962;17172
9;1741136695061;17173
9;1741136702511;17174
7;1741136708582;1270
7;1741136708990;1271
7;1741136711515;1272
7;1741136712785;1273
7;1741136717457;1274
9;1741136725228;17175
7;1741136728546;1275
9;1741136729993;17176
9;1741136732230;17177
7;1741136738542;1276
7;1741136740224;1277
7;1741136740913;1278
9;1741136741058;17178
9;1741136741641;17179
9;1741136742298;17180
7;1741136742731;1279
9;1741136742993;17181
7;1741136743298;1280
9;1741136745189;17182
9;1741136747974;17183
7;1741136748161;1281
7;1741136756296;1282
9;1741136756642;17184
7;1741136757543;1283
9;1741136760766;17185
7;1741136765263;1284
9;1741136769595;17186
9;1741136770369;17187
9;1741136775526;17188
7;1741136776981;1285
9;1741136785525;17189
7;1741136785869;1286
7;1741136789949;1287
7;1741136790090;1288
9;1741136792381;17190
7;1741136793536;1289
9;1741136794599;17191
9;1741136794777;17192
7;1741136797045;1290
7;1741136799999;1291
7;1741136802735;1292
9;1741136803559;17193
9;1741136809046;17194
9;1741136811389;17195
7;1741136812194;1293
9;1741136816092;17196
7;1741136821057;1294
9;1741136822887;17197
9;1741136823178;17198
7;1741136823568;1295
7;1741136829154;1296
7;1741136830415;1297
7;1741136832049;1298
9;1741136832802;17199
7;1741136835200;1299
7;1741136836598;1300
9;1741136844574;17200
7;1741136846022;1301
9;1741136854562;17201
9;1741136854765;17202
9;1741136856734;17203
7;1741136857266;1302
9;1741136857580;17204
7;1741136864872;1303
9;1741136865896;17205
9;1741136866433;17206
7;1741136868900;1304
7;1741136871543;1305
7;1741136877671;1306
7;1741136883792;1307
7;1741136884392;1308
9;1741136885362;17207
7;1741136891132;1309
9;1741136893275;17208
9;1741136893850;17209
7;1741136897231;1310
9;1741136898016;17210
9;1741136898355;17211
9;1741136900760;17212
7;1741136901004;1311
9;1741136903945;17213
7;1741136907160;1312
9;1741136908097;17214
9;1741136910651;17215
7;1741136911850;1313
7;1741136912044;1314
9;1741136912577;17216
7;1741136913301;1315
9;1741136917297;17217
9;1741136927453;17218
9;1741136929802;17219
7;1741136934113;1316
7;1741136934529;1317
9;1741136938590;17220
7;1741136940694;1318
7;1741136941743;1319
9;1741136944365;17221
9;1741136947175;17222
9;1741136947607;17223
9;1741136956885;17224
9;1741136957521;17225
7;1741136961384;1320
7;1741136964418;1321
9;1741136965456;17226
7;1741136968110;1322
7;1741136969572;1323
7;1741136970601;1324
9;1741136970875;17227
7;1741136979356;1325
9;1741136980561;17228
7;1741136981920;1326
9;1741136982266;17229
9;1741136985406;17230
7;1741136988195;1327
7;1741136988776;1328
7;1741136991385;1329
9;1741136992067;17231
7;1741136992142;1330
9;1741136995176;17232
7;1741137010864;1331
9;1741137011503;17233
7;1741137015252;1332
9;1741137018774;17234
7;1741137019074;1333
7;1741137022719;1334
9;1741137023004;17235
9;1741137023740;17236
7;1741137023922;1335
9;1741137028270;17237
7;1741137030093;1336
9;1741137030366;17238
9;1741137032754;17239
7;1741137036270;1337
9;1741137037674;17240
7;1741137041310;1338
7;1741137045706;1339
9;1741137050098;17241
7;1741137051012;1340
9;1741137057227;17242
7;1741137058599;1341
7;1741137060348;1342
7;1741137060951;1343
9;1741137064082;17243
7;1741137067616;1344
9;1741137067980;17244
9;1741137068276;17245
9;1741137069618;17246
9;1741137070902;17247
7;1741137073229;1345
9;1741137074086;17248
7;1741137075293;1346
9;1741137082452;17249
9;1741137084580;17250
7;1741137094342;1347
9;1741137097361;17251
9;1741137097784;17252
7;1741137097965;1348
9;1741137101991;17253
7;1741137103292;1349
9;1741137104750;17254
9;1741137105143;17255
7;1741137105352;1350
7;1741137106907;1351
7;1741137107483;1352
7;1741137116632;1353
9;1741137117317;17256
7;1741137118019;1354
7;1741137121557;1355
9;1741137128280;17257
7;1741137129692;1356
7;1741137134557;1357
9;1741137135097;17258
9;1741137136886;17259
9;1741137137222;17260
9;1741137143586;17261
9;1741137145087;17262
9;1741137145379;17263
7;1741137146839;1358
7;1741137150385;1359
9;1741137158142;17264
7;1741137159355;1360
7;1741137161730;1361
7;1741137161941;1362
9;1741137164325;17265
7;1741137164537;1363
9;1741137165348;17266
7;1741137167995;1364
9;1741137168185;17267
9;1741137168278;17268
7;1741137176632;1365
7;1741137181021;1366
7;1741137183953;1367
9;1741137186895;17269
7;1741137188161;1368
9;1741137189343;17270
9;1741137192483;17271
7;1741137193399;1369
7;1741137193797;1370
9;1741137201703;17272
9;1741137205389;17273
7;1741137205609;1371
9;1741137205950;17274
7;1741137210058;1372
7;1741137211357;1373
9;1741137211883;17275
7;1741137215517;1374
7;1741137218496;1375
9;1741137219457;17276
9;1741137224827;17277
7;1741137226639;1376
9;1741137231797;17278
7;1741137234092;1377
7;1741137237299;1378
7;1741137241034;1379
9;1741137245035;17279
7;1741137245401;1380
9;1741137246788;17280
9;1741137247280;17281
9;1741137248209;17282
9;1741137249442;17283
7;1741137255631;1381
7;1741137258399;1382
7;1741137258620;1383
9;1741137263591;17284
9;1741137264852;17285
9;1741137268121;17286
7;1741137278731;1384
7;1741137281889;1385
7;1741137283280;1386
7;1741137284077;1387
9;1741137284900;17287
9;1741137285780;17288
7;1741137288577;1388
9;1741137290880;17289
9;1741137292412;17290
7;1741137293279;1389
7;1741137294639;1390
7;1741137297049;1391
9;1741137300919;17291
7;1741137302280;1392
9;1741137304094;17292
9;1741137308126;17293
9;1741137310899;17294
7;1741137318276;1393
9;1741137322036;17295
7;1741137322847;1394
9;1741137327143;17296
9;1741137329640;17297
7;1741137329928;1395
7;1741137331676;1396
9;1741137337757;17298
9;1741137339139;17299
9;1741137339742;17300
7;1741137340240;1397
7;1741137340250;1398
9;1741137341424;17301
7;1741137342346;1399
9;1741137346264;17302
9;1741137347102;17303
9;1741137347525;17304
7;1741137352576;1400
7;1741137357048;1401
7;1741137363506;1402
9;1741137367825;17305
9;1741137368118;17306
7;1741137369218;1403
7;1741137372330;1404
9;1741137377576;17307
7;1741137379768;1405
7;1741137384850;1406
7;1741137385976;1407
9;1741137386756;17308
7;1741137390064;1408
7;1741137390856;1409
7;1741137392057;1410
9;1741137392329;17309
9;1741137392478;17310
7;1741137397815;1411
9;1741137397881;17311
9;1741137403218;17312
9;1741137406788;17313
9;1741137412938;17314
9;1741137415104;17315
7;1741137420578;1412
9;1741137421473;17316
7;1741137421535;1413
7;1741137425233;1414
7;1741137428696;1415
9;1741137430073;17317
7;1741137434789;1416
7;1741137438275;1417
9;1741137439431;17318
7;1741137440446;1418
7;1741137442659;1419
9;1741137445199;17319
9;1741137448082;17320
9;1741137449971;17321
7;1741137450630;1420
7;1741137451974;1421
9;1741137453988;17322
7;1741137454998;1422
9;1741137455512;17323
9;1741137458027;17324
9;1741137458274;17325
7;1741137471391;1423
9;1741137474024;17326
7;1741137477231;1424
7;1741137477625;1425
7;1741137479745;1426
9;1741137480435;17327
9;1741137480516;17328
9;1741137483730;17329
7;1741137484125;1427
7;1741137484692;1428
7;1741137487098;1429
9;1741137487692;17330
9;1741137495859;17331
9;1741137501157;17332
9;1741137502798;17333
7;1741137503040;1430
7;1741137505529;1431
7;1741137507822;1432
7;1741137514311;1433
9;1741137516644;17334
