3;1741050767962;1
2;1741050771831;1
1;1741050771925;1
3;1741050772922;2
1;1741050777680;2
1;1741050779584;3
1;1741050787436;4
3;1741050787980;3
3;1741050788035;4
3;1741050792925;5
3;1741050797915;6
3;1741050802920;7
3;1741050807939;8
3;1741050812926;9
3;1741050817933;10
3;1741050822922;11
3;1741050827956;12
3;1741050832933;13
3;1741050837937;14
3;1741050842925;15
3;1741050847931;16
3;1741050852920;17
3;1741050857926;18
3;1741050862914;19
3;1741050867918;20
3;1741050872928;21
3;1741050877918;22
3;1741050882939;23
3;1741050887927;24
3;1741050892959;25
3;1741050897936;26
3;1741050902925;27
3;1741050907927;28
3;1741050912936;29
3;1741050917920;30
0;1741050922761;1
3;1741050922927;31
3;1741050927915;32
3;1741050932922;33
3;1741050937925;34
3;1741050942916;35
3;1741050947920;36
3;1741050952927;37
3;1741050957914;38
3;1741050962920;39
3;1741050967928;40
3;1741050972952;41
3;1741050977920;42
3;1741050982924;43
3;1741050987916;44
3;1741050992920;45
3;1741050997967;46
3;1741051002924;47
3;1741051007926;48
3;1741051012915;49
3;1741051017962;50
3;1741051022923;51
3;1741051027929;52
3;1741051032917;53
3;1741051037937;54
3;1741051042924;55
3;1741051047923;56
3;1741051052961;57
3;1741051057921;58
3;1741051062927;59
3;1741051067931;60
3;1741051072922;61
3;1741051077926;62
3;1741051082915;63
3;1741051087924;64
3;1741051092927;65
3;1741051097928;66
3;1741051112942;67
3;1741051113003;68
3;1741051117915;69
3;1741051122965;70
3;1741051127923;71
3;1741051132931;72
3;1741051137917;73
3;1741051142937;74
3;1741051147926;75
3;1741051152925;76
3;1741051157916;77
3;1741051162935;78
3;1741051167967;79
3;1741051172956;80
3;1741051177918;81
3;1741051182928;82
3;1741051187915;83
3;1741051192920;84
3;1741051197925;85
3;1741051202913;86
3;1741051207921;87
3;1741051212925;88
3;1741051217936;89
3;1741051222924;90
3;1741051227951;91
3;1741051232926;92
3;1741051237935;93
2;1741051240676;2
3;1741051242920;94
3;1741051247938;95
3;1741051252925;96
3;1741051257936;97
3;1741051262918;98
3;1741051267924;99
3;1741051272928;100
3;1741051277928;101
3;1741051282913;102
0;1741051285626;2
3;1741051287935;103
0;1741051288311;3
3;1741051292937;104
0;1741051295065;4
2;1741051297145;3
3;1741051297927;105
1;1741051299119;5
3;1741051302915;106
3;1741051307954;107
2;1741051308227;4
3;1741051312924;108
3;1741051317926;109
1;1741051320973;6
3;1741051322915;110
3;1741051327923;111
3;1741051342928;112
3;1741051342976;113
3;1741051347919;114
3;1741051352950;115
3;1741051357926;116
3;1741051362928;117
3;1741051367954;118
3;1741051372956;119
3;1741051387944;120
3;1741051388019;121
3;1741051392932;122
1;1741051393039;7
3;1741051397938;123
3;1741051402927;124
3;1741051407912;125
3;1741051412919;126
3;1741051417924;127
3;1741051422929;128
3;1741051427932;129
3;1741051432923;130
3;1741051447934;131
3;1741051447987;132
1;1741051452100;8
3;1741051452922;133
1;1741051456208;9
3;1741051457925;134
3;1741051462916;135
3;1741051467933;136
3;1741051472921;137
0;1741051474916;5
3;1741051477955;138
3;1741051482919;139
3;1741051487926;140
2;1741051488280;5
3;1741051492913;141
1;1741051495573;10
3;1741051497933;142
1;1741051498108;11
3;1741051502926;143
1;1741051505573;12
3;1741051507926;144
3;1741051512916;145
1;1741051517530;13
3;1741051517923;146
1;1741051520762;14
3;1741051522923;147
3;1741051527928;148
3;1741051532918;149
3;1741051537922;150
3;1741051547935;151
3;1741051552930;152
3;1741051557931;153
3;1741051562936;154
3;1741051567925;155
0;1741051571181;6
3;1741051572930;156
3;1741051587946;157
3;1741051587995;158
2;1741051591453;6
3;1741051592937;159
3;1741051597955;160
3;1741051602931;161
3;1741051607937;162
3;1741051612928;163
3;1741051617935;164
3;1741051622925;165
3;1741051637946;166
3;1741051638004;167
3;1741051642929;168
3;1741051647936;169
1;1741051649509;15
3;1741051652922;170
1;1741051656243;16
3;1741051657930;171
1;1741051660499;17
3;1741051662933;172
1;1741051665995;18
3;1741051667938;173
2;1741051668741;7
3;1741051672941;174
1;1741051675793;19
2;1741051676086;8
3;1741051677946;175
2;1741051681076;9
3;1741051682954;176
3;1741051687930;177
3;1741051692934;178
3;1741051697935;179
3;1741051702926;180
2;1741051705513;10
1;1741051705847;20
3;1741051707931;181
2;1741051710160;11
1;1741051712114;21
3;1741051712939;182
1;1741051715330;22
3;1741051717929;183
3;1741051722918;184
2;1741051725152;12
3;1741051727927;185
3;1741051732933;186
3;1741051737922;187
1;1741051740258;23
3;1741051742953;188
1;1741051743819;24
3;1741051747918;189
3;1741051752939;190
3;1741051757927;191
3;1741051762934;192
3;1741051767922;193
2;1741051770285;13
3;1741051772929;194
3;1741051777960;195
3;1741051782936;196
3;1741051787924;197
3;1741051792931;198
3;1741051797937;199
3;1741051802928;200
3;1741051807932;201
3;1741051812919;202
3;1741051817928;203
3;1741051822933;204
3;1741051827939;205
3;1741051832925;206
3;1741051837932;207
3;1741051842920;208
3;1741051857951;209
3;1741051857998;210
3;1741051872967;211
3;1741051873029;212
3;1741051877936;213
3;1741051882925;214
3;1741051887947;215
0;1741051897531;7
3;1741051902939;216
3;1741051902986;217
3;1741051917955;218
3;1741051918017;219
3;1741051922929;220
3;1741051927932;221
3;1741051932937;222
3;1741051937925;223
3;1741051952956;224
3;1741051953003;225
3;1741051957926;226
1;1741051962558;25
3;1741051962929;227
3;1741051967934;228
1;1741051972293;26
2;1741051972373;14
3;1741051972966;229
2;1741051975269;15
1;1741051975889;27
3;1741051977926;230
2;1741051980192;16
1;1741051981471;28
0;1741051981903;8
3;1741051982933;231
1;1741051983791;29
2;1741051985599;17
0;1741051985743;9
3;1741051997948;232
3;1741051998010;233
3;1741052002935;234
3;1741052007924;235
3;1741052012929;236
3;1741052017936;237
2;1741052022519;18
0;1741052022615;10
3;1741052022925;238
1;1741052023307;30
2;1741052025591;19
3;1741052027932;239
0;1741052029974;11
1;1741052030454;31
2;1741052030662;20
3;1741052032938;240
3;1741052037928;241
2;1741052041679;21
3;1741052042933;242
3;1741052047924;243
3;1741052052928;244
2;1741052057528;22
3;1741052057935;245
3;1741052062923;246
3;1741052067927;247
2;1741052071679;23
3;1741052072933;248
3;1741052077921;249
3;1741052082925;250
3;1741052087932;251
0;1741052090294;12
3;1741052092936;252
0;1741052096373;13
3;1741052097940;253
3;1741052102932;254
3;1741052107933;255
1;1741052109992;32
3;1741052122950;256
3;1741052122998;257
3;1741052127922;258
3;1741052132927;259
1;1741052136917;33
3;1741052137930;260
3;1741052142937;261
3;1741052147926;262
3;1741052152913;263
3;1741052157949;264
3;1741052162939;265
3;1741052167926;266
2;1741052169919;24
3;1741052172930;267
3;1741052177922;268
2;1741052181272;25
3;1741052182927;269
3;1741052187931;270
3;1741052192938;271
3;1741052197924;272
2;1741052201064;26
3;1741052202925;273
3;1741052207933;274
3;1741052212936;275
3;1741052217938;276
1;1741052220913;34
3;1741052222929;277
1;1741052224746;35
2;1741052225062;27
3;1741052227933;278
3;1741052232936;279
3;1741052237941;280
3;1741052242932;281
2;1741052245403;28
3;1741052247935;282
1;1741052250212;36
3;1741052252926;283
3;1741052257928;284
3;1741052262912;285
3;1741052267949;286
0;1741052272705;14
3;1741052272923;287
3;1741052277946;288
1;1741052282154;37
3;1741052282928;289
3;1741052287936;290
1;1741052291777;38
3;1741052292923;291
1;1741052297171;39
3;1741052297929;292
1;1741052300675;40
3;1741052302936;293
1;1741052303135;41
3;1741052317980;294
3;1741052318044;295
3;1741052322938;296
3;1741052327929;297
3;1741052332935;298
3;1741052337924;299
1;1741052339055;42
3;1741052342929;300
3;1741052347933;301
3;1741052352922;302
3;1741052357927;303
3;1741052362933;304
1;1741052363083;43
3;1741052367924;305
3;1741052372928;306
3;1741052377934;307
1;1741052380104;44
3;1741052382924;308
1;1741052383286;45
3;1741052387927;309
3;1741052392931;310
2;1741052396314;29
3;1741052397919;311
3;1741052402939;312
2;1741052403429;30
1;1741052406338;46
3;1741052407952;313
1;1741052410737;47
2;1741052412175;31
3;1741052412936;314
1;1741052413215;48
1;1741052421380;49
1;1741052423203;50
2;1741052425530;32
3;1741052427951;315
3;1741052428015;316
3;1741052432938;317
3;1741052437929;318
2;1741052440849;33
0;1741052441950;15
3;1741052442933;319
3;1741052447939;320
3;1741052452929;321
3;1741052457933;322
1;1741052461186;51
3;1741052462925;323
3;1741052467930;324
3;1741052472933;325
3;1741052477922;326
1;1741052480205;52
3;1741052482927;327
1;1741052485704;53
3;1741052487931;328
3;1741052492938;329
3;1741052497927;330
1;1741052500449;54
3;1741052502936;331
3;1741052507937;332
1;1741052508034;55
3;1741052512942;333
2;1741052515960;34
1;1741052517832;56
3;1741052517932;334
1;1741052518645;57
2;1741052520167;35
3;1741052522940;335
2;1741052523621;36
1;1741052525072;58
3;1741052528010;336
1;1741052528256;59
3;1741052532934;337
1;1741052533057;60
0;1741052533471;16
3;1741052537938;338
0;1741052538971;17
1;1741052539627;61
3;1741052542929;339
1;1741052545547;62
3;1741052547934;340
1;1741052551573;63
3;1741052552923;341
1;1741052557004;64
0;1741052557731;18
3;1741052557929;342
1;1741052558003;65
3;1741052562935;343
1;1741052563110;66
2;1741052566207;37
3;1741052567925;344
1;1741052568135;67
2;1741052569983;38
0;1741052571549;19
3;1741052572931;345
0;1741052575893;20
3;1741052577936;346
0;1741052578704;21
2;1741052580011;39
1;1741052580619;68
1;1741052585392;69
2;1741052585460;40
1;1741052588084;70
2;1741052590004;41
0;1741052590788;22
3;1741052592952;347
3;1741052592998;348
1;1741052595473;71
3;1741052597939;349
1;1741052604154;72
1;1741052615205;73
1;1741052619342;74
3;1741052622964;350
3;1741052623021;351
3;1741052623094;352
3;1741052627936;353
1;1741052631269;75
3;1741052632924;354
1;1741052634965;76
3;1741052637931;355
1;1741052640320;77
2;1741052640341;42
3;1741052642932;356
3;1741052647940;357
3;1741052652928;358
3;1741052657933;359
1;1741052660937;78
3;1741052662936;360
2;1741052664657;43
0;1741052666689;23
3;1741052667969;361
3;1741052672931;362
1;1741052676808;79
3;1741052677934;363
3;1741052682926;364
3;1741052687935;365
3;1741052692944;366
3;1741052697948;367
3;1741052702981;368
3;1741052707965;369
1;1741052709394;80
3;1741052712961;370
3;1741052717946;371
3;1741052722959;372
3;1741052727936;373
3;1741052732939;374
3;1741052737930;375
3;1741052742936;376
3;1741052747937;377
0;1741052752026;24
3;1741052752945;378
1;1741052754520;81
3;1741052757913;379
3;1741052762937;380
3;1741052767928;381
3;1741052772935;382
3;1741052777926;383
3;1741052782929;384
3;1741052787934;385
3;1741052792924;386
3;1741052797928;387
3;1741052802937;388
3;1741052807939;389
3;1741052812926;390
3;1741052817930;391
3;1741052822936;392
3;1741052827923;393
3;1741052832930;394
1;1741052845619;82
3;1741052847958;395
3;1741052848005;396
3;1741052852933;397
1;1741052855230;83
3;1741052857939;398
3;1741052862928;399
0;1741052865113;25
2;1741052866904;44
3;1741052867933;400
0;1741052870007;26
3;1741052872937;401
2;1741052875411;45
3;1741052877928;402
0;1741052881054;27
3;1741052882933;403
3;1741052887945;404
3;1741052892930;405
0;1741052896929;28
3;1741052897932;406
2;1741052901234;46
3;1741052902924;407
2;1741052905618;47
3;1741052907915;408
3;1741052912922;409
3;1741052917938;410
3;1741052922927;411
3;1741052927935;412
1;1741052930360;84
3;1741052932924;413
1;1741052933925;85
3;1741052937928;414
1;1741052940498;86
3;1741052942933;415
1;1741052943680;87
3;1741052947923;416
3;1741052952971;417
1;1741052957300;88
3;1741052957933;418
3;1741052962924;419
3;1741052967930;420
3;1741052972933;421
3;1741052977937;422
3;1741052982925;423
3;1741052987927;424
3;1741053002957;425
3;1741053002987;426
3;1741053007934;427
3;1741053012937;428
3;1741053017922;429
3;1741053022932;430
3;1741053027933;431
3;1741053032939;432
1;1741053036372;89
0;1741053037256;29
3;1741053037925;433
2;1741053040815;48
3;1741053042932;434
3;1741053047938;435
3;1741053052927;436
3;1741053057933;437
3;1741053062936;438
1;1741053063082;90
3;1741053067926;439
1;1741053068104;91
3;1741053072933;440
1;1741053075502;92
3;1741053087938;441
3;1741053087985;442
3;1741053092927;443
3;1741053097916;444
3;1741053102935;445
3;1741053107926;446
3;1741053112931;447
3;1741053117938;448
3;1741053122927;449
3;1741053127930;450
3;1741053132936;451
3;1741053137938;452
3;1741053142925;453
3;1741053147931;454
3;1741053152935;455
3;1741053157937;456
3;1741053162926;457
3;1741053167933;458
3;1741053172939;459
3;1741053177929;460
2;1741053182033;49
3;1741053182936;461
1;1741053186925;93
3;1741053187940;462
1;1741053190621;94
2;1741053190765;50
3;1741053192927;463
1;1741053197252;95
3;1741053197914;464
3;1741053202937;465
3;1741053207926;466
1;1741053210673;96
3;1741053212944;467
3;1741053217933;468
1;1741053218054;97
3;1741053222924;469
3;1741053227929;470
3;1741053232932;471
3;1741053237937;472
3;1741053242925;473
3;1741053247928;474
3;1741053252921;475
3;1741053257925;476
3;1741053262933;477
1;1741053264990;98
3;1741053267923;478
3;1741053272930;479
3;1741053277935;480
1;1741053281112;99
3;1741053282923;481
3;1741053287929;482
0;1741053292463;30
3;1741053292933;483
3;1741053297937;484
3;1741053302927;485
0;1741053304474;31
3;1741053307932;486
3;1741053312924;487
3;1741053317927;488
3;1741053322930;489
2;1741053327492;51
3;1741053327936;490
3;1741053332925;491
1;1741053337861;100
3;1741053337930;492
3;1741053342937;493
3;1741053347938;494
3;1741053352927;495
3;1741053357933;496
3;1741053362923;497
1;1741053364533;101
3;1741053367928;498
1;1741053368484;102
3;1741053372933;499
1;1741053374016;103
2;1741053376683;52
3;1741053377937;500
3;1741053382942;501
3;1741053387916;502
3;1741053392939;503
1;1741053396979;104
3;1741053397929;504
1;1741053401103;105
3;1741053402933;505
1;1741053406475;106
3;1741053407937;506
3;1741053422952;507
3;1741053422999;508
3;1741053427942;509
3;1741053442938;510
3;1741053443002;511
3;1741053447927;512
3;1741053452933;513
3;1741053457937;514
3;1741053462926;515
3;1741053467929;516
3;1741053472936;517
1;1741053473362;107
3;1741053477940;518
1;1741053481464;108
3;1741053482930;519
3;1741053497942;520
3;1741053497990;521
3;1741053502916;522
1;1741053505999;109
3;1741053507936;523
2;1741053511384;53
3;1741053512925;524
3;1741053517929;525
0;1741053520115;32
1;1741053520285;110
3;1741053522932;526
3;1741053527966;527
3;1741053532932;528
3;1741053537928;529
3;1741053542932;530
3;1741053547937;531
0;1741053548074;33
3;1741053552924;532
3;1741053557930;533
3;1741053562936;534
3;1741053567934;535
1;1741053568936;111
3;1741053572926;536
3;1741053577928;537
2;1741053580866;54
3;1741053582933;538
2;1741053585455;55
3;1741053587937;539
1;1741053592806;112
3;1741053592924;540
3;1741053597930;541
1;1741053598012;113
3;1741053602934;542
1;1741053603066;114
3;1741053607936;543
3;1741053612926;544
3;1741053617929;545
1;1741053620338;115
3;1741053622933;546
1;1741053625069;116
3;1741053627934;547
3;1741053632926;548
3;1741053637932;549
3;1741053642935;550
3;1741053647939;551
3;1741053652944;552
3;1741053657932;553
1;1741053662508;117
3;1741053662939;554
3;1741053667926;555
1;1741053669295;118
3;1741053672930;556
3;1741053677936;557
3;1741053682923;558
3;1741053687926;559
3;1741053692931;560
3;1741053707933;561
1;1741053710087;119
3;1741053712939;562
1;1741053715042;120
2;1741053717357;56
3;1741053717926;563
1;1741053718237;121
2;1741053720445;57
3;1741053722931;564
2;1741053725265;58
1;1741053725740;122
1;1741053729610;123
2;1741053730457;59
1;1741053736336;124
3;1741053737947;565
3;1741053737996;566
1;1741053738125;125
3;1741053742936;567
1;1741053744415;126
0;1741053745039;34
3;1741053747940;568
3;1741053752927;569
3;1741053757934;570
1;1741053758016;127
3;1741053762939;571
2;1741053765604;60
3;1741053767928;572
3;1741053772930;573
3;1741053777920;574
3;1741053782924;575
3;1741053787929;576
3;1741053792934;577
3;1741053797936;578
1;1741053799492;128
3;1741053802967;579
0;1741053802998;35
1;1741053805302;129
3;1741053807929;580
2;1741053808612;61
0;1741053809603;36
1;1741053809987;130
0;1741053822231;37
2;1741053822695;62
3;1741053822942;581
3;1741053823008;582
1;1741053825557;131
0;1741053825817;38
3;1741053827931;583
2;1741053830722;63
3;1741053832937;584
1;1741053834546;132
3;1741053837927;585
3;1741053842933;586
0;1741053845119;39
3;1741053847925;587
0;1741053849165;40
3;1741053852927;588
1;1741053855752;133
3;1741053857915;589
1;1741053858014;134
2;1741053861149;64
3;1741053862914;590
2;1741053863133;65
3;1741053867923;591
3;1741053872939;592
3;1741053877929;593
3;1741053882919;594
3;1741053887967;595
3;1741053892932;596
1;1741053895604;135
3;1741053897932;597
3;1741053902942;598
3;1741053907948;599
3;1741053912926;600
3;1741053927974;601
3;1741053928005;602
3;1741053932931;603
3;1741053937935;604
0;1741053938264;41
2;1741053940568;66
3;1741053942924;605
0;1741053943087;42
3;1741053947928;606
3;1741053952932;607
3;1741053957924;608
3;1741053962928;609
3;1741053967933;610
3;1741053972924;611
3;1741053987952;612
3;1741053988000;613
3;1741053992927;614
2;1741053996633;67
3;1741053997934;615
2;1741054001637;68
3;1741054002924;616
2;1741054003653;69
3;1741054007928;617
2;1741054011373;70
3;1741054012931;618
3;1741054017934;619
3;1741054022923;620
2;1741054025365;71
3;1741054027931;621
3;1741054032918;622
3;1741054037949;623
2;1741054040524;72
3;1741054042929;624
3;1741054047934;625
3;1741054052926;626
3;1741054057930;627
3;1741054062933;628
3;1741054067925;629
3;1741054082945;630
3;1741054082999;631
3;1741054087927;632
3;1741054092929;633
0;1741054095595;43
3;1741054097922;634
0;1741054098331;44
3;1741054102940;635
3;1741054107927;636
3;1741054112934;637
3;1741054117923;638
3;1741054122928;639
3;1741054137945;640
3;1741054137994;641
3;1741054142933;642
3;1741054147938;643
3;1741054152929;644
1;1741054153899;136
3;1741054157935;645
3;1741054162936;646
3;1741054167927;647
3;1741054172929;648
3;1741054177935;649
3;1741054182925;650
3;1741054187946;651
2;1741054190115;73
3;1741054192933;652
1;1741054195167;137
3;1741054197921;653
1;1741054198316;138
2;1741054200828;74
3;1741054202937;654
1;1741054203032;139
3;1741054207955;655
3;1741054212918;656
1;1741054215360;140
3;1741054217940;657
2;1741054219067;75
1;1741054221607;141
3;1741054222947;658
3;1741054227932;659
3;1741054232936;660
3;1741054237950;661
3;1741054242931;662
1;1741054245894;142
3;1741054247934;663
2;1741054250376;76
0;1741054251157;45
3;1741054252923;664
0;1741054257859;46
3;1741054257928;665
3;1741054262934;666
0;1741054263868;47
3;1741054267925;667
1;1741054269119;143
2;1741054269162;77
3;1741054272926;668
1;1741054273352;144
2;1741054273572;78
3;1741054277915;669
0;1741054280196;48
1;1741054280676;145
2;1741054280744;79
3;1741054282933;670
3;1741054287925;671
3;1741054302939;672
3;1741054302984;673
3;1741054307927;674
3;1741054312919;675
3;1741054317923;676
3;1741054322930;677
3;1741054327921;678
3;1741054332942;679
2;1741054334937;80
1;1741054335628;146
3;1741054337931;680
2;1741054340486;81
1;1741054342289;147
3;1741054342935;681
3;1741054347939;682
0;1741054353276;49
0;1741054360633;50
1;1741054361558;148
3;1741054362956;683
3;1741054363003;684
3;1741054367930;685
3;1741054372934;686
3;1741054377923;687
1;1741054381914;149
3;1741054382928;688
1;1741054383210;150
2;1741054385780;82
1;1741054388886;151
2;1741054392404;83
3;1741054397941;689
3;1741054397989;690
1;1741054400719;152
2;1741054401027;84
3;1741054402929;691
3;1741054407937;692
3;1741054412920;693
0;1741054417199;51
3;1741054417940;694
3;1741054422929;695
3;1741054427936;696
3;1741054432924;697
3;1741054437932;698
3;1741054442922;699
3;1741054447927;700
3;1741054452932;701
3;1741054457937;702
1;1741054461337;153
3;1741054462927;703
3;1741054467932;704
0;1741054482269;52
3;1741054482947;705
3;1741054483023;706
3;1741054487932;707
0;1741054490103;53
2;1741054490470;85
1;1741054490720;154
3;1741054492924;708
0;1741054493176;54
1;1741054496851;155
3;1741054497928;709
1;1741054500515;156
3;1741054502934;710
3;1741054507945;711
1;1741054510077;157
3;1741054512932;712
3;1741054517936;713
1;1741054520763;158
3;1741054522926;714
1;1741054523493;159
3;1741054527935;715
1;1741054530393;160
3;1741054532938;716
1;1741054535747;161
0;1741054536399;55
3;1741054537925;717
1;1741054540463;162
3;1741054542916;718
1;1741054545374;163
3;1741054547922;719
3;1741054552930;720
1;1741054555611;164
3;1741054557939;721
1;1741054558679;165
3;1741054562936;722
3;1741054567944;723
3;1741054572931;724
3;1741054577935;725
2;1741054582854;86
3;1741054582923;726
1;1741054585701;166
3;1741054587927;727
1;1741054591357;167
3;1741054592932;728
1;1741054596861;168
3;1741054597939;729
1;1741054600413;169
2;1741054600997;87
3;1741054602928;730
3;1741054607929;731
3;1741054612932;732
1;1741054617565;170
2;1741054617596;88
3;1741054617940;733
1;1741054621880;171
2;1741054621912;89
3;1741054622927;734
1;1741054625640;172
3;1741054627934;735
2;1741054630327;90
1;1741054631157;173
3;1741054632923;736
3;1741054637927;737
3;1741054652941;738
3;1741054652989;739
3;1741054657933;740
3;1741054662922;741
2;1741054667326;91
3;1741054667929;742
3;1741054672935;743
2;1741054675697;92
1;1741054675748;174
3;1741054677921;744
0;1741054679772;56
1;1741054681064;175
3;1741054682941;745
0;1741054685720;57
3;1741054687930;746
2;1741054690196;93
0;1741054690622;58
3;1741054692936;747
2;1741054694252;94
1;1741054696236;176
0;1741054696625;59
3;1741054697928;748
3;1741054702933;749
3;1741054707927;750
1;1741054710222;177
2;1741054710254;95
3;1741054712929;751
1;1741054713047;178
2;1741054715418;96
3;1741054717932;752
2;1741054718088;97
1;1741054720248;179
3;1741054722939;753
1;1741054723825;180
2;1741054725961;98
3;1741054727926;754
3;1741054732931;755
2;1741054735629;99
1;1741054735931;181
3;1741054737922;756
3;1741054742926;757
0;1741054747607;60
3;1741054747933;758
3;1741054752963;759
3;1741054757926;760
3;1741054762917;761
3;1741054767940;762
3;1741054772925;763
3;1741054777930;764
0;1741054779253;61
3;1741054782936;765
1;1741054787666;182
3;1741054787923;766
3;1741054792929;767
1;1741054795803;183
2;1741054796151;100
3;1741054797931;768
1;1741054798471;184
3;1741054802951;769
1;1741054805636;185
3;1741054807935;770
1;1741054811949;186
3;1741054812932;771
2;1741054814541;101
0;1741054815480;62
3;1741054817939;772
2;1741054819306;102
1;1741054821873;187
3;1741054822925;773
1;1741054825462;188
3;1741054827946;774
3;1741054832922;775
3;1741054837928;776
3;1741054842936;777
3;1741054847938;778
2;1741054850076;103
1;1741054852760;189
3;1741054852927;779
1;1741054855031;190
2;1741054855063;104
3;1741054857932;780
2;1741054860919;105
1;1741054862037;191
3;1741054862939;781
3;1741054867928;782
3;1741054882943;783
3;1741054883018;784
3;1741054887930;785
3;1741054902943;786
3;1741054902990;787
3;1741054907932;788
3;1741054912921;789
3;1741054917927;790
3;1741054922931;791
3;1741054927936;792
3;1741054932941;793
3;1741054937928;794
3;1741054942934;795
3;1741054957946;796
3;1741054957992;797
3;1741054962933;798
3;1741054967923;799
0;1741054971085;63
3;1741054972932;800
3;1741054977922;801
3;1741054982928;802
2;1741054996936;106
0;1741054997702;64
3;1741054997957;803
3;1741054998018;804
3;1741055002929;805
3;1741055007935;806
3;1741055012925;807
3;1741055017927;808
3;1741055022930;809
1;1741055025740;192
1;1741055028043;193
3;1741055037962;810
3;1741055038011;811
3;1741055042922;812
2;1741055046818;107
1;1741055046866;194
2;1741055048860;108
1;1741055048881;195
3;1741055057941;813
3;1741055058003;814
3;1741055062925;815
3;1741055067933;816
3;1741055072935;817
3;1741055077936;818
3;1741055082925;819
2;1741055085541;109
3;1741055087932;820
1;1741055089717;196
2;1741055090613;110
3;1741055092922;821
3;1741055097927;822
3;1741055102934;823
3;1741055107939;824
1;1741055108132;197
3;1741055112928;825
1;1741055115128;198
2;1741055115511;111
3;1741055117937;826
2;1741055118424;112
1;1741055119076;199
3;1741055122919;827
1;1741055126207;200
3;1741055127926;828
3;1741055132930;829
0;1741055136491;65
3;1741055137921;830
3;1741055142925;831
1;1741055147699;201
2;1741055147811;113
3;1741055147929;832
1;1741055148147;202
2;1741055150770;114
3;1741055152937;833
1;1741055153463;203
3;1741055157923;834
1;1741055161045;204
3;1741055162928;835
1;1741055165258;205
3;1741055167936;836
3;1741055172938;837
3;1741055177925;838
3;1741055182930;839
3;1741055187936;840
3;1741055192923;841
2;1741055195986;115
3;1741055197929;842
3;1741055202933;843
3;1741055207921;844
3;1741055212929;845
1;1741055215643;206
3;1741055217932;846
1;1741055222609;207
3;1741055222919;847
1;1741055223557;208
3;1741055227927;848
2;1741055230578;116
3;1741055232917;849
1;1741055236333;209
2;1741055237709;117
3;1741055237924;850
1;1741055242313;210
3;1741055242927;851
1;1741055244985;211
3;1741055247932;852
3;1741055252923;853
2;1741055255836;118
0;1741055255905;66
1;1741055256209;212
2;1741055260481;119
1;1741055260891;213
0;1741055261072;67
3;1741055267964;854
1;1741055269701;214
3;1741055272926;855
1;1741055273415;215
0;1741055273895;68
3;1741055277946;856
0;1741055280290;69
1;1741055281920;216
2;1741055282064;120
3;1741055282935;857
3;1741055287923;858
3;1741055292970;859
1;1741055296231;217
3;1741055297933;860
3;1741055302936;861
3;1741055307924;862
3;1741055312930;863
3;1741055317934;864
3;1741055332951;865
3;1741055333013;866
3;1741055337925;867
3;1741055342929;868
3;1741055347934;869
1;1741055352375;218
2;1741055352416;121
0;1741055352711;70
1;1741055357123;219
2;1741055357315;122
3;1741055362953;870
3;1741055362999;871
3;1741055367924;872
1;1741055371834;220
3;1741055372928;873
3;1741055377936;874
3;1741055392947;875
3;1741055392993;876
1;1741055396699;221
3;1741055397937;877
3;1741055402936;878
1;1741055403464;222
2;1741055403507;123
3;1741055407955;879
3;1741055412928;880
3;1741055417932;881
3;1741055422920;882
2;1741055426120;124
3;1741055427934;883
3;1741055432935;884
3;1741055437924;885
1;1741055438654;223
3;1741055442927;886
3;1741055447933;887
3;1741055452924;888
3;1741055457924;889
3;1741055462931;890
3;1741055467937;891
3;1741055472968;892
3;1741055477927;893
3;1741055482931;894
3;1741055487938;895
3;1741055492924;896
3;1741055497930;897
3;1741055502935;898
3;1741055507926;899
0;1741055512637;71
3;1741055512929;900
2;1741055516087;125
0;1741055517399;72
3;1741055517933;901
1;1741055518956;224
0;1741055519569;73
3;1741055522922;902
3;1741055527928;903
3;1741055532930;904
3;1741055537934;905
3;1741055542925;906
3;1741055547930;907
3;1741055552936;908
3;1741055557927;909
2;1741055562409;126
3;1741055562933;910
3;1741055567923;911
3;1741055572911;912
3;1741055577931;913
3;1741055582936;914
3;1741055587925;915
3;1741055592928;916
3;1741055597920;917
3;1741055602959;918
3;1741055607928;919
3;1741055612934;920
3;1741055617922;921
3;1741055622929;922
1;1741055626641;225
3;1741055627931;923
1;1741055632290;226
3;1741055632937;924
3;1741055637928;925
2;1741055639490;127
1;1741055640594;227
3;1741055642917;926
3;1741055647936;927
3;1741055652926;928
3;1741055657933;929
3;1741055662924;930
2;1741055667770;128
3;1741055667925;931
1;1741055668080;228
3;1741055672931;932
3;1741055677922;933
3;1741055682927;934
3;1741055687933;935
3;1741055692920;936
3;1741055697926;937
3;1741055712956;938
3;1741055713002;939
3;1741055717934;940
3;1741055722935;941
3;1741055727925;942
0;1741055731308;74
3;1741055732931;943
1;1741055734032;229
3;1741055737937;944
1;1741055738218;230
3;1741055742926;945
1;1741055746085;231
3;1741055747931;946
1;1741055751907;232
1;1741055755269;233
1;1741055760530;234
3;1741055762973;947
3;1741055763009;948
1;1741055763069;235
3;1741055767923;949
1;1741055768268;236
3;1741055772929;950
3;1741055777931;951
2;1741055782420;129
3;1741055782938;952
3;1741055787926;953
3;1741055792932;954
3;1741055797922;955
3;1741055802925;956
3;1741055807928;957
3;1741055812933;958
3;1741055817922;959
3;1741055822930;960
3;1741055827936;961
3;1741055832957;962
3;1741055837916;963
3;1741055842935;964
3;1741055847926;965
1;1741055851356;237
3;1741055852929;966
3;1741055857937;967
3;1741055862928;968
3;1741055867928;969
3;1741055872934;970
3;1741055877924;971
3;1741055882927;972
3;1741055887933;973
1;1741055891900;238
3;1741055892920;974
1;1741055893279;239
3;1741055897944;975
3;1741055902928;976
3;1741055907936;977
3;1741055912923;978
3;1741055917928;979
3;1741055922933;980
3;1741055927936;981
1;1741055930442;240
3;1741055932941;982
1;1741055934134;241
3;1741055937932;983
3;1741055942923;984
3;1741055947930;985
3;1741055952932;986
3;1741055957936;987
3;1741055962923;988
1;1741055965611;242
3;1741055967930;989
3;1741055982941;990
3;1741055993023;991
3;1741055993078;992
3;1741055997923;993
3;1741056002925;994
3;1741056007932;995
3;1741056012937;996
3;1741056017925;997
3;1741056022932;998
3;1741056027932;999
3;1741056032940;1000
3;1741056037931;1001
3;1741056042935;1002
3;1741056047938;1003
3;1741056052972;1004
3;1741056057913;1005
3;1741056062934;1006
2;1741056065169;130
3;1741056067924;1007
3;1741056072932;1008
3;1741056077936;1009
3;1741056082926;1010
3;1741056097940;1011
3;1741056097987;1012
3;1741056102929;1013
3;1741056107937;1014
3;1741056112925;1015
3;1741056127938;1016
3;1741056128002;1017
3;1741056132925;1018
3;1741056137932;1019
3;1741056142924;1020
3;1741056147927;1021
3;1741056152934;1022
0;1741056157740;75
3;1741056157921;1023
3;1741056162966;1024
3;1741056167931;1025
3;1741056172934;1026
3;1741056177925;1027
3;1741056182929;1028
3;1741056187932;1029
3;1741056192924;1030
3;1741056197929;1031
3;1741056212946;1032
3;1741056212993;1033
3;1741056217936;1034
3;1741056222926;1035
3;1741056227927;1036
1;1741056231505;243
3;1741056232936;1037
3;1741056237924;1038
2;1741056240524;131
3;1741056242929;1039
3;1741056247936;1040
3;1741056252939;1041
3;1741056257945;1042
3;1741056262933;1043
3;1741056267935;1044
1;1741056272621;244
3;1741056272923;1045
1;1741056276284;245
3;1741056277929;1046
1;1741056278626;246
3;1741056282932;1047
1;1741056285374;247
1;1741056288043;248
3;1741056297933;1048
3;1741056298008;1049
3;1741056302925;1050
3;1741056307930;1051
0;1741056310803;76
3;1741056312922;1052
3;1741056317922;1053
3;1741056322927;1054
3;1741056327953;1055
0;1741056332613;77
3;1741056332924;1056
3;1741056347945;1057
3;1741056352926;1058
3;1741056357933;1059
3;1741056362923;1060
3;1741056367929;1061
3;1741056372932;1062
3;1741056377954;1063
3;1741056382923;1064
3;1741056387931;1065
3;1741056392935;1066
3;1741056397926;1067
3;1741056402927;1068
1;1741056407364;249
3;1741056407931;1069
1;1741056410552;250
3;1741056412922;1070
3;1741056417927;1071
3;1741056422933;1072
3;1741056427921;1073
1;1741056432417;251
3;1741056432924;1074
2;1741056435829;132
3;1741056437949;1075
3;1741056442936;1076
3;1741056447921;1077
3;1741056462932;1078
3;1741056462965;1079
2;1741056466252;133
1;1741056466348;252
3;1741056467923;1080
3;1741056472929;1081
1;1741056473003;253
2;1741056477816;134
3;1741056477934;1082
3;1741056482920;1083
3;1741056487928;1084
3;1741056492930;1085
3;1741056497921;1086
3;1741056502925;1087
3;1741056507930;1088
3;1741056512919;1089
3;1741056517924;1090
3;1741056522929;1091
3;1741056527934;1092
3;1741056532923;1093
3;1741056537928;1094
1;1741056540563;254
3;1741056542920;1095
3;1741056547925;1096
3;1741056552946;1097
3;1741056557920;1098
3;1741056562922;1099
3;1741056567926;1100
3;1741056572933;1101
3;1741056577937;1102
2;1741056580268;135
3;1741056582922;1103
3;1741056587930;1104
3;1741056592920;1105
3;1741056597968;1106
3;1741056612958;1107
3;1741056613004;1108
3;1741056617930;1109
1;1741056621609;255
2;1741056621663;136
3;1741056622938;1110
2;1741056623115;137
3;1741056627963;1111
1;1741056630621;256
2;1741056630734;138
3;1741056632928;1112
1;1741056636784;257
3;1741056637933;1113
1;1741056640855;258
3;1741056642939;1114
1;1741056644868;259
3;1741056647928;1115
1;1741056648144;260
2;1741056648184;139
3;1741056652929;1116
3;1741056657935;1117
3;1741056672965;1118
3;1741056673027;1119
1;1741056676699;261
3;1741056677922;1120
3;1741056682926;1121
0;1741056685888;78
3;1741056687932;1122
3;1741056692937;1123
2;1741056695937;140
0;1741056696045;79
3;1741056697923;1124
0;1741056698285;80
2;1741056698445;141
3;1741056702929;1125
0;1741056705803;81
3;1741056707933;1126
3;1741056712939;1127
3;1741056717928;1128
3;1741056722930;1129
3;1741056727919;1130
3;1741056732925;1131
3;1741056737930;1132
3;1741056742932;1133
3;1741056757950;1134
3;1741056757997;1135
2;1741056760896;142
3;1741056762924;1136
3;1741056767929;1137
3;1741056772936;1138
1;1741056774193;262
3;1741056777923;1139
1;1741056778301;263
3;1741056782929;1140
2;1741056785211;143
1;1741056785547;264
3;1741056787933;1141
1;1741056791216;265
3;1741056792925;1142
3;1741056797931;1143
3;1741056802920;1144
1;1741056805938;266
3;1741056807912;1145
1;1741056808066;267
2;1741056810802;144
3;1741056822946;1146
3;1741056822993;1147
3;1741056827934;1148
3;1741056832924;1149
3;1741056837929;1150
3;1741056842919;1151
3;1741056847927;1152
3;1741056852931;1153
3;1741056857920;1154
3;1741056862925;1155
3;1741056867933;1156
3;1741056872937;1157
3;1741056877924;1158
2;1741056881598;145
3;1741056882930;1159
3;1741056887920;1160
3;1741056892925;1161
0;1741056897782;82
3;1741056897931;1162
3;1741056902935;1163
3;1741056907923;1164
3;1741056912929;1165
3;1741056917932;1166
3;1741056922926;1167
1;1741056929521;268
1;1741056935277;269
2;1741056935309;146
3;1741056937940;1168
3;1741056938015;1169
1;1741056940813;270
3;1741056942926;1170
1;1741056945257;271
2;1741056945557;147
3;1741056947934;1171
0;1741056950544;83
2;1741056950599;148
1;1741056951013;272
3;1741056952924;1172
1;1741056953072;273
3;1741056957928;1173
3;1741056962935;1174
3;1741056967922;1175
1;1741056970236;274
3;1741056972926;1176
2;1741056975128;149
3;1741056977934;1177
2;1741056982755;150
3;1741056982935;1178
3;1741056987948;1179
3;1741056992924;1180
3;1741056997932;1181
1;1741057001376;275
3;1741057002936;1182
3;1741057007937;1183
2;1741057010522;151
1;1741057010724;276
3;1741057012924;1184
3;1741057017930;1185
1;1741057020499;277
3;1741057022918;1186
0;1741057025728;84
3;1741057027923;1187
1;1741057030428;278
3;1741057032928;1188
1;1741057037605;279
3;1741057037933;1189
3;1741057042967;1190
3;1741057047926;1191
3;1741057052929;1192
2;1741057055034;152
3;1741057057933;1193
3;1741057062922;1194
1;1741057064069;280
3;1741057067940;1195
1;1741057071564;281
2;1741057071596;153
3;1741057072931;1196
1;1741057075020;282
2;1741057075596;154
3;1741057077920;1197
3;1741057082924;1198
3;1741057087927;1199
3;1741057092918;1200
1;1741057095948;283
2;1741057096732;155
3;1741057097923;1201
1;1741057099404;284
3;1741057102928;1202
1;1741057107207;285
3;1741057107934;1203
1;1741057110599;286
3;1741057112921;1204
3;1741057127922;1205
3;1741057132929;1206
3;1741057137934;1207
3;1741057142921;1208
3;1741057147910;1209
1;1741057152428;287
3;1741057152930;1210
3;1741057157936;1211
3;1741057162926;1212
2;1741057165191;156
3;1741057167931;1213
3;1741057172922;1214
3;1741057177927;1215
3;1741057182918;1216
3;1741057187943;1217
3;1741057192927;1218
3;1741057197935;1219
3;1741057202921;1220
3;1741057207937;1221
3;1741057212943;1222
2;1741057216140;157
3;1741057217923;1223
0;1741057220984;85
3;1741057222931;1224
3;1741057227935;1225
3;1741057232927;1226
3;1741057237933;1227
3;1741057242924;1228
1;1741057245669;288
3;1741057247929;1229
2;1741057250195;158
1;1741057252593;289
3;1741057252936;1230
3;1741057257926;1231
3;1741057262930;1232
3;1741057267935;1233
3;1741057272939;1234
3;1741057277929;1235
3;1741057282936;1236
3;1741057287923;1237
3;1741057292928;1238
3;1741057297937;1239
3;1741057302925;1240
3;1741057307926;1241
3;1741057312936;1242
3;1741057317923;1243
3;1741057322926;1244
3;1741057327947;1245
2;1741057330416;159
3;1741057332934;1246
3;1741057337935;1247
3;1741057342924;1248
3;1741057347928;1249
3;1741057352934;1250
3;1741057357943;1251
3;1741057362930;1252
3;1741057367934;1253
1;1741057368882;290
3;1741057372923;1254
1;1741057376927;291
2;1741057376958;160
3;1741057377950;1255
3;1741057382927;1256
3;1741057387933;1257
3;1741057392924;1258
3;1741057397936;1259
3;1741057402926;1260
3;1741057407932;1261
3;1741057412921;1262
3;1741057417928;1263
3;1741057422920;1264
3;1741057427943;1265
3;1741090602918;1266
3;1741090607940;1267
3;1741090612926;1268
3;1741090617933;1269
3;1741090622922;1270
3;1741090627924;1271
3;1741090632914;1272
3;1741090637933;1273
3;1741090642937;1274
3;1741090647927;1275
3;1741090662962;1276
3;1741090663008;1277
3;1741090667954;1278
3;1741090672926;1279
3;1741090677931;1280
1;1741090677978;292
3;1741090682936;1281
3;1741090687927;1282
3;1741090702940;1283
3;1741090702988;1284
3;1741090707927;1285
3;1741090712949;1286
3;1741090717925;1287
3;1741090722911;1288
3;1741090727935;1289
3;1741090732939;1290
3;1741090737925;1291
3;1741090742932;1292
3;1741090747932;1293
3;1741090752938;1294
3;1741090757926;1295
3;1741090762932;1296
3;1741090767923;1297
3;1741090772931;1298
3;1741090777916;1299
3;1741090782931;1300
3;1741090787938;1301
3;1741090792927;1302
3;1741090797931;1303
3;1741090802922;1304
3;1741090807925;1305
3;1741090812928;1306
3;1741090817922;1307
3;1741090822929;1308
3;1741090827929;1309
0;1741090830451;86
3;1741090832921;1310
1;1741090835363;293
1;1741090842010;294
2;1741090842813;161
3;1741090847935;1311
3;1741090852925;1312
3;1741090857963;1313
3;1741090862935;1314
2;1741090865849;162
0;1741090867314;87
3;1741090867933;1315
3;1741090872925;1316
0;1741090874947;88
2;1741090875981;163
1;1741090876128;295
3;1741090877935;1317
1;1741090878067;296
2;1741090880741;164
3;1741090882935;1318
0;1741090885456;89
3;1741090887935;1319
0;1741090888513;90
3;1741090892929;1320
3;1741090897931;1321
0;1741090899403;91
0;1741090906239;92
1;1741090915732;297
1;1741090920311;298
3;1741090923005;1322
3;1741090923042;1323
3;1741090923101;1324
1;1741090926142;299
0;1741090927415;93
3;1741090927922;1325
1;1741090927935;300
0;1741090931000;94
3;1741090932937;1326
3;1741090937936;1327
3;1741090942941;1328
1;1741090947514;301
1;1741090948059;302
0;1741090950936;95
1;1741090953202;303
0;1741090955748;96
3;1741090957944;1329
3;1741090957992;1330
1;1741090958721;304
0;1741090962640;97
3;1741090962933;1331
1;1741090963167;305
3;1741090967936;1332
1;1741090967979;306
3;1741090972940;1333
3;1741090977930;1334
0;1741090981263;98
3;1741090982934;1335
0;1741090985388;99
1;1741090986669;307
3;1741090987923;1336
0;1741090988006;100
3;1741090992931;1337
0;1741090993314;101
1;1741090995339;308
3;1741090997951;1338
1;1741090998023;309
0;1741090998103;102
3;1741091002933;1339
0;1741091002942;103
1;1741091005738;310
3;1741091007924;1340
0;1741091008399;104
3;1741091012940;1341
0;1741091013337;105
1;1741091014889;311
3;1741091017930;1342
1;1741091018372;312
3;1741091022932;1343
1;1741091024965;313
0;1741091025038;106
3;1741091027938;1344
1;1741091027980;314
0;1741091028076;107
3;1741091032925;1345
1;1741091033061;315
0;1741091033815;108
3;1741091037929;1346
0;1741091038852;109
1;1741091040658;316
3;1741091042933;1347
1;1741091043025;317
0;1741091043097;110
3;1741091047938;1348
0;1741091048167;111
1;1741091050007;318
3;1741091052928;1349
0;1741091053089;112
1;1741091055251;319
3;1741091057935;1350
1;1741091060115;320
0;1741091060732;113
3;1741091062924;1351
0;1741091063290;114
1;1741091064070;321
3;1741091067928;1352
0;1741091067985;115
1;1741091068193;322
0;1741091072986;116
1;1741091075614;323
1;1741091077957;324
0;1741091080262;117
3;1741091082937;1353
1;1741091082964;325
3;1741091082972;1354
0;1741091085428;118
3;1741091087930;1355
0;1741091088420;119
1;1741091089619;326
0;1741091095297;120
1;1741091095665;327
1;1741091098671;328
0;1741091100287;121
3;1741091102942;1356
3;1741091102973;1357
1;1741091105538;329
0;1741091105989;122
3;1741091107939;1358
0;1741091108062;123
1;1741091108484;330
3;1741091112935;1359
1;1741091113203;331
3;1741091117926;1360
0;1741091118122;124
1;1741091119985;332
3;1741091122931;1361
1;1741091123309;333
0;1741091125293;125
3;1741091127921;1362
0;1741091128123;126
1;1741091128203;334
3;1741091132968;1363
0;1741091132990;127
1;1741091133052;335
3;1741091137929;1364
1;1741091137971;336
0;1741091141294;128
3;1741091142933;1365
1;1741091142967;337
0;1741091145117;129
1;1741091147930;338
3;1741091147941;1366
0;1741091151125;130
0;1741091156015;131
0;1741091161051;132
0;1741091334086;133
1;1741091336648;339
0;1741091340408;134
1;1741091340801;340
3;1741091342956;1367
3;1741091343004;1368
1;1741091343086;341
3;1741091347928;1369
1;1741091348210;342
3;1741091352932;1370
0;1741091353769;135
3;1741091357922;1371
0;1741091358028;136
1;1741091361032;343
3;1741091362926;1372
0;1741091363944;137
1;1741091364296;344
3;1741091367932;1373
1;1741091370037;345
0;1741091371460;138
3;1741091372936;1374
1;1741091373015;346
0;1741091374818;139
3;1741091377926;1375
3;1741091382933;1376
3;1741091387935;1377
1;1741091389642;347
3;1741091392938;1378
1;1741091395795;348
3;1741091397929;1379
2;1741091400579;165
3;1741091402933;1380
2;1741091403202;166
1;1741091405386;349
3;1741091407923;1381
2;1741091410029;167
1;1741091410701;350
3;1741091412930;1382
1;1741091422938;351
3;1741091427948;1383
3;1741091427994;1384
3;1741091432919;1385
3;1741091437924;1386
3;1741091442926;1387
2;1741091445922;168
3;1741091447930;1388
3;1741091452933;1389
1;1741091453934;352
2;1741091455614;169
3;1741091457938;1390
3;1741091462925;1391
1;1741091465314;353
2;1741091467710;170
3;1741091467928;1392
3;1741091472937;1393
1;1741091473182;354
2;1741091473240;171
3;1741091477942;1394
1;1741091477963;355
3;1741091482928;1395
0;1741091496105;140
3;1741091497942;1396
3;1741091498012;1397
3;1741091502935;1398
3;1741091507936;1399
0;1741091510055;141
3;1741091512927;1400
0;1741091513238;142
3;1741091517928;1401
0;1741091520259;143
0;1741091524127;144
0;1741091528757;145
3;1741091532936;1402
0;1741091532962;146
3;1741091532983;1403
3;1741091537926;1404
0;1741091538658;147
3;1741091542932;1405
0;1741091543134;148
3;1741091547935;1406
3;1741091552925;1407
0;1741091553171;149
1;1741091556977;356
3;1741091557928;1408
1;1741091560785;357
3;1741091562935;1409
1;1741091563039;358
0;1741091565391;150
3;1741091567926;1410
0;1741091567994;151
1;1741091568238;359
3;1741091572926;1411
3;1741091577932;1412
1;1741091577963;360
0;1741091579590;152
3;1741091582937;1413
1;1741091583013;361
0;1741091585657;153
3;1741091587925;1414
1;1741091588321;362
3;1741091592934;1415
1;1741091592947;363
1;1741091605652;364
0;1741091606948;154
3;1741091607947;1416
1;1741091611536;365
0;1741091611680;155
0;1741091613120;156
1;1741091614080;366
1;1741091617978;367
3;1741091618001;1417
3;1741091618049;1418
0;1741091621659;157
3;1741091622928;1419
1;1741091625097;368
0;1741091625404;158
0;1741091628344;159
1;1741091628601;369
0;1741091635413;160
1;1741091636786;370
3;1741091637941;1420
1;1741091638146;371
0;1741091641325;161
1;1741091643006;372
3;1741091648000;1421
1;1741091648013;373
3;1741091648047;1422
3;1741091652934;1423
1;1741091653753;374
1;1741091657986;375
0;1741091661742;162
1;1741091663193;376
0;1741091663340;163
3;1741091667955;1424
3;1741091668001;1425
1;1741091668132;377
0;1741091668785;164
3;1741091672927;1426
0;1741091675465;165
1;1741091677240;378
3;1741091677933;1427
1;1741091678159;379
0;1741091680151;166
3;1741091682921;1428
1;1741091683205;380
3;1741091687942;1429
3;1741091692929;1430
3;1741091697935;1431
3;1741091702922;1432
3;1741091707936;1433
3;1741091712919;1434
3;1741091717938;1435
3;1741091722928;1436
1;1741091726022;381
0;1741091727607;167
3;1741091727934;1437
2;1741091731796;172
3;1741091732963;1438
3;1741091737931;1439
3;1741091742932;1440
1;1741091745953;382
3;1741091747937;1441
1;1741091750921;383
3;1741091752927;1442
2;1741091755385;173
3;1741091757929;1443
3;1741091762918;1444
3;1741091767924;1445
2;1741091770703;174
3;1741091772928;1446
2;1741091775516;175
1;1741091776492;384
3;1741091777920;1447
0;1741091781266;168
1;1741091781783;385
2;1741091785783;176
0;1741091786469;169
3;1741091792936;1448
3;1741091792986;1449
3;1741091797927;1450
3;1741091802934;1451
3;1741091807921;1452
3;1741091812927;1453
0;1741091815737;170
3;1741091817933;1454
0;1741091820694;171
3;1741091822938;1455
3;1741091827929;1456
3;1741091832933;1457
3;1741091837952;1458
3;1741091842928;1459
3;1741091847936;1460
3;1741091852925;1461
3;1741091857927;1462
1;1741091860625;386
3;1741091862930;1463
1;1741091863660;387
2;1741091867659;177
3;1741091867938;1464
1;1741091868070;388
2;1741091870747;178
3;1741091872925;1465
0;1741091875799;172
3;1741091877928;1466
1;1741091879218;389
2;1741091881102;179
3;1741091882948;1467
2;1741091883517;180
1;1741091886134;390
3;1741091887954;1468
2;1741091890235;181
1;1741091891015;391
1;1741091901040;392
3;1741091902966;1469
3;1741091903029;1470
1;1741091905216;393
2;1741091905584;182
0;1741091906813;173
3;1741091907939;1471
0;1741091909974;174
2;1741091910205;183
3;1741091912927;1472
1;1741091915146;394
0;1741091915576;175
3;1741091917934;1473
1;1741091918344;395
2;1741091923588;184
2;1741091931373;185
3;1741091932932;1474
3;1741091932979;1475
2;1741091935517;186
3;1741091937937;1476
2;1741091938199;187
1;1741091940630;396
3;1741091942928;1477
1;1741091944427;397
3;1741091947931;1478
1;1741091948518;398
3;1741091952922;1479
1;1741091952977;399
3;1741091957926;1480
0;1741091961966;176
3;1741091962932;1481
1;1741091965694;400
0;1741091966349;177
3;1741091967922;1482
3;1741091972954;1483
3;1741091977933;1484
0;1741091980214;178
3;1741091982923;1485
2;1741091985061;188
0;1741091986290;179
3;1741091987927;1486
3;1741091992935;1487
1;1741091993243;401
3;1741091997922;1488
1;1741092001462;402
3;1741092002927;1489
2;1741092005482;189
1;1741092005594;403
3;1741092007936;1490
1;1741092007989;404
2;1741092010825;190
3;1741092012927;1491
3;1741092017927;1492
3;1741092022934;1493
3;1741092027941;1494
3;1741092032926;1495
1;1741092035958;405
3;1741092037932;1496
3;1741092042922;1497
1;1741092045501;406
3;1741092047929;1498
1;1741092048180;407
3;1741092052917;1499
1;1741092057357;408
3;1741092057962;1500
2;1741092061500;191
1;1741092062556;409
3;1741092062928;1501
2;1741092063103;192
1;1741092066344;410
3;1741092067914;1502
3;1741092072935;1503
3;1741092077938;1504
3;1741092082927;1505
3;1741092087932;1506
3;1741092092922;1507
2;1741092102821;193
3;1741092107936;1508
2;1741092110714;194
0;1741092111528;180
3;1741092112925;1509
3;1741092117935;1510
1;1741092120947;411
1;1741092122995;412
2;1741092127321;195
2;1741092130448;196
3;1741092132949;1511
3;1741092133012;1512
2;1741092136026;197
3;1741092137935;1513
2;1741092141362;198
3;1741092142926;1514
3;1741092147932;1515
3;1741092152921;1516
3;1741092157929;1517
2;1741092160834;199
3;1741092162916;1518
1;1741092165390;413
2;1741092165760;200
3;1741092167919;1519
3;1741092172928;1520
1;1741092173074;414
2;1741092175242;201
3;1741092177932;1521
1;1741092180561;415
3;1741092182937;1522
1;1741092185684;416
2;1741092185716;202
0;1741092186385;181
3;1741092187928;1523
1;1741092191246;417
1;1741092192989;418
2;1741092195149;203
2;1741092198333;204
1;1741092198378;419
3;1741092202942;1524
3;1741092202990;1525
3;1741092207931;1526
3;1741092212922;1527
2;1741092216161;205
3;1741092217927;1528
3;1741092222935;1529
3;1741092227924;1530
3;1741092232927;1531
3;1741092237936;1532
3;1741092242964;1533
3;1741092247930;1534
3;1741092252936;1535
3;1741092257926;1536
3;1741092262915;1537
3;1741092267937;1538
3;1741092272927;1539
2;1741092285766;206
0;1741092286482;182
2;1741092291646;207
1;1741092293246;420
2;1741092293320;208
3;1741092297954;1540
3;1741092298004;1541
1;1741092298315;421
2;1741092300033;209
3;1741092302916;1542
3;1741092307957;1543
3;1741092312922;1544
3;1741092317929;1545
1;1741092318164;422
3;1741092322934;1546
3;1741092327943;1547
3;1741092332970;1548
3;1741092347936;1549
3;1741092352927;1550
1;1741092356917;423
3;1741092357933;1551
2;1741092360948;210
3;1741092362921;1552
2;1741092363870;211
3;1741092367928;1553
0;1741092371645;183
3;1741092382952;1554
3;1741092383000;1555
3;1741092387927;1556
1;1741092390902;424
3;1741092392926;1557
3;1741092397931;1558
3;1741092402921;1559
3;1741092407925;1560
1;1741092411401;425
2;1741092415624;212
0;1741092417876;184
2;1741092420468;213
3;1741092422938;1561
3;1741092422995;1562
1;1741092425028;426
3;1741092427926;1563
3;1741092432929;1564
3;1741092437935;1565
1;1741092438031;427
3;1741092442938;1566
1;1741092443074;428
3;1741092447927;1567
0;1741092451263;185
2;1741092451471;214
1;1741092453335;429
3;1741092462947;1568
3;1741092462994;1569
3;1741092467933;1570
3;1741092472938;1571
3;1741092477928;1572
1;1741092480242;430
3;1741092482930;1573
2;1741092485915;215
3;1741092487922;1574
1;1741092489435;431
2;1741092491322;216
3;1741092492928;1575
2;1741092493370;217
1;1741092495226;432
3;1741092497916;1576
1;1741092499157;433
2;1741092499266;218
3;1741092502936;1577
2;1741092506000;219
1;1741092506096;434
3;1741092507926;1578
3;1741092512930;1579
1;1741092515067;435
3;1741092517925;1580
3;1741092522925;1581
1;1741092530384;436
3;1741092537934;1582
3;1741092537981;1583
1;1741092540409;437
2;1741092540473;220
3;1741092542923;1584
1;1741092547742;438
3;1741092547927;1585
3;1741092552934;1586
2;1741092556141;221
1;1741092557351;439
3;1741092557938;1587
2;1741092560171;222
3;1741092562928;1588
1;1741092565578;440
0;1741092565991;186
3;1741092567934;1589
2;1741092570535;223
0;1741092570743;187
3;1741092572923;1590
1;1741092573653;441
0;1741092573981;188
2;1741092578212;224
1;1741092579173;442
1;1741092584236;443
3;1741092587923;1591
2;1741092590461;225
3;1741092592928;1592
3;1741092597929;1593
1;1741092600911;444
2;1741092601391;226
3;1741092602931;1594
1;1741092606958;445
2;1741092606987;227
3;1741092607924;1595
3;1741092612935;1596
3;1741092617933;1597
1;1741092627008;446
2;1741092630973;228
3;1741092632947;1598
3;1741092633010;1599
3;1741092637920;1600
3;1741092642941;1601
1;1741092646067;447
3;1741092647928;1602
3;1741092652936;1603
3;1741092657923;1604
3;1741092662928;1605
3;1741092667934;1606
1;1741092669463;448
2;1741092670792;229
3;1741092672953;1607
3;1741092687974;1608
3;1741092688013;1609
3;1741092692922;1610
3;1741092697932;1611
3;1741092702934;1612
2;1741092707291;230
3;1741092707937;1613
2;1741092712104;231
3;1741092712924;1614
2;1741092715320;232
3;1741092717929;1615
2;1741092722302;233
3;1741092722933;1616
3;1741092727966;1617
3;1741092732928;1618
1;1741092733041;449
3;1741092737933;1619
2;1741092738647;234
3;1741092742924;1620
3;1741092747928;1621
3;1741092752933;1622
3;1741092757922;1623
3;1741092762927;1624
1;1741092765401;450
3;1741092767932;1625
2;1741092770502;235
3;1741092772923;1626
3;1741092777929;1627
1;1741092780803;451
0;1741092781550;189
3;1741092782931;1628
1;1741092786922;452
2;1741092786986;236
3;1741092787936;1629
1;1741092791544;453
3;1741092792926;1630
3;1741092797930;1631
3;1741092802935;1632
2;1741092806960;237
3;1741092807927;1633
3;1741092812928;1634
2;1741092817254;238
3;1741092817933;1635
2;1741092819078;239
1;1741092819350;454
3;1741092822940;1636
3;1741092827926;1637
1;1741092831265;455
3;1741092832932;1638
1;1741092835305;456
3;1741092837924;1639
1;1741092840094;457
3;1741092842926;1640
2;1741092847169;240
3;1741092847931;1641
3;1741092852937;1642
3;1741092857926;1643
3;1741092862927;1644
2;1741092865595;241
3;1741092867918;1645
3;1741092872924;1646
3;1741092877928;1647
3;1741092882919;1648
3;1741092887923;1649
1;1741092892220;458
3;1741092892931;1650
3;1741092907957;1651
3;1741092908003;1652
3;1741092912931;1653
3;1741092917932;1654
3;1741092922933;1655
2;1741092923304;242
1;1741092926542;459
3;1741092927939;1656
3;1741092932928;1657
3;1741092937932;1658
3;1741092942933;1659
3;1741092947936;1660
0;1741092952312;190
3;1741092952926;1661
2;1741092956372;243
3;1741092957929;1662
2;1741092962403;244
3;1741092962921;1663
3;1741092977935;1664
3;1741092988026;1665
3;1741092998086;1666
3;1741092998132;1667
3;1741093002929;1668
3;1741093007935;1669
3;1741093012926;1670
3;1741093017929;1671
1;1741093021228;460
3;1741093022921;1672
3;1741093027924;1673
1;1741093030366;461
1;1741093033124;462
1;1741093038006;463
3;1741093042957;1674
3;1741093043005;1675
1;1741093043046;464
2;1741093045574;245
3;1741093047929;1676
2;1741093050099;246
1;1741093050259;465
3;1741093052963;1677
2;1741093053943;247
0;1741093054098;191
1;1741093055618;466
3;1741093057926;1678
1;1741093058007;467
3;1741093062933;1679
1;1741093063110;468
3;1741093067937;1680
2;1741093070666;248
0;1741093071272;192
3;1741093072927;1681
1;1741093072984;469
3;1741093077934;1682
3;1741093082940;1683
3;1741093087929;1684
3;1741093092934;1685
2;1741093095503;249
3;1741093097921;1686
1;1741093100538;470
3;1741093102928;1687
3;1741093107932;1688
1;1741093110327;471
3;1741093112937;1689
3;1741093117911;1690
3;1741093122961;1691
3;1741093127936;1692
3;1741093132925;1693
3;1741093137970;1694
3;1741093142930;1695
2;1741093145436;250
3;1741093147935;1696
3;1741093152923;1697
3;1741093167941;1698
3;1741093168014;1699
1;1741093169272;472
3;1741093172927;1700
3;1741093177935;1701
1;1741093178457;473
3;1741093182941;1702
3;1741093187930;1703
3;1741093192937;1704
3;1741093197924;1705
3;1741093202932;1706
1;1741093206986;474
3;1741093207937;1707
3;1741093212947;1708
3;1741093217936;1709
3;1741093222937;1710
3;1741093227926;1711
3;1741093232929;1712
1;1741093235691;475
3;1741093237934;1713
3;1741093252957;1714
3;1741093253001;1715
3;1741093257925;1716
3;1741093262934;1717
3;1741093267923;1718
3;1741093272967;1719
3;1741093277932;1720
3;1741093282935;1721
3;1741093287926;1722
3;1741093292932;1723
3;1741093297933;1724
1;1741093302259;476
3;1741093302922;1725
1;1741093305452;477
0;1741093307425;193
3;1741093307942;1726
1;1741093308769;478
0;1741093312164;194
3;1741093312932;1727
2;1741093316251;251
3;1741093317935;1728
1;1741093320914;479
2;1741093321530;252
3;1741093322929;1729
1;1741093330789;480
1;1741093336272;481
2;1741093337424;253
3;1741093337941;1730
1;1741093340816;482
1;1741093345580;483
3;1741093347998;1731
3;1741093348028;1732
1;1741093352247;484
3;1741093352923;1733
1;1741093356909;485
2;1741093357229;254
3;1741093357923;1734
2;1741093361851;255
3;1741093362929;1735
3;1741093367934;1736
3;1741093372923;1737
2;1741093375157;256
1;1741093375525;486
3;1741093377925;1738
0;1741093380775;195
3;1741093382930;1739
3;1741093387964;1740
3;1741093392926;1741
3;1741093397934;1742
2;1741093401119;257
3;1741093402937;1743
1;1741093404371;487
3;1741093407924;1744
3;1741093412929;1745
3;1741093417934;1746
1;1741093418552;488
2;1741093421343;258
3;1741093422938;1747
1;1741093425477;489
3;1741093427930;1748
2;1741093430774;259
1;1741093430943;490
3;1741093432932;1749
2;1741093435611;260
3;1741093437919;1750
3;1741093442928;1751
2;1741093446597;261
3;1741093447933;1752
1;1741093450517;491
3;1741093452967;1753
3;1741093457927;1754
3;1741093462933;1755
1;1741093465888;492
3;1741093467923;1756
2;1741093481615;262
3;1741093482938;1757
3;1741093493008;1758
3;1741093493056;1759
3;1741093497935;1760
1;1741093501872;493
3;1741093502922;1761
3;1741093507926;1762
3;1741093512932;1763
3;1741093517936;1764
3;1741093522929;1765
3;1741093528245;1766
3;1741093532935;1767
1;1741093536939;494
3;1741093537922;1768
0;1741093541144;196
3;1741093542926;1769
1;1741093543639;495
3;1741093547932;1770
1;1741093550931;496
2;1741093550967;263
3;1741093552936;1771
2;1741093553339;264
3;1741093557937;1772
3;1741093562953;1773
3;1741093567911;1774
1;1741093568859;497
3;1741093572933;1775
3;1741093577937;1776
3;1741093582924;1777
3;1741093587931;1778
3;1741093592922;1779
3;1741093607941;1780
1;1741093611977;498
3;1741093612925;1781
3;1741093617933;1782
3;1741093622920;1783
2;1741093657017;265
1;1741093657609;499
3;1741093658000;1784
3;1741093658046;1785
3;1741093658078;1786
3;1741093658128;1787
2;1741093660729;266
3;1741093672948;1788
3;1741093672996;1789
1;1741093675819;500
2;1741093677612;267
3;1741093677921;1790
3;1741093682925;1791
1;1741093683702;501
3;1741093687929;1792
3;1741093692935;1793
3;1741093697924;1794
3;1741093702944;1795
2;1741093707754;268
3;1741093707918;1796
1;1741093708664;502
3;1741093722931;1797
3;1741093722980;1798
3;1741093727918;1799
3;1741093732923;1800
3;1741093737932;1801
3;1741093742961;1802
3;1741093747927;1803
3;1741093752932;1804
3;1741093767934;1805
3;1741093767982;1806
1;1741093770153;503
3;1741093772925;1807
3;1741093777929;1808
3;1741093782934;1809
3;1741093787908;1810
3;1741093792931;1811
3;1741093797937;1812
3;1741093802925;1813
3;1741093807930;1814
3;1741093812933;1815
1;1741093816666;504
2;1741093817195;269
3;1741093817937;1816
1;1741093820139;505
2;1741093821193;270
3;1741093822924;1817
2;1741093827352;271
3;1741093827934;1818
2;1741093831134;272
3;1741093832922;1819
3;1741093837931;1820
1;1741093840085;506
3;1741093842921;1821
2;1741093847266;273
3;1741093847928;1822
3;1741093852930;1823
3;1741093857934;1824
2;1741093862022;274
3;1741093862925;1825
3;1741093867929;1826
2;1741093870707;275
3;1741093872932;1827
2;1741093875182;276
3;1741093877922;1828
1;1741093878812;507
2;1741093881002;277
3;1741093882928;1829
1;1741093884154;508
2;1741093884186;278
3;1741093887933;1830
2;1741093891398;279
1;1741093891458;509
3;1741093892924;1831
1;1741093897762;510
3;1741093897929;1832
1;1741093900434;511
3;1741093902935;1833
2;1741093905600;280
3;1741093907939;1834
3;1741093912929;1835
3;1741093917953;1836
3;1741093922923;1837
3;1741093927928;1838
3;1741093932918;1839
3;1741093937968;1840
3;1741093942936;1841
3;1741093947926;1842
3;1741093952924;1843
3;1741093957928;1844
3;1741093962933;1845
3;1741093967950;1846
3;1741093972930;1847
3;1741093977935;1848
3;1741093982925;1849
3;1741093987913;1850
1;1741093992431;512
2;1741093992464;281
3;1741093992917;1851
3;1741093997923;1852
3;1741094002928;1853
3;1741094007935;1854
2;1741094011012;282
3;1741094012923;1855
3;1741094027925;1856
3;1741094032926;1857
3;1741094037933;1858
3;1741094042922;1859
2;1741094047343;283
3;1741094047926;1860
3;1741094052932;1861
3;1741094057920;1862
3;1741094062924;1863
1;1741094065607;513
3;1741094067930;1864
1;1741094071632;514
2;1741094071664;284
3;1741094082942;1865
3;1741094082990;1866
3;1741094087932;1867
3;1741094092954;1868
3;1741094097928;1869
3;1741094102934;1870
3;1741094107925;1871
3;1741094112928;1872
3;1741094117921;1873
2;1741094121699;285
3;1741094122955;1874
3;1741094127926;1875
1;1741094128003;515
3;1741094132931;1876
1;1741094133404;516
2;1741094137370;286
1;1741094138810;517
0;1741094145351;197
1;1741094145751;518
3;1741094147931;1877
3;1741094152937;1878
3;1741094157922;1879
2;1741094161742;287
3;1741094162931;1880
2;1741094165822;288
1;1741094165948;519
3;1741094167937;1881
1;1741094171931;520
3;1741094172929;1882
3;1741094177933;1883
3;1741094182923;1884
3;1741094187930;1885
3;1741094192932;1886
3;1741094197956;1887
2;1741094202458;289
3;1741094202929;1888
2;1741094205475;290
0;1741094206903;198
3;1741094207932;1889
3;1741094212923;1890
3;1741094217929;1891
2;1741094222483;291
3;1741094222921;1892
1;1741094225315;521
3;1741094227926;1893
1;1741094232339;522
2;1741094232422;292
3;1741094232931;1894
3;1741094237936;1895
1;1741094240210;523
3;1741094242923;1896
3;1741094247967;1897
1;1741094250918;524
3;1741094252942;1898
1;1741094256388;525
2;1741094256724;293
3;1741094257931;1899
0;1741094260502;199
3;1741094262934;1900
1;1741094266330;526
3;1741094267921;1901
0;1741094272662;200
3;1741094272924;1902
0;1741094275635;201
3;1741094277928;1903
0;1741094278162;202
3;1741094282917;1904
3;1741094287922;1905
3;1741094292928;1906
1;1741094294768;527
2;1741094295909;294
3;1741094297930;1907
3;1741094302965;1908
0;1741094304035;203
2;1741094305540;295
1;1741094306386;528
3;1741094307928;1909
0;1741094310906;204
0;1741094313822;205
1;1741094321753;529
3;1741094322961;1910
3;1741094323024;1911
2;1741094326373;296
3;1741094327917;1912
2;1741094331844;297
3;1741094332940;1913
3;1741094337927;1914
2;1741094340703;298
3;1741094342931;1915
1;1741094343789;530
2;1741094345388;299
3;1741094347921;1916
2;1741094350524;300
1;1741094350795;531
1;1741094353255;532
2;1741094355623;301
2;1741094361571;302
0;1741094362019;206
3;1741094362937;1917
1;1741094371153;533
3;1741094373013;1918
3;1741094373060;1919
3;1741094377924;1920
3;1741094382914;1921
1;1741094386825;534
3;1741094387935;1922
1;1741094391383;535
2;1741094392791;303
3;1741094392924;1923
1;1741094394216;536
2;1741094395493;304
3;1741094407938;1924
3;1741094407984;1925
3;1741094412931;1926
1;1741094417176;537
3;1741094417939;1927
3;1741094422923;1928
1;1741094427027;538
3;1741094427930;1929
3;1741094432935;1930
3;1741094447936;1931
1;1741094452789;539
2;1741094452820;305
3;1741094452923;1932
2;1741094455701;306
3;1741094457928;1933
3;1741094472944;1934
3;1741094472989;1935
3;1741094477930;1936
3;1741094482922;1937
0;1741094485091;207
3;1741094487927;1938
3;1741094492931;1939
3;1741094497946;1940
3;1741094502927;1941
3;1741094507963;1942
3;1741094522945;1943
3;1741094523009;1944
3;1741094527934;1945
3;1741094532947;1946
3;1741094537926;1947
1;1741094539168;540
3;1741094542936;1948
3;1741094547922;1949
1;1741094550797;541
3;1741094552928;1950
1;1741094555049;542
2;1741094557689;307
3;1741094557935;1951
3;1741094562924;1952
1;1741094565525;543
2;1741094567250;308
3;1741094567928;1953
1;1741094570785;544
2;1741094571229;309
3;1741094572936;1954
3;1741094577924;1955
2;1741094580814;310
3;1741094582931;1956
1;1741094583103;545
3;1741094587922;1957
2;1741094590251;311
1;1741094591563;546
3;1741094592930;1958
3;1741094597934;1959
3;1741094602928;1960
2;1741094605956;312
3;1741094617955;1961
3;1741094618017;1962
1;1741094618972;547
3;1741094622927;1963
3;1741094627932;1964
3;1741094632925;1965
3;1741094637912;1966
3;1741094642935;1967
3;1741094647969;1968
1;1741094650141;548
2;1741094651620;313
3;1741094652928;1969
1;1741094654954;549
2;1741094655370;314
3;1741094657937;1970
1;1741094657983;550
2;1741094662002;315
3;1741094662924;1971
3;1741094667928;1972
1;1741094668434;551
3;1741094672941;1973
1;1741094677229;552
3;1741094677923;1974
3;1741094682926;1975
2;1741094687541;316
1;1741094687566;553
3;1741094687916;1976
1;1741094690231;554
3;1741094692922;1977
3;1741094697931;1978
1;1741094699557;555
3;1741094702935;1979
1;1741094706658;556
3;1741094707925;1980
3;1741094712937;1981
2;1741094716210;317
3;1741094717934;1982
1;1741094721750;557
3;1741094722968;1983
3;1741094727935;1984
1;1741094728382;558
3;1741094732935;1985
1;1741094734272;559
2;1741094735990;318
3;1741094737927;1986
2;1741094741286;319
1;1741094741484;560
1;1741094743052;561
2;1741094745148;320
1;1741094750074;562
1;1741094753123;563
2;1741094754306;321
1;1741094760243;564
2;1741094761779;322
3;1741094762951;1987
3;1741094762998;1988
3;1741094763046;1989
3;1741094767923;1990
3;1741094772928;1991
1;1741094775720;565
3;1741094777933;1992
1;1741094780390;566
3;1741094782921;1993
3;1741094787925;1994
3;1741094792933;1995
1;1741094797850;567
1;1741094799163;568
2;1741094799195;323
3;1741094807931;1996
3;1741094812934;1997
2;1741094816126;324
3;1741094817924;1998
1;1741094820510;569
0;1741094821052;208
3;1741094822947;1999
1;1741094825438;570
0;1741094826010;209
2;1741094827387;325
3;1741094827935;2000
0;1741094830569;210
3;1741094832927;2001
3;1741094837933;2002
3;1741094842922;2003
0;1741094846305;211
3;1741094857938;2004
3;1741094857985;2005
3;1741094862925;2006
3;1741094867930;2007
3;1741094872922;2008
0;1741094880529;212
1;1741094881790;571
1;1741094885485;572
2;1741094885915;326
3;1741094887951;2009
3;1741094887984;2010
1;1741094890235;573
0;1741094892312;213
3;1741094892926;2011
0;1741094893480;214
3;1741094897934;2012
3;1741094902924;2013
0;1741094905220;215
3;1741094907930;2014
3;1741094912934;2015
3;1741094917951;2016
1;1741094920685;574
3;1741094922930;2017
3;1741094927930;2018
3;1741094932934;2019
3;1741094937920;2020
3;1741094942928;2021
3;1741094947933;2022
3;1741094952924;2023
3;1741094957928;2024
2;1741094958723;327
3;1741094962934;2025
3;1741094967924;2026
3;1741094972924;2027
3;1741094977931;2028
3;1741094982920;2029
3;1741094987921;2030
1;1741094991146;575
1;1741094992963;576
3;1741095002934;2031
3;1741095002983;2032
3;1741095007924;2033
1;1741095008001;577
3;1741095012932;2034
3;1741095017931;2035
3;1741095022926;2036
3;1741095037945;2037
3;1741095037992;2038
3;1741095042933;2039
3;1741095047938;2040
3;1741095052929;2041
3;1741095067941;2042
3;1741095067989;2043
3;1741095072932;2044
3;1741095077940;2045
3;1741095082926;2046
1;1741095085816;578
3;1741095087931;2047
3;1741095092933;2048
1;1741095092982;579
3;1741095097924;2049
1;1741095098157;580
3;1741095102928;2050
3;1741095107933;2051
1;1741095110918;581
3;1741095112922;2052
1;1741095113653;582
3;1741095117929;2053
3;1741095122929;2054
3;1741095127918;2055
3;1741095132921;2056
3;1741095137928;2057
3;1741095142931;2058
3;1741095147935;2059
1;1741095150824;583
3;1741095152941;2060
3;1741095157928;2061
3;1741095162931;2062
3;1741095167919;2063
1;1741095170344;584
3;1741095172941;2064
3;1741095177928;2065
3;1741095182935;2066
1;1741095186653;585
3;1741095187925;2067
3;1741095192930;2068
3;1741095197922;2069
3;1741095202955;2070
1;1741095206139;586
3;1741095207926;2071
1;1741095207982;587
3;1741095212934;2072
2;1741095216972;328
3;1741095217938;2073
2;1741095220523;329
0;1741095222616;216
3;1741095222927;2074
2;1741095226136;330
1;1741095227448;588
3;1741095227935;2075
1;1741095228367;589
2;1741095230533;331
3;1741095232938;2076
3;1741095237925;2077
2;1741095242327;332
3;1741095242933;2078
3;1741095247939;2079
3;1741095252927;2080
3;1741095257973;2081
1;1741095262095;590
3;1741095262933;2082
3;1741095267964;2083
2;1741095271091;333
3;1741095272913;2084
3;1741095277934;2085
3;1741095282925;2086
2;1741095286879;334
3;1741095287925;2087
2;1741095290718;335
1;1741095290750;591
3;1741095292929;2088
3;1741095297934;2089
3;1741095302925;2090
3;1741095307932;2091
3;1741095312921;2092
2;1741095315284;336
3;1741095317940;2093
3;1741095322927;2094
1;1741095325595;592
3;1741095327918;2095
3;1741095332924;2096
3;1741095337934;2097
3;1741095342920;2098
3;1741095347926;2099
2;1741095351287;337
3;1741095352945;2100
3;1741095357915;2101
3;1741095362920;2102
3;1741095367927;2103
3;1741095372930;2104
3;1741095377922;2105
3;1741095382927;2106
1;1741095387526;593
3;1741095387931;2107
3;1741095392966;2108
2;1741095396559;338
3;1741095397926;2109
1;1741095398066;594
2;1741095400833;339
1;1741095411452;595
2;1741095412208;340
3;1741095412934;2110
3;1741095412984;2111
3;1741095417922;2112
3;1741095422929;2113
3;1741095427934;2114
2;1741095431715;341
3;1741095432936;2115
2;1741095433907;342
3;1741095437926;2116
2;1741095442152;343
3;1741095442916;2117
3;1741095447920;2118
3;1741095452925;2119
3;1741095457931;2120
3;1741095462934;2121
3;1741095467955;2122
1;1741095469824;596
3;1741095472931;2123
3;1741095477936;2124
3;1741095482928;2125
3;1741095487929;2126
3;1741095492936;2127
3;1741095497923;2128
3;1741095502928;2129
3;1741095507933;2130
3;1741095512924;2131
3;1741095527940;2132
3;1741095532924;2133
3;1741095537929;2134
2;1741095541104;344
3;1741095542936;2135
1;1741095543088;597
2;1741095547325;345
2;1741095548048;346
1;1741095549933;598
3;1741095557932;2136
3;1741095567989;2137
3;1741095568021;2138
2;1741095570604;347
3;1741095572930;2139
2;1741095575597;348
3;1741095577934;2140
3;1741095592949;2141
3;1741095592999;2142
3;1741095597925;2143
3;1741095612939;2144
3;1741095612986;2145
3;1741095617936;2146
3;1741095622935;2147
3;1741095627924;2148
3;1741095632940;2149
1;1741095635361;599
3;1741095637929;2150
2;1741095638596;349
3;1741095642963;2151
2;1741095643617;350
3;1741095647926;2152
2;1741095648559;351
0;1741095652463;217
3;1741095652933;2153
2;1741095655917;352
3;1741095657921;2154
1;1741095658781;600
3;1741095662930;2155
3;1741095667935;2156
3;1741095672944;2157
3;1741095677942;2158
3;1741095682931;2159
3;1741095687922;2160
3;1741095702936;2161
3;1741095702983;2162
3;1741095707927;2163
3;1741095712930;2164
3;1741095727958;2165
3;1741095727989;2166
3;1741095732931;2167
3;1741095737923;2168
3;1741095742926;2169
3;1741095747934;2170
3;1741095752925;2171
3;1741095757928;2172
3;1741095762919;2173
3;1741095767923;2174
1;1741095771072;601
3;1741095772914;2175
3;1741095777934;2176
1;1741095782294;602
3;1741095782924;2177
3;1741095787931;2178
0;1741095792593;218
3;1741095792934;2179
3;1741095797925;2180
3;1741095802928;2181
3;1741095807933;2182
0;1741095812421;219
3;1741095812923;2183
3;1741095817927;2184
3;1741095822930;2185
3;1741095827923;2186
3;1741095832928;2187
3;1741095837930;2188
3;1741095842938;2189
3;1741095847927;2190
1;1741095851422;603
3;1741095852932;2191
1;1741095857179;604
3;1741095857920;2192
3;1741095862939;2193
0;1741095866097;220
3;1741095867945;2194
1;1741095871680;605
3;1741095872935;2195
2;1741095877848;353
3;1741095877923;2196
2;1741095881386;354
3;1741095882927;2197
3;1741095887916;2198
2;1741095890272;355
3;1741095892963;2199
3;1741095897924;2200
3;1741095902930;2201
1;1741095905406;606
2;1741095905614;356
3;1741095907933;2202
3;1741095912930;2203
3;1741095917932;2204
3;1741095922926;2205
2;1741095925891;357
3;1741095927927;2206
3;1741095932929;2207
3;1741095937950;2208
3;1741095942925;2209
3;1741095947930;2210
3;1741095952937;2211
3;1741095957942;2212
3;1741095962929;2213
2;1741095967770;358
3;1741095967936;2214
2;1741095970857;359
3;1741095972923;2215
3;1741095977929;2216
1;1741095979026;607
1;1741095986601;608
0;1741095987231;221
2;1741095990446;360
3;1741095992950;2217
3;1741095992994;2218
1;1741095995318;609
3;1741095997942;2219
1;1741095998812;610
3;1741096002969;2220
1;1741096006392;611
3;1741096007953;2221
1;1741096010340;612
3;1741096012935;2222
3;1741096017924;2223
3;1741096022930;2224
3;1741096027935;2225
3;1741096032926;2226
3;1741096037931;2227
3;1741096042933;2228
1;1741096046656;613
3;1741096047939;2229
1;1741096051356;614
3;1741096052930;2230
3;1741096057934;2231
1;1741096060488;615
3;1741096062967;2232
1;1741096066460;616
3;1741096067929;2233
3;1741096072953;2234
3;1741096077955;2235
3;1741096082927;2236
3;1741096087934;2237
3;1741096092940;2238
1;1741096094358;617
3;1741096097930;2239
3;1741096102935;2240
3;1741096107923;2241
1;1741096110605;618
3;1741096112931;2242
1;1741096115832;619
1;1741096117956;620
1;1741096123939;621
2;1741096125170;361
3;1741096127928;2243
3;1741096132916;2244
3;1741096137939;2245
3;1741096142926;2246
1;1741096144953;622
2;1741096145704;362
3;1741096147948;2247
3;1741096152938;2248
3;1741096157942;2249
3;1741096162930;2250
3;1741096167935;2251
1;1741096170372;623
2;1741096170712;363
3;1741096172938;2252
1;1741096175333;624
3;1741096177943;2253
3;1741096182932;2254
0;1741096185853;222
3;1741096187936;2255
3;1741096192939;2256
3;1741096197931;2257
3;1741096202951;2258
3;1741096207940;2259
3;1741096212933;2260
3;1741096217933;2261
3;1741096222950;2262
3;1741096227929;2263
3;1741096232932;2264
3;1741096237935;2265
3;1741096242938;2266
3;1741096247927;2267
2;1741096251178;364
3;1741096252944;2268
3;1741096257934;2269
3;1741096262924;2270
3;1741096267927;2271
1;1741096272000;625
2;1741096272556;365
3;1741096272930;2272
3;1741096277922;2273
1;1741096280261;626
3;1741096282940;2274
1;1741096285381;627
3;1741096287927;2275
3;1741096292934;2276
2;1741096295198;366
1;1741096296170;628
3;1741096297935;2277
3;1741096302925;2278
3;1741096307927;2279
2;1741096312415;367
3;1741096312933;2280
3;1741096317921;2281
1;1741096319280;629
3;1741096322929;2282
3;1741096327933;2283
2;1741096335982;368
3;1741096342944;2284
3;1741096342990;2285
3;1741096357937;2286
3;1741096357986;2287
2;1741096362863;369
3;1741096362926;2288
3;1741096367931;2289
3;1741096372923;2290
3;1741096377925;2291
3;1741096382928;2292
3;1741096387936;2293
3;1741096392926;2294
3;1741096397933;2295
3;1741096402920;2296
3;1741096407924;2297
3;1741096412916;2298
2;1741096414861;370
3;1741096417948;2299
3;1741096422923;2300
3;1741096427953;2301
3;1741096432941;2302
2;1741096435819;371
3;1741096437940;2303
2;1741096438324;372
3;1741096442937;2304
0;1741096445553;223
1;1741096447016;630
3;1741096447937;2305
3;1741096452936;2306
3;1741096457925;2307
1;1741096459135;631
0;1741096466684;224
2;1741096470188;373
3;1741096472941;2308
3;1741096472988;2309
1;1741096475729;632
2;1741096476261;374
3;1741096477914;2310
1;1741096478312;633
3;1741096482936;2311
0;1741096486649;225
3;1741096487925;2312
2;1741096488308;375
3;1741096492929;2313
3;1741096497936;2314
3;1741096502933;2315
3;1741096507940;2316
3;1741096512935;2317
3;1741096517939;2318
3;1741096522937;2319
3;1741096527945;2320
3;1741096532932;2321
3;1741096537938;2322
3;1741096542929;2323
3;1741096547933;2324
3;1741096552939;2325
3;1741096557927;2326
3;1741096562934;2327
3;1741096567941;2328
3;1741096572927;2329
3;1741096577933;2330
3;1741096582925;2331
0;1741096586994;226
3;1741096587927;2332
3;1741096592934;2333
3;1741096597938;2334
0;1741096600716;227
3;1741096602927;2335
3;1741096607935;2336
1;1741096608489;634
3;1741096612926;2337
2;1741096617504;376
3;1741096617926;2338
0;1741096618516;228
1;1741096620417;635
3;1741096622915;2339
1;1741096623152;636
0;1741096624318;229
3;1741096627936;2340
3;1741096632926;2341
3;1741096637933;2342
3;1741096642921;2343
3;1741096647930;2344
3;1741096662945;2345
1;1741096672599;637
3;1741096673006;2346
3;1741096673052;2347
1;1741096675271;638
3;1741096677930;2348
3;1741096682935;2349
2;1741096685983;377
3;1741096687925;2350
3;1741096692930;2351
1;1741096695052;639
3;1741096697935;2352
3;1741096702939;2353
2;1741096706130;378
3;1741096707929;2354
1;1741096711570;640
2;1741096711986;379
3;1741096712937;2355
3;1741096717927;2356
1;1741096718361;641
3;1741096722934;2357
3;1741096727922;2358
1;1741096729372;642
3;1741096732966;2359
1;1741096732982;643
3;1741096737931;2360
2;1741096749081;380
3;1741096752964;2361
3;1741096763027;2362
3;1741096763077;2363
3;1741096767968;2364
1;1741096768653;644
3;1741096772928;2365
3;1741096777935;2366
3;1741096782923;2367
3;1741099837961;2368
2;1741099842323;381
3;1741099842963;2369
3;1741099847942;2370
3;1741099852955;2371
1;1741099855643;645
3;1741099857941;2372
1;1741099861202;646
3;1741099862962;2373
3;1741099867945;2374
2;1741099868253;382
3;1741099872936;2375
3;1741099877944;2376
3;1741099882985;2377
3;1741099897982;2378
3;1741099907927;2379
3;1741099912966;2380
3;1741099917943;2381
3;1741099922947;2382
1;1741099925104;647
0;1741099927258;230
0;1741099930979;231
3;1741099937980;2383
0;1741099938150;232
0;1741099946049;233
3;1741099948069;2384
0;1741099949631;234
0;1741099954908;235
3;1741099958141;2385
3;1741099958205;2386
3;1741099962953;2387
3;1741099967943;2388
3;1741099972950;2389
3;1741099977983;2390
3;1741099982973;2391
3;1741099987953;2392
3;1741099992953;2393
0;1741099995892;236
3;1741099997942;2394
1;1741100002567;648
3;1741100002946;2395
1;1741100005064;649
3;1741100007933;2396
3;1741100012949;2397
3;1741100017946;2398
3;1741100022951;2399
1;1741100023647;650
3;1741100027941;2400
3;1741100032950;2401
3;1741100037955;2402
3;1741100042940;2403
1;1741100047398;651
3;1741100047945;2404
0;1741100052832;237
3;1741100052944;2405
3;1741100057937;2406
0;1741100061276;238
3;1741100062923;2407
3;1741100067947;2408
3;1741100072936;2409
3;1741100077934;2410
3;1741100082931;2411
2;1741100083870;383
3;1741100087942;2412
2;1741100088190;384
3;1741100092941;2413
3;1741100097936;2414
3;1741100102950;2415
1;1741100105137;652
0;1741100106777;239
3;1741100107944;2416
0;1741100109098;240
3;1741100112942;2417
0;1741100117287;241
3;1741100117946;2418
1;1741100120115;653
3;1741100122955;2419
3;1741100127941;2420
1;1741100130387;654
3;1741100132950;2421
1;1741100135067;655
3;1741100137954;2422
3;1741100142937;2423
1;1741100144164;656
3;1741100147943;2424
1;1741100148112;657
3;1741100152954;2425
3;1741100157941;2426
1;1741100158063;658
3;1741100162951;2427
1;1741100172439;659
1;1741100174395;660
3;1741100177960;2428
3;1741100178022;2429
1;1741100180258;661
3;1741100182945;2430
1;1741100185215;662
3;1741100187953;2431
1;1741100190761;663
3;1741100192975;2432
1;1741100196912;664
3;1741100197943;2433
3;1741100202957;2434
3;1741100207939;2435
3;1741100212950;2436
3;1741100217949;2437
3;1741100222936;2438
3;1741100227948;2439
1;1741100231271;665
3;1741100232965;2440
1;1741100236366;666
3;1741100237940;2441
3;1741100242948;2442
1;1741100243615;667
3;1741100247949;2443
1;1741100250329;668
2;1741100250489;385
3;1741100252946;2444
3;1741100257949;2445
3;1741100272972;2446
3;1741100273035;2447
3;1741100277949;2448
3;1741100282961;2449
3;1741100287953;2450
3;1741100292955;2451
0;1741100293363;242
1;1741100293704;669
3;1741100297964;2452
3;1741100302943;2453
3;1741100307944;2454
3;1741100312961;2455
3;1741100317938;2456
3;1741100322954;2457
3;1741100327942;2458
3;1741100332951;2459
3;1741100337958;2460
3;1741100342939;2461
3;1741100347930;2462
3;1741100352934;2463
3;1741100357938;2464
3;1741100362923;2465
3;1741100367930;2466
3;1741100372933;2467
3;1741100377924;2468
3;1741100382927;2469
3;1741100387931;2470
3;1741100392923;2471
3;1741100397925;2472
3;1741100402926;2473
3;1741100407934;2474
3;1741100412920;2475
3;1741100417925;2476
3;1741100422930;2477
3;1741100427933;2478
3;1741100432923;2479
3;1741100437927;2480
3;1741100442934;2481
3;1741100447923;2482
3;1741100452927;2483
3;1741100457933;2484
3;1741100462942;2485
3;1741100467923;2486
3;1741100472928;2487
3;1741100477933;2488
3;1741100482939;2489
3;1741100487928;2490
3;1741100492931;2491
3;1741100497926;2492
3;1741100502931;2493
3;1741100507938;2494
3;1741100512942;2495
1;1741100513192;670
3;1741100517929;2496
3;1741100522936;2497
3;1741100527921;2498
3;1741100532925;2499
3;1741100537930;2500
3;1741100542931;2501
1;1741100547642;671
3;1741100547919;2502
3;1741100552926;2503
0;1741100555353;243
1;1741100555944;672
3;1741100557934;2504
1;1741100561573;673
3;1741100562923;2505
3;1741100567944;2506
3;1741100572932;2507
3;1741100577919;2508
3;1741100582927;2509
3;1741100587936;2510
3;1741100592925;2511
1;1741100603977;674
2;1741100604321;386
0;1741100606159;244
2;1741100610623;387
1;1741100615194;675
0;1741100616122;245
2;1741100616570;388
3;1741100617973;2512
3;1741100618038;2513
3;1741100618070;2514
2;1741100621054;389
0;1741100621306;246
3;1741100622932;2515
1;1741100624078;676
0;1741100626027;247
3;1741100627961;2516
3;1741100632925;2517
3;1741100637926;2518
3;1741100642935;2519
3;1741100647933;2520
0;1741100651223;248
3;1741100652924;2521
3;1741100657932;2522
3;1741100662921;2523
3;1741100667924;2524
3;1741100672931;2525
3;1741100677936;2526
3;1741100682955;2527
3;1741100687943;2528
3;1741100692935;2529
3;1741100697963;2530
3;1741100712952;2531
3;1741100713001;2532
3;1741100717932;2533
3;1741100722931;2534
3;1741100727946;2535
3;1741100732927;2536
3;1741100737935;2537
1;1741100741174;677
3;1741100742923;2538
3;1741100747929;2539
1;1741100748146;678
2;1741100750547;390
3;1741100752935;2540
3;1741100757921;2541
3;1741100762923;2542
3;1741100767927;2543
3;1741100772933;2544
3;1741100777924;2545
1;1741100777963;679
3;1741100782929;2546
3;1741100787934;2547
3;1741100792922;2548
1;1741100805471;680
2;1741100806122;391
3;1741100807935;2549
3;1741100812926;2550
2;1741100817426;392
2;1741100820390;393
1;1741100825492;681
3;1741100827943;2551
3;1741100828006;2552
1;1741100830802;682
3;1741100832931;2553
3;1741100837940;2554
3;1741100842925;2555
1;1741100843895;683
3;1741100847916;2556
3;1741100852935;2557
1;1741100857770;684
3;1741100857920;2558
1;1741100858971;685
3;1741100862925;2559
1;1741100864374;686
3;1741100867932;2560
1;1741100868182;687
3;1741100872922;2561
3;1741100877929;2562
1;1741100880833;688
3;1741100882934;2563
3;1741100887920;2564
3;1741100892924;2565
2;1741100896355;394
3;1741100897930;2566
2;1741100904303;395
1;1741100907338;689
0;1741100910075;249
2;1741100910826;396
3;1741100912943;2567
3;1741100912991;2568
1;1741100913051;690
3;1741100917931;2569
2;1741100920405;397
3;1741100922933;2570
2;1741100925265;398
1;1741100926013;691
3;1741100927925;2571
1;1741100928044;692
2;1741100928173;399
3;1741100932923;2572
1;1741100935592;693
3;1741100937928;2573
3;1741100942934;2574
1;1741100946078;694
3;1741100947925;2575
1;1741100950615;695
3;1741100952931;2576
1;1741100953075;696
3;1741100957933;2577
3;1741100962927;2578
3;1741100967926;2579
2;1741100971931;400
1;1741100972075;697
3;1741100972932;2580
1;1741100975355;698
3;1741100977919;2581
1;1741100981687;699
3;1741100982924;2582
3;1741100987933;2583
3;1741100992933;2584
2;1741100997774;401
3;1741100997922;2585
1;1741101009151;700
3;1741101012974;2586
3;1741101013006;2587
1;1741101016872;701
2;1741101017240;402
3;1741101017919;2588
2;1741101020536;403
3;1741101022926;2589
1;1741101023654;702
2;1741101023673;404
3;1741101027937;2590
3;1741101032933;2591
3;1741101037924;2592
3;1741101042928;2593
1;1741101048906;703
2;1741101051862;405
3;1741101057944;2594
3;1741101057992;2595
3;1741101062936;2596
3;1741101067923;2597
3;1741101072925;2598
3;1741101077932;2599
3;1741101082936;2600
3;1741101087925;2601
3;1741101092931;2602
1;1741101093669;704
3;1741101097936;2603
2;1741101100678;406
3;1741101102926;2604
3;1741101107930;2605
3;1741101112921;2606
3;1741101117927;2607
3;1741101122929;2608
3;1741101127933;2609
3;1741101132926;2610
3;1741101137933;2611
1;1741101138670;705
3;1741101142940;2612
2;1741101146682;407
1;1741101146832;706
3;1741101147927;2613
1;1741101148064;707
2;1741101148272;408
1;1741101153548;708
2;1741101155963;409
2;1741101160140;410
1;1741101161482;709
3;1741101162959;2614
3;1741101162990;2615
2;1741101165241;411
1;1741101166280;710
3;1741101167934;2616
2;1741101171780;412
3;1741101172923;2617
2;1741101175486;413
3;1741101177922;2618
2;1741101180157;414
3;1741101182931;2619
2;1741101185708;415
3;1741101187936;2620
3;1741101192937;2621
2;1741101196464;416
3;1741101197948;2622
3;1741101202932;2623
3;1741101207922;2624
3;1741101212928;2625
3;1741101217934;2626
2;1741101221518;417
3;1741101222922;2627
3;1741101227942;2628
2;1741101230450;418
1;1741101237230;711
2;1741101237294;419
1;1741101238152;712
2;1741101240718;420
3;1741101242948;2629
2;1741101245433;421
1;1741101248052;713
2;1741101250261;422
3;1741101253019;2630
3;1741101253093;2631
2;1741101255671;423
1;1741101255937;714
3;1741101257927;2632
2;1741101260959;424
3;1741101262932;2633
3;1741101267941;2634
2;1741101271191;425
3;1741101272933;2635
1;1741101274023;715
2;1741101275574;426
3;1741101277948;2636
1;1741101279060;716
2;1741101281073;427
3;1741101282961;2637
1;1741101286029;717
3;1741101287922;2638
1;1741101290478;718
3;1741101292927;2639
1;1741101293084;719
2;1741101296392;428
3;1741101297934;2640
3;1741101302931;2641
3;1741101307933;2642
1;1741101308322;720
3;1741101312937;2643
3;1741101317937;2644
1;1741101319866;721
3;1741101322927;2645
1;1741101325302;722
0;1741101327827;250
3;1741101327928;2646
0;1741101330531;251
2;1741101331281;429
3;1741101332935;2647
2;1741101335185;430
0;1741101335569;252
1;1741101336465;723
3;1741101337929;2648
0;1741101340769;253
2;1741101341871;431
0;1741101346973;254
0;1741101349165;255
3;1741101352941;2649
3;1741101352988;2650
3;1741101357928;2651
2;1741101358047;432
3;1741101362933;2652
3;1741101367922;2653
2;1741101368893;433
3;1741101372929;2654
1;1741101375594;724
3;1741101377921;2655
1;1741101378450;725
3;1741101382963;2656
3;1741101387927;2657
3;1741101392929;2658
2;1741101395598;434
1;1741101396935;726
3;1741101397918;2659
3;1741101402920;2660
1;1741101407295;727
3;1741101407924;2661
1;1741101408093;728
1;1741101415439;729
3;1741101422949;2662
3;1741101422993;2663
2;1741101430087;435
1;1741101432798;730
1;1741101436514;731
3;1741101437945;2664
3;1741101438008;2665
2;1741101441149;436
3;1741101442932;2666
2;1741101443684;437
3;1741101447939;2667
1;1741101450092;732
2;1741101450364;438
3;1741101452924;2668
3;1741101457928;2669
3;1741101462932;2670
3;1741101467924;2671
3;1741101472928;2672
1;1741101477005;733
3;1741101477930;2673
1;1741101480292;734
3;1741101482921;2674
3;1741101497952;2675
3;1741101497998;2676
0;1741101499577;256
2;1741101500820;439
3;1741101502921;2677
2;1741101505283;440
1;1741101505636;735
0;1741101506958;257
3;1741101507924;2678
0;1741101510253;258
2;1741101510797;441
1;1741101511245;736
3;1741101512931;2679
1;1741101512956;737
3;1741101517934;2680
0;1741101521554;259
2;1741101522610;442
3;1741101522937;2681
3;1741101527922;2682
3;1741101532913;2683
3;1741101537916;2684
3;1741101542920;2685
3;1741101547927;2686
1;1741101550737;738
3;1741101552931;2687
3;1741101557935;2688
1;1741101560897;739
3;1741101562925;2689
3;1741101567929;2690
3;1741101572935;2691
1;1741101575442;740
3;1741101577924;2692
3;1741101592935;2693
3;1741101592983;2694
3;1741101597923;2695
3;1741101602928;2696
0;1741101606889;260
1;1741101607753;741
3;1741101607937;2697
3;1741101612938;2698
2;1741101617759;443
3;1741101617924;2699
3;1741101622934;2700
2;1741101626188;444
3;1741101627922;2701
1;1741101628388;742
2;1741101628507;445
3;1741101632928;2702
1;1741101637112;743
3;1741101637934;2703
2;1741101641301;446
3;1741101642923;2704
2;1741101643603;447
3;1741101647912;2705
3;1741101652933;2706
3;1741101657921;2707
3;1741101662925;2708
3;1741101667914;2709
3;1741101672933;2710
3;1741101677925;2711
3;1741101682925;2712
3;1741101687930;2713
3;1741101692923;2714
3;1741101697940;2715
3;1741101702929;2716
3;1741101707934;2717
3;1741101712923;2718
3;1741101717940;2719
3;1741101722929;2720
3;1741101727933;2721
3;1741101732921;2722
3;1741101737923;2723
3;1741101742934;2724
3;1741101747936;2725
3;1741101752923;2726
3;1741101757930;2727
2;1741101762177;448
3;1741101762921;2728
3;1741101767925;2729
3;1741101772930;2730
3;1741101777933;2731
3;1741101782938;2732
3;1741101787991;2733
3;1741101792932;2734
3;1741101797921;2735
3;1741101802922;2736
1;1741101806883;744
3;1741101807926;2737
3;1741101812934;2738
3;1741101817925;2739
3;1741101822928;2740
3;1741101827931;2741
1;1741101830454;745
3;1741101832937;2742
3;1741101837923;2743
3;1741101842931;2744
3;1741101847921;2745
3;1741101852924;2746
3;1741101857929;2747
3;1741101862934;2748
3;1741101867925;2749
3;1741101872913;2750
3;1741101877935;2751
3;1741101882924;2752
3;1741101887925;2753
3;1741101892915;2754
3;1741101897920;2755
3;1741101902925;2756
2;1741101906484;449
3;1741101907938;2757
1;1741101912306;746
3;1741101912935;2758
3;1741101917939;2759
2;1741101920350;450
3;1741101922932;2760
3;1741101927943;2761
3;1741101932932;2762
1;1741101936122;747
3;1741101937930;2763
1;1741101938136;748
2;1741101940921;451
0;1741101944911;261
2;1741101945909;452
1;1741101946070;749
1;1741101948012;750
2;1741101948177;453
3;1741101952961;2764
3;1741101953051;2765
2;1741101957468;454
0;1741101957560;262
3;1741101957938;2766
1;1741101958202;751
0;1741101960135;263
2;1741101960343;455
3;1741101962922;2767
0;1741101965271;264
2;1741101965510;456
1;1741101965574;752
3;1741101967929;2768
1;1741101967973;753
0;1741101970895;265
3;1741101972932;2769
0;1741101975183;266
1;1741101975360;754
3;1741101977924;2770
0;1741101979646;267
1;1741101980766;755
2;1741101982329;457
3;1741101982926;2771
1;1741101985577;756
2;1741101985625;458
3;1741101987929;2772
1;1741101988098;757
0;1741101990531;268
3;1741101992934;2773
1;1741101993017;758
3;1741101997927;2774
1;1741101998039;759
0;1741102001450;269
1;1741102004980;760
2;1741102006854;459
1;1741102011188;761
3;1741102012939;2775
1;1741102015390;762
2;1741102015931;460
0;1741102020816;270
1;1741102021808;763
3;1741102023031;2776
3;1741102023079;2777
1;1741102023520;764
3;1741102027922;2778
1;1741102028826;765
1;1741102036073;766
1;1741102038088;767
2;1741102040933;461
3;1741102042940;2779
3;1741102043002;2780
2;1741102043366;462
3;1741102047973;2781
3;1741102052935;2782
3;1741102057924;2783
3;1741102062931;2784
3;1741102077960;2785
3;1741102078007;2786
3;1741102082934;2787
2;1741102087014;463
3;1741102087944;2788
0;1741102092666;271
3;1741102092928;2789
3;1741102097933;2790
3;1741102102925;2791
1;1741102106144;768
1;1741102112731;769
2;1741102112793;464
1;1741102115598;770
3;1741102117940;2792
3;1741102117987;2793
2;1741102122601;465
1;1741102122634;771
3;1741102122927;2794
1;1741102125337;772
2;1741102127737;466
3;1741102127936;2795
0;1741102130089;272
3;1741102132923;2796
1;1741102135285;773
0;1741102135573;273
3;1741102137930;2797
1;1741102138435;774
2;1741102138589;467
0;1741102150583;274
3;1741102152944;2798
3;1741102152990;2799
3;1741102157934;2800
2;1741102160199;468
3;1741102162924;2801
3;1741102167932;2802
3;1741102172935;2803
3;1741102177926;2804
3;1741102182931;2805
3;1741102187954;2806
3;1741102192928;2807
3;1741102197932;2808
1;1741102200917;775
3;1741102202928;2809
1;1741102207188;776
3;1741102207932;2810
2;1741102208033;469
3;1741102212939;2811
1;1741102213242;777
3;1741102217938;2812
2;1741102220365;470
3;1741102222937;2813
3;1741102227940;2814
1;1741102232061;778
3;1741102232929;2815
1;1741102233269;779
3;1741102237929;2816
3;1741102242934;2817
2;1741102245647;471
3;1741102247923;2818
1;1741102250617;780
3;1741102252929;2819
3;1741102257936;2820
2;1741102261541;472
3;1741102262921;2821
1;1741102265347;781
2;1741102265619;473
0;1741102265747;275
3;1741102267926;2822
1;1741102270641;782
3;1741102272932;2823
3;1741102277956;2824
3;1741102282929;2825
1;1741102287362;783
2;1741102287833;474
3;1741102287935;2826
3;1741102292926;2827
1;1741102295362;784
3;1741102297930;2828
3;1741102302935;2829
3;1741102307926;2830
1;1741102310113;785
2;1741102310460;475
3;1741102312930;2831
1;1741102314117;786
3;1741102317937;2832
1;1741102320441;787
3;1741102322925;2833
3;1741102327931;2834
3;1741102332924;2835
3;1741102347979;2836
3;1741102348019;2837
3;1741102352927;2838
0;1741102355069;276
3;1741102357934;2839
3;1741102362924;2840
3;1741102367931;2841
3;1741102372933;2842
3;1741102377920;2843
3;1741102382927;2844
3;1741102387917;2845
3;1741102392920;2846
1;1741102396144;788
3;1741102397927;2847
2;1741102406267;476
1;1741102409739;789
3;1741102412942;2848
3;1741102412991;2849
3;1741102417929;2850
3;1741102422932;2851
1;1741102426565;790
3;1741102427924;2852
0;1741102431516;277
3;1741102432925;2853
3;1741102437930;2854
3;1741102442940;2855
3;1741102447926;2856
3;1741102452933;2857
3;1741102457935;2858
3;1741102462926;2859
2;1741102465890;477
3;1741102467933;2860
1;1741102468178;791
2;1741102468327;478
0;1741102468865;278
3;1741102472939;2861
2;1741102473907;479
1;1741102475651;792
3;1741102477926;2862
3;1741102482934;2863
1;1741102485826;793
0;1741102487053;279
3;1741102487922;2864
3;1741102492930;2865
3;1741102497934;2866
0;1741102501863;280
3;1741102502925;2867
1;1741102506004;794
0;1741102506132;281
3;1741102507936;2868
1;1741102510420;795
3;1741102512932;2869
1;1741102513183;796
2;1741102516189;480
3;1741102517970;2870
3;1741102522927;2871
2;1741102525561;481
0;1741102526870;282
2;1741102531862;482
1;1741102532166;797
3;1741102537944;2872
3;1741102537993;2873
1;1741102540801;798
3;1741102542945;2874
1;1741102543044;799
2;1741102547469;483
3;1741102547924;2875
0;1741102550077;283
2;1741102550413;484
1;1741102551112;800
3;1741102552927;2876
3;1741102557932;2877
2;1741102560327;485
1;1741102560837;801
3;1741102562935;2878
1;1741102565105;802
3;1741102567925;2879
1;1741102568878;803
2;1741102569933;486
3;1741102572928;2880
1;1741102573321;804
2;1741102573509;487
2;1741102580440;488
1;1741102586565;805
3;1741102587946;2881
3;1741102587994;2882
2;1741102595521;489
3;1741102602946;2883
3;1741102602994;2884
3;1741102607935;2885
3;1741102612926;2886
2;1741102616565;490
3;1741102617930;2887
2;1741102622481;491
3;1741102622955;2888
3;1741102627936;2889
3;1741102632928;2890
1;1741102633096;806
3;1741102637932;2891
3;1741102642920;2892
2;1741102645786;492
1;1741102646940;807
3;1741102647931;2893
1;1741102648551;808
3;1741102652943;2894
1;1741102655751;809
3;1741102657927;2895
2;1741102659201;493
3;1741102662925;2896
2;1741102666161;494
3;1741102667943;2897
2;1741102670625;495
3;1741102672936;2898
3;1741102677934;2899
3;1741102682930;2900
3;1741102687938;2901
1;1741102690552;810
3;1741102692922;2902
3;1741102697946;2903
3;1741102702942;2904
3;1741102707960;2905
1;1741102710747;811
3;1741102712931;2906
2;1741102716558;496
1;1741102721220;812
0;1741102722763;284
1;1741102725158;813
2;1741102726030;497
2;1741102730822;498
0;1741102731861;285
1;1741102734178;814
0;1741102736172;286
3;1741102737941;2907
3;1741102737997;2908
1;1741102740110;815
2;1741102740628;499
0;1741102740824;287
3;1741102742938;2909
1;1741102743189;816
3;1741102747938;2910
0;1741102749258;288
3;1741102752921;2911
3;1741102757922;2912
3;1741102762936;2913
3;1741102767945;2914
3;1741102772937;2915
3;1741102777927;2916
2;1741102781313;500
1;1741102781345;817
3;1741102782935;2917
1;1741102786066;818
3;1741102787964;2918
0;1741102788461;289
2;1741102792759;501
3;1741102792923;2919
3;1741102797941;2920
1;1741102798350;819
2;1741102800564;502
0;1741102801467;290
3;1741102802939;2921
0;1741102803111;291
2;1741102805879;503
1;1741102806236;820
3;1741102807948;2922
3;1741102812933;2923
3;1741102817944;2924
2;1741102819417;504
3;1741102822951;2925
1;1741102825242;821
3;1741102827945;2926
1;1741102830468;822
2;1741102831085;505
3;1741102832931;2927
1;1741102833234;823
3;1741102837926;2928
1;1741102840377;824
1;1741102845694;825
2;1741102846766;506
3;1741102852944;2929
1;1741102853201;826
3;1741102863024;2930
3;1741102863067;2931
3;1741102867933;2932
3;1741102872929;2933
1;1741102876138;827
2;1741102876458;507
3;1741102877927;2934
1;1741102878153;828
2;1741102878272;508
3;1741102882939;2935
0;1741102885716;292
3;1741102887926;2936
2;1741102890545;509
1;1741102891543;829
3;1741102892916;2937
2;1741102895210;510
1;1741102895379;830
3;1741102897920;2938
0;1741102899050;293
1;1741102901112;831
3;1741102902926;2939
0;1741102905767;294
3;1741102907935;2940
1;1741102908837;832
0;1741102921181;295
0;1741102922981;296
1;1741102931449;833
2;1741102931897;511
3;1741102932960;2941
3;1741102933005;2942
3;1741102933040;2943
1;1741102934089;834
2;1741102935289;512
1;1741102938201;835
1;1741102946673;836
2;1741102946689;513
3;1741102947943;2944
3;1741102948006;2945
2;1741102950545;514
1;1741102950909;837
3;1741102952931;2946
3;1741102957940;2947
0;1741102962761;297
3;1741102962927;2948
3;1741102967933;2949
0;1741102970066;298
1;1741102970807;838
2;1741102971110;515
3;1741102972939;2950
2;1741102976115;516
3;1741102977930;2951
3;1741102982936;2952
3;1741102987923;2953
0;1741102990749;299
3;1741102992924;2954
0;1741102997801;300
3;1741102997934;2955
1;1741103000584;839
3;1741103002924;2956
2;1741103005781;517
1;1741103005909;840
3;1741103007931;2957
1;1741103008017;841
3;1741103012934;2958
1;1741103015425;842
2;1741103015898;518
3;1741103017921;2959
2;1741103021515;519
3;1741103022929;2960
1;1741103025755;843
0;1741103027589;301
3;1741103027931;2961
1;1741103028133;844
0;1741103030580;302
2;1741103030898;520
3;1741103032920;2962
1;1741103035122;845
2;1741103035623;521
3;1741103037923;2963
0;1741103039502;303
3;1741103042929;2964
3;1741103047932;2965
2;1741103052084;522
1;1741103052206;846
3;1741103052942;2966
1;1741103053246;847
0;1741103055157;304
3;1741103057928;2967
2;1741103058243;523
0;1741103061809;305
1;1741103062833;848
3;1741103062934;2968
1;1741103063311;849
0;1741103065322;306
3;1741103067925;2969
3;1741103072930;2970
3;1741103077922;2971
3;1741103082928;2972
1;1741103085210;850
3;1741103087921;2973
1;1741103088190;851
0;1741103090534;307
2;1741103090934;524
3;1741103092941;2974
1;1741103093031;852
2;1741103093222;525
3;1741103097926;2975
1;1741103098113;853
2;1741103100729;526
3;1741103102927;2976
1;1741103103207;854
2;1741103105515;527
3;1741103107924;2977
1;1741103108031;855
2;1741103108175;528
3;1741103112928;2978
2;1741103114966;529
1;1741103116274;856
3;1741103117933;2979
1;1741103120362;857
0;1741103120633;308
2;1741103120808;530
3;1741103122924;2980
2;1741103125653;531
3;1741103127932;2981
1;1741103130659;858
3;1741103132919;2982
3;1741103137927;2983
1;1741103141020;859
0;1741103142044;309
3;1741103142930;2984
1;1741103145626;860
3;1741103147985;2985
2;1741103150533;532
1;1741103151286;861
3;1741103152938;2986
1;1741103155934;862
3;1741103157926;2987
3;1741103162932;2988
3;1741103167938;2989
3;1741103172926;2990
3;1741103177931;2991
3;1741103182923;2992
3;1741103197996;2993
3;1741103198047;2994
1;1741103200137;863
0;1741103200265;310
3;1741103202923;2995
1;1741103202997;864
0;1741103203097;311
3;1741103207928;2996
1;1741103208644;865
2;1741103210125;533
3;1741103212936;2997
3;1741103217926;2998
3;1741103222928;2999
3;1741103227949;3000
3;1741103232920;3001
3;1741103237927;3002
2;1741103238174;534
3;1741103242933;3003
2;1741103244877;535
1;1741103246373;866
3;1741103247934;3004
3;1741103252945;3005
3;1741103257929;3006
3;1741103262933;3007
3;1741103267940;3008
2;1741103268713;536
3;1741103272925;3009
3;1741103277930;3010
0;1741103280788;312
1;1741103281220;867
3;1741103282922;3011
3;1741103287925;3012
3;1741103292915;3013
3;1741103297935;3014
3;1741103302926;3015
3;1741103307929;3016
3;1741103312935;3017
3;1741103317924;3018
2;1741103318031;537
1;1741103321902;868
3;1741103322932;3019
3;1741103327963;3020
3;1741103332929;3021
3;1741103337935;3022
3;1741103342939;3023
3;1741103347926;3024
3;1741103352932;3025
3;1741103357956;3026
3;1741103362928;3027
1;1741103363450;869
3;1741103367936;3028
3;1741103372930;3029
3;1741103377929;3030
3;1741103382929;3031
3;1741103387934;3032
1;1741103390425;870
3;1741103392923;3033
3;1741103397935;3034
3;1741103402934;3035
3;1741103407930;3036
3;1741103412924;3037
0;1741103416929;313
3;1741103417929;3038
0;1741103420480;314
3;1741103422933;3039
0;1741103423023;315
3;1741103427943;3040
3;1741103432928;3041
3;1741103437930;3042
3;1741103442935;3043
3;1741103447965;3044
3;1741103452943;3045
3;1741103457931;3046
3;1741103462938;3047
3;1741103467928;3048
3;1741103472928;3049
3;1741103477936;3050
3;1741103482944;3051
3;1741103487913;3052
3;1741103502943;3053
3;1741103502990;3054
0;1741103506406;316
3;1741103507932;3055
3;1741103512932;3056
3;1741103517927;3057
3;1741103522919;3058
3;1741103527925;3059
3;1741103532930;3060
3;1741103537934;3061
3;1741103542947;3062
3;1741103547927;3063
3;1741103552934;3064
3;1741103557937;3065
3;1741103562926;3066
3;1741103577947;3067
3;1741103577993;3068
3;1741103582936;3069
3;1741103587924;3070
3;1741103592928;3071
0;1741103595339;317
3;1741103597933;3072
0;1741103598408;318
3;1741103602926;3073
3;1741103617940;3074
3;1741103618016;3075
3;1741103622928;3076
3;1741103627935;3077
0;1741103628609;319
3;1741103632922;3078
3;1741103637925;3079
3;1741103642934;3080
3;1741103647937;3081
3;1741103652925;3082
3;1741103657930;3083
3;1741103662935;3084
3;1741103667924;3085
3;1741103672930;3086
3;1741103677920;3087
3;1741103682943;3088
3;1741103687914;3089
3;1741103692934;3090
3;1741103697924;3091
3;1741103702929;3092
3;1741103707945;3093
3;1741103712940;3094
2;1741103717230;538
3;1741103717932;3095
3;1741103722933;3096
3;1741103727964;3097
3;1741103742937;3098
3;1741103742984;3099
1;1741103743088;871
3;1741103747969;3100
3;1741103752933;3101
3;1741103757947;3102
3;1741103762929;3103
1;1741103777272;872
3;1741103777960;3104
3;1741103778006;3105
3;1741103782932;3106
3;1741103787922;3107
3;1741103792928;3108
3;1741103807926;3109
3;1741103812931;3110
2;1741103813116;539
3;1741103817937;3111
1;1741103820747;873
3;1741103822926;3112
1;1741103825367;874
3;1741103827928;3113
1;1741103828622;875
2;1741103831744;540
3;1741103832935;3114
2;1741103835933;541
3;1741103837924;3115
1;1741103841353;876
3;1741103842927;3116
1;1741103845368;877
3;1741103847917;3117
1;1741103850470;878
2;1741103850646;542
3;1741103852922;3118
3;1741103857926;3119
3;1741103862930;3120
2;1741103865755;543
3;1741103867933;3121
3;1741103872922;3122
1;1741103875463;879
3;1741103877931;3123
1;1741103878061;880
0;1741103880292;320
3;1741103882937;3124
3;1741103887925;3125
3;1741103892930;3126
2;1741103897222;544
3;1741103897931;3127
3;1741103902936;3128
3;1741103907928;3129
2;1741103910904;545
1;1741103911727;881
3;1741103912931;3130
3;1741103917935;3131
2;1741103922690;546
3;1741103922941;3132
3;1741103927928;3133
3;1741103932949;3134
3;1741103937943;3135
3;1741103942940;3136
3;1741103947930;3137
3;1741103952937;3138
3;1741103957926;3139
3;1741103962929;3140
3;1741103967937;3141
3;1741103972922;3142
3;1741103977927;3143
3;1741103982932;3144
3;1741103987938;3145
3;1741103992925;3146
3;1741103997912;3147
1;1741104002609;882
3;1741104002916;3148
1;1741104006573;883
2;1741104006607;547
3;1741104007938;3149
3;1741104012931;3150
1;1741104016488;884
3;1741104017935;3151
3;1741104022932;3152
3;1741104027930;3153
3;1741104032936;3154
3;1741104047935;3155
3;1741104052928;3156
3;1741104067953;3157
3;1741104068000;3158
3;1741104072927;3159
3;1741104077933;3160
1;1741104081488;885
3;1741104082934;3161
3;1741104087927;3162
2;1741104090590;548
3;1741104092933;3163
1;1741104095150;886
3;1741104097938;3164
1;1741104101243;887
3;1741104102926;3165
2;1741104104429;549
1;1741104105296;888
3;1741104107935;3166
1;1741104108175;889
3;1741104112921;3167
1;1741104113216;890
2;1741104116659;550
3;1741104117928;3168
2;1741104122816;551
3;1741104122932;3169
2;1741104125359;552
3;1741104127926;3170
1;1741104131139;891
3;1741104132967;3171
1;1741104135352;892
3;1741104137932;3172
3;1741104142922;3173
3;1741104147929;3174
1;1741104149472;893
3;1741104152933;3175
1;1741104155422;894
2;1741104155674;553
3;1741104157924;3176
1;1741104158093;895
2;1741104158392;554
3;1741104162931;3177
1;1741104165467;896
2;1741104166171;555
3;1741104167965;3178
1;1741104168918;897
2;1741104168982;556
0;1741104171782;321
3;1741104172924;3179
1;1741104177218;898
3;1741104177927;3180
1;1741104181232;899
3;1741104182935;3181
3;1741104187922;3182
3;1741104192930;3183
2;1741104195334;557
1;1741104200639;900
2;1741104201142;558
1;1741104203017;901
2;1741104203782;559
3;1741104207946;3184
1;1741104208867;902
2;1741104210806;560
1;1741104215491;903
2;1741104215523;561
3;1741104218008;3185
3;1741104218057;3186
3;1741104222933;3187
3;1741104227924;3188
3;1741104232928;3189
1;1741104236521;904
3;1741104237934;3190
3;1741104242925;3191
3;1741104247926;3192
1;1741104251134;905
3;1741104252930;3193
2;1741104255790;562
1;1741104256030;906
3;1741104257923;3194
3;1741104262926;3195
3;1741104267939;3196
2;1741104270984;563
3;1741104272924;3197
3;1741104277928;3198
3;1741104282932;3199
2;1741104286330;564
3;1741104287937;3200
1;1741104289514;907
2;1741104289546;565
3;1741104292958;3201
1;1741104293037;908
2;1741104295856;566
3;1741104297929;3202
2;1741104301427;567
1;1741104301521;909
3;1741104302935;3203
1;1741104303405;910
2;1741104305193;568
1;1741104308083;911
2;1741104315483;569
1;1741104315691;912
3;1741104317950;3204
3;1741104317997;3205
3;1741104322924;3206
1;1741104324741;913
3;1741104327928;3207
3;1741104332918;3208
3;1741104337925;3209
3;1741104342929;3210
2;1741104345723;570
1;1741104346274;914
3;1741104347932;3211
3;1741104352940;3212
1;1741104353022;915
3;1741104357927;3213
1;1741104361078;916
2;1741104362198;571
1;1741104363024;917
2;1741104365635;572
2;1741104368164;573
1;1741104370346;918
3;1741104372940;3214
3;1741104373003;3215
1;1741104376007;919
2;1741104376111;574
3;1741104377930;3216
1;1741104378111;920
2;1741104379413;575
3;1741104382938;3217
2;1741104385149;576
1;1741104385451;921
3;1741104387933;3218
1;1741104388177;922
2;1741104388219;577
3;1741104392931;3219
1;1741104393551;923
2;1741104395117;578
3;1741104397934;3220
1;1741104399127;924
2;1741104400791;579
2;1741104406068;580
1;1741104406372;925
1;1741104410820;926
3;1741104412961;3221
3;1741104413036;3222
1;1741104413047;927
2;1741104415231;581
3;1741104417921;3223
1;1741104418028;928
2;1741104420518;582
3;1741104422927;3224
1;1741104423201;929
2;1741104425433;583
1;1741104428338;930
2;1741104430726;584
1;1741104433020;931
2;1741104434273;585
3;1741104437944;3225
3;1741104438013;3226
1;1741104441326;932
2;1741104441358;586
3;1741104442932;3227
3;1741104447924;3228
1;1741104448026;933
2;1741104451495;587
3;1741104452925;3229
2;1741104455393;588
3;1741104457931;3230
1;1741104458163;934
2;1741104460359;589
3;1741104462937;3231
1;1741104463121;935
2;1741104463219;590
3;1741104467925;3232
1;1741104468014;936
2;1741104470814;591
3;1741104472930;3233
2;1741104475402;592
1;1741104475754;937
3;1741104477934;3234
1;1741104480778;938
2;1741104480810;593
3;1741104482924;3235
1;1741104483147;939
3;1741104487929;3236
1;1741104489522;940
2;1741104490938;594
3;1741104492920;3237
1;1741104493746;941
2;1741104495394;595
3;1741104497940;3238
3;1741104502932;3239
2;1741104505279;596
3;1741104507935;3240
2;1741104510618;597
1;1741104512630;942
3;1741104512952;3241
2;1741104515301;598
1;1741104516261;943
3;1741104517931;3242
2;1741104518229;599
1;1741104518408;944
2;1741104525809;600
1;1741104527110;945
3;1741104527923;3243
1;1741104528332;946
2;1741104528854;601
3;1741104532930;3244
1;1741104535692;947
3;1741104537935;3245
2;1741104540984;602
3;1741104542926;3246
3;1741104547931;3247
2;1741104550971;603
3;1741104552935;3248
3;1741104557927;3249
2;1741104570934;604
3;1741104572955;3250
3;1741104573027;3251
3;1741104577927;3252
3;1741104582934;3253
2;1741104585439;605
3;1741104587921;3254
2;1741104590157;606
1;1741104590699;948
3;1741104592941;3255
3;1741104597928;3256
1;1741104600674;949
3;1741104602936;3257
3;1741104607935;3258
1;1741104608125;950
2;1741104610887;607
3;1741104612943;3259
3;1741104617926;3260
3;1741104622921;3261
3;1741104627926;3262
3;1741104632929;3263
3;1741104637934;3264
3;1741104642923;3265
3;1741104647926;3266
0;1741104652047;322
3;1741104652930;3267
0;1741104655821;323
3;1741104657936;3268
1;1741104658017;951
3;1741104662927;3269
1;1741104663134;952
2;1741104667061;608
3;1741104667931;3270
3;1741104672921;3271
3;1741104677926;3272
3;1741104682929;3273
0;1741104684796;324
3;1741104687937;3274
1;1741104689578;953
2;1741104690378;609
3;1741104692925;3275
1;1741104693174;954
2;1741104695573;610
3;1741104697928;3276
2;1741104702433;611
3;1741104702936;3277
2;1741104706750;612
3;1741104707923;3278
1;1741104708606;955
2;1741104710269;613
0;1741104710686;325
3;1741104712928;3279
0;1741104715209;326
3;1741104717935;3280
3;1741104722924;3281
3;1741104727930;3282
3;1741104732933;3283
3;1741104737922;3284
3;1741104742923;3285
3;1741104747931;3286
3;1741104752935;3287
2;1741104755088;614
3;1741104757925;3288
3;1741104762928;3289
3;1741104767933;3290
3;1741104772938;3291
3;1741104777925;3292
3;1741104782932;3293
3;1741104787925;3294
3;1741104792930;3295
3;1741104797939;3296
3;1741104802924;3297
1;1741104806291;956
3;1741104807929;3298
3;1741104812936;3299
3;1741104817925;3300
3;1741104822935;3301
2;1741104826140;615
1;1741104826188;957
3;1741104827922;3302
3;1741104832925;3303
2;1741104837845;616
3;1741104837932;3304
3;1741104842936;3305
0;1741104851055;327
0;1741104853343;328
3;1741104857972;3306
3;1741104858029;3307
1;1741104858162;958
0;1741104858855;329
3;1741104862937;3308
2;1741104863403;617
1;1741104864563;959
3;1741104867929;3309
0;1741104872288;330
3;1741104872932;3310
3;1741104877924;3311
3;1741104882928;3312
3;1741104887933;3313
3;1741104892925;3314
3;1741104897926;3315
3;1741104902931;3316
3;1741104907936;3317
3;1741104912924;3318
1;1741104913027;960
3;1741104917927;3319
3;1741104922934;3320
3;1741104927937;3321
1;1741104933048;961
1;1741104941822;962
3;1741104942939;3322
3;1741104942986;3323
3;1741104947929;3324
0;1741104952814;331
3;1741104962955;3325
3;1741104963002;3326
3;1741104967930;3327
3;1741104972935;3328
3;1741104977922;3329
3;1741104982924;3330
3;1741104987927;3331
0;1741104988657;332
3;1741104992933;3332
2;1741104995710;618
3;1741104997923;3333
2;1741104998748;619
1;1741105000999;963
3;1741105002925;3334
3;1741105007927;3335
3;1741105012931;3336
0;1741105016764;333
3;1741105017921;3337
3;1741105022928;3338
3;1741105027935;3339
1;1741105032060;964
2;1741105042656;620
3;1741105042950;3340
3;1741105042997;3341
3;1741105047929;3342
3;1741105052941;3343
3;1741105057924;3344
3;1741105062944;3345
2;1741105066677;621
3;1741105067954;3346
3;1741105072943;3347
3;1741105077935;3348
3;1741105082932;3349
3;1741105087935;3350
1;1741105088445;965
3;1741105092941;3351
1;1741105096457;966
3;1741105097933;3352
1;1741105100213;967
3;1741105102935;3353
2;1741105106932;622
1;1741105106962;968
3;1741105107916;3354
1;1741105108950;969
3;1741105112929;3355
2;1741105113115;623
3;1741105117924;3356
3;1741105122925;3357
3;1741105127930;3358
3;1741105132935;3359
3;1741105137957;3360
3;1741105142927;3361
3;1741105147936;3362
3;1741105152923;3363
3;1741105157928;3364
3;1741105162935;3365
1;1741105166813;970
3;1741105167924;3366
1;1741105172844;971
2;1741105172875;624
3;1741105172929;3367
3;1741105177934;3368
3;1741105182926;3369
3;1741105187929;3370
3;1741105192935;3371
3;1741105197926;3372
0;1741105211513;334
3;1741105212945;3373
3;1741105213010;3374
3;1741105217931;3375
3;1741105222939;3376
3;1741105227928;3377
3;1741105232937;3378
3;1741105237922;3379
3;1741105242926;3380
3;1741105247934;3381
1;1741105251474;972
2;1741105251650;625
3;1741105252937;3382
3;1741105257920;3383
3;1741105262928;3384
3;1741105267917;3385
0;1741105271091;335
3;1741105272922;3386
2;1741105275763;626
1;1741105275794;973
3;1741105277925;3387
2;1741105279257;627
1;1741105279311;974
3;1741105282931;3388
3;1741105287936;3389
3;1741105292926;3390
1;1741105293169;975
0;1741105293784;336
3;1741105297926;3391
3;1741105302933;3392
3;1741105307948;3393
3;1741105312926;3394
3;1741105317929;3395
3;1741105322934;3396
0;1741105323159;337
3;1741105327939;3397
3;1741105332950;3398
2;1741105336121;628
3;1741105337935;3399
1;1741105340633;976
3;1741105342923;3400
3;1741105347929;3401
2;1741105352721;629
3;1741105352935;3402
3;1741105357938;3403
1;1741105360556;977
2;1741105361094;630
3;1741105362927;3404
3;1741105367934;3405
2;1741105370980;631
3;1741105372920;3406
3;1741105377926;3407
2;1741105380445;632
3;1741105382933;3408
2;1741105386169;633
3;1741105387919;3409
2;1741105390378;634
3;1741105392926;3410
1;1741105393016;978
3;1741105397930;3411
3;1741105402934;3412
3;1741105407925;3413
2;1741105409294;635
1;1741105409370;979
3;1741105412926;3414
1;1741105415064;980
2;1741105415144;636
3;1741105417930;3415
1;1741105418275;981
2;1741105420164;637
3;1741105422936;3416
1;1741105423467;982
2;1741105425405;638
3;1741105427925;3417
2;1741105430127;639
1;1741105430463;983
1;1741105433339;984
2;1741105435658;640
1;1741105440264;985
2;1741105440903;641
3;1741105442941;3418
3;1741105442990;3419
2;1741105445297;642
1;1741105445767;986
3;1741105447929;3420
1;1741105452833;987
3;1741105452934;3421
1;1741105455516;988
2;1741105455858;643
3;1741105457924;3422
2;1741105461806;644
3;1741105462932;3423
3;1741105467922;3424
3;1741105472928;3425
2;1741105475925;645
1;1741105476581;989
3;1741105477931;3426
1;1741105478022;990
3;1741105482935;3427
3;1741105487922;3428
3;1741105492928;3429
3;1741105497931;3430
1;1741105501344;991
3;1741105502935;3431
0;1741105507121;338
3;1741105507928;3432
3;1741105512928;3433
3;1741105517935;3434
3;1741105522927;3435
3;1741105527928;3436
3;1741105532929;3437
3;1741105537939;3438
3;1741105542929;3439
3;1741105547930;3440
1;1741105550961;992
3;1741105552935;3441
1;1741105555456;993
3;1741105557923;3442
1;1741105558077;994
3;1741105562927;3443
1;1741105567416;995
3;1741105567947;3444
2;1741105576381;646
3;1741105582943;3445
3;1741105583019;3446
3;1741105587916;3447
3;1741105592921;3448
3;1741105597924;3449
3;1741105602930;3450
3;1741105607936;3451
3;1741105612928;3452
3;1741105617931;3453
3;1741105622937;3454
3;1741105627927;3455
3;1741105632926;3456
3;1741105637931;3457
2;1741105640979;647
3;1741105642948;3458
3;1741105647928;3459
2;1741105651105;648
3;1741105652930;3460
3;1741105657925;3461
3;1741105662920;3462
3;1741105667924;3463
3;1741105672930;3464
3;1741105677935;3465
2;1741105680729;649
3;1741105682921;3466
3;1741105687925;3467
2;1741105691021;650
3;1741105692931;3468
3;1741105697920;3469
3;1741105702930;3470
3;1741105707918;3471
1;1741105710278;996
3;1741105712936;3472
3;1741105717912;3473
1;1741105718594;997
3;1741105722932;3474
3;1741105727937;3475
1;1741105732697;998
3;1741105732926;3476
3;1741105737931;3477
3;1741105742923;3478
1;1741105743166;999
1;1741105751675;1000
2;1741105751803;651
3;1741105757952;3479
3;1741105758001;3480
1;1741105761015;1001
2;1741105761185;652
3;1741105762926;3481
2;1741105767621;653
1;1741105767653;1002
3;1741105767932;3482
1;1741105768076;1003
2;1741105771202;654
3;1741105772936;3483
3;1741105777925;3484
3;1741105782928;3485
3;1741105787935;3486
1;1741105797622;1004
3;1741105802953;3487
3;1741105802999;3488
3;1741105807927;3489
3;1741105812933;3490
3;1741105847924;3491
3;1741105852927;3492
3;1741105857931;3493
3;1741105862936;3494
3;1741105867920;3495
3;1741105872923;3496
3;1741105877929;3497
3;1741105882935;3498
3;1741105887926;3499
3;1741105892932;3500
3;1741105897937;3501
3;1741105902924;3502
3;1741105917956;3503
3;1741105918002;3504
3;1741105922931;3505
0;1741105927002;339
3;1741105927937;3506
1;1741105928234;1005
3;1741105932928;3507
2;1741105935674;655
0;1741105935984;340
3;1741105937932;3508
3;1741105942924;3509
3;1741105947928;3510
3;1741105952932;3511
3;1741105957922;3512
3;1741105962927;3513
3;1741105967933;3514
3;1741105972921;3515
0;1741105976926;341
3;1741105977923;3516
3;1741105982928;3517
3;1741105987935;3518
1;1741105991156;1006
3;1741105992923;3519
1;1741105999504;1007
1;1741106003465;1008
2;1741106005966;656
3;1741106007935;3520
3;1741106007982;3521
3;1741106012922;3522
3;1741106017930;3523
3;1741106022935;3524
3;1741106027953;3525
3;1741106032928;3526
3;1741106037930;3527
3;1741106042935;3528
1;1741106046017;1009
3;1741106047928;3529
3;1741106052933;3530
3;1741106057923;3531
3;1741106072937;3532
3;1741106072984;3533
3;1741106077924;3534
3;1741106092955;3535
3;1741106093005;3536
1;1741106093104;1010
3;1741106097930;3537
1;1741106101778;1011
2;1741106101809;657
3;1741106102935;3538
2;1741106105329;658
1;1741106107388;1012
3;1741106107925;3539
2;1741106110405;659
1;1741106111292;1013
3;1741106112929;3540
2;1741106116519;660
1;1741106116583;1014
3;1741106117916;3541
1;1741106119287;1015
3;1741106122922;3542
3;1741106127944;3543
3;1741106132933;3544
3;1741106147930;3545
3;1741106152935;3546
2;1741106155440;661
3;1741106157922;3547
2;1741106160381;662
1;1741106161257;1016
3;1741106162928;3548
1;1741106165289;1017
3;1741106167931;3549
3;1741106172923;3550
3;1741106177929;3551
1;1741106180085;1018
3;1741106182920;3552
3;1741106187926;3553
3;1741106192932;3554
3;1741106197937;3555
3;1741106202925;3556
1;1741106207203;1019
3;1741106207930;3557
1;1741106220927;1020
3;1741106222932;3558
3;1741106222980;3559
1;1741106224223;1021
3;1741106227921;3560
3;1741106232944;3561
1;1741106237861;1022
3;1741106237931;3562
3;1741106242936;3563
3;1741106247928;3564
3;1741106252933;3565
3;1741106257922;3566
2;1741106262408;663
1;1741106262745;1023
3;1741106262943;3567
0;1741106266273;342
2;1741106266406;664
1;1741106266449;1024
3;1741106267933;3568
1;1741106268128;1025
0;1741106270376;343
3;1741106272921;3569
1;1741106275340;1026
0;1741106275622;344
3;1741106277930;3570
1;1741106278564;1027
0;1741106281279;345
3;1741106282932;3571
1;1741106284542;1028
2;1741106285663;665
0;1741106287723;346
3;1741106287922;3572
1;1741106288133;1029
2;1741106291038;666
3;1741106292941;3573
0;1741106293073;347
2;1741106293159;667
1;1741106295207;1030
3;1741106297944;3574
1;1741106298040;1031
0;1741106300099;348
3;1741106302920;3575
3;1741106307925;3576
0;1741106309312;349
3;1741106312932;3577
0;1741106315978;350
1;1741106316762;1032
2;1741106316794;668
3;1741106317919;3578
1;1741106318603;1033
2;1741106320153;669
1;1741106324355;1034
0;1741106325134;351
2;1741106325796;670
1;1741106328528;1035
2;1741106330816;671
0;1741106331839;352
3;1741106332948;3579
3;1741106333002;3580
1;1741106335446;1036
2;1741106335807;672
3;1741106337920;3581
1;1741106338203;1037
2;1741106340539;673
3;1741106342929;3582
2;1741106345771;674
1;1741106345803;1038
0;1741106347514;353
3;1741106347920;3583
1;1741106348346;1039
2;1741106350489;675
3;1741106352937;3584
0;1741106354990;354
2;1741106356037;676
1;1741106356069;1040
3;1741106357912;3585
3;1741106362935;3586
1;1741106366480;1041
2;1741106366912;677
3;1741106367926;3587
3;1741106372927;3588
0;1741106375717;355
3;1741106377933;3589
3;1741106382924;3590
3;1741106387931;3591
3;1741106392921;3592
0;1741106392967;356
1;1741106393122;1042
2;1741106395522;678
3;1741106397925;3593
0;1741106400512;357
2;1741106401461;679
3;1741106402928;3594
2;1741106403806;680
1;1741106405782;1043
0;1741106406602;358
3;1741106407933;3595
0;1741106408185;359
2;1741106411732;681
3;1741106412922;3596
1;1741106415189;1044
2;1741106415574;682
3;1741106417929;3597
1;1741106419635;1045
0;1741106420693;360
3;1741106422937;3598
0;1741106424338;361
1;1741106425089;1046
2;1741106425128;683
3;1741106427924;3599
1;1741106428028;1047
2;1741106430174;684
0;1741106430718;362
3;1741106432931;3600
0;1741106433469;363
1;1741106433533;1048
3;1741106437920;3601
1;1741106438010;1049
0;1741106440347;364
3;1741106442925;3602
3;1741106447928;3603
3;1741106452933;3604
0;1741106454159;365
3;1741106457921;3605
3;1741106462930;3606
3;1741106467934;3607
3;1741106472935;3608
3;1741106477927;3609
3;1741106492967;3610
3;1741106493002;3611
3;1741106497926;3612
3;1741106502932;3613
3;1741106507923;3614
3;1741106512931;3615
3;1741106517920;3616
1;1741106521721;1050
3;1741106532937;3617
3;1741106532985;3618
3;1741106537926;3619
3;1741106542931;3620
3;1741106547921;3621
3;1741106552927;3622
3;1741106557916;3623
3;1741106562936;3624
1;1741106566129;1051
3;1741106567972;3625
1;1741106568001;1052
3;1741106572931;3626
3;1741106577969;3627
2;1741106580238;685
3;1741106582928;3628
3;1741106587933;3629
3;1741106592926;3630
0;1741106595935;366
3;1741106597931;3631
3;1741106602921;3632
3;1741106607942;3633
3;1741106612928;3634
2;1741106615168;686
1;1741106615419;1053
3;1741106617937;3635
1;1741106620952;1054
3;1741106622924;3636
3;1741106627929;3637
3;1741106632920;3638
1;1741106633026;1055
1;1741106638191;1056
2;1741106645183;687
3;1741106647938;3639
3;1741106648012;3640
2;1741106651044;688
1;1741106651589;1057
3;1741106652926;3641
1;1741106658193;1058
2;1741106659542;689
2;1741106665429;690
3;1741106667947;3642
3;1741106667995;3643
3;1741106672921;3644
1;1741106675426;1059
3;1741106677928;3645
1;1741106678425;1060
2;1741106678690;691
3;1741106682932;3646
1;1741106683054;1061
2;1741106687705;692
3;1741106687920;3647
2;1741106690009;693
3;1741106692968;3648
1;1741106696357;1062
3;1741106697932;3649
1;1741106698525;1063
2;1741106702357;694
3;1741106702967;3650
1;1741106705572;1064
2;1741106707121;695
3;1741106707927;3651
1;1741106708417;1065
2;1741106710577;696
3;1741106712935;3652
1;1741106715439;1066
2;1741106716556;697
3;1741106717928;3653
1;1741106718295;1067
3;1741106722924;3654
3;1741106727930;3655
1;1741106729253;1068
2;1741106729285;698
3;1741106732937;3656
1;1741106734964;1069
2;1741106734995;699
3;1741106737954;3657
1;1741106738621;1070
2;1741106740164;700
3;1741106742935;3658
1;1741106743034;1071
2;1741106745568;701
3;1741106747924;3659
1;1741106750238;1072
2;1741106750441;702
3;1741106752931;3660
1;1741106756348;1073
3;1741106757920;3661
1;1741106760637;1074
3;1741106762924;3662
1;1741106763139;1075
2;1741106764807;703
3;1741106767930;3663
3;1741106772933;3664
3;1741106777920;3665
1;1741106782137;1076
3;1741106782929;3666
3;1741106787934;3667
1;1741106791287;1077
2;1741106791655;704
3;1741106792925;3668
1;1741106795047;1078
2;1741106796000;705
3;1741106797927;3669
2;1741106800924;706
3;1741106802930;3670
0;1741106802989;367
2;1741106805548;707
3;1741106807940;3671
0;1741106808411;368
1;1741106809269;1079
2;1741106810155;708
3;1741106812924;3672
2;1741106813896;709
3;1741106817930;3673
3;1741106822923;3674
3;1741106827926;3675
3;1741106832934;3676
3;1741106837922;3677
3;1741106842924;3678
0;1741106847654;369
3;1741106847931;3679
3;1741106852920;3680
1;1741106854293;1080
2;1741106856590;710
3;1741106857924;3681
2;1741106860734;711
1;1741106861350;1081
3;1741106862914;3682
3;1741106867933;3683
1;1741106869383;1082
3;1741106872922;3684
3;1741106877930;3685
3;1741106882936;3686
3;1741106887928;3687
1;1741106895337;1083
3;1741106902943;3688
3;1741106902991;3689
3;1741106907933;3690
2;1741106910999;712
1;1741106911031;1084
0;1741106912183;370
3;1741106912924;3691
2;1741106915907;713
3;1741106917915;3692
3;1741106922935;3693
2;1741106923112;714
0;1741106924578;371
3;1741106927924;3694
3;1741106932942;3695
3;1741106937931;3696
3;1741106942935;3697
3;1741106947924;3698
3;1741106952927;3699
3;1741106957934;3700
1;1741106961229;1085
3;1741106962938;3701
2;1741106965887;715
3;1741106967943;3702
1;1741106968217;1086
3;1741106972933;3703
1;1741106975678;1087
3;1741106977920;3704
1;1741106978181;1088
3;1741106982926;3705
1;1741106984231;1089
3;1741106987963;3706
3;1741106992965;3707
3;1741106997927;3708
3;1741107002935;3709
3;1741107007921;3710
2;1741107011193;716
1;1741107011225;1090
3;1741107012930;3711
1;1741107014329;1091
2;1741107014361;717
3;1741107017931;3712
2;1741107018721;718
1;1741107019783;1092
3;1741107022934;3713
3;1741107037937;3714
3;1741107037983;3715
3;1741107042936;3716
3;1741107047931;3717
3;1741107052920;3718
2;1741107053394;719
3;1741107057951;3719
3;1741107062926;3720
3;1741107067937;3721
3;1741107072922;3722
3;1741107077928;3723
3;1741107082935;3724
3;1741107087921;3725
3;1741107092939;3726
2;1741107096333;720
1;1741107096451;1093
3;1741107097929;3727
3;1741107102934;3728
3;1741107107924;3729
3;1741107112928;3730
1;1741107116365;1094
3;1741107117916;3731
1;1741107119559;1095
3;1741107122923;3732
0;1741107125241;372
1;1741107125458;1096
3;1741107127927;3733
0;1741107128317;373
1;1741107131005;1097
1;1741107133022;1098
0;1741107136012;374
0;1741107141238;375
3;1741107142940;3734
3;1741107142987;3735
1;1741107145751;1099
3;1741107147928;3736
3;1741107152938;3737
2;1741107156909;721
3;1741107157923;3738
2;1741107162618;722
3;1741107162927;3739
0;1741107166247;376
3;1741107167952;3740
3;1741107172921;3741
0;1741107176046;377
3;1741107177925;3742
3;1741107182932;3743
2;1741107185438;723
3;1741107187920;3744
2;1741107191861;724
3;1741107192940;3745
2;1741107196004;725
0;1741107196589;378
3;1741107197931;3746
1;1741107198002;1100
3;1741107202933;3747
3;1741107207939;3748
2;1741107210573;726
3;1741107212930;3749
2;1741107222138;727
1;1741107227270;1101
2;1741107230933;728
2;1741107237746;729
3;1741107237955;3750
3;1741107238000;3751
2;1741107238299;730
3;1741107242934;3752
2;1741107245465;731
3;1741107247939;3753
3;1741107252926;3754
3;1741107257937;3755
3;1741107262924;3756
3;1741107267926;3757
1;1741107270209;1102
2;1741107270353;732
3;1741107272921;3758
3;1741107277922;3759
3;1741107282927;3760
3;1741107287933;3761
3;1741107292922;3762
3;1741107297923;3763
0;1741107302334;379
3;1741107302930;3764
3;1741107307941;3765
3;1741107312942;3766
3;1741107317931;3767
3;1741107322936;3768
0;1741107323442;380
2;1741107327468;733
3;1741107327922;3769
0;1741107328033;381
3;1741107332927;3770
1;1741107335112;1103
2;1741107335816;734
3;1741107337928;3771
1;1741107338867;1104
1;1741107344943;1105
3;1741107352976;3772
3;1741107353039;3773
3;1741107357936;3774
3;1741107362923;3775
2;1741107366227;735
3;1741107367929;3776
2;1741107370610;736
3;1741107372936;3777
1;1741107373313;1106
3;1741107377924;3778
1;1741107378131;1107
2;1741107378714;737
3;1741107382930;3779
3;1741107387920;3780
1;1741107390693;1108
3;1741107392924;3781
3;1741107397927;3782
3;1741107402931;3783
3;1741107407921;3784
3;1741107412924;3785
1;1741107416036;1109
3;1741107417930;3786
3;1741107422933;3787
3;1741107427943;3788
2;1741107432579;738
3;1741107432929;3789
3;1741107437934;3790
2;1741107440632;739
0;1741107442584;382
3;1741107442926;3791
2;1741107443699;740
1;1741107443929;1110
3;1741107447930;3792
2;1741107450563;741
3;1741107452933;3793
3;1741107457924;3794
3;1741107462927;3795
3;1741107467932;3796
3;1741107472924;3797
1;1741107477615;1111
3;1741107477926;3798
3;1741107482929;3799
1;1741107487764;1112
3;1741107487931;3800
2;1741107490564;742
3;1741107492936;3801
0;1741107496320;383
3;1741107497927;3802
0;1741107500496;384
0;1741107503438;385
2;1741107504441;743
1;1741107507225;1113
3;1741107512958;3803
3;1741107513031;3804
3;1741107517930;3805
0;1741107521696;386
1;1741107522448;1114
0;1741107523024;387
0;1741107529198;388
1;1741107530286;1115
3;1741107532944;3806
3;1741107532991;3807
1;1741107535173;1116
3;1741107537917;3808
3;1741107542938;3809
1;1741107545901;1117
0;1741107546705;389
3;1741107547926;3810
0;1741107551370;390
3;1741107552932;3811
1;1741107553213;1118
3;1741107557922;3812
3;1741107562926;3813
1;1741107567841;1119
3;1741107567927;3814
1;1741107568620;1120
3;1741107572933;3815
3;1741107577965;3816
1;1741107580284;1121
3;1741107582929;3817
3;1741107587937;3818
1;1741107588394;1122
3;1741107592925;3819
1;1741107595860;1123
3;1741107597929;3820
1;1741107600579;1124
3;1741107602934;3821
3;1741107607923;3822
3;1741107612929;3823
3;1741107627939;3824
3;1741107628010;3825
3;1741107632914;3826
3;1741107637936;3827
0;1741107641976;391
3;1741107642926;3828
1;1741107646127;1125
3;1741107647916;3829
3;1741107652937;3830
3;1741107657926;3831
3;1741107662930;3832
3;1741107667946;3833
3;1741107672926;3834
3;1741107677930;3835
3;1741107682922;3836
3;1741107687968;3837
3;1741107692929;3838
3;1741111907916;3839
0;1741111909093;392
3;1741111912934;3840
3;1741111917968;3841
3;1741111922930;3842
3;1741111927933;3843
3;1741111932922;3844
1;1741111935828;1126
3;1741111937926;3845
3;1741111942930;3846
0;1741111945792;393
3;1741111947939;3847
3;1741111952927;3848
0;1741111956935;394
3;1741111957932;3849
3;1741111962922;3850
2;1741111965399;744
1;1741111965968;1127
0;1741111966625;395
3;1741111967925;3851
1;1741111970448;1128
3;1741111972933;3852
1;1741111973501;1129
2;1741111975421;745
3;1741111977935;3853
3;1741111982923;3854
3;1741111987930;3855
2;1741111991139;746
0;1741111992098;396
3;1741111992937;3856
1;1741111993473;1130
3;1741111997925;3857
1;1741112001231;1131
3;1741112002930;3858
1;1741112005244;1132
2;1741112005692;747
1;1741112012806;1133
2;1741112015742;748
3;1741112017958;3859
3;1741112018007;3860
3;1741112022928;3861
2;1741112025626;749
3;1741112027934;3862
1;1741112029863;1134
2;1741112031369;750
3;1741112032920;3863
1;1741112033325;1135
2;1741112033414;751
3;1741112037928;3864
3;1741112042931;3865
2;1741112045806;752
3;1741112047922;3866
3;1741112052941;3867
2;1741112056221;753
1;1741112056589;1136
3;1741112057927;3868
2;1741112058274;754
1;1741112062076;1137
3;1741112062930;3869
2;1741112065451;755
1;1741112065759;1138
3;1741112067922;3870
1;1741112067995;1139
2;1741112068299;756
3;1741112072942;3871
1;1741112075955;1140
3;1741112077929;3872
1;1741112078387;1141
3;1741112082935;3873
1;1741112085377;1142
3;1741112087924;3874
3;1741112092932;3875
1;1741112095834;1143
2;1741112096071;757
3;1741112097933;3876
1;1741112100321;1144
3;1741112102936;3877
3;1741112107941;3878
3;1741112112920;3879
0;1741112115613;397
3;1741112117927;3880
1;1741112120747;1145
3;1741112122928;3881
1;1741112123033;1146
3;1741112127935;3882
1;1741112130471;1147
3;1741112132930;3883
1;1741112133545;1148
3;1741112147941;3884
2;1741112150174;758
0;1741112150670;398
3;1741112152913;3885
1;1741112155850;1149
0;1741112156295;399
3;1741112157935;3886
3;1741112162925;3887
3;1741112167928;3888
3;1741112172931;3889
3;1741112177922;3890
3;1741112182925;3891
2;1741112187841;759
3;1741112187932;3892
3;1741112192919;3893
2;1741112196653;760
3;1741112197939;3894
3;1741112202924;3895
2;1741112205824;761
3;1741112207932;3896
1;1741112210085;1150
3;1741112212935;3897
3;1741112217925;3898
2;1741112230806;762
3;1741112232942;3899
3;1741112232989;3900
1;1741112235924;1151
3;1741112237930;3901
2;1741112240896;763
2;1741112246381;764
3;1741112252967;3902
3;1741112253007;3903
3;1741112257930;3904
3;1741112262937;3905
3;1741112267924;3906
2;1741112276137;765
2;1741112281060;766
3;1741112282939;3907
3;1741112282984;3908
3;1741112287927;3909
3;1741112292932;3910
1;1741112293791;1152
3;1741112297921;3911
3;1741112302927;3912
3;1741112307934;3913
0;1741112308360;400
3;1741112312921;3914
1;1741112314931;1153
3;1741112317925;3915
0;1741112320794;401
3;1741112322930;3916
3;1741112327920;3917
2;1741112330185;767
3;1741112332938;3918
0;1741112333268;402
1;1741112335412;1154
3;1741112337928;3919
0;1741112337965;403
2;1741112341296;768
3;1741112342933;3920
1;1741112343217;1155
3;1741112347922;3921
3;1741112352926;3922
3;1741112357944;3923
3;1741112362932;3924
1;1741112365278;1156
0;1741112365995;404
3;1741112367938;3925
1;1741112368326;1157
0;1741112368348;405
3;1741112372924;3926
3;1741112377914;3927
3;1741112382938;3928
1;1741112386032;1158
3;1741112387925;3929
2;1741112390384;769
0;1741112390751;406
3;1741112392933;3930
1;1741112398074;1159
2;1741112400200;770
1;1741112405730;1160
2;1741112407231;771
3;1741112407958;3931
3;1741112408021;3932
2;1741112410957;772
3;1741112412934;3933
2;1741112415757;773
3;1741112417933;3934
0;1741112421429;407
3;1741112422921;3935
1;1741112423045;1161
3;1741112427931;3936
1;1741112428004;1162
3;1741112432950;3937
1;1741112435937;1163
3;1741112437926;3938
1;1741112449301;1164
2;1741112451482;774
3;1741112452977;3939
3;1741112453024;3940
3;1741112457932;3941
0;1741112460308;408
3;1741112462936;3942
3;1741112467926;3943
3;1741112472933;3944
3;1741112477923;3945
3;1741112482926;3946
3;1741112487932;3947
3;1741112492921;3948
3;1741112497926;3949
3;1741112502932;3950
3;1741112507919;3951
3;1741112512923;3952
3;1741112517927;3953
3;1741112522932;3954
3;1741112527962;3955
3;1741112532930;3956
3;1741112537938;3957
3;1741112542922;3958
3;1741112547930;3959
3;1741112552932;3960
3;1741112557954;3961
2;1741112560905;775
3;1741112562926;3962
1;1741112573043;1165
2;1741112576130;776
3;1741112577960;3963
3;1741112578013;3964
1;1741112578348;1166
3;1741112582932;3965
1;1741112583246;1167
3;1741112587941;3966
3;1741112592941;3967
1;1741112594995;1168
3;1741112597931;3968
1;1741112599117;1169
3;1741112602921;3969
3;1741112607964;3970
3;1741112612926;3971
3;1741112617935;3972
3;1741112622925;3973
3;1741112627927;3974
3;1741112632933;3975
3;1741112647948;3976
3;1741112647995;3977
3;1741112652937;3978
3;1741112657929;3979
3;1741112662934;3980
3;1741112667924;3981
3;1741112672930;3982
2;1741112675653;777
3;1741112677935;3983
1;1741112690793;1170
3;1741112692936;3984
3;1741112692983;3985
3;1741112697924;3986
3;1741112702932;3987
3;1741112707934;3988
2;1741112710855;778
0;1741112712354;409
3;1741112712937;3989
1;1741112716877;1171
3;1741112717924;3990
3;1741112722933;3991
3;1741112727934;3992
3;1741112732923;3993
3;1741112737926;3994
3;1741112742932;3995
3;1741112747924;3996
3;1741112752931;3997
3;1741112757917;3998
3;1741112762922;3999
2;1741112765565;779
3;1741112767911;4000
2;1741112771229;780
3;1741112772930;4001
1;1741112773699;1172
3;1741112777935;4002
3;1741112782923;4003
3;1741112787926;4004
2;1741112790784;781
3;1741112792930;4005
2;1741112795945;782
3;1741112797936;4006
3;1741112802924;4007
3;1741112807913;4008
1;1741112811282;1173
3;1741112812922;4009
2;1741112813090;783
1;1741112813122;1174
3;1741112817967;4010
1;1741112818015;1175
2;1741112818943;784
3;1741112822926;4011
1;1741112825818;1176
3;1741112827936;4012
2;1741112830089;785
3;1741112832924;4013
1;1741112837281;1177
2;1741112837377;786
3;1741112837933;4014
1;1741112838136;1178
2;1741112840057;787
3;1741112842923;4015
3;1741112847932;4016
3;1741112852922;4017
2;1741112856801;788
3;1741112857927;4018
2;1741112861070;789
1;1741112861134;1179
3;1741112862931;4019
3;1741112867934;4020
1;1741112872994;1180
0;1741112875687;410
2;1741112881967;790
3;1741112882950;4021
3;1741112882995;4022
3;1741112887926;4023
3;1741112892942;4024
0;1741112897105;411
3;1741112897932;4025
0;1741112900455;412
3;1741112902924;4026
3;1741112907911;4027
3;1741112912935;4028
3;1741112917923;4029
3;1741112922925;4030
3;1741112927928;4031
3;1741112932937;4032
3;1741112937925;4033
3;1741112942931;4034
3;1741112947922;4035
3;1741112952926;4036
1;1741112960459;1181
1;1741112966642;1182
3;1741112967944;4037
3;1741112978004;4038
3;1741112978080;4039
3;1741112982931;4040
1;1741112983040;1183
2;1741112986820;791
3;1741112987929;4041
0;1741112988324;413
1;1741112988372;1184
2;1741112993279;792
1;1741112993413;1185
3;1741113002945;4042
3;1741113002990;4043
3;1741113007919;4044
1;1741113011622;1186
3;1741113012951;4045
1;1741113015906;1187
2;1741113020627;793
0;1741113021249;414
0;1741113026781;415
3;1741113027970;4046
3;1741113028000;4047
3;1741113032927;4048
3;1741113037934;4049
3;1741113042922;4050
3;1741113047924;4051
3;1741113052932;4052
3;1741113057933;4053
0;1741113061364;416
3;1741113062922;4054
0;1741113063108;417
3;1741113067930;4055
2;1741113070117;794
3;1741113072935;4056
2;1741113073328;795
2;1741113081445;796
1;1741113086193;1188
3;1741113087948;4057
3;1741113087997;4058
2;1741113095428;797
3;1741113102949;4059
3;1741113102996;4060
0;1741113105999;418
3;1741113107924;4061
3;1741113112928;4062
3;1741113117933;4063
0;1741113120198;419
3;1741113122966;4064
2;1741113126193;798
1;1741113127009;1189
3;1741113127928;4065
1;1741113130401;1190
2;1741113130753;799
3;1741113132933;4066
1;1741113136157;1191
3;1741113137939;4067
1;1741113138893;1192
3;1741113142928;4068
1;1741113147233;1193
3;1741113147936;4069
3;1741113152937;4070
3;1741113157941;4071
1;1741113159310;1194
3;1741113162930;4072
1;1741113166209;1195
2;1741113166465;800
3;1741113167935;4073
2;1741113170609;801
1;1741113170807;1196
3;1741113172939;4074
3;1741113177930;4075
3;1741113182935;4076
3;1741113187954;4077
2;1741113190385;802
3;1741113192930;4078
3;1741113197935;4079
1;1741113202344;1197
3;1741113202928;4080
2;1741113203816;803
3;1741113207931;4081
2;1741113208259;804
1;1741113212431;1198
3;1741113212933;4082
1;1741113213113;1199
1;1741113219935;1200
1;1741113223036;1201
2;1741113224075;805
3;1741113227936;4083
1;1741113228251;1202
2;1741113229067;806
3;1741113232925;4084
2;1741113233304;807
1;1741113233863;1203
3;1741113237930;4085
1;1741113240287;1204
3;1741113242922;4086
2;1741113244261;808
0;1741113247326;420
3;1741113247926;4087
2;1741113252223;809
1;1741113252303;1205
3;1741113252934;4088
2;1741113256267;810
3;1741113257962;4089
3;1741113262926;4090
1;1741113266711;1206
2;1741113267297;811
3;1741113267934;4091
3;1741113272922;4092
3;1741113277928;4093
2;1741113280290;812
3;1741113282934;4094
1;1741113285965;1207
3;1741113287923;4095
2;1741113289292;813
1;1741113289659;1208
3;1741113292930;4096
3;1741113297935;4097
3;1741113302923;4098
2;1741113305686;814
1;1741113306365;1209
3;1741113307930;4099
2;1741113308817;815
1;1741113310390;1210
3;1741113312934;4100
3;1741113317919;4101
3;1741113322932;4102
3;1741113327932;4103
1;1741113330997;1211
3;1741113332923;4104
3;1741113337928;4105
3;1741113342938;4106
3;1741113347923;4107
1;1741113348173;1212
3;1741113352941;4108
3;1741113357930;4109
3;1741113362936;4110
3;1741113367925;4111
1;1741113371673;1213
3;1741113372932;4112
3;1741113377923;4113
1;1741113382522;1214
3;1741113382930;4114
3;1741113387932;4115
1;1741113391201;1215
3;1741113392936;4116
3;1741113397924;4117
2;1741113400190;816
1;1741113400398;1216
3;1741113402930;4118
1;1741113403147;1217
2;1741113406363;817
3;1741113407921;4119
1;1741113408130;1218
2;1741113410811;818
3;1741113412928;4120
2;1741113413146;819
3;1741113417934;4121
1;1741113417960;1219
2;1741113421109;820
3;1741113422925;4122
1;1741113425669;1220
2;1741113426401;821
3;1741113427928;4123
2;1741113430449;822
3;1741113432932;4124
2;1741113435888;823
3;1741113437922;4125
2;1741113438461;824
3;1741113442927;4126
2;1741113447720;825
3;1741113447933;4127
2;1741113450808;826
3;1741113452923;4128
3;1741129657935;4129
3;1741129662923;4130
3;1741129667930;4131
3;1741129682946;4132
3;1741129683008;4133
3;1741129687940;4134
3;1741129692929;4135
3;1741129697931;4136
3;1741129702935;4137
3;1741129707927;4138
2;1741129711307;827
3;1741129712928;4139
1;1741129715515;1221
3;1741129717933;4140
1;1741129720919;1222
3;1741129722968;4141
2;1741129725346;828
3;1741129727930;4142
2;1741129730174;829
3;1741129732938;4143
2;1741129735779;830
3;1741129737926;4144
2;1741129742478;831
3;1741129762969;4145
3;1741129773026;4146
3;1741129773059;4147
3;1741129773108;4148
3;1741129777934;4149
3;1741129782923;4150
3;1741129787924;4151
1;1741129792493;1223
3;1741129792913;4152
3;1741129797934;4153
3;1741129802922;4154
0;1741129806856;421
3;1741129807928;4155
2;1741129812702;832
3;1741129812932;4156
3;1741129817936;4157
1;1741129820214;1224
3;1741129822928;4158
3;1741129827932;4159
3;1741129832926;4160
3;1741129837925;4161
3;1741129842928;4162
3;1741129847932;4163
3;1741129852922;4164
3;1741129877965;4165
3;1741129878017;4166
3;1741129878076;4167
3;1741129882923;4168
3;1741129887931;4169
1;1741129892416;1225
3;1741129892935;4170
3;1741129897939;4171
3;1741129902930;4172
3;1741129907932;4173
3;1741129912919;4174
3;1741129917935;4175
3;1741129922927;4176
3;1741129927931;4177
3;1741129932936;4178
3;1741129937926;4179
3;1741129942914;4180
3;1741129947935;4181
3;1741129952961;4182
1;1741129955386;1226
3;1741129957928;4183
3;1741129962920;4184
1;1741129973022;1227
3;1741129977945;4185
3;1741129977992;4186
3;1741129982936;4187
2;1741129985586;833
3;1741129987922;4188
1;1741129990222;1228
0;1741129990302;422
3;1741130012969;4189
3;1741130013016;4190
3;1741130013064;4191
3;1741130017929;4192
3;1741130022933;4193
3;1741130027919;4194
3;1741130032926;4195
3;1741130047939;4196
3;1741130047987;4197
3;1741130052927;4198
3;1741130057930;4199
3;1741130062923;4200
3;1741130067926;4201
3;1741130072930;4202
3;1741130077936;4203
3;1741130082924;4204
3;1741130087930;4205
3;1741130092934;4206
1;1741130093059;1229
2;1741130097222;834
3;1741130097923;4207
1;1741130101183;1230
3;1741130102971;4208
3;1741130107933;4209
2;1741130111190;835
3;1741130112937;4210
2;1741130115646;836
3;1741130117931;4211
3;1741130122934;4212
3;1741130127924;4213
3;1741130132930;4214
3;1741130137933;4215
3;1741130142924;4216
3;1741130147928;4217
3;1741130152932;4218
3;1741130157923;4219
2;1741130166596;837
3;1741130172973;4220
3;1741130173016;4221
3;1741130177924;4222
3;1741130182928;4223
3;1741130187932;4224
3;1741130192934;4225
3;1741130197922;4226
3;1741130202926;4227
3;1741130207934;4228
3;1741130212948;4229
3;1741130217942;4230
3;1741130222931;4231
3;1741130227935;4232
3;1741130232924;4233
3;1741130237931;4234
3;1741130242932;4235
3;1741130247925;4236
3;1741130252927;4237
3;1741130257918;4238
3;1741130262919;4239
3;1741130267923;4240
1;1741130270238;1231
3;1741130272929;4241
3;1741130277935;4242
3;1741130282924;4243
1;1741130286957;1232
3;1741130287928;4244
3;1741130292934;4245
1;1741130295264;1233
3;1741130297937;4246
1;1741130298441;1234
2;1741130300410;838
0;1741130300888;423
3;1741130302925;4247
3;1741130307932;4248
3;1741130312923;4249
3;1741130317931;4250
3;1741130322935;4251
1;1741130325178;1235
3;1741130327938;4252
3;1741130332931;4253
3;1741130337917;4254
3;1741130342926;4255
3;1741130347927;4256
3;1741130352933;4257
3;1741130357922;4258
3;1741130362927;4259
1;1741130363088;1236
3;1741130367931;4260
3;1741130372940;4261
1;1741130374996;1237
3;1741130377926;4262
2;1741130378385;839
3;1741130382935;4263
1;1741130385473;1238
0;1741130386316;424
3;1741130387924;4264
3;1741130392929;4265
3;1741130397934;4266
3;1741130402964;4267
3;1741130407930;4268
3;1741130412934;4269
3;1741130417924;4270
2;1741130420572;840
0;1741130420988;425
3;1741130422937;4271
3;1741130427940;4272
3;1741130432939;4273
3;1741130437941;4274
3;1741130442930;4275
3;1741130457944;4276
3;1741130457990;4277
3;1741130462932;4278
1;1741130467661;1239
2;1741130467750;841
3;1741130467939;4279
3;1741130472927;4280
3;1741130477931;4281
3;1741130482922;4282
3;1741130487925;4283
2;1741130490750;842
3;1741130492929;4284
3;1741130497939;4285
3;1741130502925;4286
3;1741130507930;4287
3;1741130522960;4288
3;1741130523005;4289
3;1741130527936;4290
1;1741130532037;1240
3;1741130532924;4291
3;1741130537932;4292
3;1741130542921;4293
3;1741130547927;4294
3;1741130562944;4295
3;1741130562990;4296
3;1741130567930;4297
3;1741130582951;4298
3;1741130582994;4299
3;1741130587922;4300
3;1741130592939;4301
2;1741130595301;843
1;1741130595997;1241
3;1741130597927;4302
1;1741130598210;1242
3;1741130602936;4303
1;1741130607373;1243
2;1741130607869;844
3;1741130607922;4304
1;1741130610045;1244
3;1741130612928;4305
3;1741130617935;4306
3;1741130622922;4307
3;1741130627941;4308
3;1741130632931;4309
3;1741130647944;4310
3;1741130647992;4311
3;1741130652933;4312
3;1741130657922;4313
3;1741130662926;4314
3;1741130667931;4315
3;1741130672921;4316
3;1741130677926;4317
3;1741130682930;4318
1;1741130687750;1245
3;1741130687918;4319
3;1741130692925;4320
3;1741130697928;4321
3;1741130702935;4322
3;1741130707968;4323
1;1741130711322;1246
3;1741130712930;4324
1;1741130713961;1247
3;1741130717932;4325
3;1741130722925;4326
3;1741130727956;4327
3;1741130732950;4328
1;1741130735311;1248
3;1741130737922;4329
3;1741130742927;4330
3;1741130747933;4331
3;1741130752922;4332
3;1741130757928;4333
3;1741130762914;4334
3;1741130767935;4335
3;1741130772926;4336
3;1741130777930;4337
1;1741130779478;1249
3;1741130782936;4338
3;1741130787926;4339
3;1741130792930;4340
3;1741130797920;4341
3;1741130802923;4342
3;1741130807929;4343
3;1741130812920;4344
3;1741130817921;4345
3;1741130822927;4346
1;1741130822958;1250
3;1741130827933;4347
2;1741130830738;845
1;1741130830898;1251
3;1741130832937;4348
3;1741130837922;4349
3;1741130842927;4350
2;1741130846734;846
1;1741130846910;1252
3;1741130847924;4351
1;1741130848589;1253
3;1741130852931;4352
3;1741130857934;4353
3;1741130862922;4354
3;1741130867911;4355
3;1741130872933;4356
3;1741130877940;4357
3;1741130882926;4358
3;1741130897957;4359
3;1741130898004;4360
3;1741130902930;4361
3;1741130907918;4362
3;1741130912923;4363
3;1741130917943;4364
3;1741130922929;4365
1;1741130927195;1254
2;1741130927253;847
3;1741130927936;4366
3;1741130932925;4367
3;1741130937931;4368
3;1741130952947;4369
3;1741130953010;4370
3;1741130957929;4371
1;1741130962145;1255
3;1741130962919;4372
3;1741130967951;4373
3;1741130972931;4374
3;1741130977937;4375
3;1741130982924;4376
3;1741130987930;4377
0;1741130991298;426
3;1741130992920;4378
0;1741130993985;427
3;1741130997926;4379
3;1741131002917;4380
1;1741131005567;1256
2;1741131006735;848
3;1741131007932;4381
1;1741131011899;1257
2;1741131012027;849
3;1741131012928;4382
3;1741131017933;4383
3;1741131022937;4384
3;1741131027924;4385
0;1741131031034;428
3;1741131032929;4386
3;1741131037935;4387
3;1741131052932;4388
3;1741131052982;4389
1;1741131056349;1258
3;1741131057922;4390
3;1741131062914;4391
2;1741131066018;850
3;1741131077946;4392
3;1741131088040;4393
3;1741131088084;4394
3;1741131092932;4395
3;1741131097936;4396
3;1741131102926;4397
3;1741131107929;4398
3;1741131112933;4399
3;1741131117922;4400
3;1741131122928;4401
3;1741131127933;4402
3;1741131132925;4403
3;1741131137928;4404
3;1741131142935;4405
3;1741131147937;4406
2;1741131151799;851
3;1741131152941;4407
3;1741131157934;4408
3;1741131162922;4409
1;1741131165763;1259
3;1741131167926;4410
2;1741131170255;852
3;1741131172933;4411
3;1741131177935;4412
3;1741131182925;4413
3;1741131187930;4414
3;1741131192937;4415
0;1741131197311;429
3;1741131197924;4416
3;1741131202930;4417
3;1741131207932;4418
3;1741131212965;4419
3;1741131217928;4420
3;1741131222933;4421
3;1741131227924;4422
1;1741131228061;1260
2;1741131228401;853
3;1741131232928;4423
3;1741131237930;4424
3;1741131242923;4425
3;1741131247928;4426
3;1741131252918;4427
3;1741131257924;4428
3;1741131262945;4429
3;1741131267933;4430
3;1741131272960;4431
3;1741131277945;4432
3;1741131282932;4433
3;1741131297927;4434
3;1741131297961;4435
3;1741131302933;4436
3;1741131307925;4437
3;1741131312930;4438
3;1741131317943;4439
3;1741131322928;4440
3;1741131327931;4441
3;1741131332922;4442
3;1741131347942;4443
0;1741131352313;430
3;1741131352926;4444
3;1741131357935;4445
3;1741131362922;4446
2;1741131365668;854
3;1741131367926;4447
1;1741131372814;1261
3;1741131372933;4448
2;1741131373470;855
1;1741131375789;1262
3;1741131377935;4449
3;1741131382924;4450
3;1741131387930;4451
3;1741131392938;4452
3;1741131397924;4453
3;1741131402932;4454
3;1741131407936;4455
3;1741131412913;4456
3;1741131417932;4457
3;1741131422934;4458
1;1741131425631;1263
2;1741131425839;856
3;1741131427923;4459
1;1741131428397;1264
2;1741131428615;857
3;1741131432925;4460
3;1741131437932;4461
3;1741131442936;4462
1;1741131446766;1265
2;1741131446797;858
3;1741131447922;4463
3;1741131452925;4464
3;1741131457926;4465
3;1741131462934;4466
3;1741131467922;4467
3;1741131482951;4468
3;1741131483020;4469
3;1741131487925;4470
3;1741131492932;4471
3;1741131497936;4472
3;1741131502953;4473
3;1741131507954;4474
3;1741131512933;4475
2;1741131515959;859
3;1741131517924;4476
0;1741131520574;431
1;1741131520654;1266
2;1741131520886;860
3;1741131522928;4477
1;1741131523545;1267
3;1741131527916;4478
1;1741131528950;1268
2;1741131532037;861
3;1741131532922;4479
3;1741131537941;4480
1;1741131541877;1269
2;1741131541916;862
3;1741131542930;4481
1;1741131545308;1270
2;1741131545548;863
3;1741131547965;4482
1;1741131550172;1271
2;1741131550236;864
3;1741131552924;4483
2;1741131555160;865
3;1741131557931;4484
3;1741131562922;4485
3;1741131577963;4486
3;1741131578000;4487
3;1741131582928;4488
3;1741131587935;4489
3;1741131592924;4490
3;1741131597914;4491
3;1741131602920;4492
3;1741131607927;4493
3;1741131612930;4494
3;1741131617933;4495
1;1741131622326;1272
3;1741131622925;4496
3;1741131627928;4497
3;1741131632931;4498
3;1741131637936;4499
2;1741131642263;866
1;1741131642295;1273
0;1741131642679;432
3;1741131642955;4500
3;1741131647929;4501
3;1741131652937;4502
3;1741131657925;4503
3;1741131662913;4504
1;1741131665482;1274
0;1741131666137;433
3;1741131667934;4505
0;1741131668881;434
3;1741131682936;4506
3;1741131693002;4507
3;1741131693068;4508
3;1741131697924;4509
3;1741131702916;4510
3;1741131707936;4511
3;1741131712924;4512
3;1741131717930;4513
3;1741131722935;4514
3;1741131727927;4515
3;1741131732931;4516
1;1741131736187;1275
2;1741131736218;867
3;1741131737937;4517
1;1741131740906;1276
3;1741131742926;4518
1;1741131747238;1277
2;1741131747269;868
0;1741131747813;435
3;1741131747931;4519
3;1741131752936;4520
3;1741131757925;4521
3;1741131762928;4522
3;1741131767935;4523
3;1741131772925;4524
3;1741131777933;4525
2;1741131782178;869
1;1741131782210;1278
3;1741131782936;4526
3;1741131787922;4527
1;1741131789960;1279
3;1741131792928;4528
1;1741131794650;1280
3;1741131797934;4529
1;1741131801606;1281
2;1741131801638;870
3;1741131802923;4530
3;1741131807930;4531
3;1741131812932;4532
2;1741131816299;871
3;1741131817944;4533
2;1741131820619;872
1;1741131820666;1282
3;1741131822930;4534
1;1741131823050;1283
3;1741131827934;4535
1;1741131830471;1284
2;1741131832182;873
3;1741131832951;4536
1;1741131836116;1285
3;1741131837930;4537
2;1741131841121;874
1;1741131842385;1286
3;1741131842934;4538
1;1741131847377;1287
2;1741131847553;875
3;1741131847925;4539
2;1741131850225;876
1;1741131850529;1288
3;1741131852934;4540
3;1741131857925;4541
1;1741131859951;1289
3;1741131862932;4542
1;1741131866110;1290
3;1741131867923;4543
3;1741131872930;4544
3;1741131877922;4545
3;1741131892953;4546
3;1741131892999;4547
0;1741131897520;436
3;1741131897926;4548
3;1741131902938;4549
2;1741131922562;877
3;1741131927972;4550
3;1741131928021;4551
3;1741131928078;4552
1;1741131929047;1291
3;1741131932952;4553
2;1741131934735;878
3;1741131937938;4554
3;1741131942930;4555
1;1741131945893;1292
2;1741131955345;879
3;1741131957944;4556
3;1741131957989;4557
3;1741131962930;4558
3;1741131967937;4559
3;1741131972925;4560
3;1741131977929;4561
1;1741131982275;1293
3;1741131982921;4562
3;1741131987925;4563
3;1741131992928;4564
3;1741131997935;4565
0;1741131998905;437
1;1741131999065;1294
3;1741132002921;4566
3;1741132007926;4567
3;1741132012919;4568
3;1741132017937;4569
2;1741132021255;880
3;1741132022942;4570
3;1741132027945;4571
0;1741132031104;438
3;1741132032935;4572
3;1741132037922;4573
2;1741132038506;881
1;1741132043323;1295
2;1741132045579;882
3;1741132052941;4574
3;1741132052987;4575
3;1741132057925;4576
2;1741132061610;883
3;1741132062927;4577
2;1741132065178;884
3;1741132067933;4578
1;1741132072022;1296
3;1741132082952;4579
3;1741132083014;4580
3;1741132087925;4581
3;1741132092931;4582
3;1741132097920;4583
3;1741132102938;4584
2;1741132106705;885
3;1741132107952;4585
3;1741132112934;4586
3;1741132117925;4587
3;1741132122930;4588
3;1741132127934;4589
2;1741132130281;886
1;1741132132541;1297
3;1741132132922;4590
3;1741132137929;4591
3;1741132142933;4592
3;1741132147922;4593
3;1741132152927;4594
1;1741132153129;1298
3;1741132157932;4595
1;1741132157989;1299
3;1741132162919;4596
2;1741132166544;887
3;1741132167926;4597
3;1741132172931;4598
3;1741132177937;4599
1;1741132179370;1300
3;1741132182931;4600
1;1741132183142;1301
3;1741132187928;4601
1;1741132188673;1302
3;1741132192931;4602
3;1741132197939;4603
3;1741132202932;4604
1;1741132206872;1303
3;1741132207934;4605
1;1741132212550;1304
3;1741132212924;4606
1;1741132217108;1305
3;1741132217929;4607
3;1741132222929;4608
3;1741132227936;4609
3;1741132232962;4610
0;1741132234071;439
1;1741132235750;1306
3;1741132237933;4611
3;1741132242923;4612
3;1741132247930;4613
3;1741132252934;4614
2;1741132257536;888
3;1741132257924;4615
3;1741132262928;4616
3;1741132267933;4617
1;1741132270136;1307
3;1741132272924;4618
2;1741132275480;889
3;1741132277930;4619
3;1741132282937;4620
3;1741132287925;4621
3;1741132292930;4622
1;1741132293341;1308
3;1741132297924;4623
1;1741132301209;1309
1;1741132302985;1310
1;1741132307992;1311
2;1741132310996;890
3;1741132312953;4624
1;1741132312980;1312
3;1741132313000;4625
2;1741132313317;891
3;1741132317926;4626
0;1741132322737;440
3;1741132322935;4627
3;1741132327922;4628
1;1741132328058;1313
2;1741132331176;892
0;1741132331416;441
3;1741132332926;4629
3;1741132337934;4630
1;1741132341516;1314
3;1741132342942;4631
1;1741132346015;1315
3;1741132347924;4632
3;1741132352930;4633
1;1741132355658;1316
3;1741132357920;4634
1;1741132361707;1317
3;1741132362928;4635
3;1741132367933;4636
1;1741132368115;1318
2;1741132369542;893
3;1741132372935;4637
3;1741132377923;4638
2;1741132381386;894
3;1741132382926;4639
3;1741132387933;4640
0;1741132392790;442
3;1741132392924;4641
2;1741132395126;895
3;1741132397930;4642
2;1741132400928;896
3;1741132402934;4643
0;1741132406333;443
1;1741132406717;1319
3;1741132407924;4644
1;1741132411978;1320
3;1741132412928;4645
1;1741132414410;1321
3;1741132417936;4646
2;1741132421474;897
3;1741132422924;4647
1;1741132425422;1322
2;1741132425813;898
3;1741132427929;4648
1;1741132428020;1323
0;1741132430355;444
3;1741132432934;4649
0;1741132433503;445
1;1741132435583;1324
3;1741132437952;4650
0;1741132438012;446
2;1741132438070;899
1;1741132440588;1325
3;1741132442966;4651
3;1741132447934;4652
3;1741132452940;4653
3;1741132457915;4654
3;1741132462937;4655
3;1741132467929;4656
2;1741132470502;900
3;1741132472913;4657
3;1741132477935;4658
1;1741132478056;1326
2;1741132480760;901
3;1741132482926;4659
3;1741132487930;4660
2;1741132490836;902
3;1741132492933;4661
2;1741132495743;903
1;1741132495903;1327
3;1741132497925;4662
2;1741132501851;904
1;1741132505212;1328
3;1741132512955;4663
3;1741132512986;4664
2;1741132515567;905
3;1741132517932;4665
2;1741132518302;906
3;1741132522939;4666
3;1741132527925;4667
0;1741132532486;447
3;1741132532929;4668
1;1741132535659;1329
3;1741132537937;4669
1;1741132540630;1330
3;1741132542956;4670
1;1741132545172;1331
2;1741132545380;907
3;1741132547927;4671
1;1741132550544;1332
3;1741132552917;4672
1;1741132553695;1333
2;1741132555343;908
3;1741132557939;4673
2;1741132560995;909
3;1741132562931;4674
3;1741132567933;4675
3;1741132572938;4676
2;1741132573843;910
3;1741132577927;4677
3;1741132582915;4678
3;1741132587936;4679
3;1741132592926;4680
2;1741132593847;911
1;1741132595892;1334
3;1741132597929;4681
3;1741132602934;4682
1;1741132603393;1335
3;1741132607929;4683
3;1741132612930;4684
1;1741132615277;1336
2;1741132616010;912
3;1741132617937;4685
2;1741132620898;913
3;1741132622923;4686
1;1741132624773;1337
2;1741132626995;914
3;1741132627929;4687
1;1741132629091;1338
3;1741132632936;4688
0;1741132637621;448
3;1741132637924;4689
1;1741132641191;1339
3;1741132642926;4690
1;1741132643544;1340
3;1741132647931;4691
1;1741132650500;1341
3;1741132652918;4692
3;1741132657921;4693
3;1741132662930;4694
2;1741132665484;915
3;1741132667933;4695
2;1741132669623;916
3;1741132672925;4696
3;1741132677928;4697
2;1741132680643;917
3;1741132682932;4698
1;1741132684974;1342
2;1741132685194;918
3;1741132687936;4699
1;1741132688090;1343
2;1741132690438;919
3;1741132692927;4700
1;1741132693352;1344
3;1741132697932;4701
1;1741132700819;1345
3;1741132702936;4702
3;1741132707927;4703
3;1741132712932;4704
1;1741132717340;1346
3;1741132717921;4705
1;1741132721207;1347
3;1741132722925;4706
1;1741132723539;1348
2;1741132725143;920
3;1741132727928;4707
1;1741132730307;1349
3;1741132732937;4708
1;1741132737674;1350
2;1741132737694;921
3;1741132737924;4709
3;1741132742926;4710
3;1741132747934;4711
3;1741132752922;4712
3;1741132757927;4713
3;1741132762933;4714
3;1741132767937;4715
3;1741132772921;4716
3;1741132777929;4717
3;1741132782916;4718
3;1741132787937;4719
3;1741132792925;4720
3;1741132797930;4721
3;1741132802933;4722
1;1741132806758;1351
2;1741132807611;922
3;1741132807940;4723
2;1741132810397;923
0;1741132811769;449
3;1741132812928;4724
3;1741132817947;4725
0;1741132821414;450
1;1741132821702;1352
2;1741132821974;924
3;1741132822925;4726
3;1741132827930;4727
3;1741132832932;4728
2;1741132836966;925
3;1741132837939;4729
3;1741132842927;4730
0;1741132846298;451
3;1741132847936;4731
3;1741132852926;4732
2;1741132856826;926
1;1741132856840;1353
3;1741132857926;4733
0;1741132860449;452
2;1741132861248;927
1;1741132861312;1354
3;1741132862937;4734
1;1741132863392;1355
0;1741132866364;453
3;1741132867937;4735
1;1741132872216;1356
2;1741132872247;928
3;1741132872924;4736
3;1741132877932;4737
1;1741132882836;1357
3;1741132882921;4738
2;1741132886531;929
3;1741132887929;4739
3;1741132892934;4740
2;1741132895696;930
3;1741132897925;4741
2;1741132902646;931
1;1741132902778;1358
3;1741132902930;4742
2;1741132905456;932
1;1741132905818;1359
3;1741132907934;4743
0;1741132910298;454
2;1741132910472;933
1;1741132911368;1360
3;1741132912926;4744
1;1741132913176;1361
3;1741132917929;4745
2;1741132921262;934
1;1741132921843;1362
3;1741132922921;4746
3;1741132927925;4747
3;1741132942958;4748
3;1741132943005;4749
3;1741132947930;4750
3;1741132952936;4751
3;1741132957923;4752
2;1741132962716;935
3;1741132962930;4753
2;1741132966198;936
3;1741132967936;4754
2;1741132970809;937
3;1741132972940;4755
1;1741132976608;1363
2;1741132976672;938
3;1741132977924;4756
3;1741132982932;4757
1;1741132985582;1364
3;1741132987925;4758
2;1741132990614;939
3;1741132992926;4759
3;1741133007943;4760
3;1741133018001;4761
3;1741133018032;4762
3;1741133022929;4763
3;1741133027933;4764
3;1741133032923;4765
2;1741133057107;940
1;1741133057266;1365
3;1741133057976;4766
3;1741133058028;4767
3;1741133058079;4768
3;1741133062936;4769
3;1741133067941;4770
3;1741133072927;4771
3;1741133077936;4772
3;1741133082926;4773
1;1741133084502;1366
3;1741133087932;4774
3;1741133092931;4775
1;1741133096619;1367
3;1741133097937;4776
3;1741133102943;4777
2;1741133106949;941
3;1741133107932;4778
2;1741133108613;942
1;1741133109685;1368
3;1741133112968;4779
1;1741133115948;1369
2;1741133116387;943
3;1741133117928;4780
3;1741133122933;4781
3;1741133127926;4782
3;1741133132928;4783
1;1741133136836;1370
3;1741133137930;4784
3;1741133142937;4785
3;1741133147925;4786
3;1741133152928;4787
3;1741133167962;4788
3;1741133168008;4789
3;1741133172935;4790
3;1741133177923;4791
3;1741133182928;4792
2;1741133185434;944
3;1741133187933;4793
1;1741133191268;1371
3;1741133192920;4794
1;1741133195742;1372
3;1741133197945;4795
3;1741133202931;4796
3;1741133217955;4797
3;1741133217992;4798
1;1741133221568;1373
2;1741133221712;945
3;1741133222934;4799
3;1741133227942;4800
2;1741133231079;946
1;1741133231948;1374
3;1741133232928;4801
3;1741133237933;4802
3;1741133242924;4803
3;1741133247927;4804
3;1741133252933;4805
3;1741133257921;4806
3;1741133262927;4807
3;1741133267931;4808
3;1741133272935;4809
2;1741133273234;947
3;1741133277940;4810
3;1741133282925;4811
3;1741133287935;4812
3;1741133292925;4813
3;1741133297929;4814
2;1741133301280;948
3;1741133302933;4815
2;1741133305182;949
3;1741133307936;4816
1;1741133309386;1375
3;1741133312923;4817
3;1741133317932;4818
2;1741133321455;950
3;1741133322937;4819
3;1741133327922;4820
1;1741133333448;1376
3;1741133342951;4821
3;1741133342999;4822
3;1741133347925;4823
3;1741133352928;4824
3;1741133357931;4825
2;1741133362356;951
3;1741133362939;4826
2;1741133365813;952
3;1741133367926;4827
2;1741133370816;953
3;1741133372941;4828
3;1741133377922;4829
3;1741133382941;4830
3;1741133387949;4831
3;1741133392935;4832
3;1741133397924;4833
2;1741133401356;954
0;1741133401532;455
1;1741133401980;1377
3;1741133402940;4834
2;1741133405676;955
3;1741133407945;4835
2;1741133408650;956
3;1741133412942;4836
2;1741133415955;957
3;1741133417930;4837
1;1741133419219;1378
2;1741133420788;958
3;1741133422934;4838
2;1741133423151;959
1;1741133423642;1379
3;1741133427938;4839
2;1741133430570;960
3;1741133432928;4840
1;1741133435705;1380
2;1741133435830;961
3;1741133437930;4841
3;1741133442933;4842
3;1741133447964;4843
3;1741133452926;4844
3;1741133457931;4845
3;1741133462924;4846
3;1741133467926;4847
3;1741133472926;4848
3;1741133487954;4849
3;1741133488000;4850
2;1741133491250;962
3;1741133492924;4851
2;1741133495815;963
3;1741133497930;4852
3;1741133502935;4853
3;1741133507938;4854
3;1741133512928;4855
3;1741133517933;4856
3;1741133522963;4857
3;1741133527930;4858
3;1741133542955;4859
3;1741133542999;4860
3;1741133547934;4861
3;1741133552924;4862
3;1741133557925;4863
2;1741133572261;964
3;1741133572941;4864
3;1741133572986;4865
3;1741133577927;4866
2;1741133578369;965
3;1741133582933;4867
3;1741133587922;4868
0;1741133592712;456
3;1741133592927;4869
0;1741133593064;457
3;1741133597932;4870
0;1741133601746;458
3;1741133602934;4871
3;1741133607924;4872
3;1741133612932;4873
3;1741133617937;4874
3;1741133622922;4875
0;1741133625620;459
3;1741133627928;4876
0;1741133631901;460
3;1741133632932;4877
1;1741133634445;1381
3;1741133637938;4878
0;1741133640187;461
3;1741133642928;4879
0;1741133652246;462
3;1741133657944;4880
3;1741133657993;4881
3;1741133662932;4882
3;1741133667924;4883
3;1741133672928;4884
3;1741133677933;4885
3;1741133682922;4886
1;1741133684403;1382
2;1741133685251;966
3;1741133687940;4887
3;1741133692929;4888
3;1741133697960;4889
1;1741133700059;1383
2;1741133700203;967
3;1741133702923;4890
2;1741133705496;968
1;1741133705577;1384
3;1741133707931;4891
3;1741133712931;4892
2;1741133715541;969
3;1741133717924;4893
3;1741133722933;4894
2;1741133725929;970
1;1741133726746;1385
1;1741133728393;1386
2;1741133735189;971
1;1741133737579;1387
3;1741133737930;4895
3;1741133737979;4896
2;1741133740340;972
1;1741133743038;1388
1;1741133750586;1389
2;1741133751099;973
3;1741133752946;4897
3;1741133752990;4898
1;1741133753643;1390
3;1741133757932;4899
2;1741133760134;974
3;1741133762941;4900
2;1741133766499;975
1;1741133766659;1391
3;1741133767927;4901
1;1741133770161;1392
3;1741133772930;4902
2;1741133777338;976
3;1741133777935;4903
1;1741133780554;1393
3;1741133782924;4904
1;1741133786194;1394
3;1741133787928;4905
2;1741133790976;977
1;1741133791007;1395
3;1741133792933;4906
1;1741133793016;1396
2;1741133795601;978
3;1741133797924;4907
1;1741133797997;1397
2;1741133798485;979
1;1741133805689;1398
2;1741133805991;980
1;1741133808263;1399
2;1741133810759;981
3;1741133812938;4908
3;1741133813007;4909
1;1741133813046;1400
2;1741133815301;982
3;1741133817926;4910
1;1741133818048;1401
2;1741133820720;983
3;1741133822934;4911
1;1741133823007;1402
3;1741133827924;4912
3;1741133832930;4913
1;1741133835567;1403
2;1741133836282;984
3;1741133837920;4914
1;1741133838890;1404
3;1741133842924;4915
1;1741133843222;1405
1;1741133851107;1406
2;1741133851139;985
1;1741133853717;1407
2;1741133855619;986
3;1741133857961;4916
3;1741133858030;4917
1;1741133860386;1408
2;1741133860450;987
3;1741133862933;4918
1;1741133863730;1409
2;1741133865503;988
3;1741133867962;4919
1;1741133868044;1410
2;1741133870172;989
3;1741133872928;4920
1;1741133876696;1411
2;1741133876808;990
3;1741133877935;4921
1;1741133879074;1412
2;1741133879191;991
3;1741133882927;4922
3;1741133887928;4923
2;1741133891409;992
3;1741133892935;4924
3;1741133897924;4925
1;1741133901129;1413
3;1741133902926;4926
3;1741133907935;4927
2;1741133910808;993
1;1741133912309;1414
3;1741133912923;4928
2;1741133915461;994
3;1741133917930;4929
2;1741133920259;995
3;1741133922936;4930
1;1741133923037;1415
1;1741133930684;1416
1;1741133936390;1417
3;1741133937948;4931
3;1741133938008;4932
1;1741133938867;1418
3;1741133942921;4933
2;1741133947653;996
3;1741133947930;4934
3;1741133952933;4935
2;1741133957611;997
3;1741133957937;4936
2;1741133970504;998
1;1741133972181;1419
3;1741133972938;4937
3;1741133972986;4938
1;1741133975813;1420
3;1741133977926;4939
3;1741133982932;4940
3;1741133987923;4941
3;1741133992940;4942
2;1741133993222;999
1;1741133995062;1421
3;1741133997928;4943
3;1741134002934;4944
3;1741134007924;4945
3;1741134012930;4946
1;1741134013469;1422
2;1741134015501;1000
3;1741134017959;4947
3;1741134022923;4948
3;1741134027927;4949
3;1741134032933;4950
3;1741134037924;4951
3;1741134042930;4952
2;1741134055476;1001
3;1741134057944;4953
3;1741134058004;4954
3;1741134062934;4955
3;1741134067936;4956
3;1741134072929;4957
3;1741134077933;4958
3;1741134082923;4959
3;1741134087927;4960
3;1741134092930;4961
3;1741134097953;4962
3;1741134102953;4963
3;1741134117955;4964
3;1741134118002;4965
3;1741134122928;4966
3;1741134127935;4967
3;1741134132925;4968
3;1741134137931;4969
3;1741134142949;4970
3;1741134147937;4971
3;1741134152925;4972
2;1741134155783;1002
3;1741134157929;4973
0;1741134160707;463
3;1741134162934;4974
1;1741134165425;1423
3;1741134167925;4975
1;1741134170286;1424
3;1741134172931;4976
3;1741134177936;4977
1;1741134180552;1425
3;1741134182925;4978
2;1741134185752;1003
3;1741134187932;4979
1;1741134190341;1426
3;1741134192952;4980
2;1741134195637;1004
3;1741134197928;4981
2;1741134198689;1005
3;1741134202932;4982
3;1741134207925;4983
3;1741134212927;4984
3;1741134217931;4985
2;1741134220894;1006
3;1741134222921;4986
3;1741134227925;4987
1;1741134230482;1427
2;1741134231305;1007
3;1741134232931;4988
1;1741134233045;1428
3;1741134237938;4989
3;1741134242923;4990
3;1741134247927;4991
3;1741134252933;4992
3;1741134257920;4993
3;1741134262924;4994
3;1741134267931;4995
3;1741134272932;4996
3;1741134287928;4997
3;1741134292972;4998
2;1741134315615;1008
3;1741134317969;4999
3;1741134318016;5000
3;1741134318090;5001
2;1741134322454;1009
3;1741134322927;5002
2;1741134325827;1010
3;1741134327913;5003
3;1741134332936;5004
3;1741134337925;5005
2;1741134340509;1011
3;1741134342929;5006
2;1741134346986;1012
3;1741134347921;5007
2;1741134352702;1013
3;1741134352939;5008
2;1741134353989;1014
3;1741134357929;5009
3;1741134362935;5010
1;1741134366006;1429
3;1741134367964;5011
2;1741134370044;1015
3;1741134372968;5012
3;1741134377931;5013
3;1741134382935;5014
2;1741134387007;1016
3;1741134387925;5015
1;1741134390190;1430
3;1741134392931;5016
1;1741134396056;1431
3;1741134397935;5017
1;1741134398064;1432
2;1741134400440;1017
3;1741134402940;5018
3;1741134407927;5019
3;1741134412932;5020
2;1741134417548;1018
3;1741134417920;5021
2;1741134421097;1019
2;1741134426054;1020
2;1741134430520;1021
3;1741134432938;5022
2;1741134440669;1022
3;1741134443010;5023
3;1741134443055;5024
3;1741134447934;5025
1;1741134452565;1433
3;1741134452936;5026
2;1741134455442;1023
1;1741134456670;1434
3;1741134457924;5027
1;1741134458017;1435
2;1741134460734;1024
3;1741134462933;5028
1;1741134466731;1436
3;1741134467921;5029
3;1741134472924;5030
1;1741134476583;1437
3;1741134477931;5031
1;1741134481953;1438
3;1741134482935;5032
3;1741134487924;5033
1;1741134491226;1439
3;1741134492928;5034
1;1741134496520;1440
2;1741134496552;1025
3;1741134497934;5035
1;1741134500267;1441
3;1741134502925;5036
3;1741134507930;5037
3;1741134512933;5038
3;1741134517924;5039
3;1741134522930;5040
1;1741134522942;1442
2;1741134526604;1026
3;1741134527922;5041
1;1741134528012;1443
3;1741134532925;5042
3;1741134537946;5043
3;1741134542944;5044
3;1741134547940;5045
3;1741134552928;5046
3;1741134557950;5047
3;1741134562919;5048
3;1741134577936;5049
3;1741134577983;5050
3;1741134582922;5051
2;1741134586594;1027
3;1741134587926;5052
2;1741134590355;1028
3;1741134592934;5053
3;1741134597923;5054
3;1741134602925;5055
3;1741134607932;5056
3;1741134612923;5057
3;1741134617926;5058
3;1741134622931;5059
3;1741134627924;5060
3;1741134642954;5061
3;1741134643002;5062
3;1741134647924;5063
3;1741134652928;5064
3;1741134657918;5065
3;1741134662924;5066
3;1741134667930;5067
3;1741134672934;5068
1;1741134672987;1444
3;1741134677941;5069
0;1741134678286;464
3;1741134682932;5070
1;1741134684521;1445
3;1741134687920;5071
3;1741134692927;5072
3;1741134697931;5073
3;1741134702932;5074
3;1741134707923;5075
3;1741134712930;5076
3;1741134717932;5077
3;1741134722926;5078
1;1741134725734;1446
3;1741134727926;5079
3;1741134732930;5080
3;1741134737939;5081
3;1741134742925;5082
3;1741134747932;5083
3;1741134752923;5084
3;1741134757926;5085
2;1741134760603;1029
3;1741134762928;5086
3;1741134767934;5087
2;1741134768487;1030
0;1741134768696;465
3;1741134772924;5088
2;1741134775746;1031
3;1741134777933;5089
3;1741134782935;5090
1;1741134784976;1447
2;1741134787565;1032
3;1741134787922;5091
3;1741134792929;5092
3;1741134797935;5093
3;1741134802923;5094
3;1741134807931;5095
3;1741134812935;5096
0;1741134815778;466
3;1741134817925;5097
0;1741134820473;467
3;1741134822929;5098
3;1741134827934;5099
1;1741134832023;1448
3;1741134832924;5100
3;1741134837927;5101
3;1741134842933;5102
3;1741134847942;5103
3;1741134862939;5104
3;1741134862987;5105
3;1741134867927;5106
1;1741134871088;1449
3;1741134872934;5107
3;1741134877922;5108
1;1741134880605;1450
2;1741134880768;1033
3;1741134882928;5109
1;1741134886857;1451
3;1741134887934;5110
1;1741134890894;1452
2;1741134891869;1034
3;1741134892921;5111
3;1741134897958;5112
3;1741134902934;5113
2;1741134905663;1035
3;1741134907936;5114
2;1741134911000;1036
3;1741134912925;5115
3;1741134917933;5116
3;1741134922931;5117
1;1741134931917;1453
1;1741134935282;1454
3;1741134937943;5118
3;1741134947921;5119
3;1741134952924;5120
3;1741134957930;5121
3;1741134962923;5122
3;1741134967926;5123
1;1741134971771;1455
3;1741134972929;5124
1;1741134973867;1456
2;1741134977625;1037
3;1741134977964;5125
3;1741134982923;5126
3;1741134987928;5127
3;1741134992934;5128
3;1741134997938;5129
3;1741135002942;5130
3;1741135007932;5131
3;1741135012920;5132
3;1741135017941;5133
2;1741135021371;1038
3;1741135032941;5134
3;1741135032989;5135
3;1741135037929;5136
3;1741135042919;5137
1;1741135046351;1457
3;1741135047924;5138
1;1741135052363;1458
2;1741135052378;1039
3;1741135062938;5139
3;1741135062987;5140
3;1741135067924;5141
3;1741135072929;5142
3;1741135077934;5143
3;1741135082938;5144
3;1741135087926;5145
3;1741135092935;5146
3;1741135097923;5147
3;1741135102928;5148
3;1741135117949;5149
3;1741135117995;5150
3;1741135122920;5151
3;1741135127924;5152
3;1741135132932;5153
3;1741135137918;5154
3;1741135142911;5155
3;1741135147926;5156
3;1741135152932;5157
0;1741135156268;468
3;1741135157961;5158
3;1741135162926;5159
0;1741135167300;469
3;1741135167931;5160
1;1741135170807;1459
3;1741135172922;5161
0;1741135182761;470
3;1741135187956;5162
3;1741135192924;5163
3;1741135197928;5164
3;1741135202938;5165
3;1741135207920;5166
3;1741135212930;5167
3;1741135217922;5168
2;1741135220984;1040
3;1741135232943;5169
3;1741135232992;5170
3;1741135237930;5171
3;1741135242937;5172
2;1741135245216;1041
3;1741135247925;5173
1;1741135251242;1460
3;1741135252930;5174
1;1741135256776;1461
2;1741135257463;1042
3;1741135257934;5175
1;1741135260493;1462
2;1741135262478;1043
3;1741135262925;5176
3;1741135267929;5177
3;1741135272944;5178
3;1741135277925;5179
3;1741135282932;5180
3;1741135287923;5181
3;1741135292927;5182
1;1741135295321;1463
3;1741135297935;5183
3;1741135302938;5184
1;1741135303189;1464
3;1741135307926;5185
3;1741135312932;5186
2;1741135315305;1044
1;1741135315470;1465
3;1741135317920;5187
1;1741135320426;1466
3;1741135322925;5188
2;1741135326374;1045
3;1741135327931;5189
3;1741135332921;5190
3;1741135347935;5191
3;1741135347964;5192
3;1741135352924;5193
3;1741135357928;5194
3;1741135362932;5195
3;1741135367939;5196
3;1741135372930;5197
3;1741135377959;5198
3;1741135382925;5199
0;1741135383573;471
2;1741135386448;1046
3;1741135387910;5200
0;1741135390806;472
3;1741135392931;5201
3;1741135397920;5202
3;1741135402927;5203
3;1741135407930;5204
3;1741135412934;5205
1;1741135416745;1467
3;1741135417936;5206
1;1741135418048;1468
3;1741135422967;5207
1;1741135423354;1469
2;1741135425222;1047
3;1741135427931;5208
2;1741135431517;1048
1;1741135431972;1470
3;1741135432921;5209
1;1741135437439;1471
3;1741135437923;5210
3;1741135442915;5211
1;1741135447321;1472
3;1741135447935;5212
2;1741135451976;1049
3;1741135452926;5213
2;1741135455480;1050
1;1741135455908;1473
3;1741135457930;5214
2;1741135461903;1051
3;1741135462931;5215
0;1741135465641;473
1;1741135465774;1474
3;1741135467921;5216
0;1741135468571;474
3;1741135472927;5217
3;1741135477930;5218
3;1741135482933;5219
3;1741135487923;5220
3;1741135492913;5221
3;1741135497919;5222
3;1741135502968;5223
3;1741135507926;5224
3;1741135512953;5225
3;1741135517924;5226
3;1741135522931;5227
3;1741135527936;5228
1;1741135541183;1475
2;1741135543551;1052
3;1741135552960;5229
3;1741135563030;5230
3;1741135563078;5231
3;1741135563137;5232
3;1741135567927;5233
3;1741135572930;5234
3;1741135577920;5235
3;1741135582928;5236
3;1741135587934;5237
3;1741135592924;5238
0;1741135597455;475
3;1741135597929;5239
2;1741135601135;1053
3;1741135602933;5240
3;1741135607938;5241
3;1741135612927;5242
3;1741135617935;5243
0;1741135620024;476
3;1741135622924;5244
0;1741135623327;477
1;1741135626805;1476
2;1741135627109;1054
3;1741135627931;5245
3;1741135632920;5246
3;1741135637924;5247
1;1741135642685;1477
3;1741135642930;5248
3;1741135647932;5249
3;1741135652938;5250
3;1741135657929;5251
3;1741135662919;5252
3;1741135667920;5253
3;1741135672947;5254
3;1741135677935;5255
3;1741135682940;5256
3;1741135687928;5257
0;1741135689617;478
3;1741135692930;5258
3;1741135697922;5259
0;1741135698331;479
2;1741135700635;1055
3;1741135702943;5260
3;1741135707930;5261
0;1741135711937;480
3;1741135712937;5262
3;1741135717925;5263
0;1741135721036;481
3;1741135722931;5264
3;1741135727920;5265
0;1741135729301;482
3;1741135732964;5266
0;1741135735389;483
3;1741135737942;5267
3;1741135742934;5268
3;1741135747921;5269
3;1741135752928;5270
3;1741135757917;5271
0;1741135757991;484
0;1741136039515;485
1;1741136040267;1478
3;1741136047946;5272
3;1741136047993;5273
3;1741136052934;5274
3;1741136057921;5275
3;1741136062925;5276
1;1741136067872;1479
3;1741136067931;5277
2;1741136070469;1056
3;1741136072921;5278
2;1741136074546;1057
3;1741136077922;5279
3;1741136082929;5280
1;1741136086369;1480
3;1741136087933;5281
1;1741136090551;1481
3;1741136092939;5282
1;1741136095636;1482
3;1741136097929;5283
1;1741136098030;1483
2;1741136100562;1058
3;1741136102935;5284
3;1741136107927;5285
3;1741136112932;5286
1;1741136115304;1484
3;1741136117939;5287
3;1741136122957;5288
3;1741136127932;5289
2;1741136130610;1059
3;1741136132936;5290
2;1741136134786;1060
1;1741136135506;1485
3;1741136137926;5291
3;1741136152942;5292
3;1741136152988;5293
3;1741136157931;5294
3;1741136162952;5295
3;1741136167924;5296
3;1741136172931;5297
2;1741136175772;1061
1;1741136177809;1486
3;1741136177935;5298
2;1741136180632;1062
3;1741136182923;5299
3;1741136187929;5300
2;1741136188082;1063
3;1741136192933;5301
1;1741136195789;1487
1;1741136200233;1488
2;1741136200636;1064
2;1741136203158;1065
1;1741136205254;1489
3;1741136207927;5302
1;1741136210753;1490
2;1741136210990;1066
3;1741136212933;5303
3;1741136217924;5304
1;1741136222517;1491
3;1741136222930;5305
1;1741136225915;1492
3;1741136227921;5306
2;1741136232008;1067
3;1741136232927;5307
2;1741136236070;1068
3;1741136237933;5308
3;1741136242922;5309
1;1741136250125;1493
3;1741136257939;5310
3;1741136258001;5311
3;1741136262928;5312
3;1741136267934;5313
1;1741136270440;1494
3;1741136272921;5314
1;1741136275667;1495
2;1741136276240;1069
3;1741136277924;5315
3;1741136282932;5316
3;1741136287923;5317
2;1741136290111;1070
3;1741136292930;5318
1;1741136295583;1496
2;1741136295821;1071
3;1741136297919;5319
1;1741136300553;1497
2;1741136301221;1072
3;1741136302922;5320
2;1741136305782;1073
3;1741136307928;5321
2;1741136311122;1074
3;1741136312934;5322
3;1741136317921;5323
1;1741136320186;1498
3;1741136322926;5324
1;1741136323050;1499
2;1741136325925;1075
3;1741136327930;5325
2;1741136328293;1076
1;1741136332161;1500
3;1741136332953;5326
1;1741136333040;1501
2;1741136335605;1077
3;1741136337927;5327
1;1741136340064;1502
2;1741136340576;1078
3;1741136342932;5328
2;1741136346828;1079
3;1741136347922;5329
3;1741136352925;5330
2;1741136355415;1080
3;1741136357928;5331
2;1741136359005;1081
0;1741136361693;486
3;1741136362936;5332
3;1741136367924;5333
2;1741136370270;1082
1;1741136372229;1503
3;1741136372929;5334
1;1741136372965;1504
3;1741136377935;5335
1;1741136379944;1505
3;1741136382923;5336
3;1741136387930;5337
3;1741136392934;5338
2;1741136393185;1083
1;1741136396457;1506
3;1741136397922;5339
2;1741136400906;1084
3;1741136402930;5340
3;1741136407924;5341
2;1741136412650;1085
3;1741136412929;5342
3;1741136417919;5343
1;1741136421325;1507
2;1741136421414;1086
3;1741136422927;5344
1;1741136426015;1508
3;1741136427928;5345
3;1741136432918;5346
3;1741136437924;5347
3;1741136442932;5348
3;1741136447934;5349
3;1741136452925;5350
3;1741136457931;5351
3;1741136462919;5352
2;1741136464593;1087
3;1741136467923;5353
3;1741136472928;5354
0;1741136476841;487
3;1741136477933;5355
0;1741136479576;488
2;1741136480349;1088
3;1741136482926;5356
3;1741136487931;5357
3;1741136492920;5358
3;1741136497927;5359
2;1741136510346;1089
3;1741136512944;5360
3;1741136512992;5361
3;1741136517932;5362
3;1741136522939;5363
3;1741136527928;5364
2;1741136531877;1090
3;1741136532930;5365
3;1741136537934;5366
3;1741136542925;5367
3;1741136547930;5368
3;1741136552934;5369
2;1741136557589;1091
3;1741136557924;5370
3;1741136562928;5371
3;1741136567924;5372
3;1741136572945;5373
0;1741136572962;489
2;1741136575754;1092
3;1741136577928;5374
0;1741136580704;490
2;1741136580922;1093
3;1741136582935;5375
2;1741136585918;1094
0;1741136585950;491
1;1741136586046;1509
3;1741136587925;5376
3;1741136592931;5377
3;1741136597952;5378
3;1741136602926;5379
3;1741136607934;5380
2;1741136610453;1095
3;1741136612938;5381
2;1741136616461;1096
3;1741136617923;5382
1;1741136618671;1510
3;1741136622929;5383
1;1741136623164;1511
3;1741136627935;5384
3;1741136632924;5385
3;1741136637929;5386
3;1741136642931;5387
1;1741136646059;1512
3;1741136647925;5388
2;1741136650844;1097
3;1741136652929;5389
3;1741136657931;5390
0;1741136661924;492
1;1741136662675;1513
3;1741136662924;5391
1;1741136665459;1514
2;1741136667679;1098
3;1741136667951;5392
3;1741136672929;5393
3;1741136677959;5394
2;1741136680137;1099
3;1741136682924;5395
0;1741136685190;493
1;1741136685734;1515
3;1741136687915;5396
0;1741136691949;494
3;1741136692921;5397
0;1741136694499;495
3;1741136697927;5398
0;1741136707435;496
3;1741136712943;5399
3;1741136712991;5400
3;1741136717934;5401
3;1741136722929;5402
3;1741136727929;5403
3;1741136732928;5404
2;1741136736984;1100
3;1741136738253;5405
3;1741136742924;5406
3;1741136747929;5407
3;1741136752935;5408
3;1741136757927;5409
1;1741136762571;1516
3;1741136762929;5410
3;1741136767961;5411
3;1741136772948;5412
1;1741136777330;1517
3;1741136777928;5413
1;1741136780194;1518
3;1741136782937;5414
1;1741136785234;1519
2;1741136785361;1101
3;1741136787925;5415
3;1741136792927;5416
3;1741136797920;5417
3;1741136802939;5418
3;1741136807929;5419
3;1741136812935;5420
3;1741136817948;5421
3;1741136822928;5422
3;1741136827933;5423
2;1741136830839;1102
3;1741136832923;5424
3;1741136837929;5425
3;1741136842934;5426
2;1741136847215;1103
3;1741136847924;5427
3;1741136852929;5428
2;1741136870806;1104
2;1741136873150;1105
1;1741136875102;1520
3;1741136877937;5429
3;1741136878009;5430
1;1741136878072;1521
2;1741136880652;1106
3;1741136882927;5431
1;1741136883041;1522
2;1741136887149;1107
3;1741136887931;5432
1;1741136890595;1523
2;1741136890691;1108
3;1741136892922;5433
1;1741136895763;1524
3;1741136897923;5434
1;1741136898333;1525
2;1741136902359;1109
3;1741136902925;5435
1;1741136903206;1526
0;1741136907526;497
3;1741136907933;5436
3;1741136912932;5437
1;1741136915561;1527
3;1741136917938;5438
1;1741136918555;1528
2;1741136918700;1110
3;1741136922928;5439
2;1741136925413;1111
3;1741136927932;5440
2;1741136930374;1112
3;1741136932921;5441
1;1741136933106;1529
3;1741136937925;5442
3;1741136942930;5443
3;1741136947919;5444
3;1741136962954;5445
3;1741136963026;5446
3;1741136967927;5447
3;1741136972932;5448
1;1741136974429;1530
3;1741136977924;5449
3;1741136982929;5450
1;1741136985797;1531
3;1741136987921;5451
1;1741136989716;1532
2;1741136991221;1113
3;1741136992928;5452
3;1741136997934;5453
2;1741137000182;1114
3;1741137002935;5454
2;1741137007005;1115
3;1741137007923;5455
1;1741137007997;1533
3;1741137012928;5456
2;1741137025235;1116
1;1741137027295;1534
3;1741137027941;5457
3;1741137027987;5458
1;1741137030431;1535
2;1741137030719;1117
3;1741137032932;5459
1;1741137033998;1536
2;1741137035502;1118
3;1741137037920;5460
2;1741137040489;1119
3;1741137042941;5461
1;1741137043300;1537
2;1741137043905;1120
3;1741137047930;5462
1;1741137050212;1538
2;1741137050454;1121
3;1741137052934;5463
2;1741137055712;1122
1;1741137055824;1539
3;1741137057940;5464
1;1741137058145;1540
2;1741137058713;1123
3;1741137062928;5465
1;1741137063040;1541
2;1741137063274;1124
1;1741137070448;1542
1;1741137076304;1543
3;1741137077942;5466
3;1741137077990;5467
1;1741137078226;1544
3;1741137082931;5468
1;1741137085343;1545
3;1741137087923;5469
1;1741137090125;1546
3;1741137092924;5470
1;1741137093112;1547
2;1741137093272;1125
3;1741137097929;5471
2;1741137100356;1126
1;1741137101021;1548
3;1741137102920;5472
2;1741137105117;1127
1;1741137105189;1549
3;1741137107938;5473
2;1741137110203;1128
1;1741137110299;1550
3;1741137112928;5474
2;1741137115345;1129
1;1741137115815;1551
3;1741137117918;5475
2;1741137120807;1130
3;1741137122922;5476
1;1741137123987;1552
2;1741137125763;1131
3;1741137127928;5477
3;1741137132934;5478
3;1741137137960;5479
2;1741137138198;1132
3;1741137142926;5480
3;1741137147931;5481
3;1741137152922;5482
3;1741137157929;5483
1;1741137157974;1553
3;1741137162933;5484
2;1741137165327;1133
3;1741137167923;5485
3;1741137172929;5486
1;1741137175802;1554
3;1741137177914;5487
3;1741137182938;5488
3;1741137187955;5489
3;1741137192930;5490
3;1741137197922;5491
3;1741137202930;5492
3;1741137207935;5493
0;1741137212656;498
3;1741137212934;5494
3;1741137217923;5495
3;1741137222927;5496
3;1741137227934;5497
3;1741137232935;5498
0;1741137245577;499
3;1741137247964;5499
3;1741137248032;5500
3;1741137252927;5501
3;1741137257934;5502
3;1741137262922;5503
3;1741137267928;5504
1;1741137270065;1555
2;1741137270494;1134
3;1741137272931;5505
1;1741137273388;1556
3;1741137277920;5506
3;1741137282926;5507
3;1741137287933;5508
3;1741137292924;5509
3;1741137297930;5510
1;1741137298035;1557
2;1741137300357;1135
3;1741137302962;5511
1;1741137315421;1558
3;1741137317937;5512
3;1741137317969;5513
2;1741137320548;1136
1;1741137322600;1559
3;1741137322926;5514
3;1741137327934;5515
2;1741137331702;1137
3;1741137332922;5516
3;1741137337928;5517
1;1741137341072;1560
0;1741137341696;500
3;1741137342934;5518
1;1741137346029;1561
3;1741137347923;5519
2;1741137348552;1138
0;1741137348701;501
1;1741137350323;1562
3;1741137352931;5520
3;1741137357935;5521
1;1741137361766;1563
3;1741137362924;5522
2;1741137363047;1139
3;1741137367931;5523
1;1741137369892;1564
3;1741137372963;5524
2;1741137375885;1140
1;1741137376388;1565
3;1741137377928;5525
2;1741137381871;1141
3;1741137382932;5526
1;1741137385205;1566
2;1741137385781;1142
3;1741137387926;5527
1;1741137388814;1567
2;1741137389776;1143
1;1741137395275;1568
1;1741137398053;1569
2;1741137400068;1144
3;1741137402937;5528
3;1741137402985;5529
2;1741137403024;1145
1;1741137404963;1570
3;1741137407925;5530
3;1741137412930;5531
3;1741137417923;5532
1;1741137429943;1571
2;1741137430247;1146
3;1741137432937;5533
1;1741137432952;1572
3;1741137432984;5534
3;1741137437926;5535
3;1741137442933;5536
3;1741137447922;5537
3;1741137452926;5538
0;1741137455672;502
3;1741137457932;5539
3;1741137462938;5540
0;1741137465740;503
3;1741137467926;5541
3;1741137472930;5542
3;1741137477936;5543
3;1741137482929;5544
3;1741137487931;5545
3;1741137492935;5546
2;1741137495760;1147
3;1741137497926;5547
3;1741137502930;5548
