3;04-03-2025 02:13:07.901;04-03-2025 02:13:07.980;79
3;04-03-2025 02:13:07.901;04-03-2025 02:13:08.035;134
3;04-03-2025 02:13:07.901;04-03-2025 02:13:12.925;5024
3;04-03-2025 02:13:07.901;04-03-2025 02:13:17.915;10014
3;04-03-2025 02:13:07.901;04-03-2025 02:13:22.920;15019
3;04-03-2025 02:13:07.901;04-03-2025 02:13:27.939;20038
3;04-03-2025 02:13:07.901;04-03-2025 02:13:32.926;25025
3;04-03-2025 02:13:07.901;04-03-2025 02:13:37.933;30032
3;04-03-2025 02:13:07.901;04-03-2025 02:13:42.922;35021
3;04-03-2025 02:13:07.901;04-03-2025 02:13:47.956;40055
3;04-03-2025 02:13:07.901;04-03-2025 02:13:52.933;45032
3;04-03-2025 02:13:07.901;04-03-2025 02:13:57.937;50036
3;04-03-2025 02:13:07.901;04-03-2025 02:14:02.925;55024
3;04-03-2025 02:13:07.901;04-03-2025 02:14:07.931;60030
3;04-03-2025 02:13:07.901;04-03-2025 02:14:12.920;65019
3;04-03-2025 02:13:07.901;04-03-2025 02:14:17.926;70025
3;04-03-2025 02:13:07.901;04-03-2025 02:14:22.914;75013
3;04-03-2025 02:13:07.901;04-03-2025 02:14:27.918;80017
3;04-03-2025 02:13:07.901;04-03-2025 02:14:32.928;85027
3;04-03-2025 02:13:07.901;04-03-2025 02:14:37.918;90017
3;04-03-2025 02:13:07.901;04-03-2025 02:14:42.939;95038
3;04-03-2025 02:13:07.901;04-03-2025 02:14:47.927;100026
3;04-03-2025 02:13:07.901;04-03-2025 02:14:52.959;105058
3;04-03-2025 02:13:07.901;04-03-2025 02:14:57.936;110035
3;04-03-2025 02:13:07.901;04-03-2025 02:15:02.925;115024
3;04-03-2025 02:13:07.901;04-03-2025 02:15:07.927;120026
3;04-03-2025 02:13:07.901;04-03-2025 02:15:12.936;125035
3;04-03-2025 02:13:07.901;04-03-2025 02:15:17.920;130019
0;04-03-2025 02:15:16.624;04-03-2025 02:15:22.761;6137
3;04-03-2025 02:13:07.901;04-03-2025 02:15:22.927;135026
3;04-03-2025 02:13:07.901;04-03-2025 02:15:27.915;140014
3;04-03-2025 02:13:07.901;04-03-2025 02:15:32.922;145021
3;04-03-2025 02:13:07.901;04-03-2025 02:15:37.925;150024
3;04-03-2025 02:13:07.901;04-03-2025 02:15:42.916;155015
3;04-03-2025 02:13:07.901;04-03-2025 02:15:47.920;160019
3;04-03-2025 02:13:07.901;04-03-2025 02:15:52.927;165026
3;04-03-2025 02:13:07.901;04-03-2025 02:15:57.914;170013
3;04-03-2025 02:13:07.901;04-03-2025 02:16:02.920;175019
3;04-03-2025 02:13:07.901;04-03-2025 02:16:07.928;180027
3;04-03-2025 02:13:07.901;04-03-2025 02:16:12.952;185051
3;04-03-2025 02:13:07.901;04-03-2025 02:16:17.920;190019
3;04-03-2025 02:13:07.901;04-03-2025 02:16:22.924;195023
3;04-03-2025 02:13:07.901;04-03-2025 02:16:27.916;200015
3;04-03-2025 02:13:07.901;04-03-2025 02:16:32.920;205019
3;04-03-2025 02:13:07.901;04-03-2025 02:16:37.967;210066
3;04-03-2025 02:13:07.901;04-03-2025 02:16:42.924;215023
3;04-03-2025 02:13:07.901;04-03-2025 02:16:47.926;220025
3;04-03-2025 02:13:07.901;04-03-2025 02:16:52.915;225014
3;04-03-2025 02:13:07.901;04-03-2025 02:16:57.962;230061
3;04-03-2025 02:13:07.901;04-03-2025 02:17:02.923;235022
3;04-03-2025 02:13:07.901;04-03-2025 02:17:07.929;240028
3;04-03-2025 02:13:07.901;04-03-2025 02:17:12.917;245016
3;04-03-2025 02:13:07.901;04-03-2025 02:17:17.937;250036
3;04-03-2025 02:13:07.901;04-03-2025 02:17:22.924;255023
3;04-03-2025 02:13:07.901;04-03-2025 02:17:27.923;260022
3;04-03-2025 02:13:07.901;04-03-2025 02:17:32.961;265060
3;04-03-2025 02:13:07.901;04-03-2025 02:17:37.921;270020
3;04-03-2025 02:13:07.901;04-03-2025 02:17:42.927;275026
3;04-03-2025 02:13:07.901;04-03-2025 02:17:47.931;280030
3;04-03-2025 02:13:07.901;04-03-2025 02:17:52.922;285021
3;04-03-2025 02:13:07.901;04-03-2025 02:17:57.926;290025
3;04-03-2025 02:13:07.901;04-03-2025 02:18:02.915;295014
3;04-03-2025 02:13:07.901;04-03-2025 02:18:07.924;300023
3;04-03-2025 02:13:07.901;04-03-2025 02:18:12.927;305026
3;04-03-2025 02:13:07.901;04-03-2025 02:18:17.928;310027
3;04-03-2025 02:18:32.892;04-03-2025 02:18:32.942;50
3;04-03-2025 02:18:32.892;04-03-2025 02:18:33.003;111
3;04-03-2025 02:18:32.892;04-03-2025 02:18:37.915;5023
3;04-03-2025 02:18:32.892;04-03-2025 02:18:42.965;10073
3;04-03-2025 02:18:32.892;04-03-2025 02:18:47.923;15031
3;04-03-2025 02:18:32.892;04-03-2025 02:18:52.931;20039
3;04-03-2025 02:18:32.892;04-03-2025 02:18:57.917;25025
3;04-03-2025 02:18:32.892;04-03-2025 02:19:02.937;30045
3;04-03-2025 02:18:32.892;04-03-2025 02:19:07.926;35034
3;04-03-2025 02:18:32.892;04-03-2025 02:19:12.925;40033
3;04-03-2025 02:18:32.892;04-03-2025 02:19:17.916;45024
3;04-03-2025 02:18:32.892;04-03-2025 02:19:22.935;50043
3;04-03-2025 02:18:32.892;04-03-2025 02:19:27.967;55075
3;04-03-2025 02:18:32.892;04-03-2025 02:19:32.956;60064
3;04-03-2025 02:18:32.892;04-03-2025 02:19:37.918;65026
3;04-03-2025 02:18:32.892;04-03-2025 02:19:42.928;70036
3;04-03-2025 02:18:32.892;04-03-2025 02:19:47.915;75023
3;04-03-2025 02:18:32.892;04-03-2025 02:19:52.920;80028
3;04-03-2025 02:18:32.892;04-03-2025 02:19:57.925;85033
3;04-03-2025 02:18:32.892;04-03-2025 02:20:02.913;90021
3;04-03-2025 02:18:32.892;04-03-2025 02:20:07.921;95029
3;04-03-2025 02:18:32.892;04-03-2025 02:20:12.925;100033
3;04-03-2025 02:18:32.892;04-03-2025 02:20:17.936;105044
3;04-03-2025 02:18:32.892;04-03-2025 02:20:22.924;110032
3;04-03-2025 02:18:32.892;04-03-2025 02:20:27.951;115059
3;04-03-2025 02:18:32.892;04-03-2025 02:20:32.926;120034
3;04-03-2025 02:18:32.892;04-03-2025 02:20:37.935;125043
2;04-03-2025 02:20:31.582;04-03-2025 02:20:40.676;9094
3;04-03-2025 02:18:32.892;04-03-2025 02:20:42.920;130028
3;04-03-2025 02:18:32.892;04-03-2025 02:20:47.938;135046
3;04-03-2025 02:18:32.892;04-03-2025 02:20:52.925;140033
3;04-03-2025 02:18:32.892;04-03-2025 02:20:57.936;145044
3;04-03-2025 02:18:32.892;04-03-2025 02:21:02.918;150026
3;04-03-2025 02:18:32.892;04-03-2025 02:21:07.924;155032
3;04-03-2025 02:18:32.892;04-03-2025 02:21:12.928;160036
3;04-03-2025 02:18:32.892;04-03-2025 02:21:17.928;165036
3;04-03-2025 02:18:32.892;04-03-2025 02:21:22.913;170021
0;04-03-2025 02:21:18.501;04-03-2025 02:21:25.626;7125
3;04-03-2025 02:18:32.892;04-03-2025 02:21:27.935;175043
0;04-03-2025 02:21:18.501;04-03-2025 02:21:28.311;9810
3;04-03-2025 02:18:32.892;04-03-2025 02:21:32.937;180045
0;04-03-2025 02:21:18.501;04-03-2025 02:21:35.065;16564
2;04-03-2025 02:21:35.802;04-03-2025 02:21:37.145;1343
3;04-03-2025 02:18:32.892;04-03-2025 02:21:37.927;185035
1;04-03-2025 02:20:54.103;04-03-2025 02:21:39.119;45016
3;04-03-2025 02:18:32.892;04-03-2025 02:21:42.915;190023
3;04-03-2025 02:18:32.892;04-03-2025 02:21:47.954;195062
2;04-03-2025 02:21:35.802;04-03-2025 02:21:48.227;12425
3;04-03-2025 02:18:32.892;04-03-2025 02:21:52.924;200032
3;04-03-2025 02:18:32.892;04-03-2025 02:21:57.926;205034
1;04-03-2025 02:21:54.385;04-03-2025 02:22:00.973;6588
3;04-03-2025 02:18:32.892;04-03-2025 02:22:02.915;210023
3;04-03-2025 02:18:32.892;04-03-2025 02:22:07.923;215031
3;04-03-2025 02:22:22.892;04-03-2025 02:22:22.928;36
3;04-03-2025 02:22:22.892;04-03-2025 02:22:22.976;84
3;04-03-2025 02:22:22.892;04-03-2025 02:22:27.919;5027
3;04-03-2025 02:22:22.892;04-03-2025 02:22:32.950;10058
3;04-03-2025 02:22:22.892;04-03-2025 02:22:37.926;15034
3;04-03-2025 02:22:22.892;04-03-2025 02:22:42.928;20036
3;04-03-2025 02:22:22.892;04-03-2025 02:22:47.954;25062
3;04-03-2025 02:22:22.892;04-03-2025 02:22:52.956;30064
3;04-03-2025 02:23:07.891;04-03-2025 02:23:07.944;53
3;04-03-2025 02:23:07.891;04-03-2025 02:23:08.019;128
3;04-03-2025 02:23:07.891;04-03-2025 02:23:12.932;5041
1;04-03-2025 02:22:05.642;04-03-2025 02:23:13.039;67397
3;04-03-2025 02:23:07.891;04-03-2025 02:23:17.938;10047
3;04-03-2025 02:23:07.891;04-03-2025 02:23:22.927;15036
3;04-03-2025 02:23:07.891;04-03-2025 02:23:27.912;20021
3;04-03-2025 02:23:07.891;04-03-2025 02:23:32.919;25028
3;04-03-2025 02:23:07.891;04-03-2025 02:23:37.924;30033
3;04-03-2025 02:23:07.891;04-03-2025 02:23:42.929;35038
3;04-03-2025 02:23:07.891;04-03-2025 02:23:47.932;40041
3;04-03-2025 02:23:07.891;04-03-2025 02:23:52.923;45032
3;04-03-2025 02:24:07.891;04-03-2025 02:24:07.934;43
3;04-03-2025 02:24:07.891;04-03-2025 02:24:07.987;96
1;04-03-2025 02:23:35.258;04-03-2025 02:24:12.100;36842
3;04-03-2025 02:24:07.891;04-03-2025 02:24:12.922;5031
1;04-03-2025 02:23:35.258;04-03-2025 02:24:16.208;40950
3;04-03-2025 02:24:07.891;04-03-2025 02:24:17.925;10034
3;04-03-2025 02:24:07.891;04-03-2025 02:24:22.916;15025
3;04-03-2025 02:24:07.891;04-03-2025 02:24:27.933;20042
3;04-03-2025 02:24:07.891;04-03-2025 02:24:32.921;25030
0;04-03-2025 02:24:07.463;04-03-2025 02:24:34.916;27453
3;04-03-2025 02:24:07.891;04-03-2025 02:24:37.955;30064
3;04-03-2025 02:24:07.891;04-03-2025 02:24:42.919;35028
3;04-03-2025 02:24:07.891;04-03-2025 02:24:47.926;40035
2;04-03-2025 02:24:47.937;04-03-2025 02:24:48.280;343
3;04-03-2025 02:24:07.891;04-03-2025 02:24:52.913;45022
1;04-03-2025 02:24:45.262;04-03-2025 02:24:55.573;10311
3;04-03-2025 02:24:07.891;04-03-2025 02:24:57.933;50042
1;04-03-2025 02:24:45.262;04-03-2025 02:24:58.108;12846
3;04-03-2025 02:24:07.891;04-03-2025 02:25:02.926;55035
1;04-03-2025 02:24:45.262;04-03-2025 02:25:05.573;20311
3;04-03-2025 02:24:07.891;04-03-2025 02:25:07.926;60035
3;04-03-2025 02:24:07.891;04-03-2025 02:25:12.916;65025
1;04-03-2025 02:24:45.262;04-03-2025 02:25:17.530;32268
3;04-03-2025 02:24:07.891;04-03-2025 02:25:17.923;70032
1;04-03-2025 02:24:45.262;04-03-2025 02:25:20.762;35500
3;04-03-2025 02:24:07.891;04-03-2025 02:25:22.923;75032
3;04-03-2025 02:24:07.891;04-03-2025 02:25:27.928;80037
3;04-03-2025 02:24:07.891;04-03-2025 02:25:32.918;85027
3;04-03-2025 02:24:07.891;04-03-2025 02:25:37.922;90031
3;04-03-2025 02:25:47.894;04-03-2025 02:25:47.935;41
3;04-03-2025 02:25:47.894;04-03-2025 02:25:52.930;5036
3;04-03-2025 02:25:47.894;04-03-2025 02:25:57.931;10037
3;04-03-2025 02:25:47.894;04-03-2025 02:26:02.936;15042
3;04-03-2025 02:25:47.894;04-03-2025 02:26:07.925;20031
0;04-03-2025 02:26:01.244;04-03-2025 02:26:11.181;9937
3;04-03-2025 02:25:47.894;04-03-2025 02:26:12.930;25036
3;04-03-2025 02:26:27.903;04-03-2025 02:26:27.946;43
3;04-03-2025 02:26:27.903;04-03-2025 02:26:27.995;92
2;04-03-2025 02:25:55.129;04-03-2025 02:26:31.453;36324
3;04-03-2025 02:26:27.903;04-03-2025 02:26:32.937;5034
3;04-03-2025 02:26:27.903;04-03-2025 02:26:37.955;10052
3;04-03-2025 02:26:27.903;04-03-2025 02:26:42.931;15028
3;04-03-2025 02:26:27.903;04-03-2025 02:26:47.937;20034
3;04-03-2025 02:26:27.903;04-03-2025 02:26:52.928;25025
3;04-03-2025 02:26:27.903;04-03-2025 02:26:57.935;30032
3;04-03-2025 02:26:27.903;04-03-2025 02:27:02.925;35022
3;04-03-2025 02:27:17.902;04-03-2025 02:27:17.946;44
3;04-03-2025 02:27:17.902;04-03-2025 02:27:18.004;102
3;04-03-2025 02:27:17.902;04-03-2025 02:27:22.929;5027
3;04-03-2025 02:27:17.902;04-03-2025 02:27:27.936;10034
1;04-03-2025 02:27:22.255;04-03-2025 02:27:29.509;7254
3;04-03-2025 02:27:17.902;04-03-2025 02:27:32.922;15020
1;04-03-2025 02:27:22.255;04-03-2025 02:27:36.243;13988
3;04-03-2025 02:27:17.902;04-03-2025 02:27:37.930;20028
1;04-03-2025 02:27:22.255;04-03-2025 02:27:40.499;18244
3;04-03-2025 02:27:17.902;04-03-2025 02:27:42.933;25031
1;04-03-2025 02:27:22.255;04-03-2025 02:27:45.995;23740
3;04-03-2025 02:27:17.902;04-03-2025 02:27:47.938;30036
2;04-03-2025 02:27:26.545;04-03-2025 02:27:48.741;22196
3;04-03-2025 02:27:17.902;04-03-2025 02:27:52.941;35039
1;04-03-2025 02:27:49.956;04-03-2025 02:27:55.793;5837
2;04-03-2025 02:27:26.545;04-03-2025 02:27:56.086;29541
3;04-03-2025 02:27:17.902;04-03-2025 02:27:57.946;40044
2;04-03-2025 02:27:26.545;04-03-2025 02:28:01.076;34531
3;04-03-2025 02:27:17.902;04-03-2025 02:28:02.954;45052
3;04-03-2025 02:27:17.902;04-03-2025 02:28:07.930;50028
3;04-03-2025 02:27:17.902;04-03-2025 02:28:12.934;55032
3;04-03-2025 02:27:17.902;04-03-2025 02:28:17.935;60033
3;04-03-2025 02:27:17.902;04-03-2025 02:28:22.926;65024
2;04-03-2025 02:28:24.314;04-03-2025 02:28:25.513;1199
1;04-03-2025 02:27:49.956;04-03-2025 02:28:25.847;35891
3;04-03-2025 02:27:17.902;04-03-2025 02:28:27.931;70029
2;04-03-2025 02:28:24.314;04-03-2025 02:28:30.160;5846
1;04-03-2025 02:27:49.956;04-03-2025 02:28:32.114;42158
3;04-03-2025 02:27:17.902;04-03-2025 02:28:32.939;75037
1;04-03-2025 02:27:49.956;04-03-2025 02:28:35.330;45374
3;04-03-2025 02:27:17.902;04-03-2025 02:28:37.929;80027
3;04-03-2025 02:27:17.902;04-03-2025 02:28:42.918;85016
2;04-03-2025 02:28:43.177;04-03-2025 02:28:45.152;1975
3;04-03-2025 02:27:17.902;04-03-2025 02:28:47.927;90025
3;04-03-2025 02:27:17.902;04-03-2025 02:28:52.933;95031
3;04-03-2025 02:27:17.902;04-03-2025 02:28:57.922;100020
1;04-03-2025 02:28:55.187;04-03-2025 02:29:00.258;5071
3;04-03-2025 02:27:17.902;04-03-2025 02:29:02.953;105051
1;04-03-2025 02:28:55.187;04-03-2025 02:29:03.819;8632
3;04-03-2025 02:27:17.902;04-03-2025 02:29:07.918;110016
3;04-03-2025 02:27:17.902;04-03-2025 02:29:12.939;115037
3;04-03-2025 02:27:17.902;04-03-2025 02:29:17.927;120025
3;04-03-2025 02:27:17.902;04-03-2025 02:29:22.934;125032
3;04-03-2025 02:27:17.902;04-03-2025 02:29:27.922;130020
2;04-03-2025 02:28:52.742;04-03-2025 02:29:30.285;37543
3;04-03-2025 02:27:17.902;04-03-2025 02:29:32.929;135027
3;04-03-2025 02:27:17.902;04-03-2025 02:29:37.960;140058
3;04-03-2025 02:27:17.902;04-03-2025 02:29:42.936;145034
3;04-03-2025 02:27:17.902;04-03-2025 02:29:47.924;150022
3;04-03-2025 02:27:17.902;04-03-2025 02:29:52.931;155029
3;04-03-2025 02:27:17.902;04-03-2025 02:29:57.937;160035
3;04-03-2025 02:27:17.902;04-03-2025 02:30:02.928;165026
3;04-03-2025 02:27:17.902;04-03-2025 02:30:07.932;170030
3;04-03-2025 02:27:17.902;04-03-2025 02:30:12.919;175017
3;04-03-2025 02:27:17.902;04-03-2025 02:30:17.928;180026
3;04-03-2025 02:27:17.902;04-03-2025 02:30:22.933;185031
3;04-03-2025 02:27:17.902;04-03-2025 02:30:27.939;190037
3;04-03-2025 02:27:17.902;04-03-2025 02:30:32.925;195023
3;04-03-2025 02:27:17.902;04-03-2025 02:30:37.932;200030
3;04-03-2025 02:27:17.902;04-03-2025 02:30:42.920;205018
3;04-03-2025 02:30:57.903;04-03-2025 02:30:57.951;48
3;04-03-2025 02:30:57.903;04-03-2025 02:30:57.998;95
3;04-03-2025 02:31:12.902;04-03-2025 02:31:12.967;65
3;04-03-2025 02:31:12.902;04-03-2025 02:31:13.029;127
3;04-03-2025 02:31:12.902;04-03-2025 02:31:17.936;5034
3;04-03-2025 02:31:12.902;04-03-2025 02:31:22.925;10023
3;04-03-2025 02:31:12.902;04-03-2025 02:31:27.947;15045
0;04-03-2025 02:31:33.822;04-03-2025 02:31:37.531;3709
3;04-03-2025 02:31:42.901;04-03-2025 02:31:42.939;38
3;04-03-2025 02:31:42.901;04-03-2025 02:31:42.986;85
3;04-03-2025 02:31:57.903;04-03-2025 02:31:57.955;52
3;04-03-2025 02:31:57.903;04-03-2025 02:31:58.017;114
3;04-03-2025 02:31:57.903;04-03-2025 02:32:02.929;5026
3;04-03-2025 02:31:57.903;04-03-2025 02:32:07.932;10029
3;04-03-2025 02:31:57.903;04-03-2025 02:32:12.937;15034
3;04-03-2025 02:31:57.903;04-03-2025 02:32:17.925;20022
3;04-03-2025 02:32:32.902;04-03-2025 02:32:32.956;54
3;04-03-2025 02:32:32.902;04-03-2025 02:32:33.003;101
3;04-03-2025 02:32:32.902;04-03-2025 02:32:37.926;5024
1;04-03-2025 02:32:19.881;04-03-2025 02:32:42.558;22677
3;04-03-2025 02:32:32.902;04-03-2025 02:32:42.929;10027
3;04-03-2025 02:32:32.902;04-03-2025 02:32:47.934;15032
1;04-03-2025 02:32:19.881;04-03-2025 02:32:52.293;32412
2;04-03-2025 02:32:39.557;04-03-2025 02:32:52.373;12816
3;04-03-2025 02:32:32.902;04-03-2025 02:32:52.966;20064
2;04-03-2025 02:32:39.557;04-03-2025 02:32:55.269;15712
1;04-03-2025 02:32:19.881;04-03-2025 02:32:55.889;36008
3;04-03-2025 02:32:32.902;04-03-2025 02:32:57.926;25024
2;04-03-2025 02:32:39.557;04-03-2025 02:33:00.192;20635
1;04-03-2025 02:32:57.361;04-03-2025 02:33:01.471;4110
0;04-03-2025 02:32:12.352;04-03-2025 02:33:01.903;49551
3;04-03-2025 02:32:32.902;04-03-2025 02:33:02.933;30031
1;04-03-2025 02:32:57.361;04-03-2025 02:33:03.791;6430
2;04-03-2025 02:33:04.114;04-03-2025 02:33:05.599;1485
0;04-03-2025 02:32:12.352;04-03-2025 02:33:05.743;53391
3;04-03-2025 02:33:17.902;04-03-2025 02:33:17.948;46
3;04-03-2025 02:33:17.902;04-03-2025 02:33:18.010;108
3;04-03-2025 02:33:17.902;04-03-2025 02:33:22.935;5033
3;04-03-2025 02:33:17.902;04-03-2025 02:33:27.924;10022
3;04-03-2025 02:33:17.902;04-03-2025 02:33:32.929;15027
3;04-03-2025 02:33:17.902;04-03-2025 02:33:37.936;20034
2;04-03-2025 02:33:23.932;04-03-2025 02:33:42.519;18587
0;04-03-2025 02:33:14.248;04-03-2025 02:33:42.615;28367
3;04-03-2025 02:33:17.902;04-03-2025 02:33:42.925;25023
1;04-03-2025 02:33:37.359;04-03-2025 02:33:43.307;5948
2;04-03-2025 02:33:23.932;04-03-2025 02:33:45.591;21659
3;04-03-2025 02:33:17.902;04-03-2025 02:33:47.932;30030
0;04-03-2025 02:33:14.248;04-03-2025 02:33:49.974;35726
1;04-03-2025 02:33:37.359;04-03-2025 02:33:50.454;13095
2;04-03-2025 02:33:23.932;04-03-2025 02:33:50.662;26730
3;04-03-2025 02:33:17.902;04-03-2025 02:33:52.938;35036
3;04-03-2025 02:33:17.902;04-03-2025 02:33:57.928;40026
2;04-03-2025 02:33:53.384;04-03-2025 02:34:01.679;8295
3;04-03-2025 02:33:17.902;04-03-2025 02:34:02.933;45031
3;04-03-2025 02:33:17.902;04-03-2025 02:34:07.924;50022
3;04-03-2025 02:33:17.902;04-03-2025 02:34:12.928;55026
2;04-03-2025 02:33:53.384;04-03-2025 02:34:17.528;24144
3;04-03-2025 02:33:17.902;04-03-2025 02:34:17.935;60033
3;04-03-2025 02:33:17.902;04-03-2025 02:34:22.923;65021
3;04-03-2025 02:33:17.902;04-03-2025 02:34:27.927;70025
2;04-03-2025 02:33:53.384;04-03-2025 02:34:31.679;38295
3;04-03-2025 02:33:17.902;04-03-2025 02:34:32.933;75031
3;04-03-2025 02:33:17.902;04-03-2025 02:34:37.921;80019
3;04-03-2025 02:33:17.902;04-03-2025 02:34:42.925;85023
3;04-03-2025 02:33:17.902;04-03-2025 02:34:47.932;90030
0;04-03-2025 02:33:14.248;04-03-2025 02:34:50.294;96046
3;04-03-2025 02:33:17.902;04-03-2025 02:34:52.936;95034
0;04-03-2025 02:34:50.832;04-03-2025 02:34:56.373;5541
3;04-03-2025 02:33:17.902;04-03-2025 02:34:57.940;100038
3;04-03-2025 02:33:17.902;04-03-2025 02:35:02.932;105030
3;04-03-2025 02:33:17.902;04-03-2025 02:35:07.933;110031
1;04-03-2025 02:33:37.359;04-03-2025 02:35:09.992;92633
3;04-03-2025 02:35:22.904;04-03-2025 02:35:22.950;46
3;04-03-2025 02:35:22.904;04-03-2025 02:35:22.998;94
3;04-03-2025 02:35:22.904;04-03-2025 02:35:27.922;5018
3;04-03-2025 02:35:22.904;04-03-2025 02:35:32.927;10023
1;04-03-2025 02:35:22.025;04-03-2025 02:35:36.917;14892
3;04-03-2025 02:35:22.904;04-03-2025 02:35:37.930;15026
3;04-03-2025 02:35:22.904;04-03-2025 02:35:42.937;20033
3;04-03-2025 02:35:22.904;04-03-2025 02:35:47.926;25022
3;04-03-2025 02:35:22.904;04-03-2025 02:35:52.913;30009
3;04-03-2025 02:35:22.904;04-03-2025 02:35:57.949;35045
3;04-03-2025 02:35:22.904;04-03-2025 02:36:02.939;40035
3;04-03-2025 02:35:22.904;04-03-2025 02:36:07.926;45022
2;04-03-2025 02:36:08.167;04-03-2025 02:36:09.919;1752
3;04-03-2025 02:35:22.904;04-03-2025 02:36:12.930;50026
3;04-03-2025 02:35:22.904;04-03-2025 02:36:17.922;55018
2;04-03-2025 02:36:13.291;04-03-2025 02:36:21.272;7981
3;04-03-2025 02:35:22.904;04-03-2025 02:36:22.927;60023
3;04-03-2025 02:35:22.904;04-03-2025 02:36:27.931;65027
3;04-03-2025 02:35:22.904;04-03-2025 02:36:32.938;70034
3;04-03-2025 02:35:22.904;04-03-2025 02:36:37.924;75020
2;04-03-2025 02:36:25.314;04-03-2025 02:36:41.064;15750
3;04-03-2025 02:35:22.904;04-03-2025 02:36:42.925;80021
3;04-03-2025 02:35:22.904;04-03-2025 02:36:47.933;85029
3;04-03-2025 02:35:22.904;04-03-2025 02:36:52.936;90032
3;04-03-2025 02:35:22.904;04-03-2025 02:36:57.938;95034
1;04-03-2025 02:36:46.018;04-03-2025 02:37:00.913;14895
3;04-03-2025 02:35:22.904;04-03-2025 02:37:02.929;100025
1;04-03-2025 02:36:46.018;04-03-2025 02:37:04.746;18728
2;04-03-2025 02:36:25.314;04-03-2025 02:37:05.062;39748
3;04-03-2025 02:35:22.904;04-03-2025 02:37:07.933;105029
3;04-03-2025 02:35:22.904;04-03-2025 02:37:12.936;110032
3;04-03-2025 02:35:22.904;04-03-2025 02:37:17.941;115037
3;04-03-2025 02:35:22.904;04-03-2025 02:37:22.932;120028
2;04-03-2025 02:37:10.114;04-03-2025 02:37:25.403;15289
3;04-03-2025 02:35:22.904;04-03-2025 02:37:27.935;125031
1;04-03-2025 02:36:46.018;04-03-2025 02:37:30.212;44194
3;04-03-2025 02:35:22.904;04-03-2025 02:37:32.926;130022
3;04-03-2025 02:35:22.904;04-03-2025 02:37:37.928;135024
3;04-03-2025 02:35:22.904;04-03-2025 02:37:42.912;140008
3;04-03-2025 02:35:22.904;04-03-2025 02:37:47.949;145045
0;04-03-2025 02:37:43.066;04-03-2025 02:37:52.705;9639
3;04-03-2025 02:35:22.904;04-03-2025 02:37:52.923;150019
3;04-03-2025 02:35:22.904;04-03-2025 02:37:57.946;155042
1;04-03-2025 02:37:55.240;04-03-2025 02:38:02.154;6914
3;04-03-2025 02:35:22.904;04-03-2025 02:38:02.928;160024
3;04-03-2025 02:35:22.904;04-03-2025 02:38:07.936;165032
1;04-03-2025 02:38:04.553;04-03-2025 02:38:11.777;7224
3;04-03-2025 02:35:22.904;04-03-2025 02:38:12.923;170019
1;04-03-2025 02:38:04.553;04-03-2025 02:38:17.171;12618
3;04-03-2025 02:35:22.904;04-03-2025 02:38:17.929;175025
1;04-03-2025 02:38:04.553;04-03-2025 02:38:20.675;16122
3;04-03-2025 02:35:22.904;04-03-2025 02:38:22.936;180032
1;04-03-2025 02:38:04.553;04-03-2025 02:38:23.135;18582
3;04-03-2025 02:38:37.905;04-03-2025 02:38:37.980;75
3;04-03-2025 02:38:37.905;04-03-2025 02:38:38.044;139
3;04-03-2025 02:38:37.905;04-03-2025 02:38:42.938;5033
3;04-03-2025 02:38:37.905;04-03-2025 02:38:47.929;10024
3;04-03-2025 02:38:37.905;04-03-2025 02:38:52.935;15030
3;04-03-2025 02:38:37.905;04-03-2025 02:38:57.924;20019
1;04-03-2025 02:38:47.273;04-03-2025 02:38:59.055;11782
3;04-03-2025 02:38:37.905;04-03-2025 02:39:02.929;25024
3;04-03-2025 02:38:37.905;04-03-2025 02:39:07.933;30028
3;04-03-2025 02:38:37.905;04-03-2025 02:39:12.922;35017
3;04-03-2025 02:38:37.905;04-03-2025 02:39:17.927;40022
3;04-03-2025 02:38:37.905;04-03-2025 02:39:22.933;45028
1;04-03-2025 02:38:47.273;04-03-2025 02:39:23.083;35810
3;04-03-2025 02:38:37.905;04-03-2025 02:39:27.924;50019
3;04-03-2025 02:38:37.905;04-03-2025 02:39:32.928;55023
3;04-03-2025 02:38:37.905;04-03-2025 02:39:37.934;60029
1;04-03-2025 02:38:47.273;04-03-2025 02:39:40.104;52831
3;04-03-2025 02:38:37.905;04-03-2025 02:39:42.924;65019
1;04-03-2025 02:38:47.273;04-03-2025 02:39:43.286;56013
3;04-03-2025 02:38:37.905;04-03-2025 02:39:47.927;70022
3;04-03-2025 02:38:37.905;04-03-2025 02:39:52.931;75026
2;04-03-2025 02:39:42.180;04-03-2025 02:39:56.314;14134
3;04-03-2025 02:38:37.905;04-03-2025 02:39:57.919;80014
3;04-03-2025 02:38:37.905;04-03-2025 02:40:02.939;85034
2;04-03-2025 02:39:42.180;04-03-2025 02:40:03.429;21249
1;04-03-2025 02:38:47.273;04-03-2025 02:40:06.338;79065
3;04-03-2025 02:38:37.905;04-03-2025 02:40:07.952;90047
1;04-03-2025 02:38:47.273;04-03-2025 02:40:10.737;83464
2;04-03-2025 02:39:42.180;04-03-2025 02:40:12.175;29995
3;04-03-2025 02:38:37.905;04-03-2025 02:40:12.936;95031
1;04-03-2025 02:38:47.273;04-03-2025 02:40:13.215;85942
1;04-03-2025 02:38:47.273;04-03-2025 02:40:21.380;94107
1;04-03-2025 02:38:47.273;04-03-2025 02:40:23.203;95930
2;04-03-2025 02:39:42.180;04-03-2025 02:40:25.530;43350
3;04-03-2025 02:40:27.908;04-03-2025 02:40:27.951;43
3;04-03-2025 02:40:27.908;04-03-2025 02:40:28.015;107
3;04-03-2025 02:40:27.908;04-03-2025 02:40:32.938;5030
3;04-03-2025 02:40:27.908;04-03-2025 02:40:37.929;10021
2;04-03-2025 02:39:42.180;04-03-2025 02:40:40.849;58669
0;04-03-2025 02:40:41.653;04-03-2025 02:40:41.950;297
3;04-03-2025 02:40:27.908;04-03-2025 02:40:42.933;15025
3;04-03-2025 02:40:27.908;04-03-2025 02:40:47.939;20031
3;04-03-2025 02:40:27.908;04-03-2025 02:40:52.929;25021
3;04-03-2025 02:40:27.908;04-03-2025 02:40:57.933;30025
1;04-03-2025 02:40:37.826;04-03-2025 02:41:01.186;23360
3;04-03-2025 02:40:27.908;04-03-2025 02:41:02.925;35017
3;04-03-2025 02:40:27.908;04-03-2025 02:41:07.930;40022
3;04-03-2025 02:40:27.908;04-03-2025 02:41:12.933;45025
3;04-03-2025 02:40:27.908;04-03-2025 02:41:17.922;50014
1;04-03-2025 02:40:37.826;04-03-2025 02:41:20.205;42379
3;04-03-2025 02:40:27.908;04-03-2025 02:41:22.927;55019
1;04-03-2025 02:40:37.826;04-03-2025 02:41:25.704;47878
3;04-03-2025 02:40:27.908;04-03-2025 02:41:27.931;60023
3;04-03-2025 02:40:27.908;04-03-2025 02:41:32.938;65030
3;04-03-2025 02:40:27.908;04-03-2025 02:41:37.927;70019
1;04-03-2025 02:40:37.826;04-03-2025 02:41:40.449;62623
3;04-03-2025 02:40:27.908;04-03-2025 02:41:42.936;75028
3;04-03-2025 02:40:27.908;04-03-2025 02:41:47.937;80029
1;04-03-2025 02:40:37.826;04-03-2025 02:41:48.034;70208
3;04-03-2025 02:40:27.908;04-03-2025 02:41:52.942;85034
2;04-03-2025 02:39:42.180;04-03-2025 02:41:55.960;133780
1;04-03-2025 02:41:52.450;04-03-2025 02:41:57.832;5382
3;04-03-2025 02:40:27.908;04-03-2025 02:41:57.932;90024
1;04-03-2025 02:41:52.450;04-03-2025 02:41:58.645;6195
2;04-03-2025 02:39:42.180;04-03-2025 02:42:00.167;137987
3;04-03-2025 02:40:27.908;04-03-2025 02:42:02.940;95032
2;04-03-2025 02:39:42.180;04-03-2025 02:42:03.621;141441
1;04-03-2025 02:41:52.450;04-03-2025 02:42:05.072;12622
3;04-03-2025 02:40:27.908;04-03-2025 02:42:08.010;100102
1;04-03-2025 02:41:52.450;04-03-2025 02:42:08.256;15806
3;04-03-2025 02:40:27.908;04-03-2025 02:42:12.934;105026
1;04-03-2025 02:41:52.450;04-03-2025 02:42:13.057;20607
0;04-03-2025 02:40:53.455;04-03-2025 02:42:13.471;80016
3;04-03-2025 02:40:27.908;04-03-2025 02:42:17.938;110030
0;04-03-2025 02:40:53.455;04-03-2025 02:42:18.971;85516
1;04-03-2025 02:41:52.450;04-03-2025 02:42:19.627;27177
3;04-03-2025 02:40:27.908;04-03-2025 02:42:22.929;115021
1;04-03-2025 02:41:52.450;04-03-2025 02:42:25.547;33097
3;04-03-2025 02:40:27.908;04-03-2025 02:42:27.934;120026
1;04-03-2025 02:41:52.450;04-03-2025 02:42:31.573;39123
3;04-03-2025 02:40:27.908;04-03-2025 02:42:32.923;125015
1;04-03-2025 02:41:52.450;04-03-2025 02:42:37.004;44554
0;04-03-2025 02:40:53.455;04-03-2025 02:42:37.731;104276
3;04-03-2025 02:40:27.908;04-03-2025 02:42:37.929;130021
1;04-03-2025 02:41:52.450;04-03-2025 02:42:38.003;45553
3;04-03-2025 02:40:27.908;04-03-2025 02:42:42.935;135027
1;04-03-2025 02:41:52.450;04-03-2025 02:42:43.110;50660
2;04-03-2025 02:42:20.523;04-03-2025 02:42:46.207;25684
3;04-03-2025 02:40:27.908;04-03-2025 02:42:47.925;140017
1;04-03-2025 02:41:52.450;04-03-2025 02:42:48.135;55685
2;04-03-2025 02:42:20.523;04-03-2025 02:42:49.983;29460
0;04-03-2025 02:42:43.376;04-03-2025 02:42:51.549;8173
3;04-03-2025 02:40:27.908;04-03-2025 02:42:52.931;145023
0;04-03-2025 02:42:54.947;04-03-2025 02:42:55.893;946
3;04-03-2025 02:40:27.908;04-03-2025 02:42:57.936;150028
0;04-03-2025 02:42:54.947;04-03-2025 02:42:58.704;3757
2;04-03-2025 02:42:20.523;04-03-2025 02:43:00.011;39488
1;04-03-2025 02:41:52.450;04-03-2025 02:43:00.619;68169
1;04-03-2025 02:41:52.450;04-03-2025 02:43:05.392;72942
2;04-03-2025 02:42:20.523;04-03-2025 02:43:05.460;44937
1;04-03-2025 02:41:52.450;04-03-2025 02:43:08.084;75634
2;04-03-2025 02:42:20.523;04-03-2025 02:43:10.004;49481
0;04-03-2025 02:43:01.622;04-03-2025 02:43:10.788;9166
3;04-03-2025 02:43:12.902;04-03-2025 02:43:12.952;50
3;04-03-2025 02:43:12.902;04-03-2025 02:43:12.998;96
1;04-03-2025 02:41:52.450;04-03-2025 02:43:15.473;83023
3;04-03-2025 02:43:12.902;04-03-2025 02:43:17.939;5037
1;04-03-2025 02:41:52.450;04-03-2025 02:43:24.154;91704
1;04-03-2025 02:41:52.450;04-03-2025 02:43:35.205;102755
1;04-03-2025 02:41:52.450;04-03-2025 02:43:39.342;106892
3;04-03-2025 02:43:42.923;04-03-2025 02:43:42.964;41
3;04-03-2025 02:43:42.923;04-03-2025 02:43:43.021;98
3;04-03-2025 02:43:42.923;04-03-2025 02:43:43.094;171
3;04-03-2025 02:43:42.923;04-03-2025 02:43:47.936;5013
1;04-03-2025 02:41:52.450;04-03-2025 02:43:51.269;118819
3;04-03-2025 02:43:42.923;04-03-2025 02:43:52.924;10001
1;04-03-2025 02:41:52.450;04-03-2025 02:43:54.965;122515
3;04-03-2025 02:43:42.923;04-03-2025 02:43:57.931;15008
1;04-03-2025 02:41:52.450;04-03-2025 02:44:00.320;127870
2;04-03-2025 02:42:20.523;04-03-2025 02:44:00.341;99818
3;04-03-2025 02:43:42.923;04-03-2025 02:44:02.932;20009
3;04-03-2025 02:43:42.923;04-03-2025 02:44:07.940;25017
3;04-03-2025 02:43:42.923;04-03-2025 02:44:12.928;30005
3;04-03-2025 02:43:42.923;04-03-2025 02:44:17.933;35010
1;04-03-2025 02:41:52.450;04-03-2025 02:44:20.937;148487
3;04-03-2025 02:43:42.923;04-03-2025 02:44:22.936;40013
2;04-03-2025 02:42:20.523;04-03-2025 02:44:24.657;124134
0;04-03-2025 02:43:01.622;04-03-2025 02:44:26.689;85067
3;04-03-2025 02:43:42.923;04-03-2025 02:44:27.969;45046
3;04-03-2025 02:43:42.923;04-03-2025 02:44:32.931;50008
1;04-03-2025 02:41:52.450;04-03-2025 02:44:36.808;164358
3;04-03-2025 02:43:42.923;04-03-2025 02:44:37.934;55011
3;04-03-2025 02:43:42.923;04-03-2025 02:44:42.926;60003
3;04-03-2025 02:43:42.923;04-03-2025 02:44:47.935;65012
3;04-03-2025 02:43:42.923;04-03-2025 02:44:52.944;70021
3;04-03-2025 02:43:42.923;04-03-2025 02:44:57.948;75025
3;04-03-2025 02:43:42.923;04-03-2025 02:45:02.981;80058
3;04-03-2025 02:43:42.923;04-03-2025 02:45:07.965;85042
1;04-03-2025 02:41:52.450;04-03-2025 02:45:09.394;196944
3;04-03-2025 02:43:42.923;04-03-2025 02:45:12.961;90038
3;04-03-2025 02:43:42.923;04-03-2025 02:45:17.946;95023
3;04-03-2025 02:43:42.923;04-03-2025 02:45:22.959;100036
3;04-03-2025 02:43:42.923;04-03-2025 02:45:27.936;105013
3;04-03-2025 02:43:42.923;04-03-2025 02:45:32.939;110016
3;04-03-2025 02:43:42.923;04-03-2025 02:45:37.930;115007
3;04-03-2025 02:43:42.923;04-03-2025 02:45:42.936;120013
3;04-03-2025 02:43:42.923;04-03-2025 02:45:47.937;125014
0;04-03-2025 02:45:45.911;04-03-2025 02:45:52.026;6115
3;04-03-2025 02:43:42.923;04-03-2025 02:45:52.945;130022
1;04-03-2025 02:45:46.923;04-03-2025 02:45:54.520;7597
3;04-03-2025 02:43:42.923;04-03-2025 02:45:57.913;134990
3;04-03-2025 02:43:42.923;04-03-2025 02:46:02.937;140014
3;04-03-2025 02:43:42.923;04-03-2025 02:46:07.928;145005
3;04-03-2025 02:43:42.923;04-03-2025 02:46:12.935;150012
3;04-03-2025 02:43:42.923;04-03-2025 02:46:17.926;155003
3;04-03-2025 02:43:42.923;04-03-2025 02:46:22.929;160006
3;04-03-2025 02:43:42.923;04-03-2025 02:46:27.934;165011
3;04-03-2025 02:43:42.923;04-03-2025 02:46:32.924;170001
3;04-03-2025 02:43:42.923;04-03-2025 02:46:37.928;175005
3;04-03-2025 02:43:42.923;04-03-2025 02:46:42.937;180014
3;04-03-2025 02:43:42.923;04-03-2025 02:46:47.939;185016
3;04-03-2025 02:43:42.923;04-03-2025 02:46:52.926;190003
3;04-03-2025 02:43:42.923;04-03-2025 02:46:57.930;195007
3;04-03-2025 02:43:42.923;04-03-2025 02:47:02.936;200013
3;04-03-2025 02:43:42.923;04-03-2025 02:47:07.923;205000
3;04-03-2025 02:43:42.923;04-03-2025 02:47:12.930;210007
1;04-03-2025 02:46:57.051;04-03-2025 02:47:25.619;28568
3;04-03-2025 02:47:27.901;04-03-2025 02:47:27.958;57
3;04-03-2025 02:47:27.901;04-03-2025 02:47:28.005;104
3;04-03-2025 02:47:27.901;04-03-2025 02:47:32.933;5032
1;04-03-2025 02:46:57.051;04-03-2025 02:47:35.230;38179
3;04-03-2025 02:47:27.901;04-03-2025 02:47:37.939;10038
3;04-03-2025 02:47:27.901;04-03-2025 02:47:42.928;15027
0;04-03-2025 02:47:43.235;04-03-2025 02:47:45.113;1878
2;04-03-2025 02:46:53.023;04-03-2025 02:47:46.904;53881
3;04-03-2025 02:47:27.901;04-03-2025 02:47:47.933;20032
0;04-03-2025 02:47:47.617;04-03-2025 02:47:50.007;2390
3;04-03-2025 02:47:27.901;04-03-2025 02:47:52.937;25036
2;04-03-2025 02:46:53.023;04-03-2025 02:47:55.411;62388
3;04-03-2025 02:47:27.901;04-03-2025 02:47:57.928;30027
0;04-03-2025 02:47:47.617;04-03-2025 02:48:01.054;13437
3;04-03-2025 02:47:27.901;04-03-2025 02:48:02.933;35032
3;04-03-2025 02:47:27.901;04-03-2025 02:48:07.945;40044
3;04-03-2025 02:47:27.901;04-03-2025 02:48:12.930;45029
0;04-03-2025 02:48:16.656;04-03-2025 02:48:16.929;273
3;04-03-2025 02:47:27.901;04-03-2025 02:48:17.932;50031
2;04-03-2025 02:47:55.583;04-03-2025 02:48:21.234;25651
3;04-03-2025 02:47:27.901;04-03-2025 02:48:22.924;55023
2;04-03-2025 02:47:55.583;04-03-2025 02:48:25.618;30035
3;04-03-2025 02:47:27.901;04-03-2025 02:48:27.915;60014
3;04-03-2025 02:47:27.901;04-03-2025 02:48:32.922;65021
3;04-03-2025 02:47:27.901;04-03-2025 02:48:37.938;70037
3;04-03-2025 02:47:27.901;04-03-2025 02:48:42.927;75026
3;04-03-2025 02:47:27.901;04-03-2025 02:48:47.935;80034
1;04-03-2025 02:48:25.683;04-03-2025 02:48:50.360;24677
3;04-03-2025 02:47:27.901;04-03-2025 02:48:52.924;85023
1;04-03-2025 02:48:25.683;04-03-2025 02:48:53.925;28242
3;04-03-2025 02:47:27.901;04-03-2025 02:48:57.928;90027
1;04-03-2025 02:48:25.683;04-03-2025 02:49:00.498;34815
3;04-03-2025 02:47:27.901;04-03-2025 02:49:02.933;95032
1;04-03-2025 02:48:25.683;04-03-2025 02:49:03.680;37997
3;04-03-2025 02:47:27.901;04-03-2025 02:49:07.923;100022
3;04-03-2025 02:47:27.901;04-03-2025 02:49:12.971;105070
1;04-03-2025 02:49:14.955;04-03-2025 02:49:17.300;2345
3;04-03-2025 02:47:27.901;04-03-2025 02:49:17.933;110032
3;04-03-2025 02:47:27.901;04-03-2025 02:49:22.924;115023
3;04-03-2025 02:47:27.901;04-03-2025 02:49:27.930;120029
3;04-03-2025 02:47:27.901;04-03-2025 02:49:32.933;125032
3;04-03-2025 02:47:27.901;04-03-2025 02:49:37.937;130036
3;04-03-2025 02:47:27.901;04-03-2025 02:49:42.925;135024
3;04-03-2025 02:47:27.901;04-03-2025 02:49:47.927;140026
3;04-03-2025 02:50:02.911;04-03-2025 02:50:02.957;46
3;04-03-2025 02:50:02.911;04-03-2025 02:50:02.987;76
3;04-03-2025 02:50:02.911;04-03-2025 02:50:07.934;5023
3;04-03-2025 02:50:02.911;04-03-2025 02:50:12.937;10026
3;04-03-2025 02:50:02.911;04-03-2025 02:50:17.922;15011
3;04-03-2025 02:50:02.911;04-03-2025 02:50:22.932;20021
3;04-03-2025 02:50:02.911;04-03-2025 02:50:27.933;25022
3;04-03-2025 02:50:02.911;04-03-2025 02:50:32.939;30028
1;04-03-2025 02:50:36.294;04-03-2025 02:50:36.372;78
0;04-03-2025 02:50:36.936;04-03-2025 02:50:37.256;320
3;04-03-2025 02:50:02.911;04-03-2025 02:50:37.925;35014
2;04-03-2025 02:50:37.635;04-03-2025 02:50:40.815;3180
3;04-03-2025 02:50:02.911;04-03-2025 02:50:42.932;40021
3;04-03-2025 02:50:02.911;04-03-2025 02:50:47.938;45027
3;04-03-2025 02:50:02.911;04-03-2025 02:50:52.927;50016
3;04-03-2025 02:50:02.911;04-03-2025 02:50:57.933;55022
3;04-03-2025 02:50:02.911;04-03-2025 02:51:02.936;60025
1;04-03-2025 02:51:01.621;04-03-2025 02:51:03.082;1461
3;04-03-2025 02:50:02.911;04-03-2025 02:51:07.926;65015
1;04-03-2025 02:51:01.621;04-03-2025 02:51:08.104;6483
3;04-03-2025 02:50:02.911;04-03-2025 02:51:12.933;70022
1;04-03-2025 02:51:01.621;04-03-2025 02:51:15.502;13881
3;04-03-2025 02:51:27.901;04-03-2025 02:51:27.938;37
3;04-03-2025 02:51:27.901;04-03-2025 02:51:27.985;84
3;04-03-2025 02:51:27.901;04-03-2025 02:51:32.927;5026
3;04-03-2025 02:51:27.901;04-03-2025 02:51:37.916;10015
3;04-03-2025 02:51:27.901;04-03-2025 02:51:42.935;15034
3;04-03-2025 02:51:27.901;04-03-2025 02:51:47.926;20025
3;04-03-2025 02:51:27.901;04-03-2025 02:51:52.931;25030
3;04-03-2025 02:51:27.901;04-03-2025 02:51:57.938;30037
3;04-03-2025 02:51:27.901;04-03-2025 02:52:02.927;35026
3;04-03-2025 02:51:27.901;04-03-2025 02:52:07.930;40029
3;04-03-2025 02:51:27.901;04-03-2025 02:52:12.936;45035
3;04-03-2025 02:51:27.901;04-03-2025 02:52:17.938;50037
3;04-03-2025 02:51:27.901;04-03-2025 02:52:22.925;55024
3;04-03-2025 02:51:27.901;04-03-2025 02:52:27.931;60030
3;04-03-2025 02:51:27.901;04-03-2025 02:52:32.935;65034
3;04-03-2025 02:51:27.901;04-03-2025 02:52:37.937;70036
3;04-03-2025 02:51:27.901;04-03-2025 02:52:42.926;75025
3;04-03-2025 02:51:27.901;04-03-2025 02:52:47.933;80032
3;04-03-2025 02:51:27.901;04-03-2025 02:52:52.939;85038
3;04-03-2025 02:51:27.901;04-03-2025 02:52:57.929;90028
2;04-03-2025 02:52:19.244;04-03-2025 02:53:02.033;42789
3;04-03-2025 02:51:27.901;04-03-2025 02:53:02.936;95035
1;04-03-2025 02:53:02.644;04-03-2025 02:53:06.925;4281
3;04-03-2025 02:51:27.901;04-03-2025 02:53:07.940;100039
1;04-03-2025 02:53:02.644;04-03-2025 02:53:10.621;7977
2;04-03-2025 02:52:19.244;04-03-2025 02:53:10.765;51521
3;04-03-2025 02:51:27.901;04-03-2025 02:53:12.927;105026
1;04-03-2025 02:53:02.644;04-03-2025 02:53:17.252;14608
3;04-03-2025 02:51:27.901;04-03-2025 02:53:17.914;110013
3;04-03-2025 02:51:27.901;04-03-2025 02:53:22.937;115036
3;04-03-2025 02:51:27.901;04-03-2025 02:53:27.926;120025
1;04-03-2025 02:53:02.644;04-03-2025 02:53:30.673;28029
3;04-03-2025 02:51:27.901;04-03-2025 02:53:32.944;125043
3;04-03-2025 02:51:27.901;04-03-2025 02:53:37.933;130032
1;04-03-2025 02:53:31.400;04-03-2025 02:53:38.054;6654
3;04-03-2025 02:51:27.901;04-03-2025 02:53:42.924;135023
3;04-03-2025 02:51:27.901;04-03-2025 02:53:47.929;140028
3;04-03-2025 02:51:27.901;04-03-2025 02:53:52.932;145031
3;04-03-2025 02:51:27.901;04-03-2025 02:53:57.937;150036
3;04-03-2025 02:51:27.901;04-03-2025 02:54:02.925;155024
3;04-03-2025 02:51:27.901;04-03-2025 02:54:07.928;160027
3;04-03-2025 02:51:27.901;04-03-2025 02:54:12.921;165020
3;04-03-2025 02:51:27.901;04-03-2025 02:54:17.925;170024
3;04-03-2025 02:51:27.901;04-03-2025 02:54:22.933;175032
1;04-03-2025 02:53:31.400;04-03-2025 02:54:24.990;53590
3;04-03-2025 02:51:27.901;04-03-2025 02:54:27.923;180022
3;04-03-2025 02:51:27.901;04-03-2025 02:54:32.930;185029
3;04-03-2025 02:51:27.901;04-03-2025 02:54:37.935;190034
1;04-03-2025 02:53:31.400;04-03-2025 02:54:41.112;69712
3;04-03-2025 02:51:27.901;04-03-2025 02:54:42.923;195022
3;04-03-2025 02:51:27.901;04-03-2025 02:54:47.929;200028
0;04-03-2025 02:54:47.040;04-03-2025 02:54:52.463;5423
3;04-03-2025 02:51:27.901;04-03-2025 02:54:52.933;205032
3;04-03-2025 02:51:27.901;04-03-2025 02:54:57.937;210036
3;04-03-2025 02:51:27.901;04-03-2025 02:55:02.927;215026
0;04-03-2025 02:54:47.040;04-03-2025 02:55:04.474;17434
3;04-03-2025 02:51:27.901;04-03-2025 02:55:07.932;220031
3;04-03-2025 02:51:27.901;04-03-2025 02:55:12.924;225023
3;04-03-2025 02:51:27.901;04-03-2025 02:55:17.927;230026
3;04-03-2025 02:51:27.901;04-03-2025 02:55:22.930;235029
2;04-03-2025 02:55:07.847;04-03-2025 02:55:27.492;19645
3;04-03-2025 02:51:27.901;04-03-2025 02:55:27.936;240035
3;04-03-2025 02:51:27.901;04-03-2025 02:55:32.925;245024
1;04-03-2025 02:55:23.442;04-03-2025 02:55:37.861;14419
3;04-03-2025 02:51:27.901;04-03-2025 02:55:37.930;250029
3;04-03-2025 02:51:27.901;04-03-2025 02:55:42.937;255036
3;04-03-2025 02:51:27.901;04-03-2025 02:55:47.938;260037
3;04-03-2025 02:51:27.901;04-03-2025 02:55:52.927;265026
3;04-03-2025 02:51:27.901;04-03-2025 02:55:57.933;270032
3;04-03-2025 02:51:27.901;04-03-2025 02:56:02.923;275022
1;04-03-2025 02:56:02.943;04-03-2025 02:56:04.533;1590
3;04-03-2025 02:51:27.901;04-03-2025 02:56:07.928;280027
1;04-03-2025 02:56:02.943;04-03-2025 02:56:08.484;5541
3;04-03-2025 02:51:27.901;04-03-2025 02:56:12.933;285032
1;04-03-2025 02:56:02.943;04-03-2025 02:56:14.016;11073
2;04-03-2025 02:56:11.526;04-03-2025 02:56:16.683;5157
3;04-03-2025 02:51:27.901;04-03-2025 02:56:17.937;290036
3;04-03-2025 02:51:27.901;04-03-2025 02:56:22.942;295041
3;04-03-2025 02:51:27.901;04-03-2025 02:56:27.916;300015
3;04-03-2025 02:51:27.901;04-03-2025 02:56:32.939;305038
1;04-03-2025 02:56:32.538;04-03-2025 02:56:36.979;4441
3;04-03-2025 02:51:27.901;04-03-2025 02:56:37.929;310028
1;04-03-2025 02:56:32.538;04-03-2025 02:56:41.103;8565
3;04-03-2025 02:51:27.901;04-03-2025 02:56:42.933;315032
1;04-03-2025 02:56:32.538;04-03-2025 02:56:46.475;13937
3;04-03-2025 02:51:27.901;04-03-2025 02:56:47.937;320036
3;04-03-2025 02:57:02.902;04-03-2025 02:57:02.952;50
3;04-03-2025 02:57:02.902;04-03-2025 02:57:02.999;97
3;04-03-2025 02:57:02.902;04-03-2025 02:57:07.942;5040
3;04-03-2025 02:57:22.902;04-03-2025 02:57:22.938;36
3;04-03-2025 02:57:22.902;04-03-2025 02:57:23.002;100
3;04-03-2025 02:57:22.902;04-03-2025 02:57:27.927;5025
3;04-03-2025 02:57:22.902;04-03-2025 02:57:32.933;10031
3;04-03-2025 02:57:22.902;04-03-2025 02:57:37.937;15035
3;04-03-2025 02:57:22.902;04-03-2025 02:57:42.926;20024
3;04-03-2025 02:57:22.902;04-03-2025 02:57:47.929;25027
3;04-03-2025 02:57:22.902;04-03-2025 02:57:52.936;30034
1;04-03-2025 02:57:02.573;04-03-2025 02:57:53.362;50789
3;04-03-2025 02:57:22.902;04-03-2025 02:57:57.940;35038
1;04-03-2025 02:57:02.573;04-03-2025 02:58:01.464;58891
3;04-03-2025 02:57:22.902;04-03-2025 02:58:02.930;40028
3;04-03-2025 02:58:17.902;04-03-2025 02:58:17.942;40
3;04-03-2025 02:58:17.902;04-03-2025 02:58:17.990;88
3;04-03-2025 02:58:17.902;04-03-2025 02:58:22.916;5014
1;04-03-2025 02:58:18.786;04-03-2025 02:58:25.999;7213
3;04-03-2025 02:58:17.902;04-03-2025 02:58:27.936;10034
2;04-03-2025 02:58:19.682;04-03-2025 02:58:31.384;11702
3;04-03-2025 02:58:17.902;04-03-2025 02:58:32.925;15023
3;04-03-2025 02:58:17.902;04-03-2025 02:58:37.929;20027
0;04-03-2025 02:58:34.628;04-03-2025 02:58:40.115;5487
1;04-03-2025 02:58:18.786;04-03-2025 02:58:40.285;21499
3;04-03-2025 02:58:17.902;04-03-2025 02:58:42.932;25030
3;04-03-2025 02:58:17.902;04-03-2025 02:58:47.966;30064
3;04-03-2025 02:58:17.902;04-03-2025 02:58:52.932;35030
3;04-03-2025 02:58:17.902;04-03-2025 02:58:57.928;40026
3;04-03-2025 02:58:17.902;04-03-2025 02:59:02.932;45030
3;04-03-2025 02:58:17.902;04-03-2025 02:59:07.937;50035
0;04-03-2025 02:58:34.628;04-03-2025 02:59:08.074;33446
3;04-03-2025 02:58:17.902;04-03-2025 02:59:12.924;55022
3;04-03-2025 02:58:17.902;04-03-2025 02:59:17.930;60028
3;04-03-2025 02:58:17.902;04-03-2025 02:59:22.936;65034
3;04-03-2025 02:58:17.902;04-03-2025 02:59:27.934;70032
1;04-03-2025 02:58:53.671;04-03-2025 02:59:28.936;35265
3;04-03-2025 02:58:17.902;04-03-2025 02:59:32.926;75024
3;04-03-2025 02:58:17.902;04-03-2025 02:59:37.928;80026
2;04-03-2025 02:59:35.673;04-03-2025 02:59:40.866;5193
3;04-03-2025 02:58:17.902;04-03-2025 02:59:42.933;85031
2;04-03-2025 02:59:35.673;04-03-2025 02:59:45.455;9782
3;04-03-2025 02:58:17.902;04-03-2025 02:59:47.937;90035
1;04-03-2025 02:59:37.724;04-03-2025 02:59:52.806;15082
3;04-03-2025 02:58:17.902;04-03-2025 02:59:52.924;95022
3;04-03-2025 02:58:17.902;04-03-2025 02:59:57.930;100028
1;04-03-2025 02:59:37.724;04-03-2025 02:59:58.012;20288
3;04-03-2025 02:58:17.902;04-03-2025 03:00:02.934;105032
1;04-03-2025 02:59:37.724;04-03-2025 03:00:03.066;25342
3;04-03-2025 02:58:17.902;04-03-2025 03:00:07.936;110034
3;04-03-2025 02:58:17.902;04-03-2025 03:00:12.926;115024
3;04-03-2025 02:58:17.902;04-03-2025 03:00:17.929;120027
1;04-03-2025 02:59:37.724;04-03-2025 03:00:20.338;42614
3;04-03-2025 02:58:17.902;04-03-2025 03:00:22.933;125031
1;04-03-2025 02:59:37.724;04-03-2025 03:00:25.069;47345
3;04-03-2025 02:58:17.902;04-03-2025 03:00:27.934;130032
3;04-03-2025 02:58:17.902;04-03-2025 03:00:32.926;135024
3;04-03-2025 02:58:17.902;04-03-2025 03:00:37.932;140030
3;04-03-2025 02:58:17.902;04-03-2025 03:00:42.935;145033
3;04-03-2025 02:58:17.902;04-03-2025 03:00:47.939;150037
3;04-03-2025 02:58:17.902;04-03-2025 03:00:52.944;155042
3;04-03-2025 02:58:17.902;04-03-2025 03:00:57.932;160030
1;04-03-2025 03:00:57.774;04-03-2025 03:01:02.508;4734
3;04-03-2025 02:58:17.902;04-03-2025 03:01:02.939;165037
3;04-03-2025 02:58:17.902;04-03-2025 03:01:07.926;170024
1;04-03-2025 03:00:57.774;04-03-2025 03:01:09.295;11521
3;04-03-2025 02:58:17.902;04-03-2025 03:01:12.930;175028
3;04-03-2025 02:58:17.902;04-03-2025 03:01:17.936;180034
3;04-03-2025 02:58:17.902;04-03-2025 03:01:22.923;185021
3;04-03-2025 02:58:17.902;04-03-2025 03:01:27.926;190024
3;04-03-2025 02:58:17.902;04-03-2025 03:01:32.931;195029
3;04-03-2025 03:01:47.895;04-03-2025 03:01:47.933;38
1;04-03-2025 03:00:57.774;04-03-2025 03:01:50.087;52313
3;04-03-2025 03:01:47.895;04-03-2025 03:01:52.939;5044
1;04-03-2025 03:00:57.774;04-03-2025 03:01:55.042;57268
2;04-03-2025 03:01:31.131;04-03-2025 03:01:57.357;26226
3;04-03-2025 03:01:47.895;04-03-2025 03:01:57.926;10031
1;04-03-2025 03:00:57.774;04-03-2025 03:01:58.237;60463
2;04-03-2025 03:01:31.131;04-03-2025 03:02:00.445;29314
3;04-03-2025 03:01:47.895;04-03-2025 03:02:02.931;15036
2;04-03-2025 03:01:31.131;04-03-2025 03:02:05.265;34134
1;04-03-2025 03:02:03.352;04-03-2025 03:02:05.740;2388
1;04-03-2025 03:02:03.352;04-03-2025 03:02:09.610;6258
2;04-03-2025 03:01:31.131;04-03-2025 03:02:10.457;39326
1;04-03-2025 03:02:13.902;04-03-2025 03:02:16.336;2434
3;04-03-2025 03:02:17.902;04-03-2025 03:02:17.947;45
3;04-03-2025 03:02:17.902;04-03-2025 03:02:17.996;94
1;04-03-2025 03:02:13.902;04-03-2025 03:02:18.125;4223
3;04-03-2025 03:02:17.902;04-03-2025 03:02:22.936;5034
1;04-03-2025 03:02:13.902;04-03-2025 03:02:24.415;10513
0;04-03-2025 03:02:21.605;04-03-2025 03:02:25.039;3434
3;04-03-2025 03:02:17.902;04-03-2025 03:02:27.940;10038
3;04-03-2025 03:02:17.902;04-03-2025 03:02:32.927;15025
3;04-03-2025 03:02:17.902;04-03-2025 03:02:37.934;20032
1;04-03-2025 03:02:13.902;04-03-2025 03:02:38.016;24114
3;04-03-2025 03:02:17.902;04-03-2025 03:02:42.939;25037
2;04-03-2025 03:01:31.131;04-03-2025 03:02:45.604;74473
3;04-03-2025 03:02:17.902;04-03-2025 03:02:47.928;30026
3;04-03-2025 03:02:17.902;04-03-2025 03:02:52.930;35028
3;04-03-2025 03:02:17.902;04-03-2025 03:02:57.920;40018
3;04-03-2025 03:02:17.902;04-03-2025 03:03:02.924;45022
3;04-03-2025 03:02:17.902;04-03-2025 03:03:07.929;50027
3;04-03-2025 03:02:17.902;04-03-2025 03:03:12.934;55032
3;04-03-2025 03:02:17.902;04-03-2025 03:03:17.936;60034
1;04-03-2025 03:02:13.902;04-03-2025 03:03:19.492;65590
3;04-03-2025 03:02:17.902;04-03-2025 03:03:22.967;65065
0;04-03-2025 03:03:04.629;04-03-2025 03:03:22.998;18369
1;04-03-2025 03:02:13.902;04-03-2025 03:03:25.302;71400
3;04-03-2025 03:02:17.902;04-03-2025 03:03:27.929;70027
2;04-03-2025 03:03:18.591;04-03-2025 03:03:28.612;10021
0;04-03-2025 03:03:04.629;04-03-2025 03:03:29.603;24974
1;04-03-2025 03:02:13.902;04-03-2025 03:03:29.987;76085
0;04-03-2025 03:03:36.222;04-03-2025 03:03:42.231;6009
2;04-03-2025 03:03:18.591;04-03-2025 03:03:42.695;24104
3;04-03-2025 03:03:42.901;04-03-2025 03:03:42.942;41
3;04-03-2025 03:03:42.901;04-03-2025 03:03:43.008;107
1;04-03-2025 03:03:37.699;04-03-2025 03:03:45.557;7858
0;04-03-2025 03:03:36.222;04-03-2025 03:03:45.817;9595
3;04-03-2025 03:03:42.901;04-03-2025 03:03:47.931;5030
2;04-03-2025 03:03:18.591;04-03-2025 03:03:50.722;32131
3;04-03-2025 03:03:42.901;04-03-2025 03:03:52.937;10036
1;04-03-2025 03:03:37.699;04-03-2025 03:03:54.546;16847
3;04-03-2025 03:03:42.901;04-03-2025 03:03:57.927;15026
3;04-03-2025 03:03:42.901;04-03-2025 03:04:02.933;20032
0;04-03-2025 03:04:01.901;04-03-2025 03:04:05.119;3218
3;04-03-2025 03:03:42.901;04-03-2025 03:04:07.925;25024
0;04-03-2025 03:04:01.901;04-03-2025 03:04:09.165;7264
3;04-03-2025 03:03:42.901;04-03-2025 03:04:12.927;30026
1;04-03-2025 03:03:55.473;04-03-2025 03:04:15.752;20279
3;04-03-2025 03:03:42.901;04-03-2025 03:04:17.915;35014
1;04-03-2025 03:04:17.038;04-03-2025 03:04:18.014;976
2;04-03-2025 03:03:18.591;04-03-2025 03:04:21.149;62558
3;04-03-2025 03:03:42.901;04-03-2025 03:04:22.914;40013
2;04-03-2025 03:03:18.591;04-03-2025 03:04:23.133;64542
3;04-03-2025 03:03:42.901;04-03-2025 03:04:27.923;45022
3;04-03-2025 03:03:42.901;04-03-2025 03:04:32.939;50038
3;04-03-2025 03:03:42.901;04-03-2025 03:04:37.929;55028
3;04-03-2025 03:03:42.901;04-03-2025 03:04:42.919;60018
3;04-03-2025 03:03:42.901;04-03-2025 03:04:47.967;65066
3;04-03-2025 03:03:42.901;04-03-2025 03:04:52.932;70031
1;04-03-2025 03:04:17.038;04-03-2025 03:04:55.604;38566
3;04-03-2025 03:03:42.901;04-03-2025 03:04:57.932;75031
3;04-03-2025 03:03:42.901;04-03-2025 03:05:02.942;80041
3;04-03-2025 03:03:42.901;04-03-2025 03:05:07.948;85047
3;04-03-2025 03:03:42.901;04-03-2025 03:05:12.926;90025
3;04-03-2025 03:05:27.921;04-03-2025 03:05:27.974;53
3;04-03-2025 03:05:27.921;04-03-2025 03:05:28.005;84
3;04-03-2025 03:05:27.921;04-03-2025 03:05:32.931;5010
3;04-03-2025 03:05:27.921;04-03-2025 03:05:37.935;10014
0;04-03-2025 03:04:29.923;04-03-2025 03:05:38.264;68341
2;04-03-2025 03:03:18.591;04-03-2025 03:05:40.568;141977
3;04-03-2025 03:05:27.921;04-03-2025 03:05:42.924;15003
0;04-03-2025 03:04:29.923;04-03-2025 03:05:43.087;73164
3;04-03-2025 03:05:27.921;04-03-2025 03:05:47.928;20007
3;04-03-2025 03:05:27.921;04-03-2025 03:05:52.932;25011
3;04-03-2025 03:05:27.921;04-03-2025 03:05:57.924;30003
3;04-03-2025 03:05:27.921;04-03-2025 03:06:02.928;35007
3;04-03-2025 03:05:27.921;04-03-2025 03:06:07.933;40012
3;04-03-2025 03:05:27.921;04-03-2025 03:06:12.924;45003
3;04-03-2025 03:06:27.901;04-03-2025 03:06:27.952;51
3;04-03-2025 03:06:27.901;04-03-2025 03:06:28.000;99
3;04-03-2025 03:06:27.901;04-03-2025 03:06:32.927;5026
2;04-03-2025 03:03:18.591;04-03-2025 03:06:36.633;198042
3;04-03-2025 03:06:27.901;04-03-2025 03:06:37.934;10033
2;04-03-2025 03:06:40.826;04-03-2025 03:06:41.637;811
3;04-03-2025 03:06:27.901;04-03-2025 03:06:42.924;15023
2;04-03-2025 03:06:40.826;04-03-2025 03:06:43.653;2827
3;04-03-2025 03:06:27.901;04-03-2025 03:06:47.928;20027
2;04-03-2025 03:06:40.826;04-03-2025 03:06:51.373;10547
3;04-03-2025 03:06:27.901;04-03-2025 03:06:52.931;25030
3;04-03-2025 03:06:27.901;04-03-2025 03:06:57.934;30033
3;04-03-2025 03:06:27.901;04-03-2025 03:07:02.923;35022
2;04-03-2025 03:07:03.716;04-03-2025 03:07:05.365;1649
3;04-03-2025 03:06:27.901;04-03-2025 03:07:07.931;40030
3;04-03-2025 03:06:27.901;04-03-2025 03:07:12.918;45017
3;04-03-2025 03:06:27.901;04-03-2025 03:07:17.949;50048
2;04-03-2025 03:07:03.716;04-03-2025 03:07:20.524;16808
3;04-03-2025 03:06:27.901;04-03-2025 03:07:22.929;55028
3;04-03-2025 03:06:27.901;04-03-2025 03:07:27.934;60033
3;04-03-2025 03:06:27.901;04-03-2025 03:07:32.926;65025
3;04-03-2025 03:06:27.901;04-03-2025 03:07:37.930;70029
3;04-03-2025 03:06:27.901;04-03-2025 03:07:42.933;75032
3;04-03-2025 03:06:27.901;04-03-2025 03:07:47.925;80024
3;04-03-2025 03:08:02.899;04-03-2025 03:08:02.945;46
3;04-03-2025 03:08:02.899;04-03-2025 03:08:02.999;100
3;04-03-2025 03:08:02.899;04-03-2025 03:08:07.927;5028
3;04-03-2025 03:08:02.899;04-03-2025 03:08:12.929;10030
0;04-03-2025 03:08:12.007;04-03-2025 03:08:15.595;3588
3;04-03-2025 03:08:02.899;04-03-2025 03:08:17.922;15023
0;04-03-2025 03:08:12.007;04-03-2025 03:08:18.331;6324
3;04-03-2025 03:08:02.899;04-03-2025 03:08:22.940;20041
3;04-03-2025 03:08:02.899;04-03-2025 03:08:27.927;25028
3;04-03-2025 03:08:02.899;04-03-2025 03:08:32.934;30035
3;04-03-2025 03:08:02.899;04-03-2025 03:08:37.923;35024
3;04-03-2025 03:08:02.899;04-03-2025 03:08:42.928;40029
3;04-03-2025 03:08:57.901;04-03-2025 03:08:57.945;44
3;04-03-2025 03:08:57.901;04-03-2025 03:08:57.994;93
3;04-03-2025 03:08:57.901;04-03-2025 03:09:02.933;5032
3;04-03-2025 03:08:57.901;04-03-2025 03:09:07.938;10037
3;04-03-2025 03:08:57.901;04-03-2025 03:09:12.929;15028
1;04-03-2025 03:09:09.224;04-03-2025 03:09:13.899;4675
3;04-03-2025 03:08:57.901;04-03-2025 03:09:17.935;20034
3;04-03-2025 03:08:57.901;04-03-2025 03:09:22.936;25035
3;04-03-2025 03:08:57.901;04-03-2025 03:09:27.927;30026
3;04-03-2025 03:08:57.901;04-03-2025 03:09:32.929;35028
3;04-03-2025 03:08:57.901;04-03-2025 03:09:37.935;40034
3;04-03-2025 03:08:57.901;04-03-2025 03:09:42.925;45024
3;04-03-2025 03:08:57.901;04-03-2025 03:09:47.946;50045
2;04-03-2025 03:09:03.597;04-03-2025 03:09:50.115;46518
3;04-03-2025 03:08:57.901;04-03-2025 03:09:52.933;55032
1;04-03-2025 03:09:15.956;04-03-2025 03:09:55.167;39211
3;04-03-2025 03:08:57.901;04-03-2025 03:09:57.921;60020
1;04-03-2025 03:09:15.956;04-03-2025 03:09:58.316;42360
2;04-03-2025 03:09:03.597;04-03-2025 03:10:00.828;57231
3;04-03-2025 03:08:57.901;04-03-2025 03:10:02.937;65036
1;04-03-2025 03:09:15.956;04-03-2025 03:10:03.032;47076
3;04-03-2025 03:08:57.901;04-03-2025 03:10:07.955;70054
3;04-03-2025 03:08:57.901;04-03-2025 03:10:12.918;75017
1;04-03-2025 03:09:15.956;04-03-2025 03:10:15.360;59404
3;04-03-2025 03:08:57.901;04-03-2025 03:10:17.940;80039
2;04-03-2025 03:10:13.471;04-03-2025 03:10:19.067;5596
1;04-03-2025 03:09:15.956;04-03-2025 03:10:21.607;65651
3;04-03-2025 03:08:57.901;04-03-2025 03:10:22.947;85046
3;04-03-2025 03:08:57.901;04-03-2025 03:10:27.932;90031
3;04-03-2025 03:08:57.901;04-03-2025 03:10:32.936;95035
3;04-03-2025 03:08:57.901;04-03-2025 03:10:37.950;100049
3;04-03-2025 03:08:57.901;04-03-2025 03:10:42.931;105030
1;04-03-2025 03:10:27.944;04-03-2025 03:10:45.894;17950
3;04-03-2025 03:08:57.901;04-03-2025 03:10:47.934;110033
2;04-03-2025 03:10:23.590;04-03-2025 03:10:50.376;26786
0;04-03-2025 03:10:50.788;04-03-2025 03:10:51.157;369
3;04-03-2025 03:08:57.901;04-03-2025 03:10:52.923;115022
0;04-03-2025 03:10:53.159;04-03-2025 03:10:57.859;4700
3;04-03-2025 03:08:57.901;04-03-2025 03:10:57.928;120027
3;04-03-2025 03:08:57.901;04-03-2025 03:11:02.934;125033
0;04-03-2025 03:11:00.961;04-03-2025 03:11:03.868;2907
3;04-03-2025 03:08:57.901;04-03-2025 03:11:07.925;130024
1;04-03-2025 03:10:27.944;04-03-2025 03:11:09.119;41175
2;04-03-2025 03:10:23.590;04-03-2025 03:11:09.162;45572
3;04-03-2025 03:08:57.901;04-03-2025 03:11:12.926;135025
1;04-03-2025 03:10:27.944;04-03-2025 03:11:13.352;45408
2;04-03-2025 03:10:23.590;04-03-2025 03:11:13.572;49982
3;04-03-2025 03:08:57.901;04-03-2025 03:11:17.915;140014
0;04-03-2025 03:11:00.961;04-03-2025 03:11:20.196;19235
1;04-03-2025 03:10:27.944;04-03-2025 03:11:20.676;52732
2;04-03-2025 03:10:23.590;04-03-2025 03:11:20.744;57154
3;04-03-2025 03:08:57.901;04-03-2025 03:11:22.933;145032
3;04-03-2025 03:08:57.901;04-03-2025 03:11:27.925;150024
3;04-03-2025 03:11:42.901;04-03-2025 03:11:42.939;38
3;04-03-2025 03:11:42.901;04-03-2025 03:11:42.984;83
3;04-03-2025 03:11:42.901;04-03-2025 03:11:47.927;5026
3;04-03-2025 03:11:42.901;04-03-2025 03:11:52.919;10018
3;04-03-2025 03:11:42.901;04-03-2025 03:11:57.923;15022
3;04-03-2025 03:11:42.901;04-03-2025 03:12:02.930;20029
3;04-03-2025 03:11:42.901;04-03-2025 03:12:07.921;25020
3;04-03-2025 03:11:42.901;04-03-2025 03:12:12.942;30041
2;04-03-2025 03:11:51.317;04-03-2025 03:12:14.937;23620
1;04-03-2025 03:12:07.878;04-03-2025 03:12:15.628;7750
3;04-03-2025 03:11:42.901;04-03-2025 03:12:17.931;35030
2;04-03-2025 03:11:51.317;04-03-2025 03:12:20.486;29169
1;04-03-2025 03:12:07.878;04-03-2025 03:12:22.289;14411
3;04-03-2025 03:11:42.901;04-03-2025 03:12:22.935;40034
3;04-03-2025 03:11:42.901;04-03-2025 03:12:27.939;45038
0;04-03-2025 03:11:58.055;04-03-2025 03:12:33.276;35221
0;04-03-2025 03:11:58.055;04-03-2025 03:12:40.633;42578
1;04-03-2025 03:12:07.878;04-03-2025 03:12:41.558;33680
3;04-03-2025 03:12:42.902;04-03-2025 03:12:42.956;54
3;04-03-2025 03:12:42.902;04-03-2025 03:12:43.003;101
3;04-03-2025 03:12:42.902;04-03-2025 03:12:47.930;5028
3;04-03-2025 03:12:42.902;04-03-2025 03:12:52.934;10032
3;04-03-2025 03:12:42.902;04-03-2025 03:12:57.923;15021
1;04-03-2025 03:12:54.123;04-03-2025 03:13:01.914;7791
3;04-03-2025 03:12:42.902;04-03-2025 03:13:02.928;20026
1;04-03-2025 03:12:54.123;04-03-2025 03:13:03.210;9087
2;04-03-2025 03:11:51.317;04-03-2025 03:13:05.780;74463
1;04-03-2025 03:12:54.123;04-03-2025 03:13:08.886;14763
2;04-03-2025 03:11:51.317;04-03-2025 03:13:12.404;81087
3;04-03-2025 03:13:17.900;04-03-2025 03:13:17.941;41
3;04-03-2025 03:13:17.900;04-03-2025 03:13:17.989;89
1;04-03-2025 03:12:54.123;04-03-2025 03:13:20.719;26596
2;04-03-2025 03:13:12.599;04-03-2025 03:13:21.027;8428
3;04-03-2025 03:13:17.900;04-03-2025 03:13:22.929;5029
3;04-03-2025 03:13:17.900;04-03-2025 03:13:27.937;10037
3;04-03-2025 03:13:17.900;04-03-2025 03:13:32.920;15020
0;04-03-2025 03:13:31.747;04-03-2025 03:13:37.199;5452
3;04-03-2025 03:13:17.900;04-03-2025 03:13:37.940;20040
3;04-03-2025 03:13:17.900;04-03-2025 03:13:42.929;25029
3;04-03-2025 03:13:17.900;04-03-2025 03:13:47.936;30036
3;04-03-2025 03:13:17.900;04-03-2025 03:13:52.924;35024
3;04-03-2025 03:13:17.900;04-03-2025 03:13:57.932;40032
3;04-03-2025 03:13:17.900;04-03-2025 03:14:02.922;45022
3;04-03-2025 03:13:17.900;04-03-2025 03:14:07.927;50027
3;04-03-2025 03:13:17.900;04-03-2025 03:14:12.932;55032
3;04-03-2025 03:13:17.900;04-03-2025 03:14:17.937;60037
1;04-03-2025 03:12:54.123;04-03-2025 03:14:21.337;87214
3;04-03-2025 03:13:17.900;04-03-2025 03:14:22.927;65027
3;04-03-2025 03:13:17.900;04-03-2025 03:14:27.932;70032
0;04-03-2025 03:14:42.122;04-03-2025 03:14:42.269;147
3;04-03-2025 03:14:42.900;04-03-2025 03:14:42.947;47
3;04-03-2025 03:14:42.900;04-03-2025 03:14:43.023;123
3;04-03-2025 03:14:42.900;04-03-2025 03:14:47.932;5032
0;04-03-2025 03:14:42.122;04-03-2025 03:14:50.103;7981
2;04-03-2025 03:14:47.272;04-03-2025 03:14:50.470;3198
1;04-03-2025 03:12:54.123;04-03-2025 03:14:50.720;116597
3;04-03-2025 03:14:42.900;04-03-2025 03:14:52.924;10024
0;04-03-2025 03:14:42.122;04-03-2025 03:14:53.176;11054
1;04-03-2025 03:12:54.123;04-03-2025 03:14:56.851;122728
3;04-03-2025 03:14:42.900;04-03-2025 03:14:57.928;15028
1;04-03-2025 03:14:56.997;04-03-2025 03:15:00.515;3518
3;04-03-2025 03:14:42.900;04-03-2025 03:15:02.934;20034
3;04-03-2025 03:14:42.900;04-03-2025 03:15:07.945;25045
1;04-03-2025 03:15:05.439;04-03-2025 03:15:10.077;4638
3;04-03-2025 03:14:42.900;04-03-2025 03:15:12.932;30032
3;04-03-2025 03:14:42.900;04-03-2025 03:15:17.936;35036
1;04-03-2025 03:15:05.439;04-03-2025 03:15:20.763;15324
3;04-03-2025 03:14:42.900;04-03-2025 03:15:22.926;40026
1;04-03-2025 03:15:05.439;04-03-2025 03:15:23.493;18054
3;04-03-2025 03:14:42.900;04-03-2025 03:15:27.935;45035
1;04-03-2025 03:15:05.439;04-03-2025 03:15:30.393;24954
3;04-03-2025 03:14:42.900;04-03-2025 03:15:32.938;50038
1;04-03-2025 03:15:05.439;04-03-2025 03:15:35.747;30308
0;04-03-2025 03:15:30.199;04-03-2025 03:15:36.399;6200
3;04-03-2025 03:14:42.900;04-03-2025 03:15:37.925;55025
1;04-03-2025 03:15:39.862;04-03-2025 03:15:40.463;601
3;04-03-2025 03:14:42.900;04-03-2025 03:15:42.916;60016
1;04-03-2025 03:15:39.862;04-03-2025 03:15:45.374;5512
3;04-03-2025 03:14:42.900;04-03-2025 03:15:47.922;65022
3;04-03-2025 03:14:42.900;04-03-2025 03:15:52.930;70030
1;04-03-2025 03:15:39.862;04-03-2025 03:15:55.611;15749
3;04-03-2025 03:14:42.900;04-03-2025 03:15:57.939;75039
1;04-03-2025 03:15:39.862;04-03-2025 03:15:58.679;18817
3;04-03-2025 03:14:42.900;04-03-2025 03:16:02.936;80036
3;04-03-2025 03:14:42.900;04-03-2025 03:16:07.944;85044
3;04-03-2025 03:14:42.900;04-03-2025 03:16:12.931;90031
3;04-03-2025 03:14:42.900;04-03-2025 03:16:17.935;95035
2;04-03-2025 03:15:58.655;04-03-2025 03:16:22.854;24199
3;04-03-2025 03:14:42.900;04-03-2025 03:16:22.923;100023
1;04-03-2025 03:15:39.862;04-03-2025 03:16:25.701;45839
3;04-03-2025 03:14:42.900;04-03-2025 03:16:27.927;105027
1;04-03-2025 03:15:39.862;04-03-2025 03:16:31.357;51495
3;04-03-2025 03:14:42.900;04-03-2025 03:16:32.932;110032
1;04-03-2025 03:15:39.862;04-03-2025 03:16:36.861;56999
3;04-03-2025 03:14:42.900;04-03-2025 03:16:37.939;115039
1;04-03-2025 03:15:39.862;04-03-2025 03:16:40.413;60551
2;04-03-2025 03:15:58.655;04-03-2025 03:16:40.997;42342
3;04-03-2025 03:14:42.900;04-03-2025 03:16:42.928;120028
3;04-03-2025 03:14:42.900;04-03-2025 03:16:47.929;125029
3;04-03-2025 03:14:42.900;04-03-2025 03:16:52.932;130032
1;04-03-2025 03:15:39.862;04-03-2025 03:16:57.565;77703
2;04-03-2025 03:15:58.655;04-03-2025 03:16:57.596;58941
3;04-03-2025 03:14:42.900;04-03-2025 03:16:57.940;135040
1;04-03-2025 03:15:39.862;04-03-2025 03:17:01.880;82018
2;04-03-2025 03:16:59.846;04-03-2025 03:17:01.912;2066
3;04-03-2025 03:14:42.900;04-03-2025 03:17:02.927;140027
1;04-03-2025 03:15:39.862;04-03-2025 03:17:05.640;85778
3;04-03-2025 03:14:42.900;04-03-2025 03:17:07.934;145034
2;04-03-2025 03:17:02.175;04-03-2025 03:17:10.327;8152
1;04-03-2025 03:15:39.862;04-03-2025 03:17:11.157;91295
3;04-03-2025 03:14:42.900;04-03-2025 03:17:12.923;150023
3;04-03-2025 03:14:42.900;04-03-2025 03:17:17.927;155027
3;04-03-2025 03:17:32.902;04-03-2025 03:17:32.941;39
3;04-03-2025 03:17:32.902;04-03-2025 03:17:32.989;87
3;04-03-2025 03:17:32.902;04-03-2025 03:17:37.933;5031
3;04-03-2025 03:17:32.902;04-03-2025 03:17:42.922;10020
2;04-03-2025 03:17:27.897;04-03-2025 03:17:47.326;19429
3;04-03-2025 03:17:32.902;04-03-2025 03:17:47.929;15027
3;04-03-2025 03:17:32.902;04-03-2025 03:17:52.935;20033
2;04-03-2025 03:17:27.897;04-03-2025 03:17:55.697;27800
1;04-03-2025 03:15:39.862;04-03-2025 03:17:55.748;135886
3;04-03-2025 03:17:32.902;04-03-2025 03:17:57.921;25019
0;04-03-2025 03:17:56.769;04-03-2025 03:17:59.772;3003
1;04-03-2025 03:15:39.862;04-03-2025 03:18:01.064;141202
3;04-03-2025 03:17:32.902;04-03-2025 03:18:02.941;30039
0;04-03-2025 03:17:56.769;04-03-2025 03:18:05.720;8951
3;04-03-2025 03:17:32.902;04-03-2025 03:18:07.930;35028
2;04-03-2025 03:17:27.897;04-03-2025 03:18:10.196;42299
0;04-03-2025 03:17:56.769;04-03-2025 03:18:10.622;13853
3;04-03-2025 03:17:32.902;04-03-2025 03:18:12.936;40034
2;04-03-2025 03:17:27.897;04-03-2025 03:18:14.252;46355
1;04-03-2025 03:15:39.862;04-03-2025 03:18:16.236;156374
0;04-03-2025 03:18:14.731;04-03-2025 03:18:16.625;1894
3;04-03-2025 03:17:32.902;04-03-2025 03:18:17.928;45026
3;04-03-2025 03:17:32.902;04-03-2025 03:18:22.933;50031
3;04-03-2025 03:17:32.902;04-03-2025 03:18:27.927;55025
1;04-03-2025 03:18:25.200;04-03-2025 03:18:30.222;5022
2;04-03-2025 03:18:15.165;04-03-2025 03:18:30.254;15089
3;04-03-2025 03:17:32.902;04-03-2025 03:18:32.929;60027
1;04-03-2025 03:18:25.200;04-03-2025 03:18:33.047;7847
2;04-03-2025 03:18:15.165;04-03-2025 03:18:35.418;20253
3;04-03-2025 03:17:32.902;04-03-2025 03:18:37.932;65030
2;04-03-2025 03:18:35.937;04-03-2025 03:18:38.088;2151
1;04-03-2025 03:18:25.200;04-03-2025 03:18:40.248;15048
3;04-03-2025 03:17:32.902;04-03-2025 03:18:42.939;70037
1;04-03-2025 03:18:25.200;04-03-2025 03:18:43.825;18625
2;04-03-2025 03:18:40.230;04-03-2025 03:18:45.961;5731
3;04-03-2025 03:17:32.902;04-03-2025 03:18:47.926;75024
3;04-03-2025 03:17:32.902;04-03-2025 03:18:52.931;80029
2;04-03-2025 03:18:40.230;04-03-2025 03:18:55.629;15399
1;04-03-2025 03:18:51.178;04-03-2025 03:18:55.931;4753
3;04-03-2025 03:17:32.902;04-03-2025 03:18:57.922;85020
3;04-03-2025 03:17:32.902;04-03-2025 03:19:02.926;90024
0;04-03-2025 03:18:46.422;04-03-2025 03:19:07.607;21185
3;04-03-2025 03:17:32.902;04-03-2025 03:19:07.933;95031
3;04-03-2025 03:17:32.902;04-03-2025 03:19:12.963;100061
3;04-03-2025 03:17:32.902;04-03-2025 03:19:17.926;105024
3;04-03-2025 03:17:32.902;04-03-2025 03:19:22.917;110015
3;04-03-2025 03:17:32.902;04-03-2025 03:19:27.940;115038
3;04-03-2025 03:17:32.902;04-03-2025 03:19:32.925;120023
3;04-03-2025 03:17:32.902;04-03-2025 03:19:37.930;125028
0;04-03-2025 03:19:31.431;04-03-2025 03:19:39.253;7822
3;04-03-2025 03:17:32.902;04-03-2025 03:19:42.936;130034
1;04-03-2025 03:18:51.178;04-03-2025 03:19:47.666;56488
3;04-03-2025 03:17:32.902;04-03-2025 03:19:47.923;135021
3;04-03-2025 03:17:32.902;04-03-2025 03:19:52.929;140027
1;04-03-2025 03:18:51.178;04-03-2025 03:19:55.803;64625
2;04-03-2025 03:18:40.230;04-03-2025 03:19:56.151;75921
3;04-03-2025 03:17:32.902;04-03-2025 03:19:57.931;145029
1;04-03-2025 03:18:51.178;04-03-2025 03:19:58.471;67293
3;04-03-2025 03:17:32.902;04-03-2025 03:20:02.951;150049
1;04-03-2025 03:18:51.178;04-03-2025 03:20:05.636;74458
3;04-03-2025 03:17:32.902;04-03-2025 03:20:07.935;155033
1;04-03-2025 03:18:51.178;04-03-2025 03:20:11.949;80771
3;04-03-2025 03:17:32.902;04-03-2025 03:20:12.932;160030
2;04-03-2025 03:18:40.230;04-03-2025 03:20:14.541;94311
0;04-03-2025 03:19:59.201;04-03-2025 03:20:15.480;16279
3;04-03-2025 03:17:32.902;04-03-2025 03:20:17.939;165037
2;04-03-2025 03:18:40.230;04-03-2025 03:20:19.306;99076
1;04-03-2025 03:18:51.178;04-03-2025 03:20:21.873;90695
3;04-03-2025 03:17:32.902;04-03-2025 03:20:22.925;170023
1;04-03-2025 03:18:51.178;04-03-2025 03:20:25.462;94284
3;04-03-2025 03:17:32.902;04-03-2025 03:20:27.946;175044
3;04-03-2025 03:17:32.902;04-03-2025 03:20:32.922;180020
3;04-03-2025 03:17:32.902;04-03-2025 03:20:37.928;185026
3;04-03-2025 03:17:32.902;04-03-2025 03:20:42.936;190034
3;04-03-2025 03:17:32.902;04-03-2025 03:20:47.938;195036
2;04-03-2025 03:20:32.370;04-03-2025 03:20:50.076;17706
1;04-03-2025 03:18:51.178;04-03-2025 03:20:52.760;121582
3;04-03-2025 03:17:32.902;04-03-2025 03:20:52.927;200025
1;04-03-2025 03:18:51.178;04-03-2025 03:20:55.031;123853
2;04-03-2025 03:20:51.534;04-03-2025 03:20:55.063;3529
3;04-03-2025 03:17:32.902;04-03-2025 03:20:57.932;205030
2;04-03-2025 03:20:51.534;04-03-2025 03:21:00.919;9385
1;04-03-2025 03:18:51.178;04-03-2025 03:21:02.037;130859
3;04-03-2025 03:17:32.902;04-03-2025 03:21:02.939;210037
3;04-03-2025 03:17:32.902;04-03-2025 03:21:07.928;215026
3;04-03-2025 03:21:22.901;04-03-2025 03:21:22.943;42
3;04-03-2025 03:21:22.901;04-03-2025 03:21:23.018;117
3;04-03-2025 03:21:22.901;04-03-2025 03:21:27.930;5029
3;04-03-2025 03:21:42.900;04-03-2025 03:21:42.943;43
3;04-03-2025 03:21:42.900;04-03-2025 03:21:42.990;90
3;04-03-2025 03:21:42.900;04-03-2025 03:21:47.932;5032
3;04-03-2025 03:21:42.900;04-03-2025 03:21:52.921;10021
3;04-03-2025 03:21:42.900;04-03-2025 03:21:57.927;15027
3;04-03-2025 03:21:42.900;04-03-2025 03:22:02.931;20031
3;04-03-2025 03:21:42.900;04-03-2025 03:22:07.936;25036
3;04-03-2025 03:21:42.900;04-03-2025 03:22:12.941;30041
3;04-03-2025 03:21:42.900;04-03-2025 03:22:17.928;35028
3;04-03-2025 03:21:42.900;04-03-2025 03:22:22.934;40034
3;04-03-2025 03:22:37.901;04-03-2025 03:22:37.946;45
3;04-03-2025 03:22:37.901;04-03-2025 03:22:37.992;91
3;04-03-2025 03:22:37.901;04-03-2025 03:22:42.933;5032
3;04-03-2025 03:22:37.901;04-03-2025 03:22:47.923;10022
0;04-03-2025 03:22:13.316;04-03-2025 03:22:51.085;37769
3;04-03-2025 03:22:37.901;04-03-2025 03:22:52.932;15031
3;04-03-2025 03:22:37.901;04-03-2025 03:22:57.922;20021
3;04-03-2025 03:22:37.901;04-03-2025 03:23:02.928;25027
2;04-03-2025 03:23:09.522;04-03-2025 03:23:16.936;7414
0;04-03-2025 03:23:09.062;04-03-2025 03:23:17.702;8640
3;04-03-2025 03:23:17.901;04-03-2025 03:23:17.957;56
3;04-03-2025 03:23:17.901;04-03-2025 03:23:18.018;117
3;04-03-2025 03:23:17.901;04-03-2025 03:23:22.929;5028
3;04-03-2025 03:23:17.901;04-03-2025 03:23:27.935;10034
3;04-03-2025 03:23:17.901;04-03-2025 03:23:32.925;15024
3;04-03-2025 03:23:17.901;04-03-2025 03:23:37.927;20026
3;04-03-2025 03:23:17.901;04-03-2025 03:23:42.930;25029
1;04-03-2025 03:23:39.832;04-03-2025 03:23:45.740;5908
1;04-03-2025 03:23:39.832;04-03-2025 03:23:48.043;8211
3;04-03-2025 03:23:57.904;04-03-2025 03:23:57.962;58
3;04-03-2025 03:23:57.904;04-03-2025 03:23:58.011;107
3;04-03-2025 03:23:57.904;04-03-2025 03:24:02.922;5018
2;04-03-2025 03:24:05.209;04-03-2025 03:24:06.818;1609
1;04-03-2025 03:24:00.848;04-03-2025 03:24:06.866;6018
2;04-03-2025 03:24:05.209;04-03-2025 03:24:08.860;3651
1;04-03-2025 03:24:00.848;04-03-2025 03:24:08.881;8033
3;04-03-2025 03:24:17.902;04-03-2025 03:24:17.941;39
3;04-03-2025 03:24:17.902;04-03-2025 03:24:18.003;101
3;04-03-2025 03:24:17.902;04-03-2025 03:24:22.925;5023
3;04-03-2025 03:24:17.902;04-03-2025 03:24:27.933;10031
3;04-03-2025 03:24:17.902;04-03-2025 03:24:32.935;15033
3;04-03-2025 03:24:17.902;04-03-2025 03:24:37.936;20034
3;04-03-2025 03:24:17.902;04-03-2025 03:24:42.925;25023
2;04-03-2025 03:24:40.868;04-03-2025 03:24:45.541;4673
3;04-03-2025 03:24:17.902;04-03-2025 03:24:47.932;30030
1;04-03-2025 03:24:46.337;04-03-2025 03:24:49.717;3380
2;04-03-2025 03:24:40.868;04-03-2025 03:24:50.613;9745
3;04-03-2025 03:24:17.902;04-03-2025 03:24:52.922;35020
3;04-03-2025 03:24:17.902;04-03-2025 03:24:57.927;40025
3;04-03-2025 03:24:17.902;04-03-2025 03:25:02.934;45032
3;04-03-2025 03:24:17.902;04-03-2025 03:25:07.939;50037
1;04-03-2025 03:25:03.686;04-03-2025 03:25:08.132;4446
3;04-03-2025 03:24:17.902;04-03-2025 03:25:12.928;55026
1;04-03-2025 03:25:03.686;04-03-2025 03:25:15.128;11442
2;04-03-2025 03:24:40.868;04-03-2025 03:25:15.511;34643
3;04-03-2025 03:24:17.902;04-03-2025 03:25:17.937;60035
2;04-03-2025 03:24:40.868;04-03-2025 03:25:18.424;37556
1;04-03-2025 03:25:03.686;04-03-2025 03:25:19.076;15390
3;04-03-2025 03:24:17.902;04-03-2025 03:25:22.919;65017
1;04-03-2025 03:25:03.686;04-03-2025 03:25:26.207;22521
3;04-03-2025 03:24:17.902;04-03-2025 03:25:27.926;70024
3;04-03-2025 03:24:17.902;04-03-2025 03:25:32.930;75028
0;04-03-2025 03:24:40.897;04-03-2025 03:25:36.491;55594
3;04-03-2025 03:24:17.902;04-03-2025 03:25:37.921;80019
3;04-03-2025 03:24:17.902;04-03-2025 03:25:42.925;85023
1;04-03-2025 03:25:37.914;04-03-2025 03:25:47.699;9785
2;04-03-2025 03:25:29.950;04-03-2025 03:25:47.811;17861
3;04-03-2025 03:24:17.902;04-03-2025 03:25:47.929;90027
1;04-03-2025 03:25:37.914;04-03-2025 03:25:48.147;10233
2;04-03-2025 03:25:29.950;04-03-2025 03:25:50.770;20820
3;04-03-2025 03:24:17.902;04-03-2025 03:25:52.937;95035
1;04-03-2025 03:25:37.914;04-03-2025 03:25:53.463;15549
3;04-03-2025 03:24:17.902;04-03-2025 03:25:57.923;100021
1;04-03-2025 03:25:37.914;04-03-2025 03:26:01.045;23131
3;04-03-2025 03:24:17.902;04-03-2025 03:26:02.928;105026
1;04-03-2025 03:25:37.914;04-03-2025 03:26:05.258;27344
3;04-03-2025 03:24:17.902;04-03-2025 03:26:07.936;110034
3;04-03-2025 03:24:17.902;04-03-2025 03:26:12.938;115036
3;04-03-2025 03:24:17.902;04-03-2025 03:26:17.925;120023
3;04-03-2025 03:24:17.902;04-03-2025 03:26:22.930;125028
3;04-03-2025 03:24:17.902;04-03-2025 03:26:27.936;130034
3;04-03-2025 03:24:17.902;04-03-2025 03:26:32.923;135021
2;04-03-2025 03:26:25.593;04-03-2025 03:26:35.986;10393
3;04-03-2025 03:24:17.902;04-03-2025 03:26:37.929;140027
3;04-03-2025 03:24:17.902;04-03-2025 03:26:42.933;145031
3;04-03-2025 03:24:17.902;04-03-2025 03:26:47.921;150019
3;04-03-2025 03:24:17.902;04-03-2025 03:26:52.929;155027
1;04-03-2025 03:25:37.914;04-03-2025 03:26:55.643;77729
3;04-03-2025 03:24:17.902;04-03-2025 03:26:57.932;160030
1;04-03-2025 03:25:37.914;04-03-2025 03:27:02.609;84695
3;04-03-2025 03:24:17.902;04-03-2025 03:27:02.919;165017
1;04-03-2025 03:25:37.914;04-03-2025 03:27:03.557;85643
3;04-03-2025 03:24:17.902;04-03-2025 03:27:07.927;170025
2;04-03-2025 03:26:25.593;04-03-2025 03:27:10.578;44985
3;04-03-2025 03:24:17.902;04-03-2025 03:27:12.917;175015
1;04-03-2025 03:25:37.914;04-03-2025 03:27:16.333;98419
2;04-03-2025 03:26:25.593;04-03-2025 03:27:17.709;52116
3;04-03-2025 03:24:17.902;04-03-2025 03:27:17.924;180022
1;04-03-2025 03:25:37.914;04-03-2025 03:27:22.313;104399
3;04-03-2025 03:24:17.902;04-03-2025 03:27:22.927;185025
1;04-03-2025 03:25:37.914;04-03-2025 03:27:24.985;107071
3;04-03-2025 03:24:17.902;04-03-2025 03:27:27.932;190030
3;04-03-2025 03:24:17.902;04-03-2025 03:27:32.923;195021
2;04-03-2025 03:26:25.593;04-03-2025 03:27:35.836;70243
0;04-03-2025 03:27:33.338;04-03-2025 03:27:35.905;2567
1;04-03-2025 03:27:33.205;04-03-2025 03:27:36.209;3004
2;04-03-2025 03:26:25.593;04-03-2025 03:27:40.481;74888
1;04-03-2025 03:27:33.205;04-03-2025 03:27:40.891;7686
0;04-03-2025 03:27:33.338;04-03-2025 03:27:41.072;7734
3;04-03-2025 03:27:47.895;04-03-2025 03:27:47.964;69
1;04-03-2025 03:27:33.205;04-03-2025 03:27:49.701;16496
3;04-03-2025 03:27:47.895;04-03-2025 03:27:52.926;5031
1;04-03-2025 03:27:33.205;04-03-2025 03:27:53.415;20210
0;04-03-2025 03:27:42.803;04-03-2025 03:27:53.895;11092
3;04-03-2025 03:27:47.895;04-03-2025 03:27:57.946;10051
0;04-03-2025 03:27:57.749;04-03-2025 03:28:00.290;2541
1;04-03-2025 03:27:33.205;04-03-2025 03:28:01.920;28715
2;04-03-2025 03:26:25.593;04-03-2025 03:28:02.064;96471
3;04-03-2025 03:27:47.895;04-03-2025 03:28:02.935;15040
3;04-03-2025 03:27:47.895;04-03-2025 03:28:07.923;20028
3;04-03-2025 03:27:47.895;04-03-2025 03:28:12.970;25075
1;04-03-2025 03:28:15.854;04-03-2025 03:28:16.231;377
3;04-03-2025 03:27:47.895;04-03-2025 03:28:17.933;30038
3;04-03-2025 03:27:47.895;04-03-2025 03:28:22.936;35041
3;04-03-2025 03:27:47.895;04-03-2025 03:28:27.924;40029
3;04-03-2025 03:27:47.895;04-03-2025 03:28:32.930;45035
3;04-03-2025 03:27:47.895;04-03-2025 03:28:37.934;50039
3;04-03-2025 03:28:52.899;04-03-2025 03:28:52.951;52
3;04-03-2025 03:28:52.899;04-03-2025 03:28:53.013;114
3;04-03-2025 03:28:52.899;04-03-2025 03:28:57.925;5026
3;04-03-2025 03:28:52.899;04-03-2025 03:29:02.929;10030
3;04-03-2025 03:28:52.899;04-03-2025 03:29:07.934;15035
1;04-03-2025 03:28:15.854;04-03-2025 03:29:12.375;56521
2;04-03-2025 03:29:07.944;04-03-2025 03:29:12.416;4472
0;04-03-2025 03:29:04.424;04-03-2025 03:29:12.711;8287
1;04-03-2025 03:28:15.854;04-03-2025 03:29:17.123;61269
2;04-03-2025 03:29:16.820;04-03-2025 03:29:17.315;495
3;04-03-2025 03:29:22.900;04-03-2025 03:29:22.953;53
3;04-03-2025 03:29:22.900;04-03-2025 03:29:22.999;99
3;04-03-2025 03:29:22.900;04-03-2025 03:29:27.924;5024
1;04-03-2025 03:28:15.854;04-03-2025 03:29:31.834;75980
3;04-03-2025 03:29:22.900;04-03-2025 03:29:32.928;10028
3;04-03-2025 03:29:22.900;04-03-2025 03:29:37.936;15036
3;04-03-2025 03:29:52.900;04-03-2025 03:29:52.947;47
3;04-03-2025 03:29:52.900;04-03-2025 03:29:52.993;93
1;04-03-2025 03:29:35.329;04-03-2025 03:29:56.699;21370
3;04-03-2025 03:29:52.900;04-03-2025 03:29:57.937;5037
3;04-03-2025 03:29:52.900;04-03-2025 03:30:02.936;10036
1;04-03-2025 03:29:35.329;04-03-2025 03:30:03.464;28135
2;04-03-2025 03:29:16.820;04-03-2025 03:30:03.507;46687
3;04-03-2025 03:29:52.900;04-03-2025 03:30:07.955;15055
3;04-03-2025 03:29:52.900;04-03-2025 03:30:12.928;20028
3;04-03-2025 03:29:52.900;04-03-2025 03:30:17.932;25032
3;04-03-2025 03:29:52.900;04-03-2025 03:30:22.920;30020
2;04-03-2025 03:30:18.126;04-03-2025 03:30:26.120;7994
3;04-03-2025 03:29:52.900;04-03-2025 03:30:27.934;35034
3;04-03-2025 03:29:52.900;04-03-2025 03:30:32.935;40035
3;04-03-2025 03:29:52.900;04-03-2025 03:30:37.924;45024
1;04-03-2025 03:29:35.329;04-03-2025 03:30:38.654;63325
3;04-03-2025 03:29:52.900;04-03-2025 03:30:42.927;50027
3;04-03-2025 03:29:52.900;04-03-2025 03:30:47.933;55033
3;04-03-2025 03:29:52.900;04-03-2025 03:30:52.924;60024
3;04-03-2025 03:29:52.900;04-03-2025 03:30:57.924;65024
3;04-03-2025 03:29:52.900;04-03-2025 03:31:02.931;70031
3;04-03-2025 03:29:52.900;04-03-2025 03:31:07.937;75037
3;04-03-2025 03:29:52.900;04-03-2025 03:31:12.968;80068
3;04-03-2025 03:29:52.900;04-03-2025 03:31:17.927;85027
3;04-03-2025 03:29:52.900;04-03-2025 03:31:22.931;90031
3;04-03-2025 03:29:52.900;04-03-2025 03:31:27.938;95038
3;04-03-2025 03:29:52.900;04-03-2025 03:31:32.924;100024
3;04-03-2025 03:29:52.900;04-03-2025 03:31:37.930;105030
3;04-03-2025 03:29:52.900;04-03-2025 03:31:42.935;110035
3;04-03-2025 03:29:52.900;04-03-2025 03:31:47.926;115026
0;04-03-2025 03:31:42.445;04-03-2025 03:31:52.637;10192
3;04-03-2025 03:29:52.900;04-03-2025 03:31:52.929;120029
2;04-03-2025 03:31:19.620;04-03-2025 03:31:56.087;36467
0;04-03-2025 03:31:56.520;04-03-2025 03:31:57.399;879
3;04-03-2025 03:29:52.900;04-03-2025 03:31:57.933;125033
1;04-03-2025 03:29:35.329;04-03-2025 03:31:58.956;143627
0;04-03-2025 03:31:57.696;04-03-2025 03:31:59.569;1873
3;04-03-2025 03:29:52.900;04-03-2025 03:32:02.922;130022
3;04-03-2025 03:29:52.900;04-03-2025 03:32:07.928;135028
3;04-03-2025 03:29:52.900;04-03-2025 03:32:12.930;140030
3;04-03-2025 03:29:52.900;04-03-2025 03:32:17.934;145034
3;04-03-2025 03:29:52.900;04-03-2025 03:32:22.925;150025
3;04-03-2025 03:29:52.900;04-03-2025 03:32:27.930;155030
3;04-03-2025 03:29:52.900;04-03-2025 03:32:32.936;160036
3;04-03-2025 03:29:52.900;04-03-2025 03:32:37.927;165027
2;04-03-2025 03:32:25.132;04-03-2025 03:32:42.409;17277
3;04-03-2025 03:29:52.900;04-03-2025 03:32:42.933;170033
3;04-03-2025 03:29:52.900;04-03-2025 03:32:47.923;175023
3;04-03-2025 03:29:52.900;04-03-2025 03:32:52.911;180011
3;04-03-2025 03:29:52.900;04-03-2025 03:32:57.931;185031
3;04-03-2025 03:29:52.900;04-03-2025 03:33:02.936;190036
3;04-03-2025 03:29:52.900;04-03-2025 03:33:07.925;195025
3;04-03-2025 03:29:52.900;04-03-2025 03:33:12.928;200028
3;04-03-2025 03:29:52.900;04-03-2025 03:33:17.920;205020
3;04-03-2025 03:29:52.900;04-03-2025 03:33:22.959;210059
3;04-03-2025 03:29:52.900;04-03-2025 03:33:27.928;215028
3;04-03-2025 03:29:52.900;04-03-2025 03:33:32.934;220034
3;04-03-2025 03:29:52.900;04-03-2025 03:33:37.922;225022
3;04-03-2025 03:29:52.900;04-03-2025 03:33:42.929;230029
1;04-03-2025 03:33:25.248;04-03-2025 03:33:46.641;21393
3;04-03-2025 03:29:52.900;04-03-2025 03:33:47.931;235031
1;04-03-2025 03:33:50.221;04-03-2025 03:33:52.290;2069
3;04-03-2025 03:29:52.900;04-03-2025 03:33:52.937;240037
3;04-03-2025 03:29:52.900;04-03-2025 03:33:57.928;245028
2;04-03-2025 03:33:39.444;04-03-2025 03:33:59.490;20046
1;04-03-2025 03:33:50.221;04-03-2025 03:34:00.594;10373
3;04-03-2025 03:29:52.900;04-03-2025 03:34:02.917;250017
3;04-03-2025 03:29:52.900;04-03-2025 03:34:07.936;255036
3;04-03-2025 03:29:52.900;04-03-2025 03:34:12.926;260026
3;04-03-2025 03:29:52.900;04-03-2025 03:34:17.933;265033
3;04-03-2025 03:29:52.900;04-03-2025 03:34:22.924;270024
2;04-03-2025 03:34:25.882;04-03-2025 03:34:27.770;1888
3;04-03-2025 03:29:52.900;04-03-2025 03:34:27.925;275025
1;04-03-2025 03:34:26.493;04-03-2025 03:34:28.080;1587
3;04-03-2025 03:29:52.900;04-03-2025 03:34:32.931;280031
3;04-03-2025 03:29:52.900;04-03-2025 03:34:37.922;285022
3;04-03-2025 03:29:52.900;04-03-2025 03:34:42.927;290027
3;04-03-2025 03:29:52.900;04-03-2025 03:34:47.933;295033
3;04-03-2025 03:29:52.900;04-03-2025 03:34:52.920;300020
3;04-03-2025 03:29:52.900;04-03-2025 03:34:57.926;305026
3;04-03-2025 03:35:12.903;04-03-2025 03:35:12.956;53
3;04-03-2025 03:35:12.903;04-03-2025 03:35:13.002;99
3;04-03-2025 03:35:12.903;04-03-2025 03:35:17.934;5031
3;04-03-2025 03:35:12.903;04-03-2025 03:35:22.935;10032
3;04-03-2025 03:35:12.903;04-03-2025 03:35:27.925;15022
0;04-03-2025 03:35:05.729;04-03-2025 03:35:31.308;25579
3;04-03-2025 03:35:12.903;04-03-2025 03:35:32.931;20028
1;04-03-2025 03:35:24.429;04-03-2025 03:35:34.032;9603
3;04-03-2025 03:35:12.903;04-03-2025 03:35:37.937;25034
1;04-03-2025 03:35:24.429;04-03-2025 03:35:38.218;13789
3;04-03-2025 03:35:12.903;04-03-2025 03:35:42.926;30023
1;04-03-2025 03:35:24.429;04-03-2025 03:35:46.085;21656
3;04-03-2025 03:35:12.903;04-03-2025 03:35:47.931;35028
1;04-03-2025 03:35:50.899;04-03-2025 03:35:51.907;1008
1;04-03-2025 03:35:50.899;04-03-2025 03:35:55.269;4370
1;04-03-2025 03:35:50.899;04-03-2025 03:36:00.530;9631
3;04-03-2025 03:36:02.899;04-03-2025 03:36:02.973;74
3;04-03-2025 03:36:02.899;04-03-2025 03:36:03.009;110
1;04-03-2025 03:35:50.899;04-03-2025 03:36:03.069;12170
3;04-03-2025 03:36:02.899;04-03-2025 03:36:07.923;5024
1;04-03-2025 03:35:50.899;04-03-2025 03:36:08.268;17369
3;04-03-2025 03:36:02.899;04-03-2025 03:36:12.929;10030
3;04-03-2025 03:36:02.899;04-03-2025 03:36:17.931;15032
2;04-03-2025 03:36:22.144;04-03-2025 03:36:22.420;276
3;04-03-2025 03:36:02.899;04-03-2025 03:36:22.938;20039
3;04-03-2025 03:36:02.899;04-03-2025 03:36:27.926;25027
3;04-03-2025 03:36:02.899;04-03-2025 03:36:32.932;30033
3;04-03-2025 03:36:02.899;04-03-2025 03:36:37.922;35023
3;04-03-2025 03:36:02.899;04-03-2025 03:36:42.925;40026
3;04-03-2025 03:36:02.899;04-03-2025 03:36:47.928;45029
3;04-03-2025 03:36:02.899;04-03-2025 03:36:52.933;50034
3;04-03-2025 03:36:02.899;04-03-2025 03:36:57.922;55023
3;04-03-2025 03:36:02.899;04-03-2025 03:37:02.930;60031
3;04-03-2025 03:36:02.899;04-03-2025 03:37:07.936;65037
3;04-03-2025 03:36:02.899;04-03-2025 03:37:12.957;70058
3;04-03-2025 03:36:02.899;04-03-2025 03:37:17.916;75017
3;04-03-2025 03:36:02.899;04-03-2025 03:37:22.935;80036
3;04-03-2025 03:36:02.899;04-03-2025 03:37:27.926;85027
1;04-03-2025 03:37:25.456;04-03-2025 03:37:31.356;5900
3;04-03-2025 03:36:02.899;04-03-2025 03:37:32.929;90030
3;04-03-2025 03:36:02.899;04-03-2025 03:37:37.937;95038
3;04-03-2025 03:36:02.899;04-03-2025 03:37:42.928;100029
3;04-03-2025 03:36:02.899;04-03-2025 03:37:47.928;105029
3;04-03-2025 03:36:02.899;04-03-2025 03:37:52.934;110035
3;04-03-2025 03:36:02.899;04-03-2025 03:37:57.924;115025
3;04-03-2025 03:36:02.899;04-03-2025 03:38:02.927;120028
3;04-03-2025 03:36:02.899;04-03-2025 03:38:07.933;125034
1;04-03-2025 03:37:25.456;04-03-2025 03:38:11.900;46444
3;04-03-2025 03:36:02.899;04-03-2025 03:38:12.920;130021
1;04-03-2025 03:37:25.456;04-03-2025 03:38:13.279;47823
3;04-03-2025 03:36:02.899;04-03-2025 03:38:17.944;135045
3;04-03-2025 03:36:02.899;04-03-2025 03:38:22.928;140029
3;04-03-2025 03:36:02.899;04-03-2025 03:38:27.936;145037
3;04-03-2025 03:36:02.899;04-03-2025 03:38:32.923;150024
3;04-03-2025 03:36:02.899;04-03-2025 03:38:37.928;155029
3;04-03-2025 03:36:02.899;04-03-2025 03:38:42.933;160034
3;04-03-2025 03:36:02.899;04-03-2025 03:38:47.936;165037
1;04-03-2025 03:37:25.456;04-03-2025 03:38:50.442;84986
3;04-03-2025 03:36:02.899;04-03-2025 03:38:52.941;170042
1;04-03-2025 03:37:25.456;04-03-2025 03:38:54.134;88678
3;04-03-2025 03:36:02.899;04-03-2025 03:38:57.932;175033
3;04-03-2025 03:36:02.899;04-03-2025 03:39:02.923;180024
3;04-03-2025 03:36:02.899;04-03-2025 03:39:07.930;185031
3;04-03-2025 03:36:02.899;04-03-2025 03:39:12.932;190033
3;04-03-2025 03:36:02.899;04-03-2025 03:39:17.936;195037
3;04-03-2025 03:36:02.899;04-03-2025 03:39:22.923;200024
1;04-03-2025 03:39:09.961;04-03-2025 03:39:25.611;15650
3;04-03-2025 03:36:02.899;04-03-2025 03:39:27.930;205031
3;04-03-2025 03:39:42.901;04-03-2025 03:39:42.941;40
3;04-03-2025 03:39:52.970;04-03-2025 03:39:53.023;53
3;04-03-2025 03:39:52.970;04-03-2025 03:39:53.078;108
3;04-03-2025 03:39:52.970;04-03-2025 03:39:57.923;4953
3;04-03-2025 03:39:52.970;04-03-2025 03:40:02.925;9955
3;04-03-2025 03:39:52.970;04-03-2025 03:40:07.932;14962
3;04-03-2025 03:39:52.970;04-03-2025 03:40:12.937;19967
3;04-03-2025 03:39:52.970;04-03-2025 03:40:17.925;24955
3;04-03-2025 03:39:52.970;04-03-2025 03:40:22.932;29962
3;04-03-2025 03:39:52.970;04-03-2025 03:40:27.932;34962
3;04-03-2025 03:39:52.970;04-03-2025 03:40:32.940;39970
3;04-03-2025 03:39:52.970;04-03-2025 03:40:37.931;44961
3;04-03-2025 03:39:52.970;04-03-2025 03:40:42.935;49965
3;04-03-2025 03:39:52.970;04-03-2025 03:40:47.938;54968
3;04-03-2025 03:39:52.970;04-03-2025 03:40:52.972;60002
3;04-03-2025 03:39:52.970;04-03-2025 03:40:57.913;64943
3;04-03-2025 03:39:52.970;04-03-2025 03:41:02.934;69964
2;04-03-2025 03:41:04.821;04-03-2025 03:41:05.169;348
3;04-03-2025 03:39:52.970;04-03-2025 03:41:07.924;74954
3;04-03-2025 03:39:52.970;04-03-2025 03:41:12.932;79962
3;04-03-2025 03:39:52.970;04-03-2025 03:41:17.936;84966
3;04-03-2025 03:39:52.970;04-03-2025 03:41:22.926;89956
3;04-03-2025 03:41:37.901;04-03-2025 03:41:37.940;39
3;04-03-2025 03:41:37.901;04-03-2025 03:41:37.987;86
3;04-03-2025 03:41:37.901;04-03-2025 03:41:42.929;5028
3;04-03-2025 03:41:37.901;04-03-2025 03:41:47.937;10036
3;04-03-2025 03:41:37.901;04-03-2025 03:41:52.925;15024
3;04-03-2025 03:42:07.900;04-03-2025 03:42:07.938;38
3;04-03-2025 03:42:07.900;04-03-2025 03:42:08.002;102
3;04-03-2025 03:42:07.900;04-03-2025 03:42:12.925;5025
3;04-03-2025 03:42:07.900;04-03-2025 03:42:17.932;10032
3;04-03-2025 03:42:07.900;04-03-2025 03:42:22.924;15024
3;04-03-2025 03:42:07.900;04-03-2025 03:42:27.927;20027
3;04-03-2025 03:42:07.900;04-03-2025 03:42:32.934;25034
0;04-03-2025 03:42:33.881;04-03-2025 03:42:37.740;3859
3;04-03-2025 03:42:07.900;04-03-2025 03:42:37.921;30021
3;04-03-2025 03:42:07.900;04-03-2025 03:42:42.966;35066
3;04-03-2025 03:42:07.900;04-03-2025 03:42:47.931;40031
3;04-03-2025 03:42:07.900;04-03-2025 03:42:52.934;45034
3;04-03-2025 03:42:07.900;04-03-2025 03:42:57.925;50025
3;04-03-2025 03:42:07.900;04-03-2025 03:43:02.929;55029
3;04-03-2025 03:42:07.900;04-03-2025 03:43:07.932;60032
3;04-03-2025 03:42:07.900;04-03-2025 03:43:12.924;65024
3;04-03-2025 03:42:07.900;04-03-2025 03:43:17.929;70029
3;04-03-2025 03:43:32.902;04-03-2025 03:43:32.946;44
3;04-03-2025 03:43:32.902;04-03-2025 03:43:32.993;91
3;04-03-2025 03:43:32.902;04-03-2025 03:43:37.936;5034
3;04-03-2025 03:43:32.902;04-03-2025 03:43:42.926;10024
3;04-03-2025 03:43:32.902;04-03-2025 03:43:47.927;15025
1;04-03-2025 03:43:20.354;04-03-2025 03:43:51.505;31151
3;04-03-2025 03:43:32.902;04-03-2025 03:43:52.936;20034
3;04-03-2025 03:43:32.902;04-03-2025 03:43:57.924;25022
2;04-03-2025 03:43:33.154;04-03-2025 03:44:00.524;27370
3;04-03-2025 03:43:32.902;04-03-2025 03:44:02.929;30027
3;04-03-2025 03:43:32.902;04-03-2025 03:44:07.936;35034
3;04-03-2025 03:43:32.902;04-03-2025 03:44:12.939;40037
3;04-03-2025 03:43:32.902;04-03-2025 03:44:17.945;45043
3;04-03-2025 03:43:32.902;04-03-2025 03:44:22.933;50031
3;04-03-2025 03:43:32.902;04-03-2025 03:44:27.935;55033
1;04-03-2025 03:44:17.782;04-03-2025 03:44:32.621;14839
3;04-03-2025 03:43:32.902;04-03-2025 03:44:32.923;60021
1;04-03-2025 03:44:17.782;04-03-2025 03:44:36.284;18502
3;04-03-2025 03:43:32.902;04-03-2025 03:44:37.929;65027
1;04-03-2025 03:44:17.782;04-03-2025 03:44:38.626;20844
3;04-03-2025 03:43:32.902;04-03-2025 03:44:42.932;70030
1;04-03-2025 03:44:17.782;04-03-2025 03:44:45.374;27592
1;04-03-2025 03:44:47.409;04-03-2025 03:44:48.043;634
3;04-03-2025 03:44:57.903;04-03-2025 03:44:57.933;30
3;04-03-2025 03:44:57.903;04-03-2025 03:44:58.008;105
3;04-03-2025 03:44:57.903;04-03-2025 03:45:02.925;5022
3;04-03-2025 03:44:57.903;04-03-2025 03:45:07.930;10027
0;04-03-2025 03:44:54.757;04-03-2025 03:45:10.803;16046
3;04-03-2025 03:44:57.903;04-03-2025 03:45:12.922;15019
3;04-03-2025 03:44:57.903;04-03-2025 03:45:17.922;20019
3;04-03-2025 03:44:57.903;04-03-2025 03:45:22.927;25024
3;04-03-2025 03:44:57.903;04-03-2025 03:45:27.953;30050
0;04-03-2025 03:44:54.757;04-03-2025 03:45:32.613;37856
3;04-03-2025 03:44:57.903;04-03-2025 03:45:32.924;35021
3;04-03-2025 03:45:47.894;04-03-2025 03:45:47.945;51
3;04-03-2025 03:45:47.894;04-03-2025 03:45:52.926;5032
3;04-03-2025 03:45:47.894;04-03-2025 03:45:57.933;10039
3;04-03-2025 03:45:47.894;04-03-2025 03:46:02.923;15029
3;04-03-2025 03:45:47.894;04-03-2025 03:46:07.929;20035
3;04-03-2025 03:45:47.894;04-03-2025 03:46:12.932;25038
3;04-03-2025 03:45:47.894;04-03-2025 03:46:17.954;30060
3;04-03-2025 03:45:47.894;04-03-2025 03:46:22.923;35029
3;04-03-2025 03:45:47.894;04-03-2025 03:46:27.931;40037
3;04-03-2025 03:45:47.894;04-03-2025 03:46:32.935;45041
3;04-03-2025 03:45:47.894;04-03-2025 03:46:37.926;50032
3;04-03-2025 03:45:47.894;04-03-2025 03:46:42.927;55033
1;04-03-2025 03:45:06.897;04-03-2025 03:46:47.364;100467
3;04-03-2025 03:45:47.894;04-03-2025 03:46:47.931;60037
1;04-03-2025 03:45:06.897;04-03-2025 03:46:50.552;103655
3;04-03-2025 03:45:47.894;04-03-2025 03:46:52.922;65028
3;04-03-2025 03:45:47.894;04-03-2025 03:46:57.927;70033
3;04-03-2025 03:45:47.894;04-03-2025 03:47:02.933;75039
3;04-03-2025 03:45:47.894;04-03-2025 03:47:07.921;80027
1;04-03-2025 03:45:06.897;04-03-2025 03:47:12.417;125520
3;04-03-2025 03:45:47.894;04-03-2025 03:47:12.924;85030
2;04-03-2025 03:46:39.585;04-03-2025 03:47:15.829;36244
3;04-03-2025 03:45:47.894;04-03-2025 03:47:17.949;90055
3;04-03-2025 03:45:47.894;04-03-2025 03:47:22.936;95042
3;04-03-2025 03:45:47.894;04-03-2025 03:47:27.921;100027
3;04-03-2025 03:47:42.898;04-03-2025 03:47:42.932;34
3;04-03-2025 03:47:42.898;04-03-2025 03:47:42.965;67
2;04-03-2025 03:47:35.093;04-03-2025 03:47:46.252;11159
1;04-03-2025 03:47:25.071;04-03-2025 03:47:46.348;21277
3;04-03-2025 03:47:42.898;04-03-2025 03:47:47.923;5025
3;04-03-2025 03:47:42.898;04-03-2025 03:47:52.929;10031
1;04-03-2025 03:47:25.071;04-03-2025 03:47:53.003;27932
2;04-03-2025 03:47:35.093;04-03-2025 03:47:57.816;22723
3;04-03-2025 03:47:42.898;04-03-2025 03:47:57.934;15036
3;04-03-2025 03:47:42.898;04-03-2025 03:48:02.920;20022
3;04-03-2025 03:47:42.898;04-03-2025 03:48:07.928;25030
3;04-03-2025 03:47:42.898;04-03-2025 03:48:12.930;30032
3;04-03-2025 03:47:42.898;04-03-2025 03:48:17.921;35023
3;04-03-2025 03:47:42.898;04-03-2025 03:48:22.925;40027
3;04-03-2025 03:47:42.898;04-03-2025 03:48:27.930;45032
3;04-03-2025 03:47:42.898;04-03-2025 03:48:32.919;50021
3;04-03-2025 03:47:42.898;04-03-2025 03:48:37.924;55026
3;04-03-2025 03:47:42.898;04-03-2025 03:48:42.929;60031
3;04-03-2025 03:47:42.898;04-03-2025 03:48:47.934;65036
3;04-03-2025 03:47:42.898;04-03-2025 03:48:52.923;70025
3;04-03-2025 03:47:42.898;04-03-2025 03:48:57.928;75030
1;04-03-2025 03:48:42.511;04-03-2025 03:49:00.563;18052
3;04-03-2025 03:47:42.898;04-03-2025 03:49:02.920;80022
3;04-03-2025 03:47:42.898;04-03-2025 03:49:07.925;85027
3;04-03-2025 03:47:42.898;04-03-2025 03:49:12.946;90048
3;04-03-2025 03:47:42.898;04-03-2025 03:49:17.920;95022
3;04-03-2025 03:47:42.898;04-03-2025 03:49:22.922;100024
3;04-03-2025 03:47:42.898;04-03-2025 03:49:27.926;105028
3;04-03-2025 03:47:42.898;04-03-2025 03:49:32.933;110035
3;04-03-2025 03:47:42.898;04-03-2025 03:49:37.937;115039
2;04-03-2025 03:49:32.072;04-03-2025 03:49:40.268;8196
3;04-03-2025 03:47:42.898;04-03-2025 03:49:42.922;120024
3;04-03-2025 03:47:42.898;04-03-2025 03:49:47.930;125032
3;04-03-2025 03:47:42.898;04-03-2025 03:49:52.920;130022
3;04-03-2025 03:47:42.898;04-03-2025 03:49:57.968;135070
3;04-03-2025 03:50:12.906;04-03-2025 03:50:12.958;52
3;04-03-2025 03:50:12.906;04-03-2025 03:50:13.004;98
3;04-03-2025 03:50:12.906;04-03-2025 03:50:17.930;5024
1;04-03-2025 03:49:51.023;04-03-2025 03:50:21.609;30586
2;04-03-2025 03:50:20.846;04-03-2025 03:50:21.663;817
3;04-03-2025 03:50:12.906;04-03-2025 03:50:22.938;10032
2;04-03-2025 03:50:20.846;04-03-2025 03:50:23.115;2269
3;04-03-2025 03:50:12.906;04-03-2025 03:50:27.963;15057
1;04-03-2025 03:49:51.023;04-03-2025 03:50:30.621;39598
2;04-03-2025 03:50:20.846;04-03-2025 03:50:30.734;9888
3;04-03-2025 03:50:12.906;04-03-2025 03:50:32.928;20022
1;04-03-2025 03:49:51.023;04-03-2025 03:50:36.784;45761
3;04-03-2025 03:50:12.906;04-03-2025 03:50:37.933;25027
1;04-03-2025 03:49:51.023;04-03-2025 03:50:40.855;49832
3;04-03-2025 03:50:12.906;04-03-2025 03:50:42.939;30033
1;04-03-2025 03:49:51.023;04-03-2025 03:50:44.868;53845
3;04-03-2025 03:50:12.906;04-03-2025 03:50:47.928;35022
1;04-03-2025 03:49:51.023;04-03-2025 03:50:48.144;57121
2;04-03-2025 03:50:35.284;04-03-2025 03:50:48.184;12900
3;04-03-2025 03:50:12.906;04-03-2025 03:50:52.929;40023
3;04-03-2025 03:50:12.906;04-03-2025 03:50:57.935;45029
3;04-03-2025 03:51:12.899;04-03-2025 03:51:12.965;66
3;04-03-2025 03:51:12.899;04-03-2025 03:51:13.027;128
1;04-03-2025 03:51:01.864;04-03-2025 03:51:16.699;14835
3;04-03-2025 03:51:12.899;04-03-2025 03:51:17.922;5023
3;04-03-2025 03:51:12.899;04-03-2025 03:51:22.926;10027
0;04-03-2025 03:51:08.157;04-03-2025 03:51:25.888;17731
3;04-03-2025 03:51:12.899;04-03-2025 03:51:27.932;15033
3;04-03-2025 03:51:12.899;04-03-2025 03:51:32.937;20038
2;04-03-2025 03:51:16.461;04-03-2025 03:51:35.937;19476
0;04-03-2025 03:51:30.665;04-03-2025 03:51:36.045;5380
3;04-03-2025 03:51:12.899;04-03-2025 03:51:37.923;25024
0;04-03-2025 03:51:30.665;04-03-2025 03:51:38.285;7620
2;04-03-2025 03:51:16.461;04-03-2025 03:51:38.445;21984
3;04-03-2025 03:51:12.899;04-03-2025 03:51:42.929;30030
0;04-03-2025 03:51:44.949;04-03-2025 03:51:45.803;854
3;04-03-2025 03:51:12.899;04-03-2025 03:51:47.933;35034
3;04-03-2025 03:51:12.899;04-03-2025 03:51:52.939;40040
3;04-03-2025 03:51:12.899;04-03-2025 03:51:57.928;45029
3;04-03-2025 03:51:12.899;04-03-2025 03:52:02.930;50031
3;04-03-2025 03:51:12.899;04-03-2025 03:52:07.919;55020
3;04-03-2025 03:51:12.899;04-03-2025 03:52:12.925;60026
3;04-03-2025 03:51:12.899;04-03-2025 03:52:17.930;65031
3;04-03-2025 03:51:12.899;04-03-2025 03:52:22.932;70033
3;04-03-2025 03:52:37.899;04-03-2025 03:52:37.950;51
3;04-03-2025 03:52:37.899;04-03-2025 03:52:37.997;98
2;04-03-2025 03:52:30.935;04-03-2025 03:52:40.896;9961
3;04-03-2025 03:52:37.899;04-03-2025 03:52:42.924;5025
3;04-03-2025 03:52:37.899;04-03-2025 03:52:47.929;10030
3;04-03-2025 03:52:37.899;04-03-2025 03:52:52.936;15037
1;04-03-2025 03:52:51.457;04-03-2025 03:52:54.193;2736
3;04-03-2025 03:52:37.899;04-03-2025 03:52:57.923;20024
1;04-03-2025 03:52:51.457;04-03-2025 03:52:58.301;6844
3;04-03-2025 03:52:37.899;04-03-2025 03:53:02.929;25030
2;04-03-2025 03:52:50.297;04-03-2025 03:53:05.211;14914
1;04-03-2025 03:53:05.311;04-03-2025 03:53:05.547;236
3;04-03-2025 03:52:37.899;04-03-2025 03:53:07.933;30034
1;04-03-2025 03:53:05.311;04-03-2025 03:53:11.216;5905
3;04-03-2025 03:52:37.899;04-03-2025 03:53:12.925;35026
3;04-03-2025 03:52:37.899;04-03-2025 03:53:17.931;40032
3;04-03-2025 03:52:37.899;04-03-2025 03:53:22.920;45021
1;04-03-2025 03:53:05.311;04-03-2025 03:53:25.938;20627
3;04-03-2025 03:52:37.899;04-03-2025 03:53:27.912;50013
1;04-03-2025 03:53:05.311;04-03-2025 03:53:28.066;22755
2;04-03-2025 03:53:23.592;04-03-2025 03:53:30.802;7210
3;04-03-2025 03:53:42.898;04-03-2025 03:53:42.946;48
3;04-03-2025 03:53:42.898;04-03-2025 03:53:42.993;95
3;04-03-2025 03:53:42.898;04-03-2025 03:53:47.934;5036
3;04-03-2025 03:53:42.898;04-03-2025 03:53:52.924;10026
3;04-03-2025 03:53:42.898;04-03-2025 03:53:57.929;15031
3;04-03-2025 03:53:42.898;04-03-2025 03:54:02.919;20021
3;04-03-2025 03:53:42.898;04-03-2025 03:54:07.927;25029
3;04-03-2025 03:53:42.898;04-03-2025 03:54:12.931;30033
3;04-03-2025 03:53:42.898;04-03-2025 03:54:17.920;35022
3;04-03-2025 03:53:42.898;04-03-2025 03:54:22.925;40027
3;04-03-2025 03:53:42.898;04-03-2025 03:54:27.933;45035
3;04-03-2025 03:53:42.898;04-03-2025 03:54:32.937;50039
3;04-03-2025 03:53:42.898;04-03-2025 03:54:37.924;55026
2;04-03-2025 03:54:00.178;04-03-2025 03:54:41.598;41420
3;04-03-2025 03:53:42.898;04-03-2025 03:54:42.930;60032
3;04-03-2025 03:53:42.898;04-03-2025 03:54:47.920;65022
3;04-03-2025 03:53:42.898;04-03-2025 03:54:52.925;70027
0;04-03-2025 03:54:57.122;04-03-2025 03:54:57.782;660
3;04-03-2025 03:53:42.898;04-03-2025 03:54:57.931;75033
3;04-03-2025 03:53:42.898;04-03-2025 03:55:02.935;80037
3;04-03-2025 03:53:42.898;04-03-2025 03:55:07.923;85025
3;04-03-2025 03:53:42.898;04-03-2025 03:55:12.929;90031
3;04-03-2025 03:53:42.898;04-03-2025 03:55:17.932;95034
3;04-03-2025 03:53:42.898;04-03-2025 03:55:22.926;100028
1;04-03-2025 03:54:56.582;04-03-2025 03:55:29.521;32939
1;04-03-2025 03:54:56.582;04-03-2025 03:55:35.277;38695
2;04-03-2025 03:54:48.042;04-03-2025 03:55:35.309;47267
3;04-03-2025 03:55:37.898;04-03-2025 03:55:37.940;42
3;04-03-2025 03:55:37.898;04-03-2025 03:55:38.015;117
1;04-03-2025 03:54:56.582;04-03-2025 03:55:40.813;44231
3;04-03-2025 03:55:37.898;04-03-2025 03:55:42.926;5028
1;04-03-2025 03:54:56.582;04-03-2025 03:55:45.257;48675
2;04-03-2025 03:54:48.042;04-03-2025 03:55:45.557;57515
3;04-03-2025 03:55:37.898;04-03-2025 03:55:47.934;10036
0;04-03-2025 03:55:50.283;04-03-2025 03:55:50.544;261
2;04-03-2025 03:54:48.042;04-03-2025 03:55:50.599;62557
1;04-03-2025 03:54:56.582;04-03-2025 03:55:51.013;54431
3;04-03-2025 03:55:37.898;04-03-2025 03:55:52.924;15026
1;04-03-2025 03:54:56.582;04-03-2025 03:55:53.072;56490
3;04-03-2025 03:55:37.898;04-03-2025 03:55:57.928;20030
3;04-03-2025 03:55:37.898;04-03-2025 03:56:02.935;25037
3;04-03-2025 03:55:37.898;04-03-2025 03:56:07.922;30024
1;04-03-2025 03:54:56.582;04-03-2025 03:56:10.236;73654
3;04-03-2025 03:55:37.898;04-03-2025 03:56:12.926;35028
2;04-03-2025 03:55:51.183;04-03-2025 03:56:15.128;23945
3;04-03-2025 03:55:37.898;04-03-2025 03:56:17.934;40036
2;04-03-2025 03:56:15.240;04-03-2025 03:56:22.755;7515
3;04-03-2025 03:55:37.898;04-03-2025 03:56:22.935;45037
3;04-03-2025 03:55:37.898;04-03-2025 03:56:27.948;50050
3;04-03-2025 03:55:37.898;04-03-2025 03:56:32.924;55026
3;04-03-2025 03:55:37.898;04-03-2025 03:56:37.932;60034
1;04-03-2025 03:56:13.885;04-03-2025 03:56:41.376;27491
3;04-03-2025 03:55:37.898;04-03-2025 03:56:42.936;65038
3;04-03-2025 03:55:37.898;04-03-2025 03:56:47.937;70039
2;04-03-2025 03:56:15.240;04-03-2025 03:56:50.522;35282
1;04-03-2025 03:56:13.885;04-03-2025 03:56:50.724;36839
3;04-03-2025 03:55:37.898;04-03-2025 03:56:52.924;75026
3;04-03-2025 03:55:37.898;04-03-2025 03:56:57.930;80032
1;04-03-2025 03:56:13.885;04-03-2025 03:57:00.499;46614
3;04-03-2025 03:55:37.898;04-03-2025 03:57:02.918;85020
0;04-03-2025 03:56:55.642;04-03-2025 03:57:05.728;10086
3;04-03-2025 03:55:37.898;04-03-2025 03:57:07.923;90025
1;04-03-2025 03:56:13.885;04-03-2025 03:57:10.428;56543
3;04-03-2025 03:55:37.898;04-03-2025 03:57:12.928;95030
1;04-03-2025 03:56:13.885;04-03-2025 03:57:17.605;63720
3;04-03-2025 03:55:37.898;04-03-2025 03:57:17.933;100035
3;04-03-2025 03:55:37.898;04-03-2025 03:57:22.967;105069
3;04-03-2025 03:55:37.898;04-03-2025 03:57:27.926;110028
3;04-03-2025 03:55:37.898;04-03-2025 03:57:32.929;115031
2;04-03-2025 03:56:15.240;04-03-2025 03:57:35.034;79794
3;04-03-2025 03:55:37.898;04-03-2025 03:57:37.933;120035
3;04-03-2025 03:55:37.898;04-03-2025 03:57:42.922;125024
1;04-03-2025 03:57:20.841;04-03-2025 03:57:44.069;23228
3;04-03-2025 03:55:37.898;04-03-2025 03:57:47.940;130042
1;04-03-2025 03:57:20.841;04-03-2025 03:57:51.564;30723
2;04-03-2025 03:56:15.240;04-03-2025 03:57:51.596;96356
3;04-03-2025 03:55:37.898;04-03-2025 03:57:52.931;135033
1;04-03-2025 03:57:20.841;04-03-2025 03:57:55.020;34179
2;04-03-2025 03:56:15.240;04-03-2025 03:57:55.596;100356
3;04-03-2025 03:55:37.898;04-03-2025 03:57:57.920;140022
3;04-03-2025 03:55:37.898;04-03-2025 03:58:02.924;145026
3;04-03-2025 03:55:37.898;04-03-2025 03:58:07.927;150029
3;04-03-2025 03:55:37.898;04-03-2025 03:58:12.918;155020
1;04-03-2025 03:57:20.841;04-03-2025 03:58:15.948;55107
2;04-03-2025 03:56:15.240;04-03-2025 03:58:16.732;121492
3;04-03-2025 03:55:37.898;04-03-2025 03:58:17.923;160025
1;04-03-2025 03:57:20.841;04-03-2025 03:58:19.404;58563
3;04-03-2025 03:55:37.898;04-03-2025 03:58:22.928;165030
1;04-03-2025 03:57:20.841;04-03-2025 03:58:27.207;66366
3;04-03-2025 03:55:37.898;04-03-2025 03:58:27.934;170036
1;04-03-2025 03:57:20.841;04-03-2025 03:58:30.599;69758
3;04-03-2025 03:55:37.898;04-03-2025 03:58:32.921;175023
3;04-03-2025 03:58:47.894;04-03-2025 03:58:47.922;28
3;04-03-2025 03:58:47.894;04-03-2025 03:58:52.929;5035
3;04-03-2025 03:58:47.894;04-03-2025 03:58:57.934;10040
3;04-03-2025 03:58:47.894;04-03-2025 03:59:02.921;15027
3;04-03-2025 03:58:47.894;04-03-2025 03:59:07.910;20016
1;04-03-2025 03:57:20.841;04-03-2025 03:59:12.428;111587
3;04-03-2025 03:58:47.894;04-03-2025 03:59:12.930;25036
3;04-03-2025 03:58:47.894;04-03-2025 03:59:17.936;30042
3;04-03-2025 03:58:47.894;04-03-2025 03:59:22.926;35032
2;04-03-2025 03:56:15.240;04-03-2025 03:59:25.191;189951
3;04-03-2025 03:58:47.894;04-03-2025 03:59:27.931;40037
3;04-03-2025 03:58:47.894;04-03-2025 03:59:32.922;45028
3;04-03-2025 03:58:47.894;04-03-2025 03:59:37.927;50033
3;04-03-2025 03:58:47.894;04-03-2025 03:59:42.918;55024
3;04-03-2025 03:58:47.894;04-03-2025 03:59:47.943;60049
3;04-03-2025 03:58:47.894;04-03-2025 03:59:52.927;65033
3;04-03-2025 03:58:47.894;04-03-2025 03:59:57.935;70041
3;04-03-2025 03:58:47.894;04-03-2025 04:00:02.921;75027
3;04-03-2025 03:58:47.894;04-03-2025 04:00:07.937;80043
3;04-03-2025 03:58:47.894;04-03-2025 04:00:12.943;85049
2;04-03-2025 04:00:15.146;04-03-2025 04:00:16.140;994
3;04-03-2025 03:58:47.894;04-03-2025 04:00:17.923;90029
0;04-03-2025 04:00:17.631;04-03-2025 04:00:20.984;3353
3;04-03-2025 03:58:47.894;04-03-2025 04:00:22.931;95037
3;04-03-2025 03:58:47.894;04-03-2025 04:00:27.935;100041
3;04-03-2025 03:58:47.894;04-03-2025 04:00:32.927;105033
3;04-03-2025 03:58:47.894;04-03-2025 04:00:37.933;110039
3;04-03-2025 03:58:47.894;04-03-2025 04:00:42.924;115030
1;04-03-2025 04:00:18.105;04-03-2025 04:00:45.669;27564
3;04-03-2025 03:58:47.894;04-03-2025 04:00:47.929;120035
2;04-03-2025 04:00:45.170;04-03-2025 04:00:50.195;5025
1;04-03-2025 04:00:18.105;04-03-2025 04:00:52.593;34488
3;04-03-2025 03:58:47.894;04-03-2025 04:00:52.936;125042
3;04-03-2025 03:58:47.894;04-03-2025 04:00:57.926;130032
3;04-03-2025 03:58:47.894;04-03-2025 04:01:02.930;135036
3;04-03-2025 03:58:47.894;04-03-2025 04:01:07.935;140041
3;04-03-2025 03:58:47.894;04-03-2025 04:01:12.939;145045
3;04-03-2025 03:58:47.894;04-03-2025 04:01:17.929;150035
3;04-03-2025 03:58:47.894;04-03-2025 04:01:22.936;155042
3;04-03-2025 03:58:47.894;04-03-2025 04:01:27.923;160029
3;04-03-2025 03:58:47.894;04-03-2025 04:01:32.928;165034
3;04-03-2025 03:58:47.894;04-03-2025 04:01:37.937;170043
3;04-03-2025 03:58:47.894;04-03-2025 04:01:42.925;175031
3;04-03-2025 03:58:47.894;04-03-2025 04:01:47.926;180032
3;04-03-2025 03:58:47.894;04-03-2025 04:01:52.936;185042
3;04-03-2025 03:58:47.894;04-03-2025 04:01:57.923;190029
3;04-03-2025 03:58:47.894;04-03-2025 04:02:02.926;195032
3;04-03-2025 03:58:47.894;04-03-2025 04:02:07.947;200053
2;04-03-2025 04:01:17.997;04-03-2025 04:02:10.416;52419
3;04-03-2025 03:58:47.894;04-03-2025 04:02:12.934;205040
3;04-03-2025 03:58:47.894;04-03-2025 04:02:17.935;210041
3;04-03-2025 03:58:47.894;04-03-2025 04:02:22.924;215030
3;04-03-2025 03:58:47.894;04-03-2025 04:02:27.928;220034
3;04-03-2025 03:58:47.894;04-03-2025 04:02:32.934;225040
3;04-03-2025 03:58:47.894;04-03-2025 04:02:37.943;230049
3;04-03-2025 03:58:47.894;04-03-2025 04:02:42.930;235036
3;04-03-2025 03:58:47.894;04-03-2025 04:02:47.934;240040
1;04-03-2025 04:02:34.014;04-03-2025 04:02:48.882;14868
3;04-03-2025 03:58:47.894;04-03-2025 04:02:52.923;245029
1;04-03-2025 04:02:34.014;04-03-2025 04:02:56.927;22913
2;04-03-2025 04:02:55.217;04-03-2025 04:02:56.958;1741
3;04-03-2025 03:58:47.894;04-03-2025 04:02:57.950;250056
3;04-03-2025 03:58:47.894;04-03-2025 04:03:02.927;255033
3;04-03-2025 03:58:47.894;04-03-2025 04:03:07.933;260039
3;04-03-2025 03:58:47.894;04-03-2025 04:03:12.924;265030
3;04-03-2025 03:58:47.894;04-03-2025 04:03:17.936;270042
3;04-03-2025 03:58:47.894;04-03-2025 04:03:22.926;275032
3;04-03-2025 03:58:47.894;04-03-2025 04:03:27.932;280038
3;04-03-2025 03:58:47.894;04-03-2025 04:03:32.921;285027
3;04-03-2025 03:58:47.894;04-03-2025 04:03:37.928;290034
3;04-03-2025 03:58:47.894;04-03-2025 04:03:42.920;295026
3;04-03-2025 03:58:47.894;04-03-2025 04:03:47.943;300049
3;04-03-2025 13:16:37.912;04-03-2025 13:16:42.918;5006
3;04-03-2025 13:16:37.912;04-03-2025 13:16:47.940;10028
3;04-03-2025 13:16:37.912;04-03-2025 13:16:52.926;15014
3;04-03-2025 13:16:37.912;04-03-2025 13:16:57.933;20021
3;04-03-2025 13:16:37.912;04-03-2025 13:17:02.922;25010
3;04-03-2025 13:16:37.912;04-03-2025 13:17:07.924;30012
3;04-03-2025 13:16:37.912;04-03-2025 13:17:12.914;35002
3;04-03-2025 13:16:37.912;04-03-2025 13:17:17.933;40021
3;04-03-2025 13:16:37.912;04-03-2025 13:17:22.937;45025
3;04-03-2025 13:16:37.912;04-03-2025 13:17:27.927;50015
3;04-03-2025 13:17:42.900;04-03-2025 13:17:42.962;62
3;04-03-2025 13:17:42.900;04-03-2025 13:17:43.008;108
3;04-03-2025 13:17:42.900;04-03-2025 13:17:47.954;5054
3;04-03-2025 13:17:42.900;04-03-2025 13:17:52.926;10026
3;04-03-2025 13:17:42.900;04-03-2025 13:17:57.931;15031
1;04-03-2025 13:17:54.677;04-03-2025 13:17:57.978;3301
3;04-03-2025 13:17:42.900;04-03-2025 13:18:02.936;20036
3;04-03-2025 13:17:42.900;04-03-2025 13:18:07.927;25027
3;04-03-2025 13:18:22.900;04-03-2025 13:18:22.940;40
3;04-03-2025 13:18:22.900;04-03-2025 13:18:22.988;88
3;04-03-2025 13:18:22.900;04-03-2025 13:18:27.927;5027
3;04-03-2025 13:18:22.900;04-03-2025 13:18:32.949;10049
3;04-03-2025 13:18:22.900;04-03-2025 13:18:37.925;15025
3;04-03-2025 13:18:22.900;04-03-2025 13:18:42.911;20011
3;04-03-2025 13:18:22.900;04-03-2025 13:18:47.935;25035
3;04-03-2025 13:18:22.900;04-03-2025 13:18:52.939;30039
3;04-03-2025 13:18:22.900;04-03-2025 13:18:57.925;35025
3;04-03-2025 13:18:22.900;04-03-2025 13:19:02.932;40032
3;04-03-2025 13:18:22.900;04-03-2025 13:19:07.932;45032
3;04-03-2025 13:18:22.900;04-03-2025 13:19:12.938;50038
3;04-03-2025 13:18:22.900;04-03-2025 13:19:17.926;55026
3;04-03-2025 13:18:22.900;04-03-2025 13:19:22.932;60032
3;04-03-2025 13:18:22.900;04-03-2025 13:19:27.923;65023
3;04-03-2025 13:18:22.900;04-03-2025 13:19:32.931;70031
3;04-03-2025 13:18:22.900;04-03-2025 13:19:37.916;75016
3;04-03-2025 13:18:22.900;04-03-2025 13:19:42.931;80031
3;04-03-2025 13:18:22.900;04-03-2025 13:19:47.938;85038
3;04-03-2025 13:18:22.900;04-03-2025 13:19:52.927;90027
3;04-03-2025 13:18:22.900;04-03-2025 13:19:57.931;95031
3;04-03-2025 13:18:22.900;04-03-2025 13:20:02.922;100022
3;04-03-2025 13:18:22.900;04-03-2025 13:20:07.925;105025
3;04-03-2025 13:18:22.900;04-03-2025 13:20:12.928;110028
3;04-03-2025 13:18:22.900;04-03-2025 13:20:17.922;115022
3;04-03-2025 13:18:22.900;04-03-2025 13:20:22.929;120029
3;04-03-2025 13:18:22.900;04-03-2025 13:20:27.929;125029
0;04-03-2025 13:20:29.358;04-03-2025 13:20:30.451;1093
3;04-03-2025 13:18:22.900;04-03-2025 13:20:32.921;130021
1;04-03-2025 13:20:24.347;04-03-2025 13:20:35.363;11016
1;04-03-2025 13:20:35.606;04-03-2025 13:20:42.010;6404
2;04-03-2025 13:20:16.470;04-03-2025 13:20:42.813;26343
3;04-03-2025 13:20:47.896;04-03-2025 13:20:47.935;39
3;04-03-2025 13:20:47.896;04-03-2025 13:20:52.925;5029
3;04-03-2025 13:20:47.896;04-03-2025 13:20:57.963;10067
3;04-03-2025 13:20:47.896;04-03-2025 13:21:02.935;15039
2;04-03-2025 13:20:53.590;04-03-2025 13:21:05.849;12259
0;04-03-2025 13:21:02.043;04-03-2025 13:21:07.314;5271
3;04-03-2025 13:20:47.896;04-03-2025 13:21:07.933;20037
3;04-03-2025 13:20:47.896;04-03-2025 13:21:12.925;25029
0;04-03-2025 13:21:02.043;04-03-2025 13:21:14.947;12904
2;04-03-2025 13:20:53.590;04-03-2025 13:21:15.981;22391
1;04-03-2025 13:20:59.770;04-03-2025 13:21:16.128;16358
3;04-03-2025 13:20:47.896;04-03-2025 13:21:17.935;30039
1;04-03-2025 13:20:59.770;04-03-2025 13:21:18.067;18297
2;04-03-2025 13:20:53.590;04-03-2025 13:21:20.741;27151
3;04-03-2025 13:20:47.896;04-03-2025 13:21:22.935;35039
0;04-03-2025 13:21:02.043;04-03-2025 13:21:25.456;23413
3;04-03-2025 13:20:47.896;04-03-2025 13:21:27.935;40039
0;04-03-2025 13:21:02.043;04-03-2025 13:21:28.513;26470
3;04-03-2025 13:20:47.896;04-03-2025 13:21:32.929;45033
3;04-03-2025 13:20:47.896;04-03-2025 13:21:37.931;50035
0;04-03-2025 13:21:33.724;04-03-2025 13:21:39.403;5679
0;04-03-2025 13:21:33.724;04-03-2025 13:21:46.239;12515
1;04-03-2025 13:21:22.094;04-03-2025 13:21:55.732;33638
1;04-03-2025 13:21:22.094;04-03-2025 13:22:00.311;38217
3;04-03-2025 13:22:02.921;04-03-2025 13:22:03.005;84
3;04-03-2025 13:22:02.921;04-03-2025 13:22:03.042;121
3;04-03-2025 13:22:02.921;04-03-2025 13:22:03.101;180
1;04-03-2025 13:21:22.094;04-03-2025 13:22:06.142;44048
0;04-03-2025 13:22:04.385;04-03-2025 13:22:07.415;3030
3;04-03-2025 13:22:02.921;04-03-2025 13:22:07.922;5001
1;04-03-2025 13:21:22.094;04-03-2025 13:22:07.935;45841
0;04-03-2025 13:22:04.385;04-03-2025 13:22:11.000;6615
3;04-03-2025 13:22:02.921;04-03-2025 13:22:12.937;10016
3;04-03-2025 13:22:02.921;04-03-2025 13:22:17.936;15015
3;04-03-2025 13:22:02.921;04-03-2025 13:22:22.941;20020
1;04-03-2025 13:21:22.094;04-03-2025 13:22:27.514;65420
1;04-03-2025 13:21:22.094;04-03-2025 13:22:28.059;65965
0;04-03-2025 13:22:04.385;04-03-2025 13:22:30.936;26551
1;04-03-2025 13:21:22.094;04-03-2025 13:22:33.202;71108
0;04-03-2025 13:22:04.385;04-03-2025 13:22:35.748;31363
3;04-03-2025 13:22:37.902;04-03-2025 13:22:37.944;42
3;04-03-2025 13:22:37.902;04-03-2025 13:22:37.992;90
1;04-03-2025 13:21:22.094;04-03-2025 13:22:38.721;76627
0;04-03-2025 13:22:04.385;04-03-2025 13:22:42.640;38255
3;04-03-2025 13:22:37.902;04-03-2025 13:22:42.933;5031
1;04-03-2025 13:22:40.110;04-03-2025 13:22:43.167;3057
3;04-03-2025 13:22:37.902;04-03-2025 13:22:47.936;10034
1;04-03-2025 13:22:46.632;04-03-2025 13:22:47.979;1347
3;04-03-2025 13:22:37.902;04-03-2025 13:22:52.940;15038
3;04-03-2025 13:22:37.902;04-03-2025 13:22:57.930;20028
0;04-03-2025 13:22:04.385;04-03-2025 13:23:01.263;56878
3;04-03-2025 13:22:37.902;04-03-2025 13:23:02.934;25032
0;04-03-2025 13:22:04.385;04-03-2025 13:23:05.388;61003
1;04-03-2025 13:22:46.632;04-03-2025 13:23:06.669;20037
3;04-03-2025 13:22:37.902;04-03-2025 13:23:07.923;30021
0;04-03-2025 13:22:04.385;04-03-2025 13:23:08.006;63621
3;04-03-2025 13:22:37.902;04-03-2025 13:23:12.931;35029
0;04-03-2025 13:22:04.385;04-03-2025 13:23:13.314;68929
1;04-03-2025 13:22:46.632;04-03-2025 13:23:15.339;28707
3;04-03-2025 13:22:37.902;04-03-2025 13:23:17.951;40049
1;04-03-2025 13:22:46.632;04-03-2025 13:23:18.023;31391
0;04-03-2025 13:22:04.385;04-03-2025 13:23:18.103;73718
3;04-03-2025 13:22:37.902;04-03-2025 13:23:22.933;45031
0;04-03-2025 13:22:04.385;04-03-2025 13:23:22.942;78557
1;04-03-2025 13:22:46.632;04-03-2025 13:23:25.738;39106
3;04-03-2025 13:22:37.902;04-03-2025 13:23:27.924;50022
0;04-03-2025 13:22:04.385;04-03-2025 13:23:28.399;84014
3;04-03-2025 13:22:37.902;04-03-2025 13:23:32.940;55038
0;04-03-2025 13:22:04.385;04-03-2025 13:23:33.337;88952
1;04-03-2025 13:22:46.632;04-03-2025 13:23:34.889;48257
3;04-03-2025 13:22:37.902;04-03-2025 13:23:37.930;60028
1;04-03-2025 13:22:46.632;04-03-2025 13:23:38.372;51740
3;04-03-2025 13:22:37.902;04-03-2025 13:23:42.932;65030
1;04-03-2025 13:22:46.632;04-03-2025 13:23:44.965;58333
0;04-03-2025 13:22:04.385;04-03-2025 13:23:45.038;100653
3;04-03-2025 13:22:37.902;04-03-2025 13:23:47.938;70036
1;04-03-2025 13:22:46.632;04-03-2025 13:23:47.980;61348
0;04-03-2025 13:22:04.385;04-03-2025 13:23:48.076;103691
3;04-03-2025 13:22:37.902;04-03-2025 13:23:52.925;75023
1;04-03-2025 13:22:46.632;04-03-2025 13:23:53.061;66429
0;04-03-2025 13:22:04.385;04-03-2025 13:23:53.815;109430
3;04-03-2025 13:22:37.902;04-03-2025 13:23:57.929;80027
0;04-03-2025 13:22:04.385;04-03-2025 13:23:58.852;114467
1;04-03-2025 13:22:46.632;04-03-2025 13:24:00.658;74026
3;04-03-2025 13:22:37.902;04-03-2025 13:24:02.933;85031
1;04-03-2025 13:22:46.632;04-03-2025 13:24:03.025;76393
0;04-03-2025 13:22:04.385;04-03-2025 13:24:03.097;118712
3;04-03-2025 13:22:37.902;04-03-2025 13:24:07.938;90036
0;04-03-2025 13:22:04.385;04-03-2025 13:24:08.167;123782
1;04-03-2025 13:22:46.632;04-03-2025 13:24:10.007;83375
3;04-03-2025 13:22:37.902;04-03-2025 13:24:12.928;95026
0;04-03-2025 13:22:04.385;04-03-2025 13:24:13.089;128704
1;04-03-2025 13:22:46.632;04-03-2025 13:24:15.251;88619
3;04-03-2025 13:22:37.902;04-03-2025 13:24:17.935;100033
1;04-03-2025 13:22:46.632;04-03-2025 13:24:20.115;93483
0;04-03-2025 13:22:04.385;04-03-2025 13:24:20.732;136347
3;04-03-2025 13:22:37.902;04-03-2025 13:24:22.924;105022
0;04-03-2025 13:22:04.385;04-03-2025 13:24:23.290;138905
1;04-03-2025 13:22:46.632;04-03-2025 13:24:24.070;97438
3;04-03-2025 13:22:37.902;04-03-2025 13:24:27.928;110026
0;04-03-2025 13:22:04.385;04-03-2025 13:24:27.985;143600
1;04-03-2025 13:22:46.632;04-03-2025 13:24:28.193;101561
0;04-03-2025 13:22:04.385;04-03-2025 13:24:32.986;148601
1;04-03-2025 13:22:46.632;04-03-2025 13:24:35.614;108982
1;04-03-2025 13:22:46.632;04-03-2025 13:24:37.957;111325
0;04-03-2025 13:22:04.385;04-03-2025 13:24:40.262;155877
3;04-03-2025 13:24:42.900;04-03-2025 13:24:42.937;37
1;04-03-2025 13:22:46.632;04-03-2025 13:24:42.964;116332
3;04-03-2025 13:24:42.900;04-03-2025 13:24:42.972;72
0;04-03-2025 13:22:04.385;04-03-2025 13:24:45.428;161043
3;04-03-2025 13:24:42.900;04-03-2025 13:24:47.930;5030
0;04-03-2025 13:22:04.385;04-03-2025 13:24:48.420;164035
1;04-03-2025 13:22:46.632;04-03-2025 13:24:49.619;122987
0;04-03-2025 13:22:04.385;04-03-2025 13:24:55.297;170912
1;04-03-2025 13:22:46.632;04-03-2025 13:24:55.665;129033
1;04-03-2025 13:22:46.632;04-03-2025 13:24:58.671;132039
0;04-03-2025 13:22:04.385;04-03-2025 13:25:00.287;175902
3;04-03-2025 13:25:02.901;04-03-2025 13:25:02.942;41
3;04-03-2025 13:25:02.901;04-03-2025 13:25:02.973;72
1;04-03-2025 13:22:46.632;04-03-2025 13:25:05.538;138906
0;04-03-2025 13:22:04.385;04-03-2025 13:25:05.989;181604
3;04-03-2025 13:25:02.901;04-03-2025 13:25:07.939;5038
0;04-03-2025 13:22:04.385;04-03-2025 13:25:08.062;183677
1;04-03-2025 13:22:46.632;04-03-2025 13:25:08.484;141852
3;04-03-2025 13:25:02.901;04-03-2025 13:25:12.935;10034
1;04-03-2025 13:22:46.632;04-03-2025 13:25:13.203;146571
3;04-03-2025 13:25:02.901;04-03-2025 13:25:17.926;15025
0;04-03-2025 13:22:04.385;04-03-2025 13:25:18.122;193737
1;04-03-2025 13:22:46.632;04-03-2025 13:25:19.985;153353
3;04-03-2025 13:25:02.901;04-03-2025 13:25:22.931;20030
1;04-03-2025 13:22:46.632;04-03-2025 13:25:23.309;156677
0;04-03-2025 13:22:04.385;04-03-2025 13:25:25.293;200908
3;04-03-2025 13:25:02.901;04-03-2025 13:25:27.921;25020
0;04-03-2025 13:22:04.385;04-03-2025 13:25:28.123;203738
1;04-03-2025 13:22:46.632;04-03-2025 13:25:28.203;161571
3;04-03-2025 13:25:02.901;04-03-2025 13:25:32.968;30067
0;04-03-2025 13:22:04.385;04-03-2025 13:25:32.990;208605
1;04-03-2025 13:22:46.632;04-03-2025 13:25:33.052;166420
3;04-03-2025 13:25:02.901;04-03-2025 13:25:37.929;35028
1;04-03-2025 13:22:46.632;04-03-2025 13:25:37.971;171339
0;04-03-2025 13:22:04.385;04-03-2025 13:25:41.294;216909
3;04-03-2025 13:25:02.901;04-03-2025 13:25:42.933;40032
1;04-03-2025 13:22:46.632;04-03-2025 13:25:42.967;176335
0;04-03-2025 13:22:04.385;04-03-2025 13:25:45.117;220732
1;04-03-2025 13:22:46.632;04-03-2025 13:25:47.930;181298
3;04-03-2025 13:25:02.901;04-03-2025 13:25:47.941;45040
0;04-03-2025 13:22:04.385;04-03-2025 13:25:51.125;226740
0;04-03-2025 13:22:04.385;04-03-2025 13:25:56.015;231630
0;04-03-2025 13:22:04.385;04-03-2025 13:26:01.051;236666
0;04-03-2025 13:28:53.591;04-03-2025 13:28:54.086;495
1;04-03-2025 13:28:53.962;04-03-2025 13:28:56.648;2686
0;04-03-2025 13:28:53.591;04-03-2025 13:29:00.408;6817
1;04-03-2025 13:28:57.298;04-03-2025 13:29:00.801;3503
3;04-03-2025 13:29:02.900;04-03-2025 13:29:02.956;56
3;04-03-2025 13:29:02.900;04-03-2025 13:29:03.004;104
1;04-03-2025 13:28:57.298;04-03-2025 13:29:03.086;5788
3;04-03-2025 13:29:02.900;04-03-2025 13:29:07.928;5028
1;04-03-2025 13:29:07.799;04-03-2025 13:29:08.210;411
3;04-03-2025 13:29:02.900;04-03-2025 13:29:12.932;10032
0;04-03-2025 13:29:10.718;04-03-2025 13:29:13.769;3051
3;04-03-2025 13:29:02.900;04-03-2025 13:29:17.922;15022
0;04-03-2025 13:29:15.150;04-03-2025 13:29:18.028;2878
1;04-03-2025 13:29:20.425;04-03-2025 13:29:21.032;607
3;04-03-2025 13:29:02.900;04-03-2025 13:29:22.926;20026
0;04-03-2025 13:29:23.751;04-03-2025 13:29:23.944;193
1;04-03-2025 13:29:22.763;04-03-2025 13:29:24.296;1533
3;04-03-2025 13:29:02.900;04-03-2025 13:29:27.932;25032
1;04-03-2025 13:29:22.763;04-03-2025 13:29:30.037;7274
0;04-03-2025 13:29:26.830;04-03-2025 13:29:31.460;4630
3;04-03-2025 13:29:02.900;04-03-2025 13:29:32.936;30036
1;04-03-2025 13:29:22.763;04-03-2025 13:29:33.015;10252
0;04-03-2025 13:29:26.830;04-03-2025 13:29:34.818;7988
3;04-03-2025 13:29:02.900;04-03-2025 13:29:37.926;35026
3;04-03-2025 13:29:02.900;04-03-2025 13:29:42.933;40033
3;04-03-2025 13:29:02.900;04-03-2025 13:29:47.935;45035
1;04-03-2025 13:29:46.096;04-03-2025 13:29:49.642;3546
3;04-03-2025 13:29:02.900;04-03-2025 13:29:52.938;50038
1;04-03-2025 13:29:46.096;04-03-2025 13:29:55.795;9699
3;04-03-2025 13:29:02.900;04-03-2025 13:29:57.929;55029
2;04-03-2025 13:29:54.344;04-03-2025 13:30:00.579;6235
3;04-03-2025 13:29:02.900;04-03-2025 13:30:02.933;60033
2;04-03-2025 13:30:02.812;04-03-2025 13:30:03.202;390
1;04-03-2025 13:29:46.096;04-03-2025 13:30:05.386;19290
3;04-03-2025 13:29:02.900;04-03-2025 13:30:07.923;65023
2;04-03-2025 13:30:09.348;04-03-2025 13:30:10.029;681
1;04-03-2025 13:29:46.096;04-03-2025 13:30:10.701;24605
3;04-03-2025 13:29:02.900;04-03-2025 13:30:12.930;70030
1;04-03-2025 13:30:10.879;04-03-2025 13:30:22.938;12059
3;04-03-2025 13:30:27.902;04-03-2025 13:30:27.948;46
3;04-03-2025 13:30:27.902;04-03-2025 13:30:27.994;92
3;04-03-2025 13:30:27.902;04-03-2025 13:30:32.919;5017
3;04-03-2025 13:30:27.902;04-03-2025 13:30:37.924;10022
3;04-03-2025 13:30:27.902;04-03-2025 13:30:42.926;15024
2;04-03-2025 13:30:41.790;04-03-2025 13:30:45.922;4132
3;04-03-2025 13:30:27.902;04-03-2025 13:30:47.930;20028
3;04-03-2025 13:30:27.902;04-03-2025 13:30:52.933;25031
1;04-03-2025 13:30:10.879;04-03-2025 13:30:53.934;43055
2;04-03-2025 13:30:48.690;04-03-2025 13:30:55.614;6924
3;04-03-2025 13:30:27.902;04-03-2025 13:30:57.938;30036
3;04-03-2025 13:30:27.902;04-03-2025 13:31:02.925;35023
1;04-03-2025 13:30:10.879;04-03-2025 13:31:05.314;54435
2;04-03-2025 13:30:48.690;04-03-2025 13:31:07.710;19020
3;04-03-2025 13:30:27.902;04-03-2025 13:31:07.928;40026
3;04-03-2025 13:30:27.902;04-03-2025 13:31:12.937;45035
1;04-03-2025 13:30:10.879;04-03-2025 13:31:13.182;62303
2;04-03-2025 13:30:48.690;04-03-2025 13:31:13.240;24550
3;04-03-2025 13:30:27.902;04-03-2025 13:31:17.942;50040
1;04-03-2025 13:30:10.879;04-03-2025 13:31:17.963;67084
3;04-03-2025 13:30:27.902;04-03-2025 13:31:22.928;55026
0;04-03-2025 13:31:27.264;04-03-2025 13:31:36.105;8841
3;04-03-2025 13:31:37.901;04-03-2025 13:31:37.942;41
3;04-03-2025 13:31:37.901;04-03-2025 13:31:38.012;111
3;04-03-2025 13:31:37.901;04-03-2025 13:31:42.935;5034
3;04-03-2025 13:31:37.901;04-03-2025 13:31:47.936;10035
0;04-03-2025 13:31:27.264;04-03-2025 13:31:50.055;22791
3;04-03-2025 13:31:37.901;04-03-2025 13:31:52.927;15026
0;04-03-2025 13:31:51.617;04-03-2025 13:31:53.238;1621
3;04-03-2025 13:31:37.901;04-03-2025 13:31:57.928;20027
0;04-03-2025 13:31:54.651;04-03-2025 13:32:00.259;5608
0;04-03-2025 13:32:03.636;04-03-2025 13:32:04.127;491
0;04-03-2025 13:32:03.636;04-03-2025 13:32:08.757;5121
3;04-03-2025 13:32:12.903;04-03-2025 13:32:12.936;33
0;04-03-2025 13:32:11.700;04-03-2025 13:32:12.962;1262
3;04-03-2025 13:32:12.903;04-03-2025 13:32:12.983;80
3;04-03-2025 13:32:12.903;04-03-2025 13:32:17.926;5023
0;04-03-2025 13:32:11.700;04-03-2025 13:32:18.658;6958
3;04-03-2025 13:32:12.903;04-03-2025 13:32:22.932;10029
0;04-03-2025 13:32:11.700;04-03-2025 13:32:23.134;11434
3;04-03-2025 13:32:12.903;04-03-2025 13:32:27.935;15032
3;04-03-2025 13:32:12.903;04-03-2025 13:32:32.925;20022
0;04-03-2025 13:32:11.700;04-03-2025 13:32:33.171;21471
1;04-03-2025 13:30:10.879;04-03-2025 13:32:36.977;146098
3;04-03-2025 13:32:12.903;04-03-2025 13:32:37.928;25025
1;04-03-2025 13:30:10.879;04-03-2025 13:32:40.785;149906
3;04-03-2025 13:32:12.903;04-03-2025 13:32:42.935;30032
1;04-03-2025 13:30:10.879;04-03-2025 13:32:43.039;152160
0;04-03-2025 13:32:11.700;04-03-2025 13:32:45.391;33691
3;04-03-2025 13:32:12.903;04-03-2025 13:32:47.926;35023
0;04-03-2025 13:32:11.700;04-03-2025 13:32:47.994;36294
1;04-03-2025 13:30:10.879;04-03-2025 13:32:48.238;157359
3;04-03-2025 13:32:12.903;04-03-2025 13:32:52.926;40023
3;04-03-2025 13:32:12.903;04-03-2025 13:32:57.932;45029
1;04-03-2025 13:30:10.879;04-03-2025 13:32:57.963;167084
0;04-03-2025 13:32:11.700;04-03-2025 13:32:59.590;47890
3;04-03-2025 13:32:12.903;04-03-2025 13:33:02.937;50034
1;04-03-2025 13:33:01.560;04-03-2025 13:33:03.013;1453
0;04-03-2025 13:32:11.700;04-03-2025 13:33:05.657;53957
3;04-03-2025 13:32:12.903;04-03-2025 13:33:07.925;55022
1;04-03-2025 13:33:01.560;04-03-2025 13:33:08.321;6761
3;04-03-2025 13:32:12.903;04-03-2025 13:33:12.934;60031
1;04-03-2025 13:33:01.560;04-03-2025 13:33:12.947;11387
1;04-03-2025 13:33:15.739;04-03-2025 13:33:25.652;9913
0;04-03-2025 13:32:11.700;04-03-2025 13:33:26.948;75248
3;04-03-2025 13:33:27.900;04-03-2025 13:33:27.947;47
1;04-03-2025 13:33:15.739;04-03-2025 13:33:31.536;15797
0;04-03-2025 13:32:11.700;04-03-2025 13:33:31.680;79980
0;04-03-2025 13:32:11.700;04-03-2025 13:33:33.120;81420
1;04-03-2025 13:33:15.739;04-03-2025 13:33:34.080;18341
1;04-03-2025 13:33:15.739;04-03-2025 13:33:37.978;22239
3;04-03-2025 13:33:37.972;04-03-2025 13:33:38.001;29
3;04-03-2025 13:33:37.972;04-03-2025 13:33:38.049;77
0;04-03-2025 13:32:11.700;04-03-2025 13:33:41.659;89959
3;04-03-2025 13:33:37.972;04-03-2025 13:33:42.928;4956
1;04-03-2025 13:33:41.070;04-03-2025 13:33:45.097;4027
0;04-03-2025 13:32:11.700;04-03-2025 13:33:45.404;93704
0;04-03-2025 13:32:11.700;04-03-2025 13:33:48.344;96644
1;04-03-2025 13:33:41.070;04-03-2025 13:33:48.601;7531
0;04-03-2025 13:32:11.700;04-03-2025 13:33:55.413;103713
1;04-03-2025 13:33:41.070;04-03-2025 13:33:56.786;15716
3;04-03-2025 13:33:57.902;04-03-2025 13:33:57.941;39
1;04-03-2025 13:33:41.070;04-03-2025 13:33:58.146;17076
0;04-03-2025 13:32:11.700;04-03-2025 13:34:01.325;109625
1;04-03-2025 13:33:41.070;04-03-2025 13:34:03.006;21936
3;04-03-2025 13:34:07.959;04-03-2025 13:34:08.000;41
1;04-03-2025 13:33:41.070;04-03-2025 13:34:08.013;26943
3;04-03-2025 13:34:07.959;04-03-2025 13:34:08.047;88
3;04-03-2025 13:34:07.959;04-03-2025 13:34:12.934;4975
1;04-03-2025 13:33:41.070;04-03-2025 13:34:13.753;32683
1;04-03-2025 13:33:41.070;04-03-2025 13:34:17.986;36916
0;04-03-2025 13:32:11.700;04-03-2025 13:34:21.742;130042
1;04-03-2025 13:33:41.070;04-03-2025 13:34:23.193;42123
0;04-03-2025 13:32:11.700;04-03-2025 13:34:23.340;131640
3;04-03-2025 13:34:27.901;04-03-2025 13:34:27.955;54
3;04-03-2025 13:34:27.901;04-03-2025 13:34:28.001;100
1;04-03-2025 13:33:41.070;04-03-2025 13:34:28.132;47062
0;04-03-2025 13:32:11.700;04-03-2025 13:34:28.785;137085
3;04-03-2025 13:34:27.901;04-03-2025 13:34:32.927;5026
0;04-03-2025 13:32:11.700;04-03-2025 13:34:35.465;143765
1;04-03-2025 13:33:41.070;04-03-2025 13:34:37.240;56170
3;04-03-2025 13:34:27.901;04-03-2025 13:34:37.933;10032
1;04-03-2025 13:33:41.070;04-03-2025 13:34:38.159;57089
0;04-03-2025 13:32:11.700;04-03-2025 13:34:40.151;148451
3;04-03-2025 13:34:27.901;04-03-2025 13:34:42.921;15020
1;04-03-2025 13:33:41.070;04-03-2025 13:34:43.205;62135
3;04-03-2025 13:34:27.901;04-03-2025 13:34:47.942;20041
3;04-03-2025 13:34:27.901;04-03-2025 13:34:52.929;25028
3;04-03-2025 13:34:27.901;04-03-2025 13:34:57.935;30034
3;04-03-2025 13:34:27.901;04-03-2025 13:35:02.922;35021
3;04-03-2025 13:34:27.901;04-03-2025 13:35:07.936;40035
3;04-03-2025 13:34:27.901;04-03-2025 13:35:12.919;45018
3;04-03-2025 13:34:27.901;04-03-2025 13:35:17.938;50037
3;04-03-2025 13:34:27.901;04-03-2025 13:35:22.928;55027
1;04-03-2025 13:33:41.070;04-03-2025 13:35:26.022;104952
0;04-03-2025 13:32:11.700;04-03-2025 13:35:27.607;195907
3;04-03-2025 13:34:27.901;04-03-2025 13:35:27.934;60033
2;04-03-2025 13:35:17.289;04-03-2025 13:35:31.796;14507
3;04-03-2025 13:34:27.901;04-03-2025 13:35:32.963;65062
3;04-03-2025 13:34:27.901;04-03-2025 13:35:37.931;70030
3;04-03-2025 13:34:27.901;04-03-2025 13:35:42.932;75031
1;04-03-2025 13:33:41.070;04-03-2025 13:35:45.953;124883
3;04-03-2025 13:34:27.901;04-03-2025 13:35:47.937;80036
1;04-03-2025 13:33:41.070;04-03-2025 13:35:50.921;129851
3;04-03-2025 13:34:27.901;04-03-2025 13:35:52.927;85026
2;04-03-2025 13:35:52.435;04-03-2025 13:35:55.385;2950
3;04-03-2025 13:34:27.901;04-03-2025 13:35:57.929;90028
3;04-03-2025 13:34:27.901;04-03-2025 13:36:02.918;95017
3;04-03-2025 13:34:27.901;04-03-2025 13:36:07.924;100023
2;04-03-2025 13:35:52.435;04-03-2025 13:36:10.703;18268
3;04-03-2025 13:34:27.901;04-03-2025 13:36:12.928;105027
2;04-03-2025 13:36:14.249;04-03-2025 13:36:15.516;1267
1;04-03-2025 13:36:03.450;04-03-2025 13:36:16.492;13042
3;04-03-2025 13:34:27.901;04-03-2025 13:36:17.920;110019
0;04-03-2025 13:36:09.930;04-03-2025 13:36:21.266;11336
1;04-03-2025 13:36:03.450;04-03-2025 13:36:21.783;18333
2;04-03-2025 13:36:14.249;04-03-2025 13:36:25.783;11534
0;04-03-2025 13:36:09.930;04-03-2025 13:36:26.469;16539
3;04-03-2025 13:36:32.901;04-03-2025 13:36:32.936;35
3;04-03-2025 13:36:32.901;04-03-2025 13:36:32.986;85
3;04-03-2025 13:36:32.901;04-03-2025 13:36:37.927;5026
3;04-03-2025 13:36:32.901;04-03-2025 13:36:42.934;10033
3;04-03-2025 13:36:32.901;04-03-2025 13:36:47.921;15020
3;04-03-2025 13:36:32.901;04-03-2025 13:36:52.927;20026
0;04-03-2025 13:36:41.078;04-03-2025 13:36:55.737;14659
3;04-03-2025 13:36:32.901;04-03-2025 13:36:57.933;25032
0;04-03-2025 13:36:41.078;04-03-2025 13:37:00.694;19616
3;04-03-2025 13:36:32.901;04-03-2025 13:37:02.938;30037
3;04-03-2025 13:36:32.901;04-03-2025 13:37:07.929;35028
3;04-03-2025 13:36:32.901;04-03-2025 13:37:12.933;40032
3;04-03-2025 13:36:32.901;04-03-2025 13:37:17.952;45051
3;04-03-2025 13:36:32.901;04-03-2025 13:37:22.928;50027
3;04-03-2025 13:36:32.901;04-03-2025 13:37:27.936;55035
3;04-03-2025 13:36:32.901;04-03-2025 13:37:32.925;60024
3;04-03-2025 13:36:32.901;04-03-2025 13:37:37.927;65026
1;04-03-2025 13:37:37.565;04-03-2025 13:37:40.625;3060
3;04-03-2025 13:36:32.901;04-03-2025 13:37:42.930;70029
1;04-03-2025 13:37:37.565;04-03-2025 13:37:43.660;6095
2;04-03-2025 13:37:43.633;04-03-2025 13:37:47.659;4026
3;04-03-2025 13:36:32.901;04-03-2025 13:37:47.938;75037
1;04-03-2025 13:37:37.565;04-03-2025 13:37:48.070;10505
2;04-03-2025 13:37:43.633;04-03-2025 13:37:50.747;7114
3;04-03-2025 13:36:32.901;04-03-2025 13:37:52.925;80024
0;04-03-2025 13:37:01.766;04-03-2025 13:37:55.799;54033
3;04-03-2025 13:36:32.901;04-03-2025 13:37:57.928;85027
1;04-03-2025 13:37:37.565;04-03-2025 13:37:59.218;21653
2;04-03-2025 13:37:43.633;04-03-2025 13:38:01.102;17469
3;04-03-2025 13:36:32.901;04-03-2025 13:38:02.948;90047
2;04-03-2025 13:38:02.636;04-03-2025 13:38:03.517;881
1;04-03-2025 13:37:37.565;04-03-2025 13:38:06.134;28569
3;04-03-2025 13:36:32.901;04-03-2025 13:38:07.954;95053
2;04-03-2025 13:38:02.636;04-03-2025 13:38:10.235;7599
1;04-03-2025 13:37:37.565;04-03-2025 13:38:11.015;33450
1;04-03-2025 13:38:11.470;04-03-2025 13:38:21.040;9570
3;04-03-2025 13:38:22.900;04-03-2025 13:38:22.966;66
3;04-03-2025 13:38:22.900;04-03-2025 13:38:23.029;129
1;04-03-2025 13:38:11.470;04-03-2025 13:38:25.216;13746
2;04-03-2025 13:38:14.195;04-03-2025 13:38:25.584;11389
0;04-03-2025 13:38:25.381;04-03-2025 13:38:26.813;1432
3;04-03-2025 13:38:22.900;04-03-2025 13:38:27.939;5039
0;04-03-2025 13:38:25.381;04-03-2025 13:38:29.974;4593
2;04-03-2025 13:38:28.879;04-03-2025 13:38:30.205;1326
3;04-03-2025 13:38:22.900;04-03-2025 13:38:32.927;10027
1;04-03-2025 13:38:11.470;04-03-2025 13:38:35.146;23676
0;04-03-2025 13:38:25.381;04-03-2025 13:38:35.576;10195
3;04-03-2025 13:38:22.900;04-03-2025 13:38:37.934;15034
1;04-03-2025 13:38:11.470;04-03-2025 13:38:38.344;26874
2;04-03-2025 13:38:34.620;04-03-2025 13:38:43.588;8968
2;04-03-2025 13:38:46.932;04-03-2025 13:38:51.373;4441
3;04-03-2025 13:38:52.900;04-03-2025 13:38:52.932;32
3;04-03-2025 13:38:52.900;04-03-2025 13:38:52.979;79
2;04-03-2025 13:38:46.932;04-03-2025 13:38:55.517;8585
3;04-03-2025 13:38:52.900;04-03-2025 13:38:57.937;5037
2;04-03-2025 13:38:46.932;04-03-2025 13:38:58.199;11267
1;04-03-2025 13:38:11.470;04-03-2025 13:39:00.630;49160
3;04-03-2025 13:38:52.900;04-03-2025 13:39:02.928;10028
1;04-03-2025 13:38:11.470;04-03-2025 13:39:04.427;52957
3;04-03-2025 13:38:52.900;04-03-2025 13:39:07.931;15031
1;04-03-2025 13:38:11.470;04-03-2025 13:39:08.518;57048
3;04-03-2025 13:38:52.900;04-03-2025 13:39:12.922;20022
1;04-03-2025 13:38:11.470;04-03-2025 13:39:12.977;61507
3;04-03-2025 13:38:52.900;04-03-2025 13:39:17.926;25026
0;04-03-2025 13:38:25.381;04-03-2025 13:39:21.966;56585
3;04-03-2025 13:38:52.900;04-03-2025 13:39:22.932;30032
1;04-03-2025 13:38:11.470;04-03-2025 13:39:25.694;74224
0;04-03-2025 13:38:25.381;04-03-2025 13:39:26.349;60968
3;04-03-2025 13:38:52.900;04-03-2025 13:39:27.922;35022
3;04-03-2025 13:38:52.900;04-03-2025 13:39:32.954;40054
3;04-03-2025 13:38:52.900;04-03-2025 13:39:37.933;45033
0;04-03-2025 13:38:25.381;04-03-2025 13:39:40.214;74833
3;04-03-2025 13:38:52.900;04-03-2025 13:39:42.923;50023
2;04-03-2025 13:38:46.932;04-03-2025 13:39:45.061;58129
0;04-03-2025 13:38:25.381;04-03-2025 13:39:46.290;80909
3;04-03-2025 13:38:52.900;04-03-2025 13:39:47.927;55027
3;04-03-2025 13:38:52.900;04-03-2025 13:39:52.935;60035
1;04-03-2025 13:38:11.470;04-03-2025 13:39:53.243;101773
3;04-03-2025 13:38:52.900;04-03-2025 13:39:57.922;65022
1;04-03-2025 13:38:11.470;04-03-2025 13:40:01.462;109992
3;04-03-2025 13:38:52.900;04-03-2025 13:40:02.927;70027
2;04-03-2025 13:38:46.932;04-03-2025 13:40:05.482;78550
1;04-03-2025 13:38:11.470;04-03-2025 13:40:05.594;114124
3;04-03-2025 13:38:52.900;04-03-2025 13:40:07.936;75036
1;04-03-2025 13:38:11.470;04-03-2025 13:40:07.989;116519
2;04-03-2025 13:38:46.932;04-03-2025 13:40:10.825;83893
3;04-03-2025 13:38:52.900;04-03-2025 13:40:12.927;80027
3;04-03-2025 13:38:52.900;04-03-2025 13:40:17.927;85027
3;04-03-2025 13:38:52.900;04-03-2025 13:40:22.934;90034
3;04-03-2025 13:38:52.900;04-03-2025 13:40:27.941;95041
3;04-03-2025 13:38:52.900;04-03-2025 13:40:32.926;100026
1;04-03-2025 13:38:11.470;04-03-2025 13:40:35.958;144488
3;04-03-2025 13:38:52.900;04-03-2025 13:40:37.932;105032
3;04-03-2025 13:38:52.900;04-03-2025 13:40:42.922;110022
1;04-03-2025 13:38:11.470;04-03-2025 13:40:45.501;154031
3;04-03-2025 13:38:52.900;04-03-2025 13:40:47.929;115029
1;04-03-2025 13:38:11.470;04-03-2025 13:40:48.180;156710
3;04-03-2025 13:38:52.900;04-03-2025 13:40:52.917;120017
1;04-03-2025 13:40:48.857;04-03-2025 13:40:57.357;8500
3;04-03-2025 13:38:52.900;04-03-2025 13:40:57.962;125062
2;04-03-2025 13:40:52.617;04-03-2025 13:41:01.500;8883
1;04-03-2025 13:40:48.857;04-03-2025 13:41:02.556;13699
3;04-03-2025 13:38:52.900;04-03-2025 13:41:02.928;130028
2;04-03-2025 13:40:52.617;04-03-2025 13:41:03.103;10486
1;04-03-2025 13:40:48.857;04-03-2025 13:41:06.344;17487
3;04-03-2025 13:38:52.900;04-03-2025 13:41:07.914;135014
3;04-03-2025 13:38:52.900;04-03-2025 13:41:12.935;140035
3;04-03-2025 13:38:52.900;04-03-2025 13:41:17.938;145038
3;04-03-2025 13:38:52.900;04-03-2025 13:41:22.927;150027
3;04-03-2025 13:38:52.900;04-03-2025 13:41:27.932;155032
3;04-03-2025 13:38:52.900;04-03-2025 13:41:32.922;160022
2;04-03-2025 13:40:52.617;04-03-2025 13:41:42.821;50204
3;04-03-2025 13:41:47.896;04-03-2025 13:41:47.936;40
2;04-03-2025 13:40:52.617;04-03-2025 13:41:50.714;58097
0;04-03-2025 13:41:25.575;04-03-2025 13:41:51.528;25953
3;04-03-2025 13:41:47.896;04-03-2025 13:41:52.925;5029
3;04-03-2025 13:41:47.896;04-03-2025 13:41:57.935;10039
1;04-03-2025 13:40:48.857;04-03-2025 13:42:00.947;72090
1;04-03-2025 13:40:48.857;04-03-2025 13:42:02.995;74138
2;04-03-2025 13:40:52.617;04-03-2025 13:42:07.321;74704
2;04-03-2025 13:40:52.617;04-03-2025 13:42:10.448;77831
3;04-03-2025 13:42:12.901;04-03-2025 13:42:12.949;48
3;04-03-2025 13:42:12.901;04-03-2025 13:42:13.012;111
2;04-03-2025 13:40:52.617;04-03-2025 13:42:16.026;83409
3;04-03-2025 13:42:12.901;04-03-2025 13:42:17.935;5034
2;04-03-2025 13:40:52.617;04-03-2025 13:42:21.362;88745
3;04-03-2025 13:42:12.901;04-03-2025 13:42:22.926;10025
3;04-03-2025 13:42:12.901;04-03-2025 13:42:27.932;15031
3;04-03-2025 13:42:12.901;04-03-2025 13:42:32.921;20020
3;04-03-2025 13:42:12.901;04-03-2025 13:42:37.929;25028
2;04-03-2025 13:40:52.617;04-03-2025 13:42:40.834;108217
3;04-03-2025 13:42:12.901;04-03-2025 13:42:42.916;30015
1;04-03-2025 13:40:48.857;04-03-2025 13:42:45.390;116533
2;04-03-2025 13:42:45.606;04-03-2025 13:42:45.760;154
3;04-03-2025 13:42:12.901;04-03-2025 13:42:47.919;35018
3;04-03-2025 13:42:12.901;04-03-2025 13:42:52.928;40027
1;04-03-2025 13:40:48.857;04-03-2025 13:42:53.074;124217
2;04-03-2025 13:42:45.606;04-03-2025 13:42:55.242;9636
3;04-03-2025 13:42:12.901;04-03-2025 13:42:57.932;45031
1;04-03-2025 13:40:48.857;04-03-2025 13:43:00.561;131704
3;04-03-2025 13:42:12.901;04-03-2025 13:43:02.937;50036
1;04-03-2025 13:40:48.857;04-03-2025 13:43:05.684;136827
2;04-03-2025 13:42:45.606;04-03-2025 13:43:05.716;20110
0;04-03-2025 13:42:59.583;04-03-2025 13:43:06.385;6802
3;04-03-2025 13:42:12.901;04-03-2025 13:43:07.928;55027
1;04-03-2025 13:40:48.857;04-03-2025 13:43:11.246;142389
1;04-03-2025 13:40:48.857;04-03-2025 13:43:12.989;144132
2;04-03-2025 13:42:45.606;04-03-2025 13:43:15.149;29543
2;04-03-2025 13:43:15.333;04-03-2025 13:43:18.333;3000
1;04-03-2025 13:40:48.857;04-03-2025 13:43:18.378;149521
3;04-03-2025 13:43:22.900;04-03-2025 13:43:22.942;42
3;04-03-2025 13:43:22.900;04-03-2025 13:43:22.990;90
3;04-03-2025 13:43:22.900;04-03-2025 13:43:27.931;5031
3;04-03-2025 13:43:22.900;04-03-2025 13:43:32.922;10022
2;04-03-2025 13:43:15.333;04-03-2025 13:43:36.161;20828
3;04-03-2025 13:43:22.900;04-03-2025 13:43:37.927;15027
3;04-03-2025 13:43:22.900;04-03-2025 13:43:42.935;20035
3;04-03-2025 13:43:22.900;04-03-2025 13:43:47.924;25024
3;04-03-2025 13:43:22.900;04-03-2025 13:43:52.927;30027
3;04-03-2025 13:43:22.900;04-03-2025 13:43:57.936;35036
3;04-03-2025 13:43:22.900;04-03-2025 13:44:02.964;40064
3;04-03-2025 13:43:22.900;04-03-2025 13:44:07.930;45030
3;04-03-2025 13:43:22.900;04-03-2025 13:44:12.936;50036
3;04-03-2025 13:43:22.900;04-03-2025 13:44:17.926;55026
3;04-03-2025 13:43:22.900;04-03-2025 13:44:22.915;60015
3;04-03-2025 13:43:22.900;04-03-2025 13:44:27.937;65037
3;04-03-2025 13:43:22.900;04-03-2025 13:44:32.927;70027
2;04-03-2025 13:43:55.709;04-03-2025 13:44:45.766;50057
0;04-03-2025 13:44:14.056;04-03-2025 13:44:46.482;32426
2;04-03-2025 13:43:55.709;04-03-2025 13:44:51.646;55937
1;04-03-2025 13:44:49.008;04-03-2025 13:44:53.246;4238
2;04-03-2025 13:43:55.709;04-03-2025 13:44:53.320;57611
3;04-03-2025 13:44:57.900;04-03-2025 13:44:57.954;54
3;04-03-2025 13:44:57.900;04-03-2025 13:44:58.004;104
1;04-03-2025 13:44:49.008;04-03-2025 13:44:58.315;9307
2;04-03-2025 13:43:55.709;04-03-2025 13:45:00.033;64324
3;04-03-2025 13:44:57.900;04-03-2025 13:45:02.916;5016
3;04-03-2025 13:44:57.900;04-03-2025 13:45:07.957;10057
3;04-03-2025 13:44:57.900;04-03-2025 13:45:12.922;15022
3;04-03-2025 13:44:57.900;04-03-2025 13:45:17.929;20029
1;04-03-2025 13:44:49.008;04-03-2025 13:45:18.164;29156
3;04-03-2025 13:44:57.900;04-03-2025 13:45:22.934;25034
3;04-03-2025 13:44:57.900;04-03-2025 13:45:27.943;30043
3;04-03-2025 13:44:57.900;04-03-2025 13:45:32.970;35070
3;04-03-2025 13:45:47.895;04-03-2025 13:45:47.936;41
3;04-03-2025 13:45:47.895;04-03-2025 13:45:52.927;5032
1;04-03-2025 13:45:23.214;04-03-2025 13:45:56.917;33703
3;04-03-2025 13:45:47.895;04-03-2025 13:45:57.933;10038
2;04-03-2025 13:45:52.030;04-03-2025 13:46:00.948;8918
3;04-03-2025 13:45:47.895;04-03-2025 13:46:02.921;15026
2;04-03-2025 13:45:52.030;04-03-2025 13:46:03.870;11840
3;04-03-2025 13:45:47.895;04-03-2025 13:46:07.928;20033
0;04-03-2025 13:45:46.298;04-03-2025 13:46:11.645;25347
3;04-03-2025 13:46:22.901;04-03-2025 13:46:22.952;51
3;04-03-2025 13:46:22.901;04-03-2025 13:46:23.000;99
3;04-03-2025 13:46:22.901;04-03-2025 13:46:27.927;5026
1;04-03-2025 13:45:23.214;04-03-2025 13:46:30.902;67688
3;04-03-2025 13:46:22.901;04-03-2025 13:46:32.926;10025
3;04-03-2025 13:46:22.901;04-03-2025 13:46:37.931;15030
3;04-03-2025 13:46:22.901;04-03-2025 13:46:42.921;20020
3;04-03-2025 13:46:22.901;04-03-2025 13:46:47.925;25024
1;04-03-2025 13:46:50.838;04-03-2025 13:46:51.401;563
2;04-03-2025 13:46:54.961;04-03-2025 13:46:55.624;663
0;04-03-2025 13:46:42.078;04-03-2025 13:46:57.876;15798
2;04-03-2025 13:46:54.961;04-03-2025 13:47:00.468;5507
3;04-03-2025 13:47:02.900;04-03-2025 13:47:02.938;38
3;04-03-2025 13:47:02.900;04-03-2025 13:47:02.995;95
1;04-03-2025 13:47:00.166;04-03-2025 13:47:05.028;4862
3;04-03-2025 13:47:02.900;04-03-2025 13:47:07.926;5026
3;04-03-2025 13:47:02.900;04-03-2025 13:47:12.929;10029
3;04-03-2025 13:47:02.900;04-03-2025 13:47:17.935;15035
1;04-03-2025 13:47:15.013;04-03-2025 13:47:18.031;3018
3;04-03-2025 13:47:02.900;04-03-2025 13:47:22.938;20038
1;04-03-2025 13:47:15.013;04-03-2025 13:47:23.074;8061
3;04-03-2025 13:47:02.900;04-03-2025 13:47:27.927;25027
0;04-03-2025 13:47:23.213;04-03-2025 13:47:31.263;8050
2;04-03-2025 13:47:21.169;04-03-2025 13:47:31.471;10302
1;04-03-2025 13:47:32.977;04-03-2025 13:47:33.335;358
3;04-03-2025 13:47:42.899;04-03-2025 13:47:42.947;48
3;04-03-2025 13:47:42.899;04-03-2025 13:47:42.994;95
3;04-03-2025 13:47:42.899;04-03-2025 13:47:47.933;5034
3;04-03-2025 13:47:42.899;04-03-2025 13:47:52.938;10039
3;04-03-2025 13:47:42.899;04-03-2025 13:47:57.928;15029
1;04-03-2025 13:47:48.475;04-03-2025 13:48:00.242;11767
3;04-03-2025 13:47:42.899;04-03-2025 13:48:02.930;20031
2;04-03-2025 13:47:21.169;04-03-2025 13:48:05.915;44746
3;04-03-2025 13:47:42.899;04-03-2025 13:48:07.922;25023
1;04-03-2025 13:48:00.470;04-03-2025 13:48:09.435;8965
2;04-03-2025 13:48:10.945;04-03-2025 13:48:11.322;377
3;04-03-2025 13:47:42.899;04-03-2025 13:48:12.928;30029
2;04-03-2025 13:48:10.945;04-03-2025 13:48:13.370;2425
1;04-03-2025 13:48:12.204;04-03-2025 13:48:15.226;3022
3;04-03-2025 13:47:42.899;04-03-2025 13:48:17.916;35017
1;04-03-2025 13:48:12.204;04-03-2025 13:48:19.157;6953
2;04-03-2025 13:48:10.945;04-03-2025 13:48:19.266;8321
3;04-03-2025 13:47:42.899;04-03-2025 13:48:22.936;40037
2;04-03-2025 13:48:10.945;04-03-2025 13:48:26.000;15055
1;04-03-2025 13:48:12.204;04-03-2025 13:48:26.096;13892
3;04-03-2025 13:47:42.899;04-03-2025 13:48:27.926;45027
3;04-03-2025 13:47:42.899;04-03-2025 13:48:32.930;50031
1;04-03-2025 13:48:12.204;04-03-2025 13:48:35.067;22863
3;04-03-2025 13:47:42.899;04-03-2025 13:48:37.925;55026
3;04-03-2025 13:47:42.899;04-03-2025 13:48:42.925;60026
1;04-03-2025 13:48:12.204;04-03-2025 13:48:50.384;38180
3;04-03-2025 13:48:57.902;04-03-2025 13:48:57.934;32
3;04-03-2025 13:48:57.902;04-03-2025 13:48:57.981;79
1;04-03-2025 13:48:12.204;04-03-2025 13:49:00.409;48205
2;04-03-2025 13:48:10.945;04-03-2025 13:49:00.473;49528
3;04-03-2025 13:48:57.902;04-03-2025 13:49:02.923;5021
1;04-03-2025 13:49:05.674;04-03-2025 13:49:07.742;2068
3;04-03-2025 13:48:57.902;04-03-2025 13:49:07.927;10025
3;04-03-2025 13:48:57.902;04-03-2025 13:49:12.934;15032
2;04-03-2025 13:49:02.797;04-03-2025 13:49:16.141;13344
1;04-03-2025 13:49:05.674;04-03-2025 13:49:17.351;11677
3;04-03-2025 13:48:57.902;04-03-2025 13:49:17.938;20036
2;04-03-2025 13:49:02.797;04-03-2025 13:49:20.171;17374
3;04-03-2025 13:48:57.902;04-03-2025 13:49:22.928;25026
1;04-03-2025 13:49:05.674;04-03-2025 13:49:25.578;19904
0;04-03-2025 13:49:17.202;04-03-2025 13:49:25.991;8789
3;04-03-2025 13:48:57.902;04-03-2025 13:49:27.934;30032
2;04-03-2025 13:49:02.797;04-03-2025 13:49:30.535;27738
0;04-03-2025 13:49:17.202;04-03-2025 13:49:30.743;13541
3;04-03-2025 13:48:57.902;04-03-2025 13:49:32.923;35021
1;04-03-2025 13:49:32.382;04-03-2025 13:49:33.653;1271
0;04-03-2025 13:49:17.202;04-03-2025 13:49:33.981;16779
2;04-03-2025 13:49:02.797;04-03-2025 13:49:38.212;35415
1;04-03-2025 13:49:32.382;04-03-2025 13:49:39.173;6791
1;04-03-2025 13:49:32.382;04-03-2025 13:49:44.236;11854
3;04-03-2025 13:49:47.894;04-03-2025 13:49:47.923;29
2;04-03-2025 13:49:02.797;04-03-2025 13:49:50.461;47664
3;04-03-2025 13:49:47.894;04-03-2025 13:49:52.928;5034
3;04-03-2025 13:49:47.894;04-03-2025 13:49:57.929;10035
1;04-03-2025 13:49:46.032;04-03-2025 13:50:00.911;14879
2;04-03-2025 13:49:02.797;04-03-2025 13:50:01.391;58594
3;04-03-2025 13:49:47.894;04-03-2025 13:50:02.931;15037
1;04-03-2025 13:49:46.032;04-03-2025 13:50:06.958;20926
2;04-03-2025 13:49:02.797;04-03-2025 13:50:06.987;64190
3;04-03-2025 13:49:47.894;04-03-2025 13:50:07.924;20030
3;04-03-2025 13:49:47.894;04-03-2025 13:50:12.935;25041
3;04-03-2025 13:49:47.894;04-03-2025 13:50:17.933;30039
1;04-03-2025 13:49:46.032;04-03-2025 13:50:27.008;40976
2;04-03-2025 13:49:02.797;04-03-2025 13:50:30.973;88176
3;04-03-2025 13:50:32.900;04-03-2025 13:50:32.947;47
3;04-03-2025 13:50:32.900;04-03-2025 13:50:33.010;110
3;04-03-2025 13:50:32.900;04-03-2025 13:50:37.920;5020
3;04-03-2025 13:50:32.900;04-03-2025 13:50:42.941;10041
1;04-03-2025 13:49:46.032;04-03-2025 13:50:46.067;60035
3;04-03-2025 13:50:32.900;04-03-2025 13:50:47.928;15028
3;04-03-2025 13:50:32.900;04-03-2025 13:50:52.936;20036
3;04-03-2025 13:50:32.900;04-03-2025 13:50:57.923;25023
3;04-03-2025 13:50:32.900;04-03-2025 13:51:02.928;30028
3;04-03-2025 13:50:32.900;04-03-2025 13:51:07.934;35034
1;04-03-2025 13:49:46.032;04-03-2025 13:51:09.463;83431
2;04-03-2025 13:49:02.797;04-03-2025 13:51:10.792;127995
3;04-03-2025 13:50:32.900;04-03-2025 13:51:12.953;40053
3;04-03-2025 13:51:27.901;04-03-2025 13:51:27.974;73
3;04-03-2025 13:51:27.901;04-03-2025 13:51:28.013;112
3;04-03-2025 13:51:27.901;04-03-2025 13:51:32.922;5021
3;04-03-2025 13:51:27.901;04-03-2025 13:51:37.932;10031
3;04-03-2025 13:51:27.901;04-03-2025 13:51:42.934;15033
2;04-03-2025 13:49:02.797;04-03-2025 13:51:47.291;164494
3;04-03-2025 13:51:27.901;04-03-2025 13:51:47.937;20036
2;04-03-2025 13:49:02.797;04-03-2025 13:51:52.104;169307
3;04-03-2025 13:51:27.901;04-03-2025 13:51:52.924;25023
2;04-03-2025 13:49:02.797;04-03-2025 13:51:55.320;172523
3;04-03-2025 13:51:27.901;04-03-2025 13:51:57.929;30028
2;04-03-2025 13:49:02.797;04-03-2025 13:52:02.302;179505
3;04-03-2025 13:51:27.901;04-03-2025 13:52:02.933;35032
3;04-03-2025 13:51:27.901;04-03-2025 13:52:07.966;40065
3;04-03-2025 13:51:27.901;04-03-2025 13:52:12.928;45027
1;04-03-2025 13:49:46.032;04-03-2025 13:52:13.041;147009
3;04-03-2025 13:51:27.901;04-03-2025 13:52:17.933;50032
2;04-03-2025 13:52:02.649;04-03-2025 13:52:18.647;15998
3;04-03-2025 13:51:27.901;04-03-2025 13:52:22.924;55023
3;04-03-2025 13:51:27.901;04-03-2025 13:52:27.928;60027
3;04-03-2025 13:51:27.901;04-03-2025 13:52:32.933;65032
3;04-03-2025 13:51:27.901;04-03-2025 13:52:37.922;70021
3;04-03-2025 13:51:27.901;04-03-2025 13:52:42.927;75026
1;04-03-2025 13:52:33.276;04-03-2025 13:52:45.401;12125
3;04-03-2025 13:51:27.901;04-03-2025 13:52:47.932;80031
2;04-03-2025 13:52:44.270;04-03-2025 13:52:50.502;6232
3;04-03-2025 13:51:27.901;04-03-2025 13:52:52.923;85022
3;04-03-2025 13:51:27.901;04-03-2025 13:52:57.929;90028
1;04-03-2025 13:52:52.428;04-03-2025 13:53:00.803;8375
0;04-03-2025 13:52:52.813;04-03-2025 13:53:01.550;8737
3;04-03-2025 13:51:27.901;04-03-2025 13:53:02.931;95030
1;04-03-2025 13:52:52.428;04-03-2025 13:53:06.922;14494
2;04-03-2025 13:52:44.270;04-03-2025 13:53:06.986;22716
3;04-03-2025 13:51:27.901;04-03-2025 13:53:07.936;100035
1;04-03-2025 13:52:52.428;04-03-2025 13:53:11.544;19116
3;04-03-2025 13:51:27.901;04-03-2025 13:53:12.926;105025
3;04-03-2025 13:51:27.901;04-03-2025 13:53:17.930;110029
3;04-03-2025 13:51:27.901;04-03-2025 13:53:22.935;115034
2;04-03-2025 13:53:22.463;04-03-2025 13:53:26.960;4497
3;04-03-2025 13:51:27.901;04-03-2025 13:53:27.927;120026
3;04-03-2025 13:51:27.901;04-03-2025 13:53:32.928;125027
2;04-03-2025 13:53:22.463;04-03-2025 13:53:37.254;14791
3;04-03-2025 13:51:27.901;04-03-2025 13:53:37.933;130032
2;04-03-2025 13:53:22.463;04-03-2025 13:53:39.078;16615
1;04-03-2025 13:53:14.336;04-03-2025 13:53:39.350;25014
3;04-03-2025 13:51:27.901;04-03-2025 13:53:42.940;135039
3;04-03-2025 13:51:27.901;04-03-2025 13:53:47.926;140025
1;04-03-2025 13:53:46.864;04-03-2025 13:53:51.265;4401
3;04-03-2025 13:51:27.901;04-03-2025 13:53:52.932;145031
1;04-03-2025 13:53:46.864;04-03-2025 13:53:55.305;8441
3;04-03-2025 13:51:27.901;04-03-2025 13:53:57.924;150023
1;04-03-2025 13:53:46.864;04-03-2025 13:54:00.094;13230
3;04-03-2025 13:51:27.901;04-03-2025 13:54:02.926;155025
2;04-03-2025 13:53:51.555;04-03-2025 13:54:07.169;15614
3;04-03-2025 13:51:27.901;04-03-2025 13:54:07.931;160030
3;04-03-2025 13:51:27.901;04-03-2025 13:54:12.937;165036
3;04-03-2025 13:51:27.901;04-03-2025 13:54:17.926;170025
3;04-03-2025 13:51:27.901;04-03-2025 13:54:22.927;175026
2;04-03-2025 13:54:24.253;04-03-2025 13:54:25.595;1342
3;04-03-2025 13:51:27.901;04-03-2025 13:54:27.918;180017
3;04-03-2025 13:51:27.901;04-03-2025 13:54:32.924;185023
3;04-03-2025 13:51:27.901;04-03-2025 13:54:37.928;190027
3;04-03-2025 13:51:27.901;04-03-2025 13:54:42.919;195018
3;04-03-2025 13:51:27.901;04-03-2025 13:54:47.923;200022
1;04-03-2025 13:53:46.864;04-03-2025 13:54:52.220;65356
3;04-03-2025 13:51:27.901;04-03-2025 13:54:52.931;205030
3;04-03-2025 13:55:07.903;04-03-2025 13:55:07.957;54
3;04-03-2025 13:55:07.903;04-03-2025 13:55:08.003;100
3;04-03-2025 13:55:07.903;04-03-2025 13:55:12.931;5028
3;04-03-2025 13:55:07.903;04-03-2025 13:55:17.932;10029
3;04-03-2025 13:55:07.903;04-03-2025 13:55:22.933;15030
2;04-03-2025 13:55:03.176;04-03-2025 13:55:23.304;20128
1;04-03-2025 13:55:16.149;04-03-2025 13:55:26.542;10393
3;04-03-2025 13:55:07.903;04-03-2025 13:55:27.939;20036
3;04-03-2025 13:55:07.903;04-03-2025 13:55:32.928;25025
3;04-03-2025 13:55:07.903;04-03-2025 13:55:37.932;30029
3;04-03-2025 13:55:07.903;04-03-2025 13:55:42.933;35030
3;04-03-2025 13:55:07.903;04-03-2025 13:55:47.936;40033
0;04-03-2025 13:55:36.514;04-03-2025 13:55:52.312;15798
3;04-03-2025 13:55:07.903;04-03-2025 13:55:52.926;45023
2;04-03-2025 13:55:51.436;04-03-2025 13:55:56.372;4936
3;04-03-2025 13:55:07.903;04-03-2025 13:55:57.929;50026
2;04-03-2025 13:56:00.522;04-03-2025 13:56:02.403;1881
3;04-03-2025 13:55:07.903;04-03-2025 13:56:02.921;55018
3;04-03-2025 13:56:17.901;04-03-2025 13:56:17.935;34
3;04-03-2025 13:56:27.956;04-03-2025 13:56:28.026;70
3;04-03-2025 13:56:38.047;04-03-2025 13:56:38.086;39
3;04-03-2025 13:56:38.047;04-03-2025 13:56:38.132;85
3;04-03-2025 13:56:38.047;04-03-2025 13:56:42.929;4882
3;04-03-2025 13:56:38.047;04-03-2025 13:56:47.935;9888
3;04-03-2025 13:56:38.047;04-03-2025 13:56:52.926;14879
3;04-03-2025 13:56:38.047;04-03-2025 13:56:57.929;19882
1;04-03-2025 13:56:57.356;04-03-2025 13:57:01.228;3872
3;04-03-2025 13:56:38.047;04-03-2025 13:57:02.921;24874
3;04-03-2025 13:56:38.047;04-03-2025 13:57:07.924;29877
1;04-03-2025 13:56:57.356;04-03-2025 13:57:10.366;13010
1;04-03-2025 13:56:57.356;04-03-2025 13:57:13.124;15768
1;04-03-2025 13:56:57.356;04-03-2025 13:57:18.006;20650
3;04-03-2025 13:57:22.902;04-03-2025 13:57:22.957;55
3;04-03-2025 13:57:22.902;04-03-2025 13:57:23.005;103
1;04-03-2025 13:57:19.257;04-03-2025 13:57:23.046;3789
2;04-03-2025 13:57:13.659;04-03-2025 13:57:25.574;11915
3;04-03-2025 13:57:22.902;04-03-2025 13:57:27.929;5027
2;04-03-2025 13:57:13.659;04-03-2025 13:57:30.099;16440
1;04-03-2025 13:57:24.964;04-03-2025 13:57:30.259;5295
3;04-03-2025 13:57:22.902;04-03-2025 13:57:32.963;10061
2;04-03-2025 13:57:32.459;04-03-2025 13:57:33.943;1484
0;04-03-2025 13:57:14.030;04-03-2025 13:57:34.098;20068
1;04-03-2025 13:57:24.964;04-03-2025 13:57:35.618;10654
3;04-03-2025 13:57:22.902;04-03-2025 13:57:37.926;15024
1;04-03-2025 13:57:24.964;04-03-2025 13:57:38.007;13043
3;04-03-2025 13:57:22.902;04-03-2025 13:57:42.933;20031
1;04-03-2025 13:57:38.763;04-03-2025 13:57:43.110;4347
3;04-03-2025 13:57:22.902;04-03-2025 13:57:47.937;25035
2;04-03-2025 13:57:40.531;04-03-2025 13:57:50.666;10135
0;04-03-2025 13:57:45.496;04-03-2025 13:57:51.272;5776
3;04-03-2025 13:57:22.902;04-03-2025 13:57:52.927;30025
1;04-03-2025 13:57:38.763;04-03-2025 13:57:52.984;14221
3;04-03-2025 13:57:22.902;04-03-2025 13:57:57.934;35032
3;04-03-2025 13:57:22.902;04-03-2025 13:58:02.940;40038
3;04-03-2025 13:57:22.902;04-03-2025 13:58:07.929;45027
3;04-03-2025 13:57:22.902;04-03-2025 13:58:12.934;50032
2;04-03-2025 13:58:03.507;04-03-2025 13:58:15.503;11996
3;04-03-2025 13:57:22.902;04-03-2025 13:58:17.921;55019
1;04-03-2025 13:57:38.763;04-03-2025 13:58:20.538;41775
3;04-03-2025 13:57:22.902;04-03-2025 13:58:22.928;60026
3;04-03-2025 13:57:22.902;04-03-2025 13:58:27.932;65030
1;04-03-2025 13:57:38.763;04-03-2025 13:58:30.327;51564
3;04-03-2025 13:57:22.902;04-03-2025 13:58:32.937;70035
3;04-03-2025 13:57:22.902;04-03-2025 13:58:37.911;75009
3;04-03-2025 13:57:22.902;04-03-2025 13:58:42.961;80059
3;04-03-2025 13:57:22.902;04-03-2025 13:58:47.936;85034
3;04-03-2025 13:57:22.902;04-03-2025 13:58:52.925;90023
3;04-03-2025 13:57:22.902;04-03-2025 13:58:57.970;95068
3;04-03-2025 13:57:22.902;04-03-2025 13:59:02.930;100028
2;04-03-2025 13:58:22.028;04-03-2025 13:59:05.436;43408
3;04-03-2025 13:57:22.902;04-03-2025 13:59:07.935;105033
3;04-03-2025 13:57:22.902;04-03-2025 13:59:12.923;110021
3;04-03-2025 13:59:27.899;04-03-2025 13:59:27.941;42
3;04-03-2025 13:59:27.899;04-03-2025 13:59:28.014;115
1;04-03-2025 13:57:38.763;04-03-2025 13:59:29.272;110509
3;04-03-2025 13:59:27.899;04-03-2025 13:59:32.927;5028
3;04-03-2025 13:59:27.899;04-03-2025 13:59:37.935;10036
1;04-03-2025 13:59:30.885;04-03-2025 13:59:38.457;7572
3;04-03-2025 13:59:27.899;04-03-2025 13:59:42.941;15042
3;04-03-2025 13:59:27.899;04-03-2025 13:59:47.930;20031
3;04-03-2025 13:59:27.899;04-03-2025 13:59:52.937;25038
3;04-03-2025 13:59:27.899;04-03-2025 13:59:57.924;30025
3;04-03-2025 13:59:27.899;04-03-2025 14:00:02.932;35033
1;04-03-2025 13:59:46.213;04-03-2025 14:00:06.986;20773
3;04-03-2025 13:59:27.899;04-03-2025 14:00:07.937;40038
3;04-03-2025 13:59:27.899;04-03-2025 14:00:12.947;45048
3;04-03-2025 13:59:27.899;04-03-2025 14:00:17.936;50037
3;04-03-2025 13:59:27.899;04-03-2025 14:00:22.937;55038
3;04-03-2025 13:59:27.899;04-03-2025 14:00:27.926;60027
3;04-03-2025 13:59:27.899;04-03-2025 14:00:32.929;65030
1;04-03-2025 13:59:46.213;04-03-2025 14:00:35.691;49478
3;04-03-2025 13:59:27.899;04-03-2025 14:00:37.934;70035
3;04-03-2025 14:00:52.904;04-03-2025 14:00:52.957;53
3;04-03-2025 14:00:52.904;04-03-2025 14:00:53.001;97
3;04-03-2025 14:00:52.904;04-03-2025 14:00:57.925;5021
3;04-03-2025 14:00:52.904;04-03-2025 14:01:02.934;10030
3;04-03-2025 14:00:52.904;04-03-2025 14:01:07.923;15019
3;04-03-2025 14:00:52.904;04-03-2025 14:01:12.967;20063
3;04-03-2025 14:00:52.904;04-03-2025 14:01:17.932;25028
3;04-03-2025 14:00:52.904;04-03-2025 14:01:22.935;30031
3;04-03-2025 14:00:52.904;04-03-2025 14:01:27.926;35022
3;04-03-2025 14:00:52.904;04-03-2025 14:01:32.932;40028
3;04-03-2025 14:00:52.904;04-03-2025 14:01:37.933;45029
1;04-03-2025 14:01:33.668;04-03-2025 14:01:42.259;8591
3;04-03-2025 14:00:52.904;04-03-2025 14:01:42.922;50018
1;04-03-2025 14:01:33.668;04-03-2025 14:01:45.452;11784
0;04-03-2025 14:01:40.925;04-03-2025 14:01:47.425;6500
3;04-03-2025 14:00:52.904;04-03-2025 14:01:47.942;55038
1;04-03-2025 14:01:46.195;04-03-2025 14:01:48.769;2574
0;04-03-2025 14:01:50.241;04-03-2025 14:01:52.164;1923
3;04-03-2025 14:00:52.904;04-03-2025 14:01:52.932;60028
2;04-03-2025 14:01:45.031;04-03-2025 14:01:56.251;11220
3;04-03-2025 14:00:52.904;04-03-2025 14:01:57.935;65031
1;04-03-2025 14:01:46.195;04-03-2025 14:02:00.914;14719
2;04-03-2025 14:01:45.031;04-03-2025 14:02:01.530;16499
3;04-03-2025 14:00:52.904;04-03-2025 14:02:02.929;70025
1;04-03-2025 14:01:46.195;04-03-2025 14:02:10.789;24594
1;04-03-2025 14:02:14.455;04-03-2025 14:02:16.272;1817
2;04-03-2025 14:02:12.137;04-03-2025 14:02:17.424;5287
3;04-03-2025 14:02:17.899;04-03-2025 14:02:17.941;42
1;04-03-2025 14:02:17.026;04-03-2025 14:02:20.816;3790
1;04-03-2025 14:02:23.215;04-03-2025 14:02:25.580;2365
3;04-03-2025 14:02:27.961;04-03-2025 14:02:27.998;37
3;04-03-2025 14:02:27.961;04-03-2025 14:02:28.028;67
1;04-03-2025 14:02:28.786;04-03-2025 14:02:32.247;3461
3;04-03-2025 14:02:27.961;04-03-2025 14:02:32.923;4962
1;04-03-2025 14:02:35.081;04-03-2025 14:02:36.909;1828
2;04-03-2025 14:02:23.388;04-03-2025 14:02:37.229;13841
3;04-03-2025 14:02:27.961;04-03-2025 14:02:37.923;9962
2;04-03-2025 14:02:39.970;04-03-2025 14:02:41.851;1881
3;04-03-2025 14:02:27.961;04-03-2025 14:02:42.929;14968
3;04-03-2025 14:02:27.961;04-03-2025 14:02:47.934;19973
3;04-03-2025 14:02:27.961;04-03-2025 14:02:52.923;24962
2;04-03-2025 14:02:51.118;04-03-2025 14:02:55.157;4039
1;04-03-2025 14:02:35.081;04-03-2025 14:02:55.525;20444
3;04-03-2025 14:02:27.961;04-03-2025 14:02:57.925;29964
0;04-03-2025 14:02:40.673;04-03-2025 14:03:00.775;20102
3;04-03-2025 14:02:27.961;04-03-2025 14:03:02.930;34969
3;04-03-2025 14:02:27.961;04-03-2025 14:03:07.964;40003
3;04-03-2025 14:02:27.961;04-03-2025 14:03:12.926;44965
3;04-03-2025 14:02:27.961;04-03-2025 14:03:17.934;49973
2;04-03-2025 14:02:51.118;04-03-2025 14:03:21.119;30001
3;04-03-2025 14:02:27.961;04-03-2025 14:03:22.937;54976
1;04-03-2025 14:02:35.081;04-03-2025 14:03:24.371;49290
3;04-03-2025 14:02:27.961;04-03-2025 14:03:27.924;59963
3;04-03-2025 14:02:27.961;04-03-2025 14:03:32.929;64968
3;04-03-2025 14:02:27.961;04-03-2025 14:03:37.934;69973
1;04-03-2025 14:02:35.081;04-03-2025 14:03:38.552;63471
2;04-03-2025 14:02:51.118;04-03-2025 14:03:41.343;50225
3;04-03-2025 14:02:27.961;04-03-2025 14:03:42.938;74977
1;04-03-2025 14:02:35.081;04-03-2025 14:03:45.477;70396
3;04-03-2025 14:02:27.961;04-03-2025 14:03:47.930;79969
2;04-03-2025 14:02:51.118;04-03-2025 14:03:50.774;59656
1;04-03-2025 14:02:35.081;04-03-2025 14:03:50.943;75862
3;04-03-2025 14:02:27.961;04-03-2025 14:03:52.932;84971
2;04-03-2025 14:02:51.118;04-03-2025 14:03:55.611;64493
3;04-03-2025 14:02:27.961;04-03-2025 14:03:57.919;89958
3;04-03-2025 14:02:27.961;04-03-2025 14:04:02.928;94967
2;04-03-2025 14:02:51.118;04-03-2025 14:04:06.597;75479
3;04-03-2025 14:02:27.961;04-03-2025 14:04:07.933;99972
1;04-03-2025 14:02:35.081;04-03-2025 14:04:10.517;95436
3;04-03-2025 14:02:27.961;04-03-2025 14:04:12.967;105006
3;04-03-2025 14:02:27.961;04-03-2025 14:04:17.927;109966
3;04-03-2025 14:02:27.961;04-03-2025 14:04:22.933;114972
1;04-03-2025 14:04:22.245;04-03-2025 14:04:25.888;3643
3;04-03-2025 14:02:27.961;04-03-2025 14:04:27.923;119962
2;04-03-2025 14:02:51.118;04-03-2025 14:04:41.615;110497
3;04-03-2025 14:04:42.901;04-03-2025 14:04:42.938;37
3;04-03-2025 14:04:52.961;04-03-2025 14:04:53.008;47
3;04-03-2025 14:04:52.961;04-03-2025 14:04:53.056;95
3;04-03-2025 14:04:52.961;04-03-2025 14:04:57.935;4974
1;04-03-2025 14:04:22.245;04-03-2025 14:05:01.872;39627
3;04-03-2025 14:04:52.961;04-03-2025 14:05:02.922;9961
3;04-03-2025 14:04:52.961;04-03-2025 14:05:07.926;14965
3;04-03-2025 14:04:52.961;04-03-2025 14:05:12.932;19971
3;04-03-2025 14:04:52.961;04-03-2025 14:05:17.936;24975
3;04-03-2025 14:04:52.961;04-03-2025 14:05:22.929;29968
3;04-03-2025 14:04:52.961;04-03-2025 14:05:28.245;35284
3;04-03-2025 14:04:52.961;04-03-2025 14:05:32.935;39974
1;04-03-2025 14:05:08.856;04-03-2025 14:05:36.939;28083
3;04-03-2025 14:04:52.961;04-03-2025 14:05:37.922;44961
0;04-03-2025 14:05:14.624;04-03-2025 14:05:41.144;26520
3;04-03-2025 14:04:52.961;04-03-2025 14:05:42.926;49965
1;04-03-2025 14:05:08.856;04-03-2025 14:05:43.639;34783
3;04-03-2025 14:04:52.961;04-03-2025 14:05:47.932;54971
1;04-03-2025 14:05:08.856;04-03-2025 14:05:50.931;42075
2;04-03-2025 14:04:51.834;04-03-2025 14:05:50.967;59133
3;04-03-2025 14:04:52.961;04-03-2025 14:05:52.936;59975
2;04-03-2025 14:04:51.834;04-03-2025 14:05:53.339;61505
3;04-03-2025 14:04:52.961;04-03-2025 14:05:57.937;64976
3;04-03-2025 14:04:52.961;04-03-2025 14:06:02.953;69992
3;04-03-2025 14:04:52.961;04-03-2025 14:06:07.911;74950
1;04-03-2025 14:05:50.992;04-03-2025 14:06:08.859;17867
3;04-03-2025 14:04:52.961;04-03-2025 14:06:12.933;79972
3;04-03-2025 14:04:52.961;04-03-2025 14:06:17.937;84976
3;04-03-2025 14:04:52.961;04-03-2025 14:06:22.924;89963
3;04-03-2025 14:04:52.961;04-03-2025 14:06:27.931;94970
3;04-03-2025 14:04:52.961;04-03-2025 14:06:32.922;99961
3;04-03-2025 14:06:47.895;04-03-2025 14:06:47.941;46
1;04-03-2025 14:06:32.423;04-03-2025 14:06:51.977;19554
3;04-03-2025 14:06:47.895;04-03-2025 14:06:52.925;5030
3;04-03-2025 14:06:47.895;04-03-2025 14:06:57.933;10038
3;04-03-2025 14:06:47.895;04-03-2025 14:07:02.920;15025
2;04-03-2025 14:07:24.249;04-03-2025 14:07:37.017;12768
1;04-03-2025 14:06:32.423;04-03-2025 14:07:37.609;65186
3;04-03-2025 14:07:37.945;04-03-2025 14:07:38.000;55
3;04-03-2025 14:07:37.945;04-03-2025 14:07:38.046;101
3;04-03-2025 14:07:37.945;04-03-2025 14:07:38.078;133
3;04-03-2025 14:07:37.945;04-03-2025 14:07:38.128;183
2;04-03-2025 14:07:24.249;04-03-2025 14:07:40.729;16480
3;04-03-2025 14:07:52.900;04-03-2025 14:07:52.948;48
3;04-03-2025 14:07:52.900;04-03-2025 14:07:52.996;96
1;04-03-2025 14:06:32.423;04-03-2025 14:07:55.819;83396
2;04-03-2025 14:07:48.843;04-03-2025 14:07:57.612;8769
3;04-03-2025 14:07:52.900;04-03-2025 14:07:57.921;5021
3;04-03-2025 14:07:52.900;04-03-2025 14:08:02.925;10025
1;04-03-2025 14:07:56.843;04-03-2025 14:08:03.702;6859
3;04-03-2025 14:07:52.900;04-03-2025 14:08:07.929;15029
3;04-03-2025 14:07:52.900;04-03-2025 14:08:12.935;20035
3;04-03-2025 14:07:52.900;04-03-2025 14:08:17.924;25024
3;04-03-2025 14:07:52.900;04-03-2025 14:08:22.944;30044
2;04-03-2025 14:08:20.993;04-03-2025 14:08:27.754;6761
3;04-03-2025 14:07:52.900;04-03-2025 14:08:27.918;35018
1;04-03-2025 14:07:56.843;04-03-2025 14:08:28.664;31821
3;04-03-2025 14:08:42.899;04-03-2025 14:08:42.931;32
3;04-03-2025 14:08:42.899;04-03-2025 14:08:42.980;81
3;04-03-2025 14:08:42.899;04-03-2025 14:08:47.918;5019
3;04-03-2025 14:08:42.899;04-03-2025 14:08:52.923;10024
3;04-03-2025 14:08:42.899;04-03-2025 14:08:57.932;15033
3;04-03-2025 14:08:42.899;04-03-2025 14:09:02.961;20062
3;04-03-2025 14:08:42.899;04-03-2025 14:09:07.927;25028
3;04-03-2025 14:08:42.899;04-03-2025 14:09:12.932;30033
3;04-03-2025 14:09:27.899;04-03-2025 14:09:27.934;35
3;04-03-2025 14:09:27.899;04-03-2025 14:09:27.982;83
1;04-03-2025 14:09:15.014;04-03-2025 14:09:30.153;15139
3;04-03-2025 14:09:27.899;04-03-2025 14:09:32.925;5026
3;04-03-2025 14:09:27.899;04-03-2025 14:09:37.929;10030
3;04-03-2025 14:09:27.899;04-03-2025 14:09:42.934;15035
3;04-03-2025 14:09:27.899;04-03-2025 14:09:47.908;20009
3;04-03-2025 14:09:27.899;04-03-2025 14:09:52.931;25032
3;04-03-2025 14:09:27.899;04-03-2025 14:09:57.937;30038
3;04-03-2025 14:09:27.899;04-03-2025 14:10:02.925;35026
3;04-03-2025 14:09:27.899;04-03-2025 14:10:07.930;40031
3;04-03-2025 14:09:27.899;04-03-2025 14:10:12.933;45034
1;04-03-2025 14:10:10.811;04-03-2025 14:10:16.666;5855
2;04-03-2025 14:10:12.795;04-03-2025 14:10:17.195;4400
3;04-03-2025 14:09:27.899;04-03-2025 14:10:17.937;50038
1;04-03-2025 14:10:10.811;04-03-2025 14:10:20.139;9328
2;04-03-2025 14:10:12.795;04-03-2025 14:10:21.193;8398
3;04-03-2025 14:09:27.899;04-03-2025 14:10:22.924;55025
2;04-03-2025 14:10:21.433;04-03-2025 14:10:27.352;5919
3;04-03-2025 14:09:27.899;04-03-2025 14:10:27.934;60035
2;04-03-2025 14:10:21.433;04-03-2025 14:10:31.134;9701
3;04-03-2025 14:09:27.899;04-03-2025 14:10:32.922;65023
3;04-03-2025 14:09:27.899;04-03-2025 14:10:37.931;70032
1;04-03-2025 14:10:30.584;04-03-2025 14:10:40.085;9501
3;04-03-2025 14:09:27.899;04-03-2025 14:10:42.921;75022
2;04-03-2025 14:10:21.433;04-03-2025 14:10:47.266;25833
3;04-03-2025 14:09:27.899;04-03-2025 14:10:47.928;80029
3;04-03-2025 14:09:27.899;04-03-2025 14:10:52.930;85031
3;04-03-2025 14:09:27.899;04-03-2025 14:10:57.934;90035
2;04-03-2025 14:10:21.433;04-03-2025 14:11:02.022;40589
3;04-03-2025 14:09:27.899;04-03-2025 14:11:02.925;95026
3;04-03-2025 14:09:27.899;04-03-2025 14:11:07.929;100030
2;04-03-2025 14:10:21.433;04-03-2025 14:11:10.707;49274
3;04-03-2025 14:09:27.899;04-03-2025 14:11:12.932;105033
2;04-03-2025 14:10:21.433;04-03-2025 14:11:15.182;53749
3;04-03-2025 14:09:27.899;04-03-2025 14:11:17.922;110023
1;04-03-2025 14:11:15.757;04-03-2025 14:11:18.812;3055
2;04-03-2025 14:10:21.433;04-03-2025 14:11:21.002;59569
3;04-03-2025 14:09:27.899;04-03-2025 14:11:22.928;115029
1;04-03-2025 14:11:15.757;04-03-2025 14:11:24.154;8397
2;04-03-2025 14:10:21.433;04-03-2025 14:11:24.186;62753
3;04-03-2025 14:09:27.899;04-03-2025 14:11:27.933;120034
2;04-03-2025 14:10:21.433;04-03-2025 14:11:31.398;69965
1;04-03-2025 14:11:15.757;04-03-2025 14:11:31.458;15701
3;04-03-2025 14:09:27.899;04-03-2025 14:11:32.924;125025
1;04-03-2025 14:11:15.757;04-03-2025 14:11:37.762;22005
3;04-03-2025 14:09:27.899;04-03-2025 14:11:37.929;130030
1;04-03-2025 14:11:15.757;04-03-2025 14:11:40.434;24677
3;04-03-2025 14:09:27.899;04-03-2025 14:11:42.935;135036
2;04-03-2025 14:10:21.433;04-03-2025 14:11:45.600;84167
3;04-03-2025 14:09:27.899;04-03-2025 14:11:47.939;140040
3;04-03-2025 14:09:27.899;04-03-2025 14:11:52.929;145030
3;04-03-2025 14:09:27.899;04-03-2025 14:11:57.953;150054
3;04-03-2025 14:09:27.899;04-03-2025 14:12:02.923;155024
3;04-03-2025 14:09:27.899;04-03-2025 14:12:07.928;160029
3;04-03-2025 14:09:27.899;04-03-2025 14:12:12.918;165019
3;04-03-2025 14:09:27.899;04-03-2025 14:12:17.968;170069
3;04-03-2025 14:09:27.899;04-03-2025 14:12:22.936;175037
3;04-03-2025 14:09:27.899;04-03-2025 14:12:27.926;180027
3;04-03-2025 14:09:27.899;04-03-2025 14:12:32.924;185025
3;04-03-2025 14:09:27.899;04-03-2025 14:12:37.928;190029
3;04-03-2025 14:09:27.899;04-03-2025 14:12:42.933;195034
3;04-03-2025 14:09:27.899;04-03-2025 14:12:47.950;200051
3;04-03-2025 14:09:27.899;04-03-2025 14:12:52.930;205031
3;04-03-2025 14:09:27.899;04-03-2025 14:12:57.935;210036
3;04-03-2025 14:09:27.899;04-03-2025 14:13:02.925;215026
3;04-03-2025 14:09:27.899;04-03-2025 14:13:07.913;220014
1;04-03-2025 14:12:57.984;04-03-2025 14:13:12.431;14447
2;04-03-2025 14:13:06.023;04-03-2025 14:13:12.464;6441
3;04-03-2025 14:09:27.899;04-03-2025 14:13:12.917;225018
3;04-03-2025 14:09:27.899;04-03-2025 14:13:17.923;230024
3;04-03-2025 14:09:27.899;04-03-2025 14:13:22.928;235029
3;04-03-2025 14:09:27.899;04-03-2025 14:13:27.935;240036
2;04-03-2025 14:13:30.367;04-03-2025 14:13:31.012;645
3;04-03-2025 14:09:27.899;04-03-2025 14:13:32.923;245024
3;04-03-2025 14:13:47.895;04-03-2025 14:13:47.925;30
3;04-03-2025 14:13:47.895;04-03-2025 14:13:52.926;5031
3;04-03-2025 14:13:47.895;04-03-2025 14:13:57.933;10038
3;04-03-2025 14:13:47.895;04-03-2025 14:14:02.922;15027
2;04-03-2025 14:14:07.030;04-03-2025 14:14:07.343;313
3;04-03-2025 14:13:47.895;04-03-2025 14:14:07.926;20031
3;04-03-2025 14:13:47.895;04-03-2025 14:14:12.932;25037
3;04-03-2025 14:13:47.895;04-03-2025 14:14:17.920;30025
3;04-03-2025 14:13:47.895;04-03-2025 14:14:22.924;35029
1;04-03-2025 14:13:59.504;04-03-2025 14:14:25.607;26103
3;04-03-2025 14:13:47.895;04-03-2025 14:14:27.930;40035
1;04-03-2025 14:13:59.504;04-03-2025 14:14:31.632;32128
2;04-03-2025 14:14:07.030;04-03-2025 14:14:31.664;24634
3;04-03-2025 14:14:42.900;04-03-2025 14:14:42.942;42
3;04-03-2025 14:14:42.900;04-03-2025 14:14:42.990;90
3;04-03-2025 14:14:42.900;04-03-2025 14:14:47.932;5032
3;04-03-2025 14:14:42.900;04-03-2025 14:14:52.954;10054
3;04-03-2025 14:14:42.900;04-03-2025 14:14:57.928;15028
3;04-03-2025 14:14:42.900;04-03-2025 14:15:02.934;20034
3;04-03-2025 14:14:42.900;04-03-2025 14:15:07.925;25025
3;04-03-2025 14:14:42.900;04-03-2025 14:15:12.928;30028
3;04-03-2025 14:14:42.900;04-03-2025 14:15:17.921;35021
2;04-03-2025 14:15:11.194;04-03-2025 14:15:21.699;10505
3;04-03-2025 14:14:42.900;04-03-2025 14:15:22.955;40055
3;04-03-2025 14:14:42.900;04-03-2025 14:15:27.926;45026
1;04-03-2025 14:13:59.504;04-03-2025 14:15:28.003;88499
3;04-03-2025 14:14:42.900;04-03-2025 14:15:32.931;50031
1;04-03-2025 14:13:59.504;04-03-2025 14:15:33.404;93900
2;04-03-2025 14:15:11.194;04-03-2025 14:15:37.370;26176
1;04-03-2025 14:13:59.504;04-03-2025 14:15:38.810;99306
0;04-03-2025 14:15:42.174;04-03-2025 14:15:45.351;3177
1;04-03-2025 14:13:59.504;04-03-2025 14:15:45.751;106247
3;04-03-2025 14:15:47.896;04-03-2025 14:15:47.931;35
3;04-03-2025 14:15:47.896;04-03-2025 14:15:52.937;5041
3;04-03-2025 14:15:47.896;04-03-2025 14:15:57.922;10026
2;04-03-2025 14:15:40.563;04-03-2025 14:16:01.742;21179
3;04-03-2025 14:15:47.896;04-03-2025 14:16:02.931;15035
2;04-03-2025 14:15:40.563;04-03-2025 14:16:05.822;25259
1;04-03-2025 14:15:49.061;04-03-2025 14:16:05.948;16887
3;04-03-2025 14:15:47.896;04-03-2025 14:16:07.937;20041
1;04-03-2025 14:15:49.061;04-03-2025 14:16:11.931;22870
3;04-03-2025 14:15:47.896;04-03-2025 14:16:12.929;25033
3;04-03-2025 14:15:47.896;04-03-2025 14:16:17.933;30037
3;04-03-2025 14:15:47.896;04-03-2025 14:16:22.923;35027
3;04-03-2025 14:15:47.896;04-03-2025 14:16:27.930;40034
3;04-03-2025 14:15:47.896;04-03-2025 14:16:32.932;45036
3;04-03-2025 14:15:47.896;04-03-2025 14:16:37.956;50060
2;04-03-2025 14:15:40.563;04-03-2025 14:16:42.458;61895
3;04-03-2025 14:15:47.896;04-03-2025 14:16:42.929;55033
2;04-03-2025 14:15:40.563;04-03-2025 14:16:45.475;64912
0;04-03-2025 14:16:32.975;04-03-2025 14:16:46.903;13928
3;04-03-2025 14:15:47.896;04-03-2025 14:16:47.932;60036
3;04-03-2025 14:15:47.896;04-03-2025 14:16:52.923;65027
3;04-03-2025 14:15:47.896;04-03-2025 14:16:57.929;70033
2;04-03-2025 14:15:40.563;04-03-2025 14:17:02.483;81920
3;04-03-2025 14:15:47.896;04-03-2025 14:17:02.921;75025
1;04-03-2025 14:16:50.599;04-03-2025 14:17:05.315;14716
3;04-03-2025 14:15:47.896;04-03-2025 14:17:07.926;80030
1;04-03-2025 14:16:50.599;04-03-2025 14:17:12.339;21740
2;04-03-2025 14:15:40.563;04-03-2025 14:17:12.422;91859
3;04-03-2025 14:15:47.896;04-03-2025 14:17:12.931;85035
3;04-03-2025 14:15:47.896;04-03-2025 14:17:17.936;90040
1;04-03-2025 14:16:50.599;04-03-2025 14:17:20.210;29611
3;04-03-2025 14:15:47.896;04-03-2025 14:17:22.923;95027
3;04-03-2025 14:15:47.896;04-03-2025 14:17:27.967;100071
1;04-03-2025 14:16:50.599;04-03-2025 14:17:30.918;40319
3;04-03-2025 14:15:47.896;04-03-2025 14:17:32.942;105046
1;04-03-2025 14:16:50.599;04-03-2025 14:17:36.388;45789
2;04-03-2025 14:17:20.249;04-03-2025 14:17:36.724;16475
3;04-03-2025 14:15:47.896;04-03-2025 14:17:37.931;110035
0;04-03-2025 14:17:34.351;04-03-2025 14:17:40.502;6151
3;04-03-2025 14:15:47.896;04-03-2025 14:17:42.934;115038
1;04-03-2025 14:17:37.047;04-03-2025 14:17:46.330;9283
3;04-03-2025 14:15:47.896;04-03-2025 14:17:47.921;120025
0;04-03-2025 14:17:34.351;04-03-2025 14:17:52.662;18311
3;04-03-2025 14:15:47.896;04-03-2025 14:17:52.924;125028
0;04-03-2025 14:17:34.351;04-03-2025 14:17:55.635;21284
3;04-03-2025 14:15:47.896;04-03-2025 14:17:57.928;130032
0;04-03-2025 14:17:34.351;04-03-2025 14:17:58.162;23811
3;04-03-2025 14:15:47.896;04-03-2025 14:18:02.917;135021
3;04-03-2025 14:15:47.896;04-03-2025 14:18:07.922;140026
3;04-03-2025 14:15:47.896;04-03-2025 14:18:12.928;145032
1;04-03-2025 14:18:03.588;04-03-2025 14:18:14.768;11180
2;04-03-2025 14:17:58.870;04-03-2025 14:18:15.909;17039
3;04-03-2025 14:15:47.896;04-03-2025 14:18:17.930;150034
3;04-03-2025 14:15:47.896;04-03-2025 14:18:22.965;155069
0;04-03-2025 14:18:21.108;04-03-2025 14:18:24.035;2927
2;04-03-2025 14:17:58.870;04-03-2025 14:18:25.540;26670
1;04-03-2025 14:18:03.588;04-03-2025 14:18:26.386;22798
3;04-03-2025 14:15:47.896;04-03-2025 14:18:27.928;160032
0;04-03-2025 14:18:21.108;04-03-2025 14:18:30.906;9798
0;04-03-2025 14:18:21.108;04-03-2025 14:18:33.822;12714
1;04-03-2025 14:18:03.588;04-03-2025 14:18:41.753;38165
3;04-03-2025 14:18:42.900;04-03-2025 14:18:42.961;61
3;04-03-2025 14:18:42.900;04-03-2025 14:18:43.024;124
2;04-03-2025 14:17:58.870;04-03-2025 14:18:46.373;47503
3;04-03-2025 14:18:42.900;04-03-2025 14:18:47.917;5017
2;04-03-2025 14:17:58.870;04-03-2025 14:18:51.844;52974
3;04-03-2025 14:18:42.900;04-03-2025 14:18:52.940;10040
3;04-03-2025 14:18:42.900;04-03-2025 14:18:57.927;15027
2;04-03-2025 14:17:58.870;04-03-2025 14:19:00.703;61833
3;04-03-2025 14:18:42.900;04-03-2025 14:19:02.931;20031
1;04-03-2025 14:18:03.588;04-03-2025 14:19:03.789;60201
2;04-03-2025 14:17:58.870;04-03-2025 14:19:05.388;66518
3;04-03-2025 14:18:42.900;04-03-2025 14:19:07.921;25021
2;04-03-2025 14:17:58.870;04-03-2025 14:19:10.524;71654
1;04-03-2025 14:18:03.588;04-03-2025 14:19:10.795;67207
1;04-03-2025 14:18:03.588;04-03-2025 14:19:13.255;69667
2;04-03-2025 14:17:58.870;04-03-2025 14:19:15.623;76753
2;04-03-2025 14:19:19.832;04-03-2025 14:19:21.571;1739
0;04-03-2025 14:18:49.273;04-03-2025 14:19:22.019;32746
3;04-03-2025 14:19:22.900;04-03-2025 14:19:22.937;37
1;04-03-2025 14:18:03.588;04-03-2025 14:19:31.153;87565
3;04-03-2025 14:19:32.962;04-03-2025 14:19:33.013;51
3;04-03-2025 14:19:32.962;04-03-2025 14:19:33.060;98
3;04-03-2025 14:19:32.962;04-03-2025 14:19:37.924;4962
3;04-03-2025 14:19:32.962;04-03-2025 14:19:42.914;9952
1;04-03-2025 14:18:03.588;04-03-2025 14:19:46.825;103237
3;04-03-2025 14:19:32.962;04-03-2025 14:19:47.935;14973
1;04-03-2025 14:19:47.259;04-03-2025 14:19:51.383;4124
2;04-03-2025 14:19:25.881;04-03-2025 14:19:52.791;26910
3;04-03-2025 14:19:32.962;04-03-2025 14:19:52.924;19962
1;04-03-2025 14:19:47.259;04-03-2025 14:19:54.216;6957
2;04-03-2025 14:19:25.881;04-03-2025 14:19:55.493;29612
3;04-03-2025 14:20:07.905;04-03-2025 14:20:07.938;33
3;04-03-2025 14:20:07.905;04-03-2025 14:20:07.984;79
3;04-03-2025 14:20:07.905;04-03-2025 14:20:12.931;5026
1;04-03-2025 14:19:47.259;04-03-2025 14:20:17.176;29917
3;04-03-2025 14:20:07.905;04-03-2025 14:20:17.939;10034
3;04-03-2025 14:20:07.905;04-03-2025 14:20:22.923;15018
1;04-03-2025 14:19:47.259;04-03-2025 14:20:27.027;39768
3;04-03-2025 14:20:07.905;04-03-2025 14:20:27.930;20025
3;04-03-2025 14:20:07.905;04-03-2025 14:20:32.935;25030
3;04-03-2025 14:20:47.896;04-03-2025 14:20:47.936;40
1;04-03-2025 14:19:47.259;04-03-2025 14:20:52.789;65530
2;04-03-2025 14:19:25.881;04-03-2025 14:20:52.820;86939
3;04-03-2025 14:20:47.896;04-03-2025 14:20:52.923;5027
2;04-03-2025 14:19:25.881;04-03-2025 14:20:55.701;89820
3;04-03-2025 14:20:47.896;04-03-2025 14:20:57.928;10032
3;04-03-2025 14:21:12.902;04-03-2025 14:21:12.944;42
3;04-03-2025 14:21:12.902;04-03-2025 14:21:12.989;87
3;04-03-2025 14:21:12.902;04-03-2025 14:21:17.930;5028
3;04-03-2025 14:21:12.902;04-03-2025 14:21:22.922;10020
0;04-03-2025 14:21:22.577;04-03-2025 14:21:25.091;2514
3;04-03-2025 14:21:12.902;04-03-2025 14:21:27.927;15025
3;04-03-2025 14:21:12.902;04-03-2025 14:21:32.931;20029
3;04-03-2025 14:21:12.902;04-03-2025 14:21:37.946;25044
3;04-03-2025 14:21:12.902;04-03-2025 14:21:42.927;30025
3;04-03-2025 14:21:12.902;04-03-2025 14:21:47.963;35061
3;04-03-2025 14:22:02.899;04-03-2025 14:22:02.945;46
3;04-03-2025 14:22:02.899;04-03-2025 14:22:03.009;110
3;04-03-2025 14:22:02.899;04-03-2025 14:22:07.934;5035
3;04-03-2025 14:22:02.899;04-03-2025 14:22:12.947;10048
3;04-03-2025 14:22:02.899;04-03-2025 14:22:17.926;15027
1;04-03-2025 14:21:40.206;04-03-2025 14:22:19.168;38962
3;04-03-2025 14:22:02.899;04-03-2025 14:22:22.936;20037
3;04-03-2025 14:22:02.899;04-03-2025 14:22:27.922;25023
1;04-03-2025 14:22:30.027;04-03-2025 14:22:30.797;770
3;04-03-2025 14:22:02.899;04-03-2025 14:22:32.928;30029
1;04-03-2025 14:22:30.027;04-03-2025 14:22:35.049;5022
2;04-03-2025 14:22:34.303;04-03-2025 14:22:37.689;3386
3;04-03-2025 14:22:02.899;04-03-2025 14:22:37.935;35036
3;04-03-2025 14:22:02.899;04-03-2025 14:22:42.924;40025
1;04-03-2025 14:22:41.958;04-03-2025 14:22:45.525;3567
2;04-03-2025 14:22:41.709;04-03-2025 14:22:47.250;5541
3;04-03-2025 14:22:02.899;04-03-2025 14:22:47.928;45029
1;04-03-2025 14:22:41.958;04-03-2025 14:22:50.785;8827
2;04-03-2025 14:22:41.709;04-03-2025 14:22:51.229;9520
3;04-03-2025 14:22:02.899;04-03-2025 14:22:52.936;50037
3;04-03-2025 14:22:02.899;04-03-2025 14:22:57.924;55025
2;04-03-2025 14:22:41.709;04-03-2025 14:23:00.814;19105
3;04-03-2025 14:22:02.899;04-03-2025 14:23:02.931;60032
1;04-03-2025 14:22:52.719;04-03-2025 14:23:03.103;10384
3;04-03-2025 14:22:02.899;04-03-2025 14:23:07.922;65023
2;04-03-2025 14:22:41.709;04-03-2025 14:23:10.251;28542
1;04-03-2025 14:22:52.719;04-03-2025 14:23:11.563;18844
3;04-03-2025 14:22:02.899;04-03-2025 14:23:12.930;70031
3;04-03-2025 14:22:02.899;04-03-2025 14:23:17.934;75035
3;04-03-2025 14:22:02.899;04-03-2025 14:23:22.928;80029
2;04-03-2025 14:23:15.314;04-03-2025 14:23:25.956;10642
3;04-03-2025 14:23:37.901;04-03-2025 14:23:37.955;54
3;04-03-2025 14:23:37.901;04-03-2025 14:23:38.017;116
1;04-03-2025 14:23:24.959;04-03-2025 14:23:38.972;14013
3;04-03-2025 14:23:37.901;04-03-2025 14:23:42.927;5026
3;04-03-2025 14:23:37.901;04-03-2025 14:23:47.932;10031
3;04-03-2025 14:23:37.901;04-03-2025 14:23:52.925;15024
3;04-03-2025 14:23:37.901;04-03-2025 14:23:57.912;20011
3;04-03-2025 14:23:37.901;04-03-2025 14:24:02.935;25034
3;04-03-2025 14:23:37.901;04-03-2025 14:24:07.969;30068
1;04-03-2025 14:24:07.139;04-03-2025 14:24:10.141;3002
2;04-03-2025 14:23:54.274;04-03-2025 14:24:11.620;17346
3;04-03-2025 14:23:37.901;04-03-2025 14:24:12.928;35027
1;04-03-2025 14:24:07.139;04-03-2025 14:24:14.954;7815
2;04-03-2025 14:23:54.274;04-03-2025 14:24:15.370;21096
3;04-03-2025 14:23:37.901;04-03-2025 14:24:17.937;40036
1;04-03-2025 14:24:07.139;04-03-2025 14:24:17.983;10844
2;04-03-2025 14:24:15.860;04-03-2025 14:24:22.002;6142
3;04-03-2025 14:23:37.901;04-03-2025 14:24:22.924;45023
3;04-03-2025 14:23:37.901;04-03-2025 14:24:27.928;50027
1;04-03-2025 14:24:07.139;04-03-2025 14:24:28.434;21295
3;04-03-2025 14:23:37.901;04-03-2025 14:24:32.941;55040
1;04-03-2025 14:24:07.139;04-03-2025 14:24:37.229;30090
3;04-03-2025 14:23:37.901;04-03-2025 14:24:37.923;60022
3;04-03-2025 14:23:37.901;04-03-2025 14:24:42.926;65025
2;04-03-2025 14:24:15.860;04-03-2025 14:24:47.541;31681
1;04-03-2025 14:24:07.139;04-03-2025 14:24:47.566;40427
3;04-03-2025 14:23:37.901;04-03-2025 14:24:47.916;70015
1;04-03-2025 14:24:07.139;04-03-2025 14:24:50.231;43092
3;04-03-2025 14:23:37.901;04-03-2025 14:24:52.922;75021
3;04-03-2025 14:23:37.901;04-03-2025 14:24:57.931;80030
1;04-03-2025 14:24:07.139;04-03-2025 14:24:59.557;52418
3;04-03-2025 14:23:37.901;04-03-2025 14:25:02.935;85034
1;04-03-2025 14:24:07.139;04-03-2025 14:25:06.658;59519
3;04-03-2025 14:23:37.901;04-03-2025 14:25:07.925;90024
3;04-03-2025 14:23:37.901;04-03-2025 14:25:12.937;95036
2;04-03-2025 14:24:53.942;04-03-2025 14:25:16.210;22268
3;04-03-2025 14:23:37.901;04-03-2025 14:25:17.934;100033
1;04-03-2025 14:24:07.139;04-03-2025 14:25:21.750;74611
3;04-03-2025 14:23:37.901;04-03-2025 14:25:22.968;105067
3;04-03-2025 14:23:37.901;04-03-2025 14:25:27.935;110034
1;04-03-2025 14:24:07.139;04-03-2025 14:25:28.382;81243
3;04-03-2025 14:23:37.901;04-03-2025 14:25:32.935;115034
1;04-03-2025 14:24:07.139;04-03-2025 14:25:34.272;87133
2;04-03-2025 14:24:53.942;04-03-2025 14:25:35.990;42048
3;04-03-2025 14:23:37.901;04-03-2025 14:25:37.927;120026
2;04-03-2025 14:24:53.942;04-03-2025 14:25:41.286;47344
1;04-03-2025 14:24:07.139;04-03-2025 14:25:41.484;94345
1;04-03-2025 14:24:07.139;04-03-2025 14:25:43.052;95913
2;04-03-2025 14:24:53.942;04-03-2025 14:25:45.148;51206
1;04-03-2025 14:24:07.139;04-03-2025 14:25:50.074;102935
1;04-03-2025 14:24:07.139;04-03-2025 14:25:53.123;105984
2;04-03-2025 14:24:53.942;04-03-2025 14:25:54.306;60364
1;04-03-2025 14:24:07.139;04-03-2025 14:26:00.243;113104
2;04-03-2025 14:24:53.942;04-03-2025 14:26:01.779;67837
3;04-03-2025 14:26:02.921;04-03-2025 14:26:02.951;30
3;04-03-2025 14:26:02.921;04-03-2025 14:26:02.998;77
3;04-03-2025 14:26:02.921;04-03-2025 14:26:03.046;125
3;04-03-2025 14:26:02.921;04-03-2025 14:26:07.923;5002
3;04-03-2025 14:26:02.921;04-03-2025 14:26:12.928;10007
1;04-03-2025 14:24:07.139;04-03-2025 14:26:15.720;128581
3;04-03-2025 14:26:02.921;04-03-2025 14:26:17.933;15012
1;04-03-2025 14:24:07.139;04-03-2025 14:26:20.390;133251
3;04-03-2025 14:26:02.921;04-03-2025 14:26:22.921;20000
3;04-03-2025 14:26:02.921;04-03-2025 14:26:27.925;25004
3;04-03-2025 14:26:02.921;04-03-2025 14:26:32.933;30012
1;04-03-2025 14:24:07.139;04-03-2025 14:26:37.850;150711
1;04-03-2025 14:24:07.139;04-03-2025 14:26:39.163;152024
2;04-03-2025 14:26:27.889;04-03-2025 14:26:39.195;11306
3;04-03-2025 14:26:47.894;04-03-2025 14:26:47.931;37
3;04-03-2025 14:26:47.894;04-03-2025 14:26:52.934;5040
2;04-03-2025 14:26:27.889;04-03-2025 14:26:56.126;28237
3;04-03-2025 14:26:47.894;04-03-2025 14:26:57.924;10030
1;04-03-2025 14:24:07.139;04-03-2025 14:27:00.510;173371
0;04-03-2025 14:27:00.477;04-03-2025 14:27:01.052;575
3;04-03-2025 14:26:47.894;04-03-2025 14:27:02.947;15053
1;04-03-2025 14:24:07.139;04-03-2025 14:27:05.438;178299
0;04-03-2025 14:27:00.477;04-03-2025 14:27:06.010;5533
2;04-03-2025 14:26:27.889;04-03-2025 14:27:07.387;39498
3;04-03-2025 14:26:47.894;04-03-2025 14:27:07.935;20041
0;04-03-2025 14:27:00.477;04-03-2025 14:27:10.569;10092
3;04-03-2025 14:26:47.894;04-03-2025 14:27:12.927;25033
3;04-03-2025 14:26:47.894;04-03-2025 14:27:17.933;30039
3;04-03-2025 14:26:47.894;04-03-2025 14:27:22.922;35028
0;04-03-2025 14:27:25.508;04-03-2025 14:27:26.305;797
3;04-03-2025 14:27:37.899;04-03-2025 14:27:37.938;39
3;04-03-2025 14:27:37.899;04-03-2025 14:27:37.985;86
3;04-03-2025 14:27:37.899;04-03-2025 14:27:42.925;5026
3;04-03-2025 14:27:37.899;04-03-2025 14:27:47.930;10031
3;04-03-2025 14:27:37.899;04-03-2025 14:27:52.922;15023
0;04-03-2025 14:27:48.706;04-03-2025 14:28:00.529;11823
1;04-03-2025 14:27:35.988;04-03-2025 14:28:01.790;25802
1;04-03-2025 14:27:35.988;04-03-2025 14:28:05.485;29497
2;04-03-2025 14:27:23.382;04-03-2025 14:28:05.915;42533
3;04-03-2025 14:28:07.898;04-03-2025 14:28:07.951;53
3;04-03-2025 14:28:07.898;04-03-2025 14:28:07.984;86
1;04-03-2025 14:27:35.988;04-03-2025 14:28:10.235;34247
0;04-03-2025 14:27:48.706;04-03-2025 14:28:12.312;23606
3;04-03-2025 14:28:07.898;04-03-2025 14:28:12.926;5028
0;04-03-2025 14:27:48.706;04-03-2025 14:28:13.480;24774
3;04-03-2025 14:28:07.898;04-03-2025 14:28:17.934;10036
3;04-03-2025 14:28:07.898;04-03-2025 14:28:22.924;15026
0;04-03-2025 14:28:23.685;04-03-2025 14:28:25.220;1535
3;04-03-2025 14:28:07.898;04-03-2025 14:28:27.930;20032
3;04-03-2025 14:28:07.898;04-03-2025 14:28:32.934;25036
3;04-03-2025 14:28:07.898;04-03-2025 14:28:37.951;30053
1;04-03-2025 14:28:40.433;04-03-2025 14:28:40.685;252
3;04-03-2025 14:28:07.898;04-03-2025 14:28:42.930;35032
3;04-03-2025 14:28:07.898;04-03-2025 14:28:47.930;40032
3;04-03-2025 14:28:07.898;04-03-2025 14:28:52.934;45036
3;04-03-2025 14:28:07.898;04-03-2025 14:28:57.920;50022
3;04-03-2025 14:28:07.898;04-03-2025 14:29:02.928;55030
3;04-03-2025 14:28:07.898;04-03-2025 14:29:07.933;60035
3;04-03-2025 14:28:07.898;04-03-2025 14:29:12.924;65026
3;04-03-2025 14:28:07.898;04-03-2025 14:29:17.928;70030
2;04-03-2025 14:28:56.335;04-03-2025 14:29:18.723;22388
3;04-03-2025 14:28:07.898;04-03-2025 14:29:22.934;75036
3;04-03-2025 14:28:07.898;04-03-2025 14:29:27.924;80026
3;04-03-2025 14:28:07.898;04-03-2025 14:29:32.924;85026
3;04-03-2025 14:28:07.898;04-03-2025 14:29:37.931;90033
3;04-03-2025 14:28:07.898;04-03-2025 14:29:42.920;95022
3;04-03-2025 14:28:07.898;04-03-2025 14:29:47.921;100023
1;04-03-2025 14:29:29.791;04-03-2025 14:29:51.146;21355
1;04-03-2025 14:29:29.791;04-03-2025 14:29:52.963;23172
3;04-03-2025 14:30:02.899;04-03-2025 14:30:02.934;35
3;04-03-2025 14:30:02.899;04-03-2025 14:30:02.983;84
3;04-03-2025 14:30:02.899;04-03-2025 14:30:07.924;5025
1;04-03-2025 14:30:06.306;04-03-2025 14:30:08.001;1695
3;04-03-2025 14:30:02.899;04-03-2025 14:30:12.932;10033
3;04-03-2025 14:30:02.899;04-03-2025 14:30:17.931;15032
3;04-03-2025 14:30:02.899;04-03-2025 14:30:22.926;20027
3;04-03-2025 14:30:37.899;04-03-2025 14:30:37.945;46
3;04-03-2025 14:30:37.899;04-03-2025 14:30:37.992;93
3;04-03-2025 14:30:37.899;04-03-2025 14:30:42.933;5034
3;04-03-2025 14:30:37.899;04-03-2025 14:30:47.938;10039
3;04-03-2025 14:30:37.899;04-03-2025 14:30:52.929;15030
3;04-03-2025 14:31:07.899;04-03-2025 14:31:07.941;42
3;04-03-2025 14:31:07.899;04-03-2025 14:31:07.989;90
3;04-03-2025 14:31:07.899;04-03-2025 14:31:12.932;5033
3;04-03-2025 14:31:07.899;04-03-2025 14:31:17.940;10041
3;04-03-2025 14:31:07.899;04-03-2025 14:31:22.926;15027
1;04-03-2025 14:30:55.129;04-03-2025 14:31:25.816;30687
3;04-03-2025 14:31:07.899;04-03-2025 14:31:27.931;20032
3;04-03-2025 14:31:07.899;04-03-2025 14:31:32.933;25034
1;04-03-2025 14:30:55.129;04-03-2025 14:31:32.982;37853
3;04-03-2025 14:31:07.899;04-03-2025 14:31:37.924;30025
1;04-03-2025 14:31:34.384;04-03-2025 14:31:38.157;3773
3;04-03-2025 14:31:07.899;04-03-2025 14:31:42.928;35029
3;04-03-2025 14:31:07.899;04-03-2025 14:31:47.933;40034
1;04-03-2025 14:31:34.384;04-03-2025 14:31:50.918;16534
3;04-03-2025 14:31:07.899;04-03-2025 14:31:52.922;45023
1;04-03-2025 14:31:34.384;04-03-2025 14:31:53.653;19269
3;04-03-2025 14:31:07.899;04-03-2025 14:31:57.929;50030
3;04-03-2025 14:31:07.899;04-03-2025 14:32:02.929;55030
3;04-03-2025 14:31:07.899;04-03-2025 14:32:07.918;60019
3;04-03-2025 14:31:07.899;04-03-2025 14:32:12.921;65022
3;04-03-2025 14:31:07.899;04-03-2025 14:32:17.928;70029
3;04-03-2025 14:31:07.899;04-03-2025 14:32:22.931;75032
3;04-03-2025 14:31:07.899;04-03-2025 14:32:27.935;80036
1;04-03-2025 14:32:25.956;04-03-2025 14:32:30.824;4868
3;04-03-2025 14:31:07.899;04-03-2025 14:32:32.941;85042
3;04-03-2025 14:31:07.899;04-03-2025 14:32:37.928;90029
3;04-03-2025 14:31:07.899;04-03-2025 14:32:42.931;95032
3;04-03-2025 14:31:07.899;04-03-2025 14:32:47.919;100020
1;04-03-2025 14:32:25.956;04-03-2025 14:32:50.344;24388
3;04-03-2025 14:31:07.899;04-03-2025 14:32:52.941;105042
3;04-03-2025 14:31:07.899;04-03-2025 14:32:57.928;110029
3;04-03-2025 14:31:07.899;04-03-2025 14:33:02.935;115036
1;04-03-2025 14:32:25.956;04-03-2025 14:33:06.653;40697
3;04-03-2025 14:31:07.899;04-03-2025 14:33:07.925;120026
3;04-03-2025 14:31:07.899;04-03-2025 14:33:12.930;125031
3;04-03-2025 14:31:07.899;04-03-2025 14:33:17.922;130023
3;04-03-2025 14:31:07.899;04-03-2025 14:33:22.955;135056
1;04-03-2025 14:33:11.483;04-03-2025 14:33:26.139;14656
3;04-03-2025 14:31:07.899;04-03-2025 14:33:27.926;140027
1;04-03-2025 14:33:11.483;04-03-2025 14:33:27.982;16499
3;04-03-2025 14:31:07.899;04-03-2025 14:33:32.934;145035
2;04-03-2025 14:33:05.023;04-03-2025 14:33:36.972;31949
3;04-03-2025 14:31:07.899;04-03-2025 14:33:37.938;150039
2;04-03-2025 14:33:05.023;04-03-2025 14:33:40.523;35500
0;04-03-2025 14:33:28.606;04-03-2025 14:33:42.616;14010
3;04-03-2025 14:31:07.899;04-03-2025 14:33:42.927;155028
2;04-03-2025 14:33:05.023;04-03-2025 14:33:46.136;41113
1;04-03-2025 14:33:11.483;04-03-2025 14:33:47.448;35965
3;04-03-2025 14:31:07.899;04-03-2025 14:33:47.935;160036
1;04-03-2025 14:33:11.483;04-03-2025 14:33:48.367;36884
2;04-03-2025 14:33:48.978;04-03-2025 14:33:50.533;1555
3;04-03-2025 14:31:07.899;04-03-2025 14:33:52.938;165039
3;04-03-2025 14:31:07.899;04-03-2025 14:33:57.925;170026
2;04-03-2025 14:34:01.262;04-03-2025 14:34:02.327;1065
3;04-03-2025 14:31:07.899;04-03-2025 14:34:02.933;175034
3;04-03-2025 14:31:07.899;04-03-2025 14:34:07.939;180040
3;04-03-2025 14:31:07.899;04-03-2025 14:34:12.927;185028
3;04-03-2025 14:31:07.899;04-03-2025 14:34:17.973;190074
1;04-03-2025 14:34:18.889;04-03-2025 14:34:22.095;3206
3;04-03-2025 14:31:07.899;04-03-2025 14:34:22.933;195034
3;04-03-2025 14:31:07.899;04-03-2025 14:34:27.964;200065
2;04-03-2025 14:34:01.262;04-03-2025 14:34:31.091;29829
3;04-03-2025 14:31:07.899;04-03-2025 14:34:32.913;205014
3;04-03-2025 14:31:07.899;04-03-2025 14:34:37.934;210035
3;04-03-2025 14:31:07.899;04-03-2025 14:34:42.925;215026
2;04-03-2025 14:34:01.262;04-03-2025 14:34:46.879;45617
3;04-03-2025 14:31:07.899;04-03-2025 14:34:47.925;220026
2;04-03-2025 14:34:01.262;04-03-2025 14:34:50.718;49456
1;04-03-2025 14:34:18.889;04-03-2025 14:34:50.750;31861
3;04-03-2025 14:31:07.899;04-03-2025 14:34:52.929;225030
3;04-03-2025 14:31:07.899;04-03-2025 14:34:57.934;230035
3;04-03-2025 14:31:07.899;04-03-2025 14:35:02.925;235026
3;04-03-2025 14:31:07.899;04-03-2025 14:35:07.932;240033
3;04-03-2025 14:31:07.899;04-03-2025 14:35:12.921;245022
2;04-03-2025 14:34:01.262;04-03-2025 14:35:15.284;74022
3;04-03-2025 14:31:07.899;04-03-2025 14:35:17.940;250041
3;04-03-2025 14:31:07.899;04-03-2025 14:35:22.927;255028
1;04-03-2025 14:35:20.504;04-03-2025 14:35:25.595;5091
3;04-03-2025 14:31:07.899;04-03-2025 14:35:27.918;260019
3;04-03-2025 14:31:07.899;04-03-2025 14:35:32.924;265025
3;04-03-2025 14:31:07.899;04-03-2025 14:35:37.934;270035
3;04-03-2025 14:31:07.899;04-03-2025 14:35:42.920;275021
3;04-03-2025 14:31:07.899;04-03-2025 14:35:47.926;280027
2;04-03-2025 14:35:50.805;04-03-2025 14:35:51.287;482
3;04-03-2025 14:31:07.899;04-03-2025 14:35:52.945;285046
3;04-03-2025 14:31:07.899;04-03-2025 14:35:57.915;290016
3;04-03-2025 14:31:07.899;04-03-2025 14:36:02.920;295021
3;04-03-2025 14:31:07.899;04-03-2025 14:36:07.927;300028
3;04-03-2025 14:31:07.899;04-03-2025 14:36:12.930;305031
3;04-03-2025 14:31:07.899;04-03-2025 14:36:17.922;310023
3;04-03-2025 14:31:07.899;04-03-2025 14:36:22.927;315028
1;04-03-2025 14:36:24.146;04-03-2025 14:36:27.526;3380
3;04-03-2025 14:31:07.899;04-03-2025 14:36:27.931;320032
3;04-03-2025 14:31:07.899;04-03-2025 14:36:32.966;325067
2;04-03-2025 14:36:04.988;04-03-2025 14:36:36.559;31571
3;04-03-2025 14:31:07.899;04-03-2025 14:36:37.926;330027
1;04-03-2025 14:36:36.746;04-03-2025 14:36:38.066;1320
2;04-03-2025 14:36:04.988;04-03-2025 14:36:40.833;35845
1;04-03-2025 14:36:49.987;04-03-2025 14:36:51.452;1465
2;04-03-2025 14:36:50.686;04-03-2025 14:36:52.208;1522
3;04-03-2025 14:36:52.899;04-03-2025 14:36:52.934;35
3;04-03-2025 14:36:52.899;04-03-2025 14:36:52.984;85
3;04-03-2025 14:36:52.899;04-03-2025 14:36:57.922;5023
3;04-03-2025 14:36:52.899;04-03-2025 14:37:02.929;10030
3;04-03-2025 14:36:52.899;04-03-2025 14:37:07.934;15035
2;04-03-2025 14:36:53.778;04-03-2025 14:37:11.715;17937
3;04-03-2025 14:36:52.899;04-03-2025 14:37:12.936;20037
2;04-03-2025 14:36:53.778;04-03-2025 14:37:13.907;20129
3;04-03-2025 14:36:52.899;04-03-2025 14:37:17.926;25027
2;04-03-2025 14:36:53.778;04-03-2025 14:37:22.152;28374
3;04-03-2025 14:36:52.899;04-03-2025 14:37:22.916;30017
3;04-03-2025 14:36:52.899;04-03-2025 14:37:27.920;35021
3;04-03-2025 14:36:52.899;04-03-2025 14:37:32.925;40026
3;04-03-2025 14:36:52.899;04-03-2025 14:37:37.931;45032
3;04-03-2025 14:36:52.899;04-03-2025 14:37:42.934;50035
3;04-03-2025 14:36:52.899;04-03-2025 14:37:47.955;55056
1;04-03-2025 14:37:46.036;04-03-2025 14:37:49.824;3788
3;04-03-2025 14:36:52.899;04-03-2025 14:37:52.931;60032
3;04-03-2025 14:36:52.899;04-03-2025 14:37:57.936;65037
3;04-03-2025 14:36:52.899;04-03-2025 14:38:02.928;70029
3;04-03-2025 14:36:52.899;04-03-2025 14:38:07.929;75030
3;04-03-2025 14:36:52.899;04-03-2025 14:38:12.936;80037
3;04-03-2025 14:36:52.899;04-03-2025 14:38:17.923;85024
3;04-03-2025 14:36:52.899;04-03-2025 14:38:22.928;90029
3;04-03-2025 14:36:52.899;04-03-2025 14:38:27.933;95034
3;04-03-2025 14:36:52.899;04-03-2025 14:38:32.924;100025
3;04-03-2025 14:38:47.894;04-03-2025 14:38:47.940;46
3;04-03-2025 14:38:47.894;04-03-2025 14:38:52.924;5030
3;04-03-2025 14:38:47.894;04-03-2025 14:38:57.929;10035
2;04-03-2025 14:38:28.405;04-03-2025 14:39:01.104;32699
3;04-03-2025 14:38:47.894;04-03-2025 14:39:02.936;15042
1;04-03-2025 14:38:40.552;04-03-2025 14:39:03.088;22536
2;04-03-2025 14:38:28.405;04-03-2025 14:39:07.325;38920
2;04-03-2025 14:38:28.405;04-03-2025 14:39:08.048;39643
1;04-03-2025 14:38:40.552;04-03-2025 14:39:09.933;29381
3;04-03-2025 14:39:17.900;04-03-2025 14:39:17.932;32
3;04-03-2025 14:39:27.953;04-03-2025 14:39:27.989;36
3;04-03-2025 14:39:27.953;04-03-2025 14:39:28.021;68
2;04-03-2025 14:38:28.405;04-03-2025 14:39:30.604;62199
3;04-03-2025 14:39:27.953;04-03-2025 14:39:32.930;4977
2;04-03-2025 14:38:28.405;04-03-2025 14:39:35.597;67192
3;04-03-2025 14:39:27.953;04-03-2025 14:39:37.934;9981
3;04-03-2025 14:39:52.899;04-03-2025 14:39:52.949;50
3;04-03-2025 14:39:52.899;04-03-2025 14:39:52.999;100
3;04-03-2025 14:39:52.899;04-03-2025 14:39:57.925;5026
3;04-03-2025 14:40:12.907;04-03-2025 14:40:12.939;32
3;04-03-2025 14:40:12.907;04-03-2025 14:40:12.986;79
3;04-03-2025 14:40:12.907;04-03-2025 14:40:17.936;5029
3;04-03-2025 14:40:12.907;04-03-2025 14:40:22.935;10028
3;04-03-2025 14:40:12.907;04-03-2025 14:40:27.924;15017
3;04-03-2025 14:40:12.907;04-03-2025 14:40:32.940;20033
1;04-03-2025 14:39:56.248;04-03-2025 14:40:35.361;39113
3;04-03-2025 14:40:12.907;04-03-2025 14:40:37.929;25022
2;04-03-2025 14:39:52.641;04-03-2025 14:40:38.596;45955
3;04-03-2025 14:40:12.907;04-03-2025 14:40:42.963;30056
2;04-03-2025 14:39:52.641;04-03-2025 14:40:43.617;50976
3;04-03-2025 14:40:12.907;04-03-2025 14:40:47.926;35019
2;04-03-2025 14:39:52.641;04-03-2025 14:40:48.559;55918
0;04-03-2025 14:40:38.402;04-03-2025 14:40:52.463;14061
3;04-03-2025 14:40:12.907;04-03-2025 14:40:52.933;40026
2;04-03-2025 14:39:52.641;04-03-2025 14:40:55.917;63276
3;04-03-2025 14:40:12.907;04-03-2025 14:40:57.921;45014
1;04-03-2025 14:39:56.248;04-03-2025 14:40:58.781;62533
3;04-03-2025 14:40:12.907;04-03-2025 14:41:02.930;50023
3;04-03-2025 14:40:12.907;04-03-2025 14:41:07.935;55028
3;04-03-2025 14:40:12.907;04-03-2025 14:41:12.944;60037
3;04-03-2025 14:40:12.907;04-03-2025 14:41:17.942;65035
3;04-03-2025 14:40:12.907;04-03-2025 14:41:22.931;70024
3;04-03-2025 14:40:12.907;04-03-2025 14:41:27.922;75015
3;04-03-2025 14:41:42.899;04-03-2025 14:41:42.936;37
3;04-03-2025 14:41:42.899;04-03-2025 14:41:42.983;84
3;04-03-2025 14:41:42.899;04-03-2025 14:41:47.927;5028
3;04-03-2025 14:41:42.899;04-03-2025 14:41:52.930;10031
3;04-03-2025 14:42:07.899;04-03-2025 14:42:07.958;59
3;04-03-2025 14:42:07.899;04-03-2025 14:42:07.989;90
3;04-03-2025 14:42:07.899;04-03-2025 14:42:12.931;5032
3;04-03-2025 14:42:07.899;04-03-2025 14:42:17.923;10024
3;04-03-2025 14:42:07.899;04-03-2025 14:42:22.926;15027
3;04-03-2025 14:42:07.899;04-03-2025 14:42:27.934;20035
3;04-03-2025 14:42:07.899;04-03-2025 14:42:32.925;25026
3;04-03-2025 14:42:07.899;04-03-2025 14:42:37.928;30029
3;04-03-2025 14:42:07.899;04-03-2025 14:42:42.919;35020
3;04-03-2025 14:42:07.899;04-03-2025 14:42:47.923;40024
1;04-03-2025 14:42:45.272;04-03-2025 14:42:51.072;5800
3;04-03-2025 14:42:07.899;04-03-2025 14:42:52.914;45015
3;04-03-2025 14:42:07.899;04-03-2025 14:42:57.934;50035
1;04-03-2025 14:42:45.272;04-03-2025 14:43:02.294;17022
3;04-03-2025 14:42:07.899;04-03-2025 14:43:02.924;55025
3;04-03-2025 14:42:07.899;04-03-2025 14:43:07.931;60032
0;04-03-2025 14:43:11.157;04-03-2025 14:43:12.593;1436
3;04-03-2025 14:42:07.899;04-03-2025 14:43:12.934;65035
3;04-03-2025 14:42:07.899;04-03-2025 14:43:17.925;70026
3;04-03-2025 14:42:07.899;04-03-2025 14:43:22.928;75029
3;04-03-2025 14:42:07.899;04-03-2025 14:43:27.933;80034
0;04-03-2025 14:43:25.784;04-03-2025 14:43:32.421;6637
3;04-03-2025 14:42:07.899;04-03-2025 14:43:32.923;85024
3;04-03-2025 14:42:07.899;04-03-2025 14:43:37.927;90028
3;04-03-2025 14:42:07.899;04-03-2025 14:43:42.930;95031
3;04-03-2025 14:42:07.899;04-03-2025 14:43:47.923;100024
3;04-03-2025 14:42:07.899;04-03-2025 14:43:52.928;105029
3;04-03-2025 14:42:07.899;04-03-2025 14:43:57.930;110031
3;04-03-2025 14:42:07.899;04-03-2025 14:44:02.938;115039
3;04-03-2025 14:42:07.899;04-03-2025 14:44:07.927;120028
1;04-03-2025 14:44:02.631;04-03-2025 14:44:11.422;8791
3;04-03-2025 14:42:07.899;04-03-2025 14:44:12.932;125033
1;04-03-2025 14:44:17.086;04-03-2025 14:44:17.179;93
3;04-03-2025 14:42:07.899;04-03-2025 14:44:17.920;130021
3;04-03-2025 14:42:07.899;04-03-2025 14:44:22.939;135040
0;04-03-2025 14:44:07.294;04-03-2025 14:44:26.097;18803
3;04-03-2025 14:42:07.899;04-03-2025 14:44:27.945;140046
1;04-03-2025 14:44:22.662;04-03-2025 14:44:31.680;9018
3;04-03-2025 14:42:07.899;04-03-2025 14:44:32.935;145036
2;04-03-2025 14:44:14.243;04-03-2025 14:44:37.848;23605
3;04-03-2025 14:42:07.899;04-03-2025 14:44:37.923;150024
2;04-03-2025 14:44:14.243;04-03-2025 14:44:41.386;27143
3;04-03-2025 14:42:07.899;04-03-2025 14:44:42.927;155028
3;04-03-2025 14:42:07.899;04-03-2025 14:44:47.916;160017
2;04-03-2025 14:44:14.243;04-03-2025 14:44:50.272;36029
3;04-03-2025 14:42:07.899;04-03-2025 14:44:52.963;165064
3;04-03-2025 14:42:07.899;04-03-2025 14:44:57.924;170025
3;04-03-2025 14:42:07.899;04-03-2025 14:45:02.930;175031
1;04-03-2025 14:44:22.662;04-03-2025 14:45:05.406;42744
2;04-03-2025 14:44:14.243;04-03-2025 14:45:05.614;51371
3;04-03-2025 14:42:07.899;04-03-2025 14:45:07.933;180034
3;04-03-2025 14:42:07.899;04-03-2025 14:45:12.930;185031
3;04-03-2025 14:42:07.899;04-03-2025 14:45:17.932;190033
3;04-03-2025 14:42:07.899;04-03-2025 14:45:22.926;195027
2;04-03-2025 14:45:22.557;04-03-2025 14:45:25.891;3334
3;04-03-2025 14:42:07.899;04-03-2025 14:45:27.927;200028
3;04-03-2025 14:42:07.899;04-03-2025 14:45:32.929;205030
3;04-03-2025 14:42:07.899;04-03-2025 14:45:37.950;210051
3;04-03-2025 14:42:07.899;04-03-2025 14:45:42.925;215026
3;04-03-2025 14:42:07.899;04-03-2025 14:45:47.930;220031
3;04-03-2025 14:42:07.899;04-03-2025 14:45:52.937;225038
3;04-03-2025 14:42:07.899;04-03-2025 14:45:57.942;230043
3;04-03-2025 14:42:07.899;04-03-2025 14:46:02.929;235030
2;04-03-2025 14:45:54.948;04-03-2025 14:46:07.770;12822
3;04-03-2025 14:42:07.899;04-03-2025 14:46:07.936;240037
2;04-03-2025 14:45:54.948;04-03-2025 14:46:10.857;15909
3;04-03-2025 14:42:07.899;04-03-2025 14:46:12.923;245024
3;04-03-2025 14:42:07.899;04-03-2025 14:46:17.929;250030
1;04-03-2025 14:45:54.665;04-03-2025 14:46:19.026;24361
1;04-03-2025 14:45:54.665;04-03-2025 14:46:26.601;31936
0;04-03-2025 14:45:23.800;04-03-2025 14:46:27.231;63431
2;04-03-2025 14:45:54.948;04-03-2025 14:46:30.446;35498
3;04-03-2025 14:46:32.900;04-03-2025 14:46:32.950;50
3;04-03-2025 14:46:32.900;04-03-2025 14:46:32.994;94
1;04-03-2025 14:45:54.665;04-03-2025 14:46:35.318;40653
3;04-03-2025 14:46:32.900;04-03-2025 14:46:37.942;5042
1;04-03-2025 14:45:54.665;04-03-2025 14:46:38.812;44147
3;04-03-2025 14:46:32.900;04-03-2025 14:46:42.969;10069
1;04-03-2025 14:45:54.665;04-03-2025 14:46:46.392;51727
3;04-03-2025 14:46:32.900;04-03-2025 14:46:47.953;15053
1;04-03-2025 14:46:47.701;04-03-2025 14:46:50.340;2639
3;04-03-2025 14:46:32.900;04-03-2025 14:46:52.935;20035
3;04-03-2025 14:46:32.900;04-03-2025 14:46:57.924;25024
3;04-03-2025 14:46:32.900;04-03-2025 14:47:02.930;30030
3;04-03-2025 14:46:32.900;04-03-2025 14:47:07.935;35035
3;04-03-2025 14:46:32.900;04-03-2025 14:47:12.926;40026
3;04-03-2025 14:46:32.900;04-03-2025 14:47:17.931;45031
3;04-03-2025 14:46:32.900;04-03-2025 14:47:22.933;50033
1;04-03-2025 14:46:47.701;04-03-2025 14:47:26.656;38955
3;04-03-2025 14:46:32.900;04-03-2025 14:47:27.939;55039
1;04-03-2025 14:47:27.330;04-03-2025 14:47:31.356;4026
3;04-03-2025 14:46:32.900;04-03-2025 14:47:32.930;60030
3;04-03-2025 14:46:32.900;04-03-2025 14:47:37.934;65034
1;04-03-2025 14:47:27.330;04-03-2025 14:47:40.488;13158
3;04-03-2025 14:46:32.900;04-03-2025 14:47:42.967;70067
1;04-03-2025 14:47:27.330;04-03-2025 14:47:46.460;19130
3;04-03-2025 14:46:32.900;04-03-2025 14:47:47.929;75029
3;04-03-2025 14:46:32.900;04-03-2025 14:47:52.953;80053
3;04-03-2025 14:46:32.900;04-03-2025 14:47:57.955;85055
3;04-03-2025 14:46:32.900;04-03-2025 14:48:02.927;90027
3;04-03-2025 14:46:32.900;04-03-2025 14:48:07.934;95034
3;04-03-2025 14:46:32.900;04-03-2025 14:48:12.940;100040
1;04-03-2025 14:47:27.330;04-03-2025 14:48:14.358;47028
3;04-03-2025 14:46:32.900;04-03-2025 14:48:17.930;105030
3;04-03-2025 14:46:32.900;04-03-2025 14:48:22.935;110035
3;04-03-2025 14:46:32.900;04-03-2025 14:48:27.923;115023
1;04-03-2025 14:47:27.330;04-03-2025 14:48:30.605;63275
3;04-03-2025 14:46:32.900;04-03-2025 14:48:32.931;120031
1;04-03-2025 14:47:27.330;04-03-2025 14:48:35.832;68502
1;04-03-2025 14:47:27.330;04-03-2025 14:48:37.956;70626
1;04-03-2025 14:47:27.330;04-03-2025 14:48:43.939;76609
2;04-03-2025 14:48:36.002;04-03-2025 14:48:45.170;9168
3;04-03-2025 14:48:47.895;04-03-2025 14:48:47.928;33
3;04-03-2025 14:48:47.895;04-03-2025 14:48:52.916;5021
3;04-03-2025 14:48:47.895;04-03-2025 14:48:57.939;10044
3;04-03-2025 14:48:47.895;04-03-2025 14:49:02.926;15031
1;04-03-2025 14:47:27.330;04-03-2025 14:49:04.953;97623
2;04-03-2025 14:49:00.887;04-03-2025 14:49:05.704;4817
3;04-03-2025 14:48:47.895;04-03-2025 14:49:07.948;20053
3;04-03-2025 14:48:47.895;04-03-2025 14:49:12.938;25043
3;04-03-2025 14:48:47.895;04-03-2025 14:49:17.942;30047
3;04-03-2025 14:48:47.895;04-03-2025 14:49:22.930;35035
3;04-03-2025 14:48:47.895;04-03-2025 14:49:27.935;40040
1;04-03-2025 14:47:27.330;04-03-2025 14:49:30.372;123042
2;04-03-2025 14:49:00.887;04-03-2025 14:49:30.712;29825
3;04-03-2025 14:48:47.895;04-03-2025 14:49:32.938;45043
1;04-03-2025 14:47:27.330;04-03-2025 14:49:35.333;128003
3;04-03-2025 14:48:47.895;04-03-2025 14:49:37.943;50048
3;04-03-2025 14:48:47.895;04-03-2025 14:49:42.932;55037
0;04-03-2025 14:49:31.169;04-03-2025 14:49:45.853;14684
3;04-03-2025 14:48:47.895;04-03-2025 14:49:47.936;60041
3;04-03-2025 14:48:47.895;04-03-2025 14:49:52.939;65044
3;04-03-2025 14:48:47.895;04-03-2025 14:49:57.931;70036
3;04-03-2025 14:48:47.895;04-03-2025 14:50:02.951;75056
3;04-03-2025 14:48:47.895;04-03-2025 14:50:07.940;80045
3;04-03-2025 14:48:47.895;04-03-2025 14:50:12.933;85038
3;04-03-2025 14:48:47.895;04-03-2025 14:50:17.933;90038
3;04-03-2025 14:48:47.895;04-03-2025 14:50:22.950;95055
3;04-03-2025 14:48:47.895;04-03-2025 14:50:27.929;100034
3;04-03-2025 14:48:47.895;04-03-2025 14:50:32.932;105037
3;04-03-2025 14:48:47.895;04-03-2025 14:50:37.935;110040
3;04-03-2025 14:48:47.895;04-03-2025 14:50:42.938;115043
3;04-03-2025 14:48:47.895;04-03-2025 14:50:47.927;120032
2;04-03-2025 14:50:48.805;04-03-2025 14:50:51.178;2373
3;04-03-2025 14:48:47.895;04-03-2025 14:50:52.944;125049
3;04-03-2025 14:48:47.895;04-03-2025 14:50:57.934;130039
3;04-03-2025 14:48:47.895;04-03-2025 14:51:02.924;135029
3;04-03-2025 14:48:47.895;04-03-2025 14:51:07.927;140032
1;04-03-2025 14:51:07.882;04-03-2025 14:51:12.000;4118
2;04-03-2025 14:51:10.062;04-03-2025 14:51:12.556;2494
3;04-03-2025 14:48:47.895;04-03-2025 14:51:12.930;145035
3;04-03-2025 14:48:47.895;04-03-2025 14:51:17.922;150027
1;04-03-2025 14:51:16.184;04-03-2025 14:51:20.261;4077
3;04-03-2025 14:48:47.895;04-03-2025 14:51:22.940;155045
1;04-03-2025 14:51:16.184;04-03-2025 14:51:25.381;9197
3;04-03-2025 14:48:47.895;04-03-2025 14:51:27.927;160032
3;04-03-2025 14:48:47.895;04-03-2025 14:51:32.934;165039
2;04-03-2025 14:51:10.062;04-03-2025 14:51:35.198;25136
1;04-03-2025 14:51:16.184;04-03-2025 14:51:36.170;19986
3;04-03-2025 14:48:47.895;04-03-2025 14:51:37.935;170040
3;04-03-2025 14:48:47.895;04-03-2025 14:51:42.925;175030
3;04-03-2025 14:48:47.895;04-03-2025 14:51:47.927;180032
2;04-03-2025 14:51:10.062;04-03-2025 14:51:52.415;42353
3;04-03-2025 14:48:47.895;04-03-2025 14:51:52.933;185038
3;04-03-2025 14:48:47.895;04-03-2025 14:51:57.921;190026
1;04-03-2025 14:51:16.184;04-03-2025 14:51:59.280;43096
3;04-03-2025 14:48:47.895;04-03-2025 14:52:02.929;195034
3;04-03-2025 14:48:47.895;04-03-2025 14:52:07.933;200038
2;04-03-2025 14:52:14.766;04-03-2025 14:52:15.982;1216
3;04-03-2025 14:52:22.899;04-03-2025 14:52:22.944;45
3;04-03-2025 14:52:22.899;04-03-2025 14:52:22.990;91
3;04-03-2025 14:52:37.899;04-03-2025 14:52:37.937;38
3;04-03-2025 14:52:37.899;04-03-2025 14:52:37.986;87
2;04-03-2025 14:52:14.766;04-03-2025 14:52:42.863;28097
3;04-03-2025 14:52:37.899;04-03-2025 14:52:42.926;5027
3;04-03-2025 14:52:37.899;04-03-2025 14:52:47.931;10032
3;04-03-2025 14:52:37.899;04-03-2025 14:52:52.923;15024
3;04-03-2025 14:52:37.899;04-03-2025 14:52:57.925;20026
3;04-03-2025 14:52:37.899;04-03-2025 14:53:02.928;25029
3;04-03-2025 14:52:37.899;04-03-2025 14:53:07.936;30037
3;04-03-2025 14:52:37.899;04-03-2025 14:53:12.926;35027
3;04-03-2025 14:52:37.899;04-03-2025 14:53:17.933;40034
3;04-03-2025 14:52:37.899;04-03-2025 14:53:22.920;45021
3;04-03-2025 14:52:37.899;04-03-2025 14:53:27.924;50025
3;04-03-2025 14:52:37.899;04-03-2025 14:53:32.916;55017
2;04-03-2025 14:53:08.937;04-03-2025 14:53:34.861;25924
3;04-03-2025 14:52:37.899;04-03-2025 14:53:37.948;60049
3;04-03-2025 14:52:37.899;04-03-2025 14:53:42.923;65024
3;04-03-2025 14:52:37.899;04-03-2025 14:53:47.953;70054
3;04-03-2025 14:52:37.899;04-03-2025 14:53:52.941;75042
2;04-03-2025 14:53:08.937;04-03-2025 14:53:55.819;46882
3;04-03-2025 14:52:37.899;04-03-2025 14:53:57.940;80041
2;04-03-2025 14:53:08.937;04-03-2025 14:53:58.324;49387
3;04-03-2025 14:52:37.899;04-03-2025 14:54:02.937;85038
0;04-03-2025 14:53:54.460;04-03-2025 14:54:05.553;11093
1;04-03-2025 14:53:45.292;04-03-2025 14:54:07.016;21724
3;04-03-2025 14:52:37.899;04-03-2025 14:54:07.937;90038
3;04-03-2025 14:52:37.899;04-03-2025 14:54:12.936;95037
3;04-03-2025 14:52:37.899;04-03-2025 14:54:17.925;100026
1;04-03-2025 14:54:16.820;04-03-2025 14:54:19.135;2315
0;04-03-2025 14:54:24.181;04-03-2025 14:54:26.684;2503
2;04-03-2025 14:54:23.734;04-03-2025 14:54:30.188;6454
3;04-03-2025 14:54:32.900;04-03-2025 14:54:32.941;41
3;04-03-2025 14:54:32.900;04-03-2025 14:54:32.988;88
1;04-03-2025 14:54:25.886;04-03-2025 14:54:35.729;9843
2;04-03-2025 14:54:23.734;04-03-2025 14:54:36.261;12527
3;04-03-2025 14:54:32.900;04-03-2025 14:54:37.914;5014
1;04-03-2025 14:54:25.886;04-03-2025 14:54:38.312;12426
3;04-03-2025 14:54:32.900;04-03-2025 14:54:42.936;10036
0;04-03-2025 14:54:31.280;04-03-2025 14:54:46.649;15369
3;04-03-2025 14:54:32.900;04-03-2025 14:54:47.925;15025
2;04-03-2025 14:54:23.734;04-03-2025 14:54:48.308;24574
3;04-03-2025 14:54:32.900;04-03-2025 14:54:52.929;20029
3;04-03-2025 14:54:32.900;04-03-2025 14:54:57.936;25036
3;04-03-2025 14:54:32.900;04-03-2025 14:55:02.933;30033
3;04-03-2025 14:54:32.900;04-03-2025 14:55:07.940;35040
3;04-03-2025 14:54:32.900;04-03-2025 14:55:12.935;40035
3;04-03-2025 14:54:32.900;04-03-2025 14:55:17.939;45039
3;04-03-2025 14:54:32.900;04-03-2025 14:55:22.937;50037
3;04-03-2025 14:54:32.900;04-03-2025 14:55:27.945;55045
3;04-03-2025 14:54:32.900;04-03-2025 14:55:32.932;60032
3;04-03-2025 14:54:32.900;04-03-2025 14:55:37.938;65038
3;04-03-2025 14:54:32.900;04-03-2025 14:55:42.929;70029
3;04-03-2025 14:54:32.900;04-03-2025 14:55:47.933;75033
3;04-03-2025 14:54:32.900;04-03-2025 14:55:52.939;80039
3;04-03-2025 14:54:32.900;04-03-2025 14:55:57.927;85027
3;04-03-2025 14:54:32.900;04-03-2025 14:56:02.934;90034
3;04-03-2025 14:54:32.900;04-03-2025 14:56:07.941;95041
3;04-03-2025 14:54:32.900;04-03-2025 14:56:12.927;100027
3;04-03-2025 14:54:32.900;04-03-2025 14:56:17.933;105033
3;04-03-2025 14:54:32.900;04-03-2025 14:56:22.925;110025
0;04-03-2025 14:56:13.228;04-03-2025 14:56:26.994;13766
3;04-03-2025 14:54:32.900;04-03-2025 14:56:27.927;115027
3;04-03-2025 14:54:32.900;04-03-2025 14:56:32.934;120034
3;04-03-2025 14:54:32.900;04-03-2025 14:56:37.938;125038
0;04-03-2025 14:56:27.094;04-03-2025 14:56:40.716;13622
3;04-03-2025 14:54:32.900;04-03-2025 14:56:42.927;130027
3;04-03-2025 14:54:32.900;04-03-2025 14:56:47.935;135035
1;04-03-2025 14:56:37.428;04-03-2025 14:56:48.489;11061
3;04-03-2025 14:54:32.900;04-03-2025 14:56:52.926;140026
2;04-03-2025 14:56:16.077;04-03-2025 14:56:57.504;41427
3;04-03-2025 14:54:32.900;04-03-2025 14:56:57.926;145026
0;04-03-2025 14:56:51.861;04-03-2025 14:56:58.516;6655
1;04-03-2025 14:56:55.696;04-03-2025 14:57:00.417;4721
3;04-03-2025 14:54:32.900;04-03-2025 14:57:02.915;150015
1;04-03-2025 14:56:55.696;04-03-2025 14:57:03.152;7456
0;04-03-2025 14:56:51.861;04-03-2025 14:57:04.318;12457
3;04-03-2025 14:54:32.900;04-03-2025 14:57:07.936;155036
3;04-03-2025 14:54:32.900;04-03-2025 14:57:12.926;160026
3;04-03-2025 14:54:32.900;04-03-2025 14:57:17.933;165033
3;04-03-2025 14:54:32.900;04-03-2025 14:57:22.921;170021
3;04-03-2025 14:54:32.900;04-03-2025 14:57:27.930;175030
3;04-03-2025 14:57:42.901;04-03-2025 14:57:42.945;44
1;04-03-2025 14:57:21.617;04-03-2025 14:57:52.599;30982
3;04-03-2025 14:57:52.971;04-03-2025 14:57:53.006;35
3;04-03-2025 14:57:52.971;04-03-2025 14:57:53.052;81
1;04-03-2025 14:57:21.617;04-03-2025 14:57:55.271;33654
3;04-03-2025 14:57:52.971;04-03-2025 14:57:57.930;4959
3;04-03-2025 14:57:52.971;04-03-2025 14:58:02.935;9964
2;04-03-2025 14:57:44.199;04-03-2025 14:58:05.983;21784
3;04-03-2025 14:57:52.971;04-03-2025 14:58:07.925;14954
3;04-03-2025 14:57:52.971;04-03-2025 14:58:12.930;19959
1;04-03-2025 14:58:02.551;04-03-2025 14:58:15.052;12501
3;04-03-2025 14:57:52.971;04-03-2025 14:58:17.935;24964
3;04-03-2025 14:57:52.971;04-03-2025 14:58:22.939;29968
2;04-03-2025 14:57:44.199;04-03-2025 14:58:26.130;41931
3;04-03-2025 14:57:52.971;04-03-2025 14:58:27.929;34958
1;04-03-2025 14:58:02.551;04-03-2025 14:58:31.570;29019
2;04-03-2025 14:58:29.310;04-03-2025 14:58:31.986;2676
3;04-03-2025 14:57:52.971;04-03-2025 14:58:32.937;39966
3;04-03-2025 14:57:52.971;04-03-2025 14:58:37.927;44956
1;04-03-2025 14:58:02.551;04-03-2025 14:58:38.361;35810
3;04-03-2025 14:57:52.971;04-03-2025 14:58:42.934;49963
3;04-03-2025 14:57:52.971;04-03-2025 14:58:47.922;54951
1;04-03-2025 14:58:02.551;04-03-2025 14:58:49.372;46821
3;04-03-2025 14:57:52.971;04-03-2025 14:58:52.966;59995
1;04-03-2025 14:58:02.551;04-03-2025 14:58:52.982;50431
3;04-03-2025 14:57:52.971;04-03-2025 14:58:57.931;64960
2;04-03-2025 14:59:01.338;04-03-2025 14:59:09.081;7743
3;04-03-2025 14:59:12.902;04-03-2025 14:59:12.964;62
3;04-03-2025 14:59:22.988;04-03-2025 14:59:23.027;39
3;04-03-2025 14:59:22.988;04-03-2025 14:59:23.077;89
3;04-03-2025 14:59:22.988;04-03-2025 14:59:27.968;4980
1;04-03-2025 14:59:22.298;04-03-2025 14:59:28.653;6355
3;04-03-2025 14:59:22.988;04-03-2025 14:59:32.928;9940
3;04-03-2025 14:59:22.988;04-03-2025 14:59:37.935;14947
3;04-03-2025 14:59:22.988;04-03-2025 14:59:42.923;19935
3;04-03-2025 15:50:32.946;04-03-2025 15:50:37.961;5015
2;04-03-2025 15:50:40.385;04-03-2025 15:50:42.323;1938
3;04-03-2025 15:50:32.946;04-03-2025 15:50:42.963;10017
3;04-03-2025 15:50:32.946;04-03-2025 15:50:47.942;14996
3;04-03-2025 15:50:32.946;04-03-2025 15:50:52.955;20009
1;04-03-2025 15:50:50.470;04-03-2025 15:50:55.643;5173
3;04-03-2025 15:50:32.946;04-03-2025 15:50:57.941;24995
1;04-03-2025 15:51:00.960;04-03-2025 15:51:01.202;242
3;04-03-2025 15:50:32.946;04-03-2025 15:51:02.962;30016
3;04-03-2025 15:50:32.946;04-03-2025 15:51:07.945;34999
2;04-03-2025 15:50:55.447;04-03-2025 15:51:08.253;12806
3;04-03-2025 15:50:32.946;04-03-2025 15:51:12.936;39990
3;04-03-2025 15:50:32.946;04-03-2025 15:51:17.944;44998
3;04-03-2025 15:50:32.946;04-03-2025 15:51:22.985;50039
3;04-03-2025 15:51:37.901;04-03-2025 15:51:37.982;81
3;04-03-2025 15:51:47.896;04-03-2025 15:51:47.927;31
3;04-03-2025 15:51:47.896;04-03-2025 15:51:52.966;5070
3;04-03-2025 15:51:47.896;04-03-2025 15:51:57.943;10047
3;04-03-2025 15:51:47.896;04-03-2025 15:52:02.947;15051
1;04-03-2025 15:51:51.008;04-03-2025 15:52:05.104;14096
0;04-03-2025 15:51:52.945;04-03-2025 15:52:07.258;14313
0;04-03-2025 15:51:52.945;04-03-2025 15:52:10.979;18034
3;04-03-2025 15:52:17.901;04-03-2025 15:52:17.980;79
0;04-03-2025 15:52:14.476;04-03-2025 15:52:18.150;3674
0;04-03-2025 15:52:20.500;04-03-2025 15:52:26.049;5549
3;04-03-2025 15:52:28.004;04-03-2025 15:52:28.069;65
0;04-03-2025 15:52:26.615;04-03-2025 15:52:29.631;3016
0;04-03-2025 15:52:26.615;04-03-2025 15:52:34.908;8293
3;04-03-2025 15:52:38.091;04-03-2025 15:52:38.141;50
3;04-03-2025 15:52:38.091;04-03-2025 15:52:38.205;114
3;04-03-2025 15:52:38.091;04-03-2025 15:52:42.953;4862
3;04-03-2025 15:52:38.091;04-03-2025 15:52:47.943;9852
3;04-03-2025 15:52:38.091;04-03-2025 15:52:52.950;14859
3;04-03-2025 15:52:38.091;04-03-2025 15:52:57.983;19892
3;04-03-2025 15:52:38.091;04-03-2025 15:53:02.973;24882
3;04-03-2025 15:52:38.091;04-03-2025 15:53:07.953;29862
3;04-03-2025 15:52:38.091;04-03-2025 15:53:12.953;34862
0;04-03-2025 15:53:07.108;04-03-2025 15:53:15.892;8784
3;04-03-2025 15:52:38.091;04-03-2025 15:53:17.942;39851
1;04-03-2025 15:53:05.890;04-03-2025 15:53:22.567;16677
3;04-03-2025 15:52:38.091;04-03-2025 15:53:22.946;44855
1;04-03-2025 15:53:05.890;04-03-2025 15:53:25.064;19174
3;04-03-2025 15:52:38.091;04-03-2025 15:53:27.933;49842
3;04-03-2025 15:52:38.091;04-03-2025 15:53:32.949;54858
3;04-03-2025 15:52:38.091;04-03-2025 15:53:37.946;59855
3;04-03-2025 15:52:38.091;04-03-2025 15:53:42.951;64860
1;04-03-2025 15:53:05.890;04-03-2025 15:53:43.647;37757
3;04-03-2025 15:52:38.091;04-03-2025 15:53:47.941;69850
3;04-03-2025 15:52:38.091;04-03-2025 15:53:52.950;74859
3;04-03-2025 15:52:38.091;04-03-2025 15:53:57.955;79864
3;04-03-2025 15:52:38.091;04-03-2025 15:54:02.940;84849
1;04-03-2025 15:53:05.890;04-03-2025 15:54:07.398;61508
3;04-03-2025 15:52:38.091;04-03-2025 15:54:07.945;89854
0;04-03-2025 15:54:10.750;04-03-2025 15:54:12.832;2082
3;04-03-2025 15:52:38.091;04-03-2025 15:54:12.944;94853
3;04-03-2025 15:52:38.091;04-03-2025 15:54:17.937;99846
0;04-03-2025 15:54:10.750;04-03-2025 15:54:21.276;10526
3;04-03-2025 15:52:38.091;04-03-2025 15:54:22.923;104832
3;04-03-2025 15:52:38.091;04-03-2025 15:54:27.947;109856
3;04-03-2025 15:52:38.091;04-03-2025 15:54:32.936;114845
3;04-03-2025 15:52:38.091;04-03-2025 15:54:37.934;119843
3;04-03-2025 15:52:38.091;04-03-2025 15:54:42.931;124840
2;04-03-2025 15:54:20.677;04-03-2025 15:54:43.870;23193
3;04-03-2025 15:52:38.091;04-03-2025 15:54:47.942;129851
2;04-03-2025 15:54:20.677;04-03-2025 15:54:48.190;27513
3;04-03-2025 15:52:38.091;04-03-2025 15:54:52.941;134850
3;04-03-2025 15:52:38.091;04-03-2025 15:54:57.936;139845
3;04-03-2025 15:52:38.091;04-03-2025 15:55:02.950;144859
1;04-03-2025 15:54:49.867;04-03-2025 15:55:05.137;15270
0;04-03-2025 15:54:47.960;04-03-2025 15:55:06.777;18817
3;04-03-2025 15:52:38.091;04-03-2025 15:55:07.944;149853
0;04-03-2025 15:54:47.960;04-03-2025 15:55:09.098;21138
3;04-03-2025 15:52:38.091;04-03-2025 15:55:12.942;154851
0;04-03-2025 15:54:47.960;04-03-2025 15:55:17.287;29327
3;04-03-2025 15:52:38.091;04-03-2025 15:55:17.946;159855
1;04-03-2025 15:54:49.867;04-03-2025 15:55:20.115;30248
3;04-03-2025 15:52:38.091;04-03-2025 15:55:22.955;164864
3;04-03-2025 15:52:38.091;04-03-2025 15:55:27.941;169850
1;04-03-2025 15:54:49.867;04-03-2025 15:55:30.387;40520
3;04-03-2025 15:52:38.091;04-03-2025 15:55:32.950;174859
1;04-03-2025 15:54:49.867;04-03-2025 15:55:35.067;45200
3;04-03-2025 15:52:38.091;04-03-2025 15:55:37.954;179863
3;04-03-2025 15:52:38.091;04-03-2025 15:55:42.937;184846
1;04-03-2025 15:54:49.867;04-03-2025 15:55:44.164;54297
3;04-03-2025 15:52:38.091;04-03-2025 15:55:47.943;189852
1;04-03-2025 15:54:49.867;04-03-2025 15:55:48.112;58245
3;04-03-2025 15:52:38.091;04-03-2025 15:55:52.954;194863
3;04-03-2025 15:52:38.091;04-03-2025 15:55:57.941;199850
1;04-03-2025 15:54:49.867;04-03-2025 15:55:58.063;68196
3;04-03-2025 15:52:38.091;04-03-2025 15:56:02.951;204860
1;04-03-2025 15:54:49.867;04-03-2025 15:56:12.439;82572
1;04-03-2025 15:54:49.867;04-03-2025 15:56:14.395;84528
3;04-03-2025 15:56:17.900;04-03-2025 15:56:17.960;60
3;04-03-2025 15:56:17.900;04-03-2025 15:56:18.022;122
1;04-03-2025 15:54:49.867;04-03-2025 15:56:20.258;90391
3;04-03-2025 15:56:17.900;04-03-2025 15:56:22.945;5045
1;04-03-2025 15:54:49.867;04-03-2025 15:56:25.215;95348
3;04-03-2025 15:56:17.900;04-03-2025 15:56:27.953;10053
1;04-03-2025 15:54:49.867;04-03-2025 15:56:30.761;100894
3;04-03-2025 15:56:17.900;04-03-2025 15:56:32.975;15075
1;04-03-2025 15:54:49.867;04-03-2025 15:56:36.912;107045
3;04-03-2025 15:56:17.900;04-03-2025 15:56:37.943;20043
3;04-03-2025 15:56:17.900;04-03-2025 15:56:42.957;25057
3;04-03-2025 15:56:17.900;04-03-2025 15:56:47.939;30039
3;04-03-2025 15:56:17.900;04-03-2025 15:56:52.950;35050
3;04-03-2025 15:56:17.900;04-03-2025 15:56:57.949;40049
3;04-03-2025 15:56:17.900;04-03-2025 15:57:02.936;45036
3;04-03-2025 15:56:17.900;04-03-2025 15:57:07.948;50048
1;04-03-2025 15:54:49.867;04-03-2025 15:57:11.271;141404
3;04-03-2025 15:56:17.900;04-03-2025 15:57:12.965;55065
1;04-03-2025 15:54:49.867;04-03-2025 15:57:16.366;146499
3;04-03-2025 15:56:17.900;04-03-2025 15:57:17.940;60040
3;04-03-2025 15:56:17.900;04-03-2025 15:57:22.948;65048
1;04-03-2025 15:54:49.867;04-03-2025 15:57:23.615;153748
3;04-03-2025 15:56:17.900;04-03-2025 15:57:27.949;70049
1;04-03-2025 15:54:49.867;04-03-2025 15:57:30.329;160462
2;04-03-2025 15:57:13.712;04-03-2025 15:57:30.489;16777
3;04-03-2025 15:56:17.900;04-03-2025 15:57:32.946;75046
3;04-03-2025 15:56:17.900;04-03-2025 15:57:37.949;80049
3;04-03-2025 15:57:52.900;04-03-2025 15:57:52.972;72
3;04-03-2025 15:57:52.900;04-03-2025 15:57:53.035;135
3;04-03-2025 15:57:52.900;04-03-2025 15:57:57.949;5049
3;04-03-2025 15:57:52.900;04-03-2025 15:58:02.961;10061
3;04-03-2025 15:57:52.900;04-03-2025 15:58:07.953;15053
3;04-03-2025 15:57:52.900;04-03-2025 15:58:12.955;20055
0;04-03-2025 15:57:53.733;04-03-2025 15:58:13.363;19630
1;04-03-2025 15:54:49.867;04-03-2025 15:58:13.704;203837
3;04-03-2025 15:57:52.900;04-03-2025 15:58:17.964;25064
3;04-03-2025 15:57:52.900;04-03-2025 15:58:22.943;30043
3;04-03-2025 15:57:52.900;04-03-2025 15:58:27.944;35044
3;04-03-2025 15:57:52.900;04-03-2025 15:58:32.961;40061
3;04-03-2025 15:57:52.900;04-03-2025 15:58:37.938;45038
3;04-03-2025 15:57:52.900;04-03-2025 15:58:42.954;50054
3;04-03-2025 15:57:52.900;04-03-2025 15:58:47.942;55042
3;04-03-2025 15:57:52.900;04-03-2025 15:58:52.951;60051
3;04-03-2025 15:57:52.900;04-03-2025 15:58:57.958;65058
3;04-03-2025 15:57:52.900;04-03-2025 15:59:02.939;70039
3;04-03-2025 15:57:52.900;04-03-2025 15:59:07.930;75030
3;04-03-2025 15:57:52.900;04-03-2025 15:59:12.934;80034
3;04-03-2025 15:57:52.900;04-03-2025 15:59:17.938;85038
3;04-03-2025 15:57:52.900;04-03-2025 15:59:22.923;90023
3;04-03-2025 15:57:52.900;04-03-2025 15:59:27.930;95030
3;04-03-2025 15:57:52.900;04-03-2025 15:59:32.933;100033
3;04-03-2025 15:57:52.900;04-03-2025 15:59:37.924;105024
3;04-03-2025 15:57:52.900;04-03-2025 15:59:42.927;110027
3;04-03-2025 15:57:52.900;04-03-2025 15:59:47.931;115031
3;04-03-2025 15:57:52.900;04-03-2025 15:59:52.923;120023
3;04-03-2025 15:57:52.900;04-03-2025 15:59:57.925;125025
3;04-03-2025 15:57:52.900;04-03-2025 16:00:02.926;130026
3;04-03-2025 15:57:52.900;04-03-2025 16:00:07.934;135034
3;04-03-2025 15:57:52.900;04-03-2025 16:00:12.920;140020
3;04-03-2025 15:57:52.900;04-03-2025 16:00:17.925;145025
3;04-03-2025 15:57:52.900;04-03-2025 16:00:22.930;150030
3;04-03-2025 15:57:52.900;04-03-2025 16:00:27.933;155033
3;04-03-2025 15:57:52.900;04-03-2025 16:00:32.923;160023
3;04-03-2025 15:57:52.900;04-03-2025 16:00:37.927;165027
3;04-03-2025 15:57:52.900;04-03-2025 16:00:42.934;170034
3;04-03-2025 15:57:52.900;04-03-2025 16:00:47.923;175023
3;04-03-2025 15:57:52.900;04-03-2025 16:00:52.927;180027
3;04-03-2025 15:57:52.900;04-03-2025 16:00:57.933;185033
3;04-03-2025 15:57:52.900;04-03-2025 16:01:02.942;190042
3;04-03-2025 15:57:52.900;04-03-2025 16:01:07.923;195023
3;04-03-2025 15:57:52.900;04-03-2025 16:01:12.928;200028
3;04-03-2025 15:57:52.900;04-03-2025 16:01:17.933;205033
3;04-03-2025 15:57:52.900;04-03-2025 16:01:22.939;210039
3;04-03-2025 15:57:52.900;04-03-2025 16:01:27.928;215028
3;04-03-2025 15:57:52.900;04-03-2025 16:01:32.931;220031
3;04-03-2025 15:57:52.900;04-03-2025 16:01:37.926;225026
3;04-03-2025 15:57:52.900;04-03-2025 16:01:42.931;230031
3;04-03-2025 15:57:52.900;04-03-2025 16:01:47.938;235038
3;04-03-2025 15:57:52.900;04-03-2025 16:01:52.942;240042
1;04-03-2025 16:01:51.157;04-03-2025 16:01:53.192;2035
3;04-03-2025 15:57:52.900;04-03-2025 16:01:57.929;245029
3;04-03-2025 15:57:52.900;04-03-2025 16:02:02.936;250036
3;04-03-2025 15:57:52.900;04-03-2025 16:02:07.921;255021
3;04-03-2025 15:57:52.900;04-03-2025 16:02:12.925;260025
3;04-03-2025 15:57:52.900;04-03-2025 16:02:17.930;265030
3;04-03-2025 15:57:52.900;04-03-2025 16:02:22.931;270031
1;04-03-2025 16:02:23.426;04-03-2025 16:02:27.642;4216
3;04-03-2025 15:57:52.900;04-03-2025 16:02:27.919;275019
3;04-03-2025 15:57:52.900;04-03-2025 16:02:32.926;280026
0;04-03-2025 16:02:34.404;04-03-2025 16:02:35.353;949
1;04-03-2025 16:02:23.426;04-03-2025 16:02:35.944;12518
3;04-03-2025 15:57:52.900;04-03-2025 16:02:37.934;285034
1;04-03-2025 16:02:23.426;04-03-2025 16:02:41.573;18147
3;04-03-2025 15:57:52.900;04-03-2025 16:02:42.923;290023
3;04-03-2025 15:57:52.900;04-03-2025 16:02:47.944;295044
3;04-03-2025 15:57:52.900;04-03-2025 16:02:52.932;300032
3;04-03-2025 15:57:52.900;04-03-2025 16:02:57.919;305019
3;04-03-2025 15:57:52.900;04-03-2025 16:03:02.927;310027
3;04-03-2025 15:57:52.900;04-03-2025 16:03:07.936;315036
3;04-03-2025 15:57:52.900;04-03-2025 16:03:12.925;320025
1;04-03-2025 16:03:17.382;04-03-2025 16:03:23.977;6595
2;04-03-2025 16:03:05.110;04-03-2025 16:03:24.321;19211
0;04-03-2025 16:03:16.776;04-03-2025 16:03:26.159;9383
2;04-03-2025 16:03:05.110;04-03-2025 16:03:30.623;25513
1;04-03-2025 16:03:17.382;04-03-2025 16:03:35.194;17812
0;04-03-2025 16:03:27.197;04-03-2025 16:03:36.122;8925
2;04-03-2025 16:03:05.110;04-03-2025 16:03:36.570;31460
3;04-03-2025 16:03:37.924;04-03-2025 16:03:37.973;49
3;04-03-2025 16:03:37.924;04-03-2025 16:03:38.038;114
3;04-03-2025 16:03:37.924;04-03-2025 16:03:38.070;146
2;04-03-2025 16:03:40.142;04-03-2025 16:03:41.054;912
0;04-03-2025 16:03:27.197;04-03-2025 16:03:41.306;14109
3;04-03-2025 16:03:37.924;04-03-2025 16:03:42.932;5008
1;04-03-2025 16:03:41.028;04-03-2025 16:03:44.078;3050
0;04-03-2025 16:03:27.197;04-03-2025 16:03:46.027;18830
3;04-03-2025 16:03:37.924;04-03-2025 16:03:47.961;10037
3;04-03-2025 16:03:37.924;04-03-2025 16:03:52.925;15001
3;04-03-2025 16:03:37.924;04-03-2025 16:03:57.926;20002
3;04-03-2025 16:03:37.924;04-03-2025 16:04:02.935;25011
3;04-03-2025 16:03:37.924;04-03-2025 16:04:07.933;30009
0;04-03-2025 16:03:46.926;04-03-2025 16:04:11.223;24297
3;04-03-2025 16:03:37.924;04-03-2025 16:04:12.924;35000
3;04-03-2025 16:03:37.924;04-03-2025 16:04:17.932;40008
3;04-03-2025 16:03:37.924;04-03-2025 16:04:22.921;44997
3;04-03-2025 16:03:37.924;04-03-2025 16:04:27.924;50000
3;04-03-2025 16:03:37.924;04-03-2025 16:04:32.931;55007
3;04-03-2025 16:03:37.924;04-03-2025 16:04:37.936;60012
3;04-03-2025 16:03:37.924;04-03-2025 16:04:42.955;65031
3;04-03-2025 16:03:37.924;04-03-2025 16:04:47.943;70019
3;04-03-2025 16:03:37.924;04-03-2025 16:04:52.935;75011
3;04-03-2025 16:03:37.924;04-03-2025 16:04:57.963;80039
3;04-03-2025 16:05:12.906;04-03-2025 16:05:12.952;46
3;04-03-2025 16:05:12.906;04-03-2025 16:05:13.001;95
3;04-03-2025 16:05:12.906;04-03-2025 16:05:17.932;5026
3;04-03-2025 16:05:12.906;04-03-2025 16:05:22.931;10025
3;04-03-2025 16:05:12.906;04-03-2025 16:05:27.946;15040
3;04-03-2025 16:05:12.906;04-03-2025 16:05:32.927;20021
3;04-03-2025 16:05:12.906;04-03-2025 16:05:37.935;25029
1;04-03-2025 16:05:35.081;04-03-2025 16:05:41.174;6093
3;04-03-2025 16:05:12.906;04-03-2025 16:05:42.923;30017
3;04-03-2025 16:05:12.906;04-03-2025 16:05:47.929;35023
1;04-03-2025 16:05:35.081;04-03-2025 16:05:48.146;13065
2;04-03-2025 16:05:08.233;04-03-2025 16:05:50.547;42314
3;04-03-2025 16:05:12.906;04-03-2025 16:05:52.935;40029
3;04-03-2025 16:05:12.906;04-03-2025 16:05:57.921;45015
3;04-03-2025 16:05:12.906;04-03-2025 16:06:02.923;50017
3;04-03-2025 16:05:12.906;04-03-2025 16:06:07.927;55021
3;04-03-2025 16:05:12.906;04-03-2025 16:06:12.933;60027
3;04-03-2025 16:05:12.906;04-03-2025 16:06:17.924;65018
1;04-03-2025 16:05:35.081;04-03-2025 16:06:17.963;42882
3;04-03-2025 16:05:12.906;04-03-2025 16:06:22.929;70023
3;04-03-2025 16:05:12.906;04-03-2025 16:06:27.934;75028
3;04-03-2025 16:05:12.906;04-03-2025 16:06:32.922;80016
1;04-03-2025 16:06:42.534;04-03-2025 16:06:45.471;2937
2;04-03-2025 16:06:45.647;04-03-2025 16:06:46.122;475
3;04-03-2025 16:06:47.896;04-03-2025 16:06:47.935;39
3;04-03-2025 16:06:47.896;04-03-2025 16:06:52.926;5030
2;04-03-2025 16:06:45.647;04-03-2025 16:06:57.426;11779
2;04-03-2025 16:06:45.647;04-03-2025 16:07:00.390;14743
1;04-03-2025 16:06:49.211;04-03-2025 16:07:05.492;16281
3;04-03-2025 16:07:07.900;04-03-2025 16:07:07.943;43
3;04-03-2025 16:07:07.900;04-03-2025 16:07:08.006;106
1;04-03-2025 16:07:09.382;04-03-2025 16:07:10.802;1420
3;04-03-2025 16:07:07.900;04-03-2025 16:07:12.931;5031
3;04-03-2025 16:07:07.900;04-03-2025 16:07:17.940;10040
3;04-03-2025 16:07:07.900;04-03-2025 16:07:22.925;15025
1;04-03-2025 16:07:09.382;04-03-2025 16:07:23.895;14513
3;04-03-2025 16:07:07.900;04-03-2025 16:07:27.916;20016
3;04-03-2025 16:07:07.900;04-03-2025 16:07:32.935;25035
1;04-03-2025 16:07:25.424;04-03-2025 16:07:37.770;12346
3;04-03-2025 16:07:07.900;04-03-2025 16:07:37.920;30020
1;04-03-2025 16:07:25.424;04-03-2025 16:07:38.971;13547
3;04-03-2025 16:07:07.900;04-03-2025 16:07:42.925;35025
1;04-03-2025 16:07:25.424;04-03-2025 16:07:44.374;18950
3;04-03-2025 16:07:07.900;04-03-2025 16:07:47.932;40032
1;04-03-2025 16:07:25.424;04-03-2025 16:07:48.182;22758
3;04-03-2025 16:07:07.900;04-03-2025 16:07:52.922;45022
3;04-03-2025 16:07:07.900;04-03-2025 16:07:57.929;50029
1;04-03-2025 16:07:25.424;04-03-2025 16:08:00.833;35409
3;04-03-2025 16:07:07.900;04-03-2025 16:08:02.934;55034
3;04-03-2025 16:07:07.900;04-03-2025 16:08:07.920;60020
3;04-03-2025 16:07:07.900;04-03-2025 16:08:12.924;65024
2;04-03-2025 16:07:13.039;04-03-2025 16:08:16.355;63316
3;04-03-2025 16:07:07.900;04-03-2025 16:08:17.930;70030
2;04-03-2025 16:07:13.039;04-03-2025 16:08:24.303;71264
1;04-03-2025 16:08:08.684;04-03-2025 16:08:27.338;18654
0;04-03-2025 16:08:27.192;04-03-2025 16:08:30.075;2883
2;04-03-2025 16:07:13.039;04-03-2025 16:08:30.826;77787
3;04-03-2025 16:08:32.900;04-03-2025 16:08:32.943;43
3;04-03-2025 16:08:32.900;04-03-2025 16:08:32.991;91
1;04-03-2025 16:08:08.684;04-03-2025 16:08:33.051;24367
3;04-03-2025 16:08:32.900;04-03-2025 16:08:37.931;5031
2;04-03-2025 16:07:13.039;04-03-2025 16:08:40.405;87366
3;04-03-2025 16:08:32.900;04-03-2025 16:08:42.933;10033
2;04-03-2025 16:07:13.039;04-03-2025 16:08:45.265;92226
1;04-03-2025 16:08:08.684;04-03-2025 16:08:46.013;37329
3;04-03-2025 16:08:32.900;04-03-2025 16:08:47.925;15025
1;04-03-2025 16:08:08.684;04-03-2025 16:08:48.044;39360
2;04-03-2025 16:07:13.039;04-03-2025 16:08:48.173;95134
3;04-03-2025 16:08:32.900;04-03-2025 16:08:52.923;20023
1;04-03-2025 16:08:08.684;04-03-2025 16:08:55.592;46908
3;04-03-2025 16:08:32.900;04-03-2025 16:08:57.928;25028
3;04-03-2025 16:08:32.900;04-03-2025 16:09:02.934;30034
1;04-03-2025 16:08:08.684;04-03-2025 16:09:06.078;57394
3;04-03-2025 16:08:32.900;04-03-2025 16:09:07.925;35025
1;04-03-2025 16:08:08.684;04-03-2025 16:09:10.615;61931
3;04-03-2025 16:08:32.900;04-03-2025 16:09:12.931;40031
1;04-03-2025 16:08:08.684;04-03-2025 16:09:13.075;64391
3;04-03-2025 16:08:32.900;04-03-2025 16:09:17.933;45033
3;04-03-2025 16:08:32.900;04-03-2025 16:09:22.927;50027
3;04-03-2025 16:08:32.900;04-03-2025 16:09:27.926;55026
2;04-03-2025 16:07:13.039;04-03-2025 16:09:31.931;138892
1;04-03-2025 16:09:23.410;04-03-2025 16:09:32.075;8665
3;04-03-2025 16:08:32.900;04-03-2025 16:09:32.932;60032
1;04-03-2025 16:09:23.410;04-03-2025 16:09:35.355;11945
3;04-03-2025 16:08:32.900;04-03-2025 16:09:37.919;65019
1;04-03-2025 16:09:23.410;04-03-2025 16:09:41.687;18277
3;04-03-2025 16:08:32.900;04-03-2025 16:09:42.924;70024
3;04-03-2025 16:08:32.900;04-03-2025 16:09:47.933;75033
3;04-03-2025 16:08:32.900;04-03-2025 16:09:52.933;80033
2;04-03-2025 16:07:13.039;04-03-2025 16:09:57.774;164735
3;04-03-2025 16:08:32.900;04-03-2025 16:09:57.922;85022
1;04-03-2025 16:09:23.410;04-03-2025 16:10:09.151;45741
3;04-03-2025 16:10:12.909;04-03-2025 16:10:12.974;65
3;04-03-2025 16:10:12.909;04-03-2025 16:10:13.006;97
1;04-03-2025 16:09:23.410;04-03-2025 16:10:16.872;53462
2;04-03-2025 16:07:13.039;04-03-2025 16:10:17.240;184201
3;04-03-2025 16:10:12.909;04-03-2025 16:10:17.919;5010
2;04-03-2025 16:07:13.039;04-03-2025 16:10:20.536;187497
3;04-03-2025 16:10:12.909;04-03-2025 16:10:22.926;10017
1;04-03-2025 16:09:23.410;04-03-2025 16:10:23.654;60244
2;04-03-2025 16:07:13.039;04-03-2025 16:10:23.673;190634
3;04-03-2025 16:10:12.909;04-03-2025 16:10:27.937;15028
3;04-03-2025 16:10:12.909;04-03-2025 16:10:32.933;20024
3;04-03-2025 16:10:12.909;04-03-2025 16:10:37.924;25015
3;04-03-2025 16:10:12.909;04-03-2025 16:10:42.928;30019
1;04-03-2025 16:09:23.410;04-03-2025 16:10:48.906;85496
2;04-03-2025 16:07:13.039;04-03-2025 16:10:51.862;218823
3;04-03-2025 16:10:57.901;04-03-2025 16:10:57.944;43
3;04-03-2025 16:10:57.901;04-03-2025 16:10:57.992;91
3;04-03-2025 16:10:57.901;04-03-2025 16:11:02.936;5035
3;04-03-2025 16:10:57.901;04-03-2025 16:11:07.923;10022
3;04-03-2025 16:10:57.901;04-03-2025 16:11:12.925;15024
3;04-03-2025 16:10:57.901;04-03-2025 16:11:17.932;20031
3;04-03-2025 16:10:57.901;04-03-2025 16:11:22.936;25035
3;04-03-2025 16:10:57.901;04-03-2025 16:11:27.925;30024
3;04-03-2025 16:10:57.901;04-03-2025 16:11:32.931;35030
1;04-03-2025 16:11:32.537;04-03-2025 16:11:33.669;1132
3;04-03-2025 16:10:57.901;04-03-2025 16:11:37.936;40035
2;04-03-2025 16:11:36.001;04-03-2025 16:11:40.678;4677
3;04-03-2025 16:10:57.901;04-03-2025 16:11:42.926;45025
3;04-03-2025 16:10:57.901;04-03-2025 16:11:47.930;50029
3;04-03-2025 16:10:57.901;04-03-2025 16:11:52.921;55020
3;04-03-2025 16:10:57.901;04-03-2025 16:11:57.927;60026
3;04-03-2025 16:10:57.901;04-03-2025 16:12:02.929;65028
3;04-03-2025 16:10:57.901;04-03-2025 16:12:07.933;70032
3;04-03-2025 16:10:57.901;04-03-2025 16:12:12.926;75025
3;04-03-2025 16:10:57.901;04-03-2025 16:12:17.933;80032
1;04-03-2025 16:12:04.119;04-03-2025 16:12:18.670;14551
3;04-03-2025 16:10:57.901;04-03-2025 16:12:22.940;85039
2;04-03-2025 16:11:36.001;04-03-2025 16:12:26.682;50681
1;04-03-2025 16:12:04.119;04-03-2025 16:12:26.832;22713
3;04-03-2025 16:10:57.901;04-03-2025 16:12:27.927;90026
1;04-03-2025 16:12:04.119;04-03-2025 16:12:28.064;23945
2;04-03-2025 16:11:36.001;04-03-2025 16:12:28.272;52271
1;04-03-2025 16:12:04.119;04-03-2025 16:12:33.548;29429
2;04-03-2025 16:11:36.001;04-03-2025 16:12:35.963;59962
2;04-03-2025 16:12:37.020;04-03-2025 16:12:40.140;3120
1;04-03-2025 16:12:04.119;04-03-2025 16:12:41.482;37363
3;04-03-2025 16:12:42.900;04-03-2025 16:12:42.959;59
3;04-03-2025 16:12:42.900;04-03-2025 16:12:42.990;90
2;04-03-2025 16:12:37.020;04-03-2025 16:12:45.241;8221
1;04-03-2025 16:12:04.119;04-03-2025 16:12:46.280;42161
3;04-03-2025 16:12:42.900;04-03-2025 16:12:47.934;5034
2;04-03-2025 16:12:37.020;04-03-2025 16:12:51.780;14760
3;04-03-2025 16:12:42.900;04-03-2025 16:12:52.923;10023
2;04-03-2025 16:12:37.020;04-03-2025 16:12:55.486;18466
3;04-03-2025 16:12:42.900;04-03-2025 16:12:57.922;15022
2;04-03-2025 16:12:37.020;04-03-2025 16:13:00.157;23137
3;04-03-2025 16:12:42.900;04-03-2025 16:13:02.931;20031
2;04-03-2025 16:12:37.020;04-03-2025 16:13:05.708;28688
3;04-03-2025 16:12:42.900;04-03-2025 16:13:07.936;25036
3;04-03-2025 16:12:42.900;04-03-2025 16:13:12.937;30037
2;04-03-2025 16:13:06.139;04-03-2025 16:13:16.464;10325
3;04-03-2025 16:12:42.900;04-03-2025 16:13:17.948;35048
3;04-03-2025 16:12:42.900;04-03-2025 16:13:22.932;40032
3;04-03-2025 16:12:42.900;04-03-2025 16:13:27.922;45022
3;04-03-2025 16:12:42.900;04-03-2025 16:13:32.928;50028
3;04-03-2025 16:12:42.900;04-03-2025 16:13:37.934;55034
2;04-03-2025 16:13:06.139;04-03-2025 16:13:41.518;35379
3;04-03-2025 16:12:42.900;04-03-2025 16:13:42.922;60022
3;04-03-2025 16:12:42.900;04-03-2025 16:13:47.942;65042
2;04-03-2025 16:13:06.139;04-03-2025 16:13:50.450;44311
1;04-03-2025 16:13:02.608;04-03-2025 16:13:57.230;54622
2;04-03-2025 16:13:06.139;04-03-2025 16:13:57.294;51155
1;04-03-2025 16:13:02.608;04-03-2025 16:13:58.152;55544
2;04-03-2025 16:13:06.139;04-03-2025 16:14:00.718;54579
3;04-03-2025 16:14:02.899;04-03-2025 16:14:02.948;49
2;04-03-2025 16:13:06.139;04-03-2025 16:14:05.433;59294
1;04-03-2025 16:13:02.608;04-03-2025 16:14:08.052;65444
2;04-03-2025 16:13:06.139;04-03-2025 16:14:10.261;64122
3;04-03-2025 16:14:12.972;04-03-2025 16:14:13.019;47
3;04-03-2025 16:14:12.972;04-03-2025 16:14:13.093;121
2;04-03-2025 16:13:06.139;04-03-2025 16:14:15.671;69532
1;04-03-2025 16:13:02.608;04-03-2025 16:14:15.937;73329
3;04-03-2025 16:14:12.972;04-03-2025 16:14:17.927;4955
2;04-03-2025 16:13:06.139;04-03-2025 16:14:20.959;74820
3;04-03-2025 16:14:12.972;04-03-2025 16:14:22.932;9960
3;04-03-2025 16:14:12.972;04-03-2025 16:14:27.941;14969
2;04-03-2025 16:13:06.139;04-03-2025 16:14:31.191;85052
3;04-03-2025 16:14:12.972;04-03-2025 16:14:32.933;19961
1;04-03-2025 16:14:27.117;04-03-2025 16:14:34.023;6906
2;04-03-2025 16:13:06.139;04-03-2025 16:14:35.574;89435
3;04-03-2025 16:14:12.972;04-03-2025 16:14:37.948;24976
1;04-03-2025 16:14:27.117;04-03-2025 16:14:39.060;11943
2;04-03-2025 16:13:06.139;04-03-2025 16:14:41.073;94934
3;04-03-2025 16:14:12.972;04-03-2025 16:14:42.961;29989
1;04-03-2025 16:14:27.117;04-03-2025 16:14:46.029;18912
3;04-03-2025 16:14:12.972;04-03-2025 16:14:47.922;34950
1;04-03-2025 16:14:47.590;04-03-2025 16:14:50.478;2888
3;04-03-2025 16:14:12.972;04-03-2025 16:14:52.927;39955
1;04-03-2025 16:14:47.590;04-03-2025 16:14:53.084;5494
2;04-03-2025 16:13:06.139;04-03-2025 16:14:56.392;110253
3;04-03-2025 16:14:12.972;04-03-2025 16:14:57.934;44962
3;04-03-2025 16:14:12.972;04-03-2025 16:15:02.931;49959
3;04-03-2025 16:14:12.972;04-03-2025 16:15:07.933;54961
1;04-03-2025 16:14:47.590;04-03-2025 16:15:08.322;20732
3;04-03-2025 16:14:12.972;04-03-2025 16:15:12.937;59965
3;04-03-2025 16:14:12.972;04-03-2025 16:15:17.937;64965
1;04-03-2025 16:14:47.590;04-03-2025 16:15:19.866;32276
3;04-03-2025 16:14:12.972;04-03-2025 16:15:22.927;69955
1;04-03-2025 16:14:47.590;04-03-2025 16:15:25.302;37712
0;04-03-2025 16:15:15.887;04-03-2025 16:15:27.827;11940
3;04-03-2025 16:14:12.972;04-03-2025 16:15:27.928;74956
0;04-03-2025 16:15:15.887;04-03-2025 16:15:30.531;14644
2;04-03-2025 16:14:59.088;04-03-2025 16:15:31.281;32193
3;04-03-2025 16:14:12.972;04-03-2025 16:15:32.935;79963
2;04-03-2025 16:14:59.088;04-03-2025 16:15:35.185;36097
0;04-03-2025 16:15:15.887;04-03-2025 16:15:35.569;19682
1;04-03-2025 16:15:30.775;04-03-2025 16:15:36.465;5690
3;04-03-2025 16:14:12.972;04-03-2025 16:15:37.929;84957
0;04-03-2025 16:15:15.887;04-03-2025 16:15:40.769;24882
2;04-03-2025 16:14:59.088;04-03-2025 16:15:41.871;42783
0;04-03-2025 16:15:15.887;04-03-2025 16:15:46.973;31086
0;04-03-2025 16:15:15.887;04-03-2025 16:15:49.165;33278
3;04-03-2025 16:15:52.900;04-03-2025 16:15:52.941;41
3;04-03-2025 16:15:52.900;04-03-2025 16:15:52.988;88
3;04-03-2025 16:15:52.900;04-03-2025 16:15:57.928;5028
2;04-03-2025 16:14:59.088;04-03-2025 16:15:58.047;58959
3;04-03-2025 16:15:52.900;04-03-2025 16:16:02.933;10033
3;04-03-2025 16:15:52.900;04-03-2025 16:16:07.922;15022
2;04-03-2025 16:14:59.088;04-03-2025 16:16:08.893;69805
3;04-03-2025 16:15:52.900;04-03-2025 16:16:12.929;20029
1;04-03-2025 16:16:08.410;04-03-2025 16:16:15.594;7184
3;04-03-2025 16:15:52.900;04-03-2025 16:16:17.921;25021
1;04-03-2025 16:16:16.280;04-03-2025 16:16:18.450;2170
3;04-03-2025 16:15:52.900;04-03-2025 16:16:22.963;30063
3;04-03-2025 16:15:52.900;04-03-2025 16:16:27.927;35027
3;04-03-2025 16:15:52.900;04-03-2025 16:16:32.929;40029
2;04-03-2025 16:14:59.088;04-03-2025 16:16:35.598;96510
1;04-03-2025 16:16:16.280;04-03-2025 16:16:36.935;20655
3;04-03-2025 16:15:52.900;04-03-2025 16:16:37.918;45018
3;04-03-2025 16:15:52.900;04-03-2025 16:16:42.920;50020
1;04-03-2025 16:16:16.280;04-03-2025 16:16:47.295;31015
3;04-03-2025 16:15:52.900;04-03-2025 16:16:47.924;55024
1;04-03-2025 16:16:16.280;04-03-2025 16:16:48.093;31813
1;04-03-2025 16:16:16.280;04-03-2025 16:16:55.439;39159
3;04-03-2025 16:17:02.900;04-03-2025 16:17:02.949;49
3;04-03-2025 16:17:02.900;04-03-2025 16:17:02.993;93
2;04-03-2025 16:14:59.088;04-03-2025 16:17:10.087;130999
1;04-03-2025 16:16:16.280;04-03-2025 16:17:12.798;56518
1;04-03-2025 16:16:16.280;04-03-2025 16:17:16.514;60234
3;04-03-2025 16:17:17.900;04-03-2025 16:17:17.945;45
3;04-03-2025 16:17:17.900;04-03-2025 16:17:18.008;108
2;04-03-2025 16:14:59.088;04-03-2025 16:17:21.149;142061
3;04-03-2025 16:17:17.900;04-03-2025 16:17:22.932;5032
2;04-03-2025 16:14:59.088;04-03-2025 16:17:23.684;144596
3;04-03-2025 16:17:17.900;04-03-2025 16:17:27.939;10039
1;04-03-2025 16:16:16.280;04-03-2025 16:17:30.092;73812
2;04-03-2025 16:14:59.088;04-03-2025 16:17:30.364;151276
3;04-03-2025 16:17:17.900;04-03-2025 16:17:32.924;15024
3;04-03-2025 16:17:17.900;04-03-2025 16:17:37.928;20028
3;04-03-2025 16:17:17.900;04-03-2025 16:17:42.932;25032
3;04-03-2025 16:17:17.900;04-03-2025 16:17:47.924;30024
3;04-03-2025 16:17:17.900;04-03-2025 16:17:52.928;35028
1;04-03-2025 16:16:16.280;04-03-2025 16:17:57.005;100725
3;04-03-2025 16:17:17.900;04-03-2025 16:17:57.930;40030
1;04-03-2025 16:16:16.280;04-03-2025 16:18:00.292;104012
3;04-03-2025 16:17:17.900;04-03-2025 16:18:02.921;45021
3;04-03-2025 16:18:17.901;04-03-2025 16:18:17.952;51
3;04-03-2025 16:18:17.901;04-03-2025 16:18:17.998;97
0;04-03-2025 16:17:45.583;04-03-2025 16:18:19.577;33994
2;04-03-2025 16:18:10.036;04-03-2025 16:18:20.820;10784
3;04-03-2025 16:18:17.901;04-03-2025 16:18:22.921;5020
2;04-03-2025 16:18:10.036;04-03-2025 16:18:25.283;15247
1;04-03-2025 16:16:16.280;04-03-2025 16:18:25.636;129356
0;04-03-2025 16:17:45.583;04-03-2025 16:18:26.958;41375
3;04-03-2025 16:18:17.901;04-03-2025 16:18:27.924;10023
0;04-03-2025 16:17:45.583;04-03-2025 16:18:30.253;44670
2;04-03-2025 16:18:10.036;04-03-2025 16:18:30.797;20761
1;04-03-2025 16:16:16.280;04-03-2025 16:18:31.245;134965
3;04-03-2025 16:18:17.901;04-03-2025 16:18:32.931;15030
1;04-03-2025 16:16:16.280;04-03-2025 16:18:32.956;136676
3;04-03-2025 16:18:17.901;04-03-2025 16:18:37.934;20033
0;04-03-2025 16:18:40.713;04-03-2025 16:18:41.554;841
2;04-03-2025 16:18:10.036;04-03-2025 16:18:42.610;32574
3;04-03-2025 16:18:17.901;04-03-2025 16:18:42.937;25036
3;04-03-2025 16:18:17.901;04-03-2025 16:18:47.922;30021
3;04-03-2025 16:18:17.901;04-03-2025 16:18:52.913;35012
3;04-03-2025 16:18:17.901;04-03-2025 16:18:57.916;40015
3;04-03-2025 16:18:17.901;04-03-2025 16:19:02.920;45019
3;04-03-2025 16:18:17.901;04-03-2025 16:19:07.927;50026
1;04-03-2025 16:16:16.280;04-03-2025 16:19:10.737;174457
3;04-03-2025 16:18:17.901;04-03-2025 16:19:12.931;55030
3;04-03-2025 16:18:17.901;04-03-2025 16:19:17.935;60034
1;04-03-2025 16:16:16.280;04-03-2025 16:19:20.897;184617
3;04-03-2025 16:18:17.901;04-03-2025 16:19:22.925;65024
3;04-03-2025 16:18:17.901;04-03-2025 16:19:27.929;70028
3;04-03-2025 16:18:17.901;04-03-2025 16:19:32.935;75034
1;04-03-2025 16:16:16.280;04-03-2025 16:19:35.442;199162
3;04-03-2025 16:18:17.901;04-03-2025 16:19:37.924;80023
3;04-03-2025 16:19:52.900;04-03-2025 16:19:52.935;35
3;04-03-2025 16:19:52.900;04-03-2025 16:19:52.983;83
3;04-03-2025 16:19:52.900;04-03-2025 16:19:57.923;5023
3;04-03-2025 16:19:52.900;04-03-2025 16:20:02.928;10028
0;04-03-2025 16:20:04.463;04-03-2025 16:20:06.889;2426
1;04-03-2025 16:16:16.280;04-03-2025 16:20:07.753;231473
3;04-03-2025 16:19:52.900;04-03-2025 16:20:07.937;15037
3;04-03-2025 16:19:52.900;04-03-2025 16:20:12.938;20038
2;04-03-2025 16:19:08.259;04-03-2025 16:20:17.759;69500
3;04-03-2025 16:19:52.900;04-03-2025 16:20:17.924;25024
3;04-03-2025 16:19:52.900;04-03-2025 16:20:22.934;30034
2;04-03-2025 16:19:08.259;04-03-2025 16:20:26.188;77929
3;04-03-2025 16:19:52.900;04-03-2025 16:20:27.922;35022
1;04-03-2025 16:20:28.147;04-03-2025 16:20:28.388;241
2;04-03-2025 16:19:08.259;04-03-2025 16:20:28.507;80248
3;04-03-2025 16:19:52.900;04-03-2025 16:20:32.928;40028
1;04-03-2025 16:20:28.147;04-03-2025 16:20:37.112;8965
3;04-03-2025 16:19:52.900;04-03-2025 16:20:37.934;45034
2;04-03-2025 16:19:08.259;04-03-2025 16:20:41.301;93042
3;04-03-2025 16:19:52.900;04-03-2025 16:20:42.923;50023
2;04-03-2025 16:19:08.259;04-03-2025 16:20:43.603;95344
3;04-03-2025 16:19:52.900;04-03-2025 16:20:47.912;55012
3;04-03-2025 16:19:52.900;04-03-2025 16:20:52.933;60033
3;04-03-2025 16:19:52.900;04-03-2025 16:20:57.921;65021
3;04-03-2025 16:19:52.900;04-03-2025 16:21:02.925;70025
3;04-03-2025 16:19:52.900;04-03-2025 16:21:07.914;75014
3;04-03-2025 16:19:52.900;04-03-2025 16:21:12.933;80033
3;04-03-2025 16:19:52.900;04-03-2025 16:21:17.925;85025
3;04-03-2025 16:19:52.900;04-03-2025 16:21:22.925;90025
3;04-03-2025 16:19:52.900;04-03-2025 16:21:27.930;95030
3;04-03-2025 16:19:52.900;04-03-2025 16:21:32.923;100023
3;04-03-2025 16:19:52.900;04-03-2025 16:21:37.940;105040
3;04-03-2025 16:19:52.900;04-03-2025 16:21:42.929;110029
3;04-03-2025 16:19:52.900;04-03-2025 16:21:47.934;115034
3;04-03-2025 16:19:52.900;04-03-2025 16:21:52.923;120023
3;04-03-2025 16:19:52.900;04-03-2025 16:21:57.940;125040
3;04-03-2025 16:19:52.900;04-03-2025 16:22:02.929;130029
3;04-03-2025 16:19:52.900;04-03-2025 16:22:07.933;135033
3;04-03-2025 16:19:52.900;04-03-2025 16:22:12.921;140021
3;04-03-2025 16:19:52.900;04-03-2025 16:22:17.923;145023
3;04-03-2025 16:19:52.900;04-03-2025 16:22:22.934;150034
3;04-03-2025 16:19:52.900;04-03-2025 16:22:27.936;155036
3;04-03-2025 16:19:52.900;04-03-2025 16:22:32.923;160023
3;04-03-2025 16:19:52.900;04-03-2025 16:22:37.930;165030
2;04-03-2025 16:22:37.711;04-03-2025 16:22:42.177;4466
3;04-03-2025 16:19:52.900;04-03-2025 16:22:42.921;170021
3;04-03-2025 16:19:52.900;04-03-2025 16:22:47.925;175025
3;04-03-2025 16:19:52.900;04-03-2025 16:22:52.930;180030
3;04-03-2025 16:19:52.900;04-03-2025 16:22:57.933;185033
3;04-03-2025 16:19:52.900;04-03-2025 16:23:02.938;190038
3;04-03-2025 16:19:52.900;04-03-2025 16:23:07.991;195091
3;04-03-2025 16:19:52.900;04-03-2025 16:23:12.932;200032
3;04-03-2025 16:19:52.900;04-03-2025 16:23:17.921;205021
3;04-03-2025 16:19:52.900;04-03-2025 16:23:22.922;210022
1;04-03-2025 16:23:10.275;04-03-2025 16:23:26.883;16608
3;04-03-2025 16:19:52.900;04-03-2025 16:23:27.926;215026
3;04-03-2025 16:19:52.900;04-03-2025 16:23:32.934;220034
3;04-03-2025 16:19:52.900;04-03-2025 16:23:37.925;225025
3;04-03-2025 16:19:52.900;04-03-2025 16:23:42.928;230028
3;04-03-2025 16:19:52.900;04-03-2025 16:23:47.931;235031
1;04-03-2025 16:23:10.275;04-03-2025 16:23:50.454;40179
3;04-03-2025 16:19:52.900;04-03-2025 16:23:52.937;240037
3;04-03-2025 16:19:52.900;04-03-2025 16:23:57.923;245023
3;04-03-2025 16:19:52.900;04-03-2025 16:24:02.931;250031
3;04-03-2025 16:19:52.900;04-03-2025 16:24:07.921;255021
3;04-03-2025 16:19:52.900;04-03-2025 16:24:12.924;260024
3;04-03-2025 16:19:52.900;04-03-2025 16:24:17.929;265029
3;04-03-2025 16:19:52.900;04-03-2025 16:24:22.934;270034
3;04-03-2025 16:19:52.900;04-03-2025 16:24:27.925;275025
3;04-03-2025 16:19:52.900;04-03-2025 16:24:32.913;280013
3;04-03-2025 16:19:52.900;04-03-2025 16:24:37.935;285035
3;04-03-2025 16:19:52.900;04-03-2025 16:24:42.924;290024
3;04-03-2025 16:19:52.900;04-03-2025 16:24:47.925;295025
3;04-03-2025 16:19:52.900;04-03-2025 16:24:52.915;300015
3;04-03-2025 16:19:52.900;04-03-2025 16:24:57.920;305020
3;04-03-2025 16:19:52.900;04-03-2025 16:25:02.925;310025
2;04-03-2025 16:24:54.403;04-03-2025 16:25:06.484;12081
3;04-03-2025 16:19:52.900;04-03-2025 16:25:07.938;315038
1;04-03-2025 16:25:00.192;04-03-2025 16:25:12.306;12114
3;04-03-2025 16:19:52.900;04-03-2025 16:25:12.935;320035
3;04-03-2025 16:19:52.900;04-03-2025 16:25:17.939;325039
2;04-03-2025 16:24:54.403;04-03-2025 16:25:20.350;25947
3;04-03-2025 16:19:52.900;04-03-2025 16:25:22.932;330032
3;04-03-2025 16:19:52.900;04-03-2025 16:25:27.943;335043
3;04-03-2025 16:19:52.900;04-03-2025 16:25:32.932;340032
1;04-03-2025 16:25:26.015;04-03-2025 16:25:36.122;10107
3;04-03-2025 16:19:52.900;04-03-2025 16:25:37.930;345030
1;04-03-2025 16:25:26.015;04-03-2025 16:25:38.136;12121
2;04-03-2025 16:25:35.970;04-03-2025 16:25:40.921;4951
0;04-03-2025 16:25:44.080;04-03-2025 16:25:44.911;831
2;04-03-2025 16:25:35.970;04-03-2025 16:25:45.909;9939
1;04-03-2025 16:25:26.015;04-03-2025 16:25:46.070;20055
1;04-03-2025 16:25:26.015;04-03-2025 16:25:48.012;21997
2;04-03-2025 16:25:35.970;04-03-2025 16:25:48.177;12207
3;04-03-2025 16:25:52.900;04-03-2025 16:25:52.961;61
3;04-03-2025 16:25:52.900;04-03-2025 16:25:53.051;151
2;04-03-2025 16:25:35.970;04-03-2025 16:25:57.468;21498
0;04-03-2025 16:25:48.854;04-03-2025 16:25:57.560;8706
3;04-03-2025 16:25:52.900;04-03-2025 16:25:57.938;5038
1;04-03-2025 16:25:55.086;04-03-2025 16:25:58.202;3116
0;04-03-2025 16:25:48.854;04-03-2025 16:26:00.135;11281
2;04-03-2025 16:25:35.970;04-03-2025 16:26:00.343;24373
3;04-03-2025 16:25:52.900;04-03-2025 16:26:02.922;10022
0;04-03-2025 16:26:00.723;04-03-2025 16:26:05.271;4548
2;04-03-2025 16:25:35.970;04-03-2025 16:26:05.510;29540
1;04-03-2025 16:25:55.086;04-03-2025 16:26:05.574;10488
3;04-03-2025 16:25:52.900;04-03-2025 16:26:07.929;15029
1;04-03-2025 16:25:55.086;04-03-2025 16:26:07.973;12887
0;04-03-2025 16:26:08.499;04-03-2025 16:26:10.895;2396
3;04-03-2025 16:25:52.900;04-03-2025 16:26:12.932;20032
0;04-03-2025 16:26:08.499;04-03-2025 16:26:15.183;6684
1;04-03-2025 16:25:55.086;04-03-2025 16:26:15.360;20274
3;04-03-2025 16:25:52.900;04-03-2025 16:26:17.924;25024
0;04-03-2025 16:26:08.499;04-03-2025 16:26:19.646;11147
1;04-03-2025 16:25:55.086;04-03-2025 16:26:20.766;25680
2;04-03-2025 16:26:14.495;04-03-2025 16:26:22.329;7834
3;04-03-2025 16:25:52.900;04-03-2025 16:26:22.926;30026
1;04-03-2025 16:25:55.086;04-03-2025 16:26:25.577;30491
2;04-03-2025 16:26:14.495;04-03-2025 16:26:25.625;11130
3;04-03-2025 16:25:52.900;04-03-2025 16:26:27.929;35029
1;04-03-2025 16:25:55.086;04-03-2025 16:26:28.098;33012
0;04-03-2025 16:26:08.499;04-03-2025 16:26:30.531;22032
3;04-03-2025 16:25:52.900;04-03-2025 16:26:32.934;40034
1;04-03-2025 16:25:55.086;04-03-2025 16:26:33.017;37931
3;04-03-2025 16:25:52.900;04-03-2025 16:26:37.927;45027
1;04-03-2025 16:25:55.086;04-03-2025 16:26:38.039;42953
0;04-03-2025 16:26:08.499;04-03-2025 16:26:41.450;32951
1;04-03-2025 16:25:55.086;04-03-2025 16:26:44.980;49894
2;04-03-2025 16:26:14.495;04-03-2025 16:26:46.854;32359
1;04-03-2025 16:25:55.086;04-03-2025 16:26:51.188;56102
3;04-03-2025 16:26:52.901;04-03-2025 16:26:52.939;38
1;04-03-2025 16:25:55.086;04-03-2025 16:26:55.390;60304
2;04-03-2025 16:26:14.495;04-03-2025 16:26:55.931;41436
0;04-03-2025 16:26:08.499;04-03-2025 16:27:00.816;52317
1;04-03-2025 16:25:55.086;04-03-2025 16:27:01.808;66722
3;04-03-2025 16:27:02.968;04-03-2025 16:27:03.031;63
3;04-03-2025 16:27:02.968;04-03-2025 16:27:03.079;111
1;04-03-2025 16:25:55.086;04-03-2025 16:27:03.520;68434
3;04-03-2025 16:27:02.968;04-03-2025 16:27:07.922;4954
1;04-03-2025 16:25:55.086;04-03-2025 16:27:08.826;73740
1;04-03-2025 16:25:55.086;04-03-2025 16:27:16.073;80987
1;04-03-2025 16:25:55.086;04-03-2025 16:27:18.088;83002
2;04-03-2025 16:27:04.584;04-03-2025 16:27:20.933;16349
3;04-03-2025 16:27:22.901;04-03-2025 16:27:22.940;39
3;04-03-2025 16:27:22.901;04-03-2025 16:27:23.002;101
2;04-03-2025 16:27:04.584;04-03-2025 16:27:23.366;18782
3;04-03-2025 16:27:22.901;04-03-2025 16:27:27.973;5072
3;04-03-2025 16:27:22.901;04-03-2025 16:27:32.935;10034
3;04-03-2025 16:27:22.901;04-03-2025 16:27:37.924;15023
3;04-03-2025 16:27:22.901;04-03-2025 16:27:42.931;20030
3;04-03-2025 16:27:57.901;04-03-2025 16:27:57.960;59
3;04-03-2025 16:27:57.901;04-03-2025 16:27:58.007;106
3;04-03-2025 16:27:57.901;04-03-2025 16:28:02.934;5033
2;04-03-2025 16:27:04.584;04-03-2025 16:28:07.014;62430
3;04-03-2025 16:27:57.901;04-03-2025 16:28:07.944;10043
0;04-03-2025 16:27:50.847;04-03-2025 16:28:12.666;21819
3;04-03-2025 16:27:57.901;04-03-2025 16:28:12.928;15027
3;04-03-2025 16:27:57.901;04-03-2025 16:28:17.933;20032
3;04-03-2025 16:27:57.901;04-03-2025 16:28:22.925;25024
1;04-03-2025 16:25:55.086;04-03-2025 16:28:26.144;151058
1;04-03-2025 16:25:55.086;04-03-2025 16:28:32.731;157645
2;04-03-2025 16:28:20.684;04-03-2025 16:28:32.793;12109
1;04-03-2025 16:25:55.086;04-03-2025 16:28:35.598;160512
3;04-03-2025 16:28:37.901;04-03-2025 16:28:37.940;39
3;04-03-2025 16:28:37.901;04-03-2025 16:28:37.987;86
2;04-03-2025 16:28:38.995;04-03-2025 16:28:42.601;3606
1;04-03-2025 16:25:55.086;04-03-2025 16:28:42.634;167548
3;04-03-2025 16:28:37.901;04-03-2025 16:28:42.927;5026
1;04-03-2025 16:25:55.086;04-03-2025 16:28:45.337;170251
2;04-03-2025 16:28:38.995;04-03-2025 16:28:47.737;8742
3;04-03-2025 16:28:37.901;04-03-2025 16:28:47.936;10035
0;04-03-2025 16:28:36.746;04-03-2025 16:28:50.089;13343
3;04-03-2025 16:28:37.901;04-03-2025 16:28:52.923;15022
1;04-03-2025 16:25:55.086;04-03-2025 16:28:55.285;180199
0;04-03-2025 16:28:50.722;04-03-2025 16:28:55.573;4851
3;04-03-2025 16:28:37.901;04-03-2025 16:28:57.930;20029
1;04-03-2025 16:25:55.086;04-03-2025 16:28:58.435;183349
2;04-03-2025 16:28:38.995;04-03-2025 16:28:58.589;19594
0;04-03-2025 16:28:50.722;04-03-2025 16:29:10.583;19861
3;04-03-2025 16:29:12.901;04-03-2025 16:29:12.944;43
3;04-03-2025 16:29:12.901;04-03-2025 16:29:12.990;89
3;04-03-2025 16:29:12.901;04-03-2025 16:29:17.934;5033
2;04-03-2025 16:29:03.167;04-03-2025 16:29:20.199;17032
3;04-03-2025 16:29:12.901;04-03-2025 16:29:22.924;10023
3;04-03-2025 16:29:12.901;04-03-2025 16:29:27.932;15031
3;04-03-2025 16:29:12.901;04-03-2025 16:29:32.935;20034
3;04-03-2025 16:29:12.901;04-03-2025 16:29:37.926;25025
3;04-03-2025 16:29:12.901;04-03-2025 16:29:42.931;30030
3;04-03-2025 16:29:12.901;04-03-2025 16:29:47.954;35053
3;04-03-2025 16:29:12.901;04-03-2025 16:29:52.928;40027
3;04-03-2025 16:29:12.901;04-03-2025 16:29:57.932;45031
1;04-03-2025 16:29:13.499;04-03-2025 16:30:00.917;47418
3;04-03-2025 16:29:12.901;04-03-2025 16:30:02.928;50027
1;04-03-2025 16:29:13.499;04-03-2025 16:30:07.188;53689
3;04-03-2025 16:29:12.901;04-03-2025 16:30:07.932;55031
2;04-03-2025 16:29:03.167;04-03-2025 16:30:08.033;64866
3;04-03-2025 16:29:12.901;04-03-2025 16:30:12.939;60038
1;04-03-2025 16:29:13.499;04-03-2025 16:30:13.242;59743
3;04-03-2025 16:29:12.901;04-03-2025 16:30:17.938;65037
2;04-03-2025 16:29:03.167;04-03-2025 16:30:20.365;77198
3;04-03-2025 16:29:12.901;04-03-2025 16:30:22.937;70036
3;04-03-2025 16:29:12.901;04-03-2025 16:30:27.940;75039
1;04-03-2025 16:29:13.499;04-03-2025 16:30:32.061;78562
3;04-03-2025 16:29:12.901;04-03-2025 16:30:32.929;80028
1;04-03-2025 16:30:32.965;04-03-2025 16:30:33.269;304
3;04-03-2025 16:29:12.901;04-03-2025 16:30:37.929;85028
3;04-03-2025 16:29:12.901;04-03-2025 16:30:42.934;90033
2;04-03-2025 16:30:21.120;04-03-2025 16:30:45.647;24527
3;04-03-2025 16:29:12.901;04-03-2025 16:30:47.923;95022
1;04-03-2025 16:30:32.965;04-03-2025 16:30:50.617;17652
3;04-03-2025 16:29:12.901;04-03-2025 16:30:52.929;100028
3;04-03-2025 16:29:12.901;04-03-2025 16:30:57.936;105035
2;04-03-2025 16:30:21.120;04-03-2025 16:31:01.541;40421
3;04-03-2025 16:29:12.901;04-03-2025 16:31:02.921;110020
1;04-03-2025 16:30:32.965;04-03-2025 16:31:05.347;32382
2;04-03-2025 16:30:21.120;04-03-2025 16:31:05.619;44499
0;04-03-2025 16:30:56.461;04-03-2025 16:31:05.747;9286
3;04-03-2025 16:29:12.901;04-03-2025 16:31:07.926;115025
1;04-03-2025 16:31:06.452;04-03-2025 16:31:10.641;4189
3;04-03-2025 16:29:12.901;04-03-2025 16:31:12.932;120031
3;04-03-2025 16:29:12.901;04-03-2025 16:31:17.956;125055
3;04-03-2025 16:29:12.901;04-03-2025 16:31:22.929;130028
1;04-03-2025 16:31:06.452;04-03-2025 16:31:27.362;20910
2;04-03-2025 16:30:21.120;04-03-2025 16:31:27.833;66713
3;04-03-2025 16:29:12.901;04-03-2025 16:31:27.935;135034
3;04-03-2025 16:29:12.901;04-03-2025 16:31:32.926;140025
1;04-03-2025 16:31:06.452;04-03-2025 16:31:35.362;28910
3;04-03-2025 16:29:12.901;04-03-2025 16:31:37.930;145029
3;04-03-2025 16:29:12.901;04-03-2025 16:31:42.935;150034
3;04-03-2025 16:29:12.901;04-03-2025 16:31:47.926;155025
1;04-03-2025 16:31:06.452;04-03-2025 16:31:50.113;43661
2;04-03-2025 16:31:49.231;04-03-2025 16:31:50.460;1229
3;04-03-2025 16:29:12.901;04-03-2025 16:31:52.930;160029
1;04-03-2025 16:31:06.452;04-03-2025 16:31:54.117;47665
3;04-03-2025 16:29:12.901;04-03-2025 16:31:57.937;165036
1;04-03-2025 16:31:06.452;04-03-2025 16:32:00.441;53989
3;04-03-2025 16:29:12.901;04-03-2025 16:32:02.925;170024
3;04-03-2025 16:29:12.901;04-03-2025 16:32:07.931;175030
3;04-03-2025 16:29:12.901;04-03-2025 16:32:12.924;180023
3;04-03-2025 16:32:27.902;04-03-2025 16:32:27.979;77
3;04-03-2025 16:32:27.902;04-03-2025 16:32:28.019;117
3;04-03-2025 16:32:27.902;04-03-2025 16:32:32.927;5025
0;04-03-2025 16:32:23.910;04-03-2025 16:32:35.069;11159
3;04-03-2025 16:32:27.902;04-03-2025 16:32:37.934;10032
3;04-03-2025 16:32:27.902;04-03-2025 16:32:42.924;15022
3;04-03-2025 16:32:27.902;04-03-2025 16:32:47.931;20029
3;04-03-2025 16:32:27.902;04-03-2025 16:32:52.933;25031
3;04-03-2025 16:32:27.902;04-03-2025 16:32:57.920;30018
3;04-03-2025 16:32:27.902;04-03-2025 16:33:02.927;35025
3;04-03-2025 16:32:27.902;04-03-2025 16:33:07.917;40015
3;04-03-2025 16:32:27.902;04-03-2025 16:33:12.920;45018
1;04-03-2025 16:31:06.452;04-03-2025 16:33:16.144;129692
3;04-03-2025 16:32:27.902;04-03-2025 16:33:17.927;50025
2;04-03-2025 16:31:49.231;04-03-2025 16:33:26.267;97036
1;04-03-2025 16:31:06.452;04-03-2025 16:33:29.739;143287
3;04-03-2025 16:33:32.900;04-03-2025 16:33:32.942;42
3;04-03-2025 16:33:32.900;04-03-2025 16:33:32.991;91
3;04-03-2025 16:33:32.900;04-03-2025 16:33:37.929;5029
3;04-03-2025 16:33:32.900;04-03-2025 16:33:42.932;10032
1;04-03-2025 16:31:06.452;04-03-2025 16:33:46.565;160113
3;04-03-2025 16:33:32.900;04-03-2025 16:33:47.924;15024
0;04-03-2025 16:33:42.897;04-03-2025 16:33:51.516;8619
3;04-03-2025 16:33:32.900;04-03-2025 16:33:52.925;20025
3;04-03-2025 16:33:32.900;04-03-2025 16:33:57.930;25030
3;04-03-2025 16:33:32.900;04-03-2025 16:34:02.940;30040
3;04-03-2025 16:33:32.900;04-03-2025 16:34:07.926;35026
3;04-03-2025 16:33:32.900;04-03-2025 16:34:12.933;40033
3;04-03-2025 16:33:32.900;04-03-2025 16:34:17.935;45035
3;04-03-2025 16:33:32.900;04-03-2025 16:34:22.926;50026
2;04-03-2025 16:34:18.650;04-03-2025 16:34:25.890;7240
3;04-03-2025 16:33:32.900;04-03-2025 16:34:27.933;55033
1;04-03-2025 16:34:20.661;04-03-2025 16:34:28.178;7517
2;04-03-2025 16:34:18.650;04-03-2025 16:34:28.327;9677
0;04-03-2025 16:34:19.273;04-03-2025 16:34:28.865;9592
3;04-03-2025 16:33:32.900;04-03-2025 16:34:32.939;60039
2;04-03-2025 16:34:30.513;04-03-2025 16:34:33.907;3394
1;04-03-2025 16:34:20.661;04-03-2025 16:34:35.651;14990
3;04-03-2025 16:33:32.900;04-03-2025 16:34:37.926;65026
3;04-03-2025 16:33:32.900;04-03-2025 16:34:42.934;70034
1;04-03-2025 16:34:38.103;04-03-2025 16:34:45.826;7723
0;04-03-2025 16:34:19.273;04-03-2025 16:34:47.053;27780
3;04-03-2025 16:33:32.900;04-03-2025 16:34:47.922;75022
3;04-03-2025 16:33:32.900;04-03-2025 16:34:52.930;80030
3;04-03-2025 16:33:32.900;04-03-2025 16:34:57.934;85034
0;04-03-2025 16:34:19.273;04-03-2025 16:35:01.863;42590
3;04-03-2025 16:33:32.900;04-03-2025 16:35:02.925;90025
1;04-03-2025 16:35:01.421;04-03-2025 16:35:06.004;4583
0;04-03-2025 16:35:03.379;04-03-2025 16:35:06.132;2753
3;04-03-2025 16:33:32.900;04-03-2025 16:35:07.936;95036
1;04-03-2025 16:35:01.421;04-03-2025 16:35:10.420;8999
3;04-03-2025 16:33:32.900;04-03-2025 16:35:12.932;100032
1;04-03-2025 16:35:01.421;04-03-2025 16:35:13.183;11762
2;04-03-2025 16:34:59.230;04-03-2025 16:35:16.189;16959
3;04-03-2025 16:33:32.900;04-03-2025 16:35:17.970;105070
3;04-03-2025 16:33:32.900;04-03-2025 16:35:22.927;110027
2;04-03-2025 16:35:21.406;04-03-2025 16:35:25.561;4155
0;04-03-2025 16:35:12.461;04-03-2025 16:35:26.870;14409
2;04-03-2025 16:35:26.606;04-03-2025 16:35:31.862;5256
1;04-03-2025 16:35:22.756;04-03-2025 16:35:32.166;9410
3;04-03-2025 16:35:37.901;04-03-2025 16:35:37.944;43
3;04-03-2025 16:35:37.901;04-03-2025 16:35:37.993;92
1;04-03-2025 16:35:22.756;04-03-2025 16:35:40.801;18045
3;04-03-2025 16:35:37.901;04-03-2025 16:35:42.945;5044
1;04-03-2025 16:35:22.756;04-03-2025 16:35:43.044;20288
2;04-03-2025 16:35:26.606;04-03-2025 16:35:47.469;20863
3;04-03-2025 16:35:37.901;04-03-2025 16:35:47.924;10023
0;04-03-2025 16:35:12.461;04-03-2025 16:35:50.077;37616
2;04-03-2025 16:35:26.606;04-03-2025 16:35:50.413;23807
1;04-03-2025 16:35:22.756;04-03-2025 16:35:51.112;28356
3;04-03-2025 16:35:37.901;04-03-2025 16:35:52.927;15026
3;04-03-2025 16:35:37.901;04-03-2025 16:35:57.932;20031
2;04-03-2025 16:35:26.606;04-03-2025 16:36:00.327;33721
1;04-03-2025 16:35:22.756;04-03-2025 16:36:00.837;38081
3;04-03-2025 16:35:37.901;04-03-2025 16:36:02.935;25034
1;04-03-2025 16:35:22.756;04-03-2025 16:36:05.105;42349
3;04-03-2025 16:35:37.901;04-03-2025 16:36:07.925;30024
1;04-03-2025 16:35:22.756;04-03-2025 16:36:08.878;46122
2;04-03-2025 16:35:26.606;04-03-2025 16:36:09.933;43327
3;04-03-2025 16:35:37.901;04-03-2025 16:36:12.928;35027
1;04-03-2025 16:35:22.756;04-03-2025 16:36:13.321;50565
2;04-03-2025 16:35:26.606;04-03-2025 16:36:13.509;46903
2;04-03-2025 16:35:26.606;04-03-2025 16:36:20.440;53834
1;04-03-2025 16:35:22.756;04-03-2025 16:36:26.565;63809
3;04-03-2025 16:36:27.900;04-03-2025 16:36:27.946;46
3;04-03-2025 16:36:27.900;04-03-2025 16:36:27.994;94
2;04-03-2025 16:35:26.606;04-03-2025 16:36:35.521;68915
3;04-03-2025 16:36:42.901;04-03-2025 16:36:42.946;45
3;04-03-2025 16:36:42.901;04-03-2025 16:36:42.994;93
3;04-03-2025 16:36:42.901;04-03-2025 16:36:47.935;5034
3;04-03-2025 16:36:42.901;04-03-2025 16:36:52.926;10025
2;04-03-2025 16:35:26.606;04-03-2025 16:36:56.565;89959
3;04-03-2025 16:36:42.901;04-03-2025 16:36:57.930;15029
2;04-03-2025 16:35:26.606;04-03-2025 16:37:02.481;95875
3;04-03-2025 16:36:42.901;04-03-2025 16:37:02.955;20054
3;04-03-2025 16:36:42.901;04-03-2025 16:37:07.936;25035
3;04-03-2025 16:36:42.901;04-03-2025 16:37:12.928;30027
1;04-03-2025 16:35:22.756;04-03-2025 16:37:13.096;110340
3;04-03-2025 16:36:42.901;04-03-2025 16:37:17.932;35031
3;04-03-2025 16:36:42.901;04-03-2025 16:37:22.920;40019
2;04-03-2025 16:37:23.499;04-03-2025 16:37:25.786;2287
1;04-03-2025 16:35:22.756;04-03-2025 16:37:26.940;124184
3;04-03-2025 16:36:42.901;04-03-2025 16:37:27.931;45030
1;04-03-2025 16:35:22.756;04-03-2025 16:37:28.551;125795
3;04-03-2025 16:36:42.901;04-03-2025 16:37:32.943;50042
1;04-03-2025 16:35:22.756;04-03-2025 16:37:35.751;132995
3;04-03-2025 16:36:42.901;04-03-2025 16:37:37.927;55026
2;04-03-2025 16:37:23.499;04-03-2025 16:37:39.201;15702
3;04-03-2025 16:36:42.901;04-03-2025 16:37:42.925;60024
2;04-03-2025 16:37:23.499;04-03-2025 16:37:46.161;22662
3;04-03-2025 16:36:42.901;04-03-2025 16:37:47.943;65042
2;04-03-2025 16:37:23.499;04-03-2025 16:37:50.625;27126
3;04-03-2025 16:36:42.901;04-03-2025 16:37:52.936;70035
3;04-03-2025 16:36:42.901;04-03-2025 16:37:57.934;75033
3;04-03-2025 16:36:42.901;04-03-2025 16:38:02.930;80029
3;04-03-2025 16:36:42.901;04-03-2025 16:38:07.938;85037
1;04-03-2025 16:38:06.463;04-03-2025 16:38:10.552;4089
3;04-03-2025 16:36:42.901;04-03-2025 16:38:12.922;90021
3;04-03-2025 16:36:42.901;04-03-2025 16:38:17.946;95045
3;04-03-2025 16:36:42.901;04-03-2025 16:38:22.942;100041
3;04-03-2025 16:36:42.901;04-03-2025 16:38:27.960;105059
1;04-03-2025 16:38:28.082;04-03-2025 16:38:30.747;2665
3;04-03-2025 16:36:42.901;04-03-2025 16:38:32.931;110030
2;04-03-2025 16:38:07.764;04-03-2025 16:38:36.558;28794
1;04-03-2025 16:38:28.082;04-03-2025 16:38:41.220;13138
0;04-03-2025 16:38:40.227;04-03-2025 16:38:42.763;2536
1;04-03-2025 16:38:28.082;04-03-2025 16:38:45.158;17076
2;04-03-2025 16:38:43.744;04-03-2025 16:38:46.030;2286
2;04-03-2025 16:38:43.744;04-03-2025 16:38:50.822;7078
0;04-03-2025 16:38:43.786;04-03-2025 16:38:51.861;8075
1;04-03-2025 16:38:28.082;04-03-2025 16:38:54.178;26096
0;04-03-2025 16:38:54.199;04-03-2025 16:38:56.172;1973
3;04-03-2025 16:38:57.900;04-03-2025 16:38:57.941;41
3;04-03-2025 16:38:57.900;04-03-2025 16:38:57.997;97
1;04-03-2025 16:38:28.082;04-03-2025 16:39:00.110;32028
2;04-03-2025 16:38:43.744;04-03-2025 16:39:00.628;16884
0;04-03-2025 16:38:54.199;04-03-2025 16:39:00.824;6625
3;04-03-2025 16:38:57.900;04-03-2025 16:39:02.938;5038
1;04-03-2025 16:38:28.082;04-03-2025 16:39:03.189;35107
3;04-03-2025 16:38:57.900;04-03-2025 16:39:07.938;10038
0;04-03-2025 16:38:54.199;04-03-2025 16:39:09.258;15059
3;04-03-2025 16:38:57.900;04-03-2025 16:39:12.921;15021
3;04-03-2025 16:38:57.900;04-03-2025 16:39:17.922;20022
3;04-03-2025 16:38:57.900;04-03-2025 16:39:22.936;25036
3;04-03-2025 16:38:57.900;04-03-2025 16:39:27.945;30045
3;04-03-2025 16:38:57.900;04-03-2025 16:39:32.937;35037
3;04-03-2025 16:38:57.900;04-03-2025 16:39:37.927;40027
2;04-03-2025 16:39:01.695;04-03-2025 16:39:41.313;39618
1;04-03-2025 16:38:28.082;04-03-2025 16:39:41.345;73263
3;04-03-2025 16:38:57.900;04-03-2025 16:39:42.935;45035
1;04-03-2025 16:38:28.082;04-03-2025 16:39:46.066;77984
3;04-03-2025 16:38:57.900;04-03-2025 16:39:47.964;50064
0;04-03-2025 16:39:16.342;04-03-2025 16:39:48.461;32119
2;04-03-2025 16:39:01.695;04-03-2025 16:39:52.759;51064
3;04-03-2025 16:38:57.900;04-03-2025 16:39:52.923;55023
3;04-03-2025 16:38:57.900;04-03-2025 16:39:57.941;60041
1;04-03-2025 16:38:28.082;04-03-2025 16:39:58.350;90268
2;04-03-2025 16:39:01.695;04-03-2025 16:40:00.564;58869
0;04-03-2025 16:39:16.342;04-03-2025 16:40:01.467;45125
3;04-03-2025 16:38:57.900;04-03-2025 16:40:02.939;65039
0;04-03-2025 16:39:16.342;04-03-2025 16:40:03.111;46769
2;04-03-2025 16:39:01.695;04-03-2025 16:40:05.879;64184
1;04-03-2025 16:38:28.082;04-03-2025 16:40:06.236;98154
3;04-03-2025 16:38:57.900;04-03-2025 16:40:07.948;70048
3;04-03-2025 16:38:57.900;04-03-2025 16:40:12.933;75033
3;04-03-2025 16:38:57.900;04-03-2025 16:40:17.944;80044
2;04-03-2025 16:39:01.695;04-03-2025 16:40:19.417;77722
3;04-03-2025 16:38:57.900;04-03-2025 16:40:22.951;85051
1;04-03-2025 16:38:28.082;04-03-2025 16:40:25.242;117160
3;04-03-2025 16:38:57.900;04-03-2025 16:40:27.945;90045
1;04-03-2025 16:38:28.082;04-03-2025 16:40:30.468;122386
2;04-03-2025 16:39:01.695;04-03-2025 16:40:31.085;89390
3;04-03-2025 16:38:57.900;04-03-2025 16:40:32.931;95031
1;04-03-2025 16:38:28.082;04-03-2025 16:40:33.234;125152
3;04-03-2025 16:38:57.900;04-03-2025 16:40:37.926;100026
1;04-03-2025 16:38:28.082;04-03-2025 16:40:40.377;132295
1;04-03-2025 16:38:28.082;04-03-2025 16:40:45.694;137612
2;04-03-2025 16:39:01.695;04-03-2025 16:40:46.766;105071
3;04-03-2025 16:40:52.900;04-03-2025 16:40:52.944;44
1;04-03-2025 16:38:28.082;04-03-2025 16:40:53.201;145119
3;04-03-2025 16:41:02.970;04-03-2025 16:41:03.024;54
3;04-03-2025 16:41:02.970;04-03-2025 16:41:03.067;97
3;04-03-2025 16:41:02.970;04-03-2025 16:41:07.933;4963
3;04-03-2025 16:41:02.970;04-03-2025 16:41:12.929;9959
1;04-03-2025 16:40:59.040;04-03-2025 16:41:16.138;17098
2;04-03-2025 16:39:01.695;04-03-2025 16:41:16.458;134763
3;04-03-2025 16:41:02.970;04-03-2025 16:41:17.927;14957
1;04-03-2025 16:40:59.040;04-03-2025 16:41:18.153;19113
2;04-03-2025 16:39:01.695;04-03-2025 16:41:18.272;136577
3;04-03-2025 16:41:02.970;04-03-2025 16:41:22.939;19969
0;04-03-2025 16:39:16.342;04-03-2025 16:41:25.716;129374
3;04-03-2025 16:41:02.970;04-03-2025 16:41:27.926;24956
2;04-03-2025 16:41:26.666;04-03-2025 16:41:30.545;3879
1;04-03-2025 16:41:26.516;04-03-2025 16:41:31.543;5027
3;04-03-2025 16:41:02.970;04-03-2025 16:41:32.916;29946
2;04-03-2025 16:41:26.666;04-03-2025 16:41:35.210;8544
1;04-03-2025 16:41:26.516;04-03-2025 16:41:35.379;8863
3;04-03-2025 16:41:02.970;04-03-2025 16:41:37.920;34950
0;04-03-2025 16:41:26.575;04-03-2025 16:41:39.050;12475
1;04-03-2025 16:41:26.516;04-03-2025 16:41:41.112;14596
3;04-03-2025 16:41:02.970;04-03-2025 16:41:42.926;39956
0;04-03-2025 16:41:26.575;04-03-2025 16:41:45.767;19192
3;04-03-2025 16:41:02.970;04-03-2025 16:41:47.935;44965
1;04-03-2025 16:41:26.516;04-03-2025 16:41:48.837;22321
0;04-03-2025 16:42:00.669;04-03-2025 16:42:01.181;512
0;04-03-2025 16:42:00.669;04-03-2025 16:42:02.981;2312
1;04-03-2025 16:41:26.516;04-03-2025 16:42:11.449;44933
2;04-03-2025 16:41:49.571;04-03-2025 16:42:11.897;22326
3;04-03-2025 16:42:12.921;04-03-2025 16:42:12.960;39
3;04-03-2025 16:42:12.921;04-03-2025 16:42:13.005;84
3;04-03-2025 16:42:12.921;04-03-2025 16:42:13.040;119
1;04-03-2025 16:41:26.516;04-03-2025 16:42:14.089;47573
2;04-03-2025 16:41:49.571;04-03-2025 16:42:15.289;25718
1;04-03-2025 16:41:26.516;04-03-2025 16:42:18.201;51685
1;04-03-2025 16:42:24.725;04-03-2025 16:42:26.673;1948
2;04-03-2025 16:41:49.571;04-03-2025 16:42:26.689;37118
3;04-03-2025 16:42:27.898;04-03-2025 16:42:27.943;45
3;04-03-2025 16:42:27.898;04-03-2025 16:42:28.006;108
2;04-03-2025 16:41:49.571;04-03-2025 16:42:30.545;40974
1;04-03-2025 16:42:24.725;04-03-2025 16:42:30.909;6184
3;04-03-2025 16:42:27.898;04-03-2025 16:42:32.931;5033
3;04-03-2025 16:42:27.898;04-03-2025 16:42:37.940;10042
0;04-03-2025 16:42:06.777;04-03-2025 16:42:42.761;35984
3;04-03-2025 16:42:27.898;04-03-2025 16:42:42.927;15029
3;04-03-2025 16:42:27.898;04-03-2025 16:42:47.933;20035
0;04-03-2025 16:42:06.777;04-03-2025 16:42:50.066;43289
1;04-03-2025 16:42:24.725;04-03-2025 16:42:50.807;26082
2;04-03-2025 16:41:49.571;04-03-2025 16:42:51.110;61539
3;04-03-2025 16:42:27.898;04-03-2025 16:42:52.939;25041
2;04-03-2025 16:41:49.571;04-03-2025 16:42:56.115;66544
3;04-03-2025 16:42:27.898;04-03-2025 16:42:57.930;30032
3;04-03-2025 16:42:27.898;04-03-2025 16:43:02.936;35038
3;04-03-2025 16:42:27.898;04-03-2025 16:43:07.923;40025
0;04-03-2025 16:42:06.777;04-03-2025 16:43:10.749;63972
3;04-03-2025 16:42:27.898;04-03-2025 16:43:12.924;45026
0;04-03-2025 16:42:06.777;04-03-2025 16:43:17.801;71024
3;04-03-2025 16:42:27.898;04-03-2025 16:43:17.934;50036
1;04-03-2025 16:42:24.725;04-03-2025 16:43:20.584;55859
3;04-03-2025 16:42:27.898;04-03-2025 16:43:22.924;55026
2;04-03-2025 16:43:15.963;04-03-2025 16:43:25.781;9818
1;04-03-2025 16:43:25.679;04-03-2025 16:43:25.909;230
3;04-03-2025 16:42:27.898;04-03-2025 16:43:27.931;60033
1;04-03-2025 16:43:25.679;04-03-2025 16:43:28.017;2338
3;04-03-2025 16:42:27.898;04-03-2025 16:43:32.934;65036
1;04-03-2025 16:43:25.679;04-03-2025 16:43:35.425;9746
2;04-03-2025 16:43:15.963;04-03-2025 16:43:35.898;19935
3;04-03-2025 16:42:27.898;04-03-2025 16:43:37.921;70023
2;04-03-2025 16:43:15.963;04-03-2025 16:43:41.515;25552
3;04-03-2025 16:42:27.898;04-03-2025 16:43:42.929;75031
1;04-03-2025 16:43:25.679;04-03-2025 16:43:45.755;20076
0;04-03-2025 16:43:42.201;04-03-2025 16:43:47.589;5388
3;04-03-2025 16:42:27.898;04-03-2025 16:43:47.931;80033
1;04-03-2025 16:43:25.679;04-03-2025 16:43:48.133;22454
0;04-03-2025 16:43:42.201;04-03-2025 16:43:50.580;8379
2;04-03-2025 16:43:15.963;04-03-2025 16:43:50.898;34935
3;04-03-2025 16:42:27.898;04-03-2025 16:43:52.920;85022
1;04-03-2025 16:43:25.679;04-03-2025 16:43:55.122;29443
2;04-03-2025 16:43:15.963;04-03-2025 16:43:55.623;39660
3;04-03-2025 16:42:27.898;04-03-2025 16:43:57.923;90025
0;04-03-2025 16:43:42.201;04-03-2025 16:43:59.502;17301
3;04-03-2025 16:42:27.898;04-03-2025 16:44:02.929;95031
3;04-03-2025 16:42:27.898;04-03-2025 16:44:07.932;100034
2;04-03-2025 16:43:15.963;04-03-2025 16:44:12.084;56121
1;04-03-2025 16:43:25.679;04-03-2025 16:44:12.206;46527
3;04-03-2025 16:42:27.898;04-03-2025 16:44:12.942;105044
1;04-03-2025 16:43:25.679;04-03-2025 16:44:13.246;47567
0;04-03-2025 16:43:42.201;04-03-2025 16:44:15.157;32956
3;04-03-2025 16:42:27.898;04-03-2025 16:44:17.928;110030
2;04-03-2025 16:43:15.963;04-03-2025 16:44:18.243;62280
0;04-03-2025 16:43:42.201;04-03-2025 16:44:21.809;39608
1;04-03-2025 16:43:25.679;04-03-2025 16:44:22.833;57154
3;04-03-2025 16:42:27.898;04-03-2025 16:44:22.934;115036
1;04-03-2025 16:43:25.679;04-03-2025 16:44:23.311;57632
0;04-03-2025 16:43:42.201;04-03-2025 16:44:25.322;43121
3;04-03-2025 16:42:27.898;04-03-2025 16:44:27.925;120027
3;04-03-2025 16:42:27.898;04-03-2025 16:44:32.930;125032
3;04-03-2025 16:42:27.898;04-03-2025 16:44:37.922;130024
3;04-03-2025 16:42:27.898;04-03-2025 16:44:42.928;135030
1;04-03-2025 16:43:25.679;04-03-2025 16:44:45.210;79531
3;04-03-2025 16:42:27.898;04-03-2025 16:44:47.921;140023
1;04-03-2025 16:43:25.679;04-03-2025 16:44:48.190;82511
0;04-03-2025 16:43:42.201;04-03-2025 16:44:50.534;68333
2;04-03-2025 16:43:15.963;04-03-2025 16:44:50.934;94971
3;04-03-2025 16:42:27.898;04-03-2025 16:44:52.941;145043
1;04-03-2025 16:43:25.679;04-03-2025 16:44:53.031;87352
2;04-03-2025 16:43:15.963;04-03-2025 16:44:53.222;97259
3;04-03-2025 16:42:27.898;04-03-2025 16:44:57.926;150028
1;04-03-2025 16:43:25.679;04-03-2025 16:44:58.113;92434
2;04-03-2025 16:44:58.039;04-03-2025 16:45:00.729;2690
3;04-03-2025 16:42:27.898;04-03-2025 16:45:02.927;155029
1;04-03-2025 16:43:25.679;04-03-2025 16:45:03.207;97528
2;04-03-2025 16:44:58.039;04-03-2025 16:45:05.515;7476
3;04-03-2025 16:42:27.898;04-03-2025 16:45:07.924;160026
1;04-03-2025 16:45:06.600;04-03-2025 16:45:08.031;1431
2;04-03-2025 16:44:58.039;04-03-2025 16:45:08.175;10136
3;04-03-2025 16:42:27.898;04-03-2025 16:45:12.928;165030
2;04-03-2025 16:44:58.039;04-03-2025 16:45:14.966;16927
1;04-03-2025 16:45:06.600;04-03-2025 16:45:16.274;9674
3;04-03-2025 16:42:27.898;04-03-2025 16:45:17.933;170035
1;04-03-2025 16:45:06.600;04-03-2025 16:45:20.362;13762
0;04-03-2025 16:43:42.201;04-03-2025 16:45:20.633;98432
2;04-03-2025 16:44:58.039;04-03-2025 16:45:20.808;22769
3;04-03-2025 16:42:27.898;04-03-2025 16:45:22.924;175026
2;04-03-2025 16:44:58.039;04-03-2025 16:45:25.653;27614
3;04-03-2025 16:42:27.898;04-03-2025 16:45:27.932;180034
1;04-03-2025 16:45:06.600;04-03-2025 16:45:30.659;24059
3;04-03-2025 16:42:27.898;04-03-2025 16:45:32.919;185021
3;04-03-2025 16:42:27.898;04-03-2025 16:45:37.927;190029
1;04-03-2025 16:45:06.600;04-03-2025 16:45:41.020;34420
0;04-03-2025 16:45:41.511;04-03-2025 16:45:42.044;533
3;04-03-2025 16:42:27.898;04-03-2025 16:45:42.930;195032
1;04-03-2025 16:45:06.600;04-03-2025 16:45:45.626;39026
3;04-03-2025 16:42:27.898;04-03-2025 16:45:47.985;200087
2;04-03-2025 16:44:58.039;04-03-2025 16:45:50.533;52494
1;04-03-2025 16:45:06.600;04-03-2025 16:45:51.286;44686
3;04-03-2025 16:42:27.898;04-03-2025 16:45:52.938;205040
1;04-03-2025 16:45:06.600;04-03-2025 16:45:55.934;49334
3;04-03-2025 16:42:27.898;04-03-2025 16:45:57.926;210028
3;04-03-2025 16:42:27.898;04-03-2025 16:46:02.932;215034
3;04-03-2025 16:42:27.898;04-03-2025 16:46:07.938;220040
3;04-03-2025 16:42:27.898;04-03-2025 16:46:12.926;225028
3;04-03-2025 16:42:27.898;04-03-2025 16:46:17.931;230033
3;04-03-2025 16:42:27.898;04-03-2025 16:46:22.923;235025
3;04-03-2025 16:46:37.899;04-03-2025 16:46:37.996;97
3;04-03-2025 16:46:37.899;04-03-2025 16:46:38.047;148
1;04-03-2025 16:45:06.600;04-03-2025 16:46:40.137;93537
0;04-03-2025 16:46:31.520;04-03-2025 16:46:40.265;8745
3;04-03-2025 16:46:37.899;04-03-2025 16:46:42.923;5024
1;04-03-2025 16:45:06.600;04-03-2025 16:46:42.997;96397
0;04-03-2025 16:46:31.520;04-03-2025 16:46:43.097;11577
3;04-03-2025 16:46:37.899;04-03-2025 16:46:47.928;10029
1;04-03-2025 16:45:06.600;04-03-2025 16:46:48.644;102044
2;04-03-2025 16:44:58.039;04-03-2025 16:46:50.125;112086
3;04-03-2025 16:46:37.899;04-03-2025 16:46:52.936;15037
3;04-03-2025 16:46:37.899;04-03-2025 16:46:57.926;20027
3;04-03-2025 16:46:37.899;04-03-2025 16:47:02.928;25029
3;04-03-2025 16:46:37.899;04-03-2025 16:47:07.949;30050
3;04-03-2025 16:46:37.899;04-03-2025 16:47:12.920;35021
3;04-03-2025 16:46:37.899;04-03-2025 16:47:17.927;40028
2;04-03-2025 16:44:58.039;04-03-2025 16:47:18.174;140135
3;04-03-2025 16:46:37.899;04-03-2025 16:47:22.933;45034
2;04-03-2025 16:47:19.230;04-03-2025 16:47:24.877;5647
1;04-03-2025 16:45:06.600;04-03-2025 16:47:26.373;139773
3;04-03-2025 16:46:37.899;04-03-2025 16:47:27.934;50035
3;04-03-2025 16:46:37.899;04-03-2025 16:47:32.945;55046
3;04-03-2025 16:46:37.899;04-03-2025 16:47:37.929;60030
3;04-03-2025 16:46:37.899;04-03-2025 16:47:42.933;65034
3;04-03-2025 16:46:37.899;04-03-2025 16:47:47.940;70041
2;04-03-2025 16:47:42.054;04-03-2025 16:47:48.713;6659
3;04-03-2025 16:46:37.899;04-03-2025 16:47:52.925;75026
3;04-03-2025 16:46:37.899;04-03-2025 16:47:57.930;80031
0;04-03-2025 16:47:29.256;04-03-2025 16:48:00.788;31532
1;04-03-2025 16:47:52.072;04-03-2025 16:48:01.220;9148
3;04-03-2025 16:46:37.899;04-03-2025 16:48:02.922;85023
3;04-03-2025 16:46:37.899;04-03-2025 16:48:07.925;90026
3;04-03-2025 16:46:37.899;04-03-2025 16:48:12.915;95016
3;04-03-2025 16:46:37.899;04-03-2025 16:48:17.935;100036
3;04-03-2025 16:46:37.899;04-03-2025 16:48:22.926;105027
3;04-03-2025 16:46:37.899;04-03-2025 16:48:27.929;110030
3;04-03-2025 16:46:37.899;04-03-2025 16:48:32.935;115036
3;04-03-2025 16:46:37.899;04-03-2025 16:48:37.924;120025
2;04-03-2025 16:47:42.054;04-03-2025 16:48:38.031;55977
1;04-03-2025 16:47:52.072;04-03-2025 16:48:41.902;49830
3;04-03-2025 16:46:37.899;04-03-2025 16:48:42.932;125033
3;04-03-2025 16:46:37.899;04-03-2025 16:48:47.963;130064
3;04-03-2025 16:46:37.899;04-03-2025 16:48:52.929;135030
3;04-03-2025 16:46:37.899;04-03-2025 16:48:57.935;140036
3;04-03-2025 16:46:37.899;04-03-2025 16:49:02.939;145040
3;04-03-2025 16:46:37.899;04-03-2025 16:49:07.926;150027
3;04-03-2025 16:46:37.899;04-03-2025 16:49:12.932;155033
3;04-03-2025 16:46:37.899;04-03-2025 16:49:17.956;160057
3;04-03-2025 16:46:37.899;04-03-2025 16:49:22.928;165029
1;04-03-2025 16:48:56.587;04-03-2025 16:49:23.450;26863
3;04-03-2025 16:46:37.899;04-03-2025 16:49:27.936;170037
3;04-03-2025 16:46:37.899;04-03-2025 16:49:32.930;175031
3;04-03-2025 16:46:37.899;04-03-2025 16:49:37.929;180030
3;04-03-2025 16:46:37.899;04-03-2025 16:49:42.929;185030
3;04-03-2025 16:46:37.899;04-03-2025 16:49:47.934;190035
1;04-03-2025 16:48:56.587;04-03-2025 16:49:50.425;53838
3;04-03-2025 16:46:37.899;04-03-2025 16:49:52.923;195024
3;04-03-2025 16:46:37.899;04-03-2025 16:49:57.935;200036
3;04-03-2025 16:46:37.899;04-03-2025 16:50:02.934;205035
3;04-03-2025 16:46:37.899;04-03-2025 16:50:07.930;210031
3;04-03-2025 16:46:37.899;04-03-2025 16:50:12.924;215025
0;04-03-2025 16:50:03.969;04-03-2025 16:50:16.929;12960
3;04-03-2025 16:46:37.899;04-03-2025 16:50:17.929;220030
0;04-03-2025 16:50:03.969;04-03-2025 16:50:20.480;16511
3;04-03-2025 16:46:37.899;04-03-2025 16:50:22.933;225034
0;04-03-2025 16:50:22.559;04-03-2025 16:50:23.023;464
3;04-03-2025 16:46:37.899;04-03-2025 16:50:27.943;230044
3;04-03-2025 16:46:37.899;04-03-2025 16:50:32.928;235029
3;04-03-2025 16:46:37.899;04-03-2025 16:50:37.930;240031
3;04-03-2025 16:46:37.899;04-03-2025 16:50:42.935;245036
3;04-03-2025 16:46:37.899;04-03-2025 16:50:47.965;250066
3;04-03-2025 16:46:37.899;04-03-2025 16:50:52.943;255044
3;04-03-2025 16:46:37.899;04-03-2025 16:50:57.931;260032
3;04-03-2025 16:46:37.899;04-03-2025 16:51:02.938;265039
3;04-03-2025 16:46:37.899;04-03-2025 16:51:07.928;270029
3;04-03-2025 16:46:37.899;04-03-2025 16:51:12.928;275029
3;04-03-2025 16:46:37.899;04-03-2025 16:51:17.936;280037
3;04-03-2025 16:46:37.899;04-03-2025 16:51:22.944;285045
3;04-03-2025 16:46:37.899;04-03-2025 16:51:27.913;290014
3;04-03-2025 16:51:42.900;04-03-2025 16:51:42.943;43
3;04-03-2025 16:51:42.900;04-03-2025 16:51:42.990;90
0;04-03-2025 16:51:07.977;04-03-2025 16:51:46.406;38429
3;04-03-2025 16:51:42.900;04-03-2025 16:51:47.932;5032
3;04-03-2025 16:51:42.900;04-03-2025 16:51:52.932;10032
3;04-03-2025 16:51:42.900;04-03-2025 16:51:57.927;15027
3;04-03-2025 16:51:42.900;04-03-2025 16:52:02.919;20019
3;04-03-2025 16:51:42.900;04-03-2025 16:52:07.925;25025
3;04-03-2025 16:51:42.900;04-03-2025 16:52:12.930;30030
3;04-03-2025 16:51:42.900;04-03-2025 16:52:17.934;35034
3;04-03-2025 16:51:42.900;04-03-2025 16:52:22.947;40047
3;04-03-2025 16:51:42.900;04-03-2025 16:52:27.927;45027
3;04-03-2025 16:51:42.900;04-03-2025 16:52:32.934;50034
3;04-03-2025 16:51:42.900;04-03-2025 16:52:37.937;55037
3;04-03-2025 16:51:42.900;04-03-2025 16:52:42.926;60026
3;04-03-2025 16:52:57.906;04-03-2025 16:52:57.947;41
3;04-03-2025 16:52:57.906;04-03-2025 16:52:57.993;87
3;04-03-2025 16:52:57.906;04-03-2025 16:53:02.936;5030
3;04-03-2025 16:52:57.906;04-03-2025 16:53:07.924;10018
3;04-03-2025 16:52:57.906;04-03-2025 16:53:12.928;15022
0;04-03-2025 16:52:37.627;04-03-2025 16:53:15.339;37712
3;04-03-2025 16:52:57.906;04-03-2025 16:53:17.933;20027
0;04-03-2025 16:52:37.627;04-03-2025 16:53:18.408;40781
3;04-03-2025 16:52:57.906;04-03-2025 16:53:22.926;25020
3;04-03-2025 16:53:37.901;04-03-2025 16:53:37.940;39
3;04-03-2025 16:53:37.901;04-03-2025 16:53:38.016;115
3;04-03-2025 16:53:37.901;04-03-2025 16:53:42.928;5027
3;04-03-2025 16:53:37.901;04-03-2025 16:53:47.935;10034
0;04-03-2025 16:53:45.744;04-03-2025 16:53:48.609;2865
3;04-03-2025 16:53:37.901;04-03-2025 16:53:52.922;15021
3;04-03-2025 16:53:37.901;04-03-2025 16:53:57.925;20024
3;04-03-2025 16:53:37.901;04-03-2025 16:54:02.934;25033
3;04-03-2025 16:53:37.901;04-03-2025 16:54:07.937;30036
3;04-03-2025 16:53:37.901;04-03-2025 16:54:12.925;35024
3;04-03-2025 16:53:37.901;04-03-2025 16:54:17.930;40029
3;04-03-2025 16:53:37.901;04-03-2025 16:54:22.935;45034
3;04-03-2025 16:53:37.901;04-03-2025 16:54:27.924;50023
3;04-03-2025 16:53:37.901;04-03-2025 16:54:32.930;55029
3;04-03-2025 16:53:37.901;04-03-2025 16:54:37.920;60019
3;04-03-2025 16:53:37.901;04-03-2025 16:54:42.943;65042
3;04-03-2025 16:53:37.901;04-03-2025 16:54:47.914;70013
3;04-03-2025 16:53:37.901;04-03-2025 16:54:52.934;75033
3;04-03-2025 16:53:37.901;04-03-2025 16:54:57.924;80023
3;04-03-2025 16:53:37.901;04-03-2025 16:55:02.929;85028
3;04-03-2025 16:53:37.901;04-03-2025 16:55:07.945;90044
3;04-03-2025 16:53:37.901;04-03-2025 16:55:12.940;95039
2;04-03-2025 16:54:07.848;04-03-2025 16:55:17.230;69382
3;04-03-2025 16:53:37.901;04-03-2025 16:55:17.932;100031
3;04-03-2025 16:53:37.901;04-03-2025 16:55:22.933;105032
3;04-03-2025 16:53:37.901;04-03-2025 16:55:27.964;110063
3;04-03-2025 16:55:42.900;04-03-2025 16:55:42.937;37
3;04-03-2025 16:55:42.900;04-03-2025 16:55:42.984;84
1;04-03-2025 16:55:36.914;04-03-2025 16:55:43.088;6174
3;04-03-2025 16:55:42.900;04-03-2025 16:55:47.969;5069
3;04-03-2025 16:55:42.900;04-03-2025 16:55:52.933;10033
3;04-03-2025 16:55:42.900;04-03-2025 16:55:57.947;15047
3;04-03-2025 16:55:42.900;04-03-2025 16:56:02.929;20029
1;04-03-2025 16:56:17.162;04-03-2025 16:56:17.272;110
3;04-03-2025 16:56:17.900;04-03-2025 16:56:17.960;60
3;04-03-2025 16:56:17.900;04-03-2025 16:56:18.006;106
3;04-03-2025 16:56:17.900;04-03-2025 16:56:22.932;5032
3;04-03-2025 16:56:17.900;04-03-2025 16:56:27.922;10022
3;04-03-2025 16:56:17.900;04-03-2025 16:56:32.928;15028
3;04-03-2025 16:56:47.895;04-03-2025 16:56:47.926;31
3;04-03-2025 16:56:47.895;04-03-2025 16:56:52.931;5036
2;04-03-2025 16:56:49.589;04-03-2025 16:56:53.116;3527
3;04-03-2025 16:56:47.895;04-03-2025 16:56:57.937;10042
1;04-03-2025 16:56:38.906;04-03-2025 16:57:00.747;21841
3;04-03-2025 16:56:47.895;04-03-2025 16:57:02.926;15031
1;04-03-2025 16:56:38.906;04-03-2025 16:57:05.367;26461
3;04-03-2025 16:56:47.895;04-03-2025 16:57:07.928;20033
1;04-03-2025 16:56:38.906;04-03-2025 16:57:08.622;29716
2;04-03-2025 16:57:04.434;04-03-2025 16:57:11.744;7310
3;04-03-2025 16:56:47.895;04-03-2025 16:57:12.935;25040
2;04-03-2025 16:57:04.434;04-03-2025 16:57:15.933;11499
3;04-03-2025 16:56:47.895;04-03-2025 16:57:17.924;30029
1;04-03-2025 16:57:20.198;04-03-2025 16:57:21.353;1155
3;04-03-2025 16:56:47.895;04-03-2025 16:57:22.927;35032
1;04-03-2025 16:57:22.369;04-03-2025 16:57:25.368;2999
3;04-03-2025 16:56:47.895;04-03-2025 16:57:27.917;40022
1;04-03-2025 16:57:22.369;04-03-2025 16:57:30.470;8101
2;04-03-2025 16:57:20.903;04-03-2025 16:57:30.646;9743
3;04-03-2025 16:56:47.895;04-03-2025 16:57:32.922;45027
3;04-03-2025 16:56:47.895;04-03-2025 16:57:37.926;50031
3;04-03-2025 16:56:47.895;04-03-2025 16:57:42.930;55035
2;04-03-2025 16:57:20.903;04-03-2025 16:57:45.755;24852
3;04-03-2025 16:56:47.895;04-03-2025 16:57:47.933;60038
3;04-03-2025 16:56:47.895;04-03-2025 16:57:52.922;65027
1;04-03-2025 16:57:51.017;04-03-2025 16:57:55.463;4446
3;04-03-2025 16:56:47.895;04-03-2025 16:57:57.931;70036
1;04-03-2025 16:57:51.017;04-03-2025 16:57:58.061;7044
0;04-03-2025 16:57:59.003;04-03-2025 16:58:00.292;1289
3;04-03-2025 16:56:47.895;04-03-2025 16:58:02.937;75042
3;04-03-2025 16:56:47.895;04-03-2025 16:58:07.925;80030
3;04-03-2025 16:56:47.895;04-03-2025 16:58:12.930;85035
2;04-03-2025 16:57:20.903;04-03-2025 16:58:17.222;56319
3;04-03-2025 16:56:47.895;04-03-2025 16:58:17.931;90036
3;04-03-2025 16:56:47.895;04-03-2025 16:58:22.936;95041
3;04-03-2025 16:56:47.895;04-03-2025 16:58:27.928;100033
2;04-03-2025 16:57:20.903;04-03-2025 16:58:30.904;70001
1;04-03-2025 16:57:51.017;04-03-2025 16:58:31.727;40710
3;04-03-2025 16:56:47.895;04-03-2025 16:58:32.931;105036
3;04-03-2025 16:56:47.895;04-03-2025 16:58:37.935;110040
2;04-03-2025 16:57:20.903;04-03-2025 16:58:42.690;81787
3;04-03-2025 16:56:47.895;04-03-2025 16:58:42.941;115046
3;04-03-2025 16:56:47.895;04-03-2025 16:58:47.928;120033
3;04-03-2025 16:56:47.895;04-03-2025 16:58:52.949;125054
3;04-03-2025 16:56:47.895;04-03-2025 16:58:57.943;130048
3;04-03-2025 16:56:47.895;04-03-2025 16:59:02.940;135045
3;04-03-2025 16:56:47.895;04-03-2025 16:59:07.930;140035
3;04-03-2025 16:56:47.895;04-03-2025 16:59:12.937;145042
3;04-03-2025 16:56:47.895;04-03-2025 16:59:17.926;150031
3;04-03-2025 16:56:47.895;04-03-2025 16:59:22.929;155034
3;04-03-2025 16:56:47.895;04-03-2025 16:59:27.937;160042
3;04-03-2025 16:56:47.895;04-03-2025 16:59:32.922;165027
3;04-03-2025 16:56:47.895;04-03-2025 16:59:37.927;170032
3;04-03-2025 16:56:47.895;04-03-2025 16:59:42.932;175037
3;04-03-2025 16:56:47.895;04-03-2025 16:59:47.938;180043
3;04-03-2025 16:56:47.895;04-03-2025 16:59:52.925;185030
3;04-03-2025 16:56:47.895;04-03-2025 16:59:57.912;190017
1;04-03-2025 17:00:00.195;04-03-2025 17:00:02.609;2414
3;04-03-2025 16:56:47.895;04-03-2025 17:00:02.916;195021
1;04-03-2025 17:00:00.195;04-03-2025 17:00:06.573;6378
2;04-03-2025 17:00:01.130;04-03-2025 17:00:06.607;5477
3;04-03-2025 16:56:47.895;04-03-2025 17:00:07.938;200043
3;04-03-2025 16:56:47.895;04-03-2025 17:00:12.931;205036
1;04-03-2025 17:00:15.368;04-03-2025 17:00:16.488;1120
3;04-03-2025 16:56:47.895;04-03-2025 17:00:17.935;210040
3;04-03-2025 16:56:47.895;04-03-2025 17:00:22.932;215037
3;04-03-2025 16:56:47.895;04-03-2025 17:00:27.930;220035
3;04-03-2025 16:56:47.895;04-03-2025 17:00:32.936;225041
3;04-03-2025 17:00:47.891;04-03-2025 17:00:47.935;44
3;04-03-2025 17:00:47.891;04-03-2025 17:00:52.928;5037
3;04-03-2025 17:01:07.904;04-03-2025 17:01:07.953;49
3;04-03-2025 17:01:07.904;04-03-2025 17:01:08.000;96
3;04-03-2025 17:01:07.904;04-03-2025 17:01:12.927;5023
3;04-03-2025 17:01:07.904;04-03-2025 17:01:17.933;10029
1;04-03-2025 17:00:51.343;04-03-2025 17:01:21.488;30145
3;04-03-2025 17:01:07.904;04-03-2025 17:01:22.934;15030
3;04-03-2025 17:01:07.904;04-03-2025 17:01:27.927;20023
2;04-03-2025 17:01:07.858;04-03-2025 17:01:30.590;22732
3;04-03-2025 17:01:07.904;04-03-2025 17:01:32.933;25029
1;04-03-2025 17:00:51.343;04-03-2025 17:01:35.150;43807
3;04-03-2025 17:01:07.904;04-03-2025 17:01:37.938;30034
1;04-03-2025 17:00:51.343;04-03-2025 17:01:41.243;49900
3;04-03-2025 17:01:07.904;04-03-2025 17:01:42.926;35022
2;04-03-2025 17:01:07.858;04-03-2025 17:01:44.429;36571
1;04-03-2025 17:00:51.343;04-03-2025 17:01:45.296;53953
3;04-03-2025 17:01:07.904;04-03-2025 17:01:47.935;40031
1;04-03-2025 17:00:51.343;04-03-2025 17:01:48.175;56832
3;04-03-2025 17:01:07.904;04-03-2025 17:01:52.921;45017
1;04-03-2025 17:00:51.343;04-03-2025 17:01:53.216;61873
2;04-03-2025 17:01:07.858;04-03-2025 17:01:56.659;48801
3;04-03-2025 17:01:07.904;04-03-2025 17:01:57.928;50024
2;04-03-2025 17:01:07.858;04-03-2025 17:02:02.816;54958
3;04-03-2025 17:01:07.904;04-03-2025 17:02:02.932;55028
2;04-03-2025 17:01:07.858;04-03-2025 17:02:05.359;57501
3;04-03-2025 17:01:07.904;04-03-2025 17:02:07.926;60022
1;04-03-2025 17:00:51.343;04-03-2025 17:02:11.139;79796
3;04-03-2025 17:01:07.904;04-03-2025 17:02:12.967;65063
1;04-03-2025 17:00:51.343;04-03-2025 17:02:15.352;84009
3;04-03-2025 17:01:07.904;04-03-2025 17:02:17.932;70028
3;04-03-2025 17:01:07.904;04-03-2025 17:02:22.922;75018
3;04-03-2025 17:01:07.904;04-03-2025 17:02:27.929;80025
1;04-03-2025 17:02:25.922;04-03-2025 17:02:29.472;3550
3;04-03-2025 17:01:07.904;04-03-2025 17:02:32.933;85029
1;04-03-2025 17:02:25.922;04-03-2025 17:02:35.422;9500
2;04-03-2025 17:02:14.787;04-03-2025 17:02:35.674;20887
3;04-03-2025 17:01:07.904;04-03-2025 17:02:37.924;90020
1;04-03-2025 17:02:25.922;04-03-2025 17:02:38.093;12171
2;04-03-2025 17:02:14.787;04-03-2025 17:02:38.392;23605
3;04-03-2025 17:01:07.904;04-03-2025 17:02:42.931;95027
1;04-03-2025 17:02:25.922;04-03-2025 17:02:45.467;19545
2;04-03-2025 17:02:14.787;04-03-2025 17:02:46.171;31384
3;04-03-2025 17:01:07.904;04-03-2025 17:02:47.965;100061
1;04-03-2025 17:02:25.922;04-03-2025 17:02:48.918;22996
2;04-03-2025 17:02:14.787;04-03-2025 17:02:48.982;34195
0;04-03-2025 17:02:51.337;04-03-2025 17:02:51.782;445
3;04-03-2025 17:01:07.904;04-03-2025 17:02:52.924;105020
1;04-03-2025 17:02:25.922;04-03-2025 17:02:57.218;31296
3;04-03-2025 17:01:07.904;04-03-2025 17:02:57.927;110023
1;04-03-2025 17:02:25.922;04-03-2025 17:03:01.232;35310
3;04-03-2025 17:01:07.904;04-03-2025 17:03:02.935;115031
3;04-03-2025 17:01:07.904;04-03-2025 17:03:07.922;120018
3;04-03-2025 17:01:07.904;04-03-2025 17:03:12.930;125026
2;04-03-2025 17:02:14.787;04-03-2025 17:03:15.334;60547
1;04-03-2025 17:02:25.922;04-03-2025 17:03:20.639;54717
2;04-03-2025 17:02:14.787;04-03-2025 17:03:21.142;66355
1;04-03-2025 17:02:25.922;04-03-2025 17:03:23.017;57095
2;04-03-2025 17:02:14.787;04-03-2025 17:03:23.782;68995
3;04-03-2025 17:03:27.899;04-03-2025 17:03:27.946;47
1;04-03-2025 17:02:25.922;04-03-2025 17:03:28.867;62945
2;04-03-2025 17:02:14.787;04-03-2025 17:03:30.806;76019
1;04-03-2025 17:02:25.922;04-03-2025 17:03:35.491;69569
2;04-03-2025 17:02:14.787;04-03-2025 17:03:35.523;80736
3;04-03-2025 17:03:37.976;04-03-2025 17:03:38.008;32
3;04-03-2025 17:03:37.976;04-03-2025 17:03:38.057;81
3;04-03-2025 17:03:37.976;04-03-2025 17:03:42.933;4957
3;04-03-2025 17:03:37.976;04-03-2025 17:03:47.924;9948
3;04-03-2025 17:03:37.976;04-03-2025 17:03:52.928;14952
1;04-03-2025 17:02:25.922;04-03-2025 17:03:56.521;90599
3;04-03-2025 17:03:37.976;04-03-2025 17:03:57.934;19958
3;04-03-2025 17:03:37.976;04-03-2025 17:04:02.925;24949
3;04-03-2025 17:03:37.976;04-03-2025 17:04:07.926;29950
1;04-03-2025 17:02:25.922;04-03-2025 17:04:11.134;105212
3;04-03-2025 17:03:37.976;04-03-2025 17:04:12.930;34954
2;04-03-2025 17:02:14.787;04-03-2025 17:04:15.790;121003
1;04-03-2025 17:02:25.922;04-03-2025 17:04:16.030;110108
3;04-03-2025 17:03:37.976;04-03-2025 17:04:17.923;39947
3;04-03-2025 17:03:37.976;04-03-2025 17:04:22.926;44950
3;04-03-2025 17:03:37.976;04-03-2025 17:04:27.939;49963
2;04-03-2025 17:02:14.787;04-03-2025 17:04:30.984;136197
3;04-03-2025 17:03:37.976;04-03-2025 17:04:32.924;54948
3;04-03-2025 17:03:37.976;04-03-2025 17:04:37.928;59952
3;04-03-2025 17:03:37.976;04-03-2025 17:04:42.932;64956
2;04-03-2025 17:02:14.787;04-03-2025 17:04:46.330;151543
3;04-03-2025 17:03:37.976;04-03-2025 17:04:47.937;69961
1;04-03-2025 17:02:25.922;04-03-2025 17:04:49.514;143592
2;04-03-2025 17:02:14.787;04-03-2025 17:04:49.546;154759
3;04-03-2025 17:03:37.976;04-03-2025 17:04:52.958;74982
1;04-03-2025 17:02:25.922;04-03-2025 17:04:53.037;147115
2;04-03-2025 17:02:14.787;04-03-2025 17:04:55.856;161069
3;04-03-2025 17:03:37.976;04-03-2025 17:04:57.929;79953
2;04-03-2025 17:02:14.787;04-03-2025 17:05:01.427;166640
1;04-03-2025 17:02:25.922;04-03-2025 17:05:01.521;155599
3;04-03-2025 17:03:37.976;04-03-2025 17:05:02.935;84959
1;04-03-2025 17:02:25.922;04-03-2025 17:05:03.405;157483
2;04-03-2025 17:02:14.787;04-03-2025 17:05:05.193;170406
1;04-03-2025 17:02:25.922;04-03-2025 17:05:08.083;162161
2;04-03-2025 17:02:14.787;04-03-2025 17:05:15.483;180696
1;04-03-2025 17:05:08.886;04-03-2025 17:05:15.691;6805
3;04-03-2025 17:05:17.906;04-03-2025 17:05:17.950;44
3;04-03-2025 17:05:17.906;04-03-2025 17:05:17.997;91
3;04-03-2025 17:05:17.906;04-03-2025 17:05:22.924;5018
1;04-03-2025 17:05:08.886;04-03-2025 17:05:24.741;15855
3;04-03-2025 17:05:17.906;04-03-2025 17:05:27.928;10022
3;04-03-2025 17:05:17.906;04-03-2025 17:05:32.918;15012
3;04-03-2025 17:05:17.906;04-03-2025 17:05:37.925;20019
3;04-03-2025 17:05:17.906;04-03-2025 17:05:42.929;25023
2;04-03-2025 17:05:33.415;04-03-2025 17:05:45.723;12308
1;04-03-2025 17:05:08.886;04-03-2025 17:05:46.274;37388
3;04-03-2025 17:05:17.906;04-03-2025 17:05:47.932;30026
3;04-03-2025 17:05:17.906;04-03-2025 17:05:52.940;35034
1;04-03-2025 17:05:08.886;04-03-2025 17:05:53.022;44136
3;04-03-2025 17:05:17.906;04-03-2025 17:05:57.927;40021
1;04-03-2025 17:05:08.886;04-03-2025 17:06:01.078;52192
2;04-03-2025 17:05:33.415;04-03-2025 17:06:02.198;28783
1;04-03-2025 17:05:08.886;04-03-2025 17:06:03.024;54138
2;04-03-2025 17:05:33.415;04-03-2025 17:06:05.635;32220
2;04-03-2025 17:05:33.415;04-03-2025 17:06:08.164;34749
1;04-03-2025 17:05:08.886;04-03-2025 17:06:10.346;61460
3;04-03-2025 17:06:12.900;04-03-2025 17:06:12.940;40
3;04-03-2025 17:06:12.900;04-03-2025 17:06:13.003;103
1;04-03-2025 17:05:08.886;04-03-2025 17:06:16.007;67121
2;04-03-2025 17:05:33.415;04-03-2025 17:06:16.111;42696
3;04-03-2025 17:06:12.900;04-03-2025 17:06:17.930;5030
1;04-03-2025 17:05:08.886;04-03-2025 17:06:18.111;69225
2;04-03-2025 17:05:33.415;04-03-2025 17:06:19.413;45998
3;04-03-2025 17:06:12.900;04-03-2025 17:06:22.938;10038
2;04-03-2025 17:05:33.415;04-03-2025 17:06:25.149;51734
1;04-03-2025 17:05:08.886;04-03-2025 17:06:25.451;76565
3;04-03-2025 17:06:12.900;04-03-2025 17:06:27.933;15033
1;04-03-2025 17:05:08.886;04-03-2025 17:06:28.177;79291
2;04-03-2025 17:05:33.415;04-03-2025 17:06:28.219;54804
3;04-03-2025 17:06:12.900;04-03-2025 17:06:32.931;20031
1;04-03-2025 17:05:08.886;04-03-2025 17:06:33.551;84665
2;04-03-2025 17:05:33.415;04-03-2025 17:06:35.117;61702
3;04-03-2025 17:06:12.900;04-03-2025 17:06:37.934;25034
1;04-03-2025 17:05:08.886;04-03-2025 17:06:39.127;90241
2;04-03-2025 17:05:33.415;04-03-2025 17:06:40.791;67376
2;04-03-2025 17:05:33.415;04-03-2025 17:06:46.068;72653
1;04-03-2025 17:05:08.886;04-03-2025 17:06:46.372;97486
1;04-03-2025 17:05:08.886;04-03-2025 17:06:50.820;101934
3;04-03-2025 17:06:52.899;04-03-2025 17:06:52.961;62
3;04-03-2025 17:06:52.899;04-03-2025 17:06:53.036;137
1;04-03-2025 17:05:08.886;04-03-2025 17:06:53.047;104161
2;04-03-2025 17:05:33.415;04-03-2025 17:06:55.231;81816
3;04-03-2025 17:06:52.899;04-03-2025 17:06:57.921;5022
1;04-03-2025 17:05:08.886;04-03-2025 17:06:58.028;109142
2;04-03-2025 17:05:33.415;04-03-2025 17:07:00.518;87103
3;04-03-2025 17:06:52.899;04-03-2025 17:07:02.927;10028
1;04-03-2025 17:05:08.886;04-03-2025 17:07:03.201;114315
2;04-03-2025 17:05:33.415;04-03-2025 17:07:05.433;92018
1;04-03-2025 17:05:08.886;04-03-2025 17:07:08.338;119452
2;04-03-2025 17:05:33.415;04-03-2025 17:07:10.726;97311
1;04-03-2025 17:05:08.886;04-03-2025 17:07:13.020;124134
2;04-03-2025 17:05:33.415;04-03-2025 17:07:14.273;100858
3;04-03-2025 17:07:17.900;04-03-2025 17:07:17.944;44
3;04-03-2025 17:07:17.900;04-03-2025 17:07:18.013;113
1;04-03-2025 17:05:08.886;04-03-2025 17:07:21.326;132440
2;04-03-2025 17:05:33.415;04-03-2025 17:07:21.358;107943
3;04-03-2025 17:07:17.900;04-03-2025 17:07:22.932;5032
3;04-03-2025 17:07:17.900;04-03-2025 17:07:27.924;10024
1;04-03-2025 17:05:08.886;04-03-2025 17:07:28.026;139140
2;04-03-2025 17:05:33.415;04-03-2025 17:07:31.495;118080
3;04-03-2025 17:07:17.900;04-03-2025 17:07:32.925;15025
2;04-03-2025 17:05:33.415;04-03-2025 17:07:35.393;121978
3;04-03-2025 17:07:17.900;04-03-2025 17:07:37.931;20031
1;04-03-2025 17:05:08.886;04-03-2025 17:07:38.163;149277
2;04-03-2025 17:05:33.415;04-03-2025 17:07:40.359;126944
3;04-03-2025 17:07:17.900;04-03-2025 17:07:42.937;25037
1;04-03-2025 17:05:08.886;04-03-2025 17:07:43.121;154235
2;04-03-2025 17:05:33.415;04-03-2025 17:07:43.219;129804
3;04-03-2025 17:07:17.900;04-03-2025 17:07:47.925;30025
1;04-03-2025 17:05:08.886;04-03-2025 17:07:48.014;159128
2;04-03-2025 17:05:33.415;04-03-2025 17:07:50.814;137399
3;04-03-2025 17:07:17.900;04-03-2025 17:07:52.930;35030
2;04-03-2025 17:05:33.415;04-03-2025 17:07:55.402;141987
1;04-03-2025 17:05:08.886;04-03-2025 17:07:55.754;166868
3;04-03-2025 17:07:17.900;04-03-2025 17:07:57.934;40034
1;04-03-2025 17:05:08.886;04-03-2025 17:08:00.778;171892
2;04-03-2025 17:05:33.415;04-03-2025 17:08:00.810;147395
3;04-03-2025 17:07:17.900;04-03-2025 17:08:02.924;45024
1;04-03-2025 17:05:08.886;04-03-2025 17:08:03.147;174261
3;04-03-2025 17:07:17.900;04-03-2025 17:08:07.929;50029
1;04-03-2025 17:05:08.886;04-03-2025 17:08:09.522;180636
2;04-03-2025 17:05:33.415;04-03-2025 17:08:10.938;157523
3;04-03-2025 17:07:17.900;04-03-2025 17:08:12.920;55020
1;04-03-2025 17:05:08.886;04-03-2025 17:08:13.746;184860
2;04-03-2025 17:05:33.415;04-03-2025 17:08:15.394;161979
3;04-03-2025 17:07:17.900;04-03-2025 17:08:17.940;60040
3;04-03-2025 17:07:17.900;04-03-2025 17:08:22.932;65032
2;04-03-2025 17:05:33.415;04-03-2025 17:08:25.279;171864
3;04-03-2025 17:07:17.900;04-03-2025 17:08:27.935;70035
2;04-03-2025 17:05:33.415;04-03-2025 17:08:30.618;177203
1;04-03-2025 17:05:08.886;04-03-2025 17:08:32.630;203744
3;04-03-2025 17:07:17.900;04-03-2025 17:08:32.952;75052
2;04-03-2025 17:05:33.415;04-03-2025 17:08:35.301;181886
1;04-03-2025 17:05:08.886;04-03-2025 17:08:36.261;207375
3;04-03-2025 17:07:17.900;04-03-2025 17:08:37.931;80031
2;04-03-2025 17:05:33.415;04-03-2025 17:08:38.229;184814
1;04-03-2025 17:05:08.886;04-03-2025 17:08:38.408;209522
2;04-03-2025 17:05:33.415;04-03-2025 17:08:45.809;192394
1;04-03-2025 17:05:08.886;04-03-2025 17:08:47.110;218224
3;04-03-2025 17:08:47.895;04-03-2025 17:08:47.923;28
1;04-03-2025 17:05:08.886;04-03-2025 17:08:48.332;219446
2;04-03-2025 17:05:33.415;04-03-2025 17:08:48.854;195439
3;04-03-2025 17:08:47.895;04-03-2025 17:08:52.930;5035
1;04-03-2025 17:05:08.886;04-03-2025 17:08:55.692;226806
3;04-03-2025 17:08:47.895;04-03-2025 17:08:57.935;10040
2;04-03-2025 17:05:33.415;04-03-2025 17:09:00.984;207569
3;04-03-2025 17:08:47.895;04-03-2025 17:09:02.926;15031
3;04-03-2025 17:08:47.895;04-03-2025 17:09:07.931;20036
2;04-03-2025 17:05:33.415;04-03-2025 17:09:10.971;217556
3;04-03-2025 17:08:47.895;04-03-2025 17:09:12.935;25040
3;04-03-2025 17:08:47.895;04-03-2025 17:09:17.927;30032
2;04-03-2025 17:05:33.415;04-03-2025 17:09:30.934;237519
3;04-03-2025 17:09:32.900;04-03-2025 17:09:32.955;55
3;04-03-2025 17:09:32.900;04-03-2025 17:09:33.027;127
3;04-03-2025 17:09:32.900;04-03-2025 17:09:37.927;5027
3;04-03-2025 17:09:32.900;04-03-2025 17:09:42.934;10034
2;04-03-2025 17:05:33.415;04-03-2025 17:09:45.439;252024
3;04-03-2025 17:09:32.900;04-03-2025 17:09:47.921;15021
2;04-03-2025 17:05:33.415;04-03-2025 17:09:50.157;256742
1;04-03-2025 17:05:08.886;04-03-2025 17:09:50.699;281813
3;04-03-2025 17:09:32.900;04-03-2025 17:09:52.941;20041
3;04-03-2025 17:09:32.900;04-03-2025 17:09:57.928;25028
1;04-03-2025 17:05:08.886;04-03-2025 17:10:00.674;291788
3;04-03-2025 17:09:32.900;04-03-2025 17:10:02.936;30036
3;04-03-2025 17:09:32.900;04-03-2025 17:10:07.935;35035
1;04-03-2025 17:05:08.886;04-03-2025 17:10:08.125;299239
2;04-03-2025 17:05:33.415;04-03-2025 17:10:10.887;277472
3;04-03-2025 17:09:32.900;04-03-2025 17:10:12.943;40043
3;04-03-2025 17:09:32.900;04-03-2025 17:10:17.926;45026
3;04-03-2025 17:09:32.900;04-03-2025 17:10:22.921;50021
3;04-03-2025 17:09:32.900;04-03-2025 17:10:27.926;55026
3;04-03-2025 17:09:32.900;04-03-2025 17:10:32.929;60029
3;04-03-2025 17:09:32.900;04-03-2025 17:10:37.934;65034
3;04-03-2025 17:09:32.900;04-03-2025 17:10:42.923;70023
3;04-03-2025 17:09:32.900;04-03-2025 17:10:47.926;75026
0;04-03-2025 17:10:29.322;04-03-2025 17:10:52.047;22725
3;04-03-2025 17:09:32.900;04-03-2025 17:10:52.930;80030
0;04-03-2025 17:10:29.322;04-03-2025 17:10:55.821;26499
3;04-03-2025 17:09:32.900;04-03-2025 17:10:57.936;85036
1;04-03-2025 17:10:56.591;04-03-2025 17:10:58.017;1426
3;04-03-2025 17:09:32.900;04-03-2025 17:11:02.927;90027
1;04-03-2025 17:10:56.591;04-03-2025 17:11:03.134;6543
2;04-03-2025 17:11:02.176;04-03-2025 17:11:07.061;4885
3;04-03-2025 17:09:32.900;04-03-2025 17:11:07.931;95031
3;04-03-2025 17:09:32.900;04-03-2025 17:11:12.921;100021
3;04-03-2025 17:09:32.900;04-03-2025 17:11:17.926;105026
3;04-03-2025 17:09:32.900;04-03-2025 17:11:22.929;110029
0;04-03-2025 17:11:15.885;04-03-2025 17:11:24.796;8911
3;04-03-2025 17:09:32.900;04-03-2025 17:11:27.937;115037
1;04-03-2025 17:10:56.591;04-03-2025 17:11:29.578;32987
2;04-03-2025 17:11:02.176;04-03-2025 17:11:30.378;28202
3;04-03-2025 17:09:32.900;04-03-2025 17:11:32.925;120025
1;04-03-2025 17:10:56.591;04-03-2025 17:11:33.174;36583
2;04-03-2025 17:11:02.176;04-03-2025 17:11:35.573;33397
3;04-03-2025 17:09:32.900;04-03-2025 17:11:37.928;125028
2;04-03-2025 17:11:02.176;04-03-2025 17:11:42.433;40257
3;04-03-2025 17:09:32.900;04-03-2025 17:11:42.936;130036
2;04-03-2025 17:11:02.176;04-03-2025 17:11:46.750;44574
3;04-03-2025 17:09:32.900;04-03-2025 17:11:47.923;135023
1;04-03-2025 17:11:36.067;04-03-2025 17:11:48.606;12539
2;04-03-2025 17:11:02.176;04-03-2025 17:11:50.269;48093
0;04-03-2025 17:11:31.039;04-03-2025 17:11:50.686;19647
3;04-03-2025 17:09:32.900;04-03-2025 17:11:52.928;140028
0;04-03-2025 17:11:51.243;04-03-2025 17:11:55.209;3966
3;04-03-2025 17:09:32.900;04-03-2025 17:11:57.935;145035
3;04-03-2025 17:09:32.900;04-03-2025 17:12:02.924;150024
3;04-03-2025 17:09:32.900;04-03-2025 17:12:07.930;155030
3;04-03-2025 17:09:32.900;04-03-2025 17:12:12.933;160033
3;04-03-2025 17:09:32.900;04-03-2025 17:12:17.922;165022
3;04-03-2025 17:09:32.900;04-03-2025 17:12:22.923;170023
3;04-03-2025 17:09:32.900;04-03-2025 17:12:27.931;175031
3;04-03-2025 17:09:32.900;04-03-2025 17:12:32.935;180035
2;04-03-2025 17:11:02.176;04-03-2025 17:12:35.088;92912
3;04-03-2025 17:09:32.900;04-03-2025 17:12:37.925;185025
3;04-03-2025 17:09:32.900;04-03-2025 17:12:42.928;190028
3;04-03-2025 17:09:32.900;04-03-2025 17:12:47.933;195033
3;04-03-2025 17:09:32.900;04-03-2025 17:12:52.938;200038
3;04-03-2025 17:09:32.900;04-03-2025 17:12:57.925;205025
3;04-03-2025 17:09:32.900;04-03-2025 17:13:02.932;210032
3;04-03-2025 17:09:32.900;04-03-2025 17:13:07.925;215025
3;04-03-2025 17:09:32.900;04-03-2025 17:13:12.930;220030
3;04-03-2025 17:09:32.900;04-03-2025 17:13:17.939;225039
3;04-03-2025 17:09:32.900;04-03-2025 17:13:22.924;230024
1;04-03-2025 17:13:21.914;04-03-2025 17:13:26.291;4377
3;04-03-2025 17:09:32.900;04-03-2025 17:13:27.929;235029
3;04-03-2025 17:09:32.900;04-03-2025 17:13:32.936;240036
3;04-03-2025 17:09:32.900;04-03-2025 17:13:37.925;245025
3;04-03-2025 17:09:32.900;04-03-2025 17:13:42.935;250035
2;04-03-2025 17:13:44.553;04-03-2025 17:13:46.140;1587
1;04-03-2025 17:13:21.914;04-03-2025 17:13:46.188;24274
3;04-03-2025 17:09:32.900;04-03-2025 17:13:47.922;255022
3;04-03-2025 17:09:32.900;04-03-2025 17:13:52.925;260025
2;04-03-2025 17:13:55.700;04-03-2025 17:13:57.845;2145
3;04-03-2025 17:09:32.900;04-03-2025 17:13:57.932;265032
3;04-03-2025 17:09:32.900;04-03-2025 17:14:02.936;270036
0;04-03-2025 17:13:43.623;04-03-2025 17:14:11.055;27432
0;04-03-2025 17:13:43.623;04-03-2025 17:14:13.343;29720
3;04-03-2025 17:14:17.899;04-03-2025 17:14:17.972;73
3;04-03-2025 17:14:17.899;04-03-2025 17:14:18.029;130
1;04-03-2025 17:14:06.077;04-03-2025 17:14:18.162;12085
0;04-03-2025 17:13:43.623;04-03-2025 17:14:18.855;35232
3;04-03-2025 17:14:17.899;04-03-2025 17:14:22.937;5038
2;04-03-2025 17:14:22.424;04-03-2025 17:14:23.403;979
1;04-03-2025 17:14:24.381;04-03-2025 17:14:24.563;182
3;04-03-2025 17:14:17.899;04-03-2025 17:14:27.929;10030
0;04-03-2025 17:13:43.623;04-03-2025 17:14:32.288;48665
3;04-03-2025 17:14:17.899;04-03-2025 17:14:32.932;15033
3;04-03-2025 17:14:17.899;04-03-2025 17:14:37.924;20025
3;04-03-2025 17:14:17.899;04-03-2025 17:14:42.928;25029
3;04-03-2025 17:14:17.899;04-03-2025 17:14:47.933;30034
3;04-03-2025 17:14:17.899;04-03-2025 17:14:52.925;35026
3;04-03-2025 17:14:17.899;04-03-2025 17:14:57.926;40027
3;04-03-2025 17:14:17.899;04-03-2025 17:15:02.931;45032
3;04-03-2025 17:14:17.899;04-03-2025 17:15:07.936;50037
3;04-03-2025 17:14:17.899;04-03-2025 17:15:12.924;55025
1;04-03-2025 17:15:08.136;04-03-2025 17:15:13.027;4891
3;04-03-2025 17:14:17.899;04-03-2025 17:15:17.927;60028
3;04-03-2025 17:14:17.899;04-03-2025 17:15:22.934;65035
3;04-03-2025 17:14:17.899;04-03-2025 17:15:27.937;70038
1;04-03-2025 17:15:24.284;04-03-2025 17:15:33.048;8764
1;04-03-2025 17:15:24.284;04-03-2025 17:15:41.822;17538
3;04-03-2025 17:15:42.900;04-03-2025 17:15:42.939;39
3;04-03-2025 17:15:42.900;04-03-2025 17:15:42.986;86
3;04-03-2025 17:15:42.900;04-03-2025 17:15:47.929;5029
0;04-03-2025 17:15:15.763;04-03-2025 17:15:52.814;37051
3;04-03-2025 17:16:02.900;04-03-2025 17:16:02.955;55
3;04-03-2025 17:16:02.900;04-03-2025 17:16:03.002;102
3;04-03-2025 17:16:02.900;04-03-2025 17:16:07.930;5030
3;04-03-2025 17:16:02.900;04-03-2025 17:16:12.935;10035
3;04-03-2025 17:16:02.900;04-03-2025 17:16:17.922;15022
3;04-03-2025 17:16:02.900;04-03-2025 17:16:22.924;20024
3;04-03-2025 17:16:02.900;04-03-2025 17:16:27.927;25027
0;04-03-2025 17:16:14.375;04-03-2025 17:16:28.657;14282
3;04-03-2025 17:16:02.900;04-03-2025 17:16:32.933;30033
2;04-03-2025 17:16:29.190;04-03-2025 17:16:35.710;6520
3;04-03-2025 17:16:02.900;04-03-2025 17:16:37.923;35023
2;04-03-2025 17:16:29.190;04-03-2025 17:16:38.748;9558
1;04-03-2025 17:16:23.690;04-03-2025 17:16:40.999;17309
3;04-03-2025 17:16:02.900;04-03-2025 17:16:42.925;40025
3;04-03-2025 17:16:02.900;04-03-2025 17:16:47.927;45027
3;04-03-2025 17:16:02.900;04-03-2025 17:16:52.931;50031
0;04-03-2025 17:16:14.375;04-03-2025 17:16:56.764;42389
3;04-03-2025 17:16:02.900;04-03-2025 17:16:57.921;55021
3;04-03-2025 17:16:02.900;04-03-2025 17:17:02.928;60028
3;04-03-2025 17:16:02.900;04-03-2025 17:17:07.935;65035
1;04-03-2025 17:17:06.438;04-03-2025 17:17:12.060;5622
2;04-03-2025 17:16:45.301;04-03-2025 17:17:22.656;37355
3;04-03-2025 17:17:22.900;04-03-2025 17:17:22.950;50
3;04-03-2025 17:17:22.900;04-03-2025 17:17:22.997;97
3;04-03-2025 17:17:22.900;04-03-2025 17:17:27.929;5029
3;04-03-2025 17:17:22.900;04-03-2025 17:17:32.941;10041
3;04-03-2025 17:17:22.900;04-03-2025 17:17:37.924;15024
3;04-03-2025 17:17:22.900;04-03-2025 17:17:42.944;20044
2;04-03-2025 17:17:32.764;04-03-2025 17:17:46.677;13913
3;04-03-2025 17:17:22.900;04-03-2025 17:17:47.954;25054
3;04-03-2025 17:17:22.900;04-03-2025 17:17:52.943;30043
3;04-03-2025 17:17:22.900;04-03-2025 17:17:57.935;35035
3;04-03-2025 17:17:22.900;04-03-2025 17:18:02.932;40032
3;04-03-2025 17:17:22.900;04-03-2025 17:18:07.935;45035
1;04-03-2025 17:18:04.623;04-03-2025 17:18:08.445;3822
3;04-03-2025 17:17:22.900;04-03-2025 17:18:12.941;50041
1;04-03-2025 17:18:13.529;04-03-2025 17:18:16.457;2928
3;04-03-2025 17:17:22.900;04-03-2025 17:18:17.933;55033
1;04-03-2025 17:18:13.529;04-03-2025 17:18:20.213;6684
3;04-03-2025 17:17:22.900;04-03-2025 17:18:22.935;60035
2;04-03-2025 17:18:20.342;04-03-2025 17:18:26.932;6590
1;04-03-2025 17:18:13.529;04-03-2025 17:18:26.962;13433
3;04-03-2025 17:17:22.900;04-03-2025 17:18:27.916;65016
1;04-03-2025 17:18:13.529;04-03-2025 17:18:28.950;15421
3;04-03-2025 17:17:22.900;04-03-2025 17:18:32.929;70029
2;04-03-2025 17:18:20.342;04-03-2025 17:18:33.115;12773
3;04-03-2025 17:17:22.900;04-03-2025 17:18:37.924;75024
3;04-03-2025 17:17:22.900;04-03-2025 17:18:42.925;80025
3;04-03-2025 17:17:22.900;04-03-2025 17:18:47.930;85030
3;04-03-2025 17:17:22.900;04-03-2025 17:18:52.935;90035
3;04-03-2025 17:17:22.900;04-03-2025 17:18:57.957;95057
3;04-03-2025 17:17:22.900;04-03-2025 17:19:02.927;100027
3;04-03-2025 17:17:22.900;04-03-2025 17:19:07.936;105036
3;04-03-2025 17:17:22.900;04-03-2025 17:19:12.923;110023
3;04-03-2025 17:17:22.900;04-03-2025 17:19:17.928;115028
3;04-03-2025 17:17:22.900;04-03-2025 17:19:22.935;120035
1;04-03-2025 17:18:46.780;04-03-2025 17:19:26.813;40033
3;04-03-2025 17:17:22.900;04-03-2025 17:19:27.924;125024
1;04-03-2025 17:18:46.780;04-03-2025 17:19:32.844;46064
2;04-03-2025 17:19:04.288;04-03-2025 17:19:32.875;28587
3;04-03-2025 17:17:22.900;04-03-2025 17:19:32.929;130029
3;04-03-2025 17:17:22.900;04-03-2025 17:19:37.934;135034
3;04-03-2025 17:17:22.900;04-03-2025 17:19:42.926;140026
3;04-03-2025 17:17:22.900;04-03-2025 17:19:47.929;145029
3;04-03-2025 17:17:22.900;04-03-2025 17:19:52.935;150035
3;04-03-2025 17:17:22.900;04-03-2025 17:19:57.926;155026
0;04-03-2025 17:20:00.271;04-03-2025 17:20:11.513;11242
3;04-03-2025 17:20:12.906;04-03-2025 17:20:12.945;39
3;04-03-2025 17:20:12.906;04-03-2025 17:20:13.010;104
3;04-03-2025 17:20:12.906;04-03-2025 17:20:17.931;5025
3;04-03-2025 17:20:12.906;04-03-2025 17:20:22.939;10033
3;04-03-2025 17:20:12.906;04-03-2025 17:20:27.928;15022
3;04-03-2025 17:20:12.906;04-03-2025 17:20:32.937;20031
3;04-03-2025 17:20:12.906;04-03-2025 17:20:37.922;25016
3;04-03-2025 17:20:12.906;04-03-2025 17:20:42.926;30020
3;04-03-2025 17:20:12.906;04-03-2025 17:20:47.934;35028
1;04-03-2025 17:18:46.780;04-03-2025 17:20:51.474;124694
2;04-03-2025 17:20:27.259;04-03-2025 17:20:51.650;24391
3;04-03-2025 17:20:12.906;04-03-2025 17:20:52.937;40031
3;04-03-2025 17:20:12.906;04-03-2025 17:20:57.920;45014
3;04-03-2025 17:20:12.906;04-03-2025 17:21:02.928;50022
3;04-03-2025 17:20:12.906;04-03-2025 17:21:07.917;55011
0;04-03-2025 17:20:59.601;04-03-2025 17:21:11.091;11490
3;04-03-2025 17:20:12.906;04-03-2025 17:21:12.922;60016
2;04-03-2025 17:21:15.152;04-03-2025 17:21:15.763;611
1;04-03-2025 17:18:46.780;04-03-2025 17:21:15.794;149014
3;04-03-2025 17:20:12.906;04-03-2025 17:21:17.925;65019
2;04-03-2025 17:21:15.152;04-03-2025 17:21:19.257;4105
1;04-03-2025 17:18:46.780;04-03-2025 17:21:19.311;152531
3;04-03-2025 17:20:12.906;04-03-2025 17:21:22.931;70025
3;04-03-2025 17:20:12.906;04-03-2025 17:21:27.936;75030
3;04-03-2025 17:20:12.906;04-03-2025 17:21:32.926;80020
1;04-03-2025 17:18:46.780;04-03-2025 17:21:33.169;166389
0;04-03-2025 17:21:23.815;04-03-2025 17:21:33.784;9969
3;04-03-2025 17:20:12.906;04-03-2025 17:21:37.926;85020
3;04-03-2025 17:20:12.906;04-03-2025 17:21:42.933;90027
3;04-03-2025 17:20:12.906;04-03-2025 17:21:47.948;95042
3;04-03-2025 17:20:12.906;04-03-2025 17:21:52.926;100020
3;04-03-2025 17:20:12.906;04-03-2025 17:21:57.929;105023
3;04-03-2025 17:20:12.906;04-03-2025 17:22:02.934;110028
0;04-03-2025 17:21:43.548;04-03-2025 17:22:03.159;19611
3;04-03-2025 17:20:12.906;04-03-2025 17:22:07.939;115033
3;04-03-2025 17:20:12.906;04-03-2025 17:22:12.950;120044
2;04-03-2025 17:21:55.793;04-03-2025 17:22:16.121;20328
3;04-03-2025 17:20:12.906;04-03-2025 17:22:17.935;125029
1;04-03-2025 17:21:51.719;04-03-2025 17:22:20.633;28914
3;04-03-2025 17:20:12.906;04-03-2025 17:22:22.923;130017
3;04-03-2025 17:20:12.906;04-03-2025 17:22:27.929;135023
2;04-03-2025 17:22:25.753;04-03-2025 17:22:32.721;6968
3;04-03-2025 17:20:12.906;04-03-2025 17:22:32.935;140029
3;04-03-2025 17:20:12.906;04-03-2025 17:22:37.938;145032
1;04-03-2025 17:22:35.060;04-03-2025 17:22:40.556;5496
2;04-03-2025 17:22:25.753;04-03-2025 17:22:41.094;15341
3;04-03-2025 17:20:12.906;04-03-2025 17:22:42.927;150021
3;04-03-2025 17:20:12.906;04-03-2025 17:22:47.934;155028
2;04-03-2025 17:22:25.753;04-03-2025 17:22:50.980;25227
3;04-03-2025 17:20:12.906;04-03-2025 17:22:52.920;160014
3;04-03-2025 17:20:12.906;04-03-2025 17:22:57.926;165020
2;04-03-2025 17:23:00.398;04-03-2025 17:23:00.445;47
3;04-03-2025 17:20:12.906;04-03-2025 17:23:02.933;170027
2;04-03-2025 17:23:05.362;04-03-2025 17:23:06.169;807
3;04-03-2025 17:20:12.906;04-03-2025 17:23:07.919;175013
2;04-03-2025 17:23:05.362;04-03-2025 17:23:10.378;5016
3;04-03-2025 17:20:12.906;04-03-2025 17:23:12.926;180020
1;04-03-2025 17:22:35.060;04-03-2025 17:23:13.016;37956
3;04-03-2025 17:20:12.906;04-03-2025 17:23:17.930;185024
3;04-03-2025 17:20:12.906;04-03-2025 17:23:22.934;190028
3;04-03-2025 17:20:12.906;04-03-2025 17:23:27.925;195019
2;04-03-2025 17:23:05.362;04-03-2025 17:23:29.294;23932
1;04-03-2025 17:22:35.060;04-03-2025 17:23:29.370;54310
3;04-03-2025 17:20:12.906;04-03-2025 17:23:32.926;200020
1;04-03-2025 17:22:35.060;04-03-2025 17:23:35.064;60004
2;04-03-2025 17:23:05.362;04-03-2025 17:23:35.144;29782
3;04-03-2025 17:20:12.906;04-03-2025 17:23:37.930;205024
1;04-03-2025 17:22:35.060;04-03-2025 17:23:38.275;63215
2;04-03-2025 17:23:05.362;04-03-2025 17:23:40.164;34802
3;04-03-2025 17:20:12.906;04-03-2025 17:23:42.936;210030
1;04-03-2025 17:22:35.060;04-03-2025 17:23:43.467;68407
2;04-03-2025 17:23:05.362;04-03-2025 17:23:45.405;40043
3;04-03-2025 17:20:12.906;04-03-2025 17:23:47.925;215019
2;04-03-2025 17:23:05.362;04-03-2025 17:23:50.127;44765
1;04-03-2025 17:22:35.060;04-03-2025 17:23:50.463;75403
1;04-03-2025 17:22:35.060;04-03-2025 17:23:53.339;78279
2;04-03-2025 17:23:05.362;04-03-2025 17:23:55.658;50296
1;04-03-2025 17:22:35.060;04-03-2025 17:24:00.264;85204
2;04-03-2025 17:23:05.362;04-03-2025 17:24:00.903;55541
3;04-03-2025 17:24:02.900;04-03-2025 17:24:02.941;41
3;04-03-2025 17:24:02.900;04-03-2025 17:24:02.990;90
2;04-03-2025 17:23:05.362;04-03-2025 17:24:05.297;59935
1;04-03-2025 17:22:35.060;04-03-2025 17:24:05.767;90707
3;04-03-2025 17:24:02.900;04-03-2025 17:24:07.929;5029
1;04-03-2025 17:22:35.060;04-03-2025 17:24:12.833;97773
3;04-03-2025 17:24:02.900;04-03-2025 17:24:12.934;10034
1;04-03-2025 17:22:35.060;04-03-2025 17:24:15.516;100456
2;04-03-2025 17:23:05.362;04-03-2025 17:24:15.858;70496
3;04-03-2025 17:24:02.900;04-03-2025 17:24:17.924;15024
2;04-03-2025 17:23:05.362;04-03-2025 17:24:21.806;76444
3;04-03-2025 17:24:02.900;04-03-2025 17:24:22.932;20032
3;04-03-2025 17:24:02.900;04-03-2025 17:24:27.922;25022
3;04-03-2025 17:24:02.900;04-03-2025 17:24:32.928;30028
2;04-03-2025 17:23:05.362;04-03-2025 17:24:35.925;90563
1;04-03-2025 17:22:35.060;04-03-2025 17:24:36.581;121521
3;04-03-2025 17:24:02.900;04-03-2025 17:24:37.931;35031
1;04-03-2025 17:22:35.060;04-03-2025 17:24:38.022;122962
3;04-03-2025 17:24:02.900;04-03-2025 17:24:42.935;40035
3;04-03-2025 17:24:02.900;04-03-2025 17:24:47.922;45022
3;04-03-2025 17:24:02.900;04-03-2025 17:24:52.928;50028
3;04-03-2025 17:24:02.900;04-03-2025 17:24:57.931;55031
1;04-03-2025 17:22:35.060;04-03-2025 17:25:01.344;146284
3;04-03-2025 17:24:02.900;04-03-2025 17:25:02.935;60035
0;04-03-2025 17:24:37.545;04-03-2025 17:25:07.121;29576
3;04-03-2025 17:24:02.900;04-03-2025 17:25:07.928;65028
3;04-03-2025 17:24:02.900;04-03-2025 17:25:12.928;70028
3;04-03-2025 17:24:02.900;04-03-2025 17:25:17.935;75035
3;04-03-2025 17:24:02.900;04-03-2025 17:25:22.927;80027
3;04-03-2025 17:24:02.900;04-03-2025 17:25:27.928;85028
3;04-03-2025 17:24:02.900;04-03-2025 17:25:32.929;90029
3;04-03-2025 17:24:02.900;04-03-2025 17:25:37.939;95039
3;04-03-2025 17:24:02.900;04-03-2025 17:25:42.929;100029
3;04-03-2025 17:24:02.900;04-03-2025 17:25:47.930;105030
1;04-03-2025 17:22:35.060;04-03-2025 17:25:50.961;195901
3;04-03-2025 17:24:02.900;04-03-2025 17:25:52.935;110035
1;04-03-2025 17:22:35.060;04-03-2025 17:25:55.456;200396
3;04-03-2025 17:24:02.900;04-03-2025 17:25:57.923;115023
1;04-03-2025 17:22:35.060;04-03-2025 17:25:58.077;203017
3;04-03-2025 17:24:02.900;04-03-2025 17:26:02.927;120027
1;04-03-2025 17:22:35.060;04-03-2025 17:26:07.416;212356
3;04-03-2025 17:24:02.900;04-03-2025 17:26:07.947;125047
2;04-03-2025 17:26:10.823;04-03-2025 17:26:16.381;5558
3;04-03-2025 17:26:22.899;04-03-2025 17:26:22.943;44
3;04-03-2025 17:26:22.899;04-03-2025 17:26:23.019;120
3;04-03-2025 17:26:22.899;04-03-2025 17:26:27.916;5017
3;04-03-2025 17:26:22.899;04-03-2025 17:26:32.921;10022
3;04-03-2025 17:26:22.899;04-03-2025 17:26:37.924;15025
3;04-03-2025 17:26:22.899;04-03-2025 17:26:42.930;20031
3;04-03-2025 17:26:22.899;04-03-2025 17:26:47.936;25037
3;04-03-2025 17:26:22.899;04-03-2025 17:26:52.928;30029
3;04-03-2025 17:26:22.899;04-03-2025 17:26:57.931;35032
3;04-03-2025 17:26:22.899;04-03-2025 17:27:02.937;40038
3;04-03-2025 17:26:22.899;04-03-2025 17:27:07.927;45028
3;04-03-2025 17:26:22.899;04-03-2025 17:27:12.926;50027
3;04-03-2025 17:26:22.899;04-03-2025 17:27:17.931;55032
2;04-03-2025 17:26:50.656;04-03-2025 17:27:20.979;30323
3;04-03-2025 17:26:22.899;04-03-2025 17:27:22.948;60049
3;04-03-2025 17:26:22.899;04-03-2025 17:27:27.928;65029
2;04-03-2025 17:26:50.656;04-03-2025 17:27:31.105;40449
3;04-03-2025 17:26:22.899;04-03-2025 17:27:32.930;70031
3;04-03-2025 17:26:22.899;04-03-2025 17:27:37.925;75026
3;04-03-2025 17:26:22.899;04-03-2025 17:27:42.920;80021
3;04-03-2025 17:26:22.899;04-03-2025 17:27:47.924;85025
3;04-03-2025 17:26:22.899;04-03-2025 17:27:52.930;90031
3;04-03-2025 17:26:22.899;04-03-2025 17:27:57.935;95036
2;04-03-2025 17:27:46.931;04-03-2025 17:28:00.729;13798
3;04-03-2025 17:26:22.899;04-03-2025 17:28:02.921;100022
3;04-03-2025 17:26:22.899;04-03-2025 17:28:07.925;105026
2;04-03-2025 17:27:46.931;04-03-2025 17:28:11.021;24090
3;04-03-2025 17:26:22.899;04-03-2025 17:28:12.931;110032
3;04-03-2025 17:26:22.899;04-03-2025 17:28:17.920;115021
3;04-03-2025 17:26:22.899;04-03-2025 17:28:22.930;120031
3;04-03-2025 17:26:22.899;04-03-2025 17:28:27.918;125019
1;04-03-2025 17:26:57.638;04-03-2025 17:28:30.278;92640
3;04-03-2025 17:26:22.899;04-03-2025 17:28:32.936;130037
3;04-03-2025 17:26:22.899;04-03-2025 17:28:37.912;135013
1;04-03-2025 17:26:57.638;04-03-2025 17:28:38.594;100956
3;04-03-2025 17:26:22.899;04-03-2025 17:28:42.932;140033
3;04-03-2025 17:26:22.899;04-03-2025 17:28:47.937;145038
1;04-03-2025 17:28:44.074;04-03-2025 17:28:52.697;8623
3;04-03-2025 17:26:22.899;04-03-2025 17:28:52.926;150027
3;04-03-2025 17:26:22.899;04-03-2025 17:28:57.931;155032
3;04-03-2025 17:26:22.899;04-03-2025 17:29:02.923;160024
1;04-03-2025 17:28:53.512;04-03-2025 17:29:03.166;9654
1;04-03-2025 17:29:10.285;04-03-2025 17:29:11.675;1390
2;04-03-2025 17:29:05.387;04-03-2025 17:29:11.803;6416
3;04-03-2025 17:29:17.900;04-03-2025 17:29:17.952;52
3;04-03-2025 17:29:17.900;04-03-2025 17:29:18.001;101
1;04-03-2025 17:29:10.285;04-03-2025 17:29:21.015;10730
2;04-03-2025 17:29:05.387;04-03-2025 17:29:21.185;15798
3;04-03-2025 17:29:17.900;04-03-2025 17:29:22.926;5026
2;04-03-2025 17:29:05.387;04-03-2025 17:29:27.621;22234
1;04-03-2025 17:29:10.285;04-03-2025 17:29:27.653;17368
3;04-03-2025 17:29:17.900;04-03-2025 17:29:27.932;10032
1;04-03-2025 17:29:10.285;04-03-2025 17:29:28.076;17791
2;04-03-2025 17:29:05.387;04-03-2025 17:29:31.202;25815
3;04-03-2025 17:29:17.900;04-03-2025 17:29:32.936;15036
3;04-03-2025 17:29:17.900;04-03-2025 17:29:37.925;20025
3;04-03-2025 17:29:17.900;04-03-2025 17:29:42.928;25028
3;04-03-2025 17:29:17.900;04-03-2025 17:29:47.935;30035
1;04-03-2025 17:29:10.285;04-03-2025 17:29:57.622;47337
3;04-03-2025 17:30:02.906;04-03-2025 17:30:02.953;47
3;04-03-2025 17:30:02.906;04-03-2025 17:30:02.999;93
3;04-03-2025 17:30:02.906;04-03-2025 17:30:07.927;5021
3;04-03-2025 17:30:02.906;04-03-2025 17:30:12.933;10027
3;04-03-2025 17:30:47.895;04-03-2025 17:30:47.924;29
3;04-03-2025 17:30:47.895;04-03-2025 17:30:52.927;5032
3;04-03-2025 17:30:47.895;04-03-2025 17:30:57.931;10036
3;04-03-2025 17:30:47.895;04-03-2025 17:31:02.936;15041
3;04-03-2025 17:30:47.895;04-03-2025 17:31:07.920;20025
3;04-03-2025 17:30:47.895;04-03-2025 17:31:12.923;25028
3;04-03-2025 17:30:47.895;04-03-2025 17:31:17.929;30034
3;04-03-2025 17:30:47.895;04-03-2025 17:31:22.935;35040
3;04-03-2025 17:30:47.895;04-03-2025 17:31:27.926;40031
3;04-03-2025 17:30:47.895;04-03-2025 17:31:32.932;45037
3;04-03-2025 17:30:47.895;04-03-2025 17:31:37.937;50042
3;04-03-2025 17:30:47.895;04-03-2025 17:31:42.924;55029
3;04-03-2025 17:31:57.901;04-03-2025 17:31:57.956;55
3;04-03-2025 17:31:57.901;04-03-2025 17:31:58.002;101
3;04-03-2025 17:31:57.901;04-03-2025 17:32:02.931;5030
0;04-03-2025 17:32:02.369;04-03-2025 17:32:07.002;4633
3;04-03-2025 17:31:57.901;04-03-2025 17:32:07.937;10036
1;04-03-2025 17:32:01.860;04-03-2025 17:32:08.234;6374
3;04-03-2025 17:31:57.901;04-03-2025 17:32:12.928;15027
2;04-03-2025 17:32:12.412;04-03-2025 17:32:15.674;3262
0;04-03-2025 17:32:15.419;04-03-2025 17:32:15.984;565
3;04-03-2025 17:31:57.901;04-03-2025 17:32:17.932;20031
3;04-03-2025 17:31:57.901;04-03-2025 17:32:22.924;25023
3;04-03-2025 17:31:57.901;04-03-2025 17:32:27.928;30027
3;04-03-2025 17:31:57.901;04-03-2025 17:32:32.932;35031
3;04-03-2025 17:31:57.901;04-03-2025 17:32:37.922;40021
3;04-03-2025 17:31:57.901;04-03-2025 17:32:42.927;45026
3;04-03-2025 17:31:57.901;04-03-2025 17:32:47.933;50032
3;04-03-2025 17:31:57.901;04-03-2025 17:32:52.921;55020
0;04-03-2025 17:32:50.964;04-03-2025 17:32:56.926;5962
3;04-03-2025 17:31:57.901;04-03-2025 17:32:57.923;60022
3;04-03-2025 17:31:57.901;04-03-2025 17:33:02.928;65027
3;04-03-2025 17:31:57.901;04-03-2025 17:33:07.935;70034
1;04-03-2025 17:33:03.734;04-03-2025 17:33:11.156;7422
3;04-03-2025 17:31:57.901;04-03-2025 17:33:12.923;75022
1;04-03-2025 17:33:03.734;04-03-2025 17:33:19.504;15770
1;04-03-2025 17:33:21.639;04-03-2025 17:33:23.465;1826
2;04-03-2025 17:32:27.848;04-03-2025 17:33:25.966;58118
3;04-03-2025 17:33:27.900;04-03-2025 17:33:27.935;35
3;04-03-2025 17:33:27.900;04-03-2025 17:33:27.982;82
3;04-03-2025 17:33:27.900;04-03-2025 17:33:32.922;5022
3;04-03-2025 17:33:27.900;04-03-2025 17:33:37.930;10030
3;04-03-2025 17:33:27.900;04-03-2025 17:33:42.935;15035
3;04-03-2025 17:33:27.900;04-03-2025 17:33:47.953;20053
3;04-03-2025 17:33:27.900;04-03-2025 17:33:52.928;25028
3;04-03-2025 17:33:27.900;04-03-2025 17:33:57.930;30030
3;04-03-2025 17:33:27.900;04-03-2025 17:34:02.935;35035
1;04-03-2025 17:33:21.639;04-03-2025 17:34:06.017;44378
3;04-03-2025 17:33:27.900;04-03-2025 17:34:07.928;40028
3;04-03-2025 17:33:27.900;04-03-2025 17:34:12.933;45033
3;04-03-2025 17:33:27.900;04-03-2025 17:34:17.923;50023
3;04-03-2025 17:34:32.899;04-03-2025 17:34:32.937;38
3;04-03-2025 17:34:32.899;04-03-2025 17:34:32.984;85
3;04-03-2025 17:34:32.899;04-03-2025 17:34:37.924;5025
3;04-03-2025 17:34:52.901;04-03-2025 17:34:52.955;54
3;04-03-2025 17:34:52.901;04-03-2025 17:34:53.005;104
1;04-03-2025 17:34:19.096;04-03-2025 17:34:53.104;34008
3;04-03-2025 17:34:52.901;04-03-2025 17:34:57.930;5029
1;04-03-2025 17:34:57.310;04-03-2025 17:35:01.778;4468
2;04-03-2025 17:34:47.760;04-03-2025 17:35:01.809;14049
3;04-03-2025 17:34:52.901;04-03-2025 17:35:02.935;10034
2;04-03-2025 17:34:47.760;04-03-2025 17:35:05.329;17569
1;04-03-2025 17:34:57.310;04-03-2025 17:35:07.388;10078
3;04-03-2025 17:34:52.901;04-03-2025 17:35:07.925;15024
2;04-03-2025 17:34:47.760;04-03-2025 17:35:10.405;22645
1;04-03-2025 17:34:57.310;04-03-2025 17:35:11.292;13982
3;04-03-2025 17:34:52.901;04-03-2025 17:35:12.929;20028
2;04-03-2025 17:35:13.442;04-03-2025 17:35:16.519;3077
1;04-03-2025 17:34:57.310;04-03-2025 17:35:16.583;19273
3;04-03-2025 17:34:52.901;04-03-2025 17:35:17.916;25015
1;04-03-2025 17:34:57.310;04-03-2025 17:35:19.287;21977
3;04-03-2025 17:34:52.901;04-03-2025 17:35:22.922;30021
3;04-03-2025 17:34:52.901;04-03-2025 17:35:27.944;35043
3;04-03-2025 17:34:52.901;04-03-2025 17:35:32.933;40032
3;04-03-2025 17:35:47.895;04-03-2025 17:35:47.930;35
3;04-03-2025 17:35:47.895;04-03-2025 17:35:52.935;5040
2;04-03-2025 17:35:29.756;04-03-2025 17:35:55.440;25684
3;04-03-2025 17:35:47.895;04-03-2025 17:35:57.922;10027
2;04-03-2025 17:35:29.756;04-03-2025 17:36:00.381;30625
1;04-03-2025 17:35:29.722;04-03-2025 17:36:01.257;31535
3;04-03-2025 17:35:47.895;04-03-2025 17:36:02.928;15033
1;04-03-2025 17:35:29.722;04-03-2025 17:36:05.289;35567
3;04-03-2025 17:35:47.895;04-03-2025 17:36:07.931;20036
3;04-03-2025 17:35:47.895;04-03-2025 17:36:12.923;25028
3;04-03-2025 17:35:47.895;04-03-2025 17:36:17.929;30034
1;04-03-2025 17:35:29.722;04-03-2025 17:36:20.085;50363
3;04-03-2025 17:35:47.895;04-03-2025 17:36:22.920;35025
3;04-03-2025 17:35:47.895;04-03-2025 17:36:27.926;40031
3;04-03-2025 17:35:47.895;04-03-2025 17:36:32.932;45037
3;04-03-2025 17:35:47.895;04-03-2025 17:36:37.937;50042
3;04-03-2025 17:35:47.895;04-03-2025 17:36:42.925;55030
1;04-03-2025 17:35:29.722;04-03-2025 17:36:47.203;77481
3;04-03-2025 17:35:47.895;04-03-2025 17:36:47.930;60035
1;04-03-2025 17:36:59.032;04-03-2025 17:37:00.927;1895
3;04-03-2025 17:37:02.898;04-03-2025 17:37:02.932;34
3;04-03-2025 17:37:02.898;04-03-2025 17:37:02.980;82
1;04-03-2025 17:36:59.032;04-03-2025 17:37:04.223;5191
3;04-03-2025 17:37:02.898;04-03-2025 17:37:07.921;5023
3;04-03-2025 17:37:02.898;04-03-2025 17:37:12.944;10046
1;04-03-2025 17:37:10.831;04-03-2025 17:37:17.861;7030
3;04-03-2025 17:37:02.898;04-03-2025 17:37:17.931;15033
3;04-03-2025 17:37:02.898;04-03-2025 17:37:22.936;20038
3;04-03-2025 17:37:02.898;04-03-2025 17:37:27.928;25030
3;04-03-2025 17:37:02.898;04-03-2025 17:37:32.933;30035
3;04-03-2025 17:37:02.898;04-03-2025 17:37:37.922;35024
2;04-03-2025 17:37:24.323;04-03-2025 17:37:42.408;18085
1;04-03-2025 17:37:34.349;04-03-2025 17:37:42.745;8396
3;04-03-2025 17:37:02.898;04-03-2025 17:37:42.943;40045
0;04-03-2025 17:37:44.787;04-03-2025 17:37:46.273;1486
2;04-03-2025 17:37:24.323;04-03-2025 17:37:46.406;22083
1;04-03-2025 17:37:34.349;04-03-2025 17:37:46.449;12100
3;04-03-2025 17:37:02.898;04-03-2025 17:37:47.933;45035
1;04-03-2025 17:37:34.349;04-03-2025 17:37:48.128;13779
0;04-03-2025 17:37:44.787;04-03-2025 17:37:50.376;5589
3;04-03-2025 17:37:02.898;04-03-2025 17:37:52.921;50023
1;04-03-2025 17:37:55.327;04-03-2025 17:37:55.340;13
0;04-03-2025 17:37:53.828;04-03-2025 17:37:55.622;1794
3;04-03-2025 17:37:02.898;04-03-2025 17:37:57.930;55032
1;04-03-2025 17:37:55.327;04-03-2025 17:37:58.564;3237
0;04-03-2025 17:37:53.828;04-03-2025 17:38:01.279;7451
3;04-03-2025 17:37:02.898;04-03-2025 17:38:02.932;60034
1;04-03-2025 17:37:55.327;04-03-2025 17:38:04.542;9215
2;04-03-2025 17:37:49.377;04-03-2025 17:38:05.663;16286
0;04-03-2025 17:37:53.828;04-03-2025 17:38:07.723;13895
3;04-03-2025 17:37:02.898;04-03-2025 17:38:07.922;65024
1;04-03-2025 17:37:55.327;04-03-2025 17:38:08.133;12806
2;04-03-2025 17:37:49.377;04-03-2025 17:38:11.038;21661
3;04-03-2025 17:37:02.898;04-03-2025 17:38:12.941;70043
0;04-03-2025 17:38:09.773;04-03-2025 17:38:13.073;3300
2;04-03-2025 17:37:49.377;04-03-2025 17:38:13.159;23782
1;04-03-2025 17:37:55.327;04-03-2025 17:38:15.207;19880
3;04-03-2025 17:37:02.898;04-03-2025 17:38:17.944;75046
1;04-03-2025 17:37:55.327;04-03-2025 17:38:18.040;22713
0;04-03-2025 17:38:09.773;04-03-2025 17:38:20.099;10326
3;04-03-2025 17:37:02.898;04-03-2025 17:38:22.920;80022
3;04-03-2025 17:37:02.898;04-03-2025 17:38:27.925;85027
0;04-03-2025 17:38:09.773;04-03-2025 17:38:29.312;19539
3;04-03-2025 17:37:02.898;04-03-2025 17:38:32.932;90034
0;04-03-2025 17:38:33.068;04-03-2025 17:38:35.978;2910
1;04-03-2025 17:37:55.327;04-03-2025 17:38:36.762;41435
2;04-03-2025 17:38:35.026;04-03-2025 17:38:36.794;1768
3;04-03-2025 17:37:02.898;04-03-2025 17:38:37.919;95021
1;04-03-2025 17:37:55.327;04-03-2025 17:38:38.603;43276
2;04-03-2025 17:38:35.026;04-03-2025 17:38:40.153;5127
1;04-03-2025 17:37:55.327;04-03-2025 17:38:44.355;49028
0;04-03-2025 17:38:33.068;04-03-2025 17:38:45.134;12066
2;04-03-2025 17:38:35.026;04-03-2025 17:38:45.796;10770
1;04-03-2025 17:37:55.327;04-03-2025 17:38:48.528;53201
2;04-03-2025 17:38:35.026;04-03-2025 17:38:50.816;15790
0;04-03-2025 17:38:33.068;04-03-2025 17:38:51.839;18771
3;04-03-2025 17:38:52.899;04-03-2025 17:38:52.948;49
3;04-03-2025 17:38:52.899;04-03-2025 17:38:53.002;103
1;04-03-2025 17:37:55.327;04-03-2025 17:38:55.446;60119
2;04-03-2025 17:38:35.026;04-03-2025 17:38:55.807;20781
3;04-03-2025 17:38:52.899;04-03-2025 17:38:57.920;5021
1;04-03-2025 17:37:55.327;04-03-2025 17:38:58.203;62876
2;04-03-2025 17:38:35.026;04-03-2025 17:39:00.539;25513
3;04-03-2025 17:38:52.899;04-03-2025 17:39:02.929;10030
2;04-03-2025 17:38:35.026;04-03-2025 17:39:05.771;30745
1;04-03-2025 17:37:55.327;04-03-2025 17:39:05.803;70476
0;04-03-2025 17:38:33.068;04-03-2025 17:39:07.514;34446
3;04-03-2025 17:38:52.899;04-03-2025 17:39:07.920;15021
1;04-03-2025 17:37:55.327;04-03-2025 17:39:08.346;73019
2;04-03-2025 17:38:35.026;04-03-2025 17:39:10.489;35463
3;04-03-2025 17:38:52.899;04-03-2025 17:39:12.937;20038
0;04-03-2025 17:38:33.068;04-03-2025 17:39:14.990;41922
2;04-03-2025 17:38:35.026;04-03-2025 17:39:16.037;41011
1;04-03-2025 17:37:55.327;04-03-2025 17:39:16.069;80742
3;04-03-2025 17:38:52.899;04-03-2025 17:39:17.912;25013
3;04-03-2025 17:38:52.899;04-03-2025 17:39:22.935;30036
1;04-03-2025 17:37:55.327;04-03-2025 17:39:26.480;91153
2;04-03-2025 17:38:35.026;04-03-2025 17:39:26.912;51886
3;04-03-2025 17:38:52.899;04-03-2025 17:39:27.926;35027
3;04-03-2025 17:38:52.899;04-03-2025 17:39:32.927;40028
0;04-03-2025 17:38:33.068;04-03-2025 17:39:35.717;62649
3;04-03-2025 17:38:52.899;04-03-2025 17:39:37.933;45034
3;04-03-2025 17:38:52.899;04-03-2025 17:39:42.924;50025
3;04-03-2025 17:38:52.899;04-03-2025 17:39:47.931;55032
3;04-03-2025 17:38:52.899;04-03-2025 17:39:52.921;60022
0;04-03-2025 17:38:33.068;04-03-2025 17:39:52.967;79899
1;04-03-2025 17:37:55.327;04-03-2025 17:39:53.122;117795
2;04-03-2025 17:38:35.026;04-03-2025 17:39:55.522;80496
3;04-03-2025 17:38:52.899;04-03-2025 17:39:57.925;65026
0;04-03-2025 17:38:33.068;04-03-2025 17:40:00.512;87444
2;04-03-2025 17:38:35.026;04-03-2025 17:40:01.461;86435
3;04-03-2025 17:38:52.899;04-03-2025 17:40:02.928;70029
2;04-03-2025 17:38:35.026;04-03-2025 17:40:03.806;88780
1;04-03-2025 17:37:55.327;04-03-2025 17:40:05.782;130455
0;04-03-2025 17:38:33.068;04-03-2025 17:40:06.602;93534
3;04-03-2025 17:38:52.899;04-03-2025 17:40:07.933;75034
0;04-03-2025 17:38:33.068;04-03-2025 17:40:08.185;95117
2;04-03-2025 17:38:35.026;04-03-2025 17:40:11.732;96706
3;04-03-2025 17:38:52.899;04-03-2025 17:40:12.922;80023
1;04-03-2025 17:37:55.327;04-03-2025 17:40:15.189;139862
2;04-03-2025 17:38:35.026;04-03-2025 17:40:15.574;100548
3;04-03-2025 17:38:52.899;04-03-2025 17:40:17.929;85030
1;04-03-2025 17:37:55.327;04-03-2025 17:40:19.635;144308
0;04-03-2025 17:38:33.068;04-03-2025 17:40:20.693;107625
3;04-03-2025 17:38:52.899;04-03-2025 17:40:22.937;90038
0;04-03-2025 17:38:33.068;04-03-2025 17:40:24.338;111270
1;04-03-2025 17:37:55.327;04-03-2025 17:40:25.089;149762
2;04-03-2025 17:38:35.026;04-03-2025 17:40:25.128;110102
3;04-03-2025 17:38:52.899;04-03-2025 17:40:27.924;95025
1;04-03-2025 17:37:55.327;04-03-2025 17:40:28.028;152701
2;04-03-2025 17:40:25.933;04-03-2025 17:40:30.174;4241
0;04-03-2025 17:38:33.068;04-03-2025 17:40:30.718;117650
3;04-03-2025 17:38:52.899;04-03-2025 17:40:32.931;100032
0;04-03-2025 17:38:33.068;04-03-2025 17:40:33.469;120401
1;04-03-2025 17:37:55.327;04-03-2025 17:40:33.533;158206
3;04-03-2025 17:38:52.899;04-03-2025 17:40:37.920;105021
1;04-03-2025 17:37:55.327;04-03-2025 17:40:38.010;162683
0;04-03-2025 17:38:33.068;04-03-2025 17:40:40.347;127279
3;04-03-2025 17:38:52.899;04-03-2025 17:40:42.925;110026
3;04-03-2025 17:38:52.899;04-03-2025 17:40:47.928;115029
3;04-03-2025 17:38:52.899;04-03-2025 17:40:52.933;120034
0;04-03-2025 17:38:33.068;04-03-2025 17:40:54.159;141091
3;04-03-2025 17:38:52.899;04-03-2025 17:40:57.921;125022
3;04-03-2025 17:38:52.899;04-03-2025 17:41:02.930;130031
3;04-03-2025 17:38:52.899;04-03-2025 17:41:07.934;135035
3;04-03-2025 17:38:52.899;04-03-2025 17:41:12.935;140036
3;04-03-2025 17:38:52.899;04-03-2025 17:41:17.927;145028
3;04-03-2025 17:41:32.898;04-03-2025 17:41:32.967;69
3;04-03-2025 17:41:32.898;04-03-2025 17:41:33.002;104
3;04-03-2025 17:41:32.898;04-03-2025 17:41:37.926;5028
3;04-03-2025 17:41:32.898;04-03-2025 17:41:42.932;10034
3;04-03-2025 17:41:32.898;04-03-2025 17:41:47.923;15025
3;04-03-2025 17:41:32.898;04-03-2025 17:41:52.931;20033
3;04-03-2025 17:41:32.898;04-03-2025 17:41:57.920;25022
1;04-03-2025 17:37:55.327;04-03-2025 17:42:01.721;246394
3;04-03-2025 17:42:12.899;04-03-2025 17:42:12.937;38
3;04-03-2025 17:42:12.899;04-03-2025 17:42:12.985;86
3;04-03-2025 17:42:12.899;04-03-2025 17:42:17.926;5027
3;04-03-2025 17:42:12.899;04-03-2025 17:42:22.931;10032
3;04-03-2025 17:42:12.899;04-03-2025 17:42:27.921;15022
3;04-03-2025 17:42:12.899;04-03-2025 17:42:32.927;20028
3;04-03-2025 17:42:12.899;04-03-2025 17:42:37.916;25017
3;04-03-2025 17:42:12.899;04-03-2025 17:42:42.936;30037
1;04-03-2025 17:42:37.113;04-03-2025 17:42:46.129;9016
3;04-03-2025 17:42:12.899;04-03-2025 17:42:47.972;35073
1;04-03-2025 17:42:37.113;04-03-2025 17:42:48.001;10888
3;04-03-2025 17:42:12.899;04-03-2025 17:42:52.931;40032
3;04-03-2025 17:42:12.899;04-03-2025 17:42:57.969;45070
2;04-03-2025 17:42:59.863;04-03-2025 17:43:00.238;375
3;04-03-2025 17:42:12.899;04-03-2025 17:43:02.928;50029
3;04-03-2025 17:42:12.899;04-03-2025 17:43:07.933;55034
3;04-03-2025 17:42:12.899;04-03-2025 17:43:12.926;60027
0;04-03-2025 17:42:53.980;04-03-2025 17:43:15.935;21955
3;04-03-2025 17:42:12.899;04-03-2025 17:43:17.931;65032
3;04-03-2025 17:42:12.899;04-03-2025 17:43:22.921;70022
3;04-03-2025 17:42:12.899;04-03-2025 17:43:27.942;75043
3;04-03-2025 17:42:12.899;04-03-2025 17:43:32.928;80029
2;04-03-2025 17:43:31.886;04-03-2025 17:43:35.168;3282
1;04-03-2025 17:43:15.351;04-03-2025 17:43:35.419;20068
3;04-03-2025 17:42:12.899;04-03-2025 17:43:37.937;85038
1;04-03-2025 17:43:39.664;04-03-2025 17:43:40.952;1288
3;04-03-2025 17:42:12.899;04-03-2025 17:43:42.924;90025
3;04-03-2025 17:42:12.899;04-03-2025 17:43:47.929;95030
3;04-03-2025 17:42:12.899;04-03-2025 17:43:52.920;100021
1;04-03-2025 17:43:39.664;04-03-2025 17:43:53.026;13362
1;04-03-2025 17:43:55.606;04-03-2025 17:43:58.191;2585
2;04-03-2025 17:43:54.558;04-03-2025 17:44:05.183;10625
3;04-03-2025 17:44:07.898;04-03-2025 17:44:07.938;40
3;04-03-2025 17:44:07.898;04-03-2025 17:44:08.012;114
2;04-03-2025 17:43:54.558;04-03-2025 17:44:11.044;16486
1;04-03-2025 17:43:55.606;04-03-2025 17:44:11.589;15983
3;04-03-2025 17:44:07.898;04-03-2025 17:44:12.926;5028
1;04-03-2025 17:44:15.134;04-03-2025 17:44:18.193;3059
2;04-03-2025 17:43:54.558;04-03-2025 17:44:19.542;24984
2;04-03-2025 17:43:54.558;04-03-2025 17:44:25.429;30871
3;04-03-2025 17:44:27.899;04-03-2025 17:44:27.947;48
3;04-03-2025 17:44:27.899;04-03-2025 17:44:27.995;96
3;04-03-2025 17:44:27.899;04-03-2025 17:44:32.921;5022
1;04-03-2025 17:44:15.134;04-03-2025 17:44:35.426;20292
3;04-03-2025 17:44:27.899;04-03-2025 17:44:37.928;10029
1;04-03-2025 17:44:15.134;04-03-2025 17:44:38.425;23291
2;04-03-2025 17:44:31.790;04-03-2025 17:44:38.690;6900
3;04-03-2025 17:44:27.899;04-03-2025 17:44:42.932;15033
1;04-03-2025 17:44:15.134;04-03-2025 17:44:43.054;27920
2;04-03-2025 17:44:31.790;04-03-2025 17:44:47.705;15915
3;04-03-2025 17:44:27.899;04-03-2025 17:44:47.920;20021
2;04-03-2025 17:44:31.790;04-03-2025 17:44:50.009;18219
3;04-03-2025 17:44:27.899;04-03-2025 17:44:52.968;25069
1;04-03-2025 17:44:47.888;04-03-2025 17:44:56.357;8469
3;04-03-2025 17:44:27.899;04-03-2025 17:44:57.932;30033
1;04-03-2025 17:44:47.888;04-03-2025 17:44:58.525;10637
2;04-03-2025 17:44:31.790;04-03-2025 17:45:02.357;30567
3;04-03-2025 17:44:27.899;04-03-2025 17:45:02.967;35068
1;04-03-2025 17:44:47.888;04-03-2025 17:45:05.572;17684
2;04-03-2025 17:44:31.790;04-03-2025 17:45:07.121;35331
3;04-03-2025 17:44:27.899;04-03-2025 17:45:07.927;40028
1;04-03-2025 17:44:47.888;04-03-2025 17:45:08.417;20529
2;04-03-2025 17:44:31.790;04-03-2025 17:45:10.577;38787
3;04-03-2025 17:44:27.899;04-03-2025 17:45:12.935;45036
1;04-03-2025 17:44:47.888;04-03-2025 17:45:15.439;27551
2;04-03-2025 17:44:31.790;04-03-2025 17:45:16.556;44766
3;04-03-2025 17:44:27.899;04-03-2025 17:45:17.928;50029
1;04-03-2025 17:44:47.888;04-03-2025 17:45:18.295;30407
3;04-03-2025 17:44:27.899;04-03-2025 17:45:22.924;55025
3;04-03-2025 17:44:27.899;04-03-2025 17:45:27.930;60031
1;04-03-2025 17:44:47.888;04-03-2025 17:45:29.253;41365
2;04-03-2025 17:44:31.790;04-03-2025 17:45:29.285;57495
3;04-03-2025 17:44:27.899;04-03-2025 17:45:32.937;65038
1;04-03-2025 17:44:47.888;04-03-2025 17:45:34.964;47076
2;04-03-2025 17:44:31.790;04-03-2025 17:45:34.995;63205
3;04-03-2025 17:44:27.899;04-03-2025 17:45:37.954;70055
1;04-03-2025 17:45:35.128;04-03-2025 17:45:38.621;3493
2;04-03-2025 17:44:31.790;04-03-2025 17:45:40.164;68374
3;04-03-2025 17:44:27.899;04-03-2025 17:45:42.935;75036
1;04-03-2025 17:45:35.128;04-03-2025 17:45:43.034;7906
2;04-03-2025 17:44:31.790;04-03-2025 17:45:45.568;73778
3;04-03-2025 17:44:27.899;04-03-2025 17:45:47.924;80025
1;04-03-2025 17:45:35.128;04-03-2025 17:45:50.238;15110
2;04-03-2025 17:44:31.790;04-03-2025 17:45:50.441;78651
3;04-03-2025 17:44:27.899;04-03-2025 17:45:52.931;85032
1;04-03-2025 17:45:35.128;04-03-2025 17:45:56.348;21220
3;04-03-2025 17:44:27.899;04-03-2025 17:45:57.920;90021
1;04-03-2025 17:45:35.128;04-03-2025 17:46:00.637;25509
3;04-03-2025 17:44:27.899;04-03-2025 17:46:02.924;95025
1;04-03-2025 17:45:35.128;04-03-2025 17:46:03.139;28011
2;04-03-2025 17:44:31.790;04-03-2025 17:46:04.807;93017
3;04-03-2025 17:44:27.899;04-03-2025 17:46:07.930;100031
3;04-03-2025 17:44:27.899;04-03-2025 17:46:12.933;105034
3;04-03-2025 17:44:27.899;04-03-2025 17:46:17.920;110021
1;04-03-2025 17:45:35.128;04-03-2025 17:46:22.137;47009
3;04-03-2025 17:44:27.899;04-03-2025 17:46:22.929;115030
3;04-03-2025 17:44:27.899;04-03-2025 17:46:27.934;120035
1;04-03-2025 17:45:35.128;04-03-2025 17:46:31.287;56159
2;04-03-2025 17:44:31.790;04-03-2025 17:46:31.655;119865
3;04-03-2025 17:44:27.899;04-03-2025 17:46:32.925;125026
1;04-03-2025 17:45:35.128;04-03-2025 17:46:35.047;59919
2;04-03-2025 17:44:31.790;04-03-2025 17:46:36.000;124210
3;04-03-2025 17:44:27.899;04-03-2025 17:46:37.927;130028
2;04-03-2025 17:44:31.790;04-03-2025 17:46:40.924;129134
3;04-03-2025 17:44:27.899;04-03-2025 17:46:42.930;135031
0;04-03-2025 17:45:12.701;04-03-2025 17:46:42.989;90288
2;04-03-2025 17:44:31.790;04-03-2025 17:46:45.548;133758
3;04-03-2025 17:44:27.899;04-03-2025 17:46:47.940;140041
0;04-03-2025 17:46:48.312;04-03-2025 17:46:48.411;99
1;04-03-2025 17:45:35.128;04-03-2025 17:46:49.269;74141
2;04-03-2025 17:44:31.790;04-03-2025 17:46:50.155;138365
3;04-03-2025 17:44:27.899;04-03-2025 17:46:52.924;145025
2;04-03-2025 17:44:31.790;04-03-2025 17:46:53.896;142106
3;04-03-2025 17:44:27.899;04-03-2025 17:46:57.930;150031
3;04-03-2025 17:44:27.899;04-03-2025 17:47:02.923;155024
3;04-03-2025 17:44:27.899;04-03-2025 17:47:07.926;160027
3;04-03-2025 17:44:27.899;04-03-2025 17:47:12.934;165035
3;04-03-2025 17:44:27.899;04-03-2025 17:47:17.922;170023
3;04-03-2025 17:44:27.899;04-03-2025 17:47:22.924;175025
0;04-03-2025 17:47:12.240;04-03-2025 17:47:27.654;15414
3;04-03-2025 17:44:27.899;04-03-2025 17:47:27.931;180032
3;04-03-2025 17:44:27.899;04-03-2025 17:47:32.920;185021
1;04-03-2025 17:45:35.128;04-03-2025 17:47:34.293;119165
2;04-03-2025 17:47:10.691;04-03-2025 17:47:36.590;25899
3;04-03-2025 17:44:27.899;04-03-2025 17:47:37.924;190025
2;04-03-2025 17:47:10.691;04-03-2025 17:47:40.734;30043
1;04-03-2025 17:45:35.128;04-03-2025 17:47:41.350;126222
3;04-03-2025 17:44:27.899;04-03-2025 17:47:42.914;195015
3;04-03-2025 17:44:27.899;04-03-2025 17:47:47.933;200034
1;04-03-2025 17:45:35.128;04-03-2025 17:47:49.383;134255
3;04-03-2025 17:44:27.899;04-03-2025 17:47:52.922;205023
3;04-03-2025 17:44:27.899;04-03-2025 17:47:57.930;210031
3;04-03-2025 17:44:27.899;04-03-2025 17:48:02.936;215037
3;04-03-2025 17:44:27.899;04-03-2025 17:48:07.928;220029
1;04-03-2025 17:45:35.128;04-03-2025 17:48:15.337;160209
3;04-03-2025 17:48:22.898;04-03-2025 17:48:22.943;45
3;04-03-2025 17:48:22.898;04-03-2025 17:48:22.991;93
3;04-03-2025 17:48:22.898;04-03-2025 17:48:27.933;5035
2;04-03-2025 17:47:10.691;04-03-2025 17:48:30.999;80308
1;04-03-2025 17:45:35.128;04-03-2025 17:48:31.031;175903
0;04-03-2025 17:48:14.956;04-03-2025 17:48:32.183;17227
3;04-03-2025 17:48:22.898;04-03-2025 17:48:32.924;10026
2;04-03-2025 17:47:10.691;04-03-2025 17:48:35.907;85216
3;04-03-2025 17:48:22.898;04-03-2025 17:48:37.915;15017
3;04-03-2025 17:48:22.898;04-03-2025 17:48:42.935;20037
2;04-03-2025 17:47:10.691;04-03-2025 17:48:43.112;92421
0;04-03-2025 17:48:35.376;04-03-2025 17:48:44.578;9202
3;04-03-2025 17:48:22.898;04-03-2025 17:48:47.924;25026
3;04-03-2025 17:48:22.898;04-03-2025 17:48:52.942;30044
3;04-03-2025 17:48:22.898;04-03-2025 17:48:57.931;35033
3;04-03-2025 17:48:22.898;04-03-2025 17:49:02.935;40037
3;04-03-2025 17:48:22.898;04-03-2025 17:49:07.924;45026
3;04-03-2025 17:48:22.898;04-03-2025 17:49:12.927;50029
3;04-03-2025 17:48:22.898;04-03-2025 17:49:17.934;55036
1;04-03-2025 17:45:35.128;04-03-2025 17:49:21.229;226101
3;04-03-2025 17:48:22.898;04-03-2025 17:49:22.938;60040
2;04-03-2025 17:47:10.691;04-03-2025 17:49:25.887;135196
3;04-03-2025 17:48:22.898;04-03-2025 17:49:27.943;65045
1;04-03-2025 17:45:35.128;04-03-2025 17:49:28.217;233089
3;04-03-2025 17:48:22.898;04-03-2025 17:49:32.933;70035
1;04-03-2025 17:49:31.892;04-03-2025 17:49:35.678;3786
3;04-03-2025 17:48:22.898;04-03-2025 17:49:37.920;75022
1;04-03-2025 17:49:31.892;04-03-2025 17:49:38.181;6289
3;04-03-2025 17:48:22.898;04-03-2025 17:49:42.926;80028
1;04-03-2025 17:49:41.621;04-03-2025 17:49:44.231;2610
3;04-03-2025 17:48:22.898;04-03-2025 17:49:47.963;85065
3;04-03-2025 17:48:22.898;04-03-2025 17:49:52.965;90067
3;04-03-2025 17:48:22.898;04-03-2025 17:49:57.927;95029
3;04-03-2025 17:48:22.898;04-03-2025 17:50:02.935;100037
3;04-03-2025 17:48:22.898;04-03-2025 17:50:07.921;105023
2;04-03-2025 17:47:10.691;04-03-2025 17:50:11.193;180502
1;04-03-2025 17:49:48.160;04-03-2025 17:50:11.225;23065
3;04-03-2025 17:48:22.898;04-03-2025 17:50:12.930;110032
1;04-03-2025 17:49:48.160;04-03-2025 17:50:14.329;26169
2;04-03-2025 17:47:10.691;04-03-2025 17:50:14.361;183670
3;04-03-2025 17:48:22.898;04-03-2025 17:50:17.931;115033
2;04-03-2025 17:47:10.691;04-03-2025 17:50:18.721;188030
1;04-03-2025 17:50:17.147;04-03-2025 17:50:19.783;2636
3;04-03-2025 17:48:22.898;04-03-2025 17:50:22.934;120036
3;04-03-2025 17:50:37.898;04-03-2025 17:50:37.937;39
3;04-03-2025 17:50:37.898;04-03-2025 17:50:37.983;85
3;04-03-2025 17:50:37.898;04-03-2025 17:50:42.936;5038
3;04-03-2025 17:50:37.898;04-03-2025 17:50:47.931;10033
3;04-03-2025 17:50:37.898;04-03-2025 17:50:52.920;15022
2;04-03-2025 17:50:21.141;04-03-2025 17:50:53.394;32253
3;04-03-2025 17:50:37.898;04-03-2025 17:50:57.951;20053
3;04-03-2025 17:50:37.898;04-03-2025 17:51:02.926;25028
3;04-03-2025 17:50:37.898;04-03-2025 17:51:07.937;30039
3;04-03-2025 17:50:37.898;04-03-2025 17:51:12.922;35024
3;04-03-2025 17:50:37.898;04-03-2025 17:51:17.928;40030
3;04-03-2025 17:50:37.898;04-03-2025 17:51:22.935;45037
3;04-03-2025 17:50:37.898;04-03-2025 17:51:27.921;50023
3;04-03-2025 17:50:37.898;04-03-2025 17:51:32.939;55041
2;04-03-2025 17:51:36.220;04-03-2025 17:51:36.333;113
1;04-03-2025 17:51:15.115;04-03-2025 17:51:36.451;21336
3;04-03-2025 17:50:37.898;04-03-2025 17:51:37.929;60031
3;04-03-2025 17:50:37.898;04-03-2025 17:51:42.934;65036
3;04-03-2025 17:50:37.898;04-03-2025 17:51:47.924;70026
3;04-03-2025 17:50:37.898;04-03-2025 17:51:52.928;75030
1;04-03-2025 17:51:52.795;04-03-2025 17:51:56.365;3570
3;04-03-2025 17:50:37.898;04-03-2025 17:51:57.916;80018
1;04-03-2025 17:51:52.795;04-03-2025 17:51:59.559;6764
3;04-03-2025 17:50:37.898;04-03-2025 17:52:02.923;85025
0;04-03-2025 17:52:03.783;04-03-2025 17:52:05.241;1458
1;04-03-2025 17:52:03.482;04-03-2025 17:52:05.458;1976
3;04-03-2025 17:50:37.898;04-03-2025 17:52:07.927;90029
0;04-03-2025 17:52:03.783;04-03-2025 17:52:08.317;4534
1;04-03-2025 17:52:03.482;04-03-2025 17:52:11.005;7523
1;04-03-2025 17:52:03.482;04-03-2025 17:52:13.022;9540
0;04-03-2025 17:52:11.767;04-03-2025 17:52:16.012;4245
0;04-03-2025 17:52:11.767;04-03-2025 17:52:21.238;9471
3;04-03-2025 17:52:22.899;04-03-2025 17:52:22.940;41
3;04-03-2025 17:52:22.899;04-03-2025 17:52:22.987;88
1;04-03-2025 17:52:03.482;04-03-2025 17:52:25.751;22269
3;04-03-2025 17:52:22.899;04-03-2025 17:52:27.928;5029
3;04-03-2025 17:52:22.899;04-03-2025 17:52:32.938;10039
2;04-03-2025 17:52:36.523;04-03-2025 17:52:36.909;386
3;04-03-2025 17:52:22.899;04-03-2025 17:52:37.923;15024
2;04-03-2025 17:52:36.523;04-03-2025 17:52:42.618;6095
3;04-03-2025 17:52:22.899;04-03-2025 17:52:42.927;20028
0;04-03-2025 17:52:41.607;04-03-2025 17:52:46.247;4640
3;04-03-2025 17:52:22.899;04-03-2025 17:52:47.952;25053
3;04-03-2025 17:52:22.899;04-03-2025 17:52:52.921;30022
0;04-03-2025 17:52:41.607;04-03-2025 17:52:56.046;14439
3;04-03-2025 17:52:22.899;04-03-2025 17:52:57.925;35026
3;04-03-2025 17:52:22.899;04-03-2025 17:53:02.932;40033
2;04-03-2025 17:52:58.804;04-03-2025 17:53:05.438;6634
3;04-03-2025 17:52:22.899;04-03-2025 17:53:07.920;45021
2;04-03-2025 17:52:58.804;04-03-2025 17:53:11.861;13057
3;04-03-2025 17:52:22.899;04-03-2025 17:53:12.940;50041
2;04-03-2025 17:52:58.804;04-03-2025 17:53:16.004;17200
0;04-03-2025 17:53:10.442;04-03-2025 17:53:16.589;6147
3;04-03-2025 17:52:22.899;04-03-2025 17:53:17.931;55032
1;04-03-2025 17:52:33.964;04-03-2025 17:53:18.002;44038
3;04-03-2025 17:52:22.899;04-03-2025 17:53:22.933;60034
3;04-03-2025 17:52:22.899;04-03-2025 17:53:27.939;65040
2;04-03-2025 17:53:26.788;04-03-2025 17:53:30.573;3785
3;04-03-2025 17:52:22.899;04-03-2025 17:53:32.930;70031
2;04-03-2025 17:53:32.201;04-03-2025 17:53:42.138;9937
1;04-03-2025 17:52:33.964;04-03-2025 17:53:47.270;73306
2;04-03-2025 17:53:32.201;04-03-2025 17:53:50.933;18732
2;04-03-2025 17:53:32.201;04-03-2025 17:53:57.746;25545
3;04-03-2025 17:53:57.901;04-03-2025 17:53:57.955;54
3;04-03-2025 17:53:57.901;04-03-2025 17:53:58.000;99
2;04-03-2025 17:53:32.201;04-03-2025 17:53:58.299;26098
3;04-03-2025 17:53:57.901;04-03-2025 17:54:02.934;5033
2;04-03-2025 17:53:32.201;04-03-2025 17:54:05.465;33264
3;04-03-2025 17:53:57.901;04-03-2025 17:54:07.939;10038
3;04-03-2025 17:53:57.901;04-03-2025 17:54:12.926;15025
3;04-03-2025 17:53:57.901;04-03-2025 17:54:17.937;20036
3;04-03-2025 17:53:57.901;04-03-2025 17:54:22.924;25023
3;04-03-2025 17:53:57.901;04-03-2025 17:54:27.926;30025
1;04-03-2025 17:54:09.857;04-03-2025 17:54:30.209;20352
2;04-03-2025 17:53:32.201;04-03-2025 17:54:30.353;58152
3;04-03-2025 17:53:57.901;04-03-2025 17:54:32.921;35020
3;04-03-2025 17:53:57.901;04-03-2025 17:54:37.922;40021
3;04-03-2025 17:53:57.901;04-03-2025 17:54:42.927;45026
3;04-03-2025 17:53:57.901;04-03-2025 17:54:47.933;50032
3;04-03-2025 17:53:57.901;04-03-2025 17:54:52.922;55021
3;04-03-2025 17:53:57.901;04-03-2025 17:54:57.923;60022
0;04-03-2025 17:54:39.526;04-03-2025 17:55:02.334;22808
3;04-03-2025 17:53:57.901;04-03-2025 17:55:02.930;65029
3;04-03-2025 17:53:57.901;04-03-2025 17:55:07.941;70040
3;04-03-2025 17:53:57.901;04-03-2025 17:55:12.942;75041
3;04-03-2025 17:53:57.901;04-03-2025 17:55:17.931;80030
3;04-03-2025 17:53:57.901;04-03-2025 17:55:22.936;85035
0;04-03-2025 17:55:20.994;04-03-2025 17:55:23.442;2448
2;04-03-2025 17:53:32.201;04-03-2025 17:55:27.468;115267
3;04-03-2025 17:53:57.901;04-03-2025 17:55:27.922;90021
0;04-03-2025 17:55:25.532;04-03-2025 17:55:28.033;2501
3;04-03-2025 17:53:57.901;04-03-2025 17:55:32.927;95026
1;04-03-2025 17:54:09.857;04-03-2025 17:55:35.112;85255
2;04-03-2025 17:53:32.201;04-03-2025 17:55:35.816;123615
3;04-03-2025 17:53:57.901;04-03-2025 17:55:37.928;100027
1;04-03-2025 17:54:09.857;04-03-2025 17:55:38.867;89010
1;04-03-2025 17:54:09.857;04-03-2025 17:55:44.943;95086
3;04-03-2025 17:55:52.901;04-03-2025 17:55:52.976;75
3;04-03-2025 17:55:52.901;04-03-2025 17:55:53.039;138
3;04-03-2025 17:55:52.901;04-03-2025 17:55:57.936;5035
3;04-03-2025 17:55:52.901;04-03-2025 17:56:02.923;10022
2;04-03-2025 17:55:50.925;04-03-2025 17:56:06.227;15302
3;04-03-2025 17:55:52.901;04-03-2025 17:56:07.929;15028
2;04-03-2025 17:55:50.925;04-03-2025 17:56:10.610;19685
3;04-03-2025 17:55:52.901;04-03-2025 17:56:12.936;20035
1;04-03-2025 17:55:52.537;04-03-2025 17:56:13.313;20776
3;04-03-2025 17:55:52.901;04-03-2025 17:56:17.924;25023
1;04-03-2025 17:56:17.484;04-03-2025 17:56:18.131;647
2;04-03-2025 17:56:16.958;04-03-2025 17:56:18.714;1756
3;04-03-2025 17:55:52.901;04-03-2025 17:56:22.930;30029
3;04-03-2025 17:55:52.901;04-03-2025 17:56:27.920;35019
1;04-03-2025 17:56:17.484;04-03-2025 17:56:30.693;13209
3;04-03-2025 17:55:52.901;04-03-2025 17:56:32.924;40023
3;04-03-2025 17:55:52.901;04-03-2025 17:56:37.927;45026
3;04-03-2025 17:55:52.901;04-03-2025 17:56:42.931;50030
3;04-03-2025 17:55:52.901;04-03-2025 17:56:47.921;55020
3;04-03-2025 17:55:52.901;04-03-2025 17:56:52.924;60023
1;04-03-2025 17:56:50.205;04-03-2025 17:56:56.036;5831
3;04-03-2025 17:55:52.901;04-03-2025 17:56:57.930;65029
3;04-03-2025 17:55:52.901;04-03-2025 17:57:02.933;70032
3;04-03-2025 17:55:52.901;04-03-2025 17:57:07.943;75042
2;04-03-2025 17:57:08.090;04-03-2025 17:57:12.579;4489
3;04-03-2025 17:55:52.901;04-03-2025 17:57:12.929;80028
3;04-03-2025 17:55:52.901;04-03-2025 17:57:17.934;85033
2;04-03-2025 17:57:08.090;04-03-2025 17:57:20.632;12542
0;04-03-2025 17:56:45.211;04-03-2025 17:57:22.584;37373
3;04-03-2025 17:55:52.901;04-03-2025 17:57:22.926;90025
2;04-03-2025 17:57:08.090;04-03-2025 17:57:23.699;15609
1;04-03-2025 17:57:01.085;04-03-2025 17:57:23.929;22844
3;04-03-2025 17:55:52.901;04-03-2025 17:57:27.930;95029
2;04-03-2025 17:57:08.090;04-03-2025 17:57:30.563;22473
3;04-03-2025 17:55:52.901;04-03-2025 17:57:32.933;100032
3;04-03-2025 17:55:52.901;04-03-2025 17:57:37.924;105023
3;04-03-2025 17:55:52.901;04-03-2025 17:57:42.927;110026
3;04-03-2025 17:55:52.901;04-03-2025 17:57:47.932;115031
3;04-03-2025 17:55:52.901;04-03-2025 17:57:52.924;120023
1;04-03-2025 17:57:31.834;04-03-2025 17:57:57.615;25781
3;04-03-2025 17:55:52.901;04-03-2025 17:57:57.926;125025
3;04-03-2025 17:55:52.901;04-03-2025 17:58:02.929;130028
1;04-03-2025 17:57:31.834;04-03-2025 17:58:07.764;35930
3;04-03-2025 17:55:52.901;04-03-2025 17:58:07.931;135030
2;04-03-2025 17:57:36.189;04-03-2025 17:58:10.564;34375
3;04-03-2025 17:55:52.901;04-03-2025 17:58:12.936;140035
0;04-03-2025 17:58:03.543;04-03-2025 17:58:16.320;12777
3;04-03-2025 17:55:52.901;04-03-2025 17:58:17.927;145026
0;04-03-2025 17:58:03.543;04-03-2025 17:58:20.496;16953
0;04-03-2025 17:58:03.543;04-03-2025 17:58:23.438;19895
2;04-03-2025 17:57:36.189;04-03-2025 17:58:24.441;48252
1;04-03-2025 17:57:31.834;04-03-2025 17:58:27.225;55391
3;04-03-2025 17:58:32.900;04-03-2025 17:58:32.958;58
3;04-03-2025 17:58:32.900;04-03-2025 17:58:33.031;131
3;04-03-2025 17:58:32.900;04-03-2025 17:58:37.930;5030
0;04-03-2025 17:58:03.543;04-03-2025 17:58:41.696;38153
1;04-03-2025 17:57:31.834;04-03-2025 17:58:42.448;70614
0;04-03-2025 17:58:03.543;04-03-2025 17:58:43.024;39481
0;04-03-2025 17:58:03.543;04-03-2025 17:58:49.198;45655
1;04-03-2025 17:57:31.834;04-03-2025 17:58:50.286;78452
3;04-03-2025 17:58:52.900;04-03-2025 17:58:52.944;44
3;04-03-2025 17:58:52.900;04-03-2025 17:58:52.991;91
1;04-03-2025 17:57:31.834;04-03-2025 17:58:55.173;83339
3;04-03-2025 17:58:52.900;04-03-2025 17:58:57.917;5017
3;04-03-2025 17:58:52.900;04-03-2025 17:59:02.938;10038
1;04-03-2025 17:57:31.834;04-03-2025 17:59:05.901;94067
0;04-03-2025 17:59:01.501;04-03-2025 17:59:06.705;5204
3;04-03-2025 17:58:52.900;04-03-2025 17:59:07.926;15026
0;04-03-2025 17:59:01.501;04-03-2025 17:59:11.370;9869
3;04-03-2025 17:58:52.900;04-03-2025 17:59:12.932;20032
1;04-03-2025 17:57:31.834;04-03-2025 17:59:13.213;101379
3;04-03-2025 17:58:52.900;04-03-2025 17:59:17.922;25022
3;04-03-2025 17:58:52.900;04-03-2025 17:59:22.926;30026
1;04-03-2025 17:59:20.621;04-03-2025 17:59:27.841;7220
3;04-03-2025 17:58:52.900;04-03-2025 17:59:27.927;35027
1;04-03-2025 17:59:20.621;04-03-2025 17:59:28.620;7999
3;04-03-2025 17:58:52.900;04-03-2025 17:59:32.933;40033
3;04-03-2025 17:58:52.900;04-03-2025 17:59:37.965;45065
1;04-03-2025 17:59:37.225;04-03-2025 17:59:40.284;3059
3;04-03-2025 17:58:52.900;04-03-2025 17:59:42.929;50029
3;04-03-2025 17:58:52.900;04-03-2025 17:59:47.937;55037
1;04-03-2025 17:59:37.225;04-03-2025 17:59:48.394;11169
3;04-03-2025 17:58:52.900;04-03-2025 17:59:52.925;60025
1;04-03-2025 17:59:37.225;04-03-2025 17:59:55.860;18635
3;04-03-2025 17:58:52.900;04-03-2025 17:59:57.929;65029
1;04-03-2025 17:59:37.225;04-03-2025 18:00:00.579;23354
3;04-03-2025 17:58:52.900;04-03-2025 18:00:02.934;70034
3;04-03-2025 17:58:52.900;04-03-2025 18:00:07.923;75023
3;04-03-2025 17:58:52.900;04-03-2025 18:00:12.929;80029
3;04-03-2025 18:00:27.901;04-03-2025 18:00:27.939;38
3;04-03-2025 18:00:27.901;04-03-2025 18:00:28.010;109
3;04-03-2025 18:00:27.901;04-03-2025 18:00:32.914;5013
3;04-03-2025 18:00:27.901;04-03-2025 18:00:37.936;10035
0;04-03-2025 18:00:33.441;04-03-2025 18:00:41.976;8535
3;04-03-2025 18:00:27.901;04-03-2025 18:00:42.926;15025
1;04-03-2025 17:59:37.225;04-03-2025 18:00:46.127;68902
3;04-03-2025 18:00:27.901;04-03-2025 18:00:47.916;20015
3;04-03-2025 18:00:27.901;04-03-2025 18:00:52.937;25036
3;04-03-2025 18:00:27.901;04-03-2025 18:00:57.926;30025
3;04-03-2025 18:00:27.901;04-03-2025 18:01:02.930;35029
3;04-03-2025 18:00:27.901;04-03-2025 18:01:07.946;40045
3;04-03-2025 18:00:27.901;04-03-2025 18:01:12.926;45025
3;04-03-2025 18:00:27.901;04-03-2025 18:01:17.930;50029
3;04-03-2025 18:00:27.901;04-03-2025 18:01:22.922;55021
3;04-03-2025 18:00:27.901;04-03-2025 18:01:27.968;60067
3;04-03-2025 18:00:27.901;04-03-2025 18:01:32.929;65028
3;04-03-2025 19:11:42.906;04-03-2025 19:11:47.916;5010
0;04-03-2025 19:11:45.624;04-03-2025 19:11:49.093;3469
3;04-03-2025 19:11:42.906;04-03-2025 19:11:52.934;10028
3;04-03-2025 19:11:42.906;04-03-2025 19:11:57.968;15062
3;04-03-2025 19:11:42.906;04-03-2025 19:12:02.930;20024
3;04-03-2025 19:11:42.906;04-03-2025 19:12:07.933;25027
3;04-03-2025 19:11:42.906;04-03-2025 19:12:12.922;30016
1;04-03-2025 19:12:15.536;04-03-2025 19:12:15.828;292
3;04-03-2025 19:11:42.906;04-03-2025 19:12:17.926;35020
3;04-03-2025 19:11:42.906;04-03-2025 19:12:22.930;40024
0;04-03-2025 19:12:20.292;04-03-2025 19:12:25.792;5500
3;04-03-2025 19:11:42.906;04-03-2025 19:12:27.939;45033
3;04-03-2025 19:11:42.906;04-03-2025 19:12:32.927;50021
0;04-03-2025 19:12:35.673;04-03-2025 19:12:36.935;1262
3;04-03-2025 19:11:42.906;04-03-2025 19:12:37.932;55026
3;04-03-2025 19:11:42.906;04-03-2025 19:12:42.922;60016
2;04-03-2025 19:12:37.379;04-03-2025 19:12:45.399;8020
1;04-03-2025 19:12:36.625;04-03-2025 19:12:45.968;9343
0;04-03-2025 19:12:35.673;04-03-2025 19:12:46.625;10952
3;04-03-2025 19:11:42.906;04-03-2025 19:12:47.925;65019
1;04-03-2025 19:12:49.907;04-03-2025 19:12:50.448;541
3;04-03-2025 19:11:42.906;04-03-2025 19:12:52.933;70027
1;04-03-2025 19:12:49.907;04-03-2025 19:12:53.501;3594
2;04-03-2025 19:12:49.828;04-03-2025 19:12:55.421;5593
3;04-03-2025 19:11:42.906;04-03-2025 19:12:57.935;75029
3;04-03-2025 19:11:42.906;04-03-2025 19:13:02.923;80017
3;04-03-2025 19:11:42.906;04-03-2025 19:13:07.930;85024
2;04-03-2025 19:12:49.828;04-03-2025 19:13:11.139;21311
0;04-03-2025 19:13:04.149;04-03-2025 19:13:12.098;7949
3;04-03-2025 19:11:42.906;04-03-2025 19:13:12.937;90031
1;04-03-2025 19:12:53.773;04-03-2025 19:13:13.473;19700
3;04-03-2025 19:11:42.906;04-03-2025 19:13:17.925;95019
1;04-03-2025 19:12:53.773;04-03-2025 19:13:21.231;27458
3;04-03-2025 19:11:42.906;04-03-2025 19:13:22.930;100024
1;04-03-2025 19:12:53.773;04-03-2025 19:13:25.244;31471
2;04-03-2025 19:13:15.177;04-03-2025 19:13:25.692;10515
1;04-03-2025 19:12:53.773;04-03-2025 19:13:32.806;39033
2;04-03-2025 19:13:29.146;04-03-2025 19:13:35.742;6596
3;04-03-2025 19:13:37.901;04-03-2025 19:13:37.958;57
3;04-03-2025 19:13:37.901;04-03-2025 19:13:38.007;106
3;04-03-2025 19:13:37.901;04-03-2025 19:13:42.928;5027
2;04-03-2025 19:13:37.558;04-03-2025 19:13:45.626;8068
3;04-03-2025 19:13:37.901;04-03-2025 19:13:47.934;10033
1;04-03-2025 19:12:53.773;04-03-2025 19:13:49.863;56090
2;04-03-2025 19:13:37.558;04-03-2025 19:13:51.369;13811
3;04-03-2025 19:13:37.901;04-03-2025 19:13:52.920;15019
1;04-03-2025 19:12:53.773;04-03-2025 19:13:53.325;59552
2;04-03-2025 19:13:37.558;04-03-2025 19:13:53.414;15856
3;04-03-2025 19:13:37.901;04-03-2025 19:13:57.928;20027
3;04-03-2025 19:13:37.901;04-03-2025 19:14:02.931;25030
2;04-03-2025 19:13:37.558;04-03-2025 19:14:05.806;28248
3;04-03-2025 19:13:37.901;04-03-2025 19:14:07.922;30021
3;04-03-2025 19:13:37.901;04-03-2025 19:14:12.941;35040
2;04-03-2025 19:13:37.558;04-03-2025 19:14:16.221;38663
1;04-03-2025 19:13:59.779;04-03-2025 19:14:16.589;16810
3;04-03-2025 19:13:37.901;04-03-2025 19:14:17.927;40026
2;04-03-2025 19:13:37.558;04-03-2025 19:14:18.274;40716
1;04-03-2025 19:13:59.779;04-03-2025 19:14:22.076;22297
3;04-03-2025 19:13:37.901;04-03-2025 19:14:22.930;45029
2;04-03-2025 19:13:37.558;04-03-2025 19:14:25.451;47893
1;04-03-2025 19:13:59.779;04-03-2025 19:14:25.759;25980
3;04-03-2025 19:13:37.901;04-03-2025 19:14:27.922;50021
1;04-03-2025 19:13:59.779;04-03-2025 19:14:27.995;28216
2;04-03-2025 19:13:37.558;04-03-2025 19:14:28.299;50741
3;04-03-2025 19:13:37.901;04-03-2025 19:14:32.942;55041
1;04-03-2025 19:13:59.779;04-03-2025 19:14:35.955;36176
3;04-03-2025 19:13:37.901;04-03-2025 19:14:37.929;60028
1;04-03-2025 19:13:59.779;04-03-2025 19:14:38.387;38608
3;04-03-2025 19:13:37.901;04-03-2025 19:14:42.935;65034
1;04-03-2025 19:13:59.779;04-03-2025 19:14:45.377;45598
3;04-03-2025 19:13:37.901;04-03-2025 19:14:47.924;70023
3;04-03-2025 19:13:37.901;04-03-2025 19:14:52.932;75031
1;04-03-2025 19:13:59.779;04-03-2025 19:14:55.834;56055
2;04-03-2025 19:13:37.558;04-03-2025 19:14:56.071;78513
3;04-03-2025 19:13:37.901;04-03-2025 19:14:57.933;80032
1;04-03-2025 19:13:59.779;04-03-2025 19:15:00.321;60542
3;04-03-2025 19:13:37.901;04-03-2025 19:15:02.936;85035
3;04-03-2025 19:13:37.901;04-03-2025 19:15:07.941;90040
3;04-03-2025 19:13:37.901;04-03-2025 19:15:12.920;95019
0;04-03-2025 19:15:06.007;04-03-2025 19:15:15.613;9606
3;04-03-2025 19:13:37.901;04-03-2025 19:15:17.927;100026
1;04-03-2025 19:13:59.779;04-03-2025 19:15:20.747;80968
3;04-03-2025 19:13:37.901;04-03-2025 19:15:22.928;105027
1;04-03-2025 19:13:59.779;04-03-2025 19:15:23.033;83254
3;04-03-2025 19:13:37.901;04-03-2025 19:15:27.935;110034
1;04-03-2025 19:13:59.779;04-03-2025 19:15:30.471;90692
3;04-03-2025 19:13:37.901;04-03-2025 19:15:32.930;115029
1;04-03-2025 19:13:59.779;04-03-2025 19:15:33.545;93766
3;04-03-2025 19:15:47.894;04-03-2025 19:15:47.941;47
2;04-03-2025 19:14:58.747;04-03-2025 19:15:50.174;51427
0;04-03-2025 19:15:42.162;04-03-2025 19:15:50.670;8508
3;04-03-2025 19:15:47.894;04-03-2025 19:15:52.913;5019
1;04-03-2025 19:13:59.779;04-03-2025 19:15:55.850;116071
0;04-03-2025 19:15:42.162;04-03-2025 19:15:56.295;14133
3;04-03-2025 19:15:47.894;04-03-2025 19:15:57.935;10041
3;04-03-2025 19:15:47.894;04-03-2025 19:16:02.925;15031
3;04-03-2025 19:15:47.894;04-03-2025 19:16:07.928;20034
3;04-03-2025 19:15:47.894;04-03-2025 19:16:12.931;25037
3;04-03-2025 19:15:47.894;04-03-2025 19:16:17.922;30028
3;04-03-2025 19:15:47.894;04-03-2025 19:16:22.925;35031
2;04-03-2025 19:16:01.724;04-03-2025 19:16:27.841;26117
3;04-03-2025 19:15:47.894;04-03-2025 19:16:27.932;40038
3;04-03-2025 19:15:47.894;04-03-2025 19:16:32.919;45025
2;04-03-2025 19:16:01.724;04-03-2025 19:16:36.653;34929
3;04-03-2025 19:15:47.894;04-03-2025 19:16:37.939;50045
3;04-03-2025 19:15:47.894;04-03-2025 19:16:42.924;55030
2;04-03-2025 19:16:01.724;04-03-2025 19:16:45.824;44100
3;04-03-2025 19:15:47.894;04-03-2025 19:16:47.932;60038
1;04-03-2025 19:13:59.779;04-03-2025 19:16:50.085;170306
3;04-03-2025 19:15:47.894;04-03-2025 19:16:52.935;65041
3;04-03-2025 19:15:47.894;04-03-2025 19:16:57.925;70031
2;04-03-2025 19:17:05.734;04-03-2025 19:17:10.806;5072
3;04-03-2025 19:17:12.900;04-03-2025 19:17:12.942;42
3;04-03-2025 19:17:12.900;04-03-2025 19:17:12.989;89
1;04-03-2025 19:16:59.695;04-03-2025 19:17:15.924;16229
3;04-03-2025 19:17:12.900;04-03-2025 19:17:17.930;5030
2;04-03-2025 19:17:05.734;04-03-2025 19:17:20.896;15162
2;04-03-2025 19:17:24.809;04-03-2025 19:17:26.381;1572
3;04-03-2025 19:17:32.900;04-03-2025 19:17:32.967;67
3;04-03-2025 19:17:32.900;04-03-2025 19:17:33.007;107
3;04-03-2025 19:17:32.900;04-03-2025 19:17:37.930;5030
3;04-03-2025 19:17:32.900;04-03-2025 19:17:42.937;10037
3;04-03-2025 19:17:32.900;04-03-2025 19:17:47.924;15024
2;04-03-2025 19:17:49.725;04-03-2025 19:17:56.137;6412
2;04-03-2025 19:17:49.725;04-03-2025 19:18:01.060;11335
3;04-03-2025 19:18:02.899;04-03-2025 19:18:02.939;40
3;04-03-2025 19:18:02.899;04-03-2025 19:18:02.984;85
3;04-03-2025 19:18:02.899;04-03-2025 19:18:07.927;5028
3;04-03-2025 19:18:02.899;04-03-2025 19:18:12.932;10033
1;04-03-2025 19:17:54.864;04-03-2025 19:18:13.791;18927
3;04-03-2025 19:18:02.899;04-03-2025 19:18:17.921;15022
3;04-03-2025 19:18:02.899;04-03-2025 19:18:22.927;20028
3;04-03-2025 19:18:02.899;04-03-2025 19:18:27.934;25035
0;04-03-2025 19:18:21.706;04-03-2025 19:18:28.360;6654
3;04-03-2025 19:18:02.899;04-03-2025 19:18:32.921;30022
1;04-03-2025 19:18:30.410;04-03-2025 19:18:34.931;4521
3;04-03-2025 19:18:02.899;04-03-2025 19:18:37.925;35026
0;04-03-2025 19:18:32.848;04-03-2025 19:18:40.794;7946
3;04-03-2025 19:18:02.899;04-03-2025 19:18:42.930;40031
3;04-03-2025 19:18:02.899;04-03-2025 19:18:47.920;45021
2;04-03-2025 19:18:38.539;04-03-2025 19:18:50.185;11646
3;04-03-2025 19:18:02.899;04-03-2025 19:18:52.938;50039
0;04-03-2025 19:18:52.978;04-03-2025 19:18:53.268;290
1;04-03-2025 19:18:30.410;04-03-2025 19:18:55.412;25002
3;04-03-2025 19:18:02.899;04-03-2025 19:18:57.928;55029
0;04-03-2025 19:18:52.978;04-03-2025 19:18:57.965;4987
2;04-03-2025 19:18:38.539;04-03-2025 19:19:01.296;22757
3;04-03-2025 19:18:02.899;04-03-2025 19:19:02.933;60034
1;04-03-2025 19:18:30.410;04-03-2025 19:19:03.217;32807
3;04-03-2025 19:18:02.899;04-03-2025 19:19:07.922;65023
3;04-03-2025 19:18:02.899;04-03-2025 19:19:12.926;70027
3;04-03-2025 19:18:02.899;04-03-2025 19:19:17.944;75045
3;04-03-2025 19:18:02.899;04-03-2025 19:19:22.932;80033
1;04-03-2025 19:19:16.183;04-03-2025 19:19:25.278;9095
0;04-03-2025 19:19:15.811;04-03-2025 19:19:25.995;10184
3;04-03-2025 19:18:02.899;04-03-2025 19:19:27.938;85039
1;04-03-2025 19:19:16.183;04-03-2025 19:19:28.326;12143
0;04-03-2025 19:19:15.811;04-03-2025 19:19:28.348;12537
3;04-03-2025 19:18:02.899;04-03-2025 19:19:32.924;90025
3;04-03-2025 19:18:02.899;04-03-2025 19:19:37.914;95015
3;04-03-2025 19:18:02.899;04-03-2025 19:19:42.938;100039
1;04-03-2025 19:19:30.266;04-03-2025 19:19:46.032;15766
3;04-03-2025 19:18:02.899;04-03-2025 19:19:47.925;105026
2;04-03-2025 19:18:38.539;04-03-2025 19:19:50.384;71845
0;04-03-2025 19:19:15.811;04-03-2025 19:19:50.751;34940
3;04-03-2025 19:18:02.899;04-03-2025 19:19:52.933;110034
1;04-03-2025 19:19:46.054;04-03-2025 19:19:58.074;12020
2;04-03-2025 19:18:38.539;04-03-2025 19:20:00.200;81661
1;04-03-2025 19:19:46.054;04-03-2025 19:20:05.730;19676
2;04-03-2025 19:18:38.539;04-03-2025 19:20:07.231;88692
3;04-03-2025 19:20:07.901;04-03-2025 19:20:07.958;57
3;04-03-2025 19:20:07.901;04-03-2025 19:20:08.021;120
2;04-03-2025 19:18:38.539;04-03-2025 19:20:10.957;92418
3;04-03-2025 19:20:07.901;04-03-2025 19:20:12.934;5033
2;04-03-2025 19:18:38.539;04-03-2025 19:20:15.757;97218
3;04-03-2025 19:20:07.901;04-03-2025 19:20:17.933;10032
0;04-03-2025 19:19:51.843;04-03-2025 19:20:21.429;29586
3;04-03-2025 19:20:07.901;04-03-2025 19:20:22.921;15020
1;04-03-2025 19:19:46.054;04-03-2025 19:20:23.045;36991
3;04-03-2025 19:20:07.901;04-03-2025 19:20:27.931;20030
1;04-03-2025 19:19:46.054;04-03-2025 19:20:28.004;41950
3;04-03-2025 19:20:07.901;04-03-2025 19:20:32.950;25049
1;04-03-2025 19:19:46.054;04-03-2025 19:20:35.937;49883
3;04-03-2025 19:20:07.901;04-03-2025 19:20:37.926;30025
1;04-03-2025 19:19:46.054;04-03-2025 19:20:49.301;63247
2;04-03-2025 19:20:44.447;04-03-2025 19:20:51.482;7035
3;04-03-2025 19:20:52.901;04-03-2025 19:20:52.977;76
3;04-03-2025 19:20:52.901;04-03-2025 19:20:53.024;123
3;04-03-2025 19:20:52.901;04-03-2025 19:20:57.932;5031
0;04-03-2025 19:20:25.623;04-03-2025 19:21:00.308;34685
3;04-03-2025 19:20:52.901;04-03-2025 19:21:02.936;10035
3;04-03-2025 19:20:52.901;04-03-2025 19:21:07.926;15025
3;04-03-2025 19:20:52.901;04-03-2025 19:21:12.933;20032
3;04-03-2025 19:20:52.901;04-03-2025 19:21:17.923;25022
3;04-03-2025 19:20:52.901;04-03-2025 19:21:22.926;30025
3;04-03-2025 19:20:52.901;04-03-2025 19:21:27.932;35031
3;04-03-2025 19:20:52.901;04-03-2025 19:21:32.921;40020
3;04-03-2025 19:20:52.901;04-03-2025 19:21:37.926;45025
3;04-03-2025 19:20:52.901;04-03-2025 19:21:42.932;50031
3;04-03-2025 19:20:52.901;04-03-2025 19:21:47.919;55018
3;04-03-2025 19:20:52.901;04-03-2025 19:21:52.923;60022
3;04-03-2025 19:20:52.901;04-03-2025 19:21:57.927;65026
3;04-03-2025 19:20:52.901;04-03-2025 19:22:02.932;70031
3;04-03-2025 19:20:52.901;04-03-2025 19:22:07.962;75061
3;04-03-2025 19:20:52.901;04-03-2025 19:22:12.930;80029
3;04-03-2025 19:20:52.901;04-03-2025 19:22:17.938;85037
3;04-03-2025 19:20:52.901;04-03-2025 19:22:22.922;90021
3;04-03-2025 19:20:52.901;04-03-2025 19:22:27.930;95029
3;04-03-2025 19:20:52.901;04-03-2025 19:22:32.932;100031
3;04-03-2025 19:20:52.901;04-03-2025 19:22:37.954;105053
2;04-03-2025 19:22:36.543;04-03-2025 19:22:40.905;4362
3;04-03-2025 19:20:52.901;04-03-2025 19:22:42.926;110025
1;04-03-2025 19:22:45.686;04-03-2025 19:22:53.043;7357
2;04-03-2025 19:22:51.498;04-03-2025 19:22:56.130;4632
3;04-03-2025 19:22:57.903;04-03-2025 19:22:57.960;57
3;04-03-2025 19:22:57.903;04-03-2025 19:22:58.013;110
1;04-03-2025 19:22:45.686;04-03-2025 19:22:58.348;12662
3;04-03-2025 19:22:57.903;04-03-2025 19:23:02.932;5029
1;04-03-2025 19:22:45.686;04-03-2025 19:23:03.246;17560
3;04-03-2025 19:22:57.903;04-03-2025 19:23:07.941;10038
3;04-03-2025 19:22:57.903;04-03-2025 19:23:12.941;15038
1;04-03-2025 19:23:13.570;04-03-2025 19:23:14.995;1425
3;04-03-2025 19:22:57.903;04-03-2025 19:23:17.931;20028
1;04-03-2025 19:23:17.480;04-03-2025 19:23:19.117;1637
3;04-03-2025 19:22:57.903;04-03-2025 19:23:22.921;25018
3;04-03-2025 19:22:57.903;04-03-2025 19:23:27.964;30061
3;04-03-2025 19:22:57.903;04-03-2025 19:23:32.926;35023
3;04-03-2025 19:22:57.903;04-03-2025 19:23:37.935;40032
3;04-03-2025 19:22:57.903;04-03-2025 19:23:42.925;45022
3;04-03-2025 19:22:57.903;04-03-2025 19:23:47.927;50024
3;04-03-2025 19:22:57.903;04-03-2025 19:23:52.933;55030
3;04-03-2025 19:24:07.899;04-03-2025 19:24:07.948;49
3;04-03-2025 19:24:07.899;04-03-2025 19:24:07.995;96
3;04-03-2025 19:24:07.899;04-03-2025 19:24:12.937;5038
3;04-03-2025 19:24:07.899;04-03-2025 19:24:17.929;10030
3;04-03-2025 19:24:07.899;04-03-2025 19:24:22.934;15035
3;04-03-2025 19:24:07.899;04-03-2025 19:24:27.924;20025
3;04-03-2025 19:24:07.899;04-03-2025 19:24:32.930;25031
2;04-03-2025 19:24:07.117;04-03-2025 19:24:35.653;28536
3;04-03-2025 19:24:07.899;04-03-2025 19:24:37.935;30036
1;04-03-2025 19:24:15.993;04-03-2025 19:24:50.793;34800
3;04-03-2025 19:24:52.900;04-03-2025 19:24:52.936;36
3;04-03-2025 19:24:52.900;04-03-2025 19:24:52.983;83
3;04-03-2025 19:24:52.900;04-03-2025 19:24:57.924;5024
3;04-03-2025 19:24:52.900;04-03-2025 19:25:02.932;10032
3;04-03-2025 19:24:52.900;04-03-2025 19:25:07.934;15034
2;04-03-2025 19:25:04.892;04-03-2025 19:25:10.855;5963
0;04-03-2025 19:25:04.360;04-03-2025 19:25:12.354;7994
3;04-03-2025 19:24:52.900;04-03-2025 19:25:12.937;20037
1;04-03-2025 19:24:15.993;04-03-2025 19:25:16.877;60884
3;04-03-2025 19:24:52.900;04-03-2025 19:25:17.924;25024
3;04-03-2025 19:24:52.900;04-03-2025 19:25:22.933;30033
3;04-03-2025 19:24:52.900;04-03-2025 19:25:27.934;35034
3;04-03-2025 19:24:52.900;04-03-2025 19:25:32.923;40023
3;04-03-2025 19:24:52.900;04-03-2025 19:25:37.926;45026
3;04-03-2025 19:24:52.900;04-03-2025 19:25:42.932;50032
3;04-03-2025 19:24:52.900;04-03-2025 19:25:47.924;55024
3;04-03-2025 19:24:52.900;04-03-2025 19:25:52.931;60031
3;04-03-2025 19:24:52.900;04-03-2025 19:25:57.917;65017
3;04-03-2025 19:24:52.900;04-03-2025 19:26:02.922;70022
2;04-03-2025 19:25:56.346;04-03-2025 19:26:05.565;9219
3;04-03-2025 19:24:52.900;04-03-2025 19:26:07.911;75011
2;04-03-2025 19:25:56.346;04-03-2025 19:26:11.229;14883
3;04-03-2025 19:24:52.900;04-03-2025 19:26:12.930;80030
1;04-03-2025 19:25:41.306;04-03-2025 19:26:13.699;32393
3;04-03-2025 19:24:52.900;04-03-2025 19:26:17.935;85035
3;04-03-2025 19:24:52.900;04-03-2025 19:26:22.923;90023
3;04-03-2025 19:24:52.900;04-03-2025 19:26:27.926;95026
2;04-03-2025 19:25:56.346;04-03-2025 19:26:30.784;34438
3;04-03-2025 19:24:52.900;04-03-2025 19:26:32.930;100030
2;04-03-2025 19:25:56.346;04-03-2025 19:26:35.945;39599
3;04-03-2025 19:24:52.900;04-03-2025 19:26:37.936;105036
3;04-03-2025 19:24:52.900;04-03-2025 19:26:42.924;110024
3;04-03-2025 19:24:52.900;04-03-2025 19:26:47.913;115013
1;04-03-2025 19:26:47.667;04-03-2025 19:26:51.282;3615
3;04-03-2025 19:24:52.900;04-03-2025 19:26:52.922;120022
2;04-03-2025 19:25:56.346;04-03-2025 19:26:53.090;56744
1;04-03-2025 19:26:47.667;04-03-2025 19:26:53.122;5455
3;04-03-2025 19:24:52.900;04-03-2025 19:26:57.967;125067
1;04-03-2025 19:26:47.667;04-03-2025 19:26:58.015;10348
2;04-03-2025 19:25:56.346;04-03-2025 19:26:58.943;62597
3;04-03-2025 19:24:52.900;04-03-2025 19:27:02.926;130026
1;04-03-2025 19:27:00.603;04-03-2025 19:27:05.818;5215
3;04-03-2025 19:24:52.900;04-03-2025 19:27:07.936;135036
2;04-03-2025 19:27:01.436;04-03-2025 19:27:10.089;8653
3;04-03-2025 19:24:52.900;04-03-2025 19:27:12.924;140024
1;04-03-2025 19:27:00.603;04-03-2025 19:27:17.281;16678
2;04-03-2025 19:27:01.436;04-03-2025 19:27:17.377;15941
3;04-03-2025 19:24:52.900;04-03-2025 19:27:17.933;145033
1;04-03-2025 19:27:00.603;04-03-2025 19:27:18.136;17533
2;04-03-2025 19:27:01.436;04-03-2025 19:27:20.057;18621
3;04-03-2025 19:24:52.900;04-03-2025 19:27:22.923;150023
3;04-03-2025 19:24:52.900;04-03-2025 19:27:27.932;155032
3;04-03-2025 19:24:52.900;04-03-2025 19:27:32.922;160022
2;04-03-2025 19:27:01.436;04-03-2025 19:27:36.801;35365
3;04-03-2025 19:24:52.900;04-03-2025 19:27:37.927;165027
2;04-03-2025 19:27:01.436;04-03-2025 19:27:41.070;39634
1;04-03-2025 19:27:00.603;04-03-2025 19:27:41.134;40531
3;04-03-2025 19:24:52.900;04-03-2025 19:27:42.931;170031
3;04-03-2025 19:24:52.900;04-03-2025 19:27:47.934;175034
1;04-03-2025 19:27:00.603;04-03-2025 19:27:52.994;52391
0;04-03-2025 19:27:05.863;04-03-2025 19:27:55.687;49824
2;04-03-2025 19:27:01.436;04-03-2025 19:28:01.967;60531
3;04-03-2025 19:28:02.901;04-03-2025 19:28:02.950;49
3;04-03-2025 19:28:02.901;04-03-2025 19:28:02.995;94
3;04-03-2025 19:28:02.901;04-03-2025 19:28:07.926;5025
3;04-03-2025 19:28:02.901;04-03-2025 19:28:12.942;10041
0;04-03-2025 19:28:12.879;04-03-2025 19:28:17.105;4226
3;04-03-2025 19:28:02.901;04-03-2025 19:28:17.932;15031
0;04-03-2025 19:28:12.879;04-03-2025 19:28:20.455;7576
3;04-03-2025 19:28:02.901;04-03-2025 19:28:22.924;20023
3;04-03-2025 19:28:02.901;04-03-2025 19:28:27.911;25010
3;04-03-2025 19:28:02.901;04-03-2025 19:28:32.935;30034
3;04-03-2025 19:28:02.901;04-03-2025 19:28:37.923;35022
3;04-03-2025 19:28:02.901;04-03-2025 19:28:42.925;40024
3;04-03-2025 19:28:02.901;04-03-2025 19:28:47.928;45027
3;04-03-2025 19:28:02.901;04-03-2025 19:28:52.937;50036
3;04-03-2025 19:28:02.901;04-03-2025 19:28:57.925;55024
3;04-03-2025 19:28:02.901;04-03-2025 19:29:02.931;60030
3;04-03-2025 19:28:02.901;04-03-2025 19:29:07.922;65021
3;04-03-2025 19:28:02.901;04-03-2025 19:29:12.926;70025
1;04-03-2025 19:28:45.908;04-03-2025 19:29:20.459;34551
1;04-03-2025 19:28:45.908;04-03-2025 19:29:26.642;40734
3;04-03-2025 19:29:27.901;04-03-2025 19:29:27.944;43
3;04-03-2025 19:29:37.967;04-03-2025 19:29:38.004;37
3;04-03-2025 19:29:37.967;04-03-2025 19:29:38.080;113
3;04-03-2025 19:29:37.967;04-03-2025 19:29:42.931;4964
1;04-03-2025 19:28:45.908;04-03-2025 19:29:43.040;57132
2;04-03-2025 19:29:44.933;04-03-2025 19:29:46.820;1887
3;04-03-2025 19:29:37.967;04-03-2025 19:29:47.929;9962
0;04-03-2025 19:28:30.894;04-03-2025 19:29:48.324;77430
1;04-03-2025 19:28:45.908;04-03-2025 19:29:48.372;62464
2;04-03-2025 19:29:44.933;04-03-2025 19:29:53.279;8346
1;04-03-2025 19:28:45.908;04-03-2025 19:29:53.413;67505
3;04-03-2025 19:30:02.903;04-03-2025 19:30:02.945;42
3;04-03-2025 19:30:02.903;04-03-2025 19:30:02.990;87
3;04-03-2025 19:30:02.903;04-03-2025 19:30:07.919;5016
1;04-03-2025 19:29:57.117;04-03-2025 19:30:11.622;14505
3;04-03-2025 19:30:02.903;04-03-2025 19:30:12.951;10048
1;04-03-2025 19:29:57.117;04-03-2025 19:30:15.906;18789
2;04-03-2025 19:30:02.465;04-03-2025 19:30:20.627;18162
0;04-03-2025 19:29:58.503;04-03-2025 19:30:21.249;22746
0;04-03-2025 19:30:23.360;04-03-2025 19:30:26.781;3421
3;04-03-2025 19:30:27.900;04-03-2025 19:30:27.970;70
3;04-03-2025 19:30:27.900;04-03-2025 19:30:28.000;100
3;04-03-2025 19:30:27.900;04-03-2025 19:30:32.927;5027
3;04-03-2025 19:30:27.900;04-03-2025 19:30:37.934;10034
3;04-03-2025 19:30:27.900;04-03-2025 19:30:42.922;15022
3;04-03-2025 19:30:27.900;04-03-2025 19:30:47.924;20024
3;04-03-2025 19:30:27.900;04-03-2025 19:30:52.932;25032
3;04-03-2025 19:30:27.900;04-03-2025 19:30:57.933;30033
0;04-03-2025 19:30:36.045;04-03-2025 19:31:01.364;25319
3;04-03-2025 19:30:27.900;04-03-2025 19:31:02.922;35022
0;04-03-2025 19:30:36.045;04-03-2025 19:31:03.108;27063
3;04-03-2025 19:30:27.900;04-03-2025 19:31:07.930;40030
2;04-03-2025 19:30:55.730;04-03-2025 19:31:10.117;14387
3;04-03-2025 19:30:27.900;04-03-2025 19:31:12.935;45035
2;04-03-2025 19:30:55.730;04-03-2025 19:31:13.328;17598
2;04-03-2025 19:30:55.730;04-03-2025 19:31:21.445;25715
1;04-03-2025 19:30:45.000;04-03-2025 19:31:26.193;41193
3;04-03-2025 19:31:27.901;04-03-2025 19:31:27.948;47
3;04-03-2025 19:31:27.901;04-03-2025 19:31:27.997;96
2;04-03-2025 19:30:55.730;04-03-2025 19:31:35.428;39698
3;04-03-2025 19:31:42.900;04-03-2025 19:31:42.949;49
3;04-03-2025 19:31:42.900;04-03-2025 19:31:42.996;96
0;04-03-2025 19:30:36.045;04-03-2025 19:31:45.999;69954
3;04-03-2025 19:31:42.900;04-03-2025 19:31:47.924;5024
3;04-03-2025 19:31:42.900;04-03-2025 19:31:52.928;10028
3;04-03-2025 19:31:42.900;04-03-2025 19:31:57.933;15033
0;04-03-2025 19:31:58.879;04-03-2025 19:32:00.198;1319
3;04-03-2025 19:31:42.900;04-03-2025 19:32:02.966;20066
2;04-03-2025 19:32:04.251;04-03-2025 19:32:06.193;1942
1;04-03-2025 19:31:46.776;04-03-2025 19:32:07.009;20233
3;04-03-2025 19:31:42.900;04-03-2025 19:32:07.928;25028
1;04-03-2025 19:31:46.776;04-03-2025 19:32:10.401;23625
2;04-03-2025 19:32:04.251;04-03-2025 19:32:10.753;6502
3;04-03-2025 19:31:42.900;04-03-2025 19:32:12.933;30033
1;04-03-2025 19:32:12.121;04-03-2025 19:32:16.157;4036
3;04-03-2025 19:31:42.900;04-03-2025 19:32:17.939;35039
1;04-03-2025 19:32:12.121;04-03-2025 19:32:18.893;6772
3;04-03-2025 19:31:42.900;04-03-2025 19:32:22.928;40028
1;04-03-2025 19:32:12.121;04-03-2025 19:32:27.233;15112
3;04-03-2025 19:31:42.900;04-03-2025 19:32:27.936;45036
3;04-03-2025 19:31:42.900;04-03-2025 19:32:32.937;50037
3;04-03-2025 19:31:42.900;04-03-2025 19:32:37.941;55041
1;04-03-2025 19:32:12.121;04-03-2025 19:32:39.310;27189
3;04-03-2025 19:31:42.900;04-03-2025 19:32:42.930;60030
1;04-03-2025 19:32:12.121;04-03-2025 19:32:46.209;34088
2;04-03-2025 19:32:04.251;04-03-2025 19:32:46.465;42214
3;04-03-2025 19:31:42.900;04-03-2025 19:32:47.935;65035
2;04-03-2025 19:32:04.251;04-03-2025 19:32:50.609;46358
1;04-03-2025 19:32:12.121;04-03-2025 19:32:50.807;38686
3;04-03-2025 19:31:42.900;04-03-2025 19:32:52.939;70039
3;04-03-2025 19:31:42.900;04-03-2025 19:32:57.930;75030
3;04-03-2025 19:31:42.900;04-03-2025 19:33:02.935;80035
3;04-03-2025 19:31:42.900;04-03-2025 19:33:07.954;85054
2;04-03-2025 19:32:04.251;04-03-2025 19:33:10.385;66134
3;04-03-2025 19:31:42.900;04-03-2025 19:33:12.930;90030
3;04-03-2025 19:31:42.900;04-03-2025 19:33:17.935;95035
1;04-03-2025 19:33:06.170;04-03-2025 19:33:22.344;16174
3;04-03-2025 19:31:42.900;04-03-2025 19:33:22.928;100028
2;04-03-2025 19:32:04.251;04-03-2025 19:33:23.816;79565
3;04-03-2025 19:31:42.900;04-03-2025 19:33:27.931;105031
2;04-03-2025 19:32:04.251;04-03-2025 19:33:28.259;84008
1;04-03-2025 19:33:06.170;04-03-2025 19:33:32.431;26261
3;04-03-2025 19:31:42.900;04-03-2025 19:33:32.933;110033
1;04-03-2025 19:33:06.170;04-03-2025 19:33:33.113;26943
1;04-03-2025 19:33:06.170;04-03-2025 19:33:39.935;33765
1;04-03-2025 19:33:06.170;04-03-2025 19:33:43.036;36866
2;04-03-2025 19:33:38.984;04-03-2025 19:33:44.075;5091
3;04-03-2025 19:33:47.894;04-03-2025 19:33:47.936;42
1;04-03-2025 19:33:06.170;04-03-2025 19:33:48.251;42081
2;04-03-2025 19:33:44.943;04-03-2025 19:33:49.067;4124
3;04-03-2025 19:33:47.894;04-03-2025 19:33:52.925;5031
2;04-03-2025 19:33:44.943;04-03-2025 19:33:53.304;8361
1;04-03-2025 19:33:06.170;04-03-2025 19:33:53.863;47693
3;04-03-2025 19:33:47.894;04-03-2025 19:33:57.930;10036
1;04-03-2025 19:33:57.484;04-03-2025 19:34:00.287;2803
3;04-03-2025 19:33:47.894;04-03-2025 19:34:02.922;15028
2;04-03-2025 19:33:44.943;04-03-2025 19:34:04.261;19318
0;04-03-2025 19:33:19.335;04-03-2025 19:34:07.326;47991
3;04-03-2025 19:33:47.894;04-03-2025 19:34:07.926;20032
2;04-03-2025 19:33:44.943;04-03-2025 19:34:12.223;27280
1;04-03-2025 19:33:57.484;04-03-2025 19:34:12.303;14819
3;04-03-2025 19:33:47.894;04-03-2025 19:34:12.934;25040
2;04-03-2025 19:33:44.943;04-03-2025 19:34:16.267;31324
3;04-03-2025 19:33:47.894;04-03-2025 19:34:17.962;30068
3;04-03-2025 19:33:47.894;04-03-2025 19:34:22.926;35032
1;04-03-2025 19:33:57.484;04-03-2025 19:34:26.711;29227
2;04-03-2025 19:34:17.317;04-03-2025 19:34:27.297;9980
3;04-03-2025 19:33:47.894;04-03-2025 19:34:27.934;40040
3;04-03-2025 19:33:47.894;04-03-2025 19:34:32.922;45028
3;04-03-2025 19:33:47.894;04-03-2025 19:34:37.928;50034
2;04-03-2025 19:34:17.317;04-03-2025 19:34:40.290;22973
3;04-03-2025 19:33:47.894;04-03-2025 19:34:42.934;55040
1;04-03-2025 19:33:57.484;04-03-2025 19:34:45.965;48481
3;04-03-2025 19:33:47.894;04-03-2025 19:34:47.923;60029
2;04-03-2025 19:34:17.317;04-03-2025 19:34:49.292;31975
1;04-03-2025 19:33:57.484;04-03-2025 19:34:49.659;52175
3;04-03-2025 19:33:47.894;04-03-2025 19:34:52.930;65036
3;04-03-2025 19:33:47.894;04-03-2025 19:34:57.935;70041
3;04-03-2025 19:33:47.894;04-03-2025 19:35:02.923;75029
2;04-03-2025 19:34:17.317;04-03-2025 19:35:05.686;48369
1;04-03-2025 19:33:57.484;04-03-2025 19:35:06.365;68881
3;04-03-2025 19:33:47.894;04-03-2025 19:35:07.930;80036
2;04-03-2025 19:34:17.317;04-03-2025 19:35:08.817;51500
1;04-03-2025 19:33:57.484;04-03-2025 19:35:10.390;72906
3;04-03-2025 19:33:47.894;04-03-2025 19:35:12.934;85040
3;04-03-2025 19:33:47.894;04-03-2025 19:35:17.919;90025
3;04-03-2025 19:33:47.894;04-03-2025 19:35:22.932;95038
3;04-03-2025 19:33:47.894;04-03-2025 19:35:27.932;100038
1;04-03-2025 19:33:57.484;04-03-2025 19:35:30.997;93513
3;04-03-2025 19:33:47.894;04-03-2025 19:35:32.923;105029
3;04-03-2025 19:33:47.894;04-03-2025 19:35:37.928;110034
3;04-03-2025 19:33:47.894;04-03-2025 19:35:42.938;115044
3;04-03-2025 19:33:47.894;04-03-2025 19:35:47.923;120029
1;04-03-2025 19:33:57.484;04-03-2025 19:35:48.173;110689
3;04-03-2025 19:33:47.894;04-03-2025 19:35:52.941;125047
3;04-03-2025 19:33:47.894;04-03-2025 19:35:57.930;130036
3;04-03-2025 19:33:47.894;04-03-2025 19:36:02.936;135042
3;04-03-2025 19:33:47.894;04-03-2025 19:36:07.925;140031
1;04-03-2025 19:33:57.484;04-03-2025 19:36:11.673;134189
3;04-03-2025 19:33:47.894;04-03-2025 19:36:12.932;145038
3;04-03-2025 19:33:47.894;04-03-2025 19:36:17.923;150029
1;04-03-2025 19:33:57.484;04-03-2025 19:36:22.522;145038
3;04-03-2025 19:33:47.894;04-03-2025 19:36:22.930;155036
3;04-03-2025 19:33:47.894;04-03-2025 19:36:27.932;160038
1;04-03-2025 19:33:57.484;04-03-2025 19:36:31.201;153717
3;04-03-2025 19:33:47.894;04-03-2025 19:36:32.936;165042
3;04-03-2025 19:33:47.894;04-03-2025 19:36:37.924;170030
2;04-03-2025 19:36:28.902;04-03-2025 19:36:40.190;11288
1;04-03-2025 19:33:57.484;04-03-2025 19:36:40.398;162914
3;04-03-2025 19:33:47.894;04-03-2025 19:36:42.930;175036
1;04-03-2025 19:33:57.484;04-03-2025 19:36:43.147;165663
2;04-03-2025 19:36:41.604;04-03-2025 19:36:46.363;4759
3;04-03-2025 19:33:47.894;04-03-2025 19:36:47.921;180027
1;04-03-2025 19:33:57.484;04-03-2025 19:36:48.130;170646
2;04-03-2025 19:36:49.066;04-03-2025 19:36:50.811;1745
3;04-03-2025 19:33:47.894;04-03-2025 19:36:52.928;185034
2;04-03-2025 19:36:49.066;04-03-2025 19:36:53.146;4080
3;04-03-2025 19:33:47.894;04-03-2025 19:36:57.934;190040
1;04-03-2025 19:33:57.484;04-03-2025 19:36:57.960;180476
2;04-03-2025 19:36:56.192;04-03-2025 19:37:01.109;4917
3;04-03-2025 19:33:47.894;04-03-2025 19:37:02.925;195031
1;04-03-2025 19:33:57.484;04-03-2025 19:37:05.669;188185
2;04-03-2025 19:37:01.172;04-03-2025 19:37:06.401;5229
3;04-03-2025 19:33:47.894;04-03-2025 19:37:07.928;200034
2;04-03-2025 19:37:01.172;04-03-2025 19:37:10.449;9277
3;04-03-2025 19:33:47.894;04-03-2025 19:37:12.932;205038
2;04-03-2025 19:37:15.660;04-03-2025 19:37:15.888;228
3;04-03-2025 19:33:47.894;04-03-2025 19:37:17.922;210028
2;04-03-2025 19:37:15.660;04-03-2025 19:37:18.461;2801
3;04-03-2025 19:33:47.894;04-03-2025 19:37:22.927;215033
2;04-03-2025 19:37:15.660;04-03-2025 19:37:27.720;12060
3;04-03-2025 19:33:47.894;04-03-2025 19:37:27.933;220039
2;04-03-2025 19:37:15.660;04-03-2025 19:37:30.808;15148
3;04-03-2025 19:33:47.894;04-03-2025 19:37:32.923;225029
3;05-03-2025 00:07:32.903;05-03-2025 00:07:37.935;5032
3;05-03-2025 00:07:32.903;05-03-2025 00:07:42.923;10020
3;05-03-2025 00:07:32.903;05-03-2025 00:07:47.930;15027
3;05-03-2025 00:08:02.900;05-03-2025 00:08:02.946;46
3;05-03-2025 00:08:02.900;05-03-2025 00:08:03.008;108
3;05-03-2025 00:08:02.900;05-03-2025 00:08:07.940;5040
3;05-03-2025 00:08:02.900;05-03-2025 00:08:12.929;10029
3;05-03-2025 00:08:02.900;05-03-2025 00:08:17.931;15031
3;05-03-2025 00:08:02.900;05-03-2025 00:08:22.935;20035
3;05-03-2025 00:08:02.900;05-03-2025 00:08:27.927;25027
2;05-03-2025 00:08:26.887;05-03-2025 00:08:31.307;4420
3;05-03-2025 00:08:02.900;05-03-2025 00:08:32.928;30028
1;05-03-2025 00:08:31.993;05-03-2025 00:08:35.515;3522
3;05-03-2025 00:08:02.900;05-03-2025 00:08:37.933;35033
1;05-03-2025 00:08:31.993;05-03-2025 00:08:40.919;8926
3;05-03-2025 00:08:02.900;05-03-2025 00:08:42.968;40068
2;05-03-2025 00:08:38.975;05-03-2025 00:08:45.346;6371
3;05-03-2025 00:08:02.900;05-03-2025 00:08:47.930;45030
2;05-03-2025 00:08:38.975;05-03-2025 00:08:50.174;11199
3;05-03-2025 00:08:02.900;05-03-2025 00:08:52.938;50038
2;05-03-2025 00:08:51.359;05-03-2025 00:08:55.779;4420
3;05-03-2025 00:08:02.900;05-03-2025 00:08:57.926;55026
2;05-03-2025 00:09:00.855;05-03-2025 00:09:02.478;1623
3;05-03-2025 00:09:22.920;05-03-2025 00:09:22.969;49
3;05-03-2025 00:09:32.994;05-03-2025 00:09:33.026;32
3;05-03-2025 00:09:32.994;05-03-2025 00:09:33.059;65
3;05-03-2025 00:09:32.994;05-03-2025 00:09:33.108;114
3;05-03-2025 00:09:32.994;05-03-2025 00:09:37.934;4940
3;05-03-2025 00:09:32.994;05-03-2025 00:09:42.923;9929
3;05-03-2025 00:09:32.994;05-03-2025 00:09:47.924;14930
1;05-03-2025 00:09:31.715;05-03-2025 00:09:52.493;20778
3;05-03-2025 00:09:32.994;05-03-2025 00:09:52.913;19919
3;05-03-2025 00:09:32.994;05-03-2025 00:09:57.934;24940
3;05-03-2025 00:09:32.994;05-03-2025 00:10:02.922;29928
0;05-03-2025 00:09:07.025;05-03-2025 00:10:06.856;59831
3;05-03-2025 00:09:32.994;05-03-2025 00:10:07.928;34934
2;05-03-2025 00:09:19.998;05-03-2025 00:10:12.702;52704
3;05-03-2025 00:09:32.994;05-03-2025 00:10:12.932;39938
3;05-03-2025 00:09:32.994;05-03-2025 00:10:17.936;44942
1;05-03-2025 00:10:14.355;05-03-2025 00:10:20.214;5859
3;05-03-2025 00:09:32.994;05-03-2025 00:10:22.928;49934
3;05-03-2025 00:09:32.994;05-03-2025 00:10:27.932;54938
3;05-03-2025 00:09:32.994;05-03-2025 00:10:32.926;59932
3;05-03-2025 00:09:32.994;05-03-2025 00:10:37.925;64931
3;05-03-2025 00:09:32.994;05-03-2025 00:10:42.928;69934
3;05-03-2025 00:09:32.994;05-03-2025 00:10:47.932;74938
3;05-03-2025 00:09:32.994;05-03-2025 00:10:52.922;79928
3;05-03-2025 00:11:17.923;05-03-2025 00:11:17.965;42
3;05-03-2025 00:11:17.923;05-03-2025 00:11:18.017;94
3;05-03-2025 00:11:17.923;05-03-2025 00:11:18.076;153
3;05-03-2025 00:11:17.923;05-03-2025 00:11:22.923;5000
3;05-03-2025 00:11:17.923;05-03-2025 00:11:27.931;10008
1;05-03-2025 00:11:30.134;05-03-2025 00:11:32.416;2282
3;05-03-2025 00:11:17.923;05-03-2025 00:11:32.935;15012
3;05-03-2025 00:11:17.923;05-03-2025 00:11:37.939;20016
3;05-03-2025 00:11:17.923;05-03-2025 00:11:42.930;25007
3;05-03-2025 00:11:17.923;05-03-2025 00:11:47.932;30009
3;05-03-2025 00:11:17.923;05-03-2025 00:11:52.919;34996
3;05-03-2025 00:11:17.923;05-03-2025 00:11:57.935;40012
3;05-03-2025 00:11:17.923;05-03-2025 00:12:02.927;45004
3;05-03-2025 00:11:17.923;05-03-2025 00:12:07.931;50008
3;05-03-2025 00:11:17.923;05-03-2025 00:12:12.936;55013
3;05-03-2025 00:11:17.923;05-03-2025 00:12:17.926;60003
3;05-03-2025 00:11:17.923;05-03-2025 00:12:22.914;64991
3;05-03-2025 00:11:17.923;05-03-2025 00:12:27.935;70012
3;05-03-2025 00:11:17.923;05-03-2025 00:12:32.961;75038
1;05-03-2025 00:12:31.184;05-03-2025 00:12:35.386;4202
3;05-03-2025 00:11:17.923;05-03-2025 00:12:37.928;80005
3;05-03-2025 00:11:17.923;05-03-2025 00:12:42.920;84997
1;05-03-2025 00:12:31.184;05-03-2025 00:12:53.022;21838
3;05-03-2025 00:12:57.900;05-03-2025 00:12:57.945;45
3;05-03-2025 00:12:57.900;05-03-2025 00:12:57.992;92
3;05-03-2025 00:12:57.900;05-03-2025 00:13:02.936;5036
2;05-03-2025 00:12:42.782;05-03-2025 00:13:05.586;22804
3;05-03-2025 00:12:57.900;05-03-2025 00:13:07.922;10022
1;05-03-2025 00:13:09.461;05-03-2025 00:13:10.222;761
0;05-03-2025 00:13:02.014;05-03-2025 00:13:10.302;8288
3;05-03-2025 00:13:32.920;05-03-2025 00:13:32.969;49
3;05-03-2025 00:13:32.920;05-03-2025 00:13:33.016;96
3;05-03-2025 00:13:32.920;05-03-2025 00:13:33.064;144
3;05-03-2025 00:13:32.920;05-03-2025 00:13:37.929;5009
3;05-03-2025 00:13:32.920;05-03-2025 00:13:42.933;10013
3;05-03-2025 00:13:32.920;05-03-2025 00:13:47.919;14999
3;05-03-2025 00:13:32.920;05-03-2025 00:13:52.926;20006
3;05-03-2025 00:14:07.901;05-03-2025 00:14:07.939;38
3;05-03-2025 00:14:07.901;05-03-2025 00:14:07.987;86
3;05-03-2025 00:14:07.901;05-03-2025 00:14:12.927;5026
3;05-03-2025 00:14:07.901;05-03-2025 00:14:17.930;10029
3;05-03-2025 00:14:07.901;05-03-2025 00:14:22.923;15022
3;05-03-2025 00:14:07.901;05-03-2025 00:14:27.926;20025
3;05-03-2025 00:14:07.901;05-03-2025 00:14:32.930;25029
3;05-03-2025 00:14:07.901;05-03-2025 00:14:37.936;30035
3;05-03-2025 00:14:07.901;05-03-2025 00:14:42.924;35023
3;05-03-2025 00:14:07.901;05-03-2025 00:14:47.930;40029
3;05-03-2025 00:14:07.901;05-03-2025 00:14:52.934;45033
1;05-03-2025 00:14:51.463;05-03-2025 00:14:53.059;1596
2;05-03-2025 00:14:46.081;05-03-2025 00:14:57.222;11141
3;05-03-2025 00:14:07.901;05-03-2025 00:14:57.923;50022
1;05-03-2025 00:14:58.874;05-03-2025 00:15:01.183;2309
3;05-03-2025 00:14:07.901;05-03-2025 00:15:02.971;55070
3;05-03-2025 00:14:07.901;05-03-2025 00:15:07.933;60032
2;05-03-2025 00:15:10.706;05-03-2025 00:15:11.190;484
3;05-03-2025 00:14:07.901;05-03-2025 00:15:12.937;65036
2;05-03-2025 00:15:13.494;05-03-2025 00:15:15.646;2152
3;05-03-2025 00:14:07.901;05-03-2025 00:15:17.931;70030
3;05-03-2025 00:14:07.901;05-03-2025 00:15:22.934;75033
3;05-03-2025 00:14:07.901;05-03-2025 00:15:27.924;80023
3;05-03-2025 00:14:07.901;05-03-2025 00:15:32.930;85029
3;05-03-2025 00:14:07.901;05-03-2025 00:15:37.933;90032
3;05-03-2025 00:14:07.901;05-03-2025 00:15:42.924;95023
3;05-03-2025 00:14:07.901;05-03-2025 00:15:47.928;100027
3;05-03-2025 00:14:07.901;05-03-2025 00:15:52.932;105031
3;05-03-2025 00:14:07.901;05-03-2025 00:15:57.923;110022
2;05-03-2025 00:15:42.936;05-03-2025 00:16:06.596;23660
3;05-03-2025 00:16:12.900;05-03-2025 00:16:12.973;73
3;05-03-2025 00:16:12.900;05-03-2025 00:16:13.016;116
3;05-03-2025 00:16:12.900;05-03-2025 00:16:17.924;5024
3;05-03-2025 00:16:12.900;05-03-2025 00:16:22.928;10028
3;05-03-2025 00:16:12.900;05-03-2025 00:16:27.932;15032
3;05-03-2025 00:16:12.900;05-03-2025 00:16:32.934;20034
3;05-03-2025 00:16:12.900;05-03-2025 00:16:37.922;25022
3;05-03-2025 00:16:12.900;05-03-2025 00:16:42.926;30026
3;05-03-2025 00:16:12.900;05-03-2025 00:16:47.934;35034
3;05-03-2025 00:16:12.900;05-03-2025 00:16:52.948;40048
3;05-03-2025 00:16:12.900;05-03-2025 00:16:57.942;45042
3;05-03-2025 00:16:12.900;05-03-2025 00:17:02.931;50031
3;05-03-2025 00:16:12.900;05-03-2025 00:17:07.935;55035
3;05-03-2025 00:16:12.900;05-03-2025 00:17:12.924;60024
3;05-03-2025 00:16:12.900;05-03-2025 00:17:17.931;65031
3;05-03-2025 00:16:12.900;05-03-2025 00:17:22.932;70032
3;05-03-2025 00:16:12.900;05-03-2025 00:17:27.925;75025
3;05-03-2025 00:16:12.900;05-03-2025 00:17:32.927;80027
3;05-03-2025 00:16:12.900;05-03-2025 00:17:37.918;85018
3;05-03-2025 00:16:12.900;05-03-2025 00:17:42.919;90019
3;05-03-2025 00:16:12.900;05-03-2025 00:17:47.923;95023
1;05-03-2025 00:17:41.696;05-03-2025 00:17:50.238;8542
3;05-03-2025 00:16:12.900;05-03-2025 00:17:52.929;100029
3;05-03-2025 00:16:12.900;05-03-2025 00:17:57.935;105035
3;05-03-2025 00:16:12.900;05-03-2025 00:18:02.924;110024
1;05-03-2025 00:18:01.355;05-03-2025 00:18:06.957;5602
3;05-03-2025 00:16:12.900;05-03-2025 00:18:07.928;115028
3;05-03-2025 00:16:12.900;05-03-2025 00:18:12.934;120034
1;05-03-2025 00:18:01.355;05-03-2025 00:18:15.264;13909
3;05-03-2025 00:16:12.900;05-03-2025 00:18:17.937;125037
1;05-03-2025 00:18:15.931;05-03-2025 00:18:18.441;2510
2;05-03-2025 00:18:17.831;05-03-2025 00:18:20.410;2579
0;05-03-2025 00:18:20.797;05-03-2025 00:18:20.888;91
3;05-03-2025 00:16:12.900;05-03-2025 00:18:22.925;130025
3;05-03-2025 00:16:12.900;05-03-2025 00:18:27.932;135032
3;05-03-2025 00:16:12.900;05-03-2025 00:18:32.923;140023
3;05-03-2025 00:16:12.900;05-03-2025 00:18:37.931;145031
3;05-03-2025 00:16:12.900;05-03-2025 00:18:42.935;150035
1;05-03-2025 00:18:21.834;05-03-2025 00:18:45.178;23344
3;05-03-2025 00:16:12.900;05-03-2025 00:18:47.938;155038
3;05-03-2025 00:16:12.900;05-03-2025 00:18:52.931;160031
3;05-03-2025 00:16:12.900;05-03-2025 00:18:57.917;165017
3;05-03-2025 00:16:12.900;05-03-2025 00:19:02.926;170026
3;05-03-2025 00:16:12.900;05-03-2025 00:19:07.927;175027
3;05-03-2025 00:16:12.900;05-03-2025 00:19:12.933;180033
3;05-03-2025 00:16:12.900;05-03-2025 00:19:17.922;185022
3;05-03-2025 00:16:12.900;05-03-2025 00:19:22.927;190027
1;05-03-2025 00:18:21.834;05-03-2025 00:19:23.088;61254
3;05-03-2025 00:16:12.900;05-03-2025 00:19:27.931;195031
3;05-03-2025 00:16:12.900;05-03-2025 00:19:32.940;200040
1;05-03-2025 00:18:21.834;05-03-2025 00:19:34.996;73162
3;05-03-2025 00:16:12.900;05-03-2025 00:19:37.926;205026
2;05-03-2025 00:19:29.965;05-03-2025 00:19:38.385;8420
3;05-03-2025 00:16:12.900;05-03-2025 00:19:42.935;210035
1;05-03-2025 00:19:45.106;05-03-2025 00:19:45.473;367
0;05-03-2025 00:19:41.111;05-03-2025 00:19:46.316;5205
3;05-03-2025 00:16:12.900;05-03-2025 00:19:47.924;215024
3;05-03-2025 00:16:12.900;05-03-2025 00:19:52.929;220029
3;05-03-2025 00:16:12.900;05-03-2025 00:19:57.934;225034
3;05-03-2025 00:16:12.900;05-03-2025 00:20:02.964;230064
3;05-03-2025 00:16:12.900;05-03-2025 00:20:07.930;235030
3;05-03-2025 00:16:12.900;05-03-2025 00:20:12.934;240034
3;05-03-2025 00:16:12.900;05-03-2025 00:20:17.924;245024
2;05-03-2025 00:20:10.727;05-03-2025 00:20:20.572;9845
0;05-03-2025 00:19:41.111;05-03-2025 00:20:20.988;39877
3;05-03-2025 00:16:12.900;05-03-2025 00:20:22.937;250037
3;05-03-2025 00:16:12.900;05-03-2025 00:20:27.940;255040
3;05-03-2025 00:16:12.900;05-03-2025 00:20:32.939;260039
3;05-03-2025 00:16:12.900;05-03-2025 00:20:37.941;265041
3;05-03-2025 00:16:12.900;05-03-2025 00:20:42.930;270030
3;05-03-2025 00:20:57.901;05-03-2025 00:20:57.944;43
3;05-03-2025 00:20:57.901;05-03-2025 00:20:57.990;89
3;05-03-2025 00:20:57.901;05-03-2025 00:21:02.932;5031
1;05-03-2025 00:20:15.995;05-03-2025 00:21:07.661;51666
2;05-03-2025 00:21:04.598;05-03-2025 00:21:07.750;3152
3;05-03-2025 00:20:57.901;05-03-2025 00:21:07.939;10038
3;05-03-2025 00:20:57.901;05-03-2025 00:21:12.927;15026
3;05-03-2025 00:20:57.901;05-03-2025 00:21:17.931;20030
3;05-03-2025 00:20:57.901;05-03-2025 00:21:22.922;25021
3;05-03-2025 00:20:57.901;05-03-2025 00:21:27.925;30024
2;05-03-2025 00:21:27.246;05-03-2025 00:21:30.750;3504
3;05-03-2025 00:20:57.901;05-03-2025 00:21:32.929;35028
3;05-03-2025 00:20:57.901;05-03-2025 00:21:37.939;40038
3;05-03-2025 00:20:57.901;05-03-2025 00:21:42.925;45024
3;05-03-2025 00:20:57.901;05-03-2025 00:21:47.930;50029
3;05-03-2025 00:22:02.900;05-03-2025 00:22:02.960;60
3;05-03-2025 00:22:02.900;05-03-2025 00:22:03.005;105
3;05-03-2025 00:22:02.900;05-03-2025 00:22:07.936;5036
1;05-03-2025 00:22:07.586;05-03-2025 00:22:12.037;4451
3;05-03-2025 00:22:02.900;05-03-2025 00:22:12.924;10024
3;05-03-2025 00:22:02.900;05-03-2025 00:22:17.932;15032
3;05-03-2025 00:22:02.900;05-03-2025 00:22:22.921;20021
3;05-03-2025 00:22:02.900;05-03-2025 00:22:27.927;25027
3;05-03-2025 00:22:42.901;05-03-2025 00:22:42.944;43
3;05-03-2025 00:22:42.901;05-03-2025 00:22:42.990;89
3;05-03-2025 00:22:42.901;05-03-2025 00:22:47.930;5029
3;05-03-2025 00:23:02.901;05-03-2025 00:23:02.951;50
3;05-03-2025 00:23:02.901;05-03-2025 00:23:02.994;93
3;05-03-2025 00:23:02.901;05-03-2025 00:23:07.922;5021
3;05-03-2025 00:23:02.901;05-03-2025 00:23:12.939;10038
2;05-03-2025 00:23:10.237;05-03-2025 00:23:15.301;5064
1;05-03-2025 00:23:11.958;05-03-2025 00:23:15.997;4039
3;05-03-2025 00:23:02.901;05-03-2025 00:23:17.927;15026
1;05-03-2025 00:23:11.958;05-03-2025 00:23:18.210;6252
3;05-03-2025 00:23:02.901;05-03-2025 00:23:22.936;20035
1;05-03-2025 00:23:26.576;05-03-2025 00:23:27.373;797
2;05-03-2025 00:23:27.396;05-03-2025 00:23:27.869;473
3;05-03-2025 00:23:02.901;05-03-2025 00:23:27.922;25021
1;05-03-2025 00:23:26.576;05-03-2025 00:23:30.045;3469
3;05-03-2025 00:23:02.901;05-03-2025 00:23:32.928;30027
3;05-03-2025 00:23:02.901;05-03-2025 00:23:37.935;35034
3;05-03-2025 00:23:02.901;05-03-2025 00:23:42.922;40021
3;05-03-2025 00:23:02.901;05-03-2025 00:23:47.941;45040
3;05-03-2025 00:23:02.901;05-03-2025 00:23:52.931;50030
3;05-03-2025 00:24:07.899;05-03-2025 00:24:07.944;45
3;05-03-2025 00:24:07.899;05-03-2025 00:24:07.992;93
3;05-03-2025 00:24:07.899;05-03-2025 00:24:12.933;5034
3;05-03-2025 00:24:07.899;05-03-2025 00:24:17.922;10023
3;05-03-2025 00:24:07.899;05-03-2025 00:24:22.926;15027
3;05-03-2025 00:24:07.899;05-03-2025 00:24:27.931;20032
3;05-03-2025 00:24:07.899;05-03-2025 00:24:32.921;25022
3;05-03-2025 00:24:07.899;05-03-2025 00:24:37.926;30027
3;05-03-2025 00:24:07.899;05-03-2025 00:24:42.930;35031
1;05-03-2025 00:24:34.778;05-03-2025 00:24:47.750;12972
3;05-03-2025 00:24:07.899;05-03-2025 00:24:47.918;40019
3;05-03-2025 00:24:07.899;05-03-2025 00:24:52.925;45026
3;05-03-2025 00:24:07.899;05-03-2025 00:24:57.928;50029
3;05-03-2025 00:24:07.899;05-03-2025 00:25:02.935;55036
3;05-03-2025 00:24:07.899;05-03-2025 00:25:07.968;60069
1;05-03-2025 00:25:06.443;05-03-2025 00:25:11.322;4879
3;05-03-2025 00:24:07.899;05-03-2025 00:25:12.930;65031
1;05-03-2025 00:25:12.855;05-03-2025 00:25:13.961;1106
3;05-03-2025 00:24:07.899;05-03-2025 00:25:17.932;70033
3;05-03-2025 00:24:07.899;05-03-2025 00:25:22.925;75026
3;05-03-2025 00:24:07.899;05-03-2025 00:25:27.956;80057
3;05-03-2025 00:24:07.899;05-03-2025 00:25:32.950;85051
1;05-03-2025 00:25:29.199;05-03-2025 00:25:35.311;6112
3;05-03-2025 00:24:07.899;05-03-2025 00:25:37.922;90023
3;05-03-2025 00:24:07.899;05-03-2025 00:25:42.927;95028
3;05-03-2025 00:24:07.899;05-03-2025 00:25:47.933;100034
3;05-03-2025 00:24:07.899;05-03-2025 00:25:52.922;105023
3;05-03-2025 00:24:07.899;05-03-2025 00:25:57.928;110029
3;05-03-2025 00:24:07.899;05-03-2025 00:26:02.914;115015
3;05-03-2025 00:24:07.899;05-03-2025 00:26:07.935;120036
3;05-03-2025 00:24:07.899;05-03-2025 00:26:12.926;125027
3;05-03-2025 00:24:07.899;05-03-2025 00:26:17.930;130031
1;05-03-2025 00:26:13.143;05-03-2025 00:26:19.478;6335
3;05-03-2025 00:24:07.899;05-03-2025 00:26:22.936;135037
3;05-03-2025 00:24:07.899;05-03-2025 00:26:27.926;140027
3;05-03-2025 00:24:07.899;05-03-2025 00:26:32.930;145031
3;05-03-2025 00:24:07.899;05-03-2025 00:26:37.920;150021
3;05-03-2025 00:24:07.899;05-03-2025 00:26:42.923;155024
3;05-03-2025 00:24:07.899;05-03-2025 00:26:47.929;160030
3;05-03-2025 00:24:07.899;05-03-2025 00:26:52.920;165021
3;05-03-2025 00:24:07.899;05-03-2025 00:26:57.921;170022
3;05-03-2025 00:24:07.899;05-03-2025 00:27:02.927;175028
1;05-03-2025 00:26:43.827;05-03-2025 00:27:02.958;19131
3;05-03-2025 00:24:07.899;05-03-2025 00:27:07.933;180034
2;05-03-2025 00:27:04.044;05-03-2025 00:27:10.738;6694
1;05-03-2025 00:26:43.827;05-03-2025 00:27:10.898;27071
3;05-03-2025 00:24:07.899;05-03-2025 00:27:12.937;185038
3;05-03-2025 00:24:07.899;05-03-2025 00:27:17.922;190023
3;05-03-2025 00:24:07.899;05-03-2025 00:27:22.927;195028
2;05-03-2025 00:27:17.431;05-03-2025 00:27:26.734;9303
1;05-03-2025 00:26:43.827;05-03-2025 00:27:26.910;43083
3;05-03-2025 00:24:07.899;05-03-2025 00:27:27.924;200025
1;05-03-2025 00:27:26.957;05-03-2025 00:27:28.589;1632
3;05-03-2025 00:24:07.899;05-03-2025 00:27:32.931;205032
3;05-03-2025 00:24:07.899;05-03-2025 00:27:37.934;210035
3;05-03-2025 00:24:07.899;05-03-2025 00:27:42.922;215023
3;05-03-2025 00:24:07.899;05-03-2025 00:27:47.911;220012
3;05-03-2025 00:24:07.899;05-03-2025 00:27:52.933;225034
3;05-03-2025 00:24:07.899;05-03-2025 00:27:57.940;230041
3;05-03-2025 00:24:07.899;05-03-2025 00:28:02.926;235027
3;05-03-2025 00:28:17.902;05-03-2025 00:28:17.957;55
3;05-03-2025 00:28:17.902;05-03-2025 00:28:18.004;102
3;05-03-2025 00:28:17.902;05-03-2025 00:28:22.930;5028
3;05-03-2025 00:28:17.902;05-03-2025 00:28:27.918;10016
3;05-03-2025 00:28:17.902;05-03-2025 00:28:32.923;15021
3;05-03-2025 00:28:17.902;05-03-2025 00:28:37.943;20041
3;05-03-2025 00:28:17.902;05-03-2025 00:28:42.929;25027
1;05-03-2025 00:27:26.957;05-03-2025 00:28:47.195;80238
2;05-03-2025 00:28:45.138;05-03-2025 00:28:47.253;2115
3;05-03-2025 00:28:17.902;05-03-2025 00:28:47.936;30034
3;05-03-2025 00:28:17.902;05-03-2025 00:28:52.925;35023
3;05-03-2025 00:28:17.902;05-03-2025 00:28:57.931;40029
3;05-03-2025 00:29:12.900;05-03-2025 00:29:12.947;47
3;05-03-2025 00:29:12.900;05-03-2025 00:29:13.010;110
3;05-03-2025 00:29:12.900;05-03-2025 00:29:17.929;5029
1;05-03-2025 00:28:56.679;05-03-2025 00:29:22.145;25466
3;05-03-2025 00:29:12.900;05-03-2025 00:29:22.919;10019
3;05-03-2025 00:29:12.900;05-03-2025 00:29:27.951;15051
3;05-03-2025 00:29:12.900;05-03-2025 00:29:32.931;20031
3;05-03-2025 00:29:12.900;05-03-2025 00:29:37.937;25037
3;05-03-2025 00:29:12.900;05-03-2025 00:29:42.924;30024
3;05-03-2025 00:29:12.900;05-03-2025 00:29:47.930;35030
0;05-03-2025 00:29:34.332;05-03-2025 00:29:51.298;16966
3;05-03-2025 00:29:12.900;05-03-2025 00:29:52.920;40020
0;05-03-2025 00:29:34.332;05-03-2025 00:29:53.985;19653
3;05-03-2025 00:29:12.900;05-03-2025 00:29:57.926;45026
3;05-03-2025 00:29:12.900;05-03-2025 00:30:02.917;50017
1;05-03-2025 00:30:03.504;05-03-2025 00:30:05.567;2063
2;05-03-2025 00:29:52.033;05-03-2025 00:30:06.735;14702
3;05-03-2025 00:29:12.900;05-03-2025 00:30:07.932;55032
1;05-03-2025 00:30:03.504;05-03-2025 00:30:11.899;8395
2;05-03-2025 00:29:52.033;05-03-2025 00:30:12.027;19994
3;05-03-2025 00:29:12.900;05-03-2025 00:30:12.928;60028
3;05-03-2025 00:29:12.900;05-03-2025 00:30:17.933;65033
3;05-03-2025 00:29:12.900;05-03-2025 00:30:22.937;70037
3;05-03-2025 00:29:12.900;05-03-2025 00:30:27.924;75024
0;05-03-2025 00:30:09.857;05-03-2025 00:30:31.034;21177
3;05-03-2025 00:29:12.900;05-03-2025 00:30:32.929;80029
3;05-03-2025 00:29:12.900;05-03-2025 00:30:37.935;85035
3;05-03-2025 00:30:52.899;05-03-2025 00:30:52.932;33
3;05-03-2025 00:30:52.899;05-03-2025 00:30:52.982;83
1;05-03-2025 00:30:55.322;05-03-2025 00:30:56.349;1027
3;05-03-2025 00:30:52.899;05-03-2025 00:30:57.922;5023
3;05-03-2025 00:30:52.899;05-03-2025 00:31:02.914;10015
2;05-03-2025 00:31:03.322;05-03-2025 00:31:06.018;2696
3;05-03-2025 00:31:17.901;05-03-2025 00:31:17.946;45
3;05-03-2025 00:31:27.972;05-03-2025 00:31:28.040;68
3;05-03-2025 00:31:27.972;05-03-2025 00:31:28.084;112
3;05-03-2025 00:31:27.972;05-03-2025 00:31:32.932;4960
3;05-03-2025 00:31:27.972;05-03-2025 00:31:37.936;9964
3;05-03-2025 00:31:27.972;05-03-2025 00:31:42.926;14954
3;05-03-2025 00:31:27.972;05-03-2025 00:31:47.929;19957
3;05-03-2025 00:31:27.972;05-03-2025 00:31:52.933;24961
3;05-03-2025 00:31:27.972;05-03-2025 00:31:57.922;29950
3;05-03-2025 00:31:27.972;05-03-2025 00:32:02.928;34956
3;05-03-2025 00:31:27.972;05-03-2025 00:32:07.933;39961
3;05-03-2025 00:31:27.972;05-03-2025 00:32:12.925;44953
3;05-03-2025 00:31:27.972;05-03-2025 00:32:17.928;49956
3;05-03-2025 00:31:27.972;05-03-2025 00:32:22.935;54963
3;05-03-2025 00:31:27.972;05-03-2025 00:32:27.937;59965
2;05-03-2025 00:32:18.615;05-03-2025 00:32:31.799;13184
3;05-03-2025 00:31:27.972;05-03-2025 00:32:32.941;64969
3;05-03-2025 00:31:27.972;05-03-2025 00:32:37.934;69962
3;05-03-2025 00:31:27.972;05-03-2025 00:32:42.922;74950
1;05-03-2025 00:31:06.668;05-03-2025 00:32:45.763;99095
3;05-03-2025 00:31:27.972;05-03-2025 00:32:47.926;79954
2;05-03-2025 00:32:46.983;05-03-2025 00:32:50.255;3272
3;05-03-2025 00:31:27.972;05-03-2025 00:32:52.933;84961
3;05-03-2025 00:31:27.972;05-03-2025 00:32:57.935;89963
3;05-03-2025 00:31:27.972;05-03-2025 00:33:02.925;94953
3;05-03-2025 00:31:27.972;05-03-2025 00:33:07.930;99958
3;05-03-2025 00:31:27.972;05-03-2025 00:33:12.937;104965
0;05-03-2025 00:33:12.131;05-03-2025 00:33:17.311;5180
3;05-03-2025 00:31:27.972;05-03-2025 00:33:17.924;109952
3;05-03-2025 00:31:27.972;05-03-2025 00:33:22.930;114958
3;05-03-2025 00:31:27.972;05-03-2025 00:33:27.932;119960
3;05-03-2025 00:31:27.972;05-03-2025 00:33:32.965;124993
3;05-03-2025 00:31:27.972;05-03-2025 00:33:37.928;129956
3;05-03-2025 00:31:27.972;05-03-2025 00:33:42.933;134961
3;05-03-2025 00:31:27.972;05-03-2025 00:33:47.924;139952
1;05-03-2025 00:33:24.459;05-03-2025 00:33:48.061;23602
2;05-03-2025 00:33:16.634;05-03-2025 00:33:48.401;31767
3;05-03-2025 00:31:27.972;05-03-2025 00:33:52.928;144956
3;05-03-2025 00:31:27.972;05-03-2025 00:33:57.930;149958
3;05-03-2025 00:31:27.972;05-03-2025 00:34:02.923;154951
3;05-03-2025 00:31:27.972;05-03-2025 00:34:07.928;159956
3;05-03-2025 00:31:27.972;05-03-2025 00:34:12.918;164946
3;05-03-2025 00:31:27.972;05-03-2025 00:34:17.924;169952
3;05-03-2025 00:31:27.972;05-03-2025 00:34:22.945;174973
3;05-03-2025 00:31:27.972;05-03-2025 00:34:27.933;179961
3;05-03-2025 00:31:27.972;05-03-2025 00:34:32.960;184988
3;05-03-2025 00:31:27.972;05-03-2025 00:34:37.945;189973
3;05-03-2025 00:31:27.972;05-03-2025 00:34:42.932;194960
3;05-03-2025 00:34:57.902;05-03-2025 00:34:57.927;25
3;05-03-2025 00:34:57.902;05-03-2025 00:34:57.961;59
3;05-03-2025 00:34:57.902;05-03-2025 00:35:02.933;5031
3;05-03-2025 00:34:57.902;05-03-2025 00:35:07.925;10023
3;05-03-2025 00:34:57.902;05-03-2025 00:35:12.930;15028
3;05-03-2025 00:34:57.902;05-03-2025 00:35:17.943;20041
3;05-03-2025 00:34:57.902;05-03-2025 00:35:22.928;25026
3;05-03-2025 00:34:57.902;05-03-2025 00:35:27.931;30029
3;05-03-2025 00:34:57.902;05-03-2025 00:35:32.922;35020
3;05-03-2025 00:35:47.899;05-03-2025 00:35:47.942;43
0;05-03-2025 00:35:51.811;05-03-2025 00:35:52.313;502
3;05-03-2025 00:35:47.899;05-03-2025 00:35:52.926;5027
3;05-03-2025 00:35:47.899;05-03-2025 00:35:57.935;10036
3;05-03-2025 00:35:47.899;05-03-2025 00:36:02.922;15023
2;05-03-2025 00:36:02.906;05-03-2025 00:36:05.668;2762
3;05-03-2025 00:35:47.899;05-03-2025 00:36:07.926;20027
1;05-03-2025 00:36:10.164;05-03-2025 00:36:12.814;2650
3;05-03-2025 00:35:47.899;05-03-2025 00:36:12.933;25034
2;05-03-2025 00:36:11.075;05-03-2025 00:36:13.470;2395
1;05-03-2025 00:36:13.578;05-03-2025 00:36:15.789;2211
3;05-03-2025 00:35:47.899;05-03-2025 00:36:17.935;30036
3;05-03-2025 00:35:47.899;05-03-2025 00:36:22.924;35025
3;05-03-2025 00:35:47.899;05-03-2025 00:36:27.930;40031
3;05-03-2025 00:35:47.899;05-03-2025 00:36:32.938;45039
3;05-03-2025 00:35:47.899;05-03-2025 00:36:37.924;50025
3;05-03-2025 00:35:47.899;05-03-2025 00:36:42.932;55033
3;05-03-2025 00:35:47.899;05-03-2025 00:36:47.936;60037
3;05-03-2025 00:35:47.899;05-03-2025 00:36:52.913;65014
3;05-03-2025 00:35:47.899;05-03-2025 00:36:57.932;70033
3;05-03-2025 00:35:47.899;05-03-2025 00:37:02.934;75035
1;05-03-2025 00:37:04.088;05-03-2025 00:37:05.631;1543
2;05-03-2025 00:37:02.692;05-03-2025 00:37:05.839;3147
3;05-03-2025 00:35:47.899;05-03-2025 00:37:07.923;80024
1;05-03-2025 00:37:07.586;05-03-2025 00:37:08.397;811
2;05-03-2025 00:37:02.692;05-03-2025 00:37:08.615;5923
3;05-03-2025 00:35:47.899;05-03-2025 00:37:12.925;85026
3;05-03-2025 00:35:47.899;05-03-2025 00:37:17.932;90033
3;05-03-2025 00:35:47.899;05-03-2025 00:37:22.936;95037
1;05-03-2025 00:37:19.973;05-03-2025 00:37:26.766;6793
2;05-03-2025 00:37:02.692;05-03-2025 00:37:26.797;24105
3;05-03-2025 00:35:47.899;05-03-2025 00:37:27.922;100023
3;05-03-2025 00:35:47.899;05-03-2025 00:37:32.925;105026
3;05-03-2025 00:35:47.899;05-03-2025 00:37:37.926;110027
3;05-03-2025 00:35:47.899;05-03-2025 00:37:42.934;115035
3;05-03-2025 00:35:47.899;05-03-2025 00:37:47.922;120023
3;05-03-2025 00:38:02.902;05-03-2025 00:38:02.951;49
3;05-03-2025 00:38:02.902;05-03-2025 00:38:03.020;118
3;05-03-2025 00:38:02.902;05-03-2025 00:38:07.925;5023
3;05-03-2025 00:38:02.902;05-03-2025 00:38:12.932;10030
3;05-03-2025 00:38:02.902;05-03-2025 00:38:17.936;15034
3;05-03-2025 00:38:02.902;05-03-2025 00:38:22.953;20051
3;05-03-2025 00:38:02.902;05-03-2025 00:38:27.954;25052
3;05-03-2025 00:38:02.902;05-03-2025 00:38:32.933;30031
2;05-03-2025 00:38:26.612;05-03-2025 00:38:35.959;9347
3;05-03-2025 00:38:02.902;05-03-2025 00:38:37.924;35022
0;05-03-2025 00:38:31.638;05-03-2025 00:38:40.574;8936
1;05-03-2025 00:38:13.423;05-03-2025 00:38:40.654;27231
2;05-03-2025 00:38:26.612;05-03-2025 00:38:40.886;14274
3;05-03-2025 00:38:02.902;05-03-2025 00:38:42.928;40026
1;05-03-2025 00:38:43.042;05-03-2025 00:38:43.545;503
3;05-03-2025 00:38:02.902;05-03-2025 00:38:47.916;45014
1;05-03-2025 00:38:45.518;05-03-2025 00:38:48.950;3432
2;05-03-2025 00:38:41.981;05-03-2025 00:38:52.037;10056
3;05-03-2025 00:38:02.902;05-03-2025 00:38:52.922;50020
3;05-03-2025 00:38:02.902;05-03-2025 00:38:57.941;55039
1;05-03-2025 00:38:45.518;05-03-2025 00:39:01.877;16359
2;05-03-2025 00:38:54.248;05-03-2025 00:39:01.916;7668
3;05-03-2025 00:38:02.902;05-03-2025 00:39:02.930;60028
1;05-03-2025 00:38:45.518;05-03-2025 00:39:05.308;19790
2;05-03-2025 00:39:05.462;05-03-2025 00:39:05.548;86
3;05-03-2025 00:38:02.902;05-03-2025 00:39:07.965;65063
1;05-03-2025 00:39:08.539;05-03-2025 00:39:10.172;1633
2;05-03-2025 00:39:05.462;05-03-2025 00:39:10.236;4774
3;05-03-2025 00:38:02.902;05-03-2025 00:39:12.924;70022
2;05-03-2025 00:39:05.462;05-03-2025 00:39:15.160;9698
3;05-03-2025 00:38:02.902;05-03-2025 00:39:17.931;75029
3;05-03-2025 00:38:02.902;05-03-2025 00:39:22.922;80020
3;05-03-2025 00:39:37.901;05-03-2025 00:39:37.963;62
3;05-03-2025 00:39:37.901;05-03-2025 00:39:38.000;99
3;05-03-2025 00:39:37.901;05-03-2025 00:39:42.928;5027
3;05-03-2025 00:39:37.901;05-03-2025 00:39:47.935;10034
3;05-03-2025 00:39:37.901;05-03-2025 00:39:52.924;15023
3;05-03-2025 00:39:37.901;05-03-2025 00:39:57.914;20013
3;05-03-2025 00:39:37.901;05-03-2025 00:40:02.920;25019
3;05-03-2025 00:39:37.901;05-03-2025 00:40:07.927;30026
3;05-03-2025 00:39:37.901;05-03-2025 00:40:12.930;35029
3;05-03-2025 00:39:37.901;05-03-2025 00:40:17.933;40032
1;05-03-2025 00:39:15.881;05-03-2025 00:40:22.326;66445
3;05-03-2025 00:39:37.901;05-03-2025 00:40:22.925;45024
3;05-03-2025 00:39:37.901;05-03-2025 00:40:27.928;50027
3;05-03-2025 00:39:37.901;05-03-2025 00:40:32.931;55030
3;05-03-2025 00:39:37.901;05-03-2025 00:40:37.936;60035
2;05-03-2025 00:40:40.286;05-03-2025 00:40:42.263;1977
1;05-03-2025 00:39:15.881;05-03-2025 00:40:42.295;86414
0;05-03-2025 00:40:38.637;05-03-2025 00:40:42.679;4042
3;05-03-2025 00:39:37.901;05-03-2025 00:40:42.955;65054
3;05-03-2025 00:39:37.901;05-03-2025 00:40:47.929;70028
3;05-03-2025 00:39:37.901;05-03-2025 00:40:52.937;75036
3;05-03-2025 00:39:37.901;05-03-2025 00:40:57.925;80024
3;05-03-2025 00:39:37.901;05-03-2025 00:41:02.913;85012
1;05-03-2025 00:39:15.881;05-03-2025 00:41:05.482;109601
0;05-03-2025 00:40:54.309;05-03-2025 00:41:06.137;11828
3;05-03-2025 00:39:37.901;05-03-2025 00:41:07.934;90033
0;05-03-2025 00:40:54.309;05-03-2025 00:41:08.881;14572
3;05-03-2025 00:41:22.899;05-03-2025 00:41:22.936;37
3;05-03-2025 00:41:32.959;05-03-2025 00:41:33.002;43
3;05-03-2025 00:41:32.959;05-03-2025 00:41:33.068;109
3;05-03-2025 00:41:32.959;05-03-2025 00:41:37.924;4965
3;05-03-2025 00:41:32.959;05-03-2025 00:41:42.916;9957
3;05-03-2025 00:41:32.959;05-03-2025 00:41:47.936;14977
3;05-03-2025 00:41:32.959;05-03-2025 00:41:52.924;19965
3;05-03-2025 00:41:32.959;05-03-2025 00:41:57.930;24971
3;05-03-2025 00:41:32.959;05-03-2025 00:42:02.935;29976
3;05-03-2025 00:41:32.959;05-03-2025 00:42:07.927;34968
3;05-03-2025 00:41:32.959;05-03-2025 00:42:12.931;39972
1;05-03-2025 00:42:03.250;05-03-2025 00:42:16.187;12937
2;05-03-2025 00:41:53.419;05-03-2025 00:42:16.218;22799
3;05-03-2025 00:41:32.959;05-03-2025 00:42:17.937;44978
1;05-03-2025 00:42:20.616;05-03-2025 00:42:20.906;290
3;05-03-2025 00:41:32.959;05-03-2025 00:42:22.926;49967
1;05-03-2025 00:42:20.616;05-03-2025 00:42:27.238;6622
2;05-03-2025 00:42:23.789;05-03-2025 00:42:27.269;3480
0;05-03-2025 00:41:31.578;05-03-2025 00:42:27.813;56235
3;05-03-2025 00:41:32.959;05-03-2025 00:42:27.931;54972
3;05-03-2025 00:41:32.959;05-03-2025 00:42:32.936;59977
3;05-03-2025 00:41:32.959;05-03-2025 00:42:37.925;64966
3;05-03-2025 00:41:32.959;05-03-2025 00:42:42.928;69969
3;05-03-2025 00:41:32.959;05-03-2025 00:42:47.935;74976
3;05-03-2025 00:41:32.959;05-03-2025 00:42:52.925;79966
3;05-03-2025 00:41:32.959;05-03-2025 00:42:57.933;84974
2;05-03-2025 00:42:23.789;05-03-2025 00:43:02.178;38389
1;05-03-2025 00:42:54.381;05-03-2025 00:43:02.210;7829
3;05-03-2025 00:41:32.959;05-03-2025 00:43:02.936;89977
3;05-03-2025 00:41:32.959;05-03-2025 00:43:07.922;94963
1;05-03-2025 00:42:54.381;05-03-2025 00:43:09.960;15579
3;05-03-2025 00:41:32.959;05-03-2025 00:43:12.928;99969
1;05-03-2025 00:43:11.515;05-03-2025 00:43:14.650;3135
3;05-03-2025 00:41:32.959;05-03-2025 00:43:17.934;104975
1;05-03-2025 00:43:11.515;05-03-2025 00:43:21.606;10091
2;05-03-2025 00:42:23.789;05-03-2025 00:43:21.638;57849
3;05-03-2025 00:41:32.959;05-03-2025 00:43:22.923;109964
3;05-03-2025 00:41:32.959;05-03-2025 00:43:27.930;114971
3;05-03-2025 00:41:32.959;05-03-2025 00:43:32.932;119973
2;05-03-2025 00:42:23.789;05-03-2025 00:43:36.299;72510
3;05-03-2025 00:41:32.959;05-03-2025 00:43:37.944;124985
2;05-03-2025 00:42:23.789;05-03-2025 00:43:40.619;76830
1;05-03-2025 00:43:11.515;05-03-2025 00:43:40.666;29151
3;05-03-2025 00:41:32.959;05-03-2025 00:43:42.930;129971
1;05-03-2025 00:43:11.515;05-03-2025 00:43:43.050;31535
3;05-03-2025 00:41:32.959;05-03-2025 00:43:47.934;134975
1;05-03-2025 00:43:11.515;05-03-2025 00:43:50.471;38956
2;05-03-2025 00:43:51.813;05-03-2025 00:43:52.182;369
3;05-03-2025 00:41:32.959;05-03-2025 00:43:52.951;139992
1;05-03-2025 00:43:11.515;05-03-2025 00:43:56.116;44601
3;05-03-2025 00:41:32.959;05-03-2025 00:43:57.930;144971
2;05-03-2025 00:43:51.813;05-03-2025 00:44:01.121;9308
1;05-03-2025 00:43:11.515;05-03-2025 00:44:02.385;50870
3;05-03-2025 00:41:32.959;05-03-2025 00:44:02.934;149975
1;05-03-2025 00:44:03.721;05-03-2025 00:44:07.377;3656
2;05-03-2025 00:43:51.813;05-03-2025 00:44:07.553;15740
3;05-03-2025 00:41:32.959;05-03-2025 00:44:07.925;154966
2;05-03-2025 00:43:51.813;05-03-2025 00:44:10.225;18412
1;05-03-2025 00:44:03.721;05-03-2025 00:44:10.529;6808
3;05-03-2025 00:41:32.959;05-03-2025 00:44:12.934;159975
3;05-03-2025 00:41:32.959;05-03-2025 00:44:17.925;164966
1;05-03-2025 00:44:03.721;05-03-2025 00:44:19.951;16230
3;05-03-2025 00:41:32.959;05-03-2025 00:44:22.932;169973
1;05-03-2025 00:44:03.721;05-03-2025 00:44:26.110;22389
3;05-03-2025 00:41:32.959;05-03-2025 00:44:27.923;174964
3;05-03-2025 00:41:32.959;05-03-2025 00:44:32.930;179971
3;05-03-2025 00:41:32.959;05-03-2025 00:44:37.922;184963
3;05-03-2025 00:44:52.900;05-03-2025 00:44:52.953;53
3;05-03-2025 00:44:52.900;05-03-2025 00:44:52.999;99
0;05-03-2025 00:43:50.579;05-03-2025 00:44:57.520;66941
3;05-03-2025 00:44:52.900;05-03-2025 00:44:57.926;5026
3;05-03-2025 00:44:52.900;05-03-2025 00:45:02.938;10038
2;05-03-2025 00:43:51.813;05-03-2025 00:45:22.562;90749
3;05-03-2025 00:45:27.930;05-03-2025 00:45:27.972;42
3;05-03-2025 00:45:27.930;05-03-2025 00:45:28.021;91
3;05-03-2025 00:45:27.930;05-03-2025 00:45:28.078;148
1;05-03-2025 00:44:03.721;05-03-2025 00:45:29.047;85326
3;05-03-2025 00:45:27.930;05-03-2025 00:45:32.952;5022
2;05-03-2025 00:43:51.813;05-03-2025 00:45:34.735;102922
3;05-03-2025 00:45:27.930;05-03-2025 00:45:37.938;10008
3;05-03-2025 00:45:27.930;05-03-2025 00:45:42.930;15000
1;05-03-2025 00:44:03.721;05-03-2025 00:45:45.893;102172
2;05-03-2025 00:45:54.044;05-03-2025 00:45:55.345;1301
3;05-03-2025 00:45:57.901;05-03-2025 00:45:57.944;43
3;05-03-2025 00:45:57.901;05-03-2025 00:45:57.989;88
3;05-03-2025 00:45:57.901;05-03-2025 00:46:02.930;5029
3;05-03-2025 00:45:57.901;05-03-2025 00:46:07.937;10036
3;05-03-2025 00:45:57.901;05-03-2025 00:46:12.925;15024
3;05-03-2025 00:45:57.901;05-03-2025 00:46:17.929;20028
1;05-03-2025 00:46:02.639;05-03-2025 00:46:22.275;19636
3;05-03-2025 00:45:57.901;05-03-2025 00:46:22.921;25020
3;05-03-2025 00:45:57.901;05-03-2025 00:46:27.925;30024
3;05-03-2025 00:45:57.901;05-03-2025 00:46:32.928;35027
3;05-03-2025 00:45:57.901;05-03-2025 00:46:37.935;40034
0;05-03-2025 00:45:59.858;05-03-2025 00:46:38.905;39047
1;05-03-2025 00:46:02.639;05-03-2025 00:46:39.065;36426
3;05-03-2025 00:45:57.901;05-03-2025 00:46:42.921;45020
3;05-03-2025 00:45:57.901;05-03-2025 00:46:47.926;50025
3;05-03-2025 00:45:57.901;05-03-2025 00:46:52.919;55018
3;05-03-2025 00:45:57.901;05-03-2025 00:46:57.937;60036
2;05-03-2025 00:46:59.850;05-03-2025 00:47:01.255;1405
3;05-03-2025 00:45:57.901;05-03-2025 00:47:02.942;65041
3;05-03-2025 00:45:57.901;05-03-2025 00:47:07.945;70044
0;05-03-2025 00:46:41.337;05-03-2025 00:47:11.104;29767
3;05-03-2025 00:45:57.901;05-03-2025 00:47:12.935;75034
3;05-03-2025 00:45:57.901;05-03-2025 00:47:17.922;80021
2;05-03-2025 00:46:59.850;05-03-2025 00:47:18.506;18656
1;05-03-2025 00:46:02.639;05-03-2025 00:47:23.323;80684
2;05-03-2025 00:46:59.850;05-03-2025 00:47:25.579;25729
3;05-03-2025 00:47:32.900;05-03-2025 00:47:32.941;41
3;05-03-2025 00:47:32.900;05-03-2025 00:47:32.987;87
3;05-03-2025 00:47:32.900;05-03-2025 00:47:37.925;5025
2;05-03-2025 00:46:59.850;05-03-2025 00:47:41.610;41760
3;05-03-2025 00:47:32.900;05-03-2025 00:47:42.927;10027
2;05-03-2025 00:46:59.850;05-03-2025 00:47:45.178;45328
3;05-03-2025 00:47:32.900;05-03-2025 00:47:47.933;15033
1;05-03-2025 00:46:02.639;05-03-2025 00:47:52.022;109383
3;05-03-2025 00:48:02.903;05-03-2025 00:48:02.952;49
3;05-03-2025 00:48:02.903;05-03-2025 00:48:03.014;111
3;05-03-2025 00:48:02.903;05-03-2025 00:48:07.925;5022
3;05-03-2025 00:48:02.903;05-03-2025 00:48:12.931;10028
3;05-03-2025 00:48:02.903;05-03-2025 00:48:17.920;15017
3;05-03-2025 00:48:02.903;05-03-2025 00:48:22.938;20035
2;05-03-2025 00:48:25.043;05-03-2025 00:48:26.705;1662
3;05-03-2025 00:48:02.903;05-03-2025 00:48:27.952;25049
3;05-03-2025 00:48:02.903;05-03-2025 00:48:32.934;30031
3;05-03-2025 00:48:02.903;05-03-2025 00:48:37.925;35022
3;05-03-2025 00:48:02.903;05-03-2025 00:48:42.930;40027
3;05-03-2025 00:48:02.903;05-03-2025 00:48:47.934;45031
2;05-03-2025 00:48:25.043;05-03-2025 00:48:50.281;25238
1;05-03-2025 00:46:02.639;05-03-2025 00:48:52.541;169902
3;05-03-2025 00:48:02.903;05-03-2025 00:48:52.922;50019
3;05-03-2025 00:48:02.903;05-03-2025 00:48:57.929;55026
3;05-03-2025 00:48:02.903;05-03-2025 00:49:02.933;60030
3;05-03-2025 00:48:02.903;05-03-2025 00:49:07.922;65019
3;05-03-2025 00:48:02.903;05-03-2025 00:49:12.927;70024
1;05-03-2025 00:48:57.083;05-03-2025 00:49:13.129;16046
3;05-03-2025 00:48:02.903;05-03-2025 00:49:17.932;75029
1;05-03-2025 00:48:57.083;05-03-2025 00:49:17.989;20906
3;05-03-2025 00:48:02.903;05-03-2025 00:49:22.919;80016
2;05-03-2025 00:49:08.143;05-03-2025 00:49:26.544;18401
3;05-03-2025 00:48:02.903;05-03-2025 00:49:27.926;85023
3;05-03-2025 00:48:02.903;05-03-2025 00:49:32.931;90028
3;05-03-2025 00:48:02.903;05-03-2025 00:49:37.937;95034
1;05-03-2025 00:48:57.083;05-03-2025 00:49:39.370;42287
3;05-03-2025 00:48:02.903;05-03-2025 00:49:42.931;100028
1;05-03-2025 00:48:57.083;05-03-2025 00:49:43.142;46059
3;05-03-2025 00:48:02.903;05-03-2025 00:49:47.928;105025
1;05-03-2025 00:48:57.083;05-03-2025 00:49:48.673;51590
3;05-03-2025 00:48:02.903;05-03-2025 00:49:52.931;110028
3;05-03-2025 00:48:02.903;05-03-2025 00:49:57.939;115036
3;05-03-2025 00:48:02.903;05-03-2025 00:50:02.932;120029
1;05-03-2025 00:49:53.720;05-03-2025 00:50:06.872;13152
3;05-03-2025 00:48:02.903;05-03-2025 00:50:07.934;125031
1;05-03-2025 00:50:12.485;05-03-2025 00:50:12.550;65
3;05-03-2025 00:48:02.903;05-03-2025 00:50:12.924;130021
1;05-03-2025 00:50:12.485;05-03-2025 00:50:17.108;4623
3;05-03-2025 00:48:02.903;05-03-2025 00:50:17.929;135026
3;05-03-2025 00:48:02.903;05-03-2025 00:50:22.929;140026
3;05-03-2025 00:48:02.903;05-03-2025 00:50:27.936;145033
3;05-03-2025 00:48:02.903;05-03-2025 00:50:32.962;150059
0;05-03-2025 00:50:21.924;05-03-2025 00:50:34.071;12147
1;05-03-2025 00:50:12.485;05-03-2025 00:50:35.750;23265
3;05-03-2025 00:48:02.903;05-03-2025 00:50:37.933;155030
3;05-03-2025 00:48:02.903;05-03-2025 00:50:42.923;160020
3;05-03-2025 00:48:02.903;05-03-2025 00:50:47.930;165027
3;05-03-2025 00:48:02.903;05-03-2025 00:50:52.934;170031
2;05-03-2025 00:50:56.458;05-03-2025 00:50:57.536;1078
3;05-03-2025 00:48:02.903;05-03-2025 00:50:57.924;175021
3;05-03-2025 00:48:02.903;05-03-2025 00:51:02.928;180025
3;05-03-2025 00:48:02.903;05-03-2025 00:51:07.933;185030
1;05-03-2025 00:50:41.718;05-03-2025 00:51:10.136;28418
3;05-03-2025 00:48:02.903;05-03-2025 00:51:12.924;190021
2;05-03-2025 00:50:56.458;05-03-2025 00:51:15.480;19022
3;05-03-2025 00:48:02.903;05-03-2025 00:51:17.930;195027
3;05-03-2025 00:48:02.903;05-03-2025 00:51:22.937;200034
3;05-03-2025 00:48:02.903;05-03-2025 00:51:27.925;205022
3;05-03-2025 00:48:02.903;05-03-2025 00:51:32.930;210027
1;05-03-2025 00:50:41.718;05-03-2025 00:51:33.341;51623
3;05-03-2025 00:48:02.903;05-03-2025 00:51:37.924;215021
1;05-03-2025 00:50:41.718;05-03-2025 00:51:41.209;59491
1;05-03-2025 00:50:41.718;05-03-2025 00:51:42.985;61267
1;05-03-2025 00:50:41.718;05-03-2025 00:51:47.992;66274
2;05-03-2025 00:51:33.778;05-03-2025 00:51:50.996;17218
3;05-03-2025 00:51:52.902;05-03-2025 00:51:52.953;51
1;05-03-2025 00:50:41.718;05-03-2025 00:51:52.980;71262
3;05-03-2025 00:51:52.902;05-03-2025 00:51:53.000;98
2;05-03-2025 00:51:33.778;05-03-2025 00:51:53.317;19539
3;05-03-2025 00:51:52.902;05-03-2025 00:51:57.926;5024
0;05-03-2025 00:52:00.501;05-03-2025 00:52:02.737;2236
3;05-03-2025 00:51:52.902;05-03-2025 00:52:02.935;10033
3;05-03-2025 00:51:52.902;05-03-2025 00:52:07.922;15020
1;05-03-2025 00:50:41.718;05-03-2025 00:52:08.058;86340
2;05-03-2025 00:51:59.735;05-03-2025 00:52:11.176;11441
0;05-03-2025 00:52:00.501;05-03-2025 00:52:11.416;10915
3;05-03-2025 00:51:52.902;05-03-2025 00:52:12.926;20024
3;05-03-2025 00:51:52.902;05-03-2025 00:52:17.934;25032
1;05-03-2025 00:50:41.718;05-03-2025 00:52:21.516;99798
3;05-03-2025 00:51:52.902;05-03-2025 00:52:22.942;30040
1;05-03-2025 00:50:41.718;05-03-2025 00:52:26.015;104297
3;05-03-2025 00:51:52.902;05-03-2025 00:52:27.924;35022
3;05-03-2025 00:51:52.902;05-03-2025 00:52:32.930;40028
1;05-03-2025 00:52:34.549;05-03-2025 00:52:35.658;1109
3;05-03-2025 00:51:52.902;05-03-2025 00:52:37.920;45018
1;05-03-2025 00:52:41.417;05-03-2025 00:52:41.707;290
3;05-03-2025 00:51:52.902;05-03-2025 00:52:42.928;50026
3;05-03-2025 00:51:52.902;05-03-2025 00:52:47.933;55031
1;05-03-2025 00:52:41.417;05-03-2025 00:52:48.115;6698
2;05-03-2025 00:52:39.181;05-03-2025 00:52:49.542;10361
3;05-03-2025 00:51:52.902;05-03-2025 00:52:52.935;60033
3;05-03-2025 00:51:52.902;05-03-2025 00:52:57.923;65021
2;05-03-2025 00:52:39.181;05-03-2025 00:53:01.386;22205
3;05-03-2025 00:51:52.902;05-03-2025 00:53:02.926;70024
3;05-03-2025 00:51:52.902;05-03-2025 00:53:07.933;75031
0;05-03-2025 00:52:47.595;05-03-2025 00:53:12.790;25195
3;05-03-2025 00:51:52.902;05-03-2025 00:53:12.924;80022
2;05-03-2025 00:52:39.181;05-03-2025 00:53:15.126;35945
3;05-03-2025 00:51:52.902;05-03-2025 00:53:17.930;85028
2;05-03-2025 00:52:39.181;05-03-2025 00:53:20.928;41747
3;05-03-2025 00:51:52.902;05-03-2025 00:53:22.934;90032
0;05-03-2025 00:52:47.595;05-03-2025 00:53:26.333;38738
1;05-03-2025 00:52:41.417;05-03-2025 00:53:26.717;45300
3;05-03-2025 00:51:52.902;05-03-2025 00:53:27.924;95022
1;05-03-2025 00:52:41.417;05-03-2025 00:53:31.978;50561
3;05-03-2025 00:51:52.902;05-03-2025 00:53:32.928;100026
1;05-03-2025 00:52:41.417;05-03-2025 00:53:34.410;52993
3;05-03-2025 00:51:52.902;05-03-2025 00:53:37.936;105034
2;05-03-2025 00:53:22.740;05-03-2025 00:53:41.474;18734
3;05-03-2025 00:51:52.902;05-03-2025 00:53:42.924;110022
1;05-03-2025 00:52:41.417;05-03-2025 00:53:45.422;64005
2;05-03-2025 00:53:22.740;05-03-2025 00:53:45.813;23073
3;05-03-2025 00:51:52.902;05-03-2025 00:53:47.929;115027
1;05-03-2025 00:52:41.417;05-03-2025 00:53:48.020;66603
0;05-03-2025 00:52:47.595;05-03-2025 00:53:50.355;62760
3;05-03-2025 00:51:52.902;05-03-2025 00:53:52.934;120032
0;05-03-2025 00:52:47.595;05-03-2025 00:53:53.503;65908
1;05-03-2025 00:53:49.225;05-03-2025 00:53:55.583;6358
3;05-03-2025 00:51:52.902;05-03-2025 00:53:57.952;125050
0;05-03-2025 00:53:57.236;05-03-2025 00:53:58.012;776
2;05-03-2025 00:53:53.411;05-03-2025 00:53:58.070;4659
1;05-03-2025 00:53:49.225;05-03-2025 00:54:00.588;11363
3;05-03-2025 00:51:52.902;05-03-2025 00:54:02.966;130064
3;05-03-2025 00:51:52.902;05-03-2025 00:54:07.934;135032
3;05-03-2025 00:51:52.902;05-03-2025 00:54:12.940;140038
3;05-03-2025 00:51:52.902;05-03-2025 00:54:17.915;145013
3;05-03-2025 00:51:52.902;05-03-2025 00:54:22.937;150035
3;05-03-2025 00:51:52.902;05-03-2025 00:54:27.929;155027
2;05-03-2025 00:53:53.411;05-03-2025 00:54:30.502;37091
3;05-03-2025 00:51:52.902;05-03-2025 00:54:32.913;160011
3;05-03-2025 00:51:52.902;05-03-2025 00:54:37.935;165033
1;05-03-2025 00:53:49.225;05-03-2025 00:54:38.056;48831
2;05-03-2025 00:53:53.411;05-03-2025 00:54:40.760;47349
3;05-03-2025 00:51:52.902;05-03-2025 00:54:42.926;170024
3;05-03-2025 00:51:52.902;05-03-2025 00:54:47.930;175028
2;05-03-2025 00:53:53.411;05-03-2025 00:54:50.836;57425
3;05-03-2025 00:51:52.902;05-03-2025 00:54:52.933;180031
2;05-03-2025 00:53:53.411;05-03-2025 00:54:55.743;62332
1;05-03-2025 00:53:49.225;05-03-2025 00:54:55.903;66678
3;05-03-2025 00:51:52.902;05-03-2025 00:54:57.925;185023
2;05-03-2025 00:55:01.744;05-03-2025 00:55:01.851;107
1;05-03-2025 00:53:49.225;05-03-2025 00:55:05.212;75987
3;05-03-2025 00:55:12.909;05-03-2025 00:55:12.955;46
3;05-03-2025 00:55:12.909;05-03-2025 00:55:12.986;77
2;05-03-2025 00:55:01.744;05-03-2025 00:55:15.567;13823
3;05-03-2025 00:55:12.909;05-03-2025 00:55:17.932;5023
2;05-03-2025 00:55:01.744;05-03-2025 00:55:18.302;16558
3;05-03-2025 00:55:12.909;05-03-2025 00:55:22.939;10030
3;05-03-2025 00:55:12.909;05-03-2025 00:55:27.925;15016
0;05-03-2025 00:55:32.015;05-03-2025 00:55:32.486;471
3;05-03-2025 00:55:12.909;05-03-2025 00:55:32.929;20020
1;05-03-2025 00:53:49.225;05-03-2025 00:55:35.659;106434
3;05-03-2025 00:55:12.909;05-03-2025 00:55:37.937;25028
1;05-03-2025 00:53:49.225;05-03-2025 00:55:40.630;111405
3;05-03-2025 00:55:12.909;05-03-2025 00:55:42.956;30047
1;05-03-2025 00:53:49.225;05-03-2025 00:55:45.172;115947
2;05-03-2025 00:55:38.109;05-03-2025 00:55:45.380;7271
3;05-03-2025 00:55:12.909;05-03-2025 00:55:47.927;35018
1;05-03-2025 00:53:49.225;05-03-2025 00:55:50.544;121319
3;05-03-2025 00:55:12.909;05-03-2025 00:55:52.917;40008
1;05-03-2025 00:53:49.225;05-03-2025 00:55:53.695;124470
2;05-03-2025 00:55:38.109;05-03-2025 00:55:55.343;17234
3;05-03-2025 00:55:12.909;05-03-2025 00:55:57.939;45030
2;05-03-2025 00:55:38.109;05-03-2025 00:56:00.995;22886
3;05-03-2025 00:55:12.909;05-03-2025 00:56:02.931;50022
3;05-03-2025 00:55:12.909;05-03-2025 00:56:07.933;55024
3;05-03-2025 00:55:12.909;05-03-2025 00:56:12.938;60029
2;05-03-2025 00:55:38.109;05-03-2025 00:56:13.843;35734
3;05-03-2025 00:55:12.909;05-03-2025 00:56:17.927;65018
3;05-03-2025 00:55:12.909;05-03-2025 00:56:22.915;70006
3;05-03-2025 00:55:12.909;05-03-2025 00:56:27.936;75027
3;05-03-2025 00:55:12.909;05-03-2025 00:56:32.926;80017
2;05-03-2025 00:56:26.870;05-03-2025 00:56:33.847;6977
1;05-03-2025 00:53:49.225;05-03-2025 00:56:35.892;166667
3;05-03-2025 00:55:12.909;05-03-2025 00:56:37.929;85020
3;05-03-2025 00:55:12.909;05-03-2025 00:56:42.934;90025
1;05-03-2025 00:53:49.225;05-03-2025 00:56:43.393;174168
3;05-03-2025 00:55:12.909;05-03-2025 00:56:47.929;95020
3;05-03-2025 00:55:12.909;05-03-2025 00:56:52.930;100021
1;05-03-2025 00:53:49.225;05-03-2025 00:56:55.277;186052
2;05-03-2025 00:56:26.870;05-03-2025 00:56:56.010;29140
3;05-03-2025 00:55:12.909;05-03-2025 00:56:57.937;105028
2;05-03-2025 00:56:26.870;05-03-2025 00:57:00.898;34028
3;05-03-2025 00:55:12.909;05-03-2025 00:57:02.923;110014
1;05-03-2025 00:53:49.225;05-03-2025 00:57:04.773;195548
2;05-03-2025 00:56:26.870;05-03-2025 00:57:06.995;40125
3;05-03-2025 00:55:12.909;05-03-2025 00:57:07.929;115020
1;05-03-2025 00:53:49.225;05-03-2025 00:57:09.091;199866
3;05-03-2025 00:55:12.909;05-03-2025 00:57:12.936;120027
0;05-03-2025 00:57:11.591;05-03-2025 00:57:17.621;6030
3;05-03-2025 00:55:12.909;05-03-2025 00:57:17.924;125015
1;05-03-2025 00:53:49.225;05-03-2025 00:57:21.191;211966
3;05-03-2025 00:55:12.909;05-03-2025 00:57:22.926;130017
1;05-03-2025 00:53:49.225;05-03-2025 00:57:23.544;214319
3;05-03-2025 00:55:12.909;05-03-2025 00:57:27.931;135022
1;05-03-2025 00:53:49.225;05-03-2025 00:57:30.500;221275
3;05-03-2025 00:55:12.909;05-03-2025 00:57:32.918;140009
3;05-03-2025 00:55:12.909;05-03-2025 00:57:37.921;145012
3;05-03-2025 00:55:12.909;05-03-2025 00:57:42.930;150021
2;05-03-2025 00:56:26.870;05-03-2025 00:57:45.484;78614
3;05-03-2025 00:55:12.909;05-03-2025 00:57:47.933;155024
2;05-03-2025 00:57:47.532;05-03-2025 00:57:49.623;2091
3;05-03-2025 00:55:12.909;05-03-2025 00:57:52.925;160016
3;05-03-2025 00:55:12.909;05-03-2025 00:57:57.928;165019
2;05-03-2025 00:57:47.532;05-03-2025 00:58:00.643;13111
3;05-03-2025 00:55:12.909;05-03-2025 00:58:02.932;170023
1;05-03-2025 00:58:03.920;05-03-2025 00:58:04.974;1054
2;05-03-2025 00:57:47.532;05-03-2025 00:58:05.194;17662
3;05-03-2025 00:55:12.909;05-03-2025 00:58:07.936;175027
1;05-03-2025 00:58:03.920;05-03-2025 00:58:08.090;4170
2;05-03-2025 00:57:47.532;05-03-2025 00:58:10.438;22906
3;05-03-2025 00:55:12.909;05-03-2025 00:58:12.927;180018
1;05-03-2025 00:58:03.920;05-03-2025 00:58:13.352;9432
3;05-03-2025 00:55:12.909;05-03-2025 00:58:17.932;185023
1;05-03-2025 00:58:03.920;05-03-2025 00:58:20.819;16899
3;05-03-2025 00:55:12.909;05-03-2025 00:58:22.936;190027
3;05-03-2025 00:55:12.909;05-03-2025 00:58:27.927;195018
3;05-03-2025 00:55:12.909;05-03-2025 00:58:32.932;200023
1;05-03-2025 00:58:03.920;05-03-2025 00:58:37.340;33420
3;05-03-2025 00:55:12.909;05-03-2025 00:58:37.921;205012
1;05-03-2025 00:58:03.920;05-03-2025 00:58:41.207;37287
3;05-03-2025 00:55:12.909;05-03-2025 00:58:42.925;210016
1;05-03-2025 00:58:03.920;05-03-2025 00:58:43.539;39619
2;05-03-2025 00:57:47.532;05-03-2025 00:58:45.143;57611
3;05-03-2025 00:55:12.909;05-03-2025 00:58:47.928;215019
1;05-03-2025 00:58:03.920;05-03-2025 00:58:50.307;46387
3;05-03-2025 00:55:12.909;05-03-2025 00:58:52.937;220028
1;05-03-2025 00:58:03.920;05-03-2025 00:58:57.674;53754
2;05-03-2025 00:57:47.532;05-03-2025 00:58:57.694;70162
3;05-03-2025 00:55:12.909;05-03-2025 00:58:57.924;225015
3;05-03-2025 00:55:12.909;05-03-2025 00:59:02.926;230017
3;05-03-2025 00:55:12.909;05-03-2025 00:59:07.934;235025
3;05-03-2025 00:55:12.909;05-03-2025 00:59:12.922;240013
3;05-03-2025 00:55:12.909;05-03-2025 00:59:17.927;245018
3;05-03-2025 00:55:12.909;05-03-2025 00:59:22.933;250024
3;05-03-2025 00:55:12.909;05-03-2025 00:59:27.937;255028
3;05-03-2025 00:55:12.909;05-03-2025 00:59:32.921;260012
3;05-03-2025 00:55:12.909;05-03-2025 00:59:37.929;265020
3;05-03-2025 00:55:12.909;05-03-2025 00:59:42.916;270007
3;05-03-2025 00:55:12.909;05-03-2025 00:59:47.937;275028
3;05-03-2025 00:55:12.909;05-03-2025 00:59:52.925;280016
3;05-03-2025 00:55:12.909;05-03-2025 00:59:57.930;285021
3;05-03-2025 00:55:12.909;05-03-2025 01:00:02.933;290024
1;05-03-2025 00:58:03.920;05-03-2025 01:00:06.758;122838
2;05-03-2025 00:57:47.532;05-03-2025 01:00:07.611;140079
3;05-03-2025 00:55:12.909;05-03-2025 01:00:07.940;295031
2;05-03-2025 01:00:07.786;05-03-2025 01:00:10.397;2611
0;05-03-2025 01:00:07.180;05-03-2025 01:00:11.769;4589
3;05-03-2025 00:55:12.909;05-03-2025 01:00:12.928;300019
3;05-03-2025 00:55:12.909;05-03-2025 01:00:17.947;305038
0;05-03-2025 01:00:20.788;05-03-2025 01:00:21.414;626
1;05-03-2025 01:00:10.993;05-03-2025 01:00:21.702;10709
2;05-03-2025 01:00:07.786;05-03-2025 01:00:21.974;14188
3;05-03-2025 00:55:12.909;05-03-2025 01:00:22.925;310016
3;05-03-2025 00:55:12.909;05-03-2025 01:00:27.930;315021
3;05-03-2025 00:55:12.909;05-03-2025 01:00:32.932;320023
2;05-03-2025 01:00:24.158;05-03-2025 01:00:36.966;12808
3;05-03-2025 00:55:12.909;05-03-2025 01:00:37.939;325030
3;05-03-2025 00:55:12.909;05-03-2025 01:00:42.927;330018
0;05-03-2025 01:00:41.025;05-03-2025 01:00:46.298;5273
3;05-03-2025 00:55:12.909;05-03-2025 01:00:47.936;335027
3;05-03-2025 00:55:12.909;05-03-2025 01:00:52.926;340017
2;05-03-2025 01:00:40.727;05-03-2025 01:00:56.826;16099
1;05-03-2025 01:00:47.632;05-03-2025 01:00:56.840;9208
3;05-03-2025 00:55:12.909;05-03-2025 01:00:57.926;345017
0;05-03-2025 01:00:41.025;05-03-2025 01:01:00.449;19424
2;05-03-2025 01:00:40.727;05-03-2025 01:01:01.248;20521
1;05-03-2025 01:00:47.632;05-03-2025 01:01:01.312;13680
3;05-03-2025 00:55:12.909;05-03-2025 01:01:02.937;350028
1;05-03-2025 01:00:47.632;05-03-2025 01:01:03.392;15760
0;05-03-2025 01:01:04.566;05-03-2025 01:01:06.364;1798
3;05-03-2025 00:55:12.909;05-03-2025 01:01:07.937;355028
1;05-03-2025 01:00:47.632;05-03-2025 01:01:12.216;24584
2;05-03-2025 01:01:02.215;05-03-2025 01:01:12.247;10032
3;05-03-2025 00:55:12.909;05-03-2025 01:01:12.924;360015
3;05-03-2025 00:55:12.909;05-03-2025 01:01:17.932;365023
1;05-03-2025 01:00:47.632;05-03-2025 01:01:22.836;35204
3;05-03-2025 00:55:12.909;05-03-2025 01:01:22.921;370012
2;05-03-2025 01:01:25.303;05-03-2025 01:01:26.531;1228
3;05-03-2025 00:55:12.909;05-03-2025 01:01:27.929;375020
3;05-03-2025 00:55:12.909;05-03-2025 01:01:32.934;380025
2;05-03-2025 01:01:25.303;05-03-2025 01:01:35.696;10393
3;05-03-2025 00:55:12.909;05-03-2025 01:01:37.925;385016
2;05-03-2025 01:01:25.303;05-03-2025 01:01:42.646;17343
1;05-03-2025 01:00:47.632;05-03-2025 01:01:42.778;55146
3;05-03-2025 00:55:12.909;05-03-2025 01:01:42.930;390021
2;05-03-2025 01:01:25.303;05-03-2025 01:01:45.456;20153
1;05-03-2025 01:00:47.632;05-03-2025 01:01:45.818;58186
3;05-03-2025 00:55:12.909;05-03-2025 01:01:47.934;395025
0;05-03-2025 01:01:04.566;05-03-2025 01:01:50.298;45732
2;05-03-2025 01:01:25.303;05-03-2025 01:01:50.472;25169
1;05-03-2025 01:00:47.632;05-03-2025 01:01:51.368;63736
3;05-03-2025 00:55:12.909;05-03-2025 01:01:52.926;400017
1;05-03-2025 01:00:47.632;05-03-2025 01:01:53.176;65544
3;05-03-2025 00:55:12.909;05-03-2025 01:01:57.929;405020
2;05-03-2025 01:01:25.303;05-03-2025 01:02:01.262;35959
1;05-03-2025 01:00:47.632;05-03-2025 01:02:01.843;74211
3;05-03-2025 00:55:12.909;05-03-2025 01:02:02.921;410012
3;05-03-2025 00:55:12.909;05-03-2025 01:02:07.925;415016
3;05-03-2025 01:02:22.904;05-03-2025 01:02:22.958;54
3;05-03-2025 01:02:22.904;05-03-2025 01:02:23.005;101
3;05-03-2025 01:02:22.904;05-03-2025 01:02:27.930;5026
3;05-03-2025 01:02:22.904;05-03-2025 01:02:32.936;10032
3;05-03-2025 01:02:22.904;05-03-2025 01:02:37.923;15019
2;05-03-2025 01:01:25.303;05-03-2025 01:02:42.716;77413
3;05-03-2025 01:02:22.904;05-03-2025 01:02:42.930;20026
2;05-03-2025 01:01:25.303;05-03-2025 01:02:46.198;80895
3;05-03-2025 01:02:22.904;05-03-2025 01:02:47.936;25032
2;05-03-2025 01:01:25.303;05-03-2025 01:02:50.809;85506
3;05-03-2025 01:02:22.904;05-03-2025 01:02:52.940;30036
1;05-03-2025 01:00:47.632;05-03-2025 01:02:56.608;128976
2;05-03-2025 01:01:25.303;05-03-2025 01:02:56.672;91369
3;05-03-2025 01:02:22.904;05-03-2025 01:02:57.924;35020
3;05-03-2025 01:02:22.904;05-03-2025 01:03:02.932;40028
1;05-03-2025 01:00:47.632;05-03-2025 01:03:05.582;137950
3;05-03-2025 01:02:22.904;05-03-2025 01:03:07.925;45021
2;05-03-2025 01:01:25.303;05-03-2025 01:03:10.614;105311
3;05-03-2025 01:02:22.904;05-03-2025 01:03:12.926;50022
3;05-03-2025 01:03:27.902;05-03-2025 01:03:27.943;41
3;05-03-2025 01:03:37.965;05-03-2025 01:03:38.001;36
3;05-03-2025 01:03:37.965;05-03-2025 01:03:38.032;67
3;05-03-2025 01:03:37.965;05-03-2025 01:03:42.929;4964
3;05-03-2025 01:03:37.965;05-03-2025 01:03:47.933;9968
3;05-03-2025 01:03:37.965;05-03-2025 01:03:52.923;14958
2;05-03-2025 01:01:25.303;05-03-2025 01:04:17.107;171804
1;05-03-2025 01:00:47.632;05-03-2025 01:04:17.266;209634
3;05-03-2025 01:04:17.934;05-03-2025 01:04:17.976;42
3;05-03-2025 01:04:17.934;05-03-2025 01:04:18.028;94
3;05-03-2025 01:04:17.934;05-03-2025 01:04:18.079;145
3;05-03-2025 01:04:17.934;05-03-2025 01:04:22.936;5002
3;05-03-2025 01:04:17.934;05-03-2025 01:04:27.941;10007
3;05-03-2025 01:04:17.934;05-03-2025 01:04:32.927;14993
3;05-03-2025 01:04:17.934;05-03-2025 01:04:37.936;20002
3;05-03-2025 01:04:17.934;05-03-2025 01:04:42.926;24992
1;05-03-2025 01:00:47.632;05-03-2025 01:04:44.502;236870
3;05-03-2025 01:04:17.934;05-03-2025 01:04:47.932;29998
3;05-03-2025 01:04:17.934;05-03-2025 01:04:52.931;34997
1;05-03-2025 01:04:56.566;05-03-2025 01:04:56.619;53
3;05-03-2025 01:04:17.934;05-03-2025 01:04:57.937;40003
3;05-03-2025 01:04:17.934;05-03-2025 01:05:02.943;45009
2;05-03-2025 01:05:03.821;05-03-2025 01:05:06.949;3128
3;05-03-2025 01:04:17.934;05-03-2025 01:05:07.932;49998
2;05-03-2025 01:05:03.821;05-03-2025 01:05:08.613;4792
1;05-03-2025 01:04:56.566;05-03-2025 01:05:09.685;13119
3;05-03-2025 01:04:17.934;05-03-2025 01:05:12.968;55034
1;05-03-2025 01:04:56.566;05-03-2025 01:05:15.948;19382
2;05-03-2025 01:05:03.821;05-03-2025 01:05:16.387;12566
3;05-03-2025 01:04:17.934;05-03-2025 01:05:17.928;59994
3;05-03-2025 01:04:17.934;05-03-2025 01:05:22.933;64999
3;05-03-2025 01:04:17.934;05-03-2025 01:05:27.926;69992
3;05-03-2025 01:04:17.934;05-03-2025 01:05:32.928;74994
1;05-03-2025 01:04:56.566;05-03-2025 01:05:36.836;40270
3;05-03-2025 01:04:17.934;05-03-2025 01:05:37.930;79996
3;05-03-2025 01:04:17.934;05-03-2025 01:05:42.937;85003
3;05-03-2025 01:04:17.934;05-03-2025 01:05:47.925;89991
3;05-03-2025 01:04:17.934;05-03-2025 01:05:52.928;94994
3;05-03-2025 01:06:07.904;05-03-2025 01:06:07.962;58
3;05-03-2025 01:06:07.904;05-03-2025 01:06:08.008;104
3;05-03-2025 01:06:07.904;05-03-2025 01:06:12.935;5031
3;05-03-2025 01:06:07.904;05-03-2025 01:06:17.923;10019
3;05-03-2025 01:06:07.904;05-03-2025 01:06:22.928;15024
2;05-03-2025 01:05:55.885;05-03-2025 01:06:25.434;29549
3;05-03-2025 01:06:07.904;05-03-2025 01:06:27.933;20029
1;05-03-2025 01:05:41.492;05-03-2025 01:06:31.268;49776
3;05-03-2025 01:06:07.904;05-03-2025 01:06:32.920;25016
1;05-03-2025 01:05:41.492;05-03-2025 01:06:35.742;54250
3;05-03-2025 01:06:07.904;05-03-2025 01:06:37.945;30041
3;05-03-2025 01:06:07.904;05-03-2025 01:06:42.931;35027
3;05-03-2025 01:06:57.909;05-03-2025 01:06:57.955;46
3;05-03-2025 01:06:57.909;05-03-2025 01:06:57.992;83
1;05-03-2025 01:06:45.347;05-03-2025 01:07:01.568;16221
2;05-03-2025 01:07:00.137;05-03-2025 01:07:01.712;1575
3;05-03-2025 01:06:57.909;05-03-2025 01:07:02.934;5025
3;05-03-2025 01:06:57.909;05-03-2025 01:07:07.942;10033
2;05-03-2025 01:07:00.137;05-03-2025 01:07:11.079;10942
1;05-03-2025 01:06:45.347;05-03-2025 01:07:11.948;26601
3;05-03-2025 01:06:57.909;05-03-2025 01:07:12.928;15019
3;05-03-2025 01:06:57.909;05-03-2025 01:07:17.933;20024
3;05-03-2025 01:06:57.909;05-03-2025 01:07:22.924;25015
3;05-03-2025 01:06:57.909;05-03-2025 01:07:27.927;30018
3;05-03-2025 01:06:57.909;05-03-2025 01:07:32.933;35024
3;05-03-2025 01:06:57.909;05-03-2025 01:07:37.921;40012
3;05-03-2025 01:06:57.909;05-03-2025 01:07:42.927;45018
3;05-03-2025 01:06:57.909;05-03-2025 01:07:47.931;50022
3;05-03-2025 01:06:57.909;05-03-2025 01:07:52.935;55026
2;05-03-2025 01:07:53.216;05-03-2025 01:07:53.234;18
3;05-03-2025 01:06:57.909;05-03-2025 01:07:57.940;60031
3;05-03-2025 01:06:57.909;05-03-2025 01:08:02.925;65016
3;05-03-2025 01:06:57.909;05-03-2025 01:08:07.935;70026
3;05-03-2025 01:06:57.909;05-03-2025 01:08:12.925;75016
3;05-03-2025 01:06:57.909;05-03-2025 01:08:17.929;80020
2;05-03-2025 01:08:19.501;05-03-2025 01:08:21.280;1779
3;05-03-2025 01:06:57.909;05-03-2025 01:08:22.933;85024
2;05-03-2025 01:08:19.501;05-03-2025 01:08:25.182;5681
3;05-03-2025 01:06:57.909;05-03-2025 01:08:27.936;90027
1;05-03-2025 01:08:03.889;05-03-2025 01:08:29.386;25497
3;05-03-2025 01:06:57.909;05-03-2025 01:08:32.923;95014
3;05-03-2025 01:06:57.909;05-03-2025 01:08:37.932;100023
2;05-03-2025 01:08:19.501;05-03-2025 01:08:41.455;21954
3;05-03-2025 01:06:57.909;05-03-2025 01:08:42.937;105028
3;05-03-2025 01:06:57.909;05-03-2025 01:08:47.922;110013
1;05-03-2025 01:08:51.377;05-03-2025 01:08:53.448;2071
3;05-03-2025 01:09:02.901;05-03-2025 01:09:02.951;50
3;05-03-2025 01:09:02.901;05-03-2025 01:09:02.999;98
3;05-03-2025 01:09:02.901;05-03-2025 01:09:07.925;5024
3;05-03-2025 01:09:02.901;05-03-2025 01:09:12.928;10027
3;05-03-2025 01:09:02.901;05-03-2025 01:09:17.931;15030
2;05-03-2025 01:09:17.944;05-03-2025 01:09:22.356;4412
3;05-03-2025 01:09:02.901;05-03-2025 01:09:22.939;20038
2;05-03-2025 01:09:17.944;05-03-2025 01:09:25.813;7869
3;05-03-2025 01:09:02.901;05-03-2025 01:09:27.926;25025
2;05-03-2025 01:09:17.944;05-03-2025 01:09:30.816;12872
3;05-03-2025 01:09:02.901;05-03-2025 01:09:32.941;30040
3;05-03-2025 01:09:02.901;05-03-2025 01:09:37.922;35021
3;05-03-2025 01:09:02.901;05-03-2025 01:09:42.941;40040
3;05-03-2025 01:09:02.901;05-03-2025 01:09:47.949;45048
3;05-03-2025 01:09:02.901;05-03-2025 01:09:52.935;50034
3;05-03-2025 01:09:02.901;05-03-2025 01:09:57.924;55023
2;05-03-2025 01:09:17.944;05-03-2025 01:10:01.356;43412
0;05-03-2025 01:09:57.494;05-03-2025 01:10:01.532;4038
1;05-03-2025 01:09:35.823;05-03-2025 01:10:01.980;26157
3;05-03-2025 01:09:02.901;05-03-2025 01:10:02.940;60039
2;05-03-2025 01:10:03.768;05-03-2025 01:10:05.676;1908
3;05-03-2025 01:09:02.901;05-03-2025 01:10:07.945;65044
2;05-03-2025 01:10:03.768;05-03-2025 01:10:08.650;4882
3;05-03-2025 01:09:02.901;05-03-2025 01:10:12.942;70041
2;05-03-2025 01:10:03.768;05-03-2025 01:10:15.955;12187
3;05-03-2025 01:09:02.901;05-03-2025 01:10:17.930;75029
1;05-03-2025 01:10:06.031;05-03-2025 01:10:19.219;13188
2;05-03-2025 01:10:03.768;05-03-2025 01:10:20.788;17020
3;05-03-2025 01:09:02.901;05-03-2025 01:10:22.934;80033
2;05-03-2025 01:10:03.768;05-03-2025 01:10:23.151;19383
1;05-03-2025 01:10:06.031;05-03-2025 01:10:23.642;17611
3;05-03-2025 01:09:02.901;05-03-2025 01:10:27.938;85037
2;05-03-2025 01:10:27.368;05-03-2025 01:10:30.570;3202
3;05-03-2025 01:09:02.901;05-03-2025 01:10:32.928;90027
1;05-03-2025 01:10:06.031;05-03-2025 01:10:35.705;29674
2;05-03-2025 01:10:27.368;05-03-2025 01:10:35.830;8462
3;05-03-2025 01:09:02.901;05-03-2025 01:10:37.930;95029
3;05-03-2025 01:09:02.901;05-03-2025 01:10:42.933;100032
3;05-03-2025 01:09:02.901;05-03-2025 01:10:47.964;105063
3;05-03-2025 01:09:02.901;05-03-2025 01:10:52.926;110025
3;05-03-2025 01:09:02.901;05-03-2025 01:10:57.931;115030
3;05-03-2025 01:09:02.901;05-03-2025 01:11:02.924;120023
3;05-03-2025 01:09:02.901;05-03-2025 01:11:07.926;125025
3;05-03-2025 01:09:02.901;05-03-2025 01:11:12.926;130025
3;05-03-2025 01:11:27.901;05-03-2025 01:11:27.954;53
3;05-03-2025 01:11:27.901;05-03-2025 01:11:28.000;99
2;05-03-2025 01:10:27.368;05-03-2025 01:11:31.250;63882
3;05-03-2025 01:11:27.901;05-03-2025 01:11:32.924;5023
2;05-03-2025 01:10:27.368;05-03-2025 01:11:35.815;68447
3;05-03-2025 01:11:27.901;05-03-2025 01:11:37.930;10029
3;05-03-2025 01:11:27.901;05-03-2025 01:11:42.935;15034
3;05-03-2025 01:11:27.901;05-03-2025 01:11:47.938;20037
3;05-03-2025 01:11:27.901;05-03-2025 01:11:52.928;25027
3;05-03-2025 01:11:27.901;05-03-2025 01:11:57.933;30032
3;05-03-2025 01:11:27.901;05-03-2025 01:12:02.963;35062
3;05-03-2025 01:11:27.901;05-03-2025 01:12:07.930;40029
3;05-03-2025 01:12:22.901;05-03-2025 01:12:22.955;54
3;05-03-2025 01:12:22.901;05-03-2025 01:12:22.999;98
3;05-03-2025 01:12:22.901;05-03-2025 01:12:27.934;5033
3;05-03-2025 01:12:22.901;05-03-2025 01:12:32.924;10023
3;05-03-2025 01:12:22.901;05-03-2025 01:12:37.925;15024
2;05-03-2025 01:12:50.962;05-03-2025 01:12:52.261;1299
3;05-03-2025 01:12:52.902;05-03-2025 01:12:52.941;39
3;05-03-2025 01:12:52.902;05-03-2025 01:12:52.986;84
3;05-03-2025 01:12:52.902;05-03-2025 01:12:57.927;5025
2;05-03-2025 01:12:50.962;05-03-2025 01:12:58.369;7407
3;05-03-2025 01:12:52.902;05-03-2025 01:13:02.933;10031
3;05-03-2025 01:12:52.902;05-03-2025 01:13:07.922;15020
0;05-03-2025 01:13:09.631;05-03-2025 01:13:12.712;3081
3;05-03-2025 01:12:52.902;05-03-2025 01:13:12.927;20025
0;05-03-2025 01:13:09.631;05-03-2025 01:13:13.064;3433
3;05-03-2025 01:12:52.902;05-03-2025 01:13:17.932;25030
0;05-03-2025 01:13:09.631;05-03-2025 01:13:21.746;12115
3;05-03-2025 01:12:52.902;05-03-2025 01:13:22.934;30032
3;05-03-2025 01:12:52.902;05-03-2025 01:13:27.924;35022
3;05-03-2025 01:12:52.902;05-03-2025 01:13:32.932;40030
3;05-03-2025 01:12:52.902;05-03-2025 01:13:37.937;45035
3;05-03-2025 01:12:52.902;05-03-2025 01:13:42.922;50020
0;05-03-2025 01:13:39.819;05-03-2025 01:13:45.620;5801
3;05-03-2025 01:12:52.902;05-03-2025 01:13:47.928;55026
0;05-03-2025 01:13:39.819;05-03-2025 01:13:51.901;12082
3;05-03-2025 01:12:52.902;05-03-2025 01:13:52.932;60030
1;05-03-2025 01:13:43.941;05-03-2025 01:13:54.445;10504
3;05-03-2025 01:12:52.902;05-03-2025 01:13:57.938;65036
0;05-03-2025 01:13:39.819;05-03-2025 01:14:00.187;20368
3;05-03-2025 01:12:52.902;05-03-2025 01:14:02.928;70026
0;05-03-2025 01:13:39.819;05-03-2025 01:14:12.246;32427
3;05-03-2025 01:14:17.902;05-03-2025 01:14:17.944;42
3;05-03-2025 01:14:17.902;05-03-2025 01:14:17.993;91
3;05-03-2025 01:14:17.902;05-03-2025 01:14:22.932;5030
3;05-03-2025 01:14:17.902;05-03-2025 01:14:27.924;10022
3;05-03-2025 01:14:17.902;05-03-2025 01:14:32.928;15026
3;05-03-2025 01:14:17.902;05-03-2025 01:14:37.933;20031
3;05-03-2025 01:14:17.902;05-03-2025 01:14:42.922;25020
1;05-03-2025 01:14:40.664;05-03-2025 01:14:44.403;3739
2;05-03-2025 01:14:32.613;05-03-2025 01:14:45.251;12638
3;05-03-2025 01:14:17.902;05-03-2025 01:14:47.940;30038
3;05-03-2025 01:14:17.902;05-03-2025 01:14:52.929;35027
3;05-03-2025 01:14:17.902;05-03-2025 01:14:57.960;40058
1;05-03-2025 01:14:53.755;05-03-2025 01:15:00.059;6304
2;05-03-2025 01:14:59.119;05-03-2025 01:15:00.203;1084
3;05-03-2025 01:14:17.902;05-03-2025 01:15:02.923;45021
2;05-03-2025 01:14:59.119;05-03-2025 01:15:05.496;6377
1;05-03-2025 01:14:53.755;05-03-2025 01:15:05.577;11822
3;05-03-2025 01:14:17.902;05-03-2025 01:15:07.931;50029
3;05-03-2025 01:14:17.902;05-03-2025 01:15:12.931;55029
2;05-03-2025 01:15:14.809;05-03-2025 01:15:15.541;732
3;05-03-2025 01:14:17.902;05-03-2025 01:15:17.924;60022
3;05-03-2025 01:14:17.902;05-03-2025 01:15:22.933;65031
2;05-03-2025 01:15:14.809;05-03-2025 01:15:25.929;11120
1;05-03-2025 01:15:20.010;05-03-2025 01:15:26.746;6736
1;05-03-2025 01:15:20.010;05-03-2025 01:15:28.393;8383
2;05-03-2025 01:15:14.809;05-03-2025 01:15:35.189;20380
1;05-03-2025 01:15:37.569;05-03-2025 01:15:37.579;10
3;05-03-2025 01:15:37.900;05-03-2025 01:15:37.930;30
3;05-03-2025 01:15:37.900;05-03-2025 01:15:37.979;79
2;05-03-2025 01:15:14.809;05-03-2025 01:15:40.340;25531
1;05-03-2025 01:15:37.569;05-03-2025 01:15:43.038;5469
1;05-03-2025 01:15:37.569;05-03-2025 01:15:50.586;13017
2;05-03-2025 01:15:14.809;05-03-2025 01:15:51.099;36290
3;05-03-2025 01:15:52.901;05-03-2025 01:15:52.946;45
3;05-03-2025 01:15:52.901;05-03-2025 01:15:52.990;89
1;05-03-2025 01:15:37.569;05-03-2025 01:15:53.643;16074
3;05-03-2025 01:15:52.901;05-03-2025 01:15:57.932;5031
2;05-03-2025 01:15:14.809;05-03-2025 01:16:00.134;45325
3;05-03-2025 01:15:52.901;05-03-2025 01:16:02.941;10040
2;05-03-2025 01:15:14.809;05-03-2025 01:16:06.499;51690
1;05-03-2025 01:15:37.569;05-03-2025 01:16:06.659;29090
3;05-03-2025 01:15:52.901;05-03-2025 01:16:07.927;15026
1;05-03-2025 01:15:37.569;05-03-2025 01:16:10.161;32592
3;05-03-2025 01:15:52.901;05-03-2025 01:16:12.930;20029
2;05-03-2025 01:15:14.809;05-03-2025 01:16:17.338;62529
3;05-03-2025 01:15:52.901;05-03-2025 01:16:17.935;25034
1;05-03-2025 01:16:20.327;05-03-2025 01:16:20.554;227
3;05-03-2025 01:15:52.901;05-03-2025 01:16:22.924;30023
1;05-03-2025 01:16:20.327;05-03-2025 01:16:26.194;5867
3;05-03-2025 01:15:52.901;05-03-2025 01:16:27.928;35027
2;05-03-2025 01:15:14.809;05-03-2025 01:16:30.976;76167
1;05-03-2025 01:16:20.327;05-03-2025 01:16:31.007;10680
3;05-03-2025 01:15:52.901;05-03-2025 01:16:32.933;40032
1;05-03-2025 01:16:20.327;05-03-2025 01:16:33.016;12689
2;05-03-2025 01:15:14.809;05-03-2025 01:16:35.601;80792
3;05-03-2025 01:15:52.901;05-03-2025 01:16:37.924;45023
1;05-03-2025 01:16:20.327;05-03-2025 01:16:37.997;17670
2;05-03-2025 01:15:14.809;05-03-2025 01:16:38.485;83676
1;05-03-2025 01:16:20.327;05-03-2025 01:16:45.689;25362
2;05-03-2025 01:15:14.809;05-03-2025 01:16:45.991;91182
1;05-03-2025 01:16:20.327;05-03-2025 01:16:48.263;27936
2;05-03-2025 01:15:14.809;05-03-2025 01:16:50.759;95950
3;05-03-2025 01:16:52.901;05-03-2025 01:16:52.938;37
3;05-03-2025 01:16:52.901;05-03-2025 01:16:53.007;106
1;05-03-2025 01:16:20.327;05-03-2025 01:16:53.046;32719
2;05-03-2025 01:15:14.809;05-03-2025 01:16:55.301;100492
3;05-03-2025 01:16:52.901;05-03-2025 01:16:57.926;5025
1;05-03-2025 01:16:20.327;05-03-2025 01:16:58.048;37721
2;05-03-2025 01:15:14.809;05-03-2025 01:17:00.720;105911
3;05-03-2025 01:16:52.901;05-03-2025 01:17:02.934;10033
1;05-03-2025 01:16:20.327;05-03-2025 01:17:03.007;42680
3;05-03-2025 01:16:52.901;05-03-2025 01:17:07.924;15023
3;05-03-2025 01:16:52.901;05-03-2025 01:17:12.930;20029
1;05-03-2025 01:16:20.327;05-03-2025 01:17:15.567;55240
2;05-03-2025 01:15:14.809;05-03-2025 01:17:16.282;121473
3;05-03-2025 01:16:52.901;05-03-2025 01:17:17.920;25019
1;05-03-2025 01:16:20.327;05-03-2025 01:17:18.890;58563
3;05-03-2025 01:16:52.901;05-03-2025 01:17:22.924;30023
1;05-03-2025 01:16:20.327;05-03-2025 01:17:23.222;62895
1;05-03-2025 01:16:20.327;05-03-2025 01:17:31.107;70780
2;05-03-2025 01:15:14.809;05-03-2025 01:17:31.139;136330
1;05-03-2025 01:16:20.327;05-03-2025 01:17:33.717;73390
2;05-03-2025 01:15:14.809;05-03-2025 01:17:35.619;140810
3;05-03-2025 01:17:37.902;05-03-2025 01:17:37.961;59
3;05-03-2025 01:17:37.902;05-03-2025 01:17:38.030;128
1;05-03-2025 01:16:20.327;05-03-2025 01:17:40.386;80059
2;05-03-2025 01:15:14.809;05-03-2025 01:17:40.450;145641
3;05-03-2025 01:17:37.902;05-03-2025 01:17:42.933;5031
1;05-03-2025 01:16:20.327;05-03-2025 01:17:43.730;83403
2;05-03-2025 01:15:14.809;05-03-2025 01:17:45.503;150694
3;05-03-2025 01:17:37.902;05-03-2025 01:17:47.962;10060
1;05-03-2025 01:16:20.327;05-03-2025 01:17:48.044;87717
2;05-03-2025 01:15:14.809;05-03-2025 01:17:50.172;155363
3;05-03-2025 01:17:37.902;05-03-2025 01:17:52.928;15026
1;05-03-2025 01:16:20.327;05-03-2025 01:17:56.696;96369
2;05-03-2025 01:15:14.809;05-03-2025 01:17:56.808;161999
3;05-03-2025 01:17:37.902;05-03-2025 01:17:57.935;20033
1;05-03-2025 01:16:20.327;05-03-2025 01:17:59.074;98747
2;05-03-2025 01:15:14.809;05-03-2025 01:17:59.191;164382
3;05-03-2025 01:17:37.902;05-03-2025 01:18:02.927;25025
3;05-03-2025 01:17:37.902;05-03-2025 01:18:07.928;30026
2;05-03-2025 01:15:14.809;05-03-2025 01:18:11.409;176600
3;05-03-2025 01:17:37.902;05-03-2025 01:18:12.935;35033
3;05-03-2025 01:17:37.902;05-03-2025 01:18:17.924;40022
1;05-03-2025 01:16:20.327;05-03-2025 01:18:21.129;120802
3;05-03-2025 01:17:37.902;05-03-2025 01:18:22.926;45024
3;05-03-2025 01:17:37.902;05-03-2025 01:18:27.935;50033
2;05-03-2025 01:15:14.809;05-03-2025 01:18:30.808;195999
1;05-03-2025 01:16:20.327;05-03-2025 01:18:32.309;131982
3;05-03-2025 01:17:37.902;05-03-2025 01:18:32.923;55021
2;05-03-2025 01:15:14.809;05-03-2025 01:18:35.461;200652
3;05-03-2025 01:17:37.902;05-03-2025 01:18:37.930;60028
2;05-03-2025 01:15:14.809;05-03-2025 01:18:40.259;205450
3;05-03-2025 01:17:37.902;05-03-2025 01:18:42.936;65034
1;05-03-2025 01:16:20.327;05-03-2025 01:18:43.037;142710
1;05-03-2025 01:16:20.327;05-03-2025 01:18:50.684;150357
1;05-03-2025 01:16:20.327;05-03-2025 01:18:56.390;156063
3;05-03-2025 01:18:57.903;05-03-2025 01:18:57.948;45
3;05-03-2025 01:18:57.903;05-03-2025 01:18:58.008;105
1;05-03-2025 01:16:20.327;05-03-2025 01:18:58.867;158540
3;05-03-2025 01:18:57.903;05-03-2025 01:19:02.921;5018
2;05-03-2025 01:15:14.809;05-03-2025 01:19:07.653;232844
3;05-03-2025 01:18:57.903;05-03-2025 01:19:07.930;10027
3;05-03-2025 01:18:57.903;05-03-2025 01:19:12.933;15030
2;05-03-2025 01:15:14.809;05-03-2025 01:19:17.611;242802
3;05-03-2025 01:18:57.903;05-03-2025 01:19:17.937;20034
2;05-03-2025 01:15:14.809;05-03-2025 01:19:30.504;255695
1;05-03-2025 01:16:20.327;05-03-2025 01:19:32.181;191854
3;05-03-2025 01:19:32.901;05-03-2025 01:19:32.938;37
3;05-03-2025 01:19:32.901;05-03-2025 01:19:32.986;85
1;05-03-2025 01:16:20.327;05-03-2025 01:19:35.813;195486
3;05-03-2025 01:19:32.901;05-03-2025 01:19:37.926;5025
3;05-03-2025 01:19:32.901;05-03-2025 01:19:42.932;10031
3;05-03-2025 01:19:32.901;05-03-2025 01:19:47.923;15022
3;05-03-2025 01:19:32.901;05-03-2025 01:19:52.940;20039
2;05-03-2025 01:15:14.809;05-03-2025 01:19:53.222;278413
1;05-03-2025 01:16:20.327;05-03-2025 01:19:55.062;214735
3;05-03-2025 01:19:32.901;05-03-2025 01:19:57.928;25027
3;05-03-2025 01:19:32.901;05-03-2025 01:20:02.934;30033
3;05-03-2025 01:19:32.901;05-03-2025 01:20:07.924;35023
3;05-03-2025 01:19:32.901;05-03-2025 01:20:12.930;40029
1;05-03-2025 01:16:20.327;05-03-2025 01:20:13.469;233142
2;05-03-2025 01:15:14.809;05-03-2025 01:20:15.501;300692
3;05-03-2025 01:19:32.901;05-03-2025 01:20:17.959;45058
3;05-03-2025 01:19:32.901;05-03-2025 01:20:22.923;50022
3;05-03-2025 01:19:32.901;05-03-2025 01:20:27.927;55026
3;05-03-2025 01:19:32.901;05-03-2025 01:20:32.933;60032
3;05-03-2025 01:19:32.901;05-03-2025 01:20:37.924;65023
3;05-03-2025 01:19:32.901;05-03-2025 01:20:42.930;70029
2;05-03-2025 01:20:18.687;05-03-2025 01:20:55.476;36789
3;05-03-2025 01:20:57.901;05-03-2025 01:20:57.944;43
3;05-03-2025 01:20:57.901;05-03-2025 01:20:58.004;103
3;05-03-2025 01:20:57.901;05-03-2025 01:21:02.934;5033
3;05-03-2025 01:20:57.901;05-03-2025 01:21:07.936;10035
3;05-03-2025 01:20:57.901;05-03-2025 01:21:12.929;15028
3;05-03-2025 01:20:57.901;05-03-2025 01:21:17.933;20032
3;05-03-2025 01:20:57.901;05-03-2025 01:21:22.923;25022
3;05-03-2025 01:20:57.901;05-03-2025 01:21:27.927;30026
3;05-03-2025 01:20:57.901;05-03-2025 01:21:32.930;35029
3;05-03-2025 01:20:57.901;05-03-2025 01:21:37.953;40052
3;05-03-2025 01:20:57.901;05-03-2025 01:21:42.953;45052
3;05-03-2025 01:21:57.903;05-03-2025 01:21:57.955;52
3;05-03-2025 01:21:57.903;05-03-2025 01:21:58.002;99
3;05-03-2025 01:21:57.903;05-03-2025 01:22:02.928;5025
3;05-03-2025 01:21:57.903;05-03-2025 01:22:07.935;10032
3;05-03-2025 01:21:57.903;05-03-2025 01:22:12.925;15022
3;05-03-2025 01:21:57.903;05-03-2025 01:22:17.931;20028
3;05-03-2025 01:21:57.903;05-03-2025 01:22:22.949;25046
3;05-03-2025 01:21:57.903;05-03-2025 01:22:27.937;30034
3;05-03-2025 01:21:57.903;05-03-2025 01:22:32.925;35022
2;05-03-2025 01:22:24.600;05-03-2025 01:22:35.783;11183
3;05-03-2025 01:21:57.903;05-03-2025 01:22:37.929;40026
0;05-03-2025 01:22:23.969;05-03-2025 01:22:40.707;16738
3;05-03-2025 01:21:57.903;05-03-2025 01:22:42.934;45031
1;05-03-2025 01:22:35.808;05-03-2025 01:22:45.425;9617
3;05-03-2025 01:21:57.903;05-03-2025 01:22:47.925;50022
1;05-03-2025 01:22:35.808;05-03-2025 01:22:50.286;14478
3;05-03-2025 01:21:57.903;05-03-2025 01:22:52.931;55028
3;05-03-2025 01:21:57.903;05-03-2025 01:22:57.936;60033
1;05-03-2025 01:22:35.808;05-03-2025 01:23:00.552;24744
3;05-03-2025 01:21:57.903;05-03-2025 01:23:02.925;65022
2;05-03-2025 01:22:24.600;05-03-2025 01:23:05.752;41152
3;05-03-2025 01:21:57.903;05-03-2025 01:23:07.932;70029
1;05-03-2025 01:23:09.836;05-03-2025 01:23:10.341;505
3;05-03-2025 01:21:57.903;05-03-2025 01:23:12.952;75049
2;05-03-2025 01:23:14.351;05-03-2025 01:23:15.637;1286
3;05-03-2025 01:21:57.903;05-03-2025 01:23:17.928;80025
2;05-03-2025 01:23:14.351;05-03-2025 01:23:18.689;4338
3;05-03-2025 01:21:57.903;05-03-2025 01:23:22.932;85029
3;05-03-2025 01:21:57.903;05-03-2025 01:23:27.925;90022
3;05-03-2025 01:21:57.903;05-03-2025 01:23:32.927;95024
3;05-03-2025 01:21:57.903;05-03-2025 01:23:37.931;100028
2;05-03-2025 01:23:14.351;05-03-2025 01:23:40.894;26543
3;05-03-2025 01:21:57.903;05-03-2025 01:23:42.921;105018
3;05-03-2025 01:21:57.903;05-03-2025 01:23:47.925;110022
1;05-03-2025 01:23:22.755;05-03-2025 01:23:50.482;27727
2;05-03-2025 01:23:14.351;05-03-2025 01:23:51.305;36954
3;05-03-2025 01:21:57.903;05-03-2025 01:23:52.931;115028
1;05-03-2025 01:23:22.755;05-03-2025 01:23:53.045;30290
3;05-03-2025 01:21:57.903;05-03-2025 01:23:57.938;120035
3;05-03-2025 01:21:57.903;05-03-2025 01:24:02.923;125020
3;05-03-2025 01:21:57.903;05-03-2025 01:24:07.927;130024
3;05-03-2025 01:21:57.903;05-03-2025 01:24:12.933;135030
3;05-03-2025 01:21:57.903;05-03-2025 01:24:17.920;140017
3;05-03-2025 01:21:57.903;05-03-2025 01:24:22.924;145021
3;05-03-2025 01:21:57.903;05-03-2025 01:24:27.931;150028
3;05-03-2025 01:21:57.903;05-03-2025 01:24:32.932;155029
3;05-03-2025 01:24:47.895;05-03-2025 01:24:47.928;33
3;05-03-2025 01:24:47.895;05-03-2025 01:24:52.972;5077
2;05-03-2025 01:25:14.660;05-03-2025 01:25:15.615;955
3;05-03-2025 01:25:17.932;05-03-2025 01:25:17.969;37
3;05-03-2025 01:25:17.932;05-03-2025 01:25:18.016;84
3;05-03-2025 01:25:17.932;05-03-2025 01:25:18.090;158
2;05-03-2025 01:25:19.453;05-03-2025 01:25:22.454;3001
3;05-03-2025 01:25:17.932;05-03-2025 01:25:22.927;4995
2;05-03-2025 01:25:19.453;05-03-2025 01:25:25.827;6374
3;05-03-2025 01:25:17.932;05-03-2025 01:25:27.913;9981
3;05-03-2025 01:25:17.932;05-03-2025 01:25:32.936;15004
3;05-03-2025 01:25:17.932;05-03-2025 01:25:37.925;19993
2;05-03-2025 01:25:32.948;05-03-2025 01:25:40.509;7561
3;05-03-2025 01:25:17.932;05-03-2025 01:25:42.929;24997
2;05-03-2025 01:25:46.065;05-03-2025 01:25:46.986;921
3;05-03-2025 01:25:17.932;05-03-2025 01:25:47.921;29989
2;05-03-2025 01:25:46.065;05-03-2025 01:25:52.702;6637
3;05-03-2025 01:25:17.932;05-03-2025 01:25:52.939;35007
2;05-03-2025 01:25:46.065;05-03-2025 01:25:53.989;7924
3;05-03-2025 01:25:17.932;05-03-2025 01:25:57.929;39997
3;05-03-2025 01:25:17.932;05-03-2025 01:26:02.935;45003
1;05-03-2025 01:26:02.324;05-03-2025 01:26:06.006;3682
3;05-03-2025 01:25:17.932;05-03-2025 01:26:07.964;50032
2;05-03-2025 01:25:59.615;05-03-2025 01:26:10.044;10429
3;05-03-2025 01:25:17.932;05-03-2025 01:26:12.968;55036
3;05-03-2025 01:25:17.932;05-03-2025 01:26:17.931;59999
3;05-03-2025 01:25:17.932;05-03-2025 01:26:22.935;65003
2;05-03-2025 01:26:20.523;05-03-2025 01:26:27.007;6484
3;05-03-2025 01:25:17.932;05-03-2025 01:26:27.925;69993
1;05-03-2025 01:26:20.637;05-03-2025 01:26:30.190;9553
3;05-03-2025 01:25:17.932;05-03-2025 01:26:32.931;74999
1;05-03-2025 01:26:20.637;05-03-2025 01:26:36.056;15419
3;05-03-2025 01:25:17.932;05-03-2025 01:26:37.935;80003
1;05-03-2025 01:26:20.637;05-03-2025 01:26:38.064;17427
2;05-03-2025 01:26:20.523;05-03-2025 01:26:40.440;19917
3;05-03-2025 01:25:17.932;05-03-2025 01:26:42.940;85008
3;05-03-2025 01:25:17.932;05-03-2025 01:26:47.927;89995
3;05-03-2025 01:25:17.932;05-03-2025 01:26:52.932;95000
2;05-03-2025 01:26:20.523;05-03-2025 01:26:57.548;37025
3;05-03-2025 01:25:17.932;05-03-2025 01:26:57.920;99988
2;05-03-2025 01:26:20.523;05-03-2025 01:27:01.097;40574
2;05-03-2025 01:26:20.523;05-03-2025 01:27:06.054;45531
2;05-03-2025 01:26:20.523;05-03-2025 01:27:10.520;49997
3;05-03-2025 01:27:12.899;05-03-2025 01:27:12.938;39
2;05-03-2025 01:26:20.523;05-03-2025 01:27:20.669;60146
3;05-03-2025 01:27:22.966;05-03-2025 01:27:23.010;44
3;05-03-2025 01:27:22.966;05-03-2025 01:27:23.055;89
3;05-03-2025 01:27:22.966;05-03-2025 01:27:27.934;4968
1;05-03-2025 01:26:41.761;05-03-2025 01:27:32.565;50804
3;05-03-2025 01:27:22.966;05-03-2025 01:27:32.936;9970
2;05-03-2025 01:26:20.523;05-03-2025 01:27:35.442;74919
1;05-03-2025 01:26:41.761;05-03-2025 01:27:36.670;54909
3;05-03-2025 01:27:22.966;05-03-2025 01:27:37.924;14958
1;05-03-2025 01:26:41.761;05-03-2025 01:27:38.017;56256
2;05-03-2025 01:26:20.523;05-03-2025 01:27:40.734;80211
3;05-03-2025 01:27:22.966;05-03-2025 01:27:42.933;19967
1;05-03-2025 01:26:41.761;05-03-2025 01:27:46.731;64970
3;05-03-2025 01:27:22.966;05-03-2025 01:27:47.921;24955
3;05-03-2025 01:27:22.966;05-03-2025 01:27:52.924;29958
1;05-03-2025 01:26:41.761;05-03-2025 01:27:56.583;74822
3;05-03-2025 01:27:22.966;05-03-2025 01:27:57.931;34965
1;05-03-2025 01:26:41.761;05-03-2025 01:28:01.953;80192
3;05-03-2025 01:27:22.966;05-03-2025 01:28:02.935;39969
3;05-03-2025 01:27:22.966;05-03-2025 01:28:07.924;44958
1;05-03-2025 01:26:41.761;05-03-2025 01:28:11.226;89465
3;05-03-2025 01:27:22.966;05-03-2025 01:28:12.928;49962
1;05-03-2025 01:26:41.761;05-03-2025 01:28:16.520;94759
2;05-03-2025 01:27:50.944;05-03-2025 01:28:16.552;25608
3;05-03-2025 01:27:22.966;05-03-2025 01:28:17.934;54968
1;05-03-2025 01:26:41.761;05-03-2025 01:28:20.267;98506
3;05-03-2025 01:27:22.966;05-03-2025 01:28:22.925;59959
3;05-03-2025 01:27:22.966;05-03-2025 01:28:27.930;64964
3;05-03-2025 01:27:22.966;05-03-2025 01:28:32.933;69967
3;05-03-2025 01:27:22.966;05-03-2025 01:28:37.924;74958
3;05-03-2025 01:27:22.966;05-03-2025 01:28:42.930;79964
1;05-03-2025 01:26:41.761;05-03-2025 01:28:42.942;121181
2;05-03-2025 01:28:43.778;05-03-2025 01:28:46.604;2826
3;05-03-2025 01:27:22.966;05-03-2025 01:28:47.922;84956
1;05-03-2025 01:26:41.761;05-03-2025 01:28:48.012;126251
3;05-03-2025 01:27:22.966;05-03-2025 01:28:52.925;89959
3;05-03-2025 01:27:22.966;05-03-2025 01:28:57.946;94980
3;05-03-2025 01:27:22.966;05-03-2025 01:29:02.944;99978
3;05-03-2025 01:27:22.966;05-03-2025 01:29:07.940;104974
3;05-03-2025 01:27:22.966;05-03-2025 01:29:12.928;109962
3;05-03-2025 01:27:22.966;05-03-2025 01:29:17.950;114984
3;05-03-2025 01:27:22.966;05-03-2025 01:29:22.919;119953
3;05-03-2025 01:29:37.899;05-03-2025 01:29:37.936;37
3;05-03-2025 01:29:37.899;05-03-2025 01:29:37.983;84
3;05-03-2025 01:29:37.899;05-03-2025 01:29:42.922;5023
2;05-03-2025 01:29:37.047;05-03-2025 01:29:46.594;9547
3;05-03-2025 01:29:37.899;05-03-2025 01:29:47.926;10027
2;05-03-2025 01:29:37.047;05-03-2025 01:29:50.355;13308
3;05-03-2025 01:29:37.899;05-03-2025 01:29:52.934;15035
3;05-03-2025 01:29:37.899;05-03-2025 01:29:57.923;20024
3;05-03-2025 01:29:37.899;05-03-2025 01:30:02.925;25026
3;05-03-2025 01:29:37.899;05-03-2025 01:30:07.932;30033
3;05-03-2025 01:29:37.899;05-03-2025 01:30:12.923;35024
3;05-03-2025 01:29:37.899;05-03-2025 01:30:17.926;40027
3;05-03-2025 01:29:37.899;05-03-2025 01:30:22.931;45032
3;05-03-2025 01:29:37.899;05-03-2025 01:30:27.924;50025
3;05-03-2025 01:30:42.900;05-03-2025 01:30:42.954;54
3;05-03-2025 01:30:42.900;05-03-2025 01:30:43.002;102
3;05-03-2025 01:30:42.900;05-03-2025 01:30:47.924;5024
3;05-03-2025 01:30:42.900;05-03-2025 01:30:52.928;10028
3;05-03-2025 01:30:42.900;05-03-2025 01:30:57.918;15018
3;05-03-2025 01:30:42.900;05-03-2025 01:31:02.924;20024
3;05-03-2025 01:30:42.900;05-03-2025 01:31:07.930;25030
3;05-03-2025 01:30:42.900;05-03-2025 01:31:12.934;30034
1;05-03-2025 01:31:11.900;05-03-2025 01:31:12.987;1087
3;05-03-2025 01:30:42.900;05-03-2025 01:31:17.941;35041
0;05-03-2025 01:31:06.311;05-03-2025 01:31:18.286;11975
3;05-03-2025 01:30:42.900;05-03-2025 01:31:22.932;40032
1;05-03-2025 01:31:16.576;05-03-2025 01:31:24.521;7945
3;05-03-2025 01:30:42.900;05-03-2025 01:31:27.920;45020
3;05-03-2025 01:30:42.900;05-03-2025 01:31:32.927;50027
3;05-03-2025 01:30:42.900;05-03-2025 01:31:37.931;55031
3;05-03-2025 01:30:42.900;05-03-2025 01:31:42.932;60032
3;05-03-2025 01:30:42.900;05-03-2025 01:31:47.923;65023
3;05-03-2025 01:30:42.900;05-03-2025 01:31:52.930;70030
3;05-03-2025 01:30:42.900;05-03-2025 01:31:57.932;75032
3;05-03-2025 01:30:42.900;05-03-2025 01:32:02.926;80026
1;05-03-2025 01:32:01.682;05-03-2025 01:32:05.734;4052
3;05-03-2025 01:30:42.900;05-03-2025 01:32:07.926;85026
3;05-03-2025 01:30:42.900;05-03-2025 01:32:12.930;90030
3;05-03-2025 01:30:42.900;05-03-2025 01:32:17.939;95039
3;05-03-2025 01:30:42.900;05-03-2025 01:32:22.925;100025
3;05-03-2025 01:30:42.900;05-03-2025 01:32:27.932;105032
3;05-03-2025 01:30:42.900;05-03-2025 01:32:32.923;110023
3;05-03-2025 01:30:42.900;05-03-2025 01:32:37.926;115026
2;05-03-2025 01:32:28.287;05-03-2025 01:32:40.603;12316
3;05-03-2025 01:30:42.900;05-03-2025 01:32:42.928;120028
3;05-03-2025 01:30:42.900;05-03-2025 01:32:47.934;125034
2;05-03-2025 01:32:46.560;05-03-2025 01:32:48.487;1927
0;05-03-2025 01:32:10.073;05-03-2025 01:32:48.696;38623
3;05-03-2025 01:30:42.900;05-03-2025 01:32:52.924;130024
2;05-03-2025 01:32:49.341;05-03-2025 01:32:55.746;6405
3;05-03-2025 01:30:42.900;05-03-2025 01:32:57.933;135033
3;05-03-2025 01:30:42.900;05-03-2025 01:33:02.935;140035
1;05-03-2025 01:32:01.682;05-03-2025 01:33:04.976;63294
2;05-03-2025 01:33:04.708;05-03-2025 01:33:07.565;2857
3;05-03-2025 01:30:42.900;05-03-2025 01:33:07.922;145022
3;05-03-2025 01:30:42.900;05-03-2025 01:33:12.929;150029
3;05-03-2025 01:30:42.900;05-03-2025 01:33:17.935;155035
3;05-03-2025 01:30:42.900;05-03-2025 01:33:22.923;160023
3;05-03-2025 01:30:42.900;05-03-2025 01:33:27.931;165031
3;05-03-2025 01:30:42.900;05-03-2025 01:33:32.935;170035
0;05-03-2025 01:32:10.073;05-03-2025 01:33:35.778;85705
3;05-03-2025 01:30:42.900;05-03-2025 01:33:37.925;175025
0;05-03-2025 01:32:10.073;05-03-2025 01:33:40.473;90400
3;05-03-2025 01:30:42.900;05-03-2025 01:33:42.929;180029
3;05-03-2025 01:30:42.900;05-03-2025 01:33:47.934;185034
1;05-03-2025 01:33:25.111;05-03-2025 01:33:52.023;26912
3;05-03-2025 01:30:42.900;05-03-2025 01:33:52.924;190024
3;05-03-2025 01:30:42.900;05-03-2025 01:33:57.927;195027
3;05-03-2025 01:30:42.900;05-03-2025 01:34:02.933;200033
3;05-03-2025 01:30:42.900;05-03-2025 01:34:07.942;205042
3;05-03-2025 01:34:22.899;05-03-2025 01:34:22.939;40
3;05-03-2025 01:34:22.899;05-03-2025 01:34:22.987;88
3;05-03-2025 01:34:22.899;05-03-2025 01:34:27.927;5028
1;05-03-2025 01:34:10.957;05-03-2025 01:34:31.088;20131
3;05-03-2025 01:34:22.899;05-03-2025 01:34:32.934;10035
3;05-03-2025 01:34:22.899;05-03-2025 01:34:37.922;15023
1;05-03-2025 01:34:10.957;05-03-2025 01:34:40.605;29648
2;05-03-2025 01:34:34.437;05-03-2025 01:34:40.768;6331
3;05-03-2025 01:34:22.899;05-03-2025 01:34:42.928;20029
1;05-03-2025 01:34:43.255;05-03-2025 01:34:46.857;3602
3;05-03-2025 01:34:22.899;05-03-2025 01:34:47.934;25035
1;05-03-2025 01:34:43.255;05-03-2025 01:34:50.894;7639
2;05-03-2025 01:34:44.397;05-03-2025 01:34:51.869;7472
3;05-03-2025 01:34:22.899;05-03-2025 01:34:52.921;30022
3;05-03-2025 01:34:22.899;05-03-2025 01:34:57.958;35059
3;05-03-2025 01:34:22.899;05-03-2025 01:35:02.934;40035
2;05-03-2025 01:34:44.397;05-03-2025 01:35:05.663;21266
3;05-03-2025 01:34:22.899;05-03-2025 01:35:07.936;45037
2;05-03-2025 01:34:44.397;05-03-2025 01:35:11.000;26603
3;05-03-2025 01:34:22.899;05-03-2025 01:35:12.925;50026
3;05-03-2025 01:34:22.899;05-03-2025 01:35:17.933;55034
3;05-03-2025 01:34:22.899;05-03-2025 01:35:22.931;60032
1;05-03-2025 01:35:22.630;05-03-2025 01:35:31.917;9287
1;05-03-2025 01:35:22.630;05-03-2025 01:35:35.282;12652
3;05-03-2025 01:35:37.900;05-03-2025 01:35:37.943;43
3;05-03-2025 01:35:47.892;05-03-2025 01:35:47.921;29
3;05-03-2025 01:35:47.892;05-03-2025 01:35:52.924;5032
3;05-03-2025 01:35:47.892;05-03-2025 01:35:57.930;10038
3;05-03-2025 01:35:47.892;05-03-2025 01:36:02.923;15031
3;05-03-2025 01:35:47.892;05-03-2025 01:36:07.926;20034
1;05-03-2025 01:35:36.466;05-03-2025 01:36:11.771;35305
3;05-03-2025 01:35:47.892;05-03-2025 01:36:12.929;25037
1;05-03-2025 01:35:36.466;05-03-2025 01:36:13.867;37401
2;05-03-2025 01:36:04.666;05-03-2025 01:36:17.625;12959
3;05-03-2025 01:35:47.892;05-03-2025 01:36:17.964;30072
3;05-03-2025 01:35:47.892;05-03-2025 01:36:22.923;35031
3;05-03-2025 01:35:47.892;05-03-2025 01:36:27.928;40036
3;05-03-2025 01:35:47.892;05-03-2025 01:36:32.934;45042
3;05-03-2025 01:35:47.892;05-03-2025 01:36:37.938;50046
3;05-03-2025 01:35:47.892;05-03-2025 01:36:42.942;55050
3;05-03-2025 01:35:47.892;05-03-2025 01:36:47.932;60040
3;05-03-2025 01:35:47.892;05-03-2025 01:36:52.920;65028
3;05-03-2025 01:35:47.892;05-03-2025 01:36:57.941;70049
2;05-03-2025 01:36:52.388;05-03-2025 01:37:01.371;8983
3;05-03-2025 01:37:12.898;05-03-2025 01:37:12.941;43
3;05-03-2025 01:37:12.898;05-03-2025 01:37:12.989;91
3;05-03-2025 01:37:12.898;05-03-2025 01:37:17.929;5031
3;05-03-2025 01:37:12.898;05-03-2025 01:37:22.919;10021
1;05-03-2025 01:37:21.918;05-03-2025 01:37:26.351;4433
3;05-03-2025 01:37:12.898;05-03-2025 01:37:27.924;15026
1;05-03-2025 01:37:21.918;05-03-2025 01:37:32.363;10445
2;05-03-2025 01:36:52.388;05-03-2025 01:37:32.378;39990
3;05-03-2025 01:37:42.898;05-03-2025 01:37:42.938;40
3;05-03-2025 01:37:42.898;05-03-2025 01:37:42.987;89
3;05-03-2025 01:37:42.898;05-03-2025 01:37:47.924;5026
3;05-03-2025 01:37:42.898;05-03-2025 01:37:52.929;10031
3;05-03-2025 01:37:42.898;05-03-2025 01:37:57.934;15036
3;05-03-2025 01:37:42.898;05-03-2025 01:38:02.938;20040
3;05-03-2025 01:37:42.898;05-03-2025 01:38:07.926;25028
3;05-03-2025 01:37:42.898;05-03-2025 01:38:12.935;30037
3;05-03-2025 01:37:42.898;05-03-2025 01:38:17.923;35025
3;05-03-2025 01:37:42.898;05-03-2025 01:38:22.928;40030
3;05-03-2025 01:38:37.901;05-03-2025 01:38:37.949;48
3;05-03-2025 01:38:37.901;05-03-2025 01:38:37.995;94
3;05-03-2025 01:38:37.901;05-03-2025 01:38:42.920;5019
3;05-03-2025 01:38:37.901;05-03-2025 01:38:47.924;10023
3;05-03-2025 01:38:37.901;05-03-2025 01:38:52.932;15031
3;05-03-2025 01:38:37.901;05-03-2025 01:38:57.918;20017
3;05-03-2025 01:38:37.901;05-03-2025 01:39:02.911;25010
3;05-03-2025 01:38:37.901;05-03-2025 01:39:07.926;30025
3;05-03-2025 01:38:37.901;05-03-2025 01:39:12.932;35031
0;05-03-2025 01:39:16.219;05-03-2025 01:39:16.268;49
3;05-03-2025 01:38:37.901;05-03-2025 01:39:17.961;40060
3;05-03-2025 01:38:37.901;05-03-2025 01:39:22.926;45025
0;05-03-2025 01:39:22.410;05-03-2025 01:39:27.300;4890
3;05-03-2025 01:38:37.901;05-03-2025 01:39:27.931;50030
1;05-03-2025 01:39:30.389;05-03-2025 01:39:30.807;418
3;05-03-2025 01:38:37.901;05-03-2025 01:39:32.922;55021
0;05-03-2025 01:39:22.410;05-03-2025 01:39:42.761;20351
3;05-03-2025 01:39:47.894;05-03-2025 01:39:47.956;62
3;05-03-2025 01:39:47.894;05-03-2025 01:39:52.924;5030
3;05-03-2025 01:39:47.894;05-03-2025 01:39:57.928;10034
3;05-03-2025 01:39:47.894;05-03-2025 01:40:02.938;15044
3;05-03-2025 01:39:47.894;05-03-2025 01:40:07.920;20026
3;05-03-2025 01:39:47.894;05-03-2025 01:40:12.930;25036
3;05-03-2025 01:39:47.894;05-03-2025 01:40:17.922;30028
2;05-03-2025 01:40:11.768;05-03-2025 01:40:20.984;9216
3;05-03-2025 01:40:32.899;05-03-2025 01:40:32.943;44
3;05-03-2025 01:40:32.899;05-03-2025 01:40:32.992;93
3;05-03-2025 01:40:32.899;05-03-2025 01:40:37.930;5031
3;05-03-2025 01:40:32.899;05-03-2025 01:40:42.937;10038
2;05-03-2025 01:40:34.062;05-03-2025 01:40:45.216;11154
3;05-03-2025 01:40:32.899;05-03-2025 01:40:47.925;15026
1;05-03-2025 01:40:47.877;05-03-2025 01:40:51.242;3365
3;05-03-2025 01:40:32.899;05-03-2025 01:40:52.930;20031
1;05-03-2025 01:40:47.877;05-03-2025 01:40:56.776;8899
2;05-03-2025 01:40:48.464;05-03-2025 01:40:57.463;8999
3;05-03-2025 01:40:32.899;05-03-2025 01:40:57.934;25035
1;05-03-2025 01:40:47.877;05-03-2025 01:41:00.493;12616
2;05-03-2025 01:40:48.464;05-03-2025 01:41:02.478;14014
3;05-03-2025 01:40:32.899;05-03-2025 01:41:02.925;30026
3;05-03-2025 01:40:32.899;05-03-2025 01:41:07.929;35030
3;05-03-2025 01:40:32.899;05-03-2025 01:41:12.944;40045
3;05-03-2025 01:40:32.899;05-03-2025 01:41:17.925;45026
3;05-03-2025 01:40:32.899;05-03-2025 01:41:22.932;50033
3;05-03-2025 01:40:32.899;05-03-2025 01:41:27.923;55024
3;05-03-2025 01:40:32.899;05-03-2025 01:41:32.927;60028
1;05-03-2025 01:41:05.891;05-03-2025 01:41:35.321;29430
3;05-03-2025 01:40:32.899;05-03-2025 01:41:37.935;65036
3;05-03-2025 01:40:32.899;05-03-2025 01:41:42.938;70039
1;05-03-2025 01:41:05.891;05-03-2025 01:41:43.189;37298
3;05-03-2025 01:40:32.899;05-03-2025 01:41:47.926;75027
3;05-03-2025 01:40:32.899;05-03-2025 01:41:52.932;80033
2;05-03-2025 01:41:12.219;05-03-2025 01:41:55.305;43086
1;05-03-2025 01:41:54.725;05-03-2025 01:41:55.470;745
3;05-03-2025 01:40:32.899;05-03-2025 01:41:57.920;85021
1;05-03-2025 01:41:54.725;05-03-2025 01:42:00.426;5701
3;05-03-2025 01:40:32.899;05-03-2025 01:42:02.925;90026
2;05-03-2025 01:42:00.005;05-03-2025 01:42:06.374;6369
3;05-03-2025 01:40:32.899;05-03-2025 01:42:07.931;95032
3;05-03-2025 01:40:32.899;05-03-2025 01:42:12.921;100022
3;05-03-2025 01:42:27.899;05-03-2025 01:42:27.935;36
3;05-03-2025 01:42:27.899;05-03-2025 01:42:27.964;65
3;05-03-2025 01:42:27.899;05-03-2025 01:42:32.924;5025
3;05-03-2025 01:42:27.899;05-03-2025 01:42:37.928;10029
3;05-03-2025 01:42:27.899;05-03-2025 01:42:42.932;15033
3;05-03-2025 01:42:27.899;05-03-2025 01:42:47.939;20040
3;05-03-2025 01:42:27.899;05-03-2025 01:42:52.930;25031
3;05-03-2025 01:42:27.899;05-03-2025 01:42:57.959;30060
3;05-03-2025 01:42:27.899;05-03-2025 01:43:02.925;35026
0;05-03-2025 01:42:56.055;05-03-2025 01:43:03.573;7518
2;05-03-2025 01:42:00.005;05-03-2025 01:43:06.448;66443
3;05-03-2025 01:42:27.899;05-03-2025 01:43:07.910;40011
0;05-03-2025 01:42:56.055;05-03-2025 01:43:10.806;14751
3;05-03-2025 01:42:27.899;05-03-2025 01:43:12.931;45032
3;05-03-2025 01:42:27.899;05-03-2025 01:43:17.920;50021
3;05-03-2025 01:42:27.899;05-03-2025 01:43:22.927;55028
3;05-03-2025 01:42:27.899;05-03-2025 01:43:27.930;60031
3;05-03-2025 01:42:27.899;05-03-2025 01:43:32.934;65035
1;05-03-2025 01:43:28.758;05-03-2025 01:43:36.745;7987
3;05-03-2025 01:42:27.899;05-03-2025 01:43:37.936;70037
1;05-03-2025 01:43:28.758;05-03-2025 01:43:38.048;9290
3;05-03-2025 01:42:27.899;05-03-2025 01:43:42.967;75068
1;05-03-2025 01:43:41.874;05-03-2025 01:43:43.354;1480
2;05-03-2025 01:42:00.005;05-03-2025 01:43:45.222;105217
3;05-03-2025 01:42:27.899;05-03-2025 01:43:47.931;80032
2;05-03-2025 01:42:00.005;05-03-2025 01:43:51.517;111512
1;05-03-2025 01:43:41.874;05-03-2025 01:43:51.972;10098
3;05-03-2025 01:42:27.899;05-03-2025 01:43:52.921;85022
1;05-03-2025 01:43:41.874;05-03-2025 01:43:57.439;15565
3;05-03-2025 01:42:27.899;05-03-2025 01:43:57.923;90024
3;05-03-2025 01:42:27.899;05-03-2025 01:44:02.915;95016
1;05-03-2025 01:43:41.874;05-03-2025 01:44:07.321;25447
3;05-03-2025 01:42:27.899;05-03-2025 01:44:07.935;100036
2;05-03-2025 01:44:01.926;05-03-2025 01:44:11.976;10050
3;05-03-2025 01:42:27.899;05-03-2025 01:44:12.926;105027
2;05-03-2025 01:44:01.926;05-03-2025 01:44:15.480;13554
1;05-03-2025 01:43:41.874;05-03-2025 01:44:15.908;34034
3;05-03-2025 01:42:27.899;05-03-2025 01:44:17.930;110031
2;05-03-2025 01:44:17.692;05-03-2025 01:44:21.903;4211
3;05-03-2025 01:42:27.899;05-03-2025 01:44:22.931;115032
0;05-03-2025 01:44:19.597;05-03-2025 01:44:25.641;6044
1;05-03-2025 01:43:41.874;05-03-2025 01:44:25.774;43900
3;05-03-2025 01:42:27.899;05-03-2025 01:44:27.921;120022
0;05-03-2025 01:44:19.597;05-03-2025 01:44:28.571;8974
3;05-03-2025 01:42:27.899;05-03-2025 01:44:32.927;125028
3;05-03-2025 01:42:27.899;05-03-2025 01:44:37.930;130031
3;05-03-2025 01:42:27.899;05-03-2025 01:44:42.933;135034
3;05-03-2025 01:42:27.899;05-03-2025 01:44:47.923;140024
3;05-03-2025 01:42:27.899;05-03-2025 01:44:52.913;145014
3;05-03-2025 01:42:27.899;05-03-2025 01:44:57.919;150020
3;05-03-2025 01:42:27.899;05-03-2025 01:45:02.968;155069
3;05-03-2025 01:42:27.899;05-03-2025 01:45:07.926;160027
3;05-03-2025 01:42:27.899;05-03-2025 01:45:12.953;165054
3;05-03-2025 01:42:27.899;05-03-2025 01:45:17.924;170025
3;05-03-2025 01:42:27.899;05-03-2025 01:45:22.931;175032
3;05-03-2025 01:42:27.899;05-03-2025 01:45:27.936;180037
1;05-03-2025 01:45:27.143;05-03-2025 01:45:41.183;14040
2;05-03-2025 01:44:50.531;05-03-2025 01:45:43.551;53020
3;05-03-2025 01:45:52.916;05-03-2025 01:45:52.960;44
3;05-03-2025 01:46:02.985;05-03-2025 01:46:03.030;45
3;05-03-2025 01:46:02.985;05-03-2025 01:46:03.078;93
3;05-03-2025 01:46:02.985;05-03-2025 01:46:03.137;152
3;05-03-2025 01:46:02.985;05-03-2025 01:46:07.927;4942
3;05-03-2025 01:46:02.985;05-03-2025 01:46:12.930;9945
3;05-03-2025 01:46:02.985;05-03-2025 01:46:17.920;14935
3;05-03-2025 01:46:02.985;05-03-2025 01:46:22.928;19943
3;05-03-2025 01:46:02.985;05-03-2025 01:46:27.934;24949
3;05-03-2025 01:46:02.985;05-03-2025 01:46:32.924;29939
0;05-03-2025 01:46:34.885;05-03-2025 01:46:37.455;2570
3;05-03-2025 01:46:02.985;05-03-2025 01:46:37.929;34944
2;05-03-2025 01:46:00.993;05-03-2025 01:46:41.135;40142
3;05-03-2025 01:46:02.985;05-03-2025 01:46:42.933;39948
3;05-03-2025 01:46:02.985;05-03-2025 01:46:47.938;44953
3;05-03-2025 01:46:02.985;05-03-2025 01:46:52.927;49942
3;05-03-2025 01:46:02.985;05-03-2025 01:46:57.935;54950
0;05-03-2025 01:46:59.580;05-03-2025 01:47:00.024;444
3;05-03-2025 01:46:02.985;05-03-2025 01:47:02.924;59939
0;05-03-2025 01:46:59.580;05-03-2025 01:47:03.327;3747
1;05-03-2025 01:45:27.143;05-03-2025 01:47:06.805;99662
2;05-03-2025 01:46:45.124;05-03-2025 01:47:07.109;21985
3;05-03-2025 01:46:02.985;05-03-2025 01:47:07.931;64946
3;05-03-2025 01:46:02.985;05-03-2025 01:47:12.920;69935
3;05-03-2025 01:46:02.985;05-03-2025 01:47:17.924;74939
1;05-03-2025 01:47:16.842;05-03-2025 01:47:22.685;5843
3;05-03-2025 01:46:02.985;05-03-2025 01:47:22.930;79945
3;05-03-2025 01:46:02.985;05-03-2025 01:47:27.932;84947
3;05-03-2025 01:46:02.985;05-03-2025 01:47:32.938;89953
3;05-03-2025 01:46:02.985;05-03-2025 01:47:37.929;94944
3;05-03-2025 01:46:02.985;05-03-2025 01:47:42.919;99934
3;05-03-2025 01:46:02.985;05-03-2025 01:47:47.920;104935
3;05-03-2025 01:46:02.985;05-03-2025 01:47:52.947;109962
3;05-03-2025 01:46:02.985;05-03-2025 01:47:57.935;114950
3;05-03-2025 01:46:02.985;05-03-2025 01:48:02.940;119955
3;05-03-2025 01:46:02.985;05-03-2025 01:48:07.928;124943
0;05-03-2025 01:47:29.596;05-03-2025 01:48:09.617;40021
3;05-03-2025 01:46:02.985;05-03-2025 01:48:12.930;129945
3;05-03-2025 01:46:02.985;05-03-2025 01:48:17.922;134937
0;05-03-2025 01:47:29.596;05-03-2025 01:48:18.331;48735
2;05-03-2025 01:48:05.518;05-03-2025 01:48:20.635;15117
3;05-03-2025 01:46:02.985;05-03-2025 01:48:22.943;139958
3;05-03-2025 01:46:02.985;05-03-2025 01:48:27.930;144945
0;05-03-2025 01:47:29.596;05-03-2025 01:48:31.937;62341
3;05-03-2025 01:46:02.985;05-03-2025 01:48:32.937;149952
3;05-03-2025 01:46:02.985;05-03-2025 01:48:37.925;154940
0;05-03-2025 01:47:29.596;05-03-2025 01:48:41.036;71440
3;05-03-2025 01:46:02.985;05-03-2025 01:48:42.931;159946
3;05-03-2025 01:46:02.985;05-03-2025 01:48:47.920;164935
0;05-03-2025 01:47:29.596;05-03-2025 01:48:49.301;79705
3;05-03-2025 01:46:02.985;05-03-2025 01:48:52.964;169979
0;05-03-2025 01:47:29.596;05-03-2025 01:48:55.389;85793
3;05-03-2025 01:46:02.985;05-03-2025 01:48:57.942;174957
3;05-03-2025 01:46:02.985;05-03-2025 01:49:02.934;179949
3;05-03-2025 01:46:02.985;05-03-2025 01:49:07.921;184936
3;05-03-2025 01:46:02.985;05-03-2025 01:49:12.928;189943
3;05-03-2025 01:46:02.985;05-03-2025 01:49:17.917;194932
0;05-03-2025 01:47:29.596;05-03-2025 01:49:17.991;108395
0;05-03-2025 01:53:56.451;05-03-2025 01:53:59.515;3064
1;05-03-2025 01:53:52.994;05-03-2025 01:54:00.267;7273
3;05-03-2025 01:54:07.899;05-03-2025 01:54:07.946;47
3;05-03-2025 01:54:07.899;05-03-2025 01:54:07.993;94
3;05-03-2025 01:54:07.899;05-03-2025 01:54:12.934;5035
3;05-03-2025 01:54:07.899;05-03-2025 01:54:17.921;10022
3;05-03-2025 01:54:07.899;05-03-2025 01:54:22.925;15026
1;05-03-2025 01:54:22.502;05-03-2025 01:54:27.872;5370
3;05-03-2025 01:54:07.899;05-03-2025 01:54:27.931;20032
2;05-03-2025 01:54:28.920;05-03-2025 01:54:30.469;1549
3;05-03-2025 01:54:07.899;05-03-2025 01:54:32.921;25022
2;05-03-2025 01:54:28.920;05-03-2025 01:54:34.546;5626
3;05-03-2025 01:54:07.899;05-03-2025 01:54:37.922;30023
3;05-03-2025 01:54:07.899;05-03-2025 01:54:42.929;35030
1;05-03-2025 01:54:34.412;05-03-2025 01:54:46.369;11957
3;05-03-2025 01:54:07.899;05-03-2025 01:54:47.933;40034
1;05-03-2025 01:54:34.412;05-03-2025 01:54:50.551;16139
3;05-03-2025 01:54:07.899;05-03-2025 01:54:52.939;45040
1;05-03-2025 01:54:34.412;05-03-2025 01:54:55.636;21224
3;05-03-2025 01:54:07.899;05-03-2025 01:54:57.929;50030
1;05-03-2025 01:54:57.998;05-03-2025 01:54:58.030;32
2;05-03-2025 01:54:55.930;05-03-2025 01:55:00.562;4632
3;05-03-2025 01:54:07.899;05-03-2025 01:55:02.935;55036
3;05-03-2025 01:54:07.899;05-03-2025 01:55:07.927;60028
3;05-03-2025 01:54:07.899;05-03-2025 01:55:12.932;65033
1;05-03-2025 01:55:02.641;05-03-2025 01:55:15.304;12663
3;05-03-2025 01:54:07.899;05-03-2025 01:55:17.939;70040
3;05-03-2025 01:54:07.899;05-03-2025 01:55:22.957;75058
3;05-03-2025 01:54:07.899;05-03-2025 01:55:27.932;80033
2;05-03-2025 01:55:15.701;05-03-2025 01:55:30.610;14909
3;05-03-2025 01:54:07.899;05-03-2025 01:55:32.936;85037
2;05-03-2025 01:55:15.701;05-03-2025 01:55:34.786;19085
1;05-03-2025 01:55:28.796;05-03-2025 01:55:35.506;6710
3;05-03-2025 01:54:07.899;05-03-2025 01:55:37.926;90027
3;05-03-2025 01:55:52.897;05-03-2025 01:55:52.942;45
3;05-03-2025 01:55:52.897;05-03-2025 01:55:52.988;91
3;05-03-2025 01:55:52.897;05-03-2025 01:55:57.931;5034
3;05-03-2025 01:55:52.897;05-03-2025 01:56:02.952;10055
3;05-03-2025 01:55:52.897;05-03-2025 01:56:07.924;15027
3;05-03-2025 01:55:52.897;05-03-2025 01:56:12.931;20034
2;05-03-2025 01:55:15.701;05-03-2025 01:56:15.772;60071
1;05-03-2025 01:55:28.796;05-03-2025 01:56:17.809;49013
3;05-03-2025 01:55:52.897;05-03-2025 01:56:17.935;25038
2;05-03-2025 01:55:15.701;05-03-2025 01:56:20.632;64931
3;05-03-2025 01:55:52.897;05-03-2025 01:56:22.923;30026
3;05-03-2025 01:55:52.897;05-03-2025 01:56:27.929;35032
2;05-03-2025 01:55:15.701;05-03-2025 01:56:28.082;72381
3;05-03-2025 01:55:52.897;05-03-2025 01:56:32.933;40036
1;05-03-2025 01:55:28.796;05-03-2025 01:56:35.789;66993
1;05-03-2025 01:55:28.796;05-03-2025 01:56:40.233;71437
2;05-03-2025 01:56:31.735;05-03-2025 01:56:40.636;8901
2;05-03-2025 01:56:31.735;05-03-2025 01:56:43.158;11423
1;05-03-2025 01:55:28.796;05-03-2025 01:56:45.254;76458
3;05-03-2025 01:56:47.892;05-03-2025 01:56:47.927;35
1;05-03-2025 01:55:28.796;05-03-2025 01:56:50.753;81957
2;05-03-2025 01:56:43.437;05-03-2025 01:56:50.990;7553
3;05-03-2025 01:56:47.892;05-03-2025 01:56:52.933;5041
3;05-03-2025 01:56:47.892;05-03-2025 01:56:57.924;10032
1;05-03-2025 01:55:28.796;05-03-2025 01:57:02.517;93721
3;05-03-2025 01:56:47.892;05-03-2025 01:57:02.930;15038
1;05-03-2025 01:55:28.796;05-03-2025 01:57:05.915;97119
3;05-03-2025 01:56:47.892;05-03-2025 01:57:07.921;20029
2;05-03-2025 01:56:43.437;05-03-2025 01:57:12.008;28571
3;05-03-2025 01:56:47.892;05-03-2025 01:57:12.927;25035
2;05-03-2025 01:56:43.437;05-03-2025 01:57:16.070;32633
3;05-03-2025 01:56:47.892;05-03-2025 01:57:17.933;30041
3;05-03-2025 01:56:47.892;05-03-2025 01:57:22.922;35030
1;05-03-2025 01:55:28.796;05-03-2025 01:57:30.125;121329
3;05-03-2025 01:57:37.898;05-03-2025 01:57:37.939;41
3;05-03-2025 01:57:37.898;05-03-2025 01:57:38.001;103
3;05-03-2025 01:57:37.898;05-03-2025 01:57:42.928;5030
3;05-03-2025 01:57:37.898;05-03-2025 01:57:47.934;10036
1;05-03-2025 01:55:28.796;05-03-2025 01:57:50.440;141644
3;05-03-2025 01:57:37.898;05-03-2025 01:57:52.921;15023
1;05-03-2025 01:55:28.796;05-03-2025 01:57:55.667;146871
2;05-03-2025 01:57:30.762;05-03-2025 01:57:56.240;25478
3;05-03-2025 01:57:37.898;05-03-2025 01:57:57.924;20026
3;05-03-2025 01:57:37.898;05-03-2025 01:58:02.932;25034
3;05-03-2025 01:57:37.898;05-03-2025 01:58:07.923;30025
2;05-03-2025 01:57:30.762;05-03-2025 01:58:10.111;39349
3;05-03-2025 01:57:37.898;05-03-2025 01:58:12.930;35032
1;05-03-2025 01:55:28.796;05-03-2025 01:58:15.583;166787
2;05-03-2025 01:58:10.613;05-03-2025 01:58:15.821;5208
3;05-03-2025 01:57:37.898;05-03-2025 01:58:17.919;40021
1;05-03-2025 01:55:28.796;05-03-2025 01:58:20.553;171757
2;05-03-2025 01:58:10.613;05-03-2025 01:58:21.221;10608
3;05-03-2025 01:57:37.898;05-03-2025 01:58:22.922;45024
2;05-03-2025 01:58:10.613;05-03-2025 01:58:25.782;15169
3;05-03-2025 01:57:37.898;05-03-2025 01:58:27.928;50030
2;05-03-2025 01:58:10.613;05-03-2025 01:58:31.122;20509
3;05-03-2025 01:57:37.898;05-03-2025 01:58:32.934;55036
3;05-03-2025 01:57:37.898;05-03-2025 01:58:37.921;60023
1;05-03-2025 01:55:28.796;05-03-2025 01:58:40.186;191390
3;05-03-2025 01:57:37.898;05-03-2025 01:58:42.926;65028
1;05-03-2025 01:55:28.796;05-03-2025 01:58:43.050;194254
2;05-03-2025 01:58:10.613;05-03-2025 01:58:45.925;35312
3;05-03-2025 01:57:37.898;05-03-2025 01:58:47.930;70032
2;05-03-2025 01:58:10.613;05-03-2025 01:58:48.293;37680
1;05-03-2025 01:55:28.796;05-03-2025 01:58:52.161;203365
3;05-03-2025 01:57:37.898;05-03-2025 01:58:52.953;75055
1;05-03-2025 01:55:28.796;05-03-2025 01:58:53.040;204244
2;05-03-2025 01:58:10.613;05-03-2025 01:58:55.605;44992
3;05-03-2025 01:57:37.898;05-03-2025 01:58:57.927;80029
1;05-03-2025 01:55:28.796;05-03-2025 01:59:00.064;211268
2;05-03-2025 01:58:10.613;05-03-2025 01:59:00.576;49963
3;05-03-2025 01:57:37.898;05-03-2025 01:59:02.932;85034
2;05-03-2025 01:58:10.613;05-03-2025 01:59:06.828;56215
3;05-03-2025 01:57:37.898;05-03-2025 01:59:07.922;90024
3;05-03-2025 01:57:37.898;05-03-2025 01:59:12.925;95027
2;05-03-2025 01:58:10.613;05-03-2025 01:59:15.415;64802
3;05-03-2025 01:57:37.898;05-03-2025 01:59:17.928;100030
2;05-03-2025 01:58:10.613;05-03-2025 01:59:19.005;68392
0;05-03-2025 01:59:20.739;05-03-2025 01:59:21.693;954
3;05-03-2025 01:57:37.898;05-03-2025 01:59:22.936;105038
3;05-03-2025 01:57:37.898;05-03-2025 01:59:27.924;110026
2;05-03-2025 01:58:10.613;05-03-2025 01:59:30.270;79657
1;05-03-2025 01:55:28.796;05-03-2025 01:59:32.229;243433
3;05-03-2025 01:57:37.898;05-03-2025 01:59:32.929;115031
1;05-03-2025 01:55:28.796;05-03-2025 01:59:32.965;244169
3;05-03-2025 01:57:37.898;05-03-2025 01:59:37.935;120037
1;05-03-2025 01:55:28.796;05-03-2025 01:59:39.944;251148
3;05-03-2025 01:57:37.898;05-03-2025 01:59:42.923;125025
3;05-03-2025 01:57:37.898;05-03-2025 01:59:47.930;130032
3;05-03-2025 01:57:37.898;05-03-2025 01:59:52.934;135036
2;05-03-2025 01:58:10.613;05-03-2025 01:59:53.185;102572
1;05-03-2025 01:55:28.796;05-03-2025 01:59:56.457;267661
3;05-03-2025 01:57:37.898;05-03-2025 01:59:57.922;140024
2;05-03-2025 01:58:10.613;05-03-2025 02:00:00.906;110293
3;05-03-2025 01:57:37.898;05-03-2025 02:00:02.930;145032
3;05-03-2025 01:57:37.898;05-03-2025 02:00:07.924;150026
2;05-03-2025 01:58:10.613;05-03-2025 02:00:12.650;122037
3;05-03-2025 01:57:37.898;05-03-2025 02:00:12.929;155031
3;05-03-2025 01:57:37.898;05-03-2025 02:00:17.919;160021
1;05-03-2025 01:55:28.796;05-03-2025 02:00:21.325;292529
2;05-03-2025 01:58:10.613;05-03-2025 02:00:21.414;130801
3;05-03-2025 01:57:37.898;05-03-2025 02:00:22.927;165029
1;05-03-2025 01:55:28.796;05-03-2025 02:00:26.015;297219
3;05-03-2025 01:57:37.898;05-03-2025 02:00:27.928;170030
3;05-03-2025 01:57:37.898;05-03-2025 02:00:32.918;175020
3;05-03-2025 01:57:37.898;05-03-2025 02:00:37.924;180026
3;05-03-2025 01:57:37.898;05-03-2025 02:00:42.932;185034
3;05-03-2025 01:57:37.898;05-03-2025 02:00:47.934;190036
3;05-03-2025 01:57:37.898;05-03-2025 02:00:52.925;195027
3;05-03-2025 01:57:37.898;05-03-2025 02:00:57.931;200033
3;05-03-2025 01:57:37.898;05-03-2025 02:01:02.919;205021
2;05-03-2025 01:58:10.613;05-03-2025 02:01:04.593;173980
3;05-03-2025 01:57:37.898;05-03-2025 02:01:07.923;210025
3;05-03-2025 01:57:37.898;05-03-2025 02:01:12.928;215030
0;05-03-2025 02:01:14.319;05-03-2025 02:01:16.841;2522
3;05-03-2025 01:57:37.898;05-03-2025 02:01:17.933;220035
0;05-03-2025 02:01:14.319;05-03-2025 02:01:19.576;5257
2;05-03-2025 01:58:10.613;05-03-2025 02:01:20.349;189736
3;05-03-2025 01:57:37.898;05-03-2025 02:01:22.926;225028
3;05-03-2025 01:57:37.898;05-03-2025 02:01:27.931;230033
3;05-03-2025 01:57:37.898;05-03-2025 02:01:32.920;235022
3;05-03-2025 01:57:37.898;05-03-2025 02:01:37.927;240029
2;05-03-2025 02:01:42.608;05-03-2025 02:01:50.346;7738
3;05-03-2025 02:01:52.899;05-03-2025 02:01:52.944;45
3;05-03-2025 02:01:52.899;05-03-2025 02:01:52.992;93
3;05-03-2025 02:01:52.899;05-03-2025 02:01:57.932;5033
3;05-03-2025 02:01:52.899;05-03-2025 02:02:02.939;10040
3;05-03-2025 02:01:52.899;05-03-2025 02:02:07.928;15029
2;05-03-2025 02:02:11.405;05-03-2025 02:02:11.877;472
3;05-03-2025 02:01:52.899;05-03-2025 02:02:12.930;20031
3;05-03-2025 02:01:52.899;05-03-2025 02:02:17.934;25035
3;05-03-2025 02:01:52.899;05-03-2025 02:02:22.925;30026
3;05-03-2025 02:01:52.899;05-03-2025 02:02:27.930;35031
3;05-03-2025 02:01:52.899;05-03-2025 02:02:32.934;40035
2;05-03-2025 02:02:22.360;05-03-2025 02:02:37.589;15229
3;05-03-2025 02:01:52.899;05-03-2025 02:02:37.924;45025
3;05-03-2025 02:01:52.899;05-03-2025 02:02:42.928;50029
3;05-03-2025 02:01:52.899;05-03-2025 02:02:47.924;55025
3;05-03-2025 02:01:52.899;05-03-2025 02:02:52.945;60046
0;05-03-2025 02:01:58.024;05-03-2025 02:02:52.962;54938
2;05-03-2025 02:02:22.360;05-03-2025 02:02:55.754;33394
3;05-03-2025 02:01:52.899;05-03-2025 02:02:57.928;65029
0;05-03-2025 02:02:58.686;05-03-2025 02:03:00.704;2018
2;05-03-2025 02:03:00.905;05-03-2025 02:03:00.922;17
3;05-03-2025 02:01:52.899;05-03-2025 02:03:02.935;70036
2;05-03-2025 02:03:00.905;05-03-2025 02:03:05.918;5013
0;05-03-2025 02:03:05.900;05-03-2025 02:03:05.950;50
1;05-03-2025 02:02:33.686;05-03-2025 02:03:06.046;32360
3;05-03-2025 02:01:52.899;05-03-2025 02:03:07.925;75026
3;05-03-2025 02:01:52.899;05-03-2025 02:03:12.931;80032
3;05-03-2025 02:01:52.899;05-03-2025 02:03:17.952;85053
3;05-03-2025 02:01:52.899;05-03-2025 02:03:22.926;90027
3;05-03-2025 02:01:52.899;05-03-2025 02:03:27.934;95035
2;05-03-2025 02:03:17.424;05-03-2025 02:03:30.453;13029
3;05-03-2025 02:01:52.899;05-03-2025 02:03:32.938;100039
2;05-03-2025 02:03:35.341;05-03-2025 02:03:36.461;1120
3;05-03-2025 02:01:52.899;05-03-2025 02:03:37.923;105024
1;05-03-2025 02:03:23.265;05-03-2025 02:03:38.671;15406
3;05-03-2025 02:01:52.899;05-03-2025 02:03:42.929;110030
1;05-03-2025 02:03:23.265;05-03-2025 02:03:43.164;19899
3;05-03-2025 02:01:52.899;05-03-2025 02:03:47.935;115036
3;05-03-2025 02:01:52.899;05-03-2025 02:03:52.924;120025
3;05-03-2025 02:01:52.899;05-03-2025 02:03:57.929;125030
3;05-03-2025 02:01:52.899;05-03-2025 02:04:02.931;130032
1;05-03-2025 02:03:23.265;05-03-2025 02:04:06.059;42794
3;05-03-2025 02:01:52.899;05-03-2025 02:04:07.925;135026
2;05-03-2025 02:03:35.341;05-03-2025 02:04:10.844;35503
3;05-03-2025 02:01:52.899;05-03-2025 02:04:12.929;140030
3;05-03-2025 02:01:52.899;05-03-2025 02:04:17.931;145032
0;05-03-2025 02:03:05.900;05-03-2025 02:04:21.924;76024
1;05-03-2025 02:04:21.032;05-03-2025 02:04:22.675;1643
3;05-03-2025 02:01:52.899;05-03-2025 02:04:22.924;150025
1;05-03-2025 02:04:21.032;05-03-2025 02:04:25.459;4427
2;05-03-2025 02:03:35.341;05-03-2025 02:04:27.679;52338
3;05-03-2025 02:01:52.899;05-03-2025 02:04:27.951;155052
3;05-03-2025 02:01:52.899;05-03-2025 02:04:32.929;160030
3;05-03-2025 02:01:52.899;05-03-2025 02:04:37.959;165060
2;05-03-2025 02:03:35.341;05-03-2025 02:04:40.137;64796
3;05-03-2025 02:01:52.899;05-03-2025 02:04:42.924;170025
0;05-03-2025 02:04:41.978;05-03-2025 02:04:45.190;3212
1;05-03-2025 02:04:21.032;05-03-2025 02:04:45.734;24702
3;05-03-2025 02:01:52.899;05-03-2025 02:04:47.915;175016
0;05-03-2025 02:04:41.978;05-03-2025 02:04:51.949;9971
3;05-03-2025 02:01:52.899;05-03-2025 02:04:52.921;180022
0;05-03-2025 02:04:41.978;05-03-2025 02:04:54.499;12521
3;05-03-2025 02:01:52.899;05-03-2025 02:04:57.927;185028
0;05-03-2025 02:04:41.978;05-03-2025 02:05:07.435;25457
3;05-03-2025 02:05:12.899;05-03-2025 02:05:12.943;44
3;05-03-2025 02:05:12.899;05-03-2025 02:05:12.991;92
3;05-03-2025 02:05:12.899;05-03-2025 02:05:17.934;5035
3;05-03-2025 02:05:12.899;05-03-2025 02:05:22.929;10030
3;05-03-2025 02:05:12.899;05-03-2025 02:05:27.929;15030
3;05-03-2025 02:05:12.899;05-03-2025 02:05:32.928;20029
2;05-03-2025 02:05:14.645;05-03-2025 02:05:36.984;22339
3;05-03-2025 02:05:12.899;05-03-2025 02:05:38.253;25354
3;05-03-2025 02:05:12.899;05-03-2025 02:05:42.924;30025
3;05-03-2025 02:05:12.899;05-03-2025 02:05:47.929;35030
3;05-03-2025 02:05:12.899;05-03-2025 02:05:52.935;40036
3;05-03-2025 02:05:12.899;05-03-2025 02:05:57.927;45028
1;05-03-2025 02:05:46.211;05-03-2025 02:06:02.571;16360
3;05-03-2025 02:05:12.899;05-03-2025 02:06:02.929;50030
3;05-03-2025 02:05:12.899;05-03-2025 02:06:07.961;55062
3;05-03-2025 02:05:12.899;05-03-2025 02:06:12.948;60049
1;05-03-2025 02:05:46.211;05-03-2025 02:06:17.330;31119
3;05-03-2025 02:05:12.899;05-03-2025 02:06:17.928;65029
1;05-03-2025 02:06:17.552;05-03-2025 02:06:20.194;2642
3;05-03-2025 02:05:12.899;05-03-2025 02:06:22.937;70038
1;05-03-2025 02:06:17.552;05-03-2025 02:06:25.234;7682
2;05-03-2025 02:06:15.937;05-03-2025 02:06:25.361;9424
3;05-03-2025 02:05:12.899;05-03-2025 02:06:27.925;75026
3;05-03-2025 02:05:12.899;05-03-2025 02:06:32.927;80028
3;05-03-2025 02:05:12.899;05-03-2025 02:06:37.920;85021
3;05-03-2025 02:05:12.899;05-03-2025 02:06:42.939;90040
3;05-03-2025 02:05:12.899;05-03-2025 02:06:47.929;95030
3;05-03-2025 02:05:12.899;05-03-2025 02:06:52.935;100036
3;05-03-2025 02:05:12.899;05-03-2025 02:06:57.948;105049
3;05-03-2025 02:05:12.899;05-03-2025 02:07:02.928;110029
3;05-03-2025 02:05:12.899;05-03-2025 02:07:07.933;115034
2;05-03-2025 02:06:37.428;05-03-2025 02:07:10.839;33411
3;05-03-2025 02:05:12.899;05-03-2025 02:07:12.923;120024
3;05-03-2025 02:05:12.899;05-03-2025 02:07:17.929;125030
3;05-03-2025 02:05:12.899;05-03-2025 02:07:22.934;130035
2;05-03-2025 02:06:37.428;05-03-2025 02:07:27.215;49787
3;05-03-2025 02:05:12.899;05-03-2025 02:07:27.924;135025
3;05-03-2025 02:05:12.899;05-03-2025 02:07:32.929;140030
2;05-03-2025 02:06:37.428;05-03-2025 02:07:50.806;73378
2;05-03-2025 02:06:37.428;05-03-2025 02:07:53.150;75722
1;05-03-2025 02:07:49.340;05-03-2025 02:07:55.102;5762
3;05-03-2025 02:07:57.903;05-03-2025 02:07:57.937;34
3;05-03-2025 02:07:57.903;05-03-2025 02:07:58.009;106
1;05-03-2025 02:07:49.340;05-03-2025 02:07:58.072;8732
2;05-03-2025 02:06:37.428;05-03-2025 02:08:00.652;83224
3;05-03-2025 02:07:57.903;05-03-2025 02:08:02.927;5024
1;05-03-2025 02:07:49.340;05-03-2025 02:08:03.041;13701
2;05-03-2025 02:06:37.428;05-03-2025 02:08:07.149;89721
3;05-03-2025 02:07:57.903;05-03-2025 02:08:07.931;10028
1;05-03-2025 02:07:49.340;05-03-2025 02:08:10.595;21255
2;05-03-2025 02:06:37.428;05-03-2025 02:08:10.691;93263
3;05-03-2025 02:07:57.903;05-03-2025 02:08:12.922;15019
1;05-03-2025 02:07:49.340;05-03-2025 02:08:15.763;26423
3;05-03-2025 02:07:57.903;05-03-2025 02:08:17.923;20020
1;05-03-2025 02:08:17.276;05-03-2025 02:08:18.333;1057
2;05-03-2025 02:08:13.068;05-03-2025 02:08:22.359;9291
3;05-03-2025 02:07:57.903;05-03-2025 02:08:22.925;25022
1;05-03-2025 02:08:22.390;05-03-2025 02:08:23.206;816
0;05-03-2025 02:08:23.477;05-03-2025 02:08:27.526;4049
3;05-03-2025 02:07:57.903;05-03-2025 02:08:27.933;30030
3;05-03-2025 02:07:57.903;05-03-2025 02:08:32.932;35029
1;05-03-2025 02:08:28.911;05-03-2025 02:08:35.561;6650
3;05-03-2025 02:07:57.903;05-03-2025 02:08:37.938;40035
1;05-03-2025 02:08:28.911;05-03-2025 02:08:38.555;9644
2;05-03-2025 02:08:13.068;05-03-2025 02:08:38.700;25632
3;05-03-2025 02:07:57.903;05-03-2025 02:08:42.928;45025
2;05-03-2025 02:08:13.068;05-03-2025 02:08:45.413;32345
3;05-03-2025 02:07:57.903;05-03-2025 02:08:47.932;50029
2;05-03-2025 02:08:13.068;05-03-2025 02:08:50.374;37306
3;05-03-2025 02:07:57.903;05-03-2025 02:08:52.921;55018
1;05-03-2025 02:08:28.911;05-03-2025 02:08:53.106;24195
3;05-03-2025 02:07:57.903;05-03-2025 02:08:57.925;60022
3;05-03-2025 02:07:57.903;05-03-2025 02:09:02.930;65027
3;05-03-2025 02:07:57.903;05-03-2025 02:09:07.919;70016
3;05-03-2025 02:09:22.901;05-03-2025 02:09:22.954;53
3;05-03-2025 02:09:22.901;05-03-2025 02:09:23.026;125
3;05-03-2025 02:09:22.901;05-03-2025 02:09:27.927;5026
3;05-03-2025 02:09:22.901;05-03-2025 02:09:32.932;10031
1;05-03-2025 02:09:31.250;05-03-2025 02:09:34.429;3179
3;05-03-2025 02:09:22.901;05-03-2025 02:09:37.924;15023
3;05-03-2025 02:09:22.901;05-03-2025 02:09:42.929;20028
1;05-03-2025 02:09:31.250;05-03-2025 02:09:45.797;14547
3;05-03-2025 02:09:22.901;05-03-2025 02:09:47.921;25020
1;05-03-2025 02:09:31.250;05-03-2025 02:09:49.716;18466
2;05-03-2025 02:08:13.068;05-03-2025 02:09:51.221;98153
3;05-03-2025 02:09:22.901;05-03-2025 02:09:52.928;30027
3;05-03-2025 02:09:22.901;05-03-2025 02:09:57.934;35033
2;05-03-2025 02:08:13.068;05-03-2025 02:10:00.182;107114
3;05-03-2025 02:09:22.901;05-03-2025 02:10:02.935;40034
2;05-03-2025 02:08:13.068;05-03-2025 02:10:07.005;113937
3;05-03-2025 02:09:22.901;05-03-2025 02:10:07.923;45022
1;05-03-2025 02:09:31.250;05-03-2025 02:10:07.997;36747
3;05-03-2025 02:09:22.901;05-03-2025 02:10:12.928;50027
2;05-03-2025 02:08:13.068;05-03-2025 02:10:25.235;132167
1;05-03-2025 02:09:31.250;05-03-2025 02:10:27.295;56045
3;05-03-2025 02:10:27.897;05-03-2025 02:10:27.941;44
3;05-03-2025 02:10:27.897;05-03-2025 02:10:27.987;90
1;05-03-2025 02:09:31.250;05-03-2025 02:10:30.431;59181
2;05-03-2025 02:08:13.068;05-03-2025 02:10:30.719;137651
3;05-03-2025 02:10:27.897;05-03-2025 02:10:32.932;5035
1;05-03-2025 02:09:31.250;05-03-2025 02:10:33.998;62748
2;05-03-2025 02:08:13.068;05-03-2025 02:10:35.502;142434
3;05-03-2025 02:10:27.897;05-03-2025 02:10:37.920;10023
2;05-03-2025 02:08:13.068;05-03-2025 02:10:40.489;147421
3;05-03-2025 02:10:27.897;05-03-2025 02:10:42.941;15044
1;05-03-2025 02:09:31.250;05-03-2025 02:10:43.300;72050
2;05-03-2025 02:08:13.068;05-03-2025 02:10:43.905;150837
3;05-03-2025 02:10:27.897;05-03-2025 02:10:47.930;20033
1;05-03-2025 02:09:31.250;05-03-2025 02:10:50.212;78962
2;05-03-2025 02:08:13.068;05-03-2025 02:10:50.454;157386
3;05-03-2025 02:10:27.897;05-03-2025 02:10:52.934;25037
2;05-03-2025 02:08:13.068;05-03-2025 02:10:55.712;162644
1;05-03-2025 02:09:31.250;05-03-2025 02:10:55.824;84574
3;05-03-2025 02:10:27.897;05-03-2025 02:10:57.940;30043
1;05-03-2025 02:09:31.250;05-03-2025 02:10:58.145;86895
2;05-03-2025 02:08:13.068;05-03-2025 02:10:58.713;165645
3;05-03-2025 02:10:27.897;05-03-2025 02:11:02.928;35031
1;05-03-2025 02:09:31.250;05-03-2025 02:11:03.040;91790
2;05-03-2025 02:08:13.068;05-03-2025 02:11:03.274;170206
1;05-03-2025 02:09:31.250;05-03-2025 02:11:10.448;99198
1;05-03-2025 02:09:31.250;05-03-2025 02:11:16.304;105054
3;05-03-2025 02:11:17.899;05-03-2025 02:11:17.942;43
3;05-03-2025 02:11:17.899;05-03-2025 02:11:17.990;91
1;05-03-2025 02:09:31.250;05-03-2025 02:11:18.226;106976
3;05-03-2025 02:11:17.899;05-03-2025 02:11:22.931;5032
1;05-03-2025 02:09:31.250;05-03-2025 02:11:25.343;114093
3;05-03-2025 02:11:17.899;05-03-2025 02:11:27.923;10024
1;05-03-2025 02:09:31.250;05-03-2025 02:11:30.125;118875
3;05-03-2025 02:11:17.899;05-03-2025 02:11:32.924;15025
1;05-03-2025 02:09:31.250;05-03-2025 02:11:33.112;121862
2;05-03-2025 02:08:13.068;05-03-2025 02:11:33.272;200204
3;05-03-2025 02:11:17.899;05-03-2025 02:11:37.929;20030
2;05-03-2025 02:08:13.068;05-03-2025 02:11:40.356;207288
1;05-03-2025 02:09:31.250;05-03-2025 02:11:41.021;129771
3;05-03-2025 02:11:17.899;05-03-2025 02:11:42.920;25021
2;05-03-2025 02:08:13.068;05-03-2025 02:11:45.117;212049
1;05-03-2025 02:09:31.250;05-03-2025 02:11:45.189;133939
3;05-03-2025 02:11:17.899;05-03-2025 02:11:47.938;30039
2;05-03-2025 02:08:13.068;05-03-2025 02:11:50.203;217135
1;05-03-2025 02:09:31.250;05-03-2025 02:11:50.299;139049
3;05-03-2025 02:11:17.899;05-03-2025 02:11:52.928;35029
2;05-03-2025 02:08:13.068;05-03-2025 02:11:55.345;222277
1;05-03-2025 02:09:31.250;05-03-2025 02:11:55.815;144565
3;05-03-2025 02:11:17.899;05-03-2025 02:11:57.918;40019
2;05-03-2025 02:08:13.068;05-03-2025 02:12:00.807;227739
3;05-03-2025 02:11:17.899;05-03-2025 02:12:02.922;45023
1;05-03-2025 02:09:31.250;05-03-2025 02:12:03.987;152737
2;05-03-2025 02:08:13.068;05-03-2025 02:12:05.763;232695
3;05-03-2025 02:11:17.899;05-03-2025 02:12:07.928;50029
3;05-03-2025 02:11:17.899;05-03-2025 02:12:12.934;55035
3;05-03-2025 02:11:17.899;05-03-2025 02:12:17.960;60061
2;05-03-2025 02:08:13.068;05-03-2025 02:12:18.198;245130
3;05-03-2025 02:11:17.899;05-03-2025 02:12:22.926;65027
3;05-03-2025 02:11:17.899;05-03-2025 02:12:27.931;70032
3;05-03-2025 02:11:17.899;05-03-2025 02:12:32.922;75023
3;05-03-2025 02:11:17.899;05-03-2025 02:12:37.929;80030
1;05-03-2025 02:09:31.250;05-03-2025 02:12:37.974;186724
3;05-03-2025 02:11:17.899;05-03-2025 02:12:42.933;85034
2;05-03-2025 02:08:13.068;05-03-2025 02:12:45.327;272259
3;05-03-2025 02:11:17.899;05-03-2025 02:12:47.923;90024
3;05-03-2025 02:11:17.899;05-03-2025 02:12:52.929;95030
1;05-03-2025 02:09:31.250;05-03-2025 02:12:55.802;204552
3;05-03-2025 02:11:17.899;05-03-2025 02:12:57.914;100015
3;05-03-2025 02:11:17.899;05-03-2025 02:13:02.938;105039
3;05-03-2025 02:11:17.899;05-03-2025 02:13:07.955;110056
3;05-03-2025 02:11:17.899;05-03-2025 02:13:12.930;115031
3;05-03-2025 02:11:17.899;05-03-2025 02:13:17.922;120023
3;05-03-2025 02:11:17.899;05-03-2025 02:13:22.930;125031
3;05-03-2025 02:11:17.899;05-03-2025 02:13:27.935;130036
0;05-03-2025 02:13:09.374;05-03-2025 02:13:32.656;23282
3;05-03-2025 02:11:17.899;05-03-2025 02:13:32.934;135035
3;05-03-2025 02:11:17.899;05-03-2025 02:13:37.923;140024
3;05-03-2025 02:11:17.899;05-03-2025 02:13:42.927;145028
3;05-03-2025 02:11:17.899;05-03-2025 02:13:47.934;150035
3;05-03-2025 02:11:17.899;05-03-2025 02:13:52.935;155036
0;05-03-2025 02:13:52.356;05-03-2025 02:14:05.577;13221
3;05-03-2025 02:14:07.900;05-03-2025 02:14:07.964;64
3;05-03-2025 02:14:07.900;05-03-2025 02:14:08.032;132
3;05-03-2025 02:14:07.900;05-03-2025 02:14:12.927;5027
3;05-03-2025 02:14:07.900;05-03-2025 02:14:17.934;10034
3;05-03-2025 02:14:07.900;05-03-2025 02:14:22.922;15022
3;05-03-2025 02:14:07.900;05-03-2025 02:14:27.928;20028
1;05-03-2025 02:14:21.798;05-03-2025 02:14:30.065;8267
2;05-03-2025 02:14:29.363;05-03-2025 02:14:30.494;1131
3;05-03-2025 02:14:07.900;05-03-2025 02:14:32.931;25031
1;05-03-2025 02:14:21.798;05-03-2025 02:14:33.388;11590
3;05-03-2025 02:14:07.900;05-03-2025 02:14:37.920;30020
3;05-03-2025 02:14:07.900;05-03-2025 02:14:42.926;35026
3;05-03-2025 02:14:07.900;05-03-2025 02:14:47.933;40033
3;05-03-2025 02:14:07.900;05-03-2025 02:14:52.924;45024
3;05-03-2025 02:14:07.900;05-03-2025 02:14:57.930;50030
1;05-03-2025 02:14:45.660;05-03-2025 02:14:58.035;12375
2;05-03-2025 02:14:50.506;05-03-2025 02:15:00.357;9851
3;05-03-2025 02:14:07.900;05-03-2025 02:15:02.962;55062
1;05-03-2025 02:15:13.104;05-03-2025 02:15:15.421;2317
3;05-03-2025 02:15:17.904;05-03-2025 02:15:17.937;33
3;05-03-2025 02:15:17.904;05-03-2025 02:15:17.969;65
2;05-03-2025 02:14:50.506;05-03-2025 02:15:20.548;30042
1;05-03-2025 02:15:13.104;05-03-2025 02:15:22.600;9496
3;05-03-2025 02:15:17.904;05-03-2025 02:15:22.926;5022
3;05-03-2025 02:15:17.904;05-03-2025 02:15:27.934;10030
2;05-03-2025 02:15:28.208;05-03-2025 02:15:31.702;3494
3;05-03-2025 02:15:17.904;05-03-2025 02:15:32.922;15018
3;05-03-2025 02:15:17.904;05-03-2025 02:15:37.928;20024
1;05-03-2025 02:15:13.104;05-03-2025 02:15:41.072;27968
0;05-03-2025 02:15:40.009;05-03-2025 02:15:41.696;1687
3;05-03-2025 02:15:17.904;05-03-2025 02:15:42.934;25030
1;05-03-2025 02:15:13.104;05-03-2025 02:15:46.029;32925
3;05-03-2025 02:15:17.904;05-03-2025 02:15:47.923;30019
2;05-03-2025 02:15:28.208;05-03-2025 02:15:48.552;20344
0;05-03-2025 02:15:40.009;05-03-2025 02:15:48.701;8692
1;05-03-2025 02:15:13.104;05-03-2025 02:15:50.323;37219
3;05-03-2025 02:15:17.904;05-03-2025 02:15:52.931;35027
3;05-03-2025 02:15:17.904;05-03-2025 02:15:57.935;40031
1;05-03-2025 02:15:13.104;05-03-2025 02:16:01.766;48662
3;05-03-2025 02:15:17.904;05-03-2025 02:16:02.924;45020
2;05-03-2025 02:15:58.826;05-03-2025 02:16:03.047;4221
3;05-03-2025 02:15:17.904;05-03-2025 02:16:07.931;50027
1;05-03-2025 02:15:13.104;05-03-2025 02:16:09.892;56788
3;05-03-2025 02:15:17.904;05-03-2025 02:16:12.963;55059
2;05-03-2025 02:16:11.462;05-03-2025 02:16:15.885;4423
1;05-03-2025 02:15:13.104;05-03-2025 02:16:16.388;63284
3;05-03-2025 02:15:17.904;05-03-2025 02:16:17.928;60024
2;05-03-2025 02:16:17.485;05-03-2025 02:16:21.871;4386
3;05-03-2025 02:15:17.904;05-03-2025 02:16:22.932;65028
1;05-03-2025 02:15:13.104;05-03-2025 02:16:25.205;72101
2;05-03-2025 02:16:17.485;05-03-2025 02:16:25.781;8296
3;05-03-2025 02:15:17.904;05-03-2025 02:16:27.926;70022
1;05-03-2025 02:15:13.104;05-03-2025 02:16:28.814;75710
2;05-03-2025 02:16:17.485;05-03-2025 02:16:29.776;12291
1;05-03-2025 02:15:13.104;05-03-2025 02:16:35.275;82171
1;05-03-2025 02:15:13.104;05-03-2025 02:16:38.053;84949
2;05-03-2025 02:16:17.485;05-03-2025 02:16:40.068;22583
3;05-03-2025 02:16:42.900;05-03-2025 02:16:42.937;37
3;05-03-2025 02:16:42.900;05-03-2025 02:16:42.985;85
2;05-03-2025 02:16:17.485;05-03-2025 02:16:43.024;25539
1;05-03-2025 02:15:13.104;05-03-2025 02:16:44.963;91859
3;05-03-2025 02:16:42.900;05-03-2025 02:16:47.925;5025
3;05-03-2025 02:16:42.900;05-03-2025 02:16:52.930;10030
3;05-03-2025 02:16:42.900;05-03-2025 02:16:57.923;15023
1;05-03-2025 02:15:13.104;05-03-2025 02:17:09.943;116839
2;05-03-2025 02:16:17.485;05-03-2025 02:17:10.247;52762
3;05-03-2025 02:17:12.898;05-03-2025 02:17:12.937;39
1;05-03-2025 02:15:13.104;05-03-2025 02:17:12.952;119848
3;05-03-2025 02:17:12.898;05-03-2025 02:17:12.984;86
3;05-03-2025 02:17:12.898;05-03-2025 02:17:17.926;5028
3;05-03-2025 02:17:12.898;05-03-2025 02:17:22.933;10035
3;05-03-2025 02:17:12.898;05-03-2025 02:17:27.922;15024
3;05-03-2025 02:17:12.898;05-03-2025 02:17:32.926;20028
0;05-03-2025 02:17:33.671;05-03-2025 02:17:35.672;2001
3;05-03-2025 02:17:12.898;05-03-2025 02:17:37.932;25034
3;05-03-2025 02:17:12.898;05-03-2025 02:17:42.938;30040
0;05-03-2025 02:17:40.656;05-03-2025 02:17:45.740;5084
3;05-03-2025 02:17:12.898;05-03-2025 02:17:47.926;35028
3;05-03-2025 02:17:12.898;05-03-2025 02:17:52.930;40032
3;05-03-2025 02:17:12.898;05-03-2025 02:17:57.936;45038
3;05-03-2025 02:17:12.898;05-03-2025 02:18:02.929;50031
3;05-03-2025 02:17:12.898;05-03-2025 02:18:07.931;55033
3;05-03-2025 02:17:12.898;05-03-2025 02:18:12.935;60037
2;05-03-2025 02:18:13.962;05-03-2025 02:18:15.760;1798
3;05-03-2025 02:17:12.898;05-03-2025 02:18:17.926;65028
3;05-03-2025 02:17:12.898;05-03-2025 02:18:22.930;70032
