200;1741050767965
200;1741050771838
200;1741050771929
200;1741050772925
200;1741050777685
100;1741050779589
100;1741050787440
200;1741050787991
200;1741050788042
200;1741050792933
200;1741050797921
200;1741050802928
200;1741050807948
200;1741050812933
200;1741050817942
200;1741050822930
200;1741050827962
200;1741050832940
200;1741050837943
200;1741050842932
200;1741050847939
200;1741050852927
200;1741050857933
200;1741050862920
200;1741050867924
200;1741050872935
200;1741050877926
200;1741050882945
200;1741050887933
200;1741050892968
200;1741050897941
200;1741050902931
200;1741050907935
200;1741050912941
200;1741050917926
200;1741050922773
200;1741050922933
200;1741050927921
200;1741050932929
200;1741050937930
200;1741050942922
200;1741050947925
200;1741050952933
200;1741050957919
200;1741050962927
200;1741050967935
200;1741050972959
200;1741050977926
200;1741050982930
200;1741050987923
200;1741050992926
200;1741050997974
200;1741051002931
200;1741051007932
200;1741051012920
200;1741051017967
200;1741051022928
200;1741051027935
200;1741051032924
200;1741051037943
200;1741051042930
200;1741051047928
200;1741051052968
200;1741051057926
200;1741051062933
200;1741051067936
200;1741051072928
200;1741051077930
200;1741051082920
200;1741051087928
200;1741051092932
200;1741051097934
200;1741051112947
200;1741051113009
200;1741051117922
200;1741051122971
200;1741051127928
200;1741051132936
200;1741051137921
200;1741051142943
200;1741051147930
200;1741051152930
200;1741051157922
200;1741051162940
200;1741051167973
200;1741051172962
200;1741051177924
200;1741051182935
200;1741051187921
200;1741051192926
200;1741051197931
200;1741051202918
200;1741051207925
200;1741051212930
200;1741051217942
200;1741051222933
200;1741051227957
200;1741051232932
200;1741051237941
200;1741051240686
200;1741051242925
200;1741051247943
200;1741051252931
200;1741051257941
200;1741051262924
200;1741051267930
200;1741051272934
200;1741051277933
200;1741051282918
200;1741051285634
200;1741051287941
200;1741051288318
200;1741051292943
200;1741051295074
200;1741051297154
200;1741051297934
200;1741051299127
200;1741051302919
200;1741051307961
200;1741051308233
200;1741051312929
200;1741051317932
200;1741051320980
200;1741051322920
200;1741051327931
200;1741051342934
200;1741051342982
200;1741051347925
200;1741051352956
200;1741051357932
200;1741051362934
200;1741051367960
200;1741051372963
200;1741051387950
200;1741051388025
200;1741051392936
200;1741051393045
200;1741051397946
200;1741051402932
200;1741051407917
200;1741051412927
200;1741051417930
200;1741051422935
200;1741051427937
200;1741051432929
200;1741051447939
200;1741051447992
200;1741051452107
200;1741051452927
200;1741051456214
200;1741051457930
200;1741051462923
200;1741051467937
200;1741051472924
200;1741051474923
200;1741051477959
200;1741051482924
200;1741051487932
200;1741051488288
200;1741051492918
200;1741051495580
200;1741051497938
200;1741051498116
200;1741051502930
200;1741051505581
200;1741051507932
200;1741051512921
200;1741051517543
200;1741051517931
200;1741051520769
200;1741051522928
200;1741051527932
200;1741051532925
200;1741051537927
200;1741051547940
200;1741051552936
200;1741051557935
200;1741051562942
200;1741051567932
200;1741051571187
200;1741051572935
200;1741051587951
200;1741051588003
200;1741051591461
200;1741051592943
200;1741051597963
200;1741051602937
200;1741051607942
200;1741051612935
200;1741051617943
200;1741051622932
200;1741051637953
200;1741051638010
200;1741051642936
200;1741051647944
200;1741051649516
200;1741051652928
200;1741051656251
200;1741051657936
200;1741051660506
200;1741051662939
200;1741051666002
200;1741051667944
200;1741051668747
200;1741051672947
200;1741051675798
200;1741051676091
200;1741051677953
200;1741051681083
200;1741051682961
200;1741051687936
200;1741051692939
200;1741051697940
200;1741051702932
200;1741051705519
200;1741051705855
200;1741051707936
200;1741051710169
200;1741051712122
200;1741051712945
200;1741051715338
200;1741051717935
200;1741051722925
200;1741051725159
200;1741051727933
200;1741051732940
200;1741051737928
200;1741051740264
200;1741051742958
200;1741051743826
200;1741051747923
200;1741051752944
200;1741051757932
200;1741051762940
200;1741051767927
200;1741051770291
200;1741051772934
200;1741051777967
200;1741051782943
200;1741051787929
200;1741051792937
200;1741051797942
200;1741051802932
200;1741051807935
200;1741051812923
200;1741051817935
200;1741051822938
200;1741051827946
200;1741051832932
200;1741051837940
200;1741051842928
200;1741051857958
200;1741051858005
200;1741051872975
200;1741051873035
200;1741051877941
200;1741051882932
200;1741051887954
100;1741051897539
200;1741051902944
200;1741051902990
200;1741051917963
200;1741051918022
200;1741051922934
200;1741051927938
200;1741051932943
200;1741051937930
200;1741051952962
200;1741051953010
200;1741051957932
200;1741051962564
200;1741051962932
200;1741051967939
200;1741051972300
200;1741051972379
200;1741051972970
200;1741051975277
200;1741051975898
200;1741051977932
200;1741051980200
200;1741051981476
200;1741051981909
200;1741051982939
200;1741051983797
200;1741051985604
200;1741051985749
200;1741051997953
200;1741051998014
200;1741052002941
200;1741052007929
200;1741052012936
200;1741052017942
200;1741052022525
200;1741052022621
200;1741052022929
200;1741052023313
200;1741052025597
200;1741052027938
200;1741052029983
200;1741052030462
200;1741052030669
200;1741052032945
200;1741052037935
200;1741052041686
200;1741052042938
200;1741052047930
200;1741052052934
200;1741052057534
200;1741052057941
200;1741052062928
200;1741052067933
200;1741052071687
200;1741052072939
200;1741052077927
200;1741052082930
200;1741052087938
200;1741052090300
200;1741052092942
200;1741052096380
200;1741052097946
200;1741052102937
200;1741052107937
200;1741052110008
200;1741052122955
200;1741052123003
200;1741052127928
200;1741052132933
200;1741052136926
200;1741052137936
200;1741052142944
200;1741052147932
200;1741052152921
200;1741052157957
200;1741052162946
200;1741052167934
200;1741052169927
200;1741052172936
200;1741052177929
200;1741052181282
200;1741052182933
200;1741052187937
200;1741052192945
200;1741052197931
200;1741052201073
200;1741052202929
200;1741052207939
200;1741052212942
200;1741052217943
200;1741052220920
200;1741052222935
200;1741052224753
200;1741052225069
200;1741052227938
200;1741052232941
200;1741052237947
200;1741052242940
200;1741052245412
200;1741052247941
200;1741052250220
200;1741052252932
200;1741052257933
200;1741052262917
200;1741052267956
200;1741052272713
200;1741052272930
200;1741052277955
200;1741052282162
200;1741052282933
200;1741052287943
200;1741052291785
200;1741052292929
200;1741052297178
200;1741052297936
200;1741052300682
200;1741052302942
200;1741052303142
200;1741052317988
200;1741052318050
200;1741052322945
200;1741052327935
200;1741052332940
200;1741052337930
200;1741052339062
200;1741052342934
200;1741052347939
200;1741052352927
200;1741052357933
200;1741052362938
200;1741052363088
200;1741052367929
200;1741052372934
200;1741052377940
200;1741052380113
200;1741052382930
200;1741052383292
200;1741052387933
200;1741052392938
200;1741052396322
200;1741052397922
200;1741052402945
200;1741052403439
200;1741052406349
200;1741052407956
200;1741052410745
200;1741052412189
200;1741052412945
200;1741052413223
100;1741052421391
100;1741052423213
100;1741052425538
200;1741052427960
200;1741052428023
200;1741052432946
200;1741052437937
200;1741052440857
200;1741052441958
200;1741052442941
200;1741052447946
200;1741052452937
200;1741052457939
200;1741052461193
200;1741052462931
200;1741052467937
200;1741052472939
200;1741052477927
200;1741052480211
200;1741052482933
200;1741052485712
200;1741052487937
200;1741052492943
200;1741052497933
200;1741052500457
200;1741052502942
200;1741052507942
200;1741052508039
200;1741052512949
200;1741052515968
200;1741052517842
200;1741052517938
200;1741052518653
200;1741052520177
200;1741052522948
200;1741052523629
200;1741052525080
200;1741052528015
200;1741052528264
200;1741052532941
200;1741052533064
200;1741052533479
200;1741052537944
200;1741052538979
200;1741052539636
200;1741052542935
200;1741052545555
200;1741052547940
200;1741052551580
200;1741052552931
200;1741052557013
200;1741052557739
200;1741052557935
200;1741052558011
200;1741052562941
200;1741052563118
200;1741052566215
200;1741052567931
200;1741052568140
200;1741052569992
200;1741052571558
200;1741052572936
200;1741052575900
200;1741052577943
200;1741052578712
200;1741052580018
200;1741052580625
100;1741052585396
100;1741052585465
100;1741052588091
100;1741052590012
200;1741052590796
200;1741052592958
200;1741052593004
200;1741052595479
200;1741052597944
200;1741052604160
100;1741052615211
100;1741052619350
200;1741052622969
200;1741052623027
200;1741052623100
200;1741052627941
200;1741052631277
200;1741052632931
200;1741052634974
200;1741052637937
200;1741052640328
200;1741052640347
200;1741052642937
200;1741052647947
200;1741052652933
200;1741052657939
200;1741052660944
200;1741052662942
200;1741052664664
200;1741052666696
200;1741052667974
200;1741052672937
200;1741052676816
200;1741052677940
200;1741052682934
200;1741052687942
200;1741052692951
200;1741052697956
200;1741052702988
200;1741052707972
200;1741052709403
200;1741052712966
200;1741052717953
200;1741052722963
200;1741052727944
200;1741052732944
200;1741052737936
200;1741052742942
200;1741052747944
200;1741052752034
200;1741052752951
200;1741052754529
200;1741052757917
200;1741052762943
200;1741052767933
200;1741052772940
200;1741052777931
200;1741052782933
200;1741052787940
200;1741052792930
200;1741052797933
200;1741052802944
200;1741052807946
200;1741052812931
200;1741052817936
200;1741052822942
200;1741052827928
200;1741052832934
100;1741052845627
200;1741052847964
200;1741052848013
200;1741052852940
200;1741052855238
200;1741052857945
200;1741052862934
200;1741052865121
200;1741052866910
200;1741052867938
200;1741052870015
200;1741052872942
200;1741052875418
200;1741052877934
200;1741052881059
200;1741052882940
200;1741052887952
200;1741052892936
200;1741052896935
200;1741052897937
200;1741052901239
200;1741052902928
200;1741052905625
200;1741052907920
200;1741052912928
200;1741052917943
200;1741052922932
200;1741052927941
200;1741052930367
200;1741052932930
200;1741052933933
200;1741052937931
200;1741052940503
200;1741052942938
200;1741052943686
200;1741052947928
200;1741052952976
200;1741052957307
200;1741052957938
200;1741052962929
200;1741052967935
200;1741052972940
200;1741052977942
200;1741052982931
200;1741052987933
200;1741053002962
200;1741053002991
200;1741053007939
200;1741053012942
200;1741053017928
200;1741053022936
200;1741053027939
200;1741053032945
200;1741053036380
200;1741053037264
200;1741053037931
200;1741053040823
200;1741053042937
200;1741053047943
200;1741053052933
200;1741053057940
200;1741053062942
200;1741053063087
200;1741053067932
200;1741053068111
200;1741053072939
200;1741053075510
200;1741053087944
200;1741053087991
200;1741053092935
200;1741053097923
200;1741053102941
200;1741053107932
200;1741053112939
200;1741053117944
200;1741053122933
200;1741053127937
200;1741053132941
200;1741053137945
200;1741053142932
200;1741053147937
200;1741053152941
200;1741053157943
200;1741053162933
200;1741053167939
200;1741053172945
200;1741053177933
200;1741053182042
200;1741053182942
200;1741053186931
200;1741053187946
200;1741053190627
200;1741053190771
200;1741053192933
200;1741053197261
200;1741053197919
200;1741053202945
200;1741053207931
200;1741053210681
200;1741053212948
200;1741053217939
200;1741053218059
200;1741053222930
200;1741053227935
200;1741053232936
200;1741053237941
200;1741053242931
200;1741053247932
200;1741053252927
200;1741053257929
200;1741053262941
200;1741053264998
200;1741053267929
200;1741053272935
200;1741053277941
200;1741053281119
200;1741053282929
200;1741053287935
200;1741053292472
200;1741053292939
200;1741053297944
200;1741053302932
200;1741053304481
200;1741053307937
200;1741053312932
200;1741053317932
200;1741053322935
200;1741053327500
200;1741053327941
200;1741053332930
200;1741053337869
200;1741053337935
200;1741053342944
200;1741053347945
200;1741053352931
200;1741053357938
200;1741053362928
200;1741053364542
200;1741053367933
200;1741053368492
200;1741053372938
200;1741053374023
200;1741053376690
200;1741053377941
200;1741053382947
200;1741053387921
200;1741053392946
200;1741053396988
200;1741053397935
200;1741053401110
200;1741053402942
200;1741053406484
200;1741053407946
200;1741053422958
200;1741053423004
200;1741053427951
200;1741053442943
200;1741053443008
200;1741053447933
200;1741053452940
200;1741053457943
200;1741053462932
200;1741053467934
200;1741053472942
200;1741053473369
200;1741053477947
200;1741053481470
200;1741053482936
200;1741053497950
200;1741053497997
200;1741053502923
200;1741053506007
200;1741053507943
200;1741053511392
200;1741053512931
200;1741053517937
200;1741053520122
200;1741053520292
200;1741053522940
200;1741053527970
200;1741053532937
200;1741053537933
200;1741053542939
200;1741053547944
200;1741053548082
200;1741053552929
200;1741053557935
200;1741053562943
200;1741053567940
200;1741053568943
200;1741053572931
200;1741053577934
200;1741053580872
200;1741053582938
200;1741053585461
200;1741053587943
200;1741053592813
200;1741053592929
200;1741053597935
200;1741053598017
200;1741053602937
200;1741053603070
200;1741053607939
200;1741053612930
200;1741053617935
200;1741053620346
200;1741053622941
200;1741053625080
200;1741053627940
200;1741053632933
200;1741053637941
200;1741053642945
200;1741053647951
200;1741053652951
200;1741053657941
200;1741053662515
200;1741053662946
200;1741053667932
200;1741053669306
200;1741053672937
200;1741053677942
200;1741053682932
200;1741053687933
200;1741053692936
200;1741053707938
100;1741053710098
200;1741053712946
100;1741053715051
100;1741053717368
200;1741053717932
200;1741053718245
100;1741053720454
200;1741053722939
100;1741053725271
100;1741053725749
100;1741053729619
100;1741053730464
100;1741053736343
200;1741053737955
200;1741053738004
200;1741053738134
200;1741053742943
200;1741053744423
100;1741053745049
200;1741053747946
200;1741053752932
200;1741053757938
200;1741053758024
200;1741053762944
100;1741053765613
200;1741053767937
200;1741053772938
200;1741053777927
200;1741053782931
200;1741053787938
200;1741053792941
200;1741053797942
200;1741053799500
200;1741053802973
200;1741053803004
200;1741053805308
200;1741053807935
200;1741053808622
200;1741053809615
200;1741053809998
100;1741053822241
100;1741053822701
200;1741053822951
200;1741053823015
200;1741053825564
200;1741053825826
200;1741053827938
200;1741053830731
200;1741053832943
200;1741053834555
200;1741053837932
200;1741053842938
200;1741053845127
200;1741053847932
200;1741053849171
200;1741053852932
200;1741053855759
200;1741053857920
200;1741053858019
100;1741053861156
200;1741053862917
200;1741053863138
200;1741053867927
200;1741053872943
200;1741053877936
200;1741053882925
200;1741053887973
200;1741053892937
200;1741053895614
200;1741053897939
200;1741053902946
200;1741053907953
200;1741053912932
200;1741053927978
200;1741053928009
200;1741053932938
200;1741053937940
200;1741053938272
200;1741053940574
200;1741053942929
200;1741053943094
200;1741053947935
200;1741053952938
200;1741053957929
200;1741053962932
200;1741053967938
200;1741053972930
200;1741053987957
200;1741053988005
200;1741053992932
200;1741053996642
200;1741053997940
200;1741054001645
200;1741054002930
200;1741054003661
200;1741054007933
200;1741054011380
200;1741054012936
200;1741054017939
200;1741054022929
200;1741054025372
200;1741054027938
200;1741054032923
200;1741054037956
200;1741054040531
200;1741054042933
200;1741054047940
200;1741054052932
200;1741054057936
200;1741054062940
200;1741054067929
200;1741054082951
200;1741054083004
200;1741054087931
200;1741054092933
200;1741054095603
200;1741054097929
200;1741054098338
200;1741054102948
200;1741054107934
200;1741054112940
200;1741054117928
200;1741054122932
200;1741054137950
200;1741054138000
200;1741054142939
200;1741054147944
200;1741054152935
200;1741054153907
200;1741054157941
200;1741054162942
200;1741054167934
200;1741054172937
200;1741054177941
200;1741054182930
200;1741054187952
200;1741054190123
200;1741054192939
200;1741054195175
200;1741054197925
200;1741054198324
200;1741054200836
200;1741054202943
200;1741054203039
200;1741054207959
200;1741054212924
200;1741054215372
200;1741054217947
200;1741054219076
200;1741054221616
200;1741054222952
200;1741054227938
200;1741054232941
200;1741054237954
200;1741054242937
200;1741054245901
200;1741054247941
200;1741054250383
200;1741054251163
200;1741054252929
200;1741054257865
200;1741054257933
200;1741054262939
200;1741054263876
200;1741054267930
200;1741054269126
200;1741054269169
200;1741054272932
200;1741054273358
200;1741054273579
200;1741054277922
200;1741054280204
200;1741054280685
200;1741054280752
200;1741054282938
200;1741054287933
200;1741054302946
200;1741054302988
200;1741054307934
200;1741054312924
200;1741054317927
200;1741054322934
200;1741054327926
200;1741054332948
200;1741054334945
200;1741054335633
200;1741054337938
200;1741054340491
200;1741054342296
200;1741054342941
200;1741054347944
200;1741054353284
100;1741054360640
100;1741054361566
200;1741054362963
200;1741054363009
200;1741054367935
200;1741054372939
200;1741054377926
200;1741054381922
200;1741054382934
200;1741054383216
200;1741054385786
200;1741054388891
100;1741054392412
200;1741054397946
200;1741054397994
200;1741054400726
200;1741054401034
200;1741054402934
200;1741054407943
200;1741054412926
200;1741054417207
200;1741054417946
200;1741054422935
200;1741054427942
200;1741054432931
200;1741054437940
200;1741054442927
200;1741054447934
200;1741054452938
200;1741054457945
200;1741054461343
200;1741054462933
200;1741054467939
100;1741054482289
200;1741054482954
200;1741054483030
200;1741054487939
200;1741054490110
200;1741054490477
200;1741054490727
200;1741054492929
200;1741054493184
200;1741054496860
200;1741054497935
200;1741054500521
200;1741054502939
200;1741054507950
200;1741054510083
200;1741054512937
200;1741054517941
200;1741054520769
200;1741054522930
200;1741054523502
200;1741054527940
200;1741054530400
200;1741054532942
200;1741054535754
200;1741054536406
200;1741054537931
200;1741054540469
200;1741054542920
200;1741054545380
200;1741054547926
200;1741054552935
200;1741054555618
200;1741054557945
200;1741054558686
200;1741054562941
200;1741054567951
200;1741054572936
200;1741054577941
200;1741054582860
200;1741054582929
200;1741054585709
200;1741054587933
200;1741054591365
200;1741054592939
200;1741054596868
200;1741054597946
200;1741054600419
200;1741054601003
200;1741054602933
200;1741054607934
200;1741054612939
200;1741054617572
200;1741054617604
200;1741054617946
200;1741054621888
200;1741054621919
200;1741054622933
200;1741054625648
200;1741054627940
200;1741054630335
200;1741054631165
200;1741054632930
200;1741054637933
200;1741054652947
200;1741054652994
200;1741054657940
200;1741054662926
200;1741054667333
200;1741054667933
200;1741054672940
200;1741054675703
200;1741054675753
200;1741054677925
200;1741054679780
200;1741054681069
200;1741054682946
200;1741054685727
200;1741054687936
200;1741054690204
200;1741054690628
200;1741054692941
200;1741054694260
200;1741054696244
200;1741054696631
200;1741054697933
200;1741054702939
200;1741054707933
200;1741054710230
200;1741054710262
200;1741054712935
200;1741054713053
200;1741054715426
200;1741054717937
200;1741054718093
200;1741054720255
200;1741054722946
200;1741054723833
200;1741054725968
200;1741054727931
200;1741054732940
200;1741054735635
200;1741054735937
200;1741054737928
200;1741054742930
200;1741054747613
200;1741054747938
200;1741054752969
200;1741054757930
200;1741054762921
200;1741054767945
200;1741054772930
200;1741054777935
200;1741054779261
200;1741054782942
200;1741054787674
200;1741054787928
200;1741054792933
200;1741054795811
200;1741054796159
200;1741054797934
200;1741054798479
200;1741054802957
200;1741054805644
200;1741054807941
200;1741054811960
200;1741054812938
200;1741054814551
200;1741054815487
200;1741054817944
200;1741054819318
200;1741054821884
200;1741054822932
200;1741054825471
200;1741054827953
200;1741054832927
200;1741054837934
200;1741054842940
200;1741054847945
200;1741054850083
200;1741054852767
200;1741054852933
200;1741054855038
200;1741054855069
200;1741054857937
200;1741054860926
200;1741054862044
200;1741054862946
200;1741054867933
200;1741054882951
200;1741054883024
200;1741054887935
200;1741054902948
200;1741054902994
200;1741054907938
200;1741054912927
200;1741054917932
200;1741054922938
200;1741054927941
200;1741054932949
200;1741054937935
200;1741054942941
200;1741054957952
200;1741054957997
200;1741054962938
200;1741054967927
200;1741054971094
200;1741054972939
200;1741054977927
200;1741054982933
100;1741054996944
100;1741054997709
200;1741054997963
200;1741054998025
200;1741055002934
200;1741055007940
200;1741055012932
200;1741055017934
200;1741055022935
200;1741055025747
200;1741055028050
200;1741055037968
200;1741055038018
200;1741055042929
200;1741055046825
200;1741055046874
200;1741055048868
200;1741055048888
200;1741055057948
200;1741055058011
200;1741055062930
200;1741055067939
200;1741055072942
200;1741055077942
200;1741055082931
200;1741055085549
200;1741055087937
200;1741055089724
200;1741055090620
200;1741055092928
200;1741055097933
200;1741055102939
200;1741055107947
200;1741055108141
200;1741055112934
200;1741055115141
200;1741055115520
200;1741055117943
200;1741055118434
200;1741055119086
200;1741055122926
200;1741055126216
200;1741055127930
200;1741055132935
200;1741055136498
200;1741055137925
200;1741055142930
200;1741055147706
200;1741055147818
200;1741055147934
200;1741055148154
200;1741055150778
200;1741055152943
200;1741055153471
200;1741055157928
200;1741055161052
200;1741055162935
200;1741055165265
200;1741055167942
200;1741055172943
200;1741055177930
200;1741055182935
200;1741055187942
200;1741055192929
200;1741055195994
200;1741055197934
200;1741055202937
200;1741055207926
200;1741055212934
200;1741055215651
200;1741055217938
200;1741055222618
200;1741055222924
200;1741055223565
200;1741055227931
200;1741055230586
200;1741055232924
200;1741055236341
200;1741055237717
200;1741055237930
200;1741055242320
200;1741055242933
200;1741055244992
200;1741055247937
200;1741055252929
200;1741055255842
200;1741055255912
200;1741055256217
200;1741055260488
200;1741055260897
200;1741055261080
200;1741055267968
200;1741055269708
200;1741055272931
200;1741055273422
200;1741055273902
200;1741055277953
100;1741055280299
100;1741055281927
100;1741055282072
200;1741055282941
200;1741055287929
200;1741055292976
100;1741055296237
200;1741055297939
200;1741055302942
200;1741055307929
200;1741055312936
200;1741055317940
200;1741055332957
200;1741055333018
200;1741055337930
200;1741055342934
200;1741055347939
100;1741055352381
100;1741055352423
200;1741055352717
100;1741055357130
100;1741055357321
200;1741055362959
200;1741055363003
200;1741055367930
100;1741055371841
200;1741055372933
200;1741055377941
200;1741055392953
200;1741055392997
100;1741055396706
200;1741055397943
200;1741055402940
200;1741055403473
200;1741055403514
200;1741055407960
200;1741055412933
200;1741055417937
200;1741055422926
200;1741055426128
200;1741055427941
200;1741055432943
200;1741055437932
200;1741055438662
200;1741055442932
200;1741055447939
200;1741055452931
200;1741055457929
200;1741055462937
200;1741055467944
200;1741055472977
200;1741055477933
200;1741055482938
200;1741055487946
200;1741055492931
200;1741055497936
200;1741055502941
200;1741055507933
100;1741055512646
200;1741055512934
200;1741055516096
100;1741055517408
200;1741055517939
200;1741055518964
200;1741055519576
200;1741055522929
200;1741055527933
200;1741055532938
200;1741055537939
200;1741055542932
200;1741055547937
200;1741055552942
200;1741055557932
200;1741055562416
200;1741055562939
200;1741055567929
200;1741055572917
200;1741055577937
200;1741055582943
200;1741055587931
200;1741055592934
200;1741055597927
200;1741055602967
200;1741055607935
200;1741055612941
200;1741055617930
200;1741055622934
200;1741055626648
200;1741055627936
200;1741055632297
200;1741055632942
200;1741055637933
200;1741055639498
200;1741055640601
200;1741055642925
200;1741055647943
200;1741055652932
200;1741055657942
200;1741055662931
200;1741055667778
200;1741055667931
200;1741055668086
200;1741055672938
200;1741055677928
200;1741055682933
200;1741055687939
200;1741055692926
200;1741055697932
200;1741055712962
200;1741055713007
200;1741055717939
200;1741055722940
200;1741055727930
200;1741055731317
200;1741055732939
200;1741055734041
200;1741055737943
200;1741055738226
200;1741055742931
200;1741055746093
200;1741055747936
200;1741055751915
100;1741055755277
100;1741055760538
200;1741055762978
200;1741055763013
200;1741055763075
200;1741055767928
200;1741055768275
200;1741055772937
200;1741055777936
200;1741055782429
200;1741055782944
200;1741055787932
200;1741055792937
200;1741055797927
200;1741055802930
200;1741055807932
200;1741055812938
200;1741055817926
200;1741055822936
200;1741055827943
200;1741055832962
200;1741055837924
200;1741055842942
200;1741055847934
200;1741055851364
200;1741055852933
200;1741055857942
200;1741055862934
200;1741055867932
200;1741055872940
200;1741055877930
200;1741055882933
200;1741055887940
200;1741055891909
200;1741055892926
200;1741055893285
200;1741055897951
200;1741055902935
200;1741055907940
200;1741055912928
200;1741055917934
200;1741055922940
200;1741055927941
200;1741055930450
200;1741055932947
200;1741055934142
200;1741055937937
200;1741055942931
200;1741055947937
200;1741055952936
200;1741055957941
200;1741055962928
200;1741055965617
200;1741055967938
200;1741055982948
200;1741055993029
200;1741055993084
200;1741055997929
200;1741056002929
200;1741056007937
200;1741056012943
200;1741056017930
200;1741056022937
200;1741056027937
200;1741056032946
200;1741056037937
200;1741056042941
200;1741056047943
200;1741056052979
200;1741056057918
200;1741056062942
200;1741056065176
200;1741056067929
200;1741056072939
200;1741056077943
200;1741056082932
200;1741056097947
200;1741056097992
200;1741056102935
200;1741056107944
200;1741056112931
200;1741056127945
200;1741056128007
200;1741056132930
200;1741056137938
200;1741056142931
200;1741056147933
200;1741056152942
200;1741056157749
200;1741056157927
200;1741056162973
200;1741056167937
200;1741056172939
200;1741056177930
200;1741056182934
200;1741056187940
200;1741056192930
200;1741056197936
200;1741056212953
200;1741056213001
200;1741056217944
200;1741056222935
200;1741056227932
200;1741056231513
200;1741056232942
200;1741056237930
200;1741056240531
200;1741056242934
200;1741056247943
200;1741056252945
200;1741056257951
200;1741056262941
200;1741056267941
200;1741056272629
200;1741056272930
200;1741056276293
200;1741056277935
200;1741056278634
200;1741056282938
200;1741056285381
200;1741056288048
200;1741056297939
200;1741056298016
200;1741056302929
200;1741056307936
200;1741056310811
200;1741056312926
200;1741056317927
200;1741056322932
200;1741056327957
200;1741056332622
200;1741056332929
200;1741056347952
200;1741056352933
200;1741056357939
200;1741056362929
200;1741056367936
200;1741056372938
200;1741056377960
200;1741056382928
200;1741056387937
200;1741056392940
200;1741056397932
200;1741056402932
100;1741056407372
200;1741056407937
100;1741056410559
200;1741056412928
200;1741056417932
200;1741056422939
200;1741056427927
100;1741056432424
200;1741056432929
100;1741056435837
200;1741056437956
200;1741056442942
200;1741056447927
200;1741056462937
200;1741056462969
100;1741056466259
100;1741056466355
200;1741056467929
200;1741056472934
200;1741056473009
100;1741056477825
200;1741056477941
200;1741056482925
200;1741056487933
200;1741056492936
200;1741056497927
200;1741056502931
200;1741056507936
200;1741056512924
200;1741056517928
200;1741056522936
200;1741056527940
200;1741056532928
200;1741056537934
200;1741056540569
200;1741056542926
200;1741056547931
200;1741056552953
200;1741056557926
200;1741056562928
200;1741056567931
200;1741056572940
200;1741056577942
200;1741056580273
200;1741056582926
200;1741056587935
200;1741056592925
200;1741056597974
200;1741056612963
200;1741056613009
200;1741056617935
200;1741056621620
200;1741056621669
200;1741056622945
200;1741056623122
200;1741056627967
200;1741056630628
200;1741056630742
200;1741056632935
200;1741056636794
200;1741056637940
200;1741056640863
200;1741056642946
200;1741056644876
200;1741056647935
200;1741056648152
200;1741056648190
200;1741056652933
200;1741056657941
200;1741056672971
200;1741056673033
200;1741056676706
200;1741056677929
200;1741056682931
200;1741056685896
200;1741056687938
200;1741056692945
200;1741056695945
200;1741056696052
200;1741056697928
200;1741056698293
200;1741056698453
200;1741056702937
200;1741056705810
200;1741056707939
200;1741056712946
200;1741056717934
200;1741056722935
200;1741056727925
200;1741056732930
200;1741056737936
200;1741056742937
200;1741056757956
200;1741056758004
200;1741056760904
200;1741056762930
200;1741056767936
200;1741056772943
200;1741056774201
200;1741056777927
200;1741056778308
200;1741056782935
200;1741056785218
200;1741056785553
200;1741056787938
200;1741056791225
200;1741056792932
200;1741056797937
200;1741056802925
200;1741056805944
200;1741056807918
200;1741056808071
200;1741056810810
200;1741056822952
200;1741056822998
200;1741056827940
200;1741056832930
200;1741056837933
200;1741056842924
200;1741056847933
200;1741056852937
200;1741056857924
200;1741056862930
200;1741056867938
200;1741056872942
200;1741056877929
200;1741056881604
200;1741056882936
200;1741056887925
200;1741056892929
200;1741056897790
200;1741056897936
200;1741056902939
200;1741056907928
200;1741056912932
200;1741056917936
200;1741056922931
200;1741056929527
100;1741056935284
100;1741056935315
200;1741056937944
200;1741056938019
200;1741056940820
200;1741056942931
200;1741056945265
200;1741056945564
200;1741056947940
200;1741056950550
200;1741056950605
200;1741056951020
200;1741056952931
200;1741056953076
200;1741056957934
200;1741056962941
200;1741056967928
200;1741056970244
200;1741056972931
200;1741056975137
200;1741056977941
200;1741056982763
200;1741056982941
200;1741056987957
200;1741056992929
200;1741056997937
200;1741057001384
200;1741057002942
200;1741057007944
200;1741057010530
200;1741057010731
200;1741057012931
200;1741057017937
200;1741057020507
200;1741057022924
200;1741057025736
200;1741057027930
200;1741057030437
200;1741057032934
200;1741057037614
200;1741057037940
200;1741057042971
200;1741057047932
200;1741057052935
200;1741057055042
200;1741057057941
200;1741057062929
200;1741057064074
200;1741057067945
200;1741057071574
200;1741057071604
200;1741057072937
200;1741057075029
200;1741057075604
200;1741057077926
200;1741057082929
200;1741057087933
200;1741057092924
200;1741057095954
200;1741057096738
200;1741057097929
200;1741057099411
200;1741057102935
200;1741057107215
200;1741057107940
200;1741057110606
200;1741057112926
200;1741057127928
200;1741057132935
200;1741057137940
200;1741057142927
200;1741057147916
100;1741057152435
200;1741057152937
200;1741057157944
200;1741057162932
100;1741057165198
200;1741057167936
200;1741057172928
200;1741057177933
200;1741057182923
200;1741057187948
200;1741057192933
200;1741057197941
200;1741057202925
200;1741057207942
200;1741057212950
100;1741057216151
200;1741057217930
100;1741057220994
200;1741057222936
200;1741057227939
200;1741057232931
200;1741057237937
200;1741057242929
200;1741057245677
200;1741057247937
200;1741057250203
100;1741057252602
200;1741057252944
200;1741057257934
200;1741057262938
200;1741057267942
200;1741057272948
200;1741057277937
200;1741057282941
200;1741057287930
200;1741057292934
200;1741057297946
200;1741057302932
200;1741057307931
200;1741057312946
200;1741057317930
200;1741057322933
200;1741057327952
200;1741057330424
200;1741057332937
200;1741057337939
200;1741057342931
200;1741057347934
200;1741057352941
200;1741057357950
200;1741057362937
200;1741057367941
200;1741057368891
200;1741057372932
200;1741057376935
200;1741057376966
200;1741057377957
200;1741057382935
200;1741057387938
200;1741057392931
200;1741057397943
200;1741057402931
200;1741057407939
200;1741057412928
200;1741057417936
200;1741057422930
200;1741057427951
200;1741090602924
200;1741090607946
200;1741090612931
200;1741090617940
200;1741090622927
200;1741090627930
200;1741090632919
200;1741090637938
200;1741090642941
200;1741090647932
200;1741090662969
200;1741090663013
200;1741090667963
200;1741090672934
200;1741090677939
200;1741090677984
200;1741090682942
200;1741090687933
200;1741090702945
200;1741090702994
200;1741090707932
200;1741090712953
200;1741090717932
200;1741090722917
200;1741090727941
200;1741090732946
200;1741090737930
200;1741090742939
200;1741090747937
200;1741090752944
200;1741090757932
200;1741090762937
200;1741090767930
200;1741090772938
200;1741090777924
200;1741090782936
200;1741090787945
200;1741090792934
200;1741090797938
200;1741090802927
200;1741090807931
200;1741090812933
200;1741090817927
200;1741090822934
200;1741090827935
200;1741090830458
200;1741090832927
200;1741090835370
200;1741090842017
100;1741090842821
200;1741090847941
200;1741090852931
200;1741090857969
200;1741090862942
200;1741090865858
100;1741090867322
200;1741090867941
200;1741090872931
200;1741090874956
200;1741090875990
200;1741090876136
200;1741090877941
200;1741090878074
200;1741090880749
200;1741090882943
200;1741090885466
200;1741090887942
200;1741090888521
200;1741090892936
200;1741090897937
200;1741090899412
100;1741090906248
100;1741090915739
100;1741090920317
200;1741090923009
200;1741090923046
200;1741090923107
200;1741090926148
200;1741090927423
200;1741090927928
200;1741090927940
200;1741090931007
200;1741090932942
200;1741090937942
200;1741090942946
100;1741090947522
100;1741090948067
100;1741090950943
100;1741090953208
100;1741090955757
200;1741090957948
200;1741090957999
200;1741090958729
100;1741090962647
200;1741090962938
200;1741090963174
200;1741090967942
200;1741090967985
200;1741090972945
200;1741090977937
200;1741090981270
200;1741090982941
200;1741090985396
200;1741090986677
200;1741090987930
200;1741090988012
200;1741090992939
200;1741090993322
200;1741090995346
200;1741090997957
200;1741090998029
200;1741090998110
200;1741091002937
200;1741091002946
200;1741091005745
200;1741091007929
200;1741091008405
200;1741091012945
200;1741091013345
200;1741091014896
200;1741091017936
200;1741091018380
200;1741091022938
200;1741091024974
200;1741091025046
200;1741091027943
200;1741091027984
200;1741091028082
200;1741091032931
200;1741091033067
200;1741091033824
200;1741091037935
200;1741091038860
200;1741091040665
200;1741091042937
200;1741091043032
200;1741091043102
200;1741091047943
200;1741091048175
200;1741091050016
200;1741091052934
200;1741091053094
200;1741091055259
200;1741091057941
200;1741091060122
200;1741091060742
200;1741091062929
200;1741091063296
200;1741091064078
200;1741091067934
200;1741091067993
200;1741091068202
100;1741091072992
100;1741091075621
100;1741091077963
100;1741091080269
200;1741091082941
200;1741091082968
200;1741091082976
200;1741091085435
200;1741091087937
200;1741091088427
200;1741091089626
100;1741091095304
100;1741091095672
100;1741091098679
100;1741091100294
200;1741091102946
200;1741091102977
200;1741091105549
200;1741091105997
200;1741091107944
200;1741091108068
200;1741091108490
200;1741091112939
200;1741091113208
200;1741091117931
200;1741091118132
200;1741091119992
200;1741091122938
200;1741091123314
200;1741091125301
200;1741091127927
200;1741091128131
200;1741091128212
200;1741091132972
200;1741091132993
200;1741091133059
200;1741091137937
200;1741091137975
200;1741091141301
200;1741091142939
200;1741091142970
200;1741091145126
100;1741091147935
200;1741091147947
200;1741091151132
100;1741091156023
100;1741091161059
100;1741091334092
100;1741091336655
100;1741091340412
100;1741091340807
200;1741091342962
200;1741091343009
200;1741091343091
200;1741091347934
200;1741091348217
200;1741091352939
200;1741091353777
200;1741091357928
200;1741091358035
200;1741091361040
200;1741091362932
200;1741091363952
200;1741091364304
200;1741091367938
200;1741091370043
200;1741091371466
200;1741091372943
200;1741091373021
200;1741091374825
200;1741091377933
200;1741091382939
200;1741091387942
200;1741091389648
200;1741091392942
200;1741091395802
200;1741091397935
200;1741091400587
200;1741091402940
200;1741091403209
200;1741091405396
200;1741091407928
200;1741091410040
200;1741091410709
200;1741091412935
100;1741091422942
200;1741091427955
200;1741091427999
200;1741091432924
200;1741091437932
200;1741091442931
200;1741091445930
200;1741091447938
200;1741091452939
200;1741091453941
200;1741091455622
200;1741091457943
200;1741091462931
200;1741091465324
200;1741091467718
200;1741091467934
200;1741091472944
200;1741091473190
200;1741091473245
200;1741091477948
200;1741091477971
200;1741091482935
100;1741091496113
200;1741091497948
200;1741091498017
200;1741091502944
200;1741091507942
200;1741091510062
200;1741091512933
200;1741091513243
200;1741091517934
200;1741091520265
200;1741091524134
100;1741091528764
200;1741091532941
200;1741091532970
200;1741091532988
200;1741091537931
200;1741091538665
200;1741091542938
200;1741091543141
200;1741091547943
200;1741091552933
200;1741091553177
200;1741091556985
200;1741091557934
200;1741091560793
200;1741091562942
200;1741091563044
200;1741091565399
200;1741091567933
200;1741091568007
200;1741091568244
200;1741091572933
200;1741091577938
200;1741091577969
200;1741091579598
200;1741091582942
200;1741091583019
200;1741091585664
200;1741091587931
200;1741091588328
200;1741091592941
200;1741091592954
100;1741091605660
100;1741091606955
200;1741091607952
100;1741091611543
100;1741091611687
100;1741091613126
100;1741091614087
100;1741091617982
200;1741091618005
200;1741091618055
200;1741091621666
200;1741091622933
200;1741091625105
200;1741091625410
200;1741091628350
200;1741091628607
100;1741091635418
100;1741091636792
200;1741091637944
200;1741091638151
100;1741091641332
100;1741091643010
200;1741091648006
200;1741091648018
200;1741091648052
200;1741091652940
200;1741091653761
200;1741091657991
100;1741091661750
100;1741091663201
100;1741091663346
200;1741091667961
200;1741091668005
200;1741091668139
200;1741091668792
200;1741091672933
200;1741091675472
200;1741091677247
200;1741091677939
200;1741091678166
200;1741091680158
200;1741091682926
200;1741091683211
200;1741091687949
200;1741091692934
200;1741091697941
200;1741091702927
200;1741091707942
200;1741091712925
200;1741091717948
200;1741091722933
200;1741091726034
200;1741091727616
200;1741091727939
200;1741091731803
200;1741091732968
200;1741091737938
200;1741091742937
200;1741091745958
200;1741091747942
200;1741091750928
200;1741091752934
200;1741091755391
200;1741091757934
200;1741091762923
200;1741091767929
200;1741091770711
200;1741091772935
200;1741091775525
200;1741091776500
200;1741091777926
200;1741091781274
200;1741091781791
200;1741091785792
100;1741091786478
200;1741091792943
200;1741091792993
200;1741091797933
200;1741091802941
200;1741091807926
200;1741091812932
200;1741091815744
200;1741091817939
200;1741091820702
200;1741091822944
200;1741091827936
200;1741091832939
200;1741091837957
200;1741091842932
200;1741091847942
200;1741091852931
200;1741091857932
200;1741091860632
200;1741091862935
200;1741091863668
200;1741091867667
200;1741091867943
200;1741091868073
200;1741091870756
200;1741091872932
200;1741091875807
200;1741091877935
200;1741091879226
200;1741091881110
200;1741091882955
200;1741091883524
200;1741091886141
200;1741091887959
200;1741091890243
200;1741091891022
100;1741091901047
200;1741091902971
200;1741091903034
200;1741091905223
200;1741091905591
200;1741091906821
200;1741091907945
200;1741091909981
200;1741091910212
200;1741091912933
200;1741091915153
200;1741091915583
200;1741091917940
200;1741091918350
200;1741091923596
100;1741091931379
200;1741091932938
200;1741091932984
200;1741091935526
200;1741091937945
200;1741091938207
200;1741091940635
200;1741091942934
200;1741091944434
200;1741091947936
200;1741091948524
200;1741091952926
200;1741091952981
200;1741091957930
200;1741091961972
200;1741091962938
200;1741091965701
200;1741091966356
200;1741091967926
200;1741091972959
200;1741091977939
200;1741091980221
200;1741091982929
200;1741091985068
200;1741091986296
200;1741091987932
200;1741091992941
200;1741091993248
200;1741091997925
200;1741092001465
200;1741092002931
200;1741092005489
200;1741092005601
200;1741092007940
200;1741092007996
200;1741092010833
200;1741092012932
200;1741092017932
200;1741092022940
200;1741092027944
200;1741092032932
200;1741092035965
200;1741092037939
200;1741092042927
200;1741092045509
200;1741092047935
200;1741092048185
200;1741092052923
200;1741092057364
200;1741092057967
200;1741092061506
200;1741092062563
200;1741092062932
200;1741092063108
200;1741092066351
200;1741092067920
200;1741092072943
200;1741092077945
200;1741092082933
200;1741092087940
200;1741092092928
100;1741092102829
200;1741092107942
100;1741092110720
100;1741092111535
200;1741092112930
200;1741092117941
100;1741092120954
100;1741092122999
100;1741092127328
100;1741092130455
200;1741092132955
200;1741092133017
100;1741092136032
200;1741092137940
100;1741092141368
200;1741092142932
200;1741092147937
200;1741092152926
200;1741092157935
100;1741092160841
200;1741092162923
100;1741092165396
100;1741092165766
200;1741092167924
200;1741092172933
200;1741092173079
200;1741092175250
200;1741092177938
100;1741092180568
200;1741092182942
100;1741092185692
100;1741092185724
200;1741092186393
200;1741092187934
200;1741092191253
100;1741092192996
100;1741092195157
100;1741092198340
100;1741092198385
200;1741092202947
200;1741092202996
200;1741092207937
200;1741092212927
100;1741092216169
200;1741092217933
200;1741092222942
200;1741092227931
200;1741092232933
200;1741092237944
200;1741092242969
200;1741092247936
200;1741092252942
200;1741092257932
200;1741092262920
200;1741092267941
200;1741092272932
100;1741092285775
100;1741092286489
100;1741092291654
100;1741092293253
100;1741092293327
200;1741092297959
200;1741092298010
200;1741092298322
200;1741092300039
200;1741092302921
200;1741092307966
200;1741092312927
200;1741092317936
200;1741092318171
200;1741092322943
200;1741092327953
200;1741092332979
200;1741092347941
200;1741092352933
200;1741092356925
200;1741092357940
200;1741092360954
200;1741092362926
200;1741092363877
200;1741092367933
200;1741092371654
200;1741092382959
200;1741092383007
200;1741092387933
200;1741092390910
200;1741092392933
200;1741092397937
200;1741092402925
200;1741092407933
200;1741092411409
200;1741092415632
200;1741092417884
200;1741092420476
200;1741092422945
200;1741092423001
200;1741092425035
200;1741092427933
200;1741092432936
200;1741092437940
200;1741092438036
200;1741092442943
200;1741092443081
200;1741092447934
200;1741092451271
200;1741092451479
200;1741092453343
200;1741092462951
200;1741092462998
200;1741092467939
200;1741092472944
200;1741092477932
200;1741092480249
200;1741092482935
200;1741092485922
200;1741092487927
200;1741092489442
200;1741092491329
200;1741092492934
200;1741092493377
200;1741092495234
200;1741092497922
200;1741092499165
200;1741092499274
200;1741092502940
200;1741092506008
200;1741092506104
200;1741092507932
200;1741092512937
200;1741092515075
200;1741092517930
200;1741092522931
200;1741092530392
200;1741092537940
200;1741092537985
200;1741092540417
200;1741092540481
200;1741092542929
200;1741092547750
200;1741092547933
200;1741092552940
100;1741092556148
100;1741092557358
200;1741092557943
100;1741092560178
200;1741092562934
100;1741092565585
200;1741092565999
200;1741092567941
200;1741092570542
200;1741092570750
200;1741092572929
200;1741092573661
200;1741092573990
200;1741092578219
200;1741092579180
100;1741092584243
200;1741092587929
200;1741092590467
200;1741092592933
200;1741092597934
200;1741092600919
200;1741092601398
200;1741092602936
200;1741092606971
200;1741092606992
200;1741092607930
200;1741092612940
200;1741092617937
200;1741092627014
200;1741092630979
200;1741092632954
200;1741092633016
200;1741092637925
200;1741092642946
200;1741092646074
200;1741092647934
200;1741092652941
200;1741092657929
200;1741092662933
200;1741092667940
200;1741092669472
200;1741092670800
200;1741092672959
200;1741092687979
200;1741092688016
200;1741092692927
200;1741092697939
200;1741092702943
200;1741092707299
200;1741092707943
200;1741092712112
200;1741092712929
100;1741092715327
200;1741092717935
100;1741092722309
200;1741092722939
200;1741092727971
200;1741092732935
200;1741092733046
200;1741092737939
200;1741092738653
200;1741092742930
200;1741092747934
200;1741092752939
200;1741092757928
200;1741092762932
100;1741092765409
200;1741092767938
100;1741092770509
200;1741092772928
200;1741092777937
100;1741092780812
100;1741092781559
200;1741092782937
100;1741092786931
100;1741092786994
200;1741092787941
100;1741092791552
200;1741092792930
200;1741092797936
200;1741092802942
100;1741092806968
200;1741092807935
200;1741092812932
100;1741092817264
200;1741092817938
200;1741092819085
200;1741092819358
200;1741092822946
200;1741092827932
200;1741092831273
200;1741092832936
200;1741092835312
200;1741092837928
200;1741092840101
200;1741092842931
100;1741092847176
200;1741092847937
200;1741092852944
200;1741092857931
200;1741092862932
200;1741092865602
200;1741092867924
200;1741092872931
200;1741092877934
200;1741092882927
200;1741092887928
200;1741092892229
200;1741092892937
200;1741092907962
200;1741092908007
200;1741092912936
200;1741092917936
200;1741092922938
200;1741092923310
200;1741092926548
200;1741092927945
200;1741092932935
200;1741092937940
200;1741092942939
200;1741092947942
200;1741092952319
200;1741092952932
200;1741092956379
200;1741092957934
200;1741092962410
200;1741092962926
200;1741092977939
200;1741092988031
200;1741092998091
200;1741092998136
200;1741093002934
200;1741093007941
200;1741093012932
200;1741093017934
200;1741093021234
200;1741093022928
200;1741093027930
200;1741093030374
200;1741093033131
100;1741093038014
200;1741093042962
200;1741093043013
200;1741093043051
200;1741093045582
200;1741093047935
200;1741093050108
200;1741093050267
200;1741093052969
200;1741093053951
200;1741093054107
200;1741093055627
200;1741093057931
200;1741093058012
200;1741093062938
200;1741093063116
200;1741093067943
200;1741093070675
200;1741093071279
200;1741093072934
200;1741093072990
200;1741093077940
200;1741093082948
200;1741093087935
200;1741093092941
200;1741093095509
200;1741093097926
200;1741093100546
200;1741093102934
200;1741093107937
200;1741093110334
200;1741093112943
200;1741093117916
200;1741093122965
200;1741093127942
200;1741093132931
200;1741093137975
200;1741093142937
200;1741093145443
200;1741093147942
200;1741093152930
200;1741093167944
200;1741093168019
200;1741093169279
200;1741093172933
200;1741093177939
200;1741093178464
200;1741093182946
200;1741093187937
200;1741093192943
200;1741093197930
200;1741093202936
200;1741093206996
200;1741093207944
200;1741093212956
200;1741093217943
200;1741093222943
200;1741093227930
200;1741093232933
200;1741093235697
200;1741093237941
200;1741093252964
200;1741093253007
200;1741093257930
200;1741093262941
200;1741093267928
200;1741093272973
200;1741093277938
200;1741093282939
200;1741093287934
200;1741093292938
200;1741093297938
200;1741093302266
200;1741093302928
200;1741093305457
200;1741093307434
200;1741093307949
200;1741093308776
200;1741093312172
200;1741093312940
200;1741093316258
200;1741093317940
200;1741093320922
200;1741093321536
200;1741093322936
100;1741093330797
100;1741093336279
100;1741093337432
200;1741093337946
100;1741093340822
100;1741093345586
200;1741093348002
200;1741093348031
200;1741093352253
200;1741093352926
200;1741093356915
200;1741093357237
200;1741093357929
200;1741093361856
200;1741093362935
200;1741093367937
200;1741093372928
200;1741093375164
200;1741093375533
200;1741093377933
200;1741093380783
200;1741093382935
200;1741093387968
200;1741093392931
200;1741093397940
200;1741093401127
200;1741093402942
200;1741093404378
200;1741093407929
200;1741093412935
200;1741093417939
200;1741093418558
200;1741093421351
200;1741093422941
200;1741093425481
200;1741093427935
200;1741093430783
200;1741093430952
200;1741093432936
200;1741093435617
200;1741093437922
200;1741093442933
200;1741093446605
200;1741093447941
200;1741093450524
200;1741093452975
200;1741093457932
200;1741093462937
200;1741093465895
200;1741093467929
100;1741093481623
200;1741093482943
200;1741093493015
200;1741093493063
200;1741093497941
200;1741093501882
200;1741093502926
200;1741093507930
200;1741093512937
200;1741093517944
200;1741093522934
200;1741093528251
200;1741093532943
200;1741093536948
200;1741093537929
200;1741093541153
200;1741093542932
200;1741093543647
200;1741093547939
200;1741093550939
200;1741093550975
200;1741093552941
200;1741093553347
200;1741093557945
200;1741093562958
200;1741093567917
200;1741093568866
200;1741093572940
200;1741093577941
200;1741093582930
200;1741093587937
200;1741093592929
200;1741093607948
100;1741093611986
200;1741093612930
200;1741093617939
200;1741093622927
100;1741093657025
100;1741093657617
200;1741093658005
200;1741093658051
200;1741093658083
200;1741093658134
100;1741093660737
200;1741093672954
200;1741093673004
100;1741093675825
100;1741093677621
200;1741093677927
200;1741093682931
200;1741093683710
200;1741093687936
200;1741093692941
200;1741093697930
200;1741093702949
100;1741093707760
200;1741093707922
200;1741093708672
200;1741093722937
200;1741093722985
200;1741093727923
200;1741093732929
200;1741093737939
200;1741093742968
200;1741093747932
200;1741093752938
200;1741093767939
200;1741093767986
200;1741093770160
200;1741093772931
200;1741093777936
200;1741093782940
200;1741093787914
200;1741093792938
200;1741093797943
200;1741093802930
200;1741093807936
200;1741093812938
200;1741093816678
100;1741093817203
200;1741093817942
200;1741093820146
200;1741093821203
200;1741093822928
100;1741093827364
200;1741093827942
200;1741093831142
200;1741093832928
200;1741093837936
200;1741093840093
200;1741093842927
100;1741093847274
200;1741093847933
200;1741093852936
200;1741093857941
200;1741093862031
200;1741093862931
200;1741093867936
200;1741093870714
200;1741093872940
200;1741093875188
200;1741093877928
200;1741093878821
200;1741093881011
200;1741093882934
200;1741093884162
200;1741093884193
200;1741093887940
200;1741093891406
200;1741093891466
200;1741093892931
100;1741093897771
200;1741093897935
200;1741093900442
200;1741093902940
200;1741093905609
200;1741093907945
200;1741093912936
200;1741093917961
200;1741093922929
200;1741093927934
200;1741093932926
200;1741093937974
200;1741093942944
200;1741093947933
200;1741093952930
200;1741093957933
200;1741093962939
200;1741093967955
200;1741093972936
200;1741093977941
200;1741093982931
200;1741093987918
200;1741093992440
200;1741093992470
200;1741093992923
200;1741093997928
200;1741094002934
200;1741094007940
200;1741094011020
200;1741094012930
200;1741094027931
200;1741094032933
200;1741094037939
200;1741094042929
100;1741094047351
200;1741094047931
200;1741094052938
200;1741094057924
200;1741094062931
100;1741094065614
200;1741094067937
100;1741094071640
100;1741094071672
200;1741094082945
200;1741094082994
200;1741094087938
200;1741094092961
200;1741094097933
200;1741094102941
200;1741094107932
200;1741094112933
200;1741094117927
100;1741094121713
200;1741094122960
200;1741094127933
200;1741094128008
200;1741094132936
200;1741094133412
100;1741094137377
100;1741094138817
100;1741094145359
100;1741094145759
200;1741094147938
200;1741094152943
200;1741094157926
200;1741094161749
200;1741094162936
200;1741094165829
200;1741094165955
200;1741094167944
200;1741094171938
200;1741094172934
200;1741094177938
200;1741094182930
200;1741094187938
200;1741094192938
200;1741094197960
200;1741094202465
200;1741094202935
200;1741094205482
200;1741094206911
200;1741094207936
200;1741094212928
200;1741094217933
200;1741094222490
200;1741094222927
200;1741094225321
200;1741094227932
200;1741094232344
200;1741094232427
200;1741094232936
200;1741094237941
200;1741094240217
200;1741094242928
200;1741094247971
200;1741094250926
200;1741094252950
200;1741094256397
200;1741094256733
200;1741094257937
200;1741094260511
200;1741094262941
100;1741094266339
200;1741094267927
100;1741094272670
200;1741094272929
100;1741094275642
200;1741094277933
200;1741094278168
200;1741094282921
200;1741094287929
200;1741094292933
100;1741094294775
100;1741094295917
200;1741094297934
200;1741094302972
100;1741094304043
100;1741094305548
200;1741094306393
200;1741094307934
200;1741094310913
100;1741094313830
100;1741094321762
200;1741094322967
200;1741094323030
100;1741094326383
200;1741094327924
100;1741094331853
200;1741094332948
200;1741094337935
100;1741094340709
200;1741094342938
200;1741094343797
100;1741094345396
200;1741094347928
100;1741094350532
100;1741094350803
100;1741094353262
100;1741094355630
100;1741094361578
100;1741094362026
200;1741094362943
200;1741094371159
200;1741094373017
200;1741094373066
200;1741094377931
200;1741094382920
100;1741094386834
200;1741094387941
100;1741094391391
100;1741094392799
200;1741094392929
200;1741094394225
100;1741094395501
200;1741094407943
200;1741094407988
200;1741094412935
100;1741094417188
200;1741094417945
200;1741094422929
100;1741094427035
200;1741094427934
200;1741094432942
200;1741094447942
200;1741094452797
200;1741094452828
200;1741094452929
200;1741094455709
200;1741094457933
200;1741094472950
200;1741094472994
200;1741094477936
200;1741094482929
200;1741094485100
200;1741094487935
200;1741094492936
200;1741094497955
200;1741094502935
200;1741094507970
200;1741094522953
200;1741094523014
200;1741094527941
200;1741094532952
200;1741094537932
100;1741094539176
200;1741094542942
200;1741094547928
100;1741094550804
200;1741094552934
100;1741094555058
100;1741094557696
200;1741094557942
200;1741094562930
100;1741094565533
100;1741094567257
200;1741094567934
100;1741094570792
100;1741094571237
200;1741094572943
200;1741094577929
100;1741094580821
200;1741094582936
200;1741094583109
200;1741094587928
100;1741094590259
100;1741094591571
200;1741094592937
200;1741094597940
200;1741094602936
100;1741094605964
200;1741094617963
200;1741094618021
200;1741094618979
200;1741094622932
200;1741094627938
200;1741094632931
200;1741094637916
200;1741094642944
200;1741094647976
200;1741094650149
100;1741094651629
200;1741094652935
200;1741094654963
200;1741094655376
200;1741094657945
200;1741094657990
100;1741094662011
200;1741094662931
200;1741094667933
200;1741094668443
200;1741094672947
100;1741094677236
200;1741094677931
200;1741094682932
100;1741094687549
100;1741094687574
200;1741094687921
200;1741094690239
200;1741094692928
200;1741094697937
200;1741094699564
200;1741094702940
200;1741094706666
200;1741094707929
200;1741094712943
200;1741094716221
200;1741094717938
200;1741094721758
200;1741094722972
200;1741094727943
200;1741094728390
200;1741094732943
200;1741094734280
200;1741094735997
200;1741094737933
200;1741094741295
200;1741094741493
100;1741094743058
100;1741094745157
100;1741094750082
100;1741094753130
100;1741094754315
100;1741094760252
100;1741094761786
200;1741094762957
200;1741094763002
200;1741094763051
200;1741094767929
200;1741094772936
200;1741094775729
200;1741094777939
200;1741094780399
200;1741094782928
200;1741094787932
200;1741094792938
200;1741094797857
100;1741094799170
100;1741094799202
200;1741094807937
200;1741094812939
100;1741094816133
200;1741094817928
100;1741094820517
200;1741094821059
200;1741094822952
100;1741094825445
100;1741094826018
200;1741094827394
200;1741094827942
200;1741094830576
200;1741094832933
200;1741094837938
200;1741094842927
100;1741094846312
200;1741094857946
200;1741094857992
200;1741094862930
200;1741094867936
200;1741094872928
100;1741094880537
100;1741094881796
100;1741094885493
200;1741094885923
200;1741094887955
200;1741094887990
100;1741094890243
200;1741094892319
200;1741094892930
200;1741094893488
200;1741094897941
200;1741094902931
100;1741094905230
200;1741094907938
200;1741094912940
200;1741094917958
100;1741094920693
200;1741094922937
200;1741094927938
200;1741094932939
200;1741094937924
200;1741094942935
200;1741094947938
200;1741094952930
200;1741094957935
200;1741094958730
200;1741094962940
200;1741094967931
200;1741094972929
200;1741094977937
200;1741094982925
200;1741094987926
200;1741094991153
100;1741094992970
200;1741095002940
200;1741095002989
200;1741095007929
200;1741095008011
200;1741095012938
200;1741095017939
200;1741095022929
200;1741095037949
200;1741095037998
200;1741095042938
200;1741095047944
200;1741095052934
200;1741095067947
200;1741095067994
200;1741095072939
200;1741095077946
200;1741095082931
200;1741095085822
200;1741095087937
200;1741095092938
200;1741095092990
200;1741095097928
200;1741095098164
200;1741095102933
200;1741095107939
200;1741095110925
200;1741095112928
200;1741095113660
200;1741095117935
200;1741095122934
200;1741095127923
200;1741095132927
200;1741095137935
200;1741095142937
200;1741095147941
200;1741095150832
200;1741095152947
200;1741095157936
200;1741095162939
200;1741095167925
200;1741095170353
200;1741095172946
200;1741095177935
200;1741095182941
200;1741095186661
200;1741095187931
200;1741095192937
200;1741095197928
200;1741095202963
200;1741095206147
200;1741095207932
200;1741095207987
200;1741095212941
200;1741095216980
200;1741095217946
200;1741095220531
200;1741095222624
200;1741095222932
200;1741095226145
200;1741095227457
200;1741095227941
200;1741095228375
200;1741095230540
200;1741095232946
200;1741095237929
200;1741095242334
200;1741095242940
200;1741095247944
200;1741095252934
200;1741095257978
200;1741095262103
200;1741095262939
200;1741095267968
200;1741095271098
200;1741095272919
200;1741095277940
200;1741095282932
200;1741095286885
200;1741095287931
200;1741095290726
200;1741095290758
200;1741095292934
200;1741095297939
200;1741095302930
200;1741095307937
200;1741095312925
200;1741095315292
200;1741095317947
200;1741095322932
200;1741095325604
200;1741095327923
200;1741095332930
200;1741095337940
200;1741095342926
200;1741095347934
200;1741095351295
200;1741095352950
200;1741095357921
200;1741095362925
200;1741095367932
200;1741095372935
200;1741095377929
200;1741095382935
200;1741095387533
200;1741095387937
200;1741095392972
200;1741095396567
200;1741095397932
200;1741095398072
200;1741095400840
100;1741095411460
100;1741095412216
200;1741095412939
200;1741095412990
200;1741095417926
200;1741095422937
200;1741095427941
200;1741095431724
200;1741095432941
200;1741095433915
200;1741095437933
200;1741095442160
200;1741095442922
200;1741095447927
200;1741095452932
200;1741095457935
200;1741095462939
200;1741095467965
200;1741095469832
200;1741095472938
200;1741095477944
200;1741095482936
200;1741095487933
200;1741095492941
200;1741095497929
200;1741095502933
200;1741095507938
200;1741095512928
200;1741095527946
200;1741095532930
200;1741095537936
100;1741095541112
200;1741095542943
200;1741095543093
100;1741095547332
100;1741095548054
100;1741095549941
200;1741095557937
200;1741095567993
200;1741095568026
100;1741095570610
200;1741095572935
100;1741095575603
200;1741095577940
200;1741095592954
200;1741095593006
200;1741095597930
200;1741095612943
200;1741095612990
200;1741095617945
200;1741095622943
200;1741095627930
200;1741095632946
200;1741095635369
200;1741095637935
200;1741095638603
200;1741095642970
200;1741095643624
200;1741095647932
200;1741095648567
100;1741095652471
200;1741095652939
100;1741095655923
200;1741095657924
200;1741095658788
200;1741095662935
200;1741095667941
200;1741095672949
200;1741095677949
200;1741095682936
200;1741095687928
200;1741095702943
200;1741095702986
200;1741095707933
200;1741095712937
200;1741095727962
200;1741095727994
200;1741095732938
200;1741095737929
200;1741095742932
200;1741095747940
200;1741095752932
200;1741095757936
200;1741095762926
200;1741095767929
200;1741095771080
200;1741095772921
200;1741095777941
100;1741095782301
200;1741095782929
200;1741095787937
100;1741095792601
200;1741095792939
200;1741095797933
200;1741095802932
200;1741095807939
100;1741095812429
200;1741095812929
200;1741095817934
200;1741095822935
200;1741095827929
200;1741095832933
200;1741095837936
200;1741095842944
200;1741095847933
200;1741095851430
200;1741095852940
200;1741095857186
200;1741095857926
200;1741095862945
200;1741095866104
200;1741095867953
200;1741095871686
200;1741095872941
200;1741095877857
200;1741095877929
200;1741095881392
200;1741095882932
200;1741095887922
200;1741095890280
200;1741095892968
200;1741095897929
200;1741095902934
200;1741095905415
200;1741095905624
200;1741095907938
200;1741095912936
200;1741095917937
200;1741095922933
200;1741095925900
200;1741095927934
200;1741095932937
200;1741095937955
200;1741095942932
200;1741095947936
200;1741095952943
200;1741095957950
200;1741095962935
200;1741095967777
200;1741095967943
200;1741095970864
200;1741095972929
200;1741095977936
200;1741095979032
100;1741095986607
100;1741095987238
200;1741095990455
200;1741095992958
200;1741095992998
200;1741095995325
200;1741095997948
200;1741095998819
200;1741096002975
200;1741096006399
200;1741096007958
200;1741096010348
200;1741096012941
200;1741096017929
200;1741096022937
200;1741096027942
200;1741096032932
200;1741096037938
200;1741096042939
200;1741096046663
200;1741096047945
200;1741096051364
200;1741096052936
200;1741096057941
200;1741096060496
200;1741096062973
200;1741096066470
200;1741096067936
200;1741096072961
200;1741096077961
200;1741096082933
200;1741096087941
200;1741096092947
200;1741096094365
200;1741096097937
200;1741096102940
200;1741096107928
200;1741096110613
200;1741096112938
200;1741096115838
200;1741096117963
100;1741096123946
100;1741096125176
200;1741096127934
200;1741096132923
200;1741096137945
200;1741096142931
100;1741096144960
100;1741096145711
200;1741096147955
200;1741096152946
200;1741096157948
200;1741096162937
200;1741096167941
100;1741096170379
100;1741096170719
200;1741096172945
100;1741096175340
200;1741096177950
200;1741096182938
100;1741096185860
200;1741096187941
200;1741096192945
200;1741096197936
200;1741096202956
200;1741096207945
200;1741096212938
200;1741096217940
200;1741096222955
200;1741096227935
200;1741096232940
200;1741096237943
200;1741096242946
200;1741096247933
100;1741096251187
200;1741096252950
200;1741096257942
200;1741096262930
200;1741096267933
100;1741096272008
100;1741096272564
200;1741096272936
200;1741096277928
200;1741096280269
200;1741096282946
200;1741096285387
200;1741096287933
200;1741096292939
200;1741096295206
200;1741096296177
200;1741096297940
200;1741096302931
200;1741096307932
100;1741096312423
200;1741096312938
200;1741096317925
200;1741096319288
200;1741096322935
200;1741096327938
100;1741096335991
200;1741096342948
200;1741096342994
200;1741096357942
200;1741096357991
100;1741096362871
200;1741096362930
200;1741096367937
200;1741096372929
200;1741096377930
200;1741096382935
200;1741096387943
200;1741096392934
200;1741096397940
200;1741096402927
200;1741096407931
200;1741096412921
200;1741096414869
200;1741096417956
200;1741096422930
200;1741096427957
200;1741096432947
200;1741096435826
200;1741096437946
200;1741096438331
200;1741096442943
200;1741096445560
200;1741096447025
200;1741096447945
200;1741096452941
200;1741096457931
200;1741096459143
100;1741096466691
100;1741096470194
200;1741096472946
200;1741096472992
200;1741096475736
200;1741096476267
200;1741096477919
200;1741096478317
200;1741096482941
200;1741096486656
200;1741096487931
200;1741096488315
200;1741096492935
200;1741096497943
200;1741096502939
200;1741096507945
200;1741096512943
200;1741096517946
200;1741096522943
200;1741096527949
200;1741096532939
200;1741096537945
200;1741096542935
200;1741096547940
200;1741096552946
200;1741096557931
200;1741096562941
200;1741096567946
200;1741096572934
200;1741096577939
200;1741096582931
200;1741096587002
200;1741096587932
200;1741096592939
200;1741096597944
200;1741096600723
200;1741096602932
200;1741096607941
200;1741096608498
200;1741096612933
200;1741096617513
200;1741096617931
200;1741096618524
200;1741096620424
200;1741096622920
200;1741096623157
200;1741096624326
200;1741096627942
200;1741096632931
200;1741096637939
200;1741096642927
200;1741096647937
200;1741096662951
100;1741096672607
200;1741096673012
200;1741096673056
200;1741096675280
200;1741096677936
200;1741096682942
200;1741096685990
200;1741096687931
200;1741096692938
200;1741096695062
200;1741096697940
200;1741096702947
200;1741096706137
200;1741096707936
200;1741096711578
200;1741096711994
200;1741096712945
200;1741096717932
200;1741096718369
200;1741096722940
200;1741096727926
200;1741096729380
200;1741096732970
200;1741096732986
200;1741096737938
100;1741096749090
200;1741096752969
200;1741096763032
200;1741096763082
200;1741096767973
200;1741096768661
200;1741096772936
200;1741096777941
200;1741096782928
200;1741099837966
200;1741099842329
200;1741099842969
200;1741099847948
200;1741099852962
200;1741099855651
200;1741099857947
200;1741099861207
200;1741099862968
200;1741099867950
200;1741099868259
200;1741099872942
200;1741099877949
200;1741099882992
200;1741099897990
200;1741099907934
200;1741099912973
200;1741099917949
200;1741099922952
100;1741099925110
100;1741099927266
100;1741099930986
200;1741099937986
200;1741099938155
200;1741099946055
200;1741099948073
200;1741099949639
200;1741099954915
200;1741099958146
200;1741099958211
200;1741099962960
200;1741099967948
200;1741099972958
200;1741099977989
200;1741099982980
200;1741099987961
200;1741099992959
100;1741099995900
200;1741099997949
100;1741100002573
200;1741100002951
200;1741100005071
200;1741100007939
200;1741100012956
200;1741100017952
200;1741100022958
200;1741100023656
200;1741100027947
200;1741100032956
200;1741100037962
200;1741100042946
100;1741100047404
200;1741100047951
100;1741100052839
200;1741100052949
200;1741100057943
200;1741100061286
200;1741100062929
200;1741100067953
200;1741100072941
200;1741100077939
200;1741100082937
200;1741100083878
200;1741100087949
200;1741100088197
200;1741100092947
200;1741100097940
200;1741100102955
200;1741100105162
100;1741100106791
200;1741100107951
200;1741100109109
200;1741100112948
100;1741100117293
200;1741100117952
200;1741100120165
200;1741100122961
200;1741100127954
200;1741100130392
200;1741100132957
200;1741100135073
200;1741100137961
200;1741100142943
200;1741100144172
200;1741100147949
200;1741100148115
200;1741100152961
200;1741100157949
200;1741100158069
200;1741100162957
100;1741100172447
100;1741100174403
200;1741100177966
200;1741100178027
200;1741100180266
200;1741100182952
200;1741100185223
200;1741100187959
200;1741100190768
200;1741100192982
200;1741100196921
200;1741100197950
200;1741100202962
200;1741100207945
200;1741100212957
200;1741100217954
200;1741100222942
200;1741100227953
200;1741100231279
200;1741100232971
200;1741100236374
200;1741100237947
200;1741100242953
200;1741100243621
200;1741100247953
200;1741100250335
200;1741100250495
200;1741100252952
200;1741100257955
200;1741100272977
200;1741100273039
200;1741100277955
200;1741100282966
200;1741100287961
200;1741100292960
200;1741100293370
200;1741100293712
200;1741100297971
200;1741100302949
200;1741100307950
200;1741100312967
200;1741100317944
200;1741100322959
200;1741100327948
200;1741100332959
200;1741100337964
200;1741100342945
200;1741100347935
200;1741100352940
200;1741100357944
200;1741100362927
200;1741100367936
200;1741100372940
200;1741100377929
200;1741100382932
200;1741100387936
200;1741100392928
200;1741100397930
200;1741100402930
200;1741100407941
200;1741100412926
200;1741100417930
200;1741100422937
200;1741100427937
200;1741100432928
200;1741100437933
200;1741100442939
200;1741100447928
200;1741100452935
200;1741100457940
200;1741100462949
200;1741100467930
200;1741100472933
200;1741100477939
200;1741100482947
200;1741100487933
200;1741100492935
200;1741100497933
200;1741100502937
200;1741100507945
200;1741100512947
200;1741100513200
200;1741100517937
200;1741100522942
200;1741100527928
200;1741100532932
200;1741100537938
200;1741100542936
200;1741100547648
200;1741100547924
200;1741100552932
200;1741100555361
200;1741100555952
200;1741100557941
200;1741100561580
200;1741100562931
200;1741100567949
200;1741100572937
200;1741100577924
200;1741100582933
200;1741100587942
200;1741100592930
100;1741100603984
100;1741100604327
200;1741100606165
100;1741100610630
100;1741100615201
200;1741100616130
200;1741100616578
200;1741100617976
200;1741100618042
200;1741100618073
200;1741100621059
200;1741100621313
200;1741100622938
200;1741100624085
200;1741100626032
200;1741100627965
200;1741100632930
200;1741100637930
200;1741100642940
200;1741100647939
200;1741100651228
200;1741100652929
200;1741100657936
200;1741100662927
200;1741100667930
200;1741100672936
200;1741100677943
200;1741100682961
200;1741100687950
200;1741100692943
200;1741100697968
200;1741100712956
200;1741100713006
200;1741100717937
200;1741100722937
200;1741100727953
200;1741100732932
200;1741100737941
200;1741100741182
200;1741100742929
200;1741100747936
200;1741100748154
200;1741100750554
200;1741100752940
200;1741100757927
200;1741100762928
200;1741100767933
200;1741100772939
200;1741100777932
200;1741100777972
200;1741100782936
200;1741100787941
200;1741100792927
100;1741100805480
100;1741100806130
200;1741100807940
200;1741100812932
100;1741100817434
100;1741100820397
100;1741100825500
200;1741100827952
200;1741100828012
100;1741100830809
200;1741100832940
200;1741100837946
200;1741100842931
200;1741100843903
200;1741100847922
200;1741100852940
100;1741100857775
200;1741100857925
200;1741100858977
200;1741100862931
200;1741100864381
200;1741100867936
200;1741100868184
200;1741100872927
200;1741100877937
100;1741100880840
200;1741100882942
200;1741100887925
200;1741100892931
100;1741100896363
200;1741100897936
100;1741100904309
100;1741100907346
200;1741100910083
200;1741100910834
200;1741100912950
200;1741100912997
200;1741100913055
200;1741100917936
200;1741100920413
200;1741100922938
200;1741100925273
100;1741100926021
200;1741100927931
200;1741100928050
200;1741100928180
200;1741100932927
200;1741100935599
200;1741100937934
200;1741100942940
100;1741100946084
200;1741100947932
200;1741100950623
200;1741100952938
200;1741100953081
200;1741100957938
200;1741100962935
200;1741100967932
100;1741100971939
100;1741100972083
200;1741100972937
200;1741100975362
200;1741100977925
100;1741100981696
200;1741100982931
200;1741100987940
200;1741100992938
100;1741100997783
200;1741100997927
100;1741101009163
200;1741101012978
200;1741101013009
100;1741101016888
100;1741101017253
200;1741101017926
200;1741101020545
200;1741101022933
200;1741101023665
200;1741101023679
200;1741101027942
200;1741101032937
200;1741101037930
200;1741101042934
100;1741101048913
100;1741101051868
200;1741101057947
200;1741101057998
200;1741101062942
200;1741101067930
200;1741101072932
200;1741101077937
200;1741101082941
200;1741101087931
200;1741101092937
200;1741101093676
200;1741101097943
200;1741101100685
200;1741101102931
200;1741101107935
200;1741101112927
200;1741101117932
200;1741101122935
200;1741101127939
200;1741101132931
200;1741101137941
200;1741101138678
200;1741101142948
200;1741101146691
200;1741101146841
200;1741101147936
200;1741101148072
200;1741101148280
100;1741101153556
100;1741101155971
100;1741101160148
100;1741101161490
200;1741101162963
200;1741101162996
200;1741101165248
200;1741101166288
200;1741101167940
200;1741101171789
200;1741101172930
200;1741101175494
200;1741101177928
200;1741101180165
200;1741101182937
200;1741101185716
200;1741101187941
200;1741101192943
200;1741101196472
200;1741101197955
200;1741101202939
200;1741101207927
200;1741101212935
200;1741101217940
200;1741101221526
200;1741101222928
200;1741101227948
200;1741101230457
100;1741101237236
100;1741101237299
100;1741101238157
100;1741101240725
200;1741101242954
100;1741101245440
100;1741101248059
100;1741101250268
200;1741101253025
200;1741101253099
200;1741101255678
200;1741101255944
200;1741101257933
200;1741101260967
200;1741101262937
200;1741101267947
200;1741101271197
200;1741101272938
200;1741101274030
200;1741101275581
200;1741101277954
200;1741101279068
200;1741101281079
200;1741101282967
200;1741101286035
200;1741101287928
200;1741101290484
200;1741101292932
200;1741101293088
200;1741101296399
200;1741101297940
200;1741101302937
200;1741101307941
200;1741101308330
200;1741101312942
200;1741101317943
200;1741101319878
200;1741101322935
200;1741101325309
200;1741101327836
200;1741101327932
200;1741101330538
200;1741101331288
200;1741101332940
200;1741101335193
200;1741101335577
200;1741101336472
200;1741101337936
200;1741101340778
200;1741101341879
100;1741101346983
100;1741101349174
200;1741101352948
200;1741101352993
200;1741101357934
200;1741101358054
200;1741101362940
200;1741101367928
200;1741101368900
200;1741101372935
200;1741101375600
200;1741101377927
200;1741101378455
200;1741101382967
200;1741101387934
200;1741101392934
200;1741101395607
200;1741101396943
200;1741101397923
200;1741101402923
200;1741101407302
200;1741101407930
200;1741101408098
100;1741101415448
200;1741101422953
200;1741101422999
100;1741101430096
100;1741101432806
100;1741101436522
200;1741101437952
200;1741101438015
200;1741101441157
200;1741101442938
200;1741101443691
200;1741101447944
200;1741101450100
200;1741101450371
200;1741101452930
200;1741101457935
200;1741101462937
200;1741101467928
200;1741101472933
200;1741101477013
200;1741101477936
200;1741101480300
200;1741101482926
200;1741101497958
200;1741101498004
200;1741101499586
200;1741101500826
200;1741101502927
200;1741101505292
200;1741101505643
200;1741101506966
200;1741101507931
200;1741101510262
200;1741101510805
200;1741101511252
200;1741101512937
200;1741101512961
200;1741101517940
200;1741101521561
200;1741101522616
200;1741101522945
200;1741101527927
200;1741101532917
200;1741101537919
200;1741101542925
200;1741101547933
200;1741101550744
200;1741101552936
200;1741101557941
200;1741101560904
200;1741101562930
200;1741101567935
200;1741101572941
200;1741101575448
200;1741101577929
200;1741101592941
200;1741101592988
200;1741101597929
200;1741101602933
200;1741101606904
200;1741101607763
200;1741101607944
200;1741101612946
200;1741101617773
200;1741101617929
200;1741101622943
200;1741101626197
200;1741101627926
200;1741101628395
200;1741101628515
200;1741101632935
200;1741101637120
200;1741101637940
200;1741101641309
200;1741101642929
200;1741101643611
200;1741101647917
200;1741101652938
200;1741101657927
200;1741101662932
200;1741101667919
200;1741101672939
200;1741101677933
200;1741101682933
200;1741101687935
200;1741101692929
200;1741101697947
200;1741101702936
200;1741101707939
200;1741101712929
200;1741101717947
200;1741101722936
200;1741101727942
200;1741101732928
200;1741101737929
200;1741101742941
200;1741101747944
200;1741101752928
200;1741101757935
200;1741101762185
200;1741101762926
200;1741101767930
200;1741101772937
200;1741101777938
200;1741101782945
200;1741101787996
200;1741101792939
200;1741101797926
200;1741101802927
200;1741101806889
200;1741101807932
200;1741101812940
200;1741101817933
200;1741101822934
200;1741101827935
200;1741101830461
200;1741101832944
200;1741101837928
200;1741101842937
200;1741101847926
200;1741101852930
200;1741101857935
200;1741101862940
200;1741101867931
200;1741101872919
200;1741101877941
200;1741101882930
200;1741101887932
200;1741101892921
200;1741101897924
200;1741101902931
200;1741101906495
200;1741101907945
200;1741101912318
200;1741101912940
200;1741101917944
200;1741101920359
200;1741101922938
200;1741101927951
200;1741101932937
200;1741101936128
200;1741101937937
200;1741101938140
200;1741101940927
200;1741101944920
200;1741101945917
200;1741101946078
200;1741101948019
200;1741101948185
200;1741101952967
200;1741101953058
200;1741101957475
200;1741101957567
200;1741101957944
200;1741101958210
200;1741101960144
200;1741101960352
200;1741101962926
200;1741101965277
200;1741101965518
200;1741101965581
200;1741101967935
200;1741101967979
200;1741101970901
200;1741101972937
200;1741101975190
200;1741101975367
200;1741101977929
200;1741101979655
200;1741101980774
200;1741101982336
200;1741101982931
200;1741101985585
200;1741101985633
200;1741101987936
200;1741101988107
200;1741101990539
200;1741101992938
200;1741101993025
200;1741101997934
200;1741101998046
200;1741102001459
100;1741102004988
200;1741102006862
100;1741102011197
200;1741102012947
100;1741102015397
100;1741102015937
200;1741102020824
200;1741102021815
200;1741102023037
200;1741102023084
200;1741102023528
200;1741102027928
200;1741102028835
100;1741102036081
100;1741102038093
100;1741102040940
200;1741102042948
200;1741102043009
200;1741102043372
200;1741102047981
200;1741102052941
200;1741102057931
200;1741102062937
200;1741102077964
200;1741102078012
200;1741102082941
200;1741102087022
200;1741102087951
200;1741102092673
200;1741102092934
200;1741102097939
200;1741102102931
200;1741102106153
100;1741102112739
100;1741102112801
100;1741102115607
200;1741102117947
200;1741102117993
200;1741102122611
200;1741102122641
200;1741102122932
200;1741102125346
200;1741102127746
200;1741102127943
200;1741102130098
200;1741102132927
200;1741102135293
200;1741102135580
200;1741102137938
200;1741102138443
200;1741102138597
100;1741102150591
200;1741102152950
200;1741102152997
200;1741102157940
200;1741102160208
200;1741102162929
200;1741102167941
200;1741102172941
200;1741102177933
200;1741102182937
200;1741102187958
200;1741102192934
200;1741102197937
200;1741102200924
200;1741102202934
200;1741102207201
200;1741102207937
200;1741102208037
200;1741102212945
200;1741102213248
200;1741102217944
200;1741102220374
200;1741102222943
200;1741102227944
200;1741102232069
200;1741102232936
200;1741102233275
200;1741102237934
200;1741102242940
200;1741102245653
200;1741102247928
200;1741102250626
200;1741102252934
200;1741102257941
200;1741102261547
200;1741102262928
200;1741102265352
200;1741102265625
200;1741102265753
200;1741102267931
200;1741102270647
200;1741102272938
200;1741102277961
200;1741102282935
200;1741102287372
200;1741102287842
200;1741102287942
200;1741102292931
200;1741102295369
200;1741102297935
200;1741102302941
200;1741102307933
200;1741102310120
200;1741102310467
200;1741102312935
200;1741102314125
200;1741102317943
200;1741102320449
200;1741102322931
200;1741102327937
200;1741102332932
200;1741102347983
200;1741102348027
200;1741102352932
200;1741102355076
200;1741102357939
200;1741102362931
200;1741102367937
200;1741102372938
200;1741102377924
200;1741102382933
200;1741102387924
200;1741102392926
200;1741102396152
200;1741102397932
100;1741102406275
100;1741102409748
200;1741102412947
200;1741102412997
200;1741102417934
200;1741102422936
200;1741102426573
200;1741102427931
200;1741102431525
200;1741102432931
200;1741102437937
200;1741102442946
200;1741102447931
200;1741102452940
200;1741102457939
200;1741102462933
200;1741102465897
200;1741102467938
200;1741102468186
200;1741102468335
200;1741102468873
200;1741102472946
200;1741102473915
200;1741102475659
200;1741102477932
200;1741102482941
200;1741102485834
200;1741102487062
200;1741102487929
200;1741102492935
200;1741102497938
200;1741102501869
200;1741102502930
200;1741102506012
200;1741102506138
200;1741102507941
200;1741102510428
200;1741102512936
200;1741102513191
200;1741102516200
200;1741102517977
200;1741102522931
200;1741102525570
200;1741102526970
100;1741102531869
200;1741102532173
200;1741102537951
200;1741102537999
200;1741102540809
200;1741102542951
200;1741102543050
200;1741102547478
200;1741102547931
200;1741102550085
200;1741102550420
200;1741102551125
200;1741102552933
200;1741102557935
200;1741102560335
200;1741102560845
200;1741102562939
200;1741102565111
200;1741102567931
200;1741102568885
200;1741102569941
200;1741102572933
200;1741102573329
200;1741102573516
100;1741102580448
100;1741102586573
200;1741102587950
200;1741102587999
100;1741102595530
200;1741102602954
200;1741102602999
200;1741102607941
200;1741102612933
200;1741102616571
200;1741102617935
200;1741102622488
200;1741102622960
200;1741102627943
200;1741102632934
200;1741102633102
200;1741102637937
200;1741102642925
200;1741102645793
200;1741102646948
200;1741102647938
200;1741102648559
200;1741102652951
200;1741102655758
200;1741102657933
200;1741102659210
200;1741102662929
200;1741102666168
200;1741102667947
200;1741102670633
200;1741102672944
200;1741102677939
200;1741102682937
200;1741102687944
200;1741102690561
200;1741102692929
200;1741102697952
200;1741102702948
200;1741102707966
200;1741102710753
200;1741102712936
200;1741102716566
100;1741102721228
100;1741102722772
100;1741102725167
100;1741102726037
100;1741102730831
100;1741102731870
200;1741102734186
200;1741102736180
200;1741102737945
200;1741102738002
100;1741102740117
200;1741102740635
200;1741102740829
200;1741102742944
200;1741102743195
200;1741102747944
200;1741102749265
200;1741102752927
200;1741102757927
200;1741102762942
200;1741102767952
200;1741102772944
200;1741102777933
100;1741102781321
100;1741102781352
200;1741102782941
100;1741102786074
200;1741102787970
200;1741102788467
100;1741102792766
200;1741102792928
200;1741102797949
200;1741102798356
100;1741102800570
200;1741102801472
200;1741102802944
200;1741102803117
200;1741102805888
200;1741102806246
200;1741102807955
200;1741102812943
200;1741102817950
200;1741102819429
200;1741102822957
200;1741102825252
200;1741102827950
200;1741102830477
100;1741102831093
200;1741102832937
200;1741102833240
200;1741102837932
200;1741102840393
100;1741102845701
100;1741102846774
200;1741102852950
200;1741102853208
200;1741102863028
200;1741102863072
200;1741102867939
200;1741102872935
200;1741102876145
100;1741102876465
200;1741102877934
200;1741102878161
200;1741102878279
200;1741102882945
200;1741102885724
200;1741102887932
200;1741102890552
100;1741102891551
200;1741102892922
200;1741102895216
200;1741102895386
200;1741102897927
200;1741102899056
200;1741102901118
200;1741102902931
200;1741102905774
200;1741102907941
200;1741102908844
100;1741102921188
100;1741102922989
100;1741102931457
100;1741102931905
200;1741102932967
200;1741102933008
200;1741102933046
200;1741102934095
200;1741102935295
100;1741102938207
100;1741102946679
100;1741102946694
200;1741102947948
200;1741102948011
200;1741102950551
200;1741102950916
200;1741102952937
200;1741102957947
100;1741102962768
200;1741102962931
200;1741102967938
200;1741102970074
200;1741102970814
200;1741102971122
200;1741102972944
200;1741102976124
200;1741102977938
200;1741102982940
200;1741102987930
200;1741102990754
200;1741102992929
100;1741102997808
200;1741102997939
200;1741103000591
200;1741103002931
200;1741103005789
200;1741103005916
200;1741103007935
200;1741103008024
200;1741103012939
200;1741103015432
200;1741103015905
200;1741103017926
200;1741103021522
200;1741103022936
200;1741103025763
200;1741103027597
200;1741103027937
200;1741103028140
200;1741103030587
200;1741103030904
200;1741103032926
200;1741103035130
200;1741103035632
200;1741103037928
200;1741103039510
200;1741103042935
200;1741103047939
200;1741103052092
200;1741103052214
200;1741103052947
200;1741103053253
200;1741103055166
200;1741103057933
200;1741103058251
200;1741103061818
200;1741103062841
200;1741103062941
200;1741103063320
200;1741103065330
200;1741103067932
200;1741103072935
200;1741103077928
200;1741103082934
200;1741103085219
200;1741103087928
200;1741103088197
200;1741103090542
200;1741103090941
200;1741103092947
200;1741103093038
200;1741103093228
200;1741103097930
200;1741103098119
200;1741103100734
200;1741103102932
200;1741103103212
200;1741103105522
200;1741103107928
200;1741103108037
200;1741103108182
200;1741103112933
200;1741103114975
200;1741103116284
200;1741103117938
200;1741103120377
200;1741103120644
200;1741103120816
200;1741103122928
200;1741103125663
200;1741103127937
200;1741103130668
200;1741103132924
200;1741103137934
200;1741103141028
200;1741103142052
200;1741103142937
200;1741103145634
200;1741103147993
200;1741103150542
200;1741103151294
200;1741103152943
200;1741103155953
200;1741103157932
200;1741103162939
200;1741103167945
200;1741103172932
200;1741103177935
200;1741103182928
200;1741103198002
200;1741103198052
200;1741103200144
200;1741103200272
200;1741103202928
200;1741103203002
200;1741103203101
200;1741103207934
200;1741103208652
200;1741103210132
200;1741103212942
200;1741103217931
200;1741103222933
200;1741103227956
200;1741103232924
200;1741103237932
200;1741103238182
200;1741103242941
200;1741103244886
200;1741103246382
200;1741103247940
200;1741103252950
200;1741103257934
200;1741103262939
200;1741103267944
200;1741103268718
200;1741103272931
200;1741103277935
200;1741103280797
200;1741103281229
200;1741103282928
200;1741103287931
200;1741103292922
200;1741103297940
200;1741103302932
200;1741103307937
200;1741103312939
200;1741103317930
200;1741103318038
200;1741103321908
200;1741103322938
200;1741103327969
200;1741103332937
200;1741103337941
200;1741103342945
200;1741103347931
200;1741103352938
200;1741103357960
200;1741103362934
200;1741103363456
200;1741103367942
200;1741103372936
200;1741103377935
200;1741103382934
200;1741103387940
200;1741103390432
200;1741103392929
200;1741103397940
200;1741103402938
200;1741103407941
200;1741103412931
200;1741103416942
200;1741103417936
200;1741103420492
200;1741103422940
200;1741103423031
200;1741103427948
200;1741103432934
200;1741103437936
200;1741103442940
200;1741103447972
200;1741103452949
200;1741103457936
200;1741103462945
200;1741103467935
200;1741103472934
200;1741103477944
200;1741103482951
200;1741103487919
200;1741103502950
200;1741103502993
200;1741103506412
200;1741103507937
200;1741103512937
200;1741103517932
200;1741103522924
200;1741103527931
200;1741103532936
200;1741103537940
200;1741103542951
200;1741103547932
200;1741103552938
200;1741103557942
200;1741103562931
200;1741103577954
200;1741103577999
200;1741103582941
200;1741103587929
200;1741103592933
200;1741103595346
200;1741103597939
200;1741103598414
200;1741103602932
200;1741103617947
200;1741103618020
200;1741103622933
200;1741103627939
200;1741103628617
200;1741103632927
200;1741103637929
200;1741103642939
200;1741103647942
200;1741103652931
200;1741103657938
200;1741103662942
200;1741103667928
200;1741103672936
200;1741103677925
200;1741103682949
200;1741103687919
200;1741103692938
200;1741103697930
200;1741103702933
200;1741103707952
200;1741103712943
200;1741103717245
200;1741103717939
200;1741103722940
200;1741103727971
200;1741103742943
200;1741103742990
200;1741103743093
200;1741103747974
200;1741103752939
200;1741103757955
200;1741103762937
100;1741103777279
200;1741103777966
200;1741103778011
200;1741103782939
200;1741103787928
200;1741103792933
200;1741103807931
200;1741103812939
200;1741103813124
200;1741103817943
100;1741103820754
200;1741103822934
100;1741103825375
200;1741103827933
200;1741103828629
100;1741103831753
200;1741103832941
100;1741103835941
200;1741103837931
100;1741103841360
200;1741103842933
100;1741103845375
200;1741103847923
100;1741103850478
100;1741103850653
200;1741103852928
200;1741103857931
200;1741103862937
100;1741103865762
200;1741103867939
200;1741103872927
100;1741103875470
200;1741103877937
200;1741103878067
200;1741103880300
200;1741103882943
200;1741103887932
200;1741103892937
100;1741103897229
200;1741103897937
200;1741103902941
200;1741103907934
100;1741103910910
100;1741103911735
200;1741103912938
200;1741103917940
100;1741103922698
200;1741103922948
200;1741103927934
200;1741103932954
200;1741103937949
200;1741103942946
200;1741103947936
200;1741103952943
200;1741103957934
200;1741103962933
200;1741103967943
200;1741103972926
200;1741103977933
200;1741103982939
200;1741103987945
200;1741103992931
200;1741103997917
100;1741104002621
200;1741104002922
200;1741104006582
200;1741104006616
200;1741104007946
200;1741104012937
200;1741104016497
200;1741104017942
200;1741104022936
200;1741104027935
200;1741104032943
200;1741104047939
200;1741104052933
200;1741104067959
200;1741104068006
200;1741104072935
200;1741104077943
200;1741104081494
200;1741104082938
200;1741104087934
200;1741104090598
200;1741104092942
200;1741104095155
200;1741104097943
100;1741104101251
200;1741104102931
100;1741104104435
100;1741104105302
200;1741104107940
200;1741104108180
200;1741104112925
200;1741104113221
100;1741104116665
200;1741104117933
100;1741104122822
200;1741104122937
100;1741104125366
200;1741104127933
100;1741104131144
200;1741104132972
100;1741104135358
200;1741104137939
200;1741104142928
200;1741104147933
100;1741104149480
200;1741104152941
100;1741104155429
100;1741104155683
200;1741104157929
200;1741104158099
200;1741104158399
200;1741104162937
100;1741104165473
100;1741104166177
200;1741104167973
200;1741104168922
200;1741104168987
200;1741104171790
200;1741104172930
100;1741104177230
200;1741104177932
100;1741104181238
200;1741104182939
200;1741104187927
200;1741104192935
100;1741104195341
100;1741104200645
100;1741104201149
100;1741104203022
100;1741104203791
200;1741104207950
200;1741104208873
200;1741104210814
200;1741104215500
200;1741104215530
200;1741104218016
200;1741104218064
200;1741104222940
200;1741104227929
200;1741104232935
100;1741104236530
200;1741104237940
200;1741104242929
200;1741104247930
100;1741104251140
200;1741104252934
200;1741104255796
100;1741104256035
200;1741104257929
200;1741104262930
200;1741104267947
200;1741104270993
200;1741104272930
200;1741104277934
200;1741104282937
200;1741104286337
200;1741104287943
200;1741104289522
200;1741104289554
200;1741104292963
200;1741104293044
200;1741104295864
200;1741104297935
200;1741104301432
200;1741104301526
200;1741104302941
200;1741104303413
200;1741104305206
100;1741104308087
100;1741104315488
100;1741104315698
200;1741104317953
200;1741104318001
200;1741104322928
200;1741104324751
200;1741104327933
200;1741104332924
200;1741104337932
200;1741104342938
200;1741104345732
200;1741104346282
200;1741104347938
200;1741104352944
200;1741104353029
200;1741104357932
200;1741104361083
200;1741104362205
100;1741104363028
100;1741104365643
100;1741104368169
100;1741104370353
200;1741104372947
200;1741104373008
200;1741104376015
200;1741104376119
200;1741104377936
200;1741104378119
200;1741104379420
200;1741104382945
200;1741104385158
200;1741104385459
200;1741104387938
200;1741104388183
200;1741104388226
200;1741104392938
200;1741104393560
200;1741104395125
200;1741104397942
200;1741104399136
200;1741104400799
100;1741104406077
100;1741104406381
100;1741104410829
200;1741104412969
200;1741104413041
200;1741104413053
200;1741104415240
200;1741104417926
200;1741104418034
200;1741104420524
200;1741104422933
200;1741104423208
200;1741104425440
100;1741104428344
100;1741104430733
100;1741104433026
100;1741104434281
200;1741104437949
200;1741104438018
200;1741104441333
200;1741104441365
200;1741104442939
200;1741104447929
200;1741104448031
200;1741104451502
200;1741104452931
200;1741104455401
200;1741104457938
200;1741104458171
200;1741104460365
200;1741104462944
200;1741104463129
200;1741104463225
200;1741104467932
200;1741104468018
200;1741104470822
200;1741104472938
200;1741104475409
200;1741104475761
200;1741104477940
200;1741104480785
200;1741104480816
200;1741104482930
200;1741104483153
200;1741104487935
200;1741104489529
200;1741104490946
200;1741104492926
200;1741104493753
200;1741104495400
200;1741104497944
200;1741104502937
200;1741104505285
200;1741104507940
200;1741104510624
200;1741104512636
200;1741104512958
200;1741104515307
200;1741104516268
200;1741104517936
200;1741104518235
200;1741104518413
100;1741104525817
100;1741104527117
200;1741104527930
200;1741104528341
200;1741104528861
200;1741104532935
200;1741104535698
200;1741104537942
200;1741104540990
200;1741104542932
200;1741104547939
200;1741104550979
200;1741104552940
200;1741104557935
100;1741104570941
200;1741104572959
200;1741104573032
200;1741104577932
200;1741104582941
200;1741104585448
200;1741104587928
200;1741104590166
200;1741104590707
200;1741104592949
200;1741104597935
200;1741104600682
200;1741104602943
200;1741104607939
200;1741104608132
200;1741104610899
200;1741104612948
200;1741104617932
200;1741104622928
200;1741104627933
200;1741104632936
200;1741104637940
200;1741104642930
200;1741104647931
200;1741104652053
200;1741104652935
200;1741104655829
200;1741104657940
200;1741104658024
200;1741104662933
200;1741104663138
200;1741104667068
200;1741104667935
200;1741104672926
200;1741104677933
200;1741104682934
200;1741104684804
200;1741104687945
200;1741104689586
200;1741104690386
200;1741104692933
200;1741104693182
200;1741104695582
200;1741104697935
200;1741104702441
200;1741104702942
200;1741104706758
200;1741104707929
200;1741104708614
200;1741104710277
200;1741104710693
200;1741104712935
200;1741104715216
200;1741104717942
200;1741104722932
200;1741104727938
200;1741104732940
200;1741104737929
200;1741104742929
200;1741104747937
200;1741104752941
200;1741104755095
200;1741104757932
200;1741104762934
200;1741104767938
200;1741104772943
200;1741104777930
200;1741104782937
200;1741104787931
200;1741104792935
200;1741104797946
200;1741104802930
200;1741104806297
200;1741104807936
200;1741104812942
200;1741104817932
200;1741104822941
200;1741104826148
200;1741104826196
200;1741104827928
200;1741104832930
200;1741104837853
200;1741104837936
200;1741104842943
100;1741104851061
100;1741104853350
200;1741104857976
200;1741104858035
200;1741104858167
200;1741104858863
200;1741104862944
200;1741104863410
200;1741104864571
200;1741104867936
200;1741104872297
200;1741104872938
200;1741104877932
200;1741104882934
200;1741104887940
200;1741104892932
200;1741104897932
200;1741104902937
200;1741104907944
200;1741104912929
200;1741104913033
200;1741104917932
200;1741104922939
200;1741104927941
200;1741104933056
100;1741104941830
200;1741104942948
200;1741104942990
200;1741104947935
200;1741104952821
200;1741104962960
200;1741104963008
200;1741104967937
200;1741104972942
200;1741104977928
200;1741104982930
200;1741104987933
200;1741104988664
200;1741104992938
200;1741104995717
200;1741104997930
200;1741104998755
200;1741105001005
200;1741105002931
200;1741105007932
200;1741105012936
200;1741105016771
200;1741105017925
200;1741105022936
200;1741105027942
200;1741105032068
100;1741105042664
200;1741105042954
200;1741105043003
200;1741105047935
200;1741105052947
200;1741105057930
200;1741105062949
200;1741105066683
200;1741105067959
200;1741105072948
200;1741105077942
200;1741105082937
200;1741105087941
200;1741105088453
200;1741105092947
200;1741105096463
200;1741105097941
200;1741105100221
200;1741105102941
200;1741105106941
200;1741105106970
200;1741105107922
200;1741105108959
200;1741105112936
200;1741105113123
200;1741105117930
200;1741105122932
200;1741105127936
200;1741105132942
200;1741105137961
200;1741105142934
200;1741105147941
200;1741105152931
200;1741105157933
200;1741105162941
200;1741105166820
200;1741105167929
200;1741105172850
200;1741105172881
200;1741105172933
200;1741105177940
200;1741105182931
200;1741105187935
200;1741105192941
200;1741105197932
100;1741105211524
200;1741105212952
200;1741105213019
200;1741105217936
200;1741105222945
200;1741105227935
200;1741105232942
200;1741105237928
200;1741105242931
200;1741105247940
200;1741105251482
200;1741105251657
200;1741105252943
200;1741105257926
200;1741105262936
200;1741105267924
200;1741105271098
200;1741105272928
200;1741105275771
200;1741105275802
200;1741105277930
200;1741105279265
200;1741105279318
200;1741105282938
200;1741105287943
200;1741105292931
200;1741105293174
200;1741105293791
200;1741105297931
200;1741105302939
200;1741105307955
200;1741105312934
200;1741105317935
200;1741105322941
200;1741105323166
200;1741105327946
200;1741105332957
200;1741105336130
200;1741105337941
200;1741105340640
200;1741105342929
200;1741105347933
200;1741105352729
200;1741105352941
200;1741105357943
200;1741105360563
200;1741105361100
200;1741105362931
200;1741105367941
200;1741105370986
200;1741105372926
200;1741105377930
200;1741105380452
200;1741105382939
200;1741105386176
200;1741105387926
200;1741105390383
200;1741105392932
200;1741105393023
200;1741105397936
200;1741105402940
200;1741105407931
200;1741105409301
200;1741105409376
200;1741105412932
200;1741105415071
200;1741105415150
200;1741105417936
200;1741105418281
200;1741105420171
200;1741105422943
200;1741105423474
200;1741105425412
200;1741105427930
200;1741105430134
200;1741105430471
200;1741105433346
100;1741105435666
100;1741105440271
100;1741105440910
200;1741105442946
200;1741105442998
200;1741105445305
200;1741105445775
200;1741105447935
200;1741105452841
200;1741105452938
200;1741105455522
200;1741105455864
200;1741105457930
200;1741105461813
200;1741105462935
200;1741105467928
200;1741105472934
200;1741105475932
200;1741105476589
200;1741105477937
200;1741105478028
200;1741105482942
200;1741105487928
200;1741105492933
200;1741105497938
200;1741105501352
200;1741105502941
200;1741105507131
200;1741105507934
200;1741105512934
200;1741105517942
200;1741105522934
200;1741105527936
200;1741105532933
200;1741105537944
200;1741105542937
200;1741105547936
200;1741105550967
200;1741105552941
200;1741105555465
200;1741105557929
200;1741105558085
200;1741105562932
200;1741105567422
200;1741105567953
100;1741105576387
200;1741105582948
200;1741105583025
200;1741105587923
200;1741105592928
200;1741105597929
200;1741105602937
200;1741105607942
200;1741105612935
200;1741105617937
200;1741105622942
200;1741105627933
200;1741105632932
200;1741105637938
200;1741105640986
200;1741105642953
200;1741105647935
200;1741105651112
200;1741105652936
200;1741105657929
200;1741105662925
200;1741105667929
200;1741105672935
200;1741105677941
200;1741105680737
200;1741105682926
200;1741105687931
200;1741105691029
200;1741105692937
200;1741105697925
200;1741105702937
200;1741105707923
200;1741105710286
200;1741105712941
200;1741105717918
200;1741105718600
200;1741105722937
200;1741105727942
200;1741105732704
200;1741105732931
200;1741105737938
200;1741105742929
200;1741105743171
100;1741105751682
100;1741105751809
200;1741105757956
200;1741105758005
200;1741105761023
200;1741105761193
200;1741105762931
200;1741105767628
200;1741105767661
200;1741105767939
200;1741105768082
200;1741105771209
200;1741105772942
200;1741105777931
200;1741105782936
200;1741105787941
100;1741105797631
200;1741105802959
200;1741105803003
200;1741105807933
200;1741105812939
200;1741105847930
200;1741105852933
200;1741105857936
200;1741105862944
200;1741105867926
200;1741105872928
200;1741105877935
200;1741105882941
200;1741105887932
200;1741105892937
200;1741105897945
200;1741105902929
200;1741105917962
200;1741105918006
200;1741105922937
200;1741105927009
200;1741105927942
200;1741105928239
200;1741105932935
200;1741105935680
200;1741105935992
200;1741105937940
200;1741105942928
200;1741105947933
200;1741105952939
200;1741105957927
200;1741105962933
200;1741105967939
200;1741105972926
200;1741105976935
200;1741105977928
200;1741105982935
200;1741105987942
200;1741105991164
200;1741105992930
200;1741105999511
200;1741106003471
200;1741106005974
200;1741106007940
200;1741106007986
200;1741106012927
200;1741106017936
200;1741106022941
200;1741106027959
200;1741106032933
200;1741106037935
200;1741106042941
200;1741106046025
200;1741106047935
200;1741106052940
200;1741106057929
200;1741106072942
200;1741106072989
200;1741106077928
200;1741106092961
200;1741106093011
200;1741106093110
200;1741106097937
200;1741106101782
200;1741106101815
200;1741106102941
200;1741106105338
200;1741106107397
200;1741106107930
200;1741106110410
200;1741106111300
200;1741106112934
200;1741106116529
200;1741106116590
200;1741106117920
200;1741106119299
200;1741106122927
200;1741106127948
200;1741106132941
200;1741106147936
200;1741106152944
200;1741106155448
200;1741106157928
200;1741106160388
200;1741106161263
200;1741106162933
200;1741106165296
200;1741106167937
200;1741106172928
200;1741106177937
200;1741106180093
200;1741106182924
200;1741106187930
200;1741106192939
200;1741106197943
200;1741106202931
200;1741106207212
200;1741106207936
200;1741106220935
200;1741106222939
200;1741106222986
200;1741106224231
200;1741106227926
200;1741106232951
200;1741106237869
200;1741106237937
200;1741106242941
200;1741106247934
200;1741106252941
200;1741106257928
200;1741106262414
200;1741106262752
200;1741106262949
200;1741106266281
200;1741106266412
200;1741106266457
200;1741106267939
200;1741106268133
200;1741106270382
200;1741106272926
200;1741106275348
200;1741106275630
200;1741106277938
100;1741106278573
100;1741106281285
200;1741106282937
100;1741106284550
200;1741106285670
200;1741106287732
200;1741106287927
200;1741106288141
100;1741106291045
200;1741106292949
200;1741106293081
200;1741106293167
200;1741106295215
200;1741106297949
200;1741106298047
200;1741106300106
200;1741106302925
200;1741106307930
100;1741106309320
200;1741106312939
100;1741106315984
100;1741106316769
200;1741106316802
200;1741106317924
200;1741106318611
200;1741106320161
100;1741106324363
200;1741106325141
200;1741106325804
200;1741106328536
200;1741106330823
200;1741106331846
200;1741106332953
200;1741106333006
200;1741106335451
200;1741106335814
200;1741106337925
200;1741106338209
100;1741106340546
200;1741106342935
100;1741106345778
100;1741106345809
200;1741106347521
200;1741106347926
200;1741106348351
200;1741106350495
200;1741106352942
200;1741106354998
200;1741106356043
200;1741106356077
200;1741106357917
200;1741106362942
100;1741106366488
100;1741106366918
200;1741106367930
200;1741106372933
200;1741106375724
200;1741106377939
200;1741106382931
200;1741106387938
200;1741106392927
200;1741106392974
200;1741106393129
200;1741106395529
200;1741106397930
200;1741106400520
200;1741106401468
200;1741106402934
200;1741106403816
200;1741106405788
200;1741106406612
200;1741106407939
200;1741106408192
200;1741106411743
200;1741106412929
200;1741106415204
200;1741106415581
200;1741106417935
200;1741106419649
200;1741106420702
200;1741106422944
200;1741106424351
200;1741106425102
200;1741106425133
200;1741106427932
200;1741106428032
200;1741106430183
200;1741106430726
200;1741106432937
200;1741106433477
200;1741106433541
200;1741106437926
200;1741106438018
200;1741106440353
200;1741106442931
200;1741106447934
200;1741106452940
200;1741106454167
200;1741106457927
200;1741106462937
200;1741106467939
200;1741106472941
200;1741106477933
200;1741106492973
200;1741106493008
200;1741106497930
200;1741106502936
200;1741106507929
200;1741106512937
200;1741106517925
200;1741106521729
200;1741106532943
200;1741106532990
200;1741106537932
200;1741106542937
200;1741106547927
200;1741106552934
200;1741106557922
200;1741106562943
200;1741106566138
200;1741106567985
200;1741106568004
200;1741106572936
200;1741106577978
200;1741106580245
200;1741106582933
200;1741106587939
200;1741106592932
200;1741106595941
200;1741106597937
200;1741106602926
200;1741106607948
200;1741106612933
200;1741106615175
200;1741106615425
200;1741106617944
200;1741106620958
200;1741106622931
200;1741106627936
200;1741106632926
200;1741106633031
200;1741106638198
100;1741106645192
200;1741106647944
200;1741106648018
200;1741106651053
200;1741106651596
200;1741106652931
200;1741106658199
100;1741106659548
100;1741106665438
200;1741106667952
200;1741106668001
200;1741106672927
200;1741106675435
200;1741106677933
200;1741106678432
200;1741106678698
200;1741106682937
200;1741106683061
200;1741106687712
200;1741106687926
200;1741106690018
200;1741106692974
200;1741106696366
200;1741106697940
200;1741106698532
200;1741106702369
200;1741106702972
200;1741106705579
200;1741106707152
200;1741106707932
200;1741106708428
200;1741106710584
200;1741106712943
200;1741106715446
200;1741106716565
200;1741106717934
200;1741106718302
200;1741106722929
200;1741106727934
200;1741106729260
200;1741106729292
200;1741106732941
200;1741106734972
200;1741106735002
200;1741106737958
200;1741106738630
200;1741106740170
200;1741106742940
200;1741106743042
200;1741106745576
200;1741106747931
200;1741106750244
200;1741106750448
200;1741106752936
200;1741106756356
200;1741106757926
200;1741106760643
200;1741106762928
200;1741106763144
200;1741106764814
200;1741106767935
200;1741106772939
200;1741106777926
200;1741106782145
200;1741106782935
200;1741106787941
200;1741106791295
200;1741106791664
200;1741106792931
200;1741106795055
200;1741106796008
200;1741106797932
200;1741106800931
200;1741106802936
200;1741106802993
200;1741106805554
200;1741106807945
200;1741106808418
200;1741106809277
200;1741106810163
200;1741106812929
200;1741106813904
200;1741106817936
200;1741106822929
200;1741106827931
200;1741106832941
200;1741106837927
200;1741106842929
200;1741106847660
200;1741106847938
200;1741106852926
200;1741106854300
200;1741106856598
200;1741106857931
200;1741106860740
200;1741106861357
200;1741106862919
200;1741106867938
200;1741106869399
200;1741106872928
200;1741106877936
200;1741106882942
200;1741106887933
100;1741106895345
200;1741106902949
200;1741106902997
200;1741106907937
200;1741106911006
200;1741106911038
200;1741106912191
200;1741106912930
200;1741106915915
200;1741106917921
200;1741106922940
200;1741106923119
200;1741106924586
200;1741106927930
200;1741106932949
200;1741106937938
200;1741106942941
200;1741106947931
200;1741106952934
200;1741106957938
200;1741106961237
200;1741106962945
200;1741106965894
200;1741106967950
200;1741106968222
200;1741106972939
200;1741106975685
200;1741106977925
200;1741106978187
200;1741106982932
200;1741106984238
200;1741106987969
200;1741106992971
200;1741106997932
200;1741107002941
200;1741107007925
200;1741107011199
200;1741107011230
200;1741107012934
200;1741107014340
200;1741107014366
200;1741107017936
200;1741107018729
200;1741107019795
200;1741107022940
200;1741107037943
200;1741107037987
200;1741107042940
200;1741107047937
200;1741107052924
200;1741107053401
200;1741107057955
200;1741107062931
200;1741107067943
200;1741107072929
200;1741107077933
200;1741107082942
200;1741107087927
200;1741107092945
200;1741107096341
200;1741107096458
200;1741107097937
200;1741107102941
200;1741107107930
200;1741107112932
200;1741107116373
200;1741107117921
200;1741107119565
200;1741107122927
200;1741107125247
200;1741107125465
200;1741107127933
200;1741107128323
200;1741107131011
200;1741107133028
100;1741107136018
100;1741107141245
200;1741107142947
200;1741107142991
200;1741107145757
200;1741107147934
200;1741107152946
200;1741107156916
200;1741107157928
200;1741107162624
200;1741107162934
200;1741107166255
200;1741107167957
200;1741107172929
200;1741107176054
200;1741107177932
200;1741107182940
200;1741107185446
200;1741107187924
200;1741107191870
200;1741107192947
200;1741107196012
200;1741107196597
200;1741107197938
200;1741107198008
200;1741107202939
200;1741107207945
200;1741107210580
200;1741107212936
100;1741107222146
100;1741107227279
100;1741107230941
100;1741107237754
200;1741107237961
200;1741107238007
200;1741107238307
200;1741107242940
100;1741107245470
200;1741107247944
200;1741107252932
200;1741107257944
200;1741107262930
200;1741107267931
100;1741107270215
100;1741107270360
200;1741107272926
200;1741107277928
200;1741107282932
200;1741107287939
200;1741107292927
200;1741107297929
100;1741107302342
200;1741107302935
200;1741107307947
200;1741107312953
200;1741107317940
200;1741107322943
200;1741107323452
100;1741107327481
200;1741107327929
200;1741107328039
200;1741107332933
200;1741107335121
200;1741107335824
200;1741107337933
200;1741107338874
100;1741107344950
200;1741107352980
200;1741107353043
200;1741107357943
200;1741107362928
100;1741107366233
200;1741107367936
200;1741107370617
200;1741107372942
200;1741107373319
200;1741107377929
200;1741107378135
200;1741107378721
200;1741107382934
200;1741107387926
200;1741107390699
200;1741107392931
200;1741107397933
200;1741107402938
200;1741107407928
200;1741107412930
200;1741107416041
200;1741107417934
200;1741107422937
200;1741107427950
100;1741107432586
200;1741107432935
200;1741107437941
200;1741107440640
100;1741107442591
200;1741107442933
200;1741107443706
200;1741107443937
200;1741107447935
200;1741107450571
200;1741107452941
200;1741107457930
200;1741107462933
200;1741107467937
200;1741107472931
100;1741107477622
200;1741107477932
200;1741107482935
100;1741107487771
200;1741107487936
200;1741107490572
200;1741107492943
200;1741107496328
200;1741107497934
200;1741107500504
100;1741107503446
100;1741107504450
200;1741107507233
200;1741107512963
200;1741107513038
200;1741107517935
200;1741107521704
200;1741107522456
100;1741107523032
100;1741107529205
100;1741107530294
200;1741107532951
200;1741107532996
200;1741107535182
200;1741107537922
200;1741107542944
200;1741107545909
200;1741107546713
200;1741107547931
200;1741107551378
200;1741107552938
200;1741107553220
200;1741107557928
200;1741107562933
200;1741107567849
200;1741107567932
200;1741107568628
200;1741107572940
200;1741107577971
200;1741107580292
200;1741107582935
200;1741107587943
200;1741107588402
200;1741107592932
200;1741107595868
200;1741107597935
200;1741107600587
200;1741107602939
200;1741107607928
200;1741107612936
200;1741107627945
200;1741107628018
200;1741107632918
200;1741107637943
200;1741107641985
200;1741107642932
200;1741107646137
200;1741107647922
200;1741107652946
200;1741107657930
200;1741107662937
200;1741107667952
200;1741107672933
200;1741107677940
200;1741107682929
200;1741107687972
200;1741107692933
200;1741111907924
200;1741111909101
200;1741111912939
200;1741111917973
200;1741111922936
200;1741111927941
200;1741111932928
200;1741111935835
200;1741111937932
200;1741111942935
200;1741111945797
200;1741111947945
200;1741111952933
200;1741111956942
200;1741111957939
200;1741111962928
200;1741111965405
200;1741111965975
200;1741111966632
200;1741111967930
200;1741111970454
200;1741111972938
200;1741111973509
200;1741111975429
200;1741111977941
200;1741111982928
200;1741111987936
200;1741111991145
200;1741111992104
200;1741111992944
200;1741111993481
200;1741111997931
200;1741112001239
200;1741112002936
200;1741112005250
200;1741112005699
100;1741112012813
100;1741112015750
200;1741112017963
200;1741112018014
200;1741112022934
200;1741112025634
200;1741112027941
200;1741112029871
200;1741112031377
200;1741112032926
200;1741112033334
200;1741112033423
200;1741112037935
200;1741112042936
200;1741112045814
200;1741112047929
200;1741112052948
200;1741112056228
200;1741112056596
200;1741112057932
200;1741112058282
200;1741112062084
200;1741112062937
200;1741112065459
200;1741112065768
200;1741112067930
200;1741112068002
200;1741112068307
200;1741112072948
200;1741112075962
200;1741112077936
200;1741112078396
200;1741112082940
200;1741112085386
200;1741112087929
200;1741112092940
200;1741112095842
200;1741112096080
200;1741112097938
200;1741112100330
200;1741112102941
200;1741112107945
200;1741112112927
200;1741112115622
200;1741112117932
200;1741112120753
200;1741112122933
200;1741112123038
200;1741112127942
200;1741112130478
200;1741112132935
200;1741112133552
200;1741112147946
100;1741112150181
100;1741112150677
200;1741112152919
200;1741112155856
200;1741112156301
200;1741112157943
200;1741112162933
200;1741112167935
200;1741112172938
200;1741112177929
200;1741112182930
100;1741112187850
200;1741112187937
200;1741112192926
100;1741112196661
200;1741112197945
200;1741112202929
100;1741112205830
200;1741112207938
200;1741112210093
200;1741112212942
200;1741112217933
100;1741112230814
200;1741112232950
200;1741112232994
100;1741112235931
200;1741112237935
100;1741112240901
100;1741112246388
200;1741112252973
200;1741112253014
200;1741112257936
200;1741112262944
200;1741112267929
100;1741112276146
100;1741112281068
200;1741112282945
200;1741112282988
200;1741112287934
200;1741112292938
200;1741112293798
200;1741112297926
200;1741112302933
200;1741112307940
200;1741112308366
200;1741112312926
200;1741112314939
200;1741112317931
200;1741112320801
200;1741112322934
200;1741112327926
200;1741112330194
200;1741112332944
200;1741112333275
200;1741112335420
200;1741112337934
200;1741112337969
200;1741112341303
200;1741112342939
200;1741112343223
200;1741112347927
200;1741112352933
200;1741112357949
200;1741112362937
200;1741112365287
200;1741112366002
200;1741112367943
200;1741112368335
200;1741112368354
200;1741112372930
200;1741112377920
200;1741112382944
200;1741112386040
200;1741112387931
200;1741112390392
200;1741112390758
200;1741112392937
100;1741112398081
100;1741112400207
100;1741112405752
100;1741112407241
200;1741112407964
200;1741112408026
200;1741112410968
200;1741112412942
200;1741112415763
200;1741112417938
200;1741112421438
200;1741112422926
200;1741112423052
200;1741112427937
200;1741112428011
200;1741112432954
200;1741112435944
200;1741112437933
100;1741112449309
100;1741112451490
200;1741112452982
200;1741112453030
200;1741112457937
200;1741112460315
200;1741112462940
200;1741112467932
200;1741112472941
200;1741112477929
200;1741112482932
200;1741112487938
200;1741112492925
200;1741112497933
200;1741112502939
200;1741112507925
200;1741112512930
200;1741112517933
200;1741112522936
200;1741112527967
200;1741112532935
200;1741112537946
200;1741112542929
200;1741112547937
200;1741112552937
200;1741112557961
200;1741112560914
200;1741112562930
100;1741112573050
100;1741112576139
200;1741112577965
200;1741112578018
200;1741112578355
200;1741112582939
200;1741112583254
200;1741112587948
200;1741112592947
200;1741112595003
200;1741112597938
200;1741112599126
200;1741112602926
200;1741112607969
200;1741112612930
200;1741112617941
200;1741112622934
200;1741112627933
200;1741112632941
200;1741112647952
200;1741112648002
200;1741112652941
200;1741112657936
200;1741112662939
200;1741112667930
200;1741112672936
200;1741112675660
200;1741112677941
100;1741112690800
200;1741112692942
200;1741112692989
200;1741112697931
200;1741112702942
200;1741112707941
200;1741112710861
200;1741112712362
200;1741112712943
200;1741112716884
200;1741112717933
200;1741112722940
200;1741112727939
200;1741112732928
200;1741112737933
200;1741112742938
200;1741112747931
200;1741112752939
200;1741112757921
200;1741112762928
200;1741112765573
200;1741112767917
200;1741112771237
200;1741112772935
200;1741112773706
200;1741112777942
200;1741112782929
200;1741112787933
200;1741112790791
200;1741112792937
200;1741112795952
200;1741112797944
200;1741112802930
200;1741112807919
200;1741112811290
200;1741112812929
200;1741112813097
200;1741112813128
200;1741112817973
200;1741112818021
200;1741112818951
200;1741112822931
200;1741112825825
200;1741112827942
200;1741112830097
200;1741112832930
200;1741112837290
200;1741112837386
200;1741112837941
200;1741112838144
200;1741112840065
200;1741112842929
200;1741112847938
200;1741112852930
200;1741112856809
200;1741112857932
200;1741112861079
200;1741112861143
200;1741112862937
200;1741112867941
200;1741112873002
100;1741112875696
100;1741112881974
200;1741112882957
200;1741112882999
200;1741112887931
200;1741112892948
200;1741112897113
200;1741112897939
200;1741112900463
200;1741112902930
200;1741112907917
200;1741112912941
200;1741112917929
200;1741112922932
200;1741112927934
200;1741112932945
200;1741112937934
200;1741112942935
200;1741112947929
200;1741112952934
100;1741112960467
100;1741112966649
200;1741112967950
200;1741112978010
200;1741112978085
200;1741112982939
200;1741112983046
200;1741112986826
200;1741112987934
200;1741112988329
200;1741112988378
200;1741112993285
200;1741112993417
200;1741113002951
200;1741113002993
200;1741113007924
200;1741113011632
200;1741113012956
200;1741113015914
100;1741113020632
200;1741113021256
100;1741113026791
200;1741113027974
200;1741113028004
200;1741113032933
200;1741113037938
200;1741113042928
200;1741113047929
200;1741113052938
200;1741113057940
200;1741113061369
200;1741113062927
200;1741113063116
200;1741113067935
200;1741113070126
200;1741113072943
200;1741113073337
100;1741113081452
100;1741113086200
200;1741113087953
200;1741113088002
100;1741113095434
200;1741113102954
200;1741113102999
200;1741113106006
200;1741113107930
200;1741113112934
200;1741113117938
200;1741113120205
200;1741113122971
200;1741113126200
200;1741113127016
200;1741113127933
200;1741113130407
200;1741113130759
200;1741113132938
200;1741113136164
200;1741113137945
200;1741113138902
200;1741113142934
200;1741113147243
200;1741113147944
200;1741113152944
200;1741113157949
200;1741113159318
200;1741113162956
200;1741113166216
200;1741113166473
200;1741113167940
200;1741113170617
200;1741113170816
200;1741113172944
200;1741113177936
200;1741113182942
200;1741113187960
200;1741113190393
200;1741113192937
200;1741113197943
200;1741113202353
200;1741113202937
200;1741113203824
200;1741113207937
200;1741113208266
200;1741113212438
200;1741113212939
200;1741113213118
100;1741113219942
100;1741113223046
100;1741113224083
200;1741113227940
200;1741113228258
200;1741113229074
200;1741113232929
200;1741113233310
200;1741113233870
200;1741113237935
100;1741113240294
200;1741113242927
200;1741113244269
100;1741113247333
200;1741113247931
100;1741113252230
100;1741113252311
200;1741113252939
100;1741113256274
200;1741113257967
200;1741113262932
100;1741113266718
100;1741113267304
200;1741113267940
200;1741113272927
200;1741113277935
200;1741113280298
200;1741113282941
100;1741113285973
200;1741113287930
200;1741113289300
200;1741113289667
200;1741113292937
200;1741113297940
200;1741113302928
100;1741113305699
100;1741113306375
200;1741113307935
200;1741113308829
200;1741113310399
200;1741113312941
200;1741113317924
200;1741113322938
200;1741113327938
100;1741113331004
200;1741113332929
200;1741113337935
200;1741113342944
200;1741113347928
200;1741113348180
200;1741113352946
200;1741113357935
200;1741113362942
200;1741113367930
100;1741113371681
200;1741113372939
200;1741113377929
100;1741113382531
200;1741113382938
200;1741113387940
200;1741113391209
200;1741113392941
200;1741113397930
200;1741113400197
200;1741113400405
200;1741113402936
200;1741113403153
200;1741113406369
200;1741113407927
200;1741113408137
200;1741113410819
200;1741113412935
200;1741113413153
200;1741113417940
200;1741113417965
200;1741113421114
200;1741113422932
200;1741113425677
200;1741113426408
200;1741113427933
200;1741113430456
200;1741113432937
200;1741113435895
200;1741113437928
200;1741113438470
200;1741113442933
100;1741113447727
200;1741113447937
200;1741113450814
200;1741113452929
200;1741129657942
200;1741129662928
200;1741129667935
200;1741129682951
200;1741129683014
200;1741129687946
200;1741129692935
200;1741129697937
200;1741129702940
200;1741129707933
200;1741129711315
200;1741129712934
200;1741129715524
200;1741129717937
200;1741129720928
200;1741129722974
200;1741129725354
200;1741129727937
200;1741129730180
200;1741129732942
200;1741129735786
200;1741129737933
200;1741129742485
200;1741129762975
200;1741129773030
200;1741129773064
200;1741129773114
200;1741129777939
200;1741129782929
200;1741129787929
200;1741129792500
200;1741129792918
200;1741129797940
200;1741129802926
200;1741129806866
200;1741129807933
200;1741129812716
200;1741129812937
200;1741129817942
200;1741129820222
200;1741129822934
200;1741129827939
200;1741129832932
200;1741129837931
200;1741129842933
200;1741129847939
200;1741129852928
200;1741129877970
200;1741129878023
200;1741129878081
200;1741129882929
200;1741129887938
200;1741129892423
200;1741129892943
200;1741129897946
200;1741129902938
200;1741129907938
200;1741129912925
200;1741129917942
200;1741129922933
200;1741129927936
200;1741129932941
200;1741129937934
200;1741129942919
200;1741129947942
200;1741129952967
200;1741129955393
200;1741129957933
200;1741129962926
100;1741129973028
200;1741129977950
200;1741129978000
200;1741129982940
200;1741129985595
200;1741129987929
200;1741129990230
200;1741129990310
200;1741130012975
200;1741130013021
200;1741130013068
200;1741130017936
200;1741130022939
200;1741130027924
200;1741130032932
200;1741130047945
200;1741130047993
200;1741130052932
200;1741130057936
200;1741130062928
200;1741130067933
200;1741130072937
200;1741130077942
200;1741130082930
200;1741130087935
200;1741130092940
200;1741130093064
200;1741130097230
200;1741130097929
200;1741130101191
200;1741130102978
200;1741130107938
200;1741130111199
200;1741130112942
200;1741130115652
200;1741130117940
200;1741130122941
200;1741130127929
200;1741130132938
200;1741130137939
200;1741130142930
200;1741130147934
200;1741130152937
200;1741130157928
100;1741130166603
200;1741130172977
200;1741130173021
200;1741130177931
200;1741130182932
200;1741130187938
200;1741130192940
200;1741130197927
200;1741130202932
200;1741130207939
200;1741130212956
200;1741130217950
200;1741130222937
200;1741130227940
200;1741130232930
200;1741130237938
200;1741130242937
200;1741130247931
200;1741130252932
200;1741130257924
200;1741130262923
200;1741130267928
200;1741130270253
200;1741130272936
200;1741130277939
200;1741130282929
200;1741130286965
200;1741130287935
200;1741130292939
200;1741130295270
200;1741130297943
200;1741130298449
200;1741130300418
200;1741130300895
200;1741130302931
200;1741130307938
200;1741130312929
200;1741130317938
200;1741130322941
200;1741130325186
200;1741130327943
200;1741130332937
200;1741130337920
200;1741130342933
200;1741130347932
200;1741130352939
200;1741130357927
200;1741130362933
200;1741130363095
200;1741130367937
200;1741130372946
200;1741130375003
200;1741130377930
200;1741130378391
200;1741130382940
200;1741130385480
200;1741130386324
200;1741130387931
200;1741130392934
200;1741130397940
200;1741130402969
200;1741130407937
200;1741130412938
200;1741130417933
200;1741130420580
200;1741130420995
200;1741130422942
200;1741130427947
200;1741130432943
200;1741130437945
200;1741130442937
200;1741130457952
200;1741130457995
200;1741130462939
200;1741130467668
200;1741130467758
200;1741130467947
200;1741130472934
200;1741130477936
200;1741130482928
200;1741130487931
200;1741130490757
200;1741130492935
200;1741130497948
200;1741130502931
200;1741130507936
200;1741130522966
200;1741130523010
200;1741130527944
200;1741130532046
200;1741130532931
200;1741130537939
200;1741130542926
200;1741130547931
200;1741130562951
200;1741130562995
200;1741130567935
200;1741130582957
200;1741130583001
200;1741130587928
200;1741130592946
200;1741130595308
200;1741130596004
200;1741130597933
200;1741130598217
200;1741130602942
200;1741130607379
200;1741130607875
200;1741130607926
200;1741130610052
200;1741130612935
200;1741130617942
200;1741130622928
200;1741130627947
200;1741130632938
200;1741130647950
200;1741130647997
200;1741130652938
200;1741130657928
200;1741130662931
200;1741130667937
200;1741130672927
200;1741130677932
200;1741130682937
200;1741130687757
200;1741130687924
200;1741130692930
200;1741130697932
200;1741130702939
200;1741130707974
200;1741130711354
200;1741130712940
200;1741130713973
200;1741130717936
200;1741130722932
200;1741130727962
200;1741130732956
200;1741130735318
200;1741130737928
200;1741130742932
200;1741130747940
200;1741130752929
200;1741130757933
200;1741130762920
200;1741130767942
200;1741130772933
200;1741130777937
200;1741130779484
200;1741130782942
200;1741130787931
200;1741130792935
200;1741130797926
200;1741130802927
200;1741130807935
200;1741130812926
200;1741130817926
200;1741130822934
200;1741130822962
200;1741130827941
200;1741130830746
200;1741130830906
200;1741130832945
200;1741130837928
200;1741130842934
200;1741130846742
200;1741130846918
200;1741130847930
200;1741130848598
200;1741130852937
200;1741130857940
200;1741130862928
200;1741130867916
200;1741130872940
200;1741130877947
200;1741130882931
200;1741130897964
200;1741130898010
200;1741130902939
200;1741130907926
200;1741130912930
200;1741130917951
200;1741130922935
200;1741130927204
200;1741130927262
200;1741130927942
200;1741130932931
200;1741130937938
200;1741130952952
200;1741130953013
200;1741130957934
200;1741130962154
200;1741130962926
200;1741130967957
200;1741130972937
200;1741130977944
200;1741130982929
200;1741130987937
200;1741130991306
200;1741130992926
200;1741130993994
200;1741130997932
200;1741131002921
200;1741131005574
200;1741131006744
200;1741131007938
200;1741131011912
200;1741131012034
200;1741131012933
200;1741131017939
200;1741131022941
200;1741131027930
200;1741131031042
200;1741131032936
200;1741131037941
200;1741131052937
200;1741131052988
200;1741131056356
200;1741131057927
200;1741131062919
200;1741131066024
200;1741131077952
200;1741131088047
200;1741131088088
200;1741131092938
200;1741131097943
200;1741131102931
200;1741131107933
200;1741131112938
200;1741131117928
200;1741131122936
200;1741131127940
200;1741131132932
200;1741131137934
200;1741131142941
200;1741131147943
200;1741131151807
200;1741131152948
200;1741131157941
200;1741131162928
200;1741131165771
200;1741131167933
200;1741131170264
200;1741131172939
200;1741131177939
200;1741131182931
200;1741131187936
200;1741131192944
200;1741131197318
200;1741131197928
200;1741131202934
200;1741131207937
200;1741131212970
200;1741131217936
200;1741131222939
200;1741131227932
200;1741131228067
200;1741131228408
200;1741131232934
200;1741131237935
200;1741131242930
200;1741131247937
200;1741131252923
200;1741131257929
200;1741131262950
200;1741131267940
200;1741131272966
200;1741131277950
200;1741131282938
200;1741131297932
200;1741131297966
200;1741131302937
200;1741131307934
200;1741131312934
200;1741131317948
200;1741131322933
200;1741131327936
200;1741131332928
200;1741131347947
100;1741131352320
200;1741131352932
200;1741131357942
200;1741131362927
100;1741131365676
200;1741131367931
100;1741131372822
200;1741131372939
200;1741131373476
100;1741131375796
200;1741131377940
200;1741131382930
200;1741131387936
200;1741131392945
200;1741131397930
200;1741131402939
200;1741131407942
200;1741131412920
200;1741131417938
200;1741131422941
100;1741131425639
100;1741131425847
200;1741131427929
200;1741131428403
200;1741131428621
200;1741131432931
200;1741131437937
200;1741131442942
100;1741131446774
100;1741131446806
200;1741131447926
200;1741131452931
200;1741131457933
200;1741131462940
200;1741131467928
200;1741131482958
200;1741131483024
200;1741131487932
200;1741131492938
200;1741131497943
200;1741131502958
200;1741131507960
200;1741131512939
200;1741131515966
200;1741131517930
200;1741131520581
200;1741131520662
200;1741131520894
200;1741131522934
200;1741131523555
200;1741131527923
200;1741131528956
100;1741131532045
200;1741131532927
200;1741131537945
100;1741131541883
100;1741131541922
200;1741131542936
200;1741131545316
200;1741131545555
200;1741131547973
200;1741131550181
200;1741131550243
200;1741131552929
200;1741131555167
200;1741131557937
200;1741131562928
200;1741131577968
200;1741131578004
200;1741131582933
200;1741131587942
200;1741131592929
200;1741131597918
200;1741131602926
200;1741131607932
200;1741131612934
200;1741131617938
100;1741131622338
200;1741131622930
200;1741131627933
200;1741131632936
200;1741131637942
200;1741131642271
200;1741131642303
200;1741131642687
200;1741131642961
200;1741131647935
200;1741131652945
200;1741131657933
200;1741131662918
200;1741131665490
200;1741131666142
200;1741131667940
200;1741131668888
200;1741131682941
200;1741131693008
200;1741131693073
200;1741131697931
200;1741131702921
200;1741131707941
200;1741131712931
200;1741131717936
200;1741131722942
200;1741131727933
200;1741131732937
200;1741131736195
200;1741131736226
200;1741131737943
200;1741131740914
200;1741131742932
200;1741131747246
200;1741131747276
200;1741131747821
200;1741131747937
200;1741131752942
200;1741131757932
200;1741131762933
200;1741131767940
200;1741131772932
200;1741131777938
200;1741131782184
200;1741131782217
200;1741131782943
200;1741131787927
200;1741131789967
200;1741131792934
200;1741131794657
200;1741131797940
200;1741131801611
200;1741131801644
200;1741131802928
200;1741131807937
200;1741131812938
200;1741131816306
200;1741131817950
200;1741131820627
200;1741131820673
200;1741131822937
200;1741131823058
200;1741131827941
200;1741131830479
200;1741131832191
200;1741131832958
200;1741131836124
200;1741131837937
200;1741131841126
200;1741131842394
200;1741131842939
200;1741131847385
200;1741131847560
200;1741131847930
200;1741131850233
200;1741131850535
200;1741131852940
200;1741131857930
200;1741131859958
200;1741131862937
200;1741131866118
200;1741131867929
200;1741131872937
200;1741131877928
200;1741131892959
200;1741131893004
200;1741131897528
200;1741131897932
200;1741131902945
100;1741131922579
200;1741131927978
200;1741131928030
200;1741131928084
200;1741131929056
200;1741131932958
200;1741131934743
200;1741131937942
200;1741131942938
200;1741131945901
100;1741131955353
200;1741131957952
200;1741131957995
200;1741131962935
200;1741131967943
200;1741131972931
200;1741131977934
200;1741131982282
200;1741131982928
200;1741131987930
200;1741131992935
200;1741131997940
200;1741131998913
200;1741131999073
200;1741132002927
200;1741132007932
200;1741132012926
200;1741132017943
200;1741132021263
200;1741132022949
200;1741132027951
200;1741132031112
200;1741132032942
200;1741132037928
200;1741132038515
200;1741132043332
100;1741132045587
200;1741132052948
200;1741132052993
200;1741132057931
200;1741132061619
200;1741132062934
200;1741132065187
200;1741132067939
200;1741132072031
200;1741132082960
200;1741132083020
200;1741132087931
200;1741132092938
200;1741132097926
200;1741132102944
200;1741132106712
200;1741132107957
200;1741132112940
200;1741132117930
200;1741132122936
200;1741132127940
200;1741132130287
200;1741132132548
200;1741132132928
200;1741132137936
200;1741132142939
200;1741132147928
200;1741132152932
200;1741132153135
200;1741132157938
200;1741132157994
200;1741132162924
200;1741132166551
200;1741132167932
200;1741132172938
200;1741132177944
200;1741132179377
200;1741132182936
200;1741132183146
200;1741132187935
200;1741132188681
200;1741132192937
200;1741132197946
200;1741132202937
200;1741132206878
200;1741132207938
200;1741132212557
200;1741132212928
200;1741132217117
200;1741132217934
200;1741132222935
200;1741132227944
200;1741132232967
200;1741132234079
200;1741132235759
200;1741132237940
200;1741132242931
200;1741132247936
200;1741132252937
200;1741132257543
200;1741132257929
200;1741132262933
200;1741132267939
200;1741132270142
200;1741132272929
200;1741132275486
200;1741132277935
200;1741132282943
200;1741132287930
200;1741132292936
200;1741132293348
200;1741132297931
200;1741132301219
200;1741132302992
100;1741132307999
100;1741132311004
200;1741132312958
200;1741132312984
200;1741132313005
200;1741132313325
200;1741132317932
200;1741132322745
200;1741132322942
200;1741132327927
200;1741132328061
200;1741132331184
200;1741132331424
200;1741132332932
200;1741132337940
200;1741132341524
200;1741132342947
200;1741132346024
200;1741132347930
200;1741132352936
200;1741132355666
200;1741132357924
200;1741132361714
200;1741132362934
200;1741132367939
200;1741132368127
200;1741132369557
200;1741132372941
200;1741132377928
200;1741132381392
200;1741132382931
200;1741132387938
200;1741132392797
200;1741132392930
200;1741132395134
200;1741132397936
200;1741132400935
200;1741132402941
200;1741132406340
200;1741132406725
200;1741132407930
200;1741132411986
200;1741132412935
200;1741132414416
200;1741132417944
200;1741132421480
200;1741132422930
200;1741132425429
200;1741132425820
200;1741132427934
200;1741132428026
200;1741132430362
200;1741132432941
200;1741132433509
200;1741132435590
200;1741132437958
200;1741132438018
200;1741132438076
200;1741132440595
200;1741132442972
200;1741132447940
200;1741132452945
200;1741132457920
200;1741132462942
200;1741132467936
200;1741132470509
200;1741132472918
200;1741132477941
200;1741132478062
200;1741132480767
200;1741132482931
200;1741132487937
200;1741132490842
200;1741132492939
200;1741132495750
200;1741132495911
200;1741132497930
200;1741132501861
100;1741132505220
200;1741132512960
200;1741132512989
200;1741132515576
200;1741132517940
200;1741132518308
200;1741132522946
200;1741132527932
200;1741132532494
200;1741132532935
200;1741132535667
200;1741132537943
200;1741132540638
200;1741132542961
200;1741132545180
200;1741132545387
200;1741132547933
200;1741132550551
200;1741132552922
200;1741132553702
200;1741132555349
200;1741132557945
200;1741132561004
200;1741132562938
200;1741132567938
200;1741132572945
200;1741132573851
200;1741132577935
200;1741132582921
200;1741132587942
200;1741132592934
200;1741132593855
200;1741132595900
200;1741132597936
200;1741132602940
200;1741132603401
200;1741132607936
200;1741132612937
200;1741132615284
200;1741132616017
200;1741132617944
200;1741132620906
200;1741132622929
200;1741132624782
200;1741132627003
200;1741132627936
200;1741132629099
200;1741132632943
200;1741132637630
200;1741132637930
200;1741132641200
200;1741132642932
200;1741132643551
200;1741132647937
200;1741132650506
200;1741132652924
200;1741132657927
200;1741132662935
200;1741132665490
200;1741132667939
200;1741132669635
200;1741132672932
200;1741132677934
200;1741132680650
200;1741132682937
200;1741132684981
200;1741132685201
200;1741132687941
200;1741132688098
200;1741132690445
200;1741132692933
200;1741132693359
200;1741132697938
200;1741132700827
200;1741132702944
200;1741132707934
200;1741132712937
200;1741132717348
200;1741132717926
200;1741132721214
200;1741132722931
200;1741132723546
200;1741132725150
200;1741132727934
200;1741132730314
200;1741132732945
200;1741132737683
200;1741132737701
200;1741132737929
200;1741132742930
200;1741132747939
200;1741132752928
200;1741132757933
200;1741132762938
200;1741132767942
200;1741132772928
200;1741132777935
200;1741132782922
200;1741132787943
200;1741132792930
200;1741132797938
200;1741132802942
200;1741132806771
200;1741132807623
200;1741132807947
200;1741132810407
200;1741132811779
200;1741132812935
200;1741132817952
200;1741132821424
200;1741132821712
200;1741132821982
200;1741132822931
200;1741132827938
200;1741132832940
200;1741132836974
200;1741132837943
200;1741132842934
200;1741132846307
200;1741132847943
200;1741132852934
200;1741132856832
200;1741132856847
200;1741132857931
200;1741132860457
200;1741132861252
200;1741132861318
200;1741132862943
200;1741132863396
200;1741132866369
200;1741132867940
200;1741132872222
200;1741132872254
200;1741132872931
200;1741132877937
200;1741132882843
200;1741132882928
200;1741132886540
200;1741132887934
200;1741132892941
200;1741132895703
200;1741132897934
200;1741132902658
200;1741132902788
200;1741132902936
200;1741132905464
200;1741132905828
200;1741132907940
200;1741132910305
200;1741132910483
200;1741132911378
200;1741132912933
200;1741132913182
200;1741132917934
200;1741132921270
200;1741132921851
200;1741132922928
200;1741132927930
200;1741132942964
200;1741132943012
200;1741132947939
200;1741132952940
200;1741132957928
200;1741132962722
200;1741132962936
200;1741132966204
200;1741132967941
200;1741132970818
200;1741132972948
200;1741132976616
200;1741132976681
200;1741132977930
200;1741132982937
200;1741132985592
200;1741132987932
200;1741132990620
200;1741132992929
200;1741133007949
200;1741133018004
200;1741133018036
200;1741133022938
200;1741133027942
200;1741133032930
100;1741133057114
100;1741133057273
200;1741133057982
200;1741133058034
200;1741133058086
200;1741133062943
200;1741133067950
200;1741133072933
200;1741133077943
200;1741133082934
200;1741133084509
200;1741133087937
200;1741133092935
200;1741133096626
200;1741133097942
200;1741133102949
200;1741133106955
200;1741133107937
200;1741133108622
200;1741133109695
200;1741133112975
200;1741133115956
200;1741133116397
200;1741133117933
200;1741133122938
200;1741133127931
200;1741133132935
200;1741133136843
200;1741133137935
200;1741133142941
200;1741133147929
200;1741133152933
200;1741133167968
200;1741133168014
200;1741133172941
200;1741133177928
200;1741133182934
200;1741133185441
200;1741133187939
200;1741133191274
200;1741133192926
200;1741133195749
200;1741133197951
200;1741133202936
200;1741133217961
200;1741133217996
200;1741133221575
200;1741133221719
200;1741133222941
200;1741133227948
200;1741133231085
200;1741133231954
200;1741133232934
200;1741133237939
200;1741133242930
200;1741133247932
200;1741133252940
200;1741133257927
200;1741133262934
200;1741133267938
200;1741133272941
200;1741133273241
200;1741133277947
200;1741133282930
200;1741133287941
200;1741133292931
200;1741133297935
200;1741133301288
200;1741133302938
200;1741133305191
200;1741133307943
200;1741133309394
200;1741133312928
200;1741133317939
200;1741133321465
200;1741133322945
200;1741133327929
200;1741133333454
200;1741133342955
200;1741133343005
200;1741133347930
200;1741133352934
200;1741133357938
200;1741133362364
200;1741133362945
200;1741133365820
200;1741133367933
200;1741133370823
200;1741133372946
200;1741133377927
200;1741133382946
200;1741133387954
200;1741133392942
200;1741133397929
200;1741133401365
200;1741133401536
200;1741133401989
200;1741133402947
200;1741133405686
200;1741133407950
200;1741133408659
200;1741133412950
200;1741133415963
200;1741133417934
200;1741133419231
200;1741133420797
200;1741133422940
200;1741133423158
200;1741133423652
200;1741133427946
200;1741133430577
200;1741133432934
200;1741133435712
200;1741133435836
200;1741133437938
200;1741133442941
200;1741133447969
200;1741133452931
200;1741133457938
200;1741133462930
200;1741133467933
200;1741133472932
200;1741133487959
200;1741133488005
200;1741133491257
200;1741133492930
200;1741133495820
200;1741133497936
200;1741133502940
200;1741133507943
200;1741133512935
200;1741133517939
200;1741133522969
200;1741133527935
200;1741133542961
200;1741133543006
200;1741133547942
200;1741133552930
200;1741133557930
100;1741133572271
200;1741133572949
200;1741133572994
200;1741133577932
200;1741133578376
200;1741133582939
200;1741133587928
200;1741133592720
200;1741133592933
200;1741133593069
200;1741133597937
200;1741133601753
200;1741133602939
200;1741133607928
200;1741133612938
200;1741133617944
200;1741133622928
200;1741133625628
200;1741133627934
200;1741133631910
200;1741133632939
200;1741133634453
200;1741133637946
200;1741133640195
200;1741133642933
100;1741133652253
200;1741133657952
200;1741133657999
200;1741133662936
200;1741133667930
200;1741133672935
200;1741133677941
200;1741133682927
200;1741133684412
200;1741133685259
200;1741133687945
200;1741133692934
200;1741133697965
200;1741133700067
200;1741133700212
200;1741133702928
200;1741133705505
200;1741133705585
200;1741133707937
200;1741133712939
200;1741133715548
200;1741133717929
200;1741133722939
200;1741133725940
200;1741133726758
200;1741133728402
100;1741133735196
100;1741133737584
200;1741133737937
200;1741133737984
200;1741133740346
200;1741133743042
100;1741133750594
100;1741133751111
200;1741133752953
200;1741133752995
200;1741133753649
200;1741133757937
200;1741133760142
200;1741133762948
200;1741133766506
200;1741133766666
200;1741133767933
200;1741133770167
200;1741133772935
200;1741133777344
200;1741133777940
200;1741133780560
200;1741133782931
200;1741133786200
200;1741133787934
200;1741133790982
200;1741133791014
200;1741133792938
200;1741133793021
200;1741133795609
200;1741133797930
200;1741133798004
200;1741133798493
100;1741133805696
100;1741133805998
100;1741133808270
100;1741133810766
200;1741133812944
200;1741133813012
200;1741133813052
200;1741133815307
200;1741133817932
200;1741133818054
200;1741133820728
200;1741133822940
200;1741133823012
200;1741133827930
200;1741133832935
200;1741133835573
200;1741133836289
200;1741133837926
200;1741133838897
200;1741133842929
200;1741133843228
100;1741133851113
100;1741133851145
100;1741133853725
100;1741133855625
200;1741133857966
200;1741133858035
200;1741133860392
200;1741133860455
200;1741133862938
200;1741133863737
200;1741133865509
200;1741133867973
200;1741133868047
200;1741133870180
200;1741133872934
200;1741133876705
200;1741133876815
200;1741133877941
200;1741133879083
200;1741133879199
200;1741133882934
200;1741133887933
200;1741133891417
200;1741133892942
200;1741133897931
200;1741133901136
200;1741133902931
200;1741133907942
200;1741133910816
200;1741133912318
200;1741133912929
200;1741133915468
200;1741133917937
200;1741133920265
200;1741133922940
200;1741133923042
100;1741133930692
100;1741133936398
200;1741133937953
200;1741133938013
200;1741133938874
200;1741133942927
200;1741133947661
200;1741133947935
200;1741133952938
200;1741133957617
200;1741133957942
100;1741133970511
100;1741133972189
200;1741133972944
200;1741133972992
200;1741133975820
200;1741133977932
200;1741133982937
200;1741133987928
200;1741133992946
200;1741133993230
200;1741133995070
200;1741133997934
200;1741134002939
200;1741134007930
200;1741134012936
200;1741134013479
200;1741134015511
200;1741134017965
200;1741134022929
200;1741134027933
200;1741134032941
200;1741134037932
200;1741134042937
100;1741134055482
200;1741134057949
200;1741134058010
200;1741134062941
200;1741134067940
200;1741134072936
200;1741134077940
200;1741134082928
200;1741134087934
200;1741134092936
200;1741134097958
200;1741134102960
200;1741134117961
200;1741134118008
200;1741134122934
200;1741134127941
200;1741134132931
200;1741134137938
200;1741134142955
200;1741134147944
200;1741134152931
200;1741134155792
200;1741134157934
200;1741134160715
200;1741134162938
200;1741134165433
200;1741134167931
200;1741134170298
200;1741134172937
200;1741134177942
200;1741134180558
200;1741134182930
200;1741134185760
200;1741134187937
200;1741134190349
200;1741134192958
200;1741134195645
200;1741134197937
200;1741134198698
200;1741134202939
200;1741134207930
200;1741134212935
200;1741134217938
200;1741134220900
200;1741134222925
200;1741134227930
200;1741134230489
200;1741134231313
200;1741134232936
200;1741134233050
200;1741134237945
200;1741134242930
200;1741134247933
200;1741134252941
200;1741134257926
200;1741134262930
200;1741134267938
200;1741134272940
200;1741134287935
200;1741134292978
100;1741134315623
200;1741134317975
200;1741134318021
200;1741134318094
100;1741134322464
200;1741134322934
100;1741134325835
200;1741134327919
200;1741134332942
200;1741134337933
100;1741134340519
200;1741134342936
100;1741134346995
200;1741134347928
100;1741134352710
200;1741134352946
200;1741134353996
200;1741134357935
200;1741134362943
100;1741134366012
200;1741134367969
200;1741134370051
200;1741134372976
200;1741134377939
200;1741134382942
100;1741134387015
200;1741134387932
200;1741134390198
200;1741134392938
100;1741134396066
200;1741134397942
200;1741134398070
200;1741134400448
200;1741134402946
200;1741134407933
200;1741134412938
100;1741134417555
200;1741134417925
100;1741134421104
100;1741134426062
100;1741134430528
200;1741134432945
200;1741134440676
200;1741134443018
200;1741134443060
200;1741134447940
100;1741134452574
200;1741134452941
200;1741134455449
100;1741134456678
200;1741134457931
200;1741134458024
200;1741134460741
200;1741134462939
100;1741134466738
200;1741134467926
200;1741134472929
200;1741134476590
200;1741134477938
100;1741134481959
200;1741134482942
200;1741134487929
200;1741134491235
200;1741134492934
200;1741134496528
200;1741134496559
200;1741134497940
200;1741134500274
200;1741134502931
200;1741134507935
200;1741134512940
200;1741134517930
200;1741134522937
200;1741134522947
200;1741134526612
200;1741134527929
200;1741134528018
200;1741134532931
200;1741134537951
200;1741134542949
200;1741134547945
200;1741134552935
200;1741134557955
200;1741134562925
200;1741134577940
200;1741134577989
200;1741134582927
200;1741134586599
200;1741134587932
200;1741134590363
200;1741134592939
200;1741134597929
200;1741134602930
200;1741134607937
200;1741134612928
200;1741134617930
200;1741134622934
200;1741134627930
200;1741134642959
200;1741134643007
200;1741134647930
200;1741134652934
200;1741134657922
200;1741134662929
200;1741134667936
200;1741134672940
200;1741134672991
200;1741134677946
200;1741134678292
200;1741134682939
200;1741134684528
200;1741134687925
200;1741134692933
200;1741134697937
200;1741134702937
200;1741134707929
200;1741134712936
200;1741134717937
200;1741134722931
200;1741134725742
200;1741134727933
200;1741134732935
200;1741134737948
200;1741134742930
200;1741134747938
200;1741134752929
200;1741134757932
200;1741134760610
200;1741134762934
200;1741134767939
200;1741134768493
200;1741134768703
200;1741134772930
200;1741134775753
200;1741134777939
200;1741134782942
200;1741134784984
200;1741134787573
200;1741134787927
200;1741134792935
200;1741134797943
200;1741134802929
200;1741134807939
200;1741134812942
200;1741134815784
200;1741134817932
200;1741134820482
200;1741134822936
200;1741134827939
200;1741134832031
200;1741134832930
200;1741134837932
200;1741134842937
200;1741134847946
200;1741134862945
200;1741134862993
200;1741134867932
200;1741134871096
200;1741134872940
200;1741134877928
200;1741134880611
200;1741134880774
200;1741134882933
200;1741134886863
200;1741134887939
200;1741134890900
200;1741134891876
200;1741134892927
200;1741134897963
200;1741134902938
200;1741134905670
200;1741134907941
200;1741134911005
200;1741134912930
200;1741134917939
200;1741134922937
100;1741134931926
100;1741134935289
200;1741134937949
200;1741134947926
200;1741134952930
200;1741134957937
200;1741134962930
200;1741134967932
100;1741134971778
200;1741134972935
200;1741134973874
100;1741134977632
200;1741134977970
200;1741134982929
200;1741134987932
200;1741134992940
200;1741134997943
200;1741135002948
200;1741135007939
200;1741135012928
200;1741135017948
100;1741135021377
200;1741135032947
200;1741135032995
200;1741135037933
200;1741135042926
100;1741135046357
200;1741135047930
100;1741135052369
100;1741135052383
200;1741135062944
200;1741135062993
200;1741135067930
200;1741135072936
200;1741135077940
200;1741135082945
200;1741135087933
200;1741135092942
200;1741135097928
200;1741135102937
200;1741135117957
200;1741135118003
200;1741135122926
200;1741135127930
200;1741135132940
200;1741135137922
200;1741135142919
200;1741135147932
200;1741135152940
200;1741135156275
200;1741135157967
200;1741135162933
100;1741135167307
200;1741135167937
200;1741135170813
200;1741135172928
100;1741135182768
200;1741135187962
200;1741135192929
200;1741135197932
200;1741135202944
200;1741135207924
200;1741135212937
200;1741135217926
200;1741135220993
200;1741135232948
200;1741135232997
200;1741135237935
200;1741135242944
100;1741135245223
200;1741135247932
100;1741135251251
200;1741135252938
100;1741135256786
100;1741135257473
200;1741135257942
100;1741135260500
100;1741135262485
200;1741135262930
200;1741135267936
200;1741135272951
200;1741135277930
200;1741135282939
200;1741135287930
200;1741135292932
100;1741135295328
200;1741135297940
200;1741135302945
200;1741135303196
200;1741135307932
200;1741135312938
100;1741135315311
100;1741135315478
200;1741135317924
100;1741135320432
200;1741135322931
100;1741135326380
200;1741135327936
200;1741135332927
200;1741135347939
200;1741135347968
200;1741135352930
200;1741135357934
200;1741135362937
200;1741135367945
200;1741135372936
200;1741135377966
200;1741135382932
200;1741135383579
100;1741135386455
200;1741135387915
200;1741135390813
200;1741135392937
200;1741135397926
200;1741135402932
200;1741135407936
200;1741135412939
100;1741135416753
200;1741135417943
200;1741135418055
200;1741135422973
200;1741135423361
200;1741135425230
200;1741135427936
200;1741135431524
100;1741135431979
200;1741135432926
100;1741135437447
200;1741135437928
200;1741135442921
100;1741135447328
200;1741135447942
200;1741135451984
200;1741135452932
200;1741135455487
200;1741135455916
200;1741135457934
200;1741135461910
200;1741135462935
200;1741135465650
200;1741135465781
200;1741135467925
200;1741135468580
200;1741135472933
200;1741135477937
200;1741135482938
200;1741135487927
200;1741135492918
200;1741135497922
200;1741135502973
200;1741135507930
200;1741135512956
200;1741135517927
200;1741135522937
200;1741135527942
100;1741135541191
100;1741135543559
200;1741135552967
200;1741135563035
200;1741135563083
200;1741135563143
200;1741135567933
200;1741135572936
200;1741135577923
200;1741135582934
200;1741135587942
200;1741135592929
200;1741135597462
200;1741135597935
200;1741135601143
200;1741135602939
200;1741135607944
200;1741135612933
200;1741135617941
200;1741135620030
200;1741135622929
200;1741135623334
200;1741135626813
200;1741135627117
200;1741135627937
200;1741135632926
200;1741135637929
200;1741135642691
200;1741135642934
200;1741135647939
200;1741135652943
200;1741135657933
200;1741135662923
200;1741135667923
200;1741135672954
200;1741135677942
200;1741135682946
200;1741135687933
200;1741135689626
200;1741135692936
200;1741135697927
200;1741135698339
200;1741135700643
200;1741135702949
200;1741135707934
200;1741135711947
200;1741135712945
200;1741135717932
200;1741135721045
200;1741135722939
200;1741135727925
200;1741135729309
200;1741135732971
200;1741135735396
200;1741135737946
200;1741135742940
200;1741135747927
200;1741135752933
200;1741135757922
200;1741135757998
100;1741136039521
100;1741136040272
200;1741136047950
200;1741136047999
200;1741136052938
200;1741136057927
200;1741136062931
200;1741136067878
200;1741136067936
200;1741136070475
200;1741136072927
200;1741136074552
200;1741136077928
200;1741136082935
200;1741136086376
200;1741136087939
200;1741136090556
200;1741136092943
200;1741136095642
200;1741136097935
200;1741136098035
200;1741136100568
200;1741136102941
200;1741136107936
200;1741136112940
200;1741136115313
200;1741136117944
200;1741136122963
200;1741136127938
200;1741136130619
200;1741136132941
200;1741136134794
200;1741136135515
200;1741136137934
200;1741136152948
200;1741136152993
200;1741136157936
200;1741136162957
200;1741136167930
200;1741136172937
200;1741136175780
200;1741136177818
200;1741136177940
200;1741136180640
200;1741136182928
200;1741136187937
200;1741136188088
200;1741136192942
200;1741136195796
100;1741136200241
100;1741136200643
100;1741136203164
100;1741136205260
200;1741136207932
100;1741136210760
100;1741136210996
200;1741136212938
200;1741136217930
100;1741136222524
200;1741136222935
100;1741136225921
200;1741136227927
100;1741136232014
200;1741136232932
100;1741136236077
200;1741136237939
200;1741136242926
100;1741136250133
200;1741136257946
200;1741136258006
200;1741136262935
200;1741136267940
100;1741136270455
200;1741136272927
100;1741136275673
100;1741136276245
200;1741136277928
200;1741136282938
200;1741136287930
200;1741136290117
200;1741136292936
200;1741136295589
100;1741136295827
200;1741136297924
200;1741136300559
100;1741136301228
200;1741136302927
200;1741136305789
200;1741136307933
100;1741136311128
200;1741136312938
200;1741136317926
200;1741136320193
200;1741136322933
200;1741136323055
200;1741136325932
200;1741136327935
200;1741136328299
100;1741136332168
200;1741136332957
200;1741136333046
200;1741136335610
200;1741136337931
200;1741136340071
200;1741136340582
200;1741136342937
100;1741136346834
200;1741136347927
200;1741136352931
200;1741136355420
200;1741136357935
200;1741136359010
100;1741136361699
200;1741136362940
200;1741136367928
200;1741136370277
100;1741136372236
200;1741136372934
200;1741136372971
200;1741136377940
200;1741136379951
200;1741136382929
200;1741136387935
200;1741136392939
200;1741136393193
100;1741136396464
200;1741136397928
200;1741136400912
200;1741136402933
200;1741136407930
100;1741136412659
200;1741136412937
200;1741136417926
200;1741136421332
200;1741136421419
200;1741136422932
200;1741136426021
200;1741136427935
200;1741136432926
200;1741136437929
200;1741136442938
200;1741136447939
200;1741136452929
200;1741136457935
200;1741136462926
200;1741136464600
200;1741136467930
200;1741136472934
200;1741136476848
200;1741136477938
200;1741136479585
200;1741136480355
200;1741136482930
200;1741136487935
200;1741136492928
200;1741136497934
100;1741136510354
200;1741136512951
200;1741136513000
200;1741136517938
200;1741136522947
200;1741136527933
200;1741136531884
200;1741136532935
200;1741136537941
200;1741136542935
200;1741136547938
200;1741136552943
200;1741136557598
200;1741136557930
200;1741136562931
200;1741136567930
200;1741136572952
200;1741136572968
200;1741136575761
200;1741136577936
200;1741136580713
200;1741136580930
200;1741136582940
200;1741136585926
200;1741136585957
200;1741136586054
200;1741136587931
200;1741136592938
200;1741136597959
200;1741136602934
200;1741136607942
200;1741136610462
200;1741136612944
200;1741136616468
200;1741136617930
200;1741136618680
200;1741136622934
200;1741136623171
200;1741136627939
200;1741136632930
200;1741136637936
200;1741136642937
200;1741136646069
200;1741136647934
200;1741136650852
200;1741136652934
200;1741136657936
200;1741136661930
200;1741136662680
200;1741136662929
200;1741136665468
200;1741136667686
200;1741136667957
200;1741136672934
200;1741136677965
200;1741136680146
200;1741136682929
200;1741136685198
200;1741136685741
200;1741136687922
200;1741136691957
200;1741136692926
200;1741136694506
200;1741136697933
100;1741136707511
200;1741136712949
200;1741136712997
200;1741136717940
200;1741136722934
200;1741136727935
200;1741136732935
200;1741136736990
200;1741136738258
200;1741136742930
200;1741136747936
200;1741136752940
200;1741136757933
200;1741136762580
200;1741136762936
200;1741136767968
200;1741136772953
200;1741136777339
200;1741136777933
200;1741136780203
200;1741136782945
200;1741136785243
200;1741136785370
200;1741136787932
200;1741136792932
200;1741136797927
200;1741136802944
200;1741136807935
200;1741136812942
200;1741136817952
200;1741136822935
200;1741136827939
200;1741136830846
200;1741136832930
200;1741136837935
200;1741136842939
200;1741136847223
200;1741136847930
200;1741136852935
100;1741136870810
100;1741136873156
100;1741136875110
200;1741136877942
200;1741136878015
200;1741136878077
100;1741136880659
200;1741136882934
200;1741136883047
100;1741136887157
200;1741136887937
100;1741136890603
100;1741136890697
200;1741136892927
100;1741136895770
200;1741136897928
200;1741136898341
100;1741136902367
200;1741136902930
200;1741136903215
100;1741136907535
200;1741136907940
200;1741136912937
100;1741136915568
200;1741136917943
200;1741136918563
200;1741136918707
200;1741136922934
100;1741136925419
200;1741136927939
100;1741136930382
200;1741136932928
200;1741136933113
200;1741136937932
200;1741136942935
200;1741136947924
200;1741136962959
200;1741136963031
200;1741136967933
200;1741136972938
200;1741136974438
200;1741136977930
200;1741136982935
100;1741136985805
200;1741136987927
200;1741136989725
100;1741136991229
200;1741136992935
200;1741136997942
200;1741137000191
200;1741137002941
100;1741137007017
200;1741137007927
200;1741137008001
200;1741137012932
100;1741137025243
100;1741137027302
200;1741137027947
200;1741137027993
200;1741137030438
200;1741137030727
200;1741137032937
200;1741137034006
200;1741137035510
200;1741137037927
200;1741137040498
200;1741137042949
200;1741137043306
200;1741137043912
200;1741137047936
200;1741137050219
200;1741137050460
200;1741137052941
200;1741137055719
200;1741137055831
200;1741137057945
200;1741137058152
200;1741137058722
200;1741137062933
200;1741137063045
200;1741137063281
100;1741137070458
100;1741137076312
200;1741137077949
200;1741137077995
200;1741137078231
200;1741137082937
200;1741137085349
200;1741137087929
200;1741137090132
200;1741137092930
200;1741137093119
200;1741137093278
200;1741137097934
200;1741137100362
200;1741137101028
200;1741137102926
200;1741137105122
200;1741137105197
200;1741137107944
200;1741137110211
200;1741137110307
200;1741137112936
200;1741137115353
200;1741137115824
200;1741137117924
200;1741137120815
200;1741137122930
200;1741137123996
200;1741137125769
200;1741137127935
200;1741137132939
200;1741137137966
200;1741137138205
200;1741137142931
200;1741137147937
200;1741137152929
200;1741137157935
200;1741137157979
200;1741137162939
200;1741137165334
200;1741137167928
200;1741137172935
200;1741137175809
200;1741137177919
200;1741137182944
200;1741137187960
200;1741137192935
200;1741137197926
200;1741137202937
200;1741137207941
200;1741137212663
200;1741137212940
200;1741137217929
200;1741137222932
200;1741137227938
200;1741137232941
100;1741137245585
200;1741137247971
200;1741137248037
200;1741137252932
200;1741137257939
200;1741137262928
200;1741137267932
200;1741137270074
200;1741137270500
200;1741137272937
200;1741137273396
200;1741137277927
200;1741137282932
200;1741137287937
200;1741137292930
200;1741137297938
200;1741137298042
200;1741137300365
200;1741137302967
100;1741137315431
200;1741137317941
200;1741137317973
200;1741137320556
200;1741137322614
200;1741137322932
200;1741137327940
200;1741137331710
200;1741137332929
200;1741137337933
200;1741137341079
200;1741137341705
200;1741137342941
200;1741137346037
200;1741137347929
200;1741137348560
200;1741137348708
200;1741137350332
200;1741137352937
200;1741137357941
200;1741137361772
200;1741137362931
200;1741137363053
200;1741137367937
200;1741137369900
200;1741137372968
200;1741137375892
200;1741137376396
200;1741137377933
200;1741137381879
200;1741137382938
200;1741137385213
200;1741137385788
200;1741137387931
200;1741137388822
200;1741137389784
100;1741137395283
100;1741137398059
100;1741137400076
200;1741137402944
200;1741137402992
200;1741137403031
200;1741137404971
200;1741137407930
200;1741137412936
200;1741137417928
100;1741137429948
100;1741137430253
200;1741137432945
200;1741137432958
200;1741137432990
200;1741137437932
200;1741137442938
200;1741137447928
200;1741137452930
200;1741137455678
200;1741137457937
200;1741137462944
200;1741137465747
200;1741137467931
200;1741137472937
200;1741137477942
200;1741137482935
200;1741137487937
200;1741137492940
200;1741137495767
200;1741137497932
200;1741137502936
