3;1741051907975;1
3;1741052242984;2
3;1741054602983;3
3;1741055512984;4
2;1741062287881;1
2;1741063782983;2
3;1741064462984;5
3;1741064987977;6
3;1741066227982;7
3;1741069392984;8
3;1741072787980;9
3;1741077107978;10
3;1741078307977;11
3;1741078457985;12
3;1741078652982;13
3;1741079507976;14
3;1741079747977;15
3;1741079757983;16
3;1741079768009;17
3;1741079797983;18
3;1741079822983;19
3;1741079833206;20
3;1741079843229;21
0;1741079845957;1
3;1741079853251;22
3;1741079863276;23
0;1741079872598;2
3;1741079873297;24
1;1741079873854;1
3;1741079884011;25
1;1741079891010;2
3;1741079894682;26
1;1741079903987;3
3;1741079904918;27
3;1741079914943;28
3;1741079942983;29
0;1741079948221;3
3;1741079957983;30
3;1741079977983;31
3;1741079987978;32
3;1741079997981;33
3;1741080037984;34
0;1741080042453;4
3;1741080047977;35
0;1741080060028;5
0;1741080079755;6
0;1741080086826;7
3;1741080087983;36
1;1741080090019;4
0;1741080096918;8
1;1741080103701;5
3;1741080107975;37
3;1741080142983;38
3;1741080153004;39
1;1741080157263;6
3;1741080167978;40
3;1741080187986;41
3;1741080198224;42
1;1741080225249;7
3;1741080232985;43
3;1741080243210;44
1;1741080250111;8
3;1741080253237;45
3;1741080263467;46
0;1741080267238;9
1;1741080267981;9
3;1741080273705;47
1;1741080277809;10
3;1741080287978;48
3;1741080302983;49
0;1741080305526;10
3;1741080322986;50
1;1741080331012;11
3;1741080347976;51
0;1741080348293;11
0;1741080350339;12
3;1741080357981;52
3;1741080382983;53
1;1741080390177;12
1;1741080406413;13
0;1741080428806;13
3;1741080437985;54
3;1741080448217;55
3;1741080458238;56
3;1741080467979;57
0;1741080482999;14
3;1741080497989;58
1;1741080516589;14
0;1741080521884;15
3;1741080542989;59
3;1741080553009;60
3;1741080563032;61
3;1741080573295;62
3;1741080583322;63
1;1741080583705;15
3;1741080607987;64
3;1741080622989;65
0;1741080634411;16
3;1741080642988;66
0;1741080646944;17
1;1741080667654;16
3;1741080667986;67
0;1741080686646;18
3;1741080697987;68
0;1741080700258;19
3;1741080712985;69
3;1741080732986;70
3;1741080743219;71
2;1741080752842;3
1;1741080777632;17
3;1741080782988;72
3;1741080852990;73
3;1741080887977;74
3;1741080972983;75
3;1741081012981;76
3;1741081092983;77
3;1741081103150;78
3;1741081142981;79
3;1741081322982;80
3;1741081333007;81
3;1741081367978;82
3;1741081427975;83
3;1741081472982;84
3;1741081527983;85
3;1741081597983;86
3;1741081647984;87
3;1741081727977;88
3;1741081767982;89
3;1741081797982;90
3;1741081902982;91
3;1741081937980;92
3;1741082092982;93
3;1741082103144;94
3;1741082287982;95
3;1741082302981;96
3;1741082327975;97
3;1741082362981;98
3;1741082373125;99
3;1741082447975;100
3;1741082522984;101
3;1741082612981;102
3;1741082627978;103
3;1741082692984;104
3;1741082727983;105
3;1741082742984;106
3;1741082753121;107
3;1741082797983;108
3;1741082842982;109
3;1741082882983;110
3;1741082902980;111
3;1741082912999;112
3;1741082937984;113
3;1741082962982;114
3;1741083002983;115
3;1741083013002;116
3;1741083023130;117
3;1741083047978;118
3;1741083087985;119
3;1741083098141;120
3;1741083122986;121
3;1741083142985;122
3;1741083162983;123
3;1741083252981;124
2;1741084603216;4
3;1741085232983;125
2;1741085801927;5
2;1741086288092;6
0;1741094730833;20
0;1741094745006;21
0;1741094754572;22
0;1741094761208;23
0;1741094764634;24
0;1741094765876;25
0;1741094767080;26
0;1741094770242;27
0;1741094781491;28
0;1741094786866;29
0;1741094793478;30
0;1741094793697;31
0;1741094794319;32
0;1741094808017;33
0;1741094812514;34
0;1741094822486;35
0;1741094824918;36
0;1741094826982;37
0;1741094829572;38
0;1741094832647;39
0;1741094837495;40
0;1741094844063;41
0;1741094844464;42
0;1741094850577;43
0;1741094859708;44
0;1741094866264;45
0;1741094871445;46
0;1741094873975;47
0;1741094877777;48
0;1741094883433;49
0;1741094885871;50
0;1741094890606;51
0;1741094901109;52
0;1741094909502;53
0;1741094913341;54
0;1741094915635;55
0;1741094924849;56
0;1741094926011;57
0;1741094931733;58
0;1741094938755;59
0;1741094949395;60
0;1741094952209;61
0;1741094954583;62
0;1741094960647;63
0;1741094963152;64
0;1741094968362;65
0;1741094978801;66
0;1741094983504;67
0;1741094986339;68
0;1741094987340;69
0;1741094993708;70
0;1741095000531;71
0;1741095003725;72
0;1741095006518;73
0;1741095008855;74
0;1741095018694;75
0;1741095019286;76
0;1741095022252;77
0;1741095037229;78
0;1741095038243;79
0;1741095042225;80
0;1741095047609;81
0;1741095050973;82
0;1741095052382;83
0;1741095065267;84
0;1741095075114;85
0;1741095084002;86
0;1741095088863;87
0;1741095092445;88
0;1741095094855;89
0;1741095096635;90
0;1741095099163;91
0;1741095100244;92
0;1741095108250;93
0;1741095113149;94
0;1741095115863;95
0;1741095116212;96
0;1741095120988;97
0;1741095126295;98
0;1741095127712;99
0;1741095129949;100
0;1741095137566;101
0;1741095142910;102
0;1741095151215;103
0;1741095159225;104
0;1741095161636;105
0;1741095175568;106
0;1741095176211;107
0;1741095182942;108
0;1741095189680;109
0;1741095194234;110
0;1741095199831;111
0;1741095209971;112
0;1741095214241;113
0;1741095216035;114
0;1741095223033;115
0;1741095228550;116
0;1741095232997;117
0;1741095234521;118
0;1741095234536;119
0;1741095246369;120
0;1741095247074;121
0;1741095264297;122
0;1741095265183;123
0;1741095266388;124
0;1741095272570;125
0;1741095275156;126
0;1741095279037;127
0;1741095286202;128
0;1741095288747;129
0;1741095291474;130
0;1741095294067;131
0;1741095295751;132
0;1741095300777;133
0;1741095301201;134
0;1741095314473;135
0;1741095315306;136
0;1741095316379;137
0;1741095327681;138
0;1741095336553;139
0;1741095716075;140
0;1741095716825;141
0;1741095724055;142
0;1741095725499;143
0;1741095726657;144
0;1741095726675;145
0;1741095731679;146
0;1741095745987;147
0;1741095750028;148
0;1741095758143;149
0;1741095760936;150
0;1741095764883;151
0;1741095771555;152
0;1741095774564;153
0;1741095783465;154
0;1741095785100;155
0;1741095788805;156
0;1741095790905;157
0;1741095803401;158
0;1741095808869;159
0;1741095818649;160
0;1741095825708;161
0;1741095826055;162
0;1741095827226;163
0;1741095833492;164
0;1741095838553;165
0;1741095840688;166
0;1741095841016;167
0;1741095845777;168
0;1741095853868;169
0;1741095854475;170
0;1741095855499;171
0;1741095866118;172
0;1741095882260;173
0;1741095885103;174
0;1741095886814;175
0;1741095891051;176
0;1741095902731;177
0;1741095904626;178
0;1741095911448;179
0;1741095912550;180
0;1741095913988;181
0;1741095915053;182
0;1741095930920;183
0;1741095935384;184
0;1741095935815;185
0;1741095945082;186
0;1741095952316;187
0;1741095956617;188
0;1741095962024;189
0;1741095966631;190
0;1741095967578;191
0;1741095968685;192
0;1741095978453;193
0;1741095989249;194
0;1741095990423;195
0;1741096000987;196
0;1741096001934;197
0;1741096008667;198
0;1741096009275;199
0;1741096014176;200
0;1741096023109;201
0;1741096024123;202
0;1741096025759;203
0;1741096030630;204
0;1741096042741;205
0;1741096044297;206
0;1741096046004;207
0;1741096050651;208
0;1741096054509;209
0;1741096057632;210
0;1741096070986;211
0;1741096074076;212
0;1741096075521;213
0;1741096078025;214
0;1741096085681;215
0;1741096086706;216
0;1741096087318;217
0;1741096103283;218
0;1741096105237;219
0;1741096105936;220
0;1741096114496;221
0;1741096117212;222
0;1741096119160;223
0;1741096131070;224
0;1741096133279;225
0;1741096140015;226
0;1741096145858;227
0;1741096146387;228
0;1741096151618;229
0;1741096151779;230
0;1741096166171;231
0;1741096173925;232
0;1741096184407;233
0;1741096184956;234
0;1741096186148;235
0;1741096186521;236
0;1741096187084;237
0;1741096194775;238
0;1741096197356;239
0;1741096200919;240
0;1741096211159;241
0;1741096214960;242
0;1741096228459;243
0;1741096236362;244
0;1741096243847;245
0;1741096250839;246
0;1741096251326;247
0;1741096254322;248
0;1741096254886;249
0;1741096264272;250
0;1741096264297;251
0;1741096265816;252
0;1741096277183;253
0;1741096277649;254
0;1741096282000;255
0;1741098174727;256
0;1741098185511;257
0;1741098186851;258
0;1741098198726;259
3;1741099012984;126
0;1741099899538;260
0;1741099909829;261
0;1741099912695;262
0;1741099913647;263
0;1741099928849;264
3;1741105582981;127
0;1741105657277;265
0;1741105674388;266
0;1741105679951;267
0;1741105682615;268
0;1741105687451;269
0;1741105697415;270
0;1741105703921;271
0;1741105706829;272
0;1741105711545;273
0;1741105718540;274
0;1741105722721;275
0;1741105723522;276
0;1741105738001;277
0;1741105739274;278
0;1741105740715;279
0;1741105748571;280
0;1741105749327;281
0;1741105755767;282
0;1741105764851;283
0;1741105765050;284
0;1741105767305;285
0;1741105770883;286
0;1741105776507;287
0;1741105779435;288
0;1741105785123;289
0;1741105787297;290
0;1741105792603;291
0;1741105803072;292
0;1741105809654;293
0;1741105813572;294
0;1741105817347;295
0;1741105828187;296
0;1741105830464;297
0;1741105831824;298
0;1741105832612;299
0;1741105841295;300
0;1741105841978;301
0;1741105852693;302
0;1741105852743;303
0;1741105857232;304
0;1741105869178;305
0;1741105870367;306
0;1741105878323;307
0;1741105884653;308
0;1741105885471;309
0;1741105888821;310
0;1741105891212;311
0;1741105910550;312
0;1741105911182;313
0;1741105916733;314
0;1741105917611;315
0;1741105918938;316
0;1741105921349;317
0;1741105937220;318
0;1741105940532;319
0;1741105949709;320
0;1741105956171;321
0;1741105964929;322
0;1741105965220;323
0;1741105965966;324
0;1741105966646;325
0;1741105979778;326
2;1741105980084;7
0;1741105981437;327
0;1741105982488;328
2;1741105986993;8
0;1741105987382;329
0;1741105988227;330
2;1741105990122;9
0;1741105994085;331
0;1741105997680;332
0;1741106002247;333
2;1741106002763;10
2;1741106008834;11
2;1741106013544;12
2;1741106015953;13
2;1741106017787;14
0;1741106020735;334
0;1741106023640;335
0;1741106023994;336
2;1741106029898;15
2;1741106031018;16
0;1741106032467;337
0;1741106040071;338
0;1741106041246;339
0;1741106045488;340
0;1741106052396;341
2;1741106052516;17
2;1741106057025;18
2;1741106057763;19
2;1741106061143;20
0;1741106064703;342
0;1741106065226;343
2;1741106065664;21
0;1741106065763;344
2;1741106067648;22
0;1741106072817;345
2;1741106075342;23
0;1741106079243;346
2;1741106080318;24
2;1741106080647;25
2;1741106081463;26
2;1741106081732;27
2;1741106083048;28
0;1741106083443;347
0;1741106088996;348
2;1741106089084;29
0;1741106094813;349
0;1741106099158;350
0;1741106101452;351
0;1741106103080;352
2;1741106104897;30
2;1741106106302;31
0;1741106106335;353
0;1741106106870;354
0;1741106111902;355
2;1741106116881;32
0;1741106117133;356
2;1741106120704;33
0;1741106129386;357
0;1741106133621;358
2;1741106137937;34
2;1741106139173;35
0;1741106141314;359
2;1741106144578;36
2;1741106145263;37
0;1741106146016;360
0;1741106152300;361
0;1741106152860;362
2;1741106153142;38
2;1741106155251;39
2;1741106156209;40
0;1741106159907;363
2;1741106161089;41
0;1741106163008;364
0;1741106164796;365
0;1741106168529;366
2;1741106170138;42
2;1741106173242;43
2;1741106175666;44
2;1741106181446;45
0;1741106182159;367
2;1741106189251;46
2;1741106189647;47
0;1741106191650;368
0;1741106195904;369
2;1741106196056;48
0;1741106197880;370
2;1741106198064;49
0;1741106200027;371
2;1741106200753;50
0;1741106207013;372
0;1741106209706;373
0;1741106211560;374
2;1741106214511;51
2;1741106218311;52
2;1741106219062;53
2;1741106222611;54
2;1741106225953;55
0;1741106230258;375
2;1741106230884;56
0;1741106231992;376
2;1741106243544;57
0;1741106246141;377
2;1741106247739;58
2;1741106250197;59
2;1741106259407;60
2;1741106261445;61
2;1741106267383;62
2;1741106268220;63
2;1741106274724;64
2;1741106284507;65
2;1741106287315;66
2;1741106300781;67
2;1741106308568;68
2;1741106309114;69
2;1741106311124;70
2;1741106312507;71
2;1741106313307;72
2;1741106316525;73
2;1741106318823;74
2;1741106325818;75
2;1741106331747;76
2;1741106331879;77
2;1741106351595;78
2;1741106354064;79
2;1741106357422;80
2;1741106357950;81
2;1741106366628;82
2;1741106367581;83
2;1741106378484;84
2;1741106383632;85
2;1741106389572;86
2;1741106389865;87
2;1741106392453;88
2;1741106394670;89
2;1741106415916;90
2;1741106417425;91
2;1741106418422;92
2;1741106418469;93
2;1741106421676;94
2;1741106432489;95
2;1741106436070;96
2;1741106444549;97
2;1741106453861;98
2;1741106455477;99
2;1741106456869;100
2;1741106457544;101
2;1741106464435;102
2;1741106466924;103
2;1741106473271;104
2;1741106477010;105
2;1741106483040;106
2;1741106489868;107
2;1741106500545;108
2;1741106504130;109
2;1741106506491;110
2;1741106518999;111
2;1741106523781;112
2;1741106529881;113
2;1741106530404;114
2;1741106532786;115
2;1741106536929;116
2;1741106537024;117
2;1741106544433;118
2;1741106547729;119
2;1741106548139;120
2;1741106560482;121
2;1741106561994;122
2;1741106562951;123
2;1741106565612;124
2;1741106578541;125
2;1741106588023;126
2;1741106590268;127
2;1741106597855;128
2;1741106604486;129
2;1741106605846;130
2;1741106613606;131
2;1741106620617;132
2;1741106625072;133
2;1741106629400;134
2;1741106630421;135
2;1741106630887;136
2;1741106639078;137
2;1741106646374;138
2;1741106648022;139
2;1741106661763;140
2;1741106661982;141
2;1741106666583;142
2;1741106674267;143
2;1741106677950;144
2;1741106682253;145
2;1741106683686;146
2;1741106687552;147
2;1741106696382;148
2;1741106703232;149
2;1741106707890;150
2;1741106708576;151
2;1741106712672;152
2;1741106713355;153
2;1741106718226;154
2;1741106731795;155
2;1741106733155;156
2;1741106736591;157
2;1741106737114;158
2;1741106740553;159
2;1741106758269;160
2;1741106765305;161
2;1741106770794;162
2;1741106774054;163
2;1741106775089;164
2;1741106790576;165
2;1741106792384;166
2;1741106798112;167
2;1741106801183;168
2;1741106804684;169
2;1741106805825;170
2;1741106806867;171
2;1741106816556;172
2;1741106817801;173
2;1741106818698;174
2;1741106819797;175
2;1741106828407;176
2;1741106836578;177
2;1741106846531;178
2;1741106847037;179
2;1741106851571;180
2;1741106862068;181
2;1741106866822;182
2;1741106869070;183
2;1741106873716;184
2;1741106877362;185
2;1741106882098;186
2;1741106883650;187
2;1741106895148;188
2;1741106905532;189
2;1741106911469;190
2;1741106916104;191
2;1741106919537;192
2;1741106921092;193
2;1741106925318;194
2;1741106929493;195
2;1741106929520;196
2;1741106932407;197
2;1741106937668;198
2;1741106949306;199
2;1741106958540;200
2;1741106961122;201
2;1741106964023;202
2;1741106965908;203
2;1741106974148;204
2;1741106983128;205
2;1741106985781;206
2;1741106985940;207
2;1741106995808;208
2;1741106997332;209
2;1741107004330;210
2;1741107007230;211
2;1741107011432;212
2;1741107018375;213
2;1741107020619;214
2;1741107025493;215
2;1741107026195;216
2;1741107029953;217
2;1741107045785;218
2;1741107050671;219
2;1741107064703;220
2;1741107066052;221
2;1741107066588;222
2;1741107072203;223
2;1741107073190;224
2;1741107075440;225
2;1741107083992;226
2;1741107094695;227
2;1741107098380;228
2;1741107111811;229
2;1741107112690;230
2;1741107115764;231
2;1741107117343;232
2;1741107120829;233
2;1741107124856;234
2;1741107126278;235
2;1741107144515;236
2;1741107144993;237
2;1741107146274;238
2;1741107151325;239
2;1741107154121;240
2;1741107154847;241
2;1741107157118;242
2;1741107159377;243
2;1741107164904;244
2;1741107179005;245
2;1741107181370;246
2;1741107190095;247
2;1741107193620;248
2;1741107200536;249
2;1741107203030;250
2;1741107204760;251
2;1741107217198;252
2;1741107227362;253
2;1741107235310;254
2;1741107237957;255
2;1741107238412;256
2;1741107240325;257
2;1741107241093;258
2;1741107242884;259
2;1741107251039;260
2;1741107259683;261
2;1741107261020;262
2;1741107267645;263
2;1741107271671;264
2;1741107273690;265
2;1741107289001;266
2;1741107289027;267
2;1741107295819;268
2;1741107301106;269
2;1741107313001;270
2;1741107316542;271
2;1741107321787;272
2;1741107323728;273
2;1741107326032;274
2;1741107331050;275
2;1741107339213;276
2;1741107340851;277
2;1741107350089;278
2;1741107352943;279
2;1741107355252;280
2;1741107369054;281
2;1741107372423;282
2;1741107375782;283
2;1741107380311;284
2;1741107380719;285
2;1741107381591;286
2;1741107389587;287
2;1741107394701;288
2;1741107395793;289
2;1741107401826;290
2;1741107410613;291
2;1741107410694;292
2;1741107413162;293
2;1741107415613;294
2;1741107423065;295
2;1741107424359;296
2;1741107439328;297
2;1741107439647;298
2;1741107455675;299
2;1741107461282;300
2;1741107463194;301
2;1741107467751;302
2;1741107472397;303
2;1741107478439;304
2;1741107480787;305
2;1741107485435;306
2;1741107490705;307
2;1741107494931;308
2;1741107496942;309
2;1741107504267;310
2;1741107511228;311
2;1741107520289;312
2;1741107522481;313
2;1741107524167;314
2;1741107535597;315
2;1741107541586;316
2;1741107543547;317
2;1741107544087;318
2;1741107546365;319
2;1741107553572;320
2;1741107554436;321
2;1741107562739;322
2;1741107567198;323
2;1741107568106;324
2;1741107578367;325
2;1741107584591;326
2;1741107592150;327
2;1741107596989;328
2;1741107600392;329
2;1741107606309;330
2;1741107608251;331
2;1741107612984;332
2;1741107613435;333
2;1741107619735;334
2;1741107621735;335
2;1741107640149;336
2;1741107648398;337
2;1741107649923;338
2;1741107654028;339
2;1741107657713;340
2;1741107659426;341
2;1741107665780;342
2;1741107667269;343
2;1741107672147;344
2;1741107675026;345
2;1741107682333;346
2;1741107687525;347
2;1741107692021;348
2;1741107695932;349
2;1741107696578;350
2;1741107699974;351
2;1741107703386;352
2;1741107730998;353
2;1741107732652;354
2;1741107738763;355
2;1741107739644;356
2;1741107741414;357
2;1741107745961;358
2;1741107752667;359
2;1741107755161;360
2;1741107756053;361
2;1741107763886;362
2;1741107769228;363
2;1741107780664;364
2;1741107785394;365
2;1741107785461;366
2;1741107787528;367
2;1741107799051;368
2;1741107802501;369
2;1741107807038;370
2;1741107814445;371
2;1741107815253;372
2;1741107817834;373
2;1741107825356;374
2;1741107827875;375
2;1741107838363;376
2;1741107842864;377
2;1741107851250;378
2;1741107852428;379
2;1741107855143;380
2;1741107864343;381
2;1741107872388;382
2;1741107882685;383
2;1741107884714;384
2;1741107885759;385
2;1741107891251;386
2;1741107894744;387
2;1741107898158;388
2;1741107905736;389
2;1741107906990;390
2;1741107910054;391
2;1741107920030;392
2;1741107924740;393
2;1741107927335;394
2;1741107931514;395
2;1741107935203;396
2;1741107936368;397
2;1741107942002;398
2;1741107958154;399
2;1741107961572;400
2;1741107967233;401
2;1741107968956;402
2;1741107972311;403
2;1741107973677;404
2;1741107978762;405
2;1741107988137;406
2;1741107993479;407
2;1741107994621;408
2;1741108001912;409
2;1741108002981;410
2;1741108004120;411
2;1741108015741;412
2;1741108022422;413
2;1741108030570;414
2;1741108036768;415
2;1741108046652;416
2;1741108047539;417
2;1741108048669;418
2;1741108052295;419
2;1741108057888;420
2;1741108068621;421
2;1741108071720;422
2;1741108072080;423
2;1741108082114;424
2;1741108082843;425
2;1741108085761;426
2;1741108088173;427
2;1741108091085;428
2;1741108093576;429
2;1741108117783;430
2;1741108121885;431
2;1741108125643;432
2;1741108129400;433
2;1741108131449;434
2;1741108135834;435
2;1741108137716;436
2;1741108144530;437
2;1741108145751;438
2;1741108147047;439
2;1741108147625;440
2;1741108150177;441
2;1741108162239;442
2;1741108169072;443
2;1741108170857;444
2;1741108170874;445
2;1741108190364;446
2;1741108200705;447
2;1741108204526;448
2;1741108205484;449
2;1741108209390;450
2;1741108214748;451
2;1741108222049;452
2;1741108224021;453
2;1741108228637;454
2;1741108231229;455
2;1741108236170;456
2;1741108240993;457
2;1741108243548;458
2;1741108244574;459
2;1741108250807;460
2;1741108259810;461
2;1741108259900;462
2;1741108266321;463
2;1741108272455;464
2;1741108275721;465
2;1741108281436;466
2;1741108289301;467
2;1741108302616;468
2;1741108308651;469
2;1741108308779;470
2;1741108312593;471
2;1741108312602;472
2;1741108320941;473
2;1741108328182;474
2;1741108332034;475
2;1741108339489;476
2;1741108343810;477
2;1741108346248;478
2;1741108347295;479
2;1741108352038;480
2;1741108353284;481
2;1741108355493;482
2;1741108364847;483
2;1741108382628;484
2;1741108384059;485
2;1741108386806;486
2;1741108393442;487
2;1741108394153;488
2;1741108403700;489
2;1741108408119;490
2;1741108413555;491
2;1741108415315;492
2;1741108433770;493
2;1741108433808;494
2;1741108434939;495
2;1741108437454;496
2;1741108440113;497
2;1741108441625;498
2;1741108441635;499
2;1741108455939;500
2;1741108461026;501
2;1741108463073;502
2;1741108473014;503
2;1741108478870;504
2;1741108480717;505
2;1741108481498;506
2;1741108487183;507
2;1741108492536;508
2;1741108502193;509
2;1741108510059;510
2;1741108512341;511
2;1741108514347;512
2;1741108515787;513
2;1741108525841;514
2;1741108529373;515
2;1741108540747;516
2;1741108541636;517
2;1741108546768;518
2;1741108548189;519
2;1741108563353;520
2;1741108574500;521
2;1741108576977;522
2;1741108577472;523
2;1741108582084;524
2;1741108588246;525
2;1741108590015;526
2;1741108593573;527
2;1741108596105;528
2;1741108598754;529
2;1741108614364;530
2;1741108616697;531
2;1741108618157;532
2;1741108620805;533
2;1741108621303;534
2;1741108632561;535
2;1741108634403;536
2;1741108637384;537
2;1741108641591;538
2;1741108645350;539
2;1741108650646;540
2;1741108651557;541
2;1741108655161;542
2;1741108660855;543
2;1741108670416;544
2;1741108686277;545
2;1741108686927;546
2;1741108691628;547
2;1741108692247;548
2;1741108694467;549
2;1741108695768;550
2;1741108714025;551
2;1741108715592;552
2;1741108716147;553
2;1741108723526;554
2;1741108725134;555
2;1741108730967;556
2;1741108731821;557
2;1741108747178;558
2;1741108762915;559
2;1741108763526;560
2;1741108765772;561
2;1741108766978;562
2;1741108767371;563
2;1741108767760;564
2;1741108775718;565
2;1741108791582;566
2;1741108792902;567
2;1741108795364;568
2;1741108805725;569
2;1741108810547;570
2;1741108811198;571
2;1741108812619;572
2;1741108813934;573
2;1741108822940;574
2;1741108835674;575
2;1741108837494;576
2;1741108840661;577
2;1741108850578;578
2;1741108853854;579
2;1741108855895;580
2;1741108863272;581
2;1741108869163;582
2;1741108873118;583
2;1741108873605;584
2;1741108881583;585
2;1741108884915;586
2;1741108895865;587
2;1741108897731;588
2;1741108904245;589
2;1741108910856;590
2;1741108917426;591
2;1741108917486;592
2;1741108918222;593
2;1741108924126;594
2;1741108926111;595
2;1741108933119;596
2;1741108933654;597
2;1741108940672;598
2;1741108952507;599
2;1741108953140;600
2;1741108956096;601
3;1741108957980;128
2;1741108968640;602
2;1741108970044;603
2;1741108974695;604
2;1741108981676;605
2;1741108988349;606
2;1741108997305;607
2;1741108999357;608
2;1741109001640;609
2;1741109007726;610
2;1741109013052;611
2;1741109014988;612
2;1741109022720;613
2;1741109025547;614
2;1741109029606;615
2;1741109030813;616
2;1741109035599;617
2;1741109036254;618
2;1741109044612;619
2;1741109048665;620
2;1741109057283;621
2;1741109065794;622
2;1741109068502;623
2;1741109074164;624
2;1741109076542;625
2;1741109085153;626
2;1741109086725;627
2;1741109094741;628
2;1741109096220;629
2;1741109107150;630
2;1741109109092;631
2;1741109109139;632
2;1741109125458;633
2;1741109136030;634
2;1741109140179;635
2;1741109144273;636
2;1741109146981;637
2;1741109150085;638
2;1741109152009;639
2;1741109153517;640
2;1741109156061;641
2;1741109162697;642
2;1741109165803;643
2;1741109169680;644
2;1741109178570;645
2;1741109178833;646
2;1741109183385;647
2;1741109189093;648
2;1741109191122;649
2;1741109208783;650
2;1741109209918;651
2;1741109221135;652
2;1741109222375;653
2;1741109228060;654
2;1741109228531;655
2;1741109231945;656
2;1741109239951;657
2;1741109240130;658
2;1741109240763;659
2;1741109254642;660
2;1741109260780;661
2;1741109264660;662
2;1741109271496;663
2;1741109275804;664
2;1741109276825;665
2;1741109279603;666
2;1741109287518;667
2;1741109302712;668
2;1741109305395;669
2;1741109308745;670
2;1741109316409;671
2;1741109316557;672
2;1741109319331;673
2;1741109326831;674
2;1741109329417;675
2;1741109331861;676
2;1741109339085;677
2;1741109350616;678
2;1741109360633;679
2;1741109361516;680
2;1741109364073;681
2;1741109365215;682
2;1741109365478;683
2;1741109371157;684
2;1741109371240;685
2;1741109373940;686
2;1741109375308;687
2;1741109396684;688
2;1741109401446;689
2;1741109410583;690
2;1741109415446;691
2;1741109416790;692
2;1741109419593;693
2;1741109424068;694
2;1741109434021;695
2;1741109436671;696
2;1741109439225;697
2;1741109444078;698
2;1741109446572;699
2;1741109463676;700
2;1741109465173;701
2;1741109467516;702
2;1741109476303;703
2;1741109481619;704
2;1741109484425;705
2;1741109487208;706
2;1741109487976;707
2;1741109492177;708
2;1741109494930;709
2;1741109500710;710
2;1741109514443;711
2;1741109515454;712
2;1741109518646;713
2;1741109523859;714
2;1741109525888;715
2;1741109528716;716
2;1741109537801;717
2;1741109544888;718
2;1741109555202;719
2;1741109560303;720
2;1741109565233;721
2;1741109566661;722
2;1741109568384;723
2;1741109573491;724
2;1741109574884;725
2;1741109578597;726
2;1741109585176;727
2;1741109595877;728
2;1741109600721;729
2;1741109602186;730
2;1741109608936;731
2;1741109612641;732
2;1741109618488;733
2;1741109619054;734
2;1741109626574;735
2;1741109628208;736
2;1741109645180;737
2;1741109648367;738
2;1741109649977;739
2;1741109662048;740
2;1741109665437;741
2;1741109665812;742
2;1741109671730;743
2;1741109672639;744
2;1741109673702;745
2;1741109680131;746
2;1741109690171;747
2;1741109691334;748
2;1741109703967;749
2;1741109704651;750
2;1741109709035;751
2;1741109709426;752
2;1741109712875;753
2;1741109722671;754
2;1741109724028;755
2;1741109725676;756
2;1741109738850;757
2;1741109746413;758
2;1741109754248;759
2;1741109756490;760
2;1741109759102;761
2;1741109762362;762
2;1741109776166;763
2;1741109785204;764
2;1741109786431;765
2;1741109788788;766
2;1741109793979;767
2;1741109795891;768
2;1741109797481;769
2;1741109811649;770
2;1741109815598;771
2;1741109820606;772
2;1741109821347;773
2;1741109833196;774
2;1741109836862;775
2;1741109839330;776
2;1741109842332;777
2;1741109845168;778
2;1741109846603;779
2;1741109863305;780
2;1741109863724;781
2;1741109865229;782
2;1741109874737;783
2;1741109879073;784
2;1741109880134;785
2;1741109885855;786
2;1741109886557;787
2;1741109895638;788
2;1741109903079;789
2;1741109905201;790
2;1741109905944;791
2;1741109912178;792
2;1741109913782;793
2;1741109915242;794
2;1741109925006;795
2;1741109937093;796
2;1741109941091;797
2;1741109942778;798
2;1741109952966;799
2;1741109960867;800
2;1741109961374;801
2;1741109963594;802
2;1741109969873;803
2;1741109969962;804
2;1741109981996;805
2;1741109983925;806
2;1741109985825;807
2;1741109996656;808
2;1741109997198;809
2;1741110005835;810
2;1741110009272;811
2;1741110011454;812
2;1741110015338;813
2;1741110022434;814
2;1741110028438;815
2;1741110032114;816
2;1741110042730;817
2;1741110044068;818
2;1741110044134;819
2;1741110045455;820
2;1741110050565;821
2;1741110053222;822
2;1741110070634;823
2;1741110072146;824
2;1741110078062;825
2;1741110081441;826
2;1741110088641;827
2;1741110090549;828
2;1741110103434;829
2;1741110113349;830
2;1741110117459;831
2;1741110121655;832
2;1741110122785;833
2;1741110123528;834
2;1741110132491;835
2;1741110141098;836
2;1741110146273;837
2;1741110150205;838
2;1741110154306;839
2;1741110155835;840
2;1741110157906;841
2;1741110160951;842
2;1741110172583;843
2;1741110182707;844
2;1741110187303;845
2;1741110194111;846
2;1741110195477;847
2;1741110198402;848
2;1741110202572;849
2;1741110210159;850
2;1741110211011;851
2;1741110216482;852
2;1741110218825;853
2;1741110230550;854
2;1741110241418;855
2;1741110241954;856
2;1741110244403;857
2;1741110250643;858
2;1741110262655;859
2;1741110262701;860
2;1741110266542;861
2;1741110269868;862
2;1741110276995;863
2;1741110278105;864
2;1741110279713;865
2;1741110281185;866
2;1741110291092;867
2;1741110294505;868
2;1741110297545;869
2;1741110299797;870
2;1741110300844;871
2;1741110304251;872
2;1741110313624;873
2;1741110326600;874
2;1741110327114;875
2;1741110335412;876
2;1741110335515;877
2;1741110344267;878
2;1741110350153;879
2;1741110351285;880
2;1741110367039;881
2;1741110368926;882
2;1741110370786;883
2;1741110374804;884
2;1741110375706;885
2;1741110380591;886
2;1741110383706;887
2;1741110390454;888
2;1741110398825;889
2;1741110402183;890
2;1741110412696;891
2;1741110418429;892
2;1741110420904;893
2;1741110424995;894
2;1741110425918;895
2;1741110425940;896
2;1741110435353;897
2;1741110439097;898
2;1741110456125;899
2;1741110458966;900
2;1741110467401;901
2;1741110472596;902
2;1741110478899;903
2;1741110484255;904
2;1741110484574;905
2;1741110484612;906
2;1741110489180;907
2;1741110496668;908
2;1741110498079;909
2;1741110512129;910
2;1741110513036;911
2;1741110516027;912
2;1741110518623;913
2;1741110521430;914
2;1741110528585;915
2;1741110528754;916
2;1741110529542;917
2;1741110548454;918
2;1741110548939;919
2;1741110557081;920
2;1741110564066;921
2;1741110568708;922
2;1741110578255;923
2;1741110580087;924
2;1741110580828;925
2;1741110593357;926
2;1741110593965;927
2;1741110595106;928
2;1741110598205;929
2;1741110611979;930
2;1741110613493;931
2;1741110615305;932
2;1741110616772;933
2;1741110628812;934
2;1741110635834;935
2;1741110636976;936
2;1741110641787;937
2;1741110641805;938
2;1741110653977;939
2;1741110663317;940
2;1741110663420;941
2;1741110666165;942
2;1741110675450;943
2;1741110678576;944
2;1741110679335;945
2;1741110688015;946
2;1741110689754;947
2;1741110698424;948
2;1741110713511;949
2;1741110714678;950
2;1741110720608;951
2;1741110720988;952
2;1741110725519;953
2;1741110732324;954
2;1741110734286;955
2;1741110736303;956
2;1741110744651;957
2;1741110745930;958
2;1741110756044;959
2;1741110757416;960
2;1741110760381;961
2;1741110760996;962
2;1741110769713;963
2;1741110790397;964
2;1741110791883;965
2;1741110792508;966
2;1741110797658;967
2;1741110800450;968
2;1741110802699;969
2;1741110804070;970
2;1741110805812;971
2;1741110809765;972
2;1741110811104;973
2;1741110833498;974
2;1741110837664;975
2;1741110839321;976
2;1741110850146;977
2;1741110852135;978
2;1741110853617;979
2;1741110860485;980
2;1741110864284;981
2;1741110864642;982
2;1741110864771;983
2;1741110865658;984
2;1741110867958;985
2;1741110870732;986
3;1741110872983;129
2;1741110891380;987
2;1741110896591;988
2;1741110899785;989
2;1741110903686;990
2;1741110905690;991
2;1741110913105;992
2;1741110920805;993
2;1741110937999;994
2;1741110940448;995
2;1741110942341;996
2;1741110942937;997
2;1741110946802;998
2;1741110951778;999
2;1741110958659;1000
2;1741110961228;1001
2;1741110966103;1002
2;1741110969405;1003
2;1741110971180;1004
2;1741110978119;1005
2;1741110979377;1006
2;1741110986650;1007
2;1741110995948;1008
2;1741111000626;1009
2;1741111005909;1010
2;1741111009559;1011
2;1741111016846;1012
2;1741111022041;1013
2;1741111025899;1014
2;1741111028597;1015
2;1741111036017;1016
2;1741111036981;1017
2;1741111039749;1018
2;1741111054166;1019
2;1741111060372;1020
2;1741111062890;1021
2;1741111063753;1022
2;1741111065383;1023
2;1741111067331;1024
2;1741111070093;1025
2;1741111089319;1026
2;1741111091901;1027
2;1741111092667;1028
2;1741111100188;1029
2;1741111103168;1030
2;1741111105109;1031
2;1741111107348;1032
2;1741111109408;1033
2;1741111126485;1034
2;1741111126946;1035
2;1741111134223;1036
2;1741111134852;1037
2;1741111137121;1038
2;1741111148957;1039
2;1741111159460;1040
2;1741111170127;1041
2;1741111170258;1042
2;1741111172243;1043
2;1741111173026;1044
2;1741111181224;1045
2;1741111181666;1046
2;1741111185704;1047
2;1741111195880;1048
2;1741111202708;1049
2;1741111202786;1050
2;1741111203143;1051
2;1741111209206;1052
2;1741111217094;1053
2;1741111226300;1054
2;1741111232724;1055
2;1741111239669;1056
2;1741111239735;1057
2;1741111244346;1058
2;1741111251370;1059
2;1741111255364;1060
2;1741111257253;1061
2;1741111261997;1062
2;1741111262556;1063
2;1741111268774;1064
2;1741111273936;1065
2;1741111284926;1066
2;1741111300604;1067
2;1741111304206;1068
2;1741111306482;1069
2;1741111308851;1070
2;1741111309732;1071
2;1741111313729;1072
2;1741111314330;1073
2;1741111323532;1074
2;1741111324099;1075
2;1741111338839;1076
2;1741111342253;1077
2;1741111346014;1078
2;1741111355484;1079
2;1741111356951;1080
2;1741111361419;1081
2;1741111363104;1082
2;1741111374894;1083
2;1741111376605;1084
2;1741111381600;1085
2;1741111381918;1086
2;1741111387754;1087
2;1741111404280;1088
2;1741111406756;1089
2;1741111413221;1090
2;1741111414301;1091
2;1741111418911;1092
2;1741111419916;1093
2;1741111426083;1094
2;1741111430382;1095
2;1741111437290;1096
2;1741111450024;1097
2;1741111452568;1098
2;1741111454423;1099
2;1741111457415;1100
2;1741111458275;1101
2;1741111459400;1102
2;1741111473461;1103
2;1741111478400;1104
2;1741111480931;1105
2;1741111482034;1106
2;1741111483305;1107
2;1741111487345;1108
2;1741111498106;1109
2;1741111500576;1110
2;1741111501654;1111
2;1741111514848;1112
2;1741111521182;1113
2;1741111524104;1114
2;1741111528261;1115
2;1741111533455;1116
2;1741111535524;1117
2;1741111541610;1118
2;1741111544010;1119
2;1741111544692;1120
2;1741111564071;1121
2;1741111575179;1122
2;1741111577668;1123
2;1741111580665;1124
2;1741111585024;1125
2;1741111586242;1126
2;1741111590647;1127
2;1741111596222;1128
2;1741111596464;1129
2;1741111597323;1130
2;1741111600079;1131
2;1741111610123;1132
2;1741111614608;1133
2;1741111626773;1134
2;1741111631042;1135
2;1741111638495;1136
2;1741111641113;1137
2;1741111641666;1138
2;1741111645626;1139
2;1741111647920;1140
2;1741111654421;1141
2;1741111658012;1142
2;1741111668345;1143
2;1741111675409;1144
2;1741111678282;1145
2;1741111687557;1146
2;1741111691175;1147
2;1741111692427;1148
2;1741111696039;1149
2;1741111697307;1150
2;1741111708069;1151
2;1741111716904;1152
2;1741111724747;1153
2;1741111727135;1154
2;1741111732303;1155
2;1741111737430;1156
2;1741111739337;1157
2;1741111744141;1158
2;1741111750405;1159
2;1741111764092;1160
2;1741111772658;1161
2;1741111773700;1162
2;1741111779616;1163
2;1741111781934;1164
2;1741111785913;1165
2;1741111792690;1166
2;1741111798794;1167
2;1741111802738;1168
2;1741111802797;1169
2;1741111802945;1170
2;1741111803705;1171
2;1741111809106;1172
2;1741111821326;1173
2;1741111823386;1174
2;1741111825960;1175
2;1741111827609;1176
2;1741111838553;1177
2;1741111846029;1178
2;1741111857167;1179
2;1741111859196;1180
2;1741111860272;1181
2;1741111871430;1182
2;1741111875843;1183
2;1741111877406;1184
2;1741111878713;1185
2;1741111888233;1186
2;1741111889379;1187
2;1741111894609;1188
2;1741111900586;1189
2;1741111903908;1190
2;1741111909958;1191
2;1741111919953;1192
2;1741111921563;1193
2;1741111923743;1194
2;1741111934470;1195
2;1741111941227;1196
2;1741111942053;1197
2;1741111942211;1198
2;1741111947614;1199
2;1741111950418;1200
2;1741111951971;1201
2;1741111956339;1202
2;1741111966280;1203
2;1741111967716;1204
2;1741111970889;1205
2;1741111985848;1206
2;1741111986962;1207
2;1741111994868;1208
2;1741111999742;1209
2;1741112000064;1210
2;1741112005150;1211
2;1741112010267;1212
2;1741112012078;1213
2;1741112021617;1214
2;1741112022409;1215
2;1741112029802;1216
2;1741112033487;1217
2;1741112035569;1218
2;1741112039681;1219
2;1741112046561;1220
2;1741112064327;1221
2;1741112071340;1222
2;1741112075863;1223
2;1741112078753;1224
2;1741112079105;1225
2;1741112079432;1226
2;1741112082013;1227
2;1741112088004;1228
2;1741112112705;1229
2;1741112113258;1230
2;1741112114799;1231
2;1741112118922;1232
2;1741112126990;1233
2;1741112129733;1234
2;1741112132471;1235
2;1741112134275;1236
2;1741112138615;1237
2;1741112146713;1238
2;1741112152131;1239
2;1741112155488;1240
2;1741112160965;1241
2;1741112164187;1242
2;1741112170936;1243
2;1741112174887;1244
2;1741112177611;1245
2;1741112184048;1246
2;1741112188385;1247
2;1741112189317;1248
2;1741112197247;1249
2;1741112201641;1250
2;1741112206928;1251
2;1741112213562;1252
2;1741112214569;1253
2;1741112221502;1254
2;1741112223287;1255
2;1741112241922;1256
2;1741112243749;1257
2;1741112247418;1258
2;1741112259497;1259
2;1741112265005;1260
2;1741112267118;1261
2;1741112272490;1262
2;1741112273624;1263
2;1741112277521;1264
2;1741112279162;1265
2;1741112282676;1266
2;1741112283324;1267
2;1741112285426;1268
2;1741112299824;1269
2;1741112302375;1270
2;1741112313145;1271
2;1741112315720;1272
2;1741112316241;1273
2;1741112320738;1274
2;1741112320931;1275
2;1741112335328;1276
2;1741112342079;1277
2;1741112355063;1278
2;1741112355869;1279
2;1741112356746;1280
2;1741112360798;1281
2;1741112370531;1282
2;1741112372416;1283
2;1741112375375;1284
2;1741112376428;1285
2;1741112380026;1286
2;1741112387022;1287
2;1741112403677;1288
2;1741112405918;1289
2;1741112406737;1290
2;1741112410380;1291
2;1741112414954;1292
2;1741112424494;1293
2;1741112426408;1294
2;1741112433872;1295
2;1741112437950;1296
2;1741112453558;1297
2;1741112460695;1298
2;1741112461347;1299
2;1741112462125;1300
2;1741112463522;1301
2;1741112463995;1302
2;1741112464580;1303
2;1741112469564;1304
2;1741112473230;1305
2;1741112478135;1306
2;1741112480962;1307
2;1741112504856;1308
2;1741112505400;1309
2;1741112507597;1310
2;1741112508462;1311
2;1741112515117;1312
2;1741112516785;1313
2;1741112518266;1314
2;1741112520973;1315
2;1741112538408;1316
2;1741112539415;1317
2;1741112540147;1318
2;1741112540479;1319
2;1741112557442;1320
2;1741112563041;1321
2;1741112566003;1322
2;1741112568666;1323
2;1741112568731;1324
2;1741112570080;1325
2;1741112587642;1326
2;1741112588606;1327
2;1741112592315;1328
2;1741112605744;1329
2;1741112608166;1330
2;1741112609691;1331
2;1741112611696;1332
2;1741112617824;1333
2;1741112627667;1334
2;1741112637025;1335
2;1741112639868;1336
2;1741112639990;1337
2;1741112641450;1338
2;1741112647888;1339
2;1741112656526;1340
2;1741112658578;1341
2;1741112664703;1342
2;1741112669102;1343
2;1741112673225;1344
2;1741112676852;1345
2;1741112694470;1346
2;1741112694497;1347
2;1741112705816;1348
2;1741112712115;1349
2;1741112714502;1350
2;1741112717955;1351
2;1741112726168;1352
2;1741112727757;1353
2;1741112727802;1354
2;1741112733824;1355
2;1741112734507;1356
2;1741112746883;1357
2;1741112748304;1358
2;1741112749942;1359
2;1741112750165;1360
2;1741112756145;1361
2;1741112768197;1362
2;1741112768464;1363
2;1741112782268;1364
2;1741112784766;1365
2;1741112785356;1366
2;1741112788053;1367
2;1741112791058;1368
2;1741112795475;1369
2;1741112801088;1370
2;1741112807136;1371
2;1741112816579;1372
2;1741112823439;1373
2;1741112825838;1374
2;1741112831374;1375
2;1741112838346;1376
2;1741112840113;1377
2;1741112845538;1378
2;1741112848978;1379
2;1741112857229;1380
2;1741112860387;1381
2;1741112864553;1382
2;1741112868124;1383
2;1741112870909;1384
2;1741112877696;1385
2;1741112888223;1386
2;1741112890588;1387
2;1741112902492;1388
2;1741112908776;1389
2;1741112909187;1390
2;1741112911671;1391
2;1741112914005;1392
2;1741112918665;1393
2;1741112922385;1394
2;1741112923555;1395
2;1741112927424;1396
2;1741112942289;1397
2;1741112944816;1398
2;1741112955002;1399
2;1741112956582;1400
2;1741112961274;1401
2;1741112964169;1402
2;1741112969603;1403
2;1741112975514;1404
2;1741112980814;1405
2;1741112983344;1406
2;1741112986132;1407
2;1741112986250;1408
2;1741112990081;1409
2;1741113006026;1410
2;1741113014713;1411
2;1741113017468;1412
2;1741113024317;1413
2;1741113027582;1414
2;1741113036306;1415
2;1741113039877;1416
2;1741113041385;1417
2;1741113047397;1418
2;1741113053006;1419
2;1741113056113;1420
2;1741113056463;1421
2;1741113060234;1422
2;1741113061586;1423
2;1741113061984;1424
2;1741113079018;1425
2;1741113081321;1426
2;1741113099052;1427
2;1741113102143;1428
2;1741113103506;1429
2;1741113107627;1430
2;1741113115464;1431
2;1741113124052;1432
2;1741113125523;1433
2;1741113128317;1434
2;1741113135852;1435
2;1741113140400;1436
2;1741113142331;1437
2;1741113148817;1438
2;1741113150391;1439
2;1741113158700;1440
2;1741113159962;1441
2;1741113163778;1442
2;1741113171681;1443
2;1741113172066;1444
2;1741113183446;1445
2;1741113189548;1446
2;1741113197307;1447
2;1741113200604;1448
2;1741113203249;1449
2;1741113208450;1450
2;1741113211616;1451
2;1741113220461;1452
2;1741113222982;1453
2;1741113230178;1454
2;1741113235803;1455
2;1741113242141;1456
2;1741113252689;1457
2;1741113253938;1458
2;1741113256154;1459
2;1741113259507;1460
2;1741113260316;1461
2;1741113263439;1462
2;1741113264673;1463
2;1741113270210;1464
2;1741113277443;1465
2;1741113290439;1466
2;1741113294187;1467
2;1741113295188;1468
2;1741113298842;1469
2;1741113303950;1470
2;1741113314266;1471
2;1741113314494;1472
2;1741113316004;1473
2;1741113325082;1474
2;1741113327569;1475
2;1741113330800;1476
2;1741113331423;1477
2;1741113335839;1478
2;1741113352912;1479
2;1741113356724;1480
2;1741113358561;1481
2;1741113366538;1482
2;1741113371154;1483
2;1741113374691;1484
2;1741113380094;1485
2;1741113383328;1486
2;1741113387456;1487
2;1741113394297;1488
2;1741113398319;1489
2;1741113404959;1490
2;1741113413814;1491
2;1741113423380;1492
2;1741113429762;1493
2;1741113437631;1494
2;1741113438305;1495
2;1741113441259;1496
2;1741113441861;1497
2;1741113443936;1498
2;1741113450705;1499
2;1741113463398;1500
2;1741113468060;1501
2;1741113468929;1502
2;1741113468965;1503
2;1741113470124;1504
2;1741113477726;1505
2;1741113480401;1506
2;1741113487614;1507
2;1741113487873;1508
2;1741113500826;1509
2;1741113505262;1510
2;1741113512694;1511
2;1741113515932;1512
2;1741113524341;1513
2;1741113527121;1514
2;1741113528926;1515
2;1741113534783;1516
2;1741113537481;1517
2;1741113540364;1518
2;1741113554611;1519
2;1741113557493;1520
2;1741113566958;1521
2;1741113567056;1522
2;1741113567712;1523
2;1741113569551;1524
2;1741113579280;1525
2;1741113580812;1526
2;1741113594869;1527
2;1741113596054;1528
2;1741113602972;1529
2;1741113604212;1530
2;1741113607139;1531
2;1741113615314;1532
2;1741113617986;1533
2;1741113632192;1534
2;1741113640102;1535
2;1741113640634;1536
2;1741113644082;1537
2;1741113647714;1538
2;1741113658650;1539
2;1741113661413;1540
2;1741113661643;1541
2;1741113663247;1542
2;1741113665957;1543
2;1741113667197;1544
2;1741113681676;1545
2;1741113682305;1546
2;1741113693396;1547
2;1741113699767;1548
2;1741113701645;1549
2;1741113703672;1550
2;1741113706800;1551
2;1741113724149;1552
2;1741113726352;1553
2;1741113728259;1554
2;1741113731134;1555
2;1741113738273;1556
2;1741113742010;1557
2;1741113742201;1558
2;1741113752847;1559
2;1741113756616;1560
2;1741113760201;1561
2;1741113765249;1562
2;1741113771609;1563
2;1741113775723;1564
2;1741113777572;1565
2;1741113779036;1566
2;1741113788691;1567
2;1741113794242;1568
2;1741113797311;1569
2;1741113805219;1570
2;1741113816311;1571
2;1741113821296;1572
2;1741113825300;1573
2;1741113828898;1574
2;1741113832323;1575
2;1741113839319;1576
2;1741113840192;1577
2;1741113849542;1578
2;1741113850264;1579
2;1741113853274;1580
2;1741113855756;1581
2;1741113861445;1582
2;1741113867021;1583
2;1741113871441;1584
2;1741113880723;1585
2;1741113894588;1586
2;1741113898058;1587
2;1741113900462;1588
2;1741113900760;1589
2;1741113901296;1590
2;1741113904046;1591
2;1741113907248;1592
2;1741113932980;1593
2;1741113933578;1594
2;1741113935480;1595
2;1741113941750;1596
2;1741113942265;1597
2;1741113943287;1598
2;1741113945595;1599
2;1741113950834;1600
2;1741113954529;1601
2;1741113967859;1602
2;1741113973690;1603
2;1741113978597;1604
2;1741113979403;1605
2;1741113984631;1606
2;1741113990852;1607
2;1741113995900;1608
2;1741114006645;1609
2;1741114008800;1610
2;1741114009840;1611
2;1741114014602;1612
2;1741114020591;1613
2;1741114027472;1614
2;1741114037686;1615
2;1741114040734;1616
2;1741114040857;1617
2;1741114042973;1618
2;1741114052142;1619
2;1741114052235;1620
2;1741114054616;1621
2;1741114070870;1622
2;1741114071020;1623
2;1741114077455;1624
2;1741114079311;1625
2;1741114081164;1626
2;1741114088071;1627
2;1741114088807;1628
2;1741114097716;1629
2;1741114113047;1630
2;1741114114756;1631
2;1741114116474;1632
2;1741114119191;1633
2;1741114122993;1634
2;1741114123127;1635
2;1741114134545;1636
2;1741114135866;1637
2;1741114145379;1638
2;1741114152700;1639
2;1741114163780;1640
2;1741114167861;1641
2;1741114169279;1642
2;1741114174971;1643
2;1741114178876;1644
2;1741114180112;1645
2;1741114185332;1646
2;1741114193899;1647
2;1741114199434;1648
2;1741114202699;1649
2;1741114202899;1650
2;1741114208332;1651
2;1741114219877;1652
2;1741114225170;1653
2;1741114230931;1654
2;1741114234691;1655
2;1741114242166;1656
2;1741114253772;1657
2;1741114255392;1658
2;1741114257284;1659
2;1741114260603;1660
2;1741114260834;1661
2;1741114264434;1662
2;1741114279282;1663
2;1741114284649;1664
2;1741114285339;1665
2;1741114286813;1666
2;1741114287599;1667
2;1741114293978;1668
2;1741114295342;1669
2;1741114309240;1670
2;1741114313678;1671
2;1741114324604;1672
2;1741114328199;1673
2;1741114332698;1674
2;1741114334713;1675
2;1741114336144;1676
2;1741114337358;1677
2;1741114345875;1678
2;1741114346562;1679
2;1741114348356;1680
2;1741114353516;1681
2;1741114361725;1682
2;1741114367725;1683
2;1741114376179;1684
2;1741114382990;1685
2;1741114392835;1686
2;1741114395288;1687
2;1741114401303;1688
2;1741114404996;1689
2;1741114409249;1690
2;1741114414634;1691
2;1741114415534;1692
2;1741114424503;1693
2;1741114429617;1694
2;1741114435095;1695
2;1741114435151;1696
2;1741114436680;1697
2;1741114440947;1698
2;1741114444953;1699
2;1741114446591;1700
2;1741114460784;1701
2;1741114463780;1702
2;1741114467366;1703
2;1741114474392;1704
2;1741114479098;1705
2;1741114480577;1706
2;1741114489069;1707
2;1741114491522;1708
2;1741114502206;1709
2;1741114507319;1710
2;1741114509808;1711
2;1741114518256;1712
2;1741114524202;1713
2;1741114527068;1714
2;1741114534129;1715
2;1741114535019;1716
2;1741114535240;1717
2;1741114537210;1718
2;1741114554490;1719
2;1741114556017;1720
2;1741114563509;1721
2;1741114576985;1722
2;1741114578514;1723
2;1741114580922;1724
2;1741114583364;1725
2;1741114586684;1726
2;1741114590079;1727
2;1741114592602;1728
2;1741114607913;1729
2;1741114608644;1730
2;1741114614326;1731
2;1741114621892;1732
2;1741114625684;1733
2;1741114626445;1734
2;1741114630478;1735
2;1741114632172;1736
2;1741114640510;1737
2;1741114655804;1738
2;1741114657096;1739
2;1741114661091;1740
2;1741114664528;1741
2;1741114665228;1742
2;1741114666840;1743
2;1741114670307;1744
2;1741114677427;1745
2;1741114677495;1746
2;1741114682825;1747
2;1741114683374;1748
2;1741114692536;1749
2;1741114694926;1750
2;1741114699669;1751
2;1741114707187;1752
2;1741114726432;1753
2;1741114731790;1754
2;1741114732114;1755
2;1741114733415;1756
2;1741114737194;1757
2;1741114749333;1758
2;1741114752902;1759
2;1741114760900;1760
2;1741114764838;1761
2;1741114768913;1762
2;1741114770153;1763
2;1741114774874;1764
2;1741114789286;1765
2;1741114792393;1766
2;1741114796677;1767
2;1741114799095;1768
2;1741114800493;1769
2;1741114804172;1770
2;1741114818955;1771
2;1741114820493;1772
2;1741114820850;1773
2;1741114823431;1774
2;1741114823451;1775
2;1741114833892;1776
2;1741114837170;1777
2;1741114842374;1778
2;1741114846736;1779
2;1741114855532;1780
2;1741114855887;1781
2;1741114865416;1782
2;1741114867940;1783
2;1741114876415;1784
2;1741114876983;1785
2;1741114882127;1786
2;1741114888987;1787
2;1741114901367;1788
2;1741114904059;1789
2;1741114905164;1790
2;1741114917118;1791
2;1741114919340;1792
2;1741114921034;1793
2;1741114928585;1794
2;1741114931896;1795
2;1741114936677;1796
2;1741114937235;1797
2;1741114943554;1798
2;1741114946753;1799
2;1741114950525;1800
2;1741114956392;1801
2;1741114973906;1802
2;1741114973938;1803
2;1741114977044;1804
2;1741114979449;1805
2;1741114982567;1806
2;1741114985854;1807
2;1741114992231;1808
2;1741114993736;1809
2;1741115003351;1810
2;1741115009834;1811
2;1741115019798;1812
2;1741115022634;1813
2;1741115025624;1814
2;1741115026783;1815
2;1741115027377;1816
2;1741115031611;1817
2;1741115037564;1818
2;1741115052198;1819
2;1741115053401;1820
2;1741115057369;1821
2;1741115062565;1822
2;1741115064057;1823
2;1741115066431;1824
2;1741115069509;1825
2;1741115085289;1826
2;1741115088352;1827
2;1741115092455;1828
2;1741115093730;1829
2;1741115096538;1830
2;1741115112109;1831
2;1741115121514;1832
2;1741115126338;1833
2;1741115127908;1834
2;1741115133549;1835
2;1741115134735;1836
2;1741115134750;1837
2;1741115137009;1838
2;1741115150240;1839
2;1741115152035;1840
2;1741115155978;1841
2;1741115164822;1842
2;1741115173017;1843
2;1741115174374;1844
2;1741115175827;1845
2;1741115177845;1846
2;1741115182841;1847
2;1741115183821;1848
2;1741115195639;1849
2;1741115199719;1850
2;1741115207721;1851
2;1741115223122;1852
2;1741115225914;1853
2;1741115240086;1854
2;1741115240312;1855
2;1741115243059;1856
2;1741115249705;1857
2;1741115249974;1858
2;1741115254381;1859
2;1741115255806;1860
2;1741115257508;1861
2;1741115265931;1862
2;1741115278318;1863
2;1741115281827;1864
2;1741115282293;1865
2;1741115287752;1866
2;1741115292696;1867
2;1741115293879;1868
2;1741115295682;1869
2;1741115296045;1870
2;1741115302144;1871
2;1741115319210;1872
2;1741115319793;1873
2;1741115331559;1874
2;1741115333254;1875
2;1741115338522;1876
2;1741115342350;1877
2;1741115346850;1878
2;1741115351008;1879
2;1741115351931;1880
2;1741115353546;1881
2;1741115358482;1882
2;1741115367586;1883
2;1741115377495;1884
2;1741115380939;1885
2;1741115382158;1886
2;1741115382202;1887
2;1741115388052;1888
2;1741115392853;1889
2;1741115402082;1890
2;1741115406144;1891
2;1741115409335;1892
2;1741115411331;1893
2;1741115424286;1894
2;1741115431913;1895
2;1741115433024;1896
2;1741115450410;1897
2;1741115452069;1898
2;1741115454982;1899
2;1741115456896;1900
2;1741115459334;1901
2;1741115460856;1902
2;1741115462571;1903
2;1741115468239;1904
2;1741115482698;1905
2;1741115483453;1906
2;1741115489855;1907
2;1741115490998;1908
2;1741115492269;1909
2;1741115496956;1910
2;1741115499408;1911
2;1741115509027;1912
2;1741115524686;1913
2;1741115524855;1914
2;1741115527676;1915
2;1741115530339;1916
2;1741115535294;1917
2;1741115538439;1918
2;1741115543441;1919
2;1741115550104;1920
2;1741115554952;1921
2;1741115560390;1922
3;1741115567983;130
2;1741115571326;1923
2;1741115572022;1924
2;1741115581281;1925
2;1741115583899;1926
2;1741115586761;1927
2;1741115588721;1928
2;1741115595236;1929
2;1741115604828;1930
2;1741115606312;1931
2;1741115612044;1932
2;1741115618127;1933
2;1741115618283;1934
2;1741115621299;1935
2;1741115628904;1936
2;1741115641343;1937
2;1741115643429;1938
2;1741115658139;1939
2;1741115662920;1940
2;1741115663582;1941
2;1741115665195;1942
2;1741115667971;1943
2;1741115669988;1944
2;1741115678850;1945
2;1741115680049;1946
2;1741115687795;1947
2;1741115694536;1948
2;1741115696745;1949
2;1741115697848;1950
2;1741115700513;1951
2;1741115714200;1952
2;1741115716641;1953
2;1741115719285;1954
2;1741115724932;1955
2;1741115744837;1956
2;1741115745524;1957
2;1741115748939;1958
2;1741115755852;1959
2;1741115756098;1960
2;1741115759971;1961
2;1741115773668;1962
2;1741115774939;1963
2;1741115780103;1964
2;1741115781179;1965
2;1741115786293;1966
2;1741115788492;1967
2;1741115792700;1968
2;1741115800735;1969
2;1741115801079;1970
2;1741115804577;1971
2;1741115806369;1972
2;1741115827632;1973
2;1741115828847;1974
2;1741115831966;1975
2;1741115836913;1976
2;1741115841007;1977
2;1741115841324;1978
2;1741115849452;1979
2;1741115854025;1980
2;1741115861617;1981
2;1741115865051;1982
2;1741115870913;1983
2;1741115883140;1984
2;1741115887161;1985
2;1741115893743;1986
2;1741115894866;1987
2;1741115897813;1988
2;1741115901986;1989
2;1741115902872;1990
2;1741115905344;1991
2;1741115910599;1992
2;1741115918048;1993
2;1741115928752;1994
2;1741115930954;1995
2;1741115935513;1996
2;1741115935559;1997
2;1741115937163;1998
2;1741115947954;1999
2;1741115949949;2000
2;1741115955238;2001
2;1741115959112;2002
2;1741115966676;2003
2;1741115987575;2004
2;1741115987876;2005
2;1741115991316;2006
2;1741115992265;2007
2;1741116004142;2008
2;1741116008204;2009
2;1741116014609;2010
2;1741116014753;2011
2;1741116017850;2012
2;1741116018175;2013
2;1741116023905;2014
2;1741116039760;2015
2;1741116042067;2016
2;1741116044093;2017
2;1741116045311;2018
2;1741116046042;2019
2;1741116065778;2020
2;1741116065908;2021
2;1741116069629;2022
2;1741116072646;2023
2;1741116080504;2024
2;1741116091231;2025
2;1741116093030;2026
2;1741116094142;2027
2;1741116100366;2028
2;1741116104023;2029
2;1741116106474;2030
2;1741116107145;2031
2;1741116108127;2032
2;1741116111637;2033
2;1741116119345;2034
2;1741116119616;2035
2;1741116134120;2036
2;1741116140453;2037
2;1741116146517;2038
2;1741116150620;2039
2;1741116162211;2040
2;1741116170324;2041
2;1741116170880;2042
2;1741116176936;2043
2;1741116183247;2044
2;1741116190404;2045
2;1741116190881;2046
2;1741116196570;2047
2;1741116203064;2048
2;1741116205232;2049
2;1741116207026;2050
2;1741116208436;2051
2;1741116217996;2052
2;1741116230706;2053
2;1741116232158;2054
2;1741116232708;2055
2;1741116236752;2056
2;1741116239816;2057
2;1741116244140;2058
2;1741116246954;2059
2;1741116253128;2060
2;1741116259606;2061
2;1741116261104;2062
2;1741116266804;2063
2;1741116273088;2064
2;1741116276863;2065
2;1741116279027;2066
2;1741116286138;2067
2;1741116287745;2068
2;1741116294040;2069
2;1741116307566;2070
2;1741116310774;2071
2;1741116316688;2072
2;1741116324071;2073
2;1741116329890;2074
2;1741116330081;2075
2;1741116332589;2076
2;1741116341959;2077
2;1741116345909;2078
2;1741116353414;2079
2;1741116357765;2080
2;1741116359270;2081
2;1741116363266;2082
2;1741116379062;2083
2;1741116381001;2084
2;1741116384692;2085
2;1741116389116;2086
2;1741116389966;2087
2;1741116390038;2088
2;1741116392029;2089
2;1741116409021;2090
2;1741116420240;2091
2;1741116423881;2092
2;1741116426684;2093
2;1741116429558;2094
2;1741116431060;2095
2;1741116431924;2096
2;1741116432973;2097
2;1741116434052;2098
2;1741116450578;2099
2;1741116456458;2100
2;1741116460169;2101
2;1741116462323;2102
2;1741116465928;2103
2;1741116476802;2104
2;1741116479808;2105
2;1741116487230;2106
2;1741116490904;2107
2;1741116494747;2108
2;1741116498220;2109
2;1741116499370;2110
2;1741116506818;2111
2;1741116512546;2112
2;1741116515663;2113
2;1741116519682;2114
2;1741116522779;2115
2;1741116522960;2116
2;1741116529099;2117
2;1741116547121;2118
2;1741116550675;2119
2;1741116555746;2120
2;1741116557721;2121
2;1741116566295;2122
2;1741116575697;2123
2;1741116576074;2124
2;1741116582539;2125
2;1741116589220;2126
2;1741116592952;2127
2;1741116600134;2128
2;1741116602036;2129
2;1741116610508;2130
2;1741116612422;2131
2;1741116612600;2132
2;1741116614668;2133
2;1741116621907;2134
2;1741116634383;2135
2;1741116637700;2136
2;1741116637818;2137
2;1741116650003;2138
2;1741116651827;2139
2;1741116656619;2140
2;1741116659899;2141
2;1741116660104;2142
2;1741116671684;2143
2;1741116678203;2144
2;1741116680823;2145
2;1741116681139;2146
2;1741116682913;2147
2;1741116689183;2148
2;1741116705900;2149
2;1741116705928;2150
2;1741116708863;2151
2;1741116712934;2152
2;1741116714586;2153
2;1741116716627;2154
2;1741116730561;2155
2;1741116739795;2156
2;1741116741836;2157
2;1741116752286;2158
2;1741116757668;2159
2;1741116763731;2160
2;1741116764001;2161
2;1741116769955;2162
2;1741116772134;2163
2;1741116779406;2164
2;1741116783653;2165
2;1741116785995;2166
2;1741116787628;2167
2;1741116798489;2168
2;1741116798920;2169
2;1741116804393;2170
2;1741116807364;2171
2;1741116815981;2172
2;1741116820264;2173
2;1741116820997;2174
2;1741116826517;2175
2;1741116826840;2176
2;1741116830399;2177
2;1741116830565;2178
2;1741116859432;2179
2;1741116861489;2180
2;1741116863651;2181
2;1741116872534;2182
2;1741116875296;2183
2;1741116878053;2184
2;1741116880035;2185
2;1741116880311;2186
2;1741116884690;2187
2;1741116885492;2188
2;1741116899120;2189
2;1741116901623;2190
2;1741116915601;2191
2;1741116918467;2192
2;1741116922479;2193
2;1741116930479;2194
2;1741116930738;2195
2;1741116933924;2196
2;1741116941096;2197
2;1741116947366;2198
2;1741116947748;2199
2;1741116954285;2200
2;1741116964330;2201
2;1741116966739;2202
2;1741116968774;2203
2;1741116971526;2204
2;1741116976401;2205
2;1741116977952;2206
2;1741116988637;2207
2;1741116995212;2208
2;1741117002838;2209
2;1741117011038;2210
2;1741117011445;2211
2;1741117021370;2212
2;1741117024407;2213
2;1741117031553;2214
2;1741117032326;2215
2;1741117032922;2216
2;1741117036067;2217
2;1741117038826;2218
2;1741117039750;2219
0;1741117039893;378
2;1741117040503;2220
0;1741117055324;379
2;1741117055422;2221
0;1741117058164;380
0;1741117060022;381
0;1741117061056;382
0;1741117063153;383
2;1741117068620;2222
2;1741117072930;2223
0;1741117076491;384
2;1741117080933;2224
2;1741117081436;2225
2;1741117084132;2226
0;1741117085840;385
0;1741117085870;386
2;1741117090503;2227
2;1741117091109;2228
2;1741117094090;2229
0;1741117094703;387
2;1741117096968;2230
0;1741117097606;388
2;1741117106183;2231
0;1741117106639;389
0;1741117107789;390
0;1741117111925;391
2;1741117112854;2232
2;1741117121215;2233
2;1741117121365;2234
2;1741117124374;2235
0;1741117125037;392
2;1741117128885;2236
2;1741117135215;2237
0;1741117137282;393
0;1741117139159;394
0;1741117145794;395
0;1741117147382;396
0;1741117148283;397
2;1741117149791;2238
2;1741117153832;2239
0;1741117154999;398
2;1741117155038;2240
2;1741117163159;2241
0;1741117163719;399
0;1741117169153;400
2;1741117170745;2242
0;1741117171702;401
2;1741117175538;2243
2;1741117178587;2244
0;1741117178685;402
2;1741117179065;2245
2;1741117180815;2246
0;1741117187030;403
2;1741117189173;2247
0;1741117189575;404
0;1741117189637;405
2;1741117194687;2248
0;1741117195196;406
0;1741117196934;407
0;1741117200383;408
0;1741117200516;409
2;1741117204921;2249
0;1741117206630;410
2;1741117207541;2250
2;1741117216049;2251
0;1741117216092;411
2;1741117216533;2252
2;1741117216891;2253
0;1741117220236;412
2;1741117220954;2254
0;1741117221464;413
0;1741117222506;414
2;1741117231468;2255
2;1741117233355;2256
0;1741117235001;415
0;1741117235031;416
2;1741117236787;2257
0;1741117239048;417
2;1741117245833;2258
0;1741117251383;418
2;1741117252932;2259
0;1741117255594;419
2;1741117259070;2260
0;1741117259601;420
0;1741117260725;421
0;1741117262153;422
2;1741117268047;2261
2;1741117268506;2262
2;1741117274337;2263
2;1741117275755;2264
0;1741117277536;423
0;1741117278150;424
2;1741117279581;2265
2;1741117284734;2266
2;1741117285786;2267
2;1741117288120;2268
2;1741117289049;2269
0;1741117289632;425
0;1741117293279;426
0;1741117303469;427
2;1741117304840;2270
2;1741117306530;2271
0;1741117308444;428
2;1741117314543;2272
0;1741117314978;429
2;1741117318572;2273
0;1741117319205;430
0;1741117319244;431
0;1741117325918;432
2;1741117328465;2274
2;1741117330346;2275
0;1741117331379;433
2;1741117334086;2276
2;1741117335813;2277
0;1741117339240;434
0;1741117345635;435
0;1741117347143;436
0;1741117347976;437
0;1741117348784;438
2;1741117349304;2278
2;1741117349679;2279
0;1741117350567;439
2;1741117353194;2280
2;1741117354988;2281
2;1741117356067;2282
2;1741117357477;2283
0;1741117366827;440
2;1741117369894;2284
0;1741117374203;441
0;1741117378432;442
0;1741117379226;443
2;1741117382115;2285
0;1741117383449;444
0;1741117386940;445
2;1741117392585;2286
0;1741117394406;446
0;1741117398240;447
2;1741117399637;2287
0;1741117399886;448
2;1741117401388;2288
0;1741117402273;449
2;1741117403376;2289
2;1741117405704;2290
2;1741117407270;2291
0;1741117410163;450
2;1741117410788;2292
0;1741117418027;451
0;1741117421015;452
2;1741117421453;2293
0;1741117423872;453
2;1741117426658;2294
2;1741117427270;2295
0;1741117434996;454
2;1741117445294;2296
2;1741117445316;2297
0;1741117445371;455
0;1741117447898;456
2;1741117448811;2298
0;1741117454173;457
2;1741117454421;2299
2;1741117454887;2300
2;1741117456586;2301
0;1741117459780;458
0;1741117462885;459
0;1741117465006;460
2;1741117465453;2302
0;1741117467809;461
2;1741117470528;2303
0;1741117471516;462
0;1741117471527;463
0;1741117471891;464
2;1741117478111;2304
0;1741117483123;465
2;1741117484259;2305
2;1741117487106;2306
2;1741117487139;2307
2;1741117487449;2308
0;1741117489032;466
2;1741117490103;2309
2;1741117490657;2310
0;1741117493913;467
2;1741117498004;2311
0;1741117501932;468
2;1741117509871;2312
0;1741117510170;469
2;1741117513813;2313
0;1741117515459;470
0;1741117516511;471
2;1741117520259;2314
0;1741117524937;472
2;1741117525536;2315
0;1741117527343;473
0;1741117532809;474
0;1741117533621;475
2;1741117537305;2316
2;1741117541981;2317
0;1741117547313;476
0;1741117548284;477
0;1741117549484;478
0;1741117551530;479
2;1741117553526;2318
2;1741117553648;2319
2;1741117556299;2320
2;1741117558598;2321
2;1741117560990;2322
0;1741117563210;480
0;1741117564700;481
2;1741117567716;2323
0;1741117568210;482
0;1741117568467;483
2;1741117575849;2324
0;1741117580740;484
2;1741117582176;2325
2;1741117583255;2326
2;1741117586233;2327
0;1741117589918;485
2;1741117594831;2328
2;1741117598221;2329
0;1741117598765;486
0;1741117600741;487
0;1741117604638;488
2;1741117606817;2330
0;1741117610289;489
2;1741117612538;2331
0;1741117616405;490
2;1741117617029;2332
0;1741117620494;491
2;1741117622431;2333
0;1741117622681;492
0;1741117623603;493
2;1741117629411;2334
2;1741117633468;2335
0;1741117633744;494
0;1741117633902;495
2;1741117633943;2336
2;1741117635701;2337
0;1741117639287;496
2;1741117644339;2338
0;1741117644850;497
2;1741117650334;2339
0;1741117652182;498
2;1741117654156;2340
0;1741117657821;499
2;1741117658392;2341
0;1741117661936;500
0;1741117663149;501
2;1741117663988;2342
2;1741117667833;2343
0;1741117677207;502
0;1741117677571;503
0;1741117679719;504
0;1741117684075;505
2;1741117684195;2344
2;1741117685148;2345
2;1741117685991;2346
2;1741117687831;2347
0;1741117688624;506
0;1741117693391;507
2;1741117695614;2348
0;1741117701848;508
0;1741117701884;509
2;1741117705234;2349
2;1741117707220;2350
0;1741117710806;510
2;1741117713540;2351
2;1741117713713;2352
0;1741117719989;511
2;1741117723264;2353
2;1741117725157;2354
0;1741117725820;512
2;1741117726303;2355
0;1741117726772;513
0;1741117727198;514
2;1741117728986;2356
0;1741117731166;515
0;1741117739634;516
0;1741117740287;517
2;1741117740719;2357
0;1741117741541;518
2;1741117748978;2358
2;1741117749434;2359
0;1741117755411;519
0;1741117758833;520
0;1741117759470;521
2;1741117759559;2360
2;1741117760693;2361
2;1741117766033;2362
2;1741117766416;2363
0;1741117767122;522
0;1741117771985;523
2;1741117773879;2364
0;1741117775532;524
0;1741117777503;525
2;1741117781210;2365
2;1741117786996;2366
2;1741117787287;2367
0;1741117791894;526
2;1741117793969;2368
0;1741117795462;527
2;1741117800792;2369
2;1741117801634;2370
0;1741117804380;528
2;1741117806666;2371
0;1741117807937;529
2;1741117810154;2372
0;1741117814344;530
0;1741117815624;531
2;1741117815702;2373
2;1741117819776;2374
2;1741117821789;2375
0;1741117825432;532
0;1741117826477;533
2;1741117827076;2376
0;1741117829557;534
2;1741117831121;2377
0;1741117838801;535
2;1741117840708;2378
0;1741117841238;536
0;1741117845235;537
0;1741117845388;538
2;1741117851498;2379
2;1741117858810;2380
0;1741117860918;539
0;1741117862080;540
0;1741117863686;541
2;1741117864990;2381
0;1741117865401;542
2;1741117866776;2382
2;1741117868453;2383
0;1741117872895;543
2;1741117878559;2384
0;1741117883194;544
2;1741117889023;2385
0;1741117889071;545
2;1741117891822;2386
0;1741117895857;546
2;1741117898004;2387
2;1741117900201;2388
2;1741117900448;2389
0;1741117902362;547
0;1741117904603;548
0;1741117905257;549
2;1741117908277;2390
0;1741117913030;550
2;1741117914407;2391
0;1741117915722;551
2;1741117916056;2392
2;1741117916877;2393
0;1741117917042;552
2;1741117918172;2394
2;1741117920723;2395
0;1741117922627;553
0;1741117924969;554
2;1741117930684;2396
0;1741117933815;555
0;1741117940501;556
2;1741117941718;2397
0;1741117949491;557
0;1741117952873;558
2;1741117953411;2398
0;1741117953928;559
2;1741117956870;2399
2;1741117959328;2400
0;1741117960250;560
2;1741117964633;2401
2;1741117966173;2402
0;1741117967694;561
0;1741117970972;562
2;1741117973207;2403
0;1741117973609;563
2;1741117977738;2404
0;1741117979177;564
2;1741117983355;2405
2;1741117988899;2406
2;1741117989173;2407
0;1741117990423;565
2;1741117994180;2408
0;1741117998382;566
0;1741117998881;567
2;1741118000104;2409
2;1741118002097;2410
0;1741118003478;568
2;1741118007050;2411
0;1741118008913;569
2;1741118009403;2412
0;1741118014021;570
0;1741118014832;571
0;1741118016259;572
2;1741118017608;2413
2;1741118019064;2414
0;1741118019536;573
2;1741118024075;2415
0;1741118024230;574
2;1741118024782;2416
0;1741118032133;575
0;1741118039367;576
2;1741118046818;2417
2;1741118047180;2418
2;1741118048288;2419
0;1741118049209;577
0;1741118050967;578
0;1741118052752;579
0;1741118055853;580
2;1741118059257;2420
0;1741118059523;581
0;1741118060168;582
2;1741118061005;2421
2;1741118067725;2422
2;1741118070381;2423
0;1741118074113;583
2;1741118074970;2424
2;1741118083663;2425
0;1741118085104;584
0;1741118086298;585
0;1741118092744;586
2;1741118093416;2426
2;1741118095594;2427
0;1741118099272;587
2;1741118099489;2428
2;1741118100438;2429
2;1741118103906;2430
0;1741118104687;588
0;1741118108691;589
2;1741118110451;2431
2;1741118111355;2432
0;1741118112303;590
0;1741118115000;591
0;1741118115311;592
2;1741118118574;2433
0;1741118122820;593
2;1741118126110;2434
0;1741118129886;594
2;1741118130292;2435
2;1741118130968;2436
0;1741118141132;595
0;1741118142485;596
0;1741118145712;597
2;1741118147322;2437
2;1741118148475;2438
0;1741118148549;598
0;1741118148909;599
2;1741118154815;2439
2;1741118155775;2440
0;1741118161711;600
2;1741118168076;2441
0;1741118170467;601
2;1741118170851;2442
2;1741118171948;2443
2;1741118174487;2444
0;1741118178167;602
2;1741118178562;2445
2;1741118178581;2446
0;1741118180856;603
0;1741118183186;604
0;1741118184432;605
0;1741118190483;606
2;1741118190998;2447
2;1741118193359;2448
0;1741118195553;607
2;1741118200153;2449
2;1741118202303;2450
0;1741118202496;608
0;1741118204053;609
2;1741118205550;2451
0;1741118214445;610
2;1741118215257;2452
0;1741118216597;611
0;1741118218164;612
2;1741118221128;2453
0;1741118223432;613
0;1741118226459;614
2;1741118231958;2454
0;1741118233329;615
2;1741118233845;2455
2;1741118234861;2456
2;1741118236813;2457
2;1741118237624;2458
0;1741118238801;616
0;1741118244181;617
2;1741118245430;2459
2;1741118247294;2460
0;1741118249280;618
2;1741118250604;2461
0;1741118250891;619
0;1741118258094;620
0;1741118260033;621
0;1741118262421;622
2;1741118267889;2462
2;1741118273566;2463
0;1741118276210;623
0;1741118279466;624
2;1741118279480;2464
2;1741118279992;2465
0;1741118281233;625
0;1741118284658;626
2;1741118288368;2466
2;1741118290409;2467
0;1741118291698;627
0;1741118293280;628
2;1741118293570;2468
2;1741118295788;2469
2;1741118297208;2470
2;1741118301944;2471
0;1741118304865;629
2;1741118306205;2472
0;1741118307514;630
0;1741118313908;631
0;1741118314730;632
0;1741118314968;633
2;1741118316454;2473
2;1741118317592;2474
2;1741118327499;2475
0;1741118330781;634
2;1741118337933;2476
0;1741118339847;635
2;1741118343422;2477
0;1741118344255;636
0;1741118345391;637
2;1741118346053;2478
2;1741118352859;2479
2;1741118355160;2480
2;1741118355709;2481
2;1741118359790;2482
0;1741118360868;638
0;1741118364595;639
0;1741118368625;640
2;1741118371610;2483
0;1741118371958;641
0;1741118373031;642
0;1741118375428;643
2;1741118376087;2484
2;1741118376956;2485
2;1741118379199;2486
0;1741118379426;644
0;1741118383150;645
0;1741118387129;646
2;1741118391393;2487
2;1741118393566;2488
0;1741118397539;647
0;1741118400159;648
0;1741118404373;649
0;1741118405619;650
2;1741118407572;2489
2;1741118409150;2490
2;1741118409736;2491
0;1741118413309;651
0;1741118419999;652
2;1741118420170;2492
2;1741118426158;2493
0;1741118428074;653
0;1741118428952;654
2;1741118429273;2494
2;1741118431803;2495
2;1741118435373;2496
0;1741118437998;655
2;1741118439790;2497
0;1741118440232;656
2;1741118441925;2498
0;1741118443221;657
0;1741118445089;658
0;1741118449057;659
2;1741118450561;2499
2;1741118452627;2500
2;1741118461557;2501
0;1741118462979;660
2;1741118464528;2502
0;1741118465981;661
2;1741118467587;2503
2;1741118469143;2504
0;1741118469684;662
0;1741118473679;663
0;1741118480419;664
2;1741118486251;2505
0;1741118489134;665
2;1741118489475;2506
0;1741118489875;666
2;1741118491606;2507
0;1741118496203;667
2;1741118499935;2508
0;1741118501597;668
0;1741118502655;669
2;1741118503704;2509
0;1741118506932;670
0;1741118511506;671
2;1741118511676;2510
0;1741118513355;672
0;1741118515172;673
2;1741118520887;2511
2;1741118523255;2512
2;1741118524705;2513
0;1741118526638;674
0;1741118529676;675
2;1741118533706;2514
2;1741118533719;2515
2;1741118536898;2516
2;1741118537150;2517
0;1741118538077;676
2;1741118541084;2518
0;1741118545595;677
0;1741118550869;678
2;1741118550918;2519
2;1741118551602;2520
2;1741118553214;2521
2;1741118557052;2522
0;1741118563750;679
0;1741118564716;680
0;1741118566606;681
0;1741118569589;682
0;1741118570107;683
0;1741118574231;684
2;1741118574431;2523
2;1741118576197;2524
0;1741118580177;685
2;1741118589582;2525
2;1741118591741;2526
0;1741118593901;686
2;1741118598390;2527
0;1741118600585;687
0;1741118601139;688
2;1741118601152;2528
2;1741118601875;2529
2;1741118602840;2530
0;1741118603780;689
2;1741118608035;2531
2;1741118612897;2532
0;1741118615310;690
2;1741118623402;2533
0;1741118624372;691
0;1741118624664;692
0;1741118631872;693
0;1741118635618;694
2;1741118636278;2534
0;1741118638572;695
2;1741118643590;2535
0;1741118646071;696
0;1741118646461;697
2;1741118646490;2536
0;1741118648229;698
2;1741118649632;2537
2;1741118650999;2538
2;1741118652358;2539
0;1741118654670;699
2;1741118665073;2540
0;1741118665130;700
2;1741118665874;2541
2;1741118671182;2542
2;1741118672278;2543
2;1741118673821;2544
2;1741118675089;2545
0;1741118675578;701
2;1741118682270;2546
0;1741118683090;702
2;1741118683311;2547
0;1741118683519;703
0;1741118683553;704
0;1741118684153;705
2;1741118686623;2548
2;1741118689534;2549
0;1741118690014;706
0;1741118695325;707
0;1741118697311;708
2;1741118700254;2550
2;1741118702182;2551
0;1741118704909;709
2;1741118723775;2552
2;1741118730836;2553
2;1741118735510;2554
2;1741118737516;2555
2;1741118737956;2556
2;1741118746181;2557
2;1741118749550;2558
2;1741118749576;2559
2;1741118749831;2560
2;1741118758201;2561
2;1741118767777;2562
2;1741118770686;2563
2;1741118775457;2564
2;1741118787749;2565
2;1741118788349;2566
2;1741118796201;2567
2;1741118796277;2568
2;1741118797053;2569
2;1741118810045;2570
2;1741118810245;2571
2;1741118813444;2572
2;1741118818048;2573
2;1741118818654;2574
2;1741118820286;2575
2;1741118829981;2576
2;1741118842621;2577
2;1741118844606;2578
2;1741118849163;2579
2;1741118853361;2580
2;1741118859763;2581
2;1741118864290;2582
2;1741118877770;2583
2;1741118878387;2584
2;1741118878481;2585
2;1741118879927;2586
2;1741118887442;2587
2;1741118888537;2588
2;1741118893137;2589
2;1741118898371;2590
2;1741118914690;2591
2;1741118917067;2592
2;1741118920192;2593
2;1741118922480;2594
2;1741118927410;2595
2;1741118931592;2596
2;1741118937714;2597
2;1741118941237;2598
2;1741118943304;2599
2;1741118952165;2600
2;1741118960209;2601
2;1741118970973;2602
2;1741118975546;2603
2;1741118987936;2604
2;1741118992087;2605
2;1741118993817;2606
2;1741118994209;2607
2;1741118996021;2608
2;1741118996799;2609
2;1741118997472;2610
2;1741119022919;2611
2;1741119023076;2612
2;1741119023692;2613
2;1741119025407;2614
2;1741119033837;2615
2;1741119037886;2616
2;1741119038738;2617
2;1741119041531;2618
2;1741119057085;2619
2;1741119058283;2620
2;1741119058715;2621
2;1741119070223;2622
2;1741119072417;2623
2;1741119077377;2624
2;1741119080835;2625
2;1741119081148;2626
2;1741119086129;2627
2;1741119086708;2628
2;1741119097660;2629
2;1741119110881;2630
2;1741119114343;2631
2;1741119124391;2632
2;1741119125617;2633
2;1741119130748;2634
2;1741119135772;2635
2;1741119142356;2636
2;1741119149824;2637
2;1741119152544;2638
2;1741119152864;2639
2;1741119152965;2640
2;1741119162707;2641
2;1741119166241;2642
2;1741119169308;2643
2;1741119174373;2644
2;1741119180992;2645
2;1741119190617;2646
2;1741119196694;2647
2;1741119197584;2648
2;1741119198473;2649
2;1741119198528;2650
2;1741119206759;2651
2;1741119227360;2652
2;1741119229906;2653
2;1741119232043;2654
2;1741119235474;2655
2;1741119236138;2656
2;1741119237254;2657
2;1741119240524;2658
2;1741119252295;2659
2;1741119260229;2660
2;1741119260774;2661
2;1741119265451;2662
2;1741119270734;2663
2;1741119272104;2664
2;1741119281282;2665
2;1741119282619;2666
2;1741119283947;2667
2;1741119294439;2668
2;1741119300154;2669
2;1741119300572;2670
2;1741119306164;2671
2;1741119325367;2672
2;1741119326393;2673
2;1741119335046;2674
2;1741119335987;2675
2;1741119344315;2676
2;1741119348762;2677
2;1741119352132;2678
2;1741119352180;2679
2;1741119357192;2680
2;1741119362000;2681
2;1741119362791;2682
2;1741119363569;2683
2;1741119369618;2684
2;1741119376007;2685
2;1741119380832;2686
2;1741119387718;2687
2;1741119392108;2688
2;1741119394951;2689
2;1741119399085;2690
2;1741119407375;2691
2;1741119410143;2692
2;1741119420758;2693
2;1741119423016;2694
2;1741119427834;2695
2;1741119434219;2696
2;1741119435650;2697
2;1741119442304;2698
2;1741119452863;2699
2;1741119458337;2700
2;1741119458406;2701
2;1741119458443;2702
2;1741119461859;2703
2;1741119467378;2704
2;1741119477134;2705
2;1741119490553;2706
2;1741119493431;2707
2;1741119500572;2708
2;1741119509341;2709
2;1741119509772;2710
2;1741119513297;2711
2;1741119517632;2712
2;1741119518907;2713
2;1741119530883;2714
2;1741119531914;2715
2;1741119535099;2716
2;1741119537076;2717
2;1741119540661;2718
2;1741119551699;2719
2;1741119560989;2720
2;1741119562783;2721
2;1741119565776;2722
2;1741119566747;2723
2;1741119574307;2724
2;1741119579132;2725
2;1741119584771;2726
2;1741119593877;2727
2;1741119594823;2728
2;1741119603174;2729
2;1741119607021;2730
2;1741119615994;2731
2;1741119617695;2732
2;1741119627960;2733
2;1741119632708;2734
2;1741119632814;2735
2;1741119641786;2736
2;1741119642123;2737
2;1741119648474;2738
2;1741119650512;2739
2;1741119652182;2740
2;1741119659669;2741
2;1741119664663;2742
2;1741119665201;2743
2;1741119670462;2744
2;1741119676065;2745
2;1741119690284;2746
2;1741119694782;2747
2;1741119703219;2748
2;1741119703541;2749
2;1741119704878;2750
2;1741119709970;2751
2;1741119711698;2752
2;1741119721658;2753
2;1741119724793;2754
2;1741119726269;2755
2;1741119727432;2756
2;1741119746748;2757
2;1741119752064;2758
2;1741119754586;2759
2;1741119754957;2760
2;1741119755879;2761
2;1741119756331;2762
2;1741119765188;2763
2;1741119769982;2764
2;1741119780855;2765
2;1741119783601;2766
2;1741119784414;2767
2;1741119790860;2768
2;1741119791099;2769
2;1741119798191;2770
2;1741119810337;2771
2;1741119811041;2772
2;1741119811664;2773
2;1741119827581;2774
2;1741119829682;2775
2;1741119833389;2776
2;1741119836166;2777
2;1741119842367;2778
2;1741119856467;2779
2;1741119864809;2780
2;1741119870671;2781
2;1741119872295;2782
2;1741119877406;2783
2;1741119877817;2784
2;1741119879507;2785
2;1741119888926;2786
2;1741119889848;2787
2;1741119896210;2788
2;1741119902031;2789
2;1741119904017;2790
2;1741119907328;2791
2;1741119915619;2792
2;1741119925254;2793
2;1741119925673;2794
2;1741119926384;2795
2;1741119930874;2796
2;1741119932120;2797
2;1741119939072;2798
2;1741119942998;2799
2;1741119952816;2800
2;1741119966764;2801
2;1741119973349;2802
2;1741119973371;2803
2;1741119976526;2804
2;1741119977002;2805
2;1741119982941;2806
2;1741119983261;2807
2;1741119989880;2808
2;1741119990610;2809
2;1741119993831;2810
2;1741120011020;2811
2;1741120012735;2812
2;1741120016288;2813
2;1741120021771;2814
2;1741120029915;2815
2;1741120034004;2816
2;1741120040447;2817
2;1741120043016;2818
2;1741120054802;2819
2;1741120055532;2820
2;1741120055705;2821
2;1741120062221;2822
2;1741120064306;2823
2;1741120066304;2824
2;1741120080975;2825
2;1741120081018;2826
2;1741120083190;2827
2;1741120107264;2828
2;1741120110083;2829
2;1741120110828;2830
2;1741120116461;2831
2;1741120120787;2832
2;1741120121138;2833
2;1741120121448;2834
2;1741120127615;2835
2;1741120129566;2836
2;1741120140556;2837
2;1741120143491;2838
2;1741120145433;2839
2;1741120154654;2840
2;1741120166882;2841
2;1741120171804;2842
2;1741120175886;2843
2;1741120177935;2844
2;1741120180328;2845
2;1741120182559;2846
2;1741120190865;2847
2;1741120193165;2848
2;1741120202767;2849
2;1741120207685;2850
2;1741120208450;2851
2;1741120213394;2852
2;1741120219340;2853
2;1741120231871;2854
2;1741120231887;2855
2;1741120237860;2856
2;1741120243001;2857
2;1741120243131;2858
2;1741120246768;2859
2;1741120250897;2860
2;1741120253354;2861
2;1741120263226;2862
2;1741120264369;2863
2;1741120274659;2864
2;1741120278261;2865
2;1741120282514;2866
2;1741120287575;2867
2;1741120292326;2868
2;1741120294409;2869
2;1741120295433;2870
2;1741120301500;2871
2;1741120314121;2872
2;1741120314909;2873
2;1741120327189;2874
2;1741120327645;2875
2;1741120333599;2876
2;1741120337613;2877
2;1741120351502;2878
2;1741120354022;2879
2;1741120360911;2880
2;1741120370550;2881
2;1741120370779;2882
2;1741120372158;2883
2;1741120382583;2884
2;1741120390007;2885
2;1741120390117;2886
2;1741120390598;2887
2;1741120399706;2888
2;1741120402739;2889
2;1741120407892;2890
2;1741120413504;2891
2;1741120415082;2892
2;1741120424138;2893
2;1741120435986;2894
2;1741120443775;2895
2;1741120446526;2896
2;1741120448328;2897
2;1741120448567;2898
2;1741120452099;2899
2;1741120454767;2900
2;1741120462653;2901
2;1741120464280;2902
2;1741120468897;2903
2;1741120470159;2904
2;1741120479007;2905
2;1741120481166;2906
2;1741120484948;2907
2;1741120486738;2908
2;1741120487859;2909
2;1741120515071;2910
2;1741120517460;2911
2;1741120518150;2912
2;1741120520220;2913
2;1741120521186;2914
2;1741120521942;2915
2;1741120524988;2916
2;1741120545701;2917
2;1741120549891;2918
2;1741120554317;2919
2;1741120557484;2920
2;1741120569479;2921
2;1741120570634;2922
2;1741120576465;2923
2;1741120578933;2924
2;1741120581559;2925
2;1741120582963;2926
2;1741120584929;2927
2;1741120604857;2928
2;1741120605598;2929
2;1741120606522;2930
2;1741120606544;2931
2;1741120608768;2932
2;1741120622050;2933
2;1741120627363;2934
2;1741120628440;2935
2;1741120630559;2936
2;1741120635971;2937
2;1741120638132;2938
2;1741120654847;2939
2;1741120659023;2940
2;1741120668313;2941
2;1741120669029;2942
2;1741120672156;2943
2;1741120674002;2944
2;1741120676954;2945
2;1741120684909;2946
2;1741120689955;2947
2;1741120693073;2948
2;1741120701172;2949
2;1741120707205;2950
2;1741120708211;2951
2;1741120713478;2952
2;1741120714413;2953
2;1741120727327;2954
3;1741120727976;131
2;1741120729874;2955
2;1741120739013;2956
2;1741120741629;2957
2;1741120743835;2958
2;1741120746338;2959
2;1741120747169;2960
2;1741120747836;2961
2;1741120767111;2962
2;1741120774577;2963
2;1741120777547;2964
2;1741120779064;2965
2;1741120783001;2966
2;1741120783979;2967
2;1741120785084;2968
2;1741120790905;2969
2;1741120810785;2970
2;1741120811707;2971
2;1741120819671;2972
2;1741120819772;2973
2;1741120828340;2974
2;1741120836287;2975
2;1741120839878;2976
2;1741120842588;2977
2;1741120850600;2978
2;1741120853620;2979
2;1741120855010;2980
0;1741120862527;710
0;1741120863694;711
0;1741120864590;712
2;1741120866130;2981
2;1741120869506;2982
0;1741120869947;713
2;1741120870344;2983
0;1741120874154;714
2;1741120878730;2984
2;1741120883981;2985
2;1741120885661;2986
0;1741120888292;715
0;1741120888319;716
2;1741120889078;2987
2;1741120895843;2988
2;1741120898625;2989
0;1741120901225;717
0;1741120903374;718
0;1741120904086;719
0;1741120904968;720
0;1741120907486;721
2;1741120909152;2990
2;1741120911232;2991
2;1741120911539;2992
2;1741120927909;2993
2;1741120932354;2994
0;1741120933715;722
0;1741120933932;723
2;1741120935099;2995
0;1741120937136;724
2;1741120938925;2996
2;1741120940690;2997
0;1741120940892;725
2;1741120942678;2998
2;1741120942691;2999
0;1741120946860;726
0;1741120949963;727
0;1741120953589;728
0;1741120957971;729
2;1741120959359;3000
0;1741120959439;730
2;1741120960373;3001
0;1741120963135;731
2;1741120964996;3002
0;1741120966450;732
2;1741120972171;3003
0;1741120973759;733
0;1741120976524;734
2;1741120976560;3004
2;1741120983525;3005
0;1741120985528;735
2;1741120989917;3006
0;1741120991732;736
0;1741120994588;737
2;1741120994637;3007
2;1741120994869;3008
0;1741120995641;738
2;1741120996259;3009
0;1741121003014;739
0;1741121006982;740
2;1741121009611;3010
0;1741121009638;741
2;1741121011697;3011
2;1741121016043;3012
0;1741121021742;742
2;1741121023815;3013
2;1741121024370;3014
2;1741121024659;3015
0;1741121036315;743
2;1741121039832;3016
0;1741121040179;744
0;1741121040433;745
2;1741121044080;3017
0;1741121044503;746
2;1741121046450;3018
0;1741121048207;747
2;1741121051921;3019
2;1741121052517;3020
0;1741121054913;748
0;1741121055816;749
0;1741121058278;750
0;1741121065428;751
2;1741121068528;3021
2;1741121068894;3022
2;1741121070019;3023
2;1741121074884;3024
0;1741121078019;752
0;1741121079842;753
2;1741121082205;3025
0;1741121082534;754
2;1741121085401;3026
0;1741121089240;755
2;1741121095704;3027
0;1741121096096;756
0;1741121096599;757
2;1741121098476;3028
0;1741121102224;758
2;1741121105763;3029
0;1741121111216;759
2;1741121112375;3030
0;1741121113944;760
2;1741121114476;3031
2;1741121115725;3032
2;1741121118253;3033
2;1741121120678;3034
2;1741121121985;3035
0;1741121122663;761
0;1741121124106;762
0;1741121125569;763
0;1741121132601;764
2;1741121133095;3036
0;1741121138629;765
2;1741121141297;3037
2;1741121141901;3038
0;1741121145474;766
0;1741121149181;767
0;1741121153370;768
2;1741121154103;3039
2;1741121155526;3040
2;1741121156029;3041
0;1741121157572;769
2;1741121161945;3042
2;1741121166775;3043
0;1741121168387;770
2;1741121168583;3044
0;1741121169811;771
0;1741121172883;772
2;1741121181485;3045
2;1741121183117;3046
0;1741121185382;773
2;1741121188489;3047
0;1741121194002;774
0;1741121194240;775
2;1741121199145;3048
0;1741121200486;776
0;1741121202647;777
2;1741121203433;3049
0;1741121205289;778
0;1741121207636;779
2;1741121207647;3050
0;1741121208414;780
2;1741121212489;3051
2;1741121212596;3052
0;1741121214063;781
0;1741121215437;782
0;1741121216575;783
2;1741121218911;3053
2;1741121219736;3054
0;1741121226543;784
2;1741121226916;3055
2;1741121236668;3056
0;1741121242880;785
0;1741121244990;786
0;1741121245594;787
2;1741121247870;3057
2;1741121248185;3058
0;1741121249465;788
0;1741121250060;789
0;1741121253774;790
2;1741121256192;3059
0;1741121260898;791
0;1741121261806;792
2;1741121263170;3060
2;1741121264040;3061
0;1741121265286;793
0;1741121268131;794
2;1741121268175;3062
2;1741121272151;3063
2;1741121279877;3064
2;1741121280901;3065
0;1741121285500;795
2;1741121288042;3066
2;1741121288859;3067
0;1741121289935;796
2;1741121290625;3068
0;1741121291209;797
0;1741121296803;798
2;1741121298277;3069
0;1741121298532;799
0;1741121304101;800
2;1741121304606;3070
2;1741121309714;3071
0;1741121317148;801
2;1741121318070;3072
2;1741121318389;3073
0;1741121321988;802
0;1741121323417;803
0;1741121323715;804
2;1741121324980;3074
0;1741121325037;805
2;1741121331243;3075
2;1741121334581;3076
0;1741121339224;806
2;1741121343651;3077
0;1741121345832;807
2;1741121351160;3078
0;1741121354648;808
2;1741121356030;3079
2;1741121356894;3080
0;1741121360739;809
0;1741121361431;810
0;1741121363877;811
2;1741121364414;3081
2;1741121366639;3082
0;1741121367694;812
2;1741121368441;3083
0;1741121370290;813
2;1741121375665;3084
2;1741121376278;3085
0;1741121380338;814
0;1741121387783;815
0;1741121391587;816
0;1741121392353;817
2;1741121395719;3086
2;1741121398190;3087
0;1741121399390;818
2;1741121401200;3088
0;1741121402144;819
2;1741121403072;3089
2;1741121405600;3090
0;1741121406517;820
0;1741121407492;821
2;1741121417091;3091
2;1741121420348;3092
2;1741121427862;3093
0;1741121428651;822
0;1741121431214;823
0;1741121433240;824
0;1741121434213;825
2;1741121437118;3094
2;1741121439208;3095
0;1741121439275;826
0;1741121442510;827
2;1741121445758;3096
2;1741121450656;3097
0;1741121450877;828
2;1741121454743;3098
2;1741121454817;3099
2;1741121455521;3100
0;1741121459663;829
0;1741121460627;830
0;1741121460953;831
2;1741121463200;3101
2;1741121463669;3102
0;1741121466825;832
0;1741121469585;833
2;1741121473302;3103
2;1741121475368;3104
2;1741121475810;3105
0;1741121488562;834
2;1741121489217;3106
0;1741121489973;835
2;1741121491953;3107
2;1741121492676;3108
0;1741121497667;836
0;1741121500253;837
2;1741121500390;3109
2;1741121503322;3110
2;1741121505664;3111
0;1741121509872;838
0;1741121510342;839
2;1741121515527;3112
2;1741121515766;3113
2;1741121517393;3114
0;1741121519608;840
0;1741121522047;841
0;1741121522948;842
2;1741121523409;3115
0;1741121527650;843
0;1741121531175;844
2;1741121533779;3116
0;1741121534811;845
2;1741121537104;3117
0;1741121538194;846
2;1741121539815;3118
2;1741121540462;3119
0;1741121550515;847
2;1741121551021;3120
2;1741121552810;3121
0;1741121554639;848
0;1741121555497;849
2;1741121555844;3122
0;1741121561211;850
0;1741121565648;851
0;1741121566912;852
2;1741121572918;3123
0;1741121574256;853
2;1741121576788;3124
2;1741121583107;3125
0;1741121583425;854
2;1741121585277;3126
0;1741121587953;855
0;1741121588092;856
2;1741121595308;3127
0;1741121595622;857
0;1741121599311;858
2;1741121600155;3128
2;1741121600193;3129
0;1741121602597;859
2;1741121602610;3130
0;1741121609948;860
2;1741121613497;3131
0;1741121616326;861
2;1741121618531;3132
2;1741121623222;3133
0;1741121624525;862
2;1741121627575;3134
0;1741121630046;863
0;1741121630480;864
0;1741121635374;865
2;1741121636822;3135
2;1741121639752;3136
2;1741121641498;3137
2;1741121642802;3138
0;1741121642895;866
0;1741121644555;867
0;1741121646534;868
0;1741121652571;869
2;1741121652957;3139
2;1741121654857;3140
0;1741121654986;870
0;1741121658103;871
0;1741121665603;872
0;1741121665675;873
2;1741121667048;3141
2;1741121669475;3142
2;1741121669804;3143
0;1741121672504;874
2;1741121679001;3144
2;1741121683433;3145
2;1741121687495;3146
0;1741121687507;875
0;1741121688356;876
0;1741121689448;877
2;1741121694812;3147
2;1741121695879;3148
0;1741121696398;878
2;1741121698104;3149
2;1741121699994;3150
0;1741121704505;879
2;1741121707977;3151
0;1741121710614;880
0;1741121714353;881
0;1741121715434;882
2;1741121716245;3152
0;1741121716798;883
2;1741121720694;3153
2;1741121721606;3154
2;1741121722894;3155
0;1741121727886;884
0;1741121728869;885
2;1741121734967;3156
2;1741121735270;3157
2;1741121737037;3158
2;1741121740329;3159
0;1741121740829;886
0;1741121742338;887
2;1741121749404;3160
2;1741121753116;3161
0;1741121757774;888
2;1741121758063;3162
0;1741121759162;889
2;1741121759868;3163
0;1741121764216;890
2;1741121768199;3164
2;1741121768455;3165
0;1741121768832;891
0;1741121774645;892
0;1741121775856;893
0;1741121777015;894
0;1741121782338;895
0;1741121782685;896
2;1741121785166;3166
2;1741121789293;3167
0;1741121795566;897
2;1741121798902;3168
0;1741121801889;898
0;1741121802154;899
2;1741121806083;3169
0;1741121806100;900
2;1741121810383;3170
0;1741121810748;901
0;1741121812446;902
2;1741121815042;3171
2;1741121816778;3172
2;1741121820735;3173
0;1741121820801;903
2;1741121820925;3174
2;1741121828956;3175
0;1741121836850;904
2;1741121837154;3176
0;1741121837885;905
2;1741121843759;3177
0;1741121844421;906
0;1741121844847;907
2;1741121847729;3178
2;1741121848016;3179
2;1741121848640;3180
0;1741121848730;908
2;1741121849342;3181
0;1741121856656;909
2;1741121859594;3182
0;1741121859793;910
0;1741121863456;911
0;1741121868569;912
2;1741121871097;3183
0;1741121872548;913
0;1741121873877;914
2;1741121874492;3184
0;1741121875839;915
0;1741121878426;916
2;1741121878780;3185
2;1741121878798;3186
2;1741121884991;3187
0;1741121887722;917
0;1741121890511;918
2;1741121898755;3188
0;1741121898783;919
2;1741121903369;3189
2;1741121904798;3190
2;1741121905973;3191
2;1741121912269;3192
0;1741121919292;920
0;1741121920360;921
0;1741121923392;922
2;1741121923913;3193
2;1741121924306;3194
0;1741121926258;923
2;1741121927549;3195
2;1741121927998;3196
0;1741121929295;924
0;1741121931893;925
0;1741121933575;926
0;1741121935305;927
2;1741121936847;3197
0;1741121940302;928
2;1741121944699;3198
2;1741121949898;3199
2;1741121950763;3200
0;1741121953418;929
2;1741121955347;3201
0;1741121962141;930
0;1741121964278;931
2;1741121969347;3202
0;1741121969493;932
2;1741121970808;3203
2;1741121971867;3204
2;1741121971902;3205
0;1741121972859;933
2;1741121973952;3206
0;1741121974385;934
2;1741121978082;3207
0;1741121978402;935
2;1741121988841;3208
0;1741121994721;936
0;1741121996259;937
0;1741121997457;938
0;1741122003195;939
0;1741122004557;940
2;1741122007125;3209
2;1741122009872;3210
2;1741122010261;3211
2;1741122012258;3212
2;1741122015660;3213
0;1741122016835;941
0;1741122018324;942
2;1741122021847;3214
0;1741122028007;943
2;1741122028574;3215
2;1741122031292;3216
0;1741122036240;944
0;1741122039334;945
2;1741122039605;3217
0;1741122040315;946
0;1741122042155;947
2;1741122042495;3218
2;1741122044494;3219
0;1741122046151;948
2;1741122046590;3220
2;1741122047626;3221
0;1741122051739;949
2;1741122057612;3222
2;1741122058042;3223
0;1741122060385;950
0;1741122064676;951
2;1741122070914;3224
2;1741122072500;3225
2;1741122073563;3226
0;1741122075660;952
0;1741122076568;953
0;1741122083709;954
0;1741122084399;955
0;1741122086382;956
2;1741122092649;3227
0;1741122104014;957
2;1741122104712;3228
2;1741122107717;3229
2;1741122108358;3230
2;1741122108589;3231
0;1741122109239;958
0;1741122109906;959
0;1741122113514;960
2;1741122117241;3232
0;1741122117291;961
2;1741122118700;3233
2;1741122120411;3234
0;1741122122656;962
2;1741122127466;3235
2;1741122129736;3236
2;1741122130350;3237
2;1741122132702;3238
0;1741122133472;963
0;1741122135228;964
0;1741122138999;965
2;1741122139545;3239
0;1741122142527;966
0;1741122148066;967
0;1741122148311;968
0;1741122153641;969
0;1741122154124;970
2;1741122161177;3240
2;1741122161963;3241
2;1741122164507;3242
2;1741122167346;3243
0;1741122168472;971
0;1741122169471;972
2;1741122170722;3244
0;1741122175187;973
0;1741122176389;974
0;1741122178660;975
2;1741122180235;3245
2;1741122180661;3246
2;1741122185977;3247
0;1741122191078;976
0;1741122191107;977
2;1741122194864;3248
0;1741122196513;978
2;1741122203988;3249
2;1741122204237;3250
0;1741122205457;979
0;1741122206101;980
2;1741122210603;3251
0;1741122210822;981
2;1741122217810;3252
0;1741122219790;982
0;1741122223548;983
2;1741122225200;3253
0;1741122228366;984
2;1741122233821;3254
0;1741122234106;985
0;1741122236175;986
2;1741122239808;3255
2;1741122242677;3256
2;1741122244827;3257
2;1741122246284;3258
0;1741122246523;987
0;1741122249910;988
2;1741122250355;3259
2;1741122252240;3260
0;1741122254886;989
2;1741122256861;3261
0;1741122257172;990
2;1741122259857;3262
2;1741122259953;3263
0;1741122264924;991
0;1741122265626;992
0;1741122271375;993
2;1741122279702;3264
0;1741122279902;994
2;1741122282885;3265
2;1741122284018;3266
2;1741122285131;3267
2;1741122285522;3268
0;1741122286742;995
0;1741122295961;996
0;1741122298486;997
2;1741122301426;3269
0;1741122301844;998
0;1741122302831;999
2;1741122306794;3270
0;1741122307501;1000
0;1741122312282;1001
2;1741122314623;3271
2;1741122323895;3272
0;1741122325365;1002
2;1741122325517;3273
2;1741122325638;3274
2;1741122326236;3275
0;1741122327058;1003
0;1741122328137;1004
0;1741122333578;1005
2;1741122335812;3276
0;1741122335925;1006
2;1741122345674;3277
0;1741122346365;1007
0;1741122348080;1008
2;1741122353122;3278
0;1741122353323;1009
2;1741122356356;3279
0;1741122360147;1010
0;1741122362626;1011
2;1741122369457;3280
2;1741122369691;3281
0;1741122370196;1012
0;1741122370931;1013
2;1741122371251;3282
0;1741122372390;1014
2;1741122372454;3283
2;1741122374422;3284
0;1741122384067;1015
0;1741122385676;1016
2;1741122386175;3285
2;1741122386525;3286
0;1741122390339;1017
0;1741122397667;1018
2;1741122399496;3287
2;1741122399908;3288
0;1741122400194;1019
2;1741122400231;3289
2;1741122400836;3290
2;1741122410231;3291
0;1741122411250;1020
0;1741122423526;1021
2;1741122424083;3292
2;1741122424608;3293
2;1741122425501;3294
0;1741122427937;1022
0;1741122430947;1023
0;1741122432028;1024
0;1741122433385;1025
2;1741122433993;3295
0;1741122434551;1026
2;1741122435897;3296
0;1741122439971;1027
2;1741122440628;3297
2;1741122441282;3298
0;1741122442330;1028
2;1741122446154;3299
2;1741122452672;3300
2;1741122460920;3301
0;1741122461036;1029
0;1741122461711;1030
2;1741122463603;3302
0;1741122469861;1031
0;1741122476011;1032
0;1741122477805;1033
0;1741122478707;1034
2;1741122480651;3303
0;1741122482823;1035
2;1741122483606;3304
2;1741122484026;3305
0;1741122485732;1036
2;1741122488803;3306
2;1741122490486;3307
0;1741122492876;1037
0;1741122493903;1038
0;1741122494538;1039
2;1741122494713;3308
2;1741122496813;3309
2;1741122498844;3310
0;1741122501543;1040
2;1741122507559;3311
2;1741122511928;3312
0;1741122519059;1041
2;1741122520696;3313
0;1741122523672;1042
0;1741122525750;1043
0;1741122528019;1044
2;1741122528524;3314
0;1741122530745;1045
0;1741122530878;1046
2;1741122534635;3315
0;1741122535139;1047
2;1741122541241;3316
0;1741122544248;1048
2;1741122544437;3317
2;1741122545931;3318
2;1741122547053;3319
2;1741122552924;3320
2;1741122553094;3321
0;1741122558118;1049
0;1741122565068;1050
2;1741122567675;3322
0;1741122567758;1051
2;1741122571028;3323
0;1741122575500;1052
2;1741122579148;3324
2;1741122579655;3325
2;1741122581171;3326
2;1741122582286;3327
2;1741122584186;3328
0;1741122584300;1053
0;1741122584511;1054
0;1741122587052;1055
0;1741122587762;1056
2;1741122587796;3329
0;1741122597461;1057
0;1741122598198;1058
0;1741122602271;1059
0;1741122604567;1060
2;1741122606178;3330
2;1741122608026;3331
2;1741122614010;3332
0;1741122614600;1061
2;1741122616135;3333
0;1741122616801;1062
0;1741122618707;1063
0;1741122624815;1064
2;1741122626519;3334
2;1741122631359;3335
2;1741122634493;3336
0;1741122635758;1065
0;1741122640349;1066
2;1741122644970;3337
0;1741122645979;1067
2;1741122646817;3338
0;1741122650718;1068
2;1741122653947;3339
2;1741122655227;3340
0;1741122657681;1069
0;1741122659143;1070
2;1741122660632;3341
2;1741122663715;3342
0;1741122666103;1071
0;1741122667183;1072
2;1741122673216;3343
2;1741122677703;3344
0;1741122679618;1073
2;1741122680616;3345
2;1741122682209;3346
0;1741122682805;1074
2;1741122687270;3347
2;1741122687425;3348
0;1741122690723;1075
2;1741122691597;3349
0;1741122695930;1076
0;1741122697163;1077
0;1741122697274;1078
2;1741122699558;3350
2;1741122705186;3351
2;1741122705857;3352
0;1741122705909;1079
0;1741122715604;1080
2;1741122716501;3353
0;1741122722328;1081
0;1741122728753;1082
2;1741122728814;3354
2;1741122729071;3355
0;1741122730859;1083
0;1741122734089;1084
2;1741122734422;3356
0;1741122737416;1085
2;1741122739307;3357
2;1741122744489;3358
0;1741122747269;1086
0;1741122747455;1087
2;1741122747929;3359
0;1741122748687;1088
0;1741122750120;1089
0;1741122755382;1090
2;1741122759917;3360
0;1741122762176;1091
2;1741122763239;3361
2;1741122769692;3362
2;1741122772707;3363
0;1741122777058;1092
0;1741122778724;1093
0;1741122779084;1094
2;1741122784249;3364
0;1741122784306;1095
0;1741122785019;1096
2;1741122786378;3365
2;1741122787747;3366
2;1741122792909;3367
2;1741122796165;3368
0;1741122797437;1097
2;1741122798114;3369
2;1741122800338;3370
0;1741122800644;1098
0;1741122808195;1099
0;1741122808404;1100
2;1741122810109;3371
0;1741122811535;1101
2;1741122814799;3372
0;1741122816234;1102
0;1741122816778;1103
0;1741122816932;1104
2;1741122817908;3373
2;1741122824121;3374
2;1741122824690;3375
0;1741122830271;1105
0;1741122836101;1106
2;1741122836135;3376
2;1741122836804;3377
2;1741122842539;3378
0;1741122846913;1107
0;1741122847659;1108
2;1741122858153;3379
0;1741122858862;1109
0;1741122865291;1110
0;1741122865560;1111
2;1741122868054;3380
2;1741122868557;3381
0;1741122869271;1112
2;1741122869518;3382
0;1741122871335;1113
2;1741122874442;3383
2;1741122877043;3384
0;1741122878587;1114
2;1741122878797;3385
2;1741122884204;3386
2;1741122888064;3387
0;1741122890430;1115
0;1741122891069;1116
2;1741122893929;3388
0;1741122896121;1117
2;1741122896838;3389
0;1741122902478;1118
0;1741122904148;1119
0;1741122906074;1120
2;1741122907297;3390
2;1741122912100;3391
0;1741122916292;1121
2;1741122917100;3392
2;1741122918861;3393
2;1741122919866;3394
2;1741122923396;3395
0;1741122923503;1122
0;1741122924109;1123
0;1741122925612;1124
2;1741122936893;3396
0;1741122937012;1125
2;1741122937602;3397
0;1741122940099;1126
2;1741122943333;3398
0;1741122945303;1127
0;1741122946556;1128
0;1741122949342;1129
0;1741122952101;1130
2;1741122952158;3399
2;1741122956153;3400
2;1741122958681;3401
0;1741122959953;1131
0;1741122962527;1132
0;1741122965390;1133
0;1741122967062;1134
2;1741122972267;3402
2;1741122975258;3403
2;1741122975387;3404
2;1741122977282;3405
2;1741122980568;3406
2;1741122987243;3407
0;1741122987886;1135
2;1741122988824;3408
2;1741122994922;3409
0;1741122996862;1136
0;1741122997158;1137
0;1741123001490;1138
0;1741123001867;1139
0;1741123002215;1140
2;1741123005090;3410
2;1741123011609;3411
2;1741123020771;3412
2;1741123021489;3413
2;1741123024238;3414
0;1741123025846;1141
0;1741123026971;1142
0;1741123027228;1143
2;1741123038393;3415
0;1741123041193;1144
2;1741123041204;3416
2;1741123041587;3417
0;1741123042480;1145
2;1741123042540;3418
2;1741123043903;3419
0;1741123047570;1146
0;1741123050505;1147
2;1741123051020;3420
0;1741123051867;1148
0;1741123053008;1149
0;1741123053610;1150
0;1741123065596;1151
2;1741123066042;3421
2;1741123075200;3422
2;1741123077027;3423
0;1741123079662;1152
2;1741123079904;3424
0;1741123082753;1153
0;1741123083115;1154
0;1741123085121;1155
2;1741123086399;3425
2;1741123086959;3426
2;1741123087570;3427
0;1741123088646;1156
0;1741123093164;1157
0;1741123097876;1158
2;1741123097968;3428
0;1741123100210;1159
2;1741123105229;3429
2;1741123105941;3430
0;1741123107606;1160
0;1741123111645;1161
0;1741123111809;1162
2;1741123111839;3431
2;1741123113252;3432
2;1741123115772;3433
2;1741123116817;3434
0;1741123117323;1163
0;1741123126140;1164
2;1741123129478;3435
0;1741123130179;1165
2;1741123133375;3436
0;1741123138170;1166
2;1741123139383;3437
0;1741123143708;1167
0;1741123149081;1168
2;1741123149360;3438
0;1741123151366;1169
2;1741123155772;3439
2;1741123160616;3440
2;1741123160792;3441
2;1741123161534;3442
2;1741123161707;3443
2;1741123163407;3444
0;1741123169856;1170
0;1741123173534;1171
2;1741123176091;3445
2;1741123176663;3446
0;1741123177725;1172
2;1741123178381;3447
0;1741123182052;1173
0;1741123188181;1174
0;1741123189333;1175
2;1741123193004;3448
0;1741123193478;1176
0;1741123198992;1177
0;1741123199618;1178
0;1741123199673;1179
0;1741123200019;1180
2;1741123202900;3449
2;1741123203845;3450
2;1741123204511;3451
0;1741123214151;1181
2;1741123220162;3452
0;1741123221267;1182
0;1741123223484;1183
0;1741123227060;1184
0;1741123227462;1185
0;1741123231146;1186
2;1741123232380;3453
2;1741123233573;3454
2;1741123235985;3455
2;1741123236862;3456
0;1741123237007;1187
2;1741123240473;3457
2;1741123241625;3458
2;1741123243724;3459
2;1741123246065;3460
2;1741123248389;3461
0;1741123255723;1188
0;1741123256073;1189
2;1741123258948;3462
2;1741123260897;3463
0;1741123263693;1190
0;1741123270088;1191
0;1741123274813;1192
0;1741123275143;1193
0;1741123276162;1194
2;1741123277738;3464
0;1741123281128;1195
2;1741123285370;3465
2;1741123287264;3466
0;1741123289488;1196
2;1741123291512;3467
0;1741123291904;1197
2;1741123293631;3468
2;1741123299067;3469
2;1741123301109;3470
0;1741123302885;1198
0;1741123303217;1199
2;1741123311570;3471
2;1741123315795;3472
0;1741123316545;1200
0;1741123317344;1201
0;1741123318532;1202
2;1741123319673;3473
2;1741123319926;3474
0;1741123328881;1203
2;1741123329864;3475
2;1741123337657;3476
0;1741123341824;1204
2;1741123345679;3477
2;1741123346385;3478
0;1741123346609;1205
0;1741123346941;1206
0;1741123350361;1207
2;1741123352729;3479
0;1741123354154;1208
2;1741123354524;3480
0;1741123357477;1209
2;1741123361334;3481
0;1741123365622;1210
2;1741123367388;3482
2;1741123369100;3483
0;1741123371504;1211
0;1741123371532;1212
0;1741123372199;1213
0;1741123374638;1214
0;1741123380046;1215
2;1741123381682;3484
2;1741123384156;3485
0;1741123385864;1216
2;1741123390059;3486
2;1741123392624;3487
2;1741123394213;3488
2;1741123398062;3489
2;1741123398976;3490
0;1741123400195;1217
0;1741123400414;1218
0;1741123402511;1219
0;1741123406826;1220
2;1741123407300;3491
2;1741123408563;3492
2;1741123412949;3493
2;1741123413899;3494
0;1741123417335;1221
0;1741123421742;1222
0;1741123423134;1223
0;1741123424459;1224
2;1741123431001;3495
0;1741123435776;1225
2;1741123439648;3496
2;1741123439680;3497
0;1741123440352;1226
2;1741123441989;3498
0;1741123442229;1227
2;1741123442450;3499
0;1741123446775;1228
2;1741123454991;3500
0;1741123462568;1229
2;1741123463681;3501
2;1741123466768;3502
2;1741123467640;3503
0;1741123469004;1230
0;1741123469614;1231
0;1741123469708;1232
0;1741123476519;1233
2;1741123477630;3504
0;1741123482800;1234
0;1741123483820;1235
2;1741123486301;3505
2;1741123487616;3506
0;1741123491914;1236
2;1741123492447;3507
2;1741123492772;3508
0;1741123500254;1237
0;1741123500524;1238
0;1741123503431;1239
2;1741123506367;3509
0;1741123507130;1240
2;1741123507417;3510
0;1741123511617;1241
2;1741123515083;3511
0;1741123521447;1242
2;1741123522044;3512
2;1741123525065;3513
0;1741123525323;1243
0;1741123526368;1244
2;1741123528397;3514
0;1741123531050;1245
2;1741123531642;3515
2;1741123533166;3516
2;1741123539328;3517
2;1741123539770;3518
0;1741123542324;1246
2;1741123546572;3519
0;1741123547564;1247
2;1741123549888;3520
0;1741123550697;1248
0;1741123557539;1249
0;1741123561585;1250
2;1741123564154;3521
0;1741123565480;1251
0;1741123569370;1252
2;1741123570418;3522
2;1741123570804;3523
0;1741123572146;1253
2;1741123574958;3524
0;1741123575338;1254
2;1741123575682;3525
2;1741123576051;3526
0;1741123586300;1255
0;1741123586472;1256
2;1741123588582;3527
2;1741123588632;3528
0;1741123591574;1257
2;1741123594563;3529
0;1741123597805;1258
2;1741123608223;3530
2;1741123611299;3531
2;1741123613468;3532
2;1741123614900;3533
0;1741123616004;1259
0;1741123616380;1260
0;1741123617043;1261
2;1741123617837;3534
0;1741123618025;1262
2;1741123622842;3535
0;1741123623436;1263
0;1741123636372;1264
0;1741123636645;1265
0;1741123641304;1266
2;1741123642641;3536
2;1741123643206;3537
2;1741123644462;3538
0;1741123645577;1267
0;1741123645716;1268
2;1741123651730;3539
2;1741123653236;3540
2;1741123654318;3541
0;1741123655366;1269
0;1741123657359;1270
2;1741123666867;3542
0;1741123667657;1271
0;1741123669254;1272
0;1741123671184;1273
2;1741123671533;3543
0;1741123678577;1274
0;1741123682072;1275
0;1741123682519;1276
2;1741123682922;3544
2;1741123686620;3545
2;1741123687389;3546
0;1741123693682;1277
0;1741123698831;1278
0;1741123699458;1279
2;1741123700094;3547
2;1741123700915;3548
0;1741123701347;1280
0;1741123706460;1281
2;1741123707059;3549
0;1741123710603;1282
2;1741123712782;3550
2;1741123720561;3551
2;1741123723953;3552
2;1741123725365;3553
0;1741123726165;1283
0;1741123726928;1284
2;1741123726980;3554
0;1741123727999;1285
2;1741123733948;3555
2;1741123737057;3556
2;1741123737664;3557
2;1741123739668;3558
2;1741123742842;3559
0;1741123751245;1286
0;1741123753176;1287
0;1741123754553;1288
0;1741123755591;1289
0;1741123756058;1290
2;1741123757755;3560
0;1741123760350;1291
2;1741123760476;3561
2;1741123767005;3562
0;1741123774922;1292
2;1741123775280;3563
0;1741123779425;1293
0;1741123782561;1294
2;1741123782662;3564
0;1741123783355;1295
2;1741123783424;3565
0;1741123787802;1296
0;1741123790475;1297
2;1741123790551;3566
2;1741123792252;3567
2;1741123793816;3568
0;1741123795665;1298
2;1741123796593;3569
0;1741123797337;1299
2;1741123808226;3570
2;1741123810343;3571
0;1741123812550;1300
0;1741123813408;1301
2;1741123814883;3572
0;1741123817250;1302
0;1741123817706;1303
2;1741123819822;3573
0;1741123824321;1304
2;1741123830198;3574
0;1741123831076;1305
2;1741123834221;3575
0;1741123835266;1306
2;1741123835479;3576
2;1741123840081;3577
2;1741123844466;3578
2;1741123850551;3579
2;1741123861262;3580
2;1741123867077;3581
2;1741123869042;3582
2;1741123873110;3583
2;1741123879408;3584
2;1741123882319;3585
2;1741123887868;3586
2;1741123891416;3587
2;1741123897499;3588
2;1741123901340;3589
2;1741123905576;3590
2;1741123913274;3591
2;1741123915021;3592
2;1741123923216;3593
2;1741123926337;3594
2;1741123927091;3595
2;1741123928128;3596
2;1741123932583;3597
2;1741123947924;3598
2;1741123951768;3599
2;1741123957758;3600
2;1741123959788;3601
2;1741123967175;3602
2;1741123970604;3603
3;1741123972983;132
2;1741123975078;3604
2;1741123978096;3605
2;1741123988718;3606
2;1741123991963;3607
2;1741124000448;3608
2;1741124001182;3609
2;1741124001955;3610
2;1741124012844;3611
2;1741124016129;3612
2;1741124020691;3613
2;1741124020967;3614
2;1741124022147;3615
2;1741124035833;3616
2;1741124036450;3617
2;1741124039599;3618
2;1741124049962;3619
2;1741124054941;3620
2;1741124059039;3621
2;1741124068927;3622
2;1741124069992;3623
2;1741124079573;3624
2;1741124083459;3625
2;1741124087100;3626
2;1741124088095;3627
2;1741124094408;3628
2;1741124098150;3629
2;1741124104606;3630
2;1741124105992;3631
2;1741124112107;3632
2;1741124115236;3633
2;1741124118656;3634
2;1741124119592;3635
2;1741124127208;3636
2;1741124134453;3637
2;1741124141982;3638
2;1741124144825;3639
2;1741124146578;3640
2;1741124155648;3641
2;1741124158696;3642
2;1741124167403;3643
2;1741124167762;3644
2;1741124173092;3645
2;1741124188477;3646
2;1741124189063;3647
2;1741124191604;3648
2;1741124200503;3649
2;1741124204691;3650
2;1741124212459;3651
2;1741124218461;3652
2;1741124220292;3653
2;1741124224805;3654
2;1741124229843;3655
2;1741124234896;3656
2;1741124235041;3657
2;1741124248275;3658
2;1741124248856;3659
2;1741124249011;3660
2;1741124267677;3661
2;1741124268720;3662
2;1741124269206;3663
2;1741124270106;3664
2;1741124271987;3665
2;1741124283376;3666
2;1741124285415;3667
2;1741124287836;3668
2;1741124291551;3669
2;1741124297185;3670
2;1741124312850;3671
2;1741124314080;3672
2;1741124316728;3673
2;1741124326095;3674
2;1741124334365;3675
2;1741124336069;3676
2;1741124338810;3677
2;1741124344289;3678
2;1741124349010;3679
2;1741124352321;3680
2;1741124354971;3681
2;1741124359788;3682
2;1741124366712;3683
2;1741124368283;3684
2;1741124376717;3685
2;1741124384390;3686
2;1741124399351;3687
2;1741124409212;3688
2;1741124411892;3689
2;1741124419865;3690
2;1741124423944;3691
2;1741124424647;3692
2;1741124425023;3693
2;1741124427941;3694
2;1741124435593;3695
2;1741124437203;3696
2;1741124437406;3697
2;1741124445515;3698
2;1741124445585;3699
2;1741124447008;3700
2;1741124469775;3701
2;1741124472846;3702
2;1741124477350;3703
2;1741124477635;3704
2;1741124479666;3705
2;1741124483479;3706
2;1741124486060;3707
2;1741124492052;3708
2;1741124495548;3709
2;1741124502346;3710
2;1741124503589;3711
2;1741124513282;3712
2;1741124519186;3713
2;1741124521912;3714
2;1741124534966;3715
2;1741124538614;3716
2;1741124540172;3717
2;1741124541272;3718
2;1741124544464;3719
2;1741124556836;3720
2;1741124558782;3721
2;1741124562641;3722
2;1741124565789;3723
2;1741124566288;3724
2;1741124586833;3725
2;1741124587517;3726
2;1741124594963;3727
2;1741124597142;3728
2;1741124598505;3729
2;1741124608610;3730
2;1741124611495;3731
2;1741124616945;3732
2;1741124621857;3733
2;1741124623545;3734
2;1741124633112;3735
2;1741124634638;3736
2;1741124638088;3737
2;1741124639978;3738
2;1741124653382;3739
2;1741124661414;3740
2;1741124670325;3741
2;1741124674251;3742
2;1741124677822;3743
2;1741124682313;3744
2;1741124685453;3745
2;1741124688379;3746
2;1741124690179;3747
2;1741124690564;3748
2;1741124693589;3749
2;1741124696681;3750
2;1741124700726;3751
2;1741124721426;3752
2;1741124724914;3753
2;1741124726560;3754
2;1741124732385;3755
2;1741124734178;3756
2;1741124745798;3757
2;1741124748569;3758
2;1741124757913;3759
2;1741124761016;3760
2;1741124765441;3761
2;1741124768348;3762
2;1741124777543;3763
2;1741124778159;3764
2;1741124778321;3765
2;1741124783886;3766
2;1741124789414;3767
2;1741124795038;3768
2;1741124800218;3769
2;1741124802145;3770
2;1741124804266;3771
2;1741124815318;3772
2;1741124816400;3773
2;1741124823066;3774
2;1741124823542;3775
2;1741124831587;3776
2;1741124835918;3777
2;1741124840691;3778
2;1741124850573;3779
2;1741124856438;3780
2;1741124858991;3781
2;1741124865884;3782
2;1741124874908;3783
2;1741124876450;3784
2;1741124876990;3785
2;1741124880161;3786
2;1741124888069;3787
2;1741124891693;3788
2;1741124893247;3789
2;1741124897313;3790
2;1741124903267;3791
2;1741124921112;3792
2;1741124921765;3793
2;1741124922186;3794
2;1741124937052;3795
2;1741124938980;3796
2;1741124941251;3797
2;1741124943533;3798
2;1741124953965;3799
2;1741124954018;3800
2;1741124962762;3801
2;1741124967455;3802
2;1741124972945;3803
2;1741124976726;3804
2;1741124979838;3805
2;1741124986840;3806
2;1741124989572;3807
2;1741124992359;3808
2;1741125003641;3809
2;1741125005173;3810
2;1741125008341;3811
2;1741125011311;3812
2;1741125011573;3813
2;1741125015844;3814
2;1741125022121;3815
2;1741125034875;3816
2;1741125038058;3817
2;1741125038965;3818
2;1741125044687;3819
2;1741125045643;3820
2;1741125054581;3821
2;1741125058146;3822
2;1741125073633;3823
2;1741125076361;3824
2;1741125082232;3825
2;1741125084444;3826
2;1741125086649;3827
2;1741125095089;3828
2;1741125095879;3829
2;1741125097973;3830
2;1741125116649;3831
2;1741125117019;3832
2;1741125120951;3833
2;1741125130418;3834
2;1741125135842;3835
2;1741125144418;3836
2;1741125145623;3837
2;1741125147746;3838
2;1741125159971;3839
2;1741125162085;3840
2;1741125164792;3841
2;1741125167981;3842
2;1741125172518;3843
2;1741125173650;3844
2;1741125176238;3845
2;1741125181685;3846
2;1741125195048;3847
2;1741125199271;3848
2;1741125205352;3849
2;1741125207128;3850
2;1741125211052;3851
2;1741125213530;3852
2;1741125219525;3853
2;1741125220081;3854
2;1741125228200;3855
2;1741125237497;3856
2;1741125239619;3857
2;1741125242811;3858
2;1741125246161;3859
2;1741125247951;3860
2;1741125248234;3861
2;1741125262664;3862
2;1741125264305;3863
2;1741125265348;3864
2;1741125283451;3865
2;1741125296558;3866
2;1741125297472;3867
2;1741125298201;3868
2;1741125302768;3869
2;1741125308637;3870
2;1741125312613;3871
2;1741125313860;3872
2;1741125323526;3873
2;1741125325742;3874
2;1741125328123;3875
2;1741125329245;3876
2;1741125340322;3877
2;1741125342646;3878
2;1741125353568;3879
2;1741125355076;3880
2;1741125359351;3881
2;1741125365680;3882
2;1741125368731;3883
2;1741125373385;3884
2;1741125380557;3885
2;1741125384630;3886
2;1741125399739;3887
2;1741125403104;3888
2;1741125404381;3889
2;1741125406817;3890
2;1741125411331;3891
2;1741125412238;3892
2;1741125423598;3893
2;1741125427946;3894
2;1741125430379;3895
2;1741125436104;3896
2;1741125439111;3897
2;1741125440892;3898
2;1741125445003;3899
2;1741125447580;3900
2;1741125455515;3901
2;1741125470742;3902
2;1741125471067;3903
2;1741125472656;3904
2;1741125482831;3905
2;1741125491040;3906
2;1741125492770;3907
2;1741125492894;3908
2;1741125501870;3909
2;1741125502659;3910
2;1741125504347;3911
2;1741125507367;3912
2;1741125518305;3913
2;1741125529005;3914
2;1741125538656;3915
2;1741125539956;3916
2;1741125540724;3917
2;1741125543514;3918
2;1741125549679;3919
2;1741125554718;3920
2;1741125562278;3921
2;1741125562963;3922
2;1741125565985;3923
2;1741125570260;3924
2;1741125574979;3925
2;1741125586817;3926
2;1741125586985;3927
2;1741125598642;3928
2;1741125600453;3929
2;1741125604528;3930
2;1741125618850;3931
2;1741125626110;3932
2;1741125627866;3933
2;1741125629240;3934
2;1741125632152;3935
2;1741125640325;3936
2;1741125647039;3937
2;1741125651064;3938
2;1741125657132;3939
2;1741125661540;3940
2;1741125663072;3941
2;1741125672681;3942
2;1741125678399;3943
2;1741125681330;3944
2;1741125684391;3945
2;1741125689744;3946
2;1741125694676;3947
2;1741125696804;3948
2;1741125701431;3949
2;1741125702832;3950
2;1741125715249;3951
2;1741125715940;3952
2;1741125720418;3953
2;1741125722964;3954
2;1741125724321;3955
2;1741125735615;3956
2;1741125748884;3957
2;1741125751258;3958
2;1741125752001;3959
2;1741125753593;3960
2;1741125753870;3961
2;1741125760362;3962
2;1741125769862;3963
2;1741125770773;3964
2;1741125775330;3965
2;1741125777962;3966
2;1741125795151;3967
2;1741125796050;3968
2;1741125797977;3969
2;1741125801301;3970
2;1741125801497;3971
2;1741125803443;3972
2;1741125818824;3973
2;1741125823424;3974
2;1741125831128;3975
2;1741125835990;3976
2;1741125837855;3977
2;1741125839101;3978
2;1741125855448;3979
2;1741125860675;3980
2;1741125864514;3981
2;1741125867301;3982
2;1741125868726;3983
2;1741125874698;3984
2;1741125878599;3985
2;1741125887749;3986
2;1741125889402;3987
2;1741125893517;3988
2;1741125893545;3989
2;1741125902087;3990
2;1741125906913;3991
2;1741125911314;3992
2;1741125927146;3993
2;1741125932120;3994
2;1741125933625;3995
2;1741125938983;3996
2;1741125940613;3997
2;1741125954057;3998
2;1741125955817;3999
2;1741125960114;4000
2;1741125965269;4001
2;1741125967473;4002
2;1741125972953;4003
2;1741125975531;4004
2;1741125979685;4005
2;1741125983580;4006
2;1741125987633;4007
2;1741125992509;4008
2;1741125996870;4009
2;1741126000411;4010
2;1741126005526;4011
2;1741126007941;4012
2;1741126028046;4013
2;1741126031334;4014
2;1741126033615;4015
2;1741126038606;4016
2;1741126041087;4017
2;1741126048625;4018
2;1741126051752;4019
2;1741126051914;4020
2;1741126058532;4021
2;1741126065986;4022
2;1741126070458;4023
2;1741126079193;4024
2;1741126085497;4025
2;1741126088438;4026
2;1741126095995;4027
2;1741126099275;4028
2;1741126103637;4029
2;1741126105418;4030
2;1741126117553;4031
2;1741126121746;4032
2;1741126128092;4033
2;1741126129540;4034
2;1741126137512;4035
2;1741126142822;4036
2;1741126144522;4037
2;1741126146915;4038
2;1741126148938;4039
2;1741126158938;4040
2;1741126159555;4041
2;1741126168469;4042
2;1741126170049;4043
2;1741126178677;4044
2;1741126187451;4045
2;1741126187670;4046
2;1741126196479;4047
2;1741126198723;4048
2;1741126211697;4049
2;1741126213451;4050
2;1741126218822;4051
2;1741126219381;4052
2;1741126225338;4053
2;1741126226175;4054
2;1741126232730;4055
2;1741126240624;4056
2;1741126243614;4057
2;1741126243725;4058
2;1741126251473;4059
2;1741126252637;4060
2;1741126261436;4061
2;1741126265674;4062
2;1741126276248;4063
2;1741126276835;4064
2;1741126277592;4065
2;1741126283231;4066
2;1741126288427;4067
2;1741126294604;4068
2;1741126300960;4069
2;1741126306837;4070
2;1741126310403;4071
2;1741126319155;4072
2;1741126325881;4073
2;1741126330373;4074
2;1741126334765;4075
2;1741126335240;4076
2;1741126336993;4077
2;1741126340978;4078
2;1741126343633;4079
2;1741126357726;4080
2;1741126358999;4081
2;1741126362136;4082
2;1741126371388;4083
2;1741126372872;4084
2;1741126387105;4085
2;1741126395918;4086
2;1741126401334;4087
2;1741126404099;4088
2;1741126405454;4089
2;1741126405868;4090
2;1741126409867;4091
2;1741126420025;4092
2;1741126422601;4093
2;1741126423478;4094
2;1741126425346;4095
2;1741126428997;4096
2;1741126435276;4097
2;1741126450090;4098
2;1741126450445;4099
2;1741126454940;4100
2;1741126459443;4101
2;1741126474143;4102
2;1741126477015;4103
2;1741126479500;4104
3;1741126487979;133
2;1741126490775;4105
2;1741126491915;4106
2;1741126492994;4107
2;1741126494537;4108
2;1741126495975;4109
2;1741126505953;4110
2;1741126515941;4111
2;1741126526553;4112
2;1741126528747;4113
2;1741126531555;4114
2;1741126533853;4115
2;1741126535290;4116
2;1741126535713;4117
2;1741126540634;4118
2;1741126547756;4119
2;1741126552861;4120
2;1741126554625;4121
2;1741126559599;4122
2;1741126573845;4123
2;1741126578488;4124
2;1741126583168;4125
2;1741126585237;4126
2;1741126585865;4127
2;1741126591067;4128
2;1741126599224;4129
2;1741126599593;4130
2;1741126605193;4131
2;1741126607632;4132
2;1741126608500;4133
2;1741126618551;4134
2;1741126626569;4135
2;1741126628749;4136
2;1741126637447;4137
2;1741126644631;4138
2;1741126645679;4139
2;1741126649659;4140
2;1741126650440;4141
2;1741126658988;4142
2;1741126675130;4143
2;1741126677265;4144
2;1741126683420;4145
2;1741126684524;4146
2;1741126689428;4147
2;1741126692972;4148
2;1741126695725;4149
2;1741126704307;4150
2;1741126705215;4151
2;1741126712330;4152
2;1741126721985;4153
2;1741126725705;4154
2;1741126729940;4155
2;1741126731584;4156
2;1741126740751;4157
2;1741126742979;4158
2;1741126752955;4159
2;1741126755998;4160
2;1741126760125;4161
2;1741126763433;4162
2;1741126768922;4163
2;1741126775514;4164
2;1741126775969;4165
2;1741126778120;4166
2;1741126781993;4167
2;1741126802175;4168
2;1741126803952;4169
2;1741126806535;4170
2;1741126808253;4171
2;1741126820102;4172
2;1741126827585;4173
2;1741126831610;4174
2;1741126835560;4175
2;1741126835634;4176
2;1741126839487;4177
2;1741126845598;4178
2;1741126852003;4179
2;1741126854928;4180
2;1741126870449;4181
2;1741126870854;4182
2;1741126870929;4183
2;1741126874512;4184
2;1741126881064;4185
2;1741126884239;4186
2;1741126897380;4187
2;1741126898182;4188
2;1741126900113;4189
2;1741126903404;4190
2;1741126905574;4191
2;1741126914314;4192
2;1741126916748;4193
2;1741126919615;4194
2;1741126926569;4195
2;1741126932053;4196
2;1741126933504;4197
2;1741126947059;4198
2;1741126949852;4199
2;1741126955850;4200
2;1741126970845;4201
2;1741126971813;4202
2;1741126973524;4203
2;1741126974348;4204
2;1741126974936;4205
2;1741126975482;4206
2;1741126986538;4207
2;1741126990667;4208
2;1741127011841;4209
2;1741127015193;4210
2;1741127015205;4211
2;1741127017976;4212
2;1741127019392;4213
2;1741127021981;4214
2;1741127026587;4215
2;1741127029135;4216
2;1741127033990;4217
2;1741127041918;4218
2;1741127052111;4219
2;1741127054124;4220
2;1741127064886;4221
2;1741127066642;4222
2;1741127068398;4223
2;1741127070334;4224
2;1741127078695;4225
2;1741127090862;4226
2;1741127091608;4227
2;1741127098124;4228
2;1741127101151;4229
2;1741127105778;4230
2;1741127111875;4231
2;1741127113773;4232
2;1741127122573;4233
2;1741127130756;4234
2;1741127134074;4235
2;1741127134456;4236
2;1741127136622;4237
2;1741127138448;4238
2;1741127140948;4239
2;1741127158681;4240
2;1741127158747;4241
2;1741127159864;4242
2;1741127173492;4243
2;1741127173615;4244
2;1741127176531;4245
2;1741127186151;4246
2;1741127190287;4247
2;1741127191564;4248
2;1741127200166;4249
2;1741127211528;4250
2;1741127213824;4251
2;1741127221356;4252
2;1741127222078;4253
2;1741127226353;4254
2;1741127229833;4255
2;1741127232729;4256
2;1741127236626;4257
2;1741127236635;4258
2;1741127245859;4259
2;1741127258219;4260
2;1741127260430;4261
2;1741127266418;4262
2;1741127273860;4263
2;1741127275112;4264
2;1741127276808;4265
2;1741127280494;4266
2;1741127281604;4267
2;1741127291057;4268
2;1741127302766;4269
2;1741127308670;4270
2;1741127308805;4271
2;1741127314027;4272
2;1741127320584;4273
2;1741127328262;4274
2;1741127329000;4275
2;1741127336795;4276
2;1741127340271;4277
2;1741127341734;4278
2;1741127347772;4279
2;1741127348468;4280
2;1741127354721;4281
2;1741127361290;4282
2;1741127366224;4283
2;1741127372528;4284
2;1741127378022;4285
2;1741127389723;4286
2;1741127392966;4287
2;1741127399337;4288
2;1741127406149;4289
2;1741127409151;4290
2;1741127411367;4291
2;1741127418180;4292
2;1741127419845;4293
2;1741127427617;4294
2;1741127435285;4295
2;1741127436499;4296
2;1741127440603;4297
2;1741127442047;4298
2;1741127452576;4299
2;1741127455741;4300
2;1741127463754;4301
2;1741127466502;4302
2;1741127475296;4303
2;1741127475511;4304
2;1741127478649;4305
2;1741127491436;4306
2;1741127492420;4307
2;1741127501861;4308
2;1741127506795;4309
2;1741127508447;4310
2;1741127517435;4311
2;1741127518688;4312
2;1741127527893;4313
2;1741127528535;4314
2;1741127531907;4315
2;1741127532697;4316
2;1741127539165;4317
2;1741127539960;4318
2;1741127547148;4319
2;1741127555946;4320
2;1741127569632;4321
2;1741127574336;4322
2;1741127574491;4323
2;1741127574833;4324
2;1741127577962;4325
2;1741127579714;4326
2;1741127580648;4327
2;1741127589780;4328
2;1741127592532;4329
2;1741127597954;4330
2;1741127605919;4331
2;1741127615300;4332
2;1741127624943;4333
2;1741127626307;4334
2;1741127628580;4335
2;1741127636034;4336
2;1741127642945;4337
2;1741127656592;4338
2;1741127658046;4339
2;1741127659540;4340
2;1741127661005;4341
2;1741127668341;4342
2;1741127670689;4343
2;1741127672933;4344
2;1741127679341;4345
2;1741127682523;4346
2;1741127699182;4347
2;1741127701505;4348
2;1741127707364;4349
2;1741127708247;4350
2;1741127715410;4351
2;1741127716682;4352
2;1741127720452;4353
2;1741127722198;4354
2;1741127730082;4355
2;1741127737654;4356
2;1741127739450;4357
2;1741127744163;4358
2;1741127744179;4359
2;1741127747367;4360
2;1741127750695;4361
2;1741127764448;4362
2;1741127765414;4363
2;1741127773430;4364
2;1741127776640;4365
2;1741127780631;4366
2;1741127789058;4367
2;1741127789961;4368
2;1741127804492;4369
2;1741127812462;4370
2;1741127813691;4371
2;1741127818241;4372
2;1741127831492;4373
2;1741127837317;4374
2;1741127837477;4375
2;1741127840130;4376
2;1741127843134;4377
2;1741127846558;4378
2;1741127852751;4379
2;1741127852769;4380
2;1741127854874;4381
2;1741127865950;4382
2;1741127866238;4383
2;1741127866443;4384
2;1741127873376;4385
2;1741127886477;4386
2;1741127887270;4387
2;1741127890161;4388
2;1741127893813;4389
2;1741127895829;4390
2;1741127902993;4391
2;1741127905723;4392
2;1741127922677;4393
2;1741127926251;4394
2;1741127931459;4395
2;1741127936613;4396
2;1741127937211;4397
2;1741127946790;4398
2;1741127947077;4399
2;1741127950440;4400
2;1741127951698;4401
2;1741127952610;4402
2;1741127973820;4403
2;1741127979537;4404
2;1741127981325;4405
2;1741127987912;4406
2;1741127989781;4407
2;1741127992542;4408
2;1741127994946;4409
2;1741128016205;4410
2;1741128021782;4411
2;1741128025760;4412
2;1741128028650;4413
2;1741128036573;4414
2;1741128038434;4415
2;1741128038447;4416
2;1741128043492;4417
2;1741128043591;4418
2;1741128047312;4419
2;1741128051824;4420
2;1741128057576;4421
2;1741128067473;4422
2;1741128073305;4423
2;1741128074643;4424
2;1741128085648;4425
2;1741128085664;4426
2;1741128099612;4427
2;1741128101395;4428
2;1741128101776;4429
2;1741128103980;4430
2;1741128112402;4431
2;1741128118449;4432
2;1741128119432;4433
2;1741128121477;4434
2;1741128134361;4435
2;1741128136632;4436
2;1741128137757;4437
2;1741128146946;4438
2;1741128158940;4439
2;1741128159257;4440
2;1741128162148;4441
2;1741128166145;4442
2;1741128167223;4443
2;1741128175649;4444
2;1741128176973;4445
2;1741128177854;4446
2;1741128185300;4447
2;1741128202142;4448
2;1741128202552;4449
2;1741128207792;4450
2;1741128210661;4451
2;1741128221804;4452
2;1741128223132;4453
2;1741128231508;4454
2;1741128232317;4455
2;1741128233875;4456
2;1741128238709;4457
2;1741128246127;4458
2;1741128251432;4459
2;1741128254354;4460
2;1741128260957;4461
2;1741128265575;4462
2;1741128271291;4463
2;1741128273836;4464
2;1741128275311;4465
2;1741128278252;4466
2;1741128289981;4467
2;1741128297577;4468
2;1741128299886;4469
2;1741128315961;4470
2;1741128323127;4471
2;1741128324925;4472
2;1741128326500;4473
2;1741128328717;4474
2;1741128335546;4475
2;1741128335986;4476
2;1741128340471;4477
2;1741128344954;4478
2;1741128347640;4479
2;1741128351653;4480
2;1741128351862;4481
2;1741128358567;4482
2;1741128361835;4483
2;1741128370754;4484
2;1741128381556;4485
2;1741128384056;4486
2;1741128386525;4487
2;1741128390723;4488
2;1741128398033;4489
2;1741128400156;4490
2;1741128401835;4491
2;1741128404154;4492
2;1741128411206;4493
2;1741128423314;4494
2;1741128424419;4495
2;1741128425103;4496
2;1741128443188;4497
2;1741128446892;4498
2;1741128450618;4499
2;1741128451334;4500
2;1741128467603;4501
2;1741128473339;4502
2;1741128474000;4503
2;1741128479474;4504
2;1741128480453;4505
2;1741128481081;4506
2;1741128487451;4507
2;1741128489865;4508
2;1741128512793;4509
2;1741128514775;4510
2;1741128516459;4511
2;1741128524729;4512
2;1741128526016;4513
2;1741128526955;4514
2;1741128528075;4515
2;1741128530891;4516
2;1741128541125;4517
2;1741128543840;4518
2;1741128548810;4519
2;1741128560480;4520
2;1741128561570;4521
2;1741128561609;4522
2;1741128564037;4523
2;1741128572100;4524
2;1741128577654;4525
2;1741128579193;4526
2;1741128599050;4527
2;1741128599110;4528
2;1741128599904;4529
2;1741128601754;4530
2;1741128609240;4531
2;1741128611137;4532
2;1741128612176;4533
2;1741128617139;4534
2;1741128627192;4535
2;1741128641260;4536
2;1741128642403;4537
2;1741128646772;4538
2;1741128646928;4539
2;1741128651746;4540
2;1741128655574;4541
2;1741128670267;4542
2;1741128675473;4543
2;1741128679322;4544
2;1741128683840;4545
2;1741128685089;4546
2;1741128688034;4547
2;1741128692814;4548
2;1741128706764;4549
2;1741128706962;4550
2;1741128712033;4551
2;1741128712362;4552
2;1741128720640;4553
2;1741128728217;4554
2;1741128730776;4555
2;1741128738019;4556
2;1741128738885;4557
2;1741128743420;4558
2;1741128753367;4559
2;1741128760070;4560
2;1741128761061;4561
2;1741128763993;4562
2;1741128772503;4563
2;1741128773369;4564
2;1741128774702;4565
2;1741128784264;4566
2;1741128794964;4567
2;1741128795407;4568
2;1741128797528;4569
2;1741128798792;4570
2;1741128811666;4571
2;1741128815652;4572
2;1741128816444;4573
2;1741128818344;4574
2;1741128827042;4575
2;1741128839545;4576
2;1741128842998;4577
2;1741128843379;4578
2;1741128850134;4579
2;1741128855258;4580
2;1741128861712;4581
2;1741128864165;4582
2;1741128865603;4583
2;1741128878204;4584
2;1741128879415;4585
2;1741128885383;4586
2;1741128886521;4587
2;1741128886599;4588
2;1741128901832;4589
2;1741128902545;4590
2;1741128902941;4591
2;1741128912681;4592
2;1741128918378;4593
2;1741128923981;4594
2;1741128930980;4595
2;1741128935644;4596
2;1741128939090;4597
2;1741128939310;4598
2;1741128943951;4599
2;1741128960308;4600
2;1741128965519;4601
2;1741128970398;4602
2;1741128972967;4603
2;1741128974552;4604
2;1741128975480;4605
2;1741128982933;4606
2;1741128993925;4607
2;1741128996383;4608
2;1741128997304;4609
2;1741129002214;4610
2;1741129005381;4611
2;1741129014165;4612
2;1741129017070;4613
2;1741129020243;4614
2;1741129026051;4615
2;1741129045001;4616
2;1741129049932;4617
2;1741129055641;4618
2;1741129059282;4619
2;1741129059593;4620
2;1741129062055;4621
2;1741129068540;4622
2;1741129069409;4623
2;1741129075968;4624
2;1741129076122;4625
2;1741129081809;4626
2;1741129090616;4627
2;1741129093429;4628
2;1741129099528;4629
2;1741129107223;4630
2;1741129109372;4631
2;1741129111615;4632
2;1741129113141;4633
2;1741129117501;4634
2;1741129122734;4635
2;1741129126712;4636
2;1741129130770;4637
2;1741129142041;4638
2;1741129158974;4639
2;1741129161859;4640
2;1741129165490;4641
2;1741129166272;4642
2;1741129168910;4643
2;1741129171206;4644
2;1741129182880;4645
2;1741129189423;4646
2;1741129191850;4647
2;1741129192885;4648
2;1741129196618;4649
2;1741129204294;4650
2;1741129204591;4651
2;1741129208643;4652
2;1741129212028;4653
2;1741129220942;4654
2;1741129230333;4655
2;1741129231579;4656
2;1741129246185;4657
2;1741129246755;4658
2;1741129247448;4659
2;1741129252115;4660
2;1741129255621;4661
2;1741129257814;4662
2;1741129263049;4663
2;1741129270959;4664
2;1741129286834;4665
2;1741129287891;4666
2;1741129288465;4667
2;1741129297785;4668
2;1741129302416;4669
2;1741129305050;4670
2;1741129309027;4671
2;1741129315424;4672
2;1741129316167;4673
2;1741129318418;4674
2;1741129328784;4675
2;1741129344570;4676
2;1741129346862;4677
2;1741129349519;4678
2;1741129349548;4679
2;1741129352618;4680
2;1741129359281;4681
2;1741129363749;4682
2;1741129363845;4683
2;1741129364338;4684
2;1741129382452;4685
2;1741129388447;4686
2;1741129391894;4687
2;1741129395390;4688
2;1741129405182;4689
2;1741129408413;4690
2;1741129409006;4691
2;1741129413038;4692
2;1741129413949;4693
2;1741129415783;4694
2;1741129424989;4695
2;1741129434018;4696
2;1741129439136;4697
2;1741129443089;4698
2;1741129443361;4699
2;1741129452632;4700
2;1741129452737;4701
2;1741129452918;4702
2;1741129472192;4703
2;1741129474957;4704
2;1741129478789;4705
2;1741129479202;4706
2;1741129479466;4707
2;1741129494524;4708
2;1741129501988;4709
2;1741129503781;4710
2;1741129506568;4711
2;1741129517460;4712
2;1741129521948;4713
2;1741129525596;4714
2;1741129527092;4715
2;1741129535565;4716
2;1741129540231;4717
2;1741129550184;4718
2;1741129552120;4719
2;1741129554937;4720
2;1741129559055;4721
2;1741129565680;4722
2;1741129566618;4723
2;1741129568482;4724
2;1741129569766;4725
2;1741129593789;4726
2;1741129595229;4727
2;1741129596976;4728
2;1741129599092;4729
2;1741129601738;4730
2;1741129605840;4731
2;1741129621465;4732
2;1741129623047;4733
2;1741129623566;4734
2;1741129637806;4735
2;1741129638321;4736
2;1741129642126;4737
2;1741129645616;4738
2;1741129650977;4739
2;1741129653261;4740
2;1741129658943;4741
2;1741129661768;4742
2;1741129667686;4743
2;1741129682059;4744
2;1741129683979;4745
2;1741129684620;4746
2;1741129693596;4747
2;1741129697958;4748
2;1741129704693;4749
2;1741129707627;4750
2;1741129713018;4751
2;1741129713864;4752
2;1741129716775;4753
2;1741129722394;4754
2;1741129731343;4755
2;1741129732068;4756
2;1741129743343;4757
2;1741129745957;4758
2;1741129747079;4759
2;1741129756683;4760
2;1741129757135;4761
2;1741129768092;4762
2;1741129770287;4763
2;1741129770343;4764
2;1741129772895;4765
2;1741129788043;4766
2;1741129795816;4767
2;1741129796196;4768
2;1741129802908;4769
2;1741129803501;4770
2;1741129804809;4771
2;1741129815769;4772
2;1741129817000;4773
2;1741129824480;4774
2;1741129826490;4775
2;1741129836517;4776
2;1741129838607;4777
2;1741129853216;4778
2;1741129856246;4779
2;1741129858615;4780
2;1741129868321;4781
2;1741129871396;4782
2;1741129875747;4783
2;1741129876658;4784
2;1741129878867;4785
2;1741129883410;4786
2;1741129884325;4787
2;1741129890275;4788
2;1741129891591;4789
2;1741129899412;4790
2;1741129918380;4791
2;1741129919818;4792
2;1741129931016;4793
2;1741129931993;4794
2;1741129938165;4795
2;1741129940953;4796
2;1741129947241;4797
2;1741129949129;4798
2;1741129950775;4799
2;1741129955063;4800
2;1741129959958;4801
2;1741129967040;4802
2;1741129974462;4803
2;1741129975967;4804
2;1741129977694;4805
2;1741129984243;4806
2;1741129985976;4807
2;1741129992169;4808
2;1741129994901;4809
2;1741129998758;4810
2;1741130015126;4811
2;1741130016972;4812
2;1741130023268;4813
2;1741130027889;4814
2;1741130037444;4815
2;1741130039466;4816
2;1741130043776;4817
2;1741130045382;4818
2;1741130045447;4819
2;1741130050939;4820
2;1741130056224;4821
2;1741130067896;4822
2;1741130070953;4823
2;1741130080210;4824
2;1741130085908;4825
2;1741130086605;4826
2;1741130087974;4827
2;1741130096547;4828
2;1741130097291;4829
2;1741130101086;4830
2;1741130106646;4831
2;1741130107584;4832
2;1741130109640;4833
2;1741130125507;4834
2;1741130128051;4835
2;1741130129865;4836
2;1741130131379;4837
2;1741130145629;4838
2;1741130147512;4839
2;1741130162066;4840
2;1741130162127;4841
2;1741130166446;4842
2;1741130167731;4843
2;1741130178789;4844
2;1741130181377;4845
2;1741130184776;4846
2;1741130190877;4847
2;1741130193514;4848
2;1741130202276;4849
2;1741130204905;4850
2;1741130205828;4851
2;1741130209144;4852
2;1741130212604;4853
2;1741130215897;4854
2;1741130223035;4855
2;1741130224311;4856
2;1741130238297;4857
2;1741130245745;4858
2;1741130246424;4859
2;1741130248151;4860
2;1741130252849;4861
2;1741130268875;4862
2;1741130270306;4863
2;1741130270355;4864
2;1741130278080;4865
2;1741130282231;4866
2;1741130284980;4867
2;1741130302051;4868
2;1741130303322;4869
2;1741130310213;4870
2;1741130318291;4871
2;1741130318441;4872
2;1741130319399;4873
2;1741130324684;4874
2;1741130330068;4875
2;1741130332676;4876
2;1741130334201;4877
2;1741130335058;4878
2;1741130352778;4879
2;1741130360777;4880
2;1741130361966;4881
2;1741130362718;4882
2;1741130365213;4883
2;1741130370060;4884
2;1741130374689;4885
2;1741130390798;4886
2;1741130395670;4887
2;1741130400644;4888
2;1741130402482;4889
2;1741130405845;4890
2;1741130407215;4891
2;1741130413020;4892
2;1741130416309;4893
2;1741130416833;4894
2;1741130417088;4895
2;1741130444532;4896
2;1741130448901;4897
2;1741130449030;4898
2;1741130450426;4899
2;1741130453584;4900
2;1741130454938;4901
2;1741130455034;4902
2;1741130461158;4903
2;1741130471494;4904
2;1741130484229;4905
2;1741130485121;4906
2;1741130488287;4907
2;1741130497017;4908
2;1741130499942;4909
2;1741130505441;4910
2;1741130505926;4911
2;1741130519550;4912
2;1741130521764;4913
2;1741130526929;4914
2;1741130529895;4915
2;1741130530612;4916
2;1741130532537;4917
2;1741130547926;4918
2;1741130549298;4919
2;1741130550538;4920
2;1741130570005;4921
2;1741130571574;4922
2;1741130572884;4923
2;1741130578354;4924
2;1741130578588;4925
2;1741130580364;4926
2;1741130592705;4927
2;1741130599539;4928
2;1741130602735;4929
2;1741130603717;4930
2;1741130608473;4931
2;1741130613873;4932
2;1741130622027;4933
2;1741130622384;4934
2;1741130640257;4935
2;1741130646701;4936
2;1741130649500;4937
2;1741130650004;4938
2;1741130656458;4939
2;1741130666021;4940
2;1741130667834;4941
2;1741130673472;4942
2;1741130673522;4943
2;1741130674102;4944
2;1741130684358;4945
2;1741130689588;4946
2;1741130691921;4947
2;1741130694882;4948
2;1741130695626;4949
2;1741130708997;4950
2;1741130709547;4951
2;1741130714675;4952
2;1741130715284;4953
2;1741130723331;4954
2;1741130733730;4955
2;1741130735685;4956
2;1741130737410;4957
2;1741130741029;4958
2;1741130750800;4959
2;1741130753464;4960
2;1741130765495;4961
2;1741130767543;4962
2;1741130773775;4963
2;1741130776656;4964
2;1741130782580;4965
2;1741130787336;4966
2;1741130787950;4967
2;1741130788151;4968
2;1741130789349;4969
2;1741130797269;4970
2;1741130812529;4971
2;1741130812817;4972
2;1741130819275;4973
2;1741130819400;4974
2;1741130824462;4975
2;1741130827028;4976
2;1741130832686;4977
2;1741130840314;4978
2;1741130847679;4979
2;1741130857332;4980
2;1741130859474;4981
2;1741130863083;4982
2;1741130864806;4983
2;1741130868299;4984
2;1741130879926;4985
2;1741130885187;4986
2;1741130890586;4987
2;1741130891060;4988
2;1741130891454;4989
2;1741130894179;4990
2;1741130918975;4991
2;1741130919967;4992
2;1741130927411;4993
2;1741130934891;4994
2;1741130937230;4995
2;1741130939831;4996
2;1741130943237;4997
2;1741130944218;4998
2;1741130952778;4999
2;1741130962973;5000
2;1741130963884;5001
2;1741130966136;5002
2;1741130967645;5003
2;1741130977314;5004
2;1741130978305;5005
2;1741130983730;5006
2;1741130984226;5007
2;1741130996081;5008
2;1741131006314;5009
2;1741131010073;5010
2;1741131013389;5011
2;1741131013995;5012
2;1741131024900;5013
2;1741131026400;5014
2;1741131031381;5015
2;1741131032488;5016
2;1741131043692;5017
2;1741131045884;5018
2;1741131051022;5019
2;1741131057858;5020
2;1741131063094;5021
2;1741131065540;5022
2;1741131078717;5023
2;1741131080276;5024
2;1741131081550;5025
2;1741131082743;5026
2;1741131082862;5027
2;1741131084788;5028
2;1741131103104;5029
2;1741131105802;5030
2;1741131114271;5031
2;1741131115847;5032
2;1741131130415;5033
2;1741131136843;5034
2;1741131141923;5035
2;1741131149507;5036
2;1741131152819;5037
2;1741131153224;5038
2;1741131154481;5039
2;1741131154707;5040
2;1741131156697;5041
2;1741131170434;5042
2;1741131175068;5043
2;1741131176158;5044
2;1741131183682;5045
2;1741131183711;5046
2;1741131186647;5047
2;1741131191708;5048
2;1741131194103;5049
2;1741131202340;5050
2;1741131210183;5051
2;1741131220882;5052
2;1741131222866;5053
2;1741131226861;5054
2;1741131233553;5055
2;1741131233752;5056
2;1741131245776;5057
2;1741131250841;5058
2;1741131251919;5059
2;1741131252394;5060
2;1741131253573;5061
2;1741131263981;5062
2;1741131266650;5063
2;1741131275029;5064
2;1741131277420;5065
2;1741131279669;5066
2;1741131281341;5067
2;1741131305703;5068
2;1741131306462;5069
2;1741131307857;5070
2;1741131308366;5071
2;1741131314069;5072
2;1741131315458;5073
2;1741131318577;5074
2;1741131321224;5075
2;1741131324123;5076
2;1741131336351;5077
2;1741131349049;5078
2;1741131354364;5079
2;1741131354762;5080
2;1741131360494;5081
2;1741131363810;5082
2;1741131366196;5083
2;1741131372698;5084
2;1741131381272;5085
2;1741131394316;5086
2;1741131396194;5087
2;1741131402048;5088
2;1741131410994;5089
2;1741131412500;5090
2;1741131412730;5091
2;1741131415890;5092
2;1741131423277;5093
2;1741131427013;5094
2;1741131428973;5095
2;1741131444554;5096
2;1741131447161;5097
2;1741131450336;5098
2;1741131454041;5099
2;1741131454754;5100
2;1741131456003;5101
2;1741131456711;5102
2;1741131464471;5103
2;1741131473781;5104
2;1741131486056;5105
2;1741131488029;5106
2;1741131489628;5107
2;1741131489654;5108
2;1741131492424;5109
2;1741131503916;5110
2;1741131503973;5111
2;1741131521250;5112
2;1741131521563;5113
2;1741131521993;5114
2;1741131533367;5115
2;1741131534111;5116
2;1741131538991;5117
2;1741131546432;5118
2;1741131548918;5119
2;1741131551060;5120
2;1741131552673;5121
2;1741131564187;5122
2;1741131572928;5123
2;1741131577411;5124
2;1741131578380;5125
2;1741131580570;5126
2;1741131590589;5127
2;1741131594203;5128
2;1741131597406;5129
0;1741131603851;1307
2;1741131605584;5130
2;1741131609168;5131
2;1741131610020;5132
0;1741131612827;1308
2;1741131616028;5133
0;1741131620048;1309
0;1741131621160;1310
2;1741131626354;5134
0;1741131626722;1311
2;1741131632294;5135
2;1741131637625;5136
2;1741131638123;5137
0;1741131638323;1312
2;1741131646369;5138
0;1741131647993;1313
0;1741131648865;1314
2;1741131651245;5139
0;1741131651681;1315
0;1741131653386;1316
2;1741131658408;5140
0;1741131659261;1317
0;1741131663977;1318
0;1741131665814;1319
2;1741131665977;5141
2;1741131666518;5142
2;1741131666727;5143
0;1741131667626;1320
0;1741131668475;1321
2;1741131668530;5144
2;1741131670482;5145
0;1741131676680;1322
2;1741131678123;5146
0;1741131683638;1323
2;1741131687548;5147
0;1741131693109;1324
2;1741131696236;5148
2;1741131700055;5149
0;1741131700354;1325
2;1741131704937;5150
0;1741131709412;1326
0;1741131712985;1327
2;1741131713635;5151
2;1741131716936;5152
0;1741131718376;1328
0;1741131719465;1329
0;1741131722225;1330
0;1741131724156;1331
2;1741131725170;5153
0;1741131726404;1332
2;1741131729816;5154
2;1741131733916;5155
2;1741131734337;5156
0;1741131735231;1333
0;1741131740675;1334
2;1741131744993;5157
2;1741131747717;5158
0;1741131749409;1335
2;1741131756108;5159
2;1741131758497;5160
2;1741131761413;5161
2;1741131763852;5162
2;1741131765135;5163
0;1741131766064;1336
0;1741131768512;1337
0;1741131770023;1338
0;1741131770961;1339
2;1741131773455;5164
0;1741131779421;1340
0;1741131779783;1341
2;1741131781474;5165
0;1741131785266;1342
0;1741131789152;1343
2;1741131791652;5166
0;1741131792225;1344
0;1741131798105;1345
2;1741131799597;5167
0;1741131800215;1346
2;1741131803184;5168
2;1741131804837;5169
2;1741131805267;5170
2;1741131805499;5171
0;1741131810417;1347
2;1741131813938;5172
0;1741131816822;1348
0;1741131820918;1349
2;1741131823004;5173
0;1741131826890;1350
2;1741131827233;5174
2;1741131827645;5175
0;1741131833341;1351
0;1741131841927;1352
2;1741131842636;5176
0;1741131844439;1353
0;1741131846118;1354
2;1741131848341;5177
0;1741131849612;1355
2;1741131855386;5178
2;1741131859630;5179
2;1741131860958;5180
0;1741131861029;1356
2;1741131864032;5181
2;1741131864329;5182
0;1741131867917;1357
2;1741131868877;5183
2;1741131875732;5184
0;1741131876828;1358
0;1741131879297;1359
0;1741131879373;1360
0;1741131881521;1361
2;1741131889324;5185
0;1741131890475;1362
0;1741131891122;1363
0;1741131892631;1364
2;1741131893330;5186
2;1741131893581;5187
0;1741131899384;1365
2;1741131900221;5188
2;1741131902061;5189
2;1741131903198;5190
0;1741131907117;1366
2;1741131907550;5191
2;1741131908189;5192
2;1741131910612;5193
0;1741131915863;1367
0;1741131919860;1368
0;1741131920795;1369
2;1741131921893;5194
0;1741131923737;1370
0;1741131929754;1371
0;1741131931941;1372
2;1741131933305;5195
2;1741131937796;5196
0;1741131938383;1373
0;1741131938801;1374
2;1741131940507;5197
2;1741131940882;5198
0;1741131941357;1375
2;1741131945617;5199
0;1741131947581;1376
2;1741131954410;5200
2;1741131954712;5201
0;1741131958391;1377
2;1741131965493;5202
2;1741131966069;5203
2;1741131969616;5204
0;1741131970692;1378
0;1741131970760;1379
0;1741131972517;1380
2;1741131977942;5205
2;1741131978065;5206
0;1741131982220;1381
2;1741131993195;5207
2;1741131993951;5208
0;1741131995680;1382
0;1741131996711;1383
2;1741131998691;5209
0;1741131999458;1384
0;1741132000560;1385
0;1741132001600;1386
2;1741132002168;5210
0;1741132003180;1387
0;1741132003406;1388
2;1741132006646;5211
2;1741132007291;5212
2;1741132008354;5213
0;1741132015262;1389
0;1741132017618;1390
0;1741132022118;1391
2;1741132025858;5214
2;1741132030097;5215
2;1741132033620;5216
0;1741132036813;1392
2;1741132038438;5217
2;1741132043084;5218
2;1741132043127;5219
0;1741132044265;1393
0;1741132046361;1394
0;1741132047993;1395
0;1741132054051;1396
2;1741132056014;5220
2;1741132060912;5221
0;1741132062030;1397
2;1741132063603;5222
2;1741132063732;5223
2;1741132065203;5224
0;1741132074236;1398
0;1741132075073;1399
0;1741132075825;1400
2;1741132076135;5225
2;1741132085527;5226
0;1741132087200;1401
2;1741132088528;5227
0;1741132094337;1402
2;1741132094390;5228
0;1741132096386;1403
0;1741132099060;1404
0;1741132099816;1405
2;1741132100116;5229
0;1741132102632;1406
0;1741132104169;1407
0;1741132113290;1408
2;1741132113439;5230
0;1741132116947;1409
2;1741132117968;5231
2;1741132119363;5232
0;1741132120118;1410
0;1741132120344;1411
2;1741132123292;5233
0;1741132123505;1412
2;1741132124763;5234
2;1741132125471;5235
2;1741132134323;5236
2;1741132135815;5237
0;1741132145760;1413
2;1741132146259;5238
0;1741132154036;1414
0;1741132155426;1415
0;1741132155567;1416
0;1741132155945;1417
2;1741132156210;5239
2;1741132158216;5240
0;1741132163215;1418
2;1741132165904;5241
2;1741132166684;5242
0;1741132168073;1419
2;1741132168252;5243
0;1741132173704;1420
2;1741132175646;5244
2;1741132177663;5245
0;1741132183715;1421
0;1741132184735;1422
0;1741132188474;1423
2;1741132191588;5246
2;1741132193761;5247
2;1741132194722;5248
0;1741132197530;1424
2;1741132204157;5249
2;1741132204360;5250
0;1741132205792;1425
0;1741132206738;1426
0;1741132206862;1427
2;1741132214842;5251
2;1741132214934;5252
2;1741132215477;5253
2;1741132216424;5254
0;1741132217373;1428
0;1741132222958;1429
0;1741132225245;1430
2;1741132226555;5255
2;1741132229445;5256
0;1741132230684;1431
0;1741132236971;1432
0;1741132238771;1433
2;1741132241334;5257
0;1741132242260;1434
0;1741132246123;1435
2;1741132247615;5258
2;1741132250400;5259
0;1741132252814;1436
0;1741132257256;1437
2;1741132261575;5260
2;1741132261964;5261
2;1741132262390;5262
2;1741132266122;5263
0;1741132266597;1438
2;1741132269102;5264
2;1741132269297;5265
0;1741132269713;1439
0;1741132269798;1440
0;1741132272361;1441
2;1741132284636;5266
2;1741132286476;5267
2;1741132288420;5268
0;1741132292402;1442
2;1741132293390;5269
0;1741132295143;1443
2;1741132297004;5270
0;1741132304329;1444
2;1741132311282;5271
2;1741132312518;5272
0;1741132312735;1445
2;1741132312856;5273
0;1741132313584;1446
0;1741132318373;1447
2;1741132321563;5274
0;1741132322638;1448
0;1741132326804;1449
0;1741132327165;1450
2;1741132327289;5275
2;1741132328603;5276
0;1741132330058;1451
0;1741132337216;1452
0;1741132338141;1453
2;1741132342229;5277
0;1741132342938;1454
2;1741132344598;5278
2;1741132346960;5279
2;1741132348144;5280
0;1741132355967;1455
2;1741132356622;5281
2;1741132357401;5282
0;1741132357869;1456
0;1741132359278;1457
0;1741132361906;1458
0;1741132363806;1459
2;1741132368747;5283
2;1741132369429;5284
2;1741132372239;5285
2;1741132376383;5286
0;1741132376986;1460
2;1741132378439;5287
0;1741132378976;1461
0;1741132380038;1462
0;1741132389669;1463
2;1741132395209;5288
2;1741132399385;5289
0;1741132403331;1464
0;1741132409105;1465
0;1741132410298;1466
2;1741132410588;5290
0;1741132412416;1467
0;1741132414702;1468
0;1741132415989;1469
0;1741132419735;1470
2;1741132420664;5291
2;1741132421207;5292
0;1741132422390;1471
2;1741132425305;5293
2;1741132430304;5294
0;1741132432303;1472
2;1741132436126;5295
2;1741132438156;5296
2;1741132438732;5297
0;1741132440223;1473
2;1741132441060;5298
0;1741132447251;1474
2;1741132449788;5299
2;1741132455508;5300
0;1741132455834;1475
2;1741132458254;5301
0;1741132464641;1476
0;1741132465797;1477
0;1741132467629;1478
0;1741132467986;1479
2;1741132468646;5302
0;1741132473673;1480
2;1741132476374;5303
2;1741132476771;5304
2;1741132479674;5305
2;1741132481321;5306
0;1741132483521;1481
2;1741132483978;5307
2;1741132485967;5308
0;1741132489457;1482
0;1741132490441;1483
0;1741132493812;1484
2;1741132498240;5309
0;1741132500608;1485
0;1741132504288;1486
0;1741132505130;1487
2;1741132507057;5310
2;1741132509493;5311
2;1741132516079;5312
0;1741132516711;1488
0;1741132524015;1489
0;1741132524183;1490
2;1741132526897;5313
2;1741132527329;5314
0;1741132531818;1491
0;1741132532055;1492
2;1741132534846;5315
2;1741132537384;5316
0;1741132540272;1493
0;1741132540711;1494
0;1741132540940;1495
2;1741132543359;5317
2;1741132543737;5318
0;1741132544111;1496
2;1741132550480;5319
2;1741132558732;5320
2;1741132559900;5321
0;1741132571498;1497
2;1741132572005;5322
2;1741132572261;5323
2;1741132572558;5324
0;1741132573091;1498
0;1741132575220;1499
2;1741132575820;5325
0;1741132576761;1500
0;1741132578884;1501
0;1741132581432;1502
0;1741132583190;1503
2;1741132583690;5326
2;1741132593712;5327
0;1741132594931;1504
2;1741132596602;5328
2;1741132602903;5329
2;1741132605029;5330
0;1741132606065;1505
0;1741132608225;1506
2;1741132608903;5331
2;1741132610374;5332
0;1741132610949;1507
0;1741132617490;1508
0;1741132622073;1509
2;1741132625160;5333
2;1741132625282;5334
2;1741132630151;5335
0;1741132632257;1510
2;1741132633730;5336
0;1741132633786;1511
2;1741132635785;5337
2;1741132639221;5338
0;1741132644239;1512
0;1741132644452;1513
2;1741132645400;5339
0;1741132648254;1514
0;1741132649464;1515
2;1741132651237;5340
2;1741132652284;5341
0;1741132655467;1516
0;1741132663240;1517
0;1741132665787;1518
2;1741132666061;5342
0;1741132666121;1519
0;1741132666816;1520
2;1741132672477;5343
2;1741132675584;5344
2;1741132678076;5345
0;1741132678635;1521
2;1741132682659;5346
2;1741132684749;5347
0;1741132685103;1522
0;1741132685488;1523
2;1741132687176;5348
0;1741132698716;1524
2;1741132701116;5349
0;1741132703791;1525
0;1741132704571;1526
0;1741132708071;1527
0;1741132715456;1528
2;1741132717972;5350
2;1741132718664;5351
0;1741132720059;1529
2;1741132722736;5352
2;1741132723304;5353
2;1741132723915;5354
0;1741132724544;1530
2;1741132726361;5355
2;1741132730574;5356
0;1741132740430;1531
0;1741132740455;1532
2;1741132745294;5357
2;1741132749744;5358
0;1741132749842;1533
0;1741132750456;1534
0;1741132753151;1535
0;1741132756171;1536
0;1741132757956;1537
0;1741132760658;1538
2;1741132760719;5359
2;1741132765755;5360
2;1741132767842;5361
2;1741132767937;5362
2;1741132768143;5363
0;1741132770670;1539
0;1741132771025;1540
2;1741132771443;5364
2;1741132774825;5365
0;1741132784244;1541
0;1741132786979;1542
0;1741132791241;1543
2;1741132793119;5366
2;1741132796666;5367
2;1741132802920;5368
0;1741132805578;1544
2;1741132808574;5369
0;1741132809701;1545
0;1741132809762;1546
2;1741132811284;5370
0;1741132812860;1547
0;1741132814343;1548
2;1741132814419;5371
0;1741132819407;1549
2;1741132819435;5372
0;1741132819470;1550
2;1741132821406;5373
2;1741132823705;5374
0;1741132828426;1551
2;1741132833855;5375
0;1741132833867;1552
2;1741132834373;5376
2;1741132839029;5377
2;1741132841593;5378
0;1741132844008;1553
2;1741132845255;5379
0;1741132846330;1554
0;1741132851516;1555
0;1741132860272;1556
0;1741132860803;1557
2;1741132866417;5380
0;1741132866583;1558
2;1741132866917;5381
2;1741132870428;5382
0;1741132870498;1559
0;1741132870633;1560
2;1741132871025;5383
0;1741132872068;1561
2;1741132873666;5384
2;1741132875509;5385
0;1741132876067;1562
2;1741132880004;5386
0;1741132883665;1563
0;1741132886965;1564
2;1741132890707;5387
0;1741132892505;1565
2;1741132895748;5388
2;1741132899921;5389
0;1741132907787;1566
2;1741132911531;5390
2;1741132911904;5391
2;1741132913369;5392
2;1741132915870;5393
0;1741132920346;1567
0;1741132922192;1568
2;1741132925205;5394
0;1741132928644;1569
0;1741132929578;1570
0;1741132932000;1571
0;1741132934316;1572
0;1741132935072;1573
2;1741132939139;5395
2;1741132944815;5396
2;1741132944930;5397
0;1741132945756;1574
2;1741132945819;5398
2;1741132946328;5399
0;1741132947539;1575
0;1741132949312;1576
0;1741132949465;1577
2;1741132949868;5400
2;1741132954930;5401
0;1741132960511;1578
0;1741132960745;1579
2;1741132965627;5402
2;1741132965818;5403
2;1741132970844;5404
0;1741132973790;1580
0;1741132974971;1581
0;1741132980153;1582
2;1741132980348;5405
2;1741132982596;5406
2;1741132985982;5407
0;1741132988630;1583
2;1741132989130;5408
2;1741132997910;5409
2;1741132998770;5410
0;1741133000014;1584
0;1741133002601;1585
0;1741133002716;1586
0;1741133003464;1587
2;1741133004685;5411
2;1741133009677;5412
2;1741133012758;5413
2;1741133016589;5414
0;1741133020461;1588
2;1741133021742;5415
0;1741133022604;1589
0;1741133030746;1590
0;1741133031610;1591
2;1741133031950;5416
2;1741133035763;5417
2;1741133038702;5418
0;1741133039015;1592
2;1741133040377;5419
0;1741133040810;1593
0;1741133044310;1594
0;1741133048103;1595
2;1741133050640;5420
2;1741133066821;5421
0;1741133069034;1596
2;1741133069421;5422
0;1741133070546;1597
0;1741133070723;1598
2;1741133073548;5423
0;1741133073675;1599
0;1741133075800;1600
2;1741133080223;5424
0;1741133080763;1601
0;1741133082174;1602
2;1741133084877;5425
2;1741133088575;5426
2;1741133088589;5427
2;1741133090018;5428
0;1741133090521;1603
2;1741133091568;5429
0;1741133095405;1604
0;1741133098888;1605
2;1741133101000;5430
2;1741133101144;5431
2;1741133104597;5432
0;1741133105063;1606
0;1741133115011;1607
0;1741133124544;1608
0;1741133125053;1609
2;1741133125950;5433
2;1741133127215;5434
0;1741133129335;1610
2;1741133130651;5435
0;1741133130684;1611
0;1741133131174;1612
2;1741133132464;5436
2;1741133133032;5437
2;1741133136784;5438
0;1741133138346;1613
0;1741133140329;1614
2;1741133142778;5439
0;1741133144720;1615
2;1741133148274;5440
2;1741133150066;5441
0;1741133150346;1616
0;1741133161964;1617
2;1741133163284;5442
2;1741133166605;5443
0;1741133168374;1618
2;1741133172766;5444
2;1741133173066;5445
0;1741133175383;1619
0;1741133181383;1620
0;1741133182619;1621
0;1741133182809;1622
0;1741133185913;1623
2;1741133189654;5446
2;1741133190477;5447
2;1741133194928;5448
2;1741133198655;5449
0;1741133199391;1624
0;1741133201423;1625
2;1741133202565;5450
0;1741133207995;1626
2;1741133209589;5451
0;1741133214479;1627
0;1741133220703;1628
2;1741133223473;5452
2;1741133224663;5453
0;1741133225793;1629
2;1741133226531;5454
0;1741133228634;1630
0;1741133229026;1631
2;1741133231454;5455
0;1741133231484;1632
0;1741133236959;1633
2;1741133237353;5456
2;1741133239133;5457
2;1741133241662;5458
0;1741133242354;1634
2;1741133245608;5459
0;1741133248826;1635
0;1741133250336;1636
0;1741133251465;1637
0;1741133253012;1638
2;1741133255685;5460
2;1741133256051;5461
2;1741133259369;5462
0;1741133268776;1639
2;1741133269773;5463
2;1741133278213;5464
0;1741133279829;1640
0;1741133281748;1641
0;1741133283558;1642
0;1741133286646;1643
2;1741133287721;5465
0;1741133288698;1644
2;1741133290156;5466
2;1741133295122;5467
2;1741133299838;5468
0;1741133301744;1645
0;1741133306628;1646
2;1741133307789;5469
0;1741133310508;1647
2;1741133311250;5470
0;1741133311819;1648
0;1741133312446;1649
2;1741133313274;5471
2;1741133319786;5472
0;1741133323709;1650
2;1741133324084;5473
0;1741133325154;1651
2;1741133325245;5474
0;1741133328523;1652
0;1741133328619;1653
2;1741133331466;5475
2;1741133333748;5476
2;1741133335192;5477
0;1741133337100;1654
0;1741133347171;1655
0;1741133350182;1656
2;1741133351226;5478
2;1741133351277;5479
2;1741133358774;5480
0;1741133362936;1657
2;1741133363490;5481
0;1741133364031;1658
2;1741133365086;5482
0;1741133365102;1659
2;1741133366367;5483
2;1741133367112;5484
0;1741133377318;1660
0;1741133379128;1661
2;1741133379545;5485
0;1741133381309;1662
2;1741133386242;5486
2;1741133386541;5487
0;1741133387432;1663
2;1741133394617;5488
0;1741133398078;1664
2;1741133401641;5489
2;1741133401693;5490
2;1741133401999;5491
0;1741133404906;1665
0;1741133408468;1666
2;1741133409430;5492
0;1741133416092;1667
0;1741133418793;1668
0;1741133419250;1669
2;1741133424147;5493
0;1741133427569;1670
2;1741133429154;5494
2;1741133431448;5495
0;1741133432420;1671
2;1741133433629;5496
0;1741133436716;1672
0;1741133438578;1673
2;1741133439695;5497
0;1741133441127;1674
2;1741133441143;5498
2;1741133441437;5499
2;1741133450690;5500
0;1741133450896;1675
0;1741133451414;1676
2;1741133451542;5501
0;1741133455918;1677
0;1741133458617;1678
2;1741133468899;5502
2;1741133474984;5503
0;1741133477427;1679
2;1741133478421;5504
0;1741133479892;1680
0;1741133481290;1681
2;1741133482490;5505
2;1741133485165;5506
0;1741133489213;1682
0;1741133489229;1683
2;1741133490329;5507
0;1741133492405;1684
2;1741133499310;5508
2;1741133500039;5509
0;1741133501191;1685
0;1741133502847;1686
2;1741133503517;5510
0;1741133510813;1687
0;1741133515068;1688
2;1741133518083;5511
2;1741133519834;5512
0;1741133526392;1689
2;1741133526922;5513
0;1741133530518;1690
2;1741133534815;5514
2;1741133536202;5515
0;1741133539213;1691
0;1741133539688;1692
0;1741133540785;1693
0;1741133544069;1694
2;1741133544931;5516
2;1741133548656;5517
0;1741133549223;1695
2;1741133550139;5518
2;1741133551613;5519
2;1741133551742;5520
0;1741133552773;1696
2;1741133555957;5521
0;1741133562421;1697
0;1741133562570;1698
0;1741133569746;1699
2;1741133570426;5522
0;1741133570577;1700
0;1741133578452;1701
2;1741133578651;5523
2;1741133579258;5524
0;1741133580390;1702
2;1741133582770;5525
2;1741133583802;5526
0;1741133588788;1703
2;1741133589192;5527
0;1741133594824;1704
0;1741133600412;1705
2;1741133601516;5528
0;1741133606156;1706
0;1741133606245;1707
2;1741133607269;5529
0;1741133607951;1708
2;1741133608080;5530
2;1741133608984;5531
0;1741133609003;1709
2;1741133610271;5532
2;1741133619023;5533
0;1741133623070;1710
2;1741133623669;5534
2;1741133628928;5535
2;1741133634576;5536
2;1741133635408;5537
0;1741133639461;1711
0;1741133639885;1712
0;1741133643562;1713
0;1741133644076;1714
0;1741133651898;1715
2;1741133652884;5538
0;1741133656862;1716
0;1741133660430;1717
2;1741133661162;5539
2;1741133666501;5540
2;1741133670056;5541
2;1741133673775;5542
0;1741133674178;1718
0;1741133674462;1719
2;1741133674929;5543
0;1741133675677;1720
0;1741133677486;1721
2;1741133680473;5544
2;1741133681167;5545
0;1741133682992;1722
2;1741133685821;5546
2;1741133690028;5547
0;1741133691030;1723
0;1741133691825;1724
0;1741133693434;1725
0;1741133693768;1726
0;1741133700275;1727
2;1741133704395;5548
0;1741133705934;1728
2;1741133706136;5549
2;1741133706916;5550
2;1741133712975;5551
2;1741133713932;5552
0;1741133714490;1729
0;1741133715238;1730
0;1741133721246;1731
0;1741133722363;1732
2;1741133722392;5553
2;1741133722641;5554
2;1741133728013;5555
0;1741133733527;1733
2;1741133734576;5556
2;1741133736432;5557
2;1741133740157;5558
0;1741133744305;1734
2;1741133747626;5559
0;1741133747713;1735
0;1741133752668;1736
0;1741133752719;1737
0;1741133761432;1738
0;1741133765977;1739
2;1741133768284;5560
2;1741133769562;5561
2;1741133770451;5562
2;1741133773712;5563
2;1741133779403;5564
2;1741133779796;5565
0;1741133779805;1740
2;1741133782486;5566
0;1741133783244;1741
0;1741133783519;1742
2;1741133788078;5567
2;1741133794031;5568
0;1741133798365;1743
0;1741133801789;1744
0;1741133802823;1745
2;1741133803400;5569
2;1741133809029;5570
0;1741133809995;1746
0;1741133814514;1747
2;1741133821120;5571
0;1741133821967;1748
2;1741133822087;5572
0;1741133825882;1749
2;1741133828992;5573
2;1741133830663;5574
0;1741133831278;1750
0;1741133831477;1751
2;1741133839336;5575
0;1741133839606;1752
2;1741133840935;5576
2;1741133842471;5577
0;1741133843401;1753
2;1741133844036;5578
0;1741133844395;1754
0;1741133851427;1755
2;1741133854466;5579
2;1741133855502;5580
0;1741133856520;1756
0;1741133857438;1757
2;1741133858100;5581
2;1741133859940;5582
2;1741133862503;5583
0;1741133863068;1758
0;1741133865085;1759
2;1741133879537;5584
0;1741133881086;1760
2;1741133882853;5585
2;1741133884975;5586
0;1741133885277;1761
2;1741133889120;5587
0;1741133892366;1762
0;1741133893451;1763
0;1741133893935;1764
2;1741133895346;5588
0;1741133896042;1765
2;1741133897048;5589
0;1741133898535;1766
2;1741133903894;5590
0;1741133905662;1767
0;1741133908194;1768
2;1741133912793;5591
2;1741133919247;5592
0;1741133920031;1769
2;1741133926760;5593
0;1741133926866;1770
0;1741133927628;1771
2;1741133931419;5594
0;1741133932468;1772
2;1741133933064;5595
2;1741133938009;5596
0;1741133941524;1773
2;1741133944010;5597
0;1741133944533;1774
2;1741133946134;5598
2;1741133946185;5599
0;1741133948394;1775
2;1741133956060;5600
2;1741133958512;5601
0;1741133961113;1776
2;1741133963526;5602
2;1741133965710;5603
0;1741133965859;1777
2;1741133966215;5604
0;1741133967503;1778
2;1741133970666;5605
0;1741133971071;1779
2;1741133972536;5606
0;1741133975402;1780
0;1741133981056;1781
0;1741133989189;1782
2;1741133990520;5607
0;1741133991573;1783
0;1741133997638;1784
0;1741133999156;1785
0;1741133999351;1786
2;1741134000800;5608
2;1741134005542;5609
0;1741134007077;1787
2;1741134008230;5610
2;1741134009902;5611
2;1741134011741;5612
0;1741134013234;1788
2;1741134016987;5613
0;1741134021600;1789
0;1741134021640;1790
2;1741134027049;5614
0;1741134027490;1791
2;1741134029901;5615
0;1741134030545;1792
0;1741134030590;1793
2;1741134036747;5616
0;1741134039233;1794
2;1741134044935;5617
2;1741134045409;5618
0;1741134048474;1795
2;1741134050551;5619
2;1741134050726;5620
0;1741134057654;1796
2;1741134060107;5621
2;1741134060442;5622
0;1741134063233;1797
0;1741134064676;1798
2;1741134067645;5623
0;1741134068216;1799
2;1741134076525;5624
0;1741134077164;1800
0;1741134079142;1801
0;1741134079187;1802
2;1741134081623;5625
2;1741134086673;5626
2;1741134089874;5627
2;1741134091644;5628
0;1741134096387;1803
2;1741134099412;5629
0;1741134101583;1804
0;1741134103397;1805
2;1741134104296;5630
2;1741134107431;5631
0;1741134108043;1806
0;1741134108526;1807
2;1741134113146;5632
2;1741134113824;5633
0;1741134118849;1808
0;1741134122190;1809
2;1741134123585;5634
2;1741134124539;5635
2;1741134130835;5636
0;1741134131425;1810
2;1741134138718;5637
0;1741134139363;1811
0;1741134140345;1812
0;1741134140748;1813
2;1741134145644;5638
0;1741134148111;1814
0;1741134149993;1815
2;1741134151232;5639
0;1741134152485;1816
0;1741134155422;1817
2;1741134155821;5640
0;1741134156538;1818
2;1741134158058;5641
2;1741134160121;5642
0;1741134160219;1819
2;1741134165082;5643
0;1741134166166;1820
2;1741134171064;5644
2;1741134172053;5645
0;1741134177614;1821
2;1741134181183;5646
0;1741134183194;1822
0;1741134186625;1823
2;1741134188234;5647
2;1741134191096;5648
0;1741134198279;1824
0;1741134199129;1825
2;1741134203384;5649
2;1741134207100;5650
2;1741134209847;5651
0;1741134214067;1826
2;1741134216755;5652
0;1741134220000;1827
2;1741134222481;5653
2;1741134225779;5654
0;1741134226584;1828
0;1741134229463;1829
0;1741134230388;1830
0;1741134231798;1831
0;1741134232272;1832
2;1741134235324;5655
0;1741134237611;1833
0;1741134238264;1834
2;1741134239176;5656
2;1741134240348;5657
2;1741134246060;5658
2;1741134249457;5659
2;1741134249679;5660
0;1741134257581;1835
0;1741134258190;1836
2;1741134259281;5661
0;1741134271867;1837
0;1741134272871;1838
2;1741134274713;5662
2;1741134275952;5663
0;1741134278212;1839
2;1741134278792;5664
0;1741134280389;1840
2;1741134280878;5665
2;1741134281609;5666
0;1741134283872;1841
0;1741134286239;1842
2;1741134292347;5667
0;1741134295854;1843
0;1741134297362;1844
2;1741134298562;5668
2;1741134300922;5669
0;1741134303033;1845
0;1741134306702;1846
0;1741134308355;1847
2;1741134308380;5670
0;1741134311545;1848
0;1741134312184;1849
0;1741134314392;1850
0;1741134315137;1851
2;1741134317346;5671
2;1741134320431;5672
2;1741134321000;5673
2;1741134321211;5674
2;1741134327314;5675
2;1741134331795;5676
0;1741134337025;1852
0;1741134339262;1853
2;1741134340153;5677
2;1741134340535;5678
0;1741134355382;1854
2;1741134356443;5679
0;1741134356951;1855
0;1741134357040;1856
0;1741134358301;1857
0;1741134358360;1858
2;1741134361218;5680
2;1741134363802;5681
2;1741134367096;5682
2;1741134370175;5683
2;1741134370389;5684
0;1741134376463;1859
0;1741134379905;1860
0;1741134381858;1861
2;1741134389155;5685
0;1741134390001;1862
2;1741134394177;5686
0;1741134395599;1863
2;1741134396188;5687
2;1741134397079;5688
2;1741134397830;5689
0;1741134402403;1864
2;1741134407489;5690
2;1741134409440;5691
0;1741134415754;1865
0;1741134415828;1866
2;1741134415860;5692
0;1741134416343;1867
0;1741134418710;1868
0;1741134421422;1869
0;1741134422252;1870
2;1741134424702;5693
0;1741134425534;1871
2;1741134426267;5694
2;1741134427026;5695
2;1741134428625;5696
2;1741134433881;5697
2;1741134436259;5698
2;1741134441715;5699
0;1741134441941;1872
0;1741134443536;1873
0;1741134449949;1874
0;1741134450287;1875
0;1741134451238;1876
2;1741134456728;5700
0;1741134459586;1877
2;1741134460073;5701
0;1741134466583;1878
0;1741134467919;1879
2;1741134471671;5702
2;1741134471963;5703
2;1741134475094;5704
0;1741134475351;1880
2;1741134480781;5705
2;1741134480866;5706
2;1741134484608;5707
0;1741134484747;1881
2;1741134485121;5708
2;1741134487415;5709
0;1741134495436;1882
2;1741134496981;5710
0;1741134499198;1883
0;1741134503934;1884
0;1741134506184;1885
0;1741134509143;1886
2;1741134509773;5711
0;1741134511730;1887
0;1741134512269;1888
0;1741134515808;1889
0;1741134517425;1890
0;1741134521452;1891
2;1741134521896;5712
2;1741134524419;5713
2;1741134529204;5714
0;1741134529289;1892
2;1741134533512;5715
0;1741134536365;1893
2;1741134536403;5716
2;1741134539269;5717
2;1741134540170;5718
0;1741134544828;1894
0;1741134553146;1895
2;1741134553323;5719
2;1741134553355;5720
0;1741134555338;1896
2;1741134562543;5721
0;1741134562845;1897
0;1741134564118;1898
2;1741134566135;5722
0;1741134568385;1899
2;1741134570850;5723
0;1741134574510;1900
2;1741134574554;5724
2;1741134575042;5725
0;1741134578655;1901
0;1741134593296;1902
2;1741134593793;5726
2;1741134594267;5727
0;1741134594980;1903
0;1741134595542;1904
0;1741134597401;1905
2;1741134598691;5728
2;1741134599647;5729
0;1741134602928;1906
0;1741134603559;1907
2;1741134605661;5730
0;1741134605684;1908
2;1741134610006;5731
2;1741134611851;5732
2;1741134622964;5733
2;1741134623321;5734
2;1741134629338;5735
0;1741134631879;1909
2;1741134632917;5736
0;1741134635328;1910
2;1741134638717;5737
0;1741134642930;1911
0;1741134643143;1912
0;1741134647582;1913
0;1741134650263;1914
0;1741134650439;1915
0;1741134651671;1916
2;1741134653527;5738
2;1741134655021;5739
2;1741134657202;5740
0;1741134661847;1917
0;1741134663791;1918
2;1741134665819;5741
2;1741134668413;5742
0;1741134668840;1919
2;1741134669039;5743
0;1741134670426;1920
2;1741134670705;5744
0;1741134672318;1921
0;1741134677798;1922
0;1741134683155;1923
2;1741134684723;5745
2;1741134686011;5746
2;1741134686941;5747
2;1741134692858;5748
0;1741134700199;1924
2;1741134703641;5749
0;1741134703846;1925
0;1741134704594;1926
0;1741134705050;1927
2;1741134706112;5750
0;1741134712142;1928
2;1741134715445;5751
0;1741134716565;1929
2;1741134718019;5752
0;1741134718226;1930
2;1741134720548;5753
0;1741134721939;1931
2;1741134726601;5754
2;1741134726765;5755
2;1741134730392;5756
0;1741134734489;1932
0;1741134735086;1933
2;1741134738717;5757
0;1741134748305;1934
2;1741134748629;5758
2;1741134749850;5759
0;1741134751051;1935
2;1741134755324;5760
0;1741134756889;1936
2;1741134758978;5761
2;1741134760850;5762
0;1741134762008;1937
0;1741134770609;1938
2;1741134771901;5763
2;1741134772657;5764
0;1741134773786;1939
0;1741134779108;1940
0;1741134779958;1941
0;1741134781260;1942
2;1741134783397;5765
0;1741134784696;1943
2;1741134786622;5766
2;1741134791627;5767
2;1741134793859;5768
0;1741134796495;1944
2;1741134800696;5769
0;1741134803847;1945
0;1741134804772;1946
2;1741134807624;5770
2;1741134807844;5771
0;1741134811190;1947
2;1741134813305;5772
2;1741134814602;5773
0;1741134816957;1948
2;1741134817858;5774
2;1741134830866;5775
0;1741134831105;1949
0;1741134831968;1950
2;1741134837101;5776
0;1741134838468;1951
0;1741134838548;1952
2;1741134840462;5777
0;1741134840539;1953
2;1741134841178;5778
0;1741134848992;1954
0;1741134851728;1955
2;1741134852344;5779
0;1741134854618;1956
2;1741134855006;5780
2;1741134860742;5781
2;1741134861866;5782
0;1741134863802;1957
2;1741134864568;5783
0;1741134871135;1958
0;1741134871205;1959
0;1741134873694;1960
0;1741134874168;1961
2;1741134880758;5784
0;1741134884811;1962
0;1741134885076;1963
2;1741134886241;5785
0;1741134891105;1964
2;1741134893859;5786
2;1741134894053;5787
2;1741134896866;5788
0;1741134897048;1965
0;1741134897695;1966
2;1741134899000;5789
2;1741134900098;5790
0;1741134903414;1967
2;1741134905977;5791
2;1741134913466;5792
0;1741134914734;1968
0;1741134925078;1969
2;1741134927504;5793
2;1741134931693;5794
2;1741134934496;5795
2;1741134934722;5796
2;1741134935726;5797
0;1741134936398;1970
0;1741134937623;1971
0;1741134938325;1972
0;1741134940291;1973
2;1741134940369;5798
0;1741134941298;1974
2;1741134941742;5799
2;1741134949247;5800
2;1741134950462;5801
0;1741134952910;1975
0;1741134953661;1976
0;1741134954602;1977
0;1741134957535;1978
0;1741134963102;1979
2;1741134970297;5802
2;1741134971901;5803
2;1741134974067;5804
0;1741134974527;1980
2;1741134976201;5805
2;1741134977008;5806
2;1741134984399;5807
0;1741134985470;1981
0;1741134986244;1982
0;1741134987322;1983
2;1741134997583;5808
0;1741134997850;1984
0;1741134999105;1985
2;1741134999543;5809
0;1741135006072;1986
2;1741135006925;5810
2;1741135011196;5811
2;1741135012410;5812
0;1741135015273;1987
0;1741135018800;1988
2;1741135020634;5813
0;1741135022702;1989
2;1741135023119;5814
2;1741135024524;5815
0;1741135025288;1990
0;1741135025460;1991
0;1741135028562;1992
0;1741135030007;1993
2;1741135030961;5816
0;1741135045191;1994
2;1741135046367;5817
2;1741135046653;5818
0;1741135046926;1995
0;1741135052091;1996
2;1741135052312;5819
2;1741135053513;5820
2;1741135055586;5821
0;1741135058496;1997
2;1741135058741;5822
0;1741135064673;1998
0;1741135069386;1999
2;1741135071879;5823
2;1741135076365;5824
0;1741135077180;2000
0;1741135084191;2001
0;1741135093190;2002
0;1741135095370;2003
2;1741135095950;5825
2;1741135096014;5826
2;1741135097608;5827
0;1741135097734;2004
2;1741135098169;5828
2;1741135098876;5829
0;1741135098953;2005
0;1741135099958;2006
2;1741135107468;5830
0;1741135107823;2007
2;1741135108557;5831
2;1741135113293;5832
2;1741135117119;5833
2;1741135118305;5834
0;1741135123212;2008
0;1741135126525;2009
0;1741135127557;2010
0;1741135129204;2011
0;1741135131388;2012
2;1741135134505;5835
2;1741135137008;5836
2;1741135137726;5837
0;1741135142061;2013
0;1741135142348;2014
2;1741135144847;5838
0;1741135145290;2015
2;1741135148948;5839
0;1741135149405;2016
2;1741135150359;5840
0;1741135157074;2017
2;1741135160537;5841
0;1741135163502;2018
2;1741135165099;5842
2;1741135167082;5843
0;1741135169569;2019
2;1741135171012;5844
0;1741135172215;2020
0;1741135180125;2021
2;1741135182278;5845
2;1741135182778;5846
0;1741135185375;2022
2;1741135191637;5847
2;1741135195047;5848
0;1741135195311;2023
2;1741135196179;5849
0;1741135197499;2024
0;1741135201696;2025
0;1741135205382;2026
0;1741135206020;2027
2;1741135209683;5850
2;1741135215073;5851
2;1741135217708;5852
2;1741135218615;5853
2;1741135221808;5854
2;1741135222182;5855
0;1741135225927;2028
2;1741135227294;5856
2;1741135227402;5857
0;1741135227972;2029
0;1741135228060;2030
0;1741135231025;2031
0;1741135234027;2032
0;1741135235856;2033
0;1741135239678;2034
2;1741135241184;5858
2;1741135253266;5859
0;1741135255510;2035
2;1741135256359;5860
2;1741135259926;5861
2;1741135262797;5862
0;1741135265340;2036
2;1741135266024;5863
0;1741135268618;2037
2;1741135274686;5864
0;1741135275422;2038
0;1741135276758;2039
0;1741135278638;2040
0;1741135282387;2041
2;1741135286079;5865
0;1741135289701;2042
2;1741135290325;5866
2;1741135290484;5867
0;1741135292696;2043
0;1741135293996;2044
0;1741135295498;2045
2;1741135295943;5868
2;1741135297658;5869
0;1741135299966;2046
2;1741135302508;5870
0;1741135307274;2047
0;1741135313127;2048
2;1741135314202;5871
2;1741135314319;5872
2;1741135315602;5873
2;1741135317503;5874
0;1741135319333;2049
0;1741135320181;2050
0;1741135323779;2051
2;1741135324718;5875
2;1741135329112;5876
2;1741135332462;5877
0;1741135338164;2052
0;1741135339128;2053
2;1741135339656;5878
0;1741135341885;2054
0;1741135343787;2055
2;1741135347477;5879
2;1741135351635;5880
0;1741135363313;2056
0;1741135365745;2057
2;1741135365857;5881
2;1741135370889;5882
0;1741135371018;2058
0;1741135371673;2059
2;1741135372924;5883
2;1741135374958;5884
0;1741135375332;2060
0;1741135376310;2061
2;1741135379793;5885
2;1741135383023;5886
0;1741135383040;2062
2;1741135384709;5887
2;1741135392083;5888
0;1741135393481;2063
0;1741135394319;2064
2;1741135394749;5889
2;1741135397356;5890
0;1741135400174;2065
2;1741135405719;5891
2;1741135409185;5892
0;1741135412946;2066
2;1741135415504;5893
0;1741135417141;2067
2;1741135417543;5894
2;1741135418261;5895
0;1741135418618;2068
0;1741135420857;2069
0;1741135421272;2070
0;1741135423479;2071
0;1741135427778;2072
2;1741135431910;5896
0;1741135432427;2073
2;1741135439678;5897
2;1741135440363;5898
2;1741135444121;5899
2;1741135451669;5900
0;1741135453139;2074
2;1741135455856;5901
0;1741135460023;2075
0;1741135462858;2076
0;1741135463784;2077
0;1741135465735;2078
0;1741135466884;2079
0;1741135470726;2080
2;1741135476499;5902
2;1741135477105;5903
2;1741135477518;5904
2;1741135479151;5905
2;1741135482006;5906
2;1741135484164;5907
0;1741135484190;2081
0;1741135497625;2082
2;1741135497738;5908
0;1741135498251;2083
0;1741135500753;2084
0;1741135505927;2085
2;1741135506907;5909
2;1741135508508;5910
0;1741135509859;2086
2;1741135510888;5911
0;1741135512356;2087
2;1741135513876;5912
0;1741135520207;2088
2;1741135522221;5913
2;1741135523097;5914
0;1741135528496;2089
0;1741135530203;2090
0;1741135530909;2091
0;1741135532205;2092
0;1741135534488;2093
0;1741135538070;2094
2;1741135538913;5915
0;1741135539560;2095
2;1741135539731;5916
2;1741135540076;5917
2;1741135540807;5918
2;1741135548453;5919
0;1741135548474;2096
2;1741135552530;5920
0;1741135559253;2097
2;1741135560492;5921
0;1741135562682;2098
0;1741135568014;2099
2;1741135572995;5922
2;1741135573882;5923
0;1741135576690;2100
2;1741135578305;5924
0;1741135581238;2101
0;1741135584658;2102
2;1741135585145;5925
0;1741135585909;2103
2;1741135590789;5926
2;1741135590874;5927
0;1741135590956;2104
2;1741135600337;5928
0;1741135601102;2105
2;1741135601900;5929
0;1741135604480;2106
0;1741135605002;2107
2;1741135605559;5930
2;1741135606649;5931
2;1741135611773;5932
0;1741135616345;2108
2;1741135620344;5933
0;1741135621731;2109
2;1741135622816;5934
0;1741135623186;2110
0;1741135625467;2111
0;1741135626711;2112
2;1741135628694;5935
2;1741135637841;5936
0;1741135637985;2113
0;1741135639613;2114
2;1741135641428;5937
0;1741135647207;2115
2;1741135648973;5938
0;1741135653040;2116
2;1741135654848;5939
2;1741135658403;5940
0;1741135661511;2117
0;1741135662106;2118
2;1741135665060;5941
2;1741135666258;5942
2;1741135668495;5943
0;1741135673820;2119
0;1741135675722;2120
0;1741135678486;2121
2;1741135684319;5944
2;1741135686815;5945
2;1741135688619;5946
0;1741135690648;2122
0;1741135694572;2123
2;1741135699356;5947
0;1741135700421;2124
0;1741135702572;2125
2;1741135702791;5948
0;1741135705220;2126
2;1741135707085;5949
0;1741135707698;2127
0;1741135708030;2128
2;1741135709664;5950
2;1741135712739;5951
0;1741135714536;2129
2;1741135717269;5952
2;1741135717857;5953
0;1741135718540;2130
0;1741135721304;2131
0;1741135725244;2132
2;1741135726897;5954
2;1741135727021;5955
2;1741135729345;5956
2;1741135730440;5957
2;1741135731696;5958
0;1741135732388;2133
0;1741135744847;2134
0;1741135749354;2135
2;1741135751011;5959
2;1741135751268;5960
2;1741135751374;5961
0;1741135754250;2136
0;1741135756308;2137
0;1741135762989;2138
2;1741135763856;5962
2;1741135764019;5963
0;1741135768310;2139
0;1741135768934;2140
0;1741135775494;2141
2;1741135779361;5964
2;1741135781632;5965
0;1741135781792;2142
2;1741135785015;5966
2;1741135787149;5967
0;1741135787978;2143
0;1741135788050;2144
2;1741135791056;5968
2;1741135801035;5969
2;1741135803314;5970
0;1741135811372;2145
0;1741135813892;2146
2;1741135813939;5971
0;1741135815329;2147
2;1741135815356;5972
0;1741135816318;2148
2;1741135819637;5973
0;1741135820197;2149
0;1741135822303;2150
0;1741135827445;2151
2;1741135828376;5974
2;1741135832015;5975
2;1741135834549;5976
2;1741135835922;5977
2;1741135838066;5978
0;1741135839424;2152
0;1741135844383;2153
0;1741135847087;2154
0;1741135848930;2155
2;1741135850306;5979
2;1741135852128;5980
0;1741135852362;2156
0;1741135853015;2157
2;1741135855440;5981
0;1741135865989;2158
2;1741135866090;5982
2;1741135866146;5983
0;1741135870954;2159
2;1741135873085;5984
0;1741135876857;2160
0;1741135883879;2161
0;1741135884034;2162
0;1741135885589;2163
2;1741135888187;5985
2;1741135889088;5986
0;1741135894098;2164
0;1741135895588;2165
2;1741135895944;5987
2;1741135898393;5988
2;1741135901641;5989
2;1741135902562;5990
0;1741135906999;2166
0;1741135910115;2167
2;1741135910920;5991
0;1741135913114;2168
2;1741135913304;5992
0;1741135915285;2169
0;1741135918310;2170
0;1741135922049;2171
2;1741135927326;5993
2;1741135929733;5994
0;1741135931180;2172
2;1741135932854;5995
2;1741135933305;5996
2;1741135941818;5997
2;1741135944013;5998
0;1741135946901;2173
2;1741135946963;5999
2;1741135947500;6000
0;1741135947725;2174
2;1741135951816;6001
0;1741135952475;2175
0;1741135953855;2176
0;1741135954072;2177
2;1741135960183;6002
0;1741135963159;2178
2;1741135965248;6003
0;1741135972758;2179
2;1741135973726;6004
0;1741135978074;2180
0;1741135979223;2181
2;1741135983430;6005
2;1741135987086;6006
2;1741135987886;6007
0;1741135990493;2182
2;1741135993706;6008
2;1741135993801;6009
0;1741135995233;2183
0;1741135996822;2184
2;1741136001374;6010
0;1741136003096;2185
0;1741136003488;2186
0;1741136009157;2187
0;1741136010525;2188
0;1741136011344;2189
2;1741136013918;6011
0;1741136019963;2190
2;1741136022131;6012
2;1741136026870;6013
0;1741136032987;2191
0;1741136035077;2192
0;1741136035259;2193
0;1741136035501;2194
2;1741136038494;6014
2;1741136039343;6015
0;1741136040342;2195
2;1741136041050;6016
2;1741136042458;6017
2;1741136046480;6018
2;1741136046542;6019
2;1741136050966;6020
0;1741136054678;2196
2;1741136064634;6021
0;1741136065749;2197
2;1741136067348;6022
0;1741136067611;2198
0;1741136070270;2199
2;1741136074939;6023
2;1741136076901;6024
0;1741136078230;2200
2;1741136079556;6025
2;1741136081146;6026
0;1741136082155;2201
0;1741136086912;2202
2;1741136087893;6027
0;1741136088748;2203
2;1741136089102;6028
2;1741136091453;6029
0;1741136092544;2204
0;1741136099168;2205
2;1741136099430;6030
2;1741136103205;6031
2;1741136103596;6032
0;1741136109534;2206
0;1741136110967;2207
0;1741136115001;2208
2;1741136118246;6033
0;1741136122172;2209
0;1741136122584;2210
0;1741136123090;2211
0;1741136124884;2212
2;1741136127059;6034
2;1741136131673;6035
2;1741136132696;6036
0;1741136139300;2213
0;1741136140914;2214
0;1741136146782;2215
2;1741136148654;6037
2;1741136148895;6038
2;1741136150221;6039
0;1741136150988;2216
2;1741136153137;6040
0;1741136161682;2217
2;1741136163407;6041
2;1741136163430;6042
2;1741136163446;6043
0;1741136165197;2218
0;1741136172393;2219
2;1741136175511;6044
0;1741136177080;2220
2;1741136181791;6045
2;1741136185533;6046
0;1741136185771;2221
0;1741136187314;2222
2;1741136190055;6047
0;1741136190746;2223
2;1741136198148;6048
2;1741136203754;6049
2;1741136205270;6050
0;1741136205862;2224
2;1741136207190;6051
0;1741136207882;2225
0;1741136208496;2226
2;1741136208681;6052
0;1741136210620;2227
2;1741136210672;6053
0;1741136215964;2228
0;1741136217588;2229
0;1741136221114;2230
2;1741136224197;6054
0;1741136225616;2231
0;1741136227109;2232
2;1741136227765;6055
2;1741136231768;6056
2;1741136233074;6057
0;1741136237393;2233
2;1741136242037;6058
0;1741136244067;2234
0;1741136244701;2235
2;1741136251996;6059
2;1741136257791;6060
2;1741136258753;6061
2;1741136264492;6062
0;1741136265602;2236
2;1741136267030;6063
2;1741136267941;6064
0;1741136268983;2237
0;1741136269137;2238
2;1741136272229;6065
0;1741136272871;2239
0;1741136277658;2240
0;1741136278309;2241
0;1741136280098;2242
2;1741136280873;6066
2;1741136282734;6067
0;1741136288008;2243
2;1741136291950;6068
2;1741136292622;6069
0;1741136293023;2244
2;1741136296727;6070
0;1741136300736;2245
0;1741136300978;2246
2;1741136301096;6071
0;1741136301661;2247
0;1741136312415;2248
0;1741136315351;2249
2;1741136316115;6072
0;1741136318178;2250
2;1741136320891;6073
0;1741136323792;2251
2;1741136332347;6074
0;1741136334503;2252
2;1741136338170;6075
2;1741136339294;6076
2;1741136341769;6077
0;1741136342576;2253
2;1741136343833;6078
2;1741136344957;6079
2;1741136346310;6080
0;1741136347745;2254
0;1741136349699;2255
0;1741136352668;2256
2;1741136353630;6081
0;1741136359722;2257
2;1741136360134;6082
0;1741136361431;2258
2;1741136364398;6083
0;1741136366123;2259
2;1741136373114;6084
0;1741136379129;2260
2;1741136379638;6085
0;1741136382823;2261
2;1741136384764;6086
0;1741136384949;2262
2;1741136388712;6087
0;1741136389018;2263
2;1741136390400;6088
0;1741136392482;2264
0;1741136393642;2265
2;1741136398523;6089
0;1741136404412;2266
2;1741136405081;6090
2;1741136405153;6091
2;1741136412432;6092
0;1741136412702;2267
0;1741136413787;2268
0;1741136414267;2269
0;1741136422118;2270
2;1741136424040;6093
0;1741136430949;2271
0;1741136432442;2272
2;1741136434900;6094
0;1741136436141;2273
0;1741136439598;2274
2;1741136441805;6095
2;1741136445829;6096
2;1741136446193;6097
2;1741136449749;6098
2;1741136449774;6099
0;1741136450445;2275
2;1741136450514;6100
0;1741136458002;2276
0;1741136461461;2277
0;1741136465154;2278
2;1741136470187;6101
2;1741136473047;6102
0;1741136474740;2279
2;1741136475269;6103
2;1741136475276;6104
0;1741136478463;2280
2;1741136484235;6105
2;1741136486474;6106
0;1741136487924;2281
2;1741136488434;6107
0;1741136490732;2282
0;1741136491245;2283
2;1741136492144;6108
0;1741136493384;2284
2;1741136496472;6109
0;1741136502062;2285
2;1741136505493;6110
0;1741136505616;2286
0;1741136508090;2287
2;1741136516232;6111
2;1741136518795;6112
0;1741136518822;2288
2;1741136521146;6113
0;1741136521278;2289
2;1741136524766;6114
0;1741136525050;2290
2;1741136529217;6115
0;1741136531635;2291
0;1741136534125;2292
2;1741136534683;6116
0;1741136536092;2293
0;1741136536742;2294
2;1741136538418;6117
2;1741136540010;6118
2;1741136544090;6119
0;1741136547360;2295
2;1741136548632;6120
0;1741136550880;2296
0;1741136555272;2297
0;1741136560838;2298
2;1741136565134;6121
0;1741136567550;2299
2;1741136568626;6122
2;1741136571977;6123
0;1741136572784;2300
2;1741136573494;6124
0;1741136573567;2301
2;1741136576982;6125
2;1741136579823;6126
0;1741136584063;2302
0;1741136588725;2303
2;1741136589050;6127
2;1741136591596;6128
0;1741136592310;2304
2;1741136596560;6129
0;1741136600878;2305
2;1741136603303;6130
2;1741136606270;6131
2;1741136608851;6132
0;1741136610532;2306
2;1741136613209;6133
0;1741136618177;2307
0;1741136618656;2308
0;1741136619440;2309
2;1741136625642;6134
0;1741136628176;2310
2;1741136628801;6135
0;1741136633615;2311
0;1741136636787;2312
0;1741136639943;2313
0;1741136641066;2314
2;1741136643971;6136
0;1741136650481;2315
2;1741136651169;6137
2;1741136651981;6138
2;1741136653850;6139
2;1741136656551;6140
2;1741136657003;6141
0;1741136659079;2316
0;1741136660121;2317
2;1741136666728;6142
0;1741136671620;2318
0;1741136671849;2319
0;1741136672834;2320
0;1741136675794;2321
2;1741136678533;6143
0;1741136681361;2322
2;1741136682329;6144
2;1741136683664;6145
2;1741136684775;6146
2;1741136686125;6147
0;1741136686218;2323
2;1741136687807;6148
2;1741136691784;6149
0;1741136698376;2324
2;1741136707579;6150
0;1741136707655;2325
2;1741136708299;6151
0;1741136708599;2326
0;1741136709180;2327
0;1741136710242;2328
0;1741136715151;2329
2;1741136718448;6152
0;1741136719910;2330
2;1741136724311;6153
0;1741136731832;2331
2;1741136739444;6154
2;1741136739829;6155
0;1741136740811;2332
0;1741136741181;2333
2;1741136741480;6156
0;1741136741667;2334
2;1741136746589;6157
0;1741136746773;2335
0;1741136747505;2336
0;1741136748039;2337
2;1741136750769;6158
2;1741136752079;6159
2;1741136752769;6160
2;1741136756950;6161
2;1741136758347;6162
2;1741136763032;6163
2;1741136769469;6164
2;1741136769625;6165
0;1741136770310;2338
0;1741136771212;2339
0;1741136771422;2340
2;1741136776965;6166
0;1741136777564;2341
2;1741136788150;6167
0;1741136795047;2342
0;1741136795954;2343
0;1741136797413;2344
0;1741136802480;2345
0;1741136803775;2346
0;1741136806589;2347
2;1741136807178;6168
2;1741136811231;6169
0;1741136812234;2348
0;1741136813344;2349
2;1741136817752;6170
2;1741136818114;6171
0;1741136820130;2350
0;1741136821513;2351
2;1741136823634;6172
2;1741136823681;6173
2;1741136829590;6174
2;1741136831715;6175
2;1741136834662;6176
0;1741136838942;2352
2;1741136839922;6177
0;1741136844594;2353
0;1741136848846;2354
2;1741136849815;6178
2;1741136851565;6179
0;1741136854209;2355
0;1741136859483;2356
2;1741136860348;6180
0;1741136861589;2357
0;1741136863834;2358
2;1741136863865;6181
0;1741136871927;2359
2;1741136873340;6182
2;1741136875136;6183
2;1741136876997;6184
2;1741136881312;6185
0;1741136884042;2360
0;1741136888168;2361
2;1741136892620;6186
0;1741136892777;2362
2;1741136893172;6187
2;1741136895697;6188
2;1741136898028;6189
0;1741136900958;2363
0;1741136901476;2364
2;1741136901607;6190
0;1741136903132;2365
0;1741136903228;2366
2;1741136903296;6191
2;1741136909399;6192
2;1741136912787;6193
0;1741136913856;2367
0;1741136917348;2368
0;1741136919482;2369
2;1741136919933;6194
0;1741136920841;2370
0;1741136928530;2371
0;1741136929222;2372
2;1741136934050;6195
0;1741136934730;2373
2;1741136942856;6196
0;1741136945333;2374
2;1741136946737;6197
2;1741136947534;6198
0;1741136948111;2375
2;1741136953412;6199
0;1741136954001;2376
0;1741136959303;2377
2;1741136960807;6200
2;1741136961206;6201
2;1741136961218;6202
0;1741136965083;2378
2;1741136974279;6203
2;1741136975759;6204
0;1741136981053;2379
0;1741136981124;2380
2;1741136982215;6205
0;1741136985754;2381
0;1741136988912;2382
0;1741136991565;2383
0;1741136995850;2384
2;1741136998527;6206
2;1741136998671;6207
0;1741137002497;2385
2;1741137003154;6208
0;1741137004885;2386
0;1741137005909;2387
2;1741137007480;6209
2;1741137008705;6210
2;1741137010465;6211
0;1741137018374;2388
0;1741137018936;2389
0;1741137020715;2390
2;1741137020844;6212
2;1741137021175;6213
2;1741137023528;6214
2;1741137026836;6215
2;1741137028115;6216
2;1741137035692;6217
2;1741137037633;6218
0;1741137037847;2391
0;1741137038625;2392
0;1741137043397;2393
0;1741137044191;2394
0;1741137049682;2395
2;1741137052303;6219
0;1741137052613;2396
2;1741137054736;6220
2;1741137063896;6221
0;1741137065352;2397
2;1741137065782;6222
2;1741137070165;6223
0;1741137074547;2398
0;1741137075025;2399
0;1741137076975;2400
2;1741137077288;6224
2;1741137078707;6225
0;1741137080245;2401
0;1741137080774;2402
2;1741137081269;6226
0;1741137081686;2403
2;1741137088000;6227
2;1741137091011;6228
0;1741137102335;2404
2;1741137104812;6229
0;1741137106824;2405
0;1741137107716;2406
2;1741137109630;6230
2;1741137114069;6231
0;1741137114373;2407
0;1741137114988;2408
0;1741137116464;2409
2;1741137120994;6232
2;1741137124071;6233
2;1741137130162;6234
2;1741137130402;6235
2;1741137132136;6236
0;1741137132642;2410
0;1741137133491;2411
2;1741137134754;6237
0;1741137135472;2412
0;1741137140507;2413
0;1741137140849;2414
2;1741137142242;6238
0;1741137143784;2415
2;1741137146295;6239
2;1741137149148;6240
0;1741137150369;2416
2;1741137150854;6241
2;1741137151233;6242
0;1741137156698;2417
0;1741137164482;2418
2;1741137165162;6243
0;1741137166306;2419
0;1741137167887;2420
2;1741137168862;6244
0;1741137172196;2421
0;1741137174590;2422
0;1741137181188;2423
2;1741137183418;6245
2;1741137185641;6246
0;1741137186644;2424
2;1741137191724;6247
0;1741137192210;2425
2;1741137195107;6248
0;1741137199624;2426
0;1741137208760;2427
2;1741137208790;6249
0;1741137209093;2428
0;1741137211073;2429
2;1741137215386;6250
2;1741137215909;6251
2;1741137217096;6252
2;1741137217995;6253
0;1741137219326;2430
0;1741137221674;2431
2;1741137225674;6254
0;1741137232922;2432
0;1741137234354;2433
2;1741137236177;6255
2;1741137239746;6256
2;1741137246861;6257
0;1741137246894;2434
2;1741137247525;6258
0;1741137248314;2435
0;1741137248682;2436
2;1741137249431;6259
0;1741137255031;2437
2;1741137260383;6260
2;1741137261893;6261
0;1741137272876;2438
2;1741137274161;6262
0;1741137274304;2439
2;1741137277828;6263
2;1741137278644;6264
2;1741137279406;6265
0;1741137280028;2440
2;1741137284878;6266
0;1741137285068;2441
2;1741137285951;6267
2;1741137290227;6268
0;1741137293929;2442
0;1741137294890;2443
0;1741137296612;2444
0;1741137296955;2445
2;1741137300286;6269
2;1741137303119;6270
0;1741137303248;2446
2;1741137306560;6271
2;1741137311583;6272
0;1741137312201;2447
0;1741137313561;2448
2;1741137314976;6273
0;1741137322989;2449
2;1741137323492;6274
2;1741137325660;6275
0;1741137329732;2450
0;1741137330810;2451
2;1741137331903;6276
2;1741137333212;6277
0;1741137334047;2452
0;1741137338127;2453
2;1741137342892;6278
0;1741137347514;2454
0;1741137348059;2455
0;1741137350120;2456
0;1741137353333;2457
0;1741137357014;2458
2;1741137360860;6279
2;1741137363877;6280
2;1741137365418;6281
0;1741137366163;2459
0;1741137367247;2460
2;1741137369829;6282
2;1741137371974;6283
2;1741137371998;6284
2;1741137380058;6285
0;1741137383157;2461
2;1741137383250;6286
2;1741137385517;6287
2;1741137388486;6288
0;1741137390784;2462
0;1741137394150;2463
0;1741137394266;2464
2;1741137395172;6289
0;1741137403159;2465
2;1741137405209;6290
0;1741137413062;2466
0;1741137413123;2467
2;1741137414941;6291
0;1741137417712;2468
2;1741137422729;6292
0;1741137424270;2469
2;1741137425310;6293
0;1741137426915;2470
2;1741137428588;6294
0;1741137430784;2471
0;1741137431614;2472
0;1741137437247;2473
2;1741137440372;6295
2;1741137441891;6296
2;1741137444391;6297
2;1741137445177;6298
2;1741137445310;6299
0;1741137445483;2474
0;1741137446744;2475
2;1741137449655;6300
0;1741137450562;2476
0;1741137452286;2477
2;1741137452810;6301
2;1741137463084;6302
2;1741137464222;6303
0;1741137467015;2478
0;1741137471512;2479
2;1741137473086;6304
0;1741137474978;2480
2;1741137477048;6305
0;1741137477397;2481
0;1741137478602;2482
0;1741137481165;2483
2;1741137485714;6306
0;1741137489926;2484
3;1741137492999;134
2;1741137493927;6307
3;1741137497998;135
2;1741137498105;6308
0;1741137500356;2485
3;1741137502999;136
0;1741137503339;2486
2;1741137507055;6309
2;1741137507397;6310
3;1741137507999;137
2;1741137510905;6311
0;1741137511371;2487
3;1741137512999;138
0;1741137514656;2488
