3;04-03-2025 02:31:47.975;04-03-2025 02:31:38.015;9960
3;04-03-2025 02:37:22.984;04-03-2025 02:37:08.024;14960
3;04-03-2025 03:16:42.983;04-03-2025 03:16:28.019;14964
3;04-03-2025 03:31:52.984;04-03-2025 03:31:38.018;14966
2;04-03-2025 05:24:47.881;04-03-2025 05:24:43.265;4616
2;04-03-2025 05:49:42.983;04-03-2025 05:49:38.344;4639
3;04-03-2025 06:01:02.984;04-03-2025 06:00:48.015;14969
3;04-03-2025 06:09:47.977;04-03-2025 06:09:33.020;14957
3;04-03-2025 06:30:27.982;04-03-2025 06:30:13.067;14915
3;04-03-2025 07:23:12.984;04-03-2025 07:22:58.008;14976
3;04-03-2025 08:19:47.980;04-03-2025 08:19:33.114;14866
3;04-03-2025 09:31:47.978;04-03-2025 09:31:33.022;14956
3;04-03-2025 09:51:47.977;04-03-2025 09:51:33.064;14913
3;04-03-2025 09:54:17.985;04-03-2025 09:54:03.036;14949
3;04-03-2025 09:57:32.982;04-03-2025 09:57:18.050;14932
3;04-03-2025 10:11:47.976;04-03-2025 10:11:33.092;14884
3;04-03-2025 10:15:47.977;04-03-2025 10:15:38.183;9794
3;04-03-2025 10:15:57.983;04-03-2025 10:15:38.183;19800
3;04-03-2025 10:16:08.009;04-03-2025 10:15:38.183;29826
3;04-03-2025 10:16:37.983;04-03-2025 10:16:23.184;14799
3;04-03-2025 10:17:02.983;04-03-2025 10:16:48.174;14809
3;04-03-2025 10:17:13.206;04-03-2025 10:17:03.181;10025
3;04-03-2025 10:17:23.229;04-03-2025 10:17:03.181;20048
0;04-03-2025 10:17:25.957;04-03-2025 10:17:23.156;2801
3;04-03-2025 10:17:33.251;04-03-2025 10:17:03.181;30070
3;04-03-2025 10:17:43.276;04-03-2025 10:17:03.181;40095
0;04-03-2025 10:17:52.598;04-03-2025 10:17:48.275;4323
3;04-03-2025 10:17:53.297;04-03-2025 10:17:03.181;50116
1;04-03-2025 10:17:53.854;04-03-2025 10:17:53.090;764
3;04-03-2025 10:18:04.011;04-03-2025 10:17:53.978;10033
1;04-03-2025 10:18:11.010;04-03-2025 10:18:03.082;7928
3;04-03-2025 10:18:14.682;04-03-2025 10:18:04.650;10032
1;04-03-2025 10:18:23.987;04-03-2025 10:18:23.088;899
3;04-03-2025 10:18:24.918;04-03-2025 10:18:14.888;10030
3;04-03-2025 10:18:34.943;04-03-2025 10:18:14.888;20055
3;04-03-2025 10:19:02.983;04-03-2025 10:18:48.164;14819
0;04-03-2025 10:19:08.221;04-03-2025 10:19:05.582;2639
3;04-03-2025 10:19:17.983;04-03-2025 10:19:03.428;14555
3;04-03-2025 10:19:37.983;04-03-2025 10:19:23.170;14813
3;04-03-2025 10:19:47.978;04-03-2025 10:19:23.170;24808
3;04-03-2025 10:19:57.981;04-03-2025 10:19:23.170;34811
3;04-03-2025 10:20:37.984;04-03-2025 10:20:23.183;14801
0;04-03-2025 10:20:42.453;04-03-2025 10:20:41.303;1150
3;04-03-2025 10:20:47.977;04-03-2025 10:20:23.183;24794
0;04-03-2025 10:21:00.028;04-03-2025 10:20:48.167;11861
0;04-03-2025 10:21:19.755;04-03-2025 10:21:18.164;1591
0;04-03-2025 10:21:26.826;04-03-2025 10:21:23.339;3487
3;04-03-2025 10:21:27.983;04-03-2025 10:21:13.163;14820
1;04-03-2025 10:21:30.019;04-03-2025 10:21:23.160;6859
0;04-03-2025 10:21:36.918;04-03-2025 10:21:33.168;3750
1;04-03-2025 10:21:43.701;04-03-2025 10:21:43.140;561
3;04-03-2025 10:21:47.975;04-03-2025 10:21:33.181;14794
3;04-03-2025 10:22:22.983;04-03-2025 10:22:08.168;14815
3;04-03-2025 10:22:33.004;04-03-2025 10:22:08.168;24836
1;04-03-2025 10:22:37.263;04-03-2025 10:22:33.256;4007
3;04-03-2025 10:22:47.978;04-03-2025 10:22:33.671;14307
3;04-03-2025 10:23:07.986;04-03-2025 10:22:53.188;14798
3;04-03-2025 10:23:18.224;04-03-2025 10:23:08.195;10029
1;04-03-2025 10:23:45.249;04-03-2025 10:23:40.267;4982
3;04-03-2025 10:23:52.985;04-03-2025 10:23:38.175;14810
3;04-03-2025 10:24:03.210;04-03-2025 10:23:53.184;10026
1;04-03-2025 10:24:10.111;04-03-2025 10:24:08.312;1799
3;04-03-2025 10:24:13.237;04-03-2025 10:23:53.184;20053
3;04-03-2025 10:24:23.467;04-03-2025 10:24:13.439;10028
0;04-03-2025 10:24:27.238;04-03-2025 10:24:23.211;4027
1;04-03-2025 10:24:27.981;04-03-2025 10:24:23.129;4852
3;04-03-2025 10:24:33.705;04-03-2025 10:24:23.678;10027
1;04-03-2025 10:24:37.809;04-03-2025 10:24:35.110;2699
3;04-03-2025 10:24:47.978;04-03-2025 10:24:34.383;13595
3;04-03-2025 10:25:02.983;04-03-2025 10:24:48.193;14790
0;04-03-2025 10:25:05.526;04-03-2025 10:25:03.157;2369
3;04-03-2025 10:25:22.986;04-03-2025 10:25:08.204;14782
1;04-03-2025 10:25:31.012;04-03-2025 10:25:28.093;2919
3;04-03-2025 10:25:47.976;04-03-2025 10:25:33.161;14815
0;04-03-2025 10:25:48.293;04-03-2025 10:25:31.490;16803
0;04-03-2025 10:25:50.339;04-03-2025 10:25:31.490;18849
3;04-03-2025 10:25:57.981;04-03-2025 10:25:33.161;24820
3;04-03-2025 10:26:22.983;04-03-2025 10:26:08.166;14817
1;04-03-2025 10:26:30.177;04-03-2025 10:26:28.270;1907
1;04-03-2025 10:26:46.413;04-03-2025 10:26:43.157;3256
0;04-03-2025 10:27:08.806;04-03-2025 10:27:08.204;602
3;04-03-2025 10:27:17.985;04-03-2025 10:27:03.170;14815
3;04-03-2025 10:27:28.217;04-03-2025 10:27:18.194;10023
3;04-03-2025 10:27:38.238;04-03-2025 10:27:18.194;20044
3;04-03-2025 10:27:47.979;04-03-2025 10:27:38.658;9321
0;04-03-2025 10:28:02.999;04-03-2025 10:27:58.152;4847
3;04-03-2025 10:28:17.989;04-03-2025 10:28:03.199;14790
1;04-03-2025 10:28:36.589;04-03-2025 10:28:35.878;711
0;04-03-2025 10:28:41.884;04-03-2025 10:28:38.217;3667
3;04-03-2025 10:29:02.989;04-03-2025 10:28:48.211;14778
3;04-03-2025 10:29:13.009;04-03-2025 10:28:48.211;24798
3;04-03-2025 10:29:23.032;04-03-2025 10:28:48.211;34821
3;04-03-2025 10:29:33.295;04-03-2025 10:29:23.268;10027
3;04-03-2025 10:29:43.322;04-03-2025 10:29:23.268;20054
1;04-03-2025 10:29:43.705;04-03-2025 10:29:43.648;57
3;04-03-2025 10:30:07.987;04-03-2025 10:29:53.177;14810
3;04-03-2025 10:30:22.989;04-03-2025 10:30:08.407;14582
0;04-03-2025 10:30:34.411;04-03-2025 10:30:33.373;1038
3;04-03-2025 10:30:42.988;04-03-2025 10:30:28.165;14823
0;04-03-2025 10:30:46.944;04-03-2025 10:30:45.884;1060
1;04-03-2025 10:31:07.654;04-03-2025 10:31:03.100;4554
3;04-03-2025 10:31:07.986;04-03-2025 10:30:53.171;14815
0;04-03-2025 10:31:26.646;04-03-2025 10:31:20.538;6108
3;04-03-2025 10:31:37.987;04-03-2025 10:31:23.174;14813
0;04-03-2025 10:31:40.258;04-03-2025 10:31:38.153;2105
3;04-03-2025 10:31:52.985;04-03-2025 10:31:38.448;14537
3;04-03-2025 10:32:12.986;04-03-2025 10:31:58.174;14812
3;04-03-2025 10:32:23.219;04-03-2025 10:32:13.196;10023
2;04-03-2025 10:32:32.842;04-03-2025 10:32:31.045;1797
1;04-03-2025 10:32:57.632;04-03-2025 10:32:53.075;4557
3;04-03-2025 10:33:02.988;04-03-2025 10:32:48.089;14899
3;04-03-2025 10:34:12.990;04-03-2025 10:33:58.069;14921
3;04-03-2025 10:34:47.977;04-03-2025 10:34:33.098;14879
3;04-03-2025 10:36:12.983;04-03-2025 10:35:58.095;14888
3;04-03-2025 10:36:52.981;04-03-2025 10:36:38.079;14902
3;04-03-2025 10:38:12.983;04-03-2025 10:37:58.156;14827
3;04-03-2025 10:38:23.150;04-03-2025 10:38:13.125;10025
3;04-03-2025 10:39:02.981;04-03-2025 10:38:48.087;14894
3;04-03-2025 10:42:02.982;04-03-2025 10:41:48.068;14914
3;04-03-2025 10:42:13.007;04-03-2025 10:41:48.068;24939
3;04-03-2025 10:42:47.978;04-03-2025 10:42:33.079;14899
3;04-03-2025 10:43:47.975;04-03-2025 10:43:33.070;14905
3;04-03-2025 10:44:32.982;04-03-2025 10:44:18.126;14856
3;04-03-2025 10:45:27.983;04-03-2025 10:45:13.062;14921
3;04-03-2025 10:46:37.983;04-03-2025 10:46:23.090;14893
3;04-03-2025 10:47:27.984;04-03-2025 10:47:13.069;14915
3;04-03-2025 10:48:47.977;04-03-2025 10:48:33.109;14868
3;04-03-2025 10:49:27.982;04-03-2025 10:49:13.106;14876
3;04-03-2025 10:49:57.982;04-03-2025 10:49:43.106;14876
3;04-03-2025 10:51:42.982;04-03-2025 10:51:28.140;14842
3;04-03-2025 10:52:17.980;04-03-2025 10:52:03.101;14879
3;04-03-2025 10:54:52.982;04-03-2025 10:54:38.061;14921
3;04-03-2025 10:55:03.144;04-03-2025 10:54:53.118;10026
3;04-03-2025 10:58:07.982;04-03-2025 10:57:53.058;14924
3;04-03-2025 10:58:22.981;04-03-2025 10:58:08.208;14773
3;04-03-2025 10:58:47.975;04-03-2025 10:58:38.085;9890
3;04-03-2025 10:59:22.981;04-03-2025 10:59:08.080;14901
3;04-03-2025 10:59:33.125;04-03-2025 10:59:23.099;10026
3;04-03-2025 11:00:47.975;04-03-2025 11:00:33.061;14914
3;04-03-2025 11:02:02.984;04-03-2025 11:01:48.097;14887
3;04-03-2025 11:03:32.981;04-03-2025 11:03:18.074;14907
3;04-03-2025 11:03:47.978;04-03-2025 11:03:33.195;14783
3;04-03-2025 11:04:52.984;04-03-2025 11:04:38.181;14803
3;04-03-2025 11:05:27.983;04-03-2025 11:05:13.075;14908
3;04-03-2025 11:05:42.984;04-03-2025 11:05:28.257;14727
3;04-03-2025 11:05:53.121;04-03-2025 11:05:43.096;10025
3;04-03-2025 11:06:37.983;04-03-2025 11:06:23.085;14898
3;04-03-2025 11:07:22.982;04-03-2025 11:07:08.074;14908
3;04-03-2025 11:08:02.983;04-03-2025 11:07:48.100;14883
3;04-03-2025 11:08:22.980;04-03-2025 11:08:08.102;14878
3;04-03-2025 11:08:32.999;04-03-2025 11:08:08.102;24897
3;04-03-2025 11:08:57.984;04-03-2025 11:08:43.107;14877
3;04-03-2025 11:09:22.982;04-03-2025 11:09:08.096;14886
3;04-03-2025 11:10:02.983;04-03-2025 11:09:48.086;14897
3;04-03-2025 11:10:13.002;04-03-2025 11:09:48.086;24916
3;04-03-2025 11:10:23.130;04-03-2025 11:10:13.101;10029
3;04-03-2025 11:10:47.978;04-03-2025 11:10:38.109;9869
3;04-03-2025 11:11:27.985;04-03-2025 11:11:13.082;14903
3;04-03-2025 11:11:38.141;04-03-2025 11:11:28.113;10028
3;04-03-2025 11:12:02.986;04-03-2025 11:11:48.076;14910
3;04-03-2025 11:12:22.985;04-03-2025 11:12:08.085;14900
3;04-03-2025 11:12:42.983;04-03-2025 11:12:28.067;14916
3;04-03-2025 11:14:12.981;04-03-2025 11:13:58.078;14903
2;04-03-2025 11:36:43.216;04-03-2025 11:36:35.320;7896
3;04-03-2025 11:47:12.983;04-03-2025 11:46:58.090;14893
2;04-03-2025 11:56:41.927;04-03-2025 11:56:38.184;3743
2;04-03-2025 12:04:48.092;04-03-2025 12:04:45.858;2234
0;04-03-2025 14:25:30.833;04-03-2025 14:24:18.200;72633
0;04-03-2025 14:25:45.006;04-03-2025 14:24:18.200;86806
0;04-03-2025 14:25:54.572;04-03-2025 14:24:18.200;96372
0;04-03-2025 14:26:01.208;04-03-2025 14:24:18.200;103008
0;04-03-2025 14:26:04.634;04-03-2025 14:24:18.200;106434
0;04-03-2025 14:26:05.876;04-03-2025 14:24:18.200;107676
0;04-03-2025 14:26:07.080;04-03-2025 14:24:18.200;108880
0;04-03-2025 14:26:10.242;04-03-2025 14:24:18.200;112042
0;04-03-2025 14:26:21.491;04-03-2025 14:24:18.200;123291
0;04-03-2025 14:26:26.866;04-03-2025 14:24:18.200;128666
0;04-03-2025 14:26:33.478;04-03-2025 14:24:18.200;135278
0;04-03-2025 14:26:33.697;04-03-2025 14:24:18.200;135497
0;04-03-2025 14:26:34.319;04-03-2025 14:24:18.200;136119
0;04-03-2025 14:26:48.017;04-03-2025 14:24:18.200;149817
0;04-03-2025 14:26:52.514;04-03-2025 14:24:18.200;154314
0;04-03-2025 14:27:02.486;04-03-2025 14:24:18.200;164286
0;04-03-2025 14:27:04.918;04-03-2025 14:24:18.200;166718
0;04-03-2025 14:27:06.982;04-03-2025 14:24:18.200;168782
0;04-03-2025 14:27:09.572;04-03-2025 14:24:18.200;171372
0;04-03-2025 14:27:12.647;04-03-2025 14:24:18.200;174447
0;04-03-2025 14:27:17.495;04-03-2025 14:24:18.200;179295
0;04-03-2025 14:27:24.063;04-03-2025 14:24:18.200;185863
0;04-03-2025 14:27:24.464;04-03-2025 14:24:18.200;186264
0;04-03-2025 14:27:30.577;04-03-2025 14:24:18.200;192377
0;04-03-2025 14:27:39.708;04-03-2025 14:24:18.200;201508
0;04-03-2025 14:27:46.264;04-03-2025 14:24:18.200;208064
0;04-03-2025 14:27:51.445;04-03-2025 14:24:18.200;213245
0;04-03-2025 14:27:53.975;04-03-2025 14:24:18.200;215775
0;04-03-2025 14:27:57.777;04-03-2025 14:24:18.200;219577
0;04-03-2025 14:28:03.433;04-03-2025 14:24:18.200;225233
0;04-03-2025 14:28:05.871;04-03-2025 14:24:18.200;227671
0;04-03-2025 14:28:10.606;04-03-2025 14:24:18.200;232406
0;04-03-2025 14:28:21.109;04-03-2025 14:24:18.200;242909
0;04-03-2025 14:28:29.502;04-03-2025 14:24:18.200;251302
0;04-03-2025 14:28:33.341;04-03-2025 14:24:18.200;255141
0;04-03-2025 14:28:35.635;04-03-2025 14:24:18.200;257435
0;04-03-2025 14:28:44.849;04-03-2025 14:24:18.200;266649
0;04-03-2025 14:28:46.011;04-03-2025 14:24:18.200;267811
0;04-03-2025 14:28:51.733;04-03-2025 14:24:18.200;273533
0;04-03-2025 14:28:58.755;04-03-2025 14:24:18.200;280555
0;04-03-2025 14:29:09.395;04-03-2025 14:24:18.200;291195
0;04-03-2025 14:29:12.209;04-03-2025 14:24:18.200;294009
0;04-03-2025 14:29:14.583;04-03-2025 14:24:18.200;296383
0;04-03-2025 14:29:20.647;04-03-2025 14:24:18.200;302447
0;04-03-2025 14:29:23.152;04-03-2025 14:24:18.200;304952
0;04-03-2025 14:29:28.362;04-03-2025 14:24:18.200;310162
0;04-03-2025 14:29:38.801;04-03-2025 14:24:18.200;320601
0;04-03-2025 14:29:43.504;04-03-2025 14:24:18.200;325304
0;04-03-2025 14:29:46.339;04-03-2025 14:24:18.200;328139
0;04-03-2025 14:29:47.340;04-03-2025 14:24:18.200;329140
0;04-03-2025 14:29:53.708;04-03-2025 14:24:18.200;335508
0;04-03-2025 14:30:00.531;04-03-2025 14:24:18.200;342331
0;04-03-2025 14:30:03.725;04-03-2025 14:24:18.200;345525
0;04-03-2025 14:30:06.518;04-03-2025 14:24:18.200;348318
0;04-03-2025 14:30:08.855;04-03-2025 14:24:18.200;350655
0;04-03-2025 14:30:18.694;04-03-2025 14:24:18.200;360494
0;04-03-2025 14:30:19.286;04-03-2025 14:24:18.200;361086
0;04-03-2025 14:30:22.252;04-03-2025 14:24:18.200;364052
0;04-03-2025 14:30:37.229;04-03-2025 14:24:18.200;379029
0;04-03-2025 14:30:38.243;04-03-2025 14:24:18.200;380043
0;04-03-2025 14:30:42.225;04-03-2025 14:24:18.200;384025
0;04-03-2025 14:30:47.609;04-03-2025 14:24:18.200;389409
0;04-03-2025 14:30:50.973;04-03-2025 14:24:18.200;392773
0;04-03-2025 14:30:52.382;04-03-2025 14:24:18.200;394182
0;04-03-2025 14:31:05.267;04-03-2025 14:24:18.200;407067
0;04-03-2025 14:31:15.114;04-03-2025 14:24:18.200;416914
0;04-03-2025 14:31:24.002;04-03-2025 14:24:18.200;425802
0;04-03-2025 14:31:28.863;04-03-2025 14:24:18.200;430663
0;04-03-2025 14:31:32.445;04-03-2025 14:24:18.200;434245
0;04-03-2025 14:31:34.855;04-03-2025 14:24:18.200;436655
0;04-03-2025 14:31:36.635;04-03-2025 14:24:18.200;438435
0;04-03-2025 14:31:39.163;04-03-2025 14:24:18.200;440963
0;04-03-2025 14:31:40.244;04-03-2025 14:24:18.200;442044
0;04-03-2025 14:31:48.250;04-03-2025 14:24:18.200;450050
0;04-03-2025 14:31:53.149;04-03-2025 14:24:18.200;454949
0;04-03-2025 14:31:55.863;04-03-2025 14:24:18.200;457663
0;04-03-2025 14:31:56.212;04-03-2025 14:24:18.200;458012
0;04-03-2025 14:32:00.988;04-03-2025 14:24:18.200;462788
0;04-03-2025 14:32:06.295;04-03-2025 14:24:18.200;468095
0;04-03-2025 14:32:07.712;04-03-2025 14:24:18.200;469512
0;04-03-2025 14:32:09.949;04-03-2025 14:24:18.200;471749
0;04-03-2025 14:32:17.566;04-03-2025 14:24:18.200;479366
0;04-03-2025 14:32:22.910;04-03-2025 14:24:18.200;484710
0;04-03-2025 14:32:31.215;04-03-2025 14:24:18.200;493015
0;04-03-2025 14:32:39.225;04-03-2025 14:24:18.200;501025
0;04-03-2025 14:32:41.636;04-03-2025 14:24:18.200;503436
0;04-03-2025 14:32:55.568;04-03-2025 14:24:18.200;517368
0;04-03-2025 14:32:56.211;04-03-2025 14:24:18.200;518011
0;04-03-2025 14:33:02.942;04-03-2025 14:24:18.200;524742
0;04-03-2025 14:33:09.680;04-03-2025 14:24:18.200;531480
0;04-03-2025 14:33:14.234;04-03-2025 14:24:18.200;536034
0;04-03-2025 14:33:19.831;04-03-2025 14:24:18.200;541631
0;04-03-2025 14:33:29.971;04-03-2025 14:24:18.200;551771
0;04-03-2025 14:33:34.241;04-03-2025 14:24:18.200;556041
0;04-03-2025 14:33:36.035;04-03-2025 14:24:18.200;557835
0;04-03-2025 14:33:43.033;04-03-2025 14:24:18.200;564833
0;04-03-2025 14:33:48.550;04-03-2025 14:24:18.200;570350
0;04-03-2025 14:33:52.997;04-03-2025 14:24:18.200;574797
0;04-03-2025 14:33:54.521;04-03-2025 14:24:18.200;576321
0;04-03-2025 14:33:54.536;04-03-2025 14:24:18.200;576336
0;04-03-2025 14:34:06.369;04-03-2025 14:24:18.200;588169
0;04-03-2025 14:34:07.074;04-03-2025 14:24:18.200;588874
0;04-03-2025 14:34:24.297;04-03-2025 14:24:18.200;606097
0;04-03-2025 14:34:25.183;04-03-2025 14:24:18.200;606983
0;04-03-2025 14:34:26.388;04-03-2025 14:24:18.200;608188
0;04-03-2025 14:34:32.570;04-03-2025 14:24:18.200;614370
0;04-03-2025 14:34:35.156;04-03-2025 14:24:18.200;616956
0;04-03-2025 14:34:39.037;04-03-2025 14:24:18.200;620837
0;04-03-2025 14:34:46.202;04-03-2025 14:24:18.200;628002
0;04-03-2025 14:34:48.747;04-03-2025 14:24:18.200;630547
0;04-03-2025 14:34:51.474;04-03-2025 14:24:18.200;633274
0;04-03-2025 14:34:54.067;04-03-2025 14:34:53.165;902
0;04-03-2025 14:34:55.751;04-03-2025 14:34:53.165;2586
0;04-03-2025 14:35:00.777;04-03-2025 14:34:58.141;2636
0;04-03-2025 14:35:01.201;04-03-2025 14:34:58.141;3060
0;04-03-2025 14:35:14.473;04-03-2025 14:35:13.723;750
0;04-03-2025 14:35:15.306;04-03-2025 14:35:13.723;1583
0;04-03-2025 14:35:16.379;04-03-2025 14:35:13.723;2656
0;04-03-2025 14:35:27.681;04-03-2025 14:35:23.131;4550
0;04-03-2025 14:35:36.553;04-03-2025 14:35:33.162;3391
0;04-03-2025 14:41:56.075;04-03-2025 14:40:28.279;87796
0;04-03-2025 14:41:56.825;04-03-2025 14:40:28.279;88546
0;04-03-2025 14:42:04.055;04-03-2025 14:40:28.279;95776
0;04-03-2025 14:42:05.499;04-03-2025 14:40:28.279;97220
0;04-03-2025 14:42:06.657;04-03-2025 14:40:28.279;98378
0;04-03-2025 14:42:06.675;04-03-2025 14:40:28.279;98396
0;04-03-2025 14:42:11.679;04-03-2025 14:40:28.279;103400
0;04-03-2025 14:42:25.987;04-03-2025 14:40:28.279;117708
0;04-03-2025 14:42:30.028;04-03-2025 14:40:28.279;121749
0;04-03-2025 14:42:38.143;04-03-2025 14:40:28.279;129864
0;04-03-2025 14:42:40.936;04-03-2025 14:40:28.279;132657
0;04-03-2025 14:42:44.883;04-03-2025 14:40:28.279;136604
0;04-03-2025 14:42:51.555;04-03-2025 14:40:28.279;143276
0;04-03-2025 14:42:54.564;04-03-2025 14:40:28.279;146285
0;04-03-2025 14:43:03.465;04-03-2025 14:40:28.279;155186
0;04-03-2025 14:43:05.100;04-03-2025 14:40:28.279;156821
0;04-03-2025 14:43:08.805;04-03-2025 14:40:28.279;160526
0;04-03-2025 14:43:10.905;04-03-2025 14:40:28.279;162626
0;04-03-2025 14:43:23.401;04-03-2025 14:40:28.279;175122
0;04-03-2025 14:43:28.869;04-03-2025 14:40:28.279;180590
0;04-03-2025 14:43:38.649;04-03-2025 14:40:28.279;190370
0;04-03-2025 14:43:45.708;04-03-2025 14:40:28.279;197429
0;04-03-2025 14:43:46.055;04-03-2025 14:40:28.279;197776
0;04-03-2025 14:43:47.226;04-03-2025 14:40:28.279;198947
0;04-03-2025 14:43:53.492;04-03-2025 14:40:28.279;205213
0;04-03-2025 14:43:58.553;04-03-2025 14:40:28.279;210274
0;04-03-2025 14:44:00.688;04-03-2025 14:40:28.279;212409
0;04-03-2025 14:44:01.016;04-03-2025 14:40:28.279;212737
0;04-03-2025 14:44:05.777;04-03-2025 14:40:28.279;217498
0;04-03-2025 14:44:13.868;04-03-2025 14:40:28.279;225589
0;04-03-2025 14:44:14.475;04-03-2025 14:40:28.279;226196
0;04-03-2025 14:44:15.499;04-03-2025 14:40:28.279;227220
0;04-03-2025 14:44:26.118;04-03-2025 14:40:28.279;237839
0;04-03-2025 14:44:42.260;04-03-2025 14:40:28.279;253981
0;04-03-2025 14:44:45.103;04-03-2025 14:40:28.279;256824
0;04-03-2025 14:44:46.814;04-03-2025 14:40:28.279;258535
0;04-03-2025 14:44:51.051;04-03-2025 14:40:28.279;262772
0;04-03-2025 14:45:02.731;04-03-2025 14:40:28.279;274452
0;04-03-2025 14:45:04.626;04-03-2025 14:40:28.279;276347
0;04-03-2025 14:45:11.448;04-03-2025 14:40:28.279;283169
0;04-03-2025 14:45:12.550;04-03-2025 14:40:28.279;284271
0;04-03-2025 14:45:13.988;04-03-2025 14:40:28.279;285709
0;04-03-2025 14:45:15.053;04-03-2025 14:40:28.279;286774
0;04-03-2025 14:45:30.920;04-03-2025 14:40:28.279;302641
0;04-03-2025 14:45:35.384;04-03-2025 14:40:28.279;307105
0;04-03-2025 14:45:35.815;04-03-2025 14:40:28.279;307536
0;04-03-2025 14:45:45.082;04-03-2025 14:40:28.279;316803
0;04-03-2025 14:45:52.316;04-03-2025 14:40:28.279;324037
0;04-03-2025 14:45:56.617;04-03-2025 14:40:28.279;328338
0;04-03-2025 14:46:02.024;04-03-2025 14:40:28.279;333745
0;04-03-2025 14:46:06.631;04-03-2025 14:40:28.279;338352
0;04-03-2025 14:46:07.578;04-03-2025 14:40:28.279;339299
0;04-03-2025 14:46:08.685;04-03-2025 14:40:28.279;340406
0;04-03-2025 14:46:18.453;04-03-2025 14:40:28.279;350174
0;04-03-2025 14:46:29.249;04-03-2025 14:40:28.279;360970
0;04-03-2025 14:46:30.423;04-03-2025 14:40:28.279;362144
0;04-03-2025 14:46:40.987;04-03-2025 14:40:28.279;372708
0;04-03-2025 14:46:41.934;04-03-2025 14:40:28.279;373655
0;04-03-2025 14:46:48.667;04-03-2025 14:40:28.279;380388
0;04-03-2025 14:46:49.275;04-03-2025 14:40:28.279;380996
0;04-03-2025 14:46:54.176;04-03-2025 14:40:28.279;385897
0;04-03-2025 14:47:03.109;04-03-2025 14:40:28.279;394830
0;04-03-2025 14:47:04.123;04-03-2025 14:40:28.279;395844
0;04-03-2025 14:47:05.759;04-03-2025 14:40:28.279;397480
0;04-03-2025 14:47:10.630;04-03-2025 14:40:28.279;402351
0;04-03-2025 14:47:22.741;04-03-2025 14:40:28.279;414462
0;04-03-2025 14:47:24.297;04-03-2025 14:40:28.279;416018
0;04-03-2025 14:47:26.004;04-03-2025 14:40:28.279;417725
0;04-03-2025 14:47:30.651;04-03-2025 14:40:28.279;422372
0;04-03-2025 14:47:34.509;04-03-2025 14:40:28.279;426230
0;04-03-2025 14:47:37.632;04-03-2025 14:40:28.279;429353
0;04-03-2025 14:47:50.986;04-03-2025 14:40:28.279;442707
0;04-03-2025 14:47:54.076;04-03-2025 14:40:28.279;445797
0;04-03-2025 14:47:55.521;04-03-2025 14:40:28.279;447242
0;04-03-2025 14:47:58.025;04-03-2025 14:40:28.279;449746
0;04-03-2025 14:48:05.681;04-03-2025 14:40:28.279;457402
0;04-03-2025 14:48:06.706;04-03-2025 14:40:28.279;458427
0;04-03-2025 14:48:07.318;04-03-2025 14:40:28.279;459039
0;04-03-2025 14:48:23.283;04-03-2025 14:40:28.279;475004
0;04-03-2025 14:48:25.237;04-03-2025 14:40:28.279;476958
0;04-03-2025 14:48:25.936;04-03-2025 14:40:28.279;477657
0;04-03-2025 14:48:34.496;04-03-2025 14:40:28.279;486217
0;04-03-2025 14:48:37.212;04-03-2025 14:40:28.279;488933
0;04-03-2025 14:48:39.160;04-03-2025 14:40:28.279;490881
0;04-03-2025 14:48:51.070;04-03-2025 14:40:28.279;502791
0;04-03-2025 14:48:53.279;04-03-2025 14:40:28.279;505000
0;04-03-2025 14:49:00.015;04-03-2025 14:40:28.279;511736
0;04-03-2025 14:49:05.858;04-03-2025 14:40:28.279;517579
0;04-03-2025 14:49:06.387;04-03-2025 14:40:28.279;518108
0;04-03-2025 14:49:11.618;04-03-2025 14:40:28.279;523339
0;04-03-2025 14:49:11.779;04-03-2025 14:40:28.279;523500
0;04-03-2025 14:49:26.171;04-03-2025 14:40:28.279;537892
0;04-03-2025 14:49:33.925;04-03-2025 14:40:28.279;545646
0;04-03-2025 14:49:44.407;04-03-2025 14:40:28.279;556128
0;04-03-2025 14:49:44.956;04-03-2025 14:40:28.279;556677
0;04-03-2025 14:49:46.148;04-03-2025 14:40:28.279;557869
0;04-03-2025 14:49:46.521;04-03-2025 14:40:28.279;558242
0;04-03-2025 14:49:47.084;04-03-2025 14:40:28.279;558805
0;04-03-2025 14:49:54.775;04-03-2025 14:40:28.279;566496
0;04-03-2025 14:49:57.356;04-03-2025 14:40:28.279;569077
0;04-03-2025 14:50:00.919;04-03-2025 14:40:28.279;572640
0;04-03-2025 14:50:11.159;04-03-2025 14:40:28.279;582880
0;04-03-2025 14:50:14.960;04-03-2025 14:40:28.279;586681
0;04-03-2025 14:50:28.459;04-03-2025 14:40:28.279;600180
0;04-03-2025 14:50:36.362;04-03-2025 14:40:28.279;608083
0;04-03-2025 14:50:43.847;04-03-2025 14:40:28.279;615568
0;04-03-2025 14:50:50.839;04-03-2025 14:40:28.279;622560
0;04-03-2025 14:50:51.326;04-03-2025 14:40:28.279;623047
0;04-03-2025 14:50:54.322;04-03-2025 14:50:53.100;1222
0;04-03-2025 14:50:54.886;04-03-2025 14:50:53.100;1786
0;04-03-2025 14:51:04.272;04-03-2025 14:51:03.242;1030
0;04-03-2025 14:51:04.297;04-03-2025 14:51:03.242;1055
0;04-03-2025 14:51:05.816;04-03-2025 14:51:03.242;2574
0;04-03-2025 14:51:17.183;04-03-2025 14:51:13.403;3780
0;04-03-2025 14:51:17.649;04-03-2025 14:51:13.403;4246
0;04-03-2025 14:51:22.000;04-03-2025 14:51:18.106;3894
0;04-03-2025 15:22:54.727;04-03-2025 15:22:53.169;1558
0;04-03-2025 15:23:05.511;04-03-2025 15:23:03.184;2327
0;04-03-2025 15:23:06.851;04-03-2025 15:23:03.184;3667
0;04-03-2025 15:23:18.726;04-03-2025 15:23:18.095;631
3;04-03-2025 15:36:52.984;04-03-2025 15:36:38.134;14850
0;04-03-2025 15:51:39.538;04-03-2025 15:51:38.410;1128
0;04-03-2025 15:51:49.829;04-03-2025 15:51:48.215;1614
0;04-03-2025 15:51:52.695;04-03-2025 15:51:48.215;4480
0;04-03-2025 15:51:53.647;04-03-2025 15:51:53.300;347
0;04-03-2025 15:52:08.849;04-03-2025 15:52:08.125;724
3;04-03-2025 17:26:22.981;04-03-2025 17:26:08.104;14877
0;04-03-2025 17:27:37.277;04-03-2025 17:26:28.106;69171
0;04-03-2025 17:27:54.388;04-03-2025 17:26:28.106;86282
0;04-03-2025 17:27:59.951;04-03-2025 17:26:28.106;91845
0;04-03-2025 17:28:02.615;04-03-2025 17:26:28.106;94509
0;04-03-2025 17:28:07.451;04-03-2025 17:26:28.106;99345
0;04-03-2025 17:28:17.415;04-03-2025 17:26:28.106;109309
0;04-03-2025 17:28:23.921;04-03-2025 17:26:28.106;115815
0;04-03-2025 17:28:26.829;04-03-2025 17:26:28.106;118723
0;04-03-2025 17:28:31.545;04-03-2025 17:26:28.106;123439
0;04-03-2025 17:28:38.540;04-03-2025 17:26:28.106;130434
0;04-03-2025 17:28:42.721;04-03-2025 17:26:28.106;134615
0;04-03-2025 17:28:43.522;04-03-2025 17:26:28.106;135416
0;04-03-2025 17:28:58.001;04-03-2025 17:26:28.106;149895
0;04-03-2025 17:28:59.274;04-03-2025 17:26:28.106;151168
0;04-03-2025 17:29:00.715;04-03-2025 17:26:28.106;152609
0;04-03-2025 17:29:08.571;04-03-2025 17:26:28.106;160465
0;04-03-2025 17:29:09.327;04-03-2025 17:26:28.106;161221
0;04-03-2025 17:29:15.767;04-03-2025 17:26:28.106;167661
0;04-03-2025 17:29:24.851;04-03-2025 17:26:28.106;176745
0;04-03-2025 17:29:25.050;04-03-2025 17:26:28.106;176944
0;04-03-2025 17:29:27.305;04-03-2025 17:26:28.106;179199
0;04-03-2025 17:29:30.883;04-03-2025 17:26:28.106;182777
0;04-03-2025 17:29:36.507;04-03-2025 17:26:28.106;188401
0;04-03-2025 17:29:39.435;04-03-2025 17:26:28.106;191329
0;04-03-2025 17:29:45.123;04-03-2025 17:26:28.106;197017
0;04-03-2025 17:29:47.297;04-03-2025 17:26:28.106;199191
0;04-03-2025 17:29:52.603;04-03-2025 17:26:28.106;204497
0;04-03-2025 17:30:03.072;04-03-2025 17:26:28.106;214966
0;04-03-2025 17:30:09.654;04-03-2025 17:26:28.106;221548
0;04-03-2025 17:30:13.572;04-03-2025 17:26:28.106;225466
0;04-03-2025 17:30:17.347;04-03-2025 17:26:28.106;229241
0;04-03-2025 17:30:28.187;04-03-2025 17:26:28.106;240081
0;04-03-2025 17:30:30.464;04-03-2025 17:26:28.106;242358
0;04-03-2025 17:30:31.824;04-03-2025 17:26:28.106;243718
0;04-03-2025 17:30:32.612;04-03-2025 17:26:28.106;244506
0;04-03-2025 17:30:41.295;04-03-2025 17:26:28.106;253189
0;04-03-2025 17:30:41.978;04-03-2025 17:26:28.106;253872
0;04-03-2025 17:30:52.693;04-03-2025 17:26:28.106;264587
0;04-03-2025 17:30:52.743;04-03-2025 17:26:28.106;264637
0;04-03-2025 17:30:57.232;04-03-2025 17:26:28.106;269126
0;04-03-2025 17:31:09.178;04-03-2025 17:26:28.106;281072
0;04-03-2025 17:31:10.367;04-03-2025 17:26:28.106;282261
0;04-03-2025 17:31:18.323;04-03-2025 17:26:28.106;290217
0;04-03-2025 17:31:24.653;04-03-2025 17:26:28.106;296547
0;04-03-2025 17:31:25.471;04-03-2025 17:26:28.106;297365
0;04-03-2025 17:31:28.821;04-03-2025 17:26:28.106;300715
0;04-03-2025 17:31:31.212;04-03-2025 17:26:28.106;303106
0;04-03-2025 17:31:50.550;04-03-2025 17:26:28.106;322444
0;04-03-2025 17:31:51.182;04-03-2025 17:26:28.106;323076
0;04-03-2025 17:31:56.733;04-03-2025 17:26:28.106;328627
0;04-03-2025 17:31:57.611;04-03-2025 17:26:28.106;329505
0;04-03-2025 17:31:58.938;04-03-2025 17:26:28.106;330832
0;04-03-2025 17:32:01.349;04-03-2025 17:26:28.106;333243
0;04-03-2025 17:32:17.220;04-03-2025 17:26:28.106;349114
0;04-03-2025 17:32:20.532;04-03-2025 17:26:28.106;352426
0;04-03-2025 17:32:29.709;04-03-2025 17:26:28.106;361603
0;04-03-2025 17:32:36.171;04-03-2025 17:26:28.106;368065
0;04-03-2025 17:32:44.929;04-03-2025 17:26:28.106;376823
0;04-03-2025 17:32:45.220;04-03-2025 17:26:28.106;377114
0;04-03-2025 17:32:45.966;04-03-2025 17:26:28.106;377860
0;04-03-2025 17:32:46.646;04-03-2025 17:26:28.106;378540
0;04-03-2025 17:32:59.778;04-03-2025 17:26:28.106;391672
2;04-03-2025 17:33:00.084;04-03-2025 17:31:48.308;71776
0;04-03-2025 17:33:01.437;04-03-2025 17:26:28.106;393331
0;04-03-2025 17:33:02.488;04-03-2025 17:26:28.106;394382
2;04-03-2025 17:33:06.993;04-03-2025 17:31:48.308;78685
0;04-03-2025 17:33:07.382;04-03-2025 17:26:28.106;399276
0;04-03-2025 17:33:08.227;04-03-2025 17:26:28.106;400121
2;04-03-2025 17:33:10.122;04-03-2025 17:31:48.308;81814
0;04-03-2025 17:33:14.085;04-03-2025 17:26:28.106;405979
0;04-03-2025 17:33:17.680;04-03-2025 17:26:28.106;409574
0;04-03-2025 17:33:22.247;04-03-2025 17:26:28.106;414141
2;04-03-2025 17:33:22.763;04-03-2025 17:31:48.308;94455
2;04-03-2025 17:33:28.834;04-03-2025 17:31:48.308;100526
2;04-03-2025 17:33:33.544;04-03-2025 17:31:48.308;105236
2;04-03-2025 17:33:35.953;04-03-2025 17:31:48.308;107645
2;04-03-2025 17:33:37.787;04-03-2025 17:31:48.308;109479
0;04-03-2025 17:33:40.735;04-03-2025 17:26:28.106;432629
0;04-03-2025 17:33:43.640;04-03-2025 17:26:28.106;435534
0;04-03-2025 17:33:43.994;04-03-2025 17:26:28.106;435888
2;04-03-2025 17:33:49.898;04-03-2025 17:31:48.308;121590
2;04-03-2025 17:33:51.018;04-03-2025 17:31:48.308;122710
0;04-03-2025 17:33:52.467;04-03-2025 17:26:28.106;444361
0;04-03-2025 17:34:00.071;04-03-2025 17:26:28.106;451965
0;04-03-2025 17:34:01.246;04-03-2025 17:26:28.106;453140
0;04-03-2025 17:34:05.488;04-03-2025 17:26:28.106;457382
0;04-03-2025 17:34:12.396;04-03-2025 17:26:28.106;464290
2;04-03-2025 17:34:12.516;04-03-2025 17:31:48.308;144208
2;04-03-2025 17:34:17.025;04-03-2025 17:31:48.308;148717
2;04-03-2025 17:34:17.763;04-03-2025 17:31:48.308;149455
2;04-03-2025 17:34:21.143;04-03-2025 17:31:48.308;152835
0;04-03-2025 17:34:24.703;04-03-2025 17:26:28.106;476597
0;04-03-2025 17:34:25.226;04-03-2025 17:26:28.106;477120
2;04-03-2025 17:34:25.664;04-03-2025 17:31:48.308;157356
0;04-03-2025 17:34:25.763;04-03-2025 17:26:28.106;477657
2;04-03-2025 17:34:27.648;04-03-2025 17:31:48.308;159340
0;04-03-2025 17:34:32.817;04-03-2025 17:26:28.106;484711
2;04-03-2025 17:34:35.342;04-03-2025 17:31:48.308;167034
0;04-03-2025 17:34:39.243;04-03-2025 17:26:28.106;491137
2;04-03-2025 17:34:40.318;04-03-2025 17:31:48.308;172010
2;04-03-2025 17:34:40.647;04-03-2025 17:31:48.308;172339
2;04-03-2025 17:34:41.463;04-03-2025 17:31:48.308;173155
2;04-03-2025 17:34:41.732;04-03-2025 17:31:48.308;173424
2;04-03-2025 17:34:43.048;04-03-2025 17:31:48.308;174740
0;04-03-2025 17:34:43.443;04-03-2025 17:26:28.106;495337
0;04-03-2025 17:34:48.996;04-03-2025 17:26:28.106;500890
2;04-03-2025 17:34:49.084;04-03-2025 17:31:48.308;180776
0;04-03-2025 17:34:54.813;04-03-2025 17:26:28.106;506707
0;04-03-2025 17:34:59.158;04-03-2025 17:26:28.106;511052
0;04-03-2025 17:35:01.452;04-03-2025 17:26:28.106;513346
0;04-03-2025 17:35:03.080;04-03-2025 17:26:28.106;514974
2;04-03-2025 17:35:04.897;04-03-2025 17:31:48.308;196589
2;04-03-2025 17:35:06.302;04-03-2025 17:31:48.308;197994
0;04-03-2025 17:35:06.335;04-03-2025 17:26:28.106;518229
0;04-03-2025 17:35:06.870;04-03-2025 17:26:28.106;518764
0;04-03-2025 17:35:11.902;04-03-2025 17:26:28.106;523796
2;04-03-2025 17:35:16.881;04-03-2025 17:31:48.308;208573
0;04-03-2025 17:35:17.133;04-03-2025 17:26:28.106;529027
2;04-03-2025 17:35:20.704;04-03-2025 17:31:48.308;212396
0;04-03-2025 17:35:29.386;04-03-2025 17:26:28.106;541280
0;04-03-2025 17:35:33.621;04-03-2025 17:26:28.106;545515
2;04-03-2025 17:35:37.937;04-03-2025 17:31:48.308;229629
2;04-03-2025 17:35:39.173;04-03-2025 17:31:48.308;230865
0;04-03-2025 17:35:41.314;04-03-2025 17:26:28.106;553208
2;04-03-2025 17:35:44.578;04-03-2025 17:31:48.308;236270
2;04-03-2025 17:35:45.263;04-03-2025 17:31:48.308;236955
0;04-03-2025 17:35:46.016;04-03-2025 17:26:28.106;557910
0;04-03-2025 17:35:52.300;04-03-2025 17:26:28.106;564194
0;04-03-2025 17:35:52.860;04-03-2025 17:26:28.106;564754
2;04-03-2025 17:35:53.142;04-03-2025 17:31:48.308;244834
2;04-03-2025 17:35:55.251;04-03-2025 17:31:48.308;246943
2;04-03-2025 17:35:56.209;04-03-2025 17:31:48.308;247901
0;04-03-2025 17:35:59.907;04-03-2025 17:26:28.106;571801
2;04-03-2025 17:36:01.089;04-03-2025 17:31:48.308;252781
0;04-03-2025 17:36:03.008;04-03-2025 17:26:28.106;574902
0;04-03-2025 17:36:04.796;04-03-2025 17:26:28.106;576690
0;04-03-2025 17:36:08.529;04-03-2025 17:26:28.106;580423
2;04-03-2025 17:36:10.138;04-03-2025 17:31:48.308;261830
2;04-03-2025 17:36:13.242;04-03-2025 17:31:48.308;264934
2;04-03-2025 17:36:15.666;04-03-2025 17:31:48.308;267358
2;04-03-2025 17:36:21.446;04-03-2025 17:31:48.308;273138
0;04-03-2025 17:36:22.159;04-03-2025 17:26:28.106;594053
2;04-03-2025 17:36:29.251;04-03-2025 17:31:48.308;280943
2;04-03-2025 17:36:29.647;04-03-2025 17:31:48.308;281339
0;04-03-2025 17:36:31.650;04-03-2025 17:26:28.106;603544
0;04-03-2025 17:36:35.904;04-03-2025 17:36:33.279;2625
2;04-03-2025 17:36:36.056;04-03-2025 17:31:48.308;287748
0;04-03-2025 17:36:37.880;04-03-2025 17:36:33.279;4601
2;04-03-2025 17:36:38.064;04-03-2025 17:31:48.308;289756
0;04-03-2025 17:36:40.027;04-03-2025 17:36:38.239;1788
2;04-03-2025 17:36:40.753;04-03-2025 17:31:48.308;292445
0;04-03-2025 17:36:47.013;04-03-2025 17:36:43.328;3685
0;04-03-2025 17:36:49.706;04-03-2025 17:36:48.094;1612
0;04-03-2025 17:36:51.560;04-03-2025 17:36:48.094;3466
2;04-03-2025 17:36:54.511;04-03-2025 17:31:48.308;306203
2;04-03-2025 17:36:58.311;04-03-2025 17:31:48.308;310003
2;04-03-2025 17:36:59.062;04-03-2025 17:31:48.308;310754
2;04-03-2025 17:37:02.611;04-03-2025 17:31:48.308;314303
2;04-03-2025 17:37:05.953;04-03-2025 17:31:48.308;317645
0;04-03-2025 17:37:10.258;04-03-2025 17:37:08.125;2133
2;04-03-2025 17:37:10.884;04-03-2025 17:31:48.308;322576
0;04-03-2025 17:37:11.992;04-03-2025 17:37:08.125;3867
2;04-03-2025 17:37:23.544;04-03-2025 17:31:48.308;335236
0;04-03-2025 17:37:26.141;04-03-2025 17:37:23.213;2928
2;04-03-2025 17:37:27.739;04-03-2025 17:31:48.308;339431
2;04-03-2025 17:37:30.197;04-03-2025 17:31:48.308;341889
2;04-03-2025 17:37:39.407;04-03-2025 17:31:48.308;351099
2;04-03-2025 17:37:41.445;04-03-2025 17:31:48.308;353137
2;04-03-2025 17:37:47.383;04-03-2025 17:31:48.308;359075
2;04-03-2025 17:37:48.220;04-03-2025 17:31:48.308;359912
2;04-03-2025 17:37:54.724;04-03-2025 17:31:48.308;366416
2;04-03-2025 17:38:04.507;04-03-2025 17:31:48.308;376199
2;04-03-2025 17:38:07.315;04-03-2025 17:31:48.308;379007
2;04-03-2025 17:38:20.781;04-03-2025 17:31:48.308;392473
2;04-03-2025 17:38:28.568;04-03-2025 17:31:48.308;400260
2;04-03-2025 17:38:29.114;04-03-2025 17:31:48.308;400806
2;04-03-2025 17:38:31.124;04-03-2025 17:31:48.308;402816
2;04-03-2025 17:38:32.507;04-03-2025 17:31:48.308;404199
2;04-03-2025 17:38:33.307;04-03-2025 17:31:48.308;404999
2;04-03-2025 17:38:36.525;04-03-2025 17:31:48.308;408217
2;04-03-2025 17:38:38.823;04-03-2025 17:31:48.308;410515
2;04-03-2025 17:38:45.818;04-03-2025 17:31:48.308;417510
2;04-03-2025 17:38:51.747;04-03-2025 17:31:48.308;423439
2;04-03-2025 17:38:51.879;04-03-2025 17:31:48.308;423571
2;04-03-2025 17:39:11.595;04-03-2025 17:31:48.308;443287
2;04-03-2025 17:39:14.064;04-03-2025 17:31:48.308;445756
2;04-03-2025 17:39:17.422;04-03-2025 17:31:48.308;449114
2;04-03-2025 17:39:17.950;04-03-2025 17:31:48.308;449642
2;04-03-2025 17:39:26.628;04-03-2025 17:31:48.308;458320
2;04-03-2025 17:39:27.581;04-03-2025 17:31:48.308;459273
2;04-03-2025 17:39:38.484;04-03-2025 17:31:48.308;470176
2;04-03-2025 17:39:43.632;04-03-2025 17:31:48.308;475324
2;04-03-2025 17:39:49.572;04-03-2025 17:31:48.308;481264
2;04-03-2025 17:39:49.865;04-03-2025 17:31:48.308;481557
2;04-03-2025 17:39:52.453;04-03-2025 17:31:48.308;484145
2;04-03-2025 17:39:54.670;04-03-2025 17:31:48.308;486362
2;04-03-2025 17:40:15.916;04-03-2025 17:31:48.308;507608
2;04-03-2025 17:40:17.425;04-03-2025 17:31:48.308;509117
2;04-03-2025 17:40:18.422;04-03-2025 17:31:48.308;510114
2;04-03-2025 17:40:18.469;04-03-2025 17:31:48.308;510161
2;04-03-2025 17:40:21.676;04-03-2025 17:31:48.308;513368
2;04-03-2025 17:40:32.489;04-03-2025 17:31:48.308;524181
2;04-03-2025 17:40:36.070;04-03-2025 17:31:48.308;527762
2;04-03-2025 17:40:44.549;04-03-2025 17:31:48.308;536241
2;04-03-2025 17:40:53.861;04-03-2025 17:31:48.308;545553
2;04-03-2025 17:40:55.477;04-03-2025 17:31:48.308;547169
2;04-03-2025 17:40:56.869;04-03-2025 17:31:48.308;548561
2;04-03-2025 17:40:57.544;04-03-2025 17:31:48.308;549236
2;04-03-2025 17:41:04.435;04-03-2025 17:31:48.308;556127
2;04-03-2025 17:41:06.924;04-03-2025 17:31:48.308;558616
2;04-03-2025 17:41:13.271;04-03-2025 17:31:48.308;564963
2;04-03-2025 17:41:17.010;04-03-2025 17:31:48.308;568702
2;04-03-2025 17:41:23.040;04-03-2025 17:31:48.308;574732
2;04-03-2025 17:41:29.868;04-03-2025 17:31:48.308;581560
2;04-03-2025 17:41:40.545;04-03-2025 17:31:48.308;592237
2;04-03-2025 17:41:44.130;04-03-2025 17:31:48.308;595822
2;04-03-2025 17:41:46.491;04-03-2025 17:31:48.308;598183
2;04-03-2025 17:41:58.999;04-03-2025 17:31:48.308;610691
2;04-03-2025 17:42:03.781;04-03-2025 17:31:48.308;615473
2;04-03-2025 17:42:09.881;04-03-2025 17:31:48.308;621573
2;04-03-2025 17:42:10.404;04-03-2025 17:31:48.308;622096
2;04-03-2025 17:42:12.786;04-03-2025 17:31:48.308;624478
2;04-03-2025 17:42:16.929;04-03-2025 17:31:48.308;628621
2;04-03-2025 17:42:17.024;04-03-2025 17:31:48.308;628716
2;04-03-2025 17:42:24.433;04-03-2025 17:31:48.308;636125
2;04-03-2025 17:42:27.729;04-03-2025 17:31:48.308;639421
2;04-03-2025 17:42:28.139;04-03-2025 17:31:48.308;639831
2;04-03-2025 17:42:40.482;04-03-2025 17:31:48.308;652174
2;04-03-2025 17:42:41.994;04-03-2025 17:31:48.308;653686
2;04-03-2025 17:42:42.951;04-03-2025 17:31:48.308;654643
2;04-03-2025 17:42:45.612;04-03-2025 17:31:48.308;657304
2;04-03-2025 17:42:58.541;04-03-2025 17:31:48.308;670233
2;04-03-2025 17:43:08.023;04-03-2025 17:31:48.308;679715
2;04-03-2025 17:43:10.268;04-03-2025 17:31:48.308;681960
2;04-03-2025 17:43:17.855;04-03-2025 17:31:48.308;689547
2;04-03-2025 17:43:24.486;04-03-2025 17:31:48.308;696178
2;04-03-2025 17:43:25.846;04-03-2025 17:31:48.308;697538
2;04-03-2025 17:43:33.606;04-03-2025 17:31:48.308;705298
2;04-03-2025 17:43:40.617;04-03-2025 17:31:48.308;712309
2;04-03-2025 17:43:45.072;04-03-2025 17:31:48.308;716764
2;04-03-2025 17:43:49.400;04-03-2025 17:31:48.308;721092
2;04-03-2025 17:43:50.421;04-03-2025 17:31:48.308;722113
2;04-03-2025 17:43:50.887;04-03-2025 17:31:48.308;722579
2;04-03-2025 17:43:59.078;04-03-2025 17:31:48.308;730770
2;04-03-2025 17:44:06.374;04-03-2025 17:31:48.308;738066
2;04-03-2025 17:44:08.022;04-03-2025 17:31:48.308;739714
2;04-03-2025 17:44:21.763;04-03-2025 17:31:48.308;753455
2;04-03-2025 17:44:21.982;04-03-2025 17:31:48.308;753674
2;04-03-2025 17:44:26.583;04-03-2025 17:31:48.308;758275
2;04-03-2025 17:44:34.267;04-03-2025 17:31:48.308;765959
2;04-03-2025 17:44:37.950;04-03-2025 17:31:48.308;769642
2;04-03-2025 17:44:42.253;04-03-2025 17:31:48.308;773945
2;04-03-2025 17:44:43.686;04-03-2025 17:31:48.308;775378
2;04-03-2025 17:44:47.552;04-03-2025 17:31:48.308;779244
2;04-03-2025 17:44:56.382;04-03-2025 17:31:48.308;788074
2;04-03-2025 17:45:03.232;04-03-2025 17:31:48.308;794924
2;04-03-2025 17:45:07.890;04-03-2025 17:31:48.308;799582
2;04-03-2025 17:45:08.576;04-03-2025 17:31:48.308;800268
2;04-03-2025 17:45:12.672;04-03-2025 17:31:48.308;804364
2;04-03-2025 17:45:13.355;04-03-2025 17:31:48.308;805047
2;04-03-2025 17:45:18.226;04-03-2025 17:31:48.308;809918
2;04-03-2025 17:45:31.795;04-03-2025 17:31:48.308;823487
2;04-03-2025 17:45:33.155;04-03-2025 17:31:48.308;824847
2;04-03-2025 17:45:36.591;04-03-2025 17:31:48.308;828283
2;04-03-2025 17:45:37.114;04-03-2025 17:31:48.308;828806
2;04-03-2025 17:45:40.553;04-03-2025 17:31:48.308;832245
2;04-03-2025 17:45:58.269;04-03-2025 17:31:48.308;849961
2;04-03-2025 17:46:05.305;04-03-2025 17:31:48.308;856997
2;04-03-2025 17:46:10.794;04-03-2025 17:31:48.308;862486
2;04-03-2025 17:46:14.054;04-03-2025 17:31:48.308;865746
2;04-03-2025 17:46:15.089;04-03-2025 17:31:48.308;866781
2;04-03-2025 17:46:30.576;04-03-2025 17:31:48.308;882268
2;04-03-2025 17:46:32.384;04-03-2025 17:31:48.308;884076
2;04-03-2025 17:46:38.112;04-03-2025 17:31:48.308;889804
2;04-03-2025 17:46:41.183;04-03-2025 17:31:48.308;892875
2;04-03-2025 17:46:44.684;04-03-2025 17:31:48.308;896376
2;04-03-2025 17:46:45.825;04-03-2025 17:31:48.308;897517
2;04-03-2025 17:46:46.867;04-03-2025 17:31:48.308;898559
2;04-03-2025 17:46:56.556;04-03-2025 17:31:48.308;908248
2;04-03-2025 17:46:57.801;04-03-2025 17:31:48.308;909493
2;04-03-2025 17:46:58.698;04-03-2025 17:31:48.308;910390
2;04-03-2025 17:46:59.797;04-03-2025 17:31:48.308;911489
2;04-03-2025 17:47:08.407;04-03-2025 17:31:48.308;920099
2;04-03-2025 17:47:16.578;04-03-2025 17:31:48.308;928270
2;04-03-2025 17:47:26.531;04-03-2025 17:31:48.308;938223
2;04-03-2025 17:47:27.037;04-03-2025 17:31:48.308;938729
2;04-03-2025 17:47:31.571;04-03-2025 17:31:48.308;943263
2;04-03-2025 17:47:42.068;04-03-2025 17:31:48.308;953760
2;04-03-2025 17:47:46.822;04-03-2025 17:31:48.308;958514
2;04-03-2025 17:47:49.070;04-03-2025 17:31:48.308;960762
2;04-03-2025 17:47:53.716;04-03-2025 17:31:48.308;965408
2;04-03-2025 17:47:57.362;04-03-2025 17:31:48.308;969054
2;04-03-2025 17:48:02.098;04-03-2025 17:31:48.308;973790
2;04-03-2025 17:48:03.650;04-03-2025 17:31:48.308;975342
2;04-03-2025 17:48:15.148;04-03-2025 17:31:48.308;986840
2;04-03-2025 17:48:25.532;04-03-2025 17:31:48.308;997224
2;04-03-2025 17:48:31.469;04-03-2025 17:31:48.308;1003161
2;04-03-2025 17:48:36.104;04-03-2025 17:31:48.308;1007796
2;04-03-2025 17:48:39.537;04-03-2025 17:31:48.308;1011229
2;04-03-2025 17:48:41.092;04-03-2025 17:31:48.308;1012784
2;04-03-2025 17:48:45.318;04-03-2025 17:31:48.308;1017010
2;04-03-2025 17:48:49.493;04-03-2025 17:31:48.308;1021185
2;04-03-2025 17:48:49.520;04-03-2025 17:31:48.308;1021212
2;04-03-2025 17:48:52.407;04-03-2025 17:31:48.308;1024099
2;04-03-2025 17:48:57.668;04-03-2025 17:31:48.308;1029360
2;04-03-2025 17:49:09.306;04-03-2025 17:31:48.308;1040998
2;04-03-2025 17:49:18.540;04-03-2025 17:31:48.308;1050232
2;04-03-2025 17:49:21.122;04-03-2025 17:31:48.308;1052814
2;04-03-2025 17:49:24.023;04-03-2025 17:31:48.308;1055715
2;04-03-2025 17:49:25.908;04-03-2025 17:31:48.308;1057600
2;04-03-2025 17:49:34.148;04-03-2025 17:31:48.308;1065840
2;04-03-2025 17:49:43.128;04-03-2025 17:31:48.308;1074820
2;04-03-2025 17:49:45.781;04-03-2025 17:31:48.308;1077473
2;04-03-2025 17:49:45.940;04-03-2025 17:31:48.308;1077632
2;04-03-2025 17:49:55.808;04-03-2025 17:31:48.308;1087500
2;04-03-2025 17:49:57.332;04-03-2025 17:31:48.308;1089024
2;04-03-2025 17:50:04.330;04-03-2025 17:31:48.308;1096022
2;04-03-2025 17:50:07.230;04-03-2025 17:31:48.308;1098922
2;04-03-2025 17:50:11.432;04-03-2025 17:31:48.308;1103124
2;04-03-2025 17:50:18.375;04-03-2025 17:31:48.308;1110067
2;04-03-2025 17:50:20.619;04-03-2025 17:31:48.308;1112311
2;04-03-2025 17:50:25.493;04-03-2025 17:31:48.308;1117185
2;04-03-2025 17:50:26.195;04-03-2025 17:31:48.308;1117887
2;04-03-2025 17:50:29.953;04-03-2025 17:31:48.308;1121645
2;04-03-2025 17:50:45.785;04-03-2025 17:31:48.308;1137477
2;04-03-2025 17:50:50.671;04-03-2025 17:31:48.308;1142363
2;04-03-2025 17:51:04.703;04-03-2025 17:31:48.308;1156395
2;04-03-2025 17:51:06.052;04-03-2025 17:31:48.308;1157744
2;04-03-2025 17:51:06.588;04-03-2025 17:31:48.308;1158280
2;04-03-2025 17:51:12.203;04-03-2025 17:31:48.308;1163895
2;04-03-2025 17:51:13.190;04-03-2025 17:31:48.308;1164882
2;04-03-2025 17:51:15.440;04-03-2025 17:31:48.308;1167132
2;04-03-2025 17:51:23.992;04-03-2025 17:31:48.308;1175684
2;04-03-2025 17:51:34.695;04-03-2025 17:31:48.308;1186387
2;04-03-2025 17:51:38.380;04-03-2025 17:31:48.308;1190072
2;04-03-2025 17:51:51.811;04-03-2025 17:31:48.308;1203503
2;04-03-2025 17:51:52.690;04-03-2025 17:31:48.308;1204382
2;04-03-2025 17:51:55.764;04-03-2025 17:31:48.308;1207456
2;04-03-2025 17:51:57.343;04-03-2025 17:31:48.308;1209035
2;04-03-2025 17:52:00.829;04-03-2025 17:31:48.308;1212521
2;04-03-2025 17:52:04.856;04-03-2025 17:31:48.308;1216548
2;04-03-2025 17:52:06.278;04-03-2025 17:31:48.308;1217970
2;04-03-2025 17:52:24.515;04-03-2025 17:31:48.308;1236207
2;04-03-2025 17:52:24.993;04-03-2025 17:31:48.308;1236685
2;04-03-2025 17:52:26.274;04-03-2025 17:31:48.308;1237966
2;04-03-2025 17:52:31.325;04-03-2025 17:31:48.308;1243017
2;04-03-2025 17:52:34.121;04-03-2025 17:31:48.308;1245813
2;04-03-2025 17:52:34.847;04-03-2025 17:31:48.308;1246539
2;04-03-2025 17:52:37.118;04-03-2025 17:31:48.308;1248810
2;04-03-2025 17:52:39.377;04-03-2025 17:31:48.308;1251069
2;04-03-2025 17:52:44.904;04-03-2025 17:31:48.308;1256596
2;04-03-2025 17:52:59.005;04-03-2025 17:31:48.308;1270697
2;04-03-2025 17:53:01.370;04-03-2025 17:31:48.308;1273062
2;04-03-2025 17:53:10.095;04-03-2025 17:31:48.308;1281787
2;04-03-2025 17:53:13.620;04-03-2025 17:31:48.308;1285312
2;04-03-2025 17:53:20.536;04-03-2025 17:31:48.308;1292228
2;04-03-2025 17:53:23.030;04-03-2025 17:31:48.308;1294722
2;04-03-2025 17:53:24.760;04-03-2025 17:31:48.308;1296452
2;04-03-2025 17:53:37.198;04-03-2025 17:31:48.308;1308890
2;04-03-2025 17:53:47.362;04-03-2025 17:31:48.308;1319054
2;04-03-2025 17:53:55.310;04-03-2025 17:31:48.308;1327002
2;04-03-2025 17:53:57.957;04-03-2025 17:31:48.308;1329649
2;04-03-2025 17:53:58.412;04-03-2025 17:31:48.308;1330104
2;04-03-2025 17:54:00.325;04-03-2025 17:31:48.308;1332017
2;04-03-2025 17:54:01.093;04-03-2025 17:31:48.308;1332785
2;04-03-2025 17:54:02.884;04-03-2025 17:31:48.308;1334576
2;04-03-2025 17:54:11.039;04-03-2025 17:31:48.308;1342731
2;04-03-2025 17:54:19.683;04-03-2025 17:31:48.308;1351375
2;04-03-2025 17:54:21.020;04-03-2025 17:31:48.308;1352712
2;04-03-2025 17:54:27.645;04-03-2025 17:31:48.308;1359337
2;04-03-2025 17:54:31.671;04-03-2025 17:31:48.308;1363363
2;04-03-2025 17:54:33.690;04-03-2025 17:31:48.308;1365382
2;04-03-2025 17:54:49.001;04-03-2025 17:31:48.308;1380693
2;04-03-2025 17:54:49.027;04-03-2025 17:31:48.308;1380719
2;04-03-2025 17:54:55.819;04-03-2025 17:31:48.308;1387511
2;04-03-2025 17:55:01.106;04-03-2025 17:31:48.308;1392798
2;04-03-2025 17:55:13.001;04-03-2025 17:31:48.308;1404693
2;04-03-2025 17:55:16.542;04-03-2025 17:31:48.308;1408234
2;04-03-2025 17:55:21.787;04-03-2025 17:31:48.308;1413479
2;04-03-2025 17:55:23.728;04-03-2025 17:31:48.308;1415420
2;04-03-2025 17:55:26.032;04-03-2025 17:31:48.308;1417724
2;04-03-2025 17:55:31.050;04-03-2025 17:31:48.308;1422742
2;04-03-2025 17:55:39.213;04-03-2025 17:31:48.308;1430905
2;04-03-2025 17:55:40.851;04-03-2025 17:31:48.308;1432543
2;04-03-2025 17:55:50.089;04-03-2025 17:31:48.308;1441781
2;04-03-2025 17:55:52.943;04-03-2025 17:31:48.308;1444635
2;04-03-2025 17:55:55.252;04-03-2025 17:31:48.308;1446944
2;04-03-2025 17:56:09.054;04-03-2025 17:31:48.308;1460746
2;04-03-2025 17:56:12.423;04-03-2025 17:31:48.308;1464115
2;04-03-2025 17:56:15.782;04-03-2025 17:31:48.308;1467474
2;04-03-2025 17:56:20.311;04-03-2025 17:31:48.308;1472003
2;04-03-2025 17:56:20.719;04-03-2025 17:31:48.308;1472411
2;04-03-2025 17:56:21.591;04-03-2025 17:31:48.308;1473283
2;04-03-2025 17:56:29.587;04-03-2025 17:31:48.308;1481279
2;04-03-2025 17:56:34.701;04-03-2025 17:31:48.308;1486393
2;04-03-2025 17:56:35.793;04-03-2025 17:31:48.308;1487485
2;04-03-2025 17:56:41.826;04-03-2025 17:31:48.308;1493518
2;04-03-2025 17:56:50.613;04-03-2025 17:31:48.308;1502305
2;04-03-2025 17:56:50.694;04-03-2025 17:31:48.308;1502386
2;04-03-2025 17:56:53.162;04-03-2025 17:31:48.308;1504854
2;04-03-2025 17:56:55.613;04-03-2025 17:31:48.308;1507305
2;04-03-2025 17:57:03.065;04-03-2025 17:31:48.308;1514757
2;04-03-2025 17:57:04.359;04-03-2025 17:31:48.308;1516051
2;04-03-2025 17:57:19.328;04-03-2025 17:31:48.308;1531020
2;04-03-2025 17:57:19.647;04-03-2025 17:31:48.308;1531339
2;04-03-2025 17:57:35.675;04-03-2025 17:31:48.308;1547367
2;04-03-2025 17:57:41.282;04-03-2025 17:31:48.308;1552974
2;04-03-2025 17:57:43.194;04-03-2025 17:31:48.308;1554886
2;04-03-2025 17:57:47.751;04-03-2025 17:31:48.308;1559443
2;04-03-2025 17:57:52.397;04-03-2025 17:31:48.308;1564089
2;04-03-2025 17:57:58.439;04-03-2025 17:31:48.308;1570131
2;04-03-2025 17:58:00.787;04-03-2025 17:31:48.308;1572479
2;04-03-2025 17:58:05.435;04-03-2025 17:31:48.308;1577127
2;04-03-2025 17:58:10.705;04-03-2025 17:31:48.308;1582397
2;04-03-2025 17:58:14.931;04-03-2025 17:31:48.308;1586623
2;04-03-2025 17:58:16.942;04-03-2025 17:31:48.308;1588634
2;04-03-2025 17:58:24.267;04-03-2025 17:31:48.308;1595959
2;04-03-2025 17:58:31.228;04-03-2025 17:31:48.308;1602920
2;04-03-2025 17:58:40.289;04-03-2025 17:31:48.308;1611981
2;04-03-2025 17:58:42.481;04-03-2025 17:31:48.308;1614173
2;04-03-2025 17:58:44.167;04-03-2025 17:31:48.308;1615859
2;04-03-2025 17:58:55.597;04-03-2025 17:31:48.308;1627289
2;04-03-2025 17:59:01.586;04-03-2025 17:31:48.308;1633278
2;04-03-2025 17:59:03.547;04-03-2025 17:31:48.308;1635239
2;04-03-2025 17:59:04.087;04-03-2025 17:31:48.308;1635779
2;04-03-2025 17:59:06.365;04-03-2025 17:31:48.308;1638057
2;04-03-2025 17:59:13.572;04-03-2025 17:31:48.308;1645264
2;04-03-2025 17:59:14.436;04-03-2025 17:31:48.308;1646128
2;04-03-2025 17:59:22.739;04-03-2025 17:31:48.308;1654431
2;04-03-2025 17:59:27.198;04-03-2025 17:31:48.308;1658890
2;04-03-2025 17:59:28.106;04-03-2025 17:31:48.308;1659798
2;04-03-2025 17:59:38.367;04-03-2025 17:31:48.308;1670059
2;04-03-2025 17:59:44.591;04-03-2025 17:31:48.308;1676283
2;04-03-2025 17:59:52.150;04-03-2025 17:31:48.308;1683842
2;04-03-2025 17:59:56.989;04-03-2025 17:31:48.308;1688681
2;04-03-2025 18:00:00.392;04-03-2025 17:31:48.308;1692084
2;04-03-2025 18:00:06.309;04-03-2025 17:31:48.308;1698001
2;04-03-2025 18:00:08.251;04-03-2025 17:31:48.308;1699943
2;04-03-2025 18:00:12.984;04-03-2025 17:31:48.308;1704676
2;04-03-2025 18:00:13.435;04-03-2025 17:31:48.308;1705127
2;04-03-2025 18:00:19.735;04-03-2025 17:31:48.308;1711427
2;04-03-2025 18:00:21.735;04-03-2025 17:31:48.308;1713427
2;04-03-2025 18:00:40.149;04-03-2025 17:31:48.308;1731841
2;04-03-2025 18:00:48.398;04-03-2025 17:31:48.308;1740090
2;04-03-2025 18:00:49.923;04-03-2025 17:31:48.308;1741615
2;04-03-2025 18:00:54.028;04-03-2025 17:31:48.308;1745720
2;04-03-2025 18:00:57.713;04-03-2025 17:31:48.308;1749405
2;04-03-2025 18:00:59.426;04-03-2025 17:31:48.308;1751118
2;04-03-2025 18:01:05.780;04-03-2025 17:31:48.308;1757472
2;04-03-2025 18:01:07.269;04-03-2025 17:31:48.308;1758961
2;04-03-2025 18:01:12.147;04-03-2025 17:31:48.308;1763839
2;04-03-2025 18:01:15.026;04-03-2025 17:31:48.308;1766718
2;04-03-2025 18:01:22.333;04-03-2025 17:31:48.308;1774025
2;04-03-2025 18:01:27.525;04-03-2025 17:31:48.308;1779217
2;04-03-2025 18:01:32.021;04-03-2025 17:31:48.308;1783713
2;04-03-2025 18:01:35.932;04-03-2025 17:31:48.308;1787624
2;04-03-2025 18:01:36.578;04-03-2025 17:31:48.308;1788270
2;04-03-2025 18:01:39.974;04-03-2025 17:31:48.308;1791666
2;04-03-2025 18:01:43.386;04-03-2025 17:31:48.308;1795078
2;04-03-2025 18:02:10.998;04-03-2025 17:31:48.308;1822690
2;04-03-2025 18:02:12.652;04-03-2025 17:31:48.308;1824344
2;04-03-2025 18:02:18.763;04-03-2025 17:31:48.308;1830455
2;04-03-2025 18:02:19.644;04-03-2025 17:31:48.308;1831336
2;04-03-2025 18:02:21.414;04-03-2025 17:31:48.308;1833106
2;04-03-2025 18:02:25.961;04-03-2025 17:31:48.308;1837653
2;04-03-2025 18:02:32.667;04-03-2025 17:31:48.308;1844359
2;04-03-2025 18:02:35.161;04-03-2025 17:31:48.308;1846853
2;04-03-2025 18:02:36.053;04-03-2025 17:31:48.308;1847745
2;04-03-2025 18:02:43.886;04-03-2025 17:31:48.308;1855578
2;04-03-2025 18:02:49.228;04-03-2025 17:31:48.308;1860920
2;04-03-2025 18:03:00.664;04-03-2025 17:31:48.308;1872356
2;04-03-2025 18:03:05.394;04-03-2025 17:31:48.308;1877086
2;04-03-2025 18:03:05.461;04-03-2025 17:31:48.308;1877153
2;04-03-2025 18:03:07.528;04-03-2025 17:31:48.308;1879220
2;04-03-2025 18:03:19.051;04-03-2025 17:31:48.308;1890743
2;04-03-2025 18:03:22.501;04-03-2025 17:31:48.308;1894193
2;04-03-2025 18:03:27.038;04-03-2025 17:31:48.308;1898730
2;04-03-2025 18:03:34.445;04-03-2025 17:31:48.308;1906137
2;04-03-2025 18:03:35.253;04-03-2025 17:31:48.308;1906945
2;04-03-2025 18:03:37.834;04-03-2025 17:31:48.308;1909526
2;04-03-2025 18:03:45.356;04-03-2025 17:31:48.308;1917048
2;04-03-2025 18:03:47.875;04-03-2025 17:31:48.308;1919567
2;04-03-2025 18:03:58.363;04-03-2025 17:31:48.308;1930055
2;04-03-2025 18:04:02.864;04-03-2025 17:31:48.308;1934556
2;04-03-2025 18:04:11.250;04-03-2025 17:31:48.308;1942942
2;04-03-2025 18:04:12.428;04-03-2025 17:31:48.308;1944120
2;04-03-2025 18:04:15.143;04-03-2025 17:31:48.308;1946835
2;04-03-2025 18:04:24.343;04-03-2025 17:31:48.308;1956035
2;04-03-2025 18:04:32.388;04-03-2025 17:31:48.308;1964080
2;04-03-2025 18:04:42.685;04-03-2025 17:31:48.308;1974377
2;04-03-2025 18:04:44.714;04-03-2025 17:31:48.308;1976406
2;04-03-2025 18:04:45.759;04-03-2025 17:31:48.308;1977451
2;04-03-2025 18:04:51.251;04-03-2025 17:31:48.308;1982943
2;04-03-2025 18:04:54.744;04-03-2025 17:31:48.308;1986436
2;04-03-2025 18:04:58.158;04-03-2025 17:31:48.308;1989850
2;04-03-2025 18:05:05.736;04-03-2025 17:31:48.308;1997428
2;04-03-2025 18:05:06.990;04-03-2025 17:31:48.308;1998682
2;04-03-2025 18:05:10.054;04-03-2025 17:31:48.308;2001746
2;04-03-2025 18:05:20.030;04-03-2025 17:31:48.308;2011722
2;04-03-2025 18:05:24.740;04-03-2025 17:31:48.308;2016432
2;04-03-2025 18:05:27.335;04-03-2025 17:31:48.308;2019027
2;04-03-2025 18:05:31.514;04-03-2025 17:31:48.308;2023206
2;04-03-2025 18:05:35.203;04-03-2025 17:31:48.308;2026895
2;04-03-2025 18:05:36.368;04-03-2025 17:31:48.308;2028060
2;04-03-2025 18:05:42.002;04-03-2025 17:31:48.308;2033694
2;04-03-2025 18:05:58.154;04-03-2025 17:31:48.308;2049846
2;04-03-2025 18:06:01.572;04-03-2025 17:31:48.308;2053264
2;04-03-2025 18:06:07.233;04-03-2025 17:31:48.308;2058925
2;04-03-2025 18:06:08.956;04-03-2025 17:31:48.308;2060648
2;04-03-2025 18:06:12.311;04-03-2025 17:31:48.308;2064003
2;04-03-2025 18:06:13.677;04-03-2025 17:31:48.308;2065369
2;04-03-2025 18:06:18.762;04-03-2025 17:31:48.308;2070454
2;04-03-2025 18:06:28.137;04-03-2025 17:31:48.308;2079829
2;04-03-2025 18:06:33.479;04-03-2025 17:31:48.308;2085171
2;04-03-2025 18:06:34.621;04-03-2025 17:31:48.308;2086313
2;04-03-2025 18:06:41.912;04-03-2025 17:31:48.308;2093604
2;04-03-2025 18:06:42.981;04-03-2025 17:31:48.308;2094673
2;04-03-2025 18:06:44.120;04-03-2025 17:31:48.308;2095812
2;04-03-2025 18:06:55.741;04-03-2025 17:31:48.308;2107433
2;04-03-2025 18:07:02.422;04-03-2025 17:31:48.308;2114114
2;04-03-2025 18:07:10.570;04-03-2025 17:31:48.308;2122262
2;04-03-2025 18:07:16.768;04-03-2025 17:31:48.308;2128460
2;04-03-2025 18:07:26.652;04-03-2025 17:31:48.308;2138344
2;04-03-2025 18:07:27.539;04-03-2025 17:31:48.308;2139231
2;04-03-2025 18:07:28.669;04-03-2025 17:31:48.308;2140361
2;04-03-2025 18:07:32.295;04-03-2025 17:31:48.308;2143987
2;04-03-2025 18:07:37.888;04-03-2025 17:31:48.308;2149580
2;04-03-2025 18:07:48.621;04-03-2025 17:31:48.308;2160313
2;04-03-2025 18:07:51.720;04-03-2025 17:31:48.308;2163412
2;04-03-2025 18:07:52.080;04-03-2025 17:31:48.308;2163772
2;04-03-2025 18:08:02.114;04-03-2025 17:31:48.308;2173806
2;04-03-2025 18:08:02.843;04-03-2025 17:31:48.308;2174535
2;04-03-2025 18:08:05.761;04-03-2025 17:31:48.308;2177453
2;04-03-2025 18:08:08.173;04-03-2025 17:31:48.308;2179865
2;04-03-2025 18:08:11.085;04-03-2025 17:31:48.308;2182777
2;04-03-2025 18:08:13.576;04-03-2025 17:31:48.308;2185268
2;04-03-2025 18:08:37.783;04-03-2025 17:31:48.308;2209475
2;04-03-2025 18:08:41.885;04-03-2025 17:31:48.308;2213577
2;04-03-2025 18:08:45.643;04-03-2025 17:31:48.308;2217335
2;04-03-2025 18:08:49.400;04-03-2025 17:31:48.308;2221092
2;04-03-2025 18:08:51.449;04-03-2025 17:31:48.308;2223141
2;04-03-2025 18:08:55.834;04-03-2025 17:31:48.308;2227526
2;04-03-2025 18:08:57.716;04-03-2025 17:31:48.308;2229408
2;04-03-2025 18:09:04.530;04-03-2025 17:31:48.308;2236222
2;04-03-2025 18:09:05.751;04-03-2025 17:31:48.308;2237443
2;04-03-2025 18:09:07.047;04-03-2025 17:31:48.308;2238739
2;04-03-2025 18:09:07.625;04-03-2025 17:31:48.308;2239317
2;04-03-2025 18:09:10.177;04-03-2025 17:31:48.308;2241869
2;04-03-2025 18:09:22.239;04-03-2025 17:31:48.308;2253931
2;04-03-2025 18:09:29.072;04-03-2025 17:31:48.308;2260764
2;04-03-2025 18:09:30.857;04-03-2025 17:31:48.308;2262549
2;04-03-2025 18:09:30.874;04-03-2025 17:31:48.308;2262566
2;04-03-2025 18:09:50.364;04-03-2025 17:31:48.308;2282056
2;04-03-2025 18:10:00.705;04-03-2025 17:31:48.308;2292397
2;04-03-2025 18:10:04.526;04-03-2025 17:31:48.308;2296218
2;04-03-2025 18:10:05.484;04-03-2025 17:31:48.308;2297176
2;04-03-2025 18:10:09.390;04-03-2025 17:31:48.308;2301082
2;04-03-2025 18:10:14.748;04-03-2025 17:31:48.308;2306440
2;04-03-2025 18:10:22.049;04-03-2025 17:31:48.308;2313741
2;04-03-2025 18:10:24.021;04-03-2025 17:31:48.308;2315713
2;04-03-2025 18:10:28.637;04-03-2025 17:31:48.308;2320329
2;04-03-2025 18:10:31.229;04-03-2025 17:31:48.308;2322921
2;04-03-2025 18:10:36.170;04-03-2025 17:31:48.308;2327862
2;04-03-2025 18:10:40.993;04-03-2025 17:31:48.308;2332685
2;04-03-2025 18:10:43.548;04-03-2025 17:31:48.308;2335240
2;04-03-2025 18:10:44.574;04-03-2025 17:31:48.308;2336266
2;04-03-2025 18:10:50.807;04-03-2025 17:31:48.308;2342499
2;04-03-2025 18:10:59.810;04-03-2025 17:31:48.308;2351502
2;04-03-2025 18:10:59.900;04-03-2025 17:31:48.308;2351592
2;04-03-2025 18:11:06.321;04-03-2025 17:31:48.308;2358013
2;04-03-2025 18:11:12.455;04-03-2025 17:31:48.308;2364147
2;04-03-2025 18:11:15.721;04-03-2025 17:31:48.308;2367413
2;04-03-2025 18:11:21.436;04-03-2025 17:31:48.308;2373128
2;04-03-2025 18:11:29.301;04-03-2025 17:31:48.308;2380993
2;04-03-2025 18:11:42.616;04-03-2025 17:31:48.308;2394308
2;04-03-2025 18:11:48.651;04-03-2025 17:31:48.308;2400343
2;04-03-2025 18:11:48.779;04-03-2025 17:31:48.308;2400471
2;04-03-2025 18:11:52.593;04-03-2025 17:31:48.308;2404285
2;04-03-2025 18:11:52.602;04-03-2025 17:31:48.308;2404294
2;04-03-2025 18:12:00.941;04-03-2025 17:31:48.308;2412633
2;04-03-2025 18:12:08.182;04-03-2025 17:31:48.308;2419874
2;04-03-2025 18:12:12.034;04-03-2025 17:31:48.308;2423726
2;04-03-2025 18:12:19.489;04-03-2025 17:31:48.308;2431181
2;04-03-2025 18:12:23.810;04-03-2025 17:31:48.308;2435502
2;04-03-2025 18:12:26.248;04-03-2025 17:31:48.308;2437940
2;04-03-2025 18:12:27.295;04-03-2025 17:31:48.308;2438987
2;04-03-2025 18:12:32.038;04-03-2025 17:31:48.308;2443730
2;04-03-2025 18:12:33.284;04-03-2025 17:31:48.308;2444976
2;04-03-2025 18:12:35.493;04-03-2025 17:31:48.308;2447185
2;04-03-2025 18:12:44.847;04-03-2025 17:31:48.308;2456539
2;04-03-2025 18:13:02.628;04-03-2025 17:31:48.308;2474320
2;04-03-2025 18:13:04.059;04-03-2025 17:31:48.308;2475751
2;04-03-2025 18:13:06.806;04-03-2025 17:31:48.308;2478498
2;04-03-2025 18:13:13.442;04-03-2025 17:31:48.308;2485134
2;04-03-2025 18:13:14.153;04-03-2025 17:31:48.308;2485845
2;04-03-2025 18:13:23.700;04-03-2025 17:31:48.308;2495392
2;04-03-2025 18:13:28.119;04-03-2025 17:31:48.308;2499811
2;04-03-2025 18:13:33.555;04-03-2025 17:31:48.308;2505247
2;04-03-2025 18:13:35.315;04-03-2025 17:31:48.308;2507007
2;04-03-2025 18:13:53.770;04-03-2025 17:31:48.308;2525462
2;04-03-2025 18:13:53.808;04-03-2025 17:31:48.308;2525500
2;04-03-2025 18:13:54.939;04-03-2025 17:31:48.308;2526631
2;04-03-2025 18:13:57.454;04-03-2025 17:31:48.308;2529146
2;04-03-2025 18:14:00.113;04-03-2025 17:31:48.308;2531805
2;04-03-2025 18:14:01.625;04-03-2025 17:31:48.308;2533317
2;04-03-2025 18:14:01.635;04-03-2025 17:31:48.308;2533327
2;04-03-2025 18:14:15.939;04-03-2025 17:31:48.308;2547631
2;04-03-2025 18:14:21.026;04-03-2025 17:31:48.308;2552718
2;04-03-2025 18:14:23.073;04-03-2025 17:31:48.308;2554765
2;04-03-2025 18:14:33.014;04-03-2025 17:31:48.308;2564706
2;04-03-2025 18:14:38.870;04-03-2025 17:31:48.308;2570562
2;04-03-2025 18:14:40.717;04-03-2025 17:31:48.308;2572409
2;04-03-2025 18:14:41.498;04-03-2025 17:31:48.308;2573190
2;04-03-2025 18:14:47.183;04-03-2025 17:31:48.308;2578875
2;04-03-2025 18:14:52.536;04-03-2025 17:31:48.308;2584228
2;04-03-2025 18:15:02.193;04-03-2025 17:31:48.308;2593885
2;04-03-2025 18:15:10.059;04-03-2025 17:31:48.308;2601751
2;04-03-2025 18:15:12.341;04-03-2025 17:31:48.308;2604033
2;04-03-2025 18:15:14.347;04-03-2025 17:31:48.308;2606039
2;04-03-2025 18:15:15.787;04-03-2025 17:31:48.308;2607479
2;04-03-2025 18:15:25.841;04-03-2025 17:31:48.308;2617533
2;04-03-2025 18:15:29.373;04-03-2025 17:31:48.308;2621065
2;04-03-2025 18:15:40.747;04-03-2025 17:31:48.308;2632439
2;04-03-2025 18:15:41.636;04-03-2025 17:31:48.308;2633328
2;04-03-2025 18:15:46.768;04-03-2025 17:31:48.308;2638460
2;04-03-2025 18:15:48.189;04-03-2025 17:31:48.308;2639881
2;04-03-2025 18:16:03.353;04-03-2025 17:31:48.308;2655045
2;04-03-2025 18:16:14.500;04-03-2025 17:31:48.308;2666192
2;04-03-2025 18:16:16.977;04-03-2025 17:31:48.308;2668669
2;04-03-2025 18:16:17.472;04-03-2025 17:31:48.308;2669164
2;04-03-2025 18:16:22.084;04-03-2025 17:31:48.308;2673776
2;04-03-2025 18:16:28.246;04-03-2025 17:31:48.308;2679938
2;04-03-2025 18:16:30.015;04-03-2025 17:31:48.308;2681707
2;04-03-2025 18:16:33.573;04-03-2025 17:31:48.308;2685265
2;04-03-2025 18:16:36.105;04-03-2025 17:31:48.308;2687797
2;04-03-2025 18:16:38.754;04-03-2025 17:31:48.308;2690446
2;04-03-2025 18:16:54.364;04-03-2025 17:31:48.308;2706056
2;04-03-2025 18:16:56.697;04-03-2025 17:31:48.308;2708389
2;04-03-2025 18:16:58.157;04-03-2025 17:31:48.308;2709849
2;04-03-2025 18:17:00.805;04-03-2025 17:31:48.308;2712497
2;04-03-2025 18:17:01.303;04-03-2025 17:31:48.308;2712995
2;04-03-2025 18:17:12.561;04-03-2025 17:31:48.308;2724253
2;04-03-2025 18:17:14.403;04-03-2025 17:31:48.308;2726095
2;04-03-2025 18:17:17.384;04-03-2025 17:31:48.308;2729076
2;04-03-2025 18:17:21.591;04-03-2025 17:31:48.308;2733283
2;04-03-2025 18:17:25.350;04-03-2025 17:31:48.308;2737042
2;04-03-2025 18:17:30.646;04-03-2025 17:31:48.308;2742338
2;04-03-2025 18:17:31.557;04-03-2025 17:31:48.308;2743249
2;04-03-2025 18:17:35.161;04-03-2025 17:31:48.308;2746853
2;04-03-2025 18:17:40.855;04-03-2025 17:31:48.308;2752547
2;04-03-2025 18:17:50.416;04-03-2025 17:31:48.308;2762108
2;04-03-2025 18:18:06.277;04-03-2025 17:31:48.308;2777969
2;04-03-2025 18:18:06.927;04-03-2025 17:31:48.308;2778619
2;04-03-2025 18:18:11.628;04-03-2025 17:31:48.308;2783320
2;04-03-2025 18:18:12.247;04-03-2025 17:31:48.308;2783939
2;04-03-2025 18:18:14.467;04-03-2025 17:31:48.308;2786159
2;04-03-2025 18:18:15.768;04-03-2025 17:31:48.308;2787460
2;04-03-2025 18:18:34.025;04-03-2025 17:31:48.308;2805717
2;04-03-2025 18:18:35.592;04-03-2025 17:31:48.308;2807284
2;04-03-2025 18:18:36.147;04-03-2025 17:31:48.308;2807839
2;04-03-2025 18:18:43.526;04-03-2025 17:31:48.308;2815218
2;04-03-2025 18:18:45.134;04-03-2025 17:31:48.308;2816826
2;04-03-2025 18:18:50.967;04-03-2025 17:31:48.308;2822659
2;04-03-2025 18:18:51.821;04-03-2025 17:31:48.308;2823513
2;04-03-2025 18:19:07.178;04-03-2025 17:31:48.308;2838870
2;04-03-2025 18:19:22.915;04-03-2025 17:31:48.308;2854607
2;04-03-2025 18:19:23.526;04-03-2025 17:31:48.308;2855218
2;04-03-2025 18:19:25.772;04-03-2025 17:31:48.308;2857464
2;04-03-2025 18:19:26.978;04-03-2025 17:31:48.308;2858670
2;04-03-2025 18:19:27.371;04-03-2025 17:31:48.308;2859063
2;04-03-2025 18:19:27.760;04-03-2025 17:31:48.308;2859452
2;04-03-2025 18:19:35.718;04-03-2025 17:31:48.308;2867410
2;04-03-2025 18:19:51.582;04-03-2025 17:31:48.308;2883274
2;04-03-2025 18:19:52.902;04-03-2025 17:31:48.308;2884594
2;04-03-2025 18:19:55.364;04-03-2025 17:31:48.308;2887056
2;04-03-2025 18:20:05.725;04-03-2025 17:31:48.308;2897417
2;04-03-2025 18:20:10.547;04-03-2025 17:31:48.308;2902239
2;04-03-2025 18:20:11.198;04-03-2025 17:31:48.308;2902890
2;04-03-2025 18:20:12.619;04-03-2025 17:31:48.308;2904311
2;04-03-2025 18:20:13.934;04-03-2025 17:31:48.308;2905626
2;04-03-2025 18:20:22.940;04-03-2025 17:31:48.308;2914632
2;04-03-2025 18:20:35.674;04-03-2025 17:31:48.308;2927366
2;04-03-2025 18:20:37.494;04-03-2025 17:31:48.308;2929186
2;04-03-2025 18:20:40.661;04-03-2025 17:31:48.308;2932353
2;04-03-2025 18:20:50.578;04-03-2025 17:31:48.308;2942270
2;04-03-2025 18:20:53.854;04-03-2025 17:31:48.308;2945546
2;04-03-2025 18:20:55.895;04-03-2025 17:31:48.308;2947587
2;04-03-2025 18:21:03.272;04-03-2025 17:31:48.308;2954964
2;04-03-2025 18:21:09.163;04-03-2025 17:31:48.308;2960855
2;04-03-2025 18:21:13.118;04-03-2025 17:31:48.308;2964810
2;04-03-2025 18:21:13.605;04-03-2025 17:31:48.308;2965297
2;04-03-2025 18:21:21.583;04-03-2025 17:31:48.308;2973275
2;04-03-2025 18:21:24.915;04-03-2025 17:31:48.308;2976607
2;04-03-2025 18:21:35.865;04-03-2025 17:31:48.308;2987557
2;04-03-2025 18:21:37.731;04-03-2025 17:31:48.308;2989423
2;04-03-2025 18:21:44.245;04-03-2025 17:31:48.308;2995937
2;04-03-2025 18:21:50.856;04-03-2025 17:31:48.308;3002548
2;04-03-2025 18:21:57.426;04-03-2025 17:31:48.308;3009118
2;04-03-2025 18:21:57.486;04-03-2025 17:31:48.308;3009178
2;04-03-2025 18:21:58.222;04-03-2025 17:31:48.308;3009914
2;04-03-2025 18:22:04.126;04-03-2025 17:31:48.308;3015818
2;04-03-2025 18:22:06.111;04-03-2025 17:31:48.308;3017803
2;04-03-2025 18:22:13.119;04-03-2025 17:31:48.308;3024811
2;04-03-2025 18:22:13.654;04-03-2025 17:31:48.308;3025346
2;04-03-2025 18:22:20.672;04-03-2025 17:31:48.308;3032364
2;04-03-2025 18:22:32.507;04-03-2025 17:31:48.308;3044199
2;04-03-2025 18:22:33.140;04-03-2025 17:31:48.308;3044832
2;04-03-2025 18:22:36.096;04-03-2025 17:31:48.308;3047788
3;04-03-2025 18:22:37.980;04-03-2025 18:22:23.061;14919
2;04-03-2025 18:22:48.640;04-03-2025 17:31:48.308;3060332
2;04-03-2025 18:22:50.044;04-03-2025 17:31:48.308;3061736
2;04-03-2025 18:22:54.695;04-03-2025 17:31:48.308;3066387
2;04-03-2025 18:23:01.676;04-03-2025 17:31:48.308;3073368
2;04-03-2025 18:23:08.349;04-03-2025 17:31:48.308;3080041
2;04-03-2025 18:23:17.305;04-03-2025 17:31:48.308;3088997
2;04-03-2025 18:23:19.357;04-03-2025 17:31:48.308;3091049
2;04-03-2025 18:23:21.640;04-03-2025 17:31:48.308;3093332
2;04-03-2025 18:23:27.726;04-03-2025 17:31:48.308;3099418
2;04-03-2025 18:23:33.052;04-03-2025 17:31:48.308;3104744
2;04-03-2025 18:23:34.988;04-03-2025 17:31:48.308;3106680
2;04-03-2025 18:23:42.720;04-03-2025 17:31:48.308;3114412
2;04-03-2025 18:23:45.547;04-03-2025 17:31:48.308;3117239
2;04-03-2025 18:23:49.606;04-03-2025 17:31:48.308;3121298
2;04-03-2025 18:23:50.813;04-03-2025 17:31:48.308;3122505
2;04-03-2025 18:23:55.599;04-03-2025 17:31:48.308;3127291
2;04-03-2025 18:23:56.254;04-03-2025 17:31:48.308;3127946
2;04-03-2025 18:24:04.612;04-03-2025 17:31:48.308;3136304
2;04-03-2025 18:24:08.665;04-03-2025 17:31:48.308;3140357
2;04-03-2025 18:24:17.283;04-03-2025 17:31:48.308;3148975
2;04-03-2025 18:24:25.794;04-03-2025 17:31:48.308;3157486
2;04-03-2025 18:24:28.502;04-03-2025 17:31:48.308;3160194
2;04-03-2025 18:24:34.164;04-03-2025 17:31:48.308;3165856
2;04-03-2025 18:24:36.542;04-03-2025 17:31:48.308;3168234
2;04-03-2025 18:24:45.153;04-03-2025 17:31:48.308;3176845
2;04-03-2025 18:24:46.725;04-03-2025 17:31:48.308;3178417
2;04-03-2025 18:24:54.741;04-03-2025 17:31:48.308;3186433
2;04-03-2025 18:24:56.220;04-03-2025 17:31:48.308;3187912
2;04-03-2025 18:25:07.150;04-03-2025 17:31:48.308;3198842
2;04-03-2025 18:25:09.092;04-03-2025 17:31:48.308;3200784
2;04-03-2025 18:25:09.139;04-03-2025 17:31:48.308;3200831
2;04-03-2025 18:25:25.458;04-03-2025 17:31:48.308;3217150
2;04-03-2025 18:25:36.030;04-03-2025 17:31:48.308;3227722
2;04-03-2025 18:25:40.179;04-03-2025 17:31:48.308;3231871
2;04-03-2025 18:25:44.273;04-03-2025 17:31:48.308;3235965
2;04-03-2025 18:25:46.981;04-03-2025 17:31:48.308;3238673
2;04-03-2025 18:25:50.085;04-03-2025 17:31:48.308;3241777
2;04-03-2025 18:25:52.009;04-03-2025 17:31:48.308;3243701
2;04-03-2025 18:25:53.517;04-03-2025 17:31:48.308;3245209
2;04-03-2025 18:25:56.061;04-03-2025 17:31:48.308;3247753
2;04-03-2025 18:26:02.697;04-03-2025 17:31:48.308;3254389
2;04-03-2025 18:26:05.803;04-03-2025 17:31:48.308;3257495
2;04-03-2025 18:26:09.680;04-03-2025 17:31:48.308;3261372
2;04-03-2025 18:26:18.570;04-03-2025 17:31:48.308;3270262
2;04-03-2025 18:26:18.833;04-03-2025 17:31:48.308;3270525
2;04-03-2025 18:26:23.385;04-03-2025 17:31:48.308;3275077
2;04-03-2025 18:26:29.093;04-03-2025 17:31:48.308;3280785
2;04-03-2025 18:26:31.122;04-03-2025 17:31:48.308;3282814
2;04-03-2025 18:26:48.783;04-03-2025 17:31:48.308;3300475
2;04-03-2025 18:26:49.918;04-03-2025 17:31:48.308;3301610
2;04-03-2025 18:27:01.135;04-03-2025 17:31:48.308;3312827
2;04-03-2025 18:27:02.375;04-03-2025 17:31:48.308;3314067
2;04-03-2025 18:27:08.060;04-03-2025 17:31:48.308;3319752
2;04-03-2025 18:27:08.531;04-03-2025 17:31:48.308;3320223
2;04-03-2025 18:27:11.945;04-03-2025 17:31:48.308;3323637
2;04-03-2025 18:27:19.951;04-03-2025 17:31:48.308;3331643
2;04-03-2025 18:27:20.130;04-03-2025 17:31:48.308;3331822
2;04-03-2025 18:27:20.763;04-03-2025 17:31:48.308;3332455
2;04-03-2025 18:27:34.642;04-03-2025 17:31:48.308;3346334
2;04-03-2025 18:27:40.780;04-03-2025 17:31:48.308;3352472
2;04-03-2025 18:27:44.660;04-03-2025 17:31:48.308;3356352
2;04-03-2025 18:27:51.496;04-03-2025 17:31:48.308;3363188
2;04-03-2025 18:27:55.804;04-03-2025 17:31:48.308;3367496
2;04-03-2025 18:27:56.825;04-03-2025 17:31:48.308;3368517
2;04-03-2025 18:27:59.603;04-03-2025 17:31:48.308;3371295
2;04-03-2025 18:28:07.518;04-03-2025 17:31:48.308;3379210
2;04-03-2025 18:28:22.712;04-03-2025 17:31:48.308;3394404
2;04-03-2025 18:28:25.395;04-03-2025 17:31:48.308;3397087
2;04-03-2025 18:28:28.745;04-03-2025 17:31:48.308;3400437
2;04-03-2025 18:28:36.409;04-03-2025 17:31:48.308;3408101
2;04-03-2025 18:28:36.557;04-03-2025 17:31:48.308;3408249
2;04-03-2025 18:28:39.331;04-03-2025 17:31:48.308;3411023
2;04-03-2025 18:28:46.831;04-03-2025 17:31:48.308;3418523
2;04-03-2025 18:28:49.417;04-03-2025 17:31:48.308;3421109
2;04-03-2025 18:28:51.861;04-03-2025 17:31:48.308;3423553
2;04-03-2025 18:28:59.085;04-03-2025 17:31:48.308;3430777
2;04-03-2025 18:29:10.616;04-03-2025 17:31:48.308;3442308
2;04-03-2025 18:29:20.633;04-03-2025 17:31:48.308;3452325
2;04-03-2025 18:29:21.516;04-03-2025 17:31:48.308;3453208
2;04-03-2025 18:29:24.073;04-03-2025 17:31:48.308;3455765
2;04-03-2025 18:29:25.215;04-03-2025 17:31:48.308;3456907
2;04-03-2025 18:29:25.478;04-03-2025 17:31:48.308;3457170
2;04-03-2025 18:29:31.157;04-03-2025 17:31:48.308;3462849
2;04-03-2025 18:29:31.240;04-03-2025 17:31:48.308;3462932
2;04-03-2025 18:29:33.940;04-03-2025 17:31:48.308;3465632
2;04-03-2025 18:29:35.308;04-03-2025 17:31:48.308;3467000
2;04-03-2025 18:29:56.684;04-03-2025 17:31:48.308;3488376
2;04-03-2025 18:30:01.446;04-03-2025 17:31:48.308;3493138
2;04-03-2025 18:30:10.583;04-03-2025 17:31:48.308;3502275
2;04-03-2025 18:30:15.446;04-03-2025 17:31:48.308;3507138
2;04-03-2025 18:30:16.790;04-03-2025 17:31:48.308;3508482
2;04-03-2025 18:30:19.593;04-03-2025 17:31:48.308;3511285
2;04-03-2025 18:30:24.068;04-03-2025 17:31:48.308;3515760
2;04-03-2025 18:30:34.021;04-03-2025 17:31:48.308;3525713
2;04-03-2025 18:30:36.671;04-03-2025 17:31:48.308;3528363
2;04-03-2025 18:30:39.225;04-03-2025 17:31:48.308;3530917
2;04-03-2025 18:30:44.078;04-03-2025 17:31:48.308;3535770
2;04-03-2025 18:30:46.572;04-03-2025 17:31:48.308;3538264
2;04-03-2025 18:31:03.676;04-03-2025 17:31:48.308;3555368
2;04-03-2025 18:31:05.173;04-03-2025 17:31:48.308;3556865
2;04-03-2025 18:31:07.516;04-03-2025 17:31:48.308;3559208
2;04-03-2025 18:31:16.303;04-03-2025 17:31:48.308;3567995
2;04-03-2025 18:31:21.619;04-03-2025 17:31:48.308;3573311
2;04-03-2025 18:31:24.425;04-03-2025 17:31:48.308;3576117
2;04-03-2025 18:31:27.208;04-03-2025 17:31:48.308;3578900
2;04-03-2025 18:31:27.976;04-03-2025 17:31:48.308;3579668
2;04-03-2025 18:31:32.177;04-03-2025 17:31:48.308;3583869
2;04-03-2025 18:31:34.930;04-03-2025 17:31:48.308;3586622
2;04-03-2025 18:31:40.710;04-03-2025 17:31:48.308;3592402
2;04-03-2025 18:31:54.443;04-03-2025 17:31:48.308;3606135
2;04-03-2025 18:31:55.454;04-03-2025 17:31:48.308;3607146
2;04-03-2025 18:31:58.646;04-03-2025 17:31:48.308;3610338
2;04-03-2025 18:32:03.859;04-03-2025 17:31:48.308;3615551
2;04-03-2025 18:32:05.888;04-03-2025 17:31:48.308;3617580
2;04-03-2025 18:32:08.716;04-03-2025 17:31:48.308;3620408
2;04-03-2025 18:32:17.801;04-03-2025 17:31:48.308;3629493
2;04-03-2025 18:32:24.888;04-03-2025 17:31:48.308;3636580
2;04-03-2025 18:32:35.202;04-03-2025 17:31:48.308;3646894
2;04-03-2025 18:32:40.303;04-03-2025 17:31:48.308;3651995
2;04-03-2025 18:32:45.233;04-03-2025 17:31:48.308;3656925
2;04-03-2025 18:32:46.661;04-03-2025 17:31:48.308;3658353
2;04-03-2025 18:32:48.384;04-03-2025 17:31:48.308;3660076
2;04-03-2025 18:32:53.491;04-03-2025 17:31:48.308;3665183
2;04-03-2025 18:32:54.884;04-03-2025 17:31:48.308;3666576
2;04-03-2025 18:32:58.597;04-03-2025 17:31:48.308;3670289
2;04-03-2025 18:33:05.176;04-03-2025 17:31:48.308;3676868
2;04-03-2025 18:33:15.877;04-03-2025 17:31:48.308;3687569
2;04-03-2025 18:33:20.721;04-03-2025 17:31:48.308;3692413
2;04-03-2025 18:33:22.186;04-03-2025 17:31:48.308;3693878
2;04-03-2025 18:33:28.936;04-03-2025 17:31:48.308;3700628
2;04-03-2025 18:33:32.641;04-03-2025 17:31:48.308;3704333
2;04-03-2025 18:33:38.488;04-03-2025 17:31:48.308;3710180
2;04-03-2025 18:33:39.054;04-03-2025 17:31:48.308;3710746
2;04-03-2025 18:33:46.574;04-03-2025 17:31:48.308;3718266
2;04-03-2025 18:33:48.208;04-03-2025 17:31:48.308;3719900
2;04-03-2025 18:34:05.180;04-03-2025 17:31:48.308;3736872
2;04-03-2025 18:34:08.367;04-03-2025 17:31:48.308;3740059
2;04-03-2025 18:34:09.977;04-03-2025 17:31:48.308;3741669
2;04-03-2025 18:34:22.048;04-03-2025 17:31:48.308;3753740
2;04-03-2025 18:34:25.437;04-03-2025 17:31:48.308;3757129
2;04-03-2025 18:34:25.812;04-03-2025 17:31:48.308;3757504
2;04-03-2025 18:34:31.730;04-03-2025 17:31:48.308;3763422
2;04-03-2025 18:34:32.639;04-03-2025 17:31:48.308;3764331
2;04-03-2025 18:34:33.702;04-03-2025 17:31:48.308;3765394
2;04-03-2025 18:34:40.131;04-03-2025 17:31:48.308;3771823
2;04-03-2025 18:34:50.171;04-03-2025 17:31:48.308;3781863
2;04-03-2025 18:34:51.334;04-03-2025 17:31:48.308;3783026
2;04-03-2025 18:35:03.967;04-03-2025 17:31:48.308;3795659
2;04-03-2025 18:35:04.651;04-03-2025 17:31:48.308;3796343
2;04-03-2025 18:35:09.035;04-03-2025 17:31:48.308;3800727
2;04-03-2025 18:35:09.426;04-03-2025 17:31:48.308;3801118
2;04-03-2025 18:35:12.875;04-03-2025 17:31:48.308;3804567
2;04-03-2025 18:35:22.671;04-03-2025 17:31:48.308;3814363
2;04-03-2025 18:35:24.028;04-03-2025 17:31:48.308;3815720
2;04-03-2025 18:35:25.676;04-03-2025 17:31:48.308;3817368
2;04-03-2025 18:35:38.850;04-03-2025 17:31:48.308;3830542
2;04-03-2025 18:35:46.413;04-03-2025 17:31:48.308;3838105
2;04-03-2025 18:35:54.248;04-03-2025 17:31:48.308;3845940
2;04-03-2025 18:35:56.490;04-03-2025 17:31:48.308;3848182
2;04-03-2025 18:35:59.102;04-03-2025 17:31:48.308;3850794
2;04-03-2025 18:36:02.362;04-03-2025 17:31:48.308;3854054
2;04-03-2025 18:36:16.166;04-03-2025 17:31:48.308;3867858
2;04-03-2025 18:36:25.204;04-03-2025 17:31:48.308;3876896
2;04-03-2025 18:36:26.431;04-03-2025 17:31:48.308;3878123
2;04-03-2025 18:36:28.788;04-03-2025 17:31:48.308;3880480
2;04-03-2025 18:36:33.979;04-03-2025 17:31:48.308;3885671
2;04-03-2025 18:36:35.891;04-03-2025 17:31:48.308;3887583
2;04-03-2025 18:36:37.481;04-03-2025 17:31:48.308;3889173
2;04-03-2025 18:36:51.649;04-03-2025 17:31:48.308;3903341
2;04-03-2025 18:36:55.598;04-03-2025 17:31:48.308;3907290
2;04-03-2025 18:37:00.606;04-03-2025 17:31:48.308;3912298
2;04-03-2025 18:37:01.347;04-03-2025 17:31:48.308;3913039
2;04-03-2025 18:37:13.196;04-03-2025 17:31:48.308;3924888
2;04-03-2025 18:37:16.862;04-03-2025 17:31:48.308;3928554
2;04-03-2025 18:37:19.330;04-03-2025 17:31:48.308;3931022
2;04-03-2025 18:37:22.332;04-03-2025 17:31:48.308;3934024
2;04-03-2025 18:37:25.168;04-03-2025 17:31:48.308;3936860
2;04-03-2025 18:37:26.603;04-03-2025 17:31:48.308;3938295
2;04-03-2025 18:37:43.305;04-03-2025 17:31:48.308;3954997
2;04-03-2025 18:37:43.724;04-03-2025 17:31:48.308;3955416
2;04-03-2025 18:37:45.229;04-03-2025 17:31:48.308;3956921
2;04-03-2025 18:37:54.737;04-03-2025 17:31:48.308;3966429
2;04-03-2025 18:37:59.073;04-03-2025 17:31:48.308;3970765
2;04-03-2025 18:38:00.134;04-03-2025 17:31:48.308;3971826
2;04-03-2025 18:38:05.855;04-03-2025 17:31:48.308;3977547
2;04-03-2025 18:38:06.557;04-03-2025 17:31:48.308;3978249
2;04-03-2025 18:38:15.638;04-03-2025 17:31:48.308;3987330
2;04-03-2025 18:38:23.079;04-03-2025 17:31:48.308;3994771
2;04-03-2025 18:38:25.201;04-03-2025 17:31:48.308;3996893
2;04-03-2025 18:38:25.944;04-03-2025 17:31:48.308;3997636
2;04-03-2025 18:38:32.178;04-03-2025 17:31:48.308;4003870
2;04-03-2025 18:38:33.782;04-03-2025 17:31:48.308;4005474
2;04-03-2025 18:38:35.242;04-03-2025 17:31:48.308;4006934
2;04-03-2025 18:38:45.006;04-03-2025 17:31:48.308;4016698
2;04-03-2025 18:38:57.093;04-03-2025 17:31:48.308;4028785
2;04-03-2025 18:39:01.091;04-03-2025 17:31:48.308;4032783
2;04-03-2025 18:39:02.778;04-03-2025 17:31:48.308;4034470
2;04-03-2025 18:39:12.966;04-03-2025 17:31:48.308;4044658
2;04-03-2025 18:39:20.867;04-03-2025 17:31:48.308;4052559
2;04-03-2025 18:39:21.374;04-03-2025 17:31:48.308;4053066
2;04-03-2025 18:39:23.594;04-03-2025 17:31:48.308;4055286
2;04-03-2025 18:39:29.873;04-03-2025 17:31:48.308;4061565
2;04-03-2025 18:39:29.962;04-03-2025 17:31:48.308;4061654
2;04-03-2025 18:39:41.996;04-03-2025 17:31:48.308;4073688
2;04-03-2025 18:39:43.925;04-03-2025 17:31:48.308;4075617
2;04-03-2025 18:39:45.825;04-03-2025 17:31:48.308;4077517
2;04-03-2025 18:39:56.656;04-03-2025 17:31:48.308;4088348
2;04-03-2025 18:39:57.198;04-03-2025 17:31:48.308;4088890
2;04-03-2025 18:40:05.835;04-03-2025 17:31:48.308;4097527
2;04-03-2025 18:40:09.272;04-03-2025 17:31:48.308;4100964
2;04-03-2025 18:40:11.454;04-03-2025 17:31:48.308;4103146
2;04-03-2025 18:40:15.338;04-03-2025 17:31:48.308;4107030
2;04-03-2025 18:40:22.434;04-03-2025 17:31:48.308;4114126
2;04-03-2025 18:40:28.438;04-03-2025 17:31:48.308;4120130
2;04-03-2025 18:40:32.114;04-03-2025 17:31:48.308;4123806
2;04-03-2025 18:40:42.730;04-03-2025 17:31:48.308;4134422
2;04-03-2025 18:40:44.068;04-03-2025 17:31:48.308;4135760
2;04-03-2025 18:40:44.134;04-03-2025 17:31:48.308;4135826
2;04-03-2025 18:40:45.455;04-03-2025 17:31:48.308;4137147
2;04-03-2025 18:40:50.565;04-03-2025 17:31:48.308;4142257
2;04-03-2025 18:40:53.222;04-03-2025 17:31:48.308;4144914
2;04-03-2025 18:41:10.634;04-03-2025 17:31:48.308;4162326
2;04-03-2025 18:41:12.146;04-03-2025 17:31:48.308;4163838
2;04-03-2025 18:41:18.062;04-03-2025 17:31:48.308;4169754
2;04-03-2025 18:41:21.441;04-03-2025 17:31:48.308;4173133
2;04-03-2025 18:41:28.641;04-03-2025 17:31:48.308;4180333
2;04-03-2025 18:41:30.549;04-03-2025 17:31:48.308;4182241
2;04-03-2025 18:41:43.434;04-03-2025 17:31:48.308;4195126
2;04-03-2025 18:41:53.349;04-03-2025 17:31:48.308;4205041
2;04-03-2025 18:41:57.459;04-03-2025 17:31:48.308;4209151
2;04-03-2025 18:42:01.655;04-03-2025 17:31:48.308;4213347
2;04-03-2025 18:42:02.785;04-03-2025 17:31:48.308;4214477
2;04-03-2025 18:42:03.528;04-03-2025 17:31:48.308;4215220
2;04-03-2025 18:42:12.491;04-03-2025 17:31:48.308;4224183
2;04-03-2025 18:42:21.098;04-03-2025 17:31:48.308;4232790
2;04-03-2025 18:42:26.273;04-03-2025 17:31:48.308;4237965
2;04-03-2025 18:42:30.205;04-03-2025 17:31:48.308;4241897
2;04-03-2025 18:42:34.306;04-03-2025 17:31:48.308;4245998
2;04-03-2025 18:42:35.835;04-03-2025 17:31:48.308;4247527
2;04-03-2025 18:42:37.906;04-03-2025 17:31:48.308;4249598
2;04-03-2025 18:42:40.951;04-03-2025 17:31:48.308;4252643
2;04-03-2025 18:42:52.583;04-03-2025 17:31:48.308;4264275
2;04-03-2025 18:43:02.707;04-03-2025 17:31:48.308;4274399
2;04-03-2025 18:43:07.303;04-03-2025 17:31:48.308;4278995
2;04-03-2025 18:43:14.111;04-03-2025 17:31:48.308;4285803
2;04-03-2025 18:43:15.477;04-03-2025 17:31:48.308;4287169
2;04-03-2025 18:43:18.402;04-03-2025 17:31:48.308;4290094
2;04-03-2025 18:43:22.572;04-03-2025 17:31:48.308;4294264
2;04-03-2025 18:43:30.159;04-03-2025 17:31:48.308;4301851
2;04-03-2025 18:43:31.011;04-03-2025 17:31:48.308;4302703
2;04-03-2025 18:43:36.482;04-03-2025 17:31:48.308;4308174
2;04-03-2025 18:43:38.825;04-03-2025 17:31:48.308;4310517
2;04-03-2025 18:43:50.550;04-03-2025 17:31:48.308;4322242
2;04-03-2025 18:44:01.418;04-03-2025 17:31:48.308;4333110
2;04-03-2025 18:44:01.954;04-03-2025 17:31:48.308;4333646
2;04-03-2025 18:44:04.403;04-03-2025 17:31:48.308;4336095
2;04-03-2025 18:44:10.643;04-03-2025 17:31:48.308;4342335
2;04-03-2025 18:44:22.655;04-03-2025 17:31:48.308;4354347
2;04-03-2025 18:44:22.701;04-03-2025 17:31:48.308;4354393
2;04-03-2025 18:44:26.542;04-03-2025 17:31:48.308;4358234
2;04-03-2025 18:44:29.868;04-03-2025 17:31:48.308;4361560
2;04-03-2025 18:44:36.995;04-03-2025 17:31:48.308;4368687
2;04-03-2025 18:44:38.105;04-03-2025 17:31:48.308;4369797
2;04-03-2025 18:44:39.713;04-03-2025 17:31:48.308;4371405
2;04-03-2025 18:44:41.185;04-03-2025 17:31:48.308;4372877
2;04-03-2025 18:44:51.092;04-03-2025 17:31:48.308;4382784
2;04-03-2025 18:44:54.505;04-03-2025 17:31:48.308;4386197
2;04-03-2025 18:44:57.545;04-03-2025 17:31:48.308;4389237
2;04-03-2025 18:44:59.797;04-03-2025 17:31:48.308;4391489
2;04-03-2025 18:45:00.844;04-03-2025 17:31:48.308;4392536
2;04-03-2025 18:45:04.251;04-03-2025 17:31:48.308;4395943
2;04-03-2025 18:45:13.624;04-03-2025 17:31:48.308;4405316
2;04-03-2025 18:45:26.600;04-03-2025 17:31:48.308;4418292
2;04-03-2025 18:45:27.114;04-03-2025 17:31:48.308;4418806
2;04-03-2025 18:45:35.412;04-03-2025 17:31:48.308;4427104
2;04-03-2025 18:45:35.515;04-03-2025 17:31:48.308;4427207
2;04-03-2025 18:45:44.267;04-03-2025 17:31:48.308;4435959
2;04-03-2025 18:45:50.153;04-03-2025 17:31:48.308;4441845
2;04-03-2025 18:45:51.285;04-03-2025 17:31:48.308;4442977
2;04-03-2025 18:46:07.039;04-03-2025 17:31:48.308;4458731
2;04-03-2025 18:46:08.926;04-03-2025 17:31:48.308;4460618
2;04-03-2025 18:46:10.786;04-03-2025 17:31:48.308;4462478
2;04-03-2025 18:46:14.804;04-03-2025 17:31:48.308;4466496
2;04-03-2025 18:46:15.706;04-03-2025 17:31:48.308;4467398
2;04-03-2025 18:46:20.591;04-03-2025 17:31:48.308;4472283
2;04-03-2025 18:46:23.706;04-03-2025 17:31:48.308;4475398
2;04-03-2025 18:46:30.454;04-03-2025 17:31:48.308;4482146
2;04-03-2025 18:46:38.825;04-03-2025 17:31:48.308;4490517
2;04-03-2025 18:46:42.183;04-03-2025 17:31:48.308;4493875
2;04-03-2025 18:46:52.696;04-03-2025 17:31:48.308;4504388
2;04-03-2025 18:46:58.429;04-03-2025 17:31:48.308;4510121
2;04-03-2025 18:47:00.904;04-03-2025 17:31:48.308;4512596
2;04-03-2025 18:47:04.995;04-03-2025 17:31:48.308;4516687
2;04-03-2025 18:47:05.918;04-03-2025 17:31:48.308;4517610
2;04-03-2025 18:47:05.940;04-03-2025 17:31:48.308;4517632
2;04-03-2025 18:47:15.353;04-03-2025 17:31:48.308;4527045
2;04-03-2025 18:47:19.097;04-03-2025 17:31:48.308;4530789
2;04-03-2025 18:47:36.125;04-03-2025 17:31:48.308;4547817
2;04-03-2025 18:47:38.966;04-03-2025 17:31:48.308;4550658
2;04-03-2025 18:47:47.401;04-03-2025 17:31:48.308;4559093
2;04-03-2025 18:47:52.596;04-03-2025 17:31:48.308;4564288
2;04-03-2025 18:47:58.899;04-03-2025 17:31:48.308;4570591
2;04-03-2025 18:48:04.255;04-03-2025 17:31:48.308;4575947
2;04-03-2025 18:48:04.574;04-03-2025 17:31:48.308;4576266
2;04-03-2025 18:48:04.612;04-03-2025 17:31:48.308;4576304
2;04-03-2025 18:48:09.180;04-03-2025 17:31:48.308;4580872
2;04-03-2025 18:48:16.668;04-03-2025 17:31:48.308;4588360
2;04-03-2025 18:48:18.079;04-03-2025 17:31:48.308;4589771
2;04-03-2025 18:48:32.129;04-03-2025 17:31:48.308;4603821
2;04-03-2025 18:48:33.036;04-03-2025 17:31:48.308;4604728
2;04-03-2025 18:48:36.027;04-03-2025 17:31:48.308;4607719
2;04-03-2025 18:48:38.623;04-03-2025 17:31:48.308;4610315
2;04-03-2025 18:48:41.430;04-03-2025 17:31:48.308;4613122
2;04-03-2025 18:48:48.585;04-03-2025 17:31:48.308;4620277
2;04-03-2025 18:48:48.754;04-03-2025 17:31:48.308;4620446
2;04-03-2025 18:48:49.542;04-03-2025 17:31:48.308;4621234
2;04-03-2025 18:49:08.454;04-03-2025 17:31:48.308;4640146
2;04-03-2025 18:49:08.939;04-03-2025 17:31:48.308;4640631
2;04-03-2025 18:49:17.081;04-03-2025 17:31:48.308;4648773
2;04-03-2025 18:49:24.066;04-03-2025 17:31:48.308;4655758
2;04-03-2025 18:49:28.708;04-03-2025 17:31:48.308;4660400
2;04-03-2025 18:49:38.255;04-03-2025 17:31:48.308;4669947
2;04-03-2025 18:49:40.087;04-03-2025 17:31:48.308;4671779
2;04-03-2025 18:49:40.828;04-03-2025 17:31:48.308;4672520
2;04-03-2025 18:49:53.357;04-03-2025 17:31:48.308;4685049
2;04-03-2025 18:49:53.965;04-03-2025 17:31:48.308;4685657
2;04-03-2025 18:49:55.106;04-03-2025 17:31:48.308;4686798
2;04-03-2025 18:49:58.205;04-03-2025 17:31:48.308;4689897
2;04-03-2025 18:50:11.979;04-03-2025 17:31:48.308;4703671
2;04-03-2025 18:50:13.493;04-03-2025 17:31:48.308;4705185
2;04-03-2025 18:50:15.305;04-03-2025 17:31:48.308;4706997
2;04-03-2025 18:50:16.772;04-03-2025 17:31:48.308;4708464
2;04-03-2025 18:50:28.812;04-03-2025 17:31:48.308;4720504
2;04-03-2025 18:50:35.834;04-03-2025 17:31:48.308;4727526
2;04-03-2025 18:50:36.976;04-03-2025 17:31:48.308;4728668
2;04-03-2025 18:50:41.787;04-03-2025 17:31:48.308;4733479
2;04-03-2025 18:50:41.805;04-03-2025 17:31:48.308;4733497
2;04-03-2025 18:50:53.977;04-03-2025 17:31:48.308;4745669
2;04-03-2025 18:51:03.317;04-03-2025 17:31:48.308;4755009
2;04-03-2025 18:51:03.420;04-03-2025 17:31:48.308;4755112
2;04-03-2025 18:51:06.165;04-03-2025 17:31:48.308;4757857
2;04-03-2025 18:51:15.450;04-03-2025 17:31:48.308;4767142
2;04-03-2025 18:51:18.576;04-03-2025 17:31:48.308;4770268
2;04-03-2025 18:51:19.335;04-03-2025 17:31:48.308;4771027
2;04-03-2025 18:51:28.015;04-03-2025 17:31:48.308;4779707
2;04-03-2025 18:51:29.754;04-03-2025 17:31:48.308;4781446
2;04-03-2025 18:51:38.424;04-03-2025 17:31:48.308;4790116
2;04-03-2025 18:51:53.511;04-03-2025 17:31:48.308;4805203
2;04-03-2025 18:51:54.678;04-03-2025 17:31:48.308;4806370
2;04-03-2025 18:52:00.608;04-03-2025 17:31:48.308;4812300
2;04-03-2025 18:52:00.988;04-03-2025 17:31:48.308;4812680
2;04-03-2025 18:52:05.519;04-03-2025 17:31:48.308;4817211
2;04-03-2025 18:52:12.324;04-03-2025 17:31:48.308;4824016
2;04-03-2025 18:52:14.286;04-03-2025 17:31:48.308;4825978
2;04-03-2025 18:52:16.303;04-03-2025 17:31:48.308;4827995
2;04-03-2025 18:52:24.651;04-03-2025 17:31:48.308;4836343
2;04-03-2025 18:52:25.930;04-03-2025 17:31:48.308;4837622
2;04-03-2025 18:52:36.044;04-03-2025 17:31:48.308;4847736
2;04-03-2025 18:52:37.416;04-03-2025 17:31:48.308;4849108
2;04-03-2025 18:52:40.381;04-03-2025 17:31:48.308;4852073
2;04-03-2025 18:52:40.996;04-03-2025 17:31:48.308;4852688
2;04-03-2025 18:52:49.713;04-03-2025 17:31:48.308;4861405
2;04-03-2025 18:53:10.397;04-03-2025 17:31:48.308;4882089
2;04-03-2025 18:53:11.883;04-03-2025 17:31:48.308;4883575
2;04-03-2025 18:53:12.508;04-03-2025 17:31:48.308;4884200
2;04-03-2025 18:53:17.658;04-03-2025 17:31:48.308;4889350
2;04-03-2025 18:53:20.450;04-03-2025 17:31:48.308;4892142
2;04-03-2025 18:53:22.699;04-03-2025 17:31:48.308;4894391
2;04-03-2025 18:53:24.070;04-03-2025 17:31:48.308;4895762
2;04-03-2025 18:53:25.812;04-03-2025 17:31:48.308;4897504
2;04-03-2025 18:53:29.765;04-03-2025 17:31:48.308;4901457
2;04-03-2025 18:53:31.104;04-03-2025 17:31:48.308;4902796
2;04-03-2025 18:53:53.498;04-03-2025 17:31:48.308;4925190
2;04-03-2025 18:53:57.664;04-03-2025 17:31:48.308;4929356
2;04-03-2025 18:53:59.321;04-03-2025 17:31:48.308;4931013
2;04-03-2025 18:54:10.146;04-03-2025 17:31:48.308;4941838
2;04-03-2025 18:54:12.135;04-03-2025 17:31:48.308;4943827
2;04-03-2025 18:54:13.617;04-03-2025 17:31:48.308;4945309
2;04-03-2025 18:54:20.485;04-03-2025 17:31:48.308;4952177
2;04-03-2025 18:54:24.284;04-03-2025 17:31:48.308;4955976
2;04-03-2025 18:54:24.642;04-03-2025 17:31:48.308;4956334
2;04-03-2025 18:54:24.771;04-03-2025 17:31:48.308;4956463
2;04-03-2025 18:54:25.658;04-03-2025 17:31:48.308;4957350
2;04-03-2025 18:54:27.958;04-03-2025 17:31:48.308;4959650
2;04-03-2025 18:54:30.732;04-03-2025 17:31:48.308;4962424
3;04-03-2025 18:54:32.983;04-03-2025 18:54:18.057;14926
2;04-03-2025 18:54:51.380;04-03-2025 17:31:48.308;4983072
2;04-03-2025 18:54:56.591;04-03-2025 17:31:48.308;4988283
2;04-03-2025 18:54:59.785;04-03-2025 17:31:48.308;4991477
2;04-03-2025 18:55:03.686;04-03-2025 17:31:48.308;4995378
2;04-03-2025 18:55:05.690;04-03-2025 17:31:48.308;4997382
2;04-03-2025 18:55:13.105;04-03-2025 17:31:48.308;5004797
2;04-03-2025 18:55:20.805;04-03-2025 17:31:48.308;5012497
2;04-03-2025 18:55:37.999;04-03-2025 17:31:48.308;5029691
2;04-03-2025 18:55:40.448;04-03-2025 17:31:48.308;5032140
2;04-03-2025 18:55:42.341;04-03-2025 17:31:48.308;5034033
2;04-03-2025 18:55:42.937;04-03-2025 17:31:48.308;5034629
2;04-03-2025 18:55:46.802;04-03-2025 17:31:48.308;5038494
2;04-03-2025 18:55:51.778;04-03-2025 17:31:48.308;5043470
2;04-03-2025 18:55:58.659;04-03-2025 17:31:48.308;5050351
2;04-03-2025 18:56:01.228;04-03-2025 17:31:48.308;5052920
2;04-03-2025 18:56:06.103;04-03-2025 17:31:48.308;5057795
2;04-03-2025 18:56:09.405;04-03-2025 17:31:48.308;5061097
2;04-03-2025 18:56:11.180;04-03-2025 17:31:48.308;5062872
2;04-03-2025 18:56:18.119;04-03-2025 17:31:48.308;5069811
2;04-03-2025 18:56:19.377;04-03-2025 17:31:48.308;5071069
2;04-03-2025 18:56:26.650;04-03-2025 17:31:48.308;5078342
2;04-03-2025 18:56:35.948;04-03-2025 17:31:48.308;5087640
2;04-03-2025 18:56:40.626;04-03-2025 17:31:48.308;5092318
2;04-03-2025 18:56:45.909;04-03-2025 17:31:48.308;5097601
2;04-03-2025 18:56:49.559;04-03-2025 17:31:48.308;5101251
2;04-03-2025 18:56:56.846;04-03-2025 17:31:48.308;5108538
2;04-03-2025 18:57:02.041;04-03-2025 17:31:48.308;5113733
2;04-03-2025 18:57:05.899;04-03-2025 17:31:48.308;5117591
2;04-03-2025 18:57:08.597;04-03-2025 17:31:48.308;5120289
2;04-03-2025 18:57:16.017;04-03-2025 17:31:48.308;5127709
2;04-03-2025 18:57:16.981;04-03-2025 17:31:48.308;5128673
2;04-03-2025 18:57:19.749;04-03-2025 17:31:48.308;5131441
2;04-03-2025 18:57:34.166;04-03-2025 17:31:48.308;5145858
2;04-03-2025 18:57:40.372;04-03-2025 17:31:48.308;5152064
2;04-03-2025 18:57:42.890;04-03-2025 17:31:48.308;5154582
2;04-03-2025 18:57:43.753;04-03-2025 17:31:48.308;5155445
2;04-03-2025 18:57:45.383;04-03-2025 17:31:48.308;5157075
2;04-03-2025 18:57:47.331;04-03-2025 17:31:48.308;5159023
2;04-03-2025 18:57:50.093;04-03-2025 17:31:48.308;5161785
2;04-03-2025 18:58:09.319;04-03-2025 17:31:48.308;5181011
2;04-03-2025 18:58:11.901;04-03-2025 17:31:48.308;5183593
2;04-03-2025 18:58:12.667;04-03-2025 17:31:48.308;5184359
2;04-03-2025 18:58:20.188;04-03-2025 17:31:48.308;5191880
2;04-03-2025 18:58:23.168;04-03-2025 17:31:48.308;5194860
2;04-03-2025 18:58:25.109;04-03-2025 17:31:48.308;5196801
2;04-03-2025 18:58:27.348;04-03-2025 17:31:48.308;5199040
2;04-03-2025 18:58:29.408;04-03-2025 17:31:48.308;5201100
2;04-03-2025 18:58:46.485;04-03-2025 17:31:48.308;5218177
2;04-03-2025 18:58:46.946;04-03-2025 17:31:48.308;5218638
2;04-03-2025 18:58:54.223;04-03-2025 17:31:48.308;5225915
2;04-03-2025 18:58:54.852;04-03-2025 17:31:48.308;5226544
2;04-03-2025 18:58:57.121;04-03-2025 17:31:48.308;5228813
2;04-03-2025 18:59:08.957;04-03-2025 17:31:48.308;5240649
2;04-03-2025 18:59:19.460;04-03-2025 17:31:48.308;5251152
2;04-03-2025 18:59:30.127;04-03-2025 17:31:48.308;5261819
2;04-03-2025 18:59:30.258;04-03-2025 17:31:48.308;5261950
2;04-03-2025 18:59:32.243;04-03-2025 17:31:48.308;5263935
2;04-03-2025 18:59:33.026;04-03-2025 17:31:48.308;5264718
2;04-03-2025 18:59:41.224;04-03-2025 17:31:48.308;5272916
2;04-03-2025 18:59:41.666;04-03-2025 17:31:48.308;5273358
2;04-03-2025 18:59:45.704;04-03-2025 17:31:48.308;5277396
2;04-03-2025 18:59:55.880;04-03-2025 17:31:48.308;5287572
2;04-03-2025 19:00:02.708;04-03-2025 17:31:48.308;5294400
2;04-03-2025 19:00:02.786;04-03-2025 17:31:48.308;5294478
2;04-03-2025 19:00:03.143;04-03-2025 17:31:48.308;5294835
2;04-03-2025 19:00:09.206;04-03-2025 17:31:48.308;5300898
2;04-03-2025 19:00:17.094;04-03-2025 17:31:48.308;5308786
2;04-03-2025 19:00:26.300;04-03-2025 17:31:48.308;5317992
2;04-03-2025 19:00:32.724;04-03-2025 17:31:48.308;5324416
2;04-03-2025 19:00:39.669;04-03-2025 17:31:48.308;5331361
2;04-03-2025 19:00:39.735;04-03-2025 17:31:48.308;5331427
2;04-03-2025 19:00:44.346;04-03-2025 17:31:48.308;5336038
2;04-03-2025 19:00:51.370;04-03-2025 17:31:48.308;5343062
2;04-03-2025 19:00:55.364;04-03-2025 17:31:48.308;5347056
2;04-03-2025 19:00:57.253;04-03-2025 17:31:48.308;5348945
2;04-03-2025 19:01:01.997;04-03-2025 17:31:48.308;5353689
2;04-03-2025 19:01:02.556;04-03-2025 17:31:48.308;5354248
2;04-03-2025 19:01:08.774;04-03-2025 17:31:48.308;5360466
2;04-03-2025 19:01:13.936;04-03-2025 17:31:48.308;5365628
2;04-03-2025 19:01:24.926;04-03-2025 17:31:48.308;5376618
2;04-03-2025 19:01:40.604;04-03-2025 17:31:48.308;5392296
2;04-03-2025 19:01:44.206;04-03-2025 17:31:48.308;5395898
2;04-03-2025 19:01:46.482;04-03-2025 17:31:48.308;5398174
2;04-03-2025 19:01:48.851;04-03-2025 17:31:48.308;5400543
2;04-03-2025 19:01:49.732;04-03-2025 17:31:48.308;5401424
2;04-03-2025 19:01:53.729;04-03-2025 17:31:48.308;5405421
2;04-03-2025 19:01:54.330;04-03-2025 17:31:48.308;5406022
2;04-03-2025 19:02:03.532;04-03-2025 17:31:48.308;5415224
2;04-03-2025 19:02:04.099;04-03-2025 17:31:48.308;5415791
2;04-03-2025 19:02:18.839;04-03-2025 17:31:48.308;5430531
2;04-03-2025 19:02:22.253;04-03-2025 17:31:48.308;5433945
2;04-03-2025 19:02:26.014;04-03-2025 17:31:48.308;5437706
2;04-03-2025 19:02:35.484;04-03-2025 17:31:48.308;5447176
2;04-03-2025 19:02:36.951;04-03-2025 17:31:48.308;5448643
2;04-03-2025 19:02:41.419;04-03-2025 17:31:48.308;5453111
2;04-03-2025 19:02:43.104;04-03-2025 17:31:48.308;5454796
2;04-03-2025 19:02:54.894;04-03-2025 17:31:48.308;5466586
2;04-03-2025 19:02:56.605;04-03-2025 17:31:48.308;5468297
2;04-03-2025 19:03:01.600;04-03-2025 17:31:48.308;5473292
2;04-03-2025 19:03:01.918;04-03-2025 17:31:48.308;5473610
2;04-03-2025 19:03:07.754;04-03-2025 17:31:48.308;5479446
2;04-03-2025 19:03:24.280;04-03-2025 17:31:48.308;5495972
2;04-03-2025 19:03:26.756;04-03-2025 17:31:48.308;5498448
2;04-03-2025 19:03:33.221;04-03-2025 17:31:48.308;5504913
2;04-03-2025 19:03:34.301;04-03-2025 17:31:48.308;5505993
2;04-03-2025 19:03:38.911;04-03-2025 17:31:48.308;5510603
2;04-03-2025 19:03:39.916;04-03-2025 17:31:48.308;5511608
2;04-03-2025 19:03:46.083;04-03-2025 17:31:48.308;5517775
2;04-03-2025 19:03:50.382;04-03-2025 17:31:48.308;5522074
2;04-03-2025 19:03:57.290;04-03-2025 17:31:48.308;5528982
2;04-03-2025 19:04:10.024;04-03-2025 17:31:48.308;5541716
2;04-03-2025 19:04:12.568;04-03-2025 17:31:48.308;5544260
2;04-03-2025 19:04:14.423;04-03-2025 17:31:48.308;5546115
2;04-03-2025 19:04:17.415;04-03-2025 17:31:48.308;5549107
2;04-03-2025 19:04:18.275;04-03-2025 17:31:48.308;5549967
2;04-03-2025 19:04:19.400;04-03-2025 17:31:48.308;5551092
2;04-03-2025 19:04:33.461;04-03-2025 17:31:48.308;5565153
2;04-03-2025 19:04:38.400;04-03-2025 17:31:48.308;5570092
2;04-03-2025 19:04:40.931;04-03-2025 17:31:48.308;5572623
2;04-03-2025 19:04:42.034;04-03-2025 17:31:48.308;5573726
2;04-03-2025 19:04:43.305;04-03-2025 17:31:48.308;5574997
2;04-03-2025 19:04:47.345;04-03-2025 17:31:48.308;5579037
2;04-03-2025 19:04:58.106;04-03-2025 17:31:48.308;5589798
2;04-03-2025 19:05:00.576;04-03-2025 17:31:48.308;5592268
2;04-03-2025 19:05:01.654;04-03-2025 17:31:48.308;5593346
2;04-03-2025 19:05:14.848;04-03-2025 17:31:48.308;5606540
2;04-03-2025 19:05:21.182;04-03-2025 17:31:48.308;5612874
2;04-03-2025 19:05:24.104;04-03-2025 17:31:48.308;5615796
2;04-03-2025 19:05:28.261;04-03-2025 17:31:48.308;5619953
2;04-03-2025 19:05:33.455;04-03-2025 17:31:48.308;5625147
2;04-03-2025 19:05:35.524;04-03-2025 17:31:48.308;5627216
2;04-03-2025 19:05:41.610;04-03-2025 17:31:48.308;5633302
2;04-03-2025 19:05:44.010;04-03-2025 17:31:48.308;5635702
2;04-03-2025 19:05:44.692;04-03-2025 17:31:48.308;5636384
2;04-03-2025 19:06:04.071;04-03-2025 17:31:48.308;5655763
2;04-03-2025 19:06:15.179;04-03-2025 17:31:48.308;5666871
2;04-03-2025 19:06:17.668;04-03-2025 17:31:48.308;5669360
2;04-03-2025 19:06:20.665;04-03-2025 17:31:48.308;5672357
2;04-03-2025 19:06:25.024;04-03-2025 17:31:48.308;5676716
2;04-03-2025 19:06:26.242;04-03-2025 17:31:48.308;5677934
2;04-03-2025 19:06:30.647;04-03-2025 17:31:48.308;5682339
2;04-03-2025 19:06:36.222;04-03-2025 17:31:48.308;5687914
2;04-03-2025 19:06:36.464;04-03-2025 17:31:48.308;5688156
2;04-03-2025 19:06:37.323;04-03-2025 17:31:48.308;5689015
2;04-03-2025 19:06:40.079;04-03-2025 17:31:48.308;5691771
2;04-03-2025 19:06:50.123;04-03-2025 17:31:48.308;5701815
2;04-03-2025 19:06:54.608;04-03-2025 17:31:48.308;5706300
2;04-03-2025 19:07:06.773;04-03-2025 17:31:48.308;5718465
2;04-03-2025 19:07:11.042;04-03-2025 17:31:48.308;5722734
2;04-03-2025 19:07:18.495;04-03-2025 17:31:48.308;5730187
2;04-03-2025 19:07:21.113;04-03-2025 17:31:48.308;5732805
2;04-03-2025 19:07:21.666;04-03-2025 17:31:48.308;5733358
2;04-03-2025 19:07:25.626;04-03-2025 17:31:48.308;5737318
2;04-03-2025 19:07:27.920;04-03-2025 17:31:48.308;5739612
2;04-03-2025 19:07:34.421;04-03-2025 17:31:48.308;5746113
2;04-03-2025 19:07:38.012;04-03-2025 17:31:48.308;5749704
2;04-03-2025 19:07:48.345;04-03-2025 17:31:48.308;5760037
2;04-03-2025 19:07:55.409;04-03-2025 17:31:48.308;5767101
2;04-03-2025 19:07:58.282;04-03-2025 17:31:48.308;5769974
2;04-03-2025 19:08:07.557;04-03-2025 17:31:48.308;5779249
2;04-03-2025 19:08:11.175;04-03-2025 17:31:48.308;5782867
2;04-03-2025 19:08:12.427;04-03-2025 17:31:48.308;5784119
2;04-03-2025 19:08:16.039;04-03-2025 17:31:48.308;5787731
2;04-03-2025 19:08:17.307;04-03-2025 17:31:48.308;5788999
2;04-03-2025 19:08:28.069;04-03-2025 17:31:48.308;5799761
2;04-03-2025 19:08:36.904;04-03-2025 17:31:48.308;5808596
2;04-03-2025 19:08:44.747;04-03-2025 17:31:48.308;5816439
2;04-03-2025 19:08:47.135;04-03-2025 17:31:48.308;5818827
2;04-03-2025 19:08:52.303;04-03-2025 17:31:48.308;5823995
2;04-03-2025 19:08:57.430;04-03-2025 17:31:48.308;5829122
2;04-03-2025 19:08:59.337;04-03-2025 17:31:48.308;5831029
2;04-03-2025 19:09:04.141;04-03-2025 17:31:48.308;5835833
2;04-03-2025 19:09:10.405;04-03-2025 17:31:48.308;5842097
2;04-03-2025 19:09:24.092;04-03-2025 17:31:48.308;5855784
2;04-03-2025 19:09:32.658;04-03-2025 17:31:48.308;5864350
2;04-03-2025 19:09:33.700;04-03-2025 17:31:48.308;5865392
2;04-03-2025 19:09:39.616;04-03-2025 17:31:48.308;5871308
2;04-03-2025 19:09:41.934;04-03-2025 17:31:48.308;5873626
2;04-03-2025 19:09:45.913;04-03-2025 17:31:48.308;5877605
2;04-03-2025 19:09:52.690;04-03-2025 17:31:48.308;5884382
2;04-03-2025 19:09:58.794;04-03-2025 17:31:48.308;5890486
2;04-03-2025 19:10:02.738;04-03-2025 17:31:48.308;5894430
2;04-03-2025 19:10:02.797;04-03-2025 17:31:48.308;5894489
2;04-03-2025 19:10:02.945;04-03-2025 17:31:48.308;5894637
2;04-03-2025 19:10:03.705;04-03-2025 17:31:48.308;5895397
2;04-03-2025 19:10:09.106;04-03-2025 17:31:48.308;5900798
2;04-03-2025 19:10:21.326;04-03-2025 17:31:48.308;5913018
2;04-03-2025 19:10:23.386;04-03-2025 17:31:48.308;5915078
2;04-03-2025 19:10:25.960;04-03-2025 17:31:48.308;5917652
2;04-03-2025 19:10:27.609;04-03-2025 17:31:48.308;5919301
2;04-03-2025 19:10:38.553;04-03-2025 17:31:48.308;5930245
2;04-03-2025 19:10:46.029;04-03-2025 17:31:48.308;5937721
2;04-03-2025 19:10:57.167;04-03-2025 17:31:48.308;5948859
2;04-03-2025 19:10:59.196;04-03-2025 17:31:48.308;5950888
2;04-03-2025 19:11:00.272;04-03-2025 17:31:48.308;5951964
2;04-03-2025 19:11:11.430;04-03-2025 17:31:48.308;5963122
2;04-03-2025 19:11:15.843;04-03-2025 17:31:48.308;5967535
2;04-03-2025 19:11:17.406;04-03-2025 17:31:48.308;5969098
2;04-03-2025 19:11:18.713;04-03-2025 17:31:48.308;5970405
2;04-03-2025 19:11:28.233;04-03-2025 17:31:48.308;5979925
2;04-03-2025 19:11:29.379;04-03-2025 17:31:48.308;5981071
2;04-03-2025 19:11:34.609;04-03-2025 17:31:48.308;5986301
2;04-03-2025 19:11:40.586;04-03-2025 17:31:48.308;5992278
2;04-03-2025 19:11:43.908;04-03-2025 17:31:48.308;5995600
2;04-03-2025 19:11:49.958;04-03-2025 17:31:48.308;6001650
2;04-03-2025 19:11:59.953;04-03-2025 17:31:48.308;6011645
2;04-03-2025 19:12:01.563;04-03-2025 17:31:48.308;6013255
2;04-03-2025 19:12:03.743;04-03-2025 17:31:48.308;6015435
2;04-03-2025 19:12:14.470;04-03-2025 17:31:48.308;6026162
2;04-03-2025 19:12:21.227;04-03-2025 17:31:48.308;6032919
2;04-03-2025 19:12:22.053;04-03-2025 17:31:48.308;6033745
2;04-03-2025 19:12:22.211;04-03-2025 17:31:48.308;6033903
2;04-03-2025 19:12:27.614;04-03-2025 17:31:48.308;6039306
2;04-03-2025 19:12:30.418;04-03-2025 17:31:48.308;6042110
2;04-03-2025 19:12:31.971;04-03-2025 17:31:48.308;6043663
2;04-03-2025 19:12:36.339;04-03-2025 17:31:48.308;6048031
2;04-03-2025 19:12:46.280;04-03-2025 17:31:48.308;6057972
2;04-03-2025 19:12:47.716;04-03-2025 17:31:48.308;6059408
2;04-03-2025 19:12:50.889;04-03-2025 17:31:48.308;6062581
2;04-03-2025 19:13:05.848;04-03-2025 17:31:48.308;6077540
2;04-03-2025 19:13:06.962;04-03-2025 17:31:48.308;6078654
2;04-03-2025 19:13:14.868;04-03-2025 17:31:48.308;6086560
2;04-03-2025 19:13:19.742;04-03-2025 17:31:48.308;6091434
2;04-03-2025 19:13:20.064;04-03-2025 17:31:48.308;6091756
2;04-03-2025 19:13:25.150;04-03-2025 17:31:48.308;6096842
2;04-03-2025 19:13:30.267;04-03-2025 17:31:48.308;6101959
2;04-03-2025 19:13:32.078;04-03-2025 17:31:48.308;6103770
2;04-03-2025 19:13:41.617;04-03-2025 17:31:48.308;6113309
2;04-03-2025 19:13:42.409;04-03-2025 17:31:48.308;6114101
2;04-03-2025 19:13:49.802;04-03-2025 17:31:48.308;6121494
2;04-03-2025 19:13:53.487;04-03-2025 17:31:48.308;6125179
2;04-03-2025 19:13:55.569;04-03-2025 17:31:48.308;6127261
2;04-03-2025 19:13:59.681;04-03-2025 17:31:48.308;6131373
2;04-03-2025 19:14:06.561;04-03-2025 17:31:48.308;6138253
2;04-03-2025 19:14:24.327;04-03-2025 17:31:48.308;6156019
2;04-03-2025 19:14:31.340;04-03-2025 17:31:48.308;6163032
2;04-03-2025 19:14:35.863;04-03-2025 17:31:48.308;6167555
2;04-03-2025 19:14:38.753;04-03-2025 17:31:48.308;6170445
2;04-03-2025 19:14:39.105;04-03-2025 17:31:48.308;6170797
2;04-03-2025 19:14:39.432;04-03-2025 17:31:48.308;6171124
2;04-03-2025 19:14:42.013;04-03-2025 17:31:48.308;6173705
2;04-03-2025 19:14:48.004;04-03-2025 17:31:48.308;6179696
2;04-03-2025 19:15:12.705;04-03-2025 17:31:48.308;6204397
2;04-03-2025 19:15:13.258;04-03-2025 17:31:48.308;6204950
2;04-03-2025 19:15:14.799;04-03-2025 17:31:48.308;6206491
2;04-03-2025 19:15:18.922;04-03-2025 17:31:48.308;6210614
2;04-03-2025 19:15:26.990;04-03-2025 17:31:48.308;6218682
2;04-03-2025 19:15:29.733;04-03-2025 17:31:48.308;6221425
2;04-03-2025 19:15:32.471;04-03-2025 17:31:48.308;6224163
2;04-03-2025 19:15:34.275;04-03-2025 17:31:48.308;6225967
2;04-03-2025 19:15:38.615;04-03-2025 17:31:48.308;6230307
2;04-03-2025 19:15:46.713;04-03-2025 17:31:48.308;6238405
2;04-03-2025 19:15:52.131;04-03-2025 17:31:48.308;6243823
2;04-03-2025 19:15:55.488;04-03-2025 17:31:48.308;6247180
2;04-03-2025 19:16:00.965;04-03-2025 17:31:48.308;6252657
2;04-03-2025 19:16:04.187;04-03-2025 17:31:48.308;6255879
2;04-03-2025 19:16:10.936;04-03-2025 17:31:48.308;6262628
2;04-03-2025 19:16:14.887;04-03-2025 17:31:48.308;6266579
2;04-03-2025 19:16:17.611;04-03-2025 17:31:48.308;6269303
2;04-03-2025 19:16:24.048;04-03-2025 17:31:48.308;6275740
2;04-03-2025 19:16:28.385;04-03-2025 17:31:48.308;6280077
2;04-03-2025 19:16:29.317;04-03-2025 17:31:48.308;6281009
2;04-03-2025 19:16:37.247;04-03-2025 17:31:48.308;6288939
2;04-03-2025 19:16:41.641;04-03-2025 17:31:48.308;6293333
2;04-03-2025 19:16:46.928;04-03-2025 17:31:48.308;6298620
2;04-03-2025 19:16:53.562;04-03-2025 17:31:48.308;6305254
2;04-03-2025 19:16:54.569;04-03-2025 17:31:48.308;6306261
2;04-03-2025 19:17:01.502;04-03-2025 17:31:48.308;6313194
2;04-03-2025 19:17:03.287;04-03-2025 17:31:48.308;6314979
2;04-03-2025 19:17:21.922;04-03-2025 17:31:48.308;6333614
2;04-03-2025 19:17:23.749;04-03-2025 17:31:48.308;6335441
2;04-03-2025 19:17:27.418;04-03-2025 17:31:48.308;6339110
2;04-03-2025 19:17:39.497;04-03-2025 17:31:48.308;6351189
2;04-03-2025 19:17:45.005;04-03-2025 17:31:48.308;6356697
2;04-03-2025 19:17:47.118;04-03-2025 17:31:48.308;6358810
2;04-03-2025 19:17:52.490;04-03-2025 17:31:48.308;6364182
2;04-03-2025 19:17:53.624;04-03-2025 17:31:48.308;6365316
2;04-03-2025 19:17:57.521;04-03-2025 17:31:48.308;6369213
2;04-03-2025 19:17:59.162;04-03-2025 17:31:48.308;6370854
2;04-03-2025 19:18:02.676;04-03-2025 17:31:48.308;6374368
2;04-03-2025 19:18:03.324;04-03-2025 17:31:48.308;6375016
2;04-03-2025 19:18:05.426;04-03-2025 17:31:48.308;6377118
2;04-03-2025 19:18:19.824;04-03-2025 17:31:48.308;6391516
2;04-03-2025 19:18:22.375;04-03-2025 17:31:48.308;6394067
2;04-03-2025 19:18:33.145;04-03-2025 17:31:48.308;6404837
2;04-03-2025 19:18:35.720;04-03-2025 17:31:48.308;6407412
2;04-03-2025 19:18:36.241;04-03-2025 17:31:48.308;6407933
2;04-03-2025 19:18:40.738;04-03-2025 17:31:48.308;6412430
2;04-03-2025 19:18:40.931;04-03-2025 17:31:48.308;6412623
2;04-03-2025 19:18:55.328;04-03-2025 17:31:48.308;6427020
2;04-03-2025 19:19:02.079;04-03-2025 17:31:48.308;6433771
2;04-03-2025 19:19:15.063;04-03-2025 17:31:48.308;6446755
2;04-03-2025 19:19:15.869;04-03-2025 17:31:48.308;6447561
2;04-03-2025 19:19:16.746;04-03-2025 17:31:48.308;6448438
2;04-03-2025 19:19:20.798;04-03-2025 17:31:48.308;6452490
2;04-03-2025 19:19:30.531;04-03-2025 17:31:48.308;6462223
2;04-03-2025 19:19:32.416;04-03-2025 17:31:48.308;6464108
2;04-03-2025 19:19:35.375;04-03-2025 17:31:48.308;6467067
2;04-03-2025 19:19:36.428;04-03-2025 17:31:48.308;6468120
2;04-03-2025 19:19:40.026;04-03-2025 17:31:48.308;6471718
2;04-03-2025 19:19:47.022;04-03-2025 17:31:48.308;6478714
2;04-03-2025 19:20:03.677;04-03-2025 17:31:48.308;6495369
2;04-03-2025 19:20:05.918;04-03-2025 17:31:48.308;6497610
2;04-03-2025 19:20:06.737;04-03-2025 17:31:48.308;6498429
2;04-03-2025 19:20:10.380;04-03-2025 17:31:48.308;6502072
2;04-03-2025 19:20:14.954;04-03-2025 17:31:48.308;6506646
2;04-03-2025 19:20:24.494;04-03-2025 17:31:48.308;6516186
2;04-03-2025 19:20:26.408;04-03-2025 17:31:48.308;6518100
2;04-03-2025 19:20:33.872;04-03-2025 17:31:48.308;6525564
2;04-03-2025 19:20:37.950;04-03-2025 17:31:48.308;6529642
2;04-03-2025 19:20:53.558;04-03-2025 17:31:48.308;6545250
2;04-03-2025 19:21:00.695;04-03-2025 17:31:48.308;6552387
2;04-03-2025 19:21:01.347;04-03-2025 17:31:48.308;6553039
2;04-03-2025 19:21:02.125;04-03-2025 17:31:48.308;6553817
2;04-03-2025 19:21:03.522;04-03-2025 17:31:48.308;6555214
2;04-03-2025 19:21:03.995;04-03-2025 17:31:48.308;6555687
2;04-03-2025 19:21:04.580;04-03-2025 17:31:48.308;6556272
2;04-03-2025 19:21:09.564;04-03-2025 17:31:48.308;6561256
2;04-03-2025 19:21:13.230;04-03-2025 17:31:48.308;6564922
2;04-03-2025 19:21:18.135;04-03-2025 17:31:48.308;6569827
2;04-03-2025 19:21:20.962;04-03-2025 17:31:48.308;6572654
2;04-03-2025 19:21:44.856;04-03-2025 17:31:48.308;6596548
2;04-03-2025 19:21:45.400;04-03-2025 17:31:48.308;6597092
2;04-03-2025 19:21:47.597;04-03-2025 17:31:48.308;6599289
2;04-03-2025 19:21:48.462;04-03-2025 17:31:48.308;6600154
2;04-03-2025 19:21:55.117;04-03-2025 17:31:48.308;6606809
2;04-03-2025 19:21:56.785;04-03-2025 17:31:48.308;6608477
2;04-03-2025 19:21:58.266;04-03-2025 17:31:48.308;6609958
2;04-03-2025 19:22:00.973;04-03-2025 17:31:48.308;6612665
2;04-03-2025 19:22:18.408;04-03-2025 17:31:48.308;6630100
2;04-03-2025 19:22:19.415;04-03-2025 17:31:48.308;6631107
2;04-03-2025 19:22:20.147;04-03-2025 17:31:48.308;6631839
2;04-03-2025 19:22:20.479;04-03-2025 17:31:48.308;6632171
2;04-03-2025 19:22:37.442;04-03-2025 17:31:48.308;6649134
2;04-03-2025 19:22:43.041;04-03-2025 17:31:48.308;6654733
2;04-03-2025 19:22:46.003;04-03-2025 17:31:48.308;6657695
2;04-03-2025 19:22:48.666;04-03-2025 17:31:48.308;6660358
2;04-03-2025 19:22:48.731;04-03-2025 17:31:48.308;6660423
2;04-03-2025 19:22:50.080;04-03-2025 17:31:48.308;6661772
2;04-03-2025 19:23:07.642;04-03-2025 17:31:48.308;6679334
2;04-03-2025 19:23:08.606;04-03-2025 17:31:48.308;6680298
2;04-03-2025 19:23:12.315;04-03-2025 17:31:48.308;6684007
2;04-03-2025 19:23:25.744;04-03-2025 17:31:48.308;6697436
2;04-03-2025 19:23:28.166;04-03-2025 17:31:48.308;6699858
2;04-03-2025 19:23:29.691;04-03-2025 17:31:48.308;6701383
2;04-03-2025 19:23:31.696;04-03-2025 17:31:48.308;6703388
2;04-03-2025 19:23:37.824;04-03-2025 17:31:48.308;6709516
2;04-03-2025 19:23:47.667;04-03-2025 17:31:48.308;6719359
2;04-03-2025 19:23:57.025;04-03-2025 17:31:48.308;6728717
2;04-03-2025 19:23:59.868;04-03-2025 17:31:48.308;6731560
2;04-03-2025 19:23:59.990;04-03-2025 17:31:48.308;6731682
2;04-03-2025 19:24:01.450;04-03-2025 17:31:48.308;6733142
2;04-03-2025 19:24:07.888;04-03-2025 17:31:48.308;6739580
2;04-03-2025 19:24:16.526;04-03-2025 17:31:48.308;6748218
2;04-03-2025 19:24:18.578;04-03-2025 17:31:48.308;6750270
2;04-03-2025 19:24:24.703;04-03-2025 17:31:48.308;6756395
2;04-03-2025 19:24:29.102;04-03-2025 17:31:48.308;6760794
2;04-03-2025 19:24:33.225;04-03-2025 17:31:48.308;6764917
2;04-03-2025 19:24:36.852;04-03-2025 17:31:48.308;6768544
2;04-03-2025 19:24:54.470;04-03-2025 17:31:48.308;6786162
2;04-03-2025 19:24:54.497;04-03-2025 17:31:48.308;6786189
2;04-03-2025 19:25:05.816;04-03-2025 17:31:48.308;6797508
2;04-03-2025 19:25:12.115;04-03-2025 17:31:48.308;6803807
2;04-03-2025 19:25:14.502;04-03-2025 17:31:48.308;6806194
2;04-03-2025 19:25:17.955;04-03-2025 17:31:48.308;6809647
2;04-03-2025 19:25:26.168;04-03-2025 17:31:48.308;6817860
2;04-03-2025 19:25:27.757;04-03-2025 17:31:48.308;6819449
2;04-03-2025 19:25:27.802;04-03-2025 17:31:48.308;6819494
2;04-03-2025 19:25:33.824;04-03-2025 17:31:48.308;6825516
2;04-03-2025 19:25:34.507;04-03-2025 17:31:48.308;6826199
2;04-03-2025 19:25:46.883;04-03-2025 17:31:48.308;6838575
2;04-03-2025 19:25:48.304;04-03-2025 17:31:48.308;6839996
2;04-03-2025 19:25:49.942;04-03-2025 17:31:48.308;6841634
2;04-03-2025 19:25:50.165;04-03-2025 17:31:48.308;6841857
2;04-03-2025 19:25:56.145;04-03-2025 17:31:48.308;6847837
2;04-03-2025 19:26:08.197;04-03-2025 17:31:48.308;6859889
2;04-03-2025 19:26:08.464;04-03-2025 17:31:48.308;6860156
2;04-03-2025 19:26:22.268;04-03-2025 17:31:48.308;6873960
2;04-03-2025 19:26:24.766;04-03-2025 17:31:48.308;6876458
2;04-03-2025 19:26:25.356;04-03-2025 17:31:48.308;6877048
2;04-03-2025 19:26:28.053;04-03-2025 17:31:48.308;6879745
2;04-03-2025 19:26:31.058;04-03-2025 17:31:48.308;6882750
2;04-03-2025 19:26:35.475;04-03-2025 17:31:48.308;6887167
2;04-03-2025 19:26:41.088;04-03-2025 17:31:48.308;6892780
2;04-03-2025 19:26:47.136;04-03-2025 17:31:48.308;6898828
2;04-03-2025 19:26:56.579;04-03-2025 17:31:48.308;6908271
2;04-03-2025 19:27:03.439;04-03-2025 17:31:48.308;6915131
2;04-03-2025 19:27:05.838;04-03-2025 17:31:48.308;6917530
2;04-03-2025 19:27:11.374;04-03-2025 17:31:48.308;6923066
2;04-03-2025 19:27:18.346;04-03-2025 17:31:48.308;6930038
2;04-03-2025 19:27:20.113;04-03-2025 17:31:48.308;6931805
2;04-03-2025 19:27:25.538;04-03-2025 17:31:48.308;6937230
2;04-03-2025 19:27:28.978;04-03-2025 17:31:48.308;6940670
2;04-03-2025 19:27:37.229;04-03-2025 17:31:48.308;6948921
2;04-03-2025 19:27:40.387;04-03-2025 17:31:48.308;6952079
2;04-03-2025 19:27:44.553;04-03-2025 17:31:48.308;6956245
2;04-03-2025 19:27:48.124;04-03-2025 17:31:48.308;6959816
2;04-03-2025 19:27:50.909;04-03-2025 17:31:48.308;6962601
2;04-03-2025 19:27:57.696;04-03-2025 17:31:48.308;6969388
2;04-03-2025 19:28:08.223;04-03-2025 17:31:48.308;6979915
2;04-03-2025 19:28:10.588;04-03-2025 17:31:48.308;6982280
2;04-03-2025 19:28:22.492;04-03-2025 17:31:48.308;6994184
2;04-03-2025 19:28:28.776;04-03-2025 17:31:48.308;7000468
2;04-03-2025 19:28:29.187;04-03-2025 17:31:48.308;7000879
2;04-03-2025 19:28:31.671;04-03-2025 17:31:48.308;7003363
2;04-03-2025 19:28:34.005;04-03-2025 17:31:48.308;7005697
2;04-03-2025 19:28:38.665;04-03-2025 17:31:48.308;7010357
2;04-03-2025 19:28:42.385;04-03-2025 17:31:48.308;7014077
2;04-03-2025 19:28:43.555;04-03-2025 17:31:48.308;7015247
2;04-03-2025 19:28:47.424;04-03-2025 17:31:48.308;7019116
2;04-03-2025 19:29:02.289;04-03-2025 17:31:48.308;7033981
2;04-03-2025 19:29:04.816;04-03-2025 17:31:48.308;7036508
2;04-03-2025 19:29:15.002;04-03-2025 17:31:48.308;7046694
2;04-03-2025 19:29:16.582;04-03-2025 17:31:48.308;7048274
2;04-03-2025 19:29:21.274;04-03-2025 17:31:48.308;7052966
2;04-03-2025 19:29:24.169;04-03-2025 17:31:48.308;7055861
2;04-03-2025 19:29:29.603;04-03-2025 17:31:48.308;7061295
2;04-03-2025 19:29:35.514;04-03-2025 17:31:48.308;7067206
2;04-03-2025 19:29:40.814;04-03-2025 17:31:48.308;7072506
2;04-03-2025 19:29:43.344;04-03-2025 17:31:48.308;7075036
2;04-03-2025 19:29:46.132;04-03-2025 17:31:48.308;7077824
2;04-03-2025 19:29:46.250;04-03-2025 17:31:48.308;7077942
2;04-03-2025 19:29:50.081;04-03-2025 17:31:48.308;7081773
2;04-03-2025 19:30:06.026;04-03-2025 17:31:48.308;7097718
2;04-03-2025 19:30:14.713;04-03-2025 17:31:48.308;7106405
2;04-03-2025 19:30:17.468;04-03-2025 17:31:48.308;7109160
2;04-03-2025 19:30:24.317;04-03-2025 17:31:48.308;7116009
2;04-03-2025 19:30:27.582;04-03-2025 17:31:48.308;7119274
2;04-03-2025 19:30:36.306;04-03-2025 17:31:48.308;7127998
2;04-03-2025 19:30:39.877;04-03-2025 17:31:48.308;7131569
2;04-03-2025 19:30:41.385;04-03-2025 17:31:48.308;7133077
2;04-03-2025 19:30:47.397;04-03-2025 17:31:48.308;7139089
2;04-03-2025 19:30:53.006;04-03-2025 17:31:48.308;7144698
2;04-03-2025 19:30:56.113;04-03-2025 17:31:48.308;7147805
2;04-03-2025 19:30:56.463;04-03-2025 17:31:48.308;7148155
2;04-03-2025 19:31:00.234;04-03-2025 17:31:48.308;7151926
2;04-03-2025 19:31:01.586;04-03-2025 17:31:48.308;7153278
2;04-03-2025 19:31:01.984;04-03-2025 17:31:48.308;7153676
2;04-03-2025 19:31:19.018;04-03-2025 17:31:48.308;7170710
2;04-03-2025 19:31:21.321;04-03-2025 17:31:48.308;7173013
2;04-03-2025 19:31:39.052;04-03-2025 17:31:48.308;7190744
2;04-03-2025 19:31:42.143;04-03-2025 17:31:48.308;7193835
2;04-03-2025 19:31:43.506;04-03-2025 17:31:48.308;7195198
2;04-03-2025 19:31:47.627;04-03-2025 17:31:48.308;7199319
2;04-03-2025 19:31:55.464;04-03-2025 17:31:48.308;7207156
2;04-03-2025 19:32:04.052;04-03-2025 17:31:48.308;7215744
2;04-03-2025 19:32:05.523;04-03-2025 17:31:48.308;7217215
2;04-03-2025 19:32:08.317;04-03-2025 17:31:48.308;7220009
2;04-03-2025 19:32:15.852;04-03-2025 17:31:48.308;7227544
2;04-03-2025 19:32:20.400;04-03-2025 17:31:48.308;7232092
2;04-03-2025 19:32:22.331;04-03-2025 17:31:48.308;7234023
2;04-03-2025 19:32:28.817;04-03-2025 17:31:48.308;7240509
2;04-03-2025 19:32:30.391;04-03-2025 17:31:48.308;7242083
2;04-03-2025 19:32:38.700;04-03-2025 17:31:48.308;7250392
2;04-03-2025 19:32:39.962;04-03-2025 17:31:48.308;7251654
2;04-03-2025 19:32:43.778;04-03-2025 17:31:48.308;7255470
2;04-03-2025 19:32:51.681;04-03-2025 17:31:48.308;7263373
2;04-03-2025 19:32:52.066;04-03-2025 17:31:48.308;7263758
2;04-03-2025 19:33:03.446;04-03-2025 17:31:48.308;7275138
2;04-03-2025 19:33:09.548;04-03-2025 17:31:48.308;7281240
2;04-03-2025 19:33:17.307;04-03-2025 17:31:48.308;7288999
2;04-03-2025 19:33:20.604;04-03-2025 17:31:48.308;7292296
2;04-03-2025 19:33:23.249;04-03-2025 17:31:48.308;7294941
2;04-03-2025 19:33:28.450;04-03-2025 17:31:48.308;7300142
2;04-03-2025 19:33:31.616;04-03-2025 17:31:48.308;7303308
2;04-03-2025 19:33:40.461;04-03-2025 17:31:48.308;7312153
2;04-03-2025 19:33:42.982;04-03-2025 17:31:48.308;7314674
2;04-03-2025 19:33:50.178;04-03-2025 17:31:48.308;7321870
2;04-03-2025 19:33:55.803;04-03-2025 17:31:48.308;7327495
2;04-03-2025 19:34:02.141;04-03-2025 17:31:48.308;7333833
2;04-03-2025 19:34:12.689;04-03-2025 17:31:48.308;7344381
2;04-03-2025 19:34:13.938;04-03-2025 17:31:48.308;7345630
2;04-03-2025 19:34:16.154;04-03-2025 17:31:48.308;7347846
2;04-03-2025 19:34:19.507;04-03-2025 17:31:48.308;7351199
2;04-03-2025 19:34:20.316;04-03-2025 17:31:48.308;7352008
2;04-03-2025 19:34:23.439;04-03-2025 17:31:48.308;7355131
2;04-03-2025 19:34:24.673;04-03-2025 17:31:48.308;7356365
2;04-03-2025 19:34:30.210;04-03-2025 17:31:48.308;7361902
2;04-03-2025 19:34:37.443;04-03-2025 17:31:48.308;7369135
2;04-03-2025 19:34:50.439;04-03-2025 17:31:48.308;7382131
2;04-03-2025 19:34:54.187;04-03-2025 17:31:48.308;7385879
2;04-03-2025 19:34:55.188;04-03-2025 17:31:48.308;7386880
2;04-03-2025 19:34:58.842;04-03-2025 17:31:48.308;7390534
2;04-03-2025 19:35:03.950;04-03-2025 17:31:48.308;7395642
2;04-03-2025 19:35:14.266;04-03-2025 17:31:48.308;7405958
2;04-03-2025 19:35:14.494;04-03-2025 17:31:48.308;7406186
2;04-03-2025 19:35:16.004;04-03-2025 17:31:48.308;7407696
2;04-03-2025 19:35:25.082;04-03-2025 17:31:48.308;7416774
2;04-03-2025 19:35:27.569;04-03-2025 17:31:48.308;7419261
2;04-03-2025 19:35:30.800;04-03-2025 17:31:48.308;7422492
2;04-03-2025 19:35:31.423;04-03-2025 17:31:48.308;7423115
2;04-03-2025 19:35:35.839;04-03-2025 17:31:48.308;7427531
2;04-03-2025 19:35:52.912;04-03-2025 17:31:48.308;7444604
2;04-03-2025 19:35:56.724;04-03-2025 17:31:48.308;7448416
2;04-03-2025 19:35:58.561;04-03-2025 17:31:48.308;7450253
2;04-03-2025 19:36:06.538;04-03-2025 17:31:48.308;7458230
2;04-03-2025 19:36:11.154;04-03-2025 17:31:48.308;7462846
2;04-03-2025 19:36:14.691;04-03-2025 17:31:48.308;7466383
2;04-03-2025 19:36:20.094;04-03-2025 17:31:48.308;7471786
2;04-03-2025 19:36:23.328;04-03-2025 17:31:48.308;7475020
2;04-03-2025 19:36:27.456;04-03-2025 17:31:48.308;7479148
2;04-03-2025 19:36:34.297;04-03-2025 17:31:48.308;7485989
2;04-03-2025 19:36:38.319;04-03-2025 17:31:48.308;7490011
2;04-03-2025 19:36:44.959;04-03-2025 17:31:48.308;7496651
2;04-03-2025 19:36:53.814;04-03-2025 17:31:48.308;7505506
2;04-03-2025 19:37:03.380;04-03-2025 17:31:48.308;7515072
2;04-03-2025 19:37:09.762;04-03-2025 17:31:48.308;7521454
2;04-03-2025 19:37:17.631;04-03-2025 17:31:48.308;7529323
2;04-03-2025 19:37:18.305;04-03-2025 17:31:48.308;7529997
2;04-03-2025 19:37:21.259;04-03-2025 17:31:48.308;7532951
2;04-03-2025 19:37:21.861;04-03-2025 17:31:48.308;7533553
2;04-03-2025 19:37:23.936;04-03-2025 17:31:48.308;7535628
2;04-03-2025 19:37:30.705;04-03-2025 17:31:48.308;7542397
2;04-03-2025 19:37:43.398;04-03-2025 17:31:48.308;7555090
2;04-03-2025 19:37:48.060;04-03-2025 17:31:48.308;7559752
2;04-03-2025 19:37:48.929;04-03-2025 17:31:48.308;7560621
2;04-03-2025 19:37:48.965;04-03-2025 17:31:48.308;7560657
2;04-03-2025 19:37:50.124;04-03-2025 17:31:48.308;7561816
2;04-03-2025 19:37:57.726;04-03-2025 17:31:48.308;7569418
2;04-03-2025 19:38:00.401;04-03-2025 17:31:48.308;7572093
2;04-03-2025 19:38:07.614;04-03-2025 17:31:48.308;7579306
2;04-03-2025 19:38:07.873;04-03-2025 17:31:48.308;7579565
2;04-03-2025 19:38:20.826;04-03-2025 17:31:48.308;7592518
2;04-03-2025 19:38:25.262;04-03-2025 17:31:48.308;7596954
2;04-03-2025 19:38:32.694;04-03-2025 17:31:48.308;7604386
2;04-03-2025 19:38:35.932;04-03-2025 17:31:48.308;7607624
2;04-03-2025 19:38:44.341;04-03-2025 17:31:48.308;7616033
2;04-03-2025 19:38:47.121;04-03-2025 17:31:48.308;7618813
2;04-03-2025 19:38:48.926;04-03-2025 17:31:48.308;7620618
2;04-03-2025 19:38:54.783;04-03-2025 17:31:48.308;7626475
2;04-03-2025 19:38:57.481;04-03-2025 17:31:48.308;7629173
2;04-03-2025 19:39:00.364;04-03-2025 17:31:48.308;7632056
2;04-03-2025 19:39:14.611;04-03-2025 17:31:48.308;7646303
2;04-03-2025 19:39:17.493;04-03-2025 17:31:48.308;7649185
2;04-03-2025 19:39:26.958;04-03-2025 17:31:48.308;7658650
2;04-03-2025 19:39:27.056;04-03-2025 17:31:48.308;7658748
2;04-03-2025 19:39:27.712;04-03-2025 17:31:48.308;7659404
2;04-03-2025 19:39:29.551;04-03-2025 17:31:48.308;7661243
2;04-03-2025 19:39:39.280;04-03-2025 17:31:48.308;7670972
2;04-03-2025 19:39:40.812;04-03-2025 17:31:48.308;7672504
2;04-03-2025 19:39:54.869;04-03-2025 17:31:48.308;7686561
2;04-03-2025 19:39:56.054;04-03-2025 17:31:48.308;7687746
2;04-03-2025 19:40:02.972;04-03-2025 17:31:48.308;7694664
2;04-03-2025 19:40:04.212;04-03-2025 17:31:48.308;7695904
2;04-03-2025 19:40:07.139;04-03-2025 17:31:48.308;7698831
2;04-03-2025 19:40:15.314;04-03-2025 17:31:48.308;7707006
2;04-03-2025 19:40:17.986;04-03-2025 17:31:48.308;7709678
2;04-03-2025 19:40:32.192;04-03-2025 17:31:48.308;7723884
2;04-03-2025 19:40:40.102;04-03-2025 17:31:48.308;7731794
2;04-03-2025 19:40:40.634;04-03-2025 17:31:48.308;7732326
2;04-03-2025 19:40:44.082;04-03-2025 17:31:48.308;7735774
2;04-03-2025 19:40:47.714;04-03-2025 17:31:48.308;7739406
2;04-03-2025 19:40:58.650;04-03-2025 17:31:48.308;7750342
2;04-03-2025 19:41:01.413;04-03-2025 17:31:48.308;7753105
2;04-03-2025 19:41:01.643;04-03-2025 17:31:48.308;7753335
2;04-03-2025 19:41:03.247;04-03-2025 17:31:48.308;7754939
2;04-03-2025 19:41:05.957;04-03-2025 17:31:48.308;7757649
2;04-03-2025 19:41:07.197;04-03-2025 17:31:48.308;7758889
2;04-03-2025 19:41:21.676;04-03-2025 17:31:48.308;7773368
2;04-03-2025 19:41:22.305;04-03-2025 17:31:48.308;7773997
2;04-03-2025 19:41:33.396;04-03-2025 17:31:48.308;7785088
2;04-03-2025 19:41:39.767;04-03-2025 17:31:48.308;7791459
2;04-03-2025 19:41:41.645;04-03-2025 17:31:48.308;7793337
2;04-03-2025 19:41:43.672;04-03-2025 17:31:48.308;7795364
2;04-03-2025 19:41:46.800;04-03-2025 17:31:48.308;7798492
2;04-03-2025 19:42:04.149;04-03-2025 17:31:48.308;7815841
2;04-03-2025 19:42:06.352;04-03-2025 17:31:48.308;7818044
2;04-03-2025 19:42:08.259;04-03-2025 17:31:48.308;7819951
2;04-03-2025 19:42:11.134;04-03-2025 17:31:48.308;7822826
2;04-03-2025 19:42:18.273;04-03-2025 17:31:48.308;7829965
2;04-03-2025 19:42:22.010;04-03-2025 17:31:48.308;7833702
2;04-03-2025 19:42:22.201;04-03-2025 17:31:48.308;7833893
2;04-03-2025 19:42:32.847;04-03-2025 17:31:48.308;7844539
2;04-03-2025 19:42:36.616;04-03-2025 17:31:48.308;7848308
2;04-03-2025 19:42:40.201;04-03-2025 17:31:48.308;7851893
2;04-03-2025 19:42:45.249;04-03-2025 17:31:48.308;7856941
2;04-03-2025 19:42:51.609;04-03-2025 17:31:48.308;7863301
2;04-03-2025 19:42:55.723;04-03-2025 17:31:48.308;7867415
2;04-03-2025 19:42:57.572;04-03-2025 17:31:48.308;7869264
2;04-03-2025 19:42:59.036;04-03-2025 17:31:48.308;7870728
2;04-03-2025 19:43:08.691;04-03-2025 17:31:48.308;7880383
2;04-03-2025 19:43:14.242;04-03-2025 17:31:48.308;7885934
2;04-03-2025 19:43:17.311;04-03-2025 17:31:48.308;7889003
2;04-03-2025 19:43:25.219;04-03-2025 17:31:48.308;7896911
2;04-03-2025 19:43:36.311;04-03-2025 17:31:48.308;7908003
2;04-03-2025 19:43:41.296;04-03-2025 17:31:48.308;7912988
2;04-03-2025 19:43:45.300;04-03-2025 17:31:48.308;7916992
2;04-03-2025 19:43:48.898;04-03-2025 17:31:48.308;7920590
2;04-03-2025 19:43:52.323;04-03-2025 17:31:48.308;7924015
2;04-03-2025 19:43:59.319;04-03-2025 17:31:48.308;7931011
2;04-03-2025 19:44:00.192;04-03-2025 17:31:48.308;7931884
2;04-03-2025 19:44:09.542;04-03-2025 17:31:48.308;7941234
2;04-03-2025 19:44:10.264;04-03-2025 17:31:48.308;7941956
2;04-03-2025 19:44:13.274;04-03-2025 17:31:48.308;7944966
2;04-03-2025 19:44:15.756;04-03-2025 17:31:48.308;7947448
2;04-03-2025 19:44:21.445;04-03-2025 17:31:48.308;7953137
2;04-03-2025 19:44:27.021;04-03-2025 17:31:48.308;7958713
2;04-03-2025 19:44:31.441;04-03-2025 17:31:48.308;7963133
2;04-03-2025 19:44:40.723;04-03-2025 17:31:48.308;7972415
2;04-03-2025 19:44:54.588;04-03-2025 17:31:48.308;7986280
2;04-03-2025 19:44:58.058;04-03-2025 17:31:48.308;7989750
2;04-03-2025 19:45:00.462;04-03-2025 17:31:48.308;7992154
2;04-03-2025 19:45:00.760;04-03-2025 17:31:48.308;7992452
2;04-03-2025 19:45:01.296;04-03-2025 17:31:48.308;7992988
2;04-03-2025 19:45:04.046;04-03-2025 17:31:48.308;7995738
2;04-03-2025 19:45:07.248;04-03-2025 17:31:48.308;7998940
2;04-03-2025 19:45:32.980;04-03-2025 17:31:48.308;8024672
2;04-03-2025 19:45:33.578;04-03-2025 17:31:48.308;8025270
2;04-03-2025 19:45:35.480;04-03-2025 17:31:48.308;8027172
2;04-03-2025 19:45:41.750;04-03-2025 17:31:48.308;8033442
2;04-03-2025 19:45:42.265;04-03-2025 17:31:48.308;8033957
2;04-03-2025 19:45:43.287;04-03-2025 17:31:48.308;8034979
2;04-03-2025 19:45:45.595;04-03-2025 17:31:48.308;8037287
2;04-03-2025 19:45:50.834;04-03-2025 17:31:48.308;8042526
2;04-03-2025 19:45:54.529;04-03-2025 17:31:48.308;8046221
2;04-03-2025 19:46:07.859;04-03-2025 17:31:48.308;8059551
2;04-03-2025 19:46:13.690;04-03-2025 17:31:48.308;8065382
2;04-03-2025 19:46:18.597;04-03-2025 17:31:48.308;8070289
2;04-03-2025 19:46:19.403;04-03-2025 17:31:48.308;8071095
2;04-03-2025 19:46:24.631;04-03-2025 17:31:48.308;8076323
2;04-03-2025 19:46:30.852;04-03-2025 17:31:48.308;8082544
2;04-03-2025 19:46:35.900;04-03-2025 17:31:48.308;8087592
2;04-03-2025 19:46:46.645;04-03-2025 17:31:48.308;8098337
2;04-03-2025 19:46:48.800;04-03-2025 17:31:48.308;8100492
2;04-03-2025 19:46:49.840;04-03-2025 17:31:48.308;8101532
2;04-03-2025 19:46:54.602;04-03-2025 17:31:48.308;8106294
2;04-03-2025 19:47:00.591;04-03-2025 17:31:48.308;8112283
2;04-03-2025 19:47:07.472;04-03-2025 17:31:48.308;8119164
2;04-03-2025 19:47:17.686;04-03-2025 17:31:48.308;8129378
2;04-03-2025 19:47:20.734;04-03-2025 17:31:48.308;8132426
2;04-03-2025 19:47:20.857;04-03-2025 17:31:48.308;8132549
2;04-03-2025 19:47:22.973;04-03-2025 17:31:48.308;8134665
2;04-03-2025 19:47:32.142;04-03-2025 17:31:48.308;8143834
2;04-03-2025 19:47:32.235;04-03-2025 17:31:48.308;8143927
2;04-03-2025 19:47:34.616;04-03-2025 17:31:48.308;8146308
2;04-03-2025 19:47:50.870;04-03-2025 17:31:48.308;8162562
2;04-03-2025 19:47:51.020;04-03-2025 17:31:48.308;8162712
2;04-03-2025 19:47:57.455;04-03-2025 17:31:48.308;8169147
2;04-03-2025 19:47:59.311;04-03-2025 17:31:48.308;8171003
2;04-03-2025 19:48:01.164;04-03-2025 17:31:48.308;8172856
2;04-03-2025 19:48:08.071;04-03-2025 17:31:48.308;8179763
2;04-03-2025 19:48:08.807;04-03-2025 17:31:48.308;8180499
2;04-03-2025 19:48:17.716;04-03-2025 17:31:48.308;8189408
2;04-03-2025 19:48:33.047;04-03-2025 17:31:48.308;8204739
2;04-03-2025 19:48:34.756;04-03-2025 17:31:48.308;8206448
2;04-03-2025 19:48:36.474;04-03-2025 17:31:48.308;8208166
2;04-03-2025 19:48:39.191;04-03-2025 17:31:48.308;8210883
2;04-03-2025 19:48:42.993;04-03-2025 17:31:48.308;8214685
2;04-03-2025 19:48:43.127;04-03-2025 17:31:48.308;8214819
2;04-03-2025 19:48:54.545;04-03-2025 17:31:48.308;8226237
2;04-03-2025 19:48:55.866;04-03-2025 17:31:48.308;8227558
2;04-03-2025 19:49:05.379;04-03-2025 17:31:48.308;8237071
2;04-03-2025 19:49:12.700;04-03-2025 17:31:48.308;8244392
2;04-03-2025 19:49:23.780;04-03-2025 17:31:48.308;8255472
2;04-03-2025 19:49:27.861;04-03-2025 17:31:48.308;8259553
2;04-03-2025 19:49:29.279;04-03-2025 17:31:48.308;8260971
2;04-03-2025 19:49:34.971;04-03-2025 17:31:48.308;8266663
2;04-03-2025 19:49:38.876;04-03-2025 17:31:48.308;8270568
2;04-03-2025 19:49:40.112;04-03-2025 17:31:48.308;8271804
2;04-03-2025 19:49:45.332;04-03-2025 17:31:48.308;8277024
2;04-03-2025 19:49:53.899;04-03-2025 17:31:48.308;8285591
2;04-03-2025 19:49:59.434;04-03-2025 17:31:48.308;8291126
2;04-03-2025 19:50:02.699;04-03-2025 17:31:48.308;8294391
2;04-03-2025 19:50:02.899;04-03-2025 17:31:48.308;8294591
2;04-03-2025 19:50:08.332;04-03-2025 17:31:48.308;8300024
2;04-03-2025 19:50:19.877;04-03-2025 17:31:48.308;8311569
2;04-03-2025 19:50:25.170;04-03-2025 17:31:48.308;8316862
2;04-03-2025 19:50:30.931;04-03-2025 17:31:48.308;8322623
2;04-03-2025 19:50:34.691;04-03-2025 17:31:48.308;8326383
2;04-03-2025 19:50:42.166;04-03-2025 17:31:48.308;8333858
2;04-03-2025 19:50:53.772;04-03-2025 17:31:48.308;8345464
2;04-03-2025 19:50:55.392;04-03-2025 17:31:48.308;8347084
2;04-03-2025 19:50:57.284;04-03-2025 17:31:48.308;8348976
2;04-03-2025 19:51:00.603;04-03-2025 17:31:48.308;8352295
2;04-03-2025 19:51:00.834;04-03-2025 17:31:48.308;8352526
2;04-03-2025 19:51:04.434;04-03-2025 17:31:48.308;8356126
2;04-03-2025 19:51:19.282;04-03-2025 17:31:48.308;8370974
2;04-03-2025 19:51:24.649;04-03-2025 17:31:48.308;8376341
2;04-03-2025 19:51:25.339;04-03-2025 17:31:48.308;8377031
2;04-03-2025 19:51:26.813;04-03-2025 17:31:48.308;8378505
2;04-03-2025 19:51:27.599;04-03-2025 17:31:48.308;8379291
2;04-03-2025 19:51:33.978;04-03-2025 17:31:48.308;8385670
2;04-03-2025 19:51:35.342;04-03-2025 17:31:48.308;8387034
2;04-03-2025 19:51:49.240;04-03-2025 17:31:48.308;8400932
2;04-03-2025 19:51:53.678;04-03-2025 17:31:48.308;8405370
2;04-03-2025 19:52:04.604;04-03-2025 17:31:48.308;8416296
2;04-03-2025 19:52:08.199;04-03-2025 17:31:48.308;8419891
2;04-03-2025 19:52:12.698;04-03-2025 17:31:48.308;8424390
2;04-03-2025 19:52:14.713;04-03-2025 17:31:48.308;8426405
2;04-03-2025 19:52:16.144;04-03-2025 17:31:48.308;8427836
2;04-03-2025 19:52:17.358;04-03-2025 17:31:48.308;8429050
2;04-03-2025 19:52:25.875;04-03-2025 17:31:48.308;8437567
2;04-03-2025 19:52:26.562;04-03-2025 17:31:48.308;8438254
2;04-03-2025 19:52:28.356;04-03-2025 17:31:48.308;8440048
2;04-03-2025 19:52:33.516;04-03-2025 17:31:48.308;8445208
2;04-03-2025 19:52:41.725;04-03-2025 17:31:48.308;8453417
2;04-03-2025 19:52:47.725;04-03-2025 17:31:48.308;8459417
2;04-03-2025 19:52:56.179;04-03-2025 17:31:48.308;8467871
2;04-03-2025 19:53:02.990;04-03-2025 17:31:48.308;8474682
2;04-03-2025 19:53:12.835;04-03-2025 17:31:48.308;8484527
2;04-03-2025 19:53:15.288;04-03-2025 17:31:48.308;8486980
2;04-03-2025 19:53:21.303;04-03-2025 17:31:48.308;8492995
2;04-03-2025 19:53:24.996;04-03-2025 17:31:48.308;8496688
2;04-03-2025 19:53:29.249;04-03-2025 17:31:48.308;8500941
2;04-03-2025 19:53:34.634;04-03-2025 17:31:48.308;8506326
2;04-03-2025 19:53:35.534;04-03-2025 17:31:48.308;8507226
2;04-03-2025 19:53:44.503;04-03-2025 17:31:48.308;8516195
2;04-03-2025 19:53:49.617;04-03-2025 17:31:48.308;8521309
2;04-03-2025 19:53:55.095;04-03-2025 17:31:48.308;8526787
2;04-03-2025 19:53:55.151;04-03-2025 17:31:48.308;8526843
2;04-03-2025 19:53:56.680;04-03-2025 17:31:48.308;8528372
2;04-03-2025 19:54:00.947;04-03-2025 17:31:48.308;8532639
2;04-03-2025 19:54:04.953;04-03-2025 17:31:48.308;8536645
2;04-03-2025 19:54:06.591;04-03-2025 17:31:48.308;8538283
2;04-03-2025 19:54:20.784;04-03-2025 17:31:48.308;8552476
2;04-03-2025 19:54:23.780;04-03-2025 17:31:48.308;8555472
2;04-03-2025 19:54:27.366;04-03-2025 17:31:48.308;8559058
2;04-03-2025 19:54:34.392;04-03-2025 17:31:48.308;8566084
2;04-03-2025 19:54:39.098;04-03-2025 17:31:48.308;8570790
2;04-03-2025 19:54:40.577;04-03-2025 17:31:48.308;8572269
2;04-03-2025 19:54:49.069;04-03-2025 17:31:48.308;8580761
2;04-03-2025 19:54:51.522;04-03-2025 17:31:48.308;8583214
2;04-03-2025 19:55:02.206;04-03-2025 17:31:48.308;8593898
2;04-03-2025 19:55:07.319;04-03-2025 17:31:48.308;8599011
2;04-03-2025 19:55:09.808;04-03-2025 17:31:48.308;8601500
2;04-03-2025 19:55:18.256;04-03-2025 17:31:48.308;8609948
2;04-03-2025 19:55:24.202;04-03-2025 17:31:48.308;8615894
2;04-03-2025 19:55:27.068;04-03-2025 17:31:48.308;8618760
2;04-03-2025 19:55:34.129;04-03-2025 17:31:48.308;8625821
2;04-03-2025 19:55:35.019;04-03-2025 17:31:48.308;8626711
2;04-03-2025 19:55:35.240;04-03-2025 17:31:48.308;8626932
2;04-03-2025 19:55:37.210;04-03-2025 17:31:48.308;8628902
2;04-03-2025 19:55:54.490;04-03-2025 17:31:48.308;8646182
2;04-03-2025 19:55:56.017;04-03-2025 17:31:48.308;8647709
2;04-03-2025 19:56:03.509;04-03-2025 17:31:48.308;8655201
2;04-03-2025 19:56:16.985;04-03-2025 17:31:48.308;8668677
2;04-03-2025 19:56:18.514;04-03-2025 17:31:48.308;8670206
2;04-03-2025 19:56:20.922;04-03-2025 17:31:48.308;8672614
2;04-03-2025 19:56:23.364;04-03-2025 17:31:48.308;8675056
2;04-03-2025 19:56:26.684;04-03-2025 17:31:48.308;8678376
2;04-03-2025 19:56:30.079;04-03-2025 17:31:48.308;8681771
2;04-03-2025 19:56:32.602;04-03-2025 17:31:48.308;8684294
2;04-03-2025 19:56:47.913;04-03-2025 17:31:48.308;8699605
2;04-03-2025 19:56:48.644;04-03-2025 17:31:48.308;8700336
2;04-03-2025 19:56:54.326;04-03-2025 17:31:48.308;8706018
2;04-03-2025 19:57:01.892;04-03-2025 17:31:48.308;8713584
2;04-03-2025 19:57:05.684;04-03-2025 17:31:48.308;8717376
2;04-03-2025 19:57:06.445;04-03-2025 17:31:48.308;8718137
2;04-03-2025 19:57:10.478;04-03-2025 17:31:48.308;8722170
2;04-03-2025 19:57:12.172;04-03-2025 17:31:48.308;8723864
2;04-03-2025 19:57:20.510;04-03-2025 17:31:48.308;8732202
2;04-03-2025 19:57:35.804;04-03-2025 17:31:48.308;8747496
2;04-03-2025 19:57:37.096;04-03-2025 17:31:48.308;8748788
2;04-03-2025 19:57:41.091;04-03-2025 17:31:48.308;8752783
2;04-03-2025 19:57:44.528;04-03-2025 17:31:48.308;8756220
2;04-03-2025 19:57:45.228;04-03-2025 17:31:48.308;8756920
2;04-03-2025 19:57:46.840;04-03-2025 17:31:48.308;8758532
2;04-03-2025 19:57:50.307;04-03-2025 17:31:48.308;8761999
2;04-03-2025 19:57:57.427;04-03-2025 17:31:48.308;8769119
2;04-03-2025 19:57:57.495;04-03-2025 17:31:48.308;8769187
2;04-03-2025 19:58:02.825;04-03-2025 17:31:48.308;8774517
2;04-03-2025 19:58:03.374;04-03-2025 17:31:48.308;8775066
2;04-03-2025 19:58:12.536;04-03-2025 17:31:48.308;8784228
2;04-03-2025 19:58:14.926;04-03-2025 17:31:48.308;8786618
2;04-03-2025 19:58:19.669;04-03-2025 17:31:48.308;8791361
2;04-03-2025 19:58:27.187;04-03-2025 17:31:48.308;8798879
2;04-03-2025 19:58:46.432;04-03-2025 17:31:48.308;8818124
2;04-03-2025 19:58:51.790;04-03-2025 17:31:48.308;8823482
2;04-03-2025 19:58:52.114;04-03-2025 17:31:48.308;8823806
2;04-03-2025 19:58:53.415;04-03-2025 17:31:48.308;8825107
2;04-03-2025 19:58:57.194;04-03-2025 17:31:48.308;8828886
2;04-03-2025 19:59:09.333;04-03-2025 17:31:48.308;8841025
2;04-03-2025 19:59:12.902;04-03-2025 17:31:48.308;8844594
2;04-03-2025 19:59:20.900;04-03-2025 17:31:48.308;8852592
2;04-03-2025 19:59:24.838;04-03-2025 17:31:48.308;8856530
2;04-03-2025 19:59:28.913;04-03-2025 17:31:48.308;8860605
2;04-03-2025 19:59:30.153;04-03-2025 17:31:48.308;8861845
2;04-03-2025 19:59:34.874;04-03-2025 17:31:48.308;8866566
2;04-03-2025 19:59:49.286;04-03-2025 17:31:48.308;8880978
2;04-03-2025 19:59:52.393;04-03-2025 17:31:48.308;8884085
2;04-03-2025 19:59:56.677;04-03-2025 17:31:48.308;8888369
2;04-03-2025 19:59:59.095;04-03-2025 17:31:48.308;8890787
2;04-03-2025 20:00:00.493;04-03-2025 17:31:48.308;8892185
2;04-03-2025 20:00:04.172;04-03-2025 17:31:48.308;8895864
2;04-03-2025 20:00:18.955;04-03-2025 17:31:48.308;8910647
2;04-03-2025 20:00:20.493;04-03-2025 17:31:48.308;8912185
2;04-03-2025 20:00:20.850;04-03-2025 17:31:48.308;8912542
2;04-03-2025 20:00:23.431;04-03-2025 17:31:48.308;8915123
2;04-03-2025 20:00:23.451;04-03-2025 17:31:48.308;8915143
2;04-03-2025 20:00:33.892;04-03-2025 17:31:48.308;8925584
2;04-03-2025 20:00:37.170;04-03-2025 17:31:48.308;8928862
2;04-03-2025 20:00:42.374;04-03-2025 17:31:48.308;8934066
2;04-03-2025 20:00:46.736;04-03-2025 17:31:48.308;8938428
2;04-03-2025 20:00:55.532;04-03-2025 17:31:48.308;8947224
2;04-03-2025 20:00:55.887;04-03-2025 17:31:48.308;8947579
2;04-03-2025 20:01:05.416;04-03-2025 17:31:48.308;8957108
2;04-03-2025 20:01:07.940;04-03-2025 17:31:48.308;8959632
2;04-03-2025 20:01:16.415;04-03-2025 17:31:48.308;8968107
2;04-03-2025 20:01:16.983;04-03-2025 17:31:48.308;8968675
2;04-03-2025 20:01:22.127;04-03-2025 17:31:48.308;8973819
2;04-03-2025 20:01:28.987;04-03-2025 17:31:48.308;8980679
2;04-03-2025 20:01:41.367;04-03-2025 17:31:48.308;8993059
2;04-03-2025 20:01:44.059;04-03-2025 17:31:48.308;8995751
2;04-03-2025 20:01:45.164;04-03-2025 17:31:48.308;8996856
2;04-03-2025 20:01:57.118;04-03-2025 17:31:48.308;9008810
2;04-03-2025 20:01:59.340;04-03-2025 17:31:48.308;9011032
2;04-03-2025 20:02:01.034;04-03-2025 17:31:48.308;9012726
2;04-03-2025 20:02:08.585;04-03-2025 17:31:48.308;9020277
2;04-03-2025 20:02:11.896;04-03-2025 17:31:48.308;9023588
2;04-03-2025 20:02:16.677;04-03-2025 17:31:48.308;9028369
2;04-03-2025 20:02:17.235;04-03-2025 17:31:48.308;9028927
2;04-03-2025 20:02:23.554;04-03-2025 17:31:48.308;9035246
2;04-03-2025 20:02:26.753;04-03-2025 17:31:48.308;9038445
2;04-03-2025 20:02:30.525;04-03-2025 17:31:48.308;9042217
2;04-03-2025 20:02:36.392;04-03-2025 17:31:48.308;9048084
2;04-03-2025 20:02:53.906;04-03-2025 17:31:48.308;9065598
2;04-03-2025 20:02:53.938;04-03-2025 17:31:48.308;9065630
2;04-03-2025 20:02:57.044;04-03-2025 17:31:48.308;9068736
2;04-03-2025 20:02:59.449;04-03-2025 17:31:48.308;9071141
2;04-03-2025 20:03:02.567;04-03-2025 17:31:48.308;9074259
2;04-03-2025 20:03:05.854;04-03-2025 17:31:48.308;9077546
2;04-03-2025 20:03:12.231;04-03-2025 17:31:48.308;9083923
2;04-03-2025 20:03:13.736;04-03-2025 17:31:48.308;9085428
2;04-03-2025 20:03:23.351;04-03-2025 17:31:48.308;9095043
2;04-03-2025 20:03:29.834;04-03-2025 17:31:48.308;9101526
2;04-03-2025 20:03:39.798;04-03-2025 17:31:48.308;9111490
2;04-03-2025 20:03:42.634;04-03-2025 17:31:48.308;9114326
2;04-03-2025 20:03:45.624;04-03-2025 17:31:48.308;9117316
2;04-03-2025 20:03:46.783;04-03-2025 17:31:48.308;9118475
2;04-03-2025 20:03:47.377;04-03-2025 17:31:48.308;9119069
2;04-03-2025 20:03:51.611;04-03-2025 17:31:48.308;9123303
2;04-03-2025 20:03:57.564;04-03-2025 17:31:48.308;9129256
2;04-03-2025 20:04:12.198;04-03-2025 17:31:48.308;9143890
2;04-03-2025 20:04:13.401;04-03-2025 17:31:48.308;9145093
2;04-03-2025 20:04:17.369;04-03-2025 17:31:48.308;9149061
2;04-03-2025 20:04:22.565;04-03-2025 17:31:48.308;9154257
2;04-03-2025 20:04:24.057;04-03-2025 17:31:48.308;9155749
2;04-03-2025 20:04:26.431;04-03-2025 17:31:48.308;9158123
2;04-03-2025 20:04:29.509;04-03-2025 17:31:48.308;9161201
2;04-03-2025 20:04:45.289;04-03-2025 17:31:48.308;9176981
2;04-03-2025 20:04:48.352;04-03-2025 17:31:48.308;9180044
2;04-03-2025 20:04:52.455;04-03-2025 17:31:48.308;9184147
2;04-03-2025 20:04:53.730;04-03-2025 17:31:48.308;9185422
2;04-03-2025 20:04:56.538;04-03-2025 17:31:48.308;9188230
2;04-03-2025 20:05:12.109;04-03-2025 17:31:48.308;9203801
2;04-03-2025 20:05:21.514;04-03-2025 17:31:48.308;9213206
2;04-03-2025 20:05:26.338;04-03-2025 17:31:48.308;9218030
2;04-03-2025 20:05:27.908;04-03-2025 17:31:48.308;9219600
2;04-03-2025 20:05:33.549;04-03-2025 17:31:48.308;9225241
2;04-03-2025 20:05:34.735;04-03-2025 17:31:48.308;9226427
2;04-03-2025 20:05:34.750;04-03-2025 17:31:48.308;9226442
2;04-03-2025 20:05:37.009;04-03-2025 17:31:48.308;9228701
2;04-03-2025 20:05:50.240;04-03-2025 17:31:48.308;9241932
2;04-03-2025 20:05:52.035;04-03-2025 17:31:48.308;9243727
2;04-03-2025 20:05:55.978;04-03-2025 17:31:48.308;9247670
2;04-03-2025 20:06:04.822;04-03-2025 17:31:48.308;9256514
2;04-03-2025 20:06:13.017;04-03-2025 17:31:48.308;9264709
2;04-03-2025 20:06:14.374;04-03-2025 17:31:48.308;9266066
2;04-03-2025 20:06:15.827;04-03-2025 17:31:48.308;9267519
2;04-03-2025 20:06:17.845;04-03-2025 17:31:48.308;9269537
2;04-03-2025 20:06:22.841;04-03-2025 17:31:48.308;9274533
2;04-03-2025 20:06:23.821;04-03-2025 17:31:48.308;9275513
2;04-03-2025 20:06:35.639;04-03-2025 17:31:48.308;9287331
2;04-03-2025 20:06:39.719;04-03-2025 17:31:48.308;9291411
2;04-03-2025 20:06:47.721;04-03-2025 17:31:48.308;9299413
2;04-03-2025 20:07:03.122;04-03-2025 17:31:48.308;9314814
2;04-03-2025 20:07:05.914;04-03-2025 17:31:48.308;9317606
2;04-03-2025 20:07:20.086;04-03-2025 17:31:48.308;9331778
2;04-03-2025 20:07:20.312;04-03-2025 17:31:48.308;9332004
2;04-03-2025 20:07:23.059;04-03-2025 17:31:48.308;9334751
2;04-03-2025 20:07:29.705;04-03-2025 17:31:48.308;9341397
2;04-03-2025 20:07:29.974;04-03-2025 17:31:48.308;9341666
2;04-03-2025 20:07:34.381;04-03-2025 17:31:48.308;9346073
2;04-03-2025 20:07:35.806;04-03-2025 17:31:48.308;9347498
2;04-03-2025 20:07:37.508;04-03-2025 17:31:48.308;9349200
2;04-03-2025 20:07:45.931;04-03-2025 17:31:48.308;9357623
2;04-03-2025 20:07:58.318;04-03-2025 17:31:48.308;9370010
2;04-03-2025 20:08:01.827;04-03-2025 17:31:48.308;9373519
2;04-03-2025 20:08:02.293;04-03-2025 17:31:48.308;9373985
2;04-03-2025 20:08:07.752;04-03-2025 17:31:48.308;9379444
2;04-03-2025 20:08:12.696;04-03-2025 17:31:48.308;9384388
2;04-03-2025 20:08:13.879;04-03-2025 17:31:48.308;9385571
2;04-03-2025 20:08:15.682;04-03-2025 17:31:48.308;9387374
2;04-03-2025 20:08:16.045;04-03-2025 17:31:48.308;9387737
2;04-03-2025 20:08:22.144;04-03-2025 17:31:48.308;9393836
2;04-03-2025 20:08:39.210;04-03-2025 17:31:48.308;9410902
2;04-03-2025 20:08:39.793;04-03-2025 17:31:48.308;9411485
2;04-03-2025 20:08:51.559;04-03-2025 17:31:48.308;9423251
2;04-03-2025 20:08:53.254;04-03-2025 17:31:48.308;9424946
2;04-03-2025 20:08:58.522;04-03-2025 17:31:48.308;9430214
2;04-03-2025 20:09:02.350;04-03-2025 17:31:48.308;9434042
2;04-03-2025 20:09:06.850;04-03-2025 17:31:48.308;9438542
2;04-03-2025 20:09:11.008;04-03-2025 17:31:48.308;9442700
2;04-03-2025 20:09:11.931;04-03-2025 17:31:48.308;9443623
2;04-03-2025 20:09:13.546;04-03-2025 17:31:48.308;9445238
2;04-03-2025 20:09:18.482;04-03-2025 17:31:48.308;9450174
2;04-03-2025 20:09:27.586;04-03-2025 17:31:48.308;9459278
2;04-03-2025 20:09:37.495;04-03-2025 17:31:48.308;9469187
2;04-03-2025 20:09:40.939;04-03-2025 17:31:48.308;9472631
2;04-03-2025 20:09:42.158;04-03-2025 17:31:48.308;9473850
2;04-03-2025 20:09:42.202;04-03-2025 17:31:48.308;9473894
2;04-03-2025 20:09:48.052;04-03-2025 17:31:48.308;9479744
2;04-03-2025 20:09:52.853;04-03-2025 17:31:48.308;9484545
2;04-03-2025 20:10:02.082;04-03-2025 17:31:48.308;9493774
2;04-03-2025 20:10:06.144;04-03-2025 17:31:48.308;9497836
2;04-03-2025 20:10:09.335;04-03-2025 17:31:48.308;9501027
2;04-03-2025 20:10:11.331;04-03-2025 17:31:48.308;9503023
2;04-03-2025 20:10:24.286;04-03-2025 17:31:48.308;9515978
2;04-03-2025 20:10:31.913;04-03-2025 17:31:48.308;9523605
2;04-03-2025 20:10:33.024;04-03-2025 17:31:48.308;9524716
2;04-03-2025 20:10:50.410;04-03-2025 17:31:48.308;9542102
2;04-03-2025 20:10:52.069;04-03-2025 17:31:48.308;9543761
2;04-03-2025 20:10:54.982;04-03-2025 17:31:48.308;9546674
2;04-03-2025 20:10:56.896;04-03-2025 17:31:48.308;9548588
2;04-03-2025 20:10:59.334;04-03-2025 17:31:48.308;9551026
2;04-03-2025 20:11:00.856;04-03-2025 17:31:48.308;9552548
2;04-03-2025 20:11:02.571;04-03-2025 17:31:48.308;9554263
2;04-03-2025 20:11:08.239;04-03-2025 17:31:48.308;9559931
2;04-03-2025 20:11:22.698;04-03-2025 17:31:48.308;9574390
2;04-03-2025 20:11:23.453;04-03-2025 17:31:48.308;9575145
2;04-03-2025 20:11:29.855;04-03-2025 17:31:48.308;9581547
2;04-03-2025 20:11:30.998;04-03-2025 17:31:48.308;9582690
2;04-03-2025 20:11:32.269;04-03-2025 17:31:48.308;9583961
2;04-03-2025 20:11:36.956;04-03-2025 17:31:48.308;9588648
2;04-03-2025 20:11:39.408;04-03-2025 17:31:48.308;9591100
2;04-03-2025 20:11:49.027;04-03-2025 17:31:48.308;9600719
2;04-03-2025 20:12:04.686;04-03-2025 17:31:48.308;9616378
2;04-03-2025 20:12:04.855;04-03-2025 17:31:48.308;9616547
2;04-03-2025 20:12:07.676;04-03-2025 17:31:48.308;9619368
2;04-03-2025 20:12:10.339;04-03-2025 17:31:48.308;9622031
2;04-03-2025 20:12:15.294;04-03-2025 17:31:48.308;9626986
2;04-03-2025 20:12:18.439;04-03-2025 17:31:48.308;9630131
2;04-03-2025 20:12:23.441;04-03-2025 17:31:48.308;9635133
2;04-03-2025 20:12:30.104;04-03-2025 17:31:48.308;9641796
2;04-03-2025 20:12:34.952;04-03-2025 17:31:48.308;9646644
2;04-03-2025 20:12:40.390;04-03-2025 17:31:48.308;9652082
3;04-03-2025 20:12:47.983;04-03-2025 20:12:43.053;4930
2;04-03-2025 20:12:51.326;04-03-2025 17:31:48.308;9663018
2;04-03-2025 20:12:52.022;04-03-2025 17:31:48.308;9663714
2;04-03-2025 20:13:01.281;04-03-2025 17:31:48.308;9672973
2;04-03-2025 20:13:03.899;04-03-2025 17:31:48.308;9675591
2;04-03-2025 20:13:06.761;04-03-2025 17:31:48.308;9678453
2;04-03-2025 20:13:08.721;04-03-2025 17:31:48.308;9680413
2;04-03-2025 20:13:15.236;04-03-2025 17:31:48.308;9686928
2;04-03-2025 20:13:24.828;04-03-2025 17:31:48.308;9696520
2;04-03-2025 20:13:26.312;04-03-2025 17:31:48.308;9698004
2;04-03-2025 20:13:32.044;04-03-2025 17:31:48.308;9703736
2;04-03-2025 20:13:38.127;04-03-2025 17:31:48.308;9709819
2;04-03-2025 20:13:38.283;04-03-2025 17:31:48.308;9709975
2;04-03-2025 20:13:41.299;04-03-2025 17:31:48.308;9712991
2;04-03-2025 20:13:48.904;04-03-2025 17:31:48.308;9720596
2;04-03-2025 20:14:01.343;04-03-2025 17:31:48.308;9733035
2;04-03-2025 20:14:03.429;04-03-2025 17:31:48.308;9735121
2;04-03-2025 20:14:18.139;04-03-2025 17:31:48.308;9749831
2;04-03-2025 20:14:22.920;04-03-2025 17:31:48.308;9754612
2;04-03-2025 20:14:23.582;04-03-2025 17:31:48.308;9755274
2;04-03-2025 20:14:25.195;04-03-2025 17:31:48.308;9756887
2;04-03-2025 20:14:27.971;04-03-2025 17:31:48.308;9759663
2;04-03-2025 20:14:29.988;04-03-2025 17:31:48.308;9761680
2;04-03-2025 20:14:38.850;04-03-2025 17:31:48.308;9770542
2;04-03-2025 20:14:40.049;04-03-2025 17:31:48.308;9771741
2;04-03-2025 20:14:47.795;04-03-2025 17:31:48.308;9779487
2;04-03-2025 20:14:54.536;04-03-2025 17:31:48.308;9786228
2;04-03-2025 20:14:56.745;04-03-2025 17:31:48.308;9788437
2;04-03-2025 20:14:57.848;04-03-2025 17:31:48.308;9789540
2;04-03-2025 20:15:00.513;04-03-2025 17:31:48.308;9792205
2;04-03-2025 20:15:14.200;04-03-2025 17:31:48.308;9805892
2;04-03-2025 20:15:16.641;04-03-2025 17:31:48.308;9808333
2;04-03-2025 20:15:19.285;04-03-2025 17:31:48.308;9810977
2;04-03-2025 20:15:24.932;04-03-2025 17:31:48.308;9816624
2;04-03-2025 20:15:44.837;04-03-2025 17:31:48.308;9836529
2;04-03-2025 20:15:45.524;04-03-2025 17:31:48.308;9837216
2;04-03-2025 20:15:48.939;04-03-2025 17:31:48.308;9840631
2;04-03-2025 20:15:55.852;04-03-2025 17:31:48.308;9847544
2;04-03-2025 20:15:56.098;04-03-2025 17:31:48.308;9847790
2;04-03-2025 20:15:59.971;04-03-2025 17:31:48.308;9851663
2;04-03-2025 20:16:13.668;04-03-2025 17:31:48.308;9865360
2;04-03-2025 20:16:14.939;04-03-2025 17:31:48.308;9866631
2;04-03-2025 20:16:20.103;04-03-2025 17:31:48.308;9871795
2;04-03-2025 20:16:21.179;04-03-2025 17:31:48.308;9872871
2;04-03-2025 20:16:26.293;04-03-2025 17:31:48.308;9877985
2;04-03-2025 20:16:28.492;04-03-2025 17:31:48.308;9880184
2;04-03-2025 20:16:32.700;04-03-2025 17:31:48.308;9884392
2;04-03-2025 20:16:40.735;04-03-2025 17:31:48.308;9892427
2;04-03-2025 20:16:41.079;04-03-2025 17:31:48.308;9892771
2;04-03-2025 20:16:44.577;04-03-2025 17:31:48.308;9896269
2;04-03-2025 20:16:46.369;04-03-2025 17:31:48.308;9898061
2;04-03-2025 20:17:07.632;04-03-2025 17:31:48.308;9919324
2;04-03-2025 20:17:08.847;04-03-2025 17:31:48.308;9920539
2;04-03-2025 20:17:11.966;04-03-2025 17:31:48.308;9923658
2;04-03-2025 20:17:16.913;04-03-2025 17:31:48.308;9928605
2;04-03-2025 20:17:21.007;04-03-2025 17:31:48.308;9932699
2;04-03-2025 20:17:21.324;04-03-2025 17:31:48.308;9933016
2;04-03-2025 20:17:29.452;04-03-2025 17:31:48.308;9941144
2;04-03-2025 20:17:34.025;04-03-2025 17:31:48.308;9945717
2;04-03-2025 20:17:41.617;04-03-2025 17:31:48.308;9953309
2;04-03-2025 20:17:45.051;04-03-2025 17:31:48.308;9956743
2;04-03-2025 20:17:50.913;04-03-2025 17:31:48.308;9962605
2;04-03-2025 20:18:03.140;04-03-2025 17:31:48.308;9974832
2;04-03-2025 20:18:07.161;04-03-2025 17:31:48.308;9978853
2;04-03-2025 20:18:13.743;04-03-2025 17:31:48.308;9985435
2;04-03-2025 20:18:14.866;04-03-2025 17:31:48.308;9986558
2;04-03-2025 20:18:17.813;04-03-2025 17:31:48.308;9989505
2;04-03-2025 20:18:21.986;04-03-2025 17:31:48.308;9993678
2;04-03-2025 20:18:22.872;04-03-2025 17:31:48.308;9994564
2;04-03-2025 20:18:25.344;04-03-2025 17:31:48.308;9997036
2;04-03-2025 20:18:30.599;04-03-2025 17:31:48.308;10002291
2;04-03-2025 20:18:38.048;04-03-2025 17:31:48.308;10009740
2;04-03-2025 20:18:48.752;04-03-2025 17:31:48.308;10020444
2;04-03-2025 20:18:50.954;04-03-2025 17:31:48.308;10022646
2;04-03-2025 20:18:55.513;04-03-2025 17:31:48.308;10027205
2;04-03-2025 20:18:55.559;04-03-2025 17:31:48.308;10027251
2;04-03-2025 20:18:57.163;04-03-2025 17:31:48.308;10028855
2;04-03-2025 20:19:07.954;04-03-2025 17:31:48.308;10039646
2;04-03-2025 20:19:09.949;04-03-2025 17:31:48.308;10041641
2;04-03-2025 20:19:15.238;04-03-2025 17:31:48.308;10046930
2;04-03-2025 20:19:19.112;04-03-2025 17:31:48.308;10050804
2;04-03-2025 20:19:26.676;04-03-2025 17:31:48.308;10058368
2;04-03-2025 20:19:47.575;04-03-2025 17:31:48.308;10079267
2;04-03-2025 20:19:47.876;04-03-2025 17:31:48.308;10079568
2;04-03-2025 20:19:51.316;04-03-2025 17:31:48.308;10083008
2;04-03-2025 20:19:52.265;04-03-2025 17:31:48.308;10083957
2;04-03-2025 20:20:04.142;04-03-2025 17:31:48.308;10095834
2;04-03-2025 20:20:08.204;04-03-2025 17:31:48.308;10099896
2;04-03-2025 20:20:14.609;04-03-2025 17:31:48.308;10106301
2;04-03-2025 20:20:14.753;04-03-2025 17:31:48.308;10106445
2;04-03-2025 20:20:17.850;04-03-2025 17:31:48.308;10109542
2;04-03-2025 20:20:18.175;04-03-2025 17:31:48.308;10109867
2;04-03-2025 20:20:23.905;04-03-2025 17:31:48.308;10115597
2;04-03-2025 20:20:39.760;04-03-2025 17:31:48.308;10131452
2;04-03-2025 20:20:42.067;04-03-2025 17:31:48.308;10133759
2;04-03-2025 20:20:44.093;04-03-2025 17:31:48.308;10135785
2;04-03-2025 20:20:45.311;04-03-2025 17:31:48.308;10137003
2;04-03-2025 20:20:46.042;04-03-2025 17:31:48.308;10137734
2;04-03-2025 20:21:05.778;04-03-2025 17:31:48.308;10157470
2;04-03-2025 20:21:05.908;04-03-2025 17:31:48.308;10157600
2;04-03-2025 20:21:09.629;04-03-2025 17:31:48.308;10161321
2;04-03-2025 20:21:12.646;04-03-2025 17:31:48.308;10164338
2;04-03-2025 20:21:20.504;04-03-2025 17:31:48.308;10172196
2;04-03-2025 20:21:31.231;04-03-2025 17:31:48.308;10182923
2;04-03-2025 20:21:33.030;04-03-2025 17:31:48.308;10184722
2;04-03-2025 20:21:34.142;04-03-2025 17:31:48.308;10185834
2;04-03-2025 20:21:40.366;04-03-2025 17:31:48.308;10192058
2;04-03-2025 20:21:44.023;04-03-2025 17:31:48.308;10195715
2;04-03-2025 20:21:46.474;04-03-2025 17:31:48.308;10198166
2;04-03-2025 20:21:47.145;04-03-2025 17:31:48.308;10198837
2;04-03-2025 20:21:48.127;04-03-2025 17:31:48.308;10199819
2;04-03-2025 20:21:51.637;04-03-2025 17:31:48.308;10203329
2;04-03-2025 20:21:59.345;04-03-2025 17:31:48.308;10211037
2;04-03-2025 20:21:59.616;04-03-2025 17:31:48.308;10211308
2;04-03-2025 20:22:14.120;04-03-2025 17:31:48.308;10225812
2;04-03-2025 20:22:20.453;04-03-2025 17:31:48.308;10232145
2;04-03-2025 20:22:26.517;04-03-2025 17:31:48.308;10238209
2;04-03-2025 20:22:30.620;04-03-2025 17:31:48.308;10242312
2;04-03-2025 20:22:42.211;04-03-2025 17:31:48.308;10253903
2;04-03-2025 20:22:50.324;04-03-2025 17:31:48.308;10262016
2;04-03-2025 20:22:50.880;04-03-2025 17:31:48.308;10262572
2;04-03-2025 20:22:56.936;04-03-2025 17:31:48.308;10268628
2;04-03-2025 20:23:03.247;04-03-2025 17:31:48.308;10274939
2;04-03-2025 20:23:10.404;04-03-2025 17:31:48.308;10282096
2;04-03-2025 20:23:10.881;04-03-2025 17:31:48.308;10282573
2;04-03-2025 20:23:16.570;04-03-2025 17:31:48.308;10288262
2;04-03-2025 20:23:23.064;04-03-2025 17:31:48.308;10294756
2;04-03-2025 20:23:25.232;04-03-2025 17:31:48.308;10296924
2;04-03-2025 20:23:27.026;04-03-2025 17:31:48.308;10298718
2;04-03-2025 20:23:28.436;04-03-2025 17:31:48.308;10300128
2;04-03-2025 20:23:37.996;04-03-2025 17:31:48.308;10309688
2;04-03-2025 20:23:50.706;04-03-2025 17:31:48.308;10322398
2;04-03-2025 20:23:52.158;04-03-2025 17:31:48.308;10323850
2;04-03-2025 20:23:52.708;04-03-2025 17:31:48.308;10324400
2;04-03-2025 20:23:56.752;04-03-2025 17:31:48.308;10328444
2;04-03-2025 20:23:59.816;04-03-2025 17:31:48.308;10331508
2;04-03-2025 20:24:04.140;04-03-2025 17:31:48.308;10335832
2;04-03-2025 20:24:06.954;04-03-2025 17:31:48.308;10338646
2;04-03-2025 20:24:13.128;04-03-2025 17:31:48.308;10344820
2;04-03-2025 20:24:19.606;04-03-2025 17:31:48.308;10351298
2;04-03-2025 20:24:21.104;04-03-2025 17:31:48.308;10352796
2;04-03-2025 20:24:26.804;04-03-2025 17:31:48.308;10358496
2;04-03-2025 20:24:33.088;04-03-2025 17:31:48.308;10364780
2;04-03-2025 20:24:36.863;04-03-2025 17:31:48.308;10368555
2;04-03-2025 20:24:39.027;04-03-2025 17:31:48.308;10370719
2;04-03-2025 20:24:46.138;04-03-2025 17:31:48.308;10377830
2;04-03-2025 20:24:47.745;04-03-2025 17:31:48.308;10379437
2;04-03-2025 20:24:54.040;04-03-2025 17:31:48.308;10385732
2;04-03-2025 20:25:07.566;04-03-2025 17:31:48.308;10399258
2;04-03-2025 20:25:10.774;04-03-2025 17:31:48.308;10402466
2;04-03-2025 20:25:16.688;04-03-2025 17:31:48.308;10408380
2;04-03-2025 20:25:24.071;04-03-2025 17:31:48.308;10415763
2;04-03-2025 20:25:29.890;04-03-2025 17:31:48.308;10421582
2;04-03-2025 20:25:30.081;04-03-2025 17:31:48.308;10421773
2;04-03-2025 20:25:32.589;04-03-2025 17:31:48.308;10424281
2;04-03-2025 20:25:41.959;04-03-2025 17:31:48.308;10433651
2;04-03-2025 20:25:45.909;04-03-2025 17:31:48.308;10437601
2;04-03-2025 20:25:53.414;04-03-2025 17:31:48.308;10445106
2;04-03-2025 20:25:57.765;04-03-2025 17:31:48.308;10449457
2;04-03-2025 20:25:59.270;04-03-2025 17:31:48.308;10450962
2;04-03-2025 20:26:03.266;04-03-2025 17:31:48.308;10454958
2;04-03-2025 20:26:19.062;04-03-2025 17:31:48.308;10470754
2;04-03-2025 20:26:21.001;04-03-2025 17:31:48.308;10472693
2;04-03-2025 20:26:24.692;04-03-2025 17:31:48.308;10476384
2;04-03-2025 20:26:29.116;04-03-2025 17:31:48.308;10480808
2;04-03-2025 20:26:29.966;04-03-2025 17:31:48.308;10481658
2;04-03-2025 20:26:30.038;04-03-2025 17:31:48.308;10481730
2;04-03-2025 20:26:32.029;04-03-2025 17:31:48.308;10483721
2;04-03-2025 20:26:49.021;04-03-2025 17:31:48.308;10500713
2;04-03-2025 20:27:00.240;04-03-2025 17:31:48.308;10511932
2;04-03-2025 20:27:03.881;04-03-2025 17:31:48.308;10515573
2;04-03-2025 20:27:06.684;04-03-2025 17:31:48.308;10518376
2;04-03-2025 20:27:09.558;04-03-2025 17:31:48.308;10521250
2;04-03-2025 20:27:11.060;04-03-2025 17:31:48.308;10522752
2;04-03-2025 20:27:11.924;04-03-2025 17:31:48.308;10523616
2;04-03-2025 20:27:12.973;04-03-2025 17:31:48.308;10524665
2;04-03-2025 20:27:14.052;04-03-2025 17:31:48.308;10525744
2;04-03-2025 20:27:30.578;04-03-2025 17:31:48.308;10542270
2;04-03-2025 20:27:36.458;04-03-2025 17:31:48.308;10548150
2;04-03-2025 20:27:40.169;04-03-2025 17:31:48.308;10551861
2;04-03-2025 20:27:42.323;04-03-2025 17:31:48.308;10554015
2;04-03-2025 20:27:45.928;04-03-2025 17:31:48.308;10557620
2;04-03-2025 20:27:56.802;04-03-2025 17:31:48.308;10568494
2;04-03-2025 20:27:59.808;04-03-2025 17:31:48.308;10571500
2;04-03-2025 20:28:07.230;04-03-2025 17:31:48.308;10578922
2;04-03-2025 20:28:10.904;04-03-2025 17:31:48.308;10582596
2;04-03-2025 20:28:14.747;04-03-2025 17:31:48.308;10586439
2;04-03-2025 20:28:18.220;04-03-2025 17:31:48.308;10589912
2;04-03-2025 20:28:19.370;04-03-2025 17:31:48.308;10591062
2;04-03-2025 20:28:26.818;04-03-2025 17:31:48.308;10598510
2;04-03-2025 20:28:32.546;04-03-2025 17:31:48.308;10604238
2;04-03-2025 20:28:35.663;04-03-2025 17:31:48.308;10607355
2;04-03-2025 20:28:39.682;04-03-2025 17:31:48.308;10611374
2;04-03-2025 20:28:42.779;04-03-2025 17:31:48.308;10614471
2;04-03-2025 20:28:42.960;04-03-2025 17:31:48.308;10614652
2;04-03-2025 20:28:49.099;04-03-2025 17:31:48.308;10620791
2;04-03-2025 20:29:07.121;04-03-2025 17:31:48.308;10638813
2;04-03-2025 20:29:10.675;04-03-2025 17:31:48.308;10642367
2;04-03-2025 20:29:15.746;04-03-2025 17:31:48.308;10647438
2;04-03-2025 20:29:17.721;04-03-2025 17:31:48.308;10649413
2;04-03-2025 20:29:26.295;04-03-2025 17:31:48.308;10657987
2;04-03-2025 20:29:35.697;04-03-2025 17:31:48.308;10667389
2;04-03-2025 20:29:36.074;04-03-2025 17:31:48.308;10667766
2;04-03-2025 20:29:42.539;04-03-2025 17:31:48.308;10674231
2;04-03-2025 20:29:49.220;04-03-2025 17:31:48.308;10680912
2;04-03-2025 20:29:52.952;04-03-2025 17:31:48.308;10684644
2;04-03-2025 20:30:00.134;04-03-2025 17:31:48.308;10691826
2;04-03-2025 20:30:02.036;04-03-2025 17:31:48.308;10693728
2;04-03-2025 20:30:10.508;04-03-2025 17:31:48.308;10702200
2;04-03-2025 20:30:12.422;04-03-2025 17:31:48.308;10704114
2;04-03-2025 20:30:12.600;04-03-2025 17:31:48.308;10704292
2;04-03-2025 20:30:14.668;04-03-2025 17:31:48.308;10706360
2;04-03-2025 20:30:21.907;04-03-2025 17:31:48.308;10713599
2;04-03-2025 20:30:34.383;04-03-2025 17:31:48.308;10726075
2;04-03-2025 20:30:37.700;04-03-2025 17:31:48.308;10729392
2;04-03-2025 20:30:37.818;04-03-2025 17:31:48.308;10729510
2;04-03-2025 20:30:50.003;04-03-2025 17:31:48.308;10741695
2;04-03-2025 20:30:51.827;04-03-2025 17:31:48.308;10743519
2;04-03-2025 20:30:56.619;04-03-2025 17:31:48.308;10748311
2;04-03-2025 20:30:59.899;04-03-2025 17:31:48.308;10751591
2;04-03-2025 20:31:00.104;04-03-2025 17:31:48.308;10751796
2;04-03-2025 20:31:11.684;04-03-2025 17:31:48.308;10763376
2;04-03-2025 20:31:18.203;04-03-2025 17:31:48.308;10769895
2;04-03-2025 20:31:20.823;04-03-2025 17:31:48.308;10772515
2;04-03-2025 20:31:21.139;04-03-2025 17:31:48.308;10772831
2;04-03-2025 20:31:22.913;04-03-2025 17:31:48.308;10774605
2;04-03-2025 20:31:29.183;04-03-2025 17:31:48.308;10780875
2;04-03-2025 20:31:45.900;04-03-2025 17:31:48.308;10797592
2;04-03-2025 20:31:45.928;04-03-2025 17:31:48.308;10797620
2;04-03-2025 20:31:48.863;04-03-2025 17:31:48.308;10800555
2;04-03-2025 20:31:52.934;04-03-2025 17:31:48.308;10804626
2;04-03-2025 20:31:54.586;04-03-2025 17:31:48.308;10806278
2;04-03-2025 20:31:56.627;04-03-2025 17:31:48.308;10808319
2;04-03-2025 20:32:10.561;04-03-2025 17:31:48.308;10822253
2;04-03-2025 20:32:19.795;04-03-2025 17:31:48.308;10831487
2;04-03-2025 20:32:21.836;04-03-2025 17:31:48.308;10833528
2;04-03-2025 20:32:32.286;04-03-2025 17:31:48.308;10843978
2;04-03-2025 20:32:37.668;04-03-2025 17:31:48.308;10849360
2;04-03-2025 20:32:43.731;04-03-2025 17:31:48.308;10855423
2;04-03-2025 20:32:44.001;04-03-2025 17:31:48.308;10855693
2;04-03-2025 20:32:49.955;04-03-2025 17:31:48.308;10861647
2;04-03-2025 20:32:52.134;04-03-2025 17:31:48.308;10863826
2;04-03-2025 20:32:59.406;04-03-2025 17:31:48.308;10871098
2;04-03-2025 20:33:03.653;04-03-2025 17:31:48.308;10875345
2;04-03-2025 20:33:05.995;04-03-2025 17:31:48.308;10877687
2;04-03-2025 20:33:07.628;04-03-2025 17:31:48.308;10879320
2;04-03-2025 20:33:18.489;04-03-2025 17:31:48.308;10890181
2;04-03-2025 20:33:18.920;04-03-2025 17:31:48.308;10890612
2;04-03-2025 20:33:24.393;04-03-2025 17:31:48.308;10896085
2;04-03-2025 20:33:27.364;04-03-2025 17:31:48.308;10899056
2;04-03-2025 20:33:35.981;04-03-2025 17:31:48.308;10907673
2;04-03-2025 20:33:40.264;04-03-2025 17:31:48.308;10911956
2;04-03-2025 20:33:40.997;04-03-2025 17:31:48.308;10912689
2;04-03-2025 20:33:46.517;04-03-2025 17:31:48.308;10918209
2;04-03-2025 20:33:46.840;04-03-2025 17:31:48.308;10918532
2;04-03-2025 20:33:50.399;04-03-2025 17:31:48.308;10922091
2;04-03-2025 20:33:50.565;04-03-2025 17:31:48.308;10922257
2;04-03-2025 20:34:19.432;04-03-2025 17:31:48.308;10951124
2;04-03-2025 20:34:21.489;04-03-2025 17:31:48.308;10953181
2;04-03-2025 20:34:23.651;04-03-2025 17:31:48.308;10955343
2;04-03-2025 20:34:32.534;04-03-2025 17:31:48.308;10964226
2;04-03-2025 20:34:35.296;04-03-2025 17:31:48.308;10966988
2;04-03-2025 20:34:38.053;04-03-2025 17:31:48.308;10969745
2;04-03-2025 20:34:40.035;04-03-2025 17:31:48.308;10971727
2;04-03-2025 20:34:40.311;04-03-2025 17:31:48.308;10972003
2;04-03-2025 20:34:44.690;04-03-2025 17:31:48.308;10976382
2;04-03-2025 20:34:45.492;04-03-2025 17:31:48.308;10977184
2;04-03-2025 20:34:59.120;04-03-2025 17:31:48.308;10990812
2;04-03-2025 20:35:01.623;04-03-2025 17:31:48.308;10993315
2;04-03-2025 20:35:15.601;04-03-2025 17:31:48.308;11007293
2;04-03-2025 20:35:18.467;04-03-2025 17:31:48.308;11010159
2;04-03-2025 20:35:22.479;04-03-2025 17:31:48.308;11014171
2;04-03-2025 20:35:30.479;04-03-2025 17:31:48.308;11022171
2;04-03-2025 20:35:30.738;04-03-2025 17:31:48.308;11022430
2;04-03-2025 20:35:33.924;04-03-2025 17:31:48.308;11025616
2;04-03-2025 20:35:41.096;04-03-2025 17:31:48.308;11032788
2;04-03-2025 20:35:47.366;04-03-2025 17:31:48.308;11039058
2;04-03-2025 20:35:47.748;04-03-2025 17:31:48.308;11039440
2;04-03-2025 20:35:54.285;04-03-2025 17:31:48.308;11045977
2;04-03-2025 20:36:04.330;04-03-2025 17:31:48.308;11056022
2;04-03-2025 20:36:06.739;04-03-2025 17:31:48.308;11058431
2;04-03-2025 20:36:08.774;04-03-2025 17:31:48.308;11060466
2;04-03-2025 20:36:11.526;04-03-2025 17:31:48.308;11063218
2;04-03-2025 20:36:16.401;04-03-2025 17:31:48.308;11068093
2;04-03-2025 20:36:17.952;04-03-2025 17:31:48.308;11069644
2;04-03-2025 20:36:28.637;04-03-2025 17:31:48.308;11080329
2;04-03-2025 20:36:35.212;04-03-2025 17:31:48.308;11086904
2;04-03-2025 20:36:42.838;04-03-2025 17:31:48.308;11094530
2;04-03-2025 20:36:51.038;04-03-2025 17:31:48.308;11102730
2;04-03-2025 20:36:51.445;04-03-2025 17:31:48.308;11103137
2;04-03-2025 20:37:01.370;04-03-2025 17:31:48.308;11113062
2;04-03-2025 20:37:04.407;04-03-2025 17:31:48.308;11116099
2;04-03-2025 20:37:11.553;04-03-2025 17:31:48.308;11123245
2;04-03-2025 20:37:12.326;04-03-2025 17:31:48.308;11124018
2;04-03-2025 20:37:12.922;04-03-2025 17:31:48.308;11124614
2;04-03-2025 20:37:16.067;04-03-2025 17:31:48.308;11127759
2;04-03-2025 20:37:18.826;04-03-2025 17:31:48.308;11130518
2;04-03-2025 20:37:19.750;04-03-2025 17:31:48.308;11131442
0;04-03-2025 20:37:19.893;04-03-2025 20:36:08.112;71781
2;04-03-2025 20:37:20.503;04-03-2025 17:31:48.308;11132195
0;04-03-2025 20:37:35.324;04-03-2025 20:36:08.112;87212
2;04-03-2025 20:37:35.422;04-03-2025 17:31:48.308;11147114
0;04-03-2025 20:37:38.164;04-03-2025 20:36:08.112;90052
0;04-03-2025 20:37:40.022;04-03-2025 20:36:08.112;91910
0;04-03-2025 20:37:41.056;04-03-2025 20:36:08.112;92944
0;04-03-2025 20:37:43.153;04-03-2025 20:36:08.112;95041
2;04-03-2025 20:37:48.620;04-03-2025 17:31:48.308;11160312
2;04-03-2025 20:37:52.930;04-03-2025 17:31:48.308;11164622
0;04-03-2025 20:37:56.491;04-03-2025 20:36:08.112;108379
2;04-03-2025 20:38:00.933;04-03-2025 17:31:48.308;11172625
2;04-03-2025 20:38:01.436;04-03-2025 17:31:48.308;11173128
2;04-03-2025 20:38:04.132;04-03-2025 17:31:48.308;11175824
0;04-03-2025 20:38:05.840;04-03-2025 20:36:08.112;117728
0;04-03-2025 20:38:05.870;04-03-2025 20:36:08.112;117758
2;04-03-2025 20:38:10.503;04-03-2025 17:31:48.308;11182195
2;04-03-2025 20:38:11.109;04-03-2025 17:31:48.308;11182801
2;04-03-2025 20:38:14.090;04-03-2025 17:31:48.308;11185782
0;04-03-2025 20:38:14.703;04-03-2025 20:36:08.112;126591
2;04-03-2025 20:38:16.968;04-03-2025 17:31:48.308;11188660
0;04-03-2025 20:38:17.606;04-03-2025 20:36:08.112;129494
2;04-03-2025 20:38:26.183;04-03-2025 17:31:48.308;11197875
0;04-03-2025 20:38:26.639;04-03-2025 20:36:08.112;138527
0;04-03-2025 20:38:27.789;04-03-2025 20:36:08.112;139677
0;04-03-2025 20:38:31.925;04-03-2025 20:36:08.112;143813
2;04-03-2025 20:38:32.854;04-03-2025 17:31:48.308;11204546
2;04-03-2025 20:38:41.215;04-03-2025 17:31:48.308;11212907
2;04-03-2025 20:38:41.365;04-03-2025 17:31:48.308;11213057
2;04-03-2025 20:38:44.374;04-03-2025 17:31:48.308;11216066
0;04-03-2025 20:38:45.037;04-03-2025 20:36:08.112;156925
2;04-03-2025 20:38:48.885;04-03-2025 17:31:48.308;11220577
2;04-03-2025 20:38:55.215;04-03-2025 17:31:48.308;11226907
0;04-03-2025 20:38:57.282;04-03-2025 20:36:08.112;169170
0;04-03-2025 20:38:59.159;04-03-2025 20:36:08.112;171047
0;04-03-2025 20:39:05.794;04-03-2025 20:36:08.112;177682
0;04-03-2025 20:39:07.382;04-03-2025 20:36:08.112;179270
0;04-03-2025 20:39:08.283;04-03-2025 20:36:08.112;180171
2;04-03-2025 20:39:09.791;04-03-2025 17:31:48.308;11241483
2;04-03-2025 20:39:13.832;04-03-2025 17:31:48.308;11245524
0;04-03-2025 20:39:14.999;04-03-2025 20:36:08.112;186887
2;04-03-2025 20:39:15.038;04-03-2025 17:31:48.308;11246730
2;04-03-2025 20:39:23.159;04-03-2025 17:31:48.308;11254851
0;04-03-2025 20:39:23.719;04-03-2025 20:36:08.112;195607
0;04-03-2025 20:39:29.153;04-03-2025 20:36:08.112;201041
2;04-03-2025 20:39:30.745;04-03-2025 17:31:48.308;11262437
0;04-03-2025 20:39:31.702;04-03-2025 20:36:08.112;203590
2;04-03-2025 20:39:35.538;04-03-2025 17:31:48.308;11267230
2;04-03-2025 20:39:38.587;04-03-2025 17:31:48.308;11270279
0;04-03-2025 20:39:38.685;04-03-2025 20:36:08.112;210573
2;04-03-2025 20:39:39.065;04-03-2025 17:31:48.308;11270757
2;04-03-2025 20:39:40.815;04-03-2025 17:31:48.308;11272507
0;04-03-2025 20:39:47.030;04-03-2025 20:36:08.112;218918
2;04-03-2025 20:39:49.173;04-03-2025 17:31:48.308;11280865
0;04-03-2025 20:39:49.575;04-03-2025 20:36:08.112;221463
0;04-03-2025 20:39:49.637;04-03-2025 20:36:08.112;221525
2;04-03-2025 20:39:54.687;04-03-2025 17:31:48.308;11286379
0;04-03-2025 20:39:55.196;04-03-2025 20:36:08.112;227084
0;04-03-2025 20:39:56.934;04-03-2025 20:36:08.112;228822
0;04-03-2025 20:40:00.383;04-03-2025 20:36:08.112;232271
0;04-03-2025 20:40:00.516;04-03-2025 20:36:08.112;232404
2;04-03-2025 20:40:04.921;04-03-2025 17:31:48.308;11296613
0;04-03-2025 20:40:06.630;04-03-2025 20:36:08.112;238518
2;04-03-2025 20:40:07.541;04-03-2025 17:31:48.308;11299233
2;04-03-2025 20:40:16.049;04-03-2025 17:31:48.308;11307741
0;04-03-2025 20:40:16.092;04-03-2025 20:36:08.112;247980
2;04-03-2025 20:40:16.533;04-03-2025 17:31:48.308;11308225
2;04-03-2025 20:40:16.891;04-03-2025 17:31:48.308;11308583
0;04-03-2025 20:40:20.236;04-03-2025 20:36:08.112;252124
2;04-03-2025 20:40:20.954;04-03-2025 17:31:48.308;11312646
0;04-03-2025 20:40:21.464;04-03-2025 20:36:08.112;253352
0;04-03-2025 20:40:22.506;04-03-2025 20:36:08.112;254394
2;04-03-2025 20:40:31.468;04-03-2025 17:31:48.308;11323160
2;04-03-2025 20:40:33.355;04-03-2025 17:31:48.308;11325047
0;04-03-2025 20:40:35.001;04-03-2025 20:36:08.112;266889
0;04-03-2025 20:40:35.031;04-03-2025 20:36:08.112;266919
2;04-03-2025 20:40:36.787;04-03-2025 17:31:48.308;11328479
0;04-03-2025 20:40:39.048;04-03-2025 20:36:08.112;270936
2;04-03-2025 20:40:45.833;04-03-2025 17:31:48.308;11337525
0;04-03-2025 20:40:51.383;04-03-2025 20:36:08.112;283271
2;04-03-2025 20:40:52.932;04-03-2025 17:31:48.308;11344624
0;04-03-2025 20:40:55.594;04-03-2025 20:36:08.112;287482
2;04-03-2025 20:40:59.070;04-03-2025 17:31:48.308;11350762
0;04-03-2025 20:40:59.601;04-03-2025 20:36:08.112;291489
0;04-03-2025 20:41:00.725;04-03-2025 20:36:08.112;292613
0;04-03-2025 20:41:02.153;04-03-2025 20:36:08.112;294041
2;04-03-2025 20:41:08.047;04-03-2025 17:31:48.308;11359739
2;04-03-2025 20:41:08.506;04-03-2025 17:31:48.308;11360198
2;04-03-2025 20:41:14.337;04-03-2025 17:31:48.308;11366029
2;04-03-2025 20:41:15.755;04-03-2025 17:31:48.308;11367447
0;04-03-2025 20:41:17.536;04-03-2025 20:36:08.112;309424
0;04-03-2025 20:41:18.150;04-03-2025 20:36:08.112;310038
2;04-03-2025 20:41:19.581;04-03-2025 17:31:48.308;11371273
2;04-03-2025 20:41:24.734;04-03-2025 17:31:48.308;11376426
2;04-03-2025 20:41:25.786;04-03-2025 17:31:48.308;11377478
2;04-03-2025 20:41:28.120;04-03-2025 17:31:48.308;11379812
2;04-03-2025 20:41:29.049;04-03-2025 17:31:48.308;11380741
0;04-03-2025 20:41:29.632;04-03-2025 20:36:08.112;321520
0;04-03-2025 20:41:33.279;04-03-2025 20:36:08.112;325167
0;04-03-2025 20:41:43.469;04-03-2025 20:36:08.112;335357
2;04-03-2025 20:41:44.840;04-03-2025 17:31:48.308;11396532
2;04-03-2025 20:41:46.530;04-03-2025 17:31:48.308;11398222
0;04-03-2025 20:41:48.444;04-03-2025 20:36:08.112;340332
2;04-03-2025 20:41:54.543;04-03-2025 17:31:48.308;11406235
0;04-03-2025 20:41:54.978;04-03-2025 20:36:08.112;346866
2;04-03-2025 20:41:58.572;04-03-2025 17:31:48.308;11410264
0;04-03-2025 20:41:59.205;04-03-2025 20:36:08.112;351093
0;04-03-2025 20:41:59.244;04-03-2025 20:36:08.112;351132
0;04-03-2025 20:42:05.918;04-03-2025 20:36:08.112;357806
2;04-03-2025 20:42:08.465;04-03-2025 17:31:48.308;11420157
2;04-03-2025 20:42:10.346;04-03-2025 17:31:48.308;11422038
0;04-03-2025 20:42:11.379;04-03-2025 20:36:08.112;363267
2;04-03-2025 20:42:14.086;04-03-2025 17:31:48.308;11425778
2;04-03-2025 20:42:15.813;04-03-2025 17:31:48.308;11427505
0;04-03-2025 20:42:19.240;04-03-2025 20:36:08.112;371128
0;04-03-2025 20:42:25.635;04-03-2025 20:36:08.112;377523
0;04-03-2025 20:42:27.143;04-03-2025 20:36:08.112;379031
0;04-03-2025 20:42:27.976;04-03-2025 20:36:08.112;379864
0;04-03-2025 20:42:28.784;04-03-2025 20:36:08.112;380672
2;04-03-2025 20:42:29.304;04-03-2025 17:31:48.308;11440996
2;04-03-2025 20:42:29.679;04-03-2025 17:31:48.308;11441371
0;04-03-2025 20:42:30.567;04-03-2025 20:36:08.112;382455
2;04-03-2025 20:42:33.194;04-03-2025 17:31:48.308;11444886
2;04-03-2025 20:42:34.988;04-03-2025 17:31:48.308;11446680
2;04-03-2025 20:42:36.067;04-03-2025 17:31:48.308;11447759
2;04-03-2025 20:42:37.477;04-03-2025 17:31:48.308;11449169
0;04-03-2025 20:42:46.827;04-03-2025 20:36:08.112;398715
2;04-03-2025 20:42:49.894;04-03-2025 17:31:48.308;11461586
0;04-03-2025 20:42:54.203;04-03-2025 20:36:08.112;406091
0;04-03-2025 20:42:58.432;04-03-2025 20:36:08.112;410320
0;04-03-2025 20:42:59.226;04-03-2025 20:36:08.112;411114
2;04-03-2025 20:43:02.115;04-03-2025 17:31:48.308;11473807
0;04-03-2025 20:43:03.449;04-03-2025 20:36:08.112;415337
0;04-03-2025 20:43:06.940;04-03-2025 20:36:08.112;418828
2;04-03-2025 20:43:12.585;04-03-2025 17:31:48.308;11484277
0;04-03-2025 20:43:14.406;04-03-2025 20:36:08.112;426294
0;04-03-2025 20:43:18.240;04-03-2025 20:36:08.112;430128
2;04-03-2025 20:43:19.637;04-03-2025 17:31:48.308;11491329
0;04-03-2025 20:43:19.886;04-03-2025 20:36:08.112;431774
2;04-03-2025 20:43:21.388;04-03-2025 17:31:48.308;11493080
0;04-03-2025 20:43:22.273;04-03-2025 20:36:08.112;434161
2;04-03-2025 20:43:23.376;04-03-2025 17:31:48.308;11495068
2;04-03-2025 20:43:25.704;04-03-2025 17:31:48.308;11497396
2;04-03-2025 20:43:27.270;04-03-2025 17:31:48.308;11498962
0;04-03-2025 20:43:30.163;04-03-2025 20:36:08.112;442051
2;04-03-2025 20:43:30.788;04-03-2025 17:31:48.308;11502480
0;04-03-2025 20:43:38.027;04-03-2025 20:36:08.112;449915
0;04-03-2025 20:43:41.015;04-03-2025 20:36:08.112;452903
2;04-03-2025 20:43:41.453;04-03-2025 17:31:48.308;11513145
0;04-03-2025 20:43:43.872;04-03-2025 20:36:08.112;455760
2;04-03-2025 20:43:46.658;04-03-2025 17:31:48.308;11518350
2;04-03-2025 20:43:47.270;04-03-2025 17:31:48.308;11518962
0;04-03-2025 20:43:54.996;04-03-2025 20:36:08.112;466884
2;04-03-2025 20:44:05.294;04-03-2025 17:31:48.308;11536986
2;04-03-2025 20:44:05.316;04-03-2025 17:31:48.308;11537008
0;04-03-2025 20:44:05.371;04-03-2025 20:36:08.112;477259
0;04-03-2025 20:44:07.898;04-03-2025 20:36:08.112;479786
2;04-03-2025 20:44:08.811;04-03-2025 17:31:48.308;11540503
0;04-03-2025 20:44:14.173;04-03-2025 20:36:08.112;486061
2;04-03-2025 20:44:14.421;04-03-2025 17:31:48.308;11546113
2;04-03-2025 20:44:14.887;04-03-2025 17:31:48.308;11546579
2;04-03-2025 20:44:16.586;04-03-2025 17:31:48.308;11548278
0;04-03-2025 20:44:19.780;04-03-2025 20:36:08.112;491668
0;04-03-2025 20:44:22.885;04-03-2025 20:36:08.112;494773
0;04-03-2025 20:44:25.006;04-03-2025 20:36:08.112;496894
2;04-03-2025 20:44:25.453;04-03-2025 17:31:48.308;11557145
0;04-03-2025 20:44:27.809;04-03-2025 20:36:08.112;499697
2;04-03-2025 20:44:30.528;04-03-2025 17:31:48.308;11562220
0;04-03-2025 20:44:31.516;04-03-2025 20:36:08.112;503404
0;04-03-2025 20:44:31.527;04-03-2025 20:36:08.112;503415
0;04-03-2025 20:44:31.891;04-03-2025 20:36:08.112;503779
2;04-03-2025 20:44:38.111;04-03-2025 17:31:48.308;11569803
0;04-03-2025 20:44:43.123;04-03-2025 20:36:08.112;515011
2;04-03-2025 20:44:44.259;04-03-2025 17:31:48.308;11575951
2;04-03-2025 20:44:47.106;04-03-2025 17:31:48.308;11578798
2;04-03-2025 20:44:47.139;04-03-2025 17:31:48.308;11578831
2;04-03-2025 20:44:47.449;04-03-2025 17:31:48.308;11579141
0;04-03-2025 20:44:49.032;04-03-2025 20:36:08.112;520920
2;04-03-2025 20:44:50.103;04-03-2025 17:31:48.308;11581795
2;04-03-2025 20:44:50.657;04-03-2025 17:31:48.308;11582349
0;04-03-2025 20:44:53.913;04-03-2025 20:36:08.112;525801
2;04-03-2025 20:44:58.004;04-03-2025 17:31:48.308;11589696
0;04-03-2025 20:45:01.932;04-03-2025 20:36:08.112;533820
2;04-03-2025 20:45:09.871;04-03-2025 17:31:48.308;11601563
0;04-03-2025 20:45:10.170;04-03-2025 20:36:08.112;542058
2;04-03-2025 20:45:13.813;04-03-2025 17:31:48.308;11605505
0;04-03-2025 20:45:15.459;04-03-2025 20:36:08.112;547347
0;04-03-2025 20:45:16.511;04-03-2025 20:36:08.112;548399
2;04-03-2025 20:45:20.259;04-03-2025 17:31:48.308;11611951
0;04-03-2025 20:45:24.937;04-03-2025 20:36:08.112;556825
2;04-03-2025 20:45:25.536;04-03-2025 17:31:48.308;11617228
0;04-03-2025 20:45:27.343;04-03-2025 20:36:08.112;559231
0;04-03-2025 20:45:32.809;04-03-2025 20:36:08.112;564697
0;04-03-2025 20:45:33.621;04-03-2025 20:36:08.112;565509
2;04-03-2025 20:45:37.305;04-03-2025 17:31:48.308;11628997
2;04-03-2025 20:45:41.981;04-03-2025 17:31:48.308;11633673
0;04-03-2025 20:45:47.313;04-03-2025 20:36:08.112;579201
0;04-03-2025 20:45:48.284;04-03-2025 20:36:08.112;580172
0;04-03-2025 20:45:49.484;04-03-2025 20:36:08.112;581372
0;04-03-2025 20:45:51.530;04-03-2025 20:36:08.112;583418
2;04-03-2025 20:45:53.526;04-03-2025 17:31:48.308;11645218
2;04-03-2025 20:45:53.648;04-03-2025 17:31:48.308;11645340
2;04-03-2025 20:45:56.299;04-03-2025 17:31:48.308;11647991
2;04-03-2025 20:45:58.598;04-03-2025 17:31:48.308;11650290
2;04-03-2025 20:46:00.990;04-03-2025 17:31:48.308;11652682
0;04-03-2025 20:46:03.210;04-03-2025 20:36:08.112;595098
0;04-03-2025 20:46:04.700;04-03-2025 20:36:08.112;596588
2;04-03-2025 20:46:07.716;04-03-2025 17:31:48.308;11659408
0;04-03-2025 20:46:08.210;04-03-2025 20:36:08.112;600098
0;04-03-2025 20:46:08.467;04-03-2025 20:36:08.112;600355
2;04-03-2025 20:46:15.849;04-03-2025 17:31:48.308;11667541
0;04-03-2025 20:46:20.740;04-03-2025 20:36:08.112;612628
2;04-03-2025 20:46:22.176;04-03-2025 17:31:48.308;11673868
2;04-03-2025 20:46:23.255;04-03-2025 17:31:48.308;11674947
2;04-03-2025 20:46:26.233;04-03-2025 17:31:48.308;11677925
0;04-03-2025 20:46:29.918;04-03-2025 20:36:08.112;621806
2;04-03-2025 20:46:34.831;04-03-2025 17:31:48.308;11686523
2;04-03-2025 20:46:38.221;04-03-2025 17:31:48.308;11689913
0;04-03-2025 20:46:38.765;04-03-2025 20:36:08.112;630653
0;04-03-2025 20:46:40.741;04-03-2025 20:36:08.112;632629
0;04-03-2025 20:46:44.638;04-03-2025 20:36:08.112;636526
2;04-03-2025 20:46:46.817;04-03-2025 17:31:48.308;11698509
0;04-03-2025 20:46:50.289;04-03-2025 20:36:08.112;642177
2;04-03-2025 20:46:52.538;04-03-2025 17:31:48.308;11704230
0;04-03-2025 20:46:56.405;04-03-2025 20:36:08.112;648293
2;04-03-2025 20:46:57.029;04-03-2025 17:31:48.308;11708721
0;04-03-2025 20:47:00.494;04-03-2025 20:36:08.112;652382
2;04-03-2025 20:47:02.431;04-03-2025 17:31:48.308;11714123
0;04-03-2025 20:47:02.681;04-03-2025 20:36:08.112;654569
0;04-03-2025 20:47:03.603;04-03-2025 20:36:08.112;655491
2;04-03-2025 20:47:09.411;04-03-2025 17:31:48.308;11721103
2;04-03-2025 20:47:13.468;04-03-2025 17:31:48.308;11725160
0;04-03-2025 20:47:13.744;04-03-2025 20:36:08.112;665632
0;04-03-2025 20:47:13.902;04-03-2025 20:36:08.112;665790
2;04-03-2025 20:47:13.943;04-03-2025 17:31:48.308;11725635
2;04-03-2025 20:47:15.701;04-03-2025 17:31:48.308;11727393
0;04-03-2025 20:47:19.287;04-03-2025 20:36:08.112;671175
2;04-03-2025 20:47:24.339;04-03-2025 17:31:48.308;11736031
0;04-03-2025 20:47:24.850;04-03-2025 20:36:08.112;676738
2;04-03-2025 20:47:30.334;04-03-2025 17:31:48.308;11742026
0;04-03-2025 20:47:32.182;04-03-2025 20:36:08.112;684070
2;04-03-2025 20:47:34.156;04-03-2025 17:31:48.308;11745848
0;04-03-2025 20:47:37.821;04-03-2025 20:36:08.112;689709
2;04-03-2025 20:47:38.392;04-03-2025 17:31:48.308;11750084
0;04-03-2025 20:47:41.936;04-03-2025 20:36:08.112;693824
0;04-03-2025 20:47:43.149;04-03-2025 20:36:08.112;695037
2;04-03-2025 20:47:43.988;04-03-2025 17:31:48.308;11755680
2;04-03-2025 20:47:47.833;04-03-2025 17:31:48.308;11759525
0;04-03-2025 20:47:57.207;04-03-2025 20:36:08.112;709095
0;04-03-2025 20:47:57.571;04-03-2025 20:36:08.112;709459
0;04-03-2025 20:47:59.719;04-03-2025 20:36:08.112;711607
0;04-03-2025 20:48:04.075;04-03-2025 20:36:08.112;715963
2;04-03-2025 20:48:04.195;04-03-2025 17:31:48.308;11775887
2;04-03-2025 20:48:05.148;04-03-2025 17:31:48.308;11776840
2;04-03-2025 20:48:05.991;04-03-2025 17:31:48.308;11777683
2;04-03-2025 20:48:07.831;04-03-2025 17:31:48.308;11779523
0;04-03-2025 20:48:08.624;04-03-2025 20:36:08.112;720512
0;04-03-2025 20:48:13.391;04-03-2025 20:36:08.112;725279
2;04-03-2025 20:48:15.614;04-03-2025 17:31:48.308;11787306
0;04-03-2025 20:48:21.848;04-03-2025 20:36:08.112;733736
0;04-03-2025 20:48:21.884;04-03-2025 20:36:08.112;733772
2;04-03-2025 20:48:25.234;04-03-2025 17:31:48.308;11796926
2;04-03-2025 20:48:27.220;04-03-2025 17:31:48.308;11798912
0;04-03-2025 20:48:30.806;04-03-2025 20:36:08.112;742694
2;04-03-2025 20:48:33.540;04-03-2025 17:31:48.308;11805232
2;04-03-2025 20:48:33.713;04-03-2025 17:31:48.308;11805405
0;04-03-2025 20:48:39.989;04-03-2025 20:36:08.112;751877
2;04-03-2025 20:48:43.264;04-03-2025 17:31:48.308;11814956
2;04-03-2025 20:48:45.157;04-03-2025 17:31:48.308;11816849
0;04-03-2025 20:48:45.820;04-03-2025 20:36:08.112;757708
2;04-03-2025 20:48:46.303;04-03-2025 17:31:48.308;11817995
0;04-03-2025 20:48:46.772;04-03-2025 20:36:08.112;758660
0;04-03-2025 20:48:47.198;04-03-2025 20:36:08.112;759086
2;04-03-2025 20:48:48.986;04-03-2025 17:31:48.308;11820678
0;04-03-2025 20:48:51.166;04-03-2025 20:36:08.112;763054
0;04-03-2025 20:48:59.634;04-03-2025 20:36:08.112;771522
0;04-03-2025 20:49:00.287;04-03-2025 20:36:08.112;772175
2;04-03-2025 20:49:00.719;04-03-2025 17:31:48.308;11832411
0;04-03-2025 20:49:01.541;04-03-2025 20:36:08.112;773429
2;04-03-2025 20:49:08.978;04-03-2025 17:31:48.308;11840670
2;04-03-2025 20:49:09.434;04-03-2025 17:31:48.308;11841126
0;04-03-2025 20:49:15.411;04-03-2025 20:36:08.112;787299
0;04-03-2025 20:49:18.833;04-03-2025 20:36:08.112;790721
0;04-03-2025 20:49:19.470;04-03-2025 20:36:08.112;791358
2;04-03-2025 20:49:19.559;04-03-2025 17:31:48.308;11851251
2;04-03-2025 20:49:20.693;04-03-2025 17:31:48.308;11852385
2;04-03-2025 20:49:26.033;04-03-2025 17:31:48.308;11857725
2;04-03-2025 20:49:26.416;04-03-2025 17:31:48.308;11858108
0;04-03-2025 20:49:27.122;04-03-2025 20:36:08.112;799010
0;04-03-2025 20:49:31.985;04-03-2025 20:36:08.112;803873
2;04-03-2025 20:49:33.879;04-03-2025 17:31:48.308;11865571
0;04-03-2025 20:49:35.532;04-03-2025 20:36:08.112;807420
0;04-03-2025 20:49:37.503;04-03-2025 20:36:08.112;809391
2;04-03-2025 20:49:41.210;04-03-2025 17:31:48.308;11872902
2;04-03-2025 20:49:46.996;04-03-2025 17:31:48.308;11878688
2;04-03-2025 20:49:47.287;04-03-2025 17:31:48.308;11878979
0;04-03-2025 20:49:51.894;04-03-2025 20:36:08.112;823782
2;04-03-2025 20:49:53.969;04-03-2025 17:31:48.308;11885661
0;04-03-2025 20:49:55.462;04-03-2025 20:36:08.112;827350
2;04-03-2025 20:50:00.792;04-03-2025 17:31:48.308;11892484
2;04-03-2025 20:50:01.634;04-03-2025 17:31:48.308;11893326
0;04-03-2025 20:50:04.380;04-03-2025 20:36:08.112;836268
2;04-03-2025 20:50:06.666;04-03-2025 17:31:48.308;11898358
0;04-03-2025 20:50:07.937;04-03-2025 20:36:08.112;839825
2;04-03-2025 20:50:10.154;04-03-2025 17:31:48.308;11901846
0;04-03-2025 20:50:14.344;04-03-2025 20:36:08.112;846232
0;04-03-2025 20:50:15.624;04-03-2025 20:36:08.112;847512
2;04-03-2025 20:50:15.702;04-03-2025 17:31:48.308;11907394
2;04-03-2025 20:50:19.776;04-03-2025 17:31:48.308;11911468
2;04-03-2025 20:50:21.789;04-03-2025 17:31:48.308;11913481
0;04-03-2025 20:50:25.432;04-03-2025 20:36:08.112;857320
0;04-03-2025 20:50:26.477;04-03-2025 20:36:08.112;858365
2;04-03-2025 20:50:27.076;04-03-2025 17:31:48.308;11918768
0;04-03-2025 20:50:29.557;04-03-2025 20:36:08.112;861445
2;04-03-2025 20:50:31.121;04-03-2025 17:31:48.308;11922813
0;04-03-2025 20:50:38.801;04-03-2025 20:36:08.112;870689
2;04-03-2025 20:50:40.708;04-03-2025 17:31:48.308;11932400
0;04-03-2025 20:50:41.238;04-03-2025 20:36:08.112;873126
0;04-03-2025 20:50:45.235;04-03-2025 20:36:08.112;877123
0;04-03-2025 20:50:45.388;04-03-2025 20:36:08.112;877276
2;04-03-2025 20:50:51.498;04-03-2025 17:31:48.308;11943190
2;04-03-2025 20:50:58.810;04-03-2025 17:31:48.308;11950502
0;04-03-2025 20:51:00.918;04-03-2025 20:36:08.112;892806
0;04-03-2025 20:51:02.080;04-03-2025 20:36:08.112;893968
0;04-03-2025 20:51:03.686;04-03-2025 20:36:08.112;895574
2;04-03-2025 20:51:04.990;04-03-2025 17:31:48.308;11956682
0;04-03-2025 20:51:05.401;04-03-2025 20:36:08.112;897289
2;04-03-2025 20:51:06.776;04-03-2025 17:31:48.308;11958468
2;04-03-2025 20:51:08.453;04-03-2025 17:31:48.308;11960145
0;04-03-2025 20:51:12.895;04-03-2025 20:36:08.112;904783
2;04-03-2025 20:51:18.559;04-03-2025 17:31:48.308;11970251
0;04-03-2025 20:51:23.194;04-03-2025 20:36:08.112;915082
2;04-03-2025 20:51:29.023;04-03-2025 17:31:48.308;11980715
0;04-03-2025 20:51:29.071;04-03-2025 20:36:08.112;920959
2;04-03-2025 20:51:31.822;04-03-2025 17:31:48.308;11983514
0;04-03-2025 20:51:35.857;04-03-2025 20:36:08.112;927745
2;04-03-2025 20:51:38.004;04-03-2025 17:31:48.308;11989696
2;04-03-2025 20:51:40.201;04-03-2025 17:31:48.308;11991893
2;04-03-2025 20:51:40.448;04-03-2025 17:31:48.308;11992140
0;04-03-2025 20:51:42.362;04-03-2025 20:36:08.112;934250
0;04-03-2025 20:51:44.603;04-03-2025 20:36:08.112;936491
0;04-03-2025 20:51:45.257;04-03-2025 20:36:08.112;937145
2;04-03-2025 20:51:48.277;04-03-2025 17:31:48.308;11999969
0;04-03-2025 20:51:53.030;04-03-2025 20:36:08.112;944918
2;04-03-2025 20:51:54.407;04-03-2025 17:31:48.308;12006099
0;04-03-2025 20:51:55.722;04-03-2025 20:36:08.112;947610
2;04-03-2025 20:51:56.056;04-03-2025 17:31:48.308;12007748
2;04-03-2025 20:51:56.877;04-03-2025 17:31:48.308;12008569
0;04-03-2025 20:51:57.042;04-03-2025 20:36:08.112;948930
2;04-03-2025 20:51:58.172;04-03-2025 17:31:48.308;12009864
2;04-03-2025 20:52:00.723;04-03-2025 17:31:48.308;12012415
0;04-03-2025 20:52:02.627;04-03-2025 20:36:08.112;954515
0;04-03-2025 20:52:04.969;04-03-2025 20:36:08.112;956857
2;04-03-2025 20:52:10.684;04-03-2025 17:31:48.308;12022376
0;04-03-2025 20:52:13.815;04-03-2025 20:36:08.112;965703
0;04-03-2025 20:52:20.501;04-03-2025 20:36:08.112;972389
2;04-03-2025 20:52:21.718;04-03-2025 17:31:48.308;12033410
0;04-03-2025 20:52:29.491;04-03-2025 20:36:08.112;981379
0;04-03-2025 20:52:32.873;04-03-2025 20:36:08.112;984761
2;04-03-2025 20:52:33.411;04-03-2025 17:31:48.308;12045103
0;04-03-2025 20:52:33.928;04-03-2025 20:36:08.112;985816
2;04-03-2025 20:52:36.870;04-03-2025 17:31:48.308;12048562
2;04-03-2025 20:52:39.328;04-03-2025 17:31:48.308;12051020
0;04-03-2025 20:52:40.250;04-03-2025 20:36:08.112;992138
2;04-03-2025 20:52:44.633;04-03-2025 17:31:48.308;12056325
2;04-03-2025 20:52:46.173;04-03-2025 17:31:48.308;12057865
0;04-03-2025 20:52:47.694;04-03-2025 20:36:08.112;999582
0;04-03-2025 20:52:50.972;04-03-2025 20:36:08.112;1002860
2;04-03-2025 20:52:53.207;04-03-2025 17:31:48.308;12064899
0;04-03-2025 20:52:53.609;04-03-2025 20:36:08.112;1005497
2;04-03-2025 20:52:57.738;04-03-2025 17:31:48.308;12069430
0;04-03-2025 20:52:59.177;04-03-2025 20:36:08.112;1011065
2;04-03-2025 20:53:03.355;04-03-2025 17:31:48.308;12075047
2;04-03-2025 20:53:08.899;04-03-2025 17:31:48.308;12080591
2;04-03-2025 20:53:09.173;04-03-2025 17:31:48.308;12080865
0;04-03-2025 20:53:10.423;04-03-2025 20:36:08.112;1022311
2;04-03-2025 20:53:14.180;04-03-2025 17:31:48.308;12085872
0;04-03-2025 20:53:18.382;04-03-2025 20:36:08.112;1030270
0;04-03-2025 20:53:18.881;04-03-2025 20:36:08.112;1030769
2;04-03-2025 20:53:20.104;04-03-2025 17:31:48.308;12091796
2;04-03-2025 20:53:22.097;04-03-2025 17:31:48.308;12093789
0;04-03-2025 20:53:23.478;04-03-2025 20:36:08.112;1035366
2;04-03-2025 20:53:27.050;04-03-2025 17:31:48.308;12098742
0;04-03-2025 20:53:28.913;04-03-2025 20:36:08.112;1040801
2;04-03-2025 20:53:29.403;04-03-2025 17:31:48.308;12101095
0;04-03-2025 20:53:34.021;04-03-2025 20:36:08.112;1045909
0;04-03-2025 20:53:34.832;04-03-2025 20:36:08.112;1046720
0;04-03-2025 20:53:36.259;04-03-2025 20:36:08.112;1048147
2;04-03-2025 20:53:37.608;04-03-2025 17:31:48.308;12109300
2;04-03-2025 20:53:39.064;04-03-2025 17:31:48.308;12110756
0;04-03-2025 20:53:39.536;04-03-2025 20:36:08.112;1051424
2;04-03-2025 20:53:44.075;04-03-2025 17:31:48.308;12115767
0;04-03-2025 20:53:44.230;04-03-2025 20:36:08.112;1056118
2;04-03-2025 20:53:44.782;04-03-2025 17:31:48.308;12116474
0;04-03-2025 20:53:52.133;04-03-2025 20:36:08.112;1064021
0;04-03-2025 20:53:59.367;04-03-2025 20:36:08.112;1071255
2;04-03-2025 20:54:06.818;04-03-2025 17:31:48.308;12138510
2;04-03-2025 20:54:07.180;04-03-2025 17:31:48.308;12138872
2;04-03-2025 20:54:08.288;04-03-2025 17:31:48.308;12139980
0;04-03-2025 20:54:09.209;04-03-2025 20:36:08.112;1081097
0;04-03-2025 20:54:10.967;04-03-2025 20:36:08.112;1082855
0;04-03-2025 20:54:12.752;04-03-2025 20:36:08.112;1084640
0;04-03-2025 20:54:15.853;04-03-2025 20:36:08.112;1087741
2;04-03-2025 20:54:19.257;04-03-2025 17:31:48.308;12150949
0;04-03-2025 20:54:19.523;04-03-2025 20:36:08.112;1091411
0;04-03-2025 20:54:20.168;04-03-2025 20:36:08.112;1092056
2;04-03-2025 20:54:21.005;04-03-2025 17:31:48.308;12152697
2;04-03-2025 20:54:27.725;04-03-2025 17:31:48.308;12159417
2;04-03-2025 20:54:30.381;04-03-2025 17:31:48.308;12162073
0;04-03-2025 20:54:34.113;04-03-2025 20:36:08.112;1106001
2;04-03-2025 20:54:34.970;04-03-2025 17:31:48.308;12166662
2;04-03-2025 20:54:43.663;04-03-2025 17:31:48.308;12175355
0;04-03-2025 20:54:45.104;04-03-2025 20:36:08.112;1116992
0;04-03-2025 20:54:46.298;04-03-2025 20:36:08.112;1118186
0;04-03-2025 20:54:52.744;04-03-2025 20:36:08.112;1124632
2;04-03-2025 20:54:53.416;04-03-2025 17:31:48.308;12185108
2;04-03-2025 20:54:55.594;04-03-2025 17:31:48.308;12187286
0;04-03-2025 20:54:59.272;04-03-2025 20:36:08.112;1131160
2;04-03-2025 20:54:59.489;04-03-2025 17:31:48.308;12191181
2;04-03-2025 20:55:00.438;04-03-2025 17:31:48.308;12192130
2;04-03-2025 20:55:03.906;04-03-2025 17:31:48.308;12195598
0;04-03-2025 20:55:04.687;04-03-2025 20:36:08.112;1136575
0;04-03-2025 20:55:08.691;04-03-2025 20:36:08.112;1140579
2;04-03-2025 20:55:10.451;04-03-2025 17:31:48.308;12202143
2;04-03-2025 20:55:11.355;04-03-2025 17:31:48.308;12203047
0;04-03-2025 20:55:12.303;04-03-2025 20:36:08.112;1144191
0;04-03-2025 20:55:15.000;04-03-2025 20:36:08.112;1146888
0;04-03-2025 20:55:15.311;04-03-2025 20:36:08.112;1147199
2;04-03-2025 20:55:18.574;04-03-2025 17:31:48.308;12210266
0;04-03-2025 20:55:22.820;04-03-2025 20:36:08.112;1154708
2;04-03-2025 20:55:26.110;04-03-2025 17:31:48.308;12217802
0;04-03-2025 20:55:29.886;04-03-2025 20:36:08.112;1161774
2;04-03-2025 20:55:30.292;04-03-2025 17:31:48.308;12221984
2;04-03-2025 20:55:30.968;04-03-2025 17:31:48.308;12222660
0;04-03-2025 20:55:41.132;04-03-2025 20:36:08.112;1173020
0;04-03-2025 20:55:42.485;04-03-2025 20:36:08.112;1174373
0;04-03-2025 20:55:45.712;04-03-2025 20:36:08.112;1177600
2;04-03-2025 20:55:47.322;04-03-2025 17:31:48.308;12239014
2;04-03-2025 20:55:48.475;04-03-2025 17:31:48.308;12240167
0;04-03-2025 20:55:48.549;04-03-2025 20:36:08.112;1180437
0;04-03-2025 20:55:48.909;04-03-2025 20:36:08.112;1180797
2;04-03-2025 20:55:54.815;04-03-2025 17:31:48.308;12246507
2;04-03-2025 20:55:55.775;04-03-2025 17:31:48.308;12247467
0;04-03-2025 20:56:01.711;04-03-2025 20:36:08.112;1193599
2;04-03-2025 20:56:08.076;04-03-2025 17:31:48.308;12259768
0;04-03-2025 20:56:10.467;04-03-2025 20:36:08.112;1202355
2;04-03-2025 20:56:10.851;04-03-2025 17:31:48.308;12262543
2;04-03-2025 20:56:11.948;04-03-2025 17:31:48.308;12263640
2;04-03-2025 20:56:14.487;04-03-2025 17:31:48.308;12266179
0;04-03-2025 20:56:18.167;04-03-2025 20:36:08.112;1210055
2;04-03-2025 20:56:18.562;04-03-2025 17:31:48.308;12270254
2;04-03-2025 20:56:18.581;04-03-2025 17:31:48.308;12270273
0;04-03-2025 20:56:20.856;04-03-2025 20:36:08.112;1212744
0;04-03-2025 20:56:23.186;04-03-2025 20:36:08.112;1215074
0;04-03-2025 20:56:24.432;04-03-2025 20:36:08.112;1216320
0;04-03-2025 20:56:30.483;04-03-2025 20:36:08.112;1222371
2;04-03-2025 20:56:30.998;04-03-2025 17:31:48.308;12282690
2;04-03-2025 20:56:33.359;04-03-2025 17:31:48.308;12285051
0;04-03-2025 20:56:35.553;04-03-2025 20:36:08.112;1227441
2;04-03-2025 20:56:40.153;04-03-2025 17:31:48.308;12291845
2;04-03-2025 20:56:42.303;04-03-2025 17:31:48.308;12293995
0;04-03-2025 20:56:42.496;04-03-2025 20:36:08.112;1234384
0;04-03-2025 20:56:44.053;04-03-2025 20:36:08.112;1235941
2;04-03-2025 20:56:45.550;04-03-2025 17:31:48.308;12297242
0;04-03-2025 20:56:54.445;04-03-2025 20:36:08.112;1246333
2;04-03-2025 20:56:55.257;04-03-2025 17:31:48.308;12306949
0;04-03-2025 20:56:56.597;04-03-2025 20:36:08.112;1248485
0;04-03-2025 20:56:58.164;04-03-2025 20:36:08.112;1250052
2;04-03-2025 20:57:01.128;04-03-2025 17:31:48.308;12312820
0;04-03-2025 20:57:03.432;04-03-2025 20:36:08.112;1255320
0;04-03-2025 20:57:06.459;04-03-2025 20:36:08.112;1258347
2;04-03-2025 20:57:11.958;04-03-2025 17:31:48.308;12323650
0;04-03-2025 20:57:13.329;04-03-2025 20:36:08.112;1265217
2;04-03-2025 20:57:13.845;04-03-2025 17:31:48.308;12325537
2;04-03-2025 20:57:14.861;04-03-2025 17:31:48.308;12326553
2;04-03-2025 20:57:16.813;04-03-2025 17:31:48.308;12328505
2;04-03-2025 20:57:17.624;04-03-2025 17:31:48.308;12329316
0;04-03-2025 20:57:18.801;04-03-2025 20:36:08.112;1270689
0;04-03-2025 20:57:24.181;04-03-2025 20:36:08.112;1276069
2;04-03-2025 20:57:25.430;04-03-2025 17:31:48.308;12337122
2;04-03-2025 20:57:27.294;04-03-2025 17:31:48.308;12338986
0;04-03-2025 20:57:29.280;04-03-2025 20:36:08.112;1281168
2;04-03-2025 20:57:30.604;04-03-2025 17:31:48.308;12342296
0;04-03-2025 20:57:30.891;04-03-2025 20:36:08.112;1282779
0;04-03-2025 20:57:38.094;04-03-2025 20:36:08.112;1289982
0;04-03-2025 20:57:40.033;04-03-2025 20:36:08.112;1291921
0;04-03-2025 20:57:42.421;04-03-2025 20:36:08.112;1294309
2;04-03-2025 20:57:47.889;04-03-2025 17:31:48.308;12359581
2;04-03-2025 20:57:53.566;04-03-2025 17:31:48.308;12365258
0;04-03-2025 20:57:56.210;04-03-2025 20:36:08.112;1308098
0;04-03-2025 20:57:59.466;04-03-2025 20:36:08.112;1311354
2;04-03-2025 20:57:59.480;04-03-2025 17:31:48.308;12371172
2;04-03-2025 20:57:59.992;04-03-2025 17:31:48.308;12371684
0;04-03-2025 20:58:01.233;04-03-2025 20:36:08.112;1313121
0;04-03-2025 20:58:04.658;04-03-2025 20:36:08.112;1316546
2;04-03-2025 20:58:08.368;04-03-2025 17:31:48.308;12380060
2;04-03-2025 20:58:10.409;04-03-2025 17:31:48.308;12382101
0;04-03-2025 20:58:11.698;04-03-2025 20:36:08.112;1323586
0;04-03-2025 20:58:13.280;04-03-2025 20:36:08.112;1325168
2;04-03-2025 20:58:13.570;04-03-2025 17:31:48.308;12385262
2;04-03-2025 20:58:15.788;04-03-2025 17:31:48.308;12387480
2;04-03-2025 20:58:17.208;04-03-2025 17:31:48.308;12388900
2;04-03-2025 20:58:21.944;04-03-2025 17:31:48.308;12393636
0;04-03-2025 20:58:24.865;04-03-2025 20:36:08.112;1336753
2;04-03-2025 20:58:26.205;04-03-2025 17:31:48.308;12397897
0;04-03-2025 20:58:27.514;04-03-2025 20:36:08.112;1339402
0;04-03-2025 20:58:33.908;04-03-2025 20:36:08.112;1345796
0;04-03-2025 20:58:34.730;04-03-2025 20:36:08.112;1346618
0;04-03-2025 20:58:34.968;04-03-2025 20:36:08.112;1346856
2;04-03-2025 20:58:36.454;04-03-2025 17:31:48.308;12408146
2;04-03-2025 20:58:37.592;04-03-2025 17:31:48.308;12409284
2;04-03-2025 20:58:47.499;04-03-2025 17:31:48.308;12419191
0;04-03-2025 20:58:50.781;04-03-2025 20:36:08.112;1362669
2;04-03-2025 20:58:57.933;04-03-2025 17:31:48.308;12429625
0;04-03-2025 20:58:59.847;04-03-2025 20:36:08.112;1371735
2;04-03-2025 20:59:03.422;04-03-2025 17:31:48.308;12435114
0;04-03-2025 20:59:04.255;04-03-2025 20:36:08.112;1376143
0;04-03-2025 20:59:05.391;04-03-2025 20:36:08.112;1377279
2;04-03-2025 20:59:06.053;04-03-2025 17:31:48.308;12437745
2;04-03-2025 20:59:12.859;04-03-2025 17:31:48.308;12444551
2;04-03-2025 20:59:15.160;04-03-2025 17:31:48.308;12446852
2;04-03-2025 20:59:15.709;04-03-2025 17:31:48.308;12447401
2;04-03-2025 20:59:19.790;04-03-2025 17:31:48.308;12451482
0;04-03-2025 20:59:20.868;04-03-2025 20:36:08.112;1392756
0;04-03-2025 20:59:24.595;04-03-2025 20:36:08.112;1396483
0;04-03-2025 20:59:28.625;04-03-2025 20:36:08.112;1400513
2;04-03-2025 20:59:31.610;04-03-2025 17:31:48.308;12463302
0;04-03-2025 20:59:31.958;04-03-2025 20:36:08.112;1403846
0;04-03-2025 20:59:33.031;04-03-2025 20:36:08.112;1404919
0;04-03-2025 20:59:35.428;04-03-2025 20:36:08.112;1407316
2;04-03-2025 20:59:36.087;04-03-2025 17:31:48.308;12467779
2;04-03-2025 20:59:36.956;04-03-2025 17:31:48.308;12468648
2;04-03-2025 20:59:39.199;04-03-2025 17:31:48.308;12470891
0;04-03-2025 20:59:39.426;04-03-2025 20:36:08.112;1411314
0;04-03-2025 20:59:43.150;04-03-2025 20:36:08.112;1415038
0;04-03-2025 20:59:47.129;04-03-2025 20:36:08.112;1419017
2;04-03-2025 20:59:51.393;04-03-2025 17:31:48.308;12483085
2;04-03-2025 20:59:53.566;04-03-2025 17:31:48.308;12485258
0;04-03-2025 20:59:57.539;04-03-2025 20:36:08.112;1429427
0;04-03-2025 21:00:00.159;04-03-2025 20:36:08.112;1432047
0;04-03-2025 21:00:04.373;04-03-2025 20:36:08.112;1436261
0;04-03-2025 21:00:05.619;04-03-2025 20:36:08.112;1437507
2;04-03-2025 21:00:07.572;04-03-2025 17:31:48.308;12499264
2;04-03-2025 21:00:09.150;04-03-2025 17:31:48.308;12500842
2;04-03-2025 21:00:09.736;04-03-2025 17:31:48.308;12501428
0;04-03-2025 21:00:13.309;04-03-2025 20:36:08.112;1445197
0;04-03-2025 21:00:19.999;04-03-2025 20:36:08.112;1451887
2;04-03-2025 21:00:20.170;04-03-2025 17:31:48.308;12511862
2;04-03-2025 21:00:26.158;04-03-2025 17:31:48.308;12517850
0;04-03-2025 21:00:28.074;04-03-2025 20:36:08.112;1459962
0;04-03-2025 21:00:28.952;04-03-2025 20:36:08.112;1460840
2;04-03-2025 21:00:29.273;04-03-2025 17:31:48.308;12520965
2;04-03-2025 21:00:31.803;04-03-2025 17:31:48.308;12523495
2;04-03-2025 21:00:35.373;04-03-2025 17:31:48.308;12527065
0;04-03-2025 21:00:37.998;04-03-2025 20:36:08.112;1469886
2;04-03-2025 21:00:39.790;04-03-2025 17:31:48.308;12531482
0;04-03-2025 21:00:40.232;04-03-2025 20:36:08.112;1472120
2;04-03-2025 21:00:41.925;04-03-2025 17:31:48.308;12533617
0;04-03-2025 21:00:43.221;04-03-2025 20:36:08.112;1475109
0;04-03-2025 21:00:45.089;04-03-2025 20:36:08.112;1476977
0;04-03-2025 21:00:49.057;04-03-2025 20:36:08.112;1480945
2;04-03-2025 21:00:50.561;04-03-2025 17:31:48.308;12542253
2;04-03-2025 21:00:52.627;04-03-2025 17:31:48.308;12544319
2;04-03-2025 21:01:01.557;04-03-2025 17:31:48.308;12553249
0;04-03-2025 21:01:02.979;04-03-2025 20:36:08.112;1494867
2;04-03-2025 21:01:04.528;04-03-2025 17:31:48.308;12556220
0;04-03-2025 21:01:05.981;04-03-2025 20:36:08.112;1497869
2;04-03-2025 21:01:07.587;04-03-2025 17:31:48.308;12559279
2;04-03-2025 21:01:09.143;04-03-2025 17:31:48.308;12560835
0;04-03-2025 21:01:09.684;04-03-2025 20:36:08.112;1501572
0;04-03-2025 21:01:13.679;04-03-2025 20:36:08.112;1505567
0;04-03-2025 21:01:20.419;04-03-2025 20:36:08.112;1512307
2;04-03-2025 21:01:26.251;04-03-2025 17:31:48.308;12577943
0;04-03-2025 21:01:29.134;04-03-2025 20:36:08.112;1521022
2;04-03-2025 21:01:29.475;04-03-2025 17:31:48.308;12581167
0;04-03-2025 21:01:29.875;04-03-2025 20:36:08.112;1521763
2;04-03-2025 21:01:31.606;04-03-2025 17:31:48.308;12583298
0;04-03-2025 21:01:36.203;04-03-2025 20:36:08.112;1528091
2;04-03-2025 21:01:39.935;04-03-2025 17:31:48.308;12591627
0;04-03-2025 21:01:41.597;04-03-2025 20:36:08.112;1533485
0;04-03-2025 21:01:42.655;04-03-2025 20:36:08.112;1534543
2;04-03-2025 21:01:43.704;04-03-2025 17:31:48.308;12595396
0;04-03-2025 21:01:46.932;04-03-2025 20:36:08.112;1538820
0;04-03-2025 21:01:51.506;04-03-2025 20:36:08.112;1543394
2;04-03-2025 21:01:51.676;04-03-2025 17:31:48.308;12603368
0;04-03-2025 21:01:53.355;04-03-2025 20:36:08.112;1545243
0;04-03-2025 21:01:55.172;04-03-2025 20:36:08.112;1547060
2;04-03-2025 21:02:00.887;04-03-2025 17:31:48.308;12612579
2;04-03-2025 21:02:03.255;04-03-2025 17:31:48.308;12614947
2;04-03-2025 21:02:04.705;04-03-2025 17:31:48.308;12616397
0;04-03-2025 21:02:06.638;04-03-2025 20:36:08.112;1558526
0;04-03-2025 21:02:09.676;04-03-2025 20:36:08.112;1561564
2;04-03-2025 21:02:13.706;04-03-2025 17:31:48.308;12625398
2;04-03-2025 21:02:13.719;04-03-2025 17:31:48.308;12625411
2;04-03-2025 21:02:16.898;04-03-2025 17:31:48.308;12628590
2;04-03-2025 21:02:17.150;04-03-2025 17:31:48.308;12628842
0;04-03-2025 21:02:18.077;04-03-2025 20:36:08.112;1569965
2;04-03-2025 21:02:21.084;04-03-2025 17:31:48.308;12632776
0;04-03-2025 21:02:25.595;04-03-2025 20:36:08.112;1577483
0;04-03-2025 21:02:30.869;04-03-2025 20:36:08.112;1582757
2;04-03-2025 21:02:30.918;04-03-2025 17:31:48.308;12642610
2;04-03-2025 21:02:31.602;04-03-2025 17:31:48.308;12643294
2;04-03-2025 21:02:33.214;04-03-2025 17:31:48.308;12644906
2;04-03-2025 21:02:37.052;04-03-2025 17:31:48.308;12648744
0;04-03-2025 21:02:43.750;04-03-2025 20:36:08.112;1595638
0;04-03-2025 21:02:44.716;04-03-2025 20:36:08.112;1596604
0;04-03-2025 21:02:46.606;04-03-2025 20:36:08.112;1598494
0;04-03-2025 21:02:49.589;04-03-2025 20:36:08.112;1601477
0;04-03-2025 21:02:50.107;04-03-2025 20:36:08.112;1601995
0;04-03-2025 21:02:54.231;04-03-2025 20:36:08.112;1606119
2;04-03-2025 21:02:54.431;04-03-2025 17:31:48.308;12666123
2;04-03-2025 21:02:56.197;04-03-2025 17:31:48.308;12667889
0;04-03-2025 21:03:00.177;04-03-2025 20:36:08.112;1612065
2;04-03-2025 21:03:09.582;04-03-2025 17:31:48.308;12681274
2;04-03-2025 21:03:11.741;04-03-2025 17:31:48.308;12683433
0;04-03-2025 21:03:13.901;04-03-2025 20:36:08.112;1625789
2;04-03-2025 21:03:18.390;04-03-2025 17:31:48.308;12690082
0;04-03-2025 21:03:20.585;04-03-2025 20:36:08.112;1632473
0;04-03-2025 21:03:21.139;04-03-2025 20:36:08.112;1633027
2;04-03-2025 21:03:21.152;04-03-2025 17:31:48.308;12692844
2;04-03-2025 21:03:21.875;04-03-2025 17:31:48.308;12693567
2;04-03-2025 21:03:22.840;04-03-2025 17:31:48.308;12694532
0;04-03-2025 21:03:23.780;04-03-2025 20:36:08.112;1635668
2;04-03-2025 21:03:28.035;04-03-2025 17:31:48.308;12699727
2;04-03-2025 21:03:32.897;04-03-2025 17:31:48.308;12704589
0;04-03-2025 21:03:35.310;04-03-2025 20:36:08.112;1647198
2;04-03-2025 21:03:43.402;04-03-2025 17:31:48.308;12715094
0;04-03-2025 21:03:44.372;04-03-2025 20:36:08.112;1656260
0;04-03-2025 21:03:44.664;04-03-2025 20:36:08.112;1656552
0;04-03-2025 21:03:51.872;04-03-2025 20:36:08.112;1663760
0;04-03-2025 21:03:55.618;04-03-2025 20:36:08.112;1667506
2;04-03-2025 21:03:56.278;04-03-2025 17:31:48.308;12727970
0;04-03-2025 21:03:58.572;04-03-2025 20:36:08.112;1670460
2;04-03-2025 21:04:03.590;04-03-2025 17:31:48.308;12735282
0;04-03-2025 21:04:06.071;04-03-2025 20:36:08.112;1677959
0;04-03-2025 21:04:06.461;04-03-2025 20:36:08.112;1678349
2;04-03-2025 21:04:06.490;04-03-2025 17:31:48.308;12738182
0;04-03-2025 21:04:08.229;04-03-2025 20:36:08.112;1680117
2;04-03-2025 21:04:09.632;04-03-2025 17:31:48.308;12741324
2;04-03-2025 21:04:10.999;04-03-2025 17:31:48.308;12742691
2;04-03-2025 21:04:12.358;04-03-2025 17:31:48.308;12744050
0;04-03-2025 21:04:14.670;04-03-2025 20:36:08.112;1686558
2;04-03-2025 21:04:25.073;04-03-2025 17:31:48.308;12756765
0;04-03-2025 21:04:25.130;04-03-2025 20:36:08.112;1697018
2;04-03-2025 21:04:25.874;04-03-2025 17:31:48.308;12757566
2;04-03-2025 21:04:31.182;04-03-2025 17:31:48.308;12762874
2;04-03-2025 21:04:32.278;04-03-2025 17:31:48.308;12763970
2;04-03-2025 21:04:33.821;04-03-2025 17:31:48.308;12765513
2;04-03-2025 21:04:35.089;04-03-2025 17:31:48.308;12766781
0;04-03-2025 21:04:35.578;04-03-2025 21:04:33.145;2433
2;04-03-2025 21:04:42.270;04-03-2025 17:31:48.308;12773962
0;04-03-2025 21:04:43.090;04-03-2025 21:04:38.183;4907
2;04-03-2025 21:04:43.311;04-03-2025 17:31:48.308;12775003
0;04-03-2025 21:04:43.519;04-03-2025 21:04:43.223;296
0;04-03-2025 21:04:43.553;04-03-2025 21:04:43.223;330
0;04-03-2025 21:04:44.153;04-03-2025 21:04:43.223;930
2;04-03-2025 21:04:46.623;04-03-2025 17:31:48.308;12778315
2;04-03-2025 21:04:49.534;04-03-2025 17:31:48.308;12781226
0;04-03-2025 21:04:50.014;04-03-2025 21:04:48.081;1933
0;04-03-2025 21:04:55.325;04-03-2025 21:04:53.175;2150
0;04-03-2025 21:04:57.311;04-03-2025 21:04:53.175;4136
2;04-03-2025 21:05:00.254;04-03-2025 17:31:48.308;12791946
2;04-03-2025 21:05:02.182;04-03-2025 17:31:48.308;12793874
0;04-03-2025 21:05:04.909;04-03-2025 21:05:03.137;1772
2;04-03-2025 21:05:23.775;04-03-2025 17:31:48.308;12815467
2;04-03-2025 21:05:30.836;04-03-2025 17:31:48.308;12822528
2;04-03-2025 21:05:35.510;04-03-2025 17:31:48.308;12827202
2;04-03-2025 21:05:37.516;04-03-2025 17:31:48.308;12829208
2;04-03-2025 21:05:37.956;04-03-2025 17:31:48.308;12829648
2;04-03-2025 21:05:46.181;04-03-2025 17:31:48.308;12837873
2;04-03-2025 21:05:49.550;04-03-2025 17:31:48.308;12841242
2;04-03-2025 21:05:49.576;04-03-2025 17:31:48.308;12841268
2;04-03-2025 21:05:49.831;04-03-2025 17:31:48.308;12841523
2;04-03-2025 21:05:58.201;04-03-2025 17:31:48.308;12849893
2;04-03-2025 21:06:07.777;04-03-2025 17:31:48.308;12859469
2;04-03-2025 21:06:10.686;04-03-2025 17:31:48.308;12862378
2;04-03-2025 21:06:15.457;04-03-2025 17:31:48.308;12867149
2;04-03-2025 21:06:27.749;04-03-2025 17:31:48.308;12879441
2;04-03-2025 21:06:28.349;04-03-2025 17:31:48.308;12880041
2;04-03-2025 21:06:36.201;04-03-2025 17:31:48.308;12887893
2;04-03-2025 21:06:36.277;04-03-2025 17:31:48.308;12887969
2;04-03-2025 21:06:37.053;04-03-2025 17:31:48.308;12888745
2;04-03-2025 21:06:50.045;04-03-2025 17:31:48.308;12901737
2;04-03-2025 21:06:50.245;04-03-2025 17:31:48.308;12901937
2;04-03-2025 21:06:53.444;04-03-2025 17:31:48.308;12905136
2;04-03-2025 21:06:58.048;04-03-2025 17:31:48.308;12909740
2;04-03-2025 21:06:58.654;04-03-2025 17:31:48.308;12910346
2;04-03-2025 21:07:00.286;04-03-2025 17:31:48.308;12911978
2;04-03-2025 21:07:09.981;04-03-2025 17:31:48.308;12921673
2;04-03-2025 21:07:22.621;04-03-2025 17:31:48.308;12934313
2;04-03-2025 21:07:24.606;04-03-2025 17:31:48.308;12936298
2;04-03-2025 21:07:29.163;04-03-2025 17:31:48.308;12940855
2;04-03-2025 21:07:33.361;04-03-2025 17:31:48.308;12945053
2;04-03-2025 21:07:39.763;04-03-2025 17:31:48.308;12951455
2;04-03-2025 21:07:44.290;04-03-2025 17:31:48.308;12955982
2;04-03-2025 21:07:57.770;04-03-2025 17:31:48.308;12969462
2;04-03-2025 21:07:58.387;04-03-2025 17:31:48.308;12970079
2;04-03-2025 21:07:58.481;04-03-2025 17:31:48.308;12970173
2;04-03-2025 21:07:59.927;04-03-2025 17:31:48.308;12971619
2;04-03-2025 21:08:07.442;04-03-2025 17:31:48.308;12979134
2;04-03-2025 21:08:08.537;04-03-2025 17:31:48.308;12980229
2;04-03-2025 21:08:13.137;04-03-2025 17:31:48.308;12984829
2;04-03-2025 21:08:18.371;04-03-2025 17:31:48.308;12990063
2;04-03-2025 21:08:34.690;04-03-2025 17:31:48.308;13006382
2;04-03-2025 21:08:37.067;04-03-2025 17:31:48.308;13008759
2;04-03-2025 21:08:40.192;04-03-2025 17:31:48.308;13011884
2;04-03-2025 21:08:42.480;04-03-2025 17:31:48.308;13014172
2;04-03-2025 21:08:47.410;04-03-2025 17:31:48.308;13019102
2;04-03-2025 21:08:51.592;04-03-2025 17:31:48.308;13023284
2;04-03-2025 21:08:57.714;04-03-2025 17:31:48.308;13029406
2;04-03-2025 21:09:01.237;04-03-2025 17:31:48.308;13032929
2;04-03-2025 21:09:03.304;04-03-2025 17:31:48.308;13034996
2;04-03-2025 21:09:12.165;04-03-2025 17:31:48.308;13043857
2;04-03-2025 21:09:20.209;04-03-2025 17:31:48.308;13051901
2;04-03-2025 21:09:30.973;04-03-2025 17:31:48.308;13062665
2;04-03-2025 21:09:35.546;04-03-2025 17:31:48.308;13067238
2;04-03-2025 21:09:47.936;04-03-2025 17:31:48.308;13079628
2;04-03-2025 21:09:52.087;04-03-2025 17:31:48.308;13083779
2;04-03-2025 21:09:53.817;04-03-2025 17:31:48.308;13085509
2;04-03-2025 21:09:54.209;04-03-2025 17:31:48.308;13085901
2;04-03-2025 21:09:56.021;04-03-2025 17:31:48.308;13087713
2;04-03-2025 21:09:56.799;04-03-2025 17:31:48.308;13088491
2;04-03-2025 21:09:57.472;04-03-2025 17:31:48.308;13089164
2;04-03-2025 21:10:22.919;04-03-2025 17:31:48.308;13114611
2;04-03-2025 21:10:23.076;04-03-2025 17:31:48.308;13114768
2;04-03-2025 21:10:23.692;04-03-2025 17:31:48.308;13115384
2;04-03-2025 21:10:25.407;04-03-2025 17:31:48.308;13117099
2;04-03-2025 21:10:33.837;04-03-2025 17:31:48.308;13125529
2;04-03-2025 21:10:37.886;04-03-2025 17:31:48.308;13129578
2;04-03-2025 21:10:38.738;04-03-2025 17:31:48.308;13130430
2;04-03-2025 21:10:41.531;04-03-2025 17:31:48.308;13133223
2;04-03-2025 21:10:57.085;04-03-2025 17:31:48.308;13148777
2;04-03-2025 21:10:58.283;04-03-2025 17:31:48.308;13149975
2;04-03-2025 21:10:58.715;04-03-2025 17:31:48.308;13150407
2;04-03-2025 21:11:10.223;04-03-2025 17:31:48.308;13161915
2;04-03-2025 21:11:12.417;04-03-2025 17:31:48.308;13164109
2;04-03-2025 21:11:17.377;04-03-2025 17:31:48.308;13169069
2;04-03-2025 21:11:20.835;04-03-2025 17:31:48.308;13172527
2;04-03-2025 21:11:21.148;04-03-2025 17:31:48.308;13172840
2;04-03-2025 21:11:26.129;04-03-2025 17:31:48.308;13177821
2;04-03-2025 21:11:26.708;04-03-2025 17:31:48.308;13178400
2;04-03-2025 21:11:37.660;04-03-2025 17:31:48.308;13189352
2;04-03-2025 21:11:50.881;04-03-2025 17:31:48.308;13202573
2;04-03-2025 21:11:54.343;04-03-2025 17:31:48.308;13206035
2;04-03-2025 21:12:04.391;04-03-2025 17:31:48.308;13216083
2;04-03-2025 21:12:05.617;04-03-2025 17:31:48.308;13217309
2;04-03-2025 21:12:10.748;04-03-2025 17:31:48.308;13222440
2;04-03-2025 21:12:15.772;04-03-2025 17:31:48.308;13227464
2;04-03-2025 21:12:22.356;04-03-2025 17:31:48.308;13234048
2;04-03-2025 21:12:29.824;04-03-2025 17:31:48.308;13241516
2;04-03-2025 21:12:32.544;04-03-2025 17:31:48.308;13244236
2;04-03-2025 21:12:32.864;04-03-2025 17:31:48.308;13244556
2;04-03-2025 21:12:32.965;04-03-2025 17:31:48.308;13244657
2;04-03-2025 21:12:42.707;04-03-2025 17:31:48.308;13254399
2;04-03-2025 21:12:46.241;04-03-2025 17:31:48.308;13257933
2;04-03-2025 21:12:49.308;04-03-2025 17:31:48.308;13261000
2;04-03-2025 21:12:54.373;04-03-2025 17:31:48.308;13266065
2;04-03-2025 21:13:00.992;04-03-2025 17:31:48.308;13272684
2;04-03-2025 21:13:10.617;04-03-2025 17:31:48.308;13282309
2;04-03-2025 21:13:16.694;04-03-2025 17:31:48.308;13288386
2;04-03-2025 21:13:17.584;04-03-2025 17:31:48.308;13289276
2;04-03-2025 21:13:18.473;04-03-2025 17:31:48.308;13290165
2;04-03-2025 21:13:18.528;04-03-2025 17:31:48.308;13290220
2;04-03-2025 21:13:26.759;04-03-2025 17:31:48.308;13298451
2;04-03-2025 21:13:47.360;04-03-2025 17:31:48.308;13319052
2;04-03-2025 21:13:49.906;04-03-2025 17:31:48.308;13321598
2;04-03-2025 21:13:52.043;04-03-2025 17:31:48.308;13323735
2;04-03-2025 21:13:55.474;04-03-2025 17:31:48.308;13327166
2;04-03-2025 21:13:56.138;04-03-2025 17:31:48.308;13327830
2;04-03-2025 21:13:57.254;04-03-2025 17:31:48.308;13328946
2;04-03-2025 21:14:00.524;04-03-2025 17:31:48.308;13332216
2;04-03-2025 21:14:12.295;04-03-2025 17:31:48.308;13343987
2;04-03-2025 21:14:20.229;04-03-2025 17:31:48.308;13351921
2;04-03-2025 21:14:20.774;04-03-2025 17:31:48.308;13352466
2;04-03-2025 21:14:25.451;04-03-2025 17:31:48.308;13357143
2;04-03-2025 21:14:30.734;04-03-2025 17:31:48.308;13362426
2;04-03-2025 21:14:32.104;04-03-2025 17:31:48.308;13363796
2;04-03-2025 21:14:41.282;04-03-2025 17:31:48.308;13372974
2;04-03-2025 21:14:42.619;04-03-2025 17:31:48.308;13374311
2;04-03-2025 21:14:43.947;04-03-2025 17:31:48.308;13375639
2;04-03-2025 21:14:54.439;04-03-2025 17:31:48.308;13386131
2;04-03-2025 21:15:00.154;04-03-2025 17:31:48.308;13391846
2;04-03-2025 21:15:00.572;04-03-2025 17:31:48.308;13392264
2;04-03-2025 21:15:06.164;04-03-2025 17:31:48.308;13397856
2;04-03-2025 21:15:25.367;04-03-2025 17:31:48.308;13417059
2;04-03-2025 21:15:26.393;04-03-2025 17:31:48.308;13418085
2;04-03-2025 21:15:35.046;04-03-2025 17:31:48.308;13426738
2;04-03-2025 21:15:35.987;04-03-2025 17:31:48.308;13427679
2;04-03-2025 21:15:44.315;04-03-2025 17:31:48.308;13436007
2;04-03-2025 21:15:48.762;04-03-2025 17:31:48.308;13440454
2;04-03-2025 21:15:52.132;04-03-2025 17:31:48.308;13443824
2;04-03-2025 21:15:52.180;04-03-2025 17:31:48.308;13443872
2;04-03-2025 21:15:57.192;04-03-2025 17:31:48.308;13448884
2;04-03-2025 21:16:02.000;04-03-2025 17:31:48.308;13453692
2;04-03-2025 21:16:02.791;04-03-2025 17:31:48.308;13454483
2;04-03-2025 21:16:03.569;04-03-2025 17:31:48.308;13455261
2;04-03-2025 21:16:09.618;04-03-2025 17:31:48.308;13461310
2;04-03-2025 21:16:16.007;04-03-2025 17:31:48.308;13467699
2;04-03-2025 21:16:20.832;04-03-2025 17:31:48.308;13472524
2;04-03-2025 21:16:27.718;04-03-2025 17:31:48.308;13479410
2;04-03-2025 21:16:32.108;04-03-2025 17:31:48.308;13483800
2;04-03-2025 21:16:34.951;04-03-2025 17:31:48.308;13486643
2;04-03-2025 21:16:39.085;04-03-2025 17:31:48.308;13490777
2;04-03-2025 21:16:47.375;04-03-2025 17:31:48.308;13499067
2;04-03-2025 21:16:50.143;04-03-2025 17:31:48.308;13501835
2;04-03-2025 21:17:00.758;04-03-2025 17:31:48.308;13512450
2;04-03-2025 21:17:03.016;04-03-2025 17:31:48.308;13514708
2;04-03-2025 21:17:07.834;04-03-2025 17:31:48.308;13519526
2;04-03-2025 21:17:14.219;04-03-2025 17:31:48.308;13525911
2;04-03-2025 21:17:15.650;04-03-2025 17:31:48.308;13527342
2;04-03-2025 21:17:22.304;04-03-2025 17:31:48.308;13533996
2;04-03-2025 21:17:32.863;04-03-2025 17:31:48.308;13544555
2;04-03-2025 21:17:38.337;04-03-2025 17:31:48.308;13550029
2;04-03-2025 21:17:38.406;04-03-2025 17:31:48.308;13550098
2;04-03-2025 21:17:38.443;04-03-2025 17:31:48.308;13550135
2;04-03-2025 21:17:41.859;04-03-2025 17:31:48.308;13553551
2;04-03-2025 21:17:47.378;04-03-2025 17:31:48.308;13559070
2;04-03-2025 21:17:57.134;04-03-2025 17:31:48.308;13568826
2;04-03-2025 21:18:10.553;04-03-2025 17:31:48.308;13582245
2;04-03-2025 21:18:13.431;04-03-2025 17:31:48.308;13585123
2;04-03-2025 21:18:20.572;04-03-2025 17:31:48.308;13592264
2;04-03-2025 21:18:29.341;04-03-2025 17:31:48.308;13601033
2;04-03-2025 21:18:29.772;04-03-2025 17:31:48.308;13601464
2;04-03-2025 21:18:33.297;04-03-2025 17:31:48.308;13604989
2;04-03-2025 21:18:37.632;04-03-2025 17:31:48.308;13609324
2;04-03-2025 21:18:38.907;04-03-2025 17:31:48.308;13610599
2;04-03-2025 21:18:50.883;04-03-2025 17:31:48.308;13622575
2;04-03-2025 21:18:51.914;04-03-2025 17:31:48.308;13623606
2;04-03-2025 21:18:55.099;04-03-2025 17:31:48.308;13626791
2;04-03-2025 21:18:57.076;04-03-2025 17:31:48.308;13628768
2;04-03-2025 21:19:00.661;04-03-2025 17:31:48.308;13632353
2;04-03-2025 21:19:11.699;04-03-2025 17:31:48.308;13643391
2;04-03-2025 21:19:20.989;04-03-2025 17:31:48.308;13652681
2;04-03-2025 21:19:22.783;04-03-2025 17:31:48.308;13654475
2;04-03-2025 21:19:25.776;04-03-2025 17:31:48.308;13657468
2;04-03-2025 21:19:26.747;04-03-2025 17:31:48.308;13658439
2;04-03-2025 21:19:34.307;04-03-2025 17:31:48.308;13665999
2;04-03-2025 21:19:39.132;04-03-2025 17:31:48.308;13670824
2;04-03-2025 21:19:44.771;04-03-2025 17:31:48.308;13676463
2;04-03-2025 21:19:53.877;04-03-2025 17:31:48.308;13685569
2;04-03-2025 21:19:54.823;04-03-2025 17:31:48.308;13686515
2;04-03-2025 21:20:03.174;04-03-2025 17:31:48.308;13694866
2;04-03-2025 21:20:07.021;04-03-2025 17:31:48.308;13698713
2;04-03-2025 21:20:15.994;04-03-2025 17:31:48.308;13707686
2;04-03-2025 21:20:17.695;04-03-2025 17:31:48.308;13709387
2;04-03-2025 21:20:27.960;04-03-2025 17:31:48.308;13719652
2;04-03-2025 21:20:32.708;04-03-2025 17:31:48.308;13724400
2;04-03-2025 21:20:32.814;04-03-2025 17:31:48.308;13724506
2;04-03-2025 21:20:41.786;04-03-2025 17:31:48.308;13733478
2;04-03-2025 21:20:42.123;04-03-2025 17:31:48.308;13733815
2;04-03-2025 21:20:48.474;04-03-2025 17:31:48.308;13740166
2;04-03-2025 21:20:50.512;04-03-2025 17:31:48.308;13742204
2;04-03-2025 21:20:52.182;04-03-2025 17:31:48.308;13743874
2;04-03-2025 21:20:59.669;04-03-2025 17:31:48.308;13751361
2;04-03-2025 21:21:04.663;04-03-2025 17:31:48.308;13756355
2;04-03-2025 21:21:05.201;04-03-2025 17:31:48.308;13756893
2;04-03-2025 21:21:10.462;04-03-2025 17:31:48.308;13762154
2;04-03-2025 21:21:16.065;04-03-2025 17:31:48.308;13767757
2;04-03-2025 21:21:30.284;04-03-2025 17:31:48.308;13781976
2;04-03-2025 21:21:34.782;04-03-2025 17:31:48.308;13786474
2;04-03-2025 21:21:43.219;04-03-2025 17:31:48.308;13794911
2;04-03-2025 21:21:43.541;04-03-2025 17:31:48.308;13795233
2;04-03-2025 21:21:44.878;04-03-2025 17:31:48.308;13796570
2;04-03-2025 21:21:49.970;04-03-2025 17:31:48.308;13801662
2;04-03-2025 21:21:51.698;04-03-2025 17:31:48.308;13803390
2;04-03-2025 21:22:01.658;04-03-2025 17:31:48.308;13813350
2;04-03-2025 21:22:04.793;04-03-2025 17:31:48.308;13816485
2;04-03-2025 21:22:06.269;04-03-2025 17:31:48.308;13817961
2;04-03-2025 21:22:07.432;04-03-2025 17:31:48.308;13819124
2;04-03-2025 21:22:26.748;04-03-2025 17:31:48.308;13838440
2;04-03-2025 21:22:32.064;04-03-2025 17:31:48.308;13843756
2;04-03-2025 21:22:34.586;04-03-2025 17:31:48.308;13846278
2;04-03-2025 21:22:34.957;04-03-2025 17:31:48.308;13846649
2;04-03-2025 21:22:35.879;04-03-2025 17:31:48.308;13847571
2;04-03-2025 21:22:36.331;04-03-2025 17:31:48.308;13848023
2;04-03-2025 21:22:45.188;04-03-2025 17:31:48.308;13856880
2;04-03-2025 21:22:49.982;04-03-2025 17:31:48.308;13861674
2;04-03-2025 21:23:00.855;04-03-2025 17:31:48.308;13872547
2;04-03-2025 21:23:03.601;04-03-2025 17:31:48.308;13875293
2;04-03-2025 21:23:04.414;04-03-2025 17:31:48.308;13876106
2;04-03-2025 21:23:10.860;04-03-2025 17:31:48.308;13882552
2;04-03-2025 21:23:11.099;04-03-2025 17:31:48.308;13882791
2;04-03-2025 21:23:18.191;04-03-2025 17:31:48.308;13889883
2;04-03-2025 21:23:30.337;04-03-2025 17:31:48.308;13902029
2;04-03-2025 21:23:31.041;04-03-2025 17:31:48.308;13902733
2;04-03-2025 21:23:31.664;04-03-2025 17:31:48.308;13903356
2;04-03-2025 21:23:47.581;04-03-2025 17:31:48.308;13919273
2;04-03-2025 21:23:49.682;04-03-2025 17:31:48.308;13921374
2;04-03-2025 21:23:53.389;04-03-2025 17:31:48.308;13925081
2;04-03-2025 21:23:56.166;04-03-2025 17:31:48.308;13927858
2;04-03-2025 21:24:02.367;04-03-2025 17:31:48.308;13934059
2;04-03-2025 21:24:16.467;04-03-2025 17:31:48.308;13948159
2;04-03-2025 21:24:24.809;04-03-2025 17:31:48.308;13956501
2;04-03-2025 21:24:30.671;04-03-2025 17:31:48.308;13962363
2;04-03-2025 21:24:32.295;04-03-2025 17:31:48.308;13963987
2;04-03-2025 21:24:37.406;04-03-2025 17:31:48.308;13969098
2;04-03-2025 21:24:37.817;04-03-2025 17:31:48.308;13969509
2;04-03-2025 21:24:39.507;04-03-2025 17:31:48.308;13971199
2;04-03-2025 21:24:48.926;04-03-2025 17:31:48.308;13980618
2;04-03-2025 21:24:49.848;04-03-2025 17:31:48.308;13981540
2;04-03-2025 21:24:56.210;04-03-2025 17:31:48.308;13987902
2;04-03-2025 21:25:02.031;04-03-2025 17:31:48.308;13993723
2;04-03-2025 21:25:04.017;04-03-2025 17:31:48.308;13995709
2;04-03-2025 21:25:07.328;04-03-2025 17:31:48.308;13999020
2;04-03-2025 21:25:15.619;04-03-2025 17:31:48.308;14007311
2;04-03-2025 21:25:25.254;04-03-2025 17:31:48.308;14016946
2;04-03-2025 21:25:25.673;04-03-2025 17:31:48.308;14017365
2;04-03-2025 21:25:26.384;04-03-2025 17:31:48.308;14018076
2;04-03-2025 21:25:30.874;04-03-2025 17:31:48.308;14022566
2;04-03-2025 21:25:32.120;04-03-2025 17:31:48.308;14023812
2;04-03-2025 21:25:39.072;04-03-2025 17:31:48.308;14030764
2;04-03-2025 21:25:42.998;04-03-2025 17:31:48.308;14034690
2;04-03-2025 21:25:52.816;04-03-2025 17:31:48.308;14044508
2;04-03-2025 21:26:06.764;04-03-2025 17:31:48.308;14058456
2;04-03-2025 21:26:13.349;04-03-2025 17:31:48.308;14065041
2;04-03-2025 21:26:13.371;04-03-2025 17:31:48.308;14065063
2;04-03-2025 21:26:16.526;04-03-2025 17:31:48.308;14068218
2;04-03-2025 21:26:17.002;04-03-2025 17:31:48.308;14068694
2;04-03-2025 21:26:22.941;04-03-2025 17:31:48.308;14074633
2;04-03-2025 21:26:23.261;04-03-2025 17:31:48.308;14074953
2;04-03-2025 21:26:29.880;04-03-2025 17:31:48.308;14081572
2;04-03-2025 21:26:30.610;04-03-2025 17:31:48.308;14082302
2;04-03-2025 21:26:33.831;04-03-2025 17:31:48.308;14085523
2;04-03-2025 21:26:51.020;04-03-2025 17:31:48.308;14102712
2;04-03-2025 21:26:52.735;04-03-2025 17:31:48.308;14104427
2;04-03-2025 21:26:56.288;04-03-2025 17:31:48.308;14107980
2;04-03-2025 21:27:01.771;04-03-2025 17:31:48.308;14113463
2;04-03-2025 21:27:09.915;04-03-2025 17:31:48.308;14121607
2;04-03-2025 21:27:14.004;04-03-2025 17:31:48.308;14125696
2;04-03-2025 21:27:20.447;04-03-2025 17:31:48.308;14132139
2;04-03-2025 21:27:23.016;04-03-2025 17:31:48.308;14134708
2;04-03-2025 21:27:34.802;04-03-2025 17:31:48.308;14146494
2;04-03-2025 21:27:35.532;04-03-2025 17:31:48.308;14147224
2;04-03-2025 21:27:35.705;04-03-2025 17:31:48.308;14147397
2;04-03-2025 21:27:42.221;04-03-2025 17:31:48.308;14153913
2;04-03-2025 21:27:44.306;04-03-2025 17:31:48.308;14155998
2;04-03-2025 21:27:46.304;04-03-2025 17:31:48.308;14157996
2;04-03-2025 21:28:00.975;04-03-2025 17:31:48.308;14172667
2;04-03-2025 21:28:01.018;04-03-2025 17:31:48.308;14172710
2;04-03-2025 21:28:03.190;04-03-2025 17:31:48.308;14174882
2;04-03-2025 21:28:27.264;04-03-2025 17:31:48.308;14198956
2;04-03-2025 21:28:30.083;04-03-2025 17:31:48.308;14201775
2;04-03-2025 21:28:30.828;04-03-2025 17:31:48.308;14202520
2;04-03-2025 21:28:36.461;04-03-2025 17:31:48.308;14208153
2;04-03-2025 21:28:40.787;04-03-2025 17:31:48.308;14212479
2;04-03-2025 21:28:41.138;04-03-2025 17:31:48.308;14212830
2;04-03-2025 21:28:41.448;04-03-2025 17:31:48.308;14213140
2;04-03-2025 21:28:47.615;04-03-2025 17:31:48.308;14219307
2;04-03-2025 21:28:49.566;04-03-2025 17:31:48.308;14221258
2;04-03-2025 21:29:00.556;04-03-2025 17:31:48.308;14232248
2;04-03-2025 21:29:03.491;04-03-2025 17:31:48.308;14235183
2;04-03-2025 21:29:05.433;04-03-2025 17:31:48.308;14237125
2;04-03-2025 21:29:14.654;04-03-2025 17:31:48.308;14246346
2;04-03-2025 21:29:26.882;04-03-2025 17:31:48.308;14258574
2;04-03-2025 21:29:31.804;04-03-2025 17:31:48.308;14263496
2;04-03-2025 21:29:35.886;04-03-2025 17:31:48.308;14267578
2;04-03-2025 21:29:37.935;04-03-2025 17:31:48.308;14269627
2;04-03-2025 21:29:40.328;04-03-2025 17:31:48.308;14272020
2;04-03-2025 21:29:42.559;04-03-2025 17:31:48.308;14274251
2;04-03-2025 21:29:50.865;04-03-2025 17:31:48.308;14282557
2;04-03-2025 21:29:53.165;04-03-2025 17:31:48.308;14284857
2;04-03-2025 21:30:02.767;04-03-2025 17:31:48.308;14294459
2;04-03-2025 21:30:07.685;04-03-2025 17:31:48.308;14299377
2;04-03-2025 21:30:08.450;04-03-2025 17:31:48.308;14300142
2;04-03-2025 21:30:13.394;04-03-2025 17:31:48.308;14305086
2;04-03-2025 21:30:19.340;04-03-2025 17:31:48.308;14311032
2;04-03-2025 21:30:31.871;04-03-2025 17:31:48.308;14323563
2;04-03-2025 21:30:31.887;04-03-2025 17:31:48.308;14323579
2;04-03-2025 21:30:37.860;04-03-2025 17:31:48.308;14329552
2;04-03-2025 21:30:43.001;04-03-2025 17:31:48.308;14334693
2;04-03-2025 21:30:43.131;04-03-2025 17:31:48.308;14334823
2;04-03-2025 21:30:46.768;04-03-2025 17:31:48.308;14338460
2;04-03-2025 21:30:50.897;04-03-2025 17:31:48.308;14342589
2;04-03-2025 21:30:53.354;04-03-2025 17:31:48.308;14345046
2;04-03-2025 21:31:03.226;04-03-2025 17:31:48.308;14354918
2;04-03-2025 21:31:04.369;04-03-2025 17:31:48.308;14356061
2;04-03-2025 21:31:14.659;04-03-2025 17:31:48.308;14366351
2;04-03-2025 21:31:18.261;04-03-2025 17:31:48.308;14369953
2;04-03-2025 21:31:22.514;04-03-2025 17:31:48.308;14374206
2;04-03-2025 21:31:27.575;04-03-2025 17:31:48.308;14379267
2;04-03-2025 21:31:32.326;04-03-2025 17:31:48.308;14384018
2;04-03-2025 21:31:34.409;04-03-2025 17:31:48.308;14386101
2;04-03-2025 21:31:35.433;04-03-2025 17:31:48.308;14387125
2;04-03-2025 21:31:41.500;04-03-2025 17:31:48.308;14393192
2;04-03-2025 21:31:54.121;04-03-2025 17:31:48.308;14405813
2;04-03-2025 21:31:54.909;04-03-2025 17:31:48.308;14406601
2;04-03-2025 21:32:07.189;04-03-2025 17:31:48.308;14418881
2;04-03-2025 21:32:07.645;04-03-2025 17:31:48.308;14419337
2;04-03-2025 21:32:13.599;04-03-2025 17:31:48.308;14425291
2;04-03-2025 21:32:17.613;04-03-2025 17:31:48.308;14429305
2;04-03-2025 21:32:31.502;04-03-2025 17:31:48.308;14443194
2;04-03-2025 21:32:34.022;04-03-2025 17:31:48.308;14445714
2;04-03-2025 21:32:40.911;04-03-2025 17:31:48.308;14452603
2;04-03-2025 21:32:50.550;04-03-2025 17:31:48.308;14462242
2;04-03-2025 21:32:50.779;04-03-2025 17:31:48.308;14462471
2;04-03-2025 21:32:52.158;04-03-2025 17:31:48.308;14463850
2;04-03-2025 21:33:02.583;04-03-2025 17:31:48.308;14474275
2;04-03-2025 21:33:10.007;04-03-2025 17:31:48.308;14481699
2;04-03-2025 21:33:10.117;04-03-2025 17:31:48.308;14481809
2;04-03-2025 21:33:10.598;04-03-2025 17:31:48.308;14482290
2;04-03-2025 21:33:19.706;04-03-2025 17:31:48.308;14491398
2;04-03-2025 21:33:22.739;04-03-2025 17:31:48.308;14494431
2;04-03-2025 21:33:27.892;04-03-2025 17:31:48.308;14499584
2;04-03-2025 21:33:33.504;04-03-2025 17:31:48.308;14505196
2;04-03-2025 21:33:35.082;04-03-2025 17:31:48.308;14506774
2;04-03-2025 21:33:44.138;04-03-2025 17:31:48.308;14515830
2;04-03-2025 21:33:55.986;04-03-2025 17:31:48.308;14527678
2;04-03-2025 21:34:03.775;04-03-2025 17:31:48.308;14535467
2;04-03-2025 21:34:06.526;04-03-2025 17:31:48.308;14538218
2;04-03-2025 21:34:08.328;04-03-2025 17:31:48.308;14540020
2;04-03-2025 21:34:08.567;04-03-2025 17:31:48.308;14540259
2;04-03-2025 21:34:12.099;04-03-2025 17:31:48.308;14543791
2;04-03-2025 21:34:14.767;04-03-2025 17:31:48.308;14546459
2;04-03-2025 21:34:22.653;04-03-2025 17:31:48.308;14554345
2;04-03-2025 21:34:24.280;04-03-2025 17:31:48.308;14555972
2;04-03-2025 21:34:28.897;04-03-2025 17:31:48.308;14560589
2;04-03-2025 21:34:30.159;04-03-2025 17:31:48.308;14561851
2;04-03-2025 21:34:39.007;04-03-2025 17:31:48.308;14570699
2;04-03-2025 21:34:41.166;04-03-2025 17:31:48.308;14572858
2;04-03-2025 21:34:44.948;04-03-2025 17:31:48.308;14576640
2;04-03-2025 21:34:46.738;04-03-2025 17:31:48.308;14578430
2;04-03-2025 21:34:47.859;04-03-2025 17:31:48.308;14579551
2;04-03-2025 21:35:15.071;04-03-2025 17:31:48.308;14606763
2;04-03-2025 21:35:17.460;04-03-2025 17:31:48.308;14609152
2;04-03-2025 21:35:18.150;04-03-2025 17:31:48.308;14609842
2;04-03-2025 21:35:20.220;04-03-2025 17:31:48.308;14611912
2;04-03-2025 21:35:21.186;04-03-2025 17:31:48.308;14612878
2;04-03-2025 21:35:21.942;04-03-2025 17:31:48.308;14613634
2;04-03-2025 21:35:24.988;04-03-2025 17:31:48.308;14616680
2;04-03-2025 21:35:45.701;04-03-2025 17:31:48.308;14637393
2;04-03-2025 21:35:49.891;04-03-2025 17:31:48.308;14641583
2;04-03-2025 21:35:54.317;04-03-2025 17:31:48.308;14646009
2;04-03-2025 21:35:57.484;04-03-2025 17:31:48.308;14649176
2;04-03-2025 21:36:09.479;04-03-2025 17:31:48.308;14661171
2;04-03-2025 21:36:10.634;04-03-2025 17:31:48.308;14662326
2;04-03-2025 21:36:16.465;04-03-2025 17:31:48.308;14668157
2;04-03-2025 21:36:18.933;04-03-2025 17:31:48.308;14670625
2;04-03-2025 21:36:21.559;04-03-2025 17:31:48.308;14673251
2;04-03-2025 21:36:22.963;04-03-2025 17:31:48.308;14674655
2;04-03-2025 21:36:24.929;04-03-2025 17:31:48.308;14676621
2;04-03-2025 21:36:44.857;04-03-2025 17:31:48.308;14696549
2;04-03-2025 21:36:45.598;04-03-2025 17:31:48.308;14697290
2;04-03-2025 21:36:46.522;04-03-2025 17:31:48.308;14698214
2;04-03-2025 21:36:46.544;04-03-2025 17:31:48.308;14698236
2;04-03-2025 21:36:48.768;04-03-2025 17:31:48.308;14700460
2;04-03-2025 21:37:02.050;04-03-2025 17:31:48.308;14713742
2;04-03-2025 21:37:07.363;04-03-2025 17:31:48.308;14719055
2;04-03-2025 21:37:08.440;04-03-2025 17:31:48.308;14720132
2;04-03-2025 21:37:10.559;04-03-2025 17:31:48.308;14722251
2;04-03-2025 21:37:15.971;04-03-2025 17:31:48.308;14727663
2;04-03-2025 21:37:18.132;04-03-2025 17:31:48.308;14729824
2;04-03-2025 21:37:34.847;04-03-2025 17:31:48.308;14746539
2;04-03-2025 21:37:39.023;04-03-2025 17:31:48.308;14750715
2;04-03-2025 21:37:48.313;04-03-2025 17:31:48.308;14760005
2;04-03-2025 21:37:49.029;04-03-2025 17:31:48.308;14760721
2;04-03-2025 21:37:52.156;04-03-2025 17:31:48.308;14763848
2;04-03-2025 21:37:54.002;04-03-2025 17:31:48.308;14765694
2;04-03-2025 21:37:56.954;04-03-2025 17:31:48.308;14768646
2;04-03-2025 21:38:04.909;04-03-2025 17:31:48.308;14776601
2;04-03-2025 21:38:09.955;04-03-2025 17:31:48.308;14781647
2;04-03-2025 21:38:13.073;04-03-2025 17:31:48.308;14784765
2;04-03-2025 21:38:21.172;04-03-2025 17:31:48.308;14792864
2;04-03-2025 21:38:27.205;04-03-2025 17:31:48.308;14798897
2;04-03-2025 21:38:28.211;04-03-2025 17:31:48.308;14799903
2;04-03-2025 21:38:33.478;04-03-2025 17:31:48.308;14805170
2;04-03-2025 21:38:34.413;04-03-2025 17:31:48.308;14806105
2;04-03-2025 21:38:47.327;04-03-2025 17:31:48.308;14819019
3;04-03-2025 21:38:47.976;04-03-2025 21:38:33.046;14930
2;04-03-2025 21:38:49.874;04-03-2025 17:31:48.308;14821566
2;04-03-2025 21:38:59.013;04-03-2025 17:31:48.308;14830705
2;04-03-2025 21:39:01.629;04-03-2025 17:31:48.308;14833321
2;04-03-2025 21:39:03.835;04-03-2025 17:31:48.308;14835527
2;04-03-2025 21:39:06.338;04-03-2025 17:31:48.308;14838030
2;04-03-2025 21:39:07.169;04-03-2025 17:31:48.308;14838861
2;04-03-2025 21:39:07.836;04-03-2025 17:31:48.308;14839528
2;04-03-2025 21:39:27.111;04-03-2025 17:31:48.308;14858803
2;04-03-2025 21:39:34.577;04-03-2025 17:31:48.308;14866269
2;04-03-2025 21:39:37.547;04-03-2025 17:31:48.308;14869239
2;04-03-2025 21:39:39.064;04-03-2025 17:31:48.308;14870756
2;04-03-2025 21:39:43.001;04-03-2025 17:31:48.308;14874693
2;04-03-2025 21:39:43.979;04-03-2025 17:31:48.308;14875671
2;04-03-2025 21:39:45.084;04-03-2025 17:31:48.308;14876776
2;04-03-2025 21:39:50.905;04-03-2025 17:31:48.308;14882597
2;04-03-2025 21:40:10.785;04-03-2025 17:31:48.308;14902477
2;04-03-2025 21:40:11.707;04-03-2025 17:31:48.308;14903399
2;04-03-2025 21:40:19.671;04-03-2025 17:31:48.308;14911363
2;04-03-2025 21:40:19.772;04-03-2025 17:31:48.308;14911464
2;04-03-2025 21:40:28.340;04-03-2025 17:31:48.308;14920032
2;04-03-2025 21:40:36.287;04-03-2025 17:31:48.308;14927979
2;04-03-2025 21:40:39.878;04-03-2025 17:31:48.308;14931570
2;04-03-2025 21:40:42.588;04-03-2025 17:31:48.308;14934280
2;04-03-2025 21:40:50.600;04-03-2025 17:31:48.308;14942292
2;04-03-2025 21:40:53.620;04-03-2025 17:31:48.308;14945312
2;04-03-2025 21:40:55.010;04-03-2025 17:31:48.308;14946702
0;04-03-2025 21:41:02.527;04-03-2025 21:39:38.283;84244
0;04-03-2025 21:41:03.694;04-03-2025 21:39:38.283;85411
0;04-03-2025 21:41:04.590;04-03-2025 21:39:38.283;86307
2;04-03-2025 21:41:06.130;04-03-2025 17:31:48.308;14957822
2;04-03-2025 21:41:09.506;04-03-2025 17:31:48.308;14961198
0;04-03-2025 21:41:09.947;04-03-2025 21:39:38.283;91664
2;04-03-2025 21:41:10.344;04-03-2025 17:31:48.308;14962036
0;04-03-2025 21:41:14.154;04-03-2025 21:39:38.283;95871
2;04-03-2025 21:41:18.730;04-03-2025 17:31:48.308;14970422
2;04-03-2025 21:41:23.981;04-03-2025 17:31:48.308;14975673
2;04-03-2025 21:41:25.661;04-03-2025 17:31:48.308;14977353
0;04-03-2025 21:41:28.292;04-03-2025 21:39:38.283;110009
0;04-03-2025 21:41:28.319;04-03-2025 21:39:38.283;110036
2;04-03-2025 21:41:29.078;04-03-2025 17:31:48.308;14980770
2;04-03-2025 21:41:35.843;04-03-2025 17:31:48.308;14987535
2;04-03-2025 21:41:38.625;04-03-2025 17:31:48.308;14990317
0;04-03-2025 21:41:41.225;04-03-2025 21:39:38.283;122942
0;04-03-2025 21:41:43.374;04-03-2025 21:39:38.283;125091
0;04-03-2025 21:41:44.086;04-03-2025 21:39:38.283;125803
0;04-03-2025 21:41:44.968;04-03-2025 21:39:38.283;126685
0;04-03-2025 21:41:47.486;04-03-2025 21:39:38.283;129203
2;04-03-2025 21:41:49.152;04-03-2025 17:31:48.308;15000844
2;04-03-2025 21:41:51.232;04-03-2025 17:31:48.308;15002924
2;04-03-2025 21:41:51.539;04-03-2025 17:31:48.308;15003231
2;04-03-2025 21:42:07.909;04-03-2025 17:31:48.308;15019601
2;04-03-2025 21:42:12.354;04-03-2025 17:31:48.308;15024046
0;04-03-2025 21:42:13.715;04-03-2025 21:39:38.283;155432
0;04-03-2025 21:42:13.932;04-03-2025 21:39:38.283;155649
2;04-03-2025 21:42:15.099;04-03-2025 17:31:48.308;15026791
0;04-03-2025 21:42:17.136;04-03-2025 21:39:38.283;158853
2;04-03-2025 21:42:18.925;04-03-2025 17:31:48.308;15030617
2;04-03-2025 21:42:20.690;04-03-2025 17:31:48.308;15032382
0;04-03-2025 21:42:20.892;04-03-2025 21:39:38.283;162609
2;04-03-2025 21:42:22.678;04-03-2025 17:31:48.308;15034370
2;04-03-2025 21:42:22.691;04-03-2025 17:31:48.308;15034383
0;04-03-2025 21:42:26.860;04-03-2025 21:39:38.283;168577
0;04-03-2025 21:42:29.963;04-03-2025 21:39:38.283;171680
0;04-03-2025 21:42:33.589;04-03-2025 21:39:38.283;175306
0;04-03-2025 21:42:37.971;04-03-2025 21:39:38.283;179688
2;04-03-2025 21:42:39.359;04-03-2025 17:31:48.308;15051051
0;04-03-2025 21:42:39.439;04-03-2025 21:39:38.283;181156
2;04-03-2025 21:42:40.373;04-03-2025 17:31:48.308;15052065
0;04-03-2025 21:42:43.135;04-03-2025 21:39:38.283;184852
2;04-03-2025 21:42:44.996;04-03-2025 17:31:48.308;15056688
0;04-03-2025 21:42:46.450;04-03-2025 21:39:38.283;188167
2;04-03-2025 21:42:52.171;04-03-2025 17:31:48.308;15063863
0;04-03-2025 21:42:53.759;04-03-2025 21:39:38.283;195476
0;04-03-2025 21:42:56.524;04-03-2025 21:39:38.283;198241
2;04-03-2025 21:42:56.560;04-03-2025 17:31:48.308;15068252
2;04-03-2025 21:43:03.525;04-03-2025 17:31:48.308;15075217
0;04-03-2025 21:43:05.528;04-03-2025 21:39:38.283;207245
2;04-03-2025 21:43:09.917;04-03-2025 17:31:48.308;15081609
0;04-03-2025 21:43:11.732;04-03-2025 21:39:38.283;213449
0;04-03-2025 21:43:14.588;04-03-2025 21:39:38.283;216305
2;04-03-2025 21:43:14.637;04-03-2025 17:31:48.308;15086329
2;04-03-2025 21:43:14.869;04-03-2025 17:31:48.308;15086561
0;04-03-2025 21:43:15.641;04-03-2025 21:39:38.283;217358
2;04-03-2025 21:43:16.259;04-03-2025 17:31:48.308;15087951
0;04-03-2025 21:43:23.014;04-03-2025 21:39:38.283;224731
0;04-03-2025 21:43:26.982;04-03-2025 21:39:38.283;228699
2;04-03-2025 21:43:29.611;04-03-2025 17:31:48.308;15101303
0;04-03-2025 21:43:29.638;04-03-2025 21:39:38.283;231355
2;04-03-2025 21:43:31.697;04-03-2025 17:31:48.308;15103389
2;04-03-2025 21:43:36.043;04-03-2025 17:31:48.308;15107735
0;04-03-2025 21:43:41.742;04-03-2025 21:39:38.283;243459
2;04-03-2025 21:43:43.815;04-03-2025 17:31:48.308;15115507
2;04-03-2025 21:43:44.370;04-03-2025 17:31:48.308;15116062
2;04-03-2025 21:43:44.659;04-03-2025 17:31:48.308;15116351
0;04-03-2025 21:43:56.315;04-03-2025 21:39:38.283;258032
2;04-03-2025 21:43:59.832;04-03-2025 17:31:48.308;15131524
0;04-03-2025 21:44:00.179;04-03-2025 21:39:38.283;261896
0;04-03-2025 21:44:00.433;04-03-2025 21:39:38.283;262150
2;04-03-2025 21:44:04.080;04-03-2025 17:31:48.308;15135772
0;04-03-2025 21:44:04.503;04-03-2025 21:39:38.283;266220
2;04-03-2025 21:44:06.450;04-03-2025 17:31:48.308;15138142
0;04-03-2025 21:44:08.207;04-03-2025 21:39:38.283;269924
2;04-03-2025 21:44:11.921;04-03-2025 17:31:48.308;15143613
2;04-03-2025 21:44:12.517;04-03-2025 17:31:48.308;15144209
0;04-03-2025 21:44:14.913;04-03-2025 21:39:38.283;276630
0;04-03-2025 21:44:15.816;04-03-2025 21:39:38.283;277533
0;04-03-2025 21:44:18.278;04-03-2025 21:39:38.283;279995
0;04-03-2025 21:44:25.428;04-03-2025 21:39:38.283;287145
2;04-03-2025 21:44:28.528;04-03-2025 17:31:48.308;15160220
2;04-03-2025 21:44:28.894;04-03-2025 17:31:48.308;15160586
2;04-03-2025 21:44:30.019;04-03-2025 17:31:48.308;15161711
2;04-03-2025 21:44:34.884;04-03-2025 17:31:48.308;15166576
0;04-03-2025 21:44:38.019;04-03-2025 21:39:38.283;299736
0;04-03-2025 21:44:39.842;04-03-2025 21:39:38.283;301559
2;04-03-2025 21:44:42.205;04-03-2025 17:31:48.308;15173897
0;04-03-2025 21:44:42.534;04-03-2025 21:39:38.283;304251
2;04-03-2025 21:44:45.401;04-03-2025 17:31:48.308;15177093
0;04-03-2025 21:44:49.240;04-03-2025 21:39:38.283;310957
2;04-03-2025 21:44:55.704;04-03-2025 17:31:48.308;15187396
0;04-03-2025 21:44:56.096;04-03-2025 21:39:38.283;317813
0;04-03-2025 21:44:56.599;04-03-2025 21:39:38.283;318316
2;04-03-2025 21:44:58.476;04-03-2025 17:31:48.308;15190168
0;04-03-2025 21:45:02.224;04-03-2025 21:39:38.283;323941
2;04-03-2025 21:45:05.763;04-03-2025 17:31:48.308;15197455
0;04-03-2025 21:45:11.216;04-03-2025 21:39:38.283;332933
2;04-03-2025 21:45:12.375;04-03-2025 17:31:48.308;15204067
0;04-03-2025 21:45:13.944;04-03-2025 21:39:38.283;335661
2;04-03-2025 21:45:14.476;04-03-2025 17:31:48.308;15206168
2;04-03-2025 21:45:15.725;04-03-2025 17:31:48.308;15207417
2;04-03-2025 21:45:18.253;04-03-2025 17:31:48.308;15209945
2;04-03-2025 21:45:20.678;04-03-2025 17:31:48.308;15212370
2;04-03-2025 21:45:21.985;04-03-2025 17:31:48.308;15213677
0;04-03-2025 21:45:22.663;04-03-2025 21:39:38.283;344380
0;04-03-2025 21:45:24.106;04-03-2025 21:39:38.283;345823
0;04-03-2025 21:45:25.569;04-03-2025 21:39:38.283;347286
0;04-03-2025 21:45:32.601;04-03-2025 21:39:38.283;354318
2;04-03-2025 21:45:33.095;04-03-2025 17:31:48.308;15224787
0;04-03-2025 21:45:38.629;04-03-2025 21:39:38.283;360346
2;04-03-2025 21:45:41.297;04-03-2025 17:31:48.308;15232989
2;04-03-2025 21:45:41.901;04-03-2025 17:31:48.308;15233593
0;04-03-2025 21:45:45.474;04-03-2025 21:39:38.283;367191
0;04-03-2025 21:45:49.181;04-03-2025 21:39:38.283;370898
0;04-03-2025 21:45:53.370;04-03-2025 21:39:38.283;375087
2;04-03-2025 21:45:54.103;04-03-2025 17:31:48.308;15245795
2;04-03-2025 21:45:55.526;04-03-2025 17:31:48.308;15247218
2;04-03-2025 21:45:56.029;04-03-2025 17:31:48.308;15247721
0;04-03-2025 21:45:57.572;04-03-2025 21:39:38.283;379289
2;04-03-2025 21:46:01.945;04-03-2025 17:31:48.308;15253637
2;04-03-2025 21:46:06.775;04-03-2025 17:31:48.308;15258467
0;04-03-2025 21:46:08.387;04-03-2025 21:39:38.283;390104
2;04-03-2025 21:46:08.583;04-03-2025 17:31:48.308;15260275
0;04-03-2025 21:46:09.811;04-03-2025 21:39:38.283;391528
0;04-03-2025 21:46:12.883;04-03-2025 21:39:38.283;394600
2;04-03-2025 21:46:21.485;04-03-2025 17:31:48.308;15273177
2;04-03-2025 21:46:23.117;04-03-2025 17:31:48.308;15274809
0;04-03-2025 21:46:25.382;04-03-2025 21:39:38.283;407099
2;04-03-2025 21:46:28.489;04-03-2025 17:31:48.308;15280181
0;04-03-2025 21:46:34.002;04-03-2025 21:39:38.283;415719
0;04-03-2025 21:46:34.240;04-03-2025 21:39:38.283;415957
2;04-03-2025 21:46:39.145;04-03-2025 17:31:48.308;15290837
0;04-03-2025 21:46:40.486;04-03-2025 21:39:38.283;422203
0;04-03-2025 21:46:42.647;04-03-2025 21:39:38.283;424364
2;04-03-2025 21:46:43.433;04-03-2025 17:31:48.308;15295125
0;04-03-2025 21:46:45.289;04-03-2025 21:39:38.283;427006
0;04-03-2025 21:46:47.636;04-03-2025 21:39:38.283;429353
2;04-03-2025 21:46:47.647;04-03-2025 17:31:48.308;15299339
0;04-03-2025 21:46:48.414;04-03-2025 21:39:38.283;430131
2;04-03-2025 21:46:52.489;04-03-2025 17:31:48.308;15304181
2;04-03-2025 21:46:52.596;04-03-2025 17:31:48.308;15304288
0;04-03-2025 21:46:54.063;04-03-2025 21:39:38.283;435780
0;04-03-2025 21:46:55.437;04-03-2025 21:39:38.283;437154
0;04-03-2025 21:46:56.575;04-03-2025 21:39:38.283;438292
2;04-03-2025 21:46:58.911;04-03-2025 17:31:48.308;15310603
2;04-03-2025 21:46:59.736;04-03-2025 17:31:48.308;15311428
0;04-03-2025 21:47:06.543;04-03-2025 21:39:38.283;448260
2;04-03-2025 21:47:06.916;04-03-2025 17:31:48.308;15318608
2;04-03-2025 21:47:16.668;04-03-2025 17:31:48.308;15328360
0;04-03-2025 21:47:22.880;04-03-2025 21:39:38.283;464597
0;04-03-2025 21:47:24.990;04-03-2025 21:39:38.283;466707
0;04-03-2025 21:47:25.594;04-03-2025 21:39:38.283;467311
2;04-03-2025 21:47:27.870;04-03-2025 17:31:48.308;15339562
2;04-03-2025 21:47:28.185;04-03-2025 17:31:48.308;15339877
0;04-03-2025 21:47:29.465;04-03-2025 21:39:38.283;471182
0;04-03-2025 21:47:30.060;04-03-2025 21:39:38.283;471777
0;04-03-2025 21:47:33.774;04-03-2025 21:39:38.283;475491
2;04-03-2025 21:47:36.192;04-03-2025 17:31:48.308;15347884
0;04-03-2025 21:47:40.898;04-03-2025 21:39:38.283;482615
0;04-03-2025 21:47:41.806;04-03-2025 21:39:38.283;483523
2;04-03-2025 21:47:43.170;04-03-2025 17:31:48.308;15354862
2;04-03-2025 21:47:44.040;04-03-2025 17:31:48.308;15355732
0;04-03-2025 21:47:45.286;04-03-2025 21:39:38.283;487003
0;04-03-2025 21:47:48.131;04-03-2025 21:39:38.283;489848
2;04-03-2025 21:47:48.175;04-03-2025 17:31:48.308;15359867
2;04-03-2025 21:47:52.151;04-03-2025 17:31:48.308;15363843
2;04-03-2025 21:47:59.877;04-03-2025 17:31:48.308;15371569
2;04-03-2025 21:48:00.901;04-03-2025 17:31:48.308;15372593
0;04-03-2025 21:48:05.500;04-03-2025 21:39:38.283;507217
2;04-03-2025 21:48:08.042;04-03-2025 17:31:48.308;15379734
2;04-03-2025 21:48:08.859;04-03-2025 17:31:48.308;15380551
0;04-03-2025 21:48:09.935;04-03-2025 21:39:38.283;511652
2;04-03-2025 21:48:10.625;04-03-2025 17:31:48.308;15382317
0;04-03-2025 21:48:11.209;04-03-2025 21:39:38.283;512926
0;04-03-2025 21:48:16.803;04-03-2025 21:39:38.283;518520
2;04-03-2025 21:48:18.277;04-03-2025 17:31:48.308;15389969
0;04-03-2025 21:48:18.532;04-03-2025 21:39:38.283;520249
0;04-03-2025 21:48:24.101;04-03-2025 21:39:38.283;525818
2;04-03-2025 21:48:24.606;04-03-2025 17:31:48.308;15396298
2;04-03-2025 21:48:29.714;04-03-2025 17:31:48.308;15401406
0;04-03-2025 21:48:37.148;04-03-2025 21:39:38.283;538865
2;04-03-2025 21:48:38.070;04-03-2025 17:31:48.308;15409762
2;04-03-2025 21:48:38.389;04-03-2025 17:31:48.308;15410081
0;04-03-2025 21:48:41.988;04-03-2025 21:39:38.283;543705
0;04-03-2025 21:48:43.417;04-03-2025 21:39:38.283;545134
0;04-03-2025 21:48:43.715;04-03-2025 21:39:38.283;545432
2;04-03-2025 21:48:44.980;04-03-2025 17:31:48.308;15416672
0;04-03-2025 21:48:45.037;04-03-2025 21:39:38.283;546754
2;04-03-2025 21:48:51.243;04-03-2025 17:31:48.308;15422935
2;04-03-2025 21:48:54.581;04-03-2025 17:31:48.308;15426273
0;04-03-2025 21:48:59.224;04-03-2025 21:39:38.283;560941
2;04-03-2025 21:49:03.651;04-03-2025 17:31:48.308;15435343
0;04-03-2025 21:49:05.832;04-03-2025 21:39:38.283;567549
2;04-03-2025 21:49:11.160;04-03-2025 17:31:48.308;15442852
0;04-03-2025 21:49:14.648;04-03-2025 21:39:38.283;576365
2;04-03-2025 21:49:16.030;04-03-2025 17:31:48.308;15447722
2;04-03-2025 21:49:16.894;04-03-2025 17:31:48.308;15448586
0;04-03-2025 21:49:20.739;04-03-2025 21:39:38.283;582456
0;04-03-2025 21:49:21.431;04-03-2025 21:39:38.283;583148
0;04-03-2025 21:49:23.877;04-03-2025 21:39:38.283;585594
2;04-03-2025 21:49:24.414;04-03-2025 17:31:48.308;15456106
2;04-03-2025 21:49:26.639;04-03-2025 17:31:48.308;15458331
0;04-03-2025 21:49:27.694;04-03-2025 21:39:38.283;589411
2;04-03-2025 21:49:28.441;04-03-2025 17:31:48.308;15460133
0;04-03-2025 21:49:30.290;04-03-2025 21:39:38.283;592007
2;04-03-2025 21:49:35.665;04-03-2025 17:31:48.308;15467357
2;04-03-2025 21:49:36.278;04-03-2025 17:31:48.308;15467970
0;04-03-2025 21:49:40.338;04-03-2025 21:39:38.283;602055
0;04-03-2025 21:49:47.783;04-03-2025 21:39:38.283;609500
0;04-03-2025 21:49:51.587;04-03-2025 21:39:38.283;613304
0;04-03-2025 21:49:52.353;04-03-2025 21:39:38.283;614070
2;04-03-2025 21:49:55.719;04-03-2025 17:31:48.308;15487411
2;04-03-2025 21:49:58.190;04-03-2025 17:31:48.308;15489882
0;04-03-2025 21:49:59.390;04-03-2025 21:39:38.283;621107
2;04-03-2025 21:50:01.200;04-03-2025 17:31:48.308;15492892
0;04-03-2025 21:50:02.144;04-03-2025 21:39:38.283;623861
2;04-03-2025 21:50:03.072;04-03-2025 17:31:48.308;15494764
2;04-03-2025 21:50:05.600;04-03-2025 17:31:48.308;15497292
0;04-03-2025 21:50:06.517;04-03-2025 21:39:38.283;628234
0;04-03-2025 21:50:07.492;04-03-2025 21:39:38.283;629209
2;04-03-2025 21:50:17.091;04-03-2025 17:31:48.308;15508783
2;04-03-2025 21:50:20.348;04-03-2025 17:31:48.308;15512040
2;04-03-2025 21:50:27.862;04-03-2025 17:31:48.308;15519554
0;04-03-2025 21:50:28.651;04-03-2025 21:39:38.283;650368
0;04-03-2025 21:50:31.214;04-03-2025 21:39:38.283;652931
0;04-03-2025 21:50:33.240;04-03-2025 21:39:38.283;654957
0;04-03-2025 21:50:34.213;04-03-2025 21:39:38.283;655930
2;04-03-2025 21:50:37.118;04-03-2025 17:31:48.308;15528810
2;04-03-2025 21:50:39.208;04-03-2025 17:31:48.308;15530900
0;04-03-2025 21:50:39.275;04-03-2025 21:39:38.283;660992
0;04-03-2025 21:50:42.510;04-03-2025 21:39:38.283;664227
2;04-03-2025 21:50:45.758;04-03-2025 17:31:48.308;15537450
2;04-03-2025 21:50:50.656;04-03-2025 17:31:48.308;15542348
0;04-03-2025 21:50:50.877;04-03-2025 21:39:38.283;672594
2;04-03-2025 21:50:54.743;04-03-2025 17:31:48.308;15546435
2;04-03-2025 21:50:54.817;04-03-2025 17:31:48.308;15546509
2;04-03-2025 21:50:55.521;04-03-2025 17:31:48.308;15547213
0;04-03-2025 21:50:59.663;04-03-2025 21:39:38.283;681380
0;04-03-2025 21:51:00.627;04-03-2025 21:39:38.283;682344
0;04-03-2025 21:51:00.953;04-03-2025 21:39:38.283;682670
2;04-03-2025 21:51:03.200;04-03-2025 17:31:48.308;15554892
2;04-03-2025 21:51:03.669;04-03-2025 17:31:48.308;15555361
0;04-03-2025 21:51:06.825;04-03-2025 21:39:38.283;688542
0;04-03-2025 21:51:09.585;04-03-2025 21:39:38.283;691302
2;04-03-2025 21:51:13.302;04-03-2025 17:31:48.308;15564994
2;04-03-2025 21:51:15.368;04-03-2025 17:31:48.308;15567060
2;04-03-2025 21:51:15.810;04-03-2025 17:31:48.308;15567502
0;04-03-2025 21:51:28.562;04-03-2025 21:39:38.283;710279
2;04-03-2025 21:51:29.217;04-03-2025 17:31:48.308;15580909
0;04-03-2025 21:51:29.973;04-03-2025 21:39:38.283;711690
2;04-03-2025 21:51:31.953;04-03-2025 17:31:48.308;15583645
2;04-03-2025 21:51:32.676;04-03-2025 17:31:48.308;15584368
0;04-03-2025 21:51:37.667;04-03-2025 21:39:38.283;719384
0;04-03-2025 21:51:40.253;04-03-2025 21:39:38.283;721970
2;04-03-2025 21:51:40.390;04-03-2025 17:31:48.308;15592082
2;04-03-2025 21:51:43.322;04-03-2025 17:31:48.308;15595014
2;04-03-2025 21:51:45.664;04-03-2025 17:31:48.308;15597356
0;04-03-2025 21:51:49.872;04-03-2025 21:39:38.283;731589
0;04-03-2025 21:51:50.342;04-03-2025 21:39:38.283;732059
2;04-03-2025 21:51:55.527;04-03-2025 17:31:48.308;15607219
2;04-03-2025 21:51:55.766;04-03-2025 17:31:48.308;15607458
2;04-03-2025 21:51:57.393;04-03-2025 17:31:48.308;15609085
0;04-03-2025 21:51:59.608;04-03-2025 21:39:38.283;741325
0;04-03-2025 21:52:02.047;04-03-2025 21:39:38.283;743764
0;04-03-2025 21:52:02.948;04-03-2025 21:39:38.283;744665
2;04-03-2025 21:52:03.409;04-03-2025 17:31:48.308;15615101
0;04-03-2025 21:52:07.650;04-03-2025 21:39:38.283;749367
0;04-03-2025 21:52:11.175;04-03-2025 21:39:38.283;752892
2;04-03-2025 21:52:13.779;04-03-2025 17:31:48.308;15625471
0;04-03-2025 21:52:14.811;04-03-2025 21:39:38.283;756528
2;04-03-2025 21:52:17.104;04-03-2025 17:31:48.308;15628796
0;04-03-2025 21:52:18.194;04-03-2025 21:39:38.283;759911
2;04-03-2025 21:52:19.815;04-03-2025 17:31:48.308;15631507
2;04-03-2025 21:52:20.462;04-03-2025 17:31:48.308;15632154
0;04-03-2025 21:52:30.515;04-03-2025 21:39:38.283;772232
2;04-03-2025 21:52:31.021;04-03-2025 17:31:48.308;15642713
2;04-03-2025 21:52:32.810;04-03-2025 17:31:48.308;15644502
0;04-03-2025 21:52:34.639;04-03-2025 21:39:38.283;776356
0;04-03-2025 21:52:35.497;04-03-2025 21:39:38.283;777214
2;04-03-2025 21:52:35.844;04-03-2025 17:31:48.308;15647536
0;04-03-2025 21:52:41.211;04-03-2025 21:39:38.283;782928
0;04-03-2025 21:52:45.648;04-03-2025 21:39:38.283;787365
0;04-03-2025 21:52:46.912;04-03-2025 21:39:38.283;788629
2;04-03-2025 21:52:52.918;04-03-2025 17:31:48.308;15664610
0;04-03-2025 21:52:54.256;04-03-2025 21:39:38.283;795973
2;04-03-2025 21:52:56.788;04-03-2025 17:31:48.308;15668480
2;04-03-2025 21:53:03.107;04-03-2025 17:31:48.308;15674799
0;04-03-2025 21:53:03.425;04-03-2025 21:39:38.283;805142
2;04-03-2025 21:53:05.277;04-03-2025 17:31:48.308;15676969
0;04-03-2025 21:53:07.953;04-03-2025 21:39:38.283;809670
0;04-03-2025 21:53:08.092;04-03-2025 21:39:38.283;809809
2;04-03-2025 21:53:15.308;04-03-2025 17:31:48.308;15687000
0;04-03-2025 21:53:15.622;04-03-2025 21:39:38.283;817339
0;04-03-2025 21:53:19.311;04-03-2025 21:39:38.283;821028
2;04-03-2025 21:53:20.155;04-03-2025 17:31:48.308;15691847
2;04-03-2025 21:53:20.193;04-03-2025 17:31:48.308;15691885
0;04-03-2025 21:53:22.597;04-03-2025 21:39:38.283;824314
2;04-03-2025 21:53:22.610;04-03-2025 17:31:48.308;15694302
0;04-03-2025 21:53:29.948;04-03-2025 21:39:38.283;831665
2;04-03-2025 21:53:33.497;04-03-2025 17:31:48.308;15705189
0;04-03-2025 21:53:36.326;04-03-2025 21:39:38.283;838043
2;04-03-2025 21:53:38.531;04-03-2025 17:31:48.308;15710223
2;04-03-2025 21:53:43.222;04-03-2025 17:31:48.308;15714914
0;04-03-2025 21:53:44.525;04-03-2025 21:39:38.283;846242
2;04-03-2025 21:53:47.575;04-03-2025 17:31:48.308;15719267
0;04-03-2025 21:53:50.046;04-03-2025 21:39:38.283;851763
0;04-03-2025 21:53:50.480;04-03-2025 21:39:38.283;852197
0;04-03-2025 21:53:55.374;04-03-2025 21:39:38.283;857091
2;04-03-2025 21:53:56.822;04-03-2025 17:31:48.308;15728514
2;04-03-2025 21:53:59.752;04-03-2025 17:31:48.308;15731444
2;04-03-2025 21:54:01.498;04-03-2025 17:31:48.308;15733190
2;04-03-2025 21:54:02.802;04-03-2025 17:31:48.308;15734494
0;04-03-2025 21:54:02.895;04-03-2025 21:39:38.283;864612
0;04-03-2025 21:54:04.555;04-03-2025 21:39:38.283;866272
0;04-03-2025 21:54:06.534;04-03-2025 21:39:38.283;868251
0;04-03-2025 21:54:12.571;04-03-2025 21:39:38.283;874288
2;04-03-2025 21:54:12.957;04-03-2025 17:31:48.308;15744649
2;04-03-2025 21:54:14.857;04-03-2025 17:31:48.308;15746549
0;04-03-2025 21:54:14.986;04-03-2025 21:39:38.283;876703
0;04-03-2025 21:54:18.103;04-03-2025 21:39:38.283;879820
0;04-03-2025 21:54:25.603;04-03-2025 21:39:38.283;887320
0;04-03-2025 21:54:25.675;04-03-2025 21:39:38.283;887392
2;04-03-2025 21:54:27.048;04-03-2025 17:31:48.308;15758740
2;04-03-2025 21:54:29.475;04-03-2025 17:31:48.308;15761167
2;04-03-2025 21:54:29.804;04-03-2025 17:31:48.308;15761496
0;04-03-2025 21:54:32.504;04-03-2025 21:39:38.283;894221
2;04-03-2025 21:54:39.001;04-03-2025 17:31:48.308;15770693
2;04-03-2025 21:54:43.433;04-03-2025 17:31:48.308;15775125
2;04-03-2025 21:54:47.495;04-03-2025 17:31:48.308;15779187
0;04-03-2025 21:54:47.507;04-03-2025 21:39:38.283;909224
0;04-03-2025 21:54:48.356;04-03-2025 21:39:38.283;910073
0;04-03-2025 21:54:49.448;04-03-2025 21:39:38.283;911165
2;04-03-2025 21:54:54.812;04-03-2025 17:31:48.308;15786504
2;04-03-2025 21:54:55.879;04-03-2025 17:31:48.308;15787571
0;04-03-2025 21:54:56.398;04-03-2025 21:39:38.283;918115
2;04-03-2025 21:54:58.104;04-03-2025 17:31:48.308;15789796
2;04-03-2025 21:54:59.994;04-03-2025 17:31:48.308;15791686
0;04-03-2025 21:55:04.505;04-03-2025 21:39:38.283;926222
2;04-03-2025 21:55:07.977;04-03-2025 17:31:48.308;15799669
0;04-03-2025 21:55:10.614;04-03-2025 21:39:38.283;932331
0;04-03-2025 21:55:14.353;04-03-2025 21:39:38.283;936070
0;04-03-2025 21:55:15.434;04-03-2025 21:39:38.283;937151
2;04-03-2025 21:55:16.245;04-03-2025 17:31:48.308;15807937
0;04-03-2025 21:55:16.798;04-03-2025 21:39:38.283;938515
2;04-03-2025 21:55:20.694;04-03-2025 17:31:48.308;15812386
2;04-03-2025 21:55:21.606;04-03-2025 17:31:48.308;15813298
2;04-03-2025 21:55:22.894;04-03-2025 17:31:48.308;15814586
0;04-03-2025 21:55:27.886;04-03-2025 21:39:38.283;949603
0;04-03-2025 21:55:28.869;04-03-2025 21:39:38.283;950586
2;04-03-2025 21:55:34.967;04-03-2025 17:31:48.308;15826659
2;04-03-2025 21:55:35.270;04-03-2025 17:31:48.308;15826962
2;04-03-2025 21:55:37.037;04-03-2025 17:31:48.308;15828729
2;04-03-2025 21:55:40.329;04-03-2025 17:31:48.308;15832021
0;04-03-2025 21:55:40.829;04-03-2025 21:39:38.283;962546
0;04-03-2025 21:55:42.338;04-03-2025 21:39:38.283;964055
2;04-03-2025 21:55:49.404;04-03-2025 17:31:48.308;15841096
2;04-03-2025 21:55:53.116;04-03-2025 17:31:48.308;15844808
0;04-03-2025 21:55:57.774;04-03-2025 21:39:38.283;979491
2;04-03-2025 21:55:58.063;04-03-2025 17:31:48.308;15849755
0;04-03-2025 21:55:59.162;04-03-2025 21:39:38.283;980879
2;04-03-2025 21:55:59.868;04-03-2025 17:31:48.308;15851560
0;04-03-2025 21:56:04.216;04-03-2025 21:39:38.283;985933
2;04-03-2025 21:56:08.199;04-03-2025 17:31:48.308;15859891
2;04-03-2025 21:56:08.455;04-03-2025 17:31:48.308;15860147
0;04-03-2025 21:56:08.832;04-03-2025 21:39:38.283;990549
0;04-03-2025 21:56:14.645;04-03-2025 21:39:38.283;996362
0;04-03-2025 21:56:15.856;04-03-2025 21:39:38.283;997573
0;04-03-2025 21:56:17.015;04-03-2025 21:39:38.283;998732
0;04-03-2025 21:56:22.338;04-03-2025 21:39:38.283;1004055
0;04-03-2025 21:56:22.685;04-03-2025 21:39:38.283;1004402
2;04-03-2025 21:56:25.166;04-03-2025 17:31:48.308;15876858
2;04-03-2025 21:56:29.293;04-03-2025 17:31:48.308;15880985
0;04-03-2025 21:56:35.566;04-03-2025 21:39:38.283;1017283
2;04-03-2025 21:56:38.902;04-03-2025 17:31:48.308;15890594
0;04-03-2025 21:56:41.889;04-03-2025 21:39:38.283;1023606
0;04-03-2025 21:56:42.154;04-03-2025 21:39:38.283;1023871
2;04-03-2025 21:56:46.083;04-03-2025 17:31:48.308;15897775
0;04-03-2025 21:56:46.100;04-03-2025 21:39:38.283;1027817
2;04-03-2025 21:56:50.383;04-03-2025 17:31:48.308;15902075
0;04-03-2025 21:56:50.748;04-03-2025 21:39:38.283;1032465
0;04-03-2025 21:56:52.446;04-03-2025 21:39:38.283;1034163
2;04-03-2025 21:56:55.042;04-03-2025 17:31:48.308;15906734
2;04-03-2025 21:56:56.778;04-03-2025 17:31:48.308;15908470
2;04-03-2025 21:57:00.735;04-03-2025 17:31:48.308;15912427
0;04-03-2025 21:57:00.801;04-03-2025 21:39:38.283;1042518
2;04-03-2025 21:57:00.925;04-03-2025 17:31:48.308;15912617
2;04-03-2025 21:57:08.956;04-03-2025 17:31:48.308;15920648
0;04-03-2025 21:57:16.850;04-03-2025 21:39:38.283;1058567
2;04-03-2025 21:57:17.154;04-03-2025 17:31:48.308;15928846
0;04-03-2025 21:57:17.885;04-03-2025 21:39:38.283;1059602
2;04-03-2025 21:57:23.759;04-03-2025 17:31:48.308;15935451
0;04-03-2025 21:57:24.421;04-03-2025 21:39:38.283;1066138
0;04-03-2025 21:57:24.847;04-03-2025 21:39:38.283;1066564
2;04-03-2025 21:57:27.729;04-03-2025 17:31:48.308;15939421
2;04-03-2025 21:57:28.016;04-03-2025 17:31:48.308;15939708
2;04-03-2025 21:57:28.640;04-03-2025 17:31:48.308;15940332
0;04-03-2025 21:57:28.730;04-03-2025 21:39:38.283;1070447
2;04-03-2025 21:57:29.342;04-03-2025 17:31:48.308;15941034
0;04-03-2025 21:57:36.656;04-03-2025 21:39:38.283;1078373
2;04-03-2025 21:57:39.594;04-03-2025 17:31:48.308;15951286
0;04-03-2025 21:57:39.793;04-03-2025 21:39:38.283;1081510
0;04-03-2025 21:57:43.456;04-03-2025 21:39:38.283;1085173
0;04-03-2025 21:57:48.569;04-03-2025 21:39:38.283;1090286
2;04-03-2025 21:57:51.097;04-03-2025 17:31:48.308;15962789
0;04-03-2025 21:57:52.548;04-03-2025 21:39:38.283;1094265
0;04-03-2025 21:57:53.877;04-03-2025 21:39:38.283;1095594
2;04-03-2025 21:57:54.492;04-03-2025 17:31:48.308;15966184
0;04-03-2025 21:57:55.839;04-03-2025 21:39:38.283;1097556
0;04-03-2025 21:57:58.426;04-03-2025 21:39:38.283;1100143
2;04-03-2025 21:57:58.780;04-03-2025 17:31:48.308;15970472
2;04-03-2025 21:57:58.798;04-03-2025 17:31:48.308;15970490
2;04-03-2025 21:58:04.991;04-03-2025 17:31:48.308;15976683
0;04-03-2025 21:58:07.722;04-03-2025 21:39:38.283;1109439
0;04-03-2025 21:58:10.511;04-03-2025 21:39:38.283;1112228
2;04-03-2025 21:58:18.755;04-03-2025 17:31:48.308;15990447
0;04-03-2025 21:58:18.783;04-03-2025 21:39:38.283;1120500
2;04-03-2025 21:58:23.369;04-03-2025 17:31:48.308;15995061
2;04-03-2025 21:58:24.798;04-03-2025 17:31:48.308;15996490
2;04-03-2025 21:58:25.973;04-03-2025 17:31:48.308;15997665
2;04-03-2025 21:58:32.269;04-03-2025 17:31:48.308;16003961
0;04-03-2025 21:58:39.292;04-03-2025 21:39:38.283;1141009
0;04-03-2025 21:58:40.360;04-03-2025 21:39:38.283;1142077
0;04-03-2025 21:58:43.392;04-03-2025 21:39:38.283;1145109
2;04-03-2025 21:58:43.913;04-03-2025 17:31:48.308;16015605
2;04-03-2025 21:58:44.306;04-03-2025 17:31:48.308;16015998
0;04-03-2025 21:58:46.258;04-03-2025 21:39:38.283;1147975
2;04-03-2025 21:58:47.549;04-03-2025 17:31:48.308;16019241
2;04-03-2025 21:58:47.998;04-03-2025 17:31:48.308;16019690
0;04-03-2025 21:58:49.295;04-03-2025 21:39:38.283;1151012
0;04-03-2025 21:58:51.893;04-03-2025 21:39:38.283;1153610
0;04-03-2025 21:58:53.575;04-03-2025 21:39:38.283;1155292
0;04-03-2025 21:58:55.305;04-03-2025 21:39:38.283;1157022
2;04-03-2025 21:58:56.847;04-03-2025 17:31:48.308;16028539
0;04-03-2025 21:59:00.302;04-03-2025 21:39:38.283;1162019
2;04-03-2025 21:59:04.699;04-03-2025 17:31:48.308;16036391
2;04-03-2025 21:59:09.898;04-03-2025 17:31:48.308;16041590
2;04-03-2025 21:59:10.763;04-03-2025 17:31:48.308;16042455
0;04-03-2025 21:59:13.418;04-03-2025 21:39:38.283;1175135
2;04-03-2025 21:59:15.347;04-03-2025 17:31:48.308;16047039
0;04-03-2025 21:59:22.141;04-03-2025 21:39:38.283;1183858
0;04-03-2025 21:59:24.278;04-03-2025 21:39:38.283;1185995
2;04-03-2025 21:59:29.347;04-03-2025 17:31:48.308;16061039
0;04-03-2025 21:59:29.493;04-03-2025 21:39:38.283;1191210
2;04-03-2025 21:59:30.808;04-03-2025 17:31:48.308;16062500
2;04-03-2025 21:59:31.867;04-03-2025 17:31:48.308;16063559
2;04-03-2025 21:59:31.902;04-03-2025 17:31:48.308;16063594
0;04-03-2025 21:59:32.859;04-03-2025 21:39:38.283;1194576
2;04-03-2025 21:59:33.952;04-03-2025 17:31:48.308;16065644
0;04-03-2025 21:59:34.385;04-03-2025 21:39:38.283;1196102
2;04-03-2025 21:59:38.082;04-03-2025 17:31:48.308;16069774
0;04-03-2025 21:59:38.402;04-03-2025 21:39:38.283;1200119
2;04-03-2025 21:59:48.841;04-03-2025 17:31:48.308;16080533
0;04-03-2025 21:59:54.721;04-03-2025 21:39:38.283;1216438
0;04-03-2025 21:59:56.259;04-03-2025 21:39:38.283;1217976
0;04-03-2025 21:59:57.457;04-03-2025 21:39:38.283;1219174
0;04-03-2025 22:00:03.195;04-03-2025 21:39:38.283;1224912
0;04-03-2025 22:00:04.557;04-03-2025 21:39:38.283;1226274
2;04-03-2025 22:00:07.125;04-03-2025 17:31:48.308;16098817
2;04-03-2025 22:00:09.872;04-03-2025 17:31:48.308;16101564
2;04-03-2025 22:00:10.261;04-03-2025 17:31:48.308;16101953
2;04-03-2025 22:00:12.258;04-03-2025 17:31:48.308;16103950
2;04-03-2025 22:00:15.660;04-03-2025 17:31:48.308;16107352
0;04-03-2025 22:00:16.835;04-03-2025 21:39:38.283;1238552
0;04-03-2025 22:00:18.324;04-03-2025 21:39:38.283;1240041
2;04-03-2025 22:00:21.847;04-03-2025 17:31:48.308;16113539
0;04-03-2025 22:00:28.007;04-03-2025 21:39:38.283;1249724
2;04-03-2025 22:00:28.574;04-03-2025 17:31:48.308;16120266
2;04-03-2025 22:00:31.292;04-03-2025 17:31:48.308;16122984
0;04-03-2025 22:00:36.240;04-03-2025 21:39:38.283;1257957
0;04-03-2025 22:00:39.334;04-03-2025 21:39:38.283;1261051
2;04-03-2025 22:00:39.605;04-03-2025 17:31:48.308;16131297
0;04-03-2025 22:00:40.315;04-03-2025 21:39:38.283;1262032
0;04-03-2025 22:00:42.155;04-03-2025 21:39:38.283;1263872
2;04-03-2025 22:00:42.495;04-03-2025 17:31:48.308;16134187
2;04-03-2025 22:00:44.494;04-03-2025 17:31:48.308;16136186
0;04-03-2025 22:00:46.151;04-03-2025 21:39:38.283;1267868
2;04-03-2025 22:00:46.590;04-03-2025 17:31:48.308;16138282
2;04-03-2025 22:00:47.626;04-03-2025 17:31:48.308;16139318
0;04-03-2025 22:00:51.739;04-03-2025 21:39:38.283;1273456
2;04-03-2025 22:00:57.612;04-03-2025 17:31:48.308;16149304
2;04-03-2025 22:00:58.042;04-03-2025 17:31:48.308;16149734
0;04-03-2025 22:01:00.385;04-03-2025 21:39:38.283;1282102
0;04-03-2025 22:01:04.676;04-03-2025 21:39:38.283;1286393
2;04-03-2025 22:01:10.914;04-03-2025 17:31:48.308;16162606
2;04-03-2025 22:01:12.500;04-03-2025 17:31:48.308;16164192
2;04-03-2025 22:01:13.563;04-03-2025 17:31:48.308;16165255
0;04-03-2025 22:01:15.660;04-03-2025 21:39:38.283;1297377
0;04-03-2025 22:01:16.568;04-03-2025 21:39:38.283;1298285
0;04-03-2025 22:01:23.709;04-03-2025 21:39:38.283;1305426
0;04-03-2025 22:01:24.399;04-03-2025 21:39:38.283;1306116
0;04-03-2025 22:01:26.382;04-03-2025 21:39:38.283;1308099
2;04-03-2025 22:01:32.649;04-03-2025 17:31:48.308;16184341
0;04-03-2025 22:01:44.014;04-03-2025 21:39:38.283;1325731
2;04-03-2025 22:01:44.712;04-03-2025 17:31:48.308;16196404
2;04-03-2025 22:01:47.717;04-03-2025 17:31:48.308;16199409
2;04-03-2025 22:01:48.358;04-03-2025 17:31:48.308;16200050
2;04-03-2025 22:01:48.589;04-03-2025 17:31:48.308;16200281
0;04-03-2025 22:01:49.239;04-03-2025 21:39:38.283;1330956
0;04-03-2025 22:01:49.906;04-03-2025 21:39:38.283;1331623
0;04-03-2025 22:01:53.514;04-03-2025 21:39:38.283;1335231
2;04-03-2025 22:01:57.241;04-03-2025 17:31:48.308;16208933
0;04-03-2025 22:01:57.291;04-03-2025 21:39:38.283;1339008
2;04-03-2025 22:01:58.700;04-03-2025 17:31:48.308;16210392
2;04-03-2025 22:02:00.411;04-03-2025 17:31:48.308;16212103
0;04-03-2025 22:02:02.656;04-03-2025 21:39:38.283;1344373
2;04-03-2025 22:02:07.466;04-03-2025 17:31:48.308;16219158
2;04-03-2025 22:02:09.736;04-03-2025 17:31:48.308;16221428
2;04-03-2025 22:02:10.350;04-03-2025 17:31:48.308;16222042
2;04-03-2025 22:02:12.702;04-03-2025 17:31:48.308;16224394
0;04-03-2025 22:02:13.472;04-03-2025 21:39:38.283;1355189
0;04-03-2025 22:02:15.228;04-03-2025 21:39:38.283;1356945
0;04-03-2025 22:02:18.999;04-03-2025 21:39:38.283;1360716
2;04-03-2025 22:02:19.545;04-03-2025 17:31:48.308;16231237
0;04-03-2025 22:02:22.527;04-03-2025 21:39:38.283;1364244
0;04-03-2025 22:02:28.066;04-03-2025 21:39:38.283;1369783
0;04-03-2025 22:02:28.311;04-03-2025 21:39:38.283;1370028
0;04-03-2025 22:02:33.641;04-03-2025 21:39:38.283;1375358
0;04-03-2025 22:02:34.124;04-03-2025 21:39:38.283;1375841
2;04-03-2025 22:02:41.177;04-03-2025 17:31:48.308;16252869
2;04-03-2025 22:02:41.963;04-03-2025 17:31:48.308;16253655
2;04-03-2025 22:02:44.507;04-03-2025 17:31:48.308;16256199
2;04-03-2025 22:02:47.346;04-03-2025 17:31:48.308;16259038
0;04-03-2025 22:02:48.472;04-03-2025 21:39:38.283;1390189
0;04-03-2025 22:02:49.471;04-03-2025 21:39:38.283;1391188
2;04-03-2025 22:02:50.722;04-03-2025 17:31:48.308;16262414
0;04-03-2025 22:02:55.187;04-03-2025 21:39:38.283;1396904
0;04-03-2025 22:02:56.389;04-03-2025 21:39:38.283;1398106
0;04-03-2025 22:02:58.660;04-03-2025 21:39:38.283;1400377
2;04-03-2025 22:03:00.235;04-03-2025 17:31:48.308;16271927
2;04-03-2025 22:03:00.661;04-03-2025 17:31:48.308;16272353
2;04-03-2025 22:03:05.977;04-03-2025 17:31:48.308;16277669
0;04-03-2025 22:03:11.078;04-03-2025 21:39:38.283;1412795
0;04-03-2025 22:03:11.107;04-03-2025 21:39:38.283;1412824
2;04-03-2025 22:03:14.864;04-03-2025 17:31:48.308;16286556
0;04-03-2025 22:03:16.513;04-03-2025 21:39:38.283;1418230
2;04-03-2025 22:03:23.988;04-03-2025 17:31:48.308;16295680
2;04-03-2025 22:03:24.237;04-03-2025 17:31:48.308;16295929
0;04-03-2025 22:03:25.457;04-03-2025 21:39:38.283;1427174
0;04-03-2025 22:03:26.101;04-03-2025 21:39:38.283;1427818
2;04-03-2025 22:03:30.603;04-03-2025 17:31:48.308;16302295
0;04-03-2025 22:03:30.822;04-03-2025 21:39:38.283;1432539
2;04-03-2025 22:03:37.810;04-03-2025 17:31:48.308;16309502
0;04-03-2025 22:03:39.790;04-03-2025 21:39:38.283;1441507
0;04-03-2025 22:03:43.548;04-03-2025 21:39:38.283;1445265
2;04-03-2025 22:03:45.200;04-03-2025 17:31:48.308;16316892
0;04-03-2025 22:03:48.366;04-03-2025 21:39:38.283;1450083
2;04-03-2025 22:03:53.821;04-03-2025 17:31:48.308;16325513
0;04-03-2025 22:03:54.106;04-03-2025 21:39:38.283;1455823
0;04-03-2025 22:03:56.175;04-03-2025 21:39:38.283;1457892
2;04-03-2025 22:03:59.808;04-03-2025 17:31:48.308;16331500
2;04-03-2025 22:04:02.677;04-03-2025 17:31:48.308;16334369
2;04-03-2025 22:04:04.827;04-03-2025 17:31:48.308;16336519
2;04-03-2025 22:04:06.284;04-03-2025 17:31:48.308;16337976
0;04-03-2025 22:04:06.523;04-03-2025 21:39:38.283;1468240
0;04-03-2025 22:04:09.910;04-03-2025 21:39:38.283;1471627
2;04-03-2025 22:04:10.355;04-03-2025 17:31:48.308;16342047
2;04-03-2025 22:04:12.240;04-03-2025 17:31:48.308;16343932
0;04-03-2025 22:04:14.886;04-03-2025 21:39:38.283;1476603
2;04-03-2025 22:04:16.861;04-03-2025 17:31:48.308;16348553
0;04-03-2025 22:04:17.172;04-03-2025 21:39:38.283;1478889
2;04-03-2025 22:04:19.857;04-03-2025 17:31:48.308;16351549
2;04-03-2025 22:04:19.953;04-03-2025 17:31:48.308;16351645
0;04-03-2025 22:04:24.924;04-03-2025 21:39:38.283;1486641
0;04-03-2025 22:04:25.626;04-03-2025 21:39:38.283;1487343
0;04-03-2025 22:04:31.375;04-03-2025 21:39:38.283;1493092
2;04-03-2025 22:04:39.702;04-03-2025 17:31:48.308;16371394
0;04-03-2025 22:04:39.902;04-03-2025 21:39:38.283;1501619
2;04-03-2025 22:04:42.885;04-03-2025 17:31:48.308;16374577
2;04-03-2025 22:04:44.018;04-03-2025 17:31:48.308;16375710
2;04-03-2025 22:04:45.131;04-03-2025 17:31:48.308;16376823
2;04-03-2025 22:04:45.522;04-03-2025 17:31:48.308;16377214
0;04-03-2025 22:04:46.742;04-03-2025 21:39:38.283;1508459
0;04-03-2025 22:04:55.961;04-03-2025 21:39:38.283;1517678
0;04-03-2025 22:04:58.486;04-03-2025 21:39:38.283;1520203
2;04-03-2025 22:05:01.426;04-03-2025 17:31:48.308;16393118
0;04-03-2025 22:05:01.844;04-03-2025 21:39:38.283;1523561
0;04-03-2025 22:05:02.831;04-03-2025 21:39:38.283;1524548
2;04-03-2025 22:05:06.794;04-03-2025 17:31:48.308;16398486
0;04-03-2025 22:05:07.501;04-03-2025 21:39:38.283;1529218
0;04-03-2025 22:05:12.282;04-03-2025 21:39:38.283;1533999
2;04-03-2025 22:05:14.623;04-03-2025 17:31:48.308;16406315
2;04-03-2025 22:05:23.895;04-03-2025 17:31:48.308;16415587
0;04-03-2025 22:05:25.365;04-03-2025 21:39:38.283;1547082
2;04-03-2025 22:05:25.517;04-03-2025 17:31:48.308;16417209
2;04-03-2025 22:05:25.638;04-03-2025 17:31:48.308;16417330
2;04-03-2025 22:05:26.236;04-03-2025 17:31:48.308;16417928
0;04-03-2025 22:05:27.058;04-03-2025 21:39:38.283;1548775
0;04-03-2025 22:05:28.137;04-03-2025 21:39:38.283;1549854
0;04-03-2025 22:05:33.578;04-03-2025 21:39:38.283;1555295
2;04-03-2025 22:05:35.812;04-03-2025 17:31:48.308;16427504
0;04-03-2025 22:05:35.925;04-03-2025 21:39:38.283;1557642
2;04-03-2025 22:05:45.674;04-03-2025 17:31:48.308;16437366
0;04-03-2025 22:05:46.365;04-03-2025 21:39:38.283;1568082
0;04-03-2025 22:05:48.080;04-03-2025 21:39:38.283;1569797
2;04-03-2025 22:05:53.122;04-03-2025 17:31:48.308;16444814
0;04-03-2025 22:05:53.323;04-03-2025 21:39:38.283;1575040
2;04-03-2025 22:05:56.356;04-03-2025 17:31:48.308;16448048
0;04-03-2025 22:06:00.147;04-03-2025 21:39:38.283;1581864
0;04-03-2025 22:06:02.626;04-03-2025 21:39:38.283;1584343
2;04-03-2025 22:06:09.457;04-03-2025 17:31:48.308;16461149
2;04-03-2025 22:06:09.691;04-03-2025 17:31:48.308;16461383
0;04-03-2025 22:06:10.196;04-03-2025 21:39:38.283;1591913
0;04-03-2025 22:06:10.931;04-03-2025 21:39:38.283;1592648
2;04-03-2025 22:06:11.251;04-03-2025 17:31:48.308;16462943
0;04-03-2025 22:06:12.390;04-03-2025 21:39:38.283;1594107
2;04-03-2025 22:06:12.454;04-03-2025 17:31:48.308;16464146
2;04-03-2025 22:06:14.422;04-03-2025 17:31:48.308;16466114
0;04-03-2025 22:06:24.067;04-03-2025 21:39:38.283;1605784
0;04-03-2025 22:06:25.676;04-03-2025 21:39:38.283;1607393
2;04-03-2025 22:06:26.175;04-03-2025 17:31:48.308;16477867
2;04-03-2025 22:06:26.525;04-03-2025 17:31:48.308;16478217
0;04-03-2025 22:06:30.339;04-03-2025 21:39:38.283;1612056
0;04-03-2025 22:06:37.667;04-03-2025 21:39:38.283;1619384
2;04-03-2025 22:06:39.496;04-03-2025 17:31:48.308;16491188
2;04-03-2025 22:06:39.908;04-03-2025 17:31:48.308;16491600
0;04-03-2025 22:06:40.194;04-03-2025 21:39:38.283;1621911
2;04-03-2025 22:06:40.231;04-03-2025 17:31:48.308;16491923
2;04-03-2025 22:06:40.836;04-03-2025 17:31:48.308;16492528
2;04-03-2025 22:06:50.231;04-03-2025 17:31:48.308;16501923
0;04-03-2025 22:06:51.250;04-03-2025 21:39:38.283;1632967
0;04-03-2025 22:07:03.526;04-03-2025 21:39:38.283;1645243
2;04-03-2025 22:07:04.083;04-03-2025 17:31:48.308;16515775
2;04-03-2025 22:07:04.608;04-03-2025 17:31:48.308;16516300
2;04-03-2025 22:07:05.501;04-03-2025 17:31:48.308;16517193
0;04-03-2025 22:07:07.937;04-03-2025 21:39:38.283;1649654
0;04-03-2025 22:07:10.947;04-03-2025 21:39:38.283;1652664
0;04-03-2025 22:07:12.028;04-03-2025 21:39:38.283;1653745
0;04-03-2025 22:07:13.385;04-03-2025 21:39:38.283;1655102
2;04-03-2025 22:07:13.993;04-03-2025 17:31:48.308;16525685
0;04-03-2025 22:07:14.551;04-03-2025 21:39:38.283;1656268
2;04-03-2025 22:07:15.897;04-03-2025 17:31:48.308;16527589
0;04-03-2025 22:07:19.971;04-03-2025 21:39:38.283;1661688
2;04-03-2025 22:07:20.628;04-03-2025 17:31:48.308;16532320
2;04-03-2025 22:07:21.282;04-03-2025 17:31:48.308;16532974
0;04-03-2025 22:07:22.330;04-03-2025 21:39:38.283;1664047
2;04-03-2025 22:07:26.154;04-03-2025 17:31:48.308;16537846
2;04-03-2025 22:07:32.672;04-03-2025 17:31:48.308;16544364
2;04-03-2025 22:07:40.920;04-03-2025 17:31:48.308;16552612
0;04-03-2025 22:07:41.036;04-03-2025 21:39:38.283;1682753
0;04-03-2025 22:07:41.711;04-03-2025 21:39:38.283;1683428
2;04-03-2025 22:07:43.603;04-03-2025 17:31:48.308;16555295
0;04-03-2025 22:07:49.861;04-03-2025 21:39:38.283;1691578
0;04-03-2025 22:07:56.011;04-03-2025 21:39:38.283;1697728
0;04-03-2025 22:07:57.805;04-03-2025 21:39:38.283;1699522
0;04-03-2025 22:07:58.707;04-03-2025 21:39:38.283;1700424
2;04-03-2025 22:08:00.651;04-03-2025 17:31:48.308;16572343
0;04-03-2025 22:08:02.823;04-03-2025 21:39:38.283;1704540
2;04-03-2025 22:08:03.606;04-03-2025 17:31:48.308;16575298
2;04-03-2025 22:08:04.026;04-03-2025 17:31:48.308;16575718
0;04-03-2025 22:08:05.732;04-03-2025 21:39:38.283;1707449
2;04-03-2025 22:08:08.803;04-03-2025 17:31:48.308;16580495
2;04-03-2025 22:08:10.486;04-03-2025 17:31:48.308;16582178
0;04-03-2025 22:08:12.876;04-03-2025 21:39:38.283;1714593
0;04-03-2025 22:08:13.903;04-03-2025 21:39:38.283;1715620
0;04-03-2025 22:08:14.538;04-03-2025 21:39:38.283;1716255
2;04-03-2025 22:08:14.713;04-03-2025 17:31:48.308;16586405
2;04-03-2025 22:08:16.813;04-03-2025 17:31:48.308;16588505
2;04-03-2025 22:08:18.844;04-03-2025 17:31:48.308;16590536
0;04-03-2025 22:08:21.543;04-03-2025 21:39:38.283;1723260
2;04-03-2025 22:08:27.559;04-03-2025 17:31:48.308;16599251
2;04-03-2025 22:08:31.928;04-03-2025 17:31:48.308;16603620
0;04-03-2025 22:08:39.059;04-03-2025 21:39:38.283;1740776
2;04-03-2025 22:08:40.696;04-03-2025 17:31:48.308;16612388
0;04-03-2025 22:08:43.672;04-03-2025 21:39:38.283;1745389
0;04-03-2025 22:08:45.750;04-03-2025 21:39:38.283;1747467
0;04-03-2025 22:08:48.019;04-03-2025 21:39:38.283;1749736
2;04-03-2025 22:08:48.524;04-03-2025 17:31:48.308;16620216
0;04-03-2025 22:08:50.745;04-03-2025 21:39:38.283;1752462
0;04-03-2025 22:08:50.878;04-03-2025 21:39:38.283;1752595
2;04-03-2025 22:08:54.635;04-03-2025 17:31:48.308;16626327
0;04-03-2025 22:08:55.139;04-03-2025 21:39:38.283;1756856
2;04-03-2025 22:09:01.241;04-03-2025 17:31:48.308;16632933
0;04-03-2025 22:09:04.248;04-03-2025 21:39:38.283;1765965
2;04-03-2025 22:09:04.437;04-03-2025 17:31:48.308;16636129
2;04-03-2025 22:09:05.931;04-03-2025 17:31:48.308;16637623
2;04-03-2025 22:09:07.053;04-03-2025 17:31:48.308;16638745
2;04-03-2025 22:09:12.924;04-03-2025 17:31:48.308;16644616
2;04-03-2025 22:09:13.094;04-03-2025 17:31:48.308;16644786
0;04-03-2025 22:09:18.118;04-03-2025 21:39:38.283;1779835
0;04-03-2025 22:09:25.068;04-03-2025 21:39:38.283;1786785
2;04-03-2025 22:09:27.675;04-03-2025 17:31:48.308;16659367
0;04-03-2025 22:09:27.758;04-03-2025 21:39:38.283;1789475
2;04-03-2025 22:09:31.028;04-03-2025 17:31:48.308;16662720
0;04-03-2025 22:09:35.500;04-03-2025 21:39:38.283;1797217
2;04-03-2025 22:09:39.148;04-03-2025 17:31:48.308;16670840
2;04-03-2025 22:09:39.655;04-03-2025 17:31:48.308;16671347
2;04-03-2025 22:09:41.171;04-03-2025 17:31:48.308;16672863
2;04-03-2025 22:09:42.286;04-03-2025 17:31:48.308;16673978
2;04-03-2025 22:09:44.186;04-03-2025 17:31:48.308;16675878
0;04-03-2025 22:09:44.300;04-03-2025 21:39:38.283;1806017
0;04-03-2025 22:09:44.511;04-03-2025 21:39:38.283;1806228
0;04-03-2025 22:09:47.052;04-03-2025 21:39:38.283;1808769
0;04-03-2025 22:09:47.762;04-03-2025 21:39:38.283;1809479
2;04-03-2025 22:09:47.796;04-03-2025 17:31:48.308;16679488
0;04-03-2025 22:09:57.461;04-03-2025 21:39:38.283;1819178
0;04-03-2025 22:09:58.198;04-03-2025 21:39:38.283;1819915
0;04-03-2025 22:10:02.271;04-03-2025 21:39:38.283;1823988
0;04-03-2025 22:10:04.567;04-03-2025 21:39:38.283;1826284
2;04-03-2025 22:10:06.178;04-03-2025 17:31:48.308;16697870
2;04-03-2025 22:10:08.026;04-03-2025 17:31:48.308;16699718
2;04-03-2025 22:10:14.010;04-03-2025 17:31:48.308;16705702
0;04-03-2025 22:10:14.600;04-03-2025 21:39:38.283;1836317
2;04-03-2025 22:10:16.135;04-03-2025 17:31:48.308;16707827
0;04-03-2025 22:10:16.801;04-03-2025 21:39:38.283;1838518
0;04-03-2025 22:10:18.707;04-03-2025 21:39:38.283;1840424
0;04-03-2025 22:10:24.815;04-03-2025 21:39:38.283;1846532
2;04-03-2025 22:10:26.519;04-03-2025 17:31:48.308;16718211
2;04-03-2025 22:10:31.359;04-03-2025 17:31:48.308;16723051
2;04-03-2025 22:10:34.493;04-03-2025 17:31:48.308;16726185
0;04-03-2025 22:10:35.758;04-03-2025 21:39:38.283;1857475
0;04-03-2025 22:10:40.349;04-03-2025 21:39:38.283;1862066
2;04-03-2025 22:10:44.970;04-03-2025 17:31:48.308;16736662
0;04-03-2025 22:10:45.979;04-03-2025 21:39:38.283;1867696
2;04-03-2025 22:10:46.817;04-03-2025 17:31:48.308;16738509
0;04-03-2025 22:10:50.718;04-03-2025 21:39:38.283;1872435
2;04-03-2025 22:10:53.947;04-03-2025 17:31:48.308;16745639
2;04-03-2025 22:10:55.227;04-03-2025 17:31:48.308;16746919
0;04-03-2025 22:10:57.681;04-03-2025 21:39:38.283;1879398
0;04-03-2025 22:10:59.143;04-03-2025 21:39:38.283;1880860
2;04-03-2025 22:11:00.632;04-03-2025 17:31:48.308;16752324
2;04-03-2025 22:11:03.715;04-03-2025 17:31:48.308;16755407
0;04-03-2025 22:11:06.103;04-03-2025 21:39:38.283;1887820
0;04-03-2025 22:11:07.183;04-03-2025 21:39:38.283;1888900
2;04-03-2025 22:11:13.216;04-03-2025 17:31:48.308;16764908
2;04-03-2025 22:11:17.703;04-03-2025 17:31:48.308;16769395
0;04-03-2025 22:11:19.618;04-03-2025 21:39:38.283;1901335
2;04-03-2025 22:11:20.616;04-03-2025 17:31:48.308;16772308
2;04-03-2025 22:11:22.209;04-03-2025 17:31:48.308;16773901
0;04-03-2025 22:11:22.805;04-03-2025 21:39:38.283;1904522
2;04-03-2025 22:11:27.270;04-03-2025 17:31:48.308;16778962
2;04-03-2025 22:11:27.425;04-03-2025 17:31:48.308;16779117
0;04-03-2025 22:11:30.723;04-03-2025 21:39:38.283;1912440
2;04-03-2025 22:11:31.597;04-03-2025 17:31:48.308;16783289
0;04-03-2025 22:11:35.930;04-03-2025 21:39:38.283;1917647
0;04-03-2025 22:11:37.163;04-03-2025 21:39:38.283;1918880
0;04-03-2025 22:11:37.274;04-03-2025 21:39:38.283;1918991
2;04-03-2025 22:11:39.558;04-03-2025 17:31:48.308;16791250
2;04-03-2025 22:11:45.186;04-03-2025 17:31:48.308;16796878
2;04-03-2025 22:11:45.857;04-03-2025 17:31:48.308;16797549
0;04-03-2025 22:11:45.909;04-03-2025 21:39:38.283;1927626
0;04-03-2025 22:11:55.604;04-03-2025 21:39:38.283;1937321
2;04-03-2025 22:11:56.501;04-03-2025 17:31:48.308;16808193
0;04-03-2025 22:12:02.328;04-03-2025 21:39:38.283;1944045
0;04-03-2025 22:12:08.753;04-03-2025 21:39:38.283;1950470
2;04-03-2025 22:12:08.814;04-03-2025 17:31:48.308;16820506
2;04-03-2025 22:12:09.071;04-03-2025 17:31:48.308;16820763
0;04-03-2025 22:12:10.859;04-03-2025 21:39:38.283;1952576
0;04-03-2025 22:12:14.089;04-03-2025 21:39:38.283;1955806
2;04-03-2025 22:12:14.422;04-03-2025 17:31:48.308;16826114
0;04-03-2025 22:12:17.416;04-03-2025 21:39:38.283;1959133
2;04-03-2025 22:12:19.307;04-03-2025 17:31:48.308;16830999
2;04-03-2025 22:12:24.489;04-03-2025 17:31:48.308;16836181
0;04-03-2025 22:12:27.269;04-03-2025 21:39:38.283;1968986
0;04-03-2025 22:12:27.455;04-03-2025 21:39:38.283;1969172
2;04-03-2025 22:12:27.929;04-03-2025 17:31:48.308;16839621
0;04-03-2025 22:12:28.687;04-03-2025 21:39:38.283;1970404
0;04-03-2025 22:12:30.120;04-03-2025 21:39:38.283;1971837
0;04-03-2025 22:12:35.382;04-03-2025 21:39:38.283;1977099
2;04-03-2025 22:12:39.917;04-03-2025 17:31:48.308;16851609
0;04-03-2025 22:12:42.176;04-03-2025 21:39:38.283;1983893
2;04-03-2025 22:12:43.239;04-03-2025 17:31:48.308;16854931
2;04-03-2025 22:12:49.692;04-03-2025 17:31:48.308;16861384
2;04-03-2025 22:12:52.707;04-03-2025 17:31:48.308;16864399
0;04-03-2025 22:12:57.058;04-03-2025 21:39:38.283;1998775
0;04-03-2025 22:12:58.724;04-03-2025 21:39:38.283;2000441
0;04-03-2025 22:12:59.084;04-03-2025 21:39:38.283;2000801
2;04-03-2025 22:13:04.249;04-03-2025 17:31:48.308;16875941
0;04-03-2025 22:13:04.306;04-03-2025 21:39:38.283;2006023
0;04-03-2025 22:13:05.019;04-03-2025 21:39:38.283;2006736
2;04-03-2025 22:13:06.378;04-03-2025 17:31:48.308;16878070
2;04-03-2025 22:13:07.747;04-03-2025 17:31:48.308;16879439
2;04-03-2025 22:13:12.909;04-03-2025 17:31:48.308;16884601
2;04-03-2025 22:13:16.165;04-03-2025 17:31:48.308;16887857
0;04-03-2025 22:13:17.437;04-03-2025 21:39:38.283;2019154
2;04-03-2025 22:13:18.114;04-03-2025 17:31:48.308;16889806
2;04-03-2025 22:13:20.338;04-03-2025 17:31:48.308;16892030
0;04-03-2025 22:13:20.644;04-03-2025 21:39:38.283;2022361
0;04-03-2025 22:13:28.195;04-03-2025 21:39:38.283;2029912
0;04-03-2025 22:13:28.404;04-03-2025 21:39:38.283;2030121
2;04-03-2025 22:13:30.109;04-03-2025 17:31:48.308;16901801
0;04-03-2025 22:13:31.535;04-03-2025 21:39:38.283;2033252
2;04-03-2025 22:13:34.799;04-03-2025 17:31:48.308;16906491
0;04-03-2025 22:13:36.234;04-03-2025 21:39:38.283;2037951
0;04-03-2025 22:13:36.778;04-03-2025 21:39:38.283;2038495
0;04-03-2025 22:13:36.932;04-03-2025 21:39:38.283;2038649
2;04-03-2025 22:13:37.908;04-03-2025 17:31:48.308;16909600
2;04-03-2025 22:13:44.121;04-03-2025 17:31:48.308;16915813
2;04-03-2025 22:13:44.690;04-03-2025 17:31:48.308;16916382
0;04-03-2025 22:13:50.271;04-03-2025 21:39:38.283;2051988
0;04-03-2025 22:13:56.101;04-03-2025 21:39:38.283;2057818
2;04-03-2025 22:13:56.135;04-03-2025 17:31:48.308;16927827
2;04-03-2025 22:13:56.804;04-03-2025 17:31:48.308;16928496
2;04-03-2025 22:14:02.539;04-03-2025 17:31:48.308;16934231
0;04-03-2025 22:14:06.913;04-03-2025 21:39:38.283;2068630
0;04-03-2025 22:14:07.659;04-03-2025 21:39:38.283;2069376
2;04-03-2025 22:14:18.153;04-03-2025 17:31:48.308;16949845
0;04-03-2025 22:14:18.862;04-03-2025 21:39:38.283;2080579
0;04-03-2025 22:14:25.291;04-03-2025 21:39:38.283;2087008
0;04-03-2025 22:14:25.560;04-03-2025 21:39:38.283;2087277
2;04-03-2025 22:14:28.054;04-03-2025 17:31:48.308;16959746
2;04-03-2025 22:14:28.557;04-03-2025 17:31:48.308;16960249
0;04-03-2025 22:14:29.271;04-03-2025 21:39:38.283;2090988
2;04-03-2025 22:14:29.518;04-03-2025 17:31:48.308;16961210
0;04-03-2025 22:14:31.335;04-03-2025 21:39:38.283;2093052
2;04-03-2025 22:14:34.442;04-03-2025 17:31:48.308;16966134
2;04-03-2025 22:14:37.043;04-03-2025 17:31:48.308;16968735
0;04-03-2025 22:14:38.587;04-03-2025 21:39:38.283;2100304
2;04-03-2025 22:14:38.797;04-03-2025 17:31:48.308;16970489
2;04-03-2025 22:14:44.204;04-03-2025 17:31:48.308;16975896
2;04-03-2025 22:14:48.064;04-03-2025 17:31:48.308;16979756
0;04-03-2025 22:14:50.430;04-03-2025 21:39:38.283;2112147
0;04-03-2025 22:14:51.069;04-03-2025 21:39:38.283;2112786
2;04-03-2025 22:14:53.929;04-03-2025 17:31:48.308;16985621
0;04-03-2025 22:14:56.121;04-03-2025 21:39:38.283;2117838
2;04-03-2025 22:14:56.838;04-03-2025 17:31:48.308;16988530
0;04-03-2025 22:15:02.478;04-03-2025 21:39:38.283;2124195
0;04-03-2025 22:15:04.148;04-03-2025 21:39:38.283;2125865
0;04-03-2025 22:15:06.074;04-03-2025 21:39:38.283;2127791
2;04-03-2025 22:15:07.297;04-03-2025 17:31:48.308;16998989
2;04-03-2025 22:15:12.100;04-03-2025 17:31:48.308;17003792
0;04-03-2025 22:15:16.292;04-03-2025 21:39:38.283;2138009
2;04-03-2025 22:15:17.100;04-03-2025 17:31:48.308;17008792
2;04-03-2025 22:15:18.861;04-03-2025 17:31:48.308;17010553
2;04-03-2025 22:15:19.866;04-03-2025 17:31:48.308;17011558
2;04-03-2025 22:15:23.396;04-03-2025 17:31:48.308;17015088
0;04-03-2025 22:15:23.503;04-03-2025 21:39:38.283;2145220
0;04-03-2025 22:15:24.109;04-03-2025 21:39:38.283;2145826
0;04-03-2025 22:15:25.612;04-03-2025 21:39:38.283;2147329
2;04-03-2025 22:15:36.893;04-03-2025 17:31:48.308;17028585
0;04-03-2025 22:15:37.012;04-03-2025 21:39:38.283;2158729
2;04-03-2025 22:15:37.602;04-03-2025 17:31:48.308;17029294
0;04-03-2025 22:15:40.099;04-03-2025 21:39:38.283;2161816
2;04-03-2025 22:15:43.333;04-03-2025 17:31:48.308;17035025
0;04-03-2025 22:15:45.303;04-03-2025 21:39:38.283;2167020
0;04-03-2025 22:15:46.556;04-03-2025 21:39:38.283;2168273
0;04-03-2025 22:15:49.342;04-03-2025 21:39:38.283;2171059
0;04-03-2025 22:15:52.101;04-03-2025 21:39:38.283;2173818
2;04-03-2025 22:15:52.158;04-03-2025 17:31:48.308;17043850
2;04-03-2025 22:15:56.153;04-03-2025 17:31:48.308;17047845
2;04-03-2025 22:15:58.681;04-03-2025 17:31:48.308;17050373
0;04-03-2025 22:15:59.953;04-03-2025 21:39:38.283;2181670
0;04-03-2025 22:16:02.527;04-03-2025 21:39:38.283;2184244
0;04-03-2025 22:16:05.390;04-03-2025 21:39:38.283;2187107
0;04-03-2025 22:16:07.062;04-03-2025 21:39:38.283;2188779
2;04-03-2025 22:16:12.267;04-03-2025 17:31:48.308;17063959
2;04-03-2025 22:16:15.258;04-03-2025 17:31:48.308;17066950
2;04-03-2025 22:16:15.387;04-03-2025 17:31:48.308;17067079
2;04-03-2025 22:16:17.282;04-03-2025 17:31:48.308;17068974
2;04-03-2025 22:16:20.568;04-03-2025 17:31:48.308;17072260
2;04-03-2025 22:16:27.243;04-03-2025 17:31:48.308;17078935
0;04-03-2025 22:16:27.886;04-03-2025 21:39:38.283;2209603
2;04-03-2025 22:16:28.824;04-03-2025 17:31:48.308;17080516
2;04-03-2025 22:16:34.922;04-03-2025 17:31:48.308;17086614
0;04-03-2025 22:16:36.862;04-03-2025 21:39:38.283;2218579
0;04-03-2025 22:16:37.158;04-03-2025 21:39:38.283;2218875
0;04-03-2025 22:16:41.490;04-03-2025 21:39:38.283;2223207
0;04-03-2025 22:16:41.867;04-03-2025 21:39:38.283;2223584
0;04-03-2025 22:16:42.215;04-03-2025 21:39:38.283;2223932
2;04-03-2025 22:16:45.090;04-03-2025 17:31:48.308;17096782
2;04-03-2025 22:16:51.609;04-03-2025 17:31:48.308;17103301
2;04-03-2025 22:17:00.771;04-03-2025 17:31:48.308;17112463
2;04-03-2025 22:17:01.489;04-03-2025 17:31:48.308;17113181
2;04-03-2025 22:17:04.238;04-03-2025 17:31:48.308;17115930
0;04-03-2025 22:17:05.846;04-03-2025 21:39:38.283;2247563
0;04-03-2025 22:17:06.971;04-03-2025 21:39:38.283;2248688
0;04-03-2025 22:17:07.228;04-03-2025 21:39:38.283;2248945
2;04-03-2025 22:17:18.393;04-03-2025 17:31:48.308;17130085
0;04-03-2025 22:17:21.193;04-03-2025 21:39:38.283;2262910
2;04-03-2025 22:17:21.204;04-03-2025 17:31:48.308;17132896
2;04-03-2025 22:17:21.587;04-03-2025 17:31:48.308;17133279
0;04-03-2025 22:17:22.480;04-03-2025 21:39:38.283;2264197
2;04-03-2025 22:17:22.540;04-03-2025 17:31:48.308;17134232
2;04-03-2025 22:17:23.903;04-03-2025 17:31:48.308;17135595
0;04-03-2025 22:17:27.570;04-03-2025 21:39:38.283;2269287
0;04-03-2025 22:17:30.505;04-03-2025 21:39:38.283;2272222
2;04-03-2025 22:17:31.020;04-03-2025 17:31:48.308;17142712
0;04-03-2025 22:17:31.867;04-03-2025 21:39:38.283;2273584
0;04-03-2025 22:17:33.008;04-03-2025 21:39:38.283;2274725
0;04-03-2025 22:17:33.610;04-03-2025 21:39:38.283;2275327
0;04-03-2025 22:17:45.596;04-03-2025 21:39:38.283;2287313
2;04-03-2025 22:17:46.042;04-03-2025 17:31:48.308;17157734
2;04-03-2025 22:17:55.200;04-03-2025 17:31:48.308;17166892
2;04-03-2025 22:17:57.027;04-03-2025 17:31:48.308;17168719
0;04-03-2025 22:17:59.662;04-03-2025 21:39:38.283;2301379
2;04-03-2025 22:17:59.904;04-03-2025 17:31:48.308;17171596
0;04-03-2025 22:18:02.753;04-03-2025 21:39:38.283;2304470
0;04-03-2025 22:18:03.115;04-03-2025 21:39:38.283;2304832
0;04-03-2025 22:18:05.121;04-03-2025 21:39:38.283;2306838
2;04-03-2025 22:18:06.399;04-03-2025 17:31:48.308;17178091
2;04-03-2025 22:18:06.959;04-03-2025 17:31:48.308;17178651
2;04-03-2025 22:18:07.570;04-03-2025 17:31:48.308;17179262
0;04-03-2025 22:18:08.646;04-03-2025 21:39:38.283;2310363
0;04-03-2025 22:18:13.164;04-03-2025 21:39:38.283;2314881
0;04-03-2025 22:18:17.876;04-03-2025 21:39:38.283;2319593
2;04-03-2025 22:18:17.968;04-03-2025 17:31:48.308;17189660
0;04-03-2025 22:18:20.210;04-03-2025 21:39:38.283;2321927
2;04-03-2025 22:18:25.229;04-03-2025 17:31:48.308;17196921
2;04-03-2025 22:18:25.941;04-03-2025 17:31:48.308;17197633
0;04-03-2025 22:18:27.606;04-03-2025 21:39:38.283;2329323
0;04-03-2025 22:18:31.645;04-03-2025 21:39:38.283;2333362
0;04-03-2025 22:18:31.809;04-03-2025 21:39:38.283;2333526
2;04-03-2025 22:18:31.839;04-03-2025 17:31:48.308;17203531
2;04-03-2025 22:18:33.252;04-03-2025 17:31:48.308;17204944
2;04-03-2025 22:18:35.772;04-03-2025 17:31:48.308;17207464
2;04-03-2025 22:18:36.817;04-03-2025 17:31:48.308;17208509
0;04-03-2025 22:18:37.323;04-03-2025 21:39:38.283;2339040
0;04-03-2025 22:18:46.140;04-03-2025 21:39:38.283;2347857
2;04-03-2025 22:18:49.478;04-03-2025 17:31:48.308;17221170
0;04-03-2025 22:18:50.179;04-03-2025 21:39:38.283;2351896
2;04-03-2025 22:18:53.375;04-03-2025 17:31:48.308;17225067
0;04-03-2025 22:18:58.170;04-03-2025 21:39:38.283;2359887
2;04-03-2025 22:18:59.383;04-03-2025 17:31:48.308;17231075
0;04-03-2025 22:19:03.708;04-03-2025 21:39:38.283;2365425
0;04-03-2025 22:19:09.081;04-03-2025 21:39:38.283;2370798
2;04-03-2025 22:19:09.360;04-03-2025 17:31:48.308;17241052
0;04-03-2025 22:19:11.366;04-03-2025 21:39:38.283;2373083
2;04-03-2025 22:19:15.772;04-03-2025 17:31:48.308;17247464
2;04-03-2025 22:19:20.616;04-03-2025 17:31:48.308;17252308
2;04-03-2025 22:19:20.792;04-03-2025 17:31:48.308;17252484
2;04-03-2025 22:19:21.534;04-03-2025 17:31:48.308;17253226
2;04-03-2025 22:19:21.707;04-03-2025 17:31:48.308;17253399
2;04-03-2025 22:19:23.407;04-03-2025 17:31:48.308;17255099
0;04-03-2025 22:19:29.856;04-03-2025 21:39:38.283;2391573
0;04-03-2025 22:19:33.534;04-03-2025 21:39:38.283;2395251
2;04-03-2025 22:19:36.091;04-03-2025 17:31:48.308;17267783
2;04-03-2025 22:19:36.663;04-03-2025 17:31:48.308;17268355
0;04-03-2025 22:19:37.725;04-03-2025 21:39:38.283;2399442
2;04-03-2025 22:19:38.381;04-03-2025 17:31:48.308;17270073
0;04-03-2025 22:19:42.052;04-03-2025 21:39:38.283;2403769
0;04-03-2025 22:19:48.181;04-03-2025 21:39:38.283;2409898
0;04-03-2025 22:19:49.333;04-03-2025 21:39:38.283;2411050
2;04-03-2025 22:19:53.004;04-03-2025 17:31:48.308;17284696
0;04-03-2025 22:19:53.478;04-03-2025 21:39:38.283;2415195
0;04-03-2025 22:19:58.992;04-03-2025 21:39:38.283;2420709
0;04-03-2025 22:19:59.618;04-03-2025 21:39:38.283;2421335
0;04-03-2025 22:19:59.673;04-03-2025 21:39:38.283;2421390
0;04-03-2025 22:20:00.019;04-03-2025 21:39:38.283;2421736
2;04-03-2025 22:20:02.900;04-03-2025 17:31:48.308;17294592
2;04-03-2025 22:20:03.845;04-03-2025 17:31:48.308;17295537
2;04-03-2025 22:20:04.511;04-03-2025 17:31:48.308;17296203
0;04-03-2025 22:20:14.151;04-03-2025 21:39:38.283;2435868
2;04-03-2025 22:20:20.162;04-03-2025 17:31:48.308;17311854
0;04-03-2025 22:20:21.267;04-03-2025 21:39:38.283;2442984
0;04-03-2025 22:20:23.484;04-03-2025 21:39:38.283;2445201
0;04-03-2025 22:20:27.060;04-03-2025 21:39:38.283;2448777
0;04-03-2025 22:20:27.462;04-03-2025 21:39:38.283;2449179
0;04-03-2025 22:20:31.146;04-03-2025 21:39:38.283;2452863
2;04-03-2025 22:20:32.380;04-03-2025 17:31:48.308;17324072
2;04-03-2025 22:20:33.573;04-03-2025 17:31:48.308;17325265
2;04-03-2025 22:20:35.985;04-03-2025 17:31:48.308;17327677
2;04-03-2025 22:20:36.862;04-03-2025 17:31:48.308;17328554
0;04-03-2025 22:20:37.007;04-03-2025 21:39:38.283;2458724
2;04-03-2025 22:20:40.473;04-03-2025 17:31:48.308;17332165
2;04-03-2025 22:20:41.625;04-03-2025 17:31:48.308;17333317
2;04-03-2025 22:20:43.724;04-03-2025 17:31:48.308;17335416
2;04-03-2025 22:20:46.065;04-03-2025 17:31:48.308;17337757
2;04-03-2025 22:20:48.389;04-03-2025 17:31:48.308;17340081
0;04-03-2025 22:20:55.723;04-03-2025 21:39:38.283;2477440
0;04-03-2025 22:20:56.073;04-03-2025 21:39:38.283;2477790
2;04-03-2025 22:20:58.948;04-03-2025 17:31:48.308;17350640
2;04-03-2025 22:21:00.897;04-03-2025 17:31:48.308;17352589
0;04-03-2025 22:21:03.693;04-03-2025 21:39:38.283;2485410
0;04-03-2025 22:21:10.088;04-03-2025 21:39:38.283;2491805
0;04-03-2025 22:21:14.813;04-03-2025 21:39:38.283;2496530
0;04-03-2025 22:21:15.143;04-03-2025 21:39:38.283;2496860
0;04-03-2025 22:21:16.162;04-03-2025 21:39:38.283;2497879
2;04-03-2025 22:21:17.738;04-03-2025 17:31:48.308;17369430
0;04-03-2025 22:21:21.128;04-03-2025 21:39:38.283;2502845
2;04-03-2025 22:21:25.370;04-03-2025 17:31:48.308;17377062
2;04-03-2025 22:21:27.264;04-03-2025 17:31:48.308;17378956
0;04-03-2025 22:21:29.488;04-03-2025 21:39:38.283;2511205
2;04-03-2025 22:21:31.512;04-03-2025 17:31:48.308;17383204
0;04-03-2025 22:21:31.904;04-03-2025 21:39:38.283;2513621
2;04-03-2025 22:21:33.631;04-03-2025 17:31:48.308;17385323
2;04-03-2025 22:21:39.067;04-03-2025 17:31:48.308;17390759
2;04-03-2025 22:21:41.109;04-03-2025 17:31:48.308;17392801
0;04-03-2025 22:21:42.885;04-03-2025 21:39:38.283;2524602
0;04-03-2025 22:21:43.217;04-03-2025 21:39:38.283;2524934
2;04-03-2025 22:21:51.570;04-03-2025 17:31:48.308;17403262
2;04-03-2025 22:21:55.795;04-03-2025 17:31:48.308;17407487
0;04-03-2025 22:21:56.545;04-03-2025 21:39:38.283;2538262
0;04-03-2025 22:21:57.344;04-03-2025 21:39:38.283;2539061
0;04-03-2025 22:21:58.532;04-03-2025 21:39:38.283;2540249
2;04-03-2025 22:21:59.673;04-03-2025 17:31:48.308;17411365
2;04-03-2025 22:21:59.926;04-03-2025 17:31:48.308;17411618
0;04-03-2025 22:22:08.881;04-03-2025 21:39:38.283;2550598
2;04-03-2025 22:22:09.864;04-03-2025 17:31:48.308;17421556
2;04-03-2025 22:22:17.657;04-03-2025 17:31:48.308;17429349
0;04-03-2025 22:22:21.824;04-03-2025 21:39:38.283;2563541
2;04-03-2025 22:22:25.679;04-03-2025 17:31:48.308;17437371
2;04-03-2025 22:22:26.385;04-03-2025 17:31:48.308;17438077
0;04-03-2025 22:22:26.609;04-03-2025 21:39:38.283;2568326
0;04-03-2025 22:22:26.941;04-03-2025 21:39:38.283;2568658
0;04-03-2025 22:22:30.361;04-03-2025 21:39:38.283;2572078
2;04-03-2025 22:22:32.729;04-03-2025 17:31:48.308;17444421
0;04-03-2025 22:22:34.154;04-03-2025 21:39:38.283;2575871
2;04-03-2025 22:22:34.524;04-03-2025 17:31:48.308;17446216
0;04-03-2025 22:22:37.477;04-03-2025 21:39:38.283;2579194
2;04-03-2025 22:22:41.334;04-03-2025 17:31:48.308;17453026
0;04-03-2025 22:22:45.622;04-03-2025 21:39:38.283;2587339
2;04-03-2025 22:22:47.388;04-03-2025 17:31:48.308;17459080
2;04-03-2025 22:22:49.100;04-03-2025 17:31:48.308;17460792
0;04-03-2025 22:22:51.504;04-03-2025 21:39:38.283;2593221
0;04-03-2025 22:22:51.532;04-03-2025 21:39:38.283;2593249
0;04-03-2025 22:22:52.199;04-03-2025 21:39:38.283;2593916
0;04-03-2025 22:22:54.638;04-03-2025 21:39:38.283;2596355
0;04-03-2025 22:23:00.046;04-03-2025 21:39:38.283;2601763
2;04-03-2025 22:23:01.682;04-03-2025 17:31:48.308;17473374
2;04-03-2025 22:23:04.156;04-03-2025 17:31:48.308;17475848
0;04-03-2025 22:23:05.864;04-03-2025 21:39:38.283;2607581
2;04-03-2025 22:23:10.059;04-03-2025 17:31:48.308;17481751
2;04-03-2025 22:23:12.624;04-03-2025 17:31:48.308;17484316
2;04-03-2025 22:23:14.213;04-03-2025 17:31:48.308;17485905
2;04-03-2025 22:23:18.062;04-03-2025 17:31:48.308;17489754
2;04-03-2025 22:23:18.976;04-03-2025 17:31:48.308;17490668
0;04-03-2025 22:23:20.195;04-03-2025 21:39:38.283;2621912
0;04-03-2025 22:23:20.414;04-03-2025 21:39:38.283;2622131
0;04-03-2025 22:23:22.511;04-03-2025 21:39:38.283;2624228
0;04-03-2025 22:23:26.826;04-03-2025 21:39:38.283;2628543
2;04-03-2025 22:23:27.300;04-03-2025 17:31:48.308;17498992
2;04-03-2025 22:23:28.563;04-03-2025 17:31:48.308;17500255
2;04-03-2025 22:23:32.949;04-03-2025 17:31:48.308;17504641
2;04-03-2025 22:23:33.899;04-03-2025 17:31:48.308;17505591
0;04-03-2025 22:23:37.335;04-03-2025 21:39:38.283;2639052
0;04-03-2025 22:23:41.742;04-03-2025 21:39:38.283;2643459
0;04-03-2025 22:23:43.134;04-03-2025 21:39:38.283;2644851
0;04-03-2025 22:23:44.459;04-03-2025 21:39:38.283;2646176
2;04-03-2025 22:23:51.001;04-03-2025 17:31:48.308;17522693
0;04-03-2025 22:23:55.776;04-03-2025 21:39:38.283;2657493
2;04-03-2025 22:23:59.648;04-03-2025 17:31:48.308;17531340
2;04-03-2025 22:23:59.680;04-03-2025 17:31:48.308;17531372
0;04-03-2025 22:24:00.352;04-03-2025 21:39:38.283;2662069
2;04-03-2025 22:24:01.989;04-03-2025 17:31:48.308;17533681
0;04-03-2025 22:24:02.229;04-03-2025 21:39:38.283;2663946
2;04-03-2025 22:24:02.450;04-03-2025 17:31:48.308;17534142
0;04-03-2025 22:24:06.775;04-03-2025 21:39:38.283;2668492
2;04-03-2025 22:24:14.991;04-03-2025 17:31:48.308;17546683
0;04-03-2025 22:24:22.568;04-03-2025 21:39:38.283;2684285
2;04-03-2025 22:24:23.681;04-03-2025 17:31:48.308;17555373
2;04-03-2025 22:24:26.768;04-03-2025 17:31:48.308;17558460
2;04-03-2025 22:24:27.640;04-03-2025 17:31:48.308;17559332
0;04-03-2025 22:24:29.004;04-03-2025 21:39:38.283;2690721
0;04-03-2025 22:24:29.614;04-03-2025 21:39:38.283;2691331
0;04-03-2025 22:24:29.708;04-03-2025 21:39:38.283;2691425
0;04-03-2025 22:24:36.519;04-03-2025 21:39:38.283;2698236
2;04-03-2025 22:24:37.630;04-03-2025 17:31:48.308;17569322
0;04-03-2025 22:24:42.800;04-03-2025 21:39:38.283;2704517
0;04-03-2025 22:24:43.820;04-03-2025 21:39:38.283;2705537
2;04-03-2025 22:24:46.301;04-03-2025 17:31:48.308;17577993
2;04-03-2025 22:24:47.616;04-03-2025 17:31:48.308;17579308
0;04-03-2025 22:24:51.914;04-03-2025 21:39:38.283;2713631
2;04-03-2025 22:24:52.447;04-03-2025 17:31:48.308;17584139
2;04-03-2025 22:24:52.772;04-03-2025 17:31:48.308;17584464
0;04-03-2025 22:25:00.254;04-03-2025 21:39:38.283;2721971
0;04-03-2025 22:25:00.524;04-03-2025 21:39:38.283;2722241
0;04-03-2025 22:25:03.431;04-03-2025 21:39:38.283;2725148
2;04-03-2025 22:25:06.367;04-03-2025 17:31:48.308;17598059
0;04-03-2025 22:25:07.130;04-03-2025 21:39:38.283;2728847
2;04-03-2025 22:25:07.417;04-03-2025 17:31:48.308;17599109
0;04-03-2025 22:25:11.617;04-03-2025 21:39:38.283;2733334
2;04-03-2025 22:25:15.083;04-03-2025 17:31:48.308;17606775
0;04-03-2025 22:25:21.447;04-03-2025 21:39:38.283;2743164
2;04-03-2025 22:25:22.044;04-03-2025 17:31:48.308;17613736
2;04-03-2025 22:25:25.065;04-03-2025 17:31:48.308;17616757
0;04-03-2025 22:25:25.323;04-03-2025 21:39:38.283;2747040
0;04-03-2025 22:25:26.368;04-03-2025 21:39:38.283;2748085
2;04-03-2025 22:25:28.397;04-03-2025 17:31:48.308;17620089
0;04-03-2025 22:25:31.050;04-03-2025 21:39:38.283;2752767
2;04-03-2025 22:25:31.642;04-03-2025 17:31:48.308;17623334
2;04-03-2025 22:25:33.166;04-03-2025 17:31:48.308;17624858
2;04-03-2025 22:25:39.328;04-03-2025 17:31:48.308;17631020
2;04-03-2025 22:25:39.770;04-03-2025 17:31:48.308;17631462
0;04-03-2025 22:25:42.324;04-03-2025 21:39:38.283;2764041
2;04-03-2025 22:25:46.572;04-03-2025 17:31:48.308;17638264
0;04-03-2025 22:25:47.564;04-03-2025 21:39:38.283;2769281
2;04-03-2025 22:25:49.888;04-03-2025 17:31:48.308;17641580
0;04-03-2025 22:25:50.697;04-03-2025 21:39:38.283;2772414
0;04-03-2025 22:25:57.539;04-03-2025 21:39:38.283;2779256
0;04-03-2025 22:26:01.585;04-03-2025 21:39:38.283;2783302
2;04-03-2025 22:26:04.154;04-03-2025 17:31:48.308;17655846
0;04-03-2025 22:26:05.480;04-03-2025 21:39:38.283;2787197
0;04-03-2025 22:26:09.370;04-03-2025 21:39:38.283;2791087
2;04-03-2025 22:26:10.418;04-03-2025 17:31:48.308;17662110
2;04-03-2025 22:26:10.804;04-03-2025 17:31:48.308;17662496
0;04-03-2025 22:26:12.146;04-03-2025 21:39:38.283;2793863
2;04-03-2025 22:26:14.958;04-03-2025 17:31:48.308;17666650
0;04-03-2025 22:26:15.338;04-03-2025 21:39:38.283;2797055
2;04-03-2025 22:26:15.682;04-03-2025 17:31:48.308;17667374
2;04-03-2025 22:26:16.051;04-03-2025 17:31:48.308;17667743
0;04-03-2025 22:26:26.300;04-03-2025 21:39:38.283;2808017
0;04-03-2025 22:26:26.472;04-03-2025 21:39:38.283;2808189
2;04-03-2025 22:26:28.582;04-03-2025 17:31:48.308;17680274
2;04-03-2025 22:26:28.632;04-03-2025 17:31:48.308;17680324
0;04-03-2025 22:26:31.574;04-03-2025 21:39:38.283;2813291
2;04-03-2025 22:26:34.563;04-03-2025 17:31:48.308;17686255
0;04-03-2025 22:26:37.805;04-03-2025 21:39:38.283;2819522
2;04-03-2025 22:26:48.223;04-03-2025 17:31:48.308;17699915
2;04-03-2025 22:26:51.299;04-03-2025 17:31:48.308;17702991
2;04-03-2025 22:26:53.468;04-03-2025 17:31:48.308;17705160
2;04-03-2025 22:26:54.900;04-03-2025 17:31:48.308;17706592
0;04-03-2025 22:26:56.004;04-03-2025 21:39:38.283;2837721
0;04-03-2025 22:26:56.380;04-03-2025 21:39:38.283;2838097
0;04-03-2025 22:26:57.043;04-03-2025 21:39:38.283;2838760
2;04-03-2025 22:26:57.837;04-03-2025 17:31:48.308;17709529
0;04-03-2025 22:26:58.025;04-03-2025 21:39:38.283;2839742
2;04-03-2025 22:27:02.842;04-03-2025 17:31:48.308;17714534
0;04-03-2025 22:27:03.436;04-03-2025 21:39:38.283;2845153
0;04-03-2025 22:27:16.372;04-03-2025 21:39:38.283;2858089
0;04-03-2025 22:27:16.645;04-03-2025 21:39:38.283;2858362
0;04-03-2025 22:27:21.304;04-03-2025 21:39:38.283;2863021
2;04-03-2025 22:27:22.641;04-03-2025 17:31:48.308;17734333
2;04-03-2025 22:27:23.206;04-03-2025 17:31:48.308;17734898
2;04-03-2025 22:27:24.462;04-03-2025 17:31:48.308;17736154
0;04-03-2025 22:27:25.577;04-03-2025 21:39:38.283;2867294
0;04-03-2025 22:27:25.716;04-03-2025 21:39:38.283;2867433
2;04-03-2025 22:27:31.730;04-03-2025 17:31:48.308;17743422
2;04-03-2025 22:27:33.236;04-03-2025 17:31:48.308;17744928
2;04-03-2025 22:27:34.318;04-03-2025 17:31:48.308;17746010
0;04-03-2025 22:27:35.366;04-03-2025 21:39:38.283;2877083
0;04-03-2025 22:27:37.359;04-03-2025 21:39:38.283;2879076
2;04-03-2025 22:27:46.867;04-03-2025 17:31:48.308;17758559
0;04-03-2025 22:27:47.657;04-03-2025 21:39:38.283;2889374
0;04-03-2025 22:27:49.254;04-03-2025 21:39:38.283;2890971
0;04-03-2025 22:27:51.184;04-03-2025 21:39:38.283;2892901
2;04-03-2025 22:27:51.533;04-03-2025 17:31:48.308;17763225
0;04-03-2025 22:27:58.577;04-03-2025 21:39:38.283;2900294
0;04-03-2025 22:28:02.072;04-03-2025 21:39:38.283;2903789
0;04-03-2025 22:28:02.519;04-03-2025 21:39:38.283;2904236
2;04-03-2025 22:28:02.922;04-03-2025 17:31:48.308;17774614
2;04-03-2025 22:28:06.620;04-03-2025 17:31:48.308;17778312
2;04-03-2025 22:28:07.389;04-03-2025 17:31:48.308;17779081
0;04-03-2025 22:28:13.682;04-03-2025 21:39:38.283;2915399
0;04-03-2025 22:28:18.831;04-03-2025 21:39:38.283;2920548
0;04-03-2025 22:28:19.458;04-03-2025 21:39:38.283;2921175
2;04-03-2025 22:28:20.094;04-03-2025 17:31:48.308;17791786
2;04-03-2025 22:28:20.915;04-03-2025 17:31:48.308;17792607
0;04-03-2025 22:28:21.347;04-03-2025 21:39:38.283;2923064
0;04-03-2025 22:28:26.460;04-03-2025 21:39:38.283;2928177
2;04-03-2025 22:28:27.059;04-03-2025 17:31:48.308;17798751
0;04-03-2025 22:28:30.603;04-03-2025 21:39:38.283;2932320
2;04-03-2025 22:28:32.782;04-03-2025 17:31:48.308;17804474
2;04-03-2025 22:28:40.561;04-03-2025 17:31:48.308;17812253
2;04-03-2025 22:28:43.953;04-03-2025 17:31:48.308;17815645
2;04-03-2025 22:28:45.365;04-03-2025 17:31:48.308;17817057
0;04-03-2025 22:28:46.165;04-03-2025 21:39:38.283;2947882
0;04-03-2025 22:28:46.928;04-03-2025 21:39:38.283;2948645
2;04-03-2025 22:28:46.980;04-03-2025 17:31:48.308;17818672
0;04-03-2025 22:28:47.999;04-03-2025 21:39:38.283;2949716
2;04-03-2025 22:28:53.948;04-03-2025 17:31:48.308;17825640
2;04-03-2025 22:28:57.057;04-03-2025 17:31:48.308;17828749
2;04-03-2025 22:28:57.664;04-03-2025 17:31:48.308;17829356
2;04-03-2025 22:28:59.668;04-03-2025 17:31:48.308;17831360
2;04-03-2025 22:29:02.842;04-03-2025 17:31:48.308;17834534
0;04-03-2025 22:29:11.245;04-03-2025 21:39:38.283;2972962
0;04-03-2025 22:29:13.176;04-03-2025 21:39:38.283;2974893
0;04-03-2025 22:29:14.553;04-03-2025 21:39:38.283;2976270
0;04-03-2025 22:29:15.591;04-03-2025 21:39:38.283;2977308
0;04-03-2025 22:29:16.058;04-03-2025 21:39:38.283;2977775
2;04-03-2025 22:29:17.755;04-03-2025 17:31:48.308;17849447
0;04-03-2025 22:29:20.350;04-03-2025 21:39:38.283;2982067
2;04-03-2025 22:29:20.476;04-03-2025 17:31:48.308;17852168
2;04-03-2025 22:29:27.005;04-03-2025 17:31:48.308;17858697
0;04-03-2025 22:29:34.922;04-03-2025 21:39:38.283;2996639
2;04-03-2025 22:29:35.280;04-03-2025 17:31:48.308;17866972
0;04-03-2025 22:29:39.425;04-03-2025 21:39:38.283;3001142
0;04-03-2025 22:29:42.561;04-03-2025 21:39:38.283;3004278
2;04-03-2025 22:29:42.662;04-03-2025 17:31:48.308;17874354
0;04-03-2025 22:29:43.355;04-03-2025 21:39:38.283;3005072
2;04-03-2025 22:29:43.424;04-03-2025 17:31:48.308;17875116
0;04-03-2025 22:29:47.802;04-03-2025 21:39:38.283;3009519
0;04-03-2025 22:29:50.475;04-03-2025 21:39:38.283;3012192
2;04-03-2025 22:29:50.551;04-03-2025 17:31:48.308;17882243
2;04-03-2025 22:29:52.252;04-03-2025 17:31:48.308;17883944
2;04-03-2025 22:29:53.816;04-03-2025 17:31:48.308;17885508
0;04-03-2025 22:29:55.665;04-03-2025 21:39:38.283;3017382
2;04-03-2025 22:29:56.593;04-03-2025 17:31:48.308;17888285
0;04-03-2025 22:29:57.337;04-03-2025 21:39:38.283;3019054
2;04-03-2025 22:30:08.226;04-03-2025 17:31:48.308;17899918
2;04-03-2025 22:30:10.343;04-03-2025 17:31:48.308;17902035
0;04-03-2025 22:30:12.550;04-03-2025 22:30:08.261;4289
0;04-03-2025 22:30:13.408;04-03-2025 22:30:13.235;173
2;04-03-2025 22:30:14.883;04-03-2025 17:31:48.308;17906575
0;04-03-2025 22:30:17.250;04-03-2025 22:30:13.235;4015
0;04-03-2025 22:30:17.706;04-03-2025 22:30:13.235;4471
2;04-03-2025 22:30:19.822;04-03-2025 17:31:48.308;17911514
0;04-03-2025 22:30:24.321;04-03-2025 22:30:23.084;1237
2;04-03-2025 22:30:30.198;04-03-2025 17:31:48.308;17921890
0;04-03-2025 22:30:31.076;04-03-2025 22:30:28.108;2968
2;04-03-2025 22:30:34.221;04-03-2025 17:31:48.308;17925913
0;04-03-2025 22:30:35.266;04-03-2025 22:30:33.116;2150
2;04-03-2025 22:30:35.479;04-03-2025 17:31:48.308;17927171
2;04-03-2025 22:30:40.081;04-03-2025 17:31:48.308;17931773
2;04-03-2025 22:30:44.466;04-03-2025 17:31:48.308;17936158
2;04-03-2025 22:30:50.551;04-03-2025 17:31:48.308;17942243
2;04-03-2025 22:31:01.262;04-03-2025 17:31:48.308;17952954
2;04-03-2025 22:31:07.077;04-03-2025 17:31:48.308;17958769
2;04-03-2025 22:31:09.042;04-03-2025 17:31:48.308;17960734
2;04-03-2025 22:31:13.110;04-03-2025 17:31:48.308;17964802
2;04-03-2025 22:31:19.408;04-03-2025 17:31:48.308;17971100
2;04-03-2025 22:31:22.319;04-03-2025 17:31:48.308;17974011
2;04-03-2025 22:31:27.868;04-03-2025 17:31:48.308;17979560
2;04-03-2025 22:31:31.416;04-03-2025 17:31:48.308;17983108
2;04-03-2025 22:31:37.499;04-03-2025 17:31:48.308;17989191
2;04-03-2025 22:31:41.340;04-03-2025 17:31:48.308;17993032
2;04-03-2025 22:31:45.576;04-03-2025 17:31:48.308;17997268
2;04-03-2025 22:31:53.274;04-03-2025 17:31:48.308;18004966
2;04-03-2025 22:31:55.021;04-03-2025 17:31:48.308;18006713
2;04-03-2025 22:32:03.216;04-03-2025 17:31:48.308;18014908
2;04-03-2025 22:32:06.337;04-03-2025 17:31:48.308;18018029
2;04-03-2025 22:32:07.091;04-03-2025 17:31:48.308;18018783
2;04-03-2025 22:32:08.128;04-03-2025 17:31:48.308;18019820
2;04-03-2025 22:32:12.583;04-03-2025 17:31:48.308;18024275
2;04-03-2025 22:32:27.924;04-03-2025 17:31:48.308;18039616
2;04-03-2025 22:32:31.768;04-03-2025 17:31:48.308;18043460
2;04-03-2025 22:32:37.758;04-03-2025 17:31:48.308;18049450
2;04-03-2025 22:32:39.788;04-03-2025 17:31:48.308;18051480
2;04-03-2025 22:32:47.175;04-03-2025 17:31:48.308;18058867
2;04-03-2025 22:32:50.604;04-03-2025 17:31:48.308;18062296
3;04-03-2025 22:32:52.983;04-03-2025 22:32:38.061;14922
2;04-03-2025 22:32:55.078;04-03-2025 17:31:48.308;18066770
2;04-03-2025 22:32:58.096;04-03-2025 17:31:48.308;18069788
2;04-03-2025 22:33:08.718;04-03-2025 17:31:48.308;18080410
2;04-03-2025 22:33:11.963;04-03-2025 17:31:48.308;18083655
2;04-03-2025 22:33:20.448;04-03-2025 17:31:48.308;18092140
2;04-03-2025 22:33:21.182;04-03-2025 17:31:48.308;18092874
2;04-03-2025 22:33:21.955;04-03-2025 17:31:48.308;18093647
2;04-03-2025 22:33:32.844;04-03-2025 17:31:48.308;18104536
2;04-03-2025 22:33:36.129;04-03-2025 17:31:48.308;18107821
2;04-03-2025 22:33:40.691;04-03-2025 17:31:48.308;18112383
2;04-03-2025 22:33:40.967;04-03-2025 17:31:48.308;18112659
2;04-03-2025 22:33:42.147;04-03-2025 17:31:48.308;18113839
2;04-03-2025 22:33:55.833;04-03-2025 17:31:48.308;18127525
2;04-03-2025 22:33:56.450;04-03-2025 17:31:48.308;18128142
2;04-03-2025 22:33:59.599;04-03-2025 17:31:48.308;18131291
2;04-03-2025 22:34:09.962;04-03-2025 17:31:48.308;18141654
2;04-03-2025 22:34:14.941;04-03-2025 17:31:48.308;18146633
2;04-03-2025 22:34:19.039;04-03-2025 17:31:48.308;18150731
2;04-03-2025 22:34:28.927;04-03-2025 17:31:48.308;18160619
2;04-03-2025 22:34:29.992;04-03-2025 17:31:48.308;18161684
2;04-03-2025 22:34:39.573;04-03-2025 17:31:48.308;18171265
2;04-03-2025 22:34:43.459;04-03-2025 17:31:48.308;18175151
2;04-03-2025 22:34:47.100;04-03-2025 17:31:48.308;18178792
2;04-03-2025 22:34:48.095;04-03-2025 17:31:48.308;18179787
2;04-03-2025 22:34:54.408;04-03-2025 17:31:48.308;18186100
2;04-03-2025 22:34:58.150;04-03-2025 17:31:48.308;18189842
2;04-03-2025 22:35:04.606;04-03-2025 17:31:48.308;18196298
2;04-03-2025 22:35:05.992;04-03-2025 17:31:48.308;18197684
2;04-03-2025 22:35:12.107;04-03-2025 17:31:48.308;18203799
2;04-03-2025 22:35:15.236;04-03-2025 17:31:48.308;18206928
2;04-03-2025 22:35:18.656;04-03-2025 17:31:48.308;18210348
2;04-03-2025 22:35:19.592;04-03-2025 17:31:48.308;18211284
2;04-03-2025 22:35:27.208;04-03-2025 17:31:48.308;18218900
2;04-03-2025 22:35:34.453;04-03-2025 17:31:48.308;18226145
2;04-03-2025 22:35:41.982;04-03-2025 17:31:48.308;18233674
2;04-03-2025 22:35:44.825;04-03-2025 17:31:48.308;18236517
2;04-03-2025 22:35:46.578;04-03-2025 17:31:48.308;18238270
2;04-03-2025 22:35:55.648;04-03-2025 17:31:48.308;18247340
2;04-03-2025 22:35:58.696;04-03-2025 17:31:48.308;18250388
2;04-03-2025 22:36:07.403;04-03-2025 17:31:48.308;18259095
2;04-03-2025 22:36:07.762;04-03-2025 17:31:48.308;18259454
2;04-03-2025 22:36:13.092;04-03-2025 17:31:48.308;18264784
2;04-03-2025 22:36:28.477;04-03-2025 17:31:48.308;18280169
2;04-03-2025 22:36:29.063;04-03-2025 17:31:48.308;18280755
2;04-03-2025 22:36:31.604;04-03-2025 17:31:48.308;18283296
2;04-03-2025 22:36:40.503;04-03-2025 17:31:48.308;18292195
2;04-03-2025 22:36:44.691;04-03-2025 17:31:48.308;18296383
2;04-03-2025 22:36:52.459;04-03-2025 17:31:48.308;18304151
2;04-03-2025 22:36:58.461;04-03-2025 17:31:48.308;18310153
2;04-03-2025 22:37:00.292;04-03-2025 17:31:48.308;18311984
2;04-03-2025 22:37:04.805;04-03-2025 17:31:48.308;18316497
2;04-03-2025 22:37:09.843;04-03-2025 17:31:48.308;18321535
2;04-03-2025 22:37:14.896;04-03-2025 17:31:48.308;18326588
2;04-03-2025 22:37:15.041;04-03-2025 17:31:48.308;18326733
2;04-03-2025 22:37:28.275;04-03-2025 17:31:48.308;18339967
2;04-03-2025 22:37:28.856;04-03-2025 17:31:48.308;18340548
2;04-03-2025 22:37:29.011;04-03-2025 17:31:48.308;18340703
2;04-03-2025 22:37:47.677;04-03-2025 17:31:48.308;18359369
2;04-03-2025 22:37:48.720;04-03-2025 17:31:48.308;18360412
2;04-03-2025 22:37:49.206;04-03-2025 17:31:48.308;18360898
2;04-03-2025 22:37:50.106;04-03-2025 17:31:48.308;18361798
2;04-03-2025 22:37:51.987;04-03-2025 17:31:48.308;18363679
2;04-03-2025 22:38:03.376;04-03-2025 17:31:48.308;18375068
2;04-03-2025 22:38:05.415;04-03-2025 17:31:48.308;18377107
2;04-03-2025 22:38:07.836;04-03-2025 17:31:48.308;18379528
2;04-03-2025 22:38:11.551;04-03-2025 17:31:48.308;18383243
2;04-03-2025 22:38:17.185;04-03-2025 17:31:48.308;18388877
2;04-03-2025 22:38:32.850;04-03-2025 17:31:48.308;18404542
2;04-03-2025 22:38:34.080;04-03-2025 17:31:48.308;18405772
2;04-03-2025 22:38:36.728;04-03-2025 17:31:48.308;18408420
2;04-03-2025 22:38:46.095;04-03-2025 17:31:48.308;18417787
2;04-03-2025 22:38:54.365;04-03-2025 17:31:48.308;18426057
2;04-03-2025 22:38:56.069;04-03-2025 17:31:48.308;18427761
2;04-03-2025 22:38:58.810;04-03-2025 17:31:48.308;18430502
2;04-03-2025 22:39:04.289;04-03-2025 17:31:48.308;18435981
2;04-03-2025 22:39:09.010;04-03-2025 17:31:48.308;18440702
2;04-03-2025 22:39:12.321;04-03-2025 17:31:48.308;18444013
2;04-03-2025 22:39:14.971;04-03-2025 17:31:48.308;18446663
2;04-03-2025 22:39:19.788;04-03-2025 17:31:48.308;18451480
2;04-03-2025 22:39:26.712;04-03-2025 17:31:48.308;18458404
2;04-03-2025 22:39:28.283;04-03-2025 17:31:48.308;18459975
2;04-03-2025 22:39:36.717;04-03-2025 17:31:48.308;18468409
2;04-03-2025 22:39:44.390;04-03-2025 17:31:48.308;18476082
2;04-03-2025 22:39:59.351;04-03-2025 17:31:48.308;18491043
2;04-03-2025 22:40:09.212;04-03-2025 17:31:48.308;18500904
2;04-03-2025 22:40:11.892;04-03-2025 17:31:48.308;18503584
2;04-03-2025 22:40:19.865;04-03-2025 17:31:48.308;18511557
2;04-03-2025 22:40:23.944;04-03-2025 17:31:48.308;18515636
2;04-03-2025 22:40:24.647;04-03-2025 17:31:48.308;18516339
2;04-03-2025 22:40:25.023;04-03-2025 17:31:48.308;18516715
2;04-03-2025 22:40:27.941;04-03-2025 17:31:48.308;18519633
2;04-03-2025 22:40:35.593;04-03-2025 17:31:48.308;18527285
2;04-03-2025 22:40:37.203;04-03-2025 17:31:48.308;18528895
2;04-03-2025 22:40:37.406;04-03-2025 17:31:48.308;18529098
2;04-03-2025 22:40:45.515;04-03-2025 17:31:48.308;18537207
2;04-03-2025 22:40:45.585;04-03-2025 17:31:48.308;18537277
2;04-03-2025 22:40:47.008;04-03-2025 17:31:48.308;18538700
2;04-03-2025 22:41:09.775;04-03-2025 17:31:48.308;18561467
2;04-03-2025 22:41:12.846;04-03-2025 17:31:48.308;18564538
2;04-03-2025 22:41:17.350;04-03-2025 17:31:48.308;18569042
2;04-03-2025 22:41:17.635;04-03-2025 17:31:48.308;18569327
2;04-03-2025 22:41:19.666;04-03-2025 17:31:48.308;18571358
2;04-03-2025 22:41:23.479;04-03-2025 17:31:48.308;18575171
2;04-03-2025 22:41:26.060;04-03-2025 17:31:48.308;18577752
2;04-03-2025 22:41:32.052;04-03-2025 17:31:48.308;18583744
2;04-03-2025 22:41:35.548;04-03-2025 17:31:48.308;18587240
2;04-03-2025 22:41:42.346;04-03-2025 17:31:48.308;18594038
2;04-03-2025 22:41:43.589;04-03-2025 17:31:48.308;18595281
2;04-03-2025 22:41:53.282;04-03-2025 17:31:48.308;18604974
2;04-03-2025 22:41:59.186;04-03-2025 17:31:48.308;18610878
2;04-03-2025 22:42:01.912;04-03-2025 17:31:48.308;18613604
2;04-03-2025 22:42:14.966;04-03-2025 17:31:48.308;18626658
2;04-03-2025 22:42:18.614;04-03-2025 17:31:48.308;18630306
2;04-03-2025 22:42:20.172;04-03-2025 17:31:48.308;18631864
2;04-03-2025 22:42:21.272;04-03-2025 17:31:48.308;18632964
2;04-03-2025 22:42:24.464;04-03-2025 17:31:48.308;18636156
2;04-03-2025 22:42:36.836;04-03-2025 17:31:48.308;18648528
2;04-03-2025 22:42:38.782;04-03-2025 17:31:48.308;18650474
2;04-03-2025 22:42:42.641;04-03-2025 17:31:48.308;18654333
2;04-03-2025 22:42:45.789;04-03-2025 17:31:48.308;18657481
2;04-03-2025 22:42:46.288;04-03-2025 17:31:48.308;18657980
2;04-03-2025 22:43:06.833;04-03-2025 17:31:48.308;18678525
2;04-03-2025 22:43:07.517;04-03-2025 17:31:48.308;18679209
2;04-03-2025 22:43:14.963;04-03-2025 17:31:48.308;18686655
2;04-03-2025 22:43:17.142;04-03-2025 17:31:48.308;18688834
2;04-03-2025 22:43:18.505;04-03-2025 17:31:48.308;18690197
2;04-03-2025 22:43:28.610;04-03-2025 17:31:48.308;18700302
2;04-03-2025 22:43:31.495;04-03-2025 17:31:48.308;18703187
2;04-03-2025 22:43:36.945;04-03-2025 17:31:48.308;18708637
2;04-03-2025 22:43:41.857;04-03-2025 17:31:48.308;18713549
2;04-03-2025 22:43:43.545;04-03-2025 17:31:48.308;18715237
2;04-03-2025 22:43:53.112;04-03-2025 17:31:48.308;18724804
2;04-03-2025 22:43:54.638;04-03-2025 17:31:48.308;18726330
2;04-03-2025 22:43:58.088;04-03-2025 17:31:48.308;18729780
2;04-03-2025 22:43:59.978;04-03-2025 17:31:48.308;18731670
2;04-03-2025 22:44:13.382;04-03-2025 17:31:48.308;18745074
2;04-03-2025 22:44:21.414;04-03-2025 17:31:48.308;18753106
2;04-03-2025 22:44:30.325;04-03-2025 17:31:48.308;18762017
2;04-03-2025 22:44:34.251;04-03-2025 17:31:48.308;18765943
2;04-03-2025 22:44:37.822;04-03-2025 17:31:48.308;18769514
2;04-03-2025 22:44:42.313;04-03-2025 17:31:48.308;18774005
2;04-03-2025 22:44:45.453;04-03-2025 17:31:48.308;18777145
2;04-03-2025 22:44:48.379;04-03-2025 17:31:48.308;18780071
2;04-03-2025 22:44:50.179;04-03-2025 17:31:48.308;18781871
2;04-03-2025 22:44:50.564;04-03-2025 17:31:48.308;18782256
2;04-03-2025 22:44:53.589;04-03-2025 17:31:48.308;18785281
2;04-03-2025 22:44:56.681;04-03-2025 17:31:48.308;18788373
2;04-03-2025 22:45:00.726;04-03-2025 17:31:48.308;18792418
2;04-03-2025 22:45:21.426;04-03-2025 17:31:48.308;18813118
2;04-03-2025 22:45:24.914;04-03-2025 17:31:48.308;18816606
2;04-03-2025 22:45:26.560;04-03-2025 17:31:48.308;18818252
2;04-03-2025 22:45:32.385;04-03-2025 17:31:48.308;18824077
2;04-03-2025 22:45:34.178;04-03-2025 17:31:48.308;18825870
2;04-03-2025 22:45:45.798;04-03-2025 17:31:48.308;18837490
2;04-03-2025 22:45:48.569;04-03-2025 17:31:48.308;18840261
2;04-03-2025 22:45:57.913;04-03-2025 17:31:48.308;18849605
2;04-03-2025 22:46:01.016;04-03-2025 17:31:48.308;18852708
2;04-03-2025 22:46:05.441;04-03-2025 17:31:48.308;18857133
2;04-03-2025 22:46:08.348;04-03-2025 17:31:48.308;18860040
2;04-03-2025 22:46:17.543;04-03-2025 17:31:48.308;18869235
2;04-03-2025 22:46:18.159;04-03-2025 17:31:48.308;18869851
2;04-03-2025 22:46:18.321;04-03-2025 17:31:48.308;18870013
2;04-03-2025 22:46:23.886;04-03-2025 17:31:48.308;18875578
2;04-03-2025 22:46:29.414;04-03-2025 17:31:48.308;18881106
2;04-03-2025 22:46:35.038;04-03-2025 17:31:48.308;18886730
2;04-03-2025 22:46:40.218;04-03-2025 17:31:48.308;18891910
2;04-03-2025 22:46:42.145;04-03-2025 17:31:48.308;18893837
2;04-03-2025 22:46:44.266;04-03-2025 17:31:48.308;18895958
2;04-03-2025 22:46:55.318;04-03-2025 17:31:48.308;18907010
2;04-03-2025 22:46:56.400;04-03-2025 17:31:48.308;18908092
2;04-03-2025 22:47:03.066;04-03-2025 17:31:48.308;18914758
2;04-03-2025 22:47:03.542;04-03-2025 17:31:48.308;18915234
2;04-03-2025 22:47:11.587;04-03-2025 17:31:48.308;18923279
2;04-03-2025 22:47:15.918;04-03-2025 17:31:48.308;18927610
2;04-03-2025 22:47:20.691;04-03-2025 17:31:48.308;18932383
2;04-03-2025 22:47:30.573;04-03-2025 17:31:48.308;18942265
2;04-03-2025 22:47:36.438;04-03-2025 17:31:48.308;18948130
2;04-03-2025 22:47:38.991;04-03-2025 17:31:48.308;18950683
2;04-03-2025 22:47:45.884;04-03-2025 17:31:48.308;18957576
2;04-03-2025 22:47:54.908;04-03-2025 17:31:48.308;18966600
2;04-03-2025 22:47:56.450;04-03-2025 17:31:48.308;18968142
2;04-03-2025 22:47:56.990;04-03-2025 17:31:48.308;18968682
2;04-03-2025 22:48:00.161;04-03-2025 17:31:48.308;18971853
2;04-03-2025 22:48:08.069;04-03-2025 17:31:48.308;18979761
2;04-03-2025 22:48:11.693;04-03-2025 17:31:48.308;18983385
2;04-03-2025 22:48:13.247;04-03-2025 17:31:48.308;18984939
2;04-03-2025 22:48:17.313;04-03-2025 17:31:48.308;18989005
2;04-03-2025 22:48:23.267;04-03-2025 17:31:48.308;18994959
2;04-03-2025 22:48:41.112;04-03-2025 17:31:48.308;19012804
2;04-03-2025 22:48:41.765;04-03-2025 17:31:48.308;19013457
2;04-03-2025 22:48:42.186;04-03-2025 17:31:48.308;19013878
2;04-03-2025 22:48:57.052;04-03-2025 17:31:48.308;19028744
2;04-03-2025 22:48:58.980;04-03-2025 17:31:48.308;19030672
2;04-03-2025 22:49:01.251;04-03-2025 17:31:48.308;19032943
2;04-03-2025 22:49:03.533;04-03-2025 17:31:48.308;19035225
2;04-03-2025 22:49:13.965;04-03-2025 17:31:48.308;19045657
2;04-03-2025 22:49:14.018;04-03-2025 17:31:48.308;19045710
2;04-03-2025 22:49:22.762;04-03-2025 17:31:48.308;19054454
2;04-03-2025 22:49:27.455;04-03-2025 17:31:48.308;19059147
2;04-03-2025 22:49:32.945;04-03-2025 17:31:48.308;19064637
2;04-03-2025 22:49:36.726;04-03-2025 17:31:48.308;19068418
2;04-03-2025 22:49:39.838;04-03-2025 17:31:48.308;19071530
2;04-03-2025 22:49:46.840;04-03-2025 17:31:48.308;19078532
2;04-03-2025 22:49:49.572;04-03-2025 17:31:48.308;19081264
2;04-03-2025 22:49:52.359;04-03-2025 17:31:48.308;19084051
2;04-03-2025 22:50:03.641;04-03-2025 17:31:48.308;19095333
2;04-03-2025 22:50:05.173;04-03-2025 17:31:48.308;19096865
2;04-03-2025 22:50:08.341;04-03-2025 17:31:48.308;19100033
2;04-03-2025 22:50:11.311;04-03-2025 17:31:48.308;19103003
2;04-03-2025 22:50:11.573;04-03-2025 17:31:48.308;19103265
2;04-03-2025 22:50:15.844;04-03-2025 17:31:48.308;19107536
2;04-03-2025 22:50:22.121;04-03-2025 17:31:48.308;19113813
2;04-03-2025 22:50:34.875;04-03-2025 17:31:48.308;19126567
2;04-03-2025 22:50:38.058;04-03-2025 17:31:48.308;19129750
2;04-03-2025 22:50:38.965;04-03-2025 17:31:48.308;19130657
2;04-03-2025 22:50:44.687;04-03-2025 17:31:48.308;19136379
2;04-03-2025 22:50:45.643;04-03-2025 17:31:48.308;19137335
2;04-03-2025 22:50:54.581;04-03-2025 17:31:48.308;19146273
2;04-03-2025 22:50:58.146;04-03-2025 17:31:48.308;19149838
2;04-03-2025 22:51:13.633;04-03-2025 17:31:48.308;19165325
2;04-03-2025 22:51:16.361;04-03-2025 17:31:48.308;19168053
2;04-03-2025 22:51:22.232;04-03-2025 17:31:48.308;19173924
2;04-03-2025 22:51:24.444;04-03-2025 17:31:48.308;19176136
2;04-03-2025 22:51:26.649;04-03-2025 17:31:48.308;19178341
2;04-03-2025 22:51:35.089;04-03-2025 17:31:48.308;19186781
2;04-03-2025 22:51:35.879;04-03-2025 17:31:48.308;19187571
2;04-03-2025 22:51:37.973;04-03-2025 17:31:48.308;19189665
2;04-03-2025 22:51:56.649;04-03-2025 17:31:48.308;19208341
2;04-03-2025 22:51:57.019;04-03-2025 17:31:48.308;19208711
2;04-03-2025 22:52:00.951;04-03-2025 17:31:48.308;19212643
2;04-03-2025 22:52:10.418;04-03-2025 17:31:48.308;19222110
2;04-03-2025 22:52:15.842;04-03-2025 17:31:48.308;19227534
2;04-03-2025 22:52:24.418;04-03-2025 17:31:48.308;19236110
2;04-03-2025 22:52:25.623;04-03-2025 17:31:48.308;19237315
2;04-03-2025 22:52:27.746;04-03-2025 17:31:48.308;19239438
2;04-03-2025 22:52:39.971;04-03-2025 17:31:48.308;19251663
2;04-03-2025 22:52:42.085;04-03-2025 17:31:48.308;19253777
2;04-03-2025 22:52:44.792;04-03-2025 17:31:48.308;19256484
2;04-03-2025 22:52:47.981;04-03-2025 17:31:48.308;19259673
2;04-03-2025 22:52:52.518;04-03-2025 17:31:48.308;19264210
2;04-03-2025 22:52:53.650;04-03-2025 17:31:48.308;19265342
2;04-03-2025 22:52:56.238;04-03-2025 17:31:48.308;19267930
2;04-03-2025 22:53:01.685;04-03-2025 17:31:48.308;19273377
2;04-03-2025 22:53:15.048;04-03-2025 17:31:48.308;19286740
2;04-03-2025 22:53:19.271;04-03-2025 17:31:48.308;19290963
2;04-03-2025 22:53:25.352;04-03-2025 17:31:48.308;19297044
2;04-03-2025 22:53:27.128;04-03-2025 17:31:48.308;19298820
2;04-03-2025 22:53:31.052;04-03-2025 17:31:48.308;19302744
2;04-03-2025 22:53:33.530;04-03-2025 17:31:48.308;19305222
2;04-03-2025 22:53:39.525;04-03-2025 17:31:48.308;19311217
2;04-03-2025 22:53:40.081;04-03-2025 17:31:48.308;19311773
2;04-03-2025 22:53:48.200;04-03-2025 17:31:48.308;19319892
2;04-03-2025 22:53:57.497;04-03-2025 17:31:48.308;19329189
2;04-03-2025 22:53:59.619;04-03-2025 17:31:48.308;19331311
2;04-03-2025 22:54:02.811;04-03-2025 17:31:48.308;19334503
2;04-03-2025 22:54:06.161;04-03-2025 17:31:48.308;19337853
2;04-03-2025 22:54:07.951;04-03-2025 17:31:48.308;19339643
2;04-03-2025 22:54:08.234;04-03-2025 17:31:48.308;19339926
2;04-03-2025 22:54:22.664;04-03-2025 17:31:48.308;19354356
2;04-03-2025 22:54:24.305;04-03-2025 17:31:48.308;19355997
2;04-03-2025 22:54:25.348;04-03-2025 17:31:48.308;19357040
2;04-03-2025 22:54:43.451;04-03-2025 17:31:48.308;19375143
2;04-03-2025 22:54:56.558;04-03-2025 17:31:48.308;19388250
2;04-03-2025 22:54:57.472;04-03-2025 17:31:48.308;19389164
2;04-03-2025 22:54:58.201;04-03-2025 17:31:48.308;19389893
2;04-03-2025 22:55:02.768;04-03-2025 17:31:48.308;19394460
2;04-03-2025 22:55:08.637;04-03-2025 17:31:48.308;19400329
2;04-03-2025 22:55:12.613;04-03-2025 17:31:48.308;19404305
2;04-03-2025 22:55:13.860;04-03-2025 17:31:48.308;19405552
2;04-03-2025 22:55:23.526;04-03-2025 17:31:48.308;19415218
2;04-03-2025 22:55:25.742;04-03-2025 17:31:48.308;19417434
2;04-03-2025 22:55:28.123;04-03-2025 17:31:48.308;19419815
2;04-03-2025 22:55:29.245;04-03-2025 17:31:48.308;19420937
2;04-03-2025 22:55:40.322;04-03-2025 17:31:48.308;19432014
2;04-03-2025 22:55:42.646;04-03-2025 17:31:48.308;19434338
2;04-03-2025 22:55:53.568;04-03-2025 17:31:48.308;19445260
2;04-03-2025 22:55:55.076;04-03-2025 17:31:48.308;19446768
2;04-03-2025 22:55:59.351;04-03-2025 17:31:48.308;19451043
2;04-03-2025 22:56:05.680;04-03-2025 17:31:48.308;19457372
2;04-03-2025 22:56:08.731;04-03-2025 17:31:48.308;19460423
2;04-03-2025 22:56:13.385;04-03-2025 17:31:48.308;19465077
2;04-03-2025 22:56:20.557;04-03-2025 17:31:48.308;19472249
2;04-03-2025 22:56:24.630;04-03-2025 17:31:48.308;19476322
2;04-03-2025 22:56:39.739;04-03-2025 17:31:48.308;19491431
2;04-03-2025 22:56:43.104;04-03-2025 17:31:48.308;19494796
2;04-03-2025 22:56:44.381;04-03-2025 17:31:48.308;19496073
2;04-03-2025 22:56:46.817;04-03-2025 17:31:48.308;19498509
2;04-03-2025 22:56:51.331;04-03-2025 17:31:48.308;19503023
2;04-03-2025 22:56:52.238;04-03-2025 17:31:48.308;19503930
2;04-03-2025 22:57:03.598;04-03-2025 17:31:48.308;19515290
2;04-03-2025 22:57:07.946;04-03-2025 17:31:48.308;19519638
2;04-03-2025 22:57:10.379;04-03-2025 17:31:48.308;19522071
2;04-03-2025 22:57:16.104;04-03-2025 17:31:48.308;19527796
2;04-03-2025 22:57:19.111;04-03-2025 17:31:48.308;19530803
2;04-03-2025 22:57:20.892;04-03-2025 17:31:48.308;19532584
2;04-03-2025 22:57:25.003;04-03-2025 17:31:48.308;19536695
2;04-03-2025 22:57:27.580;04-03-2025 17:31:48.308;19539272
2;04-03-2025 22:57:35.515;04-03-2025 17:31:48.308;19547207
2;04-03-2025 22:57:50.742;04-03-2025 17:31:48.308;19562434
2;04-03-2025 22:57:51.067;04-03-2025 17:31:48.308;19562759
2;04-03-2025 22:57:52.656;04-03-2025 17:31:48.308;19564348
2;04-03-2025 22:58:02.831;04-03-2025 17:31:48.308;19574523
2;04-03-2025 22:58:11.040;04-03-2025 17:31:48.308;19582732
2;04-03-2025 22:58:12.770;04-03-2025 17:31:48.308;19584462
2;04-03-2025 22:58:12.894;04-03-2025 17:31:48.308;19584586
2;04-03-2025 22:58:21.870;04-03-2025 17:31:48.308;19593562
2;04-03-2025 22:58:22.659;04-03-2025 17:31:48.308;19594351
2;04-03-2025 22:58:24.347;04-03-2025 17:31:48.308;19596039
2;04-03-2025 22:58:27.367;04-03-2025 17:31:48.308;19599059
2;04-03-2025 22:58:38.305;04-03-2025 17:31:48.308;19609997
2;04-03-2025 22:58:49.005;04-03-2025 17:31:48.308;19620697
2;04-03-2025 22:58:58.656;04-03-2025 17:31:48.308;19630348
2;04-03-2025 22:58:59.956;04-03-2025 17:31:48.308;19631648
2;04-03-2025 22:59:00.724;04-03-2025 17:31:48.308;19632416
2;04-03-2025 22:59:03.514;04-03-2025 17:31:48.308;19635206
2;04-03-2025 22:59:09.679;04-03-2025 17:31:48.308;19641371
2;04-03-2025 22:59:14.718;04-03-2025 17:31:48.308;19646410
2;04-03-2025 22:59:22.278;04-03-2025 17:31:48.308;19653970
2;04-03-2025 22:59:22.963;04-03-2025 17:31:48.308;19654655
2;04-03-2025 22:59:25.985;04-03-2025 17:31:48.308;19657677
2;04-03-2025 22:59:30.260;04-03-2025 17:31:48.308;19661952
2;04-03-2025 22:59:34.979;04-03-2025 17:31:48.308;19666671
2;04-03-2025 22:59:46.817;04-03-2025 17:31:48.308;19678509
2;04-03-2025 22:59:46.985;04-03-2025 17:31:48.308;19678677
2;04-03-2025 22:59:58.642;04-03-2025 17:31:48.308;19690334
2;04-03-2025 23:00:00.453;04-03-2025 17:31:48.308;19692145
2;04-03-2025 23:00:04.528;04-03-2025 17:31:48.308;19696220
2;04-03-2025 23:00:18.850;04-03-2025 17:31:48.308;19710542
2;04-03-2025 23:00:26.110;04-03-2025 17:31:48.308;19717802
2;04-03-2025 23:00:27.866;04-03-2025 17:31:48.308;19719558
2;04-03-2025 23:00:29.240;04-03-2025 17:31:48.308;19720932
2;04-03-2025 23:00:32.152;04-03-2025 17:31:48.308;19723844
2;04-03-2025 23:00:40.325;04-03-2025 17:31:48.308;19732017
2;04-03-2025 23:00:47.039;04-03-2025 17:31:48.308;19738731
2;04-03-2025 23:00:51.064;04-03-2025 17:31:48.308;19742756
2;04-03-2025 23:00:57.132;04-03-2025 17:31:48.308;19748824
2;04-03-2025 23:01:01.540;04-03-2025 17:31:48.308;19753232
2;04-03-2025 23:01:03.072;04-03-2025 17:31:48.308;19754764
2;04-03-2025 23:01:12.681;04-03-2025 17:31:48.308;19764373
2;04-03-2025 23:01:18.399;04-03-2025 17:31:48.308;19770091
2;04-03-2025 23:01:21.330;04-03-2025 17:31:48.308;19773022
2;04-03-2025 23:01:24.391;04-03-2025 17:31:48.308;19776083
2;04-03-2025 23:01:29.744;04-03-2025 17:31:48.308;19781436
2;04-03-2025 23:01:34.676;04-03-2025 17:31:48.308;19786368
2;04-03-2025 23:01:36.804;04-03-2025 17:31:48.308;19788496
2;04-03-2025 23:01:41.431;04-03-2025 17:31:48.308;19793123
2;04-03-2025 23:01:42.832;04-03-2025 17:31:48.308;19794524
2;04-03-2025 23:01:55.249;04-03-2025 17:31:48.308;19806941
2;04-03-2025 23:01:55.940;04-03-2025 17:31:48.308;19807632
2;04-03-2025 23:02:00.418;04-03-2025 17:31:48.308;19812110
2;04-03-2025 23:02:02.964;04-03-2025 17:31:48.308;19814656
2;04-03-2025 23:02:04.321;04-03-2025 17:31:48.308;19816013
2;04-03-2025 23:02:15.615;04-03-2025 17:31:48.308;19827307
2;04-03-2025 23:02:28.884;04-03-2025 17:31:48.308;19840576
2;04-03-2025 23:02:31.258;04-03-2025 17:31:48.308;19842950
2;04-03-2025 23:02:32.001;04-03-2025 17:31:48.308;19843693
2;04-03-2025 23:02:33.593;04-03-2025 17:31:48.308;19845285
2;04-03-2025 23:02:33.870;04-03-2025 17:31:48.308;19845562
2;04-03-2025 23:02:40.362;04-03-2025 17:31:48.308;19852054
2;04-03-2025 23:02:49.862;04-03-2025 17:31:48.308;19861554
2;04-03-2025 23:02:50.773;04-03-2025 17:31:48.308;19862465
2;04-03-2025 23:02:55.330;04-03-2025 17:31:48.308;19867022
2;04-03-2025 23:02:57.962;04-03-2025 17:31:48.308;19869654
2;04-03-2025 23:03:15.151;04-03-2025 17:31:48.308;19886843
2;04-03-2025 23:03:16.050;04-03-2025 17:31:48.308;19887742
2;04-03-2025 23:03:17.977;04-03-2025 17:31:48.308;19889669
2;04-03-2025 23:03:21.301;04-03-2025 17:31:48.308;19892993
2;04-03-2025 23:03:21.497;04-03-2025 17:31:48.308;19893189
2;04-03-2025 23:03:23.443;04-03-2025 17:31:48.308;19895135
2;04-03-2025 23:03:38.824;04-03-2025 17:31:48.308;19910516
2;04-03-2025 23:03:43.424;04-03-2025 17:31:48.308;19915116
2;04-03-2025 23:03:51.128;04-03-2025 17:31:48.308;19922820
2;04-03-2025 23:03:55.990;04-03-2025 17:31:48.308;19927682
2;04-03-2025 23:03:57.855;04-03-2025 17:31:48.308;19929547
2;04-03-2025 23:03:59.101;04-03-2025 17:31:48.308;19930793
2;04-03-2025 23:04:15.448;04-03-2025 17:31:48.308;19947140
2;04-03-2025 23:04:20.675;04-03-2025 17:31:48.308;19952367
2;04-03-2025 23:04:24.514;04-03-2025 17:31:48.308;19956206
2;04-03-2025 23:04:27.301;04-03-2025 17:31:48.308;19958993
2;04-03-2025 23:04:28.726;04-03-2025 17:31:48.308;19960418
2;04-03-2025 23:04:34.698;04-03-2025 17:31:48.308;19966390
2;04-03-2025 23:04:38.599;04-03-2025 17:31:48.308;19970291
2;04-03-2025 23:04:47.749;04-03-2025 17:31:48.308;19979441
2;04-03-2025 23:04:49.402;04-03-2025 17:31:48.308;19981094
2;04-03-2025 23:04:53.517;04-03-2025 17:31:48.308;19985209
2;04-03-2025 23:04:53.545;04-03-2025 17:31:48.308;19985237
2;04-03-2025 23:05:02.087;04-03-2025 17:31:48.308;19993779
2;04-03-2025 23:05:06.913;04-03-2025 17:31:48.308;19998605
2;04-03-2025 23:05:11.314;04-03-2025 17:31:48.308;20003006
2;04-03-2025 23:05:27.146;04-03-2025 17:31:48.308;20018838
2;04-03-2025 23:05:32.120;04-03-2025 17:31:48.308;20023812
2;04-03-2025 23:05:33.625;04-03-2025 17:31:48.308;20025317
2;04-03-2025 23:05:38.983;04-03-2025 17:31:48.308;20030675
2;04-03-2025 23:05:40.613;04-03-2025 17:31:48.308;20032305
2;04-03-2025 23:05:54.057;04-03-2025 17:31:48.308;20045749
2;04-03-2025 23:05:55.817;04-03-2025 17:31:48.308;20047509
2;04-03-2025 23:06:00.114;04-03-2025 17:31:48.308;20051806
2;04-03-2025 23:06:05.269;04-03-2025 17:31:48.308;20056961
2;04-03-2025 23:06:07.473;04-03-2025 17:31:48.308;20059165
2;04-03-2025 23:06:12.953;04-03-2025 17:31:48.308;20064645
2;04-03-2025 23:06:15.531;04-03-2025 17:31:48.308;20067223
2;04-03-2025 23:06:19.685;04-03-2025 17:31:48.308;20071377
2;04-03-2025 23:06:23.580;04-03-2025 17:31:48.308;20075272
2;04-03-2025 23:06:27.633;04-03-2025 17:31:48.308;20079325
2;04-03-2025 23:06:32.509;04-03-2025 17:31:48.308;20084201
2;04-03-2025 23:06:36.870;04-03-2025 17:31:48.308;20088562
2;04-03-2025 23:06:40.411;04-03-2025 17:31:48.308;20092103
2;04-03-2025 23:06:45.526;04-03-2025 17:31:48.308;20097218
2;04-03-2025 23:06:47.941;04-03-2025 17:31:48.308;20099633
2;04-03-2025 23:07:08.046;04-03-2025 17:31:48.308;20119738
2;04-03-2025 23:07:11.334;04-03-2025 17:31:48.308;20123026
2;04-03-2025 23:07:13.615;04-03-2025 17:31:48.308;20125307
2;04-03-2025 23:07:18.606;04-03-2025 17:31:48.308;20130298
2;04-03-2025 23:07:21.087;04-03-2025 17:31:48.308;20132779
2;04-03-2025 23:07:28.625;04-03-2025 17:31:48.308;20140317
2;04-03-2025 23:07:31.752;04-03-2025 17:31:48.308;20143444
2;04-03-2025 23:07:31.914;04-03-2025 17:31:48.308;20143606
2;04-03-2025 23:07:38.532;04-03-2025 17:31:48.308;20150224
2;04-03-2025 23:07:45.986;04-03-2025 17:31:48.308;20157678
2;04-03-2025 23:07:50.458;04-03-2025 17:31:48.308;20162150
2;04-03-2025 23:07:59.193;04-03-2025 17:31:48.308;20170885
2;04-03-2025 23:08:05.497;04-03-2025 17:31:48.308;20177189
2;04-03-2025 23:08:08.438;04-03-2025 17:31:48.308;20180130
2;04-03-2025 23:08:15.995;04-03-2025 17:31:48.308;20187687
2;04-03-2025 23:08:19.275;04-03-2025 17:31:48.308;20190967
2;04-03-2025 23:08:23.637;04-03-2025 17:31:48.308;20195329
2;04-03-2025 23:08:25.418;04-03-2025 17:31:48.308;20197110
2;04-03-2025 23:08:37.553;04-03-2025 17:31:48.308;20209245
2;04-03-2025 23:08:41.746;04-03-2025 17:31:48.308;20213438
2;04-03-2025 23:08:48.092;04-03-2025 17:31:48.308;20219784
2;04-03-2025 23:08:49.540;04-03-2025 17:31:48.308;20221232
2;04-03-2025 23:08:57.512;04-03-2025 17:31:48.308;20229204
2;04-03-2025 23:09:02.822;04-03-2025 17:31:48.308;20234514
2;04-03-2025 23:09:04.522;04-03-2025 17:31:48.308;20236214
2;04-03-2025 23:09:06.915;04-03-2025 17:31:48.308;20238607
2;04-03-2025 23:09:08.938;04-03-2025 17:31:48.308;20240630
2;04-03-2025 23:09:18.938;04-03-2025 17:31:48.308;20250630
2;04-03-2025 23:09:19.555;04-03-2025 17:31:48.308;20251247
2;04-03-2025 23:09:28.469;04-03-2025 17:31:48.308;20260161
2;04-03-2025 23:09:30.049;04-03-2025 17:31:48.308;20261741
2;04-03-2025 23:09:38.677;04-03-2025 17:31:48.308;20270369
2;04-03-2025 23:09:47.451;04-03-2025 17:31:48.308;20279143
2;04-03-2025 23:09:47.670;04-03-2025 17:31:48.308;20279362
2;04-03-2025 23:09:56.479;04-03-2025 17:31:48.308;20288171
2;04-03-2025 23:09:58.723;04-03-2025 17:31:48.308;20290415
2;04-03-2025 23:10:11.697;04-03-2025 17:31:48.308;20303389
2;04-03-2025 23:10:13.451;04-03-2025 17:31:48.308;20305143
2;04-03-2025 23:10:18.822;04-03-2025 17:31:48.308;20310514
2;04-03-2025 23:10:19.381;04-03-2025 17:31:48.308;20311073
2;04-03-2025 23:10:25.338;04-03-2025 17:31:48.308;20317030
2;04-03-2025 23:10:26.175;04-03-2025 17:31:48.308;20317867
2;04-03-2025 23:10:32.730;04-03-2025 17:31:48.308;20324422
2;04-03-2025 23:10:40.624;04-03-2025 17:31:48.308;20332316
2;04-03-2025 23:10:43.614;04-03-2025 17:31:48.308;20335306
2;04-03-2025 23:10:43.725;04-03-2025 17:31:48.308;20335417
2;04-03-2025 23:10:51.473;04-03-2025 17:31:48.308;20343165
2;04-03-2025 23:10:52.637;04-03-2025 17:31:48.308;20344329
2;04-03-2025 23:11:01.436;04-03-2025 17:31:48.308;20353128
2;04-03-2025 23:11:05.674;04-03-2025 17:31:48.308;20357366
2;04-03-2025 23:11:16.248;04-03-2025 17:31:48.308;20367940
2;04-03-2025 23:11:16.835;04-03-2025 17:31:48.308;20368527
2;04-03-2025 23:11:17.592;04-03-2025 17:31:48.308;20369284
2;04-03-2025 23:11:23.231;04-03-2025 17:31:48.308;20374923
2;04-03-2025 23:11:28.427;04-03-2025 17:31:48.308;20380119
2;04-03-2025 23:11:34.604;04-03-2025 17:31:48.308;20386296
2;04-03-2025 23:11:40.960;04-03-2025 17:31:48.308;20392652
2;04-03-2025 23:11:46.837;04-03-2025 17:31:48.308;20398529
2;04-03-2025 23:11:50.403;04-03-2025 17:31:48.308;20402095
2;04-03-2025 23:11:59.155;04-03-2025 17:31:48.308;20410847
2;04-03-2025 23:12:05.881;04-03-2025 17:31:48.308;20417573
2;04-03-2025 23:12:10.373;04-03-2025 17:31:48.308;20422065
2;04-03-2025 23:12:14.765;04-03-2025 17:31:48.308;20426457
2;04-03-2025 23:12:15.240;04-03-2025 17:31:48.308;20426932
2;04-03-2025 23:12:16.993;04-03-2025 17:31:48.308;20428685
2;04-03-2025 23:12:20.978;04-03-2025 17:31:48.308;20432670
2;04-03-2025 23:12:23.633;04-03-2025 17:31:48.308;20435325
2;04-03-2025 23:12:37.726;04-03-2025 17:31:48.308;20449418
2;04-03-2025 23:12:38.999;04-03-2025 17:31:48.308;20450691
2;04-03-2025 23:12:42.136;04-03-2025 17:31:48.308;20453828
2;04-03-2025 23:12:51.388;04-03-2025 17:31:48.308;20463080
2;04-03-2025 23:12:52.872;04-03-2025 17:31:48.308;20464564
2;04-03-2025 23:13:07.105;04-03-2025 17:31:48.308;20478797
2;04-03-2025 23:13:15.918;04-03-2025 17:31:48.308;20487610
2;04-03-2025 23:13:21.334;04-03-2025 17:31:48.308;20493026
2;04-03-2025 23:13:24.099;04-03-2025 17:31:48.308;20495791
2;04-03-2025 23:13:25.454;04-03-2025 17:31:48.308;20497146
2;04-03-2025 23:13:25.868;04-03-2025 17:31:48.308;20497560
2;04-03-2025 23:13:29.867;04-03-2025 17:31:48.308;20501559
2;04-03-2025 23:13:40.025;04-03-2025 17:31:48.308;20511717
2;04-03-2025 23:13:42.601;04-03-2025 17:31:48.308;20514293
2;04-03-2025 23:13:43.478;04-03-2025 17:31:48.308;20515170
2;04-03-2025 23:13:45.346;04-03-2025 17:31:48.308;20517038
2;04-03-2025 23:13:48.997;04-03-2025 17:31:48.308;20520689
2;04-03-2025 23:13:55.276;04-03-2025 17:31:48.308;20526968
2;04-03-2025 23:14:10.090;04-03-2025 17:31:48.308;20541782
2;04-03-2025 23:14:10.445;04-03-2025 17:31:48.308;20542137
2;04-03-2025 23:14:14.940;04-03-2025 17:31:48.308;20546632
2;04-03-2025 23:14:19.443;04-03-2025 17:31:48.308;20551135
2;04-03-2025 23:14:34.143;04-03-2025 17:31:48.308;20565835
2;04-03-2025 23:14:37.015;04-03-2025 17:31:48.308;20568707
2;04-03-2025 23:14:39.500;04-03-2025 17:31:48.308;20571192
3;04-03-2025 23:14:47.979;04-03-2025 23:14:43.064;4915
2;04-03-2025 23:14:50.775;04-03-2025 17:31:48.308;20582467
2;04-03-2025 23:14:51.915;04-03-2025 17:31:48.308;20583607
2;04-03-2025 23:14:52.994;04-03-2025 17:31:48.308;20584686
2;04-03-2025 23:14:54.537;04-03-2025 17:31:48.308;20586229
2;04-03-2025 23:14:55.975;04-03-2025 17:31:48.308;20587667
2;04-03-2025 23:15:05.953;04-03-2025 17:31:48.308;20597645
2;04-03-2025 23:15:15.941;04-03-2025 17:31:48.308;20607633
2;04-03-2025 23:15:26.553;04-03-2025 17:31:48.308;20618245
2;04-03-2025 23:15:28.747;04-03-2025 17:31:48.308;20620439
2;04-03-2025 23:15:31.555;04-03-2025 17:31:48.308;20623247
2;04-03-2025 23:15:33.853;04-03-2025 17:31:48.308;20625545
2;04-03-2025 23:15:35.290;04-03-2025 17:31:48.308;20626982
2;04-03-2025 23:15:35.713;04-03-2025 17:31:48.308;20627405
2;04-03-2025 23:15:40.634;04-03-2025 17:31:48.308;20632326
2;04-03-2025 23:15:47.756;04-03-2025 17:31:48.308;20639448
2;04-03-2025 23:15:52.861;04-03-2025 17:31:48.308;20644553
2;04-03-2025 23:15:54.625;04-03-2025 17:31:48.308;20646317
2;04-03-2025 23:15:59.599;04-03-2025 17:31:48.308;20651291
2;04-03-2025 23:16:13.845;04-03-2025 17:31:48.308;20665537
2;04-03-2025 23:16:18.488;04-03-2025 17:31:48.308;20670180
2;04-03-2025 23:16:23.168;04-03-2025 17:31:48.308;20674860
2;04-03-2025 23:16:25.237;04-03-2025 17:31:48.308;20676929
2;04-03-2025 23:16:25.865;04-03-2025 17:31:48.308;20677557
2;04-03-2025 23:16:31.067;04-03-2025 17:31:48.308;20682759
2;04-03-2025 23:16:39.224;04-03-2025 17:31:48.308;20690916
2;04-03-2025 23:16:39.593;04-03-2025 17:31:48.308;20691285
2;04-03-2025 23:16:45.193;04-03-2025 17:31:48.308;20696885
2;04-03-2025 23:16:47.632;04-03-2025 17:31:48.308;20699324
2;04-03-2025 23:16:48.500;04-03-2025 17:31:48.308;20700192
2;04-03-2025 23:16:58.551;04-03-2025 17:31:48.308;20710243
2;04-03-2025 23:17:06.569;04-03-2025 17:31:48.308;20718261
2;04-03-2025 23:17:08.749;04-03-2025 17:31:48.308;20720441
2;04-03-2025 23:17:17.447;04-03-2025 17:31:48.308;20729139
2;04-03-2025 23:17:24.631;04-03-2025 17:31:48.308;20736323
2;04-03-2025 23:17:25.679;04-03-2025 17:31:48.308;20737371
2;04-03-2025 23:17:29.659;04-03-2025 17:31:48.308;20741351
2;04-03-2025 23:17:30.440;04-03-2025 17:31:48.308;20742132
2;04-03-2025 23:17:38.988;04-03-2025 17:31:48.308;20750680
2;04-03-2025 23:17:55.130;04-03-2025 17:31:48.308;20766822
2;04-03-2025 23:17:57.265;04-03-2025 17:31:48.308;20768957
2;04-03-2025 23:18:03.420;04-03-2025 17:31:48.308;20775112
2;04-03-2025 23:18:04.524;04-03-2025 17:31:48.308;20776216
2;04-03-2025 23:18:09.428;04-03-2025 17:31:48.308;20781120
2;04-03-2025 23:18:12.972;04-03-2025 17:31:48.308;20784664
2;04-03-2025 23:18:15.725;04-03-2025 17:31:48.308;20787417
2;04-03-2025 23:18:24.307;04-03-2025 17:31:48.308;20795999
2;04-03-2025 23:18:25.215;04-03-2025 17:31:48.308;20796907
2;04-03-2025 23:18:32.330;04-03-2025 17:31:48.308;20804022
2;04-03-2025 23:18:41.985;04-03-2025 17:31:48.308;20813677
2;04-03-2025 23:18:45.705;04-03-2025 17:31:48.308;20817397
2;04-03-2025 23:18:49.940;04-03-2025 17:31:48.308;20821632
2;04-03-2025 23:18:51.584;04-03-2025 17:31:48.308;20823276
2;04-03-2025 23:19:00.751;04-03-2025 17:31:48.308;20832443
2;04-03-2025 23:19:02.979;04-03-2025 17:31:48.308;20834671
2;04-03-2025 23:19:12.955;04-03-2025 17:31:48.308;20844647
2;04-03-2025 23:19:15.998;04-03-2025 17:31:48.308;20847690
2;04-03-2025 23:19:20.125;04-03-2025 17:31:48.308;20851817
2;04-03-2025 23:19:23.433;04-03-2025 17:31:48.308;20855125
2;04-03-2025 23:19:28.922;04-03-2025 17:31:48.308;20860614
2;04-03-2025 23:19:35.514;04-03-2025 17:31:48.308;20867206
2;04-03-2025 23:19:35.969;04-03-2025 17:31:48.308;20867661
2;04-03-2025 23:19:38.120;04-03-2025 17:31:48.308;20869812
2;04-03-2025 23:19:41.993;04-03-2025 17:31:48.308;20873685
2;04-03-2025 23:20:02.175;04-03-2025 17:31:48.308;20893867
2;04-03-2025 23:20:03.952;04-03-2025 17:31:48.308;20895644
2;04-03-2025 23:20:06.535;04-03-2025 17:31:48.308;20898227
2;04-03-2025 23:20:08.253;04-03-2025 17:31:48.308;20899945
2;04-03-2025 23:20:20.102;04-03-2025 17:31:48.308;20911794
2;04-03-2025 23:20:27.585;04-03-2025 17:31:48.308;20919277
2;04-03-2025 23:20:31.610;04-03-2025 17:31:48.308;20923302
2;04-03-2025 23:20:35.560;04-03-2025 17:31:48.308;20927252
2;04-03-2025 23:20:35.634;04-03-2025 17:31:48.308;20927326
2;04-03-2025 23:20:39.487;04-03-2025 17:31:48.308;20931179
2;04-03-2025 23:20:45.598;04-03-2025 17:31:48.308;20937290
2;04-03-2025 23:20:52.003;04-03-2025 17:31:48.308;20943695
2;04-03-2025 23:20:54.928;04-03-2025 17:31:48.308;20946620
2;04-03-2025 23:21:10.449;04-03-2025 17:31:48.308;20962141
2;04-03-2025 23:21:10.854;04-03-2025 17:31:48.308;20962546
2;04-03-2025 23:21:10.929;04-03-2025 17:31:48.308;20962621
2;04-03-2025 23:21:14.512;04-03-2025 17:31:48.308;20966204
2;04-03-2025 23:21:21.064;04-03-2025 17:31:48.308;20972756
2;04-03-2025 23:21:24.239;04-03-2025 17:31:48.308;20975931
2;04-03-2025 23:21:37.380;04-03-2025 17:31:48.308;20989072
2;04-03-2025 23:21:38.182;04-03-2025 17:31:48.308;20989874
2;04-03-2025 23:21:40.113;04-03-2025 17:31:48.308;20991805
2;04-03-2025 23:21:43.404;04-03-2025 17:31:48.308;20995096
2;04-03-2025 23:21:45.574;04-03-2025 17:31:48.308;20997266
2;04-03-2025 23:21:54.314;04-03-2025 17:31:48.308;21006006
2;04-03-2025 23:21:56.748;04-03-2025 17:31:48.308;21008440
2;04-03-2025 23:21:59.615;04-03-2025 17:31:48.308;21011307
2;04-03-2025 23:22:06.569;04-03-2025 17:31:48.308;21018261
2;04-03-2025 23:22:12.053;04-03-2025 17:31:48.308;21023745
2;04-03-2025 23:22:13.504;04-03-2025 17:31:48.308;21025196
2;04-03-2025 23:22:27.059;04-03-2025 17:31:48.308;21038751
2;04-03-2025 23:22:29.852;04-03-2025 17:31:48.308;21041544
2;04-03-2025 23:22:35.850;04-03-2025 17:31:48.308;21047542
2;04-03-2025 23:22:50.845;04-03-2025 17:31:48.308;21062537
2;04-03-2025 23:22:51.813;04-03-2025 17:31:48.308;21063505
2;04-03-2025 23:22:53.524;04-03-2025 17:31:48.308;21065216
2;04-03-2025 23:22:54.348;04-03-2025 17:31:48.308;21066040
2;04-03-2025 23:22:54.936;04-03-2025 17:31:48.308;21066628
2;04-03-2025 23:22:55.482;04-03-2025 17:31:48.308;21067174
2;04-03-2025 23:23:06.538;04-03-2025 17:31:48.308;21078230
2;04-03-2025 23:23:10.667;04-03-2025 17:31:48.308;21082359
2;04-03-2025 23:23:31.841;04-03-2025 17:31:48.308;21103533
2;04-03-2025 23:23:35.193;04-03-2025 17:31:48.308;21106885
2;04-03-2025 23:23:35.205;04-03-2025 17:31:48.308;21106897
2;04-03-2025 23:23:37.976;04-03-2025 17:31:48.308;21109668
2;04-03-2025 23:23:39.392;04-03-2025 17:31:48.308;21111084
2;04-03-2025 23:23:41.981;04-03-2025 17:31:48.308;21113673
2;04-03-2025 23:23:46.587;04-03-2025 17:31:48.308;21118279
2;04-03-2025 23:23:49.135;04-03-2025 17:31:48.308;21120827
2;04-03-2025 23:23:53.990;04-03-2025 17:31:48.308;21125682
2;04-03-2025 23:24:01.918;04-03-2025 17:31:48.308;21133610
2;04-03-2025 23:24:12.111;04-03-2025 17:31:48.308;21143803
2;04-03-2025 23:24:14.124;04-03-2025 17:31:48.308;21145816
2;04-03-2025 23:24:24.886;04-03-2025 17:31:48.308;21156578
2;04-03-2025 23:24:26.642;04-03-2025 17:31:48.308;21158334
2;04-03-2025 23:24:28.398;04-03-2025 17:31:48.308;21160090
2;04-03-2025 23:24:30.334;04-03-2025 17:31:48.308;21162026
2;04-03-2025 23:24:38.695;04-03-2025 17:31:48.308;21170387
2;04-03-2025 23:24:50.862;04-03-2025 17:31:48.308;21182554
2;04-03-2025 23:24:51.608;04-03-2025 17:31:48.308;21183300
2;04-03-2025 23:24:58.124;04-03-2025 17:31:48.308;21189816
2;04-03-2025 23:25:01.151;04-03-2025 17:31:48.308;21192843
2;04-03-2025 23:25:05.778;04-03-2025 17:31:48.308;21197470
2;04-03-2025 23:25:11.875;04-03-2025 17:31:48.308;21203567
2;04-03-2025 23:25:13.773;04-03-2025 17:31:48.308;21205465
2;04-03-2025 23:25:22.573;04-03-2025 17:31:48.308;21214265
2;04-03-2025 23:25:30.756;04-03-2025 17:31:48.308;21222448
2;04-03-2025 23:25:34.074;04-03-2025 17:31:48.308;21225766
2;04-03-2025 23:25:34.456;04-03-2025 17:31:48.308;21226148
2;04-03-2025 23:25:36.622;04-03-2025 17:31:48.308;21228314
2;04-03-2025 23:25:38.448;04-03-2025 17:31:48.308;21230140
2;04-03-2025 23:25:40.948;04-03-2025 17:31:48.308;21232640
2;04-03-2025 23:25:58.681;04-03-2025 17:31:48.308;21250373
2;04-03-2025 23:25:58.747;04-03-2025 17:31:48.308;21250439
2;04-03-2025 23:25:59.864;04-03-2025 17:31:48.308;21251556
2;04-03-2025 23:26:13.492;04-03-2025 17:31:48.308;21265184
2;04-03-2025 23:26:13.615;04-03-2025 17:31:48.308;21265307
2;04-03-2025 23:26:16.531;04-03-2025 17:31:48.308;21268223
2;04-03-2025 23:26:26.151;04-03-2025 17:31:48.308;21277843
2;04-03-2025 23:26:30.287;04-03-2025 17:31:48.308;21281979
2;04-03-2025 23:26:31.564;04-03-2025 17:31:48.308;21283256
2;04-03-2025 23:26:40.166;04-03-2025 17:31:48.308;21291858
2;04-03-2025 23:26:51.528;04-03-2025 17:31:48.308;21303220
2;04-03-2025 23:26:53.824;04-03-2025 17:31:48.308;21305516
2;04-03-2025 23:27:01.356;04-03-2025 17:31:48.308;21313048
2;04-03-2025 23:27:02.078;04-03-2025 17:31:48.308;21313770
2;04-03-2025 23:27:06.353;04-03-2025 17:31:48.308;21318045
2;04-03-2025 23:27:09.833;04-03-2025 17:31:48.308;21321525
2;04-03-2025 23:27:12.729;04-03-2025 17:31:48.308;21324421
2;04-03-2025 23:27:16.626;04-03-2025 17:31:48.308;21328318
2;04-03-2025 23:27:16.635;04-03-2025 17:31:48.308;21328327
2;04-03-2025 23:27:25.859;04-03-2025 17:31:48.308;21337551
2;04-03-2025 23:27:38.219;04-03-2025 17:31:48.308;21349911
2;04-03-2025 23:27:40.430;04-03-2025 17:31:48.308;21352122
2;04-03-2025 23:27:46.418;04-03-2025 17:31:48.308;21358110
2;04-03-2025 23:27:53.860;04-03-2025 17:31:48.308;21365552
2;04-03-2025 23:27:55.112;04-03-2025 17:31:48.308;21366804
2;04-03-2025 23:27:56.808;04-03-2025 17:31:48.308;21368500
2;04-03-2025 23:28:00.494;04-03-2025 17:31:48.308;21372186
2;04-03-2025 23:28:01.604;04-03-2025 17:31:48.308;21373296
2;04-03-2025 23:28:11.057;04-03-2025 17:31:48.308;21382749
2;04-03-2025 23:28:22.766;04-03-2025 17:31:48.308;21394458
2;04-03-2025 23:28:28.670;04-03-2025 17:31:48.308;21400362
2;04-03-2025 23:28:28.805;04-03-2025 17:31:48.308;21400497
2;04-03-2025 23:28:34.027;04-03-2025 17:31:48.308;21405719
2;04-03-2025 23:28:40.584;04-03-2025 17:31:48.308;21412276
2;04-03-2025 23:28:48.262;04-03-2025 17:31:48.308;21419954
2;04-03-2025 23:28:49.000;04-03-2025 17:31:48.308;21420692
2;04-03-2025 23:28:56.795;04-03-2025 17:31:48.308;21428487
2;04-03-2025 23:29:00.271;04-03-2025 17:31:48.308;21431963
2;04-03-2025 23:29:01.734;04-03-2025 17:31:48.308;21433426
2;04-03-2025 23:29:07.772;04-03-2025 17:31:48.308;21439464
2;04-03-2025 23:29:08.468;04-03-2025 17:31:48.308;21440160
2;04-03-2025 23:29:14.721;04-03-2025 17:31:48.308;21446413
2;04-03-2025 23:29:21.290;04-03-2025 17:31:48.308;21452982
2;04-03-2025 23:29:26.224;04-03-2025 17:31:48.308;21457916
2;04-03-2025 23:29:32.528;04-03-2025 17:31:48.308;21464220
2;04-03-2025 23:29:38.022;04-03-2025 17:31:48.308;21469714
2;04-03-2025 23:29:49.723;04-03-2025 17:31:48.308;21481415
2;04-03-2025 23:29:52.966;04-03-2025 17:31:48.308;21484658
2;04-03-2025 23:29:59.337;04-03-2025 17:31:48.308;21491029
2;04-03-2025 23:30:06.149;04-03-2025 17:31:48.308;21497841
2;04-03-2025 23:30:09.151;04-03-2025 17:31:48.308;21500843
2;04-03-2025 23:30:11.367;04-03-2025 17:31:48.308;21503059
2;04-03-2025 23:30:18.180;04-03-2025 17:31:48.308;21509872
2;04-03-2025 23:30:19.845;04-03-2025 17:31:48.308;21511537
2;04-03-2025 23:30:27.617;04-03-2025 17:31:48.308;21519309
2;04-03-2025 23:30:35.285;04-03-2025 17:31:48.308;21526977
2;04-03-2025 23:30:36.499;04-03-2025 17:31:48.308;21528191
2;04-03-2025 23:30:40.603;04-03-2025 17:31:48.308;21532295
2;04-03-2025 23:30:42.047;04-03-2025 17:31:48.308;21533739
2;04-03-2025 23:30:52.576;04-03-2025 17:31:48.308;21544268
2;04-03-2025 23:30:55.741;04-03-2025 17:31:48.308;21547433
2;04-03-2025 23:31:03.754;04-03-2025 17:31:48.308;21555446
2;04-03-2025 23:31:06.502;04-03-2025 17:31:48.308;21558194
2;04-03-2025 23:31:15.296;04-03-2025 17:31:48.308;21566988
2;04-03-2025 23:31:15.511;04-03-2025 17:31:48.308;21567203
2;04-03-2025 23:31:18.649;04-03-2025 17:31:48.308;21570341
2;04-03-2025 23:31:31.436;04-03-2025 17:31:48.308;21583128
2;04-03-2025 23:31:32.420;04-03-2025 17:31:48.308;21584112
2;04-03-2025 23:31:41.861;04-03-2025 17:31:48.308;21593553
2;04-03-2025 23:31:46.795;04-03-2025 17:31:48.308;21598487
2;04-03-2025 23:31:48.447;04-03-2025 17:31:48.308;21600139
2;04-03-2025 23:31:57.435;04-03-2025 17:31:48.308;21609127
2;04-03-2025 23:31:58.688;04-03-2025 17:31:48.308;21610380
2;04-03-2025 23:32:07.893;04-03-2025 17:31:48.308;21619585
2;04-03-2025 23:32:08.535;04-03-2025 17:31:48.308;21620227
2;04-03-2025 23:32:11.907;04-03-2025 17:31:48.308;21623599
2;04-03-2025 23:32:12.697;04-03-2025 17:31:48.308;21624389
2;04-03-2025 23:32:19.165;04-03-2025 17:31:48.308;21630857
2;04-03-2025 23:32:19.960;04-03-2025 17:31:48.308;21631652
2;04-03-2025 23:32:27.148;04-03-2025 17:31:48.308;21638840
2;04-03-2025 23:32:35.946;04-03-2025 17:31:48.308;21647638
2;04-03-2025 23:32:49.632;04-03-2025 17:31:48.308;21661324
2;04-03-2025 23:32:54.336;04-03-2025 17:31:48.308;21666028
2;04-03-2025 23:32:54.491;04-03-2025 17:31:48.308;21666183
2;04-03-2025 23:32:54.833;04-03-2025 17:31:48.308;21666525
2;04-03-2025 23:32:57.962;04-03-2025 17:31:48.308;21669654
2;04-03-2025 23:32:59.714;04-03-2025 17:31:48.308;21671406
2;04-03-2025 23:33:00.648;04-03-2025 17:31:48.308;21672340
2;04-03-2025 23:33:09.780;04-03-2025 17:31:48.308;21681472
2;04-03-2025 23:33:12.532;04-03-2025 17:31:48.308;21684224
2;04-03-2025 23:33:17.954;04-03-2025 17:31:48.308;21689646
2;04-03-2025 23:33:25.919;04-03-2025 17:31:48.308;21697611
2;04-03-2025 23:33:35.300;04-03-2025 17:31:48.308;21706992
2;04-03-2025 23:33:44.943;04-03-2025 17:31:48.308;21716635
2;04-03-2025 23:33:46.307;04-03-2025 17:31:48.308;21717999
2;04-03-2025 23:33:48.580;04-03-2025 17:31:48.308;21720272
2;04-03-2025 23:33:56.034;04-03-2025 17:31:48.308;21727726
2;04-03-2025 23:34:02.945;04-03-2025 17:31:48.308;21734637
2;04-03-2025 23:34:16.592;04-03-2025 17:31:48.308;21748284
2;04-03-2025 23:34:18.046;04-03-2025 17:31:48.308;21749738
2;04-03-2025 23:34:19.540;04-03-2025 17:31:48.308;21751232
2;04-03-2025 23:34:21.005;04-03-2025 17:31:48.308;21752697
2;04-03-2025 23:34:28.341;04-03-2025 17:31:48.308;21760033
2;04-03-2025 23:34:30.689;04-03-2025 17:31:48.308;21762381
2;04-03-2025 23:34:32.933;04-03-2025 17:31:48.308;21764625
2;04-03-2025 23:34:39.341;04-03-2025 17:31:48.308;21771033
2;04-03-2025 23:34:42.523;04-03-2025 17:31:48.308;21774215
2;04-03-2025 23:34:59.182;04-03-2025 17:31:48.308;21790874
2;04-03-2025 23:35:01.505;04-03-2025 17:31:48.308;21793197
2;04-03-2025 23:35:07.364;04-03-2025 17:31:48.308;21799056
2;04-03-2025 23:35:08.247;04-03-2025 17:31:48.308;21799939
2;04-03-2025 23:35:15.410;04-03-2025 17:31:48.308;21807102
2;04-03-2025 23:35:16.682;04-03-2025 17:31:48.308;21808374
2;04-03-2025 23:35:20.452;04-03-2025 17:31:48.308;21812144
2;04-03-2025 23:35:22.198;04-03-2025 17:31:48.308;21813890
2;04-03-2025 23:35:30.082;04-03-2025 17:31:48.308;21821774
2;04-03-2025 23:35:37.654;04-03-2025 17:31:48.308;21829346
2;04-03-2025 23:35:39.450;04-03-2025 17:31:48.308;21831142
2;04-03-2025 23:35:44.163;04-03-2025 17:31:48.308;21835855
2;04-03-2025 23:35:44.179;04-03-2025 17:31:48.308;21835871
2;04-03-2025 23:35:47.367;04-03-2025 17:31:48.308;21839059
2;04-03-2025 23:35:50.695;04-03-2025 17:31:48.308;21842387
2;04-03-2025 23:36:04.448;04-03-2025 17:31:48.308;21856140
2;04-03-2025 23:36:05.414;04-03-2025 17:31:48.308;21857106
2;04-03-2025 23:36:13.430;04-03-2025 17:31:48.308;21865122
2;04-03-2025 23:36:16.640;04-03-2025 17:31:48.308;21868332
2;04-03-2025 23:36:20.631;04-03-2025 17:31:48.308;21872323
2;04-03-2025 23:36:29.058;04-03-2025 17:31:48.308;21880750
2;04-03-2025 23:36:29.961;04-03-2025 17:31:48.308;21881653
2;04-03-2025 23:36:44.492;04-03-2025 17:31:48.308;21896184
2;04-03-2025 23:36:52.462;04-03-2025 17:31:48.308;21904154
2;04-03-2025 23:36:53.691;04-03-2025 17:31:48.308;21905383
2;04-03-2025 23:36:58.241;04-03-2025 17:31:48.308;21909933
2;04-03-2025 23:37:11.492;04-03-2025 17:31:48.308;21923184
2;04-03-2025 23:37:17.317;04-03-2025 17:31:48.308;21929009
2;04-03-2025 23:37:17.477;04-03-2025 17:31:48.308;21929169
2;04-03-2025 23:37:20.130;04-03-2025 17:31:48.308;21931822
2;04-03-2025 23:37:23.134;04-03-2025 17:31:48.308;21934826
2;04-03-2025 23:37:26.558;04-03-2025 17:31:48.308;21938250
2;04-03-2025 23:37:32.751;04-03-2025 17:31:48.308;21944443
2;04-03-2025 23:37:32.769;04-03-2025 17:31:48.308;21944461
2;04-03-2025 23:37:34.874;04-03-2025 17:31:48.308;21946566
2;04-03-2025 23:37:45.950;04-03-2025 17:31:48.308;21957642
2;04-03-2025 23:37:46.238;04-03-2025 17:31:48.308;21957930
2;04-03-2025 23:37:46.443;04-03-2025 17:31:48.308;21958135
2;04-03-2025 23:37:53.376;04-03-2025 17:31:48.308;21965068
2;04-03-2025 23:38:06.477;04-03-2025 17:31:48.308;21978169
2;04-03-2025 23:38:07.270;04-03-2025 17:31:48.308;21978962
2;04-03-2025 23:38:10.161;04-03-2025 17:31:48.308;21981853
2;04-03-2025 23:38:13.813;04-03-2025 17:31:48.308;21985505
2;04-03-2025 23:38:15.829;04-03-2025 17:31:48.308;21987521
2;04-03-2025 23:38:22.993;04-03-2025 17:31:48.308;21994685
2;04-03-2025 23:38:25.723;04-03-2025 17:31:48.308;21997415
2;04-03-2025 23:38:42.677;04-03-2025 17:31:48.308;22014369
2;04-03-2025 23:38:46.251;04-03-2025 17:31:48.308;22017943
2;04-03-2025 23:38:51.459;04-03-2025 17:31:48.308;22023151
2;04-03-2025 23:38:56.613;04-03-2025 17:31:48.308;22028305
2;04-03-2025 23:38:57.211;04-03-2025 17:31:48.308;22028903
2;04-03-2025 23:39:06.790;04-03-2025 17:31:48.308;22038482
2;04-03-2025 23:39:07.077;04-03-2025 17:31:48.308;22038769
2;04-03-2025 23:39:10.440;04-03-2025 17:31:48.308;22042132
2;04-03-2025 23:39:11.698;04-03-2025 17:31:48.308;22043390
2;04-03-2025 23:39:12.610;04-03-2025 17:31:48.308;22044302
2;04-03-2025 23:39:33.820;04-03-2025 17:31:48.308;22065512
2;04-03-2025 23:39:39.537;04-03-2025 17:31:48.308;22071229
2;04-03-2025 23:39:41.325;04-03-2025 17:31:48.308;22073017
2;04-03-2025 23:39:47.912;04-03-2025 17:31:48.308;22079604
2;04-03-2025 23:39:49.781;04-03-2025 17:31:48.308;22081473
2;04-03-2025 23:39:52.542;04-03-2025 17:31:48.308;22084234
2;04-03-2025 23:39:54.946;04-03-2025 17:31:48.308;22086638
2;04-03-2025 23:40:16.205;04-03-2025 17:31:48.308;22107897
2;04-03-2025 23:40:21.782;04-03-2025 17:31:48.308;22113474
2;04-03-2025 23:40:25.760;04-03-2025 17:31:48.308;22117452
2;04-03-2025 23:40:28.650;04-03-2025 17:31:48.308;22120342
2;04-03-2025 23:40:36.573;04-03-2025 17:31:48.308;22128265
2;04-03-2025 23:40:38.434;04-03-2025 17:31:48.308;22130126
2;04-03-2025 23:40:38.447;04-03-2025 17:31:48.308;22130139
2;04-03-2025 23:40:43.492;04-03-2025 17:31:48.308;22135184
2;04-03-2025 23:40:43.591;04-03-2025 17:31:48.308;22135283
2;04-03-2025 23:40:47.312;04-03-2025 17:31:48.308;22139004
2;04-03-2025 23:40:51.824;04-03-2025 17:31:48.308;22143516
2;04-03-2025 23:40:57.576;04-03-2025 17:31:48.308;22149268
2;04-03-2025 23:41:07.473;04-03-2025 17:31:48.308;22159165
2;04-03-2025 23:41:13.305;04-03-2025 17:31:48.308;22164997
2;04-03-2025 23:41:14.643;04-03-2025 17:31:48.308;22166335
2;04-03-2025 23:41:25.648;04-03-2025 17:31:48.308;22177340
2;04-03-2025 23:41:25.664;04-03-2025 17:31:48.308;22177356
2;04-03-2025 23:41:39.612;04-03-2025 17:31:48.308;22191304
2;04-03-2025 23:41:41.395;04-03-2025 17:31:48.308;22193087
2;04-03-2025 23:41:41.776;04-03-2025 17:31:48.308;22193468
2;04-03-2025 23:41:43.980;04-03-2025 17:31:48.308;22195672
2;04-03-2025 23:41:52.402;04-03-2025 17:31:48.308;22204094
2;04-03-2025 23:41:58.449;04-03-2025 17:31:48.308;22210141
2;04-03-2025 23:41:59.432;04-03-2025 17:31:48.308;22211124
2;04-03-2025 23:42:01.477;04-03-2025 17:31:48.308;22213169
2;04-03-2025 23:42:14.361;04-03-2025 17:31:48.308;22226053
2;04-03-2025 23:42:16.632;04-03-2025 17:31:48.308;22228324
2;04-03-2025 23:42:17.757;04-03-2025 17:31:48.308;22229449
2;04-03-2025 23:42:26.946;04-03-2025 17:31:48.308;22238638
2;04-03-2025 23:42:38.940;04-03-2025 17:31:48.308;22250632
2;04-03-2025 23:42:39.257;04-03-2025 17:31:48.308;22250949
2;04-03-2025 23:42:42.148;04-03-2025 17:31:48.308;22253840
2;04-03-2025 23:42:46.145;04-03-2025 17:31:48.308;22257837
2;04-03-2025 23:42:47.223;04-03-2025 17:31:48.308;22258915
2;04-03-2025 23:42:55.649;04-03-2025 17:31:48.308;22267341
2;04-03-2025 23:42:56.973;04-03-2025 17:31:48.308;22268665
2;04-03-2025 23:42:57.854;04-03-2025 17:31:48.308;22269546
2;04-03-2025 23:43:05.300;04-03-2025 17:31:48.308;22276992
2;04-03-2025 23:43:22.142;04-03-2025 17:31:48.308;22293834
2;04-03-2025 23:43:22.552;04-03-2025 17:31:48.308;22294244
2;04-03-2025 23:43:27.792;04-03-2025 17:31:48.308;22299484
2;04-03-2025 23:43:30.661;04-03-2025 17:31:48.308;22302353
2;04-03-2025 23:43:41.804;04-03-2025 17:31:48.308;22313496
2;04-03-2025 23:43:43.132;04-03-2025 17:31:48.308;22314824
2;04-03-2025 23:43:51.508;04-03-2025 17:31:48.308;22323200
2;04-03-2025 23:43:52.317;04-03-2025 17:31:48.308;22324009
2;04-03-2025 23:43:53.875;04-03-2025 17:31:48.308;22325567
2;04-03-2025 23:43:58.709;04-03-2025 17:31:48.308;22330401
2;04-03-2025 23:44:06.127;04-03-2025 17:31:48.308;22337819
2;04-03-2025 23:44:11.432;04-03-2025 17:31:48.308;22343124
2;04-03-2025 23:44:14.354;04-03-2025 17:31:48.308;22346046
2;04-03-2025 23:44:20.957;04-03-2025 17:31:48.308;22352649
2;04-03-2025 23:44:25.575;04-03-2025 17:31:48.308;22357267
2;04-03-2025 23:44:31.291;04-03-2025 17:31:48.308;22362983
2;04-03-2025 23:44:33.836;04-03-2025 17:31:48.308;22365528
2;04-03-2025 23:44:35.311;04-03-2025 17:31:48.308;22367003
2;04-03-2025 23:44:38.252;04-03-2025 17:31:48.308;22369944
2;04-03-2025 23:44:49.981;04-03-2025 17:31:48.308;22381673
2;04-03-2025 23:44:57.577;04-03-2025 17:31:48.308;22389269
2;04-03-2025 23:44:59.886;04-03-2025 17:31:48.308;22391578
2;04-03-2025 23:45:15.961;04-03-2025 17:31:48.308;22407653
2;04-03-2025 23:45:23.127;04-03-2025 17:31:48.308;22414819
2;04-03-2025 23:45:24.925;04-03-2025 17:31:48.308;22416617
2;04-03-2025 23:45:26.500;04-03-2025 17:31:48.308;22418192
2;04-03-2025 23:45:28.717;04-03-2025 17:31:48.308;22420409
2;04-03-2025 23:45:35.546;04-03-2025 17:31:48.308;22427238
2;04-03-2025 23:45:35.986;04-03-2025 17:31:48.308;22427678
2;04-03-2025 23:45:40.471;04-03-2025 17:31:48.308;22432163
2;04-03-2025 23:45:44.954;04-03-2025 17:31:48.308;22436646
2;04-03-2025 23:45:47.640;04-03-2025 17:31:48.308;22439332
2;04-03-2025 23:45:51.653;04-03-2025 17:31:48.308;22443345
2;04-03-2025 23:45:51.862;04-03-2025 17:31:48.308;22443554
2;04-03-2025 23:45:58.567;04-03-2025 17:31:48.308;22450259
2;04-03-2025 23:46:01.835;04-03-2025 17:31:48.308;22453527
2;04-03-2025 23:46:10.754;04-03-2025 17:31:48.308;22462446
2;04-03-2025 23:46:21.556;04-03-2025 17:31:48.308;22473248
2;04-03-2025 23:46:24.056;04-03-2025 17:31:48.308;22475748
2;04-03-2025 23:46:26.525;04-03-2025 17:31:48.308;22478217
2;04-03-2025 23:46:30.723;04-03-2025 17:31:48.308;22482415
2;04-03-2025 23:46:38.033;04-03-2025 17:31:48.308;22489725
2;04-03-2025 23:46:40.156;04-03-2025 17:31:48.308;22491848
2;04-03-2025 23:46:41.835;04-03-2025 17:31:48.308;22493527
2;04-03-2025 23:46:44.154;04-03-2025 17:31:48.308;22495846
2;04-03-2025 23:46:51.206;04-03-2025 17:31:48.308;22502898
2;04-03-2025 23:47:03.314;04-03-2025 17:31:48.308;22515006
2;04-03-2025 23:47:04.419;04-03-2025 17:31:48.308;22516111
2;04-03-2025 23:47:05.103;04-03-2025 17:31:48.308;22516795
2;04-03-2025 23:47:23.188;04-03-2025 17:31:48.308;22534880
2;04-03-2025 23:47:26.892;04-03-2025 17:31:48.308;22538584
2;04-03-2025 23:47:30.618;04-03-2025 17:31:48.308;22542310
2;04-03-2025 23:47:31.334;04-03-2025 17:31:48.308;22543026
2;04-03-2025 23:47:47.603;04-03-2025 17:31:48.308;22559295
2;04-03-2025 23:47:53.339;04-03-2025 17:31:48.308;22565031
2;04-03-2025 23:47:54.000;04-03-2025 17:31:48.308;22565692
2;04-03-2025 23:47:59.474;04-03-2025 17:31:48.308;22571166
2;04-03-2025 23:48:00.453;04-03-2025 17:31:48.308;22572145
2;04-03-2025 23:48:01.081;04-03-2025 17:31:48.308;22572773
2;04-03-2025 23:48:07.451;04-03-2025 17:31:48.308;22579143
2;04-03-2025 23:48:09.865;04-03-2025 17:31:48.308;22581557
2;04-03-2025 23:48:32.793;04-03-2025 17:31:48.308;22604485
2;04-03-2025 23:48:34.775;04-03-2025 17:31:48.308;22606467
2;04-03-2025 23:48:36.459;04-03-2025 17:31:48.308;22608151
2;04-03-2025 23:48:44.729;04-03-2025 17:31:48.308;22616421
2;04-03-2025 23:48:46.016;04-03-2025 17:31:48.308;22617708
2;04-03-2025 23:48:46.955;04-03-2025 17:31:48.308;22618647
2;04-03-2025 23:48:48.075;04-03-2025 17:31:48.308;22619767
2;04-03-2025 23:48:50.891;04-03-2025 17:31:48.308;22622583
2;04-03-2025 23:49:01.125;04-03-2025 17:31:48.308;22632817
2;04-03-2025 23:49:03.840;04-03-2025 17:31:48.308;22635532
2;04-03-2025 23:49:08.810;04-03-2025 17:31:48.308;22640502
2;04-03-2025 23:49:20.480;04-03-2025 17:31:48.308;22652172
2;04-03-2025 23:49:21.570;04-03-2025 17:31:48.308;22653262
2;04-03-2025 23:49:21.609;04-03-2025 17:31:48.308;22653301
2;04-03-2025 23:49:24.037;04-03-2025 17:31:48.308;22655729
2;04-03-2025 23:49:32.100;04-03-2025 17:31:48.308;22663792
2;04-03-2025 23:49:37.654;04-03-2025 17:31:48.308;22669346
2;04-03-2025 23:49:39.193;04-03-2025 17:31:48.308;22670885
2;04-03-2025 23:49:59.050;04-03-2025 17:31:48.308;22690742
2;04-03-2025 23:49:59.110;04-03-2025 17:31:48.308;22690802
2;04-03-2025 23:49:59.904;04-03-2025 17:31:48.308;22691596
2;04-03-2025 23:50:01.754;04-03-2025 17:31:48.308;22693446
2;04-03-2025 23:50:09.240;04-03-2025 17:31:48.308;22700932
2;04-03-2025 23:50:11.137;04-03-2025 17:31:48.308;22702829
2;04-03-2025 23:50:12.176;04-03-2025 17:31:48.308;22703868
2;04-03-2025 23:50:17.139;04-03-2025 17:31:48.308;22708831
2;04-03-2025 23:50:27.192;04-03-2025 17:31:48.308;22718884
2;04-03-2025 23:50:41.260;04-03-2025 17:31:48.308;22732952
2;04-03-2025 23:50:42.403;04-03-2025 17:31:48.308;22734095
2;04-03-2025 23:50:46.772;04-03-2025 17:31:48.308;22738464
2;04-03-2025 23:50:46.928;04-03-2025 17:31:48.308;22738620
2;04-03-2025 23:50:51.746;04-03-2025 17:31:48.308;22743438
2;04-03-2025 23:50:55.574;04-03-2025 17:31:48.308;22747266
2;04-03-2025 23:51:10.267;04-03-2025 17:31:48.308;22761959
2;04-03-2025 23:51:15.473;04-03-2025 17:31:48.308;22767165
2;04-03-2025 23:51:19.322;04-03-2025 17:31:48.308;22771014
2;04-03-2025 23:51:23.840;04-03-2025 17:31:48.308;22775532
2;04-03-2025 23:51:25.089;04-03-2025 17:31:48.308;22776781
2;04-03-2025 23:51:28.034;04-03-2025 17:31:48.308;22779726
2;04-03-2025 23:51:32.814;04-03-2025 17:31:48.308;22784506
2;04-03-2025 23:51:46.764;04-03-2025 17:31:48.308;22798456
2;04-03-2025 23:51:46.962;04-03-2025 17:31:48.308;22798654
2;04-03-2025 23:51:52.033;04-03-2025 17:31:48.308;22803725
2;04-03-2025 23:51:52.362;04-03-2025 17:31:48.308;22804054
2;04-03-2025 23:52:00.640;04-03-2025 17:31:48.308;22812332
2;04-03-2025 23:52:08.217;04-03-2025 17:31:48.308;22819909
2;04-03-2025 23:52:10.776;04-03-2025 17:31:48.308;22822468
2;04-03-2025 23:52:18.019;04-03-2025 17:31:48.308;22829711
2;04-03-2025 23:52:18.885;04-03-2025 17:31:48.308;22830577
2;04-03-2025 23:52:23.420;04-03-2025 17:31:48.308;22835112
2;04-03-2025 23:52:33.367;04-03-2025 17:31:48.308;22845059
2;04-03-2025 23:52:40.070;04-03-2025 17:31:48.308;22851762
2;04-03-2025 23:52:41.061;04-03-2025 17:31:48.308;22852753
2;04-03-2025 23:52:43.993;04-03-2025 17:31:48.308;22855685
2;04-03-2025 23:52:52.503;04-03-2025 17:31:48.308;22864195
2;04-03-2025 23:52:53.369;04-03-2025 17:31:48.308;22865061
2;04-03-2025 23:52:54.702;04-03-2025 17:31:48.308;22866394
2;04-03-2025 23:53:04.264;04-03-2025 17:31:48.308;22875956
2;04-03-2025 23:53:14.964;04-03-2025 17:31:48.308;22886656
2;04-03-2025 23:53:15.407;04-03-2025 17:31:48.308;22887099
2;04-03-2025 23:53:17.528;04-03-2025 17:31:48.308;22889220
2;04-03-2025 23:53:18.792;04-03-2025 17:31:48.308;22890484
2;04-03-2025 23:53:31.666;04-03-2025 17:31:48.308;22903358
2;04-03-2025 23:53:35.652;04-03-2025 17:31:48.308;22907344
2;04-03-2025 23:53:36.444;04-03-2025 17:31:48.308;22908136
2;04-03-2025 23:53:38.344;04-03-2025 17:31:48.308;22910036
2;04-03-2025 23:53:47.042;04-03-2025 17:31:48.308;22918734
2;04-03-2025 23:53:59.545;04-03-2025 17:31:48.308;22931237
2;04-03-2025 23:54:02.998;04-03-2025 17:31:48.308;22934690
2;04-03-2025 23:54:03.379;04-03-2025 17:31:48.308;22935071
2;04-03-2025 23:54:10.134;04-03-2025 17:31:48.308;22941826
2;04-03-2025 23:54:15.258;04-03-2025 17:31:48.308;22946950
2;04-03-2025 23:54:21.712;04-03-2025 17:31:48.308;22953404
2;04-03-2025 23:54:24.165;04-03-2025 17:31:48.308;22955857
2;04-03-2025 23:54:25.603;04-03-2025 17:31:48.308;22957295
2;04-03-2025 23:54:38.204;04-03-2025 17:31:48.308;22969896
2;04-03-2025 23:54:39.415;04-03-2025 17:31:48.308;22971107
2;04-03-2025 23:54:45.383;04-03-2025 17:31:48.308;22977075
2;04-03-2025 23:54:46.521;04-03-2025 17:31:48.308;22978213
2;04-03-2025 23:54:46.599;04-03-2025 17:31:48.308;22978291
2;04-03-2025 23:55:01.832;04-03-2025 17:31:48.308;22993524
2;04-03-2025 23:55:02.545;04-03-2025 17:31:48.308;22994237
2;04-03-2025 23:55:02.941;04-03-2025 17:31:48.308;22994633
2;04-03-2025 23:55:12.681;04-03-2025 17:31:48.308;23004373
2;04-03-2025 23:55:18.378;04-03-2025 17:31:48.308;23010070
2;04-03-2025 23:55:23.981;04-03-2025 17:31:48.308;23015673
2;04-03-2025 23:55:30.980;04-03-2025 17:31:48.308;23022672
2;04-03-2025 23:55:35.644;04-03-2025 17:31:48.308;23027336
2;04-03-2025 23:55:39.090;04-03-2025 17:31:48.308;23030782
2;04-03-2025 23:55:39.310;04-03-2025 17:31:48.308;23031002
2;04-03-2025 23:55:43.951;04-03-2025 17:31:48.308;23035643
2;04-03-2025 23:56:00.308;04-03-2025 17:31:48.308;23052000
2;04-03-2025 23:56:05.519;04-03-2025 17:31:48.308;23057211
2;04-03-2025 23:56:10.398;04-03-2025 17:31:48.308;23062090
2;04-03-2025 23:56:12.967;04-03-2025 17:31:48.308;23064659
2;04-03-2025 23:56:14.552;04-03-2025 17:31:48.308;23066244
2;04-03-2025 23:56:15.480;04-03-2025 17:31:48.308;23067172
2;04-03-2025 23:56:22.933;04-03-2025 17:31:48.308;23074625
2;04-03-2025 23:56:33.925;04-03-2025 17:31:48.308;23085617
2;04-03-2025 23:56:36.383;04-03-2025 17:31:48.308;23088075
2;04-03-2025 23:56:37.304;04-03-2025 17:31:48.308;23088996
2;04-03-2025 23:56:42.214;04-03-2025 17:31:48.308;23093906
2;04-03-2025 23:56:45.381;04-03-2025 17:31:48.308;23097073
2;04-03-2025 23:56:54.165;04-03-2025 17:31:48.308;23105857
2;04-03-2025 23:56:57.070;04-03-2025 17:31:48.308;23108762
2;04-03-2025 23:57:00.243;04-03-2025 17:31:48.308;23111935
2;04-03-2025 23:57:06.051;04-03-2025 17:31:48.308;23117743
2;04-03-2025 23:57:25.001;04-03-2025 17:31:48.308;23136693
2;04-03-2025 23:57:29.932;04-03-2025 17:31:48.308;23141624
2;04-03-2025 23:57:35.641;04-03-2025 17:31:48.308;23147333
2;04-03-2025 23:57:39.282;04-03-2025 17:31:48.308;23150974
2;04-03-2025 23:57:39.593;04-03-2025 17:31:48.308;23151285
2;04-03-2025 23:57:42.055;04-03-2025 17:31:48.308;23153747
2;04-03-2025 23:57:48.540;04-03-2025 17:31:48.308;23160232
2;04-03-2025 23:57:49.409;04-03-2025 17:31:48.308;23161101
2;04-03-2025 23:57:55.968;04-03-2025 17:31:48.308;23167660
2;04-03-2025 23:57:56.122;04-03-2025 17:31:48.308;23167814
2;04-03-2025 23:58:01.809;04-03-2025 17:31:48.308;23173501
2;04-03-2025 23:58:10.616;04-03-2025 17:31:48.308;23182308
2;04-03-2025 23:58:13.429;04-03-2025 17:31:48.308;23185121
2;04-03-2025 23:58:19.528;04-03-2025 17:31:48.308;23191220
2;04-03-2025 23:58:27.223;04-03-2025 17:31:48.308;23198915
2;04-03-2025 23:58:29.372;04-03-2025 17:31:48.308;23201064
2;04-03-2025 23:58:31.615;04-03-2025 17:31:48.308;23203307
2;04-03-2025 23:58:33.141;04-03-2025 17:31:48.308;23204833
2;04-03-2025 23:58:37.501;04-03-2025 17:31:48.308;23209193
2;04-03-2025 23:58:42.734;04-03-2025 17:31:48.308;23214426
2;04-03-2025 23:58:46.712;04-03-2025 17:31:48.308;23218404
2;04-03-2025 23:58:50.770;04-03-2025 17:31:48.308;23222462
2;04-03-2025 23:59:02.041;04-03-2025 17:31:48.308;23233733
2;04-03-2025 23:59:18.974;04-03-2025 17:31:48.308;23250666
2;04-03-2025 23:59:21.859;04-03-2025 17:31:48.308;23253551
2;04-03-2025 23:59:25.490;04-03-2025 17:31:48.308;23257182
2;04-03-2025 23:59:26.272;04-03-2025 17:31:48.308;23257964
2;04-03-2025 23:59:28.910;04-03-2025 17:31:48.308;23260602
2;04-03-2025 23:59:31.206;04-03-2025 17:31:48.308;23262898
2;04-03-2025 23:59:42.880;04-03-2025 17:31:48.308;23274572
2;04-03-2025 23:59:49.423;04-03-2025 17:31:48.308;23281115
2;04-03-2025 23:59:51.850;04-03-2025 17:31:48.308;23283542
2;04-03-2025 23:59:52.885;04-03-2025 17:31:48.308;23284577
2;04-03-2025 23:59:56.618;04-03-2025 17:31:48.308;23288310
2;05-03-2025 00:00:04.294;04-03-2025 17:31:48.308;23295986
2;05-03-2025 00:00:04.591;04-03-2025 17:31:48.308;23296283
2;05-03-2025 00:00:08.643;04-03-2025 17:31:48.308;23300335
2;05-03-2025 00:00:12.028;04-03-2025 17:31:48.308;23303720
2;05-03-2025 00:00:20.942;04-03-2025 17:31:48.308;23312634
2;05-03-2025 00:00:30.333;04-03-2025 17:31:48.308;23322025
2;05-03-2025 00:00:31.579;04-03-2025 17:31:48.308;23323271
2;05-03-2025 00:00:46.185;04-03-2025 17:31:48.308;23337877
2;05-03-2025 00:00:46.755;04-03-2025 17:31:48.308;23338447
2;05-03-2025 00:00:47.448;04-03-2025 17:31:48.308;23339140
2;05-03-2025 00:00:52.115;04-03-2025 17:31:48.308;23343807
2;05-03-2025 00:00:55.621;04-03-2025 17:31:48.308;23347313
2;05-03-2025 00:00:57.814;04-03-2025 17:31:48.308;23349506
2;05-03-2025 00:01:03.049;04-03-2025 17:31:48.308;23354741
2;05-03-2025 00:01:10.959;04-03-2025 17:31:48.308;23362651
2;05-03-2025 00:01:26.834;04-03-2025 17:31:48.308;23378526
2;05-03-2025 00:01:27.891;04-03-2025 17:31:48.308;23379583
2;05-03-2025 00:01:28.465;04-03-2025 17:31:48.308;23380157
2;05-03-2025 00:01:37.785;04-03-2025 17:31:48.308;23389477
2;05-03-2025 00:01:42.416;04-03-2025 17:31:48.308;23394108
2;05-03-2025 00:01:45.050;04-03-2025 17:31:48.308;23396742
2;05-03-2025 00:01:49.027;04-03-2025 17:31:48.308;23400719
2;05-03-2025 00:01:55.424;04-03-2025 17:31:48.308;23407116
2;05-03-2025 00:01:56.167;04-03-2025 17:31:48.308;23407859
2;05-03-2025 00:01:58.418;04-03-2025 17:31:48.308;23410110
2;05-03-2025 00:02:08.784;04-03-2025 17:31:48.308;23420476
2;05-03-2025 00:02:24.570;04-03-2025 17:31:48.308;23436262
2;05-03-2025 00:02:26.862;04-03-2025 17:31:48.308;23438554
2;05-03-2025 00:02:29.519;04-03-2025 17:31:48.308;23441211
2;05-03-2025 00:02:29.548;04-03-2025 17:31:48.308;23441240
2;05-03-2025 00:02:32.618;04-03-2025 17:31:48.308;23444310
2;05-03-2025 00:02:39.281;04-03-2025 17:31:48.308;23450973
2;05-03-2025 00:02:43.749;04-03-2025 17:31:48.308;23455441
2;05-03-2025 00:02:43.845;04-03-2025 17:31:48.308;23455537
2;05-03-2025 00:02:44.338;04-03-2025 17:31:48.308;23456030
2;05-03-2025 00:03:02.452;04-03-2025 17:31:48.308;23474144
2;05-03-2025 00:03:08.447;04-03-2025 17:31:48.308;23480139
2;05-03-2025 00:03:11.894;04-03-2025 17:31:48.308;23483586
2;05-03-2025 00:03:15.390;04-03-2025 17:31:48.308;23487082
2;05-03-2025 00:03:25.182;04-03-2025 17:31:48.308;23496874
2;05-03-2025 00:03:28.413;04-03-2025 17:31:48.308;23500105
2;05-03-2025 00:03:29.006;04-03-2025 17:31:48.308;23500698
2;05-03-2025 00:03:33.038;04-03-2025 17:31:48.308;23504730
2;05-03-2025 00:03:33.949;04-03-2025 17:31:48.308;23505641
2;05-03-2025 00:03:35.783;04-03-2025 17:31:48.308;23507475
2;05-03-2025 00:03:44.989;04-03-2025 17:31:48.308;23516681
2;05-03-2025 00:03:54.018;04-03-2025 17:31:48.308;23525710
2;05-03-2025 00:03:59.136;04-03-2025 17:31:48.308;23530828
2;05-03-2025 00:04:03.089;04-03-2025 17:31:48.308;23534781
2;05-03-2025 00:04:03.361;04-03-2025 17:31:48.308;23535053
2;05-03-2025 00:04:12.632;04-03-2025 17:31:48.308;23544324
2;05-03-2025 00:04:12.737;04-03-2025 17:31:48.308;23544429
2;05-03-2025 00:04:12.918;04-03-2025 17:31:48.308;23544610
2;05-03-2025 00:04:32.192;04-03-2025 17:31:48.308;23563884
2;05-03-2025 00:04:34.957;04-03-2025 17:31:48.308;23566649
2;05-03-2025 00:04:38.789;04-03-2025 17:31:48.308;23570481
2;05-03-2025 00:04:39.202;04-03-2025 17:31:48.308;23570894
2;05-03-2025 00:04:39.466;04-03-2025 17:31:48.308;23571158
2;05-03-2025 00:04:54.524;04-03-2025 17:31:48.308;23586216
2;05-03-2025 00:05:01.988;04-03-2025 17:31:48.308;23593680
2;05-03-2025 00:05:03.781;04-03-2025 17:31:48.308;23595473
2;05-03-2025 00:05:06.568;04-03-2025 17:31:48.308;23598260
2;05-03-2025 00:05:17.460;04-03-2025 17:31:48.308;23609152
2;05-03-2025 00:05:21.948;04-03-2025 17:31:48.308;23613640
2;05-03-2025 00:05:25.596;04-03-2025 17:31:48.308;23617288
2;05-03-2025 00:05:27.092;04-03-2025 17:31:48.308;23618784
2;05-03-2025 00:05:35.565;04-03-2025 17:31:48.308;23627257
2;05-03-2025 00:05:40.231;04-03-2025 17:31:48.308;23631923
2;05-03-2025 00:05:50.184;04-03-2025 17:31:48.308;23641876
2;05-03-2025 00:05:52.120;04-03-2025 17:31:48.308;23643812
2;05-03-2025 00:05:54.937;04-03-2025 17:31:48.308;23646629
2;05-03-2025 00:05:59.055;04-03-2025 17:31:48.308;23650747
2;05-03-2025 00:06:05.680;04-03-2025 17:31:48.308;23657372
2;05-03-2025 00:06:06.618;04-03-2025 17:31:48.308;23658310
2;05-03-2025 00:06:08.482;04-03-2025 17:31:48.308;23660174
2;05-03-2025 00:06:09.766;04-03-2025 17:31:48.308;23661458
2;05-03-2025 00:06:33.789;04-03-2025 17:31:48.308;23685481
2;05-03-2025 00:06:35.229;04-03-2025 17:31:48.308;23686921
2;05-03-2025 00:06:36.976;04-03-2025 17:31:48.308;23688668
2;05-03-2025 00:06:39.092;04-03-2025 17:31:48.308;23690784
2;05-03-2025 00:06:41.738;04-03-2025 17:31:48.308;23693430
2;05-03-2025 00:06:45.840;04-03-2025 17:31:48.308;23697532
2;05-03-2025 00:07:01.465;04-03-2025 17:31:48.308;23713157
2;05-03-2025 00:07:03.047;04-03-2025 17:31:48.308;23714739
2;05-03-2025 00:07:03.566;04-03-2025 17:31:48.308;23715258
2;05-03-2025 00:07:17.806;04-03-2025 17:31:48.308;23729498
2;05-03-2025 00:07:18.321;04-03-2025 17:31:48.308;23730013
2;05-03-2025 00:07:22.126;04-03-2025 17:31:48.308;23733818
2;05-03-2025 00:07:25.616;04-03-2025 17:31:48.308;23737308
2;05-03-2025 00:07:30.977;04-03-2025 17:31:48.308;23742669
2;05-03-2025 00:07:33.261;04-03-2025 17:31:48.308;23744953
2;05-03-2025 00:07:38.943;04-03-2025 17:31:48.308;23750635
2;05-03-2025 00:07:41.768;04-03-2025 17:31:48.308;23753460
2;05-03-2025 00:07:47.686;04-03-2025 17:31:48.308;23759378
2;05-03-2025 00:08:02.059;04-03-2025 17:31:48.308;23773751
2;05-03-2025 00:08:03.979;04-03-2025 17:31:48.308;23775671
2;05-03-2025 00:08:04.620;04-03-2025 17:31:48.308;23776312
2;05-03-2025 00:08:13.596;04-03-2025 17:31:48.308;23785288
2;05-03-2025 00:08:17.958;04-03-2025 17:31:48.308;23789650
2;05-03-2025 00:08:24.693;04-03-2025 17:31:48.308;23796385
2;05-03-2025 00:08:27.627;04-03-2025 17:31:48.308;23799319
2;05-03-2025 00:08:33.018;04-03-2025 17:31:48.308;23804710
2;05-03-2025 00:08:33.864;04-03-2025 17:31:48.308;23805556
2;05-03-2025 00:08:36.775;04-03-2025 17:31:48.308;23808467
2;05-03-2025 00:08:42.394;04-03-2025 17:31:48.308;23814086
2;05-03-2025 00:08:51.343;04-03-2025 17:31:48.308;23823035
2;05-03-2025 00:08:52.068;04-03-2025 17:31:48.308;23823760
2;05-03-2025 00:09:03.343;04-03-2025 17:31:48.308;23835035
2;05-03-2025 00:09:05.957;04-03-2025 17:31:48.308;23837649
2;05-03-2025 00:09:07.079;04-03-2025 17:31:48.308;23838771
2;05-03-2025 00:09:16.683;04-03-2025 17:31:48.308;23848375
2;05-03-2025 00:09:17.135;04-03-2025 17:31:48.308;23848827
2;05-03-2025 00:09:28.092;04-03-2025 17:31:48.308;23859784
2;05-03-2025 00:09:30.287;04-03-2025 17:31:48.308;23861979
2;05-03-2025 00:09:30.343;04-03-2025 17:31:48.308;23862035
2;05-03-2025 00:09:32.895;04-03-2025 17:31:48.308;23864587
2;05-03-2025 00:09:48.043;04-03-2025 17:31:48.308;23879735
2;05-03-2025 00:09:55.816;04-03-2025 17:31:48.308;23887508
2;05-03-2025 00:09:56.196;04-03-2025 17:31:48.308;23887888
2;05-03-2025 00:10:02.908;04-03-2025 17:31:48.308;23894600
2;05-03-2025 00:10:03.501;04-03-2025 17:31:48.308;23895193
2;05-03-2025 00:10:04.809;04-03-2025 17:31:48.308;23896501
2;05-03-2025 00:10:15.769;04-03-2025 17:31:48.308;23907461
2;05-03-2025 00:10:17.000;04-03-2025 17:31:48.308;23908692
2;05-03-2025 00:10:24.480;04-03-2025 17:31:48.308;23916172
2;05-03-2025 00:10:26.490;04-03-2025 17:31:48.308;23918182
2;05-03-2025 00:10:36.517;04-03-2025 17:31:48.308;23928209
2;05-03-2025 00:10:38.607;04-03-2025 17:31:48.308;23930299
2;05-03-2025 00:10:53.216;04-03-2025 17:31:48.308;23944908
2;05-03-2025 00:10:56.246;04-03-2025 17:31:48.308;23947938
2;05-03-2025 00:10:58.615;04-03-2025 17:31:48.308;23950307
2;05-03-2025 00:11:08.321;04-03-2025 17:31:48.308;23960013
2;05-03-2025 00:11:11.396;04-03-2025 17:31:48.308;23963088
2;05-03-2025 00:11:15.747;04-03-2025 17:31:48.308;23967439
2;05-03-2025 00:11:16.658;04-03-2025 17:31:48.308;23968350
2;05-03-2025 00:11:18.867;04-03-2025 17:31:48.308;23970559
2;05-03-2025 00:11:23.410;04-03-2025 17:31:48.308;23975102
2;05-03-2025 00:11:24.325;04-03-2025 17:31:48.308;23976017
2;05-03-2025 00:11:30.275;04-03-2025 17:31:48.308;23981967
2;05-03-2025 00:11:31.591;04-03-2025 17:31:48.308;23983283
2;05-03-2025 00:11:39.412;04-03-2025 17:31:48.308;23991104
2;05-03-2025 00:11:58.380;04-03-2025 17:31:48.308;24010072
2;05-03-2025 00:11:59.818;04-03-2025 17:31:48.308;24011510
2;05-03-2025 00:12:11.016;04-03-2025 17:31:48.308;24022708
2;05-03-2025 00:12:11.993;04-03-2025 17:31:48.308;24023685
2;05-03-2025 00:12:18.165;04-03-2025 17:31:48.308;24029857
2;05-03-2025 00:12:20.953;04-03-2025 17:31:48.308;24032645
2;05-03-2025 00:12:27.241;04-03-2025 17:31:48.308;24038933
2;05-03-2025 00:12:29.129;04-03-2025 17:31:48.308;24040821
2;05-03-2025 00:12:30.775;04-03-2025 17:31:48.308;24042467
2;05-03-2025 00:12:35.063;04-03-2025 17:31:48.308;24046755
2;05-03-2025 00:12:39.958;04-03-2025 17:31:48.308;24051650
2;05-03-2025 00:12:47.040;04-03-2025 17:31:48.308;24058732
2;05-03-2025 00:12:54.462;04-03-2025 17:31:48.308;24066154
2;05-03-2025 00:12:55.967;04-03-2025 17:31:48.308;24067659
2;05-03-2025 00:12:57.694;04-03-2025 17:31:48.308;24069386
2;05-03-2025 00:13:04.243;04-03-2025 17:31:48.308;24075935
2;05-03-2025 00:13:05.976;04-03-2025 17:31:48.308;24077668
2;05-03-2025 00:13:12.169;04-03-2025 17:31:48.308;24083861
2;05-03-2025 00:13:14.901;04-03-2025 17:31:48.308;24086593
2;05-03-2025 00:13:18.758;04-03-2025 17:31:48.308;24090450
2;05-03-2025 00:13:35.126;04-03-2025 17:31:48.308;24106818
2;05-03-2025 00:13:36.972;04-03-2025 17:31:48.308;24108664
2;05-03-2025 00:13:43.268;04-03-2025 17:31:48.308;24114960
2;05-03-2025 00:13:47.889;04-03-2025 17:31:48.308;24119581
2;05-03-2025 00:13:57.444;04-03-2025 17:31:48.308;24129136
2;05-03-2025 00:13:59.466;04-03-2025 17:31:48.308;24131158
2;05-03-2025 00:14:03.776;04-03-2025 17:31:48.308;24135468
2;05-03-2025 00:14:05.382;04-03-2025 17:31:48.308;24137074
2;05-03-2025 00:14:05.447;04-03-2025 17:31:48.308;24137139
2;05-03-2025 00:14:10.939;04-03-2025 17:31:48.308;24142631
2;05-03-2025 00:14:16.224;04-03-2025 17:31:48.308;24147916
2;05-03-2025 00:14:27.896;04-03-2025 17:31:48.308;24159588
2;05-03-2025 00:14:30.953;04-03-2025 17:31:48.308;24162645
2;05-03-2025 00:14:40.210;04-03-2025 17:31:48.308;24171902
2;05-03-2025 00:14:45.908;04-03-2025 17:31:48.308;24177600
2;05-03-2025 00:14:46.605;04-03-2025 17:31:48.308;24178297
2;05-03-2025 00:14:47.974;04-03-2025 17:31:48.308;24179666
2;05-03-2025 00:14:56.547;04-03-2025 17:31:48.308;24188239
2;05-03-2025 00:14:57.291;04-03-2025 17:31:48.308;24188983
2;05-03-2025 00:15:01.086;04-03-2025 17:31:48.308;24192778
2;05-03-2025 00:15:06.646;04-03-2025 17:31:48.308;24198338
2;05-03-2025 00:15:07.584;04-03-2025 17:31:48.308;24199276
2;05-03-2025 00:15:09.640;04-03-2025 17:31:48.308;24201332
2;05-03-2025 00:15:25.507;04-03-2025 17:31:48.308;24217199
2;05-03-2025 00:15:28.051;04-03-2025 17:31:48.308;24219743
2;05-03-2025 00:15:29.865;04-03-2025 17:31:48.308;24221557
2;05-03-2025 00:15:31.379;04-03-2025 17:31:48.308;24223071
2;05-03-2025 00:15:45.629;04-03-2025 17:31:48.308;24237321
2;05-03-2025 00:15:47.512;04-03-2025 17:31:48.308;24239204
2;05-03-2025 00:16:02.066;04-03-2025 17:31:48.308;24253758
2;05-03-2025 00:16:02.127;04-03-2025 17:31:48.308;24253819
2;05-03-2025 00:16:06.446;04-03-2025 17:31:48.308;24258138
2;05-03-2025 00:16:07.731;04-03-2025 17:31:48.308;24259423
2;05-03-2025 00:16:18.789;04-03-2025 17:31:48.308;24270481
2;05-03-2025 00:16:21.377;04-03-2025 17:31:48.308;24273069
2;05-03-2025 00:16:24.776;04-03-2025 17:31:48.308;24276468
2;05-03-2025 00:16:30.877;04-03-2025 17:31:48.308;24282569
2;05-03-2025 00:16:33.514;04-03-2025 17:31:48.308;24285206
2;05-03-2025 00:16:42.276;04-03-2025 17:31:48.308;24293968
2;05-03-2025 00:16:44.905;04-03-2025 17:31:48.308;24296597
2;05-03-2025 00:16:45.828;04-03-2025 17:31:48.308;24297520
2;05-03-2025 00:16:49.144;04-03-2025 17:31:48.308;24300836
2;05-03-2025 00:16:52.604;04-03-2025 17:31:48.308;24304296
2;05-03-2025 00:16:55.897;04-03-2025 17:31:48.308;24307589
2;05-03-2025 00:17:03.035;04-03-2025 17:31:48.308;24314727
2;05-03-2025 00:17:04.311;04-03-2025 17:31:48.308;24316003
2;05-03-2025 00:17:18.297;04-03-2025 17:31:48.308;24329989
2;05-03-2025 00:17:25.745;04-03-2025 17:31:48.308;24337437
2;05-03-2025 00:17:26.424;04-03-2025 17:31:48.308;24338116
2;05-03-2025 00:17:28.151;04-03-2025 17:31:48.308;24339843
2;05-03-2025 00:17:32.849;04-03-2025 17:31:48.308;24344541
2;05-03-2025 00:17:48.875;04-03-2025 17:31:48.308;24360567
2;05-03-2025 00:17:50.306;04-03-2025 17:31:48.308;24361998
2;05-03-2025 00:17:50.355;04-03-2025 17:31:48.308;24362047
2;05-03-2025 00:17:58.080;04-03-2025 17:31:48.308;24369772
2;05-03-2025 00:18:02.231;04-03-2025 17:31:48.308;24373923
2;05-03-2025 00:18:04.980;04-03-2025 17:31:48.308;24376672
2;05-03-2025 00:18:22.051;04-03-2025 17:31:48.308;24393743
2;05-03-2025 00:18:23.322;04-03-2025 17:31:48.308;24395014
2;05-03-2025 00:18:30.213;04-03-2025 17:31:48.308;24401905
2;05-03-2025 00:18:38.291;04-03-2025 17:31:48.308;24409983
2;05-03-2025 00:18:38.441;04-03-2025 17:31:48.308;24410133
2;05-03-2025 00:18:39.399;04-03-2025 17:31:48.308;24411091
2;05-03-2025 00:18:44.684;04-03-2025 17:31:48.308;24416376
2;05-03-2025 00:18:50.068;04-03-2025 17:31:48.308;24421760
2;05-03-2025 00:18:52.676;04-03-2025 17:31:48.308;24424368
2;05-03-2025 00:18:54.201;04-03-2025 17:31:48.308;24425893
2;05-03-2025 00:18:55.058;04-03-2025 17:31:48.308;24426750
2;05-03-2025 00:19:12.778;04-03-2025 17:31:48.308;24444470
2;05-03-2025 00:19:20.777;04-03-2025 17:31:48.308;24452469
2;05-03-2025 00:19:21.966;04-03-2025 17:31:48.308;24453658
2;05-03-2025 00:19:22.718;04-03-2025 17:31:48.308;24454410
2;05-03-2025 00:19:25.213;04-03-2025 17:31:48.308;24456905
2;05-03-2025 00:19:30.060;04-03-2025 17:31:48.308;24461752
2;05-03-2025 00:19:34.689;04-03-2025 17:31:48.308;24466381
2;05-03-2025 00:19:50.798;04-03-2025 17:31:48.308;24482490
2;05-03-2025 00:19:55.670;04-03-2025 17:31:48.308;24487362
2;05-03-2025 00:20:00.644;04-03-2025 17:31:48.308;24492336
2;05-03-2025 00:20:02.482;04-03-2025 17:31:48.308;24494174
2;05-03-2025 00:20:05.845;04-03-2025 17:31:48.308;24497537
2;05-03-2025 00:20:07.215;04-03-2025 17:31:48.308;24498907
2;05-03-2025 00:20:13.020;04-03-2025 17:31:48.308;24504712
2;05-03-2025 00:20:16.309;04-03-2025 17:31:48.308;24508001
2;05-03-2025 00:20:16.833;04-03-2025 17:31:48.308;24508525
2;05-03-2025 00:20:17.088;04-03-2025 17:31:48.308;24508780
2;05-03-2025 00:20:44.532;04-03-2025 17:31:48.308;24536224
2;05-03-2025 00:20:48.901;04-03-2025 17:31:48.308;24540593
2;05-03-2025 00:20:49.030;04-03-2025 17:31:48.308;24540722
2;05-03-2025 00:20:50.426;04-03-2025 17:31:48.308;24542118
2;05-03-2025 00:20:53.584;04-03-2025 17:31:48.308;24545276
2;05-03-2025 00:20:54.938;04-03-2025 17:31:48.308;24546630
2;05-03-2025 00:20:55.034;04-03-2025 17:31:48.308;24546726
2;05-03-2025 00:21:01.158;04-03-2025 17:31:48.308;24552850
2;05-03-2025 00:21:11.494;04-03-2025 17:31:48.308;24563186
2;05-03-2025 00:21:24.229;04-03-2025 17:31:48.308;24575921
2;05-03-2025 00:21:25.121;04-03-2025 17:31:48.308;24576813
2;05-03-2025 00:21:28.287;04-03-2025 17:31:48.308;24579979
2;05-03-2025 00:21:37.017;04-03-2025 17:31:48.308;24588709
2;05-03-2025 00:21:39.942;04-03-2025 17:31:48.308;24591634
2;05-03-2025 00:21:45.441;04-03-2025 17:31:48.308;24597133
2;05-03-2025 00:21:45.926;04-03-2025 17:31:48.308;24597618
2;05-03-2025 00:21:59.550;04-03-2025 17:31:48.308;24611242
2;05-03-2025 00:22:01.764;04-03-2025 17:31:48.308;24613456
2;05-03-2025 00:22:06.929;04-03-2025 17:31:48.308;24618621
2;05-03-2025 00:22:09.895;04-03-2025 17:31:48.308;24621587
2;05-03-2025 00:22:10.612;04-03-2025 17:31:48.308;24622304
2;05-03-2025 00:22:12.537;04-03-2025 17:31:48.308;24624229
2;05-03-2025 00:22:27.926;04-03-2025 17:31:48.308;24639618
2;05-03-2025 00:22:29.298;04-03-2025 17:31:48.308;24640990
2;05-03-2025 00:22:30.538;04-03-2025 17:31:48.308;24642230
2;05-03-2025 00:22:50.005;04-03-2025 17:31:48.308;24661697
2;05-03-2025 00:22:51.574;04-03-2025 17:31:48.308;24663266
2;05-03-2025 00:22:52.884;04-03-2025 17:31:48.308;24664576
2;05-03-2025 00:22:58.354;04-03-2025 17:31:48.308;24670046
2;05-03-2025 00:22:58.588;04-03-2025 17:31:48.308;24670280
2;05-03-2025 00:23:00.364;04-03-2025 17:31:48.308;24672056
2;05-03-2025 00:23:12.705;04-03-2025 17:31:48.308;24684397
2;05-03-2025 00:23:19.539;04-03-2025 17:31:48.308;24691231
2;05-03-2025 00:23:22.735;04-03-2025 17:31:48.308;24694427
2;05-03-2025 00:23:23.717;04-03-2025 17:31:48.308;24695409
2;05-03-2025 00:23:28.473;04-03-2025 17:31:48.308;24700165
2;05-03-2025 00:23:33.873;04-03-2025 17:31:48.308;24705565
2;05-03-2025 00:23:42.027;04-03-2025 17:31:48.308;24713719
2;05-03-2025 00:23:42.384;04-03-2025 17:31:48.308;24714076
2;05-03-2025 00:24:00.257;04-03-2025 17:31:48.308;24731949
2;05-03-2025 00:24:06.701;04-03-2025 17:31:48.308;24738393
2;05-03-2025 00:24:09.500;04-03-2025 17:31:48.308;24741192
2;05-03-2025 00:24:10.004;04-03-2025 17:31:48.308;24741696
2;05-03-2025 00:24:16.458;04-03-2025 17:31:48.308;24748150
2;05-03-2025 00:24:26.021;04-03-2025 17:31:48.308;24757713
2;05-03-2025 00:24:27.834;04-03-2025 17:31:48.308;24759526
2;05-03-2025 00:24:33.472;04-03-2025 17:31:48.308;24765164
2;05-03-2025 00:24:33.522;04-03-2025 17:31:48.308;24765214
2;05-03-2025 00:24:34.102;04-03-2025 17:31:48.308;24765794
2;05-03-2025 00:24:44.358;04-03-2025 17:31:48.308;24776050
2;05-03-2025 00:24:49.588;04-03-2025 17:31:48.308;24781280
2;05-03-2025 00:24:51.921;04-03-2025 17:31:48.308;24783613
2;05-03-2025 00:24:54.882;04-03-2025 17:31:48.308;24786574
2;05-03-2025 00:24:55.626;04-03-2025 17:31:48.308;24787318
2;05-03-2025 00:25:08.997;04-03-2025 17:31:48.308;24800689
2;05-03-2025 00:25:09.547;04-03-2025 17:31:48.308;24801239
2;05-03-2025 00:25:14.675;04-03-2025 17:31:48.308;24806367
2;05-03-2025 00:25:15.284;04-03-2025 17:31:48.308;24806976
2;05-03-2025 00:25:23.331;04-03-2025 17:31:48.308;24815023
2;05-03-2025 00:25:33.730;04-03-2025 17:31:48.308;24825422
2;05-03-2025 00:25:35.685;04-03-2025 17:31:48.308;24827377
2;05-03-2025 00:25:37.410;04-03-2025 17:31:48.308;24829102
2;05-03-2025 00:25:41.029;04-03-2025 17:31:48.308;24832721
2;05-03-2025 00:25:50.800;04-03-2025 17:31:48.308;24842492
2;05-03-2025 00:25:53.464;04-03-2025 17:31:48.308;24845156
2;05-03-2025 00:26:05.495;04-03-2025 17:31:48.308;24857187
2;05-03-2025 00:26:07.543;04-03-2025 17:31:48.308;24859235
2;05-03-2025 00:26:13.775;04-03-2025 17:31:48.308;24865467
2;05-03-2025 00:26:16.656;04-03-2025 17:31:48.308;24868348
2;05-03-2025 00:26:22.580;04-03-2025 17:31:48.308;24874272
2;05-03-2025 00:26:27.336;04-03-2025 17:31:48.308;24879028
2;05-03-2025 00:26:27.950;04-03-2025 17:31:48.308;24879642
2;05-03-2025 00:26:28.151;04-03-2025 17:31:48.308;24879843
2;05-03-2025 00:26:29.349;04-03-2025 17:31:48.308;24881041
2;05-03-2025 00:26:37.269;04-03-2025 17:31:48.308;24888961
2;05-03-2025 00:26:52.529;04-03-2025 17:31:48.308;24904221
2;05-03-2025 00:26:52.817;04-03-2025 17:31:48.308;24904509
2;05-03-2025 00:26:59.275;04-03-2025 17:31:48.308;24910967
2;05-03-2025 00:26:59.400;04-03-2025 17:31:48.308;24911092
2;05-03-2025 00:27:04.462;04-03-2025 17:31:48.308;24916154
2;05-03-2025 00:27:07.028;04-03-2025 17:31:48.308;24918720
2;05-03-2025 00:27:12.686;04-03-2025 17:31:48.308;24924378
2;05-03-2025 00:27:20.314;04-03-2025 17:31:48.308;24932006
2;05-03-2025 00:27:27.679;04-03-2025 17:31:48.308;24939371
2;05-03-2025 00:27:37.332;04-03-2025 17:31:48.308;24949024
2;05-03-2025 00:27:39.474;04-03-2025 17:31:48.308;24951166
2;05-03-2025 00:27:43.083;04-03-2025 17:31:48.308;24954775
2;05-03-2025 00:27:44.806;04-03-2025 17:31:48.308;24956498
2;05-03-2025 00:27:48.299;04-03-2025 17:31:48.308;24959991
2;05-03-2025 00:27:59.926;04-03-2025 17:31:48.308;24971618
2;05-03-2025 00:28:05.187;04-03-2025 17:31:48.308;24976879
2;05-03-2025 00:28:10.586;04-03-2025 17:31:48.308;24982278
2;05-03-2025 00:28:11.060;04-03-2025 17:31:48.308;24982752
2;05-03-2025 00:28:11.454;04-03-2025 17:31:48.308;24983146
2;05-03-2025 00:28:14.179;04-03-2025 17:31:48.308;24985871
2;05-03-2025 00:28:38.975;04-03-2025 17:31:48.308;25010667
2;05-03-2025 00:28:39.967;04-03-2025 17:31:48.308;25011659
2;05-03-2025 00:28:47.411;04-03-2025 17:31:48.308;25019103
2;05-03-2025 00:28:54.891;04-03-2025 17:31:48.308;25026583
2;05-03-2025 00:28:57.230;04-03-2025 17:31:48.308;25028922
2;05-03-2025 00:28:59.831;04-03-2025 17:31:48.308;25031523
2;05-03-2025 00:29:03.237;04-03-2025 17:31:48.308;25034929
2;05-03-2025 00:29:04.218;04-03-2025 17:31:48.308;25035910
2;05-03-2025 00:29:12.778;04-03-2025 17:31:48.308;25044470
2;05-03-2025 00:29:22.973;04-03-2025 17:31:48.308;25054665
2;05-03-2025 00:29:23.884;04-03-2025 17:31:48.308;25055576
2;05-03-2025 00:29:26.136;04-03-2025 17:31:48.308;25057828
2;05-03-2025 00:29:27.645;04-03-2025 17:31:48.308;25059337
2;05-03-2025 00:29:37.314;04-03-2025 17:31:48.308;25069006
2;05-03-2025 00:29:38.305;04-03-2025 17:31:48.308;25069997
2;05-03-2025 00:29:43.730;04-03-2025 17:31:48.308;25075422
2;05-03-2025 00:29:44.226;04-03-2025 17:31:48.308;25075918
2;05-03-2025 00:29:56.081;04-03-2025 17:31:48.308;25087773
2;05-03-2025 00:30:06.314;04-03-2025 17:31:48.308;25098006
2;05-03-2025 00:30:10.073;04-03-2025 17:31:48.308;25101765
2;05-03-2025 00:30:13.389;04-03-2025 17:31:48.308;25105081
2;05-03-2025 00:30:13.995;04-03-2025 17:31:48.308;25105687
2;05-03-2025 00:30:24.900;04-03-2025 17:31:48.308;25116592
2;05-03-2025 00:30:26.400;04-03-2025 17:31:48.308;25118092
2;05-03-2025 00:30:31.381;04-03-2025 17:31:48.308;25123073
2;05-03-2025 00:30:32.488;04-03-2025 17:31:48.308;25124180
2;05-03-2025 00:30:43.692;04-03-2025 17:31:48.308;25135384
2;05-03-2025 00:30:45.884;04-03-2025 17:31:48.308;25137576
2;05-03-2025 00:30:51.022;04-03-2025 17:31:48.308;25142714
2;05-03-2025 00:30:57.858;04-03-2025 17:31:48.308;25149550
2;05-03-2025 00:31:03.094;04-03-2025 17:31:48.308;25154786
2;05-03-2025 00:31:05.540;04-03-2025 17:31:48.308;25157232
2;05-03-2025 00:31:18.717;04-03-2025 17:31:48.308;25170409
2;05-03-2025 00:31:20.276;04-03-2025 17:31:48.308;25171968
2;05-03-2025 00:31:21.550;04-03-2025 17:31:48.308;25173242
2;05-03-2025 00:31:22.743;04-03-2025 17:31:48.308;25174435
2;05-03-2025 00:31:22.862;04-03-2025 17:31:48.308;25174554
2;05-03-2025 00:31:24.788;04-03-2025 17:31:48.308;25176480
2;05-03-2025 00:31:43.104;04-03-2025 17:31:48.308;25194796
2;05-03-2025 00:31:45.802;04-03-2025 17:31:48.308;25197494
2;05-03-2025 00:31:54.271;04-03-2025 17:31:48.308;25205963
2;05-03-2025 00:31:55.847;04-03-2025 17:31:48.308;25207539
2;05-03-2025 00:32:10.415;04-03-2025 17:31:48.308;25222107
2;05-03-2025 00:32:16.843;04-03-2025 17:31:48.308;25228535
2;05-03-2025 00:32:21.923;04-03-2025 17:31:48.308;25233615
2;05-03-2025 00:32:29.507;04-03-2025 17:31:48.308;25241199
2;05-03-2025 00:32:32.819;04-03-2025 17:31:48.308;25244511
2;05-03-2025 00:32:33.224;04-03-2025 17:31:48.308;25244916
2;05-03-2025 00:32:34.481;04-03-2025 17:31:48.308;25246173
2;05-03-2025 00:32:34.707;04-03-2025 17:31:48.308;25246399
2;05-03-2025 00:32:36.697;04-03-2025 17:31:48.308;25248389
2;05-03-2025 00:32:50.434;04-03-2025 17:31:48.308;25262126
2;05-03-2025 00:32:55.068;04-03-2025 17:31:48.308;25266760
2;05-03-2025 00:32:56.158;04-03-2025 17:31:48.308;25267850
2;05-03-2025 00:33:03.682;04-03-2025 17:31:48.308;25275374
2;05-03-2025 00:33:03.711;04-03-2025 17:31:48.308;25275403
2;05-03-2025 00:33:06.647;04-03-2025 17:31:48.308;25278339
2;05-03-2025 00:33:11.708;04-03-2025 17:31:48.308;25283400
2;05-03-2025 00:33:14.103;04-03-2025 17:31:48.308;25285795
2;05-03-2025 00:33:22.340;04-03-2025 17:31:48.308;25294032
2;05-03-2025 00:33:30.183;04-03-2025 17:31:48.308;25301875
2;05-03-2025 00:33:40.882;04-03-2025 17:31:48.308;25312574
2;05-03-2025 00:33:42.866;04-03-2025 17:31:48.308;25314558
2;05-03-2025 00:33:46.861;04-03-2025 17:31:48.308;25318553
2;05-03-2025 00:33:53.553;04-03-2025 17:31:48.308;25325245
2;05-03-2025 00:33:53.752;04-03-2025 17:31:48.308;25325444
2;05-03-2025 00:34:05.776;04-03-2025 17:31:48.308;25337468
2;05-03-2025 00:34:10.841;04-03-2025 17:31:48.308;25342533
2;05-03-2025 00:34:11.919;04-03-2025 17:31:48.308;25343611
2;05-03-2025 00:34:12.394;04-03-2025 17:31:48.308;25344086
2;05-03-2025 00:34:13.573;04-03-2025 17:31:48.308;25345265
2;05-03-2025 00:34:23.981;04-03-2025 17:31:48.308;25355673
2;05-03-2025 00:34:26.650;04-03-2025 17:31:48.308;25358342
2;05-03-2025 00:34:35.029;04-03-2025 17:31:48.308;25366721
2;05-03-2025 00:34:37.420;04-03-2025 17:31:48.308;25369112
2;05-03-2025 00:34:39.669;04-03-2025 17:31:48.308;25371361
2;05-03-2025 00:34:41.341;04-03-2025 17:31:48.308;25373033
2;05-03-2025 00:35:05.703;04-03-2025 17:31:48.308;25397395
2;05-03-2025 00:35:06.462;04-03-2025 17:31:48.308;25398154
2;05-03-2025 00:35:07.857;04-03-2025 17:31:48.308;25399549
2;05-03-2025 00:35:08.366;04-03-2025 17:31:48.308;25400058
2;05-03-2025 00:35:14.069;04-03-2025 17:31:48.308;25405761
2;05-03-2025 00:35:15.458;04-03-2025 17:31:48.308;25407150
2;05-03-2025 00:35:18.577;04-03-2025 17:31:48.308;25410269
2;05-03-2025 00:35:21.224;04-03-2025 17:31:48.308;25412916
2;05-03-2025 00:35:24.123;04-03-2025 17:31:48.308;25415815
2;05-03-2025 00:35:36.351;04-03-2025 17:31:48.308;25428043
2;05-03-2025 00:35:49.049;04-03-2025 17:31:48.308;25440741
2;05-03-2025 00:35:54.364;04-03-2025 17:31:48.308;25446056
2;05-03-2025 00:35:54.762;04-03-2025 17:31:48.308;25446454
2;05-03-2025 00:36:00.494;04-03-2025 17:31:48.308;25452186
2;05-03-2025 00:36:03.810;04-03-2025 17:31:48.308;25455502
2;05-03-2025 00:36:06.196;04-03-2025 17:31:48.308;25457888
2;05-03-2025 00:36:12.698;04-03-2025 17:31:48.308;25464390
2;05-03-2025 00:36:21.272;04-03-2025 17:31:48.308;25472964
2;05-03-2025 00:36:34.316;04-03-2025 17:31:48.308;25486008
2;05-03-2025 00:36:36.194;04-03-2025 17:31:48.308;25487886
2;05-03-2025 00:36:42.048;04-03-2025 17:31:48.308;25493740
2;05-03-2025 00:36:50.994;04-03-2025 17:31:48.308;25502686
2;05-03-2025 00:36:52.500;04-03-2025 17:31:48.308;25504192
2;05-03-2025 00:36:52.730;04-03-2025 17:31:48.308;25504422
2;05-03-2025 00:36:55.890;04-03-2025 17:31:48.308;25507582
2;05-03-2025 00:37:03.277;04-03-2025 17:31:48.308;25514969
2;05-03-2025 00:37:07.013;04-03-2025 17:31:48.308;25518705
2;05-03-2025 00:37:08.973;04-03-2025 17:31:48.308;25520665
2;05-03-2025 00:37:24.554;04-03-2025 17:31:48.308;25536246
2;05-03-2025 00:37:27.161;04-03-2025 17:31:48.308;25538853
2;05-03-2025 00:37:30.336;04-03-2025 17:31:48.308;25542028
2;05-03-2025 00:37:34.041;04-03-2025 17:31:48.308;25545733
2;05-03-2025 00:37:34.754;04-03-2025 17:31:48.308;25546446
2;05-03-2025 00:37:36.003;04-03-2025 17:31:48.308;25547695
2;05-03-2025 00:37:36.711;04-03-2025 17:31:48.308;25548403
2;05-03-2025 00:37:44.471;04-03-2025 17:31:48.308;25556163
2;05-03-2025 00:37:53.781;04-03-2025 17:31:48.308;25565473
2;05-03-2025 00:38:06.056;04-03-2025 17:31:48.308;25577748
2;05-03-2025 00:38:08.029;04-03-2025 17:31:48.308;25579721
2;05-03-2025 00:38:09.628;04-03-2025 17:31:48.308;25581320
2;05-03-2025 00:38:09.654;04-03-2025 17:31:48.308;25581346
2;05-03-2025 00:38:12.424;04-03-2025 17:31:48.308;25584116
2;05-03-2025 00:38:23.916;04-03-2025 17:31:48.308;25595608
2;05-03-2025 00:38:23.973;04-03-2025 17:31:48.308;25595665
2;05-03-2025 00:38:41.250;04-03-2025 17:31:48.308;25612942
2;05-03-2025 00:38:41.563;04-03-2025 17:31:48.308;25613255
2;05-03-2025 00:38:41.993;04-03-2025 17:31:48.308;25613685
2;05-03-2025 00:38:53.367;04-03-2025 17:31:48.308;25625059
2;05-03-2025 00:38:54.111;04-03-2025 17:31:48.308;25625803
2;05-03-2025 00:38:58.991;04-03-2025 17:31:48.308;25630683
2;05-03-2025 00:39:06.432;04-03-2025 17:31:48.308;25638124
2;05-03-2025 00:39:08.918;04-03-2025 17:31:48.308;25640610
2;05-03-2025 00:39:11.060;04-03-2025 17:31:48.308;25642752
2;05-03-2025 00:39:12.673;04-03-2025 17:31:48.308;25644365
2;05-03-2025 00:39:24.187;04-03-2025 17:31:48.308;25655879
2;05-03-2025 00:39:32.928;04-03-2025 17:31:48.308;25664620
2;05-03-2025 00:39:37.411;04-03-2025 17:31:48.308;25669103
2;05-03-2025 00:39:38.380;04-03-2025 17:31:48.308;25670072
2;05-03-2025 00:39:40.570;04-03-2025 17:31:48.308;25672262
2;05-03-2025 00:39:50.589;04-03-2025 17:31:48.308;25682281
2;05-03-2025 00:39:54.203;04-03-2025 17:31:48.308;25685895
2;05-03-2025 00:39:57.406;04-03-2025 17:31:48.308;25689098
0;05-03-2025 00:40:03.851;05-03-2025 00:38:48.125;75726
2;05-03-2025 00:40:05.584;04-03-2025 17:31:48.308;25697276
2;05-03-2025 00:40:09.168;04-03-2025 17:31:48.308;25700860
2;05-03-2025 00:40:10.020;04-03-2025 17:31:48.308;25701712
0;05-03-2025 00:40:12.827;05-03-2025 00:38:48.125;84702
2;05-03-2025 00:40:16.028;04-03-2025 17:31:48.308;25707720
0;05-03-2025 00:40:20.048;05-03-2025 00:38:48.125;91923
0;05-03-2025 00:40:21.160;05-03-2025 00:38:48.125;93035
2;05-03-2025 00:40:26.354;04-03-2025 17:31:48.308;25718046
0;05-03-2025 00:40:26.722;05-03-2025 00:38:48.125;98597
2;05-03-2025 00:40:32.294;04-03-2025 17:31:48.308;25723986
2;05-03-2025 00:40:37.625;04-03-2025 17:31:48.308;25729317
2;05-03-2025 00:40:38.123;04-03-2025 17:31:48.308;25729815
0;05-03-2025 00:40:38.323;05-03-2025 00:38:48.125;110198
2;05-03-2025 00:40:46.369;04-03-2025 17:31:48.308;25738061
0;05-03-2025 00:40:47.993;05-03-2025 00:38:48.125;119868
0;05-03-2025 00:40:48.865;05-03-2025 00:38:48.125;120740
2;05-03-2025 00:40:51.245;04-03-2025 17:31:48.308;25742937
0;05-03-2025 00:40:51.681;05-03-2025 00:38:48.125;123556
0;05-03-2025 00:40:53.386;05-03-2025 00:38:48.125;125261
2;05-03-2025 00:40:58.408;04-03-2025 17:31:48.308;25750100
0;05-03-2025 00:40:59.261;05-03-2025 00:38:48.125;131136
0;05-03-2025 00:41:03.977;05-03-2025 00:38:48.125;135852
0;05-03-2025 00:41:05.814;05-03-2025 00:38:48.125;137689
2;05-03-2025 00:41:05.977;04-03-2025 17:31:48.308;25757669
2;05-03-2025 00:41:06.518;04-03-2025 17:31:48.308;25758210
2;05-03-2025 00:41:06.727;04-03-2025 17:31:48.308;25758419
0;05-03-2025 00:41:07.626;05-03-2025 00:38:48.125;139501
0;05-03-2025 00:41:08.475;05-03-2025 00:38:48.125;140350
2;05-03-2025 00:41:08.530;04-03-2025 17:31:48.308;25760222
2;05-03-2025 00:41:10.482;04-03-2025 17:31:48.308;25762174
0;05-03-2025 00:41:16.680;05-03-2025 00:38:48.125;148555
2;05-03-2025 00:41:18.123;04-03-2025 17:31:48.308;25769815
0;05-03-2025 00:41:23.638;05-03-2025 00:38:48.125;155513
2;05-03-2025 00:41:27.548;04-03-2025 17:31:48.308;25779240
0;05-03-2025 00:41:33.109;05-03-2025 00:38:48.125;164984
2;05-03-2025 00:41:36.236;04-03-2025 17:31:48.308;25787928
2;05-03-2025 00:41:40.055;04-03-2025 17:31:48.308;25791747
0;05-03-2025 00:41:40.354;05-03-2025 00:38:48.125;172229
2;05-03-2025 00:41:44.937;04-03-2025 17:31:48.308;25796629
0;05-03-2025 00:41:49.412;05-03-2025 00:38:48.125;181287
0;05-03-2025 00:41:52.985;05-03-2025 00:38:48.125;184860
2;05-03-2025 00:41:53.635;04-03-2025 17:31:48.308;25805327
2;05-03-2025 00:41:56.936;04-03-2025 17:31:48.308;25808628
0;05-03-2025 00:41:58.376;05-03-2025 00:38:48.125;190251
0;05-03-2025 00:41:59.465;05-03-2025 00:38:48.125;191340
0;05-03-2025 00:42:02.225;05-03-2025 00:38:48.125;194100
0;05-03-2025 00:42:04.156;05-03-2025 00:38:48.125;196031
2;05-03-2025 00:42:05.170;04-03-2025 17:31:48.308;25816862
0;05-03-2025 00:42:06.404;05-03-2025 00:38:48.125;198279
2;05-03-2025 00:42:09.816;04-03-2025 17:31:48.308;25821508
2;05-03-2025 00:42:13.916;04-03-2025 17:31:48.308;25825608
2;05-03-2025 00:42:14.337;04-03-2025 17:31:48.308;25826029
0;05-03-2025 00:42:15.231;05-03-2025 00:38:48.125;207106
0;05-03-2025 00:42:20.675;05-03-2025 00:38:48.125;212550
2;05-03-2025 00:42:24.993;04-03-2025 17:31:48.308;25836685
2;05-03-2025 00:42:27.717;04-03-2025 17:31:48.308;25839409
0;05-03-2025 00:42:29.409;05-03-2025 00:38:48.125;221284
2;05-03-2025 00:42:36.108;04-03-2025 17:31:48.308;25847800
2;05-03-2025 00:42:38.497;04-03-2025 17:31:48.308;25850189
2;05-03-2025 00:42:41.413;04-03-2025 17:31:48.308;25853105
2;05-03-2025 00:42:43.852;04-03-2025 17:31:48.308;25855544
2;05-03-2025 00:42:45.135;04-03-2025 17:31:48.308;25856827
0;05-03-2025 00:42:46.064;05-03-2025 00:38:48.125;237939
0;05-03-2025 00:42:48.512;05-03-2025 00:38:48.125;240387
0;05-03-2025 00:42:50.023;05-03-2025 00:38:48.125;241898
0;05-03-2025 00:42:50.961;05-03-2025 00:38:48.125;242836
2;05-03-2025 00:42:53.455;04-03-2025 17:31:48.308;25865147
0;05-03-2025 00:42:59.421;05-03-2025 00:38:48.125;251296
0;05-03-2025 00:42:59.783;05-03-2025 00:38:48.125;251658
2;05-03-2025 00:43:01.474;04-03-2025 17:31:48.308;25873166
0;05-03-2025 00:43:05.266;05-03-2025 00:38:48.125;257141
0;05-03-2025 00:43:09.152;05-03-2025 00:38:48.125;261027
2;05-03-2025 00:43:11.652;04-03-2025 17:31:48.308;25883344
0;05-03-2025 00:43:12.225;05-03-2025 00:38:48.125;264100
0;05-03-2025 00:43:18.105;05-03-2025 00:38:48.125;269980
2;05-03-2025 00:43:19.597;04-03-2025 17:31:48.308;25891289
0;05-03-2025 00:43:20.215;05-03-2025 00:38:48.125;272090
2;05-03-2025 00:43:23.184;04-03-2025 17:31:48.308;25894876
2;05-03-2025 00:43:24.837;04-03-2025 17:31:48.308;25896529
2;05-03-2025 00:43:25.267;04-03-2025 17:31:48.308;25896959
2;05-03-2025 00:43:25.499;04-03-2025 17:31:48.308;25897191
0;05-03-2025 00:43:30.417;05-03-2025 00:38:48.125;282292
2;05-03-2025 00:43:33.938;04-03-2025 17:31:48.308;25905630
0;05-03-2025 00:43:36.822;05-03-2025 00:38:48.125;288697
0;05-03-2025 00:43:40.918;05-03-2025 00:38:48.125;292793
2;05-03-2025 00:43:43.004;04-03-2025 17:31:48.308;25914696
0;05-03-2025 00:43:46.890;05-03-2025 00:38:48.125;298765
2;05-03-2025 00:43:47.233;04-03-2025 17:31:48.308;25918925
2;05-03-2025 00:43:47.645;04-03-2025 17:31:48.308;25919337
0;05-03-2025 00:43:53.341;05-03-2025 00:38:48.125;305216
0;05-03-2025 00:44:01.927;05-03-2025 00:38:48.125;313802
2;05-03-2025 00:44:02.636;04-03-2025 17:31:48.308;25934328
0;05-03-2025 00:44:04.439;05-03-2025 00:38:48.125;316314
0;05-03-2025 00:44:06.118;05-03-2025 00:38:48.125;317993
2;05-03-2025 00:44:08.341;04-03-2025 17:31:48.308;25940033
0;05-03-2025 00:44:09.612;05-03-2025 00:38:48.125;321487
2;05-03-2025 00:44:15.386;04-03-2025 17:31:48.308;25947078
2;05-03-2025 00:44:19.630;04-03-2025 17:31:48.308;25951322
2;05-03-2025 00:44:20.958;04-03-2025 17:31:48.308;25952650
0;05-03-2025 00:44:21.029;05-03-2025 00:38:48.125;332904
2;05-03-2025 00:44:24.032;04-03-2025 17:31:48.308;25955724
2;05-03-2025 00:44:24.329;04-03-2025 17:31:48.308;25956021
0;05-03-2025 00:44:27.917;05-03-2025 00:38:48.125;339792
2;05-03-2025 00:44:28.877;04-03-2025 17:31:48.308;25960569
2;05-03-2025 00:44:35.732;04-03-2025 17:31:48.308;25967424
0;05-03-2025 00:44:36.828;05-03-2025 00:38:48.125;348703
0;05-03-2025 00:44:39.297;05-03-2025 00:38:48.125;351172
0;05-03-2025 00:44:39.373;05-03-2025 00:38:48.125;351248
0;05-03-2025 00:44:41.521;05-03-2025 00:38:48.125;353396
2;05-03-2025 00:44:49.324;04-03-2025 17:31:48.308;25981016
0;05-03-2025 00:44:50.475;05-03-2025 00:38:48.125;362350
0;05-03-2025 00:44:51.122;05-03-2025 00:38:48.125;362997
0;05-03-2025 00:44:52.631;05-03-2025 00:38:48.125;364506
2;05-03-2025 00:44:53.330;04-03-2025 17:31:48.308;25985022
2;05-03-2025 00:44:53.581;04-03-2025 17:31:48.308;25985273
0;05-03-2025 00:44:59.384;05-03-2025 00:38:48.125;371259
2;05-03-2025 00:45:00.221;04-03-2025 17:31:48.308;25991913
2;05-03-2025 00:45:02.061;04-03-2025 17:31:48.308;25993753
2;05-03-2025 00:45:03.198;04-03-2025 17:31:48.308;25994890
0;05-03-2025 00:45:07.117;05-03-2025 00:38:48.125;378992
2;05-03-2025 00:45:07.550;04-03-2025 17:31:48.308;25999242
2;05-03-2025 00:45:08.189;04-03-2025 17:31:48.308;25999881
2;05-03-2025 00:45:10.612;04-03-2025 17:31:48.308;26002304
0;05-03-2025 00:45:15.863;05-03-2025 00:38:48.125;387738
0;05-03-2025 00:45:19.860;05-03-2025 00:38:48.125;391735
0;05-03-2025 00:45:20.795;05-03-2025 00:38:48.125;392670
2;05-03-2025 00:45:21.893;04-03-2025 17:31:48.308;26013585
0;05-03-2025 00:45:23.737;05-03-2025 00:38:48.125;395612
0;05-03-2025 00:45:29.754;05-03-2025 00:38:48.125;401629
0;05-03-2025 00:45:31.941;05-03-2025 00:38:48.125;403816
2;05-03-2025 00:45:33.305;04-03-2025 17:31:48.308;26024997
2;05-03-2025 00:45:37.796;04-03-2025 17:31:48.308;26029488
0;05-03-2025 00:45:38.383;05-03-2025 00:38:48.125;410258
0;05-03-2025 00:45:38.801;05-03-2025 00:38:48.125;410676
2;05-03-2025 00:45:40.507;04-03-2025 17:31:48.308;26032199
2;05-03-2025 00:45:40.882;04-03-2025 17:31:48.308;26032574
0;05-03-2025 00:45:41.357;05-03-2025 00:38:48.125;413232
2;05-03-2025 00:45:45.617;04-03-2025 17:31:48.308;26037309
0;05-03-2025 00:45:47.581;05-03-2025 00:38:48.125;419456
2;05-03-2025 00:45:54.410;04-03-2025 17:31:48.308;26046102
2;05-03-2025 00:45:54.712;04-03-2025 17:31:48.308;26046404
0;05-03-2025 00:45:58.391;05-03-2025 00:38:48.125;430266
2;05-03-2025 00:46:05.493;04-03-2025 17:31:48.308;26057185
2;05-03-2025 00:46:06.069;04-03-2025 17:31:48.308;26057761
2;05-03-2025 00:46:09.616;04-03-2025 17:31:48.308;26061308
0;05-03-2025 00:46:10.692;05-03-2025 00:38:48.125;442567
0;05-03-2025 00:46:10.760;05-03-2025 00:38:48.125;442635
0;05-03-2025 00:46:12.517;05-03-2025 00:38:48.125;444392
2;05-03-2025 00:46:17.942;04-03-2025 17:31:48.308;26069634
2;05-03-2025 00:46:18.065;04-03-2025 17:31:48.308;26069757
0;05-03-2025 00:46:22.220;05-03-2025 00:38:48.125;454095
2;05-03-2025 00:46:33.195;04-03-2025 17:31:48.308;26084887
2;05-03-2025 00:46:33.951;04-03-2025 17:31:48.308;26085643
0;05-03-2025 00:46:35.680;05-03-2025 00:38:48.125;467555
0;05-03-2025 00:46:36.711;05-03-2025 00:38:48.125;468586
2;05-03-2025 00:46:38.691;04-03-2025 17:31:48.308;26090383
0;05-03-2025 00:46:39.458;05-03-2025 00:38:48.125;471333
0;05-03-2025 00:46:40.560;05-03-2025 00:38:48.125;472435
0;05-03-2025 00:46:41.600;05-03-2025 00:38:48.125;473475
2;05-03-2025 00:46:42.168;04-03-2025 17:31:48.308;26093860
0;05-03-2025 00:46:43.180;05-03-2025 00:38:48.125;475055
0;05-03-2025 00:46:43.406;05-03-2025 00:38:48.125;475281
2;05-03-2025 00:46:46.646;04-03-2025 17:31:48.308;26098338
2;05-03-2025 00:46:47.291;04-03-2025 17:31:48.308;26098983
2;05-03-2025 00:46:48.354;04-03-2025 17:31:48.308;26100046
0;05-03-2025 00:46:55.262;05-03-2025 00:38:48.125;487137
0;05-03-2025 00:46:57.618;05-03-2025 00:38:48.125;489493
0;05-03-2025 00:47:02.118;05-03-2025 00:38:48.125;493993
2;05-03-2025 00:47:05.858;04-03-2025 17:31:48.308;26117550
2;05-03-2025 00:47:10.097;04-03-2025 17:31:48.308;26121789
2;05-03-2025 00:47:13.620;04-03-2025 17:31:48.308;26125312
0;05-03-2025 00:47:16.813;05-03-2025 00:38:48.125;508688
2;05-03-2025 00:47:18.438;04-03-2025 17:31:48.308;26130130
2;05-03-2025 00:47:23.084;04-03-2025 17:31:48.308;26134776
2;05-03-2025 00:47:23.127;04-03-2025 17:31:48.308;26134819
0;05-03-2025 00:47:24.265;05-03-2025 00:38:48.125;516140
0;05-03-2025 00:47:26.361;05-03-2025 00:38:48.125;518236
0;05-03-2025 00:47:27.993;05-03-2025 00:38:48.125;519868
0;05-03-2025 00:47:34.051;05-03-2025 00:38:48.125;525926
2;05-03-2025 00:47:36.014;04-03-2025 17:31:48.308;26147706
2;05-03-2025 00:47:40.912;04-03-2025 17:31:48.308;26152604
0;05-03-2025 00:47:42.030;05-03-2025 00:38:48.125;533905
2;05-03-2025 00:47:43.603;04-03-2025 17:31:48.308;26155295
2;05-03-2025 00:47:43.732;04-03-2025 17:31:48.308;26155424
2;05-03-2025 00:47:45.203;04-03-2025 17:31:48.308;26156895
0;05-03-2025 00:47:54.236;05-03-2025 00:38:48.125;546111
0;05-03-2025 00:47:55.073;05-03-2025 00:38:48.125;546948
0;05-03-2025 00:47:55.825;05-03-2025 00:38:48.125;547700
2;05-03-2025 00:47:56.135;04-03-2025 17:31:48.308;26167827
2;05-03-2025 00:48:05.527;04-03-2025 17:31:48.308;26177219
0;05-03-2025 00:48:07.200;05-03-2025 00:38:48.125;559075
2;05-03-2025 00:48:08.528;04-03-2025 17:31:48.308;26180220
0;05-03-2025 00:48:14.337;05-03-2025 00:38:48.125;566212
2;05-03-2025 00:48:14.390;04-03-2025 17:31:48.308;26186082
0;05-03-2025 00:48:16.386;05-03-2025 00:38:48.125;568261
0;05-03-2025 00:48:19.060;05-03-2025 00:38:48.125;570935
0;05-03-2025 00:48:19.816;05-03-2025 00:38:48.125;571691
2;05-03-2025 00:48:20.116;04-03-2025 17:31:48.308;26191808
0;05-03-2025 00:48:22.632;05-03-2025 00:38:48.125;574507
0;05-03-2025 00:48:24.169;05-03-2025 00:38:48.125;576044
0;05-03-2025 00:48:33.290;05-03-2025 00:38:48.125;585165
2;05-03-2025 00:48:33.439;04-03-2025 17:31:48.308;26205131
0;05-03-2025 00:48:36.947;05-03-2025 00:38:48.125;588822
2;05-03-2025 00:48:37.968;04-03-2025 17:31:48.308;26209660
2;05-03-2025 00:48:39.363;04-03-2025 17:31:48.308;26211055
0;05-03-2025 00:48:40.118;05-03-2025 00:38:48.125;591993
0;05-03-2025 00:48:40.344;05-03-2025 00:38:48.125;592219
2;05-03-2025 00:48:43.292;04-03-2025 17:31:48.308;26214984
0;05-03-2025 00:48:43.505;05-03-2025 00:38:48.125;595380
2;05-03-2025 00:48:44.763;04-03-2025 17:31:48.308;26216455
2;05-03-2025 00:48:45.471;04-03-2025 17:31:48.308;26217163
2;05-03-2025 00:48:54.323;04-03-2025 17:31:48.308;26226015
2;05-03-2025 00:48:55.815;04-03-2025 17:31:48.308;26227507
0;05-03-2025 00:49:05.760;05-03-2025 00:38:48.125;617635
2;05-03-2025 00:49:06.259;04-03-2025 17:31:48.308;26237951
0;05-03-2025 00:49:14.036;05-03-2025 00:38:48.125;625911
0;05-03-2025 00:49:15.426;05-03-2025 00:38:48.125;627301
0;05-03-2025 00:49:15.567;05-03-2025 00:38:48.125;627442
0;05-03-2025 00:49:15.945;05-03-2025 00:38:48.125;627820
2;05-03-2025 00:49:16.210;04-03-2025 17:31:48.308;26247902
2;05-03-2025 00:49:18.216;04-03-2025 17:31:48.308;26249908
0;05-03-2025 00:49:23.215;05-03-2025 00:38:48.125;635090
2;05-03-2025 00:49:25.904;04-03-2025 17:31:48.308;26257596
2;05-03-2025 00:49:26.684;04-03-2025 17:31:48.308;26258376
0;05-03-2025 00:49:28.073;05-03-2025 00:38:48.125;639948
2;05-03-2025 00:49:28.252;04-03-2025 17:31:48.308;26259944
0;05-03-2025 00:49:33.704;05-03-2025 00:38:48.125;645579
2;05-03-2025 00:49:35.646;04-03-2025 17:31:48.308;26267338
2;05-03-2025 00:49:37.663;04-03-2025 17:31:48.308;26269355
0;05-03-2025 00:49:43.715;05-03-2025 00:38:48.125;655590
0;05-03-2025 00:49:44.735;05-03-2025 00:38:48.125;656610
0;05-03-2025 00:49:48.474;05-03-2025 00:38:48.125;660349
2;05-03-2025 00:49:51.588;04-03-2025 17:31:48.308;26283280
2;05-03-2025 00:49:53.761;04-03-2025 17:31:48.308;26285453
2;05-03-2025 00:49:54.722;04-03-2025 17:31:48.308;26286414
0;05-03-2025 00:49:57.530;05-03-2025 00:38:48.125;669405
2;05-03-2025 00:50:04.157;04-03-2025 17:31:48.308;26295849
2;05-03-2025 00:50:04.360;04-03-2025 17:31:48.308;26296052
0;05-03-2025 00:50:05.792;05-03-2025 00:38:48.125;677667
0;05-03-2025 00:50:06.738;05-03-2025 00:38:48.125;678613
0;05-03-2025 00:50:06.862;05-03-2025 00:38:48.125;678737
2;05-03-2025 00:50:14.842;04-03-2025 17:31:48.308;26306534
2;05-03-2025 00:50:14.934;04-03-2025 17:31:48.308;26306626
2;05-03-2025 00:50:15.477;04-03-2025 17:31:48.308;26307169
2;05-03-2025 00:50:16.424;04-03-2025 17:31:48.308;26308116
0;05-03-2025 00:50:17.373;05-03-2025 00:38:48.125;689248
0;05-03-2025 00:50:22.958;05-03-2025 00:38:48.125;694833
0;05-03-2025 00:50:25.245;05-03-2025 00:38:48.125;697120
2;05-03-2025 00:50:26.555;04-03-2025 17:31:48.308;26318247
2;05-03-2025 00:50:29.445;04-03-2025 17:31:48.308;26321137
0;05-03-2025 00:50:30.684;05-03-2025 00:38:48.125;702559
0;05-03-2025 00:50:36.971;05-03-2025 00:38:48.125;708846
0;05-03-2025 00:50:38.771;05-03-2025 00:38:48.125;710646
2;05-03-2025 00:50:41.334;04-03-2025 17:31:48.308;26333026
0;05-03-2025 00:50:42.260;05-03-2025 00:38:48.125;714135
0;05-03-2025 00:50:46.123;05-03-2025 00:38:48.125;717998
2;05-03-2025 00:50:47.615;04-03-2025 17:31:48.308;26339307
2;05-03-2025 00:50:50.400;04-03-2025 17:31:48.308;26342092
0;05-03-2025 00:50:52.814;05-03-2025 00:38:48.125;724689
0;05-03-2025 00:50:57.256;05-03-2025 00:38:48.125;729131
2;05-03-2025 00:51:01.575;04-03-2025 17:31:48.308;26353267
2;05-03-2025 00:51:01.964;04-03-2025 17:31:48.308;26353656
2;05-03-2025 00:51:02.390;04-03-2025 17:31:48.308;26354082
2;05-03-2025 00:51:06.122;04-03-2025 17:31:48.308;26357814
0;05-03-2025 00:51:06.597;05-03-2025 00:38:48.125;738472
2;05-03-2025 00:51:09.102;04-03-2025 17:31:48.308;26360794
2;05-03-2025 00:51:09.297;04-03-2025 17:31:48.308;26360989
0;05-03-2025 00:51:09.713;05-03-2025 00:38:48.125;741588
0;05-03-2025 00:51:09.798;05-03-2025 00:38:48.125;741673
0;05-03-2025 00:51:12.361;05-03-2025 00:38:48.125;744236
2;05-03-2025 00:51:24.636;04-03-2025 17:31:48.308;26376328
2;05-03-2025 00:51:26.476;04-03-2025 17:31:48.308;26378168
2;05-03-2025 00:51:28.420;04-03-2025 17:31:48.308;26380112
0;05-03-2025 00:51:32.402;05-03-2025 00:38:48.125;764277
2;05-03-2025 00:51:33.390;04-03-2025 17:31:48.308;26385082
0;05-03-2025 00:51:35.143;05-03-2025 00:38:48.125;767018
2;05-03-2025 00:51:37.004;04-03-2025 17:31:48.308;26388696
0;05-03-2025 00:51:44.329;05-03-2025 00:38:48.125;776204
2;05-03-2025 00:51:51.282;04-03-2025 17:31:48.308;26402974
2;05-03-2025 00:51:52.518;04-03-2025 17:31:48.308;26404210
0;05-03-2025 00:51:52.735;05-03-2025 00:38:48.125;784610
2;05-03-2025 00:51:52.856;04-03-2025 17:31:48.308;26404548
0;05-03-2025 00:51:53.584;05-03-2025 00:38:48.125;785459
0;05-03-2025 00:51:58.373;05-03-2025 00:38:48.125;790248
2;05-03-2025 00:52:01.563;04-03-2025 17:31:48.308;26413255
0;05-03-2025 00:52:02.638;05-03-2025 00:38:48.125;794513
0;05-03-2025 00:52:06.804;05-03-2025 00:38:48.125;798679
0;05-03-2025 00:52:07.165;05-03-2025 00:38:48.125;799040
2;05-03-2025 00:52:07.289;04-03-2025 17:31:48.308;26418981
2;05-03-2025 00:52:08.603;04-03-2025 17:31:48.308;26420295
0;05-03-2025 00:52:10.058;05-03-2025 00:38:48.125;801933
0;05-03-2025 00:52:17.216;05-03-2025 00:38:48.125;809091
0;05-03-2025 00:52:18.141;05-03-2025 00:38:48.125;810016
2;05-03-2025 00:52:22.229;04-03-2025 17:31:48.308;26433921
0;05-03-2025 00:52:22.938;05-03-2025 00:38:48.125;814813
2;05-03-2025 00:52:24.598;04-03-2025 17:31:48.308;26436290
2;05-03-2025 00:52:26.960;04-03-2025 17:31:48.308;26438652
2;05-03-2025 00:52:28.144;04-03-2025 17:31:48.308;26439836
0;05-03-2025 00:52:35.967;05-03-2025 00:38:48.125;827842
2;05-03-2025 00:52:36.622;04-03-2025 17:31:48.308;26448314
2;05-03-2025 00:52:37.401;04-03-2025 17:31:48.308;26449093
0;05-03-2025 00:52:37.869;05-03-2025 00:38:48.125;829744
0;05-03-2025 00:52:39.278;05-03-2025 00:38:48.125;831153
0;05-03-2025 00:52:41.906;05-03-2025 00:38:48.125;833781
0;05-03-2025 00:52:43.806;05-03-2025 00:38:48.125;835681
2;05-03-2025 00:52:48.747;04-03-2025 17:31:48.308;26460439
2;05-03-2025 00:52:49.429;04-03-2025 17:31:48.308;26461121
2;05-03-2025 00:52:52.239;04-03-2025 17:31:48.308;26463931
2;05-03-2025 00:52:56.383;04-03-2025 17:31:48.308;26468075
0;05-03-2025 00:52:56.986;05-03-2025 00:38:48.125;848861
2;05-03-2025 00:52:58.439;04-03-2025 17:31:48.308;26470131
0;05-03-2025 00:52:58.976;05-03-2025 00:38:48.125;850851
0;05-03-2025 00:53:00.038;05-03-2025 00:38:48.125;851913
0;05-03-2025 00:53:09.669;05-03-2025 00:38:48.125;861544
2;05-03-2025 00:53:15.209;04-03-2025 17:31:48.308;26486901
2;05-03-2025 00:53:19.385;04-03-2025 17:31:48.308;26491077
0;05-03-2025 00:53:23.331;05-03-2025 00:38:48.125;875206
0;05-03-2025 00:53:29.105;05-03-2025 00:38:48.125;880980
0;05-03-2025 00:53:30.298;05-03-2025 00:38:48.125;882173
2;05-03-2025 00:53:30.588;04-03-2025 17:31:48.308;26502280
0;05-03-2025 00:53:32.416;05-03-2025 00:38:48.125;884291
0;05-03-2025 00:53:34.702;05-03-2025 00:38:48.125;886577
0;05-03-2025 00:53:35.989;05-03-2025 00:38:48.125;887864
0;05-03-2025 00:53:39.735;05-03-2025 00:38:48.125;891610
2;05-03-2025 00:53:40.664;04-03-2025 17:31:48.308;26512356
2;05-03-2025 00:53:41.207;04-03-2025 17:31:48.308;26512899
0;05-03-2025 00:53:42.390;05-03-2025 00:38:48.125;894265
2;05-03-2025 00:53:45.305;04-03-2025 17:31:48.308;26516997
2;05-03-2025 00:53:50.304;04-03-2025 17:31:48.308;26521996
0;05-03-2025 00:53:52.303;05-03-2025 00:38:48.125;904178
2;05-03-2025 00:53:56.126;04-03-2025 17:31:48.308;26527818
2;05-03-2025 00:53:58.156;04-03-2025 17:31:48.308;26529848
2;05-03-2025 00:53:58.732;04-03-2025 17:31:48.308;26530424
0;05-03-2025 00:54:00.223;05-03-2025 00:38:48.125;912098
2;05-03-2025 00:54:01.060;04-03-2025 17:31:48.308;26532752
0;05-03-2025 00:54:07.251;05-03-2025 00:38:48.125;919126
2;05-03-2025 00:54:09.788;04-03-2025 17:31:48.308;26541480
2;05-03-2025 00:54:15.508;04-03-2025 17:31:48.308;26547200
0;05-03-2025 00:54:15.834;05-03-2025 00:38:48.125;927709
2;05-03-2025 00:54:18.254;04-03-2025 17:31:48.308;26549946
0;05-03-2025 00:54:24.641;05-03-2025 00:38:48.125;936516
0;05-03-2025 00:54:25.797;05-03-2025 00:38:48.125;937672
0;05-03-2025 00:54:27.629;05-03-2025 00:38:48.125;939504
0;05-03-2025 00:54:27.986;05-03-2025 00:38:48.125;939861
2;05-03-2025 00:54:28.646;04-03-2025 17:31:48.308;26560338
0;05-03-2025 00:54:33.673;05-03-2025 00:38:48.125;945548
2;05-03-2025 00:54:36.374;04-03-2025 17:31:48.308;26568066
2;05-03-2025 00:54:36.771;04-03-2025 17:31:48.308;26568463
2;05-03-2025 00:54:39.674;04-03-2025 17:31:48.308;26571366
2;05-03-2025 00:54:41.321;04-03-2025 17:31:48.308;26573013
0;05-03-2025 00:54:43.521;05-03-2025 00:38:48.125;955396
2;05-03-2025 00:54:43.978;04-03-2025 17:31:48.308;26575670
2;05-03-2025 00:54:45.967;04-03-2025 17:31:48.308;26577659
0;05-03-2025 00:54:49.457;05-03-2025 00:38:48.125;961332
0;05-03-2025 00:54:50.441;05-03-2025 00:38:48.125;962316
0;05-03-2025 00:54:53.812;05-03-2025 00:38:48.125;965687
2;05-03-2025 00:54:58.240;04-03-2025 17:31:48.308;26589932
0;05-03-2025 00:55:00.608;05-03-2025 00:38:48.125;972483
0;05-03-2025 00:55:04.288;05-03-2025 00:38:48.125;976163
0;05-03-2025 00:55:05.130;05-03-2025 00:38:48.125;977005
2;05-03-2025 00:55:07.057;04-03-2025 17:31:48.308;26598749
2;05-03-2025 00:55:09.493;04-03-2025 17:31:48.308;26601185
2;05-03-2025 00:55:16.079;04-03-2025 17:31:48.308;26607771
0;05-03-2025 00:55:16.711;05-03-2025 00:38:48.125;988586
0;05-03-2025 00:55:24.015;05-03-2025 00:38:48.125;995890
0;05-03-2025 00:55:24.183;05-03-2025 00:38:48.125;996058
2;05-03-2025 00:55:26.897;04-03-2025 17:31:48.308;26618589
2;05-03-2025 00:55:27.329;04-03-2025 17:31:48.308;26619021
0;05-03-2025 00:55:31.818;05-03-2025 00:38:48.125;1003693
0;05-03-2025 00:55:32.055;05-03-2025 00:38:48.125;1003930
2;05-03-2025 00:55:34.846;04-03-2025 17:31:48.308;26626538
2;05-03-2025 00:55:37.384;04-03-2025 17:31:48.308;26629076
0;05-03-2025 00:55:40.272;05-03-2025 00:38:48.125;1012147
0;05-03-2025 00:55:40.711;05-03-2025 00:38:48.125;1012586
0;05-03-2025 00:55:40.940;05-03-2025 00:38:48.125;1012815
2;05-03-2025 00:55:43.359;04-03-2025 17:31:48.308;26635051
2;05-03-2025 00:55:43.737;04-03-2025 17:31:48.308;26635429
0;05-03-2025 00:55:44.111;05-03-2025 00:38:48.125;1015986
2;05-03-2025 00:55:50.480;04-03-2025 17:31:48.308;26642172
2;05-03-2025 00:55:58.732;04-03-2025 17:31:48.308;26650424
2;05-03-2025 00:55:59.900;04-03-2025 17:31:48.308;26651592
0;05-03-2025 00:56:11.498;05-03-2025 00:38:48.125;1043373
2;05-03-2025 00:56:12.005;04-03-2025 17:31:48.308;26663697
2;05-03-2025 00:56:12.261;04-03-2025 17:31:48.308;26663953
2;05-03-2025 00:56:12.558;04-03-2025 17:31:48.308;26664250
0;05-03-2025 00:56:13.091;05-03-2025 00:38:48.125;1044966
0;05-03-2025 00:56:15.220;05-03-2025 00:38:48.125;1047095
2;05-03-2025 00:56:15.820;04-03-2025 17:31:48.308;26667512
0;05-03-2025 00:56:16.761;05-03-2025 00:38:48.125;1048636
0;05-03-2025 00:56:18.884;05-03-2025 00:38:48.125;1050759
0;05-03-2025 00:56:21.432;05-03-2025 00:38:48.125;1053307
0;05-03-2025 00:56:23.190;05-03-2025 00:38:48.125;1055065
2;05-03-2025 00:56:23.690;04-03-2025 17:31:48.308;26675382
2;05-03-2025 00:56:33.712;04-03-2025 17:31:48.308;26685404
0;05-03-2025 00:56:34.931;05-03-2025 00:38:48.125;1066806
2;05-03-2025 00:56:36.602;04-03-2025 17:31:48.308;26688294
2;05-03-2025 00:56:42.903;04-03-2025 17:31:48.308;26694595
2;05-03-2025 00:56:45.029;04-03-2025 17:31:48.308;26696721
0;05-03-2025 00:56:46.065;05-03-2025 00:38:48.125;1077940
0;05-03-2025 00:56:48.225;05-03-2025 00:38:48.125;1080100
2;05-03-2025 00:56:48.903;04-03-2025 17:31:48.308;26700595
2;05-03-2025 00:56:50.374;04-03-2025 17:31:48.308;26702066
0;05-03-2025 00:56:50.949;05-03-2025 00:38:48.125;1082824
0;05-03-2025 00:56:57.490;05-03-2025 00:38:48.125;1089365
0;05-03-2025 00:57:02.073;05-03-2025 00:38:48.125;1093948
2;05-03-2025 00:57:05.160;04-03-2025 17:31:48.308;26716852
2;05-03-2025 00:57:05.282;04-03-2025 17:31:48.308;26716974
2;05-03-2025 00:57:10.151;04-03-2025 17:31:48.308;26721843
0;05-03-2025 00:57:12.257;05-03-2025 00:38:48.125;1104132
2;05-03-2025 00:57:13.730;04-03-2025 17:31:48.308;26725422
0;05-03-2025 00:57:13.786;05-03-2025 00:38:48.125;1105661
2;05-03-2025 00:57:15.785;04-03-2025 17:31:48.308;26727477
2;05-03-2025 00:57:19.221;04-03-2025 17:31:48.308;26730913
0;05-03-2025 00:57:24.239;05-03-2025 00:38:48.125;1116114
0;05-03-2025 00:57:24.452;05-03-2025 00:38:48.125;1116327
2;05-03-2025 00:57:25.400;04-03-2025 17:31:48.308;26737092
0;05-03-2025 00:57:28.254;05-03-2025 00:38:48.125;1120129
0;05-03-2025 00:57:29.464;05-03-2025 00:38:48.125;1121339
2;05-03-2025 00:57:31.237;04-03-2025 17:31:48.308;26742929
2;05-03-2025 00:57:32.284;04-03-2025 17:31:48.308;26743976
0;05-03-2025 00:57:35.467;05-03-2025 00:38:48.125;1127342
0;05-03-2025 00:57:43.240;05-03-2025 00:38:48.125;1135115
0;05-03-2025 00:57:45.787;05-03-2025 00:38:48.125;1137662
2;05-03-2025 00:57:46.061;04-03-2025 17:31:48.308;26757753
0;05-03-2025 00:57:46.121;05-03-2025 00:38:48.125;1137996
0;05-03-2025 00:57:46.816;05-03-2025 00:38:48.125;1138691
2;05-03-2025 00:57:52.477;04-03-2025 17:31:48.308;26764169
2;05-03-2025 00:57:55.584;04-03-2025 17:31:48.308;26767276
2;05-03-2025 00:57:58.076;04-03-2025 17:31:48.308;26769768
0;05-03-2025 00:57:58.635;05-03-2025 00:38:48.125;1150510
2;05-03-2025 00:58:02.659;04-03-2025 17:31:48.308;26774351
2;05-03-2025 00:58:04.749;04-03-2025 17:31:48.308;26776441
0;05-03-2025 00:58:05.103;05-03-2025 00:38:48.125;1156978
0;05-03-2025 00:58:05.488;05-03-2025 00:38:48.125;1157363
2;05-03-2025 00:58:07.176;04-03-2025 17:31:48.308;26778868
0;05-03-2025 00:58:18.716;05-03-2025 00:38:48.125;1170591
2;05-03-2025 00:58:21.116;04-03-2025 17:31:48.308;26792808
0;05-03-2025 00:58:23.791;05-03-2025 00:38:48.125;1175666
0;05-03-2025 00:58:24.571;05-03-2025 00:38:48.125;1176446
0;05-03-2025 00:58:28.071;05-03-2025 00:38:48.125;1179946
0;05-03-2025 00:58:35.456;05-03-2025 00:38:48.125;1187331
2;05-03-2025 00:58:37.972;04-03-2025 17:31:48.308;26809664
2;05-03-2025 00:58:38.664;04-03-2025 17:31:48.308;26810356
0;05-03-2025 00:58:40.059;05-03-2025 00:38:48.125;1191934
2;05-03-2025 00:58:42.736;04-03-2025 17:31:48.308;26814428
2;05-03-2025 00:58:43.304;04-03-2025 17:31:48.308;26814996
2;05-03-2025 00:58:43.915;04-03-2025 17:31:48.308;26815607
0;05-03-2025 00:58:44.544;05-03-2025 00:38:48.125;1196419
2;05-03-2025 00:58:46.361;04-03-2025 17:31:48.308;26818053
2;05-03-2025 00:58:50.574;04-03-2025 17:31:48.308;26822266
0;05-03-2025 00:59:00.430;05-03-2025 00:38:48.125;1212305
0;05-03-2025 00:59:00.455;05-03-2025 00:38:48.125;1212330
2;05-03-2025 00:59:05.294;04-03-2025 17:31:48.308;26836986
2;05-03-2025 00:59:09.744;04-03-2025 17:31:48.308;26841436
0;05-03-2025 00:59:09.842;05-03-2025 00:38:48.125;1221717
0;05-03-2025 00:59:10.456;05-03-2025 00:38:48.125;1222331
0;05-03-2025 00:59:13.151;05-03-2025 00:38:48.125;1225026
0;05-03-2025 00:59:16.171;05-03-2025 00:38:48.125;1228046
0;05-03-2025 00:59:17.956;05-03-2025 00:38:48.125;1229831
0;05-03-2025 00:59:20.658;05-03-2025 00:38:48.125;1232533
2;05-03-2025 00:59:20.719;04-03-2025 17:31:48.308;26852411
2;05-03-2025 00:59:25.755;04-03-2025 17:31:48.308;26857447
2;05-03-2025 00:59:27.842;04-03-2025 17:31:48.308;26859534
2;05-03-2025 00:59:27.937;04-03-2025 17:31:48.308;26859629
2;05-03-2025 00:59:28.143;04-03-2025 17:31:48.308;26859835
0;05-03-2025 00:59:30.670;05-03-2025 00:38:48.125;1242545
0;05-03-2025 00:59:31.025;05-03-2025 00:38:48.125;1242900
2;05-03-2025 00:59:31.443;04-03-2025 17:31:48.308;26863135
2;05-03-2025 00:59:34.825;04-03-2025 17:31:48.308;26866517
0;05-03-2025 00:59:44.244;05-03-2025 00:38:48.125;1256119
0;05-03-2025 00:59:46.979;05-03-2025 00:38:48.125;1258854
0;05-03-2025 00:59:51.241;05-03-2025 00:38:48.125;1263116
2;05-03-2025 00:59:53.119;04-03-2025 17:31:48.308;26884811
2;05-03-2025 00:59:56.666;04-03-2025 17:31:48.308;26888358
2;05-03-2025 01:00:02.920;04-03-2025 17:31:48.308;26894612
0;05-03-2025 01:00:05.578;05-03-2025 00:38:48.125;1277453
2;05-03-2025 01:00:08.574;04-03-2025 17:31:48.308;26900266
0;05-03-2025 01:00:09.701;05-03-2025 00:38:48.125;1281576
0;05-03-2025 01:00:09.762;05-03-2025 00:38:48.125;1281637
2;05-03-2025 01:00:11.284;04-03-2025 17:31:48.308;26902976
0;05-03-2025 01:00:12.860;05-03-2025 00:38:48.125;1284735
0;05-03-2025 01:00:14.343;05-03-2025 00:38:48.125;1286218
2;05-03-2025 01:00:14.419;04-03-2025 17:31:48.308;26906111
0;05-03-2025 01:00:19.407;05-03-2025 00:38:48.125;1291282
2;05-03-2025 01:00:19.435;04-03-2025 17:31:48.308;26911127
0;05-03-2025 01:00:19.470;05-03-2025 00:38:48.125;1291345
2;05-03-2025 01:00:21.406;04-03-2025 17:31:48.308;26913098
2;05-03-2025 01:00:23.705;04-03-2025 17:31:48.308;26915397
0;05-03-2025 01:00:28.426;05-03-2025 00:38:48.125;1300301
2;05-03-2025 01:00:33.855;04-03-2025 17:31:48.308;26925547
0;05-03-2025 01:00:33.867;05-03-2025 00:38:48.125;1305742
2;05-03-2025 01:00:34.373;04-03-2025 17:31:48.308;26926065
2;05-03-2025 01:00:39.029;04-03-2025 17:31:48.308;26930721
2;05-03-2025 01:00:41.593;04-03-2025 17:31:48.308;26933285
0;05-03-2025 01:00:44.008;05-03-2025 00:38:48.125;1315883
2;05-03-2025 01:00:45.255;04-03-2025 17:31:48.308;26936947
0;05-03-2025 01:00:46.330;05-03-2025 00:38:48.125;1318205
0;05-03-2025 01:00:51.516;05-03-2025 00:38:48.125;1323391
0;05-03-2025 01:01:00.272;05-03-2025 00:38:48.125;1332147
0;05-03-2025 01:01:00.803;05-03-2025 00:38:48.125;1332678
2;05-03-2025 01:01:06.417;04-03-2025 17:31:48.308;26958109
0;05-03-2025 01:01:06.583;05-03-2025 00:38:48.125;1338458
2;05-03-2025 01:01:06.917;04-03-2025 17:31:48.308;26958609
2;05-03-2025 01:01:10.428;04-03-2025 17:31:48.308;26962120
0;05-03-2025 01:01:10.498;05-03-2025 00:38:48.125;1342373
0;05-03-2025 01:01:10.633;05-03-2025 00:38:48.125;1342508
2;05-03-2025 01:01:11.025;04-03-2025 17:31:48.308;26962717
0;05-03-2025 01:01:12.068;05-03-2025 00:38:48.125;1343943
2;05-03-2025 01:01:13.666;04-03-2025 17:31:48.308;26965358
2;05-03-2025 01:01:15.509;04-03-2025 17:31:48.308;26967201
0;05-03-2025 01:01:16.067;05-03-2025 00:38:48.125;1347942
2;05-03-2025 01:01:20.004;04-03-2025 17:31:48.308;26971696
0;05-03-2025 01:01:23.665;05-03-2025 00:38:48.125;1355540
0;05-03-2025 01:01:26.965;05-03-2025 00:38:48.125;1358840
2;05-03-2025 01:01:30.707;04-03-2025 17:31:48.308;26982399
0;05-03-2025 01:01:32.505;05-03-2025 00:38:48.125;1364380
2;05-03-2025 01:01:35.748;04-03-2025 17:31:48.308;26987440
2;05-03-2025 01:01:39.921;04-03-2025 17:31:48.308;26991613
0;05-03-2025 01:01:47.787;05-03-2025 00:38:48.125;1379662
2;05-03-2025 01:01:51.531;04-03-2025 17:31:48.308;27003223
2;05-03-2025 01:01:51.904;04-03-2025 17:31:48.308;27003596
2;05-03-2025 01:01:53.369;04-03-2025 17:31:48.308;27005061
2;05-03-2025 01:01:55.870;04-03-2025 17:31:48.308;27007562
0;05-03-2025 01:02:00.346;05-03-2025 00:38:48.125;1392221
0;05-03-2025 01:02:02.192;05-03-2025 00:38:48.125;1394067
2;05-03-2025 01:02:05.205;04-03-2025 17:31:48.308;27016897
0;05-03-2025 01:02:08.644;05-03-2025 00:38:48.125;1400519
0;05-03-2025 01:02:09.578;05-03-2025 00:38:48.125;1401453
0;05-03-2025 01:02:12.000;05-03-2025 00:38:48.125;1403875
0;05-03-2025 01:02:14.316;05-03-2025 00:38:48.125;1406191
0;05-03-2025 01:02:15.072;05-03-2025 00:38:48.125;1406947
2;05-03-2025 01:02:19.139;04-03-2025 17:31:48.308;27030831
2;05-03-2025 01:02:24.815;04-03-2025 17:31:48.308;27036507
2;05-03-2025 01:02:24.930;04-03-2025 17:31:48.308;27036622
0;05-03-2025 01:02:25.756;05-03-2025 00:38:48.125;1417631
2;05-03-2025 01:02:25.819;04-03-2025 17:31:48.308;27037511
2;05-03-2025 01:02:26.328;04-03-2025 17:31:48.308;27038020
0;05-03-2025 01:02:27.539;05-03-2025 00:38:48.125;1419414
0;05-03-2025 01:02:29.312;05-03-2025 00:38:48.125;1421187
0;05-03-2025 01:02:29.465;05-03-2025 00:38:48.125;1421340
2;05-03-2025 01:02:29.868;04-03-2025 17:31:48.308;27041560
2;05-03-2025 01:02:34.930;04-03-2025 17:31:48.308;27046622
0;05-03-2025 01:02:40.511;05-03-2025 00:38:48.125;1432386
0;05-03-2025 01:02:40.745;05-03-2025 00:38:48.125;1432620
2;05-03-2025 01:02:45.627;04-03-2025 17:31:48.308;27057319
2;05-03-2025 01:02:45.818;04-03-2025 17:31:48.308;27057510
2;05-03-2025 01:02:50.844;04-03-2025 17:31:48.308;27062536
0;05-03-2025 01:02:53.790;05-03-2025 00:38:48.125;1445665
0;05-03-2025 01:02:54.971;05-03-2025 00:38:48.125;1446846
0;05-03-2025 01:03:00.153;05-03-2025 00:38:48.125;1452028
2;05-03-2025 01:03:00.348;04-03-2025 17:31:48.308;27072040
2;05-03-2025 01:03:02.596;04-03-2025 17:31:48.308;27074288
2;05-03-2025 01:03:05.982;04-03-2025 17:31:48.308;27077674
0;05-03-2025 01:03:08.630;05-03-2025 00:38:48.125;1460505
2;05-03-2025 01:03:09.130;04-03-2025 17:31:48.308;27080822
2;05-03-2025 01:03:17.910;04-03-2025 17:31:48.308;27089602
2;05-03-2025 01:03:18.770;04-03-2025 17:31:48.308;27090462
0;05-03-2025 01:03:20.014;05-03-2025 00:38:48.125;1471889
0;05-03-2025 01:03:22.601;05-03-2025 00:38:48.125;1474476
0;05-03-2025 01:03:22.716;05-03-2025 00:38:48.125;1474591
0;05-03-2025 01:03:23.464;05-03-2025 00:38:48.125;1475339
2;05-03-2025 01:03:24.685;04-03-2025 17:31:48.308;27096377
2;05-03-2025 01:03:29.677;04-03-2025 17:31:48.308;27101369
2;05-03-2025 01:03:32.758;04-03-2025 17:31:48.308;27104450
2;05-03-2025 01:03:36.589;04-03-2025 17:31:48.308;27108281
0;05-03-2025 01:03:40.461;05-03-2025 00:38:48.125;1492336
2;05-03-2025 01:03:41.742;04-03-2025 17:31:48.308;27113434
0;05-03-2025 01:03:42.604;05-03-2025 00:38:48.125;1494479
0;05-03-2025 01:03:50.746;05-03-2025 00:38:48.125;1502621
0;05-03-2025 01:03:51.610;05-03-2025 00:38:48.125;1503485
2;05-03-2025 01:03:51.950;04-03-2025 17:31:48.308;27123642
2;05-03-2025 01:03:55.763;04-03-2025 17:31:48.308;27127455
2;05-03-2025 01:03:58.702;04-03-2025 17:31:48.308;27130394
0;05-03-2025 01:03:59.015;05-03-2025 00:38:48.125;1510890
2;05-03-2025 01:04:00.377;04-03-2025 17:31:48.308;27132069
0;05-03-2025 01:04:00.810;05-03-2025 00:38:48.125;1512685
0;05-03-2025 01:04:04.310;05-03-2025 00:38:48.125;1516185
0;05-03-2025 01:04:08.103;05-03-2025 00:38:48.125;1519978
2;05-03-2025 01:04:10.640;04-03-2025 17:31:48.308;27142332
2;05-03-2025 01:04:26.821;04-03-2025 17:31:48.308;27158513
0;05-03-2025 01:04:29.034;05-03-2025 00:38:48.125;1540909
2;05-03-2025 01:04:29.421;04-03-2025 17:31:48.308;27161113
0;05-03-2025 01:04:30.546;05-03-2025 00:38:48.125;1542421
0;05-03-2025 01:04:30.723;05-03-2025 00:38:48.125;1542598
2;05-03-2025 01:04:33.548;04-03-2025 17:31:48.308;27165240
0;05-03-2025 01:04:33.675;05-03-2025 00:38:48.125;1545550
0;05-03-2025 01:04:35.800;05-03-2025 00:38:48.125;1547675
2;05-03-2025 01:04:40.223;04-03-2025 17:31:48.308;27171915
0;05-03-2025 01:04:40.763;05-03-2025 00:38:48.125;1552638
0;05-03-2025 01:04:42.174;05-03-2025 00:38:48.125;1554049
2;05-03-2025 01:04:44.877;04-03-2025 17:31:48.308;27176569
2;05-03-2025 01:04:48.575;04-03-2025 17:31:48.308;27180267
2;05-03-2025 01:04:48.589;04-03-2025 17:31:48.308;27180281
2;05-03-2025 01:04:50.018;04-03-2025 17:31:48.308;27181710
0;05-03-2025 01:04:50.521;05-03-2025 00:38:48.125;1562396
2;05-03-2025 01:04:51.568;04-03-2025 17:31:48.308;27183260
0;05-03-2025 01:04:55.405;05-03-2025 00:38:48.125;1567280
0;05-03-2025 01:04:58.888;05-03-2025 00:38:48.125;1570763
2;05-03-2025 01:05:01.000;04-03-2025 17:31:48.308;27192692
2;05-03-2025 01:05:01.144;04-03-2025 17:31:48.308;27192836
2;05-03-2025 01:05:04.597;04-03-2025 17:31:48.308;27196289
0;05-03-2025 01:05:05.063;05-03-2025 00:38:48.125;1576938
0;05-03-2025 01:05:15.011;05-03-2025 00:38:48.125;1586886
0;05-03-2025 01:05:24.544;05-03-2025 00:38:48.125;1596419
0;05-03-2025 01:05:25.053;05-03-2025 00:38:48.125;1596928
2;05-03-2025 01:05:25.950;04-03-2025 17:31:48.308;27217642
2;05-03-2025 01:05:27.215;04-03-2025 17:31:48.308;27218907
0;05-03-2025 01:05:29.335;05-03-2025 00:38:48.125;1601210
2;05-03-2025 01:05:30.651;04-03-2025 17:31:48.308;27222343
0;05-03-2025 01:05:30.684;05-03-2025 00:38:48.125;1602559
0;05-03-2025 01:05:31.174;05-03-2025 00:38:48.125;1603049
2;05-03-2025 01:05:32.464;04-03-2025 17:31:48.308;27224156
2;05-03-2025 01:05:33.032;04-03-2025 17:31:48.308;27224724
2;05-03-2025 01:05:36.784;04-03-2025 17:31:48.308;27228476
0;05-03-2025 01:05:38.346;05-03-2025 00:38:48.125;1610221
0;05-03-2025 01:05:40.329;05-03-2025 00:38:48.125;1612204
2;05-03-2025 01:05:42.778;04-03-2025 17:31:48.308;27234470
0;05-03-2025 01:05:44.720;05-03-2025 00:38:48.125;1616595
2;05-03-2025 01:05:48.274;04-03-2025 17:31:48.308;27239966
2;05-03-2025 01:05:50.066;04-03-2025 17:31:48.308;27241758
0;05-03-2025 01:05:50.346;05-03-2025 00:38:48.125;1622221
0;05-03-2025 01:06:01.964;05-03-2025 00:38:48.125;1633839
2;05-03-2025 01:06:03.284;04-03-2025 17:31:48.308;27254976
2;05-03-2025 01:06:06.605;04-03-2025 17:31:48.308;27258297
0;05-03-2025 01:06:08.374;05-03-2025 00:38:48.125;1640249
2;05-03-2025 01:06:12.766;04-03-2025 17:31:48.308;27264458
2;05-03-2025 01:06:13.066;04-03-2025 17:31:48.308;27264758
0;05-03-2025 01:06:15.383;05-03-2025 00:38:48.125;1647258
0;05-03-2025 01:06:21.383;05-03-2025 00:38:48.125;1653258
0;05-03-2025 01:06:22.619;05-03-2025 00:38:48.125;1654494
0;05-03-2025 01:06:22.809;05-03-2025 00:38:48.125;1654684
0;05-03-2025 01:06:25.913;05-03-2025 00:38:48.125;1657788
2;05-03-2025 01:06:29.654;04-03-2025 17:31:48.308;27281346
2;05-03-2025 01:06:30.477;04-03-2025 17:31:48.308;27282169
2;05-03-2025 01:06:34.928;04-03-2025 17:31:48.308;27286620
2;05-03-2025 01:06:38.655;04-03-2025 17:31:48.308;27290347
0;05-03-2025 01:06:39.391;05-03-2025 00:38:48.125;1671266
0;05-03-2025 01:06:41.423;05-03-2025 00:38:48.125;1673298
2;05-03-2025 01:06:42.565;04-03-2025 17:31:48.308;27294257
0;05-03-2025 01:06:47.995;05-03-2025 00:38:48.125;1679870
2;05-03-2025 01:06:49.589;04-03-2025 17:31:48.308;27301281
0;05-03-2025 01:06:54.479;05-03-2025 00:38:48.125;1686354
0;05-03-2025 01:07:00.703;05-03-2025 00:38:48.125;1692578
2;05-03-2025 01:07:03.473;04-03-2025 17:31:48.308;27315165
2;05-03-2025 01:07:04.663;04-03-2025 17:31:48.308;27316355
0;05-03-2025 01:07:05.793;05-03-2025 00:38:48.125;1697668
2;05-03-2025 01:07:06.531;04-03-2025 17:31:48.308;27318223
0;05-03-2025 01:07:08.634;05-03-2025 00:38:48.125;1700509
0;05-03-2025 01:07:09.026;05-03-2025 00:38:48.125;1700901
2;05-03-2025 01:07:11.454;04-03-2025 17:31:48.308;27323146
0;05-03-2025 01:07:11.484;05-03-2025 00:38:48.125;1703359
0;05-03-2025 01:07:16.959;05-03-2025 00:38:48.125;1708834
2;05-03-2025 01:07:17.353;04-03-2025 17:31:48.308;27329045
2;05-03-2025 01:07:19.133;04-03-2025 17:31:48.308;27330825
2;05-03-2025 01:07:21.662;04-03-2025 17:31:48.308;27333354
0;05-03-2025 01:07:22.354;05-03-2025 00:38:48.125;1714229
2;05-03-2025 01:07:25.608;04-03-2025 17:31:48.308;27337300
0;05-03-2025 01:07:28.826;05-03-2025 00:38:48.125;1720701
0;05-03-2025 01:07:30.336;05-03-2025 00:38:48.125;1722211
0;05-03-2025 01:07:31.465;05-03-2025 00:38:48.125;1723340
0;05-03-2025 01:07:33.012;05-03-2025 00:38:48.125;1724887
2;05-03-2025 01:07:35.685;04-03-2025 17:31:48.308;27347377
2;05-03-2025 01:07:36.051;04-03-2025 17:31:48.308;27347743
2;05-03-2025 01:07:39.369;04-03-2025 17:31:48.308;27351061
0;05-03-2025 01:07:48.776;05-03-2025 00:38:48.125;1740651
2;05-03-2025 01:07:49.773;04-03-2025 17:31:48.308;27361465
2;05-03-2025 01:07:58.213;04-03-2025 17:31:48.308;27369905
0;05-03-2025 01:07:59.829;05-03-2025 00:38:48.125;1751704
0;05-03-2025 01:08:01.748;05-03-2025 00:38:48.125;1753623
0;05-03-2025 01:08:03.558;05-03-2025 00:38:48.125;1755433
0;05-03-2025 01:08:06.646;05-03-2025 00:38:48.125;1758521
2;05-03-2025 01:08:07.721;04-03-2025 17:31:48.308;27379413
0;05-03-2025 01:08:08.698;05-03-2025 00:38:48.125;1760573
2;05-03-2025 01:08:10.156;04-03-2025 17:31:48.308;27381848
2;05-03-2025 01:08:15.122;04-03-2025 17:31:48.308;27386814
2;05-03-2025 01:08:19.838;04-03-2025 17:31:48.308;27391530
0;05-03-2025 01:08:21.744;05-03-2025 00:38:48.125;1773619
0;05-03-2025 01:08:26.628;05-03-2025 00:38:48.125;1778503
2;05-03-2025 01:08:27.789;04-03-2025 17:31:48.308;27399481
0;05-03-2025 01:08:30.508;05-03-2025 00:38:48.125;1782383
2;05-03-2025 01:08:31.250;04-03-2025 17:31:48.308;27402942
0;05-03-2025 01:08:31.819;05-03-2025 00:38:48.125;1783694
0;05-03-2025 01:08:32.446;05-03-2025 00:38:48.125;1784321
2;05-03-2025 01:08:33.274;04-03-2025 17:31:48.308;27404966
2;05-03-2025 01:08:39.786;04-03-2025 17:31:48.308;27411478
0;05-03-2025 01:08:43.709;05-03-2025 00:38:48.125;1795584
2;05-03-2025 01:08:44.084;04-03-2025 17:31:48.308;27415776
0;05-03-2025 01:08:45.154;05-03-2025 00:38:48.125;1797029
2;05-03-2025 01:08:45.245;04-03-2025 17:31:48.308;27416937
0;05-03-2025 01:08:48.523;05-03-2025 00:38:48.125;1800398
0;05-03-2025 01:08:48.619;05-03-2025 00:38:48.125;1800494
2;05-03-2025 01:08:51.466;04-03-2025 17:31:48.308;27423158
2;05-03-2025 01:08:53.748;04-03-2025 17:31:48.308;27425440
2;05-03-2025 01:08:55.192;04-03-2025 17:31:48.308;27426884
0;05-03-2025 01:08:57.100;05-03-2025 00:38:48.125;1808975
0;05-03-2025 01:09:07.171;05-03-2025 00:38:48.125;1819046
0;05-03-2025 01:09:10.182;05-03-2025 00:38:48.125;1822057
2;05-03-2025 01:09:11.226;04-03-2025 17:31:48.308;27442918
2;05-03-2025 01:09:11.277;04-03-2025 17:31:48.308;27442969
2;05-03-2025 01:09:18.774;04-03-2025 17:31:48.308;27450466
0;05-03-2025 01:09:22.936;05-03-2025 00:38:48.125;1834811
2;05-03-2025 01:09:23.490;04-03-2025 17:31:48.308;27455182
0;05-03-2025 01:09:24.031;05-03-2025 00:38:48.125;1835906
2;05-03-2025 01:09:25.086;04-03-2025 17:31:48.308;27456778
0;05-03-2025 01:09:25.102;05-03-2025 00:38:48.125;1836977
2;05-03-2025 01:09:26.367;04-03-2025 17:31:48.308;27458059
2;05-03-2025 01:09:27.112;04-03-2025 17:31:48.308;27458804
0;05-03-2025 01:09:37.318;05-03-2025 00:38:48.125;1849193
0;05-03-2025 01:09:39.128;05-03-2025 00:38:48.125;1851003
2;05-03-2025 01:09:39.545;04-03-2025 17:31:48.308;27471237
0;05-03-2025 01:09:41.309;05-03-2025 00:38:48.125;1853184
2;05-03-2025 01:09:46.242;04-03-2025 17:31:48.308;27477934
2;05-03-2025 01:09:46.541;04-03-2025 17:31:48.308;27478233
0;05-03-2025 01:09:47.432;05-03-2025 00:38:48.125;1859307
2;05-03-2025 01:09:54.617;04-03-2025 17:31:48.308;27486309
0;05-03-2025 01:09:58.078;05-03-2025 00:38:48.125;1869953
2;05-03-2025 01:10:01.641;04-03-2025 17:31:48.308;27493333
2;05-03-2025 01:10:01.693;04-03-2025 17:31:48.308;27493385
2;05-03-2025 01:10:01.999;04-03-2025 17:31:48.308;27493691
0;05-03-2025 01:10:04.906;05-03-2025 00:38:48.125;1876781
0;05-03-2025 01:10:08.468;05-03-2025 00:38:48.125;1880343
2;05-03-2025 01:10:09.430;04-03-2025 17:31:48.308;27501122
0;05-03-2025 01:10:16.092;05-03-2025 00:38:48.125;1887967
0;05-03-2025 01:10:18.793;05-03-2025 00:38:48.125;1890668
0;05-03-2025 01:10:19.250;05-03-2025 00:38:48.125;1891125
2;05-03-2025 01:10:24.147;04-03-2025 17:31:48.308;27515839
0;05-03-2025 01:10:27.569;05-03-2025 00:38:48.125;1899444
2;05-03-2025 01:10:29.154;04-03-2025 17:31:48.308;27520846
2;05-03-2025 01:10:31.448;04-03-2025 17:31:48.308;27523140
0;05-03-2025 01:10:32.420;05-03-2025 00:38:48.125;1904295
2;05-03-2025 01:10:33.629;04-03-2025 17:31:48.308;27525321
0;05-03-2025 01:10:36.716;05-03-2025 00:38:48.125;1908591
0;05-03-2025 01:10:38.578;05-03-2025 00:38:48.125;1910453
2;05-03-2025 01:10:39.695;04-03-2025 17:31:48.308;27531387
0;05-03-2025 01:10:41.127;05-03-2025 00:38:48.125;1913002
2;05-03-2025 01:10:41.143;04-03-2025 17:31:48.308;27532835
2;05-03-2025 01:10:41.437;04-03-2025 17:31:48.308;27533129
2;05-03-2025 01:10:50.690;04-03-2025 17:31:48.308;27542382
0;05-03-2025 01:10:50.896;05-03-2025 00:38:48.125;1922771
0;05-03-2025 01:10:51.414;05-03-2025 00:38:48.125;1923289
2;05-03-2025 01:10:51.542;04-03-2025 17:31:48.308;27543234
0;05-03-2025 01:10:55.918;05-03-2025 00:38:48.125;1927793
0;05-03-2025 01:10:58.617;05-03-2025 00:38:48.125;1930492
2;05-03-2025 01:11:08.899;04-03-2025 17:31:48.308;27560591
2;05-03-2025 01:11:14.984;04-03-2025 17:31:48.308;27566676
0;05-03-2025 01:11:17.427;05-03-2025 00:38:48.125;1949302
2;05-03-2025 01:11:18.421;04-03-2025 17:31:48.308;27570113
0;05-03-2025 01:11:19.892;05-03-2025 00:38:48.125;1951767
0;05-03-2025 01:11:21.290;05-03-2025 00:38:48.125;1953165
2;05-03-2025 01:11:22.490;04-03-2025 17:31:48.308;27574182
2;05-03-2025 01:11:25.165;04-03-2025 17:31:48.308;27576857
0;05-03-2025 01:11:29.213;05-03-2025 00:38:48.125;1961088
0;05-03-2025 01:11:29.229;05-03-2025 00:38:48.125;1961104
2;05-03-2025 01:11:30.329;04-03-2025 17:31:48.308;27582021
0;05-03-2025 01:11:32.405;05-03-2025 00:38:48.125;1964280
2;05-03-2025 01:11:39.310;04-03-2025 17:31:48.308;27591002
2;05-03-2025 01:11:40.039;04-03-2025 17:31:48.308;27591731
0;05-03-2025 01:11:41.191;05-03-2025 00:38:48.125;1973066
0;05-03-2025 01:11:42.847;05-03-2025 00:38:48.125;1974722
2;05-03-2025 01:11:43.517;04-03-2025 17:31:48.308;27595209
0;05-03-2025 01:11:50.813;05-03-2025 00:38:48.125;1982688
0;05-03-2025 01:11:55.068;05-03-2025 00:38:48.125;1986943
2;05-03-2025 01:11:58.083;04-03-2025 17:31:48.308;27609775
2;05-03-2025 01:11:59.834;04-03-2025 17:31:48.308;27611526
0;05-03-2025 01:12:06.392;05-03-2025 00:38:48.125;1998267
2;05-03-2025 01:12:06.922;04-03-2025 17:31:48.308;27618614
0;05-03-2025 01:12:10.518;05-03-2025 00:38:48.125;2002393
2;05-03-2025 01:12:14.815;04-03-2025 17:31:48.308;27626507
2;05-03-2025 01:12:16.202;04-03-2025 17:31:48.308;27627894
0;05-03-2025 01:12:19.213;05-03-2025 00:38:48.125;2011088
0;05-03-2025 01:12:19.688;05-03-2025 00:38:48.125;2011563
0;05-03-2025 01:12:20.785;05-03-2025 00:38:48.125;2012660
0;05-03-2025 01:12:24.069;05-03-2025 00:38:48.125;2015944
2;05-03-2025 01:12:24.931;04-03-2025 17:31:48.308;27636623
2;05-03-2025 01:12:28.656;04-03-2025 17:31:48.308;27640348
0;05-03-2025 01:12:29.223;05-03-2025 00:38:48.125;2021098
2;05-03-2025 01:12:30.139;04-03-2025 17:31:48.308;27641831
2;05-03-2025 01:12:31.613;04-03-2025 17:31:48.308;27643305
2;05-03-2025 01:12:31.742;04-03-2025 17:31:48.308;27643434
0;05-03-2025 01:12:32.773;05-03-2025 00:38:48.125;2024648
2;05-03-2025 01:12:35.957;04-03-2025 17:31:48.308;27647649
0;05-03-2025 01:12:42.421;05-03-2025 00:38:48.125;2034296
0;05-03-2025 01:12:42.570;05-03-2025 00:38:48.125;2034445
0;05-03-2025 01:12:49.746;05-03-2025 00:38:48.125;2041621
2;05-03-2025 01:12:50.426;04-03-2025 17:31:48.308;27662118
0;05-03-2025 01:12:50.577;05-03-2025 00:38:48.125;2042452
0;05-03-2025 01:12:58.452;05-03-2025 00:38:48.125;2050327
2;05-03-2025 01:12:58.651;04-03-2025 17:31:48.308;27670343
2;05-03-2025 01:12:59.258;04-03-2025 17:31:48.308;27670950
0;05-03-2025 01:13:00.390;05-03-2025 00:38:48.125;2052265
2;05-03-2025 01:13:02.770;04-03-2025 17:31:48.308;27674462
2;05-03-2025 01:13:03.802;04-03-2025 17:31:48.308;27675494
0;05-03-2025 01:13:08.788;05-03-2025 00:38:48.125;2060663
2;05-03-2025 01:13:09.192;04-03-2025 17:31:48.308;27680884
0;05-03-2025 01:13:14.824;05-03-2025 00:38:48.125;2066699
0;05-03-2025 01:13:20.412;05-03-2025 00:38:48.125;2072287
2;05-03-2025 01:13:21.516;04-03-2025 17:31:48.308;27693208
0;05-03-2025 01:13:26.156;05-03-2025 00:38:48.125;2078031
0;05-03-2025 01:13:26.245;05-03-2025 00:38:48.125;2078120
2;05-03-2025 01:13:27.269;04-03-2025 17:31:48.308;27698961
0;05-03-2025 01:13:27.951;05-03-2025 00:38:48.125;2079826
2;05-03-2025 01:13:28.080;04-03-2025 17:31:48.308;27699772
2;05-03-2025 01:13:28.984;04-03-2025 17:31:48.308;27700676
0;05-03-2025 01:13:29.003;05-03-2025 00:38:48.125;2080878
2;05-03-2025 01:13:30.271;04-03-2025 17:31:48.308;27701963
2;05-03-2025 01:13:39.023;04-03-2025 17:31:48.308;27710715
0;05-03-2025 01:13:43.070;05-03-2025 00:38:48.125;2094945
2;05-03-2025 01:13:43.669;04-03-2025 17:31:48.308;27715361
2;05-03-2025 01:13:48.928;04-03-2025 17:31:48.308;27720620
2;05-03-2025 01:13:54.576;04-03-2025 17:31:48.308;27726268
2;05-03-2025 01:13:55.408;04-03-2025 17:31:48.308;27727100
0;05-03-2025 01:13:59.461;05-03-2025 00:38:48.125;2111336
0;05-03-2025 01:13:59.885;05-03-2025 00:38:48.125;2111760
0;05-03-2025 01:14:03.562;05-03-2025 00:38:48.125;2115437
0;05-03-2025 01:14:04.076;05-03-2025 00:38:48.125;2115951
0;05-03-2025 01:14:11.898;05-03-2025 00:38:48.125;2123773
2;05-03-2025 01:14:12.884;04-03-2025 17:31:48.308;27744576
0;05-03-2025 01:14:16.862;05-03-2025 00:38:48.125;2128737
0;05-03-2025 01:14:20.430;05-03-2025 00:38:48.125;2132305
2;05-03-2025 01:14:21.162;04-03-2025 17:31:48.308;27752854
2;05-03-2025 01:14:26.501;04-03-2025 17:31:48.308;27758193
2;05-03-2025 01:14:30.056;04-03-2025 17:31:48.308;27761748
2;05-03-2025 01:14:33.775;04-03-2025 17:31:48.308;27765467
0;05-03-2025 01:14:34.178;05-03-2025 00:38:48.125;2146053
0;05-03-2025 01:14:34.462;05-03-2025 00:38:48.125;2146337
2;05-03-2025 01:14:34.929;04-03-2025 17:31:48.308;27766621
0;05-03-2025 01:14:35.677;05-03-2025 00:38:48.125;2147552
0;05-03-2025 01:14:37.486;05-03-2025 00:38:48.125;2149361
2;05-03-2025 01:14:40.473;04-03-2025 17:31:48.308;27772165
2;05-03-2025 01:14:41.167;04-03-2025 17:31:48.308;27772859
0;05-03-2025 01:14:42.992;05-03-2025 00:38:48.125;2154867
2;05-03-2025 01:14:45.821;04-03-2025 17:31:48.308;27777513
2;05-03-2025 01:14:50.028;04-03-2025 17:31:48.308;27781720
0;05-03-2025 01:14:51.030;05-03-2025 00:38:48.125;2162905
0;05-03-2025 01:14:51.825;05-03-2025 00:38:48.125;2163700
0;05-03-2025 01:14:53.434;05-03-2025 00:38:48.125;2165309
0;05-03-2025 01:14:53.768;05-03-2025 00:38:48.125;2165643
0;05-03-2025 01:15:00.275;05-03-2025 00:38:48.125;2172150
2;05-03-2025 01:15:04.395;04-03-2025 17:31:48.308;27796087
0;05-03-2025 01:15:05.934;05-03-2025 00:38:48.125;2177809
2;05-03-2025 01:15:06.136;04-03-2025 17:31:48.308;27797828
2;05-03-2025 01:15:06.916;04-03-2025 17:31:48.308;27798608
2;05-03-2025 01:15:12.975;04-03-2025 17:31:48.308;27804667
2;05-03-2025 01:15:13.932;04-03-2025 17:31:48.308;27805624
0;05-03-2025 01:15:14.490;05-03-2025 00:38:48.125;2186365
0;05-03-2025 01:15:15.238;05-03-2025 00:38:48.125;2187113
0;05-03-2025 01:15:21.246;05-03-2025 00:38:48.125;2193121
0;05-03-2025 01:15:22.363;05-03-2025 00:38:48.125;2194238
2;05-03-2025 01:15:22.392;04-03-2025 17:31:48.308;27814084
2;05-03-2025 01:15:22.641;04-03-2025 17:31:48.308;27814333
2;05-03-2025 01:15:28.013;04-03-2025 17:31:48.308;27819705
0;05-03-2025 01:15:33.527;05-03-2025 00:38:48.125;2205402
2;05-03-2025 01:15:34.576;04-03-2025 17:31:48.308;27826268
2;05-03-2025 01:15:36.432;04-03-2025 17:31:48.308;27828124
2;05-03-2025 01:15:40.157;04-03-2025 17:31:48.308;27831849
0;05-03-2025 01:15:44.305;05-03-2025 00:38:48.125;2216180
2;05-03-2025 01:15:47.626;04-03-2025 17:31:48.308;27839318
0;05-03-2025 01:15:47.713;05-03-2025 00:38:48.125;2219588
0;05-03-2025 01:15:52.668;05-03-2025 00:38:48.125;2224543
0;05-03-2025 01:15:52.719;05-03-2025 00:38:48.125;2224594
0;05-03-2025 01:16:01.432;05-03-2025 00:38:48.125;2233307
0;05-03-2025 01:16:05.977;05-03-2025 00:38:48.125;2237852
2;05-03-2025 01:16:08.284;04-03-2025 17:31:48.308;27859976
2;05-03-2025 01:16:09.562;04-03-2025 17:31:48.308;27861254
2;05-03-2025 01:16:10.451;04-03-2025 17:31:48.308;27862143
2;05-03-2025 01:16:13.712;04-03-2025 17:31:48.308;27865404
2;05-03-2025 01:16:19.403;04-03-2025 17:31:48.308;27871095
2;05-03-2025 01:16:19.796;04-03-2025 17:31:48.308;27871488
0;05-03-2025 01:16:19.805;05-03-2025 00:38:48.125;2251680
2;05-03-2025 01:16:22.486;04-03-2025 17:31:48.308;27874178
0;05-03-2025 01:16:23.244;05-03-2025 00:38:48.125;2255119
0;05-03-2025 01:16:23.519;05-03-2025 00:38:48.125;2255394
2;05-03-2025 01:16:28.078;04-03-2025 17:31:48.308;27879770
2;05-03-2025 01:16:34.031;04-03-2025 17:31:48.308;27885723
0;05-03-2025 01:16:38.365;05-03-2025 00:38:48.125;2270240
0;05-03-2025 01:16:41.789;05-03-2025 00:38:48.125;2273664
0;05-03-2025 01:16:42.823;05-03-2025 00:38:48.125;2274698
2;05-03-2025 01:16:43.400;04-03-2025 17:31:48.308;27895092
2;05-03-2025 01:16:49.029;04-03-2025 17:31:48.308;27900721
0;05-03-2025 01:16:49.995;05-03-2025 00:38:48.125;2281870
0;05-03-2025 01:16:54.514;05-03-2025 00:38:48.125;2286389
2;05-03-2025 01:17:01.120;04-03-2025 17:31:48.308;27912812
0;05-03-2025 01:17:01.967;05-03-2025 00:38:48.125;2293842
2;05-03-2025 01:17:02.087;04-03-2025 17:31:48.308;27913779
0;05-03-2025 01:17:05.882;05-03-2025 00:38:48.125;2297757
2;05-03-2025 01:17:08.992;04-03-2025 17:31:48.308;27920684
2;05-03-2025 01:17:10.663;04-03-2025 17:31:48.308;27922355
0;05-03-2025 01:17:11.278;05-03-2025 00:38:48.125;2303153
0;05-03-2025 01:17:11.477;05-03-2025 00:38:48.125;2303352
2;05-03-2025 01:17:19.336;04-03-2025 17:31:48.308;27931028
0;05-03-2025 01:17:19.606;05-03-2025 00:38:48.125;2311481
2;05-03-2025 01:17:20.935;04-03-2025 17:31:48.308;27932627
2;05-03-2025 01:17:22.471;04-03-2025 17:31:48.308;27934163
0;05-03-2025 01:17:23.401;05-03-2025 00:38:48.125;2315276
2;05-03-2025 01:17:24.036;04-03-2025 17:31:48.308;27935728
0;05-03-2025 01:17:24.395;05-03-2025 00:38:48.125;2316270
0;05-03-2025 01:17:31.427;05-03-2025 00:38:48.125;2323302
2;05-03-2025 01:17:34.466;04-03-2025 17:31:48.308;27946158
2;05-03-2025 01:17:35.502;04-03-2025 17:31:48.308;27947194
0;05-03-2025 01:17:36.520;05-03-2025 00:38:48.125;2328395
0;05-03-2025 01:17:37.438;05-03-2025 00:38:48.125;2329313
2;05-03-2025 01:17:38.100;04-03-2025 17:31:48.308;27949792
2;05-03-2025 01:17:39.940;04-03-2025 17:31:48.308;27951632
2;05-03-2025 01:17:42.503;04-03-2025 17:31:48.308;27954195
0;05-03-2025 01:17:43.068;05-03-2025 00:38:48.125;2334943
0;05-03-2025 01:17:45.085;05-03-2025 00:38:48.125;2336960
2;05-03-2025 01:17:59.537;04-03-2025 17:31:48.308;27971229
0;05-03-2025 01:18:01.086;05-03-2025 00:38:48.125;2352961
2;05-03-2025 01:18:02.853;04-03-2025 17:31:48.308;27974545
2;05-03-2025 01:18:04.975;04-03-2025 17:31:48.308;27976667
0;05-03-2025 01:18:05.277;05-03-2025 00:38:48.125;2357152
2;05-03-2025 01:18:09.120;04-03-2025 17:31:48.308;27980812
0;05-03-2025 01:18:12.366;05-03-2025 00:38:48.125;2364241
0;05-03-2025 01:18:13.451;05-03-2025 00:38:48.125;2365326
0;05-03-2025 01:18:13.935;05-03-2025 00:38:48.125;2365810
2;05-03-2025 01:18:15.346;04-03-2025 17:31:48.308;27987038
0;05-03-2025 01:18:16.042;05-03-2025 00:38:48.125;2367917
2;05-03-2025 01:18:17.048;04-03-2025 17:31:48.308;27988740
0;05-03-2025 01:18:18.535;05-03-2025 00:38:48.125;2370410
2;05-03-2025 01:18:23.894;04-03-2025 17:31:48.308;27995586
0;05-03-2025 01:18:25.662;05-03-2025 00:38:48.125;2377537
0;05-03-2025 01:18:28.194;05-03-2025 00:38:48.125;2380069
2;05-03-2025 01:18:32.793;04-03-2025 17:31:48.308;28004485
2;05-03-2025 01:18:39.247;04-03-2025 17:31:48.308;28010939
0;05-03-2025 01:18:40.031;05-03-2025 00:38:48.125;2391906
2;05-03-2025 01:18:46.760;04-03-2025 17:31:48.308;28018452
0;05-03-2025 01:18:46.866;05-03-2025 00:38:48.125;2398741
0;05-03-2025 01:18:47.628;05-03-2025 00:38:48.125;2399503
2;05-03-2025 01:18:51.419;04-03-2025 17:31:48.308;28023111
0;05-03-2025 01:18:52.468;05-03-2025 00:38:48.125;2404343
2;05-03-2025 01:18:53.064;04-03-2025 17:31:48.308;28024756
2;05-03-2025 01:18:58.009;04-03-2025 17:31:48.308;28029701
0;05-03-2025 01:19:01.524;05-03-2025 00:38:48.125;2413399
2;05-03-2025 01:19:04.010;04-03-2025 17:31:48.308;28035702
0;05-03-2025 01:19:04.533;05-03-2025 00:38:48.125;2416408
2;05-03-2025 01:19:06.134;04-03-2025 17:31:48.308;28037826
2;05-03-2025 01:19:06.185;04-03-2025 17:31:48.308;28037877
0;05-03-2025 01:19:08.394;05-03-2025 00:38:48.125;2420269
2;05-03-2025 01:19:16.060;04-03-2025 17:31:48.308;28047752
2;05-03-2025 01:19:18.512;04-03-2025 17:31:48.308;28050204
0;05-03-2025 01:19:21.113;05-03-2025 00:38:48.125;2432988
2;05-03-2025 01:19:23.526;04-03-2025 17:31:48.308;28055218
2;05-03-2025 01:19:25.710;04-03-2025 17:31:48.308;28057402
0;05-03-2025 01:19:25.859;05-03-2025 00:38:48.125;2437734
2;05-03-2025 01:19:26.215;04-03-2025 17:31:48.308;28057907
0;05-03-2025 01:19:27.503;05-03-2025 00:38:48.125;2439378
2;05-03-2025 01:19:30.666;04-03-2025 17:31:48.308;28062358
0;05-03-2025 01:19:31.071;05-03-2025 00:38:48.125;2442946
2;05-03-2025 01:19:32.536;04-03-2025 17:31:48.308;28064228
0;05-03-2025 01:19:35.402;05-03-2025 00:38:48.125;2447277
0;05-03-2025 01:19:41.056;05-03-2025 00:38:48.125;2452931
0;05-03-2025 01:19:49.189;05-03-2025 00:38:48.125;2461064
2;05-03-2025 01:19:50.520;04-03-2025 17:31:48.308;28082212
0;05-03-2025 01:19:51.573;05-03-2025 00:38:48.125;2463448
0;05-03-2025 01:19:57.638;05-03-2025 00:38:48.125;2469513
0;05-03-2025 01:19:59.156;05-03-2025 00:38:48.125;2471031
0;05-03-2025 01:19:59.351;05-03-2025 00:38:48.125;2471226
2;05-03-2025 01:20:00.800;04-03-2025 17:31:48.308;28092492
2;05-03-2025 01:20:05.542;04-03-2025 17:31:48.308;28097234
0;05-03-2025 01:20:07.077;05-03-2025 00:38:48.125;2478952
2;05-03-2025 01:20:08.230;04-03-2025 17:31:48.308;28099922
2;05-03-2025 01:20:09.902;04-03-2025 17:31:48.308;28101594
2;05-03-2025 01:20:11.741;04-03-2025 17:31:48.308;28103433
0;05-03-2025 01:20:13.234;05-03-2025 00:38:48.125;2485109
2;05-03-2025 01:20:16.987;04-03-2025 17:31:48.308;28108679
0;05-03-2025 01:20:21.600;05-03-2025 00:38:48.125;2493475
0;05-03-2025 01:20:21.640;05-03-2025 00:38:48.125;2493515
2;05-03-2025 01:20:27.049;04-03-2025 17:31:48.308;28118741
0;05-03-2025 01:20:27.490;05-03-2025 00:38:48.125;2499365
2;05-03-2025 01:20:29.901;04-03-2025 17:31:48.308;28121593
0;05-03-2025 01:20:30.545;05-03-2025 00:38:48.125;2502420
0;05-03-2025 01:20:30.590;05-03-2025 00:38:48.125;2502465
2;05-03-2025 01:20:36.747;04-03-2025 17:31:48.308;28128439
0;05-03-2025 01:20:39.233;05-03-2025 00:38:48.125;2511108
2;05-03-2025 01:20:44.935;04-03-2025 17:31:48.308;28136627
2;05-03-2025 01:20:45.409;04-03-2025 17:31:48.308;28137101
0;05-03-2025 01:20:48.474;05-03-2025 00:38:48.125;2520349
2;05-03-2025 01:20:50.551;04-03-2025 17:31:48.308;28142243
2;05-03-2025 01:20:50.726;04-03-2025 17:31:48.308;28142418
0;05-03-2025 01:20:57.654;05-03-2025 00:38:48.125;2529529
2;05-03-2025 01:21:00.107;04-03-2025 17:31:48.308;28151799
2;05-03-2025 01:21:00.442;04-03-2025 17:31:48.308;28152134
0;05-03-2025 01:21:03.233;05-03-2025 00:38:48.125;2535108
0;05-03-2025 01:21:04.676;05-03-2025 00:38:48.125;2536551
2;05-03-2025 01:21:07.645;04-03-2025 17:31:48.308;28159337
0;05-03-2025 01:21:08.216;05-03-2025 00:38:48.125;2540091
2;05-03-2025 01:21:16.525;04-03-2025 17:31:48.308;28168217
0;05-03-2025 01:21:17.164;05-03-2025 00:38:48.125;2549039
0;05-03-2025 01:21:19.142;05-03-2025 00:38:48.125;2551017
0;05-03-2025 01:21:19.187;05-03-2025 00:38:48.125;2551062
2;05-03-2025 01:21:21.623;04-03-2025 17:31:48.308;28173315
2;05-03-2025 01:21:26.673;04-03-2025 17:31:48.308;28178365
2;05-03-2025 01:21:29.874;04-03-2025 17:31:48.308;28181566
2;05-03-2025 01:21:31.644;04-03-2025 17:31:48.308;28183336
0;05-03-2025 01:21:36.387;05-03-2025 00:38:48.125;2568262
2;05-03-2025 01:21:39.412;04-03-2025 17:31:48.308;28191104
0;05-03-2025 01:21:41.583;05-03-2025 00:38:48.125;2573458
0;05-03-2025 01:21:43.397;05-03-2025 00:38:48.125;2575272
2;05-03-2025 01:21:44.296;04-03-2025 17:31:48.308;28195988
2;05-03-2025 01:21:47.431;04-03-2025 17:31:48.308;28199123
0;05-03-2025 01:21:48.043;05-03-2025 00:38:48.125;2579918
0;05-03-2025 01:21:48.526;05-03-2025 00:38:48.125;2580401
2;05-03-2025 01:21:53.146;04-03-2025 17:31:48.308;28204838
2;05-03-2025 01:21:53.824;04-03-2025 17:31:48.308;28205516
0;05-03-2025 01:21:58.849;05-03-2025 00:38:48.125;2590724
0;05-03-2025 01:22:02.190;05-03-2025 00:38:48.125;2594065
2;05-03-2025 01:22:03.585;04-03-2025 17:31:48.308;28215277
2;05-03-2025 01:22:04.539;04-03-2025 17:31:48.308;28216231
2;05-03-2025 01:22:10.835;04-03-2025 17:31:48.308;28222527
0;05-03-2025 01:22:11.425;05-03-2025 00:38:48.125;2603300
2;05-03-2025 01:22:18.718;04-03-2025 17:31:48.308;28230410
0;05-03-2025 01:22:19.363;05-03-2025 00:38:48.125;2611238
0;05-03-2025 01:22:20.345;05-03-2025 00:38:48.125;2612220
0;05-03-2025 01:22:20.748;05-03-2025 00:38:48.125;2612623
2;05-03-2025 01:22:25.644;04-03-2025 17:31:48.308;28237336
0;05-03-2025 01:22:28.111;05-03-2025 00:38:48.125;2619986
0;05-03-2025 01:22:29.993;05-03-2025 00:38:48.125;2621868
2;05-03-2025 01:22:31.232;04-03-2025 17:31:48.308;28242924
0;05-03-2025 01:22:32.485;05-03-2025 00:38:48.125;2624360
0;05-03-2025 01:22:35.422;05-03-2025 00:38:48.125;2627297
2;05-03-2025 01:22:35.821;04-03-2025 17:31:48.308;28247513
0;05-03-2025 01:22:36.538;05-03-2025 00:38:48.125;2628413
2;05-03-2025 01:22:38.058;04-03-2025 17:31:48.308;28249750
2;05-03-2025 01:22:40.121;04-03-2025 17:31:48.308;28251813
0;05-03-2025 01:22:40.219;05-03-2025 00:38:48.125;2632094
2;05-03-2025 01:22:45.082;04-03-2025 17:31:48.308;28256774
0;05-03-2025 01:22:46.166;05-03-2025 00:38:48.125;2638041
2;05-03-2025 01:22:51.064;04-03-2025 17:31:48.308;28262756
2;05-03-2025 01:22:52.053;04-03-2025 17:31:48.308;28263745
0;05-03-2025 01:22:57.614;05-03-2025 00:38:48.125;2649489
2;05-03-2025 01:23:01.183;04-03-2025 17:31:48.308;28272875
0;05-03-2025 01:23:03.194;05-03-2025 00:38:48.125;2655069
0;05-03-2025 01:23:06.625;05-03-2025 00:38:48.125;2658500
2;05-03-2025 01:23:08.234;04-03-2025 17:31:48.308;28279926
2;05-03-2025 01:23:11.096;04-03-2025 17:31:48.308;28282788
0;05-03-2025 01:23:18.279;05-03-2025 00:38:48.125;2670154
0;05-03-2025 01:23:19.129;05-03-2025 00:38:48.125;2671004
2;05-03-2025 01:23:23.384;04-03-2025 17:31:48.308;28295076
2;05-03-2025 01:23:27.100;04-03-2025 17:31:48.308;28298792
2;05-03-2025 01:23:29.847;04-03-2025 17:31:48.308;28301539
0;05-03-2025 01:23:34.067;05-03-2025 00:38:48.125;2685942
2;05-03-2025 01:23:36.755;04-03-2025 17:31:48.308;28308447
0;05-03-2025 01:23:40.000;05-03-2025 00:38:48.125;2691875
2;05-03-2025 01:23:42.481;04-03-2025 17:31:48.308;28314173
2;05-03-2025 01:23:45.779;04-03-2025 17:31:48.308;28317471
0;05-03-2025 01:23:46.584;05-03-2025 00:38:48.125;2698459
0;05-03-2025 01:23:49.463;05-03-2025 00:38:48.125;2701338
0;05-03-2025 01:23:50.388;05-03-2025 00:38:48.125;2702263
0;05-03-2025 01:23:51.798;05-03-2025 00:38:48.125;2703673
0;05-03-2025 01:23:52.272;05-03-2025 00:38:48.125;2704147
2;05-03-2025 01:23:55.324;04-03-2025 17:31:48.308;28327016
0;05-03-2025 01:23:57.611;05-03-2025 00:38:48.125;2709486
0;05-03-2025 01:23:58.264;05-03-2025 00:38:48.125;2710139
2;05-03-2025 01:23:59.176;04-03-2025 17:31:48.308;28330868
2;05-03-2025 01:24:00.348;04-03-2025 17:31:48.308;28332040
2;05-03-2025 01:24:06.060;04-03-2025 17:31:48.308;28337752
2;05-03-2025 01:24:09.457;04-03-2025 17:31:48.308;28341149
2;05-03-2025 01:24:09.679;04-03-2025 17:31:48.308;28341371
0;05-03-2025 01:24:17.581;05-03-2025 00:38:48.125;2729456
0;05-03-2025 01:24:18.190;05-03-2025 00:38:48.125;2730065
2;05-03-2025 01:24:19.281;04-03-2025 17:31:48.308;28350973
0;05-03-2025 01:24:31.867;05-03-2025 00:38:48.125;2743742
0;05-03-2025 01:24:32.871;05-03-2025 00:38:48.125;2744746
2;05-03-2025 01:24:34.713;04-03-2025 17:31:48.308;28366405
2;05-03-2025 01:24:35.952;04-03-2025 17:31:48.308;28367644
0;05-03-2025 01:24:38.212;05-03-2025 00:38:48.125;2750087
2;05-03-2025 01:24:38.792;04-03-2025 17:31:48.308;28370484
0;05-03-2025 01:24:40.389;05-03-2025 00:38:48.125;2752264
2;05-03-2025 01:24:40.878;04-03-2025 17:31:48.308;28372570
2;05-03-2025 01:24:41.609;04-03-2025 17:31:48.308;28373301
0;05-03-2025 01:24:43.872;05-03-2025 00:38:48.125;2755747
0;05-03-2025 01:24:46.239;05-03-2025 00:38:48.125;2758114
2;05-03-2025 01:24:52.347;04-03-2025 17:31:48.308;28384039
0;05-03-2025 01:24:55.854;05-03-2025 00:38:48.125;2767729
0;05-03-2025 01:24:57.362;05-03-2025 00:38:48.125;2769237
2;05-03-2025 01:24:58.562;04-03-2025 17:31:48.308;28390254
2;05-03-2025 01:25:00.922;04-03-2025 17:31:48.308;28392614
0;05-03-2025 01:25:03.033;05-03-2025 00:38:48.125;2774908
0;05-03-2025 01:25:06.702;05-03-2025 00:38:48.125;2778577
0;05-03-2025 01:25:08.355;05-03-2025 00:38:48.125;2780230
2;05-03-2025 01:25:08.380;04-03-2025 17:31:48.308;28400072
0;05-03-2025 01:25:11.545;05-03-2025 00:38:48.125;2783420
0;05-03-2025 01:25:12.184;05-03-2025 00:38:48.125;2784059
0;05-03-2025 01:25:14.392;05-03-2025 00:38:48.125;2786267
0;05-03-2025 01:25:15.137;05-03-2025 00:38:48.125;2787012
2;05-03-2025 01:25:17.346;04-03-2025 17:31:48.308;28409038
2;05-03-2025 01:25:20.431;04-03-2025 17:31:48.308;28412123
2;05-03-2025 01:25:21.000;04-03-2025 17:31:48.308;28412692
2;05-03-2025 01:25:21.211;04-03-2025 17:31:48.308;28412903
2;05-03-2025 01:25:27.314;04-03-2025 17:31:48.308;28419006
2;05-03-2025 01:25:31.795;04-03-2025 17:31:48.308;28423487
0;05-03-2025 01:25:37.025;05-03-2025 00:38:48.125;2808900
0;05-03-2025 01:25:39.262;05-03-2025 00:38:48.125;2811137
2;05-03-2025 01:25:40.153;04-03-2025 17:31:48.308;28431845
2;05-03-2025 01:25:40.535;04-03-2025 17:31:48.308;28432227
0;05-03-2025 01:25:55.382;05-03-2025 00:38:48.125;2827257
2;05-03-2025 01:25:56.443;04-03-2025 17:31:48.308;28448135
0;05-03-2025 01:25:56.951;05-03-2025 00:38:48.125;2828826
0;05-03-2025 01:25:57.040;05-03-2025 00:38:48.125;2828915
0;05-03-2025 01:25:58.301;05-03-2025 00:38:48.125;2830176
0;05-03-2025 01:25:58.360;05-03-2025 00:38:48.125;2830235
2;05-03-2025 01:26:01.218;04-03-2025 17:31:48.308;28452910
2;05-03-2025 01:26:03.802;04-03-2025 17:31:48.308;28455494
2;05-03-2025 01:26:07.096;04-03-2025 17:31:48.308;28458788
2;05-03-2025 01:26:10.175;04-03-2025 17:31:48.308;28461867
2;05-03-2025 01:26:10.389;04-03-2025 17:31:48.308;28462081
0;05-03-2025 01:26:16.463;05-03-2025 00:38:48.125;2848338
0;05-03-2025 01:26:19.905;05-03-2025 00:38:48.125;2851780
0;05-03-2025 01:26:21.858;05-03-2025 00:38:48.125;2853733
2;05-03-2025 01:26:29.155;04-03-2025 17:31:48.308;28480847
0;05-03-2025 01:26:30.001;05-03-2025 00:38:48.125;2861876
2;05-03-2025 01:26:34.177;04-03-2025 17:31:48.308;28485869
0;05-03-2025 01:26:35.599;05-03-2025 00:38:48.125;2867474
2;05-03-2025 01:26:36.188;04-03-2025 17:31:48.308;28487880
2;05-03-2025 01:26:37.079;04-03-2025 17:31:48.308;28488771
2;05-03-2025 01:26:37.830;04-03-2025 17:31:48.308;28489522
0;05-03-2025 01:26:42.403;05-03-2025 00:38:48.125;2874278
2;05-03-2025 01:26:47.489;04-03-2025 17:31:48.308;28499181
2;05-03-2025 01:26:49.440;04-03-2025 17:31:48.308;28501132
0;05-03-2025 01:26:55.754;05-03-2025 00:38:48.125;2887629
0;05-03-2025 01:26:55.828;05-03-2025 00:38:48.125;2887703
2;05-03-2025 01:26:55.860;04-03-2025 17:31:48.308;28507552
0;05-03-2025 01:26:56.343;05-03-2025 00:38:48.125;2888218
0;05-03-2025 01:26:58.710;05-03-2025 00:38:48.125;2890585
0;05-03-2025 01:27:01.422;05-03-2025 00:38:48.125;2893297
0;05-03-2025 01:27:02.252;05-03-2025 00:38:48.125;2894127
2;05-03-2025 01:27:04.702;04-03-2025 17:31:48.308;28516394
0;05-03-2025 01:27:05.534;05-03-2025 00:38:48.125;2897409
2;05-03-2025 01:27:06.267;04-03-2025 17:31:48.308;28517959
2;05-03-2025 01:27:07.026;04-03-2025 17:31:48.308;28518718
2;05-03-2025 01:27:08.625;04-03-2025 17:31:48.308;28520317
2;05-03-2025 01:27:13.881;04-03-2025 17:31:48.308;28525573
2;05-03-2025 01:27:16.259;04-03-2025 17:31:48.308;28527951
2;05-03-2025 01:27:21.715;04-03-2025 17:31:48.308;28533407
0;05-03-2025 01:27:21.941;05-03-2025 00:38:48.125;2913816
0;05-03-2025 01:27:23.536;05-03-2025 00:38:48.125;2915411
0;05-03-2025 01:27:29.949;05-03-2025 00:38:48.125;2921824
0;05-03-2025 01:27:30.287;05-03-2025 00:38:48.125;2922162
0;05-03-2025 01:27:31.238;05-03-2025 00:38:48.125;2923113
2;05-03-2025 01:27:36.728;04-03-2025 17:31:48.308;28548420
0;05-03-2025 01:27:39.586;05-03-2025 00:38:48.125;2931461
2;05-03-2025 01:27:40.073;04-03-2025 17:31:48.308;28551765
0;05-03-2025 01:27:46.583;05-03-2025 00:38:48.125;2938458
0;05-03-2025 01:27:47.919;05-03-2025 00:38:48.125;2939794
2;05-03-2025 01:27:51.671;04-03-2025 17:31:48.308;28563363
2;05-03-2025 01:27:51.963;04-03-2025 17:31:48.308;28563655
2;05-03-2025 01:27:55.094;04-03-2025 17:31:48.308;28566786
0;05-03-2025 01:27:55.351;05-03-2025 00:38:48.125;2947226
2;05-03-2025 01:28:00.781;04-03-2025 17:31:48.308;28572473
2;05-03-2025 01:28:00.866;04-03-2025 17:31:48.308;28572558
2;05-03-2025 01:28:04.608;04-03-2025 17:31:48.308;28576300
0;05-03-2025 01:28:04.747;05-03-2025 00:38:48.125;2956622
2;05-03-2025 01:28:05.121;04-03-2025 17:31:48.308;28576813
2;05-03-2025 01:28:07.415;04-03-2025 17:31:48.308;28579107
0;05-03-2025 01:28:15.436;05-03-2025 00:38:48.125;2967311
2;05-03-2025 01:28:16.981;04-03-2025 17:31:48.308;28588673
0;05-03-2025 01:28:19.198;05-03-2025 00:38:48.125;2971073
0;05-03-2025 01:28:23.934;05-03-2025 00:38:48.125;2975809
0;05-03-2025 01:28:26.184;05-03-2025 00:38:48.125;2978059
0;05-03-2025 01:28:29.143;05-03-2025 00:38:48.125;2981018
2;05-03-2025 01:28:29.773;04-03-2025 17:31:48.308;28601465
0;05-03-2025 01:28:31.730;05-03-2025 00:38:48.125;2983605
0;05-03-2025 01:28:32.269;05-03-2025 00:38:48.125;2984144
0;05-03-2025 01:28:35.808;05-03-2025 00:38:48.125;2987683
0;05-03-2025 01:28:37.425;05-03-2025 00:38:48.125;2989300
0;05-03-2025 01:28:41.452;05-03-2025 00:38:48.125;2993327
2;05-03-2025 01:28:41.896;04-03-2025 17:31:48.308;28613588
2;05-03-2025 01:28:44.419;04-03-2025 17:31:48.308;28616111
2;05-03-2025 01:28:49.204;04-03-2025 17:31:48.308;28620896
0;05-03-2025 01:28:49.289;05-03-2025 00:38:48.125;3001164
2;05-03-2025 01:28:53.512;04-03-2025 17:31:48.308;28625204
0;05-03-2025 01:28:56.365;05-03-2025 00:38:48.125;3008240
2;05-03-2025 01:28:56.403;04-03-2025 17:31:48.308;28628095
2;05-03-2025 01:28:59.269;04-03-2025 17:31:48.308;28630961
2;05-03-2025 01:29:00.170;04-03-2025 17:31:48.308;28631862
0;05-03-2025 01:29:04.828;05-03-2025 00:38:48.125;3016703
0;05-03-2025 01:29:13.146;05-03-2025 00:38:48.125;3025021
2;05-03-2025 01:29:13.323;04-03-2025 17:31:48.308;28645015
2;05-03-2025 01:29:13.355;04-03-2025 17:31:48.308;28645047
0;05-03-2025 01:29:15.338;05-03-2025 00:38:48.125;3027213
2;05-03-2025 01:29:22.543;04-03-2025 17:31:48.308;28654235
0;05-03-2025 01:29:22.845;05-03-2025 00:38:48.125;3034720
0;05-03-2025 01:29:24.118;05-03-2025 00:38:48.125;3035993
2;05-03-2025 01:29:26.135;04-03-2025 17:31:48.308;28657827
0;05-03-2025 01:29:28.385;05-03-2025 00:38:48.125;3040260
2;05-03-2025 01:29:30.850;04-03-2025 17:31:48.308;28662542
0;05-03-2025 01:29:34.510;05-03-2025 00:38:48.125;3046385
2;05-03-2025 01:29:34.554;04-03-2025 17:31:48.308;28666246
2;05-03-2025 01:29:35.042;04-03-2025 17:31:48.308;28666734
0;05-03-2025 01:29:38.655;05-03-2025 00:38:48.125;3050530
0;05-03-2025 01:29:53.296;05-03-2025 00:38:48.125;3065171
2;05-03-2025 01:29:53.793;04-03-2025 17:31:48.308;28685485
2;05-03-2025 01:29:54.267;04-03-2025 17:31:48.308;28685959
0;05-03-2025 01:29:54.980;05-03-2025 00:38:48.125;3066855
0;05-03-2025 01:29:55.542;05-03-2025 00:38:48.125;3067417
0;05-03-2025 01:29:57.401;05-03-2025 00:38:48.125;3069276
2;05-03-2025 01:29:58.691;04-03-2025 17:31:48.308;28690383
2;05-03-2025 01:29:59.647;04-03-2025 17:31:48.308;28691339
0;05-03-2025 01:30:02.928;05-03-2025 00:38:48.125;3074803
0;05-03-2025 01:30:03.559;05-03-2025 00:38:48.125;3075434
2;05-03-2025 01:30:05.661;04-03-2025 17:31:48.308;28697353
0;05-03-2025 01:30:05.684;05-03-2025 00:38:48.125;3077559
2;05-03-2025 01:30:10.006;04-03-2025 17:31:48.308;28701698
2;05-03-2025 01:30:11.851;04-03-2025 17:31:48.308;28703543
2;05-03-2025 01:30:22.964;04-03-2025 17:31:48.308;28714656
2;05-03-2025 01:30:23.321;04-03-2025 17:31:48.308;28715013
2;05-03-2025 01:30:29.338;04-03-2025 17:31:48.308;28721030
0;05-03-2025 01:30:31.879;05-03-2025 00:38:48.125;3103754
2;05-03-2025 01:30:32.917;04-03-2025 17:31:48.308;28724609
0;05-03-2025 01:30:35.328;05-03-2025 00:38:48.125;3107203
2;05-03-2025 01:30:38.717;04-03-2025 17:31:48.308;28730409
0;05-03-2025 01:30:42.930;05-03-2025 00:38:48.125;3114805
0;05-03-2025 01:30:43.143;05-03-2025 00:38:48.125;3115018
0;05-03-2025 01:30:47.582;05-03-2025 00:38:48.125;3119457
0;05-03-2025 01:30:50.263;05-03-2025 00:38:48.125;3122138
0;05-03-2025 01:30:50.439;05-03-2025 00:38:48.125;3122314
0;05-03-2025 01:30:51.671;05-03-2025 00:38:48.125;3123546
2;05-03-2025 01:30:53.527;04-03-2025 17:31:48.308;28745219
2;05-03-2025 01:30:55.021;04-03-2025 17:31:48.308;28746713
2;05-03-2025 01:30:57.202;04-03-2025 17:31:48.308;28748894
0;05-03-2025 01:31:01.847;05-03-2025 00:38:48.125;3133722
0;05-03-2025 01:31:03.791;05-03-2025 00:38:48.125;3135666
2;05-03-2025 01:31:05.819;04-03-2025 17:31:48.308;28757511
2;05-03-2025 01:31:08.413;04-03-2025 17:31:48.308;28760105
0;05-03-2025 01:31:08.840;05-03-2025 00:38:48.125;3140715
2;05-03-2025 01:31:09.039;04-03-2025 17:31:48.308;28760731
0;05-03-2025 01:31:10.426;05-03-2025 00:38:48.125;3142301
2;05-03-2025 01:31:10.705;04-03-2025 17:31:48.308;28762397
0;05-03-2025 01:31:12.318;05-03-2025 00:38:48.125;3144193
0;05-03-2025 01:31:17.798;05-03-2025 00:38:48.125;3149673
0;05-03-2025 01:31:23.155;05-03-2025 00:38:48.125;3155030
2;05-03-2025 01:31:24.723;04-03-2025 17:31:48.308;28776415
2;05-03-2025 01:31:26.011;04-03-2025 17:31:48.308;28777703
2;05-03-2025 01:31:26.941;04-03-2025 17:31:48.308;28778633
2;05-03-2025 01:31:32.858;04-03-2025 17:31:48.308;28784550
0;05-03-2025 01:31:40.199;05-03-2025 00:38:48.125;3172074
2;05-03-2025 01:31:43.641;04-03-2025 17:31:48.308;28795333
0;05-03-2025 01:31:43.846;05-03-2025 00:38:48.125;3175721
0;05-03-2025 01:31:44.594;05-03-2025 00:38:48.125;3176469
0;05-03-2025 01:31:45.050;05-03-2025 00:38:48.125;3176925
2;05-03-2025 01:31:46.112;04-03-2025 17:31:48.308;28797804
0;05-03-2025 01:31:52.142;05-03-2025 00:38:48.125;3184017
2;05-03-2025 01:31:55.445;04-03-2025 17:31:48.308;28807137
0;05-03-2025 01:31:56.565;05-03-2025 00:38:48.125;3188440
2;05-03-2025 01:31:58.019;04-03-2025 17:31:48.308;28809711
0;05-03-2025 01:31:58.226;05-03-2025 00:38:48.125;3190101
2;05-03-2025 01:32:00.548;04-03-2025 17:31:48.308;28812240
0;05-03-2025 01:32:01.939;05-03-2025 00:38:48.125;3193814
2;05-03-2025 01:32:06.601;04-03-2025 17:31:48.308;28818293
2;05-03-2025 01:32:06.765;04-03-2025 17:31:48.308;28818457
2;05-03-2025 01:32:10.392;04-03-2025 17:31:48.308;28822084
0;05-03-2025 01:32:14.489;05-03-2025 00:38:48.125;3206364
0;05-03-2025 01:32:15.086;05-03-2025 00:38:48.125;3206961
2;05-03-2025 01:32:18.717;04-03-2025 17:31:48.308;28830409
0;05-03-2025 01:32:28.305;05-03-2025 00:38:48.125;3220180
2;05-03-2025 01:32:28.629;04-03-2025 17:31:48.308;28840321
2;05-03-2025 01:32:29.850;04-03-2025 17:31:48.308;28841542
0;05-03-2025 01:32:31.051;05-03-2025 00:38:48.125;3222926
2;05-03-2025 01:32:35.324;04-03-2025 17:31:48.308;28847016
0;05-03-2025 01:32:36.889;05-03-2025 00:38:48.125;3228764
2;05-03-2025 01:32:38.978;04-03-2025 17:31:48.308;28850670
2;05-03-2025 01:32:40.850;04-03-2025 17:31:48.308;28852542
0;05-03-2025 01:32:42.008;05-03-2025 00:38:48.125;3233883
0;05-03-2025 01:32:50.609;05-03-2025 00:38:48.125;3242484
2;05-03-2025 01:32:51.901;04-03-2025 17:31:48.308;28863593
2;05-03-2025 01:32:52.657;04-03-2025 17:31:48.308;28864349
0;05-03-2025 01:32:53.786;05-03-2025 00:38:48.125;3245661
0;05-03-2025 01:32:59.108;05-03-2025 00:38:48.125;3250983
0;05-03-2025 01:32:59.958;05-03-2025 00:38:48.125;3251833
0;05-03-2025 01:33:01.260;05-03-2025 00:38:48.125;3253135
2;05-03-2025 01:33:03.397;04-03-2025 17:31:48.308;28875089
0;05-03-2025 01:33:04.696;05-03-2025 00:38:48.125;3256571
2;05-03-2025 01:33:06.622;04-03-2025 17:31:48.308;28878314
2;05-03-2025 01:33:11.627;04-03-2025 17:31:48.308;28883319
2;05-03-2025 01:33:13.859;04-03-2025 17:31:48.308;28885551
0;05-03-2025 01:33:16.495;05-03-2025 00:38:48.125;3268370
2;05-03-2025 01:33:20.696;04-03-2025 17:31:48.308;28892388
0;05-03-2025 01:33:23.847;05-03-2025 00:38:48.125;3275722
0;05-03-2025 01:33:24.772;05-03-2025 00:38:48.125;3276647
2;05-03-2025 01:33:27.624;04-03-2025 17:31:48.308;28899316
2;05-03-2025 01:33:27.844;04-03-2025 17:31:48.308;28899536
0;05-03-2025 01:33:31.190;05-03-2025 00:38:48.125;3283065
2;05-03-2025 01:33:33.305;04-03-2025 17:31:48.308;28904997
2;05-03-2025 01:33:34.602;04-03-2025 17:31:48.308;28906294
0;05-03-2025 01:33:36.957;05-03-2025 00:38:48.125;3288832
2;05-03-2025 01:33:37.858;04-03-2025 17:31:48.308;28909550
2;05-03-2025 01:33:50.866;04-03-2025 17:31:48.308;28922558
0;05-03-2025 01:33:51.105;05-03-2025 00:38:48.125;3302980
0;05-03-2025 01:33:51.968;05-03-2025 00:38:48.125;3303843
2;05-03-2025 01:33:57.101;04-03-2025 17:31:48.308;28928793
0;05-03-2025 01:33:58.468;05-03-2025 00:38:48.125;3310343
0;05-03-2025 01:33:58.548;05-03-2025 00:38:48.125;3310423
2;05-03-2025 01:34:00.462;04-03-2025 17:31:48.308;28932154
0;05-03-2025 01:34:00.539;05-03-2025 00:38:48.125;3312414
2;05-03-2025 01:34:01.178;04-03-2025 17:31:48.308;28932870
0;05-03-2025 01:34:08.992;05-03-2025 00:38:48.125;3320867
0;05-03-2025 01:34:11.728;05-03-2025 00:38:48.125;3323603
2;05-03-2025 01:34:12.344;04-03-2025 17:31:48.308;28944036
0;05-03-2025 01:34:14.618;05-03-2025 00:38:48.125;3326493
2;05-03-2025 01:34:15.006;04-03-2025 17:31:48.308;28946698
2;05-03-2025 01:34:20.742;04-03-2025 17:31:48.308;28952434
2;05-03-2025 01:34:21.866;04-03-2025 17:31:48.308;28953558
0;05-03-2025 01:34:23.802;05-03-2025 00:38:48.125;3335677
2;05-03-2025 01:34:24.568;04-03-2025 17:31:48.308;28956260
0;05-03-2025 01:34:31.135;05-03-2025 00:38:48.125;3343010
0;05-03-2025 01:34:31.205;05-03-2025 00:38:48.125;3343080
0;05-03-2025 01:34:33.694;05-03-2025 00:38:48.125;3345569
0;05-03-2025 01:34:34.168;05-03-2025 00:38:48.125;3346043
2;05-03-2025 01:34:40.758;04-03-2025 17:31:48.308;28972450
0;05-03-2025 01:34:44.811;05-03-2025 00:38:48.125;3356686
0;05-03-2025 01:34:45.076;05-03-2025 00:38:48.125;3356951
2;05-03-2025 01:34:46.241;04-03-2025 17:31:48.308;28977933
0;05-03-2025 01:34:51.105;05-03-2025 00:38:48.125;3362980
2;05-03-2025 01:34:53.859;04-03-2025 17:31:48.308;28985551
2;05-03-2025 01:34:54.053;04-03-2025 17:31:48.308;28985745
2;05-03-2025 01:34:56.866;04-03-2025 17:31:48.308;28988558
0;05-03-2025 01:34:57.048;05-03-2025 00:38:48.125;3368923
0;05-03-2025 01:34:57.695;05-03-2025 00:38:48.125;3369570
2;05-03-2025 01:34:59.000;04-03-2025 17:31:48.308;28990692
2;05-03-2025 01:35:00.098;04-03-2025 17:31:48.308;28991790
0;05-03-2025 01:35:03.414;05-03-2025 00:38:48.125;3375289
2;05-03-2025 01:35:05.977;04-03-2025 17:31:48.308;28997669
2;05-03-2025 01:35:13.466;04-03-2025 17:31:48.308;29005158
0;05-03-2025 01:35:14.734;05-03-2025 00:38:48.125;3386609
0;05-03-2025 01:35:25.078;05-03-2025 00:38:48.125;3396953
2;05-03-2025 01:35:27.504;04-03-2025 17:31:48.308;29019196
2;05-03-2025 01:35:31.693;04-03-2025 17:31:48.308;29023385
2;05-03-2025 01:35:34.496;04-03-2025 17:31:48.308;29026188
2;05-03-2025 01:35:34.722;04-03-2025 17:31:48.308;29026414
2;05-03-2025 01:35:35.726;04-03-2025 17:31:48.308;29027418
0;05-03-2025 01:35:36.398;05-03-2025 00:38:48.125;3408273
0;05-03-2025 01:35:37.623;05-03-2025 00:38:48.125;3409498
0;05-03-2025 01:35:38.325;05-03-2025 00:38:48.125;3410200
0;05-03-2025 01:35:40.291;05-03-2025 00:38:48.125;3412166
2;05-03-2025 01:35:40.369;04-03-2025 17:31:48.308;29032061
0;05-03-2025 01:35:41.298;05-03-2025 00:38:48.125;3413173
2;05-03-2025 01:35:41.742;04-03-2025 17:31:48.308;29033434
2;05-03-2025 01:35:49.247;04-03-2025 17:31:48.308;29040939
2;05-03-2025 01:35:50.462;04-03-2025 17:31:48.308;29042154
0;05-03-2025 01:35:52.910;05-03-2025 00:38:48.125;3424785
0;05-03-2025 01:35:53.661;05-03-2025 00:38:48.125;3425536
0;05-03-2025 01:35:54.602;05-03-2025 00:38:48.125;3426477
0;05-03-2025 01:35:57.535;05-03-2025 00:38:48.125;3429410
0;05-03-2025 01:36:03.102;05-03-2025 00:38:48.125;3434977
2;05-03-2025 01:36:10.297;04-03-2025 17:31:48.308;29061989
2;05-03-2025 01:36:11.901;04-03-2025 17:31:48.308;29063593
2;05-03-2025 01:36:14.067;04-03-2025 17:31:48.308;29065759
0;05-03-2025 01:36:14.527;05-03-2025 00:38:48.125;3446402
2;05-03-2025 01:36:16.201;04-03-2025 17:31:48.308;29067893
2;05-03-2025 01:36:17.008;04-03-2025 17:31:48.308;29068700
2;05-03-2025 01:36:24.399;04-03-2025 17:31:48.308;29076091
0;05-03-2025 01:36:25.470;05-03-2025 00:38:48.125;3457345
0;05-03-2025 01:36:26.244;05-03-2025 00:38:48.125;3458119
0;05-03-2025 01:36:27.322;05-03-2025 00:38:48.125;3459197
2;05-03-2025 01:36:37.583;04-03-2025 17:31:48.308;29089275
0;05-03-2025 01:36:37.850;05-03-2025 00:38:48.125;3469725
0;05-03-2025 01:36:39.105;05-03-2025 00:38:48.125;3470980
2;05-03-2025 01:36:39.543;04-03-2025 17:31:48.308;29091235
0;05-03-2025 01:36:46.072;05-03-2025 00:38:48.125;3477947
2;05-03-2025 01:36:46.925;04-03-2025 17:31:48.308;29098617
2;05-03-2025 01:36:51.196;04-03-2025 17:31:48.308;29102888
2;05-03-2025 01:36:52.410;04-03-2025 17:31:48.308;29104102
0;05-03-2025 01:36:55.273;05-03-2025 00:38:48.125;3487148
0;05-03-2025 01:36:58.800;05-03-2025 00:38:48.125;3490675
2;05-03-2025 01:37:00.634;04-03-2025 17:31:48.308;29112326
0;05-03-2025 01:37:02.702;05-03-2025 00:38:48.125;3494577
2;05-03-2025 01:37:03.119;04-03-2025 17:31:48.308;29114811
2;05-03-2025 01:37:04.524;04-03-2025 17:31:48.308;29116216
0;05-03-2025 01:37:05.288;05-03-2025 00:38:48.125;3497163
0;05-03-2025 01:37:05.460;05-03-2025 00:38:48.125;3497335
0;05-03-2025 01:37:08.562;05-03-2025 00:38:48.125;3500437
0;05-03-2025 01:37:10.007;05-03-2025 00:38:48.125;3501882
2;05-03-2025 01:37:10.961;04-03-2025 17:31:48.308;29122653
0;05-03-2025 01:37:25.191;05-03-2025 00:38:48.125;3517066
2;05-03-2025 01:37:26.367;04-03-2025 17:31:48.308;29138059
2;05-03-2025 01:37:26.653;04-03-2025 17:31:48.308;29138345
0;05-03-2025 01:37:26.926;05-03-2025 00:38:48.125;3518801
0;05-03-2025 01:37:32.091;05-03-2025 00:38:48.125;3523966
2;05-03-2025 01:37:32.312;04-03-2025 17:31:48.308;29144004
2;05-03-2025 01:37:33.513;04-03-2025 17:31:48.308;29145205
2;05-03-2025 01:37:35.586;04-03-2025 17:31:48.308;29147278
0;05-03-2025 01:37:38.496;05-03-2025 00:38:48.125;3530371
2;05-03-2025 01:37:38.741;04-03-2025 17:31:48.308;29150433
0;05-03-2025 01:37:44.673;05-03-2025 00:38:48.125;3536548
0;05-03-2025 01:37:49.386;05-03-2025 00:38:48.125;3541261
2;05-03-2025 01:37:51.879;04-03-2025 17:31:48.308;29163571
2;05-03-2025 01:37:56.365;04-03-2025 17:31:48.308;29168057
0;05-03-2025 01:37:57.180;05-03-2025 00:38:48.125;3549055
0;05-03-2025 01:38:04.191;05-03-2025 00:38:48.125;3556066
0;05-03-2025 01:38:13.190;05-03-2025 00:38:48.125;3565065
0;05-03-2025 01:38:15.370;05-03-2025 00:38:48.125;3567245
2;05-03-2025 01:38:15.950;04-03-2025 17:31:48.308;29187642
2;05-03-2025 01:38:16.014;04-03-2025 17:31:48.308;29187706
2;05-03-2025 01:38:17.608;04-03-2025 17:31:48.308;29189300
0;05-03-2025 01:38:17.734;05-03-2025 00:38:48.125;3569609
2;05-03-2025 01:38:18.169;04-03-2025 17:31:48.308;29189861
2;05-03-2025 01:38:18.876;04-03-2025 17:31:48.308;29190568
0;05-03-2025 01:38:18.953;05-03-2025 00:38:48.125;3570828
0;05-03-2025 01:38:19.958;05-03-2025 00:38:48.125;3571833
2;05-03-2025 01:38:27.468;04-03-2025 17:31:48.308;29199160
0;05-03-2025 01:38:27.823;05-03-2025 00:38:48.125;3579698
2;05-03-2025 01:38:28.557;04-03-2025 17:31:48.308;29200249
2;05-03-2025 01:38:33.293;04-03-2025 17:31:48.308;29204985
2;05-03-2025 01:38:37.119;04-03-2025 17:31:48.308;29208811
2;05-03-2025 01:38:38.305;04-03-2025 17:31:48.308;29209997
0;05-03-2025 01:38:43.212;05-03-2025 00:38:48.125;3595087
0;05-03-2025 01:38:46.525;05-03-2025 00:38:48.125;3598400
0;05-03-2025 01:38:47.557;05-03-2025 00:38:48.125;3599432
0;05-03-2025 01:38:49.204;05-03-2025 00:38:48.125;3601079
0;05-03-2025 01:38:51.388;05-03-2025 00:38:48.125;3603263
2;05-03-2025 01:38:54.505;04-03-2025 17:31:48.308;29226197
2;05-03-2025 01:38:57.008;04-03-2025 17:31:48.308;29228700
2;05-03-2025 01:38:57.726;04-03-2025 17:31:48.308;29229418
0;05-03-2025 01:39:02.061;05-03-2025 00:38:48.125;3613936
0;05-03-2025 01:39:02.348;05-03-2025 00:38:48.125;3614223
2;05-03-2025 01:39:04.847;04-03-2025 17:31:48.308;29236539
0;05-03-2025 01:39:05.290;05-03-2025 00:38:48.125;3617165
2;05-03-2025 01:39:08.948;04-03-2025 17:31:48.308;29240640
0;05-03-2025 01:39:09.405;05-03-2025 00:38:48.125;3621280
2;05-03-2025 01:39:10.359;04-03-2025 17:31:48.308;29242051
0;05-03-2025 01:39:17.074;05-03-2025 00:38:48.125;3628949
2;05-03-2025 01:39:20.537;04-03-2025 17:31:48.308;29252229
0;05-03-2025 01:39:23.502;05-03-2025 00:38:48.125;3635377
2;05-03-2025 01:39:25.099;04-03-2025 17:31:48.308;29256791
2;05-03-2025 01:39:27.082;04-03-2025 17:31:48.308;29258774
0;05-03-2025 01:39:29.569;05-03-2025 00:38:48.125;3641444
2;05-03-2025 01:39:31.012;04-03-2025 17:31:48.308;29262704
0;05-03-2025 01:39:32.215;05-03-2025 00:38:48.125;3644090
0;05-03-2025 01:39:40.125;05-03-2025 00:38:48.125;3652000
2;05-03-2025 01:39:42.278;04-03-2025 17:31:48.308;29273970
2;05-03-2025 01:39:42.778;04-03-2025 17:31:48.308;29274470
0;05-03-2025 01:39:45.375;05-03-2025 00:38:48.125;3657250
2;05-03-2025 01:39:51.637;04-03-2025 17:31:48.308;29283329
2;05-03-2025 01:39:55.047;04-03-2025 17:31:48.308;29286739
0;05-03-2025 01:39:55.311;05-03-2025 00:38:48.125;3667186
2;05-03-2025 01:39:56.179;04-03-2025 17:31:48.308;29287871
0;05-03-2025 01:39:57.499;05-03-2025 00:38:48.125;3669374
0;05-03-2025 01:40:01.696;05-03-2025 00:38:48.125;3673571
0;05-03-2025 01:40:05.382;05-03-2025 00:38:48.125;3677257
0;05-03-2025 01:40:06.020;05-03-2025 00:38:48.125;3677895
2;05-03-2025 01:40:09.683;04-03-2025 17:31:48.308;29301375
2;05-03-2025 01:40:15.073;04-03-2025 17:31:48.308;29306765
2;05-03-2025 01:40:17.708;04-03-2025 17:31:48.308;29309400
2;05-03-2025 01:40:18.615;04-03-2025 17:31:48.308;29310307
2;05-03-2025 01:40:21.808;04-03-2025 17:31:48.308;29313500
2;05-03-2025 01:40:22.182;04-03-2025 17:31:48.308;29313874
0;05-03-2025 01:40:25.927;05-03-2025 00:38:48.125;3697802
2;05-03-2025 01:40:27.294;04-03-2025 17:31:48.308;29318986
2;05-03-2025 01:40:27.402;04-03-2025 17:31:48.308;29319094
0;05-03-2025 01:40:27.972;05-03-2025 00:38:48.125;3699847
0;05-03-2025 01:40:28.060;05-03-2025 00:38:48.125;3699935
0;05-03-2025 01:40:31.025;05-03-2025 00:38:48.125;3702900
0;05-03-2025 01:40:34.027;05-03-2025 00:38:48.125;3705902
0;05-03-2025 01:40:35.856;05-03-2025 00:38:48.125;3707731
0;05-03-2025 01:40:39.678;05-03-2025 00:38:48.125;3711553
2;05-03-2025 01:40:41.184;04-03-2025 17:31:48.308;29332876
2;05-03-2025 01:40:53.266;04-03-2025 17:31:48.308;29344958
0;05-03-2025 01:40:55.510;05-03-2025 00:38:48.125;3727385
2;05-03-2025 01:40:56.359;04-03-2025 17:31:48.308;29348051
2;05-03-2025 01:40:59.926;04-03-2025 17:31:48.308;29351618
2;05-03-2025 01:41:02.797;04-03-2025 17:31:48.308;29354489
0;05-03-2025 01:41:05.340;05-03-2025 00:38:48.125;3737215
2;05-03-2025 01:41:06.024;04-03-2025 17:31:48.308;29357716
0;05-03-2025 01:41:08.618;05-03-2025 00:38:48.125;3740493
2;05-03-2025 01:41:14.686;04-03-2025 17:31:48.308;29366378
0;05-03-2025 01:41:15.422;05-03-2025 00:38:48.125;3747297
0;05-03-2025 01:41:16.758;05-03-2025 00:38:48.125;3748633
0;05-03-2025 01:41:18.638;05-03-2025 00:38:48.125;3750513
0;05-03-2025 01:41:22.387;05-03-2025 00:38:48.125;3754262
2;05-03-2025 01:41:26.079;04-03-2025 17:31:48.308;29377771
0;05-03-2025 01:41:29.701;05-03-2025 00:38:48.125;3761576
2;05-03-2025 01:41:30.325;04-03-2025 17:31:48.308;29382017
2;05-03-2025 01:41:30.484;04-03-2025 17:31:48.308;29382176
0;05-03-2025 01:41:32.696;05-03-2025 00:38:48.125;3764571
0;05-03-2025 01:41:33.996;05-03-2025 00:38:48.125;3765871
0;05-03-2025 01:41:35.498;05-03-2025 00:38:48.125;3767373
2;05-03-2025 01:41:35.943;04-03-2025 17:31:48.308;29387635
2;05-03-2025 01:41:37.658;04-03-2025 17:31:48.308;29389350
0;05-03-2025 01:41:39.966;05-03-2025 00:38:48.125;3771841
2;05-03-2025 01:41:42.508;04-03-2025 17:31:48.308;29394200
0;05-03-2025 01:41:47.274;05-03-2025 00:38:48.125;3779149
0;05-03-2025 01:41:53.127;05-03-2025 00:38:48.125;3785002
2;05-03-2025 01:41:54.202;04-03-2025 17:31:48.308;29405894
2;05-03-2025 01:41:54.319;04-03-2025 17:31:48.308;29406011
2;05-03-2025 01:41:55.602;04-03-2025 17:31:48.308;29407294
2;05-03-2025 01:41:57.503;04-03-2025 17:31:48.308;29409195
0;05-03-2025 01:41:59.333;05-03-2025 00:38:48.125;3791208
0;05-03-2025 01:42:00.181;05-03-2025 00:38:48.125;3792056
0;05-03-2025 01:42:03.779;05-03-2025 00:38:48.125;3795654
2;05-03-2025 01:42:04.718;04-03-2025 17:31:48.308;29416410
2;05-03-2025 01:42:09.112;04-03-2025 17:31:48.308;29420804
2;05-03-2025 01:42:12.462;04-03-2025 17:31:48.308;29424154
0;05-03-2025 01:42:18.164;05-03-2025 00:38:48.125;3810039
0;05-03-2025 01:42:19.128;05-03-2025 00:38:48.125;3811003
2;05-03-2025 01:42:19.656;04-03-2025 17:31:48.308;29431348
0;05-03-2025 01:42:21.885;05-03-2025 00:38:48.125;3813760
0;05-03-2025 01:42:23.787;05-03-2025 00:38:48.125;3815662
2;05-03-2025 01:42:27.477;04-03-2025 17:31:48.308;29439169
2;05-03-2025 01:42:31.635;04-03-2025 17:31:48.308;29443327
0;05-03-2025 01:42:43.313;05-03-2025 00:38:48.125;3835188
0;05-03-2025 01:42:45.745;05-03-2025 00:38:48.125;3837620
2;05-03-2025 01:42:45.857;04-03-2025 17:31:48.308;29457549
2;05-03-2025 01:42:50.889;04-03-2025 17:31:48.308;29462581
0;05-03-2025 01:42:51.018;05-03-2025 00:38:48.125;3842893
0;05-03-2025 01:42:51.673;05-03-2025 00:38:48.125;3843548
2;05-03-2025 01:42:52.924;04-03-2025 17:31:48.308;29464616
2;05-03-2025 01:42:54.958;04-03-2025 17:31:48.308;29466650
0;05-03-2025 01:42:55.332;05-03-2025 00:38:48.125;3847207
0;05-03-2025 01:42:56.310;05-03-2025 00:38:48.125;3848185
2;05-03-2025 01:42:59.793;04-03-2025 17:31:48.308;29471485
2;05-03-2025 01:43:03.023;04-03-2025 17:31:48.308;29474715
0;05-03-2025 01:43:03.040;05-03-2025 00:38:48.125;3854915
2;05-03-2025 01:43:04.709;04-03-2025 17:31:48.308;29476401
2;05-03-2025 01:43:12.083;04-03-2025 17:31:48.308;29483775
0;05-03-2025 01:43:13.481;05-03-2025 00:38:48.125;3865356
0;05-03-2025 01:43:14.319;05-03-2025 00:38:48.125;3866194
2;05-03-2025 01:43:14.749;04-03-2025 17:31:48.308;29486441
2;05-03-2025 01:43:17.356;04-03-2025 17:31:48.308;29489048
0;05-03-2025 01:43:20.174;05-03-2025 00:38:48.125;3872049
2;05-03-2025 01:43:25.719;04-03-2025 17:31:48.308;29497411
2;05-03-2025 01:43:29.185;04-03-2025 17:31:48.308;29500877
0;05-03-2025 01:43:32.946;05-03-2025 00:38:48.125;3884821
2;05-03-2025 01:43:35.504;04-03-2025 17:31:48.308;29507196
0;05-03-2025 01:43:37.141;05-03-2025 00:38:48.125;3889016
2;05-03-2025 01:43:37.543;04-03-2025 17:31:48.308;29509235
2;05-03-2025 01:43:38.261;04-03-2025 17:31:48.308;29509953
0;05-03-2025 01:43:38.618;05-03-2025 00:38:48.125;3890493
0;05-03-2025 01:43:40.857;05-03-2025 00:38:48.125;3892732
0;05-03-2025 01:43:41.272;05-03-2025 00:38:48.125;3893147
0;05-03-2025 01:43:43.479;05-03-2025 00:38:48.125;3895354
0;05-03-2025 01:43:47.778;05-03-2025 00:38:48.125;3899653
2;05-03-2025 01:43:51.910;04-03-2025 17:31:48.308;29523602
0;05-03-2025 01:43:52.427;05-03-2025 00:38:48.125;3904302
2;05-03-2025 01:43:59.678;04-03-2025 17:31:48.308;29531370
2;05-03-2025 01:44:00.363;04-03-2025 17:31:48.308;29532055
2;05-03-2025 01:44:04.121;04-03-2025 17:31:48.308;29535813
2;05-03-2025 01:44:11.669;04-03-2025 17:31:48.308;29543361
0;05-03-2025 01:44:13.139;05-03-2025 00:38:48.125;3925014
2;05-03-2025 01:44:15.856;04-03-2025 17:31:48.308;29547548
0;05-03-2025 01:44:20.023;05-03-2025 00:38:48.125;3931898
0;05-03-2025 01:44:22.858;05-03-2025 00:38:48.125;3934733
0;05-03-2025 01:44:23.784;05-03-2025 00:38:48.125;3935659
0;05-03-2025 01:44:25.735;05-03-2025 00:38:48.125;3937610
0;05-03-2025 01:44:26.884;05-03-2025 00:38:48.125;3938759
0;05-03-2025 01:44:30.726;05-03-2025 00:38:48.125;3942601
2;05-03-2025 01:44:36.499;04-03-2025 17:31:48.308;29568191
2;05-03-2025 01:44:37.105;04-03-2025 17:31:48.308;29568797
2;05-03-2025 01:44:37.518;04-03-2025 17:31:48.308;29569210
2;05-03-2025 01:44:39.151;04-03-2025 17:31:48.308;29570843
2;05-03-2025 01:44:42.006;04-03-2025 17:31:48.308;29573698
2;05-03-2025 01:44:44.164;04-03-2025 17:31:48.308;29575856
0;05-03-2025 01:44:44.190;05-03-2025 00:38:48.125;3956065
0;05-03-2025 01:44:57.625;05-03-2025 00:38:48.125;3969500
2;05-03-2025 01:44:57.738;04-03-2025 17:31:48.308;29589430
0;05-03-2025 01:44:58.251;05-03-2025 00:38:48.125;3970126
0;05-03-2025 01:45:00.753;05-03-2025 00:38:48.125;3972628
0;05-03-2025 01:45:05.927;05-03-2025 00:38:48.125;3977802
2;05-03-2025 01:45:06.907;04-03-2025 17:31:48.308;29598599
2;05-03-2025 01:45:08.508;04-03-2025 17:31:48.308;29600200
0;05-03-2025 01:45:09.859;05-03-2025 00:38:48.125;3981734
2;05-03-2025 01:45:10.888;04-03-2025 17:31:48.308;29602580
0;05-03-2025 01:45:12.356;05-03-2025 00:38:48.125;3984231
2;05-03-2025 01:45:13.876;04-03-2025 17:31:48.308;29605568
0;05-03-2025 01:45:20.207;05-03-2025 00:38:48.125;3992082
2;05-03-2025 01:45:22.221;04-03-2025 17:31:48.308;29613913
2;05-03-2025 01:45:23.097;04-03-2025 17:31:48.308;29614789
0;05-03-2025 01:45:28.496;05-03-2025 00:38:48.125;4000371
0;05-03-2025 01:45:30.203;05-03-2025 00:38:48.125;4002078
0;05-03-2025 01:45:30.909;05-03-2025 00:38:48.125;4002784
0;05-03-2025 01:45:32.205;05-03-2025 00:38:48.125;4004080
0;05-03-2025 01:45:34.488;05-03-2025 00:38:48.125;4006363
0;05-03-2025 01:45:38.070;05-03-2025 00:38:48.125;4009945
2;05-03-2025 01:45:38.913;04-03-2025 17:31:48.308;29630605
0;05-03-2025 01:45:39.560;05-03-2025 00:38:48.125;4011435
2;05-03-2025 01:45:39.731;04-03-2025 17:31:48.308;29631423
2;05-03-2025 01:45:40.076;04-03-2025 17:31:48.308;29631768
2;05-03-2025 01:45:40.807;04-03-2025 17:31:48.308;29632499
2;05-03-2025 01:45:48.453;04-03-2025 17:31:48.308;29640145
0;05-03-2025 01:45:48.474;05-03-2025 00:38:48.125;4020349
2;05-03-2025 01:45:52.530;04-03-2025 17:31:48.308;29644222
0;05-03-2025 01:45:59.253;05-03-2025 00:38:48.125;4031128
2;05-03-2025 01:46:00.492;04-03-2025 17:31:48.308;29652184
0;05-03-2025 01:46:02.682;05-03-2025 00:38:48.125;4034557
0;05-03-2025 01:46:08.014;05-03-2025 00:38:48.125;4039889
2;05-03-2025 01:46:12.995;04-03-2025 17:31:48.308;29664687
2;05-03-2025 01:46:13.882;04-03-2025 17:31:48.308;29665574
0;05-03-2025 01:46:16.690;05-03-2025 00:38:48.125;4048565
2;05-03-2025 01:46:18.305;04-03-2025 17:31:48.308;29669997
0;05-03-2025 01:46:21.238;05-03-2025 00:38:48.125;4053113
0;05-03-2025 01:46:24.658;05-03-2025 00:38:48.125;4056533
2;05-03-2025 01:46:25.145;04-03-2025 17:31:48.308;29676837
0;05-03-2025 01:46:25.909;05-03-2025 00:38:48.125;4057784
2;05-03-2025 01:46:30.789;04-03-2025 17:31:48.308;29682481
2;05-03-2025 01:46:30.874;04-03-2025 17:31:48.308;29682566
0;05-03-2025 01:46:30.956;05-03-2025 00:38:48.125;4062831
2;05-03-2025 01:46:40.337;04-03-2025 17:31:48.308;29692029
0;05-03-2025 01:46:41.102;05-03-2025 00:38:48.125;4072977
2;05-03-2025 01:46:41.900;04-03-2025 17:31:48.308;29693592
0;05-03-2025 01:46:44.480;05-03-2025 00:38:48.125;4076355
0;05-03-2025 01:46:45.002;05-03-2025 00:38:48.125;4076877
2;05-03-2025 01:46:45.559;04-03-2025 17:31:48.308;29697251
2;05-03-2025 01:46:46.649;04-03-2025 17:31:48.308;29698341
2;05-03-2025 01:46:51.773;04-03-2025 17:31:48.308;29703465
0;05-03-2025 01:46:56.345;05-03-2025 00:38:48.125;4088220
2;05-03-2025 01:47:00.344;04-03-2025 17:31:48.308;29712036
0;05-03-2025 01:47:01.731;05-03-2025 00:38:48.125;4093606
2;05-03-2025 01:47:02.816;04-03-2025 17:31:48.308;29714508
0;05-03-2025 01:47:03.186;05-03-2025 00:38:48.125;4095061
0;05-03-2025 01:47:05.467;05-03-2025 00:38:48.125;4097342
0;05-03-2025 01:47:06.711;05-03-2025 00:38:48.125;4098586
2;05-03-2025 01:47:08.694;04-03-2025 17:31:48.308;29720386
2;05-03-2025 01:47:17.841;04-03-2025 17:31:48.308;29729533
0;05-03-2025 01:47:17.985;05-03-2025 00:38:48.125;4109860
0;05-03-2025 01:47:19.613;05-03-2025 00:38:48.125;4111488
2;05-03-2025 01:47:21.428;04-03-2025 17:31:48.308;29733120
0;05-03-2025 01:47:27.207;05-03-2025 00:38:48.125;4119082
2;05-03-2025 01:47:28.973;04-03-2025 17:31:48.308;29740665
0;05-03-2025 01:47:33.040;05-03-2025 00:38:48.125;4124915
2;05-03-2025 01:47:34.848;04-03-2025 17:31:48.308;29746540
2;05-03-2025 01:47:38.403;04-03-2025 17:31:48.308;29750095
0;05-03-2025 01:47:41.511;05-03-2025 00:38:48.125;4133386
0;05-03-2025 01:47:42.106;05-03-2025 00:38:48.125;4133981
2;05-03-2025 01:47:45.060;04-03-2025 17:31:48.308;29756752
2;05-03-2025 01:47:46.258;04-03-2025 17:31:48.308;29757950
2;05-03-2025 01:47:48.495;04-03-2025 17:31:48.308;29760187
0;05-03-2025 01:47:53.820;05-03-2025 00:38:48.125;4145695
0;05-03-2025 01:47:55.722;05-03-2025 00:38:48.125;4147597
0;05-03-2025 01:47:58.486;05-03-2025 00:38:48.125;4150361
2;05-03-2025 01:48:04.319;04-03-2025 17:31:48.308;29776011
2;05-03-2025 01:48:06.815;04-03-2025 17:31:48.308;29778507
2;05-03-2025 01:48:08.619;04-03-2025 17:31:48.308;29780311
0;05-03-2025 01:48:10.648;05-03-2025 00:38:48.125;4162523
0;05-03-2025 01:48:14.572;05-03-2025 00:38:48.125;4166447
2;05-03-2025 01:48:19.356;04-03-2025 17:31:48.308;29791048
0;05-03-2025 01:48:20.421;05-03-2025 00:38:48.125;4172296
0;05-03-2025 01:48:22.572;05-03-2025 00:38:48.125;4174447
2;05-03-2025 01:48:22.791;04-03-2025 17:31:48.308;29794483
0;05-03-2025 01:48:25.220;05-03-2025 00:38:48.125;4177095
2;05-03-2025 01:48:27.085;04-03-2025 17:31:48.308;29798777
0;05-03-2025 01:48:27.698;05-03-2025 00:38:48.125;4179573
0;05-03-2025 01:48:28.030;05-03-2025 00:38:48.125;4179905
2;05-03-2025 01:48:29.664;04-03-2025 17:31:48.308;29801356
2;05-03-2025 01:48:32.739;04-03-2025 17:31:48.308;29804431
0;05-03-2025 01:48:34.536;05-03-2025 00:38:48.125;4186411
2;05-03-2025 01:48:37.269;04-03-2025 17:31:48.308;29808961
2;05-03-2025 01:48:37.857;04-03-2025 17:31:48.308;29809549
0;05-03-2025 01:48:38.540;05-03-2025 00:38:48.125;4190415
0;05-03-2025 01:48:41.304;05-03-2025 00:38:48.125;4193179
0;05-03-2025 01:48:45.244;05-03-2025 00:38:48.125;4197119
2;05-03-2025 01:48:46.897;04-03-2025 17:31:48.308;29818589
2;05-03-2025 01:48:47.021;04-03-2025 17:31:48.308;29818713
2;05-03-2025 01:48:49.345;04-03-2025 17:31:48.308;29821037
2;05-03-2025 01:48:50.440;04-03-2025 17:31:48.308;29822132
2;05-03-2025 01:48:51.696;04-03-2025 17:31:48.308;29823388
0;05-03-2025 01:48:52.388;05-03-2025 00:38:48.125;4204263
0;05-03-2025 01:49:04.847;05-03-2025 00:38:48.125;4216722
0;05-03-2025 01:49:09.354;05-03-2025 00:38:48.125;4221229
2;05-03-2025 01:49:11.011;04-03-2025 17:31:48.308;29842703
2;05-03-2025 01:49:11.268;04-03-2025 17:31:48.308;29842960
2;05-03-2025 01:49:11.374;04-03-2025 17:31:48.308;29843066
0;05-03-2025 01:49:14.250;05-03-2025 00:38:48.125;4226125
0;05-03-2025 01:49:16.308;05-03-2025 00:38:48.125;4228183
0;05-03-2025 01:49:22.989;05-03-2025 00:38:48.125;4234864
2;05-03-2025 01:49:23.856;04-03-2025 17:31:48.308;29855548
2;05-03-2025 01:49:24.019;04-03-2025 17:31:48.308;29855711
0;05-03-2025 01:49:28.310;05-03-2025 00:38:48.125;4240185
0;05-03-2025 01:49:28.934;05-03-2025 00:38:48.125;4240809
0;05-03-2025 01:49:35.494;05-03-2025 00:38:48.125;4247369
2;05-03-2025 01:49:39.361;04-03-2025 17:31:48.308;29871053
2;05-03-2025 01:49:41.632;04-03-2025 17:31:48.308;29873324
0;05-03-2025 01:49:41.792;05-03-2025 00:38:48.125;4253667
2;05-03-2025 01:49:45.015;04-03-2025 17:31:48.308;29876707
2;05-03-2025 01:49:47.149;04-03-2025 17:31:48.308;29878841
0;05-03-2025 01:49:47.978;05-03-2025 00:38:48.125;4259853
0;05-03-2025 01:49:48.050;05-03-2025 00:38:48.125;4259925
2;05-03-2025 01:49:51.056;04-03-2025 17:31:48.308;29882748
2;05-03-2025 01:50:01.035;04-03-2025 17:31:48.308;29892727
2;05-03-2025 01:50:03.314;04-03-2025 17:31:48.308;29895006
0;05-03-2025 01:50:11.372;05-03-2025 00:38:48.125;4283247
0;05-03-2025 01:50:13.892;05-03-2025 00:38:48.125;4285767
2;05-03-2025 01:50:13.939;04-03-2025 17:31:48.308;29905631
0;05-03-2025 01:50:15.329;05-03-2025 00:38:48.125;4287204
2;05-03-2025 01:50:15.356;04-03-2025 17:31:48.308;29907048
0;05-03-2025 01:50:16.318;05-03-2025 00:38:48.125;4288193
2;05-03-2025 01:50:19.637;04-03-2025 17:31:48.308;29911329
0;05-03-2025 01:50:20.197;05-03-2025 00:38:48.125;4292072
0;05-03-2025 01:50:22.303;05-03-2025 00:38:48.125;4294178
0;05-03-2025 01:50:27.445;05-03-2025 00:38:48.125;4299320
2;05-03-2025 01:50:28.376;04-03-2025 17:31:48.308;29920068
2;05-03-2025 01:50:32.015;04-03-2025 17:31:48.308;29923707
2;05-03-2025 01:50:34.549;04-03-2025 17:31:48.308;29926241
2;05-03-2025 01:50:35.922;04-03-2025 17:31:48.308;29927614
2;05-03-2025 01:50:38.066;04-03-2025 17:31:48.308;29929758
0;05-03-2025 01:50:39.424;05-03-2025 00:38:48.125;4311299
0;05-03-2025 01:50:44.383;05-03-2025 00:38:48.125;4316258
0;05-03-2025 01:50:47.087;05-03-2025 00:38:48.125;4318962
0;05-03-2025 01:50:48.930;05-03-2025 00:38:48.125;4320805
2;05-03-2025 01:50:50.306;04-03-2025 17:31:48.308;29941998
2;05-03-2025 01:50:52.128;04-03-2025 17:31:48.308;29943820
0;05-03-2025 01:50:52.362;05-03-2025 00:38:48.125;4324237
0;05-03-2025 01:50:53.015;05-03-2025 00:38:48.125;4324890
2;05-03-2025 01:50:55.440;04-03-2025 17:31:48.308;29947132
0;05-03-2025 01:51:05.989;05-03-2025 00:38:48.125;4337864
2;05-03-2025 01:51:06.090;04-03-2025 17:31:48.308;29957782
2;05-03-2025 01:51:06.146;04-03-2025 17:31:48.308;29957838
0;05-03-2025 01:51:10.954;05-03-2025 00:38:48.125;4342829
2;05-03-2025 01:51:13.085;04-03-2025 17:31:48.308;29964777
0;05-03-2025 01:51:16.857;05-03-2025 00:38:48.125;4348732
0;05-03-2025 01:51:23.879;05-03-2025 00:38:48.125;4355754
0;05-03-2025 01:51:24.034;05-03-2025 00:38:48.125;4355909
0;05-03-2025 01:51:25.589;05-03-2025 00:38:48.125;4357464
2;05-03-2025 01:51:28.187;04-03-2025 17:31:48.308;29979879
2;05-03-2025 01:51:29.088;04-03-2025 17:31:48.308;29980780
0;05-03-2025 01:51:34.098;05-03-2025 00:38:48.125;4365973
0;05-03-2025 01:51:35.588;05-03-2025 00:38:48.125;4367463
2;05-03-2025 01:51:35.944;04-03-2025 17:31:48.308;29987636
2;05-03-2025 01:51:38.393;04-03-2025 17:31:48.308;29990085
2;05-03-2025 01:51:41.641;04-03-2025 17:31:48.308;29993333
2;05-03-2025 01:51:42.562;04-03-2025 17:31:48.308;29994254
0;05-03-2025 01:51:46.999;05-03-2025 00:38:48.125;4378874
0;05-03-2025 01:51:50.115;05-03-2025 00:38:48.125;4381990
2;05-03-2025 01:51:50.920;04-03-2025 17:31:48.308;30002612
0;05-03-2025 01:51:53.114;05-03-2025 00:38:48.125;4384989
2;05-03-2025 01:51:53.304;04-03-2025 17:31:48.308;30004996
0;05-03-2025 01:51:55.285;05-03-2025 00:38:48.125;4387160
0;05-03-2025 01:51:58.310;05-03-2025 00:38:48.125;4390185
0;05-03-2025 01:52:02.049;05-03-2025 00:38:48.125;4393924
2;05-03-2025 01:52:07.326;04-03-2025 17:31:48.308;30019018
2;05-03-2025 01:52:09.733;04-03-2025 17:31:48.308;30021425
0;05-03-2025 01:52:11.180;05-03-2025 00:38:48.125;4403055
2;05-03-2025 01:52:12.854;04-03-2025 17:31:48.308;30024546
2;05-03-2025 01:52:13.305;04-03-2025 17:31:48.308;30024997
2;05-03-2025 01:52:21.818;04-03-2025 17:31:48.308;30033510
2;05-03-2025 01:52:24.013;04-03-2025 17:31:48.308;30035705
0;05-03-2025 01:52:26.901;05-03-2025 00:38:48.125;4418776
2;05-03-2025 01:52:26.963;04-03-2025 17:31:48.308;30038655
2;05-03-2025 01:52:27.500;04-03-2025 17:31:48.308;30039192
0;05-03-2025 01:52:27.725;05-03-2025 00:38:48.125;4419600
2;05-03-2025 01:52:31.816;04-03-2025 17:31:48.308;30043508
0;05-03-2025 01:52:32.475;05-03-2025 00:38:48.125;4424350
0;05-03-2025 01:52:33.855;05-03-2025 00:38:48.125;4425730
0;05-03-2025 01:52:34.072;05-03-2025 00:38:48.125;4425947
2;05-03-2025 01:52:40.183;04-03-2025 17:31:48.308;30051875
0;05-03-2025 01:52:43.159;05-03-2025 00:38:48.125;4435034
2;05-03-2025 01:52:45.248;04-03-2025 17:31:48.308;30056940
0;05-03-2025 01:52:52.758;05-03-2025 00:38:48.125;4444633
2;05-03-2025 01:52:53.726;04-03-2025 17:31:48.308;30065418
0;05-03-2025 01:52:58.074;05-03-2025 00:38:48.125;4449949
0;05-03-2025 01:52:59.223;05-03-2025 00:38:48.125;4451098
2;05-03-2025 01:53:03.430;04-03-2025 17:31:48.308;30075122
2;05-03-2025 01:53:07.086;04-03-2025 17:31:48.308;30078778
2;05-03-2025 01:53:07.886;04-03-2025 17:31:48.308;30079578
0;05-03-2025 01:53:10.493;05-03-2025 00:38:48.125;4462368
2;05-03-2025 01:53:13.706;04-03-2025 17:31:48.308;30085398
2;05-03-2025 01:53:13.801;04-03-2025 17:31:48.308;30085493
0;05-03-2025 01:53:15.233;05-03-2025 00:38:48.125;4467108
0;05-03-2025 01:53:16.822;05-03-2025 00:38:48.125;4468697
2;05-03-2025 01:53:21.374;04-03-2025 17:31:48.308;30093066
0;05-03-2025 01:53:23.096;05-03-2025 00:38:48.125;4474971
0;05-03-2025 01:53:23.488;05-03-2025 00:38:48.125;4475363
0;05-03-2025 01:53:29.157;05-03-2025 00:38:48.125;4481032
0;05-03-2025 01:53:30.525;05-03-2025 00:38:48.125;4482400
0;05-03-2025 01:53:31.344;05-03-2025 00:38:48.125;4483219
2;05-03-2025 01:53:33.918;04-03-2025 17:31:48.308;30105610
0;05-03-2025 01:53:39.963;05-03-2025 00:38:48.125;4491838
2;05-03-2025 01:53:42.131;04-03-2025 17:31:48.308;30113823
2;05-03-2025 01:53:46.870;04-03-2025 17:31:48.308;30118562
0;05-03-2025 01:53:52.987;05-03-2025 00:38:48.125;4504862
0;05-03-2025 01:53:55.077;05-03-2025 00:38:48.125;4506952
0;05-03-2025 01:53:55.259;05-03-2025 00:38:48.125;4507134
0;05-03-2025 01:53:55.501;05-03-2025 00:38:48.125;4507376
2;05-03-2025 01:53:58.494;04-03-2025 17:31:48.308;30130186
2;05-03-2025 01:53:59.343;04-03-2025 17:31:48.308;30131035
0;05-03-2025 01:54:00.342;05-03-2025 00:38:48.125;4512217
2;05-03-2025 01:54:01.050;04-03-2025 17:31:48.308;30132742
2;05-03-2025 01:54:02.458;04-03-2025 17:31:48.308;30134150
2;05-03-2025 01:54:06.480;04-03-2025 17:31:48.308;30138172
2;05-03-2025 01:54:06.542;04-03-2025 17:31:48.308;30138234
2;05-03-2025 01:54:10.966;04-03-2025 17:31:48.308;30142658
0;05-03-2025 01:54:14.678;05-03-2025 00:38:48.125;4526553
2;05-03-2025 01:54:24.634;04-03-2025 17:31:48.308;30156326
0;05-03-2025 01:54:25.749;05-03-2025 00:38:48.125;4537624
2;05-03-2025 01:54:27.348;04-03-2025 17:31:48.308;30159040
0;05-03-2025 01:54:27.611;05-03-2025 00:38:48.125;4539486
0;05-03-2025 01:54:30.270;05-03-2025 00:38:48.125;4542145
2;05-03-2025 01:54:34.939;04-03-2025 17:31:48.308;30166631
2;05-03-2025 01:54:36.901;04-03-2025 17:31:48.308;30168593
0;05-03-2025 01:54:38.230;05-03-2025 00:38:48.125;4550105
2;05-03-2025 01:54:39.556;04-03-2025 17:31:48.308;30171248
2;05-03-2025 01:54:41.146;04-03-2025 17:31:48.308;30172838
0;05-03-2025 01:54:42.155;05-03-2025 00:38:48.125;4554030
0;05-03-2025 01:54:46.912;05-03-2025 00:38:48.125;4558787
2;05-03-2025 01:54:47.893;04-03-2025 17:31:48.308;30179585
0;05-03-2025 01:54:48.748;05-03-2025 00:38:48.125;4560623
2;05-03-2025 01:54:49.102;04-03-2025 17:31:48.308;30180794
2;05-03-2025 01:54:51.453;04-03-2025 17:31:48.308;30183145
0;05-03-2025 01:54:52.544;05-03-2025 00:38:48.125;4564419
0;05-03-2025 01:54:59.168;05-03-2025 00:38:48.125;4571043
2;05-03-2025 01:54:59.430;04-03-2025 17:31:48.308;30191122
2;05-03-2025 01:55:03.205;04-03-2025 17:31:48.308;30194897
2;05-03-2025 01:55:03.596;04-03-2025 17:31:48.308;30195288
0;05-03-2025 01:55:09.534;05-03-2025 00:38:48.125;4581409
0;05-03-2025 01:55:10.967;05-03-2025 00:38:48.125;4582842
0;05-03-2025 01:55:15.001;05-03-2025 00:38:48.125;4586876
2;05-03-2025 01:55:18.246;04-03-2025 17:31:48.308;30209938
0;05-03-2025 01:55:22.172;05-03-2025 00:38:48.125;4594047
0;05-03-2025 01:55:22.584;05-03-2025 00:38:48.125;4594459
0;05-03-2025 01:55:23.090;05-03-2025 00:38:48.125;4594965
0;05-03-2025 01:55:24.884;05-03-2025 00:38:48.125;4596759
2;05-03-2025 01:55:27.059;04-03-2025 17:31:48.308;30218751
2;05-03-2025 01:55:31.673;04-03-2025 17:31:48.308;30223365
2;05-03-2025 01:55:32.696;04-03-2025 17:31:48.308;30224388
0;05-03-2025 01:55:39.300;05-03-2025 00:38:48.125;4611175
0;05-03-2025 01:55:40.914;05-03-2025 00:38:48.125;4612789
0;05-03-2025 01:55:46.782;05-03-2025 00:38:48.125;4618657
2;05-03-2025 01:55:48.654;04-03-2025 17:31:48.308;30240346
2;05-03-2025 01:55:48.895;04-03-2025 17:31:48.308;30240587
2;05-03-2025 01:55:50.221;04-03-2025 17:31:48.308;30241913
0;05-03-2025 01:55:50.988;05-03-2025 00:38:48.125;4622863
2;05-03-2025 01:55:53.137;04-03-2025 17:31:48.308;30244829
0;05-03-2025 01:56:01.682;05-03-2025 00:38:48.125;4633557
2;05-03-2025 01:56:03.407;04-03-2025 17:31:48.308;30255099
2;05-03-2025 01:56:03.430;04-03-2025 17:31:48.308;30255122
2;05-03-2025 01:56:03.446;04-03-2025 17:31:48.308;30255138
0;05-03-2025 01:56:05.197;05-03-2025 00:38:48.125;4637072
0;05-03-2025 01:56:12.393;05-03-2025 00:38:48.125;4644268
2;05-03-2025 01:56:15.511;04-03-2025 17:31:48.308;30267203
0;05-03-2025 01:56:17.080;05-03-2025 00:38:48.125;4648955
2;05-03-2025 01:56:21.791;04-03-2025 17:31:48.308;30273483
2;05-03-2025 01:56:25.533;04-03-2025 17:31:48.308;30277225
0;05-03-2025 01:56:25.771;05-03-2025 00:38:48.125;4657646
0;05-03-2025 01:56:27.314;05-03-2025 00:38:48.125;4659189
2;05-03-2025 01:56:30.055;04-03-2025 17:31:48.308;30281747
0;05-03-2025 01:56:30.746;05-03-2025 00:38:48.125;4662621
2;05-03-2025 01:56:38.148;04-03-2025 17:31:48.308;30289840
2;05-03-2025 01:56:43.754;04-03-2025 17:31:48.308;30295446
2;05-03-2025 01:56:45.270;04-03-2025 17:31:48.308;30296962
0;05-03-2025 01:56:45.862;05-03-2025 00:38:48.125;4677737
2;05-03-2025 01:56:47.190;04-03-2025 17:31:48.308;30298882
0;05-03-2025 01:56:47.882;05-03-2025 00:38:48.125;4679757
0;05-03-2025 01:56:48.496;05-03-2025 00:38:48.125;4680371
2;05-03-2025 01:56:48.681;04-03-2025 17:31:48.308;30300373
0;05-03-2025 01:56:50.620;05-03-2025 00:38:48.125;4682495
2;05-03-2025 01:56:50.672;04-03-2025 17:31:48.308;30302364
0;05-03-2025 01:56:55.964;05-03-2025 00:38:48.125;4687839
0;05-03-2025 01:56:57.588;05-03-2025 00:38:48.125;4689463
0;05-03-2025 01:57:01.114;05-03-2025 00:38:48.125;4692989
2;05-03-2025 01:57:04.197;04-03-2025 17:31:48.308;30315889
0;05-03-2025 01:57:05.616;05-03-2025 00:38:48.125;4697491
0;05-03-2025 01:57:07.109;05-03-2025 00:38:48.125;4698984
2;05-03-2025 01:57:07.765;04-03-2025 17:31:48.308;30319457
2;05-03-2025 01:57:11.768;04-03-2025 17:31:48.308;30323460
2;05-03-2025 01:57:13.074;04-03-2025 17:31:48.308;30324766
0;05-03-2025 01:57:17.393;05-03-2025 00:38:48.125;4709268
2;05-03-2025 01:57:22.037;04-03-2025 17:31:48.308;30333729
0;05-03-2025 01:57:24.067;05-03-2025 00:38:48.125;4715942
0;05-03-2025 01:57:24.701;05-03-2025 00:38:48.125;4716576
2;05-03-2025 01:57:31.996;04-03-2025 17:31:48.308;30343688
2;05-03-2025 01:57:37.791;04-03-2025 17:31:48.308;30349483
2;05-03-2025 01:57:38.753;04-03-2025 17:31:48.308;30350445
2;05-03-2025 01:57:44.492;04-03-2025 17:31:48.308;30356184
0;05-03-2025 01:57:45.602;05-03-2025 00:38:48.125;4737477
2;05-03-2025 01:57:47.030;04-03-2025 17:31:48.308;30358722
2;05-03-2025 01:57:47.941;04-03-2025 17:31:48.308;30359633
0;05-03-2025 01:57:48.983;05-03-2025 00:38:48.125;4740858
0;05-03-2025 01:57:49.137;05-03-2025 00:38:48.125;4741012
2;05-03-2025 01:57:52.229;04-03-2025 17:31:48.308;30363921
0;05-03-2025 01:57:52.871;05-03-2025 00:38:48.125;4744746
0;05-03-2025 01:57:57.658;05-03-2025 00:38:48.125;4749533
0;05-03-2025 01:57:58.309;05-03-2025 00:38:48.125;4750184
0;05-03-2025 01:58:00.098;05-03-2025 00:38:48.125;4751973
2;05-03-2025 01:58:00.873;04-03-2025 17:31:48.308;30372565
2;05-03-2025 01:58:02.734;04-03-2025 17:31:48.308;30374426
0;05-03-2025 01:58:08.008;05-03-2025 00:38:48.125;4759883
2;05-03-2025 01:58:11.950;04-03-2025 17:31:48.308;30383642
2;05-03-2025 01:58:12.622;04-03-2025 17:31:48.308;30384314
0;05-03-2025 01:58:13.023;05-03-2025 00:38:48.125;4764898
2;05-03-2025 01:58:16.727;04-03-2025 17:31:48.308;30388419
0;05-03-2025 01:58:20.736;05-03-2025 00:38:48.125;4772611
0;05-03-2025 01:58:20.978;05-03-2025 00:38:48.125;4772853
2;05-03-2025 01:58:21.096;04-03-2025 17:31:48.308;30392788
0;05-03-2025 01:58:21.661;05-03-2025 00:38:48.125;4773536
0;05-03-2025 01:58:32.415;05-03-2025 00:38:48.125;4784290
0;05-03-2025 01:58:35.351;05-03-2025 00:38:48.125;4787226
2;05-03-2025 01:58:36.115;04-03-2025 17:31:48.308;30407807
0;05-03-2025 01:58:38.178;05-03-2025 00:38:48.125;4790053
2;05-03-2025 01:58:40.891;04-03-2025 17:31:48.308;30412583
0;05-03-2025 01:58:43.792;05-03-2025 00:38:48.125;4795667
2;05-03-2025 01:58:52.347;04-03-2025 17:31:48.308;30424039
0;05-03-2025 01:58:54.503;05-03-2025 00:38:48.125;4806378
2;05-03-2025 01:58:58.170;04-03-2025 17:31:48.308;30429862
2;05-03-2025 01:58:59.294;04-03-2025 17:31:48.308;30430986
2;05-03-2025 01:59:01.769;04-03-2025 17:31:48.308;30433461
0;05-03-2025 01:59:02.576;05-03-2025 00:38:48.125;4814451
2;05-03-2025 01:59:03.833;04-03-2025 17:31:48.308;30435525
2;05-03-2025 01:59:04.957;04-03-2025 17:31:48.308;30436649
2;05-03-2025 01:59:06.310;04-03-2025 17:31:48.308;30438002
0;05-03-2025 01:59:07.745;05-03-2025 00:38:48.125;4819620
0;05-03-2025 01:59:09.699;05-03-2025 00:38:48.125;4821574
0;05-03-2025 01:59:12.668;05-03-2025 00:38:48.125;4824543
2;05-03-2025 01:59:13.630;04-03-2025 17:31:48.308;30445322
0;05-03-2025 01:59:19.722;05-03-2025 00:38:48.125;4831597
2;05-03-2025 01:59:20.134;04-03-2025 17:31:48.308;30451826
0;05-03-2025 01:59:21.431;05-03-2025 00:38:48.125;4833306
2;05-03-2025 01:59:24.398;04-03-2025 17:31:48.308;30456090
0;05-03-2025 01:59:26.123;05-03-2025 00:38:48.125;4837998
2;05-03-2025 01:59:33.114;04-03-2025 17:31:48.308;30464806
0;05-03-2025 01:59:39.129;05-03-2025 00:38:48.125;4851004
2;05-03-2025 01:59:39.638;04-03-2025 17:31:48.308;30471330
0;05-03-2025 01:59:42.823;05-03-2025 00:38:48.125;4854698
2;05-03-2025 01:59:44.764;04-03-2025 17:31:48.308;30476456
0;05-03-2025 01:59:44.949;05-03-2025 00:38:48.125;4856824
2;05-03-2025 01:59:48.712;04-03-2025 17:31:48.308;30480404
0;05-03-2025 01:59:49.018;05-03-2025 00:38:48.125;4860893
2;05-03-2025 01:59:50.400;04-03-2025 17:31:48.308;30482092
0;05-03-2025 01:59:52.482;05-03-2025 00:38:48.125;4864357
0;05-03-2025 01:59:53.642;05-03-2025 00:38:48.125;4865517
2;05-03-2025 01:59:58.523;04-03-2025 17:31:48.308;30490215
0;05-03-2025 02:00:04.412;05-03-2025 00:38:48.125;4876287
2;05-03-2025 02:00:05.081;04-03-2025 17:31:48.308;30496773
2;05-03-2025 02:00:05.153;04-03-2025 17:31:48.308;30496845
2;05-03-2025 02:00:12.432;04-03-2025 17:31:48.308;30504124
0;05-03-2025 02:00:12.702;05-03-2025 00:38:48.125;4884577
0;05-03-2025 02:00:13.787;05-03-2025 00:38:48.125;4885662
0;05-03-2025 02:00:14.267;05-03-2025 00:38:48.125;4886142
0;05-03-2025 02:00:22.118;05-03-2025 00:38:48.125;4893993
2;05-03-2025 02:00:24.040;04-03-2025 17:31:48.308;30515732
0;05-03-2025 02:00:30.949;05-03-2025 00:38:48.125;4902824
0;05-03-2025 02:00:32.442;05-03-2025 00:38:48.125;4904317
2;05-03-2025 02:00:34.900;04-03-2025 17:31:48.308;30526592
0;05-03-2025 02:00:36.141;05-03-2025 00:38:48.125;4908016
0;05-03-2025 02:00:39.598;05-03-2025 00:38:48.125;4911473
2;05-03-2025 02:00:41.805;04-03-2025 17:31:48.308;30533497
2;05-03-2025 02:00:45.829;04-03-2025 17:31:48.308;30537521
2;05-03-2025 02:00:46.193;04-03-2025 17:31:48.308;30537885
2;05-03-2025 02:00:49.749;04-03-2025 17:31:48.308;30541441
2;05-03-2025 02:00:49.774;04-03-2025 17:31:48.308;30541466
0;05-03-2025 02:00:50.445;05-03-2025 00:38:48.125;4922320
2;05-03-2025 02:00:50.514;04-03-2025 17:31:48.308;30542206
0;05-03-2025 02:00:58.002;05-03-2025 00:38:48.125;4929877
0;05-03-2025 02:01:01.461;05-03-2025 00:38:48.125;4933336
0;05-03-2025 02:01:05.154;05-03-2025 00:38:48.125;4937029
2;05-03-2025 02:01:10.187;04-03-2025 17:31:48.308;30561879
2;05-03-2025 02:01:13.047;04-03-2025 17:31:48.308;30564739
0;05-03-2025 02:01:14.740;05-03-2025 00:38:48.125;4946615
2;05-03-2025 02:01:15.269;04-03-2025 17:31:48.308;30566961
2;05-03-2025 02:01:15.276;04-03-2025 17:31:48.308;30566968
0;05-03-2025 02:01:18.463;05-03-2025 00:38:48.125;4950338
2;05-03-2025 02:01:24.235;04-03-2025 17:31:48.308;30575927
2;05-03-2025 02:01:26.474;04-03-2025 17:31:48.308;30578166
0;05-03-2025 02:01:27.924;05-03-2025 00:38:48.125;4959799
2;05-03-2025 02:01:28.434;04-03-2025 17:31:48.308;30580126
0;05-03-2025 02:01:30.732;05-03-2025 00:38:48.125;4962607
0;05-03-2025 02:01:31.245;05-03-2025 00:38:48.125;4963120
2;05-03-2025 02:01:32.144;04-03-2025 17:31:48.308;30583836
0;05-03-2025 02:01:33.384;05-03-2025 00:38:48.125;4965259
2;05-03-2025 02:01:36.472;04-03-2025 17:31:48.308;30588164
0;05-03-2025 02:01:42.062;05-03-2025 00:38:48.125;4973937
2;05-03-2025 02:01:45.493;04-03-2025 17:31:48.308;30597185
0;05-03-2025 02:01:45.616;05-03-2025 00:38:48.125;4977491
0;05-03-2025 02:01:48.090;05-03-2025 00:38:48.125;4979965
2;05-03-2025 02:01:56.232;04-03-2025 17:31:48.308;30607924
2;05-03-2025 02:01:58.795;04-03-2025 17:31:48.308;30610487
0;05-03-2025 02:01:58.822;05-03-2025 00:38:48.125;4990697
2;05-03-2025 02:02:01.146;04-03-2025 17:31:48.308;30612838
0;05-03-2025 02:02:01.278;05-03-2025 00:38:48.125;4993153
2;05-03-2025 02:02:04.766;04-03-2025 17:31:48.308;30616458
0;05-03-2025 02:02:05.050;05-03-2025 00:38:48.125;4996925
2;05-03-2025 02:02:09.217;04-03-2025 17:31:48.308;30620909
0;05-03-2025 02:02:11.635;05-03-2025 00:38:48.125;5003510
0;05-03-2025 02:02:14.125;05-03-2025 00:38:48.125;5006000
2;05-03-2025 02:02:14.683;04-03-2025 17:31:48.308;30626375
0;05-03-2025 02:02:16.092;05-03-2025 00:38:48.125;5007967
0;05-03-2025 02:02:16.742;05-03-2025 00:38:48.125;5008617
2;05-03-2025 02:02:18.418;04-03-2025 17:31:48.308;30630110
2;05-03-2025 02:02:20.010;04-03-2025 17:31:48.308;30631702
2;05-03-2025 02:02:24.090;04-03-2025 17:31:48.308;30635782
0;05-03-2025 02:02:27.360;05-03-2025 00:38:48.125;5019235
2;05-03-2025 02:02:28.632;04-03-2025 17:31:48.308;30640324
0;05-03-2025 02:02:30.880;05-03-2025 00:38:48.125;5022755
0;05-03-2025 02:02:35.272;05-03-2025 00:38:48.125;5027147
0;05-03-2025 02:02:40.838;05-03-2025 00:38:48.125;5032713
2;05-03-2025 02:02:45.134;04-03-2025 17:31:48.308;30656826
0;05-03-2025 02:02:47.550;05-03-2025 00:38:48.125;5039425
2;05-03-2025 02:02:48.626;04-03-2025 17:31:48.308;30660318
2;05-03-2025 02:02:51.977;04-03-2025 17:31:48.308;30663669
0;05-03-2025 02:02:52.784;05-03-2025 00:38:48.125;5044659
2;05-03-2025 02:02:53.494;04-03-2025 17:31:48.308;30665186
0;05-03-2025 02:02:53.567;05-03-2025 00:38:48.125;5045442
2;05-03-2025 02:02:56.982;04-03-2025 17:31:48.308;30668674
2;05-03-2025 02:02:59.823;04-03-2025 17:31:48.308;30671515
0;05-03-2025 02:03:04.063;05-03-2025 00:38:48.125;5055938
0;05-03-2025 02:03:08.725;05-03-2025 00:38:48.125;5060600
2;05-03-2025 02:03:09.050;04-03-2025 17:31:48.308;30680742
2;05-03-2025 02:03:11.596;04-03-2025 17:31:48.308;30683288
0;05-03-2025 02:03:12.310;05-03-2025 00:38:48.125;5064185
2;05-03-2025 02:03:16.560;04-03-2025 17:31:48.308;30688252
0;05-03-2025 02:03:20.878;05-03-2025 00:38:48.125;5072753
2;05-03-2025 02:03:23.303;04-03-2025 17:31:48.308;30694995
2;05-03-2025 02:03:26.270;04-03-2025 17:31:48.308;30697962
2;05-03-2025 02:03:28.851;04-03-2025 17:31:48.308;30700543
0;05-03-2025 02:03:30.532;05-03-2025 00:38:48.125;5082407
2;05-03-2025 02:03:33.209;04-03-2025 17:31:48.308;30704901
0;05-03-2025 02:03:38.177;05-03-2025 00:38:48.125;5090052
0;05-03-2025 02:03:38.656;05-03-2025 00:38:48.125;5090531
0;05-03-2025 02:03:39.440;05-03-2025 00:38:48.125;5091315
2;05-03-2025 02:03:45.642;04-03-2025 17:31:48.308;30717334
0;05-03-2025 02:03:48.176;05-03-2025 00:38:48.125;5100051
2;05-03-2025 02:03:48.801;04-03-2025 17:31:48.308;30720493
0;05-03-2025 02:03:53.615;05-03-2025 00:38:48.125;5105490
0;05-03-2025 02:03:56.787;05-03-2025 00:38:48.125;5108662
0;05-03-2025 02:03:59.943;05-03-2025 00:38:48.125;5111818
0;05-03-2025 02:04:01.066;05-03-2025 00:38:48.125;5112941
2;05-03-2025 02:04:03.971;04-03-2025 17:31:48.308;30735663
0;05-03-2025 02:04:10.481;05-03-2025 00:38:48.125;5122356
2;05-03-2025 02:04:11.169;04-03-2025 17:31:48.308;30742861
2;05-03-2025 02:04:11.981;04-03-2025 17:31:48.308;30743673
2;05-03-2025 02:04:13.850;04-03-2025 17:31:48.308;30745542
2;05-03-2025 02:04:16.551;04-03-2025 17:31:48.308;30748243
2;05-03-2025 02:04:17.003;04-03-2025 17:31:48.308;30748695
0;05-03-2025 02:04:19.079;05-03-2025 00:38:48.125;5130954
0;05-03-2025 02:04:20.121;05-03-2025 00:38:48.125;5131996
2;05-03-2025 02:04:26.728;04-03-2025 17:31:48.308;30758420
0;05-03-2025 02:04:31.620;05-03-2025 00:38:48.125;5143495
0;05-03-2025 02:04:31.849;05-03-2025 00:38:48.125;5143724
0;05-03-2025 02:04:32.834;05-03-2025 00:38:48.125;5144709
0;05-03-2025 02:04:35.794;05-03-2025 00:38:48.125;5147669
2;05-03-2025 02:04:38.533;04-03-2025 17:31:48.308;30770225
0;05-03-2025 02:04:41.361;05-03-2025 00:38:48.125;5153236
2;05-03-2025 02:04:42.329;04-03-2025 17:31:48.308;30774021
2;05-03-2025 02:04:43.664;04-03-2025 17:31:48.308;30775356
2;05-03-2025 02:04:44.775;04-03-2025 17:31:48.308;30776467
2;05-03-2025 02:04:46.125;04-03-2025 17:31:48.308;30777817
0;05-03-2025 02:04:46.218;05-03-2025 00:38:48.125;5158093
2;05-03-2025 02:04:47.807;04-03-2025 17:31:48.308;30779499
2;05-03-2025 02:04:51.784;04-03-2025 17:31:48.308;30783476
0;05-03-2025 02:04:58.376;05-03-2025 00:38:48.125;5170251
2;05-03-2025 02:05:07.579;04-03-2025 17:31:48.308;30799271
0;05-03-2025 02:05:07.655;05-03-2025 00:38:48.125;5179530
2;05-03-2025 02:05:08.299;04-03-2025 17:31:48.308;30799991
0;05-03-2025 02:05:08.599;05-03-2025 00:38:48.125;5180474
0;05-03-2025 02:05:09.180;05-03-2025 00:38:48.125;5181055
0;05-03-2025 02:05:10.242;05-03-2025 00:38:48.125;5182117
0;05-03-2025 02:05:15.151;05-03-2025 00:38:48.125;5187026
2;05-03-2025 02:05:18.448;04-03-2025 17:31:48.308;30810140
0;05-03-2025 02:05:19.910;05-03-2025 00:38:48.125;5191785
2;05-03-2025 02:05:24.311;04-03-2025 17:31:48.308;30816003
0;05-03-2025 02:05:31.832;05-03-2025 00:38:48.125;5203707
2;05-03-2025 02:05:39.444;04-03-2025 17:31:48.308;30831136
2;05-03-2025 02:05:39.829;04-03-2025 17:31:48.308;30831521
0;05-03-2025 02:05:40.811;05-03-2025 00:38:48.125;5212686
0;05-03-2025 02:05:41.181;05-03-2025 00:38:48.125;5213056
2;05-03-2025 02:05:41.480;04-03-2025 17:31:48.308;30833172
0;05-03-2025 02:05:41.667;05-03-2025 00:38:48.125;5213542
2;05-03-2025 02:05:46.589;04-03-2025 17:31:48.308;30838281
0;05-03-2025 02:05:46.773;05-03-2025 00:38:48.125;5218648
0;05-03-2025 02:05:47.505;05-03-2025 00:38:48.125;5219380
0;05-03-2025 02:05:48.039;05-03-2025 00:38:48.125;5219914
2;05-03-2025 02:05:50.769;04-03-2025 17:31:48.308;30842461
2;05-03-2025 02:05:52.079;04-03-2025 17:31:48.308;30843771
2;05-03-2025 02:05:52.769;04-03-2025 17:31:48.308;30844461
2;05-03-2025 02:05:56.950;04-03-2025 17:31:48.308;30848642
2;05-03-2025 02:05:58.347;04-03-2025 17:31:48.308;30850039
2;05-03-2025 02:06:03.032;04-03-2025 17:31:48.308;30854724
2;05-03-2025 02:06:09.469;04-03-2025 17:31:48.308;30861161
2;05-03-2025 02:06:09.625;04-03-2025 17:31:48.308;30861317
0;05-03-2025 02:06:10.310;05-03-2025 00:38:48.125;5242185
0;05-03-2025 02:06:11.212;05-03-2025 00:38:48.125;5243087
0;05-03-2025 02:06:11.422;05-03-2025 00:38:48.125;5243297
2;05-03-2025 02:06:16.965;04-03-2025 17:31:48.308;30868657
0;05-03-2025 02:06:17.564;05-03-2025 00:38:48.125;5249439
2;05-03-2025 02:06:28.150;04-03-2025 17:31:48.308;30879842
0;05-03-2025 02:06:35.047;05-03-2025 00:38:48.125;5266922
0;05-03-2025 02:06:35.954;05-03-2025 00:38:48.125;5267829
0;05-03-2025 02:06:37.413;05-03-2025 00:38:48.125;5269288
0;05-03-2025 02:06:42.480;05-03-2025 00:38:48.125;5274355
0;05-03-2025 02:06:43.775;05-03-2025 00:38:48.125;5275650
0;05-03-2025 02:06:46.589;05-03-2025 00:38:48.125;5278464
2;05-03-2025 02:06:47.178;04-03-2025 17:31:48.308;30898870
2;05-03-2025 02:06:51.231;04-03-2025 17:31:48.308;30902923
0;05-03-2025 02:06:52.234;05-03-2025 00:38:48.125;5284109
0;05-03-2025 02:06:53.344;05-03-2025 00:38:48.125;5285219
2;05-03-2025 02:06:57.752;04-03-2025 17:31:48.308;30909444
2;05-03-2025 02:06:58.114;04-03-2025 17:31:48.308;30909806
0;05-03-2025 02:07:00.130;05-03-2025 00:38:48.125;5292005
0;05-03-2025 02:07:01.513;05-03-2025 00:38:48.125;5293388
2;05-03-2025 02:07:03.634;04-03-2025 17:31:48.308;30915326
2;05-03-2025 02:07:03.681;04-03-2025 17:31:48.308;30915373
2;05-03-2025 02:07:09.590;04-03-2025 17:31:48.308;30921282
2;05-03-2025 02:07:11.715;04-03-2025 17:31:48.308;30923407
2;05-03-2025 02:07:14.662;04-03-2025 17:31:48.308;30926354
0;05-03-2025 02:07:18.942;05-03-2025 00:38:48.125;5310817
2;05-03-2025 02:07:19.922;04-03-2025 17:31:48.308;30931614
0;05-03-2025 02:07:24.594;05-03-2025 00:38:48.125;5316469
0;05-03-2025 02:07:28.846;05-03-2025 00:38:48.125;5320721
2;05-03-2025 02:07:29.815;04-03-2025 17:31:48.308;30941507
2;05-03-2025 02:07:31.565;04-03-2025 17:31:48.308;30943257
0;05-03-2025 02:07:34.209;05-03-2025 00:38:48.125;5326084
0;05-03-2025 02:07:39.483;05-03-2025 00:38:48.125;5331358
2;05-03-2025 02:07:40.348;04-03-2025 17:31:48.308;30952040
0;05-03-2025 02:07:41.589;05-03-2025 00:38:48.125;5333464
0;05-03-2025 02:07:43.834;05-03-2025 00:38:48.125;5335709
2;05-03-2025 02:07:43.865;04-03-2025 17:31:48.308;30955557
0;05-03-2025 02:07:51.927;05-03-2025 00:38:48.125;5343802
2;05-03-2025 02:07:53.340;04-03-2025 17:31:48.308;30965032
2;05-03-2025 02:07:55.136;04-03-2025 17:31:48.308;30966828
2;05-03-2025 02:07:56.997;04-03-2025 17:31:48.308;30968689
2;05-03-2025 02:08:01.312;04-03-2025 17:31:48.308;30973004
0;05-03-2025 02:08:04.042;05-03-2025 00:38:48.125;5355917
0;05-03-2025 02:08:08.168;05-03-2025 00:38:48.125;5360043
2;05-03-2025 02:08:12.620;04-03-2025 17:31:48.308;30984312
0;05-03-2025 02:08:12.777;05-03-2025 00:38:48.125;5364652
2;05-03-2025 02:08:13.172;04-03-2025 17:31:48.308;30984864
2;05-03-2025 02:08:15.697;04-03-2025 17:31:48.308;30987389
2;05-03-2025 02:08:18.028;04-03-2025 17:31:48.308;30989720
0;05-03-2025 02:08:20.958;05-03-2025 00:38:48.125;5372833
0;05-03-2025 02:08:21.476;05-03-2025 00:38:48.125;5373351
2;05-03-2025 02:08:21.607;04-03-2025 17:31:48.308;30993299
0;05-03-2025 02:08:23.132;05-03-2025 00:38:48.125;5375007
0;05-03-2025 02:08:23.228;05-03-2025 00:38:48.125;5375103
2;05-03-2025 02:08:23.296;04-03-2025 17:31:48.308;30994988
2;05-03-2025 02:08:29.399;04-03-2025 17:31:48.308;31001091
2;05-03-2025 02:08:32.787;04-03-2025 17:31:48.308;31004479
0;05-03-2025 02:08:33.856;05-03-2025 00:38:48.125;5385731
0;05-03-2025 02:08:37.348;05-03-2025 00:38:48.125;5389223
0;05-03-2025 02:08:39.482;05-03-2025 00:38:48.125;5391357
2;05-03-2025 02:08:39.933;04-03-2025 17:31:48.308;31011625
0;05-03-2025 02:08:40.841;05-03-2025 00:38:48.125;5392716
0;05-03-2025 02:08:48.530;05-03-2025 00:38:48.125;5400405
0;05-03-2025 02:08:49.222;05-03-2025 00:38:48.125;5401097
2;05-03-2025 02:08:54.050;04-03-2025 17:31:48.308;31025742
0;05-03-2025 02:08:54.730;05-03-2025 00:38:48.125;5406605
2;05-03-2025 02:09:02.856;04-03-2025 17:31:48.308;31034548
0;05-03-2025 02:09:05.333;05-03-2025 00:38:48.125;5417208
2;05-03-2025 02:09:06.737;04-03-2025 17:31:48.308;31038429
2;05-03-2025 02:09:07.534;04-03-2025 17:31:48.308;31039226
0;05-03-2025 02:09:08.111;05-03-2025 00:38:48.125;5419986
2;05-03-2025 02:09:13.412;04-03-2025 17:31:48.308;31045104
0;05-03-2025 02:09:14.001;05-03-2025 00:38:48.125;5425876
0;05-03-2025 02:09:19.303;05-03-2025 00:38:48.125;5431178
2;05-03-2025 02:09:20.807;04-03-2025 17:31:48.308;31052499
2;05-03-2025 02:09:21.206;04-03-2025 17:31:48.308;31052898
2;05-03-2025 02:09:21.218;04-03-2025 17:31:48.308;31052910
0;05-03-2025 02:09:25.083;05-03-2025 00:38:48.125;5436958
2;05-03-2025 02:09:34.279;04-03-2025 17:31:48.308;31065971
2;05-03-2025 02:09:35.759;04-03-2025 17:31:48.308;31067451
0;05-03-2025 02:09:41.053;05-03-2025 00:38:48.125;5452928
0;05-03-2025 02:09:41.124;05-03-2025 00:38:48.125;5452999
2;05-03-2025 02:09:42.215;04-03-2025 17:31:48.308;31073907
0;05-03-2025 02:09:45.754;05-03-2025 00:38:48.125;5457629
0;05-03-2025 02:09:48.912;05-03-2025 00:38:48.125;5460787
0;05-03-2025 02:09:51.565;05-03-2025 00:38:48.125;5463440
0;05-03-2025 02:09:55.850;05-03-2025 00:38:48.125;5467725
2;05-03-2025 02:09:58.527;04-03-2025 17:31:48.308;31090219
2;05-03-2025 02:09:58.671;04-03-2025 17:31:48.308;31090363
0;05-03-2025 02:10:02.497;05-03-2025 00:38:48.125;5474372
2;05-03-2025 02:10:03.154;04-03-2025 17:31:48.308;31094846
0;05-03-2025 02:10:04.885;05-03-2025 00:38:48.125;5476760
0;05-03-2025 02:10:05.909;05-03-2025 00:38:48.125;5477784
2;05-03-2025 02:10:07.480;04-03-2025 17:31:48.308;31099172
2;05-03-2025 02:10:08.705;04-03-2025 17:31:48.308;31100397
2;05-03-2025 02:10:10.465;04-03-2025 17:31:48.308;31102157
0;05-03-2025 02:10:18.374;05-03-2025 00:38:48.125;5490249
0;05-03-2025 02:10:18.936;05-03-2025 00:38:48.125;5490811
0;05-03-2025 02:10:20.715;05-03-2025 00:38:48.125;5492590
2;05-03-2025 02:10:20.844;04-03-2025 17:31:48.308;31112536
2;05-03-2025 02:10:21.175;04-03-2025 17:31:48.308;31112867
2;05-03-2025 02:10:23.528;04-03-2025 17:31:48.308;31115220
2;05-03-2025 02:10:26.836;04-03-2025 17:31:48.308;31118528
2;05-03-2025 02:10:28.115;04-03-2025 17:31:48.308;31119807
2;05-03-2025 02:10:35.692;04-03-2025 17:31:48.308;31127384
2;05-03-2025 02:10:37.633;04-03-2025 17:31:48.308;31129325
0;05-03-2025 02:10:37.847;05-03-2025 00:38:48.125;5509722
0;05-03-2025 02:10:38.625;05-03-2025 00:38:48.125;5510500
0;05-03-2025 02:10:43.397;05-03-2025 00:38:48.125;5515272
0;05-03-2025 02:10:44.191;05-03-2025 00:38:48.125;5516066
0;05-03-2025 02:10:49.682;05-03-2025 00:38:48.125;5521557
2;05-03-2025 02:10:52.303;04-03-2025 17:31:48.308;31143995
0;05-03-2025 02:10:52.613;05-03-2025 00:38:48.125;5524488
2;05-03-2025 02:10:54.736;04-03-2025 17:31:48.308;31146428
2;05-03-2025 02:11:03.896;04-03-2025 17:31:48.308;31155588
0;05-03-2025 02:11:05.352;05-03-2025 00:38:48.125;5537227
2;05-03-2025 02:11:05.782;04-03-2025 17:31:48.308;31157474
2;05-03-2025 02:11:10.165;04-03-2025 17:31:48.308;31161857
0;05-03-2025 02:11:14.547;05-03-2025 00:38:48.125;5546422
0;05-03-2025 02:11:15.025;05-03-2025 00:38:48.125;5546900
0;05-03-2025 02:11:16.975;05-03-2025 00:38:48.125;5548850
2;05-03-2025 02:11:17.288;04-03-2025 17:31:48.308;31168980
2;05-03-2025 02:11:18.707;04-03-2025 17:31:48.308;31170399
0;05-03-2025 02:11:20.245;05-03-2025 00:38:48.125;5552120
0;05-03-2025 02:11:20.774;05-03-2025 00:38:48.125;5552649
2;05-03-2025 02:11:21.269;04-03-2025 17:31:48.308;31172961
0;05-03-2025 02:11:21.686;05-03-2025 00:38:48.125;5553561
2;05-03-2025 02:11:28.000;04-03-2025 17:31:48.308;31179692
2;05-03-2025 02:11:31.011;04-03-2025 17:31:48.308;31182703
0;05-03-2025 02:11:42.335;05-03-2025 00:38:48.125;5574210
2;05-03-2025 02:11:44.812;04-03-2025 17:31:48.308;31196504
0;05-03-2025 02:11:46.824;05-03-2025 00:38:48.125;5578699
0;05-03-2025 02:11:47.716;05-03-2025 00:38:48.125;5579591
2;05-03-2025 02:11:49.630;04-03-2025 17:31:48.308;31201322
2;05-03-2025 02:11:54.069;04-03-2025 17:31:48.308;31205761
0;05-03-2025 02:11:54.373;05-03-2025 00:38:48.125;5586248
0;05-03-2025 02:11:54.988;05-03-2025 00:38:48.125;5586863
0;05-03-2025 02:11:56.464;05-03-2025 00:38:48.125;5588339
2;05-03-2025 02:12:00.994;04-03-2025 17:31:48.308;31212686
2;05-03-2025 02:12:04.071;04-03-2025 17:31:48.308;31215763
2;05-03-2025 02:12:10.162;04-03-2025 17:31:48.308;31221854
2;05-03-2025 02:12:10.402;04-03-2025 17:31:48.308;31222094
2;05-03-2025 02:12:12.136;04-03-2025 17:31:48.308;31223828
0;05-03-2025 02:12:12.642;05-03-2025 00:38:48.125;5604517
0;05-03-2025 02:12:13.491;05-03-2025 00:38:48.125;5605366
2;05-03-2025 02:12:14.754;04-03-2025 17:31:48.308;31226446
0;05-03-2025 02:12:15.472;05-03-2025 00:38:48.125;5607347
0;05-03-2025 02:12:20.507;05-03-2025 00:38:48.125;5612382
0;05-03-2025 02:12:20.849;05-03-2025 00:38:48.125;5612724
2;05-03-2025 02:12:22.242;04-03-2025 17:31:48.308;31233934
0;05-03-2025 02:12:23.784;05-03-2025 00:38:48.125;5615659
2;05-03-2025 02:12:26.295;04-03-2025 17:31:48.308;31237987
2;05-03-2025 02:12:29.148;04-03-2025 17:31:48.308;31240840
0;05-03-2025 02:12:30.369;05-03-2025 00:38:48.125;5622244
2;05-03-2025 02:12:30.854;04-03-2025 17:31:48.308;31242546
2;05-03-2025 02:12:31.233;04-03-2025 17:31:48.308;31242925
0;05-03-2025 02:12:36.698;05-03-2025 00:38:48.125;5628573
0;05-03-2025 02:12:44.482;05-03-2025 00:38:48.125;5636357
2;05-03-2025 02:12:45.162;04-03-2025 17:31:48.308;31256854
0;05-03-2025 02:12:46.306;05-03-2025 00:38:48.125;5638181
0;05-03-2025 02:12:47.887;05-03-2025 00:38:48.125;5639762
2;05-03-2025 02:12:48.862;04-03-2025 17:31:48.308;31260554
0;05-03-2025 02:12:52.196;05-03-2025 00:38:48.125;5644071
0;05-03-2025 02:12:54.590;05-03-2025 00:38:48.125;5646465
0;05-03-2025 02:13:01.188;05-03-2025 00:38:48.125;5653063
2;05-03-2025 02:13:03.418;04-03-2025 17:31:48.308;31275110
2;05-03-2025 02:13:05.641;04-03-2025 17:31:48.308;31277333
0;05-03-2025 02:13:06.644;05-03-2025 00:38:48.125;5658519
2;05-03-2025 02:13:11.724;04-03-2025 17:31:48.308;31283416
0;05-03-2025 02:13:12.210;05-03-2025 00:38:48.125;5664085
2;05-03-2025 02:13:15.107;04-03-2025 17:31:48.308;31286799
0;05-03-2025 02:13:19.624;05-03-2025 00:38:48.125;5671499
0;05-03-2025 02:13:28.760;05-03-2025 00:38:48.125;5680635
2;05-03-2025 02:13:28.790;04-03-2025 17:31:48.308;31300482
0;05-03-2025 02:13:29.093;05-03-2025 00:38:48.125;5680968
0;05-03-2025 02:13:31.073;05-03-2025 00:38:48.125;5682948
2;05-03-2025 02:13:35.386;04-03-2025 17:31:48.308;31307078
2;05-03-2025 02:13:35.909;04-03-2025 17:31:48.308;31307601
2;05-03-2025 02:13:37.096;04-03-2025 17:31:48.308;31308788
2;05-03-2025 02:13:37.995;04-03-2025 17:31:48.308;31309687
0;05-03-2025 02:13:39.326;05-03-2025 00:38:48.125;5691201
0;05-03-2025 02:13:41.674;05-03-2025 00:38:48.125;5693549
2;05-03-2025 02:13:45.674;04-03-2025 17:31:48.308;31317366
0;05-03-2025 02:13:52.922;05-03-2025 00:38:48.125;5704797
0;05-03-2025 02:13:54.354;05-03-2025 00:38:48.125;5706229
2;05-03-2025 02:13:56.177;04-03-2025 17:31:48.308;31327869
2;05-03-2025 02:13:59.746;04-03-2025 17:31:48.308;31331438
2;05-03-2025 02:14:06.861;04-03-2025 17:31:48.308;31338553
0;05-03-2025 02:14:06.894;05-03-2025 00:38:48.125;5718769
2;05-03-2025 02:14:07.525;04-03-2025 17:31:48.308;31339217
0;05-03-2025 02:14:08.314;05-03-2025 00:38:48.125;5720189
0;05-03-2025 02:14:08.682;05-03-2025 00:38:48.125;5720557
2;05-03-2025 02:14:09.431;04-03-2025 17:31:48.308;31341123
0;05-03-2025 02:14:15.031;05-03-2025 00:38:48.125;5726906
2;05-03-2025 02:14:20.383;04-03-2025 17:31:48.308;31352075
2;05-03-2025 02:14:21.893;04-03-2025 17:31:48.308;31353585
0;05-03-2025 02:14:32.876;05-03-2025 00:38:48.125;5744751
2;05-03-2025 02:14:34.161;04-03-2025 17:31:48.308;31365853
0;05-03-2025 02:14:34.304;05-03-2025 00:38:48.125;5746179
2;05-03-2025 02:14:37.828;04-03-2025 17:31:48.308;31369520
2;05-03-2025 02:14:38.644;04-03-2025 17:31:48.308;31370336
2;05-03-2025 02:14:39.406;04-03-2025 17:31:48.308;31371098
0;05-03-2025 02:14:40.028;05-03-2025 00:38:48.125;5751903
2;05-03-2025 02:14:44.878;04-03-2025 17:31:48.308;31376570
0;05-03-2025 02:14:45.068;05-03-2025 00:38:48.125;5756943
2;05-03-2025 02:14:45.951;04-03-2025 17:31:48.308;31377643
2;05-03-2025 02:14:50.227;04-03-2025 17:31:48.308;31381919
0;05-03-2025 02:14:53.929;05-03-2025 00:38:48.125;5765804
0;05-03-2025 02:14:54.890;05-03-2025 00:38:48.125;5766765
0;05-03-2025 02:14:56.612;05-03-2025 00:38:48.125;5768487
0;05-03-2025 02:14:56.955;05-03-2025 00:38:48.125;5768830
2;05-03-2025 02:15:00.286;04-03-2025 17:31:48.308;31391978
2;05-03-2025 02:15:03.119;04-03-2025 17:31:48.308;31394811
0;05-03-2025 02:15:03.248;05-03-2025 00:38:48.125;5775123
2;05-03-2025 02:15:06.560;04-03-2025 17:31:48.308;31398252
2;05-03-2025 02:15:11.583;04-03-2025 17:31:48.308;31403275
0;05-03-2025 02:15:12.201;05-03-2025 00:38:48.125;5784076
0;05-03-2025 02:15:13.561;05-03-2025 00:38:48.125;5785436
2;05-03-2025 02:15:14.976;04-03-2025 17:31:48.308;31406668
0;05-03-2025 02:15:22.989;05-03-2025 00:38:48.125;5794864
2;05-03-2025 02:15:23.492;04-03-2025 17:31:48.308;31415184
2;05-03-2025 02:15:25.660;04-03-2025 17:31:48.308;31417352
0;05-03-2025 02:15:29.732;05-03-2025 00:38:48.125;5801607
0;05-03-2025 02:15:30.810;05-03-2025 00:38:48.125;5802685
2;05-03-2025 02:15:31.903;04-03-2025 17:31:48.308;31423595
2;05-03-2025 02:15:33.212;04-03-2025 17:31:48.308;31424904
0;05-03-2025 02:15:34.047;05-03-2025 00:38:48.125;5805922
0;05-03-2025 02:15:38.127;05-03-2025 00:38:48.125;5810002
2;05-03-2025 02:15:42.892;04-03-2025 17:31:48.308;31434584
0;05-03-2025 02:15:47.514;05-03-2025 00:38:48.125;5819389
0;05-03-2025 02:15:48.059;05-03-2025 00:38:48.125;5819934
0;05-03-2025 02:15:50.120;05-03-2025 00:38:48.125;5821995
0;05-03-2025 02:15:53.333;05-03-2025 00:38:48.125;5825208
0;05-03-2025 02:15:57.014;05-03-2025 00:38:48.125;5828889
2;05-03-2025 02:16:00.860;04-03-2025 17:31:48.308;31452552
2;05-03-2025 02:16:03.877;04-03-2025 17:31:48.308;31455569
2;05-03-2025 02:16:05.418;04-03-2025 17:31:48.308;31457110
0;05-03-2025 02:16:06.163;05-03-2025 00:38:48.125;5838038
0;05-03-2025 02:16:07.247;05-03-2025 00:38:48.125;5839122
2;05-03-2025 02:16:09.829;04-03-2025 17:31:48.308;31461521
2;05-03-2025 02:16:11.974;04-03-2025 17:31:48.308;31463666
2;05-03-2025 02:16:11.998;04-03-2025 17:31:48.308;31463690
2;05-03-2025 02:16:20.058;04-03-2025 17:31:48.308;31471750
0;05-03-2025 02:16:23.157;05-03-2025 00:38:48.125;5855032
2;05-03-2025 02:16:23.250;04-03-2025 17:31:48.308;31474942
2;05-03-2025 02:16:25.517;04-03-2025 17:31:48.308;31477209
2;05-03-2025 02:16:28.486;04-03-2025 17:31:48.308;31480178
0;05-03-2025 02:16:30.784;05-03-2025 00:38:48.125;5862659
0;05-03-2025 02:16:34.150;05-03-2025 00:38:48.125;5866025
0;05-03-2025 02:16:34.266;05-03-2025 00:38:48.125;5866141
2;05-03-2025 02:16:35.172;04-03-2025 17:31:48.308;31486864
0;05-03-2025 02:16:43.159;05-03-2025 00:38:48.125;5875034
2;05-03-2025 02:16:45.209;04-03-2025 17:31:48.308;31496901
0;05-03-2025 02:16:53.062;05-03-2025 00:38:48.125;5884937
0;05-03-2025 02:16:53.123;05-03-2025 00:38:48.125;5884998
2;05-03-2025 02:16:54.941;04-03-2025 17:31:48.308;31506633
0;05-03-2025 02:16:57.712;05-03-2025 00:38:48.125;5889587
2;05-03-2025 02:17:02.729;04-03-2025 17:31:48.308;31514421
0;05-03-2025 02:17:04.270;05-03-2025 00:38:48.125;5896145
2;05-03-2025 02:17:05.310;04-03-2025 17:31:48.308;31517002
0;05-03-2025 02:17:06.915;05-03-2025 00:38:48.125;5898790
2;05-03-2025 02:17:08.588;04-03-2025 17:31:48.308;31520280
0;05-03-2025 02:17:10.784;05-03-2025 00:38:48.125;5902659
0;05-03-2025 02:17:11.614;05-03-2025 00:38:48.125;5903489
0;05-03-2025 02:17:17.247;05-03-2025 00:38:48.125;5909122
2;05-03-2025 02:17:20.372;04-03-2025 17:31:48.308;31532064
2;05-03-2025 02:17:21.891;04-03-2025 17:31:48.308;31533583
2;05-03-2025 02:17:24.391;04-03-2025 17:31:48.308;31536083
2;05-03-2025 02:17:25.177;04-03-2025 17:31:48.308;31536869
2;05-03-2025 02:17:25.310;04-03-2025 17:31:48.308;31537002
0;05-03-2025 02:17:25.483;05-03-2025 00:38:48.125;5917358
0;05-03-2025 02:17:26.744;05-03-2025 00:38:48.125;5918619
2;05-03-2025 02:17:29.655;04-03-2025 17:31:48.308;31541347
0;05-03-2025 02:17:30.562;05-03-2025 00:38:48.125;5922437
0;05-03-2025 02:17:32.286;05-03-2025 00:38:48.125;5924161
2;05-03-2025 02:17:32.810;04-03-2025 17:31:48.308;31544502
2;05-03-2025 02:17:43.084;04-03-2025 17:31:48.308;31554776
2;05-03-2025 02:17:44.222;04-03-2025 17:31:48.308;31555914
0;05-03-2025 02:17:47.015;05-03-2025 00:38:48.125;5938890
0;05-03-2025 02:17:51.512;05-03-2025 00:38:48.125;5943387
2;05-03-2025 02:17:53.086;04-03-2025 17:31:48.308;31564778
0;05-03-2025 02:17:54.978;05-03-2025 00:38:48.125;5946853
2;05-03-2025 02:17:57.048;04-03-2025 17:31:48.308;31568740
0;05-03-2025 02:17:57.397;05-03-2025 00:38:48.125;5949272
0;05-03-2025 02:17:58.602;05-03-2025 00:38:48.125;5950477
0;05-03-2025 02:18:01.165;05-03-2025 00:38:48.125;5953040
2;05-03-2025 02:18:05.714;04-03-2025 17:31:48.308;31577406
0;05-03-2025 02:18:09.926;05-03-2025 00:38:48.125;5961801
3;05-03-2025 02:18:12.999;05-03-2025 02:18:08.044;4955
2;05-03-2025 02:18:13.927;04-03-2025 17:31:48.308;31585619
3;05-03-2025 02:18:17.998;05-03-2025 02:18:08.044;9954
2;05-03-2025 02:18:18.105;04-03-2025 17:31:48.308;31589797
0;05-03-2025 02:18:20.356;05-03-2025 00:38:48.125;5972231
3;05-03-2025 02:18:22.999;05-03-2025 02:18:08.044;14955
0;05-03-2025 02:18:23.339;05-03-2025 00:38:48.125;5975214
2;05-03-2025 02:18:27.055;04-03-2025 17:31:48.308;31598747
2;05-03-2025 02:18:27.397;04-03-2025 17:31:48.308;31599089
3;05-03-2025 02:18:27.999;05-03-2025 02:18:08.044;19955
2;05-03-2025 02:18:30.905;04-03-2025 17:31:48.308;31602597
0;05-03-2025 02:18:31.371;05-03-2025 00:38:48.125;5983246
3;05-03-2025 02:18:32.999;05-03-2025 02:18:08.044;24955
0;05-03-2025 02:18:34.656;05-03-2025 00:38:48.125;5986531
