3;1741050756413;1
2;1741050757972;1
0;1741050760131;1
1;1741050760419;1
3;1741050761455;2
0;1741050762498;2
2;1741050762562;2
1;1741050764481;2
3;1741050766418;3
1;1741050767549;3
0;1741050767725;3
2;1741050769885;3
3;1741050771424;4
0;1741050772768;4
3;1741050776411;5
3;1741050781457;6
3;1741050796433;7
3;1741050796498;8
3;1741050801420;9
3;1741050806424;10
3;1741050811426;11
3;1741050816418;12
3;1741050821423;13
3;1741050826414;14
3;1741050831417;15
3;1741050846476;16
3;1741050846564;17
3;1741050851421;18
3;1741050856428;19
3;1741050861415;20
3;1741050876417;21
3;1741050881425;22
3;1741050886430;23
3;1741050891421;24
3;1741050896425;25
3;1741050901425;26
3;1741050906429;27
3;1741050921429;28
3;1741050931519;29
3;1741050931582;30
3;1741050936427;31
3;1741050941431;32
3;1741050946422;33
3;1741050951429;34
3;1741050956415;35
3;1741050961419;36
3;1741050966428;37
3;1741050971416;38
3;1741050976419;39
3;1741050981427;40
3;1741050986417;41
3;1741050991421;42
3;1741050996425;43
3;1741051001426;44
3;1741051016438;45
3;1741051016487;46
3;1741051021423;47
3;1741051036445;48
3;1741051036529;49
3;1741051041426;50
3;1741051046415;51
3;1741051051419;52
3;1741051056422;53
3;1741051061430;54
3;1741051066417;55
3;1741051071423;56
3;1741051076429;57
3;1741051081417;58
3;1741051086425;59
3;1741051091429;60
3;1741051096428;61
3;1741051101416;62
3;1741051106425;63
3;1741051121438;64
3;1741051121525;65
3;1741051126426;66
3;1741051131417;67
3;1741051136421;68
3;1741051141423;69
3;1741051146427;70
3;1741051161438;71
3;1741051161486;72
3;1741051166424;73
3;1741051171431;74
3;1741051176420;75
3;1741051181429;76
3;1741051186418;77
3;1741051201429;78
3;1741051201477;79
3;1741051206421;80
0;1741051206509;5
3;1741051211433;81
3;1741051216416;82
3;1741051221422;83
3;1741051226421;84
3;1741051231427;85
3;1741051246423;86
3;1741051246471;87
3;1741051251426;88
3;1741051256432;89
3;1741051261420;90
1;1741051263655;4
1;1741051266659;5
0;1741051272221;6
3;1741051276446;91
3;1741051276530;92
0;1741051279752;7
2;1741051280680;4
3;1741051281418;93
1;1741051281891;6
0;1741051284224;8
2;1741051284529;5
3;1741051286434;94
2;1741051286647;6
0;1741051286662;9
3;1741051291425;95
1;1741051291547;7
0;1741051291611;10
2;1741051294072;7
3;1741051296427;96
3;1741051301416;97
3;1741051306424;98
1;1741051306531;8
2;1741051310432;8
3;1741051311472;99
0;1741051311932;11
3;1741051316427;100
3;1741051321417;101
3;1741051326423;102
3;1741051331425;103
3;1741051336425;104
3;1741051341429;105
3;1741051346421;106
3;1741051351424;107
3;1741051356427;108
3;1741051361434;109
3;1741051366419;110
0;1741051371123;12
3;1741051371421;111
3;1741051376422;112
1;1741051379584;9
3;1741051381427;113
3;1741051386430;114
3;1741051391420;115
1;1741051393668;10
3;1741051396426;116
3;1741051401429;117
3;1741051406415;118
3;1741051411418;119
3;1741051416442;120
1;1741051416852;11
3;1741051421428;121
3;1741051426419;122
3;1741051431425;123
3;1741051436428;124
3;1741051441417;125
3;1741051446419;126
3;1741051451424;127
3;1741051456427;128
3;1741051461418;129
0;1741051464564;13
3;1741051466422;130
3;1741051471425;131
2;1741051476089;9
3;1741051476457;132
2;1741051479337;10
3;1741051481420;133
3;1741051486427;134
0;1741051490597;14
3;1741051491416;135
3;1741051496461;136
2;1741051496749;11
3;1741051501424;137
1;1741051501467;12
3;1741051506428;138
1;1741051507735;13
3;1741051511433;139
0;1741051512687;15
3;1741051516438;140
3;1741051521426;141
3;1741051526429;142
0;1741051530856;16
3;1741051531420;143
0;1741051531910;17
3;1741051536425;144
0;1741051540050;18
0;1741051541728;19
3;1741051551443;145
3;1741051551524;146
3;1741051556420;147
3;1741051561422;148
3;1741051566426;149
3;1741051571417;150
3;1741051576420;151
3;1741051581425;152
0;1741051584939;20
3;1741051586416;153
0;1741051589784;21
3;1741051591424;154
0;1741051591657;22
3;1741051596431;155
2;1741051599258;12
3;1741051601461;156
2;1741051603463;13
0;1741051604276;23
3;1741051606449;157
2;1741051609417;14
3;1741051611429;158
3;1741051616421;159
3;1741051621409;160
3;1741051626417;161
3;1741051641429;162
3;1741051641477;163
3;1741051646422;164
3;1741051651424;165
0;1741051654059;24
3;1741051656431;166
3;1741051661419;167
0;1741051661654;25
3;1741051666422;168
0;1741051666546;26
2;1741051670273;15
3;1741051671426;169
3;1741051676418;170
0;1741051676606;27
3;1741051681429;171
3;1741051686417;172
3;1741051691445;173
3;1741051696407;174
0;1741051700811;28
3;1741051701429;175
2;1741051704267;16
3;1741051706417;176
0;1741051706475;29
2;1741051706603;17
3;1741051711422;177
0;1741051715273;30
3;1741051716429;178
2;1741051719753;18
3;1741051721421;179
3;1741051726428;180
3;1741051731417;181
2;1741051734703;19
3;1741051736425;182
0;1741051739171;31
3;1741051741413;183
2;1741051741905;20
0;1741051743745;32
3;1741051746421;184
2;1741051749231;21
3;1741051751426;185
2;1741051754844;22
3;1741051756429;186
2;1741051759863;23
3;1741051761420;187
0;1741051762119;33
3;1741051766424;188
0;1741051768289;34
3;1741051771416;189
3;1741051776420;190
2;1741051779337;24
0;1741051780604;35
3;1741051781422;191
2;1741051781992;25
3;1741051786425;192
3;1741051791418;193
3;1741051796423;194
3;1741051801428;195
3;1741051806444;196
3;1741051811421;197
3;1741051816432;198
3;1741051821460;199
1;1741051825172;14
3;1741051826423;200
3;1741051831427;201
3;1741051836416;202
3;1741051841422;203
0;1741051842689;36
3;1741051846428;204
3;1741051851429;205
3;1741051856420;206
3;1741051861425;207
3;1741051866429;208
3;1741051871420;209
3;1741051876423;210
2;1741051879361;26
3;1741051881426;211
0;1741051884304;37
3;1741051886434;212
3;1741051891422;213
3;1741051896424;214
3;1741051901425;215
3;1741051906460;216
3;1741051911422;217
0;1741051916594;38
3;1741051926450;218
3;1741051926532;219
3;1741051931424;220
3;1741051936429;221
3;1741051941416;222
3;1741051946419;223
3;1741051951424;224
3;1741051956427;225
3;1741051961417;226
0;1741051965602;39
3;1741051966419;227
3;1741051971425;228
1;1741051972507;15
0;1741051973771;40
2;1741051974667;27
3;1741051976428;229
0;1741051976568;41
2;1741051976588;28
3;1741051981460;230
0;1741051982775;42
3;1741051986425;231
2;1741051987013;29
1;1741051990947;16
3;1741051991416;232
0;1741051995235;43
3;1741051996417;233
0;1741051999139;44
3;1741052001422;234
0;1741052003089;45
3;1741052006424;235
2;1741052009204;30
3;1741052011431;236
3;1741052016422;237
3;1741052021427;238
0;1741052022494;46
3;1741052026418;239
3;1741052031424;240
3;1741052036415;241
0;1741052039225;47
1;1741052039259;17
3;1741052041461;242
0;1741052045589;48
3;1741052046426;243
2;1741052049189;31
3;1741052051429;244
0;1741052054112;49
3;1741052056419;245
0;1741052059535;50
3;1741052061424;246
3;1741052076423;247
0;1741052076514;51
3;1741052081427;248
3;1741052086435;249
3;1741052091421;250
0;1741052102527;52
1;1741052102549;18
3;1741052106435;251
3;1741052106482;252
0;1741052106894;53
1;1741052109491;19
3;1741052111424;253
3;1741052116430;254
3;1741052121420;255
3;1741052126428;256
3;1741052131415;257
0;1741052136027;54
3;1741052136416;258
1;1741052139547;20
3;1741052141422;259
3;1741052146428;260
3;1741052151415;261
3;1741052156461;262
3;1741052161424;263
0;1741052163658;55
3;1741052166427;264
0;1741052168999;56
3;1741052171418;265
3;1741052176425;266
3;1741052191439;267
3;1741052191489;268
3;1741052196426;269
3;1741052201428;270
3;1741052206419;271
3;1741052211422;272
0;1741052212600;57
1;1741052213943;21
3;1741052216425;273
1;1741052222049;22
0;1741052222113;58
3;1741052231464;274
3;1741052231519;275
3;1741052236454;276
3;1741052251444;277
3;1741052251491;278
3;1741052256416;279
0;1741052258151;59
3;1741052261431;280
3;1741052266422;281
0;1741052269447;60
3;1741052271424;282
0;1741052271562;61
3;1741052276425;283
0;1741052276463;62
3;1741052281455;284
2;1741052281616;32
0;1741052281808;63
1;1741052282400;23
3;1741052286438;285
2;1741052287665;33
0;1741052289217;64
3;1741052291425;286
3;1741052296416;287
3;1741052301422;288
1;1741052302424;24
3;1741052306426;289
3;1741052311416;290
0;1741052312318;65
3;1741052316418;291
3;1741052321424;292
3;1741052326416;293
3;1741052331420;294
3;1741052336426;295
0;1741052336453;66
3;1741052341416;296
1;1741052341554;25
3;1741052346419;297
3;1741052351425;298
3;1741052356457;299
1;1741052359395;26
0;1741052360584;67
3;1741052361419;300
0;1741052361458;68
1;1741052364278;27
3;1741052366426;301
0;1741052366488;69
3;1741052371414;302
0;1741052371728;70
1;1741052373723;28
3;1741052376420;303
1;1741052379263;29
3;1741052381424;304
1;1741052381615;30
0;1741052381916;71
2;1741052384347;34
3;1741052386413;305
0;1741052387191;72
1;1741052389187;31
3;1741052391416;306
3;1741052396422;307
2;1741052401617;35
0;1741052406053;73
0;1741052407734;74
2;1741052409528;36
3;1741052411451;308
3;1741052411499;309
0;1741052414005;75
3;1741052416432;310
2;1741052416853;37
1;1741052419297;32
0;1741052421331;76
3;1741052421414;311
0;1741052426174;77
3;1741052426419;312
0;1741052426591;78
3;1741052431424;313
0;1741052433747;79
1;1741052435689;33
3;1741052436415;314
0;1741052436564;80
3;1741052441434;315
3;1741052446425;316
1;1741052460846;34
3;1741052461426;317
3;1741052461509;318
3;1741052466418;319
0;1741052478435;81
3;1741052481429;320
3;1741052481522;321
3;1741052486416;322
3;1741052491425;323
0;1741052491463;82
2;1741052496361;38
3;1741052496430;324
0;1741052496552;83
1;1741052499109;35
3;1741052501421;325
0;1741052502007;84
3;1741052506423;326
0;1741052506459;85
1;1741052509122;36
3;1741052511457;327
0;1741052512768;86
3;1741052516420;328
0;1741052516574;87
3;1741052521425;329
2;1741052521747;39
1;1741052524860;37
0;1741052525004;88
3;1741052526417;330
2;1741052529958;40
3;1741052531419;331
2;1741052531535;41
1;1741052531669;38
3;1741052536424;332
1;1741052536834;39
3;1741052541416;333
1;1741052542052;40
2;1741052544161;42
3;1741052546420;334
3;1741052551425;335
3;1741052556456;336
1;1741052558730;41
3;1741052561422;337
1;1741052562297;42
2;1741052565097;43
3;1741052566427;338
0;1741052566710;89
1;1741052568966;43
3;1741052571418;339
1;1741052574164;44
2;1741052574916;44
3;1741052576423;340
0;1741052576498;90
2;1741052579185;45
3;1741052581412;341
2;1741052581615;46
0;1741052582095;91
1;1741052583263;45
3;1741052586461;342
0;1741052586483;92
2;1741052586571;47
3;1741052591422;343
2;1741052592211;48
1;1741052592568;46
0;1741052595475;93
3;1741052596425;344
1;1741052599379;47
3;1741052601415;345
1;1741052601489;48
0;1741052603409;94
3;1741052606423;346
2;1741052607761;49
1;1741052608881;49
0;1741052609275;95
3;1741052611426;347
1;1741052614219;50
0;1741052614395;96
3;1741052616426;348
0;1741052616565;97
3;1741052621418;349
1;1741052622565;51
3;1741052626422;350
2;1741052630608;50
0;1741052630951;98
0;1741052634668;99
3;1741052641435;351
3;1741052641483;352
0;1741052641718;100
1;1741052644251;52
3;1741052646426;353
3;1741052651457;354
1;1741052651712;53
3;1741052656420;355
0;1741052661575;101
3;1741052671432;356
3;1741052671482;357
1;1741052674547;54
2;1741052675235;51
3;1741052676420;358
1;1741052679134;55
3;1741052681426;359
1;1741052681773;56
3;1741052686414;360
1;1741052690826;57
3;1741052691460;361
1;1741052691840;58
2;1741052694563;52
3;1741052696424;362
3;1741052701422;363
3;1741052706414;364
0;1741052709392;102
3;1741052711422;365
3;1741052716423;366
3;1741052721428;367
3;1741052726436;368
3;1741052731425;369
3;1741052736416;370
3;1741052741421;371
3;1741052746423;372
0;1741052747410;103
3;1741052751429;373
3;1741052756418;374
3;1741052761422;375
0;1741052762009;104
3;1741052766432;376
3;1741052771420;377
3;1741052776429;378
3;1741052781416;379
3;1741052786420;380
3;1741052791427;381
3;1741052796415;382
3;1741052801421;383
1;1741052803704;59
3;1741052806426;384
3;1741052811414;385
3;1741052816459;386
3;1741052821420;387
3;1741052826425;388
3;1741052831417;389
3;1741052836419;390
3;1741052841422;391
3;1741052846426;392
3;1741052851418;393
3;1741052856424;394
3;1741052861414;395
3;1741052866420;396
2;1741052869678;53
3;1741052871424;397
3;1741052876415;398
1;1741052876739;60
3;1741052881449;399
1;1741052882853;61
0;1741052884634;105
3;1741052886427;400
3;1741052891457;401
3;1741052896419;402
1;1741052896973;62
3;1741052901426;403
1;1741052905021;63
3;1741052906417;404
3;1741052911424;405
1;1741052914410;64
3;1741052916424;406
3;1741052921456;407
3;1741052926464;408
3;1741052931426;409
3;1741052936413;410
0;1741052938199;106
3;1741052941420;411
1;1741052946483;65
0;1741052949343;107
0;1741052951474;108
3;1741052956437;412
3;1741052956484;413
1;1741052959934;66
3;1741052961427;414
0;1741052963895;109
2;1741052964382;54
3;1741052966417;415
0;1741052966987;110
1;1741052967271;67
3;1741052971418;416
3;1741052976423;417
2;1741052980144;55
3;1741052991461;418
3;1741052991515;419
3;1741052996428;420
3;1741053001413;421
3;1741053006475;422
3;1741053011421;423
3;1741053016425;424
3;1741053021413;425
3;1741053026419;426
3;1741053031425;427
3;1741053036414;428
3;1741053041420;429
3;1741053046424;430
0;1741053046626;111
3;1741053053940;431
3;1741053056418;432
0;1741053060668;112
1;1741053060700;68
3;1741053061423;433
0;1741053061753;113
1;1741053063860;69
3;1741053066427;434
1;1741053066687;70
0;1741053068534;114
3;1741053071419;435
3;1741053076426;436
3;1741053081462;437
1;1741053083128;71
3;1741053086423;438
3;1741053091457;439
3;1741053096417;440
3;1741053111433;441
3;1741053111481;442
3;1741053116424;443
3;1741053121456;444
3;1741053126416;445
2;1741053131352;56
3;1741053131421;446
1;1741053134024;72
3;1741053136423;447
3;1741053141427;448
1;1741053145495;73
2;1741053146250;57
3;1741053146417;449
3;1741053151420;450
3;1741053156425;451
3;1741053161429;452
2;1741053163980;58
0;1741053164697;115
3;1741053166462;453
3;1741053171424;454
2;1741053173175;59
0;1741053173531;116
3;1741053176457;455
0;1741053179002;117
3;1741053181421;456
2;1741053181592;60
3;1741053186425;457
1;1741053187327;74
0;1741053189551;118
3;1741053191414;458
1;1741053192095;75
0;1741053194591;119
3;1741053196416;459
2;1741053197835;61
3;1741053201421;460
3;1741053206457;461
3;1741053211416;462
3;1741053216417;463
3;1741053221426;464
3;1741053226456;465
3;1741053231417;466
3;1741053236425;467
3;1741053251440;468
3;1741053251502;469
1;1741053256191;76
3;1741053256427;470
2;1741053260787;62
3;1741053261460;471
1;1741053264629;77
3;1741053266425;472
3;1741053281426;473
3;1741053281491;474
1;1741053284509;78
3;1741053286417;475
2;1741053288905;63
3;1741053291420;476
1;1741053291477;79
3;1741053296422;477
1;1741053299681;80
3;1741053301429;478
3;1741053306418;479
1;1741053308311;81
1;1741053311834;82
3;1741053321432;480
3;1741053321481;481
1;1741053321810;83
3;1741053326421;482
3;1741053331428;483
3;1741053336417;484
3;1741053341423;485
3;1741053346425;486
3;1741053351430;487
3;1741053356420;488
3;1741053361424;489
3;1741053366414;490
1;1741053367321;84
3;1741053371420;491
1;1741053371736;85
0;1741053371864;120
3;1741053376424;492
3;1741053381429;493
0;1741053382751;121
1;1741053384255;86
3;1741053386461;494
3;1741053391424;495
3;1741053396448;496
3;1741053401420;497
1;1741053401558;87
3;1741053406423;498
3;1741053411429;499
1;1741053411919;88
3;1741053416436;500
1;1741053417389;89
3;1741053421420;501
1;1741053422304;90
3;1741053426427;502
3;1741053431416;503
1;1741053435903;91
3;1741053436433;504
3;1741053441425;505
0;1741053444291;122
3;1741053446458;506
3;1741053451420;507
1;1741053453510;92
3;1741053456425;508
1;1741053456499;93
3;1741053461413;509
0;1741053461455;123
3;1741053466417;510
2;1741053468770;64
1;1741053469594;94
3;1741053471423;511
3;1741053476424;512
1;1741053478758;95
0;1741053481250;124
3;1741053481415;513
3;1741053486420;514
3;1741053491423;515
3;1741053496413;516
3;1741053501460;517
1;1741053504693;96
3;1741053506421;518
3;1741053511427;519
1;1741053515836;97
3;1741053516414;520
1;1741053517241;98
3;1741053521420;521
3;1741053526426;522
3;1741053531458;523
3;1741053536414;524
3;1741053541417;525
2;1741053544660;65
3;1741053546422;526
3;1741053551426;527
3;1741053556416;528
3;1741053561422;529
3;1741053566421;530
3;1741053571425;531
3;1741053576416;532
3;1741053581419;533
3;1741053586424;534
0;1741053589606;125
3;1741053591426;535
0;1741053594045;126
3;1741053596418;536
3;1741053601420;537
1;1741053601496;99
3;1741053606422;538
3;1741053611420;539
0;1741053614351;127
1;1741053615994;100
3;1741053616455;540
1;1741053618729;101
0;1741053619208;128
3;1741053621416;541
3;1741053626422;542
3;1741053631428;543
3;1741053636456;544
3;1741053641418;545
3;1741053646425;546
3;1741053651428;547
0;1741053652750;129
3;1741053656457;548
3;1741053661425;549
3;1741053666427;550
0;1741053669318;130
3;1741053671415;551
0;1741053672530;131
3;1741053676420;552
3;1741053681424;553
3;1741053686429;554
3;1741053701431;555
0;1741053708979;132
3;1741053711501;556
3;1741053711550;557
0;1741053711661;133
1;1741053712202;102
3;1741053716425;558
0;1741053716739;134
3;1741053721432;559
0;1741053721474;135
1;1741053723970;103
3;1741053726421;560
0;1741053726465;136
0;1741053733027;137
1;1741053734720;104
0;1741053737098;138
1;1741053737114;105
3;1741053741436;561
3;1741053741484;562
3;1741053746425;563
1;1741053746612;106
2;1741053750820;66
3;1741053751416;564
3;1741053756418;565
0;1741053756493;139
3;1741053761425;566
1;1741053773874;107
3;1741053776438;567
3;1741053776485;568
3;1741053781424;569
3;1741053786416;570
0;1741053788720;140
3;1741053791419;571
3;1741053796422;572
0;1741053799637;141
2;1741053800156;67
3;1741053801426;573
1;1741053804556;108
3;1741053806414;574
0;1741053806810;142
1;1741053806842;109
2;1741053809450;68
3;1741053811421;575
3;1741053816422;576
0;1741053820240;143
3;1741053821428;577
0;1741053821470;144
1;1741053824014;110
3;1741053826460;578
0;1741053826475;145
1;1741053829339;111
3;1741053831422;579
0;1741053834617;146
3;1741053846425;580
2;1741053849268;69
3;1741053856538;581
3;1741053856595;582
0;1741053856627;147
2;1741053859065;70
3;1741053861418;583
3;1741053866424;584
3;1741053871428;585
3;1741053876455;586
3;1741053881419;587
3;1741053886425;588
3;1741053891413;589
3;1741053896419;590
1;1741053901094;112
3;1741053901434;591
3;1741053906423;592
3;1741053911427;593
3;1741053916417;594
0;1741053918367;148
3;1741053921432;595
3;1741053926414;596
3;1741053931418;597
1;1741053933249;113
0;1741053934545;149
3;1741053936420;598
3;1741053941426;599
3;1741053946414;600
3;1741053951417;601
3;1741053956427;602
3;1741053961442;603
3;1741053966419;604
3;1741053971425;605
3;1741053976417;606
3;1741053981420;607
3;1741053996461;608
1;1741053996705;114
3;1741054001425;609
3;1741054006456;610
3;1741054011417;611
3;1741054016421;612
1;1741054016591;115
3;1741054021423;613
3;1741054026460;614
3;1741054031420;615
3;1741054036424;616
3;1741054041415;617
3;1741054056493;618
1;1741054059274;116
3;1741054061421;619
3;1741054066427;620
1;1741054069435;117
3;1741054071418;621
1;1741054074677;118
3;1741054076422;622
3;1741054081411;623
1;1741054085325;119
3;1741054086457;624
3;1741054091416;625
3;1741054096424;626
1;1741054099601;120
3;1741054101424;627
3;1741054106428;628
2;1741054108519;71
3;1741054121430;629
3;1741054121520;630
3;1741054126421;631
3;1741054131426;632
3;1741054136416;633
3;1741054141447;634
3;1741054146424;635
2;1741054148754;72
1;1741054149203;121
3;1741054151417;636
1;1741054155331;122
3;1741054156421;637
2;1741054157727;73
3;1741054161422;638
3;1741054166427;639
3;1741054171414;640
3;1741054176420;641
3;1741054181428;642
3;1741054186414;643
1;1741054189433;123
3;1741054191420;644
3;1741054196424;645
3;1741054201454;646
1;1741054201461;124
3;1741054206416;647
1;1741054206539;125
3;1741054211421;648
3;1741054216423;649
3;1741054221432;650
3;1741054226434;651
1;1741054228942;126
3;1741054231422;652
1;1741054231497;127
3;1741054236426;653
3;1741054241416;654
1;1741054241903;128
3;1741054246421;655
1;1741054248703;129
3;1741054251425;656
3;1741054256456;657
3;1741054261420;658
1;1741054261847;130
3;1741054266426;659
3;1741054271427;660
1;1741054273484;131
2;1741054274015;74
3;1741054276460;661
3;1741054281420;662
2;1741054281615;75
3;1741054286427;663
3;1741054291417;664
3;1741054296424;665
1;1741054296467;132
3;1741054301425;666
1;1741054305659;133
3;1741054306429;667
2;1741054311222;76
1;1741054314694;134
1;1741054319478;135
3;1741054321433;668
1;1741054321467;136
3;1741054321517;669
3;1741054326423;670
1;1741054326801;137
3;1741054331428;671
1;1741054331807;138
3;1741054336418;672
3;1741054341422;673
1;1741054341627;139
3;1741054346424;674
3;1741054351433;675
3;1741054356420;676
3;1741054361427;677
1;1741054364445;140
3;1741054366417;678
1;1741054370218;141
1;1741054371455;142
1;1741054376709;143
3;1741054381428;679
3;1741054381503;680
3;1741054386417;681
1;1741054386471;144
3;1741054391426;682
3;1741054396413;683
1;1741054396455;145
3;1741054401434;684
1;1741054401809;146
1;1741054406465;147
3;1741054406478;685
3;1741054411426;686
1;1741054411463;148
3;1741054416427;687
3;1741054421459;688
1;1741054423595;149
3;1741054426423;689
3;1741054432448;690
1;1741054432765;150
3;1741054446429;691
3;1741054446522;692
3;1741054451420;693
3;1741054456423;694
3;1741054461415;695
1;1741054461472;151
3;1741054466463;696
3;1741054471423;697
3;1741054476430;698
3;1741054481418;699
2;1741054483839;77
1;1741054496170;152
3;1741054496430;700
3;1741054496481;701
2;1741054496713;78
1;1741054496922;153
3;1741054501423;702
3;1741054506430;703
3;1741054511419;704
1;1741054511698;154
3;1741054516427;705
1;1741054519297;155
3;1741054521413;706
3;1741054526421;707
1;1741054528752;156
3;1741054531429;708
1;1741054535721;157
3;1741054536427;709
1;1741054536597;158
1;1741054541640;159
3;1741054551432;710
1;1741054551465;160
3;1741054551478;711
3;1741054556418;712
3;1741054561423;713
1;1741054561514;161
3;1741054566413;714
3;1741054571417;715
3;1741054576422;716
3;1741054581427;717
1;1741054582972;162
3;1741054586429;718
1;1741054591087;163
3;1741054591417;719
3;1741054596425;720
3;1741054601429;721
3;1741054606415;722
3;1741054611419;723
3;1741054616425;724
3;1741054621456;725
3;1741054626418;726
1;1741054626721;164
3;1741054631426;727
1;1741054633100;165
3;1741054636429;728
3;1741054641419;729
1;1741054645606;166
3;1741054646423;730
3;1741054651427;731
3;1741054656417;732
1;1741054660343;167
3;1741054661425;733
1;1741054661681;168
3;1741054666456;734
3;1741054671422;735
3;1741054676424;736
3;1741054681427;737
3;1741054686440;738
3;1741054691422;739
1;1741054691677;169
3;1741054696412;740
1;1741054701007;170
3;1741054701419;741
3;1741054706426;742
1;1741054709125;171
3;1741054711414;743
3;1741054716420;744
1;1741054716685;172
2;1741054719293;79
3;1741054721425;745
1;1741054721451;173
3;1741054726428;746
1;1741054727863;174
2;1741054729479;80
3;1741054731417;747
3;1741054736424;748
1;1741054736834;175
1;1741054741870;176
1;1741054749527;177
3;1741054751467;749
3;1741054751520;750
3;1741054756428;751
3;1741054761436;752
3;1741054766423;753
1;1741054774302;178
3;1741054781438;754
3;1741054781485;755
3;1741054786430;756
1;1741054787847;179
3;1741054791417;757
3;1741054796418;758
1;1741054798143;180
3;1741054801424;759
1;1741054801492;181
3;1741054806428;760
1;1741054806488;182
3;1741054811432;761
1;1741054813700;183
3;1741054816426;762
3;1741054821426;763
1;1741054824476;184
3;1741054826417;764
3;1741054831424;765
3;1741054836415;766
3;1741054841423;767
3;1741054846424;768
3;1741054851429;769
3;1741054856421;770
3;1741054861422;771
0;1741054864313;150
3;1741054866415;772
3;1741054871421;773
1;1741054876338;185
3;1741054876423;774
3;1741054881428;775
0;1741054881835;151
1;1741054884142;186
3;1741054886457;776
3;1741054891419;777
1;1741054892150;187
0;1741054895093;152
3;1741054896423;778
3;1741054901413;779
3;1741054906433;780
1;1741054909277;188
3;1741054911425;781
1;1741054911641;189
3;1741054916429;782
3;1741054921416;783
1;1741054923999;190
3;1741054926423;784
3;1741054931427;785
0;1741054935308;153
3;1741054936429;786
0;1741054936808;154
3;1741054941420;787
0;1741054941535;155
1;1741054941702;191
3;1741054946426;788
0;1741054949538;156
3;1741054951427;789
0;1741054951694;157
1;1741054951726;192
2;1741054955486;81
3;1741054956416;790
1;1741054958939;193
0;1741054965383;158
0;1741054966644;159
3;1741054971433;791
3;1741054971480;792
3;1741054976423;793
3;1741054981429;794
3;1741054986418;795
3;1741054991421;796
3;1741054996426;797
0;1741055001330;160
3;1741055001431;798
0;1741055004418;161
1;1741055005778;194
3;1741055006420;799
3;1741055011426;800
3;1741055016429;801
0;1741055018035;162
1;1741055020039;195
3;1741055021443;802
0;1741055021479;163
3;1741055026424;803
3;1741055031430;804
0;1741055036188;164
3;1741055036416;805
0;1741055038670;165
3;1741055041425;806
0;1741055042138;166
3;1741055046416;807
0;1741055047032;167
1;1741055048799;196
3;1741055051420;808
0;1741055053779;168
3;1741055056426;809
3;1741055061428;810
1;1741055061918;197
3;1741055076422;811
3;1741055081426;812
3;1741055086460;813
0;1741055086540;169
1;1741055091227;198
3;1741055091422;814
3;1741055096430;815
0;1741055096467;170
3;1741055101417;816
0;1741055106171;171
1;1741055106690;199
0;1741055107106;172
1;1741055113950;200
0;1741055114398;173
3;1741055116448;817
3;1741055116495;818
0;1741055120918;174
3;1741055121419;819
3;1741055126426;820
3;1741055131417;821
0;1741055133413;175
3;1741055136422;822
3;1741055141428;823
0;1741055141582;176
3;1741055146416;824
1;1741055148971;201
3;1741055151423;825
0;1741055151465;177
1;1741055153913;202
3;1741055156426;826
0;1741055160341;178
1;1741055160896;203
3;1741055161413;827
1;1741055161696;204
0;1741055161905;179
3;1741055166420;828
3;1741055171444;829
2;1741055175784;82
3;1741055176427;830
3;1741055181416;831
3;1741055186422;832
0;1741055193683;180
1;1741055196825;205
3;1741055201436;833
3;1741055201483;834
3;1741055206423;835
3;1741055211415;836
3;1741055216418;837
3;1741055231461;838
3;1741055231514;839
3;1741055236426;840
0;1741055237759;181
1;1741055240399;206
3;1741055241414;841
0;1741055242363;182
3;1741055246418;842
0;1741055247297;183
1;1741055247340;207
3;1741055251424;843
0;1741055251595;184
1;1741055253733;208
2;1741055254203;83
3;1741055256429;844
2;1741055259913;84
3;1741055261420;845
3;1741055266424;846
0;1741055269634;185
1;1741055269666;209
3;1741055271426;847
0;1741055273309;186
3;1741055276414;848
1;1741055276489;210
3;1741055281421;849
3;1741055296461;850
3;1741055306538;851
3;1741055306588;852
3;1741055311416;853
0;1741055316048;187
1;1741055316091;211
3;1741055316420;854
3;1741055321426;855
3;1741055326432;856
3;1741055331421;857
3;1741055336429;858
3;1741055341416;859
3;1741055346420;860
3;1741055351427;861
0;1741055356234;188
3;1741055356461;862
0;1741055357738;189
3;1741055361440;863
0;1741055363691;190
1;1741055364644;212
3;1741055366428;864
1;1741055368997;213
0;1741055369029;191
3;1741055371414;865
0;1741055373035;192
3;1741055376423;866
0;1741055377488;193
3;1741055381426;867
3;1741055386414;868
3;1741055391418;869
3;1741055396422;870
0;1741055396913;194
1;1741055396945;214
3;1741055401412;871
0;1741055401538;195
3;1741055406417;872
3;1741055411420;873
0;1741055414519;196
1;1741055414560;215
3;1741055416428;874
3;1741055421440;875
3;1741055426420;876
3;1741055441430;877
3;1741055441493;878
3;1741055446418;879
3;1741055451426;880
3;1741055456428;881
3;1741055461450;882
3;1741055466423;883
3;1741055471427;884
3;1741055476429;885
3;1741055481417;886
3;1741055486422;887
3;1741055491425;888
3;1741055496415;889
3;1741055501420;890
3;1741055506425;891
3;1741055511416;892
3;1741055516421;893
0;1741055516750;197
3;1741055521422;894
3;1741055526455;895
3;1741055531416;896
3;1741055536419;897
3;1741055541426;898
3;1741055546416;899
3;1741055551422;900
2;1741055552360;85
1;1741055553569;216
3;1741055556427;901
3;1741055561418;902
1;1741055564622;217
3;1741055566426;903
1;1741055568180;218
3;1741055571413;904
1;1741055573471;219
3;1741055576418;905
1;1741055576653;220
3;1741055581421;906
3;1741055586425;907
3;1741055591414;908
3;1741055596422;909
3;1741055601424;910
3;1741055606414;911
3;1741055611420;912
3;1741055616422;913
3;1741055621446;914
0;1741055621744;198
3;1741055626418;915
0;1741055627148;199
1;1741055636617;221
3;1741055641434;916
3;1741055641523;917
0;1741055645423;200
3;1741055646421;918
0;1741055646497;201
1;1741055646884;222
3;1741055651428;919
0;1741055656044;202
3;1741055656416;920
0;1741055660636;203
3;1741055661424;921
1;1741055665052;223
3;1741055666428;922
0;1741055666582;204
3;1741055671456;923
3;1741055676424;924
3;1741055681429;925
3;1741055686418;926
3;1741055691422;927
3;1741055696429;928
3;1741055701414;929
0;1741055712460;205
3;1741055716434;930
3;1741055726505;931
3;1741055726555;932
3;1741055731415;933
1;1741055734223;224
0;1741055737504;206
1;1741055739129;225
3;1741055746434;934
3;1741055746483;935
0;1741055746924;207
1;1741055755699;226
2;1741055770740;86
3;1741055771444;936
3;1741055771492;937
3;1741055771567;938
2;1741055772443;87
1;1741055776268;227
3;1741055776461;939
2;1741055776476;88
0;1741055776781;208
3;1741055781423;940
3;1741055786429;941
1;1741055789830;228
3;1741055791417;942
3;1741055796425;943
3;1741055811718;944
3;1741055811772;945
3;1741055816426;946
3;1741055821416;947
3;1741055826421;948
3;1741055841446;949
3;1741055841528;950
3;1741055846426;951
3;1741055851460;952
3;1741055856422;953
3;1741055861413;954
1;1741055865807;229
3;1741055866416;955
3;1741055871420;956
3;1741055876426;957
3;1741055891440;958
3;1741055891503;959
2;1741055894441;89
3;1741055896425;960
3;1741055901430;961
1;1741055904416;230
3;1741055906464;962
3;1741055911427;963
3;1741055916456;964
3;1741055921420;965
2;1741055925077;90
3;1741055926423;966
1;1741055926449;231
3;1741055931425;967
1;1741055934493;232
3;1741055936461;968
3;1741055941424;969
3;1741055956422;970
3;1741055956512;971
3;1741055961429;972
0;1741055964972;209
3;1741055966414;973
0;1741055966777;210
3;1741055971418;974
3;1741055986446;975
3;1741055986529;976
3;1741055991418;977
3;1741055996425;978
3;1741056001428;979
3;1741056006442;980
3;1741056021449;981
3;1741056021496;982
3;1741056026420;983
3;1741056031425;984
3;1741056036417;985
3;1741056041420;986
3;1741056046426;987
2;1741056047699;91
3;1741056051462;988
3;1741056056417;989
3;1741056061420;990
3;1741056066427;991
3;1741056071457;992
3;1741056076421;993
3;1741056081443;994
3;1741056086418;995
1;1741056089946;233
3;1741056101430;996
3;1741056101478;997
3;1741056106422;998
1;1741056110824;234
3;1741056111425;999
3;1741056116414;1000
3;1741056121422;1001
3;1741056126425;1002
1;1741056129219;235
3;1741056131426;1003
3;1741056146428;1004
3;1741056156424;1005
3;1741056161429;1006
3;1741056166463;1007
3;1741056171420;1008
3;1741056176425;1009
3;1741056181414;1010
1;1741056192780;236
0;1741056192812;211
2;1741056195719;92
3;1741056196430;1011
3;1741056196478;1012
0;1741056201012;212
1;1741056201043;237
3;1741056201417;1013
0;1741056201495;213
1;1741056201971;238
3;1741056206424;1014
1;1741056207523;239
3;1741056211414;1015
1;1741056212209;240
3;1741056216421;1016
3;1741056221425;1017
3;1741056226457;1018
2;1741056230389;93
3;1741056231453;1019
3;1741056236424;1020
2;1741056239183;94
3;1741056241415;1021
2;1741056242289;95
1;1741056244945;241
3;1741056246421;1022
3;1741056251424;1023
1;1741056253441;242
3;1741056256414;1024
1;1741056257608;243
2;1741056260168;96
3;1741056261432;1025
0;1741056263876;214
1;1741056264724;244
3;1741056266422;1026
1;1741056267183;245
0;1741056269535;215
3;1741056271426;1027
1;1741056274539;246
3;1741056276414;1028
1;1741056276522;247
3;1741056281419;1029
0;1741056283846;216
1;1741056284037;248
2;1741056285270;97
3;1741056286424;1030
2;1741056290211;98
3;1741056291457;1031
3;1741056296420;1032
3;1741056301426;1033
3;1741056306416;1034
1;1741056309738;249
3;1741056311424;1035
1;1741056314203;250
3;1741056316424;1036
3;1741056321458;1037
3;1741056326419;1038
3;1741056331425;1039
3;1741056346465;1040
3;1741056356532;1041
3;1741056356590;1042
1;1741056359901;251
3;1741056361424;1043
1;1741056364520;252
2;1741056364743;99
3;1741056366415;1044
1;1741056369273;253
3;1741056371418;1045
2;1741056374467;100
3;1741056386448;1046
3;1741056386496;1047
3;1741056391421;1048
3;1741056396428;1049
3;1741056401429;1050
3;1741056406416;1051
3;1741056411422;1052
1;1741056414281;254
3;1741056416441;1053
1;1741056421157;255
3;1741056421416;1054
0;1741056423893;217
3;1741056426423;1055
0;1741056426930;218
2;1741056427890;101
3;1741056431425;1056
3;1741056436414;1057
0;1741056439351;219
0;1741056441463;220
3;1741056451449;1058
3;1741056451534;1059
3;1741056456413;1060
3;1741056461454;1061
3;1741056466424;1062
3;1741056471415;1063
1;1741056471569;256
0;1741056472107;221
3;1741056476420;1064
3;1741056481424;1065
3;1741056486456;1066
3;1741056491461;1067
3;1741056496422;1068
3;1741056501427;1069
3;1741056506416;1070
3;1741056516429;1071
3;1741056521430;1072
2;1741056525473;102
3;1741056526421;1073
1;1741056528751;257
3;1741056531426;1074
1;1741056533788;258
0;1741056536163;222
3;1741056536416;1075
0;1741056540538;223
3;1741056541421;1076
0;1741056543690;224
3;1741056556464;1077
3;1741056566541;1078
3;1741056566588;1079
3;1741056571418;1080
3;1741056586431;1081
3;1741056586481;1082
1;1741056591288;259
3;1741056591422;1083
3;1741056596426;1084
3;1741056601415;1085
3;1741056606421;1086
3;1741056611428;1087
1;1741056613671;260
3;1741056616431;1088
3;1741056621425;1089
0;1741056621573;225
2;1741056624277;103
3;1741056626426;1090
1;1741056629620;261
0;1741056631312;226
3;1741056631414;1091
0;1741056631584;227
1;1741056635568;262
1;1741056642032;263
3;1741056646474;1092
3;1741056646525;1093
2;1741056651361;104
3;1741056651416;1094
1;1741056655153;264
3;1741056656422;1095
0;1741056665420;228
1;1741056665591;265
0;1741056666715;229
1;1741056667244;266
3;1741056671438;1096
3;1741056671502;1097
1;1741056672024;267
3;1741056676423;1098
0;1741056682535;230
1;1741056690874;268
3;1741056691465;1099
3;1741056691518;1100
3;1741056696427;1101
0;1741056697395;231
3;1741056711424;1102
3;1741056711489;1103
3;1741056716414;1104
3;1741056721415;1105
3;1741056726421;1106
3;1741056731424;1107
3;1741056736414;1108
3;1741056741418;1109
3;1741056746425;1110
3;1741056751429;1111
3;1741056756418;1112
3;1741056761425;1113
3;1741056766416;1114
3;1741056771422;1115
0;1741056775576;232
3;1741056776425;1116
0;1741056777508;233
1;1741056777663;269
3;1741056781415;1117
1;1741056784081;270
3;1741056786420;1118
0;1741056786607;234
2;1741056788878;105
3;1741056791426;1119
3;1741056796460;1120
3;1741056801424;1121
2;1741056804409;106
3;1741056806430;1122
0;1741056807529;235
3;1741056811420;1123
2;1741056814647;107
0;1741056816245;236
3;1741056816427;1124
3;1741056821415;1125
3;1741056836432;1126
3;1741056836496;1127
3;1741056841421;1128
3;1741056846428;1129
3;1741056851417;1130
1;1741056854498;271
3;1741056856424;1131
3;1741056861414;1132
3;1741056866422;1133
3;1741056871423;1134
3;1741056876427;1135
3;1741056881417;1136
3;1741056886423;1137
3;1741056891426;1138
0;1741056894780;237
3;1741056896419;1139
0;1741056899836;238
1;1741056899852;272
3;1741056901420;1140
3;1741056906425;1141
3;1741056911576;1142
3;1741056916421;1143
3;1741056921423;1144
1;1741056925178;273
3;1741056926414;1145
0;1741056928392;239
1;1741056928755;274
3;1741056931419;1146
3;1741056936426;1147
0;1741056939828;240
3;1741056941430;1148
0;1741056941535;241
1;1741056944303;275
3;1741056946420;1149
0;1741056946973;242
3;1741056951423;1150
0;1741056951531;243
3;1741056956414;1151
3;1741056961419;1152
0;1741056964227;244
3;1741056966425;1153
0;1741056968134;245
3;1741056971426;1154
1;1741056973870;276
0;1741056976574;246
1;1741056981163;277
0;1741056985144;247
1;1741056985288;278
3;1741056986463;1155
3;1741056986519;1156
2;1741056986930;108
0;1741056987122;248
1;1741056987139;279
3;1741056991425;1157
3;1741056996418;1158
1;1741056999655;280
3;1741057001420;1159
0;1741057002104;249
1;1741057002184;281
0;1741057006545;250
3;1741057016430;1160
3;1741057016478;1161
1;1741057019145;282
3;1741057021420;1162
0;1741057030178;251
1;1741057030258;283
3;1741057036434;1163
3;1741057036486;1164
3;1741057041425;1165
3;1741057046429;1166
3;1741057051415;1167
0;1741057052785;252
1;1741057053745;284
3;1741057056458;1168
2;1741057060999;109
1;1741057063322;285
0;1741057064472;253
2;1741057069654;110
0;1741057071043;254
3;1741057071461;1169
3;1741057071513;1170
0;1741057071945;255
3;1741057076422;1171
2;1741057077040;111
0;1741057077760;256
3;1741057081426;1172
3;1741057086457;1173
0;1741057089176;257
3;1741057091421;1174
1;1741057096162;286
3;1741057096424;1175
0;1741057099771;258
3;1741057101414;1176
0;1741057101568;259
3;1741057106419;1177
1;1741057107373;287
0;1741057107486;260
3;1741057111422;1178
3;1741057116427;1179
3;1741057121462;1180
3;1741057126424;1181
3;1741057131430;1182
3;1741057136419;1183
3;1741057141422;1184
3;1741057146429;1185
3;1741057151458;1186
3;1741057156422;1187
3;1741057161429;1188
1;1741057164173;288
3;1741057166418;1189
3;1741057171424;1190
0;1741057176936;261
3;1741057186442;1191
3;1741057186504;1192
3;1741057201423;1193
3;1741057201471;1194
1;1741057204314;289
3;1741057206429;1195
3;1741057211418;1196
3;1741057216423;1197
1;1741057219427;290
3;1741057221418;1198
1;1741057221463;291
3;1741057226420;1199
3;1741057231429;1200
0;1741057235759;262
3;1741057236435;1201
3;1741057241409;1202
1;1741057244491;292
3;1741057246456;1203
1;1741057246985;293
3;1741057251422;1204
1;1741057252634;294
3;1741057256426;1205
3;1741057261414;1206
0;1741057263595;263
3;1741057266453;1207
0;1741057266893;264
3;1741057271424;1208
0;1741057271968;265
3;1741057276430;1209
3;1741057281422;1210
3;1741057286423;1211
3;1741057291428;1212
3;1741057296420;1213
1;1741057299333;295
3;1741057311435;1214
1;1741057321223;296
3;1741057321506;1215
3;1741057321584;1216
3;1741057326416;1217
3;1741057331420;1218
0;1741057331522;266
1;1741057331628;297
3;1741057336421;1219
3;1741057351417;1220
3;1741057351465;1221
3;1741057356426;1222
3;1741057361431;1223
3;1741057366418;1224
1;1741057366557;298
0;1741057366606;267
3;1741057371423;1225
1;1741057372524;299
2;1741057375132;112
0;1741057376100;268
3;1741057376424;1226
0;1741057379635;269
3;1741057381426;1227
3;1741057386418;1228
3;1741057391422;1229
3;1741057396463;1230
3;1741057401427;1231
1;1741057401854;300
3;1741057406417;1232
3;1741057411421;1233
3;1741057416427;1234
3;1741057421420;1235
2;1741057425798;113
3;1741090606423;1236
3;1741090611425;1237
3;1741090616416;1238
3;1741090621421;1239
3;1741090636433;1240
3;1741090636481;1241
3;1741090641422;1242
3;1741090646428;1243
3;1741090651417;1244
3;1741090666433;1245
3;1741090666482;1246
3;1741090671424;1247
3;1741090676430;1248
3;1741090681418;1249
3;1741090686426;1250
3;1741090691427;1251
3;1741090696430;1252
3;1741090701424;1253
3;1741090706427;1254
3;1741090711434;1255
3;1741090716423;1256
3;1741090721426;1257
3;1741090726418;1258
3;1741090731422;1259
3;1741090736425;1260
3;1741090741415;1261
3;1741090746417;1262
3;1741090751421;1263
3;1741090756427;1264
3;1741090761459;1265
2;1741090764514;114
3;1741090766422;1266
3;1741090771428;1267
3;1741090776414;1268
3;1741090781458;1269
1;1741090784658;301
3;1741090786423;1270
0;1741090789194;270
1;1741090789825;302
3;1741090791427;1271
2;1741090794852;115
3;1741090796414;1272
3;1741090801422;1273
2;1741090804776;116
3;1741090806423;1274
3;1741090811429;1275
3;1741090816421;1276
3;1741090821424;1277
3;1741090826428;1278
3;1741090831422;1279
3;1741090836426;1280
3;1741090841415;1281
0;1741090843185;271
3;1741090846419;1282
3;1741090851425;1283
3;1741090866439;1284
3;1741090866488;1285
3;1741090871429;1286
0;1741090873191;272
1;1741090873213;303
3;1741090876459;1287
0;1741090876796;273
1;1741090879305;304
3;1741090881417;1288
0;1741090883204;274
1;1741090888715;305
0;1741090895325;275
1;1741090895915;306
3;1741090896433;1289
1;1741090899334;307
3;1741090901416;1290
3;1741090906423;1291
3;1741090911422;1292
3;1741090916426;1293
3;1741090921413;1294
0;1741090921894;276
1;1741090921920;308
3;1741090926421;1295
0;1741090926624;277
1;1741090930368;309
3;1741090931425;1296
0;1741090931660;278
1;1741090931788;310
2;1741090935180;117
3;1741090936427;1297
0;1741090936549;279
1;1741090939414;311
3;1741090941461;1298
0;1741090941844;280
1;1741090944485;312
3;1741090946421;1299
0;1741090946560;281
1;1741090948661;313
0;1741090951513;282
1;1741090953962;314
1;1741090956577;315
0;1741090959783;283
3;1741090961433;1300
3;1741090961480;1301
3;1741090966420;1302
0;1741090971033;284
3;1741090971423;1303
0;1741090974505;285
3;1741090976414;1304
3;1741090981431;1305
0;1741090982595;286
1;1741090983528;316
3;1741090986422;1306
0;1741090986501;287
1;1741090989794;317
3;1741090991430;1307
1;1741090994001;318
3;1741090996417;1308
0;1741090997179;288
1;1741090999019;319
3;1741091001433;1309
0;1741091001539;289
1;1741091003810;320
3;1741091006425;1310
0;1741091007666;290
1;1741091007727;321
3;1741091011426;1311
0;1741091015501;291
1;1741091015677;322
3;1741091016412;1312
0;1741091016935;292
1;1741091016994;323
2;1741091019506;118
3;1741091021459;1313
0;1741091021506;293
1;1741091021629;324
3;1741091026423;1314
0;1741091026784;294
1;1741091029072;325
3;1741091031426;1315
0;1741091031915;295
1;1741091034326;326
0;1741091036838;296
1;1741091036898;327
0;1741091041501;297
1;1741091041558;328
3;1741091046436;1316
3;1741091046487;1317
0;1741091046576;298
1;1741091046729;329
3;1741091051426;1318
0;1741091051617;299
3;1741091056450;1319
3;1741091061425;1320
0;1741091062024;300
1;1741091066053;330
3;1741091066426;1321
0;1741091066702;301
1;1741091069250;331
3;1741091071427;1322
3;1741091076460;1323
0;1741091078186;302
1;1741091078229;332
3;1741091081424;1324
0;1741091081504;303
1;1741091081656;333
3;1741091086455;1325
0;1741091086642;304
1;1741091086840;334
3;1741091091421;1326
0;1741091094782;305
1;1741091094800;335
3;1741091096426;1327
0;1741091096595;306
1;1741091096659;336
2;1741091100019;119
3;1741091101426;1328
0;1741091101790;307
1;1741091104493;337
3;1741091106455;1329
1;1741091106484;338
3;1741091111420;1330
1;1741091111463;339
3;1741091116426;1331
1;1741091116469;340
3;1741091121414;1332
1;1741091121521;341
3;1741091126421;1333
1;1741091126599;342
3;1741091131426;1334
1;1741091131547;343
3;1741091136426;1335
1;1741091139029;344
3;1741091141416;1336
1;1741091141521;345
3;1741091146419;1337
1;1741091146474;346
3;1741091151422;1338
1;1741091151640;347
3;1741091156426;1339
1;1741091156595;348
3;1741091336418;1340
3;1741091341423;1341
1;1741091341461;349
3;1741091346426;1342
1;1741091349142;350
3;1741091351418;1343
1;1741091351465;351
3;1741091356422;1344
1;1741091361660;352
2;1741091364542;120
1;1741091367273;353
3;1741091371434;1345
3;1741091371512;1346
3;1741091376426;1347
1;1741091376623;354
3;1741091381459;1348
1;1741091382083;355
3;1741091386418;1349
3;1741091391423;1350
3;1741091396413;1351
1;1741091396583;356
3;1741091401430;1352
1;1741091404690;357
3;1741091406420;1353
1;1741091406464;358
3;1741091411432;1354
1;1741091411545;359
3;1741091416419;1355
1;1741091418030;360
3;1741091421428;1356
3;1741091426416;1357
3;1741091431450;1358
3;1741091436422;1359
3;1741091441424;1360
1;1741091444443;361
0;1741091446646;308
1;1741091448861;362
0;1741091453841;309
3;1741091456436;1361
3;1741091456515;1362
0;1741091457807;310
3;1741091461424;1363
3;1741091466426;1364
0;1741091467622;311
1;1741091467653;363
3;1741091471419;1365
0;1741091471806;312
3;1741091476423;1366
0;1741091476525;313
3;1741091481425;1367
1;1741091481695;364
0;1741091481753;314
3;1741091486460;1368
0;1741091486512;315
1;1741091486940;365
3;1741091491421;1369
0;1741091491516;316
0;1741091496546;317
1;1741091498707;366
3;1741091506436;1370
3;1741091506483;1371
3;1741091511426;1372
0;1741091511579;318
1;1741091515339;367
0;1741091517623;319
0;1741091521598;320
1;1741091521792;368
3;1741091526432;1373
3;1741091526515;1374
0;1741091526539;321
1;1741091528897;369
3;1741091531419;1375
0;1741091531575;322
1;1741091532567;370
3;1741091536425;1376
0;1741091536501;323
1;1741091536568;371
3;1741091541415;1377
3;1741091546417;1378
0;1741091551513;324
1;1741091554185;372
0;1741091556597;325
3;1741091561432;1379
3;1741091561514;1380
0;1741091564035;326
1;1741091564195;373
3;1741091566423;1381
0;1741091566530;327
3;1741091571426;1382
0;1741091575355;328
1;1741091575755;374
3;1741091576415;1383
0;1741091577269;329
1;1741091577284;375
3;1741091581419;1384
0;1741091581749;330
1;1741091582177;376
3;1741091586425;1385
0;1741091586579;331
1;1741091586669;377
2;1741091589827;121
3;1741091591459;1386
0;1741091591549;332
1;1741091594157;378
3;1741091596418;1387
0;1741091603496;333
1;1741091604184;379
0;1741091606706;334
1;1741091606716;380
3;1741091611433;1388
3;1741091611482;1389
3;1741091616422;1390
0;1741091616594;335
1;1741091619040;381
3;1741091621427;1391
1;1741091621566;382
0;1741091622110;336
3;1741091626418;1392
0;1741091626700;337
1;1741091626796;383
3;1741091631422;1393
1;1741091634570;384
3;1741091636426;1394
1;1741091636582;385
0;1741091637813;338
3;1741091641429;1395
1;1741091645024;386
3;1741091646419;1396
0;1741091646542;339
1;1741091649007;387
3;1741091651428;1397
0;1741091652733;340
3;1741091656414;1398
0;1741091656523;341
3;1741091661459;1399
0;1741091661538;342
1;1741091664290;388
3;1741091666467;1400
0;1741091666545;343
1;1741091666673;389
2;1741091670113;122
3;1741091671426;1401
0;1741091671509;344
1;1741091674892;390
3;1741091676417;1402
0;1741091677259;345
1;1741091678891;391
3;1741091681437;1403
0;1741091681528;346
3;1741091686424;1404
3;1741091691428;1405
1;1741091695694;392
1;1741091699132;393
0;1741091701638;347
3;1741091706449;1406
3;1741091706516;1407
3;1741091711415;1408
3;1741091726432;1409
3;1741091726496;1410
3;1741091731420;1411
3;1741091736454;1412
0;1741091736719;348
1;1741091737495;394
3;1741091741417;1413
1;1741091742754;395
0;1741091745105;349
0;1741091752060;350
1;1741091754501;396
3;1741091756470;1414
3;1741091756525;1415
3;1741091761463;1416
3;1741091766425;1417
0;1741091769133;351
1;1741091769150;397
3;1741091771429;1418
3;1741091776422;1419
3;1741091781425;1420
1;1741091784377;398
3;1741091786455;1421
3;1741091791421;1422
3;1741091796426;1423
3;1741091801459;1424
3;1741091806421;1425
3;1741091811425;1426
3;1741091816416;1427
3;1741091821420;1428
3;1741091826427;1429
3;1741091831458;1430
3;1741091836422;1431
3;1741091841429;1432
3;1741091846419;1433
3;1741091851423;1434
3;1741091856424;1435
0;1741091857032;352
1;1741091858228;399
3;1741091861456;1436
0;1741091863847;353
1;1741091865129;400
3;1741091866421;1437
1;1741091866757;401
3;1741091871423;1438
0;1741091875228;354
3;1741091876426;1439
0;1741091876453;355
3;1741091881448;1440
3;1741091886453;1441
3;1741091891442;1442
3;1741091896470;1443
3;1741091901474;1444
3;1741091906437;1445
1;1741091906640;402
3;1741091911425;1446
1;1741091911487;403
0;1741091912965;356
0;1741091916490;357
1;1741091923937;404
3;1741091926423;1447
3;1741091926470;1448
0;1741091929756;358
3;1741091931416;1449
1;1741091934161;405
3;1741091936419;1450
1;1741091936752;406
0;1741091939935;359
3;1741091941427;1451
1;1741091941759;407
3;1741091946459;1452
1;1741091948697;408
3;1741091951421;1453
1;1741091954343;409
3;1741091956425;1454
3;1741091961417;1455
3;1741091966422;1456
3;1741091971427;1457
3;1741091976459;1458
1;1741091976474;410
0;1741091976858;360
0;1741091982025;361
1;1741091982808;411
3;1741091991433;1459
3;1741091991482;1460
0;1741091991732;362
3;1741091996422;1461
0;1741091999517;363
3;1741092001425;1462
3;1741092006417;1463
0;1741092006589;364
3;1741092011429;1464
3;1741092016427;1465
3;1741092021459;1466
1;1741092023693;412
3;1741092026420;1467
3;1741092031427;1468
3;1741092036416;1469
1;1741092036793;413
3;1741092041420;1470
3;1741092046428;1471
1;1741092046566;414
3;1741092051417;1472
1;1741092054400;415
3;1741092056423;1473
3;1741092061428;1474
0;1741092061630;365
3;1741092066412;1475
3;1741092071443;1476
3;1741092076437;1477
3;1741092081426;1478
3;1741092086414;1479
3;1741092091421;1480
3;1741092096424;1481
1;1741092096932;416
3;1741092101413;1482
3;1741092106435;1483
3;1741092111425;1484
3;1741092116414;1485
3;1741092121419;1486
0;1741092121558;366
1;1741092127661;417
0;1741092128445;367
0;1741092131922;368
1;1741092132369;418
3;1741092136462;1487
3;1741092136513;1488
3;1741092141423;1489
3;1741092146459;1490
1;1741092147354;419
3;1741092151421;1491
2;1741092154311;123
3;1741092156413;1492
3;1741092161416;1493
3;1741092166436;1494
2;1741092166573;124
0;1741092167678;369
3;1741092171426;1495
0;1741092171522;370
1;1741092171581;420
3;1741092176413;1496
0;1741092176453;371
3;1741092181419;1497
3;1741092186425;1498
0;1741092190500;372
3;1741092191416;1499
1;1741092191697;421
0;1741092191885;373
2;1741092193799;125
3;1741092196422;1500
3;1741092201424;1501
3;1741092206430;1502
3;1741092211422;1503
3;1741092216426;1504
1;1741092219140;422
3;1741092221420;1505
1;1741092223252;423
3;1741092226423;1506
3;1741092241419;1507
3;1741092241469;1508
0;1741092241960;374
3;1741092246415;1509
3;1741092251419;1510
3;1741092256423;1511
1;1741092256611;424
3;1741092261445;1512
3;1741092266420;1513
3;1741092271426;1514
3;1741092276417;1515
0;1741092276523;375
1;1741092276875;425
3;1741092281423;1516
3;1741092286426;1517
0;1741092286757;376
1;1741092286937;426
3;1741092291459;1518
3;1741092296419;1519
0;1741092296703;377
3;1741092301424;1520
0;1741092302364;378
3;1741092306420;1521
0;1741092307928;379
1;1741092307960;427
3;1741092311422;1522
0;1741092313368;380
1;1741092313449;428
3;1741092316459;1523
3;1741092321429;1524
3;1741092336426;1525
3;1741092341415;1526
3;1741092346420;1527
3;1741092351424;1528
0;1741092355643;381
3;1741092356415;1529
3;1741092361419;1530
0;1741092361647;382
1;1741092363593;429
3;1741092366426;1531
3;1741092371416;1532
3;1741092376457;1533
3;1741092381422;1534
3;1741092386425;1535
3;1741092391425;1536
3;1741092396413;1537
3;1741092401421;1538
3;1741092406422;1539
1;1741092411212;430
3;1741092411425;1540
3;1741092416453;1541
0;1741092419895;383
3;1741092421460;1542
0;1741092421608;384
1;1741092424967;431
3;1741092426424;1543
0;1741092430610;385
3;1741092431413;1544
3;1741092436419;1545
1;1741092436488;432
0;1741092439125;386
3;1741092441420;1546
3;1741092446425;1547
0;1741092451506;387
3;1741092456421;1548
3;1741092461428;1549
3;1741092466416;1550
3;1741092471423;1551
3;1741092476426;1552
0;1741092479034;388
3;1741092481457;1553
0;1741092481744;389
3;1741092486420;1554
1;1741092486574;433
3;1741092491425;1555
0;1741092493485;390
3;1741092496415;1556
1;1741092496490;434
3;1741092501418;1557
3;1741092506425;1558
3;1741092511429;1559
1;1741092514001;435
3;1741092516462;1560
3;1741092521426;1561
3;1741092526425;1562
3;1741092531429;1563
3;1741092536417;1564
1;1741092539547;436
3;1741092541422;1565
1;1741092553684;437
3;1741092556437;1566
3;1741092556527;1567
0;1741092557838;391
1;1741092559070;438
3;1741092561427;1568
1;1741092563598;439
2;1741092564206;126
3;1741092566437;1569
1;1741092569034;440
0;1741092570778;392
3;1741092571423;1570
1;1741092572568;441
0;1741092574472;393
2;1741092575105;127
1;1741092576689;442
3;1741092586438;1571
3;1741092586518;1572
0;1741092590432;394
3;1741092591427;1573
2;1741092591678;128
3;1741092596433;1574
3;1741092601415;1575
3;1741092606421;1576
3;1741092611428;1577
3;1741092616457;1578
3;1741092621422;1579
3;1741092626427;1580
0;1741092628189;395
2;1741092630051;129
3;1741092631415;1581
3;1741092636421;1582
0;1741092637487;396
1;1741092640227;443
3;1741092641424;1583
3;1741092646429;1584
0;1741092646594;397
1;1741092649110;444
2;1741092650929;130
3;1741092651463;1585
0;1741092651509;398
3;1741092656423;1586
2;1741092661358;131
3;1741092661426;1587
3;1741092666418;1588
1;1741092667067;445
0;1741092679381;399
1;1741092680757;446
3;1741092681434;1589
3;1741092681481;1590
0;1741092682978;400
3;1741092686418;1591
0;1741092686556;401
2;1741092688620;132
3;1741092691423;1592
0;1741092691535;402
3;1741092696428;1593
0;1741092696454;403
3;1741092701459;1594
3;1741092706422;1595
0;1741092708041;404
3;1741092711426;1596
0;1741092712828;405
3;1741092716428;1597
0;1741092717073;406
3;1741092721416;1598
0;1741092724498;407
3;1741092726467;1599
1;1741092729489;447
0;1741092729873;408
2;1741092730285;133
3;1741092731427;1600
3;1741092736418;1601
3;1741092741423;1602
0;1741092747348;409
2;1741092756271;134
3;1741092756427;1603
3;1741092761427;1604
1;1741092761591;448
3;1741092766418;1605
3;1741092771421;1606
3;1741092776413;1607
3;1741092781418;1608
1;1741092781762;449
3;1741092786420;1609
3;1741092791427;1610
1;1741092791500;450
0;1741092798007;410
1;1741092798103;451
0;1741092805921;411
3;1741092806443;1611
3;1741092806531;1612
0;1741092807205;412
3;1741092811428;1613
3;1741092816458;1614
0;1741092818846;413
3;1741092821423;1615
3;1741092826426;1616
1;1741092830549;452
3;1741092831416;1617
0;1741092831811;414
3;1741092836425;1618
3;1741092851437;1619
3;1741092851527;1620
3;1741092856426;1621
3;1741092871467;1622
3;1741092871519;1623
3;1741092876412;1624
3;1741092881419;1625
2;1741092884724;135
3;1741092886422;1626
0;1741092892352;415
3;1741092901434;1627
3;1741092901480;1628
1;1741092903325;453
3;1741092906423;1629
1;1741092910189;454
3;1741092911431;1630
3;1741092916418;1631
1;1741092921092;455
3;1741092921419;1632
3;1741092926465;1633
3;1741092931426;1634
3;1741092936415;1635
3;1741092941417;1636
3;1741092946421;1637
1;1741092951237;456
3;1741092951425;1638
3;1741092956414;1639
1;1741092956468;457
3;1741092961418;1640
3;1741092966426;1641
3;1741092971414;1642
3;1741092976445;1643
3;1741092981426;1644
3;1741092986457;1645
3;1741092991422;1646
3;1741092996426;1647
3;1741093001416;1648
3;1741093016428;1649
0;1741093023420;416
3;1741093026506;1650
3;1741093026556;1651
1;1741093028850;458
0;1741093029287;417
3;1741093031428;1652
0;1741093031621;418
1;1741093034366;459
3;1741093036458;1653
0;1741093036619;419
3;1741093041425;1654
0;1741093043834;420
3;1741093046433;1655
3;1741093051436;1656
3;1741093056426;1657
0;1741093056500;421
3;1741093061417;1658
3;1741093066421;1659
0;1741093066495;422
1;1741093068543;460
0;1741093071517;423
0;1741093076492;424
1;1741093076620;461
3;1741093081419;1660
3;1741093081497;1661
3;1741093086413;1662
2;1741093090353;136
3;1741093091418;1663
3;1741093096420;1664
0;1741093096611;425
1;1741093097087;462
3;1741093101427;1665
0;1741093103758;426
1;1741093103817;463
3;1741093106419;1666
0;1741093107660;427
1;1741093107692;464
3;1741093111421;1667
2;1741093113887;137
0;1741093115653;428
1;1741093115685;465
3;1741093116426;1668
3;1741093121417;1669
3;1741093126420;1670
3;1741093131426;1671
3;1741093136426;1672
3;1741093141416;1673
0;1741093141616;429
3;1741093146417;1674
0;1741093146668;430
3;1741093151423;1675
3;1741093156413;1676
3;1741093161420;1677
3;1741093166422;1678
0;1741093169186;431
1;1741093170077;466
3;1741093171427;1679
1;1741093174662;467
2;1741093179133;138
1;1741093180381;468
1;1741093184440;469
3;1741093186429;1680
3;1741093186478;1681
3;1741093191421;1682
3;1741093196425;1683
3;1741093201415;1684
1;1741093201598;470
3;1741093206435;1685
1;1741093206574;471
2;1741093210958;139
3;1741093211412;1686
3;1741093216414;1687
3;1741093221419;1688
1;1741093226231;472
3;1741093226427;1689
3;1741093231412;1690
3;1741093236419;1691
3;1741093241424;1692
1;1741093241554;473
3;1741093246413;1693
0;1741093251304;432
3;1741093251420;1694
3;1741093256425;1695
1;1741093256480;474
3;1741093261416;1696
3;1741093266421;1697
2;1741093280426;140
1;1741093280794;475
3;1741093281437;1698
3;1741093281483;1699
1;1741093284695;476
3;1741093286427;1700
3;1741093291416;1701
1;1741093294514;477
3;1741093296418;1702
1;1741093296460;478
0;1741093302296;433
0;1741093306476;434
3;1741093311431;1703
0;1741093312168;435
3;1741093321519;1704
0;1741093327417;436
3;1741093331577;1705
3;1741093331626;1706
3;1741093336427;1707
3;1741093341458;1708
1;1741093341840;479
0;1741093343788;437
3;1741093346419;1709
0;1741093347258;438
3;1741093351423;1710
3;1741093356421;1711
0;1741093356655;439
3;1741093361452;1712
0;1741093361625;440
1;1741093361928;480
3;1741093366419;1713
0;1741093366577;441
3;1741093371423;1714
3;1741093376428;1715
3;1741093381416;1716
0;1741093381441;442
3;1741093386422;1717
0;1741093386577;443
3;1741093391426;1718
0;1741093399932;444
0;1741093401624;445
3;1741093406425;1719
3;1741093406471;1720
0;1741093409267;446
3;1741093411414;1721
0;1741093412786;447
2;1741093414674;141
3;1741093416435;1722
3;1741093421422;1723
1;1741093424313;481
3;1741093426429;1724
1;1741093429096;482
0;1741093430621;448
3;1741093431418;1725
3;1741093436422;1726
1;1741093439234;483
3;1741093441429;1727
0;1741093446299;449
3;1741093446417;1728
3;1741093451422;1729
3;1741093456429;1730
0;1741093459590;450
3;1741093461477;1731
3;1741093466424;1732
3;1741093471427;1733
1;1741093476104;484
3;1741093476458;1734
1;1741093480900;485
3;1741093481423;1735
3;1741093486425;1736
3;1741093491413;1737
3;1741093496419;1738
3;1741093501422;1739
3;1741093506423;1740
3;1741093511419;1741
0;1741093515058;451
3;1741093516421;1742
3;1741093521426;1743
3;1741093526421;1744
3;1741093531432;1745
3;1741093536423;1746
3;1741093541429;1747
3;1741093546415;1748
0;1741093546511;452
3;1741093551420;1749
3;1741093556425;1750
0;1741093556621;453
3;1741093561457;1751
1;1741093565133;486
3;1741093566413;1752
3;1741093571433;1753
3;1741093576422;1754
3;1741093581426;1755
3;1741093586416;1756
3;1741093591421;1757
3;1741093596424;1758
3;1741093601452;1759
3;1741093606420;1760
3;1741093611426;1761
3;1741093626438;1762
3;1741093626485;1763
3;1741093631429;1764
1;1741093631487;487
3;1741093636457;1765
3;1741093641420;1766
3;1741093646427;1767
1;1741093649686;488
3;1741093651417;1768
3;1741093666431;1769
3;1741093666494;1770
3;1741093671417;1771
3;1741093676423;1772
3;1741093681425;1773
3;1741093686412;1774
0;1741093687848;454
3;1741093691420;1775
3;1741093696423;1776
3;1741093701413;1777
1;1741093703776;489
3;1741093706420;1778
3;1741093711425;1779
3;1741093716430;1780
3;1741093721432;1781
3;1741093726421;1782
1;1741093728583;490
0;1741093731179;455
3;1741093731425;1783
1;1741093734843;491
3;1741093736417;1784
0;1741093739027;456
3;1741093741421;1785
0;1741093741609;457
1;1741093745990;492
3;1741093746427;1786
0;1741093751155;458
3;1741093751461;1787
3;1741093756421;1788
1;1741093756787;493
3;1741093761429;1789
3;1741093766421;1790
3;1741093771426;1791
1;1741093771479;494
3;1741093776414;1792
1;1741093778833;495
3;1741093781419;1793
3;1741093786426;1794
1;1741093787268;496
3;1741093791431;1795
1;1741093799936;497
3;1741093806446;1796
3;1741093806524;1797
0;1741093809273;459
3;1741093811418;1798
0;1741093812518;460
3;1741093816425;1799
3;1741093821430;1800
3;1741093826458;1801
3;1741093831424;1802
3;1741093836458;1803
3;1741093841420;1804
0;1741093841704;461
3;1741093846457;1805
3;1741093851416;1806
1;1741093852881;498
0;1741093855553;462
3;1741093856461;1807
0;1741093859116;463
3;1741093861425;1808
0;1741093863352;464
3;1741093866457;1809
3;1741093871424;1810
0;1741093871540;465
1;1741093871682;499
3;1741093876423;1811
1;1741093879505;500
0;1741093879921;466
3;1741093881412;1812
0;1741093881631;467
3;1741093886417;1813
2;1741093890380;142
3;1741093891467;1814
1;1741093893957;501
3;1741093896456;1815
1;1741093896568;502
0;1741093900407;468
3;1741093901419;1816
3;1741093906424;1817
0;1741093907160;469
2;1741093909169;143
3;1741093911414;1818
3;1741093916419;1819
3;1741093921425;1820
3;1741093926429;1821
3;1741093941430;1822
3;1741093941506;1823
3;1741093946420;1824
0;1741093952793;470
3;1741093961464;1825
3;1741093961513;1826
3;1741093966426;1827
1;1741093970850;503
3;1741093971430;1828
1;1741093972593;504
3;1741093976421;1829
3;1741093981426;1830
3;1741093986415;1831
3;1741093991463;1832
0;1741093999283;471
1;1741094005715;505
3;1741094006436;1833
3;1741094006499;1834
3;1741094011424;1835
3;1741094016414;1836
3;1741094021422;1837
3;1741094026424;1838
3;1741094031429;1839
3;1741094036462;1840
3;1741094041422;1841
1;1741094047797;506
0;1741094050356;472
3;1741094056437;1842
3;1741094056486;1843
0;1741094060459;473
1;1741094060610;507
3;1741094061427;1844
3;1741094066431;1845
3;1741094071418;1846
0;1741094074518;474
1;1741094074614;508
3;1741094076423;1847
3;1741094081414;1848
0;1741094084639;475
3;1741094086417;1849
3;1741094091424;1850
3;1741094096458;1851
3;1741094101418;1852
1;1741094104787;509
3;1741094106423;1853
3;1741094111426;1854
3;1741094116451;1855
1;1741094122505;510
0;1741094123865;476
3;1741094131432;1856
3;1741094131496;1857
0;1741094133729;477
3;1741094136421;1858
0;1741094136540;478
0;1741094141628;479
3;1741094151458;1859
3;1741094151541;1860
3;1741094156427;1861
3;1741094161461;1862
3;1741094166423;1863
1;1741094166817;511
0;1741094166866;480
3;1741094181423;1864
3;1741094181504;1865
1;1741094181753;512
3;1741094186414;1866
3;1741094191419;1867
3;1741094196426;1868
3;1741094201429;1869
3;1741094206419;1870
3;1741094211425;1871
3;1741094216414;1872
3;1741094221422;1873
3;1741094226430;1874
3;1741094231418;1875
0;1741094232498;481
3;1741094236422;1876
1;1741094236942;513
3;1741094241425;1877
3;1741094246426;1878
1;1741094249572;514
3;1741094251427;1879
3;1741094256417;1880
3;1741094261419;1881
0;1741094261597;482
3;1741094266422;1882
0;1741094269423;483
3;1741094271426;1883
3;1741094276430;1884
3;1741094281419;1885
1;1741094284197;515
0;1741094290747;484
3;1741094296430;1886
3;1741094296495;1887
1;1741094298099;516
0;1741094298116;485
3;1741094301422;1888
0;1741094305097;486
1;1741094305449;517
3;1741094306413;1889
3;1741094311419;1890
3;1741094316427;1891
0;1741094320083;487
1;1741094320115;518
3;1741094321413;1892
0;1741094321903;488
3;1741094326460;1893
0;1741094326955;489
1;1741094329645;519
3;1741094331423;1894
0;1741094334675;490
1;1741094335331;520
3;1741094336426;1895
3;1741094341414;1896
0;1741094343755;491
3;1741094346421;1897
1;1741094349409;521
0;1741094351517;492
0;1741094356684;493
3;1741094361422;1898
3;1741094361470;1899
0;1741094362265;494
1;1741094362328;522
3;1741094366427;1900
3;1741094371433;1901
3;1741094376424;1902
0;1741094381605;495
1;1741094391035;523
0;1741094391323;496
3;1741094391424;1903
0;1741094395895;497
1;1741094396823;524
0;1741094396888;498
3;1741094401498;1904
3;1741094401546;1905
3;1741094406424;1906
0;1741094408322;499
3;1741094411417;1907
3;1741094416426;1908
3;1741094421427;1909
1;1741094424267;525
3;1741094426415;1910
3;1741094433330;1911
3;1741094436425;1912
1;1741094437331;526
0;1741094439395;500
3;1741094441429;1913
1;1741094441566;527
0;1741094443307;501
3;1741094446420;1914
1;1741094449390;528
3;1741094451424;1915
3;1741094456414;1916
1;1741094460215;529
3;1741094461418;1917
3;1741094466425;1918
3;1741094471429;1919
3;1741094476417;1920
0;1741094479307;502
3;1741094481422;1921
3;1741094486429;1922
3;1741094491417;1923
3;1741094496421;1924
3;1741094501428;1925
3;1741094506462;1926
3;1741094511419;1927
1;1741094514133;530
3;1741094516425;1928
3;1741094521413;1929
3;1741094526419;1930
3;1741094531469;1931
3;1741094536427;1932
3;1741094541419;1933
3;1741094546424;1934
0;1741094547503;503
3;1741094551413;1935
3;1741094556421;1936
0;1741094557783;504
3;1741094561424;1937
3;1741094566414;1938
0;1741094569047;505
1;1741094569111;531
3;1741094571421;1939
0;1741094571763;506
3;1741094576426;1940
0;1741094576500;507
0;1741094581877;508
1;1741094581909;532
1;1741094589921;533
3;1741094591431;1941
3;1741094591495;1942
3;1741094596420;1943
0;1741094597279;509
3;1741094601430;1944
3;1741094606415;1945
3;1741094611434;1946
3;1741094616423;1947
3;1741094621444;1948
3;1741094626416;1949
3;1741094631425;1950
3;1741094636415;1951
1;1741094636552;534
0;1741094639462;510
3;1741094641418;1952
3;1741094646425;1953
0;1741094649599;511
3;1741094651430;1954
0;1741094654863;512
1;1741094654907;535
3;1741094656419;1955
0;1741094656610;513
2;1741094659145;144
3;1741094661426;1956
0;1741094662011;514
2;1741094664619;145
3;1741094666413;1957
2;1741094671349;146
3;1741094671418;1958
3;1741094676423;1959
1;1741094678882;536
0;1741094679058;515
2;1741094680770;147
3;1741094681429;1960
0;1741094681755;516
3;1741094686417;1961
0;1741094689788;517
1;1741094690172;537
3;1741094691424;1962
0;1741094694586;518
3;1741094696457;1963
3;1741094701420;1964
3;1741094706425;1965
3;1741094711423;1966
2;1741094714880;148
1;1741094724251;538
3;1741094726428;1967
3;1741094726493;1968
0;1741094726600;519
1;1741094726712;539
3;1741094731420;1969
0;1741094734069;520
3;1741094736429;1970
0;1741094736661;521
1;1741094741041;540
3;1741094741415;1971
0;1741094744497;522
3;1741094746422;1972
0;1741094749391;523
3;1741094751468;1973
0;1741094751852;524
1;1741094752172;541
3;1741094756441;1974
1;1741094761960;542
3;1741094771467;1975
3;1741094771522;1976
3;1741094776417;1977
3;1741094781419;1978
3;1741094786427;1979
1;1741094799263;543
3;1741094801427;1980
3;1741094801492;1981
3;1741094806417;1982
3;1741094811420;1983
3;1741094816425;1984
0;1741094816787;525
3;1741094821458;1985
0;1741094825617;526
3;1741094826421;1986
3;1741094831426;1987
3;1741094836418;1988
3;1741094841423;1989
3;1741094846427;1990
3;1741094851418;1991
2;1741094855515;149
3;1741094856423;1992
0;1741094856674;527
3;1741094861427;1993
3;1741094866416;1994
2;1741094869737;150
3;1741094871422;1995
3;1741094876426;1996
3;1741094881415;1997
3;1741094886421;1998
0;1741094887680;528
3;1741094891426;1999
3;1741094906430;2000
0;1741094924431;529
3;1741094926446;2001
3;1741094926535;2002
0;1741094926600;530
3;1741094931418;2003
3;1741094936422;2004
3;1741094941427;2005
3;1741094946432;2006
0;1741094946891;531
3;1741094951425;2007
3;1741094956427;2008
3;1741094961416;2009
1;1741094965509;544
0;1741094965717;532
3;1741094966423;2010
1;1741094979049;545
0;1741094980649;533
3;1741094981436;2011
3;1741094981525;2012
3;1741094986421;2013
1;1741094991071;546
0;1741094992812;534
3;1741095001435;2014
3;1741095001483;2015
1;1741095003701;547
0;1741095004022;535
3;1741095006429;2016
0;1741095009967;536
1;1741095015935;548
3;1741095021428;2017
3;1741095021492;2018
1;1741095022990;549
3;1741095026417;2019
1;1741095030043;550
1;1741095038023;551
3;1741095041434;2020
3;1741095041498;2021
3;1741095046407;2022
1;1741095048257;552
3;1741095051428;2023
3;1741095056418;2024
3;1741095061425;2025
3;1741095066424;2026
1;1741095068836;553
3;1741095071435;2027
1;1741095071889;554
1;1741095080001;555
3;1741095086430;2028
1;1741095089976;556
3;1741095096424;2029
1;1741095098738;557
3;1741095101457;2030
1;1741095102076;558
0;1741095103428;537
3;1741095106460;2031
0;1741095109963;538
3;1741095111423;2032
3;1741095116413;2033
3;1741095121412;2034
3;1741095126462;2035
3;1741095131420;2036
2;1741095134582;151
3;1741095136426;2037
2;1741095136533;152
1;1741095136582;559
3;1741095141415;2038
1;1741095141457;560
3;1741095146418;2039
3;1741095151424;2040
3;1741095156459;2041
3;1741095161413;2042
3;1741095166418;2043
3;1741095171424;2044
3;1741095176454;2045
3;1741095181432;2046
3;1741095186423;2047
3;1741095191413;2048
3;1741095196421;2049
3;1741095201466;2050
3;1741095206426;2051
0;1741095206475;539
3;1741095211418;2052
3;1741095216421;2053
0;1741095221085;540
1;1741095229132;561
0;1741095230668;541
3;1741095231437;2054
1;1741095231478;562
3;1741095231520;2055
2;1741095234055;153
0;1741095236259;542
3;1741095236426;2056
0;1741095236819;543
3;1741095241416;2057
3;1741095246421;2058
3;1741095251426;2059
3;1741095256413;2060
3;1741095261437;2061
2;1741095263399;154
0;1741095266225;544
3;1741095266421;2062
3;1741095271428;2063
0;1741095271502;545
3;1741095276417;2064
3;1741095281424;2065
3;1741095286424;2066
3;1741095291414;2067
1;1741095291995;563
3;1741095296460;2068
1;1741095296682;564
3;1741095301425;2069
3;1741095306415;2070
3;1741095311447;2071
3;1741095316423;2072
0;1741095316458;546
3;1741095321426;2073
0;1741095324205;547
3;1741095326419;2074
1;1741095330919;565
3;1741095331424;2075
3;1741095336463;2076
3;1741095341420;2077
3;1741095346422;2078
3;1741095351427;2079
0;1741095354702;548
3;1741095356456;2080
3;1741095361419;2081
0;1741095365903;549
3;1741095366426;2082
0;1741095369573;550
3;1741095371416;2083
1;1741095375777;566
3;1741095376420;2084
3;1741095381427;2085
0;1741095381916;551
3;1741095386430;2086
3;1741095391421;2087
3;1741095396425;2088
3;1741095401426;2089
0;1741095401487;552
3;1741095406427;2090
3;1741095411417;2091
3;1741095416423;2092
3;1741095421424;2093
0;1741095424332;553
3;1741095426416;2094
3;1741095431421;2095
1;1741095434070;567
3;1741095436423;2096
1;1741095436738;568
0;1741095437490;554
3;1741095441429;2097
3;1741095446419;2098
3;1741095451422;2099
1;1741095455049;569
3;1741095456415;2100
1;1741095458169;570
3;1741095461418;2101
3;1741095466423;2102
3;1741095471455;2103
3;1741095476420;2104
1;1741095478285;571
3;1741095481425;2105
3;1741095486427;2106
1;1741095487302;572
3;1741095491416;2107
3;1741095496423;2108
1;1741095497883;573
3;1741095501426;2109
1;1741095504221;574
3;1741095506417;2110
1;1741095506548;575
3;1741095511424;2111
3;1741095516413;2112
3;1741095521420;2113
1;1741095524230;576
3;1741095526420;2114
1;1741095529071;577
3;1741095531422;2115
1;1741095534037;578
3;1741095536428;2116
0;1741095538854;555
3;1741095541418;2117
3;1741095546421;2118
1;1741095547440;579
3;1741095551427;2119
1;1741095554445;580
3;1741095556460;2120
3;1741095561420;2121
3;1741095566427;2122
1;1741095569203;581
3;1741095571415;2123
1;1741095571488;582
3;1741095576418;2124
0;1741095580796;556
3;1741095581424;2125
0;1741095581503;557
3;1741095586429;2126
0;1741095586630;558
3;1741095591418;2127
3;1741095596424;2128
3;1741095601427;2129
3;1741095606457;2130
3;1741095611440;2131
3;1741095616425;2132
3;1741095621419;2133
1;1741095623442;583
3;1741095626422;2134
1;1741095629227;584
3;1741095631423;2135
1;1741095631881;585
3;1741095636412;2136
0;1741095640291;559
3;1741095641421;2137
3;1741095646424;2138
0;1741095649522;560
3;1741095651417;2139
3;1741095656424;2140
0;1741095656496;561
3;1741095661413;2141
0;1741095661530;562
3;1741095666418;2142
0;1741095666887;563
3;1741095671420;2143
3;1741095676425;2144
3;1741095681456;2145
3;1741095686421;2146
3;1741095691428;2147
3;1741095696414;2148
3;1741095701420;2149
3;1741095706427;2150
3;1741095711455;2151
3;1741095716420;2152
1;1741095719035;586
3;1741095721421;2153
1;1741095724201;587
3;1741095726442;2154
3;1741095731415;2155
3;1741095736423;2156
3;1741095741426;2157
3;1741095746437;2158
1;1741095746988;588
3;1741095751423;2159
3;1741095756426;2160
1;1741095761173;589
3;1741095761417;2161
1;1741095761495;590
3;1741095766423;2162
3;1741095771414;2163
3;1741095776417;2164
0;1741095778556;564
3;1741095781422;2165
0;1741095783145;565
3;1741095786456;2166
0;1741095786668;566
3;1741095791416;2167
3;1741095796422;2168
3;1741095801426;2169
3;1741095806455;2170
1;1741095806810;591
3;1741095813052;2171
3;1741095816427;2172
3;1741095821414;2173
0;1741095823776;567
3;1741095826422;2174
3;1741095831427;2175
3;1741095836430;2176
3;1741095841420;2177
3;1741095846425;2178
0;1741095846849;568
3;1741095851416;2179
3;1741095856418;2180
0;1741095857374;569
3;1741095861421;2181
3;1741095866425;2182
3;1741095871417;2183
2;1741095876235;155
3;1741095876422;2184
3;1741095881426;2185
0;1741095882716;570
1;1741095882766;592
3;1741095886413;2186
1;1741095886488;593
0;1741095886626;571
3;1741095891436;2187
0;1741095891572;572
3;1741095896424;2188
3;1741095901458;2189
0;1741095904623;573
3;1741095906420;2190
0;1741095906732;574
1;1741095907788;594
3;1741095911452;2191
3;1741095916416;2192
3;1741095921422;2193
1;1741095924536;595
0;1741095926195;575
0;1741095926527;576
0;1741095931478;577
1;1741095933996;596
3;1741095936417;2194
1;1741095938727;597
3;1741095941424;2195
1;1741095944297;598
1;1741095947030;599
0;1741095954469;578
1;1741095954837;600
3;1741095956440;2196
3;1741095956518;2197
1;1741095960936;601
3;1741095961428;2198
3;1741095966418;2199
0;1741095971736;579
3;1741095981450;2200
3;1741095981533;2201
0;1741095983891;580
1;1741095984039;602
3;1741095986423;2202
3;1741095991471;2203
3;1741095996445;2204
3;1741096001422;2205
3;1741096006429;2206
3;1741096011416;2207
3;1741096016422;2208
3;1741096021428;2209
0;1741096021550;581
3;1741096026435;2210
3;1741096031440;2211
3;1741096036426;2212
1;1741096039958;603
3;1741096041417;2213
3;1741096046422;2214
3;1741096051428;2215
3;1741096056431;2216
0;1741096058934;582
3;1741096061421;2217
1;1741096064423;604
3;1741096066424;2218
3;1741096071434;2219
3;1741096076421;2220
3;1741096081425;2221
3;1741096086418;2222
3;1741096101432;2223
3;1741096101479;2224
3;1741096106436;2225
3;1741096111426;2226
1;1741096112254;605
3;1741096116429;2227
1;1741096118784;606
3;1741096121418;2228
3;1741096126466;2229
1;1741096126964;607
0;1741096130659;583
3;1741096131414;2230
3;1741096136462;2231
1;1741096139550;608
2;1741096140271;156
3;1741096141426;2232
3;1741096146473;2233
0;1741096149474;584
3;1741096151421;2234
3;1741096156422;2235
3;1741096161427;2236
1;1741096163966;609
3;1741096166416;2237
3;1741096171418;2238
1;1741096174502;610
1;1741096182817;611
3;1741096186435;2239
3;1741096186483;2240
3;1741096191422;2241
3;1741096196414;2242
3;1741096201418;2243
3;1741096206426;2244
3;1741096211443;2245
3;1741096216459;2246
3;1741096221426;2247
1;1741096224728;612
0;1741096224978;585
3;1741096226424;2248
3;1741096231427;2249
1;1741096233809;613
3;1741096236414;2250
3;1741096241434;2251
3;1741096246424;2252
3;1741096251426;2253
3;1741096256430;2254
0;1741096256520;586
1;1741096259447;614
3;1741096261463;2255
3;1741096266424;2256
3;1741096271413;2257
0;1741096271518;587
1;1741096272590;615
3;1741096276419;2258
0;1741096278957;588
3;1741096281423;2259
2;1741096281682;157
0;1741096284873;589
2;1741096287572;158
0;1741096290164;590
1;1741096293728;616
3;1741096296417;2260
0;1741096297340;591
3;1741096301463;2261
3;1741096306426;2262
1;1741096306472;617
2;1741096310131;159
3;1741096321426;2263
3;1741096321507;2264
0;1741096322557;592
3;1741096326414;2265
3;1741096331460;2266
1;1741096334771;618
0;1741096334899;593
3;1741096336422;2267
0;1741096336432;594
1;1741096339104;619
3;1741096341428;2268
3;1741096346413;2269
1;1741096346615;620
3;1741096351449;2270
1;1741096355889;621
3;1741096376454;2271
3;1741096376533;2272
3;1741096376581;2273
3;1741096381425;2274
3;1741096386418;2275
1;1741096391161;622
3;1741096391423;2276
3;1741096396414;2277
1;1741096397496;623
0;1741096399626;595
3;1741096401419;2278
3;1741096406423;2279
3;1741096411414;2280
3;1741096416416;2281
3;1741096421419;2282
3;1741096426425;2283
1;1741096427556;624
2;1741096430804;160
3;1741096431414;2284
2;1741096431505;161
1;1741096431584;625
3;1741096436416;2285
3;1741096441425;2286
3;1741096446413;2287
3;1741096451418;2288
3;1741096456423;2289
3;1741096461413;2290
0;1741096461642;596
3;1741096466419;2291
3;1741096471422;2292
0;1741096471802;597
1;1741096473954;626
3;1741096476425;2293
0;1741096480133;598
0;1741096481580;599
0;1741096486864;600
3;1741096491426;2294
3;1741096491474;2295
3;1741096496417;2296
0;1741096509829;601
3;1741096511430;2297
0;1741096511583;602
1;1741096512226;627
3;1741096521488;2298
0;1741096525082;603
3;1741096531559;2299
3;1741096531645;2300
3;1741096536418;2301
2;1741096539126;162
3;1741096541427;2302
0;1741096541520;604
1;1741096544127;628
3;1741096546414;2303
3;1741096551420;2304
0;1741096551830;605
3;1741096556431;2305
1;1741096556942;629
3;1741096561455;2306
3;1741096566422;2307
0;1741096568863;606
3;1741096571426;2308
0;1741096574891;607
3;1741096576415;2309
3;1741096581421;2310
3;1741096586425;2311
3;1741096591414;2312
3;1741096596420;2313
3;1741096601425;2314
0;1741096604507;608
1;1741096604619;630
3;1741096606424;2315
1;1741096608283;631
0;1741096608486;609
3;1741096611423;2316
3;1741096616425;2317
0;1741096618466;610
3;1741096621456;2318
3;1741096626420;2319
3;1741096631422;2320
0;1741096633772;611
1;1741096636154;632
3;1741096636456;2321
3;1741096641419;2322
0;1741096641877;612
3;1741096646426;2323
3;1741096651414;2324
3;1741096656418;2325
3;1741096661426;2326
3;1741096666459;2327
3;1741096671422;2328
3;1741096676429;2329
3;1741096681417;2330
1;1741096681939;633
0;1741096684536;613
3;1741096686423;2331
1;1741096686945;634
3;1741096691426;2332
3;1741096696418;2333
1;1741096697036;635
0;1741096701270;614
3;1741096701419;2334
0;1741096704396;615
3;1741096706426;2335
3;1741096711457;2336
0;1741096713877;616
1;1741096714101;636
3;1741096716422;2337
0;1741096716739;617
3;1741096731463;2338
3;1741096731517;2339
3;1741096736456;2340
3;1741096741459;2341
3;1741096746418;2342
3;1741096751425;2343
3;1741096756426;2344
3;1741096761460;2345
1;1741096764754;637
3;1741096766420;2346
0;1741096768527;618
3;1741096771425;2347
3;1741096776415;2348
3;1741096781422;2349
3;1741096786425;2350
3;1741099836420;2351
3;1741099841428;2352
3;1741099846458;2353
0;1741099849833;619
3;1741099851421;2354
3;1741099856525;2355
3;1741099861417;2356
3;1741099866423;2357
3;1741099871427;2358
3;1741099876418;2359
1;1741099879353;638
3;1741099881422;2360
3;1741099886426;2361
0;1741099890309;620
3;1741099891418;2362
3;1741099896422;2363
0;1741099897456;621
3;1741099901425;2364
0;1741099904104;622
3;1741099906431;2365
3;1741099911419;2366
1;1741099913109;639
3;1741099916425;2367
0;1741099919859;623
3;1741099921457;2368
3;1741099926417;2369
0;1741099930043;624
3;1741099931421;2370
0;1741099931683;625
3;1741099936414;2371
0;1741099936823;626
3;1741099941462;2372
0;1741099942405;627
3;1741099946425;2373
3;1741099951433;2374
3;1741099956417;2375
1;1741099959099;640
3;1741099971431;2376
3;1741099971504;2377
3;1741099976423;2378
3;1741099981428;2379
3;1741099986418;2380
0;1741099990916;628
3;1741099991422;2381
3;1741099996427;2382
0;1741099998168;629
3;1741100001457;2383
3;1741100006418;2384
0;1741100006620;630
3;1741100011424;2385
0;1741100011545;631
3;1741100016414;2386
0;1741100019368;632
1;1741100020056;641
3;1741100021419;2387
0;1741100021506;633
1;1741100021670;642
2;1741100025190;163
3;1741100026423;2388
3;1741100031416;2389
3;1741100036420;2390
2;1741100039327;164
3;1741100041426;2391
3;1741100046416;2392
3;1741100051418;2393
0;1741100054917;634
3;1741100056427;2394
1;1741100059637;643
3;1741100061415;2395
1;1741100062485;644
3;1741100066416;2396
1;1741100067980;645
0;1741100071194;635
3;1741100071424;2397
3;1741100076427;2398
0;1741100076469;636
3;1741100081418;2399
2;1741100082515;165
0;1741100084515;637
3;1741100086424;2400
2;1741100087010;166
0;1741100089362;638
2;1741100091762;167
1;1741100100681;646
3;1741100101436;2401
3;1741100101499;2402
0;1741100105814;639
3;1741100106423;2403
0;1741100106529;640
0;1741100111474;641
2;1741100114124;168
0;1741100116984;642
3;1741100121465;2404
0;1741100121993;643
1;1741100122359;647
0;1741100129282;644
3;1741100131528;2405
3;1741100131577;2406
1;1741100131602;648
3;1741100136418;2407
1;1741100136765;649
3;1741100141424;2408
0;1741100144249;645
3;1741100146430;2409
3;1741100151417;2410
3;1741100156425;2411
0;1741100156466;646
2;1741100159378;169
3;1741100161458;2412
1;1741100161564;650
2;1741100164365;170
0;1741100164616;647
3;1741100166416;2413
1;1741100167513;651
2;1741100167785;171
1;1741100171621;652
3;1741100181430;2414
3;1741100181478;2415
2;1741100183740;172
3;1741100186421;2416
0;1741100187935;648
1;1741100189935;653
2;1741100191323;173
3;1741100191425;2417
2;1741100194475;174
3;1741100206439;2418
1;1741100208544;654
3;1741100216518;2419
3;1741100216580;2420
1;1741100217230;655
3;1741100221424;2421
3;1741100226434;2422
3;1741100231422;2423
0;1741100231460;649
1;1741100234104;656
3;1741100236425;2424
3;1741100241417;2425
0;1741100243954;650
3;1741100246420;2426
3;1741100251425;2427
0;1741100254075;651
1;1741100255994;657
3;1741100256416;2428
0;1741100257258;652
3;1741100261422;2429
0;1741100261464;653
3;1741100266454;2430
1;1741100266950;658
0;1741100267222;654
3;1741100271416;2431
1;1741100271522;659
3;1741100276419;2432
3;1741100281425;2433
0;1741100291061;655
3;1741100306449;2434
3;1741100306511;2435
3;1741100306559;2436
3;1741100321442;2437
3;1741100321525;2438
3;1741100326426;2439
2;1741100329380;175
1;1741100329412;660
3;1741100331417;2440
3;1741100336422;2441
3;1741100341424;2442
3;1741100346417;2443
3;1741100351421;2444
3;1741100356423;2445
3;1741100371435;2446
3;1741100371516;2447
3;1741100376427;2448
3;1741100381430;2449
3;1741100386420;2450
3;1741100391426;2451
1;1741100393100;661
3;1741100396428;2452
1;1741100400336;662
3;1741100401413;2453
3;1741100406424;2454
3;1741100411424;2455
1;1741100415193;663
3;1741100416424;2456
1;1741100417124;664
3;1741100421427;2457
3;1741100426461;2458
3;1741100431425;2459
3;1741100446440;2460
3;1741100446488;2461
3;1741100451414;2462
3;1741100456431;2463
3;1741100461418;2464
3;1741100466424;2465
3;1741100471414;2466
3;1741100476435;2467
3;1741100481425;2468
3;1741100486415;2469
3;1741100491418;2470
3;1741100496425;2471
1;1741100496692;665
3;1741100501416;2472
3;1741100506422;2473
1;1741100509808;666
3;1741100511427;2474
0;1741100514129;656
1;1741100514564;667
3;1741100516456;2475
0;1741100516537;657
1;1741100516632;668
3;1741100521419;2476
3;1741100526422;2477
3;1741100531424;2478
3;1741100536414;2479
3;1741100541417;2480
3;1741100546421;2481
3;1741100551425;2482
1;1741100554573;669
3;1741100556418;2483
1;1741100556800;670
0;1741100557884;658
3;1741100561422;2484
3;1741100566414;2485
3;1741100571461;2486
3;1741100576421;2487
3;1741100581456;2488
3;1741100586420;2489
3;1741100591427;2490
0;1741100595904;659
3;1741100596416;2491
3;1741100601420;2492
3;1741100606428;2493
3;1741100611458;2494
3;1741100616421;2495
3;1741100621416;2496
1;1741100624704;671
2;1741100625556;176
3;1741100626423;2497
1;1741100626818;672
2;1741100626850;177
3;1741100631427;2498
3;1741100636414;2499
3;1741100641420;2500
3;1741100646422;2501
3;1741100651426;2502
1;1741100664504;673
3;1741100666425;2503
3;1741100666505;2504
3;1741100671417;2505
1;1741100671651;674
3;1741100686431;2506
3;1741100686479;2507
3;1741100691419;2508
1;1741100694293;675
1;1741100707579;676
3;1741100716444;2509
3;1741100716502;2510
3;1741100716581;2511
3;1741100721424;2512
1;1741100722084;677
3;1741100726425;2513
3;1741100731415;2514
1;1741100732081;678
3;1741100736420;2515
1;1741100736628;679
3;1741100741427;2516
0;1741100742684;660
1;1741100744973;680
3;1741100746415;2517
0;1741100751958;661
1;1741100752198;681
0;1741100757218;662
3;1741100761424;2518
3;1741100761504;2519
3;1741100766428;2520
3;1741100781431;2521
3;1741100781479;2522
3;1741100786419;2523
3;1741100791424;2524
3;1741100796415;2525
3;1741100801433;2526
1;1741100805204;682
3;1741100806420;2527
0;1741100806892;663
3;1741100811453;2528
1;1741100815806;683
3;1741100816417;2529
1;1741100818141;684
3;1741100821423;2530
3;1741100826445;2531
0;1741100828348;664
3;1741100831417;2532
3;1741100836465;2533
0;1741100839628;665
1;1741100840386;685
3;1741100841426;2534
1;1741100844830;686
3;1741100846418;2535
1;1741100850428;687
0;1741100851112;666
3;1741100851422;2536
1;1741100851832;688
3;1741100856423;2537
1;1741100857333;689
0;1741100859585;667
3;1741100861426;2538
2;1741100864797;178
3;1741100866418;2539
1;1741100868948;690
3;1741100871424;2540
1;1741100872829;691
3;1741100876414;2541
1;1741100876936;692
3;1741100881418;2542
1;1741100885812;693
3;1741100886422;2543
3;1741100891424;2544
3;1741100896431;2545
3;1741100901420;2546
1;1741100904272;694
3;1741100906422;2547
3;1741100911430;2548
3;1741100916458;2549
2;1741100919994;179
0;1741100920858;668
3;1741100921419;2550
0;1741100921534;669
1;1741100924374;695
2;1741100924438;180
3;1741100926425;2551
0;1741100928880;670
1;1741100929956;696
3;1741100931426;2552
3;1741100936439;2553
3;1741100941419;2554
3;1741100946426;2555
1;1741100949020;697
3;1741100951430;2556
3;1741100956416;2557
1;1741100959690;698
3;1741100961465;2558
1;1741100965416;699
3;1741100966426;2559
3;1741100971416;2560
3;1741100976421;2561
3;1741100981428;2562
3;1741100986418;2563
3;1741100991419;2564
1;1741100995174;700
3;1741100996424;2565
3;1741101001461;2566
3;1741101006423;2567
3;1741101011416;2568
0;1741101011761;671
3;1741101016420;2569
3;1741101021427;2570
1;1741101025534;701
3;1741101026417;2571
2;1741101033974;181
3;1741101041430;2572
3;1741101041509;2573
2;1741101041520;182
3;1741101046422;2574
2;1741101049072;183
3;1741101051424;2575
3;1741101056415;2576
0;1741101056873;672
3;1741101061421;2577
3;1741101066464;2578
3;1741101071428;2579
3;1741101076416;2580
3;1741101081423;2581
3;1741101086428;2582
3;1741101091417;2583
3;1741101096422;2584
3;1741101101426;2585
3;1741101106457;2586
3;1741101111422;2587
3;1741101116440;2588
3;1741101121416;2589
3;1741101136432;2590
3;1741101136480;2591
0;1741101138732;673
3;1741101141424;2592
1;1741101142715;702
3;1741101146429;2593
0;1741101146631;674
1;1741101148631;703
3;1741101151417;2594
2;1741101154098;184
3;1741101156423;2595
1;1741101156770;704
3;1741101161415;2596
3;1741101166420;2597
0;1741101169535;675
2;1741101171162;185
3;1741101171422;2598
1;1741101175444;705
3;1741101176425;2599
1;1741101176689;706
3;1741101181417;2600
1;1741101183772;707
3;1741101186423;2601
1;1741101187696;708
0;1741101192474;676
1;1741101192517;709
3;1741101201433;2602
3;1741101201481;2603
3;1741101206424;2604
3;1741101211414;2605
3;1741101216419;2606
3;1741101221423;2607
1;1741101224330;710
3;1741101226414;2608
1;1741101229257;711
3;1741101231460;2609
1;1741101232292;712
3;1741101236426;2610
3;1741101241429;2611
1;1741101241488;713
0;1741101241847;677
3;1741101246418;2612
1;1741101246600;714
3;1741101251425;2613
3;1741101256414;2614
1;1741101258679;715
3;1741101261418;2615
1;1741101264484;716
3;1741101266423;2616
0;1741101266611;678
2;1741101270092;186
1;1741101271169;717
3;1741101271428;2617
0;1741101271477;679
2;1741101274109;187
3;1741101276417;2618
0;1741101280443;680
3;1741101281420;2619
0;1741101281523;681
1;1741101283936;718
3;1741101286426;2620
1;1741101286787;719
0;1741101286819;682
3;1741101291454;2621
0;1741101291711;683
2;1741101292159;188
3;1741101296461;2622
3;1741101301425;2623
3;1741101316445;2624
3;1741101316485;2625
3;1741101321425;2626
1;1741101321518;720
0;1741101323772;684
0;1741101326508;685
1;1741101332424;721
3;1741101336428;2627
3;1741101341419;2628
1;1741101341909;722
3;1741101346426;2629
3;1741101351426;2630
1;1741101354888;723
0;1741101356201;686
3;1741101356415;2631
1;1741101358580;724
3;1741101361419;2632
0;1741101361499;687
3;1741101366425;2633
3;1741101371416;2634
1;1741101371702;725
0;1741101372034;688
3;1741101376422;2635
3;1741101381423;2636
0;1741101381786;689
3;1741101386426;2637
3;1741101391415;2638
3;1741101396419;2639
3;1741101401424;2640
1;1741101403005;726
0;1741101404905;690
3;1741101406426;2641
3;1741101411461;2642
1;1741101411925;727
0;1741101415749;691
3;1741101416424;2643
0;1741101419980;692
3;1741101421456;2644
3;1741101426420;2645
0;1741101429789;693
1;1741101430462;728
3;1741101431425;2646
3;1741101436416;2647
1;1741101439128;729
3;1741101441418;2648
0;1741101441572;694
1;1741101441844;730
3;1741101446423;2649
3;1741101451428;2650
1;1741101454541;731
3;1741101456416;2651
0;1741101456857;695
3;1741101461418;2652
3;1741101466426;2653
3;1741101471440;2654
3;1741101476417;2655
2;1741101480059;189
3;1741101481426;2656
3;1741101486428;2657
3;1741101491416;2658
3;1741101496420;2659
3;1741101501424;2660
1;1741101511731;732
0;1741101513891;696
3;1741101516461;2661
3;1741101521424;2662
3;1741101536436;2663
3;1741101536527;2664
3;1741101541423;2665
1;1741101554612;733
3;1741101556463;2666
3;1741101556518;2667
3;1741101561427;2668
1;1741101564398;734
3;1741101566432;2669
3;1741101571422;2670
3;1741101576425;2671
3;1741101581413;2672
3;1741101586457;2673
3;1741101591465;2674
3;1741101596426;2675
3;1741101601415;2676
3;1741101606419;2677
3;1741101611422;2678
0;1741101611993;697
1;1741101612265;735
3;1741101616426;2679
0;1741101619444;698
0;1741101623029;699
1;1741101624276;736
2;1741101629139;190
3;1741101631429;2680
0;1741101632476;700
3;1741101641529;2681
3;1741101641585;2682
1;1741101643194;737
3;1741101646415;2683
3;1741101651417;2684
3;1741101656424;2685
1;1741101656674;738
0;1741101657970;701
3;1741101661427;2686
3;1741101666415;2687
1;1741101666480;739
3;1741101671418;2688
3;1741101676426;2689
3;1741101681426;2690
3;1741101686417;2691
3;1741101691425;2692
3;1741101696425;2693
0;1741101699700;702
3;1741101701415;2694
3;1741101706438;2695
1;1741101706959;740
0;1741101707599;703
3;1741101711425;2696
0;1741101719123;704
1;1741101720400;741
1;1741101725855;742
3;1741101726433;2697
3;1741101736533;2698
3;1741101736615;2699
3;1741101741417;2700
3;1741101756464;2701
1;1741101758698;743
3;1741101761424;2702
3;1741101766430;2703
3;1741101771418;2704
3;1741101776418;2705
3;1741101781423;2706
3;1741101786427;2707
3;1741101791418;2708
3;1741101796423;2709
3;1741101801426;2710
3;1741101806431;2711
3;1741101811436;2712
3;1741101816425;2713
3;1741101821414;2714
3;1741101826421;2715
3;1741101831421;2716
1;1741101834457;744
0;1741101834489;705
3;1741101836425;2717
3;1741101841457;2718
2;1741101844611;191
3;1741101846423;2719
3;1741101851427;2720
3;1741101856417;2721
3;1741101861422;2722
3;1741101866428;2723
3;1741101871458;2724
3;1741101876419;2725
3;1741101881426;2726
0;1741101882653;706
3;1741101886428;2727
3;1741101891454;2728
1;1741101892915;745
0;1741101893011;707
3;1741101896424;2729
0;1741101897095;708
1;1741101897187;746
3;1741101901426;2730
1;1741101904376;747
0;1741101904393;709
3;1741101906416;2731
3;1741101911423;2732
3;1741101916433;2733
0;1741101916516;710
1;1741101916693;748
3;1741101921417;2734
0;1741101924386;711
3;1741101926421;2735
0;1741101926512;712
1;1741101931052;749
3;1741101931424;2736
3;1741101936416;2737
0;1741101938730;713
1;1741101939380;750
3;1741101941420;2738
1;1741101941622;751
0;1741101941654;714
0;1741101946515;715
0;1741101951490;716
1;1741101951713;752
3;1741101956437;2739
3;1741101956517;2740
0;1741101957502;717
1;1741101957534;753
3;1741101961428;2741
0;1741101961677;718
3;1741101966468;2742
0;1741101966506;719
1;1741101969338;754
3;1741101971420;2743
0;1741101971529;720
3;1741101976426;2744
0;1741101976981;721
1;1741101977013;755
3;1741101981414;2745
0;1741101982401;722
1;1741101983789;756
3;1741101986456;2746
0;1741101986532;723
1;1741101989387;757
3;1741101991419;2747
0;1741101991508;724
1;1741101991575;758
3;1741101996426;2748
0;1741101996500;725
3;1741102001414;2749
0;1741102002157;726
1;1741102002176;759
0;1741102006956;727
1;1741102006988;760
0;1741102012235;728
3;1741102016429;2750
3;1741102016477;2751
3;1741102021418;2752
1;1741102023943;761
3;1741102026425;2753
3;1741102031413;2754
0;1741102034751;729
3;1741102036421;2755
0;1741102036591;730
1;1741102040287;762
0;1741102041516;731
1;1741102041580;763
0;1741102047034;732
3;1741102051434;2756
3;1741102051484;2757
3;1741102056425;2758
3;1741102061433;2759
3;1741102066422;2760
1;1741102070575;764
3;1741102071427;2761
0;1741102071570;733
3;1741102076414;2762
2;1741102079434;192
1;1741102079465;765
3;1741102081418;2763
0;1741102081605;734
3;1741102086425;2764
3;1741102091457;2765
3;1741102096419;2766
3;1741102101426;2767
3;1741102106417;2768
3;1741102111423;2769
1;1741102112489;766
3;1741102116441;2770
1;1741102116859;767
0;1741102118060;735
3;1741102121459;2771
1;1741102121568;768
0;1741102123884;736
3;1741102126421;2772
0;1741102127836;737
1;1741102129404;769
3;1741102131425;2773
0;1741102131644;738
1;1741102131928;770
3;1741102136417;2774
0;1741102136579;739
1;1741102141780;771
3;1741102151428;2775
3;1741102151477;2776
0;1741102151512;740
1;1741102153455;772
3;1741102156420;2777
0;1741102156814;741
3;1741102161425;2778
0;1741102161676;742
3;1741102166460;2779
0;1741102168636;743
1;1741102170139;773
3;1741102171422;2780
3;1741102176426;2781
3;1741102181418;2782
3;1741102196435;2783
3;1741102196481;2784
3;1741102201424;2785
0;1741102201915;744
3;1741102206422;2786
3;1741102211420;2787
0;1741102211764;745
1;1741102212724;774
3;1741102216426;2788
3;1741102221418;2789
3;1741102226422;2790
2;1741102229871;193
3;1741102231426;2791
0;1741102232092;746
3;1741102236457;2792
0;1741102236549;747
3;1741102241419;2793
3;1741102246426;2794
0;1741102250581;748
3;1741102251416;2795
0;1741102252668;749
1;1741102254579;775
3;1741102256422;2796
3;1741102261421;2797
0;1741102262842;750
3;1741102266413;2798
0;1741102266791;751
3;1741102271460;2799
3;1741102276424;2800
1;1741102279929;776
3;1741102281430;2801
1;1741102285330;777
3;1741102286423;2802
3;1741102291428;2803
3;1741102296473;2804
1;1741102309464;778
3;1741102311434;2805
3;1741102311497;2806
3;1741102316425;2807
0;1741102318319;752
1;1741102318959;779
3;1741102321426;2808
0;1741102325101;753
3;1741102326418;2809
0;1741102327209;754
3;1741102331425;2810
2;1741102332972;194
3;1741102336413;2811
3;1741102341419;2812
3;1741102346424;2813
0;1741102349826;755
3;1741102351428;2814
0;1741102351832;756
3;1741102366432;2815
3;1741102366481;2816
3;1741102381429;2817
3;1741102381477;2818
3;1741102386418;2819
0;1741102386581;757
3;1741102391423;2820
0;1741102391577;758
3;1741102396427;2821
0;1741102396598;759
3;1741102401418;2822
0;1741102414192;760
3;1741102416415;2823
0;1741102418388;761
3;1741102421420;2824
3;1741102426424;2825
3;1741102431429;2826
3;1741102436417;2827
3;1741102441425;2828
3;1741102446430;2829
2;1741102450071;195
3;1741102451418;2830
3;1741102456422;2831
3;1741102461427;2832
0;1741102461998;762
1;1741102464783;780
3;1741102466420;2833
1;1741102469469;781
3;1741102471424;2834
0;1741102473844;763
1;1741102473858;782
3;1741102476429;2835
3;1741102481420;2836
0;1741102485477;764
1;1741102485653;783
3;1741102486424;2837
3;1741102491432;2838
3;1741102496420;2839
3;1741102501427;2840
3;1741102506420;2841
0;1741102508986;765
3;1741102511423;2842
0;1741102512086;766
3;1741102516424;2843
3;1741102521459;2844
3;1741102526418;2845
3;1741102531426;2846
3;1741102536430;2847
0;1741102539768;767
1;1741102539806;784
3;1741102541420;2848
0;1741102541661;768
1;1741102545349;785
3;1741102546444;2849
3;1741102551454;2850
3;1741102556463;2851
0;1741102559790;769
3;1741102561419;2852
1;1741102564471;786
3;1741102566426;2853
0;1741102568436;770
1;1741102568480;787
3;1741102571415;2854
0;1741102574294;771
3;1741102576421;2855
0;1741102578584;772
3;1741102581426;2856
2;1741102586125;196
3;1741102586418;2857
0;1741102589388;773
3;1741102591422;2858
0;1741102591496;774
3;1741102596425;2859
3;1741102601418;2860
0;1741102602546;775
1;1741102602850;788
2;1741102604932;197
3;1741102606422;2861
3;1741102611427;2862
3;1741102616432;2863
2;1741102620950;198
3;1741102621420;2864
3;1741102626427;2865
3;1741102631415;2866
3;1741102636419;2867
3;1741102641426;2868
1;1741102644086;789
3;1741102646427;2869
0;1741102647111;776
1;1741102649479;790
3;1741102651417;2870
0;1741102655932;777
3;1741102656422;2871
3;1741102661413;2872
0;1741102661518;778
1;1741102664029;791
3;1741102666418;2873
3;1741102671420;2874
0;1741102671608;779
3;1741102676426;2875
0;1741102680819;780
3;1741102681415;2876
0;1741102681665;781
1;1741102681778;792
3;1741102686420;2877
1;1741102689471;793
3;1741102691423;2878
1;1741102694489;794
3;1741102696426;2879
0;1741102709145;782
3;1741102711428;2880
3;1741102711479;2881
1;1741102711967;795
0;1741102713377;783
3;1741102716420;2882
0;1741102717368;784
1;1741102718690;796
3;1741102721426;2883
0;1741102724205;785
1;1741102724301;797
3;1741102726416;2884
0;1741102729076;786
1;1741102729259;798
3;1741102731422;2885
0;1741102731751;787
1;1741102733788;799
3;1741102736426;2886
3;1741102741456;2887
1;1741102744416;800
3;1741102746417;2888
3;1741102751423;2889
3;1741102756469;2890
1;1741102756612;801
3;1741102761430;2891
0;1741102770356;788
1;1741102773546;802
3;1741102776428;2892
3;1741102781421;2893
1;1741102782375;803
0;1741102784647;789
3;1741102786424;2894
3;1741102791425;2895
3;1741102796415;2896
1;1741102797420;804
0;1741102801224;790
3;1741102801421;2897
1;1741102804776;805
3;1741102806424;2898
0;1741102811139;791
3;1741102811416;2899
0;1741102811795;792
3;1741102816419;2900
3;1741102821427;2901
1;1741102825310;806
0;1741102825822;793
3;1741102826456;2902
3;1741102831423;2903
1;1741102831576;807
0;1741102831608;794
3;1741102836428;2904
3;1741102841418;2905
1;1741102841461;808
2;1741102845760;199
3;1741102846426;2906
3;1741102851414;2907
1;1741102851667;809
0;1741102851696;795
3;1741102856462;2908
0;1741102857789;796
0;1741102870658;797
3;1741102871431;2909
3;1741102871495;2910
1;1741102873861;810
3;1741102876422;2911
1;1741102879136;811
3;1741102881423;2912
3;1741102886428;2913
1;1741102889216;812
3;1741102891442;2914
0;1741102892192;798
3;1741102896422;2915
0;1741102896503;799
0;1741102901531;800
1;1741102901691;813
0;1741102906616;801
3;1741102911434;2916
3;1741102911513;2917
0;1741102911577;802
3;1741102916425;2918
0;1741102918876;803
3;1741102921456;2919
0;1741102924419;804
3;1741102926422;2920
3;1741102931413;2921
0;1741102932716;805
1;1741102934888;814
3;1741102936418;2922
0;1741102939644;806
3;1741102941422;2923
0;1741102941489;807
3;1741102946412;2924
3;1741102951457;2925
0;1741102955283;808
3;1741102956424;2926
3;1741102961457;2927
3;1741102966419;2928
1;1741102966877;815
0;1741102966909;809
3;1741102971427;2929
0;1741102971464;810
1;1741102973674;816
3;1741102976417;2930
0;1741102976541;811
1;1741102976634;817
3;1741102981418;2931
3;1741102986424;2932
3;1741102991430;2933
3;1741102996460;2934
0;1741102996574;812
3;1741103001425;2935
0;1741103001511;813
1;1741103005468;818
3;1741103006418;2936
0;1741103006460;814
1;1741103008860;819
3;1741103011420;2937
0;1741103016464;815
0;1741103025073;816
1;1741103026117;820
3;1741103026458;2938
3;1741103026512;2939
0;1741103028699;817
3;1741103031421;2940
0;1741103031460;818
3;1741103036427;2941
1;1741103036484;821
0;1741103038964;819
3;1741103041413;2942
0;1741103044505;820
3;1741103046417;2943
0;1741103047084;821
3;1741103051423;2944
1;1741103055242;822
3;1741103056457;2945
0;1741103057356;822
1;1741103058708;823
3;1741103061418;2946
0;1741103061573;823
1;1741103062871;824
3;1741103066427;2947
0;1741103067287;824
3;1741103071417;2948
0;1741103074307;825
3;1741103076425;2949
0;1741103080082;826
3;1741103081414;2950
0;1741103082032;827
3;1741103086421;2951
1;1741103088931;825
0;1741103089440;828
3;1741103091424;2952
1;1741103091484;826
3;1741103096457;2953
0;1741103096471;829
3;1741103101419;2954
3;1741103106432;2955
1;1741103108758;827
3;1741103111415;2956
1;1741103116219;828
3;1741103116422;2957
3;1741103121431;2958
1;1741103123915;829
3;1741103126439;2959
0;1741103128362;830
1;1741103129402;830
3;1741103131420;2960
1;1741103131611;831
0;1741103131626;831
3;1741103136427;2961
0;1741103140278;832
1;1741103141058;832
3;1741103141433;2962
3;1741103146419;2963
0;1741103146861;833
1;1741103147101;833
3;1741103151426;2964
0;1741103154506;834
3;1741103156413;2965
3;1741103161415;2966
3;1741103166424;2967
3;1741103171429;2968
3;1741103176418;2969
0;1741103180428;835
3;1741103181425;2970
3;1741103186427;2971
3;1741103191457;2972
3;1741103196422;2973
3;1741103201425;2974
0;1741103201493;836
1;1741103204507;834
3;1741103206415;2975
0;1741103206489;837
3;1741103211420;2976
0;1741103211778;838
3;1741103216425;2977
0;1741103221212;839
3;1741103221412;2978
3;1741103226419;2979
1;1741103227117;835
3;1741103231424;2980
1;1741103235017;836
3;1741103236413;2981
3;1741103241417;2982
1;1741103241504;837
0;1741103246270;840
3;1741103246419;2983
3;1741103271460;2984
3;1741103271506;2985
3;1741103271585;2986
1;1741103272846;838
3;1741103276416;2987
0;1741103280620;841
3;1741103281422;2988
0;1741103281434;842
3;1741103286427;2989
3;1741103291416;2990
3;1741103296422;2991
3;1741103301424;2992
0;1741103301702;843
3;1741103306430;2993
3;1741103311421;2994
0;1741103312632;844
3;1741103316426;2995
3;1741103321418;2996
3;1741103326422;2997
3;1741103331413;2998
1;1741103332863;839
3;1741103336421;2999
3;1741103351450;3000
3;1741103351513;3001
3;1741103356422;3002
3;1741103361429;3003
1;1741103363377;840
3;1741103366416;3004
0;1741103367932;845
1;1741103375464;841
3;1741103381448;3005
3;1741103381494;3006
3;1741103386420;3007
3;1741103391423;3008
3;1741103396414;3009
3;1741103401418;3010
3;1741103406421;3011
3;1741103411424;3012
3;1741103416427;3013
3;1741103421418;3014
2;1741103421534;200
3;1741103426422;3015
3;1741103431426;3016
3;1741103436417;3017
1;1741103440266;842
3;1741103441421;3018
3;1741103456432;3019
3;1741103456480;3020
3;1741103461422;3021
3;1741103466429;3022
1;1741103466617;843
2;1741103469878;201
3;1741103471416;3023
3;1741103476422;3024
3;1741103481426;3025
3;1741103486431;3026
3;1741103491419;3027
3;1741103496424;3028
1;1741103499875;844
3;1741103501413;3029
1;1741103503359;845
3;1741103506416;3030
3;1741103511426;3031
1;1741103511483;846
3;1741103516414;3032
3;1741103521421;3033
2;1741103524068;202
3;1741103526424;3034
1;1741103527108;847
3;1741103531415;3035
3;1741103536421;3036
3;1741103551460;3037
3;1741103551514;3038
1;1741103551895;848
3;1741103556423;3039
3;1741103561429;3040
3;1741103566417;3041
1;1741103568236;849
0;1741103569347;846
3;1741103571424;3042
3;1741103576416;3043
1;1741103580902;850
3;1741103581419;3044
3;1741103586426;3045
1;1741103589141;851
3;1741103591459;3046
1;1741103594656;852
3;1741103596421;3047
3;1741103601428;3048
1;1741103604653;853
3;1741103606417;3049
3;1741103621443;3050
3;1741103621507;3051
3;1741103626419;3052
3;1741103631424;3053
3;1741103636431;3054
3;1741103641419;3055
2;1741103645429;203
3;1741103646423;3056
3;1741103651427;3057
3;1741103656416;3058
3;1741103661421;3059
1;1741103662804;854
3;1741103666423;3060
1;1741103669160;855
3;1741103671417;3061
1;1741103671581;856
3;1741103676420;3062
3;1741103681428;3063
1;1741103684655;857
3;1741103686432;3064
3;1741103691422;3065
3;1741103696427;3066
3;1741103701414;3067
3;1741103716446;3068
3;1741103716527;3069
3;1741103721421;3070
3;1741103726428;3071
3;1741103731427;3072
3;1741103736458;3073
3;1741103741422;3074
3;1741103746427;3075
1;1741103747222;858
3;1741103751460;3076
0;1741103751780;847
3;1741103756423;3077
0;1741103759486;848
3;1741103761415;3078
0;1741103763412;849
3;1741103766419;3079
1;1741103766460;859
0;1741103766527;850
3;1741103771423;3080
0;1741103773977;851
3;1741103776414;3081
1;1741103777277;860
0;1741103778360;852
3;1741103781418;3082
1;1741103784324;861
3;1741103786424;3083
3;1741103791430;3084
1;1741103803604;862
1;1741103806488;863
0;1741103809527;853
0;1741103811842;854
3;1741103816454;3085
3;1741103816535;3086
0;1741103816577;855
3;1741103816588;3087
3;1741103821426;3088
0;1741103824717;856
3;1741103826415;3089
0;1741103826824;857
3;1741103831420;3090
3;1741103836424;3091
0;1741103837282;858
1;1741103839363;864
3;1741103841429;3092
0;1741103843688;859
3;1741103846418;3093
0;1741103847468;860
3;1741103851424;3094
3;1741103856428;3095
1;1741103856940;865
0;1741103856965;861
3;1741103861448;3096
1;1741103864225;866
3;1741103866418;3097
3;1741103871425;3098
1;1741103873483;867
0;1741103876570;862
1;1741103878890;868
3;1741103886426;3099
3;1741103886474;3100
1;1741103890930;869
3;1741103891415;3101
3;1741103896418;3102
1;1741103897291;870
3;1741103901422;3103
3;1741103906444;3104
0;1741103906598;863
3;1741103911415;3105
3;1741103916419;3106
3;1741103921427;3107
3;1741103926414;3108
3;1741103931419;3109
3;1741103936425;3110
3;1741103941426;3111
3;1741103946457;3112
3;1741103951421;3113
3;1741103956426;3114
3;1741103971423;3115
3;1741103971470;3116
3;1741103976428;3117
3;1741103991425;3118
3;1741103991499;3119
3;1741103996416;3120
3;1741104001416;3121
0;1741104002917;864
3;1741104006424;3122
0;1741104007041;865
1;1741104009682;871
3;1741104011428;3123
0;1741104014430;866
1;1741104016058;872
3;1741104016421;3124
2;1741104016606;204
1;1741104019246;873
3;1741104021425;3125
1;1741104021535;874
3;1741104026416;3126
1;1741104030089;875
3;1741104031421;3127
3;1741104036425;3128
3;1741104041428;3129
1;1741104041873;876
3;1741104046421;3130
3;1741104051425;3131
3;1741104056426;3132
3;1741104061458;3133
3;1741104066435;3134
3;1741104071426;3135
3;1741104076418;3136
1;1741104081177;877
3;1741104081419;3137
3;1741104087689;3138
3;1741104091416;3139
0;1741104091485;867
1;1741104095218;878
3;1741104096420;3140
1;1741104100352;879
3;1741104101413;3141
0;1741104104287;868
1;1741104104943;880
3;1741104106461;3142
1;1741104108809;881
3;1741104111423;3143
1;1741104111564;882
0;1741104116329;869
3;1741104116456;3144
0;1741104116681;870
3;1741104121419;3145
0;1741104122869;871
2;1741104123685;205
3;1741104126426;3146
0;1741104126772;872
2;1741104127349;206
1;1741104131038;883
3;1741104131426;3147
3;1741104136462;3148
3;1741104141424;3149
2;1741104144074;207
3;1741104146428;3150
0;1741104149862;873
3;1741104151418;3151
1;1741104151732;884
2;1741104151908;208
0;1741104152212;874
3;1741104156425;3152
0;1741104156477;875
3;1741104161413;3153
3;1741104166422;3154
0;1741104166832;876
3;1741104171425;3155
0;1741104171580;877
3;1741104176458;3156
1;1741104180344;885
3;1741104181454;3157
3;1741104186425;3158
3;1741104191417;3159
1;1741104195676;886
3;1741104196421;3160
1;1741104196593;887
0;1741104196674;878
3;1741104201426;3161
0;1741104201548;879
3;1741104206418;3162
1;1741104206700;888
0;1741104206732;880
2;1741104209564;209
3;1741104211422;3163
0;1741104212169;881
3;1741104216413;3164
1;1741104216696;889
3;1741104221416;3165
2;1741104221956;210
3;1741104226421;3166
3;1741104231457;3167
1;1741104233883;890
3;1741104236420;3168
3;1741104241426;3169
3;1741104246413;3170
3;1741104251418;3171
0;1741104252100;882
3;1741104256426;3172
0;1741104259031;883
1;1741104259107;891
3;1741104261457;3173
0;1741104262335;884
3;1741104266420;3174
3;1741104271425;3175
1;1741104275676;892
3;1741104276413;3176
0;1741104280391;885
1;1741104281215;893
3;1741104281418;3177
0;1741104283864;886
3;1741104286421;3178
0;1741104288893;887
3;1741104291426;3179
0;1741104291644;888
3;1741104296417;3180
0;1741104299577;889
3;1741104301420;3181
3;1741104306424;3182
0;1741104306722;890
1;1741104308610;894
3;1741104311412;3183
1;1741104314640;895
3;1741104316461;3184
0;1741104316717;891
3;1741104321428;3185
0;1741104322571;892
3;1741104326415;3186
0;1741104328894;893
3;1741104331417;3187
0;1741104331524;894
3;1741104336423;3188
0;1741104336631;895
3;1741104341429;3189
3;1741104346461;3190
3;1741104351423;3191
3;1741104356428;3192
0;1741104356679;896
1;1741104360582;896
3;1741104361416;3193
0;1741104361468;897
3;1741104366423;3194
0;1741104366474;898
3;1741104371425;3195
0;1741104372296;899
1;1741104374076;897
3;1741104376432;3196
1;1741104376552;898
3;1741104381423;3197
1;1741104381563;899
0;1741104381702;900
3;1741104386426;3198
0;1741104386477;901
1;1741104389376;900
3;1741104391416;3199
0;1741104391779;902
1;1741104394274;901
3;1741104396418;3200
0;1741104396529;903
1;1741104396561;902
3;1741104401423;3201
1;1741104402299;903
3;1741104406416;3202
1;1741104406794;904
0;1741104407514;904
3;1741104411418;3203
0;1741104411475;905
1;1741104413909;905
3;1741104416426;3204
1;1741104416769;906
0;1741104419410;906
3;1741104421429;3205
1;1741104421816;907
0;1741104422047;907
3;1741104426417;3206
1;1741104426593;908
0;1741104427213;908
0;1741104431601;909
1;1741104436519;909
0;1741104441059;910
3;1741104441432;3207
3;1741104441513;3208
0;1741104443939;911
3;1741104446425;3209
1;1741104449678;910
3;1741104451426;3210
1;1741104451764;911
3;1741104456415;3211
1;1741104456458;912
0;1741104460025;912
1;1741104461617;913
1;1741104468833;914
3;1741104471430;3212
3;1741104471492;3213
0;1741104474214;913
1;1741104475263;915
3;1741104476421;3214
0;1741104476990;914
1;1741104479998;916
3;1741104481425;3215
1;1741104481607;917
0;1741104481628;915
3;1741104486419;3216
0;1741104487049;916
3;1741104491421;3217
1;1741104491632;918
0;1741104491863;917
0;1741104498052;918
1;1741104502548;919
3;1741104506466;3218
3;1741104506517;3219
1;1741104510511;920
3;1741104511424;3220
0;1741104516235;919
3;1741104516450;3221
1;1741104516635;921
0;1741104517323;920
3;1741104521419;3222
1;1741104525222;922
3;1741104526423;3223
0;1741104527234;921
1;1741104529042;923
3;1741104531417;3224
3;1741104536421;3225
1;1741104540862;924
3;1741104541429;3226
1;1741104543664;925
3;1741104546457;3227
1;1741104546483;926
3;1741104551420;3228
3;1741104556427;3229
3;1741104561415;3230
3;1741104576429;3231
3;1741104581420;3232
3;1741104586422;3233
0;1741104587041;922
3;1741104591426;3234
0;1741104591575;923
3;1741104596456;3235
0;1741104596776;924
3;1741104601460;3236
1;1741104601540;927
3;1741104606420;3237
3;1741104611430;3238
1;1741104612106;928
3;1741104616433;3239
3;1741104621417;3240
3;1741104626422;3241
2;1741104629281;211
3;1741104631414;3242
3;1741104636418;3243
0;1741104641513;925
3;1741104651432;3244
3;1741104651488;3245
3;1741104656421;3246
3;1741104661412;3247
0;1741104664542;926
2;1741104665946;212
3;1741104666415;3248
3;1741104671424;3249
3;1741104676425;3250
3;1741104681433;3251
3;1741104686465;3252
0;1741104688672;927
3;1741104691426;3253
0;1741104691596;928
3;1741104696456;3254
3;1741104701420;3255
3;1741104706426;3256
0;1741104706837;929
3;1741104711413;3257
3;1741104716419;3258
3;1741104721424;3259
3;1741104726417;3260
3;1741104731417;3261
3;1741104736423;3262
1;1741104738561;929
2;1741104739039;213
3;1741104741424;3263
2;1741104741882;214
2;1741104751874;215
3;1741104756424;3264
0;1741104756532;930
1;1741104756725;930
3;1741104761416;3265
3;1741104766434;3266
0;1741104766920;931
1;1741104766936;931
3;1741104771423;3267
3;1741104776453;3268
3;1741104781418;3269
3;1741104786425;3270
3;1741104791416;3271
3;1741104796423;3272
3;1741104801424;3273
3;1741104806430;3274
0;1741104809496;932
1;1741104809528;932
3;1741104811423;3275
3;1741104816427;3276
3;1741104821436;3277
0;1741104824601;933
1;1741104824821;933
3;1741104826423;3278
1;1741104830033;934
0;1741104830161;934
3;1741104831427;3279
3;1741104836416;3280
0;1741104837915;935
1;1741104837971;935
3;1741104841422;3281
3;1741104846428;3282
3;1741104851436;3283
3;1741104856418;3284
0;1741104856508;936
1;1741104856633;936
3;1741104861423;3285
0;1741104861700;937
1;1741104863977;937
3;1741104866416;3286
0;1741104867817;938
3;1741104871449;3287
3;1741104876426;3288
3;1741104881456;3289
3;1741104886460;3290
3;1741104891423;3291
3;1741104896427;3292
3;1741104901417;3293
0;1741104904065;939
3;1741104906437;3294
0;1741104908943;940
3;1741104911424;3295
1;1741104916311;938
3;1741104916412;3296
3;1741104921423;3297
3;1741104926424;3298
3;1741104931454;3299
3;1741104946430;3300
1;1741104949848;939
1;1741104952644;940
3;1741104956517;3301
3;1741104956564;3302
3;1741104961425;3303
1;1741104962507;941
3;1741104966458;3304
1;1741104968958;942
3;1741104971422;3305
3;1741104976426;3306
3;1741104981427;3307
1;1741104985296;943
3;1741104986413;3308
3;1741104991417;3309
1;1741104993076;944
3;1741104996424;3310
0;1741105001053;941
3;1741105001427;3311
1;1741105005069;945
3;1741105006453;3312
3;1741105011419;3313
3;1741105016424;3314
3;1741105021416;3315
3;1741105026419;3316
3;1741105031425;3317
3;1741105036457;3318
3;1741105051434;3319
3;1741105051481;3320
3;1741105056422;3321
0;1741105061516;942
1;1741105066682;946
3;1741105071435;3322
3;1741105071484;3323
3;1741105076424;3324
3;1741105081458;3325
3;1741105086423;3326
3;1741105091426;3327
3;1741105096418;3328
1;1741105099196;947
3;1741105101426;3329
0;1741105103427;943
3;1741105106414;3330
0;1741105107352;944
1;1741105107384;948
3;1741105111432;3331
0;1741105111649;945
1;1741105114769;949
3;1741105116422;3332
0;1741105116513;946
1;1741105119633;950
3;1741105121427;3333
3;1741105126416;3334
0;1741105129556;947
3;1741105131420;3335
3;1741105136424;3336
3;1741105141428;3337
3;1741105146421;3338
1;1741105150655;951
3;1741105151423;3339
3;1741105156415;3340
3;1741105161419;3341
1;1741105165881;952
1;1741105166883;953
3;1741105176420;3342
3;1741105181429;3343
3;1741105186432;3344
3;1741105191421;3345
2;1741105191580;216
0;1741105191671;948
3;1741105196428;3346
3;1741105201416;3347
3;1741105206429;3348
3;1741105211429;3349
3;1741105216460;3350
0;1741105221107;949
3;1741105221465;3351
0;1741105224362;950
3;1741105226430;3352
3;1741105231465;3353
3;1741105236426;3354
1;1741105241006;954
3;1741105241428;3355
3;1741105246420;3356
3;1741105251420;3357
3;1741105256422;3358
0;1741105257249;951
3;1741105261427;3359
0;1741105263439;952
3;1741105266418;3360
3;1741105271422;3361
3;1741105276426;3362
2;1741105276549;217
3;1741105281461;3363
0;1741105285443;953
3;1741105286422;3364
3;1741105291427;3365
3;1741105296429;3366
0;1741105296888;954
3;1741105301462;3367
3;1741105306422;3368
2;1741105309584;218
3;1741105311426;3369
1;1741105314446;955
3;1741105316414;3370
3;1741105321419;3371
3;1741105326425;3372
1;1741105326500;956
3;1741105331428;3373
3;1741105336420;3374
1;1741105336480;957
3;1741105341425;3375
3;1741105346416;3376
3;1741105351421;3377
1;1741105354407;958
2;1741105354983;219
3;1741105356423;3378
1;1741105357104;959
3;1741105361427;3379
1;1741105366030;960
3;1741105366437;3380
3;1741105371424;3381
0;1741105372569;955
3;1741105376429;3382
0;1741105376489;956
3;1741105381417;3383
0;1741105381569;957
3;1741105386421;3384
1;1741105390239;961
3;1741105391429;3385
1;1741105391473;962
2;1741105394526;220
3;1741105396456;3386
3;1741105401420;3387
3;1741105406426;3388
1;1741105410403;963
3;1741105411429;3389
3;1741105416444;3390
2;1741105418970;221
0;1741105419449;958
3;1741105421422;3391
0;1741105422631;959
3;1741105426427;3392
1;1741105426543;964
0;1741105426917;960
3;1741105431416;3393
1;1741105431467;965
2;1741105433900;222
3;1741105436421;3394
1;1741105437200;966
3;1741105441427;3395
1;1741105443197;967
0;1741105443543;961
3;1741105446432;3396
1;1741105446831;968
3;1741105451419;3397
3;1741105456425;3398
3;1741105461417;3399
3;1741105467344;3400
1;1741105469650;969
3;1741105471429;3401
2;1741105474752;223
0;1741105475912;962
3;1741105476416;3402
1;1741105479369;970
2;1741105479563;224
3;1741105481420;3403
0;1741105481461;963
3;1741105486423;3404
2;1741105487491;225
3;1741105491429;3405
1;1741105491500;971
3;1741105496417;3406
1;1741105496623;972
2;1741105501335;226
3;1741105501420;3407
3;1741105506428;3408
3;1741105511434;3409
3;1741105516418;3410
3;1741105521424;3411
3;1741105526428;3412
3;1741105531416;3413
0;1741105531683;964
3;1741105536425;3414
3;1741105541446;3415
3;1741105546417;3416
3;1741105551421;3417
1;1741105554295;973
3;1741105556425;3418
1;1741105557299;974
2;1741105559491;227
3;1741105561428;3419
2;1741105566280;228
3;1741105566418;3420
3;1741105571420;3421
0;1741105571567;965
2;1741105574294;229
3;1741105576422;3422
3;1741105581431;3423
0;1741105584092;966
2;1741105584193;230
3;1741105586460;3424
1;1741105589069;975
3;1741105591423;3425
1;1741105594314;976
3;1741105596427;3426
3;1741105601418;3427
1;1741105606032;977
3;1741105616475;3428
3;1741105616527;3429
1;1741105617915;978
3;1741105621421;3430
1;1741105624173;979
3;1741105626426;3431
1;1741105630164;980
3;1741105631428;3432
1;1741105634910;981
3;1741105636430;3433
1;1741105639596;982
3;1741105641422;3434
0;1741105642185;967
1;1741105642372;983
3;1741105646428;3435
0;1741105648933;968
3;1741105651417;3436
3;1741105656422;3437
3;1741105661424;3438
3;1741105666427;3439
3;1741105671463;3440
3;1741105676421;3441
0;1741105680495;969
3;1741105681421;3442
2;1741105684420;231
3;1741105686427;3443
2;1741105686773;232
0;1741105687253;970
3;1741105701431;3444
3;1741105701494;3445
3;1741105706419;3446
1;1741105706663;984
1;1741105716936;985
2;1741105719864;233
3;1741105721450;3447
3;1741105721497;3448
2;1741105721648;234
1;1741105724755;986
3;1741105726424;3449
3;1741105731428;3450
3;1741105736417;3451
3;1741105741424;3452
1;1741105741563;987
2;1741105743963;235
3;1741105746429;3453
3;1741105751457;3454
1;1741105752320;988
0;1741105755488;971
3;1741105756423;3455
0;1741105757424;972
3;1741105761426;3456
0;1741105761469;973
3;1741105766416;3457
1;1741105767771;989
3;1741105771421;3458
0;1741105775049;974
3;1741105776426;3459
3;1741105781428;3460
3;1741105786420;3461
1;1741105791084;990
3;1741105791425;3462
3;1741105796416;3463
3;1741105801422;3464
3;1741105816437;3465
3;1741105816484;3466
3;1741105821427;3467
3;1741105826457;3468
3;1741105831422;3469
3;1741105836429;3470
3;1741105841419;3471
3;1741105846427;3472
3;1741105861436;3473
3;1741105871505;3474
3;1741105871557;3475
1;1741105874228;991
3;1741105876415;3476
3;1741105881439;3477
1;1741105885784;992
3;1741105886428;3478
1;1741105888325;993
3;1741105891434;3479
3;1741105896421;3480
1;1741105899147;994
3;1741105901426;3481
3;1741105906419;3482
2;1741105908023;236
3;1741105921432;3483
3;1741105921484;3484
3;1741105926422;3485
1;1741105926564;995
0;1741105926800;975
3;1741105931430;3486
0;1741105931483;976
3;1741105936417;3487
0;1741105936461;977
3;1741105941426;3488
1;1741105941596;996
3;1741105946414;3489
3;1741105951438;3490
3;1741105956423;3491
3;1741105961430;3492
3;1741105966418;3493
3;1741105971423;3494
3;1741105976426;3495
3;1741105981433;3496
0;1741105984907;978
3;1741105986421;3497
0;1741105987263;979
3;1741105991424;3498
0;1741105996454;980
3;1741106006437;3499
3;1741106006486;3500
3;1741106011425;3501
1;1741106015227;997
0;1741106016495;981
3;1741106026471;3502
3;1741106026521;3503
3;1741106031417;3504
3;1741106036453;3505
3;1741106041421;3506
3;1741106046428;3507
1;1741106046599;998
3;1741106051419;3508
1;1741106051556;999
3;1741106056425;3509
3;1741106061427;3510
2;1741106065181;237
3;1741106066436;3511
2;1741106066560;238
3;1741106071421;3512
2;1741106074104;239
3;1741106076425;3513
3;1741106081417;3514
3;1741106086423;3515
3;1741106091426;3516
3;1741106096415;3517
2;1741106097315;240
3;1741106101419;3518
1;1741106104903;1000
3;1741106106429;3519
1;1741106107426;1001
2;1741106108152;241
3;1741106111414;3520
2;1741106115711;242
3;1741106116418;3521
2;1741106119741;243
3;1741106121458;3522
0;1741106121481;982
3;1741106126413;3523
3;1741106131417;3524
3;1741106136422;3525
3;1741106141424;3526
3;1741106146417;3527
3;1741106151420;3528
3;1741106156425;3529
0;1741106157231;983
1;1741106157699;1002
3;1741106161428;3530
0;1741106161743;984
3;1741106166417;3531
3;1741106171424;3532
3;1741106176414;3533
3;1741106181421;3534
3;1741106186427;3535
3;1741106191417;3536
3;1741106196424;3537
3;1741106201425;3538
3;1741106206456;3539
3;1741106211422;3540
3;1741106216428;3541
0;1741106219909;985
3;1741106221419;3542
3;1741106226422;3543
3;1741106231429;3544
3;1741106236456;3545
3;1741106241419;3546
0;1741106241559;986
3;1741106246429;3547
3;1741106251418;3548
0;1741106254069;987
1;1741106256148;1003
3;1741106256423;3549
3;1741106261429;3550
0;1741106264379;988
3;1741106266461;3551
3;1741106271426;3552
0;1741106271515;989
1;1741106271819;1004
3;1741106276457;3553
1;1741106276808;1005
0;1741106278355;990
3;1741106281419;3554
1;1741106281973;1006
0;1741106282149;991
3;1741106286422;3555
0;1741106286504;992
1;1741106289506;1007
3;1741106291426;3556
0;1741106291517;993
1;1741106294221;1008
3;1741106296457;3557
0;1741106296604;994
1;1741106299561;1009
3;1741106301422;3558
3;1741106306427;3559
1;1741106310005;1010
3;1741106311460;3560
0;1741106315364;995
3;1741106316422;3561
0;1741106317248;996
1;1741106319328;1011
0;1741106325482;997
0;1741106327343;998
3;1741106331445;3562
3;1741106331504;3563
0;1741106333109;999
1;1741106335076;1012
3;1741106336423;3564
0;1741106336641;1000
1;1741106339921;1013
1;1741106341697;1014
0;1741106341953;1001
0;1741106346587;1002
3;1741106351469;3565
3;1741106351520;3566
1;1741106351758;1015
0;1741106352620;1003
3;1741106356415;3567
1;1741106357177;1016
0;1741106363398;1004
1;1741106364838;1017
3;1741106371429;3568
0;1741106372432;1005
1;1741106372976;1018
1;1741106377453;1019
3;1741106381491;3569
3;1741106381538;3570
3;1741106386417;3571
1;1741106389459;1020
3;1741106391422;3572
3;1741106396426;3573
1;1741106399557;1021
3;1741106401430;3574
3;1741106406418;3575
3;1741106411428;3576
0;1741106414203;1006
3;1741106416413;3577
0;1741106416520;1007
3;1741106421419;3578
0;1741106421902;1008
1;1741106424856;1022
1;1741106426959;1023
0;1741106427140;1009
3;1741106436422;3579
0;1741106439152;1010
3;1741106441426;3580
3;1741106446606;3581
0;1741106448473;1011
3;1741106451419;3582
3;1741106456425;3583
1;1741106460690;1024
3;1741106461415;3584
3;1741106466419;3585
0;1741106469067;1012
3;1741106471425;3586
3;1741106476457;3587
3;1741106481416;3588
3;1741106486422;3589
3;1741106491423;3590
3;1741106496427;3591
3;1741106501419;3592
3;1741106506424;3593
3;1741106511416;3594
3;1741106516424;3595
3;1741106531438;3596
3;1741106531487;3597
3;1741106536428;3598
3;1741106541417;3599
3;1741106546423;3600
3;1741106551429;3601
3;1741106556415;3602
3;1741106571433;3603
3;1741106571510;3604
3;1741106576427;3605
3;1741106581453;3606
1;1741106582496;1025
3;1741106586422;3607
3;1741106591426;3608
1;1741106593031;1026
3;1741106596416;3609
3;1741106601425;3610
0;1741106605862;1013
3;1741106606427;3611
3;1741106611456;3612
3;1741106616424;3613
0;1741106620592;1014
3;1741106621427;3614
1;1741106624797;1027
3;1741106626415;3615
0;1741106627155;1015
3;1741106631423;3616
0;1741106637798;1016
1;1741106639781;1028
3;1741106646442;3617
3;1741106646524;3618
0;1741106647170;1017
1;1741106647202;1029
3;1741106651429;3619
1;1741106653661;1030
0;1741106653901;1018
3;1741106656459;3620
1;1741106659212;1031
3;1741106661426;3621
1;1741106664079;1032
3;1741106666460;3622
1;1741106666746;1033
0;1741106670138;1019
3;1741106671421;3623
0;1741106671560;1020
3;1741106676413;3624
3;1741106681418;3625
1;1741106683975;1034
0;1741106687199;1021
1;1741106687439;1035
2;1741106690527;244
3;1741106696476;3626
3;1741106696557;3627
3;1741106701423;3628
3;1741106706412;3629
3;1741106711424;3630
3;1741106716425;3631
3;1741106731440;3632
3;1741106731521;3633
0;1741106732003;1022
3;1741106736429;3634
0;1741106737094;1023
1;1741106739174;1036
0;1741106741478;1024
2;1741106744662;245
2;1741106746468;246
0;1741106746564;1025
3;1741106751432;3635
3;1741106751480;3636
3;1741106756423;3637
1;1741106759377;1037
1;1741106765211;1038
1;1741106767130;1039
3;1741106771451;3638
3;1741106771497;3639
3;1741106776423;3640
3;1741106781414;3641
1;1741106784512;1040
3;1741106786420;3642
1;1741106789277;1041
3;1741106791427;3643
1;1741106794157;1042
3;1741106796428;3644
3;1741106801417;3645
0;1741106803970;1026
2;1741106804114;247
1;1741106804354;1043
3;1741106806424;3646
0;1741106806466;1027
1;1741106806577;1044
3;1741106811429;3647
3;1741106816417;3648
3;1741106821424;3649
3;1741106836425;3650
3;1741106836509;3651
3;1741106841427;3652
3;1741106846452;3653
3;1741106851421;3654
3;1741106856426;3655
0;1741106859455;1028
3;1741106861415;3656
3;1741106866419;3657
3;1741106871425;3658
2;1741106882873;248
3;1741106886429;3659
3;1741106886477;3660
3;1741106891420;3661
3;1741106896424;3662
3;1741106901413;3663
0;1741106904944;1029
3;1741106906459;3664
3;1741106911425;3665
3;1741106916415;3666
3;1741106921421;3667
1;1741106921766;1045
3;1741106926424;3668
3;1741106931427;3669
1;1741106933816;1046
3;1741106936415;3670
3;1741106941419;3671
3;1741106946425;3672
1;1741106956478;1047
3;1741106961422;3673
3;1741106961478;3674
3;1741106966425;3675
1;1741106974308;1048
3;1741106981426;3676
3;1741106981473;3677
1;1741106985947;1049
3;1741106986416;3678
1;1741106997848;1050
3;1741107001431;3679
3;1741107001506;3680
0;1741107004963;1030
3;1741107006421;3681
0;1741107006553;1031
1;1741107007184;1051
3;1741107011429;3682
1;1741107011599;1052
2;1741107015503;249
3;1741107016419;3683
3;1741107021425;3684
3;1741107026416;3685
1;1741107029881;1053
1;1741107031462;1054
3;1741107041442;3686
3;1741107041508;3687
3;1741107046417;3688
3;1741107051421;3689
3;1741107056425;3690
3;1741107061427;3691
3;1741107066459;3692
3;1741107071424;3693
3;1741107076414;3694
3;1741107081418;3695
3;1741107086423;3696
0;1741107088953;1032
3;1741107091428;3697
3;1741107096457;3698
3;1741107101418;3699
0;1741107104549;1033
3;1741107106426;3700
0;1741107108915;1034
1;1741107110147;1055
3;1741107111413;3701
0;1741107111760;1035
3;1741107116460;3702
3;1741107121426;3703
3;1741107126429;3704
3;1741107131417;3705
3;1741107136423;3706
3;1741107141428;3707
1;1741107143549;1056
3;1741107146457;3708
1;1741107147336;1057
3;1741107161429;3709
3;1741107161477;3710
3;1741107166417;3711
3;1741107171423;3712
3;1741107176425;3713
3;1741107181459;3714
3;1741107186421;3715
1;1741107189167;1058
3;1741107191424;3716
3;1741107196416;3717
1;1741107199257;1059
3;1741107201460;3718
3;1741107206426;3719
3;1741107211657;3720
3;1741107216420;3721
3;1741107221427;3722
3;1741107226417;3723
3;1741107231424;3724
1;1741107234059;1060
3;1741107236414;3725
3;1741107241418;3726
1;1741107244554;1061
3;1741107246425;3727
1;1741107250115;1062
3;1741107251458;3728
3;1741107256438;3729
1;1741107261083;1063
3;1741107261424;3730
1;1741107268103;1064
3;1741107276422;3731
3;1741107281429;3732
3;1741107286461;3733
3;1741107291421;3734
3;1741107296424;3735
3;1741107301416;3736
3;1741107306419;3737
3;1741107311426;3738
3;1741107316430;3739
3;1741107321419;3740
2;1741107321974;250
3;1741107326423;3741
2;1741107329842;251
3;1741107331415;3742
3;1741107336430;3743
3;1741107341418;3744
3;1741107346425;3745
3;1741107351415;3746
1;1741107354160;1065
2;1741107355008;252
3;1741107356421;3747
3;1741107361426;3748
1;1741107365724;1066
3;1741107366446;3749
3;1741107371420;3750
3;1741107376424;3751
3;1741107381418;3752
3;1741107386423;3753
3;1741107391425;3754
3;1741107396428;3755
3;1741107411441;3756
3;1741107411488;3757
1;1741107412863;1067
0;1741107412892;1036
3;1741107416417;3758
0;1741107416521;1037
3;1741107421420;3759
0;1741107421750;1038
1;1741107426278;1068
3;1741107426427;3760
1;1741107426738;1069
3;1741107431431;3761
3;1741107436419;3762
1;1741107436461;1070
3;1741107441426;3763
3;1741107446415;3764
1;1741107446793;1071
3;1741107451419;3765
3;1741107456425;3766
3;1741107461455;3767
3;1741107466419;3768
0;1741107469340;1039
3;1741107471425;3769
3;1741107486440;3770
3;1741107486485;3771
3;1741107491422;3772
3;1741107496427;3773
1;1741107497046;1072
3;1741107501417;3774
1;1741107504303;1073
3;1741107506422;3775
0;1741107506499;1040
3;1741107511424;3776
3;1741107516436;3777
1;1741107520595;1074
3;1741107521420;3778
3;1741107526426;3779
3;1741107531526;3780
1;1741107532303;1075
3;1741107536433;3781
3;1741107541425;3782
1;1741107544195;1076
3;1741107546427;3783
3;1741107551418;3784
0;1741107551506;1041
1;1741107552083;1077
3;1741107556425;3785
1;1741107558671;1078
3;1741107561427;3786
1;1741107562877;1079
3;1741107566429;3787
3;1741107571419;3788
0;1741107573215;1042
3;1741107576425;3789
3;1741107581413;3790
1;1741107581768;1080
3;1741107586421;3791
1;1741107587343;1081
1;1741107597555;1082
3;1741107601437;3792
3;1741107601527;3793
3;1741107606406;3794
3;1741107611426;3795
3;1741107616420;3796
3;1741107631430;3797
3;1741107631476;3798
3;1741107636420;3799
1;1741107639792;1083
3;1741107641427;3800
3;1741107646415;3801
1;1741107646826;1084
2;1741107647066;253
3;1741107651459;3802
3;1741107656426;3803
1;1741107658326;1085
3;1741107661456;3804
3;1741107666420;3805
3;1741107671425;3806
3;1741107676413;3807
3;1741107681421;3808
3;1741107686425;3809
3;1741107691430;3810
3;1741111911420;3811
3;1741111916427;3812
3;1741111921431;3813
3;1741111926418;3814
3;1741111931424;3815
3;1741111936428;3816
3;1741111941417;3817
3;1741111946423;3818
3;1741111951426;3819
1;1741111953911;1086
3;1741111956417;3820
1;1741111958764;1087
3;1741111961425;3821
0;1741111971523;1043
3;1741111976436;3822
3;1741111976502;3823
3;1741111981424;3824
0;1741111985579;1044
3;1741111986416;3825
3;1741111991405;3826
0;1741111992185;1045
3;1741111996429;3827
3;1741112001416;3828
0;1741112005073;1046
3;1741112006461;3829
0;1741112006621;1047
3;1741112011424;3830
1;1741112014618;1088
3;1741112016430;3831
3;1741112021415;3832
0;1741112021565;1048
1;1741112021681;1089
2;1741112025132;254
3;1741112026461;3833
0;1741112026620;1049
2;1741112026892;255
3;1741112031429;3834
0;1741112031868;1050
3;1741112036457;3835
0;1741112036713;1051
2;1741112039830;256
3;1741112041416;3836
2;1741112041794;257
0;1741112042626;1052
1;1741112044466;1090
3;1741112046423;3837
1;1741112049259;1091
3;1741112051426;3838
2;1741112054536;258
0;1741112054832;1053
1;1741112056136;1092
3;1741112056414;3839
0;1741112059288;1054
2;1741112059511;259
3;1741112061416;3840
1;1741112061569;1093
3;1741112066424;3841
1;1741112066487;1094
0;1741112069201;1055
0;1741112071724;1056
0;1741112078601;1057
2;1741112079049;260
3;1741112081464;3842
0;1741112082392;1058
2;1741112082503;261
1;1741112084723;1095
0;1741112087252;1059
3;1741112091528;3843
3;1741112091575;3844
1;1741112092051;1096
0;1741112092802;1060
2;1741112094577;262
3;1741112096419;3845
1;1741112096503;1097
0;1741112096798;1061
3;1741112101423;3846
3;1741112106426;3847
3;1741112111434;3848
3;1741112116423;3849
0;1741112119521;1062
0;1741112122417;1063
2;1741112126463;263
3;1741112131426;3850
3;1741112131508;3851
0;1741112136075;1064
3;1741112136474;3852
2;1741112140666;264
2;1741112141729;265
0;1741112149491;1065
3;1741112151427;3853
3;1741112151474;3854
3;1741112156418;3855
3;1741112161423;3856
3;1741112176465;3857
3;1741112176518;3858
3;1741112181427;3859
3;1741112186417;3860
3;1741112191421;3861
3;1741112196422;3862
3;1741112201426;3863
3;1741112206458;3864
0;1741112206584;1066
3;1741112211420;3865
3;1741112216425;3866
3;1741112221416;3867
1;1741112221587;1098
0;1741112225330;1067
3;1741112226418;3868
1;1741112229902;1099
1;1741112231582;1100
3;1741112251443;3869
3;1741112251519;3870
3;1741112251572;3871
3;1741112256413;3872
3;1741112261422;3873
3;1741112266427;3874
1;1741112266871;1101
3;1741112271415;3875
1;1741112271664;1102
3;1741112276419;3876
0;1741112278126;1068
1;1741112278918;1103
3;1741112281423;3877
3;1741112286427;3878
3;1741112291418;3879
3;1741112296423;3880
3;1741112301413;3881
1;1741112301489;1104
3;1741112306419;3882
1;1741112306588;1105
0;1741112307696;1069
3;1741112311422;3883
0;1741112311513;1070
3;1741112316426;3884
0;1741112316689;1071
0;1741112321455;1072
0;1741112326443;1073
1;1741112329887;1106
3;1741112331464;3885
3;1741112331519;3886
3;1741112336414;3887
1;1741112336559;1107
3;1741112341421;3888
1;1741112343887;1108
3;1741112346426;3889
3;1741112351426;3890
3;1741112356416;3891
3;1741112371426;3892
3;1741112371475;3893
3;1741112376417;3894
0;1741112377994;1074
3;1741112381422;3895
3;1741112386426;3896
0;1741112386491;1075
1;1741112389297;1109
3;1741112391420;3897
0;1741112395221;1076
3;1741112396421;3898
1;1741112398974;1110
2;1741112400844;266
3;1741112401420;3899
3;1741112406425;3900
1;1741112409220;1111
3;1741112411424;3901
0;1741112412735;1077
3;1741112416419;3902
0;1741112416639;1078
1;1741112417871;1112
3;1741112421423;3903
0;1741112423962;1079
1;1741112424567;1113
3;1741112426416;3904
0;1741112429610;1080
3;1741112431421;3905
0;1741112431564;1081
1;1741112431833;1114
3;1741112436426;3906
1;1741112436532;1115
0;1741112436660;1082
3;1741112441417;3907
3;1741112456433;3908
3;1741112456507;3909
3;1741112461420;3910
3;1741112466426;3911
0;1741112469350;1083
3;1741112471418;3912
3;1741112476421;3913
3;1741112481426;3914
3;1741112486460;3915
1;1741112496079;1116
3;1741112501432;3916
3;1741112501480;3917
3;1741112506422;3918
0;1741112510124;1084
3;1741112511422;3919
3;1741112516414;3920
3;1741112521432;3921
3;1741112526424;3922
3;1741112531456;3923
3;1741112536420;3924
3;1741112541423;3925
3;1741112546416;3926
3;1741112551419;3927
3;1741112556426;3928
3;1741112561414;3929
3;1741112566418;3930
3;1741112571425;3931
3;1741112576414;3932
1;1741112579128;1117
3;1741112581477;3933
0;1741112584531;1085
1;1741112584563;1118
0;1741112594247;1086
3;1741112596446;3934
0;1741112596487;1087
3;1741112596525;3935
3;1741112601423;3936
0;1741112601709;1088
1;1741112601738;1119
3;1741112606422;3937
0;1741112608609;1089
1;1741112608705;1120
3;1741112611427;3938
3;1741112616419;3939
3;1741112621422;3940
1;1741112629159;1121
3;1741112636422;3941
3;1741112636501;3942
3;1741112641424;3943
3;1741112646415;3944
3;1741112651422;3945
3;1741112666441;3946
3;1741112666520;3947
3;1741112671415;3948
3;1741112676418;3949
3;1741112681427;3950
3;1741112686430;3951
3;1741112691421;3952
1;1741112694039;1122
3;1741112696426;3953
3;1741112701414;3954
1;1741112701570;1123
0;1741112704609;1090
3;1741112706419;3955
3;1741112711421;3956
3;1741112716423;3957
3;1741112721417;3958
1;1741112724723;1124
3;1741112726421;3959
3;1741112741434;3960
3;1741112751512;3961
3;1741112751559;3962
1;1741112754482;1125
0;1741112754849;1091
3;1741112756418;3963
3;1741112761423;3964
3;1741112766412;3965
0;1741112768144;1092
1;1741112768809;1126
3;1741112771461;3966
0;1741112771649;1093
3;1741112776419;3967
3;1741112781425;3968
3;1741112786426;3969
1;1741112790597;1127
0;1741112790629;1094
3;1741112791455;3970
1;1741112796204;1128
3;1741112796422;3971
3;1741112801426;3972
1;1741112804332;1129
3;1741112806414;3973
0;1741112806755;1095
3;1741112811422;3974
0;1741112811813;1096
1;1741112814440;1130
3;1741112816425;3975
1;1741112816820;1131
0;1741112816996;1097
3;1741112821455;3976
0;1741112821548;1098
3;1741112826421;3977
3;1741112831426;3978
0;1741112831983;1099
1;1741112835068;1132
0;1741112837500;1100
0;1741112845621;1101
3;1741112846434;3979
3;1741112846488;3980
3;1741112851423;3981
3;1741112856412;3982
3;1741112861418;3983
3;1741112866419;3984
3;1741112871426;3985
1;1741112871521;1133
0;1741112872092;1102
3;1741112876456;3986
1;1741112876569;1134
3;1741112881418;3987
1;1741112882389;1135
3;1741112886426;3988
3;1741112891428;3989
3;1741112896418;3990
3;1741112901426;3991
3;1741112906447;3992
2;1741112908903;267
3;1741112911419;3993
3;1741112916423;3994
3;1741112921426;3995
3;1741112926430;3996
3;1741112931421;3997
3;1741112936425;3998
3;1741112941415;3999
3;1741112946422;4000
3;1741112951426;4001
3;1741112956419;4002
3;1741112971435;4003
3;1741112971481;4004
3;1741112976424;4005
3;1741112981456;4006
3;1741112986415;4007
0;1741112986793;1103
3;1741112991461;4008
0;1741112993845;1104
3;1741112996426;4009
3;1741113001456;4010
3;1741113006418;4011
1;1741113011260;1136
3;1741113011425;4012
3;1741113016415;4013
0;1741113016633;1105
1;1741113016665;1137
3;1741113021422;4014
0;1741113024469;1106
3;1741113026423;4015
0;1741113026547;1107
3;1741113031441;4016
3;1741113036465;4017
3;1741113041422;4018
0;1741113044410;1108
3;1741113046426;4019
3;1741113051417;4020
0;1741113054258;1109
1;1741113054303;1138
3;1741113056422;4021
0;1741113059452;1110
3;1741113061423;4022
0;1741113069753;1111
1;1741113069865;1139
3;1741113076427;4023
3;1741113076517;4024
0;1741113078373;1112
1;1741113078416;1140
3;1741113081415;4025
0;1741113082203;1113
0;1741113086625;1114
1;1741113086892;1141
0;1741113091756;1115
1;1741113091863;1142
3;1741113096438;4026
0;1741113097081;1116
3;1741113101419;4027
3;1741113106424;4028
3;1741113111427;4029
3;1741113116460;4030
2;1741113119355;268
3;1741113121424;4031
0;1741113121999;1117
3;1741113126427;4032
1;1741113126599;1143
0;1741113127058;1118
3;1741113131463;4033
0;1741113135124;1119
3;1741113136425;4034
0;1741113136914;1120
3;1741113141415;4035
0;1741113141810;1121
3;1741113146420;4036
0;1741113147422;1122
3;1741113151420;4037
0;1741113154519;1123
3;1741113156424;4038
0;1741113159267;1124
3;1741113161417;4039
3;1741113166420;4040
0;1741113167582;1125
3;1741113171425;4041
3;1741113176416;4042
1;1741113184995;1144
1;1741113186582;1145
3;1741113191431;4043
3;1741113191479;4044
0;1741113191538;1126
3;1741113196421;4045
3;1741113201427;4046
0;1741113203485;1127
1;1741113203725;1146
3;1741113206415;4047
0;1741113206616;1128
1;1741113206857;1147
3;1741113211420;4048
3;1741113216428;4049
3;1741113221457;4050
0;1741113223697;1129
1;1741113224113;1148
3;1741113226421;4051
0;1741113226597;1130
3;1741113231426;4052
1;1741113234620;1149
0;1741113234657;1131
3;1741113236416;4053
3;1741113241424;4054
0;1741113241561;1132
1;1741113241657;1150
2;1741113246342;269
3;1741113246427;4055
3;1741113251419;4056
1;1741113252436;1151
0;1741113252454;1133
3;1741113256423;4057
0;1741113258050;1134
1;1741113258082;1152
3;1741113261425;4058
3;1741113266419;4059
0;1741113269308;1135
1;1741113269372;1153
3;1741113271423;4060
3;1741113276429;4061
3;1741113281418;4062
0;1741113281504;1136
1;1741113281589;1154
3;1741113286422;4063
0;1741113286555;1137
1;1741113289361;1155
3;1741113291415;4064
0;1741113291857;1138
1;1741113291937;1156
3;1741113296419;4065
3;1741113301424;4066
0;1741113304667;1139
1;1741113304699;1157
3;1741113306428;4067
3;1741113311416;4068
0;1741113312147;1140
1;1741113312754;1158
3;1741113326431;4069
3;1741113326511;4070
3;1741113331468;4071
3;1741113336429;4072
3;1741113341422;4073
3;1741113346426;4074
3;1741113351426;4075
3;1741113356416;4076
3;1741113361420;4077
3;1741113366426;4078
3;1741113371419;4079
3;1741113376423;4080
3;1741113381450;4081
3;1741113386416;4082
0;1741113391620;1141
1;1741113391644;1159
0;1741113396676;1142
3;1741113401446;4083
3;1741113401494;4084
0;1741113402289;1143
3;1741113406421;4085
3;1741113411429;4086
0;1741113411600;1144
1;1741113411712;1160
3;1741113416418;4087
3;1741113421422;4088
3;1741113426428;4089
3;1741113431460;4090
0;1741113431513;1145
1;1741113434399;1161
3;1741113436467;4091
0;1741113436675;1146
1;1741113436755;1162
3;1741113441428;4092
1;1741113443560;1163
3;1741113446420;4093
0;1741113449310;1147
3;1741113451424;4094
3;1741129656422;4095
3;1741129661427;4096
3;1741129666418;4097
3;1741129671421;4098
3;1741129686466;4099
3;1741129686521;4100
3;1741129691414;4101
3;1741129696458;4102
1;1741129698595;1164
3;1741129701422;4103
3;1741129706458;4104
3;1741129711415;4105
3;1741129716421;4106
0;1741129719663;1148
3;1741129721429;4107
0;1741129721473;1149
3;1741129726434;4108
2;1741129726475;270
3;1741129731424;4109
1;1741129731497;1165
2;1741129734283;271
3;1741129736430;4110
3;1741129741415;4111
3;1741129746423;4112
3;1741129751426;4113
3;1741129756415;4114
3;1741129761467;4115
3;1741129766428;4116
3;1741129771435;4117
3;1741129776419;4118
3;1741129781423;4119
3;1741129786427;4120
3;1741129791434;4121
3;1741129796419;4122
3;1741129811436;4123
3;1741129811499;4124
0;1741129812773;1150
1;1741129815173;1166
3;1741129816421;4125
1;1741129818058;1167
0;1741129818834;1151
3;1741129821455;4126
0;1741129821536;1152
3;1741129826415;4127
3;1741129831421;4128
3;1741129836427;4129
3;1741129841415;4130
3;1741129846419;4131
3;1741129851424;4132
3;1741129876453;4133
3;1741129876500;4134
3;1741129876564;4135
3;1741129881424;4136
3;1741129886416;4137
3;1741129891420;4138
1;1741129896819;1168
0;1741129896964;1153
3;1741129906436;4139
3;1741129906483;4140
3;1741129911416;4141
3;1741129916421;4142
3;1741129921426;4143
3;1741129926418;4144
3;1741129931422;4145
3;1741129936430;4146
3;1741129941414;4147
3;1741129946422;4148
3;1741129951426;4149
3;1741129956414;4150
3;1741129961466;4151
3;1741129966423;4152
3;1741129971427;4153
1;1741129975726;1169
3;1741129976416;4154
1;1741129978788;1170
2;1741129979380;272
3;1741129981421;4155
3;1741129986424;4156
0;1741129991661;1154
3;1741130001436;4157
3;1741130001517;4158
3;1741130006422;4159
3;1741130021434;4160
3;1741130021498;4161
3;1741130026422;4162
3;1741130031427;4163
1;1741130034395;1171
3;1741130036415;4164
3;1741130041459;4165
3;1741130046426;4166
3;1741130051457;4167
3;1741130056417;4168
3;1741130061427;4169
2;1741130065020;273
3;1741130066427;4170
3;1741130071430;4171
3;1741130076465;4172
3;1741130081426;4173
3;1741130086414;4174
1;1741130089251;1172
3;1741130091419;4175
3;1741130106462;4176
3;1741130116563;4177
3;1741130116626;4178
3;1741130121418;4179
0;1741130123542;1155
1;1741130123584;1173
3;1741130126423;4180
0;1741130129969;1156
3;1741130131415;4181
0;1741130135249;1157
1;1741130135282;1174
3;1741130136457;4182
0;1741130136685;1158
0;1741130142969;1159
1;1741130143085;1175
0;1741130149897;1160
0;1741130151526;1161
1;1741130159381;1176
3;1741130161485;4183
3;1741130161540;4184
0;1741130161574;1162
3;1741130161623;4185
0;1741130174049;1163
1;1741130174072;1177
3;1741130176426;4186
3;1741130176473;4187
3;1741130181416;4188
3;1741130186419;4189
3;1741130191420;4190
3;1741130196424;4191
3;1741130201428;4192
3;1741130206418;4193
3;1741130221433;4194
3;1741130221479;4195
3;1741130226422;4196
3;1741130231425;4197
3;1741130236415;4198
0;1741130247476;1164
3;1741130251429;4199
3;1741130251477;4200
3;1741130256416;4201
3;1741130261425;4202
3;1741130266427;4203
3;1741130271457;4204
3;1741130276421;4205
3;1741130281426;4206
3;1741130286414;4207
3;1741130291421;4208
0;1741130291737;1165
1;1741130293304;1178
3;1741130298455;4209
0;1741130299153;1166
1;1741130299489;1179
3;1741130301428;4210
0;1741130301546;1167
1;1741130301678;1180
3;1741130306436;4211
3;1741130311426;4212
3;1741130326425;4213
3;1741130326471;4214
3;1741130331416;4215
3;1741130346430;4216
3;1741130346479;4217
3;1741130351418;4218
0;1741130352725;1168
1;1741130352765;1181
3;1741130356426;4219
3;1741130361429;4220
3;1741130366459;4221
3;1741130371423;4222
0;1741130372066;1169
3;1741130376428;4223
3;1741130381418;4224
3;1741130386424;4225
3;1741130391414;4226
3;1741130396420;4227
3;1741130401424;4228
3;1741130406427;4229
3;1741130411420;4230
3;1741130416424;4231
3;1741130421442;4232
1;1741130424371;1182
3;1741130426420;4233
1;1741130430097;1183
3;1741130431424;4234
0;1741130432074;1170
3;1741130436429;4235
3;1741130441458;4236
3;1741130446420;4237
3;1741130451425;4238
3;1741130456414;4239
0;1741130456594;1171
1;1741130456697;1184
3;1741130461462;4240
3;1741130466426;4241
3;1741130471458;4242
3;1741130476417;4243
3;1741130481424;4244
1;1741130484737;1185
3;1741130486427;4245
0;1741130490253;1172
3;1741130491458;4246
0;1741130491570;1173
2;1741130491836;274
3;1741130496423;4247
3;1741130501427;4248
2;1741130502317;275
3;1741130506416;4249
1;1741130506907;1186
3;1741130511422;4250
3;1741130516424;4251
3;1741130521457;4252
3;1741130526420;4253
3;1741130531426;4254
0;1741130535526;1174
3;1741130546446;4255
3;1741130546526;4256
3;1741130551419;4257
3;1741130556423;4258
3;1741130561414;4259
3;1741130576445;4260
3;1741130576493;4261
3;1741130581416;4262
3;1741130586424;4263
3;1741130591426;4264
3;1741130596415;4265
1;1741130599561;1187
3;1741130601422;4266
1;1741130604692;1188
3;1741130606425;4267
2;1741130608964;276
3;1741130611414;4268
0;1741130611558;1175
2;1741130614673;277
3;1741130616421;4269
0;1741130616496;1176
2;1741130619328;278
0;1741130621529;1177
0;1741130626616;1178
1;1741130627743;1189
3;1741130631435;4270
3;1741130631514;4271
0;1741130634451;1179
1;1741130635571;1190
3;1741130636422;4272
0;1741130636500;1180
0;1741130641517;1181
1;1741130641758;1191
3;1741130651436;4273
3;1741130651484;4274
3;1741130656425;4275
3;1741130661428;4276
3;1741130666418;4277
3;1741130681432;4278
3;1741130681486;4279
3;1741130686423;4280
1;1741130689552;1192
3;1741130691428;4281
0;1741130694979;1182
1;1741130695262;1193
3;1741130696415;4282
0;1741130699498;1183
3;1741130701421;4283
0;1741130702793;1184
3;1741130706424;4284
3;1741130711457;4285
3;1741130716436;4286
3;1741130721426;4287
3;1741130726482;4288
3;1741130731418;4289
0;1741130734275;1185
3;1741130736424;4290
3;1741130741429;4291
3;1741130746452;4292
3;1741130751424;4293
3;1741130756415;4294
0;1741130757770;1186
3;1741130761415;4295
0;1741130765571;1187
3;1741130766419;4296
0;1741130766586;1188
3;1741130771428;4297
2;1741130776636;279
3;1741130786428;4298
3;1741130786476;4299
2;1741130790232;280
3;1741130791417;4300
3;1741130796423;4301
3;1741130801427;4302
3;1741130806457;4303
3;1741130811423;4304
3;1741130816424;4305
3;1741130821426;4306
3;1741130826420;4307
3;1741130831423;4308
1;1741130835801;1194
3;1741130836422;4309
0;1741130836498;1189
1;1741130836738;1195
0;1741130843983;1190
1;1741130843999;1196
0;1741130848516;1191
1;1741130848532;1197
3;1741130851431;4310
3;1741130851479;4311
3;1741130856419;4312
2;1741130859144;281
3;1741130861424;4313
2;1741130862074;282
3;1741130866415;4314
2;1741130869352;283
3;1741130871419;4315
3;1741130876425;4316
3;1741130881429;4317
3;1741130886673;4318
3;1741130901432;4319
3;1741130901480;4320
3;1741130906418;4321
3;1741130911425;4322
3;1741130916427;4323
0;1741130918806;1192
1;1741130918844;1198
3;1741130921432;4324
3;1741130926466;4325
3;1741130931426;4326
1;1741130932589;1199
3;1741130936416;4327
1;1741130940933;1200
3;1741130941421;4328
1;1741130941864;1201
3;1741130946426;4329
3;1741130951417;4330
3;1741130956432;4331
1;1741130961320;1202
3;1741130961421;4332
1;1741130962993;1203
0;1741130965368;1193
3;1741130966426;4333
3;1741130971417;4334
3;1741130976420;4335
3;1741130981426;4336
3;1741130986415;4337
3;1741130991420;4338
3;1741130996435;4339
3;1741131001417;4340
0;1741131004278;1194
3;1741131006426;4341
3;1741131011429;4342
0;1741131012668;1195
3;1741131016419;4343
3;1741131021422;4344
3;1741131026427;4345
3;1741131031415;4346
3;1741131036420;4347
3;1741131041425;4348
3;1741131046429;4349
3;1741131051461;4350
1;1741131055622;1204
3;1741131056425;4351
3;1741131061414;4352
1;1741131061507;1205
0;1741131065904;1196
3;1741131066420;4353
0;1741131069061;1197
3;1741131071425;4354
2;1741131074857;284
3;1741131076416;4355
1;1741131077659;1206
3;1741131081421;4356
1;1741131084576;1207
3;1741131086428;4357
3;1741131091435;4358
3;1741131096419;4359
3;1741131111462;4360
3;1741131111514;4361
3;1741131116425;4362
3;1741131121429;4363
3;1741131126545;4364
0;1741131130664;1198
3;1741131131424;4365
3;1741131136414;4366
3;1741131141422;4367
3;1741131146424;4368
3;1741131151429;4369
0;1741131151704;1199
3;1741131156433;4370
0;1741131156637;1200
1;1741131156728;1208
3;1741131161425;4371
3;1741131166427;4372
3;1741131171418;4373
3;1741131186433;4374
3;1741131186481;4375
3;1741131191422;4376
3;1741131196427;4377
3;1741131201415;4378
3;1741131206445;4379
3;1741131211424;4380
3;1741131216443;4381
3;1741131221419;4382
3;1741131226426;4383
0;1741131226809;1201
3;1741131231414;4384
3;1741131236433;4385
0;1741131239355;1202
3;1741131241425;4386
0;1741131241547;1203
3;1741131246455;4387
3;1741131251422;4388
3;1741131256425;4389
3;1741131261416;4390
3;1741131266420;4391
3;1741131281451;4392
3;1741131281502;4393
3;1741131286422;4394
3;1741131301448;4395
3;1741131301528;4396
3;1741131306426;4397
3;1741131311414;4398
3;1741131316419;4399
3;1741131321428;4400
3;1741131326418;4401
3;1741131331423;4402
3;1741131336428;4403
3;1741131341458;4404
3;1741131346425;4405
3;1741131351429;4406
3;1741131356437;4407
3;1741131361423;4408
3;1741131366428;4409
0;1741131366631;1204
3;1741131371417;4410
1;1741131375316;1209
3;1741131376421;4411
3;1741131381425;4412
3;1741131396411;4413
3;1741131401418;4414
3;1741131406422;4415
3;1741131411414;4416
0;1741131424289;1205
3;1741131426424;4417
3;1741131426514;4418
3;1741131431429;4419
2;1741131433743;285
3;1741131436417;4420
3;1741131441423;4421
3;1741131446423;4422
3;1741131451429;4423
3;1741131456428;4424
3;1741131461458;4425
3;1741131466425;4426
3;1741131471426;4427
3;1741131476420;4428
3;1741131481421;4429
3;1741131486425;4430
3;1741131491457;4431
3;1741131496421;4432
3;1741131501426;4433
3;1741131506417;4434
3;1741131511418;4435
0;1741131514214;1206
3;1741131516425;4436
0;1741131516756;1207
3;1741131521414;4437
1;1741131524336;1210
3;1741131526418;4438
0;1741131528781;1208
1;1741131528813;1211
3;1741131531425;4439
0;1741131532412;1209
1;1741131532444;1212
3;1741131536427;4440
3;1741131541457;4441
3;1741131546423;4442
0;1741131546514;1210
3;1741131551429;4443
3;1741131556418;4444
3;1741131561425;4445
3;1741131566415;4446
3;1741131571420;4447
3;1741131576423;4448
3;1741131581414;4449
3;1741131586419;4450
3;1741131591426;4451
3;1741131596418;4452
3;1741131601423;4453
3;1741131606414;4454
3;1741131611418;4455
3;1741131616434;4456
3;1741131621427;4457
0;1741131622428;1211
1;1741131622460;1213
3;1741131636422;4458
0;1741131636593;1212
3;1741131641428;4459
1;1741131643852;1214
3;1741131646446;4460
2;1741131650804;286
3;1741131651422;4461
3;1741131656427;4462
3;1741131661416;4463
3;1741131666421;4464
2;1741131671244;287
3;1741131671426;4465
3;1741131686429;4466
3;1741131686476;4467
3;1741131691437;4468
3;1741131696428;4469
3;1741131701461;4470
3;1741131706422;4471
0;1741131707217;1213
2;1741131710017;288
1;1741131710129;1215
3;1741131711425;4472
3;1741131716417;4473
2;1741131719674;289
3;1741131731434;4474
3;1741131731520;4475
3;1741131736424;4476
0;1741131736497;1214
3;1741131741428;4477
3;1741131746418;4478
3;1741131751422;4479
3;1741131756427;4480
0;1741131761024;1215
1;1741131761168;1216
3;1741131761458;4481
0;1741131761571;1216
2;1741131761755;290
3;1741131766422;4482
3;1741131771425;4483
3;1741131776417;4484
0;1741131776810;1217
1;1741131776842;1217
2;1741131779306;291
3;1741131781421;4485
0;1741131782548;1218
1;1741131784168;1218
0;1741131786724;1219
2;1741131788944;292
0;1741131791504;1220
2;1741131794560;293
1;1741131794768;1219
3;1741131796434;4486
3;1741131796485;4487
3;1741131801425;4488
2;1741131801468;294
0;1741131802428;1221
3;1741131806417;4489
0;1741131806523;1222
1;1741131809034;1220
3;1741131811419;4490
0;1741131816210;1223
3;1741131816423;4491
0;1741131819537;1224
2;1741131820801;295
3;1741131821415;4492
1;1741131821666;1221
0;1741131824030;1225
3;1741131826420;4493
0;1741131827230;1226
1;1741131829661;1222
3;1741131831426;4494
0;1741131833516;1227
3;1741131836459;4495
2;1741131839085;296
3;1741131841422;4496
2;1741131842008;297
0;1741131842520;1228
0;1741131848343;1229
1;1741131848394;1223
2;1741131849518;298
2;1741131851574;299
0;1741131851768;1230
1;1741131853719;1224
3;1741131856467;4497
3;1741131856550;4498
0;1741131859782;1231
1;1741131859814;1225
3;1741131861418;4499
0;1741131861547;1232
1;1741131861605;1226
3;1741131866425;4500
2;1741131868788;300
3;1741131871418;4501
3;1741131876423;4502
2;1741131879299;301
0;1741131881614;1233
2;1741131885899;302
3;1741131891438;4503
3;1741131891521;4504
3;1741131896427;4505
3;1741131901462;4506
0;1741131901615;1234
1;1741131901759;1227
3;1741131906422;4507
3;1741131911425;4508
3;1741131916418;4509
0;1741131924184;1235
1;1741131924393;1228
0;1741131926676;1236
1;1741131926708;1229
3;1741131931435;4510
3;1741131931481;4511
0;1741131934324;1237
1;1741131934356;1230
3;1741131936423;4512
0;1741131937297;1238
1;1741131937329;1231
0;1741131941643;1239
1;1741131944182;1232
0;1741131946522;1240
1;1741131947148;1233
3;1741131951460;4513
3;1741131951517;4514
1;1741131955223;1234
0;1741131955257;1241
3;1741131956414;4515
3;1741131971425;4516
0;1741131974248;1242
3;1741131981486;4517
3;1741131981550;4518
3;1741131986427;4519
3;1741131991431;4520
3;1741131996421;4521
3;1741132001423;4522
0;1741132004132;1243
3;1741132006429;4523
3;1741132011419;4524
3;1741132016423;4525
0;1741132020765;1244
1;1741132020785;1235
3;1741132021429;4526
0;1741132021525;1245
3;1741132026434;4527
0;1741132027268;1246
1;1741132029620;1236
3;1741132031420;4528
0;1741132031680;1247
3;1741132036424;4529
3;1741132041417;4530
0;1741132054076;1248
1;1741132054460;1237
3;1741132056427;4531
3;1741132061414;4532
0;1741132061674;1249
3;1741132066461;4533
0;1741132066621;1250
1;1741132066893;1238
3;1741132071427;4534
3;1741132076457;4535
3;1741132081419;4536
3;1741132086427;4537
0;1741132088017;1251
3;1741132091417;4538
3;1741132096422;4539
3;1741132101424;4540
1;1741132106168;1239
3;1741132106429;4541
3;1741132111420;4542
3;1741132116428;4543
3;1741132121441;4544
0;1741132124851;1252
3;1741132126421;4545
0;1741132126521;1253
3;1741132131423;4546
3;1741132136414;4547
3;1741132141419;4548
3;1741132146423;4549
3;1741132151454;4550
0;1741132151510;1254
1;1741132153920;1240
3;1741132156417;4551
3;1741132161421;4552
0;1741132166288;1255
3;1741132166429;4553
3;1741132171469;4554
3;1741132176421;4555
3;1741132181425;4556
3;1741132186413;4557
0;1741132188908;1256
3;1741132191418;4558
0;1741132191892;1257
1;1741132194291;1241
3;1741132196425;4559
1;1741132199106;1242
0;1741132199326;1258
3;1741132201453;4560
3;1741132206460;4561
3;1741132211426;4562
3;1741132216420;4563
3;1741132221415;4564
3;1741132226421;4565
1;1741132233840;1243
3;1741132241424;4566
3;1741132241504;4567
0;1741132246313;1259
1;1741132246330;1244
3;1741132246453;4568
3;1741132251420;4569
3;1741132256425;4570
0;1741132260115;1260
3;1741132261415;4571
0;1741132265153;1261
1;1741132265329;1245
0;1741132266510;1262
1;1741132269320;1246
3;1741132276431;4572
3;1741132276481;4573
3;1741132281422;4574
3;1741132286429;4575
3;1741132291416;4576
3;1741132296426;4577
2;1741132299811;303
3;1741132301415;4578
2;1741132304556;304
3;1741132306421;4579
1;1741132308815;1247
2;1741132309599;305
3;1741132311423;4580
0;1741132312154;1263
3;1741132316454;4581
0;1741132324486;1264
1;1741132324528;1248
0;1741132329506;1265
3;1741132331426;4582
3;1741132331476;4583
3;1741132336423;4584
3;1741132341422;4585
3;1741132346428;4586
3;1741132351443;4587
3;1741132356422;4588
0;1741132369645;1266
3;1741132371438;4589
3;1741132371486;4590
0;1741132371550;1267
1;1741132371630;1249
3;1741132376413;4591
0;1741132380068;1268
3;1741132381457;4592
0;1741132381952;1269
1;1741132382224;1250
2;1741132384544;306
3;1741132386422;4593
2;1741132389886;307
3;1741132391427;4594
0;1741132393724;1270
3;1741132396416;4595
0;1741132396937;1271
1;1741132399225;1251
3;1741132401421;4596
3;1741132406425;4597
1;1741132408948;1252
3;1741132411458;4598
3;1741132416465;4599
3;1741132421425;4600
3;1741132426417;4601
0;1741132426524;1272
1;1741132428980;1253
2;1741132429337;308
3;1741132431421;4602
0;1741132431494;1273
1;1741132434262;1254
2;1741132434422;309
3;1741132436425;4603
0;1741132436851;1274
3;1741132441412;4604
0;1741132441535;1275
3;1741132446419;4605
3;1741132451425;4606
0;1741132456028;1276
3;1741132456417;4607
3;1741132461421;4608
0;1741132464084;1277
3;1741132466457;4609
1;1741132469544;1255
3;1741132471416;4610
0;1741132471840;1278
3;1741132476421;4611
0;1741132479118;1279
3;1741132481428;4612
1;1741132481950;1256
2;1741132481998;310
0;1741132482366;1280
3;1741132486456;4613
3;1741132491420;4614
0;1741132491638;1281
3;1741132496426;4615
0;1741132496547;1282
1;1741132499344;1257
3;1741132501415;4616
0;1741132501730;1283
1;1741132502001;1258
3;1741132506424;4617
0;1741132509025;1284
3;1741132511424;4618
0;1741132514377;1285
3;1741132516460;4619
0;1741132516624;1286
3;1741132521447;4620
1;1741132521512;1259
2;1741132524162;311
3;1741132526426;4621
2;1741132530032;312
3;1741132531416;4622
0;1741132531762;1287
2;1741132531842;313
3;1741132536421;4623
3;1741132541425;4624
0;1741132545290;1288
2;1741132545722;314
3;1741132546428;4625
0;1741132546614;1289
2;1741132548535;315
3;1741132551463;4626
0;1741132551669;1290
3;1741132556423;4627
0;1741132558962;1291
3;1741132561458;4628
1;1741132564222;1260
3;1741132566419;4629
0;1741132569405;1292
0;1741132571577;1293
1;1741132576551;1261
0;1741132576647;1294
3;1741132581432;4630
3;1741132581479;4631
0;1741132581517;1295
1;1741132586289;1262
3;1741132586422;4632
1;1741132586515;1263
0;1741132586978;1296
3;1741132591427;4633
0;1741132591578;1297
2;1741132594653;316
3;1741132596417;4634
2;1741132596639;317
0;1741132596772;1298
1;1741132596970;1264
3;1741132601419;4635
2;1741132601836;318
3;1741132606428;4636
0;1741132610277;1299
3;1741132611417;4637
1;1741132611683;1265
0;1741132615953;1300
3;1741132616422;4638
2;1741132620815;319
3;1741132621424;4639
0;1741132623631;1301
1;1741132625164;1266
3;1741132626416;4640
0;1741132627049;1302
3;1741132631422;4641
0;1741132631496;1303
1;1741132633449;1267
2;1741132634600;320
3;1741132636424;4642
3;1741132641429;4643
1;1741132641476;1268
3;1741132646418;4644
1;1741132646641;1269
0;1741132647083;1304
3;1741132651421;4645
0;1741132654231;1305
0;1741132656528;1306
1;1741132656892;1270
1;1741132661555;1271
0;1741132663602;1307
3;1741132666435;4646
3;1741132666483;4647
1;1741132669694;1272
3;1741132671426;4648
0;1741132679689;1308
0;1741132683173;1309
3;1741132686465;4649
0;1741132686512;1310
3;1741132686519;4650
3;1741132691428;4651
1;1741132692126;1273
0;1741132692846;1311
3;1741132696457;4652
3;1741132701422;4653
1;1741132704439;1274
3;1741132706428;4654
3;1741132711417;4655
1;1741132711812;1275
0;1741132714036;1312
3;1741132716424;4656
1;1741132719420;1276
3;1741132721426;4657
1;1741132721526;1277
3;1741132726433;4658
3;1741132731424;4659
0;1741132731737;1313
1;1741132734969;1278
3;1741132736426;4660
3;1741132741412;4661
3;1741132746422;4662
3;1741132761433;4663
3;1741132771502;4664
3;1741132771551;4665
3;1741132776429;4666
3;1741132781419;4667
3;1741132786423;4668
3;1741132791427;4669
3;1741132796414;4670
3;1741132801420;4671
3;1741132806425;4672
2;1741132806676;321
0;1741132807884;1314
3;1741132811453;4673
3;1741132816422;4674
1;1741132816493;1279
2;1741132819484;322
3;1741132821425;4675
1;1741132824092;1280
2;1741132824268;323
3;1741132826428;4676
0;1741132828919;1315
1;1741132829047;1281
3;1741132831418;4677
1;1741132831956;1282
0;1741132836130;1316
3;1741132836440;4678
1;1741132836913;1283
3;1741132841428;4679
1;1741132846062;1284
3;1741132846461;4680
2;1741132848926;324
1;1741132848974;1285
3;1741132851425;4681
0;1741132855942;1317
3;1741132856427;4682
0;1741132859542;1318
3;1741132861417;4683
0;1741132861702;1319
1;1741132864430;1286
3;1741132866424;4684
1;1741132867138;1287
3;1741132871427;4685
0;1741132872493;1320
1;1741132876756;1288
1;1741132881683;1289
3;1741132886432;4686
3;1741132886479;4687
1;1741132887177;1290
0;1741132888414;1321
3;1741132891420;4688
3;1741132896425;4689
3;1741132901414;4690
0;1741132907709;1322
0;1741132911656;1323
1;1741132912446;1291
2;1741132914637;325
3;1741132916429;4691
3;1741132916479;4692
3;1741132921419;4693
3;1741132926427;4694
0;1741132930534;1324
3;1741132931418;4695
3;1741132936422;4696
3;1741132941426;4697
3;1741132946459;4698
3;1741132951422;4699
2;1741132954312;326
3;1741132956425;4700
3;1741132961416;4701
0;1741132962752;1325
1;1741132962771;1292
3;1741132966421;4702
3;1741132971422;4703
0;1741132972681;1326
1;1741132976054;1293
3;1741132976427;4704
0;1741132985028;1327
1;1741132985088;1294
0;1741132986818;1328
1;1741132986946;1295
3;1741132991429;4705
3;1741132991476;4706
0;1741132994448;1329
3;1741132996417;4707
3;1741133001423;4708
3;1741133006414;4709
3;1741133011417;4710
3;1741133016424;4711
0;1741133016866;1330
1;1741133016882;1296
3;1741133021430;4712
3;1741133026417;4713
3;1741133031425;4714
3;1741133036413;4715
3;1741133051425;4716
3;1741133051500;4717
3;1741133056414;4718
0;1741133057448;1331
3;1741133061420;4719
3;1741133066425;4720
3;1741133071427;4721
0;1741133072088;1332
3;1741133076433;4722
1;1741133079821;1297
3;1741133081422;4723
0;1741133084090;1333
3;1741133086457;4724
3;1741133091419;4725
3;1741133106433;4726
0;1741133108763;1334
1;1741133109307;1298
1;1741133114409;1299
3;1741133116509;4727
3;1741133116555;4728
3;1741133121417;4729
3;1741133126426;4730
3;1741133131426;4731
3;1741133136457;4732
3;1741133141424;4733
3;1741133146428;4734
3;1741133151416;4735
3;1741133156421;4736
3;1741133161428;4737
3;1741133166453;4738
3;1741133181429;4739
3;1741133181478;4740
3;1741133186420;4741
0;1741133188620;1335
0;1741133192923;1336
3;1741133201432;4742
3;1741133201481;4743
3;1741133206423;4744
3;1741133211414;4745
3;1741133216417;4746
0;1741133221814;1337
1;1741133224534;1300
3;1741133231446;4747
3;1741133231493;4748
1;1741133231758;1301
0;1741133236157;1338
3;1741133236420;4749
3;1741133241425;4750
3;1741133246415;4751
2;1741133248751;327
3;1741133251433;4752
1;1741133256275;1302
3;1741133256425;4753
1;1741133258919;1303
0;1741133259664;1339
3;1741133261426;4754
3;1741133266416;4755
1;1741133270187;1304
3;1741133271422;4756
3;1741133276423;4757
3;1741133281429;4758
3;1741133296432;4759
3;1741133296494;4760
3;1741133301417;4761
3;1741133306422;4762
3;1741133311426;4763
0;1741133311520;1340
3;1741133316416;4764
1;1741133319180;1305
0;1741133321329;1341
3;1741133321421;4765
3;1741133326423;4766
2;1741133329058;328
3;1741133331427;4767
1;1741133331920;1306
0;1741133332000;1342
3;1741133336457;4768
3;1741133341419;4769
3;1741133346426;4770
3;1741133351415;4771
3;1741133356417;4772
3;1741133361425;4773
3;1741133366429;4774
3;1741133371432;4775
3;1741133376424;4776
3;1741133381427;4777
3;1741133386444;4778
3;1741133391422;4779
1;1741133395303;1307
3;1741133396425;4780
1;1741133401324;1308
3;1741133401415;4781
3;1741133406420;4782
3;1741133411428;4783
0;1741133414908;1343
3;1741133416421;4784
1;1741133416532;1309
0;1741133418441;1344
3;1741133421461;4785
0;1741133422053;1345
1;1741133424725;1310
3;1741133426422;4786
2;1741133426473;329
0;1741133426587;1346
1;1741133429410;1311
1;1741133431776;1312
0;1741133434847;1347
1;1741133437129;1313
0;1741133437160;1348
2;1741133440008;330
3;1741133441432;4787
3;1741133441481;4788
0;1741133445653;1349
3;1741133446424;4789
3;1741133451429;4790
3;1741133456419;4791
3;1741133461423;4792
3;1741133466426;4793
3;1741133471429;4794
3;1741133476414;4795
3;1741133481422;4796
3;1741133486423;4797
3;1741133491428;4798
2;1741133492941;331
3;1741133496415;4799
3;1741133501420;4800
3;1741133516433;4801
3;1741133516483;4802
3;1741133521421;4803
3;1741133526430;4804
3;1741133531419;4805
3;1741133536423;4806
3;1741133541416;4807
0;1741133541921;1350
3;1741133546418;4808
3;1741133551425;4809
3;1741133556427;4810
3;1741133561446;4811
3;1741133566421;4812
3;1741133571426;4813
3;1741133576427;4814
3;1741133581416;4815
1;1741133581764;1314
3;1741133586422;4816
3;1741133591428;4817
0;1741133592895;1351
1;1741133595140;1315
3;1741133596418;4818
3;1741133601422;4819
3;1741133606426;4820
0;1741133616707;1352
3;1741133621425;4821
3;1741133621488;4822
1;1741133625291;1316
3;1741133626416;4823
3;1741133631460;4824
3;1741133636422;4825
3;1741133651442;4826
3;1741133651524;4827
0;1741133655084;1353
3;1741133656413;4828
3;1741133671445;4829
3;1741133671492;4830
3;1741133676416;4831
3;1741133681422;4832
3;1741133686426;4833
0;1741133690149;1354
3;1741133691456;4834
3;1741133696422;4835
3;1741133701425;4836
1;1741133704477;1317
3;1741133706420;4837
0;1741133707356;1355
1;1741133709003;1318
3;1741133711424;4838
0;1741133711625;1356
0;1741133724627;1357
1;1741133724645;1319
2;1741133725634;332
3;1741133726437;4839
3;1741133726487;4840
3;1741133731424;4841
3;1741133736457;4842
0;1741133737563;1358
1;1741133739636;1320
3;1741133741422;4843
0;1741133741502;1359
1;1741133741609;1321
3;1741133746428;4844
0;1741133746535;1360
3;1741133751417;4845
3;1741133756418;4846
1;1741133760509;1322
3;1741133761423;4847
3;1741133766451;4848
0;1741133769432;1361
1;1741133769751;1323
3;1741133771415;4849
1;1741133774978;1324
0;1741133775020;1362
3;1741133776423;4850
0;1741133780464;1363
1;1741133780496;1325
3;1741133781425;4851
1;1741133783916;1326
3;1741133786414;4852
3;1741133791419;4853
0;1741133791670;1364
3;1741133796423;4854
0;1741133796606;1365
1;1741133796804;1327
3;1741133801413;4855
0;1741133801695;1366
1;1741133801935;1328
3;1741133806420;4856
0;1741133806622;1367
1;1741133806654;1329
3;1741133811423;4857
0;1741133811554;1368
1;1741133811658;1330
3;1741133816429;4858
0;1741133816678;1369
1;1741133819958;1331
3;1741133821459;4859
0;1741133821510;1370
3;1741133826426;4860
3;1741133831416;4861
3;1741133836422;4862
0;1741133837072;1371
3;1741133841427;4863
0;1741133841565;1372
3;1741133846416;4864
0;1741133847004;1373
1;1741133847067;1332
0;1741133851545;1374
1;1741133854633;1333
0;1741133856488;1375
1;1741133856552;1334
3;1741133861435;4865
3;1741133861483;4866
0;1741133863606;1376
3;1741133866426;4867
0;1741133866621;1377
1;1741133866718;1335
3;1741133871457;4868
0;1741133871504;1378
1;1741133871568;1336
3;1741133876420;4869
1;1741133879389;1337
3;1741133881427;4870
0;1741133884173;1379
3;1741133886416;4871
0;1741133886493;1380
1;1741133886665;1338
3;1741133891423;4872
0;1741133892615;1381
1;1741133892758;1339
3;1741133896424;4873
3;1741133901454;4874
3;1741133906418;4875
0;1741133908893;1382
1;1741133908925;1340
3;1741133911425;4876
1;1741133914661;1341
0;1741133914808;1383
3;1741133916416;4877
0;1741133916633;1384
1;1741133919481;1342
3;1741133921422;4878
2;1741133925224;333
3;1741133936434;4879
3;1741133936498;4880
3;1741133941423;4881
3;1741133946458;4882
0;1741133947705;1385
1;1741133948761;1343
3;1741133951419;4883
0;1741133953894;1386
2;1741133954337;334
0;1741133956689;1387
3;1741133966434;4884
3;1741133966483;4885
0;1741133969532;1388
1;1741133969576;1344
3;1741133971424;4886
0;1741133974793;1389
0;1741133976518;1390
1;1741133981680;1345
3;1741133986440;4887
3;1741133986520;4888
1;1741133988472;1346
2;1741133989602;335
3;1741133991425;4889
0;1741133992061;1391
1;1741133993884;1347
3;1741133996439;4890
1;1741133997736;1348
3;1741134001420;4891
3;1741134006424;4892
3;1741134011420;4893
0;1741134011531;1392
1;1741134014780;1349
3;1741134016428;4894
1;1741134017020;1350
0;1741134017970;1393
2;1741134020640;336
3;1741134021427;4895
3;1741134026429;4896
3;1741134031460;4897
0;1741134032181;1394
3;1741134036424;4898
2;1741134038995;337
3;1741134041458;4899
3;1741134046421;4900
2;1741134048893;338
3;1741134051425;4901
3;1741134056415;4902
3;1741134061419;4903
0;1741134061717;1395
2;1741134062629;339
1;1741134063370;1351
3;1741134066421;4904
1;1741134069553;1352
3;1741134071459;4905
2;1741134071633;340
3;1741134076418;4906
3;1741134081425;4907
3;1741134086414;4908
3;1741134091458;4909
3;1741134096423;4910
3;1741134101428;4911
3;1741134106416;4912
3;1741134111420;4913
3;1741134116423;4914
3;1741134121428;4915
3;1741134136434;4916
1;1741134155725;1353
3;1741134156441;4917
3;1741134161421;4918
3;1741134166427;4919
0;1741134166805;1396
1;1741134166997;1354
3;1741134171416;4920
1;1741134171554;1355
1;1741134184884;1356
3;1741134186432;4921
3;1741134186479;4922
0;1741134186623;1397
1;1741134187276;1357
3;1741134191423;4923
0;1741134191674;1398
1;1741134191851;1358
3;1741134196413;4924
1;1741134198519;1359
3;1741134201418;4925
0;1741134201538;1399
1;1741134204468;1360
3;1741134206425;4926
3;1741134211412;4927
3;1741134216456;4928
3;1741134221462;4929
3;1741134226427;4930
0;1741134230272;1400
3;1741134231417;4931
3;1741134236424;4932
3;1741134241423;4933
3;1741134246427;4934
3;1741134251419;4935
3;1741134256423;4936
3;1741134261427;4937
3;1741134266417;4938
1;1741134267172;1361
3;1741134271460;4939
3;1741134276422;4940
3;1741134281425;4941
3;1741134286416;4942
1;1741134289880;1362
3;1741134291458;4943
1;1741134293914;1363
3;1741134296419;4944
1;1741134299408;1364
3;1741134301427;4945
3;1741134306415;4946
0;1741134311201;1401
3;1741134311421;4947
3;1741134316425;4948
3;1741134321429;4949
3;1741134326414;4950
3;1741134331421;4951
1;1741134331719;1365
3;1741134336425;4952
3;1741134341438;4953
3;1741134346406;4954
1;1741134348776;1366
3;1741134351425;4955
1;1741134354321;1367
3;1741134356415;4956
0;1741134357001;1402
3;1741134361419;4957
3;1741134366425;4958
3;1741134371429;4959
0;1741134372478;1403
3;1741134376460;4960
0;1741134376558;1404
3;1741134381421;4961
0;1741134381679;1405
1;1741134381799;1368
3;1741134386426;4962
3;1741134391417;4963
1;1741134396350;1369
3;1741134396420;4964
0;1741134400624;1406
3;1741134401426;4965
0;1741134405068;1407
3;1741134406429;4966
0;1741134406839;1408
1;1741134406871;1370
3;1741134411416;4967
3;1741134416423;4968
1;1741134420466;1371
3;1741134421413;4969
0;1741134421533;1409
3;1741134426461;4970
0;1741134426526;1410
1;1741134429207;1372
0;1741134431546;1411
3;1741134441431;4971
3;1741134441514;4972
3;1741134446421;4973
1;1741134446483;1373
2;1741134450223;341
3;1741134451425;4974
0;1741134454008;1412
1;1741134454040;1374
3;1741134456427;4975
0;1741134459444;1413
3;1741134461418;4976
0;1741134465172;1414
1;1741134465268;1375
3;1741134466425;4977
3;1741134481438;4978
3;1741134481499;4979
0;1741134485831;1415
1;1741134485863;1376
3;1741134486427;4980
1;1741134488984;1377
0;1741134489319;1416
3;1741134491431;4981
0;1741134492288;1417
3;1741134496421;4982
3;1741134501427;4983
2;1741134506314;342
3;1741134506415;4984
2;1741134511061;343
3;1741134511461;4985
3;1741134516428;4986
3;1741134521456;4987
0;1741134525506;1418
1;1741134526274;1378
3;1741134526426;4988
3;1741134531427;4989
3;1741134536417;4990
3;1741134541417;4991
3;1741134546424;4992
3;1741134551453;4993
3;1741134556461;4994
3;1741134561421;4995
3;1741134566426;4996
0;1741134566901;1419
1;1741134566933;1379
3;1741134571418;4997
3;1741134576422;4998
3;1741134581425;4999
3;1741134586414;5000
3;1741134591419;5001
0;1741134595094;1420
1;1741134595222;1380
3;1741134596425;5002
0;1741134598832;1421
1;1741134600324;1381
3;1741134601413;5003
1;1741134605423;1382
1;1741134614939;1383
0;1741134615179;1422
3;1741134616446;5004
3;1741134616494;5005
3;1741134621420;5006
3;1741134626427;5007
3;1741134631428;5008
3;1741134636457;5009
3;1741134651429;5010
3;1741134651508;5011
3;1741134656421;5012
3;1741134661425;5013
3;1741134666415;5014
0;1741134667658;1423
3;1741134671421;5015
3;1741134676426;5016
0;1741134680276;1424
0;1741134681566;1425
1;1741134681668;1384
2;1741134682148;344
3;1741134691429;5017
3;1741134691520;5018
3;1741134696415;5019
3;1741134701436;5020
3;1741134706425;5021
3;1741134711457;5022
3;1741134716419;5023
3;1741134721426;5024
3;1741134726427;5025
3;1741134731416;5026
3;1741134736424;5027
2;1741134740513;345
3;1741134741429;5028
3;1741134746420;5029
3;1741134751424;5030
3;1741134756414;5031
3;1741134761415;5032
0;1741134766606;1426
1;1741134767182;1385
0;1741134775676;1427
3;1741134776433;5033
3;1741134776481;5034
3;1741134781420;5035
3;1741134786423;5036
3;1741134791416;5037
3;1741134796420;5038
3;1741134801424;5039
3;1741134806457;5040
3;1741134811420;5041
3;1741134816424;5042
3;1741134821429;5043
1;1741134824076;1386
3;1741134826460;5044
3;1741134831426;5045
3;1741134836455;5046
0;1741134838936;1428
1;1741134840104;1387
3;1741134841419;5047
3;1741134846425;5048
3;1741134851415;5049
3;1741134856417;5050
3;1741134861423;5051
3;1741134866452;5052
0;1741134869991;1429
3;1741134881430;5053
3;1741134881520;5054
3;1741134886421;5055
0;1741134891066;1430
1;1741134891114;1388
3;1741134891423;5056
3;1741134896427;5057
3;1741134901461;5058
0;1741134902468;1431
3;1741134906423;5059
0;1741134906560;1432
1;1741134910464;1389
3;1741134911430;5060
0;1741134911630;1433
3;1741134916415;5061
3;1741134921459;5062
3;1741134926419;5063
2;1741134930030;346
3;1741134931407;5064
3;1741134936412;5065
3;1741134941458;5066
3;1741134946424;5067
3;1741134951426;5068
3;1741134956416;5069
3;1741134961423;5070
3;1741134966416;5071
0;1741134971138;1434
3;1741134971415;5072
1;1741134975716;1390
3;1741134976437;5073
0;1741134977983;1435
1;1741134978015;1391
3;1741134981425;5074
3;1741134986416;5075
3;1741134991420;5076
3;1741134996423;5077
3;1741135001431;5078
0;1741135014055;1436
3;1741135016424;5079
2;1741135018914;347
0;1741135020113;1437
3;1741135026500;5080
3;1741135026547;5081
3;1741135031426;5082
2;1741135032957;348
3;1741135036456;5083
3;1741135041421;5084
3;1741135046427;5085
3;1741135051415;5086
3;1741135056462;5087
0;1741135060283;1438
1;1741135060379;1392
3;1741135061425;5088
1;1741135064795;1393
3;1741135066426;5089
3;1741135071414;5090
3;1741135076420;5091
3;1741135081424;5092
3;1741135086426;5093
1;1741135086981;1394
2;1741135090789;349
3;1741135091461;5094
3;1741135096425;5095
1;1741135099171;1395
3;1741135101415;5096
1;1741135106142;1396
3;1741135106421;5097
1;1741135116971;1397
3;1741135121437;5098
3;1741135121483;5099
3;1741135126426;5100
1;1741135129044;1398
3;1741135131458;5101
3;1741135136421;5102
1;1741135140363;1399
3;1741135141428;5103
0;1741135141806;1439
1;1741135141847;1400
3;1741135146413;5104
0;1741135146500;1440
1;1741135146678;1401
3;1741135151458;5105
3;1741135156424;5106
3;1741135161458;5107
3;1741135166417;5108
3;1741135171425;5109
3;1741135176424;5110
3;1741135181415;5111
3;1741135186466;5112
3;1741135191426;5113
3;1741135196414;5114
3;1741135201419;5115
3;1741135206422;5116
3;1741135211450;5117
0;1741135214717;1441
1;1741135214735;1402
3;1741135216457;5118
0;1741135216634;1442
3;1741135221421;5119
3;1741135226422;5120
3;1741135231427;5121
3;1741135236458;5122
3;1741135241421;5123
1;1741135243829;1403
0;1741135244368;1443
3;1741135246427;5124
0;1741135248677;1444
3;1741135251415;5125
3;1741135256442;5126
3;1741135261427;5127
0;1741135261614;1445
1;1741135261934;1404
3;1741135266433;5128
0;1741135269059;1446
1;1741135269097;1405
3;1741135271422;5129
0;1741135273020;1447
3;1741135276426;5130
3;1741135281417;5131
3;1741135286425;5132
3;1741135291413;5133
0;1741135291941;1448
3;1741135296421;5134
0;1741135296560;1449
3;1741135301423;5135
3;1741135306428;5136
3;1741135311419;5137
3;1741135316422;5138
0;1741135319473;1450
0;1741135321516;1451
3;1741135331465;5139
3;1741135331518;5140
3;1741135336425;5141
3;1741135341456;5142
3;1741135346420;5143
1;1741135350359;1406
3;1741135351424;5144
3;1741135356413;5145
3;1741135361419;5146
3;1741135366427;5147
3;1741135371417;5148
3;1741135376423;5149
0;1741135380639;1452
3;1741135381425;5150
3;1741135386428;5151
0;1741135386726;1453
1;1741135387334;1407
3;1741135391415;5152
3;1741135396422;5153
3;1741135401428;5154
3;1741135406416;5155
3;1741135411420;5156
3;1741135416420;5157
3;1741135421426;5158
3;1741135426433;5159
3;1741135431424;5160
1;1741135431883;1408
3;1741135436427;5161
0;1741135439909;1454
3;1741135441416;5162
1;1741135450958;1409
0;1741135454473;1455
1;1741135454770;1410
3;1741135456448;5163
3;1741135456530;5164
0;1741135456650;1456
3;1741135461418;5165
1;1741135461561;1411
0;1741135462308;1457
1;1741135466472;1412
0;1741135469601;1458
3;1741135476461;5166
3;1741135481418;5167
3;1741135486425;5168
3;1741135491414;5169
3;1741135496422;5170
3;1741135501424;5171
0;1741135501515;1459
3;1741135506456;5172
3;1741135511419;5173
0;1741135515478;1460
3;1741135516424;5174
1;1741135518524;1413
3;1741135521416;5175
1;1741135521987;1414
3;1741135526420;5176
1;1741135527583;1415
3;1741135531425;5177
1;1741135534635;1416
3;1741135536415;5178
3;1741135541434;5179
3;1741135546423;5180
3;1741135561419;5181
3;1741135561468;5182
3;1741135566428;5183
1;1741135569766;1417
3;1741135571455;5184
3;1741135576422;5185
3;1741135581457;5186
3;1741135586419;5187
3;1741135591426;5188
0;1741135594436;1461
3;1741135596415;5189
0;1741135596867;1462
1;1741135599880;1418
3;1741135601418;5190
3;1741135606423;5191
0;1741135606609;1463
1;1741135609185;1419
3;1741135611429;5192
0;1741135615288;1464
1;1741135616750;1420
3;1741135626433;5193
3;1741135626528;5194
0;1741135627531;1465
3;1741135631422;5195
3;1741135636427;5196
3;1741135641458;5197
3;1741135646419;5198
3;1741135651423;5199
0;1741135651499;1466
3;1741135656415;5200
3;1741135661421;5201
3;1741135676438;5202
3;1741135676521;5203
3;1741135681425;5204
3;1741135686429;5205
3;1741135691417;5206
3;1741135696423;5207
1;1741135698703;1421
3;1741135701427;5208
0;1741135701518;1467
1;1741135701622;1422
3;1741135706457;5209
3;1741135711421;5210
0;1741135714216;1468
3;1741135716426;5211
0;1741135716500;1469
3;1741135721416;5212
0;1741135721826;1470
1;1741135722050;1423
3;1741135726421;5213
0;1741135726496;1471
3;1741135731422;5214
3;1741135736427;5215
3;1741135751429;5216
3;1741135751513;5217
3;1741135756418;5218
3;1741136041424;5219
1;1741136042109;1424
3;1741136046417;5220
1;1741136047354;1425
3;1741136051420;5221
1;1741136052039;1426
3;1741136056423;5222
0;1741136060603;1472
1;1741136060804;1427
3;1741136061427;5223
0;1741136061713;1473
3;1741136066451;5224
3;1741136071423;5225
0;1741136071504;1474
1;1741136075544;1428
0;1741136079298;1475
1;1741136081041;1429
2;1741136084833;350
3;1741136086435;5226
3;1741136086482;5227
3;1741136091424;5228
3;1741136096457;5229
3;1741136101418;5230
0;1741136101745;1476
3;1741136106425;5231
0;1741136109004;1477
3;1741136111429;5232
0;1741136111486;1478
1;1741136111587;1430
3;1741136116459;5233
0;1741136116728;1479
3;1741136121422;5234
2;1741136124763;351
3;1741136126456;5235
2;1741136126569;352
0;1741136127464;1480
3;1741136131421;5236
2;1741136134376;353
3;1741136136426;5237
3;1741136141415;5238
3;1741136146423;5239
3;1741136151425;5240
3;1741136156417;5241
2;1741136159683;354
3;1741136161463;5242
3;1741136166426;5243
2;1741136170307;355
3;1741136171461;5244
0;1741136171715;1481
3;1741136176419;5245
0;1741136181545;1482
0;1741136188591;1483
1;1741136188609;1431
3;1741136191433;5246
3;1741136191480;5247
3;1741136196420;5248
3;1741136201425;5249
3;1741136206414;5250
0;1741136206501;1484
1;1741136206584;1432
3;1741136211418;5251
3;1741136216426;5252
0;1741136220776;1485
1;1741136220930;1433
3;1741136221432;5253
3;1741136226424;5254
0;1741136229888;1486
1;1741136230000;1434
3;1741136231429;5255
3;1741136236416;5256
0;1741136238028;1487
1;1741136239852;1435
3;1741136241425;5257
3;1741136246414;5258
3;1741136251418;5259
3;1741136256424;5260
3;1741136261428;5261
2;1741136261647;356
3;1741136266420;5262
3;1741136271423;5263
0;1741136278853;1488
1;1741136279583;1436
0;1741136281499;1489
1;1741136282101;1437
3;1741136286423;5264
3;1741136286471;5265
3;1741136291416;5266
1;1741136293778;1438
0;1741136293810;1490
3;1741136296420;5267
0;1741136296607;1491
3;1741136301426;5268
0;1741136301511;1492
3;1741136306458;5269
0;1741136308207;1493
1;1741136308874;1439
3;1741136311420;5270
0;1741136312599;1494
1;1741136312630;1440
3;1741136316421;5271
0;1741136319904;1495
3;1741136321413;5272
0;1741136321887;1496
1;1741136321918;1441
3;1741136326416;5273
3;1741136331425;5274
0;1741136331547;1497
1;1741136331755;1442
3;1741136336427;5275
0;1741136339143;1498
3;1741136341418;5276
0;1741136341554;1499
1;1741136344738;1443
3;1741136346423;5277
0;1741136346521;1500
1;1741136349233;1444
3;1741136351426;5278
0;1741136351531;1501
3;1741136356444;5279
0;1741136356512;1502
3;1741136361422;5280
3;1741136366427;5281
0;1741136370612;1503
3;1741136371415;5282
1;1741136374002;1445
2;1741136374337;357
3;1741136376420;5283
0;1741136376654;1504
1;1741136379744;1446
0;1741136381518;1505
1;1741136381627;1447
0;1741136389226;1506
1;1741136389257;1448
3;1741136391464;5284
3;1741136391516;5285
3;1741136396425;5286
1;1741136400287;1449
0;1741136401219;1507
3;1741136401415;5287
3;1741136406425;5288
3;1741136411415;5289
3;1741136416419;5290
3;1741136421426;5291
3;1741136426428;5292
0;1741136428369;1508
1;1741136428401;1450
3;1741136431433;5293
0;1741136431588;1509
1;1741136434932;1451
3;1741136436425;5294
3;1741136441459;5295
3;1741136446418;5296
3;1741136451425;5297
3;1741136456415;5298
3;1741136461419;5299
3;1741136466423;5300
3;1741136471457;5301
0;1741136471566;1510
1;1741136474255;1452
3;1741136476421;5302
1;1741136478702;1453
3;1741136481426;5303
1;1741136484316;1454
3;1741136486416;5304
3;1741136491421;5305
3;1741136496424;5306
3;1741136501420;5307
3;1741136506421;5308
3;1741136511413;5309
3;1741136516461;5310
3;1741136521421;5311
3;1741136526414;5312
3;1741136531415;5313
3;1741136546428;5314
3;1741136546477;5315
3;1741136551418;5316
3;1741136556423;5317
3;1741136561415;5318
3;1741136566422;5319
3;1741136571423;5320
3;1741136576427;5321
3;1741136581436;5322
0;1741136581670;1511
1;1741136582678;1455
3;1741136586424;5323
0;1741136586595;1512
3;1741136591458;5324
3;1741136596421;5325
3;1741136601424;5326
3;1741136606418;5327
3;1741136611419;5328
1;1741136616227;1456
0;1741136616271;1513
3;1741136616424;5329
1;1741136619203;1457
3;1741136621442;5330
0;1741136626335;1514
3;1741136626420;5331
0;1741136627247;1515
1;1741136628955;1458
3;1741136631426;5332
0;1741136632423;1516
3;1741136636414;5333
0;1741136639830;1517
1;1741136639862;1459
3;1741136641416;5334
3;1741136646423;5335
3;1741136651430;5336
3;1741136656418;5337
1;1741136659979;1460
3;1741136661422;5338
3;1741136666426;5339
0;1741136667781;1518
1;1741136668101;1461
3;1741136671455;5340
3;1741136676420;5341
3;1741136681425;5342
3;1741136686417;5343
1;1741136686494;1462
3;1741136691422;5344
3;1741136696412;5345
3;1741136701419;5346
3;1741136716448;5347
3;1741136716527;5348
3;1741136721421;5349
3;1741136726426;5350
3;1741136731415;5351
3;1741136736419;5352
3;1741136741426;5353
0;1741136742845;1519
1;1741136742877;1463
3;1741136746454;5354
3;1741136751420;5355
0;1741136755190;1520
3;1741136756427;5356
1;1741136761121;1464
3;1741136761415;5357
0;1741136761665;1521
1;1741136764465;1465
3;1741136766421;5358
0;1741136766561;1522
1;1741136767856;1466
3;1741136771426;5359
0;1741136774407;1523
3;1741136776456;5360
3;1741136791430;5361
3;1741136801504;5362
3;1741136801553;5363
3;1741136806414;5364
3;1741136811420;5365
3;1741136816423;5366
3;1741136821414;5367
3;1741136826419;5368
3;1741136841419;5369
3;1741136841465;5370
3;1741136846426;5371
3;1741136851456;5372
3;1741136856418;5373
3;1741136861425;5374
3;1741136866416;5375
0;1741136869641;1524
1;1741136869779;1467
3;1741136871419;5376
3;1741136876424;5377
0;1741136876642;1525
1;1741136879346;1468
3;1741136881427;5378
0;1741136881911;1526
1;1741136884238;1469
3;1741136886415;5379
0;1741136889411;1527
1;1741136889546;1470
3;1741136891423;5380
3;1741136896425;5381
1;1741136898879;1471
3;1741136901427;5382
0;1741136910748;1528
1;1741136910933;1472
0;1741136911654;1529
0;1741136923968;1530
3;1741136926433;5383
3;1741136926481;5384
0;1741136926540;1531
1;1741136929244;1473
3;1741136931422;5385
0;1741136931496;1532
3;1741136936425;5386
0;1741136936673;1533
1;1741136936723;1474
3;1741136941416;5387
0;1741136941503;1534
1;1741136944258;1475
0;1741136946784;1535
1;1741136948619;1476
3;1741136956432;5388
3;1741136956480;5389
1;1741136961021;1477
3;1741136961423;5390
3;1741136966456;5391
3;1741136971417;5392
3;1741136976425;5393
3;1741136981415;5394
3;1741136986423;5395
3;1741136991413;5396
1;1741136993821;1478
3;1741136996418;5397
0;1741136998877;1536
1;1741136998967;1479
0;1741137002264;1537
1;1741137005111;1480
0;1741137008211;1538
1;1741137008243;1481
3;1741137011429;5398
3;1741137011477;5399
3;1741137016421;5400
3;1741137021421;5401
0;1741137024937;1539
1;1741137024969;1482
3;1741137026426;5402
0;1741137029493;1540
1;1741137029717;1483
3;1741137031418;5403
0;1741137031539;1541
3;1741137036421;5404
0;1741137042586;1542
1;1741137042644;1484
0;1741137046522;1543
1;1741137049395;1485
3;1741137051462;5405
3;1741137051545;5406
0;1741137051557;1544
1;1741137054088;1486
3;1741137056426;5407
0;1741137056499;1545
1;1741137059567;1487
3;1741137061457;5408
0;1741137062320;1546
1;1741137062379;1488
3;1741137066420;5409
0;1741137067037;1547
1;1741137067207;1489
3;1741137071424;5410
0;1741137071868;1548
1;1741137071900;1490
3;1741137076427;5411
0;1741137076500;1549
1;1741137076582;1491
3;1741137081433;5412
0;1741137089250;1550
0;1741137091509;1551
1;1741137094380;1492
3;1741137096416;5413
0;1741137097514;1552
1;1741137099306;1493
3;1741137101421;5414
0;1741137101592;1553
1;1741137101704;1494
3;1741137106423;5415
0;1741137106513;1554
1;1741137108529;1495
3;1741137111427;5416
0;1741137111505;1555
1;1741137114318;1496
3;1741137116419;5417
0;1741137116527;1556
3;1741137121422;5418
1;1741137124488;1497
3;1741137126414;5419
0;1741137126846;1557
1;1741137128007;1498
3;1741137131419;5420
0;1741137134469;1558
3;1741137136422;5421
0;1741137139217;1559
1;1741137139307;1499
3;1741137141428;5422
0;1741137143665;1560
1;1741137143697;1500
3;1741137146433;5423
0;1741137146636;1561
1;1741137146748;1501
3;1741137151423;5424
3;1741137166441;5425
3;1741137166507;5426
3;1741137171414;5427
3;1741137176416;5428
3;1741137181424;5429
3;1741137186428;5430
3;1741137191418;5431
3;1741137196425;5432
3;1741137201413;5433
0;1741137201663;1562
3;1741137206421;5434
1;1741137210286;1502
0;1741137210382;1563
3;1741137211419;5435
3;1741137216423;5436
3;1741137221413;5437
3;1741137226418;5438
3;1741137231421;5439
3;1741137236426;5440
3;1741137241459;5441
0;1741137245001;1564
3;1741137246421;5442
3;1741137251428;5443
3;1741137256418;5444
3;1741137261424;5445
3;1741137266414;5446
3;1741137271479;5447
3;1741137276420;5448
0;1741137276806;1565
3;1741137281450;5449
1;1741137281631;1503
3;1741137286418;5450
2;1741137287661;358
3;1741137291427;5451
2;1741137291686;359
3;1741137296417;5452
0;1741137296570;1566
1;1741137299258;1504
3;1741137301422;5453
2;1741137301978;360
3;1741137306411;5454
3;1741137311420;5455
3;1741137316423;5456
3;1741137321427;5457
0;1741137324142;1567
3;1741137326463;5458
3;1741137331424;5459
3;1741137336414;5460
0;1741137336456;1568
3;1741137341420;5461
1;1741137341798;1505
0;1741137343686;1569
3;1741137346425;5462
3;1741137351417;5463
3;1741137356420;5464
2;1741137358971;361
0;1741137359150;1570
3;1741137361423;5465
3;1741137366466;5466
2;1741137366638;362
3;1741137371422;5467
3;1741137376413;5468
3;1741137381419;5469
1;1741137382789;1506
3;1741137386426;5470
1;1741137387733;1507
3;1741137391416;5471
1;1741137393681;1508
3;1741137396450;5472
0;1741137397371;1571
1;1741137398731;1509
3;1741137401424;5473
1;1741137401850;1510
3;1741137406427;5474
3;1741137411418;5475
3;1741137416425;5476
0;1741137418547;1572
0;1741137422208;1573
1;1741137431129;1511
3;1741137431424;5477
3;1741137431471;5478
1;1741137431658;1512
1;1741137436506;1513
0;1741137437849;1574
2;1741137439397;363
1;1741137441693;1514
3;1741137446464;5479
3;1741137446521;5480
0;1741137446609;1575
3;1741137451428;5481
3;1741137456418;5482
3;1741137461423;5483
1;1741137464393;1515
3;1741137466427;5484
3;1741137471460;5485
3;1741137476422;5486
0;1741137479584;1576
3;1741137481454;5487
0;1741137481872;1577
1;1741137482896;1516
3;1741137486418;5488
3;1741137491420;5489
3;1741137496427;5490
3;1741137501461;5491
0;1741137501539;1578
