200;1741050756416
200;1741050757975
200;1741050760135
200;1741050760424
200;1741050761457
200;1741050762502
200;1741050762566
200;1741050764484
200;1741050766422
200;1741050767553
200;1741050767729
200;1741050769889
200;1741050771427
200;1741050772771
200;1741050776414
200;1741050781459
200;1741050796443
200;1741050796506
200;1741050801427
200;1741050806431
200;1741050811433
200;1741050816424
200;1741050821429
200;1741050826421
200;1741050831424
200;1741050846485
200;1741050846573
200;1741050851427
200;1741050856436
200;1741050861422
200;1741050876422
200;1741050881433
200;1741050886438
200;1741050891428
200;1741050896432
200;1741050901432
200;1741050906435
200;1741050921436
200;1741050931525
200;1741050931588
200;1741050936432
200;1741050941435
200;1741050946428
200;1741050951435
200;1741050956420
200;1741050961425
200;1741050966434
200;1741050971422
200;1741050976425
200;1741050981432
200;1741050986424
200;1741050991427
200;1741050996430
200;1741051001432
200;1741051016445
200;1741051016493
200;1741051021427
200;1741051036452
200;1741051036537
200;1741051041431
200;1741051046422
200;1741051051425
200;1741051056428
200;1741051061435
200;1741051066423
200;1741051071429
200;1741051076435
200;1741051081421
200;1741051086431
200;1741051091436
200;1741051096432
200;1741051101421
200;1741051106432
200;1741051121444
200;1741051121530
200;1741051126432
200;1741051131424
200;1741051136427
200;1741051141429
200;1741051146434
200;1741051161445
200;1741051161492
200;1741051166429
200;1741051171438
200;1741051176425
200;1741051181433
200;1741051186426
200;1741051201434
200;1741051201480
200;1741051206427
200;1741051206513
200;1741051211439
200;1741051216421
200;1741051221430
200;1741051226426
200;1741051231432
200;1741051246428
200;1741051246476
200;1741051251431
200;1741051256437
200;1741051261426
200;1741051263662
200;1741051266666
100;1741051272228
200;1741051276453
200;1741051276536
200;1741051279759
200;1741051280688
200;1741051281424
200;1741051281900
200;1741051284233
200;1741051284537
200;1741051286440
200;1741051286654
200;1741051286669
200;1741051291432
200;1741051291554
200;1741051291618
200;1741051294080
200;1741051296431
200;1741051301423
200;1741051306428
200;1741051306537
200;1741051310437
200;1741051311477
200;1741051311938
200;1741051316432
200;1741051321422
200;1741051326429
200;1741051331429
200;1741051336431
200;1741051341436
200;1741051346428
200;1741051351429
200;1741051356431
200;1741051361442
200;1741051366426
200;1741051371130
200;1741051371427
200;1741051376428
200;1741051379590
200;1741051381434
200;1741051386434
200;1741051391426
200;1741051393676
200;1741051396433
200;1741051401436
200;1741051406421
200;1741051411424
200;1741051416447
200;1741051416859
200;1741051421434
200;1741051426425
200;1741051431433
200;1741051436434
200;1741051441424
200;1741051446423
200;1741051451430
200;1741051456433
200;1741051461424
200;1741051464572
200;1741051466429
200;1741051471431
200;1741051476098
200;1741051476463
200;1741051479343
200;1741051481427
200;1741051486435
200;1741051490605
200;1741051491423
200;1741051496466
200;1741051496757
200;1741051501429
200;1741051501472
200;1741051506432
200;1741051507759
200;1741051511440
200;1741051512695
200;1741051516443
200;1741051521431
200;1741051526433
200;1741051530863
200;1741051531426
200;1741051531918
200;1741051536430
200;1741051540058
200;1741051541736
200;1741051551449
200;1741051551530
200;1741051556427
200;1741051561429
200;1741051566433
200;1741051571424
200;1741051576426
200;1741051581432
200;1741051584946
200;1741051586423
200;1741051589792
200;1741051591431
200;1741051591666
200;1741051596439
200;1741051599266
200;1741051601466
200;1741051603471
200;1741051604283
200;1741051606455
200;1741051609424
200;1741051611436
200;1741051616427
200;1741051621414
200;1741051626422
200;1741051641435
200;1741051641482
200;1741051646428
200;1741051651429
200;1741051654066
200;1741051656437
200;1741051661424
200;1741051661662
200;1741051666428
200;1741051666553
200;1741051670282
200;1741051671432
200;1741051676423
200;1741051676613
200;1741051681435
200;1741051686423
200;1741051691452
200;1741051696414
200;1741051700819
200;1741051701434
200;1741051704275
200;1741051706423
200;1741051706483
200;1741051706610
200;1741051711429
200;1741051715281
200;1741051716434
200;1741051719761
200;1741051721427
200;1741051726434
200;1741051731423
200;1741051734709
200;1741051736431
200;1741051739177
200;1741051741417
200;1741051741911
200;1741051743753
200;1741051746427
200;1741051749241
200;1741051751434
200;1741051754851
200;1741051756437
200;1741051759871
200;1741051761425
200;1741051762128
200;1741051766430
200;1741051768298
200;1741051771423
200;1741051776426
200;1741051779345
200;1741051780612
200;1741051781429
200;1741051782000
200;1741051786430
200;1741051791424
200;1741051796430
200;1741051801433
200;1741051806449
200;1741051811425
200;1741051816439
200;1741051821466
200;1741051825180
200;1741051826429
200;1741051831432
200;1741051836421
200;1741051841429
200;1741051842697
200;1741051846435
200;1741051851438
200;1741051856425
200;1741051861430
200;1741051866437
200;1741051871427
200;1741051876430
200;1741051879369
200;1741051881433
200;1741051884309
200;1741051886441
200;1741051891427
200;1741051896431
200;1741051901429
200;1741051906465
200;1741051911427
200;1741051916600
200;1741051926456
200;1741051926536
200;1741051931430
200;1741051936436
200;1741051941423
200;1741051946425
200;1741051951430
200;1741051956432
200;1741051961423
200;1741051965609
200;1741051966425
200;1741051971432
200;1741051972512
200;1741051973778
200;1741051974674
200;1741051976434
200;1741051976572
200;1741051976593
200;1741051981464
200;1741051982781
200;1741051986433
200;1741051987019
200;1741051990957
200;1741051991423
200;1741051995242
200;1741051996422
200;1741051999147
200;1741052001429
200;1741052003095
200;1741052006429
200;1741052009210
200;1741052011436
200;1741052016427
200;1741052021432
200;1741052022500
200;1741052026423
200;1741052031429
200;1741052036420
200;1741052039230
200;1741052039264
200;1741052041467
200;1741052045598
200;1741052046432
200;1741052049195
200;1741052051434
200;1741052054119
200;1741052056425
200;1741052059542
200;1741052061428
200;1741052076429
200;1741052076519
200;1741052081433
200;1741052086442
200;1741052091427
100;1741052102536
100;1741052102554
200;1741052106440
200;1741052106486
200;1741052106901
100;1741052109499
200;1741052111429
200;1741052116435
200;1741052121425
200;1741052126432
200;1741052131420
100;1741052136034
200;1741052136422
100;1741052139552
200;1741052141427
200;1741052146435
200;1741052151421
200;1741052156468
200;1741052161429
200;1741052163665
200;1741052166432
100;1741052169006
200;1741052171423
200;1741052176433
200;1741052191445
200;1741052191495
200;1741052196431
200;1741052201434
200;1741052206426
200;1741052211428
200;1741052212608
200;1741052213952
200;1741052216433
100;1741052222057
100;1741052222120
200;1741052231470
200;1741052231525
200;1741052236461
200;1741052251451
200;1741052251498
200;1741052256423
200;1741052258160
200;1741052261439
200;1741052266429
200;1741052269455
200;1741052271429
200;1741052271567
200;1741052276431
200;1741052276468
200;1741052281462
200;1741052281623
200;1741052281815
200;1741052282409
200;1741052286445
200;1741052287673
200;1741052289226
200;1741052291430
200;1741052296421
200;1741052301426
200;1741052302432
200;1741052306431
200;1741052311420
200;1741052312325
200;1741052316422
200;1741052321430
200;1741052326422
200;1741052331426
200;1741052336432
200;1741052336460
200;1741052341421
200;1741052341559
200;1741052346426
200;1741052351431
200;1741052356464
200;1741052359402
200;1741052360590
200;1741052361424
200;1741052361463
200;1741052364283
200;1741052366431
200;1741052366494
200;1741052371420
200;1741052371734
200;1741052373731
200;1741052376425
200;1741052379270
200;1741052381429
200;1741052381620
200;1741052381922
200;1741052384354
200;1741052386419
200;1741052387197
200;1741052389194
200;1741052391421
200;1741052396427
100;1741052401623
100;1741052406077
100;1741052407743
100;1741052409535
200;1741052411457
200;1741052411504
200;1741052414015
200;1741052416437
200;1741052416859
200;1741052419305
200;1741052421368
200;1741052421419
200;1741052426184
200;1741052426423
200;1741052426598
200;1741052431430
200;1741052433755
200;1741052435696
200;1741052436420
200;1741052436569
200;1741052441440
200;1741052446431
100;1741052460854
200;1741052461432
200;1741052461515
200;1741052466425
100;1741052478443
200;1741052481437
200;1741052481528
200;1741052486421
200;1741052491431
200;1741052491469
200;1741052496367
200;1741052496436
200;1741052496560
200;1741052499116
200;1741052501428
200;1741052502013
200;1741052506429
200;1741052506465
200;1741052509127
200;1741052511463
200;1741052512774
200;1741052516425
200;1741052516582
200;1741052521431
200;1741052521753
200;1741052524869
200;1741052525013
200;1741052526423
200;1741052529967
200;1741052531425
200;1741052531542
200;1741052531677
200;1741052536431
200;1741052536840
200;1741052541422
200;1741052542059
200;1741052544169
200;1741052546425
200;1741052551432
200;1741052556459
200;1741052558737
200;1741052561428
200;1741052562306
200;1741052565105
200;1741052566431
200;1741052566718
200;1741052568974
200;1741052571424
200;1741052574170
200;1741052574923
200;1741052576427
200;1741052576505
200;1741052579191
200;1741052581417
200;1741052581622
200;1741052582102
200;1741052583271
200;1741052586468
200;1741052586487
200;1741052586578
200;1741052591429
200;1741052592218
200;1741052592576
200;1741052595482
200;1741052596431
200;1741052599387
200;1741052601421
200;1741052601495
200;1741052603416
200;1741052606429
200;1741052607769
200;1741052608889
200;1741052609284
200;1741052611434
200;1741052614227
200;1741052614404
200;1741052616431
200;1741052616572
200;1741052621427
200;1741052622572
200;1741052626427
200;1741052630614
200;1741052630957
100;1741052634675
200;1741052641441
200;1741052641488
200;1741052641723
200;1741052644256
200;1741052646431
200;1741052651462
200;1741052651718
200;1741052656427
200;1741052661582
200;1741052671439
200;1741052671489
200;1741052674555
200;1741052675242
200;1741052676425
200;1741052679141
200;1741052681432
200;1741052681780
200;1741052686418
200;1741052690834
200;1741052691466
200;1741052691849
200;1741052694570
200;1741052696430
200;1741052701426
200;1741052706420
200;1741052709399
200;1741052711427
200;1741052716427
200;1741052721431
200;1741052726443
200;1741052731430
200;1741052736422
200;1741052741426
200;1741052746428
200;1741052747416
200;1741052751435
200;1741052756424
200;1741052761426
200;1741052762015
200;1741052766438
200;1741052771426
200;1741052776435
200;1741052781423
200;1741052786427
200;1741052791434
200;1741052796418
200;1741052801426
200;1741052803710
200;1741052806430
200;1741052811419
200;1741052816465
200;1741052821424
200;1741052826430
200;1741052831425
200;1741052836425
200;1741052841427
200;1741052846431
200;1741052851423
200;1741052856430
200;1741052861420
200;1741052866425
200;1741052869686
200;1741052871429
200;1741052876420
200;1741052876746
200;1741052881453
200;1741052882860
200;1741052884640
200;1741052886433
200;1741052891464
200;1741052896426
200;1741052896982
200;1741052901430
200;1741052905029
200;1741052906424
200;1741052911429
200;1741052914417
200;1741052916428
200;1741052921463
200;1741052926470
200;1741052931431
200;1741052936417
200;1741052938207
200;1741052941425
200;1741052946488
100;1741052949351
100;1741052951481
200;1741052956443
200;1741052956488
200;1741052959943
200;1741052961434
200;1741052963904
200;1741052964389
200;1741052966423
200;1741052966994
200;1741052967279
200;1741052971425
200;1741052976429
200;1741052980150
200;1741052991467
200;1741052991519
200;1741052996433
200;1741053001418
200;1741053006480
200;1741053011426
200;1741053016429
200;1741053021418
200;1741053026424
200;1741053031431
200;1741053036420
200;1741053041427
200;1741053046430
200;1741053046634
200;1741053053945
200;1741053056424
200;1741053060675
200;1741053060707
200;1741053061428
200;1741053061760
200;1741053063866
200;1741053066434
200;1741053066693
200;1741053068542
200;1741053071425
200;1741053076432
200;1741053081468
200;1741053083136
200;1741053086429
200;1741053091464
200;1741053096423
200;1741053111440
200;1741053111487
200;1741053116428
200;1741053121461
200;1741053126420
200;1741053131359
200;1741053131426
200;1741053134030
200;1741053136428
200;1741053141433
200;1741053145501
200;1741053146256
200;1741053146423
200;1741053151427
200;1741053156430
200;1741053161435
200;1741053163987
200;1741053164704
200;1741053166469
200;1741053171429
200;1741053173181
200;1741053173536
200;1741053176464
200;1741053179010
200;1741053181426
200;1741053181598
200;1741053186429
200;1741053187334
200;1741053189558
200;1741053191419
200;1741053192103
200;1741053194599
200;1741053196422
200;1741053197843
200;1741053201426
200;1741053206464
200;1741053211422
200;1741053216422
200;1741053221431
200;1741053226462
200;1741053231422
200;1741053236429
200;1741053251447
200;1741053251508
200;1741053256198
200;1741053256432
200;1741053260795
200;1741053261467
200;1741053264636
200;1741053266431
200;1741053281431
200;1741053281497
200;1741053284516
200;1741053286423
200;1741053288913
200;1741053291425
200;1741053291484
200;1741053296427
200;1741053299688
200;1741053301434
200;1741053306423
200;1741053308339
200;1741053311842
200;1741053321437
200;1741053321487
200;1741053321816
200;1741053326426
200;1741053331434
200;1741053336422
200;1741053341429
200;1741053346430
200;1741053351436
200;1741053356427
200;1741053361429
200;1741053366421
200;1741053367328
200;1741053371425
200;1741053371742
200;1741053371870
200;1741053376431
200;1741053381435
200;1741053382758
200;1741053384263
200;1741053386468
200;1741053391431
200;1741053396454
200;1741053401426
200;1741053401563
200;1741053406429
200;1741053411436
200;1741053411926
200;1741053416442
200;1741053417394
200;1741053421423
200;1741053422310
200;1741053426433
200;1741053431421
200;1741053435911
200;1741053436439
200;1741053441430
200;1741053444296
200;1741053446465
200;1741053451427
200;1741053453517
200;1741053456431
200;1741053456507
200;1741053461419
200;1741053461462
200;1741053466424
200;1741053468777
200;1741053469602
200;1741053471429
200;1741053476428
200;1741053478763
200;1741053481256
200;1741053481421
200;1741053486425
200;1741053491427
200;1741053496418
200;1741053501466
200;1741053504699
200;1741053506425
200;1741053511434
200;1741053515842
200;1741053516420
200;1741053517247
200;1741053521426
200;1741053526433
200;1741053531466
200;1741053536419
200;1741053541422
200;1741053544666
200;1741053546428
200;1741053551433
200;1741053556422
200;1741053561427
200;1741053566426
200;1741053571429
200;1741053576421
200;1741053581424
200;1741053586431
200;1741053589612
200;1741053591432
200;1741053594052
200;1741053596423
200;1741053601423
200;1741053601500
200;1741053606426
200;1741053611425
200;1741053614357
200;1741053616006
200;1741053616458
200;1741053618739
200;1741053619214
200;1741053621420
200;1741053626427
200;1741053631433
200;1741053636461
200;1741053641424
200;1741053646431
200;1741053651434
200;1741053652757
200;1741053656462
200;1741053661431
200;1741053666432
200;1741053669324
200;1741053671419
200;1741053672535
200;1741053676426
200;1741053681428
200;1741053686436
200;1741053701438
100;1741053708985
200;1741053711506
200;1741053711555
200;1741053711666
200;1741053712209
200;1741053716429
200;1741053716744
200;1741053721435
200;1741053721478
200;1741053723976
200;1741053726426
200;1741053726471
200;1741053733033
100;1741053734725
100;1741053737104
100;1741053737118
200;1741053741441
200;1741053741488
200;1741053746430
200;1741053746620
200;1741053750827
200;1741053751422
200;1741053756423
200;1741053756498
200;1741053761431
100;1741053773880
200;1741053776443
200;1741053776493
200;1741053781429
200;1741053786422
200;1741053788729
200;1741053791425
200;1741053796427
200;1741053799640
200;1741053800162
200;1741053801431
200;1741053804562
200;1741053806418
200;1741053806819
200;1741053806848
200;1741053809458
200;1741053811426
200;1741053816429
200;1741053820248
200;1741053821432
200;1741053821477
200;1741053824020
200;1741053826466
200;1741053826479
200;1741053829344
200;1741053831427
200;1741053834624
200;1741053846431
100;1741053849274
200;1741053856545
200;1741053856601
200;1741053856633
200;1741053859072
200;1741053861424
200;1741053866429
200;1741053871436
200;1741053876460
200;1741053881424
200;1741053886430
200;1741053891417
200;1741053896425
200;1741053901101
200;1741053901437
200;1741053906427
200;1741053911432
200;1741053916420
200;1741053918376
200;1741053921435
200;1741053926419
200;1741053931424
200;1741053933255
200;1741053934552
200;1741053936424
200;1741053941433
200;1741053946419
200;1741053951421
200;1741053956432
200;1741053961445
200;1741053966423
200;1741053971429
200;1741053976424
200;1741053981425
200;1741053996466
200;1741053996711
200;1741054001430
200;1741054006461
200;1741054011421
200;1741054016427
200;1741054016596
200;1741054021426
200;1741054026466
200;1741054031424
200;1741054036429
200;1741054041420
200;1741054056500
200;1741054059282
200;1741054061426
200;1741054066434
200;1741054069442
200;1741054071425
200;1741054074684
200;1741054076426
200;1741054081415
200;1741054085331
200;1741054086462
200;1741054091422
200;1741054096429
200;1741054099607
200;1741054101429
200;1741054106434
200;1741054108525
200;1741054121436
200;1741054121525
200;1741054126427
200;1741054131432
200;1741054136422
200;1741054141449
200;1741054146429
200;1741054148761
200;1741054149209
200;1741054151424
200;1741054155339
200;1741054156426
200;1741054157734
200;1741054161427
200;1741054166433
200;1741054171419
200;1741054176426
200;1741054181433
200;1741054186419
200;1741054189439
200;1741054191425
200;1741054196429
200;1741054201458
200;1741054201464
200;1741054206420
200;1741054206545
200;1741054211426
200;1741054216428
200;1741054221436
200;1741054226438
100;1741054228963
200;1741054231428
200;1741054231503
200;1741054236431
200;1741054241422
200;1741054241909
200;1741054246426
100;1741054248710
200;1741054251430
200;1741054256461
200;1741054261426
200;1741054261854
200;1741054266432
200;1741054271432
100;1741054273491
100;1741054274021
200;1741054276467
200;1741054281427
200;1741054281622
200;1741054286433
200;1741054291423
200;1741054296429
200;1741054296472
200;1741054301430
100;1741054305669
200;1741054306436
100;1741054311230
100;1741054314702
100;1741054319486
200;1741054321439
200;1741054321474
200;1741054321523
200;1741054326429
200;1741054326806
200;1741054331434
200;1741054331813
200;1741054336424
200;1741054341428
200;1741054341633
200;1741054346428
200;1741054351440
200;1741054356426
200;1741054361436
200;1741054364452
200;1741054366424
100;1741054370226
100;1741054371463
100;1741054376716
200;1741054381432
200;1741054381506
200;1741054386421
200;1741054386477
200;1741054391431
200;1741054396420
200;1741054396462
200;1741054401441
200;1741054401816
100;1741054406472
200;1741054406484
200;1741054411433
200;1741054411468
200;1741054416433
200;1741054421467
200;1741054423604
200;1741054426430
200;1741054432454
200;1741054432772
200;1741054446436
200;1741054446528
200;1741054451426
200;1741054456427
200;1741054461422
200;1741054461479
200;1741054466470
200;1741054471430
200;1741054476437
200;1741054481424
200;1741054483847
100;1741054496179
200;1741054496433
200;1741054496487
200;1741054496720
200;1741054496927
200;1741054501428
200;1741054506435
200;1741054511423
200;1741054511704
200;1741054516432
200;1741054519304
200;1741054521418
200;1741054526428
200;1741054528760
200;1741054531433
200;1741054535729
200;1741054536434
200;1741054536603
200;1741054541645
200;1741054551438
200;1741054551470
200;1741054551482
200;1741054556422
200;1741054561429
200;1741054561519
200;1741054566418
200;1741054571423
200;1741054576428
200;1741054581433
200;1741054582980
200;1741054586434
200;1741054591094
200;1741054591422
200;1741054596430
200;1741054601435
200;1741054606422
200;1741054611426
200;1741054616430
200;1741054621460
200;1741054626423
200;1741054626725
200;1741054631433
200;1741054633108
200;1741054636436
200;1741054641424
200;1741054645611
200;1741054646427
200;1741054651432
200;1741054656422
200;1741054660351
200;1741054661431
200;1741054661686
200;1741054666460
200;1741054671428
200;1741054676431
200;1741054681433
200;1741054686446
200;1741054691429
200;1741054691682
200;1741054696417
200;1741054701015
200;1741054701424
200;1741054706433
200;1741054709132
200;1741054711420
200;1741054716426
200;1741054716692
200;1741054719300
200;1741054721429
200;1741054721457
200;1741054726434
200;1741054727870
200;1741054729485
200;1741054731421
200;1741054736429
200;1741054736840
200;1741054741875
100;1741054749534
200;1741054751473
200;1741054751526
200;1741054756434
200;1741054761442
200;1741054766429
100;1741054774310
200;1741054781443
200;1741054781489
200;1741054786437
200;1741054787856
200;1741054791422
200;1741054796422
200;1741054798149
200;1741054801427
200;1741054801497
200;1741054806435
200;1741054806493
200;1741054811436
200;1741054813732
200;1741054816432
200;1741054821430
200;1741054824482
200;1741054826424
200;1741054831429
200;1741054836420
200;1741054841429
200;1741054846429
200;1741054851436
200;1741054856427
200;1741054861426
200;1741054864322
200;1741054866420
200;1741054871428
200;1741054876346
200;1741054876428
200;1741054881434
200;1741054881842
200;1741054884149
200;1741054886463
200;1741054891426
200;1741054892156
200;1741054895101
200;1741054896429
200;1741054901418
200;1741054906438
200;1741054909282
200;1741054911431
200;1741054911647
200;1741054916436
200;1741054921422
200;1741054924004
200;1741054926428
200;1741054931432
200;1741054935315
200;1741054936435
200;1741054936816
200;1741054941426
200;1741054941542
200;1741054941709
200;1741054946432
200;1741054949546
200;1741054951432
200;1741054951702
200;1741054951732
200;1741054955493
200;1741054956422
200;1741054958945
100;1741054965390
100;1741054966651
200;1741054971437
200;1741054971483
200;1741054976427
200;1741054981434
200;1741054986424
200;1741054991425
200;1741054996433
200;1741055001338
200;1741055001436
200;1741055004426
200;1741055005783
200;1741055006424
200;1741055011432
200;1741055016435
200;1741055018044
200;1741055020046
200;1741055021448
200;1741055021486
200;1741055026432
200;1741055031437
200;1741055036195
200;1741055036422
200;1741055038678
200;1741055041430
200;1741055042145
200;1741055046422
200;1741055047039
200;1741055048807
200;1741055051426
200;1741055053784
200;1741055056432
200;1741055061434
200;1741055061925
200;1741055076426
200;1741055081432
200;1741055086467
200;1741055086545
100;1741055091235
200;1741055091428
200;1741055096436
200;1741055096474
200;1741055101420
100;1741055106183
100;1741055106698
100;1741055107111
100;1741055113957
100;1741055114404
200;1741055116452
200;1741055116499
100;1741055120928
200;1741055121424
200;1741055126431
200;1741055131424
200;1741055133419
200;1741055136426
200;1741055141434
200;1741055141589
200;1741055146422
100;1741055148977
200;1741055151429
200;1741055151471
100;1741055153921
200;1741055156431
100;1741055160347
100;1741055160902
200;1741055161417
200;1741055161702
200;1741055161911
200;1741055166424
200;1741055171452
100;1741055175793
200;1741055176434
200;1741055181422
200;1741055186427
100;1741055193691
100;1741055196832
200;1741055201441
200;1741055201489
200;1741055206429
200;1741055211422
200;1741055216423
200;1741055231465
200;1741055231520
200;1741055236430
200;1741055237767
100;1741055240408
200;1741055241420
200;1741055242369
200;1741055246422
200;1741055247302
200;1741055247345
200;1741055251429
200;1741055251603
200;1741055253743
200;1741055254210
200;1741055256434
200;1741055259919
200;1741055261428
200;1741055266429
200;1741055269639
200;1741055269671
200;1741055271430
200;1741055273316
200;1741055276419
200;1741055276496
200;1741055281428
200;1741055296466
200;1741055306544
200;1741055306596
200;1741055311422
100;1741055316057
100;1741055316099
200;1741055316427
200;1741055321432
200;1741055326439
200;1741055331427
200;1741055336436
200;1741055341422
200;1741055346425
200;1741055351432
100;1741055356240
200;1741055356467
200;1741055357744
200;1741055361449
200;1741055363698
200;1741055364650
200;1741055366436
200;1741055369005
200;1741055369036
200;1741055371419
200;1741055373042
200;1741055376427
200;1741055377495
200;1741055381433
200;1741055386421
200;1741055391423
200;1741055396426
200;1741055396918
200;1741055396951
200;1741055401417
200;1741055401541
200;1741055406421
200;1741055411425
200;1741055414524
200;1741055414566
200;1741055416432
200;1741055421444
200;1741055426424
200;1741055441435
200;1741055441500
200;1741055446422
200;1741055451431
200;1741055456435
200;1741055461455
200;1741055466428
200;1741055471432
200;1741055476436
200;1741055481423
200;1741055486428
200;1741055491431
200;1741055496419
200;1741055501425
200;1741055506430
200;1741055511422
200;1741055516426
200;1741055516757
200;1741055521426
200;1741055526460
200;1741055531420
200;1741055536425
200;1741055541432
200;1741055546422
200;1741055551427
200;1741055552368
200;1741055553574
200;1741055556433
200;1741055561423
200;1741055564627
200;1741055566433
200;1741055568186
200;1741055571418
200;1741055573478
200;1741055576424
200;1741055576661
200;1741055581426
200;1741055586430
200;1741055591419
200;1741055596427
200;1741055601430
200;1741055606419
200;1741055611426
200;1741055616427
200;1741055621454
200;1741055621752
200;1741055626425
200;1741055627155
100;1741055636623
200;1741055641442
200;1741055641526
200;1741055645432
200;1741055646427
200;1741055646503
200;1741055646890
200;1741055651434
200;1741055656052
200;1741055656420
200;1741055660641
200;1741055661428
200;1741055665058
200;1741055666434
200;1741055666589
200;1741055671460
200;1741055676430
200;1741055681435
200;1741055686422
200;1741055691428
200;1741055696436
200;1741055701417
100;1741055712469
200;1741055716439
200;1741055726510
200;1741055726560
200;1741055731420
200;1741055734231
200;1741055737511
100;1741055739136
200;1741055746439
200;1741055746492
200;1741055746932
100;1741055755705
100;1741055770747
200;1741055771450
200;1741055771496
200;1741055771571
200;1741055772451
200;1741055776276
200;1741055776467
200;1741055776482
200;1741055776788
200;1741055781428
200;1741055786437
200;1741055789838
200;1741055791423
200;1741055796429
200;1741055811724
200;1741055811778
200;1741055816431
200;1741055821422
200;1741055826426
200;1741055841451
200;1741055841534
200;1741055846432
200;1741055851466
200;1741055856429
200;1741055861420
200;1741055865814
200;1741055866422
200;1741055871424
200;1741055876432
200;1741055891448
200;1741055891511
200;1741055894449
200;1741055896430
200;1741055901437
200;1741055904423
200;1741055906470
200;1741055911433
200;1741055916460
200;1741055921427
200;1741055925085
200;1741055926431
200;1741055926457
200;1741055931430
200;1741055934499
200;1741055936468
200;1741055941430
200;1741055956429
200;1741055956518
200;1741055961436
200;1741055964979
200;1741055966420
200;1741055966784
200;1741055971424
200;1741055986452
200;1741055986534
200;1741055991424
200;1741055996432
200;1741056001435
200;1741056006446
200;1741056021455
200;1741056021500
200;1741056026424
200;1741056031430
200;1741056036422
200;1741056041426
200;1741056046432
200;1741056047707
200;1741056051471
200;1741056056423
200;1741056061425
200;1741056066433
200;1741056071463
200;1741056076427
200;1741056081450
200;1741056086423
200;1741056089953
200;1741056101437
200;1741056101484
200;1741056106427
200;1741056110831
200;1741056111429
200;1741056116420
200;1741056121428
200;1741056126433
200;1741056129225
200;1741056131431
200;1741056146433
200;1741056156430
200;1741056161437
200;1741056166472
200;1741056171424
200;1741056176430
200;1741056181420
100;1741056192788
100;1741056192821
200;1741056195727
200;1741056196436
200;1741056196483
100;1741056201018
100;1741056201049
200;1741056201422
200;1741056201500
200;1741056201980
200;1741056206428
200;1741056207530
200;1741056211420
200;1741056212216
200;1741056216426
200;1741056221431
200;1741056226463
100;1741056230395
200;1741056231458
200;1741056236429
200;1741056239190
200;1741056241421
200;1741056242296
100;1741056244951
200;1741056246426
200;1741056251429
200;1741056253448
200;1741056256419
200;1741056257614
100;1741056260174
200;1741056261436
200;1741056263882
200;1741056264730
200;1741056266427
200;1741056267191
200;1741056269543
200;1741056271432
200;1741056274545
200;1741056276420
200;1741056276529
200;1741056281427
200;1741056283852
200;1741056284043
200;1741056285276
200;1741056286429
100;1741056290218
200;1741056291462
200;1741056296425
200;1741056301431
200;1741056306420
200;1741056309744
200;1741056311429
200;1741056314210
200;1741056316427
200;1741056321464
200;1741056326424
200;1741056331432
200;1741056346470
200;1741056356538
200;1741056356596
200;1741056359909
200;1741056361430
200;1741056364528
200;1741056364749
200;1741056366420
200;1741056369280
200;1741056371424
200;1741056374474
200;1741056386455
200;1741056386502
200;1741056391427
200;1741056396435
200;1741056401436
200;1741056406422
200;1741056411428
200;1741056414287
200;1741056416449
100;1741056421162
200;1741056421419
200;1741056423900
200;1741056426430
200;1741056426938
200;1741056427899
200;1741056431432
200;1741056436421
200;1741056439358
100;1741056441469
200;1741056451455
200;1741056451542
200;1741056456420
200;1741056461462
200;1741056466432
200;1741056471420
200;1741056471577
200;1741056472115
200;1741056476426
200;1741056481429
200;1741056486461
200;1741056491468
200;1741056496428
200;1741056501434
200;1741056506423
200;1741056516434
200;1741056521436
200;1741056525480
200;1741056526426
200;1741056528758
200;1741056531432
200;1741056533796
200;1741056536169
200;1741056536422
200;1741056540544
200;1741056541425
200;1741056543698
200;1741056556469
200;1741056566547
200;1741056566594
200;1741056571423
200;1741056586437
200;1741056586485
200;1741056591295
200;1741056591429
200;1741056596432
200;1741056601419
200;1741056606427
200;1741056611434
200;1741056613683
200;1741056616437
200;1741056621432
200;1741056621580
200;1741056624284
200;1741056626432
200;1741056629627
200;1741056631320
200;1741056631420
200;1741056631590
200;1741056635575
100;1741056642040
200;1741056646480
200;1741056646532
200;1741056651369
200;1741056651421
200;1741056655159
200;1741056656428
100;1741056665427
100;1741056665597
100;1741056666722
100;1741056667249
200;1741056671445
200;1741056671509
200;1741056672031
200;1741056676428
200;1741056682541
100;1741056690882
200;1741056691473
200;1741056691522
200;1741056696431
200;1741056697403
200;1741056711431
200;1741056711495
200;1741056716419
200;1741056721421
200;1741056726426
200;1741056731430
200;1741056736419
200;1741056741423
200;1741056746432
200;1741056751436
200;1741056756423
200;1741056761430
200;1741056766422
200;1741056771427
200;1741056775583
200;1741056776430
200;1741056777514
200;1741056777669
200;1741056781420
200;1741056784088
200;1741056786427
200;1741056786612
200;1741056788885
200;1741056791433
200;1741056796466
200;1741056801431
200;1741056804416
200;1741056806437
200;1741056807536
200;1741056811424
200;1741056814652
200;1741056816251
200;1741056816432
200;1741056821420
200;1741056836439
200;1741056836501
200;1741056841426
200;1741056846435
200;1741056851421
200;1741056854505
200;1741056856430
200;1741056861419
200;1741056866427
200;1741056871428
200;1741056876433
200;1741056881423
200;1741056886429
200;1741056891431
200;1741056894788
200;1741056896427
200;1741056899842
200;1741056899857
200;1741056901424
200;1741056906430
200;1741056911581
200;1741056916427
200;1741056921427
200;1741056925188
200;1741056926418
200;1741056928399
200;1741056928763
200;1741056931427
200;1741056936433
200;1741056939835
200;1741056941438
200;1741056941543
200;1741056944311
200;1741056946427
200;1741056946980
200;1741056951428
200;1741056951538
200;1741056956419
200;1741056961424
200;1741056964233
200;1741056966431
200;1741056968142
200;1741056971430
200;1741056973878
200;1741056976580
100;1741056981170
100;1741056985150
100;1741056985294
200;1741056986468
200;1741056986526
200;1741056986937
200;1741056987129
200;1741056987144
200;1741056991430
200;1741056996424
200;1741056999659
200;1741057001425
200;1741057002110
200;1741057002190
200;1741057006550
200;1741057016434
200;1741057016483
200;1741057019152
200;1741057021425
100;1741057030186
100;1741057030266
200;1741057036440
200;1741057036491
200;1741057041432
200;1741057046436
200;1741057051422
200;1741057052792
200;1741057053752
200;1741057056461
200;1741057061006
200;1741057063330
200;1741057064478
200;1741057069661
100;1741057071050
200;1741057071466
200;1741057071518
200;1741057071952
200;1741057076430
200;1741057077047
200;1741057077767
200;1741057081431
200;1741057086464
200;1741057089183
200;1741057091428
200;1741057096171
200;1741057096431
200;1741057099777
200;1741057101418
200;1741057101575
200;1741057106426
200;1741057107381
200;1741057107493
200;1741057111427
200;1741057116434
200;1741057121470
200;1741057126430
200;1741057131436
200;1741057136425
200;1741057141427
200;1741057146437
200;1741057151465
200;1741057156428
200;1741057161437
200;1741057164181
200;1741057166423
200;1741057171431
200;1741057176942
200;1741057186450
200;1741057186510
200;1741057201426
200;1741057201477
200;1741057204320
200;1741057206434
200;1741057211422
200;1741057216427
200;1741057219434
200;1741057221423
200;1741057221468
200;1741057226425
200;1741057231435
200;1741057235767
200;1741057236439
200;1741057241414
200;1741057244497
200;1741057246462
200;1741057246989
200;1741057251427
200;1741057252642
200;1741057256430
200;1741057261418
200;1741057263603
200;1741057266457
200;1741057266898
200;1741057271428
200;1741057271972
200;1741057276435
200;1741057281427
200;1741057286428
200;1741057291433
200;1741057296425
200;1741057299337
200;1741057311440
100;1741057321227
200;1741057321510
200;1741057321590
200;1741057326420
200;1741057331425
200;1741057331526
200;1741057331634
200;1741057336425
200;1741057351420
200;1741057351469
200;1741057356431
200;1741057361435
200;1741057366422
200;1741057366561
200;1741057366610
200;1741057371427
200;1741057372529
200;1741057375138
200;1741057376107
200;1741057376429
200;1741057379641
200;1741057381428
200;1741057386424
200;1741057391426
200;1741057396467
200;1741057401433
200;1741057401862
200;1741057406422
200;1741057411425
200;1741057416431
200;1741057421426
200;1741057425804
200;1741090606430
200;1741090611431
200;1741090616423
200;1741090621427
200;1741090636438
200;1741090636487
200;1741090641428
200;1741090646434
200;1741090651422
200;1741090666439
200;1741090666487
200;1741090671428
200;1741090676437
200;1741090681422
200;1741090686432
200;1741090691432
200;1741090696436
200;1741090701429
200;1741090706432
200;1741090711439
200;1741090716429
200;1741090721432
200;1741090726424
200;1741090731426
200;1741090736430
200;1741090741421
200;1741090746424
200;1741090751426
200;1741090756432
200;1741090761463
200;1741090764521
200;1741090766427
200;1741090771434
200;1741090776419
200;1741090781463
200;1741090784664
200;1741090786427
200;1741090789200
200;1741090789831
200;1741090791433
200;1741090794859
200;1741090796419
200;1741090801427
200;1741090804785
200;1741090806427
200;1741090811434
200;1741090816425
200;1741090821428
200;1741090826433
200;1741090831429
200;1741090836432
200;1741090841421
200;1741090843191
200;1741090846425
200;1741090851432
200;1741090866445
200;1741090866493
200;1741090871435
200;1741090873199
200;1741090873219
200;1741090876464
200;1741090876804
200;1741090879313
200;1741090881423
200;1741090883212
200;1741090888723
200;1741090895333
200;1741090895923
200;1741090896439
200;1741090899340
200;1741090901422
200;1741090906430
200;1741090911427
200;1741090916432
200;1741090921416
200;1741090921901
200;1741090921925
200;1741090926425
200;1741090926631
200;1741090930376
200;1741090931431
200;1741090931668
200;1741090931795
200;1741090935188
200;1741090936432
200;1741090936555
200;1741090939422
200;1741090941467
200;1741090941852
200;1741090944491
200;1741090946427
200;1741090946566
200;1741090948666
200;1741090951519
200;1741090953971
200;1741090956580
200;1741090959791
200;1741090961439
200;1741090961484
200;1741090966426
200;1741090971040
200;1741090971430
200;1741090974512
200;1741090976420
200;1741090981434
200;1741090982602
200;1741090983535
200;1741090986427
200;1741090986504
200;1741090989803
200;1741090991437
200;1741090994008
200;1741090996422
200;1741090997186
200;1741090999026
200;1741091001440
200;1741091001545
200;1741091003818
200;1741091006431
200;1741091007674
200;1741091007732
200;1741091011431
200;1741091015508
200;1741091015684
200;1741091016416
200;1741091016943
200;1741091017000
200;1741091019512
200;1741091021464
200;1741091021513
200;1741091021634
200;1741091026430
200;1741091026791
200;1741091029079
200;1741091031431
200;1741091031922
200;1741091034334
200;1741091036845
200;1741091036905
200;1741091041506
200;1741091041564
200;1741091046441
200;1741091046494
200;1741091046583
200;1741091046737
200;1741091051432
200;1741091051623
200;1741091056454
200;1741091061431
200;1741091062032
200;1741091066060
200;1741091066432
200;1741091066707
200;1741091069256
200;1741091071433
200;1741091076466
200;1741091078194
200;1741091078237
200;1741091081432
200;1741091081508
200;1741091081662
200;1741091086461
200;1741091086650
200;1741091086847
200;1741091091428
200;1741091094789
200;1741091094807
200;1741091096434
200;1741091096602
200;1741091096666
200;1741091100026
200;1741091101431
200;1741091101795
200;1741091104499
200;1741091106460
200;1741091106488
200;1741091111425
200;1741091111469
200;1741091116431
200;1741091116476
200;1741091121420
200;1741091121524
200;1741091126426
200;1741091126604
200;1741091131434
200;1741091131551
200;1741091136432
200;1741091139038
200;1741091141421
200;1741091141526
200;1741091146425
200;1741091146481
200;1741091151429
200;1741091151648
200;1741091156434
200;1741091156600
200;1741091336424
200;1741091341426
200;1741091341466
200;1741091346430
200;1741091349148
200;1741091351422
200;1741091351470
200;1741091356426
100;1741091361667
100;1741091364549
100;1741091367280
200;1741091371438
200;1741091371516
200;1741091376431
200;1741091376628
200;1741091381464
200;1741091382090
200;1741091386425
200;1741091391429
200;1741091396417
200;1741091396589
200;1741091401435
200;1741091404699
200;1741091406423
200;1741091406469
200;1741091411437
200;1741091411550
200;1741091416424
200;1741091418038
200;1741091421433
200;1741091426421
200;1741091431454
200;1741091436427
200;1741091441428
200;1741091444449
200;1741091446651
100;1741091448866
100;1741091453847
200;1741091456440
200;1741091456522
200;1741091457814
200;1741091461429
200;1741091466431
200;1741091467628
200;1741091467659
200;1741091471425
200;1741091471813
200;1741091476427
200;1741091476532
200;1741091481430
200;1741091481701
200;1741091481761
200;1741091486466
200;1741091486517
200;1741091486949
200;1741091491426
200;1741091491521
200;1741091496553
100;1741091498714
200;1741091506442
200;1741091506489
200;1741091511433
200;1741091511586
200;1741091515345
100;1741091517631
100;1741091521604
100;1741091521798
200;1741091526438
200;1741091526521
200;1741091526544
200;1741091528903
200;1741091531425
200;1741091531582
200;1741091532574
200;1741091536431
200;1741091536505
200;1741091536574
200;1741091541422
200;1741091546422
200;1741091551520
100;1741091554193
100;1741091556600
200;1741091561437
200;1741091561518
200;1741091564042
200;1741091564202
200;1741091566428
200;1741091566535
200;1741091571432
200;1741091575363
200;1741091575763
200;1741091576420
200;1741091577276
200;1741091577289
200;1741091581425
200;1741091581753
200;1741091582183
200;1741091586429
200;1741091586586
200;1741091586674
200;1741091589833
200;1741091591465
200;1741091591552
200;1741091594163
200;1741091596422
100;1741091603502
100;1741091604189
100;1741091606710
100;1741091606719
200;1741091611438
200;1741091611487
200;1741091616427
200;1741091616599
200;1741091619045
200;1741091621432
200;1741091621571
200;1741091622116
200;1741091626424
200;1741091626707
200;1741091626802
200;1741091631427
200;1741091634576
200;1741091636430
200;1741091636588
200;1741091637820
200;1741091641435
200;1741091645031
200;1741091646425
200;1741091646550
200;1741091649013
200;1741091651434
200;1741091652740
200;1741091656421
200;1741091656526
200;1741091661465
200;1741091661546
200;1741091664299
200;1741091666473
200;1741091666550
200;1741091666679
200;1741091670121
200;1741091671432
200;1741091674544
200;1741091674899
200;1741091676423
200;1741091677267
200;1741091678898
200;1741091681442
200;1741091681533
200;1741091686428
200;1741091691434
200;1741091695702
100;1741091699140
100;1741091701642
200;1741091706453
200;1741091706520
200;1741091711420
200;1741091726438
200;1741091726502
200;1741091731424
200;1741091736459
200;1741091736726
200;1741091737503
200;1741091741425
200;1741091742762
200;1741091745112
100;1741091752068
100;1741091754509
200;1741091756474
200;1741091756530
200;1741091761469
200;1741091766431
200;1741091769140
200;1741091769157
200;1741091771433
200;1741091776429
200;1741091781430
200;1741091784382
200;1741091786463
200;1741091791427
200;1741091796431
200;1741091801466
200;1741091806426
200;1741091811432
200;1741091816422
200;1741091821425
200;1741091826433
200;1741091831463
200;1741091836427
200;1741091841435
200;1741091846426
200;1741091851428
200;1741091856430
200;1741091857034
200;1741091858239
200;1741091861463
200;1741091863856
200;1741091865136
200;1741091866427
200;1741091866762
200;1741091871428
200;1741091875236
200;1741091876431
200;1741091876459
200;1741091881454
200;1741091886458
200;1741091891450
200;1741091896475
200;1741091901480
200;1741091906443
200;1741091906646
200;1741091911430
200;1741091911492
200;1741091912973
200;1741091916495
100;1741091923943
200;1741091926428
200;1741091926474
200;1741091929762
200;1741091931423
200;1741091934166
200;1741091936424
200;1741091936758
200;1741091939940
200;1741091941431
200;1741091941766
200;1741091946465
200;1741091948704
200;1741091951427
200;1741091954351
200;1741091956430
200;1741091961424
200;1741091966427
200;1741091971432
200;1741091976464
200;1741091976479
200;1741091976866
200;1741091982032
200;1741091982816
200;1741091991437
200;1741091991487
200;1741091991740
200;1741091996427
200;1741091999523
200;1741092001430
200;1741092006420
200;1741092006595
200;1741092011435
200;1741092016431
200;1741092021465
200;1741092023700
200;1741092026424
200;1741092031432
200;1741092036420
200;1741092036800
200;1741092041426
200;1741092046434
200;1741092046572
200;1741092051425
200;1741092054407
200;1741092056429
200;1741092061434
200;1741092061636
200;1741092066417
200;1741092071448
200;1741092076442
200;1741092081431
200;1741092086419
200;1741092091426
200;1741092096429
200;1741092096939
200;1741092101417
200;1741092106443
200;1741092111430
200;1741092116420
200;1741092121424
200;1741092121562
200;1741092127668
100;1741092128452
100;1741092131929
100;1741092132376
200;1741092136468
200;1741092136518
200;1741092141427
200;1741092146466
200;1741092147362
200;1741092151426
200;1741092154318
200;1741092156416
200;1741092161424
200;1741092166444
200;1741092166580
200;1741092167686
200;1741092171430
200;1741092171526
200;1741092171589
200;1741092176417
200;1741092176458
200;1741092181422
200;1741092186431
200;1741092190508
200;1741092191424
200;1741092191703
200;1741092191892
200;1741092193807
200;1741092196429
200;1741092201429
200;1741092206436
200;1741092211429
200;1741092216431
200;1741092219147
200;1741092221428
200;1741092223260
200;1741092226429
200;1741092241422
200;1741092241474
200;1741092241964
200;1741092246421
200;1741092251426
200;1741092256429
200;1741092256618
200;1741092261451
200;1741092266426
200;1741092271431
200;1741092276424
200;1741092276530
200;1741092276882
200;1741092281428
200;1741092286433
200;1741092286763
200;1741092286943
200;1741092291466
200;1741092296425
200;1741092296710
200;1741092301428
200;1741092302373
200;1741092306426
200;1741092307936
200;1741092307966
200;1741092311428
200;1741092313380
200;1741092313457
200;1741092316463
200;1741092321434
200;1741092336430
200;1741092341421
200;1741092346425
200;1741092351429
100;1741092355650
200;1741092356422
200;1741092361424
200;1741092361652
100;1741092363599
200;1741092366431
200;1741092371423
200;1741092376465
200;1741092381428
200;1741092386430
200;1741092391431
200;1741092396417
200;1741092401427
200;1741092406427
100;1741092411218
200;1741092411429
200;1741092416457
100;1741092419902
200;1741092421463
200;1741092421614
100;1741092424973
200;1741092426428
100;1741092430616
200;1741092431417
200;1741092436426
200;1741092436492
200;1741092439132
200;1741092441425
200;1741092446431
100;1741092451512
200;1741092456426
200;1741092461433
200;1741092466421
200;1741092471427
200;1741092476432
200;1741092479039
200;1741092481462
200;1741092481750
200;1741092486425
200;1741092486581
200;1741092491430
200;1741092493492
200;1741092496420
200;1741092496494
200;1741092501423
200;1741092506431
200;1741092511435
200;1741092514008
200;1741092516467
200;1741092521432
200;1741092526432
200;1741092531436
200;1741092536424
200;1741092539553
200;1741092541426
100;1741092553690
200;1741092556445
200;1741092556534
200;1741092557847
200;1741092559078
200;1741092561433
200;1741092563606
200;1741092564213
200;1741092566443
200;1741092569042
100;1741092570786
200;1741092571430
200;1741092572576
200;1741092574480
200;1741092575112
200;1741092576697
200;1741092586442
200;1741092586523
200;1741092590438
200;1741092591433
200;1741092591684
200;1741092596440
200;1741092601419
200;1741092606426
200;1741092611433
200;1741092616461
200;1741092621426
200;1741092626433
200;1741092628243
200;1741092630060
200;1741092631422
200;1741092636426
200;1741092637494
200;1741092640235
200;1741092641430
200;1741092646435
200;1741092646600
200;1741092649119
200;1741092650937
200;1741092651469
200;1741092651517
200;1741092656430
100;1741092661365
200;1741092661431
200;1741092666424
200;1741092667075
100;1741092679389
100;1741092680764
200;1741092681440
200;1741092681488
200;1741092682985
200;1741092686424
200;1741092686564
200;1741092688628
200;1741092691430
200;1741092691540
200;1741092696433
200;1741092696463
200;1741092701464
200;1741092706430
200;1741092708048
200;1741092711433
200;1741092712836
200;1741092716436
200;1741092717079
200;1741092721422
200;1741092724505
200;1741092726472
200;1741092729496
200;1741092729879
200;1741092730290
200;1741092731432
200;1741092736425
200;1741092741429
100;1741092747356
100;1741092756279
200;1741092756432
200;1741092761435
200;1741092761598
200;1741092766425
200;1741092771426
200;1741092776420
200;1741092781425
200;1741092781770
200;1741092786427
200;1741092791436
200;1741092791506
100;1741092798016
100;1741092798112
100;1741092805930
200;1741092806451
200;1741092806538
200;1741092807211
200;1741092811434
200;1741092816463
100;1741092818851
200;1741092821428
200;1741092826431
100;1741092830555
200;1741092831421
200;1741092831818
200;1741092836431
200;1741092851443
200;1741092851532
200;1741092856433
200;1741092871472
200;1741092871524
200;1741092876417
200;1741092881426
100;1741092884732
200;1741092886427
100;1741092892358
200;1741092901440
200;1741092901485
200;1741092903338
200;1741092906428
100;1741092910199
200;1741092911436
200;1741092916421
100;1741092921100
200;1741092921425
200;1741092926470
200;1741092931431
200;1741092936420
200;1741092941422
200;1741092946428
100;1741092951244
200;1741092951430
200;1741092956422
200;1741092956473
200;1741092961422
200;1741092966432
200;1741092971419
200;1741092976451
200;1741092981434
200;1741092986464
200;1741092991426
200;1741092996431
200;1741093001422
200;1741093016433
200;1741093023428
200;1741093026512
200;1741093026563
200;1741093028859
200;1741093029294
200;1741093031433
200;1741093031627
200;1741093034374
200;1741093036463
200;1741093036627
200;1741093041431
200;1741093043843
200;1741093046439
200;1741093051442
200;1741093056434
200;1741093056504
200;1741093061423
200;1741093066427
200;1741093066502
200;1741093068550
100;1741093071523
100;1741093076497
100;1741093076626
200;1741093081422
200;1741093081503
200;1741093086419
200;1741093090360
200;1741093091424
200;1741093096426
200;1741093096616
200;1741093097094
200;1741093101431
200;1741093103765
200;1741093103823
200;1741093106425
200;1741093107666
200;1741093107698
200;1741093111427
200;1741093113893
200;1741093115661
200;1741093115692
200;1741093116431
200;1741093121422
200;1741093126426
200;1741093131432
200;1741093136430
200;1741093141420
200;1741093141622
200;1741093146423
200;1741093146674
200;1741093151430
200;1741093156418
200;1741093161426
200;1741093166426
200;1741093169192
200;1741093170084
200;1741093171433
200;1741093174668
100;1741093179141
100;1741093180389
100;1741093184447
200;1741093186433
200;1741093186483
200;1741093191426
200;1741093196432
200;1741093201419
200;1741093201603
200;1741093206439
200;1741093206579
200;1741093210969
200;1741093211416
200;1741093216418
200;1741093221423
200;1741093226237
200;1741093226432
200;1741093231416
200;1741093236425
200;1741093241430
200;1741093241558
200;1741093246417
200;1741093251309
200;1741093251425
200;1741093256429
200;1741093256485
200;1741093261421
200;1741093266426
100;1741093280432
100;1741093280799
200;1741093281442
200;1741093281487
200;1741093284701
200;1741093286434
200;1741093291421
200;1741093294521
200;1741093296424
200;1741093296467
200;1741093302302
100;1741093306480
200;1741093311435
200;1741093312175
200;1741093321523
100;1741093327424
200;1741093331580
200;1741093331630
200;1741093336431
200;1741093341462
200;1741093341845
200;1741093343794
200;1741093346424
200;1741093347265
200;1741093351427
200;1741093356425
200;1741093356660
200;1741093361457
200;1741093361630
200;1741093361935
200;1741093366423
200;1741093366581
200;1741093371427
200;1741093376436
200;1741093381419
200;1741093381445
200;1741093386426
200;1741093386582
200;1741093391432
100;1741093399938
100;1741093401630
200;1741093406429
200;1741093406474
200;1741093409271
200;1741093411422
200;1741093412792
200;1741093414679
200;1741093416441
200;1741093421427
200;1741093424319
200;1741093426434
200;1741093429102
200;1741093430626
200;1741093431423
200;1741093436428
200;1741093439241
200;1741093441436
200;1741093446307
200;1741093446424
200;1741093451427
200;1741093456435
200;1741093459597
200;1741093461482
200;1741093466431
200;1741093471433
200;1741093476111
200;1741093476464
200;1741093480908
200;1741093481428
200;1741093486429
200;1741093491419
200;1741093496425
200;1741093501427
200;1741093506427
200;1741093511425
200;1741093515066
200;1741093516426
200;1741093521431
200;1741093526427
200;1741093531437
200;1741093536430
200;1741093541437
200;1741093546420
200;1741093546515
200;1741093551425
200;1741093556430
200;1741093556627
200;1741093561461
200;1741093565141
200;1741093566419
200;1741093571439
200;1741093576428
200;1741093581434
200;1741093586423
200;1741093591427
200;1741093596430
200;1741093601458
200;1741093606426
200;1741093611431
200;1741093626443
200;1741093626488
200;1741093631437
200;1741093631490
200;1741093636462
200;1741093641425
200;1741093646432
200;1741093649692
200;1741093651423
200;1741093666439
200;1741093666501
200;1741093671422
200;1741093676429
200;1741093681431
200;1741093686416
200;1741093687856
200;1741093691427
200;1741093696427
200;1741093701420
200;1741093703782
200;1741093706426
200;1741093711432
200;1741093716436
200;1741093721438
200;1741093726428
200;1741093728591
200;1741093731186
200;1741093731431
200;1741093734850
200;1741093736422
200;1741093739033
200;1741093741426
200;1741093741612
200;1741093745998
200;1741093746433
200;1741093751162
200;1741093751467
200;1741093756426
200;1741093756794
200;1741093761434
200;1741093766428
200;1741093771432
200;1741093771484
200;1741093776418
200;1741093778841
200;1741093781426
200;1741093786434
200;1741093787276
200;1741093791438
100;1741093799944
200;1741093806451
200;1741093806528
200;1741093809280
200;1741093811423
200;1741093812529
200;1741093816430
200;1741093821436
200;1741093826464
200;1741093831430
200;1741093836464
200;1741093841425
200;1741093841711
200;1741093846463
200;1741093851422
200;1741093852889
200;1741093855561
200;1741093856466
200;1741093859124
200;1741093861432
200;1741093863358
200;1741093866462
200;1741093871430
200;1741093871544
200;1741093871688
200;1741093876428
200;1741093879513
200;1741093879928
200;1741093881418
200;1741093881636
200;1741093886422
200;1741093890388
200;1741093891471
200;1741093893962
200;1741093896461
200;1741093896571
200;1741093900414
200;1741093901426
200;1741093906429
200;1741093907168
200;1741093909176
200;1741093911422
200;1741093916424
200;1741093921431
200;1741093926437
200;1741093941434
200;1741093941510
200;1741093946425
200;1741093952800
200;1741093961470
200;1741093961518
200;1741093966432
200;1741093970859
200;1741093971434
200;1741093972601
200;1741093976427
200;1741093981433
200;1741093986421
200;1741093991471
100;1741093999291
100;1741094005723
200;1741094006443
200;1741094006506
200;1741094011432
200;1741094016418
200;1741094021428
200;1741094026429
200;1741094031436
200;1741094036467
200;1741094041428
200;1741094047804
100;1741094050363
200;1741094056443
200;1741094056491
200;1741094060467
200;1741094060617
200;1741094061432
200;1741094066438
200;1741094071423
200;1741094074525
200;1741094074620
200;1741094076428
200;1741094081419
200;1741094084646
200;1741094086421
200;1741094091429
200;1741094096464
200;1741094101423
200;1741094104796
200;1741094106428
200;1741094111430
200;1741094116455
200;1741094122511
100;1741094123870
200;1741094131438
200;1741094131502
200;1741094133737
200;1741094136426
200;1741094136543
200;1741094141635
200;1741094151464
200;1741094151546
200;1741094156431
200;1741094161466
200;1741094166429
200;1741094166824
200;1741094166872
200;1741094181429
200;1741094181508
200;1741094181761
200;1741094186419
200;1741094191426
200;1741094196431
200;1741094201437
200;1741094206424
200;1741094211432
200;1741094216419
200;1741094221427
200;1741094226438
200;1741094231425
200;1741094232506
200;1741094236427
200;1741094236950
200;1741094241431
200;1741094246434
200;1741094249579
200;1741094251435
200;1741094256424
200;1741094261425
200;1741094261604
200;1741094266429
200;1741094269430
200;1741094271432
200;1741094276435
200;1741094281426
200;1741094284204
100;1741094290754
200;1741094296435
200;1741094296498
200;1741094298106
200;1741094298122
200;1741094301426
200;1741094305104
200;1741094305456
200;1741094306419
200;1741094311425
200;1741094316433
200;1741094320091
200;1741094320123
200;1741094321419
200;1741094321910
200;1741094326466
200;1741094326963
200;1741094329652
200;1741094331430
200;1741094334681
200;1741094335337
200;1741094336432
200;1741094341418
200;1741094343763
200;1741094346426
200;1741094349416
200;1741094351521
100;1741094356691
200;1741094361427
200;1741094361474
200;1741094362271
200;1741094362334
200;1741094366431
200;1741094371439
200;1741094376430
200;1741094381608
100;1741094391041
100;1741094391328
200;1741094391430
100;1741094395902
100;1741094396831
100;1741094396895
200;1741094401503
200;1741094401553
200;1741094406430
200;1741094408331
200;1741094411423
200;1741094416431
200;1741094421433
200;1741094424272
200;1741094426423
200;1741094433336
200;1741094436430
200;1741094437339
200;1741094439402
200;1741094441434
200;1741094441573
200;1741094443344
200;1741094446426
200;1741094449398
200;1741094451430
200;1741094456421
200;1741094460222
200;1741094461422
200;1741094466431
200;1741094471434
200;1741094476424
200;1741094479314
200;1741094481428
200;1741094486435
200;1741094491422
200;1741094496427
200;1741094501434
200;1741094506468
200;1741094511426
200;1741094514139
200;1741094516431
200;1741094521417
200;1741094526425
200;1741094531473
200;1741094536433
200;1741094541424
200;1741094546429
200;1741094547511
200;1741094551418
200;1741094556428
200;1741094557788
200;1741094561430
200;1741094566421
200;1741094569054
200;1741094569118
200;1741094571426
200;1741094571769
200;1741094576430
200;1741094576506
200;1741094581883
200;1741094581913
100;1741094589929
200;1741094591438
200;1741094591501
200;1741094596426
200;1741094597286
200;1741094601436
200;1741094606423
200;1741094611441
200;1741094616429
200;1741094621450
200;1741094626421
200;1741094631430
200;1741094636420
200;1741094636557
200;1741094639469
200;1741094641424
200;1741094646431
200;1741094649605
200;1741094651435
200;1741094654870
200;1741094654915
200;1741094656424
200;1741094656614
200;1741094659151
200;1741094661433
200;1741094662018
200;1741094664625
200;1741094666418
200;1741094671356
200;1741094671422
200;1741094676428
200;1741094678888
200;1741094679064
200;1741094680778
200;1741094681435
200;1741094681761
200;1741094686422
200;1741094689796
200;1741094690180
200;1741094691429
200;1741094694592
200;1741094696462
200;1741094701426
200;1741094706429
200;1741094711430
200;1741094714891
100;1741094724260
200;1741094726433
200;1741094726498
200;1741094726608
200;1741094726720
200;1741094731427
200;1741094734077
200;1741094736437
200;1741094736669
200;1741094741049
200;1741094741422
200;1741094744504
200;1741094746429
200;1741094749398
200;1741094751473
200;1741094751859
200;1741094752179
200;1741094756446
200;1741094761964
200;1741094771472
200;1741094771527
200;1741094776424
200;1741094781425
200;1741094786436
100;1741094799270
200;1741094801433
200;1741094801498
200;1741094806424
200;1741094811426
200;1741094816431
200;1741094816794
200;1741094821464
200;1741094825624
200;1741094826427
200;1741094831431
200;1741094836425
200;1741094841427
200;1741094846433
200;1741094851426
200;1741094855522
200;1741094856429
200;1741094856684
200;1741094861432
200;1741094866422
200;1741094869744
200;1741094871428
200;1741094876432
200;1741094881419
200;1741094886427
200;1741094887688
200;1741094891432
200;1741094906435
100;1741094924437
200;1741094926453
200;1741094926538
200;1741094926606
200;1741094931425
200;1741094936428
200;1741094941431
200;1741094946436
200;1741094946898
200;1741094951432
200;1741094956433
200;1741094961421
100;1741094965515
100;1741094965724
200;1741094966429
100;1741094979055
100;1741094980656
200;1741094981443
200;1741094981529
200;1741094986427
100;1741094991077
100;1741094992819
200;1741095001441
200;1741095001491
200;1741095003708
200;1741095004028
200;1741095006436
100;1741095009975
100;1741095015946
200;1741095021436
200;1741095021496
200;1741095022997
200;1741095026422
100;1741095030050
100;1741095038033
200;1741095041442
200;1741095041503
200;1741095046414
200;1741095048265
200;1741095051433
200;1741095056423
200;1741095061431
200;1741095066429
200;1741095068841
200;1741095071442
200;1741095071896
100;1741095080007
200;1741095086437
200;1741095089983
200;1741095096431
200;1741095098745
200;1741095101463
200;1741095102082
200;1741095103435
200;1741095106465
200;1741095109971
200;1741095111428
200;1741095116418
200;1741095121417
200;1741095126469
200;1741095131424
200;1741095134590
200;1741095136432
200;1741095136539
200;1741095136587
200;1741095141419
200;1741095141464
200;1741095146423
200;1741095151428
200;1741095156462
200;1741095161417
200;1741095166423
200;1741095171429
200;1741095176458
200;1741095181437
200;1741095186430
200;1741095191417
200;1741095196427
200;1741095201472
200;1741095206431
200;1741095206480
200;1741095211423
200;1741095216427
100;1741095221093
100;1741095229138
100;1741095230675
200;1741095231441
200;1741095231483
200;1741095231525
100;1741095234063
200;1741095236266
200;1741095236431
200;1741095236826
200;1741095241422
200;1741095246426
200;1741095251432
200;1741095256419
200;1741095261445
100;1741095263406
100;1741095266231
200;1741095266424
200;1741095271434
200;1741095271506
200;1741095276422
200;1741095281432
200;1741095286429
200;1741095291420
200;1741095292003
200;1741095296466
200;1741095296688
200;1741095301430
200;1741095306421
200;1741095311456
200;1741095316428
200;1741095316463
200;1741095321429
200;1741095324212
200;1741095326425
100;1741095330927
200;1741095331429
200;1741095336468
200;1741095341427
200;1741095346426
200;1741095351432
200;1741095354710
200;1741095356462
200;1741095361424
100;1741095365911
200;1741095366431
200;1741095369582
200;1741095371423
100;1741095375785
200;1741095376425
200;1741095381433
200;1741095381923
200;1741095386436
200;1741095391427
200;1741095396430
200;1741095401432
200;1741095401494
200;1741095406433
200;1741095411423
200;1741095416427
200;1741095421428
200;1741095424339
200;1741095426421
200;1741095431426
200;1741095434077
200;1741095436427
200;1741095436743
200;1741095437498
200;1741095441434
200;1741095446424
200;1741095451427
200;1741095455056
200;1741095456419
200;1741095458179
200;1741095461425
200;1741095466428
200;1741095471460
200;1741095476425
200;1741095478293
200;1741095481430
200;1741095486433
200;1741095487310
200;1741095491422
200;1741095496428
200;1741095497891
200;1741095501432
200;1741095504228
200;1741095506422
200;1741095506552
200;1741095511430
200;1741095516418
200;1741095521425
200;1741095524237
200;1741095526425
200;1741095529077
200;1741095531427
200;1741095534043
200;1741095536434
200;1741095538862
200;1741095541424
200;1741095546426
200;1741095547448
200;1741095551432
200;1741095554452
200;1741095556464
200;1741095561426
200;1741095566434
200;1741095569211
200;1741095571423
200;1741095571495
200;1741095576424
200;1741095580804
200;1741095581431
200;1741095581508
200;1741095586437
200;1741095586637
200;1741095591424
200;1741095596430
200;1741095601433
200;1741095606463
200;1741095611446
200;1741095616429
200;1741095621424
200;1741095623456
200;1741095626429
200;1741095629234
200;1741095631429
200;1741095631889
200;1741095636419
200;1741095640299
200;1741095641429
200;1741095646430
200;1741095649531
200;1741095651422
200;1741095656431
200;1741095656503
200;1741095661419
200;1741095661535
200;1741095666425
200;1741095666893
200;1741095671425
200;1741095676431
200;1741095681463
200;1741095686428
200;1741095691434
200;1741095696420
200;1741095701428
200;1741095706432
200;1741095711462
200;1741095716425
200;1741095719043
200;1741095721425
200;1741095724207
200;1741095726450
200;1741095731421
200;1741095736430
200;1741095741432
200;1741095746445
200;1741095746995
200;1741095751429
200;1741095756436
200;1741095761179
200;1741095761422
200;1741095761500
200;1741095766428
200;1741095771419
200;1741095776422
200;1741095778562
200;1741095781427
200;1741095783153
200;1741095786462
200;1741095786673
200;1741095791421
200;1741095796427
200;1741095801431
200;1741095806459
200;1741095806816
200;1741095813057
200;1741095816433
200;1741095821422
200;1741095823784
200;1741095826430
200;1741095831432
200;1741095836435
200;1741095841426
200;1741095846431
200;1741095846855
200;1741095851421
200;1741095856423
200;1741095857381
200;1741095861426
200;1741095866430
200;1741095871423
200;1741095876244
200;1741095876428
200;1741095881433
200;1741095882723
200;1741095882772
200;1741095886419
200;1741095886494
200;1741095886630
200;1741095891440
200;1741095891577
200;1741095896430
200;1741095901462
200;1741095904630
200;1741095906426
200;1741095906739
200;1741095907798
200;1741095911457
200;1741095916420
200;1741095921429
200;1741095924542
200;1741095926206
200;1741095926531
100;1741095931484
100;1741095934003
200;1741095936424
100;1741095938735
200;1741095941431
100;1741095944303
100;1741095947038
100;1741095954477
100;1741095954844
200;1741095956448
200;1741095956524
100;1741095960944
200;1741095961433
200;1741095966423
100;1741095971742
200;1741095981456
200;1741095981539
100;1741095983898
100;1741095984047
200;1741095986429
200;1741095991475
200;1741095996449
200;1741096001428
200;1741096006434
200;1741096011421
200;1741096016428
200;1741096021432
200;1741096021554
200;1741096026440
200;1741096031446
200;1741096036431
100;1741096039965
200;1741096041425
200;1741096046428
200;1741096051433
200;1741096056436
200;1741096058942
200;1741096061427
100;1741096064430
200;1741096066429
200;1741096071439
200;1741096076426
200;1741096081430
200;1741096086426
200;1741096101438
200;1741096101485
200;1741096106441
200;1741096111434
200;1741096112261
200;1741096116434
200;1741096118792
200;1741096121422
200;1741096126471
200;1741096126972
100;1741096130666
200;1741096131419
200;1741096136467
200;1741096139558
100;1741096140279
200;1741096141432
200;1741096146480
200;1741096149482
200;1741096151428
200;1741096156427
200;1741096161432
200;1741096163974
200;1741096166421
200;1741096171422
200;1741096174509
100;1741096182825
200;1741096186441
200;1741096186488
200;1741096191428
200;1741096196419
200;1741096201424
200;1741096206431
200;1741096211447
200;1741096216463
200;1741096221431
200;1741096224735
200;1741096224986
200;1741096226427
200;1741096231431
200;1741096233817
200;1741096236417
200;1741096241439
200;1741096246429
200;1741096251434
200;1741096256437
200;1741096256524
200;1741096259455
200;1741096261467
200;1741096266429
200;1741096271420
200;1741096271523
200;1741096272596
200;1741096276424
200;1741096278965
200;1741096281430
200;1741096281690
200;1741096284880
100;1741096287579
100;1741096290169
200;1741096293733
200;1741096296422
100;1741096297346
200;1741096301468
200;1741096306432
200;1741096306476
100;1741096310137
200;1741096321431
200;1741096321512
100;1741096322563
200;1741096326418
200;1741096331466
100;1741096334777
100;1741096334906
200;1741096336427
200;1741096336437
100;1741096339111
200;1741096341435
200;1741096346420
200;1741096346621
200;1741096351455
100;1741096355897
200;1741096376460
200;1741096376537
200;1741096376586
200;1741096381429
200;1741096386424
100;1741096391168
200;1741096391429
200;1741096396419
200;1741096397504
100;1741096399633
200;1741096401426
200;1741096406430
200;1741096411420
200;1741096416423
200;1741096421425
200;1741096426431
200;1741096427563
100;1741096430812
200;1741096431420
200;1741096431512
200;1741096431591
200;1741096436421
200;1741096441431
200;1741096446419
200;1741096451425
200;1741096456428
200;1741096461418
200;1741096461648
200;1741096466423
200;1741096471428
200;1741096471806
200;1741096473959
200;1741096476430
100;1741096480140
100;1741096481584
100;1741096486870
200;1741096491431
200;1741096491481
200;1741096496423
100;1741096509837
200;1741096511434
200;1741096511588
200;1741096512230
200;1741096521493
200;1741096525120
200;1741096531565
200;1741096531651
200;1741096536423
200;1741096539134
200;1741096541432
200;1741096541526
200;1741096544133
200;1741096546419
200;1741096551428
200;1741096551836
200;1741096556438
200;1741096556948
200;1741096561459
200;1741096566429
200;1741096568869
200;1741096571432
200;1741096574898
200;1741096576420
200;1741096581426
200;1741096586432
200;1741096591420
200;1741096596424
200;1741096601432
200;1741096604514
200;1741096604626
200;1741096606430
200;1741096608290
200;1741096608493
200;1741096611429
200;1741096616431
200;1741096618473
200;1741096621461
200;1741096626426
200;1741096631428
200;1741096633778
200;1741096636160
200;1741096636461
200;1741096641425
200;1741096641883
200;1741096646431
200;1741096651421
200;1741096656422
200;1741096661431
200;1741096666465
200;1741096671429
200;1741096676436
200;1741096681421
200;1741096681947
200;1741096684544
200;1741096686430
200;1741096686953
200;1741096691431
200;1741096696425
200;1741096697043
200;1741096701277
200;1741096701424
200;1741096704401
200;1741096706432
200;1741096711462
200;1741096713882
200;1741096714106
200;1741096716427
200;1741096716744
200;1741096731468
200;1741096731522
200;1741096736464
200;1741096741464
200;1741096746423
200;1741096751431
200;1741096756433
200;1741096761466
200;1741096764760
200;1741096766424
200;1741096768533
200;1741096771431
200;1741096776420
200;1741096781427
200;1741096786432
200;1741099836426
200;1741099841436
200;1741099846465
200;1741099849839
200;1741099851427
200;1741099856531
200;1741099861422
200;1741099866429
200;1741099871432
200;1741099876425
200;1741099879361
200;1741099881426
200;1741099886431
200;1741099890318
200;1741099891426
200;1741099896428
200;1741099897463
200;1741099901432
200;1741099904110
200;1741099906437
200;1741099911426
200;1741099913116
200;1741099916432
200;1741099919867
200;1741099921461
200;1741099926422
200;1741099930051
200;1741099931426
200;1741099931691
200;1741099936422
200;1741099936831
200;1741099941470
200;1741099942413
200;1741099946432
200;1741099951441
200;1741099956424
200;1741099959106
200;1741099971437
200;1741099971512
200;1741099976427
200;1741099981434
200;1741099986424
200;1741099990922
200;1741099991427
200;1741099996434
200;1741099998175
200;1741100001461
200;1741100006424
200;1741100006625
200;1741100011430
200;1741100011550
200;1741100016420
200;1741100019373
200;1741100020060
200;1741100021424
200;1741100021511
200;1741100021676
200;1741100025197
200;1741100026427
200;1741100031421
200;1741100036426
200;1741100039334
200;1741100041432
200;1741100046421
200;1741100051422
200;1741100054923
200;1741100056433
200;1741100059643
200;1741100061419
200;1741100062490
200;1741100066421
200;1741100067987
200;1741100071201
200;1741100071430
200;1741100076433
200;1741100076475
200;1741100081425
200;1741100082523
200;1741100084522
200;1741100086431
200;1741100087017
200;1741100089369
200;1741100091768
100;1741100100688
200;1741100101442
200;1741100101504
200;1741100105825
200;1741100106428
200;1741100106538
200;1741100111479
100;1741100114132
100;1741100116992
200;1741100121470
200;1741100121999
200;1741100122368
100;1741100129289
200;1741100131533
200;1741100131583
200;1741100131609
200;1741100136424
200;1741100136773
200;1741100141431
200;1741100144257
200;1741100146438
200;1741100151422
200;1741100156430
200;1741100156472
200;1741100159384
200;1741100161464
200;1741100161568
200;1741100164371
200;1741100164623
200;1741100166420
200;1741100167521
200;1741100167792
200;1741100171628
200;1741100181435
200;1741100181483
200;1741100183747
200;1741100186428
200;1741100187943
200;1741100189943
200;1741100191332
200;1741100191431
200;1741100194481
200;1741100206444
100;1741100208552
200;1741100216526
200;1741100216584
200;1741100217237
200;1741100221428
200;1741100226440
200;1741100231427
200;1741100231465
200;1741100234112
200;1741100236430
200;1741100241424
200;1741100243962
200;1741100246424
200;1741100251429
200;1741100254081
200;1741100256002
200;1741100256421
200;1741100257269
200;1741100261426
200;1741100261469
200;1741100266459
200;1741100266958
200;1741100267230
200;1741100271421
200;1741100271530
200;1741100276425
200;1741100281430
100;1741100291068
200;1741100306455
200;1741100306515
200;1741100306563
200;1741100321448
200;1741100321530
200;1741100326432
200;1741100329386
200;1741100329418
200;1741100331423
200;1741100336428
200;1741100341430
200;1741100346424
200;1741100351425
200;1741100356429
200;1741100371441
200;1741100371520
200;1741100376433
200;1741100381435
200;1741100386427
200;1741100391432
200;1741100393108
200;1741100396435
200;1741100400342
200;1741100401416
200;1741100406429
200;1741100411428
200;1741100415199
200;1741100416428
200;1741100417129
200;1741100421431
200;1741100426466
200;1741100431430
200;1741100446444
200;1741100446494
200;1741100451418
200;1741100456434
200;1741100461423
200;1741100466429
200;1741100471418
200;1741100476441
200;1741100481429
200;1741100486421
200;1741100491422
200;1741100496429
200;1741100496697
200;1741100501421
200;1741100506427
200;1741100509813
200;1741100511434
200;1741100514134
200;1741100514569
200;1741100516460
200;1741100516543
200;1741100516640
200;1741100521423
200;1741100526426
200;1741100531429
200;1741100536418
200;1741100541422
200;1741100546426
200;1741100551430
200;1741100554580
200;1741100556422
200;1741100556803
200;1741100557888
200;1741100561427
200;1741100566418
200;1741100571466
200;1741100576424
200;1741100581460
200;1741100586425
200;1741100591431
200;1741100595912
200;1741100596420
200;1741100601424
200;1741100606435
200;1741100611465
200;1741100616425
200;1741100621420
200;1741100624710
200;1741100625564
200;1741100626427
200;1741100626824
200;1741100626857
200;1741100631432
200;1741100636420
200;1741100641425
200;1741100646428
200;1741100651431
100;1741100664512
200;1741100666430
200;1741100666511
200;1741100671422
200;1741100671658
200;1741100686435
200;1741100686483
200;1741100691426
200;1741100694301
100;1741100707588
200;1741100716450
200;1741100716506
200;1741100716585
200;1741100721429
200;1741100722092
200;1741100726432
200;1741100731421
200;1741100732088
200;1741100736426
200;1741100736634
200;1741100741433
200;1741100742691
200;1741100744980
200;1741100746420
200;1741100751964
200;1741100752204
100;1741100757225
200;1741100761429
200;1741100761508
200;1741100766434
200;1741100781436
200;1741100781486
200;1741100786425
200;1741100791431
200;1741100796420
200;1741100801438
200;1741100805212
200;1741100806425
200;1741100806899
200;1741100811458
200;1741100815812
200;1741100816422
200;1741100818146
200;1741100821427
200;1741100826450
200;1741100828354
200;1741100831423
200;1741100836469
200;1741100839634
200;1741100840393
200;1741100841430
200;1741100844838
200;1741100846422
200;1741100850435
200;1741100851121
200;1741100851427
200;1741100851840
200;1741100856428
200;1741100857335
200;1741100859593
200;1741100861432
200;1741100864804
200;1741100866424
200;1741100868955
200;1741100871430
200;1741100872837
200;1741100876420
200;1741100876943
200;1741100881422
200;1741100885820
200;1741100886427
200;1741100891429
200;1741100896437
200;1741100901425
200;1741100904280
200;1741100906427
200;1741100911436
200;1741100916464
200;1741100920002
200;1741100920866
200;1741100921425
200;1741100921538
200;1741100924383
200;1741100924446
200;1741100926431
200;1741100928888
200;1741100929962
200;1741100931431
200;1741100936443
200;1741100941425
200;1741100946432
200;1741100949026
200;1741100951437
200;1741100956422
200;1741100959698
200;1741100961470
200;1741100965424
200;1741100966432
200;1741100971422
200;1741100976426
200;1741100981435
200;1741100986423
200;1741100991424
200;1741100995181
200;1741100996428
200;1741101001467
200;1741101006429
200;1741101011423
200;1741101011767
200;1741101016425
200;1741101021431
200;1741101025543
200;1741101026420
100;1741101033979
200;1741101041435
200;1741101041514
200;1741101041524
200;1741101046427
200;1741101049079
200;1741101051429
200;1741101056420
200;1741101056881
200;1741101061426
200;1741101066468
200;1741101071435
200;1741101076422
200;1741101081427
200;1741101086435
200;1741101091421
200;1741101096428
200;1741101101431
200;1741101106462
200;1741101111428
200;1741101116443
200;1741101121421
200;1741101136435
200;1741101136484
200;1741101138739
200;1741101141428
200;1741101142723
200;1741101146434
200;1741101146638
200;1741101148638
200;1741101151422
200;1741101154105
200;1741101156428
200;1741101156774
200;1741101161420
200;1741101166426
200;1741101169540
200;1741101171169
200;1741101171426
200;1741101175452
200;1741101176428
200;1741101176696
200;1741101181422
200;1741101183780
200;1741101186429
200;1741101187704
200;1741101192482
200;1741101192525
200;1741101201437
200;1741101201485
200;1741101206429
200;1741101211420
200;1741101216424
200;1741101221428
200;1741101224335
200;1741101226420
200;1741101229264
200;1741101231465
200;1741101232300
200;1741101236431
200;1741101241434
200;1741101241493
200;1741101241854
200;1741101246424
200;1741101246607
200;1741101251431
200;1741101256419
200;1741101258686
200;1741101261426
200;1741101264492
200;1741101266429
200;1741101266617
200;1741101270099
200;1741101271178
200;1741101271436
200;1741101271483
200;1741101274117
200;1741101276423
200;1741101280450
200;1741101281425
200;1741101281527
200;1741101283944
200;1741101286433
200;1741101286795
200;1741101286827
200;1741101291460
200;1741101291720
200;1741101292167
200;1741101296467
200;1741101301429
200;1741101316448
200;1741101316490
200;1741101321430
200;1741101321523
200;1741101323781
200;1741101326511
100;1741101332432
200;1741101336433
200;1741101341426
200;1741101341917
200;1741101346433
200;1741101351432
100;1741101354896
100;1741101356209
200;1741101356421
100;1741101358587
200;1741101361425
200;1741101361505
200;1741101366430
200;1741101371421
200;1741101371709
200;1741101372041
200;1741101376427
200;1741101381428
200;1741101381792
200;1741101386431
200;1741101391420
200;1741101396425
200;1741101401429
200;1741101403014
100;1741101404913
200;1741101406430
200;1741101411466
200;1741101411932
100;1741101415757
200;1741101416430
100;1741101419987
200;1741101421460
200;1741101426424
100;1741101429796
100;1741101430468
200;1741101431430
200;1741101436421
200;1741101439135
200;1741101441424
200;1741101441577
200;1741101441851
200;1741101446428
200;1741101451433
100;1741101454548
200;1741101456420
200;1741101456861
200;1741101461423
200;1741101466431
200;1741101471446
200;1741101476423
100;1741101480066
200;1741101481433
200;1741101486434
200;1741101491422
200;1741101496425
200;1741101501429
100;1741101511739
100;1741101513897
200;1741101516466
200;1741101521430
200;1741101536444
200;1741101536533
200;1741101541429
200;1741101554617
200;1741101556468
200;1741101556524
200;1741101561432
200;1741101564405
200;1741101566440
200;1741101571428
200;1741101576429
200;1741101581419
200;1741101586462
200;1741101591470
200;1741101596431
200;1741101601420
200;1741101606423
200;1741101611426
100;1741101611999
100;1741101612269
200;1741101616432
100;1741101619449
100;1741101623037
100;1741101624282
200;1741101629147
200;1741101631433
200;1741101632484
200;1741101641534
200;1741101641593
100;1741101643202
200;1741101646420
200;1741101651422
200;1741101656429
200;1741101656682
100;1741101657978
200;1741101661432
200;1741101666421
200;1741101666485
200;1741101671423
200;1741101676433
200;1741101681431
200;1741101686423
200;1741101691431
200;1741101696430
100;1741101699708
200;1741101701423
200;1741101706444
200;1741101706965
200;1741101707607
200;1741101711430
100;1741101719130
100;1741101720408
100;1741101725861
200;1741101726437
200;1741101736537
200;1741101736622
200;1741101741423
200;1741101756467
200;1741101758701
200;1741101761430
200;1741101766439
200;1741101771424
200;1741101776423
200;1741101781428
200;1741101786434
200;1741101791425
200;1741101796428
200;1741101801433
200;1741101806438
200;1741101811442
200;1741101816430
200;1741101821419
200;1741101826426
200;1741101831427
200;1741101834462
200;1741101834495
200;1741101836430
200;1741101841462
100;1741101844618
200;1741101846430
200;1741101851434
200;1741101856422
200;1741101861428
200;1741101866433
200;1741101871465
200;1741101876425
200;1741101881431
200;1741101882660
200;1741101886436
200;1741101891461
200;1741101892922
200;1741101893017
200;1741101896431
200;1741101897101
200;1741101897194
200;1741101901431
100;1741101904384
100;1741101904400
200;1741101906420
200;1741101911428
200;1741101916441
200;1741101916520
200;1741101916698
200;1741101921422
100;1741101924394
200;1741101926426
200;1741101926520
100;1741101931060
200;1741101931429
200;1741101936421
200;1741101938736
100;1741101939386
200;1741101941425
200;1741101941629
200;1741101941660
100;1741101946522
100;1741101951495
100;1741101951720
200;1741101956443
200;1741101956523
200;1741101957510
200;1741101957542
200;1741101961434
200;1741101961683
200;1741101966474
200;1741101966513
200;1741101969346
200;1741101971427
200;1741101971535
200;1741101976432
200;1741101976988
200;1741101977020
200;1741101981419
200;1741101982408
200;1741101983796
200;1741101986461
200;1741101986538
200;1741101989394
200;1741101991423
200;1741101991514
200;1741101991582
200;1741101996432
200;1741101996503
200;1741102001419
200;1741102002162
200;1741102002182
100;1741102006964
100;1741102006997
100;1741102012242
200;1741102016435
200;1741102016483
200;1741102021420
200;1741102023950
200;1741102026429
200;1741102031417
200;1741102034758
200;1741102036427
200;1741102036597
200;1741102040294
100;1741102041520
100;1741102041587
100;1741102047039
200;1741102051440
200;1741102051489
200;1741102056430
200;1741102061438
200;1741102066429
200;1741102070583
200;1741102071431
200;1741102071574
200;1741102076417
200;1741102079440
200;1741102079472
200;1741102081422
200;1741102081611
200;1741102086430
200;1741102091461
200;1741102096424
200;1741102101430
200;1741102106422
200;1741102111430
200;1741102112498
200;1741102116447
200;1741102116867
200;1741102118067
200;1741102121465
200;1741102121577
200;1741102123892
200;1741102126426
200;1741102127845
200;1741102129412
200;1741102131431
200;1741102131651
200;1741102131933
200;1741102136421
200;1741102136583
200;1741102141784
200;1741102151433
200;1741102151483
200;1741102151516
200;1741102153465
200;1741102156426
200;1741102156821
200;1741102161430
200;1741102161683
200;1741102166466
200;1741102168644
200;1741102170146
200;1741102171428
200;1741102176431
200;1741102181424
200;1741102196440
200;1741102196485
200;1741102201429
200;1741102201921
200;1741102206428
200;1741102211425
200;1741102211771
200;1741102212736
200;1741102216431
200;1741102221423
200;1741102226427
200;1741102229879
200;1741102231430
200;1741102232099
200;1741102236462
200;1741102236556
200;1741102241424
200;1741102246431
200;1741102250588
200;1741102251422
200;1741102252676
200;1741102254586
200;1741102256428
200;1741102261425
200;1741102262849
200;1741102266420
200;1741102266798
200;1741102271465
200;1741102276429
200;1741102279935
200;1741102281435
200;1741102285336
200;1741102286429
200;1741102291434
200;1741102296478
100;1741102309470
200;1741102311442
200;1741102311501
200;1741102316431
200;1741102318325
200;1741102318966
200;1741102321432
200;1741102325108
200;1741102326425
200;1741102327214
200;1741102331430
200;1741102332978
200;1741102336417
200;1741102341424
200;1741102346429
200;1741102349832
200;1741102351433
200;1741102351838
200;1741102366437
200;1741102366486
200;1741102381434
200;1741102381480
200;1741102386422
200;1741102386586
200;1741102391427
200;1741102391583
200;1741102396432
200;1741102396605
200;1741102401423
100;1741102414197
200;1741102416420
100;1741102418397
200;1741102421427
200;1741102426429
200;1741102431434
200;1741102436422
200;1741102441431
200;1741102446437
100;1741102450078
200;1741102451425
200;1741102456428
200;1741102461432
200;1741102462006
100;1741102464790
200;1741102466427
100;1741102469476
200;1741102471430
200;1741102473850
200;1741102473863
200;1741102476437
200;1741102481427
100;1741102485485
100;1741102485662
200;1741102486429
200;1741102491439
200;1741102496425
200;1741102501432
200;1741102506426
200;1741102508996
200;1741102511429
200;1741102512095
200;1741102516428
200;1741102521465
200;1741102526423
200;1741102531432
200;1741102536438
100;1741102539777
100;1741102539811
200;1741102541426
200;1741102541666
100;1741102545356
200;1741102546451
200;1741102551459
200;1741102556467
100;1741102559796
200;1741102561422
200;1741102564478
200;1741102566432
200;1741102568443
200;1741102568487
200;1741102571421
200;1741102574301
200;1741102576429
200;1741102578592
200;1741102581432
100;1741102586133
200;1741102586423
200;1741102589395
200;1741102591429
200;1741102591500
200;1741102596431
200;1741102601424
200;1741102602553
200;1741102602857
200;1741102604938
200;1741102606428
200;1741102611433
200;1741102616437
100;1741102620958
200;1741102621425
200;1741102626433
200;1741102631420
200;1741102636426
200;1741102641432
200;1741102644092
200;1741102646433
200;1741102647118
200;1741102649485
200;1741102651423
100;1741102655939
200;1741102656426
200;1741102661420
200;1741102661525
200;1741102664035
200;1741102666423
200;1741102671426
200;1741102671615
200;1741102676431
100;1741102680827
200;1741102681421
200;1741102681670
200;1741102681784
200;1741102686425
200;1741102689478
200;1741102691429
200;1741102694496
200;1741102696432
100;1741102709149
200;1741102711432
200;1741102711484
200;1741102711972
200;1741102713384
200;1741102716424
200;1741102717374
200;1741102718695
200;1741102721431
200;1741102724211
200;1741102724307
200;1741102726421
200;1741102729084
200;1741102729265
200;1741102731427
200;1741102731757
200;1741102733793
200;1741102736430
200;1741102741461
200;1741102744422
200;1741102746422
200;1741102751427
200;1741102756473
200;1741102756618
200;1741102761436
100;1741102770362
100;1741102773552
200;1741102776431
200;1741102781427
100;1741102782381
100;1741102784654
200;1741102786429
200;1741102791429
200;1741102796419
100;1741102797426
100;1741102801230
200;1741102801424
100;1741102804784
200;1741102806428
100;1741102811170
200;1741102811421
200;1741102811801
200;1741102816423
200;1741102821433
100;1741102825319
100;1741102825831
200;1741102826461
200;1741102831429
200;1741102831581
200;1741102831615
200;1741102836434
200;1741102841423
200;1741102841467
100;1741102845767
200;1741102846430
200;1741102851419
200;1741102851673
200;1741102851703
200;1741102856468
200;1741102857796
100;1741102870665
200;1741102871438
200;1741102871500
100;1741102873867
200;1741102876428
100;1741102879142
200;1741102881427
200;1741102886434
100;1741102889223
200;1741102891447
200;1741102892200
200;1741102896429
200;1741102896507
100;1741102901536
100;1741102901699
100;1741102906622
200;1741102911438
200;1741102911517
200;1741102911582
200;1741102916428
200;1741102918882
200;1741102921460
100;1741102924424
200;1741102926426
200;1741102931418
200;1741102932723
100;1741102934895
200;1741102936423
100;1741102939649
200;1741102941427
200;1741102941494
200;1741102946416
200;1741102951462
100;1741102955290
200;1741102956429
200;1741102961463
200;1741102966426
200;1741102966885
200;1741102966916
200;1741102971433
200;1741102971471
200;1741102973681
200;1741102976423
200;1741102976546
200;1741102976642
200;1741102981422
200;1741102986429
200;1741102991435
200;1741102996465
200;1741102996582
200;1741103001430
200;1741103001516
100;1741103005474
200;1741103006425
200;1741103006467
200;1741103008866
200;1741103011426
100;1741103016472
100;1741103025082
100;1741103026124
200;1741103026463
200;1741103026517
200;1741103028705
200;1741103031426
200;1741103031464
200;1741103036434
200;1741103036491
200;1741103038973
200;1741103041416
200;1741103044512
200;1741103046422
200;1741103047093
200;1741103051429
200;1741103055250
200;1741103056462
200;1741103057360
200;1741103058713
200;1741103061422
200;1741103061580
200;1741103062878
200;1741103066432
200;1741103067294
200;1741103071423
200;1741103074311
200;1741103076430
200;1741103080090
200;1741103081418
200;1741103082038
200;1741103086425
200;1741103088936
200;1741103089445
200;1741103091428
200;1741103091491
200;1741103096462
200;1741103096475
200;1741103101421
200;1741103106437
200;1741103108765
200;1741103111419
200;1741103116227
200;1741103116427
200;1741103121437
200;1741103123921
200;1741103126444
200;1741103128368
200;1741103129408
200;1741103131425
200;1741103131617
200;1741103131632
200;1741103136432
200;1741103140286
200;1741103141066
200;1741103141438
200;1741103146425
200;1741103146869
200;1741103147109
200;1741103151433
200;1741103154513
200;1741103156419
200;1741103161419
200;1741103166432
200;1741103171436
200;1741103176424
200;1741103180434
200;1741103181432
200;1741103186433
200;1741103191462
200;1741103196429
200;1741103201431
200;1741103201500
200;1741103204514
200;1741103206421
200;1741103206495
200;1741103211424
200;1741103211784
200;1741103216432
200;1741103221220
200;1741103221415
200;1741103226424
200;1741103227125
200;1741103231430
200;1741103235026
200;1741103236421
200;1741103241423
200;1741103241509
200;1741103246278
200;1741103246425
200;1741103271465
200;1741103271510
200;1741103271590
200;1741103272852
200;1741103276421
200;1741103280627
200;1741103281425
200;1741103281438
200;1741103286432
200;1741103291422
200;1741103296428
200;1741103301428
200;1741103301707
200;1741103306436
200;1741103311426
200;1741103312639
200;1741103316432
200;1741103321424
200;1741103326426
200;1741103331419
200;1741103332872
200;1741103336428
200;1741103351457
200;1741103351520
200;1741103356429
200;1741103361436
200;1741103363384
200;1741103366422
200;1741103367939
100;1741103375472
200;1741103381454
200;1741103381499
200;1741103386424
200;1741103391427
200;1741103396420
200;1741103401424
200;1741103406427
200;1741103411429
200;1741103416433
200;1741103421423
200;1741103421538
200;1741103426427
200;1741103431432
200;1741103436423
200;1741103440273
200;1741103441426
200;1741103456438
200;1741103456484
200;1741103461427
200;1741103466437
200;1741103466623
200;1741103469886
200;1741103471422
200;1741103476428
200;1741103481431
200;1741103486438
200;1741103491426
200;1741103496430
200;1741103499882
200;1741103501421
200;1741103503367
200;1741103506421
200;1741103511433
200;1741103511490
200;1741103516419
200;1741103521426
200;1741103524074
200;1741103526429
200;1741103527114
200;1741103531421
200;1741103536428
200;1741103551465
200;1741103551519
200;1741103551902
200;1741103556429
200;1741103561437
200;1741103566421
200;1741103568244
200;1741103569356
200;1741103571430
200;1741103576423
200;1741103580909
200;1741103581424
200;1741103586431
200;1741103589150
200;1741103591466
200;1741103594666
200;1741103596430
200;1741103601436
200;1741103604661
200;1741103606424
200;1741103621449
200;1741103621512
200;1741103626425
200;1741103631429
200;1741103636438
200;1741103641425
200;1741103645437
200;1741103646429
200;1741103651433
200;1741103656420
200;1741103661426
200;1741103662811
200;1741103666428
200;1741103669165
200;1741103671423
200;1741103671586
200;1741103676425
200;1741103681432
200;1741103684663
200;1741103686439
200;1741103691429
200;1741103696433
200;1741103701419
200;1741103716453
200;1741103716531
200;1741103721426
200;1741103726434
200;1741103731435
200;1741103736463
200;1741103741427
200;1741103746434
200;1741103747229
200;1741103751465
200;1741103751788
200;1741103756428
200;1741103759492
200;1741103761421
200;1741103763419
200;1741103766425
200;1741103766465
200;1741103766531
200;1741103771430
200;1741103773985
200;1741103776421
200;1741103777285
200;1741103778367
200;1741103781424
200;1741103784332
200;1741103786429
200;1741103791435
100;1741103803613
100;1741103806492
100;1741103809535
100;1741103811850
200;1741103816459
200;1741103816541
200;1741103816583
200;1741103816595
200;1741103821432
200;1741103824723
200;1741103826420
200;1741103826831
200;1741103831425
200;1741103836428
200;1741103837290
200;1741103839371
200;1741103841434
200;1741103843695
200;1741103846423
200;1741103847475
200;1741103851429
200;1741103856433
200;1741103856943
200;1741103856968
200;1741103861454
200;1741103864233
200;1741103866424
200;1741103871429
200;1741103873491
200;1741103876577
100;1741103878898
200;1741103886430
200;1741103886480
200;1741103890938
200;1741103891421
200;1741103896425
200;1741103897299
200;1741103901427
200;1741103906448
200;1741103906605
200;1741103911421
200;1741103916424
200;1741103921433
200;1741103926420
200;1741103931425
200;1741103936430
200;1741103941431
200;1741103946462
200;1741103951425
200;1741103956430
200;1741103971429
200;1741103971475
200;1741103976433
200;1741103991429
200;1741103991502
200;1741103996422
200;1741104001419
200;1741104002931
200;1741104006429
200;1741104007048
200;1741104009689
200;1741104011431
200;1741104014438
200;1741104016066
200;1741104016425
200;1741104016610
200;1741104019253
200;1741104021428
200;1741104021540
200;1741104026420
200;1741104030097
200;1741104031424
200;1741104036430
200;1741104041432
200;1741104041879
200;1741104046426
200;1741104051430
200;1741104056432
200;1741104061463
200;1741104066440
200;1741104071431
200;1741104076423
200;1741104081183
200;1741104081424
200;1741104087695
200;1741104091421
200;1741104091490
200;1741104095226
200;1741104096424
200;1741104100359
200;1741104101417
200;1741104104294
200;1741104104950
200;1741104106467
200;1741104108813
200;1741104111428
200;1741104111568
200;1741104116337
200;1741104116461
200;1741104116687
200;1741104121424
200;1741104122875
200;1741104123691
200;1741104126433
200;1741104126779
200;1741104127355
200;1741104131046
200;1741104131431
200;1741104136468
200;1741104141429
200;1741104144081
200;1741104146432
200;1741104149870
200;1741104151423
200;1741104151738
200;1741104151914
200;1741104152218
200;1741104156430
200;1741104156480
200;1741104161418
200;1741104166428
200;1741104166838
200;1741104171429
200;1741104171586
200;1741104176463
200;1741104180351
200;1741104181458
200;1741104186430
200;1741104191424
200;1741104195683
200;1741104196426
200;1741104196598
200;1741104196681
200;1741104201433
200;1741104201555
200;1741104206425
200;1741104206706
200;1741104206738
200;1741104209572
200;1741104211427
200;1741104212176
200;1741104216417
200;1741104216702
200;1741104221422
200;1741104221961
200;1741104226425
200;1741104231461
200;1741104233889
200;1741104236425
200;1741104241432
200;1741104246420
200;1741104251425
200;1741104252108
200;1741104256432
200;1741104259039
200;1741104259115
200;1741104261462
200;1741104262341
200;1741104266424
200;1741104271431
200;1741104275681
200;1741104276418
200;1741104280399
200;1741104281222
200;1741104281424
200;1741104283869
200;1741104286426
200;1741104288897
200;1741104291431
200;1741104291650
200;1741104296423
200;1741104299583
200;1741104301425
200;1741104306428
200;1741104306727
200;1741104308614
200;1741104311415
200;1741104314646
200;1741104316465
200;1741104316724
200;1741104321433
200;1741104322578
200;1741104326422
200;1741104328901
200;1741104331424
200;1741104331529
200;1741104336427
200;1741104336638
200;1741104341433
200;1741104346464
200;1741104351427
200;1741104356432
200;1741104356686
200;1741104360590
200;1741104361422
200;1741104361471
200;1741104366429
200;1741104366479
200;1741104371429
200;1741104372304
200;1741104374083
200;1741104376436
200;1741104376556
200;1741104381429
200;1741104381567
200;1741104381708
200;1741104386431
200;1741104386482
200;1741104389383
200;1741104391421
200;1741104391787
200;1741104394281
200;1741104396422
200;1741104396533
200;1741104396565
200;1741104401428
200;1741104402305
200;1741104406422
200;1741104406801
200;1741104407520
200;1741104411424
200;1741104411479
200;1741104413916
200;1741104416432
200;1741104416774
200;1741104419417
200;1741104421437
200;1741104421821
200;1741104422053
200;1741104426422
200;1741104426599
200;1741104427220
200;1741104431606
100;1741104436525
100;1741104441066
200;1741104441438
200;1741104441518
200;1741104443947
200;1741104446430
200;1741104449685
200;1741104451432
200;1741104451770
200;1741104456420
200;1741104456462
200;1741104460032
200;1741104461623
100;1741104468840
200;1741104471437
200;1741104471496
200;1741104474221
200;1741104475271
200;1741104476429
200;1741104476998
200;1741104480007
200;1741104481429
200;1741104481613
200;1741104481633
200;1741104486426
200;1741104487056
200;1741104491426
200;1741104491638
200;1741104491868
200;1741104498060
100;1741104502555
200;1741104506474
200;1741104506522
200;1741104510518
200;1741104511429
200;1741104516242
200;1741104516457
200;1741104516642
200;1741104517331
200;1741104521423
200;1741104525230
200;1741104526428
200;1741104527242
200;1741104529049
200;1741104531423
200;1741104536429
200;1741104540870
200;1741104541435
200;1741104543672
200;1741104546462
200;1741104546488
200;1741104551425
200;1741104556432
200;1741104561420
200;1741104576435
200;1741104581426
200;1741104586427
200;1741104587048
200;1741104591431
200;1741104591581
200;1741104596461
200;1741104596782
200;1741104601466
200;1741104601545
200;1741104606426
200;1741104611435
200;1741104612113
200;1741104616438
200;1741104621424
200;1741104626428
100;1741104629289
200;1741104631421
200;1741104636423
100;1741104641520
200;1741104651438
200;1741104651494
200;1741104656427
200;1741104661416
100;1741104664548
100;1741104665953
200;1741104666420
200;1741104671430
200;1741104676430
200;1741104681441
200;1741104686471
200;1741104688679
200;1741104691432
200;1741104691602
200;1741104696461
200;1741104701426
200;1741104706432
200;1741104706843
200;1741104711419
200;1741104716425
200;1741104721428
200;1741104726425
200;1741104731422
200;1741104736428
200;1741104738567
200;1741104739046
200;1741104741430
200;1741104741890
100;1741104751880
200;1741104756428
200;1741104756535
200;1741104756732
200;1741104761421
200;1741104766440
200;1741104766926
200;1741104766941
200;1741104771428
200;1741104776457
200;1741104781423
200;1741104786430
200;1741104791421
200;1741104796429
200;1741104801429
200;1741104806435
200;1741104809503
200;1741104809535
200;1741104811428
200;1741104816433
200;1741104821441
200;1741104824607
200;1741104824827
200;1741104826427
200;1741104830042
200;1741104830168
200;1741104831432
200;1741104836421
100;1741104837922
100;1741104837979
200;1741104841429
200;1741104846435
200;1741104851443
200;1741104856424
200;1741104856515
200;1741104856640
200;1741104861428
200;1741104861706
100;1741104863983
200;1741104866421
100;1741104867826
200;1741104871454
200;1741104876431
200;1741104881461
200;1741104886465
200;1741104891427
200;1741104896433
200;1741104901422
100;1741104904072
200;1741104906442
100;1741104908953
200;1741104911430
100;1741104916320
200;1741104916417
200;1741104921428
200;1741104926429
200;1741104931460
200;1741104946437
200;1741104949855
200;1741104952651
200;1741104956523
200;1741104956568
200;1741104961430
200;1741104962514
200;1741104966464
200;1741104968966
200;1741104971428
200;1741104976433
200;1741104981432
100;1741104985303
200;1741104986418
200;1741104991423
200;1741104993084
200;1741104996429
100;1741105001061
200;1741105001431
100;1741105005076
200;1741105006459
200;1741105011425
200;1741105016429
200;1741105021422
200;1741105026424
200;1741105031430
200;1741105036461
200;1741105051441
200;1741105051488
200;1741105056426
100;1741105061523
100;1741105066688
200;1741105071439
200;1741105071491
200;1741105076429
200;1741105081466
200;1741105086429
200;1741105091431
200;1741105096425
200;1741105099202
200;1741105101433
200;1741105103435
200;1741105106420
200;1741105107360
200;1741105107392
200;1741105111439
200;1741105111658
200;1741105114777
200;1741105116427
200;1741105116521
200;1741105119641
200;1741105121433
200;1741105126424
200;1741105129563
200;1741105131426
200;1741105136429
200;1741105141433
200;1741105146427
200;1741105150662
200;1741105151428
200;1741105156421
200;1741105161425
200;1741105165890
200;1741105166889
200;1741105176427
200;1741105181436
200;1741105186436
200;1741105191427
200;1741105191588
200;1741105191678
200;1741105196435
200;1741105201420
200;1741105206433
200;1741105211434
200;1741105216464
100;1741105221114
200;1741105221470
100;1741105224372
200;1741105226436
200;1741105231471
200;1741105236431
100;1741105241014
200;1741105241433
200;1741105246426
200;1741105251425
200;1741105256428
200;1741105257256
200;1741105261431
200;1741105263447
200;1741105266424
200;1741105271428
200;1741105276431
200;1741105276555
200;1741105281467
100;1741105285449
200;1741105286429
200;1741105291433
200;1741105296435
200;1741105296894
200;1741105301470
200;1741105306431
100;1741105309589
200;1741105311431
200;1741105314452
200;1741105316419
200;1741105321424
200;1741105326431
200;1741105326505
200;1741105331433
200;1741105336425
200;1741105336484
200;1741105341429
200;1741105346421
200;1741105351427
200;1741105354413
100;1741105354989
200;1741105356426
200;1741105357109
200;1741105361431
100;1741105366036
200;1741105366444
200;1741105371431
200;1741105372575
200;1741105376436
200;1741105376495
200;1741105381422
200;1741105381575
200;1741105386428
200;1741105390245
200;1741105391434
200;1741105391479
200;1741105394533
200;1741105396462
200;1741105401426
200;1741105406432
200;1741105410410
200;1741105411436
200;1741105416450
200;1741105418976
200;1741105419455
200;1741105421427
200;1741105422639
200;1741105426433
200;1741105426548
200;1741105426923
200;1741105431421
200;1741105431474
200;1741105433905
200;1741105436427
200;1741105437206
200;1741105441431
200;1741105443205
200;1741105443550
200;1741105446441
200;1741105446836
200;1741105451424
200;1741105456429
200;1741105461423
200;1741105467349
200;1741105469657
200;1741105471437
200;1741105474759
200;1741105475920
200;1741105476420
200;1741105479375
200;1741105479570
200;1741105481425
200;1741105481466
200;1741105486428
200;1741105487498
200;1741105491435
200;1741105491507
200;1741105496423
200;1741105496627
100;1741105501339
200;1741105501426
200;1741105506432
200;1741105511440
200;1741105516424
200;1741105521429
200;1741105526434
200;1741105531421
200;1741105531690
200;1741105536430
200;1741105541450
200;1741105546422
200;1741105551427
200;1741105554303
200;1741105556432
200;1741105557307
200;1741105559498
200;1741105561434
200;1741105566288
200;1741105566423
200;1741105571425
200;1741105571574
200;1741105574300
200;1741105576426
200;1741105581436
200;1741105584098
200;1741105584197
200;1741105586466
200;1741105589075
200;1741105591429
200;1741105594321
200;1741105596432
200;1741105601425
200;1741105606039
200;1741105616482
200;1741105616531
200;1741105617922
200;1741105621425
200;1741105624180
200;1741105626431
200;1741105630171
200;1741105631433
200;1741105634917
200;1741105636435
200;1741105639600
200;1741105641427
200;1741105642192
200;1741105642379
200;1741105646435
200;1741105648939
200;1741105651423
200;1741105656427
200;1741105661430
200;1741105666434
200;1741105671469
200;1741105676426
200;1741105680502
200;1741105681425
200;1741105684427
200;1741105686434
200;1741105686779
200;1741105687259
200;1741105701438
200;1741105701498
200;1741105706425
200;1741105706671
100;1741105716943
100;1741105719870
200;1741105721455
200;1741105721502
200;1741105721654
200;1741105724762
200;1741105726430
200;1741105731434
200;1741105736422
200;1741105741429
200;1741105741569
200;1741105743970
200;1741105746437
200;1741105751462
200;1741105752329
200;1741105755495
200;1741105756429
200;1741105757430
200;1741105761430
200;1741105761473
200;1741105766421
200;1741105767776
200;1741105771426
200;1741105775055
200;1741105776432
200;1741105781434
200;1741105786426
200;1741105791091
200;1741105791430
200;1741105796420
200;1741105801429
200;1741105816442
200;1741105816489
200;1741105821431
200;1741105826462
200;1741105831429
200;1741105836436
200;1741105841425
200;1741105846433
200;1741105861441
200;1741105871510
200;1741105871565
200;1741105874237
200;1741105876421
200;1741105881447
200;1741105885791
200;1741105886433
200;1741105888334
200;1741105891439
200;1741105896427
200;1741105899154
200;1741105901430
200;1741105906425
200;1741105908030
200;1741105921437
200;1741105921488
200;1741105926429
200;1741105926569
200;1741105926808
200;1741105931437
200;1741105931488
200;1741105936421
200;1741105936466
200;1741105941429
200;1741105941603
200;1741105946421
200;1741105951444
200;1741105956427
200;1741105961437
200;1741105966424
200;1741105971428
200;1741105976432
200;1741105981439
200;1741105984915
200;1741105986427
200;1741105987270
200;1741105991429
200;1741105996460
200;1741106006443
200;1741106006492
200;1741106011433
200;1741106015234
200;1741106016500
200;1741106026478
200;1741106026528
200;1741106031423
200;1741106036458
200;1741106041427
200;1741106046433
200;1741106046606
200;1741106051425
200;1741106051562
200;1741106056430
200;1741106061434
200;1741106065189
200;1741106066441
200;1741106066565
200;1741106071425
200;1741106074113
200;1741106076431
200;1741106081422
200;1741106086429
200;1741106091430
200;1741106096421
200;1741106097323
200;1741106101424
200;1741106104910
200;1741106106434
200;1741106107436
200;1741106108163
200;1741106111418
200;1741106115723
200;1741106116423
200;1741106119747
200;1741106121463
200;1741106121488
200;1741106126417
200;1741106131421
200;1741106136427
200;1741106141429
200;1741106146425
200;1741106151425
200;1741106156431
200;1741106157238
200;1741106157706
200;1741106161432
200;1741106161751
200;1741106166423
200;1741106171429
200;1741106176419
200;1741106181426
200;1741106186432
200;1741106191424
200;1741106196430
200;1741106201431
200;1741106206460
200;1741106211429
200;1741106216435
200;1741106219915
200;1741106221425
200;1741106226426
200;1741106231436
200;1741106236461
200;1741106241423
200;1741106241567
200;1741106246435
200;1741106251423
200;1741106254076
200;1741106256156
200;1741106256427
200;1741106261437
200;1741106264385
200;1741106266466
200;1741106271432
200;1741106271521
200;1741106271826
200;1741106276463
200;1741106276814
200;1741106278361
200;1741106281425
200;1741106281979
200;1741106282156
200;1741106286428
200;1741106286507
200;1741106289512
200;1741106291432
200;1741106291522
200;1741106294228
200;1741106296463
200;1741106296610
200;1741106299569
200;1741106301430
200;1741106306433
200;1741106310010
200;1741106311466
200;1741106315371
200;1741106316426
200;1741106317255
200;1741106319334
100;1741106325490
100;1741106327351
200;1741106331452
200;1741106331508
200;1741106333116
200;1741106335083
200;1741106336428
200;1741106336649
200;1741106339929
200;1741106341701
200;1741106341960
100;1741106346593
200;1741106351476
200;1741106351523
200;1741106351764
200;1741106352627
200;1741106356419
200;1741106357184
100;1741106363405
100;1741106364846
200;1741106371434
200;1741106372439
200;1741106372983
100;1741106377461
200;1741106381495
200;1741106381543
200;1741106386424
200;1741106389467
200;1741106391428
200;1741106396431
200;1741106399564
200;1741106401434
200;1741106406421
200;1741106411433
200;1741106414210
200;1741106416417
200;1741106416525
200;1741106421423
200;1741106421907
200;1741106424861
200;1741106426965
200;1741106427147
200;1741106436427
100;1741106439161
200;1741106441432
200;1741106446610
100;1741106448479
200;1741106451424
200;1741106456433
100;1741106460698
200;1741106461421
200;1741106466425
100;1741106469075
200;1741106471429
200;1741106476464
200;1741106481421
200;1741106486428
200;1741106491427
200;1741106496432
200;1741106501425
200;1741106506428
200;1741106511421
200;1741106516429
200;1741106531443
200;1741106531493
200;1741106536434
200;1741106541423
200;1741106546428
200;1741106551436
200;1741106556419
200;1741106571439
200;1741106571515
200;1741106576435
200;1741106581459
200;1741106582504
200;1741106586429
200;1741106591431
200;1741106593039
200;1741106596420
200;1741106601431
100;1741106605871
200;1741106606433
200;1741106611461
200;1741106616428
100;1741106620600
200;1741106621433
200;1741106624804
200;1741106626422
200;1741106627162
200;1741106631429
100;1741106637806
100;1741106639789
200;1741106646447
200;1741106646530
200;1741106647177
200;1741106647209
200;1741106651435
200;1741106653670
200;1741106653907
200;1741106656463
200;1741106659219
200;1741106661433
200;1741106664085
200;1741106666465
200;1741106666753
200;1741106670145
200;1741106671426
200;1741106671566
200;1741106676417
200;1741106681425
200;1741106683980
100;1741106687206
100;1741106687446
200;1741106690534
200;1741106696480
200;1741106696563
200;1741106701427
200;1741106706416
200;1741106711428
200;1741106716428
200;1741106731446
200;1741106731525
200;1741106732011
200;1741106736436
200;1741106737102
200;1741106739182
100;1741106741483
200;1741106744670
100;1741106746475
100;1741106746569
200;1741106751436
200;1741106751483
200;1741106756431
200;1741106759384
100;1741106765218
100;1741106767138
200;1741106771458
200;1741106771501
200;1741106776428
200;1741106781421
200;1741106784517
200;1741106786425
200;1741106789286
200;1741106791435
200;1741106794165
200;1741106796434
200;1741106801426
200;1741106803978
200;1741106804122
200;1741106804363
200;1741106806429
200;1741106806470
200;1741106806584
200;1741106811434
200;1741106816423
200;1741106821427
200;1741106836431
200;1741106836514
200;1741106841433
200;1741106846459
200;1741106851426
200;1741106856432
200;1741106859461
200;1741106861420
200;1741106866424
200;1741106871432
100;1741106882878
200;1741106886433
200;1741106886480
200;1741106891426
200;1741106896428
200;1741106901418
200;1741106904950
200;1741106906463
200;1741106911432
200;1741106916418
200;1741106921425
200;1741106921772
200;1741106926428
200;1741106931433
200;1741106933822
200;1741106936420
200;1741106941423
200;1741106946430
100;1741106956484
200;1741106961427
200;1741106961483
200;1741106966430
100;1741106974315
200;1741106981431
200;1741106981476
200;1741106985955
200;1741106986422
100;1741106997854
200;1741107001434
200;1741107001509
200;1741107004970
200;1741107006426
200;1741107006556
200;1741107007192
200;1741107011434
200;1741107011605
200;1741107015512
200;1741107016427
200;1741107021431
200;1741107026422
200;1741107029889
200;1741107031468
200;1741107041448
200;1741107041515
200;1741107046425
200;1741107051426
200;1741107056429
200;1741107061432
200;1741107066464
200;1741107071429
200;1741107076422
200;1741107081425
200;1741107086428
200;1741107088960
200;1741107091433
200;1741107096462
200;1741107101424
200;1741107104556
200;1741107106432
200;1741107108922
200;1741107110154
200;1741107111417
200;1741107111766
200;1741107116464
200;1741107121431
200;1741107126433
200;1741107131423
200;1741107136428
200;1741107141436
200;1741107143558
200;1741107146462
200;1741107147344
200;1741107161435
200;1741107161483
200;1741107166422
200;1741107171428
200;1741107176429
200;1741107181464
200;1741107186425
200;1741107189175
200;1741107191428
200;1741107196421
200;1741107199264
200;1741107201465
200;1741107206433
200;1741107211663
200;1741107216424
200;1741107221432
200;1741107226423
200;1741107231430
200;1741107234066
200;1741107236419
200;1741107241423
200;1741107244560
200;1741107246430
200;1741107250122
200;1741107251465
200;1741107256445
200;1741107261090
200;1741107261429
200;1741107268109
200;1741107276428
200;1741107281436
200;1741107286467
200;1741107291425
200;1741107296428
200;1741107301420
200;1741107306423
200;1741107311430
200;1741107316434
200;1741107321425
200;1741107321981
200;1741107326426
100;1741107329850
200;1741107331421
200;1741107336435
200;1741107341426
200;1741107346430
200;1741107351422
100;1741107354167
100;1741107355015
200;1741107356425
200;1741107361430
100;1741107365730
200;1741107366451
200;1741107371424
200;1741107376429
200;1741107381425
200;1741107386430
200;1741107391431
200;1741107396434
200;1741107411446
200;1741107411492
200;1741107412869
200;1741107412898
200;1741107416423
200;1741107416525
200;1741107421424
200;1741107421755
100;1741107426284
200;1741107426432
200;1741107426744
200;1741107431435
200;1741107436424
200;1741107436469
200;1741107441431
200;1741107446421
200;1741107446800
200;1741107451425
200;1741107456430
200;1741107461459
200;1741107466425
200;1741107469347
200;1741107471431
200;1741107486447
200;1741107486489
200;1741107491429
200;1741107496432
200;1741107497054
200;1741107501423
200;1741107504310
200;1741107506429
200;1741107506505
200;1741107511429
200;1741107516442
100;1741107520602
200;1741107521425
200;1741107526434
200;1741107531531
200;1741107532311
200;1741107536439
200;1741107541431
200;1741107544203
200;1741107546432
200;1741107551424
200;1741107551512
200;1741107552092
200;1741107556431
200;1741107558677
200;1741107561434
200;1741107562884
200;1741107566436
200;1741107571425
200;1741107573222
200;1741107576431
200;1741107581419
200;1741107581774
200;1741107586427
200;1741107587350
100;1741107597562
200;1741107601443
200;1741107601532
200;1741107606410
200;1741107611429
200;1741107616424
200;1741107631434
200;1741107631479
200;1741107636425
200;1741107639795
200;1741107641431
200;1741107646419
200;1741107646832
200;1741107647073
200;1741107651465
200;1741107656432
200;1741107658334
200;1741107661460
200;1741107666424
200;1741107671429
200;1741107676418
200;1741107681426
200;1741107686430
200;1741107691436
200;1741111911425
200;1741111916434
200;1741111921437
200;1741111926424
200;1741111931428
200;1741111936432
200;1741111941424
200;1741111946427
200;1741111951431
200;1741111953917
200;1741111956422
200;1741111958769
200;1741111961431
100;1741111971529
200;1741111976441
200;1741111976509
200;1741111981429
200;1741111985588
200;1741111986420
200;1741111991411
200;1741111992193
200;1741111996435
200;1741112001422
200;1741112005080
200;1741112006466
200;1741112006629
200;1741112011430
200;1741112014626
200;1741112016435
200;1741112021423
200;1741112021571
200;1741112021688
200;1741112025141
200;1741112026468
200;1741112026627
200;1741112026900
200;1741112031436
200;1741112031875
200;1741112036462
200;1741112036719
200;1741112039837
200;1741112041421
200;1741112041801
200;1741112042633
200;1741112044473
200;1741112046430
200;1741112049267
200;1741112051432
200;1741112054545
200;1741112054840
200;1741112056145
200;1741112056422
200;1741112059296
200;1741112059520
200;1741112061422
200;1741112061576
200;1741112066431
200;1741112066494
200;1741112069208
200;1741112071731
100;1741112078608
100;1741112079057
200;1741112081469
200;1741112082398
200;1741112082509
200;1741112084730
200;1741112087259
200;1741112091533
200;1741112091579
200;1741112092058
200;1741112092807
200;1741112094585
200;1741112096426
200;1741112096507
200;1741112096807
200;1741112101429
200;1741112106431
200;1741112111441
200;1741112116428
200;1741112119529
200;1741112122424
100;1741112126467
200;1741112131432
200;1741112131513
200;1741112136082
200;1741112136478
200;1741112140674
200;1741112141734
100;1741112149498
200;1741112151432
200;1741112151477
200;1741112156423
200;1741112161427
200;1741112176470
200;1741112176522
200;1741112181432
200;1741112186422
200;1741112191427
200;1741112196426
200;1741112201434
200;1741112206462
200;1741112206588
200;1741112211424
200;1741112216430
200;1741112221422
200;1741112221592
200;1741112225336
200;1741112226424
200;1741112229908
200;1741112231587
200;1741112251448
200;1741112251522
200;1741112251578
200;1741112256418
200;1741112261428
200;1741112266433
200;1741112266879
200;1741112271421
200;1741112271672
200;1741112276424
200;1741112278134
200;1741112278924
200;1741112281428
200;1741112286433
200;1741112291424
200;1741112296428
200;1741112301420
200;1741112301494
200;1741112306424
200;1741112306592
200;1741112307704
200;1741112311427
200;1741112311519
200;1741112316431
200;1741112316695
200;1741112321462
100;1741112326450
100;1741112329894
200;1741112331469
200;1741112331524
200;1741112336420
200;1741112336564
200;1741112341427
200;1741112343894
200;1741112346433
200;1741112351430
200;1741112356421
200;1741112371432
200;1741112371482
200;1741112376422
200;1741112378001
200;1741112381427
200;1741112386431
200;1741112386496
200;1741112389303
200;1741112391427
200;1741112395228
200;1741112396428
200;1741112398980
200;1741112400850
200;1741112401425
200;1741112406430
200;1741112409229
200;1741112411429
200;1741112412746
200;1741112416422
200;1741112416645
200;1741112417880
200;1741112421428
200;1741112423969
200;1741112424574
200;1741112426422
200;1741112429617
200;1741112431428
200;1741112431569
200;1741112431838
200;1741112436432
200;1741112436536
200;1741112436668
200;1741112441423
200;1741112456436
200;1741112456510
200;1741112461425
200;1741112466432
200;1741112469357
200;1741112471424
200;1741112476426
200;1741112481431
200;1741112486465
100;1741112496087
200;1741112501437
200;1741112501484
200;1741112506428
200;1741112510129
200;1741112511427
200;1741112516419
200;1741112521434
200;1741112526430
200;1741112531460
200;1741112536425
200;1741112541429
200;1741112546421
200;1741112551427
200;1741112556432
200;1741112561420
200;1741112566424
200;1741112571433
200;1741112576420
200;1741112579137
200;1741112581482
200;1741112584539
200;1741112584571
100;1741112594254
200;1741112596451
200;1741112596491
200;1741112596531
200;1741112601428
200;1741112601715
200;1741112601744
200;1741112606427
200;1741112608615
200;1741112608711
200;1741112611433
200;1741112616424
200;1741112621426
100;1741112629166
200;1741112636426
200;1741112636507
200;1741112641428
200;1741112646420
200;1741112651428
200;1741112666445
200;1741112666523
200;1741112671421
200;1741112676423
200;1741112681433
200;1741112686435
200;1741112691425
200;1741112694047
200;1741112696432
200;1741112701418
200;1741112701575
200;1741112704618
200;1741112706423
200;1741112711428
200;1741112716426
200;1741112721422
200;1741112724730
200;1741112726427
200;1741112741438
200;1741112751519
200;1741112751566
200;1741112754490
200;1741112754857
200;1741112756423
200;1741112761428
200;1741112766416
200;1741112768150
200;1741112768815
200;1741112771468
200;1741112771654
200;1741112776426
200;1741112781430
200;1741112786433
200;1741112790605
200;1741112790636
200;1741112791460
200;1741112796210
200;1741112796428
200;1741112801431
200;1741112804339
200;1741112806419
200;1741112806762
200;1741112811427
200;1741112811821
200;1741112814447
200;1741112816430
200;1741112816827
200;1741112817003
200;1741112821459
200;1741112821554
200;1741112826427
200;1741112831434
200;1741112831989
200;1741112835076
200;1741112837506
100;1741112845628
200;1741112846440
200;1741112846492
200;1741112851429
200;1741112856418
200;1741112861424
200;1741112866423
200;1741112871435
200;1741112871528
200;1741112872098
200;1741112876461
200;1741112876574
200;1741112881423
200;1741112882396
200;1741112886432
200;1741112891434
200;1741112896424
200;1741112901432
200;1741112906452
200;1741112908910
200;1741112911425
200;1741112916429
200;1741112921431
200;1741112926435
200;1741112931426
200;1741112936429
200;1741112941420
200;1741112946428
200;1741112951431
200;1741112956426
200;1741112971441
200;1741112971485
200;1741112976430
200;1741112981460
200;1741112986420
200;1741112986800
200;1741112991466
200;1741112993852
200;1741112996433
200;1741113001460
200;1741113006422
200;1741113011267
200;1741113011430
200;1741113016420
200;1741113016640
200;1741113016671
200;1741113021429
200;1741113024476
200;1741113026428
200;1741113026550
200;1741113031446
200;1741113036470
200;1741113041427
200;1741113044417
200;1741113046432
200;1741113051422
200;1741113054265
200;1741113054309
200;1741113056426
200;1741113059458
200;1741113061428
100;1741113069761
100;1741113069871
200;1741113076433
200;1741113076524
200;1741113078380
200;1741113078423
200;1741113081420
200;1741113082209
200;1741113086630
200;1741113086898
100;1741113091762
100;1741113091869
200;1741113096443
200;1741113097086
200;1741113101425
200;1741113106428
200;1741113111431
200;1741113116465
100;1741113119362
200;1741113121429
200;1741113122006
200;1741113126431
200;1741113126604
200;1741113127065
200;1741113131467
100;1741113135134
200;1741113136431
200;1741113136921
200;1741113141422
200;1741113141817
200;1741113146424
200;1741113147430
200;1741113151426
100;1741113154526
200;1741113156429
100;1741113159272
200;1741113161422
200;1741113166426
200;1741113167589
200;1741113171431
200;1741113176421
100;1741113185001
100;1741113186588
200;1741113191436
200;1741113191485
200;1741113191545
200;1741113196429
200;1741113201434
200;1741113203493
200;1741113203732
200;1741113206419
200;1741113206623
200;1741113206865
200;1741113211428
200;1741113216433
200;1741113221465
200;1741113223703
200;1741113224120
200;1741113226426
200;1741113226601
200;1741113231432
100;1741113234626
100;1741113234663
200;1741113236421
200;1741113241432
200;1741113241566
200;1741113241661
200;1741113246350
200;1741113246434
200;1741113251426
200;1741113252445
200;1741113252459
200;1741113256429
200;1741113258056
200;1741113258089
200;1741113261429
200;1741113266424
200;1741113269315
200;1741113269378
200;1741113271430
200;1741113276434
200;1741113281425
200;1741113281508
200;1741113281596
200;1741113286428
200;1741113286560
200;1741113289368
200;1741113291420
200;1741113291863
200;1741113291944
200;1741113296424
200;1741113301427
200;1741113304674
200;1741113304705
200;1741113306433
200;1741113311421
200;1741113312155
200;1741113312764
200;1741113326436
200;1741113326515
200;1741113331473
200;1741113336436
200;1741113341426
200;1741113346432
200;1741113351434
200;1741113356422
200;1741113361423
200;1741113366433
200;1741113371426
200;1741113376429
200;1741113381456
200;1741113386421
100;1741113391625
100;1741113391648
100;1741113396682
200;1741113401450
200;1741113401500
200;1741113402296
200;1741113406426
200;1741113411434
200;1741113411607
200;1741113411718
200;1741113416422
200;1741113421427
200;1741113426435
200;1741113431464
200;1741113431517
200;1741113434407
200;1741113436472
200;1741113436682
200;1741113436763
200;1741113441432
200;1741113443569
200;1741113446425
200;1741113449317
200;1741113451430
200;1741129656427
200;1741129661433
200;1741129666424
200;1741129671426
200;1741129686471
200;1741129686526
200;1741129691419
200;1741129696463
200;1741129698602
200;1741129701428
200;1741129706464
200;1741129711422
200;1741129716427
200;1741129719669
200;1741129721436
200;1741129721478
200;1741129726442
200;1741129726480
200;1741129731430
200;1741129731504
200;1741129734289
200;1741129736436
200;1741129741419
200;1741129746429
200;1741129751432
200;1741129756420
200;1741129761473
200;1741129766434
200;1741129771441
200;1741129776425
200;1741129781428
200;1741129786432
200;1741129791440
200;1741129796424
200;1741129811443
200;1741129811504
200;1741129812781
200;1741129815182
200;1741129816426
200;1741129818067
200;1741129818839
200;1741129821461
200;1741129821543
200;1741129826419
200;1741129831426
200;1741129836432
200;1741129841420
200;1741129846425
200;1741129851430
200;1741129876460
200;1741129876504
200;1741129876571
200;1741129881428
200;1741129886421
200;1741129891425
200;1741129896827
200;1741129896971
200;1741129906443
200;1741129906489
200;1741129911421
200;1741129916427
200;1741129921430
200;1741129926423
200;1741129931427
200;1741129936437
200;1741129941419
200;1741129946430
200;1741129951433
200;1741129956419
200;1741129961471
200;1741129966428
200;1741129971433
200;1741129975732
200;1741129976421
200;1741129978796
200;1741129979388
200;1741129981427
200;1741129986430
200;1741129991668
200;1741130001441
200;1741130001522
200;1741130006428
200;1741130021441
200;1741130021503
200;1741130026428
200;1741130031432
200;1741130034401
200;1741130036420
200;1741130041462
200;1741130046431
200;1741130051462
200;1741130056422
200;1741130061433
200;1741130065027
200;1741130066433
200;1741130071436
200;1741130076470
200;1741130081432
200;1741130086419
200;1741130089256
200;1741130091423
200;1741130106467
200;1741130116569
200;1741130116633
200;1741130121422
200;1741130123550
200;1741130123590
200;1741130126429
200;1741130129977
200;1741130131420
200;1741130135258
200;1741130135290
200;1741130136465
200;1741130136693
200;1741130142975
200;1741130143092
100;1741130149903
100;1741130151531
100;1741130159388
200;1741130161489
200;1741130161545
200;1741130161582
200;1741130161629
100;1741130174057
100;1741130174080
200;1741130176432
200;1741130176478
200;1741130181420
200;1741130186424
200;1741130191424
200;1741130196428
200;1741130201433
200;1741130206423
200;1741130221438
200;1741130221482
200;1741130226427
200;1741130231429
200;1741130236420
100;1741130247482
200;1741130251435
200;1741130251482
200;1741130256422
200;1741130261431
200;1741130266434
200;1741130271463
200;1741130276425
200;1741130281431
200;1741130286420
200;1741130291428
200;1741130291745
200;1741130293311
200;1741130298460
200;1741130299160
200;1741130299497
200;1741130301435
200;1741130301550
200;1741130301686
200;1741130306442
200;1741130311431
200;1741130326430
200;1741130326477
200;1741130331421
200;1741130346436
200;1741130346484
200;1741130351423
200;1741130352733
200;1741130352773
200;1741130356432
200;1741130361434
200;1741130366467
200;1741130371428
200;1741130372072
200;1741130376433
200;1741130381422
200;1741130386429
200;1741130391418
200;1741130396427
200;1741130401430
200;1741130406431
200;1741130411425
200;1741130416427
200;1741130421448
200;1741130424379
200;1741130426423
200;1741130430104
200;1741130431430
200;1741130432080
200;1741130436436
200;1741130441463
200;1741130446425
200;1741130451431
200;1741130456418
200;1741130456600
200;1741130456704
200;1741130461466
200;1741130466432
200;1741130471464
200;1741130476422
200;1741130481429
200;1741130484744
200;1741130486433
200;1741130490260
200;1741130491464
200;1741130491576
200;1741130491842
200;1741130496429
200;1741130501435
200;1741130502324
200;1741130506422
200;1741130506914
200;1741130511427
200;1741130516429
200;1741130521461
200;1741130526426
200;1741130531433
200;1741130535533
200;1741130546452
200;1741130546530
200;1741130551424
200;1741130556428
200;1741130561419
200;1741130576450
200;1741130576499
200;1741130581420
200;1741130586430
200;1741130591432
200;1741130596420
200;1741130599568
200;1741130601428
200;1741130604700
200;1741130606432
200;1741130608971
200;1741130611420
200;1741130611563
200;1741130614681
200;1741130616427
200;1741130616503
200;1741130619335
200;1741130621533
100;1741130626622
100;1741130627749
200;1741130631440
200;1741130631519
200;1741130634458
200;1741130635577
200;1741130636426
200;1741130636504
200;1741130641525
200;1741130641764
200;1741130651442
200;1741130651491
200;1741130656432
200;1741130661434
200;1741130666423
200;1741130681438
200;1741130681491
200;1741130686428
200;1741130689559
200;1741130691433
200;1741130694986
200;1741130695269
200;1741130696420
200;1741130699504
200;1741130701426
200;1741130702798
200;1741130706427
200;1741130711462
200;1741130716441
200;1741130721430
200;1741130726488
200;1741130731423
200;1741130734281
200;1741130736430
200;1741130741434
200;1741130746458
200;1741130751429
200;1741130756420
200;1741130757777
200;1741130761421
200;1741130765577
200;1741130766425
200;1741130766591
200;1741130771434
200;1741130776643
200;1741130786435
200;1741130786480
200;1741130790238
200;1741130791423
200;1741130796428
200;1741130801433
200;1741130806462
200;1741130811428
200;1741130816428
200;1741130821430
200;1741130826426
200;1741130831429
200;1741130835807
200;1741130836426
200;1741130836502
200;1741130836744
100;1741130843990
100;1741130844005
100;1741130848523
100;1741130848538
200;1741130851435
200;1741130851483
200;1741130856424
200;1741130859148
200;1741130861431
200;1741130862080
200;1741130866420
200;1741130869358
200;1741130871424
200;1741130876430
200;1741130881434
200;1741130886678
200;1741130901439
200;1741130901486
200;1741130906423
200;1741130911430
200;1741130916432
200;1741130918813
200;1741130918851
200;1741130921439
200;1741130926472
200;1741130931432
200;1741130932597
200;1741130936422
200;1741130940939
200;1741130941426
200;1741130941872
200;1741130946431
200;1741130951422
200;1741130956438
200;1741130961327
200;1741130961426
200;1741130963000
200;1741130965375
200;1741130966430
200;1741130971421
200;1741130976424
200;1741130981432
200;1741130986420
200;1741130991426
200;1741130996441
200;1741131001423
200;1741131004286
200;1741131006431
200;1741131011433
200;1741131012676
200;1741131016424
200;1741131021428
200;1741131026434
200;1741131031421
200;1741131036425
200;1741131041430
200;1741131046434
200;1741131051465
200;1741131055629
200;1741131056430
200;1741131061417
200;1741131061512
200;1741131065910
200;1741131066424
200;1741131069067
200;1741131071430
200;1741131074862
200;1741131076420
200;1741131077664
200;1741131081426
200;1741131084582
200;1741131086435
200;1741131091440
200;1741131096422
200;1741131111467
200;1741131111519
200;1741131116429
200;1741131121435
200;1741131126548
200;1741131130671
200;1741131131429
200;1741131136419
200;1741131141427
200;1741131146430
200;1741131151435
200;1741131151710
200;1741131156437
200;1741131156647
200;1741131156731
200;1741131161433
200;1741131166434
200;1741131171423
200;1741131186439
200;1741131186488
200;1741131191429
200;1741131196433
200;1741131201421
200;1741131206453
200;1741131211430
200;1741131216448
200;1741131221426
200;1741131226432
200;1741131226816
200;1741131231419
200;1741131236439
200;1741131239361
200;1741131241430
200;1741131241555
200;1741131246460
200;1741131251428
200;1741131256431
200;1741131261423
200;1741131266425
200;1741131281456
200;1741131281509
200;1741131286428
200;1741131301453
200;1741131301532
200;1741131306430
200;1741131311419
200;1741131316422
200;1741131321432
200;1741131326423
200;1741131331429
200;1741131336434
200;1741131341463
200;1741131346430
200;1741131351436
200;1741131356444
200;1741131361426
200;1741131366434
200;1741131366638
200;1741131371421
200;1741131375322
200;1741131376426
200;1741131381430
200;1741131396416
200;1741131401424
200;1741131406427
200;1741131411419
100;1741131424296
200;1741131426428
200;1741131426520
200;1741131431436
100;1741131433749
200;1741131436422
200;1741131441428
200;1741131446428
200;1741131451438
200;1741131456433
200;1741131461462
200;1741131466432
200;1741131471432
200;1741131476426
200;1741131481426
200;1741131486430
200;1741131491461
200;1741131496426
200;1741131501431
200;1741131506422
200;1741131511422
200;1741131514220
200;1741131516430
200;1741131516764
200;1741131521419
200;1741131524341
200;1741131526423
200;1741131528787
200;1741131528820
200;1741131531431
200;1741131532418
200;1741131532449
200;1741131536433
200;1741131541463
200;1741131546427
200;1741131546519
200;1741131551437
200;1741131556425
200;1741131561430
200;1741131566422
200;1741131571425
200;1741131576429
200;1741131581419
200;1741131586424
200;1741131591431
200;1741131596425
200;1741131601428
200;1741131606419
200;1741131611424
200;1741131616439
200;1741131621432
200;1741131622437
200;1741131622466
200;1741131636426
200;1741131636601
200;1741131641434
200;1741131643859
200;1741131646453
200;1741131650811
200;1741131651427
200;1741131656432
200;1741131661423
200;1741131666426
200;1741131671252
200;1741131671433
200;1741131686435
200;1741131686480
200;1741131691443
200;1741131696435
200;1741131701466
200;1741131706427
100;1741131707224
100;1741131710024
200;1741131710136
200;1741131711430
200;1741131716424
100;1741131719681
200;1741131731441
200;1741131731526
200;1741131736429
200;1741131736502
200;1741131741435
200;1741131746423
200;1741131751430
200;1741131756432
100;1741131761031
100;1741131761175
200;1741131761463
200;1741131761576
200;1741131761760
200;1741131766426
200;1741131771429
200;1741131776424
200;1741131776818
200;1741131776850
200;1741131779314
200;1741131781425
200;1741131782556
200;1741131784176
100;1741131786732
200;1741131788952
100;1741131791510
100;1741131794568
100;1741131794776
200;1741131796439
200;1741131796493
200;1741131801430
200;1741131801476
200;1741131802437
200;1741131806424
200;1741131806527
200;1741131809042
200;1741131811425
100;1741131816218
200;1741131816428
100;1741131819546
100;1741131820809
200;1741131821422
200;1741131821673
200;1741131824038
200;1741131826426
200;1741131827238
100;1741131829670
200;1741131831432
200;1741131833525
200;1741131836466
200;1741131839091
200;1741131841427
200;1741131842015
200;1741131842528
100;1741131848352
200;1741131848402
200;1741131849525
200;1741131851580
200;1741131851774
200;1741131853727
200;1741131856471
200;1741131856554
200;1741131859788
200;1741131859821
200;1741131861424
200;1741131861554
200;1741131861612
200;1741131866431
200;1741131868797
200;1741131871426
200;1741131876427
200;1741131879307
100;1741131881622
100;1741131885908
200;1741131891443
200;1741131891527
200;1741131896432
200;1741131901468
200;1741131901623
200;1741131901766
200;1741131906427
200;1741131911431
200;1741131916424
100;1741131924194
100;1741131924398
100;1741131926683
100;1741131926714
200;1741131931442
200;1741131931488
200;1741131934330
200;1741131934362
200;1741131936429
200;1741131937303
200;1741131937334
100;1741131941648
100;1741131944187
100;1741131946524
100;1741131947155
200;1741131951463
200;1741131951522
200;1741131955230
200;1741131955262
200;1741131956419
200;1741131971429
200;1741131974254
200;1741131981490
200;1741131981555
200;1741131986431
200;1741131991438
200;1741131996427
200;1741132001428
200;1741132004139
200;1741132006436
200;1741132011425
200;1741132016428
200;1741132020773
200;1741132020792
200;1741132021435
200;1741132021529
200;1741132026441
200;1741132027277
200;1741132029628
200;1741132031425
200;1741132031686
200;1741132036429
200;1741132041424
100;1741132054081
100;1741132054466
200;1741132056434
200;1741132061419
200;1741132061681
200;1741132066466
200;1741132066629
200;1741132066901
200;1741132071432
200;1741132076463
200;1741132081424
200;1741132086432
100;1741132088025
200;1741132091423
200;1741132096428
200;1741132101429
100;1741132106174
200;1741132106436
200;1741132111427
200;1741132116433
200;1741132121447
100;1741132124858
200;1741132126427
200;1741132126527
200;1741132131429
200;1741132136420
200;1741132141424
200;1741132146429
200;1741132151460
200;1741132151515
200;1741132153926
200;1741132156421
200;1741132161426
100;1741132166296
200;1741132166436
200;1741132171475
200;1741132176426
200;1741132181430
200;1741132186418
200;1741132188914
200;1741132191424
200;1741132191899
200;1741132194298
200;1741132196431
200;1741132199114
200;1741132199332
200;1741132201459
200;1741132206464
200;1741132211431
200;1741132216424
200;1741132221420
200;1741132226426
100;1741132233848
200;1741132241429
200;1741132241509
100;1741132246319
100;1741132246337
200;1741132246461
200;1741132251425
200;1741132256430
200;1741132260122
200;1741132261421
200;1741132265161
200;1741132265338
100;1741132266517
100;1741132269329
200;1741132276437
200;1741132276487
200;1741132281428
200;1741132286434
200;1741132291422
200;1741132296431
200;1741132299818
200;1741132301422
200;1741132304562
200;1741132306426
200;1741132308821
200;1741132309606
200;1741132311428
200;1741132312161
200;1741132316460
100;1741132324494
100;1741132324535
100;1741132329514
200;1741132331431
200;1741132331481
200;1741132336430
200;1741132341426
200;1741132346434
200;1741132351447
200;1741132356427
100;1741132369652
200;1741132371442
200;1741132371491
200;1741132371555
200;1741132371634
200;1741132376417
200;1741132380076
200;1741132381462
200;1741132381957
200;1741132382232
200;1741132384554
200;1741132386430
200;1741132389894
200;1741132391434
200;1741132393733
200;1741132396422
200;1741132396945
200;1741132399232
200;1741132401426
200;1741132406432
200;1741132408954
200;1741132411464
200;1741132416471
200;1741132421430
200;1741132426423
200;1741132426528
200;1741132428988
200;1741132429345
200;1741132431428
200;1741132431500
200;1741132434268
200;1741132434428
200;1741132436432
200;1741132436856
200;1741132441417
200;1741132441542
200;1741132446424
200;1741132451430
200;1741132456035
200;1741132456422
200;1741132461426
200;1741132464090
200;1741132466461
200;1741132469551
200;1741132471422
200;1741132471846
200;1741132476426
200;1741132479125
200;1741132481434
200;1741132481956
200;1741132482004
200;1741132482372
200;1741132486460
200;1741132491426
200;1741132491644
200;1741132496430
200;1741132496552
200;1741132499351
200;1741132501418
200;1741132501737
200;1741132502008
200;1741132506429
200;1741132509033
200;1741132511431
200;1741132514382
200;1741132516463
200;1741132516631
200;1741132521451
200;1741132521516
200;1741132524170
200;1741132526432
200;1741132530039
200;1741132531421
200;1741132531770
200;1741132531850
200;1741132536427
200;1741132541431
200;1741132545298
200;1741132545730
200;1741132546432
200;1741132546622
200;1741132548542
200;1741132551471
200;1741132551676
200;1741132556428
200;1741132558970
200;1741132561465
200;1741132564229
200;1741132566425
200;1741132569413
200;1741132571584
100;1741132576556
100;1741132576654
200;1741132581436
200;1741132581483
200;1741132581524
200;1741132586295
200;1741132586428
200;1741132586520
200;1741132586985
200;1741132591435
200;1741132591586
200;1741132594662
200;1741132596424
200;1741132596645
200;1741132596780
200;1741132596979
200;1741132601424
200;1741132601843
200;1741132606433
200;1741132610285
200;1741132611422
200;1741132611691
200;1741132615961
200;1741132616429
200;1741132620823
200;1741132621429
200;1741132623638
200;1741132625170
200;1741132626422
200;1741132627058
200;1741132631428
200;1741132631504
200;1741132633456
200;1741132634606
200;1741132636430
200;1741132641434
200;1741132641481
200;1741132646425
200;1741132646647
200;1741132647092
200;1741132651428
200;1741132654238
200;1741132656532
200;1741132656895
100;1741132661562
100;1741132663610
200;1741132666440
200;1741132666487
200;1741132669701
200;1741132671431
100;1741132679696
100;1741132683180
200;1741132686470
200;1741132686516
200;1741132686523
200;1741132691435
200;1741132692134
200;1741132692853
200;1741132696461
200;1741132701429
200;1741132704445
200;1741132706433
200;1741132711421
200;1741132711819
200;1741132714043
200;1741132716430
200;1741132719426
200;1741132721432
200;1741132721530
200;1741132726438
200;1741132731429
200;1741132731743
200;1741132734977
200;1741132736432
200;1741132741416
200;1741132746428
200;1741132761439
200;1741132771507
200;1741132771555
200;1741132776435
200;1741132781424
200;1741132786430
200;1741132791431
200;1741132796419
200;1741132801425
200;1741132806430
200;1741132806681
200;1741132807889
200;1741132811458
200;1741132816427
200;1741132816497
200;1741132819489
200;1741132821429
200;1741132824099
200;1741132824274
200;1741132826432
200;1741132828926
200;1741132829053
200;1741132831423
200;1741132831963
200;1741132836137
200;1741132836445
200;1741132836921
200;1741132841433
200;1741132846072
200;1741132846465
200;1741132848934
200;1741132848983
200;1741132851432
200;1741132855950
200;1741132856432
200;1741132859550
200;1741132861421
200;1741132861710
200;1741132864436
200;1741132866429
200;1741132867146
200;1741132871433
200;1741132872500
200;1741132876761
100;1741132881687
200;1741132886438
200;1741132886485
200;1741132887186
200;1741132888422
200;1741132891424
200;1741132896430
200;1741132901420
200;1741132907716
100;1741132911662
100;1741132912453
200;1741132914644
200;1741132916433
200;1741132916485
200;1741132921423
200;1741132926431
200;1741132930541
200;1741132931424
200;1741132936426
200;1741132941432
200;1741132946463
200;1741132951426
200;1741132954318
200;1741132956430
200;1741132961420
200;1741132962760
200;1741132962777
200;1741132966427
200;1741132971429
200;1741132972687
200;1741132976061
200;1741132976431
100;1741132985035
100;1741132985095
100;1741132986826
100;1741132986952
200;1741132991433
200;1741132991480
200;1741132994454
200;1741132996421
200;1741133001428
200;1741133006418
200;1741133011422
200;1741133016428
200;1741133016873
200;1741133016889
200;1741133021437
200;1741133026422
200;1741133031430
200;1741133036416
200;1741133051429
200;1741133051504
200;1741133056420
200;1741133057454
200;1741133061425
200;1741133066430
200;1741133071432
200;1741133072095
200;1741133076437
200;1741133079828
200;1741133081427
200;1741133084097
200;1741133086464
200;1741133091423
200;1741133106438
100;1741133108772
100;1741133109313
100;1741133114416
200;1741133116512
200;1741133116558
200;1741133121420
200;1741133126430
200;1741133131430
200;1741133136460
200;1741133141429
200;1741133146434
200;1741133151422
200;1741133156425
200;1741133161435
200;1741133166458
200;1741133181434
200;1741133181481
200;1741133186424
200;1741133188627
200;1741133192928
200;1741133201436
200;1741133201488
200;1741133206428
200;1741133211420
200;1741133216424
200;1741133221820
100;1741133224540
200;1741133231451
200;1741133231498
200;1741133231764
200;1741133236166
200;1741133236428
200;1741133241430
200;1741133246422
200;1741133248758
200;1741133251438
200;1741133256285
200;1741133256432
200;1741133258957
200;1741133259670
200;1741133261432
200;1741133266420
200;1741133270195
200;1741133271426
200;1741133276427
200;1741133281436
200;1741133296439
200;1741133296498
200;1741133301422
200;1741133306429
200;1741133311433
200;1741133311524
200;1741133316422
200;1741133319185
200;1741133321335
200;1741133321427
200;1741133326428
200;1741133329066
200;1741133331431
200;1741133331926
200;1741133332005
200;1741133336462
200;1741133341423
200;1741133346430
200;1741133351419
200;1741133356424
200;1741133361432
200;1741133366436
200;1741133371437
200;1741133376430
200;1741133381432
200;1741133386450
200;1741133391426
200;1741133395310
200;1741133396429
200;1741133401330
200;1741133401418
200;1741133406425
200;1741133411433
200;1741133414912
200;1741133416428
200;1741133416536
200;1741133418452
200;1741133421466
200;1741133422060
200;1741133424734
200;1741133426426
200;1741133426481
200;1741133426593
200;1741133429418
200;1741133431784
100;1741133434856
100;1741133437137
100;1741133437168
100;1741133440015
200;1741133441437
200;1741133441485
200;1741133445660
200;1741133446429
200;1741133451437
200;1741133456425
200;1741133461428
200;1741133466432
200;1741133471436
200;1741133476420
200;1741133481427
200;1741133486428
200;1741133491434
200;1741133492946
200;1741133496420
200;1741133501425
200;1741133516438
200;1741133516488
200;1741133521426
200;1741133526435
200;1741133531423
200;1741133536428
200;1741133541422
200;1741133541928
200;1741133546424
200;1741133551431
200;1741133556433
200;1741133561451
200;1741133566427
200;1741133571434
200;1741133576431
200;1741133581419
200;1741133581770
200;1741133586426
200;1741133591434
200;1741133592902
200;1741133595148
200;1741133596423
200;1741133601428
200;1741133606433
100;1741133616711
200;1741133621430
200;1741133621495
200;1741133625299
200;1741133626422
200;1741133631465
200;1741133636427
200;1741133651448
200;1741133651529
200;1741133655090
200;1741133656419
200;1741133671451
200;1741133671495
200;1741133676421
200;1741133681427
200;1741133686432
200;1741133690154
200;1741133691460
200;1741133696426
200;1741133701430
200;1741133704484
200;1741133706424
200;1741133707363
200;1741133709009
200;1741133711428
200;1741133711632
100;1741133724635
100;1741133724649
200;1741133725647
200;1741133726443
200;1741133726496
200;1741133731429
200;1741133736463
200;1741133737569
200;1741133739641
200;1741133741426
200;1741133741506
200;1741133741614
200;1741133746434
200;1741133746541
200;1741133751422
200;1741133756425
200;1741133760516
200;1741133761426
200;1741133766455
200;1741133769437
200;1741133769756
200;1741133771420
200;1741133774985
200;1741133775027
200;1741133776427
200;1741133780470
200;1741133780503
200;1741133781430
200;1741133783922
200;1741133786419
200;1741133791426
200;1741133791677
200;1741133796428
200;1741133796612
200;1741133796810
200;1741133801419
200;1741133801702
200;1741133801942
200;1741133806426
200;1741133806629
200;1741133806661
200;1741133811427
200;1741133811559
200;1741133811665
200;1741133816434
200;1741133816686
200;1741133819966
200;1741133821461
200;1741133821512
200;1741133826432
200;1741133831422
200;1741133836426
200;1741133837079
200;1741133841434
200;1741133841570
200;1741133846420
200;1741133847010
200;1741133847074
200;1741133851551
100;1741133854641
100;1741133856496
100;1741133856564
200;1741133861441
200;1741133861491
200;1741133863612
200;1741133866431
200;1741133866626
200;1741133866724
200;1741133871462
200;1741133871510
200;1741133871575
200;1741133876426
200;1741133879396
200;1741133881431
200;1741133884180
200;1741133886423
200;1741133886498
200;1741133886673
200;1741133891428
200;1741133892622
200;1741133892765
200;1741133896428
200;1741133901458
200;1741133906424
200;1741133908901
200;1741133908933
200;1741133911431
200;1741133914670
200;1741133914814
200;1741133916422
200;1741133916638
200;1741133919489
200;1741133921427
200;1741133925230
200;1741133936441
200;1741133936503
200;1741133941428
200;1741133946463
200;1741133947713
200;1741133948769
200;1741133951424
200;1741133953902
200;1741133954345
200;1741133956698
200;1741133966439
200;1741133966490
200;1741133969541
200;1741133969584
200;1741133971429
200;1741133974802
200;1741133976523
100;1741133981686
200;1741133986447
200;1741133986524
200;1741133988479
200;1741133989611
200;1741133991431
200;1741133992070
200;1741133993893
200;1741133996444
200;1741133997744
200;1741134001425
200;1741134006429
200;1741134011426
200;1741134011536
200;1741134014787
200;1741134016433
200;1741134017030
200;1741134017976
200;1741134020648
200;1741134021434
200;1741134026435
200;1741134031464
200;1741134032188
200;1741134036430
200;1741134039003
200;1741134041463
200;1741134046428
200;1741134048902
200;1741134051430
200;1741134056420
200;1741134061425
200;1741134061723
200;1741134062637
200;1741134063378
200;1741134066426
200;1741134069561
200;1741134071465
200;1741134071641
200;1741134076422
200;1741134081430
200;1741134086422
200;1741134091465
200;1741134096428
200;1741134101436
200;1741134106421
200;1741134111426
200;1741134116427
200;1741134121434
200;1741134136438
100;1741134155732
200;1741134156446
200;1741134161427
200;1741134166435
200;1741134166811
200;1741134167003
200;1741134171421
200;1741134171558
200;1741134184891
200;1741134186437
200;1741134186482
200;1741134186629
200;1741134187282
200;1741134191428
200;1741134191681
200;1741134191857
200;1741134196420
200;1741134198526
200;1741134201425
200;1741134201545
200;1741134204476
200;1741134206432
200;1741134211417
200;1741134216460
200;1741134221466
200;1741134226432
200;1741134230277
200;1741134231421
200;1741134236432
200;1741134241427
200;1741134246432
200;1741134251425
200;1741134256430
200;1741134261434
200;1741134266423
200;1741134267178
200;1741134271465
200;1741134276427
200;1741134281433
200;1741134286423
200;1741134289888
200;1741134291465
200;1741134293921
200;1741134296424
200;1741134299416
200;1741134301434
200;1741134306421
200;1741134311209
200;1741134311427
200;1741134316430
200;1741134321435
200;1741134326420
200;1741134331429
200;1741134331727
200;1741134336431
200;1741134341444
200;1741134346413
100;1741134348781
200;1741134351432
100;1741134354328
200;1741134356421
200;1741134357008
200;1741134361424
200;1741134366432
200;1741134371437
200;1741134372486
200;1741134376468
200;1741134376563
200;1741134381426
200;1741134381684
200;1741134381807
200;1741134386433
200;1741134391424
100;1741134396356
200;1741134396427
100;1741134400630
200;1741134401432
100;1741134405075
200;1741134406435
200;1741134406846
200;1741134406877
200;1741134411421
200;1741134416428
100;1741134420471
200;1741134421417
200;1741134421538
200;1741134426468
200;1741134426530
100;1741134429215
100;1741134431553
200;1741134441437
200;1741134441520
200;1741134446426
200;1741134446489
100;1741134450231
200;1741134451431
200;1741134454016
100;1741134454048
200;1741134456433
100;1741134459457
200;1741134461423
100;1741134465180
100;1741134465276
200;1741134466433
200;1741134481446
200;1741134481503
100;1741134485839
100;1741134485871
200;1741134486434
200;1741134488992
200;1741134489327
200;1741134491438
200;1741134492296
200;1741134496426
200;1741134501432
100;1741134506322
200;1741134506420
100;1741134511068
200;1741134511467
200;1741134516435
200;1741134521461
100;1741134525515
100;1741134526283
200;1741134526433
200;1741134531435
200;1741134536424
200;1741134541422
200;1741134546430
200;1741134551459
200;1741134556466
200;1741134561426
200;1741134566432
200;1741134566908
200;1741134566940
200;1741134571423
200;1741134576427
200;1741134581430
200;1741134586419
200;1741134591424
200;1741134595102
200;1741134595230
200;1741134596430
200;1741134598840
200;1741134600331
200;1741134601418
200;1741134605430
100;1741134614946
100;1741134615189
200;1741134616450
200;1741134616498
200;1741134621426
200;1741134626433
200;1741134631433
200;1741134636462
200;1741134651433
200;1741134651512
200;1741134656426
200;1741134661432
200;1741134666424
200;1741134667666
200;1741134671428
200;1741134676433
200;1741134680283
200;1741134681571
200;1741134681674
200;1741134682154
200;1741134691435
200;1741134691524
200;1741134696420
200;1741134701443
200;1741134706431
200;1741134711463
200;1741134716426
200;1741134721431
200;1741134726432
200;1741134731422
200;1741134736428
200;1741134740521
200;1741134741436
200;1741134746426
200;1741134751430
200;1741134756419
200;1741134761421
200;1741134766613
200;1741134767189
100;1741134775683
200;1741134776438
200;1741134776484
200;1741134781424
200;1741134786428
200;1741134791423
200;1741134796427
200;1741134801430
200;1741134806463
200;1741134811426
200;1741134816429
200;1741134821434
200;1741134824084
200;1741134826465
200;1741134831433
200;1741134836460
200;1741134838943
200;1741134840112
200;1741134841424
200;1741134846431
200;1741134851422
200;1741134856421
200;1741134861427
200;1741134866457
200;1741134869998
200;1741134881436
200;1741134881525
200;1741134886428
200;1741134891073
200;1741134891121
200;1741134891427
200;1741134896432
200;1741134901465
200;1741134902477
200;1741134906429
200;1741134906566
200;1741134910474
200;1741134911434
200;1741134911638
200;1741134916422
200;1741134921464
200;1741134926425
200;1741134930037
200;1741134931412
200;1741134936418
200;1741134941465
200;1741134946433
200;1741134951432
200;1741134956421
200;1741134961428
200;1741134966422
200;1741134971145
200;1741134971422
200;1741134975723
200;1741134976442
200;1741134977991
200;1741134978023
200;1741134981432
200;1741134986423
200;1741134991428
200;1741134996429
200;1741135001439
100;1741135014061
200;1741135016431
100;1741135018921
100;1741135020120
200;1741135026506
200;1741135026552
200;1741135031432
200;1741135032964
200;1741135036461
200;1741135041428
200;1741135046432
200;1741135051422
200;1741135056470
200;1741135060291
200;1741135060387
200;1741135061433
200;1741135064803
200;1741135066434
200;1741135071422
200;1741135076427
200;1741135081430
200;1741135086431
200;1741135086988
200;1741135090796
200;1741135091466
200;1741135096429
200;1741135099178
200;1741135101423
200;1741135106149
200;1741135106429
100;1741135116977
200;1741135121443
200;1741135121488
200;1741135126433
200;1741135129051
200;1741135131464
200;1741135136426
200;1741135140369
200;1741135141435
200;1741135141813
200;1741135141853
200;1741135146417
200;1741135146505
200;1741135146685
200;1741135151464
200;1741135156430
200;1741135161464
200;1741135166423
200;1741135171432
200;1741135176429
200;1741135181423
200;1741135186471
200;1741135191433
200;1741135196420
200;1741135201425
200;1741135206426
200;1741135211454
200;1741135214725
200;1741135214741
200;1741135216463
200;1741135216641
200;1741135221426
200;1741135226428
200;1741135231435
200;1741135236464
200;1741135241429
200;1741135243835
200;1741135244374
200;1741135246433
200;1741135248685
200;1741135251421
200;1741135256448
200;1741135261432
200;1741135261619
200;1741135261938
200;1741135266438
200;1741135269066
200;1741135269103
200;1741135271427
200;1741135273026
200;1741135276431
200;1741135281422
200;1741135286431
200;1741135291419
200;1741135291948
200;1741135296428
200;1741135296565
200;1741135301430
200;1741135306435
200;1741135311426
200;1741135316428
200;1741135319480
200;1741135321520
200;1741135331472
200;1741135331525
200;1741135336430
200;1741135341462
200;1741135346426
200;1741135350365
200;1741135351430
200;1741135356418
200;1741135361426
200;1741135366433
200;1741135371423
200;1741135376429
200;1741135380646
200;1741135381431
200;1741135386434
200;1741135386734
200;1741135387343
200;1741135391420
200;1741135396426
200;1741135401434
200;1741135406422
200;1741135411426
200;1741135416425
200;1741135421430
200;1741135426437
200;1741135431430
200;1741135431890
200;1741135436433
200;1741135439915
200;1741135441421
100;1741135450966
100;1741135454479
100;1741135454773
200;1741135456455
200;1741135456536
200;1741135456658
200;1741135461424
200;1741135461568
200;1741135462316
200;1741135466477
100;1741135469608
200;1741135476466
200;1741135481424
200;1741135486431
200;1741135491419
200;1741135496427
200;1741135501428
200;1741135501522
200;1741135506461
200;1741135511424
100;1741135515488
200;1741135516428
200;1741135518534
200;1741135521421
200;1741135521994
200;1741135526424
200;1741135527591
200;1741135531431
100;1741135534642
200;1741135536420
200;1741135541440
200;1741135546429
200;1741135561422
200;1741135561473
200;1741135566432
100;1741135569772
200;1741135571460
200;1741135576427
200;1741135581463
200;1741135586425
200;1741135591433
100;1741135594443
200;1741135596420
200;1741135596873
100;1741135599886
200;1741135601423
200;1741135606428
200;1741135606614
200;1741135609192
200;1741135611435
100;1741135615295
100;1741135616758
200;1741135626439
200;1741135626533
200;1741135627538
200;1741135631429
200;1741135636431
200;1741135641464
200;1741135646425
200;1741135651428
200;1741135651503
200;1741135656419
200;1741135661426
200;1741135676443
200;1741135676526
200;1741135681430
200;1741135686434
200;1741135691423
200;1741135696428
200;1741135698710
200;1741135701432
200;1741135701523
200;1741135701627
200;1741135706461
200;1741135711426
200;1741135714222
200;1741135716430
200;1741135716504
200;1741135721421
200;1741135721831
200;1741135722056
200;1741135726425
200;1741135726501
200;1741135731427
200;1741135736432
200;1741135751436
200;1741135751517
200;1741135756423
200;1741136041427
200;1741136042117
200;1741136046422
200;1741136047362
200;1741136051424
200;1741136052046
200;1741136056427
200;1741136060611
200;1741136060811
200;1741136061433
200;1741136061719
200;1741136066458
200;1741136071430
200;1741136071512
200;1741136075552
100;1741136079306
100;1741136081049
100;1741136084842
200;1741136086442
200;1741136086487
200;1741136091431
200;1741136096462
200;1741136101424
200;1741136101750
200;1741136106430
200;1741136109009
200;1741136111437
200;1741136111491
200;1741136111590
200;1741136116464
200;1741136116732
200;1741136121426
200;1741136124770
200;1741136126461
200;1741136126573
200;1741136127470
200;1741136131427
200;1741136134383
200;1741136136431
200;1741136141420
200;1741136146429
200;1741136151430
200;1741136156422
200;1741136159689
200;1741136161466
200;1741136166431
200;1741136170313
200;1741136171466
200;1741136171722
200;1741136176424
200;1741136181552
100;1741136188598
100;1741136188614
200;1741136191439
200;1741136191484
200;1741136196426
200;1741136201430
200;1741136206423
200;1741136206506
200;1741136206590
200;1741136211425
200;1741136216431
200;1741136220782
200;1741136220935
200;1741136221438
200;1741136226429
200;1741136229895
200;1741136230007
200;1741136231436
200;1741136236420
200;1741136238035
200;1741136239858
200;1741136241430
200;1741136246420
200;1741136251424
200;1741136256429
200;1741136261434
200;1741136261654
200;1741136266427
200;1741136271428
100;1741136278862
100;1741136279590
100;1741136281503
100;1741136282109
200;1741136286429
200;1741136286477
200;1741136291422
200;1741136293785
200;1741136293818
200;1741136296425
200;1741136296615
200;1741136301433
200;1741136301516
200;1741136306463
200;1741136308213
200;1741136308880
200;1741136311425
200;1741136312605
200;1741136312636
200;1741136316426
200;1741136319910
200;1741136321419
200;1741136321893
200;1741136321925
200;1741136326421
200;1741136331433
200;1741136331553
200;1741136331763
200;1741136336431
200;1741136339149
200;1741136341424
200;1741136341558
200;1741136344744
200;1741136346428
200;1741136346525
200;1741136349239
200;1741136351432
200;1741136351538
200;1741136356449
200;1741136356516
200;1741136361427
200;1741136366435
200;1741136370620
200;1741136371420
200;1741136374008
200;1741136374344
200;1741136376426
200;1741136376662
200;1741136379749
200;1741136381522
200;1741136381633
100;1741136389233
100;1741136389264
200;1741136391469
200;1741136391521
200;1741136396433
200;1741136400292
200;1741136401226
200;1741136401420
200;1741136406429
200;1741136411418
200;1741136416422
200;1741136421432
200;1741136426434
200;1741136428376
200;1741136428406
200;1741136431439
200;1741136431593
200;1741136434938
200;1741136436430
200;1741136441464
200;1741136446422
200;1741136451429
200;1741136456419
200;1741136461422
200;1741136466427
200;1741136471462
200;1741136471572
200;1741136474261
200;1741136476427
200;1741136478709
200;1741136481431
200;1741136484321
200;1741136486420
200;1741136491426
200;1741136496428
200;1741136501426
200;1741136506425
200;1741136511418
200;1741136516467
200;1741136521426
200;1741136526419
200;1741136531422
200;1741136546432
200;1741136546482
200;1741136551422
200;1741136556427
200;1741136561420
200;1741136566426
200;1741136571429
200;1741136576432
200;1741136581440
200;1741136581674
200;1741136582684
200;1741136586428
200;1741136586601
200;1741136591462
200;1741136596426
200;1741136601427
200;1741136606423
200;1741136611422
200;1741136616233
200;1741136616277
200;1741136616427
200;1741136619209
200;1741136621448
200;1741136626341
200;1741136626427
200;1741136627253
200;1741136628962
200;1741136631432
200;1741136632429
200;1741136636419
200;1741136639836
200;1741136639868
200;1741136641422
200;1741136646428
200;1741136651438
200;1741136656425
200;1741136659986
200;1741136661428
200;1741136666432
200;1741136667788
200;1741136668109
200;1741136671460
200;1741136676424
200;1741136681431
200;1741136686422
200;1741136686498
200;1741136691428
200;1741136696417
200;1741136701424
200;1741136716453
200;1741136716532
200;1741136721427
200;1741136726431
200;1741136731419
200;1741136736425
200;1741136741431
200;1741136742853
200;1741136742885
200;1741136746460
200;1741136751424
200;1741136755198
200;1741136756435
200;1741136761127
200;1741136761421
200;1741136761669
200;1741136764473
200;1741136766427
200;1741136766566
200;1741136767864
200;1741136771432
200;1741136774414
200;1741136776461
200;1741136791437
200;1741136801509
200;1741136801559
200;1741136806420
200;1741136811427
200;1741136816428
200;1741136821419
200;1741136826425
200;1741136841423
200;1741136841469
200;1741136846433
200;1741136851462
200;1741136856423
200;1741136861432
200;1741136866422
200;1741136869649
200;1741136869786
200;1741136871424
200;1741136876428
200;1741136876649
200;1741136879353
200;1741136881431
200;1741136881918
200;1741136884246
200;1741136886421
200;1741136889417
200;1741136889552
200;1741136891429
200;1741136896431
200;1741136898886
200;1741136901434
100;1741136910755
100;1741136910940
100;1741136911659
100;1741136923974
200;1741136926439
200;1741136926485
200;1741136926546
100;1741136929253
200;1741136931427
200;1741136931504
200;1741136936431
200;1741136936679
200;1741136936731
200;1741136941421
200;1741136941507
100;1741136944264
100;1741136946789
100;1741136948625
200;1741136956439
200;1741136956486
100;1741136961029
200;1741136961428
200;1741136966462
200;1741136971422
200;1741136976430
200;1741136981421
200;1741136986429
200;1741136991419
200;1741136993829
200;1741136996423
200;1741136998883
200;1741136998974
100;1741137002271
100;1741137005118
100;1741137008223
100;1741137008250
200;1741137011435
200;1741137011482
200;1741137016425
200;1741137021426
100;1741137024944
100;1741137024975
200;1741137026431
100;1741137029502
100;1741137029725
200;1741137031425
200;1741137031544
200;1741137036425
100;1741137042594
100;1741137042651
100;1741137046530
100;1741137049404
200;1741137051467
200;1741137051551
200;1741137051564
200;1741137054094
200;1741137056432
200;1741137056507
200;1741137059575
200;1741137061464
200;1741137062328
200;1741137062386
200;1741137066428
200;1741137067045
200;1741137067213
200;1741137071429
200;1741137071877
200;1741137071907
200;1741137076432
200;1741137076506
200;1741137076589
200;1741137081440
100;1741137089258
100;1741137091513
100;1741137094387
200;1741137096420
200;1741137097522
200;1741137099314
200;1741137101427
200;1741137101598
200;1741137101711
200;1741137106428
200;1741137106520
200;1741137108537
200;1741137111432
200;1741137111509
200;1741137114324
200;1741137116424
200;1741137116532
200;1741137121428
200;1741137124492
200;1741137126419
200;1741137126852
200;1741137128015
200;1741137131425
200;1741137134475
200;1741137136426
200;1741137139226
200;1741137139314
200;1741137141435
200;1741137143672
200;1741137143703
200;1741137146438
200;1741137146642
200;1741137146754
200;1741137151429
200;1741137166447
200;1741137166511
200;1741137171420
200;1741137176420
200;1741137181432
200;1741137186434
200;1741137191425
200;1741137196433
200;1741137201417
200;1741137201671
200;1741137206427
100;1741137210294
100;1741137210388
200;1741137211424
200;1741137216428
200;1741137221418
200;1741137226423
200;1741137231425
200;1741137236431
200;1741137241464
100;1741137245008
200;1741137246427
200;1741137251433
200;1741137256422
200;1741137261430
200;1741137266420
200;1741137271484
200;1741137276424
200;1741137276811
200;1741137281456
200;1741137281638
200;1741137286424
200;1741137287667
200;1741137291432
200;1741137291692
200;1741137296422
200;1741137296576
200;1741137299264
200;1741137301425
200;1741137301983
200;1741137306415
200;1741137311425
200;1741137316427
200;1741137321432
200;1741137324153
200;1741137326469
200;1741137331432
200;1741137336420
200;1741137336464
200;1741137341425
200;1741137341806
200;1741137343694
200;1741137346433
200;1741137351423
200;1741137356425
200;1741137358978
200;1741137359157
200;1741137361427
200;1741137366469
200;1741137366643
200;1741137371428
200;1741137376420
200;1741137381424
200;1741137382796
200;1741137386434
200;1741137387739
200;1741137391422
200;1741137393688
200;1741137396457
200;1741137397378
200;1741137398738
200;1741137401431
200;1741137401858
200;1741137406432
200;1741137411426
200;1741137416431
200;1741137418555
100;1741137422215
100;1741137431138
200;1741137431431
200;1741137431479
200;1741137431665
100;1741137436515
100;1741137437857
200;1741137439405
200;1741137441699
200;1741137446469
200;1741137446528
200;1741137446616
200;1741137451432
200;1741137456424
200;1741137461430
200;1741137464398
200;1741137466432
200;1741137471466
200;1741137476427
200;1741137479592
200;1741137481457
200;1741137481880
200;1741137482902
200;1741137486423
200;1741137491427
200;1741137496432
200;1741137501466
200;1741137501547
