0;1741050983976;1
0;1741052188201;2
1;1741052459591;1
1;1741052461247;2
1;1741052464304;3
0;1741052478098;3
0;1741053174108;4
1;1741054208110;4
1;1741054998480;5
1;1741056043797;6
2;1741058113574;1
2;1741058438516;2
0;1741058673079;5
2;1741058683636;3
2;1741059223233;4
2;1741059293201;5
2;1741059888170;6
2;1741060168232;7
2;1741060443232;8
0;1741061203108;6
2;1741061293091;9
2;1741061443450;10
2;1741061903884;11
2;1741062924071;12
2;1741063383206;13
2;1741063628233;14
0;1741064508417;7
2;1741065198264;15
2;1741065203215;16
1;1741065408794;7
0;1741067073614;8
0;1741067194565;9
2;1741067618389;17
2;1741067873206;18
0;1741068004265;10
2;1741070228791;19
2;1741071143388;20
0;1741072168479;11
1;1741072794317;8
0;1741073228231;12
2;1741075258263;21
2;1741076233760;22
0;1741076518138;13
2;1741077418264;23
0;1741079453152;14
1;1741079933232;9
2;1741080597480;24
2;1741081168079;25
2;1741081293140;26
2;1741081873235;27
2;1741083073512;28
2;1741083138264;29
2;1741083163294;30
2;1741083378142;31
0;1741084741916;15
0;1741084762646;16
0;1741084764193;17
0;1741084769174;18
0;1741084777636;19
0;1741084779277;20
0;1741084782913;21
0;1741084783927;22
0;1741084792497;23
0;1741084794272;24
0;1741084797863;25
0;1741084799941;26
0;1741084801225;27
0;1741084802254;28
0;1741084810201;29
0;1741084818201;30
0;1741084824511;31
0;1741084833209;32
0;1741084833635;33
0;1741084839397;34
0;1741084846010;35
0;1741084858359;36
0;1741084863725;37
0;1741084865751;38
0;1741084867810;39
0;1741084868259;40
0;1741084876916;41
0;1741084877832;42
0;1741084886227;43
0;1741084899365;44
0;1741084899534;45
0;1741084903120;46
0;1741084913821;47
0;1741084916872;48
0;1741084928622;49
0;1741084931639;50
0;1741084932975;51
0;1741084937523;52
0;1741084939583;53
0;1741084944951;54
0;1741084949031;55
0;1741084966375;56
0;1741084966568;57
0;1741084967842;58
0;1741084971570;59
0;1741084983638;60
0;1741084984553;61
0;1741084991929;62
0;1741084992169;63
0;1741084994772;64
0;1741085001327;65
0;1741085001340;66
0;1741085009175;67
0;1741085013126;68
0;1741085016261;69
0;1741085029510;70
0;1741085035198;71
0;1741085036168;72
0;1741085037736;73
0;1741085041667;74
0;1741085050078;75
0;1741085056748;76
0;1741085061655;77
0;1741085064915;78
0;1741085069216;79
0;1741085070357;80
0;1741085074003;81
0;1741085074738;82
0;1741085080521;83
0;1741085084707;84
0;1741085088599;85
0;1741085102072;86
0;1741085104565;87
0;1741085108702;88
0;1741085110663;89
0;1741085123144;90
0;1741085127381;91
0;1741085131483;92
0;1741085132882;93
0;1741085147089;94
0;1741085155454;95
0;1741085162594;96
0;1741085162691;97
0;1741085166148;98
0;1741085169623;99
0;1741085169844;100
3;1741085170801;1
0;1741085170973;101
0;1741085171726;102
0;1741085183033;103
0;1741085196833;104
0;1741085198772;105
0;1741085203792;106
0;1741085203873;107
0;1741085215660;108
0;1741085223599;109
0;1741085231726;110
0;1741085232215;111
0;1741085233793;112
0;1741085237855;113
0;1741085243026;114
0;1741085244286;115
0;1741085248878;116
0;1741085255175;117
2;1741085258232;32
0;1741085258824;118
0;1741085263487;119
0;1741085270606;120
0;1741085282408;121
0;1741085285349;122
0;1741085291235;123
0;1741085293763;124
0;1741085298019;125
0;1741085298116;126
0;1741085305203;127
0;1741085307107;128
0;1741085309396;129
0;1741085325527;130
0;1741085326102;131
0;1741085328983;132
0;1741085338627;133
0;1741085347034;134
0;1741085350265;135
0;1741085351984;136
0;1741085353484;137
0;1741085354898;138
0;1741085371157;139
0;1741085373064;140
0;1741085373803;141
0;1741085382522;142
0;1741085396239;143
0;1741085400056;144
0;1741085403145;145
0;1741085404040;146
0;1741085411408;147
0;1741085412396;148
0;1741085417674;149
0;1741085421404;150
0;1741085426216;151
0;1741085429434;152
0;1741085437788;153
0;1741085445937;154
0;1741085446545;155
0;1741085450510;156
0;1741085458452;157
0;1741085465619;158
0;1741085471465;159
0;1741085474469;160
0;1741085487921;161
0;1741085491235;162
0;1741085492709;163
0;1741085495955;164
0;1741085498027;165
0;1741085498112;166
0;1741085513795;167
0;1741085515968;168
0;1741085518104;169
0;1741085528589;170
0;1741085530968;171
0;1741085531640;172
0;1741085534462;173
0;1741085540615;174
0;1741085551041;175
0;1741085553998;176
0;1741085563936;177
0;1741085565619;178
0;1741085570078;179
0;1741085574029;180
0;1741085576203;181
0;1741085580641;182
0;1741085583343;183
0;1741085586735;184
0;1741085601204;185
0;1741085607758;186
0;1741085608917;187
0;1741085610044;188
0;1741085619268;189
0;1741085627549;190
0;1741085627817;191
0;1741085633386;192
0;1741085643297;193
0;1741085644369;194
0;1741085645986;195
0;1741085655445;196
0;1741085655491;197
0;1741085671456;198
0;1741085672011;199
0;1741085672517;200
0;1741085686477;201
0;1741085689937;202
0;1741085691784;203
0;1741085692395;204
0;1741085695856;205
0;1741085703885;206
0;1741085704873;207
0;1741085711513;208
1;1741085715344;10
0;1741085717427;209
0;1741085719273;210
0;1741085723267;211
1;1741085723543;11
0;1741085724616;212
1;1741085725465;12
0;1741085728266;213
1;1741085730478;13
1;1741085733365;14
1;1741085740739;15
1;1741085741873;16
0;1741085742882;214
1;1741085744721;17
0;1741085752846;215
0;1741085754192;216
1;1741085754335;18
1;1741085754711;19
1;1741085755584;20
1;1741085756439;21
0;1741085759402;217
0;1741085759410;218
1;1741085765685;22
0;1741085768544;219
0;1741085773297;220
0;1741085774759;221
1;1741085778805;23
0;1741085779157;222
1;1741085781020;24
1;1741085782723;25
1;1741085787011;26
0;1741085788347;223
0;1741085794232;224
1;1741085797665;27
0;1741085799113;225
1;1741085802727;28
0;1741085806065;226
0;1741085810020;227
1;1741085812452;29
0;1741085812806;228
0;1741085817230;229
1;1741085818542;30
1;1741085820424;31
0;1741085824565;230
0;1741085828015;231
1;1741085830238;32
1;1741085834635;33
0;1741085836256;232
1;1741085840021;34
1;1741085841997;35
0;1741085845363;233
1;1741085850736;36
1;1741085852253;37
0;1741085855028;234
0;1741085858452;235
1;1741085859065;38
0;1741085860145;236
0;1741085863054;237
1;1741085863068;39
0;1741085864188;238
1;1741085867397;40
0;1741085868648;239
1;1741085868794;41
0;1741085878143;240
0;1741085879241;241
1;1741085879893;42
0;1741085881264;242
1;1741085881593;43
0;1741085885524;243
0;1741085890180;244
1;1741085891695;44
1;1741085891903;45
1;1741085894947;46
1;1741085896227;47
1;1741085902471;48
0;1741085903090;245
1;1741085904647;49
1;1741085909936;50
0;1741085910074;246
1;1741085911008;51
1;1741085913564;52
0;1741085914604;247
0;1741085918404;248
0;1741085918868;249
1;1741085920539;53
0;1741085924732;250
0;1741085930521;251
0;1741085932838;252
0;1741085935291;253
0;1741085939312;254
0;1741085941473;255
1;1741085941856;54
0;1741085942066;256
1;1741085945540;55
1;1741085945969;56
1;1741085946952;57
1;1741085949750;58
1;1741085952632;59
0;1741085958989;257
1;1741085960314;60
0;1741085965030;258
0;1741085974742;259
1;1741085975814;61
0;1741085978414;260
0;1741085981890;261
1;1741085983702;62
1;1741085984052;63
0;1741085987058;262
1;1741085988241;64
1;1741085992673;65
0;1741085994345;263
0;1741085996735;264
1;1741086001840;66
1;1741086002105;67
0;1741086002330;265
1;1741086005256;68
0;1741086010384;266
1;1741086011189;69
0;1741086011341;267
1;1741086013152;70
0;1741086013585;268
0;1741086017993;269
0;1741086018821;270
1;1741086018949;71
0;1741086020047;271
1;1741086022653;72
1;1741086027785;73
0;1741086028870;272
0;1741086029388;273
1;1741086031328;74
1;1741086033032;75
1;1741086036036;76
0;1741086040286;274
1;1741086042940;77
1;1741086043179;78
0;1741086048736;275
1;1741086049342;79
0;1741086053350;276
1;1741086061148;80
0;1741086062797;277
0;1741086064037;278
0;1741086065947;279
0;1741086071484;280
1;1741086074021;81
1;1741086075974;82
0;1741086078957;281
1;1741086079029;83
1;1741086088675;84
0;1741086088684;282
1;1741086090774;85
1;1741086091017;86
0;1741086091278;283
1;1741086092191;87
0;1741086093050;284
0;1741086094034;285
0;1741086095919;286
1;1741086099190;88
1;1741086102324;89
1;1741086105506;90
0;1741086106730;287
0;1741086108248;288
0;1741086112098;289
0;1741086115184;290
1;1741086117320;91
1;1741086124534;92
0;1741086128885;291
1;1741086129459;93
1;1741086133732;94
0;1741086141141;292
1;1741086143201;95
0;1741086143506;293
1;1741086144143;96
1;1741086145287;97
0;1741086146665;294
0;1741086150949;295
0;1741086153669;296
0;1741086153932;297
0;1741086158275;298
1;1741086161119;98
0;1741086161970;299
1;1741086164123;99
1;1741086164779;100
0;1741086166907;300
1;1741086167593;101
1;1741086169711;102
1;1741086171611;103
1;1741086174127;104
1;1741086182488;105
0;1741086182526;301
0;1741086186920;302
0;1741086191092;303
0;1741086192614;304
0;1741086194511;305
0;1741086194684;306
0;1741086195148;307
1;1741086196328;106
0;1741086199945;308
1;1741086200580;107
1;1741086206789;108
1;1741086213200;109
1;1741086214516;110
1;1741086217859;111
0;1741086218993;309
1;1741086221230;112
0;1741086228648;310
0;1741086231496;311
1;1741086231522;113
0;1741086233147;312
0;1741086235290;313
1;1741086236921;114
1;1741086237320;115
1;1741086238830;116
0;1741086244198;314
1;1741086244529;117
1;1741086249623;118
0;1741086255889;315
0;1741086256797;316
0;1741086257104;317
0;1741086257404;318
1;1741086258534;119
0;1741086263408;319
1;1741086269565;120
0;1741086275172;320
1;1741086276840;121
1;1741086278057;122
0;1741086281223;321
1;1741086281984;123
1;1741086282626;124
0;1741086284958;322
0;1741086287368;323
0;1741086290522;324
0;1741086298471;325
0;1741086302860;326
0;1741086302886;327
0;1741086308507;328
0;1741086311034;329
0;1741086313099;330
0;1741086319087;331
0;1741086319258;332
0;1741086330769;333
1;1741087429716;125
1;1741087434375;126
1;1741087443130;127
1;1741087449947;128
1;1741087455268;129
1;1741087464378;130
1;1741087466416;131
1;1741087475929;132
1;1741087483800;133
1;1741087484814;134
1;1741087485453;135
1;1741087485642;136
1;1741087488529;137
1;1741087489004;138
1;1741087514693;139
1;1741087516364;140
1;1741087517841;141
1;1741087526735;142
1;1741087534619;143
1;1741087535513;144
1;1741087542714;145
1;1741087547231;146
1;1741087547399;147
1;1741087559681;148
1;1741087565607;149
1;1741087565951;150
1;1741087567694;151
1;1741087571057;152
1;1741087573524;153
1;1741087577847;154
1;1741087583853;155
1;1741087598157;156
1;1741087603415;157
1;1741087605278;158
1;1741087606078;159
1;1741087606701;160
1;1741087611111;161
1;1741087615650;162
1;1741087616298;163
1;1741087620584;164
1;1741087624345;165
1;1741087649056;166
1;1741087649285;167
1;1741087653830;168
1;1741087653870;169
1;1741087657439;170
1;1741087674162;171
1;1741087676828;172
1;1741087680309;173
1;1741087682832;174
1;1741087691902;175
1;1741087692257;176
1;1741087692702;177
1;1741087711075;178
1;1741087712889;179
1;1741087715225;180
1;1741087718978;181
1;1741087722451;182
1;1741087733462;183
1;1741087736116;184
1;1741087738139;185
1;1741087743530;186
1;1741087744481;187
1;1741087748104;188
1;1741087756067;189
1;1741087769007;190
1;1741087769764;191
1;1741087779162;192
1;1741087780384;193
1;1741087785787;194
1;1741087787333;195
1;1741087804487;196
1;1741087811540;197
1;1741087813735;198
1;1741087815120;199
1;1741087820027;200
1;1741087822594;201
1;1741087823610;202
1;1741087828082;203
1;1741087833236;204
1;1741087838244;205
1;1741087839286;206
1;1741087841732;207
1;1741087849131;208
1;1741087849600;209
1;1741087870350;210
1;1741087871581;211
1;1741087876086;212
1;1741087885363;213
1;1741087885567;214
1;1741087886723;215
1;1741087889655;216
1;1741087893972;217
1;1741087894863;218
1;1741087900321;219
1;1741087908190;220
1;1741087908712;221
1;1741087911169;222
1;1741087935405;223
1;1741087936820;224
1;1741087939783;225
1;1741087941293;226
1;1741087948654;227
1;1741087951270;228
1;1741087960615;229
1;1741087965415;230
1;1741087971076;231
1;1741087975425;232
1;1741087982196;233
1;1741087985100;234
1;1741087992833;235
1;1741087996513;236
1;1741087997147;237
1;1741087997350;238
1;1741088000659;239
1;1741088002878;240
1;1741088019313;241
1;1741088021301;242
1;1741088025474;243
1;1741088036772;244
1;1741088039016;245
1;1741088049020;246
1;1741088053803;247
1;1741088058591;248
1;1741088059326;249
1;1741088065328;250
1;1741088066357;251
1;1741088071731;252
1;1741088073623;253
1;1741088079686;254
1;1741088081686;255
1;1741088096834;256
1;1741088099246;257
1;1741088104812;258
1;1741088111812;259
1;1741088112043;260
1;1741088116107;261
1;1741088126062;262
1;1741088128764;263
1;1741088139407;264
1;1741088139823;265
1;1741088144110;266
1;1741088147428;267
1;1741088149956;268
1;1741088158139;269
1;1741088162240;270
1;1741088164234;271
1;1741088171502;272
1;1741088178498;273
1;1741088180559;274
1;1741088194500;275
1;1741088197223;276
1;1741088198356;277
1;1741088202768;278
1;1741088203711;279
1;1741088206427;280
1;1741088207405;281
1;1741088214522;282
1;1741088232045;283
1;1741088232653;284
1;1741088238069;285
1;1741088238415;286
1;1741088246651;287
1;1741088253862;288
1;1741088253989;289
1;1741088264197;290
1;1741088274996;291
1;1741088277929;292
1;1741088279037;293
1;1741088287309;294
1;1741088288658;295
1;1741088291413;296
1;1741088298002;297
1;1741088308618;298
1;1741088314100;299
1;1741088315384;300
1;1741088319699;301
1;1741088323329;302
1;1741088324549;303
1;1741088333015;304
1;1741088347603;305
1;1741088352233;306
1;1741088373267;307
1;1741088717539;308
1;1741088737759;309
1;1741088741980;310
1;1741088746701;311
1;1741088748818;312
1;1741088753410;313
1;1741088753795;314
1;1741088761035;315
1;1741088764574;316
1;1741088772767;317
1;1741088783613;318
1;1741088786386;319
1;1741088786612;320
1;1741088792703;321
1;1741088793632;322
1;1741088796549;323
1;1741088804246;324
1;1741088806762;325
1;1741088809158;326
1;1741088809333;327
1;1741088822742;328
1;1741088837653;329
1;1741088842492;330
1;1741088847769;331
1;1741088848310;332
1;1741088850700;333
1;1741088852333;334
1;1741088862180;335
1;1741088863321;336
1;1741088865730;337
1;1741088875806;338
1;1741088883870;339
1;1741088888912;340
1;1741088891234;341
1;1741088901030;342
1;1741088907187;343
1;1741088910020;344
1;1741088912517;345
1;1741088922756;346
1;1741088928224;347
1;1741088928251;348
1;1741088929078;349
1;1741088930863;350
1;1741088931655;351
1;1741088936020;352
1;1741088947975;353
1;1741088952178;354
1;1741088955462;355
1;1741088977253;356
1;1741088982079;357
1;1741088984906;358
1;1741088987399;359
1;1741088988511;360
1;1741088990946;361
1;1741088995040;362
1;1741089003335;363
1;1741089004916;364
1;1741089022915;365
1;1741089023150;366
1;1741089030870;367
1;1741089031112;368
1;1741089031759;369
1;1741089032338;370
1;1741089046971;371
1;1741089047090;372
1;1741089049659;373
1;1741089060567;374
1;1741089066170;375
1;1741089072989;376
1;1741089078369;377
1;1741089085239;378
1;1741089087790;379
1;1741089090464;380
1;1741089091156;381
1;1741089092590;382
1;1741089097412;383
1;1741089100411;384
1;1741089108676;385
1;1741089119497;386
1;1741089125425;387
1;1741089130756;388
1;1741089133924;389
1;1741089139270;390
1;1741089143463;391
1;1741089145421;392
1;1741089153050;393
1;1741089161302;394
1;1741089162798;395
1;1741089162941;396
1;1741089176386;397
1;1741089176709;398
1;1741089178933;399
1;1741089182232;400
1;1741089186817;401
1;1741089198724;402
1;1741089201589;403
1;1741089202994;404
1;1741089211354;405
1;1741089212892;406
1;1741089225456;407
1;1741089229244;408
1;1741089235030;409
1;1741089237416;410
1;1741089239282;411
1;1741089253937;412
1;1741089256407;413
1;1741089258669;414
1;1741089260003;415
1;1741089264070;416
1;1741089281470;417
1;1741089286488;418
1;1741089286551;419
1;1741089289627;420
1;1741089298421;421
1;1741089306963;422
1;1741089307378;423
1;1741089313520;424
1;1741089313852;425
1;1741089320354;426
1;1741089325752;427
1;1741089327759;428
1;1741089343069;429
1;1741089343468;430
1;1741089344517;431
1;1741089352471;432
1;1741089360633;433
1;1741089363958;434
1;1741089367737;435
1;1741089369805;436
1;1741089370455;437
1;1741089371341;438
1;1741089375616;439
1;1741089388860;440
1;1741089390425;441
1;1741089391009;442
1;1741089399748;443
1;1741089406407;444
1;1741089411124;445
1;1741089425052;446
1;1741089426252;447
1;1741089438200;448
1;1741089442365;449
1;1741089443050;450
1;1741089448214;451
1;1741089452445;452
1;1741089461573;453
1;1741089462137;454
1;1741089464610;455
1;1741089472338;456
1;1741089481160;457
1;1741089484999;458
1;1741089491193;459
1;1741089491439;460
1;1741089493295;461
1;1741089494682;462
1;1741089498761;463
1;1741089498933;464
1;1741089506324;465
1;1741089517032;466
1;1741089521954;467
1;1741089528272;468
1;1741089535425;469
1;1741089536014;470
1;1741089537086;471
1;1741089543210;472
1;1741089552104;473
1;1741089552702;474
1;1741089561033;475
1;1741089561236;476
1;1741089572922;477
1;1741089582989;478
1;1741089584007;479
1;1741089589839;480
1;1741089591205;481
1;1741089604409;482
1;1741089605497;483
1;1741089611612;484
1;1741089612252;485
1;1741089616159;486
1;1741089618444;487
1;1741089625207;488
1;1741089629030;489
1;1741089631235;490
1;1741089640559;491
1;1741089642816;492
1;1741089647785;493
1;1741089655518;494
1;1741089665708;495
1;1741089668353;496
1;1741089680858;497
1;1741089688143;498
1;1741089689007;499
1;1741089693278;500
1;1741089698422;501
1;1741089701229;502
1;1741089713301;503
1;1741089714485;504
1;1741089717922;505
1;1741089720540;506
1;1741089721886;507
1;1741089724241;508
1;1741089726178;509
1;1741089731246;510
1;1741089735522;511
1;1741089748834;512
1;1741089754791;513
1;1741089760487;514
1;1741089761682;515
1;1741089772573;516
1;1741089773077;517
1;1741089777257;518
1;1741089783046;519
1;1741089792213;520
1;1741089795443;521
1;1741089800180;522
1;1741089803086;523
1;1741089807715;524
1;1741089809929;525
1;1741089813629;526
1;1741089826845;527
1;1741089827147;528
1;1741089831446;529
1;1741089835401;530
1;1741089837931;531
1;1741089849707;532
1;1741089852119;533
1;1741089854801;534
1;1741089857824;535
1;1741089861489;536
1;1741089886997;537
1;1741089891872;538
1;1741089893932;539
1;1741089894827;540
1;1741089896862;541
1;1741089900870;542
1;1741089903505;543
1;1741089911065;544
1;1741089926941;545
1;1741089929583;546
1;1741089931779;547
1;1741089934646;548
1;1741089937200;549
1;1741089937647;550
1;1741089938045;551
1;1741089942988;552
1;1741089943321;553
1;1741089958093;554
1;1741089962262;555
1;1741089963118;556
1;1741089968593;557
1;1741089974273;558
1;1741089975814;559
1;1741089985397;560
1;1741089992325;561
1;1741089996972;562
1;1741089999252;563
1;1741090011563;564
1;1741090019827;565
1;1741090021719;566
1;1741090022271;567
1;1741090030646;568
1;1741090035115;569
1;1741090036489;570
1;1741090045195;571
1;1741090045487;572
1;1741090049451;573
1;1741090054782;574
1;1741090058273;575
1;1741090063541;576
1;1741090064150;577
1;1741090070297;578
1;1741090073219;579
1;1741090090794;580
1;1741090097887;581
1;1741090099490;582
1;1741090100570;583
1;1741090110788;584
1;1741090117657;585
1;1741090123906;586
1;1741090125567;587
1;1741090137306;588
1;1741090146890;589
1;1741090147741;590
1;1741090148043;591
1;1741090155784;592
1;1741090158639;593
1;1741090159225;594
1;1741090161749;595
1;1741090163880;596
1;1741090169969;597
1;1741090186500;598
1;1741090192096;599
1;1741090192967;600
1;1741090193636;601
1;1741090198047;602
1;1741090201867;603
1;1741090206133;604
1;1741090206145;605
1;1741090208177;606
1;1741090215395;607
1;1741090220577;608
1;1741090228649;609
1;1741090237944;610
1;1741090238376;611
1;1741090239916;612
1;1741090244969;613
1;1741090259760;614
1;1741090271036;615
1;1741090281299;616
1;1741090283170;617
1;1741090283338;618
1;1741090285455;619
1;1741090287254;620
1;1741090289190;621
1;1741090295990;622
1;1741090297214;623
1;1741090313516;624
1;1741090315943;625
1;1741090317032;626
1;1741090322312;627
1;1741090325483;628
1;1741090325858;629
1;1741090334841;630
1;1741090341297;631
1;1741090351507;632
1;1741090354715;633
1;1741090361237;634
1;1741090366890;635
1;1741090369235;636
1;1741090371873;637
1;1741090375204;638
1;1741090381510;639
1;1741090381860;640
1;1741090392949;641
1;1741090394171;642
1;1741090395452;643
1;1741090405385;644
1;1741090406413;645
1;1741090418326;646
1;1741090420954;647
1;1741090421856;648
1;1741090432913;649
1;1741090437032;650
1;1741090439199;651
1;1741090444619;652
1;1741090447962;653
1;1741090457024;654
1;1741090462334;655
1;1741090464159;656
1;1741090464614;657
1;1741090473705;658
1;1741090478903;659
1;1741090487727;660
1;1741090500151;661
1;1741090503265;662
1;1741090504735;663
1;1741090508058;664
1;1741090509268;665
1;1741090511954;666
1;1741090512103;667
1;1741090514438;668
1;1741090539525;669
1;1741090540264;670
1;1741090541536;671
1;1741090542489;672
1;1741090545237;673
1;1741090550739;674
1;1741090562513;675
1;1741090570106;676
1;1741090580761;677
1;1741090587722;678
1;1741090587895;679
1;1741090592191;680
1;1741090592745;681
1;1741090593976;682
1;1741090600832;683
1;1741090614937;684
1;1741090618416;685
1;1741090619342;686
1;1741090620744;687
1;1741090625309;688
1;1741090638308;689
1;1741090640828;690
1;1741090643968;691
1;1741090648560;692
1;1741090649437;693
1;1741090652511;694
1;1741090658595;695
1;1741090671204;696
1;1741090675553;697
1;1741090679422;698
1;1741090680362;699
1;1741090689002;700
1;1741090691053;701
1;1741090696785;702
1;1741090696885;703
1;1741090698445;704
1;1741090716372;705
1;1741090720560;706
1;1741090723206;707
1;1741090735632;708
1;1741090742259;709
1;1741090742586;710
1;1741090747919;711
1;1741090749986;712
1;1741090755071;713
1;1741090756506;714
1;1741090759054;715
1;1741090771320;716
1;1741090779265;717
1;1741090781594;718
1;1741090782998;719
1;1741090789367;720
1;1741090794805;721
1;1741090796118;722
1;1741090796536;723
1;1741090799655;724
1;1741090801319;725
1;1741090820568;726
1;1741090826310;727
1;1741090830077;728
1;1741090836081;729
1;1741090838211;730
1;1741090839327;731
1;1741090843091;732
1;1741090848158;733
1;1741090852084;734
1;1741090862126;735
1;1741090864920;736
1;1741090875164;737
1;1741090875527;738
1;1741090884823;739
1;1741090886909;740
1;1741090889987;741
1;1741090890740;742
1;1741090893742;743
1;1741090910690;744
1;1741090911177;745
1;1741090926487;746
1;1741090926505;747
1;1741090928183;748
1;1741090932077;749
1;1741090936310;750
1;1741090947519;751
1;1741090949916;752
1;1741090956858;753
1;1741090957364;754
1;1741090962405;755
1;1741090968503;756
1;1741090979708;757
1;1741090987059;758
1;1741090988649;759
1;1741090990768;760
1;1741090995495;761
1;1741091004007;762
1;1741091007842;763
1;1741091015898;764
1;1741091020911;765
1;1741091021350;766
1;1741091022613;767
1;1741091026076;768
1;1741091027932;769
1;1741091033462;770
1;1741091038246;771
1;1741091051000;772
1;1741091055670;773
1;1741091058039;774
1;1741091058403;775
1;1741091065336;776
1;1741091065957;777
1;1741091072806;778
1;1741091074938;779
1;1741091088210;780
1;1741091094659;781
1;1741091099982;782
1;1741091103906;783
1;1741091106173;784
1;1741091113287;785
1;1741091117850;786
1;1741091123110;787
1;1741091123959;788
1;1741091137511;789
1;1741091142507;790
1;1741091147325;791
1;1741091147719;792
1;1741091151607;793
1;1741091156931;794
1;1741091163205;795
1;1741091166205;796
1;1741091166674;797
1;1741091169761;798
1;1741091192790;799
1;1741091194068;800
1;1741091195496;801
1;1741091201351;802
1;1741091202481;803
1;1741091203841;804
1;1741091204939;805
1;1741091220692;806
1;1741091225163;807
1;1741091228722;808
1;1741091228809;809
1;1741091241138;810
1;1741091246351;811
1;1741091251267;812
1;1741091255447;813
1;1741091255797;814
3;1741091265801;2
1;1741091265919;815
1;1741091272523;816
1;1741091274460;817
1;1741091278042;818
1;1741091282887;819
1;1741091283923;820
1;1741091292493;821
1;1741091293543;822
1;1741091301071;823
1;1741091302209;824
1;1741091309769;825
1;1741091318881;826
1;1741091321992;827
1;1741091322130;828
1;1741091328791;829
1;1741091332838;830
1;1741091337321;831
1;1741091354065;832
1;1741091355588;833
1;1741091358458;834
1;1741091358553;835
1;1741091365296;836
1;1741091371655;837
1;1741091372445;838
1;1741091378667;839
1;1741091383973;840
1;1741091384171;841
1;1741091404814;842
1;1741091407719;843
1;1741091410438;844
1;1741091411784;845
1;1741091414542;846
1;1741091427953;847
1;1741091429991;848
1;1741091436878;849
1;1741091440518;850
1;1741091449392;851
1;1741091452179;852
1;1741091453884;853
1;1741091462356;854
1;1741091465341;855
1;1741091469567;856
1;1741091471528;857
1;1741091478325;858
1;1741091479164;859
1;1741091488823;860
1;1741091495483;861
1;1741091505631;862
1;1741091507998;863
1;1741091508614;864
1;1741091511515;865
1;1741091515735;866
1;1741091525070;867
1;1741091527667;868
1;1741091528566;869
1;1741091528576;870
1;1741091548215;871
1;1741091549730;872
1;1741091558183;873
1;1741091559069;874
1;1741091559916;875
1;1741091562785;876
1;1741091583606;877
1;1741091588641;878
1;1741091589114;879
1;1741091593778;880
1;1741091598711;881
1;1741091600305;882
1;1741091607555;883
1;1741091609987;884
1;1741091612554;885
1;1741091618711;886
1;1741091626590;887
1;1741091636997;888
1;1741091643884;889
1;1741091644513;890
1;1741091645617;891
1;1741091647752;892
1;1741091648361;893
1;1741091652087;894
1;1741091666457;895
1;1741091666887;896
1;1741091670349;897
1;1741091675359;898
1;1741091678276;899
1;1741091686031;900
1;1741091687604;901
1;1741091690974;902
1;1741091712008;903
1;1741091713454;904
1;1741091714715;905
1;1741091720436;906
1;1741091727772;907
1;1741091729066;908
1;1741091732715;909
1;1741091736717;910
1;1741091739243;911
1;1741091743091;912
1;1741091752653;913
1;1741091762126;914
1;1741091763831;915
1;1741091764455;916
1;1741091764615;917
1;1741091779628;918
1;1741091783254;919
1;1741091783322;920
1;1741091788347;921
1;1741091793375;922
1;1741091796488;923
1;1741091799466;924
1;1741091815836;925
1;1741091821415;926
1;1741091821580;927
1;1741091829025;928
1;1741091831125;929
1;1741091835633;930
1;1741091844978;931
1;1741091846159;932
1;1741091858100;933
1;1741091858210;934
1;1741091871360;935
1;1741091873976;936
1;1741091875393;937
1;1741091880102;938
1;1741091884185;939
1;1741091892666;940
1;1741091894097;941
1;1741091898388;942
1;1741091905917;943
1;1741091906297;944
1;1741091913388;945
1;1741091914685;946
1;1741091917244;947
1;1741091921744;948
1;1741091936860;949
1;1741091937091;950
1;1741091944293;951
1;1741091949166;952
1;1741091955394;953
1;1741091961887;954
1;1741091963601;955
1;1741091965061;956
1;1741091965112;957
1;1741091966156;958
1;1741091982900;959
1;1741091983715;960
1;1741091983946;961
1;1741091989553;962
1;1741091997466;963
1;1741092006080;964
1;1741092019893;965
1;1741092023220;966
1;1741092024581;967
1;1741092029503;968
1;1741092032575;969
1;1741092035075;970
1;1741092041984;971
1;1741092043336;972
1;1741092047327;973
1;1741092048305;974
1;1741092053251;975
1;1741092072807;976
1;1741092078028;977
1;1741092080734;978
1;1741092081655;979
1;1741092094059;980
1;1741092103158;981
1;1741092103193;982
1;1741092104610;983
1;1741092116784;984
1;1741092122958;985
1;1741092127312;986
1;1741092127874;987
1;1741092133804;988
1;1741092137179;989
1;1741092142152;990
1;1741092142272;991
1;1741092145907;992
1;1741092151909;993
1;1741092154194;994
1;1741092156143;995
1;1741092156917;996
1;1741092168964;997
1;1741092179066;998
1;1741092180333;999
1;1741092184876;1000
1;1741092190779;1001
1;1741092194437;1002
1;1741092195734;1003
1;1741092208184;1004
1;1741092208632;1005
1;1741092212528;1006
1;1741092218317;1007
1;1741092232488;1008
1;1741092238153;1009
1;1741092241310;1010
1;1741092244698;1011
1;1741092245823;1012
1;1741092252089;1013
1;1741092253136;1014
1;1741092255505;1015
1;1741092264692;1016
1;1741092269900;1017
1;1741092273419;1018
1;1741092278645;1019
1;1741092283583;1020
1;1741092300421;1021
1;1741092304630;1022
1;1741092308713;1023
1;1741092308732;1024
1;1741092311081;1025
1;1741092312985;1026
1;1741092320028;1027
1;1741092323662;1028
1;1741092330148;1029
1;1741092332882;1030
1;1741092338211;1031
1;1741092347785;1032
1;1741092351310;1033
1;1741092357129;1034
1;1741092373078;1035
1;1741092375114;1036
1;1741092381550;1037
1;1741092382378;1038
1;1741092396657;1039
1;1741092398317;1040
1;1741092398799;1041
1;1741092400726;1042
1;1741092409287;1043
1;1741092412606;1044
1;1741092413005;1045
1;1741092421721;1046
1;1741092432648;1047
1;1741092432688;1048
1;1741092442653;1049
1;1741092444724;1050
1;1741092448928;1051
1;1741092449574;1052
1;1741092452695;1053
1;1741092456035;1054
1;1741092456939;1055
1;1741092471487;1056
1;1741092472715;1057
1;1741092477664;1058
1;1741092479589;1059
1;1741092485116;1060
1;1741092490226;1061
1;1741092491009;1062
0;1741092502072;334
0;1741092505752;335
1;1741092507352;1063
1;1741092509030;1064
1;1741092512985;1065
1;1741092520384;1066
0;1741092525207;336
1;1741092525279;1067
1;1741092530132;1068
1;1741092532795;1069
0;1741092533627;337
1;1741092533684;1070
0;1741092534233;338
1;1741092534774;1071
0;1741092537710;339
0;1741092539184;340
0;1741092539405;341
0;1741092543923;342
1;1741092546044;1072
0;1741092547047;343
1;1741092548344;1073
1;1741092551528;1074
1;1741092553911;1075
0;1741092554047;344
1;1741092556133;1076
0;1741092557671;345
0;1741092565185;346
0;1741092566598;347
0;1741092571785;348
1;1741092574039;1077
1;1741092579469;1078
1;1741092580951;1079
0;1741092582289;349
0;1741092583865;350
1;1741092586075;1080
0;1741092587918;351
1;1741092589624;1081
1;1741092599845;1082
0;1741092601256;352
0;1741092602556;353
1;1741092602616;1083
0;1741092603197;354
1;1741092603678;1084
0;1741092604369;355
1;1741092604647;1085
0;1741092608554;356
1;1741092613829;1086
1;1741092617099;1087
0;1741092624947;357
1;1741092629679;1088
1;1741092632011;1089
0;1741092633098;358
1;1741092635448;1090
1;1741092637988;1091
0;1741092639901;359
0;1741092643989;360
1;1741092645570;1092
0;1741092647035;361
0;1741092647793;362
1;1741092648476;1093
0;1741092650949;363
1;1741092652591;1094
1;1741092655341;1095
0;1741092657573;364
0;1741092661452;365
0;1741092662076;366
1;1741092668809;1096
1;1741092672511;1097
0;1741092675026;367
1;1741092677072;1098
0;1741092677469;368
1;1741092680424;1099
1;1741092685805;1100
0;1741092686443;369
1;1741092689375;1101
0;1741092692987;370
1;1741092694190;1102
1;1741092695558;1103
0;1741092696500;371
0;1741092697488;372
1;1741092704305;1104
0;1741092704471;373
0;1741092704667;374
1;1741092708617;1105
0;1741092712784;375
1;1741092712910;1106
1;1741092718674;1107
0;1741092722717;376
0;1741092724405;377
0;1741092728462;378
1;1741092735917;1108
1;1741092737346;1109
1;1741092738663;1110
1;1741092739026;1111
0;1741092739081;379
0;1741092741814;380
0;1741092742146;381
1;1741092744082;1112
1;1741092744122;1113
0;1741092746289;382
0;1741092751682;383
0;1741092754902;384
1;1741092761612;1114
0;1741092765548;385
1;1741092770182;1115
1;1741092772095;1116
0;1741092775198;386
1;1741092775215;1117
1;1741092778494;1118
0;1741092781053;387
0;1741092785543;388
1;1741092786227;1119
1;1741092786935;1120
0;1741092790721;389
1;1741092791909;1121
1;1741092795053;1122
0;1741092795689;390
0;1741092796190;391
0;1741092798814;392
0;1741092798989;393
1;1741092802210;1123
0;1741092804127;394
0;1741092805247;395
0;1741092809685;396
1;1741092816457;1124
1;1741092817935;1125
0;1741092819277;397
1;1741092824619;1126
0;1741092826717;398
0;1741092829077;399
0;1741092830521;400
0;1741092831752;401
1;1741092833215;1127
1;1741092834335;1128
1;1741092835002;1129
1;1741092837550;1130
1;1741092839526;1131
1;1741092841577;1132
1;1741092842195;1133
0;1741092845968;402
0;1741092847413;403
0;1741092854968;404
1;1741092859347;1134
1;1741092860884;1135
0;1741092867598;405
0;1741092869631;406
1;1741092875890;1136
0;1741092876004;407
1;1741092877981;1137
1;1741092878862;1138
1;1741092882152;1139
0;1741092882337;408
0;1741092882478;409
1;1741092882981;1140
0;1741092883510;410
0;1741092887984;411
1;1741092888184;1141
0;1741092888439;412
1;1741092893223;1142
1;1741092895740;1143
0;1741092904595;413
1;1741092904779;1144
0;1741092910751;414
1;1741092911387;1145
1;1741092911465;1146
1;1741092912638;1147
1;1741092914503;1148
0;1741092914889;415
0;1741092918356;416
0;1741092918368;417
1;1741092923780;1149
1;1741092929832;1150
0;1741092933741;418
0;1741092933914;419
0;1741092935544;420
0;1741092936775;421
1;1741092937737;1151
0;1741092943817;422
1;1741092950151;1152
1;1741092951693;1153
0;1741092952170;423
1;1741092954433;1154
0;1741092962470;424
0;1741092964078;425
1;1741092965075;1155
0;1741092965897;426
0;1741092970296;427
0;1741092980237;428
1;1741092980818;1156
1;1741092982315;1157
1;1741092988069;1158
0;1741092988613;429
0;1741092989060;430
0;1741092989460;431
1;1741092989517;1159
1;1741092989969;1160
1;1741092994787;1161
0;1741093000725;432
1;1741093004221;1162
1;1741093010504;1163
0;1741093011044;433
1;1741093013082;1164
1;1741093017790;1165
0;1741093017913;434
0;1741093018554;435
0;1741093020441;436
1;1741093022895;1166
0;1741093023130;437
0;1741093024005;438
1;1741093026000;1167
1;1741093033428;1168
1;1741093033715;1169
1;1741093033738;1170
1;1741093035911;1171
0;1741093035992;439
1;1741093046868;1172
0;1741093047035;440
0;1741093049254;441
0;1741093050052;442
0;1741093050751;443
0;1741093056496;444
1;1741093058242;1173
1;1741093060546;1174
1;1741093062046;1175
1;1741093064238;1176
0;1741093065631;445
1;1741093068323;1177
0;1741093070575;446
0;1741093071018;447
0;1741093072935;448
0;1741093075688;449
1;1741093080944;1178
1;1741093086786;1179
0;1741093090836;450
1;1741093093171;1180
1;1741093095487;1181
0;1741093097125;451
1;1741093100312;1182
0;1741093102997;452
1;1741093105375;1183
0;1741093107878;453
0;1741093112151;454
1;1741093114641;1184
1;1741093117157;1185
0;1741093117564;455
0;1741093118197;456
1;1741093121629;1186
1;1741093123370;1187
0;1741093128800;457
0;1741093129587;458
1;1741093130629;1188
1;1741093131458;1189
0;1741093134778;459
1;1741093134947;1190
0;1741093135165;460
1;1741093140701;1191
0;1741093141270;461
0;1741093142399;462
1;1741093143384;1192
1;1741093145514;1193
1;1741093145753;1194
0;1741093148955;463
1;1741093158376;1195
1;1741093158415;1196
0;1741093162665;464
0;1741093162962;465
0;1741093164286;466
0;1741093169654;467
0;1741093173449;468
1;1741093173676;1197
1;1741093181377;1198
1;1741093182892;1199
0;1741093183644;469
1;1741093184761;1200
0;1741093187903;470
0;1741093190698;471
1;1741093192064;1201
0;1741093196412;472
1;1741093197201;1202
1;1741093200194;1203
0;1741093200923;473
0;1741093201822;474
1;1741093205271;1204
1;1741093213458;1205
0;1741093214745;475
1;1741093215369;1206
1;1741093216914;1207
0;1741093221933;476
0;1741093224976;477
1;1741093225216;1208
0;1741093230879;478
0;1741093232905;479
0;1741093236483;480
1;1741093238286;1209
1;1741093238813;1210
0;1741093241508;481
0;1741093252009;482
1;1741093252718;1211
0;1741093253089;483
1;1741093256847;1212
1;1741093258329;1213
1;1741093258927;1214
0;1741093260057;484
0;1741093260928;485
0;1741093264822;486
0;1741093264963;487
1;1741093266124;1215
1;1741093267191;1216
1;1741093269655;1217
0;1741093274145;488
1;1741093277698;1218
1;1741093283963;1219
1;1741093284813;1220
1;1741093289584;1221
0;1741093294688;489
0;1741093294870;490
1;1741093295111;1222
0;1741093296158;491
0;1741093296291;492
1;1741093298932;1223
1;1741093300266;1224
0;1741093300553;493
1;1741093304181;1225
0;1741093306288;494
1;1741093308225;1226
0;1741093309499;495
1;1741093312918;1227
0;1741093313988;496
0;1741093318599;497
0;1741093322354;498
1;1741093324326;1228
0;1741093324449;499
1;1741093325026;1229
0;1741093329117;500
1;1741093329202;1230
0;1741093331482;501
1;1741093340845;1231
1;1741093344624;1232
0;1741093348138;502
0;1741093351619;503
0;1741093352289;504
1;1741093358152;1233
1;1741093360349;1234
1;1741093363089;1235
0;1741093367342;505
0;1741093368885;506
1;1741093369738;1236
0;1741093373404;507
1;1741093374277;1237
0;1741093375167;508
0;1741093378572;509
1;1741093378910;1238
1;1741093379699;1239
0;1741093387063;510
1;1741093387564;1240
1;1741093393349;1241
0;1741093393688;511
1;1741093395132;1242
0;1741093397984;512
1;1741093398110;1243
0;1741093399644;513
1;1741093400784;1244
0;1741093406345;514
1;1741093407692;1245
0;1741093418382;515
1;1741093418591;1246
1;1741093419485;1247
1;1741093421713;1248
0;1741093424751;516
0;1741093425429;517
0;1741093430596;518
1;1741093430885;1249
0;1741093432957;519
1;1741093436753;1250
1;1741093437475;1251
0;1741093439857;520
1;1741093440181;1252
0;1741093443889;521
0;1741093445204;522
0;1741093447603;523
1;1741093448144;1253
1;1741093450731;1254
0;1741093458395;524
0;1741093459462;525
1;1741093459574;1255
1;1741093459925;1256
0;1741093467426;526
0;1741093467962;527
1;1741093472259;1257
1;1741093476860;1258
0;1741093479072;528
1;1741093480034;1259
1;1741093482351;1260
0;1741093485872;529
0;1741093491607;530
0;1741093491890;531
0;1741093492488;532
1;1741093500818;1261
1;1741093503623;1262
0;1741093506444;533
1;1741093508556;1263
0;1741093511283;534
0;1741093515225;535
0;1741093516106;536
1;1741093517595;1264
1;1741093522153;1265
0;1741093524471;537
1;1741093524929;1266
0;1741093525824;538
0;1741093529255;539
1;1741093531510;1267
1;1741093534820;1268
0;1741093538051;540
0;1741093541127;541
1;1741093542059;1269
1;1741093544238;1270
1;1741093544805;1271
0;1741093549367;542
0;1741093555043;543
1;1741093555168;1272
0;1741093556505;544
1;1741093558313;1273
1;1741093562750;1274
1;1741093563193;1275
0;1741093563307;545
0;1741093568870;546
0;1741093569543;547
0;1741093571394;548
1;1741093574331;1276
1;1741093576395;1277
0;1741093579686;549
1;1741093580815;1278
0;1741093580931;550
1;1741093589610;1279
1;1741093592436;1280
1;1741093593127;1281
0;1741093595433;551
0;1741093595844;552
1;1741093596227;1282
0;1741093599181;553
1;1741093600849;1283
1;1741093605359;1284
0;1741093607572;554
1;1741093610483;1285
0;1741093615906;555
0;1741093615960;556
1;1741093616515;1286
1;1741093617998;1287
0;1741093620668;557
0;1741093623212;558
0;1741093625535;559
1;1741093627061;1288
1;1741093632011;1289
0;1741093633033;560
1;1741093634349;1290
1;1741093635572;1291
0;1741093636270;561
0;1741093637865;562
1;1741093649026;1292
1;1741093651053;1293
0;1741093653892;563
1;1741093654346;1294
0;1741093655424;564
1;1741093661754;1295
1;1741093663990;1296
1;1741093665090;1297
0;1741093666550;565
0;1741093667950;566
1;1741093668119;1298
0;1741093669483;567
0;1741093669605;568
0;1741093673940;569
1;1741093678132;1299
1;1741093680305;1300
0;1741093684497;570
1;1741093689247;1301
0;1741093693107;571
0;1741093696775;572
1;1741093701027;1302
0;1741093701717;573
0;1741093703197;574
0;1741093707386;575
0;1741093707559;576
1;1741093707967;1303
1;1741093709990;1304
1;1741093711429;1305
0;1741093715831;577
1;1741093720881;1306
1;1741093723879;1307
1;1741093725367;1308
1;1741093725579;1309
0;1741093725911;578
0;1741093729728;579
1;1741093730283;1310
0;1741093738818;580
1;1741093747087;1311
0;1741093751815;581
0;1741093753390;582
1;1741093755802;1312
1;1741093756634;1313
0;1741093757027;583
1;1741093757042;1314
0;1741093762554;584
0;1741093763333;585
1;1741093766855;1315
1;1741093767063;1316
1;1741093771965;1317
0;1741093772439;586
1;1741093773339;1318
1;1741093774230;1319
1;1741093779390;1320
0;1741093780044;587
0;1741093783663;588
0;1741093785235;589
0;1741093790167;590
0;1741093793728;591
1;1741093793740;1321
0;1741093796589;592
0;1741093798310;593
1;1741093798764;1322
1;1741093801991;1323
0;1741093805804;594
0;1741093815216;595
0;1741093815937;596
1;1741093820613;1324
1;1741093820910;1325
0;1741093821012;597
0;1741093823602;598
0;1741093823964;599
1;1741093830125;1326
1;1741093831621;1327
1;1741093831842;1328
1;1741093836664;1329
1;1741093841161;1330
1;1741093841630;1331
0;1741093842803;600
0;1741093845964;601
0;1741093846806;602
1;1741093850456;1332
1;1741093851497;1333
1;1741093853437;1334
1;1741093853670;1335
0;1741093855185;603
1;1741093856806;1336
0;1741093857550;604
0;1741093869251;605
0;1741093869977;606
0;1741093870079;607
0;1741093871075;608
0;1741093876633;609
1;1741093878689;1337
1;1741093879411;1338
1;1741093886944;1339
0;1741093887244;610
1;1741093892192;1340
1;1741093895712;1341
1;1741093896485;1342
0;1741093896614;611
0;1741093897196;612
1;1741093903512;1343
1;1741093905487;1344
0;1741093906301;613
0;1741093909798;614
0;1741093911763;615
0;1741093914751;616
1;1741093917139;1345
1;1741093917820;1346
1;1741093919141;1347
0;1741093919366;617
0;1741093925327;618
1;1741093929083;1348
0;1741093930415;619
1;1741093931674;1349
1;1741093935920;1350
0;1741093938852;620
1;1741093939273;1351
1;1741093940217;1352
1;1741093943415;1353
1;1741093943468;1354
0;1741093944974;621
0;1741093946753;622
0;1741093952355;623
0;1741093956464;624
0;1741093967107;625
1;1741093967642;1355
1;1741093968087;1356
1;1741093972165;1357
1;1741093972851;1358
0;1741093978874;626
0;1741093980388;627
1;1741093980522;1359
0;1741093980866;628
0;1741093981699;629
1;1741093982542;1360
0;1741093983174;630
0;1741093987943;631
0;1741093997103;632
1;1741094000385;1361
1;1741094000714;1362
0;1741094004707;633
1;1741094007405;1363
0;1741094007563;634
1;1741094013618;1364
0;1741094016753;635
0;1741094017492;636
1;1741094018233;1365
1;1741094023113;1366
0;1741094032098;637
1;1741094032179;1367
0;1741094033384;638
0;1741094037510;639
1;1741094038175;1368
1;1741094041284;1369
0;1741094041438;640
1;1741094045425;1370
0;1741094045804;641
1;1741094048973;1371
0;1741094050831;642
0;1741094051015;643
1;1741094052387;1372
1;1741094053401;1373
1;1741094056333;1374
0;1741094056797;644
1;1741094059438;1375
0;1741094060854;645
0;1741094064667;646
0;1741094067971;647
1;1741094071358;1376
1;1741094072777;1377
0;1741094072829;648
0;1741094073152;649
1;1741094075213;1378
1;1741094082677;1379
1;1741094083144;1380
1;1741094089274;1381
0;1741094092008;650
0;1741094094645;651
0;1741094099127;652
1;1741094101040;1382
0;1741094105324;653
1;1741094107172;1383
1;1741094107191;1384
0;1741094111810;654
0;1741094112788;655
0;1741094113352;656
0;1741094115970;657
1;1741094117749;1385
1;1741094119721;1386
1;1741094127709;1387
0;1741094128666;658
0;1741094129529;659
1;1741094133610;1388
1;1741094138405;1389
0;1741094138626;660
0;1741094141355;661
1;1741094144720;1390
0;1741094145455;662
0;1741094145761;663
1;1741094146359;1391
1;1741094150635;1392
0;1741094154529;664
1;1741094155796;1393
1;1741094164733;1394
1;1741094164999;1395
1;1741094168729;1396
0;1741094171633;665
0;1741094172399;666
1;1741094172900;1397
0;1741094177001;667
0;1741094183807;668
0;1741094184481;669
0;1741094184928;670
1;1741094185171;1398
0;1741094185893;671
0;1741094190553;672
1;1741094191940;1399
1;1741094194221;1400
1;1741094194473;1401
1;1741094197719;1402
1;1741094200275;1403
0;1741094202824;673
1;1741094205363;1404
0;1741094207253;674
0;1741094211146;675
1;1741094213658;1405
1;1741094214915;1406
1;1741094222892;1407
0;1741094226252;676
0;1741094228754;677
0;1741094230628;678
0;1741094230781;679
0;1741094233058;680
1;1741094234078;1408
1;1741094235340;1409
1;1741094237442;1410
0;1741094240972;681
0;1741094245606;682
0;1741094247798;683
1;1741094248388;1411
1;1741094252613;1412
0;1741094254799;684
1;1741094257968;1413
1;1741094263441;1414
1;1741094264070;1415
0;1741094264556;685
1;1741094267769;1416
0;1741094268591;686
1;1741094271815;1417
1;1741094273157;1418
0;1741094276456;687
0;1741094277966;688
0;1741094279561;689
0;1741094283924;690
1;1741094286350;1419
1;1741094286903;1420
0;1741094290915;691
0;1741094291823;692
0;1741094293864;693
1;1741094293985;1421
0;1741094302062;694
1;1741094302926;1422
1;1741094307169;1423
0;1741094315215;695
1;1741094317882;1424
1;1741094319140;1425
0;1741094319241;696
1;1741094320322;1426
1;1741094323321;1427
1;1741094324422;1428
1;1741094325362;1429
0;1741094326353;697
0;1741094329281;698
0;1741094332744;699
1;1741094332803;1430
0;1741094334419;700
1;1741094337724;1431
0;1741094338484;701
0;1741094349689;702
1;1741094349798;1432
0;1741094355671;703
1;1741094356670;1433
0;1741094357427;704
1;1741094358999;1434
0;1741094360517;705
1;1741094361856;1435
0;1741094364955;706
1;1741094365934;1436
0;1741094366421;707
1;1741094370634;1437
0;1741094374134;708
1;1741094380381;1438
1;1741094381053;1439
0;1741094392975;709
0;1741094395557;710
0;1741094397089;711
1;1741094398556;1440
0;1741094401963;712
0;1741094403876;713
0;1741094405018;714
1;1741094406377;1441
1;1741094406541;1442
1;1741094409526;1443
1;1741094409717;1444
1;1741094413420;1445
1;1741094415023;1446
0;1741094416178;715
0;1741094418574;716
0;1741094421837;717
1;1741094423379;1447
0;1741094426592;718
1;1741094428024;1448
0;1741094430163;719
0;1741094433382;720
1;1741094437386;1449
1;1741094440764;1450
1;1741094444215;1451
0;1741094447838;721
0;1741094450927;722
0;1741094451995;723
1;1741094455432;1452
1;1741094456848;1453
1;1741094461074;1454
0;1741094462169;724
0;1741094470370;725
1;1741094471904;1455
0;1741094472758;726
1;1741094472878;1456
0;1741094473772;727
1;1741094474433;1457
0;1741094475526;728
0;1741094477971;729
0;1741094482475;730
1;1741094485364;1458
1;1741094486376;1459
1;1741094486806;1460
1;1741094491002;1461
1;1741094492826;1462
1;1741094492905;1463
0;1741094494453;731
0;1741094498085;732
0;1741094501142;733
0;1741094501909;734
0;1741094503609;735
1;1741094512841;1464
1;1741094514672;1465
0;1741094518852;736
1;1741094519185;1466
0;1741094522226;737
0;1741094526889;738
1;1741094527408;1467
0;1741094530495;739
1;1741094533311;1468
1;1741094533719;1469
1;1741094535589;1470
0;1741094539729;740
1;1741094541599;1471
1;1741094543171;1472
0;1741094543542;741
1;1741094545554;1473
0;1741094547211;742
0;1741094550491;743
0;1741094552856;744
0;1741094555650;745
0;1741094556263;746
1;1741094558168;1474
1;1741094560487;1475
1;1741094566856;1476
1;1741094569481;1477
0;1741094569543;747
1;1741094577120;1478
0;1741094582434;748
1;1741094589184;1479
0;1741094589825;749
1;1741094589925;1480
0;1741094591262;750
0;1741094593803;751
1;1741094596258;1481
0;1741094598827;752
0;1741094600234;753
1;1741094601314;1482
1;1741094602316;1483
0;1741094605455;754
0;1741094606270;755
1;1741094611935;1484
1;1741094612600;1485
1;1741094616634;1486
0;1741094619552;756
1;1741094623468;1487
0;1741094624463;757
0;1741094629432;758
0;1741094630008;759
1;1741094632535;1488
1;1741094634438;1489
1;1741094635628;1490
0;1741094637202;760
1;1741094641127;1491
1;1741094642321;1492
0;1741094643297;761
0;1741094645282;762
1;1741094648009;1493
0;1741094652000;763
0;1741094656301;764
1;1741094660558;1494
1;1741094663574;1495
1;1741094668902;1496
0;1741094669832;765
0;1741094672748;766
1;1741094675821;1497
0;1741094676105;767
1;1741094677626;1498
0;1741094681916;768
0;1741094682091;769
1;1741094689875;1499
1;1741094692427;1500
0;1741094692624;770
1;1741094694530;1501
1;1741094695136;1502
0;1741094696566;771
1;1741094698728;1503
0;1741094698995;772
1;1741094703664;1504
0;1741094707936;773
1;1741094713868;1505
1;1741094714039;1506
0;1741094716725;774
0;1741094716805;775
0;1741094719975;776
0;1741094722872;777
0;1741094725184;778
0;1741094728821;779
1;1741094734578;1507
1;1741094734867;1508
0;1741094736248;780
1;1741094740753;1509
1;1741094742852;1510
1;1741094744806;1511
1;1741094745327;1512
0;1741094745606;781
0;1741094750041;782
1;1741094750056;1513
1;1741094751630;1514
0;1741094755917;783
1;1741094757848;1515
0;1741094760968;784
0;1741094763812;785
1;1741094764699;1516
1;1741094764863;1517
0;1741094767891;786
0;1741094768941;787
0;1741094773550;788
1;1741094778365;1518
0;1741094783785;789
1;1741094786940;1519
1;1741094790523;1520
1;1741094791847;1521
1;1741094793143;1522
0;1741094794999;790
0;1741094802532;791
0;1741094802958;792
0;1741094802995;793
1;1741094803374;1523
1;1741094805678;1524
1;1741094806899;1525
0;1741094807085;794
1;1741094809578;1526
1;1741094815328;1527
0;1741094821477;795
0;1741094821890;796
1;1741094824088;1528
0;1741094828905;797
1;1741094829150;1529
1;1741094836453;1530
1;1741094836665;1531
0;1741094838098;798
1;1741094841608;1532
0;1741094846779;799
1;1741094847417;1533
0;1741094851358;800
0;1741094851965;801
0;1741094852789;802
0;1741094856436;803
1;1741094858140;1534
0;1741094858285;804
0;1741094859003;805
1;1741094865970;1535
0;1741094865986;806
0;1741094870285;807
0;1741094870879;808
0;1741094872104;809
1;1741094874835;1536
1;1741094875496;1537
1;1741094878047;1538
1;1741094878446;1539
0;1741094878914;810
1;1741094882064;1540
1;1741094884604;1541
0;1741094892851;811
1;1741094893627;1542
1;1741094895120;1543
1;1741094895963;1544
0;1741094901278;812
0;1741094902116;813
0;1741094906195;814
0;1741094913126;815
1;1741094913539;1545
0;1741094914140;816
0;1741094917036;817
1;1741094924492;1546
0;1741094924512;818
1;1741094927440;1547
1;1741094928127;1548
1;1741094928229;1549
0;1741094930132;819
1;1741094937989;1550
1;1741094940921;1551
0;1741094942785;820
0;1741094947626;821
1;1741094948025;1552
0;1741094948502;822
1;1741094948543;1553
0;1741094956478;823
0;1741094962201;824
0;1741094966398;825
0;1741094967655;826
1;1741094970465;1554
1;1741094972493;1555
0;1741094972751;827
1;1741094972853;1556
0;1741094975818;828
0;1741094976721;829
1;1741094977005;1557
0;1741094980335;830
1;1741094982315;1558
0;1741094984418;831
1;1741094987657;1559
1;1741094989437;1560
0;1741094993210;832
1;1741094994162;1561
1;1741094994557;1562
0;1741095000969;833
0;1741095001009;834
0;1741095002447;835
1;1741095003132;1563
1;1741095011829;1564
1;1741095013570;1565
0;1741095015063;836
0;1741095022853;837
1;1741095022998;1566
1;1741095026550;1567
0;1741095028068;838
1;1741095028866;1568
0;1741095033325;839
1;1741095035495;1569
0;1741095037500;840
0;1741095044215;841
1;1741095045021;1570
0;1741095049240;842
1;1741095050248;1571
1;1741095053710;1572
0;1741095056403;843
1;1741095057848;1573
0;1741095059397;844
0;1741095063821;845
0;1741095065136;846
0;1741095065276;847
1;1741095065297;1574
1;1741095065919;1575
1;1741095067374;1576
1;1741095071005;1577
1;1741095073942;1578
0;1741095079557;848
1;1741095079911;1579
0;1741095080522;849
0;1741095082031;850
0;1741095084604;851
0;1741095089256;852
1;1741095095199;1580
1;1741095095836;1581
1;1741095098406;1582
0;1741095103852;853
1;1741095104315;1583
1;1741095109581;1584
0;1741095115424;854
1;1741095120907;1585
1;1741095126603;1586
0;1741095128275;855
1;1741095133650;1587
1;1741095133694;1588
1;1741095133906;1589
1;1741095144237;1590
1;1741095145805;1591
1;1741095150260;1592
1;1741095151413;1593
1;1741095154845;1594
1;1741095166342;1595
1;1741095167963;1596
1;1741095168995;1597
1;1741095172409;1598
1;1741095182311;1599
1;1741095184394;1600
1;1741095189066;1601
1;1741095190381;1602
1;1741095193959;1603
1;1741095205027;1604
1;1741095211031;1605
1;1741095214407;1606
0;1741095215370;856
1;1741095215555;1607
0;1741095219419;857
0;1741095225513;858
0;1741095226545;859
1;1741095229066;1608
0;1741095231805;860
1;1741095232489;1609
1;1741095233152;1610
0;1741095234343;861
1;1741095236638;1611
1;1741095243254;1612
1;1741095256546;1613
1;1741095258348;1614
1;1741095260991;1615
0;1741095263135;862
0;1741095263895;863
0;1741095264711;864
0;1741095265153;865
1;1741095265279;1616
1;1741095273365;1617
0;1741095276266;866
0;1741095276735;867
0;1741095278927;868
0;1741095279326;869
1;1741095287244;1618
1;1741095288738;1619
0;1741095290008;870
0;1741095291021;871
1;1741095291789;1620
1;1741095300889;1621
1;1741095304336;1622
1;1741095304561;1623
0;1741095304689;872
1;1741095311657;1624
1;1741095313070;1625
1;1741095313401;1626
1;1741095314366;1627
0;1741095315680;873
0;1741095317358;874
0;1741095318938;875
0;1741095321581;876
0;1741095323042;877
1;1741095328272;1628
1;1741095329615;1629
0;1741095330021;878
1;1741095335451;1630
1;1741095341221;1631
0;1741095344813;879
0;1741095348467;880
1;1741095348623;1632
1;1741095350959;1633
0;1741095352430;881
0;1741095353222;882
0;1741095356159;883
0;1741095356568;884
1;1741095364389;1634
0;1741095367416;885
1;1741095370456;1635
1;1741095370911;1636
0;1741095372417;886
1;1741095373543;1637
1;1741095377900;1638
0;1741095380349;887
0;1741095380698;888
0;1741095381850;889
1;1741095390062;1639
1;1741095391966;1640
1;1741095402839;1641
0;1741095403303;890
1;1741095403791;1642
1;1741095405075;1643
0;1741095405517;891
0;1741095407700;892
0;1741095407716;893
1;1741095412802;1644
1;1741095415988;1645
0;1741095416983;894
1;1741095417325;1646
0;1741095421238;895
0;1741095423418;896
1;1741095424316;1647
1;1741095425173;1648
0;1741095426972;897
1;1741095427480;1649
1;1741095433877;1650
1;1741095440089;1651
0;1741095441846;898
0;1741095442258;899
0;1741095442568;900
0;1741095446500;901
1;1741095451190;1652
0;1741095452289;902
0;1741095458577;903
1;1741095459703;1653
0;1741095460646;904
0;1741095464564;905
1;1741095466940;1654
1;1741095469908;1655
1;1741095470146;1656
0;1741095470880;906
1;1741095473516;1657
1;1741095473840;1658
1;1741095474376;1659
0;1741095474990;907
1;1741095482329;1660
0;1741095482767;908
0;1741095482794;909
1;1741095484154;1661
1;1741095489584;1662
0;1741095494866;910
0;1741095499605;911
0;1741095506123;912
1;1741095508418;1663
1;1741095511757;1664
0;1741095511871;913
0;1741095511991;914
0;1741095512071;915
0;1741095522075;916
0;1741095522137;917
1;1741095522879;1665
1;1741095527068;1666
1;1741095528329;1667
1;1741095528715;1668
1;1741095532228;1669
1;1741095533028;1670
1;1741095537610;1671
0;1741095539521;918
0;1741095540495;919
1;1741095540556;1672
0;1741095543399;920
1;1741095547289;1673
0;1741095549484;921
0;1741095555446;922
0;1741095557094;923
1;1741095560049;1674
0;1741095560091;924
1;1741095563392;1675
1;1741095568539;1676
0;1741095568816;925
1;1741095569171;1677
0;1741095571487;926
0;1741095574529;927
0;1741095575339;928
1;1741095578021;1678
1;1741095580742;1679
1;1741095582511;1680
0;1741095585481;929
0;1741095587067;930
1;1741095591250;1681
1;1741095597560;1682
0;1741095602491;931
0;1741095603638;932
0;1741095608512;933
1;1741095609309;1683
0;1741095610411;934
1;1741095610818;1684
0;1741095612415;935
1;1741095613235;1685
0;1741095613306;936
1;1741095616506;1686
1;1741095617043;1687
1;1741095622946;1688
0;1741095629246;937
1;1741095633140;1689
0;1741095634133;938
1;1741095636453;1690
1;1741095642448;1691
0;1741095643089;939
1;1741095651589;1692
1;1741095651715;1693
0;1741095651841;940
0;1741095652661;941
1;1741095653128;1694
0;1741095653210;942
0;1741095653851;943
1;1741095657538;1695
1;1741095661053;1696
0;1741095662863;944
0;1741095665317;945
1;1741095670858;1697
0;1741095671451;946
1;1741095674614;1698
0;1741095675897;947
0;1741095683290;948
0;1741095684760;949
1;1741095686324;1699
1;1741095687104;1700
0;1741095689481;950
0;1741095693614;951
1;1741095695434;1701
1;1741095697161;1702
0;1741095699809;952
1;1741095705744;1703
1;1741095706422;1704
1;1741095708235;1705
0;1741095712758;953
0;1741095712842;954
0;1741095720807;955
0;1741095725703;956
0;1741095725743;957
1;1741095726519;1706
1;1741095726749;1707
1;1741095729234;1708
0;1741095729255;958
1;1741095733722;1709
0;1741095738621;959
0;1741095741699;960
1;1741095743099;1710
0;1741095743129;961
1;1741095746266;1711
1;1741095750008;1712
1;1741095750983;1713
0;1741095755402;962
1;1741095756008;1714
1;1741095762835;1715
0;1741095764840;963
0;1741095765517;964
0;1741095766579;965
0;1741095771952;966
1;1741095772644;1716
0;1741095773944;967
1;1741095777519;1717
0;1741095777878;968
1;1741095780739;1718
1;1741095782306;1719
0;1741095782550;969
1;1741095783192;1720
1;1741095788999;1721
0;1741095791754;970
0;1741095795709;971
0;1741095796599;972
1;1741095799856;1722
1;1741095799965;1723
0;1741095803808;973
0;1741095807771;974
0;1741095811225;975
1;1741095812430;1724
1;1741095816847;1725
1;1741095817489;1726
1;1741095817936;1727
1;1741095818294;1728
0;1741095822001;976
0;1741095822147;977
0;1741095822537;978
0;1741095823352;979
1;1741095835784;1729
0;1741095836731;980
1;1741095842010;1730
0;1741095842218;981
1;1741095843499;1731
1;1741095848109;1732
1;1741095850846;1733
1;1741095854717;1734
1;1741095854858;1735
0;1741095855274;982
0;1741095862694;983
0;1741095866811;984
0;1741095867532;985
1;1741095872431;1736
0;1741095874171;986
0;1741095877320;987
0;1741095878062;988
1;1741095878844;1737
1;1741095879824;1738
0;1741095880662;989
1;1741095881391;1739
1;1741095890788;1740
0;1741095894698;990
0;1741095895305;991
1;1741095900669;1741
1;1741095900711;1742
0;1741095900858;992
1;1741095901313;1743
0;1741095907821;993
0;1741095912703;994
1;1741095913020;1744
1;1741095916815;1745
0;1741095922491;995
1;1741095925208;1746
1;1741095927072;1747
1;1741095927653;1748
1;1741095927789;1749
0;1741095929946;996
0;1741095930539;997
1;1741095935177;1750
0;1741095936669;998
0;1741095937518;999
0;1741095939515;1000
1;1741095943343;1751
0;1741095948983;1001
1;1741095952576;1752
1;1741095957090;1753
0;1741095958515;1002
0;1741095963094;1003
1;1741095964318;1754
1;1741095964531;1755
0;1741095966266;1004
0;1741095968929;1005
1;1741095969420;1756
0;1741095969995;1006
1;1741095973611;1757
1;1741095973945;1758
0;1741095974968;1007
0;1741095978963;1008
1;1741095981044;1759
0;1741095983067;1009
0;1741095985053;1010
1;1741095990814;1760
1;1741095992078;1761
0;1741095997691;1011
0;1741095999236;1012
0;1741096001235;1013
1;1741096002134;1762
1;1741096004317;1763
0;1741096010856;1014
1;1741096010880;1764
0;1741096012384;1015
0;1741096014852;1016
1;1741096018038;1765
1;1741096020589;1766
1;1741096021992;1767
0;1741096022352;1017
1;1741096022834;1768
0;1741096033507;1018
0;1741096035018;1019
0;1741096036422;1020
0;1741096042151;1021
0;1741096045203;1022
1;1741096046377;1769
1;1741096048693;1770
1;1741096050255;1771
1;1741096058676;1772
1;1741096060820;1773
0;1741096061797;1023
1;1741096062197;1774
1;1741096062573;1775
1;1741096066763;1776
0;1741096067200;1024
1;1741096068066;1777
0;1741096070805;1025
1;1741096071083;1778
0;1741096073200;1026
0;1741096079344;1027
1;1741096080633;1779
1;1741096081327;1780
0;1741096084959;1028
0;1741096086111;1029
1;1741096086468;1781
0;1741096092568;1030
0;1741096094344;1031
0;1741096094489;1032
1;1741096096004;1782
1;1741096097919;1783
0;1741096098508;1033
1;1741096099110;1784
0;1741096104676;1034
1;1741096104978;1785
0;1741096111753;1035
0;1741096123650;1036
1;1741096130399;1786
1;1741096132955;1787
1;1741096133400;1788
1;1741096135496;1789
1;1741096136563;1790
0;1741096136638;1037
1;1741096136881;1791
0;1741096137678;1038
0;1741096137704;1039
0;1741096144391;1040
1;1741096152126;1792
1;1741096154065;1793
0;1741096155348;1041
0;1741096156594;1042
0;1741096159495;1043
1;1741096159766;1794
0;1741096162568;1044
1;1741096163742;1795
1;1741096169265;1796
0;1741096169442;1045
1;1741096169649;1797
0;1741096173223;1046
1;1741096174171;1798
0;1741096174945;1047
1;1741096176546;1799
0;1741096184934;1048
0;1741096185162;1049
1;1741096188528;1800
1;1741096191571;1801
0;1741096192794;1050
0;1741096192948;1051
1;1741096197623;1802
0;1741096202531;1052
0;1741096206665;1053
0;1741096209234;1054
1;1741096211381;1803
0;1741096212727;1055
1;1741096216773;1804
1;1741096220882;1805
0;1741096222693;1056
1;1741096222873;1806
0;1741096224847;1057
1;1741096227541;1807
1;1741096230009;1808
0;1741096231332;1058
1;1741096231572;1809
0;1741096237482;1059
1;1741096241674;1810
0;1741096242301;1060
0;1741096243594;1061
1;1741096250331;1811
0;1741096257054;1062
1;1741096258574;1812
0;1741096258661;1063
1;1741096259423;1813
0;1741096261539;1064
1;1741096265074;1814
1;1741096268626;1815
1;1741096268716;1816
0;1741096269773;1065
0;1741096274047;1066
1;1741096274647;1817
0;1741096275780;1067
0;1741096278368;1068
1;1741096279130;1818
0;1741096279250;1069
1;1741096280142;1819
1;1741096282337;1820
0;1741096290699;1070
0;1741096293090;1071
1;1741096296971;1821
1;1741096302130;1822
0;1741096302736;1072
0;1741096303414;1073
0;1741096305203;1074
1;1741096309070;1823
1;1741096311190;1824
1;1741096313015;1825
0;1741096314650;1075
1;1741096316652;1826
1;1741096319438;1827
1;1741096321479;1828
0;1741096324294;1076
0;1741096329086;1077
1;1741096329308;1829
0;1741096337213;1078
0;1741096338347;1079
1;1741096338694;1830
0;1741096345225;1080
0;1741096349996;1081
1;1741096353268;1831
1;1741096354609;1832
0;1741096357770;1082
1;1741096359765;1833
0;1741096361638;1083
0;1741096362023;1084
1;1741096363074;1834
1;1741096364010;1835
0;1741096369578;1085
0;1741096369906;1086
1;1741096372440;1836
1;1741096373109;1837
1;1741096374194;1838
0;1741096378087;1087
1;1741096382675;1839
0;1741096386417;1088
0;1741096388434;1089
0;1741096388976;1090
1;1741096389163;1840
1;1741096394479;1841
0;1741096395450;1091
0;1741096398586;1092
0;1741096399242;1093
1;1741096399845;1842
1;1741096403746;1843
1;1741096410150;1844
0;1741096410415;1094
1;1741096411541;1845
1;1741096413880;1846
1;1741096416262;1847
0;1741096421425;1095
0;1741096426961;1096
1;1741096427316;1848
0;1741096434792;1097
1;1741096436949;1849
0;1741096438670;1098
0;1741096439924;1099
0;1741096440482;1100
1;1741096442285;1850
0;1741096444158;1101
0;1741096448205;1102
1;1741096448649;1851
1;1741096449376;1852
1;1741096450890;1853
1;1741096458038;1854
0;1741096458814;1103
0;1741096464242;1104
0;1741096467811;1105
1;1741096469114;1855
1;1741096469163;1856
0;1741096473648;1106
1;1741096474573;1857
0;1741096475801;1107
1;1741096481372;1858
0;1741096483293;1108
1;1741096484711;1859
1;1741096487126;1860
0;1741096490331;1109
1;1741096495560;1861
1;1741096496758;1862
0;1741096500672;1110
1;1741096502314;1863
1;1741096502388;1864
0;1741096503550;1111
0;1741096504837;1112
1;1741096514713;1865
0;1741096515334;1113
0;1741096516830;1114
1;1741096519008;1866
1;1741096519866;1867
0;1741096521776;1115
0;1741096523440;1116
0;1741096532945;1117
1;1741096538781;1868
0;1741096540021;1118
0;1741096540419;1119
0;1741096540588;1120
1;1741096542680;1869
0;1741096543995;1121
1;1741096544624;1870
1;1741096546385;1871
1;1741096546890;1872
1;1741096559468;1873
1;1741096559857;1874
1;1741096560728;1875
1;1741096561610;1876
0;1741096565548;1122
0;1741096566325;1123
1;1741096566546;1877
0;1741096567801;1124
1;1741096568881;1878
0;1741096570070;1125
0;1741096571045;1126
1;1741096572109;1879
0;1741096583139;1127
1;1741096588508;1880
0;1741096591717;1128
0;1741096592240;1129
1;1741096593707;1881
0;1741096594246;1130
1;1741096600012;1882
0;1741096601022;1131
0;1741096602217;1132
1;1741096603197;1883
1;1741096606687;1884
1;1741096607984;1885
0;1741096608085;1133
0;1741096610084;1134
0;1741096614312;1135
1;1741096616022;1886
1;1741096616177;1887
0;1741096624035;1136
0;1741096624401;1137
1;1741096629720;1888
0;1741096630567;1138
0;1741096632550;1139
0;1741096634556;1140
1;1741096641031;1889
1;1741096642702;1890
1;1741096646965;1891
1;1741096647981;1892
0;1741096648139;1141
1;1741096649039;1893
1;1741096654854;1894
0;1741096659264;1142
0;1741096663524;1143
1;1741096668076;1895
1;1741096668330;1896
0;1741096668884;1144
1;1741096670187;1897
1;1741096670815;1898
0;1741096674769;1145
0;1741096678068;1146
1;1741096682388;1899
0;1741096683521;1147
1;1741096684938;1900
0;1741096690454;1148
1;1741096692884;1901
0;1741096699504;1149
0;1741096700647;1150
0;1741096704172;1151
0;1741096705105;1152
1;1741096707728;1902
1;1741096707870;1903
1;1741096708559;1904
1;1741096710217;1905
0;1741096711992;1153
0;1741096716283;1154
0;1741096718608;1155
0;1741096722709;1156
0;1741096724468;1157
1;1741096726723;1906
1;1741096729423;1907
1;1741096735450;1908
1;1741096737436;1909
0;1741096739429;1158
0;1741096741882;1159
1;1741096742616;1910
1;1741096744370;1911
0;1741096756722;1160
0;1741096758102;1161
1;1741096759185;1912
1;1741096760040;1913
0;1741096762151;1162
1;1741096762896;1914
1;1741096763687;1915
0;1741096765910;1163
0;1741096767160;1164
1;1741096767719;1916
1;1741096769265;1917
0;1741096770898;1165
0;1741096779099;1166
0;1741096781509;1167
1;1741096782724;1918
1;1741096790073;1919
1;1741096791501;1920
1;1741096792781;1921
0;1741096793328;1168
1;1741096793384;1922
0;1741096795011;1169
1;1741096796878;1923
1;1741096799442;1924
0;1741096801959;1170
0;1741096802745;1171
0;1741096803200;1172
0;1741096807200;1173
0;1741096812843;1174
1;1741096812859;1925
0;1741096814869;1175
0;1741096823431;1176
1;1741096824499;1926
1;1741096824805;1927
0;1741096826114;1177
1;1741096830929;1928
0;1741096832653;1178
1;1741096833711;1929
1;1741096836302;1930
1;1741096840114;1931
0;1741096842532;1179
1;1741096851824;1932
0;1741096853244;1180
0;1741096855587;1181
0;1741096856478;1182
1;1741096858504;1933
1;1741096858547;1934
0;1741096861204;1183
0;1741096862271;1184
0;1741096864567;1185
1;1741096864916;1935
1;1741096866017;1936
1;1741096873942;1937
1;1741096879964;1938
0;1741096880445;1186
0;1741096881900;1187
0;1741096884432;1188
1;1741096885384;1939
1;1741096885897;1940
0;1741096887180;1189
1;1741096889119;1941
1;1741096891438;1942
0;1741096892196;1190
1;1741096893410;1943
0;1741096894697;1191
0;1741096900397;1192
0;1741096902496;1193
0;1741096906220;1194
0;1741096912836;1195
1;1741096913803;1944
1;1741096913891;1945
1;1741096915218;1946
1;1741096916567;1947
1;1741096918648;1948
1;1741096925929;1949
0;1741096927463;1196
0;1741096928306;1197
1;1741096929695;1950
0;1741096933524;1198
1;1741096938569;1951
0;1741096940099;1199
0;1741096946792;1200
0;1741096946974;1201
1;1741096947925;1952
1;1741096952891;1953
1;1741096953466;1954
1;1741096954346;1955
0;1741096956543;1202
0;1741096956849;1203
1;1741096956929;1956
0;1741096959948;1204
1;1741096960181;1957
0;1741096961576;1205
1;1741096966179;1958
0;1741096966536;1206
1;1741096973073;1959
1;1741096974832;1960
0;1741096981371;1207
0;1741096985175;1208
1;1741096989459;1961
1;1741096994753;1962
0;1741096995255;1209
0;1741096996917;1210
0;1741096997760;1211
0;1741096997962;1212
1;1741097002944;1963
0;1741097003483;1213
3;1741097005801;3
1;1741097008372;1964
1;1741097011416;1965
0;1741097014759;1214
0;1741097017537;1215
0;1741097018272;1216
1;1741097019521;1966
0;1741097021298;1217
0;1741097026792;1218
1;1741097027651;1967
1;1741097029170;1968
1;1741097031142;1969
0;1741097032705;1219
1;1741097033029;1970
0;1741097033383;1220
1;1741097039872;1971
1;1741097045549;1972
1;1741097049409;1973
0;1741097049862;1221
1;1741097057254;1974
0;1741097057368;1222
0;1741097058249;1223
1;1741097058520;1975
0;1741097060579;1224
0;1741097063042;1225
1;1741097066558;1976
0;1741097068905;1226
0;1741097073679;1227
1;1741097077977;1977
0;1741097078437;1228
0;1741097082631;1229
0;1741097084504;1230
1;1741097091143;1978
1;1741097092741;1979
1;1741097093064;1980
0;1741097094375;1231
1;1741097098375;1981
1;1741097102152;1982
0;1741097102200;1232
1;1741097106656;1983
0;1741097106891;1233
1;1741097109451;1984
1;1741097110756;1985
0;1741097118984;1234
0;1741097119418;1235
0;1741097121509;1236
1;1741097123697;1986
1;1741097124408;1987
1;1741097125026;1988
0;1741097128829;1237
0;1741097135337;1238
0;1741097139298;1239
1;1741097139763;1989
1;1741097140920;1990
0;1741097144908;1240
0;1741097154184;1241
0;1741097155600;1242
1;1741097155655;1991
1;1741097155937;1992
0;1741097156545;1243
1;1741097157852;1993
1;1741097158672;1994
1;1741097159721;1995
1;1741097159981;1996
0;1741097168037;1244
1;1741097168312;1997
0;1741097170817;1245
0;1741097176191;1246
1;1741097176571;1998
0;1741097177150;1247
1;1741097178555;1999
0;1741097179454;1248
1;1741097179809;2000
1;1741097188232;2001
1;1741097188879;2002
0;1741097193192;1249
0;1741097194928;1250
0;1741097195684;1251
0;1741097196983;1252
1;1741097199988;2003
0;1741097200902;1253
0;1741097203507;1254
1;1741097208345;2004
0;1741097212134;1255
0;1741097217383;1256
0;1741097217679;1257
1;1741097219535;2005
1;1741097225333;2006
1;1741097232107;2007
1;1741097238019;2008
1;1741097239163;2009
0;1741097240224;1258
1;1741097241173;2010
1;1741097244145;2011
0;1741097246488;1259
0;1741097247190;1260
0;1741097248607;1261
1;1741097248945;2012
0;1741097249517;1262
0;1741097253073;1263
1;1741097257315;2013
0;1741097261075;1264
0;1741097261375;1265
1;1741097263294;2014
1;1741097263359;2015
0;1741097273210;1266
0;1741097275258;1267
1;1741097277997;2016
0;1741097279027;1268
1;1741097280672;2017
1;1741097280783;2018
1;1741097283428;2019
1;1741097286868;2020
0;1741097287946;1269
1;1741097288932;2021
0;1741097290886;1270
1;1741097295351;2022
0;1741097296195;1271
0;1741097305043;1272
1;1741097305185;2023
1;1741097305488;2024
1;1741097306805;2025
0;1741097308932;1273
1;1741097312218;2026
0;1741097313223;1274
0;1741097319295;1275
0;1741097319676;1276
1;1741097319769;2027
0;1741097328327;1277
1;1741097328976;2028
1;1741097331041;2029
0;1741097332948;1278
1;1741097338068;2030
0;1741097339666;1279
0;1741097348453;1280
0;1741097350322;1281
1;1741097351045;2031
0;1741097351992;1282
0;1741097352252;1283
1;1741097354808;2032
1;1741097357640;2033
0;1741097361753;1284
1;1741097365933;2034
0;1741097368316;1285
1;1741097369419;2035
1;1741097369960;2036
1;1741097370461;2037
0;1741097371135;1286
1;1741097374996;2038
1;1741097380677;2039
1;1741097381704;2040
0;1741097385017;1287
0;1741097386158;1288
1;1741097387796;2041
0;1741097394679;1289
1;1741097395514;2042
0;1741097396345;1290
0;1741097398527;1291
1;1741097399330;2043
0;1741097403170;1292
0;1741097411022;1293
1;1741097413944;2044
0;1741097414697;1294
1;1741097415208;2045
1;1741097418500;2046
1;1741097419164;2047
1;1741097423540;2048
0;1741097423899;1295
1;1741097424257;2049
1;1741097427002;2050
0;1741097428866;1296
0;1741097429465;1297
0;1741097429482;1298
0;1741097435583;1299
0;1741097437374;1300
1;1741097438070;2051
1;1741097441249;2052
1;1741097444522;2053
0;1741097444614;1301
0;1741097448232;1302
1;1741097456506;2054
0;1741097458715;1303
1;1741097462572;2055
0;1741097465742;1304
0;1741097469233;1305
0;1741097469490;1306
1;1741097470057;2056
0;1741097471391;1307
1;1741097474035;2057
0;1741097478892;1308
0;1741097482103;1309
1;1741097482842;2058
1;1741097490976;2059
1;1741097492046;2060
1;1741097494623;2061
1;1741097494719;2062
0;1741097500813;1310
0;1741097501623;1311
1;1741097502180;2063
1;1741097502427;2064
0;1741097502541;1312
1;1741097504646;2065
0;1741097511393;1313
0;1741097513364;1314
1;1741097513934;2066
1;1741097514715;2067
0;1741097515640;1315
1;1741097516443;2068
0;1741097518408;1316
0;1741097529614;1317
1;1741097533733;2069
1;1741097538507;2070
1;1741097539503;2071
0;1741097539721;1318
0;1741097540211;1319
0;1741097548502;1320
0;1741097551338;1321
1;1741097553394;2072
1;1741097553564;2073
1;1741097556419;2074
0;1741097556831;1322
0;1741097564312;1323
0;1741097565765;1324
0;1741097567115;1325
1;1741097567560;2075
1;1741097569010;2076
0;1741097569315;1326
1;1741097570229;2077
0;1741097570972;1327
1;1741097578915;2078
1;1741097579748;2079
0;1741097579769;1328
0;1741097581390;1329
0;1741097583790;1330
1;1741097591292;2080
1;1741097591798;2081
0;1741097592261;1331
1;1741097592919;2082
0;1741097596440;1332
1;1741097598422;2083
1;1741097599888;2084
0;1741097605981;1333
0;1741097608228;1334
1;1741097616394;2085
0;1741097618315;1335
1;1741097623635;2086
0;1741097631095;1336
1;1741097631372;2087
1;1741097631595;2088
0;1741097632708;1337
0;1741097634214;1338
0;1741097634251;1339
1;1741097634764;2089
1;1741097641449;2090
0;1741097641621;1340
0;1741097642252;1341
0;1741097643137;1342
1;1741097643396;2091
1;1741097644831;2092
1;1741097648130;2093
1;1741097663158;2094
1;1741097668557;2095
1;1741097669136;2096
1;1741097674776;2097
1;1741097676097;2098
1;1741097680421;2099
1;1741097683534;2100
1;1741097685911;2101
1;1741097693047;2102
1;1741097695090;2103
1;1741097700187;2104
1;1741097709092;2105
1;1741097716807;2106
1;1741097727604;2107
1;1741097731519;2108
1;1741097737006;2109
1;1741097743534;2110
1;1741097744444;2111
1;1741097751847;2112
1;1741097754039;2113
1;1741097758952;2114
1;1741097761005;2115
1;1741097769127;2116
1;1741097769552;2117
1;1741097770176;2118
1;1741097776665;2119
1;1741097784088;2120
1;1741097789434;2121
1;1741097794835;2122
1;1741097801474;2123
1;1741097809451;2124
1;1741097817741;2125
1;1741097820505;2126
1;1741097827398;2127
1;1741097830260;2128
1;1741097833077;2129
0;1741097838326;1343
1;1741097840028;2130
1;1741097842033;2131
1;1741097845771;2132
1;1741097847852;2133
1;1741097850074;2134
1;1741097853343;2135
1;1741097871071;2136
1;1741097874752;2137
1;1741097882826;2138
1;1741097886413;2139
1;1741097886780;2140
1;1741097890829;2141
1;1741097897957;2142
1;1741097909122;2143
1;1741097916571;2144
1;1741097916753;2145
1;1741097924587;2146
1;1741097927225;2147
1;1741097928534;2148
1;1741097930064;2149
1;1741097949893;2150
1;1741097950027;2151
1;1741097951749;2152
1;1741097957194;2153
1;1741097960827;2154
1;1741097963462;2155
1;1741097964483;2156
1;1741097966807;2157
1;1741097967405;2158
1;1741097977569;2159
1;1741097993015;2160
1;1741097998767;2161
1;1741097999129;2162
1;1741098003759;2163
1;1741098009224;2164
1;1741098009298;2165
1;1741098017374;2166
1;1741098017646;2167
1;1741098024074;2168
1;1741098026545;2169
1;1741098028481;2170
1;1741098045815;2171
1;1741098056381;2172
1;1741098056984;2173
1;1741098058628;2174
1;1741098062320;2175
1;1741098070145;2176
1;1741098071256;2177
1;1741098073546;2178
1;1741098081652;2179
1;1741098086360;2180
1;1741098090836;2181
1;1741098113091;2182
1;1741098113794;2183
1;1741098121477;2184
1;1741098124981;2185
1;1741098126659;2186
1;1741098127919;2187
1;1741098132595;2188
1;1741098133099;2189
1;1741098136175;2190
1;1741098151222;2191
1;1741098156504;2192
1;1741098156814;2193
1;1741098157075;2194
1;1741098167145;2195
1;1741098168667;2196
1;1741098178256;2197
1;1741098183096;2198
1;1741098185672;2199
1;1741098194238;2200
1;1741098199331;2201
1;1741098210469;2202
1;1741098210539;2203
1;1741098211484;2204
1;1741098213384;2205
1;1741098214331;2206
1;1741098217210;2207
1;1741098223276;2208
1;1741098236469;2209
1;1741098241184;2210
1;1741098242861;2211
1;1741098254437;2212
1;1741098254847;2213
1;1741098265385;2214
1;1741098268136;2215
1;1741098268307;2216
1;1741098271850;2217
1;1741098275898;2218
1;1741098287011;2219
1;1741098288632;2220
1;1741098289991;2221
1;1741098290230;2222
1;1741098296385;2223
1;1741098311208;2224
1;1741098320650;2225
1;1741098321847;2226
1;1741098324334;2227
1;1741098327254;2228
1;1741098331106;2229
1;1741098333182;2230
1;1741098334243;2231
1;1741098338383;2232
1;1741098343125;2233
1;1741098344499;2234
1;1741098348942;2235
1;1741098369150;2236
1;1741098375642;2237
1;1741098383214;2238
1;1741098385433;2239
1;1741098396683;2240
1;1741098397224;2241
1;1741098403785;2242
1;1741098407887;2243
1;1741098409556;2244
1;1741098419371;2245
1;1741098420694;2246
1;1741098423476;2247
1;1741098426044;2248
1;1741098430434;2249
1;1741098431993;2250
1;1741098436164;2251
1;1741098446227;2252
1;1741098447705;2253
1;1741098449153;2254
1;1741098463778;2255
1;1741098467011;2256
1;1741098471607;2257
1;1741098472354;2258
1;1741098472696;2259
1;1741098484698;2260
1;1741098487796;2261
1;1741098492985;2262
1;1741098497854;2263
1;1741098511665;2264
1;1741098522904;2265
1;1741098524584;2266
1;1741098525796;2267
1;1741098526364;2268
1;1741098536984;2269
1;1741098542028;2270
1;1741098542372;2271
1;1741098545977;2272
1;1741098556594;2273
1;1741098557352;2274
1;1741098557803;2275
1;1741098568592;2276
1;1741098570350;2277
1;1741098575951;2278
1;1741098583653;2279
1;1741098588336;2280
1;1741098588735;2281
1;1741098595266;2282
1;1741098603291;2283
1;1741098603782;2284
1;1741098608078;2285
1;1741098611444;2286
1;1741098626692;2287
1;1741098629770;2288
1;1741098634898;2289
1;1741098639891;2290
1;1741098641005;2291
1;1741098641661;2292
1;1741098651474;2293
1;1741098660555;2294
1;1741098661496;2295
1;1741098670867;2296
1;1741098675902;2297
1;1741098676217;2298
1;1741098677112;2299
1;1741098677342;2300
1;1741098689105;2301
1;1741098693511;2302
1;1741098701352;2303
1;1741098702053;2304
1;1741098709380;2305
1;1741098719073;2306
1;1741098726193;2307
1;1741098735337;2308
1;1741098736927;2309
1;1741098738322;2310
1;1741098748610;2311
1;1741098753608;2312
1;1741098756478;2313
1;1741098758895;2314
1;1741098768728;2315
1;1741098772625;2316
1;1741098780579;2317
1;1741098783210;2318
1;1741098786298;2319
1;1741098786944;2320
1;1741098787938;2321
1;1741098789866;2322
1;1741098808382;2323
1;1741098813573;2324
1;1741098814996;2325
1;1741098816974;2326
1;1741098824315;2327
1;1741098825297;2328
1;1741098833875;2329
1;1741098839658;2330
1;1741098839946;2331
1;1741098841390;2332
1;1741098848511;2333
1;1741098848972;2334
1;1741098849119;2335
1;1741098869202;2336
1;1741098880783;2337
1;1741098883081;2338
1;1741098883709;2339
1;1741098884682;2340
1;1741098888896;2341
1;1741098890367;2342
1;1741098901302;2343
1;1741098905855;2344
1;1741098912922;2345
1;1741098914111;2346
1;1741098916041;2347
1;1741098924717;2348
1;1741098935681;2349
1;1741098942749;2350
1;1741098943170;2351
1;1741098951044;2352
1;1741098954030;2353
1;1741098967917;2354
1;1741098969174;2355
1;1741098974613;2356
1;1741098982967;2357
1;1741098984723;2358
1;1741098986506;2359
1;1741098996843;2360
1;1741099000828;2361
1;1741099003468;2362
1;1741099012710;2363
1;1741099017347;2364
1;1741099018387;2365
1;1741099027542;2366
1;1741099031350;2367
1;1741099035818;2368
1;1741099036882;2369
1;1741099037777;2370
1;1741099041052;2371
1;1741099042781;2372
1;1741099045212;2373
1;1741099053715;2374
1;1741099055061;2375
1;1741099073915;2376
1;1741099075266;2377
1;1741099077418;2378
1;1741099088321;2379
1;1741099088845;2380
1;1741099090447;2381
1;1741099093517;2382
1;1741099103176;2383
1;1741099106473;2384
1;1741099111177;2385
1;1741099118813;2386
1;1741099128031;2387
1;1741099129880;2388
1;1741099133687;2389
1;1741099145894;2390
1;1741099148742;2391
1;1741099150053;2392
1;1741099150629;2393
1;1741099158834;2394
1;1741099163369;2395
1;1741099168975;2396
1;1741099179349;2397
1;1741099181066;2398
1;1741099183737;2399
1;1741099188493;2400
1;1741099189676;2401
1;1741099194135;2402
1;1741099199133;2403
1;1741099211697;2404
1;1741099218579;2405
1;1741099221537;2406
1;1741099231045;2407
1;1741099237318;2408
1;1741099243415;2409
1;1741099244939;2410
1;1741099245430;2411
1;1741099246283;2412
1;1741099257268;2413
1;1741099258392;2414
1;1741099267541;2415
1;1741099274367;2416
1;1741099278758;2417
1;1741099280010;2418
1;1741099283755;2419
1;1741099284364;2420
1;1741099286681;2421
1;1741099293573;2422
1;1741099300669;2423
1;1741099310367;2424
1;1741099310393;2425
1;1741099315898;2426
1;1741099323028;2427
1;1741099324638;2428
1;1741099325740;2429
1;1741099328241;2430
1;1741099337126;2431
1;1741099341599;2432
1;1741099341732;2433
1;1741099356746;2434
1;1741099367870;2435
1;1741099368250;2436
1;1741099373028;2437
1;1741099375699;2438
1;1741099379609;2439
1;1741099389357;2440
1;1741099393936;2441
1;1741099397054;2442
1;1741099408127;2443
1;1741099408398;2444
1;1741099414640;2445
1;1741099418572;2446
1;1741099426083;2447
1;1741099437780;2448
1;1741099441674;2449
1;1741099443089;2450
1;1741099453042;2451
1;1741099453365;2452
1;1741099453611;2453
1;1741099458929;2454
1;1741099458949;2455
1;1741099462072;2456
1;1741099476779;2457
1;1741099478675;2458
1;1741099479872;2459
1;1741099483223;2460
1;1741099486062;2461
1;1741099503726;2462
1;1741099507767;2463
1;1741099507971;2464
1;1741099514919;2465
1;1741099517695;2466
1;1741099529752;2467
1;1741099536202;2468
1;1741099538056;2469
1;1741099540456;2470
1;1741099545270;2471
1;1741099546443;2472
1;1741099562001;2473
1;1741099562767;2474
1;1741099565265;2475
1;1741099566044;2476
1;1741099570854;2477
1;1741099574432;2478
1;1741099581102;2479
1;1741099592041;2480
1;1741099593028;2481
1;1741099600310;2482
1;1741099603029;2483
1;1741099613956;2484
1;1741099616757;2485
1;1741099618312;2486
1;1741099619215;2487
1;1741099623755;2488
1;1741099628130;2489
1;1741099631500;2490
1;1741099635110;2491
1;1741099636080;2492
2;1741099643511;33
1;1741099649078;2493
1;1741099660743;2494
1;1741099673223;2495
1;1741099677182;2496
1;1741099677929;2497
1;1741099686075;2498
1;1741099693733;2499
1;1741099694114;2500
1;1741099696498;2501
1;1741099700017;2502
1;1741099701210;2503
1;1741099702798;2504
1;1741099709601;2505
1;1741099713236;2506
1;1741099721332;2507
1;1741099731106;2508
1;1741099737689;2509
1;1741099738654;2510
1;1741099739796;2511
1;1741099748577;2512
1;1741099752119;2513
1;1741099755659;2514
1;1741099758632;2515
1;1741099769996;2516
1;1741099770053;2517
2;1741099778203;34
1;1741099779832;2518
1;1741099785080;2519
1;1741099790477;2520
1;1741099799348;2521
1;1741099799485;2522
1;1741099811134;2523
1;1741099814926;2524
1;1741099815668;2525
1;1741099816432;2526
1;1741099817915;2527
1;1741099824773;2528
1;1741099843273;2529
1;1741099843330;2530
1;1741099846326;2531
1;1741099847949;2532
1;1741099848129;2533
1;1741099848258;2534
1;1741099862687;2535
1;1741099869187;2536
1;1741099870722;2537
1;1741099872294;2538
1;1741099882999;2539
1;1741099897937;2540
1;1741099898170;2541
1;1741099901365;2542
1;1741099902492;2543
1;1741099903724;2544
1;1741099907413;2545
1;1741099916951;2546
1;1741099926847;2547
1;1741099931190;2548
1;1741099937059;2549
1;1741099947574;2550
1;1741099947715;2551
1;1741099950244;2552
1;1741099952783;2553
1;1741099962015;2554
1;1741099962525;2555
1;1741099966012;2556
1;1741099972355;2557
1;1741099973180;2558
1;1741099982684;2559
1;1741099982825;2560
1;1741099990213;2561
1;1741099997430;2562
1;1741100002723;2563
1;1741100006439;2564
1;1741100012693;2565
1;1741100017024;2566
1;1741100018356;2567
1;1741100018835;2568
1;1741100019225;2569
1;1741100035486;2570
1;1741100038901;2571
1;1741100045185;2572
1;1741100053508;2573
1;1741100058190;2574
1;1741100062656;2575
1;1741100063006;2576
1;1741100073808;2577
1;1741100075341;2578
1;1741100076093;2579
1;1741100093171;2580
1;1741100093738;2581
1;1741100093995;2582
1;1741100097320;2583
1;1741100100012;2584
1;1741100115827;2585
1;1741100117924;2586
1;1741100119403;2587
1;1741100123570;2588
1;1741100128635;2589
1;1741100136452;2590
1;1741100140367;2591
1;1741100144330;2592
1;1741100151518;2593
1;1741100163813;2594
1;1741100164752;2595
1;1741100173888;2596
1;1741100174968;2597
1;1741100175535;2598
1;1741100177812;2599
1;1741100183945;2600
1;1741100190039;2601
1;1741100196466;2602
1;1741100206391;2603
1;1741100207200;2604
1;1741100213822;2605
1;1741100215337;2606
1;1741100215637;2607
1;1741100218231;2608
1;1741100220323;2609
1;1741100238282;2610
1;1741100239814;2611
1;1741100246643;2612
1;1741100257344;2613
1;1741100260022;2614
1;1741100266665;2615
1;1741100267636;2616
1;1741100272387;2617
1;1741100277170;2618
1;1741100294267;2619
1;1741100296903;2620
1;1741100298118;2621
1;1741100298929;2622
1;1741100300973;2623
1;1741100307223;2624
1;1741100317408;2625
1;1741100327366;2626
1;1741100331035;2627
1;1741100332724;2628
1;1741100335362;2629
1;1741100340704;2630
1;1741100345334;2631
1;1741100352126;2632
1;1741100352325;2633
0;1741100360424;1344
1;1741100363029;2634
0;1741100365826;1345
0;1741100365937;1346
1;1741100366682;2635
0;1741100367078;1347
0;1741100373418;1348
1;1741100378360;2636
1;1741100380526;2637
0;1741100383232;1349
1;1741100383240;2638
1;1741100384748;2639
1;1741100386574;2640
0;1741100388156;1350
1;1741100391881;2641
0;1741100393923;1351
1;1741100394490;2642
1;1741100396704;2643
0;1741100397439;1352
1;1741100402123;2644
0;1741100405539;1353
1;1741100407993;2645
0;1741100412149;1354
0;1741100413444;1355
0;1741100416344;1356
1;1741100418946;2646
0;1741100419765;1357
3;1741100420802;4
0;1741100422726;1358
1;1741100428201;2647
1;1741100429122;2648
0;1741100429387;1359
0;1741100431850;1360
1;1741100431871;2649
1;1741100439330;2650
1;1741100443653;2651
0;1741100443781;1361
1;1741100445287;2652
0;1741100445575;1362
0;1741100448665;1363
1;1741100452872;2653
0;1741100454325;1364
0;1741100455818;1365
0;1741100456380;1366
0;1741100461482;1367
1;1741100466881;2654
1;1741100471248;2655
1;1741100473064;2656
0;1741100473156;1368
1;1741100474920;2657
0;1741100478613;1369
0;1741100479051;1370
1;1741100479517;2658
1;1741100480823;2659
0;1741100480883;1371
0;1741100483952;1372
0;1741100490212;1373
1;1741100490946;2660
1;1741100500300;2661
1;1741100500553;2662
0;1741100501319;1374
1;1741100507397;2663
0;1741100507460;1375
0;1741100508249;1376
1;1741100510594;2664
1;1741100511468;2665
1;1741100514339;2666
0;1741100520858;1377
1;1741100521146;2667
0;1741100527379;1378
0;1741100530056;1379
0;1741100532253;1380
0;1741100540694;1381
1;1741100541776;2668
1;1741100542027;2669
0;1741100543878;1382
1;1741100545107;2670
1;1741100546882;2671
0;1741100547518;1383
0;1741100549020;1384
1;1741100551678;2672
0;1741100551691;1385
0;1741100556670;1386
1;1741100557022;2673
1;1741100561819;2674
1;1741100562856;2675
0;1741100566455;1387
1;1741100569587;2676
1;1741100571161;2677
1;1741100572792;2678
0;1741100577348;1388
0;1741100581474;1389
1;1741100581841;2679
0;1741100582704;1390
0;1741100582878;1391
1;1741100585049;2680
1;1741100590649;2681
0;1741100591512;1392
0;1741100593638;1393
0;1741100600782;1394
0;1741100601907;1395
1;1741100613267;2682
1;1741100613648;2683
1;1741100616999;2684
0;1741100617035;1396
1;1741100617057;2685
1;1741100617794;2686
1;1741100619672;2687
1;1741100620277;2688
0;1741100627784;1397
0;1741100628262;1398
0;1741100632615;1399
0;1741100634037;1400
0;1741100636128;1401
1;1741100637888;2689
1;1741100641530;2690
0;1741100645172;1402
0;1741100648161;1403
1;1741100649733;2691
0;1741100654308;1404
1;1741100657710;2692
1;1741100657831;2693
0;1741100658241;1405
1;1741100658400;2694
1;1741100663520;2695
1;1741100664008;2696
0;1741100665736;1406
0;1741100667780;1407
1;1741100668459;2697
1;1741100671279;2698
0;1741100674565;1408
0;1741100678706;1409
0;1741100682089;1410
1;1741100683797;2699
0;1741100688373;1411
1;1741100688901;2700
0;1741100695424;1412
1;1741100698825;2701
0;1741100702014;1413
0;1741100703294;1414
1;1741100703516;2702
0;1741100705304;1415
1;1741100706838;2703
0;1741100710305;1416
0;1741100714925;1417
1;1741100715041;2704
1;1741100716752;2705
1;1741100717306;2706
0;1741100720281;1418
1;1741100721703;2707
1;1741100724754;2708
0;1741100729161;1419
1;1741100729712;2709
0;1741100734937;1420
1;1741100740020;2710
0;1741100745102;1421
1;1741100745562;2711
0;1741100747637;1422
0;1741100748741;1423
0;1741100751669;1424
1;1741100753632;2712
0;1741100756536;1425
1;1741100758614;2713
1;1741100758967;2714
0;1741100762634;1426
0;1741100765358;1427
0;1741100768235;1428
1;1741100770483;2715
0;1741100771939;1429
1;1741100772089;2716
0;1741100774428;1430
1;1741100776141;2717
0;1741100778870;1431
0;1741100782923;1432
1;1741100784521;2718
1;1741100787108;2719
1;1741100788019;2720
0;1741100788662;1433
1;1741100791116;2721
1;1741100796598;2722
1;1741100799708;2723
0;1741100806360;1434
0;1741100809490;1435
1;1741100812741;2724
0;1741100814005;1436
0;1741100818724;1437
1;1741100819194;2725
0;1741100819335;1438
0;1741100821323;1439
1;1741100823657;2726
1;1741100824273;2727
0;1741100826549;1440
1;1741100832542;2728
1;1741100833122;2729
1;1741100839623;2730
0;1741100841443;1441
1;1741100846465;2731
0;1741100850160;1442
1;1741100850517;2732
0;1741100852089;1443
0;1741100852538;1444
1;1741100853206;2733
0;1741100858621;1445
1;1741100862219;2734
0;1741100863417;1446
1;1741100863963;2735
1;1741100865004;2736
0;1741100865794;1447
0;1741100870352;1448
1;1741100870709;2737
1;1741100872219;2738
1;1741100873547;2739
1;1741100884256;2740
0;1741100885880;1449
0;1741100886934;1450
1;1741100889976;2741
0;1741100890175;1451
0;1741100898284;1452
0;1741100898653;1453
1;1741100901705;2742
0;1741100903786;1454
1;1741100904694;2743
0;1741100904773;1455
0;1741100909711;1456
0;1741100913135;1457
0;1741100919716;1458
1;1741100920549;2744
1;1741100921284;2745
0;1741100924888;1459
1;1741100927351;2746
1;1741100930000;2747
0;1741100931173;1460
1;1741100931900;2748
1;1741100932068;2749
1;1741100932927;2750
0;1741100932941;1461
1;1741100934438;2751
0;1741100935849;1462
0;1741100945877;1463
1;1741100949867;2752
1;1741100950824;2753
0;1741100959913;1464
1;1741100965155;2754
0;1741100965260;1465
1;1741100966097;2755
1;1741100972033;2756
0;1741100972812;1466
0;1741100972873;1467
1;1741100973257;2757
0;1741100976608;1468
0;1741100976983;1469
1;1741100978711;2758
1;1741100979987;2759
0;1741100983081;1470
0;1741100983125;1471
0;1741100984652;1472
1;1741100991980;2760
0;1741100993077;1473
0;1741100996788;1474
1;1741100997523;2761
0;1741101002415;1475
1;1741101003340;2762
1;1741101009878;2763
1;1741101011053;2764
0;1741101011682;1476
1;1741101013190;2765
1;1741101018475;2766
0;1741101025743;1477
0;1741101028245;1478
1;1741101030018;2767
1;1741101031488;2768
1;1741101034671;2769
0;1741101035318;1479
0;1741101039020;1480
1;1741101042948;2770
1;1741101044854;2771
0;1741101046364;1481
0;1741101047951;1482
0;1741101048039;1483
0;1741101048977;1484
0;1741101056394;1485
1;1741101056457;2772
0;1741101057311;1486
1;1741101057648;2773
0;1741101063644;1487
1;1741101064411;2774
1;1741101070446;2775
1;1741101073171;2776
1;1741101082478;2777
1;1741101082803;2778
1;1741101084122;2779
1;1741101084473;2780
1;1741101084738;2781
1;1741101093384;2782
1;1741101101094;2783
1;1741101103628;2784
1;1741101114119;2785
1;1741101124970;2786
1;1741101130974;2787
1;1741101132706;2788
1;1741101134154;2789
1;1741101140390;2790
1;1741101142883;2791
1;1741101146018;2792
1;1741101146320;2793
1;1741101158671;2794
1;1741101165138;2795
1;1741101175926;2796
1;1741101177864;2797
1;1741101178351;2798
1;1741101184176;2799
1;1741101187981;2800
1;1741101195961;2801
1;1741101198268;2802
1;1741101198791;2803
1;1741101209562;2804
1;1741101213419;2805
1;1741101215660;2806
1;1741101220186;2807
1;1741101231360;2808
1;1741101231753;2809
1;1741101242061;2810
1;1741101242687;2811
1;1741101251890;2812
1;1741101258806;2813
1;1741101259531;2814
1;1741101262447;2815
1;1741101269083;2816
1;1741101283613;2817
1;1741101287068;2818
1;1741101288906;2819
1;1741101297963;2820
1;1741101301005;2821
1;1741101301815;2822
1;1741101302542;2823
1;1741101308564;2824
1;1741101308955;2825
1;1741101309800;2826
1;1741101318044;2827
1;1741101318171;2828
1;1741101338879;2829
1;1741101348649;2830
1;1741101351143;2831
1;1741101351636;2832
1;1741101354186;2833
1;1741101356190;2834
1;1741101363751;2835
1;1741101368361;2836
1;1741101371574;2837
1;1741101374313;2838
1;1741101386084;2839
1;1741101389271;2840
1;1741101394035;2841
1;1741101399928;2842
1;1741101404736;2843
1;1741101412134;2844
1;1741101412333;2845
1;1741101413485;2846
1;1741101421953;2847
1;1741101433229;2848
1;1741101433530;2849
1;1741101435472;2850
1;1741101440075;2851
1;1741101447967;2852
1;1741101454368;2853
1;1741101462218;2854
1;1741101465114;2855
1;1741101472542;2856
1;1741101477381;2857
1;1741101479960;2858
1;1741101480558;2859
1;1741101484955;2860
1;1741101494017;2861
1;1741101494289;2862
1;1741101494996;2863
1;1741101495111;2864
1;1741101519128;2865
1;1741101525332;2866
1;1741101525526;2867
1;1741101526385;2868
1;1741101533096;2869
1;1741101535471;2870
1;1741101552431;2871
1;1741101553946;2872
1;1741101554978;2873
1;1741101557068;2874
1;1741101558539;2875
1;1741101564016;2876
1;1741101564627;2877
1;1741101566545;2878
1;1741101576233;2879
1;1741101588574;2880
1;1741101593759;2881
1;1741101594987;2882
1;1741101596812;2883
1;1741101598995;2884
1;1741101610700;2885
1;1741101610783;2886
1;1741101618345;2887
1;1741101623781;2888
1;1741101628322;2889
1;1741101632130;2890
1;1741101645709;2891
1;1741101648862;2892
1;1741101649703;2893
1;1741101653781;2894
1;1741101654708;2895
1;1741101669142;2896
1;1741101671621;2897
1;1741101672560;2898
1;1741101676303;2899
1;1741101680195;2900
1;1741101682383;2901
1;1741101700008;2902
1;1741101700739;2903
1;1741101701279;2904
1;1741101703322;2905
1;1741101721220;2906
1;1741101725247;2907
1;1741101733964;2908
1;1741101736766;2909
1;1741101737160;2910
1;1741101739034;2911
1;1741101751470;2912
1;1741101752046;2913
1;1741101763471;2914
1;1741101765854;2915
1;1741101772572;2916
1;1741101776506;2917
1;1741101777743;2918
1;1741101783830;2919
1;1741101786859;2920
1;1741101787529;2921
1;1741101803880;2922
1;1741101811842;2923
1;1741101813587;2924
1;1741101816847;2925
1;1741101818525;2926
1;1741101818747;2927
1;1741101820673;2928
1;1741101835557;2929
1;1741101837148;2930
1;1741101855911;2931
1;1741101859531;2932
1;1741101859547;2933
1;1741101859783;2934
1;1741101863307;2935
1;1741101874052;2936
1;1741101875177;2937
1;1741101880102;2938
1;1741101880929;2939
1;1741101889379;2940
1;1741101897600;2941
1;1741101900443;2942
1;1741101900967;2943
1;1741101901044;2944
1;1741101911316;2945
1;1741101919010;2946
1;1741101922319;2947
1;1741101935819;2948
1;1741101937901;2949
1;1741101944950;2950
1;1741101950292;2951
1;1741101955629;2952
1;1741101956014;2953
1;1741101956258;2954
1;1741101959465;2955
1;1741101959522;2956
1;1741101968893;2957
1;1741101983663;2958
1;1741101987493;2959
1;1741101990939;2960
1;1741101991364;2961
1;1741101991935;2962
1;1741102013223;2963
1;1741102015637;2964
1;1741102016407;2965
1;1741102017078;2966
1;1741102024826;2967
1;1741102032046;2968
1;1741102032590;2969
1;1741102043012;2970
1;1741102045000;2971
1;1741102047434;2972
1;1741102049801;2973
1;1741102052941;2974
1;1741102055826;2975
1;1741102059158;2976
1;1741102066786;2977
1;1741102077861;2978
1;1741102093498;2979
1;1741102093635;2980
1;1741102093959;2981
1;1741102099464;2982
1;1741102107785;2983
1;1741102110922;2984
1;1741102113851;2985
1;1741102123742;2986
1;1741102127541;2987
1;1741102139649;2988
1;1741102139702;2989
1;1741102146660;2990
1;1741102150998;2991
1;1741102152975;2992
1;1741102153453;2993
1;1741102155768;2994
1;1741102166293;2995
1;1741102172569;2996
1;1741102174154;2997
1;1741102187325;2998
1;1741102187803;2999
1;1741102188792;3000
1;1741102188865;3001
1;1741102198596;3002
1;1741102199916;3003
1;1741102207338;3004
1;1741102213015;3005
1;1741102226156;3006
1;1741102226394;3007
1;1741102230678;3008
1;1741102231500;3009
1;1741102243184;3010
1;1741102244345;3011
1;1741102248852;3012
1;1741102252121;3013
1;1741102253140;3014
1;1741102256577;3015
1;1741102262227;3016
1;1741102276749;3017
1;1741102277033;3018
1;1741102281971;3019
1;1741102289579;3020
1;1741102289761;3021
1;1741102306448;3022
1;1741102306576;3023
1;1741102311714;3024
1;1741102317214;3025
1;1741102321313;3026
1;1741102331391;3027
1;1741102333277;3028
1;1741102335456;3029
1;1741102335774;3030
1;1741102340910;3031
1;1741102352108;3032
1;1741102364915;3033
1;1741102366408;3034
1;1741102369960;3035
1;1741102370235;3036
1;1741102372217;3037
1;1741102376115;3038
1;1741102388770;3039
1;1741102392919;3040
1;1741102395323;3041
1;1741102397285;3042
1;1741102399110;3043
1;1741102408215;3044
1;1741102419153;3045
1;1741102420801;3046
1;1741102422905;3047
1;1741102427377;3048
1;1741102435070;3049
1;1741102438600;3050
1;1741102443701;3051
1;1741102448016;3052
1;1741102454052;3053
1;1741102455101;3054
1;1741102469844;3055
1;1741102473232;3056
1;1741102475978;3057
1;1741102488880;3058
1;1741102490682;3059
1;1741102490947;3060
1;1741102491314;3061
1;1741102494300;3062
1;1741102495217;3063
1;1741102508213;3064
1;1741102516605;3065
1;1741102519568;3066
1;1741102520268;3067
1;1741102530391;3068
1;1741102530447;3069
1;1741102536631;3070
1;1741102542653;3071
1;1741102549683;3072
1;1741102549924;3073
1;1741102555292;3074
1;1741102568357;3075
1;1741102573989;3076
1;1741102580242;3077
1;1741102584712;3078
1;1741102590765;3079
1;1741102591443;3080
1;1741102594250;3081
1;1741102606562;3082
1;1741102608290;3083
1;1741102608573;3084
1;1741102615434;3085
1;1741102616066;3086
1;1741102620185;3087
1;1741102626630;3088
1;1741102630731;3089
1;1741102632103;3090
1;1741102638654;3091
1;1741102639610;3092
1;1741102644066;3093
1;1741102653977;3094
1;1741102666075;3095
1;1741102671568;3096
1;1741102674774;3097
1;1741102677617;3098
1;1741102680554;3099
1;1741102686497;3100
1;1741102690983;3101
1;1741102694331;3102
1;1741102707542;3103
1;1741102711642;3104
1;1741102712024;3105
1;1741102712280;3106
1;1741102715607;3107
1;1741102728489;3108
1;1741102734498;3109
1;1741102736539;3110
1;1741102736612;3111
1;1741102751882;3112
1;1741102752693;3113
1;1741102753480;3114
1;1741102760429;3115
1;1741102762685;3116
1;1741102763263;3117
1;1741102777498;3118
1;1741102785088;3119
1;1741102785951;3120
1;1741102799867;3121
1;1741102800385;3122
1;1741102804102;3123
1;1741102811676;3124
1;1741102815880;3125
1;1741102820019;3126
1;1741102830142;3127
1;1741102832555;3128
1;1741102833079;3129
1;1741102834269;3130
1;1741102848003;3131
1;1741102850363;3132
1;1741102860756;3133
1;1741102861371;3134
1;1741102864455;3135
1;1741102873595;3136
1;1741102879851;3137
1;1741102880549;3138
1;1741102885637;3139
1;1741102893118;3140
1;1741102893132;3141
1;1741102898267;3142
1;1741102903640;3143
1;1741102906329;3144
1;1741102919956;3145
1;1741102923175;3146
1;1741102930549;3147
1;1741102933330;3148
1;1741102937985;3149
1;1741102941571;3150
1;1741102944566;3151
1;1741102946979;3152
1;1741102955117;3153
1;1741102956909;3154
1;1741102959030;3155
1;1741102967631;3156
1;1741102971527;3157
1;1741102972139;3158
1;1741102989181;3159
1;1741102990084;3160
1;1741102997931;3161
1;1741102998494;3162
1;1741103007493;3163
1;1741103008759;3164
1;1741103015527;3165
1;1741103023843;3166
1;1741103024407;3167
1;1741103027334;3168
1;1741103028379;3169
1;1741103034969;3170
1;1741103042520;3171
1;1741103049769;3172
1;1741103053445;3173
1;1741103058957;3174
1;1741103060385;3175
1;1741103067245;3176
1;1741103076993;3177
1;1741103081917;3178
1;1741103082396;3179
1;1741103083587;3180
1;1741103100911;3181
1;1741103101114;3182
1;1741103101607;3183
1;1741103103769;3184
1;1741103110207;3185
1;1741103113467;3186
1;1741103124223;3187
1;1741103124389;3188
1;1741103131665;3189
1;1741103134646;3190
1;1741103137426;3191
1;1741103148884;3192
1;1741103160867;3193
1;1741103166159;3194
1;1741103172947;3195
1;1741103179517;3196
1;1741103179792;3197
1;1741103182821;3198
1;1741103186071;3199
1;1741103192953;3200
1;1741103194209;3201
1;1741103196207;3202
1;1741103198769;3203
1;1741103200663;3204
1;1741103219801;3205
1;1741103224035;3206
1;1741103229167;3207
1;1741103235043;3208
1;1741103240173;3209
1;1741103244867;3210
1;1741103246439;3211
1;1741103251949;3212
1;1741103252967;3213
1;1741103254685;3214
1;1741103267405;3215
1;1741103267745;3216
1;1741103269361;3217
1;1741103278561;3218
1;1741103278729;3219
1;1741103284131;3220
1;1741103295970;3221
1;1741103299925;3222
1;1741103301168;3223
1;1741103308259;3224
1;1741103311877;3225
1;1741103317710;3226
1;1741103321138;3227
1;1741103332635;3228
1;1741103332922;3229
1;1741103336009;3230
1;1741103342560;3231
1;1741103343286;3232
1;1741103355739;3233
1;1741103362015;3234
1;1741103372059;3235
1;1741103372489;3236
1;1741103374056;3237
1;1741103374795;3238
1;1741103384057;3239
1;1741103385301;3240
1;1741103385833;3241
1;1741103388109;3242
1;1741103388382;3243
1;1741103394380;3244
1;1741103408112;3245
1;1741103408289;3246
1;1741103426036;3247
1;1741103434747;3248
1;1741103438680;3249
1;1741103446949;3250
1;1741103450147;3251
1;1741103453233;3252
1;1741103453773;3253
1;1741103462591;3254
1;1741103464801;3255
1;1741103465891;3256
1;1741103472316;3257
1;1741103478870;3258
1;1741103487261;3259
1;1741103488777;3260
1;1741103493883;3261
1;1741103497845;3262
1;1741103506545;3263
1;1741103506921;3264
1;1741103520665;3265
1;1741103522347;3266
1;1741103534605;3267
1;1741103535207;3268
1;1741103535695;3269
1;1741103540883;3270
1;1741103543090;3271
1;1741103548056;3272
1;1741103559163;3273
1;1741103560796;3274
1;1741103561856;3275
1;1741103567241;3276
1;1741103576500;3277
1;1741103578560;3278
1;1741103590288;3279
1;1741103590334;3280
1;1741103594907;3281
1;1741103596262;3282
1;1741103606217;3283
1;1741103610051;3284
1;1741103616302;3285
1;1741103617105;3286
1;1741103630884;3287
1;1741103632958;3288
1;1741103636227;3289
1;1741103639238;3290
1;1741103640278;3291
1;1741103648614;3292
1;1741103655827;3293
1;1741103662519;3294
1;1741103663113;3295
1;1741103663508;3296
1;1741103668052;3297
1;1741103672259;3298
1;1741103688802;3299
1;1741103690121;3300
1;1741103691109;3301
1;1741103691209;3302
1;1741103698503;3303
1;1741103698818;3304
1;1741103707997;3305
1;1741103716717;3306
1;1741103727015;3307
1;1741103727984;3308
1;1741103730413;3309
1;1741103734233;3310
1;1741103740121;3311
1;1741103751301;3312
1;1741103753308;3313
1;1741103754158;3314
1;1741103756434;3315
1;1741103768100;3316
1;1741103772861;3317
1;1741103776310;3318
1;1741103782210;3319
1;1741103789575;3320
1;1741103789690;3321
1;1741103793755;3322
1;1741103794862;3323
1;1741103806602;3324
1;1741103813758;3325
1;1741103824026;3326
1;1741103828499;3327
1;1741103828605;3328
1;1741103833260;3329
1;1741103833423;3330
1;1741103833995;3331
1;1741103838003;3332
1;1741103843068;3333
1;1741103865703;3334
1;1741103867812;3335
1;1741103875674;3336
1;1741103876351;3337
1;1741103876776;3338
1;1741103882781;3339
1;1741103890155;3340
1;1741103906935;3341
1;1741103908055;3342
1;1741103912613;3343
1;1741103914729;3344
1;1741103917896;3345
1;1741103918596;3346
1;1741103922679;3347
1;1741103934991;3348
1;1741103942963;3349
1;1741103944269;3350
1;1741103946240;3351
1;1741103946792;3352
1;1741103947254;3353
2;1741103955186;35
2;1741103955692;36
2;1741103956098;37
2;1741103956417;38
2;1741103956661;39
1;1741103956909;3354
1;1741103958715;3355
1;1741103967502;3356
2;1741103969287;40
2;1741103971570;41
1;1741103976564;3357
2;1741103976736;42
1;1741103982094;3358
1;1741103982843;3359
1;1741103986134;3360
1;1741103986798;3361
2;1741103990950;43
2;1741103992295;44
1;1741103995937;3362
2;1741104003284;45
2;1741104006852;46
1;1741104007054;3363
2;1741104009380;47
1;1741104012794;3364
2;1741104013470;48
2;1741104013985;49
2;1741104016690;50
1;1741104016842;3365
1;1741104017303;3366
2;1741104020867;51
1;1741104023636;3367
1;1741104028189;3368
1;1741104030442;3369
2;1741104034036;52
1;1741104034253;3370
1;1741104038994;3371
2;1741104039123;53
2;1741104040893;54
2;1741104042604;55
1;1741104046270;3372
2;1741104047108;56
1;1741104047826;3373
2;1741104049070;57
1;1741104050535;3374
1;1741104054096;3375
2;1741104055017;58
2;1741104057724;59
1;1741104057829;3376
2;1741104058787;60
2;1741104063662;61
1;1741104064397;3377
2;1741104068988;62
1;1741104080999;3378
1;1741104081217;3379
1;1741104091877;3380
2;1741104093493;63
2;1741104094062;64
1;1741104095875;3381
1;1741104097447;3382
1;1741104097904;3383
2;1741104100448;65
1;1741104101267;3384
1;1741104101443;3385
2;1741104102874;66
2;1741104112697;67
2;1741104115487;68
2;1741104118193;69
2;1741104118399;70
1;1741104119576;3386
1;1741104120993;3387
2;1741104121023;71
1;1741104130442;3388
1;1741104131638;3389
2;1741104136178;72
1;1741104136974;3390
2;1741104138543;73
2;1741104140539;74
1;1741104144109;3391
1;1741104144463;3392
2;1741104146608;75
2;1741104147686;76
2;1741104148383;77
1;1741104150482;3393
1;1741104151931;3394
2;1741104152954;78
1;1741104162374;3395
2;1741104163091;79
1;1741104167046;3396
1;1741104167918;3397
1;1741104169212;3398
2;1741104175517;80
2;1741104180504;81
2;1741104182931;82
2;1741104184888;83
1;1741104186413;3399
1;1741104187746;3400
1;1741104189552;3401
2;1741104191377;84
1;1741104193440;3402
2;1741104195823;85
2;1741104200859;86
1;1741104200917;3403
2;1741104201953;87
2;1741104208498;88
1;1741104210279;3404
1;1741104211204;3405
2;1741104218480;89
2;1741104220195;90
1;1741104220610;3406
2;1741104222839;91
2;1741104224485;92
1;1741104226435;3407
1;1741104230256;3408
1;1741104233577;3409
2;1741104235647;93
2;1741104236846;94
1;1741104239925;3410
1;1741104240691;3411
2;1741104241966;95
1;1741104242103;3412
2;1741104242130;96
1;1741104251407;3413
2;1741104253554;97
1;1741104255906;3414
2;1741104256877;98
1;1741104259523;3415
1;1741104261155;3416
2;1741104264247;99
2;1741104266807;100
1;1741104267320;3417
2;1741104269810;101
1;1741104271732;3418
1;1741104274659;3419
1;1741104280328;3420
2;1741104281445;102
2;1741104281830;103
1;1741104283044;3421
2;1741104285603;104
2;1741104285740;105
1;1741104286103;3422
2;1741104298289;106
2;1741104298880;107
1;1741104308638;3423
1;1741104310612;3424
2;1741104315147;108
2;1741104318456;109
2;1741104319224;110
1;1741104319494;3425
1;1741104322266;3426
2;1741104323402;111
2;1741104325152;112
2;1741104327719;113
1;1741104328164;3427
1;1741104328268;3428
1;1741104328335;3429
1;1741104329863;3430
2;1741104337161;114
2;1741104338113;115
2;1741104338570;116
1;1741104341381;3431
2;1741104342250;117
1;1741104346547;3432
2;1741104350806;118
1;1741104352086;3433
1;1741104352470;3434
2;1741104354667;119
1;1741104355770;3435
1;1741104357033;3436
2;1741104359709;120
1;1741104367414;3437
2;1741104367560;121
1;1741104369748;3438
2;1741104374801;122
1;1741104375554;3439
2;1741104384845;123
1;1741104385385;3440
2;1741104386777;124
2;1741104389620;125
2;1741104394035;126
2;1741104396580;127
1;1741104398666;3441
2;1741104399295;128
2;1741104400182;129
1;1741104408688;3442
1;1741104412786;3443
1;1741104412914;3444
2;1741104414057;130
1;1741104417075;3445
1;1741104417240;3446
1;1741104421044;3447
2;1741104422759;131
1;1741104424327;3448
1;1741104425514;3449
2;1741104429624;132
2;1741104434071;133
2;1741104434093;134
2;1741104434584;135
1;1741104441444;3450
1;1741104441497;3451
1;1741104453679;3452
1;1741104456969;3453
1;1741104458694;3454
2;1741104460601;136
2;1741104461448;137
1;1741104465092;3455
1;1741104467627;3456
2;1741104468370;138
1;1741104470422;3457
2;1741104472087;139
1;1741104473229;3458
2;1741104473649;140
2;1741104478804;141
2;1741104478896;142
1;1741104484819;3459
1;1741104487843;3460
2;1741104491432;143
2;1741104492786;144
1;1741104495819;3461
2;1741104496160;145
1;1741104501408;3462
2;1741104506997;146
2;1741104507591;147
1;1741104508316;3463
1;1741104509212;3464
2;1741104511846;148
2;1741104512554;149
2;1741104513043;150
1;1741104516480;3465
2;1741104518843;151
1;1741104519463;3466
1;1741104524375;3467
1;1741104524450;3468
1;1741104529246;3469
2;1741104535230;152
1;1741104540079;3470
1;1741104543294;3471
1;1741104545739;3472
2;1741104546975;153
2;1741104548206;154
1;1741104550443;3473
2;1741104550523;155
2;1741104557245;156
2;1741104558357;157
2;1741104560850;158
1;1741104561329;3474
2;1741104562750;159
1;1741104563644;3475
1;1741104565620;3476
1;1741104566301;3477
1;1741104573924;3478
2;1741104575421;160
2;1741104578540;161
2;1741104579176;162
2;1741104581724;163
2;1741104582511;164
1;1741104587242;3479
1;1741104588162;3480
2;1741104589398;165
1;1741104589575;3481
1;1741104601282;3482
2;1741104602841;166
2;1741104604500;167
2;1741104607031;168
1;1741104608288;3483
2;1741104611326;169
1;1741104611663;3484
1;1741104613669;3485
1;1741104615947;3486
2;1741104617628;170
2;1741104623230;171
1;1741104623470;3487
1;1741104629597;3488
2;1741104631944;172
2;1741104636103;173
1;1741104637183;3489
2;1741104641200;174
1;1741104641701;3490
2;1741104641997;175
1;1741104646576;3491
1;1741104650416;3492
1;1741104650805;3493
2;1741104650947;176
2;1741104653046;177
1;1741104653943;3494
2;1741104656138;178
2;1741104658707;179
2;1741104661412;180
2;1741104661887;181
1;1741104666302;3495
1;1741104667272;3496
1;1741104676417;3497
2;1741104679133;182
2;1741104683037;183
2;1741104683049;184
1;1741104685442;3498
1;1741104686377;3499
1;1741104691841;3500
2;1741104692901;185
1;1741104698844;3501
1;1741104703344;3502
1;1741104703912;3503
2;1741104704190;186
2;1741104704858;187
2;1741104705496;188
1;1741104709130;3504
2;1741104709885;189
1;1741104711785;3505
1;1741104714752;3506
2;1741104715266;190
1;1741104717166;3507
2;1741104718255;191
1;1741104722444;3508
2;1741104723924;192
1;1741104724907;3509
1;1741104726638;3510
2;1741104735150;193
2;1741104739247;194
1;1741104739451;3511
2;1741104744969;195
1;1741104745428;3512
2;1741104746168;196
1;1741104747887;3513
1;1741104747963;3514
1;1741104757492;3515
2;1741104758347;197
2;1741104760306;198
2;1741104760752;199
1;1741104766453;3516
2;1741104768617;200
2;1741104772108;201
1;1741104772441;3517
2;1741104773837;202
2;1741104775220;203
1;1741104777134;3518
2;1741104777323;204
1;1741104778504;3519
1;1741104782841;3520
1;1741104783778;3521
2;1741104792519;205
2;1741104799513;206
2;1741104799807;207
1;1741104799916;3522
2;1741104804376;208
1;1741104807781;3523
1;1741104808250;3524
2;1741104808711;209
2;1741104812182;210
2;1741104813013;211
1;1741104814468;3525
1;1741104817778;3526
1;1741104820039;3527
1;1741104821842;3528
2;1741104825217;212
1;1741104826917;3529
2;1741104827227;213
2;1741104829003;214
1;1741104842346;3530
2;1741104843835;215
2;1741104844863;216
2;1741104850317;217
1;1741104852000;3531
2;1741104854730;218
1;1741104857864;3532
1;1741104860876;3533
1;1741104861035;3534
2;1741104864393;219
2;1741104867281;220
1;1741104868091;3535
1;1741104868654;3536
1;1741104870659;3537
2;1741104876793;221
2;1741104882184;222
1;1741104882334;3538
1;1741104883219;3539
1;1741104883764;3540
2;1741104884587;223
2;1741104887405;224
1;1741104892290;3541
2;1741104892786;225
1;1741104897036;3542
2;1741104901594;226
1;1741104903087;3543
1;1741104906642;3544
2;1741104910514;227
2;1741104912101;228
1;1741104912192;3545
1;1741104912676;3546
2;1741104915672;229
2;1741104923277;230
1;1741104927355;3547
1;1741104929202;3548
1;1741104934247;3549
2;1741104936231;231
2;1741104937586;232
1;1741104937962;3550
2;1741104941518;233
2;1741104944114;234
2;1741104945288;235
2;1741104945575;236
2;1741104948973;237
1;1741104949589;3551
1;1741104953817;3552
1;1741104958524;3553
1;1741104962533;3554
1;1741104965693;3555
2;1741104965815;238
2;1741104968715;239
1;1741104969828;3556
2;1741104970446;240
2;1741104971758;241
1;1741104974883;3557
2;1741104977480;242
1;1741104979583;3558
2;1741104979667;243
1;1741104983628;3559
1;1741104985384;3560
1;1741104987914;3561
2;1741104988078;244
2;1741104994432;245
2;1741104997697;246
1;1741104998742;3562
1;1741104998832;3563
1;1741104999894;3564
2;1741105002312;247
2;1741105004721;248
2;1741105009841;249
1;1741105012801;3565
2;1741105014513;250
1;1741105015009;3566
1;1741105019708;3567
2;1741105027122;251
2;1741105032078;252
1;1741105032361;3568
1;1741105037217;3569
1;1741105039693;3570
2;1741105043508;253
1;1741105044362;3571
2;1741105044548;254
2;1741105047232;255
2;1741105047502;256
1;1741105048708;3572
1;1741105048724;3573
1;1741105049707;3574
2;1741105055394;257
2;1741105055430;258
3;1741105055802;5
1;1741105056198;3575
2;1741105059780;259
2;1741105063109;260
2;1741105067618;261
2;1741105068291;262
1;1741105073255;3576
1;1741105078410;3577
1;1741105083025;3578
1;1741105086599;3579
1;1741105088875;3580
2;1741105089087;263
2;1741105090310;264
1;1741105090911;3581
2;1741105091700;265
1;1741105093675;3582
1;1741105094344;3583
2;1741105095945;266
1;1741105098570;3584
1;1741105099512;3585
2;1741105099748;267
2;1741105103684;268
2;1741105113614;269
1;1741105117892;3586
2;1741105117918;270
1;1741105118335;3587
1;1741105120894;3588
2;1741105123422;271
2;1741105125182;272
1;1741105126030;3589
1;1741105131203;3590
2;1741105133472;273
1;1741105134201;3591
2;1741105135571;274
1;1741105145535;3592
2;1741105148915;275
2;1741105151045;276
2;1741105156905;277
1;1741105158162;3593
2;1741105159163;278
1;1741105160328;3594
1;1741105165642;3595
2;1741105168844;279
2;1741105172334;280
1;1741105173003;3596
2;1741105174699;281
1;1741105176129;3597
2;1741105179359;282
2;1741105180946;283
1;1741105183742;3598
1;1741105183955;3599
2;1741105185275;284
1;1741105185549;3600
2;1741105186094;285
1;1741105187188;3601
1;1741105190173;3602
1;1741105190337;3603
2;1741105201819;286
1;1741105205710;3604
2;1741105209613;287
2;1741105210466;288
2;1741105210899;289
2;1741105211761;290
1;1741105212826;3605
1;1741105219612;3606
1;1741105220753;3607
1;1741105221386;3608
2;1741105221407;291
2;1741105228880;292
2;1741105231280;293
1;1741105235204;3609
1;1741105239473;3610
2;1741105240323;294
2;1741105242883;295
1;1741105243804;3611
1;1741105246821;3612
1;1741105247675;3613
2;1741105250713;296
2;1741105251050;297
2;1741105257179;298
2;1741105258565;299
1;1741105260678;3614
1;1741105265151;3615
1;1741105269373;3616
1;1741105270855;3617
2;1741105271267;300
2;1741105274650;301
1;1741105278780;3618
1;1741105279606;3619
1;1741105280698;3620
2;1741105284359;302
2;1741105288263;303
1;1741105288443;3621
1;1741105289778;3622
2;1741105290974;304
1;1741105299707;3623
1;1741105303618;3624
2;1741105303968;305
1;1741105308064;3625
2;1741105308267;306
2;1741105309211;307
1;1741105310163;3626
2;1741105312909;308
2;1741105316572;309
1;1741105317342;3627
2;1741105317927;310
1;1741105321443;3628
2;1741105321514;311
1;1741105328171;3629
2;1741105329327;312
2;1741105332445;313
1;1741105333264;3630
2;1741105334128;314
1;1741105334233;3631
1;1741105342188;3632
2;1741105342338;315
2;1741105347694;316
1;1741105349614;3633
1;1741105351868;3634
2;1741105353963;317
1;1741105364040;3635
2;1741105367028;318
1;1741105371467;3636
2;1741105372152;319
2;1741105372701;320
1;1741105376007;3637
2;1741105376652;321
2;1741105378255;322
1;1741105383649;3638
2;1741105386072;323
1;1741105387755;3639
2;1741105391510;324
1;1741105392688;3640
1;1741105395215;3641
2;1741105395828;325
2;1741105397228;326
1;1741105399243;3642
2;1741105405550;327
1;1741105408143;3643
1;1741105408192;3644
2;1741105408964;328
1;1741105410241;3645
2;1741105413432;329
2;1741105414459;330
1;1741105415930;3646
1;1741105418499;3647
2;1741105418964;331
2;1741105419711;332
2;1741105425451;333
2;1741105433158;334
1;1741105433276;3648
2;1741105434283;335
1;1741105437489;3649
1;1741105439905;3650
1;1741105444504;3651
2;1741105451392;336
1;1741105451705;3652
2;1741105452972;337
2;1741105460952;338
1;1741105464556;3653
1;1741105466500;3654
2;1741105469017;339
2;1741105471081;340
1;1741105472767;3655
1;1741105474175;3656
1;1741105474707;3657
2;1741105476310;341
2;1741105478277;342
2;1741105478499;343
1;1741105481141;3658
1;1741105482678;3659
1;1741105484773;3660
2;1741105485461;344
1;1741105487333;3661
2;1741105494051;345
1;1741105496164;3662
1;1741105503284;3663
2;1741105504692;346
2;1741105504903;347
2;1741105506843;348
2;1741105507003;349
1;1741105507410;3664
1;1741105509876;3665
2;1741105513635;350
1;1741105521723;3666
2;1741105521780;351
1;1741105522917;3667
2;1741105524213;352
2;1741105528534;353
2;1741105530731;354
1;1741105535792;3668
1;1741105536687;3669
1;1741105538074;3670
2;1741105540058;355
1;1741105540673;3671
1;1741105542821;3672
1;1741105543477;3673
2;1741105548471;356
1;1741105555610;3674
2;1741105555833;357
2;1741105556044;358
1;1741105556951;3675
2;1741105561806;359
2;1741105564801;360
1;1741105567420;3676
2;1741105568928;361
2;1741105573284;362
1;1741105574677;3677
1;1741105574825;3678
1;1741105582709;3679
2;1741105583140;363
1;1741105586847;3680
2;1741105592047;364
1;1741105594624;3681
1;1741105597905;3682
2;1741105598003;365
2;1741105602070;366
1;1741105605244;3683
1;1741105605400;3684
1;1741105606829;3685
2;1741105608100;367
2;1741105612675;368
1;1741105613175;3686
2;1741105613300;369
2;1741105621707;370
2;1741105622352;371
2;1741105624867;372
1;1741105631209;3687
1;1741105632068;3688
2;1741105635886;373
1;1741105636364;3689
1;1741105640877;3690
2;1741105642810;374
2;1741105643131;375
2;1741105645709;376
1;1741105646944;3691
1;1741105648977;3692
2;1741105656443;377
2;1741105661500;378
1;1741105661735;3693
1;1741105662191;3694
1;1741105663292;3695
2;1741105667834;379
1;1741105671125;3696
1;1741105673295;3697
1;1741105675486;3698
2;1741105677377;380
2;1741105678964;381
2;1741105679309;382
2;1741105679442;383
1;1741105680598;3699
1;1741105686509;3700
2;1741105689686;384
2;1741105693162;385
2;1741105699746;386
1;1741105705385;3701
1;1741105707564;3702
2;1741105708680;387
1;1741105709852;3703
1;1741105710018;3704
2;1741105710265;388
1;1741105710827;3705
2;1741105711188;389
1;1741105718707;3706
2;1741105719207;390
1;1741105722399;3707
1;1741105723994;3708
2;1741105725247;391
2;1741105728099;392
2;1741105730119;393
1;1741105737625;3709
2;1741105739709;394
2;1741105742278;395
2;1741105742413;396
1;1741105742634;3710
2;1741105743997;397
1;1741105745358;3711
1;1741105746115;3712
2;1741105748623;398
2;1741105749747;399
1;1741105753143;3713
1;1741105756908;3714
2;1741105758096;400
1;1741105760588;3715
1;1741105760706;3716
2;1741105764252;401
2;1741105774313;402
1;1741105780978;3717
1;1741105781462;3718
2;1741105783140;403
2;1741105783206;404
2;1741105787369;405
1;1741105787414;3719
1;1741105788456;3720
1;1741105788831;3721
1;1741105789628;3722
1;1741105797538;3723
2;1741105803774;406
2;1741105806473;407
2;1741105808327;408
1;1741105809151;3724
2;1741105809514;409
1;1741105817405;3725
1;1741105821045;3726
2;1741105821121;410
1;1741105825258;3727
2;1741105826546;411
2;1741105826860;412
1;1741105829173;3728
2;1741105832924;413
1;1741105835324;3729
2;1741105839952;414
2;1741105841683;415
1;1741105849145;3730
1;1741105850115;3731
1;1741105851859;3732
1;1741105852435;3733
1;1741105857542;3734
2;1741105860633;416
1;1741105860925;3735
2;1741105861799;417
2;1741105862626;418
1;1741105864751;3736
1;1741105865722;3737
2;1741105869102;419
1;1741105869242;3738
2;1741105870243;420
1;1741105877467;3739
2;1741105878270;421
1;1741105878321;3740
2;1741105882493;422
2;1741105884525;423
2;1741105885012;424
2;1741105887457;425
1;1741105900699;3741
1;1741105902834;3742
2;1741105906416;426
1;1741105911022;3743
2;1741105911323;427
2;1741105913335;428
1;1741105913484;3744
2;1741105915022;429
1;1741105918172;3745
0;1741105922838;1488
1;1741105923356;3746
2;1741105924628;430
2;1741105924734;431
1;1741105925167;3747
2;1741105927954;432
1;1741105928648;3748
2;1741105935226;433
0;1741105938201;1489
1;1741105938263;3749
0;1741105938771;1490
1;1741105939016;3750
2;1741105941625;434
0;1741105942478;1491
1;1741105943684;3751
0;1741105944529;1492
1;1741105947523;3752
2;1741105947585;435
1;1741105948135;3753
2;1741105948822;436
0;1741105950955;1493
0;1741105952315;1494
0;1741105956392;1495
2;1741105959432;437
2;1741105959619;438
1;1741105959796;3754
2;1741105962884;439
2;1741105964349;440
1;1741105964650;3755
1;1741105969752;3756
0;1741105970079;1496
2;1741105971807;441
2;1741105975172;442
1;1741105977529;3757
0;1741105979592;1497
0;1741105980265;1498
1;1741105980775;3758
0;1741105982181;1499
1;1741105982574;3759
0;1741105983228;1500
1;1741105985664;3760
2;1741105986463;443
2;1741105986559;444
0;1741105992160;1501
2;1741105997249;445
1;1741105998853;3761
0;1741105999127;1502
1;1741105999144;3762
1;1741106000523;3763
1;1741106001900;3764
0;1741106002963;1503
2;1741106003026;446
1;1741106004312;3765
0;1741106005078;1504
2;1741106007223;447
2;1741106007958;448
0;1741106011359;1505
2;1741106012994;449
2;1741106014181;450
1;1741106016031;3766
0;1741106016349;1506
2;1741106018601;451
0;1741106019561;1507
1;1741106021006;3767
0;1741106023067;1508
1;1741106024096;3768
2;1741106024733;452
2;1741106031549;453
1;1741106033877;3769
1;1741106035481;3770
0;1741106038218;1509
0;1741106038864;1510
1;1741106042439;3771
0;1741106042757;1511
0;1741106043966;1512
2;1741106048636;454
2;1741106049176;455
0;1741106050020;1513
1;1741106051238;3772
0;1741106054852;1514
1;1741106054969;3773
2;1741106058298;456
1;1741106058817;3774
1;1741106058827;3775
2;1741106059317;457
2;1741106059933;458
2;1741106061992;459
1;1741106063551;3776
0;1741106064117;1515
2;1741106064667;460
1;1741106065278;3777
0;1741106066464;1516
2;1741106066656;461
0;1741106068940;1517
0;1741106073028;1518
0;1741106077537;1519
1;1741106084967;3778
0;1741106086209;1520
2;1741106086416;462
2;1741106087709;463
0;1741106088395;1521
1;1741106090173;3779
1;1741106090947;3780
0;1741106094450;1522
2;1741106097282;464
1;1741106098106;3781
2;1741106098223;465
2;1741106099905;466
1;1741106100256;3782
2;1741106100505;467
0;1741106100999;1523
1;1741106101159;3783
1;1741106102537;3784
2;1741106103453;468
1;1741106106267;3785
0;1741106110049;1524
1;1741106113042;3786
2;1741106113095;469
2;1741106115248;470
0;1741106116559;1525
0;1741106119805;1526
2;1741106122276;471
1;1741106123089;3787
1;1741106123634;3788
0;1741106124350;1527
2;1741106127626;472
1;1741106131205;3789
0;1741106131332;1528
1;1741106133294;3790
0;1741106134069;1529
1;1741106137679;3791
1;1741106139220;3792
0;1741106144130;1530
1;1741106145189;3793
1;1741106145691;3794
2;1741106148113;473
0;1741106148325;1531
2;1741106149455;474
2;1741106149556;475
0;1741106151204;1532
2;1741106156677;476
2;1741106160589;477
0;1741106161849;1533
2;1741106162471;478
2;1741106162888;479
0;1741106165521;1534
2;1741106165535;480
1;1741106168760;3795
0;1741106169810;1535
2;1741106171603;481
0;1741106171623;1536
0;1741106172076;1537
1;1741106173524;3796
1;1741106173831;3797
0;1741106174516;1538
0;1741106178870;1539
1;1741106179134;3798
1;1741106180310;3799
2;1741106182254;482
1;1741106182440;3800
0;1741106186074;1540
2;1741106187218;483
2;1741106192099;484
0;1741106192794;1541
1;1741106195605;3801
2;1741106196417;485
1;1741106197042;3802
0;1741106200205;1542
2;1741106200492;486
1;1741106200536;3803
0;1741106203493;1543
1;1741106204052;3804
2;1741106206643;487
2;1741106212622;488
2;1741106212663;489
2;1741106213247;490
0;1741106213670;1544
1;1741106214920;3805
1;1741106219929;3806
2;1741106222169;491
2;1741106222183;492
0;1741106224087;1545
0;1741106224189;1546
0;1741106225136;1547
1;1741106227179;3807
0;1741106228223;1548
0;1741106231487;1549
0;1741106232616;1550
1;1741106233956;3808
1;1741106234238;3809
2;1741106235645;493
2;1741106236786;494
1;1741106237108;3810
2;1741106237982;495
1;1741106238065;3811
2;1741106245350;496
0;1741106246829;1551
2;1741106252369;497
2;1741106253273;498
1;1741106253432;3812
0;1741106253750;1552
0;1741106253777;1553
0;1741106255523;1554
1;1741106255713;3813
0;1741106258382;1555
2;1741106260877;499
2;1741106263955;500
0;1741106265455;1556
0;1741106266345;1557
0;1741106267947;1558
2;1741106272520;501
1;1741106273206;3814
1;1741106275075;3815
1;1741106275906;3816
1;1741106277263;3817
1;1741106278626;3818
1;1741106282121;3819
0;1741106285039;1559
0;1741106286332;1560
2;1741106289611;502
2;1741106289970;503
0;1741106291886;1561
2;1741106292166;504
1;1741106292706;3820
2;1741106293180;505
1;1741106293707;3821
2;1741106293760;506
1;1741106295738;3822
2;1741106298058;507
2;1741106298578;508
2;1741106305413;509
0;1741106306997;1562
1;1741106307121;3823
0;1741106310261;1563
0;1741106310923;1564
1;1741106313627;3824
1;1741106314686;3825
0;1741106315411;1565
1;1741106318469;3826
1;1741106320068;3827
0;1741106321345;1566
2;1741106321731;510
0;1741106324573;1567
0;1741106325154;1568
2;1741106328912;511
0;1741106329486;1569
1;1741106330454;3828
2;1741106332276;512
1;1741106337095;3829
2;1741106337462;513
0;1741106339141;1570
1;1741106340248;3830
2;1741106340695;514
0;1741106344383;1571
1;1741106344668;3831
1;1741106345331;3832
0;1741106348303;1572
2;1741106352972;515
2;1741106355518;516
1;1741106356713;3833
1;1741106358016;3834
2;1741106358082;517
2;1741106359061;518
2;1741106359275;519
0;1741106360743;1573
0;1741106361102;1574
2;1741106361405;520
1;1741106362812;3835
0;1741106363794;1575
0;1741106366173;1576
1;1741106369624;3836
2;1741106371143;521
1;1741106373710;3837
0;1741106375539;1577
0;1741106376456;1578
1;1741106378720;3838
2;1741106379446;522
2;1741106380923;523
2;1741106380956;524
1;1741106382436;3839
1;1741106382697;3840
2;1741106382781;525
0;1741106383281;1579
0;1741106384565;1580
0;1741106398962;1581
1;1741106399193;3841
2;1741106399645;526
0;1741106401699;1582
2;1741106404868;527
0;1741106405217;1583
0;1741106405363;1584
0;1741106406731;1585
1;1741106408273;3842
2;1741106408375;528
1;1741106408533;3843
2;1741106410982;529
0;1741106412857;1586
1;1741106413598;3844
0;1741106415032;1587
0;1741106416666;1588
2;1741106419656;530
2;1741106421164;531
1;1741106422317;3845
0;1741106422325;1589
1;1741106422961;3846
1;1741106424587;3847
2;1741106426120;532
1;1741106426190;3848
2;1741106427715;533
1;1741106430443;3849
0;1741106430890;1590
0;1741106433135;1591
1;1741106434655;3850
2;1741106436878;534
1;1741106444318;3851
2;1741106445518;535
1;1741106447768;3852
0;1741106448481;1592
2;1741106448632;536
0;1741106451509;1593
2;1741106453285;537
1;1741106453298;3853
0;1741106455122;1594
2;1741106455548;538
2;1741106458502;539
1;1741106458561;3854
0;1741106461836;1595
2;1741106462684;540
0;1741106463289;1596
1;1741106465199;3855
0;1741106472102;1597
1;1741106472170;3856
1;1741106475049;3857
2;1741106477489;541
2;1741106477976;542
0;1741106480043;1598
2;1741106481018;543
0;1741106483709;1599
1;1741106484397;3858
1;1741106486438;3859
0;1741106488375;1600
1;1741106492244;3860
2;1741106493762;544
2;1741106495266;545
1;1741106495554;3861
2;1741106496563;546
1;1741106496758;3862
2;1741106497055;547
0;1741106499661;1601
2;1741106500757;548
0;1741106502306;1602
1;1741106505031;3863
0;1741106505912;1603
1;1741106513392;3864
1;1741106514411;3865
0;1741106514609;1604
0;1741106516672;1605
1;1741106517466;3866
2;1741106517790;549
2;1741106518285;550
2;1741106520379;551
1;1741106522590;3867
0;1741106522825;1606
0;1741106525339;1607
0;1741106525637;1608
2;1741106528769;552
0;1741106530402;1609
0;1741106530490;1610
1;1741106530504;3868
2;1741106534241;553
1;1741106534734;3869
1;1741106542223;3870
1;1741106544331;3871
2;1741106547658;554
2;1741106549446;555
2;1741106552315;556
1;1741106552865;3872
1;1741106554214;3873
1;1741106555204;3874
2;1741106559309;557
2;1741106560881;558
1;1741106563250;3875
2;1741106567382;559
2;1741106567901;560
1;1741106568361;3876
1;1741106568693;3877
1;1741106569379;3878
2;1741106575956;561
2;1741106580137;562
1;1741106586164;3879
1;1741106588882;3880
2;1741106592338;563
1;1741106592834;3881
2;1741106593338;564
2;1741106599371;565
2;1741106601611;566
1;1741106603130;3882
2;1741106603580;567
1;1741106604521;3883
1;1741106609087;3884
1;1741106613507;3885
2;1741106613954;568
1;1741106614823;3886
1;1741106614866;3887
2;1741106615041;569
2;1741106620106;570
1;1741106620164;3888
1;1741106621204;3889
2;1741106623462;571
2;1741106630225;572
2;1741106631116;573
2;1741106632967;574
1;1741106636342;3890
2;1741106639163;575
2;1741106643003;576
1;1741106645740;3891
1;1741106646705;3892
1;1741106648883;3893
2;1741106651457;577
1;1741106657480;3894
1;1741106663110;3895
2;1741106663287;578
1;1741106665041;3896
2;1741106668198;579
1;1741106674646;3897
1;1741106676377;3898
2;1741106677679;580
2;1741106680704;581
2;1741106682538;582
2;1741106683082;583
1;1741106683153;3899
1;1741106683662;3900
2;1741106687262;584
1;1741106698851;3901
1;1741106701172;3902
2;1741106702046;585
2;1741106702576;586
1;1741106703052;3903
2;1741106703331;587
2;1741106703414;588
1;1741106708178;3904
1;1741106708533;3905
1;1741106713861;3906
2;1741106717900;589
2;1741106719983;590
1;1741106720863;3907
1;1741106727813;3908
1;1741106732418;3909
1;1741106735172;3910
2;1741106735633;591
2;1741106735836;592
2;1741106735859;593
1;1741106741364;3911
1;1741106743374;3912
2;1741106744708;594
2;1741106746541;595
1;1741106748251;3913
2;1741106749318;596
2;1741106750399;597
2;1741106757245;598
1;1741106757564;3914
1;1741106759234;3915
2;1741106760602;599
2;1741106763459;600
1;1741106769969;3916
1;1741106773738;3917
2;1741106773760;601
1;1741106776267;3918
1;1741106779123;3919
2;1741106779204;602
2;1741106780855;603
1;1741106785088;3920
2;1741106787717;604
2;1741106791719;605
1;1741106794128;3921
2;1741106805248;606
2;1741106805951;607
1;1741106806006;3922
1;1741106806687;3923
1;1741106811196;3924
1;1741106811887;3925
2;1741106816280;608
1;1741106817232;3926
1;1741106818267;3927
2;1741106818663;609
2;1741106820981;610
2;1741106821562;611
2;1741106821775;612
1;1741106823449;3928
2;1741106830279;613
2;1741106832073;614
1;1741106838252;3929
1;1741106839271;3930
2;1741106839566;615
1;1741106840212;3931
1;1741106841000;3932
2;1741106846506;616
1;1741106849832;3933
1;1741106851046;3934
1;1741106851639;3935
2;1741106856695;617
2;1741106860390;618
2;1741106867945;619
2;1741106870487;620
2;1741106871165;621
2;1741106871253;622
1;1741106872201;3936
1;1741106877963;3937
1;1741106878792;3938
2;1741106884823;623
2;1741106886887;624
1;1741106887338;3939
1;1741106888482;3940
2;1741106888693;625
2;1741106893167;626
1;1741106893440;3941
2;1741106893946;627
2;1741106894956;628
1;1741106898813;3942
1;1741106903087;3943
1;1741106904492;3944
1;1741106910384;3945
2;1741106910815;629
2;1741106913871;630
1;1741106916660;3946
1;1741106921953;3947
2;1741106925364;631
2;1741106926196;632
2;1741106928150;633
2;1741106928415;634
1;1741106930495;3948
1;1741106933016;3949
1;1741106943755;3950
2;1741106943768;635
1;1741106944792;3951
2;1741106944804;636
1;1741106947683;3952
1;1741106948680;3953
1;1741106952160;3954
2;1741106953480;637
2;1741106954141;638
1;1741106954397;3955
1;1741106962980;3956
1;1741106965163;3957
2;1741106966413;639
2;1741106968570;640
2;1741106973410;641
1;1741106975433;3958
2;1741106975477;642
1;1741106979118;3959
2;1741106979593;643
2;1741106982157;644
2;1741106988401;645
1;1741106990153;3960
2;1741106992807;646
1;1741106993202;3961
1;1741106996954;3962
2;1741107001576;647
1;1741107002516;3963
2;1741107002840;648
1;1741107005928;3964
1;1741107007996;3965
2;1741107009383;649
1;1741107011329;3966
2;1741107021055;650
1;1741107021476;3967
1;1741107026298;3968
1;1741107029283;3969
2;1741107029717;651
1;1741107034535;3970
2;1741107038060;652
2;1741107038268;653
2;1741107039036;654
1;1741107042972;3971
2;1741107044517;655
1;1741107045425;3972
2;1741107050261;656
2;1741107056807;657
2;1741107058153;658
1;1741107061004;3973
1;1741107061271;3974
1;1741107061328;3975
2;1741107063663;659
2;1741107065573;660
2;1741107069712;661
1;1741107072760;3976
1;1741107074252;3977
1;1741107074650;3978
2;1741107075685;662
2;1741107080646;663
1;1741107081019;3979
2;1741107082736;664
1;1741107086024;3980
2;1741107088636;665
1;1741107095983;3981
2;1741107101338;666
1;1741107104863;3982
2;1741107106754;667
1;1741107108056;3983
1;1741107109618;3984
1;1741107110291;3985
2;1741107118299;668
2;1741107120509;669
1;1741107121341;3986
1;1741107125288;3987
2;1741107126210;670
2;1741107128149;671
2;1741107128394;672
1;1741107130539;3988
2;1741107132616;673
2;1741107132811;674
1;1741107138903;3989
1;1741107139130;3990
1;1741107145354;3991
1;1741107151590;3992
2;1741107151882;675
1;1741107153348;3993
2;1741107156819;676
2;1741107162842;677
2;1741107163818;678
1;1741107164370;3994
2;1741107166643;679
2;1741107167626;680
1;1741107170889;3995
1;1741107172560;3996
2;1741107173395;681
2;1741107178494;682
1;1741107180632;3997
2;1741107180996;683
1;1741107184535;3998
2;1741107186018;684
1;1741107186912;3999
2;1741107188069;685
1;1741107190234;4000
1;1741107190929;4001
2;1741107192728;686
2;1741107193922;687
1;1741107196430;4002
2;1741107196970;688
1;1741107202612;4003
1;1741107203834;4004
1;1741107209934;4005
1;1741107222005;4006
2;1741107224026;689
2;1741107226412;690
2;1741107227015;691
1;1741107228803;4007
2;1741107230741;692
2;1741107231346;693
2;1741107234823;694
2;1741107236920;695
1;1741107239516;4008
2;1741107241506;696
1;1741107242164;4009
1;1741107242418;4010
1;1741107243490;4011
1;1741107244243;4012
1;1741107249707;4013
1;1741107250690;4014
2;1741107253613;697
2;1741107255089;698
2;1741107261764;699
1;1741107264606;4015
2;1741107268312;700
1;1741107270329;4016
1;1741107272856;4017
1;1741107274175;4018
2;1741107276903;701
1;1741107278240;4019
2;1741107280802;702
2;1741107287294;703
1;1741107288462;4020
2;1741107293729;704
2;1741107294371;705
1;1741107302924;4021
1;1741107303102;4022
1;1741107303850;4023
2;1741107303906;706
2;1741107303988;707
1;1741107306840;4024
2;1741107311777;708
2;1741107314297;709
1;1741107314306;4025
1;1741107317600;4026
1;1741107319836;4027
2;1741107323733;710
1;1741107325646;4028
1;1741107330364;4029
2;1741107333401;711
1;1741107334628;4030
2;1741107341980;712
2;1741107342126;713
2;1741107342524;714
2;1741107343849;715
2;1741107345300;716
1;1741107346134;4031
2;1741107347276;717
1;1741107349526;4032
1;1741107349708;4033
1;1741107353791;4034
2;1741107355727;718
1;1741107356011;4035
2;1741107359050;719
1;1741107359748;4036
1;1741107364245;4037
2;1741107370275;720
2;1741107373149;721
1;1741107375762;4038
2;1741107377821;722
2;1741107380297;723
2;1741107381945;724
1;1741107388273;4039
1;1741107392183;4040
2;1741107396599;725
1;1741107397036;4041
1;1741107397396;4042
2;1741107399243;726
1;1741107402622;4043
2;1741107405685;727
2;1741107406856;728
2;1741107408401;729
1;1741107408614;4044
1;1741107409681;4045
2;1741107413702;730
1;1741107414314;4046
1;1741107417326;4047
1;1741107420806;4048
1;1741107421669;4049
2;1741107423362;731
2;1741107426921;732
2;1741107438252;733
1;1741107440227;4050
2;1741107440709;734
2;1741107441904;735
2;1741107443303;736
2;1741107443449;737
1;1741107445787;4051
2;1741107447214;738
1;1741107449458;4052
2;1741107457435;739
1;1741107462200;4053
1;1741107462817;4054
1;1741107463369;4055
1;1741107464286;4056
2;1741107464854;740
1;1741107465412;4057
2;1741107467684;741
2;1741107474677;742
1;1741107477799;4058
1;1741107480863;4059
2;1741107484274;743
1;1741107486972;4060
2;1741107486986;744
2;1741107487489;745
1;1741107488663;4061
2;1741107495907;746
2;1741107498849;747
1;1741107499641;4062
1;1741107502870;4063
1;1741107503007;4064
1;1741107504840;4065
1;1741107507218;4066
2;1741107511106;748
2;1741107516882;749
2;1741107526517;750
2;1741107526856;751
1;1741107528407;4067
2;1741107528645;752
1;1741107528995;4068
1;1741107530228;4069
1;1741107532073;4070
2;1741107533281;753
1;1741107535611;4071
2;1741107538472;754
1;1741107545018;4072
2;1741107546310;755
2;1741107548211;756
2;1741107554316;757
1;1741107554463;4073
2;1741107558419;758
1;1741107560835;4074
1;1741107561732;4075
2;1741107571284;759
2;1741107571664;760
1;1741107573347;4076
1;1741107577486;4077
2;1741107578202;761
1;1741107579114;4078
2;1741107582162;762
2;1741107584181;763
1;1741107584525;4079
2;1741107593038;764
2;1741107595319;765
1;1741107595660;4080
1;1741107595763;4081
2;1741107598640;766
2;1741107598831;767
1;1741107603775;4082
2;1741107605956;768
2;1741107611487;769
2;1741107612180;770
1;1741107613587;4083
2;1741107618666;771
1;1741107619618;4084
2;1741107619916;772
1;1741107619995;4085
1;1741107620570;4086
1;1741107620921;4087
1;1741107621090;4088
2;1741107630619;773
2;1741107635805;774
2;1741107640412;775
1;1741107641971;4089
1;1741107642059;4090
1;1741107643441;4091
2;1741107643964;776
2;1741107644781;777
2;1741107645394;778
1;1741107653493;4092
1;1741107654016;4093
1;1741107655358;4094
1;1741107657789;4095
1;1741107662435;4096
2;1741107663760;779
2;1741107664719;780
2;1741107670933;781
2;1741107672134;782
1;1741107675327;4097
2;1741107676860;783
1;1741107678684;4098
1;1741107681270;4099
1;1741107681634;4100
2;1741107685318;784
2;1741107687032;785
1;1741107692550;4101
2;1741107704162;786
2;1741107705920;787
2;1741107707054;788
1;1741107709164;4102
1;1741107712137;4103
1;1741107712926;4104
1;1741107714575;4105
1;1741107715236;4106
2;1741107717059;789
2;1741107717131;790
2;1741107718812;791
2;1741107724669;792
1;1741107726505;4107
2;1741107726514;793
1;1741107727181;4108
1;1741107727302;4109
1;1741107734025;4110
2;1741107740114;794
2;1741107740452;795
2;1741107745244;796
1;1741107747222;4111
1;1741107747638;4112
2;1741107753476;797
2;1741107754950;798
1;1741107757047;4113
1;1741107763112;4114
1;1741107764175;4115
2;1741107766004;799
1;1741107767085;4116
2;1741107769432;800
1;1741107769481;4117
2;1741107775822;801
2;1741107777768;802
2;1741107779711;803
1;1741107780225;4118
1;1741107781855;4119
2;1741107784171;804
1;1741107787196;4120
1;1741107793793;4121
2;1741107799574;805
1;1741107801034;4122
2;1741107802165;806
2;1741107803276;807
2;1741107807797;808
1;1741107811093;4123
2;1741107811779;809
2;1741107814025;810
1;1741107814670;4124
1;1741107819626;4125
1;1741107823143;4126
1;1741107823875;4127
2;1741107828418;811
1;1741107830184;4128
2;1741107832119;812
2;1741107832431;813
1;1741107834145;4129
1;1741107837275;4130
1;1741107839304;4131
2;1741107842445;814
1;1741107843269;4132
2;1741107844930;815
2;1741107853618;816
2;1741107855754;817
1;1741107855801;4133
1;1741107856040;4134
2;1741107856324;818
2;1741107859388;819
2;1741107864544;820
1;1741107864990;4135
1;1741107868670;4136
2;1741107871165;821
1;1741107871825;4137
2;1741107877560;822
2;1741107881391;823
1;1741107881793;4138
2;1741107886568;824
2;1741107887476;825
1;1741107888693;4139
1;1741107888816;4140
2;1741107893880;826
1;1741107895207;4141
1;1741107899406;4142
1;1741107899524;4143
2;1741107902369;827
2;1741107909713;828
1;1741107909764;4144
2;1741107913552;829
1;1741107916021;4145
2;1741107921169;830
1;1741107921930;4146
1;1741107923121;4147
2;1741107923282;831
1;1741107930118;4148
2;1741107933699;832
1;1741107933981;4149
2;1741107936071;833
1;1741107940027;4150
2;1741107940089;834
2;1741107940546;835
1;1741107943247;4151
1;1741107945279;4152
2;1741107947755;836
1;1741107950058;4153
2;1741107951284;837
2;1741107951522;838
1;1741107952480;4154
1;1741107954916;4155
2;1741107958521;839
2;1741107964601;840
2;1741107970651;841
1;1741107976355;4156
2;1741107979696;842
1;1741107982166;4157
2;1741107983557;843
1;1741107988175;4158
1;1741107988556;4159
1;1741107989247;4160
2;1741107989851;844
2;1741107992505;845
1;1741107992972;4161
1;1741107993503;4162
2;1741108000502;846
1;1741108003738;4163
2;1741108005523;847
2;1741108005549;848
2;1741108007821;849
2;1741108009652;850
1;1741108012592;4164
2;1741108013746;851
1;1741108023077;4165
1;1741108023786;4166
1;1741108028262;4167
1;1741108030016;4168
1;1741108030412;4169
2;1741108033724;852
2;1741108035132;853
1;1741108035467;4170
2;1741108040261;854
2;1741108041148;855
1;1741108044734;4171
2;1741108050797;856
2;1741108051037;857
1;1741108051297;4172
1;1741108052476;4173
1;1741108052494;4174
1;1741108052932;4175
2;1741108057834;858
2;1741108062572;859
2;1741108064566;860
1;1741108066838;4176
2;1741108069747;861
1;1741108069863;4177
1;1741108072458;4178
1;1741108072981;4179
2;1741108073349;862
1;1741108077745;4180
1;1741108083210;4181
2;1741108088716;863
1;1741108089438;4182
2;1741108089890;864
2;1741108099619;865
2;1741108102587;866
1;1741108103959;4183
2;1741108112347;867
1;1741108114184;4184
1;1741108121993;4185
2;1741108122719;868
2;1741108123206;869
1;1741108124746;4186
2;1741108125505;870
2;1741108125745;871
2;1741108126479;872
1;1741108128865;4187
1;1741108132808;4188
2;1741108133977;873
1;1741108134813;4189
2;1741108138453;874
2;1741108139897;875
1;1741108142368;4190
1;1741108147842;4191
2;1741108148095;876
2;1741108149300;877
1;1741108149946;4192
2;1741108154552;878
2;1741108157036;879
1;1741108157311;4193
1;1741108159623;4194
1;1741108161460;4195
1;1741108166963;4196
2;1741108171000;880
2;1741108171443;881
1;1741108175753;4197
0;1741108180993;1611
2;1741108183484;882
2;1741108183520;883
1;1741108186198;4198
2;1741108189122;884
0;1741108191638;1612
2;1741108192840;885
2;1741108192852;886
1;1741108194609;4199
0;1741108195473;1613
1;1741108197904;4200
2;1741108198333;887
2;1741108202910;888
2;1741108203280;889
1;1741108204612;4201
0;1741108207155;1614
1;1741108210763;4202
2;1741108210854;890
1;1741108210901;4203
1;1741108212463;4204
1;1741108213992;4205
0;1741108217661;1615
1;1741108219180;4206
1;1741108220666;4207
0;1741108221115;1616
0;1741108221562;1617
2;1741108224601;891
0;1741108225078;1618
2;1741108226930;892
1;1741108226942;4208
0;1741108229684;1619
0;1741108233405;1620
2;1741108233614;893
1;1741108235186;4209
2;1741108235297;894
2;1741108236736;895
1;1741108238118;4210
1;1741108239904;4211
1;1741108241767;4212
1;1741108246136;4213
0;1741108250569;1621
0;1741108254769;1622
2;1741108255275;896
0;1741108258138;1623
1;1741108258667;4214
2;1741108260013;897
1;1741108261173;4215
0;1741108262771;1624
0;1741108263869;1625
2;1741108264269;898
0;1741108264511;1626
0;1741108264609;1627
2;1741108265771;899
2;1741108266727;900
2;1741108268285;901
1;1741108268564;4216
1;1741108270334;4217
2;1741108281897;902
0;1741108282076;1628
1;1741108282245;4218
1;1741108283375;4219
0;1741108283706;1629
2;1741108286956;903
0;1741108288139;1630
2;1741108291940;904
1;1741108296158;4220
0;1741108296758;1631
1;1741108296771;4221
2;1741108296913;905
0;1741108297240;1632
1;1741108297401;4222
2;1741108297990;906
1;1741108300313;4223
2;1741108303432;907
0;1741108304317;1633
1;1741108307759;4224
0;1741108308298;1634
2;1741108308472;908
2;1741108310547;909
0;1741108314066;1635
0;1741108315838;1636
1;1741108317868;4225
2;1741108319686;910
1;1741108321239;4226
0;1741108323493;1637
1;1741108325721;4227
1;1741108325768;4228
2;1741108326448;911
0;1741108328892;1638
1;1741108330576;4229
0;1741108331283;1639
1;1741108331767;4230
2;1741108335602;912
2;1741108339672;913
0;1741108340411;1640
1;1741108341292;4231
2;1741108341869;914
2;1741108344091;915
1;1741108349650;4232
0;1741108350261;1641
0;1741108350322;1642
0;1741108351815;1643
1;1741108356296;4233
0;1741108357996;1644
0;1741108358987;1645
2;1741108361102;916
1;1741108361528;4234
1;1741108361572;4235
2;1741108362481;917
0;1741108365032;1646
2;1741108366812;918
0;1741108366930;1647
1;1741108367285;4236
1;1741108375265;4237
2;1741108375673;919
2;1741108375726;920
2;1741108377786;921
0;1741108379272;1648
2;1741108382503;922
1;1741108383697;4238
0;1741108385602;1649
2;1741108386105;923
1;1741108386754;4239
0;1741108386984;1650
1;1741108388377;4240
0;1741108391080;1651
1;1741108391695;4241
2;1741108393704;924
2;1741108394500;925
2;1741108395025;926
0;1741108396651;1652
2;1741108399415;927
1;1741108402028;4242
1;1741108407874;4243
0;1741108408143;1653
1;1741108409305;4244
2;1741108409389;928
2;1741108410229;929
0;1741108410753;1654
0;1741108411766;1655
1;1741108414827;4245
1;1741108415053;4246
2;1741108416540;930
1;1741108418654;4247
0;1741108419139;1656
1;1741108422104;4248
2;1741108423387;931
0;1741108424834;1657
0;1741108425526;1658
2;1741108426088;932
0;1741108426761;1659
1;1741108428901;4249
2;1741108431837;933
2;1741108432519;934
1;1741108433938;4250
0;1741108434370;1660
2;1741108437644;935
0;1741108444537;1661
1;1741108447170;4251
0;1741108454224;1662
1;1741108454959;4252
2;1741108456669;936
0;1741108457956;1663
1;1741108457971;4253
1;1741108459049;4254
0;1741108459710;1664
2;1741108460089;937
2;1741108460461;938
0;1741108461079;1665
2;1741108463152;939
1;1741108463865;4255
0;1741108466474;1666
0;1741108468230;1667
1;1741108469556;4256
2;1741108473000;940
0;1741108473399;1668
1;1741108475023;4257
1;1741108478409;4258
2;1741108478701;941
1;1741108479375;4259
0;1741108482571;1669
2;1741108485362;942
2;1741108487083;943
0;1741108487713;1670
0;1741108489697;1671
1;1741108490797;4260
0;1741108491549;1672
1;1741108491797;4261
2;1741108491908;944
1;1741108492652;4262
1;1741108493281;4263
0;1741108497840;1673
0;1741108502404;1674
2;1741108502844;945
2;1741108503363;946
2;1741108507697;947
1;1741108510058;4264
1;1741108515341;4265
2;1741108516536;948
2;1741108517844;949
2;1741108518723;950
0;1741108520042;1675
1;1741108521240;4266
0;1741108521633;1676
1;1741108521905;4267
0;1741108522954;1677
0;1741108524575;1678
1;1741108526401;4268
1;1741108527630;4269
2;1741108527947;951
2;1741108528246;952
1;1741108530465;4270
2;1741108536940;953
2;1741108537046;954
2;1741108539889;955
1;1741108541869;4271
0;1741108542811;1679
2;1741108544110;956
0;1741108547137;1680
2;1741108552362;957
0;1741108554645;1681
0;1741108555663;1682
1;1741108556668;4272
1;1741108556726;4273
0;1741108558647;1683
1;1741108559813;4274
0;1741108559954;1684
2;1741108560163;958
2;1741108561204;959
1;1741108561508;4275
2;1741108564739;960
1;1741108565956;4276
0;1741108566393;1685
0;1741108566810;1686
1;1741108568419;4277
0;1741108569831;1687
2;1741108570824;961
1;1741108574829;4278
2;1741108576753;962
2;1741108577660;963
0;1741108588421;1688
0;1741108588471;1689
1;1741108589565;4279
0;1741108591712;1690
0;1741108592797;1691
2;1741108594366;964
1;1741108594464;4280
0;1741108596163;1692
2;1741108598461;965
1;1741108598551;4281
1;1741108598613;4282
1;1741108600734;4283
2;1741108601540;966
2;1741108602200;967
1;1741108602221;4284
2;1741108603066;968
1;1741108604468;4285
2;1741108606242;969
0;1741108608674;1693
0;1741108612367;1694
1;1741108612860;4286
0;1741108617136;1695
0;1741108617664;1696
2;1741108618934;970
2;1741108620014;971
1;1741108621359;4287
0;1741108623108;1697
2;1741108623694;972
2;1741108624441;973
0;1741108628574;1698
1;1741108628808;4288
2;1741108630132;974
1;1741108631385;4289
1;1741108635519;4290
0;1741108638204;1699
1;1741108638830;4291
1;1741108639368;4292
0;1741108640078;1700
2;1741108642351;975
0;1741108642921;1701
2;1741108643697;976
0;1741108648793;1702
0;1741108648985;1703
2;1741108649597;977
1;1741108650917;4293
1;1741108655678;4294
2;1741108659606;978
1;1741108661049;4295
0;1741108662310;1704
2;1741108662445;979
0;1741108662772;1705
2;1741108667447;980
0;1741108668338;1706
1;1741108668410;4296
2;1741108672611;981
2;1741108672746;982
2;1741108678245;983
0;1741108682766;1707
1;1741108683496;4297
2;1741108684482;984
2;1741108686784;985
1;1741108686877;4298
0;1741108686933;1708
1;1741108687501;4299
0;1741108692337;1709
0;1741108694897;1710
1;1741108695115;4300
1;1741108695146;4301
0;1741108697776;1711
2;1741108697839;986
1;1741108698060;4302
0;1741108699649;1712
1;1741108700629;4303
1;1741108708707;4304
0;1741108708841;1713
0;1741108709273;1714
1;1741108710961;4305
1;1741108711403;4306
2;1741108711469;987
0;1741108714130;1715
2;1741108714884;988
2;1741108716974;989
2;1741108718410;990
0;1741108720335;1716
0;1741108723360;1717
1;1741108724172;4307
1;1741108724274;4308
0;1741108724782;1718
1;1741108724903;4309
2;1741108725089;991
2;1741108727560;992
2;1741108729100;993
1;1741108729392;4310
2;1741108732595;994
0;1741108734152;1719
2;1741108738219;995
2;1741108739522;996
1;1741108740203;4311
0;1741108740665;1720
1;1741108742001;4312
1;1741108748179;4313
0;1741108749429;1721
0;1741108751076;1722
0;1741108751374;1723
2;1741108759159;997
2;1741108760625;998
2;1741108760737;999
0;1741108761281;1724
1;1741108761763;4314
0;1741108761818;1725
1;1741108762528;4315
0;1741108764747;1726
2;1741108766292;1000
2;1741108768666;1001
2;1741108770421;1002
1;1741108772834;4316
1;1741108772870;4317
0;1741108773237;1727
1;1741108774981;4318
0;1741108775060;1728
2;1741108777581;1003
1;1741108780690;4319
0;1741108781527;1729
2;1741108786425;1004
1;1741108787173;4320
1;1741108789441;4321
2;1741108791918;1005
0;1741108792276;1730
1;1741108792983;4322
1;1741108796544;4323
0;1741108797412;1731
0;1741108797602;1732
0;1741108798231;1733
2;1741108805917;1006
2;1741108807738;1007
2;1741108808907;1008
1;1741108811404;4324
2;1741108812812;1009
0;1741108813122;1734
1;1741108815394;4325
1;1741108815412;4326
0;1741108817498;1735
1;1741108819391;4327
2;1741108820530;1010
0;1741108822869;1736
0;1741108823121;1737
2;1741108823949;1011
2;1741108828342;1012
0;1741108830133;1738
2;1741108831023;1013
1;1741108833862;4328
1;1741108834588;4329
0;1741108836071;1739
0;1741108837243;1740
2;1741108838326;1014
1;1741108838339;4330
0;1741108841132;1741
1;1741108841786;4331
2;1741108842210;1015
1;1741108846196;4332
1;1741108847921;4333
0;1741108850262;1742
0;1741108853104;1743
1;1741108855310;4334
0;1741108856158;1744
0;1741108861189;1745
2;1741108861195;1016
2;1741108861222;1017
2;1741108861457;1018
0;1741108861481;1746
2;1741108862403;1019
2;1741108866125;1020
0;1741108869304;1747
1;1741108871425;4335
1;1741108872404;4336
0;1741108872443;1748
1;1741108873369;4337
2;1741108875741;1021
2;1741108877303;1022
1;1741108877413;4338
0;1741108879375;1749
2;1741108883105;1023
2;1741108884097;1024
1;1741108884454;4339
0;1741108886716;1750
0;1741108888590;1751
2;1741108891762;1025
1;1741108891792;4340
0;1741108894090;1752
2;1741108894144;1026
1;1741108897382;4341
2;1741108897747;1027
0;1741108899281;1753
1;1741108904723;4342
2;1741108908804;1028
0;1741108908873;1754
1;1741108909120;4343
2;1741108909637;1029
0;1741108912576;1755
1;1741108913058;4344
2;1741108917223;1030
0;1741108919161;1756
0;1741108921655;1757
2;1741108926071;1031
1;1741108926283;4345
1;1741108927720;4346
1;1741108928706;4347
1;1741108930934;4348
2;1741108932068;1032
0;1741108933975;1758
1;1741108936220;4349
2;1741108937492;1033
0;1741108937620;1759
2;1741108938096;1034
0;1741108938681;1760
1;1741108938835;4350
0;1741108939708;1761
2;1741108946834;1035
1;1741108947919;4351
1;1741108948495;4352
1;1741108950175;4353
1;1741108950661;4354
0;1741108950956;1762
1;1741108951227;4355
2;1741108951661;1036
2;1741108954813;1037
0;1741108959592;1763
2;1741108961346;1038
2;1741108962733;1039
0;1741108964504;1764
2;1741108965579;1040
0;1741108966881;1765
0;1741108967925;1766
0;1741108975503;1767
2;1741108975938;1041
1;1741108976509;4356
1;1741108978086;4357
1;1741108978197;4358
1;1741108979038;4359
0;1741108979139;1768
0;1741108979675;1769
2;1741108981159;1042
0;1741108982522;1770
1;1741108982869;4360
2;1741108985142;1043
0;1741108986183;1771
0;1741108987979;1772
0;1741108991961;1773
1;1741108992231;4361
2;1741108994336;1044
1;1741108997466;4362
2;1741108997927;1045
2;1741109006092;1046
1;1741109006103;4363
2;1741109006385;1047
0;1741109006815;1774
1;1741109008143;4364
0;1741109010542;1775
0;1741109011269;1776
1;1741109013202;4365
1;1741109016171;4366
2;1741109017095;1048
1;1741109017164;4367
2;1741109017346;1049
2;1741109022966;1050
2;1741109023077;1051
1;1741109027076;4368
0;1741109027518;1777
2;1741109029078;1052
0;1741109032093;1778
0;1741109034298;1779
1;1741109036992;4369
1;1741109038501;4370
2;1741109038622;1053
0;1741109040279;1780
0;1741109040396;1781
2;1741109041624;1054
0;1741109044985;1782
2;1741109047037;1055
1;1741109048942;4371
0;1741109049118;1783
1;1741109049163;4372
0;1741109052200;1784
2;1741109055973;1056
1;1741109057218;4373
1;1741109058383;4374
1;1741109059153;4375
2;1741109060278;1057
2;1741109060641;1058
1;1741109062200;4376
0;1741109063375;1785
2;1741109065288;1059
1;1741109071692;4377
0;1741109076535;1786
2;1741109077752;1060
0;1741109078192;1787
0;1741109078391;1788
2;1741109079464;1061
0;1741109082429;1789
1;1741109083206;4378
1;1741109084915;4379
2;1741109089207;1062
2;1741109090002;1063
0;1741109091101;1790
2;1741109091447;1064
2;1741109092479;1065
0;1741109092506;1791
0;1741109093321;1792
1;1741109095043;4380
1;1741109097810;4381
0;1741109098368;1793
1;1741109099100;4382
0;1741109099653;1794
2;1741109101111;1066
1;1741109103418;4383
2;1741109103646;1067
1;1741109105266;4384
0;1741109106485;1795
0;1741109107855;1796
0;1741109108391;1797
2;1741109109241;1068
2;1741109109277;1069
2;1741109109866;1070
0;1741109114066;1798
1;1741109117008;4385
1;1741109117370;4386
1;1741109118618;4387
1;1741109118912;4388
1;1741109124946;4389
2;1741109125545;1071
2;1741109127591;1072
0;1741109128369;1799
2;1741109130021;1073
0;1741109134746;1800
0;1741109138587;1801
2;1741109141887;1074
1;1741109143014;4390
0;1741109147439;1802
0;1741109150782;1803
1;1741109153600;4391
2;1741109153679;1075
1;1741109153730;4392
1;1741109153808;4393
3;1741109155807;6
1;1741109157014;4394
2;1741109157574;1076
2;1741109159393;1077
2;1741109160935;1078
0;1741109161464;1804
1;1741109162374;4395
2;1741109162502;1079
0;1741109163223;1805
0;1741109166009;1806
1;1741109166604;4396
0;1741109170203;1807
1;1741109170231;4397
2;1741109173222;1080
0;1741109173316;1808
2;1741109174411;1081
0;1741109177566;1809
1;1741109180815;4398
1;1741109181243;4399
2;1741109186727;1082
2;1741109187226;1083
1;1741109192493;4400
0;1741109192944;1810
1;1741109193751;4401
0;1741109194202;1811
0;1741109195172;1812
2;1741109195297;1084
2;1741109195788;1085
1;1741109198273;4402
2;1741109198953;1086
2;1741109201190;1087
0;1741109202416;1813
0;1741109204139;1814
1;1741109209857;4403
2;1741109211843;1088
0;1741109211947;1815
1;1741109212767;4404
2;1741109215021;1089
0;1741109222873;1816
1;1741109223515;4405
1;1741109223800;4406
1;1741109225683;4407
1;1741109226793;4408
1;1741109227480;4409
2;1741109227749;1090
0;1741109230327;1817
2;1741109231975;1091
0;1741109233205;1818
0;1741109236145;1819
1;1741109237138;4410
0;1741109237279;1820
0;1741109239050;1821
1;1741109240504;4411
2;1741109242533;1092
0;1741109243406;1822
2;1741109244367;1093
1;1741109248418;4412
0;1741109248449;1823
2;1741109250881;1094
2;1741109251696;1095
2;1741109253039;1096
0;1741109253303;1824
1;1741109253499;4413
2;1741109253570;1097
1;1741109256435;4414
1;1741109256465;4415
1;1741109257881;4416
2;1741109262395;1098
2;1741109265185;1099
1;1741109265306;4417
2;1741109265757;1100
0;1741109267047;1825
0;1741109268119;1826
2;1741109269781;1101
0;1741109270420;1827
0;1741109270429;1828
2;1741109274562;1102
2;1741109275386;1103
1;1741109275504;4418
0;1741109278033;1829
2;1741109278326;1104
2;1741109286794;1105
0;1741109289152;1830
0;1741109289871;1831
1;1741109291240;4419
1;1741109294393;4420
2;1741109294907;1106
0;1741109299009;1832
1;1741109299251;4421
2;1741109300429;1107
1;1741109307129;4422
0;1741109307460;1833
0;1741109308152;1834
1;1741109308239;4423
0;1741109311111;1835
2;1741109312212;1108
1;1741109313764;4424
2;1741109313777;1109
1;1741109314304;4425
1;1741109314888;4426
2;1741109315234;1110
0;1741109316087;1836
0;1741109319533;1837
0;1741109319994;1838
1;1741109323419;4427
1;1741109327842;4428
1;1741109327862;4429
2;1741109328046;1111
1;1741109331732;4430
2;1741109332647;1112
2;1741109336466;1113
1;1741109337940;4431
2;1741109339560;1114
2;1741109339748;1115
1;1741109340553;4432
0;1741109344826;1839
0;1741109344937;1840
0;1741109348803;1841
1;1741109348879;4433
0;1741109350747;1842
0;1741109350906;1843
1;1741109353117;4434
0;1741109353892;1844
2;1741109354509;1116
2;1741109356726;1117
2;1741109356846;1118
1;1741109361009;4435
1;1741109361580;4436
2;1741109362263;1119
0;1741109365101;1845
0;1741109371371;1846
0;1741109373129;1847
0;1741109373753;1848
0;1741109375832;1849
1;1741109377045;4437
1;1741109377488;4438
0;1741109380525;1850
2;1741109380566;1120
2;1741109381997;1121
2;1741109382854;1122
2;1741109384038;1123
2;1741109386222;1124
1;1741109389735;4439
1;1741109390068;4440
1;1741109393741;4441
0;1741109393828;1851
2;1741109395456;1125
1;1741109398267;4442
0;1741109398573;1852
2;1741109401434;1126
1;1741109401808;4443
1;1741109402818;4444
0;1741109403289;1853
0;1741109403914;1854
0;1741109404233;1855
2;1741109404770;1127
2;1741109408618;1128
0;1741109411199;1856
2;1741109414744;1129
1;1741109414899;4445
2;1741109415229;1130
1;1741109415381;4446
2;1741109418894;1131
2;1741109422129;1132
1;1741109428078;4447
0;1741109431009;1857
2;1741109431390;1133
0;1741109432953;1858
1;1741109433809;4448
1;1741109434893;4449
0;1741109435694;1859
0;1741109438212;1860
0;1741109438957;1861
0;1741109443727;1862
1;1741109443781;4450
1;1741109443839;4451
2;1741109445277;1134
1;1741109446749;4452
0;1741109448879;1863
2;1741109448959;1135
2;1741109449566;1136
1;1741109455110;4453
1;1741109455145;4454
2;1741109455651;1137
0;1741109455857;1864
2;1741109457196;1138
0;1741109459905;1865
1;1741109459955;4455
2;1741109461394;1139
1;1741109464246;4456
2;1741109467982;1140
0;1741109471474;1866
1;1741109474345;4457
1;1741109476655;4458
2;1741109477529;1141
0;1741109479099;1867
0;1741109479955;1868
0;1741109480547;1869
1;1741109480827;4459
0;1741109480968;1870
0;1741109482135;1871
2;1741109486050;1142
1;1741109489057;4460
1;1741109489371;4461
2;1741109492768;1143
2;1741109493300;1144
2;1741109497595;1145
1;1741109497759;4462
1;1741109502916;4463
1;1741109503737;4464
1;1741109504319;4465
2;1741109504677;1146
0;1741109506589;1872
2;1741109509765;1147
2;1741109511114;1148
0;1741109511137;1873
0;1741109511870;1874
0;1741109512448;1875
0;1741109513480;1876
1;1741109514739;4466
2;1741109522054;1149
0;1741109522674;1877
1;1741109523313;4467
2;1741109523578;1150
2;1741109525372;1151
0;1741109527351;1878
0;1741109527473;1879
0;1741109529317;1880
1;1741109529526;4468
0;1741109533725;1881
2;1741109534076;1152
1;1741109534856;4469
1;1741109534898;4470
2;1741109539372;1153
0;1741109541403;1882
1;1741109541632;4471
2;1741109543654;1154
1;1741109547250;4472
2;1741109548047;1155
2;1741109549455;1156
2;1741109552657;1157
1;1741109558359;4473
0;1741109560041;1883
0;1741109563312;1884
1;1741109564030;4474
2;1741109565292;1158
0;1741109566034;1885
2;1741109568804;1159
0;1741109569764;1886
0;1741109571947;1887
2;1741109573325;1160
1;1741109573741;4475
1;1741109575816;4476
1;1741109578326;4477
1;1741109578340;4478
1;1741109578933;4479
2;1741109580329;1161
2;1741109581310;1162
0;1741109581437;1888
0;1741109583434;1889
2;1741109584557;1163
1;1741109590275;4480
0;1741109592252;1890
2;1741109593410;1164
1;1741109594978;4481
1;1741109595463;4482
0;1741109598315;1891
1;1741109599739;4483
0;1741109604348;1892
2;1741109605075;1165
1;1741109605354;4484
0;1741109606321;1893
0;1741109606571;1894
2;1741109607086;1166
2;1741109607606;1167
2;1741109609516;1168
0;1741109611132;1895
2;1741109613069;1169
0;1741109615544;1896
2;1741109616240;1170
1;1741109617002;4485
0;1741109618356;1897
0;1741109621370;1898
1;1741109621828;4486
0;1741109625756;1899
2;1741109626085;1171
1;1741109628050;4487
1;1741109629493;4488
1;1741109629751;4489
0;1741109632527;1900
1;1741109632962;4490
2;1741109633906;1172
2;1741109641234;1173
2;1741109641550;1174
1;1741109641973;4491
0;1741109642683;1901
0;1741109644750;1902
2;1741109644835;1175
2;1741109647585;1176
1;1741109647599;4492
2;1741109648343;1177
1;1741109649846;4493
2;1741109652812;1178
0;1741109654140;1903
1;1741109659265;4494
2;1741109659685;1179
1;1741109666169;4495
0;1741109666783;1904
2;1741109668197;1180
0;1741109668532;1905
2;1741109669402;1181
0;1741109669532;1906
2;1741109670244;1182
0;1741109677523;1907
1;1741109678742;4496
0;1741109678874;1908
2;1741109679562;1183
0;1741109680476;1909
1;1741109680489;4497
2;1741109681036;1184
2;1741109684997;1185
0;1741109688427;1910
0;1741109689592;1911
1;1741109690114;4498
1;1741109690818;4499
0;1741109695871;1912
1;1741109696231;4500
1;1741109696806;4501
2;1741109698379;1186
1;1741109698564;4502
2;1741109700757;1187
0;1741109701034;1913
2;1741109703327;1188
1;1741109705853;4503
0;1741109709114;1914
2;1741109709297;1189
0;1741109714297;1915
1;1741109715046;4504
0;1741109716272;1916
1;1741109718389;4505
2;1741109719454;1190
2;1741109720376;1191
0;1741109723529;1917
1;1741109724797;4506
1;1741109725565;4507
2;1741109728450;1192
1;1741109730217;4508
1;1741109730598;4509
0;1741109732811;1918
2;1741109733123;1193
0;1741109733692;1919
1;1741109734699;4510
0;1741109735718;1920
2;1741109736351;1194
1;1741109742816;4511
2;1741109743722;1195
2;1741109747097;1196
0;1741109749162;1921
0;1741109753608;1922
1;1741109757339;4512
2;1741109762612;1197
0;1741109762678;1923
1;1741109763113;4513
0;1741109766045;1924
1;1741109766342;4514
0;1741109766930;1925
2;1741109767989;1198
1;1741109769371;4515
2;1741109770668;1199
2;1741109770823;1200
1;1741109770972;4516
1;1741109771162;4517
0;1741109772960;1926
2;1741109772970;1201
2;1741109775107;1202
1;1741109776049;4518
0;1741109776378;1927
1;1741109776868;4519
2;1741109778122;1203
0;1741109783514;1928
1;1741109788001;4520
1;1741109790177;4521
2;1741109792580;1204
2;1741109793942;1205
2;1741109794370;1206
0;1741109794999;1929
0;1741109798174;1930
0;1741109800669;1931
2;1741109800890;1207
0;1741109801425;1932
0;1741109801644;1933
1;1741109804969;4522
1;1741109805649;4523
2;1741109806881;1208
0;1741109807537;1934
0;1741109811074;1935
0;1741109812732;1936
1;1741109812768;4524
2;1741109814376;1209
0;1741109815867;1937
2;1741109820673;1210
1;1741109822059;4525
2;1741109822135;1211
0;1741109824697;1938
1;1741109827022;4526
2;1741109827507;1212
1;1741109828481;4527
1;1741109828831;4528
1;1741109830168;4529
0;1741109831775;1939
0;1741109832007;1940
2;1741109832059;1213
2;1741109833184;1214
1;1741109833527;4530
1;1741109833607;4531
1;1741109838259;4532
0;1741109840017;1941
2;1741109843159;1215
1;1741109849309;4533
0;1741109852159;1942
0;1741109854202;1943
2;1741109855164;1216
2;1741109858671;1217
0;1741109859840;1944
1;1741109860433;4534
2;1741109862276;1218
2;1741109862507;1219
1;1741109864624;4535
1;1741109866962;4536
0;1741109869516;1945
2;1741109875978;1220
0;1741109876469;1946
2;1741109876860;1221
1;1741109877089;4537
2;1741109877101;1222
0;1741109880788;1947
1;1741109882905;4538
2;1741109883964;1223
0;1741109885752;1948
0;1741109885765;1949
1;1741109886240;4539
2;1741109888858;1224
2;1741109892818;1225
1;1741109893088;4540
0;1741109893666;1950
2;1741109893928;1226
0;1741109894965;1951
2;1741109896421;1227
1;1741109897915;4541
1;1741109902688;4542
1;1741109902746;4543
2;1741109902758;1228
0;1741109903710;1952
0;1741109906812;1953
1;1741109906845;4544
1;1741109907538;4545
2;1741109912424;1229
0;1741109912567;1954
0;1741109912956;1955
2;1741109913375;1230
2;1741109913848;1231
0;1741109920228;1956
0;1741109922351;1957
2;1741109924588;1232
1;1741109924820;4546
1;1741109925199;4547
0;1741109932957;1958
0;1741109934809;1959
1;1741109935442;4548
2;1741109935867;1233
0;1741109937966;1960
2;1741109941081;1234
1;1741109941661;4549
2;1741109942045;1235
0;1741109943222;1961
1;1741109943462;4550
2;1741109945859;1236
1;1741109946283;4551
0;1741109947559;1962
2;1741109948506;1237
1;1741109948543;4552
1;1741109951527;4553
2;1741109953499;1238
0;1741109957165;1963
0;1741109957501;1964
2;1741109959211;1239
0;1741109960101;1965
1;1741109961652;4554
2;1741109961904;1240
1;1741109962362;4555
1;1741109963800;4556
0;1741109968566;1966
0;1741109969056;1967
2;1741109970049;1241
1;1741109972826;4557
0;1741109972922;1968
1;1741109975806;4558
1;1741109981178;4559
2;1741109981590;1242
2;1741109983468;1243
0;1741109985101;1969
0;1741109986576;1970
0;1741109987528;1971
2;1741109988299;1244
1;1741109988618;4560
1;1741109991525;4561
1;1741109992316;4562
2;1741109992387;1245
0;1741109993338;1972
2;1741109993668;1246
2;1741109994399;1247
1;1741109994451;4563
0;1741109995341;1973
2;1741109999292;1248
2;1741110002048;1249
0;1741110002426;1974
1;1741110002789;4564
0;1741110009903;1975
1;1741110010977;4565
1;1741110013424;4566
1;1741110015947;4567
0;1741110018349;1976
2;1741110019966;1250
1;1741110022678;4568
1;1741110023334;4569
2;1741110023738;1251
2;1741110024822;1252
2;1741110027006;1253
2;1741110027790;1254
0;1741110027985;1977
2;1741110030181;1255
1;1741110032070;4570
0;1741110032580;1978
0;1741110032620;1979
0;1741110032770;1980
0;1741110034870;1981
2;1741110037794;1256
2;1741110038871;1257
1;1741110045938;4571
1;1741110046447;4572
0;1741110049861;1982
0;1741110050578;1983
0;1741110051036;1984
1;1741110052506;4573
1;1741110053924;4574
2;1741110055089;1258
0;1741110062365;1985
2;1741110066261;1259
2;1741110067794;1260
1;1741110068149;4575
2;1741110070332;1261
1;1741110072600;4576
2;1741110073542;1262
1;1741110074795;4577
0;1741110076443;1986
0;1741110079175;1987
0;1741110079823;1988
1;1741110079937;4578
2;1741110081851;1263
0;1741110084861;1989
2;1741110085195;1264
1;1741110085783;4579
1;1741110090070;4580
2;1741110092073;1265
0;1741110093706;1990
1;1741110093866;4581
0;1741110095765;1991
2;1741110096577;1266
1;1741110097196;4582
2;1741110097421;1267
0;1741110098068;1992
1;1741110099412;4583
0;1741110101299;1993
2;1741110102077;1268
1;1741110103016;4584
0;1741110105557;1994
1;1741110109437;4585
1;1741110110163;4586
2;1741110112922;1269
0;1741110120175;1995
2;1741110120905;1270
1;1741110122077;4587
0;1741110122349;1996
0;1741110123972;1997
0;1741110124065;1998
1;1741110131146;4588
2;1741110131457;1271
2;1741110132284;1272
2;1741110133019;1273
0;1741110134038;1999
1;1741110134676;4589
2;1741110135182;1274
2;1741110137187;1275
0;1741110138793;2000
1;1741110141013;4590
2;1741110145642;1276
1;1741110145704;4591
2;1741110146537;1277
1;1741110150133;4592
2;1741110151298;1278
2;1741110153304;1279
1;1741110156450;4593
0;1741110157803;2001
0;1741110158483;2002
2;1741110159342;1280
0;1741110159515;2003
1;1741110161756;4594
0;1741110162033;2004
1;1741110163403;4595
1;1741110164150;4596
1;1741110166550;4597
0;1741110168701;2005
0;1741110169991;2006
0;1741110172351;2007
0;1741110172998;2008
2;1741110176546;1281
2;1741110178667;1282
0;1741110180269;2009
1;1741110180907;4598
1;1741110182303;4599
0;1741110186411;2010
2;1741110187400;1283
2;1741110189337;1284
1;1741110189823;4600
2;1741110191851;1285
0;1741110197226;2011
0;1741110199667;2012
2;1741110202241;1286
0;1741110203267;2013
1;1741110203764;4601
1;1741110204590;4602
1;1741110205312;4603
0;1741110206045;2014
2;1741110206231;1287
2;1741110206670;1288
1;1741110207285;4604
2;1741110209752;1289
1;1741110211673;4605
1;1741110212033;4606
1;1741110212688;4607
2;1741110214438;1290
0;1741110215446;2015
0;1741110216700;2016
0;1741110219875;2017
1;1741110221444;4608
1;1741110225637;4609
2;1741110225985;1291
0;1741110227997;2018
0;1741110228563;2019
2;1741110229257;1292
1;1741110231413;4610
2;1741110235354;1293
0;1741110237921;2020
2;1741110242905;1294
2;1741110243006;1295
1;1741110244601;4611
2;1741110244628;1296
1;1741110253875;4612
1;1741110254792;4613
0;1741110256410;2021
2;1741110257014;1297
2;1741110257355;1298
0;1741110257684;2022
0;1741110259422;2023
1;1741110260363;4614
2;1741110261949;1299
0;1741110262118;2024
1;1741110265048;4615
2;1741110266395;1300
1;1741110266464;4616
0;1741110267187;2025
2;1741110268973;1301
2;1741110273171;1302
1;1741110274991;4617
0;1741110277616;2026
1;1741110278326;4618
0;1741110280172;2027
0;1741110280442;2028
0;1741110282138;2029
2;1741110282852;1303
0;1741110283301;2030
1;1741110285961;4619
2;1741110287977;1304
1;1741110290093;4620
0;1741110290709;2031
2;1741110290992;1305
1;1741110292037;4621
1;1741110292394;4622
2;1741110293341;1306
2;1741110295425;1307
0;1741110295485;2032
1;1741110297318;4623
0;1741110299182;2033
0;1741110304406;2034
1;1741110309780;4624
1;1741110310144;4625
0;1741110311800;2035
2;1741110312459;1308
2;1741110316031;1309
1;1741110317507;4626
0;1741110320501;2036
1;1741110322753;4627
1;1741110324113;4628
2;1741110324645;1310
1;1741110325055;4629
0;1741110327086;2037
2;1741110329568;1311
1;1741110330389;4630
1;1741110331576;4631
0;1741110334520;2038
1;1741110335367;4632
2;1741110337785;1312
2;1741110337873;1313
0;1741110338834;2039
2;1741110341270;1314
2;1741110341820;1315
0;1741110341889;2040
0;1741110342579;2041
0;1741110344918;2042
2;1741110347305;1316
0;1741110348510;2043
1;1741110351612;4633
1;1741110351877;4634
2;1741110352281;1317
1;1741110352835;4635
0;1741110359471;2044
1;1741110361909;4636
0;1741110362098;2045
1;1741110362692;4637
0;1741110363289;2046
2;1741110363675;1318
2;1741110364810;1319
2;1741110367493;1320
0;1741110373808;2047
2;1741110374026;1321
2;1741110374734;1322
2;1741110380744;1323
0;1741110382399;2048
0;1741110388546;2049
1;1741110389145;4638
1;1741110389386;4639
1;1741110390207;4640
2;1741110390324;1324
1;1741110396317;4641
0;1741110399051;2050
2;1741110399926;1325
0;1741110402581;2051
2;1741110403355;1326
0;1741110404721;2052
1;1741110404915;4642
1;1741110405341;4643
2;1741110406894;1327
2;1741110407378;1328
2;1741110408313;1329
1;1741110409548;4644
0;1741110410359;2053
1;1741110411558;4645
0;1741110414658;2054
0;1741110415193;2055
2;1741110415509;1330
1;1741110418479;4646
1;1741110418750;4647
0;1741110419372;2056
1;1741110419986;4648
0;1741110422927;2057
2;1741110424575;1331
2;1741110424634;1332
1;1741110428244;4649
0;1741110431853;2058
2;1741110438822;1333
1;1741110439265;4650
0;1741110440950;2059
2;1741110441537;1334
2;1741110443198;1335
0;1741110443253;2060
0;1741110445216;2061
1;1741110445762;4651
2;1741110445912;1336
0;1741110447380;2062
1;1741110448959;4652
2;1741110449129;1337
1;1741110451550;4653
0;1741110453472;2063
2;1741110456035;1338
1;1741110456596;4654
0;1741110457633;2064
0;1741110459269;2065
2;1741110461270;1339
1;1741110464142;4655
2;1741110465770;1340
2;1741110467717;1341
1;1741110468371;4656
1;1741110473255;4657
2;1741110477200;1342
0;1741110478502;2066
0;1741110479326;2067
1;1741110479354;4658
1;1741110480322;4659
0;1741110480339;2068
1;1741110480398;4660
0;1741110481083;2069
0;1741110482182;2070
2;1741110486780;1343
0;1741110487683;2071
1;1741110488356;4661
2;1741110493933;1344
0;1741110494649;2072
2;1741110495150;1345
1;1741110496515;4662
2;1741110497192;1346
0;1741110498838;2073
2;1741110500952;1347
1;1741110506449;4663
2;1741110507322;1348
0;1741110507372;2074
1;1741110508042;4664
1;1741110509636;4665
2;1741110514969;1349
1;1741110515009;4666
0;1741110515485;2075
1;1741110516174;4667
1;1741110516546;4668
0;1741110518676;2076
2;1741110521029;1350
0;1741110521573;2077
0;1741110525611;2078
2;1741110528972;1351
2;1741110529166;1352
0;1741110529928;2079
0;1741110532714;2080
2;1741110535145;1353
2;1741110535261;1354
1;1741110537932;4669
1;1741110538150;4670
0;1741110539419;2081
2;1741110542502;1355
2;1741110544492;1356
0;1741110545544;2082
0;1741110545659;2083
1;1741110546807;4671
1;1741110547772;4672
1;1741110549358;4673
0;1741110550801;2084
1;1741110551098;4674
0;1741110557612;2085
2;1741110557706;1357
1;1741110558993;4675
2;1741110559847;1358
2;1741110561776;1359
1;1741110564092;4676
1;1741110569747;4677
0;1741110570026;2086
2;1741110571993;1360
0;1741110572200;2087
2;1741110572940;1361
1;1741110579072;4678
2;1741110579395;1362
2;1741110582893;1363
0;1741110583070;2088
1;1741110584827;4679
2;1741110587042;1364
0;1741110587899;2089
0;1741110589143;2090
2;1741110591487;1365
0;1741110596204;2091
0;1741110596236;2092
2;1741110597232;1366
1;1741110597448;4680
0;1741110599410;2093
1;1741110600881;4681
2;1741110603434;1367
1;1741110603814;4682
1;1741110607529;4683
2;1741110607810;1368
2;1741110607871;1369
0;1741110608147;2094
0;1741110610165;2095
0;1741110612289;2096
1;1741110613033;4684
2;1741110615196;1370
2;1741110616081;1371
1;1741110620384;4685
0;1741110621102;2097
0;1741110625393;2098
1;1741110631107;4686
2;1741110631758;1372
1;1741110631780;4687
1;1741110634119;4688
1;1741110635629;4689
1;1741110637896;4690
0;1741110638162;2099
2;1741110638747;1373
0;1741110642603;2100
2;1741110643734;1374
0;1741110643770;2101
2;1741110644309;1375
2;1741110645100;1376
2;1741110645279;1377
1;1741110645649;4691
0;1741110646730;2102
1;1741110649367;4692
1;1741110652117;4693
0;1741110653804;2103
0;1741110655548;2104
1;1741110656175;4694
0;1741110656248;2105
1;1741110657533;4695
1;1741110660194;4696
2;1741110662842;1378
1;1741110663201;4697
2;1741110664017;1379
0;1741110664768;2106
2;1741110666805;1380
2;1741110667287;1381
2;1741110671824;1382
0;1741110679952;2107
1;1741110680115;4698
1;1741110680131;4699
0;1741110680222;2108
2;1741110680307;1383
2;1741110680748;1384
1;1741110681032;4700
0;1741110687794;2109
1;1741110693087;4701
0;1741110693927;2110
0;1741110694029;2111
0;1741110694286;2112
0;1741110694452;2113
1;1741110697250;4702
2;1741110697321;1385
1;1741110703608;4703
2;1741110706718;1386
2;1741110709702;1387
2;1741110710691;1388
2;1741110712346;1389
1;1741110713204;4704
1;1741110714897;4705
1;1741110716806;4706
0;1741110717541;2114
0;1741110718591;2115
0;1741110719533;2116
0;1741110723250;2117
0;1741110723542;2118
1;1741110724062;4707
2;1741110725669;1390
1;1741110725854;4708
1;1741110728161;4709
2;1741110728598;1391
2;1741110729712;1392
2;1741110732281;1393
0;1741110738501;2119
1;1741110739969;4710
2;1741110740022;1394
2;1741110741466;1395
0;1741110743922;2120
1;1741110744574;4711
2;1741110747209;1396
0;1741110750225;2121
0;1741110750539;2122
2;1741110751292;1397
0;1741110753709;2123
2;1741110754965;1398
1;1741110757306;4712
0;1741110757988;2124
2;1741110759394;1399
0;1741110760247;2125
1;1741110762418;4713
1;1741110764684;4714
2;1741110765483;1400
0;1741110766288;2126
0;1741110766886;2127
1;1741110767609;4715
2;1741110767746;1401
1;1741110769701;4716
1;1741110770890;4717
0;1741110773002;2128
2;1741110774181;1402
0;1741110778507;2129
1;1741110778742;4718
0;1741110781003;2130
0;1741110784327;2131
1;1741110785194;4719
1;1741110786271;4720
2;1741110786404;1403
2;1741110786888;1404
1;1741110788303;4721
0;1741110788475;2132
2;1741110791559;1405
2;1741110791718;1406
2;1741110794562;1407
0;1741110798104;2133
2;1741110798632;1408
0;1741110800295;2134
0;1741110808750;2135
1;1741110809051;4722
1;1741110812169;4723
2;1741110815256;1409
1;1741110816314;4724
1;1741110817771;4725
2;1741110818391;1410
0;1741110822413;2136
2;1741110823631;1411
0;1741110823661;2137
1;1741110824645;4726
0;1741110825101;2138
2;1741110825937;1412
1;1741110828386;4727
1;1741110830079;4728
1;1741110830880;4729
0;1741110832336;2139
0;1741110833462;2140
0;1741110834210;2141
2;1741110834463;1413
1;1741110837160;4730
2;1741110844981;1414
2;1741110848405;1415
1;1741110850061;4731
2;1741110850433;1416
1;1741110852841;4732
2;1741110853325;1417
2;1741110855513;1418
0;1741110855566;2142
0;1741110855684;2143
0;1741110855733;2144
2;1741110858112;1419
1;1741110858674;4733
1;1741110866719;4734
2;1741110868407;1420
0;1741110869078;2145
1;1741110870492;4735
0;1741110872917;2146
2;1741110874432;1421
1;1741110874618;4736
2;1741110875368;1422
1;1741110875972;4737
0;1741110876168;2147
2;1741110876829;1423
0;1741110877590;2148
2;1741110878973;1424
1;1741110879566;4738
1;1741110879867;4739
1;1741110880089;4740
2;1741110887853;1425
0;1741110889990;2149
0;1741110891220;2150
1;1741110891270;4741
1;1741110898093;4742
0;1741110901199;2151
2;1741110901394;1426
1;1741110904139;4743
0;1741110904462;2152
1;1741110905056;4744
2;1741110906983;1427
0;1741110913431;2153
0;1741110914866;2154
2;1741110915164;1428
2;1741110915643;1429
2;1741110916063;1430
0;1741110916209;2155
2;1741110918655;1431
0;1741110920793;2156
1;1741110921622;4745
1;1741110921803;4746
0;1741110924122;2157
1;1741110925571;4747
2;1741110927366;1432
1;1741110928171;4748
2;1741110928499;1433
0;1741110930027;2158
2;1741110931143;1434
0;1741110933282;2159
1;1741110933473;4749
0;1741110935154;2160
2;1741110935992;1435
1;1741110938050;4750
2;1741110938748;1436
0;1741110939299;2161
1;1741110944472;4751
0;1741110944582;2162
1;1741110945263;4752
0;1741110945981;2163
1;1741110946962;4753
0;1741110947660;2164
1;1741110949491;4754
0;1741110953228;2165
0;1741110954926;2166
2;1741110965169;1437
2;1741110969299;1438
2;1741110972755;1439
1;1741110973626;4755
0;1741110976331;2167
1;1741110977245;4756
2;1741110977763;1440
1;1741110979357;4757
1;1741110981705;4758
0;1741110981805;2168
0;1741110982510;2169
2;1741110982542;1441
2;1741110982741;1442
1;1741110986098;4759
2;1741110986501;1443
2;1741110988015;1444
0;1741110994958;2170
1;1741110997935;4760
0;1741110997948;2171
2;1741110998122;1445
1;1741110999193;4761
1;1741111000507;4762
2;1741111000777;1446
0;1741111002386;2172
0;1741111002872;2173
2;1741111003793;1447
2;1741111004569;1448
1;1741111005694;4763
0;1741111006092;2174
2;1741111009546;1449
1;1741111009597;4764
1;1741111010272;4765
0;1741111010851;2175
0;1741111013799;2176
1;1741111016766;4766
2;1741111019305;1450
0;1741111024347;2177
2;1741111025885;1451
0;1741111026837;2178
2;1741111027028;1452
2;1741111028107;1453
0;1741111029779;2179
1;1741111032466;4767
1;1741111032644;4768
1;1741111033432;4769
2;1741111034873;1454
1;1741111037847;4770
1;1741111040021;4771
0;1741111042386;2180
0;1741111042414;2181
0;1741111044199;2182
0;1741111049968;2183
2;1741111050140;1455
1;1741111050182;4772
1;1741111050371;4773
2;1741111051011;1456
1;1741111051142;4774
1;1741111053821;4775
2;1741111056528;1457
0;1741111058902;2184
2;1741111061913;1458
1;1741111063290;4776
0;1741111063462;2185
2;1741111065629;1459
0;1741111066505;2186
2;1741111069128;1460
2;1741111070704;1461
1;1741111072449;4777
2;1741111074380;1462
1;1741111075151;4778
0;1741111076044;2187
1;1741111077884;4779
2;1741111081917;1463
2;1741111083441;1464
2;1741111085102;1465
1;1741111085464;4780
0;1741111087781;2188
1;1741111089035;4781
0;1741111091167;2189
2;1741111091909;1466
0;1741111094835;2190
1;1741111096797;4782
0;1741111102137;2191
1;1741111105368;4783
0;1741111105477;2192
1;1741111107346;4784
2;1741111113481;1467
2;1741111114325;1468
0;1741111115141;2193
0;1741111116531;2194
0;1741111117160;2195
2;1741111118113;1469
2;1741111120766;1470
1;1741111120947;4785
2;1741111121713;1471
1;1741111122433;4786
1;1741111124950;4787
2;1741111125465;1472
0;1741111126299;2196
0;1741111130917;2197
2;1741111132399;1473
0;1741111133440;2198
0;1741111133479;2199
1;1741111137028;4788
1;1741111139278;4789
0;1741111139741;2200
2;1741111142781;1474
0;1741111145795;2201
0;1741111145982;2202
0;1741111148117;2203
1;1741111148748;4790
2;1741111150766;1475
2;1741111152073;1476
1;1741111153526;4791
1;1741111154803;4792
1;1741111155115;4793
1;1741111155911;4794
2;1741111157245;1477
2;1741111159867;1478
1;1741111160703;4795
0;1741111161114;2204
2;1741111166848;1479
0;1741111167235;2205
2;1741111168236;1480
0;1741111168635;2206
1;1741111172564;4796
1;1741111173251;4797
0;1741111176261;2207
2;1741111176672;1481
1;1741111182041;4798
1;1741111182139;4799
2;1741111182148;1482
2;1741111182828;1483
0;1741111182966;2208
1;1741111183596;4800
1;1741111184761;4801
0;1741111185597;2209
2;1741111187188;1484
0;1741111192439;2210
1;1741111192591;4802
2;1741111196408;1485
1;1741111200368;4803
1;1741111201743;4804
2;1741111204996;1486
2;1741111205858;1487
2;1741111206068;1488
1;1741111208622;4805
2;1741111212542;1489
2;1741111212742;1490
2;1741111219445;1491
1;1741111222834;4806
1;1741111224822;4807
1;1741111225266;4808
1;1741111226363;4809
2;1741111227280;1492
2;1741111228193;1493
1;1741111237467;4810
2;1741111243639;1494
1;1741111244959;4811
1;1741111248506;4812
1;1741111249596;4813
2;1741111252275;1495
2;1741111252904;1496
2;1741111255513;1497
1;1741111256248;4814
2;1741111257289;1498
2;1741111262418;1499
2;1741111264238;1500
2;1741111265545;1501
1;1741111271208;4815
2;1741111271732;1502
1;1741111273473;4816
2;1741111279224;1503
1;1741111280332;4817
1;1741111283251;4818
1;1741111283843;4819
1;1741111284299;4820
1;1741111284685;4821
2;1741111285181;1504
2;1741111288914;1505
1;1741111292394;4822
1;1741111296288;4823
1;1741111300029;4824
1;1741111301196;4825
2;1741111304050;1506
2;1741111308521;1507
2;1741111308627;1508
2;1741111309097;1509
2;1741111309782;1510
1;1741111316474;4826
2;1741111319810;1511
2;1741111324930;1512
1;1741111332678;4827
1;1741111337160;4828
1;1741111338085;4829
2;1741111338449;1513
1;1741111339989;4830
1;1741111341059;4831
2;1741111341655;1514
2;1741111342807;1515
2;1741111350394;1516
1;1741111351983;4832
2;1741111357008;1517
2;1741111363905;1518
2;1741111364929;1519
1;1741111365358;4833
1;1741111366766;4834
1;1741111367833;4835
2;1741111368711;1520
2;1741111369658;1521
1;1741111370694;4836
2;1741111371243;1522
2;1741111380141;1523
2;1741111381483;1524
1;1741111382585;4837
1;1741111386176;4838
1;1741111387254;4839
2;1741111388245;1525
1;1741111392324;4840
2;1741111393676;1526
2;1741111395763;1527
1;1741111396943;4841
2;1741111398700;1528
1;1741111400930;4842
1;1741111401043;4843
2;1741111408574;1529
1;1741111409172;4844
2;1741111413405;1530
1;1741111422579;4845
1;1741111423081;4846
1;1741111425969;4847
2;1741111429171;1531
1;1741111429223;4848
2;1741111430927;1532
2;1741111431129;1533
1;1741111431346;4849
1;1741111433098;4850
2;1741111434406;1534
1;1741111437825;4851
2;1741111437841;1535
1;1741111438117;4852
1;1741111445522;4853
2;1741111445584;1536
2;1741111449711;1537
1;1741111453532;4854
2;1741111455842;1538
2;1741111464486;1539
2;1741111471208;1540
1;1741111472612;4855
2;1741111473152;1541
1;1741111475306;4856
1;1741111477368;4857
1;1741111478748;4858
2;1741111483339;1542
2;1741111483356;1543
1;1741111491066;4859
1;1741111493806;4860
2;1741111495318;1544
1;1741111497001;4861
2;1741111499676;1545
2;1741111503905;1546
2;1741111505568;1547
1;1741111506242;4862
1;1741111506880;4863
1;1741111507192;4864
1;1741111507768;4865
2;1741111515420;1548
1;1741111515977;4866
2;1741111520528;1549
2;1741111522874;1550
1;1741111526346;4867
1;1741111528408;4868
1;1741111529066;4869
2;1741111530712;1551
2;1741111533773;1552
1;1741111537427;4870
2;1741111539162;1553
1;1741111539857;4871
2;1741111541081;1554
1;1741111543963;4872
2;1741111544902;1555
2;1741111545435;1556
2;1741111545757;1557
1;1741111546112;4873
2;1741111548534;1558
1;1741111563738;4874
1;1741111567307;4875
1;1741111572033;4876
1;1741111572068;4877
2;1741111573339;1559
2;1741111576737;1560
2;1741111579816;1561
1;1741111581692;4878
1;1741111581917;4879
2;1741111582746;1562
2;1741111583774;1563
1;1741111583822;4880
1;1741111586727;4881
1;1741111588048;4882
2;1741111593153;1564
2;1741111594987;1565
1;1741111599902;4883
1;1741111604196;4884
2;1741111605540;1566
2;1741111605929;1567
1;1741111609273;4885
2;1741111612387;1568
2;1741111613788;1569
1;1741111618449;4886
1;1741111618985;4887
2;1741111623627;1570
2;1741111625851;1571
2;1741111629410;1572
1;1741111630615;4888
1;1741111630712;4889
1;1741111632085;4890
1;1741111636341;4891
2;1741111636549;1573
2;1741111637767;1574
0;1741111648130;2211
2;1741111650491;1575
2;1741111652023;1576
1;1741111652333;4892
1;1741111656664;4893
2;1741111657510;1577
2;1741111658733;1578
0;1741111659512;2212
0;1741111661607;2213
2;1741111664752;1579
1;1741111667315;4894
2;1741111669302;1580
1;1741111672709;4895
2;1741111673376;1581
0;1741111673386;2214
1;1741111673941;4896
2;1741111676240;1582
0;1741111681003;2215
2;1741111682431;1583
1;1741111682958;4897
0;1741111686452;2216
1;1741111686842;4898
2;1741111688018;1584
1;1741111688232;4899
0;1741111691460;2217
0;1741111692646;2218
1;1741111693852;4900
1;1741111694371;4901
0;1741111698423;2219
2;1741111699114;1585
0;1741111699841;2220
0;1741111699883;2221
1;1741111701549;4902
1;1741111702630;4903
1;1741111703941;4904
2;1741111705269;1586
2;1741111706873;1587
1;1741111710380;4905
2;1741111711373;1588
1;1741111714867;4906
2;1741111715710;1589
2;1741111715859;1590
1;1741111718932;4907
0;1741111719698;2222
2;1741111721706;1591
0;1741111722211;2223
2;1741111722924;1592
1;1741111723317;4908
0;1741111724113;2224
0;1741111724946;2225
1;1741111727420;4909
0;1741111728620;2226
2;1741111729066;1593
0;1741111731589;2227
2;1741111732489;1594
1;1741111734159;4910
1;1741111736509;4911
0;1741111737187;2228
2;1741111738161;1595
2;1741111742716;1596
1;1741111750452;4912
2;1741111750535;1597
0;1741111753170;2229
1;1741111758298;4913
0;1741111760042;2230
1;1741111762427;4914
1;1741111763924;4915
0;1741111767196;2231
2;1741111768308;1598
0;1741111770411;2232
0;1741111770517;2233
2;1741111770802;1599
1;1741111771966;4916
1;1741111772795;4917
0;1741111773205;2234
2;1741111775075;1600
0;1741111777396;2235
0;1741111778121;2236
2;1741111780638;1601
2;1741111781817;1602
1;1741111782174;4918
1;1741111783295;4919
1;1741111783473;4920
1;1741111784177;4921
2;1741111785200;1603
0;1741111792314;2237
2;1741111793126;1604
2;1741111795616;1605
0;1741111797962;2238
2;1741111798928;1606
0;1741111800331;2239
0;1741111801270;2240
0;1741111801637;2241
1;1741111803604;4922
2;1741111805411;1607
2;1741111805873;1608
1;1741111806395;4923
1;1741111807284;4924
2;1741111811547;1609
1;1741111813783;4925
2;1741111814132;1610
1;1741111815823;4926
0;1741111818790;2242
0;1741111822616;2243
1;1741111823694;4927
0;1741111823953;2244
1;1741111824961;4928
2;1741111828097;1611
2;1741111830450;1612
2;1741111831072;1613
1;1741111836726;4929
1;1741111837364;4930
0;1741111838793;2245
0;1741111840915;2246
0;1741111844118;2247
2;1741111845141;1614
2;1741111845328;1615
2;1741111846705;1616
1;1741111848905;4931
0;1741111851717;2248
0;1741111852240;2249
0;1741111854237;2250
0;1741111855034;2251
1;1741111856519;4932
2;1741111857232;1617
1;1741111858294;4933
2;1741111858752;1618
1;1741111861595;4934
2;1741111863596;1619
0;1741111863839;2252
0;1741111867842;2253
0;1741111868014;2254
2;1741111868134;1620
1;1741111868662;4935
0;1741111869711;2255
0;1741111870451;2256
1;1741111873638;4936
1;1741111873676;4937
2;1741111873705;1621
2;1741111875845;1622
0;1741111876172;2257
1;1741111878322;4938
1;1741111878454;4939
2;1741111878537;1623
1;1741111880032;4940
2;1741111880783;1624
1;1741111881288;4941
0;1741111895939;2258
2;1741111897095;1625
1;1741111897746;4942
1;1741111899181;4943
0;1741111900916;2259
0;1741111901819;2260
2;1741111904595;1626
2;1741111905802;1627
0;1741111906549;2261
2;1741111906745;1628
2;1741111910400;1629
2;1741111911067;1630
1;1741111912520;4944
1;1741111913778;4945
0;1741111914658;2262
0;1741111915955;2263
2;1741111917623;1631
0;1741111917931;2264
0;1741111918290;2265
1;1741111921074;4946
0;1741111924905;2266
2;1741111929359;1632
1;1741111929442;4947
1;1741111929486;4948
1;1741111934943;4949
2;1741111939628;1633
1;1741111941199;4950
2;1741111942475;1634
2;1741111943578;1635
1;1741111943741;4951
1;1741111944646;4952
2;1741111945836;1636
0;1741111946633;2267
2;1741111946868;1637
2;1741111948041;1638
2;1741111948880;1639
1;1741111949187;4953
1;1741111949437;4954
0;1741111951418;2268
0;1741111957830;2269
1;1741111958120;4955
0;1741111958429;2270
1;1741111958516;4956
0;1741111958629;2271
2;1741111960027;1640
1;1741111964079;4957
0;1741111964286;2272
2;1741111968344;1641
0;1741111969534;2273
1;1741111971982;4958
0;1741111976035;2274
2;1741111979456;1642
2;1741111980049;1643
2;1741111980938;1644
1;1741111981001;4959
0;1741111985225;2275
1;1741111985319;4960
2;1741111986298;1645
0;1741111987134;2276
0;1741111988050;2277
2;1741111990134;1646
0;1741111992480;2278
0;1741111996629;2279
0;1741111997259;2280
0;1741111998545;2281
0;1741112006297;2282
1;1741112007303;4961
1;1741112008299;4962
2;1741112008348;1647
1;1741112008589;4963
2;1741112008634;1648
2;1741112009978;1649
0;1741112010876;2283
1;1741112012628;4964
2;1741112013149;1650
1;1741112013326;4965
2;1741112017388;1651
1;1741112020372;4966
0;1741112030038;2284
1;1741112032068;4967
2;1741112032675;1652
2;1741112032696;1653
1;1741112034031;4968
0;1741112035794;2285
0;1741112036132;2286
2;1741112038335;1654
0;1741112040048;2287
0;1741112041033;2288
1;1741112042356;4969
1;1741112043190;4970
1;1741112045632;4971
2;1741112048804;1655
0;1741112049733;2289
1;1741112050641;4972
1;1741112051651;4973
1;1741112051877;4974
1;1741112052134;4975
2;1741112052616;1656
2;1741112053254;1657
2;1741112055855;1658
0;1741112060419;2290
0;1741112064979;2291
0;1741112065822;2292
0;1741112066012;2293
2;1741112066040;1659
2;1741112068160;1660
2;1741112070424;1661
0;1741112073152;2294
2;1741112073809;1662
0;1741112074809;2295
1;1741112075093;4976
1;1741112077811;4977
1;1741112078654;4978
2;1741112079021;1663
2;1741112079863;1664
1;1741112080381;4979
0;1741112084030;2296
0;1741112089933;2297
1;1741112090602;4980
0;1741112092023;2298
0;1741112093222;2299
2;1741112096062;1665
2;1741112097821;1666
0;1741112098274;2300
1;1741112100021;4981
1;1741112100660;4982
0;1741112101540;2301
1;1741112102255;4983
1;1741112102269;4984
2;1741112103729;1667
1;1741112104657;4985
0;1741112105474;2302
0;1741112108456;2303
1;1741112110524;4986
1;1741112110953;4987
0;1741112111782;2304
2;1741112112887;1668
2;1741112115356;1669
0;1741112117857;2305
1;1741112118346;4988
2;1741112119409;1670
2;1741112120330;1671
1;1741112122259;4989
2;1741112124443;1672
1;1741112126546;4990
2;1741112127596;1673
2;1741112138026;1674
0;1741112139113;2306
1;1741112140523;4991
2;1741112142755;1675
1;1741112143879;4992
2;1741112144005;1676
0;1741112150269;2307
1;1741112151146;4993
0;1741112152553;2308
0;1741112153291;2309
0;1741112154308;2310
2;1741112154340;1677
1;1741112154779;4994
1;1741112157027;4995
0;1741112160990;2311
2;1741112162891;1678
0;1741112164525;2312
1;1741112165358;4996
2;1741112165504;1679
0;1741112166704;2313
0;1741112167187;2314
2;1741112171280;1680
2;1741112171346;1681
0;1741112174344;2315
1;1741112177027;4997
0;1741112177425;2316
2;1741112180650;1682
1;1741112181102;4998
1;1741112183689;4999
2;1741112184814;1683
2;1741112188156;1684
0;1741112190734;2317
1;1741112191168;5000
0;1741112193055;2318
2;1741112193688;1685
0;1741112195792;2319
2;1741112195856;1686
2;1741112197870;1687
0;1741112200016;2320
2;1741112201071;1688
1;1741112202268;5001
0;1741112205646;2321
1;1741112206377;5002
1;1741112208294;5003
1;1741112209268;5004
2;1741112210513;1689
2;1741112213135;1690
0;1741112214843;2322
1;1741112217462;5005
2;1741112218534;1691
2;1741112218862;1692
0;1741112219777;2323
1;1741112222413;5006
1;1741112223007;5007
0;1741112225504;2324
1;1741112227793;5008
0;1741112231996;2325
1;1741112233871;5009
1;1741112235549;5010
0;1741112236499;2326
0;1741112236846;2327
0;1741112244339;2328
2;1741112245849;1693
2;1741112246076;1694
2;1741112246302;1695
2;1741112246404;1696
2;1741112247723;1697
1;1741112249313;5011
1;1741112250208;5012
1;1741112257138;5013
1;1741112260447;5014
0;1741112260477;2329
2;1741112260519;1698
1;1741112262622;5015
0;1741112263781;2330
0;1741112265849;2331
2;1741112266364;1699
0;1741112267652;2332
0;1741112271382;2333
1;1741112271688;5016
0;1741112271788;2334
0;1741112275063;2335
0;1741112276318;2336
2;1741112277006;1700
2;1741112277428;1701
0;1741112278817;2337
2;1741112279884;1702
1;1741112281302;5017
1;1741112283087;5018
0;1741112284046;2338
2;1741112284400;1703
1;1741112285553;5019
0;1741112290391;2339
1;1741112290949;5020
2;1741112292616;1704
0;1741112292892;2340
1;1741112296097;5021
2;1741112301138;1705
1;1741112303512;5022
2;1741112304454;1706
2;1741112305827;1707
2;1741112306545;1708
0;1741112307262;2341
1;1741112307989;5023
1;1741112309686;5024
1;1741112312950;5025
0;1741112315184;2342
1;1741112317161;5026
1;1741112318596;5027
2;1741112320571;1709
0;1741112322457;2343
0;1741112322665;2344
2;1741112324194;1710
0;1741112325264;2345
0;1741112328541;2346
2;1741112328589;1711
1;1741112333205;5028
2;1741112333955;1712
1;1741112334747;5029
2;1741112335142;1713
0;1741112336921;2347
2;1741112341292;1714
2;1741112341656;1715
0;1741112342846;2348
1;1741112343432;5030
1;1741112345889;5031
0;1741112347679;2349
1;1741112349048;5032
1;1741112350890;5033
0;1741112353236;2350
0;1741112353321;2351
1;1741112355938;5034
1;1741112357002;5035
0;1741112357302;2352
2;1741112357520;1716
1;1741112357602;5036
2;1741112358401;1717
2;1741112358596;1718
2;1741112362489;1719
0;1741112362847;2353
1;1741112370049;5037
1;1741112374934;5038
0;1741112378724;2354
2;1741112378902;1720
2;1741112379619;1721
2;1741112381342;1722
0;1741112381673;2355
1;1741112383339;5039
0;1741112383985;2356
2;1741112384460;1723
2;1741112385187;1724
0;1741112388112;2357
0;1741112388178;2358
1;1741112388751;5040
1;1741112389068;5041
0;1741112389587;2359
0;1741112389956;2360
1;1741112390739;5042
1;1741112396250;5043
2;1741112397781;1725
1;1741112403566;5044
2;1741112406611;1726
0;1741112407471;2361
0;1741112407818;2362
2;1741112408815;1727
2;1741112409022;1728
2;1741112411754;1729
1;1741112413195;5045
2;1741112417137;1730
1;1741112417903;5046
1;1741112419886;5047
0;1741112419895;2363
1;1741112423570;5048
2;1741112425744;1731
0;1741112426611;2364
0;1741112428420;2365
0;1741112430092;2366
1;1741112433322;5049
2;1741112435319;1732
1;1741112435886;5050
1;1741112436386;5051
2;1741112438242;1733
2;1741112438499;1734
0;1741112439482;2367
2;1741112440075;1735
0;1741112440393;2368
2;1741112440642;1736
0;1741112443034;2369
2;1741112444305;1737
1;1741112446409;5052
2;1741112450576;1738
0;1741112451101;2370
1;1741112453451;5053
2;1741112457476;1739
0;1741112459026;2371
0;1741112461722;2372
0;1741112465856;2373
1;1741112466789;5054
1;1741112466962;5055
0;1741112470146;2374
1;1741112470704;5056
2;1741112476222;1740
2;1741112477102;1741
2;1741112478348;1742
2;1741112479722;1743
1;1741112481789;5057
0;1741112483546;2375
1;1741112489340;5058
1;1741112489486;5059
0;1741112490734;2376
2;1741112491559;1744
2;1741112492139;1745
0;1741112492612;2377
0;1741112493210;2378
1;1741112493285;5060
2;1741112496444;1746
0;1741112499362;2379
1;1741112501488;5061
2;1741112502294;1747
0;1741112503901;2380
0;1741112504038;2381
0;1741112505504;2382
1;1741112507400;5062
1;1741112507467;5063
1;1741112512595;5064
2;1741112512829;1748
1;1741112513657;5065
1;1741112514211;5066
0;1741112514272;2383
0;1741112515628;2384
2;1741112516882;1749
2;1741112518955;1750
1;1741112520452;5067
0;1741112520730;2385
1;1741112525983;5068
2;1741112532063;1751
0;1741112533356;2386
0;1741112535482;2387
2;1741112536240;1752
2;1741112540183;1753
2;1741112540354;1754
2;1741112540697;1755
1;1741112541451;5069
0;1741112542448;2388
1;1741112544355;5070
2;1741112545762;1756
1;1741112548423;5071
0;1741112549994;2389
0;1741112550649;2390
2;1741112551320;1757
2;1741112553308;1758
2;1741112553818;1759
0;1741112557725;2391
1;1741112559203;5072
1;1741112559395;5073
1;1741112559862;5074
1;1741112562037;5075
0;1741112568192;2392
1;1741112568840;5076
0;1741112570771;2393
1;1741112573330;5077
1;1741112573452;5078
0;1741112574773;2394
0;1741112576775;2395
2;1741112577213;1760
0;1741112578129;2396
1;1741112580010;5079
2;1741112581093;1761
2;1741112583835;1762
2;1741112585080;1763
2;1741112585115;1764
2;1741112586560;1765
0;1741112589099;2397
2;1741112589110;1766
1;1741112592478;5080
0;1741112593913;2398
1;1741112595854;5081
0;1741112597951;2399
1;1741112599548;5082
1;1741112600146;5083
2;1741112604668;1767
1;1741112606422;5084
0;1741112606917;2400
2;1741112611729;1768
2;1741112612883;1769
0;1741112612894;2401
2;1741112613047;1770
0;1741112615384;2402
0;1741112617231;2403
1;1741112619955;5085
1;1741112620892;5086
2;1741112621985;1771
2;1741112624475;1772
1;1741112624863;5087
1;1741112625062;5088
0;1741112625883;2404
0;1741112627455;2405
0;1741112629111;2406
2;1741112631248;1773
0;1741112632795;2407
1;1741112635430;5089
2;1741112642285;1774
1;1741112645509;5090
1;1741112646820;5091
2;1741112647055;1775
2;1741112647728;1776
2;1741112648056;1777
1;1741112648769;5092
0;1741112649313;2408
1;1741112649345;5093
1;1741112649928;5094
0;1741112652616;2409
2;1741112652817;1778
0;1741112653162;2410
2;1741112660306;1779
2;1741112661147;1780
2;1741112665040;1781
0;1741112665941;2411
0;1741112670571;2412
1;1741112672183;5095
1;1741112672666;5096
1;1741112674535;5097
0;1741112675393;2413
0;1741112675404;2414
2;1741112675660;1782
2;1741112677219;1783
0;1741112678951;2415
1;1741112679848;5098
0;1741112681643;2416
2;1741112688282;1784
1;1741112688295;5099
2;1741112688835;1785
1;1741112690204;5100
0;1741112691959;2417
1;1741112692741;5101
1;1741112698029;5102
1;1741112699110;5103
0;1741112700823;2418
0;1741112702005;2419
0;1741112705456;2420
2;1741112708208;1786
0;1741112708522;2421
2;1741112708968;1787
0;1741112709340;2422
2;1741112710276;1788
0;1741112713026;2423
0;1741112714717;2424
1;1741112715030;5104
2;1741112716200;1789
2;1741112716550;1790
1;1741112718018;5105
1;1741112719677;5106
2;1741112722575;1791
1;1741112725392;5107
0;1741112727758;2425
0;1741112727993;2426
1;1741112729389;5108
2;1741112731435;1792
0;1741112731567;2427
0;1741112733065;2428
1;1741112734393;5109
1;1741112736001;5110
2;1741112736298;1793
1;1741112740793;5111
2;1741112743485;1794
2;1741112747357;1795
2;1741112748561;1796
1;1741112748636;5112
0;1741112750526;2429
0;1741112750597;2430
1;1741112751413;5113
2;1741112751687;1797
2;1741112753884;1798
1;1741112759792;5114
0;1741112760090;2431
0;1741112760939;2432
1;1741112761386;5115
2;1741112766303;1799
2;1741112769036;1800
1;1741112770040;5116
0;1741112770203;2433
0;1741112773596;2434
0;1741112782010;2435
2;1741112782214;1801
2;1741112782644;1802
2;1741112782944;1803
1;1741112782989;5117
0;1741112783493;2436
0;1741112783582;2437
0;1741112788289;2438
1;1741112789765;5118
2;1741112792203;1804
2;1741112793096;1805
2;1741112794482;1806
1;1741112794739;5119
0;1741112795787;2439
2;1741112796612;1807
1;1741112796687;5120
1;1741112797886;5121
1;1741112798339;5122
1;1741112799190;5123
1;1741112800549;5124
2;1741112801204;1808
1;1741112804963;5125
0;1741112806601;2440
0;1741112807125;2441
0;1741112812405;2442
0;1741112815110;2443
1;1741112816041;5126
2;1741112816882;1809
0;1741112817811;2444
2;1741112822901;1810
1;1741112822927;5127
1;1741112823012;5128
0;1741112827745;2445
0;1741112827804;2446
2;1741112828599;1811
2;1741112829558;1812
2;1741112832521;1813
1;1741112837573;5129
2;1741112841064;1814
1;1741112843392;5130
2;1741112843862;1815
0;1741112844502;2447
0;1741112845300;2448
2;1741112846229;1816
0;1741112847023;2449
2;1741112849486;1817
2;1741112854159;1818
1;1741112854593;5131
1;1741112856097;5132
0;1741112857418;2450
2;1741112857842;1819
1;1741112860084;5133
1;1741112860417;5134
0;1741112861226;2451
0;1741112866137;2452
2;1741112866422;1820
2;1741112866634;1821
0;1741112868972;2453
1;1741112870487;5135
0;1741112870865;2454
0;1741112873291;2455
1;1741112873392;5136
1;1741112874261;5137
2;1741112874977;1822
0;1741112875132;2456
1;1741112878583;5138
2;1741112883010;1823
1;1741112884557;5139
1;1741112886268;5140
0;1741112886909;2457
0;1741112886939;2458
1;1741112891031;5141
2;1741112891520;1824
1;1741112895678;5142
2;1741112896971;1825
2;1741112897513;1826
2;1741112897693;1827
1;1741112897781;5143
0;1741112898468;2459
1;1741112902325;5144
2;1741112902538;1828
0;1741112908929;2460
2;1741112908944;1829
0;1741112911417;2461
0;1741112913892;2462
1;1741112915678;5145
1;1741112919309;5146
1;1741112920434;5147
2;1741112921240;1830
1;1741112922242;5148
0;1741112924124;2463
0;1741112924159;2464
0;1741112925048;2465
0;1741112925451;2466
2;1741112932322;1831
0;1741112934530;2467
2;1741112935213;1832
1;1741112935852;5149
0;1741112936940;2468
2;1741112937410;1833
0;1741112937771;2469
1;1741112941172;5150
2;1741112947493;1834
0;1741112949792;2470
1;1741112949937;5151
1;1741112951081;5152
2;1741112952649;1835
2;1741112953185;1836
2;1741112957096;1837
0;1741112957249;2471
1;1741112958308;5153
0;1741112959087;2472
2;1741112960089;1838
1;1741112962417;5154
2;1741112963276;1839
1;1741112965354;5155
0;1741112967780;2473
1;1741112968304;5156
2;1741112971098;1840
1;1741112971295;5157
0;1741112974481;2474
2;1741112976696;1841
0;1741112983150;2475
1;1741112983175;5158
0;1741112983369;2476
1;1741112983636;5159
2;1741112990217;1842
2;1741112992351;1843
2;1741112992989;1844
1;1741112993985;5160
2;1741112999451;1845
1;1741112999796;5161
0;1741113000164;2477
1;1741113000792;5162
1;1741113001266;5163
0;1741113001384;2478
1;1741113001790;5164
2;1741113003867;1846
0;1741113006750;2479
1;1741113008699;5165
1;1741113009604;5166
0;1741113011376;2480
2;1741113011918;1847
2;1741113012562;1848
2;1741113013332;1849
0;1741113013485;2481
0;1741113017491;2482
0;1741113019279;2483
0;1741113022245;2484
2;1741113022478;1850
2;1741113026257;1851
0;1741113027488;2485
2;1741113028414;1852
2;1741113029371;1853
1;1741113031589;5167
1;1741113033357;5168
1;1741113034022;5169
0;1741113034791;2486
1;1741113036549;5170
2;1741113036697;1854
0;1741113040172;2487
0;1741113040301;2488
2;1741113040855;1855
1;1741113041940;5171
0;1741113044030;2489
2;1741113046448;1856
0;1741113052010;2490
2;1741113054224;1857
0;1741113054586;2491
2;1741113055182;1858
1;1741113056315;5172
0;1741113057617;2492
2;1741113061031;1859
2;1741113063667;1860
2;1741113064522;1861
1;1741113065166;5173
1;1741113066358;5174
2;1741113066391;1862
1;1741113066483;5175
2;1741113067890;1863
1;1741113071391;5176
0;1741113072085;2493
0;1741113072901;2494
0;1741113074627;2495
1;1741113074929;5177
0;1741113078037;2496
1;1741113078516;5178
1;1741113082547;5179
0;1741113087045;2497
2;1741113088357;1864
1;1741113090133;5180
0;1741113090782;2498
1;1741113095443;5181
1;1741113097591;5182
0;1741113098281;2499
0;1741113098675;2500
1;1741113099409;5183
1;1741113100137;5184
2;1741113106705;1865
2;1741113108225;1866
2;1741113108424;1867
1;1741113108840;5185
0;1741113109237;2501
1;1741113110186;5186
2;1741113112803;1868
0;1741113115717;2502
0;1741113116518;2503
2;1741113118494;1869
1;1741113122994;5187
0;1741113123079;2504
1;1741113124367;5188
2;1741113125319;1870
0;1741113126421;2505
1;1741113126430;5189
0;1741113127540;2506
2;1741113128763;1871
2;1741113128905;1872
0;1741113130422;2507
0;1741113134379;2508
2;1741113137985;1873
2;1741113138986;1874
1;1741113139002;5190
2;1741113141665;1875
2;1741113143440;1876
1;1741113144123;5191
0;1741113145012;2509
1;1741113146545;5192
2;1741113149904;1877
1;1741113151169;5193
0;1741113154238;2510
2;1741113156208;1878
0;1741113157705;2511
1;1741113159155;5194
1;1741113161045;5195
1;1741113165186;5196
2;1741113169128;1879
2;1741113170415;1880
2;1741113171203;1881
2;1741113171993;1882
0;1741113173121;2512
1;1741113173449;5197
1;1741113174353;5198
1;1741113175795;5199
0;1741113176363;2513
1;1741113177024;5200
2;1741113177981;1883
0;1741113179716;2514
0;1741113180204;2515
2;1741113180341;1884
0;1741113182869;2516
1;1741113186141;5201
1;1741113188167;5202
0;1741113189154;2517
0;1741113190032;2518
0;1741113191452;2519
0;1741113195999;2520
2;1741113198965;1885
1;1741113202006;5203
2;1741113203829;1886
0;1741113204048;2521
2;1741113204765;1887
2;1741113208533;1888
2;1741113209620;1889
1;1741113214030;5204
1;1741113214411;5205
1;1741113216080;5206
1;1741113218800;5207
1;1741113220652;5208
0;1741113220668;2522
0;1741113224176;2523
2;1741113224982;1890
0;1741113226478;2524
0;1741113229729;2525
0;1741113230735;2526
1;1741113231289;5209
2;1741113231820;1891
2;1741113234743;1892
2;1741113237872;1893
2;1741113240774;1894
0;1741113240784;2527
1;1741113243190;5210
1;1741113243419;5211
0;1741113249082;2528
1;1741113251178;5212
1;1741113252817;5213
2;1741113252834;1895
1;1741113255717;5214
2;1741113255745;1896
0;1741113257324;2529
0;1741113259733;2530
2;1741113260270;1897
2;1741113261333;1898
0;1741113262944;2531
2;1741113263299;1899
1;1741113266904;5215
2;1741113269616;1900
0;1741113269685;2532
1;1741113270010;5216
2;1741113273004;1901
1;1741113273805;5217
0;1741113273865;2533
2;1741113276076;1902
1;1741113276117;5218
2;1741113276550;1903
0;1741113277004;2534
0;1741113278268;2535
1;1741113279606;5219
0;1741113281456;2536
0;1741113282560;2537
1;1741113283936;5220
0;1741113286717;2538
1;1741113288043;5221
2;1741113291249;1904
1;1741113293543;5222
1;1741113295808;5223
2;1741113300571;1905
2;1741113301226;1906
0;1741113304594;2539
1;1741113304979;5224
0;1741113305058;2540
2;1741113305654;1907
0;1741113306962;2541
2;1741113313241;1908
0;1741113314052;2542
2;1741113314826;1909
2;1741113318082;1910
0;1741113320310;2543
1;1741113321613;5225
0;1741113321768;2544
2;1741113322336;1911
1;1741113324161;5226
1;1741113327449;5227
1;1741113328494;5228
0;1741113331614;2545
0;1741113331943;2546
2;1741113332068;1912
0;1741113335553;2547
2;1741113338060;1913
1;1741113338339;5229
2;1741113338428;1914
0;1741113338976;2548
2;1741113339617;1915
0;1741113340194;2549
1;1741113343804;5230
2;1741113347932;1916
0;1741113348901;2550
0;1741113349047;2551
1;1741113349987;5231
2;1741113350137;1917
1;1741113353016;5232
1;1741113353407;5233
1;1741113353649;5234
1;1741113353937;5235
0;1741113353964;2552
2;1741113362778;1918
0;1741113369096;2553
0;1741113370877;2554
2;1741113371316;1919
2;1741113371820;1920
1;1741113372201;5236
1;1741113373729;5237
2;1741113374727;1921
2;1741113375350;1922
0;1741113379393;2555
2;1741113381258;1923
1;1741113383822;5238
0;1741113386193;2556
2;1741113387666;1924
1;1741113388184;5239
1;1741113389273;5240
0;1741113389454;2557
0;1741113389839;2558
1;1741113390899;5241
2;1741113391847;1925
0;1741113393294;2559
1;1741113395093;5242
2;1741113398472;1926
1;1741113403644;5243
1;1741113406514;5244
1;1741113409817;5245
0;1741113411288;2560
0;1741113411407;2561
1;1741113412178;5246
0;1741113412426;2562
2;1741113413595;1927
2;1741113415938;1928
2;1741113415947;1929
0;1741113417413;2563
1;1741113417799;5247
1;1741113418096;5248
2;1741113418131;1930
2;1741113418477;1931
0;1741113419869;2564
0;1741113424906;2565
2;1741113425784;1932
2;1741113430115;1933
1;1741113433185;5249
0;1741113433427;2566
2;1741113435214;1934
1;1741113438977;5250
2;1741113441829;1935
0;1741113446202;2567
0;1741113446314;2568
1;1741113446643;5251
2;1741113448942;1936
2;1741113451785;1937
1;1741113452662;5252
0;1741113452939;2569
1;1741113455827;5253
1;1741113455844;5254
2;1741113456903;1938
0;1741113457770;2570
2;1741113457788;1939
1;1741113459525;5255
0;1741113461128;2571
2;1741113463862;1940
0;1741113466694;2572
0;1741113473414;2573
0;1741113473900;2574
1;1741113475093;5256
0;1741113477408;2575
2;1741113478250;1941
0;1741113478355;2576
1;1741113480230;5257
2;1741113480721;1942
1;1741113481465;5258
1;1741113486226;5259
2;1741113486541;1943
0;1741113488081;2577
2;1741113488112;1944
1;1741113488795;5260
0;1741113489784;2578
2;1741113490814;1945
1;1741113493752;5261
1;1741113495988;5262
2;1741113501297;1946
2;1741113503179;1947
1;1741113504190;5263
0;1741113504525;2579
0;1741113505136;2580
0;1741113508147;2581
1;1741113508307;5264
2;1741113510074;1948
1;1741113511714;5265
2;1741113512476;1949
0;1741113512509;2582
0;1741113512992;2583
1;1741113515111;5266
2;1741113517435;1950
0;1741113520596;2584
2;1741113521486;1951
1;1741113523459;5267
2;1741113524123;1952
1;1741113524535;5268
2;1741113525257;1953
2;1741113526917;1954
0;1741113527536;2585
1;1741113532404;5269
2;1741113532940;1955
0;1741113533079;2586
0;1741113537593;2587
0;1741113539144;2588
2;1741113539345;1956
1;1741113545616;5270
2;1741113545939;1957
1;1741113547217;5271
1;1741113548255;5272
0;1741113548365;2589
1;1741113549814;5273
2;1741113550275;1958
1;1741113552768;5274
0;1741113552979;2590
2;1741113553818;1959
0;1741113558076;2591
0;1741113559487;2592
1;1741113561249;5275
0;1741113563884;2593
1;1741113566492;5276
0;1741113567024;2594
1;1741113567077;5277
1;1741113568202;5278
0;1741113571700;2595
2;1741113572531;1960
0;1741113574069;2596
1;1741113580204;5279
2;1741113583060;1961
1;1741113587825;5280
2;1741113589628;1962
2;1741113589876;1963
1;1741113591168;5281
1;1741113591326;5282
2;1741113592316;1964
0;1741113594131;2597
2;1741113594646;1965
1;1741113595185;5283
0;1741113599233;2598
0;1741113599267;2599
2;1741113599814;1966
0;1741113601336;2600
2;1741113604245;1967
1;1741113606795;5284
0;1741113607024;2601
2;1741113607617;1968
2;1741113608066;1969
2;1741113609345;1970
0;1741113609636;2602
0;1741113613602;2603
2;1741113614593;1971
2;1741113616044;1972
1;1741113620167;5285
1;1741113623006;5286
0;1741113625641;2604
2;1741113627415;1973
1;1741113628667;5287
0;1741113629327;2605
1;1741113633352;5288
1;1741113634885;5289
2;1741113635297;1974
1;1741113635431;5290
1;1741113636942;5291
0;1741113638769;2606
0;1741113639347;2607
2;1741113640518;1975
0;1741113641372;2608
1;1741113643401;5292
2;1741113644905;1976
0;1741113645208;2609
0;1741113648588;2610
2;1741113651830;1977
1;1741113656589;5293
2;1741113656895;1978
2;1741113658866;1979
1;1741113659363;5294
0;1741113659843;2611
1;1741113664122;5295
2;1741113664488;1980
1;1741113669141;5296
0;1741113672239;2612
1;1741113675473;5297
1;1741113676237;5298
0;1741113677125;2613
2;1741113678502;1981
0;1741113680138;2614
0;1741113680954;2615
2;1741113681549;1982
1;1741113683871;5299
1;1741113683915;5300
0;1741113685681;2616
2;1741113689977;1983
2;1741113692408;1984
1;1741113692559;5301
0;1741113694366;2617
0;1741113695494;2618
0;1741113699143;2619
0;1741113700608;2620
1;1741113701345;5302
2;1741113701630;1985
2;1741113702647;1986
2;1741113702882;1987
1;1741113706021;5303
2;1741113707263;1988
1;1741113712906;5304
0;1741113713276;2621
0;1741113716961;2622
2;1741113717396;1989
1;1741113718308;5305
0;1741113719308;2623
1;1741113719867;5306
0;1741113722244;2624
0;1741113726300;2625
1;1741113726838;5307
2;1741113727121;1990
2;1741113727389;1991
1;1741113728352;5308
1;1741113729961;5309
1;1741113736345;5310
2;1741113738711;1992
2;1741113738754;1993
1;1741113741356;5311
0;1741113742186;2626
0;1741113742214;2627
0;1741113744158;2628
2;1741113746211;1994
0;1741113747221;2629
0;1741113748576;2630
2;1741113750261;1995
0;1741113751248;2631
1;1741113752665;5312
2;1741113754277;1996
0;1741113755544;2632
1;1741113755682;5313
2;1741113755928;1997
2;1741113756324;1998
1;1741113758862;5314
2;1741113767675;1999
1;1741113769082;5315
2;1741113770456;2000
1;1741113771611;5316
0;1741113773346;2633
0;1741113775472;2634
2;1741113775584;2001
2;1741113776363;2002
1;1741113776536;5317
0;1741113777161;2635
2;1741113777183;2003
0;1741113779520;2636
1;1741113781448;5318
0;1741113785167;2637
1;1741113785483;5319
0;1741113791203;2638
2;1741113792187;2004
2;1741113793276;2005
1;1741113793516;5320
0;1741113793739;2639
1;1741113800044;5321
2;1741113801202;2006
0;1741113801881;2640
1;1741113802108;5322
1;1741113802969;5323
1;1741113803283;5324
2;1741113807461;2007
1;1741113808077;5325
0;1741113808480;2641
2;1741113812355;2008
0;1741113812498;2642
0;1741113813901;2643
1;1741113815323;5326
1;1741113818684;5327
2;1741113822533;2009
1;1741113824495;5328
0;1741113824516;2644
2;1741113826085;2010
2;1741113827409;2011
2;1741113832862;2012
2;1741113835085;2013
1;1741113835266;5329
0;1741113836000;2645
2;1741113836568;2014
1;1741113836643;5330
1;1741113837042;5331
0;1741113839795;2646
1;1741113844898;5332
0;1741113845786;2647
2;1741113848532;2015
2;1741113850156;2016
0;1741113854862;2648
0;1741113854901;2649
0;1741113855353;2650
1;1741113857072;5333
0;1741113858045;2651
2;1741113860673;2017
2;1741113860792;2018
0;1741113862739;2652
1;1741113862798;5334
2;1741113863481;2019
1;1741113863537;5335
0;1741113864020;2653
1;1741113865725;5336
2;1741113866908;2020
1;1741113867622;5337
2;1741113867750;2021
2;1741113867794;2022
2;1741113869615;2023
0;1741113871986;2654
0;1741113873572;2655
2;1741113874066;2024
1;1741113874654;5338
0;1741113876048;2656
0;1741113878850;2657
1;1741113884630;5339
1;1741113886087;5340
1;1741113886635;5341
0;1741113887311;2658
2;1741113890802;2025
2;1741113890846;2026
0;1741113897784;2659
2;1741113901411;2027
1;1741113902183;5342
1;1741113902473;5343
0;1741113906186;2660
2;1741113907446;2028
2;1741113907643;2029
2;1741113910248;2030
1;1741113911572;5344
0;1741113912611;2661
1;1741113914805;5345
0;1741113914859;2662
0;1741113917244;2663
1;1741113917584;5346
0;1741113918503;2664
1;1741113920518;5347
2;1741113923207;2031
0;1741113924790;2665
2;1741113927095;2032
2;1741113930836;2033
1;1741113936488;5348
1;1741113937379;5349
0;1741113937389;2666
2;1741113940700;2034
1;1741113940980;5350
2;1741113942336;2035
0;1741113943418;2667
1;1741113946048;5351
1;1741113946732;5352
0;1741113951590;2668
0;1741113951654;2669
2;1741113952861;2036
1;1741113952967;5353
0;1741113956571;2670
2;1741113957928;2037
2;1741113958695;2038
1;1741113959933;5354
2;1741113961619;2039
0;1741113962791;2671
2;1741113963707;2040
1;1741113964003;5355
1;1741113964225;5356
0;1741113966110;2672
0;1741113967625;2673
1;1741113968422;5357
2;1741113969336;2041
1;1741113973471;5358
2;1741113974066;2042
0;1741113976035;2674
2;1741113977230;2043
0;1741113978493;2675
0;1741113985133;2676
2;1741113988038;2044
1;1741113988755;5359
0;1741113991386;2677
1;1741113993038;5360
0;1741113995105;2678
1;1741113995318;5361
1;1741113995606;5362
2;1741113995757;2045
2;1741113997994;2046
2;1741113999433;2047
0;1741114000330;2679
2;1741114001391;2048
0;1741114002374;2680
2;1741114003236;2049
0;1741114004509;2681
1;1741114007121;5363
0;1741114011349;2682
1;1741114012373;5364
2;1741114016506;2050
1;1741114018051;5365
1;1741114018803;5366
0;1741114020218;2683
2;1741114023263;2051
1;1741114023287;5367
2;1741114029597;2052
1;1741114029925;5368
2;1741114031351;2053
0;1741114035892;2684
1;1741114036483;5369
0;1741114036654;2685
1;1741114037895;5370
1;1741114038468;5371
0;1741114038893;2686
0;1741114041530;2687
0;1741114042424;2688
2;1741114042519;2054
2;1741114044371;2055
1;1741114046735;5372
0;1741114047084;2689
2;1741114049458;2056
1;1741114051341;5373
0;1741114052381;2690
0;1741114052398;2691
1;1741114052621;5374
2;1741114057921;2057
0;1741114059844;2692
2;1741114061501;2058
2;1741114061900;2059
2;1741114062414;2060
1;1741114068853;5375
1;1741114069531;5376
2;1741114072972;2061
2;1741114073224;2062
2;1741114073807;2063
1;1741114076810;5377
0;1741114077347;2693
1;1741114080949;5378
0;1741114082243;2694
0;1741114084037;2695
1;1741114084500;5379
0;1741114085859;2696
2;1741114087414;2064
1;1741114087679;5380
1;1741114088344;5381
2;1741114091174;2065
1;1741114092214;5382
2;1741114096913;2066
0;1741114097028;2697
1;1741114099902;5383
2;1741114101953;2067
0;1741114102151;2698
1;1741114102334;5384
0;1741114103601;2699
0;1741114103725;2700
0;1741114107027;2701
2;1741114107085;2068
1;1741114109003;5385
0;1741114109883;2702
2;1741114112245;2069
0;1741114115821;2703
0;1741114117677;2704
1;1741114119211;5386
1;1741114121030;5387
1;1741114121128;5388
1;1741114122046;5389
0;1741114123737;2705
2;1741114126807;2070
2;1741114127168;2071
2;1741114128482;2072
1;1741114129779;5390
2;1741114131075;2073
0;1741114133079;2706
0;1741114133355;2707
2;1741114136134;2074
2;1741114140266;2075
2;1741114142604;2076
2;1741114144252;2077
2;1741114148150;2078
0;1741114148440;2708
0;1741114149140;2709
1;1741114149230;5391
1;1741114149826;5392
0;1741114153545;2710
1;1741114153706;5393
1;1741114157351;5394
0;1741114158387;2711
2;1741114158602;2079
1;1741114163015;5395
2;1741114164127;2080
1;1741114164216;5396
1;1741114166779;5397
0;1741114168005;2712
2;1741114173288;2081
1;1741114175876;5398
0;1741114176497;2713
0;1741114178554;2714
0;1741114178808;2715
2;1741114180057;2082
2;1741114181810;2083
2;1741114182842;2084
0;1741114183504;2716
0;1741114186306;2717
1;1741114187325;5399
2;1741114192662;2085
0;1741114193560;2718
0;1741114193666;2719
0;1741114195804;2720
3;1741114195812;7
1;1741114195818;5400
2;1741114196882;2086
0;1741114197674;2721
1;1741114198711;5401
1;1741114200956;5402
0;1741114204848;2722
1;1741114205867;5403
1;1741114207905;5404
2;1741114208328;2087
2;1741114209749;2088
1;1741114210119;5405
2;1741114212126;2089
2;1741114213299;2090
0;1741114215771;2723
1;1741114217874;5406
2;1741114218505;2091
0;1741114218861;2724
1;1741114224463;5407
1;1741114226506;5408
0;1741114228205;2725
1;1741114228967;5409
0;1741114232828;2726
0;1741114234219;2727
1;1741114234526;5410
1;1741114235606;5411
0;1741114237178;2728
2;1741114238849;2092
2;1741114239278;2093
1;1741114240120;5412
2;1741114240168;2094
2;1741114240442;2095
2;1741114242975;2096
2;1741114246806;2097
0;1741114248416;2729
1;1741114254370;5413
0;1741114256158;2730
0;1741114258066;2731
2;1741114258076;2098
1;1741114258530;5414
2;1741114259264;2099
1;1741114264162;5415
0;1741114267040;2732
2;1741114268694;2100
0;1741114271269;2733
0;1741114271279;2734
1;1741114271816;5416
2;1741114272507;2101
1;1741114273361;5417
0;1741114276173;2735
0;1741114276784;2736
2;1741114281292;2102
1;1741114282506;5418
2;1741114282883;2103
2;1741114283904;2104
1;1741114285447;5419
1;1741114287785;5420
0;1741114288669;2737
0;1741114289334;2738
1;1741114292966;5421
2;1741114296329;2105
1;1741114298773;5422
2;1741114300235;2106
1;1741114301437;5423
2;1741114302144;2107
0;1741114302155;2739
2;1741114303596;2108
0;1741114305072;2740
0;1741114308999;2741
0;1741114311093;2742
2;1741114311479;2109
1;1741114311666;5424
2;1741114314148;2110
1;1741114319618;5425
1;1741114321891;5426
0;1741114325992;2743
2;1741114326293;2111
0;1741114326388;2744
0;1741114328015;2745
2;1741114328442;2112
0;1741114329269;2746
1;1741114330762;5427
1;1741114334154;5428
1;1741114334641;5429
1;1741114337225;5430
1;1741114338250;5431
2;1741114339079;2113
1;1741114339282;5432
2;1741114342502;2114
1;1741114344518;5433
0;1741114346309;2747
0;1741114347253;2748
0;1741114349979;2749
2;1741114351326;2115
1;1741114351981;5434
0;1741114352466;2750
1;1741114354251;5435
0;1741114356931;2751
0;1741114358054;2752
2;1741114358786;2116
2;1741114359644;2117
2;1741114360070;2118
2;1741114361603;2119
1;1741114363313;5436
0;1741114363587;2753
0;1741114364117;2754
2;1741114365703;2120
1;1741114366579;5437
0;1741114369443;2755
0;1741114369698;2756
2;1741114373831;2121
2;1741114376517;2122
2;1741114377687;2123
0;1741114386278;2757
1;1741114388493;5438
2;1741114389023;2124
1;1741114389105;5439
1;1741114392347;5440
2;1741114394304;2125
0;1741114394976;2758
2;1741114396208;2126
1;1741114401572;5441
1;1741114404079;5442
2;1741114404415;2127
0;1741114405042;2759
1;1741114407191;5443
1;1741114407312;5444
2;1741114407897;2128
0;1741114408823;2760
1;1741114411159;5445
0;1741114412004;2761
0;1741114414897;2762
2;1741114423503;2129
2;1741114423968;2130
1;1741114425061;5446
2;1741114426549;2131
0;1741114426656;2763
1;1741114428287;5447
1;1741114431612;5448
0;1741114432598;2764
0;1741114435455;2765
0;1741114435507;2766
1;1741114437073;5449
2;1741114438150;2132
2;1741114438605;2133
2;1741114442787;2134
0;1741114443389;2767
0;1741114444967;2768
1;1741114445342;5450
1;1741114448229;5451
1;1741114449640;5452
0;1741114451133;2769
2;1741114451178;2135
1;1741114451546;5453
1;1741114453367;5454
2;1741114456725;2136
0;1741114457353;2770
0;1741114458440;2771
2;1741114458902;2137
2;1741114459349;2138
1;1741114461081;5455
2;1741114462985;2139
2;1741114463433;2140
0;1741114466672;2772
2;1741114466908;2141
1;1741114470709;5456
0;1741114474223;2773
0;1741114475852;2774
0;1741114477543;2775
1;1741114477665;5457
0;1741114480854;2776
2;1741114481829;2142
2;1741114482457;2143
2;1741114482816;2144
1;1741114482926;5458
0;1741114488152;2777
1;1741114488614;5459
0;1741114494347;2778
1;1741114494887;5460
1;1741114495047;5461
0;1741114495812;2779
2;1741114495948;2145
0;1741114497403;2780
1;1741114498820;5462
2;1741114501872;2146
1;1741114502215;5463
2;1741114506550;2147
0;1741114508077;2781
2;1741114511992;2148
1;1741114513479;5464
0;1741114513551;2782
1;1741114513710;5465
1;1741114514708;5466
0;1741114518056;2783
2;1741114519392;2149
1;1741114519785;5467
0;1741114519814;2784
2;1741114521472;2150
2;1741114521675;2151
2;1741114522252;2152
1;1741114528368;5468
0;1741114528600;2785
1;1741114530197;5469
0;1741114530246;2786
2;1741114532457;2153
2;1741114533257;2154
0;1741114535092;2787
1;1741114535542;5470
0;1741114536496;2788
1;1741114539028;5471
2;1741114540744;2155
1;1741114541199;5472
0;1741114542257;2789
2;1741114544313;2156
1;1741114546886;5473
1;1741114552271;5474
0;1741114556455;2790
2;1741114556603;2157
0;1741114557713;2791
1;1741114561837;5475
0;1741114563036;2792
0;1741114564027;2793
1;1741114564218;5476
0;1741114564465;2794
2;1741114566558;2158
2;1741114566811;2159
1;1741114567041;5477
2;1741114568595;2160
0;1741114573766;2795
1;1741114575584;5478
2;1741114577388;2161
0;1741114578333;2796
2;1741114580588;2162
1;1741114581004;5479
2;1741114581795;2163
1;1741114584774;5480
2;1741114587847;2164
2;1741114588654;2165
1;1741114588715;5481
0;1741114592868;2797
2;1741114593535;2166
0;1741114594104;2798
1;1741114596849;5482
0;1741114597509;2799
0;1741114602798;2800
0;1741114603487;2801
2;1741114604659;2167
0;1741114606744;2802
2;1741114606856;2168
1;1741114607015;5483
1;1741114609380;5484
1;1741114609591;5485
2;1741114613565;2169
0;1741114613869;2803
2;1741114616333;2170
2;1741114618179;2171
1;1741114619331;5486
2;1741114622537;2172
1;1741114622964;5487
0;1741114625972;2804
2;1741114626732;2173
0;1741114628250;2805
1;1741114628795;5488
1;1741114632023;5489
0;1741114633231;2806
1;1741114633271;5490
1;1741114636360;5491
0;1741114636575;2807
2;1741114636696;2174
0;1741114641595;2808
0;1741114641650;2809
2;1741114645650;2175
1;1741114647001;5492
0;1741114647258;2810
2;1741114649265;2176
2;1741114650058;2177
1;1741114651633;5493
1;1741114655225;5494
2;1741114655362;2178
1;1741114656039;5495
2;1741114658915;2179
0;1741114663301;2811
0;1741114663334;2812
0;1741114664577;2813
0;1741114665265;2814
2;1741114669503;2180
0;1741114672063;2815
1;1741114674667;5496
0;1741114675352;2816
1;1741114677873;5497
2;1741114677964;2181
0;1741114681997;2817
2;1741114682566;2182
1;1741114684194;5498
1;1741114685725;5499
2;1741114686063;2183
2;1741114687573;2184
1;1741114688108;5500
1;1741114688183;5501
2;1741114692806;2185
1;1741114697254;5502
2;1741114699212;2186
1;1741114700737;5503
2;1741114706539;2187
1;1741114707414;5504
0;1741114707683;2818
1;1741114707888;5505
2;1741114708123;2188
0;1741114711602;2819
2;1741114712187;2189
1;1741114712213;5506
2;1741114712532;2190
1;1741114713042;5507
0;1741114713554;2820
0;1741114713997;2821
1;1741114719525;5508
0;1741114722987;2822
0;1741114723830;2823
2;1741114725445;2191
0;1741114726530;2824
2;1741114727321;2192
2;1741114727449;2193
1;1741114728543;5509
0;1741114732274;2825
0;1741114733867;2826
0;1741114734219;2827
2;1741114739801;2194
2;1741114741375;2195
0;1741114743786;2828
1;1741114744280;5510
0;1741114745291;2829
0;1741114748810;2830
1;1741114749431;5511
1;1741114753051;5512
1;1741114753911;5513
0;1741114754609;2831
2;1741114756904;2196
1;1741114759053;5514
2;1741114760678;2197
1;1741114764752;5515
2;1741114765074;2198
1;1741114771165;5516
1;1741114771532;5517
2;1741114771594;2199
0;1741114774671;2832
2;1741114775230;2200
0;1741114775684;2833
2;1741114777204;2201
2;1741114777214;2202
1;1741114777822;5518
0;1741114778756;2834
0;1741114780362;2835
2;1741114783113;2203
1;1741114784162;5519
1;1741114790257;5520
0;1741114790848;2836
1;1741114790928;5521
2;1741114791422;2204
2;1741114792441;2205
0;1741114792979;2837
0;1741114793719;2838
2;1741114794139;2206
0;1741114798494;2839
0;1741114800566;2840
1;1741114802616;5522
2;1741114804037;2207
2;1741114805546;2208
1;1741114806267;5523
1;1741114807323;5524
2;1741114808574;2209
0;1741114809157;2841
1;1741114810338;5525
0;1741114811660;2842
1;1741114823423;5526
1;1741114826314;5527
0;1741114826593;2843
0;1741114827456;2844
0;1741114828923;2845
2;1741114831164;2210
1;1741114831713;5528
2;1741114831889;2211
2;1741114831965;2212
1;1741114834562;5529
2;1741114836969;2213
0;1741114837175;2846
0;1741114838112;2847
0;1741114841651;2848
1;1741114843763;5530
1;1741114845869;5531
2;1741114845974;2214
2;1741114846647;2215
1;1741114847504;5532
2;1741114851980;2216
2;1741114855766;2217
0;1741114856007;2849
1;1741114856021;5533
2;1741114856966;2218
1;1741114859826;5534
0;1741114863453;2850
0;1741114863729;2851
2;1741114863756;2219
1;1741114866837;5535
0;1741114868515;2852
2;1741114868702;2220
0;1741114872126;2853
1;1741114875849;5536
1;1741114876284;5537
0;1741114878006;2854
2;1741114878432;2221
2;1741114879429;2222
1;1741114881749;5538
1;1741114881824;5539
0;1741114882151;2855
0;1741114884589;2856
2;1741114884829;2223
1;1741114885231;5540
0;1741114886101;2857
0;1741114886800;2858
1;1741114888318;5541
2;1741114891261;2224
0;1741114895921;2859
2;1741114898780;2225
1;1741114903050;5542
2;1741114903715;2226
1;1741114905433;5543
0;1741114906350;2860
0;1741114908555;2861
0;1741114909784;2862
0;1741114910278;2863
2;1741114911438;2227
1;1741114913023;5544
2;1741114913648;2228
1;1741114918037;5545
0;1741114919038;2864
1;1741114920278;5546
2;1741114920353;2229
2;1741114920442;2230
1;1741114923244;5547
2;1741114924924;2231
2;1741114926435;2232
2;1741114928530;2233
1;1741114930142;5548
1;1741114930981;5549
1;1741114936390;5550
1;1741114939246;5551
2;1741114943712;2234
2;1741114949212;2235
2;1741114953484;2236
1;1741114953662;5552
1;1741114956873;5553
1;1741114956951;5554
2;1741114957212;2237
2;1741114957519;2238
2;1741114961546;2239
1;1741114963936;5555
2;1741114967613;2240
1;1741114971881;5556
1;1741114972406;5557
2;1741114976998;2241
2;1741114978234;2242
1;1741114978940;5558
1;1741114979215;5559
2;1741114982435;2243
1;1741114984561;5560
2;1741114985247;2244
1;1741114989933;5561
1;1741114992253;5562
2;1741114993738;2245
2;1741114997643;2246
1;1741114998369;5563
2;1741115002893;2247
2;1741115010731;2248
1;1741115012799;5564
2;1741115013224;2249
2;1741115016633;2250
1;1741115019702;5565
1;1741115021146;5566
1;1741115026660;5567
2;1741115028360;2251
1;1741115029928;5568
2;1741115034295;2252
1;1741115035955;5569
2;1741115036578;2253
2;1741115040651;2254
2;1741115041137;2255
1;1741115041673;5570
2;1741115043391;2256
1;1741115044410;5571
1;1741115048871;5572
2;1741115051871;2257
1;1741115055864;5573
2;1741115060778;2258
1;1741115062253;5574
1;1741115063299;5575
2;1741115066312;2259
2;1741115070805;2260
2;1741115073870;2261
1;1741115077164;5576
2;1741115077887;2262
2;1741115078543;2263
2;1741115078874;2264
1;1741115080554;5577
1;1741115086097;5578
1;1741115086983;5579
1;1741115090261;5580
1;1741115091886;5581
2;1741115093126;2265
1;1741115093720;5582
2;1741115100323;2266
1;1741115100910;5583
2;1741115101018;2267
2;1741115103613;2268
2;1741115107949;2269
1;1741115109844;5584
1;1741115110151;5585
2;1741115112834;2270
2;1741115123892;2271
1;1741115124718;5586
1;1741115125075;5587
1;1741115126496;5588
2;1741115128152;2272
2;1741115130390;2273
1;1741115137461;5589
2;1741115139543;2274
2;1741115143401;2275
1;1741115144766;5590
1;1741115144991;5591
1;1741115146457;5592
2;1741115147535;2276
2;1741115153428;2277
2;1741115153437;2278
1;1741115154097;5593
2;1741115158254;2279
1;1741115160363;5594
1;1741115164245;5595
1;1741115164624;5596
2;1741115165846;2280
1;1741115169641;5597
1;1741115174423;5598
1;1741115180442;5599
1;1741115180553;5600
2;1741115182728;2281
2;1741115183684;2282
2;1741115183817;2283
2;1741115187046;2284
2;1741115187276;2285
1;1741115193769;5601
1;1741115194097;5602
1;1741115196974;5603
2;1741115198277;2286
1;1741115200911;5604
2;1741115201473;2287
2;1741115208879;2288
2;1741115211738;2289
1;1741115216434;5605
2;1741115218569;2290
1;1741115219427;5606
1;1741115220256;5607
2;1741115223267;2291
1;1741115223370;5608
2;1741115227090;2292
2;1741115230609;2293
1;1741115232877;5609
2;1741115238183;2294
2;1741115242426;2295
1;1741115243216;5610
1;1741115243343;5611
1;1741115246372;5612
2;1741115250039;2296
2;1741115251358;2297
2;1741115251721;2298
1;1741115254562;5613
1;1741115257277;5614
1;1741115262138;5615
1;1741115262519;5616
2;1741115263729;2299
2;1741115267488;2300
2;1741115274656;2301
1;1741115274876;5617
1;1741115281909;5618
2;1741115284938;2302
1;1741115285115;5619
1;1741115286363;5620
2;1741115288671;2303
2;1741115290990;2304
2;1741115292427;2305
1;1741115293054;5621
2;1741115293313;2306
1;1741115298079;5622
2;1741115303258;2307
2;1741115304181;2308
1;1741115304748;5623
1;1741115305053;5624
1;1741115306434;5625
2;1741115312423;2309
1;1741115317697;5626
2;1741115321134;2310
1;1741115322805;5627
2;1741115323704;2311
0;1741115328798;2865
2;1741115332740;2312
1;1741115332953;5628
1;1741115334313;5629
1;1741115337404;5630
1;1741115337581;5631
2;1741115338387;2313
0;1741115339062;2866
1;1741115339500;5632
0;1741115340939;2867
2;1741115341054;2314
2;1741115344779;2315
0;1741115346641;2868
2;1741115347697;2316
0;1741115347815;2869
2;1741115358019;2317
0;1741115362178;2870
2;1741115362290;2318
1;1741115362452;5633
2;1741115363362;2319
2;1741115363852;2320
1;1741115363897;5634
1;1741115367251;5635
0;1741115368462;2871
1;1741115373211;5636
0;1741115374450;2872
0;1741115375743;2873
0;1741115376045;2874
1;1741115377834;5637
1;1741115378804;5638
0;1741115380700;2875
1;1741115380826;5639
2;1741115381593;2321
2;1741115385465;2322
2;1741115385864;2323
0;1741115386270;2876
2;1741115387751;2324
1;1741115388669;5640
0;1741115393768;2877
1;1741115395256;5641
0;1741115396133;2878
1;1741115396178;5642
2;1741115396702;2325
2;1741115397999;2326
1;1741115399750;5643
1;1741115399841;5644
0;1741115402063;2879
2;1741115403525;2327
2;1741115404753;2328
0;1741115405746;2880
0;1741115406686;2881
1;1741115406795;5645
0;1741115407064;2882
1;1741115416160;5646
2;1741115416843;2329
0;1741115418553;2883
2;1741115423140;2330
2;1741115423927;2331
0;1741115426691;2884
2;1741115428791;2332
2;1741115431515;2333
1;1741115433543;5647
2;1741115436148;2334
1;1741115436571;5648
2;1741115437204;2335
1;1741115438299;5649
0;1741115438492;2885
0;1741115438901;2886
1;1741115441000;5650
1;1741115441724;5651
0;1741115442147;2887
0;1741115444331;2888
2;1741115446386;2336
1;1741115448122;5652
0;1741115450761;2889
2;1741115455770;2337
2;1741115457674;2338
0;1741115459109;2890
2;1741115459817;2339
0;1741115460397;2891
1;1741115460800;5653
1;1741115462696;5654
2;1741115463290;2340
2;1741115464379;2341
1;1741115465239;5655
0;1741115470508;2892
2;1741115470638;2342
1;1741115474004;5656
1;1741115474690;5657
0;1741115478063;2893
1;1741115480632;5658
0;1741115480817;2894
1;1741115483467;5659
0;1741115483993;2895
0;1741115484865;2896
1;1741115488298;5660
1;1741115489392;5661
1;1741115490079;5662
0;1741115490113;2897
2;1741115493214;2343
2;1741115494193;2344
2;1741115495667;2345
1;1741115498374;5663
2;1741115502250;2346
2;1741115504070;2347
0;1741115504618;2898
2;1741115504689;2348
1;1741115504969;5664
0;1741115505597;2899
2;1741115508091;2349
2;1741115508220;2350
1;1741115508881;5665
0;1741115510450;2900
0;1741115511527;2901
0;1741115513661;2902
1;1741115515863;5666
0;1741115516654;2903
2;1741115523747;2351
1;1741115523756;5667
1;1741115525699;5668
1;1741115527816;5669
2;1741115528480;2352
1;1741115528954;5670
0;1741115530521;2904
2;1741115534898;2353
0;1741115536871;2905
0;1741115539506;2906
0;1741115540738;2907
2;1741115541218;2354
0;1741115547718;2908
2;1741115550323;2355
1;1741115550403;5671
1;1741115550725;5672
2;1741115552011;2356
2;1741115552807;2357
0;1741115553812;2909
1;1741115554609;5673
2;1741115555025;2358
0;1741115555733;2910
0;1741115560110;2911
1;1741115560402;5674
2;1741115564181;2359
1;1741115565217;5675
2;1741115566248;2360
2;1741115572221;2361
1;1741115572572;5676
1;1741115573913;5677
2;1741115573970;2362
2;1741115574588;2363
0;1741115577801;2912
0;1741115578724;2913
1;1741115580084;5678
0;1741115580575;2914
0;1741115581494;2915
0;1741115583501;2916
1;1741115585968;5679
2;1741115587406;2364
0;1741115588537;2917
0;1741115588546;2918
1;1741115589300;5680
0;1741115594542;2919
1;1741115598365;5681
1;1741115599127;5682
2;1741115601518;2365
2;1741115607219;2366
0;1741115608865;2920
2;1741115609804;2367
2;1741115611263;2368
1;1741115612807;5683
1;1741115614176;5684
0;1741115615587;2921
1;1741115617812;5685
1;1741115621891;5686
2;1741115622148;2369
2;1741115623613;2370
2;1741115626572;2371
0;1741115626846;2922
2;1741115628126;2372
0;1741115628202;2923
1;1741115629109;5687
0;1741115632243;2924
1;1741115633013;5688
1;1741115634238;5689
0;1741115635515;2925
0;1741115638913;2926
2;1741115639504;2373
2;1741115639791;2374
1;1741115641157;5690
0;1741115642239;2927
1;1741115642249;5691
2;1741115642311;2375
2;1741115645402;2376
0;1741115648816;2928
2;1741115650268;2377
1;1741115652709;5692
2;1741115653374;2378
0;1741115656002;2929
0;1741115662957;2930
1;1741115663226;5693
0;1741115663935;2931
2;1741115664021;2379
1;1741115668092;5694
2;1741115668309;2380
0;1741115668765;2932
1;1741115674671;5695
0;1741115675413;2933
1;1741115676452;5696
2;1741115678988;2381
1;1741115679567;5697
2;1741115680363;2382
1;1741115682197;5698
1;1741115682657;5699
0;1741115683355;2934
2;1741115685451;2383
0;1741115686314;2935
1;1741115687874;5700
0;1741115689366;2936
0;1741115690606;2937
0;1741115691239;2938
1;1741115692069;5701
2;1741115692760;2384
1;1741115695598;5702
2;1741115696691;2385
2;1741115699872;2386
2;1741115700914;2387
2;1741115707554;2388
0;1741115707957;2939
1;1741115708255;5703
1;1741115708460;5704
0;1741115709730;2940
1;1741115712466;5705
2;1741115712680;2389
1;1741115713100;5706
0;1741115717439;2941
1;1741115718188;5707
0;1741115718278;2942
2;1741115720019;2390
0;1741115724822;2943
1;1741115725725;5708
0;1741115727160;2944
2;1741115731376;2391
0;1741115731404;2945
1;1741115734144;5709
2;1741115735003;2392
1;1741115735205;5710
1;1741115735867;5711
2;1741115737914;2393
0;1741115741730;2946
2;1741115742480;2394
0;1741115746416;2947
0;1741115750359;2948
2;1741115751506;2395
2;1741115751820;2396
1;1741115755513;5712
2;1741115755951;2397
0;1741115756089;2949
1;1741115757541;5713
1;1741115760961;5714
0;1741115761694;2950
1;1741115761720;5715
1;1741115764482;5716
1;1741115764554;5717
2;1741115764872;2398
0;1741115765213;2951
2;1741115765885;2399
0;1741115768171;2952
0;1741115769543;2953
2;1741115769712;2400
1;1741115769729;5718
0;1741115772523;2954
2;1741115777135;2401
2;1741115777167;2402
2;1741115777915;2403
1;1741115780453;5719
2;1741115781004;2404
0;1741115783653;2955
1;1741115786243;5720
0;1741115787962;2956
2;1741115792095;2405
1;1741115793831;5721
2;1741115795559;2406
0;1741115796052;2957
2;1741115796317;2407
0;1741115798263;2958
1;1741115798452;5722
2;1741115800133;2408
1;1741115801575;5723
2;1741115803033;2409
1;1741115805181;5724
1;1741115815403;5725
0;1741115815579;2959
0;1741115815631;2960
2;1741115818335;2410
1;1741115819021;5726
1;1741115819956;5727
0;1741115820619;2961
1;1741115821776;5728
0;1741115822037;2962
2;1741115827686;2411
0;1741115828635;2963
1;1741115829092;5729
1;1741115830319;5730
2;1741115830948;2412
2;1741115831315;2413
2;1741115832232;2414
1;1741115834313;5731
0;1741115835495;2964
0;1741115835641;2965
2;1741115840182;2415
0;1741115843387;2966
0;1741115843660;2967
2;1741115845780;2416
0;1741115845801;2968
1;1741115845835;5732
0;1741115846774;2969
2;1741115849211;2417
2;1741115853376;2418
0;1741115853418;2970
2;1741115853541;2419
1;1741115858006;5733
1;1741115859159;5734
2;1741115862679;2420
0;1741115864707;2971
0;1741115868391;2972
1;1741115869218;5735
2;1741115870050;2421
1;1741115870124;5736
1;1741115871205;5737
1;1741115872121;5738
0;1741115873177;2973
2;1741115878635;2422
1;1741115880403;5739
0;1741115880905;2974
0;1741115881437;2975
2;1741115887192;2423
0;1741115889656;2976
1;1741115890257;5740
2;1741115892169;2424
0;1741115894685;2977
0;1741115895224;2978
1;1741115896134;5741
0;1741115897771;2979
0;1741115897853;2980
0;1741115898413;2981
2;1741115900309;2425
2;1741115900611;2426
2;1741115902605;2427
1;1741115902683;5742
1;1741115902873;5743
1;1741115905083;5744
2;1741115906732;2428
0;1741115909190;2982
2;1741115913223;2429
2;1741115916027;2430
2;1741115917337;2431
1;1741115918564;5745
2;1741115920443;2432
1;1741115921053;5746
0;1741115921920;2983
1;1741115923543;5747
1;1741115935207;5748
1;1741115935690;5749
2;1741115937162;2433
2;1741115937982;2434
2;1741115939253;2435
1;1741115939627;5750
0;1741115939688;2984
0;1741115939856;2985
2;1741115944380;2436
1;1741115947480;5751
0;1741115948152;2986
0;1741115949791;2987
2;1741115954773;2437
1;1741115955439;5752
0;1741115956181;2988
0;1741115958050;2989
1;1741115959553;5753
0;1741115961190;2990
0;1741115962324;2991
1;1741115965137;5754
2;1741115966125;2438
1;1741115967160;5755
1;1741115967666;5756
1;1741115968095;5757
0;1741115968376;2992
2;1741115970049;2439
2;1741115970923;2440
2;1741115971559;2441
2;1741115974362;2442
1;1741115978385;5758
0;1741115980367;2993
0;1741115982213;2994
1;1741115983233;5759
2;1741115983947;2443
1;1741115984239;5760
0;1741115986354;2995
0;1741115986385;2996
2;1741115986661;2444
1;1741115993272;5761
0;1741115993864;2997
2;1741115995707;2445
1;1741115996700;5762
1;1741115999996;5763
0;1741116001114;2998
0;1741116001131;2999
2;1741116001642;2446
0;1741116002301;3000
1;1741116003797;5764
2;1741116008780;2447
2;1741116009775;2448
1;1741116011017;5765
2;1741116015458;2449
1;1741116016935;5766
0;1741116017881;3001
0;1741116020403;3002
0;1741116020638;3003
0;1741116022010;3004
2;1741116022033;2450
1;1741116022979;5767
0;1741116024750;3005
2;1741116026506;2451
2;1741116027152;2452
2;1741116031201;2453
0;1741116032981;3006
1;1741116033141;5768
1;1741116034461;5769
1;1741116035054;5770
2;1741116036260;2454
0;1741116041806;3007
2;1741116043273;2455
1;1741116045567;5771
1;1741116046172;5772
1;1741116046753;5773
0;1741116046815;3008
0;1741116050646;3009
0;1741116052435;3010
2;1741116055991;2456
0;1741116057085;3011
2;1741116057184;2457
0;1741116059251;3012
1;1741116061412;5774
2;1741116065642;2458
2;1741116068880;2459
2;1741116068935;2460
2;1741116069061;2461
1;1741116073360;5775
2;1741116075023;2462
1;1741116076346;5776
0;1741116076979;3013
0;1741116078285;3014
1;1741116081762;5777
1;1741116083897;5778
2;1741116085115;2463
1;1741116086262;5779
0;1741116086662;3015
2;1741116089730;2464
2;1741116089748;2465
0;1741116089864;3016
1;1741116094164;5780
1;1741116094752;5781
0;1741116097506;3017
1;1741116098521;5782
0;1741116098671;3018
0;1741116099844;3019
0;1741116100787;3020
2;1741116103639;2466
1;1741116103898;5783
1;1741116104893;5784
1;1741116107571;5785
2;1741116111253;2467
2;1741116114218;2468
1;1741116114947;5786
2;1741116115133;2469
2;1741116119411;2470
2;1741116120304;2471
0;1741116120796;3021
2;1741116121971;2472
1;1741116123281;5787
0;1741116127922;3022
0;1741116128006;3023
1;1741116130030;5788
1;1741116131758;5789
2;1741116132476;2473
1;1741116133498;5790
0;1741116133764;3024
0;1741116133883;3025
0;1741116134579;3026
2;1741116138821;2474
1;1741116139552;5791
2;1741116140616;2475
2;1741116142435;2476
2;1741116144433;2477
0;1741116144657;3027
0;1741116145783;3028
1;1741116146242;5792
0;1741116148913;3029
2;1741116152795;2478
1;1741116160046;5793
0;1741116162107;3030
1;1741116163087;5794
2;1741116169323;2479
0;1741116169897;3031
1;1741116169947;5795
2;1741116170461;2480
2;1741116171221;2481
2;1741116171572;2482
1;1741116172907;5796
1;1741116173931;5797
2;1741116173995;2483
1;1741116176670;5798
0;1741116176834;3032
0;1741116177035;3033
0;1741116181375;3034
1;1741116183778;5799
0;1741116184037;3035
1;1741116185596;5800
2;1741116190288;2484
1;1741116190846;5801
1;1741116191199;5802
2;1741116197157;2485
0;1741116198515;3036
0;1741116199534;3037
2;1741116201066;2486
0;1741116201111;3038
2;1741116201953;2487
1;1741116202271;5803
1;1741116202825;5804
0;1741116203955;3039
1;1741116205265;5805
0;1741116209586;3040
2;1741116210557;2488
0;1741116213953;3041
2;1741116215030;2489
0;1741116215067;3042
1;1741116215486;5806
2;1741116216368;2490
0;1741116218664;3043
1;1741116219438;5807
2;1741116221980;2491
2;1741116227347;2492
0;1741116227885;3044
2;1741116228567;2493
1;1741116228862;5808
1;1741116231108;5809
0;1741116234995;3045
2;1741116238865;2494
2;1741116239342;2495
0;1741116240198;3046
1;1741116240527;5810
1;1741116242023;5811
0;1741116242301;3047
1;1741116250275;5812
0;1741116250477;3048
0;1741116250984;3049
2;1741116251634;2496
0;1741116254109;3050
1;1741116258635;5813
1;1741116259124;5814
2;1741116261571;2497
0;1741116263085;3051
0;1741116263604;3052
1;1741116265849;5815
2;1741116266639;2498
2;1741116266925;2499
0;1741116268723;3053
2;1741116269743;2500
1;1741116273338;5816
2;1741116273949;2501
2;1741116274731;2502
1;1741116274975;5817
2;1741116278228;2503
0;1741116280923;3054
1;1741116281589;5818
1;1741116281600;5819
0;1741116283493;3055
2;1741116286135;2504
0;1741116287440;3056
0;1741116289855;3057
1;1741116291788;5820
0;1741116294011;3058
1;1741116295464;5821
2;1741116296966;2505
1;1741116297149;5822
2;1741116299252;2506
2;1741116300682;2507
1;1741116301425;5823
2;1741116304236;2508
1;1741116305351;5824
0;1741116307398;3059
0;1741116308469;3060
2;1741116308881;2509
0;1741116309219;3061
1;1741116314255;5825
2;1741116318468;2510
0;1741116322564;3062
2;1741116323123;2511
1;1741116324003;5826
1;1741116324256;5827
0;1741116324806;3063
1;1741116325861;5828
0;1741116327847;3064
2;1741116328214;2512
1;1741116329783;5829
2;1741116330057;2513
2;1741116330544;2514
0;1741116334835;3065
2;1741116336701;2515
2;1741116339416;2516
1;1741116340567;5830
0;1741116344702;3066
1;1741116344929;5831
0;1741116348569;3067
0;1741116349038;3068
0;1741116350172;3069
1;1741116351280;5832
1;1741116351295;5833
0;1741116353352;3070
1;1741116354433;5834
0;1741116356501;3071
0;1741116357169;3072
2;1741116363028;2517
1;1741116366886;5835
2;1741116369783;2518
2;1741116369960;2519
2;1741116371408;2520
2;1741116372383;2521
0;1741116374033;3073
1;1741116376656;5836
0;1741116381513;3074
1;1741116383547;5837
1;1741116386656;5838
2;1741116387315;2522
0;1741116388374;3075
1;1741116389088;5839
0;1741116389948;3076
1;1741116390961;5840
0;1741116391407;3077
2;1741116393206;2523
2;1741116393479;2524
1;1741116394685;5841
2;1741116397083;2525
0;1741116403523;3078
0;1741116403570;3079
1;1741116404114;5842
2;1741116405983;2526
2;1741116406626;2527
2;1741116408557;2528
1;1741116409739;5843
2;1741116413158;2529
1;1741116413667;5844
0;1741116416158;3080
1;1741116417192;5845
1;1741116417926;5846
0;1741116418741;3081
2;1741116420198;2530
0;1741116426152;3082
2;1741116427337;2531
0;1741116428170;3083
2;1741116429221;2532
0;1741116429847;3084
1;1741116430441;5847
1;1741116431479;5848
2;1741116433206;2533
1;1741116437448;5849
0;1741116439918;3085
0;1741116440020;3086
2;1741116440617;2534
2;1741116442796;2535
1;1741116443335;5850
1;1741116446133;5851
1;1741116446143;5852
0;1741116446889;3087
2;1741116449512;2536
2;1741116449666;2537
0;1741116454152;3088
2;1741116454760;2538
1;1741116455578;5853
0;1741116455652;3089
1;1741116457258;5854
2;1741116460965;2539
0;1741116464581;3090
0;1741116464970;3091
1;1741116465771;5855
2;1741116467760;2540
0;1741116468154;3092
2;1741116468716;2541
1;1741116472151;5856
0;1741116473976;3093
1;1741116474163;5857
1;1741116475271;5858
2;1741116475890;2542
2;1741116479182;2543
2;1741116479728;2544
2;1741116487573;2545
0;1741116488898;3094
1;1741116491249;5859
1;1741116491644;5860
1;1741116494021;5861
0;1741116496611;3095
0;1741116496655;3096
0;1741116497621;3097
2;1741116499783;2546
0;1741116501357;3098
0;1741116502843;3099
0;1741116505208;3100
1;1741116510168;5862
2;1741116511058;2547
1;1741116511067;5863
2;1741116511452;2548
2;1741116514853;2549
2;1741116515077;2550
2;1741116518223;2551
1;1741116518670;5864
0;1741116518790;3101
0;1741116519074;3102
1;1741116519915;5865
1;1741116522383;5866
2;1741116522853;2552
0;1741116523152;3103
1;1741116524402;5867
0;1741116526022;3104
1;1741116529503;5868
1;1741116530638;5869
0;1741116534552;3105
0;1741116536797;3106
0;1741116536886;3107
2;1741116539159;2553
2;1741116541624;2554
1;1741116541792;5870
0;1741116543152;3108
2;1741116545651;2555
1;1741116546177;5871
2;1741116550644;2556
0;1741116553161;3109
2;1741116554244;2557
1;1741116555567;5872
1;1741116555793;5873
1;1741116557347;5874
0;1741116558635;3110
1;1741116559036;5875
2;1741116562848;2558
0;1741116564151;3111
1;1741116565385;5876
2;1741116569172;2559
1;1741116569274;5877
1;1741116572519;5878
2;1741116572529;2560
2;1741116573516;2561
0;1741116577179;3112
0;1741116578186;3113
2;1741116578285;2562
0;1741116578417;3114
2;1741116582892;2563
1;1741116583294;5879
2;1741116585322;2564
0;1741116585977;3115
0;1741116591066;3116
0;1741116591703;3117
1;1741116593489;5880
1;1741116597937;5881
0;1741116602985;3118
2;1741116604638;2565
1;1741116605218;5882
2;1741116606097;2566
2;1741116607525;2567
1;1741116607753;5883
0;1741116609050;3119
2;1741116611141;2568
1;1741116611290;5884
0;1741116613587;3120
0;1741116619605;3121
1;1741116620016;5885
2;1741116620052;2569
2;1741116621436;2570
0;1741116622420;3122
2;1741116622493;2571
0;1741116622647;3123
0;1741116623415;3124
2;1741116623508;2572
2;1741116624502;2573
1;1741116626687;5886
1;1741116627658;5887
1;1741116629624;5888
1;1741116629649;5889
0;1741116632023;3125
2;1741116635368;2574
1;1741116636948;5890
0;1741116639211;3126
2;1741116642259;2575
1;1741116642513;5891
0;1741116642847;3127
2;1741116643202;2576
0;1741116643316;3128
1;1741116644584;5892
2;1741116648902;2577
1;1741116649465;5893
2;1741116649982;2578
0;1741116655646;3129
0;1741116657124;3130
2;1741116658303;2579
0;1741116659286;3131
0;1741116666375;3132
2;1741116666590;2580
1;1741116667099;5894
1;1741116670713;5895
1;1741116671776;5896
0;1741116672281;3133
1;1741116673711;5897
1;1741116674094;5898
2;1741116674212;2581
0;1741116674406;3134
2;1741116674783;2582
1;1741116675576;5899
2;1741116683065;2583
0;1741116683554;3135
0;1741116683878;3136
0;1741116684857;3137
0;1741116686698;3138
2;1741116687320;2584
2;1741116690248;2585
2;1741116691970;2586
1;1741116696056;5900
2;1741116696639;2587
1;1741116696970;5901
1;1741116703242;5902
1;1741116703370;5903
1;1741116705425;5904
1;1741116707156;5905
0;1741116709184;3139
0;1741116709519;3140
0;1741116710793;3141
2;1741116712758;2588
0;1741116713383;3142
0;1741116717466;3143
0;1741116719813;3144
2;1741116721819;2589
0;1741116727931;3145
2;1741116728004;2590
1;1741116729021;5906
1;1741116729990;5907
2;1741116730396;2591
2;1741116733446;2592
1;1741116735513;5908
1;1741116735844;5909
2;1741116737090;2593
2;1741116737968;2594
1;1741116740030;5910
1;1741116743036;5911
2;1741116745319;2595
1;1741116745515;5912
0;1741116745944;3146
0;1741116747757;3147
2;1741116749990;2596
2;1741116750759;2597
1;1741116751939;5913
0;1741116753522;3148
0;1741116755868;3149
1;1741116758188;5914
2;1741116760435;2598
1;1741116762379;5915
2;1741116764318;2599
2;1741116768550;2600
0;1741116770973;3150
0;1741116771281;3151
2;1741116771465;2601
1;1741116772904;5916
2;1741116774065;2602
1;1741116774907;5917
2;1741116775828;2603
0;1741116776562;3152
0;1741116776703;3153
1;1741116778757;5918
1;1741116781124;5919
1;1741116783428;5920
0;1741116785300;3154
2;1741116787529;2604
0;1741116787943;3155
2;1741116788902;2605
0;1741116791513;3156
2;1741116792476;2606
2;1741116792834;2607
1;1741116793272;5921
0;1741116793290;3157
1;1741116795177;5922
2;1741116796607;2608
1;1741116797165;5923
1;1741116797705;5924
0;1741116803408;3158
0;1741116807510;3159
1;1741116808656;5925
0;1741116813186;3160
0;1741116815292;3161
0;1741116820611;3162
2;1741116821652;2609
1;1741116822160;5926
2;1741116823995;2610
2;1741116824297;2611
2;1741116825012;2612
0;1741116826908;3163
2;1741116827751;2613
0;1741116830201;3164
0;1741116830305;3165
1;1741116830518;5927
0;1741116831540;3166
2;1741116832046;2614
1;1741116832976;5928
1;1741116834038;5929
1;1741116834522;5930
1;1741116838666;5931
2;1741116839149;2615
2;1741116845058;2616
0;1741116845927;3167
2;1741116846020;2617
0;1741116846111;3168
1;1741116848030;5932
2;1741116851915;2618
1;1741116852147;5933
0;1741116852796;3169
0;1741116853113;3170
0;1741116853576;3171
1;1741116859765;5934
0;1741116862085;3172
1;1741116862647;5935
2;1741116866550;2619
0;1741116867867;3173
2;1741116868059;2620
0;1741116868148;3174
1;1741116869763;5936
1;1741116871155;5937
2;1741116876639;2621
1;1741116877533;5938
0;1741116878272;3175
1;1741116880383;5939
0;1741116885646;3176
2;1741116888082;2622
0;1741116891518;3177
2;1741116891626;2623
0;1741116893093;3178
1;1741116895527;5940
1;1741116896018;5941
2;1741116896872;2624
1;1741116897656;5942
2;1741116898724;2625
1;1741116900681;5943
0;1741116902280;3179
0;1741116903839;3180
0;1741116905557;3181
2;1741116906880;2626
2;1741116907801;2627
1;1741116909491;5944
2;1741116909745;2628
1;1741116911573;5945
2;1741116913589;2629
0;1741116917100;3182
2;1741116917472;2630
1;1741116917728;5946
0;1741116920287;3183
2;1741116921112;2631
2;1741116922308;2632
1;1741116929864;5947
1;1741116930709;5948
1;1741116931186;5949
2;1741116931285;2633
0;1741116932644;3184
1;1741116934871;5950
2;1741116935203;2634
1;1741116935287;5951
0;1741116937427;3185
1;1741116939263;5952
1;1741116940119;5953
2;1741116944867;2635
1;1741116945028;5954
0;1741116950863;3186
0;1741116953312;3187
2;1741116953657;2636
0;1741116954905;3188
0;1741116956357;3189
1;1741116961713;5955
2;1741116962483;2637
1;1741116962869;5956
0;1741116964679;3190
2;1741116964931;2638
2;1741116966093;2639
2;1741116967896;2640
1;1741116968237;5957
0;1741116968630;3191
1;1741116973617;5958
0;1741116974344;3192
2;1741116975682;2641
0;1741116975879;3193
0;1741116979763;3194
0;1741116982098;3195
2;1741116985660;2642
1;1741116986064;5959
2;1741116987036;2643
2;1741116987549;2644
2;1741116988285;2645
1;1741116991829;5960
0;1741116996186;3196
2;1741116996675;2646
1;1741116997946;5961
1;1741116998016;5962
0;1741117000353;3197
1;1741117001280;5963
2;1741117001873;2647
2;1741117002459;2648
0;1741117006810;3198
2;1741117008716;2649
0;1741117010433;3199
2;1741117010722;2650
1;1741117011736;5964
0;1741117014528;3200
0;1741117014644;3201
1;1741117021510;5965
0;1741117021844;3202
2;1741117021876;2651
1;1741117022241;5966
0;1741117023091;3203
1;1741117023818;5967
2;1741117024597;2652
0;1741117025731;3204
0;1741117025992;3205
1;1741117029575;5968
2;1741117032808;2653
2;1741117033229;2654
1;1741117033609;5969
0;1741117036000;3206
0;1741117038569;3207
1;1741117042745;5970
1;1741117043450;5971
0;1741117043749;3208
2;1741117047685;2655
2;1741117048087;2656
2;1741117048937;2657
1;1741117049008;5972
1;1741117049376;5973
0;1741117052671;3209
2;1741117056125;2658
1;1741117060270;5974
0;1741117060959;3210
0;1741117061577;3211
1;1741117062735;5975
2;1741117066591;2659
0;1741117069801;3212
1;1741117072046;5976
0;1741117073006;3213
2;1741117073094;2660
1;1741117073746;5977
0;1741117076841;3214
2;1741117078885;2661
1;1741117082356;5978
1;1741117082417;5979
0;1741117084264;3215
2;1741117086718;2662
2;1741117087497;2663
2;1741117088418;2664
0;1741117090893;3216
2;1741117092388;2665
2;1741117093096;2666
0;1741117095038;3217
0;1741117097678;3218
1;1741117098091;5980
1;1741117098387;5981
2;1741117100452;2667
2;1741117101829;2668
1;1741117102374;5982
1;1741117105039;5983
2;1741117105085;2669
0;1741117105123;3219
0;1741117105632;3220
1;1741117108436;5984
1;1741117111404;5985
1;1741117113000;5986
2;1741117113623;2670
0;1741117115482;3221
1;1741117116691;5987
0;1741117117470;3222
0;1741117121983;3223
0;1741117127692;3224
2;1741117129581;2671
1;1741117133180;5988
1;1741117133357;5989
0;1741117134680;3225
0;1741117135122;3226
2;1741117136001;2672
1;1741117138738;5990
2;1741117139672;2673
0;1741117139884;3227
2;1741117140827;2674
2;1741117143718;2675
2;1741117145579;2676
1;1741117146438;5991
1;1741117149503;5992
0;1741117150007;3228
2;1741117151004;2677
0;1741117153245;3229
2;1741117155288;2678
1;1741117157055;5993
1;1741117157063;5994
1;1741117158476;5995
0;1741117159286;3230
2;1741117163646;2679
2;1741117165285;2680
1;1741117165385;5996
1;1741117166436;5997
2;1741117169695;2681
1;1741117176334;5998
1;1741117177224;5999
2;1741117178384;2682
2;1741117180458;2683
1;1741117184459;6000
2;1741117187604;2684
1;1741117188998;6001
1;1741117192631;6002
2;1741117198908;2685
2;1741117199663;2686
1;1741117209497;6003
2;1741117215510;2687
1;1741117217006;6004
2;1741117218449;2688
2;1741117220009;2689
1;1741117220802;6005
1;1741117222622;6006
1;1741117222768;6007
2;1741117223735;2690
2;1741117224951;2691
1;1741117227006;6008
2;1741117227795;2692
1;1741117228381;6009
2;1741117235864;2693
2;1741117236172;2694
2;1741117239672;2695
2;1741117241045;2696
1;1741117246063;6010
1;1741117248199;6011
2;1741117252529;2697
1;1741117252656;6012
2;1741117253729;2698
1;1741117254662;6013
1;1741117254673;6014
1;1741117259380;6015
1;1741117264194;6016
2;1741117266204;2699
1;1741117266470;6017
2;1741117268471;2700
2;1741117270558;2701
1;1741117277148;6018
2;1741117285496;2702
2;1741117287472;2703
1;1741117292387;6019
1;1741117293246;6020
2;1741117293530;2704
1;1741117294795;6021
1;1741117298428;6022
2;1741117299938;2705
2;1741117302266;2706
2;1741117303875;2707
1;1741117307302;6023
2;1741117308476;2708
1;1741117308516;6024
2;1741117319486;2709
1;1741117321474;6025
2;1741117321696;2710
2;1741117322079;2711
1;1741117322184;6026
1;1741117327662;6027
2;1741117330297;2712
1;1741117334392;6028
2;1741117339368;2713
2;1741117340199;2714
2;1741117340616;2715
2;1741117340845;2716
1;1741117341018;6029
1;1741117342186;6030
1;1741117342812;6031
1;1741117345492;6032
2;1741117348384;2717
2;1741117348671;2718
1;1741117351259;6033
2;1741117361578;2719
1;1741117361816;6034
1;1741117363340;6035
2;1741117366156;2720
2;1741117368267;2721
1;1741117368365;6036
1;1741117369095;6037
1;1741117371137;6038
2;1741117372803;2722
1;1741117383263;6039
1;1741117383582;6040
2;1741117383631;2723
1;1741117388769;6041
2;1741117392830;2724
2;1741117397387;2725
2;1741117399377;2726
2;1741117402678;2727
1;1741117403135;6042
2;1741117403285;2728
1;1741117406013;6043
2;1741117409463;2729
1;1741117409477;6044
2;1741117411040;2730
2;1741117413190;2731
1;1741117414981;6045
1;1741117423830;6046
3;1741117425809;8
1;1741117426045;6047
1;1741117431850;6048
2;1741117436608;2732
2;1741117438370;2733
1;1741117438809;6049
1;1741117439712;6050
2;1741117439913;2734
1;1741117440894;6051
1;1741117443132;6052
2;1741117443817;2735
2;1741117447834;2736
2;1741117451540;2737
1;1741117452843;6053
2;1741117455155;2738
1;1741117455965;6054
2;1741117456165;2739
1;1741117459287;6055
2;1741117464178;2740
1;1741117464308;6056
1;1741117469277;6057
2;1741117469357;2741
2;1741117478300;2742
2;1741117481807;2743
1;1741117482696;6058
2;1741117483447;2744
1;1741117485460;6059
1;1741117488463;6060
1;1741117496429;6061
1;1741117497585;6062
2;1741117498246;2745
2;1741117499903;2746
1;1741117500052;6063
2;1741117502781;2747
2;1741117503540;2748
1;1741117514156;6064
1;1741117514722;6065
1;1741117516538;6066
2;1741117517591;2749
2;1741117525673;2750
1;1741117528595;6067
2;1741117528615;2751
2;1741117532015;2752
2;1741117533029;2753
1;1741117540509;6068
1;1741117541156;6069
2;1741117544718;2754
1;1741117547648;6070
2;1741117549424;2755
1;1741117549437;6071
1;1741117553298;6072
2;1741117554960;2756
2;1741117556789;2757
1;1741117557072;6073
2;1741117557538;2758
2;1741117557679;2759
1;1741117559904;6074
2;1741117560115;2760
1;1741117561515;6075
1;1741117562116;6076
2;1741117564431;2761
1;1741117570670;6077
1;1741117573397;6078
2;1741117573570;2762
2;1741117584713;2763
2;1741117586329;2764
1;1741117590031;6079
2;1741117590239;2765
1;1741117590477;6080
2;1741117593636;2766
2;1741117596860;2767
1;1741117599375;6081
2;1741117600637;2768
1;1741117602777;6082
2;1741117604429;2769
1;1741117605617;6083
1;1741117605633;6084
1;1741117610018;6085
2;1741117610713;2770
1;1741117615896;6086
1;1741117620943;6087
2;1741117621666;2771
2;1741117627894;2772
2;1741117630673;2773
1;1741117631742;6088
1;1741117637954;6089
2;1741117638047;2774
2;1741117638787;2775
2;1741117642103;2776
1;1741117643648;6090
1;1741117645833;6091
2;1741117647024;2777
1;1741117647138;6092
1;1741117649510;6093
2;1741117656970;2778
1;1741117658754;6094
1;1741117659547;6095
1;1741117660146;6096
2;1741117660452;2779
2;1741117673175;2780
1;1741117673266;6097
1;1741117674432;6098
2;1741117674832;2781
1;1741117677622;6099
2;1741117678347;2782
1;1741117683840;6100
2;1741117684711;2783
1;1741117686323;6101
1;1741117688964;6102
2;1741117689865;2784
2;1741117691193;2785
2;1741117697024;2786
1;1741117699531;6103
2;1741117703915;2787
2;1741117704190;2788
1;1741117705248;6104
1;1741117705938;6105
1;1741117707631;6106
2;1741117710434;2789
1;1741117714986;6107
2;1741117715274;2790
2;1741117717784;2791
2;1741117722999;2792
1;1741117723050;6108
1;1741117723437;6109
1;1741117726218;6110
2;1741117727601;2793
2;1741117728819;2794
1;1741117733415;6111
2;1741117747462;2795
1;1741117752789;6112
2;1741117754118;2796
2;1741117755146;2797
2;1741117759738;2798
1;1741117760990;6113
1;1741117761204;6114
1;1741117761815;6115
2;1741117761881;2799
1;1741117762873;6116
2;1741117764138;2800
2;1741117765312;2801
1;1741117770668;6117
2;1741117773756;2802
2;1741117774807;2803
1;1741117776226;6118
2;1741117778006;2804
1;1741117778708;6119
2;1741117792592;2805
1;1741117792666;6120
1;1741117793401;6121
1;1741117802159;6122
1;1741117803698;6123
2;1741117806409;2806
1;1741117808022;6124
1;1741117812822;6125
1;1741117813264;6126
2;1741117815647;2807
2;1741117816394;2808
2;1741117817057;2809
2;1741117818016;2810
2;1741117820572;2811
1;1741117824341;6127
1;1741117828504;6128
2;1741117828646;2812
2;1741117831786;2813
2;1741117832502;2814
1;1741117833744;6129
1;1741117834556;6130
2;1741117834864;2815
1;1741117837676;6131
2;1741117839562;2816
2;1741117844934;2817
2;1741117848414;2818
2;1741117849845;2819
1;1741117857440;6132
1;1741117861541;6133
1;1741117863189;6134
2;1741117872582;2820
1;1741117873453;6135
2;1741117875147;2821
1;1741117875291;6136
2;1741117875784;2822
2;1741117876387;2823
1;1741117878771;6137
2;1741117880111;2824
1;1741117883061;6138
1;1741117883831;6139
1;1741117888711;6140
2;1741117894478;2825
1;1741117898520;6141
1;1741117904367;6142
2;1741117907375;2826
1;1741117907661;6143
1;1741117908555;6144
1;1741117909552;6145
1;1741117910026;6146
2;1741117911687;2827
2;1741117913463;2828
2;1741117916670;2829
2;1741117918087;2830
1;1741117918432;6147
2;1741117925819;2831
1;1741117927600;6148
2;1741117928222;2832
2;1741117930198;2833
1;1741117931103;6149
2;1741117932837;2834
2;1741117938220;2835
1;1741117942926;6150
2;1741117945165;2836
1;1741117948792;6151
1;1741117951270;6152
2;1741117952221;2837
0;1741117953381;3231
1;1741117956020;6153
2;1741117958425;2838
2;1741117960547;2839
1;1741117963870;6154
0;1741117967373;3232
2;1741117968092;2840
1;1741117969946;6155
1;1741117972433;6156
0;1741117974866;3233
0;1741117976153;3234
1;1741117976742;6157
2;1741117978494;2841
1;1741117979249;6158
0;1741117980689;3235
2;1741117983972;2842
1;1741117987202;6159
1;1741117987484;6160
0;1741117987630;3236
1;1741117987807;6161
2;1741117990102;2843
2;1741117992244;2844
2;1741117995260;2845
1;1741117996696;6162
1;1741117997579;6163
2;1741117998370;2846
0;1741117998741;3237
0;1741118000861;3238
2;1741118001808;2847
2;1741118005196;2848
1;1741118005619;6164
0;1741118013214;3239
0;1741118014804;3240
2;1741118014992;2849
1;1741118015266;6165
2;1741118015947;2850
0;1741118016530;3241
2;1741118020544;2851
1;1741118021080;6166
1;1741118022036;6167
0;1741118022629;3242
0;1741118024377;3243
1;1741118026672;6168
2;1741118028176;2852
0;1741118031763;3244
1;1741118033867;6169
0;1741118033998;3245
2;1741118035390;2853
0;1741118035758;3246
2;1741118035969;2854
1;1741118036448;6170
2;1741118037497;2855
2;1741118038574;2856
0;1741118044793;3247
2;1741118046081;2857
1;1741118047962;6171
2;1741118048755;2858
0;1741118050197;3248
1;1741118050535;6172
1;1741118052129;6173
2;1741118055438;2859
1;1741118060775;6174
0;1741118062446;3249
2;1741118062868;2860
0;1741118063254;3250
1;1741118064079;6175
0;1741118064589;3251
0;1741118070424;3252
0;1741118071510;3253
1;1741118074189;6176
1;1741118074202;6177
2;1741118075034;2861
2;1741118075909;2862
1;1741118076661;6178
1;1741118077090;6179
2;1741118081324;2863
1;1741118082167;6180
1;1741118083928;6181
0;1741118089499;3254
2;1741118089544;2864
0;1741118089925;3255
0;1741118091332;3256
2;1741118092436;2865
2;1741118093184;2866
0;1741118094113;3257
0;1741118095472;3258
1;1741118106290;6182
0;1741118106527;3259
0;1741118108517;3260
1;1741118108968;6183
0;1741118109544;3261
2;1741118110374;2867
1;1741118110465;6184
2;1741118112070;2868
1;1741118112409;6185
1;1741118113060;6186
0;1741118114051;3262
0;1741118119903;3263
2;1741118126327;2869
2;1741118126891;2870
1;1741118127107;6187
0;1741118127361;3264
2;1741118128020;2871
0;1741118129872;3265
2;1741118130319;2872
2;1741118130555;2873
0;1741118131137;3266
1;1741118134500;6188
0;1741118136665;3267
1;1741118140641;6189
2;1741118141067;2874
1;1741118146789;6190
2;1741118150230;2875
2;1741118151483;2876
0;1741118151494;3268
0;1741118153263;3269
0;1741118153957;3270
1;1741118154057;6191
1;1741118154241;6192
2;1741118156404;2877
2;1741118156665;2878
0;1741118159161;3271
0;1741118159831;3272
1;1741118161046;6193
0;1741118162643;3273
2;1741118162723;2879
2;1741118163241;2880
1;1741118165203;6194
1;1741118167613;6195
1;1741118168364;6196
1;1741118168710;6197
2;1741118169760;2881
1;1741118177188;6198
0;1741118177280;3274
2;1741118182343;2882
2;1741118183264;2883
1;1741118186510;6199
2;1741118189207;2884
0;1741118190389;3275
0;1741118192378;3276
2;1741118192813;2885
1;1741118193533;6200
1;1741118196970;6201
1;1741118197115;6202
0;1741118199499;3277
2;1741118201651;2886
2;1741118202831;2887
0;1741118204250;3278
0;1741118206859;3279
1;1741118207160;6203
2;1741118208973;2888
0;1741118209833;3280
2;1741118210938;2889
1;1741118212148;6204
0;1741118213470;3281
1;1741118215455;6205
0;1741118215522;3282
2;1741118218431;2890
1;1741118220867;6206
1;1741118222807;6207
2;1741118224804;2891
2;1741118226315;2892
0;1741118228272;3283
0;1741118229467;3284
0;1741118235092;3285
0;1741118236964;3286
1;1741118237182;6208
1;1741118237706;6209
1;1741118238725;6210
2;1741118239318;2893
2;1741118239464;2894
1;1741118241788;6211
2;1741118243910;2895
0;1741118245672;3287
2;1741118246488;2896
1;1741118251643;6212
2;1741118253052;2897
1;1741118253804;6213
1;1741118255653;6214
0;1741118256799;3288
2;1741118256943;2898
0;1741118259139;3289
0;1741118259454;3290
1;1741118260057;6215
1;1741118263697;6216
2;1741118264070;2899
2;1741118264779;2900
1;1741118264876;6217
0;1741118267683;3291
0;1741118268382;3292
0;1741118268693;3293
1;1741118271422;6218
2;1741118273406;2901
1;1741118274792;6219
0;1741118276620;3294
0;1741118277067;3295
2;1741118278345;2902
2;1741118283546;2903
2;1741118288466;2904
2;1741118288515;2905
2;1741118290305;2906
1;1741118294710;6220
1;1741118295522;6221
0;1741118295529;3296
0;1741118299636;3297
0;1741118303565;3298
1;1741118306944;6222
2;1741118307501;2907
1;1741118308360;6223
0;1741118308895;3299
1;1741118310074;6224
0;1741118314325;3300
1;1741118315074;6225
1;1741118315688;6226
2;1741118318121;2908
1;1741118318509;6227
0;1741118322367;3301
2;1741118326473;2909
0;1741118326762;3302
0;1741118327807;3303
1;1741118328068;6228
2;1741118332554;2910
0;1741118333125;3304
2;1741118334583;2911
2;1741118334702;2912
0;1741118335786;3305
2;1741118337602;2913
0;1741118337943;3306
1;1741118340606;6229
1;1741118341382;6230
2;1741118342253;2914
1;1741118342860;6231
0;1741118343762;3307
1;1741118343874;6232
0;1741118344112;3308
1;1741118346107;6233
2;1741118347036;2915
2;1741118351018;2916
1;1741118352156;6234
0;1741118353179;3309
0;1741118357014;3310
2;1741118359300;2917
0;1741118360335;3311
2;1741118362396;2918
2;1741118364711;2919
1;1741118366239;6235
0;1741118367240;3312
2;1741118367648;2920
1;1741118368631;6236
0;1741118371414;3313
1;1741118374854;6237
0;1741118375012;3314
0;1741118375584;3315
1;1741118378401;6238
2;1741118379541;2921
1;1741118381882;6239
2;1741118382617;2922
1;1741118383366;6240
2;1741118388418;2923
2;1741118388599;2924
0;1741118393086;3316
2;1741118393924;2925
0;1741118395694;3317
2;1741118397231;2926
2;1741118399265;2927
1;1741118399878;6241
0;1741118402115;3318
0;1741118402595;3319
1;1741118404810;6242
2;1741118405987;2928
1;1741118406687;6243
2;1741118406839;2929
1;1741118407056;6244
2;1741118410987;2930
0;1741118411224;3320
0;1741118413438;3321
1;1741118416706;6245
1;1741118418178;6246
0;1741118418563;3322
2;1741118420860;2931
0;1741118424463;3323
0;1741118429933;3324
0;1741118431848;3325
0;1741118433554;3326
1;1741118435088;6247
2;1741118436239;2932
1;1741118437077;6248
1;1741118437679;6249
2;1741118440115;2933
0;1741118441778;3327
1;1741118442834;6250
2;1741118443144;2934
1;1741118443261;6251
2;1741118443416;2935
0;1741118443508;3328
0;1741118443817;3329
2;1741118445256;2936
1;1741118446022;6252
1;1741118449834;6253
0;1741118449952;3330
2;1741118451048;2937
1;1741118452860;6254
2;1741118456434;2938
1;1741118456855;6255
0;1741118458058;3331
1;1741118458810;6256
2;1741118462602;2939
0;1741118469480;3332
2;1741118469659;2940
0;1741118474033;3333
1;1741118474193;6257
0;1741118475998;3334
2;1741118479177;2941
2;1741118481044;2942
0;1741118482706;3335
0;1741118482959;3336
1;1741118485735;6258
0;1741118487447;3337
2;1741118488592;2943
1;1741118488666;6259
0;1741118488683;3338
2;1741118489123;2944
2;1741118489225;2945
1;1741118490937;6260
1;1741118495389;6261
1;1741118495522;6262
1;1741118495973;6263
2;1741118496547;2946
2;1741118500309;2947
2;1741118504131;2948
0;1741118505946;3339
0;1741118508067;3340
0;1741118508692;3341
0;1741118508975;3342
1;1741118511283;6264
1;1741118511319;6265
2;1741118511510;2949
1;1741118517342;6266
2;1741118518166;2950
2;1741118518809;2951
0;1741118520006;3343
1;1741118522711;6267
0;1741118523063;3344
2;1741118529087;2952
2;1741118534145;2953
0;1741118535021;3345
0;1741118535221;3346
1;1741118536803;6268
1;1741118537378;6269
0;1741118538791;3347
2;1741118539897;2954
0;1741118541070;3348
1;1741118541938;6270
1;1741118542563;6271
1;1741118542679;6272
1;1741118544029;6273
0;1741118551514;3349
0;1741118552903;3350
2;1741118553025;2955
2;1741118553410;2956
2;1741118554393;2957
0;1741118556314;3351
0;1741118561008;3352
2;1741118561438;2958
1;1741118561806;6274
2;1741118562064;2959
1;1741118562869;6275
2;1741118566577;2960
1;1741118567284;6276
0;1741118568360;3353
2;1741118575466;2961
0;1741118577262;3354
2;1741118579588;2962
1;1741118581136;6277
2;1741118583511;2963
0;1741118583736;3355
2;1741118588157;2964
0;1741118588525;3356
0;1741118589516;3357
1;1741118589990;6278
1;1741118590259;6279
1;1741118591164;6280
1;1741118591683;6281
3;1741118595808;9
2;1741118596820;2965
0;1741118597976;3358
0;1741118598541;3359
2;1741118599810;2966
1;1741118599857;6282
2;1741118600986;2967
1;1741118605030;6283
2;1741118606316;2968
2;1741118612315;2969
0;1741118614466;3360
1;1741118614477;6284
0;1741118616238;3361
2;1741118617799;2970
1;1741118621110;6285
0;1741118622292;3362
0;1741118622917;3363
2;1741118624977;2971
0;1741118625473;3364
1;1741118628701;6286
2;1741118630287;2972
1;1741118630800;6287
1;1741118631385;6288
2;1741118637244;2973
0;1741118637260;3365
0;1741118637652;3366
0;1741118637678;3367
1;1741118638431;6289
0;1741118639060;3368
2;1741118640185;2974
1;1741118643511;6290
0;1741118644036;3369
2;1741118645861;2975
1;1741118646021;6291
2;1741118652621;2976
1;1741118653511;6292
2;1741118653715;2977
2;1741118658431;2978
1;1741118660278;6293
2;1741118663570;2979
1;1741118663609;6294
0;1741118664299;3370
1;1741118666049;6295
1;1741118668451;6296
2;1741118672108;2980
1;1741118673747;6297
1;1741118674907;6298
1;1741118675026;6299
0;1741118676185;3371
0;1741118677099;3372
2;1741118678990;2981
0;1741118680333;3373
0;1741118683483;3374
1;1741118684464;6300
0;1741118685156;3375
0;1741118686549;3376
2;1741118687817;2982
2;1741118688516;2983
2;1741118689231;2984
2;1741118692811;2985
2;1741118693170;2986
1;1741118696372;6301
0;1741118698575;3377
0;1741118699985;3378
1;1741118700398;6302
0;1741118701034;3379
1;1741118701403;6303
2;1741118702028;2987
2;1741118705071;2988
1;1741118705758;6304
0;1741118705826;3380
1;1741118707599;6305
1;1741118708325;6306
2;1741118710018;2989
2;1741118713172;2990
0;1741118715859;3381
0;1741118718161;3382
1;1741118718478;6307
2;1741118724543;2991
0;1741118727036;3383
2;1741118727830;2992
1;1741118733693;6308
0;1741118733985;3384
0;1741118734254;3385
2;1741118734391;2993
1;1741118736416;6309
1;1741118736811;6310
0;1741118738426;3386
2;1741118742253;2994
0;1741118743391;3387
2;1741118744039;2995
1;1741118744060;6311
2;1741118744760;2996
1;1741118745771;6312
2;1741118747219;2997
0;1741118750091;3388
1;1741118751495;6313
2;1741118752966;2998
1;1741118753896;6314
0;1741118757106;3389
1;1741118758094;6315
0;1741118764489;3390
0;1741118766094;3391
2;1741118767945;2999
0;1741118769484;3392
1;1741118770739;6316
0;1741118771973;3393
2;1741118773006;3000
1;1741118774840;6317
2;1741118774855;3001
1;1741118775755;6318
2;1741118775867;3002
0;1741118777367;3394
0;1741118777629;3395
1;1741118778142;6319
1;1741118778910;6320
1;1741118780583;6321
2;1741118786970;3003
0;1741118787223;3396
2;1741118791077;3004
0;1741118792593;3397
0;1741118794272;3398
0;1741118794976;3399
1;1741118797218;6322
2;1741118798245;3005
1;1741118798444;6323
0;1741118800118;3400
2;1741118802795;3006
2;1741118807634;3007
1;1741118809392;6324
1;1741118809614;6325
2;1741118810250;3008
2;1741118811452;3009
0;1741118813962;3401
1;1741118815278;6326
2;1741118815714;3010
0;1741118817257;3402
0;1741118818634;3403
2;1741118819865;3011
2;1741118821820;3012
1;1741118821962;6327
0;1741118826500;3404
1;1741118833366;6328
1;1741118836488;6329
0;1741118837210;3405
2;1741118838721;3013
0;1741118840179;3406
1;1741118843112;6330
1;1741118843584;6331
2;1741118844906;3014
2;1741118847311;3015
2;1741118848710;3016
2;1741118849539;3017
1;1741118853215;6332
0;1741118854995;3407
1;1741118855394;6333
2;1741118856731;3018
0;1741118857490;3408
0;1741118858415;3409
2;1741118860195;3019
1;1741118860411;6334
1;1741118861324;6335
0;1741118866736;3410
2;1741118866851;3020
2;1741118867294;3021
0;1741118867864;3411
0;1741118870773;3412
1;1741118872674;6336
2;1741118873015;3022
1;1741118873339;6337
0;1741118873523;3413
0;1741118874534;3414
1;1741118879252;6338
1;1741118880880;6339
0;1741118885658;3415
1;1741118889069;6340
0;1741118889676;3416
1;1741118889841;6341
1;1741118892750;6342
0;1741118893542;3417
0;1741118893594;3418
2;1741118894393;3023
2;1741118895236;3024
2;1741118897225;3025
2;1741118900106;3026
1;1741118900306;6343
0;1741118903390;3419
2;1741118904115;3027
1;1741118904906;6344
0;1741118912219;3420
1;1741118913447;6345
2;1741118914199;3028
2;1741118914285;3029
1;1741118915907;6346
0;1741118915972;3421
0;1741118916172;3422
2;1741118916183;3030
1;1741118919699;6347
1;1741118921794;6348
2;1741118922147;3031
1;1741118924389;6349
0;1741118925269;3423
2;1741118925611;3032
1;1741118932476;6350
0;1741118933445;3424
0;1741118933648;3425
1;1741118937197;6351
0;1741118937334;3426
0;1741118937860;3427
2;1741118937873;3033
2;1741118938614;3034
2;1741118940173;3035
2;1741118944290;3036
0;1741118948967;3428
2;1741118949345;3037
1;1741118950261;6352
1;1741118954070;6353
0;1741118954233;3429
1;1741118954796;6354
2;1741118960894;3038
1;1741118962352;6355
0;1741118963554;3430
1;1741118964619;6356
1;1741118965371;6357
2;1741118965592;3039
2;1741118965734;3040
0;1741118967399;3431
0;1741118967435;3432
2;1741118968047;3041
1;1741118973064;6358
0;1741118973192;3433
2;1741118973200;3042
2;1741118975102;3043
0;1741118977283;3434
0;1741118981669;3435
2;1741118982150;3044
1;1741118983242;6359
1;1741118984141;6360
0;1741118991189;3436
0;1741118992869;3437
1;1741118993517;6361
2;1741118993811;3045
2;1741118994037;3046
0;1741118996789;3438
2;1741118997597;3047
0;1741119004337;3439
1;1741119005729;6362
1;1741119007636;6363
0;1741119010331;3440
2;1741119011023;3048
1;1741119012281;6364
2;1741119013793;3049
2;1741119014872;3050
2;1741119015055;3051
1;1741119015800;6365
1;1741119016231;6366
0;1741119018592;3441
2;1741119019345;3052
0;1741119021097;3442
1;1741119024423;6367
0;1741119026638;3443
0;1741119027160;3444
1;1741119028367;6368
2;1741119032740;3053
1;1741119034305;6369
0;1741119038211;3445
1;1741119039035;6370
0;1741119041912;3446
0;1741119043775;3447
1;1741119045496;6371
0;1741119046145;3448
2;1741119047644;3054
1;1741119049180;6372
2;1741119049392;3055
2;1741119051602;3056
1;1741119053175;6373
1;1741119054747;6374
1;1741119054928;6375
0;1741119055219;3449
0;1741119059316;3450
1;1741119062984;6376
0;1741119064779;3451
0;1741119066456;3452
0;1741119067119;3453
2;1741119067935;3057
2;1741119068059;3058
2;1741119068171;3059
2;1741119069030;3060
1;1741119073204;6377
2;1741119077077;3061
2;1741119077258;3062
0;1741119078378;3454
2;1741119078523;3063
0;1741119078681;3455
1;1741119079804;6378
2;1741119080872;3064
2;1741119082262;3065
1;1741119091779;6379
0;1741119093171;3456
0;1741119093981;3457
1;1741119095748;6380
0;1741119096329;3458
1;1741119096934;6381
0;1741119098292;3459
2;1741119099771;3066
1;1741119103397;6382
1;1741119104410;6383
2;1741119105736;3067
0;1741119107036;3460
2;1741119107666;3068
1;1741119108508;6384
1;1741119110952;6385
0;1741119112196;3461
1;1741119113299;6386
0;1741119116823;3462
1;1741119117603;6387
0;1741119122430;3463
1;1741119125243;6388
0;1741119126229;3464
2;1741119126385;3069
2;1741119128357;3070
0;1741119128851;3465
2;1741119131505;3071
1;1741119133254;6389
2;1741119133711;3072
0;1741119139847;3466
0;1741119139990;3467
0;1741119140296;3468
2;1741119140803;3073
2;1741119141333;3074
2;1741119141552;3075
2;1741119142644;3076
1;1741119142860;6390
1;1741119144547;6391
1;1741119147427;6392
0;1741119150641;3469
1;1741119150762;6393
0;1741119150857;3470
2;1741119160044;3077
1;1741119161452;6394
0;1741119161677;3471
1;1741119162664;6395
0;1741119164917;3472
2;1741119165155;3078
1;1741119165495;6396
0;1741119165677;3473
1;1741119166528;6397
1;1741119168973;6398
0;1741119170770;3474
2;1741119171811;3079
1;1741119171970;6399
2;1741119171994;3080
2;1741119175195;3081
0;1741119176344;3475
1;1741119179406;6400
2;1741119179845;3082
0;1741119187838;3476
2;1741119188565;3083
1;1741119190978;6401
2;1741119192187;3084
2;1741119194534;3085
1;1741119195885;6402
0;1741119195915;3477
0;1741119196774;3478
2;1741119198223;3086
0;1741119201034;3479
1;1741119201503;6403
0;1741119206651;3480
1;1741119210894;6404
2;1741119211416;3087
1;1741119216121;6405
2;1741119216181;3088
2;1741119218281;3089
1;1741119219751;6406
1;1741119222254;6407
2;1741119222476;3090
2;1741119224175;3091
2;1741119224463;3092
0;1741119224927;3481
0;1741119227367;3482
0;1741119227379;3483
2;1741119229929;3093
0;1741119231008;3484
2;1741119232785;3094
1;1741119234149;6408
0;1741119234791;3485
1;1741119234836;6409
0;1741119236203;3486
0;1741119236623;3487
2;1741119238685;3095
0;1741119241960;3488
1;1741119243958;6410
2;1741119243995;3096
1;1741119244246;6411
0;1741119252519;3489
1;1741119253490;6412
1;1741119253512;6413
0;1741119254057;3490
0;1741119255442;3491
2;1741119258268;3097
2;1741119259698;3098
1;1741119262685;6414
2;1741119265394;3099
1;1741119265516;6415
1;1741119267768;6416
2;1741119268344;3100
0;1741119271477;3492
0;1741119273290;3493
2;1741119275053;3101
1;1741119276549;6417
1;1741119276780;6418
1;1741119278366;6419
2;1741119282400;3102
0;1741119283337;3494
0;1741119283700;3495
2;1741119288673;3103
0;1741119288936;3496
2;1741119289744;3104
0;1741119289825;3497
1;1741119291576;6420
1;1741119292214;6421
2;1741119295158;3105
0;1741119296393;3498
2;1741119297356;3106
1;1741119301670;6422
0;1741119302602;3499
2;1741119303775;3107
1;1741119304620;6423
1;1741119308308;6424
0;1741119310443;3500
1;1741119314772;6425
0;1741119314800;3501
1;1741119317404;6426
2;1741119318460;3108
2;1741119319429;3109
0;1741119322758;3502
0;1741119324163;3503
1;1741119324472;6427
0;1741119325963;3504
2;1741119326418;3110
2;1741119327257;3111
0;1741119327271;3505
1;1741119329225;6428
1;1741119332457;6429
2;1741119332470;3112
2;1741119335929;3113
1;1741119337054;6430
2;1741119337245;3114
0;1741119344543;3506
1;1741119345535;6431
0;1741119345721;3507
1;1741119347223;6432
2;1741119347532;3115
0;1741119347745;3508
1;1741119349102;6433
2;1741119353259;3116
2;1741119353586;3117
0;1741119353847;3509
2;1741119359101;3118
0;1741119359357;3510
2;1741119360323;3119
1;1741119361433;6434
1;1741119362093;6435
0;1741119364768;3511
1;1741119364844;6436
0;1741119371290;3512
0;1741119371358;3513
1;1741119372767;6437
2;1741119373016;3120
1;1741119374066;6438
0;1741119374100;3514
2;1741119374464;3121
1;1741119382116;6439
0;1741119388400;3515
1;1741119388622;6440
1;1741119389419;6441
0;1741119389893;3516
2;1741119391935;3122
0;1741119392324;3517
1;1741119393683;6442
2;1741119396071;3123
2;1741119396277;3124
2;1741119397302;3125
2;1741119397616;3126
2;1741119398121;3127
1;1741119399469;6443
2;1741119403649;3128
2;1741119405018;3129
0;1741119406220;3518
0;1741119406673;3519
2;1741119407049;3130
0;1741119408987;3520
0;1741119410152;3521
0;1741119411846;3522
0;1741119413414;3523
1;1741119415323;6444
1;1741119417395;6445
1;1741119419481;6446
1;1741119419742;6447
2;1741119420504;3131
1;1741119421137;6448
2;1741119421692;3132
1;1741119422665;6449
0;1741119427342;3524
0;1741119432005;3525
1;1741119437228;6450
2;1741119438335;3133
1;1741119438818;6451
2;1741119441301;3134
2;1741119441726;3135
0;1741119444628;3526
2;1741119445813;3136
0;1741119446558;3527
1;1741119446634;6452
0;1741119449841;3528
2;1741119449979;3137
0;1741119453480;3529
0;1741119454189;3530
1;1741119456318;6453
0;1741119458050;3531
1;1741119459181;6454
1;1741119460483;6455
2;1741119463242;3138
1;1741119464216;6456
2;1741119466258;3139
2;1741119469594;3140
2;1741119473423;3141
1;1741119474380;6457
0;1741119474615;3532
0;1741119478276;3533
1;1741119479389;6458
2;1741119481948;3142
0;1741119482872;3534
1;1741119483342;6459
2;1741119483778;3143
0;1741119485140;3535
2;1741119485367;3144
0;1741119488263;3536
0;1741119490817;3537
1;1741119491097;6460
2;1741119492684;3145
2;1741119494269;3146
0;1741119495708;3538
2;1741119497386;3147
1;1741119497780;6461
2;1741119498805;3148
0;1741119504893;3539
1;1741119505181;6462
1;1741119505814;6463
1;1741119505872;6464
0;1741119506282;3540
2;1741119508114;3149
1;1741119508561;6465
0;1741119510016;3541
1;1741119511439;6466
2;1741119515786;3150
2;1741119520767;3151
0;1741119523731;3542
0;1741119526063;3543
0;1741119527208;3544
2;1741119528422;3152
0;1741119528842;3545
1;1741119529695;6467
2;1741119531788;3153
1;1741119533462;6468
2;1741119536023;3154
2;1741119537910;3155
0;1741119539347;3546
1;1741119539414;6469
2;1741119542023;3156
1;1741119542098;6470
1;1741119543654;6471
1;1741119544528;6472
1;1741119548791;6473
2;1741119549097;3157
2;1741119552396;3158
0;1741119556841;3547
0;1741119559090;3548
0;1741119559295;3549
0;1741119560243;3550
2;1741119561036;3159
0;1741119561177;3551
0;1741119562771;3552
1;1741119569983;6474
2;1741119575885;3160
1;1741119578148;6475
0;1741119580019;3553
1;1741119581160;6476
2;1741119581603;3161
2;1741119582369;3162
1;1741119582604;6477
2;1741119584277;3163
0;1741119585073;3554
1;1741119585512;6478
1;1741119588791;6479
0;1741119591538;3555
0;1741119591764;3556
0;1741119594262;3557
2;1741119594297;3164
1;1741119594372;6480
1;1741119594490;6481
1;1741119596403;6482
2;1741119597560;3165
1;1741119601612;6483
0;1741119601649;3558
2;1741119602246;3166
1;1741119604150;6484
2;1741119604887;3167
1;1741119605213;6485
2;1741119605234;3168
2;1741119605546;3169
0;1741119610063;3559
0;1741119611043;3560
1;1741119611052;6486
2;1741119613695;3170
0;1741119613852;3561
0;1741119615132;3562
1;1741119615159;6487
1;1741119618937;6488
2;1741119619129;3171
0;1741119625370;3563
0;1741119627550;3564
2;1741119631165;3172
2;1741119632619;3173
2;1741119632958;3174
2;1741119636618;3175
1;1741119638379;6489
1;1741119638414;6490
0;1741119641464;3565
0;1741119644330;3566
1;1741119645527;6491
0;1741119648727;3567
2;1741119648919;3176
2;1741119649843;3177
0;1741119652991;3568
1;1741119653112;6492
1;1741119655051;6493
2;1741119655523;3178
2;1741119659027;3179
0;1741119661990;3569
1;1741119662120;6494
2;1741119664585;3180
0;1741119665299;3570
0;1741119666982;3571
1;1741119667449;6495
1;1741119675681;6496
1;1741119676532;6497
0;1741119677717;3572
1;1741119677997;6498
1;1741119678127;6499
2;1741119679100;3181
2;1741119684689;3182
0;1741119685415;3573
1;1741119685823;6500
2;1741119686160;3183
0;1741119689472;3574
0;1741119691500;3575
2;1741119693596;3184
0;1741119693662;3576
1;1741119694344;6501
2;1741119695180;3185
1;1741119695398;6502
0;1741119695597;3577
2;1741119696319;3186
0;1741119696895;3578
2;1741119697104;3187
0;1741119697439;3579
2;1741119697480;3188
1;1741119699543;6503
1;1741119699561;6504
0;1741119703510;3580
1;1741119707040;6505
2;1741119708436;3189
0;1741119709853;3581
1;1741119711732;6506
0;1741119716590;3582
1;1741119717024;6507
2;1741119726222;3190
1;1741119727250;6508
2;1741119731554;3191
2;1741119732657;3192
0;1741119735136;3583
2;1741119736948;3193
0;1741119740020;3584
2;1741119740092;3194
0;1741119740143;3585
1;1741119740558;6509
1;1741119742033;6510
2;1741119742904;3195
1;1741119743065;6511
0;1741119743417;3586
2;1741119747666;3196
0;1741119749237;3587
2;1741119751280;3197
0;1741119751767;3588
1;1741119753492;6512
1;1741119753750;6513
0;1741119755152;3589
0;1741119755656;3590
1;1741119755972;6514
0;1741119756309;3591
0;1741119756791;3592
0;1741119763653;3593
2;1741119766417;3198
1;1741119769295;6515
2;1741119770319;3199
2;1741119774427;3200
1;1741119775698;6516
2;1741119777068;3201
1;1741119777104;6517
1;1741119777129;6518
2;1741119777214;3202
1;1741119777628;6519
0;1741119780760;3594
1;1741119782890;6520
1;1741119783590;6521
2;1741119785156;3203
0;1741119785432;3595
1;1741119786235;6522
0;1741119787784;3596
0;1741119788719;3597
2;1741119791603;3204
2;1741119792351;3205
2;1741119794867;3206
0;1741119797147;3598
0;1741119797753;3599
2;1741119801391;3207
2;1741119801858;3208
2;1741119805183;3209
1;1741119806967;6523
0;1741119807311;3600
1;1741119808316;6524
2;1741119811782;3210
0;1741119818369;3601
2;1741119819027;3211
1;1741119819990;6525
1;1741119820306;6526
2;1741119820430;3212
0;1741119820650;3602
0;1741119822665;3603
2;1741119825842;3213
1;1741119826314;6527
1;1741119828077;6528
0;1741119831828;3604
0;1741119833726;3605
1;1741119836691;6529
1;1741119837272;6530
0;1741119837962;3606
2;1741119839553;3214
0;1741119841149;3607
2;1741119844635;3215
0;1741119845140;3608
1;1741119848701;6531
0;1741119853401;3609
2;1741119853420;3216
2;1741119853428;3217
2;1741119853573;3218
1;1741119856103;6532
0;1741119857003;3610
1;1741119857807;6533
1;1741119858002;6534
0;1741119860712;3611
1;1741119862976;6535
1;1741119863903;6536
0;1741119865513;3612
1;1741119867870;6537
0;1741119872665;3613
2;1741119875430;3219
2;1741119875530;3220
0;1741119875543;3614
2;1741119877378;3221
2;1741119877399;3222
2;1741119879221;3223
2;1741119880874;3224
0;1741119880947;3615
1;1741119882095;6538
1;1741119882271;6539
2;1741119883760;3225
1;1741119887600;6540
0;1741119888416;3616
0;1741119889151;3617
0;1741119895061;3618
2;1741119896298;3226
1;1741119896892;6541
2;1741119898986;3227
2;1741119899690;3228
1;1741119901062;6542
0;1741119905078;3619
1;1741119908907;6543
1;1741119910359;6544
1;1741119910775;6545
2;1741119911216;3229
0;1741119911945;3620
1;1741119912988;6546
2;1741119916987;3230
0;1741119917142;3621
2;1741119918891;3231
1;1741119919561;6547
0;1741119921185;3622
2;1741119925298;3232
1;1741119927759;6548
2;1741119927888;3233
0;1741119930550;3623
0;1741119930672;3624
1;1741119931824;6549
2;1741119939531;3234
0;1741119939861;3625
2;1741119940973;3235
0;1741119942239;3626
1;1741119942807;6550
1;1741119943081;6551
1;1741119943870;6552
0;1741119944486;3627
0;1741119948241;3628
0;1741119950393;3629
2;1741119951416;3236
1;1741119952926;6553
2;1741119953520;3237
0;1741119956080;3630
2;1741119957355;3238
0;1741119961898;3631
1;1741119963007;6554
0;1741119963436;3632
2;1741119965620;3239
0;1741119966322;3633
1;1741119968068;6555
0;1741119972195;3634
1;1741119974195;6556
1;1741119978129;6557
2;1741119980757;3240
2;1741119981324;3241
2;1741119982852;3242
1;1741119983428;6558
1;1741119983646;6559
2;1741119984892;3243
0;1741119985145;3635
0;1741119988262;3636
1;1741119988520;6560
0;1741119989047;3637
2;1741119989242;3244
0;1741119990500;3638
2;1741119992861;3245
1;1741119993283;6561
1;1741119996640;6562
2;1741119997215;3246
1;1741120001903;6563
2;1741120003074;3247
1;1741120009525;6564
2;1741120011324;3248
2;1741120013065;3249
1;1741120013419;6565
0;1741120014155;3639
0;1741120016376;3640
1;1741120019159;6566
2;1741120019955;3250
0;1741120020765;3641
2;1741120020774;3251
0;1741120020925;3642
1;1741120021846;6567
1;1741120026953;6568
1;1741120030481;6569
2;1741120033657;3252
0;1741120034385;3643
2;1741120036267;3253
2;1741120036807;3254
1;1741120037095;6570
0;1741120037802;3644
0;1741120038223;3645
2;1741120038388;3255
1;1741120038824;6571
1;1741120039069;6572
0;1741120042479;3646
0;1741120042948;3647
1;1741120044357;6573
0;1741120044635;3648
0;1741120054269;3649
1;1741120056096;6574
2;1741120057555;3256
0;1741120058518;3650
0;1741120059324;3651
2;1741120062911;3257
2;1741120062981;3258
2;1741120063937;3259
2;1741120065856;3260
1;1741120068194;6575
2;1741120075279;3261
1;1741120075403;6576
2;1741120076789;3262
2;1741120078374;3263
1;1741120078617;6577
0;1741120078833;3652
0;1741120079393;3653
1;1741120082240;6578
2;1741120084613;3264
0;1741120086132;3654
0;1741120087616;3655
1;1741120089170;6579
0;1741120091106;3656
1;1741120091854;6580
1;1741120094349;6581
2;1741120094866;3265
2;1741120096966;3266
1;1741120098735;6582
0;1741120098860;3657
2;1741120099565;3267
1;1741120100341;6583
0;1741120101345;3658
1;1741120106502;6584
2;1741120109569;3268
0;1741120110167;3659
2;1741120111254;3269
0;1741120113881;3660
0;1741120116315;3661
2;1741120117445;3270
2;1741120120198;3271
0;1741120120244;3662
1;1741120122037;6585
0;1741120123718;3663
1;1741120125101;6586
1;1741120129982;6587
0;1741120130255;3664
0;1741120130305;3665
2;1741120132096;3272
1;1741120134358;6588
2;1741120136094;3273
0;1741120136274;3666
1;1741120136478;6589
2;1741120145427;3274
0;1741120146664;3667
1;1741120148078;6590
2;1741120148924;3275
1;1741120150360;6591
2;1741120151612;3276
1;1741120152503;6592
1;1741120153601;6593
2;1741120154187;3277
0;1741120154502;3668
2;1741120156515;3278
1;1741120158450;6594
0;1741120159706;3669
1;1741120159755;6595
2;1741120163822;3279
0;1741120166922;3670
0;1741120167151;3671
1;1741120167543;6596
0;1741120167626;3672
2;1741120169673;3280
2;1741120173019;3281
1;1741120174514;6597
2;1741120177657;3282
0;1741120178283;3673
0;1741120178493;3674
0;1741120179863;3675
2;1741120181888;3283
1;1741120181925;6598
2;1741120182121;3284
1;1741120183241;6599
1;1741120187015;6600
0;1741120187692;3676
0;1741120188369;3677
1;1741120188684;6601
0;1741120190163;3678
1;1741120192436;6602
2;1741120194115;3285
2;1741120196498;3286
0;1741120196567;3679
0;1741120197523;3680
0;1741120199189;3681
2;1741120201763;3287
2;1741120202490;3288
1;1741120204690;6603
1;1741120205502;6604
1;1741120210399;6605
2;1741120212015;3289
1;1741120212887;6606
2;1741120217377;3290
0;1741120217537;3682
1;1741120217858;6607
0;1741120219566;3683
1;1741120219900;6608
1;1741120225956;6609
2;1741120227688;3291
1;1741120231828;6610
2;1741120232872;3292
0;1741120233054;3684
0;1741120233124;3685
0;1741120233945;3686
2;1741120238586;3293
0;1741120243448;3687
0;1741120243629;3688
2;1741120244162;3294
1;1741120245557;6611
0;1741120246265;3689
2;1741120246944;3295
2;1741120247280;3296
2;1741120247931;3297
1;1741120253087;6612
1;1741120253286;6613
0;1741120254189;3690
0;1741120255371;3691
2;1741120263697;3298
0;1741120265617;3692
2;1741120266851;3299
1;1741120267758;6614
1;1741120269733;6615
2;1741120272781;3300
1;1741120274099;6616
0;1741120275637;3693
0;1741120277305;3694
0;1741120280082;3695
0;1741120280302;3696
1;1741120280545;6617
2;1741120281346;3301
2;1741120282662;3302
2;1741120284243;3303
0;1741120286253;3697
2;1741120286394;3304
1;1741120287617;6618
0;1741120290132;3698
1;1741120291258;6619
1;1741120295412;6620
1;1741120296407;6621
2;1741120298258;3305
1;1741120302202;6622
2;1741120307284;3306
0;1741120308838;3699
1;1741120310517;6623
1;1741120310783;6624
1;1741120312559;6625
0;1741120313151;3700
2;1741120313998;3307
0;1741120314338;3701
1;1741120314800;6626
1;1741120317196;6627
2;1741120317536;3308
2;1741120317790;3309
0;1741120318815;3702
1;1741120320570;6628
2;1741120321715;3310
2;1741120321816;3311
1;1741120323167;6629
2;1741120325701;3312
2;1741120326395;3313
0;1741120327219;3703
1;1741120331435;6630
0;1741120332015;3704
1;1741120335391;6631
0;1741120337368;3705
0;1741120340837;3706
0;1741120340905;3707
2;1741120341786;3314
2;1741120343697;3315
2;1741120344339;3316
1;1741120346851;6632
0;1741120347970;3708
0;1741120348660;3709
2;1741120350328;3317
2;1741120351623;3318
1;1741120352356;6633
0;1741120355237;3710
0;1741120358031;3711
0;1741120362900;3712
1;1741120365376;6634
2;1741120366647;3319
0;1741120369574;3713
2;1741120371838;3320
2;1741120372449;3321
0;1741120374171;3714
1;1741120374738;6635
2;1741120375557;3322
1;1741120379268;6636
1;1741120380676;6637
2;1741120381147;3323
2;1741120381174;3324
1;1741120383033;6638
0;1741120384335;3715
2;1741120385678;3325
1;1741120387374;6639
1;1741120387656;6640
2;1741120388177;3326
1;1741120393105;6641
0;1741120395551;3716
2;1741120396073;3327
1;1741120396636;6642
0;1741120398391;3717
2;1741120399064;3328
1;1741120401183;6643
2;1741120401763;3329
2;1741120407413;3330
1;1741120407483;6644
1;1741120410285;6645
0;1741120410693;3718
0;1741120414658;3719
0;1741120415056;3720
0;1741120417216;3721
0;1741120421433;3722
2;1741120421744;3331
1;1741120422187;6646
1;1741120422204;6647
1;1741120423823;6648
0;1741120425362;3723
1;1741120426425;6649
2;1741120428511;3332
0;1741120429330;3724
1;1741120429459;6650
2;1741120431683;3333
0;1741120432436;3725
1;1741120433560;6651
0;1741120438270;3726
0;1741120438523;3727
1;1741120441856;6652
0;1741120442928;3728
0;1741120444591;3729
2;1741120445305;3334
2;1741120447753;3335
2;1741120448480;3336
0;1741120451505;3730
1;1741120452858;6653
2;1741120453094;3337
2;1741120454579;3338
2;1741120456979;3339
2;1741120458012;3340
1;1741120459423;6654
1;1741120462635;6655
0;1741120462886;3731
2;1741120465363;3341
1;1741120468870;6656
1;1741120472613;6657
1;1741120472666;6658
0;1741120473214;3732
0;1741120474055;3733
0;1741120474193;3734
0;1741120478809;3735
1;1741120484070;6659
2;1741120484248;3342
1;1741120486785;6660
1;1741120488212;6661
0;1741120489636;3736
0;1741120489750;3737
0;1741120490254;3738
2;1741120490833;3343
0;1741120490854;3739
2;1741120492201;3344
2;1741120494424;3345
1;1741120502793;6662
0;1741120504049;3740
2;1741120504059;3346
2;1741120505261;3347
1;1741120505744;6663
2;1741120508055;3348
1;1741120513398;6664
2;1741120514961;3349
0;1741120517767;3741
0;1741120520155;3742
1;1741120520331;6665
1;1741120521505;6666
2;1741120524342;3350
2;1741120524950;3351
2;1741120525305;3352
0;1741120527114;3743
2;1741120530217;3353
1;1741120530881;6667
2;1741120532228;3354
1;1741120532480;6668
2;1741120532491;3355
1;1741120537677;6669
0;1741120539481;3744
1;1741120540084;6670
0;1741120540198;3745
0;1741120540482;3746
0;1741120542067;3747
0;1741120542962;3748
0;1741120543566;3749
1;1741120546018;6671
1;1741120549215;6672
1;1741120549982;6673
1;1741120549996;6674
2;1741120555053;3356
1;1741120556024;6675
0;1741120557883;3750
2;1741120557946;3357
1;1741120558996;6676
2;1741120560279;3358
2;1741120560320;3359
2;1741120566372;3360
0;1741120568274;3751
0;1741120571665;3752
2;1741120573016;3361
0;1741120579471;3753
0;1741120580228;3754
1;1741120580915;6677
1;1741120581434;6678
2;1741120581444;3362
1;1741120581948;6679
1;1741120583224;6680
0;1741120584999;3755
2;1741120587262;3363
0;1741120587691;3756
1;1741120587935;6681
2;1741120588286;3364
0;1741120589626;3757
2;1741120590447;3365
1;1741120596142;6682
0;1741120596796;3758
1;1741120602821;6683
0;1741120603061;3759
0;1741120605596;3760
1;1741120606455;6684
2;1741120607605;3366
2;1741120609332;3367
1;1741120610349;6685
0;1741120611008;3761
2;1741120613263;3368
0;1741120614142;3762
1;1741120614180;6686
0;1741120615667;3763
0;1741120616180;3764
2;1741120618090;3369
2;1741120618112;3370
2;1741120621393;3371
2;1741120622107;3372
0;1741120625177;3765
1;1741120625491;6687
1;1741120625828;6688
1;1741120626362;6689
2;1741120626381;3373
2;1741120629274;3374
0;1741120635813;3766
1;1741120636952;6690
2;1741120638240;3375
0;1741120643696;3767
0;1741120650078;3768
1;1741120650548;6691
0;1741120653699;3769
2;1741120658221;3376
1;1741120659128;6692
2;1741120659934;3377
2;1741120660279;3378
1;1741120661270;6693
2;1741120661512;3379
1;1741120662926;6694
0;1741120663671;3770
0;1741120664157;3771
1;1741120665641;6695
1;1741120667042;6696
0;1741120668785;3772
2;1741120671762;3380
1;1741120671854;6697
2;1741120675203;3381
1;1741120675368;6698
1;1741120675704;6699
1;1741120677745;6700
1;1741120678260;6701
2;1741120680788;3382
0;1741120681226;3773
2;1741120682033;3383
0;1741120682243;3774
0;1741120682917;3775
0;1741120684719;3776
2;1741120686418;3384
1;1741120689506;6702
0;1741120691810;3777
2;1741120694335;3385
0;1741120698626;3778
0;1741120699945;3779
2;1741120702033;3386
2;1741120702139;3387
2;1741120706872;3388
0;1741120707774;3780
1;1741120708648;6703
1;1741120708715;6704
0;1741120709015;3781
2;1741120709150;3389
1;1741120712104;6705
2;1741120714535;3390
0;1741120718480;3782
0;1741120719003;3783
1;1741120722418;6706
1;1741120722494;6707
2;1741120724562;3391
2;1741120728288;3392
2;1741120728326;3393
1;1741120729154;6708
0;1741120730818;3784
0;1741120731978;3785
1;1741120736168;6709
0;1741120736750;3786
1;1741120738068;6710
2;1741120739485;3394
1;1741120741465;6711
2;1741120742692;3395
0;1741120744914;3787
1;1741120745818;6712
2;1741120747151;3396
0;1741120749436;3788
1;1741120749500;6713
0;1741120749973;3789
0;1741120752715;3790
1;1741120754991;6714
2;1741120759451;3397
0;1741120759830;3791
1;1741120761939;6715
1;1741120763467;6716
2;1741120763542;3398
2;1741120764703;3399
0;1741120768745;3792
2;1741120769023;3400
1;1741120770977;6717
0;1741120771727;3793
1;1741120773059;6718
0;1741120773417;3794
2;1741120775048;3401
2;1741120779832;3402
1;1741120781961;6719
1;1741120782010;6720
2;1741120784123;3403
0;1741120786114;3795
2;1741120788482;3404
0;1741120788817;3796
0;1741120788909;3797
0;1741120790187;3798
1;1741120792666;6721
2;1741120792909;3405
1;1741120797642;6722
2;1741120799224;3406
2;1741120799997;3407
0;1741120805199;3799
1;1741120805978;6723
2;1741120806257;3408
1;1741120809151;6724
0;1741120809751;3800
2;1741120810764;3409
2;1741120812064;3410
1;1741120812938;6725
0;1741120814508;3801
0;1741120820497;3802
1;1741120821069;6726
0;1741120821618;3803
1;1741120822323;6727
0;1741120823209;3804
0;1741120831872;3805
1;1741120832820;6728
1;1741120832998;6729
2;1741120833210;3411
1;1741120833569;6730
1;1741120835473;6731
0;1741120837704;3806
2;1741120837804;3412
2;1741120838989;3413
0;1741120840832;3807
2;1741120842183;3414
0;1741120843208;3808
2;1741120844951;3415
0;1741120848802;3809
2;1741120849172;3416
1;1741120849562;6732
0;1741120850584;3810
1;1741120855171;6733
0;1741120856475;3811
1;1741120857148;6734
2;1741120860509;3417
2;1741120861931;3418
1;1741120862165;6735
2;1741120862184;3419
2;1741120863157;3420
1;1741120865845;6736
0;1741120866757;3812
1;1741120867368;6737
1;1741120867383;6738
0;1741120870095;3813
2;1741120870297;3421
0;1741120872085;3814
0;1741120873581;3815
2;1741120876143;3422
2;1741120878309;3423
1;1741120878614;6739
1;1741120880306;6740
2;1741120880639;3424
0;1741120883736;3816
0;1741120887961;3817
0;1741120893798;3818
1;1741120895132;6741
2;1741120896137;3425
2;1741120899811;3426
2;1741120900301;3427
1;1741120901816;6742
1;1741120902431;6743
0;1741120903201;3819
0;1741120908798;3820
1;1741120909680;6744
2;1741120911116;3428
1;1741120911505;6745
1;1741120912200;6746
2;1741120914559;3429
2;1741120916165;3430
0;1741120917860;3821
0;1741120921915;3822
2;1741120922761;3431
0;1741120923275;3823
1;1741120924871;6747
0;1741120927823;3824
1;1741120928989;6748
1;1741120929561;6749
2;1741120932240;3432
1;1741120933569;6750
0;1741120935228;3825
0;1741120935242;3826
2;1741120935256;3433
2;1741120935610;3434
1;1741120937253;6751
0;1741120937363;3827
1;1741120938997;6752
0;1741120940711;3828
2;1741120940938;3435
0;1741120945461;3829
1;1741120953645;6753
2;1741120955239;3436
2;1741120955412;3437
1;1741120960341;6754
0;1741120962134;3830
2;1741120963804;3438
2;1741120965049;3439
2;1741120965973;3440
0;1741120966868;3831
0;1741120967002;3832
1;1741120967597;6755
0;1741120967605;3833
2;1741120971608;3441
0;1741120972931;3834
2;1741120973370;3442
1;1741120975195;6756
1;1741120978329;6757
2;1741120979069;3443
1;1741120982767;6758
1;1741120984995;6759
1;1741120986567;6760
0;1741120988356;3835
1;1741120988641;6761
0;1741120992209;3836
1;1741120992615;6762
2;1741120996727;3444
0;1741120997492;3837
2;1741120999407;3445
0;1741121001053;3838
0;1741121002103;3839
0;1741121002488;3840
2;1741121003672;3446
0;1741121004853;3841
2;1741121006262;3447
1;1741121008161;6763
2;1741121008656;3448
1;1741121013043;6764
2;1741121013564;3449
1;1741121013799;6765
0;1741121014272;3842
1;1741121015142;6766
2;1741121016298;3450
1;1741121021810;6767
1;1741121025043;6768
1;1741121030340;6769
2;1741121030602;3451
2;1741121032657;3452
1;1741121038449;6770
1;1741121040269;6771
2;1741121044432;3453
1;1741121045917;6772
2;1741121046817;3454
1;1741121050147;6773
2;1741121052480;3455
2;1741121055239;3456
2;1741121055558;3457
1;1741121062988;6774
2;1741121064163;3458
2;1741121064495;3459
1;1741121066745;6775
1;1741121078205;6776
2;1741121078790;3460
2;1741121080795;3461
2;1741121082356;3462
1;1741121083556;6777
1;1741121083844;6778
2;1741121085633;3463
2;1741121086364;3464
1;1741121086426;6779
2;1741121090080;3465
2;1741121093157;3466
1;1741121097135;6780
1;1741121099155;6781
1;1741121099451;6782
1;1741121099822;6783
1;1741121102788;6784
1;1741121103911;6785
2;1741121108704;3467
1;1741121111940;6786
2;1741121114107;3468
2;1741121116515;3469
2;1741121122668;3470
2;1741121127710;3471
0;1741121128528;3843
1;1741121129349;6787
2;1741121130489;3472
1;1741121131145;6788
1;1741121132932;6789
1;1741121133334;6790
1;1741121134739;6791
2;1741121138335;3473
0;1741121143746;3844
1;1741121144986;6792
1;1741121146781;6793
0;1741121147276;3845
2;1741121148269;3474
0;1741121149557;3846
2;1741121150417;3475
2;1741121150957;3476
2;1741121154420;3477
0;1741121155150;3847
2;1741121161661;3478
1;1741121161909;6794
0;1741121163150;3848
1;1741121163770;6795
0;1741121164277;3849
2;1741121164703;3479
1;1741121167356;6796
0;1741121169314;3850
1;1741121169422;6797
0;1741121176487;3851
2;1741121177241;3480
2;1741121177820;3481
1;1741121178326;6798
1;1741121179185;6799
2;1741121180082;3482
0;1741121182828;3852
1;1741121183065;6800
0;1741121183316;3853
2;1741121183779;3483
0;1741121193179;3854
0;1741121194995;3855
1;1741121195814;6801
2;1741121197649;3484
2;1741121197773;3485
2;1741121198674;3486
1;1741121198722;6802
0;1741121199995;3856
0;1741121200570;3857
1;1741121201357;6803
0;1741121202417;3858
0;1741121202594;3859
1;1741121205723;6804
2;1741121207045;3487
2;1741121207998;3488
1;1741121214650;6805
0;1741121218302;3860
1;1741121218709;6806
2;1741121218870;3489
1;1741121220731;6807
2;1741121221037;3490
0;1741121221533;3861
2;1741121223515;3491
2;1741121227297;3492
0;1741121231574;3862
0;1741121234432;3863
0;1741121236638;3864
1;1741121237649;6808
2;1741121239180;3493
0;1741121241275;3865
1;1741121242028;6809
2;1741121242494;3494
1;1741121244484;6810
2;1741121244708;3495
2;1741121244845;3496
0;1741121245739;3866
2;1741121245858;3497
0;1741121246632;3867
1;1741121250756;6811
1;1741121254935;6812
0;1741121257137;3868
2;1741121260762;3498
1;1741121261045;6813
2;1741121263504;3499
1;1741121263561;6814
1;1741121264194;6815
0;1741121264782;3869
2;1741121265225;3500
0;1741121265336;3870
0;1741121265401;3871
1;1741121267074;6816
1;1741121268681;6817
2;1741121275023;3501
2;1741121276186;3502
0;1741121277138;3872
1;1741121278865;6818
2;1741121279060;3503
1;1741121282693;6819
0;1741121282860;3873
1;1741121283203;6820
2;1741121283755;3504
0;1741121285158;3874
0;1741121289471;3875
1;1741121290429;6821
2;1741121290668;3505
0;1741121291261;3876
1;1741121295642;6822
2;1741121296767;3506
0;1741121301391;3877
1;1741121307365;6823
0;1741121308169;3878
2;1741121308353;3507
0;1741121312000;3879
0;1741121312891;3880
1;1741121313345;6824
0;1741121314311;3881
1;1741121316115;6825
2;1741121316868;3508
2;1741121316912;3509
2;1741121316997;3510
1;1741121318633;6826
2;1741121320514;3511
1;1741121324055;6827
2;1741121325110;3512
0;1741121326694;3882
2;1741121327847;3513
0;1741121330193;3883
1;1741121330401;6828
1;1741121333650;6829
0;1741121334232;3884
1;1741121340817;6830
0;1741121342553;3885
1;1741121343181;6831
0;1741121343405;3886
1;1741121343861;6832
1;1741121344459;6833
2;1741121344834;3514
2;1741121346366;3515
2;1741121353512;3516
2;1741121356981;3517
2;1741121358153;3518
0;1741121359689;3887
0;1741121363018;3888
1;1741121365524;6834
1;1741121366396;6835
0;1741121370084;3889
2;1741121370863;3519
1;1741121371717;6836
2;1741121372693;3520
1;1741121373765;6837
0;1741121374044;3890
2;1741121377157;3521
1;1741121381483;6838
0;1741121382027;3891
2;1741121383153;3522
1;1741121383522;6839
0;1741121383730;3892
0;1741121384911;3893
1;1741121386126;6840
1;1741121386253;6841
1;1741121388445;6842
0;1741121388984;3894
0;1741121389436;3895
2;1741121389503;3523
0;1741121393085;3896
0;1741121393656;3897
2;1741121394283;3524
0;1741121396111;3898
2;1741121396531;3525
1;1741121404047;6843
2;1741121406036;3526
2;1741121406853;3527
2;1741121409960;3528
0;1741121410969;3899
1;1741121413733;6844
1;1741121414234;6845
1;1741121415240;6846
0;1741121418353;3900
0;1741121421845;3901
0;1741121425153;3902
0;1741121425982;3903
2;1741121426868;3529
2;1741121429184;3530
1;1741121430809;6847
1;1741121431057;6848
2;1741121431437;3531
1;1741121433914;6849
2;1741121434893;3532
2;1741121438294;3533
0;1741121438614;3904
1;1741121438948;6850
0;1741121439475;3905
2;1741121440084;3534
0;1741121440251;3906
1;1741121441196;6851
1;1741121443786;6852
2;1741121444041;3535
0;1741121446341;3907
2;1741121448809;3536
0;1741121449087;3908
1;1741121449557;6853
2;1741121453758;3537
2;1741121455929;3538
2;1741121457725;3539
1;1741121457808;6854
1;1741121460115;6855
2;1741121460365;3540
0;1741121465699;3909
0;1741121466469;3910
1;1741121469126;6856
0;1741121470158;3911
1;1741121471581;6857
1;1741121472179;6858
0;1741121473747;3912
1;1741121475841;6859
2;1741121481391;3541
1;1741121484761;6860
2;1741121486746;3542
2;1741121486904;3543
0;1741121488076;3913
0;1741121488511;3914
2;1741121493089;3544
0;1741121494522;3915
2;1741121495373;3545
1;1741121496562;6861
0;1741121496917;3916
0;1741121500362;3917
2;1741121505545;3546
1;1741121507741;6862
2;1741121507958;3547
1;1741121508418;6863
2;1741121509030;3548
2;1741121511149;3549
1;1741121512346;6864
2;1741121513121;3550
0;1741121514800;3918
0;1741121516385;3919
0;1741121519928;3920
1;1741121519991;6865
1;1741121521235;6866
1;1741121521248;6867
2;1741121523399;3551
0;1741121523725;3921
1;1741121525535;6868
2;1741121526155;3552
1;1741121528772;6869
2;1741121528910;3553
0;1741121531555;3922
0;1741121535091;3923
0;1741121535875;3924
2;1741121537240;3554
1;1741121540792;6870
0;1741121546973;3925
2;1741121548020;3555
0;1741121548723;3926
2;1741121548775;3556
1;1741121549190;6871
0;1741121550547;3927
1;1741121551104;6872
1;1741121553556;6873
2;1741121555084;3557
0;1741121556538;3928
0;1741121557855;3929
0;1741121563001;3930
0;1741121563160;3931
2;1741121565176;3558
1;1741121568481;6874
1;1741121568579;6875
1;1741121569402;6876
2;1741121570218;3559
2;1741121572830;3560
2;1741121577122;3561
2;1741121577831;3562
0;1741121577880;3932
0;1741121578820;3933
1;1741121582378;6877
2;1741121583178;3563
1;1741121584225;6878
1;1741121584947;6879
0;1741121585240;3934
2;1741121586577;3564
0;1741121586637;3935
1;1741121588742;6880
0;1741121589357;3936
1;1741121591475;6881
0;1741121592413;3937
2;1741121593347;3565
2;1741121602745;3566
0;1741121604217;3938
2;1741121604553;3567
2;1741121604969;3568
1;1741121606227;6882
2;1741121606725;3569
0;1741121606930;3939
1;1741121608334;6883
0;1741121610388;3940
2;1741121611271;3570
1;1741121613009;6884
1;1741121615456;6885
1;1741121620350;6886
0;1741121623944;3941
0;1741121624753;3942
0;1741121627660;3943
0;1741121629233;3944
1;1741121630129;6887
2;1741121632375;3571
0;1741121634189;3945
2;1741121634331;3572
1;1741121637276;6888
1;1741121637471;6889
0;1741121639335;3946
2;1741121639850;3573
1;1741121641102;6890
2;1741121641376;3574
1;1741121645880;6891
2;1741121646155;3575
2;1741121648019;3576
2;1741121648840;3577
1;1741121649547;6892
1;1741121653385;6893
1;1741121655898;6894
1;1741121656608;6895
0;1741121660296;3947
2;1741121660695;3578
2;1741121661785;3579
2;1741121662445;3580
0;1741121663120;3948
1;1741121663419;6896
1;1741121667291;6897
2;1741121668190;3581
1;1741121668538;6898
0;1741121673173;3949
2;1741121676295;3582
0;1741121676683;3950
0;1741121678049;3951
1;1741121678995;6899
0;1741121682311;3952
0;1741121682976;3953
0;1741121683884;3954
1;1741121684149;6900
2;1741121685887;3583
0;1741121687381;3955
2;1741121692244;3584
2;1741121696152;3585
0;1741121696437;3956
1;1741121696811;6901
2;1741121699786;3586
2;1741121702647;3587
1;1741121703046;6902
2;1741121703291;3588
2;1741121703870;3589
1;1741121705191;6903
1;1741121708646;6904
0;1741121708662;3957
0;1741121710889;3958
0;1741121716586;3959
1;1741121717945;6905
0;1741121718849;3960
0;1741121719494;3961
2;1741121720443;3590
1;1741121720960;6906
0;1741121721247;3962
1;1741121721622;6907
2;1741121727958;3591
1;1741121729730;6908
2;1741121730341;3592
2;1741121735537;3593
2;1741121735899;3594
1;1741121737550;6909
2;1741121738618;3595
1;1741121740864;6910
2;1741121745505;3596
1;1741121746940;6911
1;1741121748887;6912
1;1741121752887;6913
1;1741121753040;6914
1;1741121753427;6915
2;1741121758047;3597
1;1741121758334;6916
2;1741121760796;3598
2;1741121761451;3599
2;1741121765966;3600
1;1741121776859;6917
2;1741121783074;3601
2;1741121783084;3602
2;1741121788257;3603
1;1741121789202;6918
1;1741121789306;6919
2;1741121790186;3604
1;1741121791301;6920
1;1741121791664;6921
2;1741121791904;3605
2;1741121792414;3606
2;1741121794133;3607
1;1741121798353;6922
1;1741121798760;6923
1;1741121803210;6924
2;1741121806236;3608
2;1741121806287;3609
1;1741121808137;6925
1;1741121809153;6926
1;1741121815380;6927
1;1741121819128;6928
2;1741121822781;3610
1;1741121824623;6929
2;1741121830164;3611
1;1741121835920;6930
2;1741121836603;3612
2;1741121837709;3613
2;1741121841829;3614
1;1741121844222;6931
1;1741121845945;6932
2;1741121846891;3615
1;1741121847697;6933
2;1741121857067;3616
2;1741121857765;3617
1;1741121858771;6934
2;1741121859845;3618
1;1741121859892;6935
2;1741121865031;3619
2;1741121866818;3620
1;1741121872537;6936
2;1741121877444;3621
2;1741121878657;3622
1;1741121879299;6937
1;1741121879388;6938
2;1741121886820;3623
1;1741121888578;6939
1;1741121891844;6940
2;1741121893946;3624
2;1741121894331;3625
1;1741121901418;6941
1;1741121906138;6942
1;1741121909711;6943
1;1741121910945;6944
2;1741121911767;3626
2;1741121912741;3627
1;1741121913282;6945
2;1741121915292;3628
1;1741121915483;6946
2;1741121915744;3629
2;1741121919452;3630
1;1741121920792;6947
2;1741121922873;3631
2;1741121926420;3632
1;1741121931816;6948
2;1741121933977;3633
1;1741121934490;6949
1;1741121934972;6950
2;1741121936258;3634
2;1741121940235;3635
1;1741121942262;6951
1;1741121949287;6952
1;1741121949815;6953
2;1741121952121;3636
2;1741121952768;3637
1;1741121953592;6954
1;1741121958196;6955
2;1741121959801;3638
2;1741121960250;3639
2;1741121966798;3640
1;1741121969879;6956
1;1741121972992;6957
2;1741121977519;3641
2;1741121978285;3642
2;1741121980350;3643
2;1741121982719;3644
1;1741121982925;6958
1;1741121983223;6959
1;1741121991377;6960
1;1741121992448;6961
1;1741122000723;6962
2;1741122002675;3645
2;1741122003369;3646
2;1741122006204;3647
1;1741122007222;6963
2;1741122007871;3648
2;1741122013585;3649
1;1741122013810;6964
1;1741122018148;6965
1;1741122018981;6966
1;1741122020648;6967
2;1741122020757;3650
2;1741122029710;3651
2;1741122034119;3652
1;1741122035540;6968
2;1741122038174;3653
1;1741122038623;6969
1;1741122039736;6970
2;1741122040026;3654
2;1741122041133;3655
2;1741122041302;3656
1;1741122044203;6971
1;1741122044619;6972
1;1741122048375;6973
2;1741122050975;3657
2;1741122059660;3658
1;1741122059832;6974
1;1741122062573;6975
2;1741122066444;3659
2;1741122066652;3660
2;1741122067507;3661
1;1741122067740;6976
1;1741122069204;6977
2;1741122075145;3662
2;1741122079144;3663
1;1741122087568;6978
1;1741122090229;6979
1;1741122091137;6980
1;1741122094279;6981
2;1741122094857;3664
1;1741122096168;6982
1;1741122096916;6983
2;1741122097395;3665
1;1741122099468;6984
2;1741122100610;3666
2;1741122101297;3667
2;1741122102998;3668
1;1741122105461;6985
1;1741122106655;6986
1;1741122108670;6987
2;1741122113772;3669
2;1741122118259;3670
2;1741122125672;3671
2;1741122127696;3672
2;1741122134898;3673
2;1741122139543;3674
1;1741122139761;6988
2;1741122141673;3675
1;1741122142555;6989
1;1741122145946;6990
2;1741122146682;3676
1;1741122147803;6991
1;1741122147974;6992
2;1741122148059;3677
1;1741122149999;6993
1;1741122151391;6994
2;1741122154465;3678
1;1741122155380;6995
1;1741122165436;6996
1;1741122169814;6997
1;1741122170821;6998
2;1741122170911;3679
2;1741122177247;3680
2;1741122181407;3681
2;1741122186085;3682
2;1741122186703;3683
1;1741122187116;6999
2;1741122189924;3684
1;1741122193590;7000
2;1741122195552;3685
1;1741122195594;7001
1;1741122200017;7002
1;1741122206178;7003
2;1741122207160;3686
1;1741122209614;7004
2;1741122210621;3687
1;1741122212829;7005
1;1741122213143;7006
1;1741122213418;7007
2;1741122216311;3688
1;1741122217126;7008
2;1741122217222;3689
2;1741122221359;3690
2;1741122221725;3691
2;1741122222899;3692
2;1741122237184;3693
1;1741122238864;7009
1;1741122239669;7010
2;1741122240772;3694
2;1741122242201;3695
2;1741122245690;3696
1;1741122246811;7011
2;1741122249504;3697
2;1741122252661;3698
1;1741122253821;7012
1;1741122255535;7013
1;1741122257563;7014
2;1741122259211;3699
2;1741122264721;3700
1;1741122265287;7015
1;1741122266229;7016
1;1741122278112;7017
1;1741122278884;7018
2;1741122283090;3701
2;1741122284284;3702
1;1741122284940;7019
1;1741122285733;7020
2;1741122286452;3703
1;1741122286475;7021
2;1741122288756;3704
2;1741122289683;3705
1;1741122299318;7022
2;1741122299615;3706
1;1741122301475;7023
2;1741122302463;3707
2;1741122305479;3708
2;1741122308940;3709
1;1741122309874;7024
1;1741122310329;7025
1;1741122312967;7026
2;1741122314817;3710
2;1741122324599;3711
1;1741122325631;7027
1;1741122328113;7028
1;1741122339318;7029
1;1741122340329;7030
1;1741122340518;7031
2;1741122340668;3712
1;1741122341196;7032
1;1741122347104;7033
2;1741122347210;3713
2;1741122347648;3714
2;1741122347905;3715
1;1741122349037;7034
2;1741122349988;3716
2;1741122352503;3717
2;1741122356847;3718
1;1741122357201;7035
2;1741122359155;3719
2;1741122363027;3720
1;1741122369318;7036
2;1741122372947;3721
2;1741122373379;3722
1;1741122374004;7037
1;1741122379748;7038
1;1741122385806;7039
2;1741122387772;3723
1;1741122391160;7040
1;1741122391195;7041
2;1741122397134;3724
1;1741122399924;7042
1;1741122400639;7043
2;1741122400920;3725
1;1741122401031;7044
2;1741122401798;3726
1;1741122406359;7045
1;1741122406698;7046
2;1741122408577;3727
1;1741122411701;7047
2;1741122412590;3728
2;1741122414640;3729
2;1741122417955;3730
2;1741122419048;3731
2;1741122428432;3732
1;1741122429314;7048
1;1741122429823;7049
2;1741122432026;3733
1;1741122439703;7050
2;1741122440805;3734
1;1741122441806;7051
2;1741122444740;3735
2;1741122446084;3736
1;1741122447395;7052
1;1741122447566;7053
2;1741122450274;3737
2;1741122456170;3738
1;1741122458381;7054
1;1741122459459;7055
1;1741122465920;7056
2;1741122466138;3739
2;1741122467177;3740
2;1741122467355;3741
1;1741122475744;7057
2;1741122477560;3742
1;1741122479615;7058
1;1741122482169;7059
2;1741122483159;3743
2;1741122484928;3744
1;1741122485049;7060
1;1741122490796;7061
2;1741122493039;3745
1;1741122493632;7062
1;1741122500132;7063
2;1741122502904;3746
2;1741122506744;3747
1;1741122507981;7064
1;1741122509760;7065
2;1741122511821;3748
2;1741122519503;3749
2;1741122520083;3750
1;1741122520105;7066
1;1741122520832;7067
1;1741122524618;7068
2;1741122524814;3751
2;1741122524925;3752
2;1741122526842;3753
1;1741122527258;7069
1;1741122531337;7070
2;1741122536372;3754
1;1741122539048;7071
2;1741122544562;3755
1;1741122547865;7072
2;1741122554474;3756
2;1741122557037;3757
1;1741122557488;7073
2;1741122560071;3758
1;1741122562462;7074
2;1741122565102;3759
2;1741122567562;3760
1;1741122570920;7075
1;1741122571766;7076
2;1741122572663;3761
2;1741122582108;3762
1;1741122582463;7077
2;1741122584679;3763
1;1741122585275;7078
1;1741122585369;7079
2;1741122589190;3764
2;1741122591365;3765
1;1741122591790;7080
1;1741122597408;7081
1;1741122598282;7082
2;1741122603547;3766
1;1741122604324;7083
2;1741122605211;3767
2;1741122605371;3768
1;1741122607477;7084
1;1741122608570;7085
2;1741122610865;3769
1;1741122613277;7086
1;1741122619713;7087
1;1741122623436;7088
2;1741122623578;3770
2;1741122628113;3771
2;1741122630443;3772
1;1741122631084;7089
1;1741122633467;7090
2;1741122637840;3773
1;1741122638631;7091
1;1741122640768;7092
2;1741122642655;3774
2;1741122642957;3775
1;1741122644032;7093
2;1741122644150;3776
2;1741122650839;3777
2;1741122652104;3778
2;1741122656044;3779
1;1741122658387;7094
2;1741122658570;3780
1;1741122668007;7095
2;1741122668799;3781
1;1741122669859;7096
1;1741122672193;7097
1;1741122673906;7098
1;1741122675049;7099
1;1741122677857;7100
1;1741122681909;7101
2;1741122682176;3782
2;1741122682796;3783
2;1741122684039;3784
1;1741122697643;7102
2;1741122700873;3785
2;1741122702244;3786
2;1741122702657;3787
1;1741122709308;7103
2;1741122710929;3788
1;1741122713427;7104
2;1741122713932;3789
1;1741122714400;7105
2;1741122716195;3790
1;1741122719313;7106
2;1741122726652;3791
2;1741122728989;3792
1;1741122729831;7107
1;1741122734888;7108
2;1741122736330;3793
1;1741122736994;7109
1;1741122743732;7110
1;1741122745573;7111
1;1741122746775;7112
2;1741122747307;3794
2;1741122751552;3795
2;1741122752679;3796
2;1741122752888;3797
1;1741122757837;7113
1;1741122758220;7114
1;1741122760889;7115
2;1741122760983;3798
2;1741122762827;3799
1;1741122767566;7116
1;1741122767848;7117
2;1741122770452;3800
2;1741122772919;3801
2;1741122776315;3802
2;1741122777808;3803
1;1741122779925;7118
2;1741122782750;3804
2;1741122784057;3805
1;1741122785601;7119
1;1741122792229;7120
2;1741122797953;3806
1;1741122804827;7121
1;1741122805194;7122
1;1741122805716;7123
1;1741122808277;7124
2;1741122813276;3807
1;1741122813959;7125
1;1741122814343;7126
2;1741122815031;3808
2;1741122821653;3809
1;1741122821882;7127
2;1741122822710;3810
2;1741122823372;3811
2;1741122824128;3812
2;1741122827697;3813
1;1741122827745;7128
1;1741122831394;7129
1;1741122832857;7130
1;1741122834955;7131
2;1741122837200;3814
1;1741122838357;7132
2;1741122842056;3815
2;1741122851528;3816
2;1741122855154;3817
2;1741122858118;3818
1;1741122863587;7133
1;1741122864433;7134
1;1741122866528;7135
2;1741122869765;3819
1;1741122872202;7136
2;1741122872737;3820
2;1741122875940;3821
1;1741122876296;7137
2;1741122876306;3822
2;1741122879140;3823
1;1741122881299;7138
1;1741122886416;7139
2;1741122886664;3824
1;1741122888051;7140
1;1741122891208;7141
2;1741122906749;3825
2;1741122909601;3826
2;1741122910892;3827
2;1741122912036;3828
1;1741122912471;7142
2;1741122912959;3829
1;1741122918085;7143
1;1741122920332;7144
1;1741122920541;7145
1;1741122922999;7146
2;1741122923060;3830
2;1741122924110;3831
1;1741122928091;7147
2;1741122930579;3832
1;1741122932549;7148
2;1741122933537;3833
1;1741122936191;7149
2;1741122942409;3834
2;1741122942838;3835
2;1741122943002;3836
1;1741122943990;7150
1;1741122946013;7151
1;1741122949410;7152
2;1741122956553;3837
2;1741122956625;3838
2;1741122957806;3839
1;1741122959959;7153
1;1741122963558;7154
2;1741122969052;3840
1;1741122969582;7155
1;1741122971840;7156
1;1741122972275;7157
2;1741122978625;3841
2;1741122980744;3842
1;1741122982541;7158
2;1741122982909;3843
1;1741122987812;7159
2;1741122989167;3844
2;1741122992727;3845
1;1741122993065;7160
1;1741122997357;7161
1;1741122998732;7162
1;1741122998927;7163
2;1741123005970;3846
2;1741123006293;3847
1;1741123008308;7164
2;1741123010239;3848
2;1741123013499;3849
2;1741123017460;3850
1;1741123021571;7165
1;1741123021923;7166
2;1741123021975;3851
2;1741123029287;3852
2;1741123030986;3853
1;1741123033090;7167
2;1741123033521;3854
1;1741123034203;7168
1;1741123043095;7169
1;1741123043204;7170
1;1741123045429;7171
2;1741123046376;3855
1;1741123049277;7172
1;1741123049627;7173
2;1741123050691;3856
2;1741123056938;3857
1;1741123061080;7174
1;1741123063463;7175
2;1741123063764;3858
2;1741123064567;3859
1;1741123067847;7176
1;1741123068564;7177
2;1741123068869;3860
2;1741123071561;3861
1;1741123075018;7178
2;1741123076041;3862
2;1741123078630;3863
1;1741123082603;7179
2;1741123085767;3864
2;1741123088592;3865
2;1741123093141;3866
1;1741123094305;7180
1;1741123095399;7181
1;1741123097676;7182
1;1741123099064;7183
1;1741123099083;7184
2;1741123104411;3867
2;1741123112552;3868
1;1741123114321;7185
1;1741123116868;7186
2;1741123118780;3869
2;1741123121934;3870
2;1741123122572;3871
1;1741123124078;7187
2;1741123131558;3872
1;1741123132581;7188
1;1741123134138;7189
1;1741123135167;7190
2;1741123137414;3873
2;1741123143113;3874
1;1741123144318;7191
2;1741123149273;3875
2;1741123149764;3876
1;1741123152120;7192
2;1741123155941;3877
1;1741123158329;7193
1;1741123160574;7194
1;1741123161740;7195
1;1741123161823;7196
2;1741123167058;3878
2;1741123169122;3879
2;1741123169388;3880
2;1741123169738;3881
2;1741123171279;3882
1;1741123175085;7197
2;1741123177625;3883
2;1741123177795;3884
1;1741123179468;7198
1;1741123184556;7199
2;1741123187491;3885
2;1741123187739;3886
1;1741123188254;7200
1;1741123189349;7201
2;1741123195575;3887
1;1741123197849;7202
1;1741123199021;7203
1;1741123203439;7204
2;1741123211178;3888
2;1741123215815;3889
1;1741123218379;7205
2;1741123218815;3890
2;1741123220425;3891
2;1741123224405;3892
1;1741123227768;7206
1;1741123231032;7207
1;1741123232356;7208
1;1741123233082;7209
1;1741123238056;7210
2;1741123238432;3893
2;1741123241830;3894
1;1741123249269;7211
2;1741123250736;3895
1;1741123252130;7212
2;1741123254999;3896
1;1741123255960;7213
1;1741123257219;7214
2;1741123259035;3897
1;1741123259835;7215
2;1741123260828;3898
2;1741123261377;3899
2;1741123262706;3900
1;1741123263538;7216
1;1741123263657;7217
1;1741123266412;7218
2;1741123272090;3901
1;1741123274180;7219
2;1741123274467;3902
1;1741123275212;7220
2;1741123277613;3903
2;1741123279717;3904
1;1741123285089;7221
2;1741123287458;3905
2;1741123297110;3906
2;1741123298650;3907
1;1741123302067;7222
2;1741123307825;3908
1;1741123308719;7223
2;1741123311621;3909
1;1741123312170;7224
2;1741123314300;3910
1;1741123319016;7225
1;1741123322777;7226
2;1741123322838;3911
1;1741123323911;7227
1;1741123324207;7228
2;1741123324371;3912
1;1741123332896;7229
2;1741123333725;3913
2;1741123338400;3914
2;1741123339141;3915
1;1741123345829;7230
2;1741123346013;3916
1;1741123347064;7231
2;1741123349553;3917
1;1741123351794;7232
1;1741123351860;7233
1;1741123358330;7234
2;1741123361673;3918
1;1741123364638;7235
2;1741123365354;3919
2;1741123365837;3920
1;1741123366262;7236
1;1741123373480;7237
1;1741123374016;7238
2;1741123375504;3921
2;1741123383172;3922
1;1741123384614;7239
2;1741123386937;3923
2;1741123390544;3924
1;1741123391685;7240
2;1741123393060;3925
1;1741123393649;7241
1;1741123398400;7242
1;1741123398701;7243
2;1741123400888;3926
2;1741123410362;3927
1;1741123413355;7244
2;1741123414557;3928
2;1741123417746;3929
1;1741123418342;7245
2;1741123421226;3930
2;1741123421984;3931
1;1741123422976;7246
2;1741123424269;3932
1;1741123426872;7247
1;1741123432353;7248
2;1741123440692;3933
1;1741123441746;7249
1;1741123445114;7250
2;1741123445570;3934
1;1741123446996;7251
2;1741123450539;3935
2;1741123451248;3936
0;1741123453820;3963
2;1741123454220;3937
2;1741123455733;3938
0;1741123459263;3964
1;1741123459632;7252
2;1741123460048;3939
1;1741123460167;7253
1;1741123462932;7254
0;1741123463662;3965
1;1741123465074;7255
0;1741123465304;3966
2;1741123465548;3940
1;1741123466993;7256
2;1741123468756;3941
1;1741123469299;7257
0;1741123470383;3967
0;1741123472200;3968
2;1741123475009;3942
2;1741123476368;3943
0;1741123479890;3969
2;1741123480463;3944
1;1741123480974;7258
1;1741123482706;7259
2;1741123482972;3945
1;1741123483768;7260
1;1741123485084;7261
1;1741123488290;7262
0;1741123489994;3970
0;1741123493983;3971
0;1741123494047;3972
2;1741123494832;3946
0;1741123498213;3973
1;1741123498838;7263
2;1741123498914;3947
1;1741123500003;7264
0;1741123502869;3974
0;1741123505389;3975
1;1741123507787;7265
2;1741123514580;3948
2;1741123514590;3949
2;1741123514690;3950
1;1741123514719;7266
0;1741123516534;3976
1;1741123517621;7267
2;1741123519041;3951
2;1741123521506;3952
2;1741123523329;3953
0;1741123526163;3977
1;1741123526625;7268
0;1741123528212;3978
2;1741123529002;3954
0;1741123530333;3979
1;1741123530659;7269
1;1741123534367;7270
2;1741123540164;3955
1;1741123540594;7271
0;1741123541964;3980
2;1741123546027;3956
1;1741123548655;7272
0;1741123549893;3981
0;1741123550299;3982
1;1741123552324;7273
1;1741123553285;7274
2;1741123553317;3957
2;1741123553446;3958
1;1741123555651;7275
2;1741123556116;3959
0;1741123561302;3983
0;1741123564436;3984
0;1741123565371;3985
0;1741123567522;3986
0;1741123575392;3987
1;1741123575548;7276
2;1741123575946;3960
2;1741123577493;3961
0;1741123579015;3988
2;1741123580853;3962
0;1741123583771;3989
2;1741123586757;3963
1;1741123586815;7277
2;1741123587241;3964
1;1741123588546;7278
1;1741123588874;7279
1;1741123589206;7280
0;1741123590123;3990
1;1741123593308;7281
1;1741123595078;7282
2;1741123596515;3965
0;1741123597178;3991
0;1741123597889;3992
1;1741123598783;7283
1;1741123600792;7284
0;1741123602400;3993
2;1741123605770;3966
2;1741123606160;3967
0;1741123606965;3994
0;1741123607179;3995
2;1741123608214;3968
0;1741123609411;3996
2;1741123610234;3969
2;1741123612141;3970
1;1741123613304;7285
2;1741123613912;3971
1;1741123616514;7286
1;1741123618967;7287
1;1741123620349;7288
2;1741123622368;3972
0;1741123622665;3997
2;1741123626466;3973
0;1741123630079;3998
1;1741123630123;7289
0;1741123630366;3999
1;1741123640859;7290
0;1741123641686;4000
2;1741123643542;3974
2;1741123646119;3975
0;1741123646407;4001
2;1741123647130;3976
1;1741123649743;7291
2;1741123649967;3977
1;1741123650525;7292
0;1741123650885;4002
0;1741123652457;4003
1;1741123655084;7293
0;1741123657528;4004
1;1741123663065;7294
0;1741123663453;4005
2;1741123663649;3978
2;1741123664761;3979
0;1741123665366;4006
1;1741123666036;7295
1;1741123666129;7296
2;1741123666879;3980
0;1741123667126;4007
1;1741123671138;7297
0;1741123673887;4008
2;1741123675080;3981
0;1741123675704;4009
2;1741123677382;3982
2;1741123678267;3983
1;1741123681297;7298
0;1741123682160;4010
1;1741123683176;7299
2;1741123684726;3984
1;1741123688188;7300
2;1741123694597;3985
1;1741123694866;7301
1;1741123695335;7302
1;1741123695725;7303
0;1741123698240;4011
0;1741123698532;4012
0;1741123702045;4013
0;1741123705007;4014
1;1741123706341;7304
2;1741123709003;3986
2;1741123711761;3987
2;1741123713631;3988
1;1741123716021;7305
0;1741123717577;4015
2;1741123718515;3989
1;1741123720526;7306
0;1741123721544;4016
2;1741123723153;3990
0;1741123723253;4017
2;1741123723631;3991
0;1741123727822;4018
2;1741123727874;3992
2;1741123729256;3993
0;1741123732569;4019
0;1741123734101;4020
1;1741123734242;7307
2;1741123735527;3994
1;1741123736252;7308
0;1741123736283;4021
1;1741123740260;7309
1;1741123740609;7310
2;1741123741899;3995
1;1741123745855;7311
1;1741123747148;7312
1;1741123749240;7313
2;1741123752457;3996
0;1741123753995;4022
2;1741123754092;3997
2;1741123760372;3998
0;1741123760632;4023
0;1741123763440;4024
0;1741123764574;4025
2;1741123764584;3999
2;1741123767759;4000
1;1741123768623;7314
1;1741123768813;7315
1;1741123769465;7316
2;1741123770991;4001
1;1741123773351;7317
0;1741123776562;4026
1;1741123778530;7318
0;1741123780841;4027
1;1741123780915;7319
0;1741123781744;4028
2;1741123782214;4002
2;1741123782357;4003
2;1741123782607;4004
1;1741123783623;7320
1;1741123785203;7321
0;1741123787931;4029
0;1741123788710;4030
1;1741123788901;7322
0;1741123791876;4031
2;1741123793174;4005
1;1741123798351;7323
2;1741123798572;4006
0;1741123799520;4032
2;1741123800199;4007
2;1741123800315;4008
0;1741123803392;4033
2;1741123804434;4009
0;1741123804751;4034
2;1741123806856;4010
1;1741123809041;7324
1;1741123809987;7325
1;1741123819070;7326
1;1741123822192;7327
1;1741123824956;7328
0;1741123826615;4035
0;1741123827409;4036
0;1741123829723;4037
2;1741123830367;4011
2;1741123830647;4012
2;1741123831770;4013
1;1741123831823;7329
1;1741123832072;7330
0;1741123832520;4038
0;1741123833190;4039
2;1741123835331;4014
0;1741123839221;4040
0;1741123841911;4041
2;1741123845111;4015
0;1741123846446;4042
0;1741123846854;4043
0;1741123847529;4044
2;1741123849468;4016
2;1741123850260;4017
1;1741123853392;7331
2;1741123855747;4018
1;1741123858730;7332
1;1741123859827;7333
2;1741123861022;4019
0;1741123862271;4045
1;1741123864889;7334
1;1741123865302;7335
1;1741123872405;7336
0;1741123872599;4046
1;1741123874193;7337
2;1741123875306;4020
2;1741123875775;4021
0;1741123877882;4047
0;1741123880074;4048
1;1741123880133;7338
0;1741123880681;4049
2;1741123881222;4022
2;1741123883918;4023
2;1741123884015;4024
1;1741123885005;7339
1;1741123885845;7340
2;1741123888369;4025
2;1741123889593;4026
1;1741123896138;7341
1;1741123897972;7342
2;1741123898635;4027
0;1741123899296;4050
0;1741123902191;4051
0;1741123902779;4052
1;1741123906261;7343
0;1741123907289;4053
1;1741123907543;7344
0;1741123909276;4054
1;1741123909947;7345
0;1741123909999;4055
2;1741123914623;4028
2;1741123915673;4029
1;1741123916014;7346
1;1741123917475;7347
2;1741123920733;4030
2;1741123920965;4031
0;1741123923692;4056
0;1741123925414;4057
0;1741123926552;4058
2;1741123929048;4032
2;1741123932029;4033
1;1741123933481;7348
0;1741123935020;4059
1;1741123935415;7349
1;1741123938024;7350
1;1741123939778;7351
2;1741123944185;4034
2;1741123947365;4035
0;1741123948236;4060
1;1741123948643;7352
0;1741123948655;4061
0;1741123948727;4062
0;1741123949804;4063
1;1741123950988;7353
0;1741123952962;4064
1;1741123953613;7354
2;1741123953862;4036
1;1741123955279;7355
2;1741123955361;4037
0;1741123957186;4065
1;1741123959428;7356
2;1741123963720;4038
2;1741123964429;4039
0;1741123964790;4066
0;1741123966142;4067
1;1741123975248;7357
0;1741123975256;4068
2;1741123976512;4040
1;1741123978263;7358
2;1741123978432;4041
0;1741123978781;4069
0;1741123983402;4070
1;1741123985290;7359
2;1741123987021;4042
0;1741123990543;4071
1;1741123991478;7360
2;1741123991593;4043
2;1741123991607;4044
2;1741123994351;4045
2;1741123999268;4046
1;1741124000012;7361
2;1741124000970;4047
2;1741124001847;4048
1;1741124002045;7362
1;1741124003282;7363
0;1741124007894;4072
0;1741124008174;4073
1;1741124008719;7364
0;1741124014919;4074
0;1741124020391;4075
1;1741124020519;7365
1;1741124022831;7366
0;1741124025238;4076
2;1741124025446;4049
1;1741124025465;7367
0;1741124026342;4077
0;1741124026388;4078
2;1741124028759;4050
2;1741124033175;4051
1;1741124034784;7368
0;1741124035499;4079
2;1741124036800;4052
2;1741124037494;4053
0;1741124038371;4080
2;1741124040434;4054
2;1741124040492;4055
1;1741124042586;7369
1;1741124043965;7370
0;1741124047470;4081
0;1741124050318;4082
1;1741124052131;7371
2;1741124053240;4056
1;1741124053694;7372
1;1741124053940;7373
1;1741124055845;7374
2;1741124056438;4057
0;1741124056908;4083
0;1741124058591;4084
2;1741124059132;4058
2;1741124062376;4059
0;1741124063346;4085
1;1741124063560;7375
1;1741124065043;7376
2;1741124065713;4060
2;1741124067435;4061
1;1741124067786;7377
1;1741124068694;7378
0;1741124073786;4086
1;1741124074302;7379
2;1741124074604;4062
2;1741124076196;4063
1;1741124076437;7380
0;1741124078732;4087
2;1741124081491;4064
0;1741124083476;4088
0;1741124087471;4089
0;1741124088029;4090
0;1741124088312;4091
0;1741124088496;4092
0;1741124089160;4093
2;1741124090141;4065
1;1741124091257;7381
2;1741124101455;4066
1;1741124102930;7382
0;1741124103191;4094
2;1741124106157;4067
1;1741124109154;7383
1;1741124109776;7384
2;1741124109964;4068
2;1741124114337;4069
1;1741124115685;7385
1;1741124115957;7386
1;1741124120062;7387
0;1741124122364;4095
0;1741124122443;4096
2;1741124123097;4070
0;1741124123785;4097
2;1741124124051;4071
2;1741124127697;4072
0;1741124128778;4098
0;1741124129274;4099
2;1741124129696;4073
1;1741124130191;7388
1;1741124133955;7389
2;1741124136951;4074
1;1741124138422;7390
0;1741124139388;4100
0;1741124139837;4101
1;1741124140432;7391
2;1741124141794;4075
2;1741124142915;4076
1;1741124145231;7392
0;1741124145544;4102
0;1741124152728;4103
0;1741124155017;4104
1;1741124157076;7393
2;1741124158775;4077
2;1741124159888;4078
1;1741124163644;7394
1;1741124166425;7395
2;1741124166567;4079
2;1741124168188;4080
0;1741124169511;4105
2;1741124170230;4081
1;1741124171035;7396
0;1741124172773;4106
2;1741124173033;4082
0;1741124174184;4107
0;1741124176278;4108
2;1741124177377;4083
1;1741124177515;7397
0;1741124177846;4109
2;1741124178090;4084
1;1741124185021;7398
0;1741124185610;4110
1;1741124188006;7399
1;1741124188048;7400
1;1741124188778;7401
1;1741124189379;7402
1;1741124191415;7403
2;1741124194543;4085
0;1741124196561;4111
2;1741124198029;4086
0;1741124200047;4112
1;1741124203995;7404
0;1741124204939;4113
0;1741124204969;4114
0;1741124205234;4115
1;1741124205597;7405
1;1741124208089;7406
2;1741124210889;4087
2;1741124213458;4088
1;1741124213476;7407
0;1741124214143;4116
2;1741124215083;4089
2;1741124217638;4090
2;1741124220442;4091
2;1741124223118;4092
2;1741124225427;4093
2;1741124225739;4094
1;1741124226044;7408
2;1741124234934;4095
1;1741124235037;7409
1;1741124238728;7410
2;1741124244854;4096
1;1741124248015;7411
1;1741124249658;7412
2;1741124259349;4097
2;1741124259924;4098
2;1741124264392;4099
1;1741124268704;7413
1;1741124268790;7414
1;1741124269856;7415
1;1741124271563;7416
2;1741124271976;4100
1;1741124273936;7417
1;1741124274044;7418
2;1741124277201;4101
2;1741124277768;4102
1;1741124281266;7419
1;1741124281577;7420
1;1741124282758;7421
2;1741124284473;4103
2;1741124289132;4104
2;1741124294956;4105
2;1741124301905;4106
2;1741124302629;4107
2;1741124305040;4108
1;1741124308631;7422
1;1741124308967;7423
1;1741124314471;7424
2;1741124314490;4109
1;1741124318860;7425
2;1741124320399;4110
2;1741124322750;4111
1;1741124323901;7426
2;1741124324011;4112
2;1741124324915;4113
1;1741124327302;7427
1;1741124328370;7428
2;1741124331407;4114
1;1741124335818;7429
1;1741124339469;7430
2;1741124344344;4115
2;1741124346155;4116
1;1741124350918;7431
1;1741124351930;7432
1;1741124351975;7433
1;1741124363622;7434
2;1741124364206;4117
2;1741124364525;4118
1;1741124365455;7435
1;1741124368696;7436
1;1741124369707;7437
2;1741124374633;4119
1;1741124374788;7438
1;1741124375524;7439
2;1741124376922;4120
2;1741124378202;4121
2;1741124380088;4122
1;1741124381474;7440
2;1741124382603;4123
2;1741124383032;4124
2;1741124392073;4125
2;1741124393052;4126
1;1741124394150;7441
1;1741124394904;7442
1;1741124395495;7443
2;1741124400080;4127
1;1741124400681;7444
2;1741124401146;4128
2;1741124404037;4129
2;1741124414524;4130
2;1741124417645;4131
1;1741124421329;7445
1;1741124424215;7446
1;1741124425589;7447
1;1741124425674;7448
1;1741124431267;7449
1;1741124434420;7450
1;1741124435301;7451
2;1741124437874;4132
2;1741124445674;4133
1;1741124447104;7452
2;1741124448339;4134
2;1741124449309;4135
1;1741124452572;7453
2;1741124458696;4136
2;1741124459331;4137
1;1741124460957;7454
1;1741124463742;7455
2;1741124465319;4138
2;1741124466116;4139
1;1741124468200;7456
1;1741124468242;7457
1;1741124470527;7458
2;1741124472128;4140
2;1741124477321;4141
2;1741124478606;4142
1;1741124482235;7459
2;1741124482913;4143
2;1741124485557;4144
2;1741124487219;4145
1;1741124493772;7460
1;1741124496148;7461
2;1741124499761;4146
2;1741124502233;4147
1;1741124510761;7462
2;1741124510829;4148
2;1741124512160;4149
1;1741124512780;7463
1;1741124513126;7464
1;1741124514255;7465
1;1741124516023;7466
2;1741124516301;4150
2;1741124520989;4151
2;1741124521969;4152
2;1741124523051;4153
2;1741124524825;4154
1;1741124527937;7467
2;1741124531640;4155
1;1741124533577;7468
1;1741124540022;7469
1;1741124540327;7470
1;1741124540403;7471
2;1741124541235;4156
1;1741124551475;7472
1;1741124557243;7473
2;1741124557630;4157
2;1741124561202;4158
2;1741124565013;4159
1;1741124566191;7474
1;1741124569873;7475
2;1741124570984;4160
2;1741124571935;4161
1;1741124572129;7476
2;1741124573637;4162
1;1741124580758;7477
1;1741124585079;7478
1;1741124585167;7479
2;1741124588263;4163
1;1741124592120;7480
1;1741124594078;7481
1;1741124594463;7482
2;1741124594925;4164
2;1741124596470;4165
1;1741124598095;7483
1;1741124603171;7484
2;1741124606980;4166
2;1741124607121;4167
2;1741124607132;4168
1;1741124608091;7485
2;1741124608215;4169
1;1741124615515;7486
1;1741124616040;7487
2;1741124618533;4170
1;1741124627103;7488
1;1741124628626;7489
2;1741124629689;4171
2;1741124630173;4172
2;1741124632500;4173
1;1741124636986;7490
2;1741124637839;4174
2;1741124638082;4175
2;1741124642003;4176
1;1741124645121;7491
1;1741124651075;7492
1;1741124654030;7493
2;1741124654658;4177
2;1741124656174;4178
1;1741124656457;7494
3;1741124660807;10
2;1741124663770;4179
2;1741124666811;4180
1;1741124668812;7495
2;1741124673973;4181
1;1741124674079;7496
1;1741124674553;7497
2;1741124676319;4182
1;1741124680279;7498
1;1741124680972;7499
2;1741124685914;4183
2;1741124686893;4184
2;1741124686904;4185
2;1741124688741;4186
2;1741124690244;4187
1;1741124691022;7500
1;1741124695336;7501
1;1741124697094;7502
1;1741124703245;7503
1;1741124713064;7504
2;1741124714188;4188
2;1741124714744;4189
1;1741124715231;7505
1;1741124717894;7506
2;1741124723170;4190
2;1741124725736;4191
1;1741124727913;7507
2;1741124728843;4192
1;1741124729668;7508
2;1741124734128;4193
1;1741124735592;7509
2;1741124739095;4194
2;1741124741510;4195
1;1741124744123;7510
1;1741124744137;7511
1;1741124750256;7512
2;1741124756144;4196
1;1741124758591;7513
1;1741124759627;7514
1;1741124760395;7515
2;1741124762656;4197
1;1741124765061;7516
2;1741124765504;4198
2;1741124766368;4199
2;1741124766577;4200
2;1741124768478;4201
1;1741124773397;7517
2;1741124782281;4202
2;1741124784286;4203
1;1741124785435;7518
2;1741124786564;4204
1;1741124788602;7519
1;1741124790497;7520
1;1741124795468;7521
1;1741124797107;7522
2;1741124797445;4205
1;1741124802221;7523
2;1741124804424;4206
2;1741124806245;4207
2;1741124806811;4208
1;1741124811329;7524
2;1741124811391;4209
2;1741124812179;4210
2;1741124816281;4211
1;1741124816864;7525
1;1741124817596;7526
1;1741124828991;7527
1;1741124831922;7528
2;1741124833047;4212
1;1741124833778;7529
2;1741124834212;4213
1;1741124834314;7530
1;1741124838617;7531
1;1741124839526;7532
2;1741124843795;4214
2;1741124846103;4215
1;1741124846692;7533
2;1741124852491;4216
1;1741124852870;7534
1;1741124854533;7535
2;1741124863281;4217
2;1741124863764;4218
1;1741124866878;7536
2;1741124873309;4219
1;1741124874082;7537
2;1741124875135;4220
2;1741124875554;4221
2;1741124875894;4222
1;1741124881114;7538
1;1741124886506;7539
1;1741124888595;7540
2;1741124891825;4223
1;1741124893551;7541
2;1741124894349;4224
1;1741124895788;7542
2;1741124902377;4225
1;1741124905257;7543
2;1741124907537;4226
2;1741124909587;4227
2;1741124911142;4228
2;1741124911981;4229
1;1741124918157;7544
2;1741124918432;4230
1;1741124918732;7545
2;1741124920581;4231
2;1741124923054;4232
1;1741124923471;7546
2;1741124924186;4233
1;1741124926815;7547
2;1741124926854;4234
2;1741124927826;4235
1;1741124929265;7548
1;1741124936222;7549
1;1741124936847;7550
1;1741124938267;7551
2;1741124947963;4236
1;1741124948241;7552
2;1741124950679;4237
2;1741124959921;4238
1;1741124960081;7553
1;1741124960288;7554
2;1741124961469;4239
2;1741124971121;4240
2;1741124972711;4241
1;1741124973361;7555
1;1741124973534;7556
1;1741124973741;7557
2;1741124978870;4242
1;1741124979139;7558
1;1741124979844;7559
1;1741124983027;7560
2;1741124984092;4243
1;1741124984375;7561
2;1741124987156;4244
2;1741124991571;4245
2;1741124992528;4246
1;1741124998065;7562
2;1741125000325;4247
1;1741125005570;7563
1;1741125009557;7564
1;1741125010080;7565
2;1741125013109;4248
2;1741125013875;4249
2;1741125019779;4250
2;1741125022542;4251
1;1741125023043;7566
2;1741125023245;4252
2;1741125024442;4253
1;1741125027430;7567
1;1741125033415;7568
1;1741125034021;7569
2;1741125037427;4254
1;1741125041164;7570
1;1741125041610;7571
2;1741125042241;4255
1;1741125047424;7572
2;1741125048272;4256
2;1741125051772;4257
1;1741125053808;7573
2;1741125055114;4258
1;1741125056868;7574
1;1741125058169;7575
2;1741125059428;4259
1;1741125061598;7576
2;1741125061701;4260
2;1741125065089;4261
2;1741125066696;4262
1;1741125073232;7577
1;1741125077758;7578
2;1741125086453;4263
2;1741125086519;4264
1;1741125087377;7579
1;1741125089527;7580
1;1741125090513;7581
2;1741125095836;4265
1;1741125095898;7582
2;1741125096417;4266
1;1741125100536;7583
1;1741125102831;7584
1;1741125107551;7585
2;1741125108295;4267
2;1741125109531;4268
2;1741125109753;4269
1;1741125112458;7586
2;1741125113919;4270
1;1741125118666;7587
2;1741125118794;4271
2;1741125126471;4272
1;1741125129067;7588
1;1741125136226;7589
1;1741125137834;7590
1;1741125137997;7591
2;1741125140392;4273
1;1741125140734;7592
2;1741125141360;4274
2;1741125144690;4275
2;1741125147616;4276
2;1741125150310;4277
2;1741125151506;4278
2;1741125151949;4279
1;1741125156162;7593
1;1741125165142;7594
1;1741125166311;7595
1;1741125167444;7596
1;1741125167648;7597
2;1741125177175;4280
2;1741125178493;4281
1;1741125178915;7598
2;1741125182095;4282
1;1741125182560;7599
2;1741125183694;4283
2;1741125191594;4284
1;1741125192533;7600
2;1741125198456;4285
1;1741125203955;7601
1;1741125205418;7602
1;1741125207377;7603
2;1741125207618;4286
1;1741125208136;7604
1;1741125211427;7605
1;1741125212803;7606
2;1741125214269;4287
1;1741125216670;7607
2;1741125217374;4288
1;1741125218105;7608
2;1741125219811;4289
2;1741125221820;4290
2;1741125223405;4291
2;1741125229133;4292
1;1741125231422;7609
1;1741125232436;7610
2;1741125233654;4293
2;1741125234438;4294
2;1741125241284;4295
2;1741125242821;4296
1;1741125243800;7611
1;1741125245231;7612
2;1741125248835;4297
1;1741125257746;7613
2;1741125258291;4298
1;1741125260058;7614
1;1741125260859;7615
2;1741125264656;4299
1;1741125265895;7616
2;1741125272530;4300
1;1741125273121;7617
2;1741125275332;4301
2;1741125275641;4302
1;1741125277848;7618
2;1741125279978;4303
1;1741125281652;7619
1;1741125282011;7620
1;1741125287002;7621
2;1741125290390;4304
2;1741125291559;4305
2;1741125294554;4306
2;1741125297634;4307
1;1741125297680;7622
2;1741125302507;4308
1;1741125302613;7623
1;1741125303521;7624
2;1741125308787;4309
1;1741125315043;7625
2;1741125318101;4310
1;1741125326034;7626
1;1741125328064;7627
2;1741125330074;4311
2;1741125331842;4312
1;1741125333410;7628
2;1741125333519;4313
1;1741125337941;7629
1;1741125338019;7630
1;1741125338545;7631
1;1741125338708;7632
2;1741125340589;4314
2;1741125341776;4315
1;1741125342501;7633
2;1741125343868;4316
2;1741125351971;4317
2;1741125358087;4318
1;1741125360606;7634
2;1741125360935;4319
2;1741125361513;4320
2;1741125362971;4321
2;1741125364469;4322
1;1741125365219;7635
1;1741125366940;7636
1;1741125369176;7637
1;1741125369286;7638
1;1741125375576;7639
2;1741125379048;4323
2;1741125380978;4324
2;1741125384646;4325
2;1741125388973;4326
1;1741125393087;7640
1;1741125393130;7641
1;1741125399526;7642
1;1741125399861;7643
1;1741125401827;7644
2;1741125406510;4327
2;1741125416646;4328
1;1741125418245;7645
1;1741125418839;7646
2;1741125419454;4329
2;1741125421697;4330
1;1741125424794;7647
1;1741125424831;7648
2;1741125424843;4331
2;1741125430500;4332
1;1741125437023;7649
2;1741125441997;4333
2;1741125442674;4334
2;1741125443312;4335
1;1741125443939;7650
2;1741125444265;4336
1;1741125445553;7651
2;1741125448174;4337
1;1741125451219;7652
1;1741125454020;7653
2;1741125454128;4338
2;1741125457055;4339
1;1741125462463;7654
2;1741125467782;4340
1;1741125468917;7655
2;1741125469464;4341
2;1741125471940;4342
1;1741125472966;7656
1;1741125485554;7657
1;1741125489606;7658
1;1741125491041;7659
1;1741125491842;7660
2;1741125492724;4343
1;1741125494610;7661
2;1741125495819;4344
2;1741125498946;4345
1;1741125499173;7662
2;1741125501314;4346
1;1741125501376;7663
1;1741125506754;7664
2;1741125507309;4347
1;1741125512203;7665
2;1741125518286;4348
1;1741125519671;7666
2;1741125520896;4349
2;1741125522743;4350
2;1741125524035;4351
1;1741125525682;7667
1;1741125528422;7668
2;1741125528694;4352
2;1741125530353;4353
2;1741125533804;4354
2;1741125536674;4355
1;1741125538347;7669
1;1741125543360;7670
1;1741125547439;7671
2;1741125549708;4356
2;1741125550155;4357
1;1741125551177;7672
1;1741125551267;7673
2;1741125558630;4358
1;1741125563223;7674
2;1741125564318;4359
2;1741125565213;4360
1;1741125565326;7675
2;1741125567887;4361
1;1741125569158;7676
2;1741125572520;4362
2;1741125572984;4363
1;1741125577396;7677
2;1741125577879;4364
1;1741125583763;7678
1;1741125584958;7679
2;1741125586908;4365
1;1741125593505;7680
1;1741125594959;7681
1;1741125599364;7682
1;1741125601851;7683
2;1741125602301;4366
2;1741125604712;4367
1;1741125606590;7684
2;1741125607047;4368
1;1741125609967;7685
2;1741125618001;4369
1;1741125619256;7686
1;1741125621359;7687
2;1741125625300;4370
2;1741125626452;4371
2;1741125627138;4372
2;1741125629349;4373
2;1741125632851;4374
1;1741125634801;7688
1;1741125634897;7689
1;1741125636573;7690
2;1741125638335;4375
2;1741125639685;4376
1;1741125640943;7691
1;1741125650350;7692
2;1741125652163;4377
1;1741125653283;7693
1;1741125655530;7694
2;1741125657848;4378
2;1741125658055;4379
2;1741125660142;4380
1;1741125662900;7695
1;1741125666302;7696
1;1741125669946;7697
2;1741125673910;4381
1;1741125676793;7698
2;1741125679299;4382
1;1741125684893;7699
1;1741125686238;7700
2;1741125687710;4383
2;1741125690915;4384
1;1741125691035;7701
2;1741125691195;4385
2;1741125691997;4386
2;1741125693466;4387
1;1741125699569;7702
1;1741125700070;7703
1;1741125707197;7704
1;1741125712930;7705
1;1741125713967;7706
2;1741125715961;4388
2;1741125718525;4389
1;1741125719699;7707
2;1741125728471;4390
2;1741125729592;4391
2;1741125731192;4392
2;1741125732953;4393
2;1741125733636;4394
1;1741125734906;7708
1;1741125736255;7709
1;1741125737590;7710
1;1741125739499;7711
1;1741125740508;7712
2;1741125744558;4395
1;1741125752887;7713
2;1741125758616;4396
2;1741125759553;4397
2;1741125761868;4398
1;1741125762740;7714
2;1741125763599;4399
2;1741125763990;4400
1;1741125765641;7715
2;1741125772147;4401
1;1741125776717;7716
2;1741125776855;4402
1;1741125777235;7717
1;1741125778343;7718
1;1741125780442;7719
2;1741125780774;4403
1;1741125786385;7720
2;1741125791598;4404
1;1741125793548;7721
2;1741125794693;4405
2;1741125795057;4406
2;1741125798794;4407
1;1741125800136;7722
1;1741125800645;7723
1;1741125800865;7724
1;1741125803130;7725
2;1741125809406;4408
1;1741125816527;7726
2;1741125817023;4409
2;1741125818834;4410
2;1741125825598;4411
2;1741125826979;4412
2;1741125827063;4413
2;1741125828769;4414
1;1741125829543;7727
1;1741125835675;7728
1;1741125836509;7729
2;1741125837932;4415
2;1741125843884;4416
1;1741125853188;7730
1;1741125853453;7731
1;1741125857182;7732
2;1741125859544;4417
1;1741125860509;7733
2;1741125861514;4418
1;1741125865990;7734
1;1741125866593;7735
2;1741125868144;4419
2;1741125869676;4420
2;1741125871018;4421
2;1741125872077;4422
1;1741125872156;7736
1;1741125875575;7737
2;1741125880428;4423
1;1741125881488;7738
1;1741125881562;7739
2;1741125891621;4424
1;1741125892551;7740
1;1741125895926;7741
1;1741125899282;7742
1;1741125901000;7743
2;1741125902767;4425
2;1741125903674;4426
2;1741125907273;4427
1;1741125908680;7744
2;1741125910765;4428
1;1741125916839;7745
2;1741125917809;4429
2;1741125919866;4430
1;1741125920260;7746
2;1741125921710;4431
2;1741125924237;4432
2;1741125926382;4433
1;1741125927262;7747
1;1741125932570;7748
2;1741125933273;4434
1;1741125942222;7749
2;1741125947528;4435
1;1741125947874;7750
1;1741125949246;7751
1;1741125953325;7752
1;1741125956540;7753
2;1741125956568;4436
2;1741125957493;4437
2;1741125958555;4438
1;1741125962521;7754
2;1741125965464;4439
1;1741125966456;7755
2;1741125969815;4440
2;1741125971412;4441
1;1741125974423;7756
2;1741125977328;4442
2;1741125978693;4443
1;1741125978804;7757
1;1741125981301;7758
2;1741125989230;4444
1;1741125989998;7759
2;1741125992284;4445
1;1741125994359;7760
1;1741125995274;7761
1;1741125996159;7762
2;1741125997777;4446
1;1741126001828;7763
1;1741126005071;7764
2;1741126005350;4447
2;1741126006151;4448
2;1741126008397;4449
1;1741126012285;7765
2;1741126019521;4450
1;1741126020796;7766
1;1741126025944;7767
2;1741126027533;4451
1;1741126029451;7768
2;1741126030584;4452
1;1741126031350;7769
2;1741126032228;4453
1;1741126033818;7770
1;1741126035787;7771
2;1741126040159;4454
2;1741126040544;4455
2;1741126040642;4456
1;1741126044317;7772
2;1741126046599;4457
1;1741126049964;7773
2;1741126057913;4458
2;1741126059224;4459
1;1741126061861;7774
1;1741126063928;7775
1;1741126066713;7776
2;1741126067553;4460
2;1741126068282;4461
1;1741126073299;7777
2;1741126076519;4462
2;1741126077230;4463
1;1741126077954;7778
1;1741126083112;7779
2;1741126086793;4464
1;1741126090340;7780
2;1741126091435;4465
1;1741126091633;7781
2;1741126097980;4466
2;1741126098791;4467
2;1741126100163;4468
1;1741126103232;7782
1;1741126108461;7783
1;1741126108745;7784
1;1741126110451;7785
2;1741126111208;4469
1;1741126115889;7786
1;1741126118932;7787
2;1741126123635;4470
1;1741126125017;7788
2;1741126125434;4471
2;1741126127290;4472
1;1741126127883;7789
1;1741126130080;7790
2;1741126130815;4473
2;1741126137475;4474
2;1741126143189;4475
1;1741126143715;7791
1;1741126143852;7792
2;1741126148075;4476
2;1741126148137;4477
1;1741126148580;7793
1;1741126150049;7794
2;1741126150792;4478
2;1741126153667;4479
2;1741126157572;4480
2;1741126170443;4481
1;1741126171952;7795
1;1741126172540;7796
1;1741126175898;7797
1;1741126176593;7798
1;1741126184614;7799
2;1741126185959;4482
1;1741126188369;7800
2;1741126189641;4483
2;1741126196955;4484
1;1741126197254;7801
2;1741126198170;4485
2;1741126198183;4486
2;1741126201599;4487
1;1741126202573;7802
1;1741126203064;7803
2;1741126209513;4488
1;1741126211308;7804
1;1741126213153;7805
2;1741126215272;4489
1;1741126215576;7806
1;1741126215772;7807
2;1741126216011;4490
2;1741126216733;4491
1;1741126219747;7808
1;1741126225187;7809
2;1741126229419;4492
2;1741126232595;4493
2;1741126240761;4494
2;1741126242166;4495
1;1741126242940;7810
2;1741126244340;4496
2;1741126244786;4497
1;1741126252997;7811
1;1741126253298;7812
1;1741126255950;7813
1;1741126256173;7814
2;1741126257140;4498
2;1741126257470;4499
1;1741126271843;7815
2;1741126273029;4500
1;1741126276780;7816
2;1741126278313;4501
2;1741126279937;4502
1;1741126281617;7817
1;1741126283697;7818
2;1741126284144;4503
1;1741126287245;7819
1;1741126289473;7820
1;1741126289671;7821
1;1741126291009;7822
2;1741126293524;4504
1;1741126295854;7823
2;1741126303600;4505
2;1741126304733;4506
2;1741126306797;4507
1;1741126307125;7824
1;1741126307606;7825
1;1741126307767;7826
2;1741126307860;4508
2;1741126310601;4509
2;1741126312178;4510
2;1741126322755;4511
1;1741126323538;7827
1;1741126327240;7828
2;1741126329685;4512
2;1741126332656;4513
1;1741126335229;7829
2;1741126342337;4514
1;1741126346480;7830
1;1741126347883;7831
2;1741126347935;4515
2;1741126348365;4516
2;1741126351115;4517
1;1741126351385;7832
1;1741126361934;7833
2;1741126365154;4518
1;1741126367120;7834
2;1741126367328;4519
1;1741126367644;7835
1;1741126369202;7836
1;1741126369932;7837
1;1741126373591;7838
1;1741126376010;7839
2;1741126378179;4520
2;1741126382988;4521
2;1741126383693;4522
2;1741126383740;4523
2;1741126384952;4524
1;1741126385182;7840
2;1741126385272;4525
1;1741126391198;7841
1;1741126392789;7842
1;1741126398065;7843
2;1741126398406;4526
1;1741126399544;7844
2;1741126407373;4527
1;1741126407597;7845
2;1741126408143;4528
2;1741126408254;4529
2;1741126416930;4530
1;1741126423604;7846
1;1741126430321;7847
2;1741126436720;4531
2;1741126438358;4532
1;1741126439579;7848
2;1741126439673;4533
2;1741126444147;4534
1;1741126448763;7849
1;1741126449366;7850
1;1741126449857;7851
1;1741126450331;7852
2;1741126454508;4535
2;1741126455632;4536
1;1741126458586;7853
2;1741126458861;4537
2;1741126459423;4538
1;1741126459824;7854
1;1741126461310;7855
2;1741126462138;4539
1;1741126463989;7856
2;1741126465367;4540
2;1741126469429;4541
1;1741126478170;7857
1;1741126482987;7858
2;1741126483081;4542
2;1741126485553;4543
1;1741126487944;7859
2;1741126489149;4544
2;1741126492259;4545
1;1741126493657;7860
1;1741126494109;7861
2;1741126496501;4546
1;1741126504388;7862
2;1741126504655;4547
2;1741126505174;4548
2;1741126508289;4549
1;1741126508608;7863
1;1741126508662;7864
1;1741126509929;7865
1;1741126510358;7866
2;1741126512577;4550
1;1741126519492;7867
1;1741126523407;7868
1;1741126524367;7869
2;1741126524782;4551
2;1741126530526;4552
2;1741126533915;4553
2;1741126534420;4554
1;1741126543255;7870
2;1741126543459;4555
2;1741126546151;4556
1;1741126549492;7871
1;1741126550930;7872
1;1741126556015;7873
2;1741126556533;4557
2;1741126557276;4558
1;1741126560147;7874
2;1741126560643;4559
2;1741126561310;4560
1;1741126565062;7875
1;1741126573819;7876
2;1741126576674;4561
2;1741126576794;4562
1;1741126580235;7877
2;1741126582459;4563
2;1741126583073;4564
2;1741126583437;4565
1;1741126583671;7878
1;1741126583711;7879
1;1741126589191;7880
1;1741126593206;7881
2;1741126598560;4566
1;1741126602201;7882
2;1741126606045;4567
2;1741126606621;4568
1;1741126609026;7883
2;1741126613170;4569
2;1741126613386;4570
1;1741126613515;7884
1;1741126617873;7885
1;1741126622134;7886
2;1741126625221;4571
1;1741126629745;7887
2;1741126633587;4572
1;1741126635176;7888
2;1741126635522;4573
1;1741126635943;7889
1;1741126637103;7890
2;1741126637386;4574
1;1741126637479;7891
2;1741126637563;4575
2;1741126638879;4576
2;1741126649491;4577
1;1741126651164;7892
2;1741126651448;4578
1;1741126653338;7893
1;1741126654739;7894
1;1741126663927;7895
2;1741126665915;4579
1;1741126669410;7896
2;1741126669494;4580
2;1741126672014;4581
2;1741126672189;4582
1;1741126674531;7897
2;1741126680929;4583
1;1741126681250;7898
1;1741126681828;7899
2;1741126684800;4584
1;1741126688423;7900
2;1741126694132;4585
1;1741126697480;7901
1;1741126702357;7902
2;1741126704805;4586
2;1741126705403;4587
2;1741126706005;4588
2;1741126706329;4589
2;1741126714490;4590
1;1741126717968;7903
2;1741126719866;4591
1;1741126723529;7904
1;1741126723549;7905
1;1741126724897;7906
2;1741126728621;4592
1;1741126730376;7907
1;1741126730465;7908
2;1741126734233;4593
1;1741126734441;7909
2;1741126738060;4594
1;1741126741053;7910
1;1741126742126;7911
2;1741126746093;4595
2;1741126748003;4596
2;1741126752192;4597
1;1741126756945;7912
1;1741126760372;7913
1;1741126760483;7914
2;1741126761694;4598
1;1741126764466;7915
2;1741126766142;4599
2;1741126766414;4600
2;1741126768392;4601
1;1741126770514;7916
2;1741126773149;4602
1;1741126777214;7917
2;1741126780407;4603
2;1741126783374;4604
1;1741126783710;7918
2;1741126788947;4605
1;1741126790053;7919
2;1741126800024;4606
1;1741126800150;7920
1;1741126801049;7921
1;1741126801655;7922
1;1741126803910;7923
1;1741126806272;7924
1;1741126806550;7925
2;1741126807214;4607
2;1741126810079;4608
1;1741126810923;7926
1;1741126811400;7927
2;1741126814472;4609
2;1741126818206;4610
2;1741126821142;4611
1;1741126822849;7928
2;1741126831475;4612
1;1741126835240;7929
2;1741126838299;4613
1;1741126838635;7930
1;1741126842729;7931
2;1741126843153;4614
1;1741126845766;7932
2;1741126847241;4615
2;1741126851971;4616
2;1741126854336;4617
2;1741126856058;4618
2;1741126857963;4619
1;1741126858797;7933
1;1741126861935;7934
1;1741126866576;7935
2;1741126867201;4620
1;1741126869025;7936
1;1741126874456;7937
2;1741126876385;4621
1;1741126877714;7938
2;1741126881763;4622
2;1741126882524;4623
2;1741126882688;4624
1;1741126883027;7939
2;1741126886670;4625
1;1741126889335;7940
1;1741126890609;7941
1;1741126895146;7942
2;1741126899990;4626
2;1741126907281;4627
1;1741126909566;7943
2;1741126911332;4628
2;1741126912077;4629
1;1741126912693;7944
1;1741126914597;7945
1;1741126914769;7946
1;1741126918206;7947
1;1741126918839;7948
1;1741126920244;7949
2;1741126928451;4630
2;1741126928861;4631
2;1741126929425;4632
2;1741126934464;4633
2;1741126939708;4634
2;1741126943225;4635
2;1741126946112;4636
1;1741126947440;7950
1;1741126948875;7951
2;1741126955403;4637
1;1741126958385;7952
1;1741126959579;7953
2;1741126960722;4638
1;1741126961084;7954
2;1741126962750;4639
2;1741126963787;4640
1;1741126966669;7955
1;1741126969172;7956
1;1741126973906;7957
2;1741126976017;4641
1;1741126978764;7958
1;1741126981350;7959
1;1741126984337;7960
1;1741126985656;7961
2;1741126988171;4642
2;1741126992526;4643
2;1741126993928;4644
2;1741126996156;4645
2;1741126996816;4646
2;1741126997399;4647
1;1741127000465;7962
1;1741127003022;7963
1;1741127004335;7964
1;1741127005504;7965
2;1741127012315;4648
2;1741127017258;4649
1;1741127018227;7966
2;1741127018529;4650
2;1741127019902;4651
1;1741127021394;7967
2;1741127030230;4652
1;1741127034147;7968
1;1741127034283;7969
1;1741127035922;7970
1;1741127038271;7971
2;1741127042170;4653
2;1741127042812;4654
2;1741127043232;4655
1;1741127044308;7972
1;1741127045176;7973
1;1741127049078;7974
2;1741127056143;4656
2;1741127057864;4657
2;1741127058822;4658
1;1741127060030;7975
2;1741127063795;4659
2;1741127066829;4660
2;1741127073687;4661
2;1741127075599;4662
1;1741127077488;7976
1;1741127079583;7977
1;1741127082899;7978
2;1741127084128;4663
1;1741127084360;7979
1;1741127085966;7980
2;1741127086624;4664
1;1741127087011;7981
2;1741127091064;4665
2;1741127095429;4666
1;1741127097228;7982
2;1741127102912;4667
1;1741127103781;7983
2;1741127103794;4668
2;1741127104687;4669
1;1741127105738;7984
1;1741127111116;7985
2;1741127118946;4670
2;1741127119035;4671
1;1741127119840;7986
1;1741127123389;7987
2;1741127127209;4672
2;1741127130581;4673
1;1741127131407;7988
2;1741127135133;4674
1;1741127139119;7989
1;1741127139163;7990
1;1741127140632;7991
1;1741127144313;7992
1;1741127144605;7993
2;1741127146363;4675
2;1741127146556;4676
2;1741127154411;4677
2;1741127155952;4678
1;1741127157332;7994
1;1741127157696;7995
1;1741127158954;7996
2;1741127165513;4679
1;1741127166053;7997
2;1741127171794;4680
2;1741127172595;4681
2;1741127178060;4682
1;1741127183370;7998
1;1741127183877;7999
1;1741127186054;8000
2;1741127188835;4683
2;1741127189426;4684
2;1741127192258;4685
1;1741127196097;8001
2;1741127196386;4686
1;1741127198489;8002
2;1741127200832;4687
1;1741127201066;8003
2;1741127204153;4688
1;1741127206806;8004
1;1741127208486;8005
2;1741127212856;4689
2;1741127213725;4690
1;1741127213883;8006
2;1741127218048;4691
1;1741127223069;8007
1;1741127223800;8008
2;1741127226545;4692
2;1741127235371;4693
2;1741127239889;4694
1;1741127245012;8009
1;1741127245287;8010
1;1741127246237;8011
2;1741127250350;4695
2;1741127250709;4696
2;1741127251063;4697
1;1741127254736;8012
2;1741127257058;4698
1;1741127258411;8013
1;1741127260473;8014
2;1741127261048;4699
2;1741127266448;4700
1;1741127271124;8015
1;1741127273019;8016
1;1741127275148;8017
2;1741127275172;4701
1;1741127281952;8018
2;1741127282909;4702
2;1741127283119;4703
2;1741127284144;4704
2;1741127292339;4705
1;1741127296717;8019
1;1741127298508;8020
1;1741127299330;8021
1;1741127300269;8022
1;1741127301167;8023
1;1741127304158;8024
2;1741127304929;4706
1;1741127307303;8025
1;1741127308805;8026
2;1741127308830;4707
2;1741127310303;4708
2;1741127310544;4709
2;1741127321510;4710
2;1741127325465;4711
2;1741127326724;4712
2;1741127327746;4713
2;1741127328158;4714
1;1741127329339;8027
1;1741127333173;8028
1;1741127334525;8029
1;1741127336403;8030
2;1741127338489;4715
1;1741127342661;8031
2;1741127344459;4716
2;1741127346501;4717
1;1741127346775;8032
1;1741127348009;8033
2;1741127348839;4718
1;1741127355973;8034
1;1741127356305;8035
2;1741127359089;4719
2;1741127364800;4720
2;1741127366001;4721
1;1741127368920;8036
1;1741127372522;8037
1;1741127372838;8038
1;1741127375647;8039
1;1741127381589;8040
1;1741127383902;8041
2;1741127384588;4722
2;1741127385080;4723
2;1741127387148;4724
1;1741127391949;8042
2;1741127393722;4725
1;1741127400792;8043
1;1741127403581;8044
1;1741127404658;8045
2;1741127407009;4726
2;1741127407977;4727
2;1741127408255;4728
2;1741127409926;4729
1;1741127412503;8046
1;1741127412807;8047
2;1741127422059;4730
2;1741127427794;4731
1;1741127431018;8048
1;1741127432054;8049
2;1741127434102;4732
2;1741127435106;4733
2;1741127437812;4734
1;1741127442138;8050
1;1741127442740;8051
1;1741127442801;8052
1;1741127442931;8053
2;1741127444305;4735
2;1741127444401;4736
1;1741127449066;8054
2;1741127459484;4737
1;1741127459658;8055
2;1741127462345;4738
2;1741127464871;4739
1;1741127466128;8056
2;1741127470433;4740
2;1741127470712;4741
2;1741127473418;4742
1;1741127484351;8057
1;1741127485146;8058
1;1741127485585;8059
2;1741127486985;4743
2;1741127487865;4744
1;1741127488784;8060
1;1741127491391;8061
2;1741127494646;4745
1;1741127500291;8062
1;1741127502041;8063
2;1741127503626;4746
1;1741127506104;8064
2;1741127506966;4747
2;1741127507976;4748
1;1741127508263;8065
2;1741127508985;4749
2;1741127510100;4750
1;1741127514210;8066
1;1741127515812;8067
2;1741127517010;4751
1;1741127518352;8068
2;1741127524597;4752
1;1741127525115;8069
2;1741127530914;4753
2;1741127534335;4754
1;1741127539738;8070
2;1741127544371;4755
2;1741127545411;4756
1;1741127545929;8071
1;1741127548989;8072
2;1741127550390;4757
1;1741127556537;8073
1;1741127559472;8074
2;1741127560941;4758
1;1741127562476;8075
1;1741127567247;8076
1;1741127567834;8077
2;1741127567927;4759
2;1741127573007;4760
2;1741127573419;4761
1;1741127575461;8078
2;1741127575969;4762
2;1741127577343;4763
2;1741127582878;4764
1;1741127588246;8079
1;1741127594430;8080
1;1741127595597;8081
1;1741127595805;8082
2;1741127596295;4765
1;1741127596598;8083
2;1741127597874;4766
2;1741127600833;4767
1;1741127603499;8084
2;1741127607024;4768
2;1741127607130;4769
2;1741127608821;4770
1;1741127611705;8085
1;1741127616257;8086
2;1741127617529;4771
1;1741127617856;8087
2;1741127626249;4772
1;1741127628713;8088
1;1741127631584;8089
2;1741127635158;4773
1;1741127638170;8090
1;1741127638205;8091
2;1741127638304;4774
2;1741127645381;4775
1;1741127645969;8092
2;1741127647971;4776
2;1741127649331;4777
2;1741127650243;4778
1;1741127659964;8093
1;1741127660962;8094
2;1741127665969;4779
1;1741127666270;8095
2;1741127666501;4780
2;1741127667228;4781
1;1741127667253;8096
1;1741127670155;8097
2;1741127676519;4782
1;1741127678656;8098
1;1741127688002;8099
2;1741127689017;4783
2;1741127691572;4784
2;1741127693538;4785
1;1741127693547;8100
1;1741127696593;8101
2;1741127697873;4786
2;1741127698241;4787
2;1741127698325;4788
1;1741127702410;8102
1;1741127708104;8103
2;1741127712645;4789
1;1741127712759;8104
1;1741127714177;8105
2;1741127714655;4790
2;1741127717489;4791
1;1741127721294;8106
2;1741127722982;4792
1;1741127725823;8107
1;1741127726235;8108
1;1741127727829;8109
2;1741127727975;4793
1;1741127728989;8110
1;1741127734437;8111
2;1741127737015;4794
1;1741127743716;8112
1;1741127745936;8113
2;1741127750080;4795
1;1741127753459;8114
2;1741127753525;4796
2;1741127755394;4797
2;1741127755806;4798
2;1741127758259;4799
1;1741127766008;8115
2;1741127767709;4800
1;1741127769530;8116
1;1741127773875;8117
2;1741127774823;4801
2;1741127776687;4802
1;1741127782312;8118
1;1741127782604;8119
2;1741127784503;4803
1;1741127785731;8120
1;1741127786297;8121
2;1741127791944;4804
2;1741127792151;4805
1;1741127794114;8122
1;1741127798602;8123
2;1741127803649;4806
1;1741127804876;8124
2;1741127806736;4807
1;1741127807188;8125
1;1741127810521;8126
2;1741127813070;4808
2;1741127818412;4809
2;1741127820798;4810
2;1741127823256;4811
2;1741127831831;4812
1;1741127833716;8127
2;1741127834318;4813
1;1741127837431;8128
1;1741127839145;8129
2;1741127839194;4814
1;1741127845601;8130
1;1741127848747;8131
1;1741127852541;8132
1;1741127854770;8133
2;1741127855137;4815
2;1741127856168;4816
2;1741127857989;4817
1;1741127864083;8134
2;1741127865823;4818
2;1741127865950;4819
1;1741127867878;8135
1;1741127868779;8136
1;1741127870836;8137
2;1741127871638;4820
1;1741127871763;8138
2;1741127872449;4821
2;1741127877245;4822
2;1741127879696;4823
2;1741127882698;4824
1;1741127883094;8139
1;1741127890919;8140
2;1741127891630;4825
1;1741127892946;8141
2;1741127898110;4826
1;1741127898515;8142
2;1741127901105;4827
2;1741127903175;4828
2;1741127903921;4829
1;1741127904832;8143
1;1741127906618;8144
1;1741127906780;8145
1;1741127915580;8146
2;1741127916568;4830
2;1741127928268;4831
2;1741127929709;4832
2;1741127930906;4833
1;1741127931529;8147
2;1741127933791;4834
1;1741127934145;8148
1;1741127937613;8149
2;1741127938778;4835
1;1741127941633;8150
1;1741127943636;8151
2;1741127946829;4836
2;1741127953012;4837
1;1741127958454;8152
2;1741127960286;4838
1;1741127960570;8153
2;1741127964641;4839
1;1741127966454;8154
1;1741127969432;8155
2;1741127970505;4840
1;1741127970845;8156
1;1741127971279;8157
2;1741127972006;4841
2;1741127973955;4842
2;1741127978525;4843
1;1741127980061;8158
1;1741127980349;8159
2;1741127985671;4844
1;1741127989531;8160
1;1741127989823;8161
1;1741127990482;8162
2;1741127994103;4845
1;1741127996168;8163
1;1741127999956;8164
2;1741128003115;4846
2;1741128003264;4847
2;1741128004049;4848
2;1741128005573;4849
1;1741128011226;8165
1;1741128017230;8166
2;1741128018488;4850
1;1741128019523;8167
2;1741128025803;4851
2;1741128027888;4852
1;1741128029934;8168
1;1741128029991;8169
2;1741128034021;4853
2;1741128035827;4854
2;1741128036021;4855
1;1741128038079;8170
1;1741128044544;8171
1;1741128046891;8172
1;1741128057241;8173
2;1741128058443;4856
2;1741128059836;4857
2;1741128060447;4858
2;1741128060693;4859
1;1741128063586;8174
1;1741128067258;8175
2;1741128068707;4860
2;1741128072652;4861
1;1741128073134;8176
1;1741128073259;8177
2;1741128075474;4862
2;1741128077357;4863
1;1741128077745;8178
1;1741128082604;8179
1;1741128089239;8180
2;1741128092378;4864
1;1741128097028;8181
2;1741128097049;4865
1;1741128097231;8182
2;1741128099008;4866
2;1741128099698;4867
1;1741128100245;8183
1;1741128102726;8184
1;1741128113479;8185
1;1741128116439;8186
1;1741128116516;8187
2;1741128119555;4868
2;1741128121763;4869
2;1741128121851;4870
2;1741128122462;4871
2;1741128128862;4872
2;1741128129308;4873
1;1741128134411;8188
1;1741128135503;8189
2;1741128145455;4874
1;1741128149699;8190
2;1741128149885;4875
1;1741128151097;8191
2;1741128151109;4876
1;1741128152605;8192
2;1741128153522;4877
2;1741128153619;4878
2;1741128155022;4879
1;1741128158020;8193
1;1741128159202;8194
1;1741128166023;8195
1;1741128167719;8196
2;1741128170332;4880
2;1741128170347;4881
1;1741128174448;8197
2;1741128175225;4882
2;1741128185109;4883
1;1741128186016;8198
1;1741128188573;8199
1;1741128190269;8200
2;1741128190339;4884
1;1741128193498;8201
1;1741128197972;8202
2;1741128199305;4885
1;1741128199597;8203
2;1741128199853;4886
2;1741128201360;4887
2;1741128202600;4888
2;1741128205286;4889
1;1741128206661;8204
1;1741128207135;8205
2;1741128207842;4890
2;1741128213282;4891
1;1741128213777;8206
2;1741128214251;4892
1;1741128220430;8207
1;1741128223668;8208
2;1741128224243;4893
2;1741128225522;4894
1;1741128228236;8209
1;1741128230606;8210
2;1741128242669;4895
2;1741128244039;4896
1;1741128244055;8211
2;1741128245452;4897
1;1741128253870;8212
1;1741128254482;8213
1;1741128254641;8214
1;1741128254907;8215
2;1741128258893;4898
1;1741128260461;8216
1;1741128266562;8217
1;1741128266739;8218
2;1741128266856;4899
2;1741128272958;4900
2;1741128273534;4901
1;1741128273716;8219
2;1741128274150;4902
2;1741128274752;4903
2;1741128280461;4904
2;1741128283747;4905
1;1741128296759;8220
1;1741128297573;8221
2;1741128299349;4906
1;1741128299503;8222
1;1741128302105;8223
1;1741128303174;8224
2;1741128314241;4907
1;1741128315887;8225
1;1741128316143;8226
2;1741128317929;4908
2;1741128318113;4909
2;1741128320793;4910
1;1741128320894;8227
2;1741128321472;4911
1;1741128321667;8228
2;1741128321993;4912
1;1741128333059;8229
2;1741128333166;4913
1;1741128337870;8230
2;1741128338193;4914
2;1741128339872;4915
1;1741128340526;8231
1;1741128345372;8232
2;1741128345859;4916
2;1741128346484;4917
1;1741128349672;8233
2;1741128361932;4918
2;1741128363183;4919
1;1741128365207;8234
1;1741128365681;8235
2;1741128365814;4920
1;1741128372110;8236
1;1741128379754;8237
1;1741128381949;8238
2;1741128382148;4921
1;1741128382250;8239
2;1741128383242;4922
2;1741128387012;4923
2;1741128387275;4924
2;1741128388510;4925
1;1741128388685;8240
1;1741128388713;8241
2;1741128394110;4926
1;1741128394522;8242
1;1741128400425;8243
1;1741128403148;8244
2;1741128404142;4927
2;1741128407945;4928
2;1741128408333;4929
2;1741128408391;4930
1;1741128410102;8245
1;1741128421425;8246
1;1741128422227;8247
2;1741128424250;4931
1;1741128429780;8248
2;1741128434309;4932
2;1741128435213;4933
1;1741128436484;8249
1;1741128436913;8250
1;1741128437803;8251
2;1741128438816;4934
2;1741128439420;4935
1;1741128449686;8252
2;1741128450619;4936
2;1741128450922;4937
1;1741128451621;8253
1;1741128452461;8254
2;1741128453530;4938
1;1741128455801;8255
2;1741128461258;4939
2;1741128467989;4940
1;1741128468649;8256
2;1741128473034;4941
1;1741128473707;8257
1;1741128475010;8258
1;1741128482165;8259
2;1741128484376;4942
2;1741128485023;4943
2;1741128487531;4944
2;1741128488361;4945
1;1741128490398;8260
1;1741128490777;8261
1;1741128491323;8262
2;1741128500332;4946
1;1741128501087;8263
2;1741128508209;4947
1;1741128508539;8264
1;1741128511271;8265
2;1741128515014;4948
2;1741128518113;4949
2;1741128524650;4950
2;1741128526199;4951
1;1741128527249;8266
1;1741128527524;8267
2;1741128528251;4952
2;1741128530134;4953
1;1741128531097;8268
2;1741128533884;4954
1;1741128536900;8269
1;1741128540672;8270
1;1741128548192;8271
1;1741128550523;8272
2;1741128550558;4955
2;1741128553573;4956
1;1741128553706;8273
2;1741128558019;4957
1;1741128559995;8274
2;1741128560932;4958
1;1741128560960;8275
1;1741128563022;8276
2;1741128563828;4959
2;1741128566122;4960
1;1741128570496;8277
2;1741128574128;4961
1;1741128574996;8278
2;1741128577564;4962
2;1741128582844;4963
2;1741128587423;4964
1;1741128588422;8279
2;1741128589075;4965
1;1741128596438;8280
2;1741128601187;4966
2;1741128604812;4967
2;1741128606625;4968
1;1741128607586;8281
1;1741128608161;8282
2;1741128609196;4969
1;1741128611968;8283
1;1741128612790;8284
2;1741128615211;4970
1;1741128616019;8285
1;1741128617923;8286
1;1741128617939;8287
2;1741128619712;4971
1;1741128622664;8288
2;1741128625212;4972
2;1741128626079;4973
1;1741128631572;8289
2;1741128638747;4974
1;1741128639234;8290
2;1741128641881;4975
1;1741128643539;8291
2;1741128645771;4976
1;1741128646737;8292
2;1741128651891;4977
1;1741128659021;8293
1;1741128661722;8294
2;1741128662476;4978
2;1741128663943;4979
2;1741128666147;4980
1;1741128666860;8295
2;1741128666904;4981
1;1741128667099;8296
1;1741128669633;8297
1;1741128672439;8298
2;1741128675086;4982
2;1741128678401;4983
1;1741128678901;8299
1;1741128680682;8300
2;1741128686652;4984
1;1741128699588;8301
2;1741128705220;4985
2;1741128705661;4986
2;1741128707131;4987
2;1741128707616;4988
2;1741128710863;4989
1;1741128711563;8302
2;1741128712883;4990
1;1741128713400;8303
1;1741128717343;8304
1;1741128718897;8305
1;1741128721735;8306
2;1741128725660;4991
2;1741128726072;4992
1;1741128728866;8307
2;1741128732697;4993
1;1741128734122;8308
2;1741128736391;4994
2;1741128739190;4995
1;1741128740678;8309
1;1741128741612;8310
1;1741128742644;8311
2;1741128744474;4996
1;1741128744580;8312
1;1741128748871;8313
1;1741128749071;8314
2;1741128749920;4997
2;1741128763823;4998
2;1741128769908;4999
1;1741128770735;8315
2;1741128772614;5000
2;1741128773150;5001
2;1741128773431;5002
2;1741128778835;5003
1;1741128780438;8316
1;1741128780727;8317
1;1741128782868;8318
1;1741128784052;8319
1;1741128792448;8320
1;1741128794314;8321
2;1741128802231;5004
2;1741128803175;5005
2;1741128803945;5006
1;1741128804782;8322
2;1741128805801;5007
1;1741128806540;8323
1;1741128806576;8324
2;1741128809028;5008
1;1741128809038;8325
2;1741128809999;5009
1;1741128814645;8326
0;1741128819118;4117
2;1741128822138;5010
2;1741128824051;5011
0;1741128827057;4118
1;1741128827730;8327
1;1741128828039;8328
0;1741128828182;4119
0;1741128828258;4120
0;1741128828927;4121
2;1741128829907;5012
0;1741128832248;4122
0;1741128832779;4123
1;1741128834586;8329
2;1741128835513;5013
2;1741128836534;5014
1;1741128841024;8330
2;1741128842188;5015
1;1741128842688;8331
1;1741128844552;8332
1;1741128845960;8333
0;1741128846558;4124
2;1741128850164;5016
2;1741128853795;5017
0;1741128854737;4125
1;1741128855267;8334
2;1741128855754;5018
0;1741128860048;4126
2;1741128861590;5019
0;1741128862540;4127
1;1741128865673;8335
0;1741128867032;4128
0;1741128868874;4129
2;1741128870309;5020
0;1741128871313;4130
1;1741128873709;8336
1;1741128874051;8337
2;1741128874348;5021
0;1741128878550;4131
2;1741128882592;5022
1;1741128884743;8338
1;1741128887789;8339
2;1741128887820;5023
2;1741128887962;5024
0;1741128890100;4132
2;1741128890149;5025
1;1741128892354;8340
0;1741128892372;4133
2;1741128894256;5026
0;1741128894773;4134
1;1741128894807;8341
1;1741128895194;8342
2;1741128895704;5027
1;1741128895739;8343
1;1741128902794;8344
2;1741128905249;5028
0;1741128906329;4135
1;1741128907661;8345
2;1741128910103;5029
2;1741128913229;5030
0;1741128915601;4136
0;1741128915675;4137
0;1741128916322;4138
0;1741128917944;4139
1;1741128919998;8346
1;1741128920392;8347
2;1741128920442;5031
2;1741128922843;5032
1;1741128924243;8348
1;1741128927169;8349
2;1741128928334;5033
1;1741128930554;8350
0;1741128936797;4140
1;1741128938171;8351
0;1741128938200;4141
0;1741128939493;4142
0;1741128944219;4143
0;1741128945307;4144
1;1741128945833;8352
0;1741128948378;4145
0;1741128948418;4146
2;1741128950670;5034
2;1741128951510;5035
2;1741128951535;5036
2;1741128952033;5037
2;1741128952745;5038
1;1741128954934;8353
2;1741128956831;5039
1;1741128956963;8354
2;1741128958091;5040
1;1741128961613;8355
2;1741128962882;5041
1;1741128963729;8356
0;1741128966651;4147
0;1741128973740;4148
0;1741128979082;4149
2;1741128984135;5042
0;1741128985978;4150
1;1741128986412;8357
1;1741128986976;8358
0;1741128987966;4151
0;1741128988124;4152
1;1741128988648;8359
0;1741128988758;4153
2;1741128989826;5043
0;1741128991978;4154
1;1741128995791;8360
2;1741128996807;5044
2;1741128998756;5045
2;1741128999066;5046
2;1741128999397;5047
1;1741129001562;8361
2;1741129003370;5048
0;1741129005144;4155
1;1741129005310;8362
0;1741129006434;4156
2;1741129008694;5049
1;1741129010539;8363
1;1741129014131;8364
2;1741129014982;5050
1;1741129015243;8365
0;1741129018684;4157
1;1741129019269;8366
2;1741129019472;5051
2;1741129019593;5052
1;1741129020163;8367
0;1741129023149;4158
0;1741129023232;4159
0;1741129023250;4160
2;1741129027582;5053
1;1741129028654;8368
1;1741129031031;8369
0;1741129031809;4161
0;1741129032612;4162
1;1741129034809;8370
2;1741129040591;5054
2;1741129042537;5055
0;1741129045336;4163
0;1741129046722;4164
1;1741129049872;8371
2;1741129049934;5056
1;1741129051823;8372
0;1741129052065;4165
0;1741129052574;4166
1;1741129052694;8373
1;1741129053770;8374
2;1741129057245;5057
0;1741129057663;4167
2;1741129058391;5058
2;1741129059175;5059
2;1741129059217;5060
1;1741129060266;8375
0;1741129060472;4168
0;1741129065398;4169
1;1741129067352;8376
1;1741129069153;8377
1;1741129070917;8378
0;1741129074118;4170
1;1741129074336;8379
0;1741129078994;4171
2;1741129081506;5061
0;1741129082648;4172
1;1741129083607;8380
2;1741129083755;5062
2;1741129088806;5063
0;1741129089583;4173
1;1741129091809;8381
0;1741129093661;4174
2;1741129097400;5064
0;1741129098857;4175
1;1741129101851;8382
2;1741129102210;5065
0;1741129103187;4176
2;1741129104405;5066
1;1741129109164;8383
2;1741129109235;5067
0;1741129111328;4177
2;1741129111466;5068
1;1741129111931;8384
2;1741129111944;5069
0;1741129111970;4178
1;1741129113413;8385
0;1741129114361;4179
2;1741129114854;5070
1;1741129115230;8386
2;1741129115297;5071
1;1741129116824;8387
2;1741129118786;5072
1;1741129122695;8388
1;1741129123073;8389
0;1741129128303;4180
1;1741129128534;8390
0;1741129130804;4181
2;1741129132758;5073
0;1741129134387;4182
1;1741129136319;8391
2;1741129140433;5074
0;1741129144130;4183
2;1741129144224;5075
2;1741129144357;5076
1;1741129146567;8392
0;1741129150102;4184
1;1741129150712;8393
2;1741129153584;5077
2;1741129156528;5078
1;1741129158388;8394
0;1741129165229;4185
2;1741129165774;5079
2;1741129166917;5080
0;1741129171127;4186
1;1741129172041;8395
2;1741129172643;5081
1;1741129173316;8396
2;1741129174204;5082
0;1741129175742;4187
1;1741129176079;8397
0;1741129176106;4188
0;1741129176443;4189
0;1741129177116;4190
1;1741129183958;8398
0;1741129187217;4191
0;1741129188563;4192
1;1741129188697;8399
2;1741129189460;5083
2;1741129192055;5084
2;1741129193379;5085
1;1741129193469;8400
1;1741129193852;8401
0;1741129194251;4193
2;1741129194733;5086
1;1741129195483;8402
0;1741129196559;4194
0;1741129197934;4195
0;1741129203033;4196
1;1741129203068;8403
2;1741129203209;5087
2;1741129204512;5088
2;1741129205925;5089
1;1741129208675;8404
0;1741129208842;4197
0;1741129209148;4198
2;1741129215931;5090
1;1741129216537;8405
2;1741129217202;5091
1;1741129217781;8406
1;1741129219100;8407
0;1741129219263;4199
1;1741129226806;8408
0;1741129227984;4200
2;1741129229344;5092
2;1741129236443;5093
0;1741129237758;4201
1;1741129237766;8409
1;1741129238559;8410
2;1741129238719;5094
0;1741129242864;4202
2;1741129244482;5095
0;1741129244624;4203
1;1741129247346;8411
1;1741129247785;8412
1;1741129247841;8413
2;1741129248214;5096
1;1741129250026;8414
0;1741129251314;4204
0;1741129251445;4205
2;1741129254410;5097
2;1741129254418;5098
0;1741129258989;4206
0;1741129259571;4207
2;1741129259579;5099
0;1741129260265;4208
1;1741129262067;8415
2;1741129263799;5100
1;1741129265790;8416
0;1741129268235;4209
2;1741129271390;5101
1;1741129273103;8417
2;1741129274858;5102
0;1741129275854;4210
0;1741129283088;4211
2;1741129284553;5103
2;1741129284928;5104
1;1741129285116;8418
0;1741129285535;4212
0;1741129285769;4213
1;1741129291009;8419
0;1741129292880;4214
2;1741129293218;5105
2;1741129293545;5106
2;1741129295287;5107
1;1741129296066;8420
2;1741129296324;5108
1;1741129298170;8421
1;1741129298385;8422
1;1741129298536;8423
0;1741129302256;4215
0;1741129302380;4216
2;1741129304707;5109
1;1741129307648;8424
0;1741129309259;4217
1;1741129311943;8425
2;1741129312900;5110
0;1741129317673;4218
2;1741129322333;5111
1;1741129322860;8426
1;1741129324433;8427
0;1741129325999;4219
1;1741129326545;8428
2;1741129327240;5112
0;1741129327460;4220
0;1741129330255;4221
1;1741129330495;8429
0;1741129331442;4222
2;1741129333507;5113
2;1741129338422;5114
0;1741129339156;4223
0;1741129339643;4224
1;1741129339984;8430
1;1741129342696;8431
1;1741129343767;8432
2;1741129344851;5115
0;1741129345965;4225
2;1741129350163;5116
2;1741129351718;5117
1;1741129353972;8433
2;1741129355504;5118
1;1741129359251;8434
2;1741129359388;5119
0;1741129360720;4226
1;1741129361111;8435
0;1741129365693;4227
1;1741129365764;8436
2;1741129367865;5120
2;1741129367892;5121
0;1741129371793;4228
0;1741129374419;4229
2;1741129374665;5122
1;1741129375480;8437
1;1741129377613;8438
1;1741129378571;8439
0;1741129379551;4230
0;1741129381437;4231
1;1741129384184;8440
0;1741129384343;4232
0;1741129384608;4233
0;1741129387187;4234
2;1741129387798;5123
0;1741129390180;4235
2;1741129391359;5124
2;1741129392368;5125
1;1741129392629;8441
1;1741129395817;8442
1;1741129398200;8443
2;1741129401050;5126
1;1741129403327;8444
2;1741129403441;5127
0;1741129405783;4236
2;1741129405824;5128
2;1741129405845;5129
0;1741129408780;4237
2;1741129413737;5130
0;1741129413937;4238
1;1741129414125;8445
1;1741129420017;8446
2;1741129420916;5131
1;1741129421018;8447
2;1741129423044;5132
0;1741129423958;4239
1;1741129425590;8448
0;1741129427239;4240
1;1741129433453;8449
2;1741129434929;5133
0;1741129436309;4241
2;1741129439308;5134
1;1741129440836;8450
2;1741129442374;5135
0;1741129443064;4242
2;1741129443076;5136
0;1741129445476;4243
1;1741129445712;8451
0;1741129448139;4244
0;1741129449503;4245
2;1741129449626;5137
1;1741129451714;8452
1;1741129452944;8453
0;1741129454925;4246
2;1741129459402;5138
0;1741129459564;4247
1;1741129460303;8454
0;1741129461390;4248
0;1741129462931;4249
2;1741129468384;5139
2;1741129468413;5140
1;1741129471429;8455
1;1741129471464;8456
2;1741129471484;5141
2;1741129471682;5142
1;1741129472895;8457
2;1741129473193;5143
1;1741129478391;8458
0;1741129478676;4250
1;1741129479593;8459
0;1741129483725;4251
0;1741129486173;4252
1;1741129488612;8460
2;1741129489182;5144
2;1741129492455;5145
0;1741129493352;4253
1;1741129494243;8461
2;1741129495526;5146
0;1741129497931;4254
1;1741129498294;8462
1;1741129498494;8463
1;1741129501257;8464
0;1741129501508;4255
0;1741129501685;4256
0;1741129502854;4257
2;1741129503456;5147
0;1741129503843;4258
2;1741129514337;5148
1;1741129514948;8465
1;1741129517034;8466
2;1741129517949;5149
1;1741129518202;8467
0;1741129524196;4259
2;1741129526696;5150
0;1741129527617;4260
2;1741129528454;5151
0;1741129531271;4261
2;1741129533730;5152
1;1741129534831;8468
1;1741129536076;8469
0;1741129536975;4262
1;1741129539193;8470
1;1741129539916;8471
2;1741129540092;5153
0;1741129542364;4263
2;1741129542490;5154
1;1741129543742;8472
0;1741129545835;4264
2;1741129546484;5155
2;1741129548437;5156
0;1741129549437;4265
0;1741129551942;4266
1;1741129552622;8473
2;1741129553078;5157
2;1741129559201;5158
1;1741129559401;8474
1;1741129559471;8475
1;1741129561342;8476
0;1741129565999;4267
0;1741129567191;4268
2;1741129568610;5159
2;1741129570979;5160
2;1741129576873;5161
1;1741129577255;8477
1;1741129577643;8478
2;1741129579687;5162
0;1741129584738;4269
0;1741129585048;4270
2;1741129585288;5163
1;1741129585461;8479
1;1741129586407;8480
0;1741129590426;4271
0;1741129592833;4272
2;1741129593725;5164
2;1741129593896;5165
0;1741129594828;4273
2;1741129596780;5166
1;1741129598068;8481
1;1741129600132;8482
0;1741129601137;4274
0;1741129601996;4275
0;1741129606145;4276
2;1741129608059;5167
2;1741129608250;5168
1;1741129609826;8483
1;1741129609924;8484
2;1741129611637;5169
1;1741129613731;8485
0;1741129616307;4277
1;1741129616576;8486
1;1741129617262;8487
2;1741129621946;5170
0;1741129623630;4278
0;1741129625939;4279
2;1741129626621;5171
2;1741129628127;5172
0;1741129628666;4280
1;1741129630487;8488
0;1741129633102;4281
1;1741129633605;8489
2;1741129635385;5173
2;1741129636195;5174
0;1741129636702;4282
0;1741129637651;4283
1;1741129638245;8490
2;1741129645010;5175
2;1741129646594;5176
2;1741129648272;5177
2;1741129648748;5178
0;1741129650295;4284
1;1741129652414;8491
2;1741129653759;5179
1;1741129654742;8492
0;1741129659172;4285
0;1741129663028;4286
1;1741129663451;8493
1;1741129664735;8494
1;1741129665895;8495
0;1741129665914;4287
1;1741129667652;8496
1;1741129668349;8497
0;1741129671412;4288
2;1741129671794;5180
2;1741129673760;5181
1;1741129676261;8498
2;1741129679005;5182
1;1741129679140;8499
0;1741129679529;4289
2;1741129680713;5183
0;1741129683143;4290
0;1741129686469;4291
1;1741129688012;8500
0;1741129688780;4292
0;1741129689223;4293
2;1741129690058;5184
2;1741129692693;5185
1;1741129693818;8501
1;1741129696395;8502
2;1741129697533;5186
2;1741129699221;5187
1;1741129700539;8503
2;1741129701510;5188
0;1741129706567;4294
0;1741129708772;4295
1;1741129709770;8504
2;1741129709784;5189
0;1741129712448;4296
2;1741129712786;5190
1;1741129715300;8505
0;1741129718905;4297
1;1741129719842;8506
0;1741129722886;4298
2;1741129722909;5191
2;1741129723476;5192
0;1741129724644;4299
1;1741129726315;8507
1;1741129727359;8508
0;1741129727478;4300
0;1741129728817;4301
2;1741129728920;5193
0;1741129730087;4302
2;1741129732711;5194
0;1741129732944;4303
1;1741129738750;8509
0;1741129739937;4304
2;1741129741062;5195
0;1741129743817;4305
1;1741129746939;8510
1;1741129752864;8511
0;1741129754134;4306
1;1741129754361;8512
2;1741129760241;5196
2;1741129760969;5197
2;1741129762068;5198
2;1741129762081;5199
1;1741129765323;8513
1;1741129765350;8514
1;1741129765735;8515
1;1741129768211;8516
2;1741129769411;5200
0;1741129769915;4307
2;1741129770602;5201
0;1741129771456;4308
0;1741129777119;4309
1;1741129778050;8517
1;1741129778494;8518
1;1741129779969;8519
0;1741129780071;4310
0;1741129781412;4311
0;1741129784180;4312
1;1741129786051;8520
0;1741129787881;4313
2;1741129790374;5202
1;1741129791488;8521
2;1741129791767;5203
0;1741129796032;4314
1;1741129796966;8522
2;1741129797214;5204
2;1741129798799;5205
0;1741129802263;4315
2;1741129802819;5206
2;1741129805346;5207
1;1741129806799;8523
1;1741129809971;8524
1;1741129813412;8525
0;1741129814176;4316
2;1741129814577;5208
2;1741129815276;5209
0;1741129815798;4317
0;1741129817119;4318
2;1741129817527;5210
1;1741129817666;8526
2;1741129821689;5211
0;1741129824474;4319
1;1741129828285;8527
0;1741129828799;4320
1;1741129830491;8528
0;1741129830677;4321
2;1741129830876;5212
2;1741129831422;5213
0;1741129832683;4322
1;1741129833690;8529
1;1741129834867;8530
2;1741129836253;5214
2;1741129836683;5215
1;1741129837542;8531
2;1741129840112;5216
2;1741129841236;5217
0;1741129842408;4323
0;1741129848582;4324
0;1741129849149;4325
2;1741129851909;5218
1;1741129851934;8532
1;1741129852157;8533
2;1741129853344;5219
0;1741129856540;4326
0;1741129857124;4327
0;1741129863799;4328
2;1741129864282;5220
2;1741129867219;5221
1;1741129869842;8534
1;1741129872015;8535
2;1741129875336;5222
1;1741129876036;8536
0;1741129876496;4329
0;1741129878382;4330
2;1741129878865;5223
1;1741129879309;8537
1;1741129879335;8538
1;1741129880619;8539
2;1741129881607;5224
2;1741129884109;5225
1;1741129886967;8540
0;1741129887835;4331
2;1741129892191;5226
0;1741129898235;4332
1;1741129899685;8541
0;1741129901438;4333
0;1741129901764;4334
0;1741129902603;4335
1;1741129903015;8542
1;1741129906849;8543
1;1741129907284;8544
2;1741129907510;5227
1;1741129909348;8545
2;1741129909739;5228
0;1741129913706;4336
2;1741129915340;5229
0;1741129915598;4337
2;1741129916669;5230
0;1741129916748;4338
1;1741129921465;8546
1;1741129923954;8547
0;1741129924134;4339
0;1741129924179;4340
2;1741129926062;5231
1;1741129927841;8548
1;1741129927904;8549
2;1741129930207;5232
0;1741129934954;4341
2;1741129935314;5233
0;1741129939485;4342
1;1741129939837;8550
1;1741129941913;8551
0;1741129944494;4343
2;1741129946200;5234
1;1741129947172;8552
2;1741129948272;5235
0;1741129949335;4344
2;1741129952346;5236
2;1741129953986;5237
1;1741129954078;8553
1;1741129956893;8554
0;1741129957165;4345
2;1741129959304;5238
0;1741129961000;4346
0;1741129961912;4347
2;1741129962560;5239
0;1741129963741;4348
0;1741129964437;4349
0;1741129966009;4350
1;1741129967769;8555
2;1741129968725;5240
1;1741129970093;8556
1;1741129970270;8557
2;1741129972591;5241
2;1741129974177;5242
1;1741129976919;8558
1;1741129978721;8559
2;1741129980949;5243
2;1741129981080;5244
2;1741129983033;5245
0;1741129983181;4351
1;1741129983821;8560
0;1741129986004;4352
0;1741129987055;4353
1;1741129991559;8561
2;1741129992699;5246
0;1741129998023;4354
0;1741129998107;4355
1;1741129998592;8562
2;1741130001071;5247
1;1741130004657;8563
0;1741130004977;4356
0;1741130005274;4357
1;1741130006054;8564
2;1741130008370;5248
1;1741130008937;8565
2;1741130014256;5249
2;1741130015275;5250
1;1741130016049;8566
2;1741130017622;5251
0;1741130021815;4358
1;1741130022682;8567
0;1741130023662;4359
1;1741130024991;8568
1;1741130027002;8569
0;1741130028239;4360
2;1741130029177;5252
0;1741130031061;4361
0;1741130034529;4362
0;1741130035606;4363
0;1741130036034;4364
1;1741130037467;8570
2;1741130037956;5253
2;1741130039810;5254
2;1741130044442;5255
2;1741130048725;5256
1;1741130048958;8571
2;1741130049243;5257
1;1741130049491;8572
2;1741130049888;5258
1;1741130050698;8573
2;1741130054472;5259
0;1741130055097;4365
1;1741130055150;8574
1;1741130056417;8575
0;1741130057922;4366
1;1741130062926;8576
2;1741130065797;5260
0;1741130067433;4367
0;1741130067444;4368
0;1741130073478;4369
0;1741130075088;4370
0;1741130077120;4371
2;1741130080645;5261
0;1741130081620;4372
1;1741130081727;8577
2;1741130081904;5262
2;1741130083521;5263
2;1741130086729;5264
1;1741130088259;8578
1;1741130088974;8579
1;1741130089295;8580
1;1741130091302;8581
2;1741130091610;5265
1;1741130092680;8582
0;1741130093056;4373
1;1741130094929;8583
0;1741130102666;4374
2;1741130102863;5266
0;1741130102886;4375
2;1741130103568;5267
2;1741130105030;5268
0;1741130106074;4376
0;1741130106132;4377
2;1741130106316;5269
2;1741130108151;5270
1;1741130108677;8584
2;1741130113593;5271
0;1741130114332;4378
1;1741130117564;8585
1;1741130118787;8586
0;1741130125215;4379
1;1741130125907;8587
0;1741130132492;4380
0;1741130133614;4381
0;1741130133790;4382
1;1741130135347;8588
1;1741130136124;8589
2;1741130138898;5272
1;1741130139588;8590
2;1741130140620;5273
1;1741130140762;8591
0;1741130141319;4383
2;1741130141940;5274
2;1741130144951;5275
0;1741130145575;4384
0;1741130146518;4385
1;1741130148258;8592
2;1741130150518;5276
1;1741130156111;8593
2;1741130156121;5277
0;1741130158396;4386
0;1741130158828;4387
1;1741130159278;8594
1;1741130161952;8595
2;1741130162831;5278
2;1741130163264;5279
1;1741130166827;8596
0;1741130167395;4388
1;1741130168348;8597
0;1741130168524;4389
2;1741130171918;5280
0;1741130171979;4390
1;1741130172981;8598
0;1741130174291;4391
1;1741130178325;8599
2;1741130179827;5281
1;1741130181652;8600
0;1741130181979;4392
2;1741130184803;5282
2;1741130186129;5283
0;1741130187793;4393
2;1741130189393;5284
0;1741130192243;4394
2;1741130195349;5285
2;1741130196984;5286
0;1741130198595;4395
0;1741130200308;4396
1;1741130202839;8601
1;1741130204624;8602
1;1741130204857;8603
2;1741130205258;5287
1;1741130210366;8604
2;1741130210619;5288
1;1741130212708;8605
0;1741130216501;4397
0;1741130216635;4398
2;1741130216732;5289
0;1741130220720;4399
1;1741130223489;8606
2;1741130224739;5290
1;1741130225739;8607
1;1741130225823;8608
2;1741130226173;5291
1;1741130227015;8609
2;1741130228709;5292
0;1741130231182;4400
2;1741130232981;5293
2;1741130234026;5294
0;1741130234525;4401
2;1741130235146;5295
2;1741130238541;5296
2;1741130240217;5297
0;1741130241638;4402
0;1741130243307;4403
1;1741130243384;8610
0;1741130246868;4404
0;1741130248834;4405
2;1741130250142;5298
1;1741130250536;8611
1;1741130251023;8612
1;1741130252152;8613
1;1741130255894;8614
1;1741130258630;8615
0;1741130259543;4406
2;1741130262241;5299
0;1741130262789;4407
0;1741130264771;4408
1;1741130265771;8616
0;1741130269171;4409
1;1741130269567;8617
2;1741130271072;5300
1;1741130275124;8618
2;1741130275394;5301
0;1741130276536;4410
2;1741130277964;5302
0;1741130280526;4411
2;1741130280642;5303
1;1741130281444;8619
2;1741130284048;5304
1;1741130288304;8620
1;1741130288723;8621
1;1741130292254;8622
0;1741130292820;4412
0;1741130293032;4413
2;1741130293853;5305
0;1741130299617;4414
0;1741130300255;4415
2;1741130300286;5306
2;1741130302274;5307
1;1741130304056;8623
2;1741130305120;5308
2;1741130305390;5309
0;1741130306682;4416
1;1741130309044;8624
0;1741130309158;4417
1;1741130309442;8625
1;1741130310451;8626
1;1741130316391;8627
1;1741130318384;8628
2;1741130320566;5310
2;1741130322586;5311
0;1741130326996;4418
2;1741130328698;5312
0;1741130332206;4419
0;1741130332336;4420
2;1741130334184;5313
1;1741130334965;8629
1;1741130335726;8630
2;1741130337277;5314
2;1741130339894;5315
1;1741130341328;8631
0;1741130343041;4421
1;1741130343235;8632
0;1741130346784;4422
0;1741130348298;4423
0;1741130350552;4424
0;1741130351074;4425
0;1741130351380;4426
2;1741130351459;5316
1;1741130353622;8633
2;1741130354910;5317
1;1741130357090;8634
1;1741130357253;8635
0;1741130363515;4427
2;1741130365549;5318
0;1741130366775;4428
0;1741130373892;4429
1;1741130374287;8636
1;1741130375270;8637
2;1741130377846;5319
0;1741130378490;4430
2;1741130382036;5320
0;1741130382094;4431
2;1741130384206;5321
0;1741130384546;4432
1;1741130387244;8638
1;1741130389145;8639
2;1741130389175;5322
2;1741130389747;5323
2;1741130391807;5324
1;1741130392780;8640
1;1741130393490;8641
2;1741130394929;5325
1;1741130395513;8642
2;1741130395984;5326
0;1741130396123;4433
0;1741130398515;4434
1;1741130401354;8643
2;1741130403184;5327
2;1741130406703;5328
0;1741130409111;4435
0;1741130409535;4436
2;1741130410155;5329
0;1741130411293;4437
2;1741130412338;5330
1;1741130413038;8644
1;1741130416748;8645
1;1741130417500;8646
0;1741130417871;4438
1;1741130419316;8647
2;1741130424060;5331
2;1741130424854;5332
1;1741130425177;8648
0;1741130429668;4439
0;1741130430615;4440
1;1741130432425;8649
2;1741130438176;5333
0;1741130439069;4441
0;1741130439765;4442
1;1741130439876;8650
2;1741130442388;5334
1;1741130443646;8651
2;1741130445173;5335
0;1741130445991;4443
2;1741130446822;5336
0;1741130448055;4444
1;1741130450394;8652
0;1741130450846;4445
1;1741130451776;8653
0;1741130453822;4446
2;1741130455329;5337
0;1741130458759;4447
2;1741130464925;5338
2;1741130465496;5339
2;1741130467909;5340
1;1741130470096;8654
2;1741130470108;5341
1;1741130472957;8655
0;1741130473055;4448
2;1741130473197;5342
0;1741130473314;4449
0;1741130474312;4450
1;1741130475124;8656
1;1741130477369;8657
0;1741130477678;4451
1;1741130478357;8658
0;1741130478764;4452
1;1741130482766;8659
0;1741130482949;4453
1;1741130483884;8660
2;1741130486023;5343
0;1741130486611;4454
1;1741130486869;8661
2;1741130495425;5344
1;1741130496661;8662
2;1741130497957;5345
1;1741130501829;8663
2;1741130508274;5346
2;1741130508681;5347
0;1741130509215;4455
0;1741130509969;4456
1;1741130510319;8664
2;1741130512595;5348
0;1741130516704;4457
1;1741130517413;8665
1;1741130517874;8666
2;1741130521997;5349
2;1741130523697;5350
0;1741130524401;4458
2;1741130527746;5351
2;1741130527874;5352
1;1741130529433;8667
0;1741130529835;4459
1;1741130530917;8668
1;1741130533694;8669
0;1741130535708;4460
1;1741130540784;8670
2;1741130541698;5353
0;1741130542492;4461
2;1741130542644;5354
2;1741130542932;5355
0;1741130544069;4462
1;1741130544158;8671
1;1741130544568;8672
2;1741130545364;5356
1;1741130545634;8673
0;1741130546630;4463
0;1741130547461;4464
0;1741130549206;4465
0;1741130555070;4466
2;1741130555368;5357
2;1741130556735;5358
2;1741130565217;5359
1;1741130565702;8674
1;1741130568091;8675
2;1741130568152;5360
2;1741130568499;5361
1;1741130568902;8676
2;1741130570235;5362
0;1741130572253;4467
0;1741130573281;4468
0;1741130573812;4469
0;1741130574170;4470
1;1741130574951;8677
0;1741130577327;4471
2;1741130578451;5363
1;1741130578467;8678
1;1741130579123;8679
1;1741130582751;8680
1;1741130584791;8681
0;1741130588923;4472
1;1741130589933;8682
0;1741130590171;4473
2;1741130590929;5364
0;1741130592571;4474
0;1741130592917;4475
1;1741130593880;8683
0;1741130594738;4476
1;1741130596310;8684
2;1741130600709;5365
1;1741130605251;8685
2;1741130606221;5366
1;1741130607033;8686
2;1741130607967;5367
2;1741130608109;5368
2;1741130609030;5369
0;1741130615017;4477
0;1741130616939;4478
1;1741130618614;8687
0;1741130621074;4479
0;1741130623675;4480
2;1741130626869;5370
2;1741130628291;5371
0;1741130632439;4481
2;1741130632935;5372
0;1741130633480;4482
2;1741130634238;5373
1;1741130634649;8688
1;1741130635786;8689
2;1741130641292;5374
0;1741130642456;4483
1;1741130642501;8690
2;1741130643505;5375
1;1741130648188;8691
2;1741130649159;5376
1;1741130651076;8692
0;1741130651888;4484
2;1741130654163;5377
2;1741130654495;5378
2;1741130655071;5379
1;1741130657139;8693
0;1741130658028;4485
1;1741130658396;8694
1;1741130658804;8695
0;1741130659722;4486
2;1741130662117;5380
0;1741130665454;4487
0;1741130665463;4488
1;1741130667525;8696
2;1741130671550;5381
0;1741130672262;4489
1;1741130673052;8697
0;1741130674861;4490
2;1741130674894;5382
1;1741130678237;8698
0;1741130681021;4491
0;1741130686854;4492
2;1741130687524;5383
1;1741130689495;8699
2;1741130689523;5384
1;1741130693657;8700
0;1741130695918;4493
2;1741130696236;5385
1;1741130698613;8701
1;1741130699076;8702
1;1741130701293;8703
1;1741130703009;8704
2;1741130704866;5386
0;1741130705123;4494
2;1741130707839;5387
0;1741130708795;4495
2;1741130709432;5388
0;1741130709499;4496
2;1741130712786;5389
1;1741130714686;8705
2;1741130714818;5390
0;1741130715318;4497
0;1741130719486;4498
1;1741130721690;8706
0;1741130726196;4499
0;1741130727551;4500
0;1741130728465;4501
1;1741130728863;8707
0;1741130730523;4502
1;1741130732599;8708
1;1741130733113;8709
1;1741130734208;8710
2;1741130736293;5391
2;1741130736716;5392
2;1741130737471;5393
2;1741130738085;5394
1;1741130738945;8711
2;1741130741785;5395
1;1741130742839;8712
2;1741130745084;5396
0;1741130746443;4503
0;1741130750167;4504
0;1741130750309;4505
0;1741130753079;4506
2;1741130754969;5397
0;1741130754985;4507
2;1741130755824;5398
0;1741130757643;4508
2;1741130759791;5399
1;1741130765447;8713
2;1741130770373;5400
2;1741130770544;5401
1;1741130771073;8714
2;1741130773485;5402
1;1741130775114;8715
0;1741130775201;4509
2;1741130778397;5403
1;1741130778411;8716
1;1741130778454;8717
0;1741130779677;4510
1;1741130780651;8718
0;1741130782169;4511
0;1741130784955;4512
2;1741130786001;5404
2;1741130786970;5405
1;1741130788592;8719
1;1741130790114;8720
0;1741130794087;4513
1;1741130794441;8721
2;1741130794543;5406
0;1741130797275;4514
1;1741130801748;8722
0;1741130805399;4515
1;1741130812108;8723
2;1741130813313;5407
2;1741130815136;5408
0;1741130815686;4516
1;1741130816829;8724
0;1741130817656;4517
1;1741130817957;8725
1;1741130818331;8726
0;1741130818396;4518
2;1741130818618;5409
0;1741130821421;4519
1;1741130821613;8727
2;1741130821736;5410
2;1741130822041;5411
1;1741130822987;8728
0;1741130825628;4520
1;1741130827259;8729
0;1741130828927;4521
2;1741130832480;5412
0;1741130833148;4522
2;1741130835244;5413
1;1741130835926;8730
2;1741130836377;5414
1;1741130838095;8731
0;1741130838272;4523
0;1741130845250;4524
2;1741130845282;5415
2;1741130846209;5416
1;1741130848707;8732
1;1741130851293;8733
1;1741130852188;8734
0;1741130853635;4525
2;1741130857913;5417
0;1741130858717;4526
0;1741130859626;4527
0;1741130860194;4528
2;1741130860775;5418
2;1741130864193;5419
1;1741130866001;8735
2;1741130868459;5420
1;1741130870947;8736
0;1741130871682;4529
2;1741130872325;5421
2;1741130873715;5422
0;1741130873776;4530
1;1741130873883;8737
1;1741130875756;8738
1;1741130876607;8739
2;1741130881123;5423
0;1741130883657;4531
2;1741130891851;5424
2;1741130892250;5425
0;1741130893396;4532
1;1741130894021;8740
0;1741130894517;4533
1;1741130894608;8741
1;1741130895279;8742
1;1741130895462;8743
2;1741130896395;5426
0;1741130902926;4534
1;1741130906416;8744
2;1741130906547;5427
0;1741130908241;4535
0;1741130908414;4536
0;1741130908996;4537
1;1741130912201;8745
0;1741130914432;4538
2;1741130914824;5428
1;1741130914987;8746
0;1741130917661;4539
1;1741130917989;8747
2;1741130919285;5429
1;1741130920079;8748
0;1741130920972;4540
2;1741130921005;5430
2;1741130922694;5431
1;1741130924470;8749
2;1741130927166;5432
0;1741130928312;4541
2;1741130933525;5433
0;1741130934220;4542
2;1741130935146;5434
2;1741130937973;5435
0;1741130943710;4543
1;1741130944392;8750
2;1741130946484;5436
2;1741130947264;5437
1;1741130947449;8751
1;1741130951125;8752
2;1741130952024;5438
0;1741130953634;4544
2;1741130955855;5439
2;1741130956670;5440
0;1741130957864;4545
0;1741130959658;4546
1;1741130960416;8753
2;1741130960430;5441
0;1741130960584;4547
1;1741130961591;8754
0;1741130965133;4548
1;1741130965155;8755
0;1741130965309;4549
2;1741130974523;5442
1;1741130974739;8756
1;1741130974854;8757
1;1741130977076;8758
0;1741130978418;4550
1;1741130979002;8759
0;1741130981669;4551
0;1741130984130;4552
2;1741130986386;5443
2;1741130989992;5444
2;1741130991116;5445
2;1741130993047;5446
1;1741130994778;8760
1;1741130994815;8761
0;1741130997835;4553
0;1741130998726;4554
1;1741130999190;8762
2;1741130999327;5447
0;1741131000167;4555
1;1741131000473;8763
2;1741131003506;5448
1;1741131005107;8764
0;1741131007187;4556
0;1741131008995;4557
1;1741131011445;8765
2;1741131012128;5449
1;1741131013757;8766
0;1741131013935;4558
2;1741131016447;5450
0;1741131018591;4559
2;1741131023977;5451
1;1741131024770;8767
0;1741131026042;4560
0;1741131026288;4561
2;1741131030362;5452
2;1741131031343;5453
1;1741131032257;8768
2;1741131034305;5454
1;1741131035368;8769
0;1741131038235;4562
1;1741131042616;8770
2;1741131042977;5455
2;1741131043329;5456
0;1741131044479;4563
1;1741131044629;8771
0;1741131044893;4564
1;1741131046847;8772
2;1741131047135;5457
1;1741131050386;8773
1;1741131050611;8774
0;1741131052072;4565
0;1741131052509;4566
2;1741131053198;5458
2;1741131053574;5459
1;1741131057104;8775
2;1741131059730;5460
1;1741131062365;8776
1;1741131063313;8777
0;1741131065674;4567
2;1741131065775;5461
2;1741131065979;5462
1;1741131075182;8778
1;1741131075700;8779
0;1741131075924;4568
2;1741131078615;5463
0;1741131079609;4569
0;1741131082023;4570
1;1741131084553;8780
0;1741131085415;4571
1;1741131087223;8781
0;1741131090892;4572
0;1741131091713;4573
0;1741131092586;4574
2;1741131099234;5464
2;1741131100789;5465
0;1741131100814;4575
1;1741131101652;8782
1;1741131102219;8783
1;1741131106324;8784
2;1741131107803;5466
2;1741131108007;5467
0;1741131109920;4576
2;1741131112011;5468
0;1741131113192;4577
2;1741131113973;5469
0;1741131114003;4578
2;1741131115806;5470
0;1741131121620;4579
1;1741131122520;8785
2;1741131123529;5471
2;1741131123578;5472
1;1741131123958;8786
0;1741131127564;4580
1;1741131129283;8787
2;1741131130018;5473
1;1741131130726;8788
2;1741131131257;5474
1;1741131132100;8789
1;1741131133968;8790
0;1741131135473;4581
0;1741131138135;4582
0;1741131138471;4583
1;1741131146966;8791
2;1741131148440;5475
2;1741131149110;5476
0;1741131151390;4584
2;1741131152335;5477
0;1741131153733;4585
0;1741131153989;4586
1;1741131154309;8792
1;1741131156592;8793
2;1741131158426;5478
1;1741131159092;8794
0;1741131159810;4587
1;1741131160275;8795
2;1741131160338;5479
2;1741131164154;5480
1;1741131164286;8796
0;1741131166416;4588
2;1741131167143;5481
1;1741131169002;8797
0;1741131171792;4589
1;1741131174525;8798
2;1741131175155;5482
0;1741131177227;4590
0;1741131179680;4591
0;1741131181278;4592
2;1741131187706;5483
1;1741131189987;8799
2;1741131191466;5484
0;1741131191535;4593
2;1741131193012;5485
0;1741131193305;4594
2;1741131193625;5486
1;1741131195354;8800
1;1741131197037;8801
2;1741131199300;5487
1;1741131199367;8802
1;1741131199810;8803
2;1741131203750;5488
1;1741131204206;8804
1;1741131206129;8805
2;1741131209947;5489
0;1741131212085;4595
0;1741131213498;4596
1;1741131214389;8806
0;1741131216199;4597
0;1741131220601;4598
2;1741131221621;5490
2;1741131222219;5491
0;1741131222899;4599
1;1741131224637;8807
0;1741131225442;4600
1;1741131226364;8808
2;1741131226800;5492
1;1741131228963;8809
1;1741131230380;8810
0;1741131232460;4601
2;1741131232777;5493
2;1741131234800;5494
1;1741131237445;8811
0;1741131241177;4602
0;1741131242891;4603
1;1741131244034;8812
2;1741131246701;5495
2;1741131247095;5496
0;1741131249326;4604
0;1741131249891;4605
1;1741131253368;8813
2;1741131253405;5497
1;1741131255757;8814
2;1741131256639;5498
0;1741131260184;4606
1;1741131261372;8815
2;1741131262183;5499
1;1741131263911;8816
0;1741131264087;4607
1;1741131265597;8817
0;1741131267173;4608
2;1741131268804;5500
2;1741131273260;5501
0;1741131274865;4609
2;1741131276735;5502
1;1741131279030;8818
0;1741131281784;4610
0;1741131282355;4611
2;1741131282476;5503
0;1741131285308;4612
2;1741131286488;5504
2;1741131293237;5505
0;1741131295411;4613
1;1741131297214;8819
1;1741131297901;8820
1;1741131300508;8821
1;1741131300520;8822
2;1741131302637;5506
2;1741131302848;5507
2;1741131303460;5508
2;1741131304164;5509
0;1741131304499;4614
0;1741131306346;4615
0;1741131309317;4616
0;1741131309681;4617
1;1741131310880;8823
1;1741131312514;8824
1;1741131313593;8825
0;1741131314873;4618
1;1741131315895;8826
2;1741131317895;5510
0;1741131318753;4619
2;1741131320937;5511
1;1741131324314;8827
2;1741131326528;5512
0;1741131327829;4620
1;1741131328117;8828
1;1741131328285;8829
1;1741131328866;8830
0;1741131333959;4621
0;1741131334730;4622
0;1741131335927;4623
2;1741131338529;5513
1;1741131339482;8831
1;1741131339554;8832
0;1741131340783;4624
0;1741131344623;4625
2;1741131348999;5514
1;1741131350567;8833
2;1741131352338;5515
2;1741131355062;5516
2;1741131359641;5517
0;1741131361309;4626
2;1741131362127;5518
0;1741131362161;4627
2;1741131362511;5519
1;1741131362950;8834
1;1741131365519;8835
0;1741131366847;4628
1;1741131368367;8836
1;1741131368601;8837
0;1741131368901;4629
1;1741131369930;8838
2;1741131370756;5520
1;1741131372096;8839
0;1741131374529;4630
2;1741131374579;5521
2;1741131377209;5522
2;1741131377220;5523
0;1741131383112;4631
2;1741131383343;5524
2;1741131386155;5525
1;1741131388356;8840
1;1741131390721;8841
2;1741131392290;5526
0;1741131392903;4632
2;1741131392958;5527
0;1741131393107;4633
0;1741131396363;4634
0;1741131401278;4635
2;1741131402165;5528
0;1741131403408;4636
1;1741131405735;8842
1;1741131407683;8843
0;1741131409511;4637
1;1741131411141;8844
2;1741131411252;5529
0;1741131411545;4638
1;1741131411612;8845
1;1741131416377;8846
0;1741131418879;4639
1;1741131425217;8847
1;1741131428299;8848
2;1741131429656;5530
0;1741131431511;4640
2;1741131431850;5531
2;1741131433804;5532
2;1741131434315;5533
1;1741131434550;8849
2;1741131434752;5534
0;1741131435327;4641
2;1741131435767;5535
0;1741131438635;4642
1;1741131438812;8850
0;1741131439654;4643
0;1741131441376;4644
1;1741131441555;8851
2;1741131445920;5536
1;1741131452458;8852
2;1741131453140;5537
0;1741131454463;4645
1;1741131456500;8853
2;1741131462582;5538
0;1741131465827;4646
1;1741131467780;8854
2;1741131469331;5539
0;1741131470051;4647
0;1741131470441;4648
2;1741131471488;5540
1;1741131471599;8855
1;1741131472263;8856
2;1741131474624;5541
2;1741131475638;5542
1;1741131477418;8857
1;1741131481234;8858
0;1741131482802;4649
0;1741131483626;4650
2;1741131484641;5543
1;1741131485216;8859
0;1741131487071;4651
0;1741131488378;4652
0;1741131488832;4653
2;1741131489672;5544
2;1741131491430;5545
1;1741131499672;8860
0;1741131500601;4654
1;1741131501386;8861
0;1741131501691;4655
1;1741131502242;8862
2;1741131502255;5546
1;1741131502898;8863
0;1741131504981;4656
2;1741131507806;5547
1;1741131509543;8864
2;1741131510922;5548
0;1741131511219;4657
1;1741131511437;8865
0;1741131513744;4658
2;1741131516299;5549
1;1741131520784;8866
2;1741131522104;5550
2;1741131524764;5551
1;1741131525570;8867
1;1741131525648;8868
2;1741131528230;5552
0;1741131531354;4659
2;1741131533536;5553
1;1741131535299;8869
1;1741131536404;8870
0;1741131539959;4660
1;1741131541018;8871
0;1741131541024;4661
2;1741131542055;5554
0;1741131542120;4662
1;1741131543246;8872
2;1741131543446;5555
2;1741131545947;5556
1;1741131546249;8873
1;1741131548127;8874
0;1741131550976;4663
2;1741131551191;5557
2;1741131552858;5558
0;1741131554867;4664
0;1741131555637;4665
0;1741131555845;4666
2;1741131556017;5559
1;1741131556382;8875
0;1741131556416;4667
0;1741131564079;4668
0;1741131568078;4669
2;1741131568730;5560
2;1741131570133;5561
1;1741131571949;8876
2;1741131574916;5562
1;1741131575932;8877
1;1741131576107;8878
1;1741131576117;8879
2;1741131580638;5563
1;1741131580682;8880
2;1741131582662;5564
0;1741131583262;4670
0;1741131583817;4671
0;1741131584402;4672
0;1741131588122;4673
0;1741131588227;4674
0;1741131590488;4675
1;1741131594088;8881
1;1741131595275;8882
1;1741131596208;8883
2;1741131596346;5565
1;1741131607902;8884
1;1741131608560;8885
0;1741131608706;4676
0;1741131610301;4677
2;1741131613272;5566
1;1741131613375;8886
1;1741131613464;8887
2;1741131614646;5567
1;1741131621040;8888
2;1741131622804;5568
2;1741131624092;5569
2;1741131627440;5570
0;1741131628152;4678
0;1741131628630;4679
2;1741131630120;5571
2;1741131630253;5572
0;1741131630973;4680
2;1741131632281;5573
2;1741131632662;5574
1;1741131633571;8889
2;1741131635399;5575
0;1741131636416;4681
2;1741131637439;5576
1;1741131639494;8890
0;1741131642603;4682
1;1741131642631;8891
0;1741131643796;4683
0;1741131644356;4684
1;1741131647568;8892
1;1741131648648;8893
0;1741131653343;4685
1;1741131656500;8894
2;1741131656518;5577
0;1741131656743;4686
1;1741131660112;8895
0;1741131660982;4687
2;1741131662042;5578
2;1741131663834;5579
0;1741131664325;4688
0;1741131665047;4689
1;1741131665433;8896
2;1741131666208;5580
1;1741131667816;8897
0;1741131670119;4690
2;1741131670134;5581
1;1741131671341;8898
2;1741131676435;5582
2;1741131677777;5583
2;1741131679160;5584
2;1741131680072;5585
1;1741131681546;8899
2;1741131682857;5586
0;1741131683799;4691
0;1741131686513;4692
2;1741131688477;5587
1;1741131689216;8900
0;1741131689702;4693
1;1741131693006;8901
1;1741131696081;8902
0;1741131696269;4694
2;1741131703593;5588
0;1741131703951;4695
1;1741131704229;8903
1;1741131706913;8904
0;1741131708001;4696
0;1741131711974;4697
0;1741131712635;4698
2;1741131712795;5589
1;1741131715013;8905
1;1741131715364;8906
0;1741131717918;4699
2;1741131721439;5590
1;1741131723439;8907
1;1741131723975;8908
2;1741131725771;5591
0;1741131728986;4700
2;1741131730183;5592
1;1741131730425;8909
2;1741131732471;5593
1;1741131732591;8910
2;1741131733437;5594
1;1741131733477;8911
2;1741131734845;5595
0;1741131735637;4701
0;1741131736004;4702
0;1741131739551;4703
1;1741131740847;8912
0;1741131745268;4704
2;1741131748012;5596
2;1741131748220;5597
0;1741131749140;4705
2;1741131750814;5598
1;1741131752467;8913
2;1741131757333;5599
0;1741131765464;4706
0;1741131765628;4707
1;1741131766067;8914
1;1741131766444;8915
1;1741131768884;8916
1;1741131770611;8917
0;1741131773453;4708
2;1741131776847;5600
2;1741131777130;5601
2;1741131777724;5602
1;1741131779521;8918
1;1741131781083;8919
0;1741131781545;4709
0;1741131783563;4710
2;1741131783648;5603
1;1741131784534;8920
0;1741131787833;4711
1;1741131789119;8921
2;1741131793237;5604
0;1741131794716;4712
0;1741131794867;4713
0;1741131795287;4714
0;1741131796354;4715
1;1741131799495;8922
2;1741131799655;5605
0;1741131804542;4716
2;1741131804667;5606
1;1741131804689;8923
1;1741131804697;8924
2;1741131807183;5607
2;1741131809934;5608
2;1741131811413;5609
1;1741131813976;8925
2;1741131817090;5610
0;1741131818812;4717
0;1741131819627;4718
2;1741131821900;5611
1;1741131824619;8926
2;1741131824767;5612
1;1741131830062;8927
2;1741131831231;5613
0;1741131831881;4719
1;1741131833435;8928
1;1741131834176;8929
2;1741131834783;5614
0;1741131835123;4720
0;1741131836582;4721
0;1741131836948;4722
1;1741131844364;8930
1;1741131844460;8931
0;1741131845610;4723
2;1741131852440;5615
0;1741131853303;4724
1;1741131854889;8932
0;1741131855027;4725
0;1741131856593;4726
0;1741131857714;4727
2;1741131858760;5616
2;1741131860142;5617
1;1741131860714;8933
2;1741131861355;5618
2;1741131861506;5619
1;1741131863268;8934
0;1741131864374;4728
2;1741131866940;5620
0;1741131868081;4729
1;1741131869803;8935
1;1741131872166;8936
2;1741131872720;5621
0;1741131872767;4730
1;1741131873171;8937
1;1741131873401;8938
2;1741131873995;5622
2;1741131878791;5623
1;1741131880539;8939
0;1741131884583;4731
2;1741131889584;5624
0;1741131892187;4732
0;1741131893374;4733
1;1741131893387;8940
1;1741131893614;8941
2;1741131894586;5625
2;1741131898246;5626
0;1741131898639;4734
1;1741131899827;8942
1;1741131901485;8943
0;1741131902779;4735
2;1741131905841;5627
1;1741131907215;8944
0;1741131909532;4736
0;1741131911396;4737
2;1741131913275;5628
2;1741131914498;5629
2;1741131916537;5630
0;1741131917025;4738
1;1741131919910;8945
0;1741131920152;4739
0;1741131921698;4740
2;1741131922388;5631
2;1741131923716;5632
1;1741131926143;8946
1;1741131931687;8947
2;1741131934203;5633
1;1741131935850;8948
0;1741131936093;4741
1;1741131936541;8949
0;1741131936633;4742
0;1741131939892;4743
2;1741131940322;5634
2;1741131941373;5635
1;1741131943250;8950
1;1741131945726;8951
1;1741131947303;8952
0;1741131948068;4744
2;1741131952853;5636
1;1741131952936;8953
0;1741131953436;4745
2;1741131963131;5637
0;1741131963338;4746
1;1741131964388;8954
0;1741131966260;4747
1;1741131966319;8955
2;1741131968743;5638
1;1741131969309;8956
1;1741131971128;8957
2;1741131972405;5639
2;1741131975704;5640
0;1741131976230;4748
2;1741131978485;5641
1;1741131978853;8958
2;1741131982820;5642
2;1741131985229;5643
0;1741131986624;4749
1;1741131987529;8959
2;1741131989216;5644
0;1741131990216;4750
0;1741131990508;4751
2;1741131991311;5645
2;1741131991547;5646
0;1741131992005;4752
0;1741131993418;4753
1;1741131994761;8960
1;1741131997245;8961
1;1741131997471;8962
0;1741131998635;4754
0;1741132001217;4755
2;1741132002617;5647
0;1741132002746;4756
2;1741132002994;5648
2;1741132003006;5649
1;1741132003529;8963
1;1741132009038;8964
1;1741132018051;8965
1;1741132019437;8966
0;1741132020526;4757
0;1741132020570;4758
0;1741132023173;4759
1;1741132024278;8967
2;1741132026763;5650
1;1741132027945;8968
2;1741132028153;5651
2;1741132031572;5652
1;1741132031631;8969
2;1741132031993;5653
2;1741132036184;5654
0;1741132036278;4760
0;1741132036722;4761
0;1741132038613;4762
2;1741132042149;5655
1;1741132045536;8970
0;1741132045886;4763
0;1741132045973;4764
2;1741132046373;5656
2;1741132046599;5657
0;1741132047643;4765
1;1741132048073;8971
1;1741132050943;8972
1;1741132051966;8973
0;1741132052286;4766
2;1741132052591;5658
1;1741132056313;8974
1;1741132062883;8975
0;1741132063219;4767
0;1741132066487;4768
1;1741132069996;8976
2;1741132070443;5659
2;1741132070953;5660
0;1741132071053;4769
0;1741132071349;4770
1;1741132072335;8977
2;1741132074275;5661
2;1741132074579;5662
1;1741132074761;8978
2;1741132078835;5663
1;1741132082988;8979
2;1741132088229;5664
1;1741132089319;8980
2;1741132089740;5665
2;1741132092234;5666
1;1741132094886;8981
1;1741132095925;8982
1;1741132098246;8983
0;1741132098782;4771
1;1741132102067;8984
2;1741132105815;5667
2;1741132108268;5668
1;1741132108839;8985
2;1741132112861;5669
2;1741132115080;5670
1;1741132116395;8986
2;1741132121577;5671
2;1741132127440;5672
1;1741132127768;8987
2;1741132129872;5673
2;1741132134098;5674
1;1741132135003;8988
1;1741132135114;8989
2;1741132140248;5675
1;1741132142985;8990
1;1741132150434;8991
2;1741132151235;5676
2;1741132153145;5677
1;1741132153725;8992
2;1741132153919;5678
1;1741132155039;8993
2;1741132155120;5679
1;1741132159470;8994
2;1741132160269;5680
1;1741132160446;8995
2;1741132162167;5681
1;1741132162262;8996
1;1741132165336;8997
2;1741132174535;5682
1;1741132175275;8998
1;1741132177222;8999
2;1741132179066;5683
1;1741132179513;9000
2;1741132185790;5684
2;1741132190110;5685
1;1741132190265;9001
2;1741132190447;5686
2;1741132194505;5687
1;1741132201411;9002
1;1741132203003;9003
1;1741132207217;9004
2;1741132209473;5688
1;1741132211383;9005
1;1741132214177;9006
2;1741132214514;5689
1;1741132214561;9007
2;1741132214970;5690
1;1741132223525;9008
2;1741132226382;5691
2;1741132226749;5692
2;1741132233910;5693
1;1741132234894;9009
2;1741132238432;5694
2;1741132240276;5695
1;1741132243242;9010
2;1741132243783;5696
2;1741132246019;5697
1;1741132248211;9011
1;1741132249454;9012
2;1741132255880;5698
1;1741132256612;9013
2;1741132259594;5699
1;1741132262090;9014
1;1741132268787;9015
1;1741132270467;9016
2;1741132273468;5700
1;1741132275828;9017
2;1741132276231;5701
2;1741132277628;5702
1;1741132280016;9018
1;1741132281050;9019
1;1741132285004;9020
2;1741132286097;5703
1;1741132288284;9021
2;1741132289185;5704
2;1741132291832;5705
1;1741132301402;9022
2;1741132302365;5706
1;1741132307488;9023
2;1741132308028;5707
1;1741132309091;9024
1;1741132312781;9025
2;1741132313325;5708
1;1741132314149;9026
2;1741132316200;5709
2;1741132318171;5710
2;1741132327511;5711
1;1741132332245;9027
1;1741132333710;9028
2;1741132334163;5712
1;1741132338605;9029
1;1741132342803;9030
1;1741132343615;9031
2;1741132344699;5713
1;1741132347520;9032
2;1741132347864;5714
2;1741132348649;5715
1;1741132350368;9033
2;1741132350669;5716
2;1741132351520;5717
2;1741132355213;5718
1;1741132363782;9034
1;1741132365325;9035
2;1741132367617;5719
2;1741132368284;5720
2;1741132369593;5721
1;1741132372759;9036
1;1741132374499;9037
1;1741132375299;9038
1;1741132375868;9039
1;1741132379659;9040
2;1741132384943;5722
2;1741132385474;5723
1;1741132390244;9041
2;1741132394925;5724
2;1741132395031;5725
1;1741132395112;9042
2;1741132397931;5726
2;1741132398663;5727
2;1741132402542;5728
1;1741132404296;9043
1;1741132404309;9044
1;1741132404992;9045
1;1741132416125;9046
1;1741132417258;9047
2;1741132417440;5729
2;1741132419721;5730
2;1741132426085;5731
2;1741132426135;5732
1;1741132426817;9048
1;1741132427697;9049
2;1741132429584;5733
2;1741132441252;5734
1;1741132442120;9050
1;1741132443716;9051
2;1741132449309;5735
1;1741132449738;9052
1;1741132451735;9053
1;1741132456905;9054
1;1741132458725;9055
2;1741132459596;5736
1;1741132462746;9056
2;1741132463206;5737
2;1741132465549;5738
2;1741132467962;5739
2;1741132469220;5740
2;1741132472449;5741
2;1741132476333;5742
1;1741132477647;9057
1;1741132479685;9058
1;1741132482241;9059
1;1741132484657;9060
2;1741132485889;5743
2;1741132487022;5744
1;1741132489473;9061
1;1741132496297;9062
2;1741132496572;5745
1;1741132501425;9063
1;1741132506988;9064
2;1741132507930;5746
1;1741132508818;9065
1;1741132509059;9066
2;1741132512218;5747
2;1741132513245;5748
2;1741132513656;5749
1;1741132514501;9067
2;1741132518037;5750
2;1741132518799;5751
2;1741132519898;5752
2;1741132520835;5753
1;1741132523033;9068
2;1741132523136;5754
1;1741132524223;9069
2;1741132530616;5755
1;1741132534608;9070
1;1741132546444;9071
1;1741132551045;9072
2;1741132551837;5756
2;1741132555999;5757
2;1741132556577;5758
1;1741132558556;9073
2;1741132560860;5759
2;1741132563021;5760
1;1741132565146;9074
1;1741132566720;9075
2;1741132567281;5761
1;1741132569970;9076
1;1741132570567;9077
2;1741132574717;5762
1;1741132584048;9078
1;1741132584898;9079
1;1741132585371;9080
1;1741132587870;9081
1;1741132587981;9082
2;1741132588375;5763
2;1741132590509;5764
2;1741132594150;5765
2;1741132594659;5766
1;1741132595938;9083
2;1741132600638;5767
2;1741132604151;5768
2;1741132605627;5769
1;1741132612445;9084
1;1741132615713;9085
1;1741132615895;9086
2;1741132618977;5770
1;1741132620230;9087
2;1741132620988;5771
1;1741132621146;9088
1;1741132623437;9089
2;1741132628326;5772
1;1741132631298;9090
2;1741132632445;5773
2;1741132634866;5774
1;1741132636683;9091
2;1741132644066;5775
2;1741132647529;5776
2;1741132652090;5777
1;1741132656220;9092
1;1741132657099;9093
2;1741132657253;5778
1;1741132657288;9094
1;1741132661293;9095
1;1741132662939;9096
1;1741132667662;9097
2;1741132670700;5779
1;1741132673972;9098
2;1741132674424;5780
1;1741132675416;9099
2;1741132676976;5781
2;1741132683614;5782
2;1741132684542;5783
2;1741132685116;5784
1;1741132686754;9100
2;1741132686909;5785
1;1741132698671;9101
2;1741132699823;5786
2;1741132705766;5787
1;1741132708339;9102
2;1741132713419;5788
2;1741132713852;5789
2;1741132714066;5790
1;1741132717976;9103
1;1741132718800;9104
1;1741132719929;9105
2;1741132720945;5791
1;1741132722307;9106
1;1741132722622;9107
1;1741132724866;9108
1;1741132730545;9109
2;1741132732932;5792
2;1741132733495;5793
1;1741132741540;9110
2;1741132745888;5794
2;1741132748327;5795
2;1741132750412;5796
1;1741132750625;9111
2;1741132751509;5797
1;1741132752188;9112
2;1741132754469;5798
1;1741132759332;9113
1;1741132760235;9114
1;1741132766178;9115
2;1741132766532;5799
1;1741132768020;9116
2;1741132771422;5800
2;1741132771904;5801
1;1741132774902;9117
2;1741132778046;5802
1;1741132783047;9118
1;1741132783370;9119
2;1741132783550;5803
2;1741132785912;5804
1;1741132788822;9120
1;1741132797325;9121
2;1741132797503;5805
1;1741132799938;9122
1;1741132805058;9123
2;1741132805249;5806
2;1741132806144;5807
1;1741132807491;9124
2;1741132811159;5808
1;1741132812625;9125
2;1741132816855;5809
2;1741132817447;5810
2;1741132818349;5811
1;1741132818540;9126
2;1741132818600;5812
1;1741132819907;9127
1;1741132820350;9128
1;1741132827302;9129
1;1741132836386;9130
2;1741132836873;5813
2;1741132844526;5814
1;1741132845393;9131
2;1741132846177;5815
1;1741132847085;9132
2;1741132847861;5816
2;1741132849398;5817
1;1741132850851;9133
1;1741132853272;9134
1;1741132856529;9135
2;1741132857919;5818
1;1741132860133;9136
2;1741132865044;5819
2;1741132866453;5820
2;1741132870921;5821
1;1741132871514;9137
2;1741132872324;5822
1;1741132873173;9138
2;1741132875731;5823
1;1741132876372;9139
2;1741132884016;5824
1;1741132885163;9140
1;1741132885451;9141
2;1741132890491;5825
1;1741132892035;9142
2;1741132901788;5826
1;1741132903418;9143
1;1741132909429;9144
1;1741132910433;9145
2;1741132910753;5827
2;1741132911084;5828
2;1741132911470;5829
1;1741132923461;9146
2;1741132923507;5830
2;1741132923604;5831
1;1741132928830;9147
1;1741132931146;9148
1;1741132931168;9149
1;1741132933158;9150
2;1741132935454;5832
1;1741132940027;9151
1;1741132944256;9152
2;1741132944925;5833
2;1741132945982;5834
2;1741132945991;5835
2;1741132947458;5836
2;1741132950695;5837
1;1741132953816;9153
1;1741132960774;9154
2;1741132963040;5838
1;1741132967023;9155
2;1741132967674;5839
2;1741132970083;5840
1;1741132971478;9156
2;1741132973799;5841
2;1741132976921;5842
1;1741132977077;9157
1;1741132980092;9158
1;1741132981340;9159
1;1741132983904;9160
2;1741132983994;5843
1;1741132992293;9161
2;1741132995385;5844
2;1741132997351;5845
1;1741133000380;9162
1;1741133003374;9163
2;1741133007448;5846
2;1741133008555;5847
1;1741133009468;9164
2;1741133010235;5848
2;1741133012983;5849
1;1741133013794;9165
2;1741133017728;5850
1;1741133020699;9166
1;1741133020738;9167
1;1741133023453;9168
2;1741133025483;5851
1;1741133026571;9169
2;1741133032254;5852
1;1741133037439;9170
2;1741133038984;5853
2;1741133040517;5854
2;1741133042426;5855
2;1741133047312;5856
1;1741133049379;9171
1;1741133051416;9172
2;1741133053167;5857
1;1741133056732;9173
1;1741133061602;9174
2;1741133062462;5858
1;1741133063065;9175
2;1741133063905;5859
1;1741133067484;9176
1;1741133070074;9177
2;1741133072832;5860
2;1741133074921;5861
1;1741133076000;9178
1;1741133079606;9179
2;1741133080062;5862
2;1741133087487;5863
1;1741133089004;9180
2;1741133089886;5864
1;1741133091169;9181
1;1741133093875;9182
2;1741133094867;5865
2;1741133098516;5866
1;1741133100234;9183
2;1741133107166;5867
1;1741133108487;9184
2;1741133108503;5868
1;1741133108521;9185
2;1741133115389;5869
2;1741133120572;5870
2;1741133123090;5871
1;1741133124154;9186
1;1741133127958;9187
2;1741133128955;5872
2;1741133128977;5873
2;1741133129057;5874
1;1741133134394;9188
1;1741133135753;9189
1;1741133138277;9190
2;1741133144182;5875
1;1741133148026;9191
1;1741133149478;9192
2;1741133152321;5876
1;1741133154926;9193
1;1741133155642;9194
2;1741133157865;5877
1;1741133157958;9195
2;1741133158463;5878
1;1741133158661;9196
2;1741133162852;5879
1;1741133163623;9197
1;1741133168602;9198
1;1741133169562;9199
2;1741133173388;5880
2;1741133178045;5881
2;1741133181935;5882
2;1741133187037;5883
2;1741133189381;5884
1;1741133191688;9200
2;1741133194004;5885
1;1741133195638;9201
2;1741133197148;5886
1;1741133200425;9202
2;1741133202183;5887
1;1741133206559;9203
2;1741133207051;5888
1;1741133208401;9204
1;1741133212622;9205
1;1741133214907;9206
2;1741133221912;5889
2;1741133232617;5890
1;1741133233779;9207
2;1741133236470;5891
1;1741133237976;9208
1;1741133238402;9209
2;1741133240570;5892
2;1741133242414;5893
1;1741133243299;9210
1;1741133243986;9211
2;1741133244628;5894
2;1741133245108;5895
1;1741133245553;9212
1;1741133248029;9213
2;1741133249539;5896
2;1741133249987;5897
2;1741133251478;5898
2;1741133256601;5899
1;1741133256987;9214
1;1741133267888;9215
2;1741133274823;5900
1;1741133276067;9216
1;1741133276727;9217
1;1741133277489;9218
1;1741133280204;9219
2;1741133280301;5901
2;1741133282586;5902
1;1741133283014;9220
2;1741133283096;5903
2;1741133285567;5904
1;1741133288795;9221
2;1741133288968;5905
1;1741133293839;9222
1;1741133297011;9223
1;1741133300042;9224
2;1741133304154;5906
2;1741133307172;5907
2;1741133307289;5908
2;1741133307377;5909
2;1741133313172;5910
1;1741133320744;9225
1;1741133321723;9226
2;1741133322446;5911
1;1741133324849;9227
1;1741133326728;9228
2;1741133327632;5912
2;1741133330678;5913
1;1741133330947;9229
2;1741133332533;5914
2;1741133333534;5915
1;1741133334274;9230
1;1741133336850;9231
1;1741133339956;9232
1;1741133346335;9233
2;1741133346345;5916
2;1741133348295;5917
1;1741133355337;9234
2;1741133357357;5918
2;1741133361568;5919
1;1741133368112;9235
1;1741133369283;9236
1;1741133371506;9237
1;1741133372909;9238
2;1741133373308;5920
2;1741133379308;5921
1;1741133385384;9239
2;1741133386231;5922
1;1741133387364;9240
2;1741133389017;5923
2;1741133390858;5924
2;1741133391608;5925
1;1741133392723;9241
2;1741133394402;5926
1;1741133395588;9242
1;1741133397011;9243
2;1741133397538;5927
2;1741133398295;5928
1;1741133404528;9244
2;1741133406817;5929
1;1741133415039;9245
2;1741133417073;5930
1;1741133418351;9246
2;1741133420474;5931
1;1741133430319;9247
1;1741133431064;9248
2;1741133431714;5932
2;1741133431966;5933
1;1741133434208;9249
2;1741133437396;5934
1;1741133438539;9250
1;1741133442636;9251
2;1741133446705;5935
1;1741133448317;9252
2;1741133452105;5936
2;1741133457109;5937
1;1741133460329;9253
1;1741133460447;9254
2;1741133461421;5938
2;1741133463734;5939
1;1741133464190;9255
1;1741133467077;9256
1;1741133468906;9257
2;1741133470554;5940
1;1741133471173;9258
2;1741133471877;5941
2;1741133472721;5942
1;1741133474289;9259
1;1741133475175;9260
2;1741133478661;5943
1;1741133484592;9261
2;1741133488017;5944
2;1741133489837;5945
1;1741133498530;9262
2;1741133504710;5946
1;1741133507648;9263
1;1741133508980;9264
2;1741133509557;5947
1;1741133511537;9265
1;1741133512103;9266
1;1741133516426;9267
2;1741133518163;5948
1;1741133518251;9268
2;1741133519382;5949
2;1741133521283;5950
1;1741133528375;9269
2;1741133529021;5951
2;1741133530571;5952
2;1741133534070;5953
1;1741133538130;9270
1;1741133538738;9271
2;1741133539655;5954
1;1741133540699;9272
1;1741133546536;9273
2;1741133550611;5955
2;1741133552648;5956
1;1741133559131;9274
2;1741133559422;5957
2;1741133561674;5958
1;1741133564257;9275
2;1741133569876;5959
1;1741133573521;9276
1;1741133576547;9277
2;1741133577679;5960
2;1741133577830;5961
1;1741133578370;9278
2;1741133579181;5962
2;1741133581604;5963
1;1741133583215;9279
2;1741133593884;5964
1;1741133594442;9280
1;1741133594685;9281
1;1741133595296;9282
1;1741133597745;9283
2;1741133598734;5965
2;1741133600028;5966
2;1741133603397;5967
2;1741133604421;5968
2;1741133604894;5969
1;1741133608747;9284
2;1741133620126;5970
1;1741133620589;9285
2;1741133621807;5971
2;1741133624171;5972
1;1741133625416;9286
1;1741133627014;9287
1;1741133629194;9288
2;1741133632369;5973
1;1741133632933;9289
1;1741133634331;9290
2;1741133634637;5974
2;1741133636714;5975
1;1741133639057;9291
2;1741133644899;5976
1;1741133652095;9292
1;1741133653784;9293
1;1741133654347;9294
2;1741133654585;5977
1;1741133654889;9295
2;1741133662565;5978
2;1741133663445;5979
1;1741133665049;9296
2;1741133665302;5980
2;1741133669689;5981
1;1741133669996;9297
1;1741133674117;9298
2;1741133678792;5982
1;1741133680508;9299
2;1741133686546;5983
1;1741133691599;9300
2;1741133693640;5984
2;1741133694040;5985
2;1741133694858;5986
1;1741133695959;9301
1;1741133698183;9302
2;1741133702617;5987
1;1741133706377;9303
1;1741133707200;9304
1;1741133708147;9305
2;1741133708167;5988
1;1741133711219;9306
1;1741133714775;9307
2;1741133714797;5989
2;1741133717255;5990
2;1741133721661;5991
2;1741133723246;5992
1;1741133723996;9308
2;1741133725307;5993
1;1741133730639;9309
1;1741133734805;9310
2;1741133738676;5994
2;1741133738936;5995
1;1741133744265;9311
2;1741133748924;5996
2;1741133750515;5997
2;1741133752975;5998
1;1741133754318;9312
1;1741133758299;9313
1;1741133758645;9314
2;1741133761067;5999
1;1741133763863;9315
2;1741133764761;6000
1;1741133764866;9316
1;1741133768849;9317
1;1741133770937;9318
1;1741133774220;9319
2;1741133781125;6001
2;1741133781661;6002
2;1741133783029;6003
2;1741133784805;6004
1;1741133789885;9320
1;1741133791077;9321
2;1741133791545;6005
2;1741133795027;6006
1;1741133796682;9322
2;1741133798347;6007
1;1741133798973;9323
2;1741133802446;6008
2;1741133805145;6009
1;1741133809783;9324
1;1741133811509;9325
2;1741133812841;6010
2;1741133814699;6011
1;1741133821860;9326
2;1741133823577;6012
1;1741133825913;9327
1;1741133826382;9328
2;1741133831795;6013
1;1741133832905;9329
1;1741133833118;9330
2;1741133836076;6014
1;1741133837260;9331
2;1741133837746;6015
1;1741133842763;9332
2;1741133845227;6016
1;1741133854424;9333
1;1741133857994;9334
2;1741133858352;6017
2;1741133858966;6018
2;1741133861258;6019
2;1741133868867;6020
1;1741133870915;9335
1;1741133871997;9336
2;1741133874128;6021
2;1741133876794;6022
1;1741133877874;9337
1;1741133878291;9338
1;1741133881536;9339
1;1741133882086;9340
2;1741133883163;6023
1;1741133886315;9341
2;1741133895524;6024
1;1741133895607;9342
2;1741133896559;6025
2;1741133897679;6026
2;1741133900163;6027
2;1741133902441;6028
2;1741133905886;6029
2;1741133909987;6030
1;1741133912090;9343
1;1741133912883;9344
1;1741133914419;9345
2;1741133914779;6031
1;1741133921200;9346
1;1741133923446;9347
2;1741133924956;6032
2;1741133926705;6033
2;1741133931878;6034
1;1741133931984;9348
1;1741133934057;9349
1;1741133938454;9350
1;1741133940244;9351
1;1741133943747;9352
2;1741133944522;6035
1;1741133947831;9353
2;1741133949499;6036
2;1741133951169;6037
2;1741133951767;6038
1;1741133958836;9354
2;1741133964371;6039
2;1741133969792;6040
1;1741133972767;9355
2;1741133976541;6041
1;1741133976851;9356
2;1741133977995;6042
1;1741133978764;9357
1;1741133979814;9358
2;1741133984336;6043
2;1741133984544;6044
1;1741133985317;9359
1;1741133986093;9360
1;1741133990390;9361
2;1741133993308;6045
2;1741134001704;6046
2;1741134003141;6047
1;1741134003973;9362
2;1741134005156;6048
1;1741134005351;9363
1;1741134005479;9364
1;1741134009310;9365
2;1741134009722;6049
1;1741134014351;9366
1;1741134016445;9367
1;1741134017173;9368
1;1741134017953;9369
2;1741134024617;6050
1;1741134033074;9370
2;1741134038331;6051
2;1741134038929;6052
1;1741134040709;9371
2;1741134041023;6053
1;1741134042900;9372
2;1741134043525;6054
2;1741134047228;6055
2;1741134049371;6056
1;1741134050819;9373
2;1741134051019;6057
2;1741134055207;6058
1;1741134060039;9374
2;1741134062688;6059
1;1741134064670;9375
1;1741134065173;9376
2;1741134065700;6060
1;1741134065753;9377
1;1741134071036;9378
2;1741134073468;6061
2;1741134074557;6062
1;1741134078604;9379
2;1741134082882;6063
2;1741134085793;6064
1;1741134090628;9380
2;1741134090960;6065
1;1741134093395;9381
1;1741134097706;9382
1;1741134098303;9383
2;1741134098862;6066
2;1741134101333;6067
2;1741134104264;6068
1;1741134110964;9384
2;1741134111111;6069
1;1741134112324;9385
2;1741134116705;6070
2;1741134116763;6071
2;1741134120170;6072
1;1741134122564;9386
1;1741134123414;9387
2;1741134133419;6073
1;1741134135805;9388
1;1741134136284;9389
1;1741134137808;9390
1;1741134139516;9391
2;1741134142684;6074
2;1741134145341;6075
1;1741134145598;9392
2;1741134147564;6076
1;1741134147631;9393
2;1741134154066;6077
2;1741134154289;6078
1;1741134157817;9394
2;1741134157881;6079
1;1741134161293;9395
2;1741134163137;6080
1;1741134163158;9396
1;1741134169712;9397
2;1741134170111;6081
2;1741134170833;6082
2;1741134171744;6083
1;1741134176249;9398
2;1741134180731;6084
1;1741134182693;9399
1;1741134187415;9400
1;1741134193897;9401
2;1741134200098;6085
2;1741134200766;6086
2;1741134202334;6087
0;1741134203024;4772
1;1741134203299;9402
2;1741134205797;6088
2;1741134207768;6089
3;1741134210809;11
1;1741134211754;9403
0;1741134212673;4773
1;1741134214432;9404
1;1741134215123;9405
1;1741134215509;9406
0;1741134216809;4774
1;1741134219212;9407
0;1741134219574;4775
3;1741134220831;12
1;1741134222135;9408
2;1741134222821;6090
1;1741134224096;9409
0;1741134224918;4776
0;1741134225683;4777
2;1741134226457;6091
2;1741134228543;6092
0;1741134228631;4778
1;1741134229401;9410
3;1741134230851;13
3;1741134240868;14
2;1741134241930;6093
1;1741134246705;9411
2;1741134246916;6094
0;1741134248816;4779
2;1741134249906;6095
3;1741134250886;15
2;1741134252414;6096
2;1741134252772;6097
0;1741134252975;4780
0;1741134257766;4781
3;1741134260903;16
0;1741134261793;4782
0;1741134262551;4783
1;1741134262635;9412
1;1741134263092;9413
1;1741134263210;9414
1;1741134263299;9415
0;1741134266482;4784
2;1741134267086;6098
2;1741134267431;6099
1;1741134270517;9416
0;1741134270837;4785
3;1741134270920;17
2;1741134271407;6100
1;1741134271887;9417
2;1741134272250;6101
1;1741134275036;9418
2;1741134275399;6102
1;1741134275526;9419
0;1741134275847;4786
0;1741134277010;4787
3;1741134280936;18
2;1741134282568;6103
0;1741134283366;4788
1;1741134284001;9420
2;1741134286718;6104
2;1741134289060;6105
1;1741134289358;9421
3;1741134290954;19
2;1741134295823;6106
0;1741134298270;4789
3;1741134300970;20
1;1741134302950;9422
2;1741134303455;6107
1;1741134304118;9423
0;1741134304423;4790
1;1741134306921;9424
1;1741134307511;9425
1;1741134310250;9426
0;1741134310433;4791
2;1741134310775;6108
3;1741134310986;21
0;1741134312769;4792
0;1741134313492;4793
0;1741134314086;4794
0;1741134319066;4795
2;1741134320533;6109
3;1741134321002;22
2;1741134321325;6110
1;1741134322126;9427
2;1741134323843;6111
1;1741134325854;9428
1;1741134329418;9429
3;1741134331023;23
2;1741134331979;6112
1;1741134332192;9430
0;1741134332255;4796
0;1741134334835;4797
0;1741134335259;4798
2;1741134335664;6113
2;1741134339332;6114
3;1741134341045;24
0;1741134341195;4799
0;1741134343374;4800
2;1741134345536;6115
0;1741134345708;4801
1;1741134347471;9431
1;1741134349426;9432
0;1741134350207;4802
1;1741134350629;9433
3;1741134351070;25
2;1741134352535;6116
0;1741134354490;4803
2;1741134356033;6117
3;1741134361089;26
1;1741134362066;9434
2;1741134363184;6118
0;1741134363198;4804
2;1741134364407;6119
1;1741134366506;9435
2;1741134367520;6120
1;1741134370543;9436
3;1741134371112;27
0;1741134372200;4805
1;1741134372879;9437
1;1741134374916;9438
1;1741134377006;9439
2;1741134377493;6121
0;1741134379077;4806
3;1741134381133;28
2;1741134381358;6122
0;1741134383095;4807
0;1741134383644;4808
2;1741134385217;6123
1;1741134390112;9440
1;1741134390908;9441
1;1741134390959;9442
3;1741134391155;29
0;1741134392314;4809
0;1741134394295;4810
2;1741134395193;6124
2;1741134399579;6125
3;1741134401175;30
1;1741134404399;9443
1;1741134405120;9444
2;1741134406355;6126
1;1741134409960;9445
2;1741134410544;6127
0;1741134411784;4811
2;1741134412134;6128
0;1741134412222;4812
2;1741134413266;6129
2;1741134416263;6130
0;1741134417248;4813
0;1741134418988;4814
1;1741134419609;9446
0;1741134420331;4815
2;1741134421819;6131
2;1741134422259;6132
0;1741134423414;4816
2;1741134423702;6133
0;1741134426598;4817
1;1741134430548;9447
1;1741134431585;9448
1;1741134434131;9449
2;1741134434299;6134
0;1741134435430;4818
2;1741134437755;6135
1;1741134438525;9450
1;1741134440000;9451
1;1741134440854;9452
0;1741134443569;4819
0;1741134443760;4820
2;1741134444442;6136
1;1741134445327;9453
1;1741134454739;9454
1;1741134455567;9455
0;1741134458192;4821
0;1741134459804;4822
0;1741134461731;4823
0;1741134465070;4824
0;1741134473892;4825
1;1741134475038;9456
0;1741134478019;4826
1;1741134478255;9457
1;1741134480154;9458
0;1741134480203;4827
1;1741134483772;9459
1;1741134483948;9460
0;1741134486704;4828
1;1741134487953;9461
0;1741134490374;4829
1;1741134492388;9462
1;1741134499243;9463
1;1741134499905;9464
0;1741134502903;4830
0;1741134509675;4831
1;1741134510509;9465
0;1741134514153;4832
1;1741134515502;9466
1;1741134518229;9467
0;1741134521735;4833
1;1741134521745;9468
0;1741134522222;4834
1;1741134528317;9469
0;1741134528372;4835
1;1741134529004;9470
0;1741134531603;4836
1;1741134536621;9471
0;1741134538252;4837
0;1741134540575;4838
1;1741134546019;9472
1;1741134546962;9473
0;1741134548639;4839
0;1741134553206;4840
1;1741134553654;9474
1;1741134558813;9475
1;1741134559863;9476
0;1741134567550;4841
0;1741134568329;4842
0;1741134568462;4843
0;1741134569234;4844
0;1741134573467;4845
0;1741134575353;4846
1;1741134578880;9477
1;1741134582874;9478
0;1741134585362;4847
0;1741134590185;4848
1;1741134591705;9479
0;1741134592395;4849
1;1741134592524;9480
1;1741134593012;9481
0;1741134593384;4850
1;1741134594429;9482
1;1741134595521;9483
1;1741134597706;9484
0;1741134603365;4851
0;1741134605544;4852
1;1741134610157;9485
0;1741134612655;4853
1;1741134614632;9486
0;1741134617216;4854
0;1741134626115;4855
1;1741134626187;9487
1;1741134628212;9488
0;1741134628591;4856
0;1741134629969;4857
0;1741134634157;4858
1;1741134635274;9489
1;1741134637927;9490
0;1741134641199;4859
1;1741134643192;9491
0;1741134643963;4860
1;1741134646240;9492
0;1741134648189;4861
1;1741134649296;9493
0;1741134649649;4862
0;1741134655552;4863
0;1741134659728;4864
1;1741134665615;9494
1;1741134668122;9495
0;1741134669754;4865
1;1741134671310;9496
1;1741134674890;9497
1;1741134675824;9498
1;1741134677759;9499
0;1741134683125;4866
0;1741134683807;4867
1;1741134688879;9500
0;1741134691323;4868
0;1741134691487;4869
0;1741134693754;4870
0;1741134697434;4871
1;1741134701571;9501
1;1741134702805;9502
0;1741134705207;4872
0;1741134712337;4873
1;1741134713392;9503
0;1741134715667;4874
1;1741134718370;9504
1;1741134721825;9505
1;1741134725129;9506
1;1741134728948;9507
0;1741134730322;4875
1;1741134730894;9508
1;1741134732318;9509
1;1741134733432;9510
1;1741134741443;9511
0;1741134743399;4876
1;1741134758282;9512
1;1741134761788;9513
1;1741134763206;9514
1;1741134772967;9515
1;1741134773968;9516
1;1741134774782;9517
1;1741134779203;9518
1;1741134779376;9519
1;1741134781797;9520
1;1741134788312;9521
1;1741134797005;9522
1;1741134803955;9523
1;1741134811056;9524
1;1741134811745;9525
1;1741134817152;9526
1;1741134831093;9527
1;1741134834552;9528
1;1741134836292;9529
1;1741134838732;9530
1;1741134841425;9531
1;1741134856060;9532
1;1741134866842;9533
1;1741134867135;9534
1;1741134871674;9535
1;1741134872054;9536
1;1741134873020;9537
1;1741134878546;9538
1;1741134888626;9539
1;1741134890252;9540
1;1741134893431;9541
1;1741134900903;9542
1;1741134903265;9543
1;1741134904764;9544
1;1741134905632;9545
3;1741134925809;31
1;1741134926314;9546
1;1741134926491;9547
1;1741134931171;9548
3;1741134935801;32
1;1741134938352;9549
1;1741134939557;9550
1;1741134940587;9551
1;1741134944389;9552
3;1741134945806;33
3;1741134955826;34
1;1741134956674;9553
1;1741134961394;9554
1;1741134963327;9555
3;1741134967267;35
1;1741134967311;9556
1;1741134968201;9557
3;1741134977285;36
0;1741134983653;4877
3;1741134987309;37
1;1741134988937;9558
1;1741134989052;9559
1;1741134989925;9560
3;1741134995801;38
2;1741134996527;6137
1;1741134996757;9561
1;1741134999184;9562
2;1741135001031;6138
2;1741135003096;6139
3;1741135005806;39
2;1741135006881;6140
0;1741135009265;4878
1;1741135010730;9563
1;1741135011174;9564
0;1741135013794;4879
0;1741135014977;4880
1;1741135015146;9565
1;1741135015259;9566
0;1741135015392;4881
3;1741135015828;40
1;1741135016089;9567
0;1741135018097;4882
0;1741135018356;4883
1;1741135019197;9568
2;1741135022151;6141
3;1741135025852;41
2;1741135026750;6142
2;1741135032315;6143
2;1741135033520;6144
1;1741135034760;9569
0;1741135035079;4884
3;1741135035874;42
0;1741135036518;4885
2;1741135036608;6145
0;1741135036881;4886
0;1741135037413;4887
2;1741135037955;6146
2;1741135039278;6147
1;1741135040704;9570
0;1741135040912;4888
0;1741135043559;4889
3;1741135045896;43
1;1741135047684;9571
0;1741135047754;4890
1;1741135050337;9572
2;1741135050765;6148
3;1741135055801;44
1;1741135055849;9573
0;1741135062209;4891
1;1741135062493;9574
2;1741135064588;6149
3;1741135065806;45
0;1741135065980;4892
2;1741135066235;6150
2;1741135066780;6151
2;1741135068315;6152
0;1741135069110;4893
1;1741135069366;9575
2;1741135070735;6153
1;1741135072338;9576
3;1741135075829;46
1;1741135076615;9577
1;1741135077498;9578
1;1741135077789;9579
2;1741135079048;6154
0;1741135080011;4894
2;1741135080757;6155
2;1741135085367;6156
3;1741135085848;47
0;1741135088971;4895
1;1741135089907;9580
0;1741135092160;4896
0;1741135092869;4897
1;1741135093480;9581
3;1741135095866;48
2;1741135096239;6157
0;1741135096616;4898
1;1741135096743;9582
2;1741135099358;6158
0;1741135101809;4899
2;1741135102120;6159
1;1741135104283;9583
3;1741135105886;49
1;1741135110371;9584
0;1741135112801;4900
2;1741135115412;6160
1;1741135115562;9585
3;1741135115801;50
1;1741135116749;9586
1;1741135116984;9587
0;1741135117581;4901
2;1741135119349;6161
1;1741135123977;9588
2;1741135125034;6162
0;1741135125118;4902
3;1741135125807;51
2;1741135127245;6163
2;1741135129398;6164
2;1741135129922;6165
2;1741135130053;6166
0;1741135133484;4903
0;1741135133989;4904
1;1741135134779;9589
3;1741135135831;52
2;1741135138924;6167
0;1741135139584;4905
2;1741135140227;6168
1;1741135141178;9590
1;1741135141510;9591
0;1741135143701;4906
1;1741135144500;9592
3;1741135145857;53
0;1741135146235;4907
2;1741135146609;6169
1;1741135148400;9593
0;1741135149671;4908
1;1741135150861;9594
2;1741135151272;6170
2;1741135152074;6171
0;1741135152486;4909
1;1741135153880;9595
0;1741135154485;4910
3;1741135155878;54
1;1741135156842;9596
0;1741135162455;4911
2;1741135164120;6172
3;1741135165900;55
0;1741135167954;4912
0;1741135168667;4913
1;1741135172631;9597
2;1741135173914;6173
2;1741135175085;6174
0;1741135175278;4914
3;1741135175803;56
1;1741135177826;9598
2;1741135178729;6175
0;1741135179366;4915
1;1741135179752;9599
1;1741135182161;9600
0;1741135183168;4916
3;1741135185806;57
2;1741135190789;6176
2;1741135193417;6177
0;1741135193648;4917
1;1741135193737;9601
2;1741135193787;6178
3;1741135195827;58
1;1741135195951;9602
0;1741135196951;4918
2;1741135197338;6179
0;1741135197999;4919
1;1741135198871;9603
2;1741135199628;6180
1;1741135205543;9604
0;1741135205802;4920
3;1741135205847;59
2;1741135209173;6181
1;1741135209203;9605
1;1741135211952;9606
2;1741135212540;6182
0;1741135213688;4921
3;1741135215866;60
0;1741135216146;4922
1;1741135216280;9607
0;1741135219761;4923
2;1741135222147;6183
3;1741135225883;61
0;1741135228139;4924
0;1741135228303;4925
1;1741135228375;9608
1;1741135234965;9609
3;1741135235803;62
1;1741135238122;9610
2;1741135238140;6184
2;1741135239346;6185
1;1741135239978;9611
0;1741135240795;4926
2;1741135243485;6186
2;1741135243502;6187
1;1741135243945;9612
2;1741135244450;6188
0;1741135245393;4927
3;1741135245807;63
0;1741135246620;4928
2;1741135253087;6189
2;1741135254996;6190
3;1741135255828;64
1;1741135255961;9613
2;1741135257276;6191
0;1741135260927;4929
1;1741135263884;9614
3;1741135265852;65
2;1741135268477;6192
0;1741135269207;4930
0;1741135269401;4931
2;1741135269492;6193
1;1741135271636;9615
2;1741135272493;6194
1;1741135272554;9616
0;1741135274534;4932
1;1741135275264;9617
3;1741135275873;66
2;1741135276860;6195
0;1741135277674;4933
0;1741135279753;4934
0;1741135281771;4935
2;1741135281792;6196
0;1741135281838;4936
1;1741135285033;9618
1;1741135285690;9619
3;1741135285892;67
1;1741135287603;9620
1;1741135289602;9621
0;1741135290481;4937
1;1741135290885;9622
1;1741135292179;9623
3;1741135295802;68
0;1741135296882;4938
0;1741135298409;4939
2;1741135299832;6197
0;1741135302248;4940
1;1741135302279;9624
2;1741135305447;6198
3;1741135305807;69
0;1741135308434;4941
2;1741135309546;6199
2;1741135312891;6200
1;1741135313073;9625
1;1741135313219;9626
3;1741135315828;70
1;1741135318046;9627
2;1741135318121;6201
1;1741135320176;9628
0;1741135321433;4942
0;1741135322660;4943
2;1741135323532;6202
0;1741135324033;4944
2;1741135325305;6203
0;1741135325693;4945
3;1741135325846;71
2;1741135328762;6204
2;1741135331301;6205
1;1741135333241;9629
3;1741135335862;72
1;1741135339273;9630
2;1741135341695;6206
2;1741135342540;6207
0;1741135342832;4946
0;1741135343013;4947
1;1741135344348;9631
3;1741135345884;73
1;1741135347244;9632
2;1741135349469;6208
2;1741135352901;6209
2;1741135353078;6210
0;1741135353994;4948
1;1741135354769;9633
2;1741135355043;6211
3;1741135355801;74
0;1741135356853;4949
1;1741135358232;9634
0;1741135359178;4950
1;1741135359556;9635
0;1741135360251;4951
2;1741135363118;6212
2;1741135365049;6213
0;1741135365570;4952
3;1741135365806;75
0;1741135371561;4953
0;1741135372435;4954
2;1741135373114;6214
1;1741135374227;9636
3;1741135375830;76
1;1741135377923;9637
2;1741135379389;6215
1;1741135379867;9638
1;1741135382085;9639
3;1741135385853;77
2;1741135388063;6216
0;1741135391416;4955
1;1741135391767;9640
0;1741135391917;4956
0;1741135396208;4957
1;1741135396530;9641
0;1741135397552;4958
0;1741135397593;4959
0;1741135397613;4960
1;1741135399903;9642
2;1741135402388;6217
2;1741135405775;6218
2;1741135408561;6219
1;1741135411260;9643
2;1741135414734;6220
1;1741135416098;9644
2;1741135417502;6221
1;1741135417693;9645
1;1741135418149;9646
1;1741135423361;9647
0;1741135425039;4961
0;1741135425663;4962
0;1741135425827;4963
2;1741135425839;6222
2;1741135426466;6223
2;1741135427183;6224
0;1741135428073;4964
1;1741135428153;9648
1;1741135433264;9649
0;1741135433511;4965
1;1741135434444;9650
0;1741135436996;4966
1;1741135440035;9651
2;1741135442374;6225
2;1741135442724;6226
0;1741135443626;4967
2;1741135443696;6227
1;1741135447981;9652
1;1741135450478;9653
2;1741135451811;6228
2;1741135452441;6229
1;1741135453256;9654
2;1741135453995;6230
0;1741135459175;4968
2;1741135461240;6231
2;1741135462777;6232
0;1741135463471;4969
0;1741135465254;4970
0;1741135465513;4971
0;1741135466779;4972
1;1741135466980;9655
1;1741135467498;9656
2;1741135470009;6233
1;1741135471718;9657
0;1741135472895;4973
1;1741135474960;9658
0;1741135478112;4974
2;1741135479335;6234
2;1741135480599;6235
0;1741135481748;4975
2;1741135482883;6236
1;1741135487655;9659
2;1741135490328;6237
0;1741135492023;4976
1;1741135492914;9660
2;1741135493034;6238
2;1741135493300;6239
0;1741135494649;4977
1;1741135495725;9661
1;1741135497857;9662
0;1741135499031;4978
1;1741135500415;9663
0;1741135503085;4979
0;1741135506038;4980
0;1741135507670;4981
1;1741135507914;9664
1;1741135508623;9665
0;1741135512923;4982
2;1741135513179;6240
0;1741135515605;4983
1;1741135515795;9666
2;1741135517624;6241
1;1741135518216;9667
2;1741135521222;6242
2;1741135521789;6243
0;1741135522958;4984
1;1741135525356;9668
0;1741135528749;4985
0;1741135532643;4986
1;1741135533167;9669
2;1741135533667;6244
1;1741135539140;9670
2;1741135539364;6245
2;1741135539377;6246
1;1741135542328;9671
2;1741135544845;6247
2;1741135545465;6248
1;1741135546099;9672
0;1741135547758;4987
0;1741135550677;4988
1;1741135550983;9673
1;1741135553199;9674
1;1741135554503;9675
1;1741135555801;9676
0;1741135556146;4989
2;1741135557520;6249
0;1741135559286;4990
0;1741135562957;4991
2;1741135567741;6250
1;1741135568127;9677
1;1741135568313;9678
2;1741135570461;6251
2;1741135570940;6252
2;1741135571829;6253
1;1741135574460;9679
2;1741135575919;6254
0;1741135576079;4992
0;1741135578117;4993
0;1741135578803;4994
0;1741135579618;4995
0;1741135584597;4996
1;1741135586714;9680
2;1741135586935;6255
0;1741135588499;4997
2;1741135592693;6256
2;1741135594650;6257
1;1741135596501;9681
1;1741135598583;9682
0;1741135599053;4998
0;1741135599067;4999
2;1741135600687;6258
0;1741135601081;5000
1;1741135602263;9683
2;1741135602518;6259
1;1741135606443;9684
0;1741135607918;5001
1;1741135608419;9685
2;1741135609827;6260
0;1741135610570;5002
0;1741135613679;5003
1;1741135614956;9686
2;1741135615339;6261
2;1741135615797;6262
0;1741135615925;5004
2;1741135617861;6263
2;1741135620402;6264
1;1741135621673;9687
2;1741135628344;6265
1;1741135632976;9688
1;1741135634331;9689
1;1741135636279;9690
1;1741135636729;9691
2;1741135638835;6266
0;1741135641737;5005
0;1741135642289;5006
1;1741135642662;9692
1;1741135643902;9693
2;1741135650426;6267
1;1741135655040;9694
2;1741135655713;6268
0;1741135656406;5007
2;1741135657842;6269
1;1741135661218;9695
1;1741135661639;9696
2;1741135663919;6270
2;1741135670506;6271
1;1741135673843;9697
1;1741135674904;9698
2;1741135677874;6272
1;1741135680492;9699
1;1741135684929;9700
1;1741135686425;9701
1;1741135700030;9702
2;1741135701205;6273
2;1741135701953;6274
0;1741135702699;5008
0;1741135702832;5009
1;1741135702954;9703
1;1741135703892;9704
2;1741135705753;6275
1;1741135707479;9705
0;1741135708337;5010
0;1741135709720;5011
1;1741135713025;9706
0;1741135715069;5012
2;1741135715199;6276
0;1741135717555;5013
1;1741135721412;9707
0;1741135724167;5014
2;1741135725836;6277
2;1741135726466;6278
2;1741135728193;6279
2;1741135728366;6280
0;1741135730269;5015
1;1741135734207;9708
2;1741135737304;6281
1;1741135739513;9709
1;1741135740638;9710
1;1741135742042;9711
0;1741135744636;5016
1;1741135746128;9712
1;1741135751439;9713
1;1741135756422;9714
1;1741135760867;9715
1;1741135766701;9716
2;1741135772223;6282
1;1741135773804;9717
1;1741135777090;9718
1;1741135777291;9719
3;1741135780820;78
1;1741135782709;9720
1;1741135788056;9721
0;1741135788914;5017
2;1741135789195;6283
1;1741135789626;9722
1;1741135790611;9723
0;1741135799246;5018
2;1741135800533;6284
2;1741135804245;6285
2;1741135808193;6286
0;1741135809526;5019
1;1741135810390;9724
1;1741135813513;9725
3;1741135815808;79
1;1741135822716;9726
1;1741135825743;9727
1;1741135829960;9728
1;1741135831549;9729
1;1741135832797;9730
1;1741135845416;9731
2;1741135846217;6287
1;1741135847258;9732
1;1741135849472;9733
2;1741135852118;6288
0;1741135856798;5020
0;1741135862400;5021
1;1741135862749;9734
2;1741135862998;6289
1;1741135866784;9735
0;1741135871195;5022
0;1741135871930;5023
2;1741135872794;6290
1;1741135873840;9736
1;1741135875570;9737
2;1741135878203;6291
1;1741135878411;9738
0;1741135878576;5024
0;1741135879118;5025
1;1741135881346;9739
1;1741135890089;9740
0;1741135890203;5026
1;1741135891227;9741
1;1741135898395;9742
1;1741135899796;9743
1;1741135900301;9744
1;1741135912665;9745
1;1741135918393;9746
1;1741135930310;9747
1;1741135931710;9748
1;1741135932228;9749
1;1741135934451;9750
1;1741135934793;9751
1;1741135950620;9752
1;1741135952519;9753
1;1741135952821;9754
1;1741135954420;9755
1;1741135963148;9756
1;1741135974379;9757
1;1741135975567;9758
1;1741135977918;9759
1;1741135978892;9760
1;1741135987737;9761
1;1741135990173;9762
1;1741135992104;9763
1;1741136010439;9764
1;1741136012081;9765
1;1741136019371;9766
1;1741136020651;9767
1;1741136021318;9768
1;1741136021886;9769
1;1741136033490;9770
1;1741136035987;9771
1;1741136044097;9772
1;1741136055362;9773
1;1741136058254;9774
1;1741136065968;9775
1;1741136071860;9776
1;1741136078461;9777
1;1741136080771;9778
1;1741136084005;9779
1;1741136085405;9780
1;1741136087179;9781
1;1741136092259;9782
1;1741136095105;9783
1;1741136098693;9784
1;1741136100823;9785
1;1741136113407;9786
1;1741136123149;9787
1;1741136123718;9788
1;1741136127448;9789
1;1741136139615;9790
1;1741136141101;9791
1;1741136145247;9792
1;1741136146476;9793
1;1741136159163;9794
1;1741136168074;9795
1;1741136170394;9796
1;1741136177892;9797
1;1741136178416;9798
1;1741136181913;9799
1;1741136187927;9800
1;1741136190942;9801
1;1741136191413;9802
1;1741136203698;9803
1;1741136215465;9804
1;1741136216168;9805
1;1741136219019;9806
1;1741136223025;9807
1;1741136224618;9808
1;1741136232074;9809
1;1741136232795;9810
1;1741136247679;9811
1;1741136251940;9812
1;1741136255186;9813
1;1741136258807;9814
1;1741136259863;9815
1;1741136262290;9816
1;1741136267171;9817
1;1741136285744;9818
1;1741136286540;9819
1;1741136299889;9820
1;1741136303122;9821
1;1741136304933;9822
1;1741136306976;9823
1;1741136313742;9824
1;1741136314030;9825
1;1741136315265;9826
1;1741136316280;9827
1;1741136341105;9828
1;1741136342573;9829
1;1741136343849;9830
1;1741136344242;9831
1;1741136344812;9832
1;1741136353013;9833
1;1741136356115;9834
1;1741136357493;9835
1;1741136358593;9836
1;1741136370629;9837
1;1741136376855;9838
1;1741136389649;9839
1;1741136393667;9840
1;1741136394004;9841
1;1741136396417;9842
1;1741136402344;9843
1;1741136409394;9844
1;1741136410673;9845
1;1741136422524;9846
1;1741136422692;9847
1;1741136425934;9848
1;1741136430340;9849
1;1741136434915;9850
1;1741136454716;9851
1;1741136456301;9852
1;1741136457215;9853
1;1741136458990;9854
1;1741136461886;9855
1;1741136472710;9856
1;1741136477253;9857
1;1741136478954;9858
1;1741136484662;9859
1;1741136487687;9860
1;1741136488345;9861
1;1741136497006;9862
1;1741136499048;9863
1;1741136502714;9864
1;1741136505584;9865
1;1741136512581;9866
1;1741136516910;9867
1;1741136517949;9868
1;1741136519087;9869
1;1741136531041;9870
1;1741136540172;9871
1;1741136543631;9872
1;1741136553362;9873
3;1741136555804;80
1;1741136557957;9874
1;1741136566343;9875
1;1741136574021;9876
1;1741136575867;9877
1;1741136580991;9878
1;1741136584530;9879
1;1741136584667;9880
1;1741136589698;9881
1;1741136592941;9882
1;1741136596005;9883
1;1741136603259;9884
1;1741136603334;9885
1;1741136608552;9886
1;1741136611917;9887
1;1741136624809;9888
1;1741136636138;9889
1;1741136639929;9890
1;1741136641786;9891
1;1741136643190;9892
1;1741136654702;9893
1;1741136656032;9894
1;1741136669265;9895
1;1741136669313;9896
1;1741136673458;9897
1;1741136674092;9898
1;1741136675049;9899
1;1741136686589;9900
1;1741136693808;9901
1;1741136696124;9902
1;1741136701735;9903
1;1741136712912;9904
1;1741136715396;9905
1;1741136720335;9906
1;1741136726630;9907
1;1741136730354;9908
1;1741136739906;9909
1;1741136742055;9910
1;1741136742564;9911
1;1741136750784;9912
1;1741136760156;9913
1;1741136761470;9914
1;1741136762055;9915
1;1741136770280;9916
1;1741136775399;9917
1;1741136781581;9918
1;1741136783680;9919
1;1741136794362;9920
1;1741136798002;9921
1;1741136798450;9922
1;1741136799853;9923
1;1741136811578;9924
1;1741136812056;9925
1;1741136822666;9926
1;1741136828048;9927
1;1741136834842;9928
1;1741136835026;9929
1;1741136835260;9930
1;1741136846314;9931
1;1741136851106;9932
1;1741136854841;9933
1;1741136858611;9934
1;1741136859019;9935
1;1741136862785;9936
1;1741136865316;9937
1;1741136873986;9938
1;1741136881850;9939
1;1741136887707;9940
1;1741136896859;9941
1;1741136897591;9942
1;1741136903201;9943
1;1741136906125;9944
1;1741136909439;9945
1;1741136923475;9946
1;1741136927895;9947
1;1741136931974;9948
1;1741136940229;9949
1;1741136945641;9950
1;1741136946528;9951
1;1741136954764;9952
1;1741136957544;9953
1;1741136957573;9954
1;1741136961388;9955
1;1741136965823;9956
1;1741136974021;9957
1;1741136982339;9958
1;1741136984921;9959
1;1741136986320;9960
1;1741136988417;9961
1;1741136993547;9962
1;1741136999739;9963
1;1741137002480;9964
1;1741137006102;9965
1;1741137016756;9966
1;1741137022421;9967
1;1741137031891;9968
1;1741137038224;9969
1;1741137040390;9970
1;1741137050199;9971
1;1741137053065;9972
1;1741137053480;9973
1;1741137060621;9974
1;1741137063928;9975
1;1741137074473;9976
1;1741137075452;9977
1;1741137076247;9978
1;1741137085957;9979
1;1741137090695;9980
1;1741137091519;9981
1;1741137096382;9982
1;1741137102192;9983
1;1741137105070;9984
1;1741137111651;9985
1;1741137123406;9986
1;1741137129054;9987
1;1741137135664;9988
1;1741137139894;9989
1;1741137143090;9990
1;1741137147666;9991
1;1741137150613;9992
1;1741137151248;9993
1;1741137154380;9994
1;1741137160615;9995
1;1741137164451;9996
1;1741137167378;9997
1;1741137176404;9998
1;1741137180119;9999
1;1741137187479;10000
1;1741137192492;10001
1;1741137195195;10002
1;1741137201900;10003
1;1741137208140;10004
1;1741137209884;10005
1;1741137212016;10006
1;1741137217319;10007
1;1741137225204;10008
1;1741137226487;10009
1;1741137229156;10010
1;1741137248533;10011
1;1741137253446;10012
1;1741137253976;10013
1;1741137261811;10014
1;1741137264091;10015
1;1741137267728;10016
1;1741137271714;10017
1;1741137275546;10018
1;1741137281673;10019
1;1741137299300;10020
1;1741137300646;10021
1;1741137303473;10022
1;1741137304513;10023
1;1741137306720;10024
1;1741137309791;10025
1;1741137318482;10026
1;1741137318946;10027
1;1741137330487;10028
1;1741137335412;10029
1;1741137339824;10030
1;1741137344361;10031
1;1741137348421;10032
1;1741137349717;10033
1;1741137353224;10034
1;1741137365177;10035
1;1741137374961;10036
1;1741137382489;10037
1;1741137384950;10038
1;1741137385792;10039
1;1741137388853;10040
1;1741137389362;10041
1;1741137395845;10042
1;1741137404141;10043
1;1741137409314;10044
1;1741137409772;10045
1;1741137411217;10046
1;1741137413928;10047
1;1741137418809;10048
1;1741137438517;10049
1;1741137446192;10050
1;1741137446891;10051
1;1741137458037;10052
1;1741137461377;10053
3;1741137465822;81
3;1741137470822;82
1;1741137471298;10054
1;1741137472028;10055
1;1741137472045;10056
3;1741137475822;83
1;1741137476161;10057
1;1741137477382;10058
1;1741137480576;10059
3;1741137480821;84
1;1741137482165;10060
3;1741137485822;85
1;1741137486531;10061
1;1741137489119;10062
3;1741137490822;86
3;1741137495823;87
3;1741137500823;88
1;1741137504583;10063
3;1741137505822;89
3;1741137510822;90
1;1741137511394;10064
