3;1741050755838;1
2;1741050756184;1
1;1741050756583;1
0;1741050756822;1
3;1741050760838;2
2;1741050763194;2
1;1741050764394;2
3;1741050765828;3
0;1741050766585;2
1;1741050766905;3
2;1741050767033;3
3;1741050770829;4
1;1741050771080;4
2;1741050771209;4
0;1741050771369;3
3;1741050775851;5
0;1741050777096;4
1;1741050777320;5
2;1741050779352;5
3;1741050780861;6
0;1741050783432;5
1;1741050783912;6
2;1741050784151;6
3;1741050785821;7
1;1741050788859;7
0;1741050789114;6
2;1741050789482;7
3;1741050790830;8
0;1741050791207;7
2;1741050791495;8
1;1741050791767;8
3;1741050795822;9
0;1741050796039;8
1;1741050796167;9
2;1741050796423;9
3;1741050800830;10
2;1741050801144;10
0;1741050801412;9
1;1741050804199;10
3;1741050805868;11
0;1741050806005;10
1;1741050806198;11
2;1741050806646;11
3;1741050810829;12
0;1741050810950;11
2;1741050811142;12
1;1741050813846;12
3;1741050815864;13
1;1741050819030;13
3;1741050820860;14
0;1741050820960;12
2;1741050821159;13
1;1741050823477;14
3;1741050825850;15
0;1741050826454;13
1;1741050828848;15
2;1741050829013;14
3;1741050830843;16
0;1741050831317;14
2;1741050831421;15
1;1741050834036;16
3;1741050835835;17
1;1741050838132;17
2;1741050838340;16
3;1741050840841;18
2;1741050841972;17
0;1741050842052;15
3;1741050845833;19
0;1741050845924;16
2;1741050846019;18
1;1741050846147;18
3;1741050850874;20
0;1741050850947;17
1;1741050851203;19
2;1741050851459;19
3;1741050855833;21
2;1741050856163;20
0;1741050856499;18
1;1741050858819;20
3;1741050860826;22
1;1741050861123;21
2;1741050861297;21
0;1741050861388;19
3;1741050865832;23
1;1741050866099;22
2;1741050866258;22
0;1741050868179;20
3;1741050870825;24
2;1741050871090;23
1;1741050871618;23
0;1741050871714;21
3;1741050875846;25
1;1741050876370;24
0;1741050876514;22
2;1741050877026;24
3;1741050880839;26
1;1741050881105;25
0;1741050881698;23
2;1741050881873;25
3;1741050885893;27
1;1741050885924;26
2;1741050886706;26
0;1741050887105;24
3;1741050890853;28
0;1741050890949;25
1;1741050891185;27
2;1741050891873;27
3;1741050895830;29
0;1741050896145;26
2;1741050896336;28
3;1741050900853;30
2;1741050903248;29
3;1741050905833;31
1;1741050906048;28
2;1741050909392;30
3;1741050910871;32
1;1741050913759;29
0;1741050913871;27
2;1741050914112;31
3;1741050915830;33
0;1741050916512;28
2;1741050916751;32
3;1741050920853;34
0;1741050921199;29
2;1741050922064;33
1;1741050923747;30
3;1741050925845;35
0;1741050925935;30
1;1741050926159;31
2;1741050926511;34
3;1741050930853;36
0;1741050930944;31
2;1741050931150;35
1;1741050931311;32
3;1741050935924;37
0;1741050936206;32
2;1741050936622;36
1;1741050938846;33
3;1741050940837;38
0;1741050941021;33
2;1741050941213;37
3;1741050945844;39
0;1741050946046;34
1;1741050946141;34
2;1741050946365;38
3;1741050950867;40
0;1741050950925;35
2;1741050951120;39
1;1741050951677;35
3;1741050955827;41
0;1741050956605;36
2;1741050958445;40
1;1741050958780;36
3;1741050960857;42
0;1741050961932;37
1;1741050963308;37
3;1741050965842;43
1;1741050965916;38
0;1741050966940;38
2;1741050967260;41
3;1741050970835;44
0;1741050970908;39
2;1741050971044;42
1;1741050971116;39
3;1741050975826;45
2;1741050976156;43
0;1741050976395;40
3;1741050980848;46
0;1741050981015;41
2;1741050981115;44
1;1741050981771;40
3;1741050985839;47
0;1741050986075;42
2;1741050986219;45
1;1741050988907;41
3;1741050990879;48
2;1741050991035;46
0;1741050991117;43
1;1741050991402;42
3;1741050995855;49
0;1741050995942;44
2;1741050996298;47
3;1741051000832;50
0;1741051001146;45
2;1741051001349;48
3;1741051005825;51
1;1741051006217;43
3;1741051010848;52
0;1741051010937;46
1;1741051011207;44
2;1741051013225;49
3;1741051015839;53
1;1741051015961;45
0;1741051016553;47
2;1741051016633;50
3;1741051020859;54
0;1741051020937;48
2;1741051021121;51
1;1741051021225;46
3;1741051025838;55
0;1741051025912;49
2;1741051026056;52
1;1741051026408;47
3;1741051030830;56
0;1741051031064;50
2;1741051031192;53
3;1741051035822;57
0;1741051036010;51
2;1741051036107;54
1;1741051036218;48
3;1741051040831;58
1;1741051041016;49
0;1741051041098;52
2;1741051041467;55
3;1741051045821;59
2;1741051048472;56
1;1741051049400;50
0;1741051049847;53
3;1741051050861;60
0;1741051050919;54
1;1741051051015;51
2;1741051051719;57
3;1741051055868;61
0;1741051055945;55
2;1741051056022;58
1;1741051058374;52
3;1741051060875;62
0;1741051060934;56
1;1741051061190;53
2;1741051062982;59
3;1741051065851;63
0;1741051066017;57
2;1741051066117;60
1;1741051066358;54
3;1741051070891;64
0;1741051070926;58
1;1741051071185;55
2;1741051071365;61
3;1741051075835;65
0;1741051076033;59
2;1741051076133;62
1;1741051079020;56
3;1741051080870;66
1;1741051080933;57
2;1741051081336;63
0;1741051081733;60
3;1741051085963;67
1;1741051088900;58
3;1741051090827;68
0;1741051091204;61
2;1741051091284;64
1;1741051092996;59
3;1741051095835;69
0;1741051095988;62
2;1741051096212;65
1;1741051096631;60
3;1741051100874;70
1;1741051103764;61
2;1741051104212;66
0;1741051104468;63
3;1741051105865;71
2;1741051106323;67
1;1741051109123;62
0;1741051109683;64
3;1741051110937;72
2;1741051111155;68
1;1741051112131;63
3;1741051115832;73
1;1741051116403;64
3;1741051120825;74
1;1741051121442;65
2;1741051122931;69
3;1741051125831;75
0;1741051125948;65
1;1741051126274;66
2;1741051129170;70
3;1741051130839;76
0;1741051131874;66
2;1741051131986;71
1;1741051133553;67
3;1741051135880;77
1;1741051135953;68
2;1741051136273;72
0;1741051136642;67
3;1741051140840;78
0;1741051140898;68
2;1741051141025;73
1;1741051141217;69
3;1741051145846;79
1;1741051146257;70
0;1741051146465;69
2;1741051146625;74
3;1741051151158;80
1;1741051151297;71
2;1741051151697;75
0;1741051151761;70
3;1741051155926;81
0;1741051156017;71
1;1741051156130;72
2;1741051156322;76
3;1741051160839;82
0;1741051160913;72
2;1741051161041;77
1;1741051161492;73
3;1741051165831;83
0;1741051166003;73
2;1741051166233;78
3;1741051170884;84
1;1741051171263;74
0;1741051171305;74
2;1741051171435;79
3;1741051175829;85
1;1741051175985;75
0;1741051176111;75
2;1741051176303;80
3;1741051180823;86
1;1741051181103;76
0;1741051182921;76
2;1741051183455;81
3;1741051185828;87
0;1741051185954;77
2;1741051186078;82
1;1741051186319;77
3;1741051190896;88
1;1741051191598;78
2;1741051191726;83
0;1741051191758;78
3;1741051195828;89
0;1741051196110;79
2;1741051196558;84
3;1741051200835;90
2;1741051202062;85
0;1741051203918;80
1;1741051204320;79
3;1741051205917;91
2;1741051206013;86
1;1741051206173;80
0;1741051206545;81
3;1741051210881;92
2;1741051210989;87
3;1741051215844;93
2;1741051216109;88
0;1741051216156;82
1;1741051216332;81
3;1741051220879;94
0;1741051220940;83
2;1741051221101;89
1;1741051223404;82
3;1741051225827;95
2;1741051226252;90
0;1741051226332;84
1;1741051228972;83
3;1741051230849;96
1;1741051230986;84
2;1741051231340;91
0;1741051231484;85
3;1741051235826;97
1;1741051238939;85
2;1741051239163;92
3;1741051240832;98
1;1741051244133;86
2;1741051244427;93
3;1741051245906;99
1;1741051245947;87
0;1741051246091;86
2;1741051246267;94
3;1741051250880;100
1;1741051251179;88
0;1741051251258;87
2;1741051251627;95
3;1741051255825;101
1;1741051256033;89
0;1741051256346;88
2;1741051257002;96
3;1741051260848;102
0;1741051261834;89
1;1741051263242;90
2;1741051263738;97
3;1741051265840;103
1;1741051266057;91
2;1741051266377;98
0;1741051266497;90
3;1741051270831;104
1;1741051270969;92
2;1741051271819;99
0;1741051272074;91
3;1741051275872;105
1;1741051275977;93
2;1741051276385;100
0;1741051276521;92
3;1741051280846;106
2;1741051281224;101
0;1741051281784;93
1;1741051283944;94
3;1741051285838;107
1;1741051286040;95
0;1741051286680;94
2;1741051286840;102
3;1741051290831;108
1;1741051291192;96
0;1741051291881;95
2;1741051291899;103
3;1741051295837;109
0;1741051295880;96
2;1741051296040;104
1;1741051296264;97
3;1741051300831;110
1;1741051301384;98
0;1741051303255;97
2;1741051304535;105
3;1741051305870;111
0;1741051305911;98
1;1741051306055;99
2;1741051307991;106
3;1741051310846;112
1;1741051314023;100
2;1741051314887;107
3;1741051315854;113
0;1741051315865;99
1;1741051316104;101
2;1741051316390;108
3;1741051320845;114
0;1741051321054;100
1;1741051321298;102
2;1741051321575;109
3;1741051325837;115
0;1741051325969;101
1;1741051326070;103
2;1741051326438;110
3;1741051330828;116
1;1741051332950;104
0;1741051334150;102
3;1741051335863;117
1;1741051339030;105
0;1741051339301;103
2;1741051339509;111
3;1741051340887;118
0;1741051340933;104
2;1741051341070;112
1;1741051341365;106
3;1741051345850;119
1;1741051346080;107
3;1741051350875;120
2;1741051350996;113
1;1741051351125;108
0;1741051351302;105
3;1741051355834;121
1;1741051355988;109
0;1741051356228;106
2;1741051356324;114
3;1741051360875;122
0;1741051361220;107
1;1741051361347;110
2;1741051361620;115
3;1741051365866;123
2;1741051365966;116
0;1741051366061;108
1;1741051366148;111
3;1741051370826;124
2;1741051373219;117
0;1741051374072;109
3;1741051375833;125
0;1741051376211;110
2;1741051376348;118
3;1741051380855;126
0;1741051380946;111
1;1741051381042;112
2;1741051383235;119
3;1741051385864;127
0;1741051386738;112
2;1741051387410;120
3;1741051390824;128
0;1741051391010;113
2;1741051391314;121
1;1741051394306;113
3;1741051395832;129
2;1741051397953;122
0;1741051398865;114
3;1741051400870;130
0;1741051401164;115
2;1741051401969;123
3;1741051405845;131
0;1741051405937;116
1;1741051406145;114
2;1741051406465;124
3;1741051410839;132
1;1741051411021;115
0;1741051411089;117
2;1741051411293;125
3;1741051415846;133
0;1741051415937;118
1;1741051416049;116
2;1741051418864;126
3;1741051420886;134
1;1741051422912;117
2;1741051423232;127
3;1741051425893;135
1;1741051426080;118
0;1741051426336;119
2;1741051426672;128
3;1741051430855;136
0;1741051431152;120
2;1741051431304;129
1;1741051431743;119
3;1741051435967;137
0;1741051436191;121
1;1741051436233;120
2;1741051436463;130
3;1741051440821;138
1;1741051443103;121
2;1741051444255;131
0;1741051444319;122
3;1741051445829;139
1;1741051449102;122
2;1741051449358;132
0;1741051449566;123
3;1741051450837;140
0;1741051453742;124
1;1741051454181;123
2;1741051454398;133
3;1741051455844;141
0;1741051456014;125
2;1741051456142;134
1;1741051456318;124
3;1741051460835;142
0;1741051461022;126
2;1741051461517;135
1;1741051461934;125
3;1741051465827;143
1;1741051466413;126
2;1741051469597;136
3;1741051470851;144
1;1741051470989;127
0;1741051471005;127
3;1741051475859;145
0;1741051476126;128
1;1741051476366;128
2;1741051476862;137
3;1741051480866;146
0;1741051480949;129
2;1741051481116;138
1;1741051481324;129
3;1741051485874;147
1;1741051486108;130
0;1741051486252;130
2;1741051486412;139
3;1741051490896;148
0;1741051491532;131
2;1741051492108;140
1;1741051493563;131
3;1741051495826;149
0;1741051496571;132
2;1741051496876;141
1;1741051499035;132
3;1741051500850;150
0;1741051501051;133
2;1741051501131;142
1;1741051501563;133
3;1741051505890;151
2;1741051506603;143
1;1741051506699;134
0;1741051506843;134
3;1741051510833;152
2;1741051511019;144
0;1741051511066;135
3;1741051515860;153
1;1741051519290;135
3;1741051520848;154
0;1741051520986;136
2;1741051521226;145
1;1741051521466;136
3;1741051525892;155
2;1741051527930;146
1;1741051528313;137
0;1741051528809;137
3;1741051530832;156
2;1741051533193;147
3;1741051535824;157
0;1741051536153;138
2;1741051536431;148
1;1741051538169;138
3;1741051540847;158
1;1741051540985;139
0;1741051541961;139
2;1741051542201;149
3;1741051545838;159
0;1741051545912;140
1;1741051546011;140
2;1741051546415;150
3;1741051550846;160
2;1741051551497;151
0;1741051552025;141
1;1741051553800;141
3;1741051555838;161
0;1741051555896;142
1;1741051556072;142
2;1741051556328;152
3;1741051560831;162
1;1741051561064;143
0;1741051562056;143
2;1741051562232;153
3;1741051565822;163
2;1741051566503;154
1;1741051566711;144
0;1741051566759;144
3;1741051570908;164
0;1741051570999;145
2;1741051571367;155
1;1741051574391;145
3;1741051575837;165
0;1741051576230;146
2;1741051576599;156
1;1741051578855;146
3;1741051580830;166
0;1741051580998;147
2;1741051581078;157
1;1741051583958;147
3;1741051585885;167
0;1741051586150;148
1;1741051586278;148
3;1741051590861;168
1;1741051591286;149
0;1741051591366;149
2;1741051592054;158
3;1741051595880;169
0;1741051596101;150
2;1741051596198;159
1;1741051598149;150
3;1741051600905;170
1;1741051600981;151
0;1741051601685;151
2;1741051602011;160
3;1741051605851;171
0;1741051605925;152
1;1741051606101;152
2;1741051608277;161
3;1741051610856;172
0;1741051611076;153
2;1741051611637;162
1;1741051613301;153
3;1741051615835;173
0;1741051615972;154
2;1741051616180;163
1;1741051618372;154
3;1741051620825;174
1;1741051621011;155
0;1741051621268;155
2;1741051621892;164
3;1741051625988;175
0;1741051626163;156
2;1741051626307;165
1;1741051626451;156
3;1741051630826;176
1;1741051630947;157
0;1741051631299;157
2;1741051634355;166
3;1741051635834;177
0;1741051636259;158
3;1741051640873;178
0;1741051640935;159
2;1741051641123;167
1;1741051643522;158
3;1741051645833;179
0;1741051646014;160
1;1741051646413;159
3;1741051650825;180
2;1741051652947;168
0;1741051653395;161
3;1741051655863;181
0;1741051655938;162
1;1741051656066;160
2;1741051658657;169
3;1741051660855;182
0;1741051660875;163
2;1741051661057;170
1;1741051661329;161
3;1741051665847;183
0;1741051666049;164
2;1741051669225;171
3;1741051670870;184
0;1741051670880;165
2;1741051671056;172
1;1741051671232;162
3;1741051675893;185
1;1741051676048;163
0;1741051676144;166
2;1741051676306;173
3;1741051680853;186
1;1741051681264;164
0;1741051681520;167
2;1741051683216;174
3;1741051685846;187
0;1741051685952;168
1;1741051688032;165
3;1741051690863;188
0;1741051690911;169
2;1741051691055;175
1;1741051691775;166
3;1741051695830;189
2;1741051696280;176
1;1741051698335;167
0;1741051698975;170
3;1741051700886;190
1;1741051701055;168
0;1741051704495;171
3;1741051705845;191
0;1741051705918;172
2;1741051706047;177
1;1741051706255;169
3;1741051710821;192
2;1741051711790;178
0;1741051712990;173
3;1741051715843;193
0;1741051715998;174
2;1741051716942;179
1;1741051718302;170
3;1741051720915;194
0;1741051720990;175
1;1741051721214;171
2;1741051724142;180
3;1741051725843;195
1;1741051725901;172
0;1741051726686;176
2;1741051729149;181
3;1741051730851;196
0;1741051730941;177
1;1741051731037;173
2;1741051731197;182
3;1741051735827;197
0;1741051735954;178
1;1741051736077;174
2;1741051738540;183
3;1741051740835;198
2;1741051743180;184
1;1741051743932;175
3;1741051745858;199
1;1741051746405;176
0;1741051748924;179
3;1741051750834;200
2;1741051751132;185
1;1741051753995;177
3;1741051755856;201
1;1741051756203;178
0;1741051756507;180
2;1741051758299;186
3;1741051760832;202
0;1741051760955;181
2;1741051763675;187
1;1741051763803;179
3;1741051765841;203
0;1741051766187;182
1;1741051766405;180
2;1741051768907;188
3;1741051770859;204
0;1741051770938;183
1;1741051771083;181
2;1741051773642;189
3;1741051775889;205
1;1741051775918;182
0;1741051776138;184
2;1741051776421;190
3;1741051780864;206
0;1741051780938;185
2;1741051781050;191
1;1741051781274;183
3;1741051785855;207
1;1741051786009;184
0;1741051786442;186
2;1741051789082;192
3;1741051790863;208
1;1741051790937;185
0;1741051791113;187
2;1741051791237;193
3;1741051795917;209
0;1741051796121;188
2;1741051798345;194
3;1741051800863;210
0;1741051800952;189
1;1741051801129;186
2;1741051803624;195
3;1741051805824;211
2;1741051806168;196
0;1741051806328;190
1;1741051809080;187
3;1741051810879;212
0;1741051810952;191
1;1741051811752;188
3;1741051815853;213
0;1741051815880;192
2;1741051816024;197
1;1741051816331;189
3;1741051820871;214
1;1741051820993;190
0;1741051821752;193
2;1741051823240;198
3;1741051825837;215
2;1741051826535;199
1;1741051829143;191
0;1741051829415;194
3;1741051830829;216
0;1741051831783;195
1;1741051833671;192
3;1741051835837;217
0;1741051836070;196
2;1741051836503;200
1;1741051838470;193
3;1741051840860;218
2;1741051841114;201
1;1741051841334;194
0;1741051841366;197
3;1741051845821;219
0;1741051846230;198
2;1741051846662;202
1;1741051849190;195
3;1741051850828;220
1;1741051851126;196
0;1741051851270;199
3;1741051855835;221
0;1741051856030;200
1;1741051858117;197
2;1741051858693;203
3;1741051860828;222
0;1741051861109;201
2;1741051864070;204
3;1741051865851;223
0;1741051865877;202
1;1741051866021;198
2;1741051866213;205
3;1741051870896;224
1;1741051870933;199
0;1741051871125;203
2;1741051871204;206
3;1741051875850;225
0;1741051876040;204
1;1741051876180;200
2;1741051878196;207
3;1741051880825;226
2;1741051881205;208
0;1741051883317;205
3;1741051885859;227
0;1741051886083;206
2;1741051888419;209
3;1741051890873;228
0;1741051891123;207
1;1741051891203;201
2;1741051893427;210
3;1741051895894;229
0;1741051895939;208
1;1741051896787;202
2;1741051897955;211
3;1741051900840;230
0;1741051901171;209
1;1741051901219;203
2;1741051903891;212
3;1741051905833;231
0;1741051905938;210
2;1741051906098;213
1;1741051906482;204
3;1741051910857;232
0;1741051910949;211
2;1741051911074;214
1;1741051911378;205
3;1741051915833;233
1;1741051916162;206
0;1741051916354;212
2;1741051918546;215
3;1741051920839;234
1;1741051921058;207
0;1741051921444;213
2;1741051923910;216
3;1741051925895;235
1;1741051926257;208
0;1741051926449;214
2;1741051927905;217
3;1741051930939;236
0;1741051931201;215
1;1741051931761;209
2;1741051933953;218
3;1741051935846;237
0;1741051936017;216
2;1741051939040;219
3;1741051940870;238
1;1741051941058;210
0;1741051941136;217
3;1741051945902;239
2;1741051946142;220
1;1741051947952;211
0;1741051948239;218
3;1741051950910;240
0;1741051950966;219
1;1741051951189;212
3;1741051955829;241
2;1741051958793;221
0;1741051958863;220
3;1741051960837;242
0;1741051960991;221
1;1741051961151;213
2;1741051961567;222
3;1741051965845;243
0;1741051965919;222
2;1741051966063;223
1;1741051966207;214
3;1741051970852;244
0;1741051971182;223
2;1741051971417;224
1;1741051973774;215
3;1741051975828;245
0;1741051975950;224
2;1741051976094;225
1;1741051978190;216
3;1741051980863;246
1;1741051983662;217
0;1741051984046;225
3;1741051985843;247
0;1741051986253;226
2;1741051986298;226
1;1741051989165;218
3;1741051990835;248
0;1741051991293;227
2;1741051991453;227
3;1741051995827;249
0;1741051996129;228
2;1741051996381;228
1;1741051999148;219
3;1741052000835;250
1;1741052001086;220
0;1741052001870;229
2;1741052002269;229
3;1741052005899;251
0;1741052005996;230
1;1741052006172;221
2;1741052008165;230
3;1741052010833;252
2;1741052011115;231
1;1741052011278;222
0;1741052011388;231
3;1741052015841;253
0;1741052015982;232
2;1741052016091;232
3;1741052020833;254
0;1741052021005;233
1;1741052021099;223
2;1741052021211;233
3;1741052025841;255
0;1741052025931;234
1;1741052026139;224
2;1741052026229;234
3;1741052030832;256
1;1741052030939;225
0;1741052031114;235
2;1741052031166;235
3;1741052035840;257
0;1741052035883;236
2;1741052036090;236
1;1741052036234;226
3;1741052040831;258
2;1741052042922;237
1;1741052043798;227
3;1741052045887;259
1;1741052046153;228
0;1741052046442;237
2;1741052046714;238
3;1741052050831;260
2;1741052051033;239
0;1741052051145;238
1;1741052053769;229
3;1741052055823;261
2;1741052056409;240
0;1741052056569;239
1;1741052059417;230
3;1741052060831;262
0;1741052061032;240
1;1741052061144;231
2;1741052061208;241
0;1741052065865;241
3;1741052065876;263
1;1741052065947;232
3;1741052070845;264
0;1741052070904;242
1;1741052071160;233
2;1741052071240;242
3;1741052075870;265
0;1741052075912;243
2;1741052076008;243
1;1741052076568;234
3;1741052080831;266
0;1741052081121;244
2;1741052081358;244
3;1741052085870;267
0;1741052086407;245
2;1741052087239;245
3;1741052090829;268
0;1741052091015;246
1;1741052091111;235
2;1741052091287;246
3;1741052095852;269
0;1741052095911;247
2;1741052096071;247
1;1741052096583;236
3;1741052100829;270
1;1741052101078;237
0;1741052101590;248
2;1741052101686;248
3;1741052105822;271
1;1741052107014;238
2;1741052108870;249
3;1741052110835;272
1;1741052111382;239
2;1741052113845;250
3;1741052115836;273
1;1741052116197;240
0;1741052116293;249
2;1741052116789;251
3;1741052120875;274
0;1741052120917;250
1;1741052121013;241
2;1741052121301;252
3;1741052125863;275
0;1741052126150;251
2;1741052126246;253
1;1741052129013;242
3;1741052130827;276
2;1741052131380;254
0;1741052131604;252
1;1741052131876;243
3;1741052135850;277
0;1741052135908;253
1;1741052136324;244
2;1741052136516;255
3;1741052140859;278
2;1741052141028;256
0;1741052141108;254
1;1741052143795;245
3;1741052145834;279
0;1741052146260;255
1;1741052146820;246
3;1741052151002;280
0;1741052151123;256
1;1741052151235;247
2;1741052151395;257
3;1741052155850;281
0;1741052155890;257
1;1741052156003;248
2;1741052156323;258
3;1741052160840;282
0;1741052161106;258
2;1741052161282;259
1;1741052163330;249
3;1741052165944;283
0;1741052166531;259
2;1741052166595;260
3;1741052170867;284
0;1741052171165;260
2;1741052171410;261
3;1741052175832;285
1;1741052176034;250
0;1741052176578;261
2;1741052177090;262
3;1741052180824;286
1;1741052180945;251
0;1741052181249;262
2;1741052181293;263
3;1741052185879;287
0;1741052186141;263
2;1741052186193;264
1;1741052186369;252
3;1741052190870;288
0;1741052190897;264
1;1741052191297;253
2;1741052191601;265
3;1741052195830;289
0;1741052196081;265
2;1741052196144;266
1;1741052197952;254
3;1741052200838;290
0;1741052201105;266
1;1741052201376;255
2;1741052201552;267
3;1741052205831;291
1;1741052208768;256
3;1741052210839;292
0;1741052210960;267
2;1741052211071;268
1;1741052213776;257
3;1741052215892;293
0;1741052216274;268
1;1741052216383;258
2;1741052216527;269
3;1741052220838;294
0;1741052220943;269
2;1741052221087;270
3;1741052225829;295
2;1741052228462;271
1;1741052228655;259
3;1741052230926;296
0;1741052230965;270
1;1741052231102;260
3;1741052235843;297
0;1741052236409;271
2;1741052236622;272
1;1741052238206;261
3;1741052240820;298
1;1741052241278;262
0;1741052244029;272
2;1741052244205;273
3;1741052245827;299
1;1741052246148;263
2;1741052248349;274
3;1741052250862;300
0;1741052251037;273
2;1741052251213;275
1;1741052252016;264
3;1741052255897;301
0;1741052255949;274
1;1741052256061;265
2;1741052256205;276
3;1741052260834;302
0;1741052261006;275
1;1741052261134;266
2;1741052261677;277
3;1741052265827;303
1;1741052266060;267
0;1741052266508;276
2;1741052266796;278
3;1741052270849;304
0;1741052270924;277
2;1741052271180;279
1;1741052271532;268
3;1741052275858;305
2;1741052275947;280
0;1741052276107;278
1;1741052276299;269
3;1741052280833;306
1;1741052281372;270
3;1741052285826;307
1;1741052286075;271
0;1741052287115;279
2;1741052288235;281
3;1741052290834;308
0;1741052291067;280
2;1741052291386;282
1;1741052293674;272
3;1741052295825;309
2;1741052296426;283
0;1741052296538;281
1;1741052298858;273
3;1741052300864;310
1;1741052301036;274
2;1741052301594;284
0;1741052301738;282
3;1741052305824;311
0;1741052308645;283
1;1741052308922;275
2;1741052309354;285
3;1741052310895;312
0;1741052311689;284
1;1741052314185;276
3;1741052315870;313
1;1741052315946;277
0;1741052316313;285
2;1741052316649;286
3;1741052320876;314
0;1741052321035;286
2;1741052321225;287
1;1741052321609;278
3;1741052325854;315
0;1741052325928;287
2;1741052326057;288
1;1741052326187;279
3;1741052330831;316
0;1741052331736;288
1;1741052333208;280
2;1741052333592;289
3;1741052335823;317
1;1741052336025;281
2;1741052336424;290
0;1741052336600;289
3;1741052340830;318
2;1741052343223;291
0;1741052343367;290
3;1741052345822;319
0;1741052346039;291
2;1741052346327;292
1;1741052347959;282
3;1741052350829;320
0;1741052351015;292
2;1741052351511;293
1;1741052351576;283
3;1741052355821;321
2;1741052356262;294
1;1741052356423;284
0;1741052356551;293
3;1741052360828;322
0;1741052363158;294
3;1741052365836;323
0;1741052366022;295
2;1741052366182;295
3;1741052370828;324
2;1741052371717;296
0;1741052373829;296
1;1741052374245;285
3;1741052375836;325
0;1741052376005;297
2;1741052376437;297
1;1741052378165;286
3;1741052380827;326
1;1741052381269;287
0;1741052384021;298
2;1741052384213;298
3;1741052385876;327
2;1741052388357;299
3;1741052390858;328
0;1741052390948;299
2;1741052391860;300
3;1741052395865;329
2;1741052398628;301
3;1741052400971;330
0;1741052401012;300
2;1741052401380;302
3;1741052405837;331
2;1741052408115;303
3;1741052410935;332
3;1741052415834;333
0;1741052415939;301
2;1741052416515;304
3;1741052420828;334
0;1741052423298;302
3;1741052425833;335
0;1741052426386;303
2;1741052428338;305
1;1741052428690;288
3;1741052430824;336
1;1741052432082;289
0;1741052432194;304
2;1741052434898;306
3;1741052435847;337
0;1741052435938;305
1;1741052436049;290
2;1741052436609;307
3;1741052440824;338
0;1741052441409;306
1;1741052441505;291
2;1741052444193;308
3;1741052445875;339
0;1741052445889;307
1;1741052445985;292
2;1741052446193;309
3;1741052450823;340
0;1741052450896;308
1;1741052451041;293
2;1741052451138;310
3;1741052455832;341
0;1741052456306;309
2;1741052456626;311
1;1741052456690;294
3;1741052460869;342
1;1741052462240;295
0;1741052462262;310
2;1741052462279;312
3;1741052465894;343
0;1741052465936;311
1;1741052466028;296
2;1741052466271;313
3;1741052470839;344
1;1741052471247;297
0;1741052471407;312
2;1741052473327;314
3;1741052475830;345
0;1741052476287;313
1;1741052476895;298
2;1741052478346;315
3;1741052480822;346
0;1741052481120;314
2;1741052481375;316
1;1741052481770;299
3;1741052485939;347
1;1741052488969;300
3;1741052490822;348
1;1741052491214;301
0;1741052491870;315
3;1741052495844;349
1;1741052496238;302
2;1741052496318;317
0;1741052496590;316
3;1741052500898;350
0;1741052500974;317
1;1741052501134;303
2;1741052501246;318
3;1741052505891;351
0;1741052506035;318
1;1741052506141;304
2;1741052506269;319
3;1741052510885;352
2;1741052511005;320
1;1741052511245;305
0;1741052513981;319
3;1741052515875;353
0;1741052515919;320
1;1741052516204;306
2;1741052516301;321
3;1741052520835;354
0;1741052521212;321
2;1741052521564;322
1;1741052521628;307
3;1741052526452;355
0;1741052526732;322
1;1741052526988;308
2;1741052527084;323
3;1741052530866;356
0;1741052531003;323
1;1741052531115;309
2;1741052531276;324
3;1741052535920;357
0;1741052536076;324
1;1741052537131;310
2;1741052539067;325
3;1741052540881;358
0;1741052540923;325
1;1741052541195;311
2;1741052541323;326
3;1741052545857;359
0;1741052545909;326
1;1741052546445;312
2;1741052546587;327
3;1741052550881;360
0;1741052550967;327
1;1741052551098;313
2;1741052551675;328
3;1741052555825;361
0;1741052556556;328
2;1741052558828;329
1;1741052559132;314
3;1741052560942;362
0;1741052561067;329
1;1741052561498;315
2;1741052561706;330
3;1741052565841;363
0;1741052566330;330
1;1741052566344;316
2;1741052566922;331
3;1741052570864;364
1;1741052571189;317
0;1741052571321;331
2;1741052571513;332
3;1741052575823;365
0;1741052576249;332
2;1741052576361;333
3;1741052580847;366
1;1741052581449;318
2;1741052581576;334
0;1741052581641;333
3;1741052585838;367
0;1741052586040;334
1;1741052586328;319
2;1741052586440;335
3;1741052590846;368
0;1741052590920;335
2;1741052591368;336
1;1741052591768;320
3;1741052595839;369
1;1741052596360;321
0;1741052596424;336
3;1741052600845;370
0;1741052600930;337
2;1741052601304;337
1;1741052601400;322
3;1741052605838;371
0;1741052605912;338
1;1741052606343;323
2;1741052606631;338
3;1741052610924;372
0;1741052611018;339
1;1741052611368;324
2;1741052611687;339
3;1741052615915;373
0;1741052615991;340
1;1741052616151;325
2;1741052616263;340
3;1741052620845;374
0;1741052621048;341
2;1741052621206;341
1;1741052621497;326
3;1741052625821;375
1;1741052626478;327
0;1741052626494;342
2;1741052628230;342
3;1741052630829;376
1;1741052631251;328
0;1741052631588;343
2;1741052633846;343
3;1741052635851;377
2;1741052636342;344
1;1741052636838;329
0;1741052639061;344
3;1741052640827;378
0;1741052641062;345
2;1741052641318;345
1;1741052641749;330
3;1741052645834;379
0;1741052646260;346
2;1741052646452;346
1;1741052646548;331
3;1741052650859;380
0;1741052650891;347
1;1741052650996;332
2;1741052651092;347
3;1741052655849;381
1;1741052656820;333
0;1741052656841;348
2;1741052659188;348
3;1741052660859;382
0;1741052660900;349
2;1741052661428;349
1;1741052661572;334
3;1741052665834;383
0;1741052665971;350
2;1741052666116;350
1;1741052666414;335
3;1741052670827;384
2;1741052671155;351
0;1741052671235;351
1;1741052671331;336
3;1741052675859;385
1;1741052676035;337
0;1741052676803;352
2;1741052677881;352
3;1741052680825;386
0;1741052681250;353
1;1741052681490;338
2;1741052681538;353
3;1741052685832;387
0;1741052688323;354
1;1741052688898;339
3;1741052690839;388
0;1741052690883;355
1;1741052691410;340
3;1741052695895;389
0;1741052695933;356
2;1741052696097;354
1;1741052696226;341
3;1741052700839;390
0;1741052700929;357
2;1741052701361;355
1;1741052702209;342
3;1741052705878;391
0;1741052706418;358
2;1741052706897;356
1;1741052709409;343
3;1741052710892;392
0;1741052710945;359
1;1741052711169;344
2;1741052711233;357
3;1741052715896;393
0;1741052716001;360
1;1741052716309;345
2;1741052716384;358
3;1741052720889;394
0;1741052720912;361
1;1741052721145;346
2;1741052721216;359
3;1741052725846;395
0;1741052725935;362
1;1741052726112;347
2;1741052726208;360
3;1741052730868;396
0;1741052730927;363
1;1741052731232;348
2;1741052731312;361
3;1741052735829;397
0;1741052735967;364
1;1741052736943;349
2;1741052736963;362
3;1741052740822;398
0;1741052741359;365
1;1741052741423;350
2;1741052743870;363
3;1741052745829;399
1;1741052746207;351
0;1741052746542;366
2;1741052746687;364
3;1741052750898;400
1;1741052751296;352
0;1741052751648;367
3;1741052755909;401
0;1741052756030;368
1;1741052756238;353
2;1741052756446;365
3;1741052760836;402
0;1741052760910;369
2;1741052761197;366
1;1741052761277;354
3;1741052765828;403
1;1741052767309;355
0;1741052767437;370
2;1741052769053;367
3;1741052770866;404
1;1741052771190;356
2;1741052771373;368
0;1741052771789;371
3;1741052775890;405
2;1741052775997;369
1;1741052778493;357
0;1741052778556;372
3;1741052780837;406
0;1741052781388;373
1;1741052781724;358
2;1741052783196;370
3;1741052785825;407
0;1741052786140;374
2;1741052786348;371
1;1741052786796;359
3;1741052790881;408
0;1741052790908;375
2;1741052791133;372
1;1741052791229;360
3;1741052795825;409
0;1741052796331;376
2;1741052796523;373
1;1741052797067;361
3;1741052800833;410
0;1741052801003;377
2;1741052801179;374
1;1741052801291;362
3;1741052805946;411
1;1741052806827;363
2;1741052808123;375
0;1741052809179;378
3;1741052810832;412
0;1741052811146;379
2;1741052811339;376
1;1741052811690;364
3;1741052815871;413
0;1741052816218;380
1;1741052816778;365
2;1741052818282;377
3;1741052820864;414
0;1741052821337;381
2;1741052821817;378
1;1741052822042;366
3;1741052825823;415
0;1741052826377;382
1;1741052826393;367
3;1741052830833;416
0;1741052831257;383
2;1741052831353;379
1;1741052831417;368
3;1741052835871;417
0;1741052836233;384
2;1741052836489;380
1;1741052836617;369
3;1741052840831;418
0;1741052841496;385
2;1741052841609;381
1;1741052841705;370
3;1741052845823;419
2;1741052847912;382
0;1741052848104;386
1;1741052848776;371
3;1741052850925;420
1;1741052853336;372
2;1741052853480;383
3;1741052855846;421
0;1741052856049;387
2;1741052856424;384
1;1741052856856;373
3;1741052860830;422
1;1741052861127;374
2;1741052861383;385
0;1741052861703;388
3;1741052865885;423
1;1741052866087;375
0;1741052866471;389
2;1741052868279;386
3;1741052870846;424
0;1741052871943;390
1;1741052872215;376
2;1741052873495;387
3;1741052875837;425
0;1741052876695;391
1;1741052877095;377
2;1741052877286;388
3;1741052880844;426
0;1741052880918;392
2;1741052881142;389
1;1741052881270;378
3;1741052885943;427
0;1741052886006;393
2;1741052886150;390
1;1741052886630;379
3;1741052890844;428
0;1741052891029;394
2;1741052891157;391
1;1741052891653;380
3;1741052895864;429
1;1741052895989;381
0;1741052896085;395
2;1741052896341;392
3;1741052900888;430
0;1741052900933;396
1;1741052901141;382
2;1741052901605;393
3;1741052905882;431
0;1741052905973;397
1;1741052906149;383
2;1741052906484;394
3;1741052910827;432
0;1741052910980;398
2;1741052911140;395
1;1741052911460;384
3;1741052915849;433
0;1741052916340;399
1;1741052916836;385
2;1741052916980;396
3;1741052920858;434
0;1741052920947;400
1;1741052921075;386
2;1741052921342;397
3;1741052925866;435
0;1741052926019;401
1;1741052926227;387
2;1741052926835;398
3;1741052930826;436
1;1741052931555;388
0;1741052933123;402
3;1741052935939;437
0;1741052935955;403
1;1741052936419;389
2;1741052936707;399
3;1741052940882;438
0;1741052941203;404
2;1741052941346;400
1;1741052941842;390
3;1741052945849;439
0;1741052945994;405
2;1741052946338;401
1;1741052946834;391
3;1741052950872;440
0;1741052951282;406
2;1741052951730;402
1;1741052952002;392
3;1741052955833;441
0;1741052955938;407
1;1741052956178;393
2;1741052956453;403
3;1741052960839;442
0;1741052960929;408
1;1741052961281;394
2;1741052961425;404
3;1741052965847;443
0;1741052966001;409
1;1741052966321;395
2;1741052966497;405
3;1741052970824;444
0;1741052971009;410
1;1741052971233;396
2;1741052973393;406
3;1741052975847;445
0;1741052976320;411
1;1741052976416;397
2;1741052979728;407
3;1741052980823;446
0;1741052980992;412
1;1741052981248;398
2;1741052981408;408
3;1741052985845;447
0;1741052985888;413
1;1741052986496;399
2;1741052986720;409
3;1741052990822;448
1;1741052993183;400
2;1741052993279;410
3;1741052995830;449
0;1741052996655;414
1;1741052998319;401
2;1741052998463;411
3;1741053000822;450
0;1741053001119;415
1;1741053001454;402
2;1741053001695;412
3;1741053005868;451
1;1741053006591;403
0;1741053006671;416
2;1741053009807;413
3;1741053010908;452
0;1741053010913;417
1;1741053011006;404
2;1741053011150;414
3;1741053015846;453
0;1741053016126;418
1;1741053016526;405
2;1741053016686;415
3;1741053020879;454
1;1741053021186;406
0;1741053021230;419
2;1741053021375;416
3;1741053025829;455
0;1741053026861;420
1;1741053028173;407
2;1741053029341;417
0;1741053030877;421
3;1741053030891;456
1;1741053031101;408
2;1741053031293;418
3;1741053035843;457
0;1741053035934;422
2;1741053036189;419
1;1741053036381;409
3;1741053040867;458
0;1741053041821;423
2;1741053043180;420
3;1741053045826;459
2;1741053045932;421
0;1741053046220;424
1;1741053046684;410
3;1741053050833;460
2;1741053051164;422
0;1741053051308;425
1;1741053051516;411
3;1741053055825;461
0;1741053056573;426
1;1741053058939;412
3;1741053060834;462
0;1741053061109;427
1;1741053061547;413
2;1741053063237;423
3;1741053065828;463
1;1741053066523;414
0;1741053066667;428
2;1741053068331;424
3;1741053070927;464
0;1741053071146;429
1;1741053071319;415
2;1741053071402;425
3;1741053075825;465
2;1741053079146;426
3;1741053080833;466
0;1741053081674;430
1;1741053083242;416
3;1741053085840;467
0;1741053086293;431
1;1741053086312;417
2;1741053086489;427
3;1741053090832;468
1;1741053091241;418
0;1741053091363;432
2;1741053092937;428
3;1741053095915;469
1;1741053096537;419
2;1741053099513;429
3;1741053100862;470
0;1741053101016;433
1;1741053101400;420
2;1741053101560;430
3;1741053105823;471
0;1741053108264;434
1;1741053109528;421
3;1741053110830;472
1;1741053111672;422
0;1741053111784;435
3;1741053115870;473
0;1741053116616;436
2;1741053116776;431
1;1741053116968;423
3;1741053120830;474
1;1741053121751;424
2;1741053122327;432
0;1741053123783;437
3;1741053125869;475
0;1741053125943;438
1;1741053126359;425
2;1741053126647;433
3;1741053130829;476
1;1741053131959;426
0;1741053132007;439
2;1741053134568;434
3;1741053135869;477
0;1741053136247;440
2;1741053136359;435
1;1741053138167;427
3;1741053140908;478
0;1741053140969;441
2;1741053141238;436
1;1741053141410;428
3;1741053145836;479
0;1741053145862;442
1;1741053146630;429
2;1741053146758;437
3;1741053150828;480
0;1741053151942;443
1;1741053152070;430
2;1741053152918;438
3;1741053155834;481
0;1741053155970;444
2;1741053156277;439
1;1741053156949;431
3;1741053160827;482
1;1741053161277;432
0;1741053161317;445
3;1741053165835;483
0;1741053169332;446
1;1741053169460;433
3;1741053170907;484
1;1741053173188;434
2;1741053174340;440
3;1741053175897;485
0;1741053175933;447
1;1741053176068;435
2;1741053176212;441
3;1741053180826;486
0;1741053181428;448
2;1741053181556;442
1;1741053181668;436
3;1741053185833;487
0;1741053186611;449
1;1741053186851;437
2;1741053187059;443
3;1741053190841;488
0;1741053190915;450
2;1741053191014;444
1;1741053191203;438
3;1741053195897;489
0;1741053195955;451
2;1741053196803;445
1;1741053196915;439
3;1741053200825;490
0;1741053201683;452
1;1741053201730;440
2;1741053203389;446
3;1741053205833;491
0;1741053205986;453
2;1741053206140;447
1;1741053206386;441
3;1741053210903;492
1;1741053211714;442
0;1741053211810;454
2;1741053213122;448
3;1741053215863;493
0;1741053215902;455
1;1741053216145;443
2;1741053219329;449
3;1741053220839;494
0;1741053221633;456
1;1741053221889;444
2;1741053224161;450
3;1741053225955;495
0;1741053226426;457
1;1741053226673;445
2;1741053226801;451
3;1741053230871;496
0;1741053231169;458
2;1741053231313;452
1;1741053231840;446
3;1741053235870;497
0;1741053235888;459
1;1741053236192;447
2;1741053236384;453
3;1741053240854;498
1;1741053241376;448
0;1741053241984;460
2;1741053244160;454
3;1741053245831;499
1;1741053246016;449
0;1741053246183;461
2;1741053246416;455
3;1741053250823;500
2;1741053252991;456
3;1741053255845;501
2;1741053258159;457
1;1741053258815;450
3;1741053260821;502
1;1741053261727;451
0;1741053261935;462
3;1741053265829;503
1;1741053266830;452
0;1741053269342;463
3;1741053270868;504
0;1741053270905;464
1;1741053271022;453
2;1741053271454;458
3;1741053275828;505
0;1741053276102;465
2;1741053276414;459
1;1741053276814;454
3;1741053280959;506
0;1741053281102;466
2;1741053281214;460
1;1741053281278;455
3;1741053285827;507
0;1741053286045;467
1;1741053286237;456
2;1741053286605;461
3;1741053290863;508
0;1741053291933;468
1;1741053293229;457
2;1741053293389;462
3;1741053295843;509
1;1741053296589;458
2;1741053298300;463
3;1741053300835;510
0;1741053301196;469
1;1741053301388;459
2;1741053301997;464
3;1741053305829;511
0;1741053306076;470
2;1741053306396;465
1;1741053306492;460
3;1741053310883;512
1;1741053311324;461
0;1741053311548;471
3;1741053315828;513
0;1741053317179;472
1;1741053318443;462
3;1741053320879;514
1;1741053321332;463
0;1741053321419;473
2;1741053324539;466
3;1741053325841;515
0;1741053325930;474
1;1741053326167;464
2;1741053326331;467
3;1741053330834;516
0;1741053334347;475
2;1741053334634;468
1;1741053334922;465
3;1741053335840;517
0;1741053335994;476
2;1741053336602;469
1;1741053337050;466
3;1741053340863;518
0;1741053340922;477
2;1741053341342;470
1;1741053341866;467
3;1741053345823;519
1;1741053346730;468
0;1741053346778;478
2;1741053349722;471
0;1741053350875;479
3;1741053350887;520
1;1741053351049;469
2;1741053351369;472
3;1741053355824;521
0;1741053355929;480
1;1741053356153;470
2;1741053356521;473
3;1741053360848;522
0;1741053360937;481
1;1741053361289;471
2;1741053361384;474
3;1741053365872;523
1;1741053366520;472
0;1741053366856;482
3;1741053370831;524
2;1741053373256;475
1;1741053374040;473
0;1741053374312;483
3;1741053375823;525
1;1741053376904;474
2;1741053379800;476
3;1741053380830;526
0;1741053381016;484
1;1741053381591;475
2;1741053383559;477
3;1741053385822;527
0;1741053386055;485
2;1741053386279;478
1;1741053386647;476
3;1741053390829;528
0;1741053391031;486
2;1741053391223;479
1;1741053391399;477
3;1741053395868;529
1;1741053396166;478
0;1741053396231;487
2;1741053399350;480
3;1741053400827;530
1;1741053401446;479
3;1741053405820;531
0;1741053406342;488
2;1741053406518;481
1;1741053406662;480
3;1741053410827;532
1;1741053411366;481
0;1741053411414;489
2;1741053414262;482
3;1741053415850;533
0;1741053415877;490
1;1741053416220;482
2;1741053416629;483
3;1741053420843;534
0;1741053420882;491
1;1741053421237;483
2;1741053421925;484
3;1741053425851;535
0;1741053426005;492
1;1741053426229;484
2;1741053427029;485
3;1741053430867;536
1;1741053433348;485
0;1741053433780;493
3;1741053435834;537
2;1741053436676;486
1;1741053438068;486
0;1741053438116;494
3;1741053440826;538
0;1741053440948;495
2;1741053441204;487
1;1741053441284;487
3;1741053445865;539
0;1741053445939;496
1;1741053446756;488
2;1741053446932;488
3;1741053450872;540
0;1741053451220;497
2;1741053451300;489
1;1741053451636;489
3;1741053455847;541
0;1741053455987;498
2;1741053456083;490
1;1741053456146;490
3;1741053460825;542
0;1741053461634;499
1;1741053463874;491
2;1741053464578;491
3;1741053465862;543
0;1741053465874;500
1;1741053466203;492
2;1741053466404;492
3;1741053470872;544
0;1741053470930;501
1;1741053471202;493
2;1741053471393;493
3;1741053475863;545
1;1741053477346;494
0;1741053478369;502
2;1741053478433;494
3;1741053480887;546
1;1741053481505;495
0;1741053481889;503
2;1741053483249;495
3;1741053485832;547
0;1741053486258;504
1;1741053486642;496
2;1741053486812;496
3;1741053490886;548
0;1741053490961;505
1;1741053491153;497
2;1741053491697;497
3;1741053495831;549
1;1741053496960;498
0;1741053497025;506
2;1741053498912;498
3;1741053500869;550
1;1741053501680;499
0;1741053502048;507
2;1741053503920;499
3;1741053505871;551
0;1741053505973;508
1;1741053506096;500
2;1741053506802;500
3;1741053510822;552
1;1741053511216;501
0;1741053511295;509
2;1741053511407;501
3;1741053515830;553
1;1741053516047;502
0;1741053516185;510
2;1741053516361;502
3;1741053520837;554
1;1741053521311;503
0;1741053522495;511
3;1741053525828;555
0;1741053526702;512
2;1741053527007;503
1;1741053529071;504
3;1741053530836;556
1;1741053531182;505
0;1741053531470;513
2;1741053533214;504
3;1741053535844;557
0;1741053536062;514
2;1741053537070;505
1;1741053538910;506
3;1741053540835;558
0;1741053540925;515
2;1741053541133;506
1;1741053541405;507
3;1741053545829;559
0;1741053546813;516
1;1741053547149;508
2;1741053548989;507
3;1741053550867;560
1;1741053551437;509
0;1741053551485;517
3;1741053555827;561
1;1741053556413;510
0;1741053556557;518
2;1741053559213;508
3;1741053560851;562
0;1741053560956;519
1;1741053561100;511
2;1741053561340;509
3;1741053565891;563
0;1741053566220;520
1;1741053566381;512
2;1741053566563;510
3;1741053570834;564
0;1741053570860;521
1;1741053571404;513
2;1741053571500;511
3;1741053575826;565
1;1741053576155;514
0;1741053576219;522
2;1741053576331;512
3;1741053580849;566
0;1741053581051;523
2;1741053581611;513
1;1741053581675;515
3;1741053585873;567
2;1741053586187;514
1;1741053586699;516
0;1741053588155;524
3;1741053590833;568
0;1741053591082;525
1;1741053591242;517
2;1741053591963;515
3;1741053595840;569
0;1741053596602;526
2;1741053597066;516
1;1741053597098;518
3;1741053600890;570
1;1741053601114;519
2;1741053603273;517
3;1741053605824;571
0;1741053609226;527
2;1741053609529;518
3;1741053610850;572
2;1741053611131;519
1;1741053611690;520
0;1741053611705;528
3;1741053615884;573
1;1741053615897;521
2;1741053616857;520
0;1741053616868;529
3;1741053620830;574
0;1741053621145;530
2;1741053621241;521
1;1741053621289;522
3;1741053625826;575
0;1741053625928;531
1;1741053626552;523
2;1741053627000;522
3;1741053630846;576
1;1741053631128;524
0;1741053631224;532
2;1741053631400;523
3;1741053635822;577
0;1741053636920;533
2;1741053637128;524
1;1741053637197;525
3;1741053640831;578
0;1741053640903;534
1;1741053640988;526
2;1741053641193;525
3;1741053645822;579
1;1741053648199;527
2;1741053648792;526
3;1741053650843;580
0;1741053650903;535
2;1741053651335;527
1;1741053651442;528
3;1741053655870;581
0;1741053656871;536
2;1741053657095;528
1;1741053658166;529
3;1741053660827;582
1;1741053661606;530
0;1741053661942;537
2;1741053663174;529
3;1741053665868;583
2;1741053666374;530
1;1741053666471;531
0;1741053669078;538
3;1741053670889;584
0;1741053670998;539
1;1741053671334;532
2;1741053671462;531
3;1741053675835;585
0;1741053676005;540
1;1741053676136;533
2;1741053676229;532
3;1741053680827;586
0;1741053681287;541
1;1741053681365;534
2;1741053684293;533
3;1741053685835;587
0;1741053686102;542
1;1741053686261;535
2;1741053686468;534
3;1741053690869;588
0;1741053690948;543
1;1741053691352;536
2;1741053691556;535
3;1741053695833;589
0;1741053695869;544
1;1741053696036;537
2;1741053696212;536
3;1741053700841;590
0;1741053700916;545
2;1741053701209;537
1;1741053701283;538
3;1741053705833;591
0;1741053705958;546
1;1741053706163;539
2;1741053706275;538
3;1741053710897;592
0;1741053710963;547
1;1741053711107;540
2;1741053711267;539
3;1741053715833;593
0;1741053715939;548
1;1741053716228;541
2;1741053716340;540
3;1741053720898;594
0;1741053721130;549
1;1741053721618;542
2;1741053721810;541
3;1741053725832;595
0;1741053726259;550
1;1741053726786;543
3;1741053730920;596
1;1741053732210;544
0;1741053733122;551
2;1741053733538;542
3;1741053735847;597
0;1741053737282;552
1;1741053737426;545
3;1741053740824;598
0;1741053741345;553
2;1741053741473;543
1;1741053741985;546
3;1741053745831;599
1;1741053748225;547
3;1741053750855;600
1;1741053751425;548
0;1741053751857;554
2;1741053753984;544
3;1741053755846;601
1;1741053756292;549
2;1741053756384;545
0;1741053756441;555
3;1741053760879;602
0;1741053761072;556
1;1741053761509;550
2;1741053761616;546
3;1741053765862;603
1;1741053766013;551
2;1741053766240;547
0;1741053769472;557
3;1741053770822;604
0;1741053771455;558
1;1741053771519;552
3;1741053775829;605
0;1741053776992;559
1;1741053777087;553
2;1741053778271;548
3;1741053780861;606
1;1741053780991;554
0;1741053781167;560
2;1741053783759;549
3;1741053785844;607
0;1741053786559;561
1;1741053786927;555
2;1741053789103;550
3;1741053790898;608
0;1741053790926;562
1;1741053791390;556
2;1741053791662;551
3;1741053795844;609
2;1741053796176;552
1;1741053796478;557
0;1741053798046;563
3;1741053800867;610
2;1741053803150;553
0;1741053803725;564
1;1741053804013;558
3;1741053805874;611
2;1741053806702;554
0;1741053809133;565
3;1741053810946;612
1;1741053813245;559
0;1741053814333;566
2;1741053814877;555
3;1741053815841;613
0;1741053815933;567
1;1741053816269;560
2;1741053816589;556
3;1741053820835;614
1;1741053821869;561
0;1741053821917;568
2;1741053822972;557
3;1741053825842;615
0;1741053826063;569
1;1741053826364;562
2;1741053826604;558
3;1741053830848;616
0;1741053831051;570
1;1741053831884;563
2;1741053832140;559
3;1741053835825;617
0;1741053838972;571
2;1741053839132;560
3;1741053840832;618
0;1741053843723;572
2;1741053843947;561
1;1741053844251;564
3;1741053845824;619
0;1741053849211;573
2;1741053849403;562
3;1741053850834;620
0;1741053851147;574
2;1741053851386;563
1;1741053851691;565
3;1741053855824;621
2;1741053856474;564
1;1741053857034;566
3;1741053860865;622
0;1741053860890;575
1;1741053860970;567
2;1741053861098;565
3;1741053865904;623
0;1741053865978;576
1;1741053866073;568
2;1741053868313;566
3;1741053870833;624
2;1741053873193;567
1;1741053873513;569
3;1741053875855;625
0;1741053876121;577
1;1741053876219;570
2;1741053876421;568
3;1741053880863;626
0;1741053880905;578
1;1741053880969;571
2;1741053881593;569
3;1741053885823;627
0;1741053886920;579
1;1741053886984;572
2;1741053888440;570
3;1741053890831;628
0;1741053890936;580
1;1741053891245;573
2;1741053891560;571
3;1741053895854;629
0;1741053896152;581
2;1741053896648;572
1;1741053896968;574
3;1741053900845;630
0;1741053901080;582
2;1741053901863;573
1;1741053903191;575
3;1741053905838;631
0;1741053905965;583
1;1741053906433;576
2;1741053906823;574
3;1741053910863;632
1;1741053911575;577
0;1741053911863;584
2;1741053913847;575
3;1741053915867;633
1;1741053916873;578
0;1741053916886;585
2;1741053917926;576
3;1741053920830;634
0;1741053923286;586
2;1741053923357;577
1;1741053924198;579
3;1741053925857;635
1;1741053926022;580
0;1741053926630;587
2;1741053928134;578
3;1741053930861;636
0;1741053930933;588
1;1741053931608;581
2;1741053931878;579
3;1741053935915;637
1;1741053936117;582
0;1741053936214;589
2;1741053937109;580
3;1741053940891;638
0;1741053940965;590
1;1741053941413;583
2;1741053941653;581
3;1741053945868;639
2;1741053946020;582
1;1741053946197;584
0;1741053948772;591
3;1741053950900;640
2;1741053954372;583
0;1741053954756;592
3;1741053955850;641
2;1741053955972;584
1;1741053956293;585
0;1741053956470;593
3;1741053960858;642
0;1741053960883;594
2;1741053961012;585
1;1741053961540;586
3;1741053965865;643
0;1741053966163;595
2;1741053966323;586
1;1741053966681;587
3;1741053970825;644
0;1741053974147;596
2;1741053974371;587
3;1741053975833;645
0;1741053977043;597
2;1741053977171;588
1;1741053977267;588
3;1741053980871;646
0;1741053980978;598
2;1741053981202;589
1;1741053981395;589
3;1741053985864;647
0;1741053985922;599
2;1741053986274;590
1;1741053986338;590
3;1741053990903;648
0;1741053992082;600
1;1741053993618;591
2;1741053994354;591
3;1741053995831;649
1;1741053998177;592
0;1741053998305;601
3;1741054000824;650
1;1741054000929;593
0;1741054001425;602
2;1741054001681;592
3;1741054005863;651
0;1741054006033;603
2;1741054006241;593
1;1741054006545;594
3;1741054010823;652
1;1741054011041;595
0;1741054011681;604
2;1741054011702;594
3;1741054015831;653
0;1741054016086;605
2;1741054016192;595
1;1741054016864;596
3;1741054020823;654
0;1741054021328;606
1;1741054021417;597
2;1741054021600;596
3;1741054025830;655
0;1741054026448;607
1;1741054028384;598
2;1741054029040;597
3;1741054030822;656
0;1741054030991;608
2;1741054031314;598
1;1741054031407;599
3;1741054035830;657
0;1741054038175;609
2;1741054039391;599
3;1741054040822;658
0;1741054041127;610
1;1741054043278;600
3;1741054045830;659
1;1741054046687;601
0;1741054046750;611
2;1741054048158;600
3;1741054050869;660
0;1741054051214;612
2;1741054051726;601
1;1741054051822;602
3;1741054055828;661
0;1741054056014;613
1;1741054056313;603
2;1741054059278;602
3;1741054060837;662
0;1741054061139;614
2;1741054061358;603
1;1741054061406;604
3;1741054065892;663
0;1741054065996;615
1;1741054066445;605
2;1741054066701;604
3;1741054070835;664
0;1741054071133;616
2;1741054071309;605
1;1741054071453;606
3;1741054075828;665
2;1741054078348;606
0;1741054078509;617
1;1741054079117;607
3;1741054080883;666
0;1741054080915;618
1;1741054081472;608
2;1741054081742;607
3;1741054085890;667
0;1741054085980;619
1;1741054086396;609
2;1741054086684;608
3;1741054090880;668
0;1741054090923;620
1;1741054091068;610
2;1741054091244;609
3;1741054095858;669
0;1741054096045;621
1;1741054096365;611
3;1741054100834;670
1;1741054102203;612
0;1741054102283;622
2;1741054104091;610
3;1741054105825;671
0;1741054106156;623
1;1741054106443;613
2;1741054107003;611
3;1741054110833;672
0;1741054111323;624
1;1741054111462;614
2;1741054111595;612
3;1741054115825;673
1;1741054116362;615
0;1741054116875;625
2;1741054118266;613
3;1741054120908;674
0;1741054121114;626
1;1741054122026;616
2;1741054123285;614
3;1741054125984;675
1;1741054127322;617
0;1741054127465;627
2;1741054129257;615
3;1741054130832;676
0;1741054131274;628
2;1741054131753;616
3;1741054135825;677
0;1741054136059;629
2;1741054136349;617
1;1741054136409;618
3;1741054140832;678
0;1741054141033;630
1;1741054141353;619
2;1741054142041;618
3;1741054145839;679
0;1741054145992;631
2;1741054146329;619
1;1741054148984;620
3;1741054150831;680
0;1741054151048;632
2;1741054151129;620
1;1741054151640;621
3;1741054155823;681
0;1741054159144;633
2;1741054159192;621
3;1741054160846;682
1;1741054161224;622
0;1741054161480;634
2;1741054164200;622
3;1741054165854;683
1;1741054166135;623
0;1741054166375;635
2;1741054166695;623
3;1741054170829;684
2;1741054173655;624
1;1741054173815;624
0;1741054174007;636
3;1741054175884;685
0;1741054176018;637
1;1741054176376;625
2;1741054179671;625
3;1741054180828;686
0;1741054181766;638
2;1741054181894;626
1;1741054182166;626
3;1741054185821;687
1;1741054186278;627
0;1741054186374;639
2;1741054189062;627
3;1741054190876;688
0;1741054191143;640
2;1741054191277;628
1;1741054191783;628
3;1741054195865;689
1;1741054196391;629
0;1741054196454;641
2;1741054198421;629
3;1741054200860;690
0;1741054201413;642
2;1741054201525;630
1;1741054201717;630
3;1741054205836;691
0;1741054206213;643
2;1741054206662;631
1;1741054207270;631
3;1741054210900;692
0;1741054210932;644
1;1741054211109;632
2;1741054211509;632
3;1741054215898;693
1;1741054217956;633
0;1741054218244;645
2;1741054218436;633
3;1741054220841;694
0;1741054221268;646
1;1741054221509;634
2;1741054221925;634
3;1741054225859;695
1;1741054228211;635
0;1741054228739;647
3;1741054230873;696
2;1741054231075;635
1;1741054231379;636
0;1741054232947;648
3;1741054235833;697
0;1741054236435;649
2;1741054236675;636
1;1741054236995;637
3;1741054240825;698
0;1741054241106;650
1;1741054241282;638
2;1741054241506;637
3;1741054245895;699
0;1741054245933;651
2;1741054246130;638
1;1741054247330;639
3;1741054250889;700
0;1741054250914;652
2;1741054251058;639
1;1741054251214;640
3;1741054255833;701
0;1741054256114;653
2;1741054256754;640
1;1741054256818;641
3;1741054260825;702
1;1741054261457;642
0;1741054261537;654
3;1741054265880;703
0;1741054266465;655
1;1741054267089;643
2;1741054269217;641
3;1741054270822;704
2;1741054273137;642
1;1741054274192;644
3;1741054275831;705
1;1741054275968;645
0;1741054276160;656
2;1741054279680;643
3;1741054280839;706
0;1741054280896;657
1;1741054281120;646
2;1741054281200;644
3;1741054285830;707
0;1741054285888;658
2;1741054286670;645
1;1741054286784;647
0;1741054290895;659
3;1741054290908;708
1;1741054291488;648
2;1741054291616;646
3;1741054295829;709
2;1741054299087;647
0;1741054299359;660
3;1741054300838;710
3;1741054305876;711
0;1741054306254;661
1;1741054306575;649
2;1741054308319;648
3;1741054310868;712
0;1741054311262;662
2;1741054311406;649
1;1741054313246;650
3;1741054315828;713
0;1741054315941;663
1;1741054316062;651
2;1741054316526;650
3;1741054320864;714
0;1741054321358;664
1;1741054321533;652
2;1741054321581;651
3;1741054325844;715
0;1741054326093;665
1;1741054326346;653
2;1741054326477;652
3;1741054330874;716
1;1741054331373;654
0;1741054331449;666
2;1741054331693;653
3;1741054335843;717
0;1741054336237;667
2;1741054336477;654
1;1741054336669;655
3;1741054340835;718
0;1741054341484;668
2;1741054342054;655
1;1741054343564;656
3;1741054345826;719
1;1741054346252;657
0;1741054346348;669
2;1741054346556;656
3;1741054350876;720
0;1741054351243;670
1;1741054351435;658
2;1741054351611;657
3;1741054355826;721
1;1741054356731;659
0;1741054356939;671
2;1741054357899;658
3;1741054360834;722
0;1741054363147;672
2;1741054364203;659
1;1741054364523;660
3;1741054365937;723
0;1741054365995;673
1;1741054366475;661
2;1741054366635;660
3;1741054370865;724
0;1741054370987;674
2;1741054371402;661
1;1741054371499;662
3;1741054375904;725
0;1741054375930;675
1;1741054376298;663
2;1741054376394;662
3;1741054380865;726
0;1741054380922;676
1;1741054381164;664
2;1741054381610;663
3;1741054385825;727
0;1741054386442;677
2;1741054386586;664
1;1741054386874;665
3;1741054390832;728
1;1741054393753;666
2;1741054393945;665
3;1741054395824;729
0;1741054396009;678
1;1741054396313;667
2;1741054398809;666
3;1741054400831;730
2;1741054401689;667
0;1741054402233;679
1;1741054403272;668
3;1741054405823;731
1;1741054406409;669
0;1741054406504;680
2;1741054408201;668
3;1741054410846;732
0;1741054410872;681
1;1741054411000;670
2;1741054411080;669
3;1741054415854;733
1;1741054416072;671
2;1741054416472;670
0;1741054416536;682
3;1741054420893;734
0;1741054421175;683
2;1741054421527;671
1;1741054421623;672
3;1741054425837;735
0;1741054425927;684
1;1741054426023;673
2;1741054428775;672
3;1741054430829;736
0;1741054431319;685
1;1741054431607;674
2;1741054432087;673
3;1741054435851;737
0;1741054435974;686
1;1741054436183;675
2;1741054436279;674
3;1741054440871;738
0;1741054440966;687
2;1741054441094;675
1;1741054441318;676
3;1741054445836;739
0;1741054446054;688
2;1741054446230;676
1;1741054446598;677
3;1741054450876;740
0;1741054450993;689
1;1741054451254;678
2;1741054451445;677
3;1741054455835;741
0;1741054456466;690
1;1741054456549;679
2;1741054458709;678
3;1741054460987;742
0;1741054461253;691
1;1741054462021;680
2;1741054462901;679
3;1741054465913;743
2;1741054468533;680
3;1741054470842;744
0;1741054470948;692
1;1741054471172;681
2;1741054471317;681
3;1741054475852;745
0;1741054476196;693
1;1741054476356;682
2;1741054476477;682
3;1741054480826;746
0;1741054481155;694
1;1741054481284;683
2;1741054481572;683
3;1741054485882;747
0;1741054485971;695
1;1741054486099;684
2;1741054486883;684
3;1741054490841;748
0;1741054490931;696
2;1741054491379;685
1;1741054491523;685
3;1741054495848;749
1;1741054496307;686
0;1741054496676;697
2;1741054498766;686
3;1741054500868;750
0;1741054501171;698
1;1741054501282;687
2;1741054501378;687
3;1741054505834;751
0;1741054506130;699
2;1741054506274;688
1;1741054506723;688
3;1741054510964;752
1;1741054511874;689
0;1741054511937;700
2;1741054513922;689
3;1741054515833;753
1;1741054516705;690
2;1741054516929;690
0;1741054517138;701
3;1741054520856;754
0;1741054520932;702
1;1741054521025;691
2;1741054521153;691
3;1741054525831;755
0;1741054526241;703
2;1741054526322;692
1;1741054526513;692
3;1741054530855;756
0;1741054531057;704
1;1741054531937;693
2;1741054534353;693
3;1741054535831;757
0;1741054536017;705
1;1741054536209;694
2;1741054539344;694
3;1741054540823;758
1;1741054544256;695
2;1741054544304;695
0;1741054544464;706
3;1741054545831;759
1;1741054546544;696
0;1741054546624;707
2;1741054548570;696
3;1741054550868;760
2;1741054551568;697
1;1741054551696;697
0;1741054551727;708
3;1741054555876;761
0;1741054555935;709
1;1741054556031;698
2;1741054556159;698
3;1741054560837;762
1;1741054560927;699
0;1741054563295;710
2;1741054563487;699
3;1741054565924;763
1;1741054566079;700
0;1741054566142;711
2;1741054566831;700
3;1741054570852;764
0;1741054570926;712
2;1741054571022;701
3;1741054575843;765
0;1741054575935;713
1;1741054576094;701
2;1741054576238;702
3;1741054580820;766
1;1741054581341;702
0;1741054581710;714
2;1741054583149;703
3;1741054585906;767
0;1741054585965;715
2;1741054586109;704
1;1741054586285;703
3;1741054590835;768
2;1741054593101;705
1;1741054593405;704
0;1741054594269;716
3;1741054595827;769
0;1741054595965;717
2;1741054596045;706
1;1741054596364;705
3;1741054600836;770
0;1741054600950;718
1;1741054601118;706
2;1741054601436;707
3;1741054605827;771
0;1741054606220;719
1;1741054606524;707
2;1741054607004;708
3;1741054610850;772
0;1741054610908;720
1;1741054611052;708
2;1741054611339;709
3;1741054615826;773
0;1741054616299;721
2;1741054616603;710
1;1741054617275;709
3;1741054620896;774
0;1741054620987;722
1;1741054621179;710
2;1741054621371;711
3;1741054625825;775
0;1741054626155;723
2;1741054626331;712
1;1741054626406;711
3;1741054630876;776
0;1741054631066;724
2;1741054631322;713
1;1741054631413;712
0;1741054635866;725
3;1741054635875;777
1;1741054636138;713
2;1741054636378;714
3;1741054640895;778
0;1741054640939;726
2;1741054641082;715
1;1741054641194;714
3;1741054645824;779
0;1741054646186;727
2;1741054646395;716
1;1741054646459;715
3;1741054650831;780
0;1741054651083;728
1;1741054651946;716
3;1741054655877;781
0;1741054655883;729
1;1741054656105;717
2;1741054656489;717
3;1741054660832;782
0;1741054663160;730
2;1741054664328;718
3;1741054665902;783
0;1741054666056;731
2;1741054666264;719
1;1741054666344;718
3;1741054670830;784
0;1741054671016;732
2;1741054671410;720
1;1741054671480;719
3;1741054675917;785
0;1741054676104;733
1;1741054676328;720
2;1741054676616;721
3;1741054680941;786
0;1741054680982;734
2;1741054681207;722
1;1741054681447;721
3;1741054685822;787
2;1741054686455;723
0;1741054686471;735
1;1741054686485;722
3;1741054690861;788
0;1741054691271;736
2;1741054691335;724
1;1741054691735;723
3;1741054695853;789
2;1741054697047;725
1;1741054697190;724
0;1741054699015;737
3;1741054700830;790
1;1741054701383;725
0;1741054702024;738
2;1741054703175;726
3;1741054705819;791
1;1741054706405;726
0;1741054706454;739
2;1741054706598;727
3;1741054710878;792
0;1741054711093;740
2;1741054711654;728
1;1741054711701;727
3;1741054715835;793
0;1741054715874;741
1;1741054716053;728
2;1741054716213;729
3;1741054720828;794
0;1741054721301;742
1;1741054721621;729
2;1741054724037;730
3;1741054725835;795
0;1741054725910;743
1;1741054726149;730
2;1741054726293;731
3;1741054730875;796
0;1741054730909;744
1;1741054731172;731
2;1741054731460;732
3;1741054735867;797
0;1741054736292;745
1;1741054736820;732
3;1741054740826;798
0;1741054741411;746
2;1741054741828;733
1;1741054742004;733
3;1741054745945;799
2;1741054746147;734
1;1741054746355;734
0;1741054749075;747
3;1741054750841;800
0;1741054750931;748
1;1741054751027;735
2;1741054753843;735
3;1741054755848;801
0;1741054755987;749
1;1741054756099;736
2;1741054756354;736
3;1741054760872;802
0;1741054761250;750
1;1741054761326;737
2;1741054763979;737
3;1741054765832;803
2;1741054768370;738
1;1741054769282;738
0;1741054769474;751
3;1741054770823;804
0;1741054771106;752
2;1741054771309;739
1;1741054771336;739
3;1741054775831;805
0;1741054776338;753
1;1741054776898;740
2;1741054776993;740
3;1741054780823;806
1;1741054781809;741
2;1741054783169;741
3;1741054785862;807
0;1741054785905;754
1;1741054786257;742
2;1741054786369;742
3;1741054790823;808
0;1741054791056;755
1;1741054791440;743
2;1741054791936;743
3;1741054795831;809
0;1741054796416;756
2;1741054796624;744
1;1741054797088;744
3;1741054800838;810
0;1741054801024;757
1;1741054801216;745
2;1741054803536;745
3;1741054805835;811
1;1741054806240;746
2;1741054806448;746
0;1741054806463;758
3;1741054810825;812
0;1741054811375;759
1;1741054811455;747
2;1741054813135;747
3;1741054815846;813
0;1741054815935;760
1;1741054816047;748
2;1741054816239;748
3;1741054820822;814
1;1741054821407;749
0;1741054823198;761
2;1741054823663;749
3;1741054825829;815
0;1741054826143;762
1;1741054826382;750
2;1741054826734;750
3;1741054830853;816
0;1741054830958;763
1;1741054831070;751
2;1741054831214;751
3;1741054835828;817
1;1741054838254;752
3;1741054840822;818
0;1741054841357;764
3;1741054845892;819
1;1741054846350;753
2;1741054846573;752
0;1741054848237;765
3;1741054850835;820
1;1741054851373;754
0;1741054851805;766
2;1741054853133;753
3;1741054855828;821
0;1741054856413;767
1;1741054857052;755
2;1741054859452;754
3;1741054860835;822
1;1741054861452;756
0;1741054862172;768
2;1741054864012;755
3;1741054865828;823
0;1741054866204;769
2;1741054866460;756
1;1741054866676;757
3;1741054870834;824
1;1741054873291;758
2;1741054874796;757
0;1741054874907;770
3;1741054875873;825
0;1741054875973;771
2;1741054876443;758
1;1741054876939;759
3;1741054880848;826
0;1741054881931;772
1;1741054882024;760
2;1741054883771;759
3;1741054885824;827
2;1741054886155;760
0;1741054886198;773
1;1741054886555;761
3;1741054890895;828
1;1741054891143;762
2;1741054891402;761
0;1741054891514;774
3;1741054895824;829
0;1741054896954;775
1;1741054897002;763
2;1741054899082;762
3;1741054900833;830
0;1741054903226;776
2;1741054904442;763
3;1741054905824;831
0;1741054906041;777
2;1741054906425;764
1;1741054906649;764
3;1741054910832;832
0;1741054911033;778
1;1741054911290;765
2;1741054911897;765
3;1741054915887;833
1;1741054915922;766
0;1741054915977;779
2;1741054916633;766
3;1741054920832;834
3;1741054925840;835
0;1741054925954;780
1;1741054926376;767
2;1741054926648;767
3;1741054930830;836
0;1741054931144;781
2;1741054931352;768
1;1741054931672;768
3;1741054935838;837
1;1741054936184;769
0;1741054936279;782
3;1741054940831;838
0;1741054941175;783
1;1741054941575;770
2;1741054942199;769
3;1741054945869;839
0;1741054945927;784
1;1741054946167;771
2;1741054947095;770
3;1741054950831;840
0;1741054951287;785
2;1741054951495;771
1;1741054951591;772
3;1741054955821;841
2;1741054956070;772
0;1741054956162;786
0;1741054960914;787
3;1741054960924;842
1;1741054961286;773
2;1741054961734;773
3;1741054965838;843
1;1741054966054;774
2;1741054966182;774
0;1741054966646;788
3;1741054970829;844
3;1741054975855;845
0;1741054976053;789
2;1741054976133;775
1;1741054976273;775
3;1741054980828;846
0;1741054980966;790
1;1741054981077;776
2;1741054981158;776
3;1741054985859;847
0;1741054986230;791
2;1741054986406;777
1;1741054987014;777
3;1741054990827;848
0;1741054991284;792
2;1741054991716;778
1;1741054991828;778
3;1741054995835;849
0;1741054995924;793
1;1741054996164;779
2;1741054996628;779
3;1741055000826;850
1;1741055003267;780
2;1741055003364;780
0;1741055004339;794
3;1741055005834;851
1;1741055008323;781
2;1741055009699;781
3;1741055010826;852
0;1741055011555;795
1;1741055011859;782
2;1741055014003;782
3;1741055015848;853
1;1741055016157;783
0;1741055016211;796
2;1741055016419;783
3;1741055020825;854
0;1741055020995;797
2;1741055021138;784
1;1741055021282;784
3;1741055025895;855
0;1741055025956;798
1;1741055026162;785
2;1741055026386;785
3;1741055030871;856
1;1741055030946;786
0;1741055031294;799
2;1741055031874;786
3;1741055035831;857
1;1741055036401;787
2;1741055036529;787
0;1741055037009;800
3;1741055040823;858
0;1741055041009;801
1;1741055041345;788
2;1741055041457;788
3;1741055045830;859
1;1741055046209;789
0;1741055046329;802
2;1741055047953;789
3;1741055050824;860
0;1741055051328;803
2;1741055051842;790
1;1741055052134;790
3;1741055055880;861
0;1741055056338;804
2;1741055056417;791
1;1741055056546;791
3;1741055060823;862
0;1741055061200;805
1;1741055061648;792
2;1741055062192;792
3;1741055065876;863
0;1741055065922;806
1;1741055066016;793
2;1741055066202;793
3;1741055070854;864
0;1741055070927;807
2;1741055071082;794
1;1741055071135;794
3;1741055075830;865
0;1741055076255;808
1;1741055076351;795
2;1741055079119;795
3;1741055080822;866
1;1741055081327;796
0;1741055081471;809
3;1741055085830;867
0;1741055085934;810
1;1741055086190;797
2;1741055086559;796
3;1741055090821;868
1;1741055091214;798
0;1741055091342;811
2;1741055093166;797
3;1741055095876;869
0;1741055096254;812
1;1741055096686;799
2;1741055096862;798
3;1741055100837;870
0;1741055100974;813
1;1741055101405;800
2;1741055102366;799
3;1741055105846;871
1;1741055106397;801
0;1741055106749;814
2;1741055107069;800
3;1741055110839;872
0;1741055111357;815
1;1741055111869;802
2;1741055112061;801
3;1741055115845;873
0;1741055116477;816
1;1741055117053;803
2;1741055117133;802
3;1741055120861;874
0;1741055123148;817
2;1741055123421;803
1;1741055123724;804
3;1741055125969;875
0;1741055128427;818
1;1741055128924;805
3;1741055130833;876
0;1741055131092;819
1;1741055131644;806
3;1741055135826;877
2;1741055138177;804
0;1741055138795;820
3;1741055140835;878
0;1741055141819;821
2;1741055144299;805
3;1741055145825;879
0;1741055146236;822
1;1741055146268;807
2;1741055148603;806
3;1741055150834;880
1;1741055151272;808
2;1741055151708;807
0;1741055151786;823
3;1741055155825;881
0;1741055156058;824
1;1741055156250;809
2;1741055156570;808
3;1741055160848;882
1;1741055161066;810
2;1741055161802;809
0;1741055162442;825
3;1741055165824;883
0;1741055165986;826
2;1741055166166;810
1;1741055166794;811
3;1741055170831;884
1;1741055171013;812
0;1741055171129;827
2;1741055171497;811
3;1741055175824;885
0;1741055176073;828
1;1741055176601;813
2;1741055176777;812
3;1741055180831;886
2;1741055183448;813
0;1741055183624;829
3;1741055185821;887
1;1741055188216;814
0;1741055188696;830
2;1741055189032;814
3;1741055190863;888
0;1741055191416;831
2;1741055191544;815
1;1741055191736;815
3;1741055195823;889
1;1741055196087;816
0;1741055196663;832
2;1741055199159;816
3;1741055200831;890
2;1741055203719;817
1;1741055204023;817
3;1741055205901;891
0;1741055205927;833
1;1741055206296;818
2;1741055206551;818
3;1741055210830;892
2;1741055211367;819
0;1741055214151;834
3;1741055215904;893
0;1741055215942;835
1;1741055216102;819
2;1741055216454;820
3;1741055220829;894
0;1741055221174;836
1;1741055221350;820
2;1741055221702;821
3;1741055225821;895
2;1741055226518;822
1;1741055226870;821
0;1741055226918;837
3;1741055230860;896
0;1741055230902;838
1;1741055231031;822
2;1741055231187;823
3;1741055235836;897
2;1741055236037;824
0;1741055236261;839
1;1741055236933;823
3;1741055240876;898
2;1741055241365;825
1;1741055241381;824
0;1741055241477;840
3;1741055245835;899
0;1741055246101;841
1;1741055246597;825
2;1741055246677;826
3;1741055250859;900
2;1741055251387;827
0;1741055253700;842
3;1741055255858;901
2;1741055256003;828
1;1741055257364;826
0;1741055259332;843
3;1741055260827;902
2;1741055261349;829
1;1741055263491;827
0;1741055264435;844
3;1741055265866;903
0;1741055265947;845
1;1741055266307;828
2;1741055266419;830
3;1741055270874;904
0;1741055271204;846
1;1741055271619;829
2;1741055274435;831
3;1741055275833;905
0;1741055275907;847
1;1741055276227;830
2;1741055276291;832
3;1741055280840;906
0;1741055281101;848
1;1741055281113;831
3;1741055285848;907
0;1741055285938;849
2;1741055286034;833
1;1741055286274;832
3;1741055290899;908
0;1741055290962;850
2;1741055291250;834
1;1741055291394;833
3;1741055295832;909
0;1741055295988;851
1;1741055296129;834
2;1741055296994;835
3;1741055300824;910
0;1741055300993;852
1;1741055301217;835
2;1741055304066;836
3;1741055305879;911
0;1741055305939;853
1;1741055306177;836
3;1741055310823;912
2;1741055311186;837
3;1741055315829;913
0;1741055316074;854
2;1741055316208;838
1;1741055316368;837
3;1741055320823;914
1;1741055321104;838
2;1741055321200;839
0;1741055321344;855
3;1741055325830;915
0;1741055326144;856
1;1741055326271;839
2;1741055326672;840
3;1741055330822;916
2;1741055331055;841
0;1741055332991;857
1;1741055334191;840
3;1741055335879;917
0;1741055335935;858
1;1741055336239;841
2;1741055336431;842
3;1741055340870;918
0;1741055341070;859
2;1741055341374;843
1;1741055341550;842
3;1741055345844;919
0;1741055345934;860
2;1741055346046;844
1;1741055346222;843
3;1741055350821;920
2;1741055351070;845
1;1741055351230;844
0;1741055351306;861
3;1741055355844;921
2;1741055358187;846
0;1741055359341;862
3;1741055360900;922
2;1741055361101;847
0;1741055361357;863
1;1741055364141;845
3;1741055365827;923
2;1741055366141;848
1;1741055366317;846
0;1741055366429;864
3;1741055370867;924
0;1741055370930;865
1;1741055371149;847
3;1741055375826;925
1;1741055375932;848
0;1741055376045;866
3;1741055380859;926
0;1741055380966;867
1;1741055381196;849
2;1741055382157;849
3;1741055385826;927
2;1741055385996;850
1;1741055386764;850
0;1741055386923;868
3;1741055390834;928
2;1741055391019;851
0;1741055391148;869
1;1741055391323;851
3;1741055395841;929
0;1741055395877;870
1;1741055396011;852
2;1741055396219;852
3;1741055400833;930
1;1741055401121;853
0;1741055401195;871
2;1741055401339;853
3;1741055405873;931
1;1741055405931;854
0;1741055406059;872
2;1741055406143;854
3;1741055410832;932
0;1741055411050;873
1;1741055411210;855
2;1741055413674;855
3;1741055415823;933
0;1741055416106;874
1;1741055416170;856
3;1741055420910;934
0;1741055423270;875
1;1741055423418;857
2;1741055424058;856
3;1741055425839;935
2;1741055426009;857
0;1741055426026;876
1;1741055426169;858
3;1741055430847;936
0;1741055430921;877
1;1741055431065;859
2;1741055431225;858
3;1741055435871;937
2;1741055436361;859
1;1741055436729;860
0;1741055436937;878
3;1741055440918;938
1;1741055440925;861
0;1741055441257;879
2;1741055444281;860
3;1741055445839;939
2;1741055445928;861
0;1741055446680;880
1;1741055449016;862
3;1741055450846;940
0;1741055450951;881
1;1741055451048;863
2;1741055451304;862
3;1741055455821;941
1;1741055456135;864
0;1741055456264;882
2;1741055458247;863
3;1741055460830;942
1;1741055461005;865
0;1741055461063;883
2;1741055461335;864
3;1741055465837;943
0;1741055465873;884
2;1741055465975;865
1;1741055466103;866
3;1741055470845;944
0;1741055470967;885
1;1741055471143;867
3;1741055475868;945
0;1741055476039;886
1;1741055476052;868
2;1741055476435;866
3;1741055480923;946
2;1741055481558;867
0;1741055483238;887
1;1741055483625;869
3;1741055485820;947
2;1741055486054;868
0;1741055486438;888
1;1741055488822;870
3;1741055490848;948
2;1741055491222;869
0;1741055491366;889
1;1741055491541;871
3;1741055495867;949
2;1741055496053;870
0;1741055496149;890
1;1741055496341;872
3;1741055500890;950
0;1741055501101;891
1;1741055501301;873
3;1741055505835;951
0;1741055506117;892
1;1741055506229;874
2;1741055506293;871
3;1741055510843;952
0;1741055510917;893
2;1741055511022;872
1;1741055511348;875
3;1741055515860;953
0;1741055515892;894
1;1741055516036;876
2;1741055516516;873
3;1741055520826;954
2;1741055521140;874
3;1741055525859;955
0;1741055526019;895
1;1741055526355;877
2;1741055526963;875
3;1741055530903;956
0;1741055531076;896
1;1741055531347;878
2;1741055531827;876
3;1741055535833;957
1;1741055536307;879
0;1741055536414;897
2;1741055536691;877
3;1741055540826;958
1;1741055540898;880
0;1741055541001;898
2;1741055541090;878
3;1741055545895;959
0;1741055545954;899
1;1741055546094;881
2;1741055546194;879
3;1741055550825;960
2;1741055551618;880
0;1741055552914;900
1;1741055553378;882
3;1741055555861;961
2;1741055555985;881
0;1741055556545;901
1;1741055556638;883
3;1741055560840;962
0;1741055561329;902
1;1741055561889;884
2;1741055561969;882
3;1741055565831;963
0;1741055565969;903
1;1741055566177;885
2;1741055566465;883
3;1741055570824;964
0;1741055570986;904
2;1741055571056;884
1;1741055571441;886
3;1741055575846;965
0;1741055575876;905
2;1741055576000;885
1;1741055576417;887
3;1741055580822;966
0;1741055581440;906
1;1741055581728;888
3;1741055585830;967
2;1741055586255;886
0;1741055586847;907
1;1741055587072;889
3;1741055590839;968
2;1741055591071;887
0;1741055591359;908
1;1741055591887;890
3;1741055595908;969
2;1741055596399;888
1;1741055598303;891
0;1741055598847;909
3;1741055600868;970
0;1741055601038;910
2;1741055601092;889
1;1741055601791;892
3;1741055605939;971
2;1741055606241;890
0;1741055609023;911
3;1741055610868;972
2;1741055610942;891
0;1741055611070;912
1;1741055611310;893
3;1741055615843;973
0;1741055615902;913
2;1741055616254;892
1;1741055616878;894
3;1741055620868;974
2;1741055621053;893
1;1741055621885;895
0;1741055622013;914
3;1741055625842;975
2;1741055626109;894
0;1741055626221;915
1;1741055626365;896
3;1741055630866;976
0;1741055630944;916
1;1741055631101;897
2;1741055631293;895
3;1741055635843;977
1;1741055636028;898
0;1741055636124;917
2;1741055636204;896
3;1741055640866;978
2;1741055641116;897
1;1741055641372;899
0;1741055641548;918
3;1741055645826;979
1;1741055646380;900
0;1741055646555;919
3;1741055650857;980
2;1741055651179;898
0;1741055653211;920
3;1741055655874;981
0;1741055655953;921
1;1741055656237;901
2;1741055656267;899
3;1741055660832;982
0;1741055661003;922
2;1741055661179;900
1;1741055661707;902
3;1741055665915;983
2;1741055666346;901
0;1741055668602;923
3;1741055670833;984
0;1741055671626;924
1;1741055671914;903
2;1741055673418;902
3;1741055675839;985
0;1741055675914;925
1;1741055675962;904
2;1741055677962;903
3;1741055680863;986
0;1741055680922;926
2;1741055681114;904
1;1741055681578;905
3;1741055685824;987
2;1741055686026;905
1;1741055686473;906
0;1741055686986;927
3;1741055690862;988
0;1741055690985;928
1;1741055691401;907
2;1741055691721;906
3;1741055695839;989
0;1741055695865;929
2;1741055695990;907
1;1741055696153;908
3;1741055700847;990
0;1741055700920;930
1;1741055701048;909
2;1741055703166;908
3;1741055705854;991
1;1741055705992;910
2;1741055709672;909
3;1741055710833;992
1;1741055713303;911
0;1741055713671;931
3;1741055715887;993
0;1741055715959;932
1;1741055716407;912
2;1741055716626;910
3;1741055720832;994
2;1741055721767;911
0;1741055723767;933
1;1741055724567;913
3;1741055725820;995
2;1741055726295;912
0;1741055726439;934
1;1741055727047;914
3;1741055730830;996
1;1741055731351;915
0;1741055731751;935
2;1741055731831;913
3;1741055735885;997
2;1741055736060;914
0;1741055736134;936
1;1741055736342;916
3;1741055740858;998
0;1741055740950;937
1;1741055741254;917
2;1741055741574;915
3;1741055745859;999
1;1741055746118;918
0;1741055746149;938
2;1741055746326;916
3;1741055750905;1000
1;1741055751051;919
0;1741055751147;939
2;1741055751669;917
3;1741055755835;1001
2;1741055756101;918
1;1741055756341;920
0;1741055756698;940
3;1741055760843;1002
0;1741055760933;941
1;1741055761349;921
2;1741055761525;919
3;1741055765835;1003
2;1741055766101;920
1;1741055766565;922
0;1741055766980;942
3;1741055770828;1004
2;1741055770932;921
0;1741055771076;943
1;1741055771412;923
3;1741055775914;1005
0;1741055776036;944
1;1741055777012;924
2;1741055779092;922
3;1741055780826;1006
0;1741055781044;945
1;1741055781684;925
2;1741055781748;923
3;1741055785861;1007
1;1741055786419;926
0;1741055786724;946
2;1741055788771;924
3;1741055790857;1008
0;1741055790899;947
1;1741055791027;927
2;1741055794579;925
3;1741055795833;1009
0;1741055798707;948
1;1741055799155;928
3;1741055800884;1010
1;1741055801044;929
0;1741055804003;949
3;1741055805833;1011
2;1741055805986;926
0;1741055806610;950
1;1741055806754;930
3;1741055810840;1012
0;1741055811026;951
1;1741055811173;931
2;1741055811498;927
3;1741055815834;1013
0;1741055815937;952
1;1741055816115;932
2;1741055818753;928
3;1741055820824;1014
2;1741055821057;929
0;1741055821186;953
1;1741055821409;933
3;1741055825831;1015
0;1741055826003;954
1;1741055826148;934
2;1741055826817;930
3;1741055830824;1016
0;1741055831137;955
1;1741055831345;935
2;1741055831376;931
3;1741055835942;1017
0;1741055836496;956
1;1741055836688;936
2;1741055837072;932
3;1741055840870;1018
0;1741055840960;957
1;1741055841232;937
2;1741055841616;933
3;1741055845831;1019
2;1741055846000;934
0;1741055846447;958
1;1741055846560;938
3;1741055850823;1020
0;1741055851039;959
1;1741055851226;939
2;1741055851567;935
3;1741055855848;1021
1;1741055855983;940
2;1741055856159;936
0;1741055856543;960
3;1741055860838;1022
1;1741055863182;941
2;1741055863278;937
3;1741055865828;1023
1;1741055866290;942
0;1741055866926;961
3;1741055870885;1024
0;1741055871438;962
2;1741055871646;938
1;1741055871774;943
3;1741055875827;1025
2;1741055876431;939
1;1741055876623;944
0;1741055876895;963
3;1741055880835;1026
0;1741055881197;964
1;1741055881293;945
3;1741055885827;1027
2;1741055885981;940
0;1741055886157;965
1;1741055886285;946
3;1741055890835;1028
0;1741055891101;966
2;1741055891213;941
1;1741055891375;947
3;1741055895891;1029
0;1741055895938;967
1;1741055896029;948
2;1741055897964;942
3;1741055900850;1030
0;1741055900924;968
1;1741055901868;949
2;1741055903900;943
3;1741055905841;1031
0;1741055905868;969
1;1741055906188;950
2;1741055906892;944
3;1741055910866;1032
1;1741055911083;951
0;1741055911179;970
2;1741055911451;945
3;1741055915873;1033
2;1741055916203;946
0;1741055916555;971
1;1741055916667;952
3;1741055920848;1034
0;1741055920907;972
2;1741055921056;947
1;1741055921147;953
3;1741055925897;1035
1;1741055925931;954
0;1741055925979;973
2;1741055926091;948
3;1741055930833;1036
2;1741055931323;949
1;1741055933226;955
0;1741055933946;974
3;1741055935857;1037
2;1741055935946;950
0;1741055936826;975
1;1741055936845;956
3;1741055940832;1038
0;1741055943369;976
1;1741055944377;957
3;1741055945825;1039
2;1741055946697;951
1;1741055948601;958
3;1741055950833;1040
0;1741055951177;977
1;1741055951337;959
2;1741055951473;952
3;1741055955824;1041
1;1741055956297;960
0;1741055956377;978
2;1741055958185;953
3;1741055960831;1042
0;1741055961049;979
1;1741055961368;961
2;1741055961528;954
3;1741055965902;1043
2;1741055966504;955
0;1741055968584;980
3;1741055970831;1044
2;1741055973224;956
0;1741055973256;981
3;1741055975837;1045
2;1741055976135;957
0;1741055978280;982
1;1741055978471;962
3;1741055980831;1046
0;1741055980967;983
1;1741055981186;963
2;1741055983863;958
3;1741055985822;1047
0;1741055985991;984
1;1741055986231;964
0;1741055990898;985
3;1741055990909;1048
1;1741055991015;965
2;1741055991111;959
3;1741055995821;1049
2;1741055996086;960
1;1741055997990;966
3;1741056000829;1050
2;1741056001469;961
0;1741056001750;986
3;1741056005837;1051
0;1741056005874;987
1;1741056006198;967
3;1741056010844;1052
2;1741056011095;962
0;1741056011319;988
1;1741056011559;968
3;1741056015836;1053
0;1741056015861;989
2;1741056015989;963
1;1741056016165;969
3;1741056020845;1054
0;1741056020885;990
1;1741056021061;970
2;1741056021332;964
3;1741056025865;1055
1;1741056026149;971
2;1741056026213;965
0;1741056026580;991
3;1741056030827;1056
0;1741056034036;992
1;1741056034196;972
3;1741056035849;1057
0;1741056036292;993
3;1741056040826;1058
0;1741056041108;994
1;1741056041331;973
2;1741056044436;966
3;1741056045879;1059
0;1741056046099;995
1;1741056046851;974
3;1741056050841;1060
1;1741056051107;975
2;1741056051171;967
0;1741056051299;996
3;1741056055895;1061
0;1741056055987;997
1;1741056056115;976
3;1741056060856;1062
0;1741056061186;998
1;1741056061314;977
2;1741056061682;968
3;1741056065849;1063
1;1741056066147;978
0;1741056066210;999
3;1741056070872;1064
0;1741056070939;1000
1;1741056071730;979
2;1741056073233;969
3;1741056075832;1065
2;1741056076210;970
0;1741056077122;1001
1;1741056079009;980
3;1741056080823;1066
0;1741056080945;1002
1;1741056081137;981
2;1741056081937;971
3;1741056085847;1067
0;1741056086321;1003
1;1741056086577;982
3;1741056090823;1068
1;1741056091082;983
0;1741056091330;1004
2;1741056092960;972
3;1741056095830;1069
1;1741056096416;984
0;1741056096608;1005
3;1741056100822;1070
2;1741056101104;973
0;1741056101264;1006
1;1741056102032;985
3;1741056105845;1071
0;1741056106032;1007
1;1741056106704;986
2;1741056109137;974
3;1741056110820;1072
1;1741056111295;987
0;1741056111551;1008
2;1741056112975;975
3;1741056115830;1073
0;1741056116383;1009
1;1741056116543;988
2;1741056119087;976
3;1741056120821;1074
2;1741056121039;977
0;1741056121807;1010
1;1741056122158;989
3;1741056125860;1075
0;1741056126062;1011
2;1741056126190;978
1;1741056126350;990
3;1741056130879;1076
2;1741056131001;979
0;1741056131267;1012
1;1741056131486;991
3;1741056135828;1077
2;1741056136286;980
0;1741056138590;1013
1;1741056139326;992
3;1741056140868;1078
2;1741056141102;981
0;1741056141278;1014
1;1741056141726;993
3;1741056145860;1079
2;1741056146189;982
1;1741056146989;994
0;1741056147069;1015
3;1741056150851;1080
0;1741056150990;1016
2;1741056151165;983
1;1741056151341;995
3;1741056155873;1081
2;1741056156193;984
3;1741056160961;1082
2;1741056161068;985
0;1741056161180;1017
1;1741056161565;996
3;1741056165826;1083
2;1741056166572;986
1;1741056168374;997
3;1741056170836;1084
1;1741056171083;998
0;1741056171499;1018
2;1741056171787;987
3;1741056175841;1085
0;1741056175877;1019
2;1741056176011;988
1;1741056176123;999
3;1741056180833;1086
2;1741056180955;989
0;1741056181259;1020
1;1741056181563;1000
3;1741056185825;1087
2;1741056186170;990
1;1741056189162;1001
0;1741056189290;1021
3;1741056190833;1088
0;1741056194283;1022
3;1741056195823;1089
0;1741056196523;1023
2;1741056196567;991
1;1741056196794;1002
3;1741056200832;1090
1;1741056201498;1003
0;1741056201718;1024
2;1741056203130;992
3;1741056205883;1091
1;1741056205993;1004
2;1741056206681;993
0;1741056208297;1025
3;1741056210832;1092
2;1741056211177;994
1;1741056213289;1005
3;1741056215824;1093
0;1741056215961;1026
1;1741056216224;1006
2;1741056216761;995
3;1741056220831;1094
1;1741056221274;1007
0;1741056221384;1027
2;1741056224136;996
3;1741056225838;1095
0;1741056225928;1028
1;1741056226392;1008
2;1741056228632;997
3;1741056230846;1096
2;1741056231160;998
0;1741056231256;1029
1;1741056231528;1009
3;1741056235853;1097
0;1741056235944;1030
1;1741056236153;1010
2;1741056236360;999
3;1741056240830;1098
2;1741056240951;1000
1;1741056241735;1011
0;1741056241831;1031
3;1741056245822;1099
0;1741056246071;1032
2;1741056246167;1001
1;1741056246312;1012
3;1741056250843;1100
0;1741056250887;1033
2;1741056251238;1002
1;1741056251431;1013
3;1741056255836;1101
2;1741056255990;1003
0;1741056256102;1034
1;1741056256198;1014
3;1741056260955;1102
2;1741056261110;1004
0;1741056261270;1035
3;1741056265836;1103
2;1741056266070;1005
0;1741056266214;1036
1;1741056266582;1015
3;1741056270828;1104
0;1741056273830;1037
3;1741056275894;1105
0;1741056275941;1038
1;1741056276037;1016
2;1741056276213;1006
3;1741056280828;1106
1;1741056283269;1017
2;1741056283669;1007
0;1741056284085;1039
3;1741056285866;1107
0;1741056285969;1040
1;1741056286388;1018
2;1741056289268;1008
3;1741056290859;1108
2;1741056290964;1009
1;1741056291380;1019
0;1741056291892;1041
3;1741056295883;1109
1;1741056295956;1020
0;1741056296100;1042
2;1741056297044;1010
3;1741056300827;1110
0;1741056301732;1043
1;1741056302163;1021
3;1741056305862;1111
0;1741056306035;1044
1;1741056306269;1022
2;1741056308227;1011
3;1741056310841;1112
0;1741056310915;1045
2;1741056311090;1012
1;1741056311363;1023
3;1741056315848;1113
0;1741056316019;1046
2;1741056316371;1013
1;1741056319330;1024
3;1741056320858;1114
0;1741056320930;1047
1;1741056321138;1025
2;1741056321250;1014
3;1741056325834;1115
0;1741056326050;1048
2;1741056328978;1015
1;1741056329282;1026
3;1741056330825;1116
1;1741056331191;1027
0;1741056331618;1049
2;1741056333745;1016
3;1741056335831;1117
1;1741056336177;1028
0;1741056336305;1050
3;1741056340872;1118
1;1741056341026;1029
0;1741056341553;1051
2;1741056343953;1017
3;1741056345831;1119
0;1741056346417;1052
2;1741056348721;1018
1;1741056349248;1030
3;1741056350870;1120
0;1741056351024;1053
1;1741056351273;1031
2;1741056353904;1019
3;1741056355832;1121
1;1741056356064;1032
0;1741056356128;1054
3;1741056360870;1122
1;1741056361225;1033
0;1741056361904;1055
3;1741056365846;1123
1;1741056365904;1034
2;1741056366336;1020
0;1741056366879;1056
3;1741056370901;1124
1;1741056371839;1035
0;1741056373279;1057
2;1741056373903;1021
3;1741056375872;1125
1;1741056376047;1036
0;1741056376655;1058
2;1741056378847;1022
0;1741056380873;1059
3;1741056380887;1126
2;1741056380959;1023
1;1741056381951;1037
3;1741056385845;1127
0;1741056386286;1060
2;1741056388958;1024
1;1741056389630;1038
3;1741056390837;1128
0;1741056390942;1061
1;1741056391312;1039
2;1741056393182;1025
3;1741056395828;1129
1;1741056396110;1040
0;1741056396206;1062
3;1741056400948;1130
2;1741056401419;1026
1;1741056403613;1041
3;1741056405866;1131
2;1741056405901;1027
1;1741056406109;1042
0;1741056406221;1063
3;1741056410836;1132
0;1741056410893;1064
2;1741056411405;1028
1;1741056413213;1043
3;1741056415874;1133
1;1741056415909;1044
2;1741056416685;1029
0;1741056416796;1065
3;1741056420850;1134
0;1741056421053;1066
2;1741056421196;1030
1;1741056424252;1045
3;1741056425842;1135
0;1741056425916;1067
2;1741056426188;1031
1;1741056426444;1046
3;1741056430848;1136
0;1741056430924;1068
2;1741056431100;1032
1;1741056431336;1047
3;1741056435873;1137
1;1741056435963;1048
0;1741056436091;1069
3;1741056440834;1138
0;1741056440987;1070
1;1741056441083;1049
3;1741056445841;1139
0;1741056446070;1071
1;1741056446395;1050
3;1741056450833;1140
0;1741056450917;1072
2;1741056450970;1033
1;1741056451098;1051
3;1741056455856;1141
0;1741056455930;1073
1;1741056456538;1052
3;1741056460833;1142
2;1741056461578;1034
0;1741056461770;1074
1;1741056464106;1053
3;1741056465825;1143
0;1741056466665;1075
2;1741056466697;1035
1;1741056468969;1054
3;1741056470832;1144
2;1741056471385;1036
1;1741056474025;1055
3;1741056475917;1145
1;1741056476201;1056
0;1741056476313;1076
2;1741056479704;1037
3;1741056480830;1146
0;1741056481689;1077
1;1741056483896;1057
3;1741056485824;1147
0;1741056486504;1078
3;1741056490830;1148
1;1741056490984;1058
0;1741056491080;1079
3;1741056495822;1149
0;1741056496024;1080
1;1741056496136;1059
3;1741056500830;1150
2;1741056501287;1038
0;1741056501911;1081
1;1741056504167;1060
3;1741056505885;1151
0;1741056505929;1082
2;1741056506273;1039
1;1741056508615;1061
3;1741056510845;1152
1;1741056511111;1062
0;1741056511804;1083
3;1741056515821;1153
2;1741056516598;1040
0;1741056516822;1084
1;1741056518902;1063
3;1741056520890;1154
1;1741056520982;1064
2;1741056521094;1041
0;1741056521510;1085
3;1741056525837;1155
0;1741056526166;1086
1;1741056528262;1065
2;1741056529142;1042
3;1741056530876;1156
0;1741056531285;1087
1;1741056533733;1066
2;1741056534277;1043
3;1741056535852;1157
0;1741056536821;1088
1;1741056536949;1067
2;1741056538261;1044
3;1741056540827;1158
0;1741056541041;1089
1;1741056541157;1068
2;1741056542965;1045
3;1741056545930;1159
2;1741056546292;1046
0;1741056546740;1090
1;1741056549253;1069
3;1741056550828;1160
1;1741056550980;1070
0;1741056551748;1091
2;1741056553476;1047
3;1741056555866;1161
0;1741056555940;1092
1;1741056558996;1071
3;1741056560842;1162
0;1741056561188;1093
1;1741056561300;1072
3;1741056565834;1163
0;1741056566275;1094
2;1741056569027;1048
3;1741056570857;1164
0;1741056570979;1095
1;1741056571174;1073
2;1741056573267;1049
3;1741056575832;1165
0;1741056576595;1096
1;1741056579010;1074
3;1741056580872;1166
0;1741056580994;1097
2;1741056581954;1050
1;1741056584706;1075
3;1741056585833;1167
0;1741056586162;1098
2;1741056587410;1051
1;1741056587948;1076
3;1741056590824;1168
0;1741056591090;1099
1;1741056591442;1077
2;1741056593249;1052
3;1741056595832;1169
0;1741056596306;1100
2;1741056596353;1053
1;1741056597969;1078
3;1741056600825;1170
0;1741056601251;1101
2;1741056601667;1054
1;1741056604177;1079
3;1741056605941;1171
1;1741056606063;1080
0;1741056606961;1102
3;1741056610841;1172
0;1741056610882;1103
2;1741056611137;1055
1;1741056611969;1081
3;1741056615862;1173
1;1741056615968;1082
0;1741056616210;1104
3;1741056620858;1174
1;1741056621008;1083
0;1741056621265;1105
3;1741056625878;1175
0;1741056625985;1106
1;1741056626145;1084
2;1741056628272;1056
3;1741056630870;1176
2;1741056631024;1057
1;1741056631407;1085
3;1741056635830;1177
2;1741056636287;1058
0;1741056636367;1107
1;1741056639375;1086
1;1741056640943;1087
3;1741056640955;1178
0;1741056641215;1108
3;1741056645830;1179
2;1741056648529;1059
0;1741056648558;1109
1;1741056649422;1088
3;1741056650871;1180
0;1741056650942;1110
1;1741056651182;1089
2;1741056651758;1060
3;1741056655828;1181
0;1741056656334;1111
2;1741056658334;1061
1;1741056658494;1090
3;1741056660864;1182
1;1741056660878;1091
2;1741056660989;1062
0;1741056661917;1112
3;1741056665828;1183
1;1741056666061;1092
0;1741056666493;1113
2;1741056667965;1063
3;1741056670854;1184
2;1741056670941;1064
1;1741056670973;1093
0;1741056671533;1114
3;1741056675842;1185
1;1741056676109;1094
0;1741056676333;1115
3;1741056680867;1186
0;1741056681020;1116
2;1741056681260;1065
1;1741056681468;1095
3;1741056685889;1187
0;1741056685939;1117
2;1741056688203;1066
1;1741056689260;1096
3;1741056690850;1188
1;1741056690892;1097
2;1741056691116;1067
0;1741056691211;1118
3;1741056695826;1189
0;1741056696011;1119
2;1741056698177;1068
1;1741056698923;1098
3;1741056700907;1190
0;1741056701083;1120
1;1741056703723;1099
2;1741056703835;1069
3;1741056705842;1191
0;1741056705898;1121
1;1741056706075;1100
2;1741056706203;1070
3;1741056710896;1192
0;1741056710986;1122
1;1741056711135;1101
2;1741056711418;1071
3;1741056715825;1193
0;1741056716922;1123
1;1741056719210;1102
3;1741056720864;1194
0;1741056720938;1124
2;1741056723178;1072
1;1741056724154;1103
3;1741056725872;1195
1;1741056726202;1104
0;1741056728265;1125
2;1741056728809;1073
3;1741056730831;1196
2;1741056731115;1074
0;1741056734217;1126
3;1741056735823;1197
0;1741056736473;1127
1;1741056739113;1105
3;1741056740831;1198
0;1741056741042;1128
2;1741056743753;1075
1;1741056744168;1106
3;1741056745839;1199
0;1741056746216;1129
2;1741056746408;1076
3;1741056750893;1200
1;1741056750976;1107
2;1741056751122;1077
0;1741056751528;1130
3;1741056755821;1201
1;1741056756487;1108
0;1741056757111;1131
3;1741056760830;1202
1;1741056761256;1109
0;1741056761672;1132
3;1741056765838;1203
0;1741056765943;1133
1;1741056766137;1110
2;1741056768391;1078
3;1741056770860;1204
0;1741056770919;1134
2;1741056771217;1079
1;1741056771511;1111
3;1741056775868;1205
2;1741056776215;1080
0;1741056776360;1135
1;1741056779142;1112
3;1741056780934;1206
2;1741056781046;1081
0;1741056781238;1136
1;1741056781350;1113
3;1741056785912;1207
0;1741056786375;1137
3;1741056790827;1208
0;1741056791429;1138
1;1741056794245;1114
3;1741056795930;1209
1;1741056796133;1115
0;1741056796245;1139
3;1741056800828;1210
0;1741056801237;1140
1;1741056803941;1116
3;1741056805851;1211
0;1741056805905;1141
1;1741056806115;1117
2;1741056808180;1082
3;1741056810860;1212
1;1741056810949;1118
0;1741056811108;1142
2;1741056811508;1083
3;1741056815834;1213
1;1741056816056;1119
0;1741056816128;1143
3;1741056820842;1214
0;1741056820932;1144
3;1741056825834;1215
1;1741056826035;1120
0;1741056826563;1145
2;1741056828179;1084
3;1741056830826;1216
2;1741056830979;1085
0;1741056831203;1146
1;1741056833219;1121
3;1741056835833;1217
2;1741056836579;1086
1;1741056839075;1122
0;1741056839395;1147
3;1741056840824;1218
0;1741056841042;1148
1;1741056843154;1123
3;1741056845881;1219
0;1741056845986;1149
2;1741056846418;1087
1;1741056848162;1124
3;1741056850871;1220
1;1741056851195;1125
0;1741056851634;1150
2;1741056853170;1088
3;1741056855833;1221
0;1741056856002;1151
2;1741056856274;1089
1;1741056859121;1126
3;1741056860825;1222
0;1741056861345;1152
1;1741056864289;1127
3;1741056865863;1223
1;1741056865937;1128
0;1741056866049;1153
2;1741056866481;1090
3;1741056870839;1224
2;1741056871137;1091
0;1741056871265;1154
1;1741056873680;1129
3;1741056875863;1225
0;1741056875888;1155
1;1741056876112;1130
2;1741056876592;1092
3;1741056880870;1226
2;1741056881600;1093
1;1741056884192;1131
3;1741056885877;1227
1;1741056885922;1132
2;1741056885968;1094
0;1741056886224;1156
3;1741056890853;1228
1;1741056891019;1133
2;1741056891247;1095
0;1741056891455;1157
3;1741056895845;1229
0;1741056896335;1158
1;1741056898991;1134
2;1741056899087;1096
3;1741056900821;1230
0;1741056901087;1159
2;1741056901375;1097
1;1741056904511;1135
3;1741056905846;1231
0;1741056905903;1160
2;1741056906015;1098
1;1741056906126;1136
3;1741056910820;1232
1;1741056910929;1137
0;1741056911418;1161
3;1741056915830;1233
0;1741056915981;1162
2;1741056916446;1099
1;1741056918990;1138
3;1741056920899;1234
0;1741056920917;1163
1;1741056921150;1139
2;1741056924253;1100
3;1741056925829;1235
0;1741056926145;1164
2;1741056926333;1101
1;1741056927933;1140
3;1741056930875;1236
0;1741056931533;1165
1;1741056934141;1141
3;1741056935827;1237
0;1741056936317;1166
1;1741056938269;1142
3;1741056940850;1238
0;1741056940877;1167
1;1741056941004;1143
2;1741056941308;1102
3;1741056945890;1239
1;1741056945964;1144
0;1741056946022;1168
2;1741056946268;1103
3;1741056950898;1240
1;1741056950988;1145
0;1741056951308;1169
3;1741056955921;1241
1;1741056956092;1146
2;1741056956758;1104
0;1741056959019;1170
3;1741056960850;1242
0;1741056961675;1171
1;1741056964043;1147
3;1741056965826;1243
0;1741056966123;1172
2;1741056966923;1105
3;1741056970833;1244
0;1741056970954;1173
1;1741056972986;1148
2;1741056973289;1106
3;1741056975871;1245
0;1741056976074;1174
2;1741056976778;1107
1;1741056979770;1149
3;1741056980896;1246
0;1741056981274;1175
1;1741056983163;1150
3;1741056985902;1247
0;1741056986762;1176
2;1741056987129;1108
1;1741056988662;1151
3;1741056990848;1248
0;1741056990921;1177
2;1741056991097;1109
1;1741056991306;1152
3;1741056995824;1249
0;1741056996073;1178
1;1741056996249;1153
2;1741056997977;1110
3;1741057000831;1250
0;1741057000936;1179
3;1741057005855;1251
2;1741057005977;1111
0;1741057006313;1180
1;1741057008168;1154
3;1741057010862;1252
1;1741057010968;1155
0;1741057011304;1181
2;1741057011784;1112
3;1741057015822;1253
1;1741057016424;1156
0;1741057018728;1182
2;1741057019112;1113
3;1741057020877;1254
0;1741057021895;1183
1;1741057024071;1157
3;1741057025822;1255
0;1741057025959;1184
1;1741057026103;1158
2;1741057028551;1114
3;1741057030861;1256
0;1741057031287;1185
3;1741057035822;1257
1;1741057036082;1159
0;1741057036422;1186
3;1741057040845;1258
0;1741057040950;1187
1;1741057041014;1160
3;1741057045880;1259
0;1741057045910;1188
2;1741057046166;1115
1;1741057046262;1161
3;1741057050859;1260
0;1741057050933;1189
2;1741057051190;1116
1;1741057051310;1162
3;1741057055834;1261
2;1741057056165;1117
0;1741057056293;1190
1;1741057059317;1163
3;1741057060843;1262
0;1741057060901;1191
2;1741057061221;1118
1;1741057061509;1164
0;1741057065885;1192
3;1741057065897;1263
1;1741057066035;1165
2;1741057068261;1119
3;1741057070828;1264
1;1741057071156;1166
0;1741057071300;1193
3;1741057075836;1265
0;1741057076308;1194
2;1741057076452;1120
1;1741057079252;1167
3;1741057080827;1266
1;1741057081141;1168
0;1741057081573;1195
2;1741057083539;1121
3;1741057085836;1267
0;1741057085987;1196
2;1741057086580;1122
1;1741057088068;1169
3;1741057090826;1268
1;1741057091100;1170
0;1741057091488;1197
3;1741057095834;1269
1;1741057096003;1171
0;1741057096979;1198
2;1741057098354;1123
3;1741057100826;1270
1;1741057100962;1172
0;1741057101170;1199
2;1741057103234;1124
3;1741057105863;1271
1;1741057105982;1173
2;1741057106242;1125
0;1741057106306;1200
3;1741057110825;1272
0;1741057110931;1201
2;1741057111170;1126
1;1741057114178;1174
3;1741057115831;1273
0;1741057116114;1202
1;1741057116162;1175
2;1741057119089;1127
3;1741057120871;1274
0;1741057120929;1203
1;1741057123153;1176
2;1741057124241;1128
3;1741057125832;1275
0;1741057126337;1204
2;1741057128241;1129
1;1741057129169;1177
3;1741057130839;1276
2;1741057131296;1130
0;1741057131376;1205
1;1741057133136;1178
3;1741057135848;1277
0;1741057136912;1206
1;1741057139344;1179
3;1741057140907;1278
0;1741057140992;1207
2;1741057141328;1131
1;1741057143808;1180
3;1741057145909;1279
0;1741057146383;1208
2;1741057146640;1132
1;1741057148848;1181
3;1741057150870;1280
1;1741057151135;1182
2;1741057151226;1133
0;1741057153567;1209
3;1741057155831;1281
0;1741057155935;1210
1;1741057156271;1183
2;1741057158271;1134
3;1741057160870;1282
0;1741057160895;1211
1;1741057161007;1184
2;1741057161151;1135
3;1741057165846;1283
1;1741057166018;1185
0;1741057167390;1212
3;1741057170822;1284
0;1741057171310;1213
1;1741057171550;1186
2;1741057173150;1136
3;1741057175909;1285
1;1741057176286;1187
0;1741057176409;1214
2;1741057178190;1137
3;1741057180867;1286
0;1741057180973;1215
1;1741057184573;1188
3;1741057185828;1287
1;1741057186077;1189
0;1741057186493;1216
2;1741057187917;1138
3;1741057190835;1288
1;1741057191005;1190
0;1741057191293;1217
2;1741057194124;1139
3;1741057195827;1289
0;1741057196278;1218
2;1741057198092;1140
1;1741057198188;1191
3;1741057200835;1290
2;1741057201676;1141
1;1741057203084;1192
0;1741057203916;1219
3;1741057205888;1291
0;1741057205932;1220
2;1741057206156;1142
1;1741057208316;1193
3;1741057210912;1292
1;1741057210971;1194
0;1741057211772;1221
3;1741057215829;1293
1;1741057216123;1195
0;1741057216748;1222
3;1741057220833;1294
1;1741057221147;1196
0;1741057221531;1223
2;1741057223419;1143
3;1741057225841;1295
1;1741057226032;1197
0;1741057226228;1224
2;1741057228203;1144
3;1741057230831;1296
0;1741057231227;1225
1;1741057231290;1198
2;1741057231626;1145
3;1741057235838;1297
1;1741057236266;1199
0;1741057237946;1226
3;1741057240878;1298
1;1741057240970;1200
0;1741057241066;1227
2;1741057241722;1146
3;1741057245886;1299
0;1741057246153;1228
1;1741057246618;1201
3;1741057250833;1300
0;1741057251721;1229
1;1741057254041;1202
3;1741057255872;1301
0;1741057256089;1230
2;1741057256697;1147
1;1741057259193;1203
3;1741057260878;1302
2;1741057261017;1148
1;1741057261528;1204
0;1741057261753;1231
3;1741057265823;1303
0;1741057266024;1232
1;1741057269208;1205
3;1741057270827;1304
0;1741057270968;1233
2;1741057271480;1149
1;1741057273960;1206
3;1741057275837;1305
0;1741057275960;1234
1;1741057276248;1207
2;1741057278248;1150
3;1741057280831;1306
0;1741057280983;1235
2;1741057281239;1151
3;1741057285854;1307
0;1741057288295;1236
2;1741057288935;1152
3;1741057290877;1308
1;1741057290951;1208
0;1741057293143;1237
3;1741057295835;1309
0;1741057295911;1238
1;1741057296090;1209
2;1741057296438;1153
3;1741057300842;1310
0;1741057300934;1239
2;1741057301286;1154
1;1741057301398;1210
3;1741057305840;1311
1;1741057306054;1211
0;1741057306646;1240
3;1741057310828;1312
0;1741057311078;1241
3;1741057315883;1313
0;1741057315958;1242
2;1741057316087;1155
1;1741057316202;1212
3;1741057320826;1314
1;1741057320997;1213
0;1741057321334;1243
3;1741057325835;1315
1;1741057326149;1214
0;1741057326389;1244
2;1741057328261;1156
3;1741057330828;1316
1;1741057331077;1215
0;1741057331204;1245
2;1741057333652;1157
3;1741057335834;1317
0;1741057336292;1246
1;1741057339252;1216
3;1741057340874;1318
1;1741057340910;1217
0;1741057341140;1247
2;1741057341303;1158
3;1741057345928;1319
2;1741057346147;1159
1;1741057349315;1218
3;1741057350826;1320
0;1741057351171;1248
2;1741057351283;1160
1;1741057353139;1219
3;1741057355833;1321
1;1741057356419;1220
0;1741057356579;1249
3;1741057360855;1322
0;1741057360997;1250
2;1741057363122;1161
1;1741057363763;1221
3;1741057365832;1323
2;1741057366274;1162
1;1741057367938;1222
3;1741057370855;1324
0;1741057370994;1251
1;1741057371128;1223
2;1741057373682;1163
3;1741057375846;1325
1;1741057376114;1224
0;1741057376130;1252
2;1741057376370;1164
3;1741057380824;1326
0;1741057381031;1253
2;1741057384001;1165
1;1741057384434;1225
3;1741057385846;1327
0;1741057386033;1254
1;1741057386337;1226
3;1741057390822;1328
0;1741057390913;1255
1;1741057391270;1227
3;1741057395844;1329
1;1741057395939;1228
2;1741057396080;1166
0;1741057396880;1256
3;1741057400901;1330
0;1741057401137;1257
2;1741057401377;1167
1;1741057404208;1229
3;1741057405830;1331
0;1741057406000;1258
2;1741057407120;1168
1;1741057409152;1230
3;1741057410838;1332
0;1741057410895;1259
1;1741057411055;1231
2;1741057411232;1169
3;1741057415828;1333
0;1741057416031;1260
1;1741057416207;1232
3;1741057420819;1334
0;1741057421359;1261
2;1741057423679;1170
1;1741057424175;1233
3;1741057425829;1335
2;1741057426239;1171
0;1741057426495;1262
1;1741057428703;1234
3;1741057430822;1336
0;1741057430958;1263
1;1741057431152;1235
3;1741057435860;1337
0;1741057435998;1264
1;1741057436078;1236
2;1741057436510;1172
3;1741057440878;1338
0;1741057441182;1265
1;1741057443150;1237
2;1741057443869;1173
3;1741057445905;1339
1;1741057445998;1238
0;1741057446782;1266
2;1741057448238;1174
3;1741057450861;1340
0;1741057451061;1267
1;1741057453389;1239
3;1741057455827;1341
2;1741057458173;1175
0;1741057458325;1268
1;1741057458733;1240
3;1741057460867;1342
1;1741057460973;1241
0;1741057461166;1269
3;1741057465827;1343
1;1741057467948;1242
2;1741057469356;1176
3;1741057470880;1344
0;1741057471740;1270
1;1741057473334;1243
2;1741057474012;1177
3;1741057475842;1345
0;1741057475937;1271
1;1741057476017;1244
2;1741057477979;1178
3;1741057480833;1346
0;1741057481627;1272
2;1741057483115;1179
1;1741057483346;1245
3;1741057485841;1347
0;1741057486011;1273
1;1741057486364;1246
3;1741057490833;1348
0;1741057491003;1274
2;1741057492939;1180
1;1741057493882;1247
3;1741057495825;1349
0;1741057496506;1275
1;1741057499002;1248
3;1741057500832;1350
0;1741057500945;1276
1;1741057503035;1249
2;1741057504603;1181
3;1741057505872;1351
1;1741057506233;1250
2;1741057506370;1182
3;1741057510832;1352
0;1741057511430;1277
2;1741057512137;1183
1;1741057512953;1251
3;1741057515824;1353
1;1741057516601;1252
0;1741057516825;1278
3;1741057520864;1354
0;1741057521033;1279
2;1741057523113;1184
1;1741057523768;1253
3;1741057525821;1355
1;1741057525928;1254
0;1741057526696;1280
2;1741057528232;1185
3;1741057530831;1356
0;1741057530936;1281
1;1741057531432;1255
3;1741057535911;1357
0;1741057536200;1282
1;1741057536984;1256
2;1741057538680;1186
3;1741057540830;1358
0;1741057541223;1283
1;1741057544087;1257
3;1741057545853;1359
0;1741057545911;1284
2;1741057546301;1187
1;1741057546391;1258
3;1741057550829;1360
0;1741057551719;1285
3;1741057555837;1361
0;1741057556102;1286
1;1741057556214;1259
2;1741057558326;1188
3;1741057560829;1362
0;1741057561350;1287
1;1741057563814;1260
3;1741057565899;1363
1;1741057566092;1261
0;1741057566326;1288
3;1741057570893;1364
1;1741057570982;1262
2;1741057571148;1189
0;1741057571478;1289
3;1741057575895;1365
0;1741057575989;1290
1;1741057578853;1263
3;1741057580843;1366
0;1741057580917;1291
1;1741057581045;1264
2;1741057581173;1190
3;1741057585859;1367
2;1741057586405;1191
0;1741057588276;1292
1;1741057589173;1265
3;1741057590859;1368
0;1741057591012;1293
2;1741057591668;1192
3;1741057595833;1369
0;1741057596061;1294
1;1741057596372;1266
3;1741057600826;1370
2;1741057601124;1193
0;1741057601445;1295
1;1741057604115;1267
3;1741057605835;1371
0;1741057606147;1296
2;1741057608019;1194
3;1741057610842;1372
1;1741057610899;1268
2;1741057610979;1195
0;1741057611331;1297
3;1741057615956;1373
0;1741057616003;1298
1;1741057616627;1269
2;1741057618307;1196
3;1741057620858;1374
0;1741057621002;1299
1;1741057621523;1270
3;1741057625833;1375
1;1741057625954;1271
0;1741057626258;1300
3;1741057630825;1376
1;1741057630914;1272
0;1741057631586;1301
2;1741057633154;1197
3;1741057635848;1377
1;1741057635938;1273
0;1741057636626;1302
2;1741057636690;1198
3;1741057640887;1378
0;1741057640945;1303
1;1741057641169;1274
2;1741057641697;1199
0;1741057645898;1304
3;1741057645907;1379
1;1741057646481;1275
3;1741057650855;1380
0;1741057651378;1305
1;1741057651672;1276
3;1741057655847;1381
0;1741057655921;1306
1;1741057656032;1277
2;1741057656336;1200
3;1741057660838;1382
0;1741057660896;1307
2;1741057661008;1201
1;1741057661120;1278
3;1741057665829;1383
2;1741057666368;1202
0;1741057666560;1308
1;1741057669600;1279
3;1741057670838;1384
0;1741057672017;1309
1;1741057674033;1280
3;1741057675877;1385
0;1741057675903;1310
1;1741057676063;1281
2;1741057676735;1203
3;1741057680916;1386
2;1741057681215;1204
1;1741057684198;1282
3;1741057685829;1387
0;1741057686158;1311
2;1741057686270;1205
1;1741057689550;1283
3;1741057690852;1388
0;1741057691096;1312
2;1741057692126;1206
1;1741057693230;1284
3;1741057695829;1389
0;1741057695966;1313
2;1741057697886;1207
1;1741057699102;1285
3;1741057700837;1390
0;1741057700932;1314
2;1741057701102;1208
1;1741057701310;1286
3;1741057705827;1391
0;1741057705981;1315
2;1741057706381;1209
1;1741057709069;1287
3;1741057710882;1392
0;1741057711101;1316
1;1741057711197;1288
3;1741057715827;1393
0;1741057715981;1317
2;1741057716316;1210
1;1741057719132;1289
3;1741057720835;1394
0;1741057721244;1318
2;1741057723036;1211
1;1741057724172;1290
3;1741057725858;1395
1;1741057725942;1291
0;1741057726412;1319
2;1741057726732;1212
3;1741057730883;1396
0;1741057730891;1320
2;1741057731212;1213
1;1741057731356;1292
3;1741057735826;1397
0;1741057736348;1321
2;1741057738604;1214
1;1741057739099;1293
3;1741057740865;1398
0;1741057742924;1322
2;1741057743980;1215
1;1741057743996;1294
3;1741057745873;1399
1;1741057746316;1295
2;1741057748748;1216
0;1741057748812;1323
3;1741057750832;1400
0;1741057751197;1324
2;1741057754020;1217
1;1741057754715;1296
3;1741057755824;1401
2;1741057756458;1218
3;1741057760848;1402
0;1741057761003;1325
2;1741057761723;1219
1;1741057764235;1297
3;1741057765823;1403
0;1741057766234;1326
1;1741057768666;1298
2;1741057768890;1220
3;1741057770832;1404
2;1741057771209;1221
0;1741057773225;1327
1;1741057774121;1299
3;1741057775839;1405
0;1741057775865;1328
2;1741057776121;1222
1;1741057776505;1300
3;1741057780831;1406
0;1741057781242;1329
2;1741057781690;1223
1;1741057783945;1301
3;1741057785886;1407
2;1741057785928;1224
0;1741057786488;1330
3;1741057790856;1408
1;1741057790984;1302
2;1741057791144;1225
0;1741057791368;1331
3;1741057795821;1409
1;1741057795992;1303
0;1741057796248;1332
3;1741057800862;1410
2;1741057801256;1226
0;1741057803810;1333
1;1741057804135;1304
3;1741057805965;1411
2;1741057806103;1227
0;1741057806727;1334
3;1741057810848;1412
0;1741057810919;1335
1;1741057811159;1305
2;1741057811255;1228
3;1741057815870;1413
0;1741057816022;1336
1;1741057816326;1306
2;1741057818215;1229
3;1741057820861;1414
0;1741057821062;1337
1;1741057823222;1307
3;1741057825820;1415
0;1741057826262;1338
1;1741057829158;1308
3;1741057830828;1416
0;1741057831062;1339
1;1741057831301;1309
2;1741057833718;1230
3;1741057835850;1417
0;1741057835941;1340
2;1741057836117;1231
1;1741057836421;1310
3;1741057840826;1418
1;1741057843254;1311
0;1741057843782;1341
2;1741057843862;1232
3;1741057845866;1419
2;1741057846645;1233
0;1741057848997;1342
3;1741057850858;1420
0;1741057851556;1343
2;1741057852044;1234
1;1741057854580;1312
3;1741057855897;1421
1;1741057855972;1313
0;1741057856100;1344
2;1741057856880;1235
3;1741057860904;1422
1;1741057860966;1314
2;1741057861140;1236
0;1741057861444;1345
3;1741057865833;1423
0;1741057866116;1346
1;1741057868147;1315
2;1741057868820;1237
3;1741057870962;1424
0;1741057871107;1347
1;1741057871235;1316
3;1741057875833;1425
0;1741057876054;1348
2;1741057876403;1238
1;1741057879043;1317
3;1741057880826;1426
0;1741057881241;1349
3;1741057885832;1427
0;1741057886114;1350
2;1741057888898;1239
3;1741057890823;1428
1;1741057891506;1318
0;1741057893170;1351
2;1741057893842;1240
3;1741057895831;1429
0;1741057895928;1352
1;1741057896110;1319
2;1741057898258;1241
3;1741057900823;1430
2;1741057901217;1242
0;1741057902929;1353
1;1741057904065;1320
3;1741057905849;1431
1;1741057905953;1321
0;1741057906225;1354
2;1741057906305;1243
3;1741057910855;1432
0;1741057911809;1355
2;1741057913841;1244
1;1741057914289;1322
3;1741057915830;1433
0;1741057915904;1356
2;1741057916705;1245
1;1741057918800;1323
3;1741057920822;1434
2;1741057921712;1246
1;1741057922928;1324
0;1741057923984;1357
3;1741057925829;1435
0;1741057926144;1358
2;1741057928688;1247
3;1741057930884;1436
1;1741057930943;1325
0;1741057931040;1359
2;1741057931888;1248
3;1741057935894;1437
1;1741057936192;1326
0;1741057936319;1360
2;1741057938943;1249
3;1741057940869;1438
1;1741057940895;1327
2;1741057940991;1250
0;1741057941201;1361
3;1741057945903;1439
1;1741057946030;1328
0;1741057946478;1362
2;1741057948174;1251
3;1741057950820;1440
0;1741057951006;1363
2;1741057953550;1252
1;1741057953934;1329
3;1741057955826;1441
0;1741057955998;1364
1;1741057956670;1330
2;1741057958942;1253
3;1741057960835;1442
0;1741057961038;1365
2;1741057961854;1254
3;1741057965826;1443
1;1741057966333;1331
2;1741057968973;1255
3;1741057970835;1444
0;1741057971293;1366
2;1741057971709;1256
1;1741057972957;1332
3;1741057975874;1445
0;1741057976077;1367
2;1741057978749;1257
1;1741057979149;1333
3;1741057980859;1446
0;1741057981196;1368
1;1741057984076;1334
3;1741057985827;1447
0;1741057986012;1369
2;1741057986956;1258
1;1741057988876;1335
3;1741057990860;1448
0;1741057990908;1370
2;1741057993196;1259
1;1741057994380;1336
3;1741057995882;1449
0;1741057996171;1371
2;1741057998043;1260
1;1741057999340;1337
3;1741058000865;1450
0;1741058001323;1372
1;1741058003883;1338
3;1741058005826;1451
2;1741058006406;1261
0;1741058008691;1373
1;1741058009307;1339
3;1741058010833;1452
2;1741058011243;1262
1;1741058013674;1340
0;1741058013787;1374
3;1741058015871;1453
0;1741058015930;1375
1;1741058016394;1341
3;1741058022385;1454
1;1741058022506;1342
0;1741058022652;1376
2;1741058022875;1263
3;1741058025888;1455
0;1741058026057;1377
1;1741058026346;1343
2;1741058028233;1264
3;1741058030927;1456
2;1741058031241;1265
0;1741058033433;1378
1;1741058034105;1344
3;1741058035871;1457
0;1741058036457;1379
1;1741058038777;1345
3;1741058040832;1458
0;1741058041002;1380
3;1741058045918;1459
1;1741058046104;1346
0;1741058046280;1381
2;1741058048760;1266
3;1741058050830;1460
0;1741058051096;1382
1;1741058051224;1347
3;1741058055839;1461
1;1741058056114;1348
0;1741058056648;1383
3;1741058060846;1462
2;1741058061176;1267
1;1741058061512;1349
0;1741058061736;1384
3;1741058065822;1463
0;1741058066183;1385
1;1741058068759;1350
3;1741058070830;1464
0;1741058071202;1386
2;1741058071529;1268
1;1741058074375;1351
3;1741058075821;1465
2;1741058076471;1269
1;1741058079110;1352
3;1741058080830;1466
2;1741058081080;1270
0;1741058081958;1387
1;1741058083554;1353
3;1741058085869;1467
0;1741058085906;1388
2;1741058086102;1271
1;1741058086345;1354
3;1741058090828;1468
0;1741058090917;1389
1;1741058092966;1355
3;1741058095885;1469
2;1741058096294;1272
1;1741058098949;1356
0;1741058099621;1390
3;1741058100874;1470
0;1741058101430;1391
2;1741058101734;1273
1;1741058104047;1357
3;1741058105836;1471
0;1741058105941;1392
1;1741058106101;1358
2;1741058108869;1274
3;1741058110827;1472
0;1741058110948;1393
1;1741058111348;1359
0;1741058115860;1394
3;1741058115875;1473
1;1741058118908;1360
2;1741058119255;1275
3;1741058120829;1474
2;1741058121236;1276
1;1741058124100;1361
3;1741058125858;1475
2;1741058126430;1277
0;1741058126915;1395
3;1741058130857;1476
0;1741058131027;1396
2;1741058131571;1278
1;1741058132979;1362
3;1741058135833;1477
0;1741058135915;1397
2;1741058135971;1279
1;1741058136115;1363
3;1741058140969;1478
0;1741058141006;1398
1;1741058141123;1364
2;1741058144043;1280
3;1741058145832;1479
0;1741058146002;1399
1;1741058146290;1365
3;1741058150839;1480
1;1741058151010;1366
0;1741058151330;1400
3;1741058155831;1481
0;1741058156066;1401
2;1741058156978;1281
3;1741058160839;1482
0;1741058160913;1402
2;1741058161025;1282
1;1741058161121;1367
3;1741058165832;1483
2;1741058166274;1283
1;1741058169313;1368
3;1741058170823;1484
0;1741058171168;1403
1;1741058174704;1369
3;1741058175863;1485
2;1741058176096;1284
1;1741058176192;1370
0;1741058176461;1404
3;1741058180823;1486
0;1741058181808;1405
2;1741058183776;1285
3;1741058185831;1487
0;1741058186096;1406
1;1741058188367;1371
3;1741058190837;1488
2;1741058191311;1286
1;1741058193263;1372
0;1741058194223;1407
3;1741058195828;1489
1;1741058197023;1373
3;1741058200869;1490
0;1741058201024;1408
1;1741058203366;1374
3;1741058205829;1491
0;1741058206359;1409
2;1741058206640;1287
3;1741058210901;1492
0;1741058211017;1410
2;1741058211182;1288
1;1741058211438;1375
3;1741058215827;1493
1;1741058215919;1376
0;1741058216655;1411
3;1741058220836;1494
2;1741058221293;1289
1;1741058222877;1377
0;1741058223165;1412
3;1741058225827;1495
0;1741058226077;1413
1;1741058228189;1378
3;1741058230868;1496
0;1741058231089;1414
2;1741058233405;1290
1;1741058234413;1379
3;1741058235827;1497
2;1741058236405;1291
0;1741058239005;1415
1;1741058239740;1380
3;1741058240850;1498
1;1741058243916;1381
3;1741058245826;1499
0;1741058246604;1416
1;1741058249004;1382
3;1741058250832;1500
0;1741058251164;1417
2;1741058252972;1292
3;1741058255825;1501
0;1741058258587;1418
1;1741058258812;1383
3;1741058260833;1502
0;1741058261595;1419
1;1741058263227;1384
3;1741058265841;1503
0;1741058265915;1420
1;1741058266155;1385
2;1741058266731;1293
3;1741058270848;1504
0;1741058270891;1421
2;1741058271019;1294
1;1741058271099;1386
3;1741058275872;1505
1;1741058276218;1387
0;1741058276378;1422
3;1741058280832;1506
0;1741058281018;1423
1;1741058281162;1388
3;1741058285823;1507
1;1741058285962;1389
0;1741058286523;1424
3;1741058290832;1508
2;1741058291337;1295
1;1741058293881;1390
3;1741058295839;1509
0;1741058296153;1425
2;1741058296665;1296
1;1741058298953;1391
3;1741058300832;1510
0;1741058301330;1426
1;1741058303897;1392
3;1741058305863;1511
0;1741058306168;1427
2;1741058308568;1297
1;1741058308968;1393
3;1741058310829;1512
0;1741058311097;1428
1;1741058311338;1394
2;1741058313161;1298
3;1741058315822;1513
2;1741058316092;1299
0;1741058318168;1429
1;1741058318632;1395
3;1741058320877;1514
0;1741058321000;1430
1;1741058321272;1396
2;1741058323447;1300
3;1741058325869;1515
0;1741058326055;1431
2;1741058326359;1301
1;1741058329047;1397
3;1741058330828;1516
0;1741058331463;1432
1;1741058334983;1398
3;1741058335821;1517
0;1741058336071;1433
1;1741058336279;1399
2;1741058338246;1302
3;1741058340877;1518
0;1741058341254;1434
1;1741058344166;1400
3;1741058345820;1519
2;1741058346150;1303
1;1741058348134;1401
3;1741058350869;1520
0;1741058350966;1435
1;1741058353317;1402
3;1741058355867;1521
0;1741058355957;1436
1;1741058356418;1403
2;1741058358021;1304
3;1741058360827;1522
1;1741058361093;1404
0;1741058361189;1437
3;1741058365859;1523
0;1741058366069;1438
2;1741058366549;1305
1;1741058368190;1405
3;1741058370827;1524
2;1741058373348;1306
1;1741058373524;1406
0;1741058373892;1439
3;1741058375860;1525
0;1741058376260;1440
2;1741058378244;1307
1;1741058378820;1407
3;1741058380826;1526
0;1741058381076;1441
1;1741058384100;1408
3;1741058385833;1527
0;1741058386275;1442
1;1741058386419;1409
2;1741058388883;1308
3;1741058390825;1528
0;1741058390899;1443
1;1741058393587;1410
3;1741058395834;1529
0;1741058396019;1444
1;1741058398771;1411
3;1741058400903;1530
0;1741058401283;1445
2;1741058401938;1309
1;1741058403379;1412
3;1741058405863;1531
2;1741058406018;1310
0;1741058406066;1446
1;1741058406514;1413
3;1741058410905;1532
1;1741058411154;1414
0;1741058411330;1447
2;1741058412914;1311
3;1741058415832;1533
1;1741058416049;1415
0;1741058416162;1448
3;1741058420824;1534
0;1741058421185;1449
1;1741058423153;1416
3;1741058425880;1535
0;1741058426027;1450
1;1741058426481;1417
3;1741058430904;1536
0;1741058431281;1451
1;1741058432896;1418
3;1741058435942;1537
2;1741058436226;1312
0;1741058438178;1452
1;1741058439218;1419
3;1741058440871;1538
0;1741058440976;1453
1;1741058444672;1420
3;1741058445846;1539
0;1741058445875;1454
1;1741058446320;1421
3;1741058450868;1540
0;1741058451184;1455
1;1741058453920;1422
3;1741058455830;1541
1;1741058456015;1423
0;1741058456639;1456
2;1741058458895;1313
3;1741058460852;1542
2;1741058461423;1314
1;1741058463167;1424
0;1741058463711;1457
3;1741058465830;1543
0;1741058466159;1458
1;1741058466303;1425
3;1741058470868;1544
0;1741058470943;1459
1;1741058471374;1426
3;1741058475860;1545
0;1741058475890;1460
1;1741058475998;1427
2;1741058478830;1315
3;1741058480819;1546
2;1741058482206;1316
0;1741058482237;1461
1;1741058484046;1428
3;1741058485843;1547
2;1741058486125;1317
1;1741058487917;1429
0;1741058488717;1462
3;1741058490860;1548
0;1741058491373;1463
2;1741058491821;1318
1;1741058493997;1430
3;1741058495827;1549
1;1741058499710;1431
0;1741058499838;1464
3;1741058500835;1550
2;1741058501214;1319
0;1741058503979;1465
1;1741058504366;1432
3;1741058505826;1551
1;1741058506060;1433
0;1741058506381;1466
2;1741058509037;1320
3;1741058510866;1552
2;1741058513181;1321
3;1741058515826;1553
2;1741058516028;1322
0;1741058517036;1467
1;1741058519516;1434
3;1741058520956;1554
0;1741058520971;1468
1;1741058521035;1435
3;1741058525875;1555
2;1741058525979;1323
0;1741058528283;1469
3;1741058530832;1556
1;1741058533358;1436
2;1741058533738;1324
0;1741058533866;1470
3;1741058535840;1557
0;1741058535866;1471
1;1741058536074;1437
2;1741058538058;1325
3;1741058540832;1558
0;1741058540986;1472
1;1741058541066;1438
3;1741058545824;1559
0;1741058546041;1473
1;1741058548282;1439
2;1741058549262;1326
3;1741058550832;1560
1;1741058551033;1440
0;1741058551373;1474
2;1741058553977;1327
3;1741058555907;1561
1;1741058556265;1441
0;1741058556553;1475
2;1741058558713;1328
3;1741058560878;1562
0;1741058560921;1476
2;1741058561080;1329
1;1741058561240;1442
3;1741058565870;1563
2;1741058566425;1330
1;1741058568105;1443
0;1741058568248;1477
3;1741058570846;1564
0;1741058571080;1478
3;1741058575823;1565
0;1741058575936;1479
1;1741058576600;1444
3;1741058580873;1566
1;1741058581033;1445
2;1741058583815;1331
0;1741058584135;1480
3;1741058585864;1567
1;1741058586119;1446
0;1741058586359;1481
3;1741058590845;1568
0;1741058590951;1482
2;1741058591111;1332
1;1741058591319;1447
3;1741058595915;1569
1;1741058596294;1448
3;1741058600844;1570
0;1741058600918;1483
1;1741058601174;1449
2;1741058601670;1333
3;1741058605820;1571
1;1741058608823;1450
3;1741058610830;1572
2;1741058611122;1334
1;1741058614357;1451
3;1741058615850;1573
0;1741058616005;1484
1;1741058616389;1452
3;1741058620843;1574
0;1741058621029;1485
2;1741058621109;1335
1;1741058621413;1453
3;1741058625861;1575
0;1741058628149;1486
1;1741058628730;1454
3;1741058630827;1576
1;1741058631012;1455
0;1741058631152;1487
2;1741058633908;1336
3;1741058635861;1577
0;1741058635940;1488
1;1741058636092;1456
3;1741058640915;1578
0;1741058640921;1489
2;1741058641172;1337
1;1741058642868;1457
3;1741058645850;1579
0;1741058645987;1490
1;1741058646211;1458
2;1741058648803;1338
3;1741058650841;1580
0;1741058650915;1491
1;1741058651075;1459
2;1741058651123;1339
3;1741058655833;1581
0;1741058656659;1492
3;1741058660825;1582
0;1741058660962;1493
1;1741058664210;1460
3;1741058665832;1583
0;1741058668338;1494
1;1741058669346;1461
3;1741058670825;1584
1;1741058673058;1462
0;1741058673682;1495
2;1741058673954;1340
3;1741058675831;1585
2;1741058676082;1341
1;1741058678945;1463
3;1741058680839;1586
0;1741058680929;1496
2;1741058681041;1342
1;1741058681185;1464
3;1741058685927;1587
0;1741058685997;1497
1;1741058686321;1465
3;1741058690901;1588
0;1741058691028;1498
2;1741058691329;1343
3;1741058695846;1589
0;1741058695986;1499
2;1741058698896;1344
1;1741058699088;1466
3;1741058700917;1590
0;1741058701001;1500
1;1741058701088;1467
3;1741058705923;1591
1;1741058706336;1468
0;1741058706568;1501
3;1741058710881;1592
1;1741058710991;1469
0;1741058711679;1502
2;1741058713631;1345
3;1741058715901;1593
1;1741058715919;1470
2;1741058716031;1346
0;1741058716879;1503
3;1741058720820;1594
2;1741058721097;1347
1;1741058723887;1471
0;1741058724671;1504
3;1741058725845;1595
1;1741058725920;1472
0;1741058726127;1505
2;1741058726559;1348
3;1741058730885;1596
0;1741058730933;1506
2;1741058731054;1349
1;1741058734206;1473
3;1741058735828;1597
2;1741058736510;1350
0;1741058736606;1507
3;1741058740851;1598
2;1741058743966;1351
1;1741058744221;1474
0;1741058744238;1508
3;1741058745876;1599
0;1741058746045;1509
2;1741058746333;1352
1;1741058749613;1475
3;1741058750861;1600
2;1741058751341;1353
0;1741058753149;1510
1;1741058754077;1476
3;1741058755875;1601
0;1741058755901;1511
1;1741058756973;1477
2;1741058759325;1354
3;1741058760867;1602
0;1741058761415;1512
1;1741058762990;1478
2;1741058763902;1355
3;1741058765900;1603
1;1741058765932;1479
0;1741058766267;1513
2;1741058766428;1356
3;1741058770833;1604
1;1741058770870;1480
2;1741058770972;1357
0;1741058772012;1514
3;1741058775858;1605
0;1741058775883;1515
1;1741058776155;1481
2;1741058778828;1358
3;1741058780833;1606
1;1741058780942;1482
0;1741058781115;1516
2;1741058783851;1359
3;1741058785889;1607
1;1741058785926;1483
0;1741058786091;1517
2;1741058788235;1360
3;1741058790849;1608
1;1741058791083;1484
0;1741058791355;1518
3;1741058795824;1609
1;1741058795974;1485
0;1741058796363;1519
2;1741058798298;1361
3;1741058800866;1610
0;1741058800938;1520
2;1741058803874;1362
1;1741058804266;1486
3;1741058805839;1611
0;1741058805914;1521
1;1741058806058;1487
2;1741058806218;1363
3;1741058810912;1612
2;1741058812934;1364
0;1741058813593;1522
1;1741058814361;1488
3;1741058815823;1613
1;1741058816073;1489
0;1741058816233;1523
2;1741058818185;1365
3;1741058820831;1614
2;1741058821177;1366
0;1741058823817;1524
1;1741058824089;1490
3;1741058825854;1615
1;1741058826088;1491
0;1741058826312;1525
2;1741058828136;1367
3;1741058830973;1616
2;1741058831240;1368
0;1741058833720;1526
1;1741058834024;1492
3;1741058835869;1617
2;1741058836600;1369
0;1741058836712;1527
1;1741058838104;1493
3;1741058840831;1618
0;1741058840995;1528
2;1741058843959;1370
1;1741058844071;1494
3;1741058845821;1619
0;1741058846119;1529
3;1741058850843;1620
1;1741058850935;1495
2;1741058851143;1371
0;1741058851591;1530
3;1741058855894;1621
0;1741058856139;1531
1;1741058857927;1496
2;1741058858327;1372
3;1741058860844;1622
0;1741058860870;1532
2;1741058861094;1373
1;1741058861250;1497
3;1741058865852;1623
0;1741058866486;1533
1;1741058868790;1498
3;1741058870875;1624
0;1741058870933;1534
2;1741058871109;1374
1;1741058871941;1499
3;1741058875864;1625
2;1741058876133;1375
1;1741058876413;1500
0;1741058876709;1535
3;1741058880867;1626
0;1741058881077;1536
1;1741058884053;1501
3;1741058885892;1627
0;1741058886101;1537
2;1741058888165;1376
1;1741058888805;1502
3;1741058890826;1628
1;1741058890900;1503
0;1741058891124;1538
3;1741058895855;1629
2;1741058896868;1377
1;1741058898196;1504
3;1741058900890;1630
0;1741058900947;1539
2;1741058901277;1378
1;1741058901428;1505
3;1741058905833;1631
0;1741058906387;1540
2;1741058908803;1379
3;1741058910841;1632
2;1741058911283;1380
0;1741058911571;1541
3;1741058915865;1633
1;1741058916195;1506
0;1741058916323;1542
2;1741058918739;1381
3;1741058920873;1634
0;1741058920909;1543
1;1741058921298;1507
3;1741058925911;1635
0;1741058926002;1544
2;1741058928210;1382
1;1741058928770;1508
3;1741058930824;1636
2;1741058933538;1383
0;1741058933922;1545
3;1741058935832;1637
1;1741058935921;1509
0;1741058936033;1546
2;1741058936130;1384
3;1741058940920;1638
2;1741058941313;1385
0;1741058943425;1547
1;1741058943857;1510
3;1741058945834;1639
0;1741058945985;1548
2;1741058948097;1386
1;1741058949009;1511
3;1741058950871;1640
0;1741058950961;1549
1;1741058953520;1512
2;1741058953649;1387
3;1741058955831;1641
0;1741058955952;1550
1;1741058958032;1513
2;1741058958145;1388
3;1741058960871;1642
0;1741058961168;1551
2;1741058961296;1389
1;1741058963936;1514
3;1741058965845;1643
0;1741058965904;1552
2;1741058966128;1390
1;1741058966351;1515
3;1741058970821;1644
2;1741058971408;1391
1;1741058973311;1516
3;1741058975831;1645
1;1741058975991;1517
0;1741058976160;1553
2;1741058976273;1392
3;1741058980838;1646
0;1741058980911;1554
2;1741058981093;1393
1;1741058981231;1518
3;1741058985845;1647
1;1741058985882;1519
2;1741058986223;1394
0;1741058986287;1555
3;1741058990822;1648
0;1741058991247;1556
3;1741058995844;1649
2;1741058996158;1395
0;1741058996558;1557
1;1741058998798;1520
3;1741059000868;1650
1;1741059000997;1521
2;1741059003309;1396
0;1741059004238;1558
3;1741059005828;1651
2;1741059006253;1397
1;1741059006445;1522
3;1741059010837;1652
0;1741059010989;1559
2;1741059013102;1398
3;1741059015826;1653
0;1741059016077;1560
2;1741059016349;1399
1;1741059018861;1523
3;1741059020861;1654
0;1741059021373;1561
2;1741059023132;1400
3;1741059025920;1655
1;1741059026252;1524
0;1741059026300;1562
2;1741059028124;1401
3;1741059030834;1656
0;1741059030941;1563
2;1741059032924;1402
3;1741059035825;1657
0;1741059035931;1564
1;1741059036051;1525
3;1741059040833;1658
2;1741059043691;1403
3;1741059045874;1659
1;1741059046059;1526
0;1741059046395;1565
3;1741059050892;1660
0;1741059051291;1566
1;1741059053830;1527
3;1741059055856;1661
1;1741059056074;1528
0;1741059056161;1567
2;1741059058170;1404
3;1741059060864;1662
2;1741059060938;1405
1;1741059061210;1529
0;1741059063242;1568
3;1741059065872;1663
1;1741059066052;1530
0;1741059066154;1569
2;1741059068633;1406
3;1741059070945;1664
0;1741059071066;1570
1;1741059071234;1531
3;1741059075824;1665
2;1741059076089;1407
0;1741059078153;1571
1;1741059078745;1532
3;1741059080846;1666
2;1741059080969;1408
1;1741059081161;1533
0;1741059081385;1572
3;1741059085823;1667
0;1741059086089;1573
2;1741059086744;1409
1;1741059088936;1534
3;1741059090832;1668
2;1741059091561;1410
3;1741059095823;1669
1;1741059096056;1535
0;1741059096936;1574
3;1741059100829;1670
1;1741059104023;1536
3;1741059105863;1671
2;1741059106007;1411
0;1741059108151;1575
1;1741059108983;1537
3;1741059110879;1672
2;1741059111383;1412
0;1741059111591;1576
3;1741059115885;1673
1;1741059116049;1538
2;1741059118119;1413
0;1741059118230;1577
3;1741059120861;1674
0;1741059121078;1578
1;1741059123778;1539
2;1741059123974;1414
3;1741059125864;1675
0;1741059126150;1579
1;1741059127974;1540
2;1741059128542;1415
3;1741059130828;1676
0;1741059133013;1580
1;1741059133637;1541
3;1741059135867;1677
0;1741059136069;1581
1;1741059136502;1542
2;1741059138133;1416
3;1741059140844;1678
0;1741059140933;1582
1;1741059141285;1543
2;1741059141438;1417
3;1741059145835;1679
0;1741059146009;1583
3;1741059150827;1680
0;1741059150934;1584
1;1741059151062;1544
2;1741059151382;1418
3;1741059155913;1681
0;1741059156036;1585
2;1741059156628;1419
1;1741059157940;1545
3;1741059160826;1682
0;1741059160997;1586
2;1741059163093;1420
1;1741059163973;1546
3;1741059165913;1683
0;1741059166021;1587
2;1741059166085;1421
1;1741059168132;1547
3;1741059170826;1684
0;1741059173151;1588
1;1741059173604;1548
2;1741059174020;1422
3;1741059175833;1685
0;1741059175971;1589
1;1741059177955;1549
2;1741059178602;1423
3;1741059180824;1686
0;1741059182974;1590
1;1741059184035;1550
3;1741059185832;1687
1;1741059186130;1551
0;1741059186226;1591
2;1741059188786;1424
3;1741059190839;1688
1;1741059191149;1552
0;1741059191634;1592
2;1741059194034;1425
3;1741059195847;1689
0;1741059195923;1593
2;1741059196018;1426
1;1741059196290;1553
3;1741059200899;1690
1;1741059201135;1554
0;1741059201475;1594
2;1741059203459;1427
3;1741059205878;1691
0;1741059206166;1595
2;1741059206577;1428
1;1741059209105;1555
3;1741059210823;1692
1;1741059211089;1556
0;1741059211313;1596
2;1741059213873;1429
3;1741059215830;1693
0;1741059216068;1597
1;1741059216246;1557
3;1741059220822;1694
2;1741059224096;1430
3;1741059225904;1695
2;1741059226064;1431
0;1741059226209;1598
1;1741059229136;1558
3;1741059230837;1696
0;1741059231231;1599
1;1741059233743;1559
2;1741059233888;1432
3;1741059235855;1697
0;1741059236319;1600
2;1741059238223;1433
1;1741059238399;1560
3;1741059240869;1698
0;1741059241263;1601
1;1741059243183;1561
3;1741059245844;1699
0;1741059245903;1602
1;1741059246144;1562
2;1741059248416;1434
3;1741059250836;1700
0;1741059251474;1603
2;1741059253838;1435
1;1741059254334;1563
3;1741059255876;1701
1;1741059256079;1564
2;1741059256271;1436
0;1741059256443;1604
3;1741059260820;1702
1;1741059260909;1565
0;1741059261054;1605
2;1741059263133;1437
3;1741059265827;1703
2;1741059266269;1438
0;1741059268925;1606
1;1741059269053;1566
3;1741059270836;1704
0;1741059271021;1607
2;1741059273293;1439
1;1741059273869;1567
3;1741059275827;1705
1;1741059276366;1568
2;1741059278046;1440
0;1741059278126;1608
3;1741059280834;1706
0;1741059281084;1609
1;1741059283980;1569
3;1741059285827;1707
0;1741059286108;1610
1;1741059286412;1570
3;1741059290859;1708
2;1741059291724;1441
0;1741059291868;1611
1;1741059294027;1571
3;1741059295826;1709
1;1741059296091;1572
0;1741059296940;1612
2;1741059298235;1442
3;1741059300907;1710
0;1741059301195;1613
2;1741059301627;1443
1;1741059303323;1573
3;1741059305839;1711
1;1741059306059;1574
0;1741059306619;1614
3;1741059310837;1712
2;1741059311754;1444
0;1741059312922;1615
1;1741059314314;1575
3;1741059315873;1713
1;1741059315914;1576
0;1741059316406;1616
2;1741059317882;1445
3;1741059320866;1714
0;1741059321507;1617
1;1741059323099;1577
2;1741059323267;1446
3;1741059325856;1715
0;1741059326186;1618
2;1741059328154;1447
1;1741059328278;1578
3;1741059330832;1716
0;1741059331051;1619
2;1741059331371;1448
1;1741059333867;1579
3;1741059335856;1717
0;1741059336106;1620
2;1741059338206;1449
1;1741059339322;1580
3;1741059340830;1718
2;1741059341913;1450
1;1741059343177;1581
0;1741059343245;1621
3;1741059345838;1719
0;1741059345912;1622
2;1741059348648;1451
3;1741059350862;1720
2;1741059351160;1452
0;1741059351720;1623
1;1741059354344;1582
3;1741059355836;1721
0;1741059355880;1624
2;1741059356000;1453
1;1741059356136;1583
3;1741059360860;1722
0;1741059361176;1625
1;1741059361416;1584
3;1741059365865;1723
2;1741059366055;1454
0;1741059368375;1626
1;1741059368983;1585
3;1741059370829;1724
1;1741059370903;1586
0;1741059371175;1627
2;1741059373095;1455
3;1741059375853;1725
0;1741059376022;1628
1;1741059376743;1587
2;1741059378214;1456
3;1741059380829;1726
1;1741059381238;1588
0;1741059383638;1629
3;1741059385868;1727
0;1741059386150;1630
2;1741059386278;1457
1;1741059389094;1589
3;1741059390828;1728
0;1741059391404;1631
3;1741059396643;1729
1;1741059396901;1590
2;1741059399477;1458
0;1741059399829;1632
3;1741059400827;1730
0;1741059400965;1633
2;1741059403749;1459
1;1741059403877;1591
3;1741059405835;1731
0;1741059406009;1634
1;1741059406205;1592
2;1741059408949;1460
3;1741059410841;1732
0;1741059410878;1635
1;1741059411397;1593
2;1741059413732;1461
3;1741059415834;1733
1;1741059415972;1594
0;1741059416132;1636
2;1741059417956;1462
3;1741059420827;1734
0;1741059421156;1637
2;1741059423028;1463
1;1741059423144;1595
3;1741059425859;1735
0;1741059426001;1638
2;1741059428739;1464
1;1741059429124;1596
3;1741059430889;1736
1;1741059431406;1597
0;1741059431811;1639
2;1741059433795;1465
3;1741059435832;1737
0;1741059436035;1640
1;1741059438803;1598
3;1741059440825;1738
2;1741059441045;1466
0;1741059441187;1641
1;1741059444082;1599
1;1741059445874;1600
3;1741059445886;1739
2;1741059446050;1467
0;1741059446562;1642
3;1741059450823;1740
0;1741059451000;1643
1;1741059451234;1601
3;1741059455832;1741
1;1741059456098;1602
0;1741059456306;1644
2;1741059458626;1468
3;1741059460823;1742
2;1741059463789;1469
0;1741059463905;1645
1;1741059464122;1603
3;1741059465831;1743
1;1741059468113;1604
3;1741059470823;1744
0;1741059471058;1646
2;1741059473915;1470
1;1741059474610;1605
3;1741059475879;1745
0;1741059476346;1647
1;1741059478178;1606
3;1741059480822;1746
2;1741059481190;1471
0;1741059483232;1648
1;1741059484288;1607
3;1741059485831;1747
0;1741059486000;1649
1;1741059488176;1608
2;1741059488384;1472
3;1741059490869;1748
0;1741059491092;1650
1;1741059491568;1609
3;1741059495861;1749
0;1741059495951;1651
1;1741059496015;1610
2;1741059498975;1473
3;1741059500838;1750
0;1741059501343;1652
2;1741059503279;1474
1;1741059504223;1611
3;1741059505875;1751
1;1741059506431;1612
0;1741059506575;1653
2;1741059508670;1475
3;1741059510837;1752
1;1741059511351;1613
0;1741059511534;1654
3;1741059515887;1753
0;1741059516218;1655
3;1741059520867;1754
1;1741059521085;1614
0;1741059521758;1656
2;1741059523902;1476
3;1741059525826;1755
0;1741059526191;1657
1;1741059528174;1615
2;1741059528319;1477
3;1741059530835;1756
0;1741059531006;1658
2;1741059533774;1478
3;1741059535875;1757
0;1741059535934;1659
2;1741059538558;1479
3;1741059540855;1758
0;1741059541132;1660
2;1741059543852;1480
1;1741059543964;1616
3;1741059545841;1759
0;1741059545916;1661
1;1741059546044;1617
3;1741059550833;1760
0;1741059551597;1662
1;1741059552989;1618
3;1741059555875;1761
1;1741059555979;1619
0;1741059556188;1663
2;1741059558923;1481
3;1741059560850;1762
1;1741059561032;1620
0;1741059561579;1664
2;1741059563067;1482
3;1741059565825;1763
0;1741059566347;1665
2;1741059568219;1483
3;1741059570832;1764
2;1741059571034;1484
0;1741059571371;1666
1;1741059573898;1621
3;1741059575825;1765
2;1741059577898;1485
0;1741059578234;1667
1;1741059578506;1622
3;1741059580832;1766
0;1741059581306;1668
1;1741059583306;1623
2;1741059584282;1486
3;1741059585822;1767
0;1741059585946;1669
2;1741059588249;1487
1;1741059589215;1624
3;1741059590859;1768
2;1741059591124;1488
0;1741059591378;1670
1;1741059594137;1625
3;1741059595872;1769
0;1741059595908;1671
1;1741059596426;1626
2;1741059598858;1489
3;1741059600830;1770
0;1741059600905;1672
1;1741059604216;1627
3;1741059605822;1771
0;1741059607257;1673
2;1741059609096;1490
1;1741059609336;1628
3;1741059610831;1772
1;1741059614072;1629
0;1741059614232;1674
3;1741059615838;1773
0;1741059615902;1675
1;1741059616040;1630
2;1741059618200;1491
3;1741059620879;1774
1;1741059620914;1631
0;1741059621304;1676
2;1741059623943;1492
3;1741059625821;1775
0;1741059626151;1677
1;1741059629431;1632
3;1741059630876;1776
1;1741059631144;1633
0;1741059631400;1678
3;1741059635821;1777
2;1741059636007;1493
0;1741059639480;1679
1;1741059639687;1634
3;1741059640829;1778
2;1741059641286;1494
0;1741059641510;1680
1;1741059644422;1635
3;1741059645820;1779
1;1741059646182;1636
0;1741059646358;1681
3;1741059650828;1780
1;1741059651008;1637
0;1741059651510;1682
3;1741059655836;1781
0;1741059655930;1683
1;1741059656245;1638
3;1741059660860;1782
1;1741059660965;1639
0;1741059661205;1684
3;1741059665853;1783
1;1741059666126;1640
0;1741059666212;1685
3;1741059670842;1784
0;1741059670884;1686
1;1741059671429;1641
3;1741059675834;1785
2;1741059675940;1495
1;1741059676052;1642
0;1741059676804;1687
3;1741059680858;1786
0;1741059681124;1688
2;1741059683187;1496
1;1741059684068;1643
3;1741059685849;1787
0;1741059685923;1689
2;1741059686163;1497
1;1741059686260;1644
3;1741059690826;1788
0;1741059691060;1690
1;1741059693299;1645
2;1741059693963;1498
3;1741059695848;1789
0;1741059695939;1691
2;1741059699010;1499
1;1741059699059;1646
3;1741059700872;1790
0;1741059700931;1692
1;1741059701027;1647
2;1741059701506;1500
3;1741059705847;1791
0;1741059706018;1693
2;1741059708306;1501
1;1741059709010;1648
3;1741059710839;1792
0;1741059710930;1694
2;1741059711282;1502
1;1741059713186;1649
3;1741059715831;1793
1;1741059715954;1650
0;1741059716194;1695
2;1741059718097;1503
3;1741059720823;1794
1;1741059723201;1651
0;1741059724129;1696
3;1741059725831;1795
0;1741059726833;1697
1;1741059726859;1652
3;1741059730838;1796
1;1741059734130;1653
0;1741059734162;1698
3;1741059735847;1797
0;1741059738162;1699
2;1741059738369;1504
1;1741059739266;1654
3;1741059740822;1798
0;1741059741057;1700
2;1741059743057;1505
1;1741059743985;1655
3;1741059745903;1799
0;1741059745952;1701
1;1741059746256;1656
3;1741059750902;1800
2;1741059753248;1506
1;1741059753808;1657
3;1741059755869;1801
0;1741059755936;1702
1;1741059756052;1658
2;1741059758688;1507
3;1741059760884;1802
0;1741059760975;1703
1;1741059761247;1659
2;1741059763551;1508
3;1741059765829;1803
0;1741059766159;1704
1;1741059768910;1660
3;1741059770868;1804
0;1741059771040;1705
1;1741059771328;1661
3;1741059775876;1805
0;1741059775934;1706
1;1741059776030;1662
2;1741059778958;1509
3;1741059780865;1806
0;1741059780902;1707
1;1741059781710;1663
2;1741059783486;1510
3;1741059785860;1807
1;1741059786173;1664
0;1741059786861;1708
2;1741059789342;1511
3;1741059790884;1808
0;1741059790918;1709
2;1741059791183;1512
1;1741059793389;1665
3;1741059795826;1809
0;1741059796061;1710
1;1741059798093;1666
2;1741059798221;1513
3;1741059800883;1810
1;1741059801053;1667
0;1741059801222;1711
2;1741059801325;1514
3;1741059805906;1811
1;1741059806053;1668
2;1741059806125;1515
0;1741059806295;1712
3;1741059810859;1812
0;1741059811485;1713
1;1741059813965;1669
3;1741059815825;1813
0;1741059815935;1714
1;1741059819675;1670
3;1741059820834;1814
0;1741059821035;1715
2;1741059822891;1516
1;1741059823211;1671
3;1741059825840;1815
0;1741059826347;1716
1;1741059829658;1672
3;1741059830880;1816
0;1741059830938;1717
2;1741059831115;1517
1;1741059831403;1673
3;1741059835825;1817
0;1741059836202;1718
1;1741059838986;1674
3;1741059840922;1818
1;1741059840970;1675
0;1741059842970;1719
3;1741059845855;1819
1;1741059845898;1676
0;1741059846025;1720
2;1741059846154;1518
3;1741059850880;1820
1;1741059850905;1677
2;1741059851017;1519
0;1741059851593;1721
3;1741059855823;1821
0;1741059856074;1722
1;1741059856169;1678
3;1741059860847;1822
0;1741059860921;1723
2;1741059861113;1520
1;1741059861353;1679
3;1741059865839;1823
0;1741059865952;1724
1;1741059866089;1680
2;1741059868265;1521
3;1741059870831;1824
0;1741059871368;1725
1;1741059874184;1681
2;1741059874344;1522
3;1741059875854;1825
2;1741059876152;1523
0;1741059878136;1726
1;1741059879016;1682
3;1741059880845;1826
0;1741059880984;1727
2;1741059882887;1524
1;1741059883943;1683
3;1741059885821;1827
0;1741059886375;1728
2;1741059887015;1525
1;1741059888775;1684
3;1741059890908;1828
0;1741059891063;1729
2;1741059894119;1526
1;1741059894407;1685
3;1741059895820;1829
0;1741059896294;1730
1;1741059898760;1686
3;1741059900828;1830
1;1741059901110;1687
0;1741059901686;1731
2;1741059903975;1527
3;1741059905900;1831
0;1741059905974;1732
1;1741059906118;1688
2;1741059906262;1528
3;1741059910877;1832
0;1741059910903;1733
2;1741059910956;1529
1;1741059911510;1689
3;1741059915867;1833
1;1741059917926;1690
3;1741059920829;1834
0;1741059923221;1734
1;1741059924277;1691
3;1741059925836;1835
0;1741059925893;1735
2;1741059926053;1530
1;1741059926357;1692
3;1741059930841;1836
0;1741059930916;1736
1;1741059931188;1693
2;1741059931300;1531
3;1741059935834;1837
0;1741059936118;1737
1;1741059936277;1694
3;1741059940826;1838
0;1741059941204;1738
1;1741059944116;1695
2;1741059944164;1532
3;1741059945859;1839
0;1741059945988;1739
1;1741059947923;1696
2;1741059948772;1533
3;1741059950890;1840
0;1741059950979;1740
1;1741059951123;1697
2;1741059951619;1534
3;1741059955865;1841
1;1741059956035;1698
0;1741059956099;1741
2;1741059956419;1535
3;1741059960824;1842
0;1741059961092;1742
1;1741059961380;1699
3;1741059965860;1843
2;1741059966482;1536
1;1741059969378;1700
3;1741059970839;1844
0;1741059971123;1743
1;1741059973939;1701
3;1741059975831;1845
1;1741059976051;1702
0;1741059976947;1744
3;1741059980823;1846
1;1741059983249;1703
0;1741059983585;1745
3;1741059985831;1847
1;1741059988993;1704
3;1741059990855;1848
1;1741059990962;1705
0;1741059991170;1746
2;1741059992984;1537
3;1741059995846;1849
1;1741059996018;1706
0;1741059996497;1747
3;1741060000854;1850
0;1741060000903;1748
2;1741060003968;1538
1;1741060004144;1707
3;1741060005862;1851
0;1741060005888;1749
1;1741060006032;1708
2;1741060006336;1539
3;1741060010900;1852
0;1741060010937;1750
2;1741060011440;1540
1;1741060014255;1709
3;1741060015829;1853
0;1741060015967;1751
2;1741060018815;1541
1;1741060019087;1710
3;1741060020837;1854
0;1741060020867;1752
1;1741060021055;1711
3;1741060025829;1855
0;1741060027870;1753
1;1741060028190;1712
2;1741060028783;1542
3;1741060030821;1856
0;1741060031111;1754
2;1741060032974;1543
3;1741060035908;1857
2;1741060038638;1544
1;1741060039230;1713
3;1741060040851;1858
0;1741060041102;1755
1;1741060044061;1714
3;1741060045827;1859
2;1741060045997;1545
0;1741060046179;1756
1;1741060048175;1715
3;1741060050866;1860
0;1741060051967;1757
2;1741060053133;1546
1;1741060053741;1716
3;1741060055827;1861
2;1741060056108;1547
0;1741060058300;1758
1;1741060058701;1717
3;1741060060835;1862
1;1741060060924;1718
0;1741060061294;1759
3;1741060065842;1863
1;1741060065900;1719
2;1741060066013;1548
0;1741060066797;1760
3;1741060070849;1864
0;1741060070924;1761
1;1741060071100;1720
2;1741060071148;1549
3;1741060075915;1865
0;1741060075921;1762
1;1741060076187;1721
2;1741060076667;1550
3;1741060080833;1866
1;1741060080971;1722
0;1741060081083;1763
2;1741060083883;1551
3;1741060085874;1867
1;1741060085915;1723
0;1741060086171;1764
2;1741060088187;1552
3;1741060090833;1868
1;1741060090935;1724
0;1741060091101;1765
3;1741060095840;1869
0;1741060096010;1766
1;1741060096102;1725
2;1741060098186;1553
3;1741060100864;1870
1;1741060100922;1726
2;1741060101114;1554
0;1741060101651;1767
3;1741060105904;1871
1;1741060106026;1727
2;1741060106154;1555
0;1741060106297;1768
3;1741060110848;1872
0;1741060110921;1769
2;1741060111017;1556
1;1741060111101;1728
3;1741060115823;1873
2;1741060116155;1557
0;1741060116249;1770
3;1741060120927;1874
1;1741060121033;1729
0;1741060121209;1771
3;1741060125837;1875
2;1741060126184;1558
0;1741060126424;1772
1;1741060129304;1730
3;1741060130831;1876
0;1741060131208;1773
2;1741060133144;1559
1;1741060134533;1731
3;1741060135855;1877
0;1741060135898;1774
1;1741060136008;1732
2;1741060139048;1560
0;1741060140872;1775
3;1741060140881;1878
1;1741060141099;1733
2;1741060143671;1561
3;1741060145854;1879
2;1741060146007;1562
0;1741060146215;1776
1;1741060149075;1734
3;1741060150846;1880
0;1741060151138;1777
1;1741060151158;1735
2;1741060153783;1563
3;1741060155822;1881
2;1741060156251;1564
1;1741060158167;1736
0;1741060159110;1778
3;1741060160830;1882
1;1741060161062;1737
0;1741060161206;1779
3;1741060165836;1883
1;1741060165990;1738
0;1741060166182;1780
3;1741060170888;1884
0;1741060170934;1781
2;1741060171222;1565
1;1741060171750;1739
3;1741060175835;1885
0;1741060175925;1782
1;1741060176117;1740
2;1741060176389;1566
3;1741060180873;1886
1;1741060180997;1741
0;1741060181509;1783
3;1741060185834;1887
0;1741060185909;1784
1;1741060186038;1742
2;1741060186117;1567
3;1741060190827;1888
1;1741060190949;1743
0;1741060191268;1785
2;1741060193236;1568
3;1741060195834;1889
0;1741060196116;1786
1;1741060196260;1744
2;1741060198244;1569
3;1741060200825;1890
1;1741060203044;1745
2;1741060203988;1570
3;1741060205897;1891
1;1741060206036;1746
0;1741060206164;1787
2;1741060206451;1571
3;1741060210825;1892
1;1741060210955;1747
0;1741060211027;1788
2;1741060214019;1572
3;1741060215836;1893
2;1741060218291;1573
1;1741060219059;1748
3;1741060220840;1894
0;1741060221490;1789
1;1741060221506;1749
2;1741060223826;1574
3;1741060225831;1895
0;1741060226050;1790
1;1741060226834;1750
3;1741060230903;1896
1;1741060230994;1751
2;1741060231138;1575
0;1741060231298;1791
3;1741060235832;1897
0;1741060236018;1792
2;1741060238253;1576
1;1741060238674;1752
3;1741060240824;1898
2;1741060241041;1577
0;1741060241316;1793
1;1741060244753;1753
3;1741060245879;1899
1;1741060246017;1754
0;1741060246129;1794
2;1741060246305;1578
3;1741060250822;1900
1;1741060251025;1755
0;1741060251361;1795
3;1741060255926;1901
0;1741060256069;1796
1;1741060256320;1756
2;1741060256672;1579
3;1741060260822;1902
2;1741060261088;1580
1;1741060263616;1757
0;1741060264192;1797
3;1741060265845;1903
1;1741060266209;1758
2;1741060268849;1581
3;1741060270870;1904
0;1741060270967;1798
1;1741060271137;1759
3;1741060275830;1905
2;1741060276081;1582
0;1741060278113;1799
1;1741060278849;1760
3;1741060280853;1906
0;1741060280933;1800
1;1741060281007;1761
2;1741060281279;1583
3;1741060285830;1907
0;1741060287007;1801
2;1741060288271;1584
1;1741060289022;1762
3;1741060290821;1908
0;1741060290977;1802
2;1741060291182;1585
1;1741060293134;1763
3;1741060295828;1909
0;1741060296174;1803
1;1741060298110;1764
2;1741060298910;1586
3;1741060300867;1910
1;1741060301054;1765
0;1741060301150;1804
3;1741060305842;1911
0;1741060306416;1805
1;1741060308061;1766
3;1741060310930;1912
0;1741060310973;1806
1;1741060311165;1767
3;1741060315875;1913
2;1741060316174;1587
0;1741060316302;1807
3;1741060320882;1914
0;1741060320972;1808
2;1741060321280;1588
1;1741060324013;1768
3;1741060325840;1915
2;1741060325948;1589
0;1741060326108;1809
1;1741060326412;1769
3;1741060330833;1916
0;1741060330908;1810
1;1741060331036;1770
2;1741060331244;1590
3;1741060335825;1917
0;1741060335996;1811
1;1741060336203;1771
3;1741060340847;1918
0;1741060341035;1812
1;1741060341275;1772
2;1741060343755;1591
3;1741060345872;1919
0;1741060345950;1813
2;1741060346091;1592
1;1741060346491;1773
3;1741060350864;1920
0;1741060350938;1814
2;1741060353994;1593
1;1741060354298;1774
3;1741060355824;1921
0;1741060356154;1815
1;1741060358186;1775
2;1741060358922;1594
3;1741060360833;1922
0;1741060361122;1816
2;1741060363114;1595
1;1741060363322;1776
3;1741060365883;1923
0;1741060366074;1817
1;1741060366293;1777
3;1741060370832;1924
0;1741060371097;1818
2;1741060371417;1596
1;1741060373177;1778
0;1741060375881;1819
3;1741060375891;1925
1;1741060376188;1779
2;1741060376633;1597
3;1741060380919;1926
0;1741060380926;1820
2;1741060380985;1598
1;1741060383817;1780
3;1741060385838;1927
0;1741060386376;1821
2;1741060387896;1599
1;1741060388904;1781
3;1741060390894;1928
0;1741060391000;1822
2;1741060391480;1600
1;1741060393256;1782
3;1741060395853;1929
0;1741060395976;1823
2;1741060398696;1601
1;1741060399384;1783
3;1741060400829;1930
2;1741060401237;1602
0;1741060403271;1824
1;1741060403992;1784
3;1741060405853;1931
1;1741060405935;1785
2;1741060406055;1603
0;1741060406295;1825
3;1741060410831;1932
2;1741060411463;1604
0;1741060413127;1826
1;1741060413607;1786
3;1741060415979;1933
2;1741060418104;1605
1;1741060419304;1787
3;1741060420846;1934
0;1741060421206;1827
2;1741060423126;1606
1;1741060423170;1788
3;1741060425819;1935
2;1741060426006;1607
3;1741060430843;1936
0;1741060431174;1828
1;1741060431414;1789
2;1741060433077;1608
3;1741060435834;1937
2;1741060436917;1609
1;1741060438261;1790
3;1741060440827;1938
1;1741060441170;1791
0;1741060441317;1829
3;1741060445858;1939
0;1741060446837;1830
1;1741060448853;1792
3;1741060450826;1940
0;1741060451349;1831
2;1741060452964;1610
1;1741060453348;1793
3;1741060455883;1941
1;1741060455940;1794
2;1741060456036;1611
0;1741060456182;1832
3;1741060460842;1942
1;1741060460916;1795
0;1741060461860;1833
2;1741060462980;1612
3;1741060465833;1943
2;1741060468099;1613
0;1741060468915;1834
1;1741060469219;1796
3;1741060470873;1944
2;1741060471123;1614
1;1741060474195;1797
3;1741060475833;1945
0;1741060476547;1835
2;1741060478851;1615
3;1741060480825;1946
2;1741060481331;1616
1;1741060484178;1798
3;1741060485879;1947
1;1741060486242;1799
2;1741060486773;1617
3;1741060490872;1948
0;1741060491074;1836
2;1741060493763;1618
1;1741060494643;1800
3;1741060495831;1949
2;1741060496017;1619
0;1741060496498;1837
1;1741060499282;1801
3;1741060500887;1950
0;1741060500993;1838
2;1741060501075;1620
1;1741060503138;1802
3;1741060505835;1951
0;1741060506113;1839
2;1741060508209;1621
3;1741060510902;1952
1;1741060511004;1803
0;1741060511153;1840
2;1741060511361;1622
3;1741060515831;1953
0;1741060515978;1841
1;1741060516865;1804
2;1741060518336;1623
3;1741060520886;1954
1;1741060521280;1805
2;1741060522960;1624
3;1741060525829;1955
0;1741060526302;1842
1;1741060529120;1806
3;1741060530885;1956
2;1741060530960;1625
1;1741060531055;1807
0;1741060531183;1843
3;1741060535830;1957
1;1741060536410;1808
0;1741060536639;1844
2;1741060538857;1626
3;1741060540839;1958
0;1741060540873;1845
1;1741060541039;1809
2;1741060541743;1627
3;1741060545830;1959
2;1741060545998;1628
0;1741060546911;1846
1;1741060549198;1810
3;1741060550836;1960
0;1741060550910;1847
2;1741060551150;1629
1;1741060551374;1811
3;1741060555828;1961
1;1741060555966;1812
0;1741060556046;1848
2;1741060557950;1630
3;1741060560863;1962
0;1741060560986;1849
1;1741060562894;1813
3;1741060565828;1963
2;1741060566157;1631
0;1741060567997;1850
3;1741060570864;1964
0;1741060570925;1851
1;1741060573037;1814
2;1741060573965;1632
3;1741060575842;1965
0;1741060575902;1852
1;1741060576286;1815
2;1741060576862;1633
3;1741060580834;1966
0;1741060581068;1853
1;1741060581148;1816
3;1741060585827;1967
0;1741060586220;1854
2;1741060586956;1634
1;1741060589175;1817
3;1741060590834;1968
0;1741060591100;1855
1;1741060594187;1818
3;1741060595873;1969
0;1741060595918;1856
1;1741060596443;1819
2;1741060598139;1635
3;1741060600866;1970
0;1741060600923;1857
2;1741060601077;1636
1;1741060601435;1820
3;1741060605826;1971
0;1741060606267;1858
2;1741060608251;1637
1;1741060609506;1821
3;1741060610880;1972
1;1741060610924;1822
0;1741060611084;1859
2;1741060613756;1638
3;1741060615824;1973
0;1741060615985;1860
2;1741060618778;1639
1;1741060618906;1823
3;1741060620864;1974
0;1741060621205;1861
1;1741060623786;1824
3;1741060625871;1975
0;1741060626298;1862
1;1741060628218;1825
3;1741060630944;1976
2;1741060631705;1640
1;1741060633753;1826
0;1741060633913;1863
3;1741060635839;1977
2;1741060635913;1641
1;1741060638329;1827
3;1741060640831;1978
2;1741060641097;1642
0;1741060641912;1864
1;1741060643833;1828
3;1741060645823;1979
2;1741060646217;1643
1;1741060648152;1829
0;1741060648824;1865
3;1741060650879;1980
0;1741060650968;1866
1;1741060651102;1830
2;1741060651208;1644
3;1741060655889;1981
0;1741060655944;1867
1;1741060656113;1831
2;1741060658024;1645
3;1741060660845;1982
0;1741060660920;1868
1;1741060661109;1832
2;1741060663783;1646
3;1741060665853;1983
2;1741060666216;1647
0;1741060668888;1869
1;1741060669048;1833
3;1741060670877;1984
0;1741060671116;1870
1;1741060673143;1834
3;1741060675869;1985
2;1741060676167;1648
0;1741060678022;1871
3;1741060680829;1986
0;1741060681350;1872
1;1741060683254;1835
3;1741060685836;1987
1;1741060686115;1836
0;1741060686599;1873
3;1741060690922;1988
1;1741060691015;1837
0;1741060691143;1874
3;1741060695883;1989
0;1741060695965;1875
2;1741060696022;1649
1;1741060696183;1838
3;1741060700858;1990
1;1741060701135;1839
2;1741060701205;1650
0;1741060701861;1876
3;1741060705819;1991
2;1741060706370;1651
0;1741060708069;1877
1;1741060708213;1840
3;1741060710842;1992
2;1741060713828;1652
1;1741060714052;1841
3;1741060715866;1993
0;1741060715956;1878
1;1741060716164;1842
2;1741060716292;1653
3;1741060720826;1994
0;1741060721188;1879
2;1741060721860;1654
1;1741060724196;1843
3;1741060725832;1995
0;1741060726051;1880
1;1741060728899;1844
3;1741060730842;1996
0;1741060731268;1881
2;1741060731994;1655
3;1741060735960;1997
1;1741060736243;1845
0;1741060736580;1882
2;1741060738152;1656
3;1741060740871;1998
1;1741060741331;1846
0;1741060741405;1883
2;1741060743842;1657
3;1741060745849;1999
0;1741060746363;1884
2;1741060748130;1658
1;1741060748994;1847
3;1741060750888;2000
1;1741060750966;1848
2;1741060751090;1659
0;1741060751154;1885
3;1741060755865;2001
0;1741060756003;1886
2;1741060758193;1660
1;1741060759089;1849
3;1741060760825;2002
1;1741060760977;1850
0;1741060761089;1887
3;1741060765832;2003
2;1741060768161;1661
3;1741060770843;2004
0;1741060771153;1888
1;1741060774138;1851
3;1741060775845;2005
0;1741060776096;1889
2;1741060776382;1662
1;1741060779216;1852
3;1741060780871;2006
0;1741060781056;1890
2;1741060783664;1663
1;1741060784112;1853
3;1741060785829;2007
0;1741060786752;1891
1;1741060788272;1854
2;1741060789120;1664
3;1741060790880;2008
1;1741060790927;1855
0;1741060791103;1892
3;1741060795830;2009
2;1741060798095;1665
1;1741060798943;1856
0;1741060799119;1893
3;1741060800895;2010
1;1741060801135;1857
2;1741060802127;1666
0;1741060803167;1894
3;1741060805901;2011
0;1741060806112;1895
1;1741060806528;1858
2;1741060808223;1667
3;1741060810899;2012
1;1741060811664;1859
0;1741060813295;1896
3;1741060815843;2013
0;1741060816239;1897
2;1741060818239;1668
1;1741060819183;1860
3;1741060820867;2014
1;1741060821102;1861
0;1741060821902;1898
3;1741060825906;2015
0;1741060826145;1899
2;1741060828125;1669
1;1741060828858;1862
3;1741060830916;2016
0;1741060830973;1900
2;1741060833726;1670
1;1741060833854;1863
3;1741060835826;2017
1;1741060838125;1864
0;1741060838637;1901
2;1741060838861;1671
3;1741060840834;2018
0;1741060841837;1902
2;1741060843260;1672
1;1741060843518;1865
3;1741060845826;2019
2;1741060846668;1673
1;1741060848316;1866
3;1741060850833;2020
0;1741060851103;1903
2;1741060853612;1674
1;1741060854077;1867
3;1741060855839;2021
0;1741060856091;1904
1;1741060858699;1868
2;1741060858795;1675
3;1741060860833;2022
0;1741060860987;1905
1;1741060861163;1869
2;1741060861467;1676
0;1741060865867;1906
3;1741060865878;2023
2;1741060865952;1677
1;1741060866139;1870
3;1741060870832;2024
0;1741060871131;1907
2;1741060871291;1678
1;1741060873995;1871
3;1741060875855;2025
0;1741060875946;1908
1;1741060876282;1872
2;1741060878746;1679
3;1741060880895;2026
1;1741060881066;1873
0;1741060881786;1909
2;1741060882970;1680
3;1741060885824;2027
0;1741060886073;1910
1;1741060886576;1874
3;1741060890831;2028
2;1741060891049;1681
0;1741060891321;1911
3;1741060895837;2029
0;1741060895959;1912
2;1741060896218;1682
1;1741060896262;1875
3;1741060900830;2030
0;1741060901609;1913
1;1741060903912;1876
3;1741060905838;2031
0;1741060906184;1914
1;1741060908680;1877
3;1741060910829;2032
1;1741060913928;1878
0;1741060914072;1915
3;1741060915822;2033
0;1741060916009;1916
2;1741060916136;1683
1;1741060918216;1879
3;1741060920907;2034
1;1741060923832;1880
0;1741060923863;1917
3;1741060925821;2035
0;1741060926023;1918
1;1741060926423;1881
2;1741060928919;1684
3;1741060930874;2036
0;1741060930913;1919
1;1741060931623;1882
3;1741060935836;2037
0;1741060935991;1920
1;1741060936450;1883
2;1741060938262;1685
3;1741060940828;2038
0;1741060940966;1921
1;1741060941078;1884
2;1741060943190;1686
3;1741060945819;2039
2;1741060948230;1687
1;1741060948486;1885
0;1741060949078;1922
3;1741060950875;2040
0;1741060950982;1923
2;1741060953237;1688
1;1741060953845;1886
3;1741060955866;2041
1;1741060956085;1887
0;1741060956645;1924
2;1741060958229;1689
3;1741060960843;2042
0;1741060960986;1925
1;1741060962901;1888
3;1741060965833;2043
0;1741060965925;1926
2;1741060966037;1690
1;1741060966309;1889
3;1741060970826;2044
0;1741060973158;1927
2;1741060973706;1691
1;1741060974150;1890
3;1741060975833;2045
0;1741060975989;1928
1;1741060976421;1891
2;1741060979013;1692
3;1741060980930;2046
0;1741060981493;1929
2;1741060983413;1693
1;1741060984053;1892
3;1741060985831;2047
0;1741060985892;1930
2;1741060987957;1694
3;1741060990898;2048
0;1741060990908;1931
1;1741060990995;1893
2;1741060991043;1695
3;1741060995832;2049
0;1741060996339;1932
1;1741060996435;1894
2;1741060999177;1696
3;1741061000824;2050
0;1741061000963;1933
1;1741061001331;1895
2;1741061003187;1697
3;1741061005847;2051
2;1741061007970;1698
1;1741061008754;1896
0;1741061009042;1934
3;1741061010823;2052
0;1741061014002;1935
1;1741061014146;1897
3;1741061015830;2053
2;1741061016866;1699
1;1741061018865;1898
3;1741061020823;2054
1;1741061020945;1899
0;1741061021074;1936
2;1741061023597;1700
3;1741061025846;2055
0;1741061025953;1937
1;1741061026161;1900
2;1741061026401;1701
3;1741061030821;2056
2;1741061032961;1702
1;1741061033873;1901
3;1741061035878;2057
1;1741061036208;1902
0;1741061036625;1938
3;1741061040870;2058
0;1741061040912;1939
2;1741061041216;1703
1;1741061041411;1903
3;1741061045830;2059
2;1741061046213;1704
0;1741061046272;1940
3;1741061050869;2060
0;1741061050934;1941
1;1741061051071;1904
2;1741061051167;1705
3;1741061055829;2061
2;1741061056143;1706
1;1741061058239;1905
0;1741061058351;1942
3;1741061060836;2062
0;1741061060927;1943
2;1741061061007;1707
1;1741061061247;1906
3;1741061065829;2063
0;1741061066238;1944
1;1741061068686;1907
3;1741061070868;2064
1;1741061070990;1908
0;1741061071262;1945
2;1741061073070;1708
3;1741061075939;2065
1;1741061076030;1909
0;1741061076398;1946
2;1741061078622;1709
3;1741061080836;2066
0;1741061081247;1947
1;1741061083103;1910
2;1741061083871;1710
3;1741061085842;2067
1;1741061085929;1911
0;1741061086237;1948
2;1741061086477;1711
3;1741061090867;2068
2;1741061091069;1712
0;1741061091341;1949
1;1741061094045;1912
3;1741061095843;2069
0;1741061096013;1950
1;1741061098092;1913
2;1741061098189;1713
3;1741061100875;2070
0;1741061100924;1951
2;1741061101036;1714
1;1741061101916;1914
3;1741061105875;2071
0;1741061106012;1952
2;1741061106380;1715
3;1741061110866;2072
0;1741061111068;1953
1;1741061113884;1915
3;1741061115843;2073
1;1741061115931;1916
0;1741061116219;1954
3;1741061120905;2074
1;1741061121179;1917
0;1741061123275;1955
3;1741061125873;2075
1;1741061126208;1918
2;1741061126251;1716
3;1741061130956;2076
2;1741061131659;1717
0;1741061133989;1956
1;1741061134218;1919
3;1741061135824;2077
0;1741061135978;1957
2;1741061136316;1718
1;1741061138875;1920
3;1741061140833;2078
2;1741061143610;1719
1;1741061143818;1921
0;1741061143957;1958
3;1741061145824;2079
1;1741061148121;1922
0;1741061148874;1959
3;1741061150833;2080
1;1741061150953;1923
0;1741061151353;1960
2;1741061153225;1720
3;1741061155824;2081
0;1741061155977;1961
1;1741061158938;1924
3;1741061160863;2082
1;1741061163722;1925
0;1741061163978;1962
3;1741061165839;2083
1;1741061166362;1926
0;1741061166586;1963
3;1741061170871;2084
0;1741061170934;1964
1;1741061171128;1927
2;1741061173032;1721
3;1741061175855;2085
0;1741061178776;1965
1;1741061178968;1928
3;1741061180893;2086
0;1741061181320;1966
2;1741061183271;1722
1;1741061184071;1929
3;1741061185821;2087
0;1741061186184;1967
2;1741061186376;1723
1;1741061189592;1930
3;1741061190844;2088
1;1741061190968;1931
0;1741061191880;1968
2;1741061191928;1724
3;1741061195821;2089
1;1741061196008;1932
0;1741061196322;1969
3;1741061200843;2090
0;1741061200936;1970
1;1741061201127;1933
2;1741061201495;1725
3;1741061205821;2091
0;1741061206087;1971
1;1741061206199;1934
2;1741061208055;1726
3;1741061210828;2092
0;1741061211095;1972
2;1741061213655;1727
1;1741061214135;1935
3;1741061215835;2093
0;1741061216372;1973
1;1741061218150;1936
3;1741061220875;2094
0;1741061221086;1974
2;1741061221798;1728
1;1741061223142;1937
3;1741061225834;2095
2;1741061226021;1729
0;1741061228932;1975
3;1741061230826;2096
0;1741061230932;1976
2;1741061233236;1730
1;1741061234036;1938
3;1741061235834;2097
0;1741061236228;1977
2;1741061236660;1731
1;1741061238932;1939
3;1741061240842;2098
0;1741061241001;1978
2;1741061243555;1732
1;1741061244467;1940
3;1741061245833;2099
0;1741061246147;1979
1;1741061246899;1941
2;1741061248803;1733
3;1741061250872;2100
0;1741061251059;1980
2;1741061253635;1734
1;1741061254019;1942
3;1741061255832;2101
0;1741061256083;1981
1;1741061258757;1943
3;1741061260825;2102
2;1741061261234;1735
1;1741061263106;1944
0;1741061264002;1982
3;1741061265848;2103
0;1741061265938;1983
2;1741061266754;1736
1;1741061268242;1945
3;1741061270842;2104
0;1741061270898;1984
1;1741061273922;1946
2;1741061274034;1737
3;1741061275900;2105
1;1741061276082;1947
0;1741061276705;1985
2;1741061278449;1738
3;1741061280871;2106
0;1741061280918;1986
2;1741061281009;1739
1;1741061281153;1948
3;1741061285831;2107
2;1741061286353;1740
1;1741061288225;1949
0;1741061288641;1987
3;1741061290871;2108
2;1741061290977;1741
1;1741061294128;1950
3;1741061295830;2109
0;1741061296176;1988
2;1741061296352;1742
1;1741061299104;1951
3;1741061300838;2110
2;1741061300944;1743
0;1741061301024;1989
1;1741061301200;1952
3;1741061305861;2111
1;1741061306144;1953
2;1741061308847;1744
3;1741061310837;2112
0;1741061310927;1990
1;1741061311056;1954
2;1741061311361;1745
3;1741061315829;2113
0;1741061316207;1991
1;1741061318495;1955
2;1741061319055;1746
3;1741061320853;2114
0;1741061321086;1992
1;1741061324047;1956
3;1741061325828;2115
0;1741061326110;1993
2;1741061328110;1747
1;1741061328702;1957
3;1741061330867;2116
0;1741061331166;1994
1;1741061333167;1958
3;1741061335828;2117
0;1741061336334;1995
1;1741061338302;1959
2;1741061338926;1748
3;1741061340851;2118
0;1741061340946;1996
1;1741061341102;1960
2;1741061341277;1749
3;1741061345858;2119
0;1741061345933;1997
1;1741061346014;1961
3;1741061350868;2120
1;1741061350941;1962
0;1741061351293;1998
3;1741061355827;2121
1;1741061355933;1963
0;1741061356269;1999
2;1741061358876;1750
3;1741061360851;2122
0;1741061360972;2000
1;1741061361140;1964
2;1741061361372;1751
3;1741061365841;2123
1;1741061365964;1965
0;1741061366316;2001
3;1741061370834;2124
0;1741061371004;2002
1;1741061373004;1966
2;1741061373916;1752
3;1741061375825;2125
0;1741061375963;2003
1;1741061378859;1967
3;1741061380866;2126
0;1741061381403;2004
1;1741061384027;1968
3;1741061385825;2127
0;1741061386437;2005
1;1741061388331;1969
2;1741061388683;1753
3;1741061390848;2128
0;1741061391031;2006
1;1741061391498;1970
2;1741061393834;1754
3;1741061395856;2129
1;1741061398698;1971
2;1741061398826;1755
3;1741061400847;2130
0;1741061401194;2007
1;1741061401466;1972
3;1741061405870;2131
0;1741061405905;2008
1;1741061406345;1973
3;1741061410877;2132
1;1741061410969;1974
0;1741061411161;2009
2;1741061411369;1756
3;1741061415840;2133
2;1741061415937;1757
0;1741061416006;2010
1;1741061416106;1975
3;1741061420878;2134
0;1741061421049;2011
2;1741061421769;1758
1;1741061423224;1976
3;1741061425837;2135
1;1741061426032;1977
0;1741061426184;2012
2;1741061428984;1759
3;1741061430845;2136
0;1741061430874;2013
2;1741061430984;1760
1;1741061431192;1978
3;1741061435853;2137
0;1741061435944;2014
1;1741061436184;1979
3;1741061440860;2138
0;1741061441063;2015
2;1741061443063;1761
1;1741061444263;1980
3;1741061445869;2139
0;1741061446168;2016
2;1741061448248;1762
1;1741061449112;1981
3;1741061450933;2140
1;1741061451127;1982
0;1741061452087;2017
2;1741061454294;1763
3;1741061455947;2141
1;1741061456198;1983
0;1741061456342;2018
2;1741061458790;1764
3;1741061460891;2142
0;1741061462918;2019
2;1741061463190;1765
1;1741061463878;1984
3;1741061465819;2143
0;1741061466351;2020
1;1741061467909;1985
2;1741061468134;1766
3;1741061470826;2144
1;1741061470997;1986
0;1741061471510;2021
2;1741061473798;1767
3;1741061475865;2145
0;1741061476090;2022
2;1741061478101;1768
1;1741061479045;1987
3;1741061480858;2146
0;1741061481669;2023
2;1741061483669;1769
1;1741061484501;1988
3;1741061485867;2147
0;1741061485940;2024
1;1741061486072;1989
2;1741061486186;1770
3;1741061490842;2148
0;1741061490868;2025
1;1741061490999;1990
2;1741061493092;1771
3;1741061495833;2149
1;1741061496139;1991
0;1741061496196;2026
2;1741061498196;1772
3;1741061500825;2150
0;1741061500964;2027
1;1741061503059;1992
3;1741061505865;2151
0;1741061505901;2028
1;1741061506125;1993
3;1741061510868;2152
1;1741061511066;1994
0;1741061511427;2029
2;1741061513299;1773
3;1741061515865;2153
0;1741061516099;2030
1;1741061516355;1995
3;1741061520866;2154
0;1741061521010;2031
1;1741061523778;1996
2;1741061523874;1774
3;1741061525848;2155
1;1741061526226;1997
0;1741061526274;2032
2;1741061529234;1775
3;1741061530870;2156
0;1741061530916;2033
1;1741061531122;1998
2;1741061531282;1776
3;1741061535847;2157
1;1741061535937;1999
2;1741061536177;1777
0;1741061536413;2034
3;1741061540823;2158
0;1741061540962;2035
1;1741061541345;2000
3;1741061545846;2159
1;1741061546076;2001
0;1741061546914;2036
2;1741061548610;1778
3;1741061550822;2160
0;1741061551345;2037
3;1741061555831;2161
1;1741061556181;2002
0;1741061556576;2038
2;1741061558096;1779
3;1741061560823;2162
0;1741061561168;2039
2;1741061564164;1780
3;1741061565829;2163
0;1741061565991;2040
1;1741061566576;2003
3;1741061570853;2164
0;1741061570959;2041
2;1741061573257;1781
1;1741061573919;2004
3;1741061575829;2165
1;1741061575951;2005
0;1741061576127;2042
2;1741061578512;1782
3;1741061580869;2166
0;1741061580926;2043
1;1741061581102;2006
2;1741061583854;1783
3;1741061585861;2167
0;1741061585897;2044
1;1741061586019;2007
2;1741061586366;1784
3;1741061590852;2168
1;1741061591070;2008
2;1741061591326;1785
0;1741061593134;2045
3;1741061595844;2169
0;1741061595982;2046
1;1741061596069;2009
2;1741061596413;1786
3;1741061600820;2170
0;1741061601181;2047
1;1741061601924;2010
2;1741061603197;1787
3;1741061605827;2171
0;1741061606045;2048
1;1741061606749;2011
1;1741061610957;2012
3;1741061610966;2172
0;1741061611309;2049
2;1741061613501;1788
3;1741061615875;2173
1;1741061616124;2013
3;1741061620835;2174
0;1741061621036;2050
2;1741061621212;1789
1;1741061623260;2014
3;1741061625906;2175
2;1741061626172;1790
1;1741061629084;2015
3;1741061630832;2176
0;1741061630891;2051
1;1741061631260;2016
3;1741061635825;2177
1;1741061638235;2017
0;1741061639131;2052
3;1741061640848;2178
0;1741061641243;2053
1;1741061644444;2018
3;1741061645903;2179
0;1741061645931;2054
1;1741061646235;2019
3;1741061650847;2180
1;1741061651354;2020
2;1741061651482;1791
3;1741061655839;2181
1;1741061656298;2021
0;1741061656442;2055
2;1741061658251;1792
3;1741061660879;2182
0;1741061660942;2056
1;1741061661322;2022
2;1741061663754;1793
3;1741061665825;2183
0;1741061666313;2057
2;1741061666601;1794
1;1741061669065;2023
3;1741061670960;2184
0;1741061671024;2058
2;1741061671593;1795
1;1741061674249;2024
3;1741061675823;2185
0;1741061676873;2059
2;1741061678825;1796
1;1741061679289;2025
3;1741061680863;2186
1;1741061681016;2026
0;1741061681561;2060
2;1741061683336;1797
3;1741061685853;2187
0;1741061686317;2061
2;1741061688488;1798
1;1741061688840;2027
3;1741061690831;2188
1;1741061693784;2028
0;1741061695880;2062
3;1741061695890;2189
1;1741061696072;2029
2;1741061698680;1799
3;1741061700829;2190
0;1741061701127;2063
1;1741061703864;2030
2;1741061704071;1800
3;1741061705871;2191
0;1741061706366;2064
1;1741061709815;2031
3;1741061710908;2192
0;1741061711111;2065
2;1741061713814;1801
1;1741061714743;2032
3;1741061715820;2193
1;1741061716033;2033
0;1741061716460;2066
2;1741061718022;1802
3;1741061720845;2194
0;1741061721094;2067
1;1741061721398;2034
3;1741061725863;2195
0;1741061725942;2068
1;1741061726070;2035
2;1741061726166;1803
3;1741061730827;2196
0;1741061730937;2069
1;1741061732965;2036
3;1741061735863;2197
0;1741061736165;2070
2;1741061738725;1804
1;1741061738981;2037
3;1741061740859;2198
0;1741061740933;2071
2;1741061741157;1805
1;1741061741221;2038
3;1741061745866;2199
0;1741061745925;2072
1;1741061746104;2039
2;1741061746453;1806
3;1741061750842;2200
0;1741061750900;2073
1;1741061751108;2040
2;1741061751268;1807
3;1741061755859;2201
1;1741061756101;2041
0;1741061756789;2074
2;1741061758565;1808
3;1741061760826;2202
1;1741061760964;2042
0;1741061761171;2075
3;1741061765834;2203
0;1741061766323;2076
2;1741061768131;1809
1;1741061768355;2043
3;1741061770824;2204
0;1741061773667;2077
1;1741061774051;2044
3;1741061775832;2205
2;1741061776547;1810
0;1741061779011;2078
1;1741061779219;2045
3;1741061780883;2206
1;1741061780992;2046
0;1741061783666;2079
2;1741061783970;1811
3;1741061785850;2207
1;1741061785970;2047
2;1741061786114;1812
0;1741061786738;2080
3;1741061790825;2208
2;1741061791218;1813
1;1741061794227;2048
0;1741061794245;2081
3;1741061795831;2209
0;1741061796419;2082
2;1741061798803;1814
1;1741061799474;2049
3;1741061800871;2210
1;1741061800993;2050
0;1741061801441;2083
2;1741061803825;1815
3;1741061805830;2211
1;1741061806050;2051
0;1741061806210;2084
2;1741061808594;1816
3;1741061810856;2212
0;1741061811225;2085
1;1741061811441;2052
3;1741061815831;2213
1;1741061815936;2053
0;1741061816519;2086
3;1741061820870;2214
0;1741061821008;2087
2;1741061822224;1817
1;1741061824000;2054
0;1741061825888;2088
3;1741061825898;2215
1;1741061826032;2055
3;1741061830821;2216
0;1741061831231;2089
1;1741061834143;2056
2;1741061834255;1818
3;1741061835845;2217
1;1741061836009;2057
2;1741061836143;1819
0;1741061836207;2090
3;1741061840821;2218
0;1741061841071;2091
1;1741061843390;2058
3;1741061845844;2219
0;1741061845918;2092
3;1741061850835;2220
1;1741061851246;2059
2;1741061851566;1820
0;1741061853150;2093
3;1741061855827;2221
2;1741061856068;1821
1;1741061858862;2060
0;1741061859198;2094
3;1741061860836;2222
2;1741061860958;1822
0;1741061861661;2095
1;1741061864333;2061
3;1741061865828;2223
0;1741061868077;2096
2;1741061868637;1823
1;1741061869085;2062
3;1741061870834;2224
1;1741061871069;2063
0;1741061871181;2097
2;1741061873773;1824
3;1741061875921;2225
1;1741061876077;2064
0;1741061876893;2098
2;1741061878236;1825
3;1741061880835;2226
2;1741061883100;1826
0;1741061883740;2099
1;1741061884060;2065
3;1741061885873;2227
0;1741061886044;2100
1;1741061888812;2066
3;1741061890865;2228
2;1741061891227;1827
0;1741061892988;2101
1;1741061893868;2067
3;1741061895826;2229
0;1741061896027;2102
1;1741061899227;2068
3;1741061900879;2230
1;1741061900939;2069
2;1741061901131;1828
0;1741061901931;2103
3;1741061905840;2231
0;1741061905914;2104
2;1741061906069;1829
1;1741061906405;2070
3;1741061910832;2232
1;1741061911194;2071
0;1741061911818;2105
3;1741061915824;2233
1;1741061915930;2072
0;1741061916298;2106
3;1741061920833;2234
0;1741061921146;2107
1;1741061922937;2073
2;1741061923930;1830
3;1741061925824;2235
0;1741061926107;2108
1;1741061928217;2074
2;1741061928969;1831
3;1741061930831;2236
0;1741061931195;2109
2;1741061933226;1832
1;1741061933625;2075
3;1741061935823;2237
1;1741061936233;2076
2;1741061938264;1833
0;1741061939081;2110
3;1741061940830;2238
0;1741061941305;2111
1;1741061941961;2077
3;1741061945884;2239
1;1741061945914;2078
0;1741061946233;2112
2;1741061946377;1834
3;1741061950830;2240
0;1741061951017;2113
1;1741061951753;2079
2;1741061953753;1835
3;1741061955836;2241
1;1741061955929;2080
2;1741061956083;1836
0;1741061956665;2114
3;1741061960877;2242
2;1741061961271;1837
0;1741061963239;2115
1;1741061964231;2081
3;1741061965863;2243
1;1741061968791;2082
3;1741061970845;2244
0;1741061970903;2116
2;1741061971031;1838
1;1741061971161;2083
3;1741061975864;2245
0;1741061975926;2117
1;1741061978550;2084
2;1741061978894;1839
3;1741061980843;2246
1;1741061981094;2085
0;1741061981350;2118
2;1741061983318;1840
3;1741061985835;2247
0;1741061985942;2119
2;1741061986374;1841
1;1741061988218;2086
3;1741061990892;2248
1;1741061990917;2087
2;1741061991029;1842
0;1741061991381;2120
3;1741061995834;2249
1;1741061996005;2088
0;1741061996213;2121
2;1741061998789;1843
3;1741062000827;2250
0;1741062000933;2122
1;1741062001141;2089
2;1741062003824;1844
3;1741062005857;2251
0;1741062006277;2123
2;1741062008644;1845
1;1741062009509;2090
3;1741062010843;2252
0;1741062010964;2124
2;1741062011156;1846
1;1741062014244;2091
3;1741062015874;2253
0;1741062015972;2125
2;1741062016788;1847
1;1741062017940;2092
3;1741062020874;2254
1;1741062020947;2093
0;1741062021396;2126
2;1741062024383;1848
3;1741062025832;2255
1;1741062028451;2094
0;1741062028499;2127
2;1741062028707;1849
3;1741062030825;2256
1;1741062031219;2095
2;1741062033890;1850
3;1741062035864;2257
1;1741062036003;2096
0;1741062036115;2128
2;1741062038883;1851
3;1741062040921;2258
0;1741062041042;2129
2;1741062041730;1852
1;1741062043858;2097
3;1741062045848;2259
0;1741062045970;2130
1;1741062046194;2098
2;1741062047890;1853
3;1741062050867;2260
1;1741062051010;2099
0;1741062051314;2131
3;1741062055832;2261
1;1741062055953;2100
0;1741062056306;2132
2;1741062058929;1854
3;1741062060855;2262
0;1741062061201;2133
1;1741062064353;2101
3;1741062065859;2263
1;1741062067969;2102
2;1741062068961;1855
3;1741062070838;2264
0;1741062070914;2134
1;1741062071072;2103
2;1741062073184;1856
3;1741062075832;2265
1;1741062076112;2104
0;1741062076384;2135
2;1741062078160;1857
3;1741062080821;2266
1;1741062082944;2105
3;1741062085829;2267
0;1741062085951;2136
1;1741062088745;2106
3;1741062090837;2268
2;1741062092127;1858
0;1741062093695;2137
1;1741062093967;2107
3;1741062095939;2269
1;1741062096006;2108
0;1741062096287;2138
2;1741062099487;1859
3;1741062100836;2270
0;1741062101199;2139
1;1741062103230;2109
2;1741062103774;1860
3;1741062105859;2271
0;1741062105902;2140
1;1741062106510;2110
2;1741062108974;1861
3;1741062110882;2272
0;1741062110926;2141
2;1741062111871;1862
1;1741062113263;2111
0;1741062115881;2142
3;1741062115894;2273
2;1741062115993;1863
1;1741062116094;2112
3;1741062120835;2274
0;1741062120899;2143
2;1741062121309;1864
1;1741062123962;2113
3;1741062125875;2275
1;1741062126045;2114
2;1741062126272;1865
0;1741062126365;2144
3;1741062130864;2276
0;1741062131278;2145
2;1741062133630;1866
1;1741062134090;2115
3;1741062135875;2277
0;1741062135965;2146
1;1741062136221;2116
2;1741062137901;1867
3;1741062140834;2278
2;1741062141213;1868
0;1741062144940;2147
1;1741062145196;2117
3;1741062145874;2279
0;1741062146051;2148
1;1741062146220;2118
2;1741062148300;1869
3;1741062150834;2280
0;1741062150956;2149
2;1741062151532;1870
1;1741062153307;2119
3;1741062155842;2281
1;1741062155931;2120
0;1741062156203;2150
3;1741062160833;2282
0;1741062160939;2151
1;1741062161147;2121
2;1741062163579;1871
3;1741062165841;2283
1;1741062165914;2122
2;1741062166139;1872
0;1741062166939;2152
3;1741062170848;2284
0;1741062170907;2153
1;1741062171212;2123
2;1741062173036;1873
3;1741062175824;2285
0;1741062176394;2154
1;1741062178170;2124
3;1741062180863;2286
0;1741062180954;2155
1;1741062181082;2125
2;1741062181418;1874
3;1741062185888;2287
0;1741062185945;2156
1;1741062186009;2126
2;1741062189145;1875
3;1741062190831;2288
1;1741062193849;2127
3;1741062195855;2289
0;1741062195897;2157
1;1741062196233;2128
2;1741062198793;1876
3;1741062200847;2290
0;1741062200904;2158
1;1741062201032;2129
2;1741062201224;1877
3;1741062205854;2291
0;1741062205896;2159
2;1741062206040;1878
1;1741062206235;2130
3;1741062210846;2292
2;1741062211016;1879
1;1741062211192;2131
0;1741062211425;2160
3;1741062215901;2293
0;1741062219031;2161
1;1741062219159;2132
3;1741062220829;2294
0;1741062221239;2162
2;1741062223847;1880
3;1741062225901;2295
2;1741062226167;1881
1;1741062228185;2133
3;1741062230876;2296
1;1741062231031;2134
0;1741062231143;2163
3;1741062235836;2297
0;1741062236391;2164
1;1741062238673;2135
3;1741062240876;2298
1;1741062241016;2136
2;1741062243430;1882
3;1741062245835;2299
0;1741062245878;2165
2;1741062246037;1883
1;1741062246269;2137
3;1741062250827;2300
1;1741062250997;2138
0;1741062251254;2166
2;1741062252966;1884
3;1741062255895;2301
1;1741062255942;2139
2;1741062256374;1885
0;1741062256663;2167
3;1741062260827;2302
1;1741062260949;2140
0;1741062261557;2168
3;1741062265866;2303
2;1741062266238;1886
1;1741062269253;2141
3;1741062270841;2304
0;1741062270868;2169
2;1741062271109;1887
1;1741062271285;2142
3;1741062275844;2305
0;1741062276005;2170
1;1741062276341;2143
2;1741062278165;1888
3;1741062280825;2306
0;1741062280932;2171
2;1741062283332;1889
1;1741062284260;2144
3;1741062285832;2307
0;1741062288243;2172
2;1741062288643;1890
1;1741062288995;2145
3;1741062290856;2308
0;1741062291347;2173
1;1741062293907;2146
3;1741062295897;2309
0;1741062296053;2174
2;1741062298226;1891
1;1741062298755;2147
3;1741062300839;2310
0;1741062300978;2175
2;1741062304034;1892
1;1741062304386;2148
3;1741062305878;2311
2;1741062306466;1893
1;1741062308658;2149
3;1741062310840;2312
0;1741062310877;2176
2;1741062310993;1894
1;1741062311986;2150
3;1741062315831;2313
0;1741062316086;2177
1;1741062316193;2151
3;1741062320872;2314
2;1741062321167;1895
1;1741062323681;2152
3;1741062325831;2315
1;1741062325984;2153
0;1741062326993;2178
3;1741062330823;2316
0;1741062331104;2179
2;1741062331376;1896
1;1741062333857;2154
3;1741062335830;2317
0;1741062336688;2180
1;1741062337968;2155
2;1741062338736;1897
3;1741062340822;2318
0;1741062340944;2181
2;1741062343120;1898
1;1741062344336;2156
3;1741062345845;2319
0;1741062345903;2182
1;1741062346224;2157
2;1741062348185;1899
3;1741062350870;2320
0;1741062351183;2183
1;1741062351295;2158
2;1741062353247;1900
3;1741062355830;2321
1;1741062355964;2159
0;1741062356303;2184
3;1741062360821;2322
0;1741062360941;2185
1;1741062361422;2160
3;1741062365829;2323
0;1741062366014;2186
2;1741062368334;1901
1;1741062368734;2161
3;1741062370820;2324
0;1741062371162;2187
1;1741062371319;2162
2;1741062373022;1902
3;1741062375892;2325
0;1741062376008;2188
1;1741062376194;2163
2;1741062376254;1903
3;1741062380868;2326
1;1741062381102;2164
0;1741062381454;2189
3;1741062385844;2327
0;1741062386301;2190
1;1741062389325;2165
3;1741062390868;2328
1;1741062390957;2166
0;1741062391245;2191
2;1741062391373;1904
3;1741062395874;2329
1;1741062396012;2167
0;1741062396237;2192
2;1741062396589;1905
3;1741062400834;2330
0;1741062400892;2193
1;1741062401325;2168
2;1741062403101;1906
3;1741062405827;2331
1;1741062406013;2169
0;1741062407052;2194
3;1741062410850;2332
0;1741062410893;2195
1;1741062411151;2170
2;1741062413277;1907
3;1741062415825;2333
0;1741062415980;2196
1;1741062416347;2171
3;1741062420833;2334
2;1741062421413;1908
0;1741062421835;2197
1;1741062422987;2172
3;1741062425856;2335
0;1741062425914;2198
1;1741062426155;2173
2;1741062428974;1909
3;1741062430864;2336
0;1741062431226;2199
1;1741062431370;2174
2;1741062433210;1910
3;1741062435825;2337
0;1741062436218;2200
1;1741062439274;2175
3;1741062440833;2338
1;1741062441050;2176
0;1741062441195;2201
3;1741062445824;2339
1;1741062446087;2177
0;1741062446473;2202
2;1741062448825;1911
3;1741062450837;2340
0;1741062454121;2203
3;1741062455838;2341
1;1741062455999;2178
0;1741062456105;2204
2;1741062457929;1912
3;1741062460862;2342
1;1741062460981;2179
2;1741062461144;1913
0;1741062463577;2205
3;1741062465838;2343
0;1741062465880;2206
1;1741062465995;2180
2;1741062466321;1914
3;1741062470831;2344
2;1741062471416;1915
1;1741062473672;2181
3;1741062475853;2345
1;1741062476200;2182
0;1741062476823;2207
3;1741062480829;2346
1;1741062483223;2183
3;1741062485837;2347
0;1741062486375;2208
1;1741062488023;2184
3;1741062490829;2348
1;1741062490935;2185
0;1741062491334;2209
3;1741062495867;2349
0;1741062496135;2210
1;1741062499046;2186
3;1741062500903;2350
0;1741062501121;2211
2;1741062501654;1916
1;1741062503284;2187
3;1741062505851;2351
1;1741062506006;2188
0;1741062506310;2212
3;1741062510843;2352
0;1741062510965;2213
1;1741062511189;2189
0;1741062515861;2214
3;1741062515873;2353
1;1741062516261;2190
2;1741062516437;1917
3;1741062520921;2354
2;1741062521093;1918
0;1741062523877;2215
3;1741062525866;2355
0;1741062525892;2216
2;1741062526014;1919
1;1741062526116;2191
3;1741062530842;2356
2;1741062533028;1920
1;1741062534036;2192
0;1741062534084;2217
3;1741062535859;2357
0;1741062536276;2218
1;1741062538244;2193
2;1741062539059;1921
3;1741062540931;2358
0;1741062540995;2219
1;1741062541332;2194
2;1741062543043;1922
3;1741062545859;2359
0;1741062546003;2220
2;1741062546579;1923
1;1741062548963;2195
3;1741062550840;2360
0;1741062550931;2221
1;1741062551587;2196
2;1741062554066;1924
3;1741062555833;2361
1;1741062556032;2197
0;1741062556723;2222
3;1741062560855;2362
1;1741062560918;2198
0;1741062561080;2223
2;1741062561234;1925
3;1741062565849;2363
0;1741062565888;2224
1;1741062565946;2199
2;1741062566114;1926
3;1741062570886;2364
1;1741062570994;2200
0;1741062571189;2225
2;1741062571442;1927
3;1741062575847;2365
0;1741062575889;2226
1;1741062576033;2201
2;1741062576417;1928
3;1741062580951;2366
1;1741062581179;2202
2;1741062581613;1929
0;1741062582961;2227
3;1741062585894;2367
1;1741062585953;2203
2;1741062586129;1930
0;1741062586253;2228
0;1741062590897;2229
3;1741062590911;2368
1;1741062591080;2204
2;1741062591201;1931
3;1741062595830;2369
1;1741062595952;2205
0;1741062596192;2230
2;1741062598240;1932
3;1741062600854;2370
0;1741062601056;2231
1;1741062601248;2206
3;1741062605832;2371
0;1741062606560;2232
1;1741062609412;2207
3;1741062610933;2372
1;1741062611007;2208
2;1741062611417;1933
0;1741062611583;2233
3;1741062615872;2373
1;1741062615903;2209
2;1741062615983;1934
0;1741062616122;2234
3;1741062620837;2374
0;1741062620863;2235
1;1741062621087;2210
2;1741062621167;1935
3;1741062625828;2375
0;1741062628142;2236
1;1741062628286;2211
2;1741062628670;1936
3;1741062630821;2376
2;1741062631550;1937
0;1741062633694;2237
1;1741062633902;2212
3;1741062635827;2377
2;1741062636077;1938
1;1741062639071;2213
3;1741062640911;2378
1;1741062642943;2214
0;1741062643294;2238
3;1741062645828;2379
0;1741062645917;2239
3;1741062650994;2380
0;1741062651405;2240
1;1741062653165;2215
3;1741062655842;2381
0;1741062655925;2241
1;1741062656189;2216
2;1741062656332;1939
3;1741062660859;2382
0;1741062661004;2242
1;1741062664572;2217
3;1741062665930;2383
0;1741062666444;2243
2;1741062668620;1940
1;1741062668908;2218
3;1741062670833;2384
0;1741062670956;2244
2;1741062671500;1941
1;1741062672972;2219
3;1741062675842;2385
1;1741062678107;2220
0;1741062678571;2245
3;1741062680833;2386
0;1741062680987;2246
1;1741062681131;2221
3;1741062685935;2387
0;1741062686363;2247
1;1741062688795;2222
2;1741062689147;1942
3;1741062690833;2388
0;1741062690954;2248
2;1741062691322;1943
1;1741062693146;2223
3;1741062695871;2389
0;1741062696906;2249
1;1741062698986;2224
3;1741062700864;2390
0;1741062701044;2250
2;1741062703193;1944
1;1741062703994;2225
3;1741062705824;2391
2;1741062706105;1945
0;1741062706473;2251
1;1741062708341;2226
3;1741062710831;2392
0;1741062712969;2252
2;1741062713817;1946
3;1741062715837;2393
0;1741062716137;2253
1;1741062716297;2227
2;1741062718201;1947
3;1741062720830;2394
0;1741062721040;2254
2;1741062723720;1948
1;1741062723992;2228
3;1741062725821;2395
0;1741062726600;2255
1;1741062729336;2229
3;1741062730862;2396
1;1741062730991;2230
0;1741062731640;2256
3;1741062735821;2397
0;1741062738632;2257
1;1741062738888;2231
3;1741062740848;2398
0;1741062740927;2258
1;1741062741264;2232
3;1741062745835;2399
1;1741062745992;2233
0;1741062746216;2259
2;1741062748840;1949
3;1741062750844;2400
0;1741062750934;2260
2;1741062751271;1950
1;1741062751479;2234
3;1741062755852;2401
0;1741062755927;2261
1;1741062756110;2235
2;1741062756614;1951
3;1741062760827;2402
0;1741062760935;2262
2;1741062761217;1952
1;1741062764150;2236
3;1741062765916;2403
2;1741062765942;1953
1;1741062766106;2237
0;1741062766214;2263
3;1741062770843;2404
0;1741062770901;2264
2;1741062771029;1954
1;1741062771173;2238
3;1741062775838;2405
0;1741062775957;2265
1;1741062778869;2239
2;1741062778981;1955
3;1741062780843;2406
0;1741062780932;2266
2;1741062781225;1956
1;1741062783317;2240
3;1741062785882;2407
1;1741062785908;2241
2;1741062786068;1957
0;1741062786347;2267
3;1741062790857;2408
0;1741062791012;2268
1;1741062793332;2242
2;1741062793684;1958
3;1741062795906;2409
1;1741062796068;2243
0;1741062796804;2269
2;1741062798004;1959
3;1741062800857;2410
0;1741062800973;2270
2;1741062801027;1960
1;1741062801171;2244
3;1741062805865;2411
1;1741062805955;2245
2;1741062806227;1961
0;1741062806323;2271
3;1741062810840;2412
0;1741062810931;2272
2;1741062811059;1962
1;1741062811283;2246
3;1741062815858;2413
1;1741062818290;2247
2;1741062818739;1963
3;1741062820856;2414
0;1741062820866;2273
2;1741062820946;1964
1;1741062821779;2248
3;1741062825864;2415
0;1741062825986;2274
1;1741062829266;2249
3;1741062830839;2416
0;1741062831123;2275
2;1741062833059;1965
1;1741062833299;2250
3;1741062835862;2417
0;1741062835937;2276
2;1741062836136;1966
1;1741062836481;2251
3;1741062840822;2418
0;1741062841105;2277
1;1741062841281;2252
2;1741062843809;1967
3;1741062845831;2419
1;1741062846097;2253
0;1741062846273;2278
3;1741062850838;2420
0;1741062850912;2279
1;1741062851089;2254
2;1741062851345;1968
3;1741062855830;2421
1;1741062855968;2255
0;1741062856160;2280
3;1741062860901;2422
1;1741062860983;2256
2;1741062861243;1969
0;1741062861320;2281
3;1741062865877;2423
0;1741062865926;2282
1;1741062866207;2257
2;1741062866607;1970
3;1741062870838;2424
1;1741062870943;2258
2;1741062871039;1971
0;1741062871215;2283
3;1741062875933;2425
1;1741062875939;2259
2;1741062876047;1972
0;1741062876431;2284
3;1741062880821;2426
0;1741062881151;2285
2;1741062883198;1973
1;1741062884430;2260
3;1741062885829;2427
0;1741062886142;2286
2;1741062888158;1974
1;1741062888510;2261
0;1741062890878;2287
3;1741062890888;2428
2;1741062890958;1975
1;1741062891102;2262
3;1741062895828;2429
0;1741062895981;2288
1;1741062896381;2263
2;1741062898078;1976
3;1741062900878;2430
0;1741062901421;2289
1;1741062903181;2264
3;1741062905861;2431
0;1741062905885;2290
1;1741062906429;2265
2;1741062908329;1977
3;1741062910851;2432
0;1741062910924;2291
1;1741062911138;2266
2;1741062911261;1978
3;1741062915843;2433
0;1741062918092;2292
2;1741062919053;1979
1;1741062919292;2267
3;1741062920833;2434
2;1741062923100;1980
1;1741062924156;2268
3;1741062925825;2435
0;1741062925964;2293
1;1741062926156;2269
2;1741062928236;1981
3;1741062930832;2436
0;1741062931051;2294
2;1741062932140;1982
1;1741062933131;2270
3;1741062935840;2437
1;1741062936021;2271
0;1741062936037;2295
3;1741062940832;2438
0;1741062941051;2296
2;1741062943579;1983
1;1741062944283;2272
3;1741062945824;2439
0;1741062945996;2297
2;1741062948732;1984
3;1741062950832;2440
0;1741062951354;2298
2;1741062953187;1985
1;1741062953946;2273
3;1741062955871;2441
1;1741062956538;2274
0;1741062958794;2299
3;1741062960831;2442
0;1741062960939;2300
1;1741062961033;2275
3;1741062965824;2443
0;1741062966191;2301
3;1741062970911;2444
2;1741062971429;1986
0;1741062973737;2302
1;1741062974505;2276
3;1741062975824;2445
0;1741062976153;2303
2;1741062976249;1987
1;1741062979289;2277
3;1741062980831;2446
0;1741062981642;2304
1;1741062984106;2278
3;1741062985870;2447
0;1741062985977;2305
2;1741062988105;1988
3;1741062990909;2448
2;1741062991256;1989
1;1741062993192;2279
0;1741062993992;2306
3;1741062995870;2449
1;1741062996007;2280
0;1741062996391;2307
3;1741063000861;2450
0;1741063000951;2308
2;1741063001095;1990
1;1741063001303;2281
3;1741063005820;2451
0;1741063006024;2309
1;1741063006264;2282
3;1741063010828;2452
1;1741063010903;2283
0;1741063011159;2310
3;1741063015868;2453
0;1741063016110;2311
1;1741063019142;2284
3;1741063020843;2454
0;1741063020918;2312
2;1741063021046;1991
1;1741063022182;2285
3;1741063025899;2455
1;1741063025925;2286
0;1741063026085;2313
2;1741063026421;1992
3;1741063030842;2456
0;1741063030901;2314
1;1741063031061;2287
2;1741063031141;1993
3;1741063035844;2457
0;1741063036181;2315
1;1741063038005;2288
2;1741063038981;1994
3;1741063040875;2458
0;1741063040912;2316
1;1741063041205;2289
2;1741063043716;1995
3;1741063045834;2459
0;1741063045956;2317
1;1741063047892;2290
2;1741063048276;1996
3;1741063050842;2460
0;1741063051172;2318
2;1741063054212;1997
1;1741063054308;2291
3;1741063055834;2461
0;1741063058372;2319
1;1741063058941;2292
3;1741063060963;2462
0;1741063061037;2320
1;1741063061459;2293
2;1741063064067;1998
3;1741063065833;2463
0;1741063065907;2321
2;1741063066044;1999
1;1741063066115;2294
3;1741063070826;2464
1;1741063071011;2295
0;1741063071091;2322
3;1741063075889;2465
0;1741063075906;2323
1;1741063076146;2296
2;1741063077026;2000
3;1741063080873;2466
1;1741063081266;2297
3;1741063085833;2467
0;1741063086274;2324
2;1741063086322;2001
1;1741063089217;2298
3;1741063090825;2468
0;1741063091035;2325
2;1741063093409;2002
3;1741063095956;2469
1;1741063096081;2299
0;1741063098161;2326
2;1741063098513;2003
3;1741063100871;2470
0;1741063101585;2327
2;1741063103121;2004
1;1741063104241;2300
3;1741063105847;2471
1;1741063106273;2301
0;1741063106513;2328
2;1741063108273;2005
3;1741063110870;2472
0;1741063110912;2329
1;1741063111069;2302
2;1741063111376;2006
3;1741063115829;2473
2;1741063118176;2007
0;1741063118496;2330
3;1741063120869;2474
0;1741063120911;2331
1;1741063121920;2303
3;1741063125875;2475
0;1741063125935;2332
1;1741063126127;2304
3;1741063130821;2476
1;1741063133775;2305
0;1741063133919;2333
3;1741063135829;2477
1;1741063136031;2306
0;1741063136143;2334
2;1741063137951;2008
3;1741063140879;2478
0;1741063140936;2335
1;1741063141070;2307
3;1741063145829;2479
0;1741063145982;2336
2;1741063148590;2009
1;1741063149294;2308
3;1741063150851;2480
0;1741063150926;2337
2;1741063151022;2010
1;1741063151198;2309
3;1741063155827;2481
0;1741063156189;2338
2;1741063158221;2011
1;1741063158766;2310
3;1741063160836;2482
2;1741063161357;2012
1;1741063163197;2311
0;1741063164653;2339
3;1741063165842;2483
0;1741063165933;2340
2;1741063166077;2013
1;1741063166205;2312
3;1741063170867;2484
0;1741063171100;2341
2;1741063174302;2014
3;1741063175827;2485
1;1741063176060;2313
0;1741063176300;2342
3;1741063180845;2486
0;1741063183228;2343
1;1741063184060;2314
3;1741063185826;2487
1;1741063186018;2315
0;1741063186300;2344
2;1741063189147;2015
3;1741063190833;2488
0;1741063191133;2345
2;1741063193787;2016
1;1741063194011;2316
3;1741063195874;2489
0;1741063196299;2346
3;1741063200833;2490
0;1741063201082;2347
2;1741063203275;2017
1;1741063204378;2317
3;1741063205825;2491
0;1741063206186;2348
1;1741063208827;2318
3;1741063210833;2492
1;1741063211242;2319
0;1741063211338;2349
2;1741063213098;2018
3;1741063215887;2493
0;1741063215946;2350
2;1741063216106;2019
1;1741063218170;2320
3;1741063220865;2494
0;1741063221690;2351
2;1741063223497;2020
3;1741063225855;2495
0;1741063226009;2352
1;1741063226345;2321
3;1741063230831;2496
2;1741063231849;2021
1;1741063233657;2322
0;1741063233801;2353
3;1741063235823;2497
3;1741063240862;2498
0;1741063241048;2354
2;1741063241448;2022
1;1741063241464;2323
3;1741063245823;2499
0;1741063246152;2355
1;1741063246264;2324
2;1741063248920;2023
3;1741063250861;2500
0;1741063251145;2356
2;1741063251337;2024
1;1741063253113;2325
3;1741063255821;2501
2;1741063256359;2025
0;1741063257991;2357
1;1741063259431;2326
3;1741063260861;2502
0;1741063263799;2358
1;1741063264247;2327
3;1741063265837;2503
0;1741063266279;2359
1;1741063266343;2328
2;1741063269383;2026
3;1741063270828;2504
1;1741063273286;2329
3;1741063275819;2505
1;1741063275975;2330
0;1741063276182;2360
2;1741063278246;2027
3;1741063280875;2506
0;1741063280902;2361
2;1741063281078;2028
1;1741063281302;2331
3;1741063285835;2507
0;1741063286101;2362
1;1741063289157;2332
3;1741063290828;2508
0;1741063290981;2363
3;1741063295862;2509
2;1741063298292;2029
1;1741063298724;2333
0;1741063298868;2364
3;1741063300827;2510
2;1741063301012;2030
1;1741063303060;2334
0;1741063303316;2365
3;1741063305834;2511
0;1741063306196;2366
1;1741063307076;2335
3;1741063310858;2512
1;1741063311188;2336
2;1741063313268;2031
3;1741063315834;2513
0;1741063316211;2367
2;1741063318788;2032
1;1741063319716;2337
3;1741063320826;2514
1;1741063321091;2338
2;1741063321331;2033
0;1741063324019;2368
3;1741063325834;2515
1;1741063325955;2339
0;1741063326083;2369
2;1741063328067;2034
3;1741063330873;2516
0;1741063330979;2370
2;1741063331178;2035
1;1741063333699;2340
3;1741063335833;2517
0;1741063336402;2371
1;1741063338884;2341
3;1741063340840;2518
0;1741063340946;2372
1;1741063341122;2342
3;1741063345832;2519
1;1741063346179;2343
0;1741063346547;2373
2;1741063349299;2036
3;1741063350855;2520
0;1741063350888;2374
1;1741063351203;2344
2;1741063351221;2037
3;1741063355833;2521
2;1741063356337;2038
0;1741063356753;2375
1;1741063358161;2345
3;1741063360823;2522
2;1741063361124;2039
0;1741063361228;2376
3;1741063365845;2523
2;1741063368256;2040
0;1741063368304;2377
1;1741063369488;2346
3;1741063370822;2524
0;1741063371200;2378
2;1741063373072;2041
1;1741063373328;2347
3;1741063375831;2525
0;1741063376024;2379
2;1741063378832;2042
1;1741063379184;2348
3;1741063380821;2526
0;1741063381215;2380
1;1741063382911;2349
3;1741063385830;2527
0;1741063386047;2381
2;1741063388127;2043
1;1741063389375;2350
3;1741063390870;2528
0;1741063391119;2382
1;1741063394543;2351
3;1741063395861;2529
0;1741063395941;2383
2;1741063396063;2044
3;1741063400869;2530
0;1741063400928;2384
2;1741063401840;2045
1;1741063401858;2352
3;1741063405860;2531
1;1741063406352;2353
0;1741063406463;2385
2;1741063408736;2046
3;1741063410851;2532
0;1741063410905;2386
1;1741063411006;2354
2;1741063411134;2047
3;1741063415827;2533
0;1741063415917;2387
1;1741063416074;2355
2;1741063416813;2048
3;1741063420866;2534
0;1741063420989;2388
1;1741063421246;2356
2;1741063421502;2049
3;1741063425918;2535
2;1741063425997;2050
0;1741063426253;2389
1;1741063429085;2357
3;1741063430851;2536
0;1741063430924;2390
1;1741063431153;2358
3;1741063435857;2537
0;1741063436044;2391
1;1741063436156;2359
2;1741063438012;2051
3;1741063440834;2538
0;1741063440988;2392
1;1741063441436;2360
3;1741063445906;2539
1;1741063445934;2361
2;1741063446014;2052
0;1741063446300;2393
3;1741063450849;2540
0;1741063451147;2394
3;1741063455856;2541
0;1741063456021;2395
1;1741063458923;2362
3;1741063460834;2542
0;1741063461131;2396
2;1741063461787;2053
1;1741063464306;2363
3;1741063465839;2543
0;1741063465930;2397
1;1741063466314;2364
2;1741063468186;2054
3;1741063470833;2544
0;1741063470922;2398
1;1741063471322;2365
2;1741063474090;2055
3;1741063475838;2545
1;1741063476091;2366
0;1741063476394;2399
2;1741063478122;2056
3;1741063480847;2546
0;1741063480876;2400
1;1741063480985;2367
2;1741063481209;2057
3;1741063485823;2547
1;1741063485961;2368
3;1741063490847;2548
0;1741063490930;2401
1;1741063491097;2369
3;1741063495823;2549
1;1741063496169;2370
0;1741063496489;2402
2;1741063498185;2058
3;1741063500831;2550
1;1741063501320;2371
2;1741063503192;2059
0;1741063503640;2403
3;1741063505855;2551
0;1741063506024;2404
2;1741063506376;2060
1;1741063509272;2372
3;1741063510888;2552
0;1741063510952;2405
1;1741063511367;2373
3;1741063515869;2553
0;1741063518866;2406
1;1741063518906;2374
2;1741063519369;2061
3;1741063520831;2554
2;1741063521239;2062
0;1741063523175;2407
1;1741063523847;2375
3;1741063525852;2555
0;1741063525927;2408
2;1741063526055;2063
1;1741063526247;2376
3;1741063530861;2556
1;1741063530935;2377
2;1741063531064;2064
0;1741063531976;2409
3;1741063535836;2557
0;1741063535927;2410
1;1741063536054;2378
2;1741063539031;2065
3;1741063540828;2558
0;1741063541078;2411
1;1741063541222;2379
3;1741063545867;2559
0;1741063545984;2412
1;1741063546085;2380
2;1741063546262;2066
3;1741063550843;2560
0;1741063550981;2413
1;1741063551093;2381
3;1741063555851;2561
0;1741063555957;2414
1;1741063558212;2382
2;1741063558709;2067
3;1741063560842;2562
0;1741063560932;2415
1;1741063561076;2383
2;1741063561206;2068
0;1741063565860;2416
3;1741063565874;2563
2;1741063566180;2069
1;1741063566372;2384
3;1741063570827;2564
2;1741063571572;2070
0;1741063573924;2417
1;1741063574548;2385
3;1741063575865;2565
0;1741063575923;2418
2;1741063576035;2071
1;1741063576628;2386
3;1741063580857;2566
0;1741063580883;2419
1;1741063581411;2387
2;1741063581907;2072
3;1741063585832;2567
0;1741063586019;2420
1;1741063586164;2388
2;1741063586356;2073
3;1741063590873;2568
0;1741063590883;2421
2;1741063590979;2074
1;1741063591203;2389
3;1741063595832;2569
0;1741063595938;2422
2;1741063596052;2075
1;1741063596228;2390
3;1741063600824;2570
0;1741063600962;2423
2;1741063601346;2076
1;1741063604338;2391
3;1741063605921;2571
0;1741063605927;2424
2;1741063606034;2077
1;1741063607970;2392
3;1741063610823;2572
2;1741063611090;2078
1;1741063613010;2393
0;1741063613714;2425
3;1741063615927;2573
0;1741063616017;2426
1;1741063619105;2394
3;1741063620823;2574
0;1741063621075;2427
1;1741063621457;2395
2;1741063622970;2079
3;1741063625833;2575
0;1741063626112;2428
2;1741063626352;2080
1;1741063629088;2396
3;1741063630822;2576
0;1741063631008;2429
1;1741063633152;2397
2;1741063633536;2081
3;1741063635830;2577
0;1741063636050;2430
1;1741063639104;2398
3;1741063640871;2578
0;1741063640960;2431
2;1741063641120;2082
1;1741063641296;2399
3;1741063645830;2579
2;1741063646191;2083
0;1741063648703;2432
1;1741063649567;2400
3;1741063650885;2580
0;1741063651071;2433
1;1741063651327;2401
2;1741063653151;2084
3;1741063655859;2581
0;1741063656047;2434
1;1741063656174;2402
2;1741063658062;2085
3;1741063660837;2582
0;1741063663185;2435
1;1741063663998;2403
3;1741063665829;2583
2;1741063666179;2086
1;1741063668126;2404
0;1741063668990;2436
3;1741063670819;2584
0;1741063670958;2437
1;1741063672974;2405
2;1741063674014;2087
3;1741063675827;2585
0;1741063675933;2438
2;1741063678157;2088
1;1741063679245;2406
3;1741063680863;2586
0;1741063681037;2439
1;1741063684669;2407
3;1741063685826;2587
0;1741063688268;2440
2;1741063688925;2089
1;1741063689244;2408
3;1741063690834;2588
0;1741063690985;2441
2;1741063691037;2090
1;1741063691229;2409
3;1741063695842;2589
1;1741063695996;2410
0;1741063696169;2442
2;1741063698268;2091
3;1741063700843;2590
0;1741063701004;2443
1;1741063701253;2411
2;1741063703180;2092
3;1741063705826;2591
0;1741063705983;2444
1;1741063706365;2412
3;1741063710860;2592
1;1741063711051;2413
0;1741063711275;2445
2;1741063714219;2093
3;1741063715825;2593
2;1741063716421;2094
0;1741063718875;2446
1;1741063719611;2414
3;1741063720833;2594
0;1741063723260;2447
3;1741063725825;2595
0;1741063726362;2448
2;1741063728954;2095
3;1741063730847;2596
0;1741063730906;2449
1;1741063731162;2415
2;1741063731354;2096
3;1741063735856;2597
0;1741063736442;2450
1;1741063739193;2416
3;1741063740832;2598
1;1741063741025;2417
0;1741063741209;2451
2;1741063743753;2097
3;1741063745839;2599
2;1741063745977;2098
0;1741063746425;2452
3;1741063750832;2600
2;1741063750937;2099
1;1741063754457;2418
0;1741063754809;2453
3;1741063755855;2601
1;1741063756010;2419
0;1741063756196;2454
2;1741063758218;2100
3;1741063760832;2602
1;1741063761032;2420
0;1741063761384;2455
2;1741063763112;2101
3;1741063765821;2603
1;1741063768136;2421
0;1741063769464;2456
3;1741063770845;2604
0;1741063770919;2457
1;1741063771080;2422
3;1741063775821;2605
0;1741063776103;2458
2;1741063778055;2102
1;1741063778832;2423
3;1741063780829;2606
2;1741063781319;2103
0;1741063781671;2459
1;1741063784311;2424
3;1741063785820;2607
1;1741063785943;2425
0;1741063786078;2460
2;1741063789095;2104
3;1741063790844;2608
0;1741063790934;2461
2;1741063791127;2105
1;1741063791414;2426
3;1741063795862;2609
0;1741063796040;2462
1;1741063796166;2427
2;1741063798870;2106
3;1741063800892;2610
1;1741063800982;2428
0;1741063801974;2463
3;1741063805851;2611
0;1741063805928;2464
1;1741063806101;2429
2;1741063806437;2107
3;1741063810827;2612
2;1741063810997;2108
1;1741063814310;2430
3;1741063815929;2613
0;1741063816021;2465
1;1741063816309;2431
2;1741063818292;2109
3;1741063820921;2614
0;1741063821044;2466
1;1741063823684;2432
3;1741063825835;2615
1;1741063825988;2433
0;1741063826212;2467
2;1741063828532;2110
3;1741063830826;2616
0;1741063831956;2468
1;1741063832099;2434
3;1741063835863;2617
1;1741063835923;2435
2;1741063835994;2111
0;1741063836851;2469
3;1741063840841;2618
0;1741063840963;2470
2;1741063841060;2112
1;1741063841251;2436
3;1741063845880;2619
0;1741063845971;2471
2;1741063846067;2113
1;1741063846611;2437
3;1741063850825;2620
1;1741063851429;2438
0;1741063854082;2472
3;1741063855833;2621
0;1741063856210;2473
1;1741063859042;2439
3;1741063860838;2622
0;1741063860962;2474
1;1741063861122;2440
2;1741063862962;2114
3;1741063865832;2623
2;1741063866386;2115
1;1741063868242;2441
3;1741063870823;2624
0;1741063871249;2475
1;1741063871553;2442
3;1741063875878;2625
0;1741063875921;2476
2;1741063876081;2116
1;1741063876225;2443
3;1741063880839;2626
1;1741063880929;2444
0;1741063881037;2477
2;1741063883810;2117
3;1741063885862;2627
0;1741063885906;2478
1;1741063886242;2445
2;1741063888146;2118
3;1741063890838;2628
0;1741063890865;2479
1;1741063890946;2446
2;1741063891008;2119
3;1741063895846;2629
0;1741063895936;2480
2;1741063896080;2120
1;1741063896640;2447
3;1741063900869;2630
2;1741063903279;2121
0;1741063903631;2481
1;1741063904128;2448
3;1741063905830;2631
2;1741063906239;2122
0;1741063906415;2482
1;1741063909055;2449
3;1741063910869;2632
1;1741063911135;2450
0;1741063911151;2483
3;1741063915860;2633
1;1741063916031;2451
2;1741063916335;2123
0;1741063918815;2484
3;1741063920836;2634
0;1741063921102;2485
2;1741063923758;2124
1;1741063924105;2452
3;1741063925876;2635
1;1741063925998;2453
0;1741063926254;2486
2;1741063928894;2125
3;1741063930836;2636
0;1741063930894;2487
1;1741063931086;2454
2;1741063933870;2126
3;1741063935843;2637
0;1741063935933;2488
1;1741063936093;2455
3;1741063940835;2638
0;1741063941021;2489
1;1741063942925;2456
3;1741063945891;2639
1;1741063945933;2457
2;1741063946221;2127
0;1741063946397;2490
3;1741063950850;2640
0;1741063950924;2491
1;1741063951068;2458
2;1741063951213;2128
3;1741063955826;2641
2;1741063956172;2129
1;1741063958159;2459
0;1741063958733;2492
3;1741063960866;2642
1;1741063961037;2460
0;1741063961549;2493
3;1741063965825;2643
0;1741063968797;2494
1;1741063969085;2461
3;1741063970912;2644
1;1741063970950;2462
0;1741063971099;2495
2;1741063971547;2130
3;1741063975840;2645
0;1741063975931;2496
1;1741063976059;2463
3;1741063980848;2646
0;1741063980884;2497
1;1741063981594;2464
2;1741063982922;2131
3;1741063985824;2647
0;1741063988044;2498
2;1741063988747;2132
1;1741063989276;2465
3;1741063990858;2648
2;1741063991556;2133
0;1741063993018;2499
1;1741063993178;2466
3;1741063995823;2649
0;1741063998106;2500
1;1741063998905;2467
3;1741064000926;2650
2;1741064001213;2134
0;1741064003193;2501
1;1741064003881;2468
3;1741064005822;2651
0;1741064006393;2502
1;1741064008329;2469
2;1741064008873;2135
3;1741064010857;2652
0;1741064010907;2503
1;1741064011129;2470
2;1741064013145;2136
3;1741064015822;2653
1;1741064018200;2471
0;1741064018685;2504
3;1741064020830;2654
1;1741064020952;2472
0;1741064021352;2505
3;1741064025822;2655
2;1741064026416;2137
1;1741064028184;2473
3;1741064030845;2656
0;1741064030921;2506
2;1741064031063;2138
1;1741064031192;2474
3;1741064035870;2657
0;1741064035894;2507
1;1741064036007;2475
2;1741064036087;2139
3;1741064040829;2658
0;1741064043047;2508
2;1741064043065;2140
1;1741064044231;2476
3;1741064045863;2659
0;1741064045895;2509
2;1741064048071;2141
1;1741064048183;2477
3;1741064050877;2660
1;1741064051206;2478
0;1741064051254;2510
2;1741064053254;2142
3;1741064055885;2661
0;1741064058422;2511
1;1741064059158;2479
3;1741064060828;2662
0;1741064063142;2512
1;1741064063797;2480
3;1741064065819;2663
1;1741064066247;2481
0;1741064069175;2513
3;1741064070841;2664
0;1741064070981;2514
2;1741064071797;2143
1;1741064074165;2482
3;1741064075849;2665
0;1741064075941;2515
2;1741064076213;2144
1;1741064077957;2483
3;1741064080874;2666
0;1741064081060;2516
1;1741064083108;2484
2;1741064083220;2145
3;1741064085863;2667
1;1741064086325;2485
0;1741064088372;2517
3;1741064090898;2668
0;1741064093140;2518
2;1741064093796;2146
1;1741064094420;2486
3;1741064095866;2669
0;1741064095971;2519
1;1741064098227;2487
2;1741064098595;2147
3;1741064100888;2670
0;1741064100999;2520
2;1741064103171;2148
1;1741064104324;2488
3;1741064105897;2671
0;1741064105948;2521
1;1741064106771;2489
2;1741064108275;2149
3;1741064110871;2672
0;1741064111092;2522
1;1741064113124;2490
3;1741064115835;2673
0;1741064116020;2523
2;1741064118260;2150
3;1741064120823;2674
1;1741064120963;2491
0;1741064121090;2524
3;1741064125831;2675
0;1741064125938;2525
2;1741064128146;2151
1;1741064129570;2492
3;1741064130823;2676
0;1741064131233;2526
1;1741064133169;2493
0;1741064135889;2527
3;1741064135900;2677
1;1741064135953;2494
2;1741064136081;2152
3;1741064140871;2678
0;1741064140913;2528
2;1741064141120;2153
1;1741064141216;2495
3;1741064145847;2679
0;1741064145936;2529
2;1741064149024;2154
3;1741064150822;2680
1;1741064153408;2496
0;1741064154096;2530
3;1741064155830;2681
0;1741064156448;2531
1;1741064158960;2497
2;1741064159344;2155
3;1741064160852;2682
0;1741064161008;2532
2;1741064161215;2156
1;1741064164127;2498
3;1741064165829;2683
2;1741064168160;2157
1;1741064168768;2499
0;1741064168928;2533
3;1741064170821;2684
2;1741064171039;2158
1;1741064173231;2500
0;1741064173807;2534
3;1741064175830;2685
0;1741064176575;2535
1;1741064178719;2501
3;1741064180820;2686
0;1741064180894;2536
2;1741064181390;2159
1;1741064183966;2502
3;1741064185828;2687
0;1741064185982;2537
1;1741064188878;2503
3;1741064190869;2688
0;1741064190904;2538
2;1741064191006;2160
1;1741064191421;2504
3;1741064195859;2689
0;1741064195887;2539
2;1741064195981;2161
1;1741064196414;2505
3;1741064200851;2690
0;1741064201018;2540
2;1741064201060;2162
1;1741064201341;2506
3;1741064205826;2691
0;1741064205981;2541
1;1741064206205;2507
3;1741064210835;2692
1;1741064210988;2508
0;1741064211101;2542
3;1741064215858;2693
0;1741064215948;2543
1;1741064216348;2509
3;1741064220864;2694
0;1741064220925;2544
2;1741064221175;2163
1;1741064221500;2510
3;1741064225858;2695
1;1741064225932;2511
0;1741064226284;2545
3;1741064230848;2696
0;1741064230940;2546
2;1741064231106;2164
1;1741064231547;2512
3;1741064235840;2697
0;1741064236053;2547
1;1741064239035;2513
3;1741064240831;2698
1;1741064241354;2514
0;1741064241428;2548
2;1741064243306;2165
3;1741064246000;2699
0;1741064246410;2549
2;1741064248116;2166
1;1741064248490;2515
3;1741064250833;2700
2;1741064251034;2167
0;1741064251226;2550
1;1741064253898;2516
3;1741064255823;2701
0;1741064255945;2551
2;1741064257924;2168
1;1741064259353;2517
3;1741064260832;2702
0;1741064263113;2552
1;1741064263273;2518
3;1741064265823;2703
1;1741064265977;2519
0;1741064266149;2553
2;1741064268489;2169
3;1741064270863;2704
0;1741064271192;2554
1;1741064271273;2520
2;1741064273256;2170
3;1741064275871;2705
1;1741064276056;2521
2;1741064279240;2171
3;1741064280925;2706
1;1741064281176;2522
0;1741064281528;2555
2;1741064283480;2172
3;1741064285871;2707
1;1741064285992;2523
0;1741064286088;2556
3;1741064290845;2708
0;1741064290935;2557
2;1741064291351;2173
1;1741064294136;2524
3;1741064295821;2709
0;1741064295971;2558
1;1741064298279;2525
2;1741064298839;2174
3;1741064300830;2710
0;1741064300967;2559
1;1741064303927;2526
3;1741064305837;2711
0;1741064305990;2560
2;1741064306071;2175
1;1741064309302;2527
3;1741064310845;2712
0;1741064311190;2561
1;1741064314374;2528
3;1741064315895;2713
0;1741064316022;2562
2;1741064316566;2176
1;1741064318950;2529
3;1741064320843;2714
0;1741064320902;2563
1;1741064321023;2530
2;1741064323861;2177
3;1741064325834;2715
2;1741064326005;2178
0;1741064326039;2564
1;1741064326517;2531
3;1741064330858;2716
0;1741064330949;2565
1;1741064331109;2532
2;1741064331221;2179
3;1741064335850;2717
0;1741064335917;2566
1;1741064336053;2533
2;1741064336495;2180
3;1741064340827;2718
1;1741064341110;2534
2;1741064341301;2181
0;1741064344246;2567
3;1741064345834;2719
2;1741064346340;2182
1;1741064348980;2535
3;1741064350889;2720
2;1741064351316;2183
0;1741064351335;2568
1;1741064351684;2536
3;1741064355945;2721
1;1741064356260;2537
0;1741064356708;2569
2;1741064358196;2184
3;1741064360825;2722
0;1741064360979;2570
2;1741064361635;2185
1;1741064363829;2538
3;1741064365834;2723
2;1741064366243;2186
1;1741064368243;2539
0;1741064368931;2571
3;1741064370889;2724
0;1741064371062;2572
1;1741064373714;2540
2;1741064374114;2187
3;1741064375879;2725
1;1741064376227;2541
0;1741064376370;2573
2;1741064379090;2188
3;1741064380824;2726
0;1741064381922;2574
1;1741064383666;2542
2;1741064383842;2189
3;1741064385863;2727
0;1741064385985;2575
2;1741064387932;2190
1;1741064388498;2543
3;1741064390855;2728
2;1741064391905;2191
0;1741064393169;2576
1;1741064393859;2544
3;1741064395845;2729
0;1741064395906;2577
1;1741064396285;2545
3;1741064400887;2730
0;1741064400961;2578
1;1741064401217;2546
2;1741064403121;2192
3;1741064405942;2731
0;1741064406066;2579
1;1741064406210;2547
3;1741064410884;2732
0;1741064411089;2580
1;1741064414065;2548
3;1741064415830;2733
0;1741064416161;2581
3;1741064420822;2734
0;1741064421057;2582
2;1741064421761;2193
1;1741064424065;2549
3;1741064425829;2735
2;1741064428175;2194
0;1741064428655;2583
1;1741064429039;2550
3;1741064430821;2736
2;1741064433903;2195
3;1741064435875;2737
0;1741064435918;2584
1;1741064436671;2551
2;1741064438960;2196
3;1741064440820;2738
2;1741064441166;2197
1;1741064443214;2552
0;1741064443486;2585
3;1741064445939;2739
0;1741064446014;2586
1;1741064446110;2553
2;1741064448958;2198
3;1741064450871;2740
0;1741064451021;2587
1;1741064451117;2554
2;1741064453870;2199
3;1741064455857;2741
2;1741064456381;2200
0;1741064456686;2588
1;1741064458141;2555
3;1741064460861;2742
1;1741064460878;2556
0;1741064461134;2589
3;1741064465842;2743
0;1741064465996;2590
1;1741064468141;2557
3;1741064470881;2744
1;1741064470920;2558
2;1741064471100;2201
0;1741064471853;2591
3;1741064475841;2745
2;1741064476289;2202
1;1741064478829;2559
0;1741064479069;2592
3;1741064480833;2746
0;1741064481213;2593
1;1741064483629;2560
3;1741064485936;2747
0;1741064486245;2594
1;1741064488251;2561
2;1741064489275;2203
3;1741064490859;2748
1;1741064491243;2562
0;1741064491483;2595
2;1741064493675;2204
3;1741064495872;2749
0;1741064495915;2596
2;1741064496011;2205
1;1741064496139;2563
3;1741064500831;2750
0;1741064500907;2597
1;1741064503179;2564
2;1741064503552;2206
3;1741064505839;2751
1;1741064506140;2565
0;1741064506444;2598
2;1741064508150;2207
3;1741064510832;2752
1;1741064511418;2566
2;1741064511626;2208
0;1741064513914;2599
3;1741064515823;2753
0;1741064516061;2600
1;1741064518842;2567
2;1741064519049;2209
3;1741064520832;2754
0;1741064520985;2601
2;1741064521145;2210
3;1741064525965;2755
0;1741064526265;2602
3;1741064530830;2756
0;1741064531066;2603
2;1741064533434;2211
1;1741064533946;2568
3;1741064535868;2757
2;1741064536074;2212
0;1741064536314;2604
3;1741064540831;2758
1;1741064540952;2569
0;1741064541209;2605
2;1741064543480;2213
3;1741064545821;2759
0;1741064546207;2606
2;1741064548120;2214
1;1741064549016;2570
3;1741064550829;2760
0;1741064551383;2607
1;1741064553799;2571
3;1741064555821;2761
0;1741064555943;2608
3;1741064560844;2762
1;1741064561655;2572
0;1741064563879;2609
2;1741064564070;2215
0;1741064565869;2610
3;1741064565879;2763
1;1741064566104;2573
2;1741064566456;2216
3;1741064570862;2764
0;1741064571126;2611
2;1741064572038;2217
3;1741064575882;2765
0;1741064575958;2612
1;1741064576118;2574
2;1741064576294;2218
3;1741064580890;2766
1;1741064580929;2575
0;1741064581046;2613
2;1741064581589;2219
3;1741064585915;2767
1;1741064585990;2576
2;1741064586069;2220
0;1741064586165;2614
3;1741064590891;2768
0;1741064590965;2615
1;1741064591093;2577
2;1741064593141;2221
3;1741064595834;2769
0;1741064596164;2616
1;1741064596453;2578
2;1741064599109;2222
3;1741064600857;2770
0;1741064600884;2617
1;1741064601013;2579
2;1741064601205;2223
3;1741064605864;2771
1;1741064606308;2580
0;1741064608228;2618
2;1741064608724;2224
3;1741064610936;2772
0;1741064611349;2619
2;1741064613205;2225
3;1741064615857;2773
2;1741064616838;2226
0;1741064619203;2620
3;1741064620841;2774
2;1741064620995;2227
1;1741064621075;2581
0;1741064621163;2621
3;1741064625848;2775
0;1741064626403;2622
2;1741064626547;2228
1;1741064628883;2582
3;1741064630824;2776
1;1741064633987;2583
0;1741064634098;2623
3;1741064635831;2777
2;1741064636116;2229
1;1741064638771;2584
0;1741064638836;2624
3;1741064640871;2778
0;1741064640994;2625
1;1741064641474;2585
2;1741064643666;2230
3;1741064645832;2779
0;1741064646013;2626
1;1741064646417;2586
2;1741064648211;2231
3;1741064650871;2780
1;1741064651042;2587
0;1741064653986;2627
2;1741064654226;2232
3;1741064655862;2781
0;1741064655938;2628
2;1741064656338;2233
1;1741064656658;2588
3;1741064660837;2782
0;1741064660961;2629
2;1741064661265;2234
3;1741064665878;2783
2;1741064666096;2235
0;1741064666608;2630
1;1741064668752;2589
3;1741064670822;2784
2;1741064671104;2236
0;1741064671808;2631
1;1741064673376;2590
3;1741064675862;2785
0;1741064675952;2632
2;1741064678255;2237
1;1741064678752;2591
3;1741064680853;2786
0;1741064680944;2633
2;1741064681055;2238
1;1741064681519;2592
3;1741064685828;2787
0;1741064685999;2634
1;1741064686357;2593
3;1741064690820;2788
0;1741064690914;2635
3;1741064695829;2789
0;1741064696024;2636
1;1741064699294;2594
3;1741064700852;2790
0;1741064701038;2637
2;1741064701582;2239
1;1741064704014;2595
3;1741064705846;2791
0;1741064705950;2638
1;1741064708142;2596
2;1741064708750;2240
3;1741064710853;2792
0;1741064710888;2639
1;1741064710974;2597
2;1741064711886;2241
3;1741064715828;2793
0;1741064716061;2640
2;1741064718917;2242
3;1741064720867;2794
1;1741064720989;2598
0;1741064721226;2641
3;1741064725922;2795
0;1741064725980;2642
1;1741064726188;2599
3;1741064730835;2796
0;1741064730988;2643
2;1741064733740;2243
1;1741064733929;2600
3;1741064735842;2797
1;1741064735916;2601
2;1741064736124;2244
0;1741064736408;2644
3;1741064740834;2798
2;1741064741388;2245
0;1741064741564;2645
3;1741064745827;2799
0;1741064745963;2646
1;1741064748619;2602
2;1741064748683;2246
3;1741064750832;2800
0;1741064751185;2647
3;1741064755873;2801
0;1741064756171;2648
2;1741064758187;2247
1;1741064758795;2603
3;1741064760881;2802
0;1741064760922;2649
1;1741064761099;2604
2;1741064763306;2248
3;1741064765889;2803
0;1741064765930;2650
2;1741064765978;2249
3;1741064770864;2804
1;1741064770977;2605
0;1741064771096;2651
3;1741064775856;2805
0;1741064775897;2652
1;1741064776292;2606
2;1741064778937;2250
3;1741064780874;2806
0;1741064780921;2653
2;1741064781033;2251
1;1741064781412;2607
3;1741064785823;2807
0;1741064786062;2654
1;1741064788601;2608
3;1741064790895;2808
1;1741064791241;2609
0;1741064791320;2655
2;1741064792968;2252
3;1741064795822;2809
0;1741064796376;2656
2;1741064798104;2253
1;1741064798776;2610
3;1741064800877;2810
0;1741064801320;2657
2;1741064801428;2254
1;1741064803960;2611
3;1741064805869;2811
0;1741064805930;2658
1;1741064806348;2612
3;1741064810829;2812
0;1741064811063;2659
2;1741064813623;2255
1;1741064814231;2613
3;1741064815821;2813
0;1741064816423;2660
2;1741064816599;2256
1;1741064818871;2614
3;1741064820828;2814
1;1741064821255;2615
0;1741064822007;2661
3;1741064825868;2815
0;1741064825933;2662
1;1741064826054;2616
3;1741064830921;2816
1;1741064830950;2617
2;1741064831151;2257
0;1741064831574;2663
3;1741064835820;2817
0;1741064836135;2664
3;1741064840827;2818
0;1741064841319;2665
2;1741064841767;2258
1;1741064843927;2618
3;1741064845851;2819
0;1741064846149;2666
2;1741064846181;2259
1;1741064848869;2619
3;1741064850859;2820
0;1741064850896;2667
2;1741064853188;2260
1;1741064853861;2620
3;1741064855861;2821
2;1741064856452;2261
1;1741064857876;2621
0;1741064858260;2668
3;1741064860826;2822
0;1741064861437;2669
1;1741064863908;2622
3;1741064865861;2823
1;1741064866185;2623
0;1741064866660;2670
2;1741064869155;2262
3;1741064870827;2824
0;1741064871268;2671
1;1741064872979;2624
3;1741064875833;2825
0;1741064878579;2672
1;1741064878707;2625
2;1741064878852;2263
3;1741064880882;2826
0;1741064881571;2673
2;1741064883859;2264
3;1741064885849;2827
0;1741064886387;2674
2;1741064888146;2265
3;1741064892723;2828
1;1741064892873;2626
2;1741064892940;2266
0;1741064894978;2675
3;1741064895892;2829
2;1741064898098;2267
1;1741064898802;2627
3;1741064900825;2830
0;1741064901954;2676
2;1741064903074;2268
1;1741064903794;2628
3;1741064905832;2831
1;1741064906432;2629
0;1741064906689;2677
2;1741064908817;2269
3;1741064910823;2832
0;1741064912881;2678
2;1741064913089;2270
1;1741064913874;2630
3;1741064915910;2833
0;1741064916209;2679
2;1741064916833;2271
1;1741064918769;2631
3;1741064920822;2834
0;1741064921168;2680
1;1741064923296;2632
2;1741064923728;2272
3;1741064925830;2835
0;1741064926512;2681
2;1741064926720;2273
1;1741064928640;2633
3;1741064930868;2836
2;1741064931300;2274
1;1741064931920;2634
0;1741064933968;2682
3;1741064935862;2837
2;1741064936431;2275
0;1741064936720;2683
1;1741064939519;2635
3;1741064940869;2838
0;1741064941240;2684
1;1741064941487;2636
2;1741064943873;2276
3;1741064945892;2839
2;1741064946207;2277
0;1741064948143;2685
1;1741064948191;2637
3;1741064950837;2840
1;1741064951012;2638
0;1741064951247;2686
2;1741064953503;2278
3;1741064955828;2841
1;1741064956030;2639
0;1741064956302;2687
3;1741064960884;2842
1;1741064960990;2640
2;1741064961822;2279
0;1741064963182;2688
3;1741064965827;2843
0;1741064966078;2689
2;1741064968894;2280
3;1741064970851;2844
0;1741064970893;2690
2;1741064970978;2281
1;1741064971304;2641
3;1741064975827;2845
0;1741064976237;2691
2;1741064977005;2282
3;1741064980835;2846
0;1741064980958;2692
1;1741064981213;2642
3;1741064985920;2847
0;1741064986268;2693
2;1741064988076;2283
1;1741064988252;2643
3;1741064990834;2848
0;1741064991260;2694
1;1741064993676;2644
2;1741064993900;2284
3;1741064995874;2849
1;1741064996044;2645
0;1741064996172;2695
2;1741064998012;2285
3;1741065000833;2850
0;1741065001195;2696
1;1741065003211;2646
2;1741065003323;2286
3;1741065005827;2851
0;1741065006059;2697
2;1741065008123;2287
1;1741065008219;2647
3;1741065010833;2852
0;1741065010939;2698
1;1741065011659;2648
3;1741065015824;2853
1;1741065016027;2649
2;1741065016235;2288
3;1741065020833;2854
0;1741065021498;2699
2;1741065022938;2289
1;1741065024250;2650
3;1741065025825;2855
0;1741065025972;2700
1;1741065028799;2651
3;1741065030831;2856
1;1741065031530;2652
0;1741065031578;2701
3;1741065035823;2857
1;1741065036089;2653
2;1741065036634;2290
3;1741065040865;2858
1;1741065041065;2654
0;1741065041198;2702
3;1741065045919;2859
0;1741065046457;2703
1;1741065048185;2655
3;1741065050831;2860
0;1741065051209;2704
3;1741065055917;2861
1;1741065056008;2656
0;1741065058952;2705
3;1741065060830;2862
0;1741065061017;2706
1;1741065061161;2657
2;1741065063161;2291
3;1741065065916;2863
1;1741065065959;2658
2;1741065066024;2292
0;1741065066232;2707
3;1741065070829;2864
0;1741065071007;2708
2;1741065071263;2293
1;1741065073278;2659
3;1741065075821;2865
1;1741065076167;2660
0;1741065076455;2709
3;1741065080829;2866
2;1741065081271;2294
0;1741065082928;2710
1;1741065083111;2661
3;1741065085974;2867
0;1741065086249;2711
1;1741065088774;2662
3;1741065090940;2868
1;1741065091350;2663
2;1741065093760;2295
3;1741065095820;2869
1;1741065096031;2664
0;1741065096342;2712
2;1741065096432;2296
3;1741065100828;2870
0;1741065100949;2713
1;1741065101093;2665
2;1741065104085;2297
3;1741065105861;2871
0;1741065106197;2714
2;1741065106314;2298
1;1741065108800;2666
3;1741065110874;2872
0;1741065111056;2715
2;1741065111557;2299
1;1741065113909;2667
3;1741065115861;2873
2;1741065116278;2300
0;1741065118118;2716
1;1741065118245;2668
3;1741065120890;2874
0;1741065121002;2717
1;1741065121410;2669
3;1741065125833;2875
0;1741065126213;2718
1;1741065128750;2670
3;1741065130826;2876
2;1741065133139;2301
1;1741065133539;2671
0;1741065134115;2719
3;1741065135849;2877
1;1741065136035;2672
2;1741065138067;2302
0;1741065138947;2720
3;1741065140857;2878
0;1741065141347;2721
2;1741065143267;2303
1;1741065143827;2673
3;1741065145832;2879
2;1741065146051;2304
0;1741065146211;2722
1;1741065149186;2674
3;1741065150839;2880
0;1741065151122;2723
1;1741065153234;2675
2;1741065153842;2305
3;1741065155833;2881
1;1741065157906;2676
2;1741065159105;2306
0;1741065159329;2724
3;1741065160839;2882
0;1741065160913;2725
2;1741065161057;2307
1;1741065161217;2677
3;1741065165974;2883
2;1741065166098;2308
0;1741065166337;2726
1;1741065168929;2678
3;1741065170870;2884
2;1741065171057;2309
1;1741065174065;2679
0;1741065175904;2727
3;1741065175913;2885
2;1741065176193;2310
1;1741065178065;2680
3;1741065180887;2886
0;1741065180912;2728
2;1741065181104;2311
1;1741065183536;2681
3;1741065185892;2887
1;1741065185999;2682
2;1741065186049;2312
0;1741065186113;2729
3;1741065190870;2888
0;1741065191239;2730
2;1741065193616;2313
1;1741065194064;2683
3;1741065195830;2889
0;1741065198176;2731
1;1741065198977;2684
3;1741065200837;2890
0;1741065200928;2732
1;1741065201007;2685
2;1741065203967;2314
3;1741065205845;2891
0;1741065206015;2733
2;1741065206239;2315
1;1741065206367;2686
3;1741065210821;2892
0;1741065211374;2734
1;1741065213182;2687
3;1741065215843;2893
2;1741065216062;2316
1;1741065218590;2688
3;1741065220837;2894
0;1741065221086;2735
2;1741065221137;2317
3;1741065225828;2895
2;1741065226062;2318
1;1741065228509;2689
0;1741065229133;2736
3;1741065230818;2896
0;1741065230925;2737
2;1741065231217;2319
1;1741065233661;2690
3;1741065235826;2897
0;1741065235981;2738
1;1741065236397;2691
3;1741065240899;2898
1;1741065241005;2692
0;1741065241103;2739
2;1741065243260;2320
3;1741065245826;2899
0;1741065245980;2740
2;1741065246121;2321
1;1741065248972;2693
3;1741065250894;2900
0;1741065250940;2741
1;1741065251324;2694
2;1741065251468;2322
3;1741065255841;2901
0;1741065255880;2742
1;1741065256060;2695
2;1741065258828;2323
3;1741065260834;2902
2;1741065263147;2324
1;1741065263707;2696
0;1741065264203;2743
3;1741065265889;2903
0;1741065265989;2744
1;1741065266528;2697
3;1741065270833;2904
1;1741065271030;2698
0;1741065271211;2745
3;1741065275824;2905
0;1741065276042;2746
1;1741065276218;2699
3;1741065280937;2906
0;1741065280986;2747
1;1741065284250;2700
3;1741065285855;2907
0;1741065286074;2748
1;1741065288868;2701
2;1741065288953;2325
3;1741065290943;2908
0;1741065291292;2749
2;1741065291866;2326
1;1741065293642;2702
3;1741065295871;2909
0;1741065295908;2750
1;1741065298282;2703
3;1741065300864;2910
1;1741065300937;2704
2;1741065301316;2327
0;1741065301721;2751
3;1741065305839;2911
1;1741065305945;2705
0;1741065306154;2752
2;1741065306681;2328
3;1741065310860;2912
2;1741065311064;2329
1;1741065313705;2706
3;1741065315839;2913
2;1741065316296;2330
1;1741065318452;2707
0;1741065318904;2753
3;1741065320830;2914
1;1741065321384;2708
0;1741065321544;2754
2;1741065323128;2331
3;1741065325877;2915
0;1741065325968;2755
1;1741065326650;2709
2;1741065326744;2332
3;1741065330830;2916
0;1741065330967;2756
2;1741065333703;2333
3;1741065335836;2917
2;1741065336247;2334
1;1741065336487;2710
0;1741065338983;2757
3;1741065340860;2918
1;1741065340896;2711
0;1741065341133;2758
2;1741065341543;2335
3;1741065345916;2919
0;1741065346166;2759
1;1741065346199;2712
2;1741065346418;2336
3;1741065350828;2920
2;1741065351446;2337
1;1741065351494;2713
0;1741065351606;2760
3;1741065355850;2921
2;1741065355958;2338
1;1741065355989;2714
0;1741065356454;2761
3;1741065360842;2922
0;1741065361013;2762
2;1741065364133;2339
1;1741065364152;2715
3;1741065365835;2923
1;1741065366149;2716
2;1741065366335;2340
0;1741065367141;2763
3;1741065370891;2924
2;1741065371125;2341
1;1741065371456;2717
0;1741065371637;2764
3;1741065375834;2925
1;1741065375979;2718
0;1741065376228;2765
2;1741065376676;2342
3;1741065380842;2926
0;1741065380900;2766
1;1741065380996;2719
2;1741065381092;2343
3;1741065385861;2927
1;1741065386356;2720
2;1741065386452;2344
0;1741065386820;2767
3;1741065390911;2928
0;1741065391069;2768
1;1741065391683;2721
2;1741065391811;2345
3;1741065395833;2929
0;1741065396407;2769
1;1741065398355;2722
3;1741065400825;2930
1;1741065401427;2723
2;1741065401683;2346
3;1741065405865;2931
1;1741065406003;2724
2;1741065406147;2347
0;1741065406227;2770
3;1741065410904;2932
0;1741065411154;2771
2;1741065412947;2348
1;1741065413938;2725
3;1741065415847;2933
1;1741065415874;2726
2;1741065415954;2349
0;1741065416706;2772
3;1741065420872;2934
0;1741065421682;2773
2;1741065424162;2350
1;1741065424386;2727
3;1741065425831;2935
0;1741065426001;2774
2;1741065426129;2351
1;1741065426265;2728
3;1741065430839;2936
0;1741065431009;2775
1;1741065431681;2729
2;1741065431969;2352
3;1741065435845;2937
1;1741065436001;2730
2;1741065436209;2353
0;1741065436561;2776
3;1741065440916;2938
2;1741065443776;2354
3;1741065445877;2939
2;1741065446135;2355
1;1741065446417;2731
0;1741065448132;2777
3;1741065450863;2940
0;1741065450929;2778
1;1741065451809;2732
2;1741065452113;2356
3;1741065455875;2941
0;1741065455912;2779
1;1741065456783;2733
2;1741065456831;2357
1;1741065460895;2734
3;1741065460905;2942
0;1741065461055;2780
2;1741065463007;2358
3;1741065465926;2943
0;1741065466200;2781
2;1741065466215;2359
1;1741065468894;2735
3;1741065470821;2944
2;1741065471135;2360
1;1741065471295;2736
0;1741065474151;2782
3;1741065475876;2945
1;1741065478286;2737
3;1741065480853;2946
1;1741065481710;2738
0;1741065481806;2783
2;1741065481950;2361
3;1741065485828;2947
1;1741065486061;2739
2;1741065486295;2362
0;1741065486781;2784
3;1741065490835;2948
1;1741065490978;2740
2;1741065491262;2363
0;1741065491389;2785
3;1741065495827;2949
0;1741065496173;2786
2;1741065498237;2364
1;1741065498589;2741
3;1741065500946;2950
0;1741065501112;2787
1;1741065501612;2742
2;1741065501885;2365
3;1741065505827;2951
1;1741065506124;2743
0;1741065506252;2788
2;1741065506396;2366
3;1741065510851;2952
2;1741065513340;2367
1;1741065514307;2744
3;1741065515827;2953
0;1741065518140;2789
3;1741065520866;2954
0;1741065521100;2790
1;1741065521212;2745
2;1741065521355;2368
3;1741065525842;2955
0;1741065525951;2791
1;1741065526157;2746
2;1741065526320;2369
3;1741065530832;2956
1;1741065531068;2747
0;1741065531164;2792
2;1741065531788;2370
3;1741065535825;2957
1;1741065536431;2748
2;1741065536732;2371
3;1741065540944;2958
2;1741065541002;2372
0;1741065541098;2793
3;1741065545919;2959
0;1741065546202;2794
1;1741065548058;2749
2;1741065548794;2373
3;1741065550927;2960
0;1741065551001;2795
1;1741065551417;2750
2;1741065551721;2374
3;1741065555855;2961
1;1741065556139;2751
0;1741065558938;2796
2;1741065559323;2375
3;1741065560909;2962
1;1741065560937;2752
0;1741065561353;2797
2;1741065561513;2376
3;1741065565887;2963
0;1741065565897;2798
1;1741065566232;2753
2;1741065566580;2377
3;1741065570862;2964
0;1741065570952;2799
1;1741065571025;2754
2;1741065571768;2378
3;1741065575866;2965
0;1741065577960;2800
2;1741065579243;2379
1;1741065579416;2755
3;1741065580861;2966
0;1741065581278;2801
1;1741065582984;2756
3;1741065585821;2967
0;1741065586120;2802
2;1741065588256;2380
1;1741065589096;2757
3;1741065590831;2968
1;1741065591001;2758
0;1741065591216;2803
2;1741065591335;2381
3;1741065595822;2969
0;1741065596039;2804
2;1741065598103;2382
1;1741065598903;2759
3;1741065600828;2970
0;1741065603168;2805
1;1741065603846;2760
3;1741065605825;2971
2;1741065606134;2383
1;1741065606662;2761
0;1741065608614;2806
3;1741065610861;2972
0;1741065611062;2807
2;1741065613221;2384
3;1741065615856;2973
0;1741065616038;2808
1;1741065618773;2762
3;1741065620845;2974
0;1741065620933;2809
1;1741065621125;2763
2;1741065621493;2385
3;1741065625867;2975
1;1741065625925;2764
0;1741065626213;2810
2;1741065626373;2386
3;1741065630876;2976
2;1741065631428;2387
1;1741065631493;2765
0;1741065633156;2811
3;1741065635834;2977
0;1741065636132;2812
1;1741065636292;2766
2;1741065636404;2388
3;1741065640859;2978
1;1741065642004;2767
2;1741065642116;2389
0;1741065643652;2813
3;1741065645834;2979
0;1741065645946;2814
1;1741065646132;2768
2;1741065646356;2390
3;1741065650874;2980
0;1741065651171;2815
3;1741065655858;2981
0;1741065655907;2816
2;1741065658803;2391
1;1741065659267;2769
3;1741065660825;2982
1;1741065660931;2770
0;1741065661011;2817
2;1741065661155;2392
3;1741065665833;2983
0;1741065666068;2818
2;1741065666323;2393
1;1741065666435;2771
3;1741065670856;2984
0;1741065670995;2819
2;1741065673426;2394
3;1741065675831;2985
0;1741065675990;2820
1;1741065679193;2772
3;1741065680871;2986
0;1741065680913;2821
1;1741065681073;2773
2;1741065681585;2395
3;1741065685847;2987
0;1741065686929;2822
2;1741065688225;2396
1;1741065689372;2774
3;1741065690822;2988
1;1741065690961;2775
0;1741065691377;2823
2;1741065694273;2397
3;1741065695830;2989
0;1741065696241;2824
1;1741065698128;2776
2;1741065698497;2398
3;1741065700822;2990
0;1741065701024;2825
2;1741065703968;2399
1;1741065704160;2777
3;1741065705830;2991
0;1741065705984;2826
1;1741065706176;2778
2;1741065706448;2400
3;1741065710932;2992
2;1741065711007;2401
0;1741065711104;2827
1;1741065711231;2779
3;1741065715870;2993
0;1741065715999;2828
1;1741065716095;2780
2;1741065716623;2402
3;1741065720885;2994
0;1741065721007;2829
2;1741065721119;2403
1;1741065721279;2781
3;1741065725829;2995
0;1741065725983;2830
1;1741065729103;2782
2;1741065729311;2404
3;1741065730837;2996
1;1741065731071;2783
2;1741065731390;2405
0;1741065731615;2831
3;1741065735828;2997
0;1741065735950;2832
1;1741065738798;2784
2;1741065739390;2406
3;1741065740868;2998
0;1741065741886;2833
1;1741065743054;2785
2;1741065744254;2407
3;1741065745845;2999
0;1741065745917;2834
1;1741065746334;2786
2;1741065746445;2408
3;1741065750834;3000
0;1741065750923;2835
1;1741065752957;2787
3;1741065755826;3001
0;1741065755887;2836
1;1741065759213;2788
2;1741065759949;2409
3;1741065760946;3002
1;1741065763150;2789
2;1741065763246;2410
3;1741065765826;3003
1;1741065769389;2790
3;1741065770866;3004
0;1741065771181;2837
2;1741065773213;2411
1;1741065773853;2791
3;1741065775841;3005
0;1741065775981;2838
3;1741065780833;3006
1;1741065782987;2792
0;1741065783323;2839
2;1741065783867;2412
3;1741065785872;3007
0;1741065786219;2840
1;1741065786715;2793
2;1741065786907;2413
3;1741065790864;3008
1;1741065791211;2794
2;1741065791979;2414
3;1741065795855;3009
0;1741065795898;2841
1;1741065796794;2795
2;1741065796970;2415
3;1741065800832;3010
0;1741065800954;2842
2;1741065801306;2416
1;1741065801578;2796
3;1741065805823;3011
2;1741065806394;2417
1;1741065806586;2797
0;1741065806714;2843
3;1741065810862;3012
0;1741065811225;2844
2;1741065813241;2418
1;1741065813945;2798
3;1741065815822;3013
0;1741065816025;2845
2;1741065818169;2419
1;1741065819033;2799
3;1741065820846;3014
0;1741065820889;2846
1;1741065821097;2800
2;1741065821257;2420
3;1741065825854;3015
0;1741065825881;2847
1;1741065826185;2801
2;1741065826248;2421
3;1741065830877;3016
0;1741065830972;2848
2;1741065831368;2422
1;1741065831512;2802
3;1741065835823;3017
0;1741065839289;2849
3;1741065840830;3018
0;1741065841016;2850
1;1741065841127;2803
2;1741065841384;2423
3;1741065845853;3019
0;1741065845944;2851
1;1741065846233;2804
2;1741065846489;2424
3;1741065850829;3020
1;1741065853464;2805
3;1741065855838;3021
2;1741065856199;2425
1;1741065856327;2806
3;1741065860861;3022
2;1741065864358;2426
1;1741065864758;2807
3;1741065865884;3023
1;1741065866070;2808
2;1741065866166;2427
0;1741065866598;2852
3;1741065870828;3024
0;1741065873189;2853
2;1741065873445;2428
1;1741065874102;2809
3;1741065875834;3025
0;1741065875927;2854
1;1741065876054;2810
2;1741065876149;2429
3;1741065880827;3026
0;1741065881909;2855
2;1741065883125;2430
1;1741065883749;2811
3;1741065885866;3027
0;1741065885941;2856
1;1741065886363;2812
2;1741065886822;2431
3;1741065890825;3028
0;1741065891253;2857
2;1741065891621;2432
1;1741065891909;2813
3;1741065895849;3029
0;1741065895956;2858
1;1741065898212;2814
3;1741065900873;3030
0;1741065901152;2859
2;1741065901236;2433
1;1741065903284;2815
3;1741065905850;3031
1;1741065906035;2816
2;1741065906147;2434
0;1741065906900;2860
3;1741065910873;3032
1;1741065910995;2817
2;1741065911076;2435
0;1741065913811;2861
3;1741065915849;3033
1;1741065916451;2818
2;1741065916469;2436
0;1741065916627;2862
3;1741065920843;3034
0;1741065921379;2863
1;1741065921731;2819
2;1741065921843;2437
3;1741065925895;3035
1;1741065925935;2820
2;1741065926021;2438
0;1741065926882;2864
3;1741065930872;3036
0;1741065931154;2865
2;1741065933442;2439
3;1741065935847;3037
0;1741065935922;2866
1;1741065936194;2821
2;1741065936372;2440
0;1741065940882;2867
3;1741065940891;3038
1;1741065941010;2822
2;1741065941090;2441
3;1741065945865;3039
0;1741065946130;2868
2;1741065948833;2442
1;1741065949025;2823
3;1741065950872;3040
0;1741065950913;2869
1;1741065951201;2824
2;1741065951329;2443
3;1741065955894;3041
2;1741065955921;2444
1;1741065956065;2825
0;1741065956145;2870
3;1741065960823;3042
0;1741065961232;2871
1;1741065961328;2826
2;1741065961536;2445
3;1741065965832;3043
1;1741065969232;2827
3;1741065970885;3044
0;1741065970959;2872
1;1741065971136;2828
2;1741065971332;2446
3;1741065975923;3045
0;1741065975954;2873
1;1741065976479;2829
2;1741065976655;2447
3;1741065980902;3046
1;1741065980991;2830
0;1741065981279;2874
2;1741065981571;2448
3;1741065985876;3047
0;1741065986095;2875
1;1741065988135;2831
2;1741065988831;2449
3;1741065990893;3048
2;1741065991087;2450
1;1741065991390;2832
0;1741065991635;2876
3;1741065995844;3049
0;1741065998222;2877
2;1741065998862;2451
3;1741066000819;3050
0;1741066001006;2878
2;1741066003198;2452
1;1741066004248;2833
3;1741066005828;3051
0;1741066006126;2879
1;1741066008861;2834
2;1741066009053;2453
3;1741066010820;3052
0;1741066011005;2880
1;1741066013133;2835
2;1741066013341;2454
3;1741066015827;3053
0;1741066015982;2881
1;1741066016078;2836
2;1741066016270;2455
3;1741066020835;3054
0;1741066021165;2882
1;1741066021340;2837
2;1741066021788;2456
3;1741066025826;3055
0;1741066025948;2883
1;1741066028158;2838
2;1741066028589;2457
3;1741066030834;3056
2;1741066031342;2458
1;1741066031740;2839
0;1741066033868;2884
3;1741066035826;3057
0;1741066036349;2885
1;1741066038157;2840
2;1741066038894;2459
3;1741066040833;3058
0;1741066041147;2886
2;1741066041435;2460
1;1741066041931;2841
3;1741066045857;3059
1;1741066048187;2842
2;1741066048507;2461
0;1741066048731;2887
3;1741066050833;3060
0;1741066051195;2888
1;1741066053115;2843
2;1741066053227;2462
3;1741066055919;3061
2;1741066056682;2463
0;1741066056746;2889
1;1741066059354;2844
3;1741066060832;3062
2;1741066064138;2464
0;1741066064314;2890
1;1741066064714;2845
3;1741066065839;3063
0;1741066065930;2891
1;1741066066187;2846
2;1741066066331;2465
3;1741066070847;3064
1;1741066072955;2847
2;1741066074027;2466
0;1741066074203;2892
3;1741066075823;3065
0;1741066078202;2893
2;1741066078697;2467
3;1741066080832;3066
1;1741066084345;2848
3;1741066085855;3067
0;1741066085964;2894
2;1741066087944;2468
3;1741066090831;3068
1;1741066093224;2849
0;1741066093336;2895
2;1741066093736;2469
3;1741066095871;3069
0;1741066095912;2896
1;1741066096104;2850
2;1741066096373;2470
3;1741066100909;3070
1;1741066101065;2851
0;1741066101305;2897
2;1741066101465;2471
3;1741066105900;3071
2;1741066106152;2472
1;1741066106231;2852
0;1741066108887;2898
3;1741066110877;3072
0;1741066111031;2899
1;1741066111159;2853
2;1741066111319;2473
3;1741066115835;3073
0;1741066116112;2900
1;1741066116359;2854
2;1741066116454;2474
3;1741066120828;3074
1;1741066121142;2855
2;1741066121303;2475
0;1741066121927;2901
3;1741066125867;3075
0;1741066126198;2902
2;1741066126646;2476
1;1741066126758;2856
3;1741066130844;3076
0;1741066130918;2903
1;1741066131302;2857
2;1741066131494;2477
3;1741066135837;3077
0;1741066136006;2904
2;1741066138950;2478
3;1741066140858;3078
0;1741066140949;2905
2;1741066141061;2479
1;1741066141189;2858
3;1741066145834;3079
0;1741066146101;2906
3;1741066150858;3080
0;1741066150868;2907
1;1741066151572;2859
2;1741066151845;2480
3;1741066155834;3081
0;1741066156148;2908
3;1741066160906;3082
0;1741066160982;2909
2;1741066161076;2481
1;1741066163908;2860
3;1741066165833;3083
0;1741066166756;2910
2;1741066169203;2482
3;1741066170826;3084
0;1741066171683;2911
2;1741066174067;2483
1;1741066174691;2861
3;1741066175833;3085
0;1741066175987;2912
2;1741066178851;2484
1;1741066179004;2862
3;1741066180857;3086
0;1741066180947;2913
1;1741066181347;2863
2;1741066181619;2485
3;1741066185865;3087
1;1741066186011;2864
2;1741066186099;2486
0;1741066186707;2914
3;1741066190824;3088
1;1741066191074;2865
2;1741066191086;2487
0;1741066191266;2915
3;1741066195832;3089
0;1741066196018;2916
1;1741066196386;2866
2;1741066196562;2488
3;1741066200872;3090
0;1741066200916;2917
1;1741066201027;2867
2;1741066201121;2489
3;1741066205849;3091
0;1741066206033;2918
1;1741066206289;2868
2;1741066206497;2490
3;1741066210950;3092
0;1741066211153;2919
1;1741066211185;2869
2;1741066211345;2491
3;1741066215846;3093
0;1741066215924;2920
1;1741066216327;2870
2;1741066216705;2492
3;1741066220856;3094
1;1741066220928;2871
2;1741066221136;2493
0;1741066221426;2921
3;1741066225861;3095
2;1741066226038;2494
0;1741066226228;2922
1;1741066226352;2872
3;1741066230854;3096
0;1741066231040;2923
1;1741066234127;2873
2;1741066234447;2495
3;1741066235829;3097
2;1741066236191;2496
1;1741066236271;2874
0;1741066236463;2924
3;1741066240821;3098
1;1741066241103;2875
0;1741066241167;2925
2;1741066241295;2497
3;1741066245830;3099
0;1741066246064;2926
1;1741066246752;2876
3;1741066250821;3100
1;1741066251326;2877
2;1741066251422;2498
0;1741066251551;2927
3;1741066255829;3101
0;1741066258144;2928
2;1741066259183;2499
1;1741066259248;2878
3;1741066260899;3102
1;1741066260991;2879
2;1741066261082;2500
0;1741066261167;2929
3;1741066266754;3103
0;1741066267149;2930
1;1741066267277;2880
2;1741066267501;2501
3;1741066270834;3104
0;1741066271069;2931
2;1741066271603;2502
1;1741066271741;2881
3;1741066275874;3105
0;1741066275949;2932
2;1741066276028;2503
1;1741066278797;2882
3;1741066280834;3106
0;1741066281068;2933
2;1741066284173;2504
3;1741066285826;3107
0;1741066286172;2934
2;1741066286361;2505
1;1741066286636;2883
3;1741066290866;3108
0;1741066291485;2935
2;1741066292940;2506
3;1741066295842;3109
1;1741066296011;2884
2;1741066296508;2507
0;1741066296909;2936
3;1741066300849;3110
0;1741066300875;2937
1;1741066301011;2885
2;1741066301130;2508
3;1741066305825;3111
0;1741066306443;2938
2;1741066308107;2509
1;1741066309035;2886
3;1741066310863;3112
2;1741066310986;2510
1;1741066311163;2887
0;1741066311610;2939
3;1741066315887;3113
1;1741066316074;2888
2;1741066318922;2511
3;1741066320927;3114
2;1741066320964;2512
1;1741066321114;2889
0;1741066323242;2940
3;1741066325872;3115
0;1741066326073;2941
2;1741066326330;2513
1;1741066326490;2890
3;1741066330893;3116
0;1741066331227;2942
1;1741066332347;2891
2;1741066333557;2514
3;1741066335823;3117
1;1741066338313;2892
0;1741066339369;2943
3;1741066340830;3118
0;1741066341001;2944
1;1741066341177;2893
2;1741066341289;2515
3;1741066345823;3119
0;1741066346009;2945
2;1741066348840;2516
1;1741066349016;2894
3;1741066350832;3120
0;1741066351576;2946
2;1741066353256;2517
1;1741066353896;2895
3;1741066355867;3121
0;1741066355928;2947
1;1741066356104;2896
2;1741066356952;2518
3;1741066360829;3122
0;1741066361060;2948
3;1741066365869;3123
0;1741066366503;2949
1;1741066369655;2897
2;1741066369674;2519
3;1741066370830;3124
0;1741066371079;2950
2;1741066373063;2520
1;1741066373735;2898
3;1741066375837;3125
0;1741066375863;2951
1;1741066376233;2899
2;1741066376299;2521
3;1741066380908;3126
1;1741066380947;2900
2;1741066381112;2522
0;1741066381896;2952
3;1741066385852;3127
0;1741066386022;2953
1;1741066386310;2901
2;1741066386422;2523
3;1741066390843;3128
1;1741066391014;2902
2;1741066391142;2524
0;1741066391270;2954
3;1741066395867;3129
0;1741066395941;2955
1;1741066396341;2903
2;1741066396709;2525
3;1741066400890;3130
1;1741066401125;2904
2;1741066401262;2526
0;1741066401397;2956
3;1741066405834;3131
0;1741066405989;2957
1;1741066406149;2905
2;1741066406678;2527
3;1741066410826;3132
1;1741066410933;2906
0;1741066411125;2958
2;1741066411285;2528
3;1741066415859;3133
0;1741066416276;2959
2;1741066418885;2529
3;1741066420843;3134
0;1741066420916;2960
1;1741066421044;2907
2;1741066421204;2530
3;1741066425849;3135
1;1741066425964;2908
2;1741066426068;2531
0;1741066426228;2961
3;1741066430825;3136
0;1741066430915;2962
2;1741066433123;2532
1;1741066433379;2909
3;1741066435865;3137
0;1741066436051;2963
2;1741066437923;2533
3;1741066440825;3138
0;1741066440995;2964
1;1741066441203;2910
2;1741066441715;2534
3;1741066445864;3139
1;1741066445959;2911
2;1741066446323;2535
0;1741066446562;2965
3;1741066450823;3140
1;1741066451010;2912
2;1741066451219;2536
0;1741066451443;2966
3;1741066455846;3141
1;1741066455970;2913
0;1741066456257;2967
2;1741066456578;2537
3;1741066460887;3142
0;1741066460951;2968
2;1741066461257;2538
1;1741066461345;2914
3;1741066465863;3143
0;1741066466300;2969
2;1741066468225;2539
3;1741066470823;3144
0;1741066471169;2970
2;1741066471713;2540
1;1741066471873;2915
3;1741066475863;3145
0;1741066475904;2971
1;1741066476145;2916
2;1741066476256;2541
3;1741066480823;3146
0;1741066481080;2972
2;1741066481218;2542
1;1741066481392;2917
3;1741066485879;3147
0;1741066485889;2973
1;1741066486208;2918
2;1741066486672;2543
3;1741066490839;3148
0;1741066490927;2974
1;1741066494256;2919
3;1741066495869;3149
0;1741066495887;2975
2;1741066496543;2544
1;1741066496687;2920
3;1741066500862;3150
1;1741066501065;2921
0;1741066501327;2976
2;1741066501663;2545
3;1741066505908;3151
1;1741066505944;2922
2;1741066506042;2546
0;1741066506239;2977
3;1741066510863;3152
0;1741066511278;2978
1;1741066513246;2923
3;1741066515847;3153
1;1741066515991;2924
2;1741066516222;2547
0;1741066516318;2979
3;1741066520852;3154
0;1741066520894;2980
1;1741066521214;2925
2;1741066521373;2548
3;1741066525827;3155
0;1741066526045;2981
1;1741066528334;2926
3;1741066530931;3156
0;1741066530989;2982
1;1741066531293;2927
2;1741066531416;2549
3;1741066535826;3157
1;1741066535997;2928
0;1741066536093;2983
2;1741066536349;2550
3;1741066540867;3158
2;1741066540913;2551
1;1741066541128;2929
0;1741066541245;2984
3;1741066545872;3159
2;1741066546751;2552
1;1741066546876;2930
0;1741066549068;2985
3;1741066550945;3160
0;1741066551196;2986
1;1741066554364;2931
2;1741066554540;2553
3;1741066555866;3161
1;1741066559229;2932
3;1741066560833;3162
1;1741066563787;2933
3;1741066565826;3163
0;1741066566245;2987
3;1741066570847;3164
0;1741066570906;2988
1;1741066570972;2934
2;1741066571178;2554
3;1741066575839;3165
1;1741066576188;2935
2;1741066576844;2555
0;1741066579119;2989
3;1741066580857;3166
0;1741066580890;2990
1;1741066581082;2936
2;1741066581594;2556
3;1741066585872;3167
0;1741066585908;2991
1;1741066586025;2937
2;1741066586187;2557
3;1741066590832;3168
2;1741066594187;2558
1;1741066594206;2938
3;1741066595824;3169
0;1741066598137;2992
2;1741066598281;2559
1;1741066599369;2939
3;1741066600927;3170
1;1741066600969;2940
2;1741066601349;2560
0;1741066601657;2993
3;1741066605902;3171
0;1741066606248;2994
2;1741066608232;2561
3;1741066610863;3172
0;1741066610920;2995
1;1741066611192;2941
2;1741066611544;2562
3;1741066615836;3173
2;1741066616120;2563
1;1741066616200;2942
3;1741066620958;3174
2;1741066621183;2564
0;1741066621801;2996
3;1741066625837;3175
1;1741066626119;2943
0;1741066626215;2997
2;1741066626327;2565
3;1741066630860;3176
0;1741066631118;2998
2;1741066633303;2566
3;1741066635838;3177
0;1741066635910;2999
1;1741066636214;2944
3;1741066640844;3178
0;1741066640880;3000
1;1741066642935;2945
2;1741066643255;2567
3;1741066645868;3179
1;1741066646327;2946
2;1741066646417;2568
0;1741066646503;3001
3;1741066650844;3180
0;1741066651030;3002
1;1741066651254;2947
2;1741066651350;2569
3;1741066655835;3181
1;1741066655989;2948
2;1741066656197;2570
0;1741066656374;3003
3;1741066660827;3182
0;1741066661335;3004
1;1741066663125;2949
2;1741066663957;2571
3;1741066665836;3183
0;1741066665925;3005
1;1741066666095;2950
2;1741066666213;2572
3;1741066670858;3184
0;1741066671206;3006
1;1741066674054;2951
2;1741066674075;2573
3;1741066675883;3185
0;1741066675956;3007
1;1741066676100;2952
2;1741066676388;2574
3;1741066680826;3186
0;1741066681027;3008
1;1741066681142;2953
2;1741066681300;2575
3;1741066685835;3187
0;1741066686006;3009
1;1741066686211;2954
2;1741066686307;2576
3;1741066690873;3188
0;1741066690899;3010
2;1741066691091;2577
1;1741066691219;2955
3;1741066695833;3189
0;1741066696627;3011
1;1741066698243;2956
2;1741066698739;2578
3;1741066700824;3190
0;1741066700915;3012
1;1741066703074;2957
3;1741066705832;3191
0;1741066706098;3013
2;1741066708066;2579
1;1741066708806;2958
3;1741066710840;3192
1;1741066710962;2959
2;1741066711181;2580
0;1741066711634;3014
3;1741066715831;3193
0;1741066716066;3015
2;1741066718097;2581
3;1741066720839;3194
2;1741066723169;2582
1;1741066723953;2960
0;1741066724561;3016
3;1741066725831;3195
0;1741066725891;3017
1;1741066726065;2961
2;1741066726321;2583
3;1741066730919;3196
0;1741066730993;3018
1;1741066731377;2962
2;1741066731633;2584
3;1741066735847;3197
0;1741066735872;3019
1;1741066736101;2963
2;1741066736272;2585
3;1741066740837;3198
0;1741066740891;3020
1;1741066740981;2964
2;1741066741184;2586
3;1741066745862;3199
0;1741066745972;3021
1;1741066746256;2965
2;1741066746352;2587
3;1741066750822;3200
0;1741066750997;3022
1;1741066753887;2966
2;1741066754031;2588
3;1741066755910;3201
1;1741066755983;2967
2;1741066756143;2589
0;1741066756495;3023
3;1741066760852;3202
1;1741066760959;2968
0;1741066761279;3024
2;1741066761695;2590
3;1741066765892;3203
0;1741066765934;3025
2;1741066766174;2591
1;1741066769023;2969
3;1741066770836;3204
0;1741066770910;3026
1;1741066771070;2970
2;1741066771230;2592
3;1741066775844;3205
0;1741066775919;3027
1;1741066776414;2971
2;1741066776686;2593
3;1741066780883;3206
1;1741066781071;2972
0;1741066781215;3028
2;1741066781327;2594
3;1741066785827;3207
0;1741066786157;3029
1;1741066788541;2973
3;1741066790850;3208
1;1741066790989;2974
0;1741066791453;3030
2;1741066791549;2595
3;1741066795828;3209
0;1741066796072;3031
2;1741066798140;2596
1;1741066798781;2975
3;1741066800909;3210
0;1741066801100;3032
2;1741066801372;2597
1;1741066801612;2976
3;1741066805828;3211
2;1741066808268;2598
0;1741066808940;3033
1;1741066809436;2977
3;1741066810876;3212
1;1741066810882;2978
0;1741066810988;3034
3;1741066815827;3213
0;1741066816341;3035
2;1741066818860;2599
3;1741066820835;3214
0;1741066821035;3036
1;1741066821412;2979
2;1741066821522;2600
3;1741066825824;3215
0;1741066825947;3037
1;1741066826315;2980
2;1741066826443;2601
3;1741066830833;3216
0;1741066830890;3038
1;1741066831195;2981
2;1741066831428;2602
3;1741066835857;3217
0;1741066836378;3039
2;1741066838506;2603
1;1741066839114;2982
3;1741066840831;3218
1;1741066841082;2983
0;1741066841210;3040
2;1741066841834;2604
0;1741066845865;3041
3;1741066845877;3219
1;1741066846064;2984
2;1741066846153;2605
3;1741066850847;3220
0;1741066850969;3042
1;1741066853161;2985
3;1741066855822;3221
1;1741066856777;2986
2;1741066858809;2606
3;1741066860847;3222
0;1741066860937;3043
1;1741066861033;2987
2;1741066863193;2607
3;1741066865823;3223
2;1741066866252;2608
1;1741066866376;2988
0;1741066868104;3044
3;1741066870846;3224
0;1741066871001;3045
1;1741066872025;2989
2;1741066873129;2609
3;1741066875947;3225
2;1741066876008;2610
0;1741066876264;3046
1;1741066879271;2990
3;1741066880847;3226
0;1741066881017;3047
2;1741066881241;2611
1;1741066881479;2991
3;1741066885916;3227
0;1741066886007;3048
1;1741066886295;2992
2;1741066886423;2612
3;1741066890829;3228
0;1741066890921;3049
1;1741066891063;2993
2;1741066891255;2613
3;1741066895821;3229
0;1741066896008;3050
1;1741066898264;2994
2;1741066898728;2614
3;1741066900879;3230
1;1741066901400;2995
0;1741066903223;3051
3;1741066905836;3231
0;1741066906214;3052
1;1741066909318;2996
3;1741066910843;3232
0;1741066911221;3053
2;1741066913142;2615
1;1741066913366;2997
3;1741066915868;3233
1;1741066915941;2998
2;1741066916101;2616
0;1741066916261;3054
3;1741066920843;3234
1;1741066921205;2999
2;1741066921701;2617
0;1741066923765;3055
3;1741066925835;3235
0;1741066925909;3056
1;1741066926478;3000
2;1741066926741;2618
3;1741066930873;3236
0;1741066931108;3057
2;1741066931572;2619
1;1741066931860;3001
3;1741066935833;3237
0;1741066936228;3058
1;1741066939060;3002
2;1741066939236;2620
3;1741066940890;3238
0;1741066940932;3059
1;1741066943204;3003
3;1741066945832;3239
0;1741066949236;3060
3;1741066950881;3240
0;1741066950960;3061
1;1741066951331;3004
2;1741066951507;2621
3;1741066955833;3241
0;1741066956083;3062
2;1741066958931;2622
3;1741066960826;3242
0;1741066963186;3063
1;1741066963954;3005
3;1741066965833;3243
0;1741066966162;3064
2;1741066969458;2623
3;1741066970824;3244
0;1741066971069;3065
1;1741066974082;3006
3;1741066975847;3245
0;1741066975938;3066
1;1741066976690;3007
2;1741066976882;2624
3;1741066980823;3246
0;1741066981217;3067
2;1741066982977;2625
1;1741066983537;3008
3;1741066985831;3247
0;1741066986145;3068
1;1741066986449;3009
2;1741066986721;2626
3;1741066990839;3248
0;1741066990882;3069
1;1741066991105;3010
2;1741066991505;2627
3;1741066995833;3249
3;1741067000822;3250
0;1741067001392;3070
1;1741067004400;3011
2;1741067004528;2628
3;1741067005832;3251
0;1741067006336;3071
1;1741067006448;3012
2;1741067006463;2629
3;1741067010885;3252
0;1741067011119;3072
2;1741067011284;2630
1;1741067011359;3013
3;1741067015845;3253
0;1741067015951;3073
1;1741067016351;3014
2;1741067016687;2631
3;1741067020869;3254
0;1741067020927;3074
1;1741067021263;3015
2;1741067021455;2632
3;1741067025829;3255
0;1741067026072;3075
1;1741067026435;3016
2;1741067026606;2633
3;1741067030885;3256
1;1741067030990;3017
2;1741067031102;2634
0;1741067031262;3076
3;1741067035885;3257
0;1741067036014;3077
2;1741067037966;2635
1;1741067038734;3018
3;1741067040820;3258
1;1741067040958;3019
0;1741067041038;3078
2;1741067041278;2636
3;1741067045827;3259
0;1741067048141;3079
2;1741067048221;2637
3;1741067050850;3260
0;1741067051085;3080
2;1741067051325;2638
1;1741067051933;3020
3;1741067055827;3261
0;1741067056061;3081
1;1741067056285;3021
2;1741067056461;2639
3;1741067060834;3262
1;1741067060993;3022
0;1741067061196;3082
2;1741067061308;2640
3;1741067065826;3263
0;1741067065932;3083
1;1741067066069;3023
2;1741067066444;2641
3;1741067070850;3264
0;1741067070988;3084
1;1741067071198;3024
2;1741067071308;2642
3;1741067075826;3265
0;1741067076349;3085
2;1741067078875;2643
1;1741067079467;3025
3;1741067080832;3266
0;1741067080987;3086
1;1741067081115;3026
2;1741067081179;2644
3;1741067085857;3267
0;1741067085920;3087
1;1741067086459;3027
2;1741067086603;2645
3;1741067090832;3268
0;1741067090954;3088
1;1741067093276;3028
2;1741067093993;2646
3;1741067095903;3269
1;1741067095931;3029
0;1741067096076;3089
2;1741067096203;2647
3;1741067100912;3270
2;1741067103146;2648
0;1741067103786;3090
3;1741067105825;3271
0;1741067106217;3091
1;1741067106922;3030
2;1741067107977;2649
3;1741067110833;3272
0;1741067112905;3092
2;1741067113193;2650
3;1741067115826;3273
1;1741067116697;3031
2;1741067116985;2651
3;1741067120831;3274
1;1741067123113;3032
2;1741067123272;2652
3;1741067125871;3275
0;1741067126200;3093
1;1741067129176;3033
2;1741067129384;2653
3;1741067130831;3276
0;1741067132904;3094
2;1741067134312;2654
1;1741067134504;3034
3;1741067135837;3277
1;1741067135992;3035
2;1741067136093;2655
0;1741067136440;3095
3;1741067140859;3278
0;1741067140951;3096
2;1741067143159;2656
3;1741067145838;3279
0;1741067146055;3097
1;1741067148711;3036
3;1741067150885;3280
0;1741067150951;3098
1;1741067151095;3037
2;1741067151415;2657
3;1741067155853;3281
1;1741067156070;3038
0;1741067156215;3099
2;1741067156311;2658
3;1741067160828;3282
0;1741067160966;3100
2;1741067161494;2659
1;1741067161574;3039
3;1741067165836;3283
0;1741067166008;3101
1;1741067166198;3040
2;1741067166502;2660
3;1741067170843;3284
0;1741067170933;3102
1;1741067171030;3041
2;1741067171270;2661
3;1741067175835;3285
0;1741067176597;3103
2;1741067178421;2662
1;1741067178869;3042
3;1741067180827;3286
3;1741067185834;3287
0;1741067186416;3104
2;1741067188374;2663
3;1741067190843;3288
0;1741067190880;3105
1;1741067191065;3043
2;1741067191156;2664
3;1741067195865;3289
2;1741067196101;2665
1;1741067196249;3044
0;1741067196757;3106
3;1741067200842;3290
1;1741067203444;3045
3;1741067205833;3291
2;1741067207955;2666
0;1741067208243;3107
1;1741067208355;3046
3;1741067210826;3292
0;1741067211204;3108
1;1741067214036;3047
3;1741067215847;3293
0;1741067216374;3109
1;1741067219428;3048
3;1741067220840;3294
0;1741067221522;3110
1;1741067224402;3049
3;1741067225831;3295
0;1741067225986;3111
2;1741067228274;2667
1;1741067228802;3050
3;1741067230872;3296
0;1741067230935;3112
1;1741067231058;3051
2;1741067233265;2668
3;1741067235831;3297
0;1741067236145;3113
2;1741067236277;2669
1;1741067238953;3052
3;1741067240822;3298
0;1741067241249;3114
1;1741067244497;3053
3;1741067245873;3299
0;1741067245937;3115
1;1741067248354;3054
3;1741067250822;3300
0;1741067251330;3116
1;1741067254112;3055
3;1741067255829;3301
1;1741067255985;3056
0;1741067256144;3117
2;1741067258192;2670
3;1741067260866;3302
1;1741067260946;3057
0;1741067261178;3118
3;1741067265831;3303
0;1741067265951;3119
2;1741067266352;2671
3;1741067270963;3304
1;1741067271855;3058
0;1741067273151;3120
3;1741067275877;3305
0;1741067278431;3121
3;1741067280869;3306
1;1741067281167;3059
0;1741067281375;3122
2;1741067283743;2672
3;1741067285829;3307
0;1741067286335;3123
1;1741067288191;3060
3;1741067290868;3308
1;1741067291054;3061
0;1741067293582;3124
2;1741067293934;2673
3;1741067295827;3309
0;1741067296158;3125
2;1741067296398;2674
1;1741067298334;3062
3;1741067300862;3310
0;1741067300989;3126
2;1741067303198;2675
1;1741067303854;3063
3;1741067305843;3311
1;1741067306013;3064
0;1741067306109;3127
2;1741067306237;2676
3;1741067310835;3312
0;1741067311293;3128
1;1741067313320;3065
2;1741067313677;2677
3;1741067315842;3313
0;1741067316125;3129
2;1741067318220;2678
3;1741067320835;3314
0;1741067321004;3130
1;1741067321868;3066
3;1741067325826;3315
0;1741067326012;3131
1;1741067326588;3067
2;1741067329052;2679
3;1741067330863;3316
2;1741067331020;2680
0;1741067333243;3132
1;1741067333387;3068
3;1741067335826;3317
0;1741067336091;3133
1;1741067336251;3069
2;1741067338155;2681
3;1741067340833;3318
0;1741067341035;3134
2;1741067343579;2682
1;1741067344188;3070
3;1741067345890;3319
1;1741067345968;3071
0;1741067346139;3135
2;1741067346363;2683
3;1741067350833;3320
0;1741067351083;3136
1;1741067353787;3072
2;1741067353962;2684
3;1741067355840;3321
0;1741067355866;3137
1;1741067356032;3073
2;1741067356315;2685
3;1741067360831;3322
1;1741067361003;3074
0;1741067361083;3138
3;1741067365823;3323
1;1741067366026;3075
0;1741067366233;3139
2;1741067368985;2686
3;1741067370832;3324
0;1741067370921;3140
2;1741067371129;2687
1;1741067373193;3076
3;1741067375823;3325
1;1741067375993;3077
0;1741067376173;3141
2;1741067379161;2688
3;1741067380847;3326
0;1741067380893;3142
2;1741067381017;2689
1;1741067381353;3078
3;1741067385822;3327
0;1741067386131;3143
2;1741067388280;2690
1;1741067388616;3079
3;1741067390831;3328
1;1741067391176;3080
0;1741067393944;3144
3;1741067395870;3329
0;1741067395961;3145
1;1741067396104;3081
2;1741067396312;2691
3;1741067400844;3330
0;1741067400887;3146
2;1741067401175;2692
1;1741067401335;3082
3;1741067405820;3331
0;1741067406168;3147
1;1741067406807;3083
2;1741067408600;2693
3;1741067410830;3332
0;1741067410919;3148
1;1741067411176;3084
3;1741067415839;3333
0;1741067416007;3149
2;1741067416142;2694
1;1741067416390;3085
3;1741067420844;3334
0;1741067420918;3150
2;1741067421113;2695
1;1741067421894;3086
3;1741067425877;3335
0;1741067425914;3151
2;1741067426006;2696
1;1741067426310;3087
3;1741067430844;3336
0;1741067430945;3152
2;1741067431013;2697
1;1741067431257;3088
3;1741067435820;3337
0;1741067436229;3153
1;1741067439173;3089
3;1741067440843;3338
0;1741067441013;3154
1;1741067444037;3090
3;1741067445835;3339
1;1741067446196;3091
0;1741067446308;3155
3;1741067450827;3340
0;1741067450980;3156
1;1741067453172;3092
2;1741067453972;2698
3;1741067455850;3341
0;1741067456091;3157
1;1741067458868;3093
3;1741067460889;3342
0;1741067460965;3158
1;1741067461141;3094
2;1741067461653;2699
3;1741067465834;3343
0;1741067466645;3159
1;1741067468117;3095
2;1741067468901;2700
3;1741067470840;3344
0;1741067470877;3160
2;1741067471075;2701
1;1741067471443;3096
3;1741067475849;3345
0;1741067475908;3161
2;1741067476004;2702
1;1741067476180;3097
3;1741067480857;3346
0;1741067480921;3162
1;1741067481060;3098
2;1741067481220;2703
3;1741067485832;3347
0;1741067486114;3163
2;1741067486370;2704
1;1741067488018;3099
3;1741067490952;3348
1;1741067491122;3100
0;1741067491361;3164
2;1741067493234;2705
3;1741067495830;3349
1;1741067496289;3101
2;1741067497937;2706
0;1741067498225;3165
3;1741067500838;3350
0;1741067501329;3166
2;1741067503697;2707
1;1741067504225;3102
3;1741067505894;3351
2;1741067506081;2708
1;1741067506321;3103
0;1741067506412;3167
3;1741067510981;3352
1;1741067511041;3104
0;1741067511291;3168
2;1741067513074;2709
3;1741067515830;3353
1;1741067516112;3105
0;1741067516448;3169
3;1741067520870;3354
0;1741067520928;3170
1;1741067521200;3106
2;1741067523616;2710
3;1741067525845;3355
1;1741067526096;3107
0;1741067526341;3171
2;1741067528415;2711
3;1741067530821;3356
2;1741067531599;2712
0;1741067532977;3172
1;1741067534015;3108
3;1741067535846;3357
0;1741067535903;3173
1;1741067536031;3109
2;1741067536319;2713
3;1741067540822;3358
0;1741067541105;3174
1;1741067543199;3110
3;1741067545861;3359
0;1741067546031;3175
1;1741067546494;3111
3;1741067550852;3360
0;1741067550926;3176
1;1741067551102;3112
2;1741067554062;2714
3;1741067555845;3361
0;1741067556142;3177
1;1741067559246;3113
3;1741067560868;3362
1;1741067560989;3114
2;1741067561250;2715
0;1741067563261;3178
3;1741067565843;3363
0;1741067565931;3179
2;1741067566013;2716
1;1741067566429;3115
3;1741067570867;3364
1;1741067571133;3116
0;1741067572029;3180
2;1741067573277;2717
3;1741067575826;3365
2;1741067576284;2718
1;1741067579084;3117
3;1741067580844;3366
1;1741067580886;3118
0;1741067581036;3181
2;1741067583068;2719
3;1741067585827;3367
0;1741067585943;3182
1;1741067586060;3119
2;1741067588251;2720
3;1741067590850;3368
1;1741067591324;3120
2;1741067591339;2721
0;1741067594172;3183
3;1741067595870;3369
0;1741067596235;3184
1;1741067596655;3121
3;1741067600833;3370
0;1741067600978;3185
1;1741067604811;3122
3;1741067605857;3371
0;1741067605899;3186
2;1741067605995;2722
1;1741067606156;3123
3;1741067610833;3372
0;1741067610987;3187
1;1741067611163;3124
2;1741067613242;2723
3;1741067615825;3373
1;1741067616582;3125
3;1741067620848;3374
0;1741067621060;3188
1;1741067621162;3126
2;1741067622932;2724
3;1741067625837;3375
0;1741067625961;3189
2;1741067626180;2725
1;1741067629001;3127
3;1741067630847;3376
0;1741067631081;3190
1;1741067631225;3128
2;1741067633225;2726
3;1741067635823;3377
2;1741067635993;2727
3;1741067640832;3378
2;1741067641306;2728
0;1741067641417;3191
1;1741067643064;3129
3;1741067645822;3379
2;1741067646264;2729
0;1741067648248;3192
1;1741067648968;3130
3;1741067650845;3380
0;1741067650920;3193
1;1741067651704;3131
3;1741067655869;3381
1;1741067656311;3132
0;1741067656456;3194
2;1741067657959;2730
3;1741067660892;3382
0;1741067660999;3195
2;1741067663175;2731
3;1741067665837;3383
0;1741067666017;3196
1;1741067669127;3133
3;1741067670829;3384
2;1741067671575;2732
0;1741067673335;3197
1;1741067674167;3134
3;1741067675869;3385
1;1741067676167;3135
0;1741067678199;3198
2;1741067678487;2733
3;1741067680876;3386
0;1741067681517;3199
2;1741067683142;2734
1;1741067684198;3136
3;1741067685868;3387
0;1741067685903;3200
1;1741067686774;3137
3;1741067690829;3388
0;1741067691077;3201
2;1741067691462;2735
1;1741067692901;3138
3;1741067695884;3389
0;1741067695909;3202
1;1741067696245;3139
3;1741067700919;3390
0;1741067700956;3203
1;1741067701701;3140
2;1741067703173;2736
3;1741067705851;3391
1;1741067709348;3141
3;1741067710828;3392
2;1741067711716;2737
1;1741067713204;3142
0;1741067714020;3204
3;1741067715849;3393
0;1741067715920;3205
1;1741067716052;3143
2;1741067716148;2738
3;1741067720826;3394
0;1741067721204;3206
1;1741067723344;3144
2;1741067723860;2739
3;1741067725834;3395
1;1741067729107;3145
3;1741067730841;3396
0;1741067731276;3207
1;1741067733571;3146
3;1741067735832;3397
1;1741067738987;3147
3;1741067740825;3398
0;1741067741011;3208
1;1741067741204;3148
2;1741067743908;2740
3;1741067745833;3399
0;1741067746002;3209
1;1741067746546;3149
2;1741067748178;2741
3;1741067750855;3400
2;1741067751186;2742
0;1741067752897;3210
1;1741067753090;3150
3;1741067755848;3401
0;1741067755921;3211
1;1741067756097;3151
3;1741067760839;3402
0;1741067760875;3212
2;1741067760961;2743
1;1741067761697;3152
3;1741067765847;3403
2;1741067765990;2744
0;1741067766097;3213
1;1741067768289;3153
3;1741067770837;3404
0;1741067770876;3214
1;1741067771120;3154
3;1741067775831;3405
2;1741067776128;2745
1;1741067779056;3155
3;1741067780838;3406
0;1741067780930;3215
1;1741067781073;3156
2;1741067781154;2746
3;1741067785899;3407
1;1741067785968;3157
0;1741067786352;3216
2;1741067788144;2747
3;1741067790853;3408
1;1741067791055;3158
0;1741067791151;3217
3;1741067795829;3409
0;1741067795983;3218
1;1741067798191;3159
3;1741067800860;3410
1;1741067801087;3160
0;1741067801183;3219
2;1741067803663;2748
3;1741067805845;3411
0;1741067805968;3220
1;1741067806217;3161
2;1741067808880;2749
3;1741067810899;3412
0;1741067810958;3221
1;1741067813106;3162
2;1741067814174;2750
3;1741067815874;3413
0;1741067815982;3222
2;1741067816042;2751
1;1741067819469;3163
3;1741067820868;3414
0;1741067820925;3223
1;1741067821021;3164
3;1741067825892;3415
1;1741067826061;3165
0;1741067828829;3224
2;1741067829037;2752
3;1741067830847;3416
1;1741067831933;3166
2;1741067832013;2753
0;1741067833773;3225
3;1741067835827;3417
0;1741067836092;3226
1;1741067839388;3167
3;1741067840834;3418
1;1741067840876;3168
0;1741067841116;3227
2;1741067843116;2754
3;1741067845874;3419
1;1741067846076;3169
0;1741067846476;3228
2;1741067848188;2755
3;1741067850849;3420
0;1741067850924;3229
1;1741067851036;3170
3;1741067855903;3421
0;1741067856059;3230
1;1741067859163;3171
3;1741067860849;3422
0;1741067860923;3231
1;1741067861051;3172
3;1741067865825;3423
2;1741067865931;2756
1;1741067868347;3173
0;1741067868683;3232
3;1741067870865;3424
0;1741067870932;3233
1;1741067871050;3174
3;1741067875824;3425
2;1741067876058;2757
0;1741067876298;3234
1;1741067879364;3175
3;1741067880832;3426
0;1741067881289;3235
2;1741067883149;2758
1;1741067883513;3176
3;1741067885889;3427
1;1741067885961;3177
0;1741067886073;3236
2;1741067886139;2759
3;1741067890847;3428
0;1741067890938;3237
2;1741067891082;2760
1;1741067891609;3178
3;1741067895823;3429
0;1741067896121;3238
1;1741067896361;3179
3;1741067900905;3430
0;1741067901081;3239
2;1741067903144;2761
1;1741067903400;3180
3;1741067905838;3431
0;1741067905896;3240
1;1741067906040;3181
2;1741067906104;2762
3;1741067910832;3432
0;1741067913240;3241
2;1741067913976;2763
1;1741067914168;3182
3;1741067915836;3433
0;1741067915944;3242
1;1741067916168;3183
2;1741067918088;2764
3;1741067920829;3434
1;1741067921224;3184
0;1741067923800;3243
3;1741067925837;3435
1;1741067926056;3185
3;1741067930828;3436
0;1741067930935;3244
2;1741067933127;2765
1;1741067934007;3186
3;1741067935836;3437
0;1741067936024;3245
1;1741067936294;3187
2;1741067936630;2766
3;1741067940829;3438
0;1741067940934;3246
1;1741067944166;3188
3;1741067945836;3439
0;1741067945894;3247
2;1741067946118;2767
1;1741067949094;3189
3;1741067950843;3440
0;1741067950975;3248
1;1741067951094;3190
2;1741067951221;2768
3;1741067955861;3441
0;1741067958149;3249
3;1741067960828;3442
1;1741067960965;3191
0;1741067961446;3250
2;1741067964518;2769
3;1741067965835;3443
0;1741067965993;3251
1;1741067966309;3192
2;1741067966388;2770
3;1741067970842;3444
1;1741067971028;3193
2;1741067971204;2771
3;1741067975833;3445
2;1741067976148;2772
0;1741067976228;3252
3;1741067980825;3446
0;1741067981043;3253
2;1741067981299;2773
1;1741067982915;3194
3;1741067985832;3447
2;1741067985970;2774
1;1741067986340;3195
3;1741067990841;3448
2;1741067991187;2775
0;1741067991313;3254
1;1741067994099;3196
3;1741067995848;3449
0;1741067995986;3255
1;1741067999074;3197
3;1741068000952;3450
0;1741068001042;3256
1;1741068001122;3198
2;1741068003170;2776
3;1741068005862;3451
0;1741068006082;3257
1;1741068006354;3199
2;1741068008194;2777
3;1741068010854;3452
1;1741068011602;3200
0;1741068011666;3258
2;1741068013042;2778
3;1741068015849;3453
0;1741068016001;3259
1;1741068016081;3201
3;1741068020871;3454
0;1741068021073;3260
1;1741068021393;3202
3;1741068025845;3455
1;1741068026001;3203
0;1741068026236;3261
2;1741068028272;2779
3;1741068030869;3456
1;1741068030992;3204
0;1741068033873;3262
3;1741068035830;3457
2;1741068036048;2780
0;1741068036384;3263
1;1741068038688;3205
3;1741068040868;3458
0;1741068041104;3264
1;1741068043531;3206
2;1741068044048;2781
3;1741068045904;3459
0;1741068045919;3265
1;1741068046640;3207
2;1741068048895;2782
3;1741068050837;3460
1;1741068050991;3208
2;1741068053023;2783
3;1741068055877;3461
0;1741068055958;3266
2;1741068056047;2784
1;1741068056271;3209
3;1741068060821;3462
0;1741068060943;3267
1;1741068064479;3210
3;1741068065830;3463
0;1741068066142;3268
2;1741068069022;2785
3;1741068070820;3464
2;1741068071198;2786
1;1741068073630;3211
3;1741068075876;3465
0;1741068076158;3269
1;1741068076382;3212
2;1741068078253;2787
3;1741068080861;3466
0;1741068081037;3270
2;1741068081405;2788
1;1741068083229;3213
3;1741068085938;3467
2;1741068086294;2789
0;1741068088968;3271
3;1741068090851;3468
0;1741068091165;3272
1;1741068091282;3214
2;1741068091485;2790
3;1741068095921;3469
2;1741068096621;2791
1;1741068099196;3215
3;1741068100851;3470
2;1741068100988;2792
0;1741068101004;3273
1;1741068101612;3216
3;1741068105858;3471
1;1741068105996;3217
0;1741068106092;3274
2;1741068107964;2793
3;1741068110832;3472
1;1741068111147;3218
0;1741068111276;3275
3;1741068115841;3473
0;1741068115867;3276
1;1741068116171;3219
2;1741068119195;2794
3;1741068120832;3474
1;1741068121115;3220
0;1741068121138;3277
3;1741068125856;3475
1;1741068125946;3221
0;1741068126539;3278
2;1741068128250;2795
3;1741068130894;3476
0;1741068131066;3279
2;1741068131578;2796
1;1741068133114;3222
3;1741068135871;3477
0;1741068135936;3280
1;1741068136090;3223
2;1741068136794;2797
3;1741068140847;3478
0;1741068140948;3281
1;1741068141050;3224
2;1741068141754;2798
3;1741068145824;3479
2;1741068146121;2799
0;1741068148121;3282
3;1741068150959;3480
1;1741068151209;3225
0;1741068151993;3283
2;1741068153689;2800
3;1741068155857;3481
0;1741068155929;3284
1;1741068156089;3226
2;1741068156264;2801
3;1741068160846;3482
1;1741068160943;3227
2;1741068161048;2802
0;1741068161432;3285
3;1741068165871;3483
1;1741068165944;3228
0;1741068166552;3286
2;1741068168600;2803
3;1741068170846;3484
1;1741068171016;3229
0;1741068171080;3287
2;1741068173864;2804
3;1741068175822;3485
0;1741068176184;3288
1;1741068178296;3230
3;1741068180829;3486
1;1741068180951;3231
2;1741068181719;2805
0;1741068184391;3289
3;1741068185835;3487
2;1741068186199;2806
1;1741068189287;3232
3;1741068190901;3488
1;1741068191016;3233
0;1741068191128;3290
2;1741068193624;2807
3;1741068195835;3489
0;1741068195951;3291
2;1741068196024;2808
1;1741068196472;3234
3;1741068200860;3490
1;1741068200999;3235
2;1741068201256;2809
0;1741068203143;3292
3;1741068205835;3491
2;1741068206118;2810
1;1741068206598;3236
0;1741068207910;3293
3;1741068210859;3492
2;1741068210965;2811
0;1741068211020;3294
1;1741068211125;3237
3;1741068215861;3493
0;1741068215957;3295
2;1741068218693;2812
1;1741068219045;3238
3;1741068220937;3494
1;1741068224213;3239
0;1741068224309;3296
3;1741068225834;3495
1;1741068225908;3240
0;1741068226091;3297
2;1741068228132;2813
3;1741068230826;3496
0;1741068231252;3298
1;1741068231812;3241
3;1741068235861;3497
0;1741068236644;3299
1;1741068238182;3242
3;1741068240888;3498
1;1741068240949;3243
0;1741068241156;3300
2;1741068241404;2814
3;1741068245832;3499
0;1741068245907;3301
2;1741068246329;2815
1;1741068248069;3244
3;1741068250854;3500
0;1741068250947;3302
1;1741068251264;3245
2;1741068251315;2816
3;1741068255863;3501
0;1741068255987;3303
1;1741068259106;3246
3;1741068260911;3502
1;1741068260918;3247
0;1741068261014;3304
2;1741068261410;2817
3;1741068265832;3503
0;1741068266115;3305
1;1741068266323;3248
2;1741068268211;2818
3;1741068270839;3504
2;1741068270929;2819
1;1741068271714;3249
0;1741068271836;3306
3;1741068275847;3505
0;1741068275964;3307
1;1741068276257;3250
2;1741068278129;2820
3;1741068280839;3506
2;1741068281281;2821
1;1741068281953;3251
0;1741068282252;3308
3;1741068285863;3507
2;1741068285938;2822
0;1741068286017;3309
1;1741068286273;3252
3;1741068290838;3508
2;1741068291424;2823
1;1741068293136;3253
3;1741068295846;3509
0;1741068295880;3310
2;1741068296000;2824
1;1741068296656;3254
3;1741068300914;3510
2;1741068300992;2825
0;1741068301344;3311
1;1741068301456;3255
3;1741068305831;3511
2;1741068306399;2826
0;1741068306415;3312
1;1741068306607;3256
3;1741068310838;3512
0;1741068310911;3313
1;1741068311079;3257
2;1741068311279;2827
3;1741068315859;3513
0;1741068315951;3314
1;1741068316063;3258
2;1741068316117;2828
3;1741068320900;3514
0;1741068321103;3315
1;1741068321416;3259
2;1741068321615;2829
3;1741068325831;3515
0;1741068326030;3316
1;1741068326159;3260
2;1741068326367;2830
3;1741068330852;3516
0;1741068330878;3317
2;1741068330942;2831
1;1741068331270;3261
3;1741068335875;3517
0;1741068335902;3318
1;1741068336071;3262
2;1741068336174;2832
3;1741068340867;3518
0;1741068340959;3319
2;1741068341103;2833
1;1741068342013;3263
3;1741068345875;3519
0;1741068345968;3320
2;1741068346093;2834
1;1741068346285;3264
3;1741068350861;3520
0;1741068350941;3321
1;1741068351085;3265
2;1741068353261;2835
3;1741068355842;3521
0;1741068355934;3322
1;1741068356173;3266
3;1741068360833;3522
2;1741068360988;2836
0;1741068361244;3323
1;1741068361596;3267
3;1741068365842;3523
0;1741068365916;3324
1;1741068366298;3268
2;1741068369116;2837
3;1741068370850;3524
0;1741068370890;3325
2;1741068370987;2838
1;1741068371240;3269
3;1741068375902;3525
2;1741068375947;2839
1;1741068376331;3270
0;1741068377067;3326
3;1741068380833;3526
2;1741068381019;2840
0;1741068381083;3327
1;1741068381323;3271
3;1741068385824;3527
2;1741068386090;2841
1;1741068388202;3272
3;1741068390832;3528
0;1741068390986;3328
2;1741068391050;2842
1;1741068391354;3273
3;1741068395824;3529
2;1741068396155;2843
0;1741068398762;3329
1;1741068398906;3274
3;1741068400863;3530
0;1741068401097;3330
1;1741068401705;3275
3;1741068405824;3531
0;1741068405957;3331
2;1741068406201;2844
1;1741068406420;3276
3;1741068410911;3532
2;1741068411049;2845
0;1741068411433;3332
1;1741068411582;3277
3;1741068415871;3533
0;1741068415913;3333
1;1741068416012;3278
2;1741068416357;2846
3;1741068420846;3534
2;1741068420969;2847
0;1741068421192;3334
1;1741068421205;3279
3;1741068425822;3535
2;1741068426088;2848
0;1741068426824;3335
1;1741068428664;3280
3;1741068430830;3536
2;1741068431096;2849
1;1741068434280;3281
0;1741068434408;3336
3;1741068435821;3537
1;1741068436087;3282
0;1741068436743;3337
2;1741068438087;2850
3;1741068440845;3538
0;1741068440951;3338
1;1741068441287;3283
2;1741068443159;2851
3;1741068445852;3539
0;1741068445911;3339
2;1741068446232;2852
1;1741068446440;3284
3;1741068450829;3540
2;1741068453244;2853
3;1741068455881;3541
0;1741068456185;3340
1;1741068456217;3285
2;1741068456374;2854
3;1741068460829;3542
0;1741068461142;3341
1;1741068461382;3286
2;1741068463174;2855
3;1741068465836;3543
0;1741068465911;3342
1;1741068466433;3287
2;1741068468711;2856
3;1741068470844;3544
0;1741068470918;3343
2;1741068471113;2857
1;1741068471621;3288
3;1741068475862;3545
2;1741068476293;2858
1;1741068479222;3289
0;1741068479430;3344
3;1741068480870;3546
1;1741068480983;3290
0;1741068481508;3345
3;1741068485867;3547
0;1741068487941;3346
2;1741068489028;2859
1;1741068489172;3291
3;1741068490856;3548
0;1741068490932;3347
1;1741068491124;3292
2;1741068494084;2860
3;1741068495834;3549
2;1741068495956;2861
0;1741068496276;3348
1;1741068496644;3293
3;1741068500825;3550
0;1741068500940;3349
1;1741068501124;3294
3;1741068505849;3551
0;1741068505875;3350
2;1741068506083;2862
1;1741068506179;3295
3;1741068510888;3552
0;1741068510995;3351
2;1741068511101;2863
1;1741068511187;3296
3;1741068515847;3553
0;1741068515906;3352
1;1741068516003;3297
2;1741068516099;2864
3;1741068520919;3554
2;1741068521042;2865
1;1741068521266;3298
0;1741068521378;3353
3;1741068525864;3555
0;1741068525940;3354
2;1741068526210;2866
1;1741068526498;3299
3;1741068530855;3556
2;1741068531057;2867
0;1741068531521;3355
1;1741068532082;3300
3;1741068535832;3557
0;1741068535992;3356
1;1741068536081;3301
2;1741068537953;2868
3;1741068540823;3558
1;1741068541345;3302
0;1741068541412;3357
2;1741068544305;2869
3;1741068545833;3559
1;1741068546129;3303
0;1741068546754;3358
2;1741068548272;2870
3;1741068550822;3560
2;1741068550960;2871
0;1741068551088;3359
1;1741068551200;3304
3;1741068555830;3561
2;1741068555994;2872
0;1741068556176;3360
1;1741068556432;3305
3;1741068560871;3562
0;1741068560970;3361
1;1741068561104;3306
2;1741068561264;2873
3;1741068565830;3563
2;1741068566006;2874
0;1741068566559;3362
1;1741068566799;3307
3;1741068570821;3564
1;1741068573791;3308
0;1741068573967;3363
3;1741068575844;3565
0;1741068575927;3364
2;1741068575999;2875
1;1741068576511;3309
3;1741068580836;3566
0;1741068580942;3365
1;1741068581134;3310
2;1741068583726;2876
3;1741068585843;3567
0;1741068585966;3366
2;1741068586126;2877
1;1741068587102;3311
3;1741068590869;3568
2;1741068591182;2878
1;1741068592126;3312
0;1741068593198;3367
3;1741068595859;3569
0;1741068595981;3368
2;1741068596190;2879
1;1741068598186;3313
3;1741068600834;3570
2;1741068603101;2880
1;1741068604061;3314
0;1741068604157;3369
3;1741068605827;3571
0;1741068606216;3370
1;1741068606469;3315
2;1741068606509;2881
3;1741068610835;3572
0;1741068611100;3371
1;1741068611197;3316
2;1741068611277;2882
3;1741068615907;3573
0;1741068615932;3372
1;1741068616028;3317
2;1741068616268;2883
3;1741068620853;3574
0;1741068621036;3373
1;1741068621052;3318
2;1741068621164;2884
3;1741068625827;3575
1;1741068627947;3319
0;1741068628988;3374
3;1741068630833;3576
2;1741068630971;2885
1;1741068633339;3320
3;1741068635841;3577
1;1741068636091;3321
2;1741068636450;2886
0;1741068639899;3375
3;1741068640832;3578
0;1741068640955;3376
1;1741068641275;3322
2;1741068641435;2887
3;1741068645872;3579
2;1741068646476;2888
1;1741068648268;3323
0;1741068648940;3377
3;1741068650832;3580
2;1741068651306;2889
3;1741068655823;3581
0;1741068655898;3378
1;1741068656058;3324
2;1741068658746;2890
3;1741068660857;3582
2;1741068663881;2891
0;1741068664025;3379
3;1741068665822;3583
1;1741068666185;3325
0;1741068666228;3380
2;1741068666361;2892
3;1741068670863;3584
2;1741068671089;2893
0;1741068671289;3381
1;1741068671529;3326
3;1741068675901;3585
2;1741068675992;2894
0;1741068678266;3382
3;1741068680834;3586
0;1741068680987;3383
1;1741068681145;3327
2;1741068681304;2895
3;1741068685854;3587
1;1741068686105;3328
2;1741068686473;2896
0;1741068686537;3384
3;1741068690829;3588
0;1741068690905;3385
1;1741068691081;3329
2;1741068691337;2897
3;1741068695885;3589
0;1741068695911;3386
1;1741068696007;3330
3;1741068700830;3590
1;1741068704039;3331
0;1741068704391;3387
3;1741068705821;3591
0;1741068706375;3388
1;1741068706711;3332
2;1741068708278;2898
3;1741068710827;3592
0;1741068711002;3389
1;1741068711442;3333
2;1741068713094;2899
3;1741068715836;3593
0;1741068715926;3390
2;1741068716295;2900
1;1741068716663;3334
3;1741068720828;3594
0;1741068720959;3391
1;1741068721654;3335
2;1741068722326;2901
3;1741068725899;3595
0;1741068726026;3392
1;1741068726416;3336
2;1741068729045;2902
3;1741068730859;3596
2;1741068730981;2903
0;1741068731429;3393
1;1741068731509;3337
3;1741068735861;3597
0;1741068738174;3394
2;1741068738837;2904
1;1741068739541;3338
3;1741068740828;3598
2;1741068741476;2905
0;1741068743508;3395
1;1741068743659;3339
3;1741068745835;3599
0;1741068746596;3396
1;1741068746996;3340
3;1741068750891;3600
0;1741068750948;3397
1;1741068751172;3341
2;1741068753124;2906
3;1741068755833;3601
0;1741068755879;3398
1;1741068755955;3342
2;1741068756148;2907
3;1741068760953;3602
2;1741068761219;2908
1;1741068763139;3343
0;1741068763731;3399
3;1741068765849;3603
1;1741068765923;3344
0;1741068766155;3400
2;1741068766755;2909
3;1741068770897;3604
0;1741068770979;3401
1;1741068771127;3345
2;1741068773651;2910
3;1741068775848;3605
1;1741068775938;3346
0;1741068776115;3402
2;1741068776386;2911
3;1741068780857;3606
1;1741068781570;3347
0;1741068781636;3403
2;1741068782020;2912
3;1741068785832;3607
2;1741068786114;2913
0;1741068786156;3404
1;1741068786258;3348
3;1741068790854;3608
2;1741068791058;2914
0;1741068793665;3405
1;1741068793985;3349
3;1741068795847;3609
0;1741068796001;3406
1;1741068796609;3350
2;1741068798881;2915
3;1741068800823;3610
0;1741068801201;3407
1;1741068801633;3351
2;1741068801729;2916
3;1741068805830;3611
0;1741068806193;3408
1;1741068806385;3352
2;1741068806497;2917
3;1741068810870;3612
0;1741068811128;3409
1;1741068811552;3353
2;1741068813216;2918
3;1741068815845;3613
0;1741068816192;3410
1;1741068816272;3354
2;1741068818128;2919
3;1741068820870;3614
1;1741068821020;3355
2;1741068821967;2920
0;1741068824096;3411
3;1741068825830;3615
2;1741068825935;2921
0;1741068826175;3412
1;1741068826416;3356
3;1741068830869;3616
0;1741068831024;3413
1;1741068831121;3357
2;1741068831285;2922
3;1741068835861;3617
2;1741068835983;2923
1;1741068838287;3358
0;1741068838399;3414
3;1741068840821;3618
2;1741068841726;2924
1;1741068843454;3359
0;1741068844542;3415
3;1741068845844;3619
0;1741068845928;3416
1;1741068846020;3360
2;1741068848574;2925
3;1741068850836;3620
1;1741068851150;3361
0;1741068851854;3417
2;1741068851998;2926
3;1741068855844;3621
0;1741068855949;3418
1;1741068856157;3362
2;1741068859437;2927
3;1741068860835;3622
0;1741068860925;3419
1;1741068861197;3363
3;1741068865843;3623
2;1741068865949;2928
1;1741068865997;3364
0;1741068866117;3420
3;1741068870849;3624
0;1741068870893;3421
2;1741068871149;2929
1;1741068871261;3365
3;1741068875874;3625
0;1741068875964;3422
2;1741068876172;2930
1;1741068876268;3366
3;1741068880833;3626
0;1741068881080;3423
1;1741068881212;3367
2;1741068883228;2931
3;1741068885842;3627
0;1741068886407;3424
1;1741068886732;3368
3;1741068890849;3628
0;1741068890923;3425
1;1741068891371;3369
2;1741068893323;2932
3;1741068895826;3629
2;1741068896373;2933
0;1741068896507;3426
1;1741068896525;3370
3;1741068900850;3630
2;1741068901468;2934
1;1741068903196;3371
0;1741068903788;3427
3;1741068905828;3631
2;1741068906532;2935
1;1741068908138;3372
0;1741068909051;3428
3;1741068910857;3632
2;1741068911196;2936
0;1741068911627;3429
1;1741068911646;3373
3;1741068915841;3633
2;1741068916186;2937
0;1741068919418;3430
3;1741068920846;3634
0;1741068920922;3431
1;1741068921114;3374
2;1741068921231;2938
3;1741068925870;3635
0;1741068928889;3432
1;1741068929161;3375
3;1741068930858;3636
0;1741068930937;3433
1;1741068931086;3376
2;1741068931316;2939
3;1741068935837;3637
0;1741068938162;3434
2;1741068938698;2940
3;1741068940941;3638
0;1741068941048;3435
1;1741068941262;3377
2;1741068943672;2941
3;1741068945853;3639
0;1741068945896;3436
2;1741068946024;2942
1;1741068946248;3378
3;1741068950862;3640
2;1741068951016;2943
0;1741068952136;3437
1;1741068952502;3379
3;1741068955854;3641
2;1741068956471;2944
0;1741068959079;3438
1;1741068959175;3380
3;1741068960845;3642
0;1741068961005;3439
2;1741068961063;2945
1;1741068961335;3381
3;1741068965822;3643
2;1741068965895;2946
0;1741068966295;3440
1;1741068966502;3382
3;1741068970829;3644
2;1741068973112;2947
0;1741068973688;3441
1;1741068973832;3383
3;1741068975836;3645
0;1741068978711;3442
2;1741068978791;2948
1;1741068978903;3384
3;1741068980843;3646
0;1741068980870;3443
1;1741068981014;3385
2;1741068981606;2949
3;1741068985851;3647
0;1741068985929;3444
2;1741068986037;2950
1;1741068986389;3386
3;1741068990827;3648
0;1741068991029;3445
1;1741068991125;3387
2;1741068992981;2951
3;1741068995860;3649
2;1741068996101;2952
1;1741068998581;3388
3;1741069000842;3650
2;1741069000948;2953
0;1741069001077;3446
1;1741069001589;3389
3;1741069005834;3651
0;1741069005908;3447
2;1741069006052;2954
1;1741069006125;3390
3;1741069010874;3652
0;1741069010978;3448
1;1741069011188;3391
2;1741069011780;2955
3;1741069015837;3653
2;1741069018115;2956
1;1741069019396;3392
0;1741069019524;3449
3;1741069020874;3654
0;1741069021011;3450
1;1741069021347;3393
2;1741069023331;2957
3;1741069025834;3655
1;1741069025987;3394
0;1741069026102;3451
2;1741069029059;2958
3;1741069030872;3656
0;1741069030931;3452
2;1741069031031;2959
1;1741069031172;3395
3;1741069035847;3657
0;1741069035870;3453
1;1741069036194;3396
2;1741069039346;2960
3;1741069040873;3658
0;1741069040914;3454
1;1741069041362;3397
2;1741069041570;2961
3;1741069045831;3659
2;1741069046051;2962
0;1741069046211;3455
1;1741069046722;3398
3;1741069050825;3660
2;1741069051298;2963
1;1741069053282;3399
0;1741069053794;3456
3;1741069055848;3661
0;1741069055907;3457
1;1741069056129;3400
2;1741069056375;2964
3;1741069060838;3662
0;1741069060929;3458
2;1741069061041;2965
1;1741069061281;3401
3;1741069065832;3663
0;1741069066017;3459
2;1741069066400;2966
1;1741069066512;3402
3;1741069070854;3664
0;1741069070928;3460
1;1741069071200;3403
2;1741069073104;2967
3;1741069075830;3665
0;1741069076128;3461
1;1741069076257;3404
2;1741069078144;2968
3;1741069080822;3666
0;1741069083984;3462
1;1741069084208;3405
3;1741069085890;3667
2;1741069086143;2969
3;1741069090838;3668
1;1741069090991;3406
0;1741069091256;3463
2;1741069091887;2970
3;1741069095829;3669
2;1741069098254;2971
0;1741069099039;3464
3;1741069100852;3670
1;1741069101315;3407
0;1741069101390;3465
2;1741069103726;2972
3;1741069105845;3671
2;1741069105966;2973
0;1741069106446;3466
1;1741069106654;3408
3;1741069110899;3672
0;1741069110979;3467
1;1741069111422;3409
3;1741069115827;3673
0;1741069116830;3468
1;1741069116925;3410
2;1741069118189;2974
3;1741069120835;3674
0;1741069121101;3469
2;1741069121198;2975
1;1741069121734;3411
3;1741069125827;3675
0;1741069126493;3470
1;1741069126845;3412
2;1741069129133;2976
3;1741069130883;3676
2;1741069130970;2977
0;1741069131165;3471
1;1741069131486;3413
3;1741069135891;3677
2;1741069136013;2978
0;1741069136462;3472
1;1741069138173;3414
3;1741069140835;3678
0;1741069140893;3473
1;1741069141101;3415
2;1741069141181;2979
3;1741069145827;3679
0;1741069146029;3474
1;1741069146221;3416
2;1741069146701;2980
3;1741069150833;3680
2;1741069151099;2981
0;1741069151308;3475
3;1741069155827;3681
0;1741069156091;3476
2;1741069156251;2982
1;1741069156907;3417
3;1741069160832;3682
0;1741069164299;3477
1;1741069164316;3418
3;1741069165825;3683
0;1741069166042;3478
1;1741069166321;3419
2;1741069168314;2983
3;1741069170833;3684
1;1741069171547;3420
0;1741069171643;3479
2;1741069173179;2984
3;1741069175825;3685
2;1741069176043;2985
1;1741069176619;3421
0;1741069177211;3480
3;1741069180834;3686
2;1741069181226;2986
0;1741069181466;3481
1;1741069181578;3422
3;1741069185886;3687
0;1741069185993;3482
1;1741069186452;3423
3;1741069190848;3688
1;1741069190873;3424
0;1741069191049;3483
2;1741069191385;2987
3;1741069195853;3689
0;1741069196219;3484
1;1741069196312;3425
2;1741069198568;2988
3;1741069200830;3690
0;1741069200968;3485
2;1741069201192;2989
1;1741069201325;3426
3;1741069205822;3691
2;1741069206008;2990
1;1741069209160;3427
0;1741069209400;3486
3;1741069210833;3692
0;1741069210904;3487
1;1741069211015;3428
2;1741069211079;2991
3;1741069215869;3693
0;1741069215991;3488
1;1741069216142;3429
2;1741069218039;2992
3;1741069220876;3694
0;1741069221063;3489
1;1741069221287;3430
3;1741069225821;3695
0;1741069225959;3490
2;1741069226052;2993
1;1741069226119;3431
3;1741069230828;3696
0;1741069230950;3491
1;1741069231046;3432
2;1741069231606;2994
3;1741069235835;3697
1;1741069235990;3433
0;1741069236198;3492
2;1741069238134;2995
3;1741069240859;3698
1;1741069241238;3434
0;1741069241302;3493
2;1741069243221;2996
3;1741069245835;3699
0;1741069246325;3494
1;1741069246501;3435
3;1741069250875;3700
1;1741069251333;3436
0;1741069251408;3495
2;1741069253093;2997
3;1741069255867;3701
0;1741069255893;3496
2;1741069256133;2998
1;1741069256373;3437
3;1741069260843;3702
0;1741069260951;3497
2;1741069261028;2999
1;1741069261157;3438
3;1741069265850;3703
1;1741069266085;3439
0;1741069269398;3498
3;1741069270825;3704
2;1741069271365;3000
0;1741069271573;3499
1;1741069271893;3440
3;1741069275833;3705
0;1741069276004;3500
1;1741069276964;3441
2;1741069278243;3001
3;1741069280842;3706
0;1741069280979;3501
2;1741069281123;3002
1;1741069281472;3442
3;1741069285833;3707
0;1741069285972;3502
2;1741069286132;3003
1;1741069286308;3443
3;1741069290889;3708
0;1741069290923;3503
1;1741069291139;3444
2;1741069293923;3004
3;1741069295832;3709
0;1741069295922;3504
1;1741069296018;3445
2;1741069296226;3005
3;1741069300824;3710
0;1741069301010;3505
1;1741069301586;3446
2;1741069303826;3006
3;1741069305832;3711
0;1741069305986;3506
1;1741069306210;3447
2;1741069309106;3007
3;1741069310824;3712
0;1741069310947;3507
1;1741069311122;3448
3;1741069315879;3713
0;1741069315921;3508
2;1741069316065;3008
1;1741069316305;3449
3;1741069320838;3714
2;1741069321041;3009
0;1741069321553;3509
1;1741069321561;3450
3;1741069325847;3715
1;1741069328112;3451
0;1741069328256;3510
3;1741069330822;3716
2;1741069330976;3010
0;1741069331286;3511
1;1741069331424;3452
3;1741069335878;3717
0;1741069336128;3512
1;1741069336384;3453
2;1741069339296;3011
3;1741069340837;3718
0;1741069340879;3513
2;1741069340959;3012
1;1741069341040;3454
3;1741069345845;3719
0;1741069345871;3514
2;1741069346031;3013
1;1741069346607;3455
3;1741069350821;3720
0;1741069351087;3515
1;1741069351279;3456
2;1741069353567;3014
3;1741069355829;3721
0;1741069356132;3516
1;1741069356190;3457
2;1741069356430;3015
3;1741069360837;3722
2;1741069361277;3016
0;1741069361550;3517
1;1741069364334;3458
3;1741069365870;3723
2;1741069365950;3017
0;1741069366083;3518
1;1741069366366;3459
3;1741069370836;3724
0;1741069370862;3519
1;1741069370974;3460
2;1741069371166;3018
3;1741069375891;3725
0;1741069375981;3520
1;1741069376189;3461
2;1741069376605;3019
3;1741069380837;3726
0;1741069381215;3521
1;1741069381502;3462
2;1741069381950;3020
3;1741069385827;3727
2;1741069386023;3021
0;1741069386350;3522
1;1741069386590;3463
3;1741069390851;3728
0;1741069390942;3523
1;1741069391150;3464
3;1741069395874;3729
0;1741069395929;3524
1;1741069396302;3465
2;1741069398974;3022
3;1741069400833;3730
3;1741069405888;3731
1;1741069405980;3466
0;1741069406072;3525
2;1741069406140;3023
3;1741069410833;3732
0;1741069411179;3526
1;1741069411244;3467
2;1741069411372;3024
3;1741069415856;3733
0;1741069415980;3527
1;1741069416140;3468
3;1741069420912;3734
2;1741069421055;3025
0;1741069421164;3528
1;1741069421244;3469
3;1741069425840;3735
1;1741069428251;3470
2;1741069428860;3026
3;1741069430880;3736
1;1741069431051;3471
2;1741069431419;3027
0;1741069433819;3529
3;1741069435951;3737
0;1741069436298;3530
1;1741069436555;3472
2;1741069438618;3028
3;1741069440880;3738
1;1741069441230;3473
0;1741069441513;3531
2;1741069443641;3029
3;1741069445839;3739
1;1741069446185;3474
0;1741069446329;3532
2;1741069448873;3030
3;1741069450830;3740
0;1741069451017;3533
2;1741069451177;3031
1;1741069451673;3475
3;1741069455822;3741
1;1741069456202;3476
0;1741069456298;3534
2;1741069456794;3032
3;1741069460831;3742
2;1741069461000;3033
0;1741069464088;3535
3;1741069465869;3743
0;1741069465976;3536
1;1741069466280;3477
2;1741069468056;3034
3;1741069470877;3744
1;1741069471001;3478
2;1741069471545;3035
0;1741069471625;3537
3;1741069475852;3745
0;1741069475915;3538
1;1741069476071;3479
2;1741069476583;3036
3;1741069480829;3746
2;1741069483194;3037
0;1741069483656;3539
3;1741069485820;3747
2;1741069486119;3038
0;1741069486615;3540
1;1741069486967;3480
3;1741069490828;3748
1;1741069490950;3481
0;1741069490998;3541
3;1741069495835;3749
0;1741069495958;3542
1;1741069496150;3482
2;1741069498726;3039
3;1741069500900;3750
0;1741069500975;3543
1;1741069501206;3483
3;1741069505862;3751
0;1741069505973;3544
1;1741069506133;3484
2;1741069508309;3040
3;1741069510827;3752
1;1741069511072;3485
0;1741069511173;3545
2;1741069511669;3041
3;1741069515819;3753
0;1741069516149;3546
1;1741069516853;3486
3;1741069520985;3754
0;1741069523588;3547
2;1741069523908;3042
3;1741069525834;3755
2;1741069525957;3043
0;1741069526245;3548
1;1741069526598;3487
3;1741069530859;3756
1;1741069531652;3488
0;1741069531844;3549
2;1741069534052;3044
3;1741069535866;3757
2;1741069535924;3045
0;1741069535988;3550
1;1741069536819;3489
3;1741069540873;3758
0;1741069540915;3551
2;1741069541043;3046
1;1741069541171;3490
3;1741069545833;3759
3;1741069550866;3760
1;1741069551091;3491
0;1741069551363;3552
2;1741069551507;3047
3;1741069555834;3761
2;1741069556092;3048
0;1741069556258;3553
1;1741069556898;3492
3;1741069560871;3762
0;1741069560904;3554
1;1741069561058;3493
2;1741069562162;3049
3;1741069565848;3763
2;1741069566002;3050
0;1741069566306;3555
1;1741069566326;3494
3;1741069570823;3764
0;1741069571005;3556
1;1741069571057;3495
2;1741069574065;3051
3;1741069575832;3765
0;1741069576065;3557
2;1741069576145;3052
1;1741069576243;3496
3;1741069580824;3766
0;1741069583137;3558
1;1741069583996;3497
3;1741069585846;3767
0;1741069585901;3559
1;1741069586001;3498
2;1741069588210;3053
3;1741069590854;3768
0;1741069590928;3560
2;1741069591088;3054
1;1741069591281;3499
3;1741069595845;3769
0;1741069595872;3561
2;1741069596064;3055
1;1741069596192;3500
3;1741069600837;3770
0;1741069600880;3562
2;1741069601024;3056
1;1741069601232;3501
3;1741069605829;3771
0;1741069608015;3563
2;1741069608208;3057
1;1741069608687;3502
3;1741069610837;3772
1;1741069613296;3503
3;1741069615868;3773
0;1741069618175;3564
1;1741069619118;3504
3;1741069620820;3774
0;1741069621120;3565
1;1741069621824;3505
3;1741069625955;3775
1;1741069626255;3506
0;1741069626271;3566
3;1741069630852;3776
0;1741069630927;3567
1;1741069631071;3507
2;1741069631662;3058
3;1741069635843;3777
0;1741069635918;3568
2;1741069636104;3059
1;1741069636190;3508
3;1741069640862;3778
0;1741069640989;3569
1;1741069641533;3509
2;1741069643252;3060
3;1741069645827;3779
2;1741069645965;3061
1;1741069646477;3510
0;1741069646605;3570
3;1741069650834;3780
0;1741069651100;3571
1;1741069651309;3511
2;1741069651469;3062
3;1741069655826;3781
0;1741069656044;3572
1;1741069656732;3512
2;1741069657964;3063
3;1741069660880;3782
1;1741069660963;3513
0;1741069661020;3573
2;1741069661116;3064
3;1741069665825;3783
0;1741069668299;3574
1;1741069668571;3514
2;1741069669195;3065
3;1741069670863;3784
0;1741069670939;3575
1;1741069671243;3515
2;1741069671419;3066
3;1741069675825;3785
1;1741069678411;3516
2;1741069678426;3067
3;1741069680865;3786
0;1741069680970;3576
1;1741069681275;3517
2;1741069683914;3068
3;1741069685825;3787
1;1741069686348;3518
0;1741069686410;3577
2;1741069688762;3069
3;1741069690864;3788
0;1741069691034;3578
1;1741069691306;3519
2;1741069693930;3070
3;1741069695870;3789
0;1741069695978;3579
1;1741069696346;3520
2;1741069696778;3071
3;1741069700936;3790
2;1741069701001;3072
0;1741069701308;3580
1;1741069701673;3521
3;1741069705902;3791
2;1741069706073;3073
0;1741069706409;3581
1;1741069706825;3522
3;1741069710830;3792
2;1741069711033;3074
1;1741069711353;3523
0;1741069711769;3582
3;1741069715855;3793
2;1741069716978;3075
0;1741069718200;3583
3;1741069720892;3794
1;1741069721128;3524
0;1741069721176;3584
2;1741069723960;3076
3;1741069725837;3795
0;1741069725864;3585
2;1741069726152;3077
1;1741069726424;3525
3;1741069730831;3796
0;1741069730903;3586
1;1741069731032;3526
2;1741069734024;3078
3;1741069735823;3797
0;1741069736151;3587
1;1741069736375;3527
3;1741069740828;3798
0;1741069743160;3588
1;1741069743320;3528
2;1741069743480;3079
3;1741069745837;3799
1;1741069749112;3529
0;1741069749288;3589
3;1741069750876;3800
2;1741069751033;3080
0;1741069751128;3590
1;1741069751207;3530
3;1741069755899;3801
2;1741069755974;3081
1;1741069756422;3531
0;1741069756486;3591
3;1741069760891;3802
2;1741069760998;3082
0;1741069761334;3592
1;1741069761734;3532
3;1741069765819;3803
2;1741069765911;3083
0;1741069766055;3593
1;1741069766711;3533
3;1741069770860;3804
2;1741069771029;3084
1;1741069771317;3534
0;1741069771408;3594
3;1741069775867;3805
0;1741069775910;3595
1;1741069776229;3535
2;1741069778932;3085
3;1741069780827;3806
0;1741069781045;3596
1;1741069781365;3536
2;1741069783204;3086
3;1741069785835;3807
2;1741069785988;3087
1;1741069786836;3537
0;1741069786916;3597
3;1741069790857;3808
2;1741069792933;3088
0;1741069793221;3598
1;1741069794005;3538
3;1741069795833;3809
1;1741069798259;3539
3;1741069800825;3810
0;1741069801267;3599
1;1741069801283;3540
2;1741069804045;3089
3;1741069805884;3811
0;1741069805939;3600
2;1741069806035;3090
1;1741069806163;3541
3;1741069810843;3812
0;1741069810915;3601
2;1741069811075;3091
1;1741069811208;3542
3;1741069815869;3813
2;1741069815939;3092
0;1741069816125;3602
1;1741069816435;3543
3;1741069820825;3814
0;1741069823026;3603
1;1741069823890;3544
3;1741069825864;3815
0;1741069825889;3604
1;1741069826002;3545
2;1741069826258;3093
3;1741069830839;3816
2;1741069830881;3094
0;1741069831313;3605
1;1741069831425;3546
3;1741069835831;3817
2;1741069835969;3095
0;1741069836769;3606
1;1741069839425;3547
3;1741069840888;3818
0;1741069841024;3607
2;1741069841185;3096
1;1741069841296;3548
3;1741069845831;3819
0;1741069846081;3608
2;1741069846176;3097
1;1741069846496;3549
3;1741069850837;3820
2;1741069851104;3098
1;1741069851232;3550
0;1741069851584;3609
3;1741069855830;3821
2;1741069856016;3099
0;1741069856192;3610
1;1741069856768;3551
3;1741069860822;3822
1;1741069860945;3552
2;1741069861183;3100
0;1741069863184;3611
3;1741069865829;3823
2;1741069866111;3101
1;1741069868511;3553
0;1741069869279;3612
3;1741069870836;3824
2;1741069871021;3102
0;1741069871135;3613
1;1741069871406;3554
3;1741069875829;3825
0;1741069876207;3614
1;1741069876751;3555
2;1741069879054;3103
3;1741069880836;3826
0;1741069881086;3615
1;1741069881294;3556
2;1741069883150;3104
3;1741069885827;3827
0;1741069885889;3616
1;1741069886094;3557
2;1741069888046;3105
3;1741069890872;3828
0;1741069890926;3617
2;1741069891022;3106
1;1741069891195;3558
3;1741069895876;3829
0;1741069895919;3618
1;1741069896029;3559
3;1741069900867;3830
1;1741069901069;3560
0;1741069901325;3619
2;1741069904109;3107
3;1741069905843;3831
0;1741069906093;3620
2;1741069906237;3108
1;1741069906429;3561
3;1741069910867;3832
1;1741069911068;3562
0;1741069913132;3621
2;1741069913884;3109
3;1741069915825;3833
2;1741069918156;3110
0;1741069918332;3622
1;1741069918748;3563
3;1741069920850;3834
0;1741069921068;3623
1;1741069921420;3564
2;1741069921564;3111
3;1741069925825;3835
1;1741069926202;3565
0;1741069926412;3624
2;1741069928876;3112
3;1741069930849;3836
2;1741069931047;3113
0;1741069931291;3625
1;1741069931771;3566
3;1741069935985;3837
2;1741069936139;3114
0;1741069938747;3626
1;1741069939403;3567
3;1741069940832;3838
0;1741069941083;3627
1;1741069941387;3568
2;1741069943915;3115
3;1741069945872;3839
0;1741069945949;3628
2;1741069946058;3116
1;1741069946443;3569
3;1741069950832;3840
0;1741069951034;3629
1;1741069951194;3570
2;1741069952922;3117
3;1741069955822;3841
0;1741069955930;3630
1;1741069956026;3571
2;1741069958874;3118
3;1741069960845;3842
2;1741069961046;3119
0;1741069961241;3631
1;1741069961369;3572
3;1741069965839;3843
0;1741069965914;3632
1;1741069966105;3573
2;1741069966249;3120
3;1741069970831;3844
2;1741069971081;3121
0;1741069971289;3633
1;1741069971481;3574
3;1741069975823;3845
2;1741069976246;3122
0;1741069976360;3634
1;1741069976728;3575
3;1741069980877;3846
0;1741069980969;3635
2;1741069981433;3123
1;1741069981608;3576
3;1741069985854;3847
0;1741069988120;3636
2;1741069988904;3124
1;1741069989096;3577
3;1741069990829;3848
2;1741069993303;3125
3;1741069995852;3849
0;1741069995927;3637
1;1741069996055;3578
2;1741069996471;3126
3;1741070000832;3850
2;1741070001010;3127
0;1741070001208;3638
1;1741070001320;3579
3;1741070005836;3851
2;1741070005959;3128
0;1741070006247;3639
1;1741070006423;3580
3;1741070010844;3852
0;1741070010967;3640
1;1741070011142;3581
2;1741070011686;3129
3;1741070015820;3853
2;1741070015917;3130
0;1741070016278;3641
1;1741070016406;3582
3;1741070020843;3854
0;1741070020901;3642
1;1741070021014;3583
2;1741070021174;3131
3;1741070025884;3855
0;1741070025957;3643
1;1741070026166;3584
2;1741070029093;3132
3;1741070030874;3856
0;1741070031221;3644
1;1741070031269;3585
2;1741070033829;3133
3;1741070035833;3857
0;1741070035909;3645
2;1741070036149;3134
1;1741070036341;3586
3;1741070040826;3858
0;1741070041028;3646
1;1741070041080;3587
2;1741070042148;3135
3;1741070045834;3859
0;1741070045940;3647
1;1741070046036;3588
2;1741070046212;3136
3;1741070050872;3860
1;1741070051169;3589
0;1741070051181;3648
3;1741070055832;3861
2;1741070056035;3137
0;1741070056228;3649
1;1741070056420;3590
3;1741070060885;3862
0;1741070060995;3650
2;1741070061091;3138
1;1741070062051;3591
3;1741070065832;3863
0;1741070066036;3651
1;1741070066163;3592
2;1741070066388;3139
3;1741070070824;3864
1;1741070073010;3593
2;1741070073282;3140
0;1741070074002;3652
3;1741070075879;3865
0;1741070075922;3653
1;1741070076081;3594
2;1741070076306;3141
3;1741070080840;3866
0;1741070080882;3654
1;1741070081042;3595
2;1741070081202;3142
3;1741070085832;3867
1;1741070086434;3596
0;1741070086513;3655
3;1741070090871;3868
2;1741070091155;3143
1;1741070094498;3597
0;1741070094594;3656
3;1741070095864;3869
0;1741070096065;3657
2;1741070096145;3144
1;1741070096236;3598
3;1741070100839;3870
0;1741070100865;3658
1;1741070100962;3599
2;1741070103634;3145
3;1741070105847;3871
0;1741070106246;3659
1;1741070106688;3600
3;1741070110839;3872
0;1741070111072;3660
1;1741070111296;3601
3;1741070115833;3873
1;1741070116026;3602
0;1741070116129;3661
2;1741070118705;3146
3;1741070120869;3874
0;1741070120927;3662
2;1741070121039;3147
1;1741070121313;3603
3;1741070125844;3875
0;1741070126000;3663
1;1741070126093;3604
2;1741070126305;3148
3;1741070130853;3876
0;1741070130943;3664
2;1741070131308;3149
1;1741070131647;3605
3;1741070135828;3877
0;1741070136239;3665
1;1741070136479;3606
2;1741070138931;3150
3;1741070140821;3878
1;1741070141135;3607
0;1741070141358;3666
3;1741070145876;3879
0;1741070145886;3667
1;1741070146094;3608
2;1741070146286;3151
3;1741070150851;3880
0;1741070151101;3668
1;1741070151278;3609
3;1741070155828;3881
0;1741070156141;3669
2;1741070156237;3152
1;1741070156317;3610
3;1741070160861;3882
0;1741070160925;3670
1;1741070161117;3611
2;1741070161389;3153
3;1741070165828;3883
0;1741070166301;3671
2;1741070166456;3154
1;1741070166653;3612
3;1741070170866;3884
2;1741070170956;3155
0;1741070171340;3672
1;1741070173276;3613
3;1741070175842;3885
0;1741070175932;3673
1;1741070176104;3614
2;1741070177916;3156
3;1741070180833;3886
1;1741070181148;3615
0;1741070184060;3674
3;1741070185920;3887
2;1741070186349;3157
0;1741070188188;3675
3;1741070190833;3888
0;1741070191053;3676
1;1741070191437;3616
2;1741070193212;3158
3;1741070195841;3889
0;1741070195995;3677
1;1741070196091;3617
2;1741070198292;3159
3;1741070200863;3890
0;1741070200899;3678
1;1741070200971;3618
2;1741070201275;3160
3;1741070205855;3891
2;1741070205962;3161
0;1741070206394;3679
1;1741070206410;3619
3;1741070210847;3892
0;1741070210938;3680
2;1741070211178;3162
1;1741070211334;3620
3;1741070215856;3893
2;1741070215898;3163
0;1741070216618;3681
1;1741070218172;3621
3;1741070220879;3894
2;1741070221081;3164
0;1741070221241;3682
1;1741070221860;3622
3;1741070225840;3895
2;1741070226162;3165
0;1741070226346;3683
1;1741070226363;3623
3;1741070230863;3896
2;1741070231034;3166
0;1741070231194;3684
1;1741070231306;3624
3;1741070235871;3897
0;1741070236024;3685
1;1741070236136;3625
2;1741070238136;3167
3;1741070240863;3898
1;1741070241069;3626
0;1741070241187;3686
2;1741070241656;3168
3;1741070245823;3899
0;1741070245992;3687
1;1741070246815;3627
2;1741070248264;3169
3;1741070250862;3900
0;1741070250952;3688
1;1741070251137;3628
2;1741070253175;3170
3;1741070255821;3901
0;1741070255962;3689
1;1741070256167;3629
2;1741070256423;3171
3;1741070260846;3902
0;1741070260919;3690
2;1741070261095;3172
1;1741070261495;3630
3;1741070265836;3903
0;1741070266134;3691
1;1741070266344;3631
2;1741070266386;3173
3;1741070270827;3904
0;1741070273110;3692
2;1741070273622;3174
1;1741070274381;3632
3;1741070275884;3905
1;1741070276214;3633
2;1741070279206;3175
0;1741070279398;3693
3;1741070280892;3906
0;1741070280998;3694
2;1741070281081;3176
1;1741070281285;3634
3;1741070285836;3907
0;1741070285946;3695
2;1741070286213;3177
1;1741070286565;3635
3;1741070290842;3908
0;1741070291189;3696
1;1741070291749;3636
3;1741070295868;3909
1;1741070295973;3637
2;1741070296469;3178
3;1741070300874;3910
2;1741070300926;3179
0;1741070301156;3697
1;1741070301668;3638
3;1741070305897;3911
2;1741070308260;3180
1;1741070308997;3639
3;1741070310825;3912
2;1741070311044;3181
0;1741070314340;3698
3;1741070315833;3913
0;1741070315891;3699
1;1741070315971;3640
2;1741070316243;3182
3;1741070320826;3914
0;1741070320963;3700
1;1741070321059;3641
3;1741070325873;3915
1;1741070326011;3642
0;1741070326403;3701
2;1741070328307;3183
3;1741070330824;3916
0;1741070331012;3702
1;1741070331145;3643
2;1741070334226;3184
3;1741070335833;3917
1;1741070338156;3644
0;1741070339122;3703
3;1741070340823;3918
0;1741070340978;3704
2;1741070341106;3185
1;1741070341458;3645
3;1741070345832;3919
1;1741070346034;3646
0;1741070346178;3705
2;1741070349154;3186
3;1741070350823;3920
0;1741070351649;3706
1;1741070353137;3647
2;1741070354017;3187
3;1741070355831;3921
1;1741070356338;3648
0;1741070356722;3707
2;1741070359154;3188
3;1741070360822;3922
0;1741070361025;3708
1;1741070361137;3649
2;1741070361457;3189
3;1741070365873;3923
0;1741070365921;3709
1;1741070366033;3650
2;1741070366256;3190
3;1741070370901;3924
0;1741070371153;3710
1;1741070371473;3651
2;1741070373825;3191
3;1741070375845;3925
0;1741070375920;3711
1;1741070376016;3652
2;1741070376160;3192
3;1741070380822;3926
0;1741070380960;3712
1;1741070381200;3653
2;1741070383183;3193
3;1741070385845;3927
2;1741070385999;3194
0;1741070388519;3713
1;1741070388548;3654
3;1741070390870;3928
0;1741070390990;3714
1;1741070391361;3655
2;1741070394255;3195
3;1741070395845;3929
0;1741070396233;3715
1;1741070396356;3656
3;1741070400868;3930
0;1741070400926;3716
1;1741070401088;3657
2;1741070401230;3196
3;1741070405844;3931
0;1741070405918;3717
2;1741070406100;3197
1;1741070406238;3658
3;1741070410871;3932
2;1741070410943;3198
0;1741070411113;3718
1;1741070411423;3659
3;1741070415843;3933
0;1741070415934;3719
1;1741070416109;3660
2;1741070416253;3199
3;1741070420837;3934
0;1741070420925;3720
1;1741070421129;3661
3;1741070425843;3935
0;1741070425909;3721
2;1741070425980;3200
1;1741070426173;3662
3;1741070430834;3936
0;1741070431095;3722
1;1741070431404;3663
2;1741070433932;3201
3;1741070435827;3937
1;1741070436380;3664
0;1741070436460;3723
2;1741070438556;3202
3;1741070440833;3938
0;1741070441068;3724
1;1741070441244;3665
3;1741070445841;3939
0;1741070445958;3725
1;1741070446091;3666
2;1741070446363;3203
3;1741070450862;3940
0;1741070451131;3726
1;1741070451403;3667
3;1741070455977;3941
0;1741070456107;3727
1;1741070456523;3668
2;1741070458459;3204
3;1741070460863;3942
0;1741070460910;3728
1;1741070461195;3669
2;1741070461419;3205
3;1741070465889;3943
1;1741070465978;3670
2;1741070466298;3206
0;1741070468170;3729
3;1741070470847;3944
1;1741070473034;3671
2;1741070473146;3207
0;1741070473226;3730
3;1741070475839;3945
2;1741070475978;3208
1;1741070476602;3672
0;1741070476617;3731
3;1741070480847;3946
0;1741070480937;3732
1;1741070481067;3673
2;1741070481243;3209
3;1741070485839;3947
0;1741070485914;3733
1;1741070486090;3674
2;1741070486362;3210
3;1741070490846;3948
2;1741070490936;3211
0;1741070491097;3734
1;1741070491193;3675
3;1741070495837;3949
0;1741070495906;3735
2;1741070496073;3212
1;1741070496281;3676
3;1741070500878;3950
2;1741070501202;3213
1;1741070503080;3677
0;1741070503304;3736
3;1741070505821;3951
2;1741070506089;3214
1;1741070506744;3678
0;1741070506864;3737
3;1741070510893;3952
0;1741070510967;3738
1;1741070511191;3679
2;1741070511399;3215
3;1741070515966;3953
0;1741070516055;3739
1;1741070516343;3680
2;1741070518983;3216
3;1741070520957;3954
0;1741070521143;3740
1;1741070521351;3681
3;1741070525852;3955
0;1741070525926;3741
1;1741070526150;3682
2;1741070526375;3217
3;1741070530860;3956
0;1741070530937;3742
1;1741070531270;3683
2;1741070534296;3218
0;1741070535872;3743
3;1741070535883;3957
1;1741070536118;3684
2;1741070538102;3219
3;1741070540874;3958
2;1741070541174;3220
0;1741070541245;3744
1;1741070541257;3685
3;1741070545867;3959
0;1741070545943;3745
1;1741070546055;3686
2;1741070548182;3221
3;1741070550859;3960
0;1741070550938;3746
2;1741070551093;3222
1;1741070551237;3687
3;1741070555864;3961
0;1741070556132;3747
1;1741070556548;3688
2;1741070556596;3223
3;1741070560857;3962
2;1741070561268;3224
0;1741070563124;3748
1;1741070564388;3689
3;1741070565865;3963
0;1741070566126;3749
1;1741070566356;3690
2;1741070568852;3225
3;1741070570842;3964
2;1741070570980;3226
0;1741070571508;3750
1;1741070571715;3691
3;1741070575833;3965
0;1741070575967;3751
1;1741070576484;3692
2;1741070578131;3227
3;1741070580889;3966
0;1741070580947;3752
2;1741070581075;3228
1;1741070581555;3693
3;1741070585943;3967
1;1741070586227;3694
2;1741070586331;3229
0;1741070586475;3753
3;1741070590839;3968
2;1741070591042;3230
0;1741070591250;3754
1;1741070591442;3695
3;1741070595847;3969
0;1741070595933;3755
1;1741070596114;3696
2;1741070599367;3231
3;1741070600885;3970
1;1741070600978;3697
2;1741070601090;3232
0;1741070601122;3756
3;1741070605874;3971
0;1741070605938;3757
1;1741070606258;3698
2;1741070608577;3233
3;1741070610914;3972
2;1741070611043;3234
0;1741070613345;3758
1;1741070613937;3699
3;1741070615830;3973
0;1741070616257;3759
1;1741070616401;3700
3;1741070620837;3974
2;1741070621169;3235
0;1741070623152;3760
3;1741070625831;3975
0;1741070626048;3761
1;1741070626301;3701
2;1741070627937;3236
3;1741070630822;3976
0;1741070631072;3762
2;1741070631168;3237
1;1741070631280;3702
3;1741070635829;3977
0;1741070636016;3763
2;1741070636288;3238
1;1741070636912;3703
3;1741070640932;3978
0;1741070641071;3764
1;1741070641151;3704
2;1741070641375;3239
3;1741070645830;3979
0;1741070646143;3765
2;1741070646271;3240
1;1741070646415;3705
3;1741070650853;3980
0;1741070650912;3766
2;1741070651135;3241
1;1741070651343;3706
3;1741070655860;3981
0;1741070656127;3767
1;1741070656303;3707
2;1741070656367;3242
3;1741070660820;3982
1;1741070661278;3708
0;1741070661358;3768
2;1741070664062;3243
3;1741070665891;3983
0;1741070665934;3769
1;1741070666062;3709
2;1741070666446;3244
3;1741070670899;3984
1;1741070671101;3710
2;1741070673053;3245
0;1741070673182;3770
3;1741070675827;3985
2;1741070676237;3246
1;1741070678093;3711
0;1741070679149;3771
3;1741070680862;3986
0;1741070680885;3772
1;1741070681185;3712
2;1741070682941;3247
3;1741070685828;3987
2;1741070686278;3248
0;1741070687998;3773
1;1741070688350;3713
3;1741070690849;3988
0;1741070691086;3774
2;1741070691230;3249
1;1741070691566;3714
3;1741070695826;3989
2;1741070696028;3250
1;1741070696156;3715
0;1741070696204;3775
3;1741070700848;3990
0;1741070700940;3776
1;1741070701098;3716
2;1741070701388;3251
3;1741070705877;3991
0;1741070705948;3777
1;1741070706123;3717
2;1741070706299;3252
3;1741070710834;3992
2;1741070710955;3253
0;1741070711371;3778
1;1741070711451;3718
3;1741070715874;3993
0;1741070715915;3779
1;1741070716075;3719
2;1741070716331;3254
3;1741070720834;3994
0;1741070720892;3780
2;1741070721178;3255
1;1741070721275;3720
3;1741070725904;3995
0;1741070726138;3781
1;1741070726234;3721
2;1741070726330;3256
3;1741070730832;3996
2;1741070730987;3257
1;1741070731274;3722
0;1741070731594;3782
3;1741070735854;3997
0;1741070735908;3783
1;1741070736026;3723
2;1741070739098;3258
3;1741070740831;3998
2;1741070741401;3259
1;1741070743897;3724
3;1741070745839;3999
2;1741070745929;3260
0;1741070746649;3784
1;1741070746809;3725
3;1741070750831;4000
0;1741070750937;3785
2;1741070751065;3261
1;1741070751321;3726
3;1741070755823;4001
0;1741070756312;3786
1;1741070756665;3727
2;1741070758792;3262
3;1741070760831;4002
2;1741070760964;3263
0;1741070761272;3787
1;1741070761992;3728
3;1741070765839;4003
0;1741070765944;3788
2;1741070766104;3264
1;1741070766424;3729
3;1741070770861;4004
0;1741070771056;3789
1;1741070771176;3730
2;1741070771640;3265
3;1741070775853;4005
0;1741070776039;3790
2;1741070776199;3266
1;1741070776759;3731
3;1741070780861;4006
0;1741070780893;3791
1;1741070781047;3732
2;1741070783271;3267
3;1741070785835;4007
2;1741070786679;3268
1;1741070787078;3733
0;1741070787175;3792
3;1741070790844;4008
0;1741070790918;3793
2;1741070791078;3269
1;1741070791311;3734
3;1741070795842;4009
0;1741070795926;3794
1;1741070796294;3735
2;1741070796406;3270
3;1741070800844;4010
0;1741070800951;3795
1;1741070801078;3736
2;1741070801254;3271
3;1741070805835;4011
2;1741070806010;3272
0;1741070806187;3796
1;1741070806326;3737
3;1741070810874;4012
2;1741070810949;3273
0;1741070811125;3797
1;1741070811408;3738
3;1741070815835;4013
0;1741070816005;3798
2;1741070816229;3274
1;1741070816325;3739
3;1741070820843;4014
2;1741070821044;3275
0;1741070821541;3799
1;1741070822133;3740
3;1741070825867;4015
2;1741070826020;3276
1;1741070826276;3741
0;1741070826356;3800
3;1741070830907;4016
0;1741070830980;3801
1;1741070831092;3742
2;1741070831684;3277
3;1741070835833;4017
2;1741070835972;3278
0;1741070836212;3802
1;1741070836772;3743
3;1741070840857;4018
1;1741070840948;3744
2;1741070841012;3279
3;1741070845832;4019
1;1741070846294;3745
0;1741070846435;3803
2;1741070848291;3280
3;1741070850857;4020
0;1741070850931;3804
1;1741070851080;3746
3;1741070855832;4021
0;1741070858674;3805
2;1741070858898;3281
3;1741070860896;4022
2;1741070860978;3282
1;1741070861458;3747
0;1741070861794;3806
3;1741070865832;4023
0;1741070866146;3807
1;1741070866578;3748
2;1741070868114;3283
3;1741070870870;4024
0;1741070871047;3808
1;1741070871060;3749
2;1741070871249;3284
3;1741070875831;4025
1;1741070878625;3750
2;1741070878657;3285
0;1741070879297;3809
3;1741070880855;4026
0;1741070881297;3810
1;1741070881441;3751
2;1741070882097;3286
3;1741070885830;4027
0;1741070885980;3811
1;1741070886177;3752
2;1741070888705;3287
3;1741070890822;4028
2;1741070891680;3288
0;1741070893136;3812
1;1741070893904;3753
3;1741070895861;4029
0;1741070895937;3813
2;1741070896048;3289
1;1741070896400;3754
3;1741070900866;4030
0;1741070903456;3814
1;1741070903808;3755
2;1741070903888;3290
3;1741070905893;4031
2;1741070906144;3291
1;1741070906320;3756
3;1741070910917;4032
2;1741070911087;3292
1;1741070911295;3757
0;1741070914031;3815
3;1741070915859;4033
2;1741070916207;3293
0;1741070916399;3816
1;1741070916895;3758
3;1741070920821;4034
0;1741070921136;3817
1;1741070921632;3759
2;1741070922976;3294
3;1741070925829;4035
0;1741070925918;3818
1;1741070926222;3760
2;1741070927934;3295
3;1741070930874;4036
0;1741070931246;3819
1;1741070931390;3761
2;1741070934238;3296
3;1741070935861;4037
0;1741070935950;3820
1;1741070936130;3762
2;1741070936349;3297
3;1741070940835;4038
2;1741070940989;3298
0;1741070941471;3821
1;1741070941615;3763
3;1741070945874;4039
0;1741070945880;3822
1;1741070946030;3764
2;1741070946113;3299
3;1741070950834;4040
1;1741070951278;3765
0;1741070951470;3823
3;1741070955859;4041
0;1741070955901;3824
2;1741070956030;3300
1;1741070956334;3766
3;1741070960834;4042
0;1741070960972;3825
2;1741070961084;3301
1;1741070961276;3767
3;1741070965826;4043
3;1741070970833;4044
0;1741070970940;3826
2;1741070971196;3302
1;1741070971356;3768
3;1741070975873;4045
0;1741070975908;3827
2;1741070975978;3303
1;1741070976955;3769
3;1741070980833;4046
2;1741070981412;3304
0;1741070983115;3828
3;1741070985825;4047
2;1741070986059;3305
0;1741070987003;3829
1;1741070988234;3770
3;1741070990858;4048
1;1741070991066;3771
0;1741070991098;3830
2;1741070993483;3306
3;1741070995839;4049
0;1741070995921;3831
1;1741070996154;3772
2;1741070996538;3307
3;1741071000859;4050
2;1741071000916;3308
0;1741071001754;3832
1;1741071004058;3773
3;1741071005843;4051
0;1741071005914;3833
2;1741071006169;3309
1;1741071006953;3774
3;1741071010831;4052
0;1741071011017;3834
2;1741071011177;3310
1;1741071011305;3775
3;1741071015825;4053
0;1741071015993;3835
1;1741071016105;3776
2;1741071018153;3311
3;1741071020847;4054
0;1741071020872;3836
1;1741071021049;3777
2;1741071021144;3312
3;1741071025838;4055
0;1741071026088;3837
2;1741071026168;3313
1;1741071026520;3778
3;1741071030846;4056
0;1741071030888;3838
2;1741071031288;3314
1;1741071031799;3779
3;1741071035823;4057
0;1741071036104;3839
2;1741071036232;3315
1;1741071036682;3780
0;1741071040873;3840
3;1741071040883;4058
2;1741071041001;3316
1;1741071041641;3781
3;1741071045901;4059
0;1741071045997;3841
1;1741071046647;3782
2;1741071047048;3317
3;1741071050829;4060
0;1741071050951;3842
1;1741071051111;3783
2;1741071053878;3318
3;1741071055868;4061
0;1741071056102;3843
1;1741071056246;3784
2;1741071057126;3319
3;1741071060843;4062
0;1741071061046;3844
2;1741071061270;3320
1;1741071061830;3785
3;1741071065819;4063
0;1741071066070;3845
1;1741071066358;3786
3;1741071070875;4064
1;1741071070965;3787
2;1741071071174;3321
0;1741071071253;3846
0;1741071075861;3847
3;1741071075871;4065
2;1741071075989;3322
1;1741071076325;3788
3;1741071080875;4066
0;1741071081173;3848
1;1741071081317;3789
3;1741071085834;4067
0;1741071086020;3849
1;1741071086276;3790
2;1741071088085;3323
3;1741071090874;4068
0;1741071090964;3850
1;1741071091385;3791
3;1741071095833;4069
2;1741071095940;3324
0;1741071096052;3851
1;1741071096228;3792
3;1741071100857;4070
2;1741071101044;3325
0;1741071101159;3852
1;1741071101460;3793
3;1741071105833;4071
1;1741071106483;3794
0;1741071106787;3853
3;1741071110825;4072
2;1741071111747;3326
1;1741071113251;3795
3;1741071115881;4073
0;1741071116195;3854
1;1741071117075;3796
2;1741071118771;3327
3;1741071120856;4074
1;1741071124210;3797
0;1741071124323;3855
3;1741071125832;4075
1;1741071125974;3798
0;1741071126050;3856
2;1741071128242;3328
3;1741071130824;4076
2;1741071131106;3329
1;1741071131298;3799
0;1741071131554;3857
3;1741071135832;4077
2;1741071135925;3330
0;1741071136098;3858
1;1741071136274;3800
3;1741071140823;4078
0;1741071141377;3859
1;1741071141569;3801
2;1741071144145;3331
3;1741071145858;4079
1;1741071146193;3802
0;1741071146433;3860
2;1741071148993;3332
3;1741071150839;4080
1;1741071153016;3803
3;1741071155830;4081
1;1741071156304;3804
2;1741071156592;3333
0;1741071156752;3861
3;1741071160823;4082
2;1741071161216;3334
0;1741071163168;3862
1;1741071164528;3805
3;1741071165829;4083
2;1741071168896;3335
3;1741071170821;4084
2;1741071171791;3336
1;1741071172095;3806
0;1741071174351;3863
3;1741071175832;4085
2;1741071175903;3337
0;1741071176015;3864
1;1741071176223;3807
3;1741071180916;4086
2;1741071183999;3338
3;1741071185828;4087
0;1741071185918;3865
2;1741071186062;3339
1;1741071186194;3808
3;1741071190821;4088
0;1741071191390;3866
1;1741071191886;3809
2;1741071193294;3340
3;1741071195828;4089
0;1741071196382;3867
1;1741071196526;3810
2;1741071196670;3341
3;1741071200819;4090
0;1741071201918;3868
1;1741071202030;3811
3;1741071205827;4091
0;1741071206061;3869
1;1741071206557;3812
2;1741071206573;3342
3;1741071210930;4092
2;1741071214781;3343
3;1741071215827;4093
0;1741071215949;3870
2;1741071216097;3344
1;1741071216157;3813
3;1741071220849;4094
0;1741071221084;3871
1;1741071221164;3814
2;1741071221548;3345
3;1741071225950;4095
1;1741071225996;3815
2;1741071226076;3346
0;1741071226348;3872
3;1741071230898;4096
1;1741071230988;3816
2;1741071231196;3347
0;1741071233948;3873
3;1741071235825;4097
0;1741071236326;3874
1;1741071236492;3817
2;1741071238123;3348
3;1741071240833;4098
0;1741071243179;3875
2;1741071243803;3349
1;1741071243947;3818
3;1741071245840;4099
0;1741071246619;3876
1;1741071247035;3819
2;1741071247179;3350
3;1741071250832;4100
0;1741071251147;3877
1;1741071251420;3820
2;1741071251660;3351
3;1741071255824;4101
0;1741071255948;3878
1;1741071256220;3821
2;1741071256332;3352
3;1741071260832;4102
0;1741071261146;3879
1;1741071261402;3822
2;1741071262986;3353
3;1741071265872;4103
2;1741071266106;3354
1;1741071266170;3823
3;1741071270832;4104
0;1741071273113;3880
1;1741071273385;3824
2;1741071273833;3355
3;1741071275838;4105
0;1741071275897;3881
1;1741071276153;3825
2;1741071276233;3356
3;1741071280831;4106
0;1741071282968;3882
2;1741071284088;3357
3;1741071285823;4107
2;1741071287912;3358
0;1741071288296;3883
1;1741071288840;3826
3;1741071290878;4108
1;1741071290904;3827
2;1741071291097;3359
3;1741071295837;4109
0;1741071295960;3884
1;1741071296472;3828
2;1741071296488;3360
3;1741071300893;4110
2;1741071301095;3361
1;1741071301175;3829
3;1741071305871;4111
1;1741071306232;3830
2;1741071306343;3362
0;1741071306551;3885
3;1741071310875;4112
1;1741071311111;3831
0;1741071311447;3886
2;1741071311568;3363
3;1741071315853;4113
1;1741071316135;3832
0;1741071316407;3887
2;1741071318838;3364
3;1741071320862;4114
0;1741071321015;3888
1;1741071321414;3833
2;1741071321432;3365
3;1741071325852;4115
0;1741071326951;3889
1;1741071327271;3834
2;1741071327991;3366
3;1741071330875;4116
1;1741071331096;3835
2;1741071331254;3367
0;1741071332934;3890
3;1741071335835;4117
0;1741071335893;3891
1;1741071336070;3836
2;1741071336166;3368
3;1741071340844;4118
0;1741071340934;3892
1;1741071341062;3837
2;1741071341303;3369
3;1741071345834;4119
2;1741071348133;3370
1;1741071348725;3838
3;1741071350841;4120
2;1741071351741;3371
1;1741071353284;3839
3;1741071355865;4121
0;1741071356260;3893
1;1741071357092;3840
2;1741071358516;3372
3;1741071360825;4122
0;1741071361829;3894
2;1741071363861;3373
3;1741071365858;4123
1;1741071366227;3841
0;1741071366356;3895
2;1741071369220;3374
3;1741071370825;4124
0;1741071370970;3896
1;1741071371411;3842
2;1741071371795;3375
3;1741071375911;4125
1;1741071376451;3843
0;1741071376970;3897
2;1741071378675;3376
3;1741071380824;4126
0;1741071381075;3898
1;1741071381555;3844
2;1741071381915;3377
3;1741071385848;4127
0;1741071385858;3899
1;1741071386086;3845
2;1741071386386;3378
3;1741071390839;4128
0;1741071390866;3900
1;1741071391074;3846
2;1741071391250;3379
3;1741071395878;4129
0;1741071395986;3901
1;1741071396000;3847
2;1741071396707;3380
3;1741071400839;4130
1;1741071401089;3848
0;1741071401201;3902
2;1741071401329;3381
3;1741071405831;4131
2;1741071408002;3382
3;1741071410821;4132
0;1741071411601;3903
1;1741071411713;3849
2;1741071411889;3383
3;1741071415829;4133
0;1741071416320;3904
1;1741071416433;3850
2;1741071416560;3384
3;1741071420821;4134
0;1741071420896;3905
1;1741071421088;3851
2;1741071421280;3385
3;1741071425907;4135
0;1741071426001;3906
1;1741071426257;3852
2;1741071426449;3386
3;1741071430822;4136
0;1741071431072;3907
1;1741071431263;3853
2;1741071431600;3387
3;1741071435845;4137
0;1741071439039;3908
1;1741071439295;3854
2;1741071439519;3388
3;1741071440821;4138
2;1741071442959;3389
1;1741071443215;3855
0;1741071443663;3909
3;1741071445829;4139
0;1741071446302;3910
1;1741071446511;3856
2;1741071446783;3390
3;1741071450885;4140
0;1741071450921;3911
1;1741071451344;3857
2;1741071451418;3391
3;1741071455872;4141
0;1741071456110;3912
2;1741071456510;3392
1;1741071456846;3858
3;1741071460835;4142
0;1741071460910;3913
1;1741071461310;3859
2;1741071461678;3393
3;1741071465827;4143
0;1741071465917;3914
2;1741071466253;3394
1;1741071466381;3860
3;1741071470894;4144
0;1741071470925;3915
1;1741071471358;3861
2;1741071471453;3395
3;1741071475827;4145
0;1741071476253;3916
2;1741071476397;3396
1;1741071476445;3862
3;1741071480834;4146
0;1741071480947;3917
1;1741071481149;3863
2;1741071481500;3397
3;1741071485826;4147
0;1741071486284;3918
2;1741071488108;3398
3;1741071490848;4148
0;1741071491084;3919
1;1741071491292;3864
2;1741071491404;3399
3;1741071495857;4149
1;1741071496412;3865
0;1741071496476;3920
2;1741071497068;3400
3;1741071500834;4150
0;1741071501292;3921
1;1741071501963;3866
2;1741071504299;3401
3;1741071505841;4151
0;1741071505915;3922
1;1741071506555;3867
2;1741071506667;3402
3;1741071510832;4152
0;1741071510964;3923
1;1741071511147;3868
2;1741071511323;3403
3;1741071515825;4153
0;1741071516650;3924
1;1741071516842;3869
2;1741071519066;3404
3;1741071520833;4154
0;1741071520890;3925
1;1741071521002;3870
2;1741071521146;3405
3;1741071525823;4155
1;1741071526762;3871
0;1741071526973;3926
3;1741071530858;4156
1;1741071531018;3872
0;1741071531220;3927
2;1741071533769;3406
3;1741071535823;4157
0;1741071536393;3928
1;1741071536617;3873
2;1741071536777;3407
3;1741071540831;4158
1;1741071541657;3874
0;1741071544233;3929
3;1741071545837;4159
1;1741071545975;3875
0;1741071546040;3930
2;1741071546298;3408
3;1741071550831;4160
1;1741071551257;3876
0;1741071551432;3931
3;1741071555879;4161
2;1741071555961;3409
1;1741071556456;3877
0;1741071558088;3932
3;1741071560829;4162
1;1741071561944;3878
0;1741071561962;3933
3;1741071565839;4163
0;1741071565931;3934
1;1741071566552;3879
3;1741071570830;4164
0;1741071571511;3935
1;1741071571975;3880
3;1741071575821;4165
1;1741071576567;3881
0;1741071576631;3936
3;1741071580828;4166
0;1741071581077;3937
1;1741071581831;3882
3;1741071585821;4167
0;1741071586742;3938
2;1741071586934;3410
1;1741071588262;3883
3;1741071590876;4168
1;1741071592070;3884
0;1741071592294;3939
2;1741071593926;3411
3;1741071595867;4169
1;1741071596375;3885
0;1741071596871;3940
2;1741071597102;3412
3;1741071600828;4170
0;1741071601029;3941
1;1741071601221;3886
2;1741071601413;3413
3;1741071605835;4171
0;1741071606677;3942
1;1741071606773;3887
2;1741071607029;3414
0;1741071610912;3943
3;1741071610918;4172
1;1741071611285;3888
2;1741071611636;3415
3;1741071615895;4173
0;1741071616036;3944
1;1741071616116;3889
2;1741071616580;3416
3;1741071620969;4174
0;1741071621108;3945
1;1741071621268;3890
2;1741071623636;3417
3;1741071625880;4175
0;1741071626036;3946
2;1741071626403;3418
1;1741071626675;3891
3;1741071630825;4176
1;1741071633219;3892
3;1741071635895;4177
1;1741071636115;3893
0;1741071636259;3947
2;1741071636435;3419
3;1741071640872;4178
0;1741071640963;3948
1;1741071641235;3894
2;1741071641363;3420
3;1741071645833;4179
0;1741071645987;3949
2;1741071646098;3421
1;1741071646178;3895
3;1741071650886;4180
0;1741071650916;3950
1;1741071651602;3896
2;1741071651970;3422
3;1741071655861;4181
0;1741071655922;3951
1;1741071656194;3897
2;1741071656306;3423
3;1741071660823;4182
0;1741071661345;3952
1;1741071661404;3898
2;1741071663298;3424
3;1741071665914;4183
0;1741071666001;3953
2;1741071666306;3425
1;1741071666769;3899
3;1741071670854;4184
0;1741071670897;3954
1;1741071671169;3900
2;1741071671212;3426
3;1741071675831;4185
0;1741071676033;3955
1;1741071676321;3901
2;1741071676657;3427
3;1741071680901;4186
0;1741071680940;3956
1;1741071681056;3902
2;1741071681616;3428
3;1741071685829;4187
1;1741071686705;3903
2;1741071688272;3429
3;1741071690821;4188
0;1741071691088;3957
1;1741071691648;3904
2;1741071692048;3430
3;1741071695843;4189
0;1741071695935;3958
1;1741071696207;3905
2;1741071696368;3431
3;1741071700893;4190
3;1741071705845;4191
0;1741071705919;3959
1;1741071706223;3906
2;1741071706367;3432
3;1741071710836;4192
0;1741071710907;3960
1;1741071711680;3907
2;1741071711696;3433
3;1741071715843;4193
0;1741071716064;3961
1;1741071716480;3908
2;1741071716498;3434
3;1741071720819;4194
1;1741071721614;3909
0;1741071721710;3962
2;1741071723982;3435
3;1741071725875;4195
0;1741071726317;3963
2;1741071726782;3436
1;1741071726958;3910
3;1741071730867;4196
0;1741071730909;3964
1;1741071731229;3911
2;1741071731517;3437
3;1741071735842;4197
0;1741071736045;3965
1;1741071736141;3912
2;1741071736413;3438
3;1741071740848;4198
0;1741071744268;3966
2;1741071744829;3439
3;1741071745826;4199
0;1741071745900;3967
1;1741071746140;3913
2;1741071746245;3440
3;1741071750905;4200
1;1741071751116;3914
2;1741071751244;3441
0;1741071753819;3968
3;1741071755857;4201
0;1741071755893;3969
1;1741071756188;3915
2;1741071756380;3442
3;1741071762703;4202
1;1741071762843;3916
0;1741071763019;3970
2;1741071763323;3443
3;1741071765825;4203
1;1741071768155;3917
0;1741071769131;3971
3;1741071770911;4204
0;1741071771079;3972
1;1741071771307;3918
2;1741071771595;3444
3;1741071775871;4205
0;1741071775930;3973
1;1741071776074;3919
2;1741071776266;3445
3;1741071780832;4206
2;1741071782986;3446
0;1741071783850;3974
3;1741071785872;4207
0;1741071786091;3975
2;1741071786203;3447
1;1741071786458;3920
3;1741071790864;4208
0;1741071791083;3976
1;1741071791435;3921
2;1741071791514;3448
3;1741071795822;4209
1;1741071796057;3922
2;1741071796265;3449
0;1741071796346;3977
3;1741071800845;4210
0;1741071801065;3978
1;1741071801257;3923
2;1741071801385;3450
3;1741071805950;4211
0;1741071806458;3979
1;1741071806676;3924
2;1741071806921;3451
3;1741071810831;4212
1;1741071812010;3925
2;1741071813898;3452
3;1741071815870;4213
0;1741071816377;3980
2;1741071816857;3453
1;1741071816937;3926
3;1741071820845;4214
0;1741071820936;3981
1;1741071821176;3927
2;1741071821304;3454
3;1741071825837;4215
0;1741071825959;3982
1;1741071826104;3928
2;1741071826292;3455
3;1741071830876;4216
0;1741071830999;3983
2;1741071831415;3456
1;1741071831447;3929
3;1741071835821;4217
0;1741071836055;3984
2;1741071836311;3457
1;1741071836439;3930
3;1741071840844;4218
0;1741071841014;3985
2;1741071841174;3458
1;1741071841702;3931
3;1741071845862;4219
0;1741071846470;3986
1;1741071846918;3932
2;1741071849078;3459
3;1741071850860;4220
0;1741071850951;3987
1;1741071851159;3933
2;1741071851287;3460
3;1741071855852;4221
0;1741071855909;3988
1;1741071856102;3934
2;1741071856454;3461
3;1741071860844;4222
0;1741071861013;3989
1;1741071861173;3935
2;1741071861653;3462
3;1741071865851;4223
0;1741071866021;3990
1;1741071866325;3936
2;1741071866481;3463
3;1741071870827;4224
0;1741071871781;3991
1;1741071871957;3937
3;1741071875882;4225
0;1741071875985;3992
1;1741071876404;3938
2;1741071876628;3464
3;1741071880826;4226
0;1741071880916;3993
1;1741071881236;3939
2;1741071881316;3465
3;1741071885881;4227
0;1741071885960;3994
2;1741071886243;3466
1;1741071886340;3940
3;1741071890825;4228
0;1741071893155;3995
2;1741071894083;3467
3;1741071895832;4229
0;1741071895971;3996
2;1741071896179;3468
1;1741071896563;3941
3;1741071900839;4230
0;1741071900995;3997
1;1741071901091;3942
2;1741071901747;3469
3;1741071905832;4231
2;1741071909426;3470
1;1741071909586;3943
0;1741071909763;3998
3;1741071910874;4232
0;1741071913154;3999
1;1741071913586;3944
2;1741071914130;3471
3;1741071915878;4233
1;1741071916210;3945
2;1741071916322;3472
0;1741071918850;4000
3;1741071920897;4234
1;1741071921228;3946
2;1741071921404;3473
0;1741071921474;4001
3;1741071925863;4235
0;1741071926385;4002
1;1741071926545;3947
2;1741071926642;3474
3;1741071930870;4236
2;1741071932973;3475
1;1741071933601;3948
0;1741071934497;4003
3;1741071935846;4237
0;1741071935898;4004
1;1741071936033;3949
2;1741071936413;3476
3;1741071940870;4238
0;1741071941088;4005
2;1741071941488;3477
1;1741071941808;3950
3;1741071945941;4239
1;1741071946640;3951
0;1741071946720;4006
2;1741071949552;3478
3;1741071950838;4240
0;1741071950976;4007
1;1741071951600;3952
2;1741071951744;3479
3;1741071955832;4241
0;1741071956159;4008
1;1741071956431;3953
2;1741071959359;3480
3;1741071960821;4242
0;1741071961167;4009
1;1741071961343;3954
2;1741071961743;3481
3;1741071965830;4243
0;1741071968015;4010
2;1741071968297;3482
1;1741071968383;3955
3;1741071970837;4244
0;1741071970895;4011
1;1741071971455;3956
2;1741071971535;3483
3;1741071975829;4245
0;1741071976078;4012
1;1741071976590;3957
2;1741071976670;3484
3;1741071980915;4246
0;1741071980990;4013
1;1741071981262;3958
2;1741071981454;3485
3;1741071985843;4247
0;1741071985885;4014
1;1741071986093;3959
2;1741071986190;3486
3;1741071990835;4248
0;1741071991022;4015
1;1741071991417;3960
2;1741071991517;3487
3;1741071995843;4249
0;1741071996349;4016
2;1741071999213;3488
3;1741072000865;4250
0;1741072001021;4017
2;1741072001629;3489
1;1741072001643;3961
3;1741072005890;4251
0;1741072005997;4018
2;1741072006152;3490
1;1741072006428;3962
3;1741072010850;4252
1;1741072010972;3963
0;1741072013084;4019
3;1741072015859;4253
1;1741072015964;3964
0;1741072016780;4020
3;1741072020833;4254
0;1741072021099;4021
2;1741072021195;3491
3;1741072025826;4255
2;1741072026299;3492
0;1741072026555;4022
1;1741072026683;3965
3;1741072030881;4256
1;1741072031163;3966
0;1741072031227;4023
2;1741072031323;3493
3;1741072035825;4257
1;1741072035931;3967
0;1741072036075;4024
2;1741072036171;3494
3;1741072040834;4258
2;1741072041047;3495
0;1741072041161;4025
3;1741072045856;4259
0;1741072045930;4026
1;1741072046090;3968
3;1741072050942;4260
1;1741072054122;3969
3;1741072055885;4261
1;1741072055961;3970
0;1741072056074;4027
2;1741072056233;3496
3;1741072060831;4262
1;1741072061210;3971
0;1741072061562;4028
2;1741072061578;3497
3;1741072065839;4263
0;1741072066073;4029
2;1741072066329;3498
1;1741072068536;3972
3;1741072070831;4264
0;1741072071065;4030
2;1741072071337;3499
1;1741072071496;3973
3;1741072075855;4265
1;1741072076040;3974
0;1741072076328;4031
3;1741072080909;4266
1;1741072081128;3975
0;1741072081511;4032
2;1741072081928;3500
3;1741072085822;4267
2;1741072086023;3501
0;1741072086087;4033
1;1741072086279;3976
3;1741072090832;4268
2;1741072093191;3502
1;1741072093865;3977
3;1741072095822;4269
0;1741072096102;4034
1;1741072096215;3978
2;1741072096468;3503
3;1741072100845;4270
2;1741072101335;3504
1;1741072101991;3979
0;1741072102263;4035
3;1741072105836;4271
0;1741072106262;4036
2;1741072106593;3505
1;1741072109062;3980
3;1741072110876;4272
0;1741072111078;4037
1;1741072111222;3981
2;1741072111350;3506
3;1741072115882;4273
0;1741072116086;4038
1;1741072116438;3982
3;1741072120876;4274
1;1741072121013;3983
0;1741072121033;4039
3;1741072125851;4275
1;1741072125969;3984
2;1741072126421;3507
0;1741072126533;4040
3;1741072130876;4276
2;1741072131045;3508
1;1741072131409;3985
0;1741072132017;4041
3;1741072135834;4277
0;1741072136052;4042
1;1741072136692;3986
2;1741072136980;3509
3;1741072140858;4278
1;1741072141156;3987
0;1741072141332;4043
2;1741072141492;3510
3;1741072145834;4279
1;1741072146141;3988
2;1741072146436;3511
0;1741072146516;4044
3;1741072150841;4280
0;1741072150900;4045
2;1741072151124;3512
1;1741072151604;3989
3;1741072155849;4281
1;1741072156163;3990
2;1741072158259;3513
3;1741072160905;4282
1;1741072160995;3991
2;1741072161309;3514
0;1741072161324;4046
3;1741072165832;4283
0;1741072165907;4047
2;1741072166035;3515
1;1741072166228;3992
3;1741072170823;4284
2;1741072171588;3516
0;1741072171956;4048
1;1741072174628;3993
3;1741072175879;4285
1;1741072176018;3994
0;1741072176322;4049
2;1741072176642;3517
3;1741072180823;4286
2;1741072181159;3518
0;1741072181362;4050
1;1741072184034;3995
3;1741072185832;4287
0;1741072186007;4051
2;1741072186129;3519
1;1741072188801;3996
3;1741072190823;4288
0;1741072190945;4052
1;1741072191089;3997
2;1741072191553;3520
3;1741072195863;4289
0;1741072195901;4053
1;1741072196657;3998
3;1741072200822;4290
0;1741072201063;4054
2;1741072201184;3521
1;1741072201664;3999
3;1741072205910;4291
1;1741072205945;4000
0;1741072207361;4055
2;1741072209024;3522
3;1741072210821;4292
0;1741072211616;4056
1;1741072213920;4001
3;1741072215830;4293
1;1741072216160;4002
0;1741072216281;4057
2;1741072216297;3523
3;1741072220821;4294
2;1741072221183;3524
0;1741072221585;4058
1;1741072223231;4003
3;1741072225829;4295
0;1741072226015;4059
2;1741072226505;3525
1;1741072229103;4004
3;1741072230836;4296
0;1741072230958;4060
2;1741072231135;3526
1;1741072233855;4005
3;1741072235874;4297
0;1741072238094;4061
1;1741072238366;4006
3;1741072240821;4298
1;1741072241054;4007
2;1741072241294;3527
0;1741072241416;4062
3;1741072245828;4299
2;1741072246158;3528
0;1741072246334;4063
1;1741072248206;4008
3;1741072250867;4300
0;1741072250905;4064
1;1741072251118;4009
2;1741072251342;3529
3;1741072255827;4301
0;1741072256045;4065
2;1741072256205;3530
1;1741072259133;4010
3;1741072260834;4302
0;1741072260925;4066
1;1741072261101;4011
2;1741072261214;3531
3;1741072265890;4303
0;1741072265980;4067
1;1741072266268;4012
2;1741072266493;3532
3;1741072270859;4304
2;1741072271187;3533
0;1741072271292;4068
1;1741072274092;4013
3;1741072275905;4305
1;1741072275980;4014
0;1741072276164;4069
2;1741072276348;3534
3;1741072280849;4306
0;1741072280924;4070
2;1741072281068;3535
1;1741072281196;4015
3;1741072285889;4307
1;1741072286827;4016
2;1741072289131;3536
3;1741072290944;4308
1;1741072291067;4017
0;1741072291259;4071
2;1741072291467;3537
3;1741072295825;4309
1;1741072296060;4018
0;1741072296216;4072
2;1741072296679;3538
3;1741072300833;4310
1;1741072301018;4019
0;1741072301626;4073
2;1741072301994;3539
3;1741072305888;4311
1;1741072306170;4020
0;1741072306346;4074
2;1741072306490;3540
3;1741072310831;4312
0;1741072310909;4075
2;1741072311210;3541
3;1741072315840;4313
1;1741072315946;4021
2;1741072316331;3542
0;1741072316491;4076
3;1741072320847;4314
2;1741072323114;3543
1;1741072324106;4022
1;1741072325914;4023
3;1741072325926;4315
2;1741072326730;3544
0;1741072327194;4077
3;1741072330831;4316
2;1741072333834;3545
1;1741072334004;4024
3;1741072335917;4317
0;1741072336328;4078
2;1741072336616;3546
3;1741072340830;4318
0;1741072340919;4079
2;1741072341320;3547
1;1741072344120;4025
3;1741072345839;4319
1;1741072346371;4026
0;1741072346473;4080
2;1741072346809;3548
3;1741072350829;4320
0;1741072350969;4081
2;1741072351081;3549
1;1741072351241;4027
3;1741072355881;4321
0;1741072355927;4082
2;1741072356262;3550
1;1741072359000;4028
3;1741072360832;4322
2;1741072361255;3551
0;1741072361639;4083
3;1741072365820;4323
1;1741072365958;4029
2;1741072366695;3552
0;1741072366822;4084
3;1741072370827;4324
0;1741072373254;4085
3;1741072375835;4325
0;1741072376133;4086
2;1741072376351;3553
1;1741072376685;4030
3;1741072380905;4326
1;1741072380934;4031
0;1741072381125;4087
2;1741072381205;3554
0;1741072385878;4088
3;1741072385889;4327
2;1741072386021;3555
1;1741072386293;4032
3;1741072390874;4328
0;1741072391445;4089
2;1741072391845;3556
1;1741072394245;4033
3;1741072395963;4329
0;1741072396075;4090
2;1741072396207;3557
1;1741072399556;4034
3;1741072400842;4330
0;1741072400868;4091
2;1741072401050;3558
1;1741072401396;4035
3;1741072405898;4331
0;1741072406133;4092
2;1741072406773;3559
1;1741072408917;4036
3;1741072410826;4332
0;1741072411364;4093
2;1741072411379;3560
1;1741072413188;4037
3;1741072415833;4333
0;1741072415875;4094
1;1741072416900;4038
2;1741072418772;3561
3;1741072420826;4334
1;1741072422003;4039
0;1741072422131;4095
2;1741072423091;3562
3;1741072425833;4335
1;1741072426083;4040
0;1741072426514;4096
2;1741072427043;3563
3;1741072430841;4336
0;1741072430939;4097
2;1741072431106;3564
1;1741072431394;4041
3;1741072435866;4337
1;1741072436051;4042
0;1741072436196;4098
2;1741072436373;3565
3;1741072440824;4338
1;1741072441090;4043
0;1741072441586;4099
2;1741072441634;3566
3;1741072445847;4339
1;1741072445913;4044
0;1741072445938;4100
2;1741072446129;3567
3;1741072450839;4340
0;1741072450881;4101
1;1741072451025;4045
2;1741072451121;3568
3;1741072455833;4341
2;1741072456289;3569
0;1741072456647;4102
1;1741072458161;4046
3;1741072460898;4342
0;1741072460992;4103
2;1741072461185;3570
1;1741072462129;4047
3;1741072465845;4343
0;1741072465920;4104
2;1741072466128;3571
1;1741072466280;4048
3;1741072470839;4344
0;1741072471417;4105
2;1741072471504;3572
1;1741072474384;4049
3;1741072475895;4345
0;1741072475936;4106
2;1741072476096;3573
1;1741072476528;4050
3;1741072480836;4346
0;1741072481199;4107
2;1741072481663;3574
1;1741072483087;4051
3;1741072485829;4347
0;1741072487023;4108
2;1741072487183;3575
1;1741072488175;4052
3;1741072490868;4348
2;1741072491007;3576
1;1741072491087;4053
0;1741072491199;4109
3;1741072495848;4349
0;1741072496128;4110
1;1741072496147;4054
2;1741072496240;3577
3;1741072500836;4350
0;1741072501103;4111
2;1741072501358;3578
1;1741072503182;4055
3;1741072505860;4351
0;1741072506031;4112
1;1741072506095;4056
2;1741072506303;3579
3;1741072510819;4352
1;1741072511066;4057
0;1741072511167;4113
2;1741072511391;3580
3;1741072515828;4353
0;1741072515886;4114
2;1741072516014;3581
1;1741072519150;4058
3;1741072520867;4354
0;1741072520925;4115
1;1741072521005;4059
1;1741072525932;4060
3;1741072525942;4355
2;1741072526380;3582
0;1741072526621;4116
3;1741072530834;4356
0;1741072530943;4117
2;1741072531053;3583
1;1741072531356;4061
3;1741072535841;4357
0;1741072535884;4118
1;1741072536044;4062
2;1741072536316;3584
3;1741072540833;4358
1;1741072543195;4063
2;1741072543531;3585
3;1741072545826;4359
2;1741072547947;3586
0;1741072548795;4119
1;1741072548917;4064
3;1741072550833;4360
1;1741072551003;4065
0;1741072551147;4120
2;1741072551643;3587
3;1741072555825;4361
0;1741072556875;4121
1;1741072558266;4066
2;1741072558859;3588
3;1741072560848;4362
0;1741072560922;4122
1;1741072561098;4067
2;1741072561179;3589
3;1741072565824;4363
0;1741072568236;4123
2;1741072568619;3590
1;1741072568699;4068
3;1741072570862;4364
0;1741072570938;4124
2;1741072571754;3591
1;1741072571797;4069
3;1741072575871;4365
1;1741072576073;4070
2;1741072576698;3592
0;1741072576794;4125
3;1741072580831;4366
0;1741072580969;4126
1;1741072581321;4071
2;1741072581429;3593
3;1741072585825;4367
1;1741072585929;4072
0;1741072586137;4127
2;1741072586329;3594
3;1741072590925;4368
0;1741072590965;4128
2;1741072591109;3595
1;1741072591288;4073
3;1741072595870;4369
1;1741072596040;4074
0;1741072596232;4129
2;1741072598808;3596
3;1741072600830;4370
0;1741072601016;4130
2;1741072601176;3597
1;1741072601280;4075
3;1741072605852;4371
1;1741072606073;4076
0;1741072606297;4131
2;1741072606377;3598
3;1741072610829;4372
0;1741072610983;4132
2;1741072611191;3599
1;1741072613063;4077
3;1741072615836;4373
0;1741072615874;4133
1;1741072616024;4078
2;1741072618712;3600
3;1741072620842;4374
2;1741072623160;3601
0;1741072623720;4134
3;1741072625819;4375
1;1741072626327;4079
0;1741072628246;4135
2;1741072628630;3602
3;1741072630859;4376
1;1741072631137;4080
2;1741072633746;3603
3;1741072635862;4377
2;1741072638166;3604
0;1741072638549;4136
1;1741072638680;4081
3;1741072640877;4378
0;1741072640917;4137
1;1741072641063;4082
2;1741072641207;3605
3;1741072645862;4379
1;1741072645957;4083
2;1741072646117;3606
0;1741072646453;4138
3;1741072650842;4380
1;1741072651013;4084
0;1741072651157;4139
2;1741072653669;3607
3;1741072655834;4381
1;1741072656069;4085
0;1741072656196;4140
2;1741072656312;3608
3;1741072660827;4382
1;1741072661206;4086
2;1741072662070;3609
0;1741072664022;4141
3;1741072665849;4383
1;1741072665925;4087
2;1741072666117;3610
0;1741072666149;4142
3;1741072670857;4384
0;1741072670933;4143
2;1741072671205;3611
1;1741072673077;4088
3;1741072675851;4385
0;1741072676211;4144
1;1741072676291;4089
2;1741072676709;3612
3;1741072680840;4386
1;1741072680899;4090
0;1741072681395;4145
2;1741072681667;3613
3;1741072685864;4387
0;1741072685905;4146
1;1741072686311;4091
2;1741072688243;3614
3;1741072690824;4388
1;1741072691053;4092
2;1741072691171;3615
0;1741072691213;4147
3;1741072695847;4389
0;1741072695940;4148
1;1741072696690;4093
2;1741072698786;3616
3;1741072700871;4390
0;1741072701042;4149
2;1741072701266;3617
1;1741072703826;4094
3;1741072705863;4391
0;1741072705937;4150
1;1741072706033;4095
2;1741072706290;3618
3;1741072710838;4392
0;1741072710883;4151
2;1741072711073;3619
1;1741072711729;4096
3;1741072715831;4393
2;1741072716257;3620
0;1741072716605;4152
3;1741072720967;4394
1;1741072721601;4097
0;1741072723312;4153
2;1741072723936;3621
3;1741072725846;4395
0;1741072726737;4154
2;1741072726928;3622
1;1741072728864;4098
3;1741072730822;4396
1;1741072732992;4099
2;1741072734048;3623
0;1741072734208;4155
3;1741072735830;4397
1;1741072736415;4100
0;1741072738127;4156
2;1741072739039;3624
3;1741072740862;4398
0;1741072741064;4157
2;1741072741135;3625
1;1741072741841;4101
3;1741072745829;4399
0;1741072745887;4158
1;1741072745983;4102
2;1741072746271;3626
3;1741072750868;4400
0;1741072750911;4159
2;1741072751391;3627
1;1741072753151;4103
3;1741072755829;4401
2;1741072755998;3628
0;1741072756334;4160
3;1741072760836;4402
1;1741072761092;4104
0;1741072761262;4161
2;1741072761870;3629
3;1741072765843;4403
0;1741072765929;4162
1;1741072766110;4105
2;1741072766254;3630
3;1741072770819;4404
2;1741072773069;3631
3;1741072775827;4405
0;1741072775981;4163
2;1741072776255;3632
1;1741072778190;4106
3;1741072780835;4406
0;1741072781034;4164
1;1741072781194;4107
2;1741072781294;3633
3;1741072785827;4407
1;1741072788270;4108
3;1741072790835;4408
1;1741072790972;4109
2;1741072791596;3634
0;1741072791859;4165
3;1741072795827;4409
0;1741072796044;4166
2;1741072796268;3635
1;1741072796604;4110
3;1741072800866;4410
1;1741072800956;4111
2;1741072801228;3636
0;1741072801292;4167
3;1741072805825;4411
2;1741072806267;3637
0;1741072806363;4168
1;1741072808939;4112
3;1741072810835;4412
0;1741072810947;4169
2;1741072811084;3638
1;1741072811579;4113
3;1741072815824;4413
0;1741072815993;4170
2;1741072816267;3639
1;1741072819115;4114
3;1741072820879;4414
1;1741072820922;4115
0;1741072820986;4171
2;1741072821546;3640
3;1741072825839;4415
0;1741072825930;4172
2;1741072826090;3641
1;1741072826506;4116
3;1741072830832;4416
0;1741072831050;4173
2;1741072831226;3642
1;1741072831594;4117
3;1741072835854;4417
0;1741072835963;4174
1;1741072836122;4118
2;1741072836394;3643
3;1741072840831;4418
1;1741072843241;4119
0;1741072843497;4175
2;1741072843737;3644
3;1741072845822;4419
0;1741072845929;4176
2;1741072846153;3645
3;1741072850862;4420
2;1741072851081;3646
0;1741072851210;4177
1;1741072851610;4120
3;1741072855822;4421
1;1741072855944;4121
2;1741072856105;3647
0;1741072856264;4178
3;1741072860876;4422
1;1741072860984;4122
2;1741072861147;3648
0;1741072861240;4179
3;1741072865822;4423
0;1741072866168;4180
2;1741072866360;3649
1;1741072869240;4123
3;1741072870846;4424
0;1741072870919;4181
1;1741072871079;4124
2;1741072871592;3650
3;1741072875869;4425
0;1741072876199;4182
2;1741072876343;3651
1;1741072878199;4125
3;1741072880876;4426
0;1741072880983;4183
2;1741072881895;3652
1;1741072883830;4126
3;1741072885894;4427
1;1741072885974;4127
0;1741072886134;4184
2;1741072886422;3653
3;1741072890828;4428
0;1741072891082;4185
2;1741072891366;3654
1;1741072894070;4128
3;1741072895821;4429
2;1741072896234;3655
1;1741072896410;4129
0;1741072896582;4186
3;1741072900828;4430
0;1741072900965;4187
2;1741072901126;3656
1;1741072903125;4130
3;1741072905948;4431
1;1741072906085;4131
0;1741072906229;4188
2;1741072906373;3657
3;1741072910843;4432
0;1741072911061;4189
2;1741072911253;3658
1;1741072914373;4132
3;1741072915849;4433
0;1741072915925;4190
2;1741072916042;3659
1;1741072916149;4133
3;1741072920841;4434
0;1741072920948;4191
2;1741072921092;3660
1;1741072921405;4134
3;1741072925833;4435
1;1741072926628;4135
2;1741072928548;3661
0;1741072928868;4192
3;1741072930874;4436
0;1741072931252;4193
2;1741072931364;3662
1;1741072933092;4136
3;1741072935833;4437
0;1741072935859;4194
1;1741072936083;4137
3;1741072940826;4438
2;1741072941203;3663
0;1741072941251;4195
1;1741072943635;4138
3;1741072945833;4439
1;1741072945907;4139
0;1741072946083;4196
2;1741072946435;3664
3;1741072950823;4440
1;1741072951309;4140
3;1741072955832;4441
1;1741072956002;4141
0;1741072956099;4197
2;1741072956402;3665
3;1741072960855;4442
1;1741072960961;4142
0;1741072961474;4198
2;1741072962258;3666
3;1741072965864;4443
0;1741072965895;4199
2;1741072966050;3667
1;1741072966146;4143
3;1741072970824;4444
0;1741072971222;4200
2;1741072971761;3668
1;1741072974017;4144
3;1741072975830;4445
0;1741072976402;4201
1;1741072978051;4145
3;1741072980823;4446
0;1741072981058;4202
1;1741072981202;4146
2;1741072983138;3669
3;1741072985845;4447
0;1741072985921;4203
1;1741072988128;4147
3;1741072990822;4448
1;1741072991088;4148
0;1741072991472;4204
2;1741072994576;3670
3;1741072995829;4449
1;1741072997936;4149
2;1741072998928;3671
3;1741073000868;4450
0;1741073001120;4205
1;1741073003232;4150
3;1741073005875;4451
0;1741073005919;4206
1;1741073006127;4151
2;1741073008206;3672
3;1741073010821;4452
2;1741073011214;3673
1;1741073011951;4152
0;1741073014255;4207
3;1741073015844;4453
0;1741073015919;4208
2;1741073016015;3674
1;1741073016287;4153
3;1741073020821;4454
2;1741073021198;3675
0;1741073023294;4209
3;1741073025843;4455
0;1741073025870;4210
2;1741073026046;3676
1;1741073026174;4154
3;1741073030879;4456
0;1741073030957;4211
1;1741073031901;4155
2;1741073032893;3677
3;1741073035827;4457
0;1741073036125;4212
1;1741073039069;4156
3;1741073040835;4458
0;1741073041022;4213
1;1741073041310;4157
2;1741073044409;3678
3;1741073045859;4459
0;1741073046093;4214
2;1741073048989;3679
1;1741073049260;4158
3;1741073050835;4460
0;1741073050964;4215
2;1741073054140;3680
3;1741073055866;4461
0;1741073056044;4216
1;1741073056421;4159
3;1741073060832;4462
1;1741073061023;4160
0;1741073061308;4217
3;1741073065889;4463
0;1741073065915;4218
1;1741073065979;4161
2;1741073066283;3681
3;1741073070833;4464
1;1741073073131;4162
0;1741073073218;4219
2;1741073074251;3682
3;1741073075871;4465
0;1741073075931;4220
1;1741073076555;4163
2;1741073079163;3683
3;1741073080873;4466
0;1741073081034;4221
2;1741073083818;3684
1;1741073083930;4164
3;1741073085888;4467
1;1741073086010;4165
0;1741073086122;4222
2;1741073086282;3685
3;1741073090832;4468
1;1741073091098;4166
0;1741073091547;4223
2;1741073094379;3686
3;1741073095839;4469
1;1741073095876;4167
0;1741073096224;4224
3;1741073100833;4470
1;1741073101065;4168
2;1741073101412;3687
3;1741073105950;4471
0;1741073106041;4225
1;1741073106169;4169
3;1741073110925;4472
0;1741073110952;4226
2;1741073112985;3688
1;1741073114424;4170
3;1741073115838;4473
0;1741073116088;4227
1;1741073118976;4171
3;1741073120895;4474
0;1741073120920;4228
2;1741073121000;3689
3;1741073125869;4475
0;1741073125927;4229
2;1741073126023;3690
1;1741073126087;4172
3;1741073130830;4476
2;1741073133207;3691
1;1741073133367;4173
0;1741073134055;4230
3;1741073136855;4477
1;1741073137063;4174
2;1741073137271;3692
0;1741073137479;4231
3;1741073140829;4478
1;1741073141031;4175
0;1741073141350;4232
2;1741073144612;3693
3;1741073145852;4479
0;1741073145947;4233
1;1741073146055;4176
2;1741073148246;3694
3;1741073150925;4480
1;1741073151302;4177
2;1741073153174;3695
3;1741073155820;4481
2;1741073156406;3696
0;1741073156630;4234
1;1741073158885;4178
3;1741073160843;4482
0;1741073161205;4235
2;1741073164565;3697
1;1741073164885;4179
3;1741073165867;4483
1;1741073166101;4180
0;1741073166229;4236
2;1741073168229;3698
3;1741073170860;4484
1;1741073171333;4181
2;1741073172981;3699
3;1741073175864;4485
0;1741073176213;4237
2;1741073176621;3700
1;1741073178244;4182
3;1741073180827;4486
1;1741073180996;4183
0;1741073181156;4238
2;1741073184164;3701
3;1741073185859;4487
1;1741073186237;4184
0;1741073186756;4239
3;1741073190858;4488
0;1741073191405;4240
1;1741073193732;4185
3;1741073195832;4489
0;1741073195913;4241
2;1741073196035;3702
1;1741073196195;4186
3;1741073200856;4490
0;1741073201091;4242
2;1741073201539;3703
1;1741073204579;4187
3;1741073205833;4491
1;1741073206083;4188
0;1741073206418;4243
2;1741073209426;3704
3;1741073210825;4492
1;1741073211106;4189
0;1741073211218;4244
2;1741073213330;3705
3;1741073215832;4493
0;1741073215913;4245
2;1741073218610;3706
1;1741073218882;4190
3;1741073220887;4494
1;1741073220978;4191
0;1741073221153;4246
2;1741073221404;3707
3;1741073225864;4495
0;1741073225921;4247
1;1741073226065;4192
2;1741073226609;3708
3;1741073230823;4496
1;1741073231137;4193
0;1741073231796;4248
2;1741073234545;3709
3;1741073235847;4497
0;1741073235921;4249
2;1741073236865;3710
1;1741073236913;4194
3;1741073240838;4498
1;1741073240944;4195
0;1741073241792;4250
2;1741073244704;3711
3;1741073245831;4499
0;1741073246080;4251
1;1741073246208;4196
3;1741073250868;4500
0;1741073250880;4252
2;1741073251152;3712
1;1741073253929;4197
3;1741073255873;4501
0;1741073255904;4253
1;1741073256032;4198
2;1741073256207;3713
3;1741073260840;4502
0;1741073261023;4254
1;1741073261551;4199
2;1741073263039;3714
0;1741073265872;4255
3;1741073265883;4503
2;1741073266047;3715
1;1741073266223;4200
3;1741073270821;4504
0;1741073271039;4256
2;1741073271150;3716
1;1741073273743;4201
3;1741073275829;4505
2;1741073276126;3717
1;1741073278766;4202
3;1741073280821;4506
2;1741073281310;3718
1;1741073283902;4203
3;1741073285845;4507
0;1741073285902;4257
2;1741073285982;3719
1;1741073286138;4204
3;1741073290835;4508
0;1741073291005;4258
2;1741073291373;3720
1;1741073293805;4205
3;1741073295923;4509
0;1741073296013;4259
1;1741073296425;4206
3;1741073300913;4510
2;1741073301070;3721
0;1741073301230;4260
3;1741073305826;4511
0;1741073305998;4261
1;1741073306590;4207
3;1741073310833;4512
0;1741073310874;4262
1;1741073310989;4208
2;1741073311598;3722
3;1741073315858;4513
0;1741073316092;4263
2;1741073317932;3723
1;1741073318988;4209
3;1741073320882;4514
0;1741073320955;4264
1;1741073321308;4210
2;1741073323292;3724
3;1741073325857;4515
1;1741073326007;4211
0;1741073326235;4265
2;1741073326389;3725
3;1741073330833;4516
0;1741073330923;4266
1;1741073331147;4212
2;1741073331371;3726
3;1741073335825;4517
0;1741073336155;4267
1;1741073336475;4213
2;1741073338123;3727
3;1741073340879;4518
0;1741073340970;4268
2;1741073341146;3728
1;1741073343498;4214
3;1741073345866;4519
1;1741073345942;4215
2;1741073346042;3729
0;1741073346250;4269
3;1741073350832;4520
0;1741073350957;4270
1;1741073351082;4216
2;1741073354458;3730
3;1741073355839;4521
0;1741073355929;4271
2;1741073356169;3731
1;1741073356405;4217
3;1741073360896;4522
1;1741073361081;4218
0;1741073361337;4272
2;1741073363289;3732
3;1741073365822;4523
1;1741073366184;4219
0;1741073368809;4273
3;1741073370830;4524
2;1741073371372;3733
1;1741073373162;4220
3;1741073375821;4525
0;1741073376440;4274
1;1741073376536;4221
2;1741073378190;3734
3;1741073380861;4526
0;1741073380984;4275
1;1741073381370;4222
3;1741073385869;4527
0;1741073385879;4276
1;1741073386136;4223
3;1741073390846;4528
0;1741073390935;4277
1;1741073391031;4224
2;1741073391127;3735
3;1741073395820;4529
1;1741073398984;4225
3;1741073400844;4530
1;1741073401064;4226
0;1741073401528;4278
2;1741073404568;3736
3;1741073405822;4531
0;1741073406087;4279
1;1741073406215;4227
3;1741073410832;4532
0;1741073411190;4280
1;1741073411590;4228
2;1741073413190;3737
3;1741073415851;4533
0;1741073415927;4281
2;1741073416101;3738
1;1741073416278;4229
3;1741073420874;4534
0;1741073421093;4282
2;1741073421670;3739
1;1741073421765;4230
3;1741073425835;4535
0;1741073425973;4283
2;1741073426217;3740
1;1741073428198;4231
3;1741073430906;4536
0;1741073431029;4284
2;1741073431733;3741
1;1741073433189;4232
3;1741073435834;4537
0;1741073435958;4285
2;1741073436758;3742
1;1741073439302;4233
3;1741073440842;4538
1;1741073440884;4234
2;1741073441172;3743
0;1741073441556;4286
3;1741073445850;4539
0;1741073445908;4287
2;1741073446100;3744
1;1741073446292;4235
3;1741073450856;4540
1;1741073451972;4236
2;1741073453187;3745
3;1741073455865;4541
0;1741073455987;4288
2;1741073456211;3746
1;1741073459347;4237
3;1741073460825;4542
1;1741073460972;4238
2;1741073461101;3747
0;1741073461235;4289
3;1741073465881;4543
1;1741073465922;4239
0;1741073466051;4290
2;1741073466131;3748
3;1741073470840;4544
0;1741073470947;4291
2;1741073471267;3749
1;1741073471714;4240
3;1741073475847;4545
0;1741073475874;4292
1;1741073476098;4241
2;1741073476258;3750
3;1741073480871;4546
0;1741073480930;4293
1;1741073481122;4242
2;1741073481365;3751
3;1741073485831;4547
0;1741073485937;4294
1;1741073488177;4243
3;1741073490871;4548
0;1741073491107;4295
1;1741073491329;4244
3;1741073495831;4549
2;1741073496413;3752
0;1741073496753;4296
1;1741073498881;4245
3;1741073500823;4550
0;1741073501088;4297
1;1741073503937;4246
3;1741073505830;4551
2;1741073506288;3753
0;1741073506448;4298
3;1741073510853;4552
0;1741073510968;4299
1;1741073511264;4247
2;1741073514608;3754
3;1741073515870;4553
0;1741073515888;4300
1;1741073516032;4248
2;1741073516255;3755
3;1741073520852;4554
0;1741073521103;4301
1;1741073523215;4249
2;1741073523407;3756
3;1741073525861;4555
0;1741073525974;4302
2;1741073526165;3757
1;1741073526281;4250
3;1741073530869;4556
0;1741073530975;4303
1;1741073531103;4251
2;1741073533934;3758
3;1741073535827;4557
0;1741073536105;4304
1;1741073536142;4252
3;1741073540883;4558
1;1741073540958;4253
2;1741073541102;3759
0;1741073541614;4305
3;1741073545843;4559
0;1741073545917;4306
1;1741073546046;4254
2;1741073546141;3760
3;1741073550861;4560
1;1741073551085;4255
0;1741073551168;4307
3;1741073555827;4561
0;1741073556637;4308
3;1741073560834;4562
2;1741073563181;3761
1;1741073564013;4256
3;1741073565843;4563
0;1741073565917;4309
1;1741073566061;4257
2;1741073569452;3762
3;1741073570850;4564
0;1741073571084;4310
2;1741073571244;3763
1;1741073573319;4258
3;1741073575825;4565
2;1741073576060;3764
0;1741073578364;4311
1;1741073578988;4259
3;1741073580833;4566
0;1741073581051;4312
1;1741073581595;4260
3;1741073585825;4567
0;1741073586085;4313
1;1741073586411;4261
2;1741073589195;3765
3;1741073590848;4568
0;1741073590939;4314
1;1741073591035;4262
2;1741073591707;3766
3;1741073595825;4569
0;1741073595979;4315
1;1741073596331;4263
3;1741073600848;4570
0;1741073600906;4316
2;1741073601018;3767
1;1741073601322;4264
3;1741073605839;4571
0;1741073605882;4317
1;1741073606154;4265
2;1741073606314;3768
3;1741073610832;4572
0;1741073611125;4318
1;1741073611290;4266
2;1741073613226;3769
3;1741073615872;4573
1;1741073616266;4267
0;1741073618188;4319
2;1741073618923;3770
3;1741073620831;4574
0;1741073621017;4320
2;1741073623145;3771
3;1741073625888;4575
1;1741073626032;4268
0;1741073626185;4321
2;1741073626313;3772
3;1741073630832;4576
0;1741073631306;4322
2;1741073633146;3773
3;1741073635837;4577
0;1741073635898;4323
2;1741073636136;3774
1;1741073636344;4269
3;1741073640893;4578
0;1741073641009;4324
1;1741073641416;4270
2;1741073641512;3775
3;1741073645822;4579
0;1741073646087;4325
1;1741073648200;4271
3;1741073650845;4580
0;1741073650935;4326
1;1741073651031;4272
2;1741073651191;3776
3;1741073655837;4581
0;1741073655959;4327
1;1741073656104;4273
2;1741073658600;3777
3;1741073660861;4582
1;1741073660993;4274
0;1741073662391;4328
2;1741073663030;3778
3;1741073665868;4583
1;1741073665943;4275
2;1741073666536;3779
3;1741073670844;4584
0;1741073670871;4329
1;1741073671031;4276
2;1741073673288;3780
3;1741073675834;4585
0;1741073675943;4330
1;1741073676023;4277
2;1741073676791;3781
3;1741073680826;4586
0;1741073680981;4331
1;1741073681221;4278
2;1741073684101;3782
3;1741073685835;4587
0;1741073686043;4332
1;1741073686661;4279
2;1741073688917;3783
3;1741073690843;4588
1;1741073690933;4280
3;1741073695851;4589
0;1741073695910;4333
1;1741073696086;4281
2;1741073696518;3784
3;1741073700890;4590
0;1741073701220;4334
1;1741073701381;4282
3;1741073705862;4591
0;1741073708229;4335
1;1741073709078;4283
3;1741073710859;4592
1;1741073710933;4284
0;1741073711093;4336
2;1741073713061;3785
3;1741073715835;4593
0;1741073716195;4337
1;1741073719331;4285
3;1741073720825;4594
0;1741073721070;4338
1;1741073721204;4286
2;1741073723235;3786
3;1741073725896;4595
0;1741073725988;4339
2;1741073726147;3787
1;1741073726515;4287
3;1741073730824;4596
0;1741073730980;4340
1;1741073733794;4288
3;1741073735832;4597
0;1741073736018;4341
2;1741073736130;3788
1;1741073736786;4289
3;1741073740824;4598
0;1741073741261;4342
1;1741073741538;4290
3;1741073745833;4599
2;1741073746275;3789
0;1741073748355;4343
3;1741073750840;4600
2;1741073751409;3790
1;1741073753249;4291
0;1741073754241;4344
3;1741073755858;4601
0;1741073755920;4345
2;1741073756241;3791
1;1741073756913;4292
3;1741073760838;4602
0;1741073760865;4346
1;1741073761393;4293
2;1741073763104;3792
3;1741073765830;4603
1;1741073765977;4294
0;1741073766032;4347
3;1741073770838;4604
0;1741073770864;4348
1;1741073771088;4295
2;1741073773776;3793
3;1741073775861;4605
0;1741073775962;4349
1;1741073776028;4296
2;1741073778000;3794
3;1741073780899;4606
0;1741073781105;4350
1;1741073781345;4297
2;1741073781473;3795
3;1741073785829;4607
2;1741073786288;3796
0;1741073786320;4351
1;1741073788192;4298
3;1741073790853;4608
0;1741073790878;4352
2;1741073791018;3797
1;1741073791135;4299
3;1741073795844;4609
0;1741073795950;4353
1;1741073796094;4300
3;1741073800836;4610
0;1741073800862;4354
2;1741073801135;3798
1;1741073801279;4301
3;1741073805891;4611
2;1741073806249;3799
0;1741073806425;4355
1;1741073809182;4302
3;1741073810862;4612
1;1741073811710;4303
2;1741073813261;3800
0;1741073813837;4356
3;1741073815892;4613
1;1741073816170;4304
0;1741073818045;4357
2;1741073818205;3801
3;1741073820835;4614
0;1741073820925;4358
1;1741073821053;4305
2;1741073824845;3802
3;1741073825860;4615
0;1741073825932;4359
1;1741073826380;4306
2;1741073828108;3803
3;1741073830851;4616
1;1741073831052;4307
0;1741073831116;4360
3;1741073835826;4617
0;1741073836044;4361
1;1741073839116;4308
2;1741073839467;3804
3;1741073840929;4618
1;1741073841179;4309
3;1741073845827;4619
1;1741073845963;4310
0;1741073846107;4362
3;1741073850859;4620
3;1741073855885;4621
0;1741073855915;4363
2;1741073856075;3805
1;1741073856283;4311
3;1741073860832;4622
0;1741073861014;4364
1;1741073861258;4312
2;1741073864138;3806
3;1741073865913;4623
1;1741073865953;4313
2;1741073866090;3807
0;1741073866314;4365
3;1741073870847;4624
0;1741073870965;4366
1;1741073871050;4314
2;1741073871290;3808
3;1741073875823;4625
2;1741073877929;3809
1;1741073879049;4315
3;1741073880873;4626
2;1741073881298;3810
1;1741073881366;4316
0;1741073881577;4367
3;1741073885871;4627
0;1741073886201;4368
1;1741073886441;4317
3;1741073890938;4628
1;1741073891069;4318
2;1741073891145;3811
0;1741073891496;4369
3;1741073895853;4629
0;1741073895976;4370
1;1741073896536;4319
2;1741073899352;3812
3;1741073900829;4630
0;1741073901112;4371
1;1741073903496;4320
3;1741073905821;4631
0;1741073906015;4372
1;1741073906599;4321
3;1741073910877;4632
1;1741073910983;4322
0;1741073911447;4373
2;1741073914839;3813
3;1741073915836;4633
0;1741073916071;4374
1;1741073918631;4323
2;1741073919767;3814
3;1741073920876;4634
0;1741073920883;4375
1;1741073921015;4324
2;1741073921079;3815
3;1741073925836;4635
1;1741073925883;4325
0;1741073926086;4376
2;1741073928902;3816
3;1741073930892;4636
0;1741073930966;4377
2;1741073931494;3817
1;1741073934390;4326
3;1741073935863;4637
0;1741073936166;4378
1;1741073936454;4327
3;1741073940874;4638
0;1741073940913;4379
1;1741073941078;4328
2;1741073941477;3818
3;1741073945835;4639
1;1741073945958;4329
0;1741073946166;4380
2;1741073948806;3819
3;1741073950922;4640
1;1741073951061;4330
0;1741073951237;4381
2;1741073951525;3820
3;1741073955913;4641
0;1741073956005;4382
2;1741073956145;3821
1;1741073956262;4331
3;1741073960954;4642
2;1741073961525;3822
0;1741073962884;4383
1;1741073963172;4332
3;1741073965865;4643
2;1741073966039;3823
0;1741073966293;4384
1;1741073966405;4333
3;1741073970826;4644
0;1741073971299;4385
1;1741073971390;4334
2;1741073973123;3824
3;1741073975896;4645
0;1741073975971;4386
2;1741073976115;3825
1;1741073976339;4335
3;1741073980840;4646
2;1741073980877;3826
1;1741073981219;4336
0;1741073981459;4387
3;1741073985848;4647
2;1741073985993;3827
0;1741073986035;4388
1;1741073986355;4337
3;1741073990839;4648
0;1741073990978;4389
2;1741073991586;3828
1;1741073991884;4338
3;1741073995859;4649
0;1741073995938;4390
2;1741073996146;3829
1;1741073996386;4339
3;1741074000839;4650
2;1741074000946;3830
0;1741074001026;4391
1;1741074001650;4340
3;1741074005832;4651
2;1741074006145;3831
0;1741074008145;4392
3;1741074010865;4652
2;1741074010929;3832
1;1741074011377;4341
0;1741074011489;4393
3;1741074015832;4653
1;1741074016305;4342
0;1741074016492;4394
2;1741074019553;3833
3;1741074020887;4654
1;1741074021088;4343
2;1741074021392;3834
0;1741074023248;4395
3;1741074025846;4655
2;1741074026080;3835
1;1741074026624;4344
0;1741074029520;4396
3;1741074030838;4656
2;1741074030960;3836
0;1741074031824;4397
1;1741074032176;4345
3;1741074035830;4657
2;1741074035984;3837
0;1741074036093;4398
1;1741074036191;4346
3;1741074040854;4658
0;1741074040943;4399
1;1741074041119;4347
2;1741074043215;3838
3;1741074045909;4659
2;1741074046127;3839
0;1741074046233;4400
1;1741074046319;4348
3;1741074050821;4660
2;1741074051327;3840
1;1741074053663;4349
0;1741074053967;4401
3;1741074055830;4661
0;1741074056302;4402
1;1741074056670;4350
3;1741074060900;4662
1;1741074061294;4351
2;1741074061438;3841
0;1741074061662;4403
3;1741074065886;4663
0;1741074066062;4404
1;1741074066222;4352
2;1741074066590;3842
3;1741074070852;4664
2;1741074070958;3843
0;1741074071257;4405
1;1741074071357;4353
3;1741074075843;4665
1;1741074076013;4354
0;1741074076317;4406
2;1741074079229;3844
3;1741074080850;4666
0;1741074080892;4407
1;1741074081033;4355
2;1741074081085;3845
3;1741074085870;4667
0;1741074085998;4408
1;1741074086190;4356
2;1741074088509;3846
3;1741074090881;4668
2;1741074091468;3847
0;1741074091500;4409
1;1741074093317;4357
3;1741074095826;4669
2;1741074096155;3848
1;1741074098220;4358
0;1741074098636;4410
3;1741074100865;4670
0;1741074100987;4411
1;1741074101548;4359
2;1741074101692;3849
3;1741074105825;4671
1;1741074106171;4360
0;1741074106219;4412
2;1741074106439;3850
3;1741074110943;4672
2;1741074111099;3851
0;1741074111227;4413
1;1741074111867;4361
3;1741074115857;4673
1;1741074115994;4362
0;1741074118267;4414
2;1741074118923;3852
3;1741074120832;4674
0;1741074121338;4415
1;1741074121355;4363
3;1741074125887;4675
2;1741074129146;3853
0;1741074129594;4416
3;1741074130832;4676
0;1741074130954;4417
1;1741074131306;4364
2;1741074131898;3854
3;1741074135856;4677
0;1741074136025;4418
1;1741074136714;4365
2;1741074139545;3855
3;1741074140847;4678
2;1741074141225;3856
0;1741074141289;4419
1;1741074141305;4366
3;1741074145822;4679
0;1741074146089;4420
1;1741074146192;4367
2;1741074146505;3857
3;1741074150943;4680
0;1741074151032;4421
1;1741074151528;4368
2;1741074151945;3858
3;1741074155821;4681
1;1741074156088;4369
0;1741074156164;4422
2;1741074158233;3859
3;1741074160831;4682
1;1741074161272;4370
0;1741074161318;4423
2;1741074163160;3860
3;1741074165870;4683
2;1741074166072;3861
0;1741074166728;4424
3;1741074170845;4684
2;1741074170887;3862
0;1741074171351;4425
1;1741074171543;4371
3;1741074175887;4685
0;1741074175959;4426
2;1741074176279;3863
1;1741074176519;4372
3;1741074180829;4686
2;1741074181214;3864
0;1741074183175;4427
1;1741074183287;4373
3;1741074185820;4687
2;1741074186327;3865
0;1741074188022;4428
1;1741074189766;4374
3;1741074190861;4688
0;1741074191037;4429
1;1741074191126;4375
2;1741074193078;3866
3;1741074195820;4689
2;1741074196054;3867
0;1741074196374;4430
1;1741074196534;4376
3;1741074200828;4690
1;1741074201318;4377
2;1741074201462;3868
0;1741074201814;4431
3;1741074205863;4691
0;1741074206117;4432
1;1741074206341;4378
3;1741074210859;4692
1;1741074210934;4379
0;1741074210997;4433
2;1741074211185;3869
3;1741074215867;4693
0;1741074216030;4434
1;1741074216229;4380
3;1741074220826;4694
0;1741074221024;4435
1;1741074221133;4381
2;1741074221188;3870
3;1741074225858;4695
0;1741074226100;4436
1;1741074226276;4382
2;1741074226365;3871
3;1741074230841;4696
0;1741074230932;4437
1;1741074231364;4383
2;1741074231668;3872
3;1741074235833;4697
0;1741074235925;4438
1;1741074236051;4384
2;1741074236250;3873
3;1741074240903;4698
1;1741074240999;4385
0;1741074241108;4439
2;1741074241315;3874
3;1741074245833;4699
2;1741074245956;3875
1;1741074249236;4386
3;1741074250866;4700
2;1741074251154;3876
0;1741074253458;4440
1;1741074254275;4387
3;1741074255833;4701
0;1741074255923;4441
2;1741074256130;3877
1;1741074256434;4388
3;1741074260904;4702
1;1741074260994;4389
0;1741074261138;4442
2;1741074261442;3878
3;1741074265832;4703
0;1741074266082;4443
1;1741074266241;4390
2;1741074269121;3879
3;1741074270823;4704
2;1741074271297;3880
1;1741074274145;4391
0;1741074274561;4444
3;1741074275863;4705
0;1741074275953;4445
2;1741074276177;3881
1;1741074276369;4392
3;1741074280871;4706
0;1741074280929;4446
2;1741074281136;3882
1;1741074281569;4393
3;1741074285830;4707
2;1741074286032;3883
0;1741074286624;4447
1;1741074288256;4394
0;1741074290889;4448
3;1741074290896;4708
1;1741074291056;4395
2;1741074293120;3884
3;1741074295830;4709
0;1741074296847;4449
1;1741074296959;4396
2;1741074299215;3885
3;1741074300821;4710
0;1741074300944;4450
2;1741074301183;3886
1;1741074301375;4397
3;1741074305828;4711
0;1741074305967;4451
1;1741074306187;4398
2;1741074308063;3887
3;1741074310868;4712
0;1741074310894;4452
2;1741074311055;3888
1;1741074311487;4399
3;1741074315830;4713
2;1741074316207;3889
1;1741074316463;4400
0;1741074316862;4453
3;1741074320869;4714
0;1741074320958;4454
1;1741074321166;4401
2;1741074321406;3890
3;1741074325858;4715
0;1741074325920;4455
2;1741074326078;3891
1;1741074326206;4402
3;1741074330868;4716
2;1741074331023;3892
0;1741074331327;4456
1;1741074331342;4403
3;1741074335867;4717
0;1741074335905;4457
1;1741074336109;4404
2;1741074336232;3893
3;1741074340835;4718
1;1741074341341;4405
0;1741074341417;4458
2;1741074343293;3894
3;1741074345880;4719
2;1741074346222;3895
1;1741074346396;4406
0;1741074346764;4459
0;1741074350892;4460
3;1741074350904;4720
2;1741074351084;3896
1;1741074351280;4407
3;1741074355827;4721
1;1741074356220;4408
0;1741074356524;4461
2;1741074359084;3897
3;1741074360906;4722
2;1741074361003;3898
0;1741074361099;4462
1;1741074361532;4409
3;1741074365875;4723
0;1741074365999;4463
1;1741074366059;4410
2;1741074366171;3899
3;1741074370833;4724
0;1741074370998;4464
2;1741074371131;3900
1;1741074371467;4411
3;1741074375840;4725
1;1741074375947;4412
0;1741074376075;4465
2;1741074376235;3901
3;1741074380864;4726
0;1741074381066;4466
1;1741074381210;4413
2;1741074381370;3902
3;1741074385867;4727
0;1741074386490;4467
1;1741074388682;4414
3;1741074390833;4728
0;1741074390986;4468
1;1741074391162;4415
2;1741074391674;3903
3;1741074395823;4729
0;1741074396009;4469
1;1741074396426;4416
2;1741074398057;3904
3;1741074400831;4730
1;1741074401158;4417
0;1741074401210;4470
2;1741074402939;3905
3;1741074405839;4731
0;1741074405929;4471
1;1741074406089;4418
2;1741074407097;3906
3;1741074410845;4732
0;1741074410936;4472
2;1741074411352;3907
1;1741074411576;4419
3;1741074415822;4733
0;1741074416008;4473
1;1741074416360;4420
2;1741074417944;3908
3;1741074420861;4734
0;1741074420936;4474
1;1741074421112;4421
2;1741074421304;3909
3;1741074425837;4735
0;1741074426039;4475
2;1741074426142;3910
1;1741074426375;4422
3;1741074430888;4736
2;1741074431127;3911
1;1741074431271;4423
0;1741074431367;4476
3;1741074435822;4737
2;1741074436007;3912
0;1741074436247;4477
1;1741074436729;4424
3;1741074440871;4738
0;1741074441015;4478
2;1741074441047;3913
1;1741074441207;4425
3;1741074445915;4739
0;1741074445974;4479
1;1741074446166;4426
2;1741074448726;3914
3;1741074450876;4740
2;1741074450998;3915
0;1741074451262;4480
1;1741074451862;4427
3;1741074455837;4741
2;1741074456295;3916
1;1741074457958;4428
0;1741074459126;4481
3;1741074460860;4742
2;1741074460903;3917
0;1741074461298;4482
1;1741074461509;4429
3;1741074465851;4743
2;1741074466086;3918
1;1741074466390;4430
0;1741074467030;4483
3;1741074470842;4744
0;1741074470927;4484
1;1741074471029;4431
2;1741074471877;3919
3;1741074475877;4745
1;1741074475941;4432
0;1741074476053;4485
3;1741074480843;4746
0;1741074481065;4486
2;1741074481241;3920
1;1741074481433;4433
3;1741074485833;4747
2;1741074488739;3921
0;1741074489843;4487
1;1741074490005;4434
3;1741074490840;4748
2;1741074490947;3922
0;1741074491082;4488
1;1741074491251;4435
3;1741074495833;4749
0;1741074495923;4489
2;1741074496072;3923
1;1741074496291;4436
3;1741074500841;4750
0;1741074501027;4490
1;1741074501263;4437
2;1741074501347;3924
3;1741074505832;4751
0;1741074506035;4491
2;1741074506227;3925
1;1741074506339;4438
3;1741074510825;4752
1;1741074513282;4439
0;1741074513362;4492
3;1741074515831;4753
0;1741074516082;4493
2;1741074516290;3926
1;1741074516530;4440
3;1741074520825;4754
2;1741074522930;3927
1;1741074524322;4441
0;1741074524434;4494
3;1741074525832;4755
0;1741074526004;4495
1;1741074526369;4442
3;1741074530823;4756
0;1741074530881;4496
1;1741074531169;4443
2;1741074533025;3928
3;1741074535895;4757
0;1741074535985;4497
2;1741074536161;3929
1;1741074536369;4444
3;1741074540871;4758
0;1741074540913;4498
2;1741074541073;3930
1;1741074541408;4445
3;1741074545894;4759
0;1741074545904;4499
2;1741074546032;3931
1;1741074546176;4446
3;1741074550838;4760
0;1741074550896;4500
1;1741074551008;4447
2;1741074551248;3932
3;1741074555831;4761
0;1741074555936;4501
1;1741074556112;4448
2;1741074558191;3933
3;1741074560822;4762
0;1741074562975;4502
3;1741074565845;4763
0;1741074565965;4503
2;1741074566143;3934
1;1741074566303;4449
3;1741074570820;4764
2;1741074571183;3935
1;1741074572959;4450
0;1741074574511;4504
3;1741074575860;4765
1;1741074575982;4451
2;1741074576099;3936
0;1741074576206;4505
3;1741074580836;4766
2;1741074583966;3937
0;1741074584078;4506
3;1741074585843;4767
0;1741074585918;4507
1;1741074586046;4452
2;1741074586430;3938
3;1741074590850;4768
1;1741074591198;4453
0;1741074593293;4508
2;1741074593709;3939
3;1741074595842;4769
1;1741074596317;4454
0;1741074596335;4509
3;1741074600835;4770
0;1741074600944;4510
1;1741074601139;4455
2;1741074601325;3940
3;1741074605827;4771
0;1741074606126;4511
1;1741074606270;4456
2;1741074609196;3941
3;1741074610874;4772
0;1741074611004;4512
1;1741074611533;4457
2;1741074613148;3942
3;1741074615860;4773
1;1741074616332;4458
2;1741074616460;3943
0;1741074616604;4513
3;1741074620930;4774
0;1741074621020;4514
1;1741074621372;4459
2;1741074622988;3944
3;1741074625825;4775
0;1741074625963;4515
1;1741074626203;4460
3;1741074630865;4776
2;1741074630939;3945
1;1741074631403;4461
0;1741074631707;4516
3;1741074635825;4777
0;1741074636075;4517
1;1741074636379;4462
2;1741074636410;3946
3;1741074640864;4778
0;1741074640922;4518
2;1741074641042;3947
1;1741074641146;4463
3;1741074645840;4779
0;1741074645915;4519
2;1741074646042;3948
1;1741074646263;4464
3;1741074650832;4780
2;1741074651050;3949
0;1741074653114;4520
1;1741074654234;4465
3;1741074655855;4781
0;1741074655913;4521
1;1741074656107;4466
2;1741074656475;3950
3;1741074660879;4782
0;1741074660905;4522
1;1741074661209;4467
2;1741074663065;3951
3;1741074665886;4783
0;1741074665961;4523
1;1741074666634;4468
2;1741074666682;3952
3;1741074670831;4784
0;1741074671280;4524
1;1741074671402;4469
3;1741074675837;4785
0;1741074675880;4525
1;1741074676037;4470
3;1741074680872;4786
0;1741074680904;4526
1;1741074681004;4471
2;1741074681081;3953
3;1741074685933;4787
1;1741074688151;4472
0;1741074689495;4527
3;1741074690846;4788
0;1741074690883;4528
1;1741074690935;4473
3;1741074695822;4789
0;1741074695943;4529
1;1741074696077;4474
2;1741074698983;3954
3;1741074700877;4790
1;1741074701111;4475
2;1741074704150;3955
0;1741074704518;4530
3;1741074705836;4791
2;1741074705958;3956
0;1741074708502;4531
1;1741074709430;4476
3;1741074710828;4792
0;1741074711288;4532
1;1741074712006;4477
2;1741074714070;3957
3;1741074715836;4793
1;1741074716022;4478
2;1741074716150;3958
0;1741074716550;4533
3;1741074720827;4794
2;1741074720965;3959
0;1741074721029;4534
1;1741074721381;4479
3;1741074725835;4795
0;1741074725893;4535
2;1741074725989;3960
1;1741074726149;4480
3;1741074730842;4796
0;1741074730901;4536
1;1741074731013;4481
2;1741074731365;3961
3;1741074735914;4797
2;1741074736373;3962
0;1741074736420;4537
1;1741074738164;4482
3;1741074740871;4798
2;1741074743252;3963
0;1741074743812;4538
3;1741074745859;4799
2;1741074745972;3964
0;1741074746468;4539
1;1741074746932;4483
3;1741074750826;4800
0;1741074751221;4540
1;1741074751557;4484
2;1741074753397;3965
3;1741074755834;4801
2;1741074756243;3966
0;1741074756323;4541
1;1741074756451;4485
3;1741074760841;4802
0;1741074760915;4542
1;1741074761044;4486
3;1741074765833;4803
1;1741074765972;4487
0;1741074766292;4543
3;1741074770824;4804
0;1741074771160;4544
1;1741074771746;4488
2;1741074773794;3967
3;1741074775874;4805
0;1741074775922;4545
3;1741074780856;4806
1;1741074781009;4489
0;1741074781213;4546
2;1741074783281;3968
3;1741074785960;4807
0;1741074786001;4547
1;1741074786514;4490
3;1741074790823;4808
2;1741074791134;3969
0;1741074793219;4548
1;1741074793682;4491
3;1741074795863;4809
0;1741074795953;4549
2;1741074798142;3970
1;1741074798395;4492
3;1741074800855;4810
0;1741074801217;4550
2;1741074803984;3971
3;1741074805878;4811
0;1741074806025;4551
2;1741074806816;3972
1;1741074808896;4493
3;1741074810824;4812
1;1741074811264;4494
2;1741074811632;3973
0;1741074813104;4552
3;1741074815829;4813
0;1741074815983;4553
1;1741074818127;4495
3;1741074820853;4814
0;1741074820895;4554
2;1741074821055;3974
1;1741074821263;4496
3;1741074825829;4815
0;1741074826048;4555
1;1741074826161;4497
2;1741074828127;3975
3;1741074830837;4816
0;1741074831022;4556
2;1741074831343;3976
1;1741074831358;4498
3;1741074835860;4817
1;1741074835950;4499
0;1741074836110;4557
3;1741074840947;4818
1;1741074841054;4500
3;1741074845844;4819
1;1741074845968;4501
0;1741074846079;4558
2;1741074848734;3977
3;1741074850864;4820
1;1741074850958;4502
0;1741074851328;4559
3;1741074855859;4821
0;1741074855949;4560
1;1741074856301;4503
3;1741074860835;4822
1;1741074861117;4504
0;1741074861485;4561
2;1741074863132;3978
3;1741074865875;4823
1;1741074865901;4505
2;1741074866028;3979
0;1741074866224;4562
3;1741074870863;4824
1;1741074871101;4506
0;1741074871276;4563
2;1741074873212;3980
3;1741074875826;4825
1;1741074876079;4507
0;1741074876268;4564
3;1741074880883;4826
1;1741074881020;4508
0;1741074881181;4565
2;1741074883149;3981
3;1741074885937;4827
1;1741074886011;4509
0;1741074886203;4566
2;1741074886294;3982
3;1741074890859;4828
1;1741074890989;4510
0;1741074891099;4567
2;1741074894075;3983
3;1741074895824;4829
0;1741074896154;4568
2;1741074898906;3984
3;1741074900832;4830
0;1741074901226;4569
1;1741074903248;4511
2;1741074903802;3985
3;1741074905823;4831
1;1741074906074;4512
0;1741074906650;4570
2;1741074908874;3986
3;1741074910831;4832
1;1741074910971;4513
0;1741074911210;4571
2;1741074912953;3987
3;1741074915886;4833
0;1741074915968;4572
2;1741074916073;3988
1;1741074916649;4514
3;1741074920910;4834
1;1741074920985;4515
0;1741074921161;4573
2;1741074921497;3989
3;1741074925918;4835
0;1741074925993;4574
2;1741074926233;3990
1;1741074928953;4516
3;1741074930877;4836
0;1741074930969;4575
1;1741074931157;4517
2;1741074931704;3991
3;1741074935823;4837
1;1741074936008;4518
0;1741074936167;4576
2;1741074938536;3992
3;1741074940830;4838
2;1741074941511;3993
0;1741074941816;4577
1;1741074943272;4519
3;1741074945841;4839
0;1741074946071;4578
1;1741074946648;4520
2;1741074948824;3994
3;1741074950935;4840
0;1741074951010;4579
2;1741074951175;3995
1;1741074954503;4521
3;1741074955836;4841
0;1741074955895;4580
2;1741074956279;3996
1;1741074956583;4522
3;1741074960877;4842
0;1741074961014;4581
1;1741074961302;4523
2;1741074963030;3997
3;1741074965868;4843
0;1741074965974;4582
1;1741074966118;4524
2;1741074966262;3998
3;1741074970917;4844
1;1741074971094;4525
0;1741074971414;4583
3;1741074975836;4845
0;1741074976039;4584
1;1741074976182;4526
2;1741074978053;3999
3;1741074980828;4846
1;1741074981301;4527
0;1741074981877;4585
3;1741074985850;4847
0;1741074985941;4586
2;1741074986045;4000
1;1741074986293;4528
3;1741074990827;4848
2;1741074990997;4001
0;1741074991077;4587
3;1741074995867;4849
0;1741074996068;4588
1;1741074996248;4529
2;1741074998052;4002
3;1741075000859;4850
0;1741075001076;4589
1;1741075001188;4530
3;1741075005834;4851
0;1741075006260;4590
2;1741075006517;4003
1;1741075008325;4531
3;1741075010826;4852
1;1741075010972;4532
0;1741075011027;4591
3;1741075015833;4853
0;1741075015956;4592
2;1741075018147;4004
1;1741075018787;4533
3;1741075020890;4854
0;1741075020914;4593
2;1741075021010;4005
3;1741075025849;4855
0;1741075025907;4594
1;1741075026035;4534
2;1741075026162;4006
3;1741075030823;4856
1;1741075031202;4535
3;1741075035833;4857
2;1741075036290;4007
0;1741075036578;4595
1;1741075039026;4536
3;1741075040887;4858
0;1741075041522;4596
2;1741075041554;4008
1;1741075043330;4537
3;1741075045863;4859
0;1741075046161;4597
1;1741075046449;4538
2;1741075048193;4009
3;1741075050822;4860
0;1741075051156;4598
1;1741075053086;4539
2;1741075053698;4010
3;1741075055833;4861
0;1741075058417;4599
1;1741075058960;4540
3;1741075060855;4862
1;1741075061936;4541
2;1741075063248;4011
3;1741075065845;4863
0;1741075066032;4600
2;1741075066176;4012
1;1741075068792;4542
3;1741075070885;4864
0;1741075071089;4601
1;1741075071953;4543
3;1741075075861;4865
1;1741075076121;4544
0;1741075076272;4602
3;1741075080822;4866
1;1741075081073;4545
0;1741075081397;4603
3;1741075085894;4867
2;1741075085999;4013
0;1741075086231;4604
1;1741075086457;4546
3;1741075090821;4868
0;1741075092990;4605
1;1741075094047;4547
3;1741075095844;4869
1;1741075096079;4548
2;1741075096095;4014
0;1741075096270;4606
3;1741075100883;4870
2;1741075101406;4015
0;1741075101662;4607
1;1741075102942;4549
3;1741075105843;4871
0;1741075105935;4608
2;1741075105952;4016
1;1741075106418;4550
3;1741075110900;4872
0;1741075111055;4609
2;1741075111118;4017
3;1741075115842;4873
0;1741075115885;4610
2;1741075115981;4018
1;1741075116125;4551
3;1741075120925;4874
1;1741075120957;4552
0;1741075121085;4611
2;1741075121360;4019
3;1741075125873;4875
0;1741075125948;4612
1;1741075126029;4553
2;1741075126365;4020
3;1741075130834;4876
1;1741075130967;4554
0;1741075131068;4613
2;1741075133884;4021
3;1741075135841;4877
0;1741075136380;4614
2;1741075138156;4022
1;1741075138572;4555
3;1741075140833;4878
0;1741075141045;4615
3;1741075145841;4879
1;1741075145915;4556
2;1741075146075;4023
0;1741075146748;4616
3;1741075150943;4880
1;1741075151083;4557
0;1741075151835;4617
3;1741075155929;4881
0;1741075155936;4618
1;1741075156027;4558
2;1741075156301;4024
3;1741075160870;4882
1;1741075160963;4559
2;1741075163243;4025
3;1741075165871;4883
1;1741075166058;4560
0;1741075168221;4619
2;1741075168778;4026
3;1741075170878;4884
1;1741075170929;4561
2;1741075171067;4027
0;1741075171342;4620
3;1741075175838;4885
0;1741075175993;4621
2;1741075176105;4028
1;1741075176409;4562
3;1741075180831;4886
1;1741075181161;4563
0;1741075181209;4622
3;1741075185886;4887
0;1741075185973;4623
1;1741075186281;4564
2;1741075188363;4029
3;1741075190830;4888
1;1741075191112;4565
0;1741075191433;4624
2;1741075193080;4030
3;1741075195981;4889
1;1741075196164;4566
0;1741075196952;4625
2;1741075199047;4031
3;1741075200830;4890
0;1741075201271;4626
1;1741075203784;4567
3;1741075205870;4891
0;1741075205927;4627
1;1741075206088;4568
2;1741075206199;4032
3;1741075210830;4892
1;1741075210967;4569
0;1741075211447;4628
2;1741075213879;4033
3;1741075215869;4893
0;1741075215965;4629
1;1741075216679;4570
2;1741075218103;4034
3;1741075220860;4894
1;1741075221116;4571
0;1741075221197;4630
2;1741075223223;4035
3;1741075225868;4895
1;1741075226230;4572
2;1741075228358;4036
3;1741075230828;4896
0;1741075230950;4631
1;1741075231462;4573
2;1741075233878;4037
3;1741075235852;4897
1;1741075236102;4574
0;1741075236294;4632
2;1741075236308;4038
3;1741075240827;4898
0;1741075241110;4633
2;1741075243029;4039
1;1741075243189;4575
3;1741075245881;4899
1;1741075246309;4576
0;1741075246417;4634
2;1741075248757;4040
3;1741075250827;4900
0;1741075251301;4635
1;1741075254336;4577
3;1741075255849;4901
2;1741075256005;4041
0;1741075256084;4636
1;1741075256612;4578
3;1741075260888;4902
0;1741075261060;4637
2;1741075261236;4042
1;1741075263924;4579
3;1741075265848;4903
2;1741075266084;4043
0;1741075268836;4638
3;1741075270889;4904
1;1741075270965;4580
0;1741075271077;4639
2;1741075271205;4044
3;1741075275847;4905
0;1741075275883;4640
1;1741075275957;4581
3;1741075280832;4906
0;1741075281030;4641
2;1741075283845;4045
1;1741075284212;4582
3;1741075285832;4907
1;1741075286083;4583
0;1741075286220;4642
3;1741075290877;4908
0;1741075291109;4643
1;1741075291330;4584
2;1741075293036;4046
3;1741075295855;4909
0;1741075299090;4644
2;1741075299221;4047
3;1741075300871;4910
0;1741075301061;4645
1;1741075301333;4585
3;1741075305911;4911
1;1741075305948;4586
0;1741075306065;4646
2;1741075306641;4048
3;1741075310839;4912
0;1741075310993;4647
1;1741075311377;4587
3;1741075315856;4913
0;1741075315969;4648
1;1741075318224;4588
2;1741075318833;4049
3;1741075320932;4914
0;1741075321520;4649
1;1741075321873;4589
3;1741075325829;4915
0;1741075325952;4650
1;1741075326898;4590
2;1741075329056;4050
3;1741075330870;4916
2;1741075331104;4051
1;1741075331329;4591
0;1741075333297;4651
3;1741075335832;4917
1;1741075335999;4592
0;1741075336208;4652
3;1741075340821;4918
0;1741075341314;4653
2;1741075343743;4052
3;1741075345829;4919
0;1741075346031;4654
1;1741075348910;4593
3;1741075350866;4920
0;1741075351326;4655
2;1741075351416;4053
1;1741075351454;4594
3;1741075355827;4921
0;1741075356078;4656
1;1741075356430;4595
2;1741075358142;4054
3;1741075360836;4922
2;1741075361360;4055
0;1741075363998;4657
3;1741075365829;4923
0;1741075366159;4658
1;1741075368286;4596
2;1741075368863;4056
3;1741075370835;4924
0;1741075371070;4659
1;1741075371246;4597
2;1741075373197;4057
3;1741075375907;4925
2;1741075376169;4058
0;1741075376461;4660
1;1741075378861;4598
3;1741075380865;4926
0;1741075380908;4661
2;1741075381020;4059
1;1741075381724;4599
3;1741075385874;4927
0;1741075385916;4662
2;1741075385964;4060
1;1741075386284;4600
3;1741075390850;4928
1;1741075391116;4601
0;1741075391340;4663
3;1741075395930;4929
0;1741075395985;4664
2;1741075396301;4061
1;1741075399159;4602
3;1741075400866;4930
0;1741075400973;4665
1;1741075401165;4603
2;1741075401565;4062
3;1741075405872;4931
1;1741075406114;4604
0;1741075406428;4666
3;1741075410832;4932
0;1741075411131;4667
3;1741075415825;4933
1;1741075416015;4605
0;1741075417979;4668
3;1741075420879;4934
1;1741075421180;4606
2;1741075421868;4063
0;1741075423234;4669
3;1741075425871;4935
0;1741075425914;4670
2;1741075426154;4064
1;1741075426218;4607
3;1741075430942;4936
1;1741075431162;4608
0;1741075431305;4671
2;1741075433369;4065
3;1741075435855;4937
1;1741075438777;4609
0;1741075438892;4672
3;1741075440863;4938
0;1741075440937;4673
1;1741075444073;4610
3;1741075445837;4939
0;1741075446233;4674
1;1741075446296;4611
2;1741075448289;4066
3;1741075450830;4940
0;1741075451120;4675
1;1741075451264;4612
2;1741075453192;4067
3;1741075455823;4941
0;1741075455946;4676
2;1741075456296;4068
1;1741075458360;4613
3;1741075460861;4942
0;1741075461048;4677
2;1741075463272;4069
1;1741075463896;4614
3;1741075465822;4943
2;1741075466103;4070
0;1741075468279;4678
1;1741075468535;4615
3;1741075470829;4944
2;1741075471079;4071
0;1741075473111;4679
1;1741075474215;4616
3;1741075475821;4945
0;1741075476104;4680
2;1741075476680;4072
1;1741075478952;4617
3;1741075480861;4946
0;1741075480904;4681
1;1741075480998;4618
3;1741075485868;4947
1;1741075485990;4619
0;1741075488566;4682
2;1741075488662;4073
3;1741075490877;4948
1;1741075491286;4620
0;1741075493853;4683
3;1741075495862;4949
0;1741075496310;4684
1;1741075499045;4621
3;1741075500826;4950
0;1741075501205;4685
1;1741075503061;4622
3;1741075505915;4951
0;1741075506117;4686
2;1741075506309;4074
1;1741075509509;4623
3;1741075510852;4952
1;1741075511053;4624
0;1741075511286;4687
2;1741075513798;4075
3;1741075515836;4953
0;1741075515956;4688
1;1741075516244;4625
2;1741075518157;4076
3;1741075520858;4954
0;1741075520903;4689
1;1741075521316;4626
2;1741075523236;4077
3;1741075525882;4955
2;1741075525940;4078
1;1741075526212;4627
3;1741075530841;4956
0;1741075530985;4690
1;1741075531091;4628
3;1741075535865;4957
1;1741075536133;4629
0;1741075536212;4691
2;1741075538244;4079
3;1741075540873;4958
0;1741075541108;4692
2;1741075543127;4080
1;1741075543828;4630
3;1741075545865;4959
1;1741075546211;4631
0;1741075548035;4693
2;1741075548803;4081
3;1741075550857;4960
0;1741075550946;4694
1;1741075551090;4632
2;1741075551746;4082
3;1741075555833;4961
0;1741075556067;4695
2;1741075556611;4083
1;1741075558099;4633
3;1741075560825;4962
0;1741075561650;4696
1;1741075561794;4634
2;1741075563201;4084
3;1741075565874;4963
2;1741075566321;4085
1;1741075569041;4635
3;1741075570823;4964
2;1741075571058;4086
0;1741075573249;4697
3;1741075575831;4965
1;1741075576448;4636
2;1741075578288;4087
0;1741075578641;4698
3;1741075580870;4966
0;1741075580888;4699
2;1741075581015;4088
1;1741075581824;4637
3;1741075585845;4967
0;1741075585920;4700
1;1741075586189;4638
2;1741075586272;4089
3;1741075590823;4968
0;1741075591104;4701
1;1741075591297;4639
2;1741075593504;4090
3;1741075595925;4969
0;1741075596012;4702
1;1741075596555;4640
2;1741075598703;4091
3;1741075600821;4970
0;1741075601168;4703
1;1741075603215;4641
3;1741075605845;4971
0;1741075605919;4704
1;1741075606111;4642
2;1741075606223;4092
3;1741075610900;4972
1;1741075610974;4643
0;1741075611390;4705
2;1741075613262;4093
3;1741075615829;4973
2;1741075616014;4094
1;1741075616654;4644
0;1741075619022;4706
3;1741075620843;4974
1;1741075620979;4645
0;1741075621091;4707
3;1741075625844;4975
0;1741075625935;4708
1;1741075626030;4646
2;1741075626222;4095
3;1741075630835;4976
1;1741075631119;4647
0;1741075631247;4709
2;1741075633167;4096
3;1741075635828;4977
1;1741075636285;4648
0;1741075636445;4710
2;1741075638205;4097
3;1741075640862;4978
0;1741075641085;4711
2;1741075641557;4098
1;1741075643757;4649
3;1741075645874;4979
0;1741075645913;4712
2;1741075646014;4099
1;1741075646158;4650
3;1741075650833;4980
0;1741075651868;4713
2;1741075653996;4100
3;1741075655856;4981
1;1741075655899;4651
0;1741075656124;4714
2;1741075658844;4101
3;1741075660851;4982
1;1741075660908;4652
0;1741075661433;4715
2;1741075663228;4102
3;1741075665874;4983
0;1741075666891;4716
1;1741075668219;4653
3;1741075670833;4984
1;1741075671244;4654
0;1741075674085;4717
3;1741075675825;4985
0;1741075675994;4718
2;1741075678074;4103
3;1741075680847;4986
0;1741075680922;4719
1;1741075681114;4655
2;1741075681402;4104
3;1741075685872;4987
0;1741075685995;4720
1;1741075686059;4656
2;1741075688747;4105
3;1741075690832;4988
1;1741075691594;4657
2;1741075691690;4106
0;1741075693690;4721
3;1741075695882;4989
0;1741075695927;4722
2;1741075696041;4107
1;1741075696457;4658
3;1741075700878;4990
1;1741075700985;4659
2;1741075701145;4108
0;1741075701641;4723
3;1741075705871;4991
1;1741075705896;4660
2;1741075706008;4109
0;1741075706456;4724
3;1741075710846;4992
0;1741075711113;4725
2;1741075713192;4110
3;1741075715853;4993
0;1741075715976;4726
1;1741075716312;4661
2;1741075718840;4111
3;1741075720834;4994
1;1741075721433;4662
2;1741075721569;4112
0;1741075723176;4727
3;1741075725901;4995
0;1741075726007;4728
1;1741075727463;4663
3;1741075730846;4996
0;1741075730983;4729
1;1741075733879;4664
3;1741075735820;4997
0;1741075736178;4730
1;1741075736263;4665
3;1741075740877;4998
0;1741075741047;4731
2;1741075741383;4113
1;1741075743254;4666
3;1741075745868;4999
1;1741075745894;4667
2;1741075746086;4114
0;1741075746375;4732
3;1741075750828;5000
0;1741075751078;4733
1;1741075752886;4668
3;1741075755819;5001
1;1741075758293;4669
0;1741075758424;4734
3;1741075760843;5002
0;1741075760933;4735
2;1741075762111;4115
3;1741075765851;5003
1;1741075766133;4670
0;1741075766309;4736
2;1741075768165;4116
3;1741075770827;5004
1;1741075773046;4671
0;1741075773398;4737
3;1741075775833;5005
0;1741075776294;4738
2;1741075778164;4117
1;1741075778436;4672
3;1741075780841;5006
2;1741075781345;4118
1;1741075783012;4673
0;1741075784164;4739
3;1741075785839;5007
2;1741075786132;4119
0;1741075788212;4740
1;1741075788884;4674
3;1741075790969;5008
1;1741075791152;4675
0;1741075791731;4741
2;1741075794067;4120
3;1741075795847;5009
0;1741075795875;4742
1;1741075796163;4676
2;1741075796387;4121
3;1741075800872;5010
0;1741075801034;4743
2;1741075801059;4122
1;1741075801235;4677
3;1741075805851;5011
2;1741075806067;4123
0;1741075806240;4744
1;1741075806435;4678
3;1741075810826;5012
0;1741075811170;4745
2;1741075813074;4124
1;1741075813890;4679
3;1741075815834;5013
0;1741075816019;4746
2;1741075818914;4125
3;1741075820857;5014
0;1741075820946;4747
2;1741075821153;4126
3;1741075825831;5015
0;1741075826353;4748
1;1741075827969;4680
2;1741075828067;4127
3;1741075830903;5016
2;1741075831665;4128
1;1741075833105;4681
0;1741075833281;4749
3;1741075835863;5017
1;1741075836207;4682
0;1741075838370;4750
2;1741075838738;4129
3;1741075840823;5018
2;1741075841264;4130
1;1741075841553;4683
0;1741075843167;4751
3;1741075845846;5019
0;1741075846368;4752
2;1741075849120;4131
3;1741075850838;5020
0;1741075850896;4753
1;1741075851056;4684
2;1741075851440;4132
3;1741075855846;5021
0;1741075855905;4754
1;1741075856431;4685
3;1741075860837;5022
1;1741075860943;4686
0;1741075861173;4755
2;1741075863999;4133
3;1741075865829;5023
0;1741075866014;4756
2;1741075868400;4134
3;1741075870821;5024
1;1741075871195;4687
0;1741075873157;4757
2;1741075874127;4135
3;1741075875860;5025
0;1741075876014;4758
1;1741075878258;4688
2;1741075878719;4136
3;1741075880819;5026
1;1741075881086;4689
0;1741075881390;4759
2;1741075885201;4137
3;1741075885828;5027
0;1741075885976;4760
3;1741075890837;5028
0;1741075890872;4761
2;1741075891050;4138
1;1741075891373;4690
3;1741075895843;5029
0;1741075896804;4762
1;1741075898301;4691
2;1741075898797;4139
3;1741075900853;5030
1;1741075901245;4692
0;1741075901565;4763
2;1741075904093;4140
3;1741075905827;5031
2;1741075906044;4141
0;1741075906188;4764
1;1741075908300;4693
3;1741075910868;5032
1;1741075911052;4694
0;1741075913084;4765
3;1741075915874;5033
0;1741075916059;4766
1;1741075916508;4695
2;1741075918252;4142
3;1741075920833;5034
0;1741075920939;4767
1;1741075921116;4696
2;1741075921211;4143
3;1741075925859;5035
1;1741075926331;4697
0;1741075926459;4768
2;1741075929179;4144
3;1741075930850;5036
0;1741075930907;4769
1;1741075931083;4698
2;1741075931413;4145
3;1741075935881;5037
0;1741075936004;4770
2;1741075936651;4146
3;1741075940833;5038
1;1741075941082;4699
0;1741075941306;4771
2;1741075943964;4147
3;1741075945840;5039
0;1741075945876;4772
1;1741075946122;4700
2;1741075946378;4148
3;1741075950832;5040
0;1741075951145;4773
2;1741075951449;4149
1;1741075954393;4701
3;1741075955823;5041
2;1741075956249;4150
1;1741075958905;4702
3;1741075960831;5042
0;1741075960888;4774
3;1741075965822;5043
0;1741075966073;4775
1;1741075968040;4703
2;1741075968232;4151
3;1741075970831;5044
2;1741075972952;4152
1;1741075973064;4704
0;1741075973624;4776
3;1741075975885;5045
0;1741075975928;4777
1;1741075976456;4705
2;1741075976632;4153
3;1741075980959;5046
0;1741075981064;4778
2;1741075981176;4154
1;1741075983864;4706
3;1741075985884;5047
0;1741075985961;4779
2;1741075986057;4155
1;1741075988217;4707
3;1741075990845;5048
0;1741075990926;4780
1;1741075991191;4708
2;1741075993815;4156
3;1741075995885;5049
1;1741075996498;4709
0;1741075996615;4781
2;1741075997895;4157
3;1741076000829;5050
2;1741076001175;4158
0;1741076004039;4782
3;1741076005869;5051
1;1741076006359;4710
0;1741076006774;4783
2;1741076009350;4159
3;1741076010860;5052
1;1741076011014;4711
0;1741076011190;4784
3;1741076015820;5053
0;1741076015942;4785
2;1741076016464;4160
1;1741076018726;4712
3;1741076020827;5054
2;1741076021237;4161
0;1741076023205;4786
3;1741076025866;5055
0;1741076025894;4787
1;1741076025990;4713
2;1741076026166;4162
3;1741076030858;5056
0;1741076031061;4788
1;1741076033828;4714
3;1741076035835;5057
0;1741076036134;4789
1;1741076039046;4715
3;1741076040874;5058
0;1741076040956;4790
1;1741076041060;4716
2;1741076041300;4163
3;1741076045849;5059
1;1741076046252;4717
0;1741076046484;4791
3;1741076050842;5060
2;1741076051156;4164
0;1741076051572;4792
1;1741076054101;4718
3;1741076055866;5061
1;1741076055907;4719
2;1741076056291;4165
0;1741076056659;4793
3;1741076060919;5062
0;1741076060995;4794
1;1741076061132;4720
2;1741076063155;4166
3;1741076065848;5063
0;1741076065933;4795
1;1741076066003;4721
2;1741076066419;4167
3;1741076070825;5064
0;1741076071219;4796
1;1741076073203;4722
2;1741076073746;4168
3;1741076075832;5065
0;1741076076155;4797
2;1741076077250;4169
1;1741076078434;4723
3;1741076080872;5066
0;1741076081090;4798
2;1741076081825;4170
1;1741076084177;4724
3;1741076085848;5067
0;1741076085921;4799
2;1741076086018;4171
1;1741076086257;4725
3;1741076090903;5068
0;1741076091137;4800
2;1741076091617;4172
3;1741076095831;5069
2;1741076096176;4173
1;1741076096928;4726
0;1741076098129;4801
3;1741076100839;5070
0;1741076100899;4802
1;1741076101019;4727
2;1741076101168;4174
3;1741076105847;5071
1;1741076106080;4728
2;1741076106269;4175
0;1741076106496;4803
3;1741076110853;5072
0;1741076111152;4804
2;1741076111360;4176
1;1741076113872;4729
3;1741076115941;5073
2;1741076116336;4177
0;1741076118464;4805
1;1741076118719;4730
3;1741076120868;5074
0;1741076120977;4806
1;1741076122128;4731
3;1741076125829;5075
0;1741076126767;4807
2;1741076128831;4178
1;1741076129119;4732
3;1741076130821;5076
1;1741076131294;4733
0;1741076131646;4808
2;1741076133182;4179
3;1741076135845;5077
0;1741076136078;4809
1;1741076138200;4734
3;1741076140916;5078
2;1741076141118;4180
1;1741076143391;4735
0;1741076143982;4810
3;1741076145829;5079
0;1741076146237;4811
1;1741076148269;4736
3;1741076150835;5080
0;1741076150861;4812
1;1741076150989;4737
2;1741076151117;4181
0;1741076155870;4813
3;1741076155885;5081
1;1741076156221;4738
3;1741076160863;5082
2;1741076161104;4182
1;1741076163308;4739
3;1741076165875;5083
0;1741076165976;4814
1;1741076166301;4740
2;1741076166396;4183
3;1741076170915;5084
1;1741076170972;4741
0;1741076171644;4815
2;1741076172220;4184
3;1741076175842;5085
0;1741076175899;4816
1;1741076175997;4742
2;1741076176125;4185
3;1741076180851;5086
0;1741076181053;4817
2;1741076181133;4186
1;1741076181741;4743
3;1741076185825;5087
2;1741076186123;4187
0;1741076188283;4818
1;1741076188448;4744
3;1741076191027;5088
2;1741076191652;4188
0;1741076193147;4819
1;1741076193899;4745
3;1741076195824;5089
0;1741076196091;4820
1;1741076196353;4746
3;1741076200856;5090
1;1741076200890;4747
0;1741076201050;4821
2;1741076201243;4189
3;1741076205902;5091
0;1741076205978;4822
1;1741076209226;4748
3;1741076210834;5092
1;1741076210970;4749
0;1741076211146;4823
2;1741076213769;4190
3;1741076215824;5093
1;1741076215995;4750
0;1741076216171;4824
0;1741076220857;4825
3;1741076220905;5094
2;1741076221033;4191
1;1741076222089;4751
3;1741076225838;5095
1;1741076225951;4752
0;1741076226081;4826
3;1741076230830;5096
1;1741076231000;4753
0;1741076231384;4827
3;1741076235823;5097
0;1741076236024;4828
1;1741076236488;4754
3;1741076240887;5098
0;1741076241112;4829
1;1741076243816;4755
3;1741076245821;5099
1;1741076246440;4756
0;1741076248247;4830
3;1741076250876;5100
1;1741076250928;4757
0;1741076251255;4831
2;1741076253190;4192
3;1741076255820;5101
0;1741076255975;4832
2;1741076257911;4193
3;1741076260876;5102
1;1741076261127;4758
2;1741076263543;4194
0;1741076263991;4833
3;1741076265822;5103
2;1741076266334;4195
1;1741076268182;4759
0;1741076268790;4834
3;1741076270844;5104
1;1741076271094;4760
0;1741076271199;4835
3;1741076275851;5105
0;1741076275861;4836
2;1741076276117;4196
1;1741076276239;4761
3;1741076280827;5106
2;1741076281289;4197
0;1741076283157;4837
1;1741076283557;4762
3;1741076285835;5107
0;1741076286005;4838
2;1741076288741;4198
1;1741076288949;4763
3;1741076290843;5108
0;1741076290917;4839
1;1741076291281;4764
3;1741076295964;5109
2;1741076296533;4199
1;1741076296660;4765
0;1741076299108;4840
3;1741076300840;5110
0;1741076300884;4841
2;1741076300948;4200
1;1741076301300;4766
3;1741076305849;5111
0;1741076305908;4842
2;1741076306036;4201
1;1741076306452;4767
3;1741076310906;5112
1;1741076310947;4768
2;1741076311091;4202
0;1741076311395;4843
3;1741076315848;5113
0;1741076315891;4844
2;1741076315987;4203
1;1741076316099;4769
3;1741076320841;5114
1;1741076321555;4770
2;1741076323233;4204
0;1741076323843;4845
3;1741076325833;5115
0;1741076326194;4846
1;1741076326306;4771
3;1741076330825;5116
0;1741076331394;4847
1;1741076333282;4772
2;1741076333618;4205
3;1741076335864;5117
1;1741076336898;4773
0;1741076339634;4848
3;1741076340871;5118
0;1741076340914;4849
1;1741076341116;4774
2;1741076341217;4206
3;1741076345863;5119
0;1741076345905;4850
2;1741076348305;4207
3;1741076350823;5120
1;1741076351297;4775
0;1741076351521;4851
2;1741076353729;4208
3;1741076355879;5121
0;1741076355888;4852
1;1741076355984;4776
2;1741076358224;4209
3;1741076360899;5122
0;1741076360912;4853
1;1741076361056;4777
3;1741076365847;5123
1;1741076366192;4778
0;1741076366256;4854
2;1741076368048;4210
3;1741076370822;5124
2;1741076371072;4211
0;1741076371311;4855
1;1741076373135;4779
3;1741076375877;5125
0;1741076376447;4856
1;1741076376495;4780
3;1741076380821;5126
1;1741076381055;4781
0;1741076381279;4857
3;1741076385845;5127
0;1741076385951;4858
1;1741076386255;4782
2;1741076389071;4212
3;1741076390820;5128
2;1741076391414;4213
0;1741076391678;4859
1;1741076394462;4783
3;1741076395828;5129
0;1741076396254;4860
2;1741076398222;4214
3;1741076400852;5130
0;1741076400929;4861
2;1741076401045;4215
1;1741076401199;4784
3;1741076405826;5131
0;1741076406778;4862
2;1741076408111;4216
1;1741076408890;4785
3;1741076410836;5132
2;1741076411037;4217
0;1741076412925;4863
1;1741076413165;4786
3;1741076415860;5133
2;1741076418361;4218
1;1741076418669;4787
3;1741076420837;5134
0;1741076421229;4864
1;1741076421453;4788
2;1741076423885;4219
3;1741076425872;5135
0;1741076426141;4865
1;1741076426350;4789
2;1741076428078;4220
3;1741076430833;5136
0;1741076431212;4866
2;1741076431436;4221
3;1741076435841;5137
0;1741076435940;4867
2;1741076436165;4222
1;1741076436428;4790
3;1741076440832;5138
2;1741076441372;4223
1;1741076443195;4791
3;1741076445841;5139
0;1741076446123;4868
1;1741076446907;4792
2;1741076446955;4224
3;1741076450833;5140
0;1741076451867;4869
1;1741076454203;4793
3;1741076455825;5141
1;1741076455925;4794
0;1741076456475;4870
2;1741076458282;4225
3;1741076460865;5142
0;1741076461098;4871
1;1741076461444;4795
3;1741076465824;5143
2;1741076465898;4226
1;1741076466490;4796
3;1741076470879;5144
0;1741076471018;4872
1;1741076471313;4797
2;1741076473130;4227
3;1741076475839;5145
0;1741076475881;4873
2;1741076476111;4228
1;1741076476217;4798
3;1741076480831;5146
0;1741076482089;4874
2;1741076483241;4229
1;1741076483529;4799
3;1741076485823;5147
0;1741076486408;4875
2;1741076488136;4230
3;1741076490862;5148
0;1741076490936;4876
1;1741076491320;4800
3;1741076495837;5149
0;1741076495928;4877
2;1741076496297;4231
1;1741076496792;4801
3;1741076500829;5150
0;1741076500948;4878
1;1741076503177;4802
2;1741076503769;4232
3;1741076505853;5151
0;1741076505943;4879
2;1741076506028;4233
1;1741076506215;4803
3;1741076510828;5152
2;1741076511016;4234
0;1741076514279;4880
3;1741076515870;5153
0;1741076516060;4881
2;1741076519143;4235
3;1741076520844;5154
0;1741076520903;4882
2;1741076521207;4236
1;1741076521238;4804
3;1741076525869;5155
0;1741076526006;4883
2;1741076528166;4237
3;1741076530828;5156
0;1741076531085;4884
1;1741076534230;4805
3;1741076535835;5157
0;1741076535893;4885
1;1741076536022;4806
2;1741076536166;4238
3;1741076540875;5158
0;1741076540913;4886
2;1741076541077;4239
1;1741076542181;4807
3;1741076545851;5159
0;1741076545892;4887
1;1741076546086;4808
2;1741076546261;4240
3;1741076550842;5160
1;1741076551077;4809
0;1741076551221;4888
2;1741076553269;4241
3;1741076555852;5161
1;1741076556004;4810
3;1741076560827;5162
1;1741076561028;4811
0;1741076561243;4889
2;1741076563941;4242
3;1741076565865;5163
0;1741076565931;4890
1;1741076566100;4812
2;1741076568388;4243
3;1741076570844;5164
1;1741076570973;4813
0;1741076573987;4891
3;1741076575833;5165
2;1741076576131;4244
0;1741076578227;4892
3;1741076580841;5166
0;1741076580963;4893
1;1741076581527;4814
2;1741076583170;4245
3;1741076585834;5167
0;1741076585947;4894
1;1741076588347;4815
2;1741076589107;4246
3;1741076590904;5168
1;1741076590994;4816
0;1741076591298;4895
2;1741076591634;4247
3;1741076595880;5169
0;1741076595963;4896
1;1741076596386;4817
2;1741076596722;4248
3;1741076600824;5170
0;1741076601058;4897
1;1741076603106;4818
2;1741076604037;4249
3;1741076605863;5171
0;1741076605922;4898
1;1741076606081;4819
2;1741076606321;4250
3;1741076610822;5172
0;1741076610972;4899
1;1741076611313;4820
3;1741076615893;5173
1;1741076615969;4821
0;1741076616113;4900
2;1741076616257;4251
3;1741076620839;5174
1;1741076620928;4822
2;1741076621040;4252
0;1741076621265;4901
3;1741076625832;5175
2;1741076626560;4253
0;1741076627936;4902
1;1741076628576;4823
3;1741076630870;5176
2;1741076631488;4254
0;1741076633792;4903
0;1741076635871;4904
3;1741076635884;5177
1;1741076635989;4824
2;1741076636224;4255
3;1741076640885;5178
1;1741076640959;4825
0;1741076641103;4905
2;1741076641247;4256
3;1741076645829;5179
0;1741076645919;4906
2;1741076648159;4257
1;1741076648783;4826
3;1741076650947;5180
0;1741076651054;4907
1;1741076651262;4827
2;1741076653886;4258
3;1741076655861;5181
0;1741076655902;4908
2;1741076656046;4259
1;1741076656174;4828
3;1741076660899;5182
1;1741076660927;4829
0;1741076661054;4909
2;1741076661190;4260
3;1741076665874;5183
1;1741076666174;4830
2;1741076666606;4261
3;1741076670863;5184
0;1741076671101;4910
1;1741076671293;4831
2;1741076674013;4262
3;1741076675827;5185
0;1741076676685;4911
1;1741076676717;4832
3;1741076680899;5186
1;1741076680936;4833
0;1741076682012;4912
2;1741076683021;4263
3;1741076685923;5187
0;1741076686492;4913
1;1741076687030;4834
3;1741076690834;5188
0;1741076690960;4914
2;1741076691068;4264
1;1741076691244;4835
3;1741076695826;5189
0;1741076696140;4915
1;1741076696188;4836
2;1741076698299;4265
3;1741076700865;5190
0;1741076701309;4916
1;1741076701645;4837
3;1741076705859;5191
2;1741076706588;4266
0;1741076708044;4917
1;1741076708796;4838
3;1741076710834;5192
0;1741076710923;4918
2;1741076711067;4267
1;1741076711323;4839
3;1741076715826;5193
0;1741076716042;4919
3;1741076720847;5194
0;1741076720858;4920
1;1741076721114;4840
2;1741076723978;4268
3;1741076725824;5195
0;1741076726090;4921
3;1741076730831;5196
0;1741076731145;4922
2;1741076733225;4269
1;1741076733513;4841
3;1741076735855;5197
0;1741076736041;4923
1;1741076736249;4842
2;1741076738233;4270
3;1741076740863;5198
1;1741076740905;4843
2;1741076741081;4271
0;1741076741257;4924
3;1741076745822;5199
0;1741076746137;4925
2;1741076748200;4272
1;1741076748825;4844
3;1741076750846;5200
0;1741076750889;4926
2;1741076750992;4273
1;1741076751673;4845
3;1741076755879;5201
1;1741076756968;4846
0;1741076757960;4927
3;1741076760831;5202
0;1741076761032;4928
1;1741076761240;4847
3;1741076765821;5203
1;1741076765943;4848
0;1741076766121;4929
3;1741076770845;5204
1;1741076771079;4849
0;1741076771335;4930
3;1741076775902;5205
1;1741076776103;4850
3;1741076780830;5206
1;1741076780985;4851
0;1741076781351;4931
2;1741076783158;4274
3;1741076785837;5207
1;1741076789046;4852
3;1741076790843;5208
0;1741076790941;4932
1;1741076791097;4853
2;1741076793078;4275
3;1741076795913;5209
0;1741076796134;4933
2;1741076796294;4276
3;1741076800827;5210
0;1741076800983;4934
1;1741076804039;4854
3;1741076805835;5211
0;1741076805957;4935
2;1741076806341;4277
3;1741076810845;5212
0;1741076810881;4936
1;1741076811012;4855
2;1741076814148;4278
3;1741076815833;5213
1;1741076816068;4856
0;1741076816229;4937
2;1741076817972;4279
3;1741076820841;5214
0;1741076821188;4938
1;1741076824468;4857
3;1741076825864;5215
0;1741076825940;4939
2;1741076826152;4280
1;1741076826228;4858
3;1741076830826;5216
2;1741076832973;4281
1;1741076833139;4859
0;1741076834195;4940
3;1741076835881;5217
1;1741076835909;4860
0;1741076836106;4941
2;1741076836164;4282
3;1741076840825;5218
2;1741076840963;4283
1;1741076841091;4861
0;1741076841555;4942
3;1741076845864;5219
0;1741076845923;4943
1;1741076846013;4862
2;1741076846082;4284
3;1741076850824;5220
1;1741076851202;4863
0;1741076852130;4944
2;1741076853154;4285
3;1741076855850;5221
2;1741076856546;4286
0;1741076856658;4945
1;1741076858290;4864
3;1741076860855;5222
0;1741076860928;4946
1;1741076861026;4865
2;1741076863761;4287
3;1741076865832;5223
1;1741076866017;4866
0;1741076866113;4947
2;1741076868161;4288
3;1741076870822;5224
2;1741076871473;4289
1;1741076871585;4867
0;1741076872920;4948
3;1741076875831;5225
0;1741076876258;4949
2;1741076876706;4290
1;1741076878962;4868
3;1741076880837;5226
1;1741076881008;4869
2;1741076884064;4291
3;1741076885831;5227
0;1741076885984;4950
2;1741076886252;4292
1;1741076888624;4870
3;1741076890821;5228
2;1741076891312;4293
0;1741076894111;4951
3;1741076895830;5229
0;1741076896207;4952
1;1741076896736;4871
3;1741076900883;5230
0;1741076900895;4953
2;1741076901023;4294
1;1741076901119;4872
3;1741076905829;5231
1;1741076906031;4873
0;1741076907967;4954
2;1741076908143;4295
3;1741076910925;5232
1;1741076910990;4874
0;1741076911317;4955
2;1741076911390;4296
3;1741076915829;5233
1;1741076918846;4875
0;1741076919166;4956
3;1741076920836;5234
0;1741076921150;4957
2;1741076921294;4297
3;1741076925828;5235
0;1741076926082;4958
2;1741076928173;4298
1;1741076929309;4876
3;1741076930836;5236
0;1741076930877;4959
1;1741076931005;4877
2;1741076931293;4299
3;1741076935827;5237
1;1741076938557;4878
2;1741076938797;4300
3;1741076940863;5238
0;1741076941068;4960
2;1741076941341;4301
1;1741076943949;4879
3;1741076945826;5239
1;1741076949148;4880
3;1741076950866;5240
0;1741076951596;4961
1;1741076953964;4881
3;1741076955859;5241
0;1741076955938;4962
1;1741076956188;4882
2;1741076956796;4302
3;1741076960858;5242
0;1741076960987;4963
1;1741076963809;4883
2;1741076964283;4303
3;1741076965857;5243
2;1741076965899;4304
1;1741076966141;4884
0;1741076966357;4964
3;1741076970834;5244
0;1741076970875;4965
1;1741076971307;4885
3;1741076975911;5245
0;1741076975948;4966
2;1741076976106;4305
1;1741076979308;4886
3;1741076980832;5246
2;1741076981413;4306
3;1741076985870;5247
0;1741076985963;4967
1;1741076988155;4887
2;1741076988715;4307
3;1741076990879;5248
1;1741076990970;4888
2;1741076991258;4308
3;1741076995824;5249
2;1741076996155;4309
0;1741076996442;4968
1;1741076999067;4889
3;1741077000863;5250
0;1741077000874;4969
1;1741077001278;4890
2;1741077002970;4310
3;1741077005871;5251
2;1741077005977;4311
0;1741077006217;4970
1;1741077008985;4891
3;1741077010829;5252
1;1741077014216;4892
0;1741077014328;4971
3;1741077015839;5253
0;1741077016233;4972
2;1741077018089;4312
1;1741077018633;4893
3;1741077020830;5254
1;1741077021499;4894
0;1741077022072;4973
2;1741077022935;4313
3;1741077025836;5255
1;1741077026151;4895
0;1741077028231;4974
2;1741077028503;4314
3;1741077030829;5256
2;1741077033191;4315
0;1741077033735;4975
1;1741077034055;4896
3;1741077035821;5257
0;1741077036103;4976
1;1741077036814;4897
2;1741077038103;4316
3;1741077040902;5258
1;1741077041014;4898
2;1741077043254;4317
3;1741077045836;5259
1;1741077046022;4899
0;1741077046342;4977
2;1741077048310;4318
3;1741077050844;5260
0;1741077050934;4978
1;1741077051022;4900
2;1741077051286;4319
3;1741077055819;5261
0;1741077056070;4979
1;1741077056758;4901
2;1741077059150;4320
3;1741077060843;5262
0;1741077060949;4980
1;1741077061045;4902
2;1741077061541;4321
3;1741077065864;5263
1;1741077065957;4903
0;1741077066613;4981
2;1741077068101;4322
3;1741077070843;5264
0;1741077070901;4982
2;1741077071109;4323
1;1741077071316;4904
3;1741077075850;5265
0;1741077075892;4983
1;1741077078164;4905
3;1741077080874;5266
0;1741077080980;4984
2;1741077081188;4324
1;1741077084356;4906
3;1741077085833;5267
0;1741077085859;4985
1;1741077086148;4907
2;1741077086227;4325
3;1741077090825;5268
0;1741077091060;4986
1;1741077091203;4908
2;1741077093539;4326
3;1741077095833;5269
0;1741077096019;4987
2;1741077096131;4327
1;1741077098275;4909
3;1741077100840;5270
0;1741077100899;4988
1;1741077101259;4910
2;1741077101539;4328
3;1741077105849;5271
0;1741077105926;4989
1;1741077106242;4911
3;1741077110841;5272
1;1741077110962;4912
0;1741077111122;4990
2;1741077112882;4329
3;1741077115864;5273
0;1741077116006;4991
1;1741077116178;4913
2;1741077118178;4330
3;1741077120872;5274
0;1741077120897;4992
1;1741077123058;4914
2;1741077123826;4331
3;1741077125831;5275
0;1741077126293;4993
2;1741077128177;4332
1;1741077129073;4915
3;1741077130823;5276
0;1741077131041;4994
2;1741077133249;4333
3;1741077135863;5277
0;1741077135901;4995
1;1741077136034;4916
2;1741077136306;4334
3;1741077140823;5278
1;1741077140946;4917
0;1741077141168;4996
3;1741077145846;5279
0;1741077145904;4997
1;1741077146064;4918
2;1741077146192;4335
3;1741077150870;5280
1;1741077151077;4919
0;1741077151152;4998
2;1741077153152;4336
3;1741077155829;5281
1;1741077156111;4920
0;1741077156511;4999
2;1741077158511;4337
3;1741077160925;5282
0;1741077161007;5000
1;1741077161183;4921
3;1741077165858;5283
0;1741077166193;5001
1;1741077166271;4922
2;1741077166847;4338
3;1741077170852;5284
0;1741077171061;5002
2;1741077173935;4339
3;1741077175876;5285
1;1741077176111;4923
3;1741077180837;5286
0;1741077181310;5003
2;1741077182958;4340
3;1741077185887;5287
0;1741077185902;5004
2;1741077186046;4341
1;1741077186318;4924
3;1741077190862;5288
0;1741077191326;5005
2;1741077191417;4342
1;1741077193597;4925
3;1741077195826;5289
2;1741077196493;4343
1;1741077198317;4926
0;1741077198861;5006
3;1741077200883;5290
0;1741077200973;5007
2;1741077203837;4344
3;1741077205874;5291
0;1741077205900;5008
2;1741077206236;4345
1;1741077209518;4927
3;1741077210861;5292
2;1741077211852;4346
1;1741077213132;4928
3;1741077215840;5293
2;1741077215956;4347
0;1741077216237;5009
3;1741077220833;5294
2;1741077221083;4348
0;1741077221595;5010
1;1741077224283;4929
3;1741077225825;5295
1;1741077228299;4930
3;1741077230863;5296
1;1741077231051;4931
0;1741077231147;5011
2;1741077231419;4349
3;1741077235871;5297
0;1741077235931;5012
1;1741077236091;4932
3;1741077240864;5298
1;1741077241099;4933
0;1741077241355;5013
3;1741077245856;5299
0;1741077246048;5014
2;1741077248235;4350
1;1741077249019;4934
3;1741077250863;5300
0;1741077250969;5015
2;1741077251418;4351
1;1741077253978;4935
3;1741077255870;5301
0;1741077255920;5016
2;1741077259193;4352
1;1741077259338;4936
3;1741077260831;5302
2;1741077261017;4353
0;1741077261177;5017
1;1741077263225;4937
3;1741077265885;5303
0;1741077265961;5018
2;1741077266089;4354
1;1741077266265;4938
3;1741077270898;5304
0;1741077270968;5019
2;1741077271112;4355
1;1741077274250;4939
3;1741077275821;5305
0;1741077276094;5020
2;1741077278121;4356
1;1741077279225;4940
3;1741077280883;5306
0;1741077281352;5021
1;1741077284184;4941
3;1741077285852;5307
0;1741077285944;5022
2;1741077288167;4357
1;1741077289271;4942
3;1741077290835;5308
2;1741077290967;4358
1;1741077291143;4943
0;1741077293720;5023
3;1741077295876;5309
0;1741077295911;5024
1;1741077296007;4944
2;1741077296263;4359
3;1741077300831;5310
0;1741077301110;5025
1;1741077303943;4945
3;1741077305818;5311
1;1741077306054;4946
0;1741077306182;5026
3;1741077310829;5312
0;1741077311158;5027
1;1741077311254;4947
2;1741077313958;4360
3;1741077315821;5313
0;1741077315991;5028
1;1741077316090;4948
2;1741077319003;4361
3;1741077320955;5314
1;1741077321077;4949
0;1741077321461;5029
2;1741077324197;4362
3;1741077325862;5315
2;1741077328853;4363
1;1741077329445;4950
3;1741077330874;5316
0;1741077330961;5030
1;1741077331157;4951
2;1741077333157;4364
3;1741077335877;5317
0;1741077335892;5031
2;1741077336468;4365
1;1741077336725;4952
3;1741077340842;5318
1;1741077341028;4953
0;1741077341108;5032
3;1741077345850;5319
0;1741077345876;5033
1;1741077345956;4954
2;1741077348036;4366
3;1741077350874;5320
0;1741077351156;5034
1;1741077351316;4955
2;1741077354051;4367
3;1741077355859;5321
2;1741077356259;4368
1;1741077358515;4956
3;1741077360873;5322
0;1741077361091;5035
1;1741077363219;4957
3;1741077365832;5323
0;1741077365907;5036
2;1741077368915;4369
1;1741077369314;4958
3;1741077370873;5324
0;1741077370967;5037
1;1741077371218;4959
2;1741077371490;4370
3;1741077375832;5325
0;1741077375938;5038
2;1741077376082;4371
1;1741077376210;4960
3;1741077380840;5326
0;1741077380914;5039
2;1741077381137;4372
1;1741077381154;4961
3;1741077385880;5327
0;1741077385916;5040
2;1741077386017;4373
1;1741077389073;4962
3;1741077390823;5328
0;1741077390993;5041
3;1741077395891;5329
2;1741077395936;4374
0;1741077396465;5042
1;1741077397984;4963
3;1741077400823;5330
0;1741077401088;5043
1;1741077403232;4964
2;1741077403744;4375
3;1741077405830;5331
2;1741077406160;4376
0;1741077408320;5044
1;1741077408383;4965
3;1741077410854;5332
1;1741077410959;4966
0;1741077411455;5045
3;1741077415829;5333
0;1741077418335;5046
2;1741077419055;4377
3;1741077420822;5334
0;1741077420943;5047
2;1741077423711;4378
1;1741077424543;4967
3;1741077425828;5335
0;1741077425957;5048
2;1741077426321;4379
3;1741077430822;5336
2;1741077431344;4380
0;1741077433808;5049
1;1741077434320;4968
3;1741077435829;5337
0;1741077436768;5050
3;1741077440869;5338
0;1741077440904;5051
1;1741077441054;4969
2;1741077443133;4381
3;1741077445828;5339
0;1741077447986;5052
2;1741077449117;4382
3;1741077450834;5340
0;1741077451070;5053
1;1741077451245;4970
3;1741077455827;5341
0;1741077456029;5054
2;1741077458301;4383
1;1741077459016;4971
3;1741077460835;5342
0;1741077460925;5055
1;1741077461053;4972
2;1741077463149;4384
3;1741077465827;5343
0;1741077465900;5056
1;1741077468153;4973
2;1741077468428;4385
3;1741077470833;5344
0;1741077470956;5057
1;1741077474524;4974
3;1741077475826;5345
1;1741077476155;4975
0;1741077478203;5058
3;1741077480834;5346
2;1741077483083;4386
1;1741077484475;4976
3;1741077485826;5347
0;1741077486251;5059
2;1741077486875;4387
1;1741077489707;4977
3;1741077490832;5348
0;1741077491019;5060
1;1741077493131;4978
2;1741077493274;4388
3;1741077495825;5349
1;1741077496442;4979
2;1741077498618;4389
3;1741077500833;5350
0;1741077501514;5061
2;1741077503146;4390
1;1741077503482;4980
3;1741077505872;5351
0;1741077505934;5062
1;1741077508298;4981
3;1741077510832;5352
0;1741077511050;5063
1;1741077514041;4982
3;1741077515855;5353
0;1741077515977;5064
2;1741077516265;4391
1;1741077516388;4983
3;1741077520927;5354
0;1741077521001;5065
1;1741077521769;4984
3;1741077525854;5355
0;1741077525945;5066
2;1741077526057;4392
1;1741077526421;4985
3;1741077530846;5356
1;1741077531144;4986
0;1741077531304;5067
3;1741077535886;5357
0;1741077536008;5068
1;1741077536168;4987
3;1741077540829;5358
0;1741077541016;5069
1;1741077541064;4988
3;1741077545839;5359
1;1741077545897;4989
2;1741077546023;4393
0;1741077546622;5070
3;1741077550829;5360
0;1741077551080;5071
1;1741077552903;4990
2;1741077552999;4394
3;1741077555853;5361
1;1741077555975;4991
0;1741077556087;5072
2;1741077556359;4395
3;1741077560829;5362
0;1741077561174;5073
2;1741077563254;4396
1;1741077564135;4992
3;1741077565868;5363
2;1741077566294;4397
0;1741077566422;5074
1;1741077568230;4993
3;1741077570829;5364
2;1741077573212;4398
1;1741077573974;4994
3;1741077575820;5365
0;1741077576149;5075
2;1741077576328;4399
1;1741077579237;4995
3;1741077580844;5366
1;1741077581029;4996
0;1741077581189;5076
2;1741077583237;4400
3;1741077585861;5367
1;1741077586005;4997
0;1741077586245;5077
3;1741077590841;5368
0;1741077590900;5078
1;1741077590981;4998
2;1741077591109;4401
3;1741077595832;5369
1;1741077596276;4999
0;1741077596436;5079
2;1741077598660;4402
3;1741077600905;5370
1;1741077601348;5000
3;1741077605865;5371
0;1741077605901;5080
1;1741077606020;5001
2;1741077609157;4403
3;1741077610825;5372
1;1741077610899;5002
0;1741077611406;5081
2;1741077612965;4404
3;1741077615880;5373
0;1741077615971;5082
1;1741077616035;5003
2;1741077618483;4405
3;1741077620827;5374
1;1741077621059;5004
0;1741077621107;5083
3;1741077625833;5375
0;1741077625875;5084
2;1741077626050;4406
1;1741077626546;5005
3;1741077630839;5376
0;1741077630963;5085
1;1741077631138;5006
2;1741077631298;4407
3;1741077635833;5377
0;1741077635953;5086
2;1741077638514;4408
1;1741077639578;5007
3;1741077640839;5378
0;1741077640914;5087
2;1741077641090;4409
1;1741077641266;5008
3;1741077645876;5379
0;1741077645889;5088
2;1741077646163;4410
1;1741077646577;5009
3;1741077650823;5380
2;1741077651364;4411
0;1741077651714;5089
1;1741077654161;5010
3;1741077655831;5381
0;1741077656464;5090
1;1741077658161;5011
2;1741077658240;4412
3;1741077660840;5382
1;1741077661376;5012
0;1741077663264;5091
2;1741077663664;4413
3;1741077665889;5383
0;1741077666096;5092
1;1741077666416;5013
2;1741077666512;4414
3;1741077670894;5384
2;1741077671168;4415
0;1741077671328;5093
1;1741077673808;5014
3;1741077675861;5385
0;1741077675887;5094
1;1741077676031;5015
3;1741077680869;5386
1;1741077680904;5016
2;1741077681120;4416
0;1741077681197;5095
3;1741077685829;5387
0;1741077686239;5096
2;1741077686303;4417
1;1741077689520;5017
3;1741077690899;5388
0;1741077691199;5097
2;1741077693214;4418
1;1741077694302;5018
3;1741077695859;5389
2;1741077696350;4419
1;1741077699150;5019
3;1741077700835;5390
2;1741077701161;4420
0;1741077701374;5098
1;1741077702910;5020
3;1741077705827;5391
0;1741077705949;5099
1;1741077706094;5021
3;1741077710859;5392
0;1741077710896;5100
1;1741077711006;5022
2;1741077711215;4421
3;1741077715891;5393
1;1741077715965;5023
2;1741077716125;4422
0;1741077716221;5101
3;1741077720836;5394
1;1741077721004;5024
0;1741077721164;5102
3;1741077725905;5395
1;1741077726092;5025
0;1741077726316;5103
2;1741077728204;4423
3;1741077730833;5396
0;1741077731052;5104
1;1741077731337;5026
2;1741077733708;4424
3;1741077735874;5397
1;1741077736044;5027
2;1741077736204;4425
0;1741077736732;5105
3;1741077740881;5398
1;1741077740993;5028
0;1741077741499;5106
2;1741077741691;4426
3;1741077745826;5399
0;1741077746011;5107
1;1741077746139;5029
2;1741077748524;4427
3;1741077750833;5400
0;1741077751306;5108
1;1741077753275;5030
3;1741077755824;5401
0;1741077756090;5109
2;1741077758170;4428
1;1741077758987;5031
3;1741077760834;5402
0;1741077761018;5110
2;1741077763850;4429
1;1741077764298;5032
3;1741077765840;5403
0;1741077766058;5111
2;1741077767962;4430
1;1741077769114;5033
3;1741077770847;5404
1;1741077770938;5034
0;1741077771658;5112
2;1741077773801;4431
3;1741077775873;5405
0;1741077775945;5113
1;1741077776297;5035
2;1741077776473;4432
3;1741077780864;5406
1;1741077781401;5036
2;1741077783769;4433
3;1741077785871;5407
0;1741077786041;5114
2;1741077788153;4434
1;1741077789240;5037
3;1741077790830;5408
2;1741077793834;4435
1;1741077794314;5038
3;1741077795866;5409
0;1741077795944;5115
2;1741077798264;4436
1;1741077799128;5039
3;1741077800832;5410
0;1741077801017;5116
1;1741077801577;5040
3;1741077805838;5411
0;1741077806008;5117
1;1741077809111;5041
3;1741077810828;5412
0;1741077811079;5118
2;1741077813191;4437
1;1741077814007;5042
3;1741077815836;5413
0;1741077815863;5119
1;1741077816456;5043
3;1741077820861;5414
1;1741077820934;5044
2;1741077821126;4438
0;1741077821447;5120
3;1741077825852;5415
1;1741077826064;5045
0;1741077826278;5121
2;1741077828182;4439
3;1741077830844;5416
0;1741077831334;5122
2;1741077831659;4440
1;1741077834390;5046
3;1741077835884;5417
0;1741077835969;5123
1;1741077836150;5047
2;1741077836357;4441
3;1741077840827;5418
2;1741077842892;4442
0;1741077843205;5124
1;1741077843398;5048
3;1741077845883;5419
1;1741077845974;5049
2;1741077846246;4443
0;1741077848214;5125
3;1741077850865;5420
0;1741077851126;5126
1;1741077853030;5050
3;1741077855834;5421
0;1741077855942;5127
2;1741077858181;4444
1;1741077858933;5051
3;1741077860888;5422
2;1741077861013;4445
0;1741077861205;5128
3;1741077865838;5423
0;1741077866430;5129
1;1741077868773;5052
3;1741077870840;5424
0;1741077870964;5130
1;1741077871107;5053
2;1741077873171;4446
3;1741077875833;5425
0;1741077875972;5131
1;1741077876276;5054
3;1741077880825;5426
0;1741077883155;5132
2;1741077883251;4447
1;1741077883347;5055
3;1741077885863;5427
0;1741077886178;5133
1;1741077886402;5056
2;1741077888242;4448
3;1741077890840;5428
2;1741077891042;4449
1;1741077893170;5057
3;1741077895834;5429
0;1741077895938;5134
1;1741077896168;5058
2;1741077899010;4450
3;1741077900838;5430
1;1741077900977;5059
0;1741077901058;5135
3;1741077905834;5431
0;1741077905968;5136
2;1741077908146;4451
1;1741077908337;5060
3;1741077910824;5432
1;1741077910961;5061
0;1741077911265;5137
2;1741077912977;4452
3;1741077915832;5433
2;1741077916257;4453
0;1741077917921;5138
1;1741077919056;5062
3;1741077920855;5434
0;1741077920928;5139
1;1741077921024;5063
2;1741077921184;4454
3;1741077925846;5435
2;1741077926080;4455
1;1741077929152;5064
3;1741077930836;5436
0;1741077931136;5140
2;1741077933289;4456
1;1741077934257;5065
3;1741077935829;5437
2;1741077936593;4457
1;1741077938224;5066
0;1741077939025;5141
3;1741077940863;5438
0;1741077940976;5142
1;1741077943504;5067
3;1741077945829;5439
0;1741077946481;5143
1;1741077948240;5068
3;1741077950837;5440
0;1741077950926;5144
1;1741077951119;5069
2;1741077953055;4458
3;1741077955828;5441
1;1741077956177;5070
0;1741077956495;5145
3;1741077960867;5442
0;1741077960943;5146
1;1741077961086;5071
2;1741077961294;4459
3;1741077965893;5443
0;1741077965934;5147
1;1741077966253;5072
3;1741077970843;5444
2;1741077971197;4460
1;1741077974221;5073
3;1741077975874;5445
0;1741077975933;5148
2;1741077976045;4461
1;1741077976157;5074
3;1741077980907;5446
0;1741077980982;5149
2;1741077981421;4462
1;1741077982877;5075
3;1741077985826;5447
0;1741077986273;5150
2;1741077988764;4463
1;1741077989660;5076
3;1741077990848;5448
0;1741077991107;5151
1;1741077994364;5077
3;1741077995826;5449
0;1741077996139;5152
2;1741077996276;4464
1;1741077999211;5078
3;1741078000833;5450
1;1741078001067;5079
0;1741078001259;5153
3;1741078005963;5451
0;1741078006155;5154
1;1741078006235;5080
2;1741078008091;4465
3;1741078010848;5452
0;1741078010953;5155
1;1741078011099;5081
2;1741078011563;4466
3;1741078015824;5453
1;1741078018635;5082
0;1741078019546;5156
3;1741078020833;5454
1;1741078021210;5083
0;1741078023082;5157
3;1741078025871;5455
2;1741078026404;4467
0;1741078028377;5158
1;1741078029306;5084
3;1741078030832;5456
1;1741078031273;5085
0;1741078031338;5159
3;1741078035871;5457
0;1741078035913;5160
1;1741078036009;5086
2;1741078036729;4468
3;1741078040862;5458
1;1741078041049;5087
0;1741078041167;5161
0;1741078045865;5162
3;1741078045875;5459
1;1741078046073;5088
2;1741078048841;4469
3;1741078050893;5460
1;1741078050924;5089
2;1741078051017;4470
0;1741078051416;5163
3;1741078055868;5461
0;1741078055901;5164
1;1741078056088;5090
3;1741078060846;5462
0;1741078060904;5165
2;1741078061016;4471
1;1741078061128;5091
3;1741078065822;5463
0;1741078065959;5166
1;1741078066167;5092
2;1741078066279;4472
3;1741078070846;5464
0;1741078071008;5167
1;1741078071175;5093
2;1741078071447;4473
3;1741078075837;5465
0;1741078075911;5168
2;1741078076039;4474
1;1741078076158;5094
3;1741078080861;5466
0;1741078080903;5169
1;1741078081334;5095
2;1741078082966;4475
3;1741078085868;5467
0;1741078085880;5170
1;1741078085975;5096
3;1741078090844;5468
0;1741078090988;5171
2;1741078091764;4476
1;1741078093047;5097
3;1741078095851;5469
0;1741078095986;5172
1;1741078096134;5098
2;1741078096309;4477
3;1741078100828;5470
0;1741078101045;5173
2;1741078102981;4478
1;1741078104437;5099
3;1741078105883;5471
1;1741078106197;5100
2;1741078106357;4479
3;1741078110847;5472
1;1741078111090;5101
0;1741078111222;5174
3;1741078115846;5473
1;1741078116009;5102
0;1741078116452;5175
2;1741078118292;4480
3;1741078120832;5474
1;1741078121013;5103
0;1741078121301;5176
2;1741078123621;4481
3;1741078125871;5475
0;1741078126009;5177
2;1741078126052;4482
1;1741078126276;5104
3;1741078130825;5476
1;1741078130955;5105
0;1741078131140;5178
3;1741078135860;5477
0;1741078136051;5179
2;1741078139475;4483
1;1741078139587;5106
3;1741078140825;5478
0;1741078141027;5180
1;1741078141235;5107
3;1741078145833;5479
0;1741078145869;5181
1;1741078146003;5108
2;1741078146178;4484
3;1741078150855;5480
0;1741078150994;5182
1;1741078151250;5109
3;1741078155833;5481
2;1741078156034;4485
0;1741078156322;5183
1;1741078159458;5110
3;1741078160887;5482
1;1741078160988;5111
0;1741078161283;5184
3;1741078165848;5483
0;1741078165937;5185
2;1741078166082;4486
1;1741078166369;5112
3;1741078170839;5484
0;1741078170977;5186
2;1741078171121;4487
1;1741078174513;5113
3;1741078175862;5485
0;1741078175921;5187
1;1741078176321;5114
2;1741078176412;4488
3;1741078180838;5486
0;1741078180910;5188
1;1741078181015;5115
2;1741078181472;4489
3;1741078185831;5487
0;1741078185952;5189
1;1741078186056;5116
2;1741078187921;4490
3;1741078190879;5488
2;1741078191080;4491
0;1741078191297;5190
1;1741078194881;5117
3;1741078195828;5489
1;1741078196180;5118
0;1741078196336;5191
2;1741078198192;4492
3;1741078200821;5490
0;1741078200960;5192
1;1741078203777;5119
2;1741078203888;4493
3;1741078205880;5491
0;1741078205936;5193
1;1741078206122;5120
3;1741078210822;5492
1;1741078211151;5121
0;1741078211791;5194
3;1741078215877;5493
1;1741078216023;5122
3;1741078220821;5494
2;1741078221199;4494
1;1741078223951;5123
0;1741078224415;5195
3;1741078225860;5495
0;1741078225997;5196
1;1741078226573;5124
3;1741078230879;5496
0;1741078231261;5197
1;1741078231949;5125
3;1741078235859;5497
0;1741078236174;5198
2;1741078238766;4495
1;1741078239294;5126
3;1741078240834;5498
0;1741078241726;5199
2;1741078243212;4496
1;1741078244268;5127
3;1741078245842;5499
0;1741078245952;5200
1;1741078246172;5128
2;1741078248028;4497
3;1741078250866;5500
0;1741078251084;5201
1;1741078253196;5129
3;1741078255825;5501
0;1741078256108;5202
1;1741078256460;5130
2;1741078259116;4498
3;1741078260865;5502
1;1741078260908;5131
2;1741078261067;4499
0;1741078261356;5203
3;1741078265872;5503
1;1741078266123;5132
0;1741078266299;5204
2;1741078267963;4500
3;1741078270857;5504
2;1741078271003;4501
1;1741078271275;5133
0;1741078274218;5205
3;1741078275856;5505
0;1741078275892;5206
1;1741078276053;5134
2;1741078278811;4502
3;1741078280911;5506
0;1741078280938;5207
1;1741078281220;5135
2;1741078283850;4503
3;1741078285881;5507
1;1741078286218;5136
0;1741078286671;5208
2;1741078288217;4504
3;1741078290847;5508
1;1741078291321;5137
0;1741078293050;5209
3;1741078295883;5509
1;1741078296017;5138
0;1741078296425;5210
3;1741078300889;5510
0;1741078300946;5211
2;1741078301030;4505
1;1741078303753;5139
3;1741078305872;5511
0;1741078306040;5212
1;1741078308152;5140
3;1741078310832;5512
0;1741078310952;5213
1;1741078313016;5141
3;1741078315839;5513
1;1741078315880;5142
2;1741078315960;4506
0;1741078316776;5214
3;1741078320832;5514
0;1741078320937;5215
2;1741078323239;4507
1;1741078324408;5143
3;1741078325854;5515
0;1741078325882;5216
1;1741078326135;5144
2;1741078326343;4508
3;1741078330846;5516
0;1741078330903;5217
1;1741078333319;5145
3;1741078335836;5517
0;1741078336151;5218
1;1741078337975;5146
2;1741078338791;4509
3;1741078340909;5518
0;1741078341090;5219
2;1741078341495;4510
1;1741078343958;5147
3;1741078345853;5519
0;1741078345894;5220
1;1741078346118;5148
2;1741078347894;4511
3;1741078350843;5520
2;1741078353670;4512
1;1741078354357;5149
3;1741078355820;5521
0;1741078356197;5221
2;1741078356646;4513
1;1741078358805;5150
3;1741078360826;5522
0;1741078361333;5222
1;1741078363206;5151
2;1741078363655;4514
3;1741078365835;5523
0;1741078368822;5223
2;1741078368902;4515
3;1741078370843;5524
2;1741078370965;4516
0;1741078371892;5224
1;1741078373797;5152
3;1741078375851;5525
0;1741078375924;5225
2;1741078376004;4517
1;1741078376276;5153
3;1741078380888;5526
0;1741078380948;5226
2;1741078381716;4518
1;1741078384212;5154
3;1741078385833;5527
0;1741078385940;5227
1;1741078386628;5155
2;1741078389108;4519
3;1741078390826;5528
0;1741078391021;5228
2;1741078393251;4520
1;1741078394212;5156
3;1741078395912;5529
1;1741078395987;5157
0;1741078396147;5229
2;1741078396355;4521
3;1741078400825;5530
1;1741078401389;5158
0;1741078401540;5230
2;1741078403572;4522
3;1741078405833;5531
0;1741078406035;5231
1;1741078406253;5159
2;1741078408594;4523
3;1741078410889;5532
1;1741078411218;5160
0;1741078411506;5232
2;1741078414265;4524
3;1741078415832;5533
1;1741078415890;5161
0;1741078416050;5233
3;1741078420943;5534
0;1741078421218;5234
2;1741078423138;4525
1;1741078424098;5162
3;1741078425857;5535
1;1741078425969;5163
2;1741078426369;4526
0;1741078426562;5235
3;1741078430823;5536
0;1741078431457;5236
2;1741078431502;4527
3;1741078435845;5537
0;1741078435921;5237
1;1741078436257;5164
2;1741078438192;4528
3;1741078440822;5538
2;1741078441266;4529
0;1741078443186;5238
1;1741078443969;5165
3;1741078445862;5539
2;1741078446454;4530
0;1741078446641;5239
1;1741078448113;5166
3;1741078450821;5540
0;1741078451024;5240
1;1741078451136;5167
3;1741078455845;5541
1;1741078456018;5168
0;1741078456304;5241
3;1741078460885;5542
1;1741078460991;5169
0;1741078461247;5242
2;1741078463279;4531
3;1741078465829;5543
0;1741078466399;5243
1;1741078468895;5170
3;1741078470821;5544
2;1741078471198;4532
0;1741078471646;5244
1;1741078474224;5171
3;1741078475890;5545
0;1741078475999;5245
2;1741078476169;4533
1;1741078476425;5172
3;1741078480836;5546
0;1741078480894;5246
1;1741078481007;5173
2;1741078481360;4534
3;1741078485843;5547
0;1741078485919;5247
1;1741078486303;5174
2;1741078488111;4535
3;1741078490819;5548
0;1741078491203;5248
2;1741078491894;4536
1;1741078494045;5175
3;1741078495843;5549
0;1741078495949;5249
1;1741078496146;5176
2;1741078496671;4537
3;1741078500880;5550
0;1741078500908;5250
2;1741078501549;4538
1;1741078501629;5177
3;1741078505905;5551
0;1741078506204;5251
2;1741078508285;4539
1;1741078508556;5178
3;1741078510894;5552
2;1741078511020;4540
0;1741078511052;5252
1;1741078511309;5179
3;1741078515861;5553
2;1741078516256;4541
0;1741078516436;5253
1;1741078518876;5180
3;1741078520913;5554
1;1741078520971;5181
0;1741078521243;5254
2;1741078523186;4542
3;1741078525859;5555
0;1741078526059;5255
1;1741078526347;5182
2;1741078526427;4543
3;1741078530849;5556
2;1741078531659;4544
1;1741078531740;5183
0;1741078533115;5256
3;1741078535824;5557
2;1741078538138;4545
0;1741078538753;5257
1;1741078539114;5184
3;1741078540832;5558
0;1741078543146;5258
1;1741078544186;5185
3;1741078545871;5559
0;1741078545971;5259
1;1741078546282;5186
2;1741078546506;4546
3;1741078550864;5560
0;1741078551190;5260
2;1741078553099;4547
1;1741078553899;5187
3;1741078555823;5561
0;1741078556105;5261
1;1741078558811;5188
3;1741078560926;5562
0;1741078561082;5262
1;1741078561242;5189
3;1741078565843;5563
1;1741078566169;5190
0;1741078566249;5263
2;1741078569049;4548
3;1741078570830;5564
0;1741078571048;5264
1;1741078571608;5191
3;1741078575886;5565
0;1741078575976;5265
2;1741078576248;4549
1;1741078576416;5192
3;1741078580830;5566
2;1741078581128;4550
0;1741078584312;5266
1;1741078584362;5193
3;1741078585852;5567
0;1741078586124;5267
2;1741078586279;4551
1;1741078588391;5194
3;1741078590831;5568
1;1741078590929;5195
0;1741078591559;5268
3;1741078595868;5569
0;1741078596279;5269
2;1741078598247;4552
1;1741078598503;5196
3;1741078600861;5570
2;1741078600983;4553
0;1741078601158;5270
1;1741078601783;5197
3;1741078605821;5571
0;1741078605958;5271
1;1741078609046;5198
3;1741078610844;5572
1;1741078611014;5199
0;1741078611254;5272
2;1741078613878;4554
3;1741078615863;5573
0;1741078616070;5273
1;1741078618182;5200
3;1741078620924;5574
1;1741078621005;5201
2;1741078621144;4555
0;1741078621367;5274
3;1741078625863;5575
0;1741078628133;5275
1;1741078628853;5202
3;1741078632878;5576
1;1741078633092;5203
0;1741078633284;5276
3;1741078635835;5577
0;1741078636100;5277
2;1741078636196;4556
1;1741078636388;5204
3;1741078640936;5578
0;1741078641128;5278
2;1741078642084;4557
1;1741078643252;5205
3;1741078645850;5579
0;1741078646036;5279
1;1741078648835;5206
3;1741078650858;5580
0;1741078650963;5280
1;1741078653157;5207
2;1741078653845;4558
3;1741078655856;5581
0;1741078656164;5281
2;1741078656499;4559
1;1741078658243;5208
3;1741078660840;5582
0;1741078661289;5282
2;1741078661747;4560
1;1741078664099;5209
3;1741078665913;5583
0;1741078665970;5283
2;1741078666146;4561
1;1741078668066;5210
3;1741078670825;5584
1;1741078671058;5211
0;1741078671218;5284
3;1741078675832;5585
0;1741078676162;5285
1;1741078676601;5212
2;1741078678290;4562
3;1741078680839;5586
0;1741078681239;5286
2;1741078681678;4563
1;1741078684067;5213
3;1741078685859;5587
0;1741078686190;5287
1;1741078687940;5214
3;1741078690937;5588
2;1741078691041;4564
1;1741078693201;5215
0;1741078693889;5288
3;1741078695832;5589
2;1741078696384;4565
1;1741078698944;5216
0;1741078699265;5289
3;1741078700824;5590
1;1741078701040;5217
0;1741078701184;5290
2;1741078703800;4566
3;1741078705846;5591
1;1741078705920;5218
2;1741078706016;4567
0;1741078706048;5291
3;1741078710840;5592
0;1741078710917;5292
1;1741078711136;5219
2;1741078711376;4568
3;1741078715830;5593
0;1741078715951;5293
2;1741078718591;4569
1;1741078719391;5220
3;1741078720822;5594
0;1741078721247;5294
2;1741078721775;4570
3;1741078725844;5595
0;1741078725919;5295
1;1741078726095;5221
2;1741078726383;4571
3;1741078730838;5596
0;1741078730926;5296
1;1741078731070;5222
2;1741078731214;4572
3;1741078735827;5597
0;1741078739070;5297
1;1741078739102;5223
3;1741078740851;5598
1;1741078740928;5224
2;1741078741438;4573
0;1741078741710;5298
3;1741078745860;5599
0;1741078745902;5299
2;1741078746989;4574
1;1741078749005;5225
3;1741078750835;5600
2;1741078751309;4575
0;1741078753118;5300
1;1741078754109;5226
3;1741078755827;5601
0;1741078755997;5301
1;1741078756109;5227
2;1741078756301;4576
3;1741078760835;5602
1;1741078761007;5228
0;1741078761469;5302
2;1741078761869;4577
3;1741078765842;5603
0;1741078765916;5303
1;1741078766028;5229
2;1741078766108;4578
3;1741078770834;5604
1;1741078773148;5230
2;1741078773276;4579
3;1741078775858;5605
0;1741078775916;5304
1;1741078776188;5231
2;1741078778124;4580
3;1741078780832;5606
0;1741078780972;5305
2;1741078781357;4581
1;1741078784332;5232
3;1741078785855;5607
2;1741078789036;4582
0;1741078789148;5306
1;1741078789420;5233
3;1741078790833;5608
2;1741078791115;4583
0;1741078791212;5307
3;1741078795950;5609
1;1741078796123;5234
0;1741078796682;5308
2;1741078796957;4584
3;1741078800896;5610
1;1741078800988;5235
2;1741078801250;4585
0;1741078801420;5309
3;1741078805821;5611
0;1741078806314;5310
2;1741078806618;4586
1;1741078809306;5236
3;1741078810830;5612
0;1741078811002;5311
2;1741078811098;4587
1;1741078811321;5237
3;1741078815823;5613
0;1741078815961;5312
2;1741078816521;4588
1;1741078819033;5238
3;1741078820830;5614
0;1741078821049;5313
1;1741078821228;5239
2;1741078821817;4589
3;1741078825821;5615
1;1741078825945;5240
2;1741078826281;4590
0;1741078826376;5314
3;1741078830829;5616
1;1741078833225;5241
2;1741078833329;4591
0;1741078833976;5315
3;1741078835822;5617
0;1741078836200;5316
2;1741078836420;4592
1;1741078836552;5242
3;1741078840870;5618
0;1741078841063;5317
2;1741078841160;4593
1;1741078843960;5243
3;1741078845823;5619
1;1741078849176;5244
2;1741078849224;4594
0;1741078849591;5318
3;1741078850923;5620
0;1741078851031;5319
2;1741078851479;4595
1;1741078853959;5245
3;1741078855852;5621
1;1741078856151;5246
0;1741078856615;5320
2;1741078856695;4596
3;1741078860828;5622
0;1741078860966;5321
2;1741078861254;4597
1;1741078863960;5247
3;1741078865931;5623
0;1741078868294;5322
1;1741078868951;5248
2;1741078869030;4598
3;1741078870843;5624
0;1741078870873;5323
2;1741078870969;4599
1;1741078871319;5249
3;1741078875818;5625
0;1741078875973;5324
2;1741078876129;4600
1;1741078877959;5250
3;1741078880827;5626
1;1741078881287;5251
0;1741078881559;5325
2;1741078881703;4601
3;1741078885959;5627
0;1741078886053;5326
2;1741078886197;4602
1;1741078888165;5252
3;1741078890829;5628
2;1741078891269;4603
1;1741078891653;5253
0;1741078891781;5327
3;1741078895991;5629
0;1741078896116;5328
2;1741078896276;4604
1;1741078898676;5254
3;1741078900827;5630
1;1741078900932;5255
0;1741078901156;5329
2;1741078901380;4605
3;1741078905864;5631
1;1741078906020;5256
0;1741078908085;5330
3;1741078910841;5632
0;1741078910899;5331
1;1741078911043;5257
2;1741078911443;4606
3;1741078915833;5633
0;1741078916131;5332
2;1741078916868;4607
1;1741078917923;5258
3;1741078920889;5634
0;1741078920962;5333
2;1741078921330;4608
1;1741078923795;5259
3;1741078925907;5635
1;1741078925971;5260
2;1741078928290;4609
3;1741078930871;5636
1;1741078933170;5261
2;1741078934274;4610
0;1741078934437;5334
3;1741078935910;5637
0;1741078936050;5335
2;1741078936274;4611
1;1741078939058;5262
3;1741078940822;5638
2;1741078943153;4612
0;1741078943554;5336
1;1741078943745;5263
3;1741078945847;5639
1;1741078946116;5264
0;1741078946339;5337
2;1741078946580;4613
3;1741078950869;5640
0;1741078951954;5338
2;1741078952226;4614
1;1741078954097;5265
3;1741078955867;5641
0;1741078956241;5339
1;1741078956257;5266
2;1741078956800;4615
3;1741078960854;5642
0;1741078960912;5340
1;1741078960992;5267
2;1741078964240;4616
3;1741078965844;5643
1;1741078965888;5268
0;1741078966304;5341
2;1741078966432;4617
3;1741078970853;5644
0;1741078970911;5342
2;1741078971072;4618
1;1741078971216;5269
3;1741078975845;5645
1;1741078979423;5270
3;1741078980821;5646
2;1741078981039;4619
0;1741078981400;5343
1;1741078981983;5271
3;1741078985828;5647
0;1741078985983;5344
1;1741078986160;5272
2;1741078986952;4620
3;1741078990821;5648
2;1741078991422;4621
0;1741078991503;5345
1;1741078993342;5273
3;1741078995859;5649
0;1741078996606;5346
2;1741078997982;4622
1;1741078998814;5274
3;1741079000899;5650
1;1741079001038;5275
0;1741079001214;5347
2;1741079001342;4623
3;1741079005828;5651
0;1741079008861;5348
1;1741079008941;5276
2;1741079009133;4624
3;1741079010834;5652
0;1741079013229;5349
1;1741079013917;5277
3;1741079015826;5653
0;1741079016112;5350
2;1741079016349;4625
1;1741079018205;5278
3;1741079020835;5654
0;1741079021100;5351
2;1741079021149;4626
3;1741079025875;5655
0;1741079026048;5352
2;1741079026397;4627
1;1741079027246;5279
3;1741079030882;5656
1;1741079030988;5280
0;1741079031164;5353
2;1741079031324;4628
3;1741079035842;5657
2;1741079036668;4629
0;1741079037051;5354
1;1741079038923;5281
3;1741079040849;5658
2;1741079041532;4630
0;1741079041981;5355
1;1741079044091;5282
3;1741079045859;5659
1;1741079046139;5283
0;1741079046172;5356
2;1741079047020;4631
3;1741079050865;5660
0;1741079050987;5357
2;1741079051124;4632
1;1741079053915;5284
3;1741079055842;5661
0;1741079055866;5358
2;1741079056170;4633
1;1741079057930;5285
3;1741079060847;5662
0;1741079060922;5359
1;1741079061130;5286
2;1741079061626;4634
3;1741079065824;5663
1;1741079065914;5287
0;1741079066051;5360
3;1741079070848;5664
0;1741079070922;5361
1;1741079071401;5288
2;1741079073753;4635
3;1741079075903;5665
2;1741079076810;4636
1;1741079079483;5289
3;1741079080830;5666
0;1741079081161;5362
2;1741079081273;4637
1;1741079084090;5290
3;1741079085947;5667
1;1741079086010;5291
0;1741079086090;5363
2;1741079086328;4638
3;1741079090830;5668
2;1741079091672;4639
1;1741079093884;5292
0;1741079094152;5364
3;1741079095838;5669
0;1741079095995;5365
1;1741079098873;5293
3;1741079100830;5670
0;1741079101080;5366
1;1741079101255;5294
3;1741079105853;5671
1;1741079105911;5295
2;1741079105959;4640
0;1741079106423;5367
3;1741079110829;5672
1;1741079111175;5296
2;1741079111351;4641
0;1741079113287;5368
3;1741079115899;5673
0;1741079116039;5369
2;1741079116351;4642
1;1741079116455;5297
3;1741079120829;5674
2;1741079121494;4643
0;1741079121798;5370
1;1741079124326;5298
3;1741079125883;5675
1;1741079126038;5299
0;1741079126150;5371
2;1741079129254;4644
3;1741079130860;5676
1;1741079131409;5300
0;1741079131734;5372
3;1741079135862;5677
0;1741079138230;5373
1;1741079138421;5301
3;1741079140827;5678
0;1741079142981;5374
1;1741079143237;5302
2;1741079144085;4645
3;1741079145835;5679
2;1741079146341;4646
0;1741079148117;5375
1;1741079148228;5303
3;1741079150842;5680
0;1741079150917;5376
2;1741079151222;4647
1;1741079151268;5304
3;1741079155850;5681
1;1741079155940;5305
2;1741079156260;4648
0;1741079156868;5377
3;1741079160874;5682
1;1741079160948;5306
2;1741079161220;4649
0;1741079164308;5378
3;1741079165866;5683
1;1741079166021;5307
2;1741079168036;4650
0;1741079168341;5379
3;1741079170857;5684
1;1741079171511;5308
0;1741079171763;5380
2;1741079172979;4651
3;1741079175832;5685
0;1741079175987;5381
2;1741079177939;4652
1;1741079179011;5309
3;1741079180824;5686
0;1741079181491;5382
1;1741079183176;5310
2;1741079183363;4653
3;1741079185848;5687
0;1741079186229;5383
1;1741079186436;5311
2;1741079188788;4654
3;1741079190855;5688
0;1741079190962;5384
2;1741079191138;4655
1;1741079191346;5312
3;1741079195831;5689
1;1741079196034;5313
0;1741079196258;5385
2;1741079198962;4656
3;1741079200823;5690
0;1741079200913;5386
1;1741079201041;5314
2;1741079203873;4657
3;1741079205895;5691
0;1741079206113;5387
2;1741079206303;4658
1;1741079208993;5315
3;1741079210838;5692
0;1741079211410;5388
2;1741079213296;4659
3;1741079215861;5693
0;1741079215904;5389
1;1741079217952;5316
3;1741079220839;5694
0;1741079221648;5390
1;1741079223040;5317
2;1741079224240;4660
3;1741079225862;5695
2;1741079228080;4661
1;1741079228144;5318
3;1741079230918;5696
1;1741079231215;5319
2;1741079232959;4662
0;1741079234095;5391
3;1741079235862;5697
0;1741079235897;5392
2;1741079236015;4663
1;1741079236239;5320
3;1741079240870;5698
1;1741079240991;5321
2;1741079241135;4664
0;1741079243871;5393
3;1741079245843;5699
0;1741079246169;5394
1;1741079246271;5322
2;1741079248704;4665
3;1741079250836;5700
1;1741079250942;5323
0;1741079251791;5395
2;1741079253199;4666
3;1741079255845;5701
0;1741079256286;5396
1;1741079258286;5324
3;1741079260915;5702
0;1741079261006;5397
1;1741079261326;5325
2;1741079264046;4667
3;1741079265901;5703
0;1741079266318;5398
2;1741079268285;4668
1;1741079269069;5326
3;1741079270835;5704
1;1741079271080;5327
0;1741079271117;5399
2;1741079272901;4669
3;1741079275858;5705
1;1741079276013;5328
0;1741079277917;5400
2;1741079278813;4670
3;1741079280834;5706
0;1741079281228;5401
1;1741079284220;5329
3;1741079285870;5707
1;1741079286060;5330
0;1741079286236;5402
3;1741079290862;5708
2;1741079291340;4671
1;1741079293064;5331
0;1741079293211;5403
3;1741079295825;5709
0;1741079296123;5404
1;1741079296363;5332
3;1741079300833;5710
1;1741079301483;5333
2;1741079302123;4672
0;1741079303307;5405
3;1741079305840;5711
1;1741079305931;5334
0;1741079306011;5406
3;1741079310832;5712
1;1741079311130;5335
0;1741079311466;5407
2;1741079313770;4673
3;1741079315887;5713
2;1741079318186;4674
0;1741079318977;5408
1;1741079319114;5336
3;1741079320850;5714
0;1741079320922;5409
2;1741079321402;4675
1;1741079323649;5337
3;1741079325838;5715
0;1741079325917;5410
2;1741079325994;4676
1;1741079326106;5338
3;1741079330863;5716
0;1741079331145;5411
2;1741079333801;4677
1;1741079334057;5339
3;1741079335883;5717
0;1741079335988;5412
2;1741079336065;4678
1;1741079336111;5340
3;1741079340862;5718
0;1741079340904;5413
1;1741079341753;5341
2;1741079343017;4679
3;1741079345871;5719
1;1741079346088;5342
0;1741079346603;5414
2;1741079348223;4680
3;1741079350846;5720
1;1741079350904;5343
0;1741079351160;5415
2;1741079351368;4681
3;1741079355966;5721
1;1741079358952;5344
3;1741079360940;5722
0;1741079363319;5416
1;1741079364104;5345
3;1741079365822;5723
0;1741079366471;5417
2;1741079368791;4682
1;1741079369175;5346
3;1741079370830;5724
2;1741079371159;4683
0;1741079371591;5418
1;1741079374535;5347
3;1741079375821;5725
2;1741079378646;4684
1;1741079379030;5348
3;1741079380829;5726
0;1741079381031;5419
1;1741079382922;5349
3;1741079385868;5727
0;1741079385926;5420
2;1741079386090;4685
1;1741079386198;5350
3;1741079390875;5728
0;1741079391474;5421
2;1741079393238;4686
1;1741079393989;5351
3;1741079395863;5729
0;1741079396069;5422
1;1741079396245;5352
3;1741079400827;5730
0;1741079401237;5423
3;1741079405863;5731
0;1741079406277;5424
1;1741079407973;5353
2;1741079408261;4687
3;1741079410858;5732
1;1741079411364;5354
0;1741079413172;5425
2;1741079413589;4688
3;1741079415835;5733
0;1741079416068;5426
2;1741079418164;4689
1;1741079418676;5355
3;1741079420825;5734
0;1741079421860;5427
1;1741079423219;5356
2;1741079423844;4690
3;1741079425837;5735
1;1741079426052;5357
0;1741079428275;5428
3;1741079430827;5736
0;1741079430963;5429
1;1741079431435;5358
2;1741079433235;4691
3;1741079435848;5737
0;1741079436180;5430
1;1741079438260;5359
3;1741079440825;5738
0;1741079440978;5431
3;1741079445833;5739
1;1741079445939;5360
0;1741079446692;5432
2;1741079448355;4692
3;1741079450824;5740
0;1741079451059;5433
2;1741079451619;4693
1;1741079453683;5361
3;1741079455831;5741
0;1741079456098;5434
2;1741079458898;4694
1;1741079459176;5362
3;1741079460823;5742
0;1741079461409;5435
2;1741079463121;4695
1;1741079463201;5363
3;1741079465832;5743
0;1741079466865;5436
3;1741079470871;5744
1;1741079471516;5364
0;1741079473137;5437
3;1741079475832;5745
0;1741079476176;5438
1;1741079476208;5365
3;1741079480822;5746
0;1741079481344;5439
2;1741079483088;4696
1;1741079483152;5366
3;1741079485830;5747
0;1741079485968;5440
1;1741079486672;5367
2;1741079488656;4697
3;1741079490900;5748
0;1741079490975;5441
2;1741079491247;4698
3;1741079495908;5749
1;1741079496012;5368
2;1741079496127;4699
0;1741079496431;5442
3;1741079500852;5750
1;1741079501215;5369
0;1741079501519;5443
2;1741079503119;4700
3;1741079505924;5751
0;1741079506094;5444
1;1741079508894;5370
2;1741079509182;4701
3;1741079510869;5752
2;1741079511246;4702
1;1741079511566;5371
0;1741079511870;5445
3;1741079515828;5753
0;1741079515950;5446
2;1741079516094;4703
1;1741079516270;5372
3;1741079520860;5754
1;1741079521040;5373
0;1741079521213;5447
2;1741079523293;4704
3;1741079525844;5755
0;1741079525933;5448
1;1741079526045;5374
2;1741079528237;4705
3;1741079530851;5756
0;1741079531245;5449
1;1741079533693;5375
2;1741079533885;4706
3;1741079535843;5757
0;1741079536285;5450
2;1741079537983;4707
1;1741079538988;5376
3;1741079540834;5758
2;1741079541212;4708
1;1741079544364;5377
3;1741079545873;5759
2;1741079546508;4709
0;1741079546908;5451
3;1741079550896;5760
0;1741079550998;5452
2;1741079551176;4710
1;1741079551597;5378
3;1741079555866;5761
0;1741079556091;5453
1;1741079556395;5379
3;1741079560833;5762
0;1741079561042;5454
3;1741079565825;5763
0;1741079566123;5455
1;1741079566459;5380
2;1741079569035;4711
3;1741079570832;5764
0;1741079570994;5456
1;1741079574074;5381
3;1741079575823;5765
2;1741079576236;4712
1;1741079578139;5382
3;1741079580938;5766
1;1741079581354;5383
0;1741079583098;5457
2;1741079583866;4713
3;1741079585823;5767
0;1741079586122;5458
2;1741079586521;4714
1;1741079588707;5384
3;1741079590863;5768
0;1741079590953;5459
1;1741079591225;5385
2;1741079593368;4715
3;1741079595823;5769
0;1741079596665;5460
1;1741079599145;5386
3;1741079600862;5770
1;1741079601129;5387
0;1741079601449;5461
2;1741079603944;4716
3;1741079605823;5771
2;1741079608104;4717
0;1741079608248;5462
3;1741079610845;5772
0;1741079610984;5463
2;1741079611160;4718
1;1741079613176;5388
3;1741079615868;5773
0;1741079615916;5464
2;1741079616040;4719
1;1741079616120;5389
3;1741079620830;5774
2;1741079621224;4720
0;1741079622936;5465
1;1741079623223;5390
3;1741079625838;5775
0;1741079626055;5466
1;1741079626231;5391
3;1741079630845;5776
1;1741079630920;5392
2;1741079631047;4721
0;1741079631175;5467
3;1741079635883;5777
0;1741079636071;5468
2;1741079636695;4722
1;1741079639014;5393
3;1741079640957;5778
1;1741079641133;5394
0;1741079641366;5469
2;1741079643270;4723
3;1741079645867;5779
0;1741079646134;5470
2;1741079648150;4724
1;1741079648774;5395
3;1741079650860;5780
0;1741079651302;5471
1;1741079653895;5396
3;1741079655862;5781
0;1741079656629;5472
1;1741079658981;5397
3;1741079660827;5782
0;1741079661253;5473
2;1741079663989;4725
3;1741079665836;5783
0;1741079666068;5474
1;1741079666757;5398
3;1741079670827;5784
0;1741079670980;5475
2;1741079673012;4726
3;1741079675862;5785
1;1741079676388;5399
2;1741079678836;4727
0;1741079679508;5476
3;1741079680827;5786
0;1741079680899;5477
2;1741079683108;4728
1;1741079683764;5400
3;1741079685866;5787
0;1741079686069;5478
2;1741079688659;4729
1;1741079689011;5401
3;1741079690826;5788
1;1741079693219;5402
0;1741079693747;5479
2;1741079693923;4730
3;1741079695832;5789
0;1741079696492;5480
1;1741079698291;5403
3;1741079700825;5790
0;1741079701202;5481
2;1741079701298;4731
1;1741079703650;5404
3;1741079705833;5791
2;1741079706162;4732
0;1741079708098;5482
1;1741079709090;5405
3;1741079710871;5792
2;1741079711008;4733
1;1741079711136;5406
0;1741079713170;5483
3;1741079715863;5793
2;1741079716369;4734
0;1741079716577;5484
1;1741079718834;5407
3;1741079720918;5794
1;1741079721105;5408
0;1741079721857;5485
2;1741079723522;4735
3;1741079725831;5795
1;1741079726082;5409
0;1741079726450;5486
2;1741079728417;4736
3;1741079730840;5796
0;1741079730964;5487
1;1741079731489;5410
2;1741079733200;4737
3;1741079735831;5797
0;1741079736032;5488
1;1741079736368;5411
2;1741079738352;4738
3;1741079740823;5798
0;1741079740961;5489
1;1741079743873;5412
3;1741079745829;5799
0;1741079746288;5490
1;1741079746448;5413
2;1741079748624;4739
3;1741079750822;5800
1;1741079751295;5414
0;1741079751951;5491
3;1741079755829;5801
0;1741079756079;5492
1;1741079756207;5415
2;1741079758127;4740
3;1741079760821;5802
0;1741079761119;5493
1;1741079763567;5416
2;1741079764047;4741
3;1741079765829;5803
0;1741079765952;5494
2;1741079766272;4742
1;1741079768239;5417
3;1741079770836;5804
0;1741079771166;5495
2;1741079773214;4743
3;1741079775829;5805
0;1741079776670;5496
2;1741079777070;4744
3;1741079780819;5806
1;1741079781560;5418
2;1741079783101;4745
0;1741079783886;5497
3;1741079785827;5807
0;1741079786142;5498
1;1741079789352;5419
3;1741079790868;5808
0;1741079791080;5499
3;1741079795873;5809
1;1741079798461;5420
3;1741079800867;5810
2;1741079801235;4746
0;1741079804109;5500
1;1741079804154;5421
3;1741079805827;5811
0;1741079806220;5501
2;1741079808172;4747
1;1741079808380;5422
3;1741079810833;5812
1;1741079810987;5423
0;1741079811083;5502
3;1741079815873;5813
0;1741079816445;5503
1;1741079816701;5424
2;1741079818118;4748
3;1741079820834;5814
1;1741079821227;5425
2;1741079823659;4749
3;1741079825874;5815
0;1741079826362;5504
1;1741079828234;5426
2;1741079829162;4750
3;1741079830831;5816
1;1741079831147;5427
0;1741079833194;5505
2;1741079833594;4751
3;1741079835824;5817
0;1741079836458;5506
3;1741079840832;5818
2;1741079843177;4752
0;1741079844185;5507
3;1741079845871;5819
2;1741079846233;4753
1;1741079849145;5428
3;1741079850858;5820
0;1741079851593;5508
1;1741079853193;5429
2;1741079853753;4754
3;1741079855875;5821
0;1741079856420;5509
3;1741079860878;5822
1;1741079861368;5430
0;1741079863368;5510
2;1741079863521;4755
3;1741079865822;5823
2;1741079865992;4756
1;1741079866436;5431
0;1741079868072;5511
3;1741079870862;5824
1;1741079871480;5432
0;1741079872920;5512
2;1741079873848;4757
3;1741079875869;5825
0;1741079875959;5513
2;1741079876254;4758
1;1741079879111;5433
3;1741079880860;5826
1;1741079880954;5434
0;1741079881328;5514
2;1741079884167;4759
3;1741079885836;5827
2;1741079886199;4760
1;1741079888871;5435
3;1741079890828;5828
0;1741079891351;5515
2;1741079893030;4761
1;1741079893159;5436
3;1741079895820;5829
1;1741079896487;5437
0;1741079896822;5516
2;1741079898294;4762
3;1741079900827;5830
1;1741079901195;5438
0;1741079901334;5517
3;1741079905883;5831
1;1741079905974;5439
0;1741079906534;5518
2;1741079908278;4763
3;1741079910827;5832
0;1741079911237;5519
1;1741079911256;5440
3;1741079915861;5833
0;1741079916053;5520
1;1741079919061;5441
3;1741079920828;5834
1;1741079921277;5442
0;1741079921589;5521
2;1741079923162;4764
3;1741079925862;5835
0;1741079925925;5522
1;1741079926213;5443
2;1741079928085;4765
3;1741079930826;5836
2;1741079931860;4766
1;1741079932244;5444
0;1741079932948;5523
3;1741079935850;5837
1;1741079936292;5445
0;1741079936372;5524
2;1741079938228;4767
3;1741079940870;5838
0;1741079941077;5525
1;1741079941523;5446
2;1741079943219;4768
3;1741079945866;5839
0;1741079946499;5526
2;1741079948083;4769
1;1741079948787;5447
3;1741079950857;5840
2;1741079951187;4770
1;1741079953251;5448
0;1741079953795;5527
3;1741079955865;5841
0;1741079955962;5528
2;1741079956131;4771
1;1741079956323;5449
3;1741079960872;5842
0;1741079961106;5529
1;1741079961250;5450
2;1741079963714;4772
3;1741079965831;5843
2;1741079968290;4773
1;1741079968674;5451
3;1741079970887;5844
0;1741079970898;5530
1;1741079971010;5452
2;1741079971186;4774
3;1741079975895;5845
0;1741079976609;5531
1;1741079978785;5453
3;1741079980838;5846
0;1741079983514;5532
2;1741079983889;4775
3;1741079985843;5847
0;1741079986033;5533
2;1741079988113;4776
1;1741079988337;5454
3;1741079990869;5848
1;1741079990928;5455
2;1741079992924;4777
3;1741079995909;5849
0;1741079996128;5534
1;1741079998912;5456
3;1741080000870;5850
0;1741080000944;5535
1;1741080001072;5457
2;1741080001298;4778
3;1741080007005;5851
1;1741080007135;5458
0;1741080007345;5536
2;1741080007440;4779
3;1741080010821;5852
0;1741080010959;5537
1;1741080011696;5459
2;1741080013295;4780
3;1741080015891;5853
0;1741080016079;5538
1;1741080019033;5460
3;1741080020869;5854
1;1741080021055;5461
0;1741080023183;5539
3;1741080025829;5855
0;1741080028254;5540
1;1741080029198;5462
3;1741080030867;5856
0;1741080030894;5541
1;1741080031070;5463
2;1741080033954;4781
3;1741080035901;5857
0;1741080035959;5542
2;1741080036314;4782
1;1741080036910;5464
3;1741080040914;5858
1;1741080041438;5465
2;1741080043149;4783
0;1741080043341;5543
3;1741080045832;5859
0;1741080045934;5544
1;1741080046772;5466
3;1741080050821;5860
2;1741080051885;4784
1;1741080053949;5467
3;1741080055902;5861
1;1741080055962;5468
2;1741080056077;4785
0;1741080056540;5545
3;1741080060909;5862
2;1741080060972;4786
1;1741080063436;5469
0;1741080064221;5546
3;1741080065824;5863
0;1741080065964;5547
2;1741080069036;4787
3;1741080070862;5864
1;1741080071163;5470
0;1741080071291;5548
2;1741080073243;4788
3;1741080075827;5865
1;1741080075963;5471
2;1741080078107;4789
0;1741080078363;5549
3;1741080080833;5866
1;1741080081003;5472
0;1741080081179;5550
3;1741080085840;5867
0;1741080085869;5551
2;1741080086011;4790
1;1741080086139;5473
3;1741080090944;5868
0;1741080091642;5552
1;1741080094330;5474
3;1741080095881;5869
2;1741080096058;4791
0;1741080096522;5553
1;1741080099130;5475
3;1741080100910;5870
0;1741080101259;5554
2;1741080104042;4792
3;1741080105855;5871
1;1741080106395;5476
0;1741080106987;5555
3;1741080110847;5872
0;1741080111740;5556
1;1741080113194;5477
3;1741080115823;5873
0;1741080118857;5557
1;1741080118969;5478
3;1741080120831;5874
0;1741080121528;5558
1;1741080121704;5479
2;1741080123288;4793
3;1741080125822;5875
1;1741080126120;5480
2;1741080128152;4794
0;1741080128264;5559
3;1741080130833;5876
1;1741080131097;5481
0;1741080131241;5560
2;1741080133162;4795
3;1741080135886;5877
0;1741080136393;5561
2;1741080138791;4796
1;1741080139527;5482
3;1741080140845;5878
0;1741080140903;5562
2;1741080141047;4797
1;1741080141335;5483
3;1741080145821;5879
1;1741080146455;5484
0;1741080146855;5563
3;1741080150876;5880
0;1741080150935;5564
1;1741080151047;5485
2;1741080151159;4798
3;1741080155834;5881
0;1741080155992;5565
1;1741080156391;5486
2;1741080158854;4799
3;1741080160845;5882
2;1741080161064;4800
1;1741080161128;5487
0;1741080164184;5566
3;1741080165852;5883
0;1741080165943;5567
1;1741080166304;5488
2;1741080168566;4801
3;1741080170844;5884
0;1741080170960;5568
2;1741080171605;4802
1;1741080171701;5489
3;1741080175851;5885
2;1741080176021;4803
1;1741080176341;5490
0;1741080176709;5569
3;1741080180826;5886
1;1741080183845;5491
0;1741080184533;5570
3;1741080185867;5887
0;1741080186197;5571
2;1741080187044;4804
1;1741080189012;5492
3;1741080190873;5888
0;1741080191444;5572
1;1741080194468;5493
3;1741080195849;5889
1;1741080196228;5494
0;1741080198996;5573
3;1741080200825;5890
0;1741080200899;5574
1;1741080201315;5495
3;1741080205865;5891
2;1741080205939;4805
0;1741080209107;5575
1;1741080209139;5496
3;1741080210825;5892
0;1741080211091;5576
1;1741080213347;5497
3;1741080215832;5893
1;1741080215891;5498
0;1741080216436;5577
2;1741080219324;4806
3;1741080220824;5894
1;1741080220946;5499
0;1741080221026;5578
3;1741080225832;5895
2;1741080226132;4807
1;1741080228227;5500
0;1741080228371;5579
3;1741080230870;5896
0;1741080231250;5580
1;1741080233842;5501
3;1741080235830;5897
2;1741080237969;4808
0;1741080238545;5581
1;1741080238785;5502
1;1741080240914;5503
3;1741080240924;5898
0;1741080241250;5582
3;1741080245830;5899
0;1741080245986;5583
1;1741080248242;5504
2;1741080249432;4809
3;1741080250821;5900
1;1741080251162;5505
0;1741080251729;5584
2;1741080253088;4810
3;1741080255847;5901
0;1741080255936;5585
2;1741080258320;4811
1;1741080258992;5506
3;1741080260837;5902
2;1741080260960;4812
0;1741080261024;5586
1;1741080261264;5507
3;1741080265828;5903
1;1741080266143;5508
0;1741080266320;5587
3;1741080270836;5904
0;1741080271007;5588
1;1741080271519;5509
3;1741080275878;5905
1;1741080276111;5510
0;1741080276175;5589
2;1741080279055;4813
3;1741080280852;5906
0;1741080280927;5590
1;1741080281023;5511
2;1741080283806;4814
3;1741080285861;5907
2;1741080285966;4815
1;1741080288878;5512
0;1741080289983;5591
3;1741080290894;5908
0;1741080291023;5592
2;1741080293023;4816
1;1741080294015;5513
3;1741080295877;5909
1;1741080296046;5514
0;1741080297231;5593
2;1741080298255;4817
3;1741080300836;5910
0;1741080301167;5594
1;1741080303183;5515
3;1741080305842;5911
0;1741080305869;5595
2;1741080306093;4818
1;1741080306189;5516
3;1741080310866;5912
0;1741080310904;5596
2;1741080311006;4819
1;1741080311374;5517
3;1741080315845;5913
0;1741080316190;5597
1;1741080317998;5518
3;1741080320833;5914
1;1741080320989;5519
0;1741080321740;5598
3;1741080325829;5915
0;1741080325948;5599
1;1741080328971;5520
3;1741080330865;5916
0;1741080330923;5600
1;1741080331228;5521
2;1741080333275;4820
3;1741080335840;5917
2;1741080336475;4821
0;1741080336571;5601
1;1741080337963;5522
3;1741080340865;5918
0;1741080341180;5602
2;1741080343227;4822
1;1741080344715;5523
3;1741080345899;5919
1;1741080345914;5524
2;1741080346101;4823
0;1741080346310;5603
3;1741080350881;5920
0;1741080350954;5604
1;1741080351098;5525
2;1741080351371;4824
3;1741080355840;5921
0;1741080355914;5605
1;1741080356042;5526
2;1741080356138;4825
3;1741080360832;5922
1;1741080360948;5527
0;1741080361434;5606
3;1741080365823;5923
1;1741080366041;5528
0;1741080366409;5607
3;1741080370907;5924
0;1741080371001;5608
1;1741080371214;5529
3;1741080375855;5925
0;1741080375945;5609
1;1741080376201;5530
2;1741080378248;4826
3;1741080380831;5926
0;1741080381065;5610
2;1741080381641;4827
1;1741080383192;5531
3;1741080385822;5927
0;1741080386008;5611
1;1741080386152;5532
2;1741080388104;4828
3;1741080390830;5928
2;1741080391241;4829
0;1741080391704;5612
1;1741080394552;5533
3;1741080395885;5929
1;1741080395975;5534
0;1741080396471;5613
2;1741080397911;4830
3;1741080400829;5930
2;1741080401239;4831
1;1741080404135;5535
3;1741080405872;5931
1;1741080406247;5536
2;1741080406343;4832
0;1741080406503;5614
3;1741080410829;5932
2;1741080413206;4833
0;1741080413478;5615
1;1741080413670;5537
3;1741080415852;5933
0;1741080416006;5616
1;1741080416582;5538
2;1741080418470;4834
3;1741080420891;5934
0;1741080420966;5617
2;1741080421126;4835
1;1741080424134;5539
3;1741080425882;5935
0;1741080426133;5618
1;1741080426278;5540
2;1741080429014;4836
3;1741080430845;5936
0;1741080431094;5619
1;1741080431846;5541
3;1741080435819;5937
0;1741080436406;5620
1;1741080436775;5542
2;1741080438181;4837
3;1741080440827;5938
0;1741080441046;5621
1;1741080443053;5543
3;1741080445835;5939
2;1741080446390;4838
0;1741080448134;5622
1;1741080448390;5544
3;1741080450935;5940
0;1741080451365;5623
1;1741080453189;5545
3;1741080455835;5941
2;1741080456116;4839
0;1741080456292;5624
1;1741080458596;5546
3;1741080460921;5942
1;1741080461044;5547
0;1741080463123;5625
3;1741080465832;5943
0;1741080466115;5626
1;1741080466275;5548
2;1741080468291;4840
3;1741080470858;5944
0;1741080470979;5627
2;1741080471108;4841
1;1741080474035;5549
3;1741080475865;5945
0;1741080475907;5628
1;1741080476297;5550
2;1741080478994;4842
3;1741080480904;5946
1;1741080480931;5551
2;1741080481010;4843
0;1741080481219;5629
3;1741080485830;5947
0;1741080485986;5630
1;1741080486290;5552
3;1741080490844;5948
1;1741080491010;5553
0;1741080491282;5631
2;1741080493618;4844
3;1741080495847;5949
0;1741080496006;5632
1;1741080496369;5554
2;1741080498097;4845
3;1741080500885;5950
0;1741080500929;5633
2;1741080501073;4846
1;1741080501297;5555
3;1741080505849;5951
2;1741080506209;4847
0;1741080508193;5634
1;1741080508977;5556
3;1741080510837;5952
1;1741080511457;5557
0;1741080514480;5635
3;1741080515830;5953
1;1741080516188;5558
0;1741080516832;5636
3;1741080520866;5954
0;1741080520992;5637
1;1741080521120;5559
3;1741080525909;5955
2;1741080525967;4848
1;1741080526000;5560
0;1741080526192;5638
3;1741080530916;5956
1;1741080530956;5561
0;1741080531279;5639
2;1741080531711;4849
3;1741080535829;5957
1;1741080536031;5562
0;1741080536415;5640
3;1741080540836;5958
2;1741080540927;4850
1;1741080541118;5563
0;1741080541224;5641
3;1741080545880;5959
0;1741080546014;5642
2;1741080548178;4851
1;1741080549200;5564
3;1741080550836;5960
0;1741080550910;5643
1;1741080551269;5565
2;1741080552254;4852
3;1741080555907;5961
1;1741080555989;5566
0;1741080556334;5644
2;1741080556552;4853
3;1741080560836;5962
2;1741080561405;4854
0;1741080561613;5645
1;1741080565005;5567
3;1741080565827;5963
0;1741080568269;5646
1;1741080568605;5568
2;1741080568893;4855
3;1741080570867;5964
2;1741080571101;4856
1;1741080573902;5569
0;1741080574111;5647
3;1741080575873;5965
1;1741080578349;5570
2;1741080579037;4857
3;1741080580880;5966
0;1741080581788;5648
2;1741080583852;4858
1;1741080584172;5571
3;1741080585844;5967
0;1741080585916;5649
2;1741080586236;4859
1;1741080586316;5572
3;1741080590833;5968
1;1741080590988;5573
0;1741080591612;5650
3;1741080595920;5969
1;1741080596027;5574
2;1741080596476;4860
0;1741080596924;5651
3;1741080600832;5970
1;1741080600987;5575
0;1741080601291;5652
3;1741080605841;5971
0;1741080605878;5653
1;1741080605988;5576
2;1741080606092;4861
3;1741080610912;5972
1;1741080610956;5577
0;1741080611084;5654
2;1741080611404;4862
3;1741080615840;5973
0;1741080615877;5655
1;1741080616010;5578
2;1741080616410;4863
3;1741080620867;5974
1;1741080620928;5579
2;1741080620970;4864
0;1741080622153;5656
3;1741080625823;5975
1;1741080629146;5580
0;1741080629753;5657
3;1741080630832;5976
1;1741080633177;5581
2;1741080633196;4865
0;1741080633305;5658
3;1741080635839;5977
0;1741080636020;5659
1;1741080636185;5582
3;1741080640878;5978
0;1741080640905;5660
1;1741080641450;5583
2;1741080641556;4866
3;1741080645870;5979
0;1741080646074;5661
1;1741080646202;5584
2;1741080646633;4867
3;1741080650830;5980
0;1741080651160;5662
2;1741080653114;4868
1;1741080654216;5585
3;1741080655880;5981
0;1741080655929;5663
1;1741080656472;5586
3;1741080660860;5982
0;1741080661191;5664
2;1741080661607;4869
1;1741080664519;5587
3;1741080665932;5983
0;1741080666119;5665
1;1741080668855;5588
3;1741080670878;5984
2;1741080670973;4870
1;1741080671207;5589
0;1741080671367;5666
3;1741080675900;5985
1;1741080676086;5590
0;1741080676198;5667
2;1741080676502;4871
3;1741080680845;5986
2;1741080681254;4872
0;1741080682966;5668
1;1741080683110;5591
3;1741080685836;5987
0;1741080686311;5669
1;1741080689110;5592
3;1741080690843;5988
0;1741080691141;5670
2;1741080691461;4873
1;1741080693029;5593
3;1741080695866;5989
0;1741080695957;5671
1;1741080696187;5594
2;1741080699157;4874
3;1741080700826;5990
1;1741080701045;5595
0;1741080701653;5672
3;1741080705833;5991
2;1741080706341;4875
0;1741080708932;5673
1;1741080709092;5596
3;1741080710885;5992
0;1741080710932;5674
1;1741080711108;5597
2;1741080711236;4876
3;1741080715850;5993
0;1741080716180;5675
2;1741080716372;4877
1;1741080719380;5598
3;1741080720856;5994
0;1741080720899;5676
2;1741080721044;4878
1;1741080721173;5599
3;1741080725858;5995
0;1741080726035;5677
2;1741080728892;4879
1;1741080729491;5600
3;1741080730841;5996
2;1741080731098;4880
1;1741080733956;5601
3;1741080735833;5997
0;1741080736884;5678
1;1741080739268;5602
3;1741080740841;5998
1;1741080740980;5603
0;1741080741172;5679
3;1741080745864;5999
0;1741080746018;5680
1;1741080748722;5604
3;1741080750887;6000
1;1741080753473;5605
2;1741080753809;4881
0;1741080754467;5681
3;1741080755876;6001
0;1741080755969;5682
1;1741080756193;5606
2;1741080756305;4882
3;1741080760839;6002
0;1741080761105;5683
2;1741080763809;4883
1;1741080764225;5607
3;1741080765831;6003
1;1741080766017;5608
0;1741080766113;5684
2;1741080768609;4884
3;1741080770870;6004
0;1741080770949;5685
2;1741080771137;4885
1;1741080771329;5609
3;1741080775830;6005
0;1741080776128;5686
2;1741080776352;4886
1;1741080779521;5610
3;1741080780822;6006
0;1741080780928;5687
2;1741080783104;4887
1;1741080783248;5611
3;1741080785893;6007
0;1741080785919;5688
2;1741080786079;4888
1;1741080789199;5612
3;1741080790837;6008
0;1741080791087;5689
1;1741080791183;5613
3;1741080795829;6009
0;1741080796256;5690
1;1741080796448;5614
2;1741080798785;4889
3;1741080800947;6010
0;1741080801070;5691
1;1741080801151;5615
2;1741080803836;4890
3;1741080805828;6011
0;1741080807984;5692
3;1741080810819;6012
1;1741080811054;5616
0;1741080811166;5693
2;1741080814478;4891
3;1741080815828;6013
1;1741080816030;5617
0;1741080816318;5694
3;1741080820819;6014
0;1741080820973;5695
1;1741080821518;5618
2;1741080823613;4892
3;1741080825842;6015
0;1741080825917;5696
1;1741080825981;5619
2;1741080828429;4893
3;1741080830866;6016
1;1741080831149;5620
0;1741080831821;5697
3;1741080835826;6017
0;1741080836140;5698
2;1741080836236;4894
1;1741080838956;5621
3;1741080840850;6018
0;1741080841020;5699
2;1741080841372;4895
1;1741080841564;5622
3;1741080845921;6019
0;1741080845979;5700
1;1741080846316;5623
3;1741080850832;6020
0;1741080851003;5701
1;1741080854187;5624
3;1741080855905;6021
0;1741080855915;5702
1;1741080856155;5625
2;1741080856683;4896
3;1741080860833;6022
1;1741080861327;5626
0;1741080864075;5703
3;1741080865825;6023
0;1741080866164;5704
2;1741080868090;4897
1;1741080868810;5627
3;1741080870832;6024
2;1741080870980;4898
1;1741080872970;5628
0;1741080874026;5705
3;1741080875824;6025
0;1741080876138;5706
1;1741080878858;5629
3;1741080880847;6026
0;1741080880922;5707
2;1741080881034;4899
1;1741080881177;5630
3;1741080885838;6027
1;1741080886140;5631
0;1741080886361;5708
2;1741080888281;4900
3;1741080890863;6028
0;1741080891017;5709
1;1741080891385;5632
3;1741080895823;6029
0;1741080896138;5710
1;1741080896378;5633
2;1741080898458;4901
3;1741080900862;6030
0;1741080900964;5711
1;1741080901138;5634
2;1741080901304;4902
3;1741080905823;6031
2;1741080906376;4903
0;1741080908532;5712
1;1741080909080;5635
3;1741080910877;6032
0;1741080911080;5713
2;1741080911384;4904
3;1741080915917;6033
0;1741080916169;5714
1;1741080916601;5636
3;1741080920878;6034
0;1741080920935;5715
1;1741080921752;5637
3;1741080925820;6035
0;1741080925943;5716
2;1741080926183;4905
1;1741080928519;5638
3;1741080930860;6036
0;1741080931351;5717
1;1741080931895;5639
2;1741080933915;4906
3;1741080935868;6037
2;1741080937942;4907
0;1741080938503;5718
3;1741080940875;6038
0;1741080941160;5719
2;1741080943990;4908
1;1741080944166;5640
3;1741080945854;6039
0;1741080945942;5720
1;1741080946038;5641
2;1741080946342;4909
3;1741080950844;6040
2;1741080951111;4910
0;1741080954118;5721
1;1741080954326;5642
3;1741080955834;6041
0;1741080955873;5722
2;1741080956085;4911
1;1741080956278;5643
3;1741080960827;6042
0;1741080961173;5723
1;1741080963557;5644
2;1741080963925;4912
3;1741080965836;6043
0;1741080966260;5724
2;1741080966373;4913
1;1741080969290;5645
3;1741080970877;6044
0;1741080971114;5725
1;1741080971700;5646
3;1741080975849;6045
0;1741080975956;5726
3;1741080980872;6046
0;1741080980912;5727
1;1741080981939;5647
2;1741080982979;4914
3;1741080985864;6047
0;1741080985939;5728
2;1741080986035;4915
1;1741080989219;5648
3;1741080990839;6048
0;1741080990931;5729
1;1741080991251;5649
2;1741080991554;4916
3;1741080995831;6049
1;1741080996403;5650
0;1741080996787;5730
3;1741081000872;6050
0;1741081001026;5731
1;1741081001090;5651
2;1741081001362;4917
3;1741081005863;6051
0;1741081006194;5732
1;1741081006370;5652
2;1741081008178;4918
3;1741081010822;6052
2;1741081011009;4919
0;1741081011281;5733
1;1741081014545;5653
3;1741081015845;6053
1;1741081015923;5654
2;1741081016033;4920
0;1741081016225;5734
3;1741081020871;6054
0;1741081020945;5735
1;1741081021249;5655
2;1741081021600;4921
3;1741081025921;6055
0;1741081025988;5736
2;1741081026192;4922
1;1741081029857;5656
3;1741081030865;6056
0;1741081030928;5737
2;1741081031072;4923
1;1741081031616;5657
3;1741081035829;6057
1;1741081037936;5658
2;1741081038960;4924
3;1741081040837;6058
1;1741081041264;5659
0;1741081041420;5738
3;1741081045846;6059
0;1741081046175;5739
1;1741081049231;5660
3;1741081050853;6060
0;1741081050975;5740
1;1741081051151;5661
2;1741081053439;4925
3;1741081055861;6061
0;1741081056063;5741
2;1741081056075;4926
1;1741081056174;5662
3;1741081060836;6062
1;1741081060911;5663
0;1741081061136;5742
2;1741081063967;4927
3;1741081065829;6063
1;1741081066014;5664
0;1741081066478;5743
3;1741081070836;6064
0;1741081070873;5744
1;1741081071199;5665
2;1741081071359;4928
3;1741081075833;6065
1;1741081076014;5666
0;1741081076158;5745
2;1741081078174;4929
3;1741081080851;6066
0;1741081080957;5746
1;1741081083133;5667
3;1741081085842;6067
0;1741081086189;5747
1;1741081086397;5668
2;1741081086861;4930
3;1741081090866;6068
0;1741081091088;5748
1;1741081091629;5669
3;1741081095847;6069
0;1741081096497;5749
2;1741081097244;4931
1;1741081098876;5670
3;1741081100834;6070
1;1741081101084;5671
0;1741081101196;5750
2;1741081103996;4932
3;1741081105826;6071
0;1741081106012;5751
1;1741081108860;5672
2;1741081108988;4933
3;1741081110942;6072
2;1741081111047;4934
1;1741081111339;5673
0;1741081111453;5752
3;1741081115836;6073
0;1741081116283;5753
2;1741081118283;4935
1;1741081118571;5674
3;1741081120833;6074
1;1741081121035;5675
0;1741081121899;5754
2;1741081123963;4936
3;1741081125872;6075
0;1741081125947;5755
2;1741081126138;4937
1;1741081129242;5676
3;1741081130847;6076
0;1741081130945;5756
1;1741081131042;5677
2;1741081131370;4938
3;1741081135920;6077
0;1741081136523;5757
1;1741081138265;5678
2;1741081139226;4939
3;1741081140831;6078
2;1741081141065;4940
0;1741081144011;5758
1;1741081144331;5679
3;1741081145823;6079
2;1741081146154;4941
0;1741081149082;5759
1;1741081149242;5680
3;1741081150986;6080
2;1741081151305;4942
0;1741081151993;5760
3;1741081155822;6081
0;1741081155976;5761
1;1741081158361;5681
3;1741081160858;6082
2;1741081161176;4943
1;1741081161192;5682
0;1741081161400;5762
3;1741081165822;6083
0;1741081166056;5763
1;1741081166760;5683
3;1741081170894;6084
0;1741081171048;5764
2;1741081171144;4944
1;1741081172967;5684
3;1741081175821;6085
0;1741081176615;5765
1;1741081178683;5685
2;1741081178871;4945
3;1741081180844;6086
0;1741081180903;5766
1;1741081181047;5686
2;1741081181159;4946
3;1741081185862;6087
2;1741081186135;4947
0;1741081186617;5767
1;1741081189450;5687
3;1741081190845;6088
0;1741081190886;5768
2;1741081191060;4948
1;1741081191174;5688
3;1741081195838;6089
0;1741081195894;5769
2;1741081196088;4949
1;1741081196231;5689
3;1741081200843;6090
0;1741081201048;5770
2;1741081201591;4950
1;1741081203959;5690
3;1741081205901;6091
0;1741081205924;5771
1;1741081206032;5691
3;1741081210907;6092
0;1741081211205;5772
1;1741081211765;5692
2;1741081212149;4951
3;1741081215931;6093
0;1741081216021;5773
1;1741081216149;5693
3;1741081220826;6094
0;1741081224068;5774
1;1741081224340;5694
3;1741081225865;6095
1;1741081226205;5695
0;1741081226452;5775
2;1741081228148;4952
3;1741081230873;6096
1;1741081231012;5696
0;1741081231157;5776
2;1741081231269;4953
3;1741081235913;6097
0;1741081236244;5777
1;1741081238580;5697
3;1741081240889;6098
1;1741081241091;5698
2;1741081243667;4954
0;1741081244323;5778
3;1741081245832;6099
0;1741081246451;5779
1;1741081247955;5699
2;1741081249331;4955
3;1741081250841;6100
0;1741081251219;5780
1;1741081253180;5700
2;1741081253970;4956
3;1741081255922;6101
1;1741081256082;5701
2;1741081256386;4957
0;1741081258468;5781
3;1741081260951;6102
1;1741081261090;5702
0;1741081261810;5782
2;1741081263746;4958
3;1741081265832;6103
0;1741081266595;5783
1;1741081266755;5703
3;1741081270855;6104
0;1741081270882;5784
2;1741081271009;4959
1;1741081271121;5704
3;1741081275847;6105
0;1741081276017;5785
1;1741081278226;5705
2;1741081279026;4960
3;1741081280823;6106
2;1741081283137;4961
0;1741081283249;5786
3;1741081285832;6107
0;1741081286065;5787
1;1741081289681;5706
3;1741081290902;6108
1;1741081290932;5707
0;1741081291088;5788
2;1741081293643;4962
3;1741081295829;6109
0;1741081296032;5789
2;1741081296208;4963
1;1741081298816;5708
3;1741081300870;6110
0;1741081300898;5790
1;1741081301120;5709
2;1741081301237;4964
3;1741081305921;6111
0;1741081305967;5791
1;1741081308239;5710
2;1741081308991;4965
3;1741081310877;6112
2;1741081311007;4966
0;1741081314415;5792
3;1741081315844;6113
0;1741081316047;5793
1;1741081316735;5711
3;1741081320821;6114
0;1741081320942;5794
2;1741081322878;4967
3;1741081325828;6115
0;1741081325950;5795
1;1741081326304;5712
2;1741081328126;4968
3;1741081330836;6116
0;1741081330942;5796
2;1741081331998;4969
1;1741081334239;5713
3;1741081335922;6117
0;1741081336318;5797
2;1741081338240;4970
1;1741081339086;5714
3;1741081340835;6118
1;1741081341165;5715
0;1741081341408;5798
2;1741081344141;4971
3;1741081345874;6119
0;1741081345912;5799
1;1741081346176;5716
2;1741081348477;4972
3;1741081350866;6120
1;1741081351500;5717
0;1741081351901;5800
2;1741081353100;4973
3;1741081355841;6121
0;1741081355869;5801
1;1741081356188;5718
2;1741081358748;4974
3;1741081360866;6122
2;1741081361142;4975
1;1741081363324;5719
3;1741081365841;6123
0;1741081365920;5802
1;1741081366299;5720
2;1741081369227;4976
3;1741081370849;6124
0;1741081370989;5803
1;1741081371684;5721
3;1741081375825;6125
0;1741081376008;5804
1;1741081378234;5722
3;1741081380833;6126
2;1741081381129;4977
0;1741081381371;5805
1;1741081384378;5723
3;1741081385840;6127
0;1741081385926;5806
2;1741081385994;4978
1;1741081386170;5724
3;1741081390905;6128
0;1741081391005;5807
1;1741081391355;5725
2;1741081393339;4979
3;1741081395823;6129
0;1741081396427;5808
1;1741081398827;5726
3;1741081400974;6130
1;1741081401499;5727
2;1741081403834;4980
0;1741081404394;5809
3;1741081405870;6131
1;1741081406009;5728
0;1741081406201;5810
2;1741081408472;4981
3;1741081410943;6132
0;1741081411033;5811
1;1741081411256;5729
2;1741081413272;4982
3;1741081415853;6133
0;1741081415918;5812
2;1741081418920;4983
1;1741081419160;5730
3;1741081420857;6134
2;1741081421784;4984
0;1741081424376;5813
1;1741081424616;5731
3;1741081425821;6135
0;1741081425880;5814
2;1741081426408;4985
1;1741081428071;5732
3;1741081430830;6136
0;1741081430951;5815
1;1741081433975;5733
3;1741081435837;6137
0;1741081435863;5816
1;1741081435975;5734
2;1741081436055;4986
3;1741081440829;6138
0;1741081441912;5817
1;1741081443766;5735
2;1741081443864;4987
3;1741081445869;6139
0;1741081445991;5818
1;1741081446088;5736
2;1741081446232;4988
3;1741081450844;6140
0;1741081451006;5819
1;1741081451254;5737
2;1741081453655;4989
3;1741081455819;6141
0;1741081456068;5820
2;1741081456518;4990
1;1741081458870;5738
3;1741081460826;6142
0;1741081460998;5821
2;1741081461317;4991
1;1741081464102;5739
3;1741081465834;6143
0;1741081465877;5822
1;1741081466079;5740
2;1741081468213;4992
3;1741081470843;6144
0;1741081470981;5823
1;1741081471429;5741
2;1741081473909;4993
3;1741081475862;6145
2;1741081476740;4994
0;1741081476758;5824
1;1741081479220;5742
3;1741081480873;6146
0;1741081480884;5825
2;1741081481156;4995
1;1741081481348;5743
3;1741081485866;6147
1;1741081486037;5744
0;1741081486196;5826
2;1741081488084;4996
3;1741081490827;6148
2;1741081490916;4997
0;1741081491828;5827
1;1741081493776;5745
3;1741081495861;6149
1;1741081496034;5746
0;1741081496163;5828
3;1741081500825;6150
2;1741081501107;4998
0;1741081501235;5829
1;1741081504035;5747
3;1741081505833;6151
0;1741081505868;5830
1;1741081506082;5748
2;1741081508131;4999
3;1741081510824;6152
1;1741081511058;5749
0;1741081511282;5831
2;1741081514066;5000
3;1741081515866;6153
2;1741081516146;5001
0;1741081516274;5832
1;1741081519138;5750
3;1741081520840;6154
2;1741081521060;5002
0;1741081521426;5833
1;1741081524178;5751
3;1741081525880;6155
1;1741081526498;5752
2;1741081527955;5003
0;1741081529271;5834
3;1741081530823;6156
0;1741081530961;5835
1;1741081531297;5753
3;1741081535830;6157
1;1741081536017;5754
0;1741081536177;5836
2;1741081538897;5004
3;1741081540823;6158
0;1741081541345;5837
2;1741081543280;5005
1;1741081543873;5755
3;1741081545903;6159
1;1741081546032;5756
0;1741081546240;5838
2;1741081548816;5006
0;1741081550992;5839
3;1741081551002;6160
1;1741081551872;5757
2;1741081553904;5007
3;1741081555908;6161
1;1741081555936;5758
2;1741081556076;5008
0;1741081556224;5840
3;1741081560821;6162
2;1741081561104;5009
1;1741081563007;5759
0;1741081564367;5841
3;1741081565846;6163
0;1741081565939;5842
2;1741081566031;5010
1;1741081566319;5760
3;1741081570853;6164
2;1741081571247;5011
0;1741081571440;5843
1;1741081574583;5761
3;1741081575845;6165
0;1741081575887;5844
1;1741081576159;5762
2;1741081576190;5012
3;1741081580852;6166
0;1741081580926;5845
1;1741081581099;5763
2;1741081581214;5013
3;1741081585891;6167
1;1741081588302;5764
3;1741081590834;6168
0;1741081591006;5846
1;1741081591223;5765
2;1741081594029;5014
3;1741081595875;6169
1;1741081595941;5766
2;1741081596013;5015
0;1741081596269;5847
3;1741081600833;6170
0;1741081600957;5848
2;1741081601197;5016
1;1741081603895;5767
3;1741081605826;6171
1;1741081606173;5768
0;1741081606781;5849
2;1741081608252;5017
3;1741081610865;6172
0;1741081611007;5850
2;1741081611404;5018
1;1741081613980;5769
3;1741081615825;6173
2;1741081616044;5019
0;1741081618237;5851
1;1741081618925;5770
3;1741081620861;6174
0;1741081621365;5852
2;1741081621602;5020
1;1741081623949;5771
3;1741081625857;6175
0;1741081628171;5853
2;1741081629004;5021
1;1741081629339;5772
3;1741081630897;6176
2;1741081631067;5022
3;1741081635839;6177
2;1741081636197;5023
0;1741081636684;5854
3;1741081640847;6178
0;1741081640890;5855
1;1741081641084;5773
2;1741081641212;5024
3;1741081645837;6179
0;1741081645947;5856
1;1741081646714;5774
2;1741081648766;5025
3;1741081650847;6180
0;1741081650954;5857
1;1741081653290;5775
3;1741081655822;6181
1;1741081658019;5776
0;1741081658313;5858
3;1741081660863;6182
0;1741081661209;5859
2;1741081661385;5026
1;1741081661498;5777
3;1741081665854;6183
0;1741081666009;5860
2;1741081666137;5027
1;1741081666345;5778
3;1741081670833;6184
2;1741081671209;5028
0;1741081673113;5861
1;1741081674089;5779
3;1741081675919;6185
0;1741081675992;5862
1;1741081676184;5780
3;1741081680862;6186
2;1741081680984;5029
1;1741081681141;5781
0;1741081681896;5863
3;1741081685885;6187
0;1741081686399;5864
1;1741081686665;5782
3;1741081690862;6188
0;1741081690951;5865
1;1741081691191;5783
2;1741081693191;5030
3;1741081695822;6189
2;1741081696199;5031
0;1741081698279;5866
1;1741081699111;5784
3;1741081700862;6190
0;1741081700873;5867
1;1741081700983;5785
2;1741081703238;5032
3;1741081705870;6191
0;1741081705975;5868
2;1741081706470;5033
1;1741081709062;5786
3;1741081710908;6192
2;1741081711031;5034
0;1741081713271;5869
1;1741081713911;5787
3;1741081715861;6193
1;1741081716326;5788
0;1741081718981;5870
3;1741081720873;6194
0;1741081720981;5871
2;1741081723045;5035
1;1741081723189;5789
3;1741081725836;6195
0;1741081725901;5872
1;1741081726037;5790
2;1741081726247;5036
3;1741081730828;6196
0;1741081730997;5873
1;1741081731493;5791
3;1741081735834;6197
0;1741081735963;5874
2;1741081738500;5037
1;1741081738836;5792
3;1741081740874;6198
0;1741081741005;5875
1;1741081741348;5793
3;1741081745917;6199
1;1741081746276;5794
0;1741081747924;5876
2;1741081748900;5038
3;1741081750842;6200
0;1741081751044;5877
1;1741081751397;5795
3;1741081755866;6201
0;1741081755901;5878
1;1741081756115;5796
2;1741081758259;5039
3;1741081760825;6202
0;1741081761059;5879
2;1741081763683;5040
1;1741081764163;5797
3;1741081765882;6203
0;1741081765955;5880
1;1741081766024;5798
3;1741081770872;6204
0;1741081771186;5881
2;1741081771331;5041
1;1741081774322;5799
3;1741081775863;6205
0;1741081775954;5882
1;1741081776290;5800
2;1741081776386;5042
3;1741081780871;6206
0;1741081781219;5883
2;1741081783171;5043
1;1741081784131;5801
3;1741081785847;6207
1;1741081786098;5802
0;1741081786322;5884
3;1741081790838;6208
0;1741081790881;5885
1;1741081791105;5803
2;1741081793201;5044
3;1741081795832;6209
0;1741081796001;5886
1;1741081796129;5804
3;1741081800871;6210
0;1741081800992;5887
1;1741081803200;5805
3;1741081805831;6211
1;1741081806032;5806
0;1741081806896;5888
3;1741081810822;6212
2;1741081811162;5045
0;1741081813168;5889
3;1741081815894;6213
0;1741081815983;5890
2;1741081816143;5046
1;1741081818911;5807
3;1741081820853;6214
2;1741081820927;5047
0;1741081821055;5891
1;1741081821183;5808
3;1741081825845;6215
0;1741081826031;5892
1;1741081826287;5809
2;1741081828607;5048
3;1741081830854;6216
0;1741081830991;5893
1;1741081833183;5810
2;1741081834159;5049
3;1741081835890;6217
0;1741081835923;5894
1;1741081836030;5811
2;1741081836222;5050
3;1741081840869;6218
0;1741081840974;5895
1;1741081841246;5812
2;1741081841918;5051
3;1741081845843;6219
0;1741081845946;5896
1;1741081846094;5813
3;1741081850835;6220
2;1741081853069;5052
0;1741081853277;5897
1;1741081854071;5814
3;1741081855828;6221
0;1741081855885;5898
1;1741081856157;5815
2;1741081859149;5053
3;1741081860898;6222
2;1741081861101;5054
0;1741081861149;5899
1;1741081863869;5816
3;1741081865842;6223
0;1741081865997;5900
1;1741081866205;5817
2;1741081866493;5055
3;1741081870866;6224
0;1741081870924;5901
2;1741081871100;5056
1;1741081871388;5818
3;1741081875888;6225
0;1741081875932;5902
2;1741081876140;5057
1;1741081878236;5819
3;1741081880912;6226
0;1741081881212;5903
1;1741081883819;5820
3;1741081885890;6227
0;1741081885927;5904
1;1741081886201;5821
2;1741081888187;5058
3;1741081890945;6228
0;1741081891003;5905
1;1741081891104;5822
2;1741081893211;5059
3;1741081895841;6229
0;1741081895915;5906
1;1741081895979;5823
3;1741081900849;6230
0;1741081900906;5907
1;1741081901083;5824
2;1741081901146;5060
3;1741081905839;6231
0;1741081905978;5908
1;1741081906044;5825
3;1741081910834;6232
1;1741081911002;5826
0;1741081911162;5909
2;1741081913994;5061
3;1741081915951;6233
1;1741081916091;5827
0;1741081917116;5910
2;1741081918490;5062
3;1741081920833;6234
0;1741081921114;5911
1;1741081924282;5828
2;1741081924362;5063
3;1741081925839;6235
1;1741081926009;5829
0;1741081926217;5912
2;1741081926553;5064
3;1741081930847;6236
0;1741081930872;5913
1;1741081931048;5830
3;1741081935838;6237
0;1741081935976;5914
1;1741081936120;5831
2;1741081936280;5065
3;1741081940865;6238
0;1741081940968;5915
1;1741081941189;5832
2;1741081942968;5066
3;1741081945821;6239
2;1741081946455;5067
1;1741081948872;5833
0;1741081948952;5916
3;1741081950860;6240
0;1741081950941;5917
1;1741081950999;5834
2;1741081951527;5068
3;1741081955836;6241
0;1741081955879;5918
1;1741081956103;5835
2;1741081956263;5069
3;1741081960844;6242
0;1741081961143;5919
1;1741081964071;5836
3;1741081965836;6243
0;1741081966041;5920
2;1741081968216;5070
1;1741081968952;5837
3;1741081970828;6244
0;1741081971254;5921
2;1741081971542;5071
1;1741081974630;5838
3;1741081975836;6245
0;1741081976247;5922
2;1741081979191;5072
3;1741081980860;6246
0;1741081980946;5923
2;1741081981045;5073
1;1741081981173;5839
3;1741081985837;6247
1;1741081988086;5840
3;1741081990844;6248
0;1741081991382;5924
2;1741081993078;5074
1;1741081993334;5841
3;1741081995834;6249
0;1741081996030;5925
2;1741081998308;5075
1;1741081998773;5842
3;1741082000828;6250
1;1741082001028;5843
0;1741082001332;5926
3;1741082005865;6251
0;1741082005903;5927
2;1741082006004;5076
1;1741082006371;5844
3;1741082010825;6252
1;1741082010963;5845
2;1741082013123;5077
3;1741082015833;6253
0;1741082016291;5928
1;1741082016308;5846
3;1741082020840;6254
0;1741082020947;5929
1;1741082021091;5847
2;1741082021203;5078
3;1741082025832;6255
1;1741082028484;5848
2;1741082028916;5079
3;1741082030839;6256
0;1741082030930;5930
1;1741082031058;5849
2;1741082031170;5080
3;1741082035831;6257
0;1741082036194;5931
2;1741082039442;5081
1;1741082039746;5850
3;1741082040823;6258
0;1741082043387;5932
1;1741082044169;5851
3;1741082045845;6259
0;1741082046000;5933
2;1741082046625;5082
1;1741082049969;5852
3;1741082050838;6260
0;1741082051351;5934
2;1741082052921;5083
1;1741082054097;5853
3;1741082055833;6261
1;1741082055914;5854
0;1741082056625;5935
3;1741082060932;6262
0;1741082061072;5936
1;1741082061744;5855
3;1741082065878;6263
1;1741082065968;5856
0;1741082066240;5937
3;1741082070821;6264
0;1741082071056;5938
2;1741082073072;5084
1;1741082073184;5857
3;1741082075892;6265
0;1741082076127;5939
1;1741082076335;5858
3;1741082080838;6266
0;1741082080928;5940
1;1741082081265;5859
2;1741082083196;5085
3;1741082085875;6267
1;1741082086063;5860
0;1741082086224;5941
3;1741082090869;6268
0;1741082090903;5942
1;1741082091039;5861
2;1741082091183;5086
3;1741082095830;6269
0;1741082096336;5943
1;1741082098271;5862
3;1741082100843;6270
0;1741082101326;5944
2;1741082101502;5087
1;1741082105022;5863
3;1741082105829;6271
1;1741082105950;5864
0;1741082106302;5945
2;1741082108862;5088
3;1741082110838;6272
0;1741082111182;5946
1;1741082111453;5865
3;1741082115850;6273
0;1741082115917;5947
1;1741082116029;5866
2;1741082116125;5089
3;1741082120835;6274
0;1741082121629;5948
1;1741082123629;5867
2;1741082123773;5090
3;1741082125901;6275
0;1741082126173;5949
1;1741082129084;5868
3;1741082130834;6276
0;1741082130940;5950
2;1741082131180;5091
1;1741082131772;5869
3;1741082135908;6277
0;1741082136144;5951
2;1741082138045;5092
1;1741082139340;5870
3;1741082140892;6278
0;1741082140953;5952
2;1741082141100;5093
1;1741082141260;5871
3;1741082145857;6279
0;1741082145951;5953
2;1741082146123;5094
1;1741082146571;5872
3;1741082150832;6280
0;1741082150939;5954
2;1741082151243;5095
1;1741082154427;5873
3;1741082155825;6281
0;1741082156026;5955
1;1741082156218;5874
2;1741082158666;5096
3;1741082160833;6282
1;1741082161354;5875
0;1741082161610;5956
3;1741082165825;6283
0;1741082166250;5957
1;1741082169275;5876
3;1741082170863;6284
0;1741082170924;5958
1;1741082171114;5877
2;1741082171306;5097
3;1741082175887;6285
1;1741082175963;5878
0;1741082176090;5959
2;1741082176154;5098
3;1741082180833;6286
0;1741082181001;5960
2;1741082183193;5099
1;1741082184425;5879
3;1741082185838;6287
0;1741082185913;5961
2;1741082186057;5100
1;1741082186580;5880
3;1741082190863;6288
0;1741082190928;5962
1;1741082191481;5881
3;1741082195822;6289
1;1741082196168;5882
0;1741082196239;5963
2;1741082198200;5101
3;1741082200845;6290
0;1741082200920;5964
1;1741082201384;5883
2;1741082203816;5102
3;1741082205837;6291
0;1741082205933;5965
2;1741082206248;5103
1;1741082206968;5884
3;1741082210829;6292
0;1741082211063;5966
1;1741082211639;5885
3;1741082215912;6293
1;1741082215959;5886
0;1741082216046;5967
2;1741082216407;5104
3;1741082220876;6294
1;1741082220969;5887
0;1741082221078;5968
2;1741082221159;5105
3;1741082225948;6295
1;1741082226022;5888
0;1741082226134;5969
2;1741082228838;5106
3;1741082230844;6296
1;1741082230950;5889
0;1741082233958;5970
3;1741082235836;6297
0;1741082236214;5971
1;1741082238198;5890
2;1741082239206;5107
3;1741082240826;6298
0;1741082241541;5972
1;1741082241613;5891
2;1741082243221;5108
3;1741082245835;6299
0;1741082246085;5973
1;1741082249045;5892
3;1741082250827;6300
0;1741082250894;5974
1;1741082251070;5893
2;1741082251141;5109
3;1741082255834;6301
0;1741082256005;5975
1;1741082256229;5894
2;1741082258404;5110
3;1741082260833;6302
0;1741082260916;5976
2;1741082263574;5111
1;1741082263988;5895
3;1741082265833;6303
0;1741082265972;5977
2;1741082268019;5112
1;1741082269220;5896
3;1741082270921;6304
0;1741082271014;5978
1;1741082271571;5897
3;1741082275848;6305
0;1741082275923;5979
2;1741082275982;5113
1;1741082276243;5898
3;1741082280855;6306
1;1741082281139;5899
0;1741082281347;5980
2;1741082283123;5114
3;1741082285833;6307
0;1741082286627;5981
2;1741082286771;5115
1;1741082288355;5900
3;1741082290855;6308
1;1741082290994;5901
0;1741082291522;5982
2;1741082293186;5116
3;1741082295864;6309
1;1741082296028;5902
0;1741082297090;5983
3;1741082300824;6310
2;1741082300994;5117
0;1741082304162;5984
1;1741082304417;5903
3;1741082305832;6311
0;1741082306019;5985
1;1741082306195;5904
2;1741082308150;5118
3;1741082310823;6312
0;1741082311153;5986
1;1741082314561;5905
3;1741082315830;6313
0;1741082316161;5987
1;1741082319089;5906
3;1741082320822;6314
1;1741082321057;5907
0;1741082321264;5988
2;1741082323120;5119
3;1741082325831;6315
1;1741082326043;5908
0;1741082326176;5989
3;1741082330821;6316
0;1741082330928;5990
1;1741082331136;5909
2;1741082333935;5120
3;1741082335829;6317
1;1741082336415;5910
2;1741082338815;5121
0;1741082339791;5991
3;1741082340821;6318
0;1741082340911;5992
2;1741082341055;5122
1;1741082341295;5911
3;1741082345829;6319
0;1741082346063;5993
1;1741082349150;5912
3;1741082350870;6320
0;1741082351087;5994
2;1741082351390;5123
1;1741082353790;5913
3;1741082355845;6321
1;1741082356030;5914
0;1741082356174;5995
3;1741082360851;6322
0;1741082360926;5996
1;1741082361054;5915
2;1741082361198;5124
3;1741082365828;6323
1;1741082366078;5916
0;1741082366576;5997
3;1741082370835;6324
0;1741082371005;5998
1;1741082371150;5917
2;1741082371965;5125
3;1741082375827;6325
0;1741082376431;5999
1;1741082378110;5918
2;1741082378238;5126
3;1741082380835;6326
0;1741082381325;6000
1;1741082383117;5919
2;1741082383772;5127
3;1741082385827;6327
1;1741082386012;5920
0;1741082386684;6001
2;1741082387932;5128
3;1741082390849;6328
1;1741082391052;5921
0;1741082391324;6002
2;1741082393198;5129
3;1741082395825;6329
0;1741082396300;6003
1;1741082399118;5922
3;1741082400833;6330
0;1741082400876;6004
2;1741082401035;5130
1;1741082401555;5923
3;1741082405841;6331
1;1741082406108;5924
0;1741082406252;6005
3;1741082410850;6332
1;1741082410983;5925
2;1741082411151;5131
0;1741082411275;6006
3;1741082415871;6333
0;1741082416027;6007
1;1741082416170;5926
2;1741082416730;5132
3;1741082420830;6334
0;1741082420925;6008
2;1741082421085;5133
1;1741082421267;5927
3;1741082425839;6335
0;1741082426010;6009
2;1741082426346;5134
1;1741082428170;5928
3;1741082430832;6336
0;1741082430937;6010
1;1741082431769;5929
2;1741082433177;5135
3;1741082435885;6337
2;1741082436105;5136
0;1741082436409;6011
1;1741082439066;5930
3;1741082440862;6338
0;1741082440969;6012
2;1741082441225;5137
1;1741082441385;5931
3;1741082445856;6339
0;1741082445929;6013
1;1741082446089;5932
2;1741082446824;5138
3;1741082450830;6340
1;1741082454264;5933
0;1741082454360;6014
3;1741082455822;6341
0;1741082455960;6015
1;1741082458232;5934
2;1741082459064;5139
3;1741082460830;6342
2;1741082463240;5140
0;1741082463848;6016
1;1741082464328;5935
3;1741082465838;6343
1;1741082466119;5936
0;1741082469577;6017
3;1741082470862;6344
0;1741082470887;6018
2;1741082470967;5141
1;1741082471239;5937
3;1741082475882;6345
0;1741082475975;6019
2;1741082476423;5142
1;1741082478727;5938
3;1741082480828;6346
0;1741082481494;6020
2;1741082482134;5143
1;1741082483830;5939
3;1741082485851;6347
0;1741082488198;6021
1;1741082488294;5940
3;1741082490900;6348
1;1741082490978;5941
2;1741082491143;5144
0;1741082491528;6022
3;1741082495835;6349
0;1741082496486;6023
1;1741082498758;5942
3;1741082500954;6350
1;1741082501030;5943
0;1741082501205;6024
3;1741082505898;6351
0;1741082506757;6025
1;1741082506869;5944
3;1741082510892;6352
0;1741082510949;6026
2;1741082511366;5145
1;1741082511589;5945
3;1741082515834;6353
0;1741082515967;6027
1;1741082516180;5946
3;1741082520889;6354
0;1741082520977;6028
2;1741082521076;5146
1;1741082523796;5947
3;1741082525833;6355
0;1741082526115;6029
1;1741082526324;5948
2;1741082528212;5147
3;1741082530873;6356
0;1741082530907;6030
1;1741082531269;5949
2;1741082531844;5148
3;1741082535832;6357
1;1741082536035;5950
0;1741082536147;6031
2;1741082538351;5149
3;1741082540841;6358
0;1741082540899;6032
2;1741082541076;5150
1;1741082541171;5951
3;1741082545848;6359
0;1741082545907;6033
1;1741082546099;5952
2;1741082546290;5151
3;1741082550870;6360
1;1741082550946;5953
0;1741082551347;6034
3;1741082555848;6361
0;1741082555857;6035
2;1741082555969;5152
1;1741082556243;5954
3;1741082560903;6362
0;1741082561265;6036
1;1741082563299;5955
2;1741082563954;5153
3;1741082565879;6363
1;1741082566037;5956
0;1741082566242;6037
2;1741082568353;5154
3;1741082570838;6364
0;1741082571953;6038
2;1741082573233;5155
1;1741082573729;5957
3;1741082575846;6365
0;1741082576225;6039
2;1741082578337;5156
1;1741082578961;5958
3;1741082580886;6366
0;1741082581200;6040
2;1741082581569;5157
1;1741082584242;5959
3;1741082585846;6367
0;1741082585920;6041
1;1741082588752;5960
3;1741082590837;6368
0;1741082590912;6042
1;1741082591056;5961
2;1741082591216;5158
3;1741082595845;6369
1;1741082596127;5962
0;1741082596447;6043
2;1741082598239;5159
3;1741082600853;6370
0;1741082601149;6044
1;1741082601265;5963
2;1741082603089;5160
3;1741082605892;6371
1;1741082605983;5964
2;1741082606063;5161
0;1741082606512;6045
3;1741082610836;6372
0;1741082611008;6046
1;1741082614160;5965
3;1741082615842;6373
0;1741082615927;6047
2;1741082616063;5162
1;1741082616319;5966
3;1741082620834;6374
1;1741082621008;5967
0;1741082621865;6048
2;1741082623167;5163
3;1741082625826;6375
0;1741082625969;6049
1;1741082626110;5968
2;1741082628719;5164
3;1741082630835;6376
0;1741082633437;6050
2;1741082633727;5165
1;1741082634078;5969
3;1741082635842;6377
2;1741082637933;5166
0;1741082638270;6051
1;1741082639037;5970
3;1741082640834;6378
0;1741082641197;6052
1;1741082644221;5971
3;1741082645916;6379
0;1741082645921;6053
2;1741082646289;5167
1;1741082649676;5972
3;1741082650835;6380
0;1741082650988;6054
2;1741082651116;5168
1;1741082651404;5973
3;1741082655841;6381
0;1741082656253;6055
1;1741082659756;5974
3;1741082660834;6382
2;1741082661196;5169
1;1741082664108;5975
0;1741082664763;6056
3;1741082665840;6383
0;1741082665915;6057
2;1741082666059;5170
1;1741082666411;5976
3;1741082670832;6384
0;1741082671051;6058
1;1741082673195;5977
2;1741082673866;5171
3;1741082675825;6385
0;1741082676155;6059
1;1741082676307;5978
2;1741082678155;5172
3;1741082680864;6386
0;1741082681082;6060
1;1741082681356;5979
2;1741082683306;5173
3;1741082685839;6387
0;1741082685971;6061
2;1741082688746;5174
1;1741082688905;5980
3;1741082690832;6388
0;1741082691338;6062
1;1741082693194;5981
2;1741082693753;5175
3;1741082695871;6389
0;1741082696026;6063
1;1741082696346;5982
3;1741082700831;6390
2;1741082703193;5176
1;1741082704249;5983
3;1741082705838;6391
0;1741082705875;6064
1;1741082706217;5984
2;1741082706473;5177
3;1741082710863;6392
1;1741082711001;5985
2;1741082711225;5178
0;1741082711977;6065
3;1741082715822;6393
1;1741082716072;5986
0;1741082716248;6066
3;1741082720830;6394
0;1741082720952;6067
1;1741082723303;5987
2;1741082723784;5179
3;1741082725822;6395
1;1741082726567;5988
0;1741082728231;6068
2;1741082728823;5180
3;1741082730828;6396
0;1741082730999;6069
1;1741082731127;5989
2;1741082733191;5181
3;1741082735822;6397
2;1741082736326;5182
0;1741082736695;6070
1;1741082738311;5990
3;1741082740830;6398
1;1741082741118;5991
0;1741082741510;6071
3;1741082745865;6399
1;1741082746055;5992
0;1741082746151;6072
2;1741082746300;5183
3;1741082750829;6400
0;1741082751398;6073
2;1741082755398;5184
1;1741082755526;5993
3;1741082755835;6401
0;1741082756358;6074
2;1741082758166;5185
1;1741082759013;5994
3;1741082760827;6402
1;1741082761191;5995
0;1741082761542;6075
3;1741082765854;6403
1;1741082765992;5996
0;1741082766196;6076
2;1741082766677;5186
3;1741082770843;6404
0;1741082771076;6077
1;1741082771253;5997
2;1741082773204;5187
3;1741082775834;6405
0;1741082775988;6078
2;1741082776644;5188
1;1741082778948;5998
3;1741082780827;6406
0;1741082781015;6079
1;1741082781300;5999
2;1741082783012;5189
3;1741082785833;6407
2;1741082786495;5190
0;1741082788100;6080
1;1741082789812;6000
3;1741082790824;6408
0;1741082791027;6081
2;1741082791107;5191
1;1741082791219;6001
3;1741082795832;6409
1;1741082796084;6002
0;1741082796356;6082
2;1741082798851;5192
3;1741082800825;6410
1;1741082801012;6003
0;1741082801219;6083
2;1741082802995;5193
3;1741082805848;6411
0;1741082805906;6084
2;1741082806018;5194
1;1741082806675;6004
3;1741082810824;6412
0;1741082810882;6085
1;1741082811090;6005
2;1741082811362;5195
3;1741082815831;6413
1;1741082815986;6006
0;1741082816082;6086
2;1741082816306;5196
3;1741082820822;6414
1;1741082820881;6007
0;1741082821106;6087
2;1741082821458;5197
3;1741082825831;6415
1;1741082826113;6008
0;1741082828209;6088
3;1741082830823;6416
0;1741082830897;6089
1;1741082831153;6009
2;1741082833233;5198
3;1741082835831;6417
2;1741082836193;5199
0;1741082836433;6090
1;1741082838193;6010
3;1741082840822;6418
1;1741082843187;6011
2;1741082843829;5200
0;1741082843986;6091
3;1741082845829;6419
0;1741082846272;6092
1;1741082846720;6012
2;1741082848128;5201
3;1741082850853;6420
0;1741082850919;6093
1;1741082851216;6013
2;1741082851328;5202
3;1741082855832;6421
0;1741082855887;6094
1;1741082856111;6014
2;1741082858543;5203
3;1741082860836;6422
0;1741082861183;6095
1;1741082861359;6015
3;1741082865830;6423
0;1741082866175;6096
2;1741082868174;5204
1;1741082868318;6016
3;1741082870852;6424
0;1741082870926;6097
1;1741082871278;6017
2;1741082873134;5205
3;1741082875827;6425
0;1741082876126;6098
1;1741082876193;6018
3;1741082880819;6426
0;1741082880926;6099
1;1741082881006;6019
2;1741082881198;5206
3;1741082885843;6427
0;1741082885997;6100
1;1741082886093;6020
3;1741082890835;6428
0;1741082891287;6101
1;1741082893421;6021
3;1741082895843;6429
0;1741082895885;6102
2;1741082896094;5207
1;1741082896269;6022
3;1741082900837;6430
2;1741082901308;5208
0;1741082904252;6103
1;1741082904526;6023
3;1741082905890;6431
0;1741082905980;6104
1;1741082906300;6024
3;1741082910881;6432
0;1741082910989;6105
1;1741082911213;6025
3;1741082915841;6433
2;1741082916125;5209
0;1741082917645;6106
1;1741082918126;6026
3;1741082920864;6434
0;1741082920967;6107
1;1741082921131;6027
2;1741082921307;5210
3;1741082925905;6435
1;1741082925963;6028
2;1741082926075;5211
0;1741082926395;6108
3;1741082930848;6436
0;1741082930924;6109
2;1741082931131;5212
1;1741082931307;6029
3;1741082935840;6437
0;1741082935930;6110
1;1741082936202;6030
2;1741082938156;5213
3;1741082940896;6438
1;1741082941023;6031
0;1741082941178;6111
2;1741082943754;5214
3;1741082945840;6439
0;1741082945875;6112
1;1741082946010;6032
2;1741082946138;5215
3;1741082950944;6440
2;1741082953578;5216
3;1741082955856;6441
0;1741082955945;6113
2;1741082956025;5217
1;1741082956125;6033
3;1741082960894;6442
1;1741082960969;6034
2;1741082961097;5218
0;1741082961305;6114
3;1741082965823;6443
0;1741082966506;6115
2;1741082968728;5219
1;1741082969608;6035
3;1741082970888;6444
0;1741082971121;6116
2;1741082971136;5220
1;1741082971272;6036
3;1741082975917;6445
1;1741082976328;6037
2;1741082978136;5221
0;1741082979128;6117
3;1741082980846;6446
0;1741082980928;6118
1;1741082981064;6038
3;1741082985871;6447
1;1741082986423;6039
0;1741082989751;6119
3;1741082990829;6448
1;1741082990947;6040
0;1741082991069;6120
2;1741082993799;5222
3;1741082995822;6449
1;1741082996038;6041
0;1741082996087;6121
3;1741083000844;6450
0;1741083000886;6122
1;1741083000951;6042
2;1741083001383;5223
0;1741083005894;6123
3;1741083005907;6451
1;1741083006570;6043
2;1741083008662;5224
3;1741083010835;6452
1;1741083010958;6044
0;1741083011046;6124
3;1741083015868;6453
1;1741083016086;6045
2;1741083016213;5225
0;1741083016262;6125
3;1741083020877;6454
0;1741083020909;6126
2;1741083021078;5226
1;1741083021285;6046
3;1741083025883;6455
1;1741083025909;6047
0;1741083026053;6127
2;1741083026325;5227
3;1741083030891;6456
0;1741083031062;6128
1;1741083031398;6048
3;1741083035837;6457
0;1741083036212;6129
2;1741083036470;5228
1;1741083039125;6049
3;1741083040827;6458
1;1741083041030;6050
0;1741083041589;6130
2;1741083043253;5229
3;1741083045866;6459
0;1741083045925;6131
2;1741083046117;5230
1;1741083046295;6051
3;1741083050858;6460
0;1741083051347;6132
2;1741083053203;5231
1;1741083054003;6052
3;1741083055833;6461
0;1741083056035;6133
1;1741083056259;6053
3;1741083060825;6462
0;1741083061700;6134
1;1741083064388;6054
3;1741083065849;6463
0;1741083065876;6135
1;1741083066006;6055
2;1741083066097;5232
3;1741083070825;6464
0;1741083071170;6136
1;1741083073215;6056
2;1741083073714;5233
3;1741083075850;6465
0;1741083078082;6137
3;1741083080824;6466
2;1741083080953;5234
1;1741083081218;6057
0;1741083081425;6138
3;1741083085864;6467
0;1741083085983;6139
1;1741083088801;6058
3;1741083090823;6468
1;1741083093153;6059
0;1741083093889;6140
3;1741083095833;6469
0;1741083095968;6141
2;1741083098096;5235
3;1741083100868;6470
1;1741083100944;6060
0;1741083101184;6142
3;1741083105895;6471
2;1741083106576;5236
1;1741083108416;6061
0;1741083109824;6143
3;1741083110869;6472
0;1741083111039;6144
1;1741083111177;6062
2;1741083113263;5237
3;1741083115829;6473
0;1741083116143;6145
1;1741083116468;6063
2;1741083118925;5238
3;1741083120853;6474
0;1741083120895;6146
1;1741083123999;6064
3;1741083125877;6475
1;1741083125911;6065
2;1741083126046;5239
0;1741083126238;6147
3;1741083130851;6476
1;1741083131187;6066
0;1741083131279;6148
2;1741083133200;5240
3;1741083135828;6477
1;1741083135935;6067
0;1741083136463;6149
3;1741083140946;6478
1;1741083141361;6068
0;1741083141519;6150
3;1741083145826;6479
0;1741083146205;6151
2;1741083146349;5241
1;1741083148221;6069
3;1741083150866;6480
0;1741083150885;6152
1;1741083151005;6070
3;1741083155857;6481
0;1741083155948;6153
1;1741083156109;6071
3;1741083160993;6482
2;1741083161196;5242
0;1741083161276;6154
3;1741083165868;6483
0;1741083165932;6155
1;1741083166300;6072
3;1741083170850;6484
0;1741083170907;6156
2;1741083171068;5243
1;1741083171388;6073
3;1741083175986;6485
1;1741083176027;6074
0;1741083176860;6157
3;1741083180912;6486
0;1741083181047;6158
2;1741083181963;5244
1;1741083184861;6075
3;1741083185840;6487
2;1741083186187;5245
1;1741083189339;6076
3;1741083190927;6488
0;1741083191029;6159
1;1741083191275;6077
3;1741083195823;6489
0;1741083196412;6160
2;1741083196684;5246
3;1741083200862;6490
0;1741083200900;6161
2;1741083200955;5247
1;1741083201303;6078
3;1741083205823;6491
0;1741083206313;6162
1;1741083206331;6079
3;1741083210830;6492
2;1741083210985;5248
0;1741083211225;6163
1;1741083214554;6080
3;1741083215822;6493
1;1741083218073;6081
2;1741083218281;5249
0;1741083218681;6164
3;1741083220831;6494
0;1741083221369;6165
2;1741083223114;5250
1;1741083223818;6082
3;1741083225838;6495
0;1741083225896;6166
1;1741083226072;6083
2;1741083226184;5251
3;1741083230846;6496
0;1741083230920;6167
2;1741083231057;5252
1;1741083231240;6084
3;1741083235821;6497
1;1741083235944;6085
0;1741083236104;6168
2;1741083236184;5253
3;1741083240845;6498
0;1741083240871;6169
1;1741083240999;6086
2;1741083241143;5254
3;1741083245869;6499
0;1741083246055;6170
1;1741083246199;6087
3;1741083250861;6500
0;1741083251065;6171
1;1741083253273;6088
3;1741083255883;6501
0;1741083256263;6172
2;1741083258966;5255
1;1741083259040;6089
3;1741083260908;6502
0;1741083260998;6173
1;1741083264166;6090
3;1741083265852;6503
1;1741083265982;6091
0;1741083266054;6174
2;1741083268182;5256
3;1741083270891;6504
2;1741083271253;5257
1;1741083271414;6092
0;1741083273094;6175
3;1741083275833;6505
0;1741083275910;6176
1;1741083276037;6093
2;1741083276117;5258
3;1741083280842;6506
0;1741083281066;6177
2;1741083281303;5259
1;1741083283125;6094
3;1741083285881;6507
1;1741083285984;6095
2;1741083286182;5260
0;1741083286404;6178
3;1741083290889;6508
1;1741083291220;6096
2;1741083293748;5261
0;1741083294244;6179
3;1741083295862;6509
0;1741083296020;6180
2;1741083298200;5262
1;1741083298998;6097
3;1741083300873;6510
1;1741083301075;6098
0;1741083301715;6181
3;1741083305867;6511
0;1741083306179;6182
2;1741083306276;5263
1;1741083309253;6099
3;1741083310857;6512
0;1741083310931;6183
1;1741083311077;6100
2;1741083313187;5264
3;1741083315833;6513
1;1741083316003;6101
0;1741083316403;6184
3;1741083320830;6514
0;1741083321362;6185
2;1741083323458;5265
1;1741083323506;6102
3;1741083325832;6515
0;1741083326178;6186
2;1741083328194;5266
1;1741083328946;6103
3;1741083330872;6516
2;1741083331266;5267
0;1741083333218;6187
3;1741083335831;6517
0;1741083336031;6188
1;1741083336163;6104
2;1741083336211;5268
3;1741083340823;6518
1;1741083341041;6105
0;1741083341185;6189
3;1741083345831;6519
0;1741083346160;6190
2;1741083346449;5269
1;1741083348049;6106
3;1741083350823;6520
1;1741083351061;6107
0;1741083351313;6191
2;1741083352929;5270
3;1741083355941;6521
1;1741083355968;6108
0;1741083356240;6192
3;1741083360869;6522
1;1741083360944;6109
2;1741083361243;5271
0;1741083361568;6193
3;1741083365830;6523
1;1741083365936;6110
0;1741083366208;6194
2;1741083368160;5272
3;1741083370837;6524
1;1741083370959;6111
0;1741083371088;6195
2;1741083373167;5273
3;1741083375919;6525
0;1741083376047;6196
1;1741083376319;6112
3;1741083380865;6526
0;1741083380926;6197
1;1741083381119;6113
2;1741083381182;5274
3;1741083385876;6527
0;1741083385911;6198
1;1741083385982;6114
3;1741083390855;6528
0;1741083390891;6199
1;1741083391118;6115
2;1741083393390;5275
3;1741083395901;6529
2;1741083396046;5276
0;1741083396254;6200
1;1741083396462;6116
3;1741083400866;6530
2;1741083400925;5277
1;1741083401101;6117
0;1741083401518;6201
3;1741083405921;6531
2;1741083405997;5278
0;1741083409549;6202
1;1741083409677;6118
3;1741083410851;6532
0;1741083410877;6203
1;1741083411080;6119
2;1741083411149;5279
3;1741083415843;6533
1;1741083416029;6120
0;1741083416413;6204
2;1741083418876;5280
3;1741083420851;6534
1;1741083421052;6121
0;1741083421564;6205
2;1741083423255;5281
3;1741083425824;6535
0;1741083425932;6206
2;1741083426172;5282
3;1741083430834;6536
0;1741083431227;6207
2;1741083431324;5283
1;1741083431676;6122
3;1741083435890;6537
0;1741083436071;6208
2;1741083436235;5284
1;1741083438107;6123
3;1741083440913;6538
0;1741083441115;6209
1;1741083441259;6124
2;1741083441419;5285
3;1741083445826;6539
0;1741083446267;6210
1;1741083446875;6125
2;1741083446955;5286
3;1741083450837;6540
0;1741083451277;6211
1;1741083451980;6126
2;1741083454123;5287
3;1741083455912;6541
0;1741083456250;6212
2;1741083456396;5288
1;1741083456490;6127
0;1741083460869;6213
3;1741083460879;6542
1;1741083460954;6128
2;1741083461050;5289
3;1741083465840;6543
1;1741083466154;6129
0;1741083466730;6214
3;1741083470875;6544
0;1741083470922;6215
1;1741083471258;6130
2;1741083471915;5290
3;1741083475866;6545
0;1741083476039;6216
2;1741083476217;5291
1;1741083476313;6131
3;1741083480870;6546
0;1741083481209;6217
1;1741083481372;6132
2;1741083481919;5292
3;1741083485843;6547
0;1741083485880;6218
1;1741083486301;6133
2;1741083488216;5293
3;1741083490861;6548
0;1741083490936;6219
1;1741083491059;6134
2;1741083491238;5294
3;1741083495831;6549
0;1741083496161;6220
2;1741083496258;5295
1;1741083496615;6135
3;1741083500829;6550
2;1741083503719;5296
1;1741083504039;6136
0;1741083504222;6221
3;1741083505878;6551
1;1741083505983;6137
2;1741083506128;5297
0;1741083508951;6222
3;1741083510861;6552
0;1741083510934;6223
1;1741083511079;6138
2;1741083511219;5298
3;1741083515836;6553
0;1741083515955;6224
1;1741083516102;6139
2;1741083516214;5299
3;1741083520844;6554
0;1741083520902;6225
2;1741083520998;5300
1;1741083521670;6140
3;1741083525836;6555
2;1741083526086;5301
1;1741083526182;6141
0;1741083526486;6226
3;1741083530876;6556
0;1741083531173;6227
1;1741083531429;6142
2;1741083531637;5302
3;1741083535924;6557
0;1741083535957;6228
1;1741083536469;6143
2;1741083538869;5303
3;1741083540858;6558
0;1741083540895;6229
2;1741083541061;5304
1;1741083541141;6144
3;1741083545850;6559
0;1741083545924;6230
1;1741083546148;6145
2;1741083546347;5305
3;1741083550905;6560
1;1741083553172;6146
2;1741083553764;5306
0;1741083554006;6231
3;1741083555860;6561
0;1741083556002;6232
2;1741083556320;5307
1;1741083556565;6147
3;1741083560825;6562
0;1741083560940;6233
1;1741083561299;6148
2;1741083561460;5308
3;1741083565866;6563
0;1741083565903;6234
2;1741083566032;5309
1;1741083566099;6149
3;1741083570841;6564
0;1741083570879;6235
1;1741083571299;6150
2;1741083571427;5310
3;1741083575832;6565
1;1741083576227;6151
0;1741083576355;6236
2;1741083576415;5311
3;1741083580903;6566
0;1741083580989;6237
2;1741083581170;5312
1;1741083581426;6152
3;1741083585895;6567
0;1741083585954;6238
1;1741083586098;6153
2;1741083586194;5313
3;1741083590838;6568
0;1741083590914;6239
1;1741083591282;6154
2;1741083591420;5314
3;1741083595847;6569
0;1741083595905;6240
1;1741083596449;6155
2;1741083596563;5315
3;1741083600840;6570
1;1741083603681;6156
0;1741083604161;6241
3;1741083605845;6571
0;1741083605904;6242
1;1741083606208;6157
2;1741083606384;5316
3;1741083610854;6572
0;1741083610944;6243
1;1741083611328;6158
2;1741083611766;5317
3;1741083615831;6573
0;1741083616128;6244
1;1741083616320;6159
2;1741083616688;5318
3;1741083620839;6574
2;1741083622896;5319
3;1741083625861;6575
0;1741083625920;6245
1;1741083626192;6160
2;1741083626416;5320
3;1741083630886;6576
0;1741083630976;6246
2;1741083631233;5321
1;1741083631380;6161
3;1741083635829;6577
0;1741083635983;6247
2;1741083636143;5322
1;1741083636223;6162
3;1741083640869;6578
0;1741083640929;6248
1;1741083641151;6163
2;1741083641327;5323
3;1741083645831;6579
0;1741083646270;6249
1;1741083646548;6164
2;1741083646846;5324
3;1741083650836;6580
0;1741083650927;6250
1;1741083651055;6165
2;1741083651279;5325
3;1741083655939;6581
0;1741083656061;6251
1;1741083656334;6166
2;1741083656494;5326
3;1741083660882;6582
0;1741083660927;6252
1;1741083661181;6167
2;1741083661725;5327
3;1741083665876;6583
0;1741083666187;6253
1;1741083666711;6168
2;1741083666729;5328
3;1741083670930;6584
0;1741083671354;6254
1;1741083671367;6169
2;1741083671381;5329
3;1741083675891;6585
0;1741083676007;6255
2;1741083676284;5330
1;1741083676380;6170
3;1741083680834;6586
1;1741083681341;6171
0;1741083681416;6256
2;1741083683693;5331
3;1741083685858;6587
0;1741083686076;6257
2;1741083686204;5332
1;1741083686508;6172
3;1741083690866;6588
0;1741083690919;6258
1;1741083691180;6173
2;1741083691356;5333
3;1741083695889;6589
0;1741083695989;6259
1;1741083696091;6174
2;1741083696203;5334
3;1741083700944;6590
0;1741083701291;6260
1;1741083701308;6175
2;1741083701322;5335
3;1741083705841;6591
0;1741083705916;6261
1;1741083706155;6176
2;1741083706331;5336
0;1741083710963;6262
3;1741083710974;6592
1;1741083711530;6177
2;1741083711866;5337
3;1741083715873;6593
0;1741083715914;6263
1;1741083716005;6178
2;1741083716206;5338
3;1741083720866;6594
0;1741083720921;6264
1;1741083721097;6179
2;1741083721449;5339
3;1741083725823;6595
0;1741083726009;6265
2;1741083726182;5340
1;1741083726537;6180
3;1741083730872;6596
0;1741083730969;6266
1;1741083731082;6181
2;1741083731238;5341
3;1741083735872;6597
0;1741083735912;6267
1;1741083736424;6182
2;1741083736713;5342
3;1741083740847;6598
0;1741083740888;6268
1;1741083741201;6183
2;1741083741673;5343
3;1741083745822;6599
0;1741083745944;6269
2;1741083746360;5344
1;1741083746536;6184
3;1741083750862;6600
0;1741083750920;6270
1;1741083751368;6185
2;1741083751427;5345
3;1741083755824;6601
0;1741083756087;6271
2;1741083756375;5346
1;1741083756455;6186
3;1741083760846;6602
1;1741083761271;6187
0;1741083761335;6272
2;1741083763875;5347
3;1741083765869;6603
0;1741083765911;6273
2;1741083766282;5348
1;1741083766807;6188
3;1741083770830;6604
0;1741083771078;6274
2;1741083771288;5349
1;1741083771380;6189
0;1741083775863;6275
3;1741083775873;6605
1;1741083776216;6190
2;1741083776712;5350
3;1741083780860;6606
0;1741083780941;6276
1;1741083781111;6191
2;1741083781798;5351
3;1741083785862;6607
0;1741083785937;6277
1;1741083786255;6192
2;1741083786598;5352
3;1741083790827;6608
1;1741083791995;6193
0;1741083792149;6278
2;1741083794341;5353
3;1741083795861;6609
0;1741083796069;6279
2;1741083796181;5354
1;1741083796260;6194
3;1741083800891;6610
0;1741083800927;6280
1;1741083801078;6195
2;1741083801190;5355
3;1741083805866;6611
0;1741083806004;6281
1;1741083806132;6196
2;1741083806415;5356
3;1741083810827;6612
1;1741083811092;6197
0;1741083811172;6282
3;1741083815865;6613
0;1741083815940;6283
1;1741083816132;6198
2;1741083816243;5357
3;1741083820826;6614
0;1741083820899;6284
2;1741083820995;5358
1;1741083821299;6199
3;1741083825834;6615
0;1741083825928;6285
2;1741083826035;5359
1;1741083826335;6200
3;1741083830826;6616
0;1741083830946;6286
2;1741083831083;5360
1;1741083831155;6201
3;1741083835833;6617
0;1741083836066;6287
2;1741083836274;5361
1;1741083836386;6202
3;1741083840856;6618
0;1741083840946;6288
1;1741083841418;6203
2;1741083841554;5362
3;1741083845832;6619
0;1741083845938;6289
2;1741083846056;5363
1;1741083846178;6204
3;1741083850824;6620
2;1741083853169;5364
0;1741083853937;6290
1;1741083854289;6205
3;1741083855910;6621
0;1741083856193;6291
2;1741083856641;5365
1;1741083856705;6206
3;1741083860934;6622
2;1741083864027;5366
0;1741083864177;6292
3;1741083865833;6623
0;1741083865973;6293
1;1741083866144;6207
2;1741083866384;5367
3;1741083870822;6624
0;1741083871040;6294
2;1741083871323;5368
1;1741083871776;6208
3;1741083875910;6625
0;1741083876080;6295
1;1741083876240;6209
2;1741083876411;5369
3;1741083880870;6626
0;1741083880934;6296
2;1741083881133;5370
1;1741083881216;6210
3;1741083885873;6627
0;1741083886009;6297
2;1741083886255;5371
1;1741083886367;6211
3;1741083890866;6628
0;1741083890911;6298
1;1741083891087;6212
2;1741083891583;5372
3;1741083895845;6629
0;1741083895903;6299
1;1741083896191;6213
2;1741083896304;5373
3;1741083900869;6630
0;1741083900926;6300
1;1741083901006;6214
2;1741083901146;5374
3;1741083905845;6631
0;1741083905915;6301
1;1741083906238;6215
2;1741083906383;5375
3;1741083910870;6632
0;1741083911230;6302
2;1741083911414;5376
1;1741083911614;6216
3;1741083915861;6633
0;1741083916002;6303
2;1741083916174;5377
1;1741083916320;6217
3;1741083920868;6634
0;1741083920944;6304
1;1741083921565;6218
2;1741083921661;5378
3;1741083925841;6635
0;1741083925932;6305
1;1741083926189;6219
2;1741083926365;5379
3;1741083930898;6636
1;1741083931084;6220
0;1741083931165;6306
2;1741083931407;5380
3;1741083935843;6637
0;1741083936012;6307
1;1741083936423;6221
2;1741083936700;5381
3;1741083940850;6638
0;1741083940876;6308
1;1741083941116;6222
2;1741083941351;5382
3;1741083945858;6639
0;1741083945917;6309
1;1741083946177;6223
2;1741083946381;5383
3;1741083950866;6640
0;1741083950920;6310
1;1741083951307;6224
2;1741083951326;5384
3;1741083955826;6641
0;1741083955979;6311
2;1741083956139;5385
1;1741083956251;6225
3;1741083960834;6642
0;1741083960948;6312
2;1741083961115;5386
1;1741083961547;6226
3;1741083965840;6643
0;1741083965866;6313
1;1741083966199;6227
2;1741083966378;5387
0;1741083970858;6314
3;1741083970870;6644
1;1741083971066;6228
2;1741083971642;5388
3;1741083975904;6645
0;1741083975962;6315
1;1741083976171;6229
2;1741083976269;5389
3;1741083980864;6646
1;1741083981433;6230
2;1741083981850;5390
0;1741083981945;6316
0;1741083985891;6317
3;1741083985905;6647
2;1741083986169;5391
1;1741083986633;6231
3;1741083990847;6648
2;1741083991321;5392
0;1741083993153;6318
3;1741083995822;6649
0;1741083995936;6319
1;1741083996105;6232
2;1741083996201;5393
3;1741084000830;6650
1;1741084001155;6233
0;1741084001272;6320
2;1741084001432;5394
3;1741084005854;6651
0;1741084005960;6321
2;1741084006184;5395
1;1741084006616;6234
3;1741084010829;6652
0;1741084011050;6322
2;1741084011335;5396
1;1741084011416;6235
3;1741084015821;6653
0;1741084015911;6323
2;1741084016135;5397
1;1741084016296;6236
3;1741084020831;6654
0;1741084021223;6324
1;1741084021431;6237
3;1741084025874;6655
0;1741084026114;6325
2;1741084026887;5398
1;1741084026934;6238
3;1741084030828;6656
0;1741084031139;6326
2;1741084031286;5399
1;1741084031574;6239
3;1741084035867;6657
0;1741084035998;6327
2;1741084036794;5400
1;1741084037062;6240
3;1741084040843;6658
0;1741084040882;6328
1;1741084041150;6241
2;1741084041686;5401
0;1741084045878;6329
3;1741084045889;6659
1;1741084045942;6242
2;1741084046294;5402
3;1741084050827;6660
0;1741084051029;6330
1;1741084051176;6243
2;1741084051545;5403
3;1741084055946;6661
0;1741084056101;6331
1;1741084056469;6244
2;1741084059119;5404
3;1741084060890;6662
0;1741084060928;6332
1;1741084061048;6245
2;1741084061453;5405
3;1741084065834;6663
0;1741084065909;6333
1;1741084066198;6246
2;1741084066347;5406
3;1741084070874;6664
0;1741084070901;6334
1;1741084071380;6247
2;1741084071492;5407
3;1741084075834;6665
0;1741084078119;6335
1;1741084078676;6248
3;1741084080868;6666
0;1741084081076;6336
1;1741084081088;6249
2;1741084081285;5408
3;1741084085864;6667
0;1741084086099;6337
2;1741084086323;5409
1;1741084086739;6250
3;1741084090839;6668
0;1741084090867;6338
1;1741084091107;6251
2;1741084091439;5410
3;1741084095847;6669
0;1741084095890;6339
1;1741084096706;6252
2;1741084098786;5411
3;1741084100824;6670
0;1741084100914;6340
1;1741084101467;6253
2;1741084101602;5412
3;1741084105832;6671
0;1741084105971;6341
1;1741084106291;6254
2;1741084106594;5413
3;1741084110839;6672
0;1741084110978;6342
2;1741084111186;5414
1;1741084111410;6255
3;1741084115847;6673
0;1741084116065;6343
2;1741084116802;5415
1;1741084117025;6256
3;1741084120822;6674
0;1741084121265;6344
1;1741084121282;6257
2;1741084121633;5416
3;1741084125846;6675
0;1741084126065;6345
1;1741084128664;6258
2;1741084128688;5417
3;1741084130871;6676
0;1741084130960;6346
2;1741084131360;5418
1;1741084131856;6259
3;1741084135846;6677
1;1741084136208;6260
0;1741084136336;6347
2;1741084136464;5419
3;1741084140854;6678
1;1741084141520;6261
0;1741084141616;6348
2;1741084143968;5420
3;1741084145862;6679
0;1741084146127;6349
2;1741084146607;5421
1;1741084146863;6262
3;1741084150854;6680
0;1741084151023;6350
1;1741084151436;6263
2;1741084153152;5422
3;1741084155829;6681
0;1741084156249;6351
2;1741084156907;5423
1;1741084158693;6264
3;1741084160836;6682
1;1741084161567;6265
2;1741084161760;5424
0;1741084163088;6352
3;1741084165827;6683
0;1741084166231;6353
1;1741084166350;6266
2;1741084168846;5425
3;1741084170835;6684
1;1741084170974;6267
0;1741084171550;6354
2;1741084173757;5426
3;1741084175827;6685
1;1741084178167;6268
2;1741084178301;5427
0;1741084178903;6355
3;1741084180835;6686
0;1741084181251;6356
2;1741084181454;5428
1;1741084181501;6269
3;1741084185843;6687
0;1741084186093;6357
1;1741084186204;6270
2;1741084186381;5429
3;1741084190833;6688
0;1741084190941;6358
1;1741084191213;6271
2;1741084191232;5430
3;1741084195826;6689
0;1741084195932;6359
1;1741084196076;6272
2;1741084196396;5431
3;1741084200833;6690
0;1741084201068;6360
2;1741084201340;5432
1;1741084201836;6273
3;1741084205858;6691
0;1741084205995;6361
2;1741084206123;5433
1;1741084206764;6274
3;1741084210833;6692
0;1741084210939;6362
1;1741084211115;6275
2;1741084211291;5434
3;1741084215827;6693
0;1741084216059;6363
1;1741084216235;6276
2;1741084216443;5435
3;1741084220833;6694
0;1741084220913;6364
1;1741084221180;6277
2;1741084221372;5436
3;1741084225855;6695
0;1741084225946;6365
1;1741084226154;6278
2;1741084226372;5437
3;1741084230865;6696
0;1741084230935;6366
2;1741084231251;5438
1;1741084231322;6279
3;1741084235838;6697
2;1741084235945;5439
0;1741084236157;6367
1;1741084236345;6280
3;1741084240845;6698
0;1741084240873;6368
2;1741084241337;5440
1;1741084241385;6281
3;1741084245870;6699
0;1741084245987;6369
1;1741084246065;6282
2;1741084246217;5441
3;1741084250857;6700
2;1741084253960;5442
1;1741084253975;6283
0;1741084253989;6370
3;1741084255854;6701
0;1741084255912;6371
1;1741084256024;6284
2;1741084256712;5443
3;1741084260845;6702
0;1741084260920;6372
2;1741084261375;5444
1;1741084261917;6285
3;1741084265840;6703
0;1741084266008;6373
2;1741084266040;5445
1;1741084266200;6286
3;1741084270861;6704
0;1741084270899;6374
1;1741084271400;6287
2;1741084271688;5446
3;1741084275869;6705
0;1741084275928;6375
1;1741084276007;6288
2;1741084276170;5447
3;1741084280861;6706
0;1741084280951;6376
1;1741084281207;6289
2;1741084281688;5448
3;1741084285853;6707
0;1741084286547;6377
1;1741084286667;6290
2;1741084286774;5449
3;1741084290828;6708
0;1741084291382;6378
1;1741084291399;6291
3;1741084295867;6709
0;1741084296023;6379
1;1741084296471;6292
2;1741084298557;5450
3;1741084300828;6710
0;1741084300982;6380
2;1741084301175;5451
1;1741084301559;6293
3;1741084305834;6711
0;1741084305989;6381
2;1741084306183;5452
1;1741084306567;6294
3;1741084310859;6712
0;1741084311199;6382
1;1741084311429;6295
2;1741084311637;5453
3;1741084315835;6713
0;1741084315958;6383
2;1741084316149;5454
1;1741084316197;6296
3;1741084320860;6714
0;1741084323237;6384
2;1741084324119;5455
3;1741084325847;6715
2;1741084328116;5456
3;1741084330900;6716
0;1741084331060;6385
1;1741084331780;6297
2;1741084331797;5457
3;1741084335833;6717
0;1741084335875;6386
1;1741084336051;6298
2;1741084336142;5458
3;1741084340841;6718
0;1741084340878;6387
1;1741084341123;6299
2;1741084341699;5459
3;1741084345923;6719
0;1741084345987;6388
2;1741084346211;5460
1;1741084346303;6300
3;1741084350839;6720
1;1741084350979;6301
0;1741084351027;6389
2;1741084351363;5461
3;1741084355832;6721
0;1741084355938;6390
2;1741084356034;5462
1;1741084356130;6302
3;1741084360895;6722
0;1741084360946;6391
1;1741084361730;6303
2;1741084364002;5463
3;1741084365863;6723
0;1741084365905;6392
2;1741084366411;5464
1;1741084366833;6304
3;1741084370838;6724
0;1741084370922;6393
1;1741084371026;6305
2;1741084371299;5465
3;1741084375847;6725
0;1741084375943;6394
1;1741084376097;6306
2;1741084376289;5466
3;1741084380823;6726
0;1741084381090;6395
2;1741084381250;5467
1;1741084381330;6307
3;1741084385846;6727
0;1741084386145;6396
1;1741084386353;6308
2;1741084386369;5468
3;1741084390869;6728
0;1741084390897;6397
2;1741084391104;5469
1;1741084391280;6309
3;1741084395830;6729
0;1741084395946;6398
2;1741084396112;5470
1;1741084396432;6310
3;1741084400822;6730
2;1741084403151;5471
0;1741084403634;6399
1;1741084404080;6311
3;1741084405862;6731
2;1741084406415;5472
0;1741084406831;6400
1;1741084408207;6312
3;1741084410822;6732
0;1741084411855;6401
2;1741084414159;5473
3;1741084415844;6733
0;1741084415876;6402
1;1741084415972;6313
2;1741084416047;5474
3;1741084420899;6734
2;1741084421172;5475
1;1741084423662;6314
0;1741084423886;6403
3;1741084425828;6735
0;1741084425982;6404
2;1741084426222;5476
1;1741084426446;6315
3;1741084430870;6736
1;1741084430944;6316
2;1741084431103;5477
0;1741084431134;6405
3;1741084435859;6737
0;1741084435917;6406
1;1741084436205;6317
2;1741084436733;5478
3;1741084440836;6738
1;1741084441949;6318
2;1741084444157;5479
3;1741084445857;6739
0;1741084445917;6407
1;1741084446215;6319
2;1741084446332;5480
3;1741084450859;6740
1;1741084451448;6320
0;1741084451470;6408
2;1741084453728;5481
3;1741084455841;6741
0;1741084455917;6409
1;1741084456397;6321
2;1741084456556;5482
3;1741084460833;6742
0;1741084461676;6410
1;1741084461692;6322
2;1741084463756;5483
3;1741084465891;6743
1;1741084466299;6323
2;1741084466443;5484
0;1741084466715;6411
3;1741084470834;6744
1;1741084471051;6324
2;1741084471179;5485
0;1741084471323;6412
3;1741084475840;6745
0;1741084475915;6413
2;1741084476347;5486
1;1741084476955;6325
3;1741084480832;6746
0;1741084480970;6414
1;1741084481527;6326
2;1741084481610;5487
3;1741084485872;6747
0;1741084485930;6415
1;1741084486042;6327
2;1741084486122;5488
3;1741084490932;6748
1;1741084491082;6328
0;1741084491210;6416
2;1741084491322;5489
3;1741084495824;6749
0;1741084496266;6417
2;1741084498297;5490
3;1741084500860;6750
0;1741084500892;6418
1;1741084501004;6329
2;1741084501155;5491
3;1741084505839;6751
2;1741084508921;5492
0;1741084509353;6419
3;1741084510880;6752
0;1741084510985;6420
2;1741084511162;5493
1;1741084511369;6330
3;1741084515855;6753
0;1741084515912;6421
2;1741084516040;5494
1;1741084516139;6331
3;1741084520862;6754
0;1741084520872;6422
1;1741084521096;6332
2;1741084521256;5495
3;1741084525884;6755
1;1741084526024;6333
2;1741084526375;5496
0;1741084526520;6423
3;1741084530861;6756
0;1741084531303;6424
1;1741084531651;6334
2;1741084533864;5497
3;1741084535901;6757
2;1741084536194;5498
0;1741084536471;6425
1;1741084536503;6335
3;1741084540845;6758
0;1741084540946;6426
1;1741084541143;6336
2;1741084541303;5499
0;1741084545863;6427
3;1741084545874;6759
1;1741084546230;6337
2;1741084546358;5500
0;1741084550870;6428
3;1741084550883;6760
1;1741084551191;6338
2;1741084551237;5501
3;1741084555852;6761
1;1741084555958;6339
0;1741084556153;6429
2;1741084556454;5502
3;1741084560828;6762
0;1741084561109;6430
2;1741084561349;5503
1;1741084561829;6340
3;1741084565892;6763
2;1741084566133;5504
0;1741084566549;6431
1;1741084568709;6341
3;1741084570828;6764
2;1741084573493;5505
1;1741084573925;6342
0;1741084574005;6432
3;1741084575882;6765
1;1741084575925;6343
0;1741084576054;6433
2;1741084576261;5506
3;1741084580891;6766
2;1741084581940;5507
0;1741084582292;6434
1;1741084583172;6344
3;1741084585834;6767
1;1741084586415;6345
0;1741084586516;6435
2;1741084587924;5508
3;1741084590856;6768
0;1741084590898;6436
1;1741084591028;6346
2;1741084591247;5509
3;1741084595832;6769
2;1741084596314;5510
0;1741084596415;6437
1;1741084598419;6347
3;1741084600825;6770
1;1741084601021;6348
0;1741084601251;6438
2;1741084601347;5511
3;1741084605849;6771
2;1741084605987;5512
0;1741084606659;6439
1;1741084606835;6349
3;1741084610840;6772
1;1741084610995;6350
2;1741084611778;5513
0;1741084612051;6440
3;1741084615847;6773
0;1741084616050;6441
2;1741084616228;5514
1;1741084618866;6351
3;1741084620839;6774
0;1741084623031;6442
1;1741084623218;6352
3;1741084625864;6775
0;1741084625906;6443
2;1741084625986;5515
1;1741084626194;6353
3;1741084630888;6776
1;1741084631042;6354
0;1741084632929;6444
2;1741084633810;5516
3;1741084635832;6777
0;1741084638273;6445
2;1741084638425;5517
3;1741084640822;6778
1;1741084641200;6355
2;1741084641331;5518
0;1741084641441;6446
3;1741084645861;6779
0;1741084645920;6447
2;1741084646064;5519
1;1741084648768;6356
3;1741084650886;6780
1;1741084650912;6357
0;1741084651013;6448
2;1741084651152;5520
3;1741084655830;6781
0;1741084656287;6449
2;1741084656511;5521
1;1741084658848;6358
3;1741084660850;6782
0;1741084661151;6450
2;1741084661435;5522
1;1741084663215;6359
3;1741084665846;6783
1;1741084665935;6360
0;1741084666063;6451
2;1741084668383;5523
3;1741084670853;6784
1;1741084671002;6361
2;1741084671103;5524
3;1741084675845;6785
2;1741084676174;5525
1;1741084678558;6362
3;1741084680867;6786
1;1741084680930;6363
2;1741084683614;5526
3;1741084685843;6787
1;1741084686014;6364
2;1741084686327;5527
3;1741084690914;6788
1;1741084691012;6365
2;1741084693757;5528
3;1741084695843;6789
1;1741084695878;6366
2;1741084696440;5529
3;1741084700851;6790
1;1741084701102;6367
2;1741084701470;5530
3;1741084705827;6791
2;1741084706222;5531
1;1741084708556;6368
3;1741084710850;6792
1;1741084710928;6369
2;1741084711149;5532
3;1741084715875;6793
1;1741084715980;6370
2;1741084716444;5533
3;1741084720912;6794
1;1741084721415;6371
2;1741084723882;5534
3;1741084725831;6795
1;1741084725979;6372
2;1741084728587;5535
3;1741084730865;6796
1;1741084730987;6373
2;1741084731163;5536
3;1741084735841;6797
2;1741084736091;5537
1;1741084736442;6374
3;1741084740868;6798
2;1741084741370;5538
1;1741084743799;6375
3;1741084745855;6799
1;1741084745882;6376
2;1741084745962;5539
3;1741084750851;6800
1;1741084750902;6377
2;1741084751005;5540
3;1741084755839;6801
2;1741084756234;5541
1;1741084756297;6378
3;1741084760830;6802
2;1741084760905;5542
1;1741084761177;6379
3;1741084765846;6803
1;1741084766034;6380
2;1741084766137;5543
3;1741084770862;6804
2;1741084771096;5544
1;1741084772888;6381
3;1741084775821;6805
1;1741084775994;6382
2;1741084778200;5545
3;1741084780845;6806
1;1741084781032;6383
2;1741084783753;5546
3;1741084785884;6807
1;1741084785972;6384
2;1741084786104;5547
3;1741084790880;6808
1;1741084791042;6385
3;1741084795849;6809
2;1741084795959;5548
1;1741084796183;6386
3;1741084800844;6810
1;1741084800952;6387
2;1741084801018;5549
3;1741084805837;6811
2;1741084805927;5550
1;1741084806150;6388
3;1741084810845;6812
1;1741084811078;6389
2;1741084813606;5551
3;1741084815883;6813
1;1741084818630;6390
2;1741084818886;5552
3;1741084820867;6814
1;1741084821014;6391
2;1741084821150;5553
3;1741084825835;6815
2;1741084826006;5554
1;1741084826232;6392
3;1741084830857;6816
1;1741084830938;6393
2;1741084831173;5555
3;1741084835859;6817
1;1741084835909;6394
2;1741084836181;5556
3;1741084840890;6818
1;1741084840900;6395
2;1741084841198;5557
3;1741084845850;6819
1;1741084845941;6396
2;1741084846581;5558
3;1741084850874;6820
1;1741084850948;6397
2;1741084851107;5559
3;1741084855946;6821
2;1741084858768;5560
1;1741084859059;6398
3;1741084860841;6822
1;1741084861043;6399
2;1741084861171;5561
3;1741084865833;6823
2;1741084868499;5562
3;1741084870825;6824
1;1741084870962;6400
3;1741084875900;6825
1;1741084876482;6401
2;1741084878250;5563
3;1741084880858;6826
1;1741084881057;6402
2;1741084883521;5564
3;1741084885992;6827
2;1741084886113;5565
1;1741084888962;6403
3;1741084890871;6828
1;1741084890967;6404
2;1741084891105;5566
3;1741084895934;6829
1;1741084896113;6405
2;1741084896609;5567
3;1741084900917;6830
2;1741084901361;5568
1;1741084903472;6406
3;1741084905846;6831
2;1741084906704;5569
3;1741084910823;6832
2;1741084911044;5570
1;1741084911435;6407
3;1741084915830;6833
1;1741084918742;6408
3;1741084920866;6834
1;1741084921167;6409
2;1741084921626;5571
3;1741084925909;6835
1;1741084925973;6410
2;1741084928246;5572
3;1741084930821;6836
2;1741084930975;5573
1;1741084931120;6411
3;1741084935909;6837
2;1741084935998;5574
1;1741084936142;6412
3;1741084940836;6838
2;1741084941358;5575
1;1741084943315;6413
3;1741084945844;6839
1;1741084946015;6414
2;1741084946143;5576
3;1741084950852;6840
1;1741084950941;6415
2;1741084951277;5577
3;1741084955827;6841
1;1741084956253;6416
2;1741084956797;5578
3;1741084960867;6842
2;1741084961245;5579
3;1741084965858;6843
2;1741084966071;5580
1;1741084966173;6417
3;1741084970930;6844
2;1741084971020;5581
1;1741084971241;6418
3;1741084975825;6845
1;1741084976044;6419
3;1741084980866;6846
2;1741084981132;5582
1;1741084983211;6420
3;1741084985825;6847
1;1741084985932;6421
2;1741084986091;5583
3;1741084990864;6848
1;1741084993883;6422
3;1741084995855;6849
1;1741084995894;6423
2;1741084996490;5584
3;1741085000833;6850
2;1741085000938;5585
1;1741085001258;6424
3;1741085005840;6851
2;1741085005999;5586
1;1741085006106;6425
3;1741085010864;6852
1;1741085010970;6426
2;1741085011258;5587
3;1741085015919;6853
2;1741085016025;5588
1;1741085016553;6427
3;1741085020896;6854
2;1741085020937;5589
1;1741085021545;6428
3;1741085025855;6855
1;1741085026112;6429
2;1741085026313;5590
3;1741085030909;6856
1;1741085031032;6430
3;1741085035852;6857
2;1741085036024;5591
1;1741085036360;6431
3;1741085040862;6858
1;1741085040920;6432
2;1741085041064;5592
3;1741085045869;6859
1;1741085045896;6433
2;1741085046087;5593
3;1741085050907;6860
2;1741085050988;5594
1;1741085051127;6434
3;1741085055821;6861
1;1741085056023;6435
2;1741085056807;5595
3;1741085060861;6862
2;1741085061027;5596
1;1741085061255;6436
3;1741085065867;6863
1;1741085065958;6437
2;1741085066695;5597
3;1741085070827;6864
2;1741085070967;5598
1;1741085071095;6438
3;1741085075882;6865
1;1741085075984;6439
2;1741085076054;5599
3;1741085080843;6866
1;1741085080917;6440
2;1741085081163;5600
3;1741085085850;6867
1;1741085085886;6441
2;1741085086069;5601
3;1741085090841;6868
1;1741085090917;6442
2;1741085091061;5602
3;1741085095833;6869
2;1741085096564;5603
1;1741085098852;6443
3;1741085100906;6870
2;1741085101588;5604
1;1741085103716;6444
3;1741085105861;6871
1;1741085105928;6445
2;1741085106068;5605
3;1741085110857;6872
1;1741085110941;6446
2;1741085111074;5606
3;1741085115926;6873
2;1741085116254;5607
1;1741085118661;6447
3;1741085120873;6874
1;1741085120899;6448
2;1741085121085;5608
3;1741085125864;6875
2;1741085126274;5609
1;1741085128382;6449
3;1741085130824;6876
1;1741085133699;6450
3;1741085135873;6877
1;1741085138083;6451
2;1741085138867;5610
3;1741085140838;6878
1;1741085141043;6452
3;1741085145879;6879
1;1741085145906;6453
2;1741085146244;5611
3;1741085150823;6880
1;1741085151265;6454
3;1741085155829;6881
2;1741085156096;5612
1;1741085156416;6455
1;1741085161063;6456
2;1741085161409;5613
2;1741085166016;5614
1;1741085166320;6457
3;1741085170836;6882
3;1741085170884;6883
1;1741085170944;6458
2;1741085173119;5615
3;1741085175845;6884
1;1741085175944;6459
2;1741085176194;5616
3;1741085180821;6885
1;1741085183935;6460
3;1741085185872;6886
1;1741085186127;6461
2;1741085188110;5617
3;1741085190899;6887
1;1741085190969;6462
2;1741085191182;5618
3;1741085195874;6888
1;1741085195884;6463
2;1741085196174;5619
3;1741085200899;6889
1;1741085200990;6464
2;1741085201274;5620
3;1741085205843;6890
1;1741085205933;6465
2;1741085206046;5621
3;1741085210834;6891
2;1741085211245;5622
1;1741085211403;6466
3;1741085215938;6892
2;1741085216074;5623
1;1741085216365;6467
3;1741085220929;6893
1;1741085221004;6468
2;1741085221564;5624
3;1741085225826;6894
1;1741085226173;6469
2;1741085228893;5625
3;1741085230860;6895
1;1741085230988;6470
2;1741085231164;5626
3;1741085235842;6896
1;1741085235891;6471
2;1741085236395;5627
3;1741085240870;6897
1;1741085240918;6472
2;1741085241295;5628
3;1741085245894;6898
1;1741085245996;6473
2;1741085246198;5629
3;1741085250861;6899
1;1741085250971;6474
2;1741085253238;5630
3;1741085255839;6900
1;1741085256091;6475
3;1741085260910;6901
1;1741085261178;6476
2;1741085261261;5631
3;1741085265825;6902
2;1741085265994;5632
1;1741085266458;6477
3;1741085270831;6903
1;1741085271730;6478
2;1741085273753;5633
3;1741085275840;6904
1;1741085275878;6479
2;1741085276009;5634
3;1741085280847;6905
1;1741085281177;6480
2;1741085281339;5635
3;1741085285855;6906
1;1741085286121;6481
2;1741085288920;5636
3;1741085290861;6907
1;1741085290984;6482
2;1741085291330;5637
3;1741085295839;6908
2;1741085296088;5638
1;1741085296296;6483
3;1741085300940;6909
2;1741085301209;5639
1;1741085301385;6484
3;1741085305870;6910
2;1741085308162;5640
1;1741085308259;6485
3;1741085310876;6911
2;1741085311236;5641
1;1741085311272;6486
3;1741085315887;6912
1;1741085315934;6487
2;1741085316118;5642
3;1741085320851;6913
2;1741085321058;5643
1;1741085323720;6488
3;1741085325836;6914
2;1741085326054;5644
1;1741085328742;6489
3;1741085330827;6915
2;1741085330923;5645
1;1741085331318;6490
3;1741085335836;6916
2;1741085336421;5646
1;1741085338693;6491
3;1741085340891;6917
2;1741085340933;5647
1;1741085341061;6492
3;1741085345904;6918
2;1741085346103;5648
1;1741085348086;6493
3;1741085350867;6919
1;1741085350902;6494
2;1741085351142;5649
3;1741085355835;6920
1;1741085355926;6495
2;1741085358228;5650
3;1741085360841;6921
1;1741085360930;6496
2;1741085361236;5651
3;1741085365860;6922
2;1741085368563;5652
1;1741085368627;6497
3;1741085370825;6923
2;1741085370979;5653
1;1741085371139;6498
3;1741085375848;6924
1;1741085375987;6499
2;1741085376102;5654
3;1741085380868;6925
1;1741085381347;6500
2;1741085381475;5655
3;1741085385848;6926
1;1741085385922;6501
2;1741085386082;5656
3;1741085390872;6927
1;1741085390966;6502
2;1741085391218;5657
3;1741085395894;6928
1;1741085395987;6503
2;1741085396355;5658
3;1741085400839;6929
1;1741085400945;6504
2;1741085401249;5659
3;1741085405833;6930
1;1741085405985;6505
2;1741085408689;5660
3;1741085410824;6931
1;1741085411072;6506
2;1741085411434;5661
3;1741085415832;6932
2;1741085416017;5662
1;1741085418881;6507
3;1741085420825;6933
2;1741085421168;5663
1;1741085422928;6508
3;1741085425859;6934
1;1741085425951;6509
2;1741085426224;5664
3;1741085430837;6935
2;1741085430911;5665
1;1741085431263;6510
3;1741085435860;6936
2;1741085436064;5666
1;1741085436095;6511
3;1741085440911;6937
2;1741085441002;5667
1;1741085441129;6512
3;1741085445868;6938
2;1741085446036;5668
1;1741085446263;6513
3;1741085450941;6939
2;1741085451033;5669
1;1741085451206;6514
3;1741085455849;6940
1;1741085455918;6515
2;1741085456126;5670
3;1741085460864;6941
2;1741085461357;5671
1;1741085463678;6516
3;1741085465971;6942
1;1741085466118;6517
2;1741085466253;5672
3;1741085470861;6943
1;1741085470925;6518
2;1741085473901;5673
3;1741085475859;6944
2;1741085476092;5674
1;1741085476139;6519
3;1741085480834;6945
2;1741085481036;5675
1;1741085481414;6520
3;1741085485867;6946
1;1741085485884;6521
2;1741085486108;5676
3;1741085490833;6947
1;1741085490925;6522
2;1741085491341;5677
3;1741085495824;6948
2;1741085498091;5678
1;1741085498699;6523
3;1741085502969;6949
1;1741085503131;6524
2;1741085503387;5679
3;1741085505874;6950
2;1741085505963;5680
1;1741085506121;6525
3;1741085510860;6951
1;1741085511115;6526
2;1741085511307;5681
3;1741085515842;6952
2;1741085516120;5682
1;1741085517014;6527
3;1741085520860;6953
2;1741085521034;5683
1;1741085523009;6528
3;1741085525884;6954
2;1741085526123;5684
1;1741085526251;6529
3;1741085530888;6955
1;1741085530953;6530
2;1741085531122;5685
3;1741085535855;6956
1;1741085536274;6531
2;1741085538873;5686
3;1741085540903;6957
1;1741085541058;6532
2;1741085541416;5687
3;1741085545837;6958
1;1741085545976;6533
2;1741085546152;5688
3;1741085550846;6959
1;1741085550888;6534
2;1741085551064;5689
3;1741085555861;6960
1;1741085555929;6535
2;1741085556111;5690
3;1741085560877;6961
1;1741085561015;6536
2;1741085563975;5691
3;1741085565853;6962
2;1741085566087;5692
1;1741085566519;6537
3;1741085570829;6963
2;1741085571047;5693
1;1741085574055;6538
3;1741085575863;6964
1;1741085576216;6539
2;1741085576904;5694
3;1741085580893;6965
1;1741085580982;6540
2;1741085583366;5695
3;1741085585846;6966
2;1741085586162;5696
1;1741085586598;6541
3;1741085590872;6967
2;1741085591445;5697
1;1741085591573;6542
3;1741085595851;6968
2;1741085596021;5698
1;1741085596197;6543
3;1741085600881;6969
1;1741085601382;6544
3;1741085605835;6970
1;1741085605926;6545
2;1741085606095;5699
3;1741085610867;6971
1;1741085610916;6546
2;1741085611065;5700
3;1741085615834;6972
1;1741085615917;6547
2;1741085616148;5701
3;1741085620842;6973
2;1741085621012;5702
1;1741085621733;6548
3;1741085626010;6974
2;1741085626275;5703
1;1741085626419;6549
3;1741085630872;6975
1;1741085630947;6550
2;1741085631491;5704
3;1741085635874;6976
2;1741085636003;5705
3;1741085640825;6977
2;1741085641618;5706
3;1741085645848;6978
2;1741085645923;5707
3;1741085650856;6979
2;1741085650946;5708
3;1741085655848;6980
2;1741085655873;5709
3;1741085660871;6981
2;1741085660913;5710
3;1741085665886;6982
2;1741085666017;5711
3;1741085670885;6983
2;1741085671040;5712
3;1741085675830;6984
2;1741085675936;5713
3;1741085680838;6985
2;1741085680896;5714
3;1741085685845;6986
2;1741085686032;5715
3;1741085690854;6987
2;1741085691354;5716
3;1741085695845;6988
2;1741085695887;5717
3;1741085700852;6989
2;1741085700944;5718
3;1741085705935;6990
2;1741085706032;5719
3;1741085710867;6991
2;1741085710878;5720
3;1741085715861;6992
2;1741085715966;5721
3;1741085720865;6993
2;1741085721005;5722
3;1741085725872;6994
2;1741085726157;5723
3;1741085730836;6995
2;1741085730957;5724
3;1741085735826;6996
3;1741085740882;6997
2;1741085740972;5725
3;1741085745860;6998
2;1741085745932;5726
3;1741085750892;6999
2;1741085751052;5727
3;1741085755826;7000
2;1741085756347;5728
3;1741085760849;7001
2;1741085761132;5729
3;1741085765857;7002
2;1741085765943;5730
3;1741085770832;7003
2;1741085770906;5731
3;1741085775872;7004
2;1741085775946;5732
3;1741085780833;7005
2;1741085781050;5733
3;1741085785920;7006
2;1741085785994;5734
3;1741085790864;7007
2;1741085790938;5735
3;1741085795870;7008
2;1741085798610;5736
3;1741085800845;7009
2;1741085800920;5737
3;1741085805821;7010
2;1741085808264;5738
3;1741085810861;7011
2;1741085810948;5739
3;1741085815893;7012
2;1741085815970;5740
3;1741085820831;7013
2;1741085820935;5741
3;1741085825837;7014
2;1741085826263;5742
3;1741085830828;7015
2;1741085830998;5743
3;1741085835820;7016
2;1741085836001;5744
3;1741085840868;7017
2;1741085840896;5745
3;1741085845836;7018
2;1741085846054;5746
3;1741085850844;7019
2;1741085851142;5747
3;1741085855941;7020
3;1741085860828;7021
2;1741085861013;5748
3;1741085865834;7022
2;1741085866069;5749
3;1741085870915;7023
2;1741085871045;5750
3;1741085875865;7024
2;1741085875972;5751
3;1741085880826;7025
3;1741085885875;7026
2;1741085886131;5752
3;1741085890903;7027
2;1741085891123;5753
3;1741085895844;7028
2;1741085895922;5754
3;1741085900873;7029
2;1741085900964;5755
3;1741085905843;7030
2;1741085906081;5756
3;1741085910898;7031
2;1741085911057;5757
3;1741085915859;7032
2;1741085915921;5758
3;1741085920880;7033
2;1741085920945;5759
3;1741085925831;7034
2;1741085926241;5760
3;1741085930822;7035
2;1741085931280;5761
3;1741085935845;7036
2;1741085935920;5762
3;1741085940822;7037
2;1741085941022;5763
3;1741085945846;7038
2;1741085945919;5764
3;1741085950866;7039
2;1741085950903;5765
3;1741085955831;7040
2;1741085955999;5766
3;1741085960886;7041
2;1741085960927;5767
3;1741085965829;7042
2;1741085966382;5768
3;1741085970836;7043
2;1741085971078;5769
3;1741085975888;7044
2;1741085979021;5770
3;1741085980872;7045
2;1741085980941;5771
3;1741085985843;7046
2;1741085985965;5772
3;1741085990850;7047
2;1741085991133;5773
3;1741085995828;7048
2;1741085996140;5774
3;1741086000834;7049
2;1741086003902;5775
3;1741086005898;7050
2;1741086006012;5776
3;1741086010866;7051
2;1741086010956;5777
3;1741086015839;7052
2;1741086015883;5778
3;1741086020833;7053
2;1741086021355;5779
3;1741086025888;7054
2;1741086025994;5780
3;1741086030848;7055
2;1741086031050;5781
3;1741086035827;7056
2;1741086038842;5782
3;1741086040850;7057
2;1741086041094;5783
3;1741086045838;7058
2;1741086046041;5784
3;1741086050862;7059
2;1741086051033;5785
3;1741086055887;7060
2;1741086056121;5786
3;1741086060829;7061
2;1741086061128;5787
3;1741086065853;7062
3;1741086070830;7063
2;1741086071304;5788
3;1741086075822;7064
2;1741086076125;5789
3;1741086080844;7065
2;1741086080988;5790
3;1741086085886;7066
2;1741086085942;5791
3;1741086090844;7067
2;1741086090950;5792
3;1741086095884;7068
2;1741086095942;5793
3;1741086100874;7069
2;1741086100998;5794
3;1741086105882;7070
2;1741086105958;5795
3;1741086110827;7071
2;1741086111033;5796
3;1741086115877;7072
2;1741086115941;5797
3;1741086120841;7073
2;1741086120923;5798
3;1741086125837;7074
2;1741086126190;5799
3;1741086130867;7075
2;1741086130899;5800
3;1741086135891;7076
3;1741086140873;7077
2;1741086140963;5801
3;1741086145838;7078
2;1741086146238;5802
3;1741086150883;7079
2;1741086150965;5803
3;1741086155833;7080
2;1741086158899;5804
3;1741086160847;7081
2;1741086160898;5805
3;1741086165846;7082
2;1741086166356;5806
3;1741086170838;7083
2;1741086170876;5807
3;1741086175831;7084
2;1741086175969;5808
3;1741086180822;7085
2;1741086181073;5809
3;1741086185958;7086
2;1741086188962;5810
3;1741086190880;7087
2;1741086190944;5811
3;1741086195846;7088
2;1741086195872;5812
3;1741086200917;7089
2;1741086201025;5813
3;1741086205902;7090
2;1741086205985;5814
3;1741086210911;7091
2;1741086210927;5815
3;1741086215843;7092
2;1741086215935;5816
3;1741086220863;7093
2;1741086220910;5817
3;1741086225843;7094
2;1741086225998;5818
3;1741086230864;7095
2;1741086231264;5819
3;1741086235843;7096
2;1741086235917;5820
3;1741086240859;7097
2;1741086241029;5821
3;1741086245827;7098
2;1741086245950;5822
1;1741086248295;6551
3;1741086250835;7099
2;1741086251085;5823
1;1741086251757;6552
3;1741086255827;7100
1;1741086256173;6553
2;1741086258253;5824
3;1741086260898;7101
2;1741086260957;5825
1;1741086261261;6554
3;1741086265825;7102
1;1741086266252;6555
2;1741086269020;5826
3;1741086270865;7103
1;1741086270955;6556
2;1741086271070;5827
3;1741086275858;7104
1;1741086275920;6557
2;1741086276075;5828
3;1741086280833;7105
2;1741086280939;5829
1;1741086281323;6558
3;1741086285920;7106
2;1741086288187;5830
3;1741086290848;7107
1;1741086291066;6559
2;1741086291243;5831
3;1741086295825;7108
2;1741086298906;5832
1;1741086299225;6560
3;1741086300847;7109
0;1741086300921;6452
1;1741086301033;6561
2;1741086301129;5833
3;1741086305855;7110
0;1741086305881;6453
1;1741086306329;6562
2;1741086308105;5834
3;1741086310864;7111
0;1741086311133;6454
1;1741086311193;6563
2;1741086313961;5835
3;1741086315841;7112
0;1741086315897;6455
1;1741086316377;6564
2;1741086316473;5836
3;1741086320833;7113
1;1741086320921;6565
0;1741086321096;6456
2;1741086321320;5837
3;1741086325839;7114
0;1741086325929;6457
2;1741086326077;5838
1;1741086326200;6566
3;1741086330846;7115
1;1741086330962;6567
0;1741086331240;6458
2;1741086331336;5839
3;1741086335822;7116
0;1741086335928;6459
2;1741086336108;5840
1;1741086336263;6568
3;1741086340844;7117
0;1741086340983;6460
1;1741086341191;6569
2;1741086341351;5841
3;1741086345836;7118
0;1741086345879;6461
1;1741086346023;6570
2;1741086346423;5842
3;1741086350828;7119
2;1741086351418;5843
0;1741086351606;6462
1;1741086354118;6571
3;1741086355836;7120
0;1741086355938;6463
2;1741086356102;5844
1;1741086356262;6572
3;1741086360844;7121
0;1741086360918;6464
2;1741086361062;5845
1;1741086361206;6573
3;1741086365851;7122
2;1741086366118;5846
0;1741086366182;6465
1;1741086368933;6574
3;1741086370827;7123
0;1741086371205;6466
2;1741086371426;5847
3;1741086375882;7124
0;1741086375925;6467
1;1741086376133;6575
2;1741086376325;5848
3;1741086380922;7125
0;1741086381002;6468
2;1741086381108;5849
1;1741086381284;6576
3;1741086385851;7126
1;1741086386260;6577
0;1741086386453;6469
2;1741086386548;5850
3;1741086390953;7127
0;1741086391076;6470
1;1741086391220;6578
2;1741086391421;5851
3;1741086395860;7128
1;1741086395987;6579
0;1741086396660;6471
2;1741086398691;5852
3;1741086400840;7129
0;1741086400947;6472
2;1741086401155;5853
1;1741086401184;6580
3;1741086405848;7130
0;1741086405923;6473
1;1741086406120;6581
2;1741086408211;5854
3;1741086410856;7131
1;1741086411139;6582
0;1741086411395;6474
2;1741086411619;5855
3;1741086415880;7132
0;1741086415893;6475
2;1741086415938;5856
1;1741086416787;6583
3;1741086420839;7133
0;1741086421234;6476
1;1741086421394;6584
2;1741086421714;5857
3;1741086425864;7134
0;1741086425923;6477
1;1741086426082;6585
2;1741086426306;5858
3;1741086430839;7135
1;1741086431206;6586
2;1741086431489;5859
0;1741086431553;6478
3;1741086435879;7136
0;1741086435914;6479
1;1741086436193;6587
2;1741086436913;5860
3;1741086440837;7137
0;1741086440871;6480
1;1741086441057;6588
2;1741086441665;5861
3;1741086445878;7138
1;1741086446048;6589
0;1741086449152;6481
2;1741086449296;5862
3;1741086450854;7139
0;1741086450952;6482
1;1741086451072;6590
2;1741086451232;5863
3;1741086455849;7140
0;1741086455936;6483
1;1741086456032;6591
2;1741086458480;5864
3;1741086460870;7141
1;1741086461232;6592
0;1741086461920;6484
2;1741086462352;5865
3;1741086465832;7142
2;1741086468191;5866
0;1741086468895;6485
3;1741086470837;7143
0;1741086470949;6486
1;1741086471135;6593
2;1741086471311;5867
3;1741086475828;7144
0;1741086476111;6487
2;1741086476602;5868
3;1741086480853;7145
0;1741086480879;6488
1;1741086480990;6594
2;1741086484188;5869
3;1741086485829;7146
0;1741086485966;6489
1;1741086486046;6595
2;1741086486238;5870
3;1741086490837;7147
0;1741086490980;6490
2;1741086491054;5871
1;1741086494381;6596
3;1741086495875;7148
0;1741086495965;6491
1;1741086496221;6597
2;1741086496349;5872
3;1741086500819;7149
0;1741086500925;6492
2;1741086501101;5873
1;1741086503949;6598
3;1741086505858;7150
0;1741086505942;6493
2;1741086506061;5874
1;1741086506173;6599
3;1741086510859;7151
1;1741086511238;6600
3;1741086515826;7152
1;1741086515967;6601
0;1741086516044;6494
2;1741086516556;5875
3;1741086520832;7153
0;1741086520930;6495
1;1741086521168;6602
2;1741086521276;5876
3;1741086525938;7154
2;1741086526188;5877
1;1741086528539;6603
0;1741086529115;6496
3;1741086530875;7155
0;1741086530885;6497
2;1741086531023;5878
1;1741086534187;6604
3;1741086535857;7156
0;1741086536092;6498
2;1741086536251;5879
1;1741086538491;6605
3;1741086540832;7157
0;1741086540907;6499
1;1741086541179;6606
2;1741086541386;5880
3;1741086545919;7158
2;1741086545978;5881
1;1741086546202;6607
0;1741086549114;6500
3;1741086550881;7159
2;1741086550986;5882
0;1741086551037;6501
1;1741086553946;6608
3;1741086555838;7160
0;1741086555878;6502
2;1741086555979;5883
1;1741086556410;6609
3;1741086560863;7161
1;1741086561050;6610
0;1741086561237;6503
2;1741086561273;5884
3;1741086565870;7162
0;1741086565898;6504
1;1741086566041;6611
2;1741086566233;5885
3;1741086570879;7163
1;1741086570961;6612
0;1741086571004;6505
2;1741086571449;5886
3;1741086575902;7164
0;1741086575992;6506
2;1741086576136;5887
1;1741086576360;6613
3;1741086580831;7165
1;1741086581192;6614
2;1741086583208;5888
0;1741086583768;6507
3;1741086585887;7166
0;1741086585976;6508
1;1741086586200;6615
2;1741086589208;5889
3;1741086590831;7167
1;1741086591201;6616
0;1741086594280;6509
2;1741086594519;5890
3;1741086595823;7168
0;1741086595943;6510
2;1741086596327;5891
3;1741086600845;7169
1;1741086601011;6617
0;1741086601207;6511
2;1741086601367;5892
3;1741086605851;7170
0;1741086605991;6512
2;1741086606183;5893
3;1741086610939;7171
0;1741086611014;6513
1;1741086611426;6618
2;1741086614294;5894
3;1741086615914;7172
2;1741086616438;5895
0;1741086616518;6514
1;1741086619174;6619
3;1741086620846;7173
0;1741086620927;6515
2;1741086620998;5896
1;1741086621190;6620
3;1741086625835;7174
1;1741086626069;6621
0;1741086626277;6516
2;1741086626405;5897
3;1741086630859;7175
1;1741086630949;6622
0;1741086631589;6517
2;1741086631701;5898
3;1741086635850;7176
2;1741086639444;5899
3;1741086640858;7177
0;1741086640900;6518
1;1741086641300;6623
2;1741086643428;5900
3;1741086645834;7178
0;1741086646052;6519
1;1741086646468;6624
2;1741086646516;5901
3;1741086650858;7179
0;1741086650870;6520
1;1741086650954;6625
2;1741086651188;5902
3;1741086655848;7180
0;1741086655947;6521
1;1741086656068;6626
2;1741086656819;5903
3;1741086660867;7181
0;1741086661043;6522
1;1741086661171;6627
2;1741086661683;5904
3;1741086665832;7182
0;1741086665891;6523
1;1741086666420;6628
2;1741086669412;5905
3;1741086670840;7183
0;1741086670914;6524
2;1741086670957;5906
1;1741086671138;6629
3;1741086675865;7184
0;1741086675941;6525
1;1741086676246;6630
2;1741086679220;5907
3;1741086680838;7185
0;1741086680962;6526
1;1741086681086;6631
2;1741086681554;5908
3;1741086685847;7186
0;1741086685922;6527
2;1741086686082;5909
1;1741086686114;6632
3;1741086690872;7187
1;1741086690961;6633
2;1741086691105;5910
0;1741086691228;6528
3;1741086695863;7188
0;1741086695901;6529
1;1741086696033;6634
2;1741086699377;5911
3;1741086700869;7189
0;1741086700929;6530
1;1741086701089;6635
2;1741086701201;5912
3;1741086705878;7190
0;1741086705952;6531
2;1741086706032;5913
1;1741086706160;6636
3;1741086710870;7191
0;1741086710912;6532
2;1741086710963;5914
1;1741086711104;6637
3;1741086715862;7192
0;1741086715924;6533
2;1741086716178;5915
1;1741086718608;6638
3;1741086720869;7193
2;1741086721055;5916
0;1741086721487;6534
1;1741086723983;6639
3;1741086725861;7194
1;1741086725967;6640
2;1741086726119;5917
0;1741086726130;6535
3;1741086730821;7195
1;1741086731103;6641
0;1741086731471;6536
2;1741086731567;5918
3;1741086735829;7196
1;1741086735950;6642
2;1741086736095;5919
3;1741086740852;7197
0;1741086740935;6537
2;1741086741118;5920
1;1741086741422;6643
3;1741086745828;7198
0;1741086746062;6538
2;1741086746446;5921
1;1741086749182;6644
3;1741086750867;7199
0;1741086750880;6539
2;1741086751016;5922
1;1741086751294;6645
3;1741086755859;7200
0;1741086755901;6540
2;1741086756061;5923
1;1741086756699;6646
3;1741086760852;7201
0;1741086760877;6541
2;1741086761021;5924
1;1741086761293;6647
3;1741086765843;7202
0;1741086765901;6542
1;1741086766173;6648
2;1741086766317;5925
3;1741086770866;7203
0;1741086770908;6543
2;1741086771116;5926
1;1741086771724;6649
3;1741086775841;7204
0;1741086775900;6544
2;1741086776101;5927
1;1741086776220;6650
3;1741086780833;7205
0;1741086781163;6545
2;1741086781244;5928
1;1741086783997;6651
3;1741086785840;7206
0;1741086785915;6546
1;1741086786068;6652
2;1741086786299;5929
3;1741086790865;7207
0;1741086790891;6547
2;1741086791051;5930
1;1741086791356;6653
3;1741086795839;7208
0;1741086795915;6548
2;1741086796106;5931
1;1741086796203;6654
3;1741086800831;7209
0;1741086800951;6549
2;1741086801050;5932
1;1741086801243;6655
3;1741086805887;7210
2;1741086806186;5933
0;1741086806422;6550
1;1741086808858;6656
3;1741086810910;7211
1;1741086811306;6657
0;1741086811642;6551
2;1741086811818;5934
3;1741086815837;7212
1;1741086816154;6658
2;1741086816346;5935
0;1741086816422;6552
3;1741086820859;7213
1;1741086820889;6659
2;1741086821338;5936
0;1741086821866;6553
3;1741086825838;7214
0;1741086825881;6554
2;1741086826003;5937
1;1741086826298;6660
3;1741086830830;7215
0;1741086831161;6555
2;1741086831321;5938
1;1741086834473;6661
3;1741086835823;7216
1;1741086836328;6662
2;1741086838328;5939
0;1741086839080;6556
3;1741086840861;7217
1;1741086840978;6663
0;1741086841048;6557
2;1741086841720;5940
3;1741086845864;7218
0;1741086845880;6558
2;1741086846105;5941
1;1741086846323;6664
3;1741086850829;7219
0;1741086850887;6559
2;1741086850999;5942
1;1741086853895;6665
3;1741086855869;7220
0;1741086855927;6560
2;1741086856087;5943
1;1741086856455;6666
3;1741086860846;7221
0;1741086861047;6561
2;1741086861175;5944
1;1741086861303;6667
3;1741086865821;7222
0;1741086866087;6562
2;1741086866294;5945
1;1741086868918;6668
3;1741086870843;7223
0;1741086870918;6563
1;1741086871174;6669
2;1741086874070;5946
3;1741086877108;7224
0;1741086877270;6564
2;1741086877385;5947
1;1741086877638;6670
3;1741086880827;7225
2;1741086880966;5948
0;1741086881045;6565
1;1741086882965;6671
3;1741086885859;7226
0;1741086885926;6566
1;1741086886053;6672
2;1741086886469;5949
3;1741086890858;7227
0;1741086890917;6567
2;1741086890997;5950
1;1741086891141;6673
3;1741086895866;7228
0;1741086895893;6568
1;1741086896005;6674
2;1741086896133;5951
3;1741086900841;7229
0;1741086900884;6569
2;1741086901044;5952
1;1741086901157;6675
3;1741086905851;7230
0;1741086905908;6570
1;1741086906100;6676
2;1741086909140;5953
3;1741086910826;7231
0;1741086910948;6571
2;1741086911316;5954
1;1741086914014;6677
3;1741086915910;7232
0;1741086915923;6572
1;1741086916211;6678
2;1741086916915;5955
3;1741086920858;7233
0;1741086921123;6573
2;1741086921299;5956
1;1741086923875;6679
3;1741086925846;7234
0;1741086926164;6574
1;1741086926388;6680
2;1741086926516;5957
3;1741086930857;7235
1;1741086930964;6681
0;1741086931284;6575
2;1741086931668;5958
3;1741086935928;7236
1;1741086936018;6682
0;1741086936098;6576
2;1741086936354;5959
3;1741086940839;7237
0;1741086940943;6577
2;1741086941250;5960
1;1741086942946;6683
3;1741086945864;7238
0;1741086946018;6578
2;1741086946178;5961
1;1741086946274;6684
3;1741086950884;7239
0;1741086950929;6579
1;1741086951297;6685
2;1741086954497;5962
3;1741086955862;7240
0;1741086955874;6580
1;1741086956049;6686
2;1741086956225;5963
3;1741086960838;7241
0;1741086960885;6581
1;1741086961104;6687
2;1741086961233;5964
3;1741086965878;7242
1;1741086965968;6688
0;1741086966048;6582
2;1741086969538;5965
3;1741086970866;7243
0;1741086970944;6583
1;1741086971072;6689
2;1741086974224;5966
3;1741086975910;7244
0;1741086976000;6584
2;1741086976291;5967
1;1741086978704;6690
3;1741086980869;7245
0;1741086980975;6585
1;1741086981153;6691
2;1741086981311;5968
3;1741086985876;7246
0;1741086986495;6586
2;1741086986639;5969
1;1741086989471;6692
3;1741086990858;7247
0;1741086991167;6587
2;1741086991279;5970
1;1741086994046;6693
3;1741086995844;7248
0;1741086996270;6588
2;1741086996382;5971
1;1741086996702;6694
0;1741087000862;6589
3;1741087000872;7249
2;1741087001042;5972
1;1741087001278;6695
3;1741087005843;7250
1;1741087005934;6696
2;1741087006015;5973
0;1741087006078;6590
3;1741087010883;7251
1;1741087011006;6697
0;1741087011150;6591
2;1741087011470;5974
3;1741087015828;7252
0;1741087016013;6592
2;1741087016221;5975
1;1741087018749;6698
3;1741087020860;7253
2;1741087024077;5976
0;1741087024397;6593
3;1741087025827;7254
0;1741087025997;6594
2;1741087026122;5977
3;1741087030883;7255
0;1741087031004;6595
2;1741087031212;5978
1;1741087031276;6699
3;1741087035875;7256
0;1741087035974;6596
2;1741087036156;5979
1;1741087036380;6700
3;1741087040834;7257
1;1741087040972;6701
0;1741087041165;6597
2;1741087041661;5980
3;1741087045857;7258
0;1741087047947;6598
3;1741087050833;7259
2;1741087053099;5981
0;1741087053403;6599
1;1741087054187;6702
3;1741087055838;7260
1;1741087056043;6703
0;1741087056268;6600
2;1741087056458;5982
3;1741087060833;7261
2;1741087061051;5983
0;1741087061099;6601
3;1741087065857;7262
2;1741087066042;5984
0;1741087066266;6602
3;1741087070833;7263
1;1741087071322;6704
0;1741087073146;6603
2;1741087074474;5985
3;1741087075874;7264
0;1741087075917;6604
1;1741087076329;6705
2;1741087078473;5986
3;1741087080898;7265
0;1741087080931;6605
2;1741087081130;5987
1;1741087081353;6706
3;1741087085822;7266
2;1741087086089;5988
0;1741087086362;6606
1;1741087088176;6707
3;1741087090864;7267
0;1741087090890;6607
1;1741087090970;6708
2;1741087091338;5989
3;1741087095821;7268
1;1741087096073;6709
0;1741087096107;6608
2;1741087096349;5990
3;1741087100829;7269
1;1741087100967;6710
0;1741087101224;6609
2;1741087101336;5991
3;1741087105821;7270
1;1741087105976;6711
0;1741087106392;6610
2;1741087106807;5992
3;1741087110864;7271
0;1741087111319;6611
1;1741087111511;6712
2;1741087111575;5993
3;1741087115837;7272
0;1741087116039;6612
2;1741087116153;5994
1;1741087116199;6713
3;1741087120844;7273
0;1741087121173;6613
1;1741087121288;6714
2;1741087121432;5995
3;1741087125836;7274
0;1741087126023;6614
1;1741087126150;6715
2;1741087126695;5996
3;1741087130829;7275
0;1741087131110;6615
2;1741087131334;5997
1;1741087132902;6716
3;1741087135836;7276
0;1741087135862;6616
2;1741087136054;5998
1;1741087136391;6717
3;1741087140892;7277
0;1741087140934;6617
2;1741087141046;5999
1;1741087144101;6718
3;1741087145898;7278
0;1741087145937;6618
1;1741087146389;6719
2;1741087148405;6000
3;1741087150860;7279
0;1741087150908;6619
2;1741087151013;6001
1;1741087151141;6720
3;1741087155860;7280
0;1741087156052;6620
2;1741087156244;6002
1;1741087159028;6721
3;1741087160891;7281
1;1741087160935;6722
2;1741087161188;6003
0;1741087161252;6621
3;1741087165834;7282
0;1741087165908;6622
2;1741087166148;6004
1;1741087166404;6723
3;1741087170841;7283
0;1741087170958;6623
2;1741087171268;6005
1;1741087171316;6724
3;1741087175833;7284
0;1741087176052;6624
2;1741087176340;6006
1;1741087178900;6725
3;1741087180825;7285
0;1741087181011;6625
1;1741087181171;6726
2;1741087181347;6007
3;1741087185881;7286
0;1741087186000;6626
1;1741087186211;6727
2;1741087189059;6008
3;1741087190904;7287
0;1741087190979;6627
2;1741087191172;6009
3;1741087195895;7288
0;1741087196255;6628
2;1741087196434;6010
1;1741087198914;6728
0;1741087200898;6629
3;1741087200909;7289
2;1741087200994;6011
1;1741087201265;6729
3;1741087205832;7290
0;1741087205922;6630
2;1741087206194;6012
1;1741087209106;6730
3;1741087210871;7291
0;1741087210993;6631
1;1741087211105;6731
2;1741087213985;6013
3;1741087215890;7292
0;1741087215937;6632
1;1741087216145;6732
2;1741087216465;6014
3;1741087220824;7293
1;1741087223058;6733
0;1741087223218;6633
2;1741087224226;6015
3;1741087225866;7294
0;1741087226002;6634
2;1741087226529;6016
1;1741087227969;6734
3;1741087230854;7295
0;1741087230928;6635
2;1741087230992;6017
1;1741087231344;6735
3;1741087235829;7296
1;1741087236080;6736
0;1741087236253;6636
2;1741087236410;6018
3;1741087240837;7297
0;1741087240944;6637
2;1741087241023;6019
1;1741087241503;6737
3;1741087245845;7298
1;1741087245973;6738
0;1741087245984;6638
2;1741087246204;6020
3;1741087250837;7299
1;1741087253777;6739
0;1741087254143;6639
2;1741087254287;6021
3;1741087255828;7300
2;1741087257986;6022
1;1741087259262;6740
3;1741087260853;7301
0;1741087261006;6640
2;1741087261215;6023
1;1741087264174;6741
3;1741087265925;7302
2;1741087266094;6024
0;1741087266203;6641
1;1741087266286;6742
3;1741087270868;7303
0;1741087270942;6642
1;1741087271326;6743
2;1741087274350;6025
3;1741087275876;7304
0;1741087275949;6643
2;1741087276077;6026
1;1741087276398;6744
3;1741087280835;7305
1;1741087281117;6745
2;1741087284221;6027
0;1741087284445;6644
3;1741087285843;7306
0;1741087285901;6645
1;1741087286013;6746
2;1741087286188;6028
3;1741087290860;7307
0;1741087290911;6646
2;1741087291102;6029
1;1741087291390;6747
3;1741087295868;7308
2;1741087295949;6030
1;1741087298940;6748
3;1741087300834;7309
1;1741087301484;6749
2;1741087301740;6031
0;1741087301900;6647
3;1741087305842;7310
1;1741087306092;6750
0;1741087306155;6648
2;1741087308443;6032
3;1741087310833;7311
0;1741087311035;6649
2;1741087311291;6033
1;1741087313899;6751
3;1741087315905;7312
0;1741087316059;6650
2;1741087316235;6034
1;1741087318955;6752
3;1741087320865;7313
0;1741087320954;6651
1;1741087321125;6753
2;1741087321291;6035
3;1741087325953;7314
2;1741087328058;6036
3;1741087330863;7315
0;1741087331258;6652
2;1741087331498;6037
1;1741087334107;6754
3;1741087335823;7316
0;1741087336300;6653
2;1741087336393;6038
1;1741087338985;6755
3;1741087340864;7317
0;1741087340921;6654
1;1741087341129;6756
2;1741087341250;6039
3;1741087345878;7318
0;1741087346185;6655
2;1741087346313;6040
1;1741087349177;6757
3;1741087350846;7319
0;1741087350920;6656
2;1741087351128;6041
1;1741087351208;6758
3;1741087355837;7320
0;1741087355976;6657
2;1741087356217;6042
1;1741087359320;6759
3;1741087360846;7321
0;1741087360936;6658
2;1741087361031;6043
3;1741087365821;7322
0;1741087368392;6659
2;1741087368759;6044
3;1741087370861;7323
2;1741087372951;6045
0;1741087373863;6660
3;1741087375839;7324
0;1741087375881;6661
2;1741087375959;6046
3;1741087380861;7325
0;1741087380983;6662
2;1741087381159;6047
3;1741087385902;7326
0;1741087385991;6663
2;1741087386295;6048
3;1741087390828;7327
2;1741087393809;6049
0;1741087393910;6664
3;1741087395821;7328
0;1741087398310;6665
2;1741087398790;6050
3;1741087400861;7329
3;1741087405914;7330
0;1741087406002;6666
2;1741087406149;6051
3;1741087410828;7331
0;1741087411077;6667
2;1741087411722;6052
3;1741087415849;7332
0;1741087416037;6668
2;1741087416229;6053
3;1741087420841;7333
0;1741087420900;6669
2;1741087421012;6054
3;1741087425834;7334
0;1741087426228;6670
2;1741087426772;6055
3;1741087430826;7335
0;1741087430948;6671
2;1741087431140;6056
3;1741087435832;7336
0;1741087435923;6672
2;1741087436115;6057
3;1741087440873;7337
0;1741087440944;6673
2;1741087441043;6058
3;1741087445833;7338
0;1741087446478;6674
2;1741087446496;6059
3;1741087450904;7339
0;1741087451635;6675
2;1741087454179;6060
3;1741087455896;7340
0;1741087455981;6676
2;1741087456178;6061
3;1741087460824;7341
0;1741087461170;6677
2;1741087461250;6062
3;1741087465894;7342
2;1741087466226;6063
0;1741087468337;6678
3;1741087470839;7343
0;1741087471202;6679
2;1741087471361;6064
3;1741087475831;7344
0;1741087475953;6680
2;1741087476449;6065
3;1741087480854;7345
0;1741087481474;6681
2;1741087481986;6066
3;1741087485831;7346
2;1741087486049;6067
0;1741087486156;6682
3;1741087490896;7347
2;1741087490982;6068
0;1741087491056;6683
3;1741087495862;7348
0;1741087495897;6684
2;1741087496032;6069
3;1741087500896;7349
0;1741087501000;6685
2;1741087501120;6070
3;1741087505846;7350
0;1741087505967;6686
2;1741087506383;6071
3;1741087510871;7351
0;1741087510911;6687
2;1741087511279;6072
3;1741087515862;7352
0;1741087515886;6688
2;1741087516448;6073
3;1741087520823;7353
0;1741087521054;6689
2;1741087521134;6074
3;1741087525872;7354
0;1741087526126;6690
2;1741087526318;6075
3;1741087530841;7355
2;1741087533070;6076
3;1741087535890;7356
0;1741087535917;6691
2;1741087536077;6077
3;1741087540878;7357
0;1741087541165;6692
2;1741087541693;6078
3;1741087545827;7358
2;1741087548269;6079
0;1741087549004;6693
3;1741087550881;7359
0;1741087550972;6694
2;1741087551452;6080
3;1741087555842;7360
0;1741087555887;6695
2;1741087556089;6081
3;1741087560834;7361
0;1741087560953;6696
2;1741087561052;6082
3;1741087565841;7362
0;1741087565916;6697
2;1741087566151;6083
3;1741087570897;7363
0;1741087570941;6698
2;1741087571043;6084
3;1741087575858;7364
0;1741087575956;6699
2;1741087576043;6085
3;1741087580832;7365
0;1741087580911;6700
2;1741087581036;6086
3;1741087585824;7366
0;1741087586106;6701
2;1741087586298;6087
3;1741087590859;7367
0;1741087591194;6702
2;1741087594330;6088
3;1741087595919;7368
0;1741087595946;6703
2;1741087596282;6089
3;1741087600860;7369
0;1741087601097;6704
2;1741087601202;6090
3;1741087605823;7370
0;1741087606065;6705
2;1741087606162;6091
3;1741087610856;7371
0;1741087610937;6706
2;1741087611225;6092
3;1741087615901;7372
0;1741087615959;6707
2;1741087616026;6093
3;1741087620831;7373
0;1741087621016;6708
2;1741087621224;6094
3;1741087625911;7374
0;1741087625944;6709
2;1741087626056;6095
3;1741087630862;7375
0;1741087630920;6710
2;1741087631384;6096
3;1741087635865;7376
0;1741087638817;6711
2;1741087638935;6097
3;1741087640828;7377
2;1741087641059;6098
0;1741087641304;6712
3;1741087645896;7378
0;1741087645998;6713
2;1741087646099;6099
3;1741087650905;7379
0;1741087650934;6714
2;1741087651286;6100
3;1741087655870;7380
0;1741087656057;6715
2;1741087656422;6101
3;1741087660845;7381
0;1741087660962;6716
2;1741087661042;6102
0;1741087665874;6717
3;1741087665884;7382
2;1741087665957;6103
3;1741087670843;7383
0;1741087670950;6718
2;1741087671383;6104
3;1741087675851;7384
0;1741087676277;6719
2;1741087676469;6105
3;1741087680891;7385
0;1741087680964;6720
2;1741087681077;6106
3;1741087685835;7386
0;1741087685925;6721
2;1741087686143;6107
3;1741087690841;7387
0;1741087690900;6722
2;1741087691060;6108
3;1741087695832;7388
0;1741087695972;6723
2;1741087696132;6109
3;1741087700825;7389
0;1741087701316;6724
2;1741087701395;6110
3;1741087705939;7390
0;1741087706099;6725
2;1741087706307;6111
3;1741087710825;7391
0;1741087711010;6726
2;1741087711138;6112
3;1741087715864;7392
2;1741087718290;6113
3;1741087720823;7393
0;1741087724066;6727
2;1741087724290;6114
3;1741087725847;7394
0;1741087725922;6728
2;1741087726178;6115
3;1741087730867;7395
0;1741087730913;6729
2;1741087731121;6116
3;1741087735863;7396
2;1741087736129;6117
0;1741087736177;6730
3;1741087740823;7397
0;1741087740977;6731
2;1741087741105;6118
3;1741087745889;7398
2;1741087745975;6119
0;1741087746177;6732
3;1741087750871;7399
0;1741087750913;6733
2;1741087751184;6120
3;1741087755845;7400
0;1741087756384;6734
2;1741087756752;6121
3;1741087760839;7401
0;1741087761178;6735
2;1741087761520;6122
3;1741087765872;7402
2;1741087767935;6123
0;1741087768832;6736
3;1741087770870;7403
2;1741087770944;6124
3;1741087775872;7404
0;1741087775919;6737
2;1741087776015;6125
3;1741087780836;7405
0;1741087780878;6738
2;1741087781017;6126
3;1741087785828;7406
0;1741087786016;6739
2;1741087786110;6127
3;1741087790864;7407
0;1741087791326;6740
2;1741087791597;6128
3;1741087795903;7408
0;1741087795950;6741
2;1741087796189;6129
3;1741087800860;7409
0;1741087802957;6742
2;1741087803122;6130
3;1741087805827;7410
0;1741087805965;6743
2;1741087806189;6131
3;1741087810859;7411
0;1741087810967;6744
2;1741087811340;6132
3;1741087815826;7412
0;1741087816364;6745
2;1741087818833;6133
3;1741087820834;7413
0;1741087821516;6746
2;1741087821644;6134
3;1741087825868;7414
2;1741087828300;6135
0;1741087828875;6747
3;1741087830865;7415
0;1741087830876;6748
2;1741087831067;6136
3;1741087835841;7416
0;1741087835943;6749
2;1741087836075;6137
3;1741087840860;7417
0;1741087840915;6750
2;1741087841211;6138
3;1741087845824;7418
2;1741087845883;6139
0;1741087846172;6751
3;1741087850848;7419
0;1741087850890;6752
2;1741087851202;6140
3;1741087855823;7420
0;1741087856811;6753
2;1741087856990;6141
3;1741087860863;7421
0;1741087860907;6754
2;1741087861019;6142
3;1741087865854;7422
0;1741087865931;6755
2;1741087866313;6143
3;1741087870847;7423
0;1741087870939;6756
2;1741087871369;6144
3;1741087875838;7424
0;1741087875881;6757
2;1741087875977;6145
3;1741087880846;7425
0;1741087880920;6758
2;1741087883896;6146
3;1741087885901;7426
0;1741087886040;6759
2;1741087886184;6147
3;1741087890845;7427
0;1741087891127;6760
2;1741087891319;6148
3;1741087895821;7428
2;1741087898087;6149
0;1741087898823;6761
3;1741087900829;7429
0;1741087901335;6762
2;1741087901719;6150
3;1741087905836;7430
2;1741087906247;6151
0;1741087906327;6763
3;1741087910829;7431
2;1741087911014;6152
0;1741087911078;6764
3;1741087915864;7432
2;1741087916038;6153
0;1741087916342;6765
3;1741087920827;7433
2;1741087923890;6154
0;1741087923990;6766
3;1741087925852;7434
0;1741087925941;6767
2;1741087926085;6155
3;1741087930843;7435
0;1741087930949;6768
2;1741087931205;6156
3;1741087935883;7436
0;1741087935973;6769
2;1741087936317;6157
3;1741087940859;7437
2;1741087943174;6158
0;1741087944262;6770
3;1741087945834;7438
0;1741087945972;6771
2;1741087946228;6159
3;1741087950842;7439
0;1741087950942;6772
2;1741087951860;6160
3;1741087955888;7440
0;1741087955972;6773
2;1741087956094;6161
3;1741087960936;7441
0;1741087961027;6774
2;1741087961219;6162
3;1741087965833;7442
2;1741087966330;6163
0;1741087966483;6775
3;1741087970898;7443
0;1741087971081;6776
2;1741087971187;6164
3;1741087975832;7444
0;1741087975954;6777
2;1741087976162;6165
3;1741087980825;7445
0;1741087981826;6778
2;1741087981954;6166
3;1741087985864;7446
0;1741087985875;6779
2;1741087986169;6167
3;1741087990855;7447
0;1741087990929;6780
2;1741087991073;6168
3;1741087995910;7448
0;1741087996401;6781
2;1741087996497;6169
3;1741088000895;7449
0;1741088000930;6782
2;1741088001105;6170
3;1741088005862;7450
0;1741088005872;6783
2;1741088006098;6171
3;1741088010821;7451
2;1741088011522;6172
0;1741088011617;6784
3;1741088015845;7452
0;1741088015920;6785
2;1741088016064;6173
3;1741088020837;7453
0;1741088020887;6786
2;1741088021152;6174
3;1741088025829;7454
0;1741088026063;6787
2;1741088026271;6175
3;1741088030912;7455
2;1741088031119;6176
0;1741088034207;6788
3;1741088035846;7456
0;1741088035935;6789
2;1741088036127;6177
3;1741088040837;7457
0;1741088041006;6790
2;1741088041310;6178
3;1741088045871;7458
2;1741088046398;6179
0;1741088046782;6791
3;1741088050852;7459
0;1741088050969;6792
2;1741088051150;6180
3;1741088055860;7460
0;1741088055885;6793
2;1741088055965;6181
3;1741088060835;7461
0;1741088061021;6794
2;1741088061318;6182
3;1741088065860;7462
0;1741088065967;6795
2;1741088066525;6183
3;1741088070860;7463
0;1741088071676;6796
2;1741088073564;6184
3;1741088075827;7464
0;1741088076100;6797
2;1741088076940;6185
3;1741088080866;7465
0;1741088080903;6798
2;1741088081036;6186
3;1741088085858;7466
0;1741088085932;6799
2;1741088086102;6187
3;1741088090833;7467
0;1741088090966;6800
2;1741088091209;6188
3;1741088095858;7468
0;1741088095953;6801
2;1741088096155;6189
3;1741088100832;7469
0;1741088101084;6802
2;1741088101244;6190
3;1741088105858;7470
0;1741088106060;6803
2;1741088106252;6191
3;1741088110833;7471
0;1741088111291;6804
2;1741088111435;6192
0;1741088115898;6805
3;1741088115910;7472
2;1741088116114;6193
3;1741088120908;7473
0;1741088120969;6806
2;1741088121178;6194
3;1741088125838;7474
0;1741088126105;6807
2;1741088126329;6195
3;1741088130862;7475
0;1741088130899;6808
2;1741088131145;6196
3;1741088135863;7476
2;1741088136210;6197
0;1741088136392;6809
3;1741088140846;7477
0;1741088141049;6810
2;1741088141254;6198
3;1741088145895;7478
0;1741088145972;6811
2;1741088146136;6199
3;1741088150845;7479
0;1741088151000;6812
2;1741088151176;6200
3;1741088155838;7480
0;1741088155979;6813
2;1741088156136;6201
3;1741088160845;7481
0;1741088160935;6814
2;1741088161191;6202
3;1741088165822;7482
0;1741088165962;6815
2;1741088166342;6203
3;1741088170861;7483
0;1741088170887;6816
2;1741088171011;6204
3;1741088175835;7484
0;1741088177954;6817
2;1741088178790;6205
3;1741088180859;7485
0;1741088181062;6818
2;1741088181286;6206
3;1741088185915;7486
0;1741088185970;6819
2;1741088186086;6207
3;1741088190888;7487
0;1741088190943;6820
2;1741088191189;6208
3;1741088195867;7488
0;1741088196197;6821
2;1741088196293;6209
3;1741088200856;7489
0;1741088200965;6822
2;1741088201413;6210
3;1741088205849;7490
0;1741088205925;6823
2;1741088206134;6211
3;1741088210867;7491
0;1741088210996;6824
2;1741088211236;6212
3;1741088215860;7492
2;1741088218771;6213
0;1741088218862;6825
3;1741088220857;7493
0;1741088220884;6826
2;1741088221059;6214
3;1741088225833;7494
0;1741088225923;6827
2;1741088226147;6215
3;1741088230873;7495
0;1741088230946;6828
2;1741088231139;6216
3;1741088235898;7496
0;1741088235922;6829
2;1741088236016;6217
3;1741088240824;7497
2;1741088241090;6218
0;1741088241170;6830
3;1741088245832;7498
0;1741088248259;6831
3;1741088251087;7499
0;1741088251242;6832
2;1741088251297;6219
3;1741088255849;7500
0;1741088256145;6833
2;1741088256225;6220
3;1741088260823;7501
0;1741088260943;6834
2;1741088261682;6221
3;1741088265830;7502
0;1741088265938;6835
2;1741088266065;6222
3;1741088270837;7503
0;1741088271120;6836
2;1741088271888;6223
3;1741088275830;7504
0;1741088276064;6837
2;1741088276272;6224
3;1741088280821;7505
0;1741088281233;6838
2;1741088281425;6225
3;1741088285830;7506
0;1741088285903;6839
2;1741088286255;6226
3;1741088290870;7507
0;1741088291023;6840
2;1741088291146;6227
3;1741088295872;7508
0;1741088295936;6841
2;1741088296576;6228
3;1741088300837;7509
0;1741088300862;6842
2;1741088301102;6229
3;1741088305903;7510
0;1741088305960;6843
2;1741088306287;6230
3;1741088310882;7511
1;1741088310925;6760
2;1741088311102;6231
0;1741088311316;6844
3;1741088315907;7512
1;1741088315953;6761
0;1741088316191;6845
2;1741088316383;6232
3;1741088320835;7513
1;1741088323901;6762
0;1741088324125;6846
3;1741088325826;7514
0;1741088325949;6847
2;1741088326109;6233
1;1741088329069;6763
3;1741088330833;7515
0;1741088330993;6848
2;1741088331180;6234
1;1741088333756;6764
3;1741088335873;7516
0;1741088336466;6849
2;1741088336524;6235
1;1741088338924;6765
3;1741088340865;7517
0;1741088341132;6850
2;1741088341260;6236
1;1741088344124;6766
3;1741088345920;7518
1;1741088346539;6767
0;1741088346603;6851
2;1741088346812;6237
3;1741088350865;7519
0;1741088350933;6852
2;1741088350987;6238
1;1741088351147;6768
3;1741088355824;7520
2;1741088358475;6239
1;1741088358843;6769
0;1741088359035;6853
3;1741088360864;7521
1;1741088361211;6770
0;1741088361643;6854
2;1741088361723;6240
3;1741088365872;7522
0;1741088365974;6855
1;1741088366075;6771
2;1741088366186;6241
3;1741088370831;7523
0;1741088372938;6856
1;1741088373210;6772
3;1741088375825;7524
2;1741088376298;6242
0;1741088376490;6857
1;1741088378938;6773
3;1741088380911;7525
1;1741088383609;6774
2;1741088384361;6243
3;1741088385822;7526
1;1741088386275;6775
2;1741088388345;6244
0;1741088389481;6858
3;1741088390847;7527
2;1741088391001;6245
0;1741088391129;6859
1;1741088391545;6776
3;1741088395871;7528
0;1741088395896;6860
2;1741088396017;6246
1;1741088396286;6777
3;1741088400958;7529
1;1741088401000;6778
0;1741088401736;6861
2;1741088402024;6247
3;1741088405822;7530
0;1741088406072;6862
1;1741088406216;6779
2;1741088406360;6248
3;1741088410862;7531
0;1741088410951;6863
2;1741088411159;6249
1;1741088411831;6780
3;1741088415837;7532
0;1741088415927;6864
1;1741088416103;6781
2;1741088416423;6250
3;1741088420846;7533
1;1741088420983;6782
0;1741088421099;6865
2;1741088421655;6251
3;1741088425837;7534
0;1741088425926;6866
1;1741088426198;6783
2;1741088427958;6252
3;1741088430845;7535
0;1741088430902;6867
1;1741088431030;6784
2;1741088431174;6253
3;1741088435851;7536
1;1741088435974;6785
0;1741088436246;6868
2;1741088436614;6254
3;1741088440843;7537
0;1741088440935;6869
1;1741088441126;6786
2;1741088441276;6255
3;1741088445835;7538
0;1741088445926;6870
2;1741088446967;6256
3;1741088450925;7539
1;1741088450980;6787
0;1741088451141;6871
2;1741088451381;6257
3;1741088455834;7540
2;1741088458287;6258
0;1741088458710;6872
0;1741088460868;6873
3;1741088460883;7541
2;1741088461044;6259
1;1741088461732;6788
3;1741088465866;7542
1;1741088466037;6789
0;1741088466149;6874
2;1741088466405;6260
3;1741088470857;7543
0;1741088470913;6875
1;1741088470996;6790
2;1741088471081;6261
3;1741088475834;7544
0;1741088476051;6876
2;1741088476259;6262
1;1741088478788;6791
3;1741088480858;7545
0;1741088481011;6877
1;1741088481189;6792
2;1741088481699;6263
3;1741088485859;7546
0;1741088485923;6878
2;1741088486042;6264
1;1741088486323;6793
3;1741088490825;7547
2;1741088493731;6265
1;1741088494083;6794
3;1741088495831;7548
2;1741088495954;6266
0;1741088496051;6879
1;1741088498770;6795
3;1741088500824;7549
1;1741088503263;6796
2;1741088504275;6267
0;1741088504595;6880
3;1741088505848;7550
0;1741088505907;6881
1;1741088506018;6797
2;1741088506114;6268
3;1741088510838;7551
1;1741088510945;6798
0;1741088511234;6882
2;1741088511362;6269
3;1741088515864;7552
0;1741088515906;6883
2;1741088516075;6270
1;1741088516675;6799
3;1741088520872;7553
0;1741088520998;6884
2;1741088521344;6271
1;1741088523905;6800
3;1741088525847;7554
0;1741088525921;6885
2;1741088526049;6272
1;1741088526097;6801
3;1741088530903;7555
1;1741088530978;6802
0;1741088531095;6886
2;1741088531648;6273
3;1741088535846;7556
1;1741088535968;6803
0;1741088536209;6887
2;1741088536769;6274
3;1741088540916;7557
0;1741088540993;6888
1;1741088541105;6804
2;1741088541222;6275
3;1741088545862;7558
0;1741088546063;6889
2;1741088546752;6276
1;1741088548746;6805
3;1741088550918;7559
0;1741088550974;6890
2;1741088551199;6277
1;1741088551375;6806
3;1741088555861;7560
1;1741088556241;6807
2;1741088558254;6278
3;1741088560883;7561
0;1741088560930;6891
1;1741088561342;6808
2;1741088561438;6279
3;1741088565829;7562
0;1741088565918;6892
2;1741088566046;6280
1;1741088566206;6809
3;1741088570869;7563
0;1741088570885;6893
2;1741088570959;6281
1;1741088571598;6810
3;1741088575907;7564
1;1741088576077;6811
0;1741088576163;6894
2;1741088576253;6282
3;1741088580835;7565
0;1741088581021;6895
2;1741088581181;6283
1;1741088584221;6812
3;1741088585858;7566
0;1741088585902;6896
2;1741088586381;6284
1;1741088586572;6813
3;1741088590866;7567
0;1741088590924;6897
2;1741088591036;6285
1;1741088593292;6814
3;1741088595857;7568
1;1741088596128;6815
2;1741088596300;6286
0;1741088598124;6898
3;1741088600833;7569
1;1741088602988;6816
0;1741088604396;6899
3;1741088605858;7570
1;1741088605947;6817
2;1741088606315;6287
0;1741088606421;6900
3;1741088610859;7571
0;1741088611115;6901
2;1741088611355;6288
1;1741088614011;6818
3;1741088615826;7572
2;1741088616315;6289
0;1741088616475;6902
1;1741088616507;6819
3;1741088620922;7573
1;1741088621051;6820
2;1741088623196;6290
0;1741088623580;6903
3;1741088625856;7574
0;1741088625947;6904
2;1741088626027;6291
1;1741088626266;6821
3;1741088630865;7575
0;1741088630954;6905
2;1741088631146;6292
1;1741088631414;6822
3;1741088635840;7576
0;1741088636010;6906
2;1741088636106;6293
1;1741088636618;6823
3;1741088640847;7577
0;1741088640985;6907
2;1741088641225;6294
1;1741088643913;6824
3;1741088645934;7578
0;1741088645970;6908
2;1741088646025;6295
1;1741088646249;6825
3;1741088650861;7579
0;1741088651049;6909
2;1741088651209;6296
3;1741088655838;7580
0;1741088655928;6910
2;1741088656073;6297
3;1741088660861;7581
0;1741088661176;6911
2;1741088661352;6298
3;1741088665821;7582
0;1741088665944;6912
2;1741088666193;6299
3;1741088670846;7583
0;1741088671000;6913
2;1741088671176;6300
3;1741088675837;7584
0;1741088675943;6914
2;1741088676119;6301
3;1741088680877;7585
0;1741088680967;6915
2;1741088681303;6302
3;1741088685836;7586
0;1741088686183;6916
2;1741088686295;6303
3;1741088690859;7587
0;1741088690957;6917
2;1741088691048;6304
0;1741088695894;6918
3;1741088695905;7588
2;1741088696038;6305
3;1741088700829;7589
2;1741088700934;6306
0;1741088700998;6919
3;1741088705835;7590
0;1741088706021;6920
2;1741088706213;6307
3;1741088710859;7591
0;1741088710931;6921
2;1741088711029;6308
3;1741088715869;7592
0;1741088715909;6922
2;1741088715973;6309
3;1741088720860;7593
2;1741088720932;6310
0;1741088720996;6923
3;1741088725850;7594
0;1741088725967;6924
2;1741088726020;6311
3;1741088730859;7595
0;1741088730884;6925
2;1741088731364;6312
3;1741088735833;7596
0;1741088736020;6926
2;1741088736340;6313
3;1741088740858;7597
0;1741088741027;6927
2;1741088741198;6314
3;1741088745834;7598
0;1741088746179;6928
2;1741088746371;6315
3;1741088750905;7599
0;1741088750931;6929
2;1741088751123;6316
3;1741088755832;7600
0;1741088756242;6930
2;1741088756706;6317
0;1741088760894;6931
3;1741088760905;7601
2;1741088761042;6318
3;1741088765865;7602
0;1741088765970;6932
2;1741088766178;6319
3;1741088770824;7603
0;1741088771153;6933
2;1741088771281;6320
3;1741088775907;7604
0;1741088775986;6934
2;1741088776081;6321
3;1741088780872;7605
2;1741088781378;6322
0;1741088781553;6935
3;1741088785863;7606
0;1741088785937;6936
2;1741088786129;6323
3;1741088790896;7607
0;1741088790937;6937
2;1741088791024;6324
3;1741088795830;7608
0;1741088795984;6938
2;1741088796176;6325
3;1741088800910;7609
0;1741088800919;6939
2;1741088801072;6326
3;1741088805862;7610
0;1741088805935;6940
2;1741088806047;6327
3;1741088810838;7611
0;1741088810934;6941
2;1741088811199;6328
3;1741088815845;7612
0;1741088815970;6942
2;1741088816346;6329
3;1741088820820;7613
0;1741088820950;6943
2;1741088821680;6330
3;1741088825845;7614
0;1741088826126;6944
2;1741088826446;6331
3;1741088830836;7615
2;1741088831054;6332
0;1741088831166;6945
3;1741088835858;7616
2;1741088835977;6333
0;1741088836125;6946
3;1741088840866;7617
0;1741088841197;6947
3;1741088845876;7618
0;1741088846029;6948
2;1741088846210;6334
3;1741088850851;7619
0;1741088851052;6949
2;1741088851228;6335
3;1741088855826;7620
0;1741088856422;6950
2;1741088856496;6336
3;1741088860833;7621
0;1741088860940;6951
2;1741088861178;6337
3;1741088865825;7622
0;1741088866091;6952
2;1741088866284;6338
3;1741088870833;7623
0;1741088870955;6953
2;1741088871227;6339
3;1741088875857;7624
0;1741088876038;6954
2;1741088876235;6340
3;1741088880832;7625
0;1741088880891;6955
2;1741088881195;6341
3;1741088885935;7626
0;1741088886090;6956
2;1741088886637;6342
3;1741088890833;7627
2;1741088891050;6343
0;1741088891162;6957
3;1741088895839;7628
0;1741088895947;6958
2;1741088896186;6344
3;1741088900865;7629
0;1741088900889;6959
2;1741088901001;6345
3;1741088905902;7630
0;1741088905929;6960
2;1741088906131;6346
3;1741088910846;7631
0;1741088910926;6961
2;1741088911129;6347
3;1741088915838;7632
0;1741088915865;6962
2;1741088916345;6348
3;1741088920850;7633
0;1741088920885;6963
2;1741088923736;6349
3;1741088925933;7634
2;1741088929336;6350
3;1741088930909;7635
0;1741088930976;6964
2;1741088931303;6351
3;1741088935874;7636
0;1741088935943;6965
2;1741088936087;6352
3;1741088940890;7637
0;1741088940936;6966
2;1741088941240;6353
3;1741088945822;7638
0;1741088945959;6967
2;1741088946134;6354
3;1741088950829;7639
2;1741088951046;6355
0;1741088951238;6968
3;1741088955868;7640
0;1741088955926;6969
2;1741088956047;6356
3;1741088960860;7641
0;1741088960872;6970
2;1741088960968;6357
3;1741088965899;7642
0;1741088965952;6971
2;1741088966242;6358
3;1741088970914;7643
0;1741088971254;6972
2;1741088971398;6359
3;1741088975860;7644
0;1741088975925;6973
2;1741088976053;6360
3;1741088980858;7645
2;1741088981301;6361
0;1741088981380;6974
3;1741088985833;7646
0;1741088986196;6975
2;1741088986415;6362
3;1741088990825;7647
2;1741088990900;6363
0;1741088991060;6976
3;1741088995866;7648
0;1741088995891;6977
2;1741088996152;6364
3;1741089000825;7649
0;1741089003955;6978
2;1741089003979;6365
3;1741089005833;7650
0;1741089006066;6979
2;1741089006274;6366
3;1741089010876;7651
0;1741089010898;6980
2;1741089010994;6367
3;1741089015865;7652
0;1741089015906;6981
2;1741089016194;6368
3;1741089020854;7653
0;1741089020882;6982
2;1741089021042;6369
3;1741089025831;7654
2;1741089028227;6370
0;1741089029011;6983
3;1741089030875;7655
0;1741089030966;6984
2;1741089031205;6371
3;1741089035904;7656
0;1741089035953;6985
2;1741089036291;6372
3;1741089040871;7657
0;1741089041041;6986
2;1741089041217;6373
3;1741089045831;7658
0;1741089048384;6987
2;1741089048768;6374
3;1741089050886;7659
0;1741089050976;6988
2;1741089051113;6375
3;1741089055833;7660
2;1741089058896;6376
3;1741089060880;7661
0;1741089060943;6989
2;1741089061295;6377
3;1741089065872;7662
0;1741089065919;6990
2;1741089066129;6378
3;1741089070885;7663
0;1741089071017;6991
2;1741089071247;6379
3;1741089075860;7664
0;1741089076030;6992
2;1741089076094;6380
3;1741089080821;7665
2;1741089081934;6381
0;1741089082110;6993
3;1741089085892;7666
0;1741089085982;6994
2;1741089086095;6382
3;1741089090851;7667
0;1741089090944;6995
2;1741089091109;6383
3;1741089095872;7668
2;1741089098861;6384
3;1741089100866;7669
0;1741089101262;6996
2;1741089101415;6385
3;1741089105859;7670
0;1741089105917;6997
2;1741089106125;6386
3;1741089110835;7671
0;1741089110998;6998
2;1741089111212;6387
3;1741089115843;7672
0;1741089116044;6999
2;1741089116140;6388
3;1741089120847;7673
0;1741089120940;7000
2;1741089121260;6389
3;1741089125826;7674
0;1741089125926;7001
2;1741089126123;6390
3;1741089130906;7675
0;1741089131099;7002
2;1741089131339;6391
3;1741089135889;7676
0;1741089135995;7003
2;1741089136107;6392
3;1741089140865;7677
2;1741089141084;6393
0;1741089143364;7004
3;1741089145824;7678
2;1741089146154;6394
0;1741089146955;7005
3;1741089150832;7679
0;1741089150938;7006
2;1741089151082;6395
3;1741089155874;7680
0;1741089155898;7007
2;1741089156053;6396
3;1741089160832;7681
0;1741089161017;7008
2;1741089161209;6397
3;1741089165872;7682
0;1741089165961;7009
2;1741089166217;6398
3;1741089170873;7683
0;1741089170905;7010
2;1741089171081;6399
3;1741089175869;7684
0;1741089175906;7011
2;1741089176042;6400
3;1741089180846;7685
0;1741089180920;7012
2;1741089181049;6401
3;1741089185822;7686
0;1741089186008;7013
2;1741089186168;6402
3;1741089190845;7687
0;1741089190983;7014
2;1741089191127;6403
3;1741089195822;7688
0;1741089195911;7015
2;1741089196071;6404
3;1741089200894;7689
0;1741089200935;7016
2;1741089201272;6405
3;1741089205868;7690
0;1741089205926;7017
2;1741089208247;6406
3;1741089210861;7691
2;1741089211126;6407
0;1741089211181;7018
3;1741089215870;7692
0;1741089215910;7019
2;1741089216086;6408
3;1741089220860;7693
0;1741089220918;7020
2;1741089221030;6409
3;1741089225864;7694
2;1741089226198;6410
0;1741089226245;7021
3;1741089230827;7695
0;1741089231173;7022
2;1741089231317;6411
3;1741089235899;7696
0;1741089235989;7023
2;1741089236181;6412
3;1741089240858;7697
2;1741089240964;6413
0;1741089241233;7024
3;1741089245835;7698
0;1741089245967;7025
2;1741089246453;6414
3;1741089250874;7699
0;1741089250948;7026
2;1741089251086;6415
3;1741089255850;7700
0;1741089255916;7027
2;1741089256644;6416
3;1741089260842;7701
0;1741089260996;7028
2;1741089261203;6417
3;1741089265873;7702
2;1741089266195;6418
0;1741089268083;7029
3;1741089270841;7703
0;1741089271090;7030
2;1741089271634;6419
3;1741089275863;7704
2;1741089276306;6420
0;1741089276386;7031
3;1741089280900;7705
0;1741089280946;7032
2;1741089281250;6421
3;1741089285975;7706
2;1741089286305;6422
0;1741089286402;7033
3;1741089290841;7707
0;1741089290957;7034
2;1741089291089;6423
3;1741089295863;7708
0;1741089296017;7035
2;1741089296058;6424
3;1741089300864;7709
2;1741089300961;6425
0;1741089301153;7036
3;1741089305857;7710
0;1741089305990;7037
2;1741089306176;6426
3;1741089310841;7711
0;1741089310864;7038
2;1741089311016;6427
3;1741089315845;7712
0;1741089315920;7039
2;1741089316288;6428
3;1741089320853;7713
0;1741089321215;7040
2;1741089321487;6429
3;1741089325828;7714
0;1741089325999;7041
2;1741089326287;6430
3;1741089330869;7715
0;1741089331103;7042
2;1741089331295;6431
3;1741089335830;7716
0;1741089336095;7043
2;1741089336415;6432
3;1741089340864;7717
0;1741089340910;7044
2;1741089341002;6433
3;1741089345843;7718
0;1741089346122;7045
2;1741089346269;6434
3;1741089350865;7719
0;1741089351054;7046
2;1741089351310;6435
3;1741089355860;7720
0;1741089355874;7047
2;1741089355950;6436
3;1741089360867;7721
0;1741089360909;7048
2;1741089361037;6437
3;1741089365931;7722
0;1741089366141;7049
2;1741089366301;6438
3;1741089370835;7723
0;1741089371101;7050
2;1741089371549;6439
3;1741089375842;7724
0;1741089375916;7051
2;1741089376076;6440
3;1741089380834;7725
0;1741089381276;7052
2;1741089381628;6441
3;1741089385859;7726
0;1741089385935;7053
2;1741089386380;6442
3;1741089390838;7727
0;1741089390987;7054
2;1741089391083;6443
3;1741089395826;7728
2;1741089396651;6444
0;1741089398283;7055
3;1741089400865;7729
0;1741089400955;7056
2;1741089401099;6445
3;1741089405954;7730
0;1741089408170;7057
2;1741089409194;6446
3;1741089410847;7731
0;1741089410890;7058
2;1741089410986;6447
3;1741089415840;7732
0;1741089415866;7059
2;1741089415970;6448
3;1741089420847;7733
0;1741089421002;7060
2;1741089421114;6449
3;1741089425900;7734
0;1741089426089;7061
2;1741089426185;6450
3;1741089430883;7735
0;1741089430937;7062
2;1741089431145;6451
3;1741089435838;7736
0;1741089435874;7063
2;1741089436057;6452
3;1741089440849;7737
0;1741089440939;7064
2;1741089441304;6453
3;1741089445854;7738
0;1741089445896;7065
2;1741089446033;6454
3;1741089450845;7739
0;1741089451019;7066
2;1741089451287;6455
3;1741089455859;7740
0;1741089455895;7067
2;1741089456231;6456
3;1741089460861;7741
0;1741089461271;7068
2;1741089461289;6457
3;1741089465821;7742
0;1741089465975;7069
2;1741089466135;6458
3;1741089470844;7743
0;1741089470935;7070
2;1741089471383;6459
3;1741089475868;7744
0;1741089475894;7071
2;1741089476070;6460
3;1741089480828;7745
0;1741089481298;7072
2;1741089481398;6461
3;1741089485911;7746
0;1741089486197;7073
2;1741089486405;6462
3;1741089490861;7747
0;1741089490917;7074
2;1741089491127;6463
3;1741089495835;7748
0;1741089496150;7075
2;1741089496258;6464
3;1741089500842;7749
0;1741089500900;7076
2;1741089501012;6465
3;1741089505850;7750
0;1741089506132;7077
2;1741089506548;6466
3;1741089510858;7751
0;1741089510894;7078
2;1741089511044;6467
3;1741089515860;7752
2;1741089515924;6468
0;1741089516244;7079
3;1741089520873;7753
0;1741089521011;7080
2;1741089521139;6469
3;1741089525883;7754
0;1741089525971;7081
2;1741089526244;6470
3;1741089530826;7755
2;1741089533027;6471
0;1741089534034;7082
3;1741089535847;7756
0;1741089535940;7083
2;1741089536308;6472
3;1741089540824;7757
2;1741089541033;6473
0;1741089541154;7084
3;1741089545863;7758
0;1741089545917;7085
2;1741089546114;6474
3;1741089550839;7759
0;1741089551010;7086
2;1741089551298;6475
3;1741089555855;7760
2;1741089556417;6476
0;1741089556625;7087
3;1741089560823;7761
0;1741089560977;7088
2;1741089561105;6477
3;1741089565904;7762
0;1741089565984;7089
2;1741089566241;6478
3;1741089570855;7763
0;1741089570976;7090
2;1741089571370;6479
3;1741089575862;7764
0;1741089575952;7091
2;1741089576199;6480
3;1741089580869;7765
2;1741089581040;6481
0;1741089581120;7092
3;1741089585845;7766
2;1741089588671;6482
0;1741089589295;7093
3;1741089590856;7767
0;1741089590991;7094
2;1741089591807;6483
3;1741089595845;7768
0;1741089595930;7095
2;1741089596047;6484
3;1741089600880;7769
2;1741089600959;6485
0;1741089601023;7096
3;1741089605860;7770
0;1741089605982;7097
2;1741089606318;6486
3;1741089610862;7771
0;1741089612926;7098
2;1741089614110;6487
3;1741089615873;7772
0;1741089615965;7099
2;1741089616354;6488
3;1741089620907;7773
2;1741089621053;6489
0;1741089621341;7100
3;1741089625903;7774
0;1741089625952;7101
2;1741089626189;6490
3;1741089630882;7775
0;1741089631085;7102
2;1741089631517;6491
3;1741089635884;7776
0;1741089636060;7103
2;1741089639244;6492
3;1741089640865;7777
0;1741089641388;7104
2;1741089641756;6493
3;1741089645825;7778
2;1741089645963;6494
0;1741089646146;7105
3;1741089650849;7779
0;1741089650908;7106
2;1741089651083;6495
3;1741089655825;7780
2;1741089658523;6496
0;1741089659355;7107
3;1741089660880;7781
2;1741089661418;6497
0;1741089664155;7108
3;1741089665840;7782
2;1741089666042;6498
0;1741089668842;7109
3;1741089670870;7783
0;1741089670986;7110
2;1741089673738;6499
3;1741089675886;7784
0;1741089675914;7111
2;1741089676250;6500
3;1741089680847;7785
0;1741089680886;7112
2;1741089680986;6501
3;1741089685900;7786
0;1741089685993;7113
2;1741089686169;6502
3;1741089690847;7787
0;1741089690878;7114
2;1741089690998;6503
3;1741089695879;7788
0;1741089695913;7115
2;1741089697976;6504
3;1741089700845;7789
0;1741089700856;7116
2;1741089701112;6505
3;1741089705864;7790
2;1741089705994;6506
0;1741089706136;7117
3;1741089710845;7791
0;1741089710920;7118
2;1741089711320;6507
3;1741089715823;7792
2;1741089715992;6508
0;1741089716136;7119
3;1741089720861;7793
0;1741089720940;7120
2;1741089721255;6509
3;1741089725821;7794
0;1741089725927;7121
3;1741089730829;7795
0;1741089730935;7122
2;1741089731063;6510
3;1741089735926;7796
0;1741089736006;7123
2;1741089738135;6511
3;1741089740860;7797
0;1741089741006;7124
2;1741089741167;6512
3;1741089745849;7798
0;1741089745935;7125
2;1741089746086;6513
3;1741089750843;7799
0;1741089750885;7126
2;1741089751076;6514
3;1741089755928;7800
0;1741089755989;7127
2;1741089756101;6515
3;1741089760907;7801
0;1741089761003;7128
2;1741089761178;6516
3;1741089765833;7802
0;1741089765940;7129
2;1741089766414;6517
3;1741089770826;7803
2;1741089770932;6518
0;1741089771172;7130
3;1741089775880;7804
0;1741089775972;7131
2;1741089776148;6519
3;1741089780904;7805
0;1741089780984;7132
2;1741089781188;6520
3;1741089785906;7806
2;1741089785971;6521
0;1741089788547;7133
3;1741089790889;7807
2;1741089791027;6522
0;1741089791075;7134
3;1741089795831;7808
2;1741089795892;6523
0;1741089796258;7135
3;1741089800840;7809
0;1741089801026;7136
2;1741089801314;6524
3;1741089805833;7810
0;1741089805922;7137
2;1741089806082;6525
3;1741089810935;7811
0;1741089811106;7138
2;1741089813859;6526
3;1741089815833;7812
2;1741089815937;6527
0;1741089816286;7139
3;1741089820871;7813
0;1741089821041;7140
2;1741089823185;6528
3;1741089825846;7814
2;1741089825961;6529
0;1741089826609;7141
3;1741089830910;7815
0;1741089830960;7142
2;1741089831120;6530
3;1741089835859;7816
0;1741089835968;7143
2;1741089839104;6531
3;1741089840852;7817
0;1741089840912;7144
2;1741089841280;6532
3;1741089845903;7818
0;1741089845951;7145
2;1741089846223;6533
3;1741089850869;7819
2;1741089850980;6534
0;1741089851135;7146
3;1741089855866;7820
0;1741089856081;7147
2;1741089856191;6535
3;1741089860853;7821
2;1741089860963;6536
0;1741089861167;7148
3;1741089865871;7822
2;1741089865982;6537
0;1741089866142;7149
3;1741089870851;7823
0;1741089870926;7150
2;1741089871151;6538
3;1741089875890;7824
0;1741089876062;7151
2;1741089878845;6539
3;1741089880867;7825
0;1741089880893;7152
2;1741089881342;6540
3;1741089885842;7826
0;1741089885921;7153
2;1741089888909;6541
3;1741089890867;7827
0;1741089890914;7154
2;1741089891190;6542
3;1741089895829;7828
0;1741089895884;7155
2;1741089898611;6543
3;1741089900859;7829
0;1741089900951;7156
2;1741089903949;6544
3;1741089905842;7830
0;1741089905963;7157
2;1741089906032;6545
3;1741089910832;7831
0;1741089911004;7158
2;1741089913517;6546
3;1741089915843;7832
0;1741089915915;7159
2;1741089916123;6547
3;1741089920858;7833
0;1741089920970;7160
2;1741089923931;6548
3;1741089925873;7834
2;1741089926086;6549
0;1741089926331;7161
3;1741089930865;7835
0;1741089931050;7162
2;1741089933818;6550
3;1741089935867;7836
0;1741089936001;7163
2;1741089936122;6551
0;1741089940875;7164
3;1741089940884;7837
2;1741089941034;6552
3;1741089945911;7838
0;1741089945929;7165
2;1741089946041;6553
3;1741089950864;7839
0;1741089950905;7166
2;1741089951241;6554
3;1741089955855;7840
0;1741089955881;7167
2;1741089956073;6555
3;1741089960910;7841
0;1741089960995;7168
2;1741089961146;6556
3;1741089965856;7842
0;1741089965896;7169
2;1741089966056;6557
3;1741089970845;7843
2;1741089974152;6558
3;1741089975836;7844
0;1741089975863;7170
2;1741089976311;6559
3;1741089980845;7845
0;1741089980887;7171
2;1741089981047;6560
3;1741089985837;7846
0;1741089985895;7172
2;1741089986071;6561
3;1741089990861;7847
0;1741089990898;7173
2;1741089991015;6562
3;1741089995852;7848
0;1741089996198;7174
2;1741089996262;6563
3;1741090000873;7849
0;1741090000950;7175
2;1741090001014;6564
3;1741090005868;7850
2;1741090006058;6565
0;1741090008806;7176
3;1741090010860;7851
0;1741090011045;7177
2;1741090011381;6566
3;1741090015868;7852
0;1741090015901;7178
2;1741090016037;6567
3;1741090020843;7853
0;1741090020915;7179
2;1741090021156;6568
3;1741090025834;7854
0;1741090025908;7180
2;1741090026028;6569
3;1741090030858;7855
0;1741090031012;7181
2;1741090031296;6570
3;1741090035860;7856
0;1741090035941;7182
2;1741090036181;6571
3;1741090040826;7857
2;1741090043811;6572
3;1741090045898;7858
0;1741090046349;7183
2;1741090046419;6573
3;1741090050840;7859
0;1741090050932;7184
2;1741090051156;6574
3;1741090055832;7860
0;1741090056066;7185
2;1741090058114;6575
3;1741090060954;7861
0;1741090061278;7186
2;1741090063314;6576
3;1741090065864;7862
2;1741090066034;6577
0;1741090066098;7187
3;1741090070936;7863
0;1741090071762;7188
2;1741090073137;6578
3;1741090075883;7864
2;1741090075970;6579
0;1741090076273;7189
3;1741090080844;7865
2;1741090081345;6580
0;1741090081649;7190
3;1741090085847;7866
0;1741090086033;7191
2;1741090086417;6581
3;1741090090870;7867
0;1741090090912;7192
2;1741090093680;6582
3;1741090095829;7868
0;1741090096096;7193
2;1741090098048;6583
3;1741090100896;7869
0;1741090100956;7194
2;1741090101088;6584
3;1741090105829;7870
2;1741090105937;6585
0;1741090106223;7195
3;1741090110822;7871
2;1741090111007;6586
0;1741090111105;7196
3;1741090115872;7872
2;1741090115919;6587
0;1741090117087;7197
3;1741090120879;7873
0;1741090120942;7198
2;1741090123598;6588
3;1741090125861;7874
0;1741090125886;7199
2;1741090126272;6589
3;1741090130865;7875
0;1741090131075;7200
3;1741090135861;7876
2;1741090136190;6590
0;1741090136682;7201
3;1741090140852;7877
0;1741090140951;7202
2;1741090141037;6591
3;1741090145875;7878
0;1741090145917;7203
2;1741090146069;6592
3;1741090150914;7879
2;1741090150968;6593
0;1741090151021;7204
3;1741090155874;7880
0;1741090155996;7205
2;1741090156141;6594
3;1741090160908;7881
0;1741090160988;7206
2;1741090161052;6595
3;1741090165900;7882
0;1741090165933;7207
2;1741090166110;6596
3;1741090170882;7883
0;1741090170919;7208
2;1741090171021;6597
3;1741090175841;7884
0;1741090175965;7209
2;1741090176060;6598
3;1741090180860;7885
0;1741090181019;7210
2;1741090181332;6599
3;1741090185871;7886
0;1741090185931;7211
2;1741090186219;6600
3;1741090190864;7887
0;1741090191147;7212
2;1741090191419;6601
3;1741090195823;7888
0;1741090196348;7213
2;1741090198139;6602
3;1741090200875;7889
0;1741090200883;7214
2;1741090200953;6603
3;1741090205840;7890
0;1741090206160;7215
2;1741090207929;6604
3;1741090210887;7891
2;1741090211193;6605
0;1741090211227;7216
3;1741090215896;7892
0;1741090215977;7217
2;1741090216201;6606
3;1741090220878;7893
0;1741090220989;7218
2;1741090221048;6607
3;1741090225821;7894
0;1741090225944;7219
2;1741090228808;6608
3;1741090230862;7895
0;1741090230956;7220
2;1741090231144;6609
0;1741090235910;7221
3;1741090235924;7896
2;1741090236254;6610
3;1741090240862;7897
0;1741090240930;7222
2;1741090241191;6611
0;1741090245895;7223
3;1741090245920;7898
2;1741090246743;6612
3;1741090250846;7899
2;1741090251090;6613
0;1741090251474;7224
3;1741090255836;7900
0;1741090255926;7225
2;1741090256089;6614
3;1741090260876;7901
0;1741090260988;7226
2;1741090261142;6615
3;1741090265869;7902
0;1741090265902;7227
2;1741090266277;6616
3;1741090270891;7903
0;1741090270949;7228
2;1741090271125;6617
3;1741090275851;7904
2;1741090275909;6618
0;1741090276197;7229
3;1741090280859;7905
0;1741090280949;7230
2;1741090281109;6619
3;1741090285882;7906
0;1741090285996;7231
2;1741090286116;6620
3;1741090290952;7907
0;1741090291284;7232
2;1741090291636;6621
3;1741090295865;7908
0;1741090295908;7233
2;1741090296053;6622
3;1741090300825;7909
0;1741090300963;7234
2;1741090301125;6623
3;1741090305876;7910
0;1741090306228;7235
2;1741090308243;6624
3;1741090310856;7911
0;1741090310931;7236
2;1741090311395;6625
3;1741090315860;7912
0;1741090315890;7237
2;1741090315954;6626
3;1741090320825;7913
2;1741090320994;6627
0;1741090321810;7238
3;1741090325832;7914
2;1741090325986;6628
0;1741090328066;7239
3;1741090330902;7915
2;1741090334001;6629
3;1741090335853;7916
0;1741090335905;7240
2;1741090336097;6630
3;1741090340823;7917
2;1741090341024;6631
0;1741090341089;7241
3;1741090345856;7918
0;1741090346033;7242
2;1741090346129;6632
3;1741090350839;7919
2;1741090353258;6633
0;1741090353360;7243
3;1741090355862;7920
0;1741090355968;7244
2;1741090357936;6634
3;1741090360854;7921
2;1741090360929;6635
0;1741090361217;7245
3;1741090365830;7922
2;1741090366144;6636
0;1741090366432;7246
3;1741090370949;7923
0;1741090371201;7247
2;1741090373184;6637
3;1741090375846;7924
2;1741090375919;6638
0;1741090376132;7248
3;1741090380880;7925
0;1741090380927;7249
2;1741090381098;6639
3;1741090385829;7926
0;1741090386319;7250
2;1741090388206;6640
3;1741090390836;7927
0;1741090390926;7251
2;1741090391086;6641
3;1741090395843;7928
0;1741090398191;7252
2;1741090399071;6642
0;1741090400863;7253
3;1741090400873;7929
2;1741090401135;6643
3;1741090405859;7930
2;1741090405938;6644
0;1741090406079;7254
3;1741090410906;7931
0;1741090410973;7255
2;1741090411118;6645
3;1741090415905;7932
0;1741090415958;7256
2;1741090416780;6646
3;1741090420866;7933
0;1741090420962;7257
2;1741090421165;6647
3;1741090425841;7934
0;1741090426076;7258
2;1741090428956;6648
3;1741090430860;7935
2;1741090430955;6649
0;1741090431115;7259
3;1741090435891;7936
0;1741090435972;7260
2;1741090436140;6650
0;1741090440859;7261
3;1741090440869;7937
2;1741090441323;6651
3;1741090445840;7938
2;1741090445993;6652
0;1741090446331;7262
3;1741090450832;7939
2;1741090453162;6653
0;1741090453658;7263
3;1741090455824;7940
0;1741090455946;7264
3;1741090460912;7941
2;1741090461002;6654
0;1741090461274;7265
3;1741090465839;7942
0;1741090465913;7266
2;1741090466329;6655
3;1741090470831;7943
0;1741090471673;7267
2;1741090473335;6656
3;1741090475864;7944
0;1741090476025;7268
2;1741090478888;6657
3;1741090480863;7945
0;1741090480905;7269
2;1741090483286;6658
3;1741090485854;7946
0;1741090485914;7270
2;1741090486088;6659
3;1741090490845;7947
0;1741090490978;7271
2;1741090493769;6660
3;1741090495885;7948
0;1741090495922;7272
2;1741090496152;6661
3;1741090500893;7949
0;1741090500933;7273
2;1741090501177;6662
3;1741090505820;7950
0;1741090505991;7274
2;1741090508246;6663
3;1741090510828;7951
0;1741090511014;7275
2;1741090511255;6664
3;1741090515835;7952
0;1741090515910;7276
2;1741090516214;6665
3;1741090520862;7953
0;1741090520873;7277
2;1741090521126;6666
3;1741090525835;7954
0;1741090526166;7278
2;1741090526299;6667
3;1741090530872;7955
0;1741090530886;7279
2;1741090531061;6668
3;1741090535835;7956
0;1741090535941;7280
2;1741090536261;6669
3;1741090540842;7957
0;1741090541301;7281
2;1741090543829;6670
3;1741090545835;7958
0;1741090545908;7282
2;1741090548934;6671
3;1741090550891;7959
0;1741090550918;7283
2;1741090551049;6672
3;1741090555884;7960
2;1741090555957;6673
0;1741090556052;7284
3;1741090560826;7961
0;1741090561043;7285
2;1741090563811;6674
3;1741090565833;7962
0;1741090565859;7286
2;1741090566355;6675
3;1741090570825;7963
0;1741090571156;7287
2;1741090572964;6676
3;1741090575883;7964
0;1741090575942;7288
2;1741090576179;6677
3;1741090580840;7965
0;1741090580882;7289
2;1741090581154;6678
3;1741090585833;7966
0;1741090585906;7290
2;1741090586098;6679
3;1741090590840;7967
0;1741090590914;7291
2;1741090591121;6680
3;1741090595863;7968
0;1741090595875;7292
2;1741090595969;6681
3;1741090600823;7969
0;1741090600961;7293
2;1741090601121;6682
3;1741090605887;7970
0;1741090605937;7294
2;1741090606129;6683
3;1741090610871;7971
0;1741090610993;7295
2;1741090613168;6684
3;1741090615878;7972
2;1741090619008;6685
3;1741090620881;7973
0;1741090620889;7296
2;1741090620960;6686
3;1741090625845;7974
0;1741090626048;7297
2;1741090626207;6687
3;1741090630869;7975
0;1741090630942;7298
2;1741090631082;6688
3;1741090635830;7976
2;1741090636143;6689
0;1741090636239;7299
3;1741090640853;7977
2;1741090641022;6690
0;1741090641087;7300
3;1741090645844;7978
0;1741090645887;7301
2;1741090646062;6691
3;1741090650868;7979
0;1741090652078;7302
2;1741090653774;6692
3;1741090655828;7980
2;1741090655950;6693
0;1741090656800;7303
3;1741090660896;7981
0;1741090660909;7304
2;1741090661056;6694
3;1741090665900;7982
0;1741090665965;7305
2;1741090666253;6695
3;1741090670835;7983
0;1741090671181;7306
2;1741090673149;6696
3;1741090675858;7984
0;1741090675932;7307
2;1741090676316;6697
3;1741090680835;7985
2;1741090682972;6698
3;1741090685923;7986
2;1741090686108;6699
0;1741090686460;7308
3;1741090690882;7987
2;1741090690980;6700
0;1741090691099;7309
3;1741090695826;7988
0;1741090696011;7310
2;1741090698763;6701
3;1741090700860;7989
0;1741090701243;7311
2;1741090703883;6702
3;1741090705841;7990
2;1741090705930;6703
0;1741090706059;7312
3;1741090710832;7991
0;1741090711004;7313
2;1741090711099;6704
2;1741090715866;6705
3;1741090715877;7992
0;1741090716090;7314
3;1741090720860;7993
2;1741090721066;6706
0;1741090721290;7315
3;1741090725897;7994
0;1741090725913;7316
2;1741090726041;6707
3;1741090730856;7995
0;1741090730921;7317
3;1741090735895;7996
0;1741090735913;7318
2;1741090736012;6708
3;1741090740831;7997
0;1741090741128;7319
2;1741090743176;6709
3;1741090745838;7998
0;1741090745928;7320
2;1741090746088;6710
3;1741090750887;7999
0;1741090751080;7321
2;1741090753704;6711
3;1741090755870;8000
0;1741090755896;7322
2;1741090755976;6712
3;1741090760846;8001
0;1741090761111;7323
2;1741090761208;6713
3;1741090765869;8002
0;1741090765881;7324
2;1741090766040;6714
3;1741090770904;8003
0;1741090770923;7325
2;1741090771190;6715
3;1741090775915;8004
0;1741090776006;7326
2;1741090776150;6716
3;1741090780890;8005
0;1741090780921;7327
2;1741090781044;6717
3;1741090785868;8006
0;1741090785909;7328
2;1741090786030;6718
3;1741090790844;8007
0;1741090790926;7329
2;1741090791028;6719
3;1741090795866;8008
0;1741090795941;7330
2;1741090796262;6720
3;1741090800842;8009
0;1741090800964;7331
2;1741090801221;6721
3;1741090805866;8010
0;1741090805877;7332
2;1741090805956;6722
3;1741090810877;8011
0;1741090810957;7333
2;1741090811108;6723
3;1741090815868;8012
0;1741090815923;7334
2;1741090816052;6724
3;1741090820826;8013
2;1741090821044;6725
0;1741090821171;7335
3;1741090825866;8014
0;1741090825907;7336
2;1741090826275;6726
3;1741090830874;8015
0;1741090830942;7337
2;1741090831155;6727
3;1741090835895;8016
0;1741090835938;7338
2;1741090836018;6728
3;1741090840884;8017
0;1741090841090;7339
2;1741090843778;6729
3;1741090845864;8018
0;1741090845922;7340
2;1741090846078;6730
3;1741090850824;8019
0;1741090851042;7341
2;1741090853874;6731
3;1741090855832;8020
2;1741090856193;6732
0;1741090859041;7342
3;1741090860879;8021
0;1741090860932;7343
2;1741090861025;6733
3;1741090865879;8022
2;1741090866145;6734
0;1741090866289;7344
3;1741090870839;8023
2;1741090873728;6735
0;1741090873920;7345
3;1741090875905;8024
2;1741090876000;6736
0;1741090876609;7346
3;1741090880910;8025
0;1741090881008;7347
2;1741090881344;6737
3;1741090885846;8026
0;1741090885935;7348
2;1741090886162;6738
3;1741090890838;8027
0;1741090890959;7349
2;1741090891087;6739
3;1741090895844;8028
0;1741090895951;7350
2;1741090896157;6740
3;1741090900879;8029
2;1741090900942;6741
0;1741090901774;7351
3;1741090905875;8030
2;1741090905966;6742
0;1741090906123;7352
3;1741090910821;8031
2;1741090910990;6743
0;1741090911118;7353
3;1741090915843;8032
0;1741090915998;7354
2;1741090916190;6744
3;1741090920867;8033
0;1741090921025;7355
2;1741090923677;6745
3;1741090925842;8034
0;1741090926173;7356
0;1741090930913;7357
3;1741090930922;8035
2;1741090931117;6746
3;1741090935916;8036
2;1741090935997;6747
0;1741090936061;7358
3;1741090940834;8037
0;1741090940892;7359
2;1741090940950;6748
3;1741090945889;8038
2;1741090945966;6749
0;1741090946221;7360
3;1741090950866;8039
0;1741090950908;7361
2;1741090951419;6750
3;1741090955860;8040
0;1741090958262;7362
2;1741090958667;6751
3;1741090960833;8041
0;1741090960990;7363
2;1741090961083;6752
3;1741090965841;8042
0;1741090965930;7364
2;1741090966283;6753
3;1741090970840;8043
0;1741090971126;7365
2;1741090971418;6754
3;1741090975936;8044
0;1741090976216;7366
2;1741090978810;6755
3;1741090980848;8045
0;1741090980879;7367
2;1741090981018;6756
3;1741090985870;8046
0;1741090986329;7368
2;1741090989225;6757
3;1741090990878;8047
2;1741090990970;6758
0;1741090991257;7369
3;1741090995824;8048
0;1741090996011;7370
2;1741090999257;6759
3;1741091000846;8049
0;1741091000963;7371
2;1741091001000;6760
3;1741091005854;8050
0;1741091005890;7372
2;1741091006052;6761
3;1741091010829;8051
0;1741091011128;7373
2;1741091013832;6762
3;1741091015838;8052
0;1741091015911;7374
2;1741091016056;6763
3;1741091020846;8053
0;1741091020929;7375
2;1741091021111;6764
3;1741091025838;8054
0;1741091026055;7376
2;1741091028688;6765
3;1741091030874;8055
2;1741091031138;6766
0;1741091031270;7377
3;1741091035822;8056
2;1741091035990;6767
0;1741091036870;7378
3;1741091040828;8057
0;1741091040918;7379
2;1741091043862;6768
3;1741091045865;8058
0;1741091046117;7380
2;1741091046214;6769
3;1741091050874;8059
2;1741091051173;6770
0;1741091051653;7381
3;1741091055836;8060
0;1741091055916;7382
2;1741091059045;6771
3;1741091060883;8061
2;1741091060990;6772
0;1741091061422;7383
3;1741091065877;8062
0;1741091065941;7384
2;1741091066228;6773
3;1741091070868;8063
2;1741091070989;6774
0;1741091071268;7385
3;1741091075849;8064
0;1741091075908;7386
2;1741091078644;6775
3;1741091080841;8065
2;1741091080927;6776
0;1741091081166;7387
3;1741091085834;8066
0;1741091085950;7388
2;1741091086275;6777
3;1741091090857;8067
0;1741091090910;7389
2;1741091091184;6778
3;1741091095849;8068
0;1741091096014;7390
3;1741091100868;8069
2;1741091101010;6779
0;1741091101378;7391
3;1741091105880;8070
0;1741091106142;7392
2;1741091108290;6780
3;1741091110825;8071
0;1741091111298;7393
2;1741091113985;6781
3;1741091115910;8072
0;1741091116097;7394
2;1741091116193;6782
3;1741091120824;8073
0;1741091121249;7395
2;1741091121314;6783
3;1741091125887;8074
0;1741091125920;7396
2;1741091126128;6784
3;1741091130885;8075
0;1741091130928;7397
2;1741091131168;6785
3;1741091135877;8076
0;1741091135917;7398
2;1741091136000;6786
3;1741091140840;8077
0;1741091141088;7399
2;1741091141216;6787
3;1741091145862;8078
0;1741091145935;7400
2;1741091146385;6788
3;1741091150838;8079
0;1741091150922;7401
2;1741091151279;6789
3;1741091155894;8080
0;1741091155935;7402
2;1741091156031;6790
3;1741091160853;8081
0;1741091163902;7403
3;1741091165874;8082
0;1741091166030;7404
2;1741091166254;6791
3;1741091170868;8083
0;1741091173246;7405
3;1741091175873;8084
0;1741091175998;7406
2;1741091176318;6792
3;1741091180876;8085
0;1741091181054;7407
2;1741091183544;6793
3;1741091185860;8086
0;1741091186205;7408
2;1741091186246;6794
3;1741091190846;8087
2;1741091191132;6795
0;1741091191310;7409
3;1741091195891;8088
0;1741091195997;7410
2;1741091196165;6796
3;1741091200866;8089
0;1741091200924;7411
2;1741091201070;6797
3;1741091205874;8090
0;1741091205980;7412
2;1741091206092;6798
3;1741091210833;8091
0;1741091211293;7413
2;1741091211371;6799
3;1741091215890;8092
0;1741091215950;7414
2;1741091216029;6800
3;1741091220880;8093
0;1741091220955;7415
2;1741091221059;6801
3;1741091225888;8094
0;1741091225915;7416
2;1741091226044;6802
3;1741091230865;8095
0;1741091231068;7417
2;1741091231656;6803
3;1741091235840;8096
0;1741091235974;7418
2;1741091236284;6804
3;1741091240832;8097
0;1741091241150;7419
2;1741091241626;6805
3;1741091245855;8098
0;1741091246218;7420
2;1741091246793;6806
3;1741091250863;8099
0;1741091251001;7421
2;1741091251106;6807
0;1741091256073;7422
2;1741091256441;6808
2;1741091260984;6809
0;1741091261201;7423
3;1741091265854;8100
0;1741091265886;7424
3;1741091265931;8101
2;1741091266248;6810
3;1741091270845;8102
0;1741091271064;7425
2;1741091272136;6811
3;1741091275870;8103
0;1741091276210;7426
2;1741091276472;6812
3;1741091280830;8104
2;1741091281090;6813
0;1741091281239;7427
3;1741091285869;8105
0;1741091286007;7428
2;1741091286279;6814
3;1741091290877;8106
0;1741091291079;7429
2;1741091291191;6815
0;1741091295906;7430
3;1741091295914;8107
2;1741091296126;6816
3;1741091300860;8108
0;1741091300934;7431
2;1741091301026;6817
3;1741091305835;8109
0;1741091305958;7432
2;1741091306374;6818
3;1741091310859;8110
0;1741091310902;7433
2;1741091311566;6819
3;1741091315868;8111
0;1741091315941;7434
2;1741091316198;6820
3;1741091320916;8112
2;1741091321061;6821
0;1741091321253;7435
3;1741091325860;8113
0;1741091326207;7436
2;1741091326278;6822
3;1741091330859;8114
2;1741091330948;6823
0;1741091331141;7437
3;1741091335877;8115
0;1741091336014;7438
2;1741091336212;6824
3;1741091340826;8116
2;1741091341422;6825
0;1741091341491;7439
3;1741091345860;8117
0;1741091346484;7440
3;1741091350963;8118
2;1741091351027;6826
0;1741091351287;7441
3;1741091355833;8119
0;1741091355907;7442
2;1741091356307;6827
3;1741091360841;8120
0;1741091360884;7443
2;1741091360995;6828
3;1741091365882;8121
0;1741091365971;7444
2;1741091366180;6829
3;1741091370854;8122
0;1741091370914;7445
2;1741091371058;6830
3;1741091375864;8123
0;1741091375877;7446
2;1741091376010;6831
3;1741091380856;8124
0;1741091381185;7447
2;1741091381313;6832
3;1741091385904;8125
2;1741091385985;6833
0;1741091388657;7448
3;1741091390823;8126
2;1741091393184;6834
0;1741091393665;7449
3;1741091395888;8127
0;1741091396192;7450
2;1741091396368;6835
3;1741091400872;8128
0;1741091401188;7451
2;1741091401312;6836
3;1741091405850;8129
0;1741091405920;7452
2;1741091406272;6837
3;1741091410911;8130
0;1741091411744;7453
2;1741091411952;6838
3;1741091415889;8131
0;1741091415967;7454
2;1741091416186;6839
3;1741091420838;8132
0;1741091420944;7455
2;1741091421039;6840
3;1741091425828;8133
0;1741091426055;7456
2;1741091426233;6841
3;1741091430867;8134
0;1741091430894;7457
2;1741091431024;6842
3;1741091435845;8135
0;1741091435921;7458
2;1741091436062;6843
3;1741091440869;8136
0;1741091440926;7459
2;1741091441116;6844
3;1741091445862;8137
0;1741091445917;7460
2;1741091446166;6845
3;1741091450836;8138
0;1741091450957;7461
2;1741091451117;6846
3;1741091455844;8139
0;1741091455885;7462
2;1741091456153;6847
3;1741091460868;8140
0;1741091461020;7463
2;1741091461196;6848
3;1741091465859;8141
0;1741091466364;7464
2;1741091466572;6849
3;1741091470867;8142
0;1741091470956;7465
2;1741091471068;6850
0;1741091475894;7466
3;1741091475903;8143
2;1741091476043;6851
3;1741091480865;8144
0;1741091480960;7467
2;1741091481195;6852
3;1741091485827;8145
0;1741091486060;7468
2;1741091486300;6853
3;1741091490860;8146
0;1741091490987;7469
2;1741091491100;6854
3;1741091495856;8147
0;1741091495914;7470
2;1741091496013;6855
3;1741091500833;8148
2;1741091503738;6856
3;1741091505824;8149
0;1741091506087;7471
2;1741091506186;6857
3;1741091510833;8150
2;1741091510970;6858
0;1741091511066;7472
3;1741091515840;8151
0;1741091515900;7473
2;1741091516249;6859
3;1741091520897;8152
0;1741091521001;7474
2;1741091521257;6860
3;1741091525902;8153
2;1741091525976;6861
0;1741091526087;7475
3;1741091530830;8154
2;1741091530943;6862
0;1741091531081;7476
3;1741091535822;8155
0;1741091536130;7477
2;1741091536647;6863
3;1741091540845;8156
0;1741091541063;7478
2;1741091541106;6864
3;1741091545901;8157
0;1741091545987;7479
2;1741091546438;6865
3;1741091550860;8158
0;1741091550934;7480
2;1741091551830;6866
3;1741091555835;8159
0;1741091556213;7481
2;1741091556294;6867
3;1741091560875;8160
0;1741091560966;7482
2;1741091561029;6868
3;1741091565883;8161
0;1741091565941;7483
2;1741091566361;6869
3;1741091570860;8162
0;1741091570997;7484
2;1741091571109;6870
3;1741091575868;8163
2;1741091576164;6871
0;1741091576373;7485
3;1741091580844;8164
0;1741091581005;7486
2;1741091581141;6872
3;1741091585866;8165
0;1741091585902;7487
2;1741091586004;6873
3;1741091590889;8166
0;1741091591061;7488
2;1741091591089;6874
3;1741091595861;8167
0;1741091596244;7489
2;1741091596339;6875
3;1741091600903;8168
2;1741091602963;6876
0;1741091603797;7490
3;1741091605849;8169
2;1741091606179;6877
0;1741091608275;7491
3;1741091610841;8170
2;1741091611666;6878
0;1741091611923;7492
3;1741091615832;8171
0;1741091615906;7493
2;1741091616210;6879
3;1741091620889;8172
0;1741091620932;7494
2;1741091621011;6880
3;1741091625866;8173
0;1741091625932;7495
2;1741091626131;6881
3;1741091630856;8174
0;1741091630931;7496
2;1741091631171;6882
3;1741091635889;8175
0;1741091636090;7497
2;1741091636242;6883
3;1741091640840;8176
0;1741091641489;7498
2;1741091641889;6884
3;1741091645882;8177
0;1741091645958;7499
2;1741091646208;6885
3;1741091650855;8178
0;1741091650913;7500
2;1741091651154;6886
3;1741091655833;8179
0;1741091655920;7501
2;1741091656064;6887
3;1741091660872;8180
0;1741091661210;7502
2;1741091661985;6888
3;1741091665904;8181
0;1741091665971;7503
2;1741091666097;6889
3;1741091670838;8182
0;1741091671217;7504
0;1741091675872;7505
3;1741091675884;8183
2;1741091676089;6890
3;1741091680821;8184
2;1741091681227;6891
0;1741091681296;7506
3;1741091685849;8185
0;1741091686533;7507
2;1741091686933;6892
3;1741091690853;8186
0;1741091691183;7508
2;1741091691391;6893
3;1741091695843;8187
0;1741091695879;7509
2;1741091695998;6894
3;1741091700838;8188
2;1741091701037;6895
0;1741091701149;7510
3;1741091705858;8189
0;1741091708204;7511
2;1741091708572;6896
3;1741091710839;8190
2;1741091711228;6897
0;1741091711356;7512
3;1741091715842;8191
0;1741091715936;7513
2;1741091716028;6898
3;1741091720853;8192
0;1741091720935;7514
2;1741091721133;6899
3;1741091725899;8193
0;1741091725947;7515
2;1741091726987;6900
3;1741091730886;8194
0;1741091731499;7516
2;1741091731723;6901
3;1741091735901;8195
0;1741091735963;7517
2;1741091736074;6902
3;1741091740879;8196
0;1741091740922;7518
2;1741091741674;6903
3;1741091745879;8197
0;1741091746151;7519
2;1741091746282;6904
3;1741091750848;8198
0;1741091750986;7520
2;1741091751307;6905
3;1741091755827;8199
2;1741091756106;6906
0;1741091756202;7521
3;1741091760833;8200
0;1741091760969;7522
2;1741091761386;6907
3;1741091765840;8201
0;1741091765962;7523
2;1741091766018;6908
3;1741091770864;8202
0;1741091770937;7524
2;1741091771033;6909
3;1741091775871;8203
2;1741091776296;6910
0;1741091776841;7525
3;1741091780863;8204
0;1741091780904;7526
2;1741091781096;6911
3;1741091785854;8205
0;1741091786040;7527
2;1741091786296;6912
3;1741091790925;8206
2;1741091791032;6913
0;1741091791111;7528
3;1741091795869;8207
0;1741091795920;7529
2;1741091796088;6914
3;1741091800887;8208
0;1741091800903;7530
2;1741091801083;6915
3;1741091805869;8209
0;1741091805942;7531
2;1741091806046;6916
3;1741091810941;8210
0;1741091811046;7532
2;1741091811286;6917
3;1741091815900;8211
0;1741091816006;7533
2;1741091816198;6918
3;1741091820828;8212
0;1741091820981;7534
2;1741091821206;6919
3;1741091825946;8213
0;1741091826149;7535
2;1741091826373;6920
3;1741091830843;8214
0;1741091831045;7536
2;1741091831237;6921
0;1741091835877;7537
3;1741091835891;8215
2;1741091836078;6922
3;1741091840948;8216
0;1741091840964;7538
2;1741091841125;6923
3;1741091845913;8217
0;1741091846804;7539
2;1741091848851;6924
3;1741091850826;8218
2;1741091851220;6925
0;1741091851364;7540
3;1741091855832;8219
2;1741091856019;6926
0;1741091856271;7541
3;1741091860883;8220
0;1741091860963;7542
2;1741091861165;6927
3;1741091865834;8221
2;1741091865939;6928
0;1741091866083;7543
3;1741091870824;8222
0;1741091871875;7544
2;1741091873623;6929
3;1741091875849;8223
0;1741091875938;7545
2;1741091876050;6930
3;1741091880856;8224
0;1741091880998;7546
2;1741091881166;6931
3;1741091885856;8225
0;1741091886299;7547
2;1741091886535;6932
3;1741091890872;8226
0;1741091890975;7548
2;1741091891042;6933
0;1741091895873;7549
3;1741091895885;8227
2;1741091895972;6934
3;1741091900911;8228
0;1741091901437;7550
2;1741091901531;6935
3;1741091905878;8229
0;1741091906079;7551
2;1741091906273;6936
3;1741091910843;8230
0;1741091911034;7552
2;1741091911136;6937
3;1741091915905;8231
0;1741091915920;7553
2;1741091916128;6938
3;1741091920853;8232
2;1741091921089;6939
0;1741091921259;7554
3;1741091925870;8233
2;1741091926384;6940
0;1741091926719;7555
0;1741091930864;7556
3;1741091930875;8234
2;1741091931023;6941
3;1741091935908;8235
0;1741091935999;7557
2;1741091936398;6942
3;1741091940821;8236
0;1741091940990;7558
2;1741091941166;6943
3;1741091945860;8237
0;1741091945918;7559
2;1741091946158;6944
3;1741091950852;8238
0;1741091950878;7560
2;1741091951135;6945
3;1741091955877;8239
0;1741091955932;7561
2;1741091956061;6946
3;1741091960861;8240
2;1741091961069;6947
0;1741091961149;7562
3;1741091965876;8241
0;1741091966013;7563
2;1741091966205;6948
3;1741091970877;8242
0;1741091970941;7564
2;1741091971079;6949
3;1741091975858;8243
0;1741091975884;7565
2;1741091976135;6950
3;1741091980835;8244
0;1741091980972;7566
2;1741091981154;6951
3;1741091985826;8245
2;1741091986364;6952
0;1741091986924;7567
3;1741091990866;8246
0;1741091990902;7568
2;1741091991035;6953
3;1741091995858;8247
0;1741091995915;7569
2;1741091996091;6954
3;1741092000833;8248
2;1741092003002;6955
0;1741092003210;7570
3;1741092005844;8249
2;1741092007978;6956
3;1741092010866;8250
0;1741092010978;7571
2;1741092011114;6957
3;1741092015890;8251
0;1741092016426;7572
2;1741092018970;6958
3;1741092020849;8252
2;1741092021177;6959
0;1741092021337;7573
3;1741092025953;8253
0;1741092026025;7574
2;1741092026361;6960
3;1741092030831;8254
3;1741092035855;8255
2;1741092036201;6961
0;1741092036297;7575
3;1741092040863;8256
0;1741092040943;7576
2;1741092041256;6962
3;1741092045875;8257
0;1741092046088;7577
2;1741092046776;6963
3;1741092050846;8258
0;1741092051040;7578
2;1741092051187;6964
3;1741092055854;8259
0;1741092055891;7579
2;1741092056599;6965
3;1741092060877;8260
0;1741092060998;7580
2;1741092061158;6966
3;1741092065843;8261
0;1741092065920;7581
2;1741092066311;6967
3;1741092070829;8262
0;1741092071159;7582
2;1741092071334;6968
3;1741092075899;8263
0;1741092076020;7583
2;1741092076166;6969
3;1741092080907;8264
0;1741092080934;7584
2;1741092081094;6970
3;1741092085893;8265
0;1741092086006;7585
2;1741092086293;6971
3;1741092090843;8266
0;1741092090947;7586
2;1741092091103;6972
3;1741092095834;8267
2;1741092096117;6973
0;1741092096261;7587
0;1741092100868;7588
3;1741092100875;8268
2;1741092101156;6974
3;1741092105838;8269
0;1741092105979;7589
2;1741092106164;6975
3;1741092110827;8270
0;1741092111140;7590
2;1741092113956;6976
3;1741092115899;8271
0;1741092115956;7591
2;1741092116132;6977
3;1741092120858;8272
0;1741092120927;7592
2;1741092121011;6978
3;1741092125866;8273
0;1741092125971;7593
2;1741092126180;6979
3;1741092130826;8274
0;1741092131122;7594
2;1741092133891;6980
3;1741092135849;8275
0;1741092136114;7595
2;1741092138802;6981
3;1741092140871;8276
0;1741092140994;7596
2;1741092141154;6982
3;1741092145864;8277
0;1741092145938;7597
2;1741092146066;6983
3;1741092150872;8278
0;1741092150977;7598
2;1741092151121;6984
3;1741092155901;8279
0;1741092156002;7599
2;1741092156129;6985
3;1741092160887;8280
0;1741092160978;7600
2;1741092161073;6986
3;1741092165863;8281
0;1741092165937;7601
2;1741092166160;6987
3;1741092170870;8282
0;1741092170910;7602
2;1741092171072;6988
3;1741092175847;8283
0;1741092175904;7603
2;1741092176118;6989
3;1741092180854;8284
0;1741092180897;7604
2;1741092181093;6990
3;1741092185862;8285
0;1741092185984;7605
2;1741092186191;6991
3;1741092190870;8286
0;1741092190927;7606
2;1741092191199;6992
3;1741092195875;8287
2;1741092196527;6993
0;1741092196863;7607
3;1741092200837;8288
0;1741092200918;7608
2;1741092201006;6994
3;1741092205829;8289
0;1741092206023;7609
2;1741092206334;6995
3;1741092210836;8290
2;1741092211479;6996
0;1741092211678;7610
3;1741092215828;8291
0;1741092217934;7611
2;1741092218718;6997
3;1741092220867;8292
0;1741092220925;7612
2;1741092221149;6998
3;1741092225875;8293
0;1741092225997;7613
2;1741092226349;6999
3;1741092230835;8294
2;1741092231117;7000
0;1741092231229;7614
3;1741092235827;8295
0;1741092236220;7615
2;1741092236348;7001
3;1741092240865;8296
0;1741092240914;7616
2;1741092241052;7002
3;1741092245858;8297
2;1741092245900;7003
0;1741092246071;7617
3;1741092250835;8298
0;1741092251255;7618
2;1741092251371;7004
3;1741092255842;8299
0;1741092255915;7619
2;1741092256224;7005
3;1741092260833;8300
0;1741092260923;7620
2;1741092261094;7006
3;1741092265826;8301
0;1741092266154;7621
2;1741092266346;7007
3;1741092270865;8302
0;1741092270929;7622
2;1741092271372;7008
3;1741092275897;8303
0;1741092275914;7623
2;1741092276218;7009
3;1741092280833;8304
0;1741092281083;7624
2;1741092281242;7010
3;1741092285841;8305
0;1741092285963;7625
2;1741092286057;7011
3;1741092290858;8306
2;1741092291753;7012
0;1741092291993;7626
3;1741092295865;8307
0;1741092296041;7627
2;1741092296249;7013
3;1741092300925;8308
0;1741092301064;7628
2;1741092301289;7014
3;1741092305897;8309
0;1741092306088;7629
2;1741092306344;7015
3;1741092310831;8310
0;1741092311656;7630
2;1741092311795;7016
3;1741092315929;8311
0;1741092316343;7631
2;1741092316535;7017
3;1741092320894;8312
0;1741092320986;7632
2;1741092321279;7018
3;1741092325837;8313
2;1741092326167;7019
0;1741092326567;7633
3;1741092330924;8314
0;1741092330933;7634
2;1741092331187;7020
3;1741092335822;8315
0;1741092336153;7635
2;1741092336326;7021
3;1741092340829;8316
2;1741092341782;7022
0;1741092343910;7636
3;1741092345887;8317
0;1741092345958;7637
2;1741092346166;7023
3;1741092350891;8318
0;1741092350991;7638
2;1741092351269;7024
3;1741092355845;8319
2;1741092356005;7025
0;1741092356677;7639
3;1741092360870;8320
0;1741092360997;7640
2;1741092361237;7026
3;1741092365861;8321
2;1741092366260;7027
0;1741092366484;7641
0;1741092370900;7642
3;1741092373025;8322
2;1741092373065;7028
3;1741092375882;8323
0;1741092375908;7643
2;1741092376052;7029
3;1741092380826;8324
0;1741092383699;7644
3;1741092385850;8325
0;1741092385915;7645
2;1741092386099;7030
3;1741092390935;8326
0;1741092391034;7646
2;1741092391187;7031
3;1741092395865;8327
0;1741092395922;7647
2;1741092396483;7032
3;1741092400825;8328
0;1741092400946;7648
2;1741092401250;7033
3;1741092405848;8329
0;1741092406338;7649
2;1741092408130;7034
3;1741092410839;8330
0;1741092411122;7650
2;1741092411362;7035
3;1741092415846;8331
0;1741092415937;7651
2;1741092416161;7036
0;1741092420865;7652
3;1741092420875;8332
2;1741092420929;7037
3;1741092425847;8333
0;1741092426561;7653
2;1741092426673;7038
3;1741092430869;8334
2;1741092431024;7039
3;1741092435874;8335
2;1741092435968;7040
3;1741092440886;8336
2;1741092440975;7041
3;1741092445893;8337
2;1741092446063;7042
3;1741092450865;8338
2;1741092450987;7043
3;1741092455844;8339
2;1741092458275;7044
3;1741092460881;8340
2;1741092460931;7045
3;1741092465869;8341
2;1741092465966;7046
3;1741092470892;8342
2;1741092470947;7047
3;1741092475843;8343
2;1741092476237;7048
3;1741092480879;8344
2;1741092480925;7049
3;1741092485860;8345
2;1741092485933;7050
3;1741092490882;8346
2;1741092490973;7051
3;1741092495875;8347
2;1741092495948;7052
3;1741092500851;8348
2;1741092500908;7053
3;1741092505873;8349
2;1741092506013;7054
3;1741092510851;8350
2;1741092511024;7055
3;1741092515843;8351
2;1741092515899;7056
3;1741092520834;8352
2;1741092521227;7057
3;1741092525839;8353
2;1741092525882;7058
3;1741092530911;8354
2;1741092531133;7059
3;1741092535841;8355
2;1741092535914;7060
3;1741092540857;8356
2;1741092541033;7061
3;1741092545856;8357
2;1741092548809;7062
3;1741092550847;8358
2;1741092550921;7063
3;1741092555855;8359
2;1741092555955;7064
3;1741092560862;8360
2;1741092560964;7065
3;1741092565887;8361
2;1741092566003;7066
3;1741092570831;8362
2;1741092571139;7067
3;1741092575869;8363
2;1741092575991;7068
3;1741092580862;8364
2;1741092580919;7069
3;1741092585837;8365
2;1741092588743;7070
3;1741092590845;8366
2;1741092590887;7071
3;1741092595853;8367
2;1741092595926;7072
3;1741092600885;8368
2;1741092601113;7073
3;1741092605870;8369
2;1741092605925;7074
3;1741092610901;8370
2;1741092613269;7075
3;1741092615856;8371
2;1741092615989;7076
3;1741092620830;8372
2;1741092621029;7077
3;1741092625856;8373
2;1741092625908;7078
3;1741092630841;8374
2;1741092631092;7079
3;1741092635882;8375
2;1741092636148;7080
3;1741092640857;8376
2;1741092640950;7081
3;1741092645861;8377
2;1741092646179;7082
3;1741092650869;8378
2;1741092650930;7083
3;1741092655840;8379
2;1741092656067;7084
3;1741092660856;8380
2;1741092660962;7085
3;1741092665855;8381
2;1741092668434;7086
3;1741092670839;8382
2;1741092671035;7087
3;1741092675856;8383
2;1741092675985;7088
3;1741092680839;8384
2;1741092680926;7089
3;1741092685873;8385
2;1741092686113;7090
3;1741092690869;8386
2;1741092690913;7091
3;1741092695879;8387
2;1741092695915;7092
3;1741092700839;8388
2;1741092700944;7093
3;1741092705875;8389
2;1741092705901;7094
3;1741092710880;8390
2;1741092710943;7095
3;1741092715862;8391
2;1741092715887;7096
2;1741092720879;7097
3;1741092720891;8392
3;1741092725870;8393
2;1741092725883;7098
3;1741092730822;8394
2;1741092731038;7099
3;1741092735886;8395
2;1741092736013;7100
3;1741092740866;8396
2;1741092740958;7101
3;1741092745843;8397
2;1741092746109;7102
3;1741092750883;8398
2;1741092750993;7103
3;1741092755842;8399
2;1741092755884;7104
3;1741092760836;8400
2;1741092761196;7105
3;1741092765827;8401
2;1741092765948;7106
3;1741092770841;8402
2;1741092771033;7107
3;1741092775890;8403
2;1741092775979;7108
3;1741092780897;8404
2;1741092780979;7109
3;1741092785858;8405
2;1741092785998;7110
3;1741092790857;8406
2;1741092791210;7111
3;1741092795872;8407
2;1741092795914;7112
3;1741092800848;8408
2;1741092800873;7113
3;1741092805888;8409
2;1741092805977;7114
3;1741092810895;8410
2;1741092811017;7115
3;1741092815854;8411
2;1741092815976;7116
3;1741092820847;8412
2;1741092820942;7117
3;1741092825882;8413
2;1741092826040;7118
3;1741092830909;8414
2;1741092830979;7119
3;1741092835876;8415
2;1741092835915;7120
3;1741092840845;8416
2;1741092840918;7121
3;1741092845821;8417
2;1741092846374;7122
3;1741092850893;8418
2;1741092850943;7123
3;1741092855869;8419
2;1741092855941;7124
3;1741092860890;8420
2;1741092860965;7125
3;1741092865837;8421
2;1741092865935;7126
3;1741092870876;8422
2;1741092870948;7127
3;1741092875878;8423
2;1741092875956;7128
3;1741092880886;8424
2;1741092883188;7129
3;1741092885866;8425
2;1741092885943;7130
3;1741092890827;8426
2;1741092891075;7131
3;1741092895865;8427
2;1741092895923;7132
3;1741092900882;8428
2;1741092900930;7133
3;1741092905873;8429
2;1741092905921;7134
3;1741092910864;8430
2;1741092910880;7135
3;1741092915847;8431
2;1741092916065;7136
3;1741092920841;8432
2;1741092920928;7137
3;1741092925830;8433
2;1741092926000;7138
3;1741092930880;8434
2;1741092930960;7139
3;1741092935844;8435
2;1741092938863;7140
3;1741092940853;8436
2;1741092940920;7141
3;1741092945846;8437
2;1741092945911;7142
3;1741092950838;8438
2;1741092950901;7143
3;1741092955829;8439
2;1741092956015;7144
3;1741092960853;8440
2;1741092960903;7145
3;1741092965829;8441
2;1741092966014;7146
3;1741092970839;8442
2;1741092970984;7147
3;1741092975859;8443
2;1741092975949;7148
3;1741092980835;8444
2;1741092980968;7149
3;1741092985867;8445
2;1741092985998;7150
3;1741092990834;8446
2;1741092990984;7151
3;1741092995875;8447
2;1741092995936;7152
3;1741093000883;8448
2;1741093001019;7153
3;1741093005858;8449
2;1741093005931;7154
3;1741093010838;8450
2;1741093011116;7155
3;1741093015825;8451
2;1741093015979;7156
3;1741093020834;8452
2;1741093021146;7157
3;1741093025862;8453
2;1741093025919;7158
3;1741093030850;8454
2;1741093030955;7159
3;1741093035887;8455
2;1741093036025;7160
3;1741093040877;8456
2;1741093041001;7161
3;1741093045839;8457
2;1741093045969;7162
3;1741093050894;8458
2;1741093051203;7163
3;1741093055863;8459
2;1741093055927;7164
3;1741093060831;8460
2;1741093060919;7165
3;1741093065839;8461
2;1741093065959;7166
3;1741093070845;8462
2;1741093071125;7167
3;1741093075880;8463
2;1741093076135;7168
3;1741093080861;8464
2;1741093080918;7169
3;1741093085876;8465
2;1741093085942;7170
3;1741093090845;8466
2;1741093091238;7171
3;1741093095852;8467
2;1741093096053;7172
3;1741093100828;8468
2;1741093101107;7173
3;1741093105851;8469
2;1741093105918;7174
3;1741093110874;8470
2;1741093110969;7175
3;1741093115852;8471
2;1741093116006;7176
3;1741093120844;8472
2;1741093120900;7177
3;1741093125882;8473
2;1741093125971;7178
3;1741093130826;8474
2;1741093131272;7179
3;1741093135835;8475
2;1741093135907;7180
3;1741093140858;8476
2;1741093140911;7181
3;1741093145849;8477
2;1741093146179;7182
3;1741093150874;8478
2;1741093151090;7183
3;1741093155881;8479
2;1741093155953;7184
3;1741093160839;8480
2;1741093161001;7185
3;1741093165857;8481
2;1741093165985;7186
3;1741093170823;8482
2;1741093171169;7187
3;1741093175856;8483
2;1741093175872;7188
3;1741093180866;8484
2;1741093180880;7189
3;1741093185845;8485
2;1741093185936;7190
3;1741093190865;8486
2;1741093190940;7191
3;1741093195862;8487
2;1741093196013;7192
3;1741093200910;8488
2;1741093201029;7193
3;1741093205846;8489
2;1741093205919;7194
3;1741093210839;8490
2;1741093213689;7195
3;1741093215830;8491
2;1741093216046;7196
3;1741093220877;8492
2;1741093220958;7197
3;1741093225828;8493
2;1741093225934;7198
3;1741093230835;8494
2;1741093230989;7199
3;1741093235889;8495
2;1741093235966;7200
3;1741093240835;8496
2;1741093240957;7201
3;1741093245890;8497
2;1741093245981;7202
3;1741093250841;8498
2;1741093251244;7203
3;1741093255841;8499
2;1741093256012;7204
3;1741093260876;8500
2;1741093260940;7205
3;1741093265904;8501
2;1741093265963;7206
3;1741093270849;8502
2;1741093270918;7207
3;1741093275839;8503
2;1741093276035;7208
3;1741093280832;8504
2;1741093281123;7209
3;1741093285856;8505
2;1741093285898;7210
3;1741093290865;8506
2;1741093291018;7211
3;1741093295838;8507
2;1741093295920;7212
3;1741093300832;8508
2;1741093301019;7213
3;1741093305839;8509
2;1741093305881;7214
3;1741093310879;8510
2;1741093310936;7215
3;1741093315871;8511
2;1741093315945;7216
3;1741093320866;8512
2;1741093321160;7217
3;1741093325868;8513
2;1741093325944;7218
3;1741093330845;8514
2;1741093330919;7219
3;1741093335837;8515
2;1741093336231;7220
3;1741093340877;8516
2;1741093340976;7221
3;1741093345886;8517
2;1741093345990;7222
3;1741093350843;8518
2;1741093351095;7223
3;1741093355836;8519
2;1741093356054;7224
3;1741093360843;8520
2;1741093360920;7225
3;1741093365882;8521
2;1741093366310;7226
3;1741093370842;8522
2;1741093370901;7227
3;1741093375866;8523
2;1741093376134;7228
3;1741093380890;8524
2;1741093380997;7229
3;1741093385835;8525
2;1741093385956;7230
3;1741093390922;8526
2;1741093393764;7231
3;1741093395896;8527
2;1741093395997;7232
3;1741093400857;8528
2;1741093400893;7233
3;1741093405833;8529
2;1741093406051;7234
3;1741093410841;8530
2;1741093411167;7235
3;1741093415872;8531
2;1741093415922;7236
3;1741093420882;8532
2;1741093420898;7237
3;1741093425873;8533
2;1741093425947;7238
3;1741093430896;8534
2;1741093430903;7239
3;1741093435847;8535
2;1741093435971;7240
3;1741093440866;8536
2;1741093440913;7241
3;1741093445847;8537
2;1741093445948;7242
3;1741093450885;8538
2;1741093450975;7243
3;1741093455869;8539
2;1741093455900;7244
3;1741093460884;8540
2;1741093460983;7245
3;1741093465876;8541
2;1741093465919;7246
3;1741093470821;8542
2;1741093470935;7247
3;1741093475860;8543
2;1741093475950;7248
3;1741093480836;8544
2;1741093481024;7249
3;1741093485860;8545
2;1741093485997;7250
3;1741093490878;8546
2;1741093490909;7251
3;1741093495843;8547
2;1741093495917;7252
3;1741093500835;8548
2;1741093501165;7253
3;1741093505845;8549
2;1741093505948;7254
3;1741093510865;8550
2;1741093510927;7255
3;1741093515847;8551
2;1741093515948;7256
3;1741093520861;8552
2;1741093521307;7257
3;1741093525859;8553
2;1741093525947;7258
3;1741093530881;8554
2;1741093530924;7259
3;1741093535841;8555
2;1741093535944;7260
3;1741093540848;8556
2;1741093540906;7261
3;1741093545856;8557
2;1741093545931;7262
3;1741093550848;8558
2;1741093550941;7263
3;1741093555868;8559
2;1741093555913;7264
3;1741093560879;8560
2;1741093560931;7265
3;1741093565839;8561
2;1741093565897;7266
3;1741093570831;8562
2;1741093571224;7267
3;1741093575854;8563
2;1741093575976;7268
3;1741093580846;8564
2;1741093581191;7269
3;1741093585860;8565
2;1741093585898;7270
3;1741093590874;8566
2;1741093591352;7271
3;1741093595822;8567
2;1741093595983;7272
3;1741093600877;8568
2;1741093600950;7273
3;1741093605849;8569
2;1741093605992;7274
3;1741093610922;8570
2;1741093613224;7275
3;1741093615851;8571
2;1741093616070;7276
3;1741093620868;8572
2;1741093620946;7277
3;1741093625894;8573
2;1741093626213;7278
3;1741093630843;8574
2;1741093630917;7279
3;1741093635887;8575
2;1741093635940;7280
3;1741093640918;8576
2;1741093641012;7281
3;1741093645834;8577
2;1741093646036;7282
3;1741093650902;8578
2;1741093651219;7283
3;1741093655833;8579
2;1741093655923;7284
3;1741093660842;8580
2;1741093660995;7285
3;1741093665850;8581
2;1741093666099;7286
3;1741093670873;8582
2;1741093671058;7287
3;1741093675927;8583
2;1741093676044;7288
3;1741093680882;8584
2;1741093680930;7289
3;1741093685832;8585
2;1741093686049;7290
3;1741093690870;8586
2;1741093690982;7291
3;1741093695831;8587
2;1741093695924;7292
3;1741093700839;8588
2;1741093701089;7293
3;1741093705877;8589
2;1741093705968;7294
3;1741093710823;8590
2;1741093710892;7295
3;1741093715861;8591
2;1741093715952;7296
3;1741093720853;8592
2;1741093721311;7297
3;1741093725869;8593
2;1741093725938;7298
3;1741093730853;8594
2;1741093731183;7299
3;1741093735863;8595
2;1741093736041;7300
3;1741093740852;8596
2;1741093741088;7301
3;1741093747070;8597
2;1741093747198;7302
3;1741093750883;8598
2;1741093751048;7303
3;1741093755876;8599
2;1741093755981;7304
3;1741093760893;8600
2;1741093761069;7305
3;1741093765875;8601
2;1741093765988;7306
3;1741093770863;8602
2;1741093771117;7307
3;1741093775841;8603
2;1741093775868;7308
3;1741093780866;8604
2;1741093780924;7309
3;1741093785842;8605
2;1741093785899;7310
3;1741093790858;8606
2;1741093790875;7311
3;1741093795881;8607
2;1741093795899;7312
3;1741093800848;8608
2;1741093800932;7313
3;1741093805824;8609
2;1741093805978;7314
3;1741093810881;8610
2;1741093810990;7315
3;1741093815868;8611
2;1741093815914;7316
3;1741093820865;8612
2;1741093820932;7317
3;1741093825871;8613
2;1741093826041;7318
3;1741093830863;8614
2;1741093830953;7319
3;1741093835887;8615
2;1741093836020;7320
3;1741093840854;8616
2;1741093840936;7321
3;1741093845934;8617
2;1741093845968;7322
3;1741093850845;8618
2;1741093850884;7323
3;1741093855894;8619
2;1741093855943;7324
3;1741093860894;8620
2;1741093860957;7325
3;1741093865821;8621
2;1741093866279;7326
3;1741093870876;8622
2;1741093870990;7327
3;1741093875853;8623
2;1741093875943;7328
3;1741093880845;8624
2;1741093880981;7329
3;1741093885852;8625
2;1741093885941;7330
3;1741093890843;8626
2;1741093891248;7331
3;1741093895851;8627
2;1741093895925;7332
3;1741093900843;8628
2;1741093900933;7333
3;1741093905915;8629
2;1741093906052;7334
3;1741093910875;8630
2;1741093910932;7335
3;1741093915863;8631
2;1741093915940;7336
3;1741093920842;8632
2;1741093920948;7337
3;1741093925854;8633
2;1741093926147;7338
3;1741093930858;8634
2;1741093931043;7339
3;1741093935874;8635
2;1741093935894;7340
3;1741093940888;8636
2;1741093940956;7341
3;1741093945848;8637
2;1741093945884;7342
3;1741093950855;8638
2;1741093950930;7343
3;1741093955833;8639
2;1741093956001;7344
3;1741093960883;8640
2;1741093960964;7345
3;1741093965858;8641
2;1741093965873;7346
3;1741093970886;8642
2;1741093971200;7347
3;1741093975830;8643
2;1741093975919;7348
3;1741093980838;8644
2;1741093980972;7349
3;1741093985845;8645
2;1741093985919;7350
3;1741093990822;8646
2;1741093991215;7351
3;1741093995862;8647
2;1741093995951;7352
3;1741094000821;8648
2;1741094001235;7353
3;1741094005849;8649
2;1741094005969;7354
3;1741094010891;8650
2;1741094010942;7355
3;1741094015901;8651
2;1741094015909;7356
3;1741094020881;8652
2;1741094021006;7357
3;1741094025844;8653
2;1741094025997;7358
3;1741094030835;8654
2;1741094030924;7359
3;1741094035843;8655
2;1741094035928;7360
3;1741094040877;8656
2;1741094040941;7361
3;1741094045826;8657
2;1741094045948;7362
3;1741094050889;8658
2;1741094050995;7363
3;1741094055827;8659
2;1741094056107;7364
3;1741094060864;8660
2;1741094061275;7365
3;1741094065873;8661
2;1741094066068;7366
3;1741094070848;8662
2;1741094070884;7367
3;1741094075978;8663
2;1741094078266;7368
3;1741094080858;8664
2;1741094083259;7369
3;1741094085867;8665
2;1741094085881;7370
3;1741094090858;8666
2;1741094090953;7371
3;1741094095824;8667
2;1741094095979;7372
3;1741094100863;8668
2;1741094100888;7373
3;1741094105839;8669
2;1741094105924;7374
3;1741094110830;8670
2;1741094111240;7375
3;1741094115840;8671
2;1741094115863;7376
3;1741094120872;8672
2;1741094121128;7377
3;1741094125841;8673
2;1741094125911;7378
3;1741094130828;8674
2;1741094130935;7379
3;1741094135835;8675
2;1741094136150;7380
3;1741094140848;8676
2;1741094141200;7381
3;1741094145852;8677
2;1741094146214;7382
3;1741094150860;8678
2;1741094150997;7383
3;1741094155851;8679
2;1741094156133;7384
3;1741094160843;8680
2;1741094160935;7385
3;1741094165882;8681
2;1741094166132;7386
3;1741094170870;8682
2;1741094170940;7387
3;1741094175835;8683
2;1741094175924;7388
3;1741094180841;8684
2;1741094181452;7389
3;1741094185859;8685
2;1741094185875;7390
3;1741094190858;8686
2;1741094191164;7391
3;1741094195858;8687
2;1741094196371;7392
3;1741094200826;8688
2;1741094201234;7393
3;1741094205847;8689
2;1741094205933;7394
3;1741094210856;8690
2;1741094210946;7395
3;1741094215847;8691
2;1741094215922;7396
3;1741094220839;8692
2;1741094220978;7397
3;1741094225877;8693
2;1741094225985;7398
3;1741094230881;8694
2;1741094230962;7399
3;1741094235831;8695
2;1741094238704;7400
3;1741094240887;8696
2;1741094240976;7401
3;1741094245846;8697
2;1741094246080;7402
3;1741094250853;8698
2;1741094250943;7403
3;1741094255830;8699
2;1741094255984;7404
3;1741094260908;8700
2;1741094261040;7405
3;1741094265860;8701
2;1741094265887;7406
3;1741094270853;8702
2;1741094270942;7407
3;1741094275841;8703
2;1741094275880;7408
3;1741094280837;8704
2;1741094280876;7409
3;1741094285867;8705
2;1741094286171;7410
3;1741094291041;8706
2;1741094291723;7411
3;1741094295882;8707
2;1741094296027;7412
3;1741094300848;8708
2;1741094300896;7413
3;1741094305882;8709
2;1741094305898;7414
3;1741094310895;8710
2;1741094310986;7415
3;1741094315839;8711
2;1741094315935;7416
3;1741094320848;8712
2;1741094320889;7417
3;1741094325839;8713
2;1741094327993;7418
3;1741094330875;8714
2;1741094330888;7419
3;1741094335872;8715
2;1741094335941;7420
3;1741094340877;8716
2;1741094340984;7421
3;1741094345886;8717
2;1741094346024;7422
3;1741094350845;8718
2;1741094350921;7423
3;1741094355911;8719
2;1741094356135;7424
3;1741094360846;8720
2;1741094360935;7425
3;1741094365869;8721
2;1741094366000;7426
3;1741094370829;8722
2;1741094371131;7427
3;1741094375852;8723
2;1741094376230;7428
3;1741094380845;8724
2;1741094380929;7429
3;1741094385863;8725
2;1741094386133;7430
3;1741094390871;8726
2;1741094390944;7431
3;1741094395851;8727
2;1741094395957;7432
3;1741094400828;8728
2;1741094401284;7433
3;1741094405879;8729
2;1741094405941;7434
3;1741094410842;8730
2;1741094410899;7435
3;1741094415880;8731
2;1741094416003;7436
3;1741094420878;8732
2;1741094420986;7437
3;1741094425848;8733
2;1741094425939;7438
3;1741094430873;8734
2;1741094430899;7439
3;1741094435864;8735
2;1741094435943;7440
3;1741094440873;8736
2;1741094440936;7441
3;1741094445865;8737
2;1741094445954;7442
3;1741094450856;8738
2;1741094450945;7443
3;1741094455857;8739
2;1741094456023;7444
3;1741094460840;8740
2;1741094460934;7445
3;1741094465863;8741
2;1741094465936;7446
3;1741094470854;8742
2;1741094471024;7447
3;1741094475878;8743
2;1741094476001;7448
3;1741094480917;8744
2;1741094480959;7449
3;1741094485886;8745
2;1741094486159;7450
3;1741094490838;8746
2;1741094491167;7451
3;1741094495875;8747
2;1741094495950;7452
3;1741094500853;8748
2;1741094500942;7453
3;1741094505828;8749
2;1741094505966;7454
3;1741094510821;8750
2;1741094511054;7455
3;1741094515844;8751
2;1741094515966;7456
3;1741094520852;8752
2;1741094520909;7457
3;1741094525871;8753
2;1741094526365;7458
3;1741094530867;8754
2;1741094530942;7459
3;1741094535858;8755
2;1741094535907;7460
3;1741094540897;8756
2;1741094541004;7461
3;1741094545842;8757
2;1741094545980;7462
3;1741094550865;8758
2;1741094551035;7463
3;1741094555872;8759
2;1741094555979;7464
3;1741094560854;8760
2;1741094560955;7465
3;1741094565936;8761
2;1741094566277;7466
3;1741094570874;8762
2;1741094570922;7467
3;1741094575856;8763
2;1741094575962;7468
3;1741094580847;8764
2;1741094580921;7469
3;1741094585855;8765
2;1741094585961;7470
3;1741094590922;8766
2;1741094590943;7471
3;1741094595823;8767
2;1741094595928;7472
3;1741094600846;8768
2;1741094600927;7473
3;1741094605854;8769
2;1741094606120;7474
3;1741094610846;8770
2;1741094610881;7475
3;1741094615870;8771
2;1741094616001;7476
3;1741094620844;8772
2;1741094620875;7477
3;1741094625866;8773
2;1741094626161;7478
3;1741094630845;8774
2;1741094631072;7479
3;1741094635837;8775
2;1741094636169;7480
3;1741094640828;8776
2;1741094641206;7481
3;1741094645835;8777
2;1741094646261;7482
3;1741094650844;8778
2;1741094650934;7483
3;1741094655901;8779
2;1741094655970;7484
3;1741094660890;8780
2;1741094661001;7485
3;1741094665851;8781
2;1741094665956;7486
3;1741094670843;8782
2;1741094670900;7487
3;1741094675848;8783
2;1741094675885;7488
3;1741094680826;8784
2;1741094681059;7489
3;1741094685880;8785
2;1741094685987;7490
3;1741094690866;8786
2;1741094690876;7491
3;1741094695848;8787
2;1741094695875;7492
3;1741094700873;8788
2;1741094700962;7493
3;1741094705861;8789
2;1741094705954;7494
3;1741094710842;8790
2;1741094710946;7495
3;1741094715899;8791
2;1741094716033;7496
3;1741094720886;8792
2;1741094721009;7497
3;1741094725873;8793
2;1741094725937;7498
3;1741094730886;8794
2;1741094731008;7499
3;1741094735828;8795
2;1741094735905;7500
3;1741094740902;8796
2;1741094740974;7501
3;1741094745844;8797
2;1741094745920;7502
3;1741094750846;8798
2;1741094750895;7503
3;1741094755846;8799
2;1741094756070;7504
3;1741094760821;8800
2;1741094761022;7505
3;1741094765844;8801
2;1741094765930;7506
3;1741094770852;8802
2;1741094770974;7507
3;1741094775871;8803
2;1741094775934;7508
3;1741094780835;8804
2;1741094780925;7509
3;1741094785875;8805
2;1741094785981;7510
3;1741094790879;8806
2;1741094790893;7511
3;1741094795857;8807
2;1741094795933;7512
3;1741094800882;8808
2;1741094800988;7513
3;1741094805842;8809
2;1741094805884;7514
3;1741094810866;8810
2;1741094810981;7515
3;1741094815863;8811
2;1741094815947;7516
3;1741094820876;8812
2;1741094820923;7517
3;1741094825825;8813
2;1741094825963;7518
3;1741094830863;8814
2;1741094830906;7519
3;1741094835855;8815
2;1741094835994;7520
3;1741094840848;8816
2;1741094841258;7521
3;1741094845840;8817
2;1741094846009;7522
3;1741094850859;8818
3;1741094855883;8819
2;1741094855992;7523
3;1741094860875;8820
2;1741094860885;7524
3;1741094865894;8821
2;1741094865903;7525
3;1741094870831;8822
2;1741094870936;7526
3;1741094875855;8823
2;1741094875927;7527
3;1741094880872;8824
2;1741094880919;7528
3;1741094885909;8825
2;1741094886081;7529
3;1741094890895;8826
2;1741094891063;7530
3;1741094895837;8827
2;1741094896166;7531
3;1741094900830;8828
2;1741094901030;7532
3;1741094905898;8829
2;1741094906038;7533
3;1741094910844;8830
2;1741094911046;7534
3;1741094915910;8831
2;1741094916341;7535
3;1741094920873;8832
2;1741094920995;7536
3;1741094925835;8833
2;1741094926023;7537
3;1741094930859;8834
2;1741094931108;7538
3;1741094935860;8835
2;1741094935876;7539
3;1741094940826;8836
2;1741094941060;7540
3;1741094945860;8837
2;1741094946099;7541
3;1741094950873;8838
2;1741094950947;7542
3;1741094955865;8839
2;1741094956003;7543
3;1741094960857;8840
2;1741094961202;7544
3;1741094965844;8841
2;1741094966290;7545
3;1741094970840;8842
3;1741094975831;8843
2;1741094978257;7546
3;1741094980899;8844
2;1741094980977;7547
3;1741094985859;8845
2;1741094985922;7548
3;1741094990894;8846
2;1741094990993;7549
3;1741094995894;8847
2;1741094995968;7550
3;1741095000870;8848
2;1741095001024;7551
3;1741095005847;8849
2;1741095005919;7552
3;1741095010885;8850
2;1741095010943;7553
3;1741095015830;8851
2;1741095018847;7554
3;1741095020822;8852
2;1741095020943;7555
3;1741095025844;8853
2;1741095028222;7556
3;1741095030837;8854
2;1741095031070;7557
3;1741095035850;8855
2;1741095035950;7558
3;1741095040836;8856
2;1741095041198;7559
3;1741095045859;8857
2;1741095045897;7560
3;1741095050851;8858
2;1741095050909;7561
3;1741095055890;8859
2;1741095055964;7562
3;1741095060850;8860
2;1741095060892;7563
3;1741095065843;8861
2;1741095065905;7564
3;1741095070866;8862
2;1741095070956;7565
3;1741095075899;8863
2;1741095075908;7566
0;1741095078315;7654
3;1741095080849;8864
0;1741095080885;7655
2;1741095080971;7567
3;1741095085842;8865
0;1741095085915;7656
2;1741095086139;7568
3;1741095090866;8866
0;1741095093995;7657
3;1741095095824;8867
0;1741095096362;7658
2;1741095096650;7569
3;1741095100896;8868
2;1741095101034;7570
0;1741095101242;7659
3;1741095105873;8869
0;1741095105911;7660
2;1741095106138;7571
3;1741095110847;8870
0;1741095110899;7661
2;1741095111113;7572
3;1741095115825;8871
2;1741095116041;7573
0;1741095116841;7662
3;1741095120912;8872
0;1741095121144;7663
2;1741095121352;7574
3;1741095125869;8873
2;1741095126008;7575
0;1741095126312;7664
3;1741095130846;8874
0;1741095130936;7665
2;1741095131080;7576
3;1741095135840;8875
2;1741095135992;7577
0;1741095136136;7666
3;1741095140951;8876
2;1741095141255;7578
0;1741095144584;7667
3;1741095145837;8877
2;1741095146023;7579
3;1741095150828;8878
2;1741095150983;7580
3;1741095155864;8879
2;1741095156422;7581
3;1741095160871;8880
2;1741095160902;7582
3;1741095165852;8881
2;1741095165942;7583
3;1741095170828;8882
2;1741095171158;7584
3;1741095175850;8883
2;1741095175937;7585
3;1741095180874;8884
2;1741095180981;7586
3;1741095185834;8885
2;1741095185957;7587
3;1741095190842;8886
2;1741095190900;7588
3;1741095195859;8887
2;1741095195908;7589
3;1741095200848;8888
2;1741095200885;7590
3;1741095205866;8889
2;1741095206132;7591
3;1741095210884;8890
2;1741095210947;7592
3;1741095215833;8891
2;1741095216035;7593
3;1741095220858;8892
2;1741095220931;7594
3;1741095225849;8893
2;1741095225885;7595
3;1741095230873;8894
2;1741095230962;7596
3;1741095235876;8895
2;1741095235952;7597
3;1741095240824;8896
2;1741095241105;7598
3;1741095245831;8897
2;1741095246113;7599
3;1741095250878;8898
2;1741095250929;7600
3;1741095255895;8899
2;1741095256009;7601
3;1741095260872;8900
2;1741095260972;7602
3;1741095265877;8901
2;1741095265952;7603
3;1741095270870;8902
2;1741095270911;7604
3;1741095275848;8903
2;1741095275935;7605
3;1741095280837;8904
2;1741095280977;7606
3;1741095285861;8905
2;1741095286079;7607
3;1741095290837;8906
2;1741095290953;7608
3;1741095295829;8907
2;1741095295961;7609
3;1741095300879;8908
2;1741095301039;7610
3;1741095305860;8909
2;1741095305931;7611
3;1741095310882;8910
2;1741095311070;7612
3;1741095315842;8911
2;1741095316013;7613
3;1741095320869;8912
2;1741095320954;7614
3;1741095325864;8913
2;1741095326092;7615
3;1741095330907;8914
2;1741095331116;7616
3;1741095335868;8915
2;1741095335969;7617
3;1741095340873;8916
2;1741095340939;7618
3;1741095345825;8917
2;1741095345979;7619
3;1741095350864;8918
2;1741095350923;7620
3;1741095355856;8919
2;1741095355947;7621
3;1741095360883;8920
2;1741095361002;7622
3;1741095365825;8921
2;1741095366106;7623
3;1741095370876;8922
2;1741095371002;7624
3;1741095375884;8923
2;1741095375933;7625
3;1741095380863;8924
2;1741095381065;7626
3;1741095385824;8925
2;1741095386024;7627
3;1741095390846;8926
2;1741095390946;7628
2;1741095395896;7629
3;1741095395907;8927
2;1741095400871;7630
3;1741095400885;8928
3;1741095405862;8929
2;1741095405898;7631
3;1741095410830;8930
2;1741095410967;7632
3;1741095415840;8931
2;1741095415943;7633
3;1741095420845;8932
2;1741095421382;7634
2;1741095425878;7635
3;1741095425890;8933
3;1741095430828;8934
2;1741095430981;7636
3;1741095435894;8935
2;1741095435981;7637
3;1741095440872;8936
2;1741095440933;7638
3;1741095445851;8937
2;1741095446117;7639
3;1741095450828;8938
3;1741095455862;8939
2;1741095458884;7640
3;1741095460842;8940
2;1741095460920;7641
3;1741095465873;8941
2;1741095465939;7642
3;1741095470826;8942
2;1741095470963;7643
3;1741095475834;8943
2;1741095480882;7644
3;1741095480894;8944
3;1741095485881;8945
2;1741095485938;7645
3;1741095490825;8946
2;1741095491090;7646
3;1741095495879;8947
2;1741095495937;7647
3;1741095500896;8948
2;1741095500933;7648
3;1741095505847;8949
2;1741095505921;7649
3;1741095510839;8950
2;1741095511040;7650
3;1741095515862;8951
2;1741095516081;7651
3;1741095520880;8952
2;1741095520934;7652
3;1741095525846;8953
2;1741095526094;7653
3;1741095530854;8954
2;1741095530911;7654
3;1741095535831;8955
2;1741095535968;7655
3;1741095540838;8956
2;1741095541007;7656
3;1741095545861;8957
2;1741095545903;7657
3;1741095550852;8958
2;1741095550958;7658
3;1741095555829;8959
2;1741095555923;7659
3;1741095560879;8960
2;1741095560909;7660
3;1741095565859;8961
2;1741095566045;7661
3;1741095570851;8962
2;1741095570941;7662
3;1741095575827;8963
2;1741095575968;7663
3;1741095580835;8964
2;1741095580924;7664
3;1741095585889;8965
2;1741095586124;7665
3;1741095590897;8966
2;1741095590972;7666
3;1741095595873;8967
2;1741095595979;7667
3;1741095600834;8968
2;1741095601307;7668
3;1741095605830;8969
2;1741095605947;7669
3;1741095610848;8970
2;1741095610886;7670
3;1741095615923;8971
2;1741095616074;7671
3;1741095620852;8972
2;1741095620906;7672
3;1741095625843;8973
2;1741095626010;7673
3;1741095630842;8974
2;1741095630985;7674
3;1741095635824;8975
2;1741095636137;7675
3;1741095640862;8976
2;1741095640904;7676
3;1741095645879;8977
2;1741095645928;7677
3;1741095650847;8978
2;1741095650945;7678
3;1741095655870;8979
2;1741095655944;7679
3;1741095660892;8980
2;1741095660983;7680
3;1741095665840;8981
2;1741095665991;7681
3;1741095670829;8982
2;1741095670941;7682
3;1741095675853;8983
2;1741095676086;7683
3;1741095680828;8984
2;1741095681067;7684
3;1741095685837;8985
2;1741095685910;7685
3;1741095690893;8986
2;1741095691141;7686
3;1741095695883;8987
2;1741095695941;7687
3;1741095700843;8988
2;1741095701157;7688
3;1741095705859;8989
2;1741095706021;7689
3;1741095710828;8990
2;1741095710932;7690
3;1741095715892;8991
2;1741095716068;7691
3;1741095720858;8992
2;1741095720964;7692
3;1741095725866;8993
2;1741095726021;7693
3;1741095730841;8994
2;1741095731422;7694
3;1741095735860;8995
2;1741095736339;7695
3;1741095740873;8996
2;1741095740946;7696
3;1741095745912;8997
2;1741095746002;7697
3;1741095750872;8998
2;1741095751107;7698
3;1741095755863;8999
2;1741095755880;7699
3;1741095760872;9000
2;1741095760977;7700
3;1741095765862;9001
2;1741095766033;7701
3;1741095770856;9002
2;1741095770922;7702
3;1741095775846;9003
2;1741095775937;7703
3;1741095780839;9004
2;1741095780928;7704
3;1741095785831;9005
2;1741095786144;7705
3;1741095790880;9006
2;1741095790911;7706
3;1741095795846;9007
2;1741095795921;7707
3;1741095800897;9008
2;1741095800959;7708
3;1741095805877;9009
2;1741095806143;7709
3;1741095810884;9010
2;1741095811150;7710
3;1741095815887;9011
2;1741095816205;7711
3;1741095820836;9012
2;1741095820941;7712
3;1741095825827;9013
2;1741095825997;7713
3;1741095830863;9014
2;1741095831033;7714
3;1741095835843;9015
2;1741095835965;7715
3;1741095840850;9016
2;1741095841101;7716
3;1741095845843;9017
2;1741095845884;7717
3;1741095850851;9018
2;1741095850923;7718
3;1741095855842;9019
2;1741095856031;7719
3;1741095860854;9020
2;1741095860942;7720
3;1741095865875;9021
2;1741095865916;7721
3;1741095870935;9022
2;1741095871243;7722
3;1741095875825;9023
2;1741095875946;7723
3;1741095880894;9024
2;1741095880938;7724
3;1741095885840;9025
2;1741095885989;7725
3;1741095890833;9026
2;1741095891129;7726
3;1741095895843;9027
2;1741095896105;7727
3;1741095900847;9028
2;1741095901129;7728
3;1741095905823;9029
2;1741095906257;7729
3;1741095910846;9030
2;1741095911128;7730
3;1741095915880;9031
2;1741095916133;7731
3;1741095920831;9032
2;1741095921351;7732
3;1741095925884;9033
2;1741095925943;7733
3;1741095930907;9034
2;1741095931143;7734
3;1741095935822;9035
2;1741095936086;7735
3;1741095940866;9036
2;1741095940902;7736
3;1741095945836;9037
2;1741095945994;7737
3;1741095950841;9038
2;1741095951093;7738
3;1741095955864;9039
2;1741095956117;7739
3;1741095960847;9040
2;1741095961069;7740
3;1741095965892;9041
2;1741095965965;7741
3;1741095970828;9042
2;1741095970980;7742
3;1741095975872;9043
2;1741095976004;7743
3;1741095980845;9044
2;1741095980964;7744
3;1741095985860;9045
2;1741095985907;7745
3;1741095990864;9046
2;1741095990948;7746
3;1741095995853;9047
2;1741095995923;7747
3;1741096000825;9048
2;1741096000947;7748
3;1741096005833;9049
2;1741096008306;7749
3;1741096010840;9050
2;1741096010937;7750
3;1741096015856;9051
2;1741096015938;7751
3;1741096020839;9052
2;1741096021105;7752
3;1741096025847;9053
2;1741096025905;7753
3;1741096030825;9054
2;1741096033489;7754
3;1741096035831;9055
2;1741096036199;7755
3;1741096040857;9056
2;1741096041217;7756
3;1741096045905;9057
2;1741096045927;7757
3;1741096050904;9058
2;1741096051066;7758
3;1741096055845;9059
2;1741096056154;7759
3;1741096060885;9060
2;1741096060986;7760
3;1741096065829;9061
2;1741096066063;7761
3;1741096070864;9062
2;1741096070896;7762
3;1741096075845;9063
2;1741096076242;7763
3;1741096080838;9064
2;1741096081349;7764
3;1741096085845;9065
2;1741096085869;7765
3;1741096090839;9066
2;1741096090969;7766
3;1741096095882;9067
2;1741096095962;7767
3;1741096100854;9068
2;1741096100940;7768
3;1741096105872;9069
2;1741096105932;7769
3;1741096110914;9070
2;1741096110947;7770
3;1741096115876;9071
2;1741096115912;7771
3;1741096120877;9072
2;1741096120923;7772
3;1741096125826;9073
2;1741096126029;7773
3;1741096130859;9074
2;1741096130906;7774
3;1741096135890;9075
2;1741096136061;7775
3;1741096140865;9076
2;1741096141066;7776
3;1741096145871;9077
2;1741096145897;7777
3;1741096150841;9078
2;1741096151001;7778
3;1741096155839;9079
2;1741096155913;7779
3;1741096160865;9080
2;1741096161049;7780
3;1741096165852;9081
2;1741096165881;7781
3;1741096170850;9082
2;1741096170942;7782
3;1741096175871;9083
2;1741096177943;7783
3;1741096180871;9084
2;1741096180989;7784
3;1741096185886;9085
2;1741096186004;7785
3;1741096190861;9086
2;1741096190936;7786
3;1741096195865;9087
2;1741096195898;7787
3;1741096200860;9088
2;1741096200903;7788
3;1741096205821;9089
2;1741096206070;7789
3;1741096210896;9090
2;1741096210951;7790
3;1741096215895;9091
2;1741096216279;7791
3;1741096220972;9092
2;1741096220986;7792
3;1741096225882;9093
2;1741096225973;7793
3;1741096230885;9094
2;1741096231156;7794
3;1741096235931;9095
2;1741096236197;7795
3;1741096240827;9096
2;1741096241076;7796
3;1741096245834;9097
2;1741096245946;7797
3;1741096250826;9098
2;1741096251108;7798
3;1741096255861;9099
2;1741096255875;7799
3;1741096260864;9100
2;1741096260930;7800
3;1741096265901;9101
2;1741096265977;7801
3;1741096270826;9102
2;1741096270914;7802
3;1741096275877;9103
2;1741096275890;7803
3;1741096280903;9104
2;1741096280974;7804
3;1741096285847;9105
2;1741096286010;7805
3;1741096290839;9106
2;1741096291091;7806
3;1741096295877;9107
2;1741096295920;7807
3;1741096300870;9108
2;1741096300937;7808
3;1741096305831;9109
2;1741096306048;7809
3;1741096310879;9110
2;1741096310895;7810
3;1741096315876;9111
2;1741096315952;7811
3;1741096320870;9112
2;1741096321311;7812
3;1741096325909;9113
2;1741096325939;7813
3;1741096330880;9114
2;1741096331017;7814
3;1741096335871;9115
2;1741096335982;7815
3;1741096340884;9116
2;1741096340897;7816
3;1741096345875;9117
2;1741096345887;7817
3;1741096350928;9118
2;1741096350957;7818
3;1741096355875;9119
2;1741096356012;7819
3;1741096360868;9120
2;1741096360940;7820
3;1741096365871;9121
2;1741096365991;7821
3;1741096370883;9122
2;1741096371068;7822
3;1741096375900;9123
2;1741096375915;7823
3;1741096380880;9124
2;1741096381035;7824
3;1741096385843;9125
2;1741096386155;7825
3;1741096390865;9126
2;1741096390923;7826
3;1741096395904;9127
2;1741096395969;7827
3;1741096400880;9128
2;1741096400986;7828
3;1741096405855;9129
2;1741096405977;7829
3;1741096410896;9130
2;1741096410969;7830
3;1741096415837;9131
2;1741096416137;7831
3;1741096420847;9132
2;1741096424026;7832
3;1741096425839;9133
2;1741096425912;7833
3;1741096430878;9134
2;1741096432937;7834
3;1741096435840;9135
2;1741096436216;7835
3;1741096440831;9136
2;1741096441041;7836
3;1741096445885;9137
2;1741096445943;7837
3;1741096450869;9138
2;1741096450934;7838
3;1741096455822;9139
3;1741096460843;9140
2;1741096460946;7839
3;1741096465851;9141
2;1741096466027;7840
3;1741096470843;9142
2;1741096471350;7841
3;1741096475866;9143
2;1741096475933;7842
3;1741096480842;9144
2;1741096480884;7843
3;1741096485834;9145
2;1741096486303;7844
3;1741096490873;9146
2;1741096490993;7845
3;1741096495886;9147
2;1741096496149;7846
2;1741096500884;7847
3;1741096500895;9148
3;1741096505925;9149
2;1741096505987;7848
3;1741096510872;9150
2;1741096510948;7849
3;1741096515847;9151
2;1741096516018;7850
3;1741096520841;9152
2;1741096520930;7851
3;1741096525907;9153
2;1741096525942;7852
3;1741096530869;9154
2;1741096530949;7853
3;1741096535846;9155
2;1741096536193;7854
3;1741096540869;9156
2;1741096540896;7855
3;1741096545831;9157
2;1741096545904;7856
3;1741096550853;9158
2;1741096550912;7857
3;1741096555871;9159
2;1741096555920;7858
3;1741096560863;9160
2;1741096560879;7859
3;1741096565831;9161
2;1741096565936;7860
3;1741096570864;9162
2;1741096570927;7861
3;1741096575861;9163
2;1741096576302;7862
3;1741096580868;9164
2;1741096580894;7863
3;1741096585889;9165
2;1741096585905;7864
3;1741096590852;9166
2;1741096590960;7865
3;1741096595886;9167
2;1741096595901;7866
3;1741096600886;9168
2;1741096600940;7867
3;1741096605868;9169
2;1741096605923;7868
3;1741096610892;9170
2;1741096610966;7869
3;1741096615875;9171
2;1741096615980;7870
3;1741096620834;9172
2;1741096620886;7871
3;1741096625858;9173
2;1741096625931;7872
3;1741096630850;9174
2;1741096630939;7873
3;1741096635882;9175
2;1741096635898;7874
3;1741096640863;9176
2;1741096640970;7875
3;1741096645882;9177
2;1741096645942;7876
3;1741096650848;9178
2;1741096650943;7877
3;1741096655873;9179
2;1741096655909;7878
3;1741096660880;9180
2;1741096660905;7879
3;1741096665874;9181
2;1741096665913;7880
3;1741096670846;9182
2;1741096670888;7881
3;1741096675865;9183
2;1741096676182;7882
3;1741096680879;9184
2;1741096681000;7883
3;1741096685871;9185
2;1741096686040;7884
3;1741096690830;9186
2;1741096690903;7885
3;1741096695859;9187
2;1741096695942;7886
3;1741096700886;9188
2;1741096700950;7887
3;1741096705880;9189
2;1741096705901;7888
3;1741096710829;9190
2;1741096710918;7889
3;1741096715868;9191
2;1741096715988;7890
3;1741096720876;9192
2;1741096720982;7891
3;1741096725836;9193
2;1741096725877;7892
3;1741096730875;9194
2;1741096731286;7893
3;1741096735834;9195
2;1741096736069;7894
3;1741096740858;9196
2;1741096740976;7895
3;1741096745849;9197
2;1741096745924;7896
3;1741096750842;9198
2;1741096750990;7897
3;1741096755876;9199
2;1741096755948;7898
3;1741096760884;9200
2;1741096760931;7899
3;1741096765879;9201
2;1741096766014;7900
3;1741096770825;9202
2;1741096771171;7901
3;1741096775833;9203
2;1741096775938;7902
3;1741096780885;9204
2;1741096780930;7903
3;1741096785864;9205
2;1741096785970;7904
3;1741096790864;9206
2;1741096790881;7905
3;1741096795896;9207
2;1741096795985;7906
3;1741096800823;9208
2;1741096800944;7907
3;1741096805861;9209
2;1741096806113;7908
3;1741096810872;9210
2;1741096810945;7909
3;1741096815833;9211
2;1741096815935;7910
3;1741096820821;9212
2;1741096821119;7911
3;1741096825861;9213
2;1741096826015;7912
3;1741096830861;9214
2;1741096830937;7913
3;1741096835843;9215
2;1741096835902;7914
3;1741096840837;9216
2;1741096840958;7915
3;1741096845872;9217
2;1741096845934;7916
3;1741096850951;9218
2;1741096851117;7917
3;1741096855872;9219
2;1741096855937;7918
3;1741096860890;9220
2;1741096860944;7919
3;1741096865856;9221
2;1741096865902;7920
3;1741096870876;9222
2;1741096870924;7921
3;1741096875827;9223
2;1741096876108;7922
3;1741096880849;9224
2;1741096880949;7923
3;1741096885840;9225
2;1741096885903;7924
3;1741096890864;9226
2;1741096890981;7925
3;1741096895856;9227
2;1741096896011;7926
3;1741096900912;9228
2;1741096901098;7927
3;1741096905886;9229
2;1741096906042;7928
3;1741096910860;9230
2;1741096910965;7929
3;1741096915840;9231
2;1741096916218;7930
3;1741096920901;9232
2;1741096920938;7931
3;1741096925838;9233
2;1741096925913;7932
3;1741096930856;9234
2;1741096930937;7933
3;1741096935878;9235
2;1741096935912;7934
3;1741096940877;9236
2;1741096940941;7935
3;1741096945840;9237
2;1741096945992;7936
3;1741096950844;9238
2;1741096950935;7937
3;1741096955836;9239
2;1741096956183;7938
3;1741096960860;9240
2;1741096961095;7939
3;1741096965866;9241
2;1741096965922;7940
3;1741096970843;9242
2;1741096970966;7941
3;1741096975868;9243
2;1741096975954;7942
3;1741096980844;9244
2;1741096980966;7943
3;1741096985845;9245
2;1741096986005;7944
3;1741096990826;9246
2;1741096990949;7945
2;1741096996053;7946
2;1741097000996;7947
3;1741097005849;9247
3;1741097005897;9248
2;1741097005924;7948
3;1741097010840;9249
2;1741097010868;7949
3;1741097015865;9250
2;1741097016691;7950
3;1741097020883;9251
2;1741097020933;7951
3;1741097025906;9252
2;1741097026483;7952
3;1741097030826;9253
2;1741097031043;7953
3;1741097035879;9254
2;1741097036143;7954
3;1741097040872;9255
2;1741097041121;7955
3;1741097045832;9256
2;1741097046014;7956
3;1741097050886;9257
2;1741097050929;7957
3;1741097055904;9258
2;1741097055937;7958
3;1741097060860;9259
2;1741097060918;7959
3;1741097065846;9260
2;1741097065937;7960
3;1741097070880;9261
2;1741097071008;7961
3;1741097075830;9262
2;1741097075921;7962
3;1741097080854;9263
2;1741097081055;7963
3;1741097085847;9264
2;1741097085968;7964
3;1741097090836;9265
2;1741097090944;7965
3;1741097095844;9266
2;1741097096224;7966
2;1741097100894;7967
3;1741097100904;9267
2;1741097105886;7968
3;1741097105895;9268
3;1741097110836;9269
2;1741097111278;7969
3;1741097115827;9270
2;1741097115933;7970
3;1741097120860;9271
2;1741097120973;7971
3;1741097125826;9272
2;1741097125967;7972
3;1741097130898;9273
2;1741097130940;7973
3;1741097135900;9274
2;1741097136028;7974
3;1741097140859;9275
2;1741097141148;7975
3;1741097145826;9276
2;1741097145920;7976
3;1741097150891;9277
2;1741097150941;7977
3;1741097155871;9278
2;1741097155947;7978
3;1741097160833;9279
2;1741097161036;7979
3;1741097165840;9280
2;1741097166013;7980
3;1741097170847;9281
2;1741097170932;7981
3;1741097175888;9282
2;1741097175962;7982
3;1741097180863;9283
2;1741097180937;7983
3;1741097185856;9284
2;1741097185993;7984
3;1741097190864;9285
2;1741097190902;7985
3;1741097195862;9286
2;1741097195891;7986
3;1741097200830;9287
2;1741097201080;7987
3;1741097205854;9288
2;1741097205970;7988
3;1741097210846;9289
2;1741097210879;7989
3;1741097215869;9290
2;1741097215944;7990
3;1741097220904;9291
2;1741097220952;7991
3;1741097225820;9292
2;1741097225975;7992
3;1741097230859;9293
2;1741097230966;7993
3;1741097235851;9294
2;1741097236118;7994
3;1741097240843;9295
2;1741097240925;7995
3;1741097245895;9296
2;1741097246039;7996
3;1741097250844;9297
2;1741097250933;7997
3;1741097255879;9298
2;1741097256021;7998
3;1741097260843;9299
2;1741097260884;7999
3;1741097265865;9300
2;1741097265924;8000
3;1741097270871;9301
2;1741097270947;8001
3;1741097275881;9302
2;1741097276371;8002
3;1741097280915;9303
2;1741097280924;8003
3;1741097285849;9304
2;1741097285934;8004
3;1741097290872;9305
2;1741097290963;8005
3;1741097295848;9306
2;1741097296036;8006
3;1741097300855;9307
2;1741097300962;8007
3;1741097305853;9308
2;1741097305938;8008
3;1741097310855;9309
2;1741097310953;8009
3;1741097315888;9310
2;1741097316049;8010
3;1741097320886;9311
2;1741097321057;8011
3;1741097325831;9312
2;1741097326096;8012
3;1741097330869;9313
2;1741097330912;8013
3;1741097335829;9314
2;1741097338703;8014
3;1741097340880;9315
2;1741097341114;8015
3;1741097345845;9316
2;1741097345887;8016
3;1741097350822;9317
2;1741097350927;8017
3;1741097355872;9318
2;1741097355935;8018
3;1741097360837;9319
2;1741097360890;8019
3;1741097365860;9320
2;1741097365950;8020
3;1741097370879;9321
2;1741097370922;8021
3;1741097375897;9322
2;1741097376349;8022
3;1741097380963;9323
2;1741097383901;8023
3;1741097385915;9324
2;1741097386188;8024
3;1741097390876;9325
2;1741097390982;8025
3;1741097395869;9326
2;1741097395932;8026
3;1741097400906;9327
2;1741097400939;8027
3;1741097405825;9328
2;1741097406098;8028
3;1741097410859;9329
2;1741097411163;8029
3;1741097415840;9330
2;1741097415930;8030
3;1741097420879;9331
2;1741097420943;8031
3;1741097425873;9332
2;1741097426060;8032
3;1741097430848;9333
2;1741097430886;8033
3;1741097435884;9334
2;1741097435913;8034
3;1741097440904;9335
2;1741097441033;8035
3;1741097445823;9336
2;1741097446121;8036
3;1741097450831;9337
2;1741097451168;8037
3;1741097455903;9338
2;1741097456055;8038
3;1741097460878;9339
2;1741097460968;8039
3;1741097465879;9340
2;1741097465927;8040
3;1741097470829;9341
2;1741097471207;8041
3;1741097475896;9342
2;1741097475979;8042
3;1741097480845;9343
2;1741097481206;8043
3;1741097485885;9344
2;1741097485942;8044
3;1741097490876;9345
2;1741097490945;8045
3;1741097495868;9346
2;1741097495925;8046
3;1741097500827;9347
2;1741097501093;8047
3;1741097505835;9348
2;1741097506043;8048
3;1741097510859;9349
2;1741097510933;8049
3;1741097515833;9350
2;1741097515950;8050
3;1741097520873;9351
2;1741097521003;8051
3;1741097525852;9352
2;1741097526155;8052
3;1741097530905;9353
2;1741097530979;8053
3;1741097535859;9354
2;1741097535987;8054
3;1741097540840;9355
2;1741097540909;8055
3;1741097545848;9356
2;1741097545932;8056
3;1741097550825;9357
2;1741097550968;8057
3;1741097555848;9358
2;1741097555950;8058
3;1741097560839;9359
2;1741097560935;8059
3;1741097565863;9360
2;1741097566193;8060
3;1741097570822;9361
2;1741097571210;8061
3;1741097575855;9362
2;1741097576128;8062
3;1741097580854;9363
2;1741097580894;8063
3;1741097585830;9364
2;1741097585959;8064
3;1741097590839;9365
2;1741097590911;8065
3;1741097595830;9366
2;1741097595903;8066
3;1741097600886;9367
2;1741097600962;8067
3;1741097605828;9368
2;1741097606089;8068
3;1741097610868;9369
2;1741097610942;8069
3;1741097615985;9370
0;1741097618286;7668
2;1741097618813;8070
3;1741097620868;9371
2;1741097621149;8071
0;1741097621453;7669
3;1741097625828;9372
2;1741097626107;8072
3;1741097630850;9373
0;1741097630989;7670
2;1741097633709;8073
3;1741097635829;9374
0;1741097636143;7671
3;1741097640872;9375
0;1741097640926;7672
2;1741097641030;8074
3;1741097645842;9376
0;1741097646184;7673
3;1741097650834;9377
0;1741097650893;7674
2;1741097651004;8075
3;1741097655826;9378
0;1741097655991;7675
2;1741097658907;8076
3;1741097660871;9379
0;1741097660883;7676
2;1741097661291;8077
3;1741097665841;9380
0;1741097665932;7677
2;1741097666028;8078
3;1741097670860;9381
0;1741097670970;7678
2;1741097673802;8079
3;1741097675898;9382
0;1741097675930;7679
2;1741097676154;8080
3;1741097680891;9383
0;1741097681102;7680
2;1741097683194;8081
3;1741097685824;9384
2;1741097686218;8082
0;1741097688262;7681
3;1741097690846;9385
2;1741097691033;8083
0;1741097693242;7682
3;1741097695844;9386
0;1741097695899;7683
2;1741097695957;8084
3;1741097700844;9387
0;1741097700961;7684
2;1741097701112;8085
3;1741097705854;9388
0;1741097705923;7685
2;1741097705980;8086
3;1741097710870;9389
0;1741097710941;7686
2;1741097711080;8087
3;1741097715872;9390
2;1741097716216;8088
0;1741097716231;7687
3;1741097720831;9391
2;1741097721159;8089
0;1741097721271;7688
3;1741097725870;9392
0;1741097726163;7689
2;1741097726295;8090
0;1741097730904;7690
3;1741097730912;9393
2;1741097731068;8091
3;1741097735884;9394
0;1741097735969;7691
2;1741097736351;8092
3;1741097740900;9395
2;1741097740981;8093
0;1741097741116;7692
3;1741097745867;9396
0;1741097745942;7693
2;1741097746098;8094
3;1741097750891;9397
0;1741097750994;7694
2;1741097751286;8095
3;1741097755835;9398
0;1741097756053;7695
2;1741097758229;8096
3;1741097760934;9399
2;1741097761012;8097
3;1741097765889;9400
0;1741097766190;7696
2;1741097769171;8098
3;1741097770891;9401
0;1741097771039;7697
2;1741097771636;8099
3;1741097775846;9402
2;1741097775968;8100
0;1741097776111;7698
3;1741097780869;9403
0;1741097780968;7699
2;1741097781280;8101
3;1741097785862;9404
0;1741097785923;7700
2;1741097786035;8102
3;1741097790868;9405
0;1741097791048;7701
2;1741097791285;8103
3;1741097795843;9406
0;1741097795934;7702
2;1741097796142;8104
3;1741097800888;9407
2;1741097800994;8105
0;1741097801434;7703
3;1741097805910;9408
0;1741097806080;7704
2;1741097806352;8106
3;1741097810824;9409
0;1741097810938;7705
2;1741097811298;8107
3;1741097815862;9410
0;1741097815889;7706
2;1741097816049;8108
3;1741097820885;9411
2;1741097821154;8109
0;1741097821361;7707
3;1741097825846;9412
0;1741097825937;7708
2;1741097826048;8110
3;1741097830823;9413
2;1741097830993;8111
0;1741097831088;7709
3;1741097835957;9414
2;1741097836128;8112
0;1741097838368;7710
3;1741097840883;9415
0;1741097840895;7711
2;1741097840975;8113
3;1741097845830;9416
0;1741097846079;7712
2;1741097848575;8114
3;1741097850917;9417
2;1741097851002;8115
0;1741097851231;7713
3;1741097855845;9418
0;1741097856165;7714
2;1741097858718;8116
3;1741097860821;9419
2;1741097861006;8117
0;1741097861070;7715
3;1741097865829;9420
0;1741097866318;7716
2;1741097869022;8118
3;1741097870941;9421
2;1741097873262;8119
0;1741097873630;7717
3;1741097875845;9422
0;1741097875920;7718
2;1741097876032;8120
3;1741097880868;9423
0;1741097880941;7719
2;1741097881826;8121
3;1741097885847;9424
0;1741097886287;7720
3;1741097890852;9425
0;1741097890877;7721
2;1741097891066;8122
3;1741097895872;9426
0;1741097895932;7722
2;1741097896204;8123
3;1741097900844;9427
2;1741097900965;8124
0;1741097901356;7723
3;1741097905891;9428
0;1741097905964;7724
2;1741097908940;8125
3;1741097910859;9429
2;1741097911621;8126
0;1741097913771;7725
3;1741097915840;9430
0;1741097916213;7726
2;1741097916380;8127
3;1741097920849;9431
0;1741097920940;7727
2;1741097921044;8128
3;1741097925857;9432
0;1741097925883;7728
2;1741097926603;8129
3;1741097930847;9433
0;1741097930923;7729
2;1741097931323;8130
3;1741097935840;9434
2;1741097936162;8131
0;1741097937098;7730
3;1741097940832;9435
0;1741097940937;7731
2;1741097943737;8132
3;1741097945887;9436
2;1741097946265;8133
0;1741097946393;7732
3;1741097950863;9437
0;1741097950933;7733
2;1741097951065;8134
3;1741097955822;9438
0;1741097955927;7734
2;1741097956121;8135
3;1741097960898;9439
2;1741097961252;8136
0;1741097961401;7735
3;1741097965871;9440
0;1741097966165;7736
2;1741097966984;8137
3;1741097970862;9441
0;1741097970967;7737
2;1741097971096;8138
3;1741097975872;9442
0;1741097976087;7738
2;1741097976199;8139
3;1741097980829;9443
0;1741097981177;7739
2;1741097983096;8140
3;1741097985837;9444
0;1741097985910;7740
2;1741097986135;8141
3;1741097990829;9445
0;1741097990934;7741
2;1741097991158;8142
3;1741097995931;9446
0;1741097996055;7742
2;1741097996168;8143
3;1741098000874;9447
0;1741098000972;7743
2;1741098001089;8144
3;1741098005835;9448
0;1741098006118;7744
2;1741098006433;8145
3;1741098010843;9449
0;1741098010917;7745
2;1741098011013;8146
3;1741098015912;9450
0;1741098016085;7746
2;1741098016149;8147
3;1741098020842;9451
0;1741098021173;7747
2;1741098021396;8148
3;1741098025866;9452
0;1741098025937;7748
2;1741098025988;8149
3;1741098030826;9453
0;1741098031248;7749
2;1741098033844;8150
3;1741098035865;9454
0;1741098036012;7750
2;1741098036154;8151
3;1741098040825;9455
0;1741098040972;7751
2;1741098041091;8152
3;1741098045837;9456
0;1741098046243;7752
2;1741098046419;8153
3;1741098050872;9457
0;1741098050963;7753
2;1741098051251;8154
3;1741098055920;9458
0;1741098056014;7754
2;1741098056404;8155
3;1741098060866;9459
0;1741098061010;7755
2;1741098061106;8156
3;1741098065847;9460
0;1741098065930;7756
2;1741098066066;8157
3;1741098070823;9461
2;1741098071218;8158
0;1741098071453;7757
3;1741098075831;9462
0;1741098075969;7758
2;1741098076107;8159
3;1741098080945;9463
2;1741098080962;8160
0;1741098081218;7759
3;1741098085879;9464
0;1741098085906;7760
2;1741098086257;8161
3;1741098090842;9465
0;1741098090904;7761
2;1741098091099;8162
3;1741098095862;9466
0;1741098095898;7762
2;1741098095969;8163
3;1741098100885;9467
2;1741098101081;8164
0;1741098101168;7763
3;1741098105847;9468
0;1741098105941;7764
2;1741098106097;8165
3;1741098110837;9469
2;1741098111087;8166
0;1741098111167;7765
3;1741098115829;9470
0;1741098116079;7766
2;1741098116303;8167
3;1741098120851;9471
0;1741098120926;7767
2;1741098121246;8168
3;1741098125829;9472
2;1741098126110;8169
0;1741098126174;7768
3;1741098130893;9473
0;1741098131061;7769
2;1741098131198;8170
3;1741098135908;9474
0;1741098136184;7770
2;1741098136366;8171
3;1741098140835;9475
2;1741098141005;8172
0;1741098141149;7771
3;1741098145827;9476
0;1741098146052;7772
2;1741098146297;8173
3;1741098150882;9477
0;1741098150957;7773
2;1741098151139;8174
3;1741098155843;9478
0;1741098155932;7774
2;1741098156062;8175
3;1741098160913;9479
0;1741098161564;7775
2;1741098161852;8176
3;1741098165899;9480
0;1741098166004;7776
2;1741098166123;8177
3;1741098170833;9481
2;1741098171003;8178
0;1741098171163;7777
3;1741098175871;9482
0;1741098175947;7778
2;1741098176123;8179
0;1741098180900;7779
3;1741098180909;9483
2;1741098181009;8180
3;1741098185873;9484
0;1741098186122;7780
2;1741098186317;8181
3;1741098190833;9485
2;1741098191002;8182
0;1741098191818;7781
3;1741098195887;9486
0;1741098195946;7782
2;1741098196202;8183
0;1741098200899;7783
3;1741098200912;9487
2;1741098201178;8184
3;1741098205905;9488
0;1741098205928;7784
2;1741098206194;8185
3;1741098210832;9489
2;1741098211033;8186
0;1741098211097;7785
3;1741098215855;9490
0;1741098215897;7786
2;1741098216137;8187
3;1741098220846;9491
0;1741098220936;7787
2;1741098221000;8188
3;1741098225917;9492
0;1741098226026;7788
2;1741098226088;8189
3;1741098230870;9493
0;1741098230881;7789
2;1741098231000;8190
3;1741098235870;9494
0;1741098235927;7790
2;1741098236032;8191
3;1741098240861;9495
0;1741098240903;7791
2;1741098240999;8192
3;1741098245877;9496
0;1741098245927;7792
2;1741098246103;8193
3;1741098250901;9497
2;1741098250983;8194
0;1741098251098;7793
3;1741098255836;9498
0;1741098256086;7794
2;1741098256230;8195
3;1741098260902;9499
0;1741098260972;7795
2;1741098261142;8196
3;1741098265884;9500
2;1741098266069;8197
0;1741098266351;7796
3;1741098270842;9501
0;1741098270998;7797
2;1741098271205;8198
3;1741098275943;9502
2;1741098276053;8199
0;1741098276137;7798
3;1741098280922;9503
0;1741098281013;7799
2;1741098281157;8200
3;1741098285992;9504
2;1741098286077;8201
0;1741098286180;7800
3;1741098290826;9505
0;1741098291033;7801
2;1741098291189;8202
3;1741098295890;9506
0;1741098296053;7802
2;1741098296324;8203
3;1741098300841;9507
0;1741098300875;7803
2;1741098301060;8204
3;1741098305924;9508
0;1741098305933;7804
2;1741098306019;8205
3;1741098310871;9509
0;1741098311027;7805
2;1741098311155;8206
3;1741098315835;9510
2;1741098318610;8207
0;1741098318770;7806
3;1741098320889;9511
0;1741098321075;7807
2;1741098321186;8208
3;1741098325864;9512
0;1741098326188;7808
2;1741098326274;8209
3;1741098330842;9513
0;1741098331113;7809
2;1741098331955;8210
3;1741098335865;9514
0;1741098336225;7810
2;1741098336625;8211
3;1741098340872;9515
2;1741098341041;8212
0;1741098343817;7811
3;1741098345879;9516
0;1741098345921;7812
2;1741098346113;8213
3;1741098350871;9517
2;1741098351056;8214
0;1741098353904;7813
3;1741098355831;9518
0;1741098356336;7814
2;1741098358896;8215
3;1741098360895;9519
0;1741098360927;7815
2;1741098361190;8216
3;1741098365829;9520
0;1741098365983;7816
2;1741098366191;8217
3;1741098370864;9521
0;1741098370911;7817
2;1741098371145;8218
3;1741098375829;9522
0;1741098375871;7818
2;1741098375999;8219
3;1741098380837;9523
0;1741098380974;7819
2;1741098381201;8220
3;1741098385860;9524
0;1741098385896;7820
2;1741098386030;8221
3;1741098390820;9525
0;1741098391149;7821
2;1741098391246;8222
3;1741098395901;9526
0;1741098395910;7822
2;1741098396113;8223
3;1741098400876;9527
0;1741098400893;7823
2;1741098401082;8224
3;1741098405843;9528
0;1741098406067;7824
2;1741098406274;8225
3;1741098410881;9529
0;1741098410988;7825
2;1741098411101;8226
3;1741098415858;9530
0;1741098415941;7826
2;1741098416180;8227
3;1741098420857;9531
2;1741098421756;8228
0;1741098421996;7827
3;1741098425826;9532
2;1741098426060;8229
0;1741098426700;7828
3;1741098430978;9533
0;1741098431115;7829
2;1741098431420;8230
3;1741098435874;9534
0;1741098435915;7830
2;1741098436011;8231
3;1741098440859;9535
2;1741098443162;8232
0;1741098443754;7831
3;1741098445857;9536
0;1741098445946;7832
2;1741098446090;8233
3;1741098450832;9537
2;1741098450955;8234
0;1741098451114;7833
3;1741098455868;9538
0;1741098456058;7834
2;1741098456219;8235
3;1741098460831;9539
2;1741098461403;8236
0;1741098461803;7835
3;1741098465838;9540
0;1741098466137;7836
2;1741098466233;8237
0;1741098470900;7837
3;1741098470913;9541
2;1741098471049;8238
3;1741098475870;9542
0;1741098475912;7838
2;1741098476137;8239
3;1741098480879;9543
0;1741098480936;7839
2;1741098481038;8240
3;1741098485894;9544
0;1741098486248;7840
2;1741098486760;8241
3;1741098490829;9545
0;1741098491200;7841
2;1741098491335;8242
3;1741098495854;9546
0;1741098495976;7842
2;1741098496146;8243
3;1741098500861;9547
0;1741098501063;7843
2;1741098501351;8244
3;1741098505870;9548
0;1741098506049;7844
2;1741098506417;8245
3;1741098510830;9549
0;1741098511112;7845
2;1741098511463;8246
3;1741098515819;9550
0;1741098515958;7846
2;1741098516182;8247
3;1741098520909;9551
0;1741098521084;7847
2;1741098521349;8248
3;1741098525852;9552
0;1741098526185;7848
2;1741098526294;8249
3;1741098530860;9553
0;1741098530921;7849
2;1741098531241;8250
3;1741098535834;9554
0;1741098535973;7850
2;1741098536741;8251
3;1741098540891;9555
0;1741098541072;7851
2;1741098541184;8252
3;1741098545866;9556
0;1741098545931;7852
2;1741098546138;8253
3;1741098550827;9557
0;1741098551044;7853
2;1741098551316;8254
3;1741098555849;9558
0;1741098558275;7854
2;1741098558899;8255
3;1741098560874;9559
0;1741098560917;7855
2;1741098561111;8256
3;1741098565850;9560
0;1741098566029;7856
2;1741098566483;8257
3;1741098570904;9561
0;1741098571186;7857
2;1741098571444;8258
3;1741098575847;9562
2;1741098576211;8259
0;1741098576674;7858
3;1741098580825;9563
0;1741098581127;7859
2;1741098581218;8260
3;1741098585832;9564
0;1741098585938;7860
2;1741098586178;8261
3;1741098590842;9565
0;1741098590881;7861
2;1741098591009;8262
3;1741098595860;9566
2;1741098596017;8263
0;1741098596402;7862
3;1741098600867;9567
2;1741098603905;8264
0;1741098604112;7863
3;1741098605831;9568
0;1741098606224;7864
2;1741098606368;8265
3;1741098610839;9569
0;1741098611200;7865
2;1741098611376;8266
3;1741098615877;9570
0;1741098616256;7866
2;1741098616464;8267
3;1741098620884;9571
0;1741098621072;7867
2;1741098621200;8268
3;1741098625901;9572
0;1741098625909;7868
2;1741098626015;8269
3;1741098630837;9573
2;1741098631135;8270
0;1741098631247;7869
3;1741098635865;9574
0;1741098635951;7870
2;1741098636111;8271
3;1741098640837;9575
0;1741098641152;7871
2;1741098641456;8272
3;1741098645846;9576
0;1741098646094;7872
2;1741098646286;8273
3;1741098650895;9577
2;1741098651118;8274
0;1741098651224;7873
3;1741098655827;9578
0;1741098656062;7874
2;1741098658078;8275
3;1741098660851;9579
0;1741098660888;7875
2;1741098661122;8276
3;1741098665885;9580
0;1741098665965;7876
2;1741098668221;8277
3;1741098670837;9581
2;1741098671020;8278
0;1741098673484;7877
3;1741098675843;9582
0;1741098675884;7878
2;1741098676185;8279
3;1741098680866;9583
0;1741098680902;7879
2;1741098681004;8280
3;1741098685874;9584
0;1741098685932;7880
2;1741098686107;8281
3;1741098690858;9585
0;1741098691037;7881
2;1741098692959;8282
3;1741098695888;9586
2;1741098695979;8283
0;1741098696123;7882
3;1741098700880;9587
0;1741098701057;7883
2;1741098701499;8284
3;1741098705888;9588
0;1741098705967;7884
2;1741098706122;8285
3;1741098710894;9589
0;1741098710970;7885
2;1741098711082;8286
3;1741098715872;9590
0;1741098715923;7886
2;1741098716297;8287
3;1741098720907;9591
0;1741098720937;7887
2;1741098721099;8288
3;1741098725863;9592
0;1741098725956;7888
2;1741098726057;8289
3;1741098730832;9593
0;1741098731102;7889
2;1741098731242;8290
3;1741098735871;9594
0;1741098735946;7890
2;1741098736121;8291
3;1741098740921;9595
0;1741098740931;7891
2;1741098741080;8292
3;1741098745870;9596
0;1741098745928;7892
2;1741098746066;8293
3;1741098750831;9597
0;1741098753271;7893
2;1741098753768;8294
3;1741098755859;9598
0;1741098755927;7894
2;1741098758765;8295
3;1741098760845;9599
0;1741098761140;7895
2;1741098763280;8296
3;1741098765837;9600
2;1741098765996;8297
0;1741098766775;7896
3;1741098770861;9601
0;1741098770945;7897
2;1741098771063;8298
3;1741098775836;9602
0;1741098776088;7898
2;1741098778790;8299
3;1741098780877;9603
0;1741098781046;7899
2;1741098781221;8300
3;1741098785819;9604
0;1741098786070;7900
2;1741098788869;8301
3;1741098790874;9605
2;1741098791013;8302
0;1741098791061;7901
3;1741098795834;9606
0;1741098795889;7902
2;1741098796005;8303
3;1741098800826;9607
0;1741098801040;7903
2;1741098803812;8304
3;1741098805928;9608
2;1741098808452;8305
0;1741098808610;7904
3;1741098810841;9609
0;1741098810868;7905
2;1741098810980;8306
3;1741098815865;9610
0;1741098815971;7906
2;1741098816275;8307
3;1741098820826;9611
0;1741098821060;7907
2;1741098823972;8308
3;1741098825866;9612
0;1741098825939;7908
2;1741098826083;8309
3;1741098830856;9613
2;1741098831012;8310
0;1741098831396;7909
3;1741098835880;9614
2;1741098836002;8311
0;1741098838802;7910
3;1741098840841;9615
0;1741098840957;7911
2;1741098841106;8312
3;1741098845852;9616
0;1741098845948;7912
2;1741098846562;8313
3;1741098850824;9617
2;1741098850898;8314
0;1741098851188;7913
3;1741098855858;9618
0;1741098856113;7914
2;1741098857969;8315
3;1741098860867;9619
2;1741098860972;8316
0;1741098861073;7915
3;1741098865863;9620
0;1741098865936;7916
2;1741098866064;8317
3;1741098870870;9621
0;1741098870957;7917
2;1741098871072;8318
3;1741098875846;9622
0;1741098875925;7918
2;1741098876528;8319
0;1741098880864;7919
3;1741098880875;9623
2;1741098881008;8320
3;1741098885870;9624
2;1741098885951;8321
0;1741098886127;7920
3;1741098890821;9625
0;1741098891071;7921
2;1741098893917;8322
3;1741098895839;9626
2;1741098896216;8323
0;1741098896490;7922
3;1741098900893;9627
0;1741098900935;7923
2;1741098901112;8324
3;1741098905845;9628
0;1741098905912;7924
2;1741098906494;8325
3;1741098910837;9629
0;1741098911198;7925
2;1741098913854;8326
3;1741098915876;9630
0;1741098915949;7926
2;1741098916253;8327
3;1741098920851;9631
0;1741098921014;7927
2;1741098921149;8328
3;1741098925841;9632
0;1741098925997;7928
2;1741098927933;8329
3;1741098930867;9633
0;1741098930940;7929
2;1741098931020;8330
3;1741098935859;9634
0;1741098936058;7930
2;1741098936188;8331
3;1741098940835;9635
0;1741098943420;7931
2;1741098943964;8332
3;1741098945842;9636
0;1741098945947;7932
2;1741098946188;8333
3;1741098950897;9637
0;1741098950933;7933
3;1741098955843;9638
0;1741098955915;7934
2;1741098956395;8334
3;1741098960864;9639
2;1741098960906;8335
0;1741098961277;7935
3;1741098965886;9640
0;1741098965925;7936
2;1741098966010;8336
3;1741098970876;9641
0;1741098970891;7937
2;1741098971034;8337
3;1741098975889;9642
2;1741098975965;8338
0;1741098976186;7938
3;1741098980833;9643
0;1741098980953;7939
2;1741098981194;8339
3;1741098985872;9644
2;1741098985961;8340
0;1741098986025;7940
3;1741098990860;9645
0;1741098993177;7941
3;1741098995887;9646
0;1741098995977;7942
2;1741098996185;8341
3;1741099000900;9647
2;1741099001064;8342
0;1741099001177;7943
3;1741099005870;9648
0;1741099005911;7944
2;1741099006088;8343
3;1741099010879;9649
0;1741099010903;7945
2;1741099011175;8344
3;1741099015886;9650
0;1741099015959;7946
2;1741099016327;8345
3;1741099020942;9651
0;1741099021191;7947
2;1741099023783;8346
3;1741099025854;9652
2;1741099025959;8347
0;1741099026775;7948
3;1741099030859;9653
0;1741099030950;7949
2;1741099031302;8348
3;1741099035868;9654
0;1741099035878;7950
2;1741099036198;8349
3;1741099040827;9655
0;1741099042917;7951
2;1741099043942;8350
3;1741099045868;9656
0;1741099045957;7952
2;1741099046117;8351
3;1741099050843;9657
0;1741099050912;7953
2;1741099051077;8352
3;1741099055834;9658
2;1741099055941;8353
0;1741099056277;7954
3;1741099060842;9659
0;1741099060900;7955
2;1741099061012;8354
3;1741099065835;9660
0;1741099065876;7956
2;1741099065972;8355
3;1741099070900;9661
0;1741099070924;7957
2;1741099071188;8356
3;1741099075912;9662
2;1741099076024;8357
0;1741099076227;7958
3;1741099080874;9663
0;1741099080908;7959
2;1741099081011;8358
3;1741099085833;9664
2;1741099086035;8359
0;1741099086072;7960
3;1741099090873;9665
0;1741099090908;7961
2;1741099091043;8360
3;1741099095866;9666
0;1741099095881;7962
2;1741099096114;8361
3;1741099100856;9667
0;1741099101234;7963
2;1741099103762;8362
3;1741099105923;9668
0;1741099105959;7964
2;1741099106097;8363
3;1741099110841;9669
0;1741099110876;7965
2;1741099110945;8364
3;1741099115906;9670
0;1741099115933;7966
2;1741099116204;8365
3;1741099120822;9671
0;1741099120945;7967
2;1741099123729;8366
0;1741099125904;7968
3;1741099125916;9672
2;1741099126224;8367
3;1741099130838;9673
0;1741099130912;7969
2;1741099131008;8368
3;1741099135846;9674
2;1741099135891;8369
0;1741099136000;7970
3;1741099140821;9675
0;1741099140897;7971
2;1741099141041;8370
0;1741099145873;7972
3;1741099145882;9676
2;1741099145950;8371
3;1741099150837;9677
2;1741099151098;8372
0;1741099151134;7973
3;1741099155863;9678
0;1741099156015;7974
2;1741099158335;8373
3;1741099160908;9679
2;1741099161054;8374
0;1741099161966;7975
3;1741099165886;9680
2;1741099165957;8375
0;1741099166158;7976
3;1741099170868;9681
2;1741099171022;8376
0;1741099171134;7977
3;1741099175859;9682
0;1741099175888;7978
2;1741099175965;8377
3;1741099180914;9683
2;1741099180983;8378
0;1741099181789;7979
3;1741099185843;9684
2;1741099188108;8379
0;1741099188476;7980
3;1741099190886;9685
0;1741099190940;7981
2;1741099191020;8380
3;1741099195889;9686
2;1741099196440;8381
0;1741099197228;7982
3;1741099200865;9687
0;1741099201249;7983
2;1741099201564;8382
3;1741099205866;9688
0;1741099205947;7984
2;1741099208060;8383
3;1741099210884;9689
0;1741099211053;7985
2;1741099211261;8384
3;1741099215887;9690
0;1741099215980;7986
2;1741099216108;8385
3;1741099220910;9691
2;1741099220987;8386
0;1741099221147;7987
3;1741099225840;9692
0;1741099225876;7988
2;1741099226022;8387
3;1741099230899;9693
0;1741099230970;7989
2;1741099233930;8388
3;1741099235824;9694
0;1741099235946;7990
2;1741099238154;8389
3;1741099243360;9695
0;1741099243370;7991
2;1741099243402;8390
3;1741099245871;9696
2;1741099245977;8391
0;1741099246329;7992
3;1741099250831;9697
2;1741099251133;8392
0;1741099251481;7993
3;1741099255838;9698
0;1741099255881;7994
2;1741099256121;8393
0;1741099260920;7995
3;1741099260927;9699
2;1741099261112;8394
3;1741099265870;9700
0;1741099265992;7996
2;1741099268632;8395
3;1741099270831;9701
0;1741099270919;7997
2;1741099273719;8396
3;1741099275895;9702
0;1741099275992;7998
2;1741099276105;8397
3;1741099280846;9703
2;1741099281271;8398
0;1741099281383;7999
3;1741099285844;9704
0;1741099288119;8000
2;1741099288279;8399
3;1741099290865;9705
0;1741099290918;8001
2;1741099291129;8400
3;1741099295836;9706
0;1741099295894;8002
2;1741099296022;8401
3;1741099300876;9707
0;1741099301078;8003
2;1741099303189;8402
3;1741099305867;9708
0;1741099305925;8004
2;1741099306025;8403
3;1741099310843;9709
0;1741099311093;8005
2;1741099311189;8404
3;1741099315866;9710
0;1741099315941;8006
2;1741099316144;8405
3;1741099320874;9711
0;1741099320965;8007
2;1741099321060;8406
3;1741099325867;9712
2;1741099325983;8407
0;1741099326324;8008
3;1741099330874;9713
2;1741099331022;8408
0;1741099331076;8009
3;1741099335833;9714
2;1741099336003;8409
0;1741099336115;8010
3;1741099340873;9715
0;1741099340915;8011
2;1741099341011;8410
3;1741099345858;9716
2;1741099345955;8411
0;1741099346035;8012
3;1741099350984;9717
0;1741099351252;8013
2;1741099353203;8412
3;1741099355832;9718
0;1741099355938;8014
2;1741099358274;8413
3;1741099360909;9719
2;1741099360966;8414
0;1741099361045;8015
3;1741099365848;9720
0;1741099365890;8016
2;1741099366163;8415
3;1741099370913;9721
0;1741099370972;8017
2;1741099371049;8416
0;1741099375873;8018
3;1741099375884;9722
2;1741099375969;8417
3;1741099380886;9723
0;1741099380929;8019
2;1741099383681;8418
3;1741099385863;9724
0;1741099385904;8020
2;1741099386337;8419
3;1741099390870;9725
0;1741099390902;8021
2;1741099390944;8420
3;1741099395902;9726
2;1741099398256;8421
0;1741099398672;8022
3;1741099400870;9727
0;1741099400943;8023
2;1741099403898;8422
3;1741099405832;9728
0;1741099405974;8024
2;1741099406096;8423
3;1741099410868;9729
0;1741099410907;8025
2;1741099410927;8424
3;1741099415861;9730
2;1741099416013;8425
0;1741099416159;8026
3;1741099420851;9731
0;1741099420926;8027
2;1741099421166;8426
3;1741099425843;9732
0;1741099425966;8028
2;1741099428558;8427
0;1741099430862;8029
3;1741099430873;9733
2;1741099430990;8428
3;1741099435901;9734
0;1741099435918;8030
2;1741099436173;8429
3;1741099440866;9735
2;1741099443901;8430
3;1741099445842;9736
2;1741099445949;8431
0;1741099446088;8031
3;1741099450877;9737
2;1741099451069;8432
0;1741099451373;8032
3;1741099455858;9738
2;1741099456284;8433
0;1741099458092;8033
3;1741099460902;9739
0;1741099460960;8034
2;1741099461102;8434
3;1741099465826;9740
2;1741099466475;8435
0;1741099468155;8035
3;1741099470865;9741
2;1741099470939;8436
0;1741099471051;8036
3;1741099475840;9742
0;1741099475931;8037
2;1741099476059;8437
3;1741099480865;9743
2;1741099480982;8438
0;1741099481060;8038
3;1741099485866;9744
2;1741099486138;8439
0;1741099486410;8039
3;1741099490895;9745
0;1741099490964;8040
2;1741099491354;8440
3;1741099495886;9746
0;1741099495972;8041
2;1741099496618;8441
3;1741099500874;9747
0;1741099501098;8042
2;1741099501628;8442
3;1741099505840;9748
2;1741099506201;8443
0;1741099508137;8043
3;1741099510880;9749
2;1741099511016;8444
0;1741099511273;8044
3;1741099515872;9750
2;1741099516025;8445
0;1741099516168;8045
3;1741099520834;9751
0;1741099521128;8046
2;1741099521192;8446
3;1741099525894;9752
0;1741099525984;8047
2;1741099526248;8447
3;1741099530830;9753
0;1741099530967;8048
2;1741099531159;8448
3;1741099535822;9754
2;1741099536071;8449
0;1741099539063;8049
3;1741099540829;9755
0;1741099541079;8050
2;1741099543255;8450
3;1741099545821;9756
0;1741099546032;8051
2;1741099548279;8451
0;1741099550919;8052
3;1741099550930;9757
2;1741099550998;8452
3;1741099555863;9758
2;1741099555878;8453
0;1741099556166;8053
3;1741099560826;9759
2;1741099561509;8454
0;1741099563814;8054
3;1741099565836;9760
0;1741099566325;8055
3;1741099570875;9761
0;1741099570949;8056
2;1741099571606;8455
3;1741099575883;9762
0;1741099576225;8057
2;1741099578549;8456
3;1741099580891;9763
2;1741099580943;8457
0;1741099581077;8058
3;1741099585883;9764
2;1741099586000;8458
0;1741099586036;8059
3;1741099590876;9765
0;1741099591236;8060
2;1741099592983;8459
3;1741099595833;9766
2;1741099596014;8460
0;1741099596083;8061
3;1741099600873;9767
0;1741099600937;8062
2;1741099601107;8461
3;1741099605912;9768
2;1741099605971;8462
0;1741099606323;8063
3;1741099610829;9769
0;1741099610899;8064
2;1741099613187;8463
3;1741099615834;9770
0;1741099615985;8065
2;1741099616161;8464
3;1741099620826;9771
0;1741099621090;8066
2;1741099623074;8465
3;1741099625865;9772
0;1741099626162;8067
2;1741099626674;8466
3;1741099630873;9773
0;1741099631090;8068
2;1741099631218;8467
3;1741099635831;9774
0;1741099636353;8069
2;1741099636689;8468
3;1741099640872;9775
0;1741099641233;8070
2;1741099643089;8469
3;1741099645847;9776
0;1741099645889;8071
2;1741099646298;8470
3;1741099650870;9777
2;1741099651089;8471
0;1741099651520;8072
3;1741099655874;9778
0;1741099655904;8073
2;1741099656064;8472
3;1741099660920;9779
2;1741099661407;8473
0;1741099661448;8074
3;1741099665854;9780
0;1741099666202;8075
3;1741099670869;9781
0;1741099670920;8076
2;1741099671167;8474
3;1741099675908;9782
0;1741099675935;8077
2;1741099676047;8475
3;1741099680862;9783
0;1741099680878;8078
2;1741099681134;8476
3;1741099685860;9784
0;1741099685920;8079
2;1741099686559;8477
3;1741099690884;9785
0;1741099690965;8080
2;1741099691822;8478
3;1741099695828;9786
3;1741099700862;9787
0;1741099701165;8081
3;1741099705843;9788
0;1741099705949;8082
2;1741099706077;8479
3;1741099710866;9789
2;1741099711020;8480
0;1741099713500;8083
3;1741099715859;9790
2;1741099715961;8481
0;1741099716060;8084
3;1741099720906;9791
2;1741099721244;8482
0;1741099723692;8085
3;1741099725857;9792
0;1741099726075;8086
2;1741099726251;8483
3;1741099730833;9793
2;1741099730971;8484
0;1741099731254;8087
3;1741099735890;9794
2;1741099735989;8485
0;1741099736653;8088
3;1741099740850;9795
0;1741099740923;8089
2;1741099741163;8486
3;1741099745841;9796
0;1741099745956;8090
2;1741099746315;8487
3;1741099750865;9797
0;1741099750890;8091
2;1741099750987;8488
3;1741099755872;9798
2;1741099756186;8489
0;1741099756232;8092
3;1741099760855;9799
2;1741099761100;8490
0;1741099761321;8093
3;1741099765887;9800
0;1741099766202;8094
2;1741099766427;8491
3;1741099770879;9801
0;1741099770905;8095
2;1741099771177;8492
3;1741099775855;9802
0;1741099775928;8096
2;1741099776040;8493
3;1741099780858;9803
2;1741099780980;8494
0;1741099781064;8097
3;1741099785919;9804
0;1741099785956;8098
2;1741099786168;8495
3;1741099790876;9805
0;1741099790935;8099
2;1741099791447;8496
3;1741099795852;9806
2;1741099795974;8497
0;1741099796055;8100
3;1741099800831;9807
2;1741099800903;8498
0;1741099801239;8101
3;1741099805838;9808
2;1741099808279;8499
3;1741099810829;9809
2;1741099810935;8500
0;1741099811656;8102
3;1741099815821;9810
0;1741099816056;8103
3;1741099820860;9811
2;1741099821193;8501
3;1741099825863;9812
0;1741099826229;8104
3;1741099830859;9813
0;1741099830949;8105
2;1741099831099;8502
3;1741099835850;9814
0;1741099835893;8106
2;1741099835957;8503
3;1741099840826;9815
2;1741099841054;8504
0;1741099841213;8107
3;1741099845905;9816
0;1741099845956;8108
2;1741099846356;8505
3;1741099850826;9817
2;1741099851140;8506
0;1741099851255;8109
3;1741099855834;9818
2;1741099856119;8507
0;1741099858115;8110
3;1741099860899;9819
0;1741099861011;8111
3;1741099865877;9820
0;1741099866147;8112
2;1741099866979;8508
3;1741099870889;9821
0;1741099873187;8113
3;1741099875866;9822
0;1741099875924;8114
2;1741099876354;8509
3;1741099880857;9823
0;1741099881362;8115
2;1741099881890;8510
3;1741099885918;9824
2;1741099886002;8511
0;1741099886194;8116
3;1741099890856;9825
0;1741099890897;8117
2;1741099891089;8512
3;1741099895846;9826
0;1741099895905;8118
2;1741099896193;8513
3;1741099900883;9827
0;1741099900896;8119
3;1741099905863;9828
0;1741099906464;8120
3;1741099910853;9829
0;1741099910945;8121
2;1741099911091;8514
3;1741099915878;9830
0;1741099915890;8122
2;1741099916054;8515
3;1741099920885;9831
0;1741099920953;8123
2;1741099921124;8516
3;1741099925878;9832
0;1741099925958;8124
2;1741099926559;8517
3;1741099930854;9833
2;1741099931007;8518
0;1741099931151;8125
3;1741099935845;9834
0;1741099935904;8126
2;1741099936127;8519
3;1741099940852;9835
2;1741099941024;8520
0;1741099941182;8127
3;1741099945892;9836
0;1741099945934;8128
2;1741099946030;8521
3;1741099950900;9837
0;1741099950979;8129
2;1741099951167;8522
3;1741099955857;9838
0;1741099955917;8130
2;1741099956237;8523
3;1741099960851;9839
0;1741099961027;8131
2;1741099961213;8524
3;1741099965875;9840
0;1741099965933;8132
2;1741099966222;8525
3;1741099970850;9841
2;1741099971165;8526
0;1741099971324;8133
3;1741099975921;9842
0;1741099976012;8134
2;1741099976140;8527
3;1741099980900;9843
2;1741099980989;8528
0;1741099981169;8135
3;1741099985868;9844
2;1741099986078;8529
0;1741099986173;8136
3;1741099990866;9845
0;1741099990971;8137
2;1741099991159;8530
3;1741099995875;9846
0;1741099995899;8138
2;1741099996060;8531
3;1741100000849;9847
0;1741100001105;8139
2;1741100003141;8532
3;1741100005842;9848
0;1741100006109;8140
2;1741100006215;8533
3;1741100010848;9849
0;1741100011242;8141
2;1741100013130;8534
3;1741100015889;9850
0;1741100015971;8142
2;1741100016179;8535
3;1741100020890;9851
0;1741100021514;8143
2;1741100023673;8536
3;1741100025887;9852
0;1741100025993;8144
2;1741100028137;8537
3;1741100030865;9853
0;1741100031129;8145
2;1741100033747;8538
3;1741100035871;9854
0;1741100035917;8146
2;1741100036089;8539
3;1741100040879;9855
2;1741100041368;8540
0;1741100041882;8147
3;1741100045838;9856
0;1741100046120;8148
2;1741100048632;8541
3;1741100050879;9857
2;1741100053207;8542
0;1741100053930;8149
3;1741100055909;9858
0;1741100055991;8150
2;1741100056103;8543
3;1741100060859;9859
2;1741100061132;8544
0;1741100061207;8151
0;1741100065863;8152
3;1741100065873;9860
2;1741100066135;8545
3;1741100070876;9861
0;1741100070914;8153
2;1741100073081;8546
3;1741100075911;9862
0;1741100075974;8154
2;1741100076262;8547
3;1741100080892;9863
0;1741100080976;8155
2;1741100081126;8548
3;1741100085914;9864
0;1741100085952;8156
2;1741100086166;8549
3;1741100090891;9865
0;1741100090966;8157
2;1741100091173;8550
3;1741100095835;9866
0;1741100095958;8158
2;1741100096181;8551
3;1741100100842;9867
0;1741100100998;8159
2;1741100101109;8552
3;1741100105925;9868
2;1741100105956;8553
0;1741100106116;8160
3;1741100110877;9869
0;1741100111028;8161
2;1741100111637;8554
3;1741100115960;9870
0;1741100116125;8162
2;1741100118883;8555
3;1741100120876;9871
0;1741100120915;8163
2;1741100121139;8556
3;1741100125864;9872
2;1741100125939;8557
0;1741100126068;8164
3;1741100130841;9873
2;1741100130996;8558
0;1741100131140;8165
3;1741100135863;9874
0;1741100136187;8166
2;1741100138921;8559
3;1741100140839;9875
0;1741100141011;8167
2;1741100141667;8560
3;1741100145855;9876
0;1741100145906;8168
2;1741100146391;8561
3;1741100150935;9877
0;1741100150992;8169
2;1741100151073;8562
3;1741100155905;9878
0;1741100155942;8170
2;1741100156081;8563
3;1741100160840;9879
2;1741100160961;8564
0;1741100161393;8171
3;1741100165853;9880
0;1741100165882;8172
2;1741100165984;8565
3;1741100170887;9881
2;1741100170977;8566
0;1741100171456;8173
3;1741100175846;9882
0;1741100175920;8174
2;1741100176081;8567
3;1741100180839;9883
0;1741100181343;8175
2;1741100181601;8568
3;1741100185861;9884
0;1741100186096;8176
3;1741100190853;9885
0;1741100190895;8177
2;1741100190959;8569
3;1741100195860;9886
0;1741100195969;8178
2;1741100196240;8570
3;1741100200901;9887
0;1741100201002;8179
2;1741100201567;8571
3;1741100205902;9888
0;1741100205982;8180
2;1741100206206;8572
3;1741100210873;9889
2;1741100211134;8573
0;1741100213830;8181
3;1741100215844;9890
0;1741100215894;8182
2;1741100216029;8574
3;1741100220851;9891
0;1741100221001;8183
2;1741100221293;8575
3;1741100225905;9892
2;1741100226061;8576
0;1741100226189;8184
3;1741100230867;9893
2;1741100230998;8577
0;1741100233085;8185
3;1741100235858;9894
0;1741100236348;8186
3;1741100240890;9895
0;1741100241093;8187
2;1741100241324;8578
3;1741100245874;9896
0;1741100245932;8188
2;1741100246348;8579
3;1741100250875;9897
0;1741100250923;8189
2;1741100251947;8580
3;1741100255874;9898
0;1741100255890;8190
2;1741100256394;8581
3;1741100260890;9899
0;1741100260940;8191
2;1741100261099;8582
3;1741100265876;9900
2;1741100266026;8583
0;1741100266330;8192
3;1741100270848;9901
0;1741100271018;8193
2;1741100271098;8584
3;1741100275857;9902
2;1741100276057;8585
3;1741100280849;9903
2;1741100280938;8586
3;1741100285840;9904
2;1741100285913;8587
3;1741100290904;9905
2;1741100290965;8588
3;1741100295855;9906
2;1741100295945;8589
3;1741100300845;9907
2;1741100301097;8590
3;1741100305855;9908
2;1741100306216;8591
3;1741100310845;9909
2;1741100310938;8592
3;1741100315869;9910
2;1741100315966;8593
3;1741100320934;9911
2;1741100320967;8594
3;1741100325837;9912
2;1741100325911;8595
3;1741100330844;9913
2;1741100330934;8596
3;1741100335852;9914
2;1741100335889;8597
3;1741100340902;9915
2;1741100340918;8598
3;1741100345853;9916
2;1741100345938;8599
3;1741100350875;9917
2;1741100351093;8600
3;1741100355882;9918
2;1741100356053;8601
3;1741100360873;9919
2;1741100361028;8602
3;1741100365833;9920
2;1741100366020;8603
3;1741100370858;9921
2;1741100371028;8604
3;1741100375833;9922
2;1741100375908;8605
3;1741100380874;9923
2;1741100381027;8606
3;1741100385833;9924
2;1741100386179;8607
3;1741100390840;9925
2;1741100390930;8608
3;1741100395896;9926
2;1741100396002;8609
3;1741100400856;9927
2;1741100401071;8610
3;1741100405848;9928
2;1741100406226;8611
2;1741100410897;8612
2;1741100419024;8613
3;1741100420913;9929
3;1741100420949;9930
2;1741100421047;8614
3;1741100425829;9931
2;1741100425952;8615
3;1741100430854;9932
2;1741100431041;8616
3;1741100435845;9933
2;1741100436000;8617
3;1741100440821;9934
2;1741100440879;8618
3;1741100445850;9935
2;1741100445889;8619
3;1741100450905;9936
2;1741100451039;8620
3;1741100455828;9937
2;1741100455998;8621
3;1741100460860;9938
2;1741100460936;8622
3;1741100465875;9939
2;1741100465934;8623
3;1741100470835;9940
2;1741100470888;8624
3;1741100475906;9941
2;1741100476062;8625
3;1741100480867;9942
2;1741100480973;8626
3;1741100485841;9943
2;1741100485917;8627
3;1741100490855;9944
2;1741100490929;8628
3;1741100495826;9945
2;1741100495987;8629
3;1741100500833;9946
2;1741100501036;8630
3;1741100505857;9947
2;1741100505931;8631
3;1741100510833;9948
2;1741100510926;8632
3;1741100515824;9949
2;1741100515972;8633
3;1741100520926;9950
2;1741100521194;8634
3;1741100525887;9951
2;1741100525946;8635
3;1741100530832;9952
2;1741100531242;8636
3;1741100535872;9953
2;1741100535930;8637
3;1741100540847;9954
2;1741100540884;8638
3;1741100545881;9955
2;1741100545961;8639
3;1741100550846;9956
2;1741100550905;8640
3;1741100555855;9957
2;1741100555993;8641
3;1741100560875;9958
2;1741100560952;8642
3;1741100565821;9959
2;1741100568888;8643
3;1741100570869;9960
2;1741100573319;8644
3;1741100575885;9961
2;1741100575984;8645
3;1741100580869;9962
2;1741100580887;8646
3;1741100585861;9963
2;1741100585943;8647
3;1741100590876;9964
2;1741100590934;8648
3;1741100595867;9965
2;1741100595920;8649
3;1741100600827;9966
2;1741100603888;8650
3;1741100605851;9967
2;1741100606021;8651
3;1741100610842;9968
2;1741100610917;8652
3;1741100617007;9969
2;1741100617140;8653
3;1741100620827;9970
2;1741100620948;8654
3;1741100625881;9971
2;1741100626004;8655
3;1741100630826;9972
2;1741100631335;8656
3;1741100635866;9973
2;1741100636020;8657
3;1741100640842;9974
2;1741100640915;8658
3;1741100645875;9975
2;1741100645907;8659
3;1741100650857;9976
2;1741100650930;8660
3;1741100655865;9977
2;1741100655938;8661
3;1741100660873;9978
2;1741100660962;8662
3;1741100665832;9979
2;1741100666114;8663
3;1741100670856;9980
2;1741100670929;8664
3;1741100675895;9981
2;1741100676001;8665
3;1741100680867;9982
2;1741100680945;8666
3;1741100685863;9983
2;1741100685969;8667
3;1741100690854;9984
2;1741100690906;8668
3;1741100695862;9985
2;1741100696032;8669
3;1741100700854;9986
2;1741100700888;8670
3;1741100705863;9987
2;1741100705919;8671
3;1741100710876;9988
2;1741100710984;8672
3;1741100715879;9989
2;1741100715934;8673
3;1741100720823;9990
3;1741100725829;9991
2;1741100726334;8674
3;1741100730879;9992
2;1741100730942;8675
3;1741100735843;9993
2;1741100735885;8676
3;1741100740880;9994
2;1741100740926;8677
3;1741100745843;9995
2;1741100745924;8678
3;1741100750861;9996
2;1741100750908;8679
3;1741100755827;9997
2;1741100755996;8680
3;1741100760866;9998
2;1741100760997;8681
3;1741100765875;9999
2;1741100765931;8682
3;1741100770865;10000
2;1741100770963;8683
3;1741100775859;10001
2;1741100775933;8684
3;1741100780865;10002
2;1741100780891;8685
3;1741100785856;10003
2;1741100786076;8686
3;1741100790879;10004
2;1741100790938;8687
3;1741100795872;10005
2;1741100796128;8688
3;1741100800857;10006
2;1741100800932;8689
3;1741100805842;10007
2;1741100805977;8690
3;1741100810891;10008
2;1741100810924;8691
3;1741100815888;10009
2;1741100815944;8692
3;1741100820866;10010
2;1741100820985;8693
3;1741100825859;10011
2;1741100826305;8694
3;1741100830876;10012
2;1741100831080;8695
3;1741100835950;10013
2;1741100836048;8696
3;1741100840830;10014
2;1741100840919;8697
3;1741100845821;10015
2;1741100846071;8698
3;1741100850845;10016
2;1741100850903;8699
3;1741100855858;10017
2;1741100855929;8700
3;1741100860876;10018
2;1741100861158;8701
3;1741100865836;10019
2;1741100866023;8702
3;1741100870903;10020
2;1741100870982;8703
3;1741100875900;10021
2;1741100875993;8704
3;1741100880859;10022
2;1741100881140;8705
3;1741100885867;10023
2;1741100886148;8706
3;1741100890883;10024
2;1741100890931;8707
3;1741100895850;10025
2;1741100895892;8708
3;1741100900864;10026
2;1741100900931;8709
3;1741100905893;10027
2;1741100905987;8710
3;1741100910874;10028
2;1741100910995;8711
3;1741100915876;10029
2;1741100916004;8712
3;1741100920840;10030
2;1741100921154;8713
3;1741100925897;10031
2;1741100925988;8714
3;1741100930824;10032
2;1741100931085;8715
3;1741100935896;10033
2;1741100936081;8716
3;1741100940855;10034
2;1741100941088;8717
3;1741100945906;10035
2;1741100945922;8718
3;1741100950855;10036
2;1741100950928;8719
3;1741100955831;10037
2;1741100955936;8720
3;1741100960863;10038
2;1741100960920;8721
3;1741100965862;10039
2;1741100965935;8722
3;1741100970864;10040
2;1741100970895;8723
3;1741100975904;10041
2;1741100975967;8724
3;1741100980884;10042
2;1741100981118;8725
3;1741100985844;10043
2;1741100986062;8726
3;1741100990837;10044
2;1741100991022;8727
3;1741100995828;10045
2;1741100996190;8728
3;1741101000851;10046
2;1741101000893;8729
3;1741101005863;10047
2;1741101005958;8730
3;1741101010864;10048
2;1741101011116;8731
3;1741101015878;10049
2;1741101015948;8732
3;1741101020856;10050
2;1741101021020;8733
3;1741101025842;10051
0;1741101025934;8194
2;1741101026059;8734
3;1741101030881;10052
0;1741101031115;8195
2;1741101031259;8735
3;1741101035866;10053
2;1741101036064;8736
0;1741101036235;8196
3;1741101040857;10054
2;1741101043288;8737
0;1741101044091;8197
3;1741101045899;10055
0;1741101045978;8198
2;1741101046125;8738
3;1741101050859;10056
2;1741101050986;8739
0;1741101053253;8199
3;1741101055873;10057
0;1741101055933;8200
2;1741101056154;8740
3;1741101060848;10058
0;1741101060921;8201
2;1741101061097;8741
3;1741101065871;10059
0;1741101065940;8202
2;1741101066026;8742
3;1741101070907;10060
0;1741101071113;8203
2;1741101071305;8743
3;1741101075854;10061
0;1741101075896;8204
2;1741101076027;8744
3;1741101080863;10062
0;1741101080921;8205
2;1741101081253;8745
3;1741101085823;10063
2;1741101085992;8746
0;1741101086088;8206
3;1741101090909;10064
2;1741101090965;8747
0;1741101091224;8207
3;1741101095855;10065
2;1741101095992;8748
0;1741101096071;8208
3;1741101100862;10066
0;1741101100919;8209
2;1741101101063;8749
3;1741101105943;10067
2;1741101106121;8750
0;1741101109047;8210
3;1741101110845;10068
0;1741101110918;8211
2;1741101110982;8751
3;1741101115883;10069
0;1741101116018;8212
2;1741101116310;8752
3;1741101120876;10070
0;1741101120918;8213
2;1741101121334;8753
3;1741101125835;10071
2;1741101125927;8754
0;1741101126327;8214
3;1741101130906;10072
2;1741101131173;8755
0;1741101131653;8215
3;1741101135923;10073
0;1741101136085;8216
2;1741101136309;8756
3;1741101140891;10074
0;1741101140917;8217
2;1741101141028;8757
3;1741101145835;10075
0;1741101145860;8218
2;1741101145945;8758
3;1741101150855;10076
2;1741101153192;8759
0;1741101153876;8219
3;1741101155862;10077
0;1741101155939;8220
2;1741101156243;8760
3;1741101160904;10078
2;1741101161251;8761
0;1741101161863;8221
3;1741101165834;10079
0;1741101165859;8222
2;1741101166003;8762
3;1741101170873;10080
0;1741101170947;8223
2;1741101171202;8763
3;1741101175896;10081
2;1741101175940;8764
0;1741101178178;8224
3;1741101180839;10082
0;1741101180930;8225
2;1741101181010;8765
3;1741101185848;10083
2;1741101185987;8766
0;1741101186029;8226
3;1741101190856;10084
0;1741101190989;8227
2;1741101191154;8767
3;1741101195849;10085
0;1741101195940;8228
2;1741101196014;8768
3;1741101200856;10086
0;1741101201020;8229
2;1741101201121;8769
3;1741101205832;10087
2;1741101205936;8770
0;1741101206177;8230
3;1741101210901;10088
2;1741101211120;8771
0;1741101211329;8231
3;1741101215859;10089
2;1741101215901;8772
0;1741101216256;8232
3;1741101220822;10090
2;1741101223135;8773
0;1741101223759;8233
3;1741101225849;10091
2;1741101225903;8774
0;1741101226191;8234
3;1741101230838;10092
0;1741101230879;8235
2;1741101231023;8775
3;1741101235875;10093
0;1741101235978;8236
2;1741101236144;8776
3;1741101240837;10094
0;1741101240926;8237
2;1741101241182;8777
3;1741101245829;10095
2;1741101245966;8778
0;1741101246142;8238
3;1741101250869;10096
0;1741101250926;8239
2;1741101251160;8779
3;1741101255827;10097
0;1741101255950;8240
2;1741101258973;8780
3;1741101260867;10098
0;1741101260991;8241
2;1741101261117;8781
3;1741101265841;10099
0;1741101266014;8242
3;1741101270895;10100
0;1741101270941;8243
2;1741101271100;8782
3;1741101275923;10101
0;1741101276013;8244
2;1741101276156;8783
3;1741101280867;10102
0;1741101280972;8245
2;1741101281212;8784
3;1741101285842;10103
0;1741101285915;8246
2;1741101286028;8785
3;1741101290860;10104
0;1741101292939;8247
2;1741101293915;8786
3;1741101295843;10105
0;1741101295931;8248
2;1741101296187;8787
3;1741101300880;10106
0;1741101300955;8249
2;1741101301835;8788
3;1741101305916;10107
0;1741101305988;8250
2;1741101308826;8789
3;1741101310834;10108
0;1741101311114;8251
2;1741101313066;8790
3;1741101315841;10109
0;1741101316202;8252
2;1741101318746;8791
3;1741101320850;10110
0;1741101320907;8253
2;1741101321401;8792
3;1741101325873;10111
0;1741101326010;8254
2;1741101326185;8793
3;1741101330924;10112
0;1741101330975;8255
2;1741101331209;8794
3;1741101335838;10113
0;1741101335940;8256
2;1741101336025;8795
3;1741101340846;10114
0;1741101340888;8257
2;1741101341320;8796
3;1741101345867;10115
2;1741101345960;8797
0;1741101346104;8258
3;1741101350863;10116
0;1741101350952;8259
2;1741101351113;8798
3;1741101355910;10117
2;1741101356038;8799
0;1741101356167;8260
0;1741101360903;8261
3;1741101360914;10118
2;1741101361013;8800
3;1741101365849;10119
0;1741101366040;8262
2;1741101368950;8801
3;1741101370871;10120
2;1741101370934;8802
0;1741101371077;8263
3;1741101375821;10121
2;1741101378134;8803
0;1741101379318;8264
3;1741101380845;10122
0;1741101380934;8265
2;1741101381191;8804
3;1741101385869;10123
0;1741101385941;8266
2;1741101386104;8805
3;1741101390844;10124
2;1741101390968;8806
0;1741101391125;8267
3;1741101395834;10125
0;1741101395941;8268
2;1741101396342;8807
3;1741101400828;10126
0;1741101400895;8269
2;1741101401045;8808
3;1741101405883;10127
0;1741101405968;8270
2;1741101406308;8809
3;1741101410890;10128
0;1741101410995;8271
2;1741101411076;8810
3;1741101415858;10129
0;1741101416020;8272
2;1741101419012;8811
3;1741101420900;10130
2;1741101421113;8812
0;1741101421172;8273
3;1741101425866;10131
0;1741101425923;8274
2;1741101426099;8813
3;1741101430889;10132
0;1741101430924;8275
2;1741101431043;8814
3;1741101435860;10133
0;1741101436054;8276
2;1741101436227;8815
3;1741101440826;10134
0;1741101441074;8277
2;1741101443794;8816
3;1741101445908;10135
2;1741101445954;8817
0;1741101448673;8278
3;1741101450872;10136
0;1741101450954;8279
2;1741101451070;8818
3;1741101455876;10137
2;1741101458609;8819
0;1741101459009;8280
3;1741101460840;10138
2;1741101461057;8820
0;1741101461233;8281
3;1741101465833;10139
0;1741101465920;8282
2;1741101466095;8821
3;1741101470824;10140
0;1741101470960;8283
2;1741101471329;8822
3;1741101475832;10141
0;1741101476048;8284
2;1741101476224;8823
3;1741101480854;10142
0;1741101480959;8285
2;1741101481087;8824
3;1741101485877;10143
0;1741101485919;8286
2;1741101486160;8825
3;1741101490823;10144
2;1741101493103;8826
0;1741101493775;8287
3;1741101495862;10145
0;1741101495967;8288
2;1741101496063;8827
3;1741101500838;10146
0;1741101501022;8289
2;1741101503998;8828
3;1741101505829;10147
0;1741101505966;8290
2;1741101509166;8829
3;1741101510885;10148
2;1741101511025;8830
0;1741101511081;8291
3;1741101515903;10149
0;1741101515933;8292
2;1741101516125;8831
3;1741101520884;10150
0;1741101520957;8293
2;1741101521262;8832
3;1741101525844;10151
0;1741101525960;8294
2;1741101526029;8833
3;1741101530896;10152
2;1741101531004;8834
0;1741101531180;8295
3;1741101535843;10153
2;1741101536044;8835
0;1741101536860;8296
3;1741101540944;10154
2;1741101541005;8836
0;1741101541356;8297
3;1741101545858;10155
0;1741101546092;8298
2;1741101546124;8837
3;1741101550848;10156
0;1741101550949;8299
2;1741101551038;8838
3;1741101555898;10157
0;1741101555963;8300
2;1741101556315;8839
3;1741101560864;10158
0;1741101560906;8301
2;1741101561115;8840
3;1741101565841;10159
0;1741101565930;8302
2;1741101566234;8841
3;1741101570848;10160
0;1741101570947;8303
2;1741101571242;8842
3;1741101575856;10161
0;1741101576010;8304
2;1741101576186;8843
3;1741101580847;10162
0;1741101580952;8305
2;1741101581065;8844
3;1741101585825;10163
2;1741101586078;8845
0;1741101586281;8306
3;1741101590831;10164
0;1741101590985;8307
2;1741101591129;8846
3;1741101595823;10165
0;1741101596116;8308
2;1741101596296;8847
3;1741101600858;10166
2;1741101601144;8848
0;1741101604136;8309
3;1741101605841;10167
0;1741101605896;8310
2;1741101606104;8849
3;1741101610865;10168
0;1741101610887;8311
2;1741101611271;8850
3;1741101615889;10169
0;1741101615928;8312
2;1741101616087;8851
3;1741101620831;10170
0;1741101621031;8313
2;1741101621207;8852
3;1741101625821;10171
0;1741101626151;8314
2;1741101629094;8853
3;1741101630829;10172
0;1741101630935;8315
2;1741101634311;8854
3;1741101635883;10173
0;1741101635958;8316
2;1741101638950;8855
3;1741101640829;10174
0;1741101643126;8317
2;1741101643926;8856
3;1741101645862;10175
0;1741101645965;8318
2;1741101646069;8857
3;1741101650860;10176
0;1741101650933;8319
2;1741101651015;8858
3;1741101655851;10177
0;1741101655925;8320
2;1741101656069;8859
3;1741101660843;10178
0;1741101660917;8321
2;1741101661014;8860
3;1741101665867;10179
0;1741101665892;8322
2;1741101666212;8861
3;1741101670858;10180
0;1741101670932;8323
2;1741101671120;8862
3;1741101675835;10181
2;1741101675972;8863
0;1741101676053;8324
3;1741101680874;10182
2;1741101681043;8864
0;1741101681139;8325
0;1741101685901;8326
3;1741101685912;10183
2;1741101686020;8865
3;1741101690845;10184
0;1741101690931;8327
2;1741101691107;8866
3;1741101695864;10185
0;1741101696012;8328
2;1741101696258;8867
3;1741101700856;10186
2;1741101701042;8868
0;1741101701154;8329
3;1741101705832;10187
0;1741101705932;8330
2;1741101706082;8869
3;1741101710824;10188
0;1741101711041;8331
2;1741101713889;8870
3;1741101715847;10189
0;1741101715946;8332
2;1741101716076;8871
3;1741101720871;10190
0;1741101720908;8333
2;1741101721345;8872
3;1741101725847;10191
0;1741101725920;8334
2;1741101726065;8873
3;1741101730839;10192
0;1741101730944;8335
2;1741101731243;8874
3;1741101735829;10193
2;1741101736032;8875
0;1741101736416;8336
3;1741101740885;10194
0;1741101741072;8337
2;1741101741232;8876
3;1741101745871;10195
0;1741101745923;8338
2;1741101746306;8877
3;1741101750838;10196
0;1741101751151;8339
2;1741101751327;8878
3;1741101755845;10197
0;1741101755941;8340
2;1741101756095;8879
3;1741101760837;10198
0;1741101760927;8341
2;1741101761023;8880
3;1741101765843;10199
0;1741101765902;8342
2;1741101766136;8881
3;1741101770883;10200
0;1741101771076;8343
2;1741101771166;8882
3;1741101775871;10201
0;1741101775917;8344
2;1741101776093;8883
3;1741101780851;10202
0;1741101780947;8345
2;1741101781091;8884
3;1741101785843;10203
0;1741101785875;8346
2;1741101786157;8885
3;1741101790836;10204
0;1741101790904;8347
2;1741101793881;8886
3;1741101795842;10205
0;1741101796166;8348
2;1741101796284;8887
3;1741101800850;10206
2;1741101800956;8888
0;1741101801139;8349
3;1741101805890;10207
0;1741101805963;8350
2;1741101806235;8889
3;1741101810907;10208
0;1741101810918;8351
2;1741101811099;8890
3;1741101815873;10209
0;1741101816027;8352
3;1741101820864;10210
0;1741101820917;8353
2;1741101821099;8891
3;1741101825857;10211
2;1741101825946;8892
0;1741101826218;8354
3;1741101830880;10212
0;1741101830906;8355
2;1741101831060;8893
3;1741101835825;10213
0;1741101835994;8356
2;1741101837956;8894
3;1741101840833;10214
0;1741101840921;8357
2;1741101841093;8895
3;1741101845894;10215
0;1741101845940;8358
2;1741101846020;8896
3;1741101850879;10216
0;1741101850952;8359
2;1741101851209;8897
3;1741101855822;10217
2;1741101856114;8898
0;1741101856200;8360
3;1741101860830;10218
2;1741101860936;8899
0;1741101861033;8361
3;1741101865870;10219
2;1741101865961;8900
0;1741101866057;8362
3;1741101870830;10220
0;1741101871058;8363
3;1741101875822;10221
2;1741101876135;8901
0;1741101878967;8364
3;1741101880861;10222
0;1741101880944;8365
2;1741101881047;8902
3;1741101885837;10223
0;1741101885879;8366
2;1741101886102;8903
3;1741101890844;10224
2;1741101890982;8904
0;1741101891286;8367
3;1741101895895;10225
0;1741101895958;8368
2;1741101896128;8905
3;1741101900893;10226
2;1741101900979;8906
0;1741101901319;8369
3;1741101905823;10227
2;1741101905938;8907
0;1741101906149;8370
3;1741101910894;10228
0;1741101911014;8371
2;1741101911250;8908
3;1741101915835;10229
2;1741101916002;8909
0;1741101916085;8372
3;1741101920873;10230
0;1741101920933;8373
2;1741101921277;8910
3;1741101925893;10231
0;1741101925988;8374
2;1741101928244;8911
3;1741101930898;10232
0;1741101931332;8375
2;1741101933284;8912
3;1741101935834;10233
2;1741101935908;8913
0;1741101936340;8376
3;1741101940858;10234
0;1741101941004;8377
2;1741101941139;8914
3;1741101945851;10235
0;1741101945976;8378
2;1741101946004;8915
3;1741101950884;10236
0;1741101950946;8379
2;1741101951171;8916
3;1741101955849;10237
0;1741101955922;8380
2;1741101956227;8917
3;1741101960871;10238
0;1741101960882;8381
2;1741101961122;8918
3;1741101965834;10239
0;1741101965922;8382
2;1741101966578;8919
3;1741101970841;10240
0;1741101970929;8383
2;1741101971009;8920
3;1741101975879;10241
2;1741101975953;8921
0;1741101976125;8384
3;1741101980856;10242
0;1741101981009;8385
2;1741101983105;8922
3;1741101985845;10243
0;1741101985968;8386
2;1741101988192;8923
3;1741101990946;10244
0;1741101991200;8387
2;1741101991376;8924
3;1741101995892;10245
0;1741101995952;8388
2;1741101996128;8925
3;1741102000870;10246
2;1741102001023;8926
0;1741102001136;8389
3;1741102005830;10247
0;1741102005937;8390
2;1741102006095;8927
3;1741102010838;10248
2;1741102010911;8928
0;1741102011279;8391
3;1741102015845;10249
0;1741102015887;8392
2;1741102016153;8929
3;1741102020885;10250
0;1741102020974;8393
2;1741102021155;8930
3;1741102025870;10251
0;1741102025879;8394
2;1741102026239;8931
3;1741102030852;10252
0;1741102030910;8395
2;1741102031022;8932
3;1741102035859;10253
0;1741102035936;8396
2;1741102036030;8933
3;1741102040868;10254
0;1741102040932;8397
2;1741102041146;8934
3;1741102045922;10255
0;1741102046109;8398
2;1741102048269;8935
3;1741102050835;10256
0;1741102050988;8399
2;1741102051260;8936
3;1741102055833;10257
0;1741102055955;8400
2;1741102056119;8937
3;1741102060882;10258
0;1741102060956;8401
2;1741102061116;8938
3;1741102065891;10259
0;1741102065963;8402
2;1741102066124;8939
3;1741102070896;10260
0;1741102070971;8403
2;1741102071243;8940
3;1741102075858;10261
0;1741102075956;8404
2;1741102076107;8941
3;1741102080833;10262
0;1741102080884;8405
2;1741102084058;8942
3;1741102085882;10263
2;1741102085966;8943
0;1741102086043;8406
3;1741102090864;10264
2;1741102091067;8944
0;1741102091221;8407
3;1741102095904;10265
0;1741102096009;8408
2;1741102096192;8945
3;1741102100835;10266
0;1741102100938;8409
2;1741102101082;8946
3;1741102105897;10267
0;1741102105929;8410
2;1741102106121;8947
3;1741102110832;10268
2;1741102111273;8948
0;1741102113945;8411
3;1741102115870;10269
0;1741102115929;8412
2;1741102116201;8949
3;1741102120861;10270
2;1741102121113;8950
0;1741102121256;8413
3;1741102125822;10271
0;1741102126024;8414
2;1741102126520;8951
0;1741102130872;8415
3;1741102130883;10272
2;1741102130967;8952
3;1741102135837;10273
2;1741102135927;8953
0;1741102136029;8416
3;1741102140879;10274
0;1741102140983;8417
2;1741102141067;8954
3;1741102145890;10275
0;1741102145960;8418
2;1741102146183;8955
3;1741102150892;10276
0;1741102150928;8419
2;1741102151071;8956
3;1741102155867;10277
0;1741102155878;8420
2;1741102155936;8957
3;1741102160874;10278
0;1741102160902;8421
2;1741102160998;8958
3;1741102165878;10279
0;1741102165952;8422
2;1741102166130;8959
3;1741102170871;10280
0;1741102170933;8423
2;1741102171109;8960
3;1741102175867;10281
2;1741102175989;8961
0;1741102176026;8424
3;1741102180843;10282
0;1741102181012;8425
2;1741102181140;8962
3;1741102185835;10283
0;1741102185924;8426
2;1741102186148;8963
3;1741102190858;10284
2;1741102191012;8964
0;1741102191268;8427
3;1741102195866;10285
0;1741102196148;8428
2;1741102198948;8965
3;1741102200890;10286
0;1741102200915;8429
2;1741102201187;8966
3;1741102205928;10287
2;1741102206212;8967
0;1741102208692;8430
3;1741102210829;10288
0;1741102211044;8431
2;1741102211188;8968
3;1741102215897;10289
0;1741102215984;8432
2;1741102216114;8969
3;1741102220914;10290
0;1741102221058;8433
2;1741102221154;8970
3;1741102225887;10291
2;1741102226018;8971
0;1741102226226;8434
3;1741102230824;10292
0;1741102231010;8435
3;1741102235855;10293
0;1741102235946;8436
2;1741102236141;8972
3;1741102240871;10294
0;1741102240913;8437
2;1741102241137;8973
3;1741102245847;10295
0;1741102245913;8438
2;1741102246081;8974
3;1741102250841;10296
0;1741102250928;8439
2;1741102251136;8975
3;1741102255846;10297
2;1741102258161;8976
0;1741102258833;8440
3;1741102260884;10298
0;1741102261006;8441
2;1741102261279;8977
3;1741102265877;10299
0;1741102265903;8442
2;1741102266015;8978
3;1741102270885;10300
2;1741102271663;8979
0;1741102273935;8443
3;1741102275878;10301
0;1741102275934;8444
2;1741102276271;8980
3;1741102280852;10302
2;1741102280926;8981
0;1741102281358;8445
3;1741102285877;10303
0;1741102285918;8446
2;1741102286046;8982
3;1741102290885;10304
0;1741102290926;8447
2;1741102291422;8983
3;1741102295871;10305
0;1741102295918;8448
2;1741102296126;8984
3;1741102300851;10306
0;1741102300941;8449
2;1741102301037;8985
3;1741102305845;10307
2;1741102306061;8986
0;1741102306173;8450
3;1741102310866;10308
0;1741102310940;8451
2;1741102311101;8987
3;1741102315890;10309
2;1741102315967;8988
0;1741102316428;8452
3;1741102320834;10310
2;1741102320927;8989
0;1741102321100;8453
3;1741102325842;10311
0;1741102325868;8454
2;1741102326132;8990
3;1741102330882;10312
0;1741102330916;8455
2;1741102331147;8991
3;1741102335915;10313
2;1741102335979;8992
0;1741102336315;8456
3;1741102340881;10314
0;1741102340917;8457
2;1741102341083;8993
3;1741102345857;10315
0;1741102345966;8458
2;1741102346122;8994
3;1741102350863;10316
0;1741102350986;8459
2;1741102351198;8995
3;1741102355871;10317
0;1741102355898;8460
2;1741102356042;8996
3;1741102360847;10318
0;1741102360916;8461
2;1741102361113;8997
3;1741102365856;10319
0;1741102365926;8462
2;1741102366105;8998
3;1741102370848;10320
0;1741102370910;8463
2;1741102371289;8999
3;1741102375902;10321
2;1741102376056;9000
0;1741102376168;8464
3;1741102380846;10322
2;1741102381150;9001
0;1741102381176;8465
3;1741102385951;10323
0;1741102386024;8466
2;1741102386104;9002
3;1741102390862;10324
2;1741102391032;9003
0;1741102391272;8467
3;1741102395838;10325
0;1741102395952;8468
2;1741102396069;9004
3;1741102400860;10326
0;1741102400935;8469
2;1741102401287;9005
3;1741102405871;10327
0;1741102405911;8470
2;1741102406031;9006
3;1741102410924;10328
0;1741102411046;8471
2;1741102411366;9007
3;1741102415837;10329
0;1741102416112;8472
2;1741102416150;9008
3;1741102420845;10330
0;1741102420923;8473
2;1741102421078;9009
3;1741102425880;10331
0;1741102425895;8474
2;1741102426358;9010
3;1741102430877;10332
0;1741102431111;8475
2;1741102433205;9011
3;1741102435835;10333
2;1741102436041;9012
3;1741102440842;10334
0;1741102440884;8476
2;1741102440965;9013
3;1741102445851;10335
0;1741102445924;8477
2;1741102446052;9014
3;1741102450897;10336
0;1741102450996;8478
2;1741102451364;9015
3;1741102455834;10337
2;1741102455971;9016
0;1741102456164;8479
3;1741102460866;10338
0;1741102460904;8480
2;1741102461075;9017
3;1741102465865;10339
0;1741102465955;8481
2;1741102466291;9018
3;1741102470888;10340
0;1741102470979;8482
2;1741102471197;9019
3;1741102475863;10341
0;1741102475919;8483
2;1741102476125;9020
3;1741102480915;10342
0;1741102480930;8484
2;1741102481074;9021
3;1741102485896;10343
0;1741102485932;8485
2;1741102486082;9022
3;1741102490872;10344
0;1741102491043;8486
2;1741102491570;9023
3;1741102495848;10345
0;1741102496289;8487
2;1741102497969;9024
3;1741102500870;10346
0;1741102500913;8488
2;1741102501025;9025
3;1741102505868;10347
2;1741102506192;9026
0;1741102508225;8489
3;1741102510839;10348
2;1741102511131;9027
0;1741102511308;8490
3;1741102515858;10349
0;1741102515892;8491
2;1741102516018;9028
3;1741102520870;10350
0;1741102520909;8492
2;1741102521070;9029
3;1741102525885;10351
0;1741102526157;8493
2;1741102529197;9030
3;1741102530884;10352
2;1741102530920;9031
0;1741102531188;8494
3;1741102535842;10353
0;1741102535966;8495
2;1741102536001;9032
3;1741102540851;10354
0;1741102540968;8496
2;1741102541225;9033
3;1741102545827;10355
0;1741102546015;8497
2;1741102549116;9034
3;1741102550858;10356
2;1741102550924;9035
0;1741102551451;8498
3;1741102555857;10357
0;1741102555934;8499
2;1741102556044;9036
3;1741102560835;10358
2;1741102561051;9037
0;1741102561211;8500
3;1741102565873;10359
0;1741102566027;8501
2;1741102566203;9038
3;1741102570897;10360
0;1741102570955;8502
2;1741102571164;9039
3;1741102575841;10361
0;1741102575914;8503
2;1741102576170;9040
3;1741102580864;10362
0;1741102581162;8504
2;1741102584106;9041
3;1741102585969;10363
0;1741102586346;8505
2;1741102589177;9042
3;1741102590847;10364
0;1741102590875;8506
2;1741102591289;9043
3;1741102595871;10365
2;1741102596095;9044
0;1741102596154;8507
3;1741102600846;10366
0;1741102600936;8508
2;1741102601113;9045
3;1741102605824;10367
0;1741102606164;8509
2;1741102608136;9046
3;1741102610875;10368
0;1741102611032;8510
3;1741102615854;10369
0;1741102615928;8511
2;1741102616119;9047
3;1741102620845;10370
2;1741102621031;9048
0;1741102623079;8512
3;1741102625861;10371
0;1741102625949;8513
2;1741102626055;9049
3;1741102630892;10372
0;1741102631032;8514
2;1741102631367;9050
3;1741102635821;10373
0;1741102635990;8515
2;1741102636198;9051
3;1741102640829;10374
2;1741102641286;9052
0;1741102643798;8516
3;1741102645852;10375
2;1741102646198;9053
0;1741102646230;8517
3;1741102650903;10376
0;1741102650949;8518
2;1741102651302;9054
3;1741102655835;10377
2;1741102656085;9055
0;1741102656197;8519
3;1741102660843;10378
0;1741102660926;8520
2;1741102661237;9056
3;1741102665867;10379
0;1741102665909;8521
2;1741102666054;9057
3;1741102670907;10380
0;1741102670981;8522
2;1741102671077;9058
3;1741102675835;10381
2;1741102675956;9059
0;1741102676124;8523
3;1741102680826;10382
2;1741102680964;9060
0;1741102681347;8524
3;1741102685865;10383
0;1741102686276;8525
2;1741102686355;9061
3;1741102690905;10384
0;1741102690988;8526
2;1741102691427;9062
3;1741102695849;10385
0;1741102695875;8527
2;1741102696115;9063
3;1741102700841;10386
0;1741102701059;8528
2;1741102701314;9064
3;1741102705848;10387
0;1741102705922;8529
2;1741102706098;9065
3;1741102710881;10388
0;1741102710946;8530
2;1741102711266;9066
3;1741102715831;10389
0;1741102715857;8531
2;1741102715985;9067
3;1741102720871;10390
0;1741102721073;8532
2;1741102723633;9068
3;1741102725833;10391
2;1741102726257;9069
0;1741102728785;8533
3;1741102730825;10392
2;1741102731745;9070
0;1741102733985;8534
3;1741102735907;10393
0;1741102735968;8535
2;1741102736289;9071
3;1741102740823;10394
2;1741102741088;9072
0;1741102741296;8536
3;1741102745830;10395
0;1741102745968;8537
2;1741102748736;9073
3;1741102750870;10396
2;1741102751008;9074
0;1741102751344;8538
3;1741102755830;10397
2;1741102755951;9075
0;1741102756095;8539
3;1741102760822;10398
2;1741102761135;9076
3;1741102765902;10399
0;1741102765934;8540
2;1741102766014;9077
3;1741102770884;10400
2;1741102771134;9078
0;1741102771198;8541
3;1741102775872;10401
0;1741102775919;8542
2;1741102776174;9079
3;1741102780894;10402
0;1741102783758;8543
3;1741102785890;10403
0;1741102786017;8544
2;1741102786141;9080
3;1741102790867;10404
0;1741102790941;8545
2;1741102791149;9081
3;1741102795827;10405
0;1741102796077;8546
2;1741102796173;9082
3;1741102800863;10406
0;1741102800989;8547
2;1741102802972;9083
3;1741102805828;10407
2;1741102806090;9084
0;1741102806332;8548
3;1741102810869;10408
0;1741102810972;8549
2;1741102811132;9085
3;1741102815928;10409
0;1741102815995;8550
2;1741102816315;9086
3;1741102820853;10410
0;1741102821004;8551
3;1741102825857;10411
0;1741102825883;8552
2;1741102826075;9087
3;1741102830875;10412
0;1741102830954;8553
2;1741102831163;9088
3;1741102835872;10413
0;1741102835946;8554
2;1741102836171;9089
3;1741102840880;10414
0;1741102840922;8555
2;1741102841114;9090
3;1741102845856;10415
0;1741102846058;8556
2;1741102847034;9091
3;1741102850859;10416
0;1741102853049;8557
2;1741102853129;9092
3;1741102855851;10417
0;1741102856212;8558
3;1741102860880;10418
0;1741102860969;8559
2;1741102861273;9093
3;1741102865823;10419
2;1741102866104;9094
0;1741102868616;8560
3;1741102870830;10420
2;1741102871400;9095
0;1741102871608;8561
3;1741102875839;10421
2;1741102875992;9096
0;1741102876152;8562
3;1741102880831;10422
0;1741102881095;8563
2;1741102881144;9097
3;1741102885838;10423
2;1741102885911;9098
0;1741102886448;8564
3;1741102890845;10424
0;1741102890903;8565
2;1741102891111;9099
3;1741102895840;10425
0;1741102895958;8566
2;1741102896134;9100
3;1741102900902;10426
2;1741102900982;9101
0;1741102901046;8567
3;1741102905910;10427
0;1741102905942;8568
2;1741102906230;9102
3;1741102910892;10428
0;1741102910976;8569
2;1741102911414;9103
3;1741102915852;10429
0;1741102916181;8570
2;1741102918949;9104
3;1741102920843;10430
0;1741102920891;8571
2;1741102921189;9105
3;1741102925851;10431
0;1741102925890;8572
2;1741102926118;9106
3;1741102930827;10432
0;1741102931024;8573
2;1741102933972;9107
3;1741102935866;10433
0;1741102935908;8574
2;1741102936188;9108
3;1741102940857;10434
2;1741102941076;9109
0;1741102941364;8575
3;1741102945851;10435
2;1741102945936;9110
0;1741102946228;8576
3;1741102950873;10436
0;1741102950909;8577
2;1741102951027;9111
3;1741102955927;10437
0;1741102958082;8578
3;1741102960872;10438
0;1741102961331;8579
2;1741102963075;9112
3;1741102965832;10439
0;1741102965890;8580
2;1741102966754;9113
3;1741102970898;10440
0;1741102970946;8581
2;1741102971218;9114
3;1741102975846;10441
0;1741102975876;8582
2;1741102976097;9115
3;1741102980854;10442
0;1741102980929;8583
2;1741102981292;9116
3;1741102985857;10443
2;1741102985944;9117
0;1741102986049;8584
3;1741102990854;10444
2;1741102990972;9118
0;1741102991084;8585
3;1741102995850;10445
0;1741102995872;8586
2;1741102996096;9119
3;1741103000933;10446
2;1741103001120;9120
0;1741103001168;8587
3;1741103005830;10447
0;1741103006161;8588
2;1741103006241;9121
3;1741103010875;10448
2;1741103010976;9122
0;1741103011040;8589
3;1741103015876;10449
2;1741103016047;9123
0;1741103016592;8590
3;1741103020870;10450
0;1741103020895;8591
2;1741103021056;9124
3;1741103025830;10451
0;1741103026255;8592
2;1741103026863;9125
3;1741103030884;10452
0;1741103030926;8593
2;1741103031022;9126
0;1741103035886;8594
3;1741103035898;10453
2;1741103036142;9127
3;1741103040851;10454
0;1741103041149;8595
2;1741103044349;9128
3;1741103045902;10455
0;1741103046036;8596
2;1741103046205;9129
3;1741103050899;10456
0;1741103051005;8597
2;1741103051373;9130
3;1741103055826;10457
0;1741103056029;8598
2;1741103059181;9131
3;1741103060850;10458
0;1741103060908;8599
2;1741103060972;9132
3;1741103065872;10459
0;1741103065900;8600
2;1741103066012;9133
3;1741103070835;10460
0;1741103073052;8601
2;1741103073724;9134
3;1741103075825;10461
0;1741103076107;8602
2;1741103076139;9135
3;1741103080865;10462
2;1741103080891;9136
0;1741103081243;8603
3;1741103085842;10463
2;1741103085980;9137
0;1741103086118;8604
3;1741103090848;10464
0;1741103090981;8605
2;1741103091147;9138
3;1741103095872;10465
2;1741103095950;9139
0;1741103095970;8606
3;1741103100832;10466
0;1741103101119;8607
2;1741103101370;9140
3;1741103105879;10467
2;1741103105962;9141
0;1741103106202;8608
3;1741103110905;10468
0;1741103110913;8609
2;1741103111529;9142
3;1741103115857;10469
2;1741103116073;9143
0;1741103116246;8610
3;1741103120854;10470
0;1741103120969;8611
2;1741103123192;9144
3;1741103125825;10471
2;1741103125945;9145
0;1741103126265;8612
3;1741103130831;10472
0;1741103131064;8613
2;1741103131384;9146
3;1741103135926;10473
0;1741103136006;8614
2;1741103136826;9147
3;1741103140878;10474
0;1741103143639;8615
2;1741103143975;9148
3;1741103145837;10475
2;1741103147911;9149
0;1741103148775;8616
3;1741103150845;10476
0;1741103150967;8617
2;1741103153799;9150
3;1741103155837;10477
0;1741103156071;8618
2;1741103156519;9151
0;1741103160896;8619
3;1741103160907;10478
2;1741103161024;9152
3;1741103165853;10479
0;1741103165926;8620
2;1741103166070;9153
3;1741103170871;10480
2;1741103171046;9154
0;1741103171254;8621
3;1741103175852;10481
2;1741103176293;9155
0;1741103178245;8622
3;1741103180829;10482
2;1741103180997;9156
0;1741103181141;8623
3;1741103185897;10483
0;1741103185973;8624
2;1741103186197;9157
3;1741103190853;10484
0;1741103190916;8625
2;1741103191300;9158
3;1741103195867;10485
2;1741103196404;9159
0;1741103198212;8626
3;1741103200827;10486
0;1741103201332;8627
2;1741103203892;9160
3;1741103206003;10487
0;1741103206054;8628
2;1741103206244;9161
3;1741103210842;10488
0;1741103211187;8629
2;1741103213891;9162
3;1741103215834;10489
0;1741103216147;8630
2;1741103216243;9163
3;1741103220841;10490
2;1741103220956;9164
0;1741103221106;8631
3;1741103225832;10491
0;1741103226019;8632
2;1741103229106;9165
3;1741103230856;10492
2;1741103231346;9166
0;1741103233154;8633
3;1741103235863;10493
0;1741103236274;8634
2;1741103238210;9167
3;1741103240825;10494
2;1741103243521;9168
0;1741103243873;8635
3;1741103245847;10495
0;1741103245905;8636
2;1741103246502;9169
3;1741103250824;10496
0;1741103251023;8637
2;1741103251233;9170
3;1741103255862;10497
2;1741103255936;9171
0;1741103256208;8638
3;1741103260838;10498
2;1741103261104;9172
0;1741103263136;8639
3;1741103265862;10499
0;1741103266081;8640
2;1741103266416;9173
3;1741103270847;10500
0;1741103271023;8641
3;1741103275830;10501
2;1741103276049;9174
0;1741103276177;8642
3;1741103280821;10502
0;1741103280911;8643
2;1741103281167;9175
3;1741103285845;10503
2;1741103285999;9176
0;1741103286015;8644
3;1741103290836;10504
0;1741103291230;8645
2;1741103291294;9177
3;1741103295845;10505
0;1741103295877;8646
2;1741103296537;9178
3;1741103300868;10506
2;1741103301374;9179
0;1741103303726;8647
3;1741103305859;10507
0;1741103306125;8648
2;1741103309037;9180
3;1741103310892;10508
0;1741103310941;8649
2;1741103311053;9181
3;1741103315902;10509
0;1741103315910;8650
2;1741103316525;9182
3;1741103320835;10510
0;1741103320937;8651
2;1741103321020;9183
3;1741103325827;10511
0;1741103327948;8652
2;1741103328108;9184
3;1741103330866;10512
0;1741103330923;8653
2;1741103331292;9185
3;1741103335858;10513
0;1741103336044;8654
2;1741103336300;9186
3;1741103340921;10514
2;1741103340987;9187
0;1741103341115;8655
3;1741103345841;10515
2;1741103345963;9188
0;1741103346203;8656
3;1741103350833;10516
0;1741103350859;8657
2;1741103350971;9189
3;1741103355872;10517
0;1741103356020;8658
2;1741103356379;9190
3;1741103360854;10518
0;1741103361210;8659
2;1741103365098;9191
3;1741103365823;10519
2;1741103366196;9192
0;1741103368650;8660
3;1741103370864;10520
0;1741103371017;8661
2;1741103372906;9193
3;1741103375882;10521
0;1741103375956;8662
2;1741103376420;9194
3;1741103380877;10522
0;1741103380985;8663
2;1741103381145;9195
3;1741103385866;10523
0;1741103385928;8664
2;1741103387960;9196
3;1741103390831;10524
0;1741103390937;8665
2;1741103391592;9197
3;1741103395838;10525
0;1741103395888;8666
2;1741103396088;9198
3;1741103400831;10526
0;1741103401079;8667
2;1741103403239;9199
3;1741103405822;10527
2;1741103406263;9200
0;1741103406407;8668
3;1741103410876;10528
0;1741103410919;8669
2;1741103411047;9201
3;1741103415840;10529
0;1741103416022;8670
2;1741103416230;9202
3;1741103420892;10530
2;1741103421206;9203
0;1741103421590;8671
3;1741103425900;10531
0;1741103425972;8672
2;1741103426125;9204
3;1741103430917;10532
2;1741103431093;9205
0;1741103431222;8673
3;1741103435834;10533
0;1741103435910;8674
2;1741103436389;9206
3;1741103440891;10534
0;1741103440918;8675
2;1741103441013;9207
3;1741103445851;10535
0;1741103445930;8676
2;1741103446149;9208
0;1741103450897;8677
3;1741103450907;10536
2;1741103451156;9209
3;1741103455882;10537
0;1741103455920;8678
2;1741103456196;9210
3;1741103460843;10538
2;1741103461044;9211
0;1741103461108;8679
3;1741103465867;10539
0;1741103465964;8680
2;1741103466355;9212
0;1741103470867;8681
3;1741103470882;10540
2;1741103471363;9213
3;1741103475865;10541
0;1741103475923;8682
2;1741103476227;9214
3;1741103480952;10542
2;1741103481027;9215
0;1741103481091;8683
3;1741103485864;10543
0;1741103485890;8684
2;1741103486162;9216
3;1741103490825;10544
2;1741103493970;9217
0;1741103494322;8685
3;1741103495960;10545
0;1741103496018;8686
3;1741103500823;10546
0;1741103500978;8687
3;1741103505895;10547
2;1741103506369;9218
0;1741103509233;8688
3;1741103510901;10548
0;1741103511057;8689
3;1741103515830;10549
0;1741103516112;8690
3;1741103520869;10550
2;1741103520944;9219
0;1741103521072;8691
3;1741103525829;10551
0;1741103526016;8692
2;1741103526176;9220
3;1741103530916;10552
0;1741103531040;8693
2;1741103531560;9221
3;1741103535878;10553
0;1741103535940;8694
2;1741103536095;9222
3;1741103540854;10554
0;1741103541007;8695
2;1741103541119;9223
3;1741103545830;10555
2;1741103546111;9224
0;1741103546303;8696
3;1741103550869;10556
0;1741103550927;8697
2;1741103551070;9225
3;1741103555985;10557
2;1741103556095;9226
0;1741103556174;8698
3;1741103560853;10558
2;1741103560974;9227
0;1741103561278;8699
3;1741103565829;10559
2;1741103566094;9228
0;1741103568237;8700
3;1741103570863;10560
0;1741103573629;8701
2;1741103573917;9229
3;1741103575843;10561
2;1741103575965;9230
0;1741103576093;8702
3;1741103580866;10562
0;1741103580879;8703
2;1741103582204;9231
3;1741103585841;10563
0;1741103586007;8704
3;1741103590896;10564
2;1741103591388;9232
0;1741103593596;8705
3;1741103595867;10565
0;1741103598251;8706
2;1741103599083;9233
3;1741103600834;10566
0;1741103600935;8707
2;1741103601131;9234
3;1741103605841;10567
0;1741103606026;8708
2;1741103606251;9235
3;1741103610928;10568
0;1741103611099;8709
2;1741103613227;9236
3;1741103615867;10569
0;1741103616842;8710
2;1741103618225;9237
3;1741103620833;10570
2;1741103621402;9238
0;1741103623978;8711
3;1741103625872;10571
2;1741103625978;9239
0;1741103626154;8712
3;1741103630859;10572
0;1741103630873;8713
2;1741103631306;9240
3;1741103635840;10573
2;1741103636441;9241
0;1741103638842;8714
3;1741103640846;10574
0;1741103640928;8715
2;1741103641210;9242
3;1741103645822;10575
0;1741103645977;8716
2;1741103646120;9243
3;1741103650830;10576
0;1741103651321;8717
2;1741103651428;9244
3;1741103655854;10577
0;1741103656216;8718
2;1741103658842;9245
3;1741103660845;10578
0;1741103661496;8719
2;1741103664456;9246
3;1741103665837;10579
0;1741103665911;8720
2;1741103666135;9247
3;1741103670830;10580
0;1741103673144;8721
2;1741103673959;9248
3;1741103675836;10581
2;1741103676423;9249
0;1741103678198;8722
3;1741103680829;10582
0;1741103680966;8723
2;1741103684022;9250
3;1741103685862;10583
0;1741103685926;8724
2;1741103686134;9251
3;1741103690843;10584
0;1741103690885;8725
2;1741103691094;9252
3;1741103695821;10585
2;1741103696503;9253
0;1741103698693;8726
3;1741103700893;10586
0;1741103700965;8727
2;1741103701141;9254
3;1741103705858;10587
0;1741103705968;8728
2;1741103708213;9255
3;1741103710843;10588
0;1741103710909;8729
2;1741103711045;9256
3;1741103715882;10589
0;1741103715972;8730
2;1741103716117;9257
3;1741103720899;10590
0;1741103721003;8731
2;1741103721172;9258
3;1741103725896;10591
0;1741103725988;8732
2;1741103726164;9259
3;1741103730851;10592
2;1741103730960;9260
0;1741103731139;8733
3;1741103735848;10593
0;1741103736211;8734
2;1741103739251;9261
3;1741103740874;10594
2;1741103741011;9262
0;1741103741320;8735
3;1741103745848;10595
2;1741103745891;9263
0;1741103746275;8736
3;1741103750857;10596
0;1741103750898;8737
2;1741103751310;9264
3;1741103755896;10597
0;1741103755971;8738
2;1741103756066;9265
3;1741103760840;10598
0;1741103760913;8739
2;1741103761089;9266
3;1741103765848;10599
2;1741103768954;9267
0;1741103769073;8740
3;1741103770840;10600
0;1741103770938;8741
2;1741103771297;9268
3;1741103775873;10601
0;1741103775930;8742
2;1741103776352;9269
3;1741103780822;10602
0;1741103783648;8743
2;1741103783776;9270
3;1741103785905;10603
0;1741103785920;8744
2;1741103785984;9271
3;1741103790870;10604
0;1741103790960;8745
2;1741103791248;9272
3;1741103795901;10605
0;1741103795955;8746
2;1741103796127;9273
3;1741103800838;10606
0;1741103801131;8747
2;1741103803775;9274
3;1741103805860;10607
0;1741103805940;8748
2;1741103806127;9275
3;1741103810889;10608
0;1741103810983;8749
2;1741103811758;9276
3;1741103815902;10609
2;1741103815934;9277
0;1741103816297;8750
3;1741103820821;10610
0;1741103821278;8751
2;1741103821305;9278
3;1741103825843;10611
2;1741103826030;9279
0;1741103826062;8752
3;1741103830839;10612
2;1741103831069;9280
0;1741103831213;8753
3;1741103835859;10613
2;1741103836017;9281
0;1741103836216;8754
3;1741103840835;10614
0;1741103840892;8755
2;1741103840973;9282
3;1741103845890;10615
0;1741103845938;8756
2;1741103845996;9283
3;1741103850866;10616
2;1741103851836;9284
0;1741103853516;8757
3;1741103855841;10617
0;1741103856044;8758
2;1741103856379;9285
3;1741103860859;10618
0;1741103860976;8759
2;1741103863035;9286
3;1741103865873;10619
0;1741103865915;8760
3;1741103870880;10620
0;1741103870949;8761
3;1741103875872;10621
0;1741103875898;8762
3;1741103880865;10622
0;1741103883530;8763
3;1741103885925;10623
0;1741103886014;8764
3;1741103890847;10624
0;1741103890914;8765
3;1741103895873;10625
0;1741103895921;8766
3;1741103900833;10626
0;1741103900953;8767
3;1741103905870;10627
0;1741103905944;8768
3;1741103910847;10628
0;1741103910984;8769
3;1741103915871;10629
0;1741103915896;8770
3;1741103920894;10630
0;1741103920968;8771
3;1741103925823;10631
0;1741103926023;8772
3;1741103930886;10632
0;1741103930990;8773
3;1741103935856;10633
0;1741103935912;8774
3;1741103940861;10634
0;1741103940999;8775
3;1741103945876;10635
0;1741103945906;8776
3;1741103950907;10636
0;1741103951366;8777
3;1741103955849;10637
0;1741103955926;8778
3;1741103960880;10638
0;1741103960892;8779
3;1741103965851;10639
0;1741103965877;8780
3;1741103970902;10640
0;1741103970939;8781
3;1741103975849;10641
0;1741103975954;8782
3;1741103980886;10642
0;1741103981268;8783
3;1741103985889;10643
0;1741103985899;8784
3;1741103990858;10644
0;1741103990963;8785
3;1741103995866;10645
0;1741103996003;8786
3;1741104000905;10646
0;1741104000979;8787
3;1741104005859;10647
0;1741104006035;8788
3;1741104010840;10648
0;1741104010931;8789
3;1741104015873;10649
0;1741104015881;8790
3;1741104020872;10650
0;1741104021002;8791
3;1741104025842;10651
0;1741104026081;8792
3;1741104030840;10652
0;1741104030913;8793
3;1741104035846;10653
0;1741104036257;8794
3;1741104040870;10654
0;1741104041009;8795
3;1741104045891;10655
0;1741104045904;8796
3;1741104050870;10656
0;1741104050904;8797
3;1741104055831;10657
0;1741104056288;8798
3;1741104060853;10658
0;1741104061167;8799
3;1741104065845;10659
0;1741104065928;8800
3;1741104070852;10660
0;1741104070900;8801
3;1741104075861;10661
0;1741104075944;8802
3;1741104080883;10662
0;1741104080974;8803
3;1741104085829;10663
0;1741104086189;8804
3;1741104090851;10664
0;1741104090877;8805
3;1741104095828;10665
0;1741104096013;8806
3;1741104100863;10666
0;1741104101116;8807
3;1741104105827;10667
0;1741104106092;8808
3;1741104110877;10668
0;1741104111260;8809
0;1741104115916;8810
3;1741104115926;10669
3;1741104120852;10670
0;1741104121260;8811
3;1741104125873;10671
0;1741104125999;8812
3;1741104130864;10672
0;1741104130900;8813
3;1741104135888;10673
0;1741104135963;8814
3;1741104140889;10674
0;1741104140922;8815
0;1741104145921;8816
3;1741104145928;10675
3;1741104150847;10676
0;1741104150954;8817
3;1741104155837;10677
0;1741104155891;8818
3;1741104160831;10678
0;1741104160985;8819
3;1741104165855;10679
0;1741104165977;8820
0;1741104170872;8821
3;1741104170884;10680
3;1741104175868;10681
0;1741104175895;8822
3;1741104180859;10682
0;1741104180897;8823
3;1741104185867;10683
0;1741104185911;8824
3;1741104190844;10684
0;1741104190984;8825
3;1741104195835;10685
0;1741104195942;8826
3;1741104200875;10686
0;1741104200901;8827
3;1741104205866;10687
0;1741104205989;8828
3;1741104210874;10688
0;1741104210930;8829
3;1741104215832;10689
0;1741104218252;8830
3;1741104220885;10690
0;1741104221002;8831
3;1741104225848;10691
0;1741104225970;8832
3;1741104230839;10692
0;1741104230924;8833
3;1741104235832;10693
0;1741104238513;8834
3;1741104240839;10694
0;1741104240965;8835
3;1741104245879;10695
0;1741104245989;8836
3;1741104250880;10696
0;1741104250962;8837
3;1741104255846;10697
0;1741104255923;8838
3;1741104260871;10698
0;1741104260944;8839
3;1741104265847;10699
0;1741104266048;8840
3;1741104270910;10700
0;1741104271032;8841
3;1741104275918;10701
0;1741104275951;8842
3;1741104280958;10702
0;1741104281055;8843
3;1741104285876;10703
0;1741104285912;8844
3;1741104290878;10704
0;1741104290993;8845
3;1741104295875;10705
0;1741104296109;8846
3;1741104300837;10706
0;1741104300877;8847
0;1741104305869;8848
3;1741104305883;10707
3;1741104310820;10708
0;1741104311197;8849
3;1741104315828;10709
0;1741104318028;8850
3;1741104320912;10710
0;1741104321340;8851
3;1741104325878;10711
0;1741104325916;8852
3;1741104330866;10712
0;1741104330924;8853
3;1741104335873;10713
0;1741104336300;8854
3;1741104340859;10714
0;1741104343739;8855
3;1741104345930;10715
0;1741104345979;8856
3;1741104350847;10716
0;1741104351008;8857
3;1741104355963;10717
0;1741104356106;8858
3;1741104360833;10718
0;1741104360954;8859
3;1741104365873;10719
0;1741104365975;8860
3;1741104370878;10720
0;1741104370968;8861
3;1741104375839;10721
0;1741104375912;8862
3;1741104380903;10722
0;1741104380920;8863
3;1741104385895;10723
0;1741104385959;8864
3;1741104390830;10724
0;1741104391111;8865
3;1741104395851;10725
0;1741104395943;8866
3;1741104400830;10726
0;1741104401254;8867
3;1741104405863;10727
0;1741104408614;8868
3;1741104410902;10728
0;1741104411046;8869
3;1741104415911;10729
0;1741104415968;8870
3;1741104420902;10730
0;1741104420974;8871
3;1741104425855;10731
0;1741104425925;8872
3;1741104430859;10732
0;1741104431161;8873
3;1741104435852;10733
0;1741104436068;8874
3;1741104440873;10734
0;1741104440883;8875
3;1741104445866;10735
0;1741104446117;8876
3;1741104450856;10736
0;1741104451251;8877
3;1741104455869;10737
0;1741104456083;8878
3;1741104460841;10738
0;1741104460931;8879
3;1741104465848;10739
0;1741104465922;8880
3;1741104470873;10740
0;1741104470914;8881
3;1741104475834;10741
0;1741104475985;8882
3;1741104480823;10742
0;1741104483119;8883
3;1741104485863;10743
0;1741104486025;8884
3;1741104490824;10744
0;1741104491344;8885
3;1741104495859;10745
0;1741104495924;8886
3;1741104500823;10746
0;1741104501040;8887
3;1741104505830;10747
0;1741104505888;8888
3;1741104510864;10748
0;1741104511152;8889
3;1741104515889;10749
0;1741104515935;8890
3;1741104520868;10750
0;1741104523263;8891
3;1741104525869;10751
0;1741104526015;8892
3;1741104530837;10752
0;1741104530910;8893
3;1741104535828;10753
0;1741104536239;8894
3;1741104540852;10754
0;1741104540926;8895
3;1741104545875;10755
0;1741104545901;8896
3;1741104550879;10756
0;1741104550925;8897
3;1741104555844;10757
0;1741104555970;8898
3;1741104560913;10758
0;1741104560940;8899
3;1741104565842;10759
0;1741104566108;8900
3;1741104570851;10760
0;1741104570925;8901
3;1741104575873;10761
0;1741104576069;8902
3;1741104580850;10762
0;1741104580897;8903
3;1741104585826;10763
0;1741104588667;8904
3;1741104590881;10764
0;1741104591002;8905
3;1741104595824;10765
0;1741104596154;8906
3;1741104600880;10766
0;1741104600925;8907
3;1741104605843;10767
0;1741104605930;8908
3;1741104610904;10768
0;1741104610921;8909
3;1741104615845;10769
0;1741104615925;8910
3;1741104620848;10770
0;1741104620935;8911
3;1741104625827;10771
0;1741104626216;8912
3;1741104630846;10772
0;1741104630928;8913
3;1741104635870;10773
0;1741104635973;8914
3;1741104640879;10774
0;1741104640903;8915
3;1741104645854;10775
0;1741104645911;8916
3;1741104650890;10776
0;1741104650982;8917
3;1741104655821;10777
0;1741104656086;8918
3;1741104660870;10778
0;1741104660934;8919
3;1741104665915;10779
0;1741104666694;8920
0;1741104670870;8921
3;1741104670882;10780
3;1741104675836;10781
0;1741104676197;8922
3;1741104680887;10782
0;1741104680901;8923
0;1741104685861;8924
3;1741104685882;10783
3;1741104690843;10784
0;1741104691220;8925
3;1741104695906;10785
0;1741104696052;8926
3;1741104700874;10786
0;1741104700981;8927
3;1741104705890;10787
0;1741104706324;8928
3;1741104710874;10788
0;1741104710926;8929
3;1741104715882;10789
0;1741104716147;8930
3;1741104720841;10790
0;1741104720930;8931
3;1741104725880;10791
0;1741104725956;8932
3;1741104730898;10792
0;1741104730930;8933
3;1741104735907;10793
0;1741104735922;8934
3;1741104740840;10794
0;1741104740961;8935
3;1741104745859;10795
0;1741104746178;8936
3;1741104750862;10796
0;1741104751167;8937
3;1741104755859;10797
0;1741104755976;8938
3;1741104760868;10798
0;1741104760943;8939
3;1741104765934;10799
0;1741104766062;8940
3;1741104770836;10800
0;1741104771069;8941
3;1741104775901;10801
0;1741104776077;8942
3;1741104780866;10802
0;1741104781293;8943
3;1741104785920;10803
0;1741104785956;8944
3;1741104790864;10804
3;1741104795934;10805
0;1741104795996;8945
3;1741104800885;10806
0;1741104800933;8946
3;1741104805867;10807
0;1741104805922;8947
3;1741104810880;10808
0;1741104810955;8948
3;1741104815898;10809
0;1741104815963;8949
3;1741104820833;10810
0;1741104820906;8950
3;1741104825887;10811
0;1741104825924;8951
3;1741104830874;10812
0;1741104830941;8952
3;1741104835855;10813
0;1741104835945;8953
0;1741104840902;8954
3;1741104840911;10814
3;1741104845840;10815
0;1741104845929;8955
3;1741104850832;10816
0;1741104851092;8956
3;1741104855869;10817
0;1741104855960;8957
3;1741104860862;10818
0;1741104860920;8958
3;1741104865999;10819
0;1741104866296;8959
3;1741104870890;10820
0;1741104870928;8960
3;1741104875852;10821
0;1741104875927;8961
3;1741104880893;10822
0;1741104880935;8962
3;1741104885869;10823
0;1741104886109;8963
3;1741104890843;10824
0;1741104890902;8964
3;1741104895869;10825
0;1741104895894;8965
0;1741104900870;8966
3;1741104900881;10826
3;1741104905884;10827
0;1741104905973;8967
3;1741104910889;10828
0;1741104910917;8968
3;1741104915867;10829
0;1741104915925;8969
3;1741104920843;10830
0;1741104920981;8970
3;1741104925945;10831
0;1741104926228;8971
3;1741104930841;10832
0;1741104931252;8972
3;1741104935865;10833
0;1741104935939;8973
0;1741104940893;8974
3;1741104940903;10834
3;1741104945880;10835
0;1741104945962;8975
3;1741104950825;10836
0;1741104953324;8976
3;1741104955832;10837
0;1741104955973;8977
3;1741104960840;10838
0;1741104961010;8978
3;1741104965896;10839
0;1741104965929;8979
3;1741104970841;10840
0;1741104970993;8980
3;1741104975846;10841
0;1741104975857;8981
3;1741104980871;10842
0;1741104981228;8982
3;1741104985878;10843
0;1741104985968;8983
3;1741104990838;10844
0;1741104991088;8984
3;1741104995828;10845
0;1741104996176;8985
3;1741105000868;10846
0;1741105000904;8986
3;1741105005861;10847
0;1741105006127;8987
3;1741105010852;10848
0;1741105011056;8988
3;1741105015830;10849
0;1741105015983;8989
3;1741105020869;10850
0;1741105020958;8990
3;1741105025844;10851
0;1741105026254;8991
3;1741105030852;10852
0;1741105030865;8992
3;1741105035903;10853
0;1741105035929;8993
3;1741105040866;10854
0;1741105041165;8994
0;1741105045924;8995
0;1741105050908;8996
3;1741105055859;10855
0;1741105055980;8997
3;1741105060834;10856
0;1741105061051;8998
3;1741105065858;10857
0;1741105065915;8999
3;1741105070866;10858
0;1741105070939;9000
3;1741105075865;10859
3;1741105080849;10860
0;1741105080925;9001
3;1741105085841;10861
0;1741105086138;9002
3;1741105090833;10862
0;1741105090970;9003
3;1741105095872;10863
0;1741105095930;9004
3;1741105100885;10864
0;1741105101033;9005
3;1741105105839;10865
0;1741105105929;9006
3;1741105110832;10866
0;1741105110923;9007
3;1741105115870;10867
0;1741105115949;9008
3;1741105120875;10868
0;1741105121112;9009
3;1741105125858;10869
0;1741105125945;9010
3;1741105130878;10870
0;1741105131176;9011
3;1741105135852;10871
0;1741105135991;9012
3;1741105140845;10872
0;1741105140881;9013
3;1741105145838;10873
0;1741105145863;9014
3;1741105150877;10874
0;1741105151350;9015
3;1741105155837;10875
0;1741105156006;9016
3;1741105160876;10876
0;1741105160887;9017
3;1741105165868;10877
0;1741105165936;9018
3;1741105170902;10878
0;1741105170916;9019
3;1741105175834;10879
0;1741105175925;9020
3;1741105180827;10880
0;1741105180952;9021
3;1741105185835;10881
0;1741105185886;9022
3;1741105190875;10882
0;1741105191004;9023
3;1741105195897;10883
0;1741105195993;9024
3;1741105200875;10884
0;1741105201155;9025
3;1741105205834;10885
0;1741105205971;9026
3;1741105210871;10886
0;1741105211164;9027
3;1741105215909;10887
0;1741105215970;9028
3;1741105220841;10888
0;1741105220866;9029
0;1741105225874;9030
3;1741105225883;10889
3;1741105230854;10890
0;1741105231169;9031
3;1741105235880;10891
0;1741105236161;9032
3;1741105240913;10892
0;1741105240961;9033
3;1741105245874;10893
0;1741105246061;9034
3;1741105250838;10894
0;1741105250960;9035
3;1741105255871;10895
0;1741105255952;9036
3;1741105260869;10896
0;1741105260948;9037
3;1741105265877;10897
0;1741105265889;9038
3;1741105270835;10898
0;1741105271112;9039
3;1741105275844;10899
0;1741105275983;9040
3;1741105280849;10900
0;1741105281068;9041
3;1741105285841;10901
0;1741105285976;9042
3;1741105290850;10902
0;1741105291308;9043
3;1741105295841;10903
0;1741105295963;9044
3;1741105300906;10904
0;1741105301051;9045
3;1741105305898;10905
0;1741105305915;9046
3;1741105310905;10906
0;1741105310938;9047
3;1741105316050;10907
0;1741105316378;9048
3;1741105320852;10908
0;1741105321031;9049
3;1741105325866;10909
0;1741105326298;9050
3;1741105330847;10910
0;1741105330969;9051
3;1741105335871;10911
0;1741105335913;9052
3;1741105340939;10912
0;1741105341177;9053
3;1741105345897;10913
0;1741105345928;9054
3;1741105350880;10914
0;1741105350991;9055
3;1741105355868;10915
0;1741105356154;9056
3;1741105360845;10916
0;1741105361112;9057
3;1741105365853;10917
0;1741105365975;9058
3;1741105370844;10918
0;1741105371687;9059
3;1741105375885;10919
0;1741105375968;9060
0;1741105380886;9061
3;1741105380900;10920
3;1741105385869;10921
0;1741105385880;9062
3;1741105390828;10922
0;1741105391015;9063
3;1741105395835;10923
0;1741105395925;9064
3;1741105400860;10924
3;1741105405867;10925
0;1741105405894;9065
3;1741105410904;10926
0;1741105410919;9066
3;1741105415867;10927
0;1741105416116;9067
3;1741105420875;10928
0;1741105421123;9068
3;1741105425866;10929
0;1741105426116;9069
3;1741105430906;10930
0;1741105431427;9070
3;1741105435833;10931
0;1741105435955;9071
3;1741105440867;10932
0;1741105441250;9072
3;1741105445881;10933
0;1741105446274;9073
3;1741105450931;10934
0;1741105450977;9074
3;1741105455864;10935
0;1741105455937;9075
3;1741105460966;10936
0;1741105461169;9076
3;1741105465905;10937
0;1741105465936;9077
3;1741105470875;10938
0;1741105471040;9078
3;1741105475831;10939
0;1741105476352;9079
3;1741105480870;10940
0;1741105481200;9080
3;1741105485831;10941
0;1741105486032;9081
3;1741105490862;10942
0;1741105491151;9082
3;1741105495831;10943
0;1741105495964;9083
3;1741105500910;10944
0;1741105501247;9084
3;1741105505891;10945
0;1741105505966;9085
3;1741105510839;10946
0;1741105510910;9086
3;1741105515878;10947
0;1741105515966;9087
3;1741105520915;10948
0;1741105520925;9088
0;1741105525869;9089
3;1741105525884;10949
3;1741105530868;10950
0;1741105530893;9090
3;1741105535859;10951
0;1741105535944;9091
3;1741105540835;10952
0;1741105540933;9092
3;1741105545875;10953
0;1741105545916;9093
3;1741105550834;10954
0;1741105551012;9094
3;1741105555883;10955
0;1741105556284;9095
3;1741105560833;10956
0;1741105561036;9096
3;1741105565839;10957
0;1741105565924;9097
3;1741105570906;10958
0;1741105571083;9098
3;1741105575841;10959
0;1741105576010;9099
3;1741105580848;10960
0;1741105580947;9100
3;1741105585887;10961
0;1741105585923;9101
3;1741105590879;10962
0;1741105591120;9102
3;1741105595870;10963
0;1741105595897;9103
3;1741105600848;10964
0;1741105600904;9104
3;1741105605838;10965
0;1741105605992;9105
3;1741105610938;10966
0;1741105610984;9106
3;1741105615870;10967
0;1741105615943;9107
3;1741105620845;10968
3;1741105625863;10969
0;1741105625991;9108
3;1741105630923;10970
0;1741105630951;9109
3;1741105635853;10971
0;1741105635943;9110
3;1741105640829;10972
0;1741105641053;9111
3;1741105645853;10973
0;1741105645943;9112
3;1741105650888;10974
0;1741105651286;9113
3;1741105655878;10975
0;1741105655989;9114
3;1741105660842;10976
0;1741105660901;9115
3;1741105665836;10977
0;1741105666336;9116
3;1741105670870;10978
0;1741105671204;9117
3;1741105675836;10979
0;1741105675873;9118
3;1741105680858;10980
0;1741105680987;9119
3;1741105685882;10981
0;1741105686003;9120
3;1741105690978;10982
0;1741105691172;9121
3;1741105695868;10983
0;1741105695905;9122
3;1741105700872;10984
0;1741105700963;9123
3;1741105705881;10985
0;1741105705894;9124
3;1741105710866;10986
0;1741105710946;9125
3;1741105715875;10987
0;1741105715983;9126
3;1741105720841;10988
0;1741105720913;9127
3;1741105725832;10989
0;1741105726018;9128
3;1741105730899;10990
0;1741105730977;9129
3;1741105735895;10991
0;1741105736045;9130
3;1741105740930;10992
0;1741105740992;9131
3;1741105745846;10993
0;1741105745972;9132
3;1741105750853;10994
0;1741105751240;9133
3;1741105755845;10995
0;1741105755906;9134
3;1741105760837;10996
0;1741105760911;9135
0;1741105765871;9136
3;1741105765884;10997
3;1741105770868;10998
0;1741105770879;9137
3;1741105775828;10999
0;1741105775984;9138
3;1741105780868;11000
0;1741105781022;9139
3;1741105785935;11001
0;1741105786045;9140
3;1741105790868;11002
0;1741105790973;9141
3;1741105795918;11003
0;1741105795986;9142
3;1741105800867;11004
0;1741105800883;9143
3;1741105805850;11005
0;1741105805964;9144
3;1741105810880;11006
0;1741105811131;9145
3;1741105815892;11007
0;1741105815924;9146
3;1741105820961;11008
0;1741105821084;9147
3;1741105825841;11009
0;1741105826251;9148
3;1741105830874;11010
0;1741105830894;9149
3;1741105835874;11011
0;1741105835914;9150
3;1741105840912;11012
0;1741105841242;9151
3;1741105845887;11013
0;1741105845925;9152
3;1741105850864;11014
3;1741105855839;11015
3;1741105860848;11016
3;1741105865850;11017
3;1741105870831;11018
3;1741105875838;11019
3;1741105880846;11020
3;1741105885838;11021
3;1741105890829;11022
3;1741105895836;11023
3;1741105900829;11024
3;1741105905852;11025
3;1741105910844;11026
3;1741105915867;11027
3;1741105920869;11028
3;1741105925834;11029
3;1741105930892;11030
3;1741105935835;11031
3;1741105940826;11032
3;1741105945850;11033
3;1741105950857;11034
3;1741105955854;11035
3;1741105960840;11036
3;1741105965851;11037
3;1741105970841;11038
3;1741105975848;11039
3;1741105980887;11040
3;1741105985894;11041
3;1741105990838;11042
3;1741105995880;11043
3;1741106000838;11044
3;1741106005910;11045
3;1741106010885;11046
3;1741106015828;11047
3;1741106020837;11048
3;1741106025828;11049
3;1741106030836;11050
3;1741106035827;11051
3;1741106040866;11052
3;1741106045904;11053
3;1741106050849;11054
3;1741106055861;11055
3;1741106060833;11056
3;1741106065841;11057
3;1741106070833;11058
3;1741106075840;11059
3;1741106080832;11060
3;1741106085888;11061
3;1741106090832;11062
3;1741106095840;11063
3;1741106100847;11064
3;1741106105839;11065
3;1741106113049;11066
3;1741106115840;11067
3;1741106120847;11068
3;1741106125895;11069
3;1741106130845;11070
3;1741106135853;11071
3;1741106140844;11072
3;1741106145837;11073
3;1741106150844;11074
3;1741106155851;11075
3;1741106160909;11076
3;1741106165850;11077
3;1741106170842;11078
3;1741106175835;11079
3;1741106180842;11080
3;1741106185835;11081
3;1741106190840;11082
3;1741106195906;11083
3;1741106200841;11084
3;1741106205847;11085
3;1741106210840;11086
3;1741106215847;11087
3;1741106220870;11088
3;1741106225831;11089
3;1741106230862;11090
3;1741106235863;11091
3;1741106240869;11092
3;1741106245830;11093
3;1741106250838;11094
3;1741106255829;11095
3;1741106260851;11096
3;1741106265883;11097
3;1741106270836;11098
3;1741106275889;11099
3;1741106280833;11100
3;1741106285927;11101
3;1741106290834;11102
3;1741106295840;11103
3;1741106300832;11104
3;1741106305841;11105
3;1741106310847;11106
3;1741106315838;11107
3;1741106320845;11108
3;1741106325872;11109
3;1741106330830;11110
3;1741106335853;11111
3;1741106340829;11112
3;1741106345837;11113
3;1741106350829;11114
3;1741106355878;11115
3;1741106360828;11116
3;1741106365835;11117
3;1741106370842;11118
3;1741106375850;11119
3;1741106380841;11120
3;1741106385850;11121
3;1741106390842;11122
3;1741106395849;11123
3;1741106400882;11124
3;1741106405850;11125
3;1741106410857;11126
3;1741106415848;11127
3;1741106420869;11128
3;1741106425832;11129
3;1741106430882;11130
3;1741106435893;11131
3;1741106440839;11132
3;1741106445846;11133
3;1741106450887;11134
3;1741106455830;11135
3;1741106460837;11136
3;1741106465846;11137
3;1741106470837;11138
3;1741106475844;11139
3;1741106480853;11140
3;1741106485829;11141
3;1741106490851;11142
3;1741106495876;11143
0;1741106495977;9153
3;1741106500850;11144
0;1741106500889;9154
3;1741106505842;11145
0;1741106505920;9155
3;1741106510907;11146
0;1741106511084;9156
3;1741106515929;11147
0;1741106518754;9157
3;1741106520881;11148
0;1741106521163;9158
3;1741106525873;11149
0;1741106526123;9159
3;1741106530849;11150
0;1741106531019;9160
3;1741106535872;11151
0;1741106535962;9161
3;1741106540848;11152
0;1741106540958;9162
3;1741106545841;11153
0;1741106546010;9163
3;1741106550864;11154
0;1741106551162;9164
3;1741106555884;11155
0;1741106555913;9165
3;1741106560866;11156
0;1741106563209;9166
3;1741106565839;11157
0;1741106565864;9167
3;1741106570891;11158
0;1741106571080;9168
3;1741106575894;11159
0;1741106576024;9169
3;1741106580877;11160
0;1741106581080;9170
3;1741106585910;11161
0;1741106585943;9171
3;1741106590828;11162
0;1741106591143;9172
3;1741106595838;11163
0;1741106595879;9173
3;1741106600844;11164
0;1741106600982;9174
3;1741106605895;11165
0;1741106606038;9175
3;1741106610939;11166
0;1741106611043;9176
3;1741106615836;11167
0;1741106615973;9177
3;1741106620843;11168
0;1741106621061;9178
3;1741106625836;11169
0;1741106625921;9179
3;1741106630843;11170
0;1741106631104;9180
3;1741106635866;11171
0;1741106636052;9181
3;1741106640874;11172
0;1741106640927;9182
3;1741106645866;11173
0;1741106646043;9183
3;1741106650841;11174
0;1741106651043;9184
3;1741106655891;11175
0;1741106655917;9185
3;1741106660984;11176
0;1741106661123;9186
3;1741106665910;11177
0;1741106665950;9187
3;1741106670871;11178
0;1741106670976;9188
3;1741106675846;11179
0;1741106676105;9189
3;1741106680869;11180
0;1741106681198;9190
3;1741106685875;11181
0;1741106685885;9191
0;1741106690861;9192
3;1741106690874;11182
3;1741106695875;11183
0;1741106695917;9193
3;1741106700880;11184
0;1741106700924;9194
3;1741106705889;11185
0;1741106705978;9195
3;1741106710905;11186
0;1741106711013;9196
0;1741106715893;9197
3;1741106715906;11187
3;1741106720852;11188
0;1741106720891;9198
3;1741106725878;11189
0;1741106726283;9199
3;1741106730882;11190
0;1741106733882;9200
3;1741106735898;11191
0;1741106736203;9201
3;1741106740879;11192
0;1741106741098;9202
0;1741106745866;9203
3;1741106745878;11193
3;1741106750912;11194
0;1741106750949;9204
3;1741106755865;11195
0;1741106756261;9205
3;1741106760906;11196
0;1741106760968;9206
0;1741106765880;9207
3;1741106765891;11197
3;1741106770847;11198
0;1741106770920;9208
3;1741106775916;11199
0;1741106775960;9209
3;1741106780878;11200
0;1741106780907;9210
3;1741106785913;11201
0;1741106785973;9211
3;1741106790875;11202
0;1741106790913;9212
3;1741106795943;11203
0;1741106796068;9213
3;1741106800846;11204
0;1741106800932;9214
3;1741106805905;11205
0;1741106805988;9215
3;1741106810858;11206
0;1741106810948;9216
3;1741106815833;11207
0;1741106815923;9217
3;1741106820915;11208
0;1741106820969;9218
3;1741106825865;11209
0;1741106825906;9219
3;1741106830840;11210
0;1741106830872;9220
3;1741106835847;11211
0;1741106836114;9221
3;1741106840887;11212
0;1741106841250;9222
3;1741106845847;11213
0;1741106845876;9223
3;1741106850871;11214
0;1741106850961;9224
3;1741106855849;11215
0;1741106855925;9225
3;1741106860837;11216
0;1741106860960;9226
3;1741106865897;11217
0;1741106865936;9227
3;1741106870870;11218
0;1741106870960;9228
3;1741106875863;11219
0;1741106876153;9229
3;1741106880870;11220
0;1741106880934;9230
3;1741106885845;11221
0;1741106885879;9231
3;1741106890870;11222
0;1741106890965;9232
3;1741106895861;11223
0;1741106895873;9233
3;1741106900869;11224
0;1741106901033;9234
3;1741106905876;11225
0;1741106905950;9235
3;1741106910884;11226
0;1741106910989;9236
3;1741106915827;11227
0;1741106916093;9237
3;1741106920866;11228
0;1741106921117;9238
3;1741106925843;11229
0;1741106925932;9239
3;1741106930835;11230
0;1741106931100;9240
3;1741106935860;11231
0;1741106935916;9241
3;1741106940849;11232
0;1741106940907;9242
3;1741106945872;11233
0;1741106945899;9243
3;1741106950849;11234
0;1741106951035;9244
3;1741106955857;11235
0;1741106955958;9245
3;1741106960864;11236
0;1741106960922;9246
3;1741106965856;11237
0;1741106965867;9247
3;1741106970904;11238
0;1741106970945;9248
3;1741106975840;11239
0;1741106975893;9249
3;1741106980879;11240
0;1741106980937;9250
3;1741106985855;11241
0;1741106985921;9251
0;1741106990873;9252
3;1741106990884;11242
3;1741106995870;11243
0;1741106995919;9253
3;1741107000872;11244
0;1741107000920;9254
3;1741107005838;11245
0;1741107005879;9255
3;1741107010844;11246
0;1741107010983;9256
3;1741107015854;11247
0;1741107015916;9257
0;1741107020903;9258
3;1741107020913;11248
3;1741107025868;11249
0;1741107025926;9259
3;1741107030844;11250
0;1741107030916;9260
3;1741107035868;11251
0;1741107035910;9261
3;1741107040860;11252
0;1741107040977;9262
3;1741107045835;11253
0;1741107046086;9263
0;1741107050869;9264
3;1741107050881;11254
3;1741107055867;11255
0;1741107055908;9265
3;1741107060883;11256
0;1741107060893;9266
3;1741107065882;11257
0;1741107065893;9267
3;1741107070874;11258
0;1741107070933;9268
3;1741107075866;11259
0;1741107076003;9269
3;1741107080881;11260
0;1741107081043;9270
3;1741107085897;11261
0;1741107085933;9271
3;1741107090898;11262
0;1741107090930;9272
3;1741107095864;11263
0;1741107095938;9273
3;1741107100889;11264
0;1741107101154;9274
3;1741107105848;11265
0;1741107105933;9275
3;1741107110872;11266
0;1741107110945;9276
3;1741107115832;11267
0;1741107115905;9277
3;1741107120870;11268
0;1741107120923;9278
3;1741107125871;11269
0;1741107126031;9279
3;1741107130879;11270
0;1741107130978;9280
3;1741107135844;11271
0;1741107136079;9281
3;1741107140867;11272
0;1741107141086;9282
3;1741107145907;11273
0;1741107146096;9283
3;1741107150867;11274
0;1741107150893;9284
3;1741107155873;11275
0;1741107155901;9285
3;1741107160897;11276
0;1741107161085;9286
0;1741107165901;9287
3;1741107165909;11277
3;1741107170927;11278
0;1741107171037;9288
3;1741107175843;11279
0;1741107176124;9289
3;1741107180866;11280
0;1741107180924;9290
3;1741107185841;11281
0;1741107185921;9291
3;1741107190865;11282
0;1741107190949;9292
3;1741107195857;11283
0;1741107195915;9293
3;1741107200894;11284
0;1741107200971;9294
3;1741107205871;11285
0;1741107205914;9295
3;1741107210874;11286
0;1741107210922;9296
3;1741107215872;11287
0;1741107215946;9297
3;1741107220849;11288
0;1741107220945;9298
3;1741107225903;11289
0;1741107226233;9299
3;1741107230848;11290
0;1741107230921;9300
3;1741107235902;11291
0;1741107235928;9301
3;1741107240847;11292
0;1741107241080;9302
3;1741107245854;11293
0;1741107246248;9303
0;1741107250872;9304
3;1741107250884;11294
3;1741107255864;11295
0;1741107255911;9305
3;1741107260878;11296
0;1741107260945;9306
3;1741107265869;11297
0;1741107268704;9307
3;1741107270844;11298
0;1741107270971;9308
3;1741107275908;11299
0;1741107275958;9309
3;1741107280843;11300
0;1741107280915;9310
3;1741107285866;11301
0;1741107285928;9311
3;1741107290843;11302
0;1741107290918;9312
3;1741107295837;11303
0;1741107295926;9313
3;1741107300858;11304
0;1741107301028;9314
3;1741107305927;11305
0;1741107306221;9315
3;1741107310861;11306
0;1741107310948;9316
3;1741107315851;11307
0;1741107316004;9317
3;1741107320872;11308
0;1741107320912;9318
3;1741107325881;11309
0;1741107325939;9319
0;1741107330898;9320
3;1741107330910;11310
3;1741107335892;11311
0;1741107336045;9321
3;1741107340876;11312
0;1741107340934;9322
3;1741107345853;11313
0;1741107346114;9323
3;1741107350867;11314
0;1741107351338;9324
3;1741107355926;11315
0;1741107355953;9325
3;1741107360870;11316
0;1741107360913;9326
3;1741107365908;11317
0;1741107365968;9327
3;1741107370841;11318
0;1741107370912;9328
3;1741107375902;11319
0;1741107375924;9329
3;1741107380870;11320
0;1741107380960;9330
0;1741107385888;9331
3;1741107385900;11321
3;1741107390853;11322
0;1741107390945;9332
0;1741107395870;9333
3;1741107395879;11323
3;1741107400869;11324
0;1741107400968;9334
3;1741107405854;11325
0;1741107405902;9335
3;1741107410911;11326
0;1741107411006;9336
3;1741107415844;11327
0;1741107415998;9337
3;1741107420851;11328
0;1741107421053;9338
3;1741107425871;11329
0;1741107425933;9339
3;1741107430881;11330
0;1741107430977;9340
3;1741107435842;11331
0;1741107435877;9341
3;1741107440866;11332
0;1741107440939;9342
3;1741107445881;11333
0;1741107445948;9343
3;1741107450865;11334
0;1741107451003;9344
3;1741107455874;11335
0;1741107455891;9345
3;1741107460865;11336
0;1741107460879;9346
3;1741107465840;11337
0;1741107465975;9347
3;1741107470924;11338
0;1741107470977;9348
3;1741107475869;11339
0;1741107475905;9349
3;1741107480894;11340
0;1741107481143;9350
3;1741107486956;11341
0;1741107487032;9351
3;1741107490877;11342
0;1741107490903;9352
3;1741107495878;11343
0;1741107496071;9353
3;1741107500903;11344
0;1741107500950;9354
3;1741107505884;11345
0;1741107505942;9355
3;1741107510891;11346
0;1741107510918;9356
3;1741107515883;11347
0;1741107515921;9357
3;1741107520876;11348
0;1741107520917;9358
3;1741107525835;11349
0;1741107526005;9359
3;1741107530859;11350
0;1741107530937;9360
3;1741107535866;11351
0;1741107536020;9361
3;1741107540898;11352
0;1741107540931;9362
3;1741107545850;11353
0;1741107545931;9363
3;1741107550873;11354
0;1741107550946;9364
3;1741107555880;11355
0;1741107556146;9365
3;1741107560855;11356
0;1741107560900;9366
3;1741107565880;11357
0;1741107565912;9367
3;1741107570898;11358
0;1741107570965;9368
3;1741107575906;11359
0;1741107576000;9369
3;1741107580878;11360
0;1741107581090;9370
3;1741107585862;11361
0;1741107586425;9371
3;1741107590854;11362
0;1741107591015;9372
3;1741107595831;11363
0;1741107595936;9373
3;1741107600854;11364
0;1741107600943;9374
3;1741107605862;11365
0;1741107608713;9375
3;1741107610835;11366
0;1741107611097;9376
0;1741107615897;9377
3;1741107615915;11367
3;1741107620912;11368
0;1741107620926;9378
3;1741107625876;11369
0;1741107625934;9379
3;1741107630910;11370
0;1741107630989;9380
3;1741107635872;11371
0;1741107635929;9381
3;1741107640877;11372
0;1741107640909;9382
3;1741107645826;11373
0;1741107645980;9383
3;1741107650898;11374
0;1741107650971;9384
3;1741107655872;11375
0;1741107655945;9385
3;1741107660865;11376
0;1741107660922;9386
3;1741107665841;11377
0;1741107665931;9387
3;1741107670881;11378
0;1741107670951;9388
3;1741107675839;11379
0;1741107675946;9389
3;1741107680858;11380
0;1741107681162;9390
3;1741107685887;11381
0;1741107686021;9391
3;1741107690832;11382
0;1741107691018;9392
3;1741107695870;11383
0;1741107695985;9393
3;1741107700875;11384
0;1741107700935;9394
3;1741107705869;11385
0;1741107705926;9395
3;1741107710843;11386
0;1741107711366;9396
3;1741107715867;11387
0;1741107715933;9397
3;1741107720875;11388
0;1741107720918;9398
3;1741107725835;11389
0;1741107725934;9399
3;1741107730846;11390
0;1741107733221;9400
3;1741107735849;11391
0;1741107736037;9401
3;1741107740858;11392
0;1741107740932;9402
3;1741107745897;11393
0;1741107746068;9403
3;1741107750859;11394
0;1741107750932;9404
0;1741107755869;9405
3;1741107755881;11395
3;1741107760841;11396
0;1741107760995;9406
3;1741107765953;11397
0;1741107766010;9407
3;1741107770873;11398
0;1741107770931;9408
3;1741107775878;11399
0;1741107775949;9409
3;1741107780871;11400
0;1741107781025;9410
3;1741107785897;11401
0;1741107785941;9411
3;1741107790853;11402
0;1741107790928;9412
3;1741107795845;11403
0;1741107796112;9413
3;1741107800885;11404
0;1741107800914;9414
3;1741107805877;11405
0;1741107805887;9415
3;1741107810884;11406
0;1741107810911;9416
0;1741107815871;9417
3;1741107815880;11407
3;1741107820867;11408
0;1741107820926;9418
3;1741107825887;11409
0;1741107825934;9419
3;1741107830885;11410
0;1741107831023;9420
3;1741107835866;11411
0;1741107835905;9421
3;1741107840868;11412
0;1741107840941;9422
3;1741107845876;11413
0;1741107845901;9423
3;1741107850910;11414
0;1741107851214;9424
3;1741107855826;11415
0;1741107856064;9425
3;1741107860849;11416
0;1741107861068;9426
0;1741107865893;9427
3;1741107865905;11417
3;1741107870895;11418
0;1741107870939;9428
3;1741107875867;11419
0;1741107875964;9429
3;1741107880922;11420
0;1741107880938;9430
3;1741107885899;11421
0;1741107885914;9431
3;1741107890879;11422
0;1741107891146;9432
3;1741107895868;11423
0;1741107898688;9433
3;1741107900896;11424
0;1741107900933;9434
3;1741107905885;11425
0;1741107905929;9435
3;1741107910907;11426
0;1741107910956;9436
3;1741107915872;11427
0;1741107915910;9437
3;1741107920875;11428
0;1741107921126;9438
3;1741107925971;11429
0;1741107926294;9439
3;1741107930843;11430
0;1741107930918;9440
3;1741107935836;11431
0;1741107935917;9441
3;1741107940905;11432
0;1741107940940;9442
3;1741107945865;11433
0;1741107945939;9443
3;1741107950906;11434
0;1741107951005;9444
3;1741107955879;11435
0;1741107955954;9445
3;1741107960872;11436
0;1741107961008;9446
3;1741107965894;11437
0;1741107966129;9447
3;1741107970870;11438
0;1741107970879;9448
3;1741107975832;11439
0;1741107975969;9449
3;1741107980870;11440
0;1741107980918;9450
3;1741107985863;11441
0;1741107985905;9451
3;1741107990854;11442
0;1741107991073;9452
3;1741107995876;11443
0;1741107995920;9453
3;1741108000869;11444
0;1741108000943;9454
3;1741108005894;11445
0;1741108005967;9455
3;1741108010852;11446
0;1741108010918;9456
3;1741108015875;11447
0;1741108015934;9457
3;1741108020868;11448
0;1741108020880;9458
3;1741108025858;11449
0;1741108025934;9459
3;1741108030898;11450
0;1741108030953;9460
3;1741108035859;11451
0;1741108036142;9461
3;1741108040834;11452
0;1741108041069;9462
3;1741108045857;11453
0;1741108045899;9463
3;1741108050865;11454
0;1741108051051;9464
3;1741108055841;11455
0;1741108055995;9465
3;1741108060849;11456
0;1741108060966;9466
3;1741108065840;11457
0;1741108065941;9467
3;1741108070912;11458
0;1741108070989;9468
3;1741108075881;11459
0;1741108075923;9469
3;1741108080870;11460
0;1741108080937;9470
3;1741108085930;11461
0;1741108086057;9471
3;1741108090878;11462
0;1741108090974;9472
3;1741108095843;11463
0;1741108096108;9473
3;1741108100881;11464
0;1741108100912;9474
3;1741108105901;11465
0;1741108105992;9475
3;1741108110832;11466
0;1741108111050;9476
3;1741108115836;11467
3;1741108120847;11468
3;1741108125836;11469
3;1741108130847;11470
3;1741108135837;11471
3;1741108140843;11472
3;1741108145852;11473
3;1741108150827;11474
3;1741108155911;11475
3;1741108160827;11476
3;1741108165834;11477
3;1741108170868;11478
3;1741108175847;11479
3;1741108180841;11480
3;1741108185848;11481
3;1741108190840;11482
3;1741108195848;11483
3;1741108200865;11484
3;1741108205848;11485
3;1741108210839;11486
3;1741108215847;11487
3;1741108220841;11488
3;1741108225846;11489
3;1741108230838;11490
3;1741108235846;11491
3;1741108240838;11492
3;1741108245845;11493
3;1741108250837;11494
3;1741108255829;11495
3;1741108260836;11496
3;1741108265829;11497
3;1741108270851;11498
3;1741108275828;11499
3;1741108280834;11500
3;1741108285858;11501
3;1741108290850;11502
3;1741108295842;11503
3;1741108300853;11504
3;1741108305899;11505
3;1741108310848;11506
3;1741108315846;11507
3;1741108320847;11508
3;1741108325840;11509
3;1741108330847;11510
3;1741108335838;11511
3;1741108340832;11512
3;1741108345838;11513
3;1741108350831;11514
3;1741108355876;11515
3;1741108360893;11516
3;1741108365837;11517
3;1741108370845;11518
3;1741108375852;11519
3;1741108380843;11520
3;1741108385911;11521
3;1741108390841;11522
3;1741108395849;11523
3;1741108400841;11524
3;1741108405864;11525
3;1741108410841;11526
3;1741108415879;11527
3;1741108420838;11528
3;1741108425845;11529
3;1741108430838;11530
3;1741108435845;11531
3;1741108440837;11532
3;1741108445850;11533
3;1741108450854;11534
3;1741108455861;11535
3;1741108460851;11536
3;1741108465844;11537
3;1741108470867;11538
3;1741108475842;11539
3;1741108480834;11540
3;1741108485841;11541
3;1741108490848;11542
3;1741108495857;11543
3;1741108500832;11544
3;1741108505842;11545
3;1741108510878;11546
3;1741108515841;11547
3;1741108520906;11548
3;1741108525878;11549
3;1741108530831;11550
3;1741108535837;11551
3;1741108540830;11552
3;1741108545837;11553
3;1741108550845;11554
3;1741108555837;11555
3;1741108560843;11556
3;1741108565852;11557
3;1741108570871;11558
3;1741108575834;11559
3;1741108580887;11560
3;1741108585835;11561
3;1741108590841;11562
3;1741108595849;11563
3;1741108600841;11564
3;1741108605847;11565
3;1741108610858;11566
3;1741108615895;11567
3;1741108620838;11568
3;1741108625846;11569
3;1741108630885;11570
3;1741108635846;11571
3;1741108640854;11572
3;1741108645877;11573
3;1741108650869;11574
3;1741108655845;11575
3;1741108660836;11576
3;1741108665843;11577
3;1741108670851;11578
3;1741108675828;11579
3;1741108680851;11580
3;1741108685843;11581
3;1741108690850;11582
3;1741108695827;11583
3;1741108700867;11584
3;1741108705826;11585
3;1741108710890;11586
3;1741108715873;11587
3;1741108720832;11588
3;1741108725840;11589
3;1741108730849;11590
3;1741108735899;11591
3;1741108740845;11592
3;1741108745837;11593
3;1741108750829;11594
3;1741108755837;11595
3;1741108760850;11596
3;1741108765879;11597
3;1741108770843;11598
3;1741108775852;11599
3;1741108780906;11600
3;1741108785853;11601
3;1741108790843;11602
3;1741108795849;11603
3;1741108800826;11604
3;1741108805835;11605
3;1741108810856;11606
3;1741108815848;11607
3;1741108820859;11608
3;1741108825851;11609
3;1741108830838;11610
3;1741108835829;11611
3;1741108840926;11612
3;1741108845844;11613
3;1741108850896;11614
3;1741108855845;11615
3;1741108861145;11616
3;1741108865865;11617
3;1741108870850;11618
3;1741108875827;11619
3;1741108880835;11620
3;1741108885869;11621
3;1741108890847;11622
3;1741108895838;11623
3;1741108900831;11624
3;1741108905838;11625
3;1741108910846;11626
3;1741108915887;11627
3;1741108920845;11628
3;1741108925871;11629
3;1741108930844;11630
3;1741108935837;11631
3;1741108940917;11632
3;1741108945835;11633
3;1741108950843;11634
3;1741108955851;11635
3;1741108960925;11636
3;1741108965867;11637
3;1741108970841;11638
3;1741108975889;11639
3;1741108980856;11640
3;1741108985833;11641
3;1741108990841;11642
3;1741108995848;11643
3;1741109000871;11644
3;1741109005831;11645
3;1741109010839;11646
3;1741109015861;11647
3;1741109020862;11648
3;1741109025846;11649
3;1741109030837;11650
3;1741109035844;11651
3;1741109040837;11652
3;1741109045862;11653
3;1741109050853;11654
3;1741109055843;11655
3;1741109060851;11656
3;1741109065875;11657
3;1741109070851;11658
3;1741109075842;11659
3;1741109080866;11660
3;1741109085898;11661
3;1741109090866;11662
3;1741109095841;11663
3;1741109100847;11664
3;1741109105841;11665
3;1741109110848;11666
3;1741109115856;11667
3;1741109120900;11668
3;1741109125838;11669
3;1741109130876;11670
3;1741109135839;11671
3;1741109140830;11672
3;1741109155852;11673
3;1741109155933;11674
3;1741109160846;11675
3;1741109165852;11676
3;1741109170903;11677
3;1741109175851;11678
3;1741109180826;11679
3;1741109185849;11680
3;1741109190841;11681
3;1741109195848;11682
3;1741109200842;11683
3;1741109205848;11684
3;1741109210839;11685
3;1741109215847;11686
3;1741109220840;11687
3;1741109225873;11688
3;1741109230838;11689
3;1741109235845;11690
3;1741109240869;11691
3;1741109245861;11692
3;1741109250837;11693
3;1741109255844;11694
3;1741109260853;11695
3;1741109265886;11696
3;1741109270852;11697
3;1741109275886;11698
3;1741109280868;11699
3;1741109285843;11700
3;1741109290835;11701
3;1741109295842;11702
3;1741109300835;11703
3;1741109305867;11704
3;1741109310832;11705
3;1741109315839;11706
3;1741109320847;11707
3;1741109325839;11708
3;1741109330846;11709
3;1741109335862;11710
3;1741109340845;11711
3;1741109345863;11712
3;1741109350844;11713
3;1741109355869;11714
3;1741109360843;11715
3;1741109365851;11716
3;1741109370827;11717
3;1741109375887;11718
3;1741109380870;11719
3;1741109385835;11720
3;1741109390841;11721
3;1741109395830;11722
3;1741109400910;11723
3;1741109405845;11724
3;1741109410839;11725
3;1741109415829;11726
3;1741109420885;11727
3;1741109425828;11728
3;1741109430834;11729
3;1741109435842;11730
3;1741109440849;11731
3;1741109445841;11732
3;1741109450880;11733
3;1741109455839;11734
3;1741109460832;11735
3;1741109465897;11736
3;1741109470878;11737
3;1741109475839;11738
3;1741109480848;11739
3;1741109485845;11740
3;1741109490863;11741
3;1741109495854;11742
3;1741109500830;11743
3;1741109505862;11744
3;1741109510845;11745
3;1741109515837;11746
3;1741109520887;11747
3;1741109525880;11748
3;1741109530843;11749
3;1741109535837;11750
3;1741109540829;11751
3;1741109545900;11752
3;1741109550903;11753
3;1741109555855;11754
3;1741109560842;11755
3;1741109565850;11756
3;1741109570840;11757
3;1741109575848;11758
3;1741109580841;11759
3;1741109585849;11760
3;1741109590839;11761
3;1741109595848;11762
3;1741109600839;11763
3;1741109605848;11764
3;1741109610847;11765
3;1741109615831;11766
3;1741109620839;11767
3;1741109625847;11768
3;1741109630839;11769
3;1741109635831;11770
3;1741109640838;11771
3;1741109645829;11772
3;1741109650837;11773
3;1741109655861;11774
3;1741109660852;11775
3;1741109665829;11776
3;1741109670851;11777
3;1741109675843;11778
3;1741109680836;11779
3;1741109685843;11780
3;1741109690834;11781
3;1741109695841;11782
3;1741109700850;11783
3;1741109705842;11784
3;1741109710851;11785
3;1741109715868;11786
3;1741109720850;11787
3;1741109725872;11788
3;1741109730832;11789
3;1741109735840;11790
3;1741109740847;11791
3;1741109745839;11792
3;1741109750847;11793
3;1741109755870;11794
3;1741109760845;11795
3;1741109765889;11796
3;1741109770844;11797
3;1741109775883;11798
3;1741109780854;11799
3;1741109785835;11800
3;1741109790828;11801
3;1741109795851;11802
3;1741109800843;11803
3;1741109805850;11804
3;1741109810826;11805
3;1741109815892;11806
3;1741109820842;11807
3;1741109825898;11808
3;1741109830857;11809
3;1741109835847;11810
3;1741109840866;11811
3;1741109845847;11812
3;1741109850836;11813
3;1741109855843;11814
3;1741109860854;11815
3;1741109865845;11816
3;1741109870836;11817
3;1741109875828;11818
3;1741109880852;11819
3;1741109885843;11820
3;1741109890866;11821
3;1741109895843;11822
3;1741109900851;11823
3;1741109905841;11824
3;1741109910849;11825
3;1741109915842;11826
3;1741109920869;11827
3;1741109925872;11828
3;1741109930848;11829
3;1741109935839;11830
3;1741109940849;11831
3;1741109945869;11832
3;1741109950833;11833
3;1741109955839;11834
3;1741109960878;11835
3;1741109965863;11836
3;1741109970845;11837
3;1741109975836;11838
3;1741109980844;11839
3;1741109985853;11840
3;1741109990829;11841
3;1741109995851;11842
3;1741110000843;11843
3;1741110005853;11844
3;1741110010860;11845
3;1741110015853;11846
3;1741110020872;11847
3;1741110025850;11848
3;1741110030841;11849
3;1741110035848;11850
3;1741110040883;11851
3;1741110045832;11852
3;1741110050871;11853
3;1741110055848;11854
3;1741110060870;11855
3;1741110065830;11856
3;1741110070836;11857
3;1741110075845;11858
3;1741110080836;11859
3;1741110085844;11860
3;1741110090852;11861
3;1741110095828;11862
3;1741110100867;11863
3;1741110105843;11864
3;1741110110882;11865
3;1741110115871;11866
3;1741110120850;11867
3;1741110125868;11868
3;1741110130849;11869
3;1741110135843;11870
3;1741110140831;11871
3;1741110145838;11872
3;1741110150845;11873
3;1741110155836;11874
3;1741110160845;11875
3;1741110165853;11876
3;1741110170877;11877
3;1741110175852;11878
3;1741110180860;11879
3;1741110185851;11880
3;1741110190843;11881
3;1741110195852;11882
3;1741110200843;11883
3;1741110205881;11884
3;1741110210858;11885
3;1741110215833;11886
3;1741110220842;11887
3;1741110225832;11888
3;1741110230867;11889
3;1741110235849;11890
3;1741110240839;11891
3;1741110245847;11892
3;1741110250841;11893
3;1741110255876;11894
3;1741110260838;11895
3;1741110265846;11896
3;1741110270838;11897
3;1741110275845;11898
3;1741110280853;11899
3;1741110285846;11900
3;1741110290836;11901
3;1741110295830;11902
3;1741110300837;11903
3;1741110305845;11904
3;1741110310850;11905
3;1741110315843;11906
3;1741110320833;11907
3;1741110325861;11908
3;1741110330850;11909
3;1741110335841;11910
3;1741110340907;11911
3;1741110345873;11912
3;1741110350833;11913
3;1741110355840;11914
3;1741110360847;11915
3;1741110365868;11916
3;1741110370879;11917
3;1741110375838;11918
3;1741110380846;11919
3;1741110385854;11920
3;1741110390831;11921
3;1741110395858;11922
3;1741110400880;11923
3;1741110405853;11924
3;1741110410845;11925
3;1741110415836;11926
3;1741110420876;11927
3;1741110425851;11928
3;1741110430843;11929
3;1741110435851;11930
3;1741110440827;11931
3;1741110445848;11932
3;1741110450838;11933
3;1741110455830;11934
3;1741110460837;11935
3;1741110465861;11936
3;1741110470837;11937
3;1741110475845;11938
3;1741110480851;11939
3;1741110485875;11940
3;1741110490850;11941
3;1741110495902;11942
3;1741110500850;11943
3;1741110505890;11944
3;1741110510849;11945
3;1741110516002;11946
3;1741110520850;11947
3;1741110525857;11948
3;1741110530833;11949
3;1741110535849;11950
3;1741110540847;11951
3;1741110545838;11952
3;1741110550844;11953
3;1741110555838;11954
3;1741110560843;11955
3;1741110565851;11956
3;1741110570828;11957
3;1741110575836;11958
3;1741110580843;11959
3;1741110585850;11960
3;1741110590842;11961
3;1741110595890;11962
3;1741110600841;11963
3;1741110605834;11964
3;1741110610841;11965
3;1741110615880;11966
3;1741110620840;11967
3;1741110625847;11968
3;1741110630849;11969
3;1741110635875;11970
3;1741110640847;11971
3;1741110645846;11972
3;1741110650839;11973
3;1741110655846;11974
3;1741110660841;11975
3;1741110665829;11976
3;1741110670836;11977
3;1741110675845;11978
3;1741110680838;11979
3;1741110685843;11980
3;1741110690853;11981
3;1741110695843;11982
3;1741110700835;11983
3;1741110705841;11984
3;1741110710881;11985
3;1741110715841;11986
3;1741110720848;11987
3;1741110725840;11988
3;1741110730848;11989
3;1741110735840;11990
3;1741110740894;11991
3;1741110745838;11992
3;1741110750847;11993
3;1741110755877;11994
3;1741110760844;11995
3;1741110765836;11996
3;1741110770842;11997
3;1741110775834;11998
3;1741110780841;11999
3;1741110785834;12000
3;1741110790845;12001
3;1741110795847;12002
3;1741110800840;12003
3;1741110805832;12004
3;1741110810914;12005
3;1741110815830;12006
3;1741110820841;12007
3;1741110825903;12008
3;1741110830850;12009
3;1741110835827;12010
3;1741110840835;12011
3;1741110845828;12012
3;1741110850849;12013
3;1741110855866;12014
3;1741110860878;12015
3;1741110865839;12016
3;1741110870833;12017
3;1741110875838;12018
3;1741110880846;12019
3;1741110885839;12020
3;1741110890845;12021
3;1741110895871;12022
3;1741110900846;12023
3;1741110905839;12024
3;1741110910843;12025
3;1741110915849;12026
3;1741110920844;12027
3;1741110925851;12028
3;1741110930828;12029
3;1741110935850;12030
3;1741110940844;12031
3;1741110945849;12032
3;1741110950827;12033
3;1741110955849;12034
3;1741110960853;12035
3;1741110965850;12036
3;1741110970842;12037
3;1741110975907;12038
3;1741110980849;12039
3;1741110985847;12040
3;1741110990839;12041
3;1741110995845;12042
3;1741111000845;12043
3;1741111005959;12044
3;1741111010838;12045
3;1741111015846;12046
3;1741111020854;12047
3;1741111025846;12048
3;1741111030863;12049
3;1741111035845;12050
3;1741111040851;12051
3;1741111045828;12052
3;1741111050868;12053
3;1741111055845;12054
3;1741111060851;12055
3;1741111065828;12056
3;1741111070835;12057
3;1741111075842;12058
3;1741111080850;12059
3;1741111085873;12060
3;1741111090850;12061
3;1741111095873;12062
3;1741111100850;12063
3;1741111105841;12064
3;1741111110849;12065
3;1741111115930;12066
3;1741111120847;12067
3;1741111125837;12068
3;1741111130828;12069
3;1741111135838;12070
3;1741111140844;12071
3;1741111145837;12072
3;1741111150859;12073
0;1741111150970;9477
3;1741111155920;12074
0;1741111158725;9478
3;1741111160903;12075
0;1741111163621;9479
3;1741111165867;12076
0;1741111166101;9480
3;1741111170858;12077
0;1741111170901;9481
3;1741111175881;12078
0;1741111175917;9482
3;1741111180864;12079
0;1741111180932;9483
3;1741111185866;12080
0;1741111186004;9484
3;1741111190842;12081
0;1741111193076;9485
3;1741111195911;12082
0;1741111196259;9486
3;1741111200868;12083
0;1741111201011;9487
3;1741111205862;12084
0;1741111206038;9488
3;1741111210886;12085
0;1741111210942;9489
3;1741111215865;12086
0;1741111215938;9490
3;1741111220895;12087
0;1741111220994;9491
3;1741111225878;12088
0;1741111226145;9492
3;1741111230873;12089
0;1741111230961;9493
3;1741111235863;12090
0;1741111235905;9494
3;1741111240863;12091
0;1741111243768;9495
3;1741111245870;12092
0;1741111246073;9496
3;1741111250879;12093
0;1741111251216;9497
3;1741111255909;12094
0;1741111256304;9498
3;1741111260996;12095
0;1741111261055;9499
3;1741111265877;12096
0;1741111265968;9500
3;1741111270885;12097
0;1741111270930;9501
3;1741111275861;12098
0;1741111276238;9502
3;1741111280850;12099
0;1741111280927;9503
3;1741111285919;12100
0;1741111286094;9504
3;1741111290868;12101
0;1741111290877;9505
3;1741111295826;12102
0;1741111298557;9506
3;1741111300867;12103
0;1741111300920;9507
3;1741111305873;12104
0;1741111306204;9508
3;1741111310834;12105
0;1741111310956;9509
3;1741111315911;12106
0;1741111315980;9510
3;1741111320832;12107
0;1741111322894;9511
3;1741111325872;12108
0;1741111325915;9512
3;1741111330864;12109
0;1741111330901;9513
3;1741111335840;12110
0;1741111335980;9514
3;1741111340911;12111
0;1741111341002;9515
3;1741111345840;12112
0;1741111345930;9516
3;1741111350863;12113
0;1741111350924;9517
3;1741111355896;12114
0;1741111356281;9518
3;1741111360895;12115
0;1741111360937;9519
3;1741111365883;12116
0;1741111368717;9520
3;1741111370862;12117
0;1741111370922;9521
3;1741111375839;12118
0;1741111376001;9522
3;1741111380863;12119
0;1741111380920;9523
3;1741111385869;12120
0;1741111385960;9524
3;1741111390830;12121
0;1741111391319;9525
3;1741111395882;12122
0;1741111395945;9526
3;1741111400860;12123
0;1741111400941;9527
3;1741111405835;12124
0;1741111405916;9528
3;1741111410920;12125
0;1741111410982;9529
3;1741111415867;12126
0;1741111416134;9530
3;1741111420861;12127
0;1741111420981;9531
3;1741111425870;12128
0;1741111425909;9532
0;1741111430869;9533
3;1741111430879;12129
3;1741111435865;12130
0;1741111435949;9534
3;1741111440841;12131
0;1741111440916;9535
3;1741111445865;12132
0;1741111445940;9536
3;1741111450859;12133
0;1741111450996;9537
3;1741111455906;12134
0;1741111458729;9538
3;1741111460842;12135
0;1741111460979;9539
0;1741111465893;9540
3;1741111465904;12136
3;1741111470867;12137
0;1741111470994;9541
3;1741111475864;12138
0;1741111475970;9542
3;1741111480888;12139
0;1741111480946;9543
3;1741111485863;12140
0;1741111485921;9544
3;1741111490870;12141
0;1741111493713;9545
3;1741111495846;12142
0;1741111496081;9546
3;1741111500838;12143
0;1741111501148;9547
3;1741111505877;12144
0;1741111506224;9548
3;1741111510863;12145
0;1741111510928;9549
3;1741111515864;12146
0;1741111515930;9550
3;1741111520886;12147
0;1741111520975;9551
3;1741111525877;12148
0;1741111525940;9552
3;1741111530870;12149
0;1741111530930;9553
3;1741111535849;12150
0;1741111535901;9554
0;1741111540926;9555
3;1741111540937;12151
3;1741111545934;12152
0;1741111546035;9556
3;1741111550900;12153
0;1741111550941;9557
3;1741111555872;12154
0;1741111556000;9558
3;1741111560883;12155
0;1741111560919;9559
0;1741111565891;9560
3;1741111565903;12156
3;1741111570835;12157
0;1741111570924;9561
3;1741111575849;12158
0;1741111575996;9562
3;1741111580849;12159
3;1741111585843;12160
3;1741111590850;12161
3;1741111595841;12162
3;1741111600849;12163
3;1741111605856;12164
3;1741111610848;12165
3;1741111615867;12166
3;1741111620848;12167
3;1741111625838;12168
3;1741111630886;12169
3;1741111635862;12170
3;1741111640845;12171
3;1741111645868;12172
3;1741111650843;12173
3;1741111655854;12174
3;1741111660862;12175
3;1741111665836;12176
3;1741111670874;12177
3;1741111675899;12178
3;1741111680863;12179
3;1741111685833;12180
3;1741111690868;12181
3;1741111695863;12182
3;1741111700854;12183
3;1741111705863;12184
3;1741111710883;12185
3;1741111715918;12186
3;1741111720838;12187
3;1741111725830;12188
3;1741111730838;12189
3;1741111735878;12190
3;1741111740864;12191
3;1741111745876;12192
3;1741111750835;12193
3;1741111755828;12194
3;1741111760851;12195
3;1741111765843;12196
3;1741111770868;12197
3;1741111775842;12198
3;1741111780835;12199
3;1741111785843;12200
3;1741111790850;12201
3;1741111795841;12202
3;1741111800833;12203
3;1741111805840;12204
3;1741111810846;12205
3;1741111815838;12206
3;1741111820847;12207
3;1741111825855;12208
3;1741111830831;12209
3;1741111835847;12210
3;1741111840936;12211
3;1741111845838;12212
3;1741111850846;12213
3;1741111855838;12214
3;1741111860830;12215
3;1741111865837;12216
3;1741111870830;12217
3;1741111875855;12218
3;1741111880844;12219
3;1741111885833;12220
3;1741111890827;12221
3;1741111895834;12222
3;1741111900841;12223
3;1741111905834;12224
3;1741111910858;12225
3;1741111915835;12226
3;1741111920867;12227
3;1741111925848;12228
3;1741111930916;12229
3;1741111935849;12230
3;1741111940877;12231
3;1741111945847;12232
3;1741111950866;12233
3;1741111955868;12234
3;1741111960853;12235
3;1741111965844;12236
3;1741111970868;12237
3;1741111975845;12238
3;1741111980838;12239
3;1741111985967;12240
3;1741111990836;12241
3;1741111995872;12242
3;1741112000836;12243
3;1741112005843;12244
3;1741112010850;12245
3;1741112015867;12246
3;1741112020849;12247
3;1741112025841;12248
3;1741112030848;12249
3;1741112035845;12250
3;1741112040833;12251
3;1741112045840;12252
3;1741112050847;12253
3;1741112055840;12254
3;1741112060846;12255
3;1741112065838;12256
3;1741112070846;12257
3;1741112075853;12258
3;1741112080846;12259
3;1741112085839;12260
3;1741112090845;12261
3;1741112095837;12262
3;1741112100844;12263
3;1741112105853;12264
3;1741112110845;12265
3;1741112115852;12266
3;1741112120893;12267
3;1741112125853;12268
3;1741112130861;12269
3;1741112135835;12270
3;1741112140843;12271
3;1741112145866;12272
3;1741112150840;12273
3;1741112155848;12274
3;1741112160856;12275
3;1741112165832;12276
3;1741112170839;12277
3;1741112175846;12278
3;1741112180863;12279
3;1741112185831;12280
3;1741112190837;12281
3;1741112195844;12282
3;1741112200837;12283
3;1741112205843;12284
3;1741112210852;12285
3;1741112215887;12286
3;1741112220832;12287
3;1741112225840;12288
3;1741112230832;12289
3;1741112235839;12290
3;1741112240910;12291
3;1741112245838;12292
3;1741112250903;12293
3;1741112255854;12294
3;1741112260861;12295
3;1741112265854;12296
3;1741112270843;12297
3;1741112275852;12298
3;1741112280843;12299
3;1741112285850;12300
3;1741112290841;12301
3;1741112295832;12302
3;1741112300839;12303
3;1741112305848;12304
3;1741112310839;12305
3;1741112315867;12306
3;1741112320839;12307
3;1741112325831;12308
3;1741112330838;12309
3;1741112335830;12310
3;1741112340869;12311
3;1741112345844;12312
3;1741112350837;12313
3;1741112355845;12314
3;1741112360836;12315
3;1741112365828;12316
3;1741112370836;12317
3;1741112375826;12318
3;1741112380851;12319
3;1741112385843;12320
3;1741112390851;12321
3;1741112395868;12322
3;1741112400834;12323
3;1741112405869;12324
3;1741112410850;12325
3;1741112415862;12326
3;1741112420834;12327
3;1741112425841;12328
3;1741112430833;12329
3;1741112435841;12330
3;1741112440880;12331
3;1741112445840;12332
3;1741112450831;12333
3;1741112455856;12334
3;1741112460888;12335
3;1741112465838;12336
3;1741112470829;12337
3;1741112475854;12338
3;1741112480845;12339
3;1741112485853;12340
3;1741112490918;12341
3;1741112495868;12342
3;1741112500892;12343
3;1741112505851;12344
3;1741112510843;12345
3;1741112515834;12346
3;1741112520842;12347
3;1741112525865;12348
3;1741112530842;12349
3;1741112535849;12350
3;1741112540841;12351
3;1741112545832;12352
3;1741112550866;12353
3;1741112555872;12354
3;1741112560868;12355
3;1741112565847;12356
3;1741112570840;12357
3;1741112575847;12358
3;1741112580852;12359
3;1741112585831;12360
3;1741112590896;12361
3;1741112595831;12362
3;1741112600838;12363
3;1741112605876;12364
3;1741112610851;12365
3;1741112615843;12366
3;1741112620851;12367
3;1741112625868;12368
3;1741112630835;12369
3;1741112635843;12370
3;1741112640834;12371
3;1741112645871;12372
3;1741112650849;12373
3;1741112655841;12374
3;1741112660833;12375
3;1741112665841;12376
3;1741112670864;12377
3;1741112675839;12378
3;1741112680832;12379
3;1741112685902;12380
3;1741112690879;12381
3;1741112695864;12382
3;1741112700887;12383
3;1741112705884;12384
3;1741112710847;12385
3;1741112715839;12386
3;1741112720833;12387
3;1741112725836;12388
3;1741112730844;12389
3;1741112735835;12390
3;1741112740844;12391
3;1741112745836;12392
3;1741112750908;12393
3;1741112755851;12394
3;1741112760868;12395
3;1741112765882;12396
3;1741112770868;12397
3;1741112775849;12398
3;1741112780843;12399
3;1741112785848;12400
3;1741112790841;12401
3;1741112795848;12402
3;1741112800900;12403
3;1741112805864;12404
3;1741112810840;12405
3;1741112815847;12406
3;1741112820880;12407
3;1741112825846;12408
3;1741112830838;12409
3;1741112835845;12410
3;1741112840868;12411
3;1741112845829;12412
3;1741112850852;12413
3;1741112855864;12414
3;1741112860852;12415
3;1741112865829;12416
3;1741112870853;12417
3;1741112875842;12418
3;1741112880873;12419
3;1741112885841;12420
3;1741112890891;12421
3;1741112895843;12422
3;1741112900881;12423
3;1741112905841;12424
3;1741112910848;12425
3;1741112915841;12426
3;1741112920880;12427
3;1741112925900;12428
3;1741112930832;12429
3;1741112935839;12430
3;1741112940847;12431
3;1741112945839;12432
3;1741112950872;12433
3;1741112955838;12434
3;1741112960830;12435
3;1741112965883;12436
3;1741112970845;12437
3;1741112975851;12438
3;1741112983129;12439
3;1741112985867;12440
3;1741112990843;12441
3;1741112995850;12442
3;1741113000858;12443
3;1741113005869;12444
3;1741113010844;12445
3;1741113015853;12446
3;1741113020841;12447
3;1741113025833;12448
3;1741113030841;12449
3;1741113035833;12450
3;1741113040841;12451
3;1741113045847;12452
3;1741113050841;12453
3;1741113055833;12454
3;1741113060840;12455
3;1741113065831;12456
3;1741113070896;12457
3;1741113075846;12458
3;1741113080839;12459
3;1741113085846;12460
3;1741113090839;12461
3;1741113095861;12462
3;1741113100836;12463
3;1741113105843;12464
3;1741113110851;12465
3;1741113115921;12466
3;1741113120851;12467
3;1741113125884;12468
3;1741113130850;12469
3;1741113135868;12470
3;1741113140834;12471
3;1741113145842;12472
3;1741113150848;12473
3;1741113155869;12474
3;1741113160832;12475
3;1741113165839;12476
3;1741113170832;12477
3;1741113175839;12478
3;1741113180848;12479
3;1741113185875;12480
3;1741113190846;12481
3;1741113195879;12482
3;1741113200872;12483
3;1741113205886;12484
3;1741113210831;12485
3;1741113215837;12486
3;1741113220846;12487
3;1741113225852;12488
3;1741113230900;12489
3;1741113235867;12490
3;1741113240842;12491
3;1741113245833;12492
3;1741113250841;12493
3;1741113255849;12494
3;1741113260955;12495
3;1741113265833;12496
3;1741113270840;12497
3;1741113275831;12498
3;1741113280868;12499
3;1741113285848;12500
3;1741113290851;12501
3;1741113295904;12502
3;1741113300839;12503
3;1741113305847;12504
3;1741113310875;12505
3;1741113315849;12506
3;1741113320840;12507
3;1741113325828;12508
3;1741113330852;12509
3;1741113335843;12510
3;1741113340866;12511
3;1741113345874;12512
3;1741113350856;12513
3;1741113355868;12514
3;1741113360897;12515
3;1741113365851;12516
3;1741113370848;12517
3;1741113375868;12518
3;1741113380831;12519
3;1741113385839;12520
3;1741113390846;12521
3;1741113395838;12522
3;1741113400846;12523
3;1741113405869;12524
3;1741113410845;12525
3;1741113415852;12526
3;1741113420860;12527
3;1741113425836;12528
3;1741113430829;12529
3;1741113435836;12530
3;1741113440828;12531
3;1741113445850;12532
3;1741113450842;12533
3;1741113455856;12534
3;1741113460840;12535
3;1741113465849;12536
3;1741113470927;12537
3;1741113475832;12538
3;1741113480866;12539
3;1741113485847;12540
3;1741113490838;12541
3;1741113495847;12542
3;1741113500930;12543
3;1741113505878;12544
3;1741113510853;12545
3;1741113515828;12546
3;1741113520900;12547
3;1741113525876;12548
3;1741113530903;12549
3;1741113535847;12550
3;1741113540835;12551
3;1741113545891;12552
3;1741113550834;12553
3;1741113555855;12554
3;1741113560831;12555
3;1741113565867;12556
3;1741113570846;12557
3;1741113575837;12558
3;1741113580830;12559
3;1741113585853;12560
3;1741113590857;12561
3;1741113595852;12562
3;1741113600875;12563
3;1741113605836;12564
3;1741113610844;12565
3;1741113615866;12566
3;1741113620922;12567
3;1741113625848;12568
3;1741113630866;12569
3;1741113635833;12570
3;1741113640858;12571
3;1741113645849;12572
3;1741113650841;12573
3;1741113655864;12574
3;1741113660841;12575
3;1741113665848;12576
3;1741113670839;12577
3;1741113675847;12578
3;1741113680840;12579
3;1741113685878;12580
3;1741113690870;12581
3;1741113695877;12582
3;1741113700838;12583
3;1741113705829;12584
3;1741113710837;12585
3;1741113715844;12586
3;1741113720852;12587
3;1741113725843;12588
3;1741113730885;12589
3;1741113735844;12590
3;1741113740852;12591
3;1741113745843;12592
3;1741113750850;12593
3;1741113755839;12594
3;1741113760875;12595
3;1741113765840;12596
3;1741113770833;12597
3;1741113775867;12598
3;1741113780833;12599
3;1741113785841;12600
3;1741113790847;12601
3;1741113795855;12602
3;1741113800846;12603
3;1741113805840;12604
3;1741113810847;12605
3;1741113815879;12606
3;1741113820849;12607
3;1741113825854;12608
3;1741113830845;12609
3;1741113835864;12610
3;1741113840861;12611
3;1741113845863;12612
3;1741113850828;12613
3;1741113855835;12614
3;1741113860828;12615
3;1741113865851;12616
3;1741113870843;12617
3;1741113875834;12618
3;1741113880905;12619
3;1741113885849;12620
3;1741113890882;12621
3;1741113895881;12622
3;1741113900841;12623
3;1741113905834;12624
3;1741113910841;12625
3;1741113915847;12626
3;1741113920869;12627
3;1741113925832;12628
3;1741113930841;12629
3;1741113935831;12630
3;1741113940909;12631
3;1741113945845;12632
3;1741113950851;12633
3;1741113955872;12634
3;1741113960891;12635
3;1741113965842;12636
3;1741113970850;12637
3;1741113975842;12638
3;1741113980849;12639
3;1741113985840;12640
3;1741113990865;12641
3;1741113995839;12642
3;1741114000833;12643
3;1741114005839;12644
3;1741114010832;12645
3;1741114015839;12646
3;1741114020847;12647
3;1741114025839;12648
3;1741114030846;12649
3;1741114035838;12650
3;1741114040877;12651
3;1741114045851;12652
3;1741114050827;12653
3;1741114055834;12654
3;1741114060843;12655
3;1741114065851;12656
3;1741114070842;12657
3;1741114075850;12658
3;1741114080843;12659
3;1741114085874;12660
3;1741114090841;12661
3;1741114095865;12662
3;1741114100839;12663
3;1741114105846;12664
3;1741114110838;12665
3;1741114115830;12666
3;1741114120838;12667
3;1741114125830;12668
3;1741114130838;12669
3;1741114135861;12670
3;1741114140836;12671
3;1741114145862;12672
3;1741114150862;12673
3;1741114155842;12674
3;1741114160851;12675
3;1741114165843;12676
3;1741114170850;12677
3;1741114175842;12678
3;1741114180834;12679
3;1741114195885;12680
3;1741114195962;12681
3;1741114200866;12682
3;1741114205842;12683
3;1741114210836;12684
3;1741114215875;12685
3;1741114220832;12686
3;1741114225867;12687
3;1741114230832;12688
3;1741114235839;12689
3;1741114240846;12690
3;1741114245838;12691
3;1741114250846;12692
3;1741114255839;12693
3;1741114260845;12694
3;1741114265842;12695
3;1741114270829;12696
3;1741114275838;12697
3;1741114280844;12698
3;1741114285852;12699
3;1741114290843;12700
3;1741114295899;12701
3;1741114300843;12702
3;1741114305850;12703
3;1741114310842;12704
3;1741114315851;12705
3;1741114320841;12706
3;1741114325849;12707
3;1741114330840;12708
3;1741114335833;12709
3;1741114340841;12710
3;1741114345831;12711
3;1741114350884;12712
3;1741114356913;12713
3;1741114360839;12714
3;1741114365863;12715
3;1741114370838;12716
3;1741114375831;12717
3;1741114380838;12718
3;1741114385845;12719
3;1741114390863;12720
3;1741114395843;12721
3;1741114400836;12722
3;1741114405843;12723
3;1741114410887;12724
3;1741114415843;12725
3;1741114420851;12726
3;1741114425843;12727
3;1741114430881;12728
3;1741114435843;12729
3;1741114440849;12730
3;1741114445842;12731
3;1741114450848;12732
3;1741114455873;12733
3;1741114460832;12734
3;1741114465841;12735
3;1741114470831;12736
3;1741114475841;12737
3;1741114480833;12738
3;1741114485839;12739
3;1741114490832;12740
3;1741114495859;12741
3;1741114500830;12742
3;1741114505886;12743
3;1741114510847;12744
3;1741114515837;12745
3;1741114520833;12746
3;1741114525852;12747
3;1741114530843;12748
3;1741114535851;12749
3;1741114540867;12750
3;1741114545889;12751
3;1741114550838;12752
3;1741114555847;12753
3;1741114560886;12754
3;1741114565846;12755
3;1741114570838;12756
3;1741114575845;12757
3;1741114580838;12758
3;1741114585845;12759
3;1741114590852;12760
3;1741114595844;12761
3;1741114600852;12762
3;1741114605844;12763
3;1741114610835;12764
3;1741114615842;12765
3;1741114620896;12766
3;1741114625827;12767
3;1741114630849;12768
3;1741114635841;12769
3;1741114640849;12770
3;1741114645881;12771
3;1741114650848;12772
3;1741114655840;12773
3;1741114660833;12774
3;1741114665840;12775
3;1741114670845;12776
3;1741114675851;12777
3;1741114680843;12778
3;1741114685851;12779
3;1741114690859;12780
3;1741114695851;12781
3;1741114700842;12782
3;1741114705849;12783
3;1741114711016;12784
3;1741114715848;12785
3;1741114720840;12786
3;1741114725877;12787
3;1741114730840;12788
3;1741114735846;12789
3;1741114740839;12790
3;1741114745846;12791
3;1741114750839;12792
3;1741114755845;12793
3;1741114760838;12794
3;1741114765924;12795
3;1741114770853;12796
3;1741114775844;12797
3;1741114780852;12798
3;1741114785918;12799
3;1741114790857;12800
3;1741114795843;12801
3;1741114800851;12802
3;1741114805858;12803
3;1741114810850;12804
3;1741114815839;12805
3;1741114820849;12806
3;1741114825840;12807
3;1741114830847;12808
3;1741114835905;12809
3;1741114840847;12810
3;1741114845839;12811
3;1741114850833;12812
3;1741114855867;12813
3;1741114860832;12814
3;1741114865839;12815
3;1741114870845;12816
3;1741114875879;12817
3;1741114880845;12818
0;1741114883672;9563
3;1741114885883;12819
0;1741114885921;9564
3;1741114890857;12820
0;1741114890951;9565
3;1741114895865;12821
0;1741114895908;9566
3;1741114900856;12822
0;1741114901140;9567
3;1741114905848;12823
0;1741114908739;9568
3;1741114910914;12824
0;1741114910963;9569
3;1741114915833;12825
0;1741114915987;9570
3;1741114920856;12826
0;1741114920914;9571
3;1741114925863;12827
0;1741114926077;9572
3;1741114930839;12828
0;1741114930877;9573
3;1741114935831;12829
0;1741114935937;9574
3;1741114940852;12830
0;1741114940977;9575
3;1741114945849;12831
0;1741114946013;9576
3;1741114950839;12832
0;1741114950880;9577
3;1741114955845;12833
0;1741114955928;9578
3;1741114960870;12834
0;1741114960896;9579
3;1741114965846;12835
0;1741114965984;9580
3;1741114970895;12836
0;1741114970927;9581
3;1741114975890;12837
0;1741114975983;9582
3;1741114980836;12838
0;1741114983262;9583
3;1741114985908;12839
0;1741114985983;9584
3;1741114990872;12840
0;1741114990946;9585
3;1741114995861;12841
0;1741114995966;9586
3;1741115000861;12842
0;1741115000878;9587
3;1741115005826;12843
0;1741115006061;9588
3;1741115010866;12844
0;1741115010953;9589
3;1741115015858;12845
0;1741115015957;9590
3;1741115020866;12846
0;1741115021068;9591
3;1741115025905;12847
0;1741115025982;9592
3;1741115030880;12848
0;1741115030963;9593
3;1741115035842;12849
0;1741115035961;9594
3;1741115040848;12850
0;1741115040907;9595
3;1741115045840;12851
0;1741115045906;9596
3;1741115050874;12852
0;1741115050938;9597
3;1741115055871;12853
0;1741115055932;9598
3;1741115060832;12854
0;1741115061053;9599
3;1741115065872;12855
0;1741115065995;9600
3;1741115070847;12856
0;1741115070961;9601
3;1741115075870;12857
0;1741115075897;9602
3;1741115080907;12858
0;1741115080985;9603
3;1741115085837;12859
0;1741115086225;9604
3;1741115090830;12860
0;1741115091000;9605
0;1741115095864;9606
3;1741115095875;12861
3;1741115100861;12862
0;1741115100919;9607
3;1741115105878;12863
0;1741115105888;9608
3;1741115110879;12864
0;1741115111175;9609
3;1741115115868;12865
0;1741115115958;9610
3;1741115120875;12866
0;1741115120945;9611
3;1741115125834;12867
0;1741115125862;9612
3;1741115130827;12868
0;1741115130982;9613
3;1741115135865;12869
0;1741115135877;9614
3;1741115140903;12870
0;1741115140937;9615
3;1741115145851;12871
0;1741115145925;9616
3;1741115150842;12872
0;1741115150901;9617
3;1741115155850;12873
0;1741115155934;9618
3;1741115160889;12874
0;1741115160964;9619
3;1741115165929;12875
0;1741115166509;9620
3;1741115170873;12876
0;1741115170899;9621
0;1741115175923;9622
3;1741115175933;12877
3;1741115180840;12878
0;1741115180915;9623
3;1741115185907;12879
0;1741115185970;9624
3;1741115190899;12880
0;1741115191283;9625
3;1741115195863;12881
0;1741115195917;9626
3;1741115200858;12882
0;1741115200897;9627
3;1741115205875;12883
0;1741115205954;9628
3;1741115210839;12884
0;1741115210897;9629
3;1741115215958;12885
0;1741115216048;9630
3;1741115220853;12886
0;1741115220928;9631
3;1741115225831;12887
0;1741115226175;9632
3;1741115230878;12888
0;1741115231055;9633
3;1741115235871;12889
0;1741115236063;9634
3;1741115240911;12890
0;1741115240975;9635
3;1741115245862;12891
0;1741115245934;9636
3;1741115250836;12892
0;1741115250878;9637
3;1741115255827;12893
3;1741115260835;12894
3;1741115265842;12895
3;1741115270834;12896
3;1741115275841;12897
3;1741115280834;12898
3;1741115285947;12899
3;1741115290913;12900
3;1741115295840;12901
3;1741115300864;12902
3;1741115305868;12903
3;1741115310832;12904
3;1741115315868;12905
3;1741115320831;12906
3;1741115325839;12907
3;1741115330845;12908
3;1741115335870;12909
3;1741115340846;12910
3;1741115345837;12911
3;1741115350871;12912
3;1741115355899;12913
3;1741115360829;12914
3;1741115365836;12915
3;1741115370872;12916
3;1741115375836;12917
3;1741115380842;12918
3;1741115385850;12919
3;1741115390856;12920
3;1741115395847;12921
3;1741115400839;12922
3;1741115405844;12923
3;1741115410868;12924
3;1741115415841;12925
3;1741115420849;12926
3;1741115425840;12927
3;1741115430849;12928
3;1741115435914;12929
3;1741115440874;12930
3;1741115445842;12931
3;1741115450832;12932
3;1741115455839;12933
3;1741115460863;12934
3;1741115465839;12935
3;1741115470876;12936
3;1741115475838;12937
3;1741115480829;12938
3;1741115485838;12939
3;1741115490843;12940
3;1741115495837;12941
3;1741115500845;12942
3;1741115505852;12943
3;1741115510829;12944
3;1741115515851;12945
3;1741115520843;12946
3;1741115525835;12947
3;1741115530881;12948
3;1741115535865;12949
3;1741115540841;12950
3;1741115545832;12951
3;1741115550868;12952
3;1741115555860;12953
3;1741115560838;12954
3;1741115565830;12955
3;1741115570835;12956
3;1741115575844;12957
3;1741115580931;12958
3;1741115585843;12959
3;1741115590836;12960
3;1741115595859;12961
3;1741115600833;12962
3;1741115605841;12963
3;1741115610848;12964
3;1741115615866;12965
3;1741115620833;12966
3;1741115625867;12967
3;1741115630833;12968
3;1741115635839;12969
3;1741115640831;12970
3;1741115645838;12971
3;1741115650861;12972
3;1741115655837;12973
3;1741115660845;12974
3;1741115665835;12975
3;1741115670860;12976
3;1741115675879;12977
3;1741115680843;12978
3;1741115685851;12979
3;1741115690827;12980
3;1741115695835;12981
3;1741115700918;12982
3;1741115705851;12983
3;1741115710830;12984
3;1741115715850;12985
3;1741115720866;12986
3;1741115725865;12987
3;1741115731308;12988
3;1741115735914;12989
3;1741115740842;12990
3;1741115745832;12991
3;1741115750871;12992
3;1741115755847;12993
3;1741115760883;12994
3;1741115765831;12995
3;1741115770855;12996
3;1741115775830;12997
3;1741115780886;12998
3;1741115785830;12999
3;1741115790837;13000
3;1741115795876;13001
3;1741115800836;13002
3;1741115805844;13003
3;1741115810835;13004
3;1741115815859;13005
3;1741115820851;13006
3;1741115825842;13007
3;1741115830849;13008
3;1741115835840;13009
3;1741115840854;13010
3;1741115845841;13011
3;1741115850846;13012
3;1741115855859;13013
3;1741115860831;13014
3;1741115865839;13015
3;1741115870846;13016
3;1741115875860;13017
3;1741115880892;13018
3;1741115885837;13019
3;1741115890844;13020
3;1741115895851;13021
3;1741115900843;13022
3;1741115905834;13023
3;1741115910893;13024
3;1741115915834;13025
3;1741115920842;13026
3;1741115925865;13027
3;1741115930842;13028
3;1741115935871;13029
3;1741115940836;13030
3;1741115945828;13031
3;1741115950836;13032
3;1741115955859;13033
3;1741115960851;13034
3;1741115965887;13035
3;1741115970850;13036
3;1741115975908;13037
3;1741115980850;13038
3;1741115985859;13039
3;1741115990875;13040
3;1741115995839;13041
3;1741116000833;13042
3;1741116005841;13043
3;1741116010849;13044
3;1741116015842;13045
3;1741116020849;13046
3;1741116025840;13047
3;1741116030833;13048
3;1741116035880;13049
3;1741116040847;13050
3;1741116045839;13051
3;1741116050845;13052
3;1741116055880;13053
3;1741116060904;13054
3;1741116065837;13055
3;1741116070845;13056
3;1741116075837;13057
3;1741116080828;13058
3;1741116085851;13059
3;1741116090827;13060
3;1741116095866;13061
3;1741116100867;13062
3;1741116105849;13063
3;1741116110867;13064
3;1741116115865;13065
3;1741116120900;13066
3;1741116125863;13067
3;1741116130839;13068
3;1741116135846;13069
3;1741116140863;13070
3;1741116145830;13071
3;1741116150837;13072
3;1741116155828;13073
3;1741116160853;13074
3;1741116165843;13075
3;1741116170876;13076
3;1741116175868;13077
3;1741116180834;13078
3;1741116185842;13079
3;1741116190905;13080
3;1741116195867;13081
3;1741116200874;13082
3;1741116205840;13083
3;1741116210847;13084
3;1741116215838;13085
3;1741116220830;13086
3;1741116225839;13087
3;1741116230845;13088
3;1741116235837;13089
3;1741116240845;13090
3;1741116245836;13091
3;1741116250829;13092
3;1741116255864;13093
3;1741116260843;13094
3;1741116265855;13095
3;1741116270903;13096
3;1741116275850;13097
3;1741116280828;13098
3;1741116285878;13099
3;1741116290826;13100
3;1741116295848;13101
3;1741116300855;13102
3;1741116305833;13103
3;1741116310867;13104
3;1741116315850;13105
3;1741116320845;13106
3;1741116325847;13107
3;1741116330882;13108
3;1741116335846;13109
3;1741116340863;13110
3;1741116345904;13111
3;1741116350902;13112
3;1741116355846;13113
3;1741116360869;13114
3;1741116365843;13115
3;1741116370835;13116
3;1741116375843;13117
3;1741116380835;13118
3;1741116385843;13119
3;1741116390834;13120
3;1741116395842;13121
3;1741116400904;13122
3;1741116405868;13123
3;1741116410833;13124
3;1741116415841;13125
3;1741116420849;13126
3;1741116425841;13127
3;1741116430922;13128
3;1741116435840;13129
3;1741116440870;13130
3;1741116445837;13131
3;1741116450828;13132
3;1741116455858;13133
3;1741116460886;13134
3;1741116465883;13135
3;1741116470843;13136
3;1741116475851;13137
3;1741116480875;13138
3;1741116485850;13139
3;1741116490842;13140
3;1741116495850;13141
3;1741116500840;13142
3;1741116505849;13143
3;1741116510872;13144
3;1741116515876;13145
3;1741116520841;13146
3;1741116525924;13147
3;1741116530868;13148
3;1741116535864;13149
3;1741116540839;13150
3;1741116545863;13151
3;1741116550839;13152
3;1741116555924;13153
3;1741116560838;13154
3;1741116565831;13155
3;1741116570853;13156
3;1741116575844;13157
3;1741116580862;13158
3;1741116585828;13159
3;1741116590852;13160
3;1741116595844;13161
3;1741116600835;13162
3;1741116605889;13163
3;1741116610851;13164
3;1741116615842;13165
3;1741116620852;13166
3;1741116625858;13167
3;1741116630939;13168
3;1741116635840;13169
3;1741116640834;13170
3;1741116645840;13171
3;1741116650848;13172
3;1741116655840;13173
3;1741116660846;13174
3;1741116665839;13175
3;1741116670902;13176
3;1741116675864;13177
3;1741116680845;13178
3;1741116685836;13179
3;1741116690843;13180
3;1741116695835;13181
3;1741116700827;13182
3;1741116705833;13183
3;1741116710842;13184
3;1741116715848;13185
3;1741116720842;13186
3;1741116725834;13187
3;1741116730840;13188
3;1741116735832;13189
3;1741116740841;13190
3;1741116745847;13191
3;1741116750870;13192
3;1741116755829;13193
3;1741116760852;13194
3;1741116765829;13195
3;1741116770836;13196
3;1741116775842;13197
3;1741116780836;13198
3;1741116785828;13199
3;1741116790851;13200
3;1741116795860;13201
3;1741116800833;13202
3;1741116805905;13203
3;1741116810867;13204
3;1741116815858;13205
3;1741116820890;13206
3;1741116825840;13207
3;1741116830847;13208
3;1741116835839;13209
3;1741116840846;13210
3;1741116845837;13211
3;1741116850845;13212
3;1741116855854;13213
3;1741116860862;13214
3;1741116865836;13215
3;1741116870860;13216
3;1741116875874;13217
3;1741116880841;13218
3;1741116885849;13219
3;1741116890867;13220
3;1741116895848;13221
3;1741116900840;13222
3;1741116905847;13223
3;1741116910856;13224
3;1741116915844;13225
3;1741116920838;13226
3;1741116925844;13227
3;1741116930852;13228
3;1741116935843;13229
3;1741116940851;13230
3;1741116945843;13231
3;1741116950851;13232
3;1741116955858;13233
3;1741116960851;13234
3;1741116965848;13235
3;1741116970880;13236
3;1741116975840;13237
3;1741116980848;13238
3;1741116985840;13239
3;1741116990879;13240
3;1741116995838;13241
3;1741117000846;13242
3;1741117005838;13243
3;1741117010846;13244
3;1741117015838;13245
3;1741117020844;13246
3;1741117025837;13247
3;1741117030871;13248
3;1741117035837;13249
3;1741117040903;13250
3;1741117045836;13251
3;1741117050859;13252
3;1741117055853;13253
3;1741117060843;13254
3;1741117065835;13255
3;1741117070841;13256
3;1741117075834;13257
3;1741117080841;13258
3;1741117085849;13259
3;1741117090856;13260
3;1741117095849;13261
3;1741117100876;13262
3;1741117105852;13263
3;1741117110838;13264
3;1741117115868;13265
3;1741117120844;13266
0;1741117121408;9638
3;1741117125871;13267
0;1741117125952;9639
0;1741117130889;9640
3;1741117130901;13268
0;1741117135871;9641
3;1741117135883;13269
3;1741117140837;13270
0;1741117141145;9642
3;1741117145888;13271
0;1741117145960;9643
3;1741117150871;13272
0;1741117150915;9644
3;1741117155861;13273
0;1741117155936;9645
3;1741117160852;13274
0;1741117161487;9646
3;1741117165893;13275
0;1741117165981;9647
3;1741117170868;13276
0;1741117170989;9648
3;1741117175857;13277
0;1741117175897;9649
3;1741117180894;13278
0;1741117180908;9650
3;1741117185842;13279
0;1741117186029;9651
3;1741117190834;13280
0;1741117191252;9652
3;1741117195874;13281
0;1741117195916;9653
3;1741117200864;13282
0;1741117200973;9654
3;1741117205845;13283
0;1741117205915;9655
3;1741117210834;13284
0;1741117210987;9656
3;1741117215884;13285
0;1741117215931;9657
3;1741117220896;13286
0;1741117220986;9658
3;1741117225865;13287
0;1741117225999;9659
3;1741117230943;13288
0;1741117231177;9660
3;1741117235840;13289
0;1741117235931;9661
3;1741117240863;13290
0;1741117240921;9662
3;1741117245854;13291
0;1741117245968;9663
3;1741117250888;13292
0;1741117250904;9664
3;1741117255838;13293
0;1741117255921;9665
3;1741117260973;13294
0;1741117261144;9666
3;1741117265895;13295
0;1741117265912;9667
3;1741117270846;13296
0;1741117270925;9668
3;1741117275885;13297
0;1741117276376;9669
3;1741117280872;13298
0;1741117281335;9670
3;1741117285867;13299
0;1741117286264;9671
3;1741117290828;13300
0;1741117290950;9672
3;1741117295894;13301
0;1741117295994;9673
3;1741117300887;13302
0;1741117301093;9674
3;1741117305868;13303
0;1741117305949;9675
3;1741117310858;13304
0;1741117311089;9676
3;1741117315835;13305
0;1741117316206;9677
3;1741117320841;13306
0;1741117320916;9678
3;1741117325850;13307
0;1741117325940;9679
3;1741117330874;13308
0;1741117330945;9680
3;1741117335849;13309
0;1741117335931;9681
3;1741117340853;13310
0;1741117341219;9682
3;1741117345865;13311
0;1741117345890;9683
3;1741117350856;13312
0;1741117350930;9684
3;1741117355850;13313
0;1741117355949;9685
3;1741117360840;13314
0;1741117361217;9686
3;1741117365863;13315
0;1741117365937;9687
3;1741117370867;13316
0;1741117371213;9688
3;1741117375846;13317
0;1741117375905;9689
3;1741117380919;13318
0;1741117381104;9690
3;1741117385871;13319
0;1741117386480;9691
3;1741117390870;13320
0;1741117393745;9692
3;1741117395902;13321
0;1741117395912;9693
3;1741117400852;13322
0;1741117400905;9694
3;1741117405861;13323
0;1741117405934;9695
3;1741117410879;13324
0;1741117410894;9696
0;1741117416201;9697
0;1741117421007;9698
3;1741117425891;13325
3;1741117425940;13326
0;1741117425977;9699
3;1741117430868;13327
0;1741117430938;9700
3;1741117435873;13328
0;1741117435884;9701
3;1741117440833;13329
0;1741117441099;9702
3;1741117445885;13330
0;1741117446106;9703
3;1741117450847;13331
0;1741117450928;9704
3;1741117455855;13332
0;1741117455914;9705
3;1741117460863;13333
0;1741117461145;9706
3;1741117465870;13334
0;1741117465881;9707
3;1741117470847;13335
0;1741117471241;9708
3;1741117475858;13336
0;1741117476313;9709
3;1741117480871;13337
0;1741117481048;9710
3;1741117485886;13338
0;1741117485969;9711
3;1741117490901;13339
0;1741117491041;9712
3;1741117495838;13340
0;1741117495963;9713
3;1741117500845;13341
0;1741117500977;9714
3;1741117505880;13342
0;1741117505916;9715
3;1741117510876;13343
0;1741117510918;9716
3;1741117515914;13344
0;1741117515990;9717
3;1741117520843;13345
0;1741117520997;9718
3;1741117525850;13346
0;1741117526341;9719
3;1741117530843;13347
0;1741117530920;9720
3;1741117535867;13348
0;1741117535947;9721
3;1741117540867;13349
0;1741117540920;9722
3;1741117545835;13350
0;1741117545988;9723
3;1741117550868;13351
0;1741117551124;9724
3;1741117555866;13352
0;1741117555939;9725
3;1741117560882;13353
0;1741117560964;9726
3;1741117565865;13354
0;1741117566132;9727
3;1741117570873;13355
0;1741117570885;9728
3;1741117575865;13356
0;1741117575939;9729
3;1741117580888;13357
0;1741117580963;9730
3;1741117585880;13358
0;1741117585995;9731
3;1741117590872;13359
0;1741117591005;9732
3;1741117595880;13360
0;1741117595921;9733
3;1741117600852;13361
0;1741117601089;9734
3;1741117605832;13362
0;1741117608752;9735
3;1741117610854;13363
0;1741117610928;9736
0;1741117615871;9737
3;1741117615884;13364
3;1741117620911;13365
0;1741117620948;9738
3;1741117625876;13366
0;1741117625885;9739
3;1741117630880;13367
0;1741117630957;9740
3;1741117635858;13368
0;1741117635895;9741
3;1741117640867;13369
0;1741117640972;9742
3;1741117645872;13370
0;1741117645929;9743
3;1741117650863;13371
0;1741117650892;9744
3;1741117655856;13372
0;1741117655940;9745
3;1741117660846;13373
0;1741117660961;9746
3;1741117665869;13374
0;1741117666049;9747
3;1741117670892;13375
0;1741117670952;9748
3;1741117675837;13376
0;1741117675863;9749
3;1741117680894;13377
0;1741117680967;9750
3;1741117685926;13378
0;1741117686087;9751
3;1741117690909;13379
0;1741117691021;9752
3;1741117695868;13380
0;1741117695942;9753
3;1741117700874;13381
0;1741117701083;9754
0;1741117705909;9755
3;1741117705920;13382
3;1741117710874;13383
0;1741117710884;9756
3;1741117715881;13384
0;1741117715956;9757
3;1741117720841;13385
0;1741117720931;9758
3;1741117725833;13386
0;1741117725876;9759
0;1741117730867;9760
3;1741117730879;13387
3;1741117735883;13388
0;1741117735939;9761
3;1741117740914;13389
0;1741117740930;9762
3;1741117745906;13390
0;1741117746258;9763
3;1741117750854;13391
0;1741117750895;9764
3;1741117755861;13392
0;1741117755951;9765
3;1741117760914;13393
0;1741117760975;9766
3;1741117765844;13394
0;1741117765935;9767
3;1741117770869;13395
0;1741117770907;9768
3;1741117775876;13396
0;1741117775924;9769
3;1741117780836;13397
0;1741117783085;9770
3;1741117785843;13398
0;1741117785878;9771
0;1741117790889;9772
3;1741117790901;13399
3;1741117795844;13400
0;1741117795926;9773
0;1741117800877;9774
3;1741117800890;13401
3;1741117805883;13402
0;1741117805916;9775
3;1741117810835;13403
0;1741117811246;9776
3;1741117815886;13404
0;1741117816076;9777
3;1741117820850;13405
0;1741117821003;9778
3;1741117825840;13406
0;1741117826033;9779
3;1741117830866;13407
0;1741117830940;9780
3;1741117835889;13408
0;1741117835925;9781
3;1741117840899;13409
0;1741117840933;9782
0;1741117845882;9783
3;1741117845893;13410
3;1741117850879;13411
0;1741117851029;9784
3;1741117855870;13412
0;1741117855961;9785
3;1741117860928;13413
0;1741117860982;9786
3;1741117865870;13414
0;1741117865957;9787
3;1741117870862;13415
0;1741117870944;9788
3;1741117875870;13416
0;1741117875936;9789
3;1741117880903;13417
0;1741117880913;9790
3;1741117885836;13418
3;1741117890907;13419
3;1741117895851;13420
3;1741117900843;13421
3;1741117905851;13422
3;1741117910842;13423
3;1741117915835;13424
3;1741117920868;13425
3;1741117925847;13426
3;1741117930838;13427
3;1741117935866;13428
3;1741117940878;13429
3;1741117945845;13430
3;1741117950836;13431
3;1741117955843;13432
3;1741117960837;13433
3;1741117965872;13434
3;1741117970853;13435
3;1741117975903;13436
3;1741117980850;13437
3;1741117985841;13438
3;1741117990865;13439
3;1741117995841;13440
3;1741118000849;13441
3;1741118005867;13442
3;1741118010833;13443
3;1741118015872;13444
3;1741118020895;13445
3;1741118025839;13446
3;1741118030848;13447
3;1741118035839;13448
3;1741118040924;13449
3;1741118045882;13450
3;1741118050845;13451
3;1741118055839;13452
3;1741118060831;13453
3;1741118065863;13454
3;1741118070902;13455
3;1741118075836;13456
3;1741118080845;13457
3;1741118085852;13458
3;1741118090829;13459
3;1741118095851;13460
3;1741118100844;13461
3;1741118105853;13462
3;1741118110827;13463
3;1741118115850;13464
3;1741118120844;13465
3;1741118125849;13466
3;1741118130900;13467
3;1741118135831;13468
3;1741118140836;13469
3;1741118145877;13470
3;1741118150851;13471
3;1741118155907;13472
3;1741118160851;13473
3;1741118165842;13474
3;1741118170834;13475
3;1741118175839;13476
3;1741118180847;13477
3;1741118185857;13478
3;1741118190847;13479
3;1741118195838;13480
3;1741118200845;13481
3;1741118205837;13482
3;1741118210845;13483
3;1741118215836;13484
3;1741118220828;13485
3;1741118225852;13486
3;1741118230843;13487
3;1741118235851;13488
3;1741118240828;13489
3;1741118245851;13490
3;1741118250842;13491
3;1741118255872;13492
3;1741118260867;13493
3;1741118265850;13494
3;1741118270840;13495
3;1741118275846;13496
3;1741118280838;13497
3;1741118285869;13498
3;1741118290838;13499
3;1741118295830;13500
3;1741118300838;13501
3;1741118305830;13502
3;1741118310837;13503
3;1741118315845;13504
3;1741118320851;13505
3;1741118325842;13506
3;1741118330851;13507
3;1741118335888;13508
3;1741118340909;13509
3;1741118345841;13510
3;1741118350849;13511
3;1741118355840;13512
3;1741118360881;13513
3;1741118365867;13514
3;1741118370850;13515
3;1741118375899;13516
3;1741118380832;13517
3;1741118385839;13518
3;1741118390848;13519
3;1741118395839;13520
3;1741118400846;13521
3;1741118405841;13522
3;1741118410845;13523
3;1741118415885;13524
3;1741118420829;13525
3;1741118425871;13526
3;1741118430854;13527
3;1741118435833;13528
3;1741118440840;13529
3;1741118445833;13530
3;1741118450842;13531
3;1741118455833;13532
3;1741118460871;13533
3;1741118465847;13534
3;1741118470839;13535
3;1741118475831;13536
3;1741118480867;13537
3;1741118485844;13538
3;1741118490838;13539
3;1741118495830;13540
3;1741118500958;13541
3;1741118505844;13542
3;1741118510878;13543
3;1741118515828;13544
3;1741118520852;13545
3;1741118525842;13546
3;1741118530899;13547
3;1741118535842;13548
3;1741118540849;13549
3;1741118545842;13550
3;1741118550925;13551
3;1741118555826;13552
3;1741118560833;13553
3;1741118565857;13554
3;1741118570890;13555
3;1741118575841;13556
3;1741118580847;13557
3;1741118595854;13558
3;1741118595902;13559
3;1741118600846;13560
3;1741118605838;13561
3;1741118610875;13562
3;1741118615853;13563
3;1741118620830;13564
3;1741118625837;13565
3;1741118630861;13566
3;1741118635836;13567
3;1741118640861;13568
3;1741118645852;13569
3;1741118650844;13570
3;1741118655851;13571
3;1741118660873;13572
3;1741118665833;13573
3;1741118670937;13574
3;1741118675833;13575
3;1741118680841;13576
3;1741118685891;13577
3;1741118690838;13578
3;1741118695847;13579
3;1741118700839;13580
3;1741118705858;13581
3;1741118710840;13582
3;1741118715847;13583
3;1741118720837;13584
3;1741118725869;13585
3;1741118730837;13586
3;1741118735844;13587
3;1741118740837;13588
3;1741118745828;13589
3;1741118750851;13590
3;1741118755827;13591
3;1741118760835;13592
3;1741118765842;13593
3;1741118770851;13594
3;1741118775841;13595
3;1741118780833;13596
3;1741118785839;13597
3;1741118790928;13598
3;1741118795840;13599
3;1741118800936;13600
3;1741118805867;13601
3;1741118810847;13602
3;1741118815840;13603
3;1741118820847;13604
3;1741118825840;13605
3;1741118830937;13606
3;1741118835914;13607
3;1741118840831;13608
3;1741118845861;13609
3;1741118850829;13610
3;1741118855837;13611
3;1741118860830;13612
3;1741118865884;13613
3;1741118870845;13614
3;1741118875836;13615
3;1741118880843;13616
3;1741118885882;13617
3;1741118890841;13618
3;1741118895848;13619
3;1741118900883;13620
3;1741118905891;13621
3;1741118910839;13622
3;1741118915861;13623
3;1741118920851;13624
3;1741118925828;13625
3;1741118930836;13626
3;1741118935846;13627
3;1741118940879;13628
3;1741118945827;13629
3;1741118950867;13630
3;1741118955840;13631
3;1741118960847;13632
3;1741118965839;13633
3;1741118970847;13634
3;1741118975841;13635
3;1741118980846;13636
3;1741118985838;13637
3;1741118990845;13638
3;1741118995863;13639
3;1741119000845;13640
3;1741119005868;13641
3;1741119010890;13642
3;1741119015850;13643
3;1741119020865;13644
3;1741119025848;13645
3;1741119030859;13646
3;1741119035903;13647
3;1741119040841;13648
3;1741119045848;13649
3;1741119050839;13650
3;1741119055847;13651
3;1741119060838;13652
3;1741119065889;13653
3;1741119070838;13654
3;1741119075846;13655
3;1741119080837;13656
3;1741119085846;13657
3;1741119090837;13658
3;1741119095844;13659
3;1741119100874;13660
3;1741119105826;13661
3;1741119110849;13662
3;1741119115873;13663
3;1741119120922;13664
3;1741119125840;13665
3;1741119130848;13666
3;1741119135840;13667
3;1741119140832;13668
3;1741119145839;13669
3;1741119150847;13670
3;1741119155838;13671
3;1741119160846;13672
3;1741119165866;13673
3;1741119170845;13674
3;1741119175854;13675
3;1741119180845;13676
3;1741119185878;13677
3;1741119190844;13678
3;1741119195836;13679
3;1741119200844;13680
3;1741119205852;13681
3;1741119210827;13682
3;1741119215895;13683
3;1741119220922;13684
3;1741119225851;13685
3;1741119230843;13686
3;1741119235914;13687
3;1741119240841;13688
3;1741119245833;13689
3;1741119250842;13690
3;1741119255922;13691
3;1741119260841;13692
3;1741119265832;13693
3;1741119270898;13694
3;1741119275847;13695
3;1741119280851;13696
3;1741119285846;13697
3;1741119290867;13698
3;1741119295862;13699
3;1741119300863;13700
3;1741119305846;13701
3;1741119310837;13702
3;1741119315846;13703
3;1741119320853;13704
3;1741119325845;13705
3;1741119330851;13706
3;1741119335860;13707
3;1741119340835;13708
3;1741119345842;13709
3;1741119350834;13710
3;1741119355841;13711
3;1741119360849;13712
3;1741119365826;13713
3;1741119370880;13714
3;1741119375857;13715
3;1741119380833;13716
3;1741119385866;13717
3;1741119390848;13718
3;1741119395856;13719
3;1741119400831;13720
3;1741119405838;13721
3;1741119410830;13722
3;1741119415838;13723
3;1741119420829;13724
3;1741119425837;13725
3;1741119430844;13726
3;1741119435853;13727
3;1741119440844;13728
3;1741119445834;13729
3;1741119450827;13730
3;1741119455851;13731
3;1741119460859;13732
3;1741119465895;13733
3;1741119470843;13734
3;1741119475850;13735
3;1741119480842;13736
3;1741119485833;13737
3;1741119490841;13738
3;1741119495832;13739
3;1741119500851;13740
3;1741119505848;13741
3;1741119510841;13742
3;1741119515851;13743
3;1741119520881;13744
3;1741119525832;13745
3;1741119530838;13746
3;1741119535830;13747
3;1741119540855;13748
3;1741119545871;13749
3;1741119550838;13750
3;1741119555876;13751
3;1741119560846;13752
3;1741119565830;13753
3;1741119570836;13754
3;1741119575876;13755
3;1741119580853;13756
3;1741119585827;13757
3;1741119590851;13758
3;1741119595828;13759
3;1741119600850;13760
3;1741119605843;13761
3;1741119610849;13762
3;1741119615867;13763
3;1741119620905;13764
3;1741119625933;13765
3;1741119630847;13766
3;1741119635866;13767
3;1741119640830;13768
3;1741119645837;13769
3;1741119650870;13770
3;1741119655836;13771
3;1741119660843;13772
3;1741119665852;13773
3;1741119670972;13774
3;1741119675836;13775
3;1741119680842;13776
3;1741119685849;13777
3;1741119690841;13778
3;1741119695833;13779
3;1741119700843;13780
3;1741119705848;13781
3;1741119710841;13782
3;1741119715847;13783
3;1741119720840;13784
3;1741119725832;13785
3;1741119730839;13786
3;1741119735847;13787
3;1741119740853;13788
3;1741119745847;13789
3;1741119750863;13790
3;1741119755930;13791
3;1741119760837;13792
3;1741119765877;13793
3;1741119770836;13794
3;1741119775844;13795
3;1741119780867;13796
3;1741119785827;13797
3;1741119790851;13798
3;1741119795826;13799
3;1741119800898;13800
3;1741119805841;13801
3;1741119810833;13802
3;1741119815842;13803
3;1741119820848;13804
3;1741119825883;13805
3;1741119830833;13806
3;1741119835839;13807
3;1741119840847;13808
3;1741119845840;13809
3;1741119853356;13810
3;1741119855839;13811
3;1741119860831;13812
3;1741119865898;13813
3;1741119870829;13814
3;1741119875838;13815
3;1741119880893;13816
3;1741119885836;13817
3;1741119890845;13818
3;1741119895836;13819
3;1741119900843;13820
3;1741119905854;13821
3;1741119910901;13822
3;1741119915837;13823
3;1741119920830;13824
3;1741119925865;13825
3;1741119930965;13826
3;1741119935849;13827
3;1741119940841;13828
3;1741119945880;13829
3;1741119950867;13830
3;1741119955875;13831
3;1741119960841;13832
3;1741119965862;13833
3;1741119970840;13834
3;1741119975928;13835
3;1741119980837;13836
3;1741119985845;13837
3;1741119990851;13838
3;1741119995860;13839
3;1741120000853;13840
3;1741120005827;13841
3;1741120010851;13842
3;1741120015871;13843
3;1741120020851;13844
3;1741120025841;13845
3;1741120030836;13846
3;1741120035841;13847
3;1741120040907;13848
3;1741120045914;13849
3;1741120050849;13850
3;1741120055840;13851
3;1741120060849;13852
3;1741120065842;13853
3;1741120070832;13854
3;1741120075945;13855
3;1741120080873;13856
3;1741120085839;13857
3;1741120090846;13858
3;1741120095855;13859
3;1741120100869;13860
3;1741120105838;13861
3;1741120110830;13862
3;1741120115837;13863
3;1741120120845;13864
3;1741120125836;13865
3;1741120130843;13866
3;1741120135852;13867
3;1741120140844;13868
3;1741120145851;13869
3;1741120150827;13870
3;1741120155834;13871
3;1741120160868;13872
3;1741120165849;13873
3;1741120170840;13874
3;1741120175847;13875
3;1741120180868;13876
3;1741120185846;13877
3;1741120190838;13878
3;1741120195830;13879
3;1741120200837;13880
3;1741120205847;13881
3;1741120210862;13882
3;1741120215849;13883
3;1741120220871;13884
3;1741120225828;13885
3;1741120230895;13886
3;1741120235859;13887
3;1741120240851;13888
3;1741120245906;13889
3;1741120250834;13890
3;1741120255874;13891
3;1741120260875;13892
3;1741120265842;13893
3;1741120270850;13894
3;1741120275842;13895
3;1741120280848;13896
3;1741120285856;13897
3;1741120290849;13898
3;1741120295872;13899
3;1741120300832;13900
3;1741120305839;13901
3;1741120310846;13902
3;1741120315838;13903
3;1741120320845;13904
3;1741120325838;13905
3;1741120330878;13906
3;1741120335863;13907
3;1741120340845;13908
3;1741120345879;13909
3;1741120350843;13910
3;1741120355836;13911
3;1741120360843;13912
3;1741120365834;13913
3;1741120370841;13914
3;1741120375834;13915
3;1741120380841;13916
3;1741120385913;13917
3;1741120390838;13918
3;1741120395861;13919
3;1741120400837;13920
3;1741120405829;13921
3;1741120410852;13922
3;1741120415861;13923
3;1741120420852;13924
3;1741120425860;13925
3;1741120430850;13926
3;1741120435842;13927
3;1741120440849;13928
3;1741120445841;13929
3;1741120450849;13930
3;1741120455841;13931
3;1741120460849;13932
3;1741120465840;13933
3;1741120470847;13934
3;1741120475898;13935
3;1741120480845;13936
3;1741120485839;13937
3;1741120490877;13938
3;1741120495838;13939
3;1741120500846;13940
3;1741120505894;13941
3;1741120510849;13942
3;1741120515839;13943
3;1741120520842;13944
3;1741120525836;13945
3;1741120530829;13946
3;1741120535836;13947
3;1741120540913;13948
3;1741120545855;13949
3;1741120550828;13950
3;1741120555851;13951
3;1741120560843;13952
3;1741120565876;13953
3;1741120570840;13954
3;1741120575847;13955
3;1741120580839;13956
3;1741120585846;13957
3;1741120590839;13958
3;1741120595850;13959
3;1741120600837;13960
3;1741120605865;13961
3;1741120610837;13962
3;1741120615844;13963
3;1741120620861;13964
3;1741120625836;13965
3;1741120630836;13966
3;1741120635886;13967
3;1741120640850;13968
3;1741120645843;13969
3;1741120650849;13970
3;1741120655826;13971
3;1741120660833;13972
3;1741120665874;13973
3;1741120670850;13974
3;1741120675841;13975
3;1741120680850;13976
3;1741120685841;13977
3;1741120690879;13978
3;1741120695841;13979
3;1741120700848;13980
3;1741120705840;13981
3;1741120710833;13982
3;1741120715882;13983
3;1741120720845;13984
3;1741120725854;13985
3;1741120730900;13986
3;1741120735837;13987
3;1741120740845;13988
3;1741120745851;13989
3;1741120750842;13990
3;1741120755837;13991
3;1741120760843;13992
3;1741120765835;13993
3;1741120770842;13994
3;1741120775833;13995
3;1741120780858;13996
3;1741120785849;13997
3;1741120790855;13998
3;1741120795832;13999
3;1741120800839;14000
3;1741120805863;14001
3;1741120810888;14002
3;1741120815847;14003
3;1741120820868;14004
3;1741120825829;14005
3;1741120830838;14006
3;1741120835830;14007
3;1741120840957;14008
3;1741120845860;14009
3;1741120850837;14010
3;1741120855874;14011
3;1741120860853;14012
3;1741120865892;14013
3;1741120870910;14014
3;1741120875827;14015
3;1741120880850;14016
3;1741120885870;14017
3;1741120890850;14018
3;1741120895915;14019
3;1741120900833;14020
3;1741120905843;14021
3;1741120910848;14022
3;1741120915841;14023
3;1741120920849;14024
3;1741120925839;14025
3;1741120930863;14026
3;1741120935882;14027
3;1741120940830;14028
3;1741120945839;14029
3;1741120950845;14030
3;1741120955875;14031
3;1741120960845;14032
3;1741120965862;14033
3;1741120970911;14034
3;1741120975835;14035
3;1741120980844;14036
3;1741120985930;14037
3;1741120990875;14038
0;1741120991041;9791
3;1741120995867;14039
0;1741120995915;9792
3;1741121000874;14040
0;1741121000941;9793
3;1741121005866;14041
0;1741121006036;9794
3;1741121010873;14042
0;1741121010915;9795
3;1741121015834;14043
0;1741121016557;9796
3;1741121020873;14044
0;1741121020937;9797
3;1741121025866;14045
0;1741121025892;9798
3;1741121030857;14046
0;1741121030894;9799
3;1741121035847;14047
0;1741121036148;9800
3;1741121040839;14048
0;1741121040910;9801
3;1741121045863;14049
0;1741121045924;9802
3;1741121050903;14050
0;1741121053649;9803
3;1741121055848;14051
3;1741121060867;14052
3;1741121065831;14053
3;1741121070863;14054
3;1741121075844;14055
3;1741121080872;14056
3;1741121085827;14057
3;1741121090835;14058
3;1741121095826;14059
3;1741121100899;14060
3;1741121105827;14061
3;1741121110835;14062
3;1741121115844;14063
3;1741121120835;14064
3;1741121125841;14065
3;1741121130833;14066
3;1741121135841;14067
3;1741121140832;14068
3;1741121145866;14069
3;1741121150849;14070
3;1741121155899;14071
3;1741121160833;14072
3;1741121165843;14073
3;1741121170848;14074
3;1741121175839;14075
3;1741121180896;14076
3;1741121185868;14077
3;1741121190879;14078
3;1741121195886;14079
3;1741121200832;14080
3;1741121205853;14081
3;1741121210843;14082
3;1741121215837;14083
3;1741121220828;14084
3;1741121227249;14085
3;1741121230870;14086
3;1741121235851;14087
3;1741121240842;14088
3;1741121245834;14089
3;1741121250880;14090
3;1741121255849;14091
3;1741121260842;14092
3;1741121265847;14093
3;1741121270843;14094
3;1741121275849;14095
3;1741121280839;14096
3;1741121285864;14097
3;1741121290839;14098
3;1741121295847;14099
3;1741121300839;14100
3;1741121305847;14101
3;1741121310846;14102
3;1741121315846;14103
3;1741121320837;14104
3;1741121325844;14105
3;1741121330852;14106
3;1741121335830;14107
3;1741121340836;14108
3;1741121345843;14109
3;1741121350836;14110
3;1741121355828;14111
3;1741121360851;14112
3;1741121365827;14113
3;1741121370852;14114
3;1741121375889;14115
3;1741121380848;14116
3;1741121385839;14117
3;1741121390878;14118
3;1741121395841;14119
3;1741121400846;14120
3;1741121405884;14121
3;1741121410845;14122
3;1741121415870;14123
3;1741121420830;14124
3;1741121425837;14125
3;1741121430845;14126
3;1741121435836;14127
3;1741121440872;14128
3;1741121445852;14129
3;1741121450828;14130
3;1741121455850;14131
3;1741121460842;14132
3;1741121465849;14133
3;1741121470840;14134
3;1741121475848;14135
3;1741121480866;14136
3;1741121485855;14137
3;1741121490951;14138
3;1741121495847;14139
3;1741121500866;14140
3;1741121505848;14141
3;1741121510867;14142
3;1741121515878;14143
3;1741121520838;14144
3;1741121525845;14145
3;1741121530838;14146
3;1741121535829;14147
3;1741121540837;14148
3;1741121545843;14149
3;1741121550852;14150
3;1741121555843;14151
3;1741121560852;14152
3;1741121565843;14153
3;1741121570867;14154
3;1741121575828;14155
3;1741121580851;14156
3;1741121585843;14157
3;1741121590835;14158
3;1741121595842;14159
3;1741121600849;14160
3;1741121605866;14161
3;1741121610850;14162
3;1741121615847;14163
3;1741121620849;14164
3;1741121625841;14165
3;1741121630833;14166
3;1741121635897;14167
3;1741121640832;14168
3;1741121645839;14169
3;1741121650847;14170
3;1741121655866;14171
3;1741121660831;14172
3;1741121665838;14173
3;1741121670878;14174
3;1741121675867;14175
3;1741121680843;14176
3;1741121685835;14177
3;1741121690842;14178
0;1741121693205;9804
3;1741121695849;14179
0;1741121695987;9805
3;1741121700949;14180
0;1741121701107;9806
3;1741121705866;14181
0;1741121705923;9807
3;1741121710900;14182
0;1741121710926;9808
3;1741121715867;14183
0;1741121716002;9809
3;1741121720872;14184
0;1741121720916;9810
3;1741121725845;14185
0;1741121725943;9811
3;1741121730869;14186
0;1741121731002;9812
3;1741121735862;14187
0;1741121736024;9813
3;1741121740852;14188
0;1741121741359;9814
3;1741121745877;14189
0;1741121745893;9815
3;1741121750912;14190
0;1741121751000;9816
3;1741121755856;14191
0;1741121755906;9817
3;1741121760836;14192
0;1741121760915;9818
3;1741121765875;14193
0;1741121765887;9819
3;1741121770909;14194
0;1741121770972;9820
3;1741121775890;14195
0;1741121776117;9821
3;1741121780835;14196
0;1741121780875;9822
3;1741121785904;14197
0;1741121786011;9823
3;1741121790881;14198
0;1741121790976;9824
3;1741121795872;14199
0;1741121795882;9825
3;1741121800832;14200
0;1741121800890;9826
3;1741121805840;14201
0;1741121805994;9827
3;1741121810929;14202
0;1741121810986;9828
3;1741121815871;14203
0;1741121816217;9829
0;1741121820874;9830
3;1741121820884;14204
3;1741121825870;14205
0;1741121826186;9831
3;1741121830863;14206
0;1741121830914;9832
3;1741121835886;14207
0;1741121835960;9833
0;1741121840877;9834
3;1741121840892;14208
3;1741121845838;14209
0;1741121845935;9835
3;1741121850919;14210
0;1741121850928;9836
3;1741121855875;14211
0;1741121855904;9837
3;1741121860860;14212
0;1741121860935;9838
3;1741121865852;14213
0;1741121865878;9839
3;1741121870844;14214
0;1741121870918;9840
3;1741121875925;14215
0;1741121875990;9841
3;1741121880843;14216
0;1741121880886;9842
3;1741121885868;14217
0;1741121885939;9843
3;1741121890901;14218
0;1741121890917;9844
3;1741121895834;14219
0;1741121895876;9845
3;1741121900842;14220
0;1741121903204;9846
3;1741121905834;14221
0;1741121908884;9847
3;1741121910874;14222
0;1741121910955;9848
3;1741121915849;14223
0;1741121915912;9849
3;1741121920857;14224
0;1741121921020;9850
3;1741121925913;14225
0;1741121926157;9851
3;1741121930873;14226
0;1741121930930;9852
3;1741121935875;14227
0;1741121935888;9853
3;1741121940888;14228
0;1741121940994;9854
3;1741121945847;14229
0;1741121945937;9855
3;1741121950871;14230
0;1741121950961;9856
3;1741121955894;14231
0;1741121955977;9857
3;1741121960855;14232
0;1741121961025;9858
3;1741121965831;14233
0;1741121965977;9859
3;1741121970870;14234
0;1741121970938;9860
3;1741121975830;14235
0;1741121975967;9861
3;1741121980869;14236
0;1741121980969;9862
3;1741121985844;14237
0;1741121986063;9863
3;1741121990869;14238
0;1741121991047;9864
3;1741121995860;14239
0;1741121996206;9865
3;1741122000878;14240
0;1741122001278;9866
3;1741122005952;14241
0;1741122005999;9867
3;1741122010854;14242
0;1741122010952;9868
3;1741122015954;14243
0;1741122016217;9869
3;1741122020850;14244
0;1741122020961;9870
3;1741122025902;14245
0;1741122026045;9871
3;1741122030883;14246
0;1741122031037;9872
3;1741122035887;14247
0;1741122035924;9873
3;1741122040865;14248
0;1741122041019;9874
3;1741122045857;14249
0;1741122045918;9875
3;1741122050891;14250
0;1741122051339;9876
3;1741122055871;14251
0;1741122055965;9877
3;1741122060880;14252
0;1741122064042;9878
3;1741122065866;14253
0;1741122065966;9879
0;1741122070858;9880
3;1741122070879;14254
3;1741122075870;14255
0;1741122075925;9881
3;1741122080958;14256
0;1741122081338;9882
3;1741122085881;14257
0;1741122086153;9883
3;1741122090876;14258
0;1741122090906;9884
3;1741122095852;14259
0;1741122096212;9885
3;1741122100844;14260
0;1741122100968;9886
3;1741122105837;14261
0;1741122106282;9887
3;1741122110917;14262
0;1741122110935;9888
3;1741122115854;14263
0;1741122115927;9889
3;1741122120830;14264
0;1741122120967;9890
3;1741122125836;14265
0;1741122125993;9891
3;1741122130844;14266
0;1741122130944;9892
3;1741122135867;14267
0;1741122135952;9893
3;1741122140828;14268
0;1741122141029;9894
3;1741122145902;14269
0;1741122146005;9895
3;1741122150858;14270
0;1741122150966;9896
3;1741122155876;14271
0;1741122155972;9897
3;1741122160841;14272
0;1741122163652;9898
3;1741122165882;14273
0;1741122165924;9899
3;1741122170872;14274
0;1741122170916;9900
3;1741122175901;14275
0;1741122176243;9901
3;1741122180840;14276
0;1741122180899;9902
3;1741122185907;14277
0;1741122185922;9903
3;1741122190840;14278
0;1741122190954;9904
3;1741122195831;14279
0;1741122196130;9905
3;1741122200903;14280
0;1741122200929;9906
3;1741122205852;14281
0;1741122205943;9907
3;1741122210839;14282
0;1741122213954;9908
3;1741122215845;14283
0;1741122215919;9909
3;1741122220870;14284
0;1741122220930;9910
3;1741122225927;14285
0;1741122226145;9911
3;1741122230877;14286
0;1741122230929;9912
3;1741122235848;14287
0;1741122236065;9913
3;1741122240854;14288
0;1741122240928;9914
0;1741122245891;9915
3;1741122245902;14289
3;1741122250837;14290
0;1741122251055;9916
3;1741122255877;14291
0;1741122255890;9917
3;1741122260852;14292
0;1741122261294;9918
3;1741122265876;14293
0;1741122265938;9919
3;1741122270875;14294
0;1741122270931;9920
3;1741122275887;14295
0;1741122276009;9921
3;1741122280925;14296
0;1741122280941;9922
3;1741122285902;14297
0;1741122285911;9923
3;1741122290866;14298
0;1741122291004;9924
3;1741122295890;14299
0;1741122295916;9925
3;1741122300899;14300
0;1741122300931;9926
3;1741122305857;14301
0;1741122305947;9927
3;1741122310905;14302
0;1741122311051;9928
3;1741122315871;14303
0;1741122315898;9929
3;1741122320848;14304
0;1741122320934;9930
3;1741122325841;14305
0;1741122325914;9931
3;1741122330882;14306
0;1741122330985;9932
3;1741122335888;14307
0;1741122338841;9933
3;1741122340864;14308
0;1741122340932;9934
3;1741122345854;14309
0;1741122345961;9935
3;1741122350894;14310
0;1741122351384;9936
3;1741122355903;14311
0;1741122355944;9937
3;1741122360831;14312
0;1741122361273;9938
0;1741122365866;9939
3;1741122365875;14313
3;1741122370829;14314
0;1741122371255;9940
3;1741122375879;14315
0;1741122376039;9941
3;1741122380898;14316
0;1741122380945;9942
3;1741122385837;14317
0;1741122386054;9943
3;1741122390901;14318
0;1741122390934;9944
3;1741122395834;14319
0;1741122396023;9945
3;1741122400875;14320
0;1741122400965;9946
3;1741122405835;14321
0;1741122405909;9947
3;1741122410843;14322
0;1741122411136;9948
3;1741122415879;14323
0;1741122416308;9949
0;1741122420897;9950
3;1741122420908;14324
3;1741122425893;14325
0;1741122426084;9951
3;1741122430866;14326
0;1741122431203;9952
3;1741122435832;14327
0;1741122436147;9953
3;1741122440889;14328
0;1741122441065;9954
3;1741122445906;14329
0;1741122445955;9955
3;1741122450856;14330
0;1741122450914;9956
3;1741122455864;14331
0;1741122455912;9957
3;1741122460870;14332
0;1741122460945;9958
3;1741122465862;14333
0;1741122468817;9959
3;1741122470839;14334
0;1741122471048;9960
3;1741122475846;14335
0;1741122476088;9961
3;1741122480873;14336
0;1741122480954;9962
3;1741122485894;14337
0;1741122485941;9963
3;1741122490865;14338
0;1741122491055;9964
3;1741122495909;14339
0;1741122496015;9965
3;1741122500838;14340
0;1741122501151;9966
3;1741122505845;14341
0;1741122508698;9967
3;1741122510868;14342
0;1741122511112;9968
3;1741122515876;14343
0;1741122515902;9969
3;1741122520836;14344
0;1741122520910;9970
3;1741122525828;14345
0;1741122525917;9971
3;1741122530835;14346
0;1741122530948;9972
0;1741122535895;9973
3;1741122535908;14347
3;1741122540925;14348
0;1741122540957;9974
3;1741122545858;14349
0;1741122545919;9975
3;1741122550926;14350
0;1741122550973;9976
3;1741122555841;14351
0;1741122556012;9977
3;1741122560865;14352
0;1741122560908;9978
3;1741122565873;14353
0;1741122565931;9979
3;1741122570879;14354
0;1741122570939;9980
3;1741122575896;14355
0;1741122575930;9981
3;1741122580882;14356
0;1741122581130;9982
3;1741122585882;14357
0;1741122586026;9983
3;1741122590862;14358
0;1741122590889;9984
3;1741122595845;14359
0;1741122596121;9985
3;1741122601335;14360
0;1741122601607;9986
3;1741122605851;14361
0;1741122605881;9987
3;1741122610893;14362
0;1741122610918;9988
3;1741122615867;14363
0;1741122616374;9989
0;1741122620870;9990
3;1741122620882;14364
0;1741122625862;9991
3;1741122625874;14365
3;1741122630857;14366
0;1741122630933;9992
3;1741122635833;14367
0;1741122638380;9993
3;1741122640890;14368
0;1741122640927;9994
3;1741122645834;14369
0;1741122646132;9995
3;1741122650869;14370
0;1741122650879;9996
3;1741122655833;14371
0;1741122655876;9997
3;1741122660897;14372
0;1741122660956;9998
3;1741122665874;14373
0;1741122666275;9999
3;1741122670889;14374
0;1741122670988;10000
0;1741122675875;10001
3;1741122675890;14375
3;1741122680922;14376
0;1741122680956;10002
3;1741122685848;14377
0;1741122685907;10003
3;1741122690854;14378
0;1741122690940;10004
3;1741122695919;14379
0;1741122695956;10005
0;1741122700897;10006
3;1741122700906;14380
3;1741122705831;14381
0;1741122706304;10007
3;1741122710870;14382
0;1741122711020;10008
3;1741122715831;14383
0;1741122715964;10009
3;1741122720869;14384
0;1741122721153;10010
3;1741122725830;14385
0;1741122726160;10011
3;1741122730868;14386
0;1741122731007;10012
3;1741122735877;14387
0;1741122736008;10013
3;1741122740915;14388
0;1741122743390;10014
3;1741122745876;14389
0;1741122745902;10015
3;1741122750909;14390
0;1741122750926;10016
3;1741122755861;14391
0;1741122758781;10017
3;1741122760868;14392
0;1741122761145;10018
3;1741122765874;14393
0;1741122766093;10019
3;1741122770835;14394
0;1741122771126;10020
3;1741122775874;14395
0;1741122776217;10021
3;1741122780865;14396
0;1741122780908;10022
3;1741122785841;14397
0;1741122785873;10023
3;1741122790849;14398
0;1741122790891;10024
3;1741122795898;14399
0;1741122795915;10025
3;1741122800898;14400
0;1741122800996;10026
3;1741122805898;14401
0;1741122805909;10027
3;1741122810864;14402
0;1741122811098;10028
3;1741122815871;14403
0;1741122818155;10029
3;1741122820832;14404
0;1741122820996;10030
3;1741122825872;14405
0;1741122826211;10031
3;1741122830895;14406
0;1741122830993;10032
0;1741122835867;10033
3;1741122835879;14407
3;1741122840874;14408
0;1741122840888;10034
3;1741122845853;14409
0;1741122845956;10035
3;1741122850901;14410
0;1741122850910;10036
3;1741122855837;14411
0;1741122855959;10037
3;1741122860882;14412
0;1741122861015;10038
3;1741122865862;14413
0;1741122865944;10039
3;1741122870860;14414
0;1741122870934;10040
3;1741122875885;14415
0;1741122875920;10041
3;1741122880860;14416
0;1741122880897;10042
3;1741122885851;14417
0;1741122885989;10043
3;1741122890941;14418
0;1741122891173;10044
3;1741122895884;14419
0;1741122895913;10045
3;1741122900906;14420
0;1741122900980;10046
3;1741122905835;14421
0;1741122905937;10047
3;1741122910843;14422
0;1741122910932;10048
3;1741122915834;14423
0;1741122915940;10049
3;1741122920875;14424
0;1741122920931;10050
3;1741122925850;14425
0;1741122926227;10051
3;1741122930880;14426
0;1741122930918;10052
3;1741122935848;14427
0;1741122935939;10053
3;1741122940840;14428
0;1741122940908;10054
3;1741122945890;14429
0;1741122945938;10055
3;1741122950898;14430
0;1741122950913;10056
3;1741122955880;14431
0;1741122955895;10057
3;1741122960872;14432
0;1741122960913;10058
0;1741122965873;10059
3;1741122965888;14433
3;1741122970870;14434
0;1741122970928;10060
3;1741122975847;14435
0;1741122975936;10061
3;1741122980869;14436
0;1741122980960;10062
3;1741122985909;14437
0;1741122986015;10063
3;1741122990909;14438
0;1741122990916;10064
3;1741122995861;14439
0;1741122996015;10065
3;1741123000867;14440
0;1741123000942;10066
3;1741123005871;14441
0;1741123005915;10067
3;1741123010852;14442
0;1741123011229;10068
3;1741123015874;14443
0;1741123015912;10069
3;1741123020868;14444
0;1741123021165;10070
3;1741123025876;14445
0;1741123025951;10071
3;1741123030881;14446
0;1741123030995;10072
3;1741123035874;14447
0;1741123035932;10073
0;1741123040860;10074
3;1741123040881;14448
3;1741123045903;14449
0;1741123046284;10075
3;1741123050834;14450
0;1741123050921;10076
3;1741123055901;14451
0;1741123055947;10077
3;1741123060881;14452
0;1741123060971;10078
3;1741123065841;14453
0;1741123065898;10079
3;1741123070832;14454
0;1741123070970;10080
3;1741123075840;14455
0;1741123075914;10081
3;1741123080864;14456
0;1741123081097;10082
3;1741123085855;14457
0;1741123085897;10083
3;1741123090864;14458
0;1741123091017;10084
3;1741123095872;14459
0;1741123095913;10085
3;1741123100863;14460
0;1741123100952;10086
3;1741123105899;14461
0;1741123105944;10087
3;1741123110846;14462
0;1741123110941;10088
3;1741123115887;14463
0;1741123115911;10089
3;1741123120875;14464
0;1741123120903;10090
3;1741123125861;14465
0;1741123126087;10091
3;1741123130828;14466
0;1741123131014;10092
3;1741123135867;14467
0;1741123135894;10093
3;1741123140876;14468
0;1741123140920;10094
3;1741123145900;14469
0;1741123146117;10095
0;1741123150869;10096
3;1741123150881;14470
3;1741123155850;14471
0;1741123156128;10097
3;1741123160825;14472
0;1741123161028;10098
3;1741123165897;14473
0;1741123165940;10099
3;1741123170885;14474
0;1741123171076;10100
3;1741123175865;14475
0;1741123175912;10101
3;1741123180873;14476
0;1741123180963;10102
3;1741123185896;14477
0;1741123185987;10103
3;1741123190887;14478
0;1741123190940;10104
3;1741123195896;14479
0;1741123195932;10105
3;1741123200841;14480
0;1741123201031;10106
3;1741123205833;14481
0;1741123206034;10107
3;1741123210877;14482
0;1741123210941;10108
3;1741123215863;14483
0;1741123215913;10109
3;1741123220840;14484
0;1741123220937;10110
3;1741123225847;14485
0;1741123225878;10111
3;1741123230867;14486
0;1741123231276;10112
0;1741123235936;10113
3;1741123235946;14487
3;1741123240900;14488
0;1741123240940;10114
3;1741123245846;14489
0;1741123245880;10115
3;1741123250948;14490
0;1741123252991;10116
3;1741123255861;14491
0;1741123255935;10117
3;1741123260852;14492
0;1741123261016;10118
3;1741123265876;14493
0;1741123265902;10119
3;1741123270851;14494
0;1741123270926;10120
3;1741123275891;14495
0;1741123275923;10121
3;1741123280851;14496
0;1741123280936;10122
3;1741123285880;14497
0;1741123286048;10123
3;1741123290866;14498
0;1741123290972;10124
3;1741123295842;14499
0;1741123296028;10125
3;1741123300835;14500
0;1741123301644;10126
3;1741123305867;14501
0;1741123306028;10127
3;1741123310881;14502
0;1741123310923;10128
3;1741123315873;14503
0;1741123318468;10129
3;1741123320849;14504
0;1741123320932;10130
3;1741123325967;14505
0;1741123326123;10131
0;1741123330874;10132
3;1741123330884;14506
3;1741123335841;14507
0;1741123336010;10133
3;1741123340833;14508
0;1741123341065;10134
0;1741123345874;10135
3;1741123345888;14509
3;1741123350847;14510
0;1741123350884;10136
3;1741123355858;14511
0;1741123355928;10137
3;1741123360863;14512
0;1741123360953;10138
3;1741123365882;14513
0;1741123365927;10139
3;1741123370877;14514
0;1741123370920;10140
3;1741123375837;14515
3;1741123380860;14516
3;1741123385851;14517
3;1741123390842;14518
3;1741123395849;14519
3;1741123400840;14520
3;1741123405850;14521
3;1741123410873;14522
3;1741123415832;14523
3;1741123420867;14524
3;1741123425847;14525
3;1741123430839;14526
3;1741123435846;14527
3;1741123440838;14528
3;1741123445846;14529
3;1741123450837;14530
3;1741123455844;14531
3;1741123460878;14532
3;1741123465860;14533
3;1741123470852;14534
3;1741123475843;14535
3;1741123480836;14536
3;1741123485843;14537
3;1741123490832;14538
3;1741123495871;14539
3;1741123500847;14540
3;1741123505826;14541
3;1741123510831;14542
3;1741123515841;14543
3;1741123520910;14544
3;1741123525840;14545
3;1741123530846;14546
3;1741123535838;14547
3;1741123540845;14548
3;1741123545838;14549
3;1741123550910;14550
3;1741123555838;14551
3;1741123560844;14552
3;1741123565851;14553
3;1741123570828;14554
3;1741123575852;14555
3;1741123580842;14556
3;1741123585868;14557
3;1741123590827;14558
3;1741123595990;14559
3;1741123600825;14560
3;1741123605880;14561
3;1741123610842;14562
3;1741123615833;14563
3;1741123620841;14564
3;1741123625848;14565
3;1741123630880;14566
3;1741123635833;14567
3;1741123640869;14568
3;1741123645832;14569
3;1741123650840;14570
3;1741123655831;14571
3;1741123660872;14572
3;1741123665830;14573
3;1741123670849;14574
3;1741123675847;14575
3;1741123680837;14576
3;1741123685845;14577
3;1741123690862;14578
3;1741123695860;14579
3;1741123700835;14580
3;1741123705843;14581
3;1741123710851;14582
3;1741123715827;14583
3;1741123720835;14584
3;1741123725876;14585
3;1741123730835;14586
3;1741123735871;14587
3;1741123740850;14588
3;1741123745841;14589
3;1741123750850;14590
3;1741123755841;14591
3;1741123760848;14592
3;1741123765865;14593
3;1741123770872;14594
3;1741123775839;14595
3;1741123780832;14596
3;1741123785866;14597
3;1741123790846;14598
3;1741123795838;14599
3;1741123800845;14600
3;1741123805837;14601
3;1741123810877;14602
3;1741123815839;14603
3;1741123820845;14604
3;1741123825853;14605
3;1741123830829;14606
3;1741123835852;14607
3;1741123840844;14608
3;1741123845850;14609
3;1741123850843;14610
3;1741123855834;14611
3;1741123860843;14612
3;1741123865867;14613
3;1741123870842;14614
3;1741123875848;14615
3;1741123880840;14616
3;1741123885905;14617
3;1741123890838;14618
3;1741123895847;14619
3;1741123900837;14620
3;1741123905830;14621
3;1741123910869;14622
3;1741123915885;14623
3;1741123920837;14624
3;1741123925876;14625
3;1741123930878;14626
3;1741123935843;14627
3;1741123940854;14628
3;1741123945843;14629
3;1741123950834;14630
3;1741123955842;14631
3;1741123960882;14632
3;1741123965842;14633
3;1741123970832;14634
3;1741123975857;14635
3;1741123980832;14636
3;1741123985914;14637
3;1741123990847;14638
3;1741123995840;14639
3;1741124000833;14640
3;1741124005840;14641
3;1741124010833;14642
3;1741124015854;14643
3;1741124020848;14644
3;1741124025839;14645
3;1741124030846;14646
3;1741124035845;14647
3;1741124040845;14648
3;1741124045854;14649
3;1741124050829;14650
3;1741124055854;14651
3;1741124060879;14652
3;1741124065850;14653
3;1741124070842;14654
3;1741124075834;14655
3;1741124080841;14656
3;1741124085855;14657
3;1741124090841;14658
3;1741124095865;14659
3;1741124100840;14660
3;1741124105880;14661
3;1741124110840;14662
3;1741124115832;14663
3;1741124120841;14664
3;1741124125847;14665
3;1741124130874;14666
3;1741124135830;14667
3;1741124140838;14668
3;1741124145831;14669
3;1741124150837;14670
3;1741124155845;14671
3;1741124160836;14672
3;1741124165921;14673
3;1741124170908;14674
3;1741124175871;14675
0;1741124176008;10141
3;1741124180868;14676
0;1741124180957;10142
3;1741124185870;14677
0;1741124185966;10143
3;1741124190911;14678
0;1741124190926;10144
3;1741124195859;14679
0;1741124195944;10145
3;1741124200867;14680
0;1741124200893;10146
3;1741124205842;14681
0;1741124206012;10147
3;1741124210867;14682
0;1741124210948;10148
3;1741124215841;14683
0;1741124215922;10149
3;1741124220848;14684
0;1741124221115;10150
3;1741124225880;14685
0;1741124225888;10151
3;1741124230865;14686
0;1741124231099;10152
3;1741124235913;14687
0;1741124235930;10153
3;1741124240880;14688
0;1741124240942;10154
3;1741124245840;14689
0;1741124246077;10155
3;1741124250891;14690
0;1741124250985;10156
3;1741124255863;14691
0;1741124255956;10157
3;1741124260863;14692
0;1741124260942;10158
3;1741124265885;14693
0;1741124265945;10159
3;1741124270877;14694
0;1741124270938;10160
3;1741124275872;14695
0;1741124277956;10161
3;1741124280895;14696
0;1741124281127;10162
3;1741124285838;14697
0;1741124285968;10163
3;1741124290846;14698
0;1741124290912;10164
3;1741124295865;14699
0;1741124296000;10165
0;1741124300871;10166
3;1741124300883;14700
3;1741124305888;14701
0;1741124306246;10167
3;1741124310829;14702
0;1741124313958;10168
3;1741124315883;14703
0;1741124316054;10169
3;1741124320859;14704
0;1741124320918;10170
3;1741124325866;14705
0;1741124325905;10171
0;1741124330868;10172
3;1741124330881;14706
3;1741124335849;14707
0;1741124335962;10173
3;1741124340855;14708
0;1741124340944;10174
3;1741124345883;14709
0;1741124345987;10175
3;1741124350873;14710
0;1741124350941;10176
3;1741124355832;14711
0;1741124358738;10177
3;1741124360899;14712
0;1741124360948;10178
3;1741124365874;14713
0;1741124365928;10179
3;1741124370871;14714
0;1741124371043;10180
3;1741124375863;14715
0;1741124375921;10181
3;1741124380882;14716
0;1741124380936;10182
0;1741124385897;10183
3;1741124385907;14717
3;1741124390838;14718
0;1741124390913;10184
3;1741124395845;14719
0;1741124395919;10185
3;1741124400853;14720
0;1741124403871;10186
3;1741124405997;14721
0;1741124406233;10187
3;1741124410870;14722
0;1741124410895;10188
3;1741124415875;14723
0;1741124415951;10189
0;1741124420910;10190
3;1741124420919;14724
3;1741124425844;14725
0;1741124425944;10191
3;1741124430866;14726
0;1741124430925;10192
3;1741124435876;14727
0;1741124435945;10193
3;1741124440879;14728
0;1741124440941;10194
3;1741124445858;14729
0;1741124445948;10195
3;1741124450867;14730
0;1741124451004;10196
3;1741124455843;14731
0;1741124456252;10197
3;1741124460834;14732
0;1741124460926;10198
3;1741124465867;14733
0;1741124465950;10199
3;1741124470864;14734
0;1741124471044;10200
3;1741124475840;14735
0;1741124476090;10201
3;1741124480863;14736
0;1741124480877;10202
0;1741124485892;10203
3;1741124485903;14737
3;1741124490875;14738
0;1741124490885;10204
3;1741124495866;14739
0;1741124496088;10205
3;1741124500863;14740
0;1741124501060;10206
3;1741124505870;14741
0;1741124505962;10207
0;1741124510872;10208
3;1741124510882;14742
3;1741124515894;14743
0;1741124516103;10209
3;1741124520933;14744
0;1741124520976;10210
3;1741124525894;14745
0;1741124525952;10211
0;1741124530896;10212
3;1741124530908;14746
3;1741124535901;14747
0;1741124535947;10213
3;1741124540891;14748
0;1741124541024;10214
0;1741124545862;10215
3;1741124545875;14749
3;1741124550850;14750
0;1741124551173;10216
3;1741124555870;14751
0;1741124555924;10217
3;1741124560859;14752
0;1741124560912;10218
3;1741124565834;14753
0;1741124566084;10219
3;1741124570858;14754
0;1741124570916;10220
3;1741124575891;14755
0;1741124575956;10221
3;1741124580905;14756
0;1741124580995;10222
3;1741124585907;14757
0;1741124585955;10223
3;1741124590856;14758
0;1741124590876;10224
3;1741124595904;14759
0;1741124595922;10225
3;1741124600855;14760
0;1741124600929;10226
3;1741124605863;14761
0;1741124605973;10227
3;1741124610857;14762
0;1741124610944;10228
3;1741124615846;14763
0;1741124615984;10229
3;1741124620854;14764
0;1741124620895;10230
3;1741124625830;14765
0;1741124626116;10231
3;1741124630853;14766
0;1741124630895;10232
3;1741124635861;14767
0;1741124635951;10233
3;1741124640927;14768
0;1741124641033;10234
3;1741124645893;14769
0;1741124645939;10235
0;1741124651020;10236
0;1741124655902;10237
3;1741124660910;14770
3;1741124660961;14771
0;1741124661000;10238
3;1741124665843;14772
0;1741124665933;10239
3;1741124670866;14773
0;1741124670938;10240
3;1741124675874;14774
0;1741124675912;10241
3;1741124680869;14775
0;1741124680940;10242
3;1741124685873;14776
0;1741124685904;10243
3;1741124690881;14777
0;1741124691243;10244
3;1741124695896;14778
0;1741124695915;10245
3;1741124700849;14779
0;1741124701038;10246
3;1741124705909;14780
0;1741124705995;10247
3;1741124710905;14781
0;1741124710970;10248
3;1741124715856;14782
0;1741124715898;10249
3;1741124720847;14783
0;1741124723652;10250
3;1741124725855;14784
0;1741124725993;10251
3;1741124730863;14785
0;1741124730878;10252
3;1741124735881;14786
0;1741124735928;10253
3;1741124740880;14787
0;1741124740905;10254
3;1741124745887;14788
0;1741124745969;10255
3;1741124750862;14789
0;1741124750968;10256
3;1741124755919;14790
0;1741124756024;10257
3;1741124760899;14791
0;1741124761127;10258
3;1741124765901;14792
0;1741124765939;10259
3;1741124770871;14793
0;1741124771000;10260
3;1741124775868;14794
0;1741124775910;10261
3;1741124780877;14795
0;1741124780936;10262
3;1741124785883;14796
0;1741124785952;10263
3;1741124790843;14797
0;1741124790917;10264
3;1741124795990;14798
0;1741124796197;10265
3;1741124800920;14799
0;1741124801077;10266
3;1741124805889;14800
0;1741124805957;10267
0;1741124810876;10268
3;1741124810887;14801
3;1741124815834;14802
0;1741124815940;10269
3;1741124820875;14803
0;1741124823915;10270
3;1741124825906;14804
0;1741124825971;10271
0;1741124830868;10272
3;1741124830879;14805
3;1741124835834;14806
0;1741124835955;10273
3;1741124840909;14807
0;1741124840962;10274
3;1741124845848;14808
0;1741124845938;10275
3;1741124850855;14809
0;1741124850930;10276
3;1741124855863;14810
0;1741124855905;10277
3;1741124860885;14811
0;1741124860961;10278
3;1741124865887;14812
0;1741124865929;10279
3;1741124870870;14813
0;1741124870916;10280
3;1741124875923;14814
0;1741124875998;10281
3;1741124880882;14815
0;1741124880929;10282
3;1741124885830;14816
0;1741124888609;10283
3;1741124890870;14817
0;1741124890991;10284
3;1741124895863;14818
0;1741124895935;10285
3;1741124900868;14819
0;1741124900913;10286
3;1741124905892;14820
0;1741124906017;10287
3;1741124910940;14821
0;1741124911016;10288
3;1741124915902;14822
0;1741124915933;10289
3;1741124920867;14823
0;1741124920927;10290
3;1741124925826;14824
0;1741124926108;10291
3;1741124930865;14825
0;1741124930892;10292
3;1741124935867;14826
0;1741124935965;10293
3;1741124940849;14827
0;1741124940902;10294
3;1741124945873;14828
0;1741124945931;10295
3;1741124950881;14829
0;1741124950941;10296
3;1741124955839;14830
0;1741124955956;10297
3;1741124960943;14831
0;1741124961081;10298
3;1741124965856;14832
0;1741124965913;10299
3;1741124970846;14833
0;1741124971018;10300
3;1741124975838;14834
0;1741124975929;10301
3;1741124980921;14835
0;1741124980930;10302
3;1741124985869;14836
0;1741124985928;10303
3;1741124990846;14837
0;1741124991016;10304
3;1741124995869;14838
0;1741124996279;10305
3;1741125000870;14839
0;1741125000936;10306
3;1741125005910;14840
0;1741125005975;10307
3;1741125010845;14841
0;1741125010950;10308
3;1741125015883;14842
0;1741125016327;10309
3;1741125020878;14843
0;1741125020902;10310
3;1741125025878;14844
0;1741125026064;10311
3;1741125030843;14845
0;1741125031139;10312
3;1741125035849;14846
0;1741125035924;10313
3;1741125040917;14847
0;1741125040983;10314
3;1741125045882;14848
0;1741125045980;10315
3;1741125050866;14849
0;1741125050877;10316
3;1741125055833;14850
0;1741125055962;10317
3;1741125060888;14851
0;1741125060990;10318
3;1741125065834;14852
0;1741125065938;10319
3;1741125070840;14853
0;1741125070930;10320
3;1741125075863;14854
0;1741125075880;10321
3;1741125080871;14855
0;1741125081025;10322
3;1741125085905;14856
0;1741125085921;10323
3;1741125090866;14857
0;1741125090924;10324
3;1741125095863;14858
0;1741125095874;10325
3;1741125100871;14859
0;1741125100928;10326
0;1741125105883;10327
3;1741125105894;14860
3;1741125110853;14861
0;1741125110936;10328
3;1741125115918;14862
0;1741125115999;10329
3;1741125120868;14863
0;1741125120920;10330
3;1741125125845;14864
0;1741125126201;10331
3;1741125130870;14865
0;1741125130926;10332
3;1741125135876;14866
0;1741125135953;10333
3;1741125140852;14867
0;1741125140936;10334
3;1741125145859;14868
0;1741125145960;10335
3;1741125150898;14869
0;1741125150925;10336
3;1741125155841;14870
0;1741125155949;10337
3;1741125160868;14871
0;1741125160909;10338
3;1741125165903;14872
0;1741125165913;10339
3;1741125170894;14873
0;1741125170956;10340
0;1741125175896;10341
3;1741125175909;14874
3;1741125180882;14875
0;1741125180930;10342
3;1741125185841;14876
0;1741125185934;10343
3;1741125190866;14877
0;1741125190934;10344
3;1741125195872;14878
0;1741125195974;10345
3;1741125200847;14879
0;1741125201260;10346
3;1741125205929;14880
0;1741125205935;10347
3;1741125210863;14881
0;1741125210931;10348
3;1741125215917;14882
0;1741125216057;10349
3;1741125220862;14883
0;1741125220873;10350
0;1741125225865;10351
3;1741125225877;14884
3;1741125230894;14885
0;1741125230932;10352
3;1741125235871;14886
0;1741125238004;10353
3;1741125240906;14887
0;1741125240936;10354
3;1741125245870;14888
0;1741125246008;10355
3;1741125250925;14889
0;1741125250932;10356
3;1741125255877;14890
0;1741125255911;10357
3;1741125260846;14891
0;1741125260967;10358
3;1741125265868;14892
0;1741125268774;10359
3;1741125270827;14893
0;1741125271046;10360
3;1741125275835;14894
0;1741125276086;10361
3;1741125280842;14895
0;1741125280880;10362
3;1741125285835;14896
0;1741125285909;10363
3;1741125290891;14897
0;1741125290972;10364
3;1741125295866;14898
0;1741125295940;10365
3;1741125300872;14899
0;1741125300963;10366
3;1741125305890;14900
0;1741125305965;10367
3;1741125310873;14901
0;1741125310929;10368
3;1741125315863;14902
0;1741125315926;10369
3;1741125320904;14903
0;1741125320988;10370
3;1741125325863;14904
0;1741125325953;10371
3;1741125330887;14905
0;1741125330956;10372
3;1741125335846;14906
0;1741125335948;10373
3;1741125340903;14907
0;1741125340929;10374
3;1741125345869;14908
0;1741125345881;10375
3;1741125350871;14909
0;1741125350944;10376
3;1741125355877;14910
0;1741125355932;10377
3;1741125360870;14911
0;1741125360922;10378
3;1741125365919;14912
0;1741125366010;10379
3;1741125370870;14913
0;1741125370882;10380
3;1741125375893;14914
0;1741125375928;10381
3;1741125380867;14915
0;1741125380949;10382
3;1741125385949;14916
0;1741125386110;10383
3;1741125390926;14917
0;1741125391006;10384
3;1741125395844;14918
0;1741125395919;10385
3;1741125400899;14919
0;1741125400989;10386
3;1741125405873;14920
0;1741125405917;10387
3;1741125410876;14921
0;1741125410926;10388
3;1741125415885;14922
0;1741125415996;10389
3;1741125420961;14923
0;1741125421092;10390
3;1741125425873;14924
0;1741125425933;10391
3;1741125430865;14925
0;1741125431020;10392
3;1741125435890;14926
0;1741125435963;10393
3;1741125440896;14927
0;1741125440979;10394
3;1741125445913;14928
0;1741125445924;10395
3;1741125450879;14929
0;1741125450889;10396
3;1741125455857;14930
0;1741125455897;10397
3;1741125460863;14931
0;1741125460961;10398
3;1741125465869;14932
0;1741125466071;10399
3;1741125470871;14933
0;1741125472934;10400
3;1741125475900;14934
0;1741125476326;10401
3;1741125480845;14935
0;1741125480911;10402
3;1741125485852;14936
0;1741125486038;10403
3;1741125490875;14937
0;1741125490906;10404
3;1741125495884;14938
0;1741125495934;10405
3;1741125500907;14939
0;1741125501040;10406
3;1741125505909;14940
0;1741125505972;10407
3;1741125510902;14941
3;1741125515865;14942
0;1741125515878;10408
3;1741125520858;14943
0;1741125521116;10409
3;1741125525850;14944
0;1741125525884;10410
3;1741125530874;14945
0;1741125530915;10411
3;1741125535881;14946
0;1741125535917;10412
3;1741125540856;14947
0;1741125540876;10413
3;1741125545918;14948
0;1741125546050;10414
3;1741125550888;14949
0;1741125550947;10415
3;1741125555865;14950
0;1741125555879;10416
3;1741125560840;14951
0;1741125560977;10417
3;1741125565847;14952
0;1741125565914;10418
3;1741125570949;14953
0;1741125573888;10419
3;1741125575862;14954
0;1741125575900;10420
3;1741125580888;14955
0;1741125581008;10421
3;1741125585902;14956
0;1741125585967;10422
3;1741125590837;14957
0;1741125590880;10423
3;1741125595861;14958
0;1741125596039;10424
3;1741125600868;14959
0;1741125600930;10425
3;1741125605877;14960
0;1741125605934;10426
3;1741125610868;14961
0;1741125611009;10427
3;1741125615860;14962
0;1741125615886;10428
3;1741125620909;14963
0;1741125620942;10429
3;1741125625858;14964
0;1741125625892;10430
3;1741125630866;14965
0;1741125631116;10431
3;1741125635857;14966
0;1741125635980;10432
3;1741125640868;14967
0;1741125640919;10433
3;1741125645884;14968
0;1741125645932;10434
3;1741125650851;14969
0;1741125650893;10435
3;1741125655841;14970
0;1741125655935;10436
3;1741125660864;14971
0;1741125660912;10437
3;1741125665840;14972
0;1741125665866;10438
3;1741125670878;14973
0;1741125671018;10439
3;1741125675872;14974
0;1741125675923;10440
3;1741125680862;14975
0;1741125680954;10441
3;1741125685854;14976
0;1741125686074;10442
3;1741125690877;14977
0;1741125690969;10443
3;1741125695853;14978
0;1741125696009;10444
3;1741125701007;14979
0;1741125703268;10445
3;1741125705870;14980
0;1741125705945;10446
3;1741125710909;14981
0;1741125710952;10447
3;1741125715837;14982
0;1741125716032;10448
3;1741125720859;14983
0;1741125720954;10449
3;1741125725862;14984
0;1741125725959;10450
3;1741125730844;14985
0;1741125730892;10451
3;1741125735867;14986
0;1741125735910;10452
3;1741125740918;14987
0;1741125740942;10453
0;1741125745862;10454
3;1741125745870;14988
3;1741125750859;14989
0;1741125750935;10455
3;1741125755872;14990
0;1741125755960;10456
3;1741125760891;14991
0;1741125763125;10457
3;1741125765866;14992
0;1741125766004;10458
3;1741125770859;14993
0;1741125770896;10459
3;1741125775864;14994
0;1741125775909;10460
3;1741125780928;14995
0;1741125780967;10461
0;1741125785893;10462
3;1741125785906;14996
3;1741125790841;14997
0;1741125790931;10463
3;1741125795864;14998
0;1741125795916;10464
3;1741125800855;14999
0;1741125800923;10465
3;1741125805880;15000
0;1741125805925;10466
3;1741125810840;15001
0;1741125810908;10467
3;1741125815846;15002
0;1741125815905;10468
3;1741125820896;15003
0;1741125820945;10469
3;1741125825846;15004
0;1741125825925;10470
3;1741125830870;15005
0;1741125830912;10471
3;1741125835937;15006
0;1741125836051;10472
3;1741125840924;15007
0;1741125840980;10473
3;1741125845893;15008
0;1741125845983;10474
3;1741125850931;15009
0;1741125851024;10475
3;1741125855830;15010
0;1741125858783;10476
3;1741125860909;15011
0;1741125860958;10477
3;1741125865907;15012
0;1741125866094;10478
3;1741125870853;15013
0;1741125870876;10479
3;1741125875843;15014
0;1741125875943;10480
3;1741125880910;15015
0;1741125880920;10481
3;1741125885875;15016
0;1741125885933;10482
3;1741125890900;15017
0;1741125890956;10483
3;1741125895879;15018
0;1741125895916;10484
3;1741125900865;15019
0;1741125900939;10485
3;1741125905841;15020
0;1741125905956;10486
3;1741125910865;15021
0;1741125910891;10487
3;1741125915889;15022
0;1741125915962;10488
3;1741125920864;15023
0;1741125920890;10489
3;1741125925879;15024
0;1741125926166;10490
3;1741125930863;15025
0;1741125930891;10491
3;1741125935882;15026
0;1741125936057;10492
3;1741125940893;15027
0;1741125940968;10493
3;1741125945855;15028
0;1741125945940;10494
3;1741125950887;15029
0;1741125950936;10495
3;1741125955870;15030
0;1741125955944;10496
3;1741125960913;15031
0;1741125960967;10497
3;1741125965885;15032
0;1741125965974;10498
0;1741125970871;10499
3;1741125970882;15033
3;1741125975852;15034
0;1741125975888;10500
3;1741125980900;15035
0;1741125980907;10501
3;1741125985868;15036
0;1741125985926;10502
3;1741125990874;15037
0;1741125990917;10503
3;1741125995924;15038
0;1741125996005;10504
3;1741126000827;15039
0;1741126001168;10505
0;1741126005877;10506
3;1741126005886;15040
3;1741126010841;15041
0;1741126010932;10507
3;1741126015849;15042
0;1741126015889;10508
3;1741126020906;15043
0;1741126021011;10509
3;1741126025865;15044
0;1741126025950;10510
3;1741126030857;15045
0;1741126030950;10511
3;1741126035911;15046
0;1741126036131;10512
3;1741126040857;15047
0;1741126040939;10513
3;1741126045865;15048
0;1741126045885;10514
3;1741126050871;15049
0;1741126050900;10515
3;1741126055847;15050
0;1741126055925;10516
3;1741126060878;15051
0;1741126060925;10517
3;1741126065862;15052
0;1741126065941;10518
3;1741126070887;15053
0;1741126071004;10519
3;1741126075878;15054
0;1741126075921;10520
3;1741126080869;15055
0;1741126080957;10521
3;1741126085877;15056
0;1741126085887;10522
3;1741126090884;15057
0;1741126090991;10523
3;1741126095829;15058
0;1741126096175;10524
3;1741126100868;15059
0;1741126100954;10525
3;1741126105890;15060
0;1741126105941;10526
3;1741126110851;15061
0;1741126110926;10527
0;1741126115898;10528
3;1741126115906;15062
3;1741126120835;15063
0;1741126120936;10529
3;1741126125860;15064
0;1741126125896;10530
3;1741126130978;15065
0;1741126131085;10531
3;1741126135859;15066
0;1741126135900;10532
3;1741126140833;15067
0;1741126140940;10533
3;1741126145846;15068
0;1741126145968;10534
3;1741126150925;15069
0;1741126151020;10535
3;1741126155857;15070
0;1741126155979;10536
3;1741126160865;15071
0;1741126161003;10537
3;1741126165895;15072
0;1741126165932;10538
3;1741126170865;15073
0;1741126170890;10539
3;1741126175865;15074
0;1741126176058;10540
3;1741126180881;15075
0;1741126180954;10541
3;1741126185856;15076
0;1741126185872;10542
3;1741126190887;15077
0;1741126191241;10543
3;1741126195871;15078
0;1741126196025;10544
3;1741126200863;15079
0;1741126200904;10545
3;1741126205896;15080
0;1741126205905;10546
3;1741126210879;15081
0;1741126211144;10547
3;1741126215914;15082
0;1741126215924;10548
3;1741126220894;15083
0;1741126220996;10549
3;1741126225884;15084
0;1741126225975;10550
3;1741126230987;15085
0;1741126231351;10551
3;1741126235868;15086
0;1741126235942;10552
3;1741126240843;15087
0;1741126240870;10553
3;1741126245851;15088
0;1741126245907;10554
3;1741126250876;15089
0;1741126250998;10555
3;1741126255877;15090
0;1741126255953;10556
3;1741126260843;15091
0;1741126261158;10557
3;1741126265867;15092
0;1741126265909;10558
3;1741126270858;15093
0;1741126270948;10559
3;1741126275881;15094
0;1741126276101;10560
3;1741126280841;15095
0;1741126280905;10561
3;1741126285865;15096
0;1741126285923;10562
3;1741126290857;15097
0;1741126290915;10563
3;1741126295864;15098
0;1741126295923;10564
3;1741126300865;15099
0;1741126300946;10565
3;1741126305831;15100
0;1741126305858;10566
3;1741126310897;15101
0;1741126311010;10567
3;1741126315926;15102
0;1741126316017;10568
3;1741126320840;15103
0;1741126320929;10569
3;1741126325847;15104
0;1741126325953;10570
3;1741126330855;15105
0;1741126330892;10571
3;1741126335926;15106
0;1741126336080;10572
3;1741126340870;15107
0;1741126340960;10573
3;1741126345845;15108
0;1741126345888;10574
3;1741126350869;15109
0;1741126351023;10575
3;1741126355899;15110
0;1741126355999;10576
3;1741126360837;15111
0;1741126360927;10577
3;1741126365862;15112
0;1741126366078;10578
3;1741126370867;15113
0;1741126370990;10579
3;1741126375876;15114
0;1741126375982;10580
3;1741126380835;15115
0;1741126380958;10581
3;1741126385892;15116
0;1741126386003;10582
3;1741126390866;15117
0;1741126390941;10583
3;1741126395828;15118
0;1741126396158;10584
3;1741126400867;15119
0;1741126400921;10585
3;1741126405858;15120
0;1741126405948;10586
3;1741126410865;15121
0;1741126410944;10587
3;1741126415891;15122
0;1741126415903;10588
3;1741126420905;15123
0;1741126420914;10589
3;1741126425889;15124
0;1741126425963;10590
3;1741126430863;15125
0;1741126430916;10591
3;1741126435872;15126
0;1741126436068;10592
3;1741126440893;15127
0;1741126440933;10593
3;1741126445888;15128
0;1741126445965;10594
3;1741126450878;15129
0;1741126451129;10595
3;1741126455898;15130
0;1741126456009;10596
3;1741126460845;15131
0;1741126460893;10597
3;1741126465903;15132
0;1741126465976;10598
3;1741126470877;15133
0;1741126470911;10599
3;1741126475852;15134
0;1741126475913;10600
3;1741126480828;15135
0;1741126481015;10601
3;1741126485869;15136
0;1741126485911;10602
3;1741126490908;15137
0;1741126490967;10603
3;1741126495907;15138
0;1741126496008;10604
3;1741126500845;15139
0;1741126500943;10605
3;1741126505868;15140
0;1741126505958;10606
3;1741126510877;15141
0;1741126510981;10607
3;1741126515867;15142
0;1741126515934;10608
3;1741126520932;15143
0;1741126520986;10609
3;1741126525866;15144
0;1741126525941;10610
3;1741126530875;15145
0;1741126530916;10611
3;1741126535867;15146
0;1741126535924;10612
3;1741126540867;15147
0;1741126540963;10613
0;1741126545860;10614
3;1741126545880;15148
3;1741126550871;15149
0;1741126550915;10615
3;1741126555882;15150
0;1741126555924;10616
3;1741126560857;15151
0;1741126560914;10617
3;1741126565866;15152
0;1741126566084;10618
3;1741126570928;15153
0;1741126571026;10619
3;1741126575848;15154
0;1741126575927;10620
0;1741126580896;10621
3;1741126580907;15155
3;1741126585861;15156
0;1741126585935;10622
3;1741126590883;15157
0;1741126590915;10623
3;1741126595860;15158
0;1741126595896;10624
3;1741126600835;15159
0;1741126600909;10625
3;1741126605875;15160
0;1741126605981;10626
3;1741126610867;15161
0;1741126610941;10627
3;1741126615841;15162
0;1741126615980;10628
3;1741126620866;15163
0;1741126620876;10629
3;1741126625870;15164
0;1741126625983;10630
3;1741126630881;15165
0;1741126631163;10631
3;1741126635873;15166
0;1741126635981;10632
3;1741126640880;15167
0;1741126640971;10633
3;1741126645853;15168
0;1741126645974;10634
3;1741126650880;15169
0;1741126650996;10635
3;1741126655880;15170
0;1741126655946;10636
3;1741126660898;15171
0;1741126660969;10637
3;1741126665855;15172
0;1741126666041;10638
3;1741126670858;15173
0;1741126671241;10639
3;1741126675865;15174
0;1741126676069;10640
3;1741126680862;15175
0;1741126680873;10641
3;1741126685869;15176
0;1741126685921;10642
3;1741126690846;15177
0;1741126690921;10643
3;1741126695909;15178
0;1741126695925;10644
3;1741126700875;15179
0;1741126700926;10645
3;1741126705867;15180
0;1741126706085;10646
3;1741126710894;15181
0;1741126710964;10647
3;1741126715866;15182
0;1741126716000;10648
3;1741126723465;15183
0;1741126723924;10649
3;1741126725866;15184
0;1741126725909;10650
0;1741126730867;10651
3;1741126730889;15185
3;1741126735881;15186
0;1741126735939;10652
3;1741126740842;15187
0;1741126741123;10653
3;1741126745865;15188
0;1741126745900;10654
3;1741126750912;15189
0;1741126750941;10655
3;1741126755874;15190
0;1741126756001;10656
3;1741126760871;15191
0;1741126760952;10657
3;1741126765891;15192
0;1741126765953;10658
0;1741126770932;10659
3;1741126770945;15193
3;1741126775878;15194
0;1741126775908;10660
3;1741126780898;15195
0;1741126780928;10661
3;1741126785878;15196
0;1741126785948;10662
3;1741126790870;15197
0;1741126790991;10663
3;1741126795845;15198
0;1741126795919;10664
3;1741126800853;15199
0;1741126800895;10665
3;1741126805892;15200
0;1741126805963;10666
3;1741126810869;15201
0;1741126810894;10667
3;1741126815876;15202
0;1741126815909;10668
3;1741126820867;15203
0;1741126820920;10669
3;1741126825874;15204
0;1741126825965;10670
3;1741126830866;15205
0;1741126830941;10671
3;1741126835858;15206
0;1741126835901;10672
3;1741126840877;15207
0;1741126840924;10673
3;1741126845932;15208
0;1741126846010;10674
3;1741126850865;15209
0;1741126850908;10675
3;1741126855878;15210
0;1741126855995;10676
3;1741126860907;15211
0;1741126860971;10677
3;1741126865883;15212
0;1741126866027;10678
3;1741126870889;15213
0;1741126870955;10679
3;1741126875841;15214
0;1741126875930;10680
3;1741126880865;15215
0;1741126880919;10681
3;1741126885928;15216
0;1741126885979;10682
3;1741126890922;15217
0;1741126890983;10683
3;1741126895855;15218
0;1741126895943;10684
3;1741126900877;15219
0;1741126901127;10685
3;1741126905837;15220
0;1741126906022;10686
3;1741126910845;15221
0;1741126910966;10687
3;1741126915853;15222
0;1741126915929;10688
3;1741126920876;15223
0;1741126920927;10689
3;1741126925867;15224
0;1741126925941;10690
3;1741126930858;15225
0;1741126930890;10691
3;1741126935851;15226
0;1741126936213;10692
3;1741126940874;15227
0;1741126940901;10693
3;1741126945894;15228
0;1741126946163;10694
3;1741126950870;15229
0;1741126950899;10695
3;1741126955862;15230
0;1741126955922;10696
3;1741126960872;15231
0;1741126960926;10697
3;1741126965906;15232
0;1741126965954;10698
3;1741126970854;15233
0;1741126970945;10699
3;1741126975943;15234
0;1741126976205;10700
3;1741126980871;15235
0;1741126980948;10701
3;1741126985910;15236
0;1741126986049;10702
3;1741126990870;15237
0;1741126993856;10703
3;1741126995878;15238
0;1741126996000;10704
3;1741127000869;15239
0;1741127000927;10705
3;1741127005901;15240
0;1741127005919;10706
3;1741127010870;15241
0;1741127010968;10707
3;1741127015860;15242
0;1741127015928;10708
3;1741127020851;15243
0;1741127021070;10709
3;1741127025891;15244
0;1741127025934;10710
3;1741127030867;15245
0;1741127030973;10711
3;1741127035870;15246
0;1741127036152;10712
3;1741127040868;15247
0;1741127040924;10713
3;1741127045841;15248
0;1741127046075;10714
3;1741127050833;15249
0;1741127053867;10715
3;1741127055857;15250
0;1741127055979;10716
3;1741127060849;15251
0;1741127060908;10717
3;1741127065893;15252
0;1741127065927;10718
3;1741127070848;15253
0;1741127070948;10719
3;1741127075841;15254
0;1741127075933;10720
3;1741127080832;15255
0;1741127081018;10721
3;1741127085865;15256
0;1741127085988;10722
3;1741127090846;15257
0;1741127090905;10723
3;1741127095871;15258
0;1741127095910;10724
3;1741127100846;15259
0;1741127100936;10725
3;1741127105871;15260
0;1741127105896;10726
3;1741127110846;15261
0;1741127111272;10727
3;1741127115885;15262
0;1741127115993;10728
3;1741127120847;15263
0;1741127120983;10729
3;1741127125868;15264
0;1741127125939;10730
3;1741127130901;15265
0;1741127131047;10731
3;1741127135852;15266
0;1741127136038;10732
3;1741127140844;15267
0;1741127140950;10733
3;1741127145835;15268
0;1741127146065;10734
3;1741127150874;15269
0;1741127150885;10735
3;1741127155868;15270
0;1741127155920;10736
3;1741127160901;15271
0;1741127160970;10737
3;1741127165850;15272
0;1741127165912;10738
3;1741127170842;15273
0;1741127171093;10739
3;1741127175864;15274
0;1741127179138;10740
3;1741127180840;15275
0;1741127180929;10741
3;1741127185865;15276
0;1741127185948;10742
3;1741127190838;15277
0;1741127191100;10743
3;1741127195863;15278
0;1741127195929;10744
3;1741127200838;15279
0;1741127200928;10745
3;1741127205846;15280
0;1741127205952;10746
3;1741127210854;15281
0;1741127210922;10747
3;1741127215878;15282
0;1741127216273;10748
3;1741127220854;15283
0;1741127220927;10749
3;1741127225844;15284
0;1741127228856;10750
3;1741127230836;15285
0;1741127230894;10751
0;1741127235896;10752
3;1741127235907;15286
3;1741127240868;15287
0;1741127241143;10753
3;1741127245889;15288
0;1741127246143;10754
3;1741127250867;15289
0;1741127250877;10755
3;1741127255863;15290
0;1741127255900;10756
3;1741127260867;15291
0;1741127260881;10757
3;1741127265873;15292
0;1741127265899;10758
3;1741127270833;15293
0;1741127273787;10759
3;1741127275897;15294
0;1741127275906;10760
3;1741127280911;15295
0;1741127281021;10761
0;1741127285892;10762
3;1741127285903;15296
3;1741127290848;15297
0;1741127290965;10763
3;1741127295887;15298
0;1741127295927;10764
3;1741127300831;15299
0;1741127300979;10765
3;1741127305913;15300
0;1741127305988;10766
3;1741127310910;15301
0;1741127310957;10767
3;1741127315885;15302
0;1741127315962;10768
3;1741127320876;15303
0;1741127321033;10769
0;1741127325865;10770
3;1741127325875;15304
3;1741127330845;15305
0;1741127330919;10771
3;1741127335875;15306
0;1741127335912;10772
3;1741127340844;15307
0;1741127340935;10773
3;1741127345836;15308
0;1741127345948;10774
3;1741127350876;15309
0;1741127351088;10775
3;1741127355853;15310
0;1741127355898;10776
3;1741127360875;15311
0;1741127360928;10777
3;1741127365850;15312
0;1741127366044;10778
3;1741127370874;15313
0;1741127370928;10779
3;1741127375910;15314
0;1741127375956;10780
3;1741127380874;15315
0;1741127380948;10781
3;1741127385866;15316
0;1741127385940;10782
3;1741127390873;15317
0;1741127390933;10783
3;1741127395912;15318
0;1741127395987;10784
3;1741127400846;15319
0;1741127401059;10785
3;1741127405865;15320
0;1741127405890;10786
3;1741127410841;15321
0;1741127410907;10787
3;1741127415849;15322
0;1741127415906;10788
3;1741127420865;15323
0;1741127420946;10789
3;1741127425847;15324
0;1741127425917;10790
0;1741127430883;10791
3;1741127430892;15325
3;1741127435863;15326
0;1741127435932;10792
0;1741127440864;10793
3;1741127440903;15327
3;1741127445848;15328
0;1741127445952;10794
3;1741127450869;15329
0;1741127450878;10795
0;1741127455871;10796
3;1741127455884;15330
3;1741127460870;15331
0;1741127460927;10797
3;1741127465830;15332
0;1741127466110;10798
3;1741127470868;15333
0;1741127470909;10799
3;1741127475874;15334
0;1741127475949;10800
3;1741127480867;15335
0;1741127480920;10801
3;1741127485843;15336
0;1741127486010;10802
3;1741127490867;15337
0;1741127490910;10803
3;1741127495858;15338
0;1741127495969;10804
0;1741127500860;10805
3;1741127500871;15339
3;1741127505870;15340
0;1741127506044;10806
3;1741127510865;15341
0;1741127511179;10807
3;1741127515840;15342
0;1741127515883;10808
3;1741127520866;15343
0;1741127520954;10809
3;1741127525872;15344
0;1741127526010;10810
3;1741127530848;15345
0;1741127530986;10811
3;1741127535871;15346
0;1741127535881;10812
3;1741127540831;15347
0;1741127541033;10813
3;1741127545870;15348
0;1741127546025;10814
3;1741127550921;15349
0;1741127551145;10815
3;1741127555861;15350
0;1741127556212;10816
3;1741127560861;15351
0;1741127560921;10817
3;1741127565870;15352
0;1741127565916;10818
3;1741127570939;15353
0;1741127571012;10819
3;1741127575870;15354
0;1741127575940;10820
3;1741127580861;15355
0;1741127580951;10821
3;1741127585893;15356
0;1741127585902;10822
3;1741127590876;15357
0;1741127590966;10823
3;1741127595966;15358
0;1741127598166;10824
3;1741127600881;15359
0;1741127600944;10825
3;1741127605883;15360
0;1741127605957;10826
0;1741127610869;10827
3;1741127610881;15361
3;1741127615878;15362
0;1741127615932;10828
3;1741127620841;15363
0;1741127620980;10829
0;1741127625892;10830
3;1741127625904;15364
3;1741127630841;15365
0;1741127631012;10831
3;1741127635866;15366
0;1741127635949;10832
3;1741127640887;15367
0;1741127640931;10833
3;1741127645865;15368
0;1741127645923;10834
3;1741127650840;15369
0;1741127650914;10835
3;1741127655905;15370
0;1741127655938;10836
3;1741127660871;15371
0;1741127660947;10837
3;1741127665847;15372
0;1741127665923;10838
3;1741127670839;15373
0;1741127670923;10839
3;1741127675909;15374
0;1741127676145;10840
3;1741127680839;15375
0;1741127680945;10841
3;1741127685863;15376
0;1741127685888;10842
3;1741127690837;15377
0;1741127691004;10843
3;1741127695869;15378
0;1741127696016;10844
3;1741127700869;15379
0;1741127703535;10845
3;1741127705908;15380
0;1741127705935;10846
3;1741127710867;15381
0;1741127710877;10847
3;1741127715881;15382
0;1741127715929;10848
3;1741127720866;15383
0;1741127720914;10849
3;1741127725857;15384
0;1741127725964;10850
3;1741127730865;15385
0;1741127730952;10851
3;1741127735906;15386
0;1741127735990;10852
3;1741127740833;15387
0;1741127740923;10853
3;1741127745873;15388
0;1741127745962;10854
3;1741127750904;15389
0;1741127750912;10855
3;1741127755889;15390
0;1741127755962;10856
3;1741127760864;15391
0;1741127760920;10857
3;1741127765838;15392
0;1741127765908;10858
3;1741127770916;15393
0;1741127770995;10859
3;1741127775897;15394
0;1741127775963;10860
3;1741127780863;15395
0;1741127780882;10861
3;1741127785854;15396
0;1741127785866;10862
3;1741127790878;15397
0;1741127790952;10863
3;1741127795837;15398
0;1741127795935;10864
3;1741127800876;15399
0;1741127801016;10865
3;1741127805869;15400
0;1741127805927;10866
3;1741127810844;15401
0;1741127810935;10867
3;1741127815870;15402
0;1741127815942;10868
3;1741127820907;15403
0;1741127821015;10869
3;1741127825837;15404
0;1741127825942;10870
3;1741127830843;15405
0;1741127830981;10871
3;1741127835858;15406
0;1741127835941;10872
3;1741127840876;15407
0;1741127840981;10873
3;1741127845867;15408
0;1741127845920;10874
3;1741127850859;15409
0;1741127850916;10875
3;1741127855900;15410
0;1741127855934;10876
3;1741127860890;15411
0;1741127860972;10877
3;1741127865849;15412
0;1741127866116;10878
3;1741127870874;15413
0;1741127870886;10879
3;1741127875866;15414
0;1741127876067;10880
3;1741127880873;15415
0;1741127880956;10881
3;1741127885865;15416
0;1741127885922;10882
3;1741127890873;15417
0;1741127890946;10883
3;1741127895879;15418
0;1741127895936;10884
3;1741127900871;15419
0;1741127901041;10885
3;1741127905864;15420
0;1741127905939;10886
3;1741127910855;15421
0;1741127910994;10887
0;1741127915874;10888
3;1741127915883;15422
3;1741127920871;15423
0;1741127920960;10889
3;1741127925874;15424
0;1741127925949;10890
3;1741127930885;15425
0;1741127931073;10891
3;1741127935885;15426
0;1741127935944;10892
3;1741127940837;15427
0;1741127940934;10893
3;1741127945877;15428
0;1741127946037;10894
0;1741127950862;10895
3;1741127950875;15429
3;1741127955892;15430
0;1741127955998;10896
3;1741127960908;15431
0;1741127961197;10897
3;1741127965859;15432
0;1741127965885;10898
3;1741127970882;15433
0;1741127970893;10899
3;1741127975892;15434
0;1741127975901;10900
3;1741127980834;15435
0;1741127980961;10901
3;1741127985870;15436
0;1741127985922;10902
3;1741127990897;15437
0;1741127990942;10903
3;1741127995841;15438
0;1741127995914;10904
3;1741128000897;15439
0;1741128000986;10905
3;1741128005898;15440
0;1741128006042;10906
3;1741128010850;15441
0;1741128010874;10907
3;1741128015902;15442
0;1741128015961;10908
3;1741128020864;15443
0;1741128020921;10909
3;1741128025898;15444
0;1741128025993;10910
3;1741128030847;15445
0;1741128030920;10911
3;1741128035914;15446
0;1741128036002;10912
3;1741128040922;15447
0;1741128040996;10913
3;1741128045897;15448
0;1741128045940;10914
3;1741128050829;15449
0;1741128050976;10915
3;1741128055869;15450
0;1741128055944;10916
0;1741128060897;10917
3;1741128060907;15451
3;1741128065933;15452
0;1741128065990;10918
3;1741128070900;15453
0;1741128070916;10919
3;1741128075868;15454
0;1741128075957;10920
3;1741128080828;15455
0;1741128080949;10921
3;1741128085883;15456
0;1741128085973;10922
3;1741128090891;15457
0;1741128090997;10923
3;1741128097006;15458
0;1741128097200;10924
0;1741128100868;10925
3;1741128100880;15459
3;1741128105881;15460
0;1741128106144;10926
3;1741128110842;15461
0;1741128110959;10927
3;1741128115865;15462
0;1741128115907;10928
3;1741128120864;15463
0;1741128120927;10929
3;1741128125872;15464
0;1741128125912;10930
3;1741128130857;15465
0;1741128130891;10931
3;1741128135880;15466
0;1741128135961;10932
3;1741128140840;15467
0;1741128140913;10933
3;1741128145878;15468
0;1741128145947;10934
3;1741128150882;15469
0;1741128150993;10935
3;1741128155903;15470
0;1741128155921;10936
3;1741128160898;15471
0;1741128160944;10937
3;1741128165903;15472
0;1741128165916;10938
3;1741128170946;15473
0;1741128173660;10939
3;1741128175902;15474
0;1741128175961;10940
3;1741128180870;15475
0;1741128180928;10941
3;1741128185907;15476
0;1741128186027;10942
3;1741128190869;15477
0;1741128190944;10943
3;1741128195860;15478
0;1741128195966;10944
3;1741128200868;15479
0;1741128200903;10945
3;1741128205828;15480
0;1741128205964;10946
3;1741128210884;15481
0;1741128211069;10947
3;1741128215886;15482
0;1741128216124;10948
3;1741128220864;15483
0;1741128220939;10949
3;1741128225887;15484
0;1741128225994;10950
3;1741128230848;15485
0;1741128230922;10951
3;1741128235855;15486
0;1741128235929;10952
3;1741128240864;15487
0;1741128240937;10953
3;1741128245899;15488
0;1741128245922;10954
3;1741128250940;15489
0;1741128251065;10955
3;1741128255866;15490
0;1741128256000;10956
3;1741128260865;15491
0;1741128261017;10957
3;1741128265854;15492
0;1741128265921;10958
3;1741128270903;15493
0;1741128270951;10959
3;1741128275896;15494
0;1741128276039;10960
3;1741128280845;15495
0;1741128281319;10961
3;1741128285882;15496
0;1741128285958;10962
3;1741128290876;15497
0;1741128290918;10963
3;1741128295835;15498
0;1741128296030;10964
3;1741128300916;15499
0;1741128300925;10965
3;1741128305869;15500
0;1741128305909;10966
3;1741128310844;15501
0;1741128310981;10967
3;1741128315925;15502
0;1741128316005;10968
3;1741128320953;15503
0;1741128321076;10969
3;1741128325909;15504
0;1741128325924;10970
3;1741128330908;15505
0;1741128331044;10971
3;1741128335910;15506
0;1741128335963;10972
3;1741128340875;15507
0;1741128340885;10973
3;1741128345901;15508
0;1741128345962;10974
3;1741128350897;15509
0;1741128350915;10975
3;1741128355849;15510
0;1741128355942;10976
0;1741128360869;10977
3;1741128360881;15511
3;1741128365879;15512
0;1741128366065;10978
3;1741128370875;15513
0;1741128370993;10979
3;1741128375848;15514
0;1741128375905;10980
3;1741128380869;15515
0;1741128380988;10981
3;1741128385907;15516
0;1741128385968;10982
3;1741128390887;15517
0;1741128391063;10983
3;1741128395926;15518
0;1741128396236;10984
3;1741128400913;15519
0;1741128401040;10985
3;1741128405941;15520
0;1741128406101;10986
3;1741128410885;15521
0;1741128410921;10987
3;1741128415875;15522
0;1741128415982;10988
3;1741128420937;15523
0;1741128421053;10989
3;1741128425917;15524
0;1741128426061;10990
3;1741128430867;15525
0;1741128430936;10991
3;1741128435826;15526
0;1741128435949;10992
3;1741128440883;15527
0;1741128441005;10993
3;1741128445870;15528
0;1741128445917;10994
3;1741128450849;15529
0;1741128450937;10995
3;1741128455895;15530
0;1741128456268;10996
3;1741128460907;15531
0;1741128460933;10997
3;1741128465899;15532
0;1741128466011;10998
3;1741128470890;15533
0;1741128470954;10999
3;1741128475899;15534
0;1741128476212;11000
3;1741128480875;15535
0;1741128481002;11001
3;1741128485855;15536
0;1741128486004;11002
3;1741128490831;15537
0;1741128490924;11003
3;1741128495898;15538
0;1741128495977;11004
3;1741128500846;15539
0;1741128500954;11005
3;1741128505887;15540
0;1741128505912;11006
3;1741128510829;15541
0;1741128511416;11007
3;1741128515902;15542
0;1741128515991;11008
3;1741128520880;15543
0;1741128520969;11009
3;1741128525837;15544
0;1741128525877;11010
3;1741128530878;15545
0;1741128530919;11011
3;1741128535853;15546
0;1741128535878;11012
3;1741128540843;15547
0;1741128541030;11013
3;1741128545868;15548
0;1741128545896;11014
3;1741128550859;15549
0;1741128551200;11015
3;1741128555868;15550
0;1741128555973;11016
3;1741128560843;15551
0;1741128560916;11017
3;1741128565850;15552
0;1741128565892;11018
3;1741128570874;15553
0;1741128570916;11019
3;1741128575865;15554
0;1741128575964;11020
3;1741128580857;15555
0;1741128580979;11021
3;1741128585832;15556
0;1741128586035;11022
3;1741128590872;15557
0;1741128590979;11023
3;1741128595879;15558
0;1741128595955;11024
3;1741128600841;15559
0;1741128600919;11025
3;1741128605849;15560
0;1741128605890;11026
3;1741128610889;15561
0;1741128610978;11027
3;1741128615832;15562
0;1741128616161;11028
3;1741128620889;15563
0;1741128620921;11029
3;1741128625875;15564
0;1741128625905;11030
3;1741128630888;15565
0;1741128630988;11031
3;1741128635875;15566
0;1741128635902;11032
3;1741128640878;15567
0;1741128640975;11033
3;1741128645875;15568
0;1741128645976;11034
3;1741128650884;15569
0;1741128650982;11035
0;1741128655892;11036
3;1741128655921;15570
3;1741128660901;15571
0;1741128661117;11037
3;1741128665827;15572
0;1741128665964;11038
3;1741128670867;15573
0;1741128670908;11039
3;1741128675874;15574
0;1741128675947;11040
3;1741128680944;15575
0;1741128681386;11041
3;1741128685841;15576
0;1741128685889;11042
3;1741128690907;15577
0;1741128690980;11043
3;1741128695871;15578
0;1741128695913;11044
3;1741128700879;15579
0;1741128700905;11045
3;1741128705871;15580
0;1741128705912;11046
3;1741128710921;15581
0;1741128710933;11047
3;1741128715882;15582
0;1741128715940;11048
0;1741128720873;11049
3;1741128720884;15583
3;1741128725869;15584
0;1741128725927;11050
3;1741128730845;15585
0;1741128730935;11051
3;1741128735863;15586
3;1741128740845;15587
3;1741128745837;15588
3;1741128750829;15589
3;1741128755853;15590
3;1741128760845;15591
3;1741128765852;15592
3;1741128770843;15593
3;1741128775836;15594
3;1741128780841;15595
3;1741128785834;15596
3;1741128790842;15597
3;1741128795850;15598
3;1741128800842;15599
3;1741128805848;15600
3;1741128810866;15601
3;1741128815847;15602
3;1741128820841;15603
3;1741128825847;15604
3;1741128830839;15605
3;1741128835846;15606
3;1741128840900;15607
3;1741128845843;15608
3;1741128850836;15609
3;1741128855843;15610
3;1741128860926;15611
3;1741128865917;15612
3;1741128870849;15613
3;1741128875841;15614
3;1741128880849;15615
3;1741128885879;15616
3;1741128890849;15617
3;1741128895841;15618
3;1741128900848;15619
3;1741128905839;15620
3;1741128910846;15621
3;1741128915841;15622
3;1741128920845;15623
3;1741128925838;15624
3;1741128930845;15625
3;1741128935837;15626
3;1741128940846;15627
3;1741128945893;15628
3;1741128950841;15629
3;1741128955903;15630
3;1741128960866;15631
3;1741128965847;15632
3;1741128970839;15633
3;1741128975848;15634
3;1741128980838;15635
3;1741128985844;15636
3;1741128990837;15637
3;1741128995865;15638
3;1741129000852;15639
3;1741129005842;15640
3;1741129010850;15641
3;1741129015841;15642
3;1741129020849;15643
3;1741129025841;15644
3;1741129030849;15645
3;1741129035842;15646
3;1741129040888;15647
3;1741129045841;15648
3;1741129050864;15649
3;1741129055839;15650
3;1741129060847;15651
3;1741129065838;15652
3;1741129070830;15653
3;1741129075853;15654
3;1741129080845;15655
3;1741129085852;15656
3;1741129090828;15657
3;1741129095836;15658
3;1741129100842;15659
3;1741129105868;15660
3;1741129110826;15661
3;1741129115833;15662
3;1741129120841;15663
3;1741129125880;15664
3;1741129130871;15665
3;1741129135848;15666
3;1741129140897;15667
3;1741129145845;15668
3;1741129150837;15669
3;1741129155846;15670
3;1741129160837;15671
3;1741129165940;15672
3;1741129170852;15673
3;1741129175843;15674
3;1741129180851;15675
3;1741129185843;15676
3;1741129190834;15677
3;1741129195842;15678
3;1741129200834;15679
3;1741129205842;15680
3;1741129210833;15681
3;1741129215842;15682
3;1741129220848;15683
3;1741129225839;15684
3;1741129230863;15685
3;1741129235838;15686
3;1741129240843;15687
3;1741129245837;15688
3;1741129250829;15689
3;1741129255852;15690
3;1741129260886;15691
3;1741129265848;15692
3;1741129270838;15693
3;1741129275847;15694
3;1741129280839;15695
3;1741129285847;15696
3;1741129290865;15697
3;1741129295845;15698
3;1741129300838;15699
3;1741129305845;15700
3;1741129310854;15701
3;1741129315845;15702
3;1741129320860;15703
3;1741129325860;15704
3;1741129330850;15705
3;1741129335841;15706
3;1741129340834;15707
3;1741129345873;15708
3;1741129350865;15709
3;1741129355865;15710
3;1741129360847;15711
3;1741129365881;15712
3;1741129370846;15713
3;1741129375838;15714
3;1741129380889;15715
3;1741129385838;15716
3;1741129390846;15717
3;1741129395838;15718
3;1741129400830;15719
3;1741129405836;15720
3;1741129410845;15721
3;1741129415836;15722
3;1741129420843;15723
3;1741129425850;15724
3;1741129430844;15725
3;1741129435852;15726
3;1741129440842;15727
3;1741129445849;15728
3;1741129450842;15729
3;1741129455834;15730
3;1741129460841;15731
3;1741129465865;15732
3;1741129471433;15733
3;1741129475849;15734
3;1741129480839;15735
3;1741129485846;15736
3;1741129490837;15737
3;1741129495845;15738
3;1741129500854;15739
3;1741129505830;15740
3;1741129510837;15741
3;1741129515843;15742
3;1741129520854;15743
3;1741129525844;15744
3;1741129530866;15745
3;1741129535860;15746
3;1741129540851;15747
3;1741129545858;15748
3;1741129550850;15749
3;1741129555857;15750
3;1741129560849;15751
3;1741129565843;15752
3;1741129570849;15753
3;1741129575870;15754
3;1741129580867;15755
3;1741129585837;15756
3;1741129590844;15757
3;1741129595852;15758
3;1741129600842;15759
3;1741129605851;15760
3;1741129610842;15761
3;1741129615850;15762
3;1741129620893;15763
3;1741129625847;15764
3;1741129630839;15765
3;1741129635862;15766
3;1741129640838;15767
3;1741129645846;15768
3;1741129650868;15769
3;1741129655889;15770
3;1741129660851;15771
3;1741129665870;15772
3;1741129670850;15773
3;1741129675843;15774
3;1741129680921;15775
3;1741129685842;15776
3;1741129690833;15777
3;1741129695840;15778
3;1741129700847;15779
3;1741129705839;15780
3;1741129710831;15781
3;1741129715838;15782
3;1741129720846;15783
3;1741129725838;15784
3;1741129730874;15785
3;1741129735851;15786
3;1741129740841;15787
3;1741129745850;15788
3;1741129750842;15789
3;1741129755849;15790
3;1741129760840;15791
3;1741129765846;15792
3;1741129770838;15793
3;1741129775829;15794
3;1741129780852;15795
3;1741129785843;15796
3;1741129790852;15797
3;1741129795827;15798
3;1741129800852;15799
3;1741129805844;15800
3;1741129810870;15801
3;1741129815843;15802
3;1741129820850;15803
3;1741129825877;15804
3;1741129830849;15805
3;1741129835857;15806
3;1741129840833;15807
3;1741129845903;15808
3;1741129850848;15809
3;1741129855839;15810
3;1741129860846;15811
3;1741129865837;15812
3;1741129870845;15813
3;1741129875869;15814
3;1741129880847;15815
3;1741129885851;15816
3;1741129890858;15817
3;1741129895848;15818
3;1741129900840;15819
3;1741129905848;15820
3;1741129910881;15821
3;1741129915830;15822
3;1741129920840;15823
3;1741129925846;15824
3;1741129930837;15825
3;1741129935845;15826
3;1741129940838;15827
3;1741129945845;15828
3;1741129950852;15829
3;1741129955828;15830
3;1741129960853;15831
3;1741129965843;15832
3;1741129970851;15833
3;1741129975844;15834
3;1741129980879;15835
3;1741129985842;15836
3;1741129990850;15837
3;1741129995867;15838
3;1741130000848;15839
3;1741130005866;15840
3;1741130010848;15841
3;1741130015865;15842
3;1741130020848;15843
3;1741130025877;15844
3;1741130030847;15845
3;1741130035881;15846
3;1741130040843;15847
3;1741130045869;15848
3;1741130050845;15849
3;1741130055836;15850
3;1741130060861;15851
3;1741130065850;15852
3;1741130070843;15853
3;1741130075851;15854
3;1741130080843;15855
3;1741130085850;15856
3;1741130090842;15857
3;1741130095850;15858
3;1741130100841;15859
3;1741130105849;15860
3;1741130110858;15861
3;1741130115849;15862
3;1741130120841;15863
3;1741130125831;15864
3;1741130130838;15865
3;1741130135829;15866
3;1741130140837;15867
3;1741130145870;15868
3;1741130150834;15869
3;1741130155882;15870
3;1741130160848;15871
3;1741130165868;15872
3;1741130170944;15873
3;1741130175864;15874
3;1741130180845;15875
3;1741130185866;15876
3;1741130190846;15877
3;1741130195847;15878
3;1741130200845;15879
3;1741130205838;15880
3;1741130210844;15881
3;1741130215854;15882
3;1741130220844;15883
3;1741130225851;15884
3;1741130230828;15885
3;1741130235836;15886
3;1741130240843;15887
3;1741130245850;15888
3;1741130250841;15889
3;1741130255846;15890
3;1741130260856;15891
3;1741130265833;15892
3;1741130270867;15893
3;1741130275890;15894
3;1741130280851;15895
3;1741130285828;15896
3;1741130290850;15897
3;1741130295842;15898
3;1741130300848;15899
3;1741130305842;15900
3;1741130310833;15901
3;1741130315841;15902
3;1741130320904;15903
3;1741130325911;15904
3;1741130330844;15905
3;1741130335851;15906
3;1741130340842;15907
3;1741130345835;15908
3;1741130350842;15909
3;1741130355849;15910
3;1741130360888;15911
3;1741130365849;15912
3;1741130370841;15913
3;1741130375846;15914
3;1741130380838;15915
3;1741130385831;15916
3;1741130390838;15917
3;1741130395830;15918
3;1741130400886;15919
3;1741130405846;15920
3;1741130410837;15921
3;1741130415842;15922
3;1741130420851;15923
3;1741130425842;15924
3;1741130430834;15925
3;1741130435851;15926
3;1741130440849;15927
3;1741130445889;15928
3;1741130450853;15929
3;1741130455857;15930
3;1741130460848;15931
3;1741130465854;15932
3;1741130470850;15933
3;1741130475838;15934
3;1741130480845;15935
3;1741130485838;15936
3;1741130490845;15937
3;1741130495914;15938
3;1741130500843;15939
3;1741130505850;15940
3;1741130510827;15941
3;1741130515896;15942
3;1741130520841;15943
3;1741130525879;15944
3;1741130530866;15945
3;1741130535875;15946
3;1741130540850;15947
3;1741130545859;15948
3;1741130550849;15949
3;1741130555839;15950
3;1741130560848;15951
3;1741130565839;15952
3;1741130570830;15953
3;1741130575838;15954
3;1741130580887;15955
3;1741130585852;15956
3;1741130590844;15957
3;1741130595851;15958
3;1741130600828;15959
3;1741130605836;15960
3;1741130610827;15961
3;1741130615848;15962
3;1741130620843;15963
3;1741130625849;15964
3;1741130630843;15965
3;1741130635848;15966
3;1741130640841;15967
3;1741130645832;15968
3;1741130650839;15969
3;1741130655848;15970
3;1741130660838;15971
3;1741130665845;15972
3;1741130670837;15973
3;1741130675829;15974
3;1741130680836;15975
3;1741130685828;15976
3;1741130690851;15977
3;1741130695843;15978
3;1741130700865;15979
3;1741130705845;15980
3;1741130710836;15981
3;1741130715842;15982
3;1741130720888;15983
3;1741130725842;15984
3;1741130730850;15985
3;1741130735841;15986
3;1741130740849;15987
3;1741130745841;15988
3;1741130750847;15989
3;1741130755881;15990
3;1741130760847;15991
3;1741130765867;15992
3;1741130770830;15993
3;1741130775839;15994
3;1741130780844;15995
3;1741130785850;15996
3;1741130790843;15997
3;1741130795835;15998
3;1741130800875;15999
3;1741130805850;16000
3;1741130810858;16001
3;1741130815847;16002
3;1741130820840;16003
3;1741130825873;16004
3;1741130830841;16005
3;1741130835848;16006
3;1741130840839;16007
3;1741130845847;16008
3;1741130850871;16009
3;1741130855845;16010
3;1741130860853;16011
3;1741130865845;16012
3;1741130870853;16013
3;1741130875876;16014
3;1741130880850;16015
3;1741130885844;16016
3;1741130890836;16017
3;1741130895842;16018
3;1741130900850;16019
3;1741130905841;16020
3;1741130910835;16021
3;1741130915841;16022
3;1741130920850;16023
3;1741130925897;16024
3;1741130930866;16025
3;1741130935842;16026
3;1741130940847;16027
3;1741130945839;16028
3;1741130950847;16029
3;1741130955839;16030
3;1741130960846;16031
3;1741130965838;16032
3;1741130970845;16033
3;1741130975836;16034
3;1741130980937;16035
3;1741130985851;16036
3;1741130990844;16037
3;1741130995853;16038
3;1741131000841;16039
3;1741131005850;16040
3;1741131010841;16041
3;1741131015852;16042
3;1741131020862;16043
3;1741131025890;16044
3;1741131030882;16045
3;1741131035833;16046
3;1741131040841;16047
3;1741131045847;16048
3;1741131050841;16049
3;1741131055847;16050
3;1741131060896;16051
3;1741131065845;16052
3;1741131070905;16053
3;1741131075842;16054
3;1741131080849;16055
3;1741131085860;16056
3;1741131090915;16057
3;1741131095842;16058
3;1741131100848;16059
3;1741131105840;16060
3;1741131110846;16061
3;1741131115853;16062
3;1741131120846;16063
3;1741131125894;16064
3;1741131130845;16065
3;1741131135852;16066
3;1741131140844;16067
3;1741131145852;16068
3;1741131150843;16069
3;1741131155851;16070
3;1741131160914;16071
3;1741131165883;16072
3;1741131170882;16073
3;1741131175850;16074
3;1741131180841;16075
3;1741131185878;16076
3;1741131190839;16077
3;1741131195845;16078
3;1741131200855;16079
3;1741131205845;16080
3;1741131210866;16081
3;1741131215845;16082
3;1741131220837;16083
3;1741131225845;16084
3;1741131230883;16085
3;1741131235843;16086
3;1741131240852;16087
3;1741131245864;16088
3;1741131250849;16089
3;1741131255968;16090
3;1741131260848;16091
3;1741131265843;16092
3;1741131270849;16093
3;1741131275881;16094
3;1741131280848;16095
3;1741131285839;16096
3;1741131290847;16097
3;1741131295839;16098
3;1741131300846;16099
3;1741131305839;16100
3;1741131310849;16101
3;1741131315841;16102
3;1741131320846;16103
3;1741131325893;16104
3;1741131330843;16105
3;1741131335851;16106
3;1741131340845;16107
3;1741131345836;16108
3;1741131350843;16109
3;1741131355866;16110
3;1741131360871;16111
3;1741131365851;16112
3;1741131370874;16113
3;1741131375849;16114
3;1741131380841;16115
3;1741131385845;16116
3;1741131390854;16117
3;1741131395845;16118
3;1741131400868;16119
3;1741131405870;16120
3;1741131410852;16121
3;1741131415845;16122
3;1741131420866;16123
3;1741131425872;16124
3;1741131430837;16125
3;1741131435843;16126
3;1741131440849;16127
3;1741131445841;16128
3;1741131450850;16129
3;1741131455841;16130
3;1741131460849;16131
3;1741131465841;16132
3;1741131470833;16133
3;1741131475840;16134
3;1741131480864;16135
3;1741131485854;16136
3;1741131490831;16137
3;1741131495840;16138
3;1741131500862;16139
3;1741131505853;16140
3;1741131510829;16141
3;1741131515851;16142
3;1741131520843;16143
3;1741131525836;16144
3;1741131530843;16145
3;1741131535850;16146
3;1741131540843;16147
3;1741131545872;16148
3;1741131550842;16149
3;1741131555853;16150
3;1741131560842;16151
3;1741131565907;16152
3;1741131570842;16153
3;1741131575847;16154
3;1741131580840;16155
3;1741131585847;16156
3;1741131590839;16157
3;1741131595831;16158
3;1741131600859;16159
3;1741131605917;16160
3;1741131610857;16161
3;1741131615862;16162
3;1741131620853;16163
3;1741131625844;16164
3;1741131630836;16165
3;1741131635842;16166
3;1741131640850;16167
3;1741131645843;16168
3;1741131650835;16169
3;1741131655902;16170
3;1741131660849;16171
3;1741131665841;16172
3;1741131670849;16173
3;1741131675843;16174
3;1741131680849;16175
3;1741131685842;16176
3;1741131690833;16177
3;1741131695866;16178
3;1741131700847;16179
3;1741131705866;16180
3;1741131710847;16181
3;1741131715862;16182
3;1741131720830;16183
3;1741131725838;16184
3;1741131730845;16185
3;1741131735837;16186
3;1741131740830;16187
3;1741131745837;16188
3;1741131750844;16189
3;1741131755857;16190
3;1741131760869;16191
3;1741131765851;16192
3;1741131770918;16193
3;1741131775851;16194
3;1741131780843;16195
3;1741131785850;16196
3;1741131790842;16197
3;1741131795849;16198
3;1741131800882;16199
3;1741131805846;16200
3;1741131810840;16201
3;1741131815846;16202
3;1741131820839;16203
3;1741131825908;16204
3;1741131830836;16205
3;1741131835843;16206
3;1741131840852;16207
3;1741131845843;16208
3;1741131850867;16209
3;1741131855845;16210
3;1741131860851;16211
3;1741131865842;16212
3;1741131870850;16213
3;1741131875842;16214
3;1741131880850;16215
3;1741131885858;16216
3;1741131890834;16217
3;1741131895892;16218
3;1741131900848;16219
3;1741131905867;16220
3;1741131910851;16221
3;1741131915884;16222
3;1741131920832;16223
3;1741131925839;16224
3;1741131930846;16225
3;1741131935838;16226
3;1741131941008;16227
3;1741131945838;16228
3;1741131950844;16229
3;1741131955863;16230
3;1741131960829;16231
3;1741131965836;16232
3;1741131970861;16233
3;1741131975852;16234
3;1741131980843;16235
3;1741131985851;16236
3;1741131990843;16237
3;1741131995849;16238
3;1741132000842;16239
3;1741132005850;16240
3;1741132010861;16241
3;1741132015849;16242
3;1741132020865;16243
3;1741132025833;16244
3;1741132030841;16245
3;1741132035848;16246
3;1741132040838;16247
3;1741132045846;16248
3;1741132050862;16249
0;1741132053919;11052
3;1741132055861;16250
0;1741132058974;11053
3;1741132060838;16251
3;1741132065877;16252
0;1741132065934;11054
3;1741132070869;16253
0;1741132070909;11055
3;1741132075829;16254
0;1741132075949;11056
3;1741132080941;16255
0;1741132081016;11057
3;1741132085873;16256
0;1741132086026;11058
3;1741132090921;16257
0;1741132090985;11059
3;1741132095871;16258
0;1741132095881;11060
3;1741132100927;16259
0;1741132100990;11061
3;1741132105917;16260
0;1741132108712;11062
3;1741132110863;16261
0;1741132110968;11063
3;1741132115870;16262
0;1741132115992;11064
3;1741132120913;16263
0;1741132121304;11065
3;1741132125870;16264
0;1741132125911;11066
3;1741132130877;16265
0;1741132131128;11067
3;1741132135853;16266
0;1741132135879;11068
3;1741132140932;16267
0;1741132140966;11069
3;1741132145915;16268
0;1741132145942;11070
3;1741132150876;16269
0;1741132150950;11071
3;1741132155877;16270
0;1741132155893;11072
3;1741132160842;16271
0;1741132161060;11073
3;1741132165834;16272
0;1741132166116;11074
3;1741132170902;16273
0;1741132170971;11075
3;1741132175833;16274
0;1741132175995;11076
3;1741132180896;16275
0;1741132180940;11077
3;1741132185896;16276
0;1741132186097;11078
3;1741132190873;16277
0;1741132190940;11079
3;1741132195865;16278
0;1741132195973;11080
3;1741132200871;16279
0;1741132201153;11081
3;1741132205881;16280
0;1741132205969;11082
3;1741132210855;16281
0;1741132210929;11083
3;1741132215905;16282
0;1741132215912;11084
3;1741132220871;16283
0;1741132220959;11085
3;1741132225885;16284
0;1741132226143;11086
3;1741132230838;16285
0;1741132230984;11087
3;1741132235861;16286
0;1741132235934;11088
3;1741132240838;16287
0;1741132241102;11089
3;1741132245845;16288
0;1741132245886;11090
3;1741132250883;16289
0;1741132250966;11091
3;1741132255870;16290
0;1741132256093;11092
3;1741132260910;16291
0;1741132260973;11093
3;1741132265843;16292
0;1741132265869;11094
3;1741132270909;16293
0;1741132270919;11095
3;1741132275902;16294
0;1741132276248;11096
3;1741132280856;16295
0;1741132281004;11097
3;1741132285842;16296
3;1741132290896;16297
0;1741132290987;11098
3;1741132295858;16298
0;1741132295920;11099
3;1741132300897;16299
0;1741132301077;11100
3;1741132305866;16300
0;1741132305953;11101
3;1741132310847;16301
0;1741132310907;11102
3;1741132315840;16302
0;1741132316213;11103
3;1741132320832;16303
0;1741132321465;11104
3;1741132325855;16304
0;1741132326137;11105
3;1741132330893;16305
0;1741132331097;11106
3;1741132335887;16306
0;1741132335912;11107
3;1741132340847;16307
0;1741132340904;11108
3;1741132345918;16308
0;1741132346008;11109
3;1741132350845;16309
0;1741132351015;11110
3;1741132355914;16310
0;1741132356055;11111
3;1741132360861;16311
0;1741132360945;11112
3;1741132365908;16312
0;1741132365917;11113
3;1741132370903;16313
0;1741132370966;11114
3;1741132375873;16314
0;1741132375908;11115
3;1741132380843;16315
0;1741132381173;11116
3;1741132385855;16316
0;1741132385968;11117
3;1741132390827;16317
0;1741132391077;11118
3;1741132395835;16318
0;1741132395880;11119
3;1741132400844;16319
0;1741132400896;11120
3;1741132405851;16320
0;1741132405888;11121
3;1741132410842;16321
0;1741132411092;11122
3;1741132415928;16322
0;1741132418691;11123
3;1741132420841;16323
0;1741132421300;11124
3;1741132425883;16324
0;1741132425943;11125
3;1741132430872;16325
0;1741132430907;11126
3;1741132435849;16326
0;1741132435986;11127
3;1741132440857;16327
0;1741132440872;11128
3;1741132445896;16328
0;1741132445954;11129
0;1741132450892;11130
3;1741132450904;16329
3;1741132455880;16330
0;1741132455963;11131
3;1741132460895;16331
0;1741132460961;11132
3;1741132465863;16332
0;1741132465984;11133
3;1741132470839;16333
0;1741132470928;11134
3;1741132475861;16334
0;1741132475872;11135
3;1741132480838;16335
0;1741132480927;11136
3;1741132485845;16336
0;1741132485895;11137
3;1741132490870;16337
0;1741132491139;11138
3;1741132495861;16338
0;1741132496190;11139
3;1741132500868;16339
0;1741132500952;11140
3;1741132505881;16340
0;1741132506014;11141
3;1741132510839;16341
0;1741132513453;11142
3;1741132515913;16342
0;1741132515985;11143
3;1741132520914;16343
0;1741132521181;11144
3;1741132525858;16344
0;1741132526237;11145
0;1741132530860;11146
3;1741132530882;16345
3;1741132535842;16346
0;1741132535884;11147
3;1741132540866;16347
0;1741132541117;11148
3;1741132545871;16348
0;1741132545979;11149
3;1741132550906;16349
0;1741132550919;11150
3;1741132555858;16350
0;1741132555892;11151
3;1741132560881;16351
0;1741132561060;11152
3;1741132565904;16352
0;1741132565988;11153
0;1741132570858;11154
3;1741132570880;16353
3;1741132575873;16354
0;1741132575945;11155
3;1741132580847;16355
0;1741132580974;11156
0;1741132585865;11157
3;1741132585880;16356
3;1741132590847;16357
0;1741132591066;11158
3;1741132595838;16358
0;1741132595886;11159
3;1741132600831;16359
0;1741132600947;11160
3;1741132605839;16360
0;1741132605940;11161
3;1741132610846;16361
0;1741132610919;11162
3;1741132615869;16362
0;1741132615911;11163
3;1741132620908;16363
0;1741132620999;11164
3;1741132625869;16364
0;1741132625928;11165
3;1741132630892;16365
0;1741132630937;11166
3;1741132635869;16366
0;1741132635960;11167
3;1741132640900;16367
0;1741132640933;11168
3;1741132645868;16368
0;1741132645903;11169
3;1741132650859;16369
0;1741132650965;11170
3;1741132655875;16370
0;1741132655946;11171
3;1741132660900;16371
0;1741132660958;11172
3;1741132665909;16372
0;1741132665988;11173
3;1741132670880;16373
0;1741132670948;11174
0;1741132675860;11175
3;1741132675880;16374
3;1741132680843;16375
0;1741132681011;11176
3;1741132685834;16376
0;1741132686035;11177
3;1741132690915;16377
0;1741132690970;11178
3;1741132695977;16378
0;1741132696117;11179
3;1741132700887;16379
0;1741132700914;11180
3;1741132705874;16380
0;1741132705906;11181
3;1741132710897;16381
0;1741132711025;11182
3;1741132715864;16382
0;1741132716100;11183
3;1741132720838;16383
0;1741132720929;11184
3;1741132725905;16384
0;1741132726060;11185
3;1741132730839;16385
0;1741132730880;11186
3;1741132735879;16386
0;1741132736060;11187
3;1741132740854;16387
0;1741132740943;11188
3;1741132745877;16388
0;1741132745919;11189
3;1741132750869;16389
0;1741132751166;11190
3;1741132755875;16390
0;1741132755886;11191
3;1741132760882;16391
0;1741132760923;11192
3;1741132765861;16392
0;1741132765947;11193
3;1741132770833;16393
0;1741132771147;11194
3;1741132775872;16394
0;1741132775964;11195
3;1741132780833;16395
0;1741132781258;11196
3;1741132785889;16396
0;1741132785993;11197
3;1741132790897;16397
0;1741132791108;11198
3;1741132795899;16398
0;1741132795930;11199
3;1741132800848;16399
0;1741132800906;11200
3;1741132805889;16400
0;1741132805976;11201
3;1741132810847;16401
0;1741132811032;11202
3;1741132815870;16402
0;1741132815950;11203
3;1741132820846;16403
0;1741132820905;11204
3;1741132825839;16404
0;1741132826263;11205
3;1741132830843;16405
0;1741132830951;11206
3;1741132835851;16406
0;1741132835888;11207
3;1741132840876;16407
0;1741132840977;11208
3;1741132845867;16408
0;1741132845911;11209
3;1741132850843;16409
0;1741132851110;11210
3;1741132855836;16410
0;1741132855925;11211
3;1741132860886;16411
0;1741132860949;11212
3;1741132865861;16412
0;1741132865899;11213
3;1741132870906;16413
0;1741132870970;11214
3;1741132875923;16414
0;1741132876148;11215
3;1741132880883;16415
0;1741132880927;11216
3;1741132885881;16416
0;1741132886068;11217
3;1741132890841;16417
0;1741132890947;11218
3;1741132895847;16418
0;1741132895921;11219
3;1741132900887;16419
0;1741132900977;11220
3;1741132905894;16420
0;1741132905984;11221
3;1741132910938;16421
0;1741132910965;11222
3;1741132915846;16422
0;1741132916096;11223
3;1741132920898;16423
0;1741132921039;11224
3;1741132925878;16424
0;1741132926031;11225
3;1741132930852;16425
0;1741132930888;11226
3;1741132935828;16426
0;1741132935951;11227
3;1741132940924;16427
0;1741132940945;11228
3;1741132945869;16428
0;1741132945966;11229
3;1741132950883;16429
0;1741132950989;11230
3;1741132955884;16430
0;1741132955933;11231
3;1741132960835;16431
0;1741132961149;11232
3;1741132965899;16432
0;1741132965932;11233
3;1741132970834;16433
0;1741132970972;11234
3;1741132975872;16434
0;1741132975922;11235
3;1741132980912;16435
0;1741132980956;11236
3;1741132985843;16436
0;1741132985980;11237
3;1741132990897;16437
0;1741132990984;11238
3;1741132995882;16438
0;1741132996011;11239
3;1741133000865;16439
0;1741133000915;11240
3;1741133005896;16440
0;1741133005928;11241
3;1741133010848;16441
0;1741133010875;11242
3;1741133015886;16442
0;1741133016109;11243
3;1741133020877;16443
0;1741133020985;11244
3;1741133025860;16444
0;1741133026137;11245
3;1741133030877;16445
0;1741133030922;11246
3;1741133035871;16446
0;1741133035884;11247
3;1741133040877;16447
0;1741133041048;11248
3;1741133045868;16448
0;1741133045928;11249
3;1741133050878;16449
0;1741133050919;11250
3;1741133055869;16450
0;1741133056135;11251
3;1741133060903;16451
0;1741133060919;11252
3;1741133065902;16452
0;1741133065933;11253
3;1741133070893;16453
0;1741133071040;11254
3;1741133075867;16454
0;1741133075984;11255
3;1741133080898;16455
0;1741133080965;11256
3;1741133085867;16456
0;1741133085937;11257
3;1741133090885;16457
0;1741133090933;11258
3;1741133095850;16458
0;1741133095933;11259
3;1741133100844;16459
0;1741133100884;11260
3;1741133105930;16460
0;1741133106000;11261
3;1741133110858;16461
0;1741133110889;11262
3;1741133115944;16462
0;1741133116052;11263
3;1741133120869;16463
0;1741133123219;11264
3;1741133125849;16464
0;1741133125912;11265
0;1741133130879;11266
3;1741133130901;16465
0;1741133135900;11267
3;1741133135910;16466
3;1741133140894;16467
0;1741133141023;11268
3;1741133145830;16468
0;1741133146191;11269
3;1741133150908;16469
0;1741133151279;11270
3;1741133155877;16470
0;1741133155998;11271
3;1741133160868;16471
0;1741133161018;11272
3;1741133165901;16472
0;1741133166023;11273
3;1741133170836;16473
0;1741133173309;11274
3;1741133175827;16474
0;1741133176061;11275
3;1741133180863;16475
0;1741133180904;11276
3;1741133185843;16476
0;1741133186156;11277
3;1741133190883;16477
0;1741133191036;11278
3;1741133195902;16478
0;1741133195965;11279
3;1741133200834;16479
0;1741133200987;11280
3;1741133205872;16480
0;1741133205979;11281
3;1741133210874;16481
0;1741133210932;11282
3;1741133215841;16482
0;1741133215935;11283
3;1741133220874;16483
0;1741133221034;11284
3;1741133225873;16484
0;1741133225961;11285
3;1741133230847;16485
0;1741133230913;11286
3;1741133235856;16486
0;1741133235870;11287
3;1741133240847;16487
0;1741133240947;11288
3;1741133245838;16488
0;1741133246088;11289
3;1741133250976;16489
0;1741133251172;11290
3;1741133255872;16490
0;1741133255908;11291
3;1741133260877;16491
0;1741133260970;11292
3;1741133265946;16492
0;1741133268775;11293
3;1741133270876;16493
0;1741133271063;11294
3;1741133275853;16494
0;1741133275942;11295
3;1741133280830;16495
0;1741133280917;11296
3;1741133285868;16496
0;1741133285894;11297
3;1741133290893;16497
0;1741133290998;11298
3;1741133295835;16498
0;1741133295926;11299
3;1741133300860;16499
0;1741133300905;11300
3;1741133305867;16500
0;1741133305916;11301
3;1741133310843;16501
0;1741133310900;11302
3;1741133315867;16502
0;1741133315924;11303
3;1741133320875;16503
0;1741133320964;11304
3;1741133325867;16504
0;1741133325882;11305
3;1741133330854;16505
0;1741133330915;11306
3;1741133335866;16506
0;1741133335947;11307
3;1741133340842;16507
0;1741133340947;11308
3;1741133345881;16508
0;1741133346019;11309
3;1741133350867;16509
0;1741133350946;11310
3;1741133355881;16510
0;1741133355948;11311
3;1741133360840;16511
0;1741133360924;11312
0;1741133365857;11313
3;1741133365905;16512
3;1741133370877;16513
0;1741133370949;11314
3;1741133375892;16514
0;1741133376092;11315
3;1741133380839;16515
0;1741133381040;11316
3;1741133385875;16516
0;1741133385936;11317
3;1741133390868;16517
0;1741133390878;11318
3;1741133395843;16518
0;1741133395981;11319
3;1741133400850;16519
0;1741133400936;11320
0;1741133405901;11321
3;1741133405913;16520
3;1741133410885;16521
0;1741133410972;11322
3;1741133415902;16522
0;1741133415971;11323
3;1741133420974;16523
0;1741133421180;11324
3;1741133425842;16524
0;1741133425933;11325
3;1741133430849;16525
0;1741133431035;11326
3;1741133435857;16526
0;1741133435948;11327
3;1741133440834;16527
0;1741133443306;11328
3;1741133445905;16528
0;1741133445994;11329
3;1741133450848;16529
0;1741133453210;11330
3;1741133455871;16530
0;1741133455977;11331
3;1741133460964;16531
0;1741133461016;11332
3;1741133465871;16532
0;1741133465908;11333
0;1741133470872;11334
3;1741133470883;16533
3;1741133475837;16534
0;1741133475943;11335
3;1741133480829;16535
0;1741133481095;11336
3;1741133485861;16536
0;1741133486039;11337
3;1741133490831;16537
0;1741133490886;11338
3;1741133495870;16538
0;1741133495926;11339
3;1741133500844;16539
0;1741133500902;11340
3;1741133505867;16540
0;1741133505922;11341
3;1741133510860;16541
0;1741133510971;11342
3;1741133515882;16542
0;1741133515925;11343
3;1741133520917;16543
0;1741133520981;11344
3;1741133525835;16544
0;1741133525988;11345
3;1741133530859;16545
0;1741133530903;11346
3;1741133535849;16546
0;1741133535930;11347
0;1741133540927;11348
3;1741133540937;16547
3;1741133545889;16548
0;1741133545900;11349
3;1741133550863;16549
0;1741133550995;11350
3;1741133555929;16550
0;1741133556034;11351
3;1741133560873;16551
0;1741133560887;11352
3;1741133565865;16552
0;1741133565909;11353
3;1741133570873;16553
0;1741133570898;11354
3;1741133575895;16554
0;1741133575969;11355
3;1741133580913;16555
0;1741133580993;11356
3;1741133585906;16556
0;1741133586033;11357
3;1741133593817;16557
0;1741133593838;11358
3;1741133595894;16558
0;1741133595932;11359
3;1741133600885;16559
0;1741133600981;11360
3;1741133605878;16560
0;1741133605903;11361
3;1741133610837;16561
0;1741133611167;11362
3;1741133615828;16562
0;1741133615999;11363
3;1741133620869;16563
0;1741133620954;11364
3;1741133625875;16564
0;1741133625902;11365
3;1741133630868;16565
0;1741133630955;11366
3;1741133635843;16566
0;1741133635933;11367
3;1741133640868;16567
0;1741133640957;11368
3;1741133645875;16568
0;1741133646045;11369
3;1741133650836;16569
0;1741133650925;11370
3;1741133655870;16570
0;1741133655886;11371
3;1741133660866;16571
0;1741133661016;11372
3;1741133665870;16572
0;1741133665900;11373
3;1741133670883;16573
0;1741133670967;11374
3;1741133675841;16574
0;1741133675931;11375
3;1741133680882;16575
0;1741133680955;11376
3;1741133685857;16576
0;1741133685882;11377
3;1741133690880;16577
0;1741133690939;11378
3;1741133695856;16578
0;1741133695930;11379
3;1741133700848;16579
0;1741133700890;11380
3;1741133705873;16580
0;1741133705961;11381
3;1741133710848;16581
0;1741133710921;11382
3;1741133715841;16582
0;1741133715891;11383
3;1741133720905;16583
0;1741133720912;11384
3;1741133725902;16584
0;1741133726067;11385
3;1741133730877;16585
0;1741133730956;11386
0;1741133735864;11387
3;1741133735884;16586
3;1741133740913;16587
0;1741133740922;11388
3;1741133745871;16588
0;1741133745886;11389
3;1741133750846;16589
0;1741133750930;11390
3;1741133755885;16590
0;1741133755984;11391
3;1741133760844;16591
0;1741133760918;11392
3;1741133765909;16592
0;1741133765990;11393
3;1741133770870;16593
0;1741133773973;11394
3;1741133775914;16594
0;1741133775952;11395
3;1741133780902;16595
0;1741133780932;11396
3;1741133785867;16596
0;1741133785908;11397
3;1741133790858;16597
0;1741133790872;11398
3;1741133795850;16598
0;1741133796148;11399
3;1741133800874;16599
0;1741133800917;11400
3;1741133805909;16600
0;1741133805923;11401
3;1741133810842;16601
0;1741133810956;11402
3;1741133815875;16602
0;1741133815922;11403
3;1741133820857;16603
0;1741133820930;11404
3;1741133825891;16604
0;1741133825926;11405
3;1741133830856;16605
0;1741133830932;11406
3;1741133835862;16606
0;1741133835937;11407
3;1741133840881;16607
0;1741133840961;11408
3;1741133845879;16608
0;1741133845929;11409
3;1741133850839;16609
0;1741133850933;11410
3;1741133855894;16610
0;1741133855967;11411
3;1741133860838;16611
0;1741133861055;11412
3;1741133865882;16612
0;1741133865941;11413
3;1741133870837;16613
0;1741133870942;11414
0;1741133875870;11415
3;1741133875882;16614
3;1741133880911;16615
0;1741133880925;11416
3;1741133885902;16616
0;1741133885913;11417
3;1741133890852;16617
0;1741133891037;11418
3;1741133895875;16618
0;1741133895902;11419
3;1741133900883;16619
0;1741133900972;11420
3;1741133905936;16620
0;1741133905975;11421
3;1741133910955;16621
0;1741133911004;11422
3;1741133915884;16622
0;1741133916363;11423
3;1741133920937;16623
0;1741133921003;11424
3;1741133925873;16624
0;1741133926107;11425
3;1741133930833;16625
0;1741133933739;11426
3;1741133935841;16626
0;1741133935934;11427
3;1741133940888;16627
0;1741133940980;11428
3;1741133945872;16628
0;1741133945923;11429
3;1741133950893;16629
0;1741133950927;11430
3;1741133955838;16630
0;1741133956039;11431
3;1741133960908;16631
0;1741133960967;11432
3;1741133965837;16632
0;1741133965894;11433
3;1741133970907;16633
0;1741133970967;11434
3;1741133975878;16634
0;1741133975958;11435
3;1741133980965;16635
0;1741133980982;11436
3;1741133985850;16636
0;1741133985936;11437
3;1741133990875;16637
0;1741133990949;11438
3;1741133995909;16638
0;1741133995968;11439
3;1741134000890;16639
0;1741134000960;11440
3;1741134005876;16640
0;1741134005940;11441
3;1741134010859;16641
0;1741134010979;11442
3;1741134015884;16642
0;1741134015924;11443
3;1741134020842;16643
0;1741134020923;11444
3;1741134025849;16644
0;1741134025891;11445
3;1741134030874;16645
0;1741134030963;11446
3;1741134035848;16646
0;1741134035927;11447
3;1741134040841;16647
0;1741134040994;11448
0;1741134045900;11449
3;1741134045910;16648
3;1741134050873;16649
0;1741134050951;11450
3;1741134055909;16650
0;1741134056028;11451
3;1741134060872;16651
0;1741134060963;11452
3;1741134065879;16652
0;1741134065946;11453
3;1741134070839;16653
0;1741134070931;11454
3;1741134075862;16654
0;1741134075888;11455
3;1741134080865;16655
0;1741134081072;11456
3;1741134085877;16656
0;1741134085911;11457
3;1741134090870;16657
0;1741134090967;11458
3;1741134095869;16658
0;1741134095918;11459
3;1741134100868;16659
0;1741134100903;11460
3;1741134105881;16660
0;1741134105916;11461
3;1741134110852;16661
0;1741134111069;11462
3;1741134115844;16662
0;1741134116045;11463
3;1741134120914;16663
0;1741134121213;11464
3;1741134125887;16664
0;1741134125916;11465
3;1741134130851;16665
3;1741134135843;16666
3;1741134140832;16667
3;1741134145872;16668
3;1741134150846;16669
3;1741134155836;16670
3;1741134160843;16671
3;1741134165852;16672
3;1741134170843;16673
3;1741134175893;16674
3;1741134180844;16675
3;1741134185851;16676
3;1741134190859;16677
3;1741134195851;16678
3;1741134401225;16679
3;1741134401289;16680
3;1741134401336;16681
3;1741134401400;16682
3;1741134401448;16683
3;1741134401496;16684
3;1741134401544;16685
3;1741134401593;16686
3;1741134401656;16687
3;1741134401704;16688
3;1741134401769;16689
3;1741134401833;16690
3;1741134401880;16691
3;1741134401928;16692
3;1741134401976;16693
3;1741134402040;16694
3;1741134402087;16695
3;1741134402136;16696
3;1741134402184;16697
3;1741134402248;16698
3;1741134402296;16699
2;1741134405843;9287
3;1741134405862;16700
2;1741134410849;9288
3;1741134410861;16701
3;1741134415894;16702
2;1741134415969;9289
3;1741134420870;16703
2;1741134420924;9290
3;1741134425863;16704
2;1741134426208;9291
3;1741134430900;16705
2;1741134430928;9292
2;1741134435856;9293
3;1741134435867;16706
3;1741134440838;16707
2;1741134441432;9294
3;1741134445869;16708
2;1741134445935;9295
3;1741134450862;16709
2;1741134450874;9296
2;1741134455839;9297
3;1741134455856;16710
3;1741134460869;16711
2;1741134460919;9298
3;1741134465862;16712
2;1741134465880;9299
2;1741134470861;9300
3;1741134470874;16713
3;1741134475844;16714
2;1741134475858;9301
3;1741134480852;16715
2;1741134480886;9302
2;1741134485903;9303
3;1741134485912;16716
2;1741134490893;9304
3;1741134490905;16717
2;1741134495837;9305
3;1741134495852;16718
2;1741134500843;9306
3;1741134500854;16719
3;1741134505843;16720
2;1741134505883;9307
2;1741134510843;9308
3;1741134510853;16721
3;1741134515856;16722
2;1741134515892;9309
2;1741134520858;9310
3;1741134520870;16723
3;1741134525857;16724
2;1741134526042;9311
3;1741134530865;16725
2;1741134530879;9312
2;1741134535850;9313
3;1741134535861;16726
3;1741134540863;16727
2;1741134540875;9314
3;1741134545867;16728
2;1741134548729;9315
2;1741134550842;9316
3;1741134550853;16729
3;1741134555855;16730
2;1741134555892;9317
3;1741134560846;16731
2;1741134560923;9318
3;1741134565843;16732
2;1741134565863;9319
3;1741134570874;16733
2;1741134570904;9320
2;1741134575872;9321
3;1741134575885;16734
2;1741134580839;9322
3;1741134580852;16735
3;1741134585853;16736
2;1741134585926;9323
3;1741134590850;16737
2;1741134590888;9324
3;1741134595837;16738
2;1741134595990;9325
2;1741134600854;9326
3;1741134600867;16739
3;1741134605836;16740
2;1741134605977;9327
3;1741134610860;16741
2;1741134610997;9328
3;1741134615868;16742
2;1741134615881;9329
3;1741134620875;16743
2;1741134620910;9330
3;1741134625866;16744
2;1741134625904;9331
2;1741134630864;9332
3;1741134630877;16745
2;1741134635860;9333
3;1741134635890;16746
3;1741134640873;16747
2;1741134640884;9334
3;1741134645848;16748
2;1741134645884;9335
3;1741134650872;16749
2;1741134650908;9336
3;1741134655878;16750
2;1741134656050;9337
3;1741134660870;16751
2;1741134660973;9338
3;1741134665832;16752
2;1741134665921;9339
2;1741134670849;9340
3;1741134670860;16753
3;1741134675880;16754
2;1741134676172;9341
3;1741134680839;16755
2;1741134680913;9342
2;1741134685841;9343
3;1741134685852;16756
3;1741134690897;16757
2;1741134691088;9344
0;1741134691345;11466
3;1741134695885;16758
0;1741134696080;11467
2;1741134698624;9345
3;1741134700838;16759
0;1741134701695;11468
2;1741134703759;9346
3;1741134705845;16760
0;1741134705935;11469
2;1741134708975;9347
3;1741134710869;16761
0;1741134710911;11470
2;1741134711071;9348
3;1741134715877;16762
0;1741134715951;11471
2;1741134716014;9349
3;1741134720868;16763
0;1741134720942;11472
2;1741134721102;9350
3;1741134725861;16764
0;1741134728206;11473
2;1741134728814;9351
3;1741134730836;16765
2;1741134730974;9352
0;1741134731182;11474
3;1741134735869;16766
0;1741134735934;11475
2;1741134736253;9353
3;1741134740867;16767
0;1741134740941;11476
2;1741134741070;9354
3;1741134745901;16768
0;1741134745933;11477
2;1741134746222;9355
2;1741134750940;9356
3;1741134750951;16769
0;1741134753948;11478
3;1741134755890;16770
0;1741134755964;11479
2;1741134756236;9357
3;1741134760898;16771
0;1741134761032;11480
2;1741134761068;9358
3;1741134765870;16772
0;1741134766269;11481
2;1741134767883;9359
3;1741134770866;16773
2;1741134770916;9360
0;1741134771028;11482
3;1741134775905;16774
2;1741134775979;9361
0;1741134776091;11483
3;1741134780865;16775
0;1741134780907;11484
2;1741134781044;9362
3;1741134785866;16776
0;1741134786058;11485
2;1741134788634;9363
3;1741134790879;16777
0;1741134791290;11486
2;1741134793034;9364
3;1741134795951;16778
2;1741134798730;9365
0;1741134799034;11487
3;1741134800847;16779
0;1741134800935;11488
2;1741134801081;9366
3;1741134805871;16780
0;1741134805908;11489
2;1741134805993;9367
3;1741134810848;16781
0;1741134810953;11490
2;1741134811033;9368
0;1741134815865;11491
3;1741134815879;16782
2;1741134815927;9369
3;1741134820881;16783
2;1741134820894;9370
3;1741134825839;16784
0;1741134826072;11492
2;1741134826216;9371
3;1741134830905;16785
2;1741134830935;9372
0;1741134831191;11493
3;1741134835884;16786
0;1741134835919;11494
2;1741134836056;9373
0;1741134840872;11495
3;1741134840881;16787
2;1741134840961;9374
3;1741134845838;16788
0;1741134846406;11496
3;1741134850892;16789
0;1741134850919;11497
2;1741134851014;9375
3;1741134855868;16790
3;1741134860911;16791
0;1741134861189;11498
2;1741134863189;9376
3;1741134865877;16792
0;1741134865885;11499
2;1741134866005;9377
3;1741134870844;16793
2;1741134870880;9378
0;1741134871061;11500
3;1741134875835;16794
0;1741134875925;11501
2;1741134876133;9379
3;1741134880842;16795
2;1741134880916;9380
0;1741134881172;11502
3;1741134885867;16796
2;1741134886144;9381
0;1741134888676;11503
3;1741134890843;16797
0;1741134891016;11504
2;1741134893636;9382
3;1741134895849;16798
2;1741134896068;9383
0;1741134896323;11505
3;1741134900842;16799
0;1741134900995;11506
2;1741134903027;9384
3;1741134905866;16800
0;1741134905939;11507
2;1741134905954;9385
3;1741134910875;16801
0;1741134911123;11508
2;1741134913058;9386
3;1741135385906;16802
3;1741135385951;16803
3;1741135386001;16804
3;1741135386050;16805
3;1741135390842;16806
3;1741135395849;16807
3;1741135400837;16808
3;1741135405840;16809
3;1741135410840;16810
3;1741135415842;16811
3;1741135420846;16812
3;1741135425850;16813
3;1741135430840;16814
3;1741135435843;16815
3;1741135440848;16816
3;1741135445839;16817
3;1741135450843;16818
3;1741135455845;16819
3;1741135460850;16820
3;1741135465836;16821
3;1741135470854;16822
3;1741135475841;16823
3;1741135480845;16824
3;1741135485848;16825
3;1741135490838;16826
3;1741135495841;16827
3;1741135500843;16828
3;1741135505846;16829
3;1741135510837;16830
3;1741135515839;16831
3;1741135520841;16832
3;1741135525843;16833
3;1741135530851;16834
3;1741135535851;16835
3;1741135540840;16836
3;1741135545843;16837
3;1741135550846;16838
3;1741135555850;16839
3;1741135560837;16840
3;1741135565839;16841
3;1741135570843;16842
3;1741135575829;16843
3;1741135580850;16844
3;1741135585840;16845
3;1741135590847;16846
3;1741135595839;16847
3;1741135600863;16848
3;1741135605839;16849
3;1741135610831;16850
3;1741135615839;16851
3;1741135620939;16852
3;1741135625840;16853
0;1741135629831;11509
3;1741135630829;16854
3;1741135635916;16855
3;1741135640923;16856
3;1741135645916;16857
3;1741135650845;16858
3;1741135655834;16859
3;1741135660874;16860
3;1741135665835;16861
3;1741135670858;16862
3;1741135675834;16863
3;1741135680826;16864
3;1741135685833;16865
3;1741135690872;16866
3;1741135695833;16867
3;1741135700857;16868
3;1741135705879;16869
0;1741135709506;11510
3;1741135710866;16870
3;1741135715846;16871
3;1741135720833;16872
3;1741135725825;16873
3;1741135730874;16874
0;1741135733811;11511
3;1741135735841;16875
0;1741135739290;11512
3;1741135740832;16876
3;1741135745968;16877
3;1741135750863;16878
3;1741135755839;16879
0;1741135759785;11513
3;1741135760832;16880
3;1741135765867;16881
3;1741135770924;16882
3;1741135775864;16883
2;1741135785783;9387
3;1741135785838;16884
3;1741135790903;16885
0;1741135794342;11514
2;1741135794582;9388
3;1741135795863;16886
3;1741135800829;16887
3;1741135815867;16888
3;1741135815944;16889
3;1741135820855;16890
3;1741135825838;16891
3;1741135830838;16892
2;1741135833528;9389
3;1741135835845;16893
2;1741135836539;9390
3;1741135840839;16894
3;1741135845902;16895
2;1741135848431;9391
3;1741135850886;16896
2;1741135852959;9392
3;1741135855845;16897
3;1741135860836;16898
2;1741135861070;9393
0;1741135861774;11515
3;1741135865827;16899
0;1741135866046;11516
2;1741135866105;9394
3;1741135870837;16900
0;1741135871039;11517
2;1741135871150;9395
3;1741135875859;16901
0;1741135876157;11518
2;1741135876232;9396
3;1741135880877;16902
0;1741135880893;11519
2;1741135881213;9397
3;1741135885828;16903
2;1741135885949;9398
0;1741135886029;11520
3;1741135890867;16904
0;1741135890942;11521
2;1741135891114;9399
3;1741135895889;16905
0;1741135895996;11522
2;1741135896236;9400
0;1741135900860;11523
3;1741135900872;16906
2;1741135900942;9401
3;1741135905827;16907
0;1741135905900;11524
2;1741135906204;9402
3;1741135910905;16908
0;1741135911163;11525
2;1741135911307;9403
3;1741135915841;16909
0;1741135916047;11526
2;1741135916283;9404
3;1741135920869;16910
0;1741135921098;11527
2;1741135921162;9405
3;1741135925901;16911
0;1741135925936;11528
2;1741135925962;9406
3;1741135930864;16912
0;1741135930906;11529
2;1741135930964;9407
3;1741135935872;16913
2;1741135935977;9408
0;1741135936234;11530
3;1741135940833;16914
2;1741135940953;9409
0;1741135941028;11531
3;1741135945871;16915
2;1741135945929;9410
0;1741135946036;11532
3;1741135950846;16916
0;1741135950900;11533
2;1741135951273;9411
3;1741135955895;16917
0;1741135955996;11534
2;1741135956004;9412
0;1741135960900;11535
3;1741135960909;16918
2;1741135960968;9413
3;1741135965870;16919
0;1741135965929;11536
2;1741135966025;9414
3;1741135970903;16920
0;1741135970944;11537
2;1741135971000;9415
3;1741135975869;16921
0;1741135975959;11538
2;1741135976023;9416
3;1741135980924;16922
2;1741135980956;9417
0;1741135981207;11539
3;1741135985851;16923
0;1741135985913;11540
2;1741135986056;9418
3;1741135990875;16924
0;1741135990886;11541
2;1741135991094;9419
3;1741135995882;16925
0;1741135995953;11542
2;1741135996070;9420
3;1741136000901;16926
0;1741136000909;11543
2;1741136001167;9421
3;1741136005909;16927
2;1741136005917;9422
0;1741136005945;11544
3;1741136010886;16928
0;1741136010934;11545
2;1741136011029;9423
3;1741136015833;16929
2;1741136016445;9424
0;1741136016501;11546
3;1741136020889;16930
0;1741136020931;11547
2;1741136021267;9425
3;1741136025865;16931
0;1741136025907;11548
2;1741136026022;9426
3;1741136030841;16932
0;1741136031011;11549
2;1741136031075;9427
3;1741136035904;16933
0;1741136035922;11550
2;1741136035970;9428
3;1741136040865;16934
2;1741136040965;9429
0;1741136041058;11551
0;1741136045876;11552
3;1741136045888;16935
2;1741136045954;9430
3;1741136050854;16936
0;1741136050898;11553
2;1741136051394;9431
3;1741136055879;16937
0;1741136055915;11554
2;1741136055980;9432
3;1741136060840;16938
0;1741136060872;11555
2;1741136060970;9433
3;1741136065863;16939
0;1741136065900;11556
2;1741136066065;9434
3;1741136070915;16940
0;1741136070975;11557
2;1741136071131;9435
3;1741136075936;16941
0;1741136076012;11558
2;1741136076272;9436
3;1741136080838;16942
0;1741136080918;11559
2;1741136081036;9437
3;1741136085846;16943
0;1741136085880;11560
2;1741136086041;9438
3;1741136090853;16944
0;1741136090927;11561
2;1741136091807;9439
3;1741136095893;16945
0;1741136096207;11562
2;1741136096319;9440
3;1741136100885;16946
0;1741136100979;11563
2;1741136101295;9441
3;1741136105831;16947
2;1741136106270;9442
0;1741136106350;11564
3;1741136110838;16948
0;1741136111326;11565
2;1741136111390;9443
3;1741136115885;16949
0;1741136115902;11566
2;1741136115944;9444
3;1741136120883;16950
0;1741136120931;11567
2;1741136120973;9445
3;1741136125876;16951
0;1741136125933;11568
2;1741136126141;9446
3;1741136130910;16952
0;1741136130973;11569
2;1741136131101;9447
3;1741136135875;16953
0;1741136135957;11570
2;1741136136120;9448
3;1741136140835;16954
0;1741136140929;11571
2;1741136141196;9449
3;1741136145905;16955
2;1741136145916;9450
0;1741136146076;11572
3;1741136150835;16956
0;1741136150987;11573
2;1741136151068;9451
3;1741136155905;16957
0;1741136155996;11574
2;1741136156171;9452
3;1741136160850;16958
0;1741136161115;11575
2;1741136161291;9453
3;1741136165843;16959
0;1741136166042;11576
2;1741136166122;9454
3;1741136170833;16960
0;1741136171034;11577
2;1741136171098;9455
3;1741136175857;16961
0;1741136175914;11578
2;1741136176010;9456
3;1741136180833;16962
0;1741136181034;11579
2;1741136181210;9457
3;1741136185919;16963
2;1741136186026;9458
0;1741136186042;11580
3;1741136190907;16964
0;1741136191049;11581
2;1741136191140;9459
0;1741136195865;11582
3;1741136195878;16965
2;1741136196361;9460
3;1741136200864;16966
0;1741136201352;11583
2;1741136201608;9461
3;1741136205871;16967
2;1741136205901;9462
0;1741136206024;11584
3;1741136210846;16968
0;1741136210912;11585
2;1741136210967;9463
3;1741136215896;16969
0;1741136216071;11586
2;1741136216440;9464
3;1741136220877;16970
0;1741136220891;11587
2;1741136220938;9465
3;1741136225837;16971
2;1741136226135;9466
0;1741136226208;11588
3;1741136230871;16972
0;1741136231063;11589
2;1741136231111;9467
3;1741136235884;16973
0;1741136235912;11590
2;1741136236000;9468
3;1741136240876;16974
0;1741136240950;11591
2;1741136241606;9469
3;1741136245869;16975
0;1741136246086;11592
2;1741136246182;9470
3;1741136250902;16976
0;1741136250927;11593
2;1741136250965;9471
3;1741136255875;16977
0;1741136255941;11594
2;1741136255984;9472
0;1741136260869;11595
3;1741136260881;16978
2;1741136261205;9473
3;1741136265883;16979
0;1741136265946;11596
2;1741136266212;9474
3;1741136270828;16980
0;1741136271150;11597
2;1741136271220;9475
3;1741136275836;16981
2;1741136275887;9476
0;1741136275969;11598
3;1741136280873;16982
0;1741136280907;11599
2;1741136281268;9477
3;1741136285834;16983
0;1741136285950;11600
2;1741136286037;9478
3;1741136290826;16984
0;1741136291075;11601
2;1741136291171;9479
3;1741136295850;16985
2;1741136295890;9480
0;1741136296098;11602
3;1741136300841;16986
0;1741136300963;11603
2;1741136301170;9481
3;1741136305881;16987
0;1741136305954;11604
2;1741136305986;9482
3;1741136310871;16988
0;1741136311282;11605
2;1741136311421;9483
3;1741136315894;16989
0;1741136316002;11606
2;1741136316178;9484
3;1741136320870;16990
0;1741136320897;11607
2;1741136321178;9485
0;1741136325877;11608
3;1741136325888;16991
2;1741136325969;9486
3;1741136330897;16992
0;1741136330952;11609
2;1741136331055;9487
3;1741136335846;16993
0;1741136336114;11610
2;1741136336322;9488
3;1741136341085;16994
2;1741136341200;9489
0;1741136341312;11611
3;1741136345863;16995
0;1741136346080;11612
2;1741136346848;9490
3;1741136350933;16996
2;1741136350959;9491
0;1741136351126;11613
3;1741136355940;16997
0;1741136356040;11614
2;1741136356687;9492
3;1741136360965;16998
2;1741136360991;9493
0;1741136361065;11615
3;1741136365875;16999
0;1741136366239;11616
2;1741136366271;9494
3;1741136370868;17000
0;1741136370926;11617
2;1741136370974;9495
3;1741136375876;17001
0;1741136375968;11618
2;1741136376281;9496
3;1741136380848;17002
0;1741136380995;11619
2;1741136381038;9497
3;1741136385902;17003
0;1741136385928;11620
2;1741136385936;9498
3;1741136390910;17004
0;1741136390990;11621
2;1741136391094;9499
3;1741136395875;17005
0;1741136395918;11622
2;1741136396013;9500
3;1741136400866;17006
2;1741136400909;9501
0;1741136400948;11623
3;1741136405893;17007
0;1741136405932;11624
2;1741136406044;9502
3;1741136410833;17008
0;1741136411180;11625
2;1741136411244;9503
3;1741136415841;17009
0;1741136415980;11626
2;1741136416091;9504
3;1741136420880;17010
0;1741136420955;11627
2;1741136421003;9505
3;1741136425914;17011
0;1741136425981;11628
2;1741136426107;9506
3;1741136430936;17012
0;1741136430954;11629
2;1741136431050;9507
3;1741136435840;17013
0;1741136436074;11630
2;1741136436154;9508
3;1741136440831;17014
0;1741136440922;11631
2;1741136440958;9509
3;1741136445840;17015
0;1741136445865;11632
2;1741136445929;9510
3;1741136450846;17016
0;1741136450889;11633
2;1741136451017;9511
3;1741136455839;17017
0;1741136456053;11634
2;1741136456249;9512
3;1741136460863;17018
0;1741136461064;11635
2;1741136461124;9513
0;1741136465865;11636
3;1741136465876;17019
2;1741136465974;9514
3;1741136470920;17020
0;1741136471080;11637
2;1741136471192;9515
3;1741136475911;17021
0;1741136475976;11638
2;1741136476248;9516
3;1741136480875;17022
0;1741136480919;11639
2;1741136481191;9517
3;1741136485868;17023
0;1741136485944;11640
2;1741136486040;9518
3;1741136490862;17024
0;1741136491191;11641
2;1741136491303;9519
3;1741136495868;17025
0;1741136496296;11642
2;1741136496653;9520
3;1741136500885;17026
2;1741136500950;9521
0;1741136501143;11643
3;1741136505868;17027
0;1741136506181;11644
2;1741136506310;9522
3;1741136510827;17028
0;1741136511157;11645
2;1741136511254;9523
3;1741136515836;17029
0;1741136516389;11646
2;1741136516485;9524
3;1741136520827;17030
0;1741136521013;11647
2;1741136521173;9525
3;1741136525908;17031
2;1741136525921;9526
0;1741136525937;11648
3;1741136530922;17032
0;1741136531300;11649
2;1741136533972;9527
3;1741136535914;17033
0;1741136535952;11650
2;1741136536100;9528
3;1741136540906;17034
0;1741136541108;11651
2;1741136541172;9529
3;1741136545850;17035
0;1741136545972;11652
2;1741136546022;9530
3;1741136550846;17036
0;1741136550931;11653
2;1741136551075;9531
3;1741136555878;17037
0;1741136556595;11654
2;1741136556636;9532
3;1741136560881;17038
0;1741136561027;11655
2;1741136561148;9533
3;1741136565880;17039
0;1741136565954;11656
2;1741136566178;9534
3;1741136570855;17040
0;1741136571229;11657
2;1741136571298;9535
3;1741136575831;17041
0;1741136576226;11658
2;1741136578610;9536
3;1741136580860;17042
0;1741136581057;11659
2;1741136581249;9537
3;1741136585832;17043
0;1741136586049;11660
2;1741136586241;9538
3;1741136590840;17044
2;1741136591313;9539
0;1741136591553;11661
3;1741136595829;17045
2;1741136596292;9540
0;1741136596336;11662
3;1741136600863;17046
0;1741136601072;11663
2;1741136601184;9541
3;1741136605830;17047
0;1741136607984;11664
3;1741136610862;17048
2;1741136611359;9542
0;1741136611840;11665
3;1741136615860;17049
0;1741136615910;11666
2;1741136615951;9543
3;1741136620869;17050
0;1741136621103;11667
2;1741136621263;9544
3;1741136625862;17051
2;1741136626831;9545
0;1741136627199;11668
3;1741136630837;17052
2;1741136631534;9546
0;1741136631615;11669
3;1741136635829;17053
0;1741136635966;11670
2;1741136635982;9547
3;1741136640836;17054
0;1741136640974;11671
2;1741136641198;9548
3;1741136645845;17055
0;1741136645917;11672
2;1741136645973;9549
3;1741136650837;17056
0;1741136650945;11673
2;1741136651037;9550
3;1741136655828;17057
0;1741136656077;11674
2;1741136656189;9551
3;1741136660913;17058
0;1741136661020;11675
2;1741136661071;9552
3;1741136665876;17059
0;1741136665937;11676
2;1741136665987;9553
3;1741136670835;17060
0;1741136671100;11677
2;1741136671372;9554
3;1741136675994;17061
0;1741136676053;11678
2;1741136676204;9555
3;1741136680895;17062
0;1741136681067;11679
2;1741136681707;9556
3;1741136685866;17063
2;1741136686299;9557
0;1741136686708;11680
3;1741136690937;17064
2;1741136691307;9558
0;1741136691386;11681
3;1741136695842;17065
0;1741136695867;11682
2;1741136696250;9559
3;1741136700833;17066
2;1741136703267;9560
3;1741136705859;17067
2;1741136708218;9561
0;1741136708969;11683
3;1741136710831;17068
0;1741136711001;11684
2;1741136711674;9562
3;1741136715839;17069
0;1741136716313;11685
2;1741136716521;9563
3;1741136720952;17070
2;1741136721017;9564
0;1741136721129;11686
3;1741136725839;17071
0;1741136725992;11687
2;1741136726104;9565
3;1741136730889;17072
0;1741136730984;11688
2;1741136731114;9566
3;1741136735849;17073
2;1741136736216;9567
0;1741136736552;11689
3;1741136740830;17074
2;1741136741239;9568
0;1741136741304;11690
3;1741136745869;17075
0;1741136745943;11691
2;1741136746360;9569
3;1741136750845;17076
2;1741136751399;9570
0;1741136751879;11692
3;1741136755895;17077
0;1741136755916;11693
2;1741136755985;9571
3;1741136760870;17078
0;1741136760902;11694
2;1741136761238;9572
3;1741136765836;17079
0;1741136766214;11695
2;1741136766342;9573
3;1741136770828;17080
0;1741136770946;11696
2;1741136771190;9574
3;1741136775884;17081
0;1741136775973;11697
2;1741136776102;9575
3;1741136780844;17082
0;1741136780940;11698
2;1741136781365;9576
3;1741136785867;17083
0;1741136785905;11699
2;1741136786261;9577
3;1741136790889;17084
0;1741136791476;11700
2;1741136791733;9578
3;1741136795835;17085
0;1741136796006;11701
2;1741136796103;9579
3;1741136800898;17086
0;1741136800950;11702
2;1741136801172;9580
3;1741136805834;17087
0;1741136806035;11703
2;1741136806087;9581
3;1741136810841;17088
0;1741136811011;11704
2;1741136811363;9582
3;1741136815849;17089
2;1741136816435;9583
0;1741136816995;11705
3;1741136820867;17090
0;1741136821139;11706
2;1741136821266;9584
3;1741136825891;17091
2;1741136826322;9585
0;1741136826370;11707
3;1741136830871;17092
0;1741136830898;11708
2;1741136831026;9586
3;1741136835832;17093
0;1741136836093;11709
2;1741136836114;9587
3;1741136840856;17094
0;1741136840914;11710
2;1741136841233;9588
3;1741136845926;17095
0;1741136846017;11711
2;1741136846657;9589
3;1741136850871;17096
0;1741136850934;11712
2;1741136851025;9590
3;1741136855875;17097
0;1741136855880;11713
2;1741136856096;9591
3;1741136860870;17098
2;1741136860944;9592
0;1741136861008;11714
3;1741136865830;17099
0;1741136866384;11715
3;1741136870871;17100
0;1741136870953;11716
2;1741136871232;9593
3;1741136875878;17101
0;1741136875940;11717
2;1741136875984;9594
3;1741136880839;17102
0;1741136881263;11718
2;1741136881663;9595
3;1741136885862;17103
2;1741136885987;9596
0;1741136886655;11719
3;1741136890878;17104
0;1741136891049;11720
2;1741136891150;9597
3;1741136895908;17105
0;1741136895934;11721
2;1741136896074;9598
3;1741136900852;17106
0;1741136900925;11722
2;1741136901374;9599
3;1741136905829;17107
0;1741136906041;11723
2;1741136906542;9600
3;1741136910835;17108
2;1741136910941;9601
0;1741136911021;11724
3;1741136915841;17109
0;1741136916053;11725
2;1741136916173;9602
3;1741136920835;17110
2;1741136921437;9603
0;1741136921756;11726
3;1741136925891;17111
0;1741136925980;11727
2;1741136926076;9604
3;1741136930834;17112
0;1741136931228;11728
2;1741136931340;9605
3;1741136935853;17113
2;1741136936139;9606
0;1741136936245;11729
3;1741136940898;17114
0;1741136940939;11730
2;1741136941115;9607
3;1741136945841;17115
2;1741136946203;9608
0;1741136946395;11731
3;1741136950881;17116
2;1741136951003;9609
0;1741136951291;11732
3;1741136955868;17117
0;1741136956027;11733
2;1741136956131;9610
3;1741136960864;17118
0;1741136961050;11734
2;1741136961162;9611
3;1741136965840;17119
0;1741136966234;11735
2;1741136966252;9612
2;1741136970906;9613
3;1741136970916;17120
0;1741136971050;11736
3;1741136975888;17121
2;1741136976057;9614
0;1741136978809;11737
3;1741136980833;17122
2;1741136982841;9615
3;1741136985870;17123
0;1741136985897;11738
2;1741136985928;9616
3;1741136990863;17124
0;1741136990888;11739
2;1741136990968;9617
3;1741136995872;17125
0;1741136995908;11740
2;1741136995957;9618
3;1741137000832;17126
0;1741137001368;11741
2;1741137001383;9619
3;1741137005842;17127
0;1741137005863;11742
2;1741137005924;9620
3;1741137010890;17128
0;1741137011159;11743
2;1741137011207;9621
3;1741137015840;17129
0;1741137015959;11744
2;1741137016023;9622
3;1741137020891;17130
2;1741137020935;9623
0;1741137023847;11745
3;1741137025837;17131
0;1741137026006;11746
2;1741137026406;9624
3;1741137030845;17132
0;1741137030878;11747
2;1741137030950;9625
3;1741137035836;17133
0;1741137035922;11748
2;1741137035957;9626
3;1741137040829;17134
0;1741137040982;11749
2;1741137041269;9627
3;1741137045884;17135
0;1741137046133;11750
2;1741137046213;9628
3;1741137050843;17136
0;1741137050949;11751
2;1741137051045;9629
3;1741137055836;17137
0;1741137056020;11752
2;1741137056305;9630
3;1741137060868;17138
2;1741137063979;9631
0;1741137064068;11753
3;1741137065836;17139
2;1741137068580;9632
0;1741137068756;11754
3;1741137070867;17140
0;1741137073181;11755
2;1741137074339;9633
3;1741137075867;17141
0;1741137075947;11756
2;1741137076163;9634
3;1741137080883;17142
0;1741137080931;11757
2;1741137080944;9635
3;1741137085882;17143
0;1741137086195;11758
2;1741137086228;9636
3;1741137090841;17144
2;1741137093826;9637
0;1741137093922;11759
3;1741137095833;17145
0;1741137098146;11760
2;1741137099074;9638
3;1741137100952;17146
0;1741137101762;11761
2;1741137102200;9639
3;1741137105875;17147
2;1741137106305;9640
0;1741137109073;11762
3;1741137110840;17148
0;1741137111313;11763
2;1741137111351;9641
3;1741137115831;17149
0;1741137115961;11764
2;1741137116081;9642
3;1741137120871;17150
0;1741137120896;11765
2;1741137120954;9643
3;1741137125958;17151
2;1741137126240;9644
0;1741137126368;11766
3;1741137130879;17152
0;1741137130891;11767
2;1741137130976;9645
3;1741137135830;17153
2;1741137137871;9646
0;1741137138943;11768
3;1741137140863;17154
2;1741137140943;9647
0;1741137141053;11769
3;1741137145869;17155
0;1741137145936;11770
2;1741137146143;9648
0;1741137150878;11771
3;1741137150890;17156
2;1741137151118;9649
3;1741137155846;17157
2;1741137158734;9650
0;1741137159042;11772
3;1741137160837;17158
0;1741137160894;11773
2;1741137161134;9651
3;1741137165829;17159
0;1741137166350;11774
2;1741137166369;9652
3;1741137170836;17160
0;1741137170909;11775
2;1741137171119;9653
3;1741137175843;17161
0;1741137175925;11776
2;1741137175997;9654
3;1741137180836;17162
2;1741137181486;9655
0;1741137181821;11777
3;1741137185827;17163
0;1741137185965;11778
2;1741137186700;9656
3;1741137190882;17164
0;1741137190956;11779
2;1741137191164;9657
3;1741137195867;17165
0;1741137196101;11780
2;1741137196172;9658
3;1741137200882;17166
0;1741137201179;11781
2;1741137201660;9659
3;1741137205845;17167
2;1741137206331;9660
0;1741137206421;11782
3;1741137210833;17168
0;1741137211323;11783
2;1741137211371;9661
0;1741137215867;11784
3;1741137215881;17169
2;1741137215928;9662
3;1741137220834;17170
0;1741137221290;11785
2;1741137221386;9663
3;1741137225840;17171
2;1741137226074;9664
0;1741137226105;11786
3;1741137230906;17172
0;1741137230922;11787
2;1741137231219;9665
3;1741137235841;17173
0;1741137236090;11788
2;1741137236170;9666
3;1741137240847;17174
0;1741137240905;11789
2;1741137241033;9667
3;1741137245855;17175
0;1741137245910;11790
2;1741137245929;9668
3;1741137250846;17176
0;1741137250921;11791
2;1741137251128;9669
3;1741137255871;17177
0;1741137256104;11792
2;1741137256280;9670
3;1741137260887;17178
0;1741137261064;11793
2;1741137261288;9671
3;1741137265933;17179
0;1741137266135;11794
2;1741137266167;9672
3;1741137270846;17180
0;1741137270876;11795
2;1741137270919;9673
3;1741137275895;17181
0;1741137275911;11796
2;1741137276231;9674
3;1741137280910;17182
2;1741137281639;9675
0;1741137281753;11797
3;1741137285837;17183
0;1741137286310;11798
2;1741137286390;9676
3;1741137290861;17184
0;1741137291542;11799
2;1741137291574;9677
3;1741137295852;17185
2;1741137296326;9678
0;1741137296774;11800
3;1741137300829;17186
2;1741137301109;9679
0;1741137301189;11801
3;1741137305868;17187
0;1741137305905;11802
2;1741137306764;9680
3;1741137310844;17188
0;1741137310917;11803
2;1741137311016;9681
3;1741137315853;17189
0;1741137315925;11804
2;1741137316052;9682
3;1741137320869;17190
0;1741137320948;11805
2;1741137320996;9683
3;1741137325866;17191
0;1741137325901;11806
2;1741137325988;9684
3;1741137330901;17192
0;1741137330923;11807
2;1741137331044;9685
0;1741137335875;11808
3;1741137335888;17193
2;1741137336291;9686
3;1741137340874;17194
0;1741137341283;11809
2;1741137341731;9687
3;1741137345922;17195
0;1741137346051;11810
2;1741137346579;9688
3;1741137350978;17196
0;1741137351154;11811
2;1741137351266;9689
3;1741137355833;17197
2;1741137358226;9690
3;1741137360863;17198
0;1741137360938;11812
2;1741137361293;9691
3;1741137365848;17199
0;1741137365922;11813
2;1741137366433;9692
3;1741137370872;17200
0;1741137370945;11814
2;1741137371185;9693
3;1741137375829;17201
2;1741137375889;9694
0;1741137375953;11815
3;1741137380870;17202
2;1741137381584;9695
0;1741137381616;11816
3;1741137385831;17203
0;1741137386016;11817
2;1741137386785;9696
3;1741137390871;17204
0;1741137391088;11818
2;1741137391152;9697
3;1741137395853;17205
0;1741137395925;11819
2;1741137396336;9698
3;1741137400838;17206
0;1741137400927;11820
2;1741137401135;9699
3;1741137405845;17207
0;1741137406319;11821
2;1741137406353;9700
3;1741137410869;17208
0;1741137411021;11822
2;1741137411087;9701
3;1741137415828;17209
0;1741137416078;11823
2;1741137416302;9702
3;1741137420911;17210
0;1741137420978;11824
2;1741137421070;9703
3;1741137425829;17211
0;1741137426558;11825
2;1741137426814;9704
3;1741137430836;17212
0;1741137431022;11826
2;1741137431086;9705
3;1741137435902;17213
0;1741137436189;11827
2;1741137436282;9706
3;1741137440835;17214
0;1741137441245;11828
2;1741137441293;9707
3;1741137445828;17215
2;1741137446124;9708
0;1741137446221;11829
3;1741137450835;17216
0;1741137451116;11830
2;1741137451148;9709
3;1741137455866;17217
0;1741137456174;11831
2;1741137456268;9710
3;1741137460835;17218
2;1741137461212;9711
