3;1741053733254;1
3;1741054088253;2
3;1741058003254;3
3;1741066743254;4
3;1741070218254;5
3;1741078033254;6
3;1741078493254;7
3;1741078643254;8
1;1741090076729;1
1;1741090087566;2
1;1741090089916;3
1;1741090090004;4
1;1741090090735;5
1;1741090100391;6
1;1741090100582;7
1;1741090105540;8
1;1741090114851;9
1;1741090120334;10
1;1741090121462;11
1;1741090124947;12
1;1741090125984;13
1;1741090131614;14
1;1741090133620;15
1;1741090140961;16
1;1741090157699;17
1;1741090165713;18
1;1741090172635;19
1;1741090177480;20
1;1741090187723;21
1;1741090188229;22
1;1741090193828;23
1;1741090198652;24
1;1741090200430;25
1;1741090200514;26
1;1741090201209;27
1;1741090202292;28
1;1741090205319;29
1;1741090216544;30
1;1741090217855;31
1;1741090227526;32
1;1741090234262;33
1;1741090244346;34
1;1741090248989;35
1;1741090250440;36
1;1741090254112;37
1;1741090258474;38
1;1741090259839;39
1;1741090262527;40
1;1741090270830;41
1;1741090276738;42
1;1741090281112;43
1;1741090288446;44
1;1741090290815;45
1;1741090302764;46
1;1741090309452;47
1;1741090317990;48
1;1741090318552;49
1;1741090318832;50
1;1741090324094;51
1;1741090331435;52
1;1741090332596;53
1;1741090333756;54
1;1741090340860;55
1;1741090341863;56
1;1741090353348;57
1;1741090357619;58
1;1741090363819;59
1;1741090364373;60
1;1741090378036;61
1;1741090380542;62
1;1741090386515;63
1;1741090392412;64
1;1741090396586;65
1;1741090403737;66
1;1741090409457;67
1;1741090411784;68
1;1741090419792;69
1;1741090421055;70
1;1741090428843;71
1;1741090431946;72
1;1741090440228;73
1;1741090440648;74
1;1741090449663;75
1;1741090451968;76
1;1741090453876;77
1;1741090456551;78
1;1741090460195;79
1;1741090460204;80
1;1741090484770;81
1;1741090489956;82
1;1741090494243;83
1;1741090496878;84
1;1741090499559;85
1;1741090511524;86
1;1741090512380;87
1;1741090512593;88
1;1741090519051;89
1;1741090529979;90
1;1741090530580;91
1;1741090531507;92
1;1741090531889;93
1;1741090543393;94
1;1741090545486;95
1;1741090553896;96
1;1741090554891;97
1;1741090564301;98
1;1741090564832;99
1;1741090566273;100
1;1741090567858;101
1;1741090575863;102
1;1741090587127;103
1;1741090595702;104
1;1741090599696;105
1;1741090606135;106
1;1741090608221;107
1;1741090608560;108
1;1741090611359;109
1;1741090614501;110
1;1741090629456;111
1;1741090635668;112
1;1741090638583;113
1;1741090639124;114
1;1741090639705;115
1;1741090641197;116
1;1741090650249;117
1;1741090658367;118
1;1741090660399;119
1;1741090670466;120
1;1741090676689;121
1;1741090682729;122
1;1741090687547;123
1;1741090689025;124
1;1741090690714;125
1;1741090703194;126
1;1741090704799;127
1;1741090709110;128
1;1741090719183;129
1;1741090720719;130
1;1741090724212;131
1;1741090727268;132
1;1741090732597;133
1;1741090735798;134
1;1741090746293;135
1;1741090753881;136
1;1741090756480;137
1;1741090764615;138
1;1741090766352;139
1;1741090767814;140
1;1741090773167;141
1;1741090775467;142
1;1741090782486;143
1;1741090791211;144
1;1741090792259;145
1;1741090792849;146
1;1741090801953;147
1;1741090802479;148
1;1741090807688;149
1;1741090824148;150
1;1741090824874;151
1;1741090827393;152
1;1741090828154;153
1;1741090841014;154
1;1741090857229;155
1;1741090858991;156
1;1741090859740;157
1;1741090861484;158
1;1741090866682;159
1;1741090868015;160
1;1741090874937;161
1;1741090877082;162
1;1741090883579;163
1;1741090893548;164
1;1741090895716;165
1;1741090905368;166
1;1741090909297;167
1;1741090912216;168
1;1741090914160;169
1;1741090917761;170
1;1741090928903;171
1;1741090929699;172
1;1741090931358;173
1;1741090933052;174
1;1741090950966;175
1;1741090956202;176
1;1741090956352;177
1;1741090960829;178
1;1741090962380;179
1;1741090968004;180
1;1741090971099;181
1;1741090979851;182
1;1741090982340;183
1;1741090990267;184
1;1741090994187;185
1;1741090995373;186
1;1741091001447;187
1;1741091009864;188
1;1741091017712;189
1;1741091020994;190
1;1741091021209;191
1;1741091021318;192
1;1741091037171;193
1;1741091045638;194
1;1741091049709;195
1;1741091050311;196
1;1741091051813;197
1;1741091059119;198
1;1741091060272;199
1;1741091060571;200
1;1741091066720;201
1;1741091077969;202
1;1741091088967;203
1;1741091089771;204
1;1741091090155;205
1;1741091090709;206
1;1741091101875;207
1;1741091110782;208
1;1741091119472;209
1;1741091120808;210
1;1741091122151;211
1;1741091130594;212
1;1741091135199;213
1;1741091138502;214
1;1741091141335;215
1;1741091145804;216
1;1741091162943;217
1;1741091165192;218
1;1741091167745;219
1;1741091176263;220
1;1741091176279;221
1;1741091180610;222
1;1741091181481;223
1;1741091187662;224
1;1741091194984;225
1;1741091203635;226
1;1741091203659;227
1;1741091210950;228
1;1741091212008;229
1;1741091212116;230
1;1741091222072;231
1;1741091227550;232
1;1741091232464;233
1;1741091252169;234
1;1741091257040;235
1;1741091259181;236
1;1741091260390;237
1;1741091263735;238
1;1741091266295;239
1;1741091266485;240
1;1741091268241;241
1;1741091276547;242
1;1741091286484;243
1;1741091294868;244
1;1741091296525;245
1;1741091296968;246
1;1741091298421;247
1;1741091314014;248
1;1741091315187;249
1;1741091322152;250
1;1741091328722;251
1;1741091332556;252
1;1741091333996;253
1;1741091341878;254
1;1741091355891;255
1;1741091357194;256
1;1741091363934;257
1;1741091365134;258
1;1741091371366;259
1;1741091377907;260
1;1741091384434;261
1;1741091388778;262
1;1741091388986;263
1;1741091389783;264
1;1741091405177;265
1;1741091408830;266
1;1741091409535;267
1;1741091414681;268
1;1741091421102;269
1;1741091422565;270
1;1741091429823;271
1;1741091431825;272
1;1741091437038;273
1;1741091437216;274
1;1741091440738;275
1;1741091444749;276
1;1741091455932;277
1;1741091457268;278
1;1741091459780;279
1;1741091469550;280
1;1741091473039;281
1;1741091475643;282
1;1741091476384;283
1;1741091489951;284
1;1741091501635;285
1;1741091509946;286
1;1741091510576;287
1;1741091519337;288
1;1741091520306;289
1;1741091524903;290
1;1741091530279;291
1;1741091533589;292
1;1741091533912;293
1;1741091538583;294
1;1741091543330;295
1;1741091546162;296
1;1741091561304;297
1;1741091563853;298
1;1741091565957;299
1;1741091568011;300
1;1741091577482;301
1;1741091583185;302
1;1741091586924;303
1;1741091589111;304
1;1741091593612;305
1;1741091607392;306
1;1741091608861;307
1;1741091611100;308
1;1741091622557;309
1;1741091623342;310
1;1741091625950;311
1;1741091628291;312
1;1741091629939;313
1;1741091630940;314
1;1741091644944;315
1;1741091653137;316
1;1741091656520;317
1;1741091659200;318
1;1741091662340;319
1;1741091668487;320
1;1741091678496;321
1;1741091680969;322
1;1741091685931;323
1;1741091686700;324
1;1741091687891;325
1;1741091705949;326
1;1741091706032;327
1;1741091706567;328
1;1741091712048;329
1;1741091716890;330
1;1741091728677;331
1;1741091733478;332
1;1741091741636;333
1;1741091744158;334
1;1741091745214;335
1;1741091750598;336
1;1741091755467;337
1;1741091757123;338
1;1741091758509;339
1;1741091766559;340
1;1741091781799;341
1;1741091785392;342
1;1741091785958;343
1;1741091787017;344
1;1741091787995;345
1;1741091805475;346
1;1741091810603;347
1;1741091813837;348
1;1741091820971;349
1;1741091821324;350
1;1741091823008;351
1;1741091828649;352
1;1741091833523;353
1;1741091835013;354
1;1741091839589;355
1;1741091844806;356
1;1741091852003;357
1;1741091854366;358
1;1741091871230;359
1;1741091872720;360
1;1741091873933;361
1;1741091879549;362
1;1741091881054;363
1;1741091888040;364
1;1741091893230;365
1;1741091901980;366
1;1741091910943;367
1;1741091915049;368
1;1741091922384;369
1;1741091925151;370
1;1741091926008;371
1;1741091933929;372
1;1741091937454;373
1;1741091940877;374
1;1741091943828;375
1;1741091949053;376
1;1741091951338;377
1;1741091964985;378
1;1741091968031;379
1;1741091972203;380
1;1741091974380;381
1;1741091981001;382
1;1741091983136;383
1;1741091992517;384
1;1741091997897;385
1;1741091998429;386
1;1741092000684;387
1;1741092006635;388
1;1741092010499;389
1;1741092014184;390
1;1741092018737;391
1;1741092031893;392
1;1741092033336;393
1;1741092042991;394
1;1741092046383;395
1;1741092048962;396
1;1741092050747;397
1;1741092052499;398
1;1741092066365;399
1;1741092068588;400
1;1741092071391;401
1;1741092072424;402
1;1741092076831;403
1;1741092086758;404
1;1741092107361;405
1;1741092107560;406
1;1741092115852;407
1;1741092117286;408
1;1741092120361;409
1;1741092121049;410
1;1741092129574;411
1;1741092131100;412
1;1741092142967;413
1;1741092146156;414
1;1741092146844;415
1;1741092159339;416
1;1741092164572;417
1;1741092164583;418
1;1741092171032;419
1;1741092171702;420
1;1741092171809;421
1;1741092174218;422
1;1741092178586;423
1;1741092182543;424
1;1741092200807;425
1;1741092202530;426
1;1741092205552;427
1;1741092207849;428
1;1741092211618;429
1;1741092213930;430
1;1741092224458;431
1;1741092235684;432
1;1741092238933;433
1;1741092239155;434
1;1741092246208;435
1;1741092246351;436
1;1741092246981;437
1;1741092255798;438
1;1741092258115;439
1;1741092271166;440
1;1741092275384;441
1;1741092287711;442
1;1741092288676;443
1;1741092290980;444
1;1741092291431;445
1;1741092298145;446
1;1741092305836;447
1;1741092310604;448
1;1741092311411;449
1;1741092323809;450
1;1741092323824;451
1;1741092326889;452
1;1741092337252;453
1;1741092349067;454
1;1741092349236;455
1;1741092353474;456
1;1741092353770;457
1;1741092356937;458
1;1741092363748;459
1;1741092375141;460
1;1741092375861;461
1;1741092377582;462
1;1741092382166;463
1;1741092382792;464
1;1741092390900;465
1;1741092402061;466
1;1741092404280;467
1;1741092411569;468
1;1741092419000;469
1;1741092420128;470
1;1741092424420;471
1;1741092426542;472
1;1741092431174;473
1;1741092449301;474
1;1741092450870;475
1;1741092451744;476
1;1741092452814;477
1;1741092452964;478
1;1741092453631;479
1;1741092462916;480
1;1741092476020;481
1;1741092480006;482
1;1741092483907;483
1;1741092488632;484
1;1741092495652;485
1;1741092496627;486
1;1741092510589;487
1;1741092515799;488
1;1741092521707;489
1;1741092522150;490
1;1741092522437;491
1;1741092532851;492
1;1741092535143;493
1;1741092538053;494
1;1741092548208;495
1;1741092548655;496
1;1741092552854;497
1;1741092559942;498
1;1741092569980;499
1;1741092573956;500
1;1741092574234;501
1;1741092579395;502
1;1741092581003;503
1;1741092588517;504
1;1741092602793;505
1;1741092605554;506
1;1741092607495;507
1;1741092608467;508
1;1741092608635;509
1;1741092611866;510
1;1741092625577;511
1;1741092631108;512
1;1741092632672;513
1;1741092639372;514
1;1741092642981;515
1;1741092650599;516
1;1741092651030;517
1;1741092653619;518
1;1741092666303;519
1;1741092672420;520
1;1741092673424;521
1;1741092674615;522
1;1741092679233;523
1;1741092688076;524
1;1741092699119;525
1;1741092705006;526
1;1741092706860;527
1;1741092708581;528
1;1741092717760;529
1;1741092718655;530
1;1741092721549;531
1;1741092725616;532
1;1741092740993;533
1;1741092742020;534
1;1741092745045;535
1;1741092750337;536
1;1741092755722;537
1;1741092756140;538
1;1741092762897;539
1;1741092768464;540
1;1741092775249;541
1;1741092782885;542
1;1741092784333;543
1;1741092792229;544
1;1741092794523;545
1;1741092805821;546
1;1741092807969;547
1;1741092810363;548
1;1741092811941;549
1;1741092830173;550
1;1741092833096;551
1;1741092833566;552
1;1741092838964;553
1;1741092847809;554
1;1741092850036;555
1;1741092853025;556
1;1741092867746;557
1;1741092868747;558
1;1741092872662;559
1;1741092873322;560
1;1741092873961;561
1;1741092886475;562
1;1741092889385;563
1;1741092892853;564
1;1741092899008;565
1;1741092899013;566
1;1741092905690;567
1;1741092908323;568
1;1741092914544;569
1;1741092915042;570
1;1741092924636;571
1;1741092933385;572
1;1741092939113;573
1;1741092943013;574
1;1741092945741;575
1;1741092957467;576
1;1741092967937;577
1;1741092970732;578
1;1741092973497;579
1;1741092974776;580
1;1741092975951;581
1;1741092976769;582
1;1741092978829;583
1;1741092987910;584
1;1741092991831;585
1;1741092993744;586
1;1741092995699;587
1;1741093014497;588
1;1741093017464;589
1;1741093023101;590
1;1741093023375;591
1;1741093030514;592
1;1741093037755;593
1;1741093046334;594
1;1741093051629;595
1;1741093052486;596
1;1741093060978;597
1;1741093069759;598
1;1741093072158;599
1;1741093074441;600
1;1741093078264;601
1;1741093083092;602
1;1741093088356;603
1;1741093093084;604
1;1741093095263;605
1;1741093095320;606
1;1741093098495;607
1;1741093119678;608
1;1741093125620;609
1;1741093129483;610
1;1741093130772;611
1;1741093131255;612
1;1741093136217;613
1;1741093142454;614
1;1741093147097;615
1;1741093152308;616
1;1741093155616;617
1;1741093162630;618
1;1741093170453;619
1;1741093172990;620
1;1741093177384;621
1;1741093178589;622
1;1741093182515;623
1;1741093190422;624
1;1741093199053;625
1;1741093202241;626
1;1741093204348;627
1;1741093206055;628
1;1741093212163;629
1;1741093222789;630
1;1741093234460;631
1;1741093236179;632
1;1741093241360;633
1;1741093242290;634
1;1741093244501;635
1;1741093250832;636
1;1741093253735;637
1;1741093266001;638
1;1741093270418;639
1;1741093271138;640
1;1741093275479;641
1;1741093276032;642
1;1741093278753;643
1;1741093283951;644
1;1741093287637;645
1;1741093296339;646
1;1741093309718;647
1;1741093319749;648
1;1741093321336;649
1;1741093321908;650
1;1741093324575;651
1;1741093325877;652
1;1741093326136;653
1;1741093328061;654
1;1741093336211;655
1;1741093347610;656
1;1741093353943;657
1;1741093355201;658
1;1741093360861;659
1;1741093365802;660
1;1741093368535;661
1;1741093373549;662
1;1741093373597;663
1;1741093381519;664
1;1741093392467;665
1;1741093397659;666
1;1741093403619;667
1;1741093408377;668
1;1741093412109;669
1;1741093412215;670
1;1741093422099;671
1;1741093429966;672
1;1741093435887;673
1;1741093441493;674
1;1741093452597;675
1;1741093454080;676
1;1741093455886;677
1;1741093456821;678
1;1741093462466;679
1;1741093470825;680
1;1741093476453;681
1;1741093477566;682
1;1741093485927;683
1;1741093492357;684
1;1741093494613;685
1;1741093495408;686
1;1741093500271;687
1;1741093502235;688
1;1741093515864;689
1;1741093516729;690
1;1741093518768;691
1;1741093533062;692
1;1741093541673;693
1;1741093542057;694
1;1741093542816;695
1;1741093549602;696
1;1741093551091;697
1;1741093556471;698
1;1741093556552;699
1;1741093557132;700
1;1741093579404;701
1;1741093584168;702
1;1741093587871;703
1;1741093591443;704
1;1741093592067;705
1;1741093593504;706
1;1741093610546;707
1;1741093613309;708
1;1741093614777;709
1;1741093617645;710
1;1741093623273;711
1;1741093633261;712
1;1741093634642;713
1;1741093635500;714
1;1741093635830;715
1;1741093636121;716
1;1741093655551;717
1;1741093658912;718
1;1741093674063;719
1;1741093675295;720
1;1741093676658;721
1;1741093679291;722
1;1741093680173;723
1;1741093683185;724
1;1741093689498;725
1;1741093709062;726
1;1741093710121;727
1;1741093714862;728
1;1741093719345;729
1;1741093720449;730
1;1741093724546;731
1;1741093730655;732
1;1741093732351;733
1;1741093745042;734
1;1741093746718;735
1;1741093747141;736
1;1741093749739;737
1;1741093761417;738
1;1741093763474;739
1;1741093779563;740
1;1741093779926;741
1;1741093780937;742
1;1741093787442;743
1;1741093794794;744
1;1741093800812;745
1;1741093800989;746
1;1741093805471;747
1;1741093807108;748
1;1741093814218;749
1;1741093814862;750
1;1741093816242;751
1;1741093830382;752
1;1741093839333;753
1;1741093839918;754
1;1741093843159;755
1;1741093847606;756
1;1741093855879;757
1;1741093856572;758
1;1741093866841;759
1;1741093874418;760
1;1741093878319;761
1;1741093882267;762
1;1741093890724;763
1;1741093893230;764
1;1741093895039;765
1;1741093896779;766
1;1741093906253;767
1;1741093908752;768
1;1741093919539;769
1;1741093921814;770
1;1741093924891;771
1;1741093927474;772
1;1741093936568;773
1;1741093942020;774
1;1741093946485;775
1;1741093955514;776
1;1741093965283;777
1;1741093970892;778
1;1741093972312;779
1;1741093972928;780
1;1741093976282;781
1;1741093977634;782
1;1741093985061;783
1;1741093991466;784
1;1741093996156;785
1;1741094002805;786
1;1741094004997;787
1;1741094007433;788
1;1741094016990;789
1;1741094026807;790
1;1741094027432;791
1;1741094034451;792
1;1741094037632;793
1;1741094042020;794
1;1741094042098;795
1;1741094047959;796
1;1741094050258;797
1;1741094064168;798
1;1741094068633;799
1;1741094070718;800
1;1741094075487;801
1;1741094082821;802
1;1741094086959;803
1;1741094095040;804
1;1741094095935;805
1;1741094101231;806
1;1741094104034;807
1;1741094107056;808
1;1741094107839;809
1;1741094115510;810
1;1741094124594;811
1;1741094130090;812
1;1741094130346;813
1;1741094132971;814
1;1741094134085;815
1;1741094147961;816
1;1741094159765;817
1;1741094159798;818
1;1741094160667;819
1;1741094161937;820
1;1741094170396;821
1;1741094170459;822
1;1741094174788;823
1;1741094187370;824
1;1741094195815;825
1;1741094196131;826
1;1741094198784;827
1;1741094206552;828
1;1741094213634;829
1;1741094219632;830
1;1741094234159;831
1;1741094235937;832
1;1741094239573;833
1;1741094249841;834
1;1741094250980;835
1;1741094254811;836
1;1741094263367;837
1;1741094267012;838
1;1741094273920;839
1;1741094276720;840
1;1741094279833;841
1;1741094285298;842
1;1741094286272;843
1;1741094287835;844
1;1741094289997;845
1;1741094308369;846
1;1741094313965;847
1;1741094317787;848
1;1741094318536;849
1;1741094324726;850
1;1741094327064;851
1;1741094327378;852
1;1741094329266;853
1;1741094343000;854
1;1741094347393;855
1;1741094353391;856
1;1741094360173;857
1;1741094363966;858
1;1741094366219;859
1;1741094371423;860
1;1741094373836;861
1;1741094375546;862
1;1741094383722;863
1;1741094384775;864
1;1741094387465;865
1;1741094400855;866
1;1741094412021;867
1;1741094414576;868
1;1741094417515;869
1;1741094418686;870
1;1741094433035;871
1;1741094435047;872
1;1741094439708;873
1;1741094441100;874
1;1741094448273;875
1;1741094459803;876
1;1741094461421;877
1;1741094469785;878
1;1741094469957;879
1;1741094470595;880
1;1741094470773;881
1;1741094474342;882
1;1741094481821;883
1;1741094484801;884
1;1741094497486;885
1;1741094504363;886
1;1741094511570;887
1;1741094515266;888
1;1741094518779;889
1;1741094523778;890
1;1741094530696;891
1;1741094532144;892
1;1741094534058;893
1;1741094535528;894
1;1741094541009;895
1;1741094544089;896
1;1741094546415;897
1;1741094560644;898
1;1741094562463;899
1;1741094569927;900
1;1741094579067;901
1;1741094585936;902
1;1741094590308;903
1;1741094592591;904
1;1741094596493;905
1;1741094599088;906
1;1741094607712;907
1;1741094610403;908
1;1741094611192;909
1;1741094626918;910
1;1741094626985;911
1;1741094634150;912
1;1741094638845;913
1;1741094641392;914
1;1741094652909;915
1;1741094657574;916
1;1741094658181;917
1;1741094658589;918
1;1741094662451;919
1;1741094669926;920
1;1741094676720;921
1;1741094678471;922
1;1741094679205;923
1;1741094679559;924
1;1741094700963;925
1;1741094704208;926
1;1741094708066;927
1;1741094708244;928
1;1741094721158;929
1;1741094726949;930
1;1741094732361;931
1;1741094740670;932
1;1741094742286;933
1;1741094745782;934
1;1741094749501;935
1;1741094753372;936
1;1741094753889;937
1;1741094753900;938
1;1741094760312;939
1;1741094760898;940
1;1741094780072;941
1;1741094786949;942
1;1741094791056;943
1;1741094792963;944
1;1741094797167;945
1;1741094808836;946
1;1741094809442;947
1;1741094809637;948
1;1741094812361;949
1;1741094813087;950
1;1741094814682;951
1;1741094835355;952
1;1741094838042;953
1;1741094843685;954
1;1741094845115;955
1;1741094853216;956
1;1741094853571;957
1;1741094860914;958
1;1741094863128;959
1;1741094863872;960
1;1741094871307;961
1;1741094882162;962
1;1741094891774;963
1;1741094893749;964
1;1741094894173;965
1;1741094897951;966
1;1741094903424;967
1;1741094910936;968
1;1741094917827;969
1;1741094925006;970
1;1741094927542;971
1;1741094937194;972
1;1741094943213;973
1;1741094943836;974
1;1741094949535;975
1;1741094949547;976
1;1741094950278;977
1;1741094958217;978
1;1741094964956;979
1;1741094966634;980
1;1741094973231;981
1;1741094973775;982
1;1741094977906;983
1;1741094988960;984
1;1741094991234;985
1;1741094998907;986
1;1741094999026;987
1;1741095001408;988
1;1741095013247;989
1;1741095020532;990
1;1741095032496;991
1;1741095035741;992
1;1741095040161;993
1;1741095045545;994
1;1741095050678;995
1;1741095053271;996
1;1741095056364;997
1;1741095063681;998
1;1741095066446;999
1;1741095066854;1000
1;1741095073996;1001
1;1741095074532;1002
1;1741095081086;1003
1;1741095088881;1004
1;1741095106680;1005
1;1741095109311;1006
1;1741095109976;1007
1;1741095110604;1008
1;1741095110807;1009
1;1741095126041;1010
1;1741095127162;1011
1;1741095128392;1012
1;1741095139483;1013
1;1741095146072;1014
1;1741095150539;1015
1;1741095152632;1016
1;1741095155939;1017
1;1741095163748;1018
1;1741095166369;1019
1;1741095168597;1020
1;1741095180443;1021
1;1741095182512;1022
1;1741095185262;1023
1;1741095189798;1024
1;1741095193871;1025
1;1741095195473;1026
1;1741095207783;1027
1;1741095209879;1028
1;1741095216791;1029
1;1741095223744;1030
1;1741095225826;1031
1;1741095231323;1032
1;1741095233814;1033
1;1741095239718;1034
1;1741095244376;1035
1;1741095255872;1036
1;1741095264828;1037
1;1741095265744;1038
1;1741095265917;1039
1;1741095274363;1040
1;1741095276115;1041
1;1741095277968;1042
1;1741095283185;1043
1;1741095288264;1044
1;1741095290328;1045
1;1741095292991;1046
1;1741095307521;1047
1;1741095312004;1048
1;1741095316984;1049
1;1741095324739;1050
1;1741095325859;1051
1;1741095328649;1052
1;1741095329026;1053
1;1741095337969;1054
1;1741095340396;1055
1;1741095347039;1056
1;1741095354607;1057
1;1741095361841;1058
1;1741095365873;1059
1;1741095376506;1060
1;1741095377973;1061
1;1741095383770;1062
1;1741095386937;1063
1;1741095399084;1064
1;1741095400413;1065
1;1741095410093;1066
1;1741095411273;1067
1;1741095416631;1068
1;1741095417161;1069
1;1741095423588;1070
1;1741095430015;1071
1;1741095430112;1072
1;1741095434257;1073
1;1741095449117;1074
1;1741095457332;1075
1;1741095458964;1076
1;1741095459798;1077
1;1741095464346;1078
1;1741095464855;1079
1;1741095466968;1080
1;1741095469190;1081
1;1741095472782;1082
1;1741095475931;1083
1;1741095485644;1084
1;1741095495325;1085
1;1741095496010;1086
1;1741095504739;1087
1;1741095506177;1088
1;1741095512946;1089
1;1741095518562;1090
1;1741095527303;1091
1;1741095539900;1092
1;1741095543676;1093
1;1741095548156;1094
1;1741095554235;1095
1;1741095554872;1096
1;1741095559607;1097
1;1741095559920;1098
1;1741095569602;1099
1;1741095570598;1100
1;1741095570794;1101
1;1741095580034;1102
1;1741095592144;1103
1;1741095595369;1104
1;1741095599786;1105
1;1741095600378;1106
1;1741095601333;1107
1;1741095606561;1108
1;1741095608677;1109
1;1741095609726;1110
1;1741095623346;1111
1;1741095630497;1112
1;1741095637943;1113
1;1741095643282;1114
1;1741095652916;1115
1;1741095661553;1116
1;1741095662838;1117
1;1741095664074;1118
1;1741095665917;1119
1;1741095671875;1120
1;1741095683149;1121
1;1741095687946;1122
1;1741095694940;1123
1;1741095698483;1124
1;1741095699023;1125
1;1741095701157;1126
1;1741095703946;1127
1;1741095705166;1128
1;1741095711573;1129
1;1741095716124;1130
1;1741095718528;1131
1;1741095724218;1132
1;1741095732713;1133
1;1741095739640;1134
1;1741095743043;1135
1;1741095745640;1136
1;1741095754160;1137
1;1741095757392;1138
1;1741095771072;1139
1;1741095773144;1140
1;1741095773267;1141
1;1741095775440;1142
1;1741095777849;1143
1;1741095794541;1144
1;1741095799023;1145
1;1741095804328;1146
1;1741095807658;1147
1;1741095816032;1148
1;1741095818961;1149
1;1741095819678;1150
1;1741095820935;1151
1;1741095826419;1152
1;1741095826931;1153
1;1741095827606;1154
1;1741095833535;1155
1;1741095847256;1156
1;1741095851573;1157
1;1741095861263;1158
1;1741095863894;1159
1;1741095868122;1160
1;1741095872265;1161
1;1741095872653;1162
1;1741095881063;1163
1;1741095882637;1164
1;1741095887598;1165
1;1741095889372;1166
1;1741095909297;1167
1;1741095909641;1168
1;1741095919428;1169
1;1741095926154;1170
1;1741095927229;1171
1;1741095928479;1172
1;1741095928744;1173
1;1741095934196;1174
1;1741095934915;1175
1;1741095951325;1176
1;1741095953917;1177
1;1741095954780;1178
1;1741095961324;1179
1;1741095964802;1180
1;1741095967597;1181
1;1741095975460;1182
1;1741095992282;1183
1;1741095992441;1184
1;1741095999895;1185
1;1741096000459;1186
1;1741096004147;1187
1;1741096008397;1188
1;1741096009341;1189
1;1741096026813;1190
1;1741096027251;1191
1;1741096029798;1192
1;1741096033623;1193
1;1741096034331;1194
1;1741096043828;1195
1;1741096044798;1196
1;1741096055201;1197
1;1741096057329;1198
1;1741096063230;1199
1;1741096071762;1200
1;1741096077451;1201
1;1741096078778;1202
1;1741096088777;1203
1;1741096088788;1204
1;1741096093460;1205
1;1741096104271;1206
1;1741096105404;1207
1;1741096107787;1208
1;1741096109745;1209
1;1741096113040;1210
1;1741096122477;1211
1;1741096126854;1212
1;1741096130937;1213
1;1741096131679;1214
1;1741096136265;1215
1;1741096140550;1216
1;1741096146675;1217
1;1741096164447;1218
1;1741096168920;1219
1;1741096172255;1220
1;1741096172436;1221
1;1741096182556;1222
1;1741096186445;1223
1;1741096190676;1224
1;1741096194789;1225
1;1741096196768;1226
1;1741096206952;1227
1;1741096209683;1228
1;1741096210788;1229
1;1741096216881;1230
1;1741096227131;1231
1;1741096228618;1232
1;1741096231272;1233
1;1741096234741;1234
1;1741096245308;1235
1;1741096245422;1236
1;1741096256919;1237
1;1741096257889;1238
1;1741096258071;1239
1;1741096266861;1240
1;1741096273294;1241
1;1741096276737;1242
1;1741096287793;1243
1;1741096290475;1244
1;1741096294151;1245
1;1741096297959;1246
1;1741096310373;1247
1;1741096310603;1248
1;1741096316111;1249
1;1741096316120;1250
1;1741096317839;1251
1;1741096320705;1252
1;1741096333526;1253
1;1741096338538;1254
1;1741096338628;1255
1;1741096351031;1256
1;1741096360785;1257
1;1741096363426;1258
1;1741096363458;1259
1;1741096366210;1260
1;1741096378013;1261
1;1741096381795;1262
1;1741096387907;1263
1;1741096390785;1264
1;1741096396538;1265
1;1741096396732;1266
1;1741096402008;1267
1;1741096408881;1268
1;1741096419084;1269
1;1741096425142;1270
1;1741096432709;1271
1;1741096434341;1272
1;1741096434882;1273
1;1741096440537;1274
1;1741096442937;1275
1;1741096446125;1276
1;1741096463257;1277
1;1741096464430;1278
1;1741096475196;1279
1;1741096477353;1280
1;1741096478334;1281
1;1741096483433;1282
1;1741096486232;1283
1;1741096487445;1284
1;1741096499017;1285
1;1741096502979;1286
1;1741096511139;1287
1;1741096512201;1288
1;1741096514868;1289
1;1741096516356;1290
1;1741096522582;1291
1;1741096529281;1292
1;1741096544854;1293
1;1741096550561;1294
1;1741096552010;1295
1;1741096556515;1296
1;1741096556954;1297
1;1741096558125;1298
1;1741096567378;1299
1;1741096572990;1300
1;1741096573948;1301
1;1741096579265;1302
1;1741096582628;1303
1;1741096586019;1304
1;1741096589643;1305
1;1741096594642;1306
1;1741096608783;1307
1;1741096616481;1308
1;1741096616761;1309
1;1741096619398;1310
1;1741096629364;1311
1;1741096630629;1312
1;1741096633362;1313
1;1741096650830;1314
1;1741096654881;1315
1;1741096656236;1316
1;1741096660661;1317
1;1741096661968;1318
1;1741096662690;1319
1;1741096662805;1320
1;1741096672337;1321
1;1741096681817;1322
1;1741096682292;1323
1;1741096687822;1324
1;1741096692154;1325
1;1741096702641;1326
1;1741096706533;1327
1;1741096709187;1328
1;1741096713508;1329
1;1741096718030;1330
1;1741096722167;1331
1;1741096724716;1332
1;1741096728412;1333
1;1741096744173;1334
1;1741096745758;1335
1;1741096746444;1336
1;1741096751156;1337
1;1741096760939;1338
1;1741096764270;1339
1;1741096764553;1340
1;1741096769487;1341
1;1741096783186;1342
1;1741096785395;1343
1;1741096788233;1344
1;1741096788856;1345
1;1741096789866;1346
1;1741096800861;1347
1;1741096811254;1348
1;1741096812287;1349
1;1741096821527;1350
1;1741096821812;1351
1;1741096825480;1352
1;1741096827534;1353
1;1741096844996;1354
1;1741096845597;1355
1;1741096846347;1356
1;1741096854517;1357
1;1741096867477;1358
1;1741096870426;1359
1;1741096873474;1360
1;1741096879384;1361
1;1741096883631;1362
1;1741096884177;1363
1;1741096884234;1364
1;1741096897268;1365
1;1741096904093;1366
1;1741096906024;1367
1;1741096911605;1368
1;1741096912708;1369
1;1741096916540;1370
1;1741096921547;1371
1;1741096924999;1372
1;1741096931306;1373
1;1741096942525;1374
1;1741096948530;1375
1;1741096950066;1376
1;1741096953439;1377
1;1741096954364;1378
1;1741096959583;1379
1;1741096965331;1380
1;1741096970684;1381
1;1741096977544;1382
1;1741096978470;1383
1;1741096985959;1384
1;1741096990251;1385
1;1741096990985;1386
1;1741097007641;1387
1;1741097011338;1388
1;1741097012176;1389
1;1741097022010;1390
1;1741097029751;1391
1;1741097034054;1392
1;1741097037073;1393
1;1741097043286;1394
1;1741097046555;1395
1;1741097048309;1396
1;1741097051604;1397
1;1741097060938;1398
1;1741097066171;1399
1;1741097073260;1400
1;1741097077529;1401
1;1741097083357;1402
1;1741097087893;1403
1;1741097095582;1404
1;1741097097110;1405
1;1741097098978;1406
1;1741097100729;1407
1;1741097112719;1408
1;1741097119048;1409
1;1741097119279;1410
1;1741097121120;1411
1;1741097127609;1412
1;1741097142259;1413
1;1741097146609;1414
1;1741097152134;1415
1;1741097154370;1416
1;1741097157299;1417
1;1741097157328;1418
1;1741097164867;1419
1;1741097165354;1420
1;1741097167900;1421
1;1741097182838;1422
1;1741097192153;1423
1;1741097192263;1424
1;1741097202683;1425
1;1741097203088;1426
1;1741097203548;1427
1;1741097205843;1428
1;1741097212637;1429
1;1741097213955;1430
1;1741097222313;1431
1;1741097235741;1432
1;1741097238238;1433
1;1741097246803;1434
1;1741097250691;1435
1;1741097252207;1436
1;1741097264434;1437
1;1741097267884;1438
1;1741097269089;1439
1;1741097273686;1440
1;1741097283128;1441
1;1741097285847;1442
1;1741097288162;1443
1;1741097289914;1444
1;1741097289993;1445
1;1741097300420;1446
1;1741097302608;1447
1;1741097306742;1448
1;1741097312459;1449
1;1741097313335;1450
1;1741097318124;1451
1;1741097323456;1452
1;1741097324410;1453
1;1741097333681;1454
1;1741097345321;1455
1;1741097352712;1456
1;1741097361699;1457
1;1741097362228;1458
1;1741097366884;1459
1;1741097374713;1460
1;1741097377997;1461
1;1741097379181;1462
1;1741097381726;1463
1;1741097399593;1464
1;1741097404918;1465
1;1741097410151;1466
1;1741097413478;1467
1;1741097414124;1468
1;1741097420488;1469
1;1741097428000;1470
1;1741097430306;1471
1;1741097433492;1472
1;1741097433691;1473
1;1741097434296;1474
1;1741097443414;1475
1;1741097457181;1476
1;1741097457748;1477
1;1741097466099;1478
1;1741097466475;1479
1;1741097469407;1480
1;1741097472465;1481
1;1741097487602;1482
1;1741097488022;1483
1;1741097494213;1484
1;1741097498464;1485
1;1741097498799;1486
1;1741097500157;1487
1;1741097501465;1488
1;1741097521324;1489
1;1741097521908;1490
1;1741097528069;1491
1;1741097528652;1492
1;1741097531886;1493
1;1741097545668;1494
1;1741097548227;1495
1;1741097553439;1496
1;1741097555682;1497
1;1741097562582;1498
1;1741097567461;1499
1;1741097569113;1500
1;1741097579581;1501
1;1741097583413;1502
1;1741097584723;1503
1;1741097590879;1504
1;1741097592128;1505
1;1741097596827;1506
1;1741097600139;1507
1;1741097603638;1508
1;1741097616033;1509
1;1741097619032;1510
1;1741097624360;1511
1;1741097624412;1512
1;1741097640023;1513
1;1741097642318;1514
1;1741097643617;1515
1;1741097645395;1516
1;1741097649053;1517
1;1741097652633;1518
1;1741097656083;1519
1;1741097658421;1520
1;1741097682199;1521
1;1741097682814;1522
1;1741097683111;1523
1;1741097685024;1524
1;1741097687804;1525
1;1741097691603;1526
1;1741097716627;1527
1;1741097724421;1528
1;1741097725643;1529
1;1741097726906;1530
1;1741097728877;1531
1;1741097732198;1532
1;1741097733288;1533
1;1741097733585;1534
1;1741097737106;1535
1;1741097737763;1536
1;1741097751725;1537
1;1741097757916;1538
1;1741097765312;1539
1;1741097767398;1540
1;1741097771198;1541
1;1741097776069;1542
1;1741097777686;1543
1;1741097789032;1544
1;1741097796295;1545
1;1741097798793;1546
1;1741097801393;1547
1;1741097810391;1548
1;1741097814621;1549
1;1741097818623;1550
1;1741097819267;1551
1;1741097824182;1552
1;1741097833360;1553
1;1741097841582;1554
1;1741097847233;1555
1;1741097854958;1556
1;1741097855303;1557
1;1741097860218;1558
1;1741097867060;1559
1;1741097873380;1560
1;1741097876848;1561
1;1741097878795;1562
1;1741097882976;1563
1;1741097890083;1564
1;1741097890844;1565
1;1741097898462;1566
1;1741097904278;1567
1;1741097904946;1568
1;1741097905513;1569
1;1741097911964;1570
1;1741097917080;1571
1;1741097930403;1572
1;1741097934508;1573
1;1741097934893;1574
1;1741097936043;1575
1;1741097943387;1576
1;1741097950624;1577
1;1741097956459;1578
1;1741097958343;1579
1;1741097962898;1580
1;1741097976068;1581
1;1741097978416;1582
1;1741097985689;1583
1;1741097992857;1584
1;1741098002268;1585
1;1741098003218;1586
1;1741098009055;1587
1;1741098009120;1588
1;1741098015855;1589
1;1741098017464;1590
1;1741098018330;1591
1;1741098035201;1592
1;1741098038110;1593
1;1741098038427;1594
1;1741098038477;1595
1;1741098040414;1596
1;1741098058163;1597
1;1741098075568;1598
1;1741098076254;1599
1;1741098077814;1600
1;1741098078521;1601
1;1741098080582;1602
1;1741098084120;1603
1;1741098085010;1604
1;1741098102454;1605
1;1741098103290;1606
1;1741098106737;1607
1;1741098108961;1608
1;1741098110834;1609
1;1741098122698;1610
1;1741098123494;1611
1;1741098126741;1612
1;1741098126968;1613
1;1741098138845;1614
1;1741098151512;1615
1;1741098151957;1616
1;1741098152753;1617
1;1741098156973;1618
1;1741098163369;1619
1;1741098164505;1620
1;1741098180682;1621
1;1741098182782;1622
1;1741098184890;1623
1;1741098185779;1624
1;1741098198774;1625
1;1741098199714;1626
1;1741098205240;1627
1;1741098207826;1628
1;1741098211002;1629
1;1741098216144;1630
1;1741098220594;1631
1;1741098229616;1632
1;1741098233332;1633
1;1741098236147;1634
1;1741098241656;1635
1;1741098243232;1636
1;1741098259739;1637
1;1741098262757;1638
1;1741098270169;1639
1;1741098271072;1640
1;1741098271587;1641
1;1741098275861;1642
1;1741098282237;1643
1;1741098299093;1644
1;1741098301173;1645
1;1741098304246;1646
1;1741098310494;1647
1;1741098311683;1648
1;1741098316440;1649
1;1741098320509;1650
1;1741098326625;1651
1;1741098328473;1652
1;1741098332232;1653
1;1741098337589;1654
1;1741098347870;1655
1;1741098356719;1656
1;1741098360878;1657
1;1741098361636;1658
1;1741098362441;1659
1;1741098366647;1660
1;1741098375891;1661
1;1741098376534;1662
1;1741098387126;1663
1;1741098390324;1664
1;1741098396086;1665
1;1741098400293;1666
1;1741098402854;1667
1;1741098406655;1668
1;1741098411639;1669
1;1741098421908;1670
1;1741098422202;1671
1;1741098429106;1672
1;1741098436010;1673
1;1741098439590;1674
1;1741098442059;1675
1;1741098449110;1676
1;1741098450399;1677
1;1741098471175;1678
1;1741098473599;1679
1;1741098478455;1680
1;1741098480128;1681
1;1741098489244;1682
1;1741098489425;1683
1;1741098491976;1684
1;1741098494094;1685
1;1741098495268;1686
1;1741098500196;1687
1;1741098506543;1688
1;1741098506768;1689
1;1741098510162;1690
1;1741098524138;1691
1;1741098530526;1692
1;1741098531537;1693
1;1741098536590;1694
1;1741098551020;1695
1;1741098558230;1696
1;1741098561289;1697
1;1741098568014;1698
1;1741098572701;1699
1;1741098581444;1700
1;1741098582572;1701
1;1741098584529;1702
1;1741098586750;1703
1;1741098594358;1704
1;1741098601142;1705
1;1741098604192;1706
1;1741098605266;1707
1;1741098609295;1708
1;1741098611943;1709
1;1741098619665;1710
1;1741098623898;1711
1;1741098626958;1712
1;1741098638641;1713
1;1741098653341;1714
1;1741098653384;1715
1;1741098658546;1716
1;1741098665908;1717
1;1741098667428;1718
1;1741098667556;1719
1;1741098673188;1720
1;1741098676679;1721
1;1741098682418;1722
1;1741098683601;1723
1;1741098688492;1724
1;1741098689125;1725
1;1741098692658;1726
1;1741098706543;1727
1;1741098710771;1728
1;1741098711364;1729
1;1741098713787;1730
1;1741098726768;1731
1;1741098732796;1732
1;1741098738119;1733
1;1741098741771;1734
1;1741098743028;1735
1;1741098744837;1736
1;1741098744921;1737
1;1741098761536;1738
1;1741098765243;1739
1;1741098772319;1740
1;1741098774669;1741
1;1741098781211;1742
1;1741098781230;1743
1;1741098782122;1744
1;1741098795056;1745
1;1741098801489;1746
1;1741098807104;1747
1;1741098807548;1748
1;1741098810808;1749
1;1741098815024;1750
1;1741098821587;1751
1;1741098824860;1752
1;1741098831078;1753
1;1741098836894;1754
1;1741098839346;1755
1;1741098856296;1756
1;1741098856843;1757
1;1741098858251;1758
1;1741098861449;1759
1;1741098870573;1760
1;1741098873402;1761
1;1741098876510;1762
1;1741098881408;1763
1;1741098881976;1764
1;1741098891130;1765
1;1741098900884;1766
1;1741098900944;1767
1;1741098904115;1768
1;1741098908878;1769
1;1741098912372;1770
1;1741098929226;1771
1;1741098931923;1772
1;1741098939549;1773
1;1741098939572;1774
1;1741098940886;1775
1;1741098942384;1776
1;1741098951310;1777
1;1741098953672;1778
1;1741098960698;1779
1;1741098969095;1780
1;1741098977658;1781
1;1741098978582;1782
1;1741098981165;1783
1;1741098989581;1784
1;1741098994993;1785
1;1741098995378;1786
1;1741099007194;1787
1;1741099011396;1788
1;1741099011575;1789
1;1741099012593;1790
1;1741099016229;1791
1;1741099024436;1792
1;1741099045878;1793
1;1741099048809;1794
1;1741099053331;1795
1;1741099053540;1796
1;1741099054789;1797
1;1741099059172;1798
1;1741099060519;1799
1;1741099069031;1800
1;1741099074013;1801
1;1741099087048;1802
1;1741099089894;1803
1;1741099091937;1804
1;1741099093453;1805
1;1741099103867;1806
1;1741099105350;1807
1;1741099110802;1808
1;1741099113464;1809
1;1741099120547;1810
1;1741099127693;1811
1;1741099136444;1812
1;1741099140620;1813
1;1741099141869;1814
1;1741099156187;1815
1;1741099156843;1816
1;1741099158430;1817
1;1741099158964;1818
1;1741099164355;1819
1;1741099165603;1820
1;1741099173638;1821
1;1741099181464;1822
1;1741099188061;1823
1;1741099189448;1824
1;1741099189824;1825
1;1741099197637;1826
1;1741099205963;1827
1;1741099207610;1828
1;1741099209560;1829
1;1741099209850;1830
1;1741099227764;1831
1;1741099228242;1832
1;1741099229062;1833
1;1741099239975;1834
1;1741099255142;1835
1;1741099256218;1836
1;1741099257202;1837
1;1741099261462;1838
1;1741099263043;1839
1;1741099273716;1840
1;1741099283114;1841
1;1741099284456;1842
1;1741099287445;1843
1;1741099287544;1844
1;1741099289340;1845
1;1741099298146;1846
1;1741099301236;1847
1;1741099306086;1848
1;1741099311998;1849
1;1741099315179;1850
1;1741099335821;1851
1;1741099337610;1852
1;1741099341033;1853
1;1741099346606;1854
1;1741099351224;1855
1;1741099353013;1856
1;1741099360412;1857
1;1741099361660;1858
1;1741099365954;1859
1;1741099368611;1860
1;1741099369934;1861
1;1741099379910;1862
1;1741099387162;1863
1;1741099389027;1864
1;1741099394275;1865
1;1741099405118;1866
1;1741099407508;1867
1;1741099413845;1868
1;1741099413968;1869
1;1741099417507;1870
1;1741099423517;1871
1;1741099433650;1872
1;1741099436636;1873
1;1741099438129;1874
1;1741099449389;1875
1;1741099456289;1876
1;1741099458062;1877
1;1741099460204;1878
1;1741099466475;1879
1;1741099470422;1880
1;1741099475874;1881
1;1741099480689;1882
1;1741099480900;1883
1;1741099484478;1884
1;1741099497907;1885
1;1741099497955;1886
1;1741099499200;1887
1;1741099502426;1888
1;1741099510563;1889
1;1741099521154;1890
1;1741099526821;1891
1;1741099533030;1892
1;1741099533507;1893
1;1741099537116;1894
1;1741099539002;1895
1;1741099540535;1896
1;1741099562419;1897
1;1741099567437;1898
1;1741099572188;1899
1;1741099572220;1900
1;1741099573731;1901
1;1741099576796;1902
1;1741099590752;1903
1;1741099590776;1904
1;1741099593500;1905
1;1741099602925;1906
1;1741099602972;1907
1;1741099609062;1908
1;1741099614036;1909
1;1741099615272;1910
1;1741099618871;1911
1;1741099626737;1912
1;1741099626913;1913
1;1741099643632;1914
1;1741099644175;1915
1;1741099652579;1916
1;1741099661760;1917
1;1741099669512;1918
1;1741099670245;1919
1;1741099670374;1920
1;1741099672064;1921
1;1741099680505;1922
1;1741099684665;1923
1;1741099686506;1924
1;1741099694191;1925
1;1741099698194;1926
1;1741099698664;1927
1;1741099705935;1928
1;1741099726826;1929
1;1741099728975;1930
1;1741099730139;1931
1;1741099733416;1932
1;1741099735845;1933
1;1741099743198;1934
1;1741099747300;1935
1;1741099754865;1936
1;1741099756197;1937
1;1741099762989;1938
1;1741099771201;1939
1;1741099771206;1940
1;1741099771215;1941
1;1741099773474;1942
1;1741099787079;1943
1;1741099789165;1944
1;1741099790266;1945
1;1741099796515;1946
1;1741099796564;1947
1;1741099809549;1948
1;1741099814576;1949
1;1741099822065;1950
1;1741099837975;1951
1;1741099838193;1952
1;1741099840589;1953
1;1741099843815;1954
1;1741099853956;1955
1;1741099862609;1956
1;1741099865630;1957
1;1741099865979;1958
1;1741099866538;1959
1;1741099869470;1960
1;1741099878464;1961
1;1741099882322;1962
1;1741099887326;1963
1;1741099894118;1964
1;1741099894334;1965
1;1741099897011;1966
1;1741099902624;1967
1;1741099909370;1968
1;1741099914460;1969
1;1741099919249;1970
1;1741099921789;1971
1;1741099923410;1972
1;1741099928494;1973
1;1741099932791;1974
1;1741099932828;1975
1;1741099946533;1976
1;1741099947605;1977
1;1741099961702;1978
1;1741099970648;1979
1;1741099974873;1980
1;1741099978880;1981
1;1741099980342;1982
1;1741099982845;1983
1;1741099988721;1984
1;1741099991027;1985
1;1741099994058;1986
1;1741100006628;1987
1;1741100008773;1988
1;1741100016928;1989
1;1741100023296;1990
1;1741100029934;1991
1;1741100030421;1992
1;1741100033247;1993
1;1741100043738;1994
1;1741100051351;1995
1;1741100054465;1996
1;1741100055515;1997
1;1741100056118;1998
1;1741100056441;1999
1;1741100060606;2000
1;1741100061127;2001
1;1741100080565;2002
1;1741100081284;2003
1;1741100091221;2004
1;1741100091927;2005
1;1741100099520;2006
1;1741100106461;2007
1;1741100106579;2008
1;1741100111197;2009
1;1741100112310;2010
1;1741100123033;2011
1;1741100127358;2012
1;1741100135215;2013
1;1741100135387;2014
1;1741100147340;2015
1;1741100147609;2016
1;1741100152215;2017
1;1741100155353;2018
1;1741100159587;2019
1;1741100166727;2020
1;1741100174983;2021
1;1741100175912;2022
1;1741100186346;2023
1;1741100192498;2024
1;1741100201512;2025
1;1741100211104;2026
1;1741100212501;2027
1;1741100214326;2028
1;1741100217096;2029
1;1741100221892;2030
1;1741100228592;2031
1;1741100231813;2032
1;1741100234129;2033
1;1741100237524;2034
1;1741100244250;2035
1;1741100250098;2036
1;1741100261250;2037
1;1741100264757;2038
1;1741100276250;2039
1;1741100282970;2040
1;1741100284157;2041
1;1741100285448;2042
1;1741100285536;2043
1;1741100290476;2044
1;1741100294007;2045
1;1741100295046;2046
1;1741100301250;2047
1;1741100305534;2048
1;1741100307511;2049
1;1741100307522;2050
1;1741100312760;2051
1;1741100328503;2052
1;1741100329869;2053
1;1741100333850;2054
1;1741100337442;2055
1;1741100340653;2056
1;1741100352331;2057
1;1741100356068;2058
1;1741100363683;2059
1;1741100376890;2060
1;1741100378177;2061
1;1741100381763;2062
1;1741100386012;2063
1;1741100394522;2064
1;1741100402423;2065
1;1741100406839;2066
1;1741100407721;2067
1;1741100414277;2068
1;1741100420461;2069
1;1741100420885;2070
1;1741100426998;2071
1;1741100432997;2072
1;1741100436449;2073
1;1741100443903;2074
1;1741100450841;2075
1;1741100452782;2076
1;1741100456515;2077
1;1741100463748;2078
1;1741100465820;2079
1;1741100467101;2080
1;1741100468783;2081
1;1741100473102;2082
1;1741100481125;2083
1;1741100484886;2084
1;1741100493752;2085
1;1741100501462;2086
1;1741100504585;2087
1;1741100506472;2088
1;1741100512805;2089
1;1741100518207;2090
1;1741100530702;2091
1;1741100531143;2092
1;1741100532140;2093
1;1741100535320;2094
1;1741100542549;2095
1;1741100543348;2096
1;1741100554798;2097
1;1741100557911;2098
1;1741100566176;2099
1;1741100570877;2100
1;1741100575018;2101
1;1741100580576;2102
1;1741100587475;2103
1;1741100590740;2104
1;1741100592637;2105
1;1741100602823;2106
1;1741100607427;2107
1;1741100616264;2108
1;1741100619538;2109
1;1741100625447;2110
1;1741100629296;2111
1;1741100629376;2112
1;1741100636689;2113
1;1741100641128;2114
1;1741100649155;2115
1;1741100651217;2116
1;1741100652919;2117
1;1741100661213;2118
1;1741100670603;2119
1;1741100672818;2120
1;1741100676183;2121
1;1741100681522;2122
1;1741100687705;2123
1;1741100691892;2124
1;1741100704953;2125
1;1741100707507;2126
1;1741100709628;2127
1;1741100713110;2128
1;1741100713683;2129
1;1741100715963;2130
1;1741100723977;2131
1;1741100724523;2132
1;1741100735297;2133
1;1741100736534;2134
1;1741100737729;2135
1;1741100741657;2136
1;1741100751837;2137
1;1741100761554;2138
1;1741100768530;2139
1;1741100775668;2140
1;1741100779500;2141
1;1741100780659;2142
1;1741100785133;2143
1;1741100791950;2144
1;1741100794187;2145
1;1741100796841;2146
1;1741100801432;2147
1;1741100811085;2148
1;1741100813336;2149
1;1741100814643;2150
1;1741100824714;2151
1;1741100825960;2152
1;1741100836494;2153
1;1741100839657;2154
1;1741100842472;2155
1;1741100852970;2156
1;1741100855029;2157
1;1741100855386;2158
1;1741100856680;2159
1;1741100862171;2160
1;1741100871138;2161
1;1741100879386;2162
1;1741100882122;2163
1;1741100890966;2164
1;1741100892246;2165
1;1741100896202;2166
1;1741100906750;2167
1;1741100914291;2168
1;1741100914308;2169
1;1741100924957;2170
1;1741100929357;2171
1;1741100936568;2172
1;1741100938312;2173
1;1741100941514;2174
1;1741100947048;2175
1;1741100948827;2176
1;1741100950585;2177
1;1741100962117;2178
1;1741100965324;2179
1;1741100967513;2180
1;1741100968446;2181
1;1741100968508;2182
1;1741100984396;2183
1;1741100985869;2184
1;1741100995886;2185
1;1741101001700;2186
1;1741101004251;2187
1;1741101008664;2188
1;1741101014281;2189
1;1741101016831;2190
1;1741101018692;2191
1;1741101022359;2192
1;1741101025374;2193
1;1741101036658;2194
1;1741101053232;2195
1;1741101058707;2196
1;1741101059340;2197
1;1741101061172;2198
1;1741101063817;2199
1;1741101069572;2200
1;1741101072784;2201
1;1741101076543;2202
1;1741101077034;2203
1;1741101087676;2204
1;1741101096112;2205
1;1741101098544;2206
1;1741101106791;2207
1;1741101108488;2208
1;1741101115948;2209
1;1741101116346;2210
1;1741101120408;2211
1;1741101133376;2212
1;1741101136825;2213
1;1741101138943;2214
1;1741101141875;2215
1;1741101156232;2216
1;1741101161879;2217
1;1741101165802;2218
1;1741101167804;2219
1;1741101168278;2220
1;1741101172140;2221
1;1741101173941;2222
1;1741101185229;2223
1;1741101195319;2224
1;1741101196019;2225
1;1741101202724;2226
1;1741101211870;2227
1;1741101215152;2228
1;1741101218351;2229
1;1741101222899;2230
1;1741101225590;2231
1;1741101228085;2232
1;1741101232814;2233
1;1741101235112;2234
1;1741101241094;2235
1;1741101241278;2236
1;1741101254179;2237
1;1741101259798;2238
1;1741101264334;2239
1;1741101275021;2240
1;1741101277541;2241
1;1741101279385;2242
1;1741101283536;2243
1;1741101284625;2244
1;1741101293147;2245
1;1741101294373;2246
1;1741101297915;2247
1;1741101320694;2248
1;1741101320809;2249
1;1741101321437;2250
1;1741101329060;2251
1;1741101332848;2252
1;1741101335369;2253
1;1741101344701;2254
1;1741101352447;2255
1;1741101353411;2256
1;1741101353847;2257
1;1741101354438;2258
1;1741101370076;2259
1;1741101372592;2260
1;1741101381089;2261
1;1741101382129;2262
1;1741101384743;2263
1;1741101384992;2264
1;1741101397947;2265
1;1741101406251;2266
1;1741101406400;2267
1;1741101410965;2268
1;1741101421355;2269
1;1741101424785;2270
1;1741101429895;2271
1;1741101431812;2272
1;1741101436511;2273
1;1741101438552;2274
1;1741101446533;2275
1;1741101449955;2276
1;1741101459673;2277
1;1741101468132;2278
1;1741101468614;2279
1;1741101475732;2280
1;1741101483274;2281
1;1741101483494;2282
1;1741101483529;2283
1;1741101487854;2284
1;1741101499533;2285
1;1741101500801;2286
1;1741101505139;2287
1;1741101507362;2288
1;1741101507513;2289
1;1741101509408;2290
1;1741101528898;2291
1;1741101530346;2292
1;1741101540415;2293
1;1741101543893;2294
1;1741101551599;2295
1;1741101552557;2296
1;1741101559159;2297
1;1741101562948;2298
1;1741101566139;2299
1;1741101570572;2300
1;1741101574159;2301
1;1741101580944;2302
1;1741101580997;2303
1;1741101598982;2304
1;1741101599346;2305
1;1741101609670;2306
1;1741101615213;2307
1;1741101616423;2308
1;1741101616883;2309
1;1741101617799;2310
1;1741101630374;2311
1;1741101630449;2312
1;1741101640244;2313
1;1741101643387;2314
1;1741101645897;2315
1;1741101661036;2316
1;1741101663522;2317
1;1741101665798;2318
1;1741101666552;2319
1;1741101667979;2320
1;1741101671846;2321
1;1741101672323;2322
1;1741101674500;2323
1;1741101690386;2324
1;1741101695324;2325
1;1741101697993;2326
1;1741101702067;2327
1;1741101707548;2328
1;1741101714542;2329
1;1741101714594;2330
1;1741101716093;2331
1;1741101745226;2332
1;1741101745847;2333
1;1741101745917;2334
1;1741101751501;2335
1;1741101752259;2336
1;1741101755908;2337
1;1741101762481;2338
1;1741101764116;2339
1;1741101766077;2340
1;1741101769615;2341
1;1741101775108;2342
1;1741101784883;2343
1;1741101786055;2344
1;1741101796617;2345
1;1741101797950;2346
1;1741101801124;2347
1;1741101809602;2348
1;1741101819222;2349
1;1741101819761;2350
1;1741101822298;2351
1;1741101826537;2352
1;1741101829643;2353
1;1741101840728;2354
1;1741101843879;2355
1;1741101848761;2356
1;1741101853672;2357
1;1741101856290;2358
1;1741101856690;2359
1;1741101857101;2360
1;1741101871378;2361
1;1741101883449;2362
1;1741101884455;2363
1;1741101889509;2364
1;1741101893992;2365
1;1741101895985;2366
1;1741101896990;2367
1;1741101908186;2368
1;1741101917351;2369
1;1741101917916;2370
1;1741101919836;2371
1;1741101925896;2372
1;1741101929972;2373
1;1741101940214;2374
1;1741101944788;2375
1;1741101949187;2376
1;1741101957601;2377
1;1741101958910;2378
1;1741101971214;2379
1;1741101973907;2380
1;1741101979624;2381
1;1741101980111;2382
1;1741101987258;2383
1;1741101992388;2384
1;1741101993198;2385
1;1741102004646;2386
1;1741102007166;2387
1;1741102013260;2388
1;1741102015139;2389
1;1741102016276;2390
1;1741102019124;2391
1;1741102033044;2392
1;1741102035389;2393
1;1741102038371;2394
1;1741102041950;2395
1;1741102042493;2396
1;1741102045819;2397
1;1741102052579;2398
1;1741102057735;2399
1;1741102067651;2400
1;1741102080023;2401
1;1741102080744;2402
1;1741102086145;2403
1;1741102093335;2404
1;1741102096549;2405
1;1741102103242;2406
1;1741102113304;2407
1;1741102115284;2408
1;1741102118685;2409
1;1741102120015;2410
1;1741102121003;2411
1;1741102122017;2412
1;1741102136734;2413
1;1741102139768;2414
1;1741102146055;2415
1;1741102149592;2416
1;1741102153159;2417
1;1741102158097;2418
1;1741102166130;2419
1;1741102166396;2420
1;1741102172012;2421
1;1741102174528;2422
1;1741102189982;2423
1;1741102196322;2424
1;1741102197011;2425
1;1741102201350;2426
1;1741102207486;2427
1;1741102210763;2428
1;1741102215232;2429
1;1741102218330;2430
1;1741102222666;2431
1;1741102226626;2432
1;1741102237548;2433
1;1741102240838;2434
1;1741102241557;2435
1;1741102242650;2436
1;1741102252583;2437
1;1741102260962;2438
1;1741102262959;2439
1;1741102263958;2440
1;1741102280346;2441
1;1741102282961;2442
1;1741102284575;2443
1;1741102294156;2444
1;1741102294253;2445
1;1741102299213;2446
1;1741102301543;2447
1;1741102303691;2448
1;1741102307012;2449
1;1741102307761;2450
1;1741102313663;2451
1;1741102325690;2452
1;1741102333855;2453
1;1741102335984;2454
1;1741102338243;2455
1;1741102352032;2456
1;1741102356192;2457
1;1741102356520;2458
1;1741102360859;2459
1;1741102361613;2460
1;1741102368978;2461
1;1741102381087;2462
1;1741102381798;2463
1;1741102383497;2464
1;1741102389603;2465
1;1741102402898;2466
1;1741102410209;2467
1;1741102415213;2468
1;1741102415785;2469
1;1741102422154;2470
1;1741102424682;2471
1;1741102425381;2472
1;1741102432456;2473
1;1741102441174;2474
1;1741102445149;2475
1;1741102446711;2476
1;1741102453571;2477
1;1741102465747;2478
1;1741102465780;2479
1;1741102480053;2480
1;1741102483756;2481
1;1741102488517;2482
1;1741102489856;2483
1;1741102495261;2484
1;1741102495906;2485
1;1741102499944;2486
1;1741102503983;2487
1;1741102511292;2488
1;1741102520062;2489
1;1741102520476;2490
1;1741102525785;2491
1;1741102535350;2492
1;1741102537322;2493
1;1741102538318;2494
1;1741102540951;2495
1;1741102543539;2496
1;1741102552570;2497
1;1741102556307;2498
1;1741102563659;2499
1;1741102566147;2500
1;1741102577725;2501
1;1741102578663;2502
1;1741102585429;2503
1;1741102599948;2504
1;1741102600490;2505
1;1741102603755;2506
1;1741102607420;2507
1;1741102610645;2508
1;1741102610949;2509
1;1741102620196;2510
1;1741102620741;2511
1;1741102625837;2512
1;1741102631025;2513
1;1741102632672;2514
1;1741102634890;2515
1;1741102647854;2516
1;1741102655245;2517
1;1741102663575;2518
1;1741102664647;2519
1;1741102671512;2520
1;1741102679829;2521
1;1741102680365;2522
1;1741102682251;2523
1;1741102684487;2524
1;1741102691149;2525
1;1741102695484;2526
1;1741102698353;2527
1;1741102706024;2528
1;1741102708246;2529
1;1741102715972;2530
1;1741102718356;2531
1;1741102724621;2532
1;1741102738313;2533
1;1741102741395;2534
1;1741102745244;2535
1;1741102755391;2536
1;1741102756141;2537
1;1741102758482;2538
1;1741102768712;2539
1;1741102774669;2540
1;1741102780763;2541
1;1741102783287;2542
1;1741102791662;2543
1;1741102794315;2544
1;1741102794709;2545
1;1741102797854;2546
1;1741102798859;2547
1;1741102803756;2548
1;1741102813248;2549
1;1741102815466;2550
1;1741102815576;2551
1;1741102825089;2552
1;1741102825533;2553
1;1741102832760;2554
1;1741102847225;2555
1;1741102853614;2556
1;1741102854719;2557
1;1741102863749;2558
1;1741102865616;2559
1;1741102873602;2560
1;1741102877286;2561
1;1741102884460;2562
1;1741102889368;2563
1;1741102896794;2564
1;1741102902383;2565
1;1741102905293;2566
1;1741102910669;2567
1;1741102911123;2568
1;1741102917841;2569
1;1741102927096;2570
1;1741102929488;2571
1;1741102931356;2572
1;1741102941220;2573
1;1741102941423;2574
1;1741102953143;2575
1;1741102954125;2576
1;1741102964980;2577
1;1741102968987;2578
1;1741102970277;2579
1;1741102985351;2580
1;1741102986640;2581
1;1741102989770;2582
1;1741102990732;2583
1;1741102992093;2584
1;1741102992960;2585
1;1741102996986;2586
1;1741103002060;2587
1;1741103007730;2588
1;1741103007838;2589
1;1741103010046;2590
1;1741103012202;2591
1;1741103022176;2592
1;1741103039701;2593
1;1741103048956;2594
1;1741103049346;2595
1;1741103060918;2596
1;1741103066956;2597
1;1741103067379;2598
1;1741103069612;2599
1;1741103071094;2600
1;1741103074274;2601
1;1741103084284;2602
1;1741103088208;2603
1;1741103091857;2604
1;1741103106012;2605
1;1741103107065;2606
1;1741103110991;2607
1;1741103111944;2608
1;1741103113889;2609
1;1741103117512;2610
1;1741103117877;2611
1;1741103124862;2612
1;1741103131123;2613
1;1741103134930;2614
1;1741103138972;2615
1;1741103144895;2616
1;1741103155550;2617
1;1741103158114;2618
1;1741103163686;2619
1;1741103166760;2620
1;1741103183499;2621
1;1741103184291;2622
1;1741103189276;2623
1;1741103190480;2624
1;1741103190758;2625
1;1741103193299;2626
1;1741103200529;2627
1;1741103207167;2628
1;1741103213144;2629
1;1741103225741;2630
1;1741103227545;2631
1;1741103231569;2632
1;1741103231980;2633
1;1741103233352;2634
1;1741103237825;2635
1;1741103243437;2636
1;1741103266042;2637
1;1741103268972;2638
1;1741103271386;2639
1;1741103274948;2640
1;1741103282666;2641
1;1741103283907;2642
1;1741103290740;2643
1;1741103293832;2644
1;1741103297229;2645
1;1741103310824;2646
1;1741103314437;2647
1;1741103315602;2648
1;1741103321194;2649
1;1741103325596;2650
1;1741103325775;2651
1;1741103334713;2652
1;1741103338206;2653
1;1741103341894;2654
1;1741103346955;2655
1;1741103346989;2656
1;1741103350780;2657
1;1741103356272;2658
1;1741103362304;2659
1;1741103367038;2660
1;1741103367733;2661
1;1741103374403;2662
1;1741103376693;2663
1;1741103383472;2664
1;1741103395389;2665
1;1741103403490;2666
1;1741103406150;2667
1;1741103413029;2668
1;1741103416351;2669
1;1741103426918;2670
1;1741103433681;2671
1;1741103439456;2672
1;1741103439545;2673
1;1741103440081;2674
1;1741103441893;2675
1;1741103455800;2676
1;1741103457641;2677
1;1741103458809;2678
1;1741103461312;2679
1;1741103463164;2680
1;1741103470750;2681
1;1741103472441;2682
1;1741103480655;2683
1;1741103482327;2684
1;1741103496201;2685
1;1741103499181;2686
1;1741103503969;2687
1;1741103509901;2688
1;1741103511927;2689
1;1741103512728;2690
1;1741103517886;2691
1;1741103526223;2692
1;1741103526614;2693
1;1741103528775;2694
1;1741103541418;2695
1;1741103545502;2696
1;1741103562051;2697
1;1741103564554;2698
1;1741103570301;2699
1;1741103573903;2700
1;1741103579957;2701
1;1741103595785;2702
1;1741103595797;2703
1;1741103596794;2704
1;1741103598955;2705
1;1741103600457;2706
1;1741103604894;2707
1;1741103608229;2708
1;1741103622384;2709
1;1741103631320;2710
1;1741103635820;2711
1;1741103639057;2712
1;1741103639824;2713
1;1741103645669;2714
1;1741103649320;2715
1;1741103656986;2716
1;1741103659271;2717
1;1741103660422;2718
1;1741103661250;2719
1;1741103667870;2720
1;1741103668309;2721
1;1741103687942;2722
1;1741103688602;2723
1;1741103695028;2724
1;1741103698031;2725
1;1741103698920;2726
1;1741103699187;2727
1;1741103708018;2728
1;1741103708212;2729
1;1741103728208;2730
1;1741103729758;2731
1;1741103730660;2732
1;1741103736412;2733
1;1741103737977;2734
1;1741103743207;2735
1;1741103753931;2736
1;1741103754293;2737
1;1741103768106;2738
1;1741103768127;2739
1;1741103782662;2740
1;1741103785295;2741
1;1741103787352;2742
1;1741103787463;2743
1;1741103789341;2744
1;1741103792600;2745
1;1741103800766;2746
1;1741103803188;2747
1;1741103807905;2748
1;1741103810995;2749
1;1741103831161;2750
1;1741103832382;2751
1;1741103837618;2752
1;1741103840635;2753
1;1741103842132;2754
1;1741103844262;2755
1;1741103844483;2756
1;1741103851109;2757
1;1741103857859;2758
1;1741103865445;2759
1;1741103869457;2760
1;1741103872539;2761
1;1741103885972;2762
1;1741103893868;2763
1;1741103896104;2764
1;1741103897008;2765
1;1741103906001;2766
1;1741103911320;2767
1;1741103916241;2768
1;1741103920014;2769
1;1741103920231;2770
1;1741103921050;2771
1;1741103926179;2772
1;1741103927126;2773
1;1741103929476;2774
1;1741103959565;2775
1;1741103960699;2776
1;1741103961173;2777
1;1741103965075;2778
1;1741103966258;2779
1;1741103971278;2780
1;1741103973425;2781
1;1741103975456;2782
1;1741103985346;2783
1;1741103990751;2784
1;1741103995174;2785
1;1741104001288;2786
1;1741104013191;2787
1;1741104017257;2788
1;1741104025413;2789
1;1741104026475;2790
1;1741104027410;2791
1;1741104028626;2792
1;1741104034036;2793
1;1741104044614;2794
1;1741104045437;2795
1;1741104050917;2796
1;1741104053592;2797
1;1741104063198;2798
1;1741104067928;2799
1;1741104075479;2800
1;1741104077753;2801
1;1741104082858;2802
1;1741104085663;2803
1;1741104097151;2804
1;1741104098447;2805
1;1741104099613;2806
1;1741104100293;2807
1;1741104101831;2808
1;1741104109398;2809
1;1741104125213;2810
1;1741104127464;2811
1;1741104128277;2812
1;1741104129686;2813
1;1741104144974;2814
1;1741104146701;2815
1;1741104157854;2816
1;1741104160811;2817
1;1741104162964;2818
1;1741104169544;2819
1;1741104170328;2820
1;1741104176501;2821
1;1741104179700;2822
1;1741104191999;2823
1;1741104196537;2824
1;1741104202286;2825
1;1741104203428;2826
1;1741104212033;2827
1;1741104212503;2828
1;1741104215948;2829
1;1741104217572;2830
1;1741104221666;2831
1;1741104224739;2832
1;1741104237277;2833
1;1741104237774;2834
1;1741104246378;2835
1;1741104249237;2836
1;1741104252233;2837
1;1741104261438;2838
1;1741104269514;2839
1;1741104275260;2840
1;1741104281586;2841
1;1741104283617;2842
1;1741104290897;2843
1;1741104294842;2844
1;1741104305901;2845
1;1741104305983;2846
1;1741104309869;2847
1;1741104314366;2848
1;1741104316078;2849
1;1741104318692;2850
1;1741104319703;2851
1;1741104339243;2852
1;1741104340324;2853
1;1741104343419;2854
1;1741104344200;2855
1;1741104351371;2856
1;1741104353193;2857
1;1741104359850;2858
1;1741104360937;2859
1;1741104364832;2860
1;1741104373831;2861
1;1741104377690;2862
1;1741104384725;2863
1;1741104391768;2864
1;1741104393330;2865
1;1741104399858;2866
1;1741104400945;2867
1;1741104412946;2868
1;1741104419832;2869
1;1741104422919;2870
1;1741104431064;2871
1;1741104434855;2872
1;1741104439119;2873
1;1741104444886;2874
1;1741104451233;2875
1;1741104454899;2876
1;1741104455980;2877
1;1741104460784;2878
1;1741104464452;2879
1;1741104470299;2880
1;1741104478876;2881
1;1741104478955;2882
1;1741104483974;2883
1;1741104485931;2884
1;1741104488057;2885
1;1741104494553;2886
1;1741104502659;2887
1;1741104505311;2888
1;1741104513189;2889
1;1741104519439;2890
1;1741104520766;2891
1;1741104531870;2892
1;1741104537088;2893
1;1741104545677;2894
1;1741104550825;2895
1;1741104560740;2896
1;1741104561624;2897
1;1741104562392;2898
1;1741104566966;2899
1;1741104567091;2900
1;1741104567546;2901
1;1741104582649;2902
1;1741104585697;2903
1;1741104587684;2904
1;1741104599356;2905
1;1741104602269;2906
1;1741104605685;2907
1;1741104609178;2908
1;1741104617504;2909
1;1741104618838;2910
1;1741104620409;2911
1;1741104623472;2912
1;1741104633645;2913
1;1741104634953;2914
1;1741104647772;2915
1;1741104654652;2916
1;1741104661784;2917
1;1741104666552;2918
1;1741104669868;2919
1;1741104672002;2920
1;1741104678530;2921
1;1741104687512;2922
1;1741104687935;2923
1;1741104688122;2924
1;1741104692265;2925
1;1741104700413;2926
1;1741104700805;2927
1;1741104712575;2928
1;1741104715285;2929
1;1741104717216;2930
1;1741104717349;2931
1;1741104729448;2932
1;1741104737870;2933
1;1741104738487;2934
1;1741104752849;2935
1;1741104759897;2936
1;1741104761534;2937
1;1741104768615;2938
1;1741104768721;2939
1;1741104775865;2940
1;1741104776136;2941
1;1741104779673;2942
1;1741104785578;2943
1;1741104796980;2944
1;1741104803571;2945
1;1741104808614;2946
1;1741104811837;2947
1;1741104820396;2948
1;1741104824165;2949
1;1741104826568;2950
1;1741104834819;2951
1;1741104835727;2952
1;1741104838109;2953
1;1741104839306;2954
1;1741104839917;2955
1;1741104853282;2956
1;1741104863415;2957
1;1741104868819;2958
1;1741104872876;2959
1;1741104875063;2960
1;1741104875660;2961
1;1741104881019;2962
1;1741104881974;2963
1;1741104895104;2964
1;1741104896102;2965
1;1741104897380;2966
1;1741104907431;2967
1;1741104910367;2968
1;1741104916481;2969
1;1741104919127;2970
1;1741104920472;2971
1;1741104925856;2972
1;1741104933169;2973
1;1741104936811;2974
1;1741104949470;2975
1;1741104949979;2976
1;1741104952224;2977
1;1741104960490;2978
1;1741104964583;2979
1;1741104973083;2980
1;1741104973933;2981
1;1741104987167;2982
1;1741104987591;2983
1;1741104988374;2984
1;1741104988889;2985
1;1741104998920;2986
1;1741105011299;2987
1;1741105017353;2988
1;1741105023282;2989
1;1741105031041;2990
1;1741105032318;2991
1;1741105036322;2992
1;1741105039576;2993
1;1741105041228;2994
1;1741105052632;2995
1;1741105052824;2996
1;1741105053523;2997
1;1741105058571;2998
1;1741105072853;2999
1;1741105073956;3000
1;1741105081257;3001
1;1741105084027;3002
1;1741105091818;3003
1;1741105094550;3004
1;1741105100152;3005
1;1741105101581;3006
1;1741105106052;3007
1;1741105120462;3008
1;1741105121702;3009
1;1741105133162;3010
1;1741105137530;3011
1;1741105137694;3012
1;1741105140158;3013
1;1741105144926;3014
1;1741105151980;3015
1;1741105156630;3016
1;1741105162397;3017
1;1741105164116;3018
1;1741105171982;3019
1;1741105177486;3020
1;1741105182724;3021
1;1741105185873;3022
1;1741105188943;3023
1;1741105190771;3024
1;1741105195090;3025
1;1741105196799;3026
1;1741105214275;3027
1;1741105219295;3028
1;1741105219367;3029
1;1741105222779;3030
1;1741105228053;3031
1;1741105232014;3032
1;1741105241729;3033
1;1741105248159;3034
1;1741105249438;3035
1;1741105251881;3036
1;1741105253288;3037
1;1741105254303;3038
1;1741105260914;3039
1;1741105261728;3040
1;1741105268293;3041
1;1741105277057;3042
1;1741105280686;3043
1;1741105281919;3044
1;1741105294851;3045
1;1741105297094;3046
1;1741105304112;3047
1;1741105305426;3048
1;1741105308544;3049
1;1741105309559;3050
1;1741105325926;3051
1;1741105333106;3052
1;1741105335497;3053
1;1741105338804;3054
1;1741105341179;3055
1;1741105350009;3056
1;1741105350292;3057
1;1741105360410;3058
1;1741105369284;3059
1;1741105372141;3060
1;1741105384091;3061
1;1741105386940;3062
1;1741105388345;3063
1;1741105398796;3064
1;1741105400536;3065
1;1741105404731;3066
1;1741105408643;3067
1;1741105417318;3068
1;1741105421215;3069
1;1741105425471;3070
1;1741105425891;3071
1;1741105429779;3072
1;1741105434435;3073
1;1741105434811;3074
1;1741105439218;3075
1;1741105451128;3076
1;1741105454731;3077
1;1741105456016;3078
1;1741105468097;3079
1;1741105469702;3080
1;1741105472005;3081
1;1741105473227;3082
1;1741105495865;3083
1;1741105496192;3084
1;1741105498275;3085
1;1741105500834;3086
1;1741105506430;3087
1;1741105520261;3088
1;1741105522207;3089
1;1741105528597;3090
1;1741105529967;3091
1;1741105532849;3092
1;1741105535196;3093
1;1741105547902;3094
1;1741105552100;3095
1;1741105554717;3096
1;1741105556023;3097
1;1741105556586;3098
1;1741105557486;3099
1;1741105566778;3100
1;1741105573964;3101
1;1741105575470;3102
1;1741105578624;3103
1;1741105585862;3104
1;1741105599293;3105
1;1741105604338;3106
1;1741105606321;3107
1;1741105608986;3108
1;1741105609125;3109
1;1741105613484;3110
1;1741105619270;3111
1;1741105627494;3112
1;1741105630140;3113
1;1741105635621;3114
1;1741105636564;3115
1;1741105643024;3116
1;1741105651149;3117
1;1741105656351;3118
1;1741105668391;3119
1;1741105670521;3120
1;1741105674302;3121
1;1741105675623;3122
1;1741105681909;3123
1;1741105690622;3124
1;1741105691241;3125
1;1741105695564;3126
1;1741105696804;3127
1;1741105717641;3128
1;1741105718811;3129
1;1741105724021;3130
1;1741105729476;3131
1;1741105732023;3132
1;1741105734262;3133
1;1741105742805;3134
1;1741105743397;3135
1;1741105749602;3136
1;1741105753628;3137
1;1741105762941;3138
1;1741105766609;3139
1;1741105766764;3140
1;1741105784824;3141
1;1741105785616;3142
1;1741105788589;3143
1;1741105788608;3144
1;1741105791863;3145
1;1741105798859;3146
1;1741105800303;3147
1;1741105805050;3148
1;1741105820142;3149
1;1741105821169;3150
1;1741105831848;3151
1;1741105838736;3152
1;1741105839174;3153
1;1741105839634;3154
1;1741105847920;3155
1;1741105856950;3156
1;1741105860378;3157
1;1741105869865;3158
1;1741105871422;3159
1;1741105878558;3160
1;1741105879054;3161
1;1741105879864;3162
1;1741105882722;3163
1;1741105886414;3164
1;1741105892650;3165
1;1741105895475;3166
1;1741105895521;3167
1;1741105895798;3168
1;1741105920077;3169
1;1741105927849;3170
1;1741105936004;3171
1;1741105936387;3172
1;1741105940161;3173
1;1741105944080;3174
1;1741105946560;3175
1;1741105950515;3176
1;1741105954575;3177
1;1741105963072;3178
1;1741105970109;3179
1;1741105972717;3180
1;1741105973836;3181
1;1741105977548;3182
1;1741105986565;3183
1;1741105992116;3184
1;1741105992134;3185
1;1741106000895;3186
1;1741106003649;3187
1;1741106009240;3188
1;1741106016134;3189
1;1741106019509;3190
1;1741106024900;3191
1;1741106036950;3192
1;1741106038695;3193
1;1741106038868;3194
1;1741106051352;3195
1;1741106055445;3196
1;1741106060314;3197
1;1741106063877;3198
1;1741106065848;3199
1;1741106073087;3200
1;1741106077047;3201
1;1741106082548;3202
1;1741106085174;3203
1;1741106088787;3204
1;1741106090606;3205
1;1741106096311;3206
1;1741106101399;3207
1;1741106111522;3208
1;1741106116633;3209
1;1741106123499;3210
1;1741106127512;3211
1;1741106129575;3212
1;1741106130484;3213
1;1741106146162;3214
1;1741106148571;3215
1;1741106150288;3216
1;1741106154488;3217
1;1741106165644;3218
1;1741106170103;3219
1;1741106170885;3220
1;1741106175834;3221
1;1741106176913;3222
1;1741106184286;3223
1;1741106189664;3224
1;1741106202445;3225
1;1741106211227;3226
1;1741106216801;3227
1;1741106218473;3228
1;1741106218813;3229
1;1741106222220;3230
1;1741106228746;3231
1;1741106233600;3232
1;1741106238329;3233
1;1741106242960;3234
1;1741106246857;3235
1;1741106253139;3236
1;1741106255079;3237
1;1741106256025;3238
1;1741106262893;3239
1;1741106264549;3240
1;1741106268628;3241
1;1741106272187;3242
1;1741106274749;3243
1;1741106291365;3244
1;1741106294735;3245
1;1741106294823;3246
1;1741106305683;3247
1;1741106308359;3248
1;1741106311123;3249
1;1741106313795;3250
1;1741106313969;3251
1;1741106327371;3252
1;1741106333476;3253
1;1741106339488;3254
1;1741106344070;3255
1;1741106345368;3256
1;1741106358837;3257
1;1741106363499;3258
1;1741106366595;3259
1;1741106380337;3260
1;1741106382809;3261
1;1741106383716;3262
1;1741106384147;3263
1;1741106386109;3264
1;1741106388137;3265
1;1741106395102;3266
1;1741106401993;3267
1;1741106415111;3268
1;1741106420670;3269
1;1741106421721;3270
1;1741106423593;3271
1;1741106426844;3272
1;1741106430786;3273
1;1741106444624;3274
1;1741106444673;3275
1;1741106452040;3276
1;1741106455677;3277
1;1741106461793;3278
1;1741106462679;3279
1;1741106463177;3280
1;1741106474997;3281
1;1741106481976;3282
1;1741106482650;3283
1;1741106488190;3284
1;1741106488492;3285
1;1741106505638;3286
1;1741106506169;3287
1;1741106510098;3288
1;1741106515793;3289
1;1741106515914;3290
1;1741106526972;3291
1;1741106528336;3292
1;1741106536808;3293
1;1741106536853;3294
1;1741106555196;3295
1;1741106560152;3296
1;1741106563149;3297
1;1741106564705;3298
1;1741106564866;3299
1;1741106568404;3300
1;1741106582109;3301
1;1741106587158;3302
1;1741106590860;3303
1;1741106593689;3304
1;1741106598832;3305
1;1741106603583;3306
1;1741106606173;3307
1;1741106608783;3308
1;1741106618334;3309
1;1741106620293;3310
1;1741106623956;3311
1;1741106636529;3312
1;1741106638893;3313
1;1741106643261;3314
1;1741106647960;3315
1;1741106651192;3316
1;1741106653862;3317
1;1741106656658;3318
1;1741106668052;3319
1;1741106671893;3320
1;1741106675315;3321
1;1741106675814;3322
1;1741106677649;3323
1;1741106689171;3324
1;1741106694762;3325
1;1741106703767;3326
1;1741106709724;3327
1;1741106710798;3328
1;1741106719484;3329
1;1741106725088;3330
1;1741106726576;3331
1;1741106731764;3332
1;1741106735371;3333
1;1741106736014;3334
1;1741106736949;3335
1;1741106737517;3336
1;1741106750829;3337
1;1741106763984;3338
1;1741106770168;3339
1;1741106778375;3340
1;1741106780226;3341
1;1741106790112;3342
1;1741106792995;3343
1;1741106793611;3344
1;1741106795726;3345
1;1741106795769;3346
1;1741106800165;3347
1;1741106804865;3348
1;1741106813653;3349
1;1741106820771;3350
1;1741106826945;3351
1;1741106829151;3352
1;1741106830426;3353
1;1741106831768;3354
1;1741106834283;3355
1;1741106846037;3356
1;1741106848597;3357
1;1741106855774;3358
1;1741106861117;3359
1;1741106871149;3360
1;1741106871834;3361
1;1741106883083;3362
1;1741106892709;3363
1;1741106893097;3364
1;1741106895683;3365
1;1741106895819;3366
1;1741106901224;3367
1;1741106903831;3368
1;1741106920116;3369
1;1741106921272;3370
1;1741106923367;3371
1;1741106927451;3372
1;1741106928242;3373
1;1741106929602;3374
1;1741106947740;3375
1;1741106951123;3376
1;1741106952720;3377
1;1741106955027;3378
1;1741106965905;3379
1;1741106972078;3380
1;1741106976980;3381
1;1741106979399;3382
1;1741106990545;3383
1;1741106994874;3384
1;1741106995348;3385
1;1741106995526;3386
1;1741106996706;3387
1;1741106998859;3388
1;1741107012207;3389
1;1741107015449;3390
1;1741107031289;3391
1;1741107033319;3392
1;1741107036512;3393
1;1741107041971;3394
1;1741107048560;3395
1;1741107049637;3396
1;1741107052574;3397
1;1741107064135;3398
1;1741107066445;3399
1;1741107079217;3400
1;1741107086648;3401
1;1741107087632;3402
1;1741107089606;3403
1;1741107094770;3404
1;1741107095130;3405
1;1741107102172;3406
1;1741107104452;3407
1;1741107108697;3408
1;1741107125539;3409
1;1741107128096;3410
1;1741107129434;3411
1;1741107133517;3412
1;1741107133933;3413
1;1741107137233;3414
1;1741107142700;3415
1;1741107147132;3416
1;1741107147547;3417
1;1741107149686;3418
1;1741107155519;3419
1;1741107156583;3420
1;1741107160564;3421
1;1741107175102;3422
1;1741107190593;3423
1;1741107192401;3424
1;1741107196658;3425
1;1741107197547;3426
1;1741107213372;3427
1;1741107216926;3428
1;1741107218601;3429
1;1741107219049;3430
1;1741107227507;3431
1;1741107229921;3432
1;1741107232882;3433
1;1741107234554;3434
1;1741107235970;3435
1;1741107248504;3436
1;1741107250151;3437
1;1741107250932;3438
1;1741107261015;3439
1;1741107267808;3440
1;1741107275634;3441
1;1741107277079;3442
1;1741107285640;3443
1;1741107290196;3444
1;1741107301068;3445
1;1741107303003;3446
1;1741107303889;3447
1;1741107312662;3448
1;1741107313841;3449
1;1741107314252;3450
1;1741107315896;3451
1;1741107326626;3452
1;1741107344470;3453
1;1741107349142;3454
1;1741107350892;3455
1;1741107357415;3456
1;1741107359762;3457
1;1741107365823;3458
1;1741107370598;3459
1;1741107370794;3460
1;1741107376511;3461
1;1741107377908;3462
1;1741107381699;3463
1;1741107383282;3464
1;1741107384068;3465
1;1741107393821;3466
1;1741107404252;3467
1;1741107411596;3468
1;1741107415382;3469
1;1741107416614;3470
1;1741107421244;3471
1;1741107422947;3472
1;1741107422962;3473
1;1741107427947;3474
1;1741107439716;3475
1;1741107446525;3476
1;1741107455624;3477
1;1741107463691;3478
1;1741107465926;3479
1;1741107469761;3480
1;1741107476103;3481
1;1741107477433;3482
1;1741107482495;3483
1;1741107496291;3484
1;1741107500143;3485
1;1741107503894;3486
1;1741107504355;3487
1;1741107507514;3488
1;1741107516019;3489
1;1741107527638;3490
1;1741107528373;3491
1;1741107531051;3492
1;1741107537149;3493
1;1741107541222;3494
1;1741107544252;3495
1;1741107548468;3496
1;1741107557702;3497
1;1741107560210;3498
1;1741107560592;3499
1;1741107568208;3500
1;1741107568468;3501
1;1741107584891;3502
1;1741107594266;3503
1;1741107595695;3504
1;1741107596326;3505
1;1741107604873;3506
1;1741107605793;3507
1;1741107612236;3508
1;1741107613553;3509
1;1741107628671;3510
1;1741107629647;3511
1;1741107631011;3512
1;1741107638314;3513
1;1741107641318;3514
1;1741107641798;3515
1;1741107645532;3516
1;1741107647498;3517
1;1741107651051;3518
1;1741107652701;3519
1;1741107665232;3520
1;1741107673527;3521
1;1741107673982;3522
1;1741107681925;3523
1;1741107700136;3524
1;1741107702448;3525
1;1741107702637;3526
1;1741107703756;3527
1;1741107708324;3528
1;1741107715386;3529
1;1741107719176;3530
1;1741107721488;3531
1;1741107722689;3532
1;1741107735018;3533
1;1741107741400;3534
1;1741107747618;3535
1;1741107747733;3536
1;1741107751018;3537
1;1741107761732;3538
1;1741107767720;3539
1;1741107774457;3540
1;1741107777203;3541
1;1741107777214;3542
1;1741107777818;3543
1;1741107794052;3544
1;1741107795214;3545
1;1741107800615;3546
1;1741107806860;3547
1;1741107808114;3548
1;1741107817698;3549
1;1741107818385;3550
1;1741107819686;3551
1;1741107821644;3552
1;1741107837529;3553
1;1741107840355;3554
1;1741107840551;3555
1;1741107855490;3556
1;1741107861379;3557
1;1741107870691;3558
1;1741107875939;3559
1;1741107876121;3560
1;1741107877263;3561
1;1741107878681;3562
1;1741107887133;3563
1;1741107889664;3564
1;1741107895288;3565
1;1741107897513;3566
1;1741107905738;3567
1;1741107907346;3568
1;1741107907911;3569
1;1741107917916;3570
1;1741107919957;3571
1;1741107926919;3572
1;1741107930832;3573
1;1741107931815;3574
1;1741107946022;3575
1;1741107952725;3576
1;1741107952920;3577
1;1741107957947;3578
1;1741107961817;3579
1;1741107967154;3580
1;1741107968786;3581
1;1741107977140;3582
1;1741107978216;3583
1;1741107986825;3584
1;1741107999252;3585
1;1741108001108;3586
1;1741108008220;3587
1;1741108008255;3588
1;1741108014087;3589
1;1741108018208;3590
1;1741108018220;3591
1;1741108027513;3592
1;1741108036475;3593
1;1741108037038;3594
1;1741108043530;3595
1;1741108048609;3596
1;1741108051440;3597
1;1741108053287;3598
1;1741108054535;3599
1;1741108058473;3600
1;1741108067356;3601
1;1741108075293;3602
1;1741108084677;3603
1;1741108093402;3604
1;1741108095813;3605
1;1741108097348;3606
1;1741108099683;3607
1;1741108115711;3608
1;1741108117411;3609
1;1741108117848;3610
1;1741108128758;3611
1;1741108131001;3612
1;1741108135860;3613
1;1741108140979;3614
1;1741108141916;3615
1;1741108162640;3616
1;1741108163052;3617
1;1741108165746;3618
1;1741108168402;3619
1;1741108169886;3620
1;1741108171148;3621
1;1741108174206;3622
1;1741108174376;3623
1;1741108184984;3624
1;1741108186959;3625
1;1741108207746;3626
1;1741108213021;3627
1;1741108216070;3628
1;1741108222672;3629
1;1741108223624;3630
1;1741108236571;3631
1;1741108238250;3632
1;1741108238500;3633
1;1741108240313;3634
1;1741108243319;3635
1;1741108248362;3636
1;1741108254461;3637
1;1741108261747;3638
1;1741108270700;3639
1;1741108273198;3640
1;1741108273747;3641
1;1741108276220;3642
1;1741108278837;3643
1;1741108287353;3644
1;1741108298725;3645
1;1741108308044;3646
1;1741108308056;3647
1;1741108309317;3648
1;1741108315988;3649
1;1741108317109;3650
1;1741108325722;3651
1;1741108330390;3652
1;1741108337988;3653
1;1741108341711;3654
1;1741108343628;3655
1;1741108345922;3656
1;1741108354346;3657
1;1741108356906;3658
1;1741108365160;3659
1;1741108370901;3660
1;1741108377291;3661
1;1741108384302;3662
1;1741108387064;3663
1;1741108389922;3664
1;1741108395629;3665
1;1741108396719;3666
1;1741108403341;3667
1;1741108403761;3668
1;1741108404022;3669
1;1741108430246;3670
1;1741108431647;3671
1;1741108432362;3672
1;1741108448025;3673
1;1741108449212;3674
1;1741108450957;3675
1;1741108458175;3676
1;1741108464084;3677
1;1741108466032;3678
1;1741108471941;3679
1;1741108477487;3680
1;1741108482255;3681
1;1741108484717;3682
1;1741108484824;3683
1;1741108499483;3684
1;1741108503125;3685
1;1741108503481;3686
1;1741108507212;3687
1;1741108515559;3688
1;1741108515960;3689
1;1741108521543;3690
1;1741108524439;3691
1;1741108535815;3692
1;1741108536477;3693
1;1741108542935;3694
1;1741108546119;3695
1;1741108557491;3696
1;1741108560382;3697
1;1741108562384;3698
1;1741108574519;3699
1;1741108579560;3700
1;1741108579584;3701
1;1741108580735;3702
1;1741108582414;3703
1;1741108589354;3704
1;1741108597976;3705
1;1741108606443;3706
1;1741108611661;3707
1;1741108614936;3708
1;1741108616245;3709
1;1741108624983;3710
1;1741108627445;3711
1;1741108636007;3712
1;1741108637703;3713
1;1741108638837;3714
1;1741108640133;3715
1;1741108646462;3716
1;1741108649229;3717
1;1741108660339;3718
1;1741108672237;3719
1;1741108679975;3720
1;1741108680909;3721
1;1741108688119;3722
1;1741108692446;3723
1;1741108697915;3724
1;1741108703676;3725
1;1741108707787;3726
1;1741108708924;3727
1;1741108711787;3728
1;1741108718406;3729
1;1741108727309;3730
1;1741108733614;3731
1;1741108739451;3732
1;1741108742517;3733
1;1741108742694;3734
1;1741108747937;3735
1;1741108748122;3736
1;1741108755009;3737
1;1741108758178;3738
1;1741108773938;3739
1;1741108779042;3740
1;1741108780760;3741
1;1741108781328;3742
1;1741108791502;3743
1;1741108795355;3744
1;1741108795468;3745
1;1741108796706;3746
1;1741108799706;3747
1;1741108808964;3748
1;1741108813441;3749
1;1741108822022;3750
1;1741108830347;3751
1;1741108838143;3752
1;1741108842871;3753
1;1741108849504;3754
1;1741108853734;3755
1;1741108854420;3756
1;1741108854965;3757
1;1741108860430;3758
1;1741108865710;3759
1;1741108870697;3760
1;1741108874850;3761
1;1741108877510;3762
1;1741108879550;3763
1;1741108883761;3764
1;1741108886086;3765
1;1741108892608;3766
1;1741108902080;3767
1;1741108902659;3768
1;1741108916456;3769
1;1741108921569;3770
1;1741108927455;3771
1;1741108927957;3772
1;1741108938385;3773
1;1741108943523;3774
1;1741108947184;3775
1;1741108947317;3776
1;1741108950669;3777
1;1741108963982;3778
1;1741108973569;3779
1;1741108974797;3780
1;1741108975958;3781
1;1741108985905;3782
1;1741108987995;3783
1;1741108993207;3784
1;1741108998766;3785
1;1741108998903;3786
1;1741109011345;3787
1;1741109016301;3788
1;1741109017804;3789
1;1741109018974;3790
1;1741109029221;3791
1;1741109033938;3792
1;1741109034200;3793
1;1741109035713;3794
1;1741109042555;3795
1;1741109054962;3796
1;1741109056447;3797
1;1741109059330;3798
1;1741109062964;3799
1;1741109075337;3800
1;1741109082054;3801
1;1741109083505;3802
1;1741109083753;3803
1;1741109086187;3804
1;1741109094219;3805
1;1741109098640;3806
1;1741109099580;3807
1;1741109104521;3808
1;1741109112640;3809
1;1741109122695;3810
1;1741109128508;3811
1;1741109132392;3812
1;1741109132503;3813
1;1741109146723;3814
1;1741109149328;3815
1;1741109151439;3816
1;1741109158167;3817
1;1741109164013;3818
1;1741109167352;3819
1;1741109169900;3820
1;1741109175678;3821
1;1741109176781;3822
1;1741109191697;3823
1;1741109192586;3824
1;1741109194895;3825
1;1741109200182;3826
1;1741109203916;3827
1;1741109212327;3828
1;1741109212539;3829
1;1741109222282;3830
1;1741109228066;3831
1;1741109236763;3832
1;1741109237596;3833
1;1741109238476;3834
1;1741109240555;3835
1;1741109251227;3836
1;1741109253556;3837
1;1741109265086;3838
1;1741109266405;3839
1;1741109274332;3840
1;1741109278314;3841
1;1741109284098;3842
1;1741109285452;3843
1;1741109293331;3844
1;1741109306984;3845
1;1741109309830;3846
1;1741109312627;3847
1;1741109314049;3848
1;1741109316749;3849
1;1741109317689;3850
1;1741109318872;3851
1;1741109327344;3852
1;1741109330934;3853
1;1741109331108;3854
1;1741109344484;3855
1;1741109357198;3856
1;1741109359489;3857
1;1741109366396;3858
1;1741109368339;3859
1;1741109370630;3860
1;1741109375120;3861
1;1741109377109;3862
1;1741109384035;3863
1;1741109393287;3864
1;1741109396533;3865
1;1741109402601;3866
1;1741109404226;3867
1;1741109406265;3868
1;1741109411525;3869
1;1741109421240;3870
1;1741109424323;3871
1;1741109427231;3872
1;1741109432136;3873
1;1741109435838;3874
1;1741109445648;3875
1;1741109457352;3876
1;1741109461173;3877
1;1741109461440;3878
1;1741109464955;3879
1;1741109468519;3880
1;1741109470839;3881
1;1741109481676;3882
1;1741109490196;3883
1;1741109491096;3884
1;1741109496044;3885
1;1741109513056;3886
1;1741109513269;3887
1;1741109514931;3888
1;1741109515267;3889
1;1741109515400;3890
1;1741109524077;3891
1;1741109537973;3892
1;1741109540953;3893
1;1741109545053;3894
1;1741109550076;3895
1;1741109551289;3896
1;1741109566165;3897
1;1741109569996;3898
1;1741109573552;3899
1;1741109577638;3900
1;1741109581540;3901
1;1741109589761;3902
1;1741109592600;3903
1;1741109592840;3904
1;1741109599899;3905
1;1741109610226;3906
1;1741109613247;3907
1;1741109615983;3908
1;1741109617250;3909
1;1741109627911;3910
1;1741109632384;3911
1;1741109636321;3912
1;1741109641297;3913
1;1741109642343;3914
1;1741109648043;3915
1;1741109655461;3916
1;1741109659996;3917
1;1741109663968;3918
1;1741109671087;3919
1;1741109673681;3920
1;1741109680575;3921
1;1741109681814;3922
1;1741109686596;3923
1;1741109690380;3924
1;1741109704432;3925
1;1741109704920;3926
1;1741109705371;3927
1;1741109710750;3928
1;1741109715728;3929
1;1741109724966;3930
1;1741109725691;3931
1;1741109729527;3932
1;1741109730129;3933
1;1741109732901;3934
1;1741109749044;3935
1;1741109751129;3936
1;1741109756147;3937
1;1741109761093;3938
1;1741109764470;3939
1;1741109772011;3940
1;1741109778176;3941
1;1741109779035;3942
1;1741109780889;3943
1;1741109782534;3944
1;1741109797225;3945
1;1741109799322;3946
1;1741109801672;3947
1;1741109802264;3948
1;1741109814129;3949
1;1741109814965;3950
1;1741109816955;3951
1;1741109825934;3952
1;1741109837529;3953
1;1741109841137;3954
1;1741109846634;3955
1;1741109848013;3956
1;1741109860762;3957
1;1741109864448;3958
1;1741109871091;3959
1;1741109871754;3960
1;1741109879503;3961
1;1741109880213;3962
1;1741109883889;3963
1;1741109887751;3964
1;1741109889336;3965
1;1741109899989;3966
1;1741109912308;3967
1;1741109913162;3968
1;1741109914095;3969
1;1741109920478;3970
1;1741109920705;3971
1;1741109924298;3972
1;1741109940679;3973
1;1741109942091;3974
1;1741109942608;3975
1;1741109951738;3976
1;1741109956742;3977
1;1741109960142;3978
1;1741109960215;3979
1;1741109961866;3980
1;1741109973686;3981
1;1741109977213;3982
1;1741109998974;3983
1;1741110000019;3984
1;1741110000630;3985
1;1741110007660;3986
1;1741110009798;3987
1;1741110014796;3988
1;1741110015645;3989
1;1741110019173;3990
1;1741110020395;3991
1;1741110027349;3992
1;1741110032400;3993
1;1741110033553;3994
1;1741110046453;3995
1;1741110054424;3996
1;1741110054496;3997
1;1741110057989;3998
1;1741110063161;3999
1;1741110065893;4000
1;1741110086211;4001
1;1741110088645;4002
1;1741110090919;4003
1;1741110091875;4004
1;1741110094958;4005
1;1741110096950;4006
1;1741110097069;4007
1;1741110098071;4008
1;1741110106148;4009
1;1741110110294;4010
1;1741110125148;4011
1;1741110125935;4012
1;1741110129931;4013
1;1741110137329;4014
1;1741110146156;4015
1;1741110146626;4016
1;1741110148538;4017
1;1741110158238;4018
1;1741110165991;4019
1;1741110177715;4020
1;1741110181001;4021
1;1741110182809;4022
1;1741110188189;4023
1;1741110188199;4024
1;1741110195453;4025
1;1741110196036;4026
1;1741110205160;4027
1;1741110211166;4028
1;1741110212680;4029
1;1741110221812;4030
1;1741110224775;4031
1;1741110232963;4032
1;1741110240279;4033
1;1741110247977;4034
1;1741110255017;4035
1;1741110260072;4036
1;1741110263707;4037
1;1741110265360;4038
1;1741110270840;4039
1;1741110280653;4040
1;1741110283725;4041
1;1741110283896;4042
1;1741110283995;4043
1;1741110284147;4044
1;1741110295552;4045
1;1741110305130;4046
1;1741110309707;4047
1;1741110315539;4048
1;1741110318268;4049
1;1741110326157;4050
1;1741110328021;4051
1;1741110337947;4052
1;1741110343034;4053
1;1741110344978;4054
1;1741110351433;4055
1;1741110352080;4056
1;1741110352150;4057
1;1741110354497;4058
1;1741110368030;4059
1;1741110368924;4060
1;1741110370087;4061
1;1741110383289;4062
1;1741110384465;4063
1;1741110395538;4064
1;1741110398867;4065
1;1741110400268;4066
1;1741110400955;4067
1;1741110403149;4068
1;1741110419593;4069
1;1741110420373;4070
1;1741110422184;4071
1;1741110423793;4072
1;1741110424332;4073
1;1741110437101;4074
1;1741110440860;4075
1;1741110445437;4076
1;1741110454085;4077
1;1741110454559;4078
1;1741110460369;4079
1;1741110481940;4080
1;1741110482402;4081
1;1741110487561;4082
1;1741110489984;4083
1;1741110492579;4084
1;1741110493707;4085
1;1741110494125;4086
1;1741110497765;4087
1;1741110509498;4088
1;1741110519871;4089
1;1741110520700;4090
1;1741110527101;4091
1;1741110530182;4092
1;1741110535121;4093
1;1741110545130;4094
1;1741110550793;4095
1;1741110557667;4096
1;1741110560493;4097
1;1741110561321;4098
1;1741110568686;4099
1;1741110574708;4100
1;1741110575687;4101
1;1741110583181;4102
1;1741110589802;4103
1;1741110591534;4104
1;1741110596236;4105
1;1741110596396;4106
1;1741110606388;4107
1;1741110613405;4108
1;1741110613675;4109
1;1741110616698;4110
1;1741110621223;4111
1;1741110626108;4112
1;1741110637361;4113
1;1741110642070;4114
1;1741110650307;4115
1;1741110650319;4116
1;1741110652070;4117
1;1741110661129;4118
1;1741110666833;4119
1;1741110668238;4120
1;1741110681645;4121
1;1741110686578;4122
1;1741110691095;4123
1;1741110694026;4124
1;1741110694375;4125
1;1741110704386;4126
1;1741110708256;4127
1;1741110712380;4128
1;1741110720016;4129
1;1741110722508;4130
1;1741110724327;4131
1;1741110735771;4132
1;1741110738445;4133
1;1741110747494;4134
1;1741110749401;4135
1;1741110750939;4136
1;1741110755320;4137
1;1741110755965;4138
1;1741110762870;4139
1;1741110768167;4140
1;1741110774403;4141
1;1741110775412;4142
1;1741110776803;4143
1;1741110778943;4144
1;1741110792288;4145
1;1741110800152;4146
1;1741110805520;4147
1;1741110808550;4148
1;1741110810395;4149
1;1741110821215;4150
1;1741110821822;4151
1;1741110832398;4152
1;1741110846005;4153
1;1741110846582;4154
1;1741110848117;4155
1;1741110856897;4156
1;1741110869793;4157
1;1741110874895;4158
1;1741110875971;4159
1;1741110881724;4160
1;1741110881795;4161
1;1741110884655;4162
1;1741110884677;4163
1;1741110899801;4164
1;1741110901315;4165
1;1741110907198;4166
1;1741110909761;4167
1;1741110910236;4168
1;1741110911910;4169
1;1741110917364;4170
1;1741110923424;4171
1;1741110931454;4172
1;1741110932247;4173
1;1741110935501;4174
1;1741110936109;4175
1;1741110938302;4176
1;1741110956396;4177
1;1741110963167;4178
1;1741110968213;4179
1;1741110970834;4180
1;1741110975395;4181
1;1741110983747;4182
1;1741110994079;4183
1;1741110997352;4184
1;1741110997710;4185
1;1741111001768;4186
1;1741111011732;4187
1;1741111012012;4188
1;1741111024217;4189
1;1741111025196;4190
1;1741111029369;4191
1;1741111033995;4192
1;1741111040356;4193
1;1741111042063;4194
1;1741111042174;4195
1;1741111054717;4196
1;1741111057177;4197
1;1741111059248;4198
1;1741111061179;4199
1;1741111066123;4200
1;1741111067113;4201
1;1741111074527;4202
1;1741111085059;4203
1;1741111093137;4204
1;1741111093428;4205
1;1741111097126;4206
1;1741111099860;4207
1;1741111110005;4208
1;1741111117053;4209
1;1741111125997;4210
1;1741111127602;4211
1;1741111131017;4212
1;1741111135222;4213
1;1741111144978;4214
1;1741111146636;4215
1;1741111151676;4216
1;1741111153473;4217
1;1741111155585;4218
1;1741111162607;4219
1;1741111163391;4220
1;1741111165662;4221
1;1741111169417;4222
1;1741111186520;4223
1;1741111188672;4224
1;1741111189531;4225
1;1741111203937;4226
1;1741111207096;4227
1;1741111210773;4228
1;1741111212228;4229
1;1741111225904;4230
1;1741111228255;4231
1;1741111232281;4232
1;1741111235271;4233
1;1741111235895;4234
1;1741111241897;4235
1;1741111242414;4236
1;1741111250823;4237
1;1741111262739;4238
1;1741111270448;4239
1;1741111270550;4240
1;1741111274893;4241
1;1741111276140;4242
1;1741111278960;4243
1;1741111291901;4244
1;1741111291950;4245
1;1741111299571;4246
1;1741111300894;4247
1;1741111306170;4248
1;1741111311131;4249
1;1741111311335;4250
1;1741111320385;4251
1;1741111320687;4252
1;1741111334499;4253
1;1741111342854;4254
1;1741111347555;4255
1;1741111350682;4256
1;1741111351219;4257
1;1741111353582;4258
1;1741111360447;4259
1;1741111369726;4260
1;1741111371015;4261
1;1741111372014;4262
1;1741111380469;4263
1;1741111384176;4264
1;1741111388369;4265
1;1741111396290;4266
1;1741111403921;4267
1;1741111406595;4268
1;1741111410647;4269
1;1741111416800;4270
1;1741111419270;4271
1;1741111430133;4272
1;1741111444004;4273
1;1741111446213;4274
1;1741111450009;4275
1;1741111454140;4276
1;1741111458499;4277
1;1741111468007;4278
1;1741111469831;4279
1;1741111472220;4280
1;1741111475700;4281
1;1741111477357;4282
1;1741111482928;4283
1;1741111489390;4284
1;1741111496892;4285
1;1741111502373;4286
1;1741111503912;4287
1;1741111506010;4288
1;1741111520895;4289
1;1741111526299;4290
1;1741111529429;4291
1;1741111530567;4292
1;1741111540613;4293
1;1741111546245;4294
1;1741111550971;4295
1;1741111553335;4296
1;1741111560005;4297
1;1741111563713;4298
1;1741111567858;4299
1;1741111570906;4300
1;1741111572344;4301
1;1741111575279;4302
1;1741111575689;4303
1;1741111593770;4304
1;1741111596409;4305
1;1741111606365;4306
1;1741111609046;4307
1;1741111614646;4308
1;1741111620802;4309
1;1741111625405;4310
1;1741111627889;4311
1;1741111629245;4312
1;1741111637911;4313
1;1741111641075;4314
1;1741111643845;4315
1;1741111647053;4316
1;1741111650323;4317
1;1741111653820;4318
1;1741111666873;4319
1;1741111671697;4320
1;1741111677464;4321
1;1741111679359;4322
1;1741111686915;4323
1;1741111690176;4324
1;1741111695638;4325
1;1741111699116;4326
1;1741111702504;4327
1;1741111703323;4328
1;1741111712007;4329
1;1741111728964;4330
1;1741111732391;4331
1;1741111736609;4332
1;1741111742608;4333
1;1741111743512;4334
1;1741111745881;4335
1;1741111753504;4336
1;1741111759203;4337
1;1741111761584;4338
1;1741111766613;4339
1;1741111770907;4340
1;1741111775328;4341
1;1741111779459;4342
1;1741111780296;4343
1;1741111788955;4344
1;1741111799586;4345
1;1741111807047;4346
1;1741111810418;4347
1;1741111815002;4348
1;1741111815544;4349
1;1741111819206;4350
1;1741111824806;4351
1;1741111826925;4352
1;1741111833752;4353
1;1741111835691;4354
1;1741111837799;4355
1;1741111846801;4356
1;1741111850882;4357
1;1741111856579;4358
1;1741111861285;4359
1;1741111872341;4360
1;1741111873991;4361
1;1741111883996;4362
1;1741111885776;4363
1;1741111889960;4364
1;1741111893963;4365
1;1741111902136;4366
1;1741111906916;4367
1;1741111909579;4368
1;1741111914903;4369
1;1741111926750;4370
1;1741111935474;4371
1;1741111936861;4372
1;1741111941043;4373
1;1741111943035;4374
1;1741111948503;4375
1;1741111951509;4376
1;1741111954114;4377
1;1741111955638;4378
1;1741111962668;4379
1;1741111966875;4380
1;1741111973495;4381
1;1741111977927;4382
1;1741111979018;4383
1;1741111986903;4384
1;1741111993815;4385
1;1741111995355;4386
1;1741111996493;4387
1;1741112003649;4388
1;1741112007298;4389
1;1741112013958;4390
1;1741112025742;4391
1;1741112034769;4392
1;1741112039998;4393
1;1741112040947;4394
1;1741112046137;4395
1;1741112049696;4396
1;1741112053467;4397
1;1741112057637;4398
1;1741112066826;4399
1;1741112076106;4400
1;1741112080882;4401
1;1741112085378;4402
1;1741112087609;4403
1;1741112098433;4404
1;1741112099470;4405
1;1741112105698;4406
1;1741112109541;4407
1;1741112110296;4408
1;1741112110932;4409
1;1741112113897;4410
1;1741112124178;4411
1;1741112125824;4412
1;1741112143121;4413
1;1741112146919;4414
1;1741112152964;4415
1;1741112160257;4416
1;1741112162378;4417
1;1741112163510;4418
1;1741112175174;4419
1;1741112182933;4420
1;1741112183807;4421
1;1741112184330;4422
1;1741112189067;4423
1;1741112195792;4424
1;1741112197162;4425
1;1741112202228;4426
1;1741112203917;4427
1;1741112219320;4428
1;1741112222855;4429
1;1741112223394;4430
1;1741112229222;4431
1;1741112231292;4432
1;1741112231617;4433
1;1741112235714;4434
1;1741112237875;4435
1;1741112245120;4436
1;1741112255377;4437
1;1741112257124;4438
1;1741112261890;4439
1;1741112280290;4440
1;1741112282430;4441
1;1741112284523;4442
1;1741112291841;4443
1;1741112291949;4444
1;1741112303259;4445
1;1741112303623;4446
1;1741112309001;4447
1;1741112321469;4448
1;1741112322406;4449
1;1741112323438;4450
1;1741112324779;4451
1;1741112326162;4452
1;1741112333416;4453
1;1741112341376;4454
1;1741112342854;4455
1;1741112345110;4456
1;1741112355679;4457
1;1741112358558;4458
1;1741112372826;4459
1;1741112373622;4460
1;1741112375939;4461
1;1741112376234;4462
1;1741112376427;4463
1;1741112394726;4464
1;1741112399873;4465
1;1741112405122;4466
1;1741112407434;4467
1;1741112415683;4468
1;1741112416545;4469
1;1741112417305;4470
1;1741112417611;4471
1;1741112433655;4472
1;1741112436229;4473
1;1741112441180;4474
1;1741112448505;4475
1;1741112448755;4476
1;1741112458712;4477
1;1741112462506;4478
1;1741112463747;4479
1;1741112471446;4480
1;1741112479497;4481
1;1741112481547;4482
1;1741112490385;4483
1;1741112490620;4484
1;1741112494156;4485
1;1741112495382;4486
1;1741112500161;4487
1;1741112504903;4488
1;1741112513579;4489
1;1741112517850;4490
1;1741112522433;4491
1;1741112525985;4492
1;1741112530160;4493
1;1741112542593;4494
1;1741112553040;4495
1;1741112553592;4496
1;1741112562473;4497
1;1741112562608;4498
1;1741112567725;4499
1;1741112568230;4500
1;1741112575830;4501
1;1741112581214;4502
1;1741112586171;4503
1;1741112589869;4504
1;1741112593198;4505
1;1741112607021;4506
1;1741112608483;4507
1;1741112611786;4508
1;1741112616924;4509
1;1741112621203;4510
1;1741112624465;4511
1;1741112625374;4512
1;1741112634451;4513
1;1741112638802;4514
1;1741112639066;4515
1;1741112647898;4516
1;1741112658352;4517
1;1741112659697;4518
1;1741112668193;4519
1;1741112670447;4520
1;1741112670973;4521
1;1741112681734;4522
1;1741112687324;4523
1;1741112691086;4524
1;1741112698518;4525
1;1741112701501;4526
1;1741112702113;4527
1;1741112703131;4528
1;1741112717174;4529
1;1741112723748;4530
1;1741112724042;4531
1;1741112724447;4532
1;1741112735513;4533
1;1741112738472;4534
1;1741112741214;4535
1;1741112755150;4536
1;1741112760045;4537
1;1741112768707;4538
1;1741112770564;4539
1;1741112772627;4540
1;1741112779799;4541
1;1741112780430;4542
1;1741112780441;4543
1;1741112784403;4544
1;1741112785559;4545
1;1741112794035;4546
1;1741112796583;4547
1;1741112807702;4548
1;1741112820107;4549
1;1741112826516;4550
1;1741112828163;4551
1;1741112833588;4552
1;1741112837579;4553
1;1741112839101;4554
1;1741112851197;4555
1;1741112854963;4556
1;1741112860688;4557
1;1741112863401;4558
1;1741112863961;4559
1;1741112865529;4560
1;1741112870852;4561
1;1741112872176;4562
1;1741112889633;4563
1;1741112891639;4564
1;1741112907285;4565
1;1741112908987;4566
1;1741112909656;4567
1;1741112911104;4568
1;1741112911758;4569
1;1741112916085;4570
1;1741112921533;4571
1;1741112933734;4572
1;1741112941102;4573
1;1741112951258;4574
1;1741112951826;4575
1;1741112953429;4576
1;1741112955748;4577
1;1741112958734;4578
1;1741112967765;4579
1;1741112968531;4580
1;1741112980649;4581
1;1741112982286;4582
1;1741112984509;4583
1;1741112986737;4584
1;1741112987535;4585
1;1741113002861;4586
1;1741113012405;4587
1;1741113014602;4588
1;1741113015793;4589
1;1741113022180;4590
1;1741113025834;4591
1;1741113029806;4592
1;1741113038433;4593
1;1741113038648;4594
1;1741113042659;4595
1;1741113049466;4596
1;1741113053128;4597
1;1741113055905;4598
1;1741113057938;4599
1;1741113071617;4600
1;1741113072866;4601
1;1741113080532;4602
1;1741113088414;4603
1;1741113092308;4604
1;1741113100227;4605
1;1741113105444;4606
1;1741113109651;4607
1;1741113110768;4608
1;1741113119979;4609
1;1741113121129;4610
1;1741113122468;4611
1;1741113124969;4612
1;1741113130519;4613
1;1741113133765;4614
1;1741113140869;4615
1;1741113150492;4616
1;1741113152327;4617
1;1741113164979;4618
1;1741113166588;4619
1;1741113172454;4620
1;1741113173796;4621
1;1741113189546;4622
1;1741113189779;4623
1;1741113190706;4624
1;1741113198092;4625
1;1741113199828;4626
1;1741113203762;4627
1;1741113213597;4628
1;1741113220359;4629
1;1741113224076;4630
1;1741113225582;4631
1;1741113229576;4632
1;1741113238968;4633
1;1741113244182;4634
1;1741113248973;4635
1;1741113249349;4636
1;1741113254456;4637
1;1741113262919;4638
1;1741113267295;4639
1;1741113268873;4640
1;1741113269576;4641
1;1741113272850;4642
1;1741113277483;4643
1;1741113295887;4644
1;1741113299842;4645
1;1741113305524;4646
1;1741113308043;4647
1;1741113317937;4648
1;1741113323011;4649
1;1741113324565;4650
1;1741113327868;4651
1;1741113327942;4652
1;1741113334550;4653
1;1741113337911;4654
1;1741113343557;4655
1;1741113351306;4656
1;1741113353509;4657
1;1741113360946;4658
1;1741113369745;4659
1;1741113369801;4660
1;1741113376095;4661
1;1741113384812;4662
1;1741113387612;4663
1;1741113389366;4664
1;1741113390964;4665
1;1741113400762;4666
1;1741113405129;4667
1;1741113421625;4668
1;1741113423476;4669
1;1741113424747;4670
1;1741113426166;4671
1;1741113429231;4672
1;1741113430688;4673
1;1741113438696;4674
1;1741113441180;4675
1;1741113444461;4676
1;1741113455092;4677
1;1741113459333;4678
1;1741113460129;4679
1;1741113475637;4680
1;1741113480732;4681
1;1741113484970;4682
1;1741113491245;4683
1;1741113492065;4684
1;1741113495049;4685
1;1741113503509;4686
1;1741113508722;4687
1;1741113510492;4688
1;1741113517167;4689
1;1741113520160;4690
1;1741113528943;4691
1;1741113529272;4692
1;1741113531383;4693
1;1741113531490;4694
1;1741113546949;4695
1;1741113551273;4696
1;1741113552830;4697
1;1741113553230;4698
1;1741113570971;4699
1;1741113579679;4700
1;1741113580533;4701
1;1741113584337;4702
1;1741113584543;4703
1;1741113585813;4704
1;1741113588971;4705
1;1741113590547;4706
1;1741113605932;4707
1;1741113606798;4708
1;1741113608194;4709
1;1741113610536;4710
1;1741113624333;4711
1;1741113628349;4712
1;1741113638237;4713
1;1741113642995;4714
1;1741113648505;4715
1;1741113650108;4716
1;1741113653872;4717
1;1741113654266;4718
1;1741113673756;4719
1;1741113679886;4720
1;1741113681049;4721
1;1741113685326;4722
1;1741113685427;4723
1;1741113685691;4724
1;1741113695683;4725
1;1741113698158;4726
1;1741113701450;4727
1;1741113707265;4728
1;1741113710900;4729
1;1741113712795;4730
1;1741113726645;4731
1;1741113727878;4732
1;1741113737951;4733
1;1741113739026;4734
1;1741113744781;4735
1;1741113745749;4736
1;1741113761756;4737
1;1741113765304;4738
1;1741113768250;4739
1;1741113770665;4740
1;1741113782560;4741
1;1741113786152;4742
1;1741113790665;4743
1;1741113794795;4744
1;1741113800049;4745
1;1741113804239;4746
1;1741113804763;4747
1;1741113812374;4748
1;1741113822434;4749
1;1741113828433;4750
1;1741113832171;4751
1;1741113833190;4752
1;1741113842802;4753
1;1741113843684;4754
1;1741113846816;4755
1;1741113857970;4756
1;1741113858756;4757
1;1741113862591;4758
1;1741113869651;4759
1;1741113875949;4760
1;1741113878006;4761
1;1741113889661;4762
1;1741113891259;4763
1;1741113893916;4764
1;1741113894232;4765
1;1741113899812;4766
1;1741113905353;4767
1;1741113905533;4768
1;1741113911592;4769
1;1741113915729;4770
1;1741113932468;4771
1;1741113933547;4772
1;1741113933573;4773
1;1741113936914;4774
1;1741113940617;4775
1;1741113941119;4776
1;1741113950598;4777
1;1741113954465;4778
1;1741113970506;4779
1;1741113970638;4780
1;1741113974497;4781
1;1741113976825;4782
1;1741113982216;4783
1;1741113988118;4784
1;1741113992255;4785
1;1741113999680;4786
1;1741114003601;4787
1;1741114007609;4788
1;1741114007804;4789
1;1741114026733;4790
1;1741114032539;4791
1;1741114034104;4792
1;1741114041021;4793
1;1741114046224;4794
1;1741114051077;4795
1;1741114055722;4796
1;1741114056323;4797
1;1741114059572;4798
1;1741114071311;4799
1;1741114075244;4800
1;1741114079497;4801
1;1741114088212;4802
1;1741114092287;4803
1;1741114093514;4804
1;1741114098691;4805
1;1741114100369;4806
1;1741114108717;4807
1;1741114109859;4808
1;1741114115280;4809
1;1741114116856;4810
1;1741114127012;4811
1;1741114137591;4812
1;1741114140397;4813
1;1741114142202;4814
1;1741114152064;4815
1;1741114156449;4816
1;1741114158369;4817
1;1741114158774;4818
1;1741114160324;4819
1;1741114173784;4820
1;1741114179629;4821
1;1741114181557;4822
1;1741114186878;4823
1;1741114199563;4824
1;1741114200378;4825
1;1741114204701;4826
1;1741114207750;4827
1;1741114213738;4828
1;1741114213912;4829
1;1741114222364;4830
1;1741114224863;4831
1;1741114238164;4832
1;1741114240692;4833
1;1741114248756;4834
1;1741114248771;4835
1;1741114253739;4836
1;1741114258765;4837
1;1741114259798;4838
1;1741114267995;4839
1;1741114268956;4840
1;1741114277755;4841
1;1741114278733;4842
1;1741114289076;4843
1;1741114293947;4844
1;1741114297022;4845
1;1741114310923;4846
1;1741114315644;4847
1;1741114315732;4848
1;1741114322746;4849
1;1741114327559;4850
1;1741114334447;4851
1;1741114334699;4852
1;1741114338016;4853
1;1741114339326;4854
1;1741114350276;4855
1;1741114352730;4856
1;1741114356295;4857
1;1741114369417;4858
1;1741114373592;4859
1;1741114374434;4860
1;1741114375661;4861
1;1741114380420;4862
1;1741114381492;4863
1;1741114384062;4864
1;1741114390351;4865
1;1741114396317;4866
1;1741114407650;4867
1;1741114409355;4868
1;1741114415555;4869
1;1741114415936;4870
1;1741114416661;4871
1;1741114424838;4872
1;1741114431831;4873
1;1741114440408;4874
1;1741114440598;4875
1;1741114448486;4876
1;1741114449660;4877
1;1741114452973;4878
1;1741114470400;4879
1;1741114480566;4880
1;1741114481954;4881
1;1741114484159;4882
1;1741114490612;4883
1;1741114494365;4884
1;1741114494561;4885
1;1741114496104;4886
1;1741114498167;4887
1;1741114503402;4888
1;1741114517264;4889
1;1741114524342;4890
1;1741114524595;4891
1;1741114530878;4892
1;1741114530970;4893
1;1741114541944;4894
1;1741114551046;4895
1;1741114557813;4896
1;1741114559617;4897
1;1741114561420;4898
1;1741114567073;4899
1;1741114570161;4900
1;1741114576046;4901
1;1741114577724;4902
1;1741114585947;4903
1;1741114601007;4904
1;1741114601921;4905
1;1741114605428;4906
1;1741114605649;4907
1;1741114607257;4908
1;1741114624544;4909
1;1741114625275;4910
1;1741114626927;4911
1;1741114633043;4912
1;1741114635437;4913
1;1741114638942;4914
1;1741114644325;4915
1;1741114661234;4916
1;1741114666453;4917
1;1741114671993;4918
1;1741114672483;4919
1;1741114673241;4920
1;1741114674731;4921
1;1741114676361;4922
1;1741114681579;4923
1;1741114694933;4924
1;1741114696936;4925
1;1741114704338;4926
1;1741114707902;4927
1;1741114719214;4928
1;1741114720191;4929
1;1741114724770;4930
1;1741114728580;4931
1;1741114730005;4932
1;1741114731716;4933
1;1741114737574;4934
1;1741114741515;4935
1;1741114746754;4936
1;1741114751223;4937
1;1741114757906;4938
1;1741114761387;4939
1;1741114772313;4940
1;1741114775247;4941
1;1741114787516;4942
1;1741114788250;4943
1;1741114788424;4944
1;1741114791337;4945
1;1741114794064;4946
1;1741114806412;4947
1;1741114817675;4948
1;1741114821648;4949
1;1741114824173;4950
1;1741114829686;4951
1;1741114836835;4952
1;1741114838323;4953
1;1741114847964;4954
1;1741114848019;4955
1;1741114851014;4956
1;1741114853243;4957
1;1741114854997;4958
1;1741114868641;4959
1;1741114876286;4960
1;1741114879575;4961
1;1741114882844;4962
1;1741114885421;4963
1;1741114891213;4964
1;1741114894385;4965
1;1741114898393;4966
1;1741114908961;4967
1;1741114911487;4968
1;1741114916693;4969
1;1741114918881;4970
1;1741114922314;4971
1;1741114935796;4972
1;1741114942600;4973
1;1741114947919;4974
1;1741114954147;4975
1;1741114955195;4976
1;1741114959802;4977
1;1741114968930;4978
1;1741114971364;4979
1;1741114971723;4980
1;1741114975134;4981
1;1741114977308;4982
1;1741114978439;4983
1;1741114986090;4984
1;1741114993401;4985
1;1741115001210;4986
1;1741115006351;4987
1;1741115007766;4988
1;1741115012701;4989
1;1741115019699;4990
1;1741115033273;4991
1;1741115035126;4992
1;1741115037651;4993
1;1741115042825;4994
1;1741115043808;4995
1;1741115049531;4996
1;1741115059093;4997
1;1741115059987;4998
1;1741115064561;4999
1;1741115066821;5000
1;1741115068197;5001
1;1741115073070;5002
1;1741115082192;5003
1;1741115085797;5004
1;1741115086742;5005
1;1741115099851;5006
1;1741115104893;5007
1;1741115110740;5008
1;1741115128752;5009
1;1741115128889;5010
1;1741115129310;5011
1;1741115129761;5012
1;1741115132247;5013
1;1741115139711;5014
1;1741115145590;5015
1;1741115149051;5016
1;1741115162477;5017
1;1741115163744;5018
1;1741115163908;5019
1;1741115165908;5020
1;1741115167547;5021
1;1741115177605;5022
1;1741115178516;5023
1;1741115190593;5024
1;1741115191931;5025
1;1741115192252;5026
1;1741115196623;5027
1;1741115214577;5028
1;1741115217151;5029
1;1741115219762;5030
1;1741115237875;5031
1;1741115240226;5032
1;1741115241209;5033
1;1741115241897;5034
1;1741115245272;5035
1;1741115247481;5036
1;1741115249584;5037
1;1741115257042;5038
1;1741115259085;5039
1;1741115265791;5040
1;1741115267007;5041
1;1741115276273;5042
1;1741115276471;5043
1;1741115283208;5044
1;1741115298226;5045
1;1741115303084;5046
1;1741115304026;5047
1;1741115308291;5048
1;1741115314465;5049
1;1741115326947;5050
1;1741115327029;5051
1;1741115328659;5052
1;1741115331967;5053
1;1741115332685;5054
1;1741115340627;5055
1;1741115350045;5056
1;1741115356962;5057
1;1741115367609;5058
1;1741115368167;5059
1;1741115370049;5060
1;1741115371542;5061
1;1741115380395;5062
1;1741115384323;5063
1;1741115388608;5064
1;1741115388721;5065
1;1741115390560;5066
1;1741115406350;5067
1;1741115408658;5068
1;1741115409351;5069
1;1741115411781;5070
1;1741115420862;5071
1;1741115430674;5072
1;1741115436413;5073
1;1741115439005;5074
3;1741115448253;9
1;1741115448733;5075
1;1741115449479;5076
1;1741115454705;5077
1;1741115457277;5078
1;1741115470834;5079
1;1741115471326;5080
1;1741115476849;5081
1;1741115481041;5082
1;1741115485998;5083
1;1741115494438;5084
1;1741115499615;5085
1;1741115503473;5086
1;1741115504943;5087
1;1741115505851;5088
1;1741115511505;5089
1;1741115521241;5090
1;1741115532378;5091
1;1741115539181;5092
1;1741115549110;5093
1;1741115551398;5094
1;1741115552313;5095
1;1741115557981;5096
1;1741115564080;5097
1;1741115569066;5098
1;1741115572227;5099
1;1741115578597;5100
1;1741115578868;5101
1;1741115579473;5102
1;1741115582764;5103
1;1741115585837;5104
1;1741115586413;5105
1;1741115603535;5106
1;1741115605913;5107
1;1741115606196;5108
1;1741115606307;5109
1;1741115622392;5110
1;1741115624921;5111
1;1741115631567;5112
1;1741115633476;5113
1;1741115637563;5114
1;1741115643876;5115
1;1741115646541;5116
1;1741115652937;5117
1;1741115654004;5118
1;1741115662494;5119
1;1741115668122;5120
1;1741115679013;5121
1;1741115684522;5122
1;1741115689519;5123
1;1741115691732;5124
1;1741115692017;5125
1;1741115698610;5126
1;1741115708347;5127
1;1741115710433;5128
1;1741115712081;5129
1;1741115717765;5130
1;1741115728364;5131
1;1741115736954;5132
1;1741115740244;5133
1;1741115740997;5134
1;1741115746626;5135
1;1741115752597;5136
1;1741115754939;5137
1;1741115760124;5138
1;1741115761870;5139
1;1741115773500;5140
1;1741115776452;5141
1;1741115776648;5142
1;1741115786245;5143
1;1741115800335;5144
1;1741115801380;5145
1;1741115806125;5146
1;1741115810257;5147
1;1741115816032;5148
1;1741115817448;5149
1;1741115818043;5150
1;1741115820949;5151
1;1741115830933;5152
1;1741115835072;5153
1;1741115835138;5154
1;1741115835958;5155
1;1741115848160;5156
1;1741115868571;5157
1;1741115870600;5158
1;1741115874516;5159
1;1741115877306;5160
1;1741115878645;5161
1;1741115881018;5162
1;1741115881447;5163
1;1741115885896;5164
1;1741115892109;5165
1;1741115902951;5166
1;1741115908118;5167
1;1741115917109;5168
1;1741115920765;5169
1;1741115922849;5170
1;1741115926790;5171
1;1741115928143;5172
1;1741115930545;5173
1;1741115930745;5174
1;1741115950739;5175
1;1741115957894;5176
1;1741115963991;5177
1;1741115966476;5178
1;1741115967889;5179
1;1741115971232;5180
1;1741115973956;5181
1;1741115987764;5182
1;1741115989242;5183
1;1741116005133;5184
1;1741116005142;5185
1;1741116006218;5186
1;1741116012911;5187
1;1741116015104;5188
1;1741116016379;5189
1;1741116019187;5190
1;1741116020368;5191
1;1741116034308;5192
1;1741116035742;5193
1;1741116036617;5194
1;1741116039581;5195
1;1741116056525;5196
1;1741116059186;5197
1;1741116059751;5198
1;1741116063087;5199
1;1741116067884;5200
1;1741116069076;5201
1;1741116073535;5202
1;1741116073958;5203
1;1741116092206;5204
1;1741116096344;5205
1;1741116097066;5206
1;1741116103279;5207
1;1741116112436;5208
1;1741116114403;5209
1;1741116125602;5210
1;1741116129442;5211
1;1741116130753;5212
1;1741116138380;5213
1;1741116140728;5214
1;1741116144803;5215
1;1741116157278;5216
1;1741116158722;5217
1;1741116159160;5218
1;1741116176276;5219
1;1741116176568;5220
1;1741116179606;5221
1;1741116182087;5222
1;1741116182445;5223
1;1741116183132;5224
1;1741116191391;5225
1;1741116205423;5226
1;1741116210294;5227
1;1741116215444;5228
1;1741116216378;5229
1;1741116217964;5230
1;1741116217980;5231
1;1741116226627;5232
1;1741116242228;5233
1;1741116242278;5234
1;1741116243717;5235
1;1741116244606;5236
1;1741116250546;5237
1;1741116253163;5238
1;1741116266258;5239
1;1741116270908;5240
1;1741116273185;5241
1;1741116280316;5242
1;1741116284155;5243
1;1741116287990;5244
1;1741116293317;5245
1;1741116303115;5246
1;1741116306865;5247
1;1741116314705;5248
1;1741116316261;5249
1;1741116323227;5250
1;1741116323308;5251
1;1741116323797;5252
1;1741116331031;5253
1;1741116336054;5254
1;1741116340271;5255
1;1741116355050;5256
1;1741116363468;5257
1;1741116363562;5258
1;1741116363664;5259
1;1741116366763;5260
1;1741116376135;5261
1;1741116378721;5262
1;1741116383955;5263
1;1741116389943;5264
1;1741116392504;5265
1;1741116395315;5266
1;1741116398035;5267
1;1741116405775;5268
1;1741116407774;5269
1;1741116427392;5270
1;1741116428247;5271
1;1741116431224;5272
1;1741116435461;5273
1;1741116437249;5274
1;1741116450084;5275
1;1741116455761;5276
1;1741116460902;5277
1;1741116463061;5278
1;1741116463323;5279
1;1741116468364;5280
1;1741116476661;5281
1;1741116479967;5282
1;1741116480289;5283
1;1741116493654;5284
1;1741116500470;5285
1;1741116501453;5286
1;1741116505411;5287
1;1741116506366;5288
1;1741116507599;5289
1;1741116510032;5290
1;1741116525095;5291
1;1741116533629;5292
1;1741116537337;5293
1;1741116544669;5294
1;1741116547316;5295
1;1741116549014;5296
1;1741116552065;5297
1;1741116557969;5298
1;1741116561311;5299
1;1741116570674;5300
1;1741116570874;5301
1;1741116576201;5302
1;1741116579970;5303
1;1741116595191;5304
1;1741116595324;5305
1;1741116597073;5306
1;1741116598246;5307
1;1741116607578;5308
1;1741116615358;5309
1;1741116623352;5310
1;1741116623838;5311
1;1741116625325;5312
1;1741116631229;5313
1;1741116637215;5314
1;1741116647907;5315
1;1741116650447;5316
1;1741116655015;5317
1;1741116655206;5318
1;1741116667919;5319
1;1741116672419;5320
1;1741116672857;5321
1;1741116682701;5322
1;1741116689603;5323
1;1741116692452;5324
1;1741116694079;5325
1;1741116696369;5326
1;1741116702550;5327
1;1741116710163;5328
1;1741116717162;5329
1;1741116722339;5330
1;1741116728075;5331
1;1741116729120;5332
1;1741116737774;5333
1;1741116740433;5334
1;1741116740975;5335
1;1741116755541;5336
1;1741116758785;5337
1;1741116759182;5338
1;1741116768896;5339
1;1741116771984;5340
1;1741116776232;5341
1;1741116777445;5342
1;1741116783448;5343
1;1741116799421;5344
1;1741116802468;5345
1;1741116805025;5346
1;1741116807389;5347
1;1741116814314;5348
1;1741116818955;5349
1;1741116820117;5350
1;1741116821392;5351
1;1741116825595;5352
1;1741116828403;5353
1;1741116839516;5354
1;1741116841315;5355
1;1741116848150;5356
1;1741116853751;5357
1;1741116864605;5358
1;1741116866023;5359
1;1741116868610;5360
1;1741116876367;5361
1;1741116881547;5362
1;1741116883205;5363
1;1741116887690;5364
1;1741116888501;5365
1;1741116889311;5366
1;1741116897241;5367
1;1741116899559;5368
1;1741116916115;5369
1;1741116918819;5370
1;1741116925808;5371
1;1741116929845;5372
1;1741116934685;5373
1;1741116935748;5374
1;1741116947191;5375
1;1741116949802;5376
1;1741116954023;5377
1;1741116955988;5378
1;1741116971391;5379
1;1741116972402;5380
1;1741116982246;5381
1;1741116986439;5382
1;1741116987613;5383
1;1741116994084;5384
1;1741116994717;5385
1;1741116997371;5386
1;1741116998293;5387
1;1741117000398;5388
1;1741117013009;5389
1;1741117021483;5390
1;1741117027277;5391
1;1741117028532;5392
1;1741117033083;5393
1;1741117033351;5394
1;1741117038401;5395
1;1741117043567;5396
1;1741117051172;5397
1;1741117052369;5398
1;1741117061258;5399
1;1741117064914;5400
1;1741117080898;5401
1;1741117081833;5402
1;1741117088508;5403
1;1741117090863;5404
1;1741117102093;5405
1;1741117102224;5406
1;1741117102727;5407
1;1741117107535;5408
1;1741117115443;5409
1;1741117118796;5410
1;1741117119552;5411
1;1741117122753;5412
1;1741117136174;5413
1;1741117147725;5414
1;1741117148239;5415
1;1741117151069;5416
1;1741117156446;5417
1;1741117161041;5418
1;1741117161239;5419
1;1741117172358;5420
1;1741117174842;5421
1;1741117175780;5422
1;1741117176955;5423
1;1741117185721;5424
1;1741117185953;5425
1;1741117188173;5426
1;1741117199589;5427
1;1741117210585;5428
1;1741117211843;5429
1;1741117225937;5430
1;1741117232083;5431
1;1741117232385;5432
1;1741117234361;5433
1;1741117239013;5434
1;1741117244667;5435
1;1741117247676;5436
1;1741117261098;5437
1;1741117261643;5438
1;1741117268272;5439
1;1741117270986;5440
1;1741117273167;5441
1;1741117282641;5442
1;1741117286909;5443
1;1741117290347;5444
1;1741117292906;5445
1;1741117298525;5446
1;1741117306053;5447
1;1741117311237;5448
1;1741117312906;5449
1;1741117316123;5450
1;1741117333274;5451
1;1741117337789;5452
1;1741117337899;5453
1;1741117344054;5454
1;1741117346357;5455
1;1741117350182;5456
1;1741117353863;5457
1;1741117357074;5458
1;1741117359217;5459
1;1741117371179;5460
1;1741117371484;5461
1;1741117377237;5462
1;1741117380687;5463
1;1741117385616;5464
1;1741117401081;5465
1;1741117408412;5466
1;1741117409997;5467
1;1741117418004;5468
1;1741117424243;5469
1;1741117425120;5470
1;1741117426121;5471
1;1741117428246;5472
1;1741117432069;5473
1;1741117434317;5474
1;1741117443414;5475
1;1741117443616;5476
1;1741117447132;5477
1;1741117461959;5478
1;1741117473888;5479
1;1741117476055;5480
1;1741117477671;5481
1;1741117483468;5482
1;1741117494051;5483
1;1741117501249;5484
1;1741117501907;5485
1;1741117510600;5486
1;1741117512123;5487
1;1741117515980;5488
1;1741117517868;5489
1;1741117518712;5490
1;1741117519812;5491
1;1741117531191;5492
1;1741117533062;5493
1;1741117535494;5494
1;1741117541195;5495
1;1741117560526;5496
1;1741117562126;5497
1;1741117562451;5498
1;1741117566642;5499
1;1741117567486;5500
1;1741117570117;5501
1;1741117575665;5502
1;1741117580068;5503
1;1741117583670;5504
1;1741117590586;5505
1;1741117606959;5506
1;1741117612746;5507
1;1741117614625;5508
1;1741117622558;5509
1;1741117622786;5510
1;1741117622858;5511
1;1741117635564;5512
1;1741117641264;5513
1;1741117643753;5514
1;1741117643912;5515
1;1741117645320;5516
1;1741117652230;5517
1;1741117654000;5518
1;1741117659373;5519
1;1741117665833;5520
1;1741117668659;5521
1;1741117678725;5522
1;1741117684776;5523
1;1741117691608;5524
1;1741117697471;5525
1;1741117704172;5526
1;1741117705714;5527
1;1741117710337;5528
1;1741117713552;5529
1;1741117715026;5530
1;1741117719466;5531
1;1741117721966;5532
1;1741117727065;5533
1;1741117738517;5534
1;1741117755029;5535
1;1741117755785;5536
1;1741117756992;5537
1;1741117757002;5538
1;1741117759389;5539
1;1741117773092;5540
1;1741117773386;5541
1;1741117778756;5542
1;1741117787297;5543
1;1741117790373;5544
1;1741117798986;5545
1;1741117802492;5546
1;1741117805250;5547
1;1741117806959;5548
1;1741117811523;5549
1;1741117819678;5550
1;1741117825112;5551
1;1741117829448;5552
1;1741117839018;5553
1;1741117849863;5554
1;1741117852619;5555
1;1741117856086;5556
1;1741117856298;5557
1;1741117857841;5558
1;1741117865811;5559
1;1741117873757;5560
1;1741117881617;5561
1;1741117884323;5562
1;1741117895409;5563
1;1741117896630;5564
1;1741117900700;5565
1;1741117901657;5566
1;1741117912110;5567
1;1741117925753;5568
1;1741117927155;5569
1;1741117928450;5570
1;1741117933604;5571
1;1741117934376;5572
1;1741117936217;5573
1;1741117948652;5574
1;1741117951954;5575
1;1741117953743;5576
1;1741117955894;5577
1;1741117957756;5578
1;1741117960152;5579
1;1741117965853;5580
1;1741117978767;5581
1;1741117983685;5582
1;1741117985253;5583
1;1741117994847;5584
1;1741117996454;5585
1;1741118000751;5586
1;1741118007358;5587
1;1741118009210;5588
1;1741118013646;5589
1;1741118015532;5590
1;1741118034512;5591
1;1741118038708;5592
1;1741118039314;5593
1;1741118042100;5594
1;1741118044028;5595
1;1741118048198;5596
1;1741118052907;5597
1;1741118055985;5598
1;1741118058329;5599
1;1741118059035;5600
1;1741118085962;5601
1;1741118087826;5602
1;1741118090970;5603
1;1741118094049;5604
1;1741118094133;5605
1;1741118095160;5606
1;1741118096794;5607
1;1741118110901;5608
1;1741118114362;5609
1;1741118115780;5610
1;1741118127919;5611
1;1741118131254;5612
1;1741118140824;5613
1;1741118141458;5614
1;1741118144231;5615
1;1741118144704;5616
1;1741118147493;5617
1;1741118162114;5618
1;1741118164139;5619
1;1741118171186;5620
1;1741118180887;5621
1;1741118183614;5622
1;1741118189968;5623
1;1741118195895;5624
1;1741118197028;5625
1;1741118201664;5626
1;1741118205473;5627
1;1741118215334;5628
1;1741118216028;5629
1;1741118219617;5630
1;1741118232085;5631
1;1741118233556;5632
1;1741118237600;5633
1;1741118243330;5634
1;1741118245363;5635
1;1741118249537;5636
1;1741118255692;5637
1;1741118263490;5638
1;1741118268167;5639
1;1741118278840;5640
1;1741118279728;5641
1;1741118280049;5642
1;1741118282445;5643
1;1741118282667;5644
1;1741118295320;5645
1;1741118298566;5646
1;1741118300254;5647
1;1741118304007;5648
1;1741118311981;5649
1;1741118326649;5650
1;1741118328530;5651
1;1741118330985;5652
1;1741118338902;5653
1;1741118341417;5654
1;1741118342126;5655
1;1741118346304;5656
1;1741118350506;5657
1;1741118350813;5658
1;1741118361272;5659
1;1741118366944;5660
1;1741118370953;5661
1;1741118375548;5662
1;1741118385382;5663
1;1741118386056;5664
1;1741118394893;5665
1;1741118399358;5666
1;1741118400661;5667
1;1741118401674;5668
1;1741118408563;5669
1;1741118415568;5670
1;1741118427299;5671
1;1741118430889;5672
1;1741118431785;5673
1;1741118435518;5674
1;1741118448868;5675
1;1741118450545;5676
1;1741118451143;5677
1;1741118455174;5678
1;1741118461944;5679
1;1741118479416;5680
1;1741118480537;5681
1;1741118483871;5682
1;1741118485460;5683
1;1741118487874;5684
1;1741118487958;5685
1;1741118501130;5686
1;1741118502928;5687
1;1741118517321;5688
1;1741118524805;5689
1;1741118532624;5690
1;1741118539177;5691
1;1741118540514;5692
1;1741118547136;5693
1;1741118548114;5694
1;1741118549419;5695
1;1741118552730;5696
1;1741118559825;5697
1;1741118559999;5698
1;1741118563144;5699
1;1741118568061;5700
1;1741118581133;5701
1;1741118588334;5702
1;1741118589345;5703
1;1741118591355;5704
1;1741118603364;5705
1;1741118609947;5706
1;1741118610284;5707
1;1741118615285;5708
1;1741118616082;5709
1;1741118617286;5710
1;1741118624469;5711
1;1741118629386;5712
1;1741118639034;5713
1;1741118642854;5714
1;1741118643219;5715
1;1741118651227;5716
1;1741118654903;5717
1;1741118668041;5718
1;1741118671197;5719
1;1741118671843;5720
1;1741118686392;5721
1;1741118691290;5722
1;1741118695860;5723
1;1741118696744;5724
1;1741118697870;5725
1;1741118703356;5726
1;1741118714732;5727
1;1741118719645;5728
1;1741118721104;5729
1;1741118724394;5730
1;1741118727381;5731
1;1741118731728;5732
1;1741118746971;5733
1;1741118750841;5734
1;1741118750886;5735
1;1741118753845;5736
1;1741118759515;5737
1;1741118762327;5738
1;1741118771848;5739
1;1741118773585;5740
1;1741118784499;5741
1;1741118785708;5742
1;1741118789422;5743
1;1741118791733;5744
1;1741118797969;5745
1;1741118802402;5746
1;1741118807592;5747
1;1741118810656;5748
1;1741118813951;5749
1;1741118818239;5750
1;1741118836143;5751
1;1741118839637;5752
1;1741118841968;5753
1;1741118845546;5754
1;1741118846114;5755
1;1741118847882;5756
1;1741118853250;5757
1;1741118856560;5758
1;1741118862627;5759
1;1741118871733;5760
1;1741118877764;5761
1;1741118880976;5762
1;1741118889252;5763
1;1741118891447;5764
1;1741118900328;5765
1;1741118901799;5766
1;1741118913358;5767
1;1741118918367;5768
1;1741118921175;5769
1;1741118924256;5770
1;1741118932323;5771
1;1741118936282;5772
1;1741118937066;5773
1;1741118938131;5774
1;1741118942822;5775
1;1741118952382;5776
1;1741118953132;5777
1;1741118961063;5778
1;1741118973685;5779
1;1741118975900;5780
1;1741118978898;5781
1;1741118980219;5782
1;1741118991072;5783
1;1741118992039;5784
1;1741118997202;5785
1;1741118999023;5786
1;1741119000878;5787
1;1741119003866;5788
1;1741119008896;5789
1;1741119016104;5790
1;1741119025354;5791
1;1741119028506;5792
1;1741119031988;5793
1;1741119036689;5794
1;1741119037822;5795
1;1741119047618;5796
1;1741119053869;5797
1;1741119059480;5798
1;1741119061020;5799
1;1741119066055;5800
1;1741119069241;5801
1;1741119084457;5802
1;1741119088057;5803
1;1741119088681;5804
1;1741119100661;5805
1;1741119102251;5806
1;1741119110408;5807
1;1741119115443;5808
1;1741119119727;5809
1;1741119119776;5810
1;1741119123097;5811
1;1741119124709;5812
1;1741119142463;5813
1;1741119144313;5814
1;1741119148950;5815
1;1741119153025;5816
1;1741119165726;5817
1;1741119166940;5818
1;1741119167052;5819
1;1741119177312;5820
1;1741119179278;5821
1;1741119183458;5822
1;1741119190576;5823
1;1741119190784;5824
1;1741119197328;5825
1;1741119202699;5826
1;1741119206186;5827
1;1741119212141;5828
1;1741119213137;5829
1;1741119213676;5830
1;1741119216025;5831
1;1741119226933;5832
1;1741119228866;5833
1;1741119232295;5834
1;1741119247463;5835
1;1741119253769;5836
1;1741119257141;5837
1;1741119261494;5838
1;1741119267002;5839
1;1741119278119;5840
1;1741119281053;5841
1;1741119283281;5842
1;1741119283424;5843
1;1741119285666;5844
1;1741119294490;5845
1;1741119297915;5846
1;1741119305246;5847
1;1741119315069;5848
1;1741119315315;5849
1;1741119319863;5850
1;1741119320749;5851
1;1741119330134;5852
1;1741119332610;5853
1;1741119340985;5854
1;1741119341593;5855
1;1741119346481;5856
1;1741119362782;5857
1;1741119365619;5858
1;1741119370610;5859
1;1741119372167;5860
1;1741119377323;5861
1;1741119385886;5862
1;1741119388066;5863
1;1741119399100;5864
1;1741119400276;5865
1;1741119402233;5866
1;1741119403664;5867
1;1741119410656;5868
1;1741119413453;5869
1;1741119424260;5870
1;1741119429492;5871
1;1741119433043;5872
1;1741119437795;5873
1;1741119442765;5874
1;1741119444944;5875
1;1741119455089;5876
1;1741119457950;5877
1;1741119463498;5878
1;1741119469120;5879
1;1741119476305;5880
1;1741119477028;5881
1;1741119478330;5882
1;1741119486586;5883
1;1741119492567;5884
1;1741119499875;5885
1;1741119511557;5886
1;1741119511972;5887
1;1741119516786;5888
1;1741119520501;5889
1;1741119525739;5890
1;1741119527548;5891
1;1741119529221;5892
1;1741119537416;5893
1;1741119542762;5894
1;1741119557007;5895
1;1741119561187;5896
1;1741119562876;5897
1;1741119564403;5898
1;1741119565786;5899
1;1741119569079;5900
1;1741119572538;5901
1;1741119582608;5902
1;1741119584237;5903
1;1741119587525;5904
1;1741119604647;5905
1;1741119607348;5906
1;1741119609210;5907
1;1741119610562;5908
1;1741119611303;5909
1;1741119615475;5910
1;1741119631380;5911
1;1741119641094;5912
1;1741119641701;5913
1;1741119643924;5914
1;1741119644655;5915
1;1741119664513;5916
1;1741119668204;5917
1;1741119671249;5918
1;1741119672002;5919
1;1741119678225;5920
1;1741119679439;5921
1;1741119686568;5922
1;1741119687070;5923
1;1741119690891;5924
1;1741119692604;5925
1;1741119695403;5926
1;1741119703433;5927
1;1741119705063;5928
1;1741119707853;5929
1;1741119713436;5930
1;1741119730520;5931
1;1741119733035;5932
1;1741119733513;5933
1;1741119748929;5934
1;1741119750980;5935
1;1741119755170;5936
1;1741119756890;5937
1;1741119759182;5938
1;1741119768020;5939
1;1741119768505;5940
1;1741119775176;5941
1;1741119777422;5942
1;1741119784031;5943
1;1741119792424;5944
1;1741119795656;5945
1;1741119800738;5946
1;1741119804935;5947
1;1741119810705;5948
1;1741119811577;5949
1;1741119814633;5950
1;1741119819643;5951
1;1741119834233;5952
1;1741119837321;5953
1;1741119840595;5954
1;1741119841168;5955
1;1741119848102;5956
1;1741119853854;5957
1;1741119855851;5958
1;1741119868881;5959
1;1741119881586;5960
1;1741119882684;5961
1;1741119882853;5962
1;1741119887146;5963
1;1741119887767;5964
1;1741119888643;5965
1;1741119902799;5966
1;1741119912634;5967
1;1741119914222;5968
1;1741119917566;5969
1;1741119923892;5970
1;1741119924779;5971
1;1741119924913;5972
1;1741119941136;5973
1;1741119944084;5974
1;1741119948694;5975
1;1741119955568;5976
1;1741119962215;5977
1;1741119962689;5978
1;1741119965890;5979
1;1741119966674;5980
1;1741119967760;5981
1;1741119973800;5982
1;1741119989913;5983
1;1741119993581;5984
1;1741120003029;5985
1;1741120005120;5986
1;1741120006521;5987
1;1741120008013;5988
1;1741120008124;5989
1;1741120015783;5990
1;1741120027945;5991
1;1741120030715;5992
1;1741120033912;5993
1;1741120034682;5994
1;1741120039760;5995
1;1741120045803;5996
1;1741120062627;5997
1;1741120069327;5998
1;1741120074761;5999
1;1741120076447;6000
1;1741120076914;6001
1;1741120081340;6002
1;1741120086727;6003
1;1741120088615;6004
1;1741120101836;6005
1;1741120105699;6006
1;1741120107872;6007
1;1741120114266;6008
1;1741120118739;6009
1;1741120126140;6010
1;1741120126156;6011
1;1741120128209;6012
1;1741120128841;6013
1;1741120134890;6014
1;1741120150501;6015
1;1741120151826;6016
1;1741120155042;6017
1;1741120170552;6018
1;1741120170678;6019
1;1741120173409;6020
1;1741120178588;6021
1;1741120179550;6022
1;1741120181758;6023
1;1741120186118;6024
1;1741120193113;6025
1;1741120197110;6026
1;1741120200170;6027
1;1741120204165;6028
1;1741120208347;6029
1;1741120213786;6030
1;1741120217969;6031
1;1741120232978;6032
1;1741120237693;6033
1;1741120242269;6034
1;1741120246639;6035
1;1741120249638;6036
1;1741120250656;6037
1;1741120254425;6038
1;1741120257639;6039
1;1741120258506;6040
1;1741120267751;6041
1;1741120286524;6042
1;1741120293338;6043
1;1741120296145;6044
1;1741120301038;6045
1;1741120304635;6046
1;1741120307560;6047
1;1741120309004;6048
1;1741120311100;6049
1;1741120315993;6050
1;1741120325909;6051
1;1741120332353;6052
1;1741120333892;6053
1;1741120339524;6054
1;1741120349203;6055
1;1741120351800;6056
1;1741120357663;6057
1;1741120363500;6058
1;1741120365859;6059
1;1741120368686;6060
1;1741120374209;6061
1;1741120377672;6062
1;1741120389993;6063
1;1741120390006;6064
1;1741120397497;6065
1;1741120397578;6066
1;1741120404425;6067
1;1741120415893;6068
1;1741120427697;6069
1;1741120429142;6070
1;1741120430006;6071
1;1741120433115;6072
1;1741120434054;6073
1;1741120434613;6074
1;1741120444591;6075
1;1741120446773;6076
1;1741120455604;6077
1;1741120463743;6078
1;1741120467573;6079
1;1741120472919;6080
1;1741120473176;6081
1;1741120477987;6082
1;1741120489509;6083
1;1741120492994;6084
1;1741120497517;6085
1;1741120499572;6086
1;1741120510456;6087
1;1741120519793;6088
1;1741120522883;6089
1;1741120524502;6090
1;1741120529500;6091
1;1741120534749;6092
1;1741120542176;6093
1;1741120545405;6094
1;1741120545496;6095
1;1741120550996;6096
1;1741120552144;6097
1;1741120558033;6098
1;1741120564335;6099
1;1741120569946;6100
1;1741120576566;6101
1;1741120577091;6102
1;1741120580619;6103
1;1741120592265;6104
1;1741120596131;6105
1;1741120598101;6106
1;1741120605550;6107
1;1741120611163;6108
1;1741120611400;6109
1;1741120629902;6110
1;1741120633641;6111
1;1741120635759;6112
1;1741120636041;6113
1;1741120636369;6114
1;1741120642879;6115
1;1741120659656;6116
1;1741120662142;6117
1;1741120663355;6118
1;1741120668902;6119
1;1741120671068;6120
1;1741120671428;6121
1;1741120676344;6122
1;1741120681368;6123
1;1741120697290;6124
1;1741120697521;6125
1;1741120700498;6126
1;1741120703574;6127
1;1741120704841;6128
1;1741120711145;6129
1;1741120715795;6130
1;1741120725047;6131
1;1741120733078;6132
1;1741120737061;6133
1;1741120741076;6134
1;1741120746786;6135
1;1741120749934;6136
1;1741120754099;6137
1;1741120759793;6138
1;1741120763960;6139
1;1741120775908;6140
1;1741120778579;6141
1;1741120785232;6142
1;1741120788685;6143
1;1741120789315;6144
1;1741120789591;6145
1;1741120811954;6146
1;1741120813371;6147
1;1741120813904;6148
1;1741120814161;6149
1;1741120822064;6150
1;1741120825148;6151
1;1741120825658;6152
1;1741120830434;6153
1;1741120833106;6154
1;1741120843177;6155
1;1741120849736;6156
1;1741120856005;6157
1;1741120867203;6158
1;1741120869049;6159
1;1741120871657;6160
1;1741120874143;6161
1;1741120874780;6162
1;1741120885169;6163
1;1741120890377;6164
1;1741120892609;6165
1;1741120894044;6166
1;1741120902913;6167
1;1741120903096;6168
1;1741120919993;6169
1;1741120922612;6170
1;1741120925824;6171
1;1741120929720;6172
1;1741120931369;6173
1;1741120932609;6174
1;1741120938509;6175
1;1741120945267;6176
1;1741120945770;6177
1;1741120952761;6178
1;1741120974172;6179
1;1741120976551;6180
1;1741120978158;6181
1;1741120978495;6182
1;1741120987383;6183
1;1741120989141;6184
1;1741120996861;6185
1;1741121009407;6186
1;1741121010971;6187
1;1741121014518;6188
1;1741121016155;6189
1;1741121018071;6190
1;1741121020134;6191
1;1741121033933;6192
1;1741121047538;6193
1;1741121048131;6194
1;1741121051680;6195
1;1741121058723;6196
1;1741121061157;6197
1;1741121064497;6198
1;1741121066369;6199
1;1741121072405;6200
1;1741121073521;6201
1;1741121080811;6202
1;1741121085310;6203
1;1741121095205;6204
1;1741121101723;6205
1;1741121104295;6206
1;1741121104546;6207
1;1741121109891;6208
1;1741121113920;6209
1;1741121128114;6210
1;1741121129110;6211
1;1741121140351;6212
1;1741121141305;6213
1;1741121148061;6214
1;1741121148576;6215
1;1741121151546;6216
1;1741121154696;6217
1;1741121161293;6218
1;1741121162791;6219
1;1741121166204;6220
1;1741121170121;6221
1;1741121178610;6222
1;1741121182047;6223
1;1741121200475;6224
1;1741121202845;6225
1;1741121205390;6226
1;1741121207755;6227
1;1741121208707;6228
1;1741121215117;6229
1;1741121219000;6230
1;1741121230850;6231
1;1741121231357;6232
1;1741121232911;6233
1;1741121238758;6234
1;1741121247737;6235
1;1741121251636;6236
1;1741121256219;6237
1;1741121260555;6238
1;1741121260866;6239
1;1741121261409;6240
1;1741121264063;6241
1;1741121270705;6242
1;1741121275457;6243
1;1741121292897;6244
1;1741121293012;6245
1;1741121300511;6246
1;1741121304004;6247
1;1741121306768;6248
1;1741121310824;6249
1;1741121311118;6250
1;1741121317021;6251
1;1741121323681;6252
1;1741121339985;6253
1;1741121344428;6254
1;1741121347095;6255
1;1741121348406;6256
1;1741121350360;6257
1;1741121361006;6258
1;1741121364852;6259
1;1741121370200;6260
1;1741121381723;6261
1;1741121382950;6262
1;1741121383831;6263
1;1741121396265;6264
1;1741121399297;6265
1;1741121401957;6266
1;1741121401979;6267
1;1741121402810;6268
1;1741121412992;6269
1;1741121418165;6270
1;1741121425018;6271
1;1741121429629;6272
1;1741121434669;6273
1;1741121439921;6274
1;1741121442042;6275
1;1741121452088;6276
1;1741121455435;6277
1;1741121462740;6278
1;1741121463406;6279
1;1741121465532;6280
1;1741121481241;6281
1;1741121483749;6282
1;1741121484280;6283
1;1741121486744;6284
1;1741121493413;6285
1;1741121493593;6286
1;1741121503102;6287
1;1741121505077;6288
1;1741121505472;6289
1;1741121514990;6290
1;1741121525814;6291
1;1741121534984;6292
1;1741121540816;6293
1;1741121542412;6294
1;1741121543470;6295
1;1741121546289;6296
1;1741121548573;6297
1;1741121554404;6298
1;1741121567184;6299
1;1741121569342;6300
1;1741121572209;6301
1;1741121577308;6302
1;1741121587651;6303
1;1741121588481;6304
1;1741121590705;6305
1;1741121593490;6306
1;1741121595370;6307
1;1741121608084;6308
1;1741121608967;6309
1;1741121621086;6310
1;1741121623229;6311
1;1741121630036;6312
1;1741121633971;6313
1;1741121636693;6314
1;1741121644425;6315
1;1741121648250;6316
1;1741121652388;6317
1;1741121662242;6318
1;1741121666569;6319
1;1741121670519;6320
1;1741121675557;6321
1;1741121687715;6322
1;1741121691906;6323
1;1741121693546;6324
1;1741121697821;6325
1;1741121704442;6326
1;1741121709678;6327
1;1741121714154;6328
1;1741121717132;6329
1;1741121718361;6330
1;1741121721219;6331
1;1741121730488;6332
1;1741121732175;6333
1;1741121737844;6334
1;1741121738815;6335
1;1741121740182;6336
1;1741121754178;6337
1;1741121764416;6338
1;1741121764428;6339
1;1741121775700;6340
1;1741121777039;6341
1;1741121788243;6342
1;1741121790027;6343
1;1741121791557;6344
1;1741121802645;6345
1;1741121804167;6346
1;1741121804332;6347
1;1741121804934;6348
1;1741121812662;6349
1;1741121816182;6350
1;1741121823045;6351
1;1741121831932;6352
1;1741121838025;6353
1;1741121852394;6354
1;1741121855943;6355
1;1741121858645;6356
1;1741121860028;6357
1;1741121861507;6358
1;1741121868965;6359
1;1741121870629;6360
1;1741121871670;6361
1;1741121873629;6362
1;1741121883876;6363
1;1741121884947;6364
1;1741121894004;6365
1;1741121896926;6366
1;1741121897929;6367
1;1741121910710;6368
1;1741121915963;6369
1;1741121917670;6370
1;1741121924045;6371
1;1741121925684;6372
1;1741121935710;6373
1;1741121946749;6374
1;1741121947982;6375
1;1741121954504;6376
1;1741121958579;6377
1;1741121966573;6378
1;1741121969762;6379
1;1741121978707;6380
1;1741121981741;6381
1;1741121982623;6382
1;1741121983516;6383
1;1741121985897;6384
1;1741121988613;6385
1;1741122001612;6386
1;1741122010740;6387
1;1741122011701;6388
1;1741122013974;6389
1;1741122026844;6390
1;1741122028995;6391
1;1741122036185;6392
1;1741122038093;6393
1;1741122039110;6394
1;1741122043067;6395
1;1741122045008;6396
1;1741122049627;6397
1;1741122064354;6398
1;1741122074563;6399
1;1741122074916;6400
1;1741122081989;6401
1;1741122084336;6402
1;1741122087823;6403
1;1741122087932;6404
1;1741122095655;6405
1;1741122098837;6406
1;1741122104944;6407
1;1741122106195;6408
1;1741122114850;6409
1;1741122119950;6410
1;1741122121768;6411
1;1741122127308;6412
1;1741122133510;6413
1;1741122138072;6414
1;1741122142463;6415
1;1741122148065;6416
1;1741122156721;6417
1;1741122158031;6418
1;1741122162239;6419
1;1741122163477;6420
1;1741122183617;6421
1;1741122188534;6422
1;1741122189788;6423
1;1741122190615;6424
1;1741122195762;6425
1;1741122200395;6426
1;1741122208667;6427
1;1741122214725;6428
1;1741122221064;6429
1;1741122222640;6430
1;1741122237220;6431
1;1741122237565;6432
1;1741122241739;6433
1;1741122242329;6434
1;1741122242626;6435
1;1741122262326;6436
1;1741122265474;6437
1;1741122266059;6438
1;1741122267348;6439
1;1741122272963;6440
1;1741122274395;6441
1;1741122282777;6442
1;1741122283901;6443
1;1741122285170;6444
1;1741122303409;6445
1;1741122307356;6446
1;1741122310912;6447
1;1741122314524;6448
1;1741122315718;6449
1;1741122316548;6450
1;1741122317279;6451
1;1741122328431;6452
1;1741122331742;6453
1;1741122337867;6454
1;1741122338571;6455
1;1741122353051;6456
1;1741122357127;6457
1;1741122362144;6458
1;1741122362512;6459
1;1741122370192;6460
1;1741122380877;6461
1;1741122382298;6462
1;1741122384187;6463
1;1741122384284;6464
1;1741122394751;6465
1;1741122407911;6466
1;1741122414709;6467
1;1741122420573;6468
1;1741122423615;6469
1;1741122424779;6470
1;1741122424925;6471
1;1741122425334;6472
1;1741122432854;6473
1;1741122441227;6474
1;1741122443370;6475
1;1741122457060;6476
1;1741122457875;6477
1;1741122458477;6478
1;1741122458747;6479
1;1741122478379;6480
1;1741122478805;6481
1;1741122484421;6482
1;1741122489218;6483
1;1741122489482;6484
1;1741122502684;6485
1;1741122504497;6486
1;1741122510320;6487
1;1741122511981;6488
1;1741122520452;6489
1;1741122534761;6490
1;1741122535296;6491
1;1741122538738;6492
1;1741122539577;6493
1;1741122545009;6494
1;1741122545289;6495
1;1741122547600;6496
1;1741122559293;6497
1;1741122561303;6498
1;1741122561763;6499
1;1741122573995;6500
1;1741122584243;6501
1;1741122585820;6502
1;1741122588913;6503
1;1741122589771;6504
1;1741122590329;6505
1;1741122594634;6506
1;1741122597884;6507
1;1741122611043;6508
1;1741122619944;6509
1;1741122622321;6510
1;1741122622432;6511
1;1741122630860;6512
1;1741122630886;6513
1;1741122631481;6514
1;1741122643478;6515
1;1741122645931;6516
1;1741122646666;6517
1;1741122657152;6518
1;1741122677340;6519
1;1741122680359;6520
1;1741122680696;6521
1;1741122684891;6522
1;1741122685940;6523
1;1741122692470;6524
1;1741122693840;6525
1;1741122704749;6526
1;1741122708601;6527
1;1741122711896;6528
1;1741122713185;6529
1;1741122715011;6530
1;1741122725182;6531
1;1741122727600;6532
1;1741122736791;6533
1;1741122740479;6534
1;1741122746733;6535
1;1741122751141;6536
1;1741122758421;6537
1;1741122766697;6538
1;1741122767525;6539
1;1741122770926;6540
1;1741122772840;6541
1;1741122777477;6542
1;1741122778277;6543
1;1741122787627;6544
1;1741122790829;6545
1;1741122799925;6546
1;1741122808977;6547
1;1741122819323;6548
1;1741122820516;6549
1;1741122824322;6550
1;1741122827205;6551
1;1741122830594;6552
1;1741122838021;6553
1;1741122841190;6554
1;1741122846636;6555
1;1741122850956;6556
1;1741122855901;6557
1;1741122856666;6558
1;1741122858034;6559
1;1741122865913;6560
1;1741122874674;6561
1;1741122885907;6562
1;1741122886383;6563
1;1741122887463;6564
1;1741122887889;6565
1;1741122905856;6566
1;1741122906832;6567
1;1741122907767;6568
1;1741122910842;6569
1;1741122915481;6570
1;1741122918943;6571
1;1741122919427;6572
1;1741122929891;6573
1;1741122931831;6574
1;1741122941090;6575
1;1741122961349;6576
1;1741122962597;6577
1;1741122962656;6578
1;1741122971156;6579
1;1741122973182;6580
1;1741122983629;6581
1;1741122992846;6582
1;1741122992995;6583
1;1741122997436;6584
1;1741123002065;6585
1;1741123009793;6586
1;1741123012064;6587
1;1741123017360;6588
1;1741123017963;6589
1;1741123028884;6590
1;1741123033868;6591
1;1741123035381;6592
1;1741123036609;6593
1;1741123037126;6594
1;1741123043062;6595
1;1741123052600;6596
1;1741123065022;6597
1;1741123068379;6598
1;1741123070226;6599
1;1741123076454;6600
1;1741123080773;6601
1;1741123084631;6602
1;1741123094869;6603
1;1741123094925;6604
1;1741123096087;6605
1;1741123098208;6606
1;1741123108924;6607
1;1741123115554;6608
1;1741123121040;6609
1;1741123123840;6610
1;1741123127228;6611
1;1741123133679;6612
1;1741123141952;6613
1;1741123143017;6614
1;1741123149252;6615
1;1741123153225;6616
1;1741123160382;6617
1;1741123161469;6618
1;1741123162101;6619
1;1741123164709;6620
1;1741123177574;6621
1;1741123184115;6622
1;1741123185140;6623
1;1741123187139;6624
1;1741123188813;6625
1;1741123197281;6626
1;1741123203978;6627
1;1741123217063;6628
1;1741123219108;6629
1;1741123227262;6630
1;1741123229549;6631
1;1741123234031;6632
1;1741123237250;6633
1;1741123237680;6634
1;1741123239013;6635
1;1741123242007;6636
1;1741123246118;6637
1;1741123252110;6638
1;1741123256924;6639
1;1741123261550;6640
1;1741123264149;6641
1;1741123281248;6642
1;1741123288343;6643
1;1741123291578;6644
1;1741123300160;6645
1;1741123303252;6646
1;1741123306039;6647
1;1741123306456;6648
1;1741123318955;6649
1;1741123319231;6650
1;1741123324913;6651
1;1741123325023;6652
1;1741123332504;6653
1;1741123332636;6654
1;1741123337506;6655
1;1741123349718;6656
1;1741123357637;6657
1;1741123361445;6658
1;1741123361578;6659
1;1741123362884;6660
1;1741123376258;6661
1;1741123377890;6662
1;1741123382433;6663
1;1741123386862;6664
1;1741123394350;6665
1;1741123395622;6666
1;1741123395956;6667
1;1741123416662;6668
1;1741123422088;6669
1;1741123430135;6670
1;1741123431610;6671
1;1741123435967;6672
1;1741123437420;6673
1;1741123441121;6674
1;1741123446068;6675
1;1741123455856;6676
1;1741123461950;6677
1;1741123465417;6678
1;1741123466927;6679
1;1741123467138;6680
1;1741123477544;6681
1;1741123477828;6682
1;1741123479898;6683
1;1741123491909;6684
1;1741123494086;6685
1;1741123499124;6686
1;1741123502122;6687
1;1741123512161;6688
1;1741123515381;6689
1;1741123515706;6690
1;1741123518451;6691
1;1741123521154;6692
1;1741123534300;6693
1;1741123548185;6694
1;1741123550669;6695
1;1741123553345;6696
1;1741123557972;6697
1;1741123560846;6698
1;1741123569669;6699
1;1741123570073;6700
1;1741123573145;6701
1;1741123579177;6702
1;1741123585250;6703
1;1741123586202;6704
1;1741123587357;6705
1;1741123593925;6706
1;1741123604509;6707
1;1741123607574;6708
1;1741123614655;6709
1;1741123624585;6710
1;1741123631923;6711
1;1741123635328;6712
1;1741123641800;6713
1;1741123642934;6714
1;1741123643806;6715
1;1741123644191;6716
1;1741123645112;6717
1;1741123661605;6718
1;1741123663385;6719
1;1741123674540;6720
1;1741123676798;6721
1;1741123677132;6722
1;1741123677995;6723
1;1741123681368;6724
1;1741123691781;6725
1;1741123701873;6726
1;1741123707286;6727
1;1741123709525;6728
1;1741123714957;6729
1;1741123723362;6730
1;1741123728859;6731
1;1741123731197;6732
1;1741123739185;6733
1;1741123742455;6734
1;1741123750908;6735
1;1741123752557;6736
1;1741123763043;6737
1;1741123766567;6738
1;1741123770541;6739
1;1741123772349;6740
1;1741123772806;6741
1;1741123777593;6742
1;1741123780825;6743
1;1741123785679;6744
1;1741123785776;6745
1;1741123801856;6746
1;1741123806217;6747
1;1741123812820;6748
1;1741123816764;6749
1;1741123820522;6750
1;1741123824578;6751
1;1741123828504;6752
1;1741123835643;6753
1;1741123842721;6754
1;1741123843004;6755
1;1741123851441;6756
1;1741123854497;6757
1;1741123859243;6758
1;1741123863349;6759
1;1741123874956;6760
1;1741123884751;6761
1;1741123887926;6762
1;1741123889234;6763
1;1741123889842;6764
1;1741123898313;6765
1;1741123900855;6766
1;1741123910190;6767
1;1741123911586;6768
1;1741123913837;6769
1;1741123917600;6770
1;1741123921417;6771
1;1741123930492;6772
1;1741123937741;6773
1;1741123942115;6774
1;1741123948579;6775
1;1741123951233;6776
1;1741123952293;6777
1;1741123953353;6778
1;1741123960989;6779
1;1741123962047;6780
1;1741123965529;6781
1;1741123965896;6782
1;1741123972765;6783
1;1741123978814;6784
1;1741123990121;6785
1;1741123994726;6786
1;1741123995373;6787
1;1741123995526;6788
1;1741124002792;6789
1;1741124006676;6790
1;1741124019022;6791
1;1741124035811;6792
1;1741124038019;6793
1;1741124041572;6794
1;1741124045622;6795
1;1741124052322;6796
1;1741124055657;6797
1;1741124056193;6798
1;1741124058322;6799
1;1741124064969;6800
1;1741124066626;6801
1;1741124073576;6802
1;1741124077777;6803
1;1741124095368;6804
1;1741124097241;6805
1;1741124101683;6806
1;1741124108124;6807
1;1741124108477;6808
1;1741124111855;6809
1;1741124114033;6810
1;1741124123076;6811
1;1741124130174;6812
1;1741124137517;6813
1;1741124145901;6814
1;1741124154881;6815
1;1741124154987;6816
1;1741124155833;6817
1;1741124166032;6818
1;1741124168663;6819
1;1741124173044;6820
1;1741124183251;6821
1;1741124191537;6822
1;1741124198810;6823
1;1741124199014;6824
1;1741124200387;6825
1;1741124204088;6826
1;1741124205839;6827
1;1741124208767;6828
1;1741124210709;6829
1;1741124217667;6830
1;1741124225312;6831
1;1741124225734;6832
1;1741124229368;6833
1;1741124233250;6834
1;1741124241954;6835
1;1741124248290;6836
1;1741124261947;6837
1;1741124266985;6838
1;1741124267166;6839
1;1741124271194;6840
1;1741124273166;6841
1;1741124275170;6842
1;1741124282742;6843
1;1741124293102;6844
1;1741124297663;6845
1;1741124297981;6846
1;1741124308872;6847
1;1741124311803;6848
1;1741124315766;6849
1;1741124319372;6850
1;1741124323437;6851
1;1741124330107;6852
1;1741124336289;6853
1;1741124342826;6854
1;1741124348009;6855
1;1741124350906;6856
1;1741124351556;6857
1;1741124355563;6858
1;1741124361647;6859
1;1741124366306;6860
1;1741124368097;6861
1;1741124383086;6862
1;1741124385161;6863
1;1741124400697;6864
1;1741124401582;6865
1;1741124403237;6866
1;1741124406553;6867
1;1741124407849;6868
1;1741124410495;6869
1;1741124420762;6870
1;1741124423910;6871
1;1741124425243;6872
1;1741124431955;6873
1;1741124432513;6874
1;1741124440675;6875
1;1741124450117;6876
1;1741124451569;6877
1;1741124457090;6878
1;1741124472322;6879
1;1741124478555;6880
1;1741124482591;6881
1;1741124483920;6882
1;1741124484244;6883
1;1741124485436;6884
1;1741124497661;6885
1;1741124498630;6886
1;1741124501769;6887
1;1741124502136;6888
1;1741124513254;6889
1;1741124517161;6890
1;1741124521324;6891
1;1741124530203;6892
1;1741124534657;6893
1;1741124537451;6894
1;1741124538899;6895
1;1741124551509;6896
1;1741124557878;6897
1;1741124559438;6898
1;1741124564044;6899
1;1741124570706;6900
1;1741124574811;6901
1;1741124580242;6902
1;1741124587038;6903
1;1741124588132;6904
1;1741124592152;6905
1;1741124593285;6906
1;1741124595992;6907
1;1741124601707;6908
1;1741124613535;6909
1;1741124617786;6910
1;1741124622172;6911
1;1741124627477;6912
1;1741124636366;6913
1;1741124637123;6914
1;1741124641324;6915
1;1741124646699;6916
1;1741124652968;6917
1;1741124656305;6918
1;1741124661812;6919
1;1741124667420;6920
1;1741124669602;6921
1;1741124678318;6922
1;1741124678707;6923
1;1741124681179;6924
1;1741124690660;6925
1;1741124695829;6926
1;1741124702729;6927
1;1741124709344;6928
1;1741124711726;6929
1;1741124728804;6930
1;1741124729916;6931
1;1741124733029;6932
1;1741124736548;6933
1;1741124739757;6934
1;1741124754408;6935
1;1741124754422;6936
1;1741124758190;6937
1;1741124768676;6938
1;1741124774823;6939
1;1741124775386;6940
1;1741124780018;6941
1;1741124780355;6942
1;1741124782756;6943
1;1741124790345;6944
1;1741124798379;6945
1;1741124798492;6946
1;1741124799053;6947
1;1741124806937;6948
1;1741124813877;6949
1;1741124816548;6950
1;1741124821760;6951
1;1741124827476;6952
1;1741124832279;6953
1;1741124847166;6954
1;1741124853652;6955
1;1741124854988;6956
1;1741124858265;6957
1;1741124859431;6958
1;1741124861148;6959
1;1741124862216;6960
1;1741124877477;6961
1;1741124889122;6962
1;1741124890709;6963
1;1741124891701;6964
1;1741124892269;6965
1;1741124901876;6966
1;1741124909368;6967
1;1741124923096;6968
1;1741124926095;6969
1;1741124930360;6970
1;1741124934749;6971
1;1741124934832;6972
1;1741124937451;6973
1;1741124950055;6974
1;1741124950915;6975
1;1741124950925;6976
1;1741124951242;6977
1;1741124951586;6978
1;1741124962999;6979
1;1741124965419;6980
1;1741124969208;6981
1;1741124978370;6982
1;1741124982224;6983
1;1741124995226;6984
1;1741124999396;6985
1;1741124999841;6986
1;1741125007637;6987
1;1741125014620;6988
1;1741125014966;6989
1;1741125016646;6990
1;1741125030214;6991
1;1741125030338;6992
1;1741125033057;6993
1;1741125035936;6994
1;1741125043725;6995
1;1741125050249;6996
1;1741125052846;6997
1;1741125053531;6998
1;1741125069715;6999
1;1741125082849;7000
1;1741125083738;7001
1;1741125084160;7002
1;1741125089238;7003
1;1741125092755;7004
1;1741125094864;7005
1;1741125108156;7006
1;1741125111781;7007
1;1741125115589;7008
1;1741125116103;7009
1;1741125117014;7010
1;1741125120478;7011
1;1741125132041;7012
1;1741125142233;7013
1;1741125143313;7014
1;1741125144563;7015
1;1741125150562;7016
1;1741125158490;7017
1;1741125164297;7018
1;1741125170012;7019
1;1741125179296;7020
1;1741125179611;7021
1;1741125181544;7022
1;1741125182602;7023
1;1741125189301;7024
1;1741125190593;7025
1;1741125195103;7026
1;1741125202113;7027
1;1741125204208;7028
1;1741125207317;7029
1;1741125216666;7030
1;1741125230111;7031
1;1741125231936;7032
1;1741125232944;7033
1;1741125238220;7034
1;1741125249996;7035
1;1741125251276;7036
1;1741125251843;7037
1;1741125257078;7038
1;1741125258007;7039
1;1741125263012;7040
1;1741125268278;7041
1;1741125269014;7042
1;1741125276667;7043
1;1741125296764;7044
1;1741125296913;7045
1;1741125303404;7046
1;1741125305626;7047
1;1741125306981;7048
1;1741125312423;7049
1;1741125313516;7050
1;1741125329802;7051
1;1741125335027;7052
1;1741125335600;7053
1;1741125339066;7054
1;1741125342950;7055
1;1741125344668;7056
1;1741125356208;7057
1;1741125358039;7058
1;1741125360616;7059
1;1741125369580;7060
1;1741125377100;7061
1;1741125378180;7062
1;1741125382915;7063
1;1741125383944;7064
1;1741125394686;7065
1;1741125400998;7066
1;1741125407490;7067
1;1741125416542;7068
1;1741125423279;7069
1;1741125427197;7070
1;1741125429798;7071
1;1741125429827;7072
1;1741125445230;7073
1;1741125446230;7074
1;1741125451052;7075
1;1741125453190;7076
1;1741125456030;7077
1;1741125459342;7078
1;1741125465740;7079
1;1741125467634;7080
1;1741125469646;7081
1;1741125486180;7082
1;1741125488021;7083
1;1741125491349;7084
1;1741125494921;7085
1;1741125498093;7086
1;1741125504513;7087
1;1741125517454;7088
1;1741125524085;7089
1;1741125524531;7090
1;1741125527447;7091
1;1741125531670;7092
1;1741125537999;7093
1;1741125544646;7094
1;1741125548521;7095
1;1741125553784;7096
1;1741125557619;7097
1;1741125558917;7098
1;1741125561191;7099
1;1741125570535;7100
1;1741125571489;7101
1;1741125573242;7102
1;1741125583757;7103
1;1741125591090;7104
1;1741125597424;7105
1;1741125603306;7106
1;1741125603719;7107
1;1741125605648;7108
1;1741125620484;7109
1;1741125625402;7110
1;1741125627487;7111
1;1741125630143;7112
1;1741125634314;7113
1;1741125637038;7114
1;1741125642092;7115
1;1741125645026;7116
1;1741125649061;7117
1;1741125655716;7118
1;1741125661284;7119
1;1741125668712;7120
1;1741125673121;7121
1;1741125676698;7122
1;1741125689695;7123
1;1741125695005;7124
1;1741125695723;7125
1;1741125698712;7126
1;1741125698969;7127
1;1741125707131;7128
1;1741125711785;7129
1;1741125719208;7130
1;1741125726620;7131
1;1741125733557;7132
1;1741125736710;7133
1;1741125740009;7134
1;1741125746586;7135
1;1741125751803;7136
1;1741125763778;7137
1;1741125764620;7138
1;1741125767394;7139
1;1741125770257;7140
1;1741125773630;7141
1;1741125776794;7142
1;1741125787352;7143
1;1741125788213;7144
1;1741125791853;7145
1;1741125801065;7146
1;1741125813137;7147
1;1741125817392;7148
1;1741125819761;7149
1;1741125825390;7150
1;1741125828746;7151
1;1741125832445;7152
1;1741125837561;7153
1;1741125837834;7154
1;1741125841534;7155
1;1741125845430;7156
1;1741125852950;7157
1;1741125858411;7158
1;1741125863933;7159
1;1741125865854;7160
1;1741125874266;7161
1;1741125886994;7162
1;1741125889397;7163
1;1741125891325;7164
1;1741125895336;7165
1;1741125897313;7166
1;1741125904807;7167
1;1741125907085;7168
1;1741125910288;7169
1;1741125916816;7170
1;1741125923132;7171
1;1741125928540;7172
1;1741125928752;7173
1;1741125931617;7174
1;1741125948722;7175
1;1741125951887;7176
1;1741125955581;7177
1;1741125959268;7178
1;1741125961567;7179
1;1741125971459;7180
1;1741125984637;7181
1;1741125991094;7182
1;1741125993183;7183
1;1741125993521;7184
1;1741125999501;7185
1;1741126002193;7186
1;1741126009595;7187
1;1741126010980;7188
1;1741126021147;7189
1;1741126024128;7190
1;1741126025936;7191
1;1741126027716;7192
1;1741126030125;7193
1;1741126036821;7194
1;1741126040480;7195
1;1741126044031;7196
1;1741126047050;7197
1;1741126048260;7198
1;1741126065884;7199
1;1741126068288;7200
1;1741126070718;7201
1;1741126073706;7202
1;1741126088564;7203
1;1741126090146;7204
1;1741126097478;7205
1;1741126104494;7206
1;1741126105520;7207
1;1741126105975;7208
1;1741126110356;7209
1;1741126123606;7210
1;1741126125989;7211
1;1741126131078;7212
1;1741126133152;7213
1;1741126143566;7214
1;1741126153680;7215
1;1741126154244;7216
1;1741126161482;7217
1;1741126164091;7218
1;1741126164602;7219
1;1741126171201;7220
1;1741126172040;7221
1;1741126172140;7222
1;1741126182380;7223
1;1741126200421;7224
1;1741126201705;7225
1;1741126205602;7226
1;1741126206902;7227
1;1741126212478;7228
1;1741126217634;7229
1;1741126223278;7230
1;1741126223759;7231
1;1741126224636;7232
1;1741126230696;7233
1;1741126236915;7234
1;1741126237030;7235
1;1741126247659;7236
1;1741126251993;7237
1;1741126266496;7238
1;1741126274022;7239
1;1741126275670;7240
1;1741126276493;7241
1;1741126281480;7242
1;1741126285207;7243
1;1741126287853;7244
1;1741126288881;7245
1;1741126298775;7246
1;1741126309468;7247
1;1741126318566;7248
1;1741126322529;7249
1;1741126328344;7250
1;1741126328654;7251
1;1741126329228;7252
1;1741126330811;7253
1;1741126345213;7254
1;1741126350562;7255
1;1741126351426;7256
1;1741126357544;7257
1;1741126361032;7258
1;1741126364405;7259
1;1741126372503;7260
1;1741126373008;7261
1;1741126374395;7262
1;1741126383159;7263
1;1741126388991;7264
1;1741126392082;7265
1;1741126400036;7266
1;1741126404063;7267
1;1741126407029;7268
1;1741126407884;7269
1;1741126409160;7270
1;1741126413255;7271
1;1741126428438;7272
1;1741126430157;7273
1;1741126430841;7274
1;1741126449447;7275
1;1741126454310;7276
1;1741126456001;7277
1;1741126461842;7278
1;1741126466661;7279
1;1741126480626;7280
1;1741126484323;7281
1;1741126485442;7282
1;1741126490415;7283
1;1741126491675;7284
1;1741126498194;7285
1;1741126502973;7286
1;1741126503357;7287
1;1741126505164;7288
1;1741126519161;7289
1;1741126522916;7290
1;1741126525430;7291
1;1741126529032;7292
1;1741126532916;7293
1;1741126545888;7294
1;1741126546795;7295
1;1741126553048;7296
1;1741126553277;7297
1;1741126553994;7298
1;1741126560247;7299
1;1741126565125;7300
1;1741126575895;7301
1;1741126578994;7302
1;1741126583164;7303
1;1741126588601;7304
1;1741126589656;7305
1;1741126590665;7306
1;1741126609567;7307
1;1741126613841;7308
1;1741126618164;7309
1;1741126621502;7310
1;1741126625970;7311
1;1741126631125;7312
1;1741126639501;7313
1;1741126640904;7314
1;1741126649012;7315
1;1741126651016;7316
1;1741126656618;7317
1;1741126669633;7318
1;1741126673478;7319
1;1741126675451;7320
1;1741126683393;7321
1;1741126686119;7322
1;1741126692535;7323
1;1741126694302;7324
1;1741126694368;7325
1;1741126696326;7326
1;1741126699253;7327
1;1741126706985;7328
1;1741126715306;7329
1;1741126726414;7330
1;1741126727845;7331
1;1741126730757;7332
1;1741126731057;7333
1;1741126741730;7334
1;1741126758250;7335
1;1741126760266;7336
1;1741126765121;7337
1;1741126768521;7338
1;1741126773561;7339
1;1741126775407;7340
1;1741126783230;7341
1;1741126785808;7342
1;1741126791936;7343
1;1741126795815;7344
1;1741126797482;7345
1;1741126798063;7346
1;1741126799398;7347
1;1741126801425;7348
1;1741126802805;7349
1;1741126813095;7350
1;1741126816240;7351
1;1741126838805;7352
1;1741126839203;7353
1;1741126840585;7354
1;1741126841059;7355
1;1741126844177;7356
1;1741126857457;7357
1;1741126857969;7358
1;1741126858698;7359
1;1741126867297;7360
1;1741126867421;7361
1;1741126877813;7362
1;1741126885855;7363
1;1741126902095;7364
1;1741126906413;7365
1;1741126907915;7366
1;1741126910737;7367
1;1741126912446;7368
1;1741126918719;7369
1;1741126925444;7370
1;1741126929390;7371
1;1741126935668;7372
1;1741126940269;7373
1;1741126947893;7374
1;1741126949388;7375
1;1741126954347;7376
1;1741126956397;7377
1;1741126957465;7378
1;1741126960680;7379
1;1741126962419;7380
1;1741126967158;7381
1;1741126983414;7382
1;1741126987419;7383
1;1741126989105;7384
1;1741126991724;7385
1;1741127010443;7386
1;1741127012663;7387
1;1741127017663;7388
1;1741127017963;7389
1;1741127030929;7390
1;1741127038430;7391
1;1741127039282;7392
1;1741127049156;7393
1;1741127051126;7394
1;1741127053849;7395
1;1741127054234;7396
1;1741127060536;7397
1;1741127068893;7398
1;1741127070369;7399
1;1741127071782;7400
1;1741127078810;7401
1;1741127081472;7402
1;1741127084159;7403
1;1741127092898;7404
1;1741127094996;7405
1;1741127103674;7406
1;1741127103870;7407
1;1741127106429;7408
1;1741127112991;7409
1;1741127124200;7410
1;1741127128778;7411
1;1741127130469;7412
1;1741127133880;7413
1;1741127135745;7414
1;1741127143003;7415
1;1741127145864;7416
1;1741127155623;7417
1;1741127155666;7418
1;1741127169390;7419
1;1741127169468;7420
1;1741127171564;7421
1;1741127174935;7422
1;1741127187859;7423
1;1741127188951;7424
1;1741127189346;7425
1;1741127205490;7426
1;1741127207466;7427
1;1741127208281;7428
1;1741127212218;7429
1;1741127218734;7430
1;1741127218969;7431
1;1741127224301;7432
1;1741127241992;7433
1;1741127242308;7434
1;1741127245204;7435
1;1741127250401;7436
1;1741127254767;7437
1;1741127254836;7438
1;1741127262341;7439
1;1741127271648;7440
1;1741127272317;7441
1;1741127281235;7442
1;1741127282597;7443
1;1741127285343;7444
1;1741127294894;7445
1;1741127305520;7446
1;1741127305603;7447
1;1741127310046;7448
1;1741127310251;7449
1;1741127312136;7450
1;1741127334606;7451
1;1741127339280;7452
1;1741127341349;7453
1;1741127344562;7454
1;1741127347208;7455
1;1741127352919;7456
1;1741127354775;7457
1;1741127362795;7458
1;1741127369079;7459
1;1741127375874;7460
1;1741127377082;7461
1;1741127379363;7462
1;1741127382817;7463
1;1741127386225;7464
1;1741127391940;7465
1;1741127395171;7466
1;1741127407995;7467
1;1741127416182;7468
1;1741127417625;7469
1;1741127419253;7470
1;1741127423675;7471
1;1741127428403;7472
1;1741127432463;7473
1;1741127440916;7474
1;1741127442401;7475
1;1741127454789;7476
1;1741127463061;7477
1;1741127463567;7478
1;1741127466328;7479
1;1741127473686;7480
1;1741127489123;7481
1;1741127493968;7482
1;1741127496195;7483
1;1741127499712;7484
1;1741127500019;7485
1;1741127504368;7486
1;1741127505981;7487
1;1741127512380;7488
1;1741127515623;7489
1;1741127517059;7490
1;1741127517964;7491
1;1741127536197;7492
1;1741127537948;7493
1;1741127541237;7494
1;1741127542483;7495
1;1741127542538;7496
1;1741127550808;7497
1;1741127554514;7498
1;1741127565781;7499
1;1741127576334;7500
1;1741127580201;7501
1;1741127580825;7502
1;1741127581717;7503
1;1741127590322;7504
1;1741127593433;7505
1;1741127601853;7506
1;1741127602389;7507
1;1741127603084;7508
1;1741127609607;7509
1;1741127624314;7510
1;1741127626400;7511
1;1741127634683;7512
1;1741127634749;7513
1;1741127645895;7514
1;1741127649204;7515
1;1741127650605;7516
1;1741127650860;7517
1;1741127661574;7518
1;1741127665016;7519
1;1741127675315;7520
1;1741127681184;7521
1;1741127686369;7522
1;1741127688594;7523
1;1741127689687;7524
1;1741127690604;7525
1;1741127697689;7526
1;1741127698238;7527
1;1741127706615;7528
1;1741127712494;7529
1;1741127712529;7530
1;1741127718685;7531
1;1741127744027;7532
1;1741127744327;7533
1;1741127753384;7534
1;1741127754184;7535
1;1741127759524;7536
1;1741127761201;7537
1;1741127764704;7538
1;1741127764968;7539
1;1741127771506;7540
1;1741127785007;7541
1;1741127789142;7542
1;1741127790451;7543
1;1741127794819;7544
1;1741127795616;7545
1;1741127804372;7546
1;1741127807897;7547
1;1741127811489;7548
1;1741127813676;7549
1;1741127815112;7550
1;1741127822379;7551
1;1741127828377;7552
1;1741127832542;7553
1;1741127839478;7554
1;1741127846356;7555
1;1741127846772;7556
1;1741127849915;7557
1;1741127853246;7558
1;1741127859002;7559
1;1741127865466;7560
1;1741127877689;7561
1;1741127879245;7562
1;1741127892415;7563
1;1741127893207;7564
1;1741127897880;7565
1;1741127909498;7566
1;1741127909618;7567
1;1741127911487;7568
1;1741127918577;7569
1;1741127928360;7570
1;1741127930289;7571
1;1741127937570;7572
1;1741127938167;7573
1;1741127942331;7574
1;1741127944592;7575
1;1741127951427;7576
1;1741127956183;7577
1;1741127958685;7578
1;1741127960014;7579
1;1741127963713;7580
1;1741127973363;7581
1;1741127977544;7582
1;1741127987694;7583
1;1741127989720;7584
1;1741127994058;7585
1;1741127994903;7586
1;1741128003043;7587
1;1741128010958;7588
1;1741128016991;7589
1;1741128020923;7590
1;1741128023785;7591
1;1741128025401;7592
1;1741128036266;7593
1;1741128037574;7594
1;1741128038312;7595
1;1741128040005;7596
1;1741128048588;7597
1;1741128064744;7598
1;1741128065439;7599
1;1741128072880;7600
1;1741128076932;7601
1;1741128080718;7602
1;1741128083535;7603
1;1741128086079;7604
1;1741128089263;7605
1;1741128103819;7606
1;1741128110851;7607
1;1741128111587;7608
1;1741128113478;7609
1;1741128118486;7610
1;1741128118757;7611
1;1741128125791;7612
1;1741128138086;7613
1;1741128141675;7614
1;1741128143004;7615
1;1741128144273;7616
1;1741128149004;7617
1;1741128163795;7618
1;1741128173062;7619
1;1741128176786;7620
1;1741128178487;7621
1;1741128182448;7622
1;1741128185261;7623
1;1741128194780;7624
1;1741128202193;7625
1;1741128209781;7626
1;1741128210443;7627
1;1741128213535;7628
1;1741128217850;7629
1;1741128221706;7630
1;1741128227467;7631
1;1741128227706;7632
1;1741128230417;7633
1;1741128239404;7634
1;1741128240392;7635
1;1741128246577;7636
1;1741128250214;7637
1;1741128251520;7638
1;1741128268072;7639
1;1741128270097;7640
1;1741128272344;7641
1;1741128276485;7642
1;1741128278784;7643
1;1741128279620;7644
1;1741128292122;7645
1;1741128305609;7646
1;1741128309383;7647
1;1741128314701;7648
1;1741128328317;7649
1;1741128329284;7650
1;1741128329557;7651
1;1741128333141;7652
1;1741128335653;7653
1;1741128336742;7654
1;1741128351892;7655
1;1741128355293;7656
1;1741128355495;7657
1;1741128356252;7658
1;1741128356854;7659
1;1741128357517;7660
1;1741128374353;7661
1;1741128376738;7662
1;1741128376772;7663
1;1741128379373;7664
1;1741128397866;7665
1;1741128405622;7666
1;1741128407945;7667
1;1741128413774;7668
1;1741128416237;7669
1;1741128426125;7670
1;1741128430634;7671
1;1741128433468;7672
1;1741128435984;7673
1;1741128443056;7674
1;1741128443690;7675
1;1741128443826;7676
1;1741128446613;7677
1;1741128456733;7678
1;1741128464001;7679
1;1741128476880;7680
1;1741128479251;7681
1;1741128489677;7682
1;1741128494527;7683
1;1741128494850;7684
1;1741128498956;7685
1;1741128500959;7686
1;1741128502064;7687
1;1741128504066;7688
1;1741128506019;7689
1;1741128515740;7690
1;1741128521726;7691
1;1741128524923;7692
1;1741128533150;7693
1;1741128540044;7694
1;1741128541346;7695
1;1741128542078;7696
1;1741128549200;7697
1;1741128551977;7698
1;1741128562411;7699
1;1741128565148;7700
1;1741128570028;7701
1;1741128582492;7702
1;1741128586764;7703
1;1741128587129;7704
1;1741128588260;7705
1;1741128600438;7706
1;1741128604040;7707
1;1741128604987;7708
1;1741128617113;7709
1;1741128619611;7710
1;1741128625613;7711
1;1741128626439;7712
1;1741128628408;7713
1;1741128635360;7714
1;1741128652374;7715
1;1741128655356;7716
1;1741128655848;7717
1;1741128661359;7718
1;1741128666076;7719
1;1741128666093;7720
1;1741128677680;7721
1;1741128678330;7722
1;1741128679686;7723
1;1741128693180;7724
1;1741128695656;7725
1;1741128697411;7726
1;1741128700008;7727
1;1741128701284;7728
1;1741128705119;7729
1;1741128713248;7730
1;1741128726719;7731
1;1741128732879;7732
1;1741128745748;7733
1;1741128749890;7734
1;1741128753584;7735
1;1741128757467;7736
1;1741128760297;7737
1;1741128760900;7738
1;1741128761236;7739
1;1741128774996;7740
1;1741128776413;7741
1;1741128784744;7742
1;1741128794544;7743
1;1741128796329;7744
1;1741128798102;7745
1;1741128799637;7746
1;1741128800501;7747
1;1741128808043;7748
1;1741128811892;7749
1;1741128822641;7750
1;1741128830701;7751
1;1741128837570;7752
1;1741128837970;7753
1;1741128843312;7754
1;1741128849488;7755
1;1741128851039;7756
1;1741128855554;7757
1;1741128857123;7758
1;1741128870186;7759
1;1741128876627;7760
1;1741128880263;7761
1;1741128886033;7762
1;1741128890387;7763
1;1741128894018;7764
1;1741128900838;7765
1;1741128901882;7766
1;1741128904439;7767
1;1741128905600;7768
1;1741128910269;7769
1;1741128916585;7770
1;1741128924180;7771
1;1741128929559;7772
1;1741128930392;7773
1;1741128936579;7774
1;1741128942760;7775
1;1741128949589;7776
1;1741128949770;7777
1;1741128960045;7778
1;1741128960453;7779
1;1741128965844;7780
1;1741128972339;7781
1;1741128982222;7782
1;1741128989302;7783
1;1741128994213;7784
1;1741128994346;7785
1;1741128999435;7786
1;1741129009275;7787
1;1741129014044;7788
1;1741129021001;7789
1;1741129025588;7790
1;1741129025899;7791
1;1741129028305;7792
1;1741129030377;7793
1;1741129039079;7794
1;1741129047543;7795
1;1741129049611;7796
1;1741129056075;7797
1;1741129059387;7798
1;1741129062407;7799
1;1741129076636;7800
1;1741129076792;7801
1;1741129086577;7802
1;1741129090269;7803
1;1741129093102;7804
1;1741129096192;7805
1;1741129104365;7806
1;1741129107034;7807
1;1741129111227;7808
1;1741129122012;7809
1;1741129127294;7810
1;1741129128830;7811
1;1741129134616;7812
1;1741129145229;7813
1;1741129150539;7814
1;1741129150815;7815
1;1741129153331;7816
1;1741129155010;7817
1;1741129163591;7818
1;1741129164118;7819
1;1741129168374;7820
1;1741129177331;7821
1;1741129179183;7822
1;1741129181177;7823
1;1741129188008;7824
1;1741129190967;7825
1;1741129191441;7826
1;1741129206696;7827
1;1741129216865;7828
1;1741129218720;7829
1;1741129220006;7830
1;1741129229729;7831
1;1741129233366;7832
1;1741129240789;7833
1;1741129240902;7834
1;1741129245077;7835
1;1741129250422;7836
1;1741129257957;7837
1;1741129258114;7838
1;1741129258354;7839
1;1741129273319;7840
1;1741129277673;7841
1;1741129278246;7842
1;1741129286076;7843
1;1741129289057;7844
1;1741129293371;7845
1;1741129297503;7846
1;1741129298871;7847
1;1741129301769;7848
1;1741129306347;7849
1;1741129309838;7850
1;1741129327419;7851
1;1741129327764;7852
1;1741129334107;7853
1;1741129339903;7854
1;1741129343000;7855
1;1741129351824;7856
1;1741129356927;7857
1;1741129363920;7858
1;1741129368331;7859
1;1741129370414;7860
1;1741129377557;7861
1;1741129379883;7862
1;1741129384673;7863
1;1741129400136;7864
1;1741129400992;7865
1;1741129401503;7866
1;1741129408350;7867
1;1741129411896;7868
1;1741129413534;7869
1;1741129414044;7870
1;1741129417432;7871
1;1741129440151;7872
1;1741129444518;7873
1;1741129450181;7874
1;1741129453659;7875
1;1741129454244;7876
1;1741129457295;7877
1;1741129464034;7878
1;1741129466202;7879
1;1741129468560;7880
1;1741129476047;7881
1;1741129480129;7882
1;1741129481919;7883
1;1741129488247;7884
1;1741129488859;7885
1;1741129492967;7886
1;1741129497701;7887
1;1741129501353;7888
1;1741129505752;7889
1;1741129508787;7890
1;1741129513914;7891
1;1741129531148;7892
1;1741129532671;7893
1;1741129541077;7894
1;1741129542609;7895
1;1741129545586;7896
1;1741129557216;7897
1;1741129559934;7898
1;1741129560028;7899
1;1741129561333;7900
1;1741129566898;7901
1;1741129569207;7902
1;1741129585724;7903
1;1741129588581;7904
1;1741129591241;7905
1;1741129595625;7906
1;1741129602105;7907
1;1741129615862;7908
1;1741129617793;7909
1;1741129620621;7910
1;1741129626703;7911
1;1741129632578;7912
1;1741129633310;7913
1;1741129639395;7914
1;1741129639798;7915
1;1741129639844;7916
1;1741129644249;7917
1;1741129668035;7918
1;1741129672381;7919
1;1741129675604;7920
1;1741129679678;7921
1;1741129679732;7922
1;1741129696766;7923
1;1741129697290;7924
1;1741129698818;7925
1;1741129706525;7926
1;1741129707569;7927
1;1741129710749;7928
1;1741129720718;7929
1;1741129723883;7930
1;1741129724821;7931
1;1741129732498;7932
1;1741129738672;7933
1;1741129747508;7934
1;1741129754010;7935
1;1741129755471;7936
1;1741129757358;7937
1;1741129757790;7938
1;1741129760040;7939
1;1741129766247;7940
1;1741129780593;7941
1;1741129781565;7942
1;1741129787809;7943
1;1741129788558;7944
1;1741129802451;7945
1;1741129803589;7946
1;1741129803604;7947
1;1741129804041;7948
1;1741129805162;7949
1;1741129811707;7950
1;1741129821708;7951
1;1741129835226;7952
1;1741129837738;7953
1;1741129845381;7954
1;1741129851307;7955
1;1741129851671;7956
1;1741129853580;7957
1;1741129856570;7958
1;1741129856892;7959
1;1741129857448;7960
1;1741129864375;7961
1;1741129867739;7962
1;1741129896059;7963
1;1741129899434;7964
1;1741129899825;7965
1;1741129905692;7966
1;1741129910051;7967
1;1741129917234;7968
1;1741129920478;7969
1;1741129921216;7970
1;1741129923871;7971
1;1741129932481;7972
1;1741129937756;7973
1;1741129938534;7974
1;1741129950072;7975
1;1741129952286;7976
1;1741129952810;7977
1;1741129952938;7978
1;1741129959064;7979
1;1741129970497;7980
1;1741129970648;7981
1;1741129977588;7982
1;1741129980405;7983
1;1741129987401;7984
1;1741129990103;7985
1;1741130001659;7986
1;1741130001866;7987
1;1741130005818;7988
1;1741130010241;7989
1;1741130017575;7990
1;1741130019997;7991
1;1741130034488;7992
1;1741130037002;7993
1;1741130038870;7994
1;1741130039779;7995
1;1741130042212;7996
1;1741130050874;7997
1;1741130052761;7998
1;1741130073584;7999
1;1741130075626;8000
1;1741130082354;8001
1;1741130084739;8002
1;1741130084920;8003
1;1741130085555;8004
1;1741130091471;8005
1;1741130091645;8006
1;1741130096335;8007
1;1741130110578;8008
1;1741130122429;8009
1;1741130123045;8010
1;1741130125635;8011
1;1741130135277;8012
1;1741130143583;8013
1;1741130146099;8014
1;1741130148691;8015
1;1741130150781;8016
1;1741130153243;8017
1;1741130163090;8018
1;1741130167774;8019
1;1741130169212;8020
1;1741130173083;8021
1;1741130173748;8022
1;1741130186592;8023
1;1741130189572;8024
1;1741130195301;8025
1;1741130199015;8026
1;1741130200739;8027
1;1741130209253;8028
1;1741130212217;8029
1;1741130226161;8030
1;1741130226484;8031
1;1741130232018;8032
1;1741130234386;8033
0;1741130348092;1
0;1741130357990;2
0;1741130377749;3
0;1741130378882;4
0;1741130379208;5
0;1741130380142;6
0;1741130381447;7
0;1741130393106;8
0;1741130393177;9
0;1741130401009;10
0;1741130403291;11
0;1741130409962;12
0;1741130413210;13
0;1741130416918;14
0;1741130420514;15
0;1741130427637;16
0;1741130438620;17
0;1741130438778;18
0;1741130443815;19
0;1741130448908;20
0;1741130448961;21
0;1741130451990;22
0;1741130466090;23
0;1741130466883;24
0;1741130471986;25
0;1741130475250;26
0;1741130481083;27
0;1741130489617;28
0;1741130489801;29
0;1741130499090;30
0;1741130503030;31
0;1741130512416;32
0;1741130514365;33
0;1741130530926;34
0;1741130531171;35
0;1741130531782;36
0;1741130537507;37
0;1741130542629;38
0;1741130543194;39
0;1741130544748;40
0;1741130554088;41
0;1741130563588;42
0;1741130576094;43
0;1741130577499;44
0;1741130579861;45
0;1741130581696;46
0;1741130589435;47
0;1741130589641;48
0;1741130594931;49
0;1741130596831;50
0;1741130600711;51
0;1741130602601;52
0;1741130607163;53
0;1741130612109;54
0;1741130612813;55
0;1741130621242;56
0;1741130626458;57
0;1741130633043;58
0;1741130635714;59
0;1741130640324;60
0;1741130659452;61
0;1741130668846;62
0;1741130671072;63
0;1741130676428;64
0;1741130679544;65
0;1741130680979;66
0;1741130692383;67
0;1741130695075;68
0;1741130696263;69
0;1741130696741;70
0;1741130703111;71
0;1741130710733;72
0;1741130714082;73
0;1741130717193;74
0;1741130721481;75
0;1741130728587;76
0;1741130735722;77
0;1741130737937;78
0;1741130750049;79
0;1741130754434;80
0;1741130757597;81
0;1741130758685;82
0;1741130761709;83
0;1741130770202;84
0;1741130771432;85
0;1741130771709;86
0;1741130779718;87
0;1741130781710;88
0;1741130795201;89
0;1741130796959;90
0;1741130799147;91
0;1741130813992;92
0;1741130815560;93
0;1741130825771;94
0;1741130830120;95
0;1741130831689;96
0;1741130836548;97
0;1741130837171;98
0;1741130838052;99
0;1741130843348;100
0;1741130859546;101
0;1741130866094;102
0;1741130866351;103
0;1741130870740;104
0;1741130877190;105
0;1741130882034;106
0;1741130898614;107
0;1741130899770;108
0;1741130901848;109
0;1741130907382;110
0;1741130911396;111
0;1741130912642;112
0;1741130913154;113
0;1741130914564;114
0;1741130925143;115
0;1741130925725;116
0;1741130941820;117
0;1741130942122;118
0;1741130946306;119
0;1741130951551;120
0;1741130952100;121
0;1741130955847;122
0;1741130960715;123
0;1741130967932;124
0;1741130971307;125
0;1741130972286;126
0;1741130977999;127
0;1741130998871;128
0;1741131003349;129
0;1741131006571;130
0;1741131010000;131
0;1741131010836;132
0;1741131014687;133
0;1741131020534;134
0;1741131026618;135
0;1741131035839;136
0;1741131042436;137
0;1741131049513;138
0;1741131051751;139
0;1741131054705;140
0;1741131055134;141
0;1741131059172;142
0;1741131061448;143
0;1741131073604;144
0;1741131078619;145
0;1741131081418;146
0;1741131082327;147
0;1741131083807;148
0;1741131087313;149
0;1741131114681;150
0;1741131114935;151
0;1741131117270;152
0;1741131120754;153
0;1741131128499;154
0;1741131129545;155
0;1741131135935;156
0;1741131139540;157
0;1741131139894;158
0;1741131145691;159
0;1741131147227;160
0;1741131157614;161
0;1741131157720;162
0;1741131161395;163
0;1741131166363;164
0;1741131170779;165
0;1741131191377;166
0;1741131195092;167
0;1741131195443;168
0;1741131200255;169
0;1741131206094;170
0;1741131211834;171
0;1741131215700;172
0;1741131217472;173
0;1741131219005;174
0;1741131228158;175
0;1741131231206;176
0;1741131234983;177
0;1741131235089;178
0;1741131244559;179
0;1741131247380;180
0;1741131256144;181
0;1741131256968;182
0;1741131265365;183
0;1741131269000;184
0;1741131272610;185
0;1741131274244;186
0;1741131283392;187
0;1741131285851;188
0;1741131292362;189
0;1741131299490;190
0;1741131303611;191
0;1741131310022;192
0;1741131321492;193
0;1741131324522;194
0;1741131324862;195
0;1741131325153;196
0;1741131332349;197
0;1741131334535;198
0;1741131341001;199
0;1741131358111;200
0;1741131359033;201
0;1741131359395;202
0;1741131363294;203
0;1741131364784;204
0;1741131384408;205
0;1741131384427;206
0;1741131391695;207
0;1741131395040;208
0;1741131400723;209
0;1741131411459;210
0;1741131414049;211
0;1741131414337;212
0;1741131415555;213
0;1741131417555;214
0;1741131425577;215
0;1741131429434;216
0;1741131437818;217
0;1741131440213;218
0;1741131441534;219
0;1741131450458;220
0;1741131450969;221
0;1741131458681;222
0;1741131461055;223
0;1741131466748;224
0;1741131474438;225
0;1741131486348;226
0;1741131497674;227
0;1741131499266;228
0;1741131501785;229
0;1741131503843;230
0;1741131510490;231
0;1741131511303;232
0;1741131518638;233
0;1741131524982;234
0;1741131525263;235
0;1741131529917;236
0;1741131530845;237
0;1741131542371;238
0;1741131545696;239
0;1741131554809;240
0;1741131563766;241
0;1741131564522;242
0;1741131566330;243
0;1741131569714;244
0;1741131573797;245
0;1741131580236;246
0;1741131595210;247
0;1741131597717;248
0;1741131597950;249
0;1741131599922;250
0;1741131603092;251
0;1741131605277;252
0;1741131611949;253
0;1741131615744;254
0;1741131618913;255
0;1741131633632;256
0;1741131639222;257
0;1741131643075;258
0;1741131645333;259
0;1741131646472;260
0;1741131656971;261
0;1741131657668;262
0;1741131668281;263
0;1741131673160;264
0;1741131673938;265
0;1741131678291;266
0;1741131684604;267
0;1741131685374;268
0;1741131687010;269
0;1741131687438;270
0;1741131695954;271
0;1741131710254;272
0;1741131711211;273
0;1741131717694;274
0;1741131719689;275
0;1741131721855;276
0;1741131722698;277
0;1741131733599;278
0;1741131739045;279
0;1741131745339;280
0;1741131745825;281
0;1741131759024;282
0;1741131768905;283
0;1741131774134;284
0;1741131786600;285
0;1741131789523;286
0;1741131793374;287
0;1741131793797;288
0;1741131794643;289
0;1741131799112;290
0;1741131803874;291
0;1741131807807;292
0;1741131815810;293
0;1741131819404;294
0;1741131820471;295
0;1741131823474;296
0;1741131835759;297
0;1741131842488;298
0;1741131845553;299
0;1741131851410;300
0;1741131851769;301
0;1741131852663;302
0;1741131865201;303
0;1741131869156;304
0;1741131872185;305
0;1741131874576;306
0;1741131882070;307
0;1741131883952;308
0;1741131886885;309
0;1741131899677;310
0;1741131909030;311
0;1741131915151;312
0;1741131915603;313
0;1741131916191;314
0;1741131919426;315
0;1741131922738;316
0;1741131924431;317
0;1741131943889;318
0;1741131950300;319
0;1741131958374;320
0;1741131959662;321
0;1741131972738;322
0;1741131973987;323
0;1741131974150;324
0;1741131977679;325
0;1741131985104;326
0;1741131995638;327
0;1741131995844;328
0;1741131999275;329
0;1741132000601;330
0;1741132014089;331
0;1741132016370;332
0;1741132020546;333
0;1741132028119;334
0;1741132029359;335
0;1741132030080;336
0;1741132037038;337
0;1741132041747;338
0;1741132046656;339
0;1741132046708;340
0;1741132047381;341
0;1741132055732;342
0;1741132063105;343
0;1741132065723;344
0;1741132067194;345
0;1741132071453;346
0;1741132090750;347
0;1741132092460;348
0;1741132097889;349
0;1741132104439;350
0;1741132114803;351
0;1741132114829;352
0;1741132115081;353
0;1741132116547;354
0;1741132121095;355
0;1741132121999;356
0;1741132134128;357
0;1741132138352;358
0;1741132140281;359
0;1741132140409;360
0;1741132148722;361
0;1741132152610;362
0;1741132157948;363
0;1741132161730;364
0;1741132178060;365
0;1741132188341;366
0;1741132188925;367
0;1741132193899;368
0;1741132195661;369
0;1741132200275;370
0;1741132203346;371
0;1741132207794;372
0;1741132211378;373
0;1741132217601;374
0;1741132218909;375
0;1741132239956;376
0;1741132239983;377
0;1741132240054;378
0;1741132240869;379
0;1741132241311;380
0;1741132252317;381
0;1741132252914;382
0;1741132255124;383
0;1741132262597;384
0;1741132279751;385
0;1741132280410;386
0;1741132296342;387
0;1741132301032;388
0;1741132301108;389
0;1741132303593;390
0;1741132306418;391
0;1741132307614;392
0;1741132308547;393
0;1741132323861;394
0;1741132324664;395
0;1741132328907;396
0;1741132333882;397
0;1741132342290;398
0;1741132347317;399
0;1741132353725;400
0;1741132356382;401
0;1741132365393;402
0;1741132366003;403
0;1741132369315;404
0;1741132371767;405
0;1741132375285;406
0;1741132379415;407
0;1741132398784;408
0;1741132398957;409
0;1741132399044;410
0;1741132399798;411
0;1741132407933;412
0;1741132413402;413
0;1741132416164;414
0;1741132435545;415
0;1741132436108;416
0;1741132436182;417
0;1741132439244;418
0;1741132439714;419
0;1741132440378;420
0;1741132442668;421
0;1741132466738;422
0;1741132468705;423
0;1741132471941;424
0;1741132478726;425
0;1741132480204;426
0;1741132485976;427
0;1741132489988;428
0;1741132490544;429
0;1741132494807;430
0;1741132501200;431
0;1741132506982;432
0;1741132515738;433
0;1741132518082;434
0;1741132519970;435
0;1741132528949;436
0;1741132531692;437
0;1741132542659;438
0;1741132547906;439
0;1741132548132;440
0;1741132550523;441
0;1741132559793;442
0;1741132567306;443
0;1741132571999;444
0;1741132572578;445
0;1741132573218;446
0;1741132579912;447
0;1741132582594;448
0;1741132585412;449
0;1741132592898;450
0;1741132592978;451
0;1741132615834;452
0;1741132616704;453
0;1741132616854;454
0;1741132630569;455
0;1741132634501;456
0;1741132638155;457
0;1741132641636;458
0;1741132646011;459
0;1741132649336;460
0;1741132656945;461
0;1741132661552;462
0;1741132664027;463
0;1741132671382;464
0;1741132672048;465
0;1741132677349;466
0;1741132686144;467
0;1741132695573;468
0;1741132701267;469
0;1741132703311;470
0;1741132710429;471
0;1741132711356;472
0;1741132717033;473
0;1741132720253;474
0;1741132722885;475
0;1741132726927;476
0;1741132742929;477
0;1741132743119;478
0;1741132750275;479
0;1741132752392;480
0;1741132754172;481
0;1741132755239;482
0;1741132767539;483
0;1741132769553;484
0;1741132771316;485
0;1741132786729;486
0;1741132794329;487
0;1741132795152;488
0;1741132796543;489
0;1741132800010;490
0;1741132806584;491
0;1741132818548;492
0;1741132819121;493
0;1741132821604;494
0;1741132824775;495
0;1741132825473;496
0;1741132832850;497
0;1741132836975;498
0;1741132844921;499
0;1741132845794;500
0;1741132847268;501
0;1741132847791;502
0;1741132868602;503
0;1741132871215;504
0;1741132872256;505
0;1741132881254;506
0;1741132883995;507
0;1741132892047;508
0;1741132894380;509
0;1741132899075;510
0;1741132899221;511
0;1741132907115;512
0;1741132909053;513
0;1741132909835;514
0;1741132912078;515
0;1741132920694;516
0;1741132930798;517
0;1741132936237;518
0;1741132941241;519
0;1741132948761;520
0;1741132950258;521
0;1741132956920;522
0;1741132970457;523
0;1741132973163;524
0;1741132976520;525
0;1741132978525;526
0;1741132981696;527
0;1741132984894;528
0;1741132999199;529
0;1741132999407;530
0;1741133007321;531
0;1741133008615;532
0;1741133015104;533
0;1741133024544;534
0;1741133026884;535
0;1741133027082;536
0;1741133034807;537
0;1741133040050;538
0;1741133047712;539
0;1741133048930;540
0;1741133050519;541
0;1741133055143;542
0;1741133074740;543
0;1741133078991;544
0;1741133079057;545
0;1741133079509;546
0;1741133088706;547
0;1741133093756;548
0;1741133100222;549
0;1741133101541;550
0;1741133104400;551
0;1741133111232;552
0;1741133123752;553
0;1741133124501;554
0;1741133132420;555
0;1741133135126;556
0;1741133142598;557
0;1741133143694;558
0;1741133145081;559
0;1741133145673;560
0;1741133147381;561
0;1741133161510;562
0;1741133162991;563
0;1741133163818;564
0;1741133167350;565
0;1741133189188;566
0;1741133198873;567
0;1741133199507;568
0;1741133203405;569
0;1741133206803;570
0;1741133208041;571
0;1741133216626;572
0;1741133221217;573
0;1741133222684;574
0;1741133230506;575
0;1741133233241;576
0;1741133237123;577
0;1741133239357;578
0;1741133241234;579
0;1741133250955;580
0;1741133253973;581
0;1741133263045;582
0;1741133268943;583
0;1741133271109;584
0;1741133285474;585
0;1741133286289;586
0;1741133290573;587
0;1741133291267;588
0;1741133291881;589
0;1741133292885;590
0;1741133300898;591
0;1741133307260;592
0;1741133318867;593
0;1741133326856;594
0;1741133330584;595
0;1741133338766;596
0;1741133341550;597
0;1741133343420;598
0;1741133346094;599
0;1741133354845;600
0;1741133360603;601
0;1741133361972;602
0;1741133362221;603
0;1741133367255;604
0;1741133372473;605
0;1741133374036;606
0;1741133398943;607
0;1741133399274;608
0;1741133401248;609
0;1741133402303;610
0;1741133403146;611
0;1741133407204;612
0;1741133410287;613
0;1741133419704;614
0;1741133419904;615
0;1741133430243;616
0;1741133432132;617
0;1741133437291;618
0;1741133441737;619
0;1741133444137;620
0;1741133449322;621
0;1741133464996;622
0;1741133472671;623
0;1741133473749;624
0;1741133474335;625
0;1741133482463;626
0;1741133489474;627
0;1741133491165;628
0;1741133494283;629
0;1741133505024;630
0;1741133506577;631
0;1741133514549;632
0;1741133519159;633
0;1741133522421;634
0;1741133531020;635
0;1741133535993;636
0;1741133536825;637
0;1741133538663;638
0;1741133546546;639
0;1741133547485;640
0;1741133551905;641
0;1741133557233;642
0;1741133558828;643
0;1741133565706;644
0;1741133576532;645
0;1741133579222;646
0;1741133581551;647
0;1741133589963;648
0;1741133590839;649
0;1741133600391;650
0;1741133601723;651
0;1741133612263;652
0;1741133613493;653
0;1741133620647;654
0;1741133623549;655
0;1741133625784;656
0;1741133630108;657
0;1741133643640;658
0;1741133644965;659
0;1741133653039;660
0;1741133656928;661
0;1741133659026;662
0;1741133660722;663
0;1741133666608;664
0;1741133666662;665
0;1741133677993;666
0;1741133689881;667
0;1741133693035;668
0;1741133694808;669
0;1741133700714;670
0;1741133706279;671
0;1741133708433;672
0;1741133709083;673
0;1741133727022;674
0;1741133730670;675
0;1741133740050;676
0;1741133741691;677
0;1741133741999;678
0;1741133748992;679
0;1741133749681;680
0;1741133754271;681
0;1741133756635;682
0;1741133761567;683
0;1741133783037;684
0;1741133786631;685
0;1741133789643;686
0;1741133790701;687
0;1741133793318;688
0;1741133800289;689
0;1741133803130;690
0;1741133806457;691
0;1741133807773;692
0;1741133811533;693
0;1741133818155;694
0;1741133823881;695
0;1741133836019;696
0;1741133839626;697
0;1741133839833;698
0;1741133842223;699
0;1741133843497;700
0;1741133850532;701
0;1741133855511;702
0;1741133873537;703
0;1741133878009;704
0;1741133884948;705
0;1741133887631;706
0;1741133888174;707
0;1741133890165;708
0;1741133891022;709
0;1741133902575;710
0;1741133906007;711
0;1741133911162;712
0;1741133914733;713
0;1741133916700;714
0;1741133920232;715
0;1741133935176;716
0;1741133937229;717
0;1741133942224;718
0;1741133944212;719
0;1741133952248;720
0;1741133952798;721
0;1741133954807;722
0;1741133960653;723
0;1741133967282;724
0;1741133977893;725
0;1741133978620;726
0;1741133983085;727
0;1741133993343;728
0;1741133996334;729
0;1741133998128;730
0;1741134003659;731
0;1741134010488;732
0;1741134018803;733
0;1741134033088;734
0;1741134033221;735
0;1741134033756;736
0;1741134038471;737
0;1741134045329;738
0;1741134047357;739
0;1741134050262;740
0;1741134051071;741
0;1741134061260;742
0;1741134075280;743
0;1741134075749;744
0;1741134078707;745
0;1741134080300;746
0;1741134083806;747
0;1741134087225;748
0;1741134092632;749
0;1741134106421;750
0;1741134109221;751
0;1741134115417;752
0;1741134122287;753
0;1741134122699;754
0;1741134124607;755
0;1741134126117;756
0;1741134128793;757
0;1741134137088;758
0;1741134138660;759
0;1741134139488;760
0;1741134152565;761
0;1741134159208;762
0;1741134161450;763
0;1741134169889;764
0;1741134175351;765
0;1741134187285;766
0;1741134193224;767
0;1741134194835;768
0;1741134199945;769
0;1741134213889;770
0;1741134215922;771
0;1741134218114;772
0;1741134218127;773
0;1741134224510;774
0;1741134226999;775
0;1741134231574;776
0;1741134231866;777
0;1741134245716;778
0;1741134248028;779
0;1741134256413;780
0;1741134256563;781
0;1741134257875;782
0;1741134259430;783
0;1741134271474;784
0;1741134281408;785
0;1741134284314;786
0;1741134287932;787
0;1741134288021;788
0;1741134297481;789
0;1741134297928;790
0;1741134301421;791
0;1741134306835;792
0;1741134310803;793
0;1741134313951;794
0;1741134321201;795
0;1741134321334;796
0;1741134330435;797
0;1741134332645;798
0;1741134332880;799
0;1741134352206;800
0;1741134353672;801
0;1741134363188;802
0;1741134368718;803
0;1741134375886;804
0;1741134379076;805
0;1741134380077;806
0;1741134384988;807
0;1741134394473;808
0;1741134399162;809
0;1741134402981;810
0;1741134406609;811
0;1741134414828;812
0;1741134422292;813
0;1741134423499;814
0;1741134426946;815
0;1741134427699;816
0;1741134432703;817
0;1741134438907;818
0;1741134443269;819
0;1741134444178;820
0;1741134450602;821
0;1741134465564;822
0;1741134469957;823
0;1741134477787;824
0;1741134482433;825
0;1741134486861;826
0;1741134489045;827
0;1741134491033;828
0;1741134502107;829
0;1741134504837;830
0;1741134505773;831
0;1741134516235;832
0;1741134524266;833
0;1741134528752;834
0;1741134530440;835
0;1741134531649;836
0;1741134532185;837
0;1741134535789;838
0;1741134551476;839
0;1741134554094;840
0;1741134559553;841
0;1741134565456;842
0;1741134566136;843
0;1741134566229;844
0;1741134581919;845
0;1741134584048;846
0;1741134596438;847
0;1741134596820;848
0;1741134602481;849
0;1741134610693;850
0;1741134612903;851
0;1741134613539;852
0;1741134615762;853
0;1741134617664;854
0;1741134618576;855
0;1741134623615;856
0;1741134635138;857
0;1741134647221;858
0;1741134648800;859
0;1741134660274;860
0;1741134660368;861
0;1741134661851;862
0;1741134664800;863
0;1741134665709;864
0;1741134666768;865
0;1741134677575;866
0;1741134682730;867
0;1741134684114;868
0;1741134684651;869
0;1741134698752;870
0;1741134707538;871
0;1741134710148;872
0;1741134710789;873
0;1741134722440;874
0;1741134722767;875
0;1741134731258;876
0;1741134731830;877
0;1741134744656;878
0;1741134745497;879
0;1741134760979;880
0;1741134762047;881
0;1741134763243;882
0;1741134764395;883
0;1741134766445;884
0;1741134770629;885
0;1741134779611;886
0;1741134782523;887
0;1741134789723;888
0;1741134791059;889
0;1741134800286;890
0;1741134801179;891
0;1741134807157;892
0;1741134822725;893
0;1741134823612;894
0;1741134825594;895
0;1741134828743;896
0;1741134831406;897
0;1741134835430;898
0;1741134847618;899
0;1741134849023;900
0;1741134856479;901
0;1741134864269;902
0;1741134867914;903
0;1741134870289;904
0;1741134872627;905
0;1741134873582;906
0;1741134899054;907
0;1741134903008;908
0;1741134904243;909
0;1741134905225;910
0;1741134905605;911
0;1741134910576;912
0;1741134917400;913
0;1741134926843;914
0;1741134928738;915
0;1741134930175;916
0;1741134930456;917
0;1741134937342;918
0;1741134948667;919
0;1741134952125;920
0;1741134952526;921
0;1741134954868;922
0;1741134964470;923
0;1741134970684;924
0;1741134975292;925
0;1741134984058;926
0;1741134986701;927
0;1741134988001;928
0;1741134999864;929
0;1741135001303;930
0;1741135007827;931
0;1741135013181;932
0;1741135018128;933
0;1741135021895;934
0;1741135025284;935
0;1741135032990;936
0;1741135033557;937
0;1741135034253;938
0;1741135042699;939
0;1741135045594;940
0;1741135051580;941
0;1741135054438;942
0;1741135062286;943
0;1741135069332;944
0;1741135075355;945
0;1741135075860;946
0;1741135087820;947
0;1741135096185;948
0;1741135103745;949
0;1741135104709;950
0;1741135112342;951
0;1741135112725;952
0;1741135113769;953
0;1741135116857;954
0;1741135121417;955
0;1741135121667;956
0;1741135132078;957
0;1741135136613;958
0;1741135140815;959
0;1741135147345;960
0;1741135149713;961
0;1741135153598;962
0;1741135169545;963
0;1741135170511;964
0;1741135181338;965
0;1741135181451;966
0;1741135186502;967
0;1741135188490;968
0;1741135204053;969
0;1741135206274;970
0;1741135208304;971
0;1741135210421;972
0;1741135213658;973
0;1741135227018;974
0;1741135230618;975
0;1741135230881;976
0;1741135233001;977
0;1741135244298;978
0;1741135251887;979
0;1741135252277;980
0;1741135261969;981
0;1741135271717;982
0;1741135272406;983
0;1741135276568;984
0;1741135281059;985
0;1741135284677;986
0;1741135299828;987
0;1741135300939;988
0;1741135304035;989
0;1741135304792;990
0;1741135307840;991
0;1741135313383;992
0;1741135322485;993
0;1741135324087;994
0;1741135329691;995
0;1741135329719;996
0;1741135341502;997
0;1741135342380;998
0;1741135350008;999
0;1741135356613;1000
0;1741135358871;1001
0;1741135363350;1002
0;1741135366604;1003
0;1741135368211;1004
0;1741135374800;1005
0;1741135380741;1006
0;1741135385127;1007
0;1741135388464;1008
0;1741135392659;1009
0;1741135396822;1010
0;1741135397017;1011
0;1741135408509;1012
0;1741135421223;1013
0;1741135427516;1014
0;1741135430541;1015
0;1741135431032;1016
0;1741135436069;1017
0;1741135436515;1018
0;1741135447534;1019
0;1741135448635;1020
0;1741135453136;1021
0;1741135458269;1022
0;1741135459901;1023
0;1741135470634;1024
0;1741135471515;1025
0;1741135487503;1026
0;1741135489726;1027
0;1741135492349;1028
0;1741135493655;1029
0;1741135505222;1030
0;1741135511050;1031
0;1741135511397;1032
0;1741135516379;1033
0;1741135523308;1034
0;1741135523349;1035
0;1741135526945;1036
0;1741135528256;1037
0;1741135533269;1038
0;1741135535431;1039
0;1741135548079;1040
0;1741135551068;1041
0;1741135562502;1042
0;1741135572805;1043
0;1741135574452;1044
0;1741135579110;1045
0;1741135583183;1046
0;1741135595423;1047
0;1741135599882;1048
0;1741135601290;1049
0;1741135605772;1050
0;1741135612017;1051
0;1741135613332;1052
0;1741135615631;1053
0;1741135620133;1054
0;1741135622543;1055
0;1741135630271;1056
0;1741135632320;1057
0;1741135635135;1058
0;1741135639891;1059
0;1741135647401;1060
0;1741135648186;1061
0;1741135651272;1062
0;1741135666484;1063
0;1741135668958;1064
0;1741135681690;1065
0;1741135682642;1066
0;1741135686793;1067
0;1741135689590;1068
0;1741135700413;1069
0;1741135704328;1070
0;1741135709857;1071
0;1741135714261;1072
0;1741135719102;1073
0;1741135720824;1074
0;1741135726431;1075
0;1741135728774;1076
0;1741135735462;1077
0;1741135741523;1078
0;1741135744745;1079
0;1741135749850;1080
0;1741135758179;1081
0;1741135764031;1082
0;1741135768339;1083
0;1741135768973;1084
0;1741135773089;1085
0;1741135779230;1086
0;1741135792249;1087
0;1741135793784;1088
0;1741135794181;1089
0;1741135796998;1090
0;1741135811563;1091
0;1741135813565;1092
0;1741135815770;1093
0;1741135825422;1094
0;1741135830825;1095
0;1741135833256;1096
0;1741135834093;1097
0;1741135835280;1098
0;1741135843770;1099
0;1741135848645;1100
0;1741135858787;1101
0;1741135865090;1102
0;1741135866604;1103
0;1741135869623;1104
0;1741135876149;1105
0;1741135888548;1106
0;1741135889961;1107
0;1741135890139;1108
0;1741135891537;1109
0;1741135900754;1110
0;1741135905953;1111
0;1741135908722;1112
0;1741135914560;1113
0;1741135917288;1114
0;1741135920551;1115
0;1741135932395;1116
0;1741135935058;1117
0;1741135952095;1118
0;1741135952607;1119
0;1741135954152;1120
0;1741135958133;1121
0;1741135961418;1122
0;1741135962383;1123
0;1741135966675;1124
0;1741135975660;1125
0;1741135985325;1126
0;1741135989606;1127
0;1741135990409;1128
0;1741135990603;1129
0;1741135991976;1130
0;1741135996373;1131
0;1741136001542;1132
0;1741136011272;1133
0;1741136011884;1134
0;1741136013247;1135
0;1741136021054;1136
0;1741136024805;1137
0;1741136030751;1138
0;1741136042359;1139
0;1741136042432;1140
0;1741136043526;1141
0;1741136063663;1142
0;1741136067349;1143
0;1741136074549;1144
0;1741136075235;1145
0;1741136078681;1146
0;1741136083497;1147
0;1741136093167;1148
0;1741136096321;1149
0;1741136097574;1150
0;1741136103190;1151
0;1741136105693;1152
0;1741136106745;1153
0;1741136107414;1154
0;1741136120424;1155
0;1741136128442;1156
0;1741136132175;1157
0;1741136134523;1158
0;1741136141511;1159
0;1741136147946;1160
0;1741136154023;1161
0;1741136159518;1162
0;1741136163233;1163
0;1741136165692;1164
0;1741136170136;1165
0;1741136190191;1166
0;1741136190864;1167
0;1741136194699;1168
0;1741136195346;1169
0;1741136202454;1170
0;1741136209291;1171
0;1741136211242;1172
0;1741136214088;1173
0;1741136221678;1174
0;1741136224182;1175
0;1741136227507;1176
0;1741136240302;1177
0;1741136242207;1178
0;1741136248943;1179
0;1741136249024;1180
0;1741136250424;1181
0;1741136253753;1182
0;1741136256937;1183
0;1741136266055;1184
0;1741136267286;1185
0;1741136277383;1186
0;1741136280341;1187
0;1741136287238;1188
0;1741136296626;1189
0;1741136300231;1190
0;1741136300288;1191
0;1741136319394;1192
0;1741136320641;1193
0;1741136320674;1194
0;1741136321205;1195
0;1741136322525;1196
0;1741136325674;1197
0;1741136330404;1198
0;1741136345369;1199
0;1741136353005;1200
0;1741136353890;1201
0;1741136356194;1202
0;1741136364578;1203
0;1741136369621;1204
0;1741136370209;1205
0;1741136378934;1206
0;1741136381393;1207
0;1741136391192;1208
0;1741136391856;1209
0;1741136399178;1210
0;1741136406585;1211
0;1741136411773;1212
0;1741136413150;1213
0;1741136418242;1214
0;1741136427501;1215
0;1741136429776;1216
0;1741136431521;1217
0;1741136438598;1218
0;1741136440800;1219
0;1741136444730;1220
0;1741136459036;1221
0;1741136462558;1222
0;1741136466826;1223
0;1741136476484;1224
0;1741136476497;1225
0;1741136480844;1226
0;1741136489282;1227
0;1741136490274;1228
0;1741136495108;1229
0;1741136500534;1230
0;1741136503633;1231
0;1741136515856;1232
0;1741136521636;1233
0;1741136521686;1234
0;1741136522888;1235
0;1741136524032;1236
0;1741136529358;1237
0;1741136540903;1238
0;1741136545802;1239
0;1741136556134;1240
0;1741136556676;1241
0;1741136561965;1242
0;1741136563272;1243
0;1741136572942;1244
0;1741136582910;1245
0;1741136583061;1246
0;1741136593676;1247
0;1741136594982;1248
0;1741136595248;1249
0;1741136597441;1250
0;1741136599114;1251
0;1741136610701;1252
0;1741136619172;1253
0;1741136625762;1254
0;1741136626729;1255
0;1741136639451;1256
0;1741136641630;1257
0;1741136642730;1258
0;1741136647888;1259
0;1741136649430;1260
0;1741136651263;1261
0;1741136659068;1262
0;1741136661725;1263
0;1741136667556;1264
0;1741136669209;1265
0;1741136678806;1266
0;1741136695850;1267
0;1741136704955;1268
0;1741136705284;1269
0;1741136706124;1270
0;1741136707264;1271
0;1741136712187;1272
0;1741136724049;1273
0;1741136725647;1274
0;1741136725663;1275
0;1741136730234;1276
0;1741136735479;1277
0;1741136741026;1278
0;1741136754040;1279
0;1741136758982;1280
0;1741136760846;1281
0;1741136762153;1282
0;1741136762941;1283
0;1741136766224;1284
0;1741136773277;1285
0;1741136775023;1286
0;1741136779614;1287
0;1741136785895;1288
0;1741136792413;1289
0;1741136797599;1290
0;1741136801945;1291
0;1741136806865;1292
0;1741136821076;1293
0;1741136824810;1294
0;1741136838707;1295
0;1741136839487;1296
0;1741136840789;1297
0;1741136842747;1298
0;1741136850073;1299
0;1741136852314;1300
0;1741136855936;1301
0;1741136862619;1302
0;1741136875940;1303
0;1741136876869;1304
0;1741136880108;1305
0;1741136881245;1306
0;1741136885234;1307
0;1741136889686;1308
0;1741136890846;1309
0;1741136908739;1310
0;1741136912171;1311
0;1741136915670;1312
0;1741136920561;1313
0;1741136925726;1314
0;1741136926985;1315
0;1741136934606;1316
0;1741136938043;1317
0;1741136938721;1318
0;1741136945661;1319
0;1741136955128;1320
0;1741136963030;1321
0;1741136967078;1322
0;1741136967429;1323
0;1741136969544;1324
0;1741136973300;1325
0;1741136979520;1326
0;1741136984952;1327
0;1741136984978;1328
0;1741136986046;1329
0;1741137008299;1330
0;1741137014162;1331
0;1741137014747;1332
0;1741137016033;1333
0;1741137017860;1334
0;1741137023017;1335
0;1741137028862;1336
0;1741137031800;1337
0;1741137034758;1338
0;1741137043881;1339
0;1741137046210;1340
0;1741137046440;1341
0;1741137056648;1342
0;1741137062060;1343
0;1741137067295;1344
0;1741137067712;1345
0;1741137076534;1346
0;1741137084585;1347
0;1741137096073;1348
0;1741137096711;1349
0;1741137101835;1350
0;1741137108628;1351
0;1741137109779;1352
0;1741137117597;1353
0;1741137117767;1354
0;1741137118152;1355
0;1741137122296;1356
0;1741137138433;1357
0;1741137142994;1358
0;1741137143650;1359
0;1741137144748;1360
0;1741137161764;1361
0;1741137162721;1362
0;1741137166677;1363
0;1741137171515;1364
0;1741137172015;1365
0;1741137180275;1366
0;1741137184782;1367
0;1741137191184;1368
0;1741137200010;1369
0;1741137200657;1370
0;1741137208608;1371
0;1741137210479;1372
0;1741137210528;1373
0;1741137215683;1374
0;1741137218623;1375
0;1741137220041;1376
0;1741137226637;1377
0;1741137235697;1378
0;1741137240386;1379
0;1741137249962;1380
0;1741137252589;1381
0;1741137254511;1382
0;1741137260830;1383
0;1741137261175;1384
0;1741137278258;1385
0;1741137285576;1386
0;1741137290822;1387
0;1741137299348;1388
0;1741137300529;1389
0;1741137302314;1390
0;1741137302607;1391
0;1741137303414;1392
0;1741137312678;1393
0;1741137320078;1394
0;1741137328662;1395
0;1741137332123;1396
0;1741137340752;1397
0;1741137347535;1398
0;1741137348004;1399
0;1741137353374;1400
0;1741137353776;1401
0;1741137358444;1402
0;1741137366161;1403
0;1741137371949;1404
0;1741137375802;1405
0;1741137384095;1406
0;1741137386591;1407
0;1741137387765;1408
0;1741137390877;1409
0;1741137399952;1410
0;1741137400119;1411
0;1741137404637;1412
0;1741137413951;1413
0;1741137417588;1414
0;1741137420209;1415
0;1741137422309;1416
0;1741137431533;1417
0;1741137436102;1418
0;1741137439311;1419
0;1741137442979;1420
0;1741137454428;1421
0;1741137462386;1422
0;1741137464717;1423
0;1741137468594;1424
0;1741137473961;1425
0;1741137484398;1426
0;1741137491783;1427
0;1741137495803;1428
