3;04-03-2025 03:02:13.254;04-03-2025 03:01:58.356;14898
3;04-03-2025 03:08:08.253;04-03-2025 03:07:53.353;14900
3;04-03-2025 04:13:23.254;04-03-2025 04:13:08.365;14889
3;04-03-2025 06:39:03.254;04-03-2025 06:38:48.368;14886
3;04-03-2025 07:36:58.254;04-03-2025 07:36:43.337;14917
3;04-03-2025 09:47:13.254;04-03-2025 09:46:58.334;14920
3;04-03-2025 09:54:53.254;04-03-2025 09:54:38.335;14919
3;04-03-2025 09:57:23.254;04-03-2025 09:57:08.360;14894
1;04-03-2025 13:07:56.729;04-03-2025 13:06:33.463;83266
1;04-03-2025 13:08:07.566;04-03-2025 13:06:33.463;94103
1;04-03-2025 13:08:09.916;04-03-2025 13:06:33.463;96453
1;04-03-2025 13:08:10.004;04-03-2025 13:06:33.463;96541
1;04-03-2025 13:08:10.735;04-03-2025 13:06:33.463;97272
1;04-03-2025 13:08:20.391;04-03-2025 13:06:33.463;106928
1;04-03-2025 13:08:20.582;04-03-2025 13:06:33.463;107119
1;04-03-2025 13:08:25.540;04-03-2025 13:06:33.463;112077
1;04-03-2025 13:08:34.851;04-03-2025 13:06:33.463;121388
1;04-03-2025 13:08:40.334;04-03-2025 13:06:33.463;126871
1;04-03-2025 13:08:41.462;04-03-2025 13:06:33.463;127999
1;04-03-2025 13:08:44.947;04-03-2025 13:06:33.463;131484
1;04-03-2025 13:08:45.984;04-03-2025 13:06:33.463;132521
1;04-03-2025 13:08:51.614;04-03-2025 13:06:33.463;138151
1;04-03-2025 13:08:53.620;04-03-2025 13:06:33.463;140157
1;04-03-2025 13:09:00.961;04-03-2025 13:06:33.463;147498
1;04-03-2025 13:09:17.699;04-03-2025 13:06:33.463;164236
1;04-03-2025 13:09:25.713;04-03-2025 13:06:33.463;172250
1;04-03-2025 13:09:32.635;04-03-2025 13:06:33.463;179172
1;04-03-2025 13:09:37.480;04-03-2025 13:06:33.463;184017
1;04-03-2025 13:09:47.723;04-03-2025 13:06:33.463;194260
1;04-03-2025 13:09:48.229;04-03-2025 13:06:33.463;194766
1;04-03-2025 13:09:53.828;04-03-2025 13:06:33.463;200365
1;04-03-2025 13:09:58.652;04-03-2025 13:06:33.463;205189
1;04-03-2025 13:10:00.430;04-03-2025 13:06:33.463;206967
1;04-03-2025 13:10:00.514;04-03-2025 13:06:33.463;207051
1;04-03-2025 13:10:01.209;04-03-2025 13:06:33.463;207746
1;04-03-2025 13:10:02.292;04-03-2025 13:06:33.463;208829
1;04-03-2025 13:10:05.319;04-03-2025 13:06:33.463;211856
1;04-03-2025 13:10:16.544;04-03-2025 13:06:33.463;223081
1;04-03-2025 13:10:17.855;04-03-2025 13:06:33.463;224392
1;04-03-2025 13:10:27.526;04-03-2025 13:06:33.463;234063
1;04-03-2025 13:10:34.262;04-03-2025 13:06:33.463;240799
1;04-03-2025 13:10:44.346;04-03-2025 13:06:33.463;250883
1;04-03-2025 13:10:48.989;04-03-2025 13:06:33.463;255526
1;04-03-2025 13:10:50.440;04-03-2025 13:06:33.463;256977
1;04-03-2025 13:10:54.112;04-03-2025 13:06:33.463;260649
1;04-03-2025 13:10:58.474;04-03-2025 13:06:33.463;265011
1;04-03-2025 13:10:59.839;04-03-2025 13:06:33.463;266376
1;04-03-2025 13:11:02.527;04-03-2025 13:06:33.463;269064
1;04-03-2025 13:11:10.830;04-03-2025 13:06:33.463;277367
1;04-03-2025 13:11:16.738;04-03-2025 13:06:33.463;283275
1;04-03-2025 13:11:21.112;04-03-2025 13:06:33.463;287649
1;04-03-2025 13:11:28.446;04-03-2025 13:06:33.463;294983
1;04-03-2025 13:11:30.815;04-03-2025 13:06:33.463;297352
1;04-03-2025 13:11:42.764;04-03-2025 13:06:33.463;309301
1;04-03-2025 13:11:49.452;04-03-2025 13:06:33.463;315989
1;04-03-2025 13:11:57.990;04-03-2025 13:06:33.463;324527
1;04-03-2025 13:11:58.552;04-03-2025 13:06:33.463;325089
1;04-03-2025 13:11:58.832;04-03-2025 13:06:33.463;325369
1;04-03-2025 13:12:04.094;04-03-2025 13:06:33.463;330631
1;04-03-2025 13:12:11.435;04-03-2025 13:06:33.463;337972
1;04-03-2025 13:12:12.596;04-03-2025 13:06:33.463;339133
1;04-03-2025 13:12:13.756;04-03-2025 13:06:33.463;340293
1;04-03-2025 13:12:20.860;04-03-2025 13:06:33.463;347397
1;04-03-2025 13:12:21.863;04-03-2025 13:06:33.463;348400
1;04-03-2025 13:12:33.348;04-03-2025 13:06:33.463;359885
1;04-03-2025 13:12:37.619;04-03-2025 13:06:33.463;364156
1;04-03-2025 13:12:43.819;04-03-2025 13:06:33.463;370356
1;04-03-2025 13:12:44.373;04-03-2025 13:06:33.463;370910
1;04-03-2025 13:12:58.036;04-03-2025 13:06:33.463;384573
1;04-03-2025 13:13:00.542;04-03-2025 13:06:33.463;387079
1;04-03-2025 13:13:06.515;04-03-2025 13:06:33.463;393052
1;04-03-2025 13:13:12.412;04-03-2025 13:06:33.463;398949
1;04-03-2025 13:13:16.586;04-03-2025 13:06:33.463;403123
1;04-03-2025 13:13:23.737;04-03-2025 13:06:33.463;410274
1;04-03-2025 13:13:29.457;04-03-2025 13:06:33.463;415994
1;04-03-2025 13:13:31.784;04-03-2025 13:06:33.463;418321
1;04-03-2025 13:13:39.792;04-03-2025 13:06:33.463;426329
1;04-03-2025 13:13:41.055;04-03-2025 13:06:33.463;427592
1;04-03-2025 13:13:48.843;04-03-2025 13:06:33.463;435380
1;04-03-2025 13:13:51.946;04-03-2025 13:06:33.463;438483
1;04-03-2025 13:14:00.228;04-03-2025 13:06:33.463;446765
1;04-03-2025 13:14:00.648;04-03-2025 13:06:33.463;447185
1;04-03-2025 13:14:09.663;04-03-2025 13:06:33.463;456200
1;04-03-2025 13:14:11.968;04-03-2025 13:06:33.463;458505
1;04-03-2025 13:14:13.876;04-03-2025 13:06:33.463;460413
1;04-03-2025 13:14:16.551;04-03-2025 13:06:33.463;463088
1;04-03-2025 13:14:20.195;04-03-2025 13:06:33.463;466732
1;04-03-2025 13:14:20.204;04-03-2025 13:06:33.463;466741
1;04-03-2025 13:14:44.770;04-03-2025 13:06:33.463;491307
1;04-03-2025 13:14:49.956;04-03-2025 13:06:33.463;496493
1;04-03-2025 13:14:54.243;04-03-2025 13:06:33.463;500780
1;04-03-2025 13:14:56.878;04-03-2025 13:06:33.463;503415
1;04-03-2025 13:14:59.559;04-03-2025 13:06:33.463;506096
1;04-03-2025 13:15:11.524;04-03-2025 13:06:33.463;518061
1;04-03-2025 13:15:12.380;04-03-2025 13:06:33.463;518917
1;04-03-2025 13:15:12.593;04-03-2025 13:06:33.463;519130
1;04-03-2025 13:15:19.051;04-03-2025 13:06:33.463;525588
1;04-03-2025 13:15:29.979;04-03-2025 13:06:33.463;536516
1;04-03-2025 13:15:30.580;04-03-2025 13:06:33.463;537117
1;04-03-2025 13:15:31.507;04-03-2025 13:06:33.463;538044
1;04-03-2025 13:15:31.889;04-03-2025 13:06:33.463;538426
1;04-03-2025 13:15:43.393;04-03-2025 13:06:33.463;549930
1;04-03-2025 13:15:45.486;04-03-2025 13:06:33.463;552023
1;04-03-2025 13:15:53.896;04-03-2025 13:06:33.463;560433
1;04-03-2025 13:15:54.891;04-03-2025 13:06:33.463;561428
1;04-03-2025 13:16:04.301;04-03-2025 13:06:33.463;570838
1;04-03-2025 13:16:04.832;04-03-2025 13:06:33.463;571369
1;04-03-2025 13:16:06.273;04-03-2025 13:06:33.463;572810
1;04-03-2025 13:16:07.858;04-03-2025 13:06:33.463;574395
1;04-03-2025 13:16:15.863;04-03-2025 13:06:33.463;582400
1;04-03-2025 13:16:27.127;04-03-2025 13:06:33.463;593664
1;04-03-2025 13:16:35.702;04-03-2025 13:06:33.463;602239
1;04-03-2025 13:16:39.696;04-03-2025 13:06:33.463;606233
1;04-03-2025 13:16:46.135;04-03-2025 13:06:33.463;612672
1;04-03-2025 13:16:48.221;04-03-2025 13:06:33.463;614758
1;04-03-2025 13:16:48.560;04-03-2025 13:06:33.463;615097
1;04-03-2025 13:16:51.359;04-03-2025 13:06:33.463;617896
1;04-03-2025 13:16:54.501;04-03-2025 13:06:33.463;621038
1;04-03-2025 13:17:09.456;04-03-2025 13:06:33.463;635993
1;04-03-2025 13:17:15.668;04-03-2025 13:06:33.463;642205
1;04-03-2025 13:17:18.583;04-03-2025 13:06:33.463;645120
1;04-03-2025 13:17:19.124;04-03-2025 13:06:33.463;645661
1;04-03-2025 13:17:19.705;04-03-2025 13:06:33.463;646242
1;04-03-2025 13:17:21.197;04-03-2025 13:06:33.463;647734
1;04-03-2025 13:17:30.249;04-03-2025 13:06:33.463;656786
1;04-03-2025 13:17:38.367;04-03-2025 13:06:33.463;664904
1;04-03-2025 13:17:40.399;04-03-2025 13:06:33.463;666936
1;04-03-2025 13:17:50.466;04-03-2025 13:06:33.463;677003
1;04-03-2025 13:17:56.689;04-03-2025 13:06:33.463;683226
1;04-03-2025 13:18:02.729;04-03-2025 13:06:33.463;689266
1;04-03-2025 13:18:07.547;04-03-2025 13:06:33.463;694084
1;04-03-2025 13:18:09.025;04-03-2025 13:06:33.463;695562
1;04-03-2025 13:18:10.714;04-03-2025 13:06:33.463;697251
1;04-03-2025 13:18:23.194;04-03-2025 13:06:33.463;709731
1;04-03-2025 13:18:24.799;04-03-2025 13:06:33.463;711336
1;04-03-2025 13:18:29.110;04-03-2025 13:06:33.463;715647
1;04-03-2025 13:18:39.183;04-03-2025 13:06:33.463;725720
1;04-03-2025 13:18:40.719;04-03-2025 13:06:33.463;727256
1;04-03-2025 13:18:44.212;04-03-2025 13:06:33.463;730749
1;04-03-2025 13:18:47.268;04-03-2025 13:06:33.463;733805
1;04-03-2025 13:18:52.597;04-03-2025 13:06:33.463;739134
1;04-03-2025 13:18:55.798;04-03-2025 13:06:33.463;742335
1;04-03-2025 13:19:06.293;04-03-2025 13:06:33.463;752830
1;04-03-2025 13:19:13.881;04-03-2025 13:06:33.463;760418
1;04-03-2025 13:19:16.480;04-03-2025 13:06:33.463;763017
1;04-03-2025 13:19:24.615;04-03-2025 13:06:33.463;771152
1;04-03-2025 13:19:26.352;04-03-2025 13:06:33.463;772889
1;04-03-2025 13:19:27.814;04-03-2025 13:06:33.463;774351
1;04-03-2025 13:19:33.167;04-03-2025 13:06:33.463;779704
1;04-03-2025 13:19:35.467;04-03-2025 13:06:33.463;782004
1;04-03-2025 13:19:42.486;04-03-2025 13:06:33.463;789023
1;04-03-2025 13:19:51.211;04-03-2025 13:06:33.463;797748
1;04-03-2025 13:19:52.259;04-03-2025 13:06:33.463;798796
1;04-03-2025 13:19:52.849;04-03-2025 13:06:33.463;799386
1;04-03-2025 13:20:01.953;04-03-2025 13:06:33.463;808490
1;04-03-2025 13:20:02.479;04-03-2025 13:06:33.463;809016
1;04-03-2025 13:20:07.688;04-03-2025 13:06:33.463;814225
1;04-03-2025 13:20:24.148;04-03-2025 13:06:33.463;830685
1;04-03-2025 13:20:24.874;04-03-2025 13:06:33.463;831411
1;04-03-2025 13:20:27.393;04-03-2025 13:06:33.463;833930
1;04-03-2025 13:20:28.154;04-03-2025 13:06:33.463;834691
1;04-03-2025 13:20:41.014;04-03-2025 13:06:33.463;847551
1;04-03-2025 13:20:57.229;04-03-2025 13:06:33.463;863766
1;04-03-2025 13:20:58.991;04-03-2025 13:06:33.463;865528
1;04-03-2025 13:20:59.740;04-03-2025 13:06:33.463;866277
1;04-03-2025 13:21:01.484;04-03-2025 13:06:33.463;868021
1;04-03-2025 13:21:06.682;04-03-2025 13:06:33.463;873219
1;04-03-2025 13:21:08.015;04-03-2025 13:06:33.463;874552
1;04-03-2025 13:21:14.937;04-03-2025 13:06:33.463;881474
1;04-03-2025 13:21:17.082;04-03-2025 13:06:33.463;883619
1;04-03-2025 13:21:23.579;04-03-2025 13:06:33.463;890116
1;04-03-2025 13:21:33.548;04-03-2025 13:06:33.463;900085
1;04-03-2025 13:21:35.716;04-03-2025 13:06:33.463;902253
1;04-03-2025 13:21:45.368;04-03-2025 13:06:33.463;911905
1;04-03-2025 13:21:49.297;04-03-2025 13:06:33.463;915834
1;04-03-2025 13:21:52.216;04-03-2025 13:06:33.463;918753
1;04-03-2025 13:21:54.160;04-03-2025 13:06:33.463;920697
1;04-03-2025 13:21:57.761;04-03-2025 13:06:33.463;924298
1;04-03-2025 13:22:08.903;04-03-2025 13:06:33.463;935440
1;04-03-2025 13:22:09.699;04-03-2025 13:06:33.463;936236
1;04-03-2025 13:22:11.358;04-03-2025 13:06:33.463;937895
1;04-03-2025 13:22:13.052;04-03-2025 13:06:33.463;939589
1;04-03-2025 13:22:30.966;04-03-2025 13:06:33.463;957503
1;04-03-2025 13:22:36.202;04-03-2025 13:06:33.463;962739
1;04-03-2025 13:22:36.352;04-03-2025 13:06:33.463;962889
1;04-03-2025 13:22:40.829;04-03-2025 13:06:33.463;967366
1;04-03-2025 13:22:42.380;04-03-2025 13:06:33.463;968917
1;04-03-2025 13:22:48.004;04-03-2025 13:06:33.463;974541
1;04-03-2025 13:22:51.099;04-03-2025 13:06:33.463;977636
1;04-03-2025 13:22:59.851;04-03-2025 13:06:33.463;986388
1;04-03-2025 13:23:02.340;04-03-2025 13:06:33.463;988877
1;04-03-2025 13:23:10.267;04-03-2025 13:06:33.463;996804
1;04-03-2025 13:23:14.187;04-03-2025 13:06:33.463;1000724
1;04-03-2025 13:23:15.373;04-03-2025 13:06:33.463;1001910
1;04-03-2025 13:23:21.447;04-03-2025 13:06:33.463;1007984
1;04-03-2025 13:23:29.864;04-03-2025 13:06:33.463;1016401
1;04-03-2025 13:23:37.712;04-03-2025 13:06:33.463;1024249
1;04-03-2025 13:23:40.994;04-03-2025 13:06:33.463;1027531
1;04-03-2025 13:23:41.209;04-03-2025 13:06:33.463;1027746
1;04-03-2025 13:23:41.318;04-03-2025 13:06:33.463;1027855
1;04-03-2025 13:23:57.171;04-03-2025 13:06:33.463;1043708
1;04-03-2025 13:24:05.638;04-03-2025 13:06:33.463;1052175
1;04-03-2025 13:24:09.709;04-03-2025 13:06:33.463;1056246
1;04-03-2025 13:24:10.311;04-03-2025 13:06:33.463;1056848
1;04-03-2025 13:24:11.813;04-03-2025 13:06:33.463;1058350
1;04-03-2025 13:24:19.119;04-03-2025 13:06:33.463;1065656
1;04-03-2025 13:24:20.272;04-03-2025 13:06:33.463;1066809
1;04-03-2025 13:24:20.571;04-03-2025 13:06:33.463;1067108
1;04-03-2025 13:24:26.720;04-03-2025 13:06:33.463;1073257
1;04-03-2025 13:24:37.969;04-03-2025 13:06:33.463;1084506
1;04-03-2025 13:24:48.967;04-03-2025 13:06:33.463;1095504
1;04-03-2025 13:24:49.771;04-03-2025 13:06:33.463;1096308
1;04-03-2025 13:24:50.155;04-03-2025 13:06:33.463;1096692
1;04-03-2025 13:24:50.709;04-03-2025 13:06:33.463;1097246
1;04-03-2025 13:25:01.875;04-03-2025 13:06:33.463;1108412
1;04-03-2025 13:25:10.782;04-03-2025 13:06:33.463;1117319
1;04-03-2025 13:25:19.472;04-03-2025 13:06:33.463;1126009
1;04-03-2025 13:25:20.808;04-03-2025 13:06:33.463;1127345
1;04-03-2025 13:25:22.151;04-03-2025 13:06:33.463;1128688
1;04-03-2025 13:25:30.594;04-03-2025 13:06:33.463;1137131
1;04-03-2025 13:25:35.199;04-03-2025 13:06:33.463;1141736
1;04-03-2025 13:25:38.502;04-03-2025 13:06:33.463;1145039
1;04-03-2025 13:25:41.335;04-03-2025 13:06:33.463;1147872
1;04-03-2025 13:25:45.804;04-03-2025 13:06:33.463;1152341
1;04-03-2025 13:26:02.943;04-03-2025 13:06:33.463;1169480
1;04-03-2025 13:26:05.192;04-03-2025 13:06:33.463;1171729
1;04-03-2025 13:26:07.745;04-03-2025 13:06:33.463;1174282
1;04-03-2025 13:26:16.263;04-03-2025 13:06:33.463;1182800
1;04-03-2025 13:26:16.279;04-03-2025 13:06:33.463;1182816
1;04-03-2025 13:26:20.610;04-03-2025 13:06:33.463;1187147
1;04-03-2025 13:26:21.481;04-03-2025 13:06:33.463;1188018
1;04-03-2025 13:26:27.662;04-03-2025 13:06:33.463;1194199
1;04-03-2025 13:26:34.984;04-03-2025 13:06:33.463;1201521
1;04-03-2025 13:26:43.635;04-03-2025 13:06:33.463;1210172
1;04-03-2025 13:26:43.659;04-03-2025 13:06:33.463;1210196
1;04-03-2025 13:26:50.950;04-03-2025 13:06:33.463;1217487
1;04-03-2025 13:26:52.008;04-03-2025 13:06:33.463;1218545
1;04-03-2025 13:26:52.116;04-03-2025 13:06:33.463;1218653
1;04-03-2025 13:27:02.072;04-03-2025 13:06:33.463;1228609
1;04-03-2025 13:27:07.550;04-03-2025 13:06:33.463;1234087
1;04-03-2025 13:27:12.464;04-03-2025 13:06:33.463;1239001
1;04-03-2025 13:27:32.169;04-03-2025 13:06:33.463;1258706
1;04-03-2025 13:27:37.040;04-03-2025 13:06:33.463;1263577
1;04-03-2025 13:27:39.181;04-03-2025 13:06:33.463;1265718
1;04-03-2025 13:27:40.390;04-03-2025 13:06:33.463;1266927
1;04-03-2025 13:27:43.735;04-03-2025 13:06:33.463;1270272
1;04-03-2025 13:27:46.295;04-03-2025 13:06:33.463;1272832
1;04-03-2025 13:27:46.485;04-03-2025 13:06:33.463;1273022
1;04-03-2025 13:27:48.241;04-03-2025 13:06:33.463;1274778
1;04-03-2025 13:27:56.547;04-03-2025 13:06:33.463;1283084
1;04-03-2025 13:28:06.484;04-03-2025 13:06:33.463;1293021
1;04-03-2025 13:28:14.868;04-03-2025 13:06:33.463;1301405
1;04-03-2025 13:28:16.525;04-03-2025 13:06:33.463;1303062
1;04-03-2025 13:28:16.968;04-03-2025 13:06:33.463;1303505
1;04-03-2025 13:28:18.421;04-03-2025 13:06:33.463;1304958
1;04-03-2025 13:28:34.014;04-03-2025 13:06:33.463;1320551
1;04-03-2025 13:28:35.187;04-03-2025 13:06:33.463;1321724
1;04-03-2025 13:28:42.152;04-03-2025 13:06:33.463;1328689
1;04-03-2025 13:28:48.722;04-03-2025 13:06:33.463;1335259
1;04-03-2025 13:28:52.556;04-03-2025 13:06:33.463;1339093
1;04-03-2025 13:28:53.996;04-03-2025 13:06:33.463;1340533
1;04-03-2025 13:29:01.878;04-03-2025 13:06:33.463;1348415
1;04-03-2025 13:29:15.891;04-03-2025 13:06:33.463;1362428
1;04-03-2025 13:29:17.194;04-03-2025 13:06:33.463;1363731
1;04-03-2025 13:29:23.934;04-03-2025 13:06:33.463;1370471
1;04-03-2025 13:29:25.134;04-03-2025 13:06:33.463;1371671
1;04-03-2025 13:29:31.366;04-03-2025 13:06:33.463;1377903
1;04-03-2025 13:29:37.907;04-03-2025 13:06:33.463;1384444
1;04-03-2025 13:29:44.434;04-03-2025 13:06:33.463;1390971
1;04-03-2025 13:29:48.778;04-03-2025 13:06:33.463;1395315
1;04-03-2025 13:29:48.986;04-03-2025 13:06:33.463;1395523
1;04-03-2025 13:29:49.783;04-03-2025 13:06:33.463;1396320
1;04-03-2025 13:30:05.177;04-03-2025 13:06:33.463;1411714
1;04-03-2025 13:30:08.830;04-03-2025 13:06:33.463;1415367
1;04-03-2025 13:30:09.535;04-03-2025 13:06:33.463;1416072
1;04-03-2025 13:30:14.681;04-03-2025 13:06:33.463;1421218
1;04-03-2025 13:30:21.102;04-03-2025 13:06:33.463;1427639
1;04-03-2025 13:30:22.565;04-03-2025 13:06:33.463;1429102
1;04-03-2025 13:30:29.823;04-03-2025 13:06:33.463;1436360
1;04-03-2025 13:30:31.825;04-03-2025 13:06:33.463;1438362
1;04-03-2025 13:30:37.038;04-03-2025 13:06:33.463;1443575
1;04-03-2025 13:30:37.216;04-03-2025 13:06:33.463;1443753
1;04-03-2025 13:30:40.738;04-03-2025 13:06:33.463;1447275
1;04-03-2025 13:30:44.749;04-03-2025 13:06:33.463;1451286
1;04-03-2025 13:30:55.932;04-03-2025 13:06:33.463;1462469
1;04-03-2025 13:30:57.268;04-03-2025 13:06:33.463;1463805
1;04-03-2025 13:30:59.780;04-03-2025 13:06:33.463;1466317
1;04-03-2025 13:31:09.550;04-03-2025 13:06:33.463;1476087
1;04-03-2025 13:31:13.039;04-03-2025 13:06:33.463;1479576
1;04-03-2025 13:31:15.643;04-03-2025 13:06:33.463;1482180
1;04-03-2025 13:31:16.384;04-03-2025 13:06:33.463;1482921
1;04-03-2025 13:31:29.951;04-03-2025 13:06:33.463;1496488
1;04-03-2025 13:31:41.635;04-03-2025 13:06:33.463;1508172
1;04-03-2025 13:31:49.946;04-03-2025 13:06:33.463;1516483
1;04-03-2025 13:31:50.576;04-03-2025 13:06:33.463;1517113
1;04-03-2025 13:31:59.337;04-03-2025 13:06:33.463;1525874
1;04-03-2025 13:32:00.306;04-03-2025 13:06:33.463;1526843
1;04-03-2025 13:32:04.903;04-03-2025 13:06:33.463;1531440
1;04-03-2025 13:32:10.279;04-03-2025 13:06:33.463;1536816
1;04-03-2025 13:32:13.589;04-03-2025 13:06:33.463;1540126
1;04-03-2025 13:32:13.912;04-03-2025 13:06:33.463;1540449
1;04-03-2025 13:32:18.583;04-03-2025 13:06:33.463;1545120
1;04-03-2025 13:32:23.330;04-03-2025 13:06:33.463;1549867
1;04-03-2025 13:32:26.162;04-03-2025 13:06:33.463;1552699
1;04-03-2025 13:32:41.304;04-03-2025 13:06:33.463;1567841
1;04-03-2025 13:32:43.853;04-03-2025 13:06:33.463;1570390
1;04-03-2025 13:32:45.957;04-03-2025 13:06:33.463;1572494
1;04-03-2025 13:32:48.011;04-03-2025 13:06:33.463;1574548
1;04-03-2025 13:32:57.482;04-03-2025 13:06:33.463;1584019
1;04-03-2025 13:33:03.185;04-03-2025 13:06:33.463;1589722
1;04-03-2025 13:33:06.924;04-03-2025 13:06:33.463;1593461
1;04-03-2025 13:33:09.111;04-03-2025 13:06:33.463;1595648
1;04-03-2025 13:33:13.612;04-03-2025 13:06:33.463;1600149
1;04-03-2025 13:33:27.392;04-03-2025 13:06:33.463;1613929
1;04-03-2025 13:33:28.861;04-03-2025 13:06:33.463;1615398
1;04-03-2025 13:33:31.100;04-03-2025 13:06:33.463;1617637
1;04-03-2025 13:33:42.557;04-03-2025 13:06:33.463;1629094
1;04-03-2025 13:33:43.342;04-03-2025 13:06:33.463;1629879
1;04-03-2025 13:33:45.950;04-03-2025 13:06:33.463;1632487
1;04-03-2025 13:33:48.291;04-03-2025 13:06:33.463;1634828
1;04-03-2025 13:33:49.939;04-03-2025 13:06:33.463;1636476
1;04-03-2025 13:33:50.940;04-03-2025 13:06:33.463;1637477
1;04-03-2025 13:34:04.944;04-03-2025 13:06:33.463;1651481
1;04-03-2025 13:34:13.137;04-03-2025 13:06:33.463;1659674
1;04-03-2025 13:34:16.520;04-03-2025 13:06:33.463;1663057
1;04-03-2025 13:34:19.200;04-03-2025 13:06:33.463;1665737
1;04-03-2025 13:34:22.340;04-03-2025 13:06:33.463;1668877
1;04-03-2025 13:34:28.487;04-03-2025 13:06:33.463;1675024
1;04-03-2025 13:34:38.496;04-03-2025 13:06:33.463;1685033
1;04-03-2025 13:34:40.969;04-03-2025 13:06:33.463;1687506
1;04-03-2025 13:34:45.931;04-03-2025 13:06:33.463;1692468
1;04-03-2025 13:34:46.700;04-03-2025 13:06:33.463;1693237
1;04-03-2025 13:34:47.891;04-03-2025 13:06:33.463;1694428
1;04-03-2025 13:35:05.949;04-03-2025 13:06:33.463;1712486
1;04-03-2025 13:35:06.032;04-03-2025 13:06:33.463;1712569
1;04-03-2025 13:35:06.567;04-03-2025 13:06:33.463;1713104
1;04-03-2025 13:35:12.048;04-03-2025 13:06:33.463;1718585
1;04-03-2025 13:35:16.890;04-03-2025 13:06:33.463;1723427
1;04-03-2025 13:35:28.677;04-03-2025 13:06:33.463;1735214
1;04-03-2025 13:35:33.478;04-03-2025 13:06:33.463;1740015
1;04-03-2025 13:35:41.636;04-03-2025 13:06:33.463;1748173
1;04-03-2025 13:35:44.158;04-03-2025 13:06:33.463;1750695
1;04-03-2025 13:35:45.214;04-03-2025 13:06:33.463;1751751
1;04-03-2025 13:35:50.598;04-03-2025 13:06:33.463;1757135
1;04-03-2025 13:35:55.467;04-03-2025 13:06:33.463;1762004
1;04-03-2025 13:35:57.123;04-03-2025 13:06:33.463;1763660
1;04-03-2025 13:35:58.509;04-03-2025 13:06:33.463;1765046
1;04-03-2025 13:36:06.559;04-03-2025 13:06:33.463;1773096
1;04-03-2025 13:36:21.799;04-03-2025 13:06:33.463;1788336
1;04-03-2025 13:36:25.392;04-03-2025 13:06:33.463;1791929
1;04-03-2025 13:36:25.958;04-03-2025 13:06:33.463;1792495
1;04-03-2025 13:36:27.017;04-03-2025 13:06:33.463;1793554
1;04-03-2025 13:36:27.995;04-03-2025 13:06:33.463;1794532
1;04-03-2025 13:36:45.475;04-03-2025 13:06:33.463;1812012
1;04-03-2025 13:36:50.603;04-03-2025 13:06:33.463;1817140
1;04-03-2025 13:36:53.837;04-03-2025 13:06:33.463;1820374
1;04-03-2025 13:37:00.971;04-03-2025 13:06:33.463;1827508
1;04-03-2025 13:37:01.324;04-03-2025 13:06:33.463;1827861
1;04-03-2025 13:37:03.008;04-03-2025 13:06:33.463;1829545
1;04-03-2025 13:37:08.649;04-03-2025 13:06:33.463;1835186
1;04-03-2025 13:37:13.523;04-03-2025 13:06:33.463;1840060
1;04-03-2025 13:37:15.013;04-03-2025 13:06:33.463;1841550
1;04-03-2025 13:37:19.589;04-03-2025 13:06:33.463;1846126
1;04-03-2025 13:37:24.806;04-03-2025 13:06:33.463;1851343
1;04-03-2025 13:37:32.003;04-03-2025 13:06:33.463;1858540
1;04-03-2025 13:37:34.366;04-03-2025 13:06:33.463;1860903
1;04-03-2025 13:37:51.230;04-03-2025 13:06:33.463;1877767
1;04-03-2025 13:37:52.720;04-03-2025 13:06:33.463;1879257
1;04-03-2025 13:37:53.933;04-03-2025 13:06:33.463;1880470
1;04-03-2025 13:37:59.549;04-03-2025 13:06:33.463;1886086
1;04-03-2025 13:38:01.054;04-03-2025 13:06:33.463;1887591
1;04-03-2025 13:38:08.040;04-03-2025 13:06:33.463;1894577
1;04-03-2025 13:38:13.230;04-03-2025 13:06:33.463;1899767
1;04-03-2025 13:38:21.980;04-03-2025 13:06:33.463;1908517
1;04-03-2025 13:38:30.943;04-03-2025 13:06:33.463;1917480
1;04-03-2025 13:38:35.049;04-03-2025 13:06:33.463;1921586
1;04-03-2025 13:38:42.384;04-03-2025 13:06:33.463;1928921
1;04-03-2025 13:38:45.151;04-03-2025 13:06:33.463;1931688
1;04-03-2025 13:38:46.008;04-03-2025 13:06:33.463;1932545
1;04-03-2025 13:38:53.929;04-03-2025 13:06:33.463;1940466
1;04-03-2025 13:38:57.454;04-03-2025 13:06:33.463;1943991
1;04-03-2025 13:39:00.877;04-03-2025 13:06:33.463;1947414
1;04-03-2025 13:39:03.828;04-03-2025 13:06:33.463;1950365
1;04-03-2025 13:39:09.053;04-03-2025 13:06:33.463;1955590
1;04-03-2025 13:39:11.338;04-03-2025 13:06:33.463;1957875
1;04-03-2025 13:39:24.985;04-03-2025 13:06:33.463;1971522
1;04-03-2025 13:39:28.031;04-03-2025 13:06:33.463;1974568
1;04-03-2025 13:39:32.203;04-03-2025 13:06:33.463;1978740
1;04-03-2025 13:39:34.380;04-03-2025 13:06:33.463;1980917
1;04-03-2025 13:39:41.001;04-03-2025 13:06:33.463;1987538
1;04-03-2025 13:39:43.136;04-03-2025 13:06:33.463;1989673
1;04-03-2025 13:39:52.517;04-03-2025 13:06:33.463;1999054
1;04-03-2025 13:39:57.897;04-03-2025 13:06:33.463;2004434
1;04-03-2025 13:39:58.429;04-03-2025 13:06:33.463;2004966
1;04-03-2025 13:40:00.684;04-03-2025 13:06:33.463;2007221
1;04-03-2025 13:40:06.635;04-03-2025 13:06:33.463;2013172
1;04-03-2025 13:40:10.499;04-03-2025 13:06:33.463;2017036
1;04-03-2025 13:40:14.184;04-03-2025 13:06:33.463;2020721
1;04-03-2025 13:40:18.737;04-03-2025 13:06:33.463;2025274
1;04-03-2025 13:40:31.893;04-03-2025 13:06:33.463;2038430
1;04-03-2025 13:40:33.336;04-03-2025 13:06:33.463;2039873
1;04-03-2025 13:40:42.991;04-03-2025 13:06:33.463;2049528
1;04-03-2025 13:40:46.383;04-03-2025 13:06:33.463;2052920
1;04-03-2025 13:40:48.962;04-03-2025 13:06:33.463;2055499
1;04-03-2025 13:40:50.747;04-03-2025 13:06:33.463;2057284
1;04-03-2025 13:40:52.499;04-03-2025 13:06:33.463;2059036
1;04-03-2025 13:41:06.365;04-03-2025 13:06:33.463;2072902
1;04-03-2025 13:41:08.588;04-03-2025 13:06:33.463;2075125
1;04-03-2025 13:41:11.391;04-03-2025 13:06:33.463;2077928
1;04-03-2025 13:41:12.424;04-03-2025 13:06:33.463;2078961
1;04-03-2025 13:41:16.831;04-03-2025 13:06:33.463;2083368
1;04-03-2025 13:41:26.758;04-03-2025 13:06:33.463;2093295
1;04-03-2025 13:41:47.361;04-03-2025 13:06:33.463;2113898
1;04-03-2025 13:41:47.560;04-03-2025 13:06:33.463;2114097
1;04-03-2025 13:41:55.852;04-03-2025 13:06:33.463;2122389
1;04-03-2025 13:41:57.286;04-03-2025 13:06:33.463;2123823
1;04-03-2025 13:42:00.361;04-03-2025 13:06:33.463;2126898
1;04-03-2025 13:42:01.049;04-03-2025 13:06:33.463;2127586
1;04-03-2025 13:42:09.574;04-03-2025 13:06:33.463;2136111
1;04-03-2025 13:42:11.100;04-03-2025 13:06:33.463;2137637
1;04-03-2025 13:42:22.967;04-03-2025 13:06:33.463;2149504
1;04-03-2025 13:42:26.156;04-03-2025 13:06:33.463;2152693
1;04-03-2025 13:42:26.844;04-03-2025 13:06:33.463;2153381
1;04-03-2025 13:42:39.339;04-03-2025 13:06:33.463;2165876
1;04-03-2025 13:42:44.572;04-03-2025 13:06:33.463;2171109
1;04-03-2025 13:42:44.583;04-03-2025 13:06:33.463;2171120
1;04-03-2025 13:42:51.032;04-03-2025 13:06:33.463;2177569
1;04-03-2025 13:42:51.702;04-03-2025 13:06:33.463;2178239
1;04-03-2025 13:42:51.809;04-03-2025 13:06:33.463;2178346
1;04-03-2025 13:42:54.218;04-03-2025 13:06:33.463;2180755
1;04-03-2025 13:42:58.586;04-03-2025 13:06:33.463;2185123
1;04-03-2025 13:43:02.543;04-03-2025 13:06:33.463;2189080
1;04-03-2025 13:43:20.807;04-03-2025 13:06:33.463;2207344
1;04-03-2025 13:43:22.530;04-03-2025 13:06:33.463;2209067
1;04-03-2025 13:43:25.552;04-03-2025 13:06:33.463;2212089
1;04-03-2025 13:43:27.849;04-03-2025 13:06:33.463;2214386
1;04-03-2025 13:43:31.618;04-03-2025 13:06:33.463;2218155
1;04-03-2025 13:43:33.930;04-03-2025 13:06:33.463;2220467
1;04-03-2025 13:43:44.458;04-03-2025 13:06:33.463;2230995
1;04-03-2025 13:43:55.684;04-03-2025 13:06:33.463;2242221
1;04-03-2025 13:43:58.933;04-03-2025 13:06:33.463;2245470
1;04-03-2025 13:43:59.155;04-03-2025 13:06:33.463;2245692
1;04-03-2025 13:44:06.208;04-03-2025 13:06:33.463;2252745
1;04-03-2025 13:44:06.351;04-03-2025 13:06:33.463;2252888
1;04-03-2025 13:44:06.981;04-03-2025 13:06:33.463;2253518
1;04-03-2025 13:44:15.798;04-03-2025 13:06:33.463;2262335
1;04-03-2025 13:44:18.115;04-03-2025 13:06:33.463;2264652
1;04-03-2025 13:44:31.166;04-03-2025 13:06:33.463;2277703
1;04-03-2025 13:44:35.384;04-03-2025 13:06:33.463;2281921
1;04-03-2025 13:44:47.711;04-03-2025 13:06:33.463;2294248
1;04-03-2025 13:44:48.676;04-03-2025 13:06:33.463;2295213
1;04-03-2025 13:44:50.980;04-03-2025 13:06:33.463;2297517
1;04-03-2025 13:44:51.431;04-03-2025 13:06:33.463;2297968
1;04-03-2025 13:44:58.145;04-03-2025 13:06:33.463;2304682
1;04-03-2025 13:45:05.836;04-03-2025 13:06:33.463;2312373
1;04-03-2025 13:45:10.604;04-03-2025 13:06:33.463;2317141
1;04-03-2025 13:45:11.411;04-03-2025 13:06:33.463;2317948
1;04-03-2025 13:45:23.809;04-03-2025 13:06:33.463;2330346
1;04-03-2025 13:45:23.824;04-03-2025 13:06:33.463;2330361
1;04-03-2025 13:45:26.889;04-03-2025 13:06:33.463;2333426
1;04-03-2025 13:45:37.252;04-03-2025 13:06:33.463;2343789
1;04-03-2025 13:45:49.067;04-03-2025 13:06:33.463;2355604
1;04-03-2025 13:45:49.236;04-03-2025 13:06:33.463;2355773
1;04-03-2025 13:45:53.474;04-03-2025 13:06:33.463;2360011
1;04-03-2025 13:45:53.770;04-03-2025 13:06:33.463;2360307
1;04-03-2025 13:45:56.937;04-03-2025 13:06:33.463;2363474
1;04-03-2025 13:46:03.748;04-03-2025 13:06:33.463;2370285
1;04-03-2025 13:46:15.141;04-03-2025 13:06:33.463;2381678
1;04-03-2025 13:46:15.861;04-03-2025 13:06:33.463;2382398
1;04-03-2025 13:46:17.582;04-03-2025 13:06:33.463;2384119
1;04-03-2025 13:46:22.166;04-03-2025 13:06:33.463;2388703
1;04-03-2025 13:46:22.792;04-03-2025 13:06:33.463;2389329
1;04-03-2025 13:46:30.900;04-03-2025 13:06:33.463;2397437
1;04-03-2025 13:46:42.061;04-03-2025 13:06:33.463;2408598
1;04-03-2025 13:46:44.280;04-03-2025 13:06:33.463;2410817
1;04-03-2025 13:46:51.569;04-03-2025 13:06:33.463;2418106
1;04-03-2025 13:46:59.000;04-03-2025 13:06:33.463;2425537
1;04-03-2025 13:47:00.128;04-03-2025 13:06:33.463;2426665
1;04-03-2025 13:47:04.420;04-03-2025 13:06:33.463;2430957
1;04-03-2025 13:47:06.542;04-03-2025 13:06:33.463;2433079
1;04-03-2025 13:47:11.174;04-03-2025 13:06:33.463;2437711
1;04-03-2025 13:47:29.301;04-03-2025 13:06:33.463;2455838
1;04-03-2025 13:47:30.870;04-03-2025 13:06:33.463;2457407
1;04-03-2025 13:47:31.744;04-03-2025 13:06:33.463;2458281
1;04-03-2025 13:47:32.814;04-03-2025 13:06:33.463;2459351
1;04-03-2025 13:47:32.964;04-03-2025 13:06:33.463;2459501
1;04-03-2025 13:47:33.631;04-03-2025 13:06:33.463;2460168
1;04-03-2025 13:47:42.916;04-03-2025 13:06:33.463;2469453
1;04-03-2025 13:47:56.020;04-03-2025 13:06:33.463;2482557
1;04-03-2025 13:48:00.006;04-03-2025 13:06:33.463;2486543
1;04-03-2025 13:48:03.907;04-03-2025 13:06:33.463;2490444
1;04-03-2025 13:48:08.632;04-03-2025 13:06:33.463;2495169
1;04-03-2025 13:48:15.652;04-03-2025 13:06:33.463;2502189
1;04-03-2025 13:48:16.627;04-03-2025 13:06:33.463;2503164
1;04-03-2025 13:48:30.589;04-03-2025 13:06:33.463;2517126
1;04-03-2025 13:48:35.799;04-03-2025 13:06:33.463;2522336
1;04-03-2025 13:48:41.707;04-03-2025 13:06:33.463;2528244
1;04-03-2025 13:48:42.150;04-03-2025 13:06:33.463;2528687
1;04-03-2025 13:48:42.437;04-03-2025 13:06:33.463;2528974
1;04-03-2025 13:48:52.851;04-03-2025 13:06:33.463;2539388
1;04-03-2025 13:48:55.143;04-03-2025 13:06:33.463;2541680
1;04-03-2025 13:48:58.053;04-03-2025 13:06:33.463;2544590
1;04-03-2025 13:49:08.208;04-03-2025 13:06:33.463;2554745
1;04-03-2025 13:49:08.655;04-03-2025 13:06:33.463;2555192
1;04-03-2025 13:49:12.854;04-03-2025 13:06:33.463;2559391
1;04-03-2025 13:49:19.942;04-03-2025 13:06:33.463;2566479
1;04-03-2025 13:49:29.980;04-03-2025 13:06:33.463;2576517
1;04-03-2025 13:49:33.956;04-03-2025 13:06:33.463;2580493
1;04-03-2025 13:49:34.234;04-03-2025 13:06:33.463;2580771
1;04-03-2025 13:49:39.395;04-03-2025 13:06:33.463;2585932
1;04-03-2025 13:49:41.003;04-03-2025 13:06:33.463;2587540
1;04-03-2025 13:49:48.517;04-03-2025 13:06:33.463;2595054
1;04-03-2025 13:50:02.793;04-03-2025 13:06:33.463;2609330
1;04-03-2025 13:50:05.554;04-03-2025 13:06:33.463;2612091
1;04-03-2025 13:50:07.495;04-03-2025 13:06:33.463;2614032
1;04-03-2025 13:50:08.467;04-03-2025 13:06:33.463;2615004
1;04-03-2025 13:50:08.635;04-03-2025 13:06:33.463;2615172
1;04-03-2025 13:50:11.866;04-03-2025 13:06:33.463;2618403
1;04-03-2025 13:50:25.577;04-03-2025 13:06:33.463;2632114
1;04-03-2025 13:50:31.108;04-03-2025 13:06:33.463;2637645
1;04-03-2025 13:50:32.672;04-03-2025 13:06:33.463;2639209
1;04-03-2025 13:50:39.372;04-03-2025 13:06:33.463;2645909
1;04-03-2025 13:50:42.981;04-03-2025 13:06:33.463;2649518
1;04-03-2025 13:50:50.599;04-03-2025 13:06:33.463;2657136
1;04-03-2025 13:50:51.030;04-03-2025 13:06:33.463;2657567
1;04-03-2025 13:50:53.619;04-03-2025 13:06:33.463;2660156
1;04-03-2025 13:51:06.303;04-03-2025 13:06:33.463;2672840
1;04-03-2025 13:51:12.420;04-03-2025 13:06:33.463;2678957
1;04-03-2025 13:51:13.424;04-03-2025 13:06:33.463;2679961
1;04-03-2025 13:51:14.615;04-03-2025 13:06:33.463;2681152
1;04-03-2025 13:51:19.233;04-03-2025 13:06:33.463;2685770
1;04-03-2025 13:51:28.076;04-03-2025 13:06:33.463;2694613
1;04-03-2025 13:51:39.119;04-03-2025 13:06:33.463;2705656
1;04-03-2025 13:51:45.006;04-03-2025 13:06:33.463;2711543
1;04-03-2025 13:51:46.860;04-03-2025 13:06:33.463;2713397
1;04-03-2025 13:51:48.581;04-03-2025 13:06:33.463;2715118
1;04-03-2025 13:51:57.760;04-03-2025 13:06:33.463;2724297
1;04-03-2025 13:51:58.655;04-03-2025 13:06:33.463;2725192
1;04-03-2025 13:52:01.549;04-03-2025 13:06:33.463;2728086
1;04-03-2025 13:52:05.616;04-03-2025 13:06:33.463;2732153
1;04-03-2025 13:52:20.993;04-03-2025 13:06:33.463;2747530
1;04-03-2025 13:52:22.020;04-03-2025 13:06:33.463;2748557
1;04-03-2025 13:52:25.045;04-03-2025 13:06:33.463;2751582
1;04-03-2025 13:52:30.337;04-03-2025 13:06:33.463;2756874
1;04-03-2025 13:52:35.722;04-03-2025 13:06:33.463;2762259
1;04-03-2025 13:52:36.140;04-03-2025 13:06:33.463;2762677
1;04-03-2025 13:52:42.897;04-03-2025 13:06:33.463;2769434
1;04-03-2025 13:52:48.464;04-03-2025 13:06:33.463;2775001
1;04-03-2025 13:52:55.249;04-03-2025 13:06:33.463;2781786
1;04-03-2025 13:53:02.885;04-03-2025 13:06:33.463;2789422
1;04-03-2025 13:53:04.333;04-03-2025 13:06:33.463;2790870
1;04-03-2025 13:53:12.229;04-03-2025 13:06:33.463;2798766
1;04-03-2025 13:53:14.523;04-03-2025 13:06:33.463;2801060
1;04-03-2025 13:53:25.821;04-03-2025 13:06:33.463;2812358
1;04-03-2025 13:53:27.969;04-03-2025 13:06:33.463;2814506
1;04-03-2025 13:53:30.363;04-03-2025 13:06:33.463;2816900
1;04-03-2025 13:53:31.941;04-03-2025 13:06:33.463;2818478
1;04-03-2025 13:53:50.173;04-03-2025 13:06:33.463;2836710
1;04-03-2025 13:53:53.096;04-03-2025 13:06:33.463;2839633
1;04-03-2025 13:53:53.566;04-03-2025 13:06:33.463;2840103
1;04-03-2025 13:53:58.964;04-03-2025 13:06:33.463;2845501
1;04-03-2025 13:54:07.809;04-03-2025 13:06:33.463;2854346
1;04-03-2025 13:54:10.036;04-03-2025 13:06:33.463;2856573
1;04-03-2025 13:54:13.025;04-03-2025 13:06:33.463;2859562
1;04-03-2025 13:54:27.746;04-03-2025 13:06:33.463;2874283
1;04-03-2025 13:54:28.747;04-03-2025 13:06:33.463;2875284
1;04-03-2025 13:54:32.662;04-03-2025 13:06:33.463;2879199
1;04-03-2025 13:54:33.322;04-03-2025 13:06:33.463;2879859
1;04-03-2025 13:54:33.961;04-03-2025 13:06:33.463;2880498
1;04-03-2025 13:54:46.475;04-03-2025 13:06:33.463;2893012
1;04-03-2025 13:54:49.385;04-03-2025 13:06:33.463;2895922
1;04-03-2025 13:54:52.853;04-03-2025 13:06:33.463;2899390
1;04-03-2025 13:54:59.008;04-03-2025 13:06:33.463;2905545
1;04-03-2025 13:54:59.013;04-03-2025 13:06:33.463;2905550
1;04-03-2025 13:55:05.690;04-03-2025 13:06:33.463;2912227
1;04-03-2025 13:55:08.323;04-03-2025 13:06:33.463;2914860
1;04-03-2025 13:55:14.544;04-03-2025 13:06:33.463;2921081
1;04-03-2025 13:55:15.042;04-03-2025 13:06:33.463;2921579
1;04-03-2025 13:55:24.636;04-03-2025 13:06:33.463;2931173
1;04-03-2025 13:55:33.385;04-03-2025 13:06:33.463;2939922
1;04-03-2025 13:55:39.113;04-03-2025 13:06:33.463;2945650
1;04-03-2025 13:55:43.013;04-03-2025 13:06:33.463;2949550
1;04-03-2025 13:55:45.741;04-03-2025 13:06:33.463;2952278
1;04-03-2025 13:55:57.467;04-03-2025 13:06:33.463;2964004
1;04-03-2025 13:56:07.937;04-03-2025 13:06:33.463;2974474
1;04-03-2025 13:56:10.732;04-03-2025 13:06:33.463;2977269
1;04-03-2025 13:56:13.497;04-03-2025 13:06:33.463;2980034
1;04-03-2025 13:56:14.776;04-03-2025 13:06:33.463;2981313
1;04-03-2025 13:56:15.951;04-03-2025 13:06:33.463;2982488
1;04-03-2025 13:56:16.769;04-03-2025 13:06:33.463;2983306
1;04-03-2025 13:56:18.829;04-03-2025 13:06:33.463;2985366
1;04-03-2025 13:56:27.910;04-03-2025 13:06:33.463;2994447
1;04-03-2025 13:56:31.831;04-03-2025 13:06:33.463;2998368
1;04-03-2025 13:56:33.744;04-03-2025 13:06:33.463;3000281
1;04-03-2025 13:56:35.699;04-03-2025 13:06:33.463;3002236
1;04-03-2025 13:56:54.497;04-03-2025 13:06:33.463;3021034
1;04-03-2025 13:56:57.464;04-03-2025 13:06:33.463;3024001
1;04-03-2025 13:57:03.101;04-03-2025 13:06:33.463;3029638
1;04-03-2025 13:57:03.375;04-03-2025 13:06:33.463;3029912
1;04-03-2025 13:57:10.514;04-03-2025 13:06:33.463;3037051
1;04-03-2025 13:57:17.755;04-03-2025 13:06:33.463;3044292
1;04-03-2025 13:57:26.334;04-03-2025 13:06:33.463;3052871
1;04-03-2025 13:57:31.629;04-03-2025 13:06:33.463;3058166
1;04-03-2025 13:57:32.486;04-03-2025 13:06:33.463;3059023
1;04-03-2025 13:57:40.978;04-03-2025 13:06:33.463;3067515
1;04-03-2025 13:57:49.759;04-03-2025 13:06:33.463;3076296
1;04-03-2025 13:57:52.158;04-03-2025 13:06:33.463;3078695
1;04-03-2025 13:57:54.441;04-03-2025 13:06:33.463;3080978
1;04-03-2025 13:57:58.264;04-03-2025 13:06:33.463;3084801
1;04-03-2025 13:58:03.092;04-03-2025 13:06:33.463;3089629
1;04-03-2025 13:58:08.356;04-03-2025 13:06:33.463;3094893
1;04-03-2025 13:58:13.084;04-03-2025 13:06:33.463;3099621
1;04-03-2025 13:58:15.263;04-03-2025 13:06:33.463;3101800
1;04-03-2025 13:58:15.320;04-03-2025 13:06:33.463;3101857
1;04-03-2025 13:58:18.495;04-03-2025 13:06:33.463;3105032
1;04-03-2025 13:58:39.678;04-03-2025 13:06:33.463;3126215
1;04-03-2025 13:58:45.620;04-03-2025 13:06:33.463;3132157
1;04-03-2025 13:58:49.483;04-03-2025 13:06:33.463;3136020
1;04-03-2025 13:58:50.772;04-03-2025 13:06:33.463;3137309
1;04-03-2025 13:58:51.255;04-03-2025 13:06:33.463;3137792
1;04-03-2025 13:58:56.217;04-03-2025 13:06:33.463;3142754
1;04-03-2025 13:59:02.454;04-03-2025 13:06:33.463;3148991
1;04-03-2025 13:59:07.097;04-03-2025 13:06:33.463;3153634
1;04-03-2025 13:59:12.308;04-03-2025 13:06:33.463;3158845
1;04-03-2025 13:59:15.616;04-03-2025 13:06:33.463;3162153
1;04-03-2025 13:59:22.630;04-03-2025 13:06:33.463;3169167
1;04-03-2025 13:59:30.453;04-03-2025 13:06:33.463;3176990
1;04-03-2025 13:59:32.990;04-03-2025 13:06:33.463;3179527
1;04-03-2025 13:59:37.384;04-03-2025 13:06:33.463;3183921
1;04-03-2025 13:59:38.589;04-03-2025 13:06:33.463;3185126
1;04-03-2025 13:59:42.515;04-03-2025 13:06:33.463;3189052
1;04-03-2025 13:59:50.422;04-03-2025 13:06:33.463;3196959
1;04-03-2025 13:59:59.053;04-03-2025 13:06:33.463;3205590
1;04-03-2025 14:00:02.241;04-03-2025 13:06:33.463;3208778
1;04-03-2025 14:00:04.348;04-03-2025 13:06:33.463;3210885
1;04-03-2025 14:00:06.055;04-03-2025 13:06:33.463;3212592
1;04-03-2025 14:00:12.163;04-03-2025 13:06:33.463;3218700
1;04-03-2025 14:00:22.789;04-03-2025 13:06:33.463;3229326
1;04-03-2025 14:00:34.460;04-03-2025 13:06:33.463;3240997
1;04-03-2025 14:00:36.179;04-03-2025 13:06:33.463;3242716
1;04-03-2025 14:00:41.360;04-03-2025 13:06:33.463;3247897
1;04-03-2025 14:00:42.290;04-03-2025 13:06:33.463;3248827
1;04-03-2025 14:00:44.501;04-03-2025 13:06:33.463;3251038
1;04-03-2025 14:00:50.832;04-03-2025 13:06:33.463;3257369
1;04-03-2025 14:00:53.735;04-03-2025 13:06:33.463;3260272
1;04-03-2025 14:01:06.001;04-03-2025 13:06:33.463;3272538
1;04-03-2025 14:01:10.418;04-03-2025 13:06:33.463;3276955
1;04-03-2025 14:01:11.138;04-03-2025 13:06:33.463;3277675
1;04-03-2025 14:01:15.479;04-03-2025 13:06:33.463;3282016
1;04-03-2025 14:01:16.032;04-03-2025 13:06:33.463;3282569
1;04-03-2025 14:01:18.753;04-03-2025 13:06:33.463;3285290
1;04-03-2025 14:01:23.951;04-03-2025 13:06:33.463;3290488
1;04-03-2025 14:01:27.637;04-03-2025 13:06:33.463;3294174
1;04-03-2025 14:01:36.339;04-03-2025 13:06:33.463;3302876
1;04-03-2025 14:01:49.718;04-03-2025 13:06:33.463;3316255
1;04-03-2025 14:01:59.749;04-03-2025 13:06:33.463;3326286
1;04-03-2025 14:02:01.336;04-03-2025 13:06:33.463;3327873
1;04-03-2025 14:02:01.908;04-03-2025 13:06:33.463;3328445
1;04-03-2025 14:02:04.575;04-03-2025 13:06:33.463;3331112
1;04-03-2025 14:02:05.877;04-03-2025 13:06:33.463;3332414
1;04-03-2025 14:02:06.136;04-03-2025 13:06:33.463;3332673
1;04-03-2025 14:02:08.061;04-03-2025 13:06:33.463;3334598
1;04-03-2025 14:02:16.211;04-03-2025 13:06:33.463;3342748
1;04-03-2025 14:02:27.610;04-03-2025 13:06:33.463;3354147
1;04-03-2025 14:02:33.943;04-03-2025 13:06:33.463;3360480
1;04-03-2025 14:02:35.201;04-03-2025 13:06:33.463;3361738
1;04-03-2025 14:02:40.861;04-03-2025 13:06:33.463;3367398
1;04-03-2025 14:02:45.802;04-03-2025 13:06:33.463;3372339
1;04-03-2025 14:02:48.535;04-03-2025 13:06:33.463;3375072
1;04-03-2025 14:02:53.549;04-03-2025 13:06:33.463;3380086
1;04-03-2025 14:02:53.597;04-03-2025 13:06:33.463;3380134
1;04-03-2025 14:03:01.519;04-03-2025 13:06:33.463;3388056
1;04-03-2025 14:03:12.467;04-03-2025 13:06:33.463;3399004
1;04-03-2025 14:03:17.659;04-03-2025 13:06:33.463;3404196
1;04-03-2025 14:03:23.619;04-03-2025 13:06:33.463;3410156
1;04-03-2025 14:03:28.377;04-03-2025 13:06:33.463;3414914
1;04-03-2025 14:03:32.109;04-03-2025 13:06:33.463;3418646
1;04-03-2025 14:03:32.215;04-03-2025 13:06:33.463;3418752
1;04-03-2025 14:03:42.099;04-03-2025 13:06:33.463;3428636
1;04-03-2025 14:03:49.966;04-03-2025 13:06:33.463;3436503
1;04-03-2025 14:03:55.887;04-03-2025 13:06:33.463;3442424
1;04-03-2025 14:04:01.493;04-03-2025 13:06:33.463;3448030
1;04-03-2025 14:04:12.597;04-03-2025 13:06:33.463;3459134
1;04-03-2025 14:04:14.080;04-03-2025 13:06:33.463;3460617
1;04-03-2025 14:04:15.886;04-03-2025 13:06:33.463;3462423
1;04-03-2025 14:04:16.821;04-03-2025 13:06:33.463;3463358
1;04-03-2025 14:04:22.466;04-03-2025 13:06:33.463;3469003
1;04-03-2025 14:04:30.825;04-03-2025 13:06:33.463;3477362
1;04-03-2025 14:04:36.453;04-03-2025 13:06:33.463;3482990
1;04-03-2025 14:04:37.566;04-03-2025 13:06:33.463;3484103
1;04-03-2025 14:04:45.927;04-03-2025 13:06:33.463;3492464
1;04-03-2025 14:04:52.357;04-03-2025 13:06:33.463;3498894
1;04-03-2025 14:04:54.613;04-03-2025 13:06:33.463;3501150
1;04-03-2025 14:04:55.408;04-03-2025 13:06:33.463;3501945
1;04-03-2025 14:05:00.271;04-03-2025 13:06:33.463;3506808
1;04-03-2025 14:05:02.235;04-03-2025 13:06:33.463;3508772
1;04-03-2025 14:05:15.864;04-03-2025 13:06:33.463;3522401
1;04-03-2025 14:05:16.729;04-03-2025 13:06:33.463;3523266
1;04-03-2025 14:05:18.768;04-03-2025 13:06:33.463;3525305
1;04-03-2025 14:05:33.062;04-03-2025 13:06:33.463;3539599
1;04-03-2025 14:05:41.673;04-03-2025 13:06:33.463;3548210
1;04-03-2025 14:05:42.057;04-03-2025 13:06:33.463;3548594
1;04-03-2025 14:05:42.816;04-03-2025 13:06:33.463;3549353
1;04-03-2025 14:05:49.602;04-03-2025 13:06:33.463;3556139
1;04-03-2025 14:05:51.091;04-03-2025 13:06:33.463;3557628
1;04-03-2025 14:05:56.471;04-03-2025 13:06:33.463;3563008
1;04-03-2025 14:05:56.552;04-03-2025 13:06:33.463;3563089
1;04-03-2025 14:05:57.132;04-03-2025 13:06:33.463;3563669
1;04-03-2025 14:06:19.404;04-03-2025 13:06:33.463;3585941
1;04-03-2025 14:06:24.168;04-03-2025 13:06:33.463;3590705
1;04-03-2025 14:06:27.871;04-03-2025 13:06:33.463;3594408
1;04-03-2025 14:06:31.443;04-03-2025 13:06:33.463;3597980
1;04-03-2025 14:06:32.067;04-03-2025 13:06:33.463;3598604
1;04-03-2025 14:06:33.504;04-03-2025 13:06:33.463;3600041
1;04-03-2025 14:06:50.546;04-03-2025 13:06:33.463;3617083
1;04-03-2025 14:06:53.309;04-03-2025 13:06:33.463;3619846
1;04-03-2025 14:06:54.777;04-03-2025 13:06:33.463;3621314
1;04-03-2025 14:06:57.645;04-03-2025 13:06:33.463;3624182
1;04-03-2025 14:07:03.273;04-03-2025 13:06:33.463;3629810
1;04-03-2025 14:07:13.261;04-03-2025 13:06:33.463;3639798
1;04-03-2025 14:07:14.642;04-03-2025 13:06:33.463;3641179
1;04-03-2025 14:07:15.500;04-03-2025 13:06:33.463;3642037
1;04-03-2025 14:07:15.830;04-03-2025 13:06:33.463;3642367
1;04-03-2025 14:07:16.121;04-03-2025 13:06:33.463;3642658
1;04-03-2025 14:07:35.551;04-03-2025 13:06:33.463;3662088
1;04-03-2025 14:07:38.912;04-03-2025 13:06:33.463;3665449
1;04-03-2025 14:07:54.063;04-03-2025 13:06:33.463;3680600
1;04-03-2025 14:07:55.295;04-03-2025 13:06:33.463;3681832
1;04-03-2025 14:07:56.658;04-03-2025 13:06:33.463;3683195
1;04-03-2025 14:07:59.291;04-03-2025 13:06:33.463;3685828
1;04-03-2025 14:08:00.173;04-03-2025 13:06:33.463;3686710
1;04-03-2025 14:08:03.185;04-03-2025 13:06:33.463;3689722
1;04-03-2025 14:08:09.498;04-03-2025 13:06:33.463;3696035
1;04-03-2025 14:08:29.062;04-03-2025 13:06:33.463;3715599
1;04-03-2025 14:08:30.121;04-03-2025 13:06:33.463;3716658
1;04-03-2025 14:08:34.862;04-03-2025 13:06:33.463;3721399
1;04-03-2025 14:08:39.345;04-03-2025 13:06:33.463;3725882
1;04-03-2025 14:08:40.449;04-03-2025 13:06:33.463;3726986
1;04-03-2025 14:08:44.546;04-03-2025 13:06:33.463;3731083
1;04-03-2025 14:08:50.655;04-03-2025 13:06:33.463;3737192
1;04-03-2025 14:08:52.351;04-03-2025 13:06:33.463;3738888
1;04-03-2025 14:09:05.042;04-03-2025 13:06:33.463;3751579
1;04-03-2025 14:09:06.718;04-03-2025 13:06:33.463;3753255
1;04-03-2025 14:09:07.141;04-03-2025 13:06:33.463;3753678
1;04-03-2025 14:09:09.739;04-03-2025 13:06:33.463;3756276
1;04-03-2025 14:09:21.417;04-03-2025 13:06:33.463;3767954
1;04-03-2025 14:09:23.474;04-03-2025 13:06:33.463;3770011
1;04-03-2025 14:09:39.563;04-03-2025 13:06:33.463;3786100
1;04-03-2025 14:09:39.926;04-03-2025 13:06:33.463;3786463
1;04-03-2025 14:09:40.937;04-03-2025 13:06:33.463;3787474
1;04-03-2025 14:09:47.442;04-03-2025 13:06:33.463;3793979
1;04-03-2025 14:09:54.794;04-03-2025 13:06:33.463;3801331
1;04-03-2025 14:10:00.812;04-03-2025 13:06:33.463;3807349
1;04-03-2025 14:10:00.989;04-03-2025 13:06:33.463;3807526
1;04-03-2025 14:10:05.471;04-03-2025 13:06:33.463;3812008
1;04-03-2025 14:10:07.108;04-03-2025 13:06:33.463;3813645
1;04-03-2025 14:10:14.218;04-03-2025 13:06:33.463;3820755
1;04-03-2025 14:10:14.862;04-03-2025 13:06:33.463;3821399
1;04-03-2025 14:10:16.242;04-03-2025 13:06:33.463;3822779
1;04-03-2025 14:10:30.382;04-03-2025 13:06:33.463;3836919
1;04-03-2025 14:10:39.333;04-03-2025 13:06:33.463;3845870
1;04-03-2025 14:10:39.918;04-03-2025 13:06:33.463;3846455
1;04-03-2025 14:10:43.159;04-03-2025 13:06:33.463;3849696
1;04-03-2025 14:10:47.606;04-03-2025 13:06:33.463;3854143
1;04-03-2025 14:10:55.879;04-03-2025 13:06:33.463;3862416
1;04-03-2025 14:10:56.572;04-03-2025 13:06:33.463;3863109
1;04-03-2025 14:11:06.841;04-03-2025 13:06:33.463;3873378
1;04-03-2025 14:11:14.418;04-03-2025 13:06:33.463;3880955
1;04-03-2025 14:11:18.319;04-03-2025 13:06:33.463;3884856
1;04-03-2025 14:11:22.267;04-03-2025 13:06:33.463;3888804
1;04-03-2025 14:11:30.724;04-03-2025 13:06:33.463;3897261
1;04-03-2025 14:11:33.230;04-03-2025 13:06:33.463;3899767
1;04-03-2025 14:11:35.039;04-03-2025 13:06:33.463;3901576
1;04-03-2025 14:11:36.779;04-03-2025 13:06:33.463;3903316
1;04-03-2025 14:11:46.253;04-03-2025 13:06:33.463;3912790
1;04-03-2025 14:11:48.752;04-03-2025 13:06:33.463;3915289
1;04-03-2025 14:11:59.539;04-03-2025 13:06:33.463;3926076
1;04-03-2025 14:12:01.814;04-03-2025 13:06:33.463;3928351
1;04-03-2025 14:12:04.891;04-03-2025 13:06:33.463;3931428
1;04-03-2025 14:12:07.474;04-03-2025 13:06:33.463;3934011
1;04-03-2025 14:12:16.568;04-03-2025 13:06:33.463;3943105
1;04-03-2025 14:12:22.020;04-03-2025 13:06:33.463;3948557
1;04-03-2025 14:12:26.485;04-03-2025 13:06:33.463;3953022
1;04-03-2025 14:12:35.514;04-03-2025 13:06:33.463;3962051
1;04-03-2025 14:12:45.283;04-03-2025 13:06:33.463;3971820
1;04-03-2025 14:12:50.892;04-03-2025 13:06:33.463;3977429
1;04-03-2025 14:12:52.312;04-03-2025 13:06:33.463;3978849
1;04-03-2025 14:12:52.928;04-03-2025 13:06:33.463;3979465
1;04-03-2025 14:12:56.282;04-03-2025 13:06:33.463;3982819
1;04-03-2025 14:12:57.634;04-03-2025 13:06:33.463;3984171
1;04-03-2025 14:13:05.061;04-03-2025 13:06:33.463;3991598
1;04-03-2025 14:13:11.466;04-03-2025 13:06:33.463;3998003
1;04-03-2025 14:13:16.156;04-03-2025 13:06:33.463;4002693
1;04-03-2025 14:13:22.805;04-03-2025 13:06:33.463;4009342
1;04-03-2025 14:13:24.997;04-03-2025 13:06:33.463;4011534
1;04-03-2025 14:13:27.433;04-03-2025 13:06:33.463;4013970
1;04-03-2025 14:13:36.990;04-03-2025 13:06:33.463;4023527
1;04-03-2025 14:13:46.807;04-03-2025 13:06:33.463;4033344
1;04-03-2025 14:13:47.432;04-03-2025 13:06:33.463;4033969
1;04-03-2025 14:13:54.451;04-03-2025 13:06:33.463;4040988
1;04-03-2025 14:13:57.632;04-03-2025 13:06:33.463;4044169
1;04-03-2025 14:14:02.020;04-03-2025 13:06:33.463;4048557
1;04-03-2025 14:14:02.098;04-03-2025 13:06:33.463;4048635
1;04-03-2025 14:14:07.959;04-03-2025 13:06:33.463;4054496
1;04-03-2025 14:14:10.258;04-03-2025 13:06:33.463;4056795
1;04-03-2025 14:14:24.168;04-03-2025 13:06:33.463;4070705
1;04-03-2025 14:14:28.633;04-03-2025 13:06:33.463;4075170
1;04-03-2025 14:14:30.718;04-03-2025 13:06:33.463;4077255
1;04-03-2025 14:14:35.487;04-03-2025 13:06:33.463;4082024
1;04-03-2025 14:14:42.821;04-03-2025 13:06:33.463;4089358
1;04-03-2025 14:14:46.959;04-03-2025 13:06:33.463;4093496
1;04-03-2025 14:14:55.040;04-03-2025 13:06:33.463;4101577
1;04-03-2025 14:14:55.935;04-03-2025 13:06:33.463;4102472
1;04-03-2025 14:15:01.231;04-03-2025 13:06:33.463;4107768
1;04-03-2025 14:15:04.034;04-03-2025 13:06:33.463;4110571
1;04-03-2025 14:15:07.056;04-03-2025 13:06:33.463;4113593
1;04-03-2025 14:15:07.839;04-03-2025 13:06:33.463;4114376
1;04-03-2025 14:15:15.510;04-03-2025 13:06:33.463;4122047
1;04-03-2025 14:15:24.594;04-03-2025 13:06:33.463;4131131
1;04-03-2025 14:15:30.090;04-03-2025 13:06:33.463;4136627
1;04-03-2025 14:15:30.346;04-03-2025 13:06:33.463;4136883
1;04-03-2025 14:15:32.971;04-03-2025 13:06:33.463;4139508
1;04-03-2025 14:15:34.085;04-03-2025 13:06:33.463;4140622
1;04-03-2025 14:15:47.961;04-03-2025 13:06:33.463;4154498
1;04-03-2025 14:15:59.765;04-03-2025 13:06:33.463;4166302
1;04-03-2025 14:15:59.798;04-03-2025 13:06:33.463;4166335
1;04-03-2025 14:16:00.667;04-03-2025 13:06:33.463;4167204
1;04-03-2025 14:16:01.937;04-03-2025 13:06:33.463;4168474
1;04-03-2025 14:16:10.396;04-03-2025 13:06:33.463;4176933
1;04-03-2025 14:16:10.459;04-03-2025 13:06:33.463;4176996
1;04-03-2025 14:16:14.788;04-03-2025 13:06:33.463;4181325
1;04-03-2025 14:16:27.370;04-03-2025 13:06:33.463;4193907
1;04-03-2025 14:16:35.815;04-03-2025 13:06:33.463;4202352
1;04-03-2025 14:16:36.131;04-03-2025 13:06:33.463;4202668
1;04-03-2025 14:16:38.784;04-03-2025 13:06:33.463;4205321
1;04-03-2025 14:16:46.552;04-03-2025 13:06:33.463;4213089
1;04-03-2025 14:16:53.634;04-03-2025 13:06:33.463;4220171
1;04-03-2025 14:16:59.632;04-03-2025 13:06:33.463;4226169
1;04-03-2025 14:17:14.159;04-03-2025 13:06:33.463;4240696
1;04-03-2025 14:17:15.937;04-03-2025 13:06:33.463;4242474
1;04-03-2025 14:17:19.573;04-03-2025 13:06:33.463;4246110
1;04-03-2025 14:17:29.841;04-03-2025 13:06:33.463;4256378
1;04-03-2025 14:17:30.980;04-03-2025 13:06:33.463;4257517
1;04-03-2025 14:17:34.811;04-03-2025 13:06:33.463;4261348
1;04-03-2025 14:17:43.367;04-03-2025 13:06:33.463;4269904
1;04-03-2025 14:17:47.012;04-03-2025 13:06:33.463;4273549
1;04-03-2025 14:17:53.920;04-03-2025 13:06:33.463;4280457
1;04-03-2025 14:17:56.720;04-03-2025 13:06:33.463;4283257
1;04-03-2025 14:17:59.833;04-03-2025 13:06:33.463;4286370
1;04-03-2025 14:18:05.298;04-03-2025 13:06:33.463;4291835
1;04-03-2025 14:18:06.272;04-03-2025 13:06:33.463;4292809
1;04-03-2025 14:18:07.835;04-03-2025 13:06:33.463;4294372
1;04-03-2025 14:18:09.997;04-03-2025 13:06:33.463;4296534
1;04-03-2025 14:18:28.369;04-03-2025 13:06:33.463;4314906
1;04-03-2025 14:18:33.965;04-03-2025 13:06:33.463;4320502
1;04-03-2025 14:18:37.787;04-03-2025 13:06:33.463;4324324
1;04-03-2025 14:18:38.536;04-03-2025 13:06:33.463;4325073
1;04-03-2025 14:18:44.726;04-03-2025 13:06:33.463;4331263
1;04-03-2025 14:18:47.064;04-03-2025 13:06:33.463;4333601
1;04-03-2025 14:18:47.378;04-03-2025 13:06:33.463;4333915
1;04-03-2025 14:18:49.266;04-03-2025 13:06:33.463;4335803
1;04-03-2025 14:19:03.000;04-03-2025 13:06:33.463;4349537
1;04-03-2025 14:19:07.393;04-03-2025 13:06:33.463;4353930
1;04-03-2025 14:19:13.391;04-03-2025 13:06:33.463;4359928
1;04-03-2025 14:19:20.173;04-03-2025 13:06:33.463;4366710
1;04-03-2025 14:19:23.966;04-03-2025 13:06:33.463;4370503
1;04-03-2025 14:19:26.219;04-03-2025 13:06:33.463;4372756
1;04-03-2025 14:19:31.423;04-03-2025 13:06:33.463;4377960
1;04-03-2025 14:19:33.836;04-03-2025 13:06:33.463;4380373
1;04-03-2025 14:19:35.546;04-03-2025 13:06:33.463;4382083
1;04-03-2025 14:19:43.722;04-03-2025 13:06:33.463;4390259
1;04-03-2025 14:19:44.775;04-03-2025 13:06:33.463;4391312
1;04-03-2025 14:19:47.465;04-03-2025 13:06:33.463;4394002
1;04-03-2025 14:20:00.855;04-03-2025 13:06:33.463;4407392
1;04-03-2025 14:20:12.021;04-03-2025 13:06:33.463;4418558
1;04-03-2025 14:20:14.576;04-03-2025 13:06:33.463;4421113
1;04-03-2025 14:20:17.515;04-03-2025 13:06:33.463;4424052
1;04-03-2025 14:20:18.686;04-03-2025 13:06:33.463;4425223
1;04-03-2025 14:20:33.035;04-03-2025 13:06:33.463;4439572
1;04-03-2025 14:20:35.047;04-03-2025 13:06:33.463;4441584
1;04-03-2025 14:20:39.708;04-03-2025 13:06:33.463;4446245
1;04-03-2025 14:20:41.100;04-03-2025 13:06:33.463;4447637
1;04-03-2025 14:20:48.273;04-03-2025 13:06:33.463;4454810
1;04-03-2025 14:20:59.803;04-03-2025 13:06:33.463;4466340
1;04-03-2025 14:21:01.421;04-03-2025 13:06:33.463;4467958
1;04-03-2025 14:21:09.785;04-03-2025 13:06:33.463;4476322
1;04-03-2025 14:21:09.957;04-03-2025 13:06:33.463;4476494
1;04-03-2025 14:21:10.595;04-03-2025 13:06:33.463;4477132
1;04-03-2025 14:21:10.773;04-03-2025 13:06:33.463;4477310
1;04-03-2025 14:21:14.342;04-03-2025 13:06:33.463;4480879
1;04-03-2025 14:21:21.821;04-03-2025 13:06:33.463;4488358
1;04-03-2025 14:21:24.801;04-03-2025 13:06:33.463;4491338
1;04-03-2025 14:21:37.486;04-03-2025 13:06:33.463;4504023
1;04-03-2025 14:21:44.363;04-03-2025 13:06:33.463;4510900
1;04-03-2025 14:21:51.570;04-03-2025 13:06:33.463;4518107
1;04-03-2025 14:21:55.266;04-03-2025 13:06:33.463;4521803
1;04-03-2025 14:21:58.779;04-03-2025 13:06:33.463;4525316
1;04-03-2025 14:22:03.778;04-03-2025 13:06:33.463;4530315
1;04-03-2025 14:22:10.696;04-03-2025 13:06:33.463;4537233
1;04-03-2025 14:22:12.144;04-03-2025 13:06:33.463;4538681
1;04-03-2025 14:22:14.058;04-03-2025 13:06:33.463;4540595
1;04-03-2025 14:22:15.528;04-03-2025 13:06:33.463;4542065
1;04-03-2025 14:22:21.009;04-03-2025 13:06:33.463;4547546
1;04-03-2025 14:22:24.089;04-03-2025 13:06:33.463;4550626
1;04-03-2025 14:22:26.415;04-03-2025 13:06:33.463;4552952
1;04-03-2025 14:22:40.644;04-03-2025 13:06:33.463;4567181
1;04-03-2025 14:22:42.463;04-03-2025 13:06:33.463;4569000
1;04-03-2025 14:22:49.927;04-03-2025 13:06:33.463;4576464
1;04-03-2025 14:22:59.067;04-03-2025 13:06:33.463;4585604
1;04-03-2025 14:23:05.936;04-03-2025 13:06:33.463;4592473
1;04-03-2025 14:23:10.308;04-03-2025 13:06:33.463;4596845
1;04-03-2025 14:23:12.591;04-03-2025 13:06:33.463;4599128
1;04-03-2025 14:23:16.493;04-03-2025 13:06:33.463;4603030
1;04-03-2025 14:23:19.088;04-03-2025 13:06:33.463;4605625
1;04-03-2025 14:23:27.712;04-03-2025 13:06:33.463;4614249
1;04-03-2025 14:23:30.403;04-03-2025 13:06:33.463;4616940
1;04-03-2025 14:23:31.192;04-03-2025 13:06:33.463;4617729
1;04-03-2025 14:23:46.918;04-03-2025 13:06:33.463;4633455
1;04-03-2025 14:23:46.985;04-03-2025 13:06:33.463;4633522
1;04-03-2025 14:23:54.150;04-03-2025 13:06:33.463;4640687
1;04-03-2025 14:23:58.845;04-03-2025 13:06:33.463;4645382
1;04-03-2025 14:24:01.392;04-03-2025 13:06:33.463;4647929
1;04-03-2025 14:24:12.909;04-03-2025 13:06:33.463;4659446
1;04-03-2025 14:24:17.574;04-03-2025 13:06:33.463;4664111
1;04-03-2025 14:24:18.181;04-03-2025 13:06:33.463;4664718
1;04-03-2025 14:24:18.589;04-03-2025 13:06:33.463;4665126
1;04-03-2025 14:24:22.451;04-03-2025 13:06:33.463;4668988
1;04-03-2025 14:24:29.926;04-03-2025 13:06:33.463;4676463
1;04-03-2025 14:24:36.720;04-03-2025 13:06:33.463;4683257
1;04-03-2025 14:24:38.471;04-03-2025 13:06:33.463;4685008
1;04-03-2025 14:24:39.205;04-03-2025 13:06:33.463;4685742
1;04-03-2025 14:24:39.559;04-03-2025 13:06:33.463;4686096
1;04-03-2025 14:25:00.963;04-03-2025 13:06:33.463;4707500
1;04-03-2025 14:25:04.208;04-03-2025 13:06:33.463;4710745
1;04-03-2025 14:25:08.066;04-03-2025 13:06:33.463;4714603
1;04-03-2025 14:25:08.244;04-03-2025 13:06:33.463;4714781
1;04-03-2025 14:25:21.158;04-03-2025 13:06:33.463;4727695
1;04-03-2025 14:25:26.949;04-03-2025 13:06:33.463;4733486
1;04-03-2025 14:25:32.361;04-03-2025 13:06:33.463;4738898
1;04-03-2025 14:25:40.670;04-03-2025 13:06:33.463;4747207
1;04-03-2025 14:25:42.286;04-03-2025 13:06:33.463;4748823
1;04-03-2025 14:25:45.782;04-03-2025 13:06:33.463;4752319
1;04-03-2025 14:25:49.501;04-03-2025 13:06:33.463;4756038
1;04-03-2025 14:25:53.372;04-03-2025 13:06:33.463;4759909
1;04-03-2025 14:25:53.889;04-03-2025 13:06:33.463;4760426
1;04-03-2025 14:25:53.900;04-03-2025 13:06:33.463;4760437
1;04-03-2025 14:26:00.312;04-03-2025 13:06:33.463;4766849
1;04-03-2025 14:26:00.898;04-03-2025 13:06:33.463;4767435
1;04-03-2025 14:26:20.072;04-03-2025 13:06:33.463;4786609
1;04-03-2025 14:26:26.949;04-03-2025 13:06:33.463;4793486
1;04-03-2025 14:26:31.056;04-03-2025 13:06:33.463;4797593
1;04-03-2025 14:26:32.963;04-03-2025 13:06:33.463;4799500
1;04-03-2025 14:26:37.167;04-03-2025 13:06:33.463;4803704
1;04-03-2025 14:26:48.836;04-03-2025 13:06:33.463;4815373
1;04-03-2025 14:26:49.442;04-03-2025 13:06:33.463;4815979
1;04-03-2025 14:26:49.637;04-03-2025 13:06:33.463;4816174
1;04-03-2025 14:26:52.361;04-03-2025 13:06:33.463;4818898
1;04-03-2025 14:26:53.087;04-03-2025 13:06:33.463;4819624
1;04-03-2025 14:26:54.682;04-03-2025 13:06:33.463;4821219
1;04-03-2025 14:27:15.355;04-03-2025 13:06:33.463;4841892
1;04-03-2025 14:27:18.042;04-03-2025 13:06:33.463;4844579
1;04-03-2025 14:27:23.685;04-03-2025 13:06:33.463;4850222
1;04-03-2025 14:27:25.115;04-03-2025 13:06:33.463;4851652
1;04-03-2025 14:27:33.216;04-03-2025 13:06:33.463;4859753
1;04-03-2025 14:27:33.571;04-03-2025 13:06:33.463;4860108
1;04-03-2025 14:27:40.914;04-03-2025 13:06:33.463;4867451
1;04-03-2025 14:27:43.128;04-03-2025 13:06:33.463;4869665
1;04-03-2025 14:27:43.872;04-03-2025 13:06:33.463;4870409
1;04-03-2025 14:27:51.307;04-03-2025 13:06:33.463;4877844
1;04-03-2025 14:28:02.162;04-03-2025 13:06:33.463;4888699
1;04-03-2025 14:28:11.774;04-03-2025 13:06:33.463;4898311
1;04-03-2025 14:28:13.749;04-03-2025 13:06:33.463;4900286
1;04-03-2025 14:28:14.173;04-03-2025 13:06:33.463;4900710
1;04-03-2025 14:28:17.951;04-03-2025 13:06:33.463;4904488
1;04-03-2025 14:28:23.424;04-03-2025 13:06:33.463;4909961
1;04-03-2025 14:28:30.936;04-03-2025 13:06:33.463;4917473
1;04-03-2025 14:28:37.827;04-03-2025 13:06:33.463;4924364
1;04-03-2025 14:28:45.006;04-03-2025 13:06:33.463;4931543
1;04-03-2025 14:28:47.542;04-03-2025 13:06:33.463;4934079
1;04-03-2025 14:28:57.194;04-03-2025 13:06:33.463;4943731
1;04-03-2025 14:29:03.213;04-03-2025 13:06:33.463;4949750
1;04-03-2025 14:29:03.836;04-03-2025 13:06:33.463;4950373
1;04-03-2025 14:29:09.535;04-03-2025 13:06:33.463;4956072
1;04-03-2025 14:29:09.547;04-03-2025 13:06:33.463;4956084
1;04-03-2025 14:29:10.278;04-03-2025 13:06:33.463;4956815
1;04-03-2025 14:29:18.217;04-03-2025 13:06:33.463;4964754
1;04-03-2025 14:29:24.956;04-03-2025 13:06:33.463;4971493
1;04-03-2025 14:29:26.634;04-03-2025 13:06:33.463;4973171
1;04-03-2025 14:29:33.231;04-03-2025 13:06:33.463;4979768
1;04-03-2025 14:29:33.775;04-03-2025 13:06:33.463;4980312
1;04-03-2025 14:29:37.906;04-03-2025 13:06:33.463;4984443
1;04-03-2025 14:29:48.960;04-03-2025 13:06:33.463;4995497
1;04-03-2025 14:29:51.234;04-03-2025 13:06:33.463;4997771
1;04-03-2025 14:29:58.907;04-03-2025 13:06:33.463;5005444
1;04-03-2025 14:29:59.026;04-03-2025 13:06:33.463;5005563
1;04-03-2025 14:30:01.408;04-03-2025 13:06:33.463;5007945
1;04-03-2025 14:30:13.247;04-03-2025 13:06:33.463;5019784
1;04-03-2025 14:30:20.532;04-03-2025 13:06:33.463;5027069
1;04-03-2025 14:30:32.496;04-03-2025 13:06:33.463;5039033
1;04-03-2025 14:30:35.741;04-03-2025 13:06:33.463;5042278
1;04-03-2025 14:30:40.161;04-03-2025 13:06:33.463;5046698
1;04-03-2025 14:30:45.545;04-03-2025 13:06:33.463;5052082
1;04-03-2025 14:30:50.678;04-03-2025 13:06:33.463;5057215
1;04-03-2025 14:30:53.271;04-03-2025 13:06:33.463;5059808
1;04-03-2025 14:30:56.364;04-03-2025 13:06:33.463;5062901
1;04-03-2025 14:31:03.681;04-03-2025 13:06:33.463;5070218
1;04-03-2025 14:31:06.446;04-03-2025 13:06:33.463;5072983
1;04-03-2025 14:31:06.854;04-03-2025 13:06:33.463;5073391
1;04-03-2025 14:31:13.996;04-03-2025 13:06:33.463;5080533
1;04-03-2025 14:31:14.532;04-03-2025 13:06:33.463;5081069
1;04-03-2025 14:31:21.086;04-03-2025 13:06:33.463;5087623
1;04-03-2025 14:31:28.881;04-03-2025 13:06:33.463;5095418
1;04-03-2025 14:31:46.680;04-03-2025 13:06:33.463;5113217
1;04-03-2025 14:31:49.311;04-03-2025 13:06:33.463;5115848
1;04-03-2025 14:31:49.976;04-03-2025 13:06:33.463;5116513
1;04-03-2025 14:31:50.604;04-03-2025 13:06:33.463;5117141
1;04-03-2025 14:31:50.807;04-03-2025 13:06:33.463;5117344
1;04-03-2025 14:32:06.041;04-03-2025 13:06:33.463;5132578
1;04-03-2025 14:32:07.162;04-03-2025 13:06:33.463;5133699
1;04-03-2025 14:32:08.392;04-03-2025 13:06:33.463;5134929
1;04-03-2025 14:32:19.483;04-03-2025 13:06:33.463;5146020
1;04-03-2025 14:32:26.072;04-03-2025 13:06:33.463;5152609
1;04-03-2025 14:32:30.539;04-03-2025 13:06:33.463;5157076
1;04-03-2025 14:32:32.632;04-03-2025 13:06:33.463;5159169
1;04-03-2025 14:32:35.939;04-03-2025 13:06:33.463;5162476
1;04-03-2025 14:32:43.748;04-03-2025 13:06:33.463;5170285
1;04-03-2025 14:32:46.369;04-03-2025 13:06:33.463;5172906
1;04-03-2025 14:32:48.597;04-03-2025 13:06:33.463;5175134
1;04-03-2025 14:33:00.443;04-03-2025 13:06:33.463;5186980
1;04-03-2025 14:33:02.512;04-03-2025 13:06:33.463;5189049
1;04-03-2025 14:33:05.262;04-03-2025 13:06:33.463;5191799
1;04-03-2025 14:33:09.798;04-03-2025 13:06:33.463;5196335
1;04-03-2025 14:33:13.871;04-03-2025 13:06:33.463;5200408
1;04-03-2025 14:33:15.473;04-03-2025 13:06:33.463;5202010
1;04-03-2025 14:33:27.783;04-03-2025 13:06:33.463;5214320
1;04-03-2025 14:33:29.879;04-03-2025 13:06:33.463;5216416
1;04-03-2025 14:33:36.791;04-03-2025 13:06:33.463;5223328
1;04-03-2025 14:33:43.744;04-03-2025 13:06:33.463;5230281
1;04-03-2025 14:33:45.826;04-03-2025 13:06:33.463;5232363
1;04-03-2025 14:33:51.323;04-03-2025 13:06:33.463;5237860
1;04-03-2025 14:33:53.814;04-03-2025 13:06:33.463;5240351
1;04-03-2025 14:33:59.718;04-03-2025 13:06:33.463;5246255
1;04-03-2025 14:34:04.376;04-03-2025 13:06:33.463;5250913
1;04-03-2025 14:34:15.872;04-03-2025 13:06:33.463;5262409
1;04-03-2025 14:34:24.828;04-03-2025 13:06:33.463;5271365
1;04-03-2025 14:34:25.744;04-03-2025 13:06:33.463;5272281
1;04-03-2025 14:34:25.917;04-03-2025 13:06:33.463;5272454
1;04-03-2025 14:34:34.363;04-03-2025 13:06:33.463;5280900
1;04-03-2025 14:34:36.115;04-03-2025 13:06:33.463;5282652
1;04-03-2025 14:34:37.968;04-03-2025 13:06:33.463;5284505
1;04-03-2025 14:34:43.185;04-03-2025 13:06:33.463;5289722
1;04-03-2025 14:34:48.264;04-03-2025 13:06:33.463;5294801
1;04-03-2025 14:34:50.328;04-03-2025 13:06:33.463;5296865
1;04-03-2025 14:34:52.991;04-03-2025 13:06:33.463;5299528
1;04-03-2025 14:35:07.521;04-03-2025 13:06:33.463;5314058
1;04-03-2025 14:35:12.004;04-03-2025 13:06:33.463;5318541
1;04-03-2025 14:35:16.984;04-03-2025 13:06:33.463;5323521
1;04-03-2025 14:35:24.739;04-03-2025 13:06:33.463;5331276
1;04-03-2025 14:35:25.859;04-03-2025 13:06:33.463;5332396
1;04-03-2025 14:35:28.649;04-03-2025 13:06:33.463;5335186
1;04-03-2025 14:35:29.026;04-03-2025 13:06:33.463;5335563
1;04-03-2025 14:35:37.969;04-03-2025 13:06:33.463;5344506
1;04-03-2025 14:35:40.396;04-03-2025 13:06:33.463;5346933
1;04-03-2025 14:35:47.039;04-03-2025 13:06:33.463;5353576
1;04-03-2025 14:35:54.607;04-03-2025 13:06:33.463;5361144
1;04-03-2025 14:36:01.841;04-03-2025 13:06:33.463;5368378
1;04-03-2025 14:36:05.873;04-03-2025 13:06:33.463;5372410
1;04-03-2025 14:36:16.506;04-03-2025 13:06:33.463;5383043
1;04-03-2025 14:36:17.973;04-03-2025 13:06:33.463;5384510
1;04-03-2025 14:36:23.770;04-03-2025 13:06:33.463;5390307
1;04-03-2025 14:36:26.937;04-03-2025 13:06:33.463;5393474
1;04-03-2025 14:36:39.084;04-03-2025 13:06:33.463;5405621
1;04-03-2025 14:36:40.413;04-03-2025 13:06:33.463;5406950
1;04-03-2025 14:36:50.093;04-03-2025 13:06:33.463;5416630
1;04-03-2025 14:36:51.273;04-03-2025 13:06:33.463;5417810
1;04-03-2025 14:36:56.631;04-03-2025 13:06:33.463;5423168
1;04-03-2025 14:36:57.161;04-03-2025 13:06:33.463;5423698
1;04-03-2025 14:37:03.588;04-03-2025 13:06:33.463;5430125
1;04-03-2025 14:37:10.015;04-03-2025 13:06:33.463;5436552
1;04-03-2025 14:37:10.112;04-03-2025 13:06:33.463;5436649
1;04-03-2025 14:37:14.257;04-03-2025 13:06:33.463;5440794
1;04-03-2025 14:37:29.117;04-03-2025 13:06:33.463;5455654
1;04-03-2025 14:37:37.332;04-03-2025 13:06:33.463;5463869
1;04-03-2025 14:37:38.964;04-03-2025 13:06:33.463;5465501
1;04-03-2025 14:37:39.798;04-03-2025 13:06:33.463;5466335
1;04-03-2025 14:37:44.346;04-03-2025 13:06:33.463;5470883
1;04-03-2025 14:37:44.855;04-03-2025 13:06:33.463;5471392
1;04-03-2025 14:37:46.968;04-03-2025 13:06:33.463;5473505
1;04-03-2025 14:37:49.190;04-03-2025 13:06:33.463;5475727
1;04-03-2025 14:37:52.782;04-03-2025 13:06:33.463;5479319
1;04-03-2025 14:37:55.931;04-03-2025 13:06:33.463;5482468
1;04-03-2025 14:38:05.644;04-03-2025 13:06:33.463;5492181
1;04-03-2025 14:38:15.325;04-03-2025 13:06:33.463;5501862
1;04-03-2025 14:38:16.010;04-03-2025 13:06:33.463;5502547
1;04-03-2025 14:38:24.739;04-03-2025 13:06:33.463;5511276
1;04-03-2025 14:38:26.177;04-03-2025 13:06:33.463;5512714
1;04-03-2025 14:38:32.946;04-03-2025 13:06:33.463;5519483
1;04-03-2025 14:38:38.562;04-03-2025 13:06:33.463;5525099
1;04-03-2025 14:38:47.303;04-03-2025 13:06:33.463;5533840
1;04-03-2025 14:38:59.900;04-03-2025 13:06:33.463;5546437
1;04-03-2025 14:39:03.676;04-03-2025 13:06:33.463;5550213
1;04-03-2025 14:39:08.156;04-03-2025 13:06:33.463;5554693
1;04-03-2025 14:39:14.235;04-03-2025 13:06:33.463;5560772
1;04-03-2025 14:39:14.872;04-03-2025 13:06:33.463;5561409
1;04-03-2025 14:39:19.607;04-03-2025 13:06:33.463;5566144
1;04-03-2025 14:39:19.920;04-03-2025 13:06:33.463;5566457
1;04-03-2025 14:39:29.602;04-03-2025 13:06:33.463;5576139
1;04-03-2025 14:39:30.598;04-03-2025 13:06:33.463;5577135
1;04-03-2025 14:39:30.794;04-03-2025 13:06:33.463;5577331
1;04-03-2025 14:39:40.034;04-03-2025 13:06:33.463;5586571
1;04-03-2025 14:39:52.144;04-03-2025 13:06:33.463;5598681
1;04-03-2025 14:39:55.369;04-03-2025 13:06:33.463;5601906
1;04-03-2025 14:39:59.786;04-03-2025 13:06:33.463;5606323
1;04-03-2025 14:40:00.378;04-03-2025 13:06:33.463;5606915
1;04-03-2025 14:40:01.333;04-03-2025 13:06:33.463;5607870
1;04-03-2025 14:40:06.561;04-03-2025 13:06:33.463;5613098
1;04-03-2025 14:40:08.677;04-03-2025 13:06:33.463;5615214
1;04-03-2025 14:40:09.726;04-03-2025 13:06:33.463;5616263
1;04-03-2025 14:40:23.346;04-03-2025 13:06:33.463;5629883
1;04-03-2025 14:40:30.497;04-03-2025 13:06:33.463;5637034
1;04-03-2025 14:40:37.943;04-03-2025 13:06:33.463;5644480
1;04-03-2025 14:40:43.282;04-03-2025 13:06:33.463;5649819
1;04-03-2025 14:40:52.916;04-03-2025 13:06:33.463;5659453
1;04-03-2025 14:41:01.553;04-03-2025 13:06:33.463;5668090
1;04-03-2025 14:41:02.838;04-03-2025 13:06:33.463;5669375
1;04-03-2025 14:41:04.074;04-03-2025 13:06:33.463;5670611
1;04-03-2025 14:41:05.917;04-03-2025 13:06:33.463;5672454
1;04-03-2025 14:41:11.875;04-03-2025 13:06:33.463;5678412
1;04-03-2025 14:41:23.149;04-03-2025 13:06:33.463;5689686
1;04-03-2025 14:41:27.946;04-03-2025 13:06:33.463;5694483
1;04-03-2025 14:41:34.940;04-03-2025 13:06:33.463;5701477
1;04-03-2025 14:41:38.483;04-03-2025 13:06:33.463;5705020
1;04-03-2025 14:41:39.023;04-03-2025 13:06:33.463;5705560
1;04-03-2025 14:41:41.157;04-03-2025 13:06:33.463;5707694
1;04-03-2025 14:41:43.946;04-03-2025 13:06:33.463;5710483
1;04-03-2025 14:41:45.166;04-03-2025 13:06:33.463;5711703
1;04-03-2025 14:41:51.573;04-03-2025 13:06:33.463;5718110
1;04-03-2025 14:41:56.124;04-03-2025 13:06:33.463;5722661
1;04-03-2025 14:41:58.528;04-03-2025 13:06:33.463;5725065
1;04-03-2025 14:42:04.218;04-03-2025 13:06:33.463;5730755
1;04-03-2025 14:42:12.713;04-03-2025 13:06:33.463;5739250
1;04-03-2025 14:42:19.640;04-03-2025 13:06:33.463;5746177
1;04-03-2025 14:42:23.043;04-03-2025 13:06:33.463;5749580
1;04-03-2025 14:42:25.640;04-03-2025 13:06:33.463;5752177
1;04-03-2025 14:42:34.160;04-03-2025 13:06:33.463;5760697
1;04-03-2025 14:42:37.392;04-03-2025 13:06:33.463;5763929
1;04-03-2025 14:42:51.072;04-03-2025 13:06:33.463;5777609
1;04-03-2025 14:42:53.144;04-03-2025 13:06:33.463;5779681
1;04-03-2025 14:42:53.267;04-03-2025 13:06:33.463;5779804
1;04-03-2025 14:42:55.440;04-03-2025 13:06:33.463;5781977
1;04-03-2025 14:42:57.849;04-03-2025 13:06:33.463;5784386
1;04-03-2025 14:43:14.541;04-03-2025 13:06:33.463;5801078
1;04-03-2025 14:43:19.023;04-03-2025 13:06:33.463;5805560
1;04-03-2025 14:43:24.328;04-03-2025 13:06:33.463;5810865
1;04-03-2025 14:43:27.658;04-03-2025 13:06:33.463;5814195
1;04-03-2025 14:43:36.032;04-03-2025 13:06:33.463;5822569
1;04-03-2025 14:43:38.961;04-03-2025 13:06:33.463;5825498
1;04-03-2025 14:43:39.678;04-03-2025 13:06:33.463;5826215
1;04-03-2025 14:43:40.935;04-03-2025 13:06:33.463;5827472
1;04-03-2025 14:43:46.419;04-03-2025 13:06:33.463;5832956
1;04-03-2025 14:43:46.931;04-03-2025 13:06:33.463;5833468
1;04-03-2025 14:43:47.606;04-03-2025 13:06:33.463;5834143
1;04-03-2025 14:43:53.535;04-03-2025 13:06:33.463;5840072
1;04-03-2025 14:44:07.256;04-03-2025 13:06:33.463;5853793
1;04-03-2025 14:44:11.573;04-03-2025 13:06:33.463;5858110
1;04-03-2025 14:44:21.263;04-03-2025 13:06:33.463;5867800
1;04-03-2025 14:44:23.894;04-03-2025 13:06:33.463;5870431
1;04-03-2025 14:44:28.122;04-03-2025 13:06:33.463;5874659
1;04-03-2025 14:44:32.265;04-03-2025 13:06:33.463;5878802
1;04-03-2025 14:44:32.653;04-03-2025 13:06:33.463;5879190
1;04-03-2025 14:44:41.063;04-03-2025 13:06:33.463;5887600
1;04-03-2025 14:44:42.637;04-03-2025 13:06:33.463;5889174
1;04-03-2025 14:44:47.598;04-03-2025 13:06:33.463;5894135
1;04-03-2025 14:44:49.372;04-03-2025 13:06:33.463;5895909
1;04-03-2025 14:45:09.297;04-03-2025 13:06:33.463;5915834
1;04-03-2025 14:45:09.641;04-03-2025 13:06:33.463;5916178
1;04-03-2025 14:45:19.428;04-03-2025 13:06:33.463;5925965
1;04-03-2025 14:45:26.154;04-03-2025 13:06:33.463;5932691
1;04-03-2025 14:45:27.229;04-03-2025 13:06:33.463;5933766
1;04-03-2025 14:45:28.479;04-03-2025 13:06:33.463;5935016
1;04-03-2025 14:45:28.744;04-03-2025 13:06:33.463;5935281
1;04-03-2025 14:45:34.196;04-03-2025 13:06:33.463;5940733
1;04-03-2025 14:45:34.915;04-03-2025 13:06:33.463;5941452
1;04-03-2025 14:45:51.325;04-03-2025 13:06:33.463;5957862
1;04-03-2025 14:45:53.917;04-03-2025 13:06:33.463;5960454
1;04-03-2025 14:45:54.780;04-03-2025 13:06:33.463;5961317
1;04-03-2025 14:46:01.324;04-03-2025 13:06:33.463;5967861
1;04-03-2025 14:46:04.802;04-03-2025 13:06:33.463;5971339
1;04-03-2025 14:46:07.597;04-03-2025 13:06:33.463;5974134
1;04-03-2025 14:46:15.460;04-03-2025 13:06:33.463;5981997
1;04-03-2025 14:46:32.282;04-03-2025 13:06:33.463;5998819
1;04-03-2025 14:46:32.441;04-03-2025 13:06:33.463;5998978
1;04-03-2025 14:46:39.895;04-03-2025 13:06:33.463;6006432
1;04-03-2025 14:46:40.459;04-03-2025 13:06:33.463;6006996
1;04-03-2025 14:46:44.147;04-03-2025 13:06:33.463;6010684
1;04-03-2025 14:46:48.397;04-03-2025 13:06:33.463;6014934
1;04-03-2025 14:46:49.341;04-03-2025 13:06:33.463;6015878
1;04-03-2025 14:47:06.813;04-03-2025 13:06:33.463;6033350
1;04-03-2025 14:47:07.251;04-03-2025 13:06:33.463;6033788
1;04-03-2025 14:47:09.798;04-03-2025 13:06:33.463;6036335
1;04-03-2025 14:47:13.623;04-03-2025 13:06:33.463;6040160
1;04-03-2025 14:47:14.331;04-03-2025 13:06:33.463;6040868
1;04-03-2025 14:47:23.828;04-03-2025 13:06:33.463;6050365
1;04-03-2025 14:47:24.798;04-03-2025 13:06:33.463;6051335
1;04-03-2025 14:47:35.201;04-03-2025 13:06:33.463;6061738
1;04-03-2025 14:47:37.329;04-03-2025 13:06:33.463;6063866
1;04-03-2025 14:47:43.230;04-03-2025 13:06:33.463;6069767
1;04-03-2025 14:47:51.762;04-03-2025 13:06:33.463;6078299
1;04-03-2025 14:47:57.451;04-03-2025 13:06:33.463;6083988
1;04-03-2025 14:47:58.778;04-03-2025 13:06:33.463;6085315
1;04-03-2025 14:48:08.777;04-03-2025 13:06:33.463;6095314
1;04-03-2025 14:48:08.788;04-03-2025 13:06:33.463;6095325
1;04-03-2025 14:48:13.460;04-03-2025 13:06:33.463;6099997
1;04-03-2025 14:48:24.271;04-03-2025 13:06:33.463;6110808
1;04-03-2025 14:48:25.404;04-03-2025 13:06:33.463;6111941
1;04-03-2025 14:48:27.787;04-03-2025 13:06:33.463;6114324
1;04-03-2025 14:48:29.745;04-03-2025 13:06:33.463;6116282
1;04-03-2025 14:48:33.040;04-03-2025 13:06:33.463;6119577
1;04-03-2025 14:48:42.477;04-03-2025 13:06:33.463;6129014
1;04-03-2025 14:48:46.854;04-03-2025 13:06:33.463;6133391
1;04-03-2025 14:48:50.937;04-03-2025 13:06:33.463;6137474
1;04-03-2025 14:48:51.679;04-03-2025 13:06:33.463;6138216
1;04-03-2025 14:48:56.265;04-03-2025 13:06:33.463;6142802
1;04-03-2025 14:49:00.550;04-03-2025 13:06:33.463;6147087
1;04-03-2025 14:49:06.675;04-03-2025 13:06:33.463;6153212
1;04-03-2025 14:49:24.447;04-03-2025 13:06:33.463;6170984
1;04-03-2025 14:49:28.920;04-03-2025 13:06:33.463;6175457
1;04-03-2025 14:49:32.255;04-03-2025 13:06:33.463;6178792
1;04-03-2025 14:49:32.436;04-03-2025 13:06:33.463;6178973
1;04-03-2025 14:49:42.556;04-03-2025 13:06:33.463;6189093
1;04-03-2025 14:49:46.445;04-03-2025 13:06:33.463;6192982
1;04-03-2025 14:49:50.676;04-03-2025 13:06:33.463;6197213
1;04-03-2025 14:49:54.789;04-03-2025 13:06:33.463;6201326
1;04-03-2025 14:49:56.768;04-03-2025 13:06:33.463;6203305
1;04-03-2025 14:50:06.952;04-03-2025 13:06:33.463;6213489
1;04-03-2025 14:50:09.683;04-03-2025 13:06:33.463;6216220
1;04-03-2025 14:50:10.788;04-03-2025 13:06:33.463;6217325
1;04-03-2025 14:50:16.881;04-03-2025 13:06:33.463;6223418
1;04-03-2025 14:50:27.131;04-03-2025 13:06:33.463;6233668
1;04-03-2025 14:50:28.618;04-03-2025 13:06:33.463;6235155
1;04-03-2025 14:50:31.272;04-03-2025 13:06:33.463;6237809
1;04-03-2025 14:50:34.741;04-03-2025 13:06:33.463;6241278
1;04-03-2025 14:50:45.308;04-03-2025 13:06:33.463;6251845
1;04-03-2025 14:50:45.422;04-03-2025 13:06:33.463;6251959
1;04-03-2025 14:50:56.919;04-03-2025 13:06:33.463;6263456
1;04-03-2025 14:50:57.889;04-03-2025 13:06:33.463;6264426
1;04-03-2025 14:50:58.071;04-03-2025 13:06:33.463;6264608
1;04-03-2025 14:51:06.861;04-03-2025 13:06:33.463;6273398
1;04-03-2025 14:51:13.294;04-03-2025 13:06:33.463;6279831
1;04-03-2025 14:51:16.737;04-03-2025 13:06:33.463;6283274
1;04-03-2025 14:51:27.793;04-03-2025 13:06:33.463;6294330
1;04-03-2025 14:51:30.475;04-03-2025 13:06:33.463;6297012
1;04-03-2025 14:51:34.151;04-03-2025 13:06:33.463;6300688
1;04-03-2025 14:51:37.959;04-03-2025 13:06:33.463;6304496
1;04-03-2025 14:51:50.373;04-03-2025 13:06:33.463;6316910
1;04-03-2025 14:51:50.603;04-03-2025 13:06:33.463;6317140
1;04-03-2025 14:51:56.111;04-03-2025 13:06:33.463;6322648
1;04-03-2025 14:51:56.120;04-03-2025 13:06:33.463;6322657
1;04-03-2025 14:51:57.839;04-03-2025 13:06:33.463;6324376
1;04-03-2025 14:52:00.705;04-03-2025 13:06:33.463;6327242
1;04-03-2025 14:52:13.526;04-03-2025 13:06:33.463;6340063
1;04-03-2025 14:52:18.538;04-03-2025 13:06:33.463;6345075
1;04-03-2025 14:52:18.628;04-03-2025 13:06:33.463;6345165
1;04-03-2025 14:52:31.031;04-03-2025 13:06:33.463;6357568
1;04-03-2025 14:52:40.785;04-03-2025 13:06:33.463;6367322
1;04-03-2025 14:52:43.426;04-03-2025 13:06:33.463;6369963
1;04-03-2025 14:52:43.458;04-03-2025 13:06:33.463;6369995
1;04-03-2025 14:52:46.210;04-03-2025 13:06:33.463;6372747
1;04-03-2025 14:52:58.013;04-03-2025 13:06:33.463;6384550
1;04-03-2025 14:53:01.795;04-03-2025 13:06:33.463;6388332
1;04-03-2025 14:53:07.907;04-03-2025 13:06:33.463;6394444
1;04-03-2025 14:53:10.785;04-03-2025 13:06:33.463;6397322
1;04-03-2025 14:53:16.538;04-03-2025 13:06:33.463;6403075
1;04-03-2025 14:53:16.732;04-03-2025 13:06:33.463;6403269
1;04-03-2025 14:53:22.008;04-03-2025 13:06:33.463;6408545
1;04-03-2025 14:53:28.881;04-03-2025 13:06:33.463;6415418
1;04-03-2025 14:53:39.084;04-03-2025 13:06:33.463;6425621
1;04-03-2025 14:53:45.142;04-03-2025 13:06:33.463;6431679
1;04-03-2025 14:53:52.709;04-03-2025 13:06:33.463;6439246
1;04-03-2025 14:53:54.341;04-03-2025 13:06:33.463;6440878
1;04-03-2025 14:53:54.882;04-03-2025 13:06:33.463;6441419
1;04-03-2025 14:54:00.537;04-03-2025 13:06:33.463;6447074
1;04-03-2025 14:54:02.937;04-03-2025 13:06:33.463;6449474
1;04-03-2025 14:54:06.125;04-03-2025 13:06:33.463;6452662
1;04-03-2025 14:54:23.257;04-03-2025 13:06:33.463;6469794
1;04-03-2025 14:54:24.430;04-03-2025 13:06:33.463;6470967
1;04-03-2025 14:54:35.196;04-03-2025 13:06:33.463;6481733
1;04-03-2025 14:54:37.353;04-03-2025 13:06:33.463;6483890
1;04-03-2025 14:54:38.334;04-03-2025 13:06:33.463;6484871
1;04-03-2025 14:54:43.433;04-03-2025 13:06:33.463;6489970
1;04-03-2025 14:54:46.232;04-03-2025 13:06:33.463;6492769
1;04-03-2025 14:54:47.445;04-03-2025 13:06:33.463;6493982
1;04-03-2025 14:54:59.017;04-03-2025 13:06:33.463;6505554
1;04-03-2025 14:55:02.979;04-03-2025 13:06:33.463;6509516
1;04-03-2025 14:55:11.139;04-03-2025 13:06:33.463;6517676
1;04-03-2025 14:55:12.201;04-03-2025 13:06:33.463;6518738
1;04-03-2025 14:55:14.868;04-03-2025 13:06:33.463;6521405
1;04-03-2025 14:55:16.356;04-03-2025 13:06:33.463;6522893
1;04-03-2025 14:55:22.582;04-03-2025 13:06:33.463;6529119
1;04-03-2025 14:55:29.281;04-03-2025 13:06:33.463;6535818
1;04-03-2025 14:55:44.854;04-03-2025 13:06:33.463;6551391
1;04-03-2025 14:55:50.561;04-03-2025 13:06:33.463;6557098
1;04-03-2025 14:55:52.010;04-03-2025 13:06:33.463;6558547
1;04-03-2025 14:55:56.515;04-03-2025 13:06:33.463;6563052
1;04-03-2025 14:55:56.954;04-03-2025 13:06:33.463;6563491
1;04-03-2025 14:55:58.125;04-03-2025 13:06:33.463;6564662
1;04-03-2025 14:56:07.378;04-03-2025 13:06:33.463;6573915
1;04-03-2025 14:56:12.990;04-03-2025 13:06:33.463;6579527
1;04-03-2025 14:56:13.948;04-03-2025 13:06:33.463;6580485
1;04-03-2025 14:56:19.265;04-03-2025 13:06:33.463;6585802
1;04-03-2025 14:56:22.628;04-03-2025 13:06:33.463;6589165
1;04-03-2025 14:56:26.019;04-03-2025 13:06:33.463;6592556
1;04-03-2025 14:56:29.643;04-03-2025 13:06:33.463;6596180
1;04-03-2025 14:56:34.642;04-03-2025 13:06:33.463;6601179
1;04-03-2025 14:56:48.783;04-03-2025 13:06:33.463;6615320
1;04-03-2025 14:56:56.481;04-03-2025 13:06:33.463;6623018
1;04-03-2025 14:56:56.761;04-03-2025 13:06:33.463;6623298
1;04-03-2025 14:56:59.398;04-03-2025 13:06:33.463;6625935
1;04-03-2025 14:57:09.364;04-03-2025 13:06:33.463;6635901
1;04-03-2025 14:57:10.629;04-03-2025 13:06:33.463;6637166
1;04-03-2025 14:57:13.362;04-03-2025 13:06:33.463;6639899
1;04-03-2025 14:57:30.830;04-03-2025 13:06:33.463;6657367
1;04-03-2025 14:57:34.881;04-03-2025 13:06:33.463;6661418
1;04-03-2025 14:57:36.236;04-03-2025 13:06:33.463;6662773
1;04-03-2025 14:57:40.661;04-03-2025 13:06:33.463;6667198
1;04-03-2025 14:57:41.968;04-03-2025 13:06:33.463;6668505
1;04-03-2025 14:57:42.690;04-03-2025 13:06:33.463;6669227
1;04-03-2025 14:57:42.805;04-03-2025 13:06:33.463;6669342
1;04-03-2025 14:57:52.337;04-03-2025 13:06:33.463;6678874
1;04-03-2025 14:58:01.817;04-03-2025 13:06:33.463;6688354
1;04-03-2025 14:58:02.292;04-03-2025 13:06:33.463;6688829
1;04-03-2025 14:58:07.822;04-03-2025 13:06:33.463;6694359
1;04-03-2025 14:58:12.154;04-03-2025 13:06:33.463;6698691
1;04-03-2025 14:58:22.641;04-03-2025 13:06:33.463;6709178
1;04-03-2025 14:58:26.533;04-03-2025 13:06:33.463;6713070
1;04-03-2025 14:58:29.187;04-03-2025 13:06:33.463;6715724
1;04-03-2025 14:58:33.508;04-03-2025 13:06:33.463;6720045
1;04-03-2025 14:58:38.030;04-03-2025 13:06:33.463;6724567
1;04-03-2025 14:58:42.167;04-03-2025 13:06:33.463;6728704
1;04-03-2025 14:58:44.716;04-03-2025 13:06:33.463;6731253
1;04-03-2025 14:58:48.412;04-03-2025 13:06:33.463;6734949
1;04-03-2025 14:59:04.173;04-03-2025 13:06:33.463;6750710
1;04-03-2025 14:59:05.758;04-03-2025 13:06:33.463;6752295
1;04-03-2025 14:59:06.444;04-03-2025 13:06:33.463;6752981
1;04-03-2025 14:59:11.156;04-03-2025 13:06:33.463;6757693
1;04-03-2025 14:59:20.939;04-03-2025 13:06:33.463;6767476
1;04-03-2025 14:59:24.270;04-03-2025 13:06:33.463;6770807
1;04-03-2025 14:59:24.553;04-03-2025 13:06:33.463;6771090
1;04-03-2025 14:59:29.487;04-03-2025 13:06:33.463;6776024
1;04-03-2025 14:59:43.186;04-03-2025 13:06:33.463;6789723
1;04-03-2025 14:59:45.395;04-03-2025 13:06:33.463;6791932
1;04-03-2025 14:59:48.233;04-03-2025 13:06:33.463;6794770
1;04-03-2025 14:59:48.856;04-03-2025 13:06:33.463;6795393
1;04-03-2025 14:59:49.866;04-03-2025 13:06:33.463;6796403
1;04-03-2025 15:00:00.861;04-03-2025 13:06:33.463;6807398
1;04-03-2025 15:00:11.254;04-03-2025 13:06:33.463;6817791
1;04-03-2025 15:00:12.287;04-03-2025 13:06:33.463;6818824
1;04-03-2025 15:00:21.527;04-03-2025 13:06:33.463;6828064
1;04-03-2025 15:00:21.812;04-03-2025 13:06:33.463;6828349
1;04-03-2025 15:00:25.480;04-03-2025 13:06:33.463;6832017
1;04-03-2025 15:00:27.534;04-03-2025 13:06:33.463;6834071
1;04-03-2025 15:00:44.996;04-03-2025 13:06:33.463;6851533
1;04-03-2025 15:00:45.597;04-03-2025 13:06:33.463;6852134
1;04-03-2025 15:00:46.347;04-03-2025 13:06:33.463;6852884
1;04-03-2025 15:00:54.517;04-03-2025 13:06:33.463;6861054
1;04-03-2025 15:01:07.477;04-03-2025 13:06:33.463;6874014
1;04-03-2025 15:01:10.426;04-03-2025 13:06:33.463;6876963
1;04-03-2025 15:01:13.474;04-03-2025 13:06:33.463;6880011
1;04-03-2025 15:01:19.384;04-03-2025 13:06:33.463;6885921
1;04-03-2025 15:01:23.631;04-03-2025 13:06:33.463;6890168
1;04-03-2025 15:01:24.177;04-03-2025 13:06:33.463;6890714
1;04-03-2025 15:01:24.234;04-03-2025 13:06:33.463;6890771
1;04-03-2025 15:01:37.268;04-03-2025 13:06:33.463;6903805
1;04-03-2025 15:01:44.093;04-03-2025 13:06:33.463;6910630
1;04-03-2025 15:01:46.024;04-03-2025 13:06:33.463;6912561
1;04-03-2025 15:01:51.605;04-03-2025 13:06:33.463;6918142
1;04-03-2025 15:01:52.708;04-03-2025 13:06:33.463;6919245
1;04-03-2025 15:01:56.540;04-03-2025 13:06:33.463;6923077
1;04-03-2025 15:02:01.547;04-03-2025 13:06:33.463;6928084
1;04-03-2025 15:02:04.999;04-03-2025 13:06:33.463;6931536
1;04-03-2025 15:02:11.306;04-03-2025 13:06:33.463;6937843
1;04-03-2025 15:02:22.525;04-03-2025 13:06:33.463;6949062
1;04-03-2025 15:02:28.530;04-03-2025 13:06:33.463;6955067
1;04-03-2025 15:02:30.066;04-03-2025 13:06:33.463;6956603
1;04-03-2025 15:02:33.439;04-03-2025 13:06:33.463;6959976
1;04-03-2025 15:02:34.364;04-03-2025 13:06:33.463;6960901
1;04-03-2025 15:02:39.583;04-03-2025 13:06:33.463;6966120
1;04-03-2025 15:02:45.331;04-03-2025 13:06:33.463;6971868
1;04-03-2025 15:02:50.684;04-03-2025 13:06:33.463;6977221
1;04-03-2025 15:02:57.544;04-03-2025 13:06:33.463;6984081
1;04-03-2025 15:02:58.470;04-03-2025 13:06:33.463;6985007
1;04-03-2025 15:03:05.959;04-03-2025 13:06:33.463;6992496
1;04-03-2025 15:03:10.251;04-03-2025 13:06:33.463;6996788
1;04-03-2025 15:03:10.985;04-03-2025 13:06:33.463;6997522
1;04-03-2025 15:03:27.641;04-03-2025 13:06:33.463;7014178
1;04-03-2025 15:03:31.338;04-03-2025 13:06:33.463;7017875
1;04-03-2025 15:03:32.176;04-03-2025 13:06:33.463;7018713
1;04-03-2025 15:03:42.010;04-03-2025 13:06:33.463;7028547
1;04-03-2025 15:03:49.751;04-03-2025 13:06:33.463;7036288
1;04-03-2025 15:03:54.054;04-03-2025 13:06:33.463;7040591
1;04-03-2025 15:03:57.073;04-03-2025 13:06:33.463;7043610
1;04-03-2025 15:04:03.286;04-03-2025 13:06:33.463;7049823
1;04-03-2025 15:04:06.555;04-03-2025 13:06:33.463;7053092
1;04-03-2025 15:04:08.309;04-03-2025 13:06:33.463;7054846
1;04-03-2025 15:04:11.604;04-03-2025 13:06:33.463;7058141
1;04-03-2025 15:04:20.938;04-03-2025 13:06:33.463;7067475
1;04-03-2025 15:04:26.171;04-03-2025 13:06:33.463;7072708
1;04-03-2025 15:04:33.260;04-03-2025 13:06:33.463;7079797
1;04-03-2025 15:04:37.529;04-03-2025 13:06:33.463;7084066
1;04-03-2025 15:04:43.357;04-03-2025 13:06:33.463;7089894
1;04-03-2025 15:04:47.893;04-03-2025 13:06:33.463;7094430
1;04-03-2025 15:04:55.582;04-03-2025 13:06:33.463;7102119
1;04-03-2025 15:04:57.110;04-03-2025 13:06:33.463;7103647
1;04-03-2025 15:04:58.978;04-03-2025 13:06:33.463;7105515
1;04-03-2025 15:05:00.729;04-03-2025 13:06:33.463;7107266
1;04-03-2025 15:05:12.719;04-03-2025 13:06:33.463;7119256
1;04-03-2025 15:05:19.048;04-03-2025 13:06:33.463;7125585
1;04-03-2025 15:05:19.279;04-03-2025 13:06:33.463;7125816
1;04-03-2025 15:05:21.120;04-03-2025 13:06:33.463;7127657
1;04-03-2025 15:05:27.609;04-03-2025 13:06:33.463;7134146
1;04-03-2025 15:05:42.259;04-03-2025 13:06:33.463;7148796
1;04-03-2025 15:05:46.609;04-03-2025 13:06:33.463;7153146
1;04-03-2025 15:05:52.134;04-03-2025 13:06:33.463;7158671
1;04-03-2025 15:05:54.370;04-03-2025 13:06:33.463;7160907
1;04-03-2025 15:05:57.299;04-03-2025 13:06:33.463;7163836
1;04-03-2025 15:05:57.328;04-03-2025 13:06:33.463;7163865
1;04-03-2025 15:06:04.867;04-03-2025 13:06:33.463;7171404
1;04-03-2025 15:06:05.354;04-03-2025 13:06:33.463;7171891
1;04-03-2025 15:06:07.900;04-03-2025 13:06:33.463;7174437
1;04-03-2025 15:06:22.838;04-03-2025 13:06:33.463;7189375
1;04-03-2025 15:06:32.153;04-03-2025 13:06:33.463;7198690
1;04-03-2025 15:06:32.263;04-03-2025 13:06:33.463;7198800
1;04-03-2025 15:06:42.683;04-03-2025 13:06:33.463;7209220
1;04-03-2025 15:06:43.088;04-03-2025 13:06:33.463;7209625
1;04-03-2025 15:06:43.548;04-03-2025 13:06:33.463;7210085
1;04-03-2025 15:06:45.843;04-03-2025 13:06:33.463;7212380
1;04-03-2025 15:06:52.637;04-03-2025 13:06:33.463;7219174
1;04-03-2025 15:06:53.955;04-03-2025 13:06:33.463;7220492
1;04-03-2025 15:07:02.313;04-03-2025 13:06:33.463;7228850
1;04-03-2025 15:07:15.741;04-03-2025 13:06:33.463;7242278
1;04-03-2025 15:07:18.238;04-03-2025 13:06:33.463;7244775
1;04-03-2025 15:07:26.803;04-03-2025 13:06:33.463;7253340
1;04-03-2025 15:07:30.691;04-03-2025 13:06:33.463;7257228
1;04-03-2025 15:07:32.207;04-03-2025 13:06:33.463;7258744
1;04-03-2025 15:07:44.434;04-03-2025 13:06:33.463;7270971
1;04-03-2025 15:07:47.884;04-03-2025 13:06:33.463;7274421
1;04-03-2025 15:07:49.089;04-03-2025 13:06:33.463;7275626
1;04-03-2025 15:07:53.686;04-03-2025 13:06:33.463;7280223
1;04-03-2025 15:08:03.128;04-03-2025 13:06:33.463;7289665
1;04-03-2025 15:08:05.847;04-03-2025 13:06:33.463;7292384
1;04-03-2025 15:08:08.162;04-03-2025 13:06:33.463;7294699
1;04-03-2025 15:08:09.914;04-03-2025 13:06:33.463;7296451
1;04-03-2025 15:08:09.993;04-03-2025 13:06:33.463;7296530
1;04-03-2025 15:08:20.420;04-03-2025 13:06:33.463;7306957
1;04-03-2025 15:08:22.608;04-03-2025 13:06:33.463;7309145
1;04-03-2025 15:08:26.742;04-03-2025 13:06:33.463;7313279
1;04-03-2025 15:08:32.459;04-03-2025 13:06:33.463;7318996
1;04-03-2025 15:08:33.335;04-03-2025 13:06:33.463;7319872
1;04-03-2025 15:08:38.124;04-03-2025 13:06:33.463;7324661
1;04-03-2025 15:08:43.456;04-03-2025 13:06:33.463;7329993
1;04-03-2025 15:08:44.410;04-03-2025 13:06:33.463;7330947
1;04-03-2025 15:08:53.681;04-03-2025 13:06:33.463;7340218
1;04-03-2025 15:09:05.321;04-03-2025 13:06:33.463;7351858
1;04-03-2025 15:09:12.712;04-03-2025 13:06:33.463;7359249
1;04-03-2025 15:09:21.699;04-03-2025 13:06:33.463;7368236
1;04-03-2025 15:09:22.228;04-03-2025 13:06:33.463;7368765
1;04-03-2025 15:09:26.884;04-03-2025 13:06:33.463;7373421
1;04-03-2025 15:09:34.713;04-03-2025 13:06:33.463;7381250
1;04-03-2025 15:09:37.997;04-03-2025 13:06:33.463;7384534
1;04-03-2025 15:09:39.181;04-03-2025 13:06:33.463;7385718
1;04-03-2025 15:09:41.726;04-03-2025 13:06:33.463;7388263
1;04-03-2025 15:09:59.593;04-03-2025 13:06:33.463;7406130
1;04-03-2025 15:10:04.918;04-03-2025 13:06:33.463;7411455
1;04-03-2025 15:10:10.151;04-03-2025 13:06:33.463;7416688
1;04-03-2025 15:10:13.478;04-03-2025 13:06:33.463;7420015
1;04-03-2025 15:10:14.124;04-03-2025 13:06:33.463;7420661
1;04-03-2025 15:10:20.488;04-03-2025 13:06:33.463;7427025
1;04-03-2025 15:10:28.000;04-03-2025 13:06:33.463;7434537
1;04-03-2025 15:10:30.306;04-03-2025 13:06:33.463;7436843
1;04-03-2025 15:10:33.492;04-03-2025 13:06:33.463;7440029
1;04-03-2025 15:10:33.691;04-03-2025 13:06:33.463;7440228
1;04-03-2025 15:10:34.296;04-03-2025 13:06:33.463;7440833
1;04-03-2025 15:10:43.414;04-03-2025 13:06:33.463;7449951
1;04-03-2025 15:10:57.181;04-03-2025 13:06:33.463;7463718
1;04-03-2025 15:10:57.748;04-03-2025 13:06:33.463;7464285
1;04-03-2025 15:11:06.099;04-03-2025 13:06:33.463;7472636
1;04-03-2025 15:11:06.475;04-03-2025 13:06:33.463;7473012
1;04-03-2025 15:11:09.407;04-03-2025 13:06:33.463;7475944
1;04-03-2025 15:11:12.465;04-03-2025 13:06:33.463;7479002
1;04-03-2025 15:11:27.602;04-03-2025 13:06:33.463;7494139
1;04-03-2025 15:11:28.022;04-03-2025 13:06:33.463;7494559
1;04-03-2025 15:11:34.213;04-03-2025 13:06:33.463;7500750
1;04-03-2025 15:11:38.464;04-03-2025 13:06:33.463;7505001
1;04-03-2025 15:11:38.799;04-03-2025 13:06:33.463;7505336
1;04-03-2025 15:11:40.157;04-03-2025 13:06:33.463;7506694
1;04-03-2025 15:11:41.465;04-03-2025 13:06:33.463;7508002
1;04-03-2025 15:12:01.324;04-03-2025 13:06:33.463;7527861
1;04-03-2025 15:12:01.908;04-03-2025 13:06:33.463;7528445
1;04-03-2025 15:12:08.069;04-03-2025 13:06:33.463;7534606
1;04-03-2025 15:12:08.652;04-03-2025 13:06:33.463;7535189
1;04-03-2025 15:12:11.886;04-03-2025 13:06:33.463;7538423
1;04-03-2025 15:12:25.668;04-03-2025 13:06:33.463;7552205
1;04-03-2025 15:12:28.227;04-03-2025 13:06:33.463;7554764
1;04-03-2025 15:12:33.439;04-03-2025 13:06:33.463;7559976
1;04-03-2025 15:12:35.682;04-03-2025 13:06:33.463;7562219
1;04-03-2025 15:12:42.582;04-03-2025 13:06:33.463;7569119
1;04-03-2025 15:12:47.461;04-03-2025 13:06:33.463;7573998
1;04-03-2025 15:12:49.113;04-03-2025 13:06:33.463;7575650
1;04-03-2025 15:12:59.581;04-03-2025 13:06:33.463;7586118
1;04-03-2025 15:13:03.413;04-03-2025 13:06:33.463;7589950
1;04-03-2025 15:13:04.723;04-03-2025 13:06:33.463;7591260
1;04-03-2025 15:13:10.879;04-03-2025 13:06:33.463;7597416
1;04-03-2025 15:13:12.128;04-03-2025 13:06:33.463;7598665
1;04-03-2025 15:13:16.827;04-03-2025 13:06:33.463;7603364
1;04-03-2025 15:13:20.139;04-03-2025 13:06:33.463;7606676
1;04-03-2025 15:13:23.638;04-03-2025 13:06:33.463;7610175
1;04-03-2025 15:13:36.033;04-03-2025 13:06:33.463;7622570
1;04-03-2025 15:13:39.032;04-03-2025 13:06:33.463;7625569
1;04-03-2025 15:13:44.360;04-03-2025 13:06:33.463;7630897
1;04-03-2025 15:13:44.412;04-03-2025 13:06:33.463;7630949
1;04-03-2025 15:14:00.023;04-03-2025 13:06:33.463;7646560
1;04-03-2025 15:14:02.318;04-03-2025 13:06:33.463;7648855
1;04-03-2025 15:14:03.617;04-03-2025 13:06:33.463;7650154
1;04-03-2025 15:14:05.395;04-03-2025 13:06:33.463;7651932
1;04-03-2025 15:14:09.053;04-03-2025 13:06:33.463;7655590
1;04-03-2025 15:14:12.633;04-03-2025 13:06:33.463;7659170
1;04-03-2025 15:14:16.083;04-03-2025 13:06:33.463;7662620
1;04-03-2025 15:14:18.421;04-03-2025 13:06:33.463;7664958
1;04-03-2025 15:14:42.199;04-03-2025 13:06:33.463;7688736
1;04-03-2025 15:14:42.814;04-03-2025 13:06:33.463;7689351
1;04-03-2025 15:14:43.111;04-03-2025 13:06:33.463;7689648
1;04-03-2025 15:14:45.024;04-03-2025 13:06:33.463;7691561
1;04-03-2025 15:14:47.804;04-03-2025 13:06:33.463;7694341
1;04-03-2025 15:14:51.603;04-03-2025 13:06:33.463;7698140
1;04-03-2025 15:15:16.627;04-03-2025 13:06:33.463;7723164
1;04-03-2025 15:15:24.421;04-03-2025 13:06:33.463;7730958
1;04-03-2025 15:15:25.643;04-03-2025 13:06:33.463;7732180
1;04-03-2025 15:15:26.906;04-03-2025 13:06:33.463;7733443
1;04-03-2025 15:15:28.877;04-03-2025 13:06:33.463;7735414
1;04-03-2025 15:15:32.198;04-03-2025 13:06:33.463;7738735
1;04-03-2025 15:15:33.288;04-03-2025 13:06:33.463;7739825
1;04-03-2025 15:15:33.585;04-03-2025 13:06:33.463;7740122
1;04-03-2025 15:15:37.106;04-03-2025 13:06:33.463;7743643
1;04-03-2025 15:15:37.763;04-03-2025 13:06:33.463;7744300
1;04-03-2025 15:15:51.725;04-03-2025 13:06:33.463;7758262
1;04-03-2025 15:15:57.916;04-03-2025 13:06:33.463;7764453
1;04-03-2025 15:16:05.312;04-03-2025 13:06:33.463;7771849
1;04-03-2025 15:16:07.398;04-03-2025 13:06:33.463;7773935
1;04-03-2025 15:16:11.198;04-03-2025 13:06:33.463;7777735
1;04-03-2025 15:16:16.069;04-03-2025 13:06:33.463;7782606
1;04-03-2025 15:16:17.686;04-03-2025 13:06:33.463;7784223
1;04-03-2025 15:16:29.032;04-03-2025 13:06:33.463;7795569
1;04-03-2025 15:16:36.295;04-03-2025 13:06:33.463;7802832
1;04-03-2025 15:16:38.793;04-03-2025 13:06:33.463;7805330
1;04-03-2025 15:16:41.393;04-03-2025 13:06:33.463;7807930
1;04-03-2025 15:16:50.391;04-03-2025 13:06:33.463;7816928
1;04-03-2025 15:16:54.621;04-03-2025 13:06:33.463;7821158
1;04-03-2025 15:16:58.623;04-03-2025 13:06:33.463;7825160
1;04-03-2025 15:16:59.267;04-03-2025 13:06:33.463;7825804
1;04-03-2025 15:17:04.182;04-03-2025 13:06:33.463;7830719
1;04-03-2025 15:17:13.360;04-03-2025 13:06:33.463;7839897
1;04-03-2025 15:17:21.582;04-03-2025 13:06:33.463;7848119
1;04-03-2025 15:17:27.233;04-03-2025 13:06:33.463;7853770
1;04-03-2025 15:17:34.958;04-03-2025 13:06:33.463;7861495
1;04-03-2025 15:17:35.303;04-03-2025 13:06:33.463;7861840
1;04-03-2025 15:17:40.218;04-03-2025 13:06:33.463;7866755
1;04-03-2025 15:17:47.060;04-03-2025 13:06:33.463;7873597
1;04-03-2025 15:17:53.380;04-03-2025 13:06:33.463;7879917
1;04-03-2025 15:17:56.848;04-03-2025 13:06:33.463;7883385
1;04-03-2025 15:17:58.795;04-03-2025 13:06:33.463;7885332
1;04-03-2025 15:18:02.976;04-03-2025 13:06:33.463;7889513
1;04-03-2025 15:18:10.083;04-03-2025 13:06:33.463;7896620
1;04-03-2025 15:18:10.844;04-03-2025 13:06:33.463;7897381
1;04-03-2025 15:18:18.462;04-03-2025 13:06:33.463;7904999
1;04-03-2025 15:18:24.278;04-03-2025 13:06:33.463;7910815
1;04-03-2025 15:18:24.946;04-03-2025 13:06:33.463;7911483
1;04-03-2025 15:18:25.513;04-03-2025 13:06:33.463;7912050
1;04-03-2025 15:18:31.964;04-03-2025 13:06:33.463;7918501
1;04-03-2025 15:18:37.080;04-03-2025 13:06:33.463;7923617
1;04-03-2025 15:18:50.403;04-03-2025 13:06:33.463;7936940
1;04-03-2025 15:18:54.508;04-03-2025 13:06:33.463;7941045
1;04-03-2025 15:18:54.893;04-03-2025 13:06:33.463;7941430
1;04-03-2025 15:18:56.043;04-03-2025 13:06:33.463;7942580
1;04-03-2025 15:19:03.387;04-03-2025 13:06:33.463;7949924
1;04-03-2025 15:19:10.624;04-03-2025 13:06:33.463;7957161
1;04-03-2025 15:19:16.459;04-03-2025 13:06:33.463;7962996
1;04-03-2025 15:19:18.343;04-03-2025 13:06:33.463;7964880
1;04-03-2025 15:19:22.898;04-03-2025 13:06:33.463;7969435
1;04-03-2025 15:19:36.068;04-03-2025 13:06:33.463;7982605
1;04-03-2025 15:19:38.416;04-03-2025 13:06:33.463;7984953
1;04-03-2025 15:19:45.689;04-03-2025 13:06:33.463;7992226
1;04-03-2025 15:19:52.857;04-03-2025 13:06:33.463;7999394
1;04-03-2025 15:20:02.268;04-03-2025 13:06:33.463;8008805
1;04-03-2025 15:20:03.218;04-03-2025 13:06:33.463;8009755
1;04-03-2025 15:20:09.055;04-03-2025 13:06:33.463;8015592
1;04-03-2025 15:20:09.120;04-03-2025 13:06:33.463;8015657
1;04-03-2025 15:20:15.855;04-03-2025 13:06:33.463;8022392
1;04-03-2025 15:20:17.464;04-03-2025 13:06:33.463;8024001
1;04-03-2025 15:20:18.330;04-03-2025 13:06:33.463;8024867
1;04-03-2025 15:20:35.201;04-03-2025 13:06:33.463;8041738
1;04-03-2025 15:20:38.110;04-03-2025 13:06:33.463;8044647
1;04-03-2025 15:20:38.427;04-03-2025 13:06:33.463;8044964
1;04-03-2025 15:20:38.477;04-03-2025 13:06:33.463;8045014
1;04-03-2025 15:20:40.414;04-03-2025 13:06:33.463;8046951
1;04-03-2025 15:20:58.163;04-03-2025 13:06:33.463;8064700
1;04-03-2025 15:21:15.568;04-03-2025 13:06:33.463;8082105
1;04-03-2025 15:21:16.254;04-03-2025 13:06:33.463;8082791
1;04-03-2025 15:21:17.814;04-03-2025 13:06:33.463;8084351
1;04-03-2025 15:21:18.521;04-03-2025 13:06:33.463;8085058
1;04-03-2025 15:21:20.582;04-03-2025 13:06:33.463;8087119
1;04-03-2025 15:21:24.120;04-03-2025 13:06:33.463;8090657
1;04-03-2025 15:21:25.010;04-03-2025 13:06:33.463;8091547
1;04-03-2025 15:21:42.454;04-03-2025 13:06:33.463;8108991
1;04-03-2025 15:21:43.290;04-03-2025 13:06:33.463;8109827
1;04-03-2025 15:21:46.737;04-03-2025 13:06:33.463;8113274
1;04-03-2025 15:21:48.961;04-03-2025 13:06:33.463;8115498
1;04-03-2025 15:21:50.834;04-03-2025 13:06:33.463;8117371
1;04-03-2025 15:22:02.698;04-03-2025 13:06:33.463;8129235
1;04-03-2025 15:22:03.494;04-03-2025 13:06:33.463;8130031
1;04-03-2025 15:22:06.741;04-03-2025 13:06:33.463;8133278
1;04-03-2025 15:22:06.968;04-03-2025 13:06:33.463;8133505
1;04-03-2025 15:22:18.845;04-03-2025 13:06:33.463;8145382
1;04-03-2025 15:22:31.512;04-03-2025 13:06:33.463;8158049
1;04-03-2025 15:22:31.957;04-03-2025 13:06:33.463;8158494
1;04-03-2025 15:22:32.753;04-03-2025 13:06:33.463;8159290
1;04-03-2025 15:22:36.973;04-03-2025 13:06:33.463;8163510
1;04-03-2025 15:22:43.369;04-03-2025 13:06:33.463;8169906
1;04-03-2025 15:22:44.505;04-03-2025 13:06:33.463;8171042
1;04-03-2025 15:23:00.682;04-03-2025 13:06:33.463;8187219
1;04-03-2025 15:23:02.782;04-03-2025 13:06:33.463;8189319
1;04-03-2025 15:23:04.890;04-03-2025 13:06:33.463;8191427
1;04-03-2025 15:23:05.779;04-03-2025 13:06:33.463;8192316
1;04-03-2025 15:23:18.774;04-03-2025 13:06:33.463;8205311
1;04-03-2025 15:23:19.714;04-03-2025 13:06:33.463;8206251
1;04-03-2025 15:23:25.240;04-03-2025 13:06:33.463;8211777
1;04-03-2025 15:23:27.826;04-03-2025 13:06:33.463;8214363
1;04-03-2025 15:23:31.002;04-03-2025 13:06:33.463;8217539
1;04-03-2025 15:23:36.144;04-03-2025 13:06:33.463;8222681
1;04-03-2025 15:23:40.594;04-03-2025 13:06:33.463;8227131
1;04-03-2025 15:23:49.616;04-03-2025 13:06:33.463;8236153
1;04-03-2025 15:23:53.332;04-03-2025 13:06:33.463;8239869
1;04-03-2025 15:23:56.147;04-03-2025 13:06:33.463;8242684
1;04-03-2025 15:24:01.656;04-03-2025 13:06:33.463;8248193
1;04-03-2025 15:24:03.232;04-03-2025 13:06:33.463;8249769
1;04-03-2025 15:24:19.739;04-03-2025 13:06:33.463;8266276
1;04-03-2025 15:24:22.757;04-03-2025 13:06:33.463;8269294
1;04-03-2025 15:24:30.169;04-03-2025 13:06:33.463;8276706
1;04-03-2025 15:24:31.072;04-03-2025 13:06:33.463;8277609
1;04-03-2025 15:24:31.587;04-03-2025 13:06:33.463;8278124
1;04-03-2025 15:24:35.861;04-03-2025 13:06:33.463;8282398
1;04-03-2025 15:24:42.237;04-03-2025 13:06:33.463;8288774
1;04-03-2025 15:24:59.093;04-03-2025 13:06:33.463;8305630
1;04-03-2025 15:25:01.173;04-03-2025 13:06:33.463;8307710
1;04-03-2025 15:25:04.246;04-03-2025 13:06:33.463;8310783
1;04-03-2025 15:25:10.494;04-03-2025 13:06:33.463;8317031
1;04-03-2025 15:25:11.683;04-03-2025 13:06:33.463;8318220
1;04-03-2025 15:25:16.440;04-03-2025 13:06:33.463;8322977
1;04-03-2025 15:25:20.509;04-03-2025 13:06:33.463;8327046
1;04-03-2025 15:25:26.625;04-03-2025 13:06:33.463;8333162
1;04-03-2025 15:25:28.473;04-03-2025 13:06:33.463;8335010
1;04-03-2025 15:25:32.232;04-03-2025 13:06:33.463;8338769
1;04-03-2025 15:25:37.589;04-03-2025 13:06:33.463;8344126
1;04-03-2025 15:25:47.870;04-03-2025 13:06:33.463;8354407
1;04-03-2025 15:25:56.719;04-03-2025 13:06:33.463;8363256
1;04-03-2025 15:26:00.878;04-03-2025 13:06:33.463;8367415
1;04-03-2025 15:26:01.636;04-03-2025 13:06:33.463;8368173
1;04-03-2025 15:26:02.441;04-03-2025 13:06:33.463;8368978
1;04-03-2025 15:26:06.647;04-03-2025 13:06:33.463;8373184
1;04-03-2025 15:26:15.891;04-03-2025 13:06:33.463;8382428
1;04-03-2025 15:26:16.534;04-03-2025 13:06:33.463;8383071
1;04-03-2025 15:26:27.126;04-03-2025 13:06:33.463;8393663
1;04-03-2025 15:26:30.324;04-03-2025 13:06:33.463;8396861
1;04-03-2025 15:26:36.086;04-03-2025 13:06:33.463;8402623
1;04-03-2025 15:26:40.293;04-03-2025 13:06:33.463;8406830
1;04-03-2025 15:26:42.854;04-03-2025 13:06:33.463;8409391
1;04-03-2025 15:26:46.655;04-03-2025 13:06:33.463;8413192
1;04-03-2025 15:26:51.639;04-03-2025 13:06:33.463;8418176
1;04-03-2025 15:27:01.908;04-03-2025 13:06:33.463;8428445
1;04-03-2025 15:27:02.202;04-03-2025 13:06:33.463;8428739
1;04-03-2025 15:27:09.106;04-03-2025 13:06:33.463;8435643
1;04-03-2025 15:27:16.010;04-03-2025 13:06:33.463;8442547
1;04-03-2025 15:27:19.590;04-03-2025 13:06:33.463;8446127
1;04-03-2025 15:27:22.059;04-03-2025 13:06:33.463;8448596
1;04-03-2025 15:27:29.110;04-03-2025 13:06:33.463;8455647
1;04-03-2025 15:27:30.399;04-03-2025 13:06:33.463;8456936
1;04-03-2025 15:27:51.175;04-03-2025 13:06:33.463;8477712
1;04-03-2025 15:27:53.599;04-03-2025 13:06:33.463;8480136
1;04-03-2025 15:27:58.455;04-03-2025 13:06:33.463;8484992
1;04-03-2025 15:28:00.128;04-03-2025 13:06:33.463;8486665
1;04-03-2025 15:28:09.244;04-03-2025 13:06:33.463;8495781
1;04-03-2025 15:28:09.425;04-03-2025 13:06:33.463;8495962
1;04-03-2025 15:28:11.976;04-03-2025 13:06:33.463;8498513
1;04-03-2025 15:28:14.094;04-03-2025 13:06:33.463;8500631
1;04-03-2025 15:28:15.268;04-03-2025 13:06:33.463;8501805
1;04-03-2025 15:28:20.196;04-03-2025 13:06:33.463;8506733
1;04-03-2025 15:28:26.543;04-03-2025 13:06:33.463;8513080
1;04-03-2025 15:28:26.768;04-03-2025 13:06:33.463;8513305
1;04-03-2025 15:28:30.162;04-03-2025 13:06:33.463;8516699
1;04-03-2025 15:28:44.138;04-03-2025 13:06:33.463;8530675
1;04-03-2025 15:28:50.526;04-03-2025 13:06:33.463;8537063
1;04-03-2025 15:28:51.537;04-03-2025 13:06:33.463;8538074
1;04-03-2025 15:28:56.590;04-03-2025 13:06:33.463;8543127
1;04-03-2025 15:29:11.020;04-03-2025 13:06:33.463;8557557
1;04-03-2025 15:29:18.230;04-03-2025 13:06:33.463;8564767
1;04-03-2025 15:29:21.289;04-03-2025 13:06:33.463;8567826
1;04-03-2025 15:29:28.014;04-03-2025 13:06:33.463;8574551
1;04-03-2025 15:29:32.701;04-03-2025 13:06:33.463;8579238
1;04-03-2025 15:29:41.444;04-03-2025 13:06:33.463;8587981
1;04-03-2025 15:29:42.572;04-03-2025 13:06:33.463;8589109
1;04-03-2025 15:29:44.529;04-03-2025 13:06:33.463;8591066
1;04-03-2025 15:29:46.750;04-03-2025 13:06:33.463;8593287
1;04-03-2025 15:29:54.358;04-03-2025 13:06:33.463;8600895
1;04-03-2025 15:30:01.142;04-03-2025 13:06:33.463;8607679
1;04-03-2025 15:30:04.192;04-03-2025 13:06:33.463;8610729
1;04-03-2025 15:30:05.266;04-03-2025 13:06:33.463;8611803
1;04-03-2025 15:30:09.295;04-03-2025 13:06:33.463;8615832
1;04-03-2025 15:30:11.943;04-03-2025 13:06:33.463;8618480
1;04-03-2025 15:30:19.665;04-03-2025 13:06:33.463;8626202
1;04-03-2025 15:30:23.898;04-03-2025 13:06:33.463;8630435
1;04-03-2025 15:30:26.958;04-03-2025 13:06:33.463;8633495
1;04-03-2025 15:30:38.641;04-03-2025 13:06:33.463;8645178
1;04-03-2025 15:30:53.341;04-03-2025 13:06:33.463;8659878
1;04-03-2025 15:30:53.384;04-03-2025 13:06:33.463;8659921
1;04-03-2025 15:30:58.546;04-03-2025 13:06:33.463;8665083
1;04-03-2025 15:31:05.908;04-03-2025 13:06:33.463;8672445
1;04-03-2025 15:31:07.428;04-03-2025 13:06:33.463;8673965
1;04-03-2025 15:31:07.556;04-03-2025 13:06:33.463;8674093
1;04-03-2025 15:31:13.188;04-03-2025 13:06:33.463;8679725
1;04-03-2025 15:31:16.679;04-03-2025 13:06:33.463;8683216
1;04-03-2025 15:31:22.418;04-03-2025 13:06:33.463;8688955
1;04-03-2025 15:31:23.601;04-03-2025 13:06:33.463;8690138
1;04-03-2025 15:31:28.492;04-03-2025 13:06:33.463;8695029
1;04-03-2025 15:31:29.125;04-03-2025 13:06:33.463;8695662
1;04-03-2025 15:31:32.658;04-03-2025 13:06:33.463;8699195
1;04-03-2025 15:31:46.543;04-03-2025 13:06:33.463;8713080
1;04-03-2025 15:31:50.771;04-03-2025 13:06:33.463;8717308
1;04-03-2025 15:31:51.364;04-03-2025 13:06:33.463;8717901
1;04-03-2025 15:31:53.787;04-03-2025 13:06:33.463;8720324
1;04-03-2025 15:32:06.768;04-03-2025 13:06:33.463;8733305
1;04-03-2025 15:32:12.796;04-03-2025 13:06:33.463;8739333
1;04-03-2025 15:32:18.119;04-03-2025 13:06:33.463;8744656
1;04-03-2025 15:32:21.771;04-03-2025 13:06:33.463;8748308
1;04-03-2025 15:32:23.028;04-03-2025 13:06:33.463;8749565
1;04-03-2025 15:32:24.837;04-03-2025 13:06:33.463;8751374
1;04-03-2025 15:32:24.921;04-03-2025 13:06:33.463;8751458
1;04-03-2025 15:32:41.536;04-03-2025 13:06:33.463;8768073
1;04-03-2025 15:32:45.243;04-03-2025 13:06:33.463;8771780
1;04-03-2025 15:32:52.319;04-03-2025 13:06:33.463;8778856
1;04-03-2025 15:32:54.669;04-03-2025 13:06:33.463;8781206
1;04-03-2025 15:33:01.211;04-03-2025 13:06:33.463;8787748
1;04-03-2025 15:33:01.230;04-03-2025 13:06:33.463;8787767
1;04-03-2025 15:33:02.122;04-03-2025 13:06:33.463;8788659
1;04-03-2025 15:33:15.056;04-03-2025 13:06:33.463;8801593
1;04-03-2025 15:33:21.489;04-03-2025 13:06:33.463;8808026
1;04-03-2025 15:33:27.104;04-03-2025 13:06:33.463;8813641
1;04-03-2025 15:33:27.548;04-03-2025 13:06:33.463;8814085
1;04-03-2025 15:33:30.808;04-03-2025 13:06:33.463;8817345
1;04-03-2025 15:33:35.024;04-03-2025 13:06:33.463;8821561
1;04-03-2025 15:33:41.587;04-03-2025 13:06:33.463;8828124
1;04-03-2025 15:33:44.860;04-03-2025 13:06:33.463;8831397
1;04-03-2025 15:33:51.078;04-03-2025 13:06:33.463;8837615
1;04-03-2025 15:33:56.894;04-03-2025 13:06:33.463;8843431
1;04-03-2025 15:33:59.346;04-03-2025 13:06:33.463;8845883
1;04-03-2025 15:34:16.296;04-03-2025 13:06:33.463;8862833
1;04-03-2025 15:34:16.843;04-03-2025 13:06:33.463;8863380
1;04-03-2025 15:34:18.251;04-03-2025 13:06:33.463;8864788
1;04-03-2025 15:34:21.449;04-03-2025 13:06:33.463;8867986
1;04-03-2025 15:34:30.573;04-03-2025 13:06:33.463;8877110
1;04-03-2025 15:34:33.402;04-03-2025 13:06:33.463;8879939
1;04-03-2025 15:34:36.510;04-03-2025 13:06:33.463;8883047
1;04-03-2025 15:34:41.408;04-03-2025 13:06:33.463;8887945
1;04-03-2025 15:34:41.976;04-03-2025 13:06:33.463;8888513
1;04-03-2025 15:34:51.130;04-03-2025 13:06:33.463;8897667
1;04-03-2025 15:35:00.884;04-03-2025 13:06:33.463;8907421
1;04-03-2025 15:35:00.944;04-03-2025 13:06:33.463;8907481
1;04-03-2025 15:35:04.115;04-03-2025 13:06:33.463;8910652
1;04-03-2025 15:35:08.878;04-03-2025 13:06:33.463;8915415
1;04-03-2025 15:35:12.372;04-03-2025 13:06:33.463;8918909
1;04-03-2025 15:35:29.226;04-03-2025 13:06:33.463;8935763
1;04-03-2025 15:35:31.923;04-03-2025 13:06:33.463;8938460
1;04-03-2025 15:35:39.549;04-03-2025 13:06:33.463;8946086
1;04-03-2025 15:35:39.572;04-03-2025 13:06:33.463;8946109
1;04-03-2025 15:35:40.886;04-03-2025 13:06:33.463;8947423
1;04-03-2025 15:35:42.384;04-03-2025 13:06:33.463;8948921
1;04-03-2025 15:35:51.310;04-03-2025 13:06:33.463;8957847
1;04-03-2025 15:35:53.672;04-03-2025 13:06:33.463;8960209
1;04-03-2025 15:36:00.698;04-03-2025 13:06:33.463;8967235
1;04-03-2025 15:36:09.095;04-03-2025 13:06:33.463;8975632
1;04-03-2025 15:36:17.658;04-03-2025 13:06:33.463;8984195
1;04-03-2025 15:36:18.582;04-03-2025 13:06:33.463;8985119
1;04-03-2025 15:36:21.165;04-03-2025 13:06:33.463;8987702
1;04-03-2025 15:36:29.581;04-03-2025 13:06:33.463;8996118
1;04-03-2025 15:36:34.993;04-03-2025 13:06:33.463;9001530
1;04-03-2025 15:36:35.378;04-03-2025 13:06:33.463;9001915
1;04-03-2025 15:36:47.194;04-03-2025 13:06:33.463;9013731
1;04-03-2025 15:36:51.396;04-03-2025 13:06:33.463;9017933
1;04-03-2025 15:36:51.575;04-03-2025 13:06:33.463;9018112
1;04-03-2025 15:36:52.593;04-03-2025 13:06:33.463;9019130
1;04-03-2025 15:36:56.229;04-03-2025 13:06:33.463;9022766
1;04-03-2025 15:37:04.436;04-03-2025 13:06:33.463;9030973
1;04-03-2025 15:37:25.878;04-03-2025 13:06:33.463;9052415
1;04-03-2025 15:37:28.809;04-03-2025 13:06:33.463;9055346
1;04-03-2025 15:37:33.331;04-03-2025 13:06:33.463;9059868
1;04-03-2025 15:37:33.540;04-03-2025 13:06:33.463;9060077
1;04-03-2025 15:37:34.789;04-03-2025 13:06:33.463;9061326
1;04-03-2025 15:37:39.172;04-03-2025 13:06:33.463;9065709
1;04-03-2025 15:37:40.519;04-03-2025 13:06:33.463;9067056
1;04-03-2025 15:37:49.031;04-03-2025 13:06:33.463;9075568
1;04-03-2025 15:37:54.013;04-03-2025 13:06:33.463;9080550
1;04-03-2025 15:38:07.048;04-03-2025 13:06:33.463;9093585
1;04-03-2025 15:38:09.894;04-03-2025 13:06:33.463;9096431
1;04-03-2025 15:38:11.937;04-03-2025 13:06:33.463;9098474
1;04-03-2025 15:38:13.453;04-03-2025 13:06:33.463;9099990
1;04-03-2025 15:38:23.867;04-03-2025 13:06:33.463;9110404
1;04-03-2025 15:38:25.350;04-03-2025 13:06:33.463;9111887
1;04-03-2025 15:38:30.802;04-03-2025 13:06:33.463;9117339
1;04-03-2025 15:38:33.464;04-03-2025 13:06:33.463;9120001
1;04-03-2025 15:38:40.547;04-03-2025 13:06:33.463;9127084
1;04-03-2025 15:38:47.693;04-03-2025 13:06:33.463;9134230
1;04-03-2025 15:38:56.444;04-03-2025 13:06:33.463;9142981
1;04-03-2025 15:39:00.620;04-03-2025 13:06:33.463;9147157
1;04-03-2025 15:39:01.869;04-03-2025 13:06:33.463;9148406
1;04-03-2025 15:39:16.187;04-03-2025 13:06:33.463;9162724
1;04-03-2025 15:39:16.843;04-03-2025 13:06:33.463;9163380
1;04-03-2025 15:39:18.430;04-03-2025 13:06:33.463;9164967
1;04-03-2025 15:39:18.964;04-03-2025 13:06:33.463;9165501
1;04-03-2025 15:39:24.355;04-03-2025 13:06:33.463;9170892
1;04-03-2025 15:39:25.603;04-03-2025 13:06:33.463;9172140
1;04-03-2025 15:39:33.638;04-03-2025 13:06:33.463;9180175
1;04-03-2025 15:39:41.464;04-03-2025 13:06:33.463;9188001
1;04-03-2025 15:39:48.061;04-03-2025 13:06:33.463;9194598
1;04-03-2025 15:39:49.448;04-03-2025 13:06:33.463;9195985
1;04-03-2025 15:39:49.824;04-03-2025 13:06:33.463;9196361
1;04-03-2025 15:39:57.637;04-03-2025 13:06:33.463;9204174
1;04-03-2025 15:40:05.963;04-03-2025 13:06:33.463;9212500
1;04-03-2025 15:40:07.610;04-03-2025 13:06:33.463;9214147
1;04-03-2025 15:40:09.560;04-03-2025 13:06:33.463;9216097
1;04-03-2025 15:40:09.850;04-03-2025 13:06:33.463;9216387
1;04-03-2025 15:40:27.764;04-03-2025 13:06:33.463;9234301
1;04-03-2025 15:40:28.242;04-03-2025 13:06:33.463;9234779
1;04-03-2025 15:40:29.062;04-03-2025 13:06:33.463;9235599
1;04-03-2025 15:40:39.975;04-03-2025 13:06:33.463;9246512
1;04-03-2025 15:40:55.142;04-03-2025 13:06:33.463;9261679
1;04-03-2025 15:40:56.218;04-03-2025 13:06:33.463;9262755
1;04-03-2025 15:40:57.202;04-03-2025 13:06:33.463;9263739
1;04-03-2025 15:41:01.462;04-03-2025 13:06:33.463;9267999
1;04-03-2025 15:41:03.043;04-03-2025 13:06:33.463;9269580
1;04-03-2025 15:41:13.716;04-03-2025 13:06:33.463;9280253
1;04-03-2025 15:41:23.114;04-03-2025 13:06:33.463;9289651
1;04-03-2025 15:41:24.456;04-03-2025 13:06:33.463;9290993
1;04-03-2025 15:41:27.445;04-03-2025 13:06:33.463;9293982
1;04-03-2025 15:41:27.544;04-03-2025 13:06:33.463;9294081
1;04-03-2025 15:41:29.340;04-03-2025 13:06:33.463;9295877
1;04-03-2025 15:41:38.146;04-03-2025 13:06:33.463;9304683
1;04-03-2025 15:41:41.236;04-03-2025 13:06:33.463;9307773
1;04-03-2025 15:41:46.086;04-03-2025 13:06:33.463;9312623
1;04-03-2025 15:41:51.998;04-03-2025 13:06:33.463;9318535
1;04-03-2025 15:41:55.179;04-03-2025 13:06:33.463;9321716
1;04-03-2025 15:42:15.821;04-03-2025 13:06:33.463;9342358
1;04-03-2025 15:42:17.610;04-03-2025 13:06:33.463;9344147
1;04-03-2025 15:42:21.033;04-03-2025 13:06:33.463;9347570
1;04-03-2025 15:42:26.606;04-03-2025 13:06:33.463;9353143
1;04-03-2025 15:42:31.224;04-03-2025 13:06:33.463;9357761
1;04-03-2025 15:42:33.013;04-03-2025 13:06:33.463;9359550
1;04-03-2025 15:42:40.412;04-03-2025 13:06:33.463;9366949
1;04-03-2025 15:42:41.660;04-03-2025 13:06:33.463;9368197
1;04-03-2025 15:42:45.954;04-03-2025 13:06:33.463;9372491
1;04-03-2025 15:42:48.611;04-03-2025 13:06:33.463;9375148
1;04-03-2025 15:42:49.934;04-03-2025 13:06:33.463;9376471
1;04-03-2025 15:42:59.910;04-03-2025 13:06:33.463;9386447
1;04-03-2025 15:43:07.162;04-03-2025 13:06:33.463;9393699
1;04-03-2025 15:43:09.027;04-03-2025 13:06:33.463;9395564
1;04-03-2025 15:43:14.275;04-03-2025 13:06:33.463;9400812
1;04-03-2025 15:43:25.118;04-03-2025 13:06:33.463;9411655
1;04-03-2025 15:43:27.508;04-03-2025 13:06:33.463;9414045
1;04-03-2025 15:43:33.845;04-03-2025 13:06:33.463;9420382
1;04-03-2025 15:43:33.968;04-03-2025 13:06:33.463;9420505
1;04-03-2025 15:43:37.507;04-03-2025 13:06:33.463;9424044
1;04-03-2025 15:43:43.517;04-03-2025 13:06:33.463;9430054
1;04-03-2025 15:43:53.650;04-03-2025 13:06:33.463;9440187
1;04-03-2025 15:43:56.636;04-03-2025 13:06:33.463;9443173
1;04-03-2025 15:43:58.129;04-03-2025 13:06:33.463;9444666
1;04-03-2025 15:44:09.389;04-03-2025 13:06:33.463;9455926
1;04-03-2025 15:44:16.289;04-03-2025 13:06:33.463;9462826
1;04-03-2025 15:44:18.062;04-03-2025 13:06:33.463;9464599
1;04-03-2025 15:44:20.204;04-03-2025 13:06:33.463;9466741
1;04-03-2025 15:44:26.475;04-03-2025 13:06:33.463;9473012
1;04-03-2025 15:44:30.422;04-03-2025 13:06:33.463;9476959
1;04-03-2025 15:44:35.874;04-03-2025 13:06:33.463;9482411
1;04-03-2025 15:44:40.689;04-03-2025 13:06:33.463;9487226
1;04-03-2025 15:44:40.900;04-03-2025 13:06:33.463;9487437
1;04-03-2025 15:44:44.478;04-03-2025 13:06:33.463;9491015
1;04-03-2025 15:44:57.907;04-03-2025 13:06:33.463;9504444
1;04-03-2025 15:44:57.955;04-03-2025 13:06:33.463;9504492
1;04-03-2025 15:44:59.200;04-03-2025 13:06:33.463;9505737
1;04-03-2025 15:45:02.426;04-03-2025 13:06:33.463;9508963
1;04-03-2025 15:45:10.563;04-03-2025 13:06:33.463;9517100
1;04-03-2025 15:45:21.154;04-03-2025 13:06:33.463;9527691
1;04-03-2025 15:45:26.821;04-03-2025 13:06:33.463;9533358
1;04-03-2025 15:45:33.030;04-03-2025 13:06:33.463;9539567
1;04-03-2025 15:45:33.507;04-03-2025 13:06:33.463;9540044
1;04-03-2025 15:45:37.116;04-03-2025 13:06:33.463;9543653
1;04-03-2025 15:45:39.002;04-03-2025 13:06:33.463;9545539
1;04-03-2025 15:45:40.535;04-03-2025 13:06:33.463;9547072
1;04-03-2025 15:46:02.419;04-03-2025 13:06:33.463;9568956
1;04-03-2025 15:46:07.437;04-03-2025 13:06:33.463;9573974
1;04-03-2025 15:46:12.188;04-03-2025 13:06:33.463;9578725
1;04-03-2025 15:46:12.220;04-03-2025 13:06:33.463;9578757
1;04-03-2025 15:46:13.731;04-03-2025 13:06:33.463;9580268
1;04-03-2025 15:46:16.796;04-03-2025 13:06:33.463;9583333
1;04-03-2025 15:46:30.752;04-03-2025 13:06:33.463;9597289
1;04-03-2025 15:46:30.776;04-03-2025 13:06:33.463;9597313
1;04-03-2025 15:46:33.500;04-03-2025 13:06:33.463;9600037
1;04-03-2025 15:46:42.925;04-03-2025 13:06:33.463;9609462
1;04-03-2025 15:46:42.972;04-03-2025 13:06:33.463;9609509
1;04-03-2025 15:46:49.062;04-03-2025 13:06:33.463;9615599
1;04-03-2025 15:46:54.036;04-03-2025 13:06:33.463;9620573
1;04-03-2025 15:46:55.272;04-03-2025 13:06:33.463;9621809
1;04-03-2025 15:46:58.871;04-03-2025 13:06:33.463;9625408
1;04-03-2025 15:47:06.737;04-03-2025 13:06:33.463;9633274
1;04-03-2025 15:47:06.913;04-03-2025 13:06:33.463;9633450
1;04-03-2025 15:47:23.632;04-03-2025 13:06:33.463;9650169
1;04-03-2025 15:47:24.175;04-03-2025 13:06:33.463;9650712
1;04-03-2025 15:47:32.579;04-03-2025 13:06:33.463;9659116
1;04-03-2025 15:47:41.760;04-03-2025 13:06:33.463;9668297
1;04-03-2025 15:47:49.512;04-03-2025 13:06:33.463;9676049
1;04-03-2025 15:47:50.245;04-03-2025 13:06:33.463;9676782
1;04-03-2025 15:47:50.374;04-03-2025 13:06:33.463;9676911
1;04-03-2025 15:47:52.064;04-03-2025 13:06:33.463;9678601
1;04-03-2025 15:48:00.505;04-03-2025 13:06:33.463;9687042
1;04-03-2025 15:48:04.665;04-03-2025 13:06:33.463;9691202
1;04-03-2025 15:48:06.506;04-03-2025 13:06:33.463;9693043
1;04-03-2025 15:48:14.191;04-03-2025 13:06:33.463;9700728
1;04-03-2025 15:48:18.194;04-03-2025 13:06:33.463;9704731
1;04-03-2025 15:48:18.664;04-03-2025 13:06:33.463;9705201
1;04-03-2025 15:48:25.935;04-03-2025 13:06:33.463;9712472
1;04-03-2025 15:48:46.826;04-03-2025 13:06:33.463;9733363
1;04-03-2025 15:48:48.975;04-03-2025 13:06:33.463;9735512
1;04-03-2025 15:48:50.139;04-03-2025 13:06:33.463;9736676
1;04-03-2025 15:48:53.416;04-03-2025 13:06:33.463;9739953
1;04-03-2025 15:48:55.845;04-03-2025 13:06:33.463;9742382
1;04-03-2025 15:49:03.198;04-03-2025 13:06:33.463;9749735
1;04-03-2025 15:49:07.300;04-03-2025 13:06:33.463;9753837
1;04-03-2025 15:49:14.865;04-03-2025 13:06:33.463;9761402
1;04-03-2025 15:49:16.197;04-03-2025 13:06:33.463;9762734
1;04-03-2025 15:49:22.989;04-03-2025 13:06:33.463;9769526
1;04-03-2025 15:49:31.201;04-03-2025 13:06:33.463;9777738
1;04-03-2025 15:49:31.206;04-03-2025 13:06:33.463;9777743
1;04-03-2025 15:49:31.215;04-03-2025 13:06:33.463;9777752
1;04-03-2025 15:49:33.474;04-03-2025 13:06:33.463;9780011
1;04-03-2025 15:49:47.079;04-03-2025 13:06:33.463;9793616
1;04-03-2025 15:49:49.165;04-03-2025 13:06:33.463;9795702
1;04-03-2025 15:49:50.266;04-03-2025 13:06:33.463;9796803
1;04-03-2025 15:49:56.515;04-03-2025 13:06:33.463;9803052
1;04-03-2025 15:49:56.564;04-03-2025 13:06:33.463;9803101
1;04-03-2025 15:50:09.549;04-03-2025 13:06:33.463;9816086
1;04-03-2025 15:50:14.576;04-03-2025 13:06:33.463;9821113
1;04-03-2025 15:50:22.065;04-03-2025 13:06:33.463;9828602
1;04-03-2025 15:50:37.975;04-03-2025 13:06:33.463;9844512
1;04-03-2025 15:50:38.193;04-03-2025 13:06:33.463;9844730
1;04-03-2025 15:50:40.589;04-03-2025 13:06:33.463;9847126
1;04-03-2025 15:50:43.815;04-03-2025 13:06:33.463;9850352
1;04-03-2025 15:50:53.956;04-03-2025 13:06:33.463;9860493
1;04-03-2025 15:51:02.609;04-03-2025 13:06:33.463;9869146
1;04-03-2025 15:51:05.630;04-03-2025 13:06:33.463;9872167
1;04-03-2025 15:51:05.979;04-03-2025 13:06:33.463;9872516
1;04-03-2025 15:51:06.538;04-03-2025 13:06:33.463;9873075
1;04-03-2025 15:51:09.470;04-03-2025 13:06:33.463;9876007
1;04-03-2025 15:51:18.464;04-03-2025 13:06:33.463;9885001
1;04-03-2025 15:51:22.322;04-03-2025 13:06:33.463;9888859
1;04-03-2025 15:51:27.326;04-03-2025 13:06:33.463;9893863
1;04-03-2025 15:51:34.118;04-03-2025 13:06:33.463;9900655
1;04-03-2025 15:51:34.334;04-03-2025 13:06:33.463;9900871
1;04-03-2025 15:51:37.011;04-03-2025 13:06:33.463;9903548
1;04-03-2025 15:51:42.624;04-03-2025 13:06:33.463;9909161
1;04-03-2025 15:51:49.370;04-03-2025 13:06:33.463;9915907
1;04-03-2025 15:51:54.460;04-03-2025 13:06:33.463;9920997
1;04-03-2025 15:51:59.249;04-03-2025 13:06:33.463;9925786
1;04-03-2025 15:52:01.789;04-03-2025 13:06:33.463;9928326
1;04-03-2025 15:52:03.410;04-03-2025 13:06:33.463;9929947
1;04-03-2025 15:52:08.494;04-03-2025 13:06:33.463;9935031
1;04-03-2025 15:52:12.791;04-03-2025 13:06:33.463;9939328
1;04-03-2025 15:52:12.828;04-03-2025 13:06:33.463;9939365
1;04-03-2025 15:52:26.533;04-03-2025 13:06:33.463;9953070
1;04-03-2025 15:52:27.605;04-03-2025 13:06:33.463;9954142
1;04-03-2025 15:52:41.702;04-03-2025 13:06:33.463;9968239
1;04-03-2025 15:52:50.648;04-03-2025 13:06:33.463;9977185
1;04-03-2025 15:52:54.873;04-03-2025 13:06:33.463;9981410
1;04-03-2025 15:52:58.880;04-03-2025 13:06:33.463;9985417
1;04-03-2025 15:53:00.342;04-03-2025 13:06:33.463;9986879
1;04-03-2025 15:53:02.845;04-03-2025 13:06:33.463;9989382
1;04-03-2025 15:53:08.721;04-03-2025 13:06:33.463;9995258
1;04-03-2025 15:53:11.027;04-03-2025 13:06:33.463;9997564
1;04-03-2025 15:53:14.058;04-03-2025 13:06:33.463;10000595
1;04-03-2025 15:53:26.628;04-03-2025 13:06:33.463;10013165
1;04-03-2025 15:53:28.773;04-03-2025 13:06:33.463;10015310
1;04-03-2025 15:53:36.928;04-03-2025 13:06:33.463;10023465
1;04-03-2025 15:53:43.296;04-03-2025 13:06:33.463;10029833
1;04-03-2025 15:53:49.934;04-03-2025 13:06:33.463;10036471
1;04-03-2025 15:53:50.421;04-03-2025 13:06:33.463;10036958
1;04-03-2025 15:53:53.247;04-03-2025 13:06:33.463;10039784
1;04-03-2025 15:54:03.738;04-03-2025 13:06:33.463;10050275
1;04-03-2025 15:54:11.351;04-03-2025 13:06:33.463;10057888
1;04-03-2025 15:54:14.465;04-03-2025 13:06:33.463;10061002
1;04-03-2025 15:54:15.515;04-03-2025 13:06:33.463;10062052
1;04-03-2025 15:54:16.118;04-03-2025 13:06:33.463;10062655
1;04-03-2025 15:54:16.441;04-03-2025 13:06:33.463;10062978
1;04-03-2025 15:54:20.606;04-03-2025 13:06:33.463;10067143
1;04-03-2025 15:54:21.127;04-03-2025 13:06:33.463;10067664
1;04-03-2025 15:54:40.565;04-03-2025 13:06:33.463;10087102
1;04-03-2025 15:54:41.284;04-03-2025 13:06:33.463;10087821
1;04-03-2025 15:54:51.221;04-03-2025 13:06:33.463;10097758
1;04-03-2025 15:54:51.927;04-03-2025 13:06:33.463;10098464
1;04-03-2025 15:54:59.520;04-03-2025 13:06:33.463;10106057
1;04-03-2025 15:55:06.461;04-03-2025 13:06:33.463;10112998
1;04-03-2025 15:55:06.579;04-03-2025 13:06:33.463;10113116
1;04-03-2025 15:55:11.197;04-03-2025 13:06:33.463;10117734
1;04-03-2025 15:55:12.310;04-03-2025 13:06:33.463;10118847
1;04-03-2025 15:55:23.033;04-03-2025 13:06:33.463;10129570
1;04-03-2025 15:55:27.358;04-03-2025 13:06:33.463;10133895
1;04-03-2025 15:55:35.215;04-03-2025 13:06:33.463;10141752
1;04-03-2025 15:55:35.387;04-03-2025 13:06:33.463;10141924
1;04-03-2025 15:55:47.340;04-03-2025 13:06:33.463;10153877
1;04-03-2025 15:55:47.609;04-03-2025 13:06:33.463;10154146
1;04-03-2025 15:55:52.215;04-03-2025 13:06:33.463;10158752
1;04-03-2025 15:55:55.353;04-03-2025 13:06:33.463;10161890
1;04-03-2025 15:55:59.587;04-03-2025 13:06:33.463;10166124
1;04-03-2025 15:56:06.727;04-03-2025 13:06:33.463;10173264
1;04-03-2025 15:56:14.983;04-03-2025 13:06:33.463;10181520
1;04-03-2025 15:56:15.912;04-03-2025 13:06:33.463;10182449
1;04-03-2025 15:56:26.346;04-03-2025 13:06:33.463;10192883
1;04-03-2025 15:56:32.498;04-03-2025 13:06:33.463;10199035
1;04-03-2025 15:56:41.512;04-03-2025 13:06:33.463;10208049
1;04-03-2025 15:56:51.104;04-03-2025 13:06:33.463;10217641
1;04-03-2025 15:56:52.501;04-03-2025 13:06:33.463;10219038
1;04-03-2025 15:56:54.326;04-03-2025 13:06:33.463;10220863
1;04-03-2025 15:56:57.096;04-03-2025 13:06:33.463;10223633
1;04-03-2025 15:57:01.892;04-03-2025 13:06:33.463;10228429
1;04-03-2025 15:57:08.592;04-03-2025 13:06:33.463;10235129
1;04-03-2025 15:57:11.813;04-03-2025 13:06:33.463;10238350
1;04-03-2025 15:57:14.129;04-03-2025 13:06:33.463;10240666
1;04-03-2025 15:57:17.524;04-03-2025 13:06:33.463;10244061
1;04-03-2025 15:57:24.250;04-03-2025 13:06:33.463;10250787
1;04-03-2025 15:57:30.098;04-03-2025 13:06:33.463;10256635
1;04-03-2025 15:57:41.250;04-03-2025 13:06:33.463;10267787
1;04-03-2025 15:57:44.757;04-03-2025 13:06:33.463;10271294
1;04-03-2025 15:57:56.250;04-03-2025 13:06:33.463;10282787
1;04-03-2025 15:58:02.970;04-03-2025 13:06:33.463;10289507
1;04-03-2025 15:58:04.157;04-03-2025 13:06:33.463;10290694
1;04-03-2025 15:58:05.448;04-03-2025 13:06:33.463;10291985
1;04-03-2025 15:58:05.536;04-03-2025 13:06:33.463;10292073
1;04-03-2025 15:58:10.476;04-03-2025 13:06:33.463;10297013
1;04-03-2025 15:58:14.007;04-03-2025 13:06:33.463;10300544
1;04-03-2025 15:58:15.046;04-03-2025 13:06:33.463;10301583
1;04-03-2025 15:58:21.250;04-03-2025 13:06:33.463;10307787
1;04-03-2025 15:58:25.534;04-03-2025 13:06:33.463;10312071
1;04-03-2025 15:58:27.511;04-03-2025 13:06:33.463;10314048
1;04-03-2025 15:58:27.522;04-03-2025 13:06:33.463;10314059
1;04-03-2025 15:58:32.760;04-03-2025 13:06:33.463;10319297
1;04-03-2025 15:58:48.503;04-03-2025 13:06:33.463;10335040
1;04-03-2025 15:58:49.869;04-03-2025 13:06:33.463;10336406
1;04-03-2025 15:58:53.850;04-03-2025 13:06:33.463;10340387
1;04-03-2025 15:58:57.442;04-03-2025 13:06:33.463;10343979
1;04-03-2025 15:59:00.653;04-03-2025 13:06:33.463;10347190
1;04-03-2025 15:59:12.331;04-03-2025 13:06:33.463;10358868
1;04-03-2025 15:59:16.068;04-03-2025 13:06:33.463;10362605
1;04-03-2025 15:59:23.683;04-03-2025 13:06:33.463;10370220
1;04-03-2025 15:59:36.890;04-03-2025 13:06:33.463;10383427
1;04-03-2025 15:59:38.177;04-03-2025 13:06:33.463;10384714
1;04-03-2025 15:59:41.763;04-03-2025 13:06:33.463;10388300
1;04-03-2025 15:59:46.012;04-03-2025 13:06:33.463;10392549
1;04-03-2025 15:59:54.522;04-03-2025 13:06:33.463;10401059
1;04-03-2025 16:00:02.423;04-03-2025 13:06:33.463;10408960
1;04-03-2025 16:00:06.839;04-03-2025 13:06:33.463;10413376
1;04-03-2025 16:00:07.721;04-03-2025 13:06:33.463;10414258
1;04-03-2025 16:00:14.277;04-03-2025 13:06:33.463;10420814
1;04-03-2025 16:00:20.461;04-03-2025 13:06:33.463;10426998
1;04-03-2025 16:00:20.885;04-03-2025 13:06:33.463;10427422
1;04-03-2025 16:00:26.998;04-03-2025 13:06:33.463;10433535
1;04-03-2025 16:00:32.997;04-03-2025 13:06:33.463;10439534
1;04-03-2025 16:00:36.449;04-03-2025 13:06:33.463;10442986
1;04-03-2025 16:00:43.903;04-03-2025 13:06:33.463;10450440
1;04-03-2025 16:00:50.841;04-03-2025 13:06:33.463;10457378
1;04-03-2025 16:00:52.782;04-03-2025 13:06:33.463;10459319
1;04-03-2025 16:00:56.515;04-03-2025 13:06:33.463;10463052
1;04-03-2025 16:01:03.748;04-03-2025 13:06:33.463;10470285
1;04-03-2025 16:01:05.820;04-03-2025 13:06:33.463;10472357
1;04-03-2025 16:01:07.101;04-03-2025 13:06:33.463;10473638
1;04-03-2025 16:01:08.783;04-03-2025 13:06:33.463;10475320
1;04-03-2025 16:01:13.102;04-03-2025 13:06:33.463;10479639
1;04-03-2025 16:01:21.125;04-03-2025 13:06:33.463;10487662
1;04-03-2025 16:01:24.886;04-03-2025 13:06:33.463;10491423
1;04-03-2025 16:01:33.752;04-03-2025 13:06:33.463;10500289
1;04-03-2025 16:01:41.462;04-03-2025 13:06:33.463;10507999
1;04-03-2025 16:01:44.585;04-03-2025 13:06:33.463;10511122
1;04-03-2025 16:01:46.472;04-03-2025 13:06:33.463;10513009
1;04-03-2025 16:01:52.805;04-03-2025 13:06:33.463;10519342
1;04-03-2025 16:01:58.207;04-03-2025 13:06:33.463;10524744
1;04-03-2025 16:02:10.702;04-03-2025 13:06:33.463;10537239
1;04-03-2025 16:02:11.143;04-03-2025 13:06:33.463;10537680
1;04-03-2025 16:02:12.140;04-03-2025 13:06:33.463;10538677
1;04-03-2025 16:02:15.320;04-03-2025 13:06:33.463;10541857
1;04-03-2025 16:02:22.549;04-03-2025 13:06:33.463;10549086
1;04-03-2025 16:02:23.348;04-03-2025 13:06:33.463;10549885
1;04-03-2025 16:02:34.798;04-03-2025 13:06:33.463;10561335
1;04-03-2025 16:02:37.911;04-03-2025 13:06:33.463;10564448
1;04-03-2025 16:02:46.176;04-03-2025 13:06:33.463;10572713
1;04-03-2025 16:02:50.877;04-03-2025 13:06:33.463;10577414
1;04-03-2025 16:02:55.018;04-03-2025 13:06:33.463;10581555
1;04-03-2025 16:03:00.576;04-03-2025 13:06:33.463;10587113
1;04-03-2025 16:03:07.475;04-03-2025 13:06:33.463;10594012
1;04-03-2025 16:03:10.740;04-03-2025 13:06:33.463;10597277
1;04-03-2025 16:03:12.637;04-03-2025 13:06:33.463;10599174
1;04-03-2025 16:03:22.823;04-03-2025 13:06:33.463;10609360
1;04-03-2025 16:03:27.427;04-03-2025 13:06:33.463;10613964
1;04-03-2025 16:03:36.264;04-03-2025 13:06:33.463;10622801
1;04-03-2025 16:03:39.538;04-03-2025 13:06:33.463;10626075
1;04-03-2025 16:03:45.447;04-03-2025 13:06:33.463;10631984
1;04-03-2025 16:03:49.296;04-03-2025 13:06:33.463;10635833
1;04-03-2025 16:03:49.376;04-03-2025 13:06:33.463;10635913
1;04-03-2025 16:03:56.689;04-03-2025 13:06:33.463;10643226
1;04-03-2025 16:04:01.128;04-03-2025 13:06:33.463;10647665
1;04-03-2025 16:04:09.155;04-03-2025 13:06:33.463;10655692
1;04-03-2025 16:04:11.217;04-03-2025 13:06:33.463;10657754
1;04-03-2025 16:04:12.919;04-03-2025 13:06:33.463;10659456
1;04-03-2025 16:04:21.213;04-03-2025 13:06:33.463;10667750
1;04-03-2025 16:04:30.603;04-03-2025 13:06:33.463;10677140
1;04-03-2025 16:04:32.818;04-03-2025 13:06:33.463;10679355
1;04-03-2025 16:04:36.183;04-03-2025 13:06:33.463;10682720
1;04-03-2025 16:04:41.522;04-03-2025 13:06:33.463;10688059
1;04-03-2025 16:04:47.705;04-03-2025 13:06:33.463;10694242
1;04-03-2025 16:04:51.892;04-03-2025 13:06:33.463;10698429
1;04-03-2025 16:05:04.953;04-03-2025 13:06:33.463;10711490
1;04-03-2025 16:05:07.507;04-03-2025 13:06:33.463;10714044
1;04-03-2025 16:05:09.628;04-03-2025 13:06:33.463;10716165
1;04-03-2025 16:05:13.110;04-03-2025 13:06:33.463;10719647
1;04-03-2025 16:05:13.683;04-03-2025 13:06:33.463;10720220
1;04-03-2025 16:05:15.963;04-03-2025 13:06:33.463;10722500
1;04-03-2025 16:05:23.977;04-03-2025 13:06:33.463;10730514
1;04-03-2025 16:05:24.523;04-03-2025 13:06:33.463;10731060
1;04-03-2025 16:05:35.297;04-03-2025 13:06:33.463;10741834
1;04-03-2025 16:05:36.534;04-03-2025 13:06:33.463;10743071
1;04-03-2025 16:05:37.729;04-03-2025 13:06:33.463;10744266
1;04-03-2025 16:05:41.657;04-03-2025 13:06:33.463;10748194
1;04-03-2025 16:05:51.837;04-03-2025 13:06:33.463;10758374
1;04-03-2025 16:06:01.554;04-03-2025 13:06:33.463;10768091
1;04-03-2025 16:06:08.530;04-03-2025 13:06:33.463;10775067
1;04-03-2025 16:06:15.668;04-03-2025 13:06:33.463;10782205
1;04-03-2025 16:06:19.500;04-03-2025 13:06:33.463;10786037
1;04-03-2025 16:06:20.659;04-03-2025 13:06:33.463;10787196
1;04-03-2025 16:06:25.133;04-03-2025 13:06:33.463;10791670
1;04-03-2025 16:06:31.950;04-03-2025 13:06:33.463;10798487
1;04-03-2025 16:06:34.187;04-03-2025 13:06:33.463;10800724
1;04-03-2025 16:06:36.841;04-03-2025 13:06:33.463;10803378
1;04-03-2025 16:06:41.432;04-03-2025 13:06:33.463;10807969
1;04-03-2025 16:06:51.085;04-03-2025 13:06:33.463;10817622
1;04-03-2025 16:06:53.336;04-03-2025 13:06:33.463;10819873
1;04-03-2025 16:06:54.643;04-03-2025 13:06:33.463;10821180
1;04-03-2025 16:07:04.714;04-03-2025 13:06:33.463;10831251
1;04-03-2025 16:07:05.960;04-03-2025 13:06:33.463;10832497
1;04-03-2025 16:07:16.494;04-03-2025 13:06:33.463;10843031
1;04-03-2025 16:07:19.657;04-03-2025 13:06:33.463;10846194
1;04-03-2025 16:07:22.472;04-03-2025 13:06:33.463;10849009
1;04-03-2025 16:07:32.970;04-03-2025 13:06:33.463;10859507
1;04-03-2025 16:07:35.029;04-03-2025 13:06:33.463;10861566
1;04-03-2025 16:07:35.386;04-03-2025 13:06:33.463;10861923
1;04-03-2025 16:07:36.680;04-03-2025 13:06:33.463;10863217
1;04-03-2025 16:07:42.171;04-03-2025 13:06:33.463;10868708
1;04-03-2025 16:07:51.138;04-03-2025 13:06:33.463;10877675
1;04-03-2025 16:07:59.386;04-03-2025 13:06:33.463;10885923
1;04-03-2025 16:08:02.122;04-03-2025 13:06:33.463;10888659
1;04-03-2025 16:08:10.966;04-03-2025 13:06:33.463;10897503
1;04-03-2025 16:08:12.246;04-03-2025 13:06:33.463;10898783
1;04-03-2025 16:08:16.202;04-03-2025 13:06:33.463;10902739
1;04-03-2025 16:08:26.750;04-03-2025 13:06:33.463;10913287
1;04-03-2025 16:08:34.291;04-03-2025 13:06:33.463;10920828
1;04-03-2025 16:08:34.308;04-03-2025 13:06:33.463;10920845
1;04-03-2025 16:08:44.957;04-03-2025 13:06:33.463;10931494
1;04-03-2025 16:08:49.357;04-03-2025 13:06:33.463;10935894
1;04-03-2025 16:08:56.568;04-03-2025 13:06:33.463;10943105
1;04-03-2025 16:08:58.312;04-03-2025 13:06:33.463;10944849
1;04-03-2025 16:09:01.514;04-03-2025 13:06:33.463;10948051
1;04-03-2025 16:09:07.048;04-03-2025 13:06:33.463;10953585
1;04-03-2025 16:09:08.827;04-03-2025 13:06:33.463;10955364
1;04-03-2025 16:09:10.585;04-03-2025 13:06:33.463;10957122
1;04-03-2025 16:09:22.117;04-03-2025 13:06:33.463;10968654
1;04-03-2025 16:09:25.324;04-03-2025 13:06:33.463;10971861
1;04-03-2025 16:09:27.513;04-03-2025 13:06:33.463;10974050
1;04-03-2025 16:09:28.446;04-03-2025 13:06:33.463;10974983
1;04-03-2025 16:09:28.508;04-03-2025 13:06:33.463;10975045
1;04-03-2025 16:09:44.396;04-03-2025 13:06:33.463;10990933
1;04-03-2025 16:09:45.869;04-03-2025 13:06:33.463;10992406
1;04-03-2025 16:09:55.886;04-03-2025 13:06:33.463;11002423
1;04-03-2025 16:10:01.700;04-03-2025 13:06:33.463;11008237
1;04-03-2025 16:10:04.251;04-03-2025 13:06:33.463;11010788
1;04-03-2025 16:10:08.664;04-03-2025 13:06:33.463;11015201
1;04-03-2025 16:10:14.281;04-03-2025 13:06:33.463;11020818
1;04-03-2025 16:10:16.831;04-03-2025 13:06:33.463;11023368
1;04-03-2025 16:10:18.692;04-03-2025 13:06:33.463;11025229
1;04-03-2025 16:10:22.359;04-03-2025 13:06:33.463;11028896
1;04-03-2025 16:10:25.374;04-03-2025 13:06:33.463;11031911
1;04-03-2025 16:10:36.658;04-03-2025 13:06:33.463;11043195
1;04-03-2025 16:10:53.232;04-03-2025 13:06:33.463;11059769
1;04-03-2025 16:10:58.707;04-03-2025 13:06:33.463;11065244
1;04-03-2025 16:10:59.340;04-03-2025 13:06:33.463;11065877
1;04-03-2025 16:11:01.172;04-03-2025 13:06:33.463;11067709
1;04-03-2025 16:11:03.817;04-03-2025 13:06:33.463;11070354
1;04-03-2025 16:11:09.572;04-03-2025 13:06:33.463;11076109
1;04-03-2025 16:11:12.784;04-03-2025 13:06:33.463;11079321
1;04-03-2025 16:11:16.543;04-03-2025 13:06:33.463;11083080
1;04-03-2025 16:11:17.034;04-03-2025 13:06:33.463;11083571
1;04-03-2025 16:11:27.676;04-03-2025 13:06:33.463;11094213
1;04-03-2025 16:11:36.112;04-03-2025 13:06:33.463;11102649
1;04-03-2025 16:11:38.544;04-03-2025 13:06:33.463;11105081
1;04-03-2025 16:11:46.791;04-03-2025 13:06:33.463;11113328
1;04-03-2025 16:11:48.488;04-03-2025 13:06:33.463;11115025
1;04-03-2025 16:11:55.948;04-03-2025 13:06:33.463;11122485
1;04-03-2025 16:11:56.346;04-03-2025 13:06:33.463;11122883
1;04-03-2025 16:12:00.408;04-03-2025 13:06:33.463;11126945
1;04-03-2025 16:12:13.376;04-03-2025 13:06:33.463;11139913
1;04-03-2025 16:12:16.825;04-03-2025 13:06:33.463;11143362
1;04-03-2025 16:12:18.943;04-03-2025 13:06:33.463;11145480
1;04-03-2025 16:12:21.875;04-03-2025 13:06:33.463;11148412
1;04-03-2025 16:12:36.232;04-03-2025 13:06:33.463;11162769
1;04-03-2025 16:12:41.879;04-03-2025 13:06:33.463;11168416
1;04-03-2025 16:12:45.802;04-03-2025 13:06:33.463;11172339
1;04-03-2025 16:12:47.804;04-03-2025 13:06:33.463;11174341
1;04-03-2025 16:12:48.278;04-03-2025 13:06:33.463;11174815
1;04-03-2025 16:12:52.140;04-03-2025 13:06:33.463;11178677
1;04-03-2025 16:12:53.941;04-03-2025 13:06:33.463;11180478
1;04-03-2025 16:13:05.229;04-03-2025 13:06:33.463;11191766
1;04-03-2025 16:13:15.319;04-03-2025 13:06:33.463;11201856
1;04-03-2025 16:13:16.019;04-03-2025 13:06:33.463;11202556
1;04-03-2025 16:13:22.724;04-03-2025 13:06:33.463;11209261
1;04-03-2025 16:13:31.870;04-03-2025 13:06:33.463;11218407
1;04-03-2025 16:13:35.152;04-03-2025 13:06:33.463;11221689
1;04-03-2025 16:13:38.351;04-03-2025 13:06:33.463;11224888
1;04-03-2025 16:13:42.899;04-03-2025 13:06:33.463;11229436
1;04-03-2025 16:13:45.590;04-03-2025 13:06:33.463;11232127
1;04-03-2025 16:13:48.085;04-03-2025 13:06:33.463;11234622
1;04-03-2025 16:13:52.814;04-03-2025 13:06:33.463;11239351
1;04-03-2025 16:13:55.112;04-03-2025 13:06:33.463;11241649
1;04-03-2025 16:14:01.094;04-03-2025 13:06:33.463;11247631
1;04-03-2025 16:14:01.278;04-03-2025 13:06:33.463;11247815
1;04-03-2025 16:14:14.179;04-03-2025 13:06:33.463;11260716
1;04-03-2025 16:14:19.798;04-03-2025 13:06:33.463;11266335
1;04-03-2025 16:14:24.334;04-03-2025 13:06:33.463;11270871
1;04-03-2025 16:14:35.021;04-03-2025 13:06:33.463;11281558
1;04-03-2025 16:14:37.541;04-03-2025 13:06:33.463;11284078
1;04-03-2025 16:14:39.385;04-03-2025 13:06:33.463;11285922
1;04-03-2025 16:14:43.536;04-03-2025 13:06:33.463;11290073
1;04-03-2025 16:14:44.625;04-03-2025 13:06:33.463;11291162
1;04-03-2025 16:14:53.147;04-03-2025 13:06:33.463;11299684
1;04-03-2025 16:14:54.373;04-03-2025 13:06:33.463;11300910
1;04-03-2025 16:14:57.915;04-03-2025 13:06:33.463;11304452
1;04-03-2025 16:15:20.694;04-03-2025 13:06:33.463;11327231
1;04-03-2025 16:15:20.809;04-03-2025 13:06:33.463;11327346
1;04-03-2025 16:15:21.437;04-03-2025 13:06:33.463;11327974
1;04-03-2025 16:15:29.060;04-03-2025 13:06:33.463;11335597
1;04-03-2025 16:15:32.848;04-03-2025 13:06:33.463;11339385
1;04-03-2025 16:15:35.369;04-03-2025 13:06:33.463;11341906
1;04-03-2025 16:15:44.701;04-03-2025 13:06:33.463;11351238
1;04-03-2025 16:15:52.447;04-03-2025 13:06:33.463;11358984
1;04-03-2025 16:15:53.411;04-03-2025 13:06:33.463;11359948
1;04-03-2025 16:15:53.847;04-03-2025 13:06:33.463;11360384
1;04-03-2025 16:15:54.438;04-03-2025 13:06:33.463;11360975
1;04-03-2025 16:16:10.076;04-03-2025 13:06:33.463;11376613
1;04-03-2025 16:16:12.592;04-03-2025 13:06:33.463;11379129
1;04-03-2025 16:16:21.089;04-03-2025 13:06:33.463;11387626
1;04-03-2025 16:16:22.129;04-03-2025 13:06:33.463;11388666
1;04-03-2025 16:16:24.743;04-03-2025 13:06:33.463;11391280
1;04-03-2025 16:16:24.992;04-03-2025 13:06:33.463;11391529
1;04-03-2025 16:16:37.947;04-03-2025 13:06:33.463;11404484
1;04-03-2025 16:16:46.251;04-03-2025 13:06:33.463;11412788
1;04-03-2025 16:16:46.400;04-03-2025 13:06:33.463;11412937
1;04-03-2025 16:16:50.965;04-03-2025 13:06:33.463;11417502
1;04-03-2025 16:17:01.355;04-03-2025 13:06:33.463;11427892
1;04-03-2025 16:17:04.785;04-03-2025 13:06:33.463;11431322
1;04-03-2025 16:17:09.895;04-03-2025 13:06:33.463;11436432
1;04-03-2025 16:17:11.812;04-03-2025 13:06:33.463;11438349
1;04-03-2025 16:17:16.511;04-03-2025 13:06:33.463;11443048
1;04-03-2025 16:17:18.552;04-03-2025 13:06:33.463;11445089
1;04-03-2025 16:17:26.533;04-03-2025 13:06:33.463;11453070
1;04-03-2025 16:17:29.955;04-03-2025 13:06:33.463;11456492
1;04-03-2025 16:17:39.673;04-03-2025 13:06:33.463;11466210
1;04-03-2025 16:17:48.132;04-03-2025 13:06:33.463;11474669
1;04-03-2025 16:17:48.614;04-03-2025 13:06:33.463;11475151
1;04-03-2025 16:17:55.732;04-03-2025 13:06:33.463;11482269
1;04-03-2025 16:18:03.274;04-03-2025 13:06:33.463;11489811
1;04-03-2025 16:18:03.494;04-03-2025 13:06:33.463;11490031
1;04-03-2025 16:18:03.529;04-03-2025 13:06:33.463;11490066
1;04-03-2025 16:18:07.854;04-03-2025 13:06:33.463;11494391
1;04-03-2025 16:18:19.533;04-03-2025 13:06:33.463;11506070
1;04-03-2025 16:18:20.801;04-03-2025 13:06:33.463;11507338
1;04-03-2025 16:18:25.139;04-03-2025 13:06:33.463;11511676
1;04-03-2025 16:18:27.362;04-03-2025 13:06:33.463;11513899
1;04-03-2025 16:18:27.513;04-03-2025 13:06:33.463;11514050
1;04-03-2025 16:18:29.408;04-03-2025 13:06:33.463;11515945
1;04-03-2025 16:18:48.898;04-03-2025 13:06:33.463;11535435
1;04-03-2025 16:18:50.346;04-03-2025 13:06:33.463;11536883
1;04-03-2025 16:19:00.415;04-03-2025 13:06:33.463;11546952
1;04-03-2025 16:19:03.893;04-03-2025 13:06:33.463;11550430
1;04-03-2025 16:19:11.599;04-03-2025 13:06:33.463;11558136
1;04-03-2025 16:19:12.557;04-03-2025 13:06:33.463;11559094
1;04-03-2025 16:19:19.159;04-03-2025 13:06:33.463;11565696
1;04-03-2025 16:19:22.948;04-03-2025 13:06:33.463;11569485
1;04-03-2025 16:19:26.139;04-03-2025 13:06:33.463;11572676
1;04-03-2025 16:19:30.572;04-03-2025 13:06:33.463;11577109
1;04-03-2025 16:19:34.159;04-03-2025 13:06:33.463;11580696
1;04-03-2025 16:19:40.944;04-03-2025 13:06:33.463;11587481
1;04-03-2025 16:19:40.997;04-03-2025 13:06:33.463;11587534
1;04-03-2025 16:19:58.982;04-03-2025 13:06:33.463;11605519
1;04-03-2025 16:19:59.346;04-03-2025 13:06:33.463;11605883
1;04-03-2025 16:20:09.670;04-03-2025 13:06:33.463;11616207
1;04-03-2025 16:20:15.213;04-03-2025 13:06:33.463;11621750
1;04-03-2025 16:20:16.423;04-03-2025 13:06:33.463;11622960
1;04-03-2025 16:20:16.883;04-03-2025 13:06:33.463;11623420
1;04-03-2025 16:20:17.799;04-03-2025 13:06:33.463;11624336
1;04-03-2025 16:20:30.374;04-03-2025 13:06:33.463;11636911
1;04-03-2025 16:20:30.449;04-03-2025 13:06:33.463;11636986
1;04-03-2025 16:20:40.244;04-03-2025 13:06:33.463;11646781
1;04-03-2025 16:20:43.387;04-03-2025 13:06:33.463;11649924
1;04-03-2025 16:20:45.897;04-03-2025 13:06:33.463;11652434
1;04-03-2025 16:21:01.036;04-03-2025 13:06:33.463;11667573
1;04-03-2025 16:21:03.522;04-03-2025 13:06:33.463;11670059
1;04-03-2025 16:21:05.798;04-03-2025 13:06:33.463;11672335
1;04-03-2025 16:21:06.552;04-03-2025 13:06:33.463;11673089
1;04-03-2025 16:21:07.979;04-03-2025 13:06:33.463;11674516
1;04-03-2025 16:21:11.846;04-03-2025 13:06:33.463;11678383
1;04-03-2025 16:21:12.323;04-03-2025 13:06:33.463;11678860
1;04-03-2025 16:21:14.500;04-03-2025 13:06:33.463;11681037
1;04-03-2025 16:21:30.386;04-03-2025 13:06:33.463;11696923
1;04-03-2025 16:21:35.324;04-03-2025 13:06:33.463;11701861
1;04-03-2025 16:21:37.993;04-03-2025 13:06:33.463;11704530
1;04-03-2025 16:21:42.067;04-03-2025 13:06:33.463;11708604
1;04-03-2025 16:21:47.548;04-03-2025 13:06:33.463;11714085
1;04-03-2025 16:21:54.542;04-03-2025 13:06:33.463;11721079
1;04-03-2025 16:21:54.594;04-03-2025 13:06:33.463;11721131
1;04-03-2025 16:21:56.093;04-03-2025 13:06:33.463;11722630
1;04-03-2025 16:22:25.226;04-03-2025 13:06:33.463;11751763
1;04-03-2025 16:22:25.847;04-03-2025 13:06:33.463;11752384
1;04-03-2025 16:22:25.917;04-03-2025 13:06:33.463;11752454
1;04-03-2025 16:22:31.501;04-03-2025 13:06:33.463;11758038
1;04-03-2025 16:22:32.259;04-03-2025 13:06:33.463;11758796
1;04-03-2025 16:22:35.908;04-03-2025 13:06:33.463;11762445
1;04-03-2025 16:22:42.481;04-03-2025 13:06:33.463;11769018
1;04-03-2025 16:22:44.116;04-03-2025 13:06:33.463;11770653
1;04-03-2025 16:22:46.077;04-03-2025 13:06:33.463;11772614
1;04-03-2025 16:22:49.615;04-03-2025 13:06:33.463;11776152
1;04-03-2025 16:22:55.108;04-03-2025 13:06:33.463;11781645
1;04-03-2025 16:23:04.883;04-03-2025 13:06:33.463;11791420
1;04-03-2025 16:23:06.055;04-03-2025 13:06:33.463;11792592
1;04-03-2025 16:23:16.617;04-03-2025 13:06:33.463;11803154
1;04-03-2025 16:23:17.950;04-03-2025 13:06:33.463;11804487
1;04-03-2025 16:23:21.124;04-03-2025 13:06:33.463;11807661
1;04-03-2025 16:23:29.602;04-03-2025 13:06:33.463;11816139
1;04-03-2025 16:23:39.222;04-03-2025 13:06:33.463;11825759
1;04-03-2025 16:23:39.761;04-03-2025 13:06:33.463;11826298
1;04-03-2025 16:23:42.298;04-03-2025 13:06:33.463;11828835
1;04-03-2025 16:23:46.537;04-03-2025 13:06:33.463;11833074
1;04-03-2025 16:23:49.643;04-03-2025 13:06:33.463;11836180
1;04-03-2025 16:24:00.728;04-03-2025 13:06:33.463;11847265
1;04-03-2025 16:24:03.879;04-03-2025 13:06:33.463;11850416
1;04-03-2025 16:24:08.761;04-03-2025 13:06:33.463;11855298
1;04-03-2025 16:24:13.672;04-03-2025 13:06:33.463;11860209
1;04-03-2025 16:24:16.290;04-03-2025 13:06:33.463;11862827
1;04-03-2025 16:24:16.690;04-03-2025 13:06:33.463;11863227
1;04-03-2025 16:24:17.101;04-03-2025 13:06:33.463;11863638
1;04-03-2025 16:24:31.378;04-03-2025 13:06:33.463;11877915
1;04-03-2025 16:24:43.449;04-03-2025 13:06:33.463;11889986
1;04-03-2025 16:24:44.455;04-03-2025 13:06:33.463;11890992
1;04-03-2025 16:24:49.509;04-03-2025 13:06:33.463;11896046
1;04-03-2025 16:24:53.992;04-03-2025 13:06:33.463;11900529
1;04-03-2025 16:24:55.985;04-03-2025 13:06:33.463;11902522
1;04-03-2025 16:24:56.990;04-03-2025 13:06:33.463;11903527
1;04-03-2025 16:25:08.186;04-03-2025 13:06:33.463;11914723
1;04-03-2025 16:25:17.351;04-03-2025 13:06:33.463;11923888
1;04-03-2025 16:25:17.916;04-03-2025 13:06:33.463;11924453
1;04-03-2025 16:25:19.836;04-03-2025 13:06:33.463;11926373
1;04-03-2025 16:25:25.896;04-03-2025 13:06:33.463;11932433
1;04-03-2025 16:25:29.972;04-03-2025 13:06:33.463;11936509
1;04-03-2025 16:25:40.214;04-03-2025 13:06:33.463;11946751
1;04-03-2025 16:25:44.788;04-03-2025 13:06:33.463;11951325
1;04-03-2025 16:25:49.187;04-03-2025 13:06:33.463;11955724
1;04-03-2025 16:25:57.601;04-03-2025 13:06:33.463;11964138
1;04-03-2025 16:25:58.910;04-03-2025 13:06:33.463;11965447
1;04-03-2025 16:26:11.214;04-03-2025 13:06:33.463;11977751
1;04-03-2025 16:26:13.907;04-03-2025 13:06:33.463;11980444
1;04-03-2025 16:26:19.624;04-03-2025 13:06:33.463;11986161
1;04-03-2025 16:26:20.111;04-03-2025 13:06:33.463;11986648
1;04-03-2025 16:26:27.258;04-03-2025 13:06:33.463;11993795
1;04-03-2025 16:26:32.388;04-03-2025 13:06:33.463;11998925
1;04-03-2025 16:26:33.198;04-03-2025 13:06:33.463;11999735
1;04-03-2025 16:26:44.646;04-03-2025 13:06:33.463;12011183
1;04-03-2025 16:26:47.166;04-03-2025 13:06:33.463;12013703
1;04-03-2025 16:26:53.260;04-03-2025 13:06:33.463;12019797
1;04-03-2025 16:26:55.139;04-03-2025 13:06:33.463;12021676
1;04-03-2025 16:26:56.276;04-03-2025 13:06:33.463;12022813
1;04-03-2025 16:26:59.124;04-03-2025 13:06:33.463;12025661
1;04-03-2025 16:27:13.044;04-03-2025 13:06:33.463;12039581
1;04-03-2025 16:27:15.389;04-03-2025 13:06:33.463;12041926
1;04-03-2025 16:27:18.371;04-03-2025 13:06:33.463;12044908
1;04-03-2025 16:27:21.950;04-03-2025 13:06:33.463;12048487
1;04-03-2025 16:27:22.493;04-03-2025 13:06:33.463;12049030
1;04-03-2025 16:27:25.819;04-03-2025 13:06:33.463;12052356
1;04-03-2025 16:27:32.579;04-03-2025 13:06:33.463;12059116
1;04-03-2025 16:27:37.735;04-03-2025 13:06:33.463;12064272
1;04-03-2025 16:27:47.651;04-03-2025 13:06:33.463;12074188
1;04-03-2025 16:28:00.023;04-03-2025 13:06:33.463;12086560
1;04-03-2025 16:28:00.744;04-03-2025 13:06:33.463;12087281
1;04-03-2025 16:28:06.145;04-03-2025 13:06:33.463;12092682
1;04-03-2025 16:28:13.335;04-03-2025 13:06:33.463;12099872
1;04-03-2025 16:28:16.549;04-03-2025 13:06:33.463;12103086
1;04-03-2025 16:28:23.242;04-03-2025 13:06:33.463;12109779
1;04-03-2025 16:28:33.304;04-03-2025 13:06:33.463;12119841
1;04-03-2025 16:28:35.284;04-03-2025 13:06:33.463;12121821
1;04-03-2025 16:28:38.685;04-03-2025 13:06:33.463;12125222
1;04-03-2025 16:28:40.015;04-03-2025 13:06:33.463;12126552
1;04-03-2025 16:28:41.003;04-03-2025 13:06:33.463;12127540
1;04-03-2025 16:28:42.017;04-03-2025 13:06:33.463;12128554
1;04-03-2025 16:28:56.734;04-03-2025 13:06:33.463;12143271
1;04-03-2025 16:28:59.768;04-03-2025 13:06:33.463;12146305
1;04-03-2025 16:29:06.055;04-03-2025 13:06:33.463;12152592
1;04-03-2025 16:29:09.592;04-03-2025 13:06:33.463;12156129
1;04-03-2025 16:29:13.159;04-03-2025 13:06:33.463;12159696
1;04-03-2025 16:29:18.097;04-03-2025 13:06:33.463;12164634
1;04-03-2025 16:29:26.130;04-03-2025 13:06:33.463;12172667
1;04-03-2025 16:29:26.396;04-03-2025 13:06:33.463;12172933
1;04-03-2025 16:29:32.012;04-03-2025 13:06:33.463;12178549
1;04-03-2025 16:29:34.528;04-03-2025 13:06:33.463;12181065
1;04-03-2025 16:29:49.982;04-03-2025 13:06:33.463;12196519
1;04-03-2025 16:29:56.322;04-03-2025 13:06:33.463;12202859
1;04-03-2025 16:29:57.011;04-03-2025 13:06:33.463;12203548
1;04-03-2025 16:30:01.350;04-03-2025 13:06:33.463;12207887
1;04-03-2025 16:30:07.486;04-03-2025 13:06:33.463;12214023
1;04-03-2025 16:30:10.763;04-03-2025 13:06:33.463;12217300
1;04-03-2025 16:30:15.232;04-03-2025 13:06:33.463;12221769
1;04-03-2025 16:30:18.330;04-03-2025 13:06:33.463;12224867
1;04-03-2025 16:30:22.666;04-03-2025 13:06:33.463;12229203
1;04-03-2025 16:30:26.626;04-03-2025 13:06:33.463;12233163
1;04-03-2025 16:30:37.548;04-03-2025 13:06:33.463;12244085
1;04-03-2025 16:30:40.838;04-03-2025 13:06:33.463;12247375
1;04-03-2025 16:30:41.557;04-03-2025 13:06:33.463;12248094
1;04-03-2025 16:30:42.650;04-03-2025 13:06:33.463;12249187
1;04-03-2025 16:30:52.583;04-03-2025 13:06:33.463;12259120
1;04-03-2025 16:31:00.962;04-03-2025 13:06:33.463;12267499
1;04-03-2025 16:31:02.959;04-03-2025 13:06:33.463;12269496
1;04-03-2025 16:31:03.958;04-03-2025 13:06:33.463;12270495
1;04-03-2025 16:31:20.346;04-03-2025 13:06:33.463;12286883
1;04-03-2025 16:31:22.961;04-03-2025 13:06:33.463;12289498
1;04-03-2025 16:31:24.575;04-03-2025 13:06:33.463;12291112
1;04-03-2025 16:31:34.156;04-03-2025 13:06:33.463;12300693
1;04-03-2025 16:31:34.253;04-03-2025 13:06:33.463;12300790
1;04-03-2025 16:31:39.213;04-03-2025 13:06:33.463;12305750
1;04-03-2025 16:31:41.543;04-03-2025 13:06:33.463;12308080
1;04-03-2025 16:31:43.691;04-03-2025 13:06:33.463;12310228
1;04-03-2025 16:31:47.012;04-03-2025 13:06:33.463;12313549
1;04-03-2025 16:31:47.761;04-03-2025 13:06:33.463;12314298
1;04-03-2025 16:31:53.663;04-03-2025 13:06:33.463;12320200
1;04-03-2025 16:32:05.690;04-03-2025 13:06:33.463;12332227
1;04-03-2025 16:32:13.855;04-03-2025 13:06:33.463;12340392
1;04-03-2025 16:32:15.984;04-03-2025 13:06:33.463;12342521
1;04-03-2025 16:32:18.243;04-03-2025 13:06:33.463;12344780
1;04-03-2025 16:32:32.032;04-03-2025 13:06:33.463;12358569
1;04-03-2025 16:32:36.192;04-03-2025 13:06:33.463;12362729
1;04-03-2025 16:32:36.520;04-03-2025 13:06:33.463;12363057
1;04-03-2025 16:32:40.859;04-03-2025 13:06:33.463;12367396
1;04-03-2025 16:32:41.613;04-03-2025 13:06:33.463;12368150
1;04-03-2025 16:32:48.978;04-03-2025 13:06:33.463;12375515
1;04-03-2025 16:33:01.087;04-03-2025 13:06:33.463;12387624
1;04-03-2025 16:33:01.798;04-03-2025 13:06:33.463;12388335
1;04-03-2025 16:33:03.497;04-03-2025 13:06:33.463;12390034
1;04-03-2025 16:33:09.603;04-03-2025 13:06:33.463;12396140
1;04-03-2025 16:33:22.898;04-03-2025 13:06:33.463;12409435
1;04-03-2025 16:33:30.209;04-03-2025 13:06:33.463;12416746
1;04-03-2025 16:33:35.213;04-03-2025 13:06:33.463;12421750
1;04-03-2025 16:33:35.785;04-03-2025 13:06:33.463;12422322
1;04-03-2025 16:33:42.154;04-03-2025 13:06:33.463;12428691
1;04-03-2025 16:33:44.682;04-03-2025 13:06:33.463;12431219
1;04-03-2025 16:33:45.381;04-03-2025 13:06:33.463;12431918
1;04-03-2025 16:33:52.456;04-03-2025 13:06:33.463;12438993
1;04-03-2025 16:34:01.174;04-03-2025 13:06:33.463;12447711
1;04-03-2025 16:34:05.149;04-03-2025 13:06:33.463;12451686
1;04-03-2025 16:34:06.711;04-03-2025 13:06:33.463;12453248
1;04-03-2025 16:34:13.571;04-03-2025 13:06:33.463;12460108
1;04-03-2025 16:34:25.747;04-03-2025 13:06:33.463;12472284
1;04-03-2025 16:34:25.780;04-03-2025 13:06:33.463;12472317
1;04-03-2025 16:34:40.053;04-03-2025 13:06:33.463;12486590
1;04-03-2025 16:34:43.756;04-03-2025 13:06:33.463;12490293
1;04-03-2025 16:34:48.517;04-03-2025 13:06:33.463;12495054
1;04-03-2025 16:34:49.856;04-03-2025 13:06:33.463;12496393
1;04-03-2025 16:34:55.261;04-03-2025 13:06:33.463;12501798
1;04-03-2025 16:34:55.906;04-03-2025 13:06:33.463;12502443
1;04-03-2025 16:34:59.944;04-03-2025 13:06:33.463;12506481
1;04-03-2025 16:35:03.983;04-03-2025 13:06:33.463;12510520
1;04-03-2025 16:35:11.292;04-03-2025 13:06:33.463;12517829
1;04-03-2025 16:35:20.062;04-03-2025 13:06:33.463;12526599
1;04-03-2025 16:35:20.476;04-03-2025 13:06:33.463;12527013
1;04-03-2025 16:35:25.785;04-03-2025 13:06:33.463;12532322
1;04-03-2025 16:35:35.350;04-03-2025 13:06:33.463;12541887
1;04-03-2025 16:35:37.322;04-03-2025 13:06:33.463;12543859
1;04-03-2025 16:35:38.318;04-03-2025 13:06:33.463;12544855
1;04-03-2025 16:35:40.951;04-03-2025 13:06:33.463;12547488
1;04-03-2025 16:35:43.539;04-03-2025 13:06:33.463;12550076
1;04-03-2025 16:35:52.570;04-03-2025 13:06:33.463;12559107
1;04-03-2025 16:35:56.307;04-03-2025 13:06:33.463;12562844
1;04-03-2025 16:36:03.659;04-03-2025 13:06:33.463;12570196
1;04-03-2025 16:36:06.147;04-03-2025 13:06:33.463;12572684
1;04-03-2025 16:36:17.725;04-03-2025 13:06:33.463;12584262
1;04-03-2025 16:36:18.663;04-03-2025 13:06:33.463;12585200
1;04-03-2025 16:36:25.429;04-03-2025 13:06:33.463;12591966
1;04-03-2025 16:36:39.948;04-03-2025 13:06:33.463;12606485
1;04-03-2025 16:36:40.490;04-03-2025 13:06:33.463;12607027
1;04-03-2025 16:36:43.755;04-03-2025 13:06:33.463;12610292
1;04-03-2025 16:36:47.420;04-03-2025 13:06:33.463;12613957
1;04-03-2025 16:36:50.645;04-03-2025 13:06:33.463;12617182
1;04-03-2025 16:36:50.949;04-03-2025 13:06:33.463;12617486
1;04-03-2025 16:37:00.196;04-03-2025 13:06:33.463;12626733
1;04-03-2025 16:37:00.741;04-03-2025 13:06:33.463;12627278
1;04-03-2025 16:37:05.837;04-03-2025 13:06:33.463;12632374
1;04-03-2025 16:37:11.025;04-03-2025 13:06:33.463;12637562
1;04-03-2025 16:37:12.672;04-03-2025 13:06:33.463;12639209
1;04-03-2025 16:37:14.890;04-03-2025 13:06:33.463;12641427
1;04-03-2025 16:37:27.854;04-03-2025 13:06:33.463;12654391
1;04-03-2025 16:37:35.245;04-03-2025 13:06:33.463;12661782
1;04-03-2025 16:37:43.575;04-03-2025 13:06:33.463;12670112
1;04-03-2025 16:37:44.647;04-03-2025 13:06:33.463;12671184
1;04-03-2025 16:37:51.512;04-03-2025 13:06:33.463;12678049
1;04-03-2025 16:37:59.829;04-03-2025 13:06:33.463;12686366
1;04-03-2025 16:38:00.365;04-03-2025 13:06:33.463;12686902
1;04-03-2025 16:38:02.251;04-03-2025 13:06:33.463;12688788
1;04-03-2025 16:38:04.487;04-03-2025 13:06:33.463;12691024
1;04-03-2025 16:38:11.149;04-03-2025 13:06:33.463;12697686
1;04-03-2025 16:38:15.484;04-03-2025 13:06:33.463;12702021
1;04-03-2025 16:38:18.353;04-03-2025 13:06:33.463;12704890
1;04-03-2025 16:38:26.024;04-03-2025 13:06:33.463;12712561
1;04-03-2025 16:38:28.246;04-03-2025 13:06:33.463;12714783
1;04-03-2025 16:38:35.972;04-03-2025 13:06:33.463;12722509
1;04-03-2025 16:38:38.356;04-03-2025 13:06:33.463;12724893
1;04-03-2025 16:38:44.621;04-03-2025 13:06:33.463;12731158
1;04-03-2025 16:38:58.313;04-03-2025 13:06:33.463;12744850
1;04-03-2025 16:39:01.395;04-03-2025 13:06:33.463;12747932
1;04-03-2025 16:39:05.244;04-03-2025 13:06:33.463;12751781
1;04-03-2025 16:39:15.391;04-03-2025 13:06:33.463;12761928
1;04-03-2025 16:39:16.141;04-03-2025 13:06:33.463;12762678
1;04-03-2025 16:39:18.482;04-03-2025 13:06:33.463;12765019
1;04-03-2025 16:39:28.712;04-03-2025 13:06:33.463;12775249
1;04-03-2025 16:39:34.669;04-03-2025 13:06:33.463;12781206
1;04-03-2025 16:39:40.763;04-03-2025 13:06:33.463;12787300
1;04-03-2025 16:39:43.287;04-03-2025 13:06:33.463;12789824
1;04-03-2025 16:39:51.662;04-03-2025 13:06:33.463;12798199
1;04-03-2025 16:39:54.315;04-03-2025 13:06:33.463;12800852
1;04-03-2025 16:39:54.709;04-03-2025 13:06:33.463;12801246
1;04-03-2025 16:39:57.854;04-03-2025 13:06:33.463;12804391
1;04-03-2025 16:39:58.859;04-03-2025 13:06:33.463;12805396
1;04-03-2025 16:40:03.756;04-03-2025 13:06:33.463;12810293
1;04-03-2025 16:40:13.248;04-03-2025 13:06:33.463;12819785
1;04-03-2025 16:40:15.466;04-03-2025 13:06:33.463;12822003
1;04-03-2025 16:40:15.576;04-03-2025 13:06:33.463;12822113
1;04-03-2025 16:40:25.089;04-03-2025 13:06:33.463;12831626
1;04-03-2025 16:40:25.533;04-03-2025 13:06:33.463;12832070
1;04-03-2025 16:40:32.760;04-03-2025 13:06:33.463;12839297
1;04-03-2025 16:40:47.225;04-03-2025 13:06:33.463;12853762
1;04-03-2025 16:40:53.614;04-03-2025 13:06:33.463;12860151
1;04-03-2025 16:40:54.719;04-03-2025 13:06:33.463;12861256
1;04-03-2025 16:41:03.749;04-03-2025 13:06:33.463;12870286
1;04-03-2025 16:41:05.616;04-03-2025 13:06:33.463;12872153
1;04-03-2025 16:41:13.602;04-03-2025 13:06:33.463;12880139
1;04-03-2025 16:41:17.286;04-03-2025 13:06:33.463;12883823
1;04-03-2025 16:41:24.460;04-03-2025 13:06:33.463;12890997
1;04-03-2025 16:41:29.368;04-03-2025 13:06:33.463;12895905
1;04-03-2025 16:41:36.794;04-03-2025 13:06:33.463;12903331
1;04-03-2025 16:41:42.383;04-03-2025 13:06:33.463;12908920
1;04-03-2025 16:41:45.293;04-03-2025 13:06:33.463;12911830
1;04-03-2025 16:41:50.669;04-03-2025 13:06:33.463;12917206
1;04-03-2025 16:41:51.123;04-03-2025 13:06:33.463;12917660
1;04-03-2025 16:41:57.841;04-03-2025 13:06:33.463;12924378
1;04-03-2025 16:42:07.096;04-03-2025 13:06:33.463;12933633
1;04-03-2025 16:42:09.488;04-03-2025 13:06:33.463;12936025
1;04-03-2025 16:42:11.356;04-03-2025 13:06:33.463;12937893
1;04-03-2025 16:42:21.220;04-03-2025 13:06:33.463;12947757
1;04-03-2025 16:42:21.423;04-03-2025 13:06:33.463;12947960
1;04-03-2025 16:42:33.143;04-03-2025 13:06:33.463;12959680
1;04-03-2025 16:42:34.125;04-03-2025 13:06:33.463;12960662
1;04-03-2025 16:42:44.980;04-03-2025 13:06:33.463;12971517
1;04-03-2025 16:42:48.987;04-03-2025 13:06:33.463;12975524
1;04-03-2025 16:42:50.277;04-03-2025 13:06:33.463;12976814
1;04-03-2025 16:43:05.351;04-03-2025 13:06:33.463;12991888
1;04-03-2025 16:43:06.640;04-03-2025 13:06:33.463;12993177
1;04-03-2025 16:43:09.770;04-03-2025 13:06:33.463;12996307
1;04-03-2025 16:43:10.732;04-03-2025 13:06:33.463;12997269
1;04-03-2025 16:43:12.093;04-03-2025 13:06:33.463;12998630
1;04-03-2025 16:43:12.960;04-03-2025 13:06:33.463;12999497
1;04-03-2025 16:43:16.986;04-03-2025 13:06:33.463;13003523
1;04-03-2025 16:43:22.060;04-03-2025 13:06:33.463;13008597
1;04-03-2025 16:43:27.730;04-03-2025 13:06:33.463;13014267
1;04-03-2025 16:43:27.838;04-03-2025 13:06:33.463;13014375
1;04-03-2025 16:43:30.046;04-03-2025 13:06:33.463;13016583
1;04-03-2025 16:43:32.202;04-03-2025 13:06:33.463;13018739
1;04-03-2025 16:43:42.176;04-03-2025 13:06:33.463;13028713
1;04-03-2025 16:43:59.701;04-03-2025 13:06:33.463;13046238
1;04-03-2025 16:44:08.956;04-03-2025 13:06:33.463;13055493
1;04-03-2025 16:44:09.346;04-03-2025 13:06:33.463;13055883
1;04-03-2025 16:44:20.918;04-03-2025 13:06:33.463;13067455
1;04-03-2025 16:44:26.956;04-03-2025 13:06:33.463;13073493
1;04-03-2025 16:44:27.379;04-03-2025 13:06:33.463;13073916
1;04-03-2025 16:44:29.612;04-03-2025 13:06:33.463;13076149
1;04-03-2025 16:44:31.094;04-03-2025 13:06:33.463;13077631
1;04-03-2025 16:44:34.274;04-03-2025 13:06:33.463;13080811
1;04-03-2025 16:44:44.284;04-03-2025 13:06:33.463;13090821
1;04-03-2025 16:44:48.208;04-03-2025 13:06:33.463;13094745
1;04-03-2025 16:44:51.857;04-03-2025 13:06:33.463;13098394
1;04-03-2025 16:45:06.012;04-03-2025 13:06:33.463;13112549
1;04-03-2025 16:45:07.065;04-03-2025 13:06:33.463;13113602
1;04-03-2025 16:45:10.991;04-03-2025 13:06:33.463;13117528
1;04-03-2025 16:45:11.944;04-03-2025 13:06:33.463;13118481
1;04-03-2025 16:45:13.889;04-03-2025 13:06:33.463;13120426
1;04-03-2025 16:45:17.512;04-03-2025 13:06:33.463;13124049
1;04-03-2025 16:45:17.877;04-03-2025 13:06:33.463;13124414
1;04-03-2025 16:45:24.862;04-03-2025 13:06:33.463;13131399
1;04-03-2025 16:45:31.123;04-03-2025 13:06:33.463;13137660
1;04-03-2025 16:45:34.930;04-03-2025 13:06:33.463;13141467
1;04-03-2025 16:45:38.972;04-03-2025 13:06:33.463;13145509
1;04-03-2025 16:45:44.895;04-03-2025 13:06:33.463;13151432
1;04-03-2025 16:45:55.550;04-03-2025 13:06:33.463;13162087
1;04-03-2025 16:45:58.114;04-03-2025 13:06:33.463;13164651
1;04-03-2025 16:46:03.686;04-03-2025 13:06:33.463;13170223
1;04-03-2025 16:46:06.760;04-03-2025 13:06:33.463;13173297
1;04-03-2025 16:46:23.499;04-03-2025 13:06:33.463;13190036
1;04-03-2025 16:46:24.291;04-03-2025 13:06:33.463;13190828
1;04-03-2025 16:46:29.276;04-03-2025 13:06:33.463;13195813
1;04-03-2025 16:46:30.480;04-03-2025 13:06:33.463;13197017
1;04-03-2025 16:46:30.758;04-03-2025 13:06:33.463;13197295
1;04-03-2025 16:46:33.299;04-03-2025 13:06:33.463;13199836
1;04-03-2025 16:46:40.529;04-03-2025 13:06:33.463;13207066
1;04-03-2025 16:46:47.167;04-03-2025 13:06:33.463;13213704
1;04-03-2025 16:46:53.144;04-03-2025 13:06:33.463;13219681
1;04-03-2025 16:47:05.741;04-03-2025 13:06:33.463;13232278
1;04-03-2025 16:47:07.545;04-03-2025 13:06:33.463;13234082
1;04-03-2025 16:47:11.569;04-03-2025 13:06:33.463;13238106
1;04-03-2025 16:47:11.980;04-03-2025 13:06:33.463;13238517
1;04-03-2025 16:47:13.352;04-03-2025 13:06:33.463;13239889
1;04-03-2025 16:47:17.825;04-03-2025 13:06:33.463;13244362
1;04-03-2025 16:47:23.437;04-03-2025 13:06:33.463;13249974
1;04-03-2025 16:47:46.042;04-03-2025 13:06:33.463;13272579
1;04-03-2025 16:47:48.972;04-03-2025 13:06:33.463;13275509
1;04-03-2025 16:47:51.386;04-03-2025 13:06:33.463;13277923
1;04-03-2025 16:47:54.948;04-03-2025 13:06:33.463;13281485
1;04-03-2025 16:48:02.666;04-03-2025 13:06:33.463;13289203
1;04-03-2025 16:48:03.907;04-03-2025 13:06:33.463;13290444
1;04-03-2025 16:48:10.740;04-03-2025 13:06:33.463;13297277
1;04-03-2025 16:48:13.832;04-03-2025 13:06:33.463;13300369
1;04-03-2025 16:48:17.229;04-03-2025 13:06:33.463;13303766
1;04-03-2025 16:48:30.824;04-03-2025 13:06:33.463;13317361
1;04-03-2025 16:48:34.437;04-03-2025 13:06:33.463;13320974
1;04-03-2025 16:48:35.602;04-03-2025 13:06:33.463;13322139
1;04-03-2025 16:48:41.194;04-03-2025 13:06:33.463;13327731
1;04-03-2025 16:48:45.596;04-03-2025 13:06:33.463;13332133
1;04-03-2025 16:48:45.775;04-03-2025 13:06:33.463;13332312
1;04-03-2025 16:48:54.713;04-03-2025 13:06:33.463;13341250
1;04-03-2025 16:48:58.206;04-03-2025 13:06:33.463;13344743
1;04-03-2025 16:49:01.894;04-03-2025 13:06:33.463;13348431
1;04-03-2025 16:49:06.955;04-03-2025 13:06:33.463;13353492
1;04-03-2025 16:49:06.989;04-03-2025 13:06:33.463;13353526
1;04-03-2025 16:49:10.780;04-03-2025 13:06:33.463;13357317
1;04-03-2025 16:49:16.272;04-03-2025 13:06:33.463;13362809
1;04-03-2025 16:49:22.304;04-03-2025 13:06:33.463;13368841
1;04-03-2025 16:49:27.038;04-03-2025 13:06:33.463;13373575
1;04-03-2025 16:49:27.733;04-03-2025 13:06:33.463;13374270
1;04-03-2025 16:49:34.403;04-03-2025 13:06:33.463;13380940
1;04-03-2025 16:49:36.693;04-03-2025 13:06:33.463;13383230
1;04-03-2025 16:49:43.472;04-03-2025 13:06:33.463;13390009
1;04-03-2025 16:49:55.389;04-03-2025 13:06:33.463;13401926
1;04-03-2025 16:50:03.490;04-03-2025 13:06:33.463;13410027
1;04-03-2025 16:50:06.150;04-03-2025 13:06:33.463;13412687
1;04-03-2025 16:50:13.029;04-03-2025 13:06:33.463;13419566
1;04-03-2025 16:50:16.351;04-03-2025 13:06:33.463;13422888
1;04-03-2025 16:50:26.918;04-03-2025 13:06:33.463;13433455
1;04-03-2025 16:50:33.681;04-03-2025 13:06:33.463;13440218
1;04-03-2025 16:50:39.456;04-03-2025 13:06:33.463;13445993
1;04-03-2025 16:50:39.545;04-03-2025 13:06:33.463;13446082
1;04-03-2025 16:50:40.081;04-03-2025 13:06:33.463;13446618
1;04-03-2025 16:50:41.893;04-03-2025 13:06:33.463;13448430
1;04-03-2025 16:50:55.800;04-03-2025 13:06:33.463;13462337
1;04-03-2025 16:50:57.641;04-03-2025 13:06:33.463;13464178
1;04-03-2025 16:50:58.809;04-03-2025 13:06:33.463;13465346
1;04-03-2025 16:51:01.312;04-03-2025 13:06:33.463;13467849
1;04-03-2025 16:51:03.164;04-03-2025 13:06:33.463;13469701
1;04-03-2025 16:51:10.750;04-03-2025 13:06:33.463;13477287
1;04-03-2025 16:51:12.441;04-03-2025 13:06:33.463;13478978
1;04-03-2025 16:51:20.655;04-03-2025 13:06:33.463;13487192
1;04-03-2025 16:51:22.327;04-03-2025 13:06:33.463;13488864
1;04-03-2025 16:51:36.201;04-03-2025 13:06:33.463;13502738
1;04-03-2025 16:51:39.181;04-03-2025 13:06:33.463;13505718
1;04-03-2025 16:51:43.969;04-03-2025 13:06:33.463;13510506
1;04-03-2025 16:51:49.901;04-03-2025 13:06:33.463;13516438
1;04-03-2025 16:51:51.927;04-03-2025 13:06:33.463;13518464
1;04-03-2025 16:51:52.728;04-03-2025 13:06:33.463;13519265
1;04-03-2025 16:51:57.886;04-03-2025 13:06:33.463;13524423
1;04-03-2025 16:52:06.223;04-03-2025 13:06:33.463;13532760
1;04-03-2025 16:52:06.614;04-03-2025 13:06:33.463;13533151
1;04-03-2025 16:52:08.775;04-03-2025 13:06:33.463;13535312
1;04-03-2025 16:52:21.418;04-03-2025 13:06:33.463;13547955
1;04-03-2025 16:52:25.502;04-03-2025 13:06:33.463;13552039
1;04-03-2025 16:52:42.051;04-03-2025 13:06:33.463;13568588
1;04-03-2025 16:52:44.554;04-03-2025 13:06:33.463;13571091
1;04-03-2025 16:52:50.301;04-03-2025 13:06:33.463;13576838
1;04-03-2025 16:52:53.903;04-03-2025 13:06:33.463;13580440
1;04-03-2025 16:52:59.957;04-03-2025 13:06:33.463;13586494
1;04-03-2025 16:53:15.785;04-03-2025 13:06:33.463;13602322
1;04-03-2025 16:53:15.797;04-03-2025 13:06:33.463;13602334
1;04-03-2025 16:53:16.794;04-03-2025 13:06:33.463;13603331
1;04-03-2025 16:53:18.955;04-03-2025 13:06:33.463;13605492
1;04-03-2025 16:53:20.457;04-03-2025 13:06:33.463;13606994
1;04-03-2025 16:53:24.894;04-03-2025 13:06:33.463;13611431
1;04-03-2025 16:53:28.229;04-03-2025 13:06:33.463;13614766
1;04-03-2025 16:53:42.384;04-03-2025 13:06:33.463;13628921
1;04-03-2025 16:53:51.320;04-03-2025 13:06:33.463;13637857
1;04-03-2025 16:53:55.820;04-03-2025 13:06:33.463;13642357
1;04-03-2025 16:53:59.057;04-03-2025 13:06:33.463;13645594
1;04-03-2025 16:53:59.824;04-03-2025 13:06:33.463;13646361
1;04-03-2025 16:54:05.669;04-03-2025 13:06:33.463;13652206
1;04-03-2025 16:54:09.320;04-03-2025 13:06:33.463;13655857
1;04-03-2025 16:54:16.986;04-03-2025 13:06:33.463;13663523
1;04-03-2025 16:54:19.271;04-03-2025 13:06:33.463;13665808
1;04-03-2025 16:54:20.422;04-03-2025 13:06:33.463;13666959
1;04-03-2025 16:54:21.250;04-03-2025 13:06:33.463;13667787
1;04-03-2025 16:54:27.870;04-03-2025 13:06:33.463;13674407
1;04-03-2025 16:54:28.309;04-03-2025 13:06:33.463;13674846
1;04-03-2025 16:54:47.942;04-03-2025 13:06:33.463;13694479
1;04-03-2025 16:54:48.602;04-03-2025 13:06:33.463;13695139
1;04-03-2025 16:54:55.028;04-03-2025 13:06:33.463;13701565
1;04-03-2025 16:54:58.031;04-03-2025 13:06:33.463;13704568
1;04-03-2025 16:54:58.920;04-03-2025 13:06:33.463;13705457
1;04-03-2025 16:54:59.187;04-03-2025 13:06:33.463;13705724
1;04-03-2025 16:55:08.018;04-03-2025 13:06:33.463;13714555
1;04-03-2025 16:55:08.212;04-03-2025 13:06:33.463;13714749
1;04-03-2025 16:55:28.208;04-03-2025 13:06:33.463;13734745
1;04-03-2025 16:55:29.758;04-03-2025 13:06:33.463;13736295
1;04-03-2025 16:55:30.660;04-03-2025 13:06:33.463;13737197
1;04-03-2025 16:55:36.412;04-03-2025 13:06:33.463;13742949
1;04-03-2025 16:55:37.977;04-03-2025 13:06:33.463;13744514
1;04-03-2025 16:55:43.207;04-03-2025 13:06:33.463;13749744
1;04-03-2025 16:55:53.931;04-03-2025 13:06:33.463;13760468
1;04-03-2025 16:55:54.293;04-03-2025 13:06:33.463;13760830
1;04-03-2025 16:56:08.106;04-03-2025 13:06:33.463;13774643
1;04-03-2025 16:56:08.127;04-03-2025 13:06:33.463;13774664
1;04-03-2025 16:56:22.662;04-03-2025 13:06:33.463;13789199
1;04-03-2025 16:56:25.295;04-03-2025 13:06:33.463;13791832
1;04-03-2025 16:56:27.352;04-03-2025 13:06:33.463;13793889
1;04-03-2025 16:56:27.463;04-03-2025 13:06:33.463;13794000
1;04-03-2025 16:56:29.341;04-03-2025 13:06:33.463;13795878
1;04-03-2025 16:56:32.600;04-03-2025 13:06:33.463;13799137
1;04-03-2025 16:56:40.766;04-03-2025 13:06:33.463;13807303
1;04-03-2025 16:56:43.188;04-03-2025 13:06:33.463;13809725
1;04-03-2025 16:56:47.905;04-03-2025 13:06:33.463;13814442
1;04-03-2025 16:56:50.995;04-03-2025 13:06:33.463;13817532
1;04-03-2025 16:57:11.161;04-03-2025 13:06:33.463;13837698
1;04-03-2025 16:57:12.382;04-03-2025 13:06:33.463;13838919
1;04-03-2025 16:57:17.618;04-03-2025 13:06:33.463;13844155
1;04-03-2025 16:57:20.635;04-03-2025 13:06:33.463;13847172
1;04-03-2025 16:57:22.132;04-03-2025 13:06:33.463;13848669
1;04-03-2025 16:57:24.262;04-03-2025 13:06:33.463;13850799
1;04-03-2025 16:57:24.483;04-03-2025 13:06:33.463;13851020
1;04-03-2025 16:57:31.109;04-03-2025 13:06:33.463;13857646
1;04-03-2025 16:57:37.859;04-03-2025 13:06:33.463;13864396
1;04-03-2025 16:57:45.445;04-03-2025 13:06:33.463;13871982
1;04-03-2025 16:57:49.457;04-03-2025 13:06:33.463;13875994
1;04-03-2025 16:57:52.539;04-03-2025 13:06:33.463;13879076
1;04-03-2025 16:58:05.972;04-03-2025 13:06:33.463;13892509
1;04-03-2025 16:58:13.868;04-03-2025 13:06:33.463;13900405
1;04-03-2025 16:58:16.104;04-03-2025 13:06:33.463;13902641
1;04-03-2025 16:58:17.008;04-03-2025 13:06:33.463;13903545
1;04-03-2025 16:58:26.001;04-03-2025 13:06:33.463;13912538
1;04-03-2025 16:58:31.320;04-03-2025 13:06:33.463;13917857
1;04-03-2025 16:58:36.241;04-03-2025 13:06:33.463;13922778
1;04-03-2025 16:58:40.014;04-03-2025 13:06:33.463;13926551
1;04-03-2025 16:58:40.231;04-03-2025 13:06:33.463;13926768
1;04-03-2025 16:58:41.050;04-03-2025 13:06:33.463;13927587
1;04-03-2025 16:58:46.179;04-03-2025 13:06:33.463;13932716
1;04-03-2025 16:58:47.126;04-03-2025 13:06:33.463;13933663
1;04-03-2025 16:58:49.476;04-03-2025 13:06:33.463;13936013
1;04-03-2025 16:59:19.565;04-03-2025 13:06:33.463;13966102
1;04-03-2025 16:59:20.699;04-03-2025 13:06:33.463;13967236
1;04-03-2025 16:59:21.173;04-03-2025 13:06:33.463;13967710
1;04-03-2025 16:59:25.075;04-03-2025 13:06:33.463;13971612
1;04-03-2025 16:59:26.258;04-03-2025 13:06:33.463;13972795
1;04-03-2025 16:59:31.278;04-03-2025 13:06:33.463;13977815
1;04-03-2025 16:59:33.425;04-03-2025 13:06:33.463;13979962
1;04-03-2025 16:59:35.456;04-03-2025 13:06:33.463;13981993
1;04-03-2025 16:59:45.346;04-03-2025 13:06:33.463;13991883
1;04-03-2025 16:59:50.751;04-03-2025 13:06:33.463;13997288
1;04-03-2025 16:59:55.174;04-03-2025 13:06:33.463;14001711
1;04-03-2025 17:00:01.288;04-03-2025 13:06:33.463;14007825
1;04-03-2025 17:00:13.191;04-03-2025 13:06:33.463;14019728
1;04-03-2025 17:00:17.257;04-03-2025 13:06:33.463;14023794
1;04-03-2025 17:00:25.413;04-03-2025 13:06:33.463;14031950
1;04-03-2025 17:00:26.475;04-03-2025 13:06:33.463;14033012
1;04-03-2025 17:00:27.410;04-03-2025 13:06:33.463;14033947
1;04-03-2025 17:00:28.626;04-03-2025 13:06:33.463;14035163
1;04-03-2025 17:00:34.036;04-03-2025 13:06:33.463;14040573
1;04-03-2025 17:00:44.614;04-03-2025 13:06:33.463;14051151
1;04-03-2025 17:00:45.437;04-03-2025 13:06:33.463;14051974
1;04-03-2025 17:00:50.917;04-03-2025 13:06:33.463;14057454
1;04-03-2025 17:00:53.592;04-03-2025 13:06:33.463;14060129
1;04-03-2025 17:01:03.198;04-03-2025 13:06:33.463;14069735
1;04-03-2025 17:01:07.928;04-03-2025 13:06:33.463;14074465
1;04-03-2025 17:01:15.479;04-03-2025 13:06:33.463;14082016
1;04-03-2025 17:01:17.753;04-03-2025 13:06:33.463;14084290
1;04-03-2025 17:01:22.858;04-03-2025 13:06:33.463;14089395
1;04-03-2025 17:01:25.663;04-03-2025 13:06:33.463;14092200
1;04-03-2025 17:01:37.151;04-03-2025 13:06:33.463;14103688
1;04-03-2025 17:01:38.447;04-03-2025 13:06:33.463;14104984
1;04-03-2025 17:01:39.613;04-03-2025 13:06:33.463;14106150
1;04-03-2025 17:01:40.293;04-03-2025 13:06:33.463;14106830
1;04-03-2025 17:01:41.831;04-03-2025 13:06:33.463;14108368
1;04-03-2025 17:01:49.398;04-03-2025 13:06:33.463;14115935
1;04-03-2025 17:02:05.213;04-03-2025 13:06:33.463;14131750
1;04-03-2025 17:02:07.464;04-03-2025 13:06:33.463;14134001
1;04-03-2025 17:02:08.277;04-03-2025 13:06:33.463;14134814
1;04-03-2025 17:02:09.686;04-03-2025 13:06:33.463;14136223
1;04-03-2025 17:02:24.974;04-03-2025 13:06:33.463;14151511
1;04-03-2025 17:02:26.701;04-03-2025 13:06:33.463;14153238
1;04-03-2025 17:02:37.854;04-03-2025 13:06:33.463;14164391
1;04-03-2025 17:02:40.811;04-03-2025 13:06:33.463;14167348
1;04-03-2025 17:02:42.964;04-03-2025 13:06:33.463;14169501
1;04-03-2025 17:02:49.544;04-03-2025 13:06:33.463;14176081
1;04-03-2025 17:02:50.328;04-03-2025 13:06:33.463;14176865
1;04-03-2025 17:02:56.501;04-03-2025 13:06:33.463;14183038
1;04-03-2025 17:02:59.700;04-03-2025 13:06:33.463;14186237
1;04-03-2025 17:03:11.999;04-03-2025 13:06:33.463;14198536
1;04-03-2025 17:03:16.537;04-03-2025 13:06:33.463;14203074
1;04-03-2025 17:03:22.286;04-03-2025 13:06:33.463;14208823
1;04-03-2025 17:03:23.428;04-03-2025 13:06:33.463;14209965
1;04-03-2025 17:03:32.033;04-03-2025 13:06:33.463;14218570
1;04-03-2025 17:03:32.503;04-03-2025 13:06:33.463;14219040
1;04-03-2025 17:03:35.948;04-03-2025 13:06:33.463;14222485
1;04-03-2025 17:03:37.572;04-03-2025 13:06:33.463;14224109
1;04-03-2025 17:03:41.666;04-03-2025 13:06:33.463;14228203
1;04-03-2025 17:03:44.739;04-03-2025 13:06:33.463;14231276
1;04-03-2025 17:03:57.277;04-03-2025 13:06:33.463;14243814
1;04-03-2025 17:03:57.774;04-03-2025 13:06:33.463;14244311
1;04-03-2025 17:04:06.378;04-03-2025 13:06:33.463;14252915
1;04-03-2025 17:04:09.237;04-03-2025 13:06:33.463;14255774
1;04-03-2025 17:04:12.233;04-03-2025 13:06:33.463;14258770
1;04-03-2025 17:04:21.438;04-03-2025 13:06:33.463;14267975
1;04-03-2025 17:04:29.514;04-03-2025 13:06:33.463;14276051
1;04-03-2025 17:04:35.260;04-03-2025 13:06:33.463;14281797
1;04-03-2025 17:04:41.586;04-03-2025 13:06:33.463;14288123
1;04-03-2025 17:04:43.617;04-03-2025 13:06:33.463;14290154
1;04-03-2025 17:04:50.897;04-03-2025 13:06:33.463;14297434
1;04-03-2025 17:04:54.842;04-03-2025 13:06:33.463;14301379
1;04-03-2025 17:05:05.901;04-03-2025 13:06:33.463;14312438
1;04-03-2025 17:05:05.983;04-03-2025 13:06:33.463;14312520
1;04-03-2025 17:05:09.869;04-03-2025 13:06:33.463;14316406
1;04-03-2025 17:05:14.366;04-03-2025 13:06:33.463;14320903
1;04-03-2025 17:05:16.078;04-03-2025 13:06:33.463;14322615
1;04-03-2025 17:05:18.692;04-03-2025 13:06:33.463;14325229
1;04-03-2025 17:05:19.703;04-03-2025 13:06:33.463;14326240
1;04-03-2025 17:05:39.243;04-03-2025 13:06:33.463;14345780
1;04-03-2025 17:05:40.324;04-03-2025 13:06:33.463;14346861
1;04-03-2025 17:05:43.419;04-03-2025 13:06:33.463;14349956
1;04-03-2025 17:05:44.200;04-03-2025 13:06:33.463;14350737
1;04-03-2025 17:05:51.371;04-03-2025 13:06:33.463;14357908
1;04-03-2025 17:05:53.193;04-03-2025 13:06:33.463;14359730
1;04-03-2025 17:05:59.850;04-03-2025 13:06:33.463;14366387
1;04-03-2025 17:06:00.937;04-03-2025 13:06:33.463;14367474
1;04-03-2025 17:06:04.832;04-03-2025 13:06:33.463;14371369
1;04-03-2025 17:06:13.831;04-03-2025 13:06:33.463;14380368
1;04-03-2025 17:06:17.690;04-03-2025 13:06:33.463;14384227
1;04-03-2025 17:06:24.725;04-03-2025 13:06:33.463;14391262
1;04-03-2025 17:06:31.768;04-03-2025 13:06:33.463;14398305
1;04-03-2025 17:06:33.330;04-03-2025 13:06:33.463;14399867
1;04-03-2025 17:06:39.858;04-03-2025 13:06:33.463;14406395
1;04-03-2025 17:06:40.945;04-03-2025 13:06:33.463;14407482
1;04-03-2025 17:06:52.946;04-03-2025 13:06:33.463;14419483
1;04-03-2025 17:06:59.832;04-03-2025 13:06:33.463;14426369
1;04-03-2025 17:07:02.919;04-03-2025 13:06:33.463;14429456
1;04-03-2025 17:07:11.064;04-03-2025 13:06:33.463;14437601
1;04-03-2025 17:07:14.855;04-03-2025 13:06:33.463;14441392
1;04-03-2025 17:07:19.119;04-03-2025 13:06:33.463;14445656
1;04-03-2025 17:07:24.886;04-03-2025 13:06:33.463;14451423
1;04-03-2025 17:07:31.233;04-03-2025 13:06:33.463;14457770
1;04-03-2025 17:07:34.899;04-03-2025 13:06:33.463;14461436
1;04-03-2025 17:07:35.980;04-03-2025 13:06:33.463;14462517
1;04-03-2025 17:07:40.784;04-03-2025 13:06:33.463;14467321
1;04-03-2025 17:07:44.452;04-03-2025 13:06:33.463;14470989
1;04-03-2025 17:07:50.299;04-03-2025 13:06:33.463;14476836
1;04-03-2025 17:07:58.876;04-03-2025 13:06:33.463;14485413
1;04-03-2025 17:07:58.955;04-03-2025 13:06:33.463;14485492
1;04-03-2025 17:08:03.974;04-03-2025 13:06:33.463;14490511
1;04-03-2025 17:08:05.931;04-03-2025 13:06:33.463;14492468
1;04-03-2025 17:08:08.057;04-03-2025 13:06:33.463;14494594
1;04-03-2025 17:08:14.553;04-03-2025 13:06:33.463;14501090
1;04-03-2025 17:08:22.659;04-03-2025 13:06:33.463;14509196
1;04-03-2025 17:08:25.311;04-03-2025 13:06:33.463;14511848
1;04-03-2025 17:08:33.189;04-03-2025 13:06:33.463;14519726
1;04-03-2025 17:08:39.439;04-03-2025 13:06:33.463;14525976
1;04-03-2025 17:08:40.766;04-03-2025 13:06:33.463;14527303
1;04-03-2025 17:08:51.870;04-03-2025 13:06:33.463;14538407
1;04-03-2025 17:08:57.088;04-03-2025 13:06:33.463;14543625
1;04-03-2025 17:09:05.677;04-03-2025 13:06:33.463;14552214
1;04-03-2025 17:09:10.825;04-03-2025 13:06:33.463;14557362
1;04-03-2025 17:09:20.740;04-03-2025 13:06:33.463;14567277
1;04-03-2025 17:09:21.624;04-03-2025 13:06:33.463;14568161
1;04-03-2025 17:09:22.392;04-03-2025 13:06:33.463;14568929
1;04-03-2025 17:09:26.966;04-03-2025 13:06:33.463;14573503
1;04-03-2025 17:09:27.091;04-03-2025 13:06:33.463;14573628
1;04-03-2025 17:09:27.546;04-03-2025 13:06:33.463;14574083
1;04-03-2025 17:09:42.649;04-03-2025 13:06:33.463;14589186
1;04-03-2025 17:09:45.697;04-03-2025 13:06:33.463;14592234
1;04-03-2025 17:09:47.684;04-03-2025 13:06:33.463;14594221
1;04-03-2025 17:09:59.356;04-03-2025 13:06:33.463;14605893
1;04-03-2025 17:10:02.269;04-03-2025 13:06:33.463;14608806
1;04-03-2025 17:10:05.685;04-03-2025 13:06:33.463;14612222
1;04-03-2025 17:10:09.178;04-03-2025 13:06:33.463;14615715
1;04-03-2025 17:10:17.504;04-03-2025 13:06:33.463;14624041
1;04-03-2025 17:10:18.838;04-03-2025 13:06:33.463;14625375
1;04-03-2025 17:10:20.409;04-03-2025 13:06:33.463;14626946
1;04-03-2025 17:10:23.472;04-03-2025 13:06:33.463;14630009
1;04-03-2025 17:10:33.645;04-03-2025 13:06:33.463;14640182
1;04-03-2025 17:10:34.953;04-03-2025 13:06:33.463;14641490
1;04-03-2025 17:10:47.772;04-03-2025 13:06:33.463;14654309
1;04-03-2025 17:10:54.652;04-03-2025 13:06:33.463;14661189
1;04-03-2025 17:11:01.784;04-03-2025 13:06:33.463;14668321
1;04-03-2025 17:11:06.552;04-03-2025 13:06:33.463;14673089
1;04-03-2025 17:11:09.868;04-03-2025 13:06:33.463;14676405
1;04-03-2025 17:11:12.002;04-03-2025 13:06:33.463;14678539
1;04-03-2025 17:11:18.530;04-03-2025 13:06:33.463;14685067
1;04-03-2025 17:11:27.512;04-03-2025 13:06:33.463;14694049
1;04-03-2025 17:11:27.935;04-03-2025 13:06:33.463;14694472
1;04-03-2025 17:11:28.122;04-03-2025 13:06:33.463;14694659
1;04-03-2025 17:11:32.265;04-03-2025 13:06:33.463;14698802
1;04-03-2025 17:11:40.413;04-03-2025 13:06:33.463;14706950
1;04-03-2025 17:11:40.805;04-03-2025 13:06:33.463;14707342
1;04-03-2025 17:11:52.575;04-03-2025 13:06:33.463;14719112
1;04-03-2025 17:11:55.285;04-03-2025 13:06:33.463;14721822
1;04-03-2025 17:11:57.216;04-03-2025 13:06:33.463;14723753
1;04-03-2025 17:11:57.349;04-03-2025 13:06:33.463;14723886
1;04-03-2025 17:12:09.448;04-03-2025 13:06:33.463;14735985
1;04-03-2025 17:12:17.870;04-03-2025 13:06:33.463;14744407
1;04-03-2025 17:12:18.487;04-03-2025 13:06:33.463;14745024
1;04-03-2025 17:12:32.849;04-03-2025 13:06:33.463;14759386
1;04-03-2025 17:12:39.897;04-03-2025 13:06:33.463;14766434
1;04-03-2025 17:12:41.534;04-03-2025 13:06:33.463;14768071
1;04-03-2025 17:12:48.615;04-03-2025 13:06:33.463;14775152
1;04-03-2025 17:12:48.721;04-03-2025 13:06:33.463;14775258
1;04-03-2025 17:12:55.865;04-03-2025 13:06:33.463;14782402
1;04-03-2025 17:12:56.136;04-03-2025 13:06:33.463;14782673
1;04-03-2025 17:12:59.673;04-03-2025 13:06:33.463;14786210
1;04-03-2025 17:13:05.578;04-03-2025 13:06:33.463;14792115
1;04-03-2025 17:13:16.980;04-03-2025 13:06:33.463;14803517
1;04-03-2025 17:13:23.571;04-03-2025 13:06:33.463;14810108
1;04-03-2025 17:13:28.614;04-03-2025 13:06:33.463;14815151
1;04-03-2025 17:13:31.837;04-03-2025 13:06:33.463;14818374
1;04-03-2025 17:13:40.396;04-03-2025 13:06:33.463;14826933
1;04-03-2025 17:13:44.165;04-03-2025 13:06:33.463;14830702
1;04-03-2025 17:13:46.568;04-03-2025 13:06:33.463;14833105
1;04-03-2025 17:13:54.819;04-03-2025 13:06:33.463;14841356
1;04-03-2025 17:13:55.727;04-03-2025 13:06:33.463;14842264
1;04-03-2025 17:13:58.109;04-03-2025 13:06:33.463;14844646
1;04-03-2025 17:13:59.306;04-03-2025 13:06:33.463;14845843
1;04-03-2025 17:13:59.917;04-03-2025 13:06:33.463;14846454
1;04-03-2025 17:14:13.282;04-03-2025 13:06:33.463;14859819
1;04-03-2025 17:14:23.415;04-03-2025 13:06:33.463;14869952
1;04-03-2025 17:14:28.819;04-03-2025 13:06:33.463;14875356
1;04-03-2025 17:14:32.876;04-03-2025 13:06:33.463;14879413
1;04-03-2025 17:14:35.063;04-03-2025 13:06:33.463;14881600
1;04-03-2025 17:14:35.660;04-03-2025 13:06:33.463;14882197
1;04-03-2025 17:14:41.019;04-03-2025 13:06:33.463;14887556
1;04-03-2025 17:14:41.974;04-03-2025 13:06:33.463;14888511
1;04-03-2025 17:14:55.104;04-03-2025 13:06:33.463;14901641
1;04-03-2025 17:14:56.102;04-03-2025 13:06:33.463;14902639
1;04-03-2025 17:14:57.380;04-03-2025 13:06:33.463;14903917
1;04-03-2025 17:15:07.431;04-03-2025 13:06:33.463;14913968
1;04-03-2025 17:15:10.367;04-03-2025 13:06:33.463;14916904
1;04-03-2025 17:15:16.481;04-03-2025 13:06:33.463;14923018
1;04-03-2025 17:15:19.127;04-03-2025 13:06:33.463;14925664
1;04-03-2025 17:15:20.472;04-03-2025 13:06:33.463;14927009
1;04-03-2025 17:15:25.856;04-03-2025 13:06:33.463;14932393
1;04-03-2025 17:15:33.169;04-03-2025 13:06:33.463;14939706
1;04-03-2025 17:15:36.811;04-03-2025 13:06:33.463;14943348
1;04-03-2025 17:15:49.470;04-03-2025 13:06:33.463;14956007
1;04-03-2025 17:15:49.979;04-03-2025 13:06:33.463;14956516
1;04-03-2025 17:15:52.224;04-03-2025 13:06:33.463;14958761
1;04-03-2025 17:16:00.490;04-03-2025 13:06:33.463;14967027
1;04-03-2025 17:16:04.583;04-03-2025 13:06:33.463;14971120
1;04-03-2025 17:16:13.083;04-03-2025 13:06:33.463;14979620
1;04-03-2025 17:16:13.933;04-03-2025 13:06:33.463;14980470
1;04-03-2025 17:16:27.167;04-03-2025 13:06:33.463;14993704
1;04-03-2025 17:16:27.591;04-03-2025 13:06:33.463;14994128
1;04-03-2025 17:16:28.374;04-03-2025 13:06:33.463;14994911
1;04-03-2025 17:16:28.889;04-03-2025 13:06:33.463;14995426
1;04-03-2025 17:16:38.920;04-03-2025 13:06:33.463;15005457
1;04-03-2025 17:16:51.299;04-03-2025 13:06:33.463;15017836
1;04-03-2025 17:16:57.353;04-03-2025 13:06:33.463;15023890
1;04-03-2025 17:17:03.282;04-03-2025 13:06:33.463;15029819
1;04-03-2025 17:17:11.041;04-03-2025 13:06:33.463;15037578
1;04-03-2025 17:17:12.318;04-03-2025 13:06:33.463;15038855
1;04-03-2025 17:17:16.322;04-03-2025 13:06:33.463;15042859
1;04-03-2025 17:17:19.576;04-03-2025 13:06:33.463;15046113
1;04-03-2025 17:17:21.228;04-03-2025 13:06:33.463;15047765
1;04-03-2025 17:17:32.632;04-03-2025 13:06:33.463;15059169
1;04-03-2025 17:17:32.824;04-03-2025 13:06:33.463;15059361
1;04-03-2025 17:17:33.523;04-03-2025 13:06:33.463;15060060
1;04-03-2025 17:17:38.571;04-03-2025 13:06:33.463;15065108
1;04-03-2025 17:17:52.853;04-03-2025 13:06:33.463;15079390
1;04-03-2025 17:17:53.956;04-03-2025 13:06:33.463;15080493
1;04-03-2025 17:18:01.257;04-03-2025 13:06:33.463;15087794
1;04-03-2025 17:18:04.027;04-03-2025 13:06:33.463;15090564
1;04-03-2025 17:18:11.818;04-03-2025 13:06:33.463;15098355
1;04-03-2025 17:18:14.550;04-03-2025 13:06:33.463;15101087
1;04-03-2025 17:18:20.152;04-03-2025 13:06:33.463;15106689
1;04-03-2025 17:18:21.581;04-03-2025 13:06:33.463;15108118
1;04-03-2025 17:18:26.052;04-03-2025 13:06:33.463;15112589
1;04-03-2025 17:18:40.462;04-03-2025 13:06:33.463;15126999
1;04-03-2025 17:18:41.702;04-03-2025 13:06:33.463;15128239
1;04-03-2025 17:18:53.162;04-03-2025 13:06:33.463;15139699
1;04-03-2025 17:18:57.530;04-03-2025 13:06:33.463;15144067
1;04-03-2025 17:18:57.694;04-03-2025 13:06:33.463;15144231
1;04-03-2025 17:19:00.158;04-03-2025 13:06:33.463;15146695
1;04-03-2025 17:19:04.926;04-03-2025 13:06:33.463;15151463
1;04-03-2025 17:19:11.980;04-03-2025 13:06:33.463;15158517
1;04-03-2025 17:19:16.630;04-03-2025 13:06:33.463;15163167
1;04-03-2025 17:19:22.397;04-03-2025 13:06:33.463;15168934
1;04-03-2025 17:19:24.116;04-03-2025 13:06:33.463;15170653
1;04-03-2025 17:19:31.982;04-03-2025 13:06:33.463;15178519
1;04-03-2025 17:19:37.486;04-03-2025 13:06:33.463;15184023
1;04-03-2025 17:19:42.724;04-03-2025 13:06:33.463;15189261
1;04-03-2025 17:19:45.873;04-03-2025 13:06:33.463;15192410
1;04-03-2025 17:19:48.943;04-03-2025 13:06:33.463;15195480
1;04-03-2025 17:19:50.771;04-03-2025 13:06:33.463;15197308
1;04-03-2025 17:19:55.090;04-03-2025 13:06:33.463;15201627
1;04-03-2025 17:19:56.799;04-03-2025 13:06:33.463;15203336
1;04-03-2025 17:20:14.275;04-03-2025 13:06:33.463;15220812
1;04-03-2025 17:20:19.295;04-03-2025 13:06:33.463;15225832
1;04-03-2025 17:20:19.367;04-03-2025 13:06:33.463;15225904
1;04-03-2025 17:20:22.779;04-03-2025 13:06:33.463;15229316
1;04-03-2025 17:20:28.053;04-03-2025 13:06:33.463;15234590
1;04-03-2025 17:20:32.014;04-03-2025 13:06:33.463;15238551
1;04-03-2025 17:20:41.729;04-03-2025 13:06:33.463;15248266
1;04-03-2025 17:20:48.159;04-03-2025 13:06:33.463;15254696
1;04-03-2025 17:20:49.438;04-03-2025 13:06:33.463;15255975
1;04-03-2025 17:20:51.881;04-03-2025 13:06:33.463;15258418
1;04-03-2025 17:20:53.288;04-03-2025 13:06:33.463;15259825
1;04-03-2025 17:20:54.303;04-03-2025 13:06:33.463;15260840
1;04-03-2025 17:21:00.914;04-03-2025 13:06:33.463;15267451
1;04-03-2025 17:21:01.728;04-03-2025 13:06:33.463;15268265
1;04-03-2025 17:21:08.293;04-03-2025 13:06:33.463;15274830
1;04-03-2025 17:21:17.057;04-03-2025 13:06:33.463;15283594
1;04-03-2025 17:21:20.686;04-03-2025 13:06:33.463;15287223
1;04-03-2025 17:21:21.919;04-03-2025 13:06:33.463;15288456
1;04-03-2025 17:21:34.851;04-03-2025 13:06:33.463;15301388
1;04-03-2025 17:21:37.094;04-03-2025 13:06:33.463;15303631
1;04-03-2025 17:21:44.112;04-03-2025 13:06:33.463;15310649
1;04-03-2025 17:21:45.426;04-03-2025 13:06:33.463;15311963
1;04-03-2025 17:21:48.544;04-03-2025 13:06:33.463;15315081
1;04-03-2025 17:21:49.559;04-03-2025 13:06:33.463;15316096
1;04-03-2025 17:22:05.926;04-03-2025 13:06:33.463;15332463
1;04-03-2025 17:22:13.106;04-03-2025 13:06:33.463;15339643
1;04-03-2025 17:22:15.497;04-03-2025 13:06:33.463;15342034
1;04-03-2025 17:22:18.804;04-03-2025 13:06:33.463;15345341
1;04-03-2025 17:22:21.179;04-03-2025 13:06:33.463;15347716
1;04-03-2025 17:22:30.009;04-03-2025 13:06:33.463;15356546
1;04-03-2025 17:22:30.292;04-03-2025 13:06:33.463;15356829
1;04-03-2025 17:22:40.410;04-03-2025 13:06:33.463;15366947
1;04-03-2025 17:22:49.284;04-03-2025 13:06:33.463;15375821
1;04-03-2025 17:22:52.141;04-03-2025 13:06:33.463;15378678
1;04-03-2025 17:23:04.091;04-03-2025 13:06:33.463;15390628
1;04-03-2025 17:23:06.940;04-03-2025 13:06:33.463;15393477
1;04-03-2025 17:23:08.345;04-03-2025 13:06:33.463;15394882
1;04-03-2025 17:23:18.796;04-03-2025 13:06:33.463;15405333
1;04-03-2025 17:23:20.536;04-03-2025 13:06:33.463;15407073
1;04-03-2025 17:23:24.731;04-03-2025 13:06:33.463;15411268
1;04-03-2025 17:23:28.643;04-03-2025 13:06:33.463;15415180
1;04-03-2025 17:23:37.318;04-03-2025 13:06:33.463;15423855
1;04-03-2025 17:23:41.215;04-03-2025 13:06:33.463;15427752
1;04-03-2025 17:23:45.471;04-03-2025 13:06:33.463;15432008
1;04-03-2025 17:23:45.891;04-03-2025 13:06:33.463;15432428
1;04-03-2025 17:23:49.779;04-03-2025 13:06:33.463;15436316
1;04-03-2025 17:23:54.435;04-03-2025 13:06:33.463;15440972
1;04-03-2025 17:23:54.811;04-03-2025 13:06:33.463;15441348
1;04-03-2025 17:23:59.218;04-03-2025 13:06:33.463;15445755
1;04-03-2025 17:24:11.128;04-03-2025 13:06:33.463;15457665
1;04-03-2025 17:24:14.731;04-03-2025 13:06:33.463;15461268
1;04-03-2025 17:24:16.016;04-03-2025 13:06:33.463;15462553
1;04-03-2025 17:24:28.097;04-03-2025 13:06:33.463;15474634
1;04-03-2025 17:24:29.702;04-03-2025 13:06:33.463;15476239
1;04-03-2025 17:24:32.005;04-03-2025 13:06:33.463;15478542
1;04-03-2025 17:24:33.227;04-03-2025 13:06:33.463;15479764
1;04-03-2025 17:24:55.865;04-03-2025 13:06:33.463;15502402
1;04-03-2025 17:24:56.192;04-03-2025 13:06:33.463;15502729
1;04-03-2025 17:24:58.275;04-03-2025 13:06:33.463;15504812
1;04-03-2025 17:25:00.834;04-03-2025 13:06:33.463;15507371
1;04-03-2025 17:25:06.430;04-03-2025 13:06:33.463;15512967
1;04-03-2025 17:25:20.261;04-03-2025 13:06:33.463;15526798
1;04-03-2025 17:25:22.207;04-03-2025 13:06:33.463;15528744
1;04-03-2025 17:25:28.597;04-03-2025 13:06:33.463;15535134
1;04-03-2025 17:25:29.967;04-03-2025 13:06:33.463;15536504
1;04-03-2025 17:25:32.849;04-03-2025 13:06:33.463;15539386
1;04-03-2025 17:25:35.196;04-03-2025 13:06:33.463;15541733
1;04-03-2025 17:25:47.902;04-03-2025 13:06:33.463;15554439
1;04-03-2025 17:25:52.100;04-03-2025 13:06:33.463;15558637
1;04-03-2025 17:25:54.717;04-03-2025 13:06:33.463;15561254
1;04-03-2025 17:25:56.023;04-03-2025 13:06:33.463;15562560
1;04-03-2025 17:25:56.586;04-03-2025 13:06:33.463;15563123
1;04-03-2025 17:25:57.486;04-03-2025 13:06:33.463;15564023
1;04-03-2025 17:26:06.778;04-03-2025 13:06:33.463;15573315
1;04-03-2025 17:26:13.964;04-03-2025 13:06:33.463;15580501
1;04-03-2025 17:26:15.470;04-03-2025 13:06:33.463;15582007
1;04-03-2025 17:26:18.624;04-03-2025 13:06:33.463;15585161
1;04-03-2025 17:26:25.862;04-03-2025 13:06:33.463;15592399
1;04-03-2025 17:26:39.293;04-03-2025 13:06:33.463;15605830
1;04-03-2025 17:26:44.338;04-03-2025 13:06:33.463;15610875
1;04-03-2025 17:26:46.321;04-03-2025 13:06:33.463;15612858
1;04-03-2025 17:26:48.986;04-03-2025 13:06:33.463;15615523
1;04-03-2025 17:26:49.125;04-03-2025 13:06:33.463;15615662
1;04-03-2025 17:26:53.484;04-03-2025 13:06:33.463;15620021
1;04-03-2025 17:26:59.270;04-03-2025 13:06:33.463;15625807
1;04-03-2025 17:27:07.494;04-03-2025 13:06:33.463;15634031
1;04-03-2025 17:27:10.140;04-03-2025 13:06:33.463;15636677
1;04-03-2025 17:27:15.621;04-03-2025 13:06:33.463;15642158
1;04-03-2025 17:27:16.564;04-03-2025 13:06:33.463;15643101
1;04-03-2025 17:27:23.024;04-03-2025 13:06:33.463;15649561
1;04-03-2025 17:27:31.149;04-03-2025 13:06:33.463;15657686
1;04-03-2025 17:27:36.351;04-03-2025 13:06:33.463;15662888
1;04-03-2025 17:27:48.391;04-03-2025 13:06:33.463;15674928
1;04-03-2025 17:27:50.521;04-03-2025 13:06:33.463;15677058
1;04-03-2025 17:27:54.302;04-03-2025 13:06:33.463;15680839
1;04-03-2025 17:27:55.623;04-03-2025 13:06:33.463;15682160
1;04-03-2025 17:28:01.909;04-03-2025 13:06:33.463;15688446
1;04-03-2025 17:28:10.622;04-03-2025 13:06:33.463;15697159
1;04-03-2025 17:28:11.241;04-03-2025 13:06:33.463;15697778
1;04-03-2025 17:28:15.564;04-03-2025 13:06:33.463;15702101
1;04-03-2025 17:28:16.804;04-03-2025 13:06:33.463;15703341
1;04-03-2025 17:28:37.641;04-03-2025 13:06:33.463;15724178
1;04-03-2025 17:28:38.811;04-03-2025 13:06:33.463;15725348
1;04-03-2025 17:28:44.021;04-03-2025 13:06:33.463;15730558
1;04-03-2025 17:28:49.476;04-03-2025 13:06:33.463;15736013
1;04-03-2025 17:28:52.023;04-03-2025 13:06:33.463;15738560
1;04-03-2025 17:28:54.262;04-03-2025 13:06:33.463;15740799
1;04-03-2025 17:29:02.805;04-03-2025 13:06:33.463;15749342
1;04-03-2025 17:29:03.397;04-03-2025 13:06:33.463;15749934
1;04-03-2025 17:29:09.602;04-03-2025 13:06:33.463;15756139
1;04-03-2025 17:29:13.628;04-03-2025 13:06:33.463;15760165
1;04-03-2025 17:29:22.941;04-03-2025 13:06:33.463;15769478
1;04-03-2025 17:29:26.609;04-03-2025 13:06:33.463;15773146
1;04-03-2025 17:29:26.764;04-03-2025 13:06:33.463;15773301
1;04-03-2025 17:29:44.824;04-03-2025 13:06:33.463;15791361
1;04-03-2025 17:29:45.616;04-03-2025 13:06:33.463;15792153
1;04-03-2025 17:29:48.589;04-03-2025 13:06:33.463;15795126
1;04-03-2025 17:29:48.608;04-03-2025 13:06:33.463;15795145
1;04-03-2025 17:29:51.863;04-03-2025 13:06:33.463;15798400
1;04-03-2025 17:29:58.859;04-03-2025 13:06:33.463;15805396
1;04-03-2025 17:30:00.303;04-03-2025 13:06:33.463;15806840
1;04-03-2025 17:30:05.050;04-03-2025 13:06:33.463;15811587
1;04-03-2025 17:30:20.142;04-03-2025 13:06:33.463;15826679
1;04-03-2025 17:30:21.169;04-03-2025 13:06:33.463;15827706
1;04-03-2025 17:30:31.848;04-03-2025 13:06:33.463;15838385
1;04-03-2025 17:30:38.736;04-03-2025 13:06:33.463;15845273
1;04-03-2025 17:30:39.174;04-03-2025 13:06:33.463;15845711
1;04-03-2025 17:30:39.634;04-03-2025 13:06:33.463;15846171
1;04-03-2025 17:30:47.920;04-03-2025 13:06:33.463;15854457
1;04-03-2025 17:30:56.950;04-03-2025 13:06:33.463;15863487
1;04-03-2025 17:31:00.378;04-03-2025 13:06:33.463;15866915
1;04-03-2025 17:31:09.865;04-03-2025 13:06:33.463;15876402
1;04-03-2025 17:31:11.422;04-03-2025 13:06:33.463;15877959
1;04-03-2025 17:31:18.558;04-03-2025 13:06:33.463;15885095
1;04-03-2025 17:31:19.054;04-03-2025 13:06:33.463;15885591
1;04-03-2025 17:31:19.864;04-03-2025 13:06:33.463;15886401
1;04-03-2025 17:31:22.722;04-03-2025 13:06:33.463;15889259
1;04-03-2025 17:31:26.414;04-03-2025 13:06:33.463;15892951
1;04-03-2025 17:31:32.650;04-03-2025 13:06:33.463;15899187
1;04-03-2025 17:31:35.475;04-03-2025 13:06:33.463;15902012
1;04-03-2025 17:31:35.521;04-03-2025 13:06:33.463;15902058
1;04-03-2025 17:31:35.798;04-03-2025 13:06:33.463;15902335
1;04-03-2025 17:32:00.077;04-03-2025 13:06:33.463;15926614
1;04-03-2025 17:32:07.849;04-03-2025 13:06:33.463;15934386
1;04-03-2025 17:32:16.004;04-03-2025 13:06:33.463;15942541
1;04-03-2025 17:32:16.387;04-03-2025 13:06:33.463;15942924
1;04-03-2025 17:32:20.161;04-03-2025 13:06:33.463;15946698
1;04-03-2025 17:32:24.080;04-03-2025 13:06:33.463;15950617
1;04-03-2025 17:32:26.560;04-03-2025 13:06:33.463;15953097
1;04-03-2025 17:32:30.515;04-03-2025 13:06:33.463;15957052
1;04-03-2025 17:32:34.575;04-03-2025 13:06:33.463;15961112
1;04-03-2025 17:32:43.072;04-03-2025 13:06:33.463;15969609
1;04-03-2025 17:32:50.109;04-03-2025 13:06:33.463;15976646
1;04-03-2025 17:32:52.717;04-03-2025 13:06:33.463;15979254
1;04-03-2025 17:32:53.836;04-03-2025 13:06:33.463;15980373
1;04-03-2025 17:32:57.548;04-03-2025 13:06:33.463;15984085
1;04-03-2025 17:33:06.565;04-03-2025 13:06:33.463;15993102
1;04-03-2025 17:33:12.116;04-03-2025 13:06:33.463;15998653
1;04-03-2025 17:33:12.134;04-03-2025 13:06:33.463;15998671
1;04-03-2025 17:33:20.895;04-03-2025 13:06:33.463;16007432
1;04-03-2025 17:33:23.649;04-03-2025 13:06:33.463;16010186
1;04-03-2025 17:33:29.240;04-03-2025 13:06:33.463;16015777
1;04-03-2025 17:33:36.134;04-03-2025 13:06:33.463;16022671
1;04-03-2025 17:33:39.509;04-03-2025 13:06:33.463;16026046
1;04-03-2025 17:33:44.900;04-03-2025 13:06:33.463;16031437
1;04-03-2025 17:33:56.950;04-03-2025 13:06:33.463;16043487
1;04-03-2025 17:33:58.695;04-03-2025 13:06:33.463;16045232
1;04-03-2025 17:33:58.868;04-03-2025 13:06:33.463;16045405
1;04-03-2025 17:34:11.352;04-03-2025 13:06:33.463;16057889
1;04-03-2025 17:34:15.445;04-03-2025 13:06:33.463;16061982
1;04-03-2025 17:34:20.314;04-03-2025 13:06:33.463;16066851
1;04-03-2025 17:34:23.877;04-03-2025 13:06:33.463;16070414
1;04-03-2025 17:34:25.848;04-03-2025 13:06:33.463;16072385
1;04-03-2025 17:34:33.087;04-03-2025 13:06:33.463;16079624
1;04-03-2025 17:34:37.047;04-03-2025 13:06:33.463;16083584
1;04-03-2025 17:34:42.548;04-03-2025 13:06:33.463;16089085
1;04-03-2025 17:34:45.174;04-03-2025 13:06:33.463;16091711
1;04-03-2025 17:34:48.787;04-03-2025 13:06:33.463;16095324
1;04-03-2025 17:34:50.606;04-03-2025 13:06:33.463;16097143
1;04-03-2025 17:34:56.311;04-03-2025 13:06:33.463;16102848
1;04-03-2025 17:35:01.399;04-03-2025 13:06:33.463;16107936
1;04-03-2025 17:35:11.522;04-03-2025 13:06:33.463;16118059
1;04-03-2025 17:35:16.633;04-03-2025 13:06:33.463;16123170
1;04-03-2025 17:35:23.499;04-03-2025 13:06:33.463;16130036
1;04-03-2025 17:35:27.512;04-03-2025 13:06:33.463;16134049
1;04-03-2025 17:35:29.575;04-03-2025 13:06:33.463;16136112
1;04-03-2025 17:35:30.484;04-03-2025 13:06:33.463;16137021
1;04-03-2025 17:35:46.162;04-03-2025 13:06:33.463;16152699
1;04-03-2025 17:35:48.571;04-03-2025 13:06:33.463;16155108
1;04-03-2025 17:35:50.288;04-03-2025 13:06:33.463;16156825
1;04-03-2025 17:35:54.488;04-03-2025 13:06:33.463;16161025
1;04-03-2025 17:36:05.644;04-03-2025 13:06:33.463;16172181
1;04-03-2025 17:36:10.103;04-03-2025 13:06:33.463;16176640
1;04-03-2025 17:36:10.885;04-03-2025 13:06:33.463;16177422
1;04-03-2025 17:36:15.834;04-03-2025 13:06:33.463;16182371
1;04-03-2025 17:36:16.913;04-03-2025 13:06:33.463;16183450
1;04-03-2025 17:36:24.286;04-03-2025 13:06:33.463;16190823
1;04-03-2025 17:36:29.664;04-03-2025 13:06:33.463;16196201
1;04-03-2025 17:36:42.445;04-03-2025 13:06:33.463;16208982
1;04-03-2025 17:36:51.227;04-03-2025 13:06:33.463;16217764
1;04-03-2025 17:36:56.801;04-03-2025 13:06:33.463;16223338
1;04-03-2025 17:36:58.473;04-03-2025 13:06:33.463;16225010
1;04-03-2025 17:36:58.813;04-03-2025 13:06:33.463;16225350
1;04-03-2025 17:37:02.220;04-03-2025 13:06:33.463;16228757
1;04-03-2025 17:37:08.746;04-03-2025 13:06:33.463;16235283
1;04-03-2025 17:37:13.600;04-03-2025 13:06:33.463;16240137
1;04-03-2025 17:37:18.329;04-03-2025 13:06:33.463;16244866
1;04-03-2025 17:37:22.960;04-03-2025 13:06:33.463;16249497
1;04-03-2025 17:37:26.857;04-03-2025 13:06:33.463;16253394
1;04-03-2025 17:37:33.139;04-03-2025 13:06:33.463;16259676
1;04-03-2025 17:37:35.079;04-03-2025 13:06:33.463;16261616
1;04-03-2025 17:37:36.025;04-03-2025 13:06:33.463;16262562
1;04-03-2025 17:37:42.893;04-03-2025 13:06:33.463;16269430
1;04-03-2025 17:37:44.549;04-03-2025 13:06:33.463;16271086
1;04-03-2025 17:37:48.628;04-03-2025 13:06:33.463;16275165
1;04-03-2025 17:37:52.187;04-03-2025 13:06:33.463;16278724
1;04-03-2025 17:37:54.749;04-03-2025 13:06:33.463;16281286
1;04-03-2025 17:38:11.365;04-03-2025 13:06:33.463;16297902
1;04-03-2025 17:38:14.735;04-03-2025 13:06:33.463;16301272
1;04-03-2025 17:38:14.823;04-03-2025 13:06:33.463;16301360
1;04-03-2025 17:38:25.683;04-03-2025 13:06:33.463;16312220
1;04-03-2025 17:38:28.359;04-03-2025 13:06:33.463;16314896
1;04-03-2025 17:38:31.123;04-03-2025 13:06:33.463;16317660
1;04-03-2025 17:38:33.795;04-03-2025 13:06:33.463;16320332
1;04-03-2025 17:38:33.969;04-03-2025 13:06:33.463;16320506
1;04-03-2025 17:38:47.371;04-03-2025 13:06:33.463;16333908
1;04-03-2025 17:38:53.476;04-03-2025 13:06:33.463;16340013
1;04-03-2025 17:38:59.488;04-03-2025 13:06:33.463;16346025
1;04-03-2025 17:39:04.070;04-03-2025 13:06:33.463;16350607
1;04-03-2025 17:39:05.368;04-03-2025 13:06:33.463;16351905
1;04-03-2025 17:39:18.837;04-03-2025 13:06:33.463;16365374
1;04-03-2025 17:39:23.499;04-03-2025 13:06:33.463;16370036
1;04-03-2025 17:39:26.595;04-03-2025 13:06:33.463;16373132
1;04-03-2025 17:39:40.337;04-03-2025 13:06:33.463;16386874
1;04-03-2025 17:39:42.809;04-03-2025 13:06:33.463;16389346
1;04-03-2025 17:39:43.716;04-03-2025 13:06:33.463;16390253
1;04-03-2025 17:39:44.147;04-03-2025 13:06:33.463;16390684
1;04-03-2025 17:39:46.109;04-03-2025 13:06:33.463;16392646
1;04-03-2025 17:39:48.137;04-03-2025 13:06:33.463;16394674
1;04-03-2025 17:39:55.102;04-03-2025 13:06:33.463;16401639
1;04-03-2025 17:40:01.993;04-03-2025 13:06:33.463;16408530
1;04-03-2025 17:40:15.111;04-03-2025 13:06:33.463;16421648
1;04-03-2025 17:40:20.670;04-03-2025 13:06:33.463;16427207
1;04-03-2025 17:40:21.721;04-03-2025 13:06:33.463;16428258
1;04-03-2025 17:40:23.593;04-03-2025 13:06:33.463;16430130
1;04-03-2025 17:40:26.844;04-03-2025 13:06:33.463;16433381
1;04-03-2025 17:40:30.786;04-03-2025 13:06:33.463;16437323
1;04-03-2025 17:40:44.624;04-03-2025 13:06:33.463;16451161
1;04-03-2025 17:40:44.673;04-03-2025 13:06:33.463;16451210
1;04-03-2025 17:40:52.040;04-03-2025 13:06:33.463;16458577
1;04-03-2025 17:40:55.677;04-03-2025 13:06:33.463;16462214
1;04-03-2025 17:41:01.793;04-03-2025 13:06:33.463;16468330
1;04-03-2025 17:41:02.679;04-03-2025 13:06:33.463;16469216
1;04-03-2025 17:41:03.177;04-03-2025 13:06:33.463;16469714
1;04-03-2025 17:41:14.997;04-03-2025 13:06:33.463;16481534
1;04-03-2025 17:41:21.976;04-03-2025 13:06:33.463;16488513
1;04-03-2025 17:41:22.650;04-03-2025 13:06:33.463;16489187
1;04-03-2025 17:41:28.190;04-03-2025 13:06:33.463;16494727
1;04-03-2025 17:41:28.492;04-03-2025 13:06:33.463;16495029
1;04-03-2025 17:41:45.638;04-03-2025 13:06:33.463;16512175
1;04-03-2025 17:41:46.169;04-03-2025 13:06:33.463;16512706
1;04-03-2025 17:41:50.098;04-03-2025 13:06:33.463;16516635
1;04-03-2025 17:41:55.793;04-03-2025 13:06:33.463;16522330
1;04-03-2025 17:41:55.914;04-03-2025 13:06:33.463;16522451
1;04-03-2025 17:42:06.972;04-03-2025 13:06:33.463;16533509
1;04-03-2025 17:42:08.336;04-03-2025 13:06:33.463;16534873
1;04-03-2025 17:42:16.808;04-03-2025 13:06:33.463;16543345
1;04-03-2025 17:42:16.853;04-03-2025 13:06:33.463;16543390
1;04-03-2025 17:42:35.196;04-03-2025 13:06:33.463;16561733
1;04-03-2025 17:42:40.152;04-03-2025 13:06:33.463;16566689
1;04-03-2025 17:42:43.149;04-03-2025 13:06:33.463;16569686
1;04-03-2025 17:42:44.705;04-03-2025 13:06:33.463;16571242
1;04-03-2025 17:42:44.866;04-03-2025 13:06:33.463;16571403
1;04-03-2025 17:42:48.404;04-03-2025 13:06:33.463;16574941
1;04-03-2025 17:43:02.109;04-03-2025 13:06:33.463;16588646
1;04-03-2025 17:43:07.158;04-03-2025 13:06:33.463;16593695
1;04-03-2025 17:43:10.860;04-03-2025 13:06:33.463;16597397
1;04-03-2025 17:43:13.689;04-03-2025 13:06:33.463;16600226
1;04-03-2025 17:43:18.832;04-03-2025 13:06:33.463;16605369
1;04-03-2025 17:43:23.583;04-03-2025 13:06:33.463;16610120
1;04-03-2025 17:43:26.173;04-03-2025 13:06:33.463;16612710
1;04-03-2025 17:43:28.783;04-03-2025 13:06:33.463;16615320
1;04-03-2025 17:43:38.334;04-03-2025 13:06:33.463;16624871
1;04-03-2025 17:43:40.293;04-03-2025 13:06:33.463;16626830
1;04-03-2025 17:43:43.956;04-03-2025 13:06:33.463;16630493
1;04-03-2025 17:43:56.529;04-03-2025 13:06:33.463;16643066
1;04-03-2025 17:43:58.893;04-03-2025 13:06:33.463;16645430
1;04-03-2025 17:44:03.261;04-03-2025 13:06:33.463;16649798
1;04-03-2025 17:44:07.960;04-03-2025 13:06:33.463;16654497
1;04-03-2025 17:44:11.192;04-03-2025 13:06:33.463;16657729
1;04-03-2025 17:44:13.862;04-03-2025 13:06:33.463;16660399
1;04-03-2025 17:44:16.658;04-03-2025 13:06:33.463;16663195
1;04-03-2025 17:44:28.052;04-03-2025 13:06:33.463;16674589
1;04-03-2025 17:44:31.893;04-03-2025 13:06:33.463;16678430
1;04-03-2025 17:44:35.315;04-03-2025 13:06:33.463;16681852
1;04-03-2025 17:44:35.814;04-03-2025 13:06:33.463;16682351
1;04-03-2025 17:44:37.649;04-03-2025 13:06:33.463;16684186
1;04-03-2025 17:44:49.171;04-03-2025 13:06:33.463;16695708
1;04-03-2025 17:44:54.762;04-03-2025 13:06:33.463;16701299
1;04-03-2025 17:45:03.767;04-03-2025 13:06:33.463;16710304
1;04-03-2025 17:45:09.724;04-03-2025 13:06:33.463;16716261
1;04-03-2025 17:45:10.798;04-03-2025 13:06:33.463;16717335
1;04-03-2025 17:45:19.484;04-03-2025 13:06:33.463;16726021
1;04-03-2025 17:45:25.088;04-03-2025 13:06:33.463;16731625
1;04-03-2025 17:45:26.576;04-03-2025 13:06:33.463;16733113
1;04-03-2025 17:45:31.764;04-03-2025 13:06:33.463;16738301
1;04-03-2025 17:45:35.371;04-03-2025 13:06:33.463;16741908
1;04-03-2025 17:45:36.014;04-03-2025 13:06:33.463;16742551
1;04-03-2025 17:45:36.949;04-03-2025 13:06:33.463;16743486
1;04-03-2025 17:45:37.517;04-03-2025 13:06:33.463;16744054
1;04-03-2025 17:45:50.829;04-03-2025 13:06:33.463;16757366
1;04-03-2025 17:46:03.984;04-03-2025 13:06:33.463;16770521
1;04-03-2025 17:46:10.168;04-03-2025 13:06:33.463;16776705
1;04-03-2025 17:46:18.375;04-03-2025 13:06:33.463;16784912
1;04-03-2025 17:46:20.226;04-03-2025 13:06:33.463;16786763
1;04-03-2025 17:46:30.112;04-03-2025 13:06:33.463;16796649
1;04-03-2025 17:46:32.995;04-03-2025 13:06:33.463;16799532
1;04-03-2025 17:46:33.611;04-03-2025 13:06:33.463;16800148
1;04-03-2025 17:46:35.726;04-03-2025 13:06:33.463;16802263
1;04-03-2025 17:46:35.769;04-03-2025 13:06:33.463;16802306
1;04-03-2025 17:46:40.165;04-03-2025 13:06:33.463;16806702
1;04-03-2025 17:46:44.865;04-03-2025 13:06:33.463;16811402
1;04-03-2025 17:46:53.653;04-03-2025 13:06:33.463;16820190
1;04-03-2025 17:47:00.771;04-03-2025 13:06:33.463;16827308
1;04-03-2025 17:47:06.945;04-03-2025 13:06:33.463;16833482
1;04-03-2025 17:47:09.151;04-03-2025 13:06:33.463;16835688
1;04-03-2025 17:47:10.426;04-03-2025 13:06:33.463;16836963
1;04-03-2025 17:47:11.768;04-03-2025 13:06:33.463;16838305
1;04-03-2025 17:47:14.283;04-03-2025 13:06:33.463;16840820
1;04-03-2025 17:47:26.037;04-03-2025 13:06:33.463;16852574
1;04-03-2025 17:47:28.597;04-03-2025 13:06:33.463;16855134
1;04-03-2025 17:47:35.774;04-03-2025 13:06:33.463;16862311
1;04-03-2025 17:47:41.117;04-03-2025 13:06:33.463;16867654
1;04-03-2025 17:47:51.149;04-03-2025 13:06:33.463;16877686
1;04-03-2025 17:47:51.834;04-03-2025 13:06:33.463;16878371
1;04-03-2025 17:48:03.083;04-03-2025 13:06:33.463;16889620
1;04-03-2025 17:48:12.709;04-03-2025 13:06:33.463;16899246
1;04-03-2025 17:48:13.097;04-03-2025 13:06:33.463;16899634
1;04-03-2025 17:48:15.683;04-03-2025 13:06:33.463;16902220
1;04-03-2025 17:48:15.819;04-03-2025 13:06:33.463;16902356
1;04-03-2025 17:48:21.224;04-03-2025 13:06:33.463;16907761
1;04-03-2025 17:48:23.831;04-03-2025 13:06:33.463;16910368
1;04-03-2025 17:48:40.116;04-03-2025 13:06:33.463;16926653
1;04-03-2025 17:48:41.272;04-03-2025 13:06:33.463;16927809
1;04-03-2025 17:48:43.367;04-03-2025 13:06:33.463;16929904
1;04-03-2025 17:48:47.451;04-03-2025 13:06:33.463;16933988
1;04-03-2025 17:48:48.242;04-03-2025 13:06:33.463;16934779
1;04-03-2025 17:48:49.602;04-03-2025 13:06:33.463;16936139
1;04-03-2025 17:49:07.740;04-03-2025 13:06:33.463;16954277
1;04-03-2025 17:49:11.123;04-03-2025 13:06:33.463;16957660
1;04-03-2025 17:49:12.720;04-03-2025 13:06:33.463;16959257
1;04-03-2025 17:49:15.027;04-03-2025 13:06:33.463;16961564
1;04-03-2025 17:49:25.905;04-03-2025 13:06:33.463;16972442
1;04-03-2025 17:49:32.078;04-03-2025 13:06:33.463;16978615
1;04-03-2025 17:49:36.980;04-03-2025 13:06:33.463;16983517
1;04-03-2025 17:49:39.399;04-03-2025 13:06:33.463;16985936
1;04-03-2025 17:49:50.545;04-03-2025 13:06:33.463;16997082
1;04-03-2025 17:49:54.874;04-03-2025 13:06:33.463;17001411
1;04-03-2025 17:49:55.348;04-03-2025 13:06:33.463;17001885
1;04-03-2025 17:49:55.526;04-03-2025 13:06:33.463;17002063
1;04-03-2025 17:49:56.706;04-03-2025 13:06:33.463;17003243
1;04-03-2025 17:49:58.859;04-03-2025 13:06:33.463;17005396
1;04-03-2025 17:50:12.207;04-03-2025 13:06:33.463;17018744
1;04-03-2025 17:50:15.449;04-03-2025 13:06:33.463;17021986
1;04-03-2025 17:50:31.289;04-03-2025 13:06:33.463;17037826
1;04-03-2025 17:50:33.319;04-03-2025 13:06:33.463;17039856
1;04-03-2025 17:50:36.512;04-03-2025 13:06:33.463;17043049
1;04-03-2025 17:50:41.971;04-03-2025 13:06:33.463;17048508
1;04-03-2025 17:50:48.560;04-03-2025 13:06:33.463;17055097
1;04-03-2025 17:50:49.637;04-03-2025 13:06:33.463;17056174
1;04-03-2025 17:50:52.574;04-03-2025 13:06:33.463;17059111
1;04-03-2025 17:51:04.135;04-03-2025 13:06:33.463;17070672
1;04-03-2025 17:51:06.445;04-03-2025 13:06:33.463;17072982
1;04-03-2025 17:51:19.217;04-03-2025 13:06:33.463;17085754
1;04-03-2025 17:51:26.648;04-03-2025 13:06:33.463;17093185
1;04-03-2025 17:51:27.632;04-03-2025 13:06:33.463;17094169
1;04-03-2025 17:51:29.606;04-03-2025 13:06:33.463;17096143
1;04-03-2025 17:51:34.770;04-03-2025 13:06:33.463;17101307
1;04-03-2025 17:51:35.130;04-03-2025 13:06:33.463;17101667
1;04-03-2025 17:51:42.172;04-03-2025 13:06:33.463;17108709
1;04-03-2025 17:51:44.452;04-03-2025 13:06:33.463;17110989
1;04-03-2025 17:51:48.697;04-03-2025 13:06:33.463;17115234
1;04-03-2025 17:52:05.539;04-03-2025 13:06:33.463;17132076
1;04-03-2025 17:52:08.096;04-03-2025 13:06:33.463;17134633
1;04-03-2025 17:52:09.434;04-03-2025 13:06:33.463;17135971
1;04-03-2025 17:52:13.517;04-03-2025 13:06:33.463;17140054
1;04-03-2025 17:52:13.933;04-03-2025 13:06:33.463;17140470
1;04-03-2025 17:52:17.233;04-03-2025 13:06:33.463;17143770
1;04-03-2025 17:52:22.700;04-03-2025 13:06:33.463;17149237
1;04-03-2025 17:52:27.132;04-03-2025 13:06:33.463;17153669
1;04-03-2025 17:52:27.547;04-03-2025 13:06:33.463;17154084
1;04-03-2025 17:52:29.686;04-03-2025 13:06:33.463;17156223
1;04-03-2025 17:52:35.519;04-03-2025 13:06:33.463;17162056
1;04-03-2025 17:52:36.583;04-03-2025 13:06:33.463;17163120
1;04-03-2025 17:52:40.564;04-03-2025 13:06:33.463;17167101
1;04-03-2025 17:52:55.102;04-03-2025 13:06:33.463;17181639
1;04-03-2025 17:53:10.593;04-03-2025 13:06:33.463;17197130
1;04-03-2025 17:53:12.401;04-03-2025 13:06:33.463;17198938
1;04-03-2025 17:53:16.658;04-03-2025 13:06:33.463;17203195
1;04-03-2025 17:53:17.547;04-03-2025 13:06:33.463;17204084
1;04-03-2025 17:53:33.372;04-03-2025 13:06:33.463;17219909
1;04-03-2025 17:53:36.926;04-03-2025 13:06:33.463;17223463
1;04-03-2025 17:53:38.601;04-03-2025 13:06:33.463;17225138
1;04-03-2025 17:53:39.049;04-03-2025 13:06:33.463;17225586
1;04-03-2025 17:53:47.507;04-03-2025 13:06:33.463;17234044
1;04-03-2025 17:53:49.921;04-03-2025 13:06:33.463;17236458
1;04-03-2025 17:53:52.882;04-03-2025 13:06:33.463;17239419
1;04-03-2025 17:53:54.554;04-03-2025 13:06:33.463;17241091
1;04-03-2025 17:53:55.970;04-03-2025 13:06:33.463;17242507
1;04-03-2025 17:54:08.504;04-03-2025 13:06:33.463;17255041
1;04-03-2025 17:54:10.151;04-03-2025 13:06:33.463;17256688
1;04-03-2025 17:54:10.932;04-03-2025 13:06:33.463;17257469
1;04-03-2025 17:54:21.015;04-03-2025 13:06:33.463;17267552
1;04-03-2025 17:54:27.808;04-03-2025 13:06:33.463;17274345
1;04-03-2025 17:54:35.634;04-03-2025 13:06:33.463;17282171
1;04-03-2025 17:54:37.079;04-03-2025 13:06:33.463;17283616
1;04-03-2025 17:54:45.640;04-03-2025 13:06:33.463;17292177
1;04-03-2025 17:54:50.196;04-03-2025 13:06:33.463;17296733
1;04-03-2025 17:55:01.068;04-03-2025 13:06:33.463;17307605
1;04-03-2025 17:55:03.003;04-03-2025 13:06:33.463;17309540
1;04-03-2025 17:55:03.889;04-03-2025 13:06:33.463;17310426
1;04-03-2025 17:55:12.662;04-03-2025 13:06:33.463;17319199
1;04-03-2025 17:55:13.841;04-03-2025 13:06:33.463;17320378
1;04-03-2025 17:55:14.252;04-03-2025 13:06:33.463;17320789
1;04-03-2025 17:55:15.896;04-03-2025 13:06:33.463;17322433
1;04-03-2025 17:55:26.626;04-03-2025 13:06:33.463;17333163
1;04-03-2025 17:55:44.470;04-03-2025 13:06:33.463;17351007
1;04-03-2025 17:55:49.142;04-03-2025 13:06:33.463;17355679
1;04-03-2025 17:55:50.892;04-03-2025 13:06:33.463;17357429
1;04-03-2025 17:55:57.415;04-03-2025 13:06:33.463;17363952
1;04-03-2025 17:55:59.762;04-03-2025 13:06:33.463;17366299
1;04-03-2025 17:56:05.823;04-03-2025 13:06:33.463;17372360
1;04-03-2025 17:56:10.598;04-03-2025 13:06:33.463;17377135
1;04-03-2025 17:56:10.794;04-03-2025 13:06:33.463;17377331
1;04-03-2025 17:56:16.511;04-03-2025 13:06:33.463;17383048
1;04-03-2025 17:56:17.908;04-03-2025 13:06:33.463;17384445
1;04-03-2025 17:56:21.699;04-03-2025 13:06:33.463;17388236
1;04-03-2025 17:56:23.282;04-03-2025 13:06:33.463;17389819
1;04-03-2025 17:56:24.068;04-03-2025 13:06:33.463;17390605
1;04-03-2025 17:56:33.821;04-03-2025 13:06:33.463;17400358
1;04-03-2025 17:56:44.252;04-03-2025 13:06:33.463;17410789
1;04-03-2025 17:56:51.596;04-03-2025 13:06:33.463;17418133
1;04-03-2025 17:56:55.382;04-03-2025 13:06:33.463;17421919
1;04-03-2025 17:56:56.614;04-03-2025 13:06:33.463;17423151
1;04-03-2025 17:57:01.244;04-03-2025 13:06:33.463;17427781
1;04-03-2025 17:57:02.947;04-03-2025 13:06:33.463;17429484
1;04-03-2025 17:57:02.962;04-03-2025 13:06:33.463;17429499
1;04-03-2025 17:57:07.947;04-03-2025 13:06:33.463;17434484
1;04-03-2025 17:57:19.716;04-03-2025 13:06:33.463;17446253
1;04-03-2025 17:57:26.525;04-03-2025 13:06:33.463;17453062
1;04-03-2025 17:57:35.624;04-03-2025 13:06:33.463;17462161
1;04-03-2025 17:57:43.691;04-03-2025 13:06:33.463;17470228
1;04-03-2025 17:57:45.926;04-03-2025 13:06:33.463;17472463
1;04-03-2025 17:57:49.761;04-03-2025 13:06:33.463;17476298
1;04-03-2025 17:57:56.103;04-03-2025 13:06:33.463;17482640
1;04-03-2025 17:57:57.433;04-03-2025 13:06:33.463;17483970
1;04-03-2025 17:58:02.495;04-03-2025 13:06:33.463;17489032
1;04-03-2025 17:58:16.291;04-03-2025 13:06:33.463;17502828
1;04-03-2025 17:58:20.143;04-03-2025 13:06:33.463;17506680
1;04-03-2025 17:58:23.894;04-03-2025 13:06:33.463;17510431
1;04-03-2025 17:58:24.355;04-03-2025 13:06:33.463;17510892
1;04-03-2025 17:58:27.514;04-03-2025 13:06:33.463;17514051
1;04-03-2025 17:58:36.019;04-03-2025 13:06:33.463;17522556
1;04-03-2025 17:58:47.638;04-03-2025 13:06:33.463;17534175
1;04-03-2025 17:58:48.373;04-03-2025 13:06:33.463;17534910
1;04-03-2025 17:58:51.051;04-03-2025 13:06:33.463;17537588
1;04-03-2025 17:58:57.149;04-03-2025 13:06:33.463;17543686
1;04-03-2025 17:59:01.222;04-03-2025 13:06:33.463;17547759
1;04-03-2025 17:59:04.252;04-03-2025 13:06:33.463;17550789
1;04-03-2025 17:59:08.468;04-03-2025 13:06:33.463;17555005
1;04-03-2025 17:59:17.702;04-03-2025 13:06:33.463;17564239
1;04-03-2025 17:59:20.210;04-03-2025 13:06:33.463;17566747
1;04-03-2025 17:59:20.592;04-03-2025 13:06:33.463;17567129
1;04-03-2025 17:59:28.208;04-03-2025 13:06:33.463;17574745
1;04-03-2025 17:59:28.468;04-03-2025 13:06:33.463;17575005
1;04-03-2025 17:59:44.891;04-03-2025 13:06:33.463;17591428
1;04-03-2025 17:59:54.266;04-03-2025 13:06:33.463;17600803
1;04-03-2025 17:59:55.695;04-03-2025 13:06:33.463;17602232
1;04-03-2025 17:59:56.326;04-03-2025 13:06:33.463;17602863
1;04-03-2025 18:00:04.873;04-03-2025 13:06:33.463;17611410
1;04-03-2025 18:00:05.793;04-03-2025 13:06:33.463;17612330
1;04-03-2025 18:00:12.236;04-03-2025 13:06:33.463;17618773
1;04-03-2025 18:00:13.553;04-03-2025 13:06:33.463;17620090
1;04-03-2025 18:00:28.671;04-03-2025 13:06:33.463;17635208
1;04-03-2025 18:00:29.647;04-03-2025 13:06:33.463;17636184
1;04-03-2025 18:00:31.011;04-03-2025 13:06:33.463;17637548
1;04-03-2025 18:00:38.314;04-03-2025 13:06:33.463;17644851
1;04-03-2025 18:00:41.318;04-03-2025 13:06:33.463;17647855
1;04-03-2025 18:00:41.798;04-03-2025 13:06:33.463;17648335
1;04-03-2025 18:00:45.532;04-03-2025 13:06:33.463;17652069
1;04-03-2025 18:00:47.498;04-03-2025 13:06:33.463;17654035
1;04-03-2025 18:00:51.051;04-03-2025 13:06:33.463;17657588
1;04-03-2025 18:00:52.701;04-03-2025 13:06:33.463;17659238
1;04-03-2025 18:01:05.232;04-03-2025 13:06:33.463;17671769
1;04-03-2025 18:01:13.527;04-03-2025 13:06:33.463;17680064
1;04-03-2025 18:01:13.982;04-03-2025 13:06:33.463;17680519
1;04-03-2025 18:01:21.925;04-03-2025 13:06:33.463;17688462
1;04-03-2025 18:01:40.136;04-03-2025 13:06:33.463;17706673
1;04-03-2025 18:01:42.448;04-03-2025 13:06:33.463;17708985
1;04-03-2025 18:01:42.637;04-03-2025 13:06:33.463;17709174
1;04-03-2025 18:01:43.756;04-03-2025 13:06:33.463;17710293
1;04-03-2025 18:01:48.324;04-03-2025 13:06:33.463;17714861
1;04-03-2025 18:01:55.386;04-03-2025 13:06:33.463;17721923
1;04-03-2025 18:01:59.176;04-03-2025 13:06:33.463;17725713
1;04-03-2025 18:02:01.488;04-03-2025 13:06:33.463;17728025
1;04-03-2025 18:02:02.689;04-03-2025 13:06:33.463;17729226
1;04-03-2025 18:02:15.018;04-03-2025 13:06:33.463;17741555
1;04-03-2025 18:02:21.400;04-03-2025 13:06:33.463;17747937
1;04-03-2025 18:02:27.618;04-03-2025 13:06:33.463;17754155
1;04-03-2025 18:02:27.733;04-03-2025 13:06:33.463;17754270
1;04-03-2025 18:02:31.018;04-03-2025 13:06:33.463;17757555
1;04-03-2025 18:02:41.732;04-03-2025 13:06:33.463;17768269
1;04-03-2025 18:02:47.720;04-03-2025 13:06:33.463;17774257
1;04-03-2025 18:02:54.457;04-03-2025 13:06:33.463;17780994
1;04-03-2025 18:02:57.203;04-03-2025 13:06:33.463;17783740
1;04-03-2025 18:02:57.214;04-03-2025 13:06:33.463;17783751
1;04-03-2025 18:02:57.818;04-03-2025 13:06:33.463;17784355
1;04-03-2025 18:03:14.052;04-03-2025 13:06:33.463;17800589
1;04-03-2025 18:03:15.214;04-03-2025 13:06:33.463;17801751
1;04-03-2025 18:03:20.615;04-03-2025 13:06:33.463;17807152
1;04-03-2025 18:03:26.860;04-03-2025 13:06:33.463;17813397
1;04-03-2025 18:03:28.114;04-03-2025 13:06:33.463;17814651
1;04-03-2025 18:03:37.698;04-03-2025 13:06:33.463;17824235
1;04-03-2025 18:03:38.385;04-03-2025 13:06:33.463;17824922
1;04-03-2025 18:03:39.686;04-03-2025 13:06:33.463;17826223
1;04-03-2025 18:03:41.644;04-03-2025 13:06:33.463;17828181
1;04-03-2025 18:03:57.529;04-03-2025 13:06:33.463;17844066
1;04-03-2025 18:04:00.355;04-03-2025 13:06:33.463;17846892
1;04-03-2025 18:04:00.551;04-03-2025 13:06:33.463;17847088
1;04-03-2025 18:04:15.490;04-03-2025 13:06:33.463;17862027
1;04-03-2025 18:04:21.379;04-03-2025 13:06:33.463;17867916
1;04-03-2025 18:04:30.691;04-03-2025 13:06:33.463;17877228
1;04-03-2025 18:04:35.939;04-03-2025 13:06:33.463;17882476
1;04-03-2025 18:04:36.121;04-03-2025 13:06:33.463;17882658
1;04-03-2025 18:04:37.263;04-03-2025 13:06:33.463;17883800
1;04-03-2025 18:04:38.681;04-03-2025 13:06:33.463;17885218
1;04-03-2025 18:04:47.133;04-03-2025 13:06:33.463;17893670
1;04-03-2025 18:04:49.664;04-03-2025 13:06:33.463;17896201
1;04-03-2025 18:04:55.288;04-03-2025 13:06:33.463;17901825
1;04-03-2025 18:04:57.513;04-03-2025 13:06:33.463;17904050
1;04-03-2025 18:05:05.738;04-03-2025 13:06:33.463;17912275
1;04-03-2025 18:05:07.346;04-03-2025 13:06:33.463;17913883
1;04-03-2025 18:05:07.911;04-03-2025 13:06:33.463;17914448
1;04-03-2025 18:05:17.916;04-03-2025 13:06:33.463;17924453
1;04-03-2025 18:05:19.957;04-03-2025 13:06:33.463;17926494
1;04-03-2025 18:05:26.919;04-03-2025 13:06:33.463;17933456
1;04-03-2025 18:05:30.832;04-03-2025 13:06:33.463;17937369
1;04-03-2025 18:05:31.815;04-03-2025 13:06:33.463;17938352
1;04-03-2025 18:05:46.022;04-03-2025 13:06:33.463;17952559
1;04-03-2025 18:05:52.725;04-03-2025 13:06:33.463;17959262
1;04-03-2025 18:05:52.920;04-03-2025 13:06:33.463;17959457
1;04-03-2025 18:05:57.947;04-03-2025 13:06:33.463;17964484
1;04-03-2025 18:06:01.817;04-03-2025 13:06:33.463;17968354
1;04-03-2025 18:06:07.154;04-03-2025 13:06:33.463;17973691
1;04-03-2025 18:06:08.786;04-03-2025 13:06:33.463;17975323
1;04-03-2025 18:06:17.140;04-03-2025 13:06:33.463;17983677
1;04-03-2025 18:06:18.216;04-03-2025 13:06:33.463;17984753
1;04-03-2025 18:06:26.825;04-03-2025 13:06:33.463;17993362
1;04-03-2025 18:06:39.252;04-03-2025 13:06:33.463;18005789
1;04-03-2025 18:06:41.108;04-03-2025 13:06:33.463;18007645
1;04-03-2025 18:06:48.220;04-03-2025 13:06:33.463;18014757
1;04-03-2025 18:06:48.255;04-03-2025 13:06:33.463;18014792
1;04-03-2025 18:06:54.087;04-03-2025 13:06:33.463;18020624
1;04-03-2025 18:06:58.208;04-03-2025 13:06:33.463;18024745
1;04-03-2025 18:06:58.220;04-03-2025 13:06:33.463;18024757
1;04-03-2025 18:07:07.513;04-03-2025 13:06:33.463;18034050
1;04-03-2025 18:07:16.475;04-03-2025 13:06:33.463;18043012
1;04-03-2025 18:07:17.038;04-03-2025 13:06:33.463;18043575
1;04-03-2025 18:07:23.530;04-03-2025 13:06:33.463;18050067
1;04-03-2025 18:07:28.609;04-03-2025 13:06:33.463;18055146
1;04-03-2025 18:07:31.440;04-03-2025 13:06:33.463;18057977
1;04-03-2025 18:07:33.287;04-03-2025 13:06:33.463;18059824
1;04-03-2025 18:07:34.535;04-03-2025 13:06:33.463;18061072
1;04-03-2025 18:07:38.473;04-03-2025 13:06:33.463;18065010
1;04-03-2025 18:07:47.356;04-03-2025 13:06:33.463;18073893
1;04-03-2025 18:07:55.293;04-03-2025 13:06:33.463;18081830
1;04-03-2025 18:08:04.677;04-03-2025 13:06:33.463;18091214
1;04-03-2025 18:08:13.402;04-03-2025 13:06:33.463;18099939
1;04-03-2025 18:08:15.813;04-03-2025 13:06:33.463;18102350
1;04-03-2025 18:08:17.348;04-03-2025 13:06:33.463;18103885
1;04-03-2025 18:08:19.683;04-03-2025 13:06:33.463;18106220
1;04-03-2025 18:08:35.711;04-03-2025 13:06:33.463;18122248
1;04-03-2025 18:08:37.411;04-03-2025 13:06:33.463;18123948
1;04-03-2025 18:08:37.848;04-03-2025 13:06:33.463;18124385
1;04-03-2025 18:08:48.758;04-03-2025 13:06:33.463;18135295
1;04-03-2025 18:08:51.001;04-03-2025 13:06:33.463;18137538
1;04-03-2025 18:08:55.860;04-03-2025 13:06:33.463;18142397
1;04-03-2025 18:09:00.979;04-03-2025 13:06:33.463;18147516
1;04-03-2025 18:09:01.916;04-03-2025 13:06:33.463;18148453
1;04-03-2025 18:09:22.640;04-03-2025 13:06:33.463;18169177
1;04-03-2025 18:09:23.052;04-03-2025 13:06:33.463;18169589
1;04-03-2025 18:09:25.746;04-03-2025 13:06:33.463;18172283
1;04-03-2025 18:09:28.402;04-03-2025 13:06:33.463;18174939
1;04-03-2025 18:09:29.886;04-03-2025 13:06:33.463;18176423
1;04-03-2025 18:09:31.148;04-03-2025 13:06:33.463;18177685
1;04-03-2025 18:09:34.206;04-03-2025 13:06:33.463;18180743
1;04-03-2025 18:09:34.376;04-03-2025 13:06:33.463;18180913
1;04-03-2025 18:09:44.984;04-03-2025 13:06:33.463;18191521
1;04-03-2025 18:09:46.959;04-03-2025 13:06:33.463;18193496
1;04-03-2025 18:10:07.746;04-03-2025 13:06:33.463;18214283
1;04-03-2025 18:10:13.021;04-03-2025 13:06:33.463;18219558
1;04-03-2025 18:10:16.070;04-03-2025 13:06:33.463;18222607
1;04-03-2025 18:10:22.672;04-03-2025 13:06:33.463;18229209
1;04-03-2025 18:10:23.624;04-03-2025 13:06:33.463;18230161
1;04-03-2025 18:10:36.571;04-03-2025 13:06:33.463;18243108
1;04-03-2025 18:10:38.250;04-03-2025 13:06:33.463;18244787
1;04-03-2025 18:10:38.500;04-03-2025 13:06:33.463;18245037
1;04-03-2025 18:10:40.313;04-03-2025 13:06:33.463;18246850
1;04-03-2025 18:10:43.319;04-03-2025 13:06:33.463;18249856
1;04-03-2025 18:10:48.362;04-03-2025 13:06:33.463;18254899
1;04-03-2025 18:10:54.461;04-03-2025 13:06:33.463;18260998
1;04-03-2025 18:11:01.747;04-03-2025 13:06:33.463;18268284
1;04-03-2025 18:11:10.700;04-03-2025 13:06:33.463;18277237
1;04-03-2025 18:11:13.198;04-03-2025 13:06:33.463;18279735
1;04-03-2025 18:11:13.747;04-03-2025 13:06:33.463;18280284
1;04-03-2025 18:11:16.220;04-03-2025 13:06:33.463;18282757
1;04-03-2025 18:11:18.837;04-03-2025 13:06:33.463;18285374
1;04-03-2025 18:11:27.353;04-03-2025 13:06:33.463;18293890
1;04-03-2025 18:11:38.725;04-03-2025 13:06:33.463;18305262
1;04-03-2025 18:11:48.044;04-03-2025 13:06:33.463;18314581
1;04-03-2025 18:11:48.056;04-03-2025 13:06:33.463;18314593
1;04-03-2025 18:11:49.317;04-03-2025 13:06:33.463;18315854
1;04-03-2025 18:11:55.988;04-03-2025 13:06:33.463;18322525
1;04-03-2025 18:11:57.109;04-03-2025 13:06:33.463;18323646
1;04-03-2025 18:12:05.722;04-03-2025 13:06:33.463;18332259
1;04-03-2025 18:12:10.390;04-03-2025 13:06:33.463;18336927
1;04-03-2025 18:12:17.988;04-03-2025 13:06:33.463;18344525
1;04-03-2025 18:12:21.711;04-03-2025 13:06:33.463;18348248
1;04-03-2025 18:12:23.628;04-03-2025 13:06:33.463;18350165
1;04-03-2025 18:12:25.922;04-03-2025 13:06:33.463;18352459
1;04-03-2025 18:12:34.346;04-03-2025 13:06:33.463;18360883
1;04-03-2025 18:12:36.906;04-03-2025 13:06:33.463;18363443
1;04-03-2025 18:12:45.160;04-03-2025 13:06:33.463;18371697
1;04-03-2025 18:12:50.901;04-03-2025 13:06:33.463;18377438
1;04-03-2025 18:12:57.291;04-03-2025 13:06:33.463;18383828
1;04-03-2025 18:13:04.302;04-03-2025 13:06:33.463;18390839
1;04-03-2025 18:13:07.064;04-03-2025 13:06:33.463;18393601
1;04-03-2025 18:13:09.922;04-03-2025 13:06:33.463;18396459
1;04-03-2025 18:13:15.629;04-03-2025 13:06:33.463;18402166
1;04-03-2025 18:13:16.719;04-03-2025 13:06:33.463;18403256
1;04-03-2025 18:13:23.341;04-03-2025 13:06:33.463;18409878
1;04-03-2025 18:13:23.761;04-03-2025 13:06:33.463;18410298
1;04-03-2025 18:13:24.022;04-03-2025 13:06:33.463;18410559
1;04-03-2025 18:13:50.246;04-03-2025 13:06:33.463;18436783
1;04-03-2025 18:13:51.647;04-03-2025 13:06:33.463;18438184
1;04-03-2025 18:13:52.362;04-03-2025 13:06:33.463;18438899
1;04-03-2025 18:14:08.025;04-03-2025 13:06:33.463;18454562
1;04-03-2025 18:14:09.212;04-03-2025 13:06:33.463;18455749
1;04-03-2025 18:14:10.957;04-03-2025 13:06:33.463;18457494
1;04-03-2025 18:14:18.175;04-03-2025 13:06:33.463;18464712
1;04-03-2025 18:14:24.084;04-03-2025 13:06:33.463;18470621
1;04-03-2025 18:14:26.032;04-03-2025 13:06:33.463;18472569
1;04-03-2025 18:14:31.941;04-03-2025 13:06:33.463;18478478
1;04-03-2025 18:14:37.487;04-03-2025 13:06:33.463;18484024
1;04-03-2025 18:14:42.255;04-03-2025 13:06:33.463;18488792
1;04-03-2025 18:14:44.717;04-03-2025 13:06:33.463;18491254
1;04-03-2025 18:14:44.824;04-03-2025 13:06:33.463;18491361
1;04-03-2025 18:14:59.483;04-03-2025 13:06:33.463;18506020
1;04-03-2025 18:15:03.125;04-03-2025 13:06:33.463;18509662
1;04-03-2025 18:15:03.481;04-03-2025 13:06:33.463;18510018
1;04-03-2025 18:15:07.212;04-03-2025 13:06:33.463;18513749
1;04-03-2025 18:15:15.559;04-03-2025 13:06:33.463;18522096
1;04-03-2025 18:15:15.960;04-03-2025 13:06:33.463;18522497
1;04-03-2025 18:15:21.543;04-03-2025 13:06:33.463;18528080
1;04-03-2025 18:15:24.439;04-03-2025 13:06:33.463;18530976
1;04-03-2025 18:15:35.815;04-03-2025 13:06:33.463;18542352
1;04-03-2025 18:15:36.477;04-03-2025 13:06:33.463;18543014
1;04-03-2025 18:15:42.935;04-03-2025 13:06:33.463;18549472
1;04-03-2025 18:15:46.119;04-03-2025 13:06:33.463;18552656
1;04-03-2025 18:15:57.491;04-03-2025 13:06:33.463;18564028
1;04-03-2025 18:16:00.382;04-03-2025 13:06:33.463;18566919
1;04-03-2025 18:16:02.384;04-03-2025 13:06:33.463;18568921
1;04-03-2025 18:16:14.519;04-03-2025 13:06:33.463;18581056
1;04-03-2025 18:16:19.560;04-03-2025 13:06:33.463;18586097
1;04-03-2025 18:16:19.584;04-03-2025 13:06:33.463;18586121
1;04-03-2025 18:16:20.735;04-03-2025 13:06:33.463;18587272
1;04-03-2025 18:16:22.414;04-03-2025 13:06:33.463;18588951
1;04-03-2025 18:16:29.354;04-03-2025 13:06:33.463;18595891
1;04-03-2025 18:16:37.976;04-03-2025 13:06:33.463;18604513
1;04-03-2025 18:16:46.443;04-03-2025 13:06:33.463;18612980
1;04-03-2025 18:16:51.661;04-03-2025 13:06:33.463;18618198
1;04-03-2025 18:16:54.936;04-03-2025 13:06:33.463;18621473
1;04-03-2025 18:16:56.245;04-03-2025 13:06:33.463;18622782
1;04-03-2025 18:17:04.983;04-03-2025 13:06:33.463;18631520
1;04-03-2025 18:17:07.445;04-03-2025 13:06:33.463;18633982
1;04-03-2025 18:17:16.007;04-03-2025 13:06:33.463;18642544
1;04-03-2025 18:17:17.703;04-03-2025 13:06:33.463;18644240
1;04-03-2025 18:17:18.837;04-03-2025 13:06:33.463;18645374
1;04-03-2025 18:17:20.133;04-03-2025 13:06:33.463;18646670
1;04-03-2025 18:17:26.462;04-03-2025 13:06:33.463;18652999
1;04-03-2025 18:17:29.229;04-03-2025 13:06:33.463;18655766
1;04-03-2025 18:17:40.339;04-03-2025 13:06:33.463;18666876
1;04-03-2025 18:17:52.237;04-03-2025 13:06:33.463;18678774
1;04-03-2025 18:17:59.975;04-03-2025 13:06:33.463;18686512
1;04-03-2025 18:18:00.909;04-03-2025 13:06:33.463;18687446
1;04-03-2025 18:18:08.119;04-03-2025 13:06:33.463;18694656
1;04-03-2025 18:18:12.446;04-03-2025 13:06:33.463;18698983
1;04-03-2025 18:18:17.915;04-03-2025 13:06:33.463;18704452
1;04-03-2025 18:18:23.676;04-03-2025 13:06:33.463;18710213
1;04-03-2025 18:18:27.787;04-03-2025 13:06:33.463;18714324
1;04-03-2025 18:18:28.924;04-03-2025 13:06:33.463;18715461
1;04-03-2025 18:18:31.787;04-03-2025 13:06:33.463;18718324
1;04-03-2025 18:18:38.406;04-03-2025 13:06:33.463;18724943
1;04-03-2025 18:18:47.309;04-03-2025 13:06:33.463;18733846
1;04-03-2025 18:18:53.614;04-03-2025 13:06:33.463;18740151
1;04-03-2025 18:18:59.451;04-03-2025 13:06:33.463;18745988
1;04-03-2025 18:19:02.517;04-03-2025 13:06:33.463;18749054
1;04-03-2025 18:19:02.694;04-03-2025 13:06:33.463;18749231
1;04-03-2025 18:19:07.937;04-03-2025 13:06:33.463;18754474
1;04-03-2025 18:19:08.122;04-03-2025 13:06:33.463;18754659
1;04-03-2025 18:19:15.009;04-03-2025 13:06:33.463;18761546
1;04-03-2025 18:19:18.178;04-03-2025 13:06:33.463;18764715
1;04-03-2025 18:19:33.938;04-03-2025 13:06:33.463;18780475
1;04-03-2025 18:19:39.042;04-03-2025 13:06:33.463;18785579
1;04-03-2025 18:19:40.760;04-03-2025 13:06:33.463;18787297
1;04-03-2025 18:19:41.328;04-03-2025 13:06:33.463;18787865
1;04-03-2025 18:19:51.502;04-03-2025 13:06:33.463;18798039
1;04-03-2025 18:19:55.355;04-03-2025 13:06:33.463;18801892
1;04-03-2025 18:19:55.468;04-03-2025 13:06:33.463;18802005
1;04-03-2025 18:19:56.706;04-03-2025 13:06:33.463;18803243
1;04-03-2025 18:19:59.706;04-03-2025 13:06:33.463;18806243
1;04-03-2025 18:20:08.964;04-03-2025 13:06:33.463;18815501
1;04-03-2025 18:20:13.441;04-03-2025 13:06:33.463;18819978
1;04-03-2025 18:20:22.022;04-03-2025 13:06:33.463;18828559
1;04-03-2025 18:20:30.347;04-03-2025 13:06:33.463;18836884
1;04-03-2025 18:20:38.143;04-03-2025 13:06:33.463;18844680
1;04-03-2025 18:20:42.871;04-03-2025 13:06:33.463;18849408
1;04-03-2025 18:20:49.504;04-03-2025 13:06:33.463;18856041
1;04-03-2025 18:20:53.734;04-03-2025 13:06:33.463;18860271
1;04-03-2025 18:20:54.420;04-03-2025 13:06:33.463;18860957
1;04-03-2025 18:20:54.965;04-03-2025 13:06:33.463;18861502
1;04-03-2025 18:21:00.430;04-03-2025 13:06:33.463;18866967
1;04-03-2025 18:21:05.710;04-03-2025 13:06:33.463;18872247
1;04-03-2025 18:21:10.697;04-03-2025 13:06:33.463;18877234
1;04-03-2025 18:21:14.850;04-03-2025 13:06:33.463;18881387
1;04-03-2025 18:21:17.510;04-03-2025 13:06:33.463;18884047
1;04-03-2025 18:21:19.550;04-03-2025 13:06:33.463;18886087
1;04-03-2025 18:21:23.761;04-03-2025 13:06:33.463;18890298
1;04-03-2025 18:21:26.086;04-03-2025 13:06:33.463;18892623
1;04-03-2025 18:21:32.608;04-03-2025 13:06:33.463;18899145
1;04-03-2025 18:21:42.080;04-03-2025 13:06:33.463;18908617
1;04-03-2025 18:21:42.659;04-03-2025 13:06:33.463;18909196
1;04-03-2025 18:21:56.456;04-03-2025 13:06:33.463;18922993
1;04-03-2025 18:22:01.569;04-03-2025 13:06:33.463;18928106
1;04-03-2025 18:22:07.455;04-03-2025 13:06:33.463;18933992
1;04-03-2025 18:22:07.957;04-03-2025 13:06:33.463;18934494
1;04-03-2025 18:22:18.385;04-03-2025 13:06:33.463;18944922
1;04-03-2025 18:22:23.523;04-03-2025 13:06:33.463;18950060
1;04-03-2025 18:22:27.184;04-03-2025 13:06:33.463;18953721
1;04-03-2025 18:22:27.317;04-03-2025 13:06:33.463;18953854
1;04-03-2025 18:22:30.669;04-03-2025 13:06:33.463;18957206
1;04-03-2025 18:22:43.982;04-03-2025 13:06:33.463;18970519
1;04-03-2025 18:22:53.569;04-03-2025 13:06:33.463;18980106
1;04-03-2025 18:22:54.797;04-03-2025 13:06:33.463;18981334
1;04-03-2025 18:22:55.958;04-03-2025 13:06:33.463;18982495
1;04-03-2025 18:23:05.905;04-03-2025 13:06:33.463;18992442
1;04-03-2025 18:23:07.995;04-03-2025 13:06:33.463;18994532
1;04-03-2025 18:23:13.207;04-03-2025 13:06:33.463;18999744
1;04-03-2025 18:23:18.766;04-03-2025 13:06:33.463;19005303
1;04-03-2025 18:23:18.903;04-03-2025 13:06:33.463;19005440
1;04-03-2025 18:23:31.345;04-03-2025 13:06:33.463;19017882
1;04-03-2025 18:23:36.301;04-03-2025 13:06:33.463;19022838
1;04-03-2025 18:23:37.804;04-03-2025 13:06:33.463;19024341
1;04-03-2025 18:23:38.974;04-03-2025 13:06:33.463;19025511
1;04-03-2025 18:23:49.221;04-03-2025 13:06:33.463;19035758
1;04-03-2025 18:23:53.938;04-03-2025 13:06:33.463;19040475
1;04-03-2025 18:23:54.200;04-03-2025 13:06:33.463;19040737
1;04-03-2025 18:23:55.713;04-03-2025 13:06:33.463;19042250
1;04-03-2025 18:24:02.555;04-03-2025 13:06:33.463;19049092
1;04-03-2025 18:24:14.962;04-03-2025 13:06:33.463;19061499
1;04-03-2025 18:24:16.447;04-03-2025 13:06:33.463;19062984
1;04-03-2025 18:24:19.330;04-03-2025 13:06:33.463;19065867
1;04-03-2025 18:24:22.964;04-03-2025 13:06:33.463;19069501
1;04-03-2025 18:24:35.337;04-03-2025 13:06:33.463;19081874
1;04-03-2025 18:24:42.054;04-03-2025 13:06:33.463;19088591
1;04-03-2025 18:24:43.505;04-03-2025 13:06:33.463;19090042
1;04-03-2025 18:24:43.753;04-03-2025 13:06:33.463;19090290
1;04-03-2025 18:24:46.187;04-03-2025 13:06:33.463;19092724
1;04-03-2025 18:24:54.219;04-03-2025 13:06:33.463;19100756
1;04-03-2025 18:24:58.640;04-03-2025 13:06:33.463;19105177
1;04-03-2025 18:24:59.580;04-03-2025 13:06:33.463;19106117
1;04-03-2025 18:25:04.521;04-03-2025 13:06:33.463;19111058
1;04-03-2025 18:25:12.640;04-03-2025 13:06:33.463;19119177
1;04-03-2025 18:25:22.695;04-03-2025 13:06:33.463;19129232
1;04-03-2025 18:25:28.508;04-03-2025 13:06:33.463;19135045
1;04-03-2025 18:25:32.392;04-03-2025 13:06:33.463;19138929
1;04-03-2025 18:25:32.503;04-03-2025 13:06:33.463;19139040
1;04-03-2025 18:25:46.723;04-03-2025 13:06:33.463;19153260
1;04-03-2025 18:25:49.328;04-03-2025 13:06:33.463;19155865
1;04-03-2025 18:25:51.439;04-03-2025 13:06:33.463;19157976
1;04-03-2025 18:25:58.167;04-03-2025 13:06:33.463;19164704
1;04-03-2025 18:26:04.013;04-03-2025 13:06:33.463;19170550
1;04-03-2025 18:26:07.352;04-03-2025 13:06:33.463;19173889
1;04-03-2025 18:26:09.900;04-03-2025 13:06:33.463;19176437
1;04-03-2025 18:26:15.678;04-03-2025 13:06:33.463;19182215
1;04-03-2025 18:26:16.781;04-03-2025 13:06:33.463;19183318
1;04-03-2025 18:26:31.697;04-03-2025 13:06:33.463;19198234
1;04-03-2025 18:26:32.586;04-03-2025 13:06:33.463;19199123
1;04-03-2025 18:26:34.895;04-03-2025 13:06:33.463;19201432
1;04-03-2025 18:26:40.182;04-03-2025 13:06:33.463;19206719
1;04-03-2025 18:26:43.916;04-03-2025 13:06:33.463;19210453
1;04-03-2025 18:26:52.327;04-03-2025 13:06:33.463;19218864
1;04-03-2025 18:26:52.539;04-03-2025 13:06:33.463;19219076
1;04-03-2025 18:27:02.282;04-03-2025 13:06:33.463;19228819
1;04-03-2025 18:27:08.066;04-03-2025 13:06:33.463;19234603
1;04-03-2025 18:27:16.763;04-03-2025 13:06:33.463;19243300
1;04-03-2025 18:27:17.596;04-03-2025 13:06:33.463;19244133
1;04-03-2025 18:27:18.476;04-03-2025 13:06:33.463;19245013
1;04-03-2025 18:27:20.555;04-03-2025 13:06:33.463;19247092
1;04-03-2025 18:27:31.227;04-03-2025 13:06:33.463;19257764
1;04-03-2025 18:27:33.556;04-03-2025 13:06:33.463;19260093
1;04-03-2025 18:27:45.086;04-03-2025 13:06:33.463;19271623
1;04-03-2025 18:27:46.405;04-03-2025 13:06:33.463;19272942
1;04-03-2025 18:27:54.332;04-03-2025 13:06:33.463;19280869
1;04-03-2025 18:27:58.314;04-03-2025 13:06:33.463;19284851
1;04-03-2025 18:28:04.098;04-03-2025 13:06:33.463;19290635
1;04-03-2025 18:28:05.452;04-03-2025 13:06:33.463;19291989
1;04-03-2025 18:28:13.331;04-03-2025 13:06:33.463;19299868
1;04-03-2025 18:28:26.984;04-03-2025 13:06:33.463;19313521
1;04-03-2025 18:28:29.830;04-03-2025 13:06:33.463;19316367
1;04-03-2025 18:28:32.627;04-03-2025 13:06:33.463;19319164
1;04-03-2025 18:28:34.049;04-03-2025 13:06:33.463;19320586
1;04-03-2025 18:28:36.749;04-03-2025 13:06:33.463;19323286
1;04-03-2025 18:28:37.689;04-03-2025 13:06:33.463;19324226
1;04-03-2025 18:28:38.872;04-03-2025 13:06:33.463;19325409
1;04-03-2025 18:28:47.344;04-03-2025 13:06:33.463;19333881
1;04-03-2025 18:28:50.934;04-03-2025 13:06:33.463;19337471
1;04-03-2025 18:28:51.108;04-03-2025 13:06:33.463;19337645
1;04-03-2025 18:29:04.484;04-03-2025 13:06:33.463;19351021
1;04-03-2025 18:29:17.198;04-03-2025 13:06:33.463;19363735
1;04-03-2025 18:29:19.489;04-03-2025 13:06:33.463;19366026
1;04-03-2025 18:29:26.396;04-03-2025 13:06:33.463;19372933
1;04-03-2025 18:29:28.339;04-03-2025 13:06:33.463;19374876
1;04-03-2025 18:29:30.630;04-03-2025 13:06:33.463;19377167
1;04-03-2025 18:29:35.120;04-03-2025 13:06:33.463;19381657
1;04-03-2025 18:29:37.109;04-03-2025 13:06:33.463;19383646
1;04-03-2025 18:29:44.035;04-03-2025 13:06:33.463;19390572
1;04-03-2025 18:29:53.287;04-03-2025 13:06:33.463;19399824
1;04-03-2025 18:29:56.533;04-03-2025 13:06:33.463;19403070
1;04-03-2025 18:30:02.601;04-03-2025 13:06:33.463;19409138
1;04-03-2025 18:30:04.226;04-03-2025 13:06:33.463;19410763
1;04-03-2025 18:30:06.265;04-03-2025 13:06:33.463;19412802
1;04-03-2025 18:30:11.525;04-03-2025 13:06:33.463;19418062
1;04-03-2025 18:30:21.240;04-03-2025 13:06:33.463;19427777
1;04-03-2025 18:30:24.323;04-03-2025 13:06:33.463;19430860
1;04-03-2025 18:30:27.231;04-03-2025 13:06:33.463;19433768
1;04-03-2025 18:30:32.136;04-03-2025 13:06:33.463;19438673
1;04-03-2025 18:30:35.838;04-03-2025 13:06:33.463;19442375
1;04-03-2025 18:30:45.648;04-03-2025 13:06:33.463;19452185
1;04-03-2025 18:30:57.352;04-03-2025 13:06:33.463;19463889
1;04-03-2025 18:31:01.173;04-03-2025 13:06:33.463;19467710
1;04-03-2025 18:31:01.440;04-03-2025 13:06:33.463;19467977
1;04-03-2025 18:31:04.955;04-03-2025 13:06:33.463;19471492
1;04-03-2025 18:31:08.519;04-03-2025 13:06:33.463;19475056
1;04-03-2025 18:31:10.839;04-03-2025 13:06:33.463;19477376
1;04-03-2025 18:31:21.676;04-03-2025 13:06:33.463;19488213
1;04-03-2025 18:31:30.196;04-03-2025 13:06:33.463;19496733
1;04-03-2025 18:31:31.096;04-03-2025 13:06:33.463;19497633
1;04-03-2025 18:31:36.044;04-03-2025 13:06:33.463;19502581
1;04-03-2025 18:31:53.056;04-03-2025 13:06:33.463;19519593
1;04-03-2025 18:31:53.269;04-03-2025 13:06:33.463;19519806
1;04-03-2025 18:31:54.931;04-03-2025 13:06:33.463;19521468
1;04-03-2025 18:31:55.267;04-03-2025 13:06:33.463;19521804
1;04-03-2025 18:31:55.400;04-03-2025 13:06:33.463;19521937
1;04-03-2025 18:32:04.077;04-03-2025 13:06:33.463;19530614
1;04-03-2025 18:32:17.973;04-03-2025 13:06:33.463;19544510
1;04-03-2025 18:32:20.953;04-03-2025 13:06:33.463;19547490
1;04-03-2025 18:32:25.053;04-03-2025 13:06:33.463;19551590
1;04-03-2025 18:32:30.076;04-03-2025 13:06:33.463;19556613
1;04-03-2025 18:32:31.289;04-03-2025 13:06:33.463;19557826
1;04-03-2025 18:32:46.165;04-03-2025 13:06:33.463;19572702
1;04-03-2025 18:32:49.996;04-03-2025 13:06:33.463;19576533
1;04-03-2025 18:32:53.552;04-03-2025 13:06:33.463;19580089
1;04-03-2025 18:32:57.638;04-03-2025 13:06:33.463;19584175
1;04-03-2025 18:33:01.540;04-03-2025 13:06:33.463;19588077
1;04-03-2025 18:33:09.761;04-03-2025 13:06:33.463;19596298
1;04-03-2025 18:33:12.600;04-03-2025 13:06:33.463;19599137
1;04-03-2025 18:33:12.840;04-03-2025 13:06:33.463;19599377
1;04-03-2025 18:33:19.899;04-03-2025 13:06:33.463;19606436
1;04-03-2025 18:33:30.226;04-03-2025 13:06:33.463;19616763
1;04-03-2025 18:33:33.247;04-03-2025 13:06:33.463;19619784
1;04-03-2025 18:33:35.983;04-03-2025 13:06:33.463;19622520
1;04-03-2025 18:33:37.250;04-03-2025 13:06:33.463;19623787
1;04-03-2025 18:33:47.911;04-03-2025 13:06:33.463;19634448
1;04-03-2025 18:33:52.384;04-03-2025 13:06:33.463;19638921
1;04-03-2025 18:33:56.321;04-03-2025 13:06:33.463;19642858
1;04-03-2025 18:34:01.297;04-03-2025 13:06:33.463;19647834
1;04-03-2025 18:34:02.343;04-03-2025 13:06:33.463;19648880
1;04-03-2025 18:34:08.043;04-03-2025 13:06:33.463;19654580
1;04-03-2025 18:34:15.461;04-03-2025 13:06:33.463;19661998
1;04-03-2025 18:34:19.996;04-03-2025 13:06:33.463;19666533
1;04-03-2025 18:34:23.968;04-03-2025 13:06:33.463;19670505
1;04-03-2025 18:34:31.087;04-03-2025 13:06:33.463;19677624
1;04-03-2025 18:34:33.681;04-03-2025 13:06:33.463;19680218
1;04-03-2025 18:34:40.575;04-03-2025 13:06:33.463;19687112
1;04-03-2025 18:34:41.814;04-03-2025 13:06:33.463;19688351
1;04-03-2025 18:34:46.596;04-03-2025 13:06:33.463;19693133
1;04-03-2025 18:34:50.380;04-03-2025 13:06:33.463;19696917
1;04-03-2025 18:35:04.432;04-03-2025 13:06:33.463;19710969
1;04-03-2025 18:35:04.920;04-03-2025 13:06:33.463;19711457
1;04-03-2025 18:35:05.371;04-03-2025 13:06:33.463;19711908
1;04-03-2025 18:35:10.750;04-03-2025 13:06:33.463;19717287
1;04-03-2025 18:35:15.728;04-03-2025 13:06:33.463;19722265
1;04-03-2025 18:35:24.966;04-03-2025 13:06:33.463;19731503
1;04-03-2025 18:35:25.691;04-03-2025 13:06:33.463;19732228
1;04-03-2025 18:35:29.527;04-03-2025 13:06:33.463;19736064
1;04-03-2025 18:35:30.129;04-03-2025 13:06:33.463;19736666
1;04-03-2025 18:35:32.901;04-03-2025 13:06:33.463;19739438
1;04-03-2025 18:35:49.044;04-03-2025 13:06:33.463;19755581
1;04-03-2025 18:35:51.129;04-03-2025 13:06:33.463;19757666
1;04-03-2025 18:35:56.147;04-03-2025 13:06:33.463;19762684
1;04-03-2025 18:36:01.093;04-03-2025 13:06:33.463;19767630
1;04-03-2025 18:36:04.470;04-03-2025 13:06:33.463;19771007
1;04-03-2025 18:36:12.011;04-03-2025 13:06:33.463;19778548
1;04-03-2025 18:36:18.176;04-03-2025 13:06:33.463;19784713
1;04-03-2025 18:36:19.035;04-03-2025 13:06:33.463;19785572
1;04-03-2025 18:36:20.889;04-03-2025 13:06:33.463;19787426
1;04-03-2025 18:36:22.534;04-03-2025 13:06:33.463;19789071
1;04-03-2025 18:36:37.225;04-03-2025 13:06:33.463;19803762
1;04-03-2025 18:36:39.322;04-03-2025 13:06:33.463;19805859
1;04-03-2025 18:36:41.672;04-03-2025 13:06:33.463;19808209
1;04-03-2025 18:36:42.264;04-03-2025 13:06:33.463;19808801
1;04-03-2025 18:36:54.129;04-03-2025 13:06:33.463;19820666
1;04-03-2025 18:36:54.965;04-03-2025 13:06:33.463;19821502
1;04-03-2025 18:36:56.955;04-03-2025 13:06:33.463;19823492
1;04-03-2025 18:37:05.934;04-03-2025 13:06:33.463;19832471
1;04-03-2025 18:37:17.529;04-03-2025 13:06:33.463;19844066
1;04-03-2025 18:37:21.137;04-03-2025 13:06:33.463;19847674
1;04-03-2025 18:37:26.634;04-03-2025 13:06:33.463;19853171
1;04-03-2025 18:37:28.013;04-03-2025 13:06:33.463;19854550
1;04-03-2025 18:37:40.762;04-03-2025 13:06:33.463;19867299
1;04-03-2025 18:37:44.448;04-03-2025 13:06:33.463;19870985
1;04-03-2025 18:37:51.091;04-03-2025 13:06:33.463;19877628
1;04-03-2025 18:37:51.754;04-03-2025 13:06:33.463;19878291
1;04-03-2025 18:37:59.503;04-03-2025 13:06:33.463;19886040
1;04-03-2025 18:38:00.213;04-03-2025 13:06:33.463;19886750
1;04-03-2025 18:38:03.889;04-03-2025 13:06:33.463;19890426
1;04-03-2025 18:38:07.751;04-03-2025 13:06:33.463;19894288
1;04-03-2025 18:38:09.336;04-03-2025 13:06:33.463;19895873
1;04-03-2025 18:38:19.989;04-03-2025 13:06:33.463;19906526
1;04-03-2025 18:38:32.308;04-03-2025 13:06:33.463;19918845
1;04-03-2025 18:38:33.162;04-03-2025 13:06:33.463;19919699
1;04-03-2025 18:38:34.095;04-03-2025 13:06:33.463;19920632
1;04-03-2025 18:38:40.478;04-03-2025 13:06:33.463;19927015
1;04-03-2025 18:38:40.705;04-03-2025 13:06:33.463;19927242
1;04-03-2025 18:38:44.298;04-03-2025 13:06:33.463;19930835
1;04-03-2025 18:39:00.679;04-03-2025 13:06:33.463;19947216
1;04-03-2025 18:39:02.091;04-03-2025 13:06:33.463;19948628
1;04-03-2025 18:39:02.608;04-03-2025 13:06:33.463;19949145
1;04-03-2025 18:39:11.738;04-03-2025 13:06:33.463;19958275
1;04-03-2025 18:39:16.742;04-03-2025 13:06:33.463;19963279
1;04-03-2025 18:39:20.142;04-03-2025 13:06:33.463;19966679
1;04-03-2025 18:39:20.215;04-03-2025 13:06:33.463;19966752
1;04-03-2025 18:39:21.866;04-03-2025 13:06:33.463;19968403
1;04-03-2025 18:39:33.686;04-03-2025 13:06:33.463;19980223
1;04-03-2025 18:39:37.213;04-03-2025 13:06:33.463;19983750
1;04-03-2025 18:39:58.974;04-03-2025 13:06:33.463;20005511
1;04-03-2025 18:40:00.019;04-03-2025 13:06:33.463;20006556
1;04-03-2025 18:40:00.630;04-03-2025 13:06:33.463;20007167
1;04-03-2025 18:40:07.660;04-03-2025 13:06:33.463;20014197
1;04-03-2025 18:40:09.798;04-03-2025 13:06:33.463;20016335
1;04-03-2025 18:40:14.796;04-03-2025 13:06:33.463;20021333
1;04-03-2025 18:40:15.645;04-03-2025 13:06:33.463;20022182
1;04-03-2025 18:40:19.173;04-03-2025 13:06:33.463;20025710
1;04-03-2025 18:40:20.395;04-03-2025 13:06:33.463;20026932
1;04-03-2025 18:40:27.349;04-03-2025 13:06:33.463;20033886
1;04-03-2025 18:40:32.400;04-03-2025 13:06:33.463;20038937
1;04-03-2025 18:40:33.553;04-03-2025 13:06:33.463;20040090
1;04-03-2025 18:40:46.453;04-03-2025 13:06:33.463;20052990
1;04-03-2025 18:40:54.424;04-03-2025 13:06:33.463;20060961
1;04-03-2025 18:40:54.496;04-03-2025 13:06:33.463;20061033
1;04-03-2025 18:40:57.989;04-03-2025 13:06:33.463;20064526
1;04-03-2025 18:41:03.161;04-03-2025 13:06:33.463;20069698
1;04-03-2025 18:41:05.893;04-03-2025 13:06:33.463;20072430
1;04-03-2025 18:41:26.211;04-03-2025 13:06:33.463;20092748
1;04-03-2025 18:41:28.645;04-03-2025 13:06:33.463;20095182
1;04-03-2025 18:41:30.919;04-03-2025 13:06:33.463;20097456
1;04-03-2025 18:41:31.875;04-03-2025 13:06:33.463;20098412
1;04-03-2025 18:41:34.958;04-03-2025 13:06:33.463;20101495
1;04-03-2025 18:41:36.950;04-03-2025 13:06:33.463;20103487
1;04-03-2025 18:41:37.069;04-03-2025 13:06:33.463;20103606
1;04-03-2025 18:41:38.071;04-03-2025 13:06:33.463;20104608
1;04-03-2025 18:41:46.148;04-03-2025 13:06:33.463;20112685
1;04-03-2025 18:41:50.294;04-03-2025 13:06:33.463;20116831
1;04-03-2025 18:42:05.148;04-03-2025 13:06:33.463;20131685
1;04-03-2025 18:42:05.935;04-03-2025 13:06:33.463;20132472
1;04-03-2025 18:42:09.931;04-03-2025 13:06:33.463;20136468
1;04-03-2025 18:42:17.329;04-03-2025 13:06:33.463;20143866
1;04-03-2025 18:42:26.156;04-03-2025 13:06:33.463;20152693
1;04-03-2025 18:42:26.626;04-03-2025 13:06:33.463;20153163
1;04-03-2025 18:42:28.538;04-03-2025 13:06:33.463;20155075
1;04-03-2025 18:42:38.238;04-03-2025 13:06:33.463;20164775
1;04-03-2025 18:42:45.991;04-03-2025 13:06:33.463;20172528
1;04-03-2025 18:42:57.715;04-03-2025 13:06:33.463;20184252
1;04-03-2025 18:43:01.001;04-03-2025 13:06:33.463;20187538
1;04-03-2025 18:43:02.809;04-03-2025 13:06:33.463;20189346
1;04-03-2025 18:43:08.189;04-03-2025 13:06:33.463;20194726
1;04-03-2025 18:43:08.199;04-03-2025 13:06:33.463;20194736
1;04-03-2025 18:43:15.453;04-03-2025 13:06:33.463;20201990
1;04-03-2025 18:43:16.036;04-03-2025 13:06:33.463;20202573
1;04-03-2025 18:43:25.160;04-03-2025 13:06:33.463;20211697
1;04-03-2025 18:43:31.166;04-03-2025 13:06:33.463;20217703
1;04-03-2025 18:43:32.680;04-03-2025 13:06:33.463;20219217
1;04-03-2025 18:43:41.812;04-03-2025 13:06:33.463;20228349
1;04-03-2025 18:43:44.775;04-03-2025 13:06:33.463;20231312
1;04-03-2025 18:43:52.963;04-03-2025 13:06:33.463;20239500
1;04-03-2025 18:44:00.279;04-03-2025 13:06:33.463;20246816
1;04-03-2025 18:44:07.977;04-03-2025 13:06:33.463;20254514
1;04-03-2025 18:44:15.017;04-03-2025 13:06:33.463;20261554
1;04-03-2025 18:44:20.072;04-03-2025 13:06:33.463;20266609
1;04-03-2025 18:44:23.707;04-03-2025 13:06:33.463;20270244
1;04-03-2025 18:44:25.360;04-03-2025 13:06:33.463;20271897
1;04-03-2025 18:44:30.840;04-03-2025 13:06:33.463;20277377
1;04-03-2025 18:44:40.653;04-03-2025 13:06:33.463;20287190
1;04-03-2025 18:44:43.725;04-03-2025 13:06:33.463;20290262
1;04-03-2025 18:44:43.896;04-03-2025 13:06:33.463;20290433
1;04-03-2025 18:44:43.995;04-03-2025 13:06:33.463;20290532
1;04-03-2025 18:44:44.147;04-03-2025 13:06:33.463;20290684
1;04-03-2025 18:44:55.552;04-03-2025 13:06:33.463;20302089
1;04-03-2025 18:45:05.130;04-03-2025 13:06:33.463;20311667
1;04-03-2025 18:45:09.707;04-03-2025 13:06:33.463;20316244
1;04-03-2025 18:45:15.539;04-03-2025 13:06:33.463;20322076
1;04-03-2025 18:45:18.268;04-03-2025 13:06:33.463;20324805
1;04-03-2025 18:45:26.157;04-03-2025 13:06:33.463;20332694
1;04-03-2025 18:45:28.021;04-03-2025 13:06:33.463;20334558
1;04-03-2025 18:45:37.947;04-03-2025 13:06:33.463;20344484
1;04-03-2025 18:45:43.034;04-03-2025 13:06:33.463;20349571
1;04-03-2025 18:45:44.978;04-03-2025 13:06:33.463;20351515
1;04-03-2025 18:45:51.433;04-03-2025 13:06:33.463;20357970
1;04-03-2025 18:45:52.080;04-03-2025 13:06:33.463;20358617
1;04-03-2025 18:45:52.150;04-03-2025 13:06:33.463;20358687
1;04-03-2025 18:45:54.497;04-03-2025 13:06:33.463;20361034
1;04-03-2025 18:46:08.030;04-03-2025 13:06:33.463;20374567
1;04-03-2025 18:46:08.924;04-03-2025 13:06:33.463;20375461
1;04-03-2025 18:46:10.087;04-03-2025 13:06:33.463;20376624
1;04-03-2025 18:46:23.289;04-03-2025 13:06:33.463;20389826
1;04-03-2025 18:46:24.465;04-03-2025 13:06:33.463;20391002
1;04-03-2025 18:46:35.538;04-03-2025 13:06:33.463;20402075
1;04-03-2025 18:46:38.867;04-03-2025 13:06:33.463;20405404
1;04-03-2025 18:46:40.268;04-03-2025 13:06:33.463;20406805
1;04-03-2025 18:46:40.955;04-03-2025 13:06:33.463;20407492
1;04-03-2025 18:46:43.149;04-03-2025 13:06:33.463;20409686
1;04-03-2025 18:46:59.593;04-03-2025 13:06:33.463;20426130
1;04-03-2025 18:47:00.373;04-03-2025 13:06:33.463;20426910
1;04-03-2025 18:47:02.184;04-03-2025 13:06:33.463;20428721
1;04-03-2025 18:47:03.793;04-03-2025 13:06:33.463;20430330
1;04-03-2025 18:47:04.332;04-03-2025 13:06:33.463;20430869
1;04-03-2025 18:47:17.101;04-03-2025 13:06:33.463;20443638
1;04-03-2025 18:47:20.860;04-03-2025 13:06:33.463;20447397
1;04-03-2025 18:47:25.437;04-03-2025 13:06:33.463;20451974
1;04-03-2025 18:47:34.085;04-03-2025 13:06:33.463;20460622
1;04-03-2025 18:47:34.559;04-03-2025 13:06:33.463;20461096
1;04-03-2025 18:47:40.369;04-03-2025 13:06:33.463;20466906
1;04-03-2025 18:48:01.940;04-03-2025 13:06:33.463;20488477
1;04-03-2025 18:48:02.402;04-03-2025 13:06:33.463;20488939
1;04-03-2025 18:48:07.561;04-03-2025 13:06:33.463;20494098
1;04-03-2025 18:48:09.984;04-03-2025 13:06:33.463;20496521
1;04-03-2025 18:48:12.579;04-03-2025 13:06:33.463;20499116
1;04-03-2025 18:48:13.707;04-03-2025 13:06:33.463;20500244
1;04-03-2025 18:48:14.125;04-03-2025 13:06:33.463;20500662
1;04-03-2025 18:48:17.765;04-03-2025 13:06:33.463;20504302
1;04-03-2025 18:48:29.498;04-03-2025 13:06:33.463;20516035
1;04-03-2025 18:48:39.871;04-03-2025 13:06:33.463;20526408
1;04-03-2025 18:48:40.700;04-03-2025 13:06:33.463;20527237
1;04-03-2025 18:48:47.101;04-03-2025 13:06:33.463;20533638
1;04-03-2025 18:48:50.182;04-03-2025 13:06:33.463;20536719
1;04-03-2025 18:48:55.121;04-03-2025 13:06:33.463;20541658
1;04-03-2025 18:49:05.130;04-03-2025 13:06:33.463;20551667
1;04-03-2025 18:49:10.793;04-03-2025 13:06:33.463;20557330
1;04-03-2025 18:49:17.667;04-03-2025 13:06:33.463;20564204
1;04-03-2025 18:49:20.493;04-03-2025 13:06:33.463;20567030
1;04-03-2025 18:49:21.321;04-03-2025 13:06:33.463;20567858
1;04-03-2025 18:49:28.686;04-03-2025 13:06:33.463;20575223
1;04-03-2025 18:49:34.708;04-03-2025 13:06:33.463;20581245
1;04-03-2025 18:49:35.687;04-03-2025 13:06:33.463;20582224
1;04-03-2025 18:49:43.181;04-03-2025 13:06:33.463;20589718
1;04-03-2025 18:49:49.802;04-03-2025 13:06:33.463;20596339
1;04-03-2025 18:49:51.534;04-03-2025 13:06:33.463;20598071
1;04-03-2025 18:49:56.236;04-03-2025 13:06:33.463;20602773
1;04-03-2025 18:49:56.396;04-03-2025 13:06:33.463;20602933
1;04-03-2025 18:50:06.388;04-03-2025 13:06:33.463;20612925
1;04-03-2025 18:50:13.405;04-03-2025 13:06:33.463;20619942
1;04-03-2025 18:50:13.675;04-03-2025 13:06:33.463;20620212
1;04-03-2025 18:50:16.698;04-03-2025 13:06:33.463;20623235
1;04-03-2025 18:50:21.223;04-03-2025 13:06:33.463;20627760
1;04-03-2025 18:50:26.108;04-03-2025 13:06:33.463;20632645
1;04-03-2025 18:50:37.361;04-03-2025 13:06:33.463;20643898
1;04-03-2025 18:50:42.070;04-03-2025 13:06:33.463;20648607
1;04-03-2025 18:50:50.307;04-03-2025 13:06:33.463;20656844
1;04-03-2025 18:50:50.319;04-03-2025 13:06:33.463;20656856
1;04-03-2025 18:50:52.070;04-03-2025 13:06:33.463;20658607
1;04-03-2025 18:51:01.129;04-03-2025 13:06:33.463;20667666
1;04-03-2025 18:51:06.833;04-03-2025 13:06:33.463;20673370
1;04-03-2025 18:51:08.238;04-03-2025 13:06:33.463;20674775
1;04-03-2025 18:51:21.645;04-03-2025 13:06:33.463;20688182
1;04-03-2025 18:51:26.578;04-03-2025 13:06:33.463;20693115
1;04-03-2025 18:51:31.095;04-03-2025 13:06:33.463;20697632
1;04-03-2025 18:51:34.026;04-03-2025 13:06:33.463;20700563
1;04-03-2025 18:51:34.375;04-03-2025 13:06:33.463;20700912
1;04-03-2025 18:51:44.386;04-03-2025 13:06:33.463;20710923
1;04-03-2025 18:51:48.256;04-03-2025 13:06:33.463;20714793
1;04-03-2025 18:51:52.380;04-03-2025 13:06:33.463;20718917
1;04-03-2025 18:52:00.016;04-03-2025 13:06:33.463;20726553
1;04-03-2025 18:52:02.508;04-03-2025 13:06:33.463;20729045
1;04-03-2025 18:52:04.327;04-03-2025 13:06:33.463;20730864
1;04-03-2025 18:52:15.771;04-03-2025 13:06:33.463;20742308
1;04-03-2025 18:52:18.445;04-03-2025 13:06:33.463;20744982
1;04-03-2025 18:52:27.494;04-03-2025 13:06:33.463;20754031
1;04-03-2025 18:52:29.401;04-03-2025 13:06:33.463;20755938
1;04-03-2025 18:52:30.939;04-03-2025 13:06:33.463;20757476
1;04-03-2025 18:52:35.320;04-03-2025 13:06:33.463;20761857
1;04-03-2025 18:52:35.965;04-03-2025 13:06:33.463;20762502
1;04-03-2025 18:52:42.870;04-03-2025 13:06:33.463;20769407
1;04-03-2025 18:52:48.167;04-03-2025 13:06:33.463;20774704
1;04-03-2025 18:52:54.403;04-03-2025 13:06:33.463;20780940
1;04-03-2025 18:52:55.412;04-03-2025 13:06:33.463;20781949
1;04-03-2025 18:52:56.803;04-03-2025 13:06:33.463;20783340
1;04-03-2025 18:52:58.943;04-03-2025 13:06:33.463;20785480
1;04-03-2025 18:53:12.288;04-03-2025 13:06:33.463;20798825
1;04-03-2025 18:53:20.152;04-03-2025 13:06:33.463;20806689
1;04-03-2025 18:53:25.520;04-03-2025 13:06:33.463;20812057
1;04-03-2025 18:53:28.550;04-03-2025 13:06:33.463;20815087
1;04-03-2025 18:53:30.395;04-03-2025 13:06:33.463;20816932
1;04-03-2025 18:53:41.215;04-03-2025 13:06:33.463;20827752
1;04-03-2025 18:53:41.822;04-03-2025 13:06:33.463;20828359
1;04-03-2025 18:53:52.398;04-03-2025 13:06:33.463;20838935
1;04-03-2025 18:54:06.005;04-03-2025 13:06:33.463;20852542
1;04-03-2025 18:54:06.582;04-03-2025 13:06:33.463;20853119
1;04-03-2025 18:54:08.117;04-03-2025 13:06:33.463;20854654
1;04-03-2025 18:54:16.897;04-03-2025 13:06:33.463;20863434
1;04-03-2025 18:54:29.793;04-03-2025 13:06:33.463;20876330
1;04-03-2025 18:54:34.895;04-03-2025 13:06:33.463;20881432
1;04-03-2025 18:54:35.971;04-03-2025 13:06:33.463;20882508
1;04-03-2025 18:54:41.724;04-03-2025 13:06:33.463;20888261
1;04-03-2025 18:54:41.795;04-03-2025 13:06:33.463;20888332
1;04-03-2025 18:54:44.655;04-03-2025 13:06:33.463;20891192
1;04-03-2025 18:54:44.677;04-03-2025 13:06:33.463;20891214
1;04-03-2025 18:54:59.801;04-03-2025 13:06:33.463;20906338
1;04-03-2025 18:55:01.315;04-03-2025 13:06:33.463;20907852
1;04-03-2025 18:55:07.198;04-03-2025 13:06:33.463;20913735
1;04-03-2025 18:55:09.761;04-03-2025 13:06:33.463;20916298
1;04-03-2025 18:55:10.236;04-03-2025 13:06:33.463;20916773
1;04-03-2025 18:55:11.910;04-03-2025 13:06:33.463;20918447
1;04-03-2025 18:55:17.364;04-03-2025 13:06:33.463;20923901
1;04-03-2025 18:55:23.424;04-03-2025 13:06:33.463;20929961
1;04-03-2025 18:55:31.454;04-03-2025 13:06:33.463;20937991
1;04-03-2025 18:55:32.247;04-03-2025 13:06:33.463;20938784
1;04-03-2025 18:55:35.501;04-03-2025 13:06:33.463;20942038
1;04-03-2025 18:55:36.109;04-03-2025 13:06:33.463;20942646
1;04-03-2025 18:55:38.302;04-03-2025 13:06:33.463;20944839
1;04-03-2025 18:55:56.396;04-03-2025 13:06:33.463;20962933
1;04-03-2025 18:56:03.167;04-03-2025 13:06:33.463;20969704
1;04-03-2025 18:56:08.213;04-03-2025 13:06:33.463;20974750
1;04-03-2025 18:56:10.834;04-03-2025 13:06:33.463;20977371
1;04-03-2025 18:56:15.395;04-03-2025 13:06:33.463;20981932
1;04-03-2025 18:56:23.747;04-03-2025 13:06:33.463;20990284
1;04-03-2025 18:56:34.079;04-03-2025 13:06:33.463;21000616
1;04-03-2025 18:56:37.352;04-03-2025 13:06:33.463;21003889
1;04-03-2025 18:56:37.710;04-03-2025 13:06:33.463;21004247
1;04-03-2025 18:56:41.768;04-03-2025 13:06:33.463;21008305
1;04-03-2025 18:56:51.732;04-03-2025 13:06:33.463;21018269
1;04-03-2025 18:56:52.012;04-03-2025 13:06:33.463;21018549
1;04-03-2025 18:57:04.217;04-03-2025 13:06:33.463;21030754
1;04-03-2025 18:57:05.196;04-03-2025 13:06:33.463;21031733
1;04-03-2025 18:57:09.369;04-03-2025 13:06:33.463;21035906
1;04-03-2025 18:57:13.995;04-03-2025 13:06:33.463;21040532
1;04-03-2025 18:57:20.356;04-03-2025 13:06:33.463;21046893
1;04-03-2025 18:57:22.063;04-03-2025 13:06:33.463;21048600
1;04-03-2025 18:57:22.174;04-03-2025 13:06:33.463;21048711
1;04-03-2025 18:57:34.717;04-03-2025 13:06:33.463;21061254
1;04-03-2025 18:57:37.177;04-03-2025 13:06:33.463;21063714
1;04-03-2025 18:57:39.248;04-03-2025 13:06:33.463;21065785
1;04-03-2025 18:57:41.179;04-03-2025 13:06:33.463;21067716
1;04-03-2025 18:57:46.123;04-03-2025 13:06:33.463;21072660
1;04-03-2025 18:57:47.113;04-03-2025 13:06:33.463;21073650
1;04-03-2025 18:57:54.527;04-03-2025 13:06:33.463;21081064
1;04-03-2025 18:58:05.059;04-03-2025 13:06:33.463;21091596
1;04-03-2025 18:58:13.137;04-03-2025 13:06:33.463;21099674
1;04-03-2025 18:58:13.428;04-03-2025 13:06:33.463;21099965
1;04-03-2025 18:58:17.126;04-03-2025 13:06:33.463;21103663
1;04-03-2025 18:58:19.860;04-03-2025 13:06:33.463;21106397
1;04-03-2025 18:58:30.005;04-03-2025 13:06:33.463;21116542
1;04-03-2025 18:58:37.053;04-03-2025 13:06:33.463;21123590
1;04-03-2025 18:58:45.997;04-03-2025 13:06:33.463;21132534
1;04-03-2025 18:58:47.602;04-03-2025 13:06:33.463;21134139
1;04-03-2025 18:58:51.017;04-03-2025 13:06:33.463;21137554
1;04-03-2025 18:58:55.222;04-03-2025 13:06:33.463;21141759
1;04-03-2025 18:59:04.978;04-03-2025 13:06:33.463;21151515
1;04-03-2025 18:59:06.636;04-03-2025 13:06:33.463;21153173
1;04-03-2025 18:59:11.676;04-03-2025 13:06:33.463;21158213
1;04-03-2025 18:59:13.473;04-03-2025 13:06:33.463;21160010
1;04-03-2025 18:59:15.585;04-03-2025 13:06:33.463;21162122
1;04-03-2025 18:59:22.607;04-03-2025 13:06:33.463;21169144
1;04-03-2025 18:59:23.391;04-03-2025 13:06:33.463;21169928
1;04-03-2025 18:59:25.662;04-03-2025 13:06:33.463;21172199
1;04-03-2025 18:59:29.417;04-03-2025 13:06:33.463;21175954
1;04-03-2025 18:59:46.520;04-03-2025 13:06:33.463;21193057
1;04-03-2025 18:59:48.672;04-03-2025 13:06:33.463;21195209
1;04-03-2025 18:59:49.531;04-03-2025 13:06:33.463;21196068
1;04-03-2025 19:00:03.937;04-03-2025 13:06:33.463;21210474
1;04-03-2025 19:00:07.096;04-03-2025 13:06:33.463;21213633
1;04-03-2025 19:00:10.773;04-03-2025 13:06:33.463;21217310
1;04-03-2025 19:00:12.228;04-03-2025 13:06:33.463;21218765
1;04-03-2025 19:00:25.904;04-03-2025 13:06:33.463;21232441
1;04-03-2025 19:00:28.255;04-03-2025 13:06:33.463;21234792
1;04-03-2025 19:00:32.281;04-03-2025 13:06:33.463;21238818
1;04-03-2025 19:00:35.271;04-03-2025 13:06:33.463;21241808
1;04-03-2025 19:00:35.895;04-03-2025 13:06:33.463;21242432
1;04-03-2025 19:00:41.897;04-03-2025 13:06:33.463;21248434
1;04-03-2025 19:00:42.414;04-03-2025 13:06:33.463;21248951
1;04-03-2025 19:00:50.823;04-03-2025 13:06:33.463;21257360
1;04-03-2025 19:01:02.739;04-03-2025 13:06:33.463;21269276
1;04-03-2025 19:01:10.448;04-03-2025 13:06:33.463;21276985
1;04-03-2025 19:01:10.550;04-03-2025 13:06:33.463;21277087
1;04-03-2025 19:01:14.893;04-03-2025 13:06:33.463;21281430
1;04-03-2025 19:01:16.140;04-03-2025 13:06:33.463;21282677
1;04-03-2025 19:01:18.960;04-03-2025 13:06:33.463;21285497
1;04-03-2025 19:01:31.901;04-03-2025 13:06:33.463;21298438
1;04-03-2025 19:01:31.950;04-03-2025 13:06:33.463;21298487
1;04-03-2025 19:01:39.571;04-03-2025 13:06:33.463;21306108
1;04-03-2025 19:01:40.894;04-03-2025 13:06:33.463;21307431
1;04-03-2025 19:01:46.170;04-03-2025 13:06:33.463;21312707
1;04-03-2025 19:01:51.131;04-03-2025 13:06:33.463;21317668
1;04-03-2025 19:01:51.335;04-03-2025 13:06:33.463;21317872
1;04-03-2025 19:02:00.385;04-03-2025 13:06:33.463;21326922
1;04-03-2025 19:02:00.687;04-03-2025 13:06:33.463;21327224
1;04-03-2025 19:02:14.499;04-03-2025 13:06:33.463;21341036
1;04-03-2025 19:02:22.854;04-03-2025 13:06:33.463;21349391
1;04-03-2025 19:02:27.555;04-03-2025 13:06:33.463;21354092
1;04-03-2025 19:02:30.682;04-03-2025 13:06:33.463;21357219
1;04-03-2025 19:02:31.219;04-03-2025 13:06:33.463;21357756
1;04-03-2025 19:02:33.582;04-03-2025 13:06:33.463;21360119
1;04-03-2025 19:02:40.447;04-03-2025 13:06:33.463;21366984
1;04-03-2025 19:02:49.726;04-03-2025 13:06:33.463;21376263
1;04-03-2025 19:02:51.015;04-03-2025 13:06:33.463;21377552
1;04-03-2025 19:02:52.014;04-03-2025 13:06:33.463;21378551
1;04-03-2025 19:03:00.469;04-03-2025 13:06:33.463;21387006
1;04-03-2025 19:03:04.176;04-03-2025 13:06:33.463;21390713
1;04-03-2025 19:03:08.369;04-03-2025 13:06:33.463;21394906
1;04-03-2025 19:03:16.290;04-03-2025 13:06:33.463;21402827
1;04-03-2025 19:03:23.921;04-03-2025 13:06:33.463;21410458
1;04-03-2025 19:03:26.595;04-03-2025 13:06:33.463;21413132
1;04-03-2025 19:03:30.647;04-03-2025 13:06:33.463;21417184
1;04-03-2025 19:03:36.800;04-03-2025 13:06:33.463;21423337
1;04-03-2025 19:03:39.270;04-03-2025 13:06:33.463;21425807
1;04-03-2025 19:03:50.133;04-03-2025 13:06:33.463;21436670
1;04-03-2025 19:04:04.004;04-03-2025 13:06:33.463;21450541
1;04-03-2025 19:04:06.213;04-03-2025 13:06:33.463;21452750
1;04-03-2025 19:04:10.009;04-03-2025 13:06:33.463;21456546
1;04-03-2025 19:04:14.140;04-03-2025 13:06:33.463;21460677
1;04-03-2025 19:04:18.499;04-03-2025 13:06:33.463;21465036
1;04-03-2025 19:04:28.007;04-03-2025 13:06:33.463;21474544
1;04-03-2025 19:04:29.831;04-03-2025 13:06:33.463;21476368
1;04-03-2025 19:04:32.220;04-03-2025 13:06:33.463;21478757
1;04-03-2025 19:04:35.700;04-03-2025 13:06:33.463;21482237
1;04-03-2025 19:04:37.357;04-03-2025 13:06:33.463;21483894
1;04-03-2025 19:04:42.928;04-03-2025 13:06:33.463;21489465
1;04-03-2025 19:04:49.390;04-03-2025 13:06:33.463;21495927
1;04-03-2025 19:04:56.892;04-03-2025 13:06:33.463;21503429
1;04-03-2025 19:05:02.373;04-03-2025 13:06:33.463;21508910
1;04-03-2025 19:05:03.912;04-03-2025 13:06:33.463;21510449
1;04-03-2025 19:05:06.010;04-03-2025 13:06:33.463;21512547
1;04-03-2025 19:05:20.895;04-03-2025 13:06:33.463;21527432
1;04-03-2025 19:05:26.299;04-03-2025 13:06:33.463;21532836
1;04-03-2025 19:05:29.429;04-03-2025 13:06:33.463;21535966
1;04-03-2025 19:05:30.567;04-03-2025 13:06:33.463;21537104
1;04-03-2025 19:05:40.613;04-03-2025 13:06:33.463;21547150
1;04-03-2025 19:05:46.245;04-03-2025 13:06:33.463;21552782
1;04-03-2025 19:05:50.971;04-03-2025 13:06:33.463;21557508
1;04-03-2025 19:05:53.335;04-03-2025 13:06:33.463;21559872
1;04-03-2025 19:06:00.005;04-03-2025 13:06:33.463;21566542
1;04-03-2025 19:06:03.713;04-03-2025 13:06:33.463;21570250
1;04-03-2025 19:06:07.858;04-03-2025 13:06:33.463;21574395
1;04-03-2025 19:06:10.906;04-03-2025 13:06:33.463;21577443
1;04-03-2025 19:06:12.344;04-03-2025 13:06:33.463;21578881
1;04-03-2025 19:06:15.279;04-03-2025 13:06:33.463;21581816
1;04-03-2025 19:06:15.689;04-03-2025 13:06:33.463;21582226
1;04-03-2025 19:06:33.770;04-03-2025 13:06:33.463;21600307
1;04-03-2025 19:06:36.409;04-03-2025 13:06:33.463;21602946
1;04-03-2025 19:06:46.365;04-03-2025 13:06:33.463;21612902
1;04-03-2025 19:06:49.046;04-03-2025 13:06:33.463;21615583
1;04-03-2025 19:06:54.646;04-03-2025 13:06:33.463;21621183
1;04-03-2025 19:07:00.802;04-03-2025 13:06:33.463;21627339
1;04-03-2025 19:07:05.405;04-03-2025 13:06:33.463;21631942
1;04-03-2025 19:07:07.889;04-03-2025 13:06:33.463;21634426
1;04-03-2025 19:07:09.245;04-03-2025 13:06:33.463;21635782
1;04-03-2025 19:07:17.911;04-03-2025 13:06:33.463;21644448
1;04-03-2025 19:07:21.075;04-03-2025 13:06:33.463;21647612
1;04-03-2025 19:07:23.845;04-03-2025 13:06:33.463;21650382
1;04-03-2025 19:07:27.053;04-03-2025 13:06:33.463;21653590
1;04-03-2025 19:07:30.323;04-03-2025 13:06:33.463;21656860
1;04-03-2025 19:07:33.820;04-03-2025 13:06:33.463;21660357
1;04-03-2025 19:07:46.873;04-03-2025 13:06:33.463;21673410
1;04-03-2025 19:07:51.697;04-03-2025 13:06:33.463;21678234
1;04-03-2025 19:07:57.464;04-03-2025 13:06:33.463;21684001
1;04-03-2025 19:07:59.359;04-03-2025 13:06:33.463;21685896
1;04-03-2025 19:08:06.915;04-03-2025 13:06:33.463;21693452
1;04-03-2025 19:08:10.176;04-03-2025 13:06:33.463;21696713
1;04-03-2025 19:08:15.638;04-03-2025 13:06:33.463;21702175
1;04-03-2025 19:08:19.116;04-03-2025 13:06:33.463;21705653
1;04-03-2025 19:08:22.504;04-03-2025 13:06:33.463;21709041
1;04-03-2025 19:08:23.323;04-03-2025 13:06:33.463;21709860
1;04-03-2025 19:08:32.007;04-03-2025 13:06:33.463;21718544
1;04-03-2025 19:08:48.964;04-03-2025 13:06:33.463;21735501
1;04-03-2025 19:08:52.391;04-03-2025 13:06:33.463;21738928
1;04-03-2025 19:08:56.609;04-03-2025 13:06:33.463;21743146
1;04-03-2025 19:09:02.608;04-03-2025 13:06:33.463;21749145
1;04-03-2025 19:09:03.512;04-03-2025 13:06:33.463;21750049
1;04-03-2025 19:09:05.881;04-03-2025 13:06:33.463;21752418
1;04-03-2025 19:09:13.504;04-03-2025 13:06:33.463;21760041
1;04-03-2025 19:09:19.203;04-03-2025 13:06:33.463;21765740
1;04-03-2025 19:09:21.584;04-03-2025 13:06:33.463;21768121
1;04-03-2025 19:09:26.613;04-03-2025 13:06:33.463;21773150
1;04-03-2025 19:09:30.907;04-03-2025 13:06:33.463;21777444
1;04-03-2025 19:09:35.328;04-03-2025 13:06:33.463;21781865
1;04-03-2025 19:09:39.459;04-03-2025 13:06:33.463;21785996
1;04-03-2025 19:09:40.296;04-03-2025 13:06:33.463;21786833
1;04-03-2025 19:09:48.955;04-03-2025 13:06:33.463;21795492
1;04-03-2025 19:09:59.586;04-03-2025 13:06:33.463;21806123
1;04-03-2025 19:10:07.047;04-03-2025 13:06:33.463;21813584
1;04-03-2025 19:10:10.418;04-03-2025 13:06:33.463;21816955
1;04-03-2025 19:10:15.002;04-03-2025 13:06:33.463;21821539
1;04-03-2025 19:10:15.544;04-03-2025 13:06:33.463;21822081
1;04-03-2025 19:10:19.206;04-03-2025 13:06:33.463;21825743
1;04-03-2025 19:10:24.806;04-03-2025 13:06:33.463;21831343
1;04-03-2025 19:10:26.925;04-03-2025 13:06:33.463;21833462
1;04-03-2025 19:10:33.752;04-03-2025 13:06:33.463;21840289
1;04-03-2025 19:10:35.691;04-03-2025 13:06:33.463;21842228
1;04-03-2025 19:10:37.799;04-03-2025 13:06:33.463;21844336
1;04-03-2025 19:10:46.801;04-03-2025 13:06:33.463;21853338
1;04-03-2025 19:10:50.882;04-03-2025 13:06:33.463;21857419
1;04-03-2025 19:10:56.579;04-03-2025 13:06:33.463;21863116
1;04-03-2025 19:11:01.285;04-03-2025 13:06:33.463;21867822
1;04-03-2025 19:11:12.341;04-03-2025 13:06:33.463;21878878
1;04-03-2025 19:11:13.991;04-03-2025 13:06:33.463;21880528
1;04-03-2025 19:11:23.996;04-03-2025 13:06:33.463;21890533
1;04-03-2025 19:11:25.776;04-03-2025 13:06:33.463;21892313
1;04-03-2025 19:11:29.960;04-03-2025 13:06:33.463;21896497
1;04-03-2025 19:11:33.963;04-03-2025 13:06:33.463;21900500
1;04-03-2025 19:11:42.136;04-03-2025 13:06:33.463;21908673
1;04-03-2025 19:11:46.916;04-03-2025 13:06:33.463;21913453
1;04-03-2025 19:11:49.579;04-03-2025 13:06:33.463;21916116
1;04-03-2025 19:11:54.903;04-03-2025 13:06:33.463;21921440
1;04-03-2025 19:12:06.750;04-03-2025 13:06:33.463;21933287
1;04-03-2025 19:12:15.474;04-03-2025 13:06:33.463;21942011
1;04-03-2025 19:12:16.861;04-03-2025 13:06:33.463;21943398
1;04-03-2025 19:12:21.043;04-03-2025 13:06:33.463;21947580
1;04-03-2025 19:12:23.035;04-03-2025 13:06:33.463;21949572
1;04-03-2025 19:12:28.503;04-03-2025 13:06:33.463;21955040
1;04-03-2025 19:12:31.509;04-03-2025 13:06:33.463;21958046
1;04-03-2025 19:12:34.114;04-03-2025 13:06:33.463;21960651
1;04-03-2025 19:12:35.638;04-03-2025 13:06:33.463;21962175
1;04-03-2025 19:12:42.668;04-03-2025 13:06:33.463;21969205
1;04-03-2025 19:12:46.875;04-03-2025 13:06:33.463;21973412
1;04-03-2025 19:12:53.495;04-03-2025 13:06:33.463;21980032
1;04-03-2025 19:12:57.927;04-03-2025 13:06:33.463;21984464
1;04-03-2025 19:12:59.018;04-03-2025 13:06:33.463;21985555
1;04-03-2025 19:13:06.903;04-03-2025 13:06:33.463;21993440
1;04-03-2025 19:13:13.815;04-03-2025 13:06:33.463;22000352
1;04-03-2025 19:13:15.355;04-03-2025 13:06:33.463;22001892
1;04-03-2025 19:13:16.493;04-03-2025 13:06:33.463;22003030
1;04-03-2025 19:13:23.649;04-03-2025 13:06:33.463;22010186
1;04-03-2025 19:13:27.298;04-03-2025 13:06:33.463;22013835
1;04-03-2025 19:13:33.958;04-03-2025 13:06:33.463;22020495
1;04-03-2025 19:13:45.742;04-03-2025 13:06:33.463;22032279
1;04-03-2025 19:13:54.769;04-03-2025 13:06:33.463;22041306
1;04-03-2025 19:13:59.998;04-03-2025 13:06:33.463;22046535
1;04-03-2025 19:14:00.947;04-03-2025 13:06:33.463;22047484
1;04-03-2025 19:14:06.137;04-03-2025 13:06:33.463;22052674
1;04-03-2025 19:14:09.696;04-03-2025 13:06:33.463;22056233
1;04-03-2025 19:14:13.467;04-03-2025 13:06:33.463;22060004
1;04-03-2025 19:14:17.637;04-03-2025 13:06:33.463;22064174
1;04-03-2025 19:14:26.826;04-03-2025 13:06:33.463;22073363
1;04-03-2025 19:14:36.106;04-03-2025 13:06:33.463;22082643
1;04-03-2025 19:14:40.882;04-03-2025 13:06:33.463;22087419
1;04-03-2025 19:14:45.378;04-03-2025 13:06:33.463;22091915
1;04-03-2025 19:14:47.609;04-03-2025 13:06:33.463;22094146
1;04-03-2025 19:14:58.433;04-03-2025 13:06:33.463;22104970
1;04-03-2025 19:14:59.470;04-03-2025 13:06:33.463;22106007
1;04-03-2025 19:15:05.698;04-03-2025 13:06:33.463;22112235
1;04-03-2025 19:15:09.541;04-03-2025 13:06:33.463;22116078
1;04-03-2025 19:15:10.296;04-03-2025 13:06:33.463;22116833
1;04-03-2025 19:15:10.932;04-03-2025 13:06:33.463;22117469
1;04-03-2025 19:15:13.897;04-03-2025 13:06:33.463;22120434
1;04-03-2025 19:15:24.178;04-03-2025 13:06:33.463;22130715
1;04-03-2025 19:15:25.824;04-03-2025 13:06:33.463;22132361
1;04-03-2025 19:15:43.121;04-03-2025 13:06:33.463;22149658
1;04-03-2025 19:15:46.919;04-03-2025 13:06:33.463;22153456
1;04-03-2025 19:15:52.964;04-03-2025 13:06:33.463;22159501
1;04-03-2025 19:16:00.257;04-03-2025 13:06:33.463;22166794
1;04-03-2025 19:16:02.378;04-03-2025 13:06:33.463;22168915
1;04-03-2025 19:16:03.510;04-03-2025 13:06:33.463;22170047
1;04-03-2025 19:16:15.174;04-03-2025 13:06:33.463;22181711
1;04-03-2025 19:16:22.933;04-03-2025 13:06:33.463;22189470
1;04-03-2025 19:16:23.807;04-03-2025 13:06:33.463;22190344
1;04-03-2025 19:16:24.330;04-03-2025 13:06:33.463;22190867
1;04-03-2025 19:16:29.067;04-03-2025 13:06:33.463;22195604
1;04-03-2025 19:16:35.792;04-03-2025 13:06:33.463;22202329
1;04-03-2025 19:16:37.162;04-03-2025 13:06:33.463;22203699
1;04-03-2025 19:16:42.228;04-03-2025 13:06:33.463;22208765
1;04-03-2025 19:16:43.917;04-03-2025 13:06:33.463;22210454
1;04-03-2025 19:16:59.320;04-03-2025 13:06:33.463;22225857
1;04-03-2025 19:17:02.855;04-03-2025 13:06:33.463;22229392
1;04-03-2025 19:17:03.394;04-03-2025 13:06:33.463;22229931
1;04-03-2025 19:17:09.222;04-03-2025 13:06:33.463;22235759
1;04-03-2025 19:17:11.292;04-03-2025 13:06:33.463;22237829
1;04-03-2025 19:17:11.617;04-03-2025 13:06:33.463;22238154
1;04-03-2025 19:17:15.714;04-03-2025 13:06:33.463;22242251
1;04-03-2025 19:17:17.875;04-03-2025 13:06:33.463;22244412
1;04-03-2025 19:17:25.120;04-03-2025 13:06:33.463;22251657
1;04-03-2025 19:17:35.377;04-03-2025 13:06:33.463;22261914
1;04-03-2025 19:17:37.124;04-03-2025 13:06:33.463;22263661
1;04-03-2025 19:17:41.890;04-03-2025 13:06:33.463;22268427
1;04-03-2025 19:18:00.290;04-03-2025 13:06:33.463;22286827
1;04-03-2025 19:18:02.430;04-03-2025 13:06:33.463;22288967
1;04-03-2025 19:18:04.523;04-03-2025 13:06:33.463;22291060
1;04-03-2025 19:18:11.841;04-03-2025 13:06:33.463;22298378
1;04-03-2025 19:18:11.949;04-03-2025 13:06:33.463;22298486
1;04-03-2025 19:18:23.259;04-03-2025 13:06:33.463;22309796
1;04-03-2025 19:18:23.623;04-03-2025 13:06:33.463;22310160
1;04-03-2025 19:18:29.001;04-03-2025 13:06:33.463;22315538
1;04-03-2025 19:18:41.469;04-03-2025 13:06:33.463;22328006
1;04-03-2025 19:18:42.406;04-03-2025 13:06:33.463;22328943
1;04-03-2025 19:18:43.438;04-03-2025 13:06:33.463;22329975
1;04-03-2025 19:18:44.779;04-03-2025 13:06:33.463;22331316
1;04-03-2025 19:18:46.162;04-03-2025 13:06:33.463;22332699
1;04-03-2025 19:18:53.416;04-03-2025 13:06:33.463;22339953
1;04-03-2025 19:19:01.376;04-03-2025 13:06:33.463;22347913
1;04-03-2025 19:19:02.854;04-03-2025 13:06:33.463;22349391
1;04-03-2025 19:19:05.110;04-03-2025 13:06:33.463;22351647
1;04-03-2025 19:19:15.679;04-03-2025 13:06:33.463;22362216
1;04-03-2025 19:19:18.558;04-03-2025 13:06:33.463;22365095
1;04-03-2025 19:19:32.826;04-03-2025 13:06:33.463;22379363
1;04-03-2025 19:19:33.622;04-03-2025 13:06:33.463;22380159
1;04-03-2025 19:19:35.939;04-03-2025 13:06:33.463;22382476
1;04-03-2025 19:19:36.234;04-03-2025 13:06:33.463;22382771
1;04-03-2025 19:19:36.427;04-03-2025 13:06:33.463;22382964
1;04-03-2025 19:19:54.726;04-03-2025 13:06:33.463;22401263
1;04-03-2025 19:19:59.873;04-03-2025 13:06:33.463;22406410
1;04-03-2025 19:20:05.122;04-03-2025 13:06:33.463;22411659
1;04-03-2025 19:20:07.434;04-03-2025 13:06:33.463;22413971
1;04-03-2025 19:20:15.683;04-03-2025 13:06:33.463;22422220
1;04-03-2025 19:20:16.545;04-03-2025 13:06:33.463;22423082
1;04-03-2025 19:20:17.305;04-03-2025 13:06:33.463;22423842
1;04-03-2025 19:20:17.611;04-03-2025 13:06:33.463;22424148
1;04-03-2025 19:20:33.655;04-03-2025 13:06:33.463;22440192
1;04-03-2025 19:20:36.229;04-03-2025 13:06:33.463;22442766
1;04-03-2025 19:20:41.180;04-03-2025 13:06:33.463;22447717
1;04-03-2025 19:20:48.505;04-03-2025 13:06:33.463;22455042
1;04-03-2025 19:20:48.755;04-03-2025 13:06:33.463;22455292
1;04-03-2025 19:20:58.712;04-03-2025 13:06:33.463;22465249
1;04-03-2025 19:21:02.506;04-03-2025 13:06:33.463;22469043
1;04-03-2025 19:21:03.747;04-03-2025 13:06:33.463;22470284
1;04-03-2025 19:21:11.446;04-03-2025 13:06:33.463;22477983
1;04-03-2025 19:21:19.497;04-03-2025 13:06:33.463;22486034
1;04-03-2025 19:21:21.547;04-03-2025 13:06:33.463;22488084
1;04-03-2025 19:21:30.385;04-03-2025 13:06:33.463;22496922
1;04-03-2025 19:21:30.620;04-03-2025 13:06:33.463;22497157
1;04-03-2025 19:21:34.156;04-03-2025 13:06:33.463;22500693
1;04-03-2025 19:21:35.382;04-03-2025 13:06:33.463;22501919
1;04-03-2025 19:21:40.161;04-03-2025 13:06:33.463;22506698
1;04-03-2025 19:21:44.903;04-03-2025 13:06:33.463;22511440
1;04-03-2025 19:21:53.579;04-03-2025 13:06:33.463;22520116
1;04-03-2025 19:21:57.850;04-03-2025 13:06:33.463;22524387
1;04-03-2025 19:22:02.433;04-03-2025 13:06:33.463;22528970
1;04-03-2025 19:22:05.985;04-03-2025 13:06:33.463;22532522
1;04-03-2025 19:22:10.160;04-03-2025 13:06:33.463;22536697
1;04-03-2025 19:22:22.593;04-03-2025 13:06:33.463;22549130
1;04-03-2025 19:22:33.040;04-03-2025 13:06:33.463;22559577
1;04-03-2025 19:22:33.592;04-03-2025 13:06:33.463;22560129
1;04-03-2025 19:22:42.473;04-03-2025 13:06:33.463;22569010
1;04-03-2025 19:22:42.608;04-03-2025 13:06:33.463;22569145
1;04-03-2025 19:22:47.725;04-03-2025 13:06:33.463;22574262
1;04-03-2025 19:22:48.230;04-03-2025 13:06:33.463;22574767
1;04-03-2025 19:22:55.830;04-03-2025 13:06:33.463;22582367
1;04-03-2025 19:23:01.214;04-03-2025 13:06:33.463;22587751
1;04-03-2025 19:23:06.171;04-03-2025 13:06:33.463;22592708
1;04-03-2025 19:23:09.869;04-03-2025 13:06:33.463;22596406
1;04-03-2025 19:23:13.198;04-03-2025 13:06:33.463;22599735
1;04-03-2025 19:23:27.021;04-03-2025 13:06:33.463;22613558
1;04-03-2025 19:23:28.483;04-03-2025 13:06:33.463;22615020
1;04-03-2025 19:23:31.786;04-03-2025 13:06:33.463;22618323
1;04-03-2025 19:23:36.924;04-03-2025 13:06:33.463;22623461
1;04-03-2025 19:23:41.203;04-03-2025 13:06:33.463;22627740
1;04-03-2025 19:23:44.465;04-03-2025 13:06:33.463;22631002
1;04-03-2025 19:23:45.374;04-03-2025 13:06:33.463;22631911
1;04-03-2025 19:23:54.451;04-03-2025 13:06:33.463;22640988
1;04-03-2025 19:23:58.802;04-03-2025 13:06:33.463;22645339
1;04-03-2025 19:23:59.066;04-03-2025 13:06:33.463;22645603
1;04-03-2025 19:24:07.898;04-03-2025 13:06:33.463;22654435
1;04-03-2025 19:24:18.352;04-03-2025 13:06:33.463;22664889
1;04-03-2025 19:24:19.697;04-03-2025 13:06:33.463;22666234
1;04-03-2025 19:24:28.193;04-03-2025 13:06:33.463;22674730
1;04-03-2025 19:24:30.447;04-03-2025 13:06:33.463;22676984
1;04-03-2025 19:24:30.973;04-03-2025 13:06:33.463;22677510
1;04-03-2025 19:24:41.734;04-03-2025 13:06:33.463;22688271
1;04-03-2025 19:24:47.324;04-03-2025 13:06:33.463;22693861
1;04-03-2025 19:24:51.086;04-03-2025 13:06:33.463;22697623
1;04-03-2025 19:24:58.518;04-03-2025 13:06:33.463;22705055
1;04-03-2025 19:25:01.501;04-03-2025 13:06:33.463;22708038
1;04-03-2025 19:25:02.113;04-03-2025 13:06:33.463;22708650
1;04-03-2025 19:25:03.131;04-03-2025 13:06:33.463;22709668
1;04-03-2025 19:25:17.174;04-03-2025 13:06:33.463;22723711
1;04-03-2025 19:25:23.748;04-03-2025 13:06:33.463;22730285
1;04-03-2025 19:25:24.042;04-03-2025 13:06:33.463;22730579
1;04-03-2025 19:25:24.447;04-03-2025 13:06:33.463;22730984
1;04-03-2025 19:25:35.513;04-03-2025 13:06:33.463;22742050
1;04-03-2025 19:25:38.472;04-03-2025 13:06:33.463;22745009
1;04-03-2025 19:25:41.214;04-03-2025 13:06:33.463;22747751
1;04-03-2025 19:25:55.150;04-03-2025 13:06:33.463;22761687
1;04-03-2025 19:26:00.045;04-03-2025 13:06:33.463;22766582
1;04-03-2025 19:26:08.707;04-03-2025 13:06:33.463;22775244
1;04-03-2025 19:26:10.564;04-03-2025 13:06:33.463;22777101
1;04-03-2025 19:26:12.627;04-03-2025 13:06:33.463;22779164
1;04-03-2025 19:26:19.799;04-03-2025 13:06:33.463;22786336
1;04-03-2025 19:26:20.430;04-03-2025 13:06:33.463;22786967
1;04-03-2025 19:26:20.441;04-03-2025 13:06:33.463;22786978
1;04-03-2025 19:26:24.403;04-03-2025 13:06:33.463;22790940
1;04-03-2025 19:26:25.559;04-03-2025 13:06:33.463;22792096
1;04-03-2025 19:26:34.035;04-03-2025 13:06:33.463;22800572
1;04-03-2025 19:26:36.583;04-03-2025 13:06:33.463;22803120
1;04-03-2025 19:26:47.702;04-03-2025 13:06:33.463;22814239
1;04-03-2025 19:27:00.107;04-03-2025 13:06:33.463;22826644
1;04-03-2025 19:27:06.516;04-03-2025 13:06:33.463;22833053
1;04-03-2025 19:27:08.163;04-03-2025 13:06:33.463;22834700
1;04-03-2025 19:27:13.588;04-03-2025 13:06:33.463;22840125
1;04-03-2025 19:27:17.579;04-03-2025 13:06:33.463;22844116
1;04-03-2025 19:27:19.101;04-03-2025 13:06:33.463;22845638
1;04-03-2025 19:27:31.197;04-03-2025 13:06:33.463;22857734
1;04-03-2025 19:27:34.963;04-03-2025 13:06:33.463;22861500
1;04-03-2025 19:27:40.688;04-03-2025 13:06:33.463;22867225
1;04-03-2025 19:27:43.401;04-03-2025 13:06:33.463;22869938
1;04-03-2025 19:27:43.961;04-03-2025 13:06:33.463;22870498
1;04-03-2025 19:27:45.529;04-03-2025 13:06:33.463;22872066
1;04-03-2025 19:27:50.852;04-03-2025 13:06:33.463;22877389
1;04-03-2025 19:27:52.176;04-03-2025 13:06:33.463;22878713
1;04-03-2025 19:28:09.633;04-03-2025 13:06:33.463;22896170
1;04-03-2025 19:28:11.639;04-03-2025 13:06:33.463;22898176
1;04-03-2025 19:28:27.285;04-03-2025 13:06:33.463;22913822
1;04-03-2025 19:28:28.987;04-03-2025 13:06:33.463;22915524
1;04-03-2025 19:28:29.656;04-03-2025 13:06:33.463;22916193
1;04-03-2025 19:28:31.104;04-03-2025 13:06:33.463;22917641
1;04-03-2025 19:28:31.758;04-03-2025 13:06:33.463;22918295
1;04-03-2025 19:28:36.085;04-03-2025 13:06:33.463;22922622
1;04-03-2025 19:28:41.533;04-03-2025 13:06:33.463;22928070
1;04-03-2025 19:28:53.734;04-03-2025 13:06:33.463;22940271
1;04-03-2025 19:29:01.102;04-03-2025 13:06:33.463;22947639
1;04-03-2025 19:29:11.258;04-03-2025 13:06:33.463;22957795
1;04-03-2025 19:29:11.826;04-03-2025 13:06:33.463;22958363
1;04-03-2025 19:29:13.429;04-03-2025 13:06:33.463;22959966
1;04-03-2025 19:29:15.748;04-03-2025 13:06:33.463;22962285
1;04-03-2025 19:29:18.734;04-03-2025 13:06:33.463;22965271
1;04-03-2025 19:29:27.765;04-03-2025 13:06:33.463;22974302
1;04-03-2025 19:29:28.531;04-03-2025 13:06:33.463;22975068
1;04-03-2025 19:29:40.649;04-03-2025 13:06:33.463;22987186
1;04-03-2025 19:29:42.286;04-03-2025 13:06:33.463;22988823
1;04-03-2025 19:29:44.509;04-03-2025 13:06:33.463;22991046
1;04-03-2025 19:29:46.737;04-03-2025 13:06:33.463;22993274
1;04-03-2025 19:29:47.535;04-03-2025 13:06:33.463;22994072
1;04-03-2025 19:30:02.861;04-03-2025 13:06:33.463;23009398
1;04-03-2025 19:30:12.405;04-03-2025 13:06:33.463;23018942
1;04-03-2025 19:30:14.602;04-03-2025 13:06:33.463;23021139
1;04-03-2025 19:30:15.793;04-03-2025 13:06:33.463;23022330
1;04-03-2025 19:30:22.180;04-03-2025 13:06:33.463;23028717
1;04-03-2025 19:30:25.834;04-03-2025 13:06:33.463;23032371
1;04-03-2025 19:30:29.806;04-03-2025 13:06:33.463;23036343
1;04-03-2025 19:30:38.433;04-03-2025 13:06:33.463;23044970
1;04-03-2025 19:30:38.648;04-03-2025 13:06:33.463;23045185
1;04-03-2025 19:30:42.659;04-03-2025 13:06:33.463;23049196
1;04-03-2025 19:30:49.466;04-03-2025 13:06:33.463;23056003
1;04-03-2025 19:30:53.128;04-03-2025 13:06:33.463;23059665
1;04-03-2025 19:30:55.905;04-03-2025 13:06:33.463;23062442
1;04-03-2025 19:30:57.938;04-03-2025 13:06:33.463;23064475
1;04-03-2025 19:31:11.617;04-03-2025 13:06:33.463;23078154
1;04-03-2025 19:31:12.866;04-03-2025 13:06:33.463;23079403
1;04-03-2025 19:31:20.532;04-03-2025 13:06:33.463;23087069
1;04-03-2025 19:31:28.414;04-03-2025 13:06:33.463;23094951
1;04-03-2025 19:31:32.308;04-03-2025 13:06:33.463;23098845
1;04-03-2025 19:31:40.227;04-03-2025 13:06:33.463;23106764
1;04-03-2025 19:31:45.444;04-03-2025 13:06:33.463;23111981
1;04-03-2025 19:31:49.651;04-03-2025 13:06:33.463;23116188
1;04-03-2025 19:31:50.768;04-03-2025 13:06:33.463;23117305
1;04-03-2025 19:31:59.979;04-03-2025 13:06:33.463;23126516
1;04-03-2025 19:32:01.129;04-03-2025 13:06:33.463;23127666
1;04-03-2025 19:32:02.468;04-03-2025 13:06:33.463;23129005
1;04-03-2025 19:32:04.969;04-03-2025 13:06:33.463;23131506
1;04-03-2025 19:32:10.519;04-03-2025 13:06:33.463;23137056
1;04-03-2025 19:32:13.765;04-03-2025 13:06:33.463;23140302
1;04-03-2025 19:32:20.869;04-03-2025 13:06:33.463;23147406
1;04-03-2025 19:32:30.492;04-03-2025 13:06:33.463;23157029
1;04-03-2025 19:32:32.327;04-03-2025 13:06:33.463;23158864
1;04-03-2025 19:32:44.979;04-03-2025 13:06:33.463;23171516
1;04-03-2025 19:32:46.588;04-03-2025 13:06:33.463;23173125
1;04-03-2025 19:32:52.454;04-03-2025 13:06:33.463;23178991
1;04-03-2025 19:32:53.796;04-03-2025 13:06:33.463;23180333
1;04-03-2025 19:33:09.546;04-03-2025 13:06:33.463;23196083
1;04-03-2025 19:33:09.779;04-03-2025 13:06:33.463;23196316
1;04-03-2025 19:33:10.706;04-03-2025 13:06:33.463;23197243
1;04-03-2025 19:33:18.092;04-03-2025 13:06:33.463;23204629
1;04-03-2025 19:33:19.828;04-03-2025 13:06:33.463;23206365
1;04-03-2025 19:33:23.762;04-03-2025 13:06:33.463;23210299
1;04-03-2025 19:33:33.597;04-03-2025 13:06:33.463;23220134
1;04-03-2025 19:33:40.359;04-03-2025 13:06:33.463;23226896
1;04-03-2025 19:33:44.076;04-03-2025 13:06:33.463;23230613
1;04-03-2025 19:33:45.582;04-03-2025 13:06:33.463;23232119
1;04-03-2025 19:33:49.576;04-03-2025 13:06:33.463;23236113
1;04-03-2025 19:33:58.968;04-03-2025 13:06:33.463;23245505
1;04-03-2025 19:34:04.182;04-03-2025 13:06:33.463;23250719
1;04-03-2025 19:34:08.973;04-03-2025 13:06:33.463;23255510
1;04-03-2025 19:34:09.349;04-03-2025 13:06:33.463;23255886
1;04-03-2025 19:34:14.456;04-03-2025 13:06:33.463;23260993
1;04-03-2025 19:34:22.919;04-03-2025 13:06:33.463;23269456
1;04-03-2025 19:34:27.295;04-03-2025 13:06:33.463;23273832
1;04-03-2025 19:34:28.873;04-03-2025 13:06:33.463;23275410
1;04-03-2025 19:34:29.576;04-03-2025 13:06:33.463;23276113
1;04-03-2025 19:34:32.850;04-03-2025 13:06:33.463;23279387
1;04-03-2025 19:34:37.483;04-03-2025 13:06:33.463;23284020
1;04-03-2025 19:34:55.887;04-03-2025 13:06:33.463;23302424
1;04-03-2025 19:34:59.842;04-03-2025 13:06:33.463;23306379
1;04-03-2025 19:35:05.524;04-03-2025 13:06:33.463;23312061
1;04-03-2025 19:35:08.043;04-03-2025 13:06:33.463;23314580
1;04-03-2025 19:35:17.937;04-03-2025 13:06:33.463;23324474
1;04-03-2025 19:35:23.011;04-03-2025 13:06:33.463;23329548
1;04-03-2025 19:35:24.565;04-03-2025 13:06:33.463;23331102
1;04-03-2025 19:35:27.868;04-03-2025 13:06:33.463;23334405
1;04-03-2025 19:35:27.942;04-03-2025 13:06:33.463;23334479
1;04-03-2025 19:35:34.550;04-03-2025 13:06:33.463;23341087
1;04-03-2025 19:35:37.911;04-03-2025 13:06:33.463;23344448
1;04-03-2025 19:35:43.557;04-03-2025 13:06:33.463;23350094
1;04-03-2025 19:35:51.306;04-03-2025 13:06:33.463;23357843
1;04-03-2025 19:35:53.509;04-03-2025 13:06:33.463;23360046
1;04-03-2025 19:36:00.946;04-03-2025 13:06:33.463;23367483
1;04-03-2025 19:36:09.745;04-03-2025 13:06:33.463;23376282
1;04-03-2025 19:36:09.801;04-03-2025 13:06:33.463;23376338
1;04-03-2025 19:36:16.095;04-03-2025 13:06:33.463;23382632
1;04-03-2025 19:36:24.812;04-03-2025 13:06:33.463;23391349
1;04-03-2025 19:36:27.612;04-03-2025 13:06:33.463;23394149
1;04-03-2025 19:36:29.366;04-03-2025 13:06:33.463;23395903
1;04-03-2025 19:36:30.964;04-03-2025 13:06:33.463;23397501
1;04-03-2025 19:36:40.762;04-03-2025 13:06:33.463;23407299
1;04-03-2025 19:36:45.129;04-03-2025 13:06:33.463;23411666
1;04-03-2025 19:37:01.625;04-03-2025 13:06:33.463;23428162
1;04-03-2025 19:37:03.476;04-03-2025 13:06:33.463;23430013
1;04-03-2025 19:37:04.747;04-03-2025 13:06:33.463;23431284
1;04-03-2025 19:37:06.166;04-03-2025 13:06:33.463;23432703
1;04-03-2025 19:37:09.231;04-03-2025 13:06:33.463;23435768
1;04-03-2025 19:37:10.688;04-03-2025 13:06:33.463;23437225
1;04-03-2025 19:37:18.696;04-03-2025 13:06:33.463;23445233
1;04-03-2025 19:37:21.180;04-03-2025 13:06:33.463;23447717
1;04-03-2025 19:37:24.461;04-03-2025 13:06:33.463;23450998
1;04-03-2025 19:37:35.092;04-03-2025 13:06:33.463;23461629
1;04-03-2025 19:37:39.333;04-03-2025 13:06:33.463;23465870
1;04-03-2025 19:37:40.129;04-03-2025 13:06:33.463;23466666
1;04-03-2025 19:37:55.637;04-03-2025 13:06:33.463;23482174
1;04-03-2025 19:38:00.732;04-03-2025 13:06:33.463;23487269
1;04-03-2025 19:38:04.970;04-03-2025 13:06:33.463;23491507
1;04-03-2025 19:38:11.245;04-03-2025 13:06:33.463;23497782
1;04-03-2025 19:38:12.065;04-03-2025 13:06:33.463;23498602
1;04-03-2025 19:38:15.049;04-03-2025 13:06:33.463;23501586
1;04-03-2025 19:38:23.509;04-03-2025 13:06:33.463;23510046
1;04-03-2025 19:38:28.722;04-03-2025 13:06:33.463;23515259
1;04-03-2025 19:38:30.492;04-03-2025 13:06:33.463;23517029
1;04-03-2025 19:38:37.167;04-03-2025 13:06:33.463;23523704
1;04-03-2025 19:38:40.160;04-03-2025 13:06:33.463;23526697
1;04-03-2025 19:38:48.943;04-03-2025 13:06:33.463;23535480
1;04-03-2025 19:38:49.272;04-03-2025 13:06:33.463;23535809
1;04-03-2025 19:38:51.383;04-03-2025 13:06:33.463;23537920
1;04-03-2025 19:38:51.490;04-03-2025 13:06:33.463;23538027
1;04-03-2025 19:39:06.949;04-03-2025 13:06:33.463;23553486
1;04-03-2025 19:39:11.273;04-03-2025 13:06:33.463;23557810
1;04-03-2025 19:39:12.830;04-03-2025 13:06:33.463;23559367
1;04-03-2025 19:39:13.230;04-03-2025 13:06:33.463;23559767
1;04-03-2025 19:39:30.971;04-03-2025 13:06:33.463;23577508
1;04-03-2025 19:39:39.679;04-03-2025 13:06:33.463;23586216
1;04-03-2025 19:39:40.533;04-03-2025 13:06:33.463;23587070
1;04-03-2025 19:39:44.337;04-03-2025 13:06:33.463;23590874
1;04-03-2025 19:39:44.543;04-03-2025 13:06:33.463;23591080
1;04-03-2025 19:39:45.813;04-03-2025 13:06:33.463;23592350
1;04-03-2025 19:39:48.971;04-03-2025 13:06:33.463;23595508
1;04-03-2025 19:39:50.547;04-03-2025 13:06:33.463;23597084
1;04-03-2025 19:40:05.932;04-03-2025 13:06:33.463;23612469
1;04-03-2025 19:40:06.798;04-03-2025 13:06:33.463;23613335
1;04-03-2025 19:40:08.194;04-03-2025 13:06:33.463;23614731
1;04-03-2025 19:40:10.536;04-03-2025 13:06:33.463;23617073
1;04-03-2025 19:40:24.333;04-03-2025 13:06:33.463;23630870
1;04-03-2025 19:40:28.349;04-03-2025 13:06:33.463;23634886
1;04-03-2025 19:40:38.237;04-03-2025 13:06:33.463;23644774
1;04-03-2025 19:40:42.995;04-03-2025 13:06:33.463;23649532
1;04-03-2025 19:40:48.505;04-03-2025 13:06:33.463;23655042
1;04-03-2025 19:40:50.108;04-03-2025 13:06:33.463;23656645
1;04-03-2025 19:40:53.872;04-03-2025 13:06:33.463;23660409
1;04-03-2025 19:40:54.266;04-03-2025 13:06:33.463;23660803
1;04-03-2025 19:41:13.756;04-03-2025 13:06:33.463;23680293
1;04-03-2025 19:41:19.886;04-03-2025 13:06:33.463;23686423
1;04-03-2025 19:41:21.049;04-03-2025 13:06:33.463;23687586
1;04-03-2025 19:41:25.326;04-03-2025 13:06:33.463;23691863
1;04-03-2025 19:41:25.427;04-03-2025 13:06:33.463;23691964
1;04-03-2025 19:41:25.691;04-03-2025 13:06:33.463;23692228
1;04-03-2025 19:41:35.683;04-03-2025 13:06:33.463;23702220
1;04-03-2025 19:41:38.158;04-03-2025 13:06:33.463;23704695
1;04-03-2025 19:41:41.450;04-03-2025 13:06:33.463;23707987
1;04-03-2025 19:41:47.265;04-03-2025 13:06:33.463;23713802
1;04-03-2025 19:41:50.900;04-03-2025 13:06:33.463;23717437
1;04-03-2025 19:41:52.795;04-03-2025 13:06:33.463;23719332
1;04-03-2025 19:42:06.645;04-03-2025 13:06:33.463;23733182
1;04-03-2025 19:42:07.878;04-03-2025 13:06:33.463;23734415
1;04-03-2025 19:42:17.951;04-03-2025 13:06:33.463;23744488
1;04-03-2025 19:42:19.026;04-03-2025 13:06:33.463;23745563
1;04-03-2025 19:42:24.781;04-03-2025 13:06:33.463;23751318
1;04-03-2025 19:42:25.749;04-03-2025 13:06:33.463;23752286
1;04-03-2025 19:42:41.756;04-03-2025 13:06:33.463;23768293
1;04-03-2025 19:42:45.304;04-03-2025 13:06:33.463;23771841
1;04-03-2025 19:42:48.250;04-03-2025 13:06:33.463;23774787
1;04-03-2025 19:42:50.665;04-03-2025 13:06:33.463;23777202
1;04-03-2025 19:43:02.560;04-03-2025 13:06:33.463;23789097
1;04-03-2025 19:43:06.152;04-03-2025 13:06:33.463;23792689
1;04-03-2025 19:43:10.665;04-03-2025 13:06:33.463;23797202
1;04-03-2025 19:43:14.795;04-03-2025 13:06:33.463;23801332
1;04-03-2025 19:43:20.049;04-03-2025 13:06:33.463;23806586
1;04-03-2025 19:43:24.239;04-03-2025 13:06:33.463;23810776
1;04-03-2025 19:43:24.763;04-03-2025 13:06:33.463;23811300
1;04-03-2025 19:43:32.374;04-03-2025 13:06:33.463;23818911
1;04-03-2025 19:43:42.434;04-03-2025 13:06:33.463;23828971
1;04-03-2025 19:43:48.433;04-03-2025 13:06:33.463;23834970
1;04-03-2025 19:43:52.171;04-03-2025 13:06:33.463;23838708
1;04-03-2025 19:43:53.190;04-03-2025 13:06:33.463;23839727
1;04-03-2025 19:44:02.802;04-03-2025 13:06:33.463;23849339
1;04-03-2025 19:44:03.684;04-03-2025 13:06:33.463;23850221
1;04-03-2025 19:44:06.816;04-03-2025 13:06:33.463;23853353
1;04-03-2025 19:44:17.970;04-03-2025 13:06:33.463;23864507
1;04-03-2025 19:44:18.756;04-03-2025 13:06:33.463;23865293
1;04-03-2025 19:44:22.591;04-03-2025 13:06:33.463;23869128
1;04-03-2025 19:44:29.651;04-03-2025 13:06:33.463;23876188
1;04-03-2025 19:44:35.949;04-03-2025 13:06:33.463;23882486
1;04-03-2025 19:44:38.006;04-03-2025 13:06:33.463;23884543
1;04-03-2025 19:44:49.661;04-03-2025 13:06:33.463;23896198
1;04-03-2025 19:44:51.259;04-03-2025 13:06:33.463;23897796
1;04-03-2025 19:44:53.916;04-03-2025 13:06:33.463;23900453
1;04-03-2025 19:44:54.232;04-03-2025 13:06:33.463;23900769
1;04-03-2025 19:44:59.812;04-03-2025 13:06:33.463;23906349
1;04-03-2025 19:45:05.353;04-03-2025 13:06:33.463;23911890
1;04-03-2025 19:45:05.533;04-03-2025 13:06:33.463;23912070
1;04-03-2025 19:45:11.592;04-03-2025 13:06:33.463;23918129
1;04-03-2025 19:45:15.729;04-03-2025 13:06:33.463;23922266
1;04-03-2025 19:45:32.468;04-03-2025 13:06:33.463;23939005
1;04-03-2025 19:45:33.547;04-03-2025 13:06:33.463;23940084
1;04-03-2025 19:45:33.573;04-03-2025 13:06:33.463;23940110
1;04-03-2025 19:45:36.914;04-03-2025 13:06:33.463;23943451
1;04-03-2025 19:45:40.617;04-03-2025 13:06:33.463;23947154
1;04-03-2025 19:45:41.119;04-03-2025 13:06:33.463;23947656
1;04-03-2025 19:45:50.598;04-03-2025 13:06:33.463;23957135
1;04-03-2025 19:45:54.465;04-03-2025 13:06:33.463;23961002
1;04-03-2025 19:46:10.506;04-03-2025 13:06:33.463;23977043
1;04-03-2025 19:46:10.638;04-03-2025 13:06:33.463;23977175
1;04-03-2025 19:46:14.497;04-03-2025 13:06:33.463;23981034
1;04-03-2025 19:46:16.825;04-03-2025 13:06:33.463;23983362
1;04-03-2025 19:46:22.216;04-03-2025 13:06:33.463;23988753
1;04-03-2025 19:46:28.118;04-03-2025 13:06:33.463;23994655
1;04-03-2025 19:46:32.255;04-03-2025 13:06:33.463;23998792
1;04-03-2025 19:46:39.680;04-03-2025 13:06:33.463;24006217
1;04-03-2025 19:46:43.601;04-03-2025 13:06:33.463;24010138
1;04-03-2025 19:46:47.609;04-03-2025 13:06:33.463;24014146
1;04-03-2025 19:46:47.804;04-03-2025 13:06:33.463;24014341
1;04-03-2025 19:47:06.733;04-03-2025 13:06:33.463;24033270
1;04-03-2025 19:47:12.539;04-03-2025 13:06:33.463;24039076
1;04-03-2025 19:47:14.104;04-03-2025 13:06:33.463;24040641
1;04-03-2025 19:47:21.021;04-03-2025 13:06:33.463;24047558
1;04-03-2025 19:47:26.224;04-03-2025 13:06:33.463;24052761
1;04-03-2025 19:47:31.077;04-03-2025 13:06:33.463;24057614
1;04-03-2025 19:47:35.722;04-03-2025 13:06:33.463;24062259
1;04-03-2025 19:47:36.323;04-03-2025 13:06:33.463;24062860
1;04-03-2025 19:47:39.572;04-03-2025 13:06:33.463;24066109
1;04-03-2025 19:47:51.311;04-03-2025 13:06:33.463;24077848
1;04-03-2025 19:47:55.244;04-03-2025 13:06:33.463;24081781
1;04-03-2025 19:47:59.497;04-03-2025 13:06:33.463;24086034
1;04-03-2025 19:48:08.212;04-03-2025 13:06:33.463;24094749
1;04-03-2025 19:48:12.287;04-03-2025 13:06:33.463;24098824
1;04-03-2025 19:48:13.514;04-03-2025 13:06:33.463;24100051
1;04-03-2025 19:48:18.691;04-03-2025 13:06:33.463;24105228
1;04-03-2025 19:48:20.369;04-03-2025 13:06:33.463;24106906
1;04-03-2025 19:48:28.717;04-03-2025 13:06:33.463;24115254
1;04-03-2025 19:48:29.859;04-03-2025 13:06:33.463;24116396
1;04-03-2025 19:48:35.280;04-03-2025 13:06:33.463;24121817
1;04-03-2025 19:48:36.856;04-03-2025 13:06:33.463;24123393
1;04-03-2025 19:48:47.012;04-03-2025 13:06:33.463;24133549
1;04-03-2025 19:48:57.591;04-03-2025 13:06:33.463;24144128
1;04-03-2025 19:49:00.397;04-03-2025 13:06:33.463;24146934
1;04-03-2025 19:49:02.202;04-03-2025 13:06:33.463;24148739
1;04-03-2025 19:49:12.064;04-03-2025 13:06:33.463;24158601
1;04-03-2025 19:49:16.449;04-03-2025 13:06:33.463;24162986
1;04-03-2025 19:49:18.369;04-03-2025 13:06:33.463;24164906
1;04-03-2025 19:49:18.774;04-03-2025 13:06:33.463;24165311
1;04-03-2025 19:49:20.324;04-03-2025 13:06:33.463;24166861
1;04-03-2025 19:49:33.784;04-03-2025 13:06:33.463;24180321
1;04-03-2025 19:49:39.629;04-03-2025 13:06:33.463;24186166
1;04-03-2025 19:49:41.557;04-03-2025 13:06:33.463;24188094
1;04-03-2025 19:49:46.878;04-03-2025 13:06:33.463;24193415
1;04-03-2025 19:49:59.563;04-03-2025 13:06:33.463;24206100
1;04-03-2025 19:50:00.378;04-03-2025 13:06:33.463;24206915
1;04-03-2025 19:50:04.701;04-03-2025 13:06:33.463;24211238
1;04-03-2025 19:50:07.750;04-03-2025 13:06:33.463;24214287
1;04-03-2025 19:50:13.738;04-03-2025 13:06:33.463;24220275
1;04-03-2025 19:50:13.912;04-03-2025 13:06:33.463;24220449
1;04-03-2025 19:50:22.364;04-03-2025 13:06:33.463;24228901
1;04-03-2025 19:50:24.863;04-03-2025 13:06:33.463;24231400
1;04-03-2025 19:50:38.164;04-03-2025 13:06:33.463;24244701
1;04-03-2025 19:50:40.692;04-03-2025 13:06:33.463;24247229
1;04-03-2025 19:50:48.756;04-03-2025 13:06:33.463;24255293
1;04-03-2025 19:50:48.771;04-03-2025 13:06:33.463;24255308
1;04-03-2025 19:50:53.739;04-03-2025 13:06:33.463;24260276
1;04-03-2025 19:50:58.765;04-03-2025 13:06:33.463;24265302
1;04-03-2025 19:50:59.798;04-03-2025 13:06:33.463;24266335
1;04-03-2025 19:51:07.995;04-03-2025 13:06:33.463;24274532
1;04-03-2025 19:51:08.956;04-03-2025 13:06:33.463;24275493
1;04-03-2025 19:51:17.755;04-03-2025 13:06:33.463;24284292
1;04-03-2025 19:51:18.733;04-03-2025 13:06:33.463;24285270
1;04-03-2025 19:51:29.076;04-03-2025 13:06:33.463;24295613
1;04-03-2025 19:51:33.947;04-03-2025 13:06:33.463;24300484
1;04-03-2025 19:51:37.022;04-03-2025 13:06:33.463;24303559
1;04-03-2025 19:51:50.923;04-03-2025 13:06:33.463;24317460
1;04-03-2025 19:51:55.644;04-03-2025 13:06:33.463;24322181
1;04-03-2025 19:51:55.732;04-03-2025 13:06:33.463;24322269
1;04-03-2025 19:52:02.746;04-03-2025 13:06:33.463;24329283
1;04-03-2025 19:52:07.559;04-03-2025 13:06:33.463;24334096
1;04-03-2025 19:52:14.447;04-03-2025 13:06:33.463;24340984
1;04-03-2025 19:52:14.699;04-03-2025 13:06:33.463;24341236
1;04-03-2025 19:52:18.016;04-03-2025 13:06:33.463;24344553
1;04-03-2025 19:52:19.326;04-03-2025 13:06:33.463;24345863
1;04-03-2025 19:52:30.276;04-03-2025 13:06:33.463;24356813
1;04-03-2025 19:52:32.730;04-03-2025 13:06:33.463;24359267
1;04-03-2025 19:52:36.295;04-03-2025 13:06:33.463;24362832
1;04-03-2025 19:52:49.417;04-03-2025 13:06:33.463;24375954
1;04-03-2025 19:52:53.592;04-03-2025 13:06:33.463;24380129
1;04-03-2025 19:52:54.434;04-03-2025 13:06:33.463;24380971
1;04-03-2025 19:52:55.661;04-03-2025 13:06:33.463;24382198
1;04-03-2025 19:53:00.420;04-03-2025 13:06:33.463;24386957
1;04-03-2025 19:53:01.492;04-03-2025 13:06:33.463;24388029
1;04-03-2025 19:53:04.062;04-03-2025 13:06:33.463;24390599
1;04-03-2025 19:53:10.351;04-03-2025 13:06:33.463;24396888
1;04-03-2025 19:53:16.317;04-03-2025 13:06:33.463;24402854
1;04-03-2025 19:53:27.650;04-03-2025 13:06:33.463;24414187
1;04-03-2025 19:53:29.355;04-03-2025 13:06:33.463;24415892
1;04-03-2025 19:53:35.555;04-03-2025 13:06:33.463;24422092
1;04-03-2025 19:53:35.936;04-03-2025 13:06:33.463;24422473
1;04-03-2025 19:53:36.661;04-03-2025 13:06:33.463;24423198
1;04-03-2025 19:53:44.838;04-03-2025 13:06:33.463;24431375
1;04-03-2025 19:53:51.831;04-03-2025 13:06:33.463;24438368
1;04-03-2025 19:54:00.408;04-03-2025 13:06:33.463;24446945
1;04-03-2025 19:54:00.598;04-03-2025 13:06:33.463;24447135
1;04-03-2025 19:54:08.486;04-03-2025 13:06:33.463;24455023
1;04-03-2025 19:54:09.660;04-03-2025 13:06:33.463;24456197
1;04-03-2025 19:54:12.973;04-03-2025 13:06:33.463;24459510
1;04-03-2025 19:54:30.400;04-03-2025 13:06:33.463;24476937
1;04-03-2025 19:54:40.566;04-03-2025 13:06:33.463;24487103
1;04-03-2025 19:54:41.954;04-03-2025 13:06:33.463;24488491
1;04-03-2025 19:54:44.159;04-03-2025 13:06:33.463;24490696
1;04-03-2025 19:54:50.612;04-03-2025 13:06:33.463;24497149
1;04-03-2025 19:54:54.365;04-03-2025 13:06:33.463;24500902
1;04-03-2025 19:54:54.561;04-03-2025 13:06:33.463;24501098
1;04-03-2025 19:54:56.104;04-03-2025 13:06:33.463;24502641
1;04-03-2025 19:54:58.167;04-03-2025 13:06:33.463;24504704
1;04-03-2025 19:55:03.402;04-03-2025 13:06:33.463;24509939
1;04-03-2025 19:55:17.264;04-03-2025 13:06:33.463;24523801
1;04-03-2025 19:55:24.342;04-03-2025 13:06:33.463;24530879
1;04-03-2025 19:55:24.595;04-03-2025 13:06:33.463;24531132
1;04-03-2025 19:55:30.878;04-03-2025 13:06:33.463;24537415
1;04-03-2025 19:55:30.970;04-03-2025 13:06:33.463;24537507
1;04-03-2025 19:55:41.944;04-03-2025 13:06:33.463;24548481
1;04-03-2025 19:55:51.046;04-03-2025 13:06:33.463;24557583
1;04-03-2025 19:55:57.813;04-03-2025 13:06:33.463;24564350
1;04-03-2025 19:55:59.617;04-03-2025 13:06:33.463;24566154
1;04-03-2025 19:56:01.420;04-03-2025 13:06:33.463;24567957
1;04-03-2025 19:56:07.073;04-03-2025 13:06:33.463;24573610
1;04-03-2025 19:56:10.161;04-03-2025 13:06:33.463;24576698
1;04-03-2025 19:56:16.046;04-03-2025 13:06:33.463;24582583
1;04-03-2025 19:56:17.724;04-03-2025 13:06:33.463;24584261
1;04-03-2025 19:56:25.947;04-03-2025 13:06:33.463;24592484
1;04-03-2025 19:56:41.007;04-03-2025 13:06:33.463;24607544
1;04-03-2025 19:56:41.921;04-03-2025 13:06:33.463;24608458
1;04-03-2025 19:56:45.428;04-03-2025 13:06:33.463;24611965
1;04-03-2025 19:56:45.649;04-03-2025 13:06:33.463;24612186
1;04-03-2025 19:56:47.257;04-03-2025 13:06:33.463;24613794
1;04-03-2025 19:57:04.544;04-03-2025 13:06:33.463;24631081
1;04-03-2025 19:57:05.275;04-03-2025 13:06:33.463;24631812
1;04-03-2025 19:57:06.927;04-03-2025 13:06:33.463;24633464
1;04-03-2025 19:57:13.043;04-03-2025 13:06:33.463;24639580
1;04-03-2025 19:57:15.437;04-03-2025 13:06:33.463;24641974
1;04-03-2025 19:57:18.942;04-03-2025 13:06:33.463;24645479
1;04-03-2025 19:57:24.325;04-03-2025 13:06:33.463;24650862
1;04-03-2025 19:57:41.234;04-03-2025 13:06:33.463;24667771
1;04-03-2025 19:57:46.453;04-03-2025 13:06:33.463;24672990
1;04-03-2025 19:57:51.993;04-03-2025 13:06:33.463;24678530
1;04-03-2025 19:57:52.483;04-03-2025 13:06:33.463;24679020
1;04-03-2025 19:57:53.241;04-03-2025 13:06:33.463;24679778
1;04-03-2025 19:57:54.731;04-03-2025 13:06:33.463;24681268
1;04-03-2025 19:57:56.361;04-03-2025 13:06:33.463;24682898
1;04-03-2025 19:58:01.579;04-03-2025 13:06:33.463;24688116
1;04-03-2025 19:58:14.933;04-03-2025 13:06:33.463;24701470
1;04-03-2025 19:58:16.936;04-03-2025 13:06:33.463;24703473
1;04-03-2025 19:58:24.338;04-03-2025 13:06:33.463;24710875
1;04-03-2025 19:58:27.902;04-03-2025 13:06:33.463;24714439
1;04-03-2025 19:58:39.214;04-03-2025 13:06:33.463;24725751
1;04-03-2025 19:58:40.191;04-03-2025 13:06:33.463;24726728
1;04-03-2025 19:58:44.770;04-03-2025 13:06:33.463;24731307
1;04-03-2025 19:58:48.580;04-03-2025 13:06:33.463;24735117
1;04-03-2025 19:58:50.005;04-03-2025 13:06:33.463;24736542
1;04-03-2025 19:58:51.716;04-03-2025 13:06:33.463;24738253
1;04-03-2025 19:58:57.574;04-03-2025 13:06:33.463;24744111
1;04-03-2025 19:59:01.515;04-03-2025 13:06:33.463;24748052
1;04-03-2025 19:59:06.754;04-03-2025 13:06:33.463;24753291
1;04-03-2025 19:59:11.223;04-03-2025 13:06:33.463;24757760
1;04-03-2025 19:59:17.906;04-03-2025 13:06:33.463;24764443
1;04-03-2025 19:59:21.387;04-03-2025 13:06:33.463;24767924
1;04-03-2025 19:59:32.313;04-03-2025 13:06:33.463;24778850
1;04-03-2025 19:59:35.247;04-03-2025 13:06:33.463;24781784
1;04-03-2025 19:59:47.516;04-03-2025 13:06:33.463;24794053
1;04-03-2025 19:59:48.250;04-03-2025 13:06:33.463;24794787
1;04-03-2025 19:59:48.424;04-03-2025 13:06:33.463;24794961
1;04-03-2025 19:59:51.337;04-03-2025 13:06:33.463;24797874
1;04-03-2025 19:59:54.064;04-03-2025 13:06:33.463;24800601
1;04-03-2025 20:00:06.412;04-03-2025 13:06:33.463;24812949
1;04-03-2025 20:00:17.675;04-03-2025 13:06:33.463;24824212
1;04-03-2025 20:00:21.648;04-03-2025 13:06:33.463;24828185
1;04-03-2025 20:00:24.173;04-03-2025 13:06:33.463;24830710
1;04-03-2025 20:00:29.686;04-03-2025 13:06:33.463;24836223
1;04-03-2025 20:00:36.835;04-03-2025 13:06:33.463;24843372
1;04-03-2025 20:00:38.323;04-03-2025 13:06:33.463;24844860
1;04-03-2025 20:00:47.964;04-03-2025 13:06:33.463;24854501
1;04-03-2025 20:00:48.019;04-03-2025 13:06:33.463;24854556
1;04-03-2025 20:00:51.014;04-03-2025 13:06:33.463;24857551
1;04-03-2025 20:00:53.243;04-03-2025 13:06:33.463;24859780
1;04-03-2025 20:00:54.997;04-03-2025 13:06:33.463;24861534
1;04-03-2025 20:01:08.641;04-03-2025 13:06:33.463;24875178
1;04-03-2025 20:01:16.286;04-03-2025 13:06:33.463;24882823
1;04-03-2025 20:01:19.575;04-03-2025 13:06:33.463;24886112
1;04-03-2025 20:01:22.844;04-03-2025 13:06:33.463;24889381
1;04-03-2025 20:01:25.421;04-03-2025 13:06:33.463;24891958
1;04-03-2025 20:01:31.213;04-03-2025 13:06:33.463;24897750
1;04-03-2025 20:01:34.385;04-03-2025 13:06:33.463;24900922
1;04-03-2025 20:01:38.393;04-03-2025 13:06:33.463;24904930
1;04-03-2025 20:01:48.961;04-03-2025 13:06:33.463;24915498
1;04-03-2025 20:01:51.487;04-03-2025 13:06:33.463;24918024
1;04-03-2025 20:01:56.693;04-03-2025 13:06:33.463;24923230
1;04-03-2025 20:01:58.881;04-03-2025 13:06:33.463;24925418
1;04-03-2025 20:02:02.314;04-03-2025 13:06:33.463;24928851
1;04-03-2025 20:02:15.796;04-03-2025 13:06:33.463;24942333
1;04-03-2025 20:02:22.600;04-03-2025 13:06:33.463;24949137
1;04-03-2025 20:02:27.919;04-03-2025 13:06:33.463;24954456
1;04-03-2025 20:02:34.147;04-03-2025 13:06:33.463;24960684
1;04-03-2025 20:02:35.195;04-03-2025 13:06:33.463;24961732
1;04-03-2025 20:02:39.802;04-03-2025 13:06:33.463;24966339
1;04-03-2025 20:02:48.930;04-03-2025 13:06:33.463;24975467
1;04-03-2025 20:02:51.364;04-03-2025 13:06:33.463;24977901
1;04-03-2025 20:02:51.723;04-03-2025 13:06:33.463;24978260
1;04-03-2025 20:02:55.134;04-03-2025 13:06:33.463;24981671
1;04-03-2025 20:02:57.308;04-03-2025 13:06:33.463;24983845
1;04-03-2025 20:02:58.439;04-03-2025 13:06:33.463;24984976
1;04-03-2025 20:03:06.090;04-03-2025 13:06:33.463;24992627
1;04-03-2025 20:03:13.401;04-03-2025 13:06:33.463;24999938
1;04-03-2025 20:03:21.210;04-03-2025 13:06:33.463;25007747
1;04-03-2025 20:03:26.351;04-03-2025 13:06:33.463;25012888
1;04-03-2025 20:03:27.766;04-03-2025 13:06:33.463;25014303
1;04-03-2025 20:03:32.701;04-03-2025 13:06:33.463;25019238
1;04-03-2025 20:03:39.699;04-03-2025 13:06:33.463;25026236
1;04-03-2025 20:03:53.273;04-03-2025 13:06:33.463;25039810
1;04-03-2025 20:03:55.126;04-03-2025 13:06:33.463;25041663
1;04-03-2025 20:03:57.651;04-03-2025 13:06:33.463;25044188
1;04-03-2025 20:04:02.825;04-03-2025 13:06:33.463;25049362
1;04-03-2025 20:04:03.808;04-03-2025 13:06:33.463;25050345
1;04-03-2025 20:04:09.531;04-03-2025 13:06:33.463;25056068
1;04-03-2025 20:04:19.093;04-03-2025 13:06:33.463;25065630
1;04-03-2025 20:04:19.987;04-03-2025 13:06:33.463;25066524
1;04-03-2025 20:04:24.561;04-03-2025 13:06:33.463;25071098
1;04-03-2025 20:04:26.821;04-03-2025 13:06:33.463;25073358
1;04-03-2025 20:04:28.197;04-03-2025 13:06:33.463;25074734
1;04-03-2025 20:04:33.070;04-03-2025 13:06:33.463;25079607
1;04-03-2025 20:04:42.192;04-03-2025 13:06:33.463;25088729
1;04-03-2025 20:04:45.797;04-03-2025 13:06:33.463;25092334
1;04-03-2025 20:04:46.742;04-03-2025 13:06:33.463;25093279
1;04-03-2025 20:04:59.851;04-03-2025 13:06:33.463;25106388
1;04-03-2025 20:05:04.893;04-03-2025 13:06:33.463;25111430
1;04-03-2025 20:05:10.740;04-03-2025 13:06:33.463;25117277
1;04-03-2025 20:05:28.752;04-03-2025 13:06:33.463;25135289
1;04-03-2025 20:05:28.889;04-03-2025 13:06:33.463;25135426
1;04-03-2025 20:05:29.310;04-03-2025 13:06:33.463;25135847
1;04-03-2025 20:05:29.761;04-03-2025 13:06:33.463;25136298
1;04-03-2025 20:05:32.247;04-03-2025 13:06:33.463;25138784
1;04-03-2025 20:05:39.711;04-03-2025 13:06:33.463;25146248
1;04-03-2025 20:05:45.590;04-03-2025 13:06:33.463;25152127
1;04-03-2025 20:05:49.051;04-03-2025 13:06:33.463;25155588
1;04-03-2025 20:06:02.477;04-03-2025 13:06:33.463;25169014
1;04-03-2025 20:06:03.744;04-03-2025 13:06:33.463;25170281
1;04-03-2025 20:06:03.908;04-03-2025 13:06:33.463;25170445
1;04-03-2025 20:06:05.908;04-03-2025 13:06:33.463;25172445
1;04-03-2025 20:06:07.547;04-03-2025 13:06:33.463;25174084
1;04-03-2025 20:06:17.605;04-03-2025 13:06:33.463;25184142
1;04-03-2025 20:06:18.516;04-03-2025 13:06:33.463;25185053
1;04-03-2025 20:06:30.593;04-03-2025 13:06:33.463;25197130
1;04-03-2025 20:06:31.931;04-03-2025 13:06:33.463;25198468
1;04-03-2025 20:06:32.252;04-03-2025 13:06:33.463;25198789
1;04-03-2025 20:06:36.623;04-03-2025 13:06:33.463;25203160
1;04-03-2025 20:06:54.577;04-03-2025 13:06:33.463;25221114
1;04-03-2025 20:06:57.151;04-03-2025 13:06:33.463;25223688
1;04-03-2025 20:06:59.762;04-03-2025 13:06:33.463;25226299
1;04-03-2025 20:07:17.875;04-03-2025 13:06:33.463;25244412
1;04-03-2025 20:07:20.226;04-03-2025 13:06:33.463;25246763
1;04-03-2025 20:07:21.209;04-03-2025 13:06:33.463;25247746
1;04-03-2025 20:07:21.897;04-03-2025 13:06:33.463;25248434
1;04-03-2025 20:07:25.272;04-03-2025 13:06:33.463;25251809
1;04-03-2025 20:07:27.481;04-03-2025 13:06:33.463;25254018
1;04-03-2025 20:07:29.584;04-03-2025 13:06:33.463;25256121
1;04-03-2025 20:07:37.042;04-03-2025 13:06:33.463;25263579
1;04-03-2025 20:07:39.085;04-03-2025 13:06:33.463;25265622
1;04-03-2025 20:07:45.791;04-03-2025 13:06:33.463;25272328
1;04-03-2025 20:07:47.007;04-03-2025 13:06:33.463;25273544
1;04-03-2025 20:07:56.273;04-03-2025 13:06:33.463;25282810
1;04-03-2025 20:07:56.471;04-03-2025 13:06:33.463;25283008
1;04-03-2025 20:08:03.208;04-03-2025 13:06:33.463;25289745
1;04-03-2025 20:08:18.226;04-03-2025 13:06:33.463;25304763
1;04-03-2025 20:08:23.084;04-03-2025 13:06:33.463;25309621
1;04-03-2025 20:08:24.026;04-03-2025 13:06:33.463;25310563
1;04-03-2025 20:08:28.291;04-03-2025 13:06:33.463;25314828
1;04-03-2025 20:08:34.465;04-03-2025 13:06:33.463;25321002
1;04-03-2025 20:08:46.947;04-03-2025 13:06:33.463;25333484
1;04-03-2025 20:08:47.029;04-03-2025 13:06:33.463;25333566
1;04-03-2025 20:08:48.659;04-03-2025 13:06:33.463;25335196
1;04-03-2025 20:08:51.967;04-03-2025 13:06:33.463;25338504
1;04-03-2025 20:08:52.685;04-03-2025 13:06:33.463;25339222
1;04-03-2025 20:09:00.627;04-03-2025 13:06:33.463;25347164
1;04-03-2025 20:09:10.045;04-03-2025 13:06:33.463;25356582
1;04-03-2025 20:09:16.962;04-03-2025 13:06:33.463;25363499
1;04-03-2025 20:09:27.609;04-03-2025 13:06:33.463;25374146
1;04-03-2025 20:09:28.167;04-03-2025 13:06:33.463;25374704
1;04-03-2025 20:09:30.049;04-03-2025 13:06:33.463;25376586
1;04-03-2025 20:09:31.542;04-03-2025 13:06:33.463;25378079
1;04-03-2025 20:09:40.395;04-03-2025 13:06:33.463;25386932
1;04-03-2025 20:09:44.323;04-03-2025 13:06:33.463;25390860
1;04-03-2025 20:09:48.608;04-03-2025 13:06:33.463;25395145
1;04-03-2025 20:09:48.721;04-03-2025 13:06:33.463;25395258
1;04-03-2025 20:09:50.560;04-03-2025 13:06:33.463;25397097
1;04-03-2025 20:10:06.350;04-03-2025 13:06:33.463;25412887
1;04-03-2025 20:10:08.658;04-03-2025 13:06:33.463;25415195
1;04-03-2025 20:10:09.351;04-03-2025 13:06:33.463;25415888
1;04-03-2025 20:10:11.781;04-03-2025 13:06:33.463;25418318
1;04-03-2025 20:10:20.862;04-03-2025 13:06:33.463;25427399
1;04-03-2025 20:10:30.674;04-03-2025 13:06:33.463;25437211
1;04-03-2025 20:10:36.413;04-03-2025 13:06:33.463;25442950
1;04-03-2025 20:10:39.005;04-03-2025 13:06:33.463;25445542
3;04-03-2025 20:10:48.253;04-03-2025 20:10:33.312;14941
1;04-03-2025 20:10:48.733;04-03-2025 13:06:33.463;25455270
1;04-03-2025 20:10:49.479;04-03-2025 13:06:33.463;25456016
1;04-03-2025 20:10:54.705;04-03-2025 13:06:33.463;25461242
1;04-03-2025 20:10:57.277;04-03-2025 13:06:33.463;25463814
1;04-03-2025 20:11:10.834;04-03-2025 13:06:33.463;25477371
1;04-03-2025 20:11:11.326;04-03-2025 13:06:33.463;25477863
1;04-03-2025 20:11:16.849;04-03-2025 13:06:33.463;25483386
1;04-03-2025 20:11:21.041;04-03-2025 13:06:33.463;25487578
1;04-03-2025 20:11:25.998;04-03-2025 13:06:33.463;25492535
1;04-03-2025 20:11:34.438;04-03-2025 13:06:33.463;25500975
1;04-03-2025 20:11:39.615;04-03-2025 13:06:33.463;25506152
1;04-03-2025 20:11:43.473;04-03-2025 13:06:33.463;25510010
1;04-03-2025 20:11:44.943;04-03-2025 13:06:33.463;25511480
1;04-03-2025 20:11:45.851;04-03-2025 13:06:33.463;25512388
1;04-03-2025 20:11:51.505;04-03-2025 13:06:33.463;25518042
1;04-03-2025 20:12:01.241;04-03-2025 13:06:33.463;25527778
1;04-03-2025 20:12:12.378;04-03-2025 13:06:33.463;25538915
1;04-03-2025 20:12:19.181;04-03-2025 13:06:33.463;25545718
1;04-03-2025 20:12:29.110;04-03-2025 13:06:33.463;25555647
1;04-03-2025 20:12:31.398;04-03-2025 13:06:33.463;25557935
1;04-03-2025 20:12:32.313;04-03-2025 13:06:33.463;25558850
1;04-03-2025 20:12:37.981;04-03-2025 13:06:33.463;25564518
1;04-03-2025 20:12:44.080;04-03-2025 13:06:33.463;25570617
1;04-03-2025 20:12:49.066;04-03-2025 13:06:33.463;25575603
1;04-03-2025 20:12:52.227;04-03-2025 13:06:33.463;25578764
1;04-03-2025 20:12:58.597;04-03-2025 13:06:33.463;25585134
1;04-03-2025 20:12:58.868;04-03-2025 13:06:33.463;25585405
1;04-03-2025 20:12:59.473;04-03-2025 13:06:33.463;25586010
1;04-03-2025 20:13:02.764;04-03-2025 13:06:33.463;25589301
1;04-03-2025 20:13:05.837;04-03-2025 13:06:33.463;25592374
1;04-03-2025 20:13:06.413;04-03-2025 13:06:33.463;25592950
1;04-03-2025 20:13:23.535;04-03-2025 13:06:33.463;25610072
1;04-03-2025 20:13:25.913;04-03-2025 13:06:33.463;25612450
1;04-03-2025 20:13:26.196;04-03-2025 13:06:33.463;25612733
1;04-03-2025 20:13:26.307;04-03-2025 13:06:33.463;25612844
1;04-03-2025 20:13:42.392;04-03-2025 13:06:33.463;25628929
1;04-03-2025 20:13:44.921;04-03-2025 13:06:33.463;25631458
1;04-03-2025 20:13:51.567;04-03-2025 13:06:33.463;25638104
1;04-03-2025 20:13:53.476;04-03-2025 13:06:33.463;25640013
1;04-03-2025 20:13:57.563;04-03-2025 13:06:33.463;25644100
1;04-03-2025 20:14:03.876;04-03-2025 13:06:33.463;25650413
1;04-03-2025 20:14:06.541;04-03-2025 13:06:33.463;25653078
1;04-03-2025 20:14:12.937;04-03-2025 13:06:33.463;25659474
1;04-03-2025 20:14:14.004;04-03-2025 13:06:33.463;25660541
1;04-03-2025 20:14:22.494;04-03-2025 13:06:33.463;25669031
1;04-03-2025 20:14:28.122;04-03-2025 13:06:33.463;25674659
1;04-03-2025 20:14:39.013;04-03-2025 13:06:33.463;25685550
1;04-03-2025 20:14:44.522;04-03-2025 13:06:33.463;25691059
1;04-03-2025 20:14:49.519;04-03-2025 13:06:33.463;25696056
1;04-03-2025 20:14:51.732;04-03-2025 13:06:33.463;25698269
1;04-03-2025 20:14:52.017;04-03-2025 13:06:33.463;25698554
1;04-03-2025 20:14:58.610;04-03-2025 13:06:33.463;25705147
1;04-03-2025 20:15:08.347;04-03-2025 13:06:33.463;25714884
1;04-03-2025 20:15:10.433;04-03-2025 13:06:33.463;25716970
1;04-03-2025 20:15:12.081;04-03-2025 13:06:33.463;25718618
1;04-03-2025 20:15:17.765;04-03-2025 13:06:33.463;25724302
1;04-03-2025 20:15:28.364;04-03-2025 13:06:33.463;25734901
1;04-03-2025 20:15:36.954;04-03-2025 13:06:33.463;25743491
1;04-03-2025 20:15:40.244;04-03-2025 13:06:33.463;25746781
1;04-03-2025 20:15:40.997;04-03-2025 13:06:33.463;25747534
1;04-03-2025 20:15:46.626;04-03-2025 13:06:33.463;25753163
1;04-03-2025 20:15:52.597;04-03-2025 13:06:33.463;25759134
1;04-03-2025 20:15:54.939;04-03-2025 13:06:33.463;25761476
1;04-03-2025 20:16:00.124;04-03-2025 13:06:33.463;25766661
1;04-03-2025 20:16:01.870;04-03-2025 13:06:33.463;25768407
1;04-03-2025 20:16:13.500;04-03-2025 13:06:33.463;25780037
1;04-03-2025 20:16:16.452;04-03-2025 13:06:33.463;25782989
1;04-03-2025 20:16:16.648;04-03-2025 13:06:33.463;25783185
1;04-03-2025 20:16:26.245;04-03-2025 13:06:33.463;25792782
1;04-03-2025 20:16:40.335;04-03-2025 13:06:33.463;25806872
1;04-03-2025 20:16:41.380;04-03-2025 13:06:33.463;25807917
1;04-03-2025 20:16:46.125;04-03-2025 13:06:33.463;25812662
1;04-03-2025 20:16:50.257;04-03-2025 13:06:33.463;25816794
1;04-03-2025 20:16:56.032;04-03-2025 13:06:33.463;25822569
1;04-03-2025 20:16:57.448;04-03-2025 13:06:33.463;25823985
1;04-03-2025 20:16:58.043;04-03-2025 13:06:33.463;25824580
1;04-03-2025 20:17:00.949;04-03-2025 13:06:33.463;25827486
1;04-03-2025 20:17:10.933;04-03-2025 13:06:33.463;25837470
1;04-03-2025 20:17:15.072;04-03-2025 13:06:33.463;25841609
1;04-03-2025 20:17:15.138;04-03-2025 13:06:33.463;25841675
1;04-03-2025 20:17:15.958;04-03-2025 13:06:33.463;25842495
1;04-03-2025 20:17:28.160;04-03-2025 13:06:33.463;25854697
1;04-03-2025 20:17:48.571;04-03-2025 13:06:33.463;25875108
1;04-03-2025 20:17:50.600;04-03-2025 13:06:33.463;25877137
1;04-03-2025 20:17:54.516;04-03-2025 13:06:33.463;25881053
1;04-03-2025 20:17:57.306;04-03-2025 13:06:33.463;25883843
1;04-03-2025 20:17:58.645;04-03-2025 13:06:33.463;25885182
1;04-03-2025 20:18:01.018;04-03-2025 13:06:33.463;25887555
1;04-03-2025 20:18:01.447;04-03-2025 13:06:33.463;25887984
1;04-03-2025 20:18:05.896;04-03-2025 13:06:33.463;25892433
1;04-03-2025 20:18:12.109;04-03-2025 13:06:33.463;25898646
1;04-03-2025 20:18:22.951;04-03-2025 13:06:33.463;25909488
1;04-03-2025 20:18:28.118;04-03-2025 13:06:33.463;25914655
1;04-03-2025 20:18:37.109;04-03-2025 13:06:33.463;25923646
1;04-03-2025 20:18:40.765;04-03-2025 13:06:33.463;25927302
1;04-03-2025 20:18:42.849;04-03-2025 13:06:33.463;25929386
1;04-03-2025 20:18:46.790;04-03-2025 13:06:33.463;25933327
1;04-03-2025 20:18:48.143;04-03-2025 13:06:33.463;25934680
1;04-03-2025 20:18:50.545;04-03-2025 13:06:33.463;25937082
1;04-03-2025 20:18:50.745;04-03-2025 13:06:33.463;25937282
1;04-03-2025 20:19:10.739;04-03-2025 13:06:33.463;25957276
1;04-03-2025 20:19:17.894;04-03-2025 13:06:33.463;25964431
1;04-03-2025 20:19:23.991;04-03-2025 13:06:33.463;25970528
1;04-03-2025 20:19:26.476;04-03-2025 13:06:33.463;25973013
1;04-03-2025 20:19:27.889;04-03-2025 13:06:33.463;25974426
1;04-03-2025 20:19:31.232;04-03-2025 13:06:33.463;25977769
1;04-03-2025 20:19:33.956;04-03-2025 13:06:33.463;25980493
1;04-03-2025 20:19:47.764;04-03-2025 13:06:33.463;25994301
1;04-03-2025 20:19:49.242;04-03-2025 13:06:33.463;25995779
1;04-03-2025 20:20:05.133;04-03-2025 13:06:33.463;26011670
1;04-03-2025 20:20:05.142;04-03-2025 13:06:33.463;26011679
1;04-03-2025 20:20:06.218;04-03-2025 13:06:33.463;26012755
1;04-03-2025 20:20:12.911;04-03-2025 13:06:33.463;26019448
1;04-03-2025 20:20:15.104;04-03-2025 13:06:33.463;26021641
1;04-03-2025 20:20:16.379;04-03-2025 13:06:33.463;26022916
1;04-03-2025 20:20:19.187;04-03-2025 13:06:33.463;26025724
1;04-03-2025 20:20:20.368;04-03-2025 13:06:33.463;26026905
1;04-03-2025 20:20:34.308;04-03-2025 13:06:33.463;26040845
1;04-03-2025 20:20:35.742;04-03-2025 13:06:33.463;26042279
1;04-03-2025 20:20:36.617;04-03-2025 13:06:33.463;26043154
1;04-03-2025 20:20:39.581;04-03-2025 13:06:33.463;26046118
1;04-03-2025 20:20:56.525;04-03-2025 13:06:33.463;26063062
1;04-03-2025 20:20:59.186;04-03-2025 13:06:33.463;26065723
1;04-03-2025 20:20:59.751;04-03-2025 13:06:33.463;26066288
1;04-03-2025 20:21:03.087;04-03-2025 13:06:33.463;26069624
1;04-03-2025 20:21:07.884;04-03-2025 13:06:33.463;26074421
1;04-03-2025 20:21:09.076;04-03-2025 13:06:33.463;26075613
1;04-03-2025 20:21:13.535;04-03-2025 13:06:33.463;26080072
1;04-03-2025 20:21:13.958;04-03-2025 13:06:33.463;26080495
1;04-03-2025 20:21:32.206;04-03-2025 13:06:33.463;26098743
1;04-03-2025 20:21:36.344;04-03-2025 13:06:33.463;26102881
1;04-03-2025 20:21:37.066;04-03-2025 13:06:33.463;26103603
1;04-03-2025 20:21:43.279;04-03-2025 13:06:33.463;26109816
1;04-03-2025 20:21:52.436;04-03-2025 13:06:33.463;26118973
1;04-03-2025 20:21:54.403;04-03-2025 13:06:33.463;26120940
1;04-03-2025 20:22:05.602;04-03-2025 13:06:33.463;26132139
1;04-03-2025 20:22:09.442;04-03-2025 13:06:33.463;26135979
1;04-03-2025 20:22:10.753;04-03-2025 13:06:33.463;26137290
1;04-03-2025 20:22:18.380;04-03-2025 13:06:33.463;26144917
1;04-03-2025 20:22:20.728;04-03-2025 13:06:33.463;26147265
1;04-03-2025 20:22:24.803;04-03-2025 13:06:33.463;26151340
1;04-03-2025 20:22:37.278;04-03-2025 13:06:33.463;26163815
1;04-03-2025 20:22:38.722;04-03-2025 13:06:33.463;26165259
1;04-03-2025 20:22:39.160;04-03-2025 13:06:33.463;26165697
1;04-03-2025 20:22:56.276;04-03-2025 13:06:33.463;26182813
1;04-03-2025 20:22:56.568;04-03-2025 13:06:33.463;26183105
1;04-03-2025 20:22:59.606;04-03-2025 13:06:33.463;26186143
1;04-03-2025 20:23:02.087;04-03-2025 13:06:33.463;26188624
1;04-03-2025 20:23:02.445;04-03-2025 13:06:33.463;26188982
1;04-03-2025 20:23:03.132;04-03-2025 13:06:33.463;26189669
1;04-03-2025 20:23:11.391;04-03-2025 13:06:33.463;26197928
1;04-03-2025 20:23:25.423;04-03-2025 13:06:33.463;26211960
1;04-03-2025 20:23:30.294;04-03-2025 13:06:33.463;26216831
1;04-03-2025 20:23:35.444;04-03-2025 13:06:33.463;26221981
1;04-03-2025 20:23:36.378;04-03-2025 13:06:33.463;26222915
1;04-03-2025 20:23:37.964;04-03-2025 13:06:33.463;26224501
1;04-03-2025 20:23:37.980;04-03-2025 13:06:33.463;26224517
1;04-03-2025 20:23:46.627;04-03-2025 13:06:33.463;26233164
1;04-03-2025 20:24:02.228;04-03-2025 13:06:33.463;26248765
1;04-03-2025 20:24:02.278;04-03-2025 13:06:33.463;26248815
1;04-03-2025 20:24:03.717;04-03-2025 13:06:33.463;26250254
1;04-03-2025 20:24:04.606;04-03-2025 13:06:33.463;26251143
1;04-03-2025 20:24:10.546;04-03-2025 13:06:33.463;26257083
1;04-03-2025 20:24:13.163;04-03-2025 13:06:33.463;26259700
1;04-03-2025 20:24:26.258;04-03-2025 13:06:33.463;26272795
1;04-03-2025 20:24:30.908;04-03-2025 13:06:33.463;26277445
1;04-03-2025 20:24:33.185;04-03-2025 13:06:33.463;26279722
1;04-03-2025 20:24:40.316;04-03-2025 13:06:33.463;26286853
1;04-03-2025 20:24:44.155;04-03-2025 13:06:33.463;26290692
1;04-03-2025 20:24:47.990;04-03-2025 13:06:33.463;26294527
1;04-03-2025 20:24:53.317;04-03-2025 13:06:33.463;26299854
1;04-03-2025 20:25:03.115;04-03-2025 13:06:33.463;26309652
1;04-03-2025 20:25:06.865;04-03-2025 13:06:33.463;26313402
1;04-03-2025 20:25:14.705;04-03-2025 13:06:33.463;26321242
1;04-03-2025 20:25:16.261;04-03-2025 13:06:33.463;26322798
1;04-03-2025 20:25:23.227;04-03-2025 13:06:33.463;26329764
1;04-03-2025 20:25:23.308;04-03-2025 13:06:33.463;26329845
1;04-03-2025 20:25:23.797;04-03-2025 13:06:33.463;26330334
1;04-03-2025 20:25:31.031;04-03-2025 13:06:33.463;26337568
1;04-03-2025 20:25:36.054;04-03-2025 13:06:33.463;26342591
1;04-03-2025 20:25:40.271;04-03-2025 13:06:33.463;26346808
1;04-03-2025 20:25:55.050;04-03-2025 13:06:33.463;26361587
1;04-03-2025 20:26:03.468;04-03-2025 13:06:33.463;26370005
1;04-03-2025 20:26:03.562;04-03-2025 13:06:33.463;26370099
1;04-03-2025 20:26:03.664;04-03-2025 13:06:33.463;26370201
1;04-03-2025 20:26:06.763;04-03-2025 13:06:33.463;26373300
1;04-03-2025 20:26:16.135;04-03-2025 13:06:33.463;26382672
1;04-03-2025 20:26:18.721;04-03-2025 13:06:33.463;26385258
1;04-03-2025 20:26:23.955;04-03-2025 13:06:33.463;26390492
1;04-03-2025 20:26:29.943;04-03-2025 13:06:33.463;26396480
1;04-03-2025 20:26:32.504;04-03-2025 13:06:33.463;26399041
1;04-03-2025 20:26:35.315;04-03-2025 13:06:33.463;26401852
1;04-03-2025 20:26:38.035;04-03-2025 13:06:33.463;26404572
1;04-03-2025 20:26:45.775;04-03-2025 13:06:33.463;26412312
1;04-03-2025 20:26:47.774;04-03-2025 13:06:33.463;26414311
1;04-03-2025 20:27:07.392;04-03-2025 13:06:33.463;26433929
1;04-03-2025 20:27:08.247;04-03-2025 13:06:33.463;26434784
1;04-03-2025 20:27:11.224;04-03-2025 13:06:33.463;26437761
1;04-03-2025 20:27:15.461;04-03-2025 13:06:33.463;26441998
1;04-03-2025 20:27:17.249;04-03-2025 13:06:33.463;26443786
1;04-03-2025 20:27:30.084;04-03-2025 13:06:33.463;26456621
1;04-03-2025 20:27:35.761;04-03-2025 13:06:33.463;26462298
1;04-03-2025 20:27:40.902;04-03-2025 13:06:33.463;26467439
1;04-03-2025 20:27:43.061;04-03-2025 13:06:33.463;26469598
1;04-03-2025 20:27:43.323;04-03-2025 13:06:33.463;26469860
1;04-03-2025 20:27:48.364;04-03-2025 13:06:33.463;26474901
1;04-03-2025 20:27:56.661;04-03-2025 13:06:33.463;26483198
1;04-03-2025 20:27:59.967;04-03-2025 13:06:33.463;26486504
1;04-03-2025 20:28:00.289;04-03-2025 13:06:33.463;26486826
1;04-03-2025 20:28:13.654;04-03-2025 13:06:33.463;26500191
1;04-03-2025 20:28:20.470;04-03-2025 13:06:33.463;26507007
1;04-03-2025 20:28:21.453;04-03-2025 13:06:33.463;26507990
1;04-03-2025 20:28:25.411;04-03-2025 13:06:33.463;26511948
1;04-03-2025 20:28:26.366;04-03-2025 13:06:33.463;26512903
1;04-03-2025 20:28:27.599;04-03-2025 13:06:33.463;26514136
1;04-03-2025 20:28:30.032;04-03-2025 13:06:33.463;26516569
1;04-03-2025 20:28:45.095;04-03-2025 13:06:33.463;26531632
1;04-03-2025 20:28:53.629;04-03-2025 13:06:33.463;26540166
1;04-03-2025 20:28:57.337;04-03-2025 13:06:33.463;26543874
1;04-03-2025 20:29:04.669;04-03-2025 13:06:33.463;26551206
1;04-03-2025 20:29:07.316;04-03-2025 13:06:33.463;26553853
1;04-03-2025 20:29:09.014;04-03-2025 13:06:33.463;26555551
1;04-03-2025 20:29:12.065;04-03-2025 13:06:33.463;26558602
1;04-03-2025 20:29:17.969;04-03-2025 13:06:33.463;26564506
1;04-03-2025 20:29:21.311;04-03-2025 13:06:33.463;26567848
1;04-03-2025 20:29:30.674;04-03-2025 13:06:33.463;26577211
1;04-03-2025 20:29:30.874;04-03-2025 13:06:33.463;26577411
1;04-03-2025 20:29:36.201;04-03-2025 13:06:33.463;26582738
1;04-03-2025 20:29:39.970;04-03-2025 13:06:33.463;26586507
1;04-03-2025 20:29:55.191;04-03-2025 13:06:33.463;26601728
1;04-03-2025 20:29:55.324;04-03-2025 13:06:33.463;26601861
1;04-03-2025 20:29:57.073;04-03-2025 13:06:33.463;26603610
1;04-03-2025 20:29:58.246;04-03-2025 13:06:33.463;26604783
1;04-03-2025 20:30:07.578;04-03-2025 13:06:33.463;26614115
1;04-03-2025 20:30:15.358;04-03-2025 13:06:33.463;26621895
1;04-03-2025 20:30:23.352;04-03-2025 13:06:33.463;26629889
1;04-03-2025 20:30:23.838;04-03-2025 13:06:33.463;26630375
1;04-03-2025 20:30:25.325;04-03-2025 13:06:33.463;26631862
1;04-03-2025 20:30:31.229;04-03-2025 13:06:33.463;26637766
1;04-03-2025 20:30:37.215;04-03-2025 13:06:33.463;26643752
1;04-03-2025 20:30:47.907;04-03-2025 13:06:33.463;26654444
1;04-03-2025 20:30:50.447;04-03-2025 13:06:33.463;26656984
1;04-03-2025 20:30:55.015;04-03-2025 13:06:33.463;26661552
1;04-03-2025 20:30:55.206;04-03-2025 13:06:33.463;26661743
1;04-03-2025 20:31:07.919;04-03-2025 13:06:33.463;26674456
1;04-03-2025 20:31:12.419;04-03-2025 13:06:33.463;26678956
1;04-03-2025 20:31:12.857;04-03-2025 13:06:33.463;26679394
1;04-03-2025 20:31:22.701;04-03-2025 13:06:33.463;26689238
1;04-03-2025 20:31:29.603;04-03-2025 13:06:33.463;26696140
1;04-03-2025 20:31:32.452;04-03-2025 13:06:33.463;26698989
1;04-03-2025 20:31:34.079;04-03-2025 13:06:33.463;26700616
1;04-03-2025 20:31:36.369;04-03-2025 13:06:33.463;26702906
1;04-03-2025 20:31:42.550;04-03-2025 13:06:33.463;26709087
1;04-03-2025 20:31:50.163;04-03-2025 13:06:33.463;26716700
1;04-03-2025 20:31:57.162;04-03-2025 13:06:33.463;26723699
1;04-03-2025 20:32:02.339;04-03-2025 13:06:33.463;26728876
1;04-03-2025 20:32:08.075;04-03-2025 13:06:33.463;26734612
1;04-03-2025 20:32:09.120;04-03-2025 13:06:33.463;26735657
1;04-03-2025 20:32:17.774;04-03-2025 13:06:33.463;26744311
1;04-03-2025 20:32:20.433;04-03-2025 13:06:33.463;26746970
1;04-03-2025 20:32:20.975;04-03-2025 13:06:33.463;26747512
1;04-03-2025 20:32:35.541;04-03-2025 13:06:33.463;26762078
1;04-03-2025 20:32:38.785;04-03-2025 13:06:33.463;26765322
1;04-03-2025 20:32:39.182;04-03-2025 13:06:33.463;26765719
1;04-03-2025 20:32:48.896;04-03-2025 13:06:33.463;26775433
1;04-03-2025 20:32:51.984;04-03-2025 13:06:33.463;26778521
1;04-03-2025 20:32:56.232;04-03-2025 13:06:33.463;26782769
1;04-03-2025 20:32:57.445;04-03-2025 13:06:33.463;26783982
1;04-03-2025 20:33:03.448;04-03-2025 13:06:33.463;26789985
1;04-03-2025 20:33:19.421;04-03-2025 13:06:33.463;26805958
1;04-03-2025 20:33:22.468;04-03-2025 13:06:33.463;26809005
1;04-03-2025 20:33:25.025;04-03-2025 13:06:33.463;26811562
1;04-03-2025 20:33:27.389;04-03-2025 13:06:33.463;26813926
1;04-03-2025 20:33:34.314;04-03-2025 13:06:33.463;26820851
1;04-03-2025 20:33:38.955;04-03-2025 13:06:33.463;26825492
1;04-03-2025 20:33:40.117;04-03-2025 13:06:33.463;26826654
1;04-03-2025 20:33:41.392;04-03-2025 13:06:33.463;26827929
1;04-03-2025 20:33:45.595;04-03-2025 13:06:33.463;26832132
1;04-03-2025 20:33:48.403;04-03-2025 13:06:33.463;26834940
1;04-03-2025 20:33:59.516;04-03-2025 13:06:33.463;26846053
1;04-03-2025 20:34:01.315;04-03-2025 13:06:33.463;26847852
1;04-03-2025 20:34:08.150;04-03-2025 13:06:33.463;26854687
1;04-03-2025 20:34:13.751;04-03-2025 13:06:33.463;26860288
1;04-03-2025 20:34:24.605;04-03-2025 13:06:33.463;26871142
1;04-03-2025 20:34:26.023;04-03-2025 13:06:33.463;26872560
1;04-03-2025 20:34:28.610;04-03-2025 13:06:33.463;26875147
1;04-03-2025 20:34:36.367;04-03-2025 13:06:33.463;26882904
1;04-03-2025 20:34:41.547;04-03-2025 13:06:33.463;26888084
1;04-03-2025 20:34:43.205;04-03-2025 13:06:33.463;26889742
1;04-03-2025 20:34:47.690;04-03-2025 13:06:33.463;26894227
1;04-03-2025 20:34:48.501;04-03-2025 13:06:33.463;26895038
1;04-03-2025 20:34:49.311;04-03-2025 13:06:33.463;26895848
1;04-03-2025 20:34:57.241;04-03-2025 13:06:33.463;26903778
1;04-03-2025 20:34:59.559;04-03-2025 13:06:33.463;26906096
1;04-03-2025 20:35:16.115;04-03-2025 13:06:33.463;26922652
1;04-03-2025 20:35:18.819;04-03-2025 13:06:33.463;26925356
1;04-03-2025 20:35:25.808;04-03-2025 13:06:33.463;26932345
1;04-03-2025 20:35:29.845;04-03-2025 13:06:33.463;26936382
1;04-03-2025 20:35:34.685;04-03-2025 13:06:33.463;26941222
1;04-03-2025 20:35:35.748;04-03-2025 13:06:33.463;26942285
1;04-03-2025 20:35:47.191;04-03-2025 13:06:33.463;26953728
1;04-03-2025 20:35:49.802;04-03-2025 13:06:33.463;26956339
1;04-03-2025 20:35:54.023;04-03-2025 13:06:33.463;26960560
1;04-03-2025 20:35:55.988;04-03-2025 13:06:33.463;26962525
1;04-03-2025 20:36:11.391;04-03-2025 13:06:33.463;26977928
1;04-03-2025 20:36:12.402;04-03-2025 13:06:33.463;26978939
1;04-03-2025 20:36:22.246;04-03-2025 13:06:33.463;26988783
1;04-03-2025 20:36:26.439;04-03-2025 13:06:33.463;26992976
1;04-03-2025 20:36:27.613;04-03-2025 13:06:33.463;26994150
1;04-03-2025 20:36:34.084;04-03-2025 13:06:33.463;27000621
1;04-03-2025 20:36:34.717;04-03-2025 13:06:33.463;27001254
1;04-03-2025 20:36:37.371;04-03-2025 13:06:33.463;27003908
1;04-03-2025 20:36:38.293;04-03-2025 13:06:33.463;27004830
1;04-03-2025 20:36:40.398;04-03-2025 13:06:33.463;27006935
1;04-03-2025 20:36:53.009;04-03-2025 13:06:33.463;27019546
1;04-03-2025 20:37:01.483;04-03-2025 13:06:33.463;27028020
1;04-03-2025 20:37:07.277;04-03-2025 13:06:33.463;27033814
1;04-03-2025 20:37:08.532;04-03-2025 13:06:33.463;27035069
1;04-03-2025 20:37:13.083;04-03-2025 13:06:33.463;27039620
1;04-03-2025 20:37:13.351;04-03-2025 13:06:33.463;27039888
1;04-03-2025 20:37:18.401;04-03-2025 13:06:33.463;27044938
1;04-03-2025 20:37:23.567;04-03-2025 13:06:33.463;27050104
1;04-03-2025 20:37:31.172;04-03-2025 13:06:33.463;27057709
1;04-03-2025 20:37:32.369;04-03-2025 13:06:33.463;27058906
1;04-03-2025 20:37:41.258;04-03-2025 13:06:33.463;27067795
1;04-03-2025 20:37:44.914;04-03-2025 13:06:33.463;27071451
1;04-03-2025 20:38:00.898;04-03-2025 13:06:33.463;27087435
1;04-03-2025 20:38:01.833;04-03-2025 13:06:33.463;27088370
1;04-03-2025 20:38:08.508;04-03-2025 13:06:33.463;27095045
1;04-03-2025 20:38:10.863;04-03-2025 13:06:33.463;27097400
1;04-03-2025 20:38:22.093;04-03-2025 13:06:33.463;27108630
1;04-03-2025 20:38:22.224;04-03-2025 13:06:33.463;27108761
1;04-03-2025 20:38:22.727;04-03-2025 13:06:33.463;27109264
1;04-03-2025 20:38:27.535;04-03-2025 13:06:33.463;27114072
1;04-03-2025 20:38:35.443;04-03-2025 13:06:33.463;27121980
1;04-03-2025 20:38:38.796;04-03-2025 13:06:33.463;27125333
1;04-03-2025 20:38:39.552;04-03-2025 13:06:33.463;27126089
1;04-03-2025 20:38:42.753;04-03-2025 13:06:33.463;27129290
1;04-03-2025 20:38:56.174;04-03-2025 13:06:33.463;27142711
1;04-03-2025 20:39:07.725;04-03-2025 13:06:33.463;27154262
1;04-03-2025 20:39:08.239;04-03-2025 13:06:33.463;27154776
1;04-03-2025 20:39:11.069;04-03-2025 13:06:33.463;27157606
1;04-03-2025 20:39:16.446;04-03-2025 13:06:33.463;27162983
1;04-03-2025 20:39:21.041;04-03-2025 13:06:33.463;27167578
1;04-03-2025 20:39:21.239;04-03-2025 13:06:33.463;27167776
1;04-03-2025 20:39:32.358;04-03-2025 13:06:33.463;27178895
1;04-03-2025 20:39:34.842;04-03-2025 13:06:33.463;27181379
1;04-03-2025 20:39:35.780;04-03-2025 13:06:33.463;27182317
1;04-03-2025 20:39:36.955;04-03-2025 13:06:33.463;27183492
1;04-03-2025 20:39:45.721;04-03-2025 13:06:33.463;27192258
1;04-03-2025 20:39:45.953;04-03-2025 13:06:33.463;27192490
1;04-03-2025 20:39:48.173;04-03-2025 13:06:33.463;27194710
1;04-03-2025 20:39:59.589;04-03-2025 13:06:33.463;27206126
1;04-03-2025 20:40:10.585;04-03-2025 13:06:33.463;27217122
1;04-03-2025 20:40:11.843;04-03-2025 13:06:33.463;27218380
1;04-03-2025 20:40:25.937;04-03-2025 13:06:33.463;27232474
1;04-03-2025 20:40:32.083;04-03-2025 13:06:33.463;27238620
1;04-03-2025 20:40:32.385;04-03-2025 13:06:33.463;27238922
1;04-03-2025 20:40:34.361;04-03-2025 13:06:33.463;27240898
1;04-03-2025 20:40:39.013;04-03-2025 13:06:33.463;27245550
1;04-03-2025 20:40:44.667;04-03-2025 13:06:33.463;27251204
1;04-03-2025 20:40:47.676;04-03-2025 13:06:33.463;27254213
1;04-03-2025 20:41:01.098;04-03-2025 13:06:33.463;27267635
1;04-03-2025 20:41:01.643;04-03-2025 13:06:33.463;27268180
1;04-03-2025 20:41:08.272;04-03-2025 13:06:33.463;27274809
1;04-03-2025 20:41:10.986;04-03-2025 13:06:33.463;27277523
1;04-03-2025 20:41:13.167;04-03-2025 13:06:33.463;27279704
1;04-03-2025 20:41:22.641;04-03-2025 13:06:33.463;27289178
1;04-03-2025 20:41:26.909;04-03-2025 13:06:33.463;27293446
1;04-03-2025 20:41:30.347;04-03-2025 13:06:33.463;27296884
1;04-03-2025 20:41:32.906;04-03-2025 13:06:33.463;27299443
1;04-03-2025 20:41:38.525;04-03-2025 13:06:33.463;27305062
1;04-03-2025 20:41:46.053;04-03-2025 13:06:33.463;27312590
1;04-03-2025 20:41:51.237;04-03-2025 13:06:33.463;27317774
1;04-03-2025 20:41:52.906;04-03-2025 13:06:33.463;27319443
1;04-03-2025 20:41:56.123;04-03-2025 13:06:33.463;27322660
1;04-03-2025 20:42:13.274;04-03-2025 13:06:33.463;27339811
1;04-03-2025 20:42:17.789;04-03-2025 13:06:33.463;27344326
1;04-03-2025 20:42:17.899;04-03-2025 13:06:33.463;27344436
1;04-03-2025 20:42:24.054;04-03-2025 13:06:33.463;27350591
1;04-03-2025 20:42:26.357;04-03-2025 13:06:33.463;27352894
1;04-03-2025 20:42:30.182;04-03-2025 13:06:33.463;27356719
1;04-03-2025 20:42:33.863;04-03-2025 13:06:33.463;27360400
1;04-03-2025 20:42:37.074;04-03-2025 13:06:33.463;27363611
1;04-03-2025 20:42:39.217;04-03-2025 13:06:33.463;27365754
1;04-03-2025 20:42:51.179;04-03-2025 13:06:33.463;27377716
1;04-03-2025 20:42:51.484;04-03-2025 13:06:33.463;27378021
1;04-03-2025 20:42:57.237;04-03-2025 13:06:33.463;27383774
1;04-03-2025 20:43:00.687;04-03-2025 13:06:33.463;27387224
1;04-03-2025 20:43:05.616;04-03-2025 13:06:33.463;27392153
1;04-03-2025 20:43:21.081;04-03-2025 13:06:33.463;27407618
1;04-03-2025 20:43:28.412;04-03-2025 13:06:33.463;27414949
1;04-03-2025 20:43:29.997;04-03-2025 13:06:33.463;27416534
1;04-03-2025 20:43:38.004;04-03-2025 13:06:33.463;27424541
1;04-03-2025 20:43:44.243;04-03-2025 13:06:33.463;27430780
1;04-03-2025 20:43:45.120;04-03-2025 13:06:33.463;27431657
1;04-03-2025 20:43:46.121;04-03-2025 13:06:33.463;27432658
1;04-03-2025 20:43:48.246;04-03-2025 13:06:33.463;27434783
1;04-03-2025 20:43:52.069;04-03-2025 13:06:33.463;27438606
1;04-03-2025 20:43:54.317;04-03-2025 13:06:33.463;27440854
1;04-03-2025 20:44:03.414;04-03-2025 13:06:33.463;27449951
1;04-03-2025 20:44:03.616;04-03-2025 13:06:33.463;27450153
1;04-03-2025 20:44:07.132;04-03-2025 13:06:33.463;27453669
1;04-03-2025 20:44:21.959;04-03-2025 13:06:33.463;27468496
1;04-03-2025 20:44:33.888;04-03-2025 13:06:33.463;27480425
1;04-03-2025 20:44:36.055;04-03-2025 13:06:33.463;27482592
1;04-03-2025 20:44:37.671;04-03-2025 13:06:33.463;27484208
1;04-03-2025 20:44:43.468;04-03-2025 13:06:33.463;27490005
1;04-03-2025 20:44:54.051;04-03-2025 13:06:33.463;27500588
1;04-03-2025 20:45:01.249;04-03-2025 13:06:33.463;27507786
1;04-03-2025 20:45:01.907;04-03-2025 13:06:33.463;27508444
1;04-03-2025 20:45:10.600;04-03-2025 13:06:33.463;27517137
1;04-03-2025 20:45:12.123;04-03-2025 13:06:33.463;27518660
1;04-03-2025 20:45:15.980;04-03-2025 13:06:33.463;27522517
1;04-03-2025 20:45:17.868;04-03-2025 13:06:33.463;27524405
1;04-03-2025 20:45:18.712;04-03-2025 13:06:33.463;27525249
1;04-03-2025 20:45:19.812;04-03-2025 13:06:33.463;27526349
1;04-03-2025 20:45:31.191;04-03-2025 13:06:33.463;27537728
1;04-03-2025 20:45:33.062;04-03-2025 13:06:33.463;27539599
1;04-03-2025 20:45:35.494;04-03-2025 13:06:33.463;27542031
1;04-03-2025 20:45:41.195;04-03-2025 13:06:33.463;27547732
1;04-03-2025 20:46:00.526;04-03-2025 13:06:33.463;27567063
1;04-03-2025 20:46:02.126;04-03-2025 13:06:33.463;27568663
1;04-03-2025 20:46:02.451;04-03-2025 13:06:33.463;27568988
1;04-03-2025 20:46:06.642;04-03-2025 13:06:33.463;27573179
1;04-03-2025 20:46:07.486;04-03-2025 13:06:33.463;27574023
1;04-03-2025 20:46:10.117;04-03-2025 13:06:33.463;27576654
1;04-03-2025 20:46:15.665;04-03-2025 13:06:33.463;27582202
1;04-03-2025 20:46:20.068;04-03-2025 13:06:33.463;27586605
1;04-03-2025 20:46:23.670;04-03-2025 13:06:33.463;27590207
1;04-03-2025 20:46:30.586;04-03-2025 13:06:33.463;27597123
1;04-03-2025 20:46:46.959;04-03-2025 13:06:33.463;27613496
1;04-03-2025 20:46:52.746;04-03-2025 13:06:33.463;27619283
1;04-03-2025 20:46:54.625;04-03-2025 13:06:33.463;27621162
1;04-03-2025 20:47:02.558;04-03-2025 13:06:33.463;27629095
1;04-03-2025 20:47:02.786;04-03-2025 13:06:33.463;27629323
1;04-03-2025 20:47:02.858;04-03-2025 13:06:33.463;27629395
1;04-03-2025 20:47:15.564;04-03-2025 13:06:33.463;27642101
1;04-03-2025 20:47:21.264;04-03-2025 13:06:33.463;27647801
1;04-03-2025 20:47:23.753;04-03-2025 13:06:33.463;27650290
1;04-03-2025 20:47:23.912;04-03-2025 13:06:33.463;27650449
1;04-03-2025 20:47:25.320;04-03-2025 13:06:33.463;27651857
1;04-03-2025 20:47:32.230;04-03-2025 13:06:33.463;27658767
1;04-03-2025 20:47:34.000;04-03-2025 13:06:33.463;27660537
1;04-03-2025 20:47:39.373;04-03-2025 13:06:33.463;27665910
1;04-03-2025 20:47:45.833;04-03-2025 13:06:33.463;27672370
1;04-03-2025 20:47:48.659;04-03-2025 13:06:33.463;27675196
1;04-03-2025 20:47:58.725;04-03-2025 13:06:33.463;27685262
1;04-03-2025 20:48:04.776;04-03-2025 13:06:33.463;27691313
1;04-03-2025 20:48:11.608;04-03-2025 13:06:33.463;27698145
1;04-03-2025 20:48:17.471;04-03-2025 13:06:33.463;27704008
1;04-03-2025 20:48:24.172;04-03-2025 13:06:33.463;27710709
1;04-03-2025 20:48:25.714;04-03-2025 13:06:33.463;27712251
1;04-03-2025 20:48:30.337;04-03-2025 13:06:33.463;27716874
1;04-03-2025 20:48:33.552;04-03-2025 13:06:33.463;27720089
1;04-03-2025 20:48:35.026;04-03-2025 13:06:33.463;27721563
1;04-03-2025 20:48:39.466;04-03-2025 13:06:33.463;27726003
1;04-03-2025 20:48:41.966;04-03-2025 13:06:33.463;27728503
1;04-03-2025 20:48:47.065;04-03-2025 13:06:33.463;27733602
1;04-03-2025 20:48:58.517;04-03-2025 13:06:33.463;27745054
1;04-03-2025 20:49:15.029;04-03-2025 13:06:33.463;27761566
1;04-03-2025 20:49:15.785;04-03-2025 13:06:33.463;27762322
1;04-03-2025 20:49:16.992;04-03-2025 13:06:33.463;27763529
1;04-03-2025 20:49:17.002;04-03-2025 13:06:33.463;27763539
1;04-03-2025 20:49:19.389;04-03-2025 13:06:33.463;27765926
1;04-03-2025 20:49:33.092;04-03-2025 13:06:33.463;27779629
1;04-03-2025 20:49:33.386;04-03-2025 13:06:33.463;27779923
1;04-03-2025 20:49:38.756;04-03-2025 13:06:33.463;27785293
1;04-03-2025 20:49:47.297;04-03-2025 13:06:33.463;27793834
1;04-03-2025 20:49:50.373;04-03-2025 13:06:33.463;27796910
1;04-03-2025 20:49:58.986;04-03-2025 13:06:33.463;27805523
1;04-03-2025 20:50:02.492;04-03-2025 13:06:33.463;27809029
1;04-03-2025 20:50:05.250;04-03-2025 13:06:33.463;27811787
1;04-03-2025 20:50:06.959;04-03-2025 13:06:33.463;27813496
1;04-03-2025 20:50:11.523;04-03-2025 13:06:33.463;27818060
1;04-03-2025 20:50:19.678;04-03-2025 13:06:33.463;27826215
1;04-03-2025 20:50:25.112;04-03-2025 13:06:33.463;27831649
1;04-03-2025 20:50:29.448;04-03-2025 13:06:33.463;27835985
1;04-03-2025 20:50:39.018;04-03-2025 13:06:33.463;27845555
1;04-03-2025 20:50:49.863;04-03-2025 13:06:33.463;27856400
1;04-03-2025 20:50:52.619;04-03-2025 13:06:33.463;27859156
1;04-03-2025 20:50:56.086;04-03-2025 13:06:33.463;27862623
1;04-03-2025 20:50:56.298;04-03-2025 13:06:33.463;27862835
1;04-03-2025 20:50:57.841;04-03-2025 13:06:33.463;27864378
1;04-03-2025 20:51:05.811;04-03-2025 13:06:33.463;27872348
1;04-03-2025 20:51:13.757;04-03-2025 13:06:33.463;27880294
1;04-03-2025 20:51:21.617;04-03-2025 13:06:33.463;27888154
1;04-03-2025 20:51:24.323;04-03-2025 13:06:33.463;27890860
1;04-03-2025 20:51:35.409;04-03-2025 13:06:33.463;27901946
1;04-03-2025 20:51:36.630;04-03-2025 13:06:33.463;27903167
1;04-03-2025 20:51:40.700;04-03-2025 13:06:33.463;27907237
1;04-03-2025 20:51:41.657;04-03-2025 13:06:33.463;27908194
1;04-03-2025 20:51:52.110;04-03-2025 13:06:33.463;27918647
1;04-03-2025 20:52:05.753;04-03-2025 13:06:33.463;27932290
1;04-03-2025 20:52:07.155;04-03-2025 13:06:33.463;27933692
1;04-03-2025 20:52:08.450;04-03-2025 13:06:33.463;27934987
1;04-03-2025 20:52:13.604;04-03-2025 13:06:33.463;27940141
1;04-03-2025 20:52:14.376;04-03-2025 13:06:33.463;27940913
1;04-03-2025 20:52:16.217;04-03-2025 13:06:33.463;27942754
1;04-03-2025 20:52:28.652;04-03-2025 13:06:33.463;27955189
1;04-03-2025 20:52:31.954;04-03-2025 13:06:33.463;27958491
1;04-03-2025 20:52:33.743;04-03-2025 13:06:33.463;27960280
1;04-03-2025 20:52:35.894;04-03-2025 13:06:33.463;27962431
1;04-03-2025 20:52:37.756;04-03-2025 13:06:33.463;27964293
1;04-03-2025 20:52:40.152;04-03-2025 13:06:33.463;27966689
1;04-03-2025 20:52:45.853;04-03-2025 13:06:33.463;27972390
1;04-03-2025 20:52:58.767;04-03-2025 13:06:33.463;27985304
1;04-03-2025 20:53:03.685;04-03-2025 13:06:33.463;27990222
1;04-03-2025 20:53:05.253;04-03-2025 13:06:33.463;27991790
1;04-03-2025 20:53:14.847;04-03-2025 13:06:33.463;28001384
1;04-03-2025 20:53:16.454;04-03-2025 13:06:33.463;28002991
1;04-03-2025 20:53:20.751;04-03-2025 13:06:33.463;28007288
1;04-03-2025 20:53:27.358;04-03-2025 13:06:33.463;28013895
1;04-03-2025 20:53:29.210;04-03-2025 13:06:33.463;28015747
1;04-03-2025 20:53:33.646;04-03-2025 13:06:33.463;28020183
1;04-03-2025 20:53:35.532;04-03-2025 13:06:33.463;28022069
1;04-03-2025 20:53:54.512;04-03-2025 13:06:33.463;28041049
1;04-03-2025 20:53:58.708;04-03-2025 13:06:33.463;28045245
1;04-03-2025 20:53:59.314;04-03-2025 13:06:33.463;28045851
1;04-03-2025 20:54:02.100;04-03-2025 13:06:33.463;28048637
1;04-03-2025 20:54:04.028;04-03-2025 13:06:33.463;28050565
1;04-03-2025 20:54:08.198;04-03-2025 13:06:33.463;28054735
1;04-03-2025 20:54:12.907;04-03-2025 13:06:33.463;28059444
1;04-03-2025 20:54:15.985;04-03-2025 13:06:33.463;28062522
1;04-03-2025 20:54:18.329;04-03-2025 13:06:33.463;28064866
1;04-03-2025 20:54:19.035;04-03-2025 13:06:33.463;28065572
1;04-03-2025 20:54:45.962;04-03-2025 13:06:33.463;28092499
1;04-03-2025 20:54:47.826;04-03-2025 13:06:33.463;28094363
1;04-03-2025 20:54:50.970;04-03-2025 13:06:33.463;28097507
1;04-03-2025 20:54:54.049;04-03-2025 13:06:33.463;28100586
1;04-03-2025 20:54:54.133;04-03-2025 13:06:33.463;28100670
1;04-03-2025 20:54:55.160;04-03-2025 13:06:33.463;28101697
1;04-03-2025 20:54:56.794;04-03-2025 13:06:33.463;28103331
1;04-03-2025 20:55:10.901;04-03-2025 13:06:33.463;28117438
1;04-03-2025 20:55:14.362;04-03-2025 13:06:33.463;28120899
1;04-03-2025 20:55:15.780;04-03-2025 13:06:33.463;28122317
1;04-03-2025 20:55:27.919;04-03-2025 13:06:33.463;28134456
1;04-03-2025 20:55:31.254;04-03-2025 13:06:33.463;28137791
1;04-03-2025 20:55:40.824;04-03-2025 13:06:33.463;28147361
1;04-03-2025 20:55:41.458;04-03-2025 13:06:33.463;28147995
1;04-03-2025 20:55:44.231;04-03-2025 13:06:33.463;28150768
1;04-03-2025 20:55:44.704;04-03-2025 13:06:33.463;28151241
1;04-03-2025 20:55:47.493;04-03-2025 13:06:33.463;28154030
1;04-03-2025 20:56:02.114;04-03-2025 13:06:33.463;28168651
1;04-03-2025 20:56:04.139;04-03-2025 13:06:33.463;28170676
1;04-03-2025 20:56:11.186;04-03-2025 13:06:33.463;28177723
1;04-03-2025 20:56:20.887;04-03-2025 13:06:33.463;28187424
1;04-03-2025 20:56:23.614;04-03-2025 13:06:33.463;28190151
1;04-03-2025 20:56:29.968;04-03-2025 13:06:33.463;28196505
1;04-03-2025 20:56:35.895;04-03-2025 13:06:33.463;28202432
1;04-03-2025 20:56:37.028;04-03-2025 13:06:33.463;28203565
1;04-03-2025 20:56:41.664;04-03-2025 13:06:33.463;28208201
1;04-03-2025 20:56:45.473;04-03-2025 13:06:33.463;28212010
1;04-03-2025 20:56:55.334;04-03-2025 13:06:33.463;28221871
1;04-03-2025 20:56:56.028;04-03-2025 13:06:33.463;28222565
1;04-03-2025 20:56:59.617;04-03-2025 13:06:33.463;28226154
1;04-03-2025 20:57:12.085;04-03-2025 13:06:33.463;28238622
1;04-03-2025 20:57:13.556;04-03-2025 13:06:33.463;28240093
1;04-03-2025 20:57:17.600;04-03-2025 13:06:33.463;28244137
1;04-03-2025 20:57:23.330;04-03-2025 13:06:33.463;28249867
1;04-03-2025 20:57:25.363;04-03-2025 13:06:33.463;28251900
1;04-03-2025 20:57:29.537;04-03-2025 13:06:33.463;28256074
1;04-03-2025 20:57:35.692;04-03-2025 13:06:33.463;28262229
1;04-03-2025 20:57:43.490;04-03-2025 13:06:33.463;28270027
1;04-03-2025 20:57:48.167;04-03-2025 13:06:33.463;28274704
1;04-03-2025 20:57:58.840;04-03-2025 13:06:33.463;28285377
1;04-03-2025 20:57:59.728;04-03-2025 13:06:33.463;28286265
1;04-03-2025 20:58:00.049;04-03-2025 13:06:33.463;28286586
1;04-03-2025 20:58:02.445;04-03-2025 13:06:33.463;28288982
1;04-03-2025 20:58:02.667;04-03-2025 13:06:33.463;28289204
1;04-03-2025 20:58:15.320;04-03-2025 13:06:33.463;28301857
1;04-03-2025 20:58:18.566;04-03-2025 13:06:33.463;28305103
1;04-03-2025 20:58:20.254;04-03-2025 13:06:33.463;28306791
1;04-03-2025 20:58:24.007;04-03-2025 13:06:33.463;28310544
1;04-03-2025 20:58:31.981;04-03-2025 13:06:33.463;28318518
1;04-03-2025 20:58:46.649;04-03-2025 13:06:33.463;28333186
1;04-03-2025 20:58:48.530;04-03-2025 13:06:33.463;28335067
1;04-03-2025 20:58:50.985;04-03-2025 13:06:33.463;28337522
1;04-03-2025 20:58:58.902;04-03-2025 13:06:33.463;28345439
1;04-03-2025 20:59:01.417;04-03-2025 13:06:33.463;28347954
1;04-03-2025 20:59:02.126;04-03-2025 13:06:33.463;28348663
1;04-03-2025 20:59:06.304;04-03-2025 13:06:33.463;28352841
1;04-03-2025 20:59:10.506;04-03-2025 13:06:33.463;28357043
1;04-03-2025 20:59:10.813;04-03-2025 13:06:33.463;28357350
1;04-03-2025 20:59:21.272;04-03-2025 13:06:33.463;28367809
1;04-03-2025 20:59:26.944;04-03-2025 13:06:33.463;28373481
1;04-03-2025 20:59:30.953;04-03-2025 13:06:33.463;28377490
1;04-03-2025 20:59:35.548;04-03-2025 13:06:33.463;28382085
1;04-03-2025 20:59:45.382;04-03-2025 13:06:33.463;28391919
1;04-03-2025 20:59:46.056;04-03-2025 13:06:33.463;28392593
1;04-03-2025 20:59:54.893;04-03-2025 13:06:33.463;28401430
1;04-03-2025 20:59:59.358;04-03-2025 13:06:33.463;28405895
1;04-03-2025 21:00:00.661;04-03-2025 13:06:33.463;28407198
1;04-03-2025 21:00:01.674;04-03-2025 13:06:33.463;28408211
1;04-03-2025 21:00:08.563;04-03-2025 13:06:33.463;28415100
1;04-03-2025 21:00:15.568;04-03-2025 13:06:33.463;28422105
1;04-03-2025 21:00:27.299;04-03-2025 13:06:33.463;28433836
1;04-03-2025 21:00:30.889;04-03-2025 13:06:33.463;28437426
1;04-03-2025 21:00:31.785;04-03-2025 13:06:33.463;28438322
1;04-03-2025 21:00:35.518;04-03-2025 13:06:33.463;28442055
1;04-03-2025 21:00:48.868;04-03-2025 13:06:33.463;28455405
1;04-03-2025 21:00:50.545;04-03-2025 13:06:33.463;28457082
1;04-03-2025 21:00:51.143;04-03-2025 13:06:33.463;28457680
1;04-03-2025 21:00:55.174;04-03-2025 13:06:33.463;28461711
1;04-03-2025 21:01:01.944;04-03-2025 13:06:33.463;28468481
1;04-03-2025 21:01:19.416;04-03-2025 13:06:33.463;28485953
1;04-03-2025 21:01:20.537;04-03-2025 13:06:33.463;28487074
1;04-03-2025 21:01:23.871;04-03-2025 13:06:33.463;28490408
1;04-03-2025 21:01:25.460;04-03-2025 13:06:33.463;28491997
1;04-03-2025 21:01:27.874;04-03-2025 13:06:33.463;28494411
1;04-03-2025 21:01:27.958;04-03-2025 13:06:33.463;28494495
1;04-03-2025 21:01:41.130;04-03-2025 13:06:33.463;28507667
1;04-03-2025 21:01:42.928;04-03-2025 13:06:33.463;28509465
1;04-03-2025 21:01:57.321;04-03-2025 13:06:33.463;28523858
1;04-03-2025 21:02:04.805;04-03-2025 13:06:33.463;28531342
1;04-03-2025 21:02:12.624;04-03-2025 13:06:33.463;28539161
1;04-03-2025 21:02:19.177;04-03-2025 13:06:33.463;28545714
1;04-03-2025 21:02:20.514;04-03-2025 13:06:33.463;28547051
1;04-03-2025 21:02:27.136;04-03-2025 13:06:33.463;28553673
1;04-03-2025 21:02:28.114;04-03-2025 13:06:33.463;28554651
1;04-03-2025 21:02:29.419;04-03-2025 13:06:33.463;28555956
1;04-03-2025 21:02:32.730;04-03-2025 13:06:33.463;28559267
1;04-03-2025 21:02:39.825;04-03-2025 13:06:33.463;28566362
1;04-03-2025 21:02:39.999;04-03-2025 13:06:33.463;28566536
1;04-03-2025 21:02:43.144;04-03-2025 13:06:33.463;28569681
1;04-03-2025 21:02:48.061;04-03-2025 13:06:33.463;28574598
1;04-03-2025 21:03:01.133;04-03-2025 13:06:33.463;28587670
1;04-03-2025 21:03:08.334;04-03-2025 13:06:33.463;28594871
1;04-03-2025 21:03:09.345;04-03-2025 13:06:33.463;28595882
1;04-03-2025 21:03:11.355;04-03-2025 13:06:33.463;28597892
1;04-03-2025 21:03:23.364;04-03-2025 13:06:33.463;28609901
1;04-03-2025 21:03:29.947;04-03-2025 13:06:33.463;28616484
1;04-03-2025 21:03:30.284;04-03-2025 13:06:33.463;28616821
1;04-03-2025 21:03:35.285;04-03-2025 13:06:33.463;28621822
1;04-03-2025 21:03:36.082;04-03-2025 13:06:33.463;28622619
1;04-03-2025 21:03:37.286;04-03-2025 13:06:33.463;28623823
1;04-03-2025 21:03:44.469;04-03-2025 13:06:33.463;28631006
1;04-03-2025 21:03:49.386;04-03-2025 13:06:33.463;28635923
1;04-03-2025 21:03:59.034;04-03-2025 13:06:33.463;28645571
1;04-03-2025 21:04:02.854;04-03-2025 13:06:33.463;28649391
1;04-03-2025 21:04:03.219;04-03-2025 13:06:33.463;28649756
1;04-03-2025 21:04:11.227;04-03-2025 13:06:33.463;28657764
1;04-03-2025 21:04:14.903;04-03-2025 13:06:33.463;28661440
1;04-03-2025 21:04:28.041;04-03-2025 13:06:33.463;28674578
1;04-03-2025 21:04:31.197;04-03-2025 13:06:33.463;28677734
1;04-03-2025 21:04:31.843;04-03-2025 13:06:33.463;28678380
1;04-03-2025 21:04:46.392;04-03-2025 13:06:33.463;28692929
1;04-03-2025 21:04:51.290;04-03-2025 13:06:33.463;28697827
1;04-03-2025 21:04:55.860;04-03-2025 13:06:33.463;28702397
1;04-03-2025 21:04:56.744;04-03-2025 13:06:33.463;28703281
1;04-03-2025 21:04:57.870;04-03-2025 13:06:33.463;28704407
1;04-03-2025 21:05:03.356;04-03-2025 13:06:33.463;28709893
1;04-03-2025 21:05:14.732;04-03-2025 13:06:33.463;28721269
1;04-03-2025 21:05:19.645;04-03-2025 13:06:33.463;28726182
1;04-03-2025 21:05:21.104;04-03-2025 13:06:33.463;28727641
1;04-03-2025 21:05:24.394;04-03-2025 13:06:33.463;28730931
1;04-03-2025 21:05:27.381;04-03-2025 13:06:33.463;28733918
1;04-03-2025 21:05:31.728;04-03-2025 13:06:33.463;28738265
1;04-03-2025 21:05:46.971;04-03-2025 13:06:33.463;28753508
1;04-03-2025 21:05:50.841;04-03-2025 13:06:33.463;28757378
1;04-03-2025 21:05:50.886;04-03-2025 13:06:33.463;28757423
1;04-03-2025 21:05:53.845;04-03-2025 13:06:33.463;28760382
1;04-03-2025 21:05:59.515;04-03-2025 13:06:33.463;28766052
1;04-03-2025 21:06:02.327;04-03-2025 13:06:33.463;28768864
1;04-03-2025 21:06:11.848;04-03-2025 13:06:33.463;28778385
1;04-03-2025 21:06:13.585;04-03-2025 13:06:33.463;28780122
1;04-03-2025 21:06:24.499;04-03-2025 13:06:33.463;28791036
1;04-03-2025 21:06:25.708;04-03-2025 13:06:33.463;28792245
1;04-03-2025 21:06:29.422;04-03-2025 13:06:33.463;28795959
1;04-03-2025 21:06:31.733;04-03-2025 13:06:33.463;28798270
1;04-03-2025 21:06:37.969;04-03-2025 13:06:33.463;28804506
1;04-03-2025 21:06:42.402;04-03-2025 13:06:33.463;28808939
1;04-03-2025 21:06:47.592;04-03-2025 13:06:33.463;28814129
1;04-03-2025 21:06:50.656;04-03-2025 13:06:33.463;28817193
1;04-03-2025 21:06:53.951;04-03-2025 13:06:33.463;28820488
1;04-03-2025 21:06:58.239;04-03-2025 13:06:33.463;28824776
1;04-03-2025 21:07:16.143;04-03-2025 13:06:33.463;28842680
1;04-03-2025 21:07:19.637;04-03-2025 13:06:33.463;28846174
1;04-03-2025 21:07:21.968;04-03-2025 13:06:33.463;28848505
1;04-03-2025 21:07:25.546;04-03-2025 13:06:33.463;28852083
1;04-03-2025 21:07:26.114;04-03-2025 13:06:33.463;28852651
1;04-03-2025 21:07:27.882;04-03-2025 13:06:33.463;28854419
1;04-03-2025 21:07:33.250;04-03-2025 13:06:33.463;28859787
1;04-03-2025 21:07:36.560;04-03-2025 13:06:33.463;28863097
1;04-03-2025 21:07:42.627;04-03-2025 13:06:33.463;28869164
1;04-03-2025 21:07:51.733;04-03-2025 13:06:33.463;28878270
1;04-03-2025 21:07:57.764;04-03-2025 13:06:33.463;28884301
1;04-03-2025 21:08:00.976;04-03-2025 13:06:33.463;28887513
1;04-03-2025 21:08:09.252;04-03-2025 13:06:33.463;28895789
1;04-03-2025 21:08:11.447;04-03-2025 13:06:33.463;28897984
1;04-03-2025 21:08:20.328;04-03-2025 13:06:33.463;28906865
1;04-03-2025 21:08:21.799;04-03-2025 13:06:33.463;28908336
1;04-03-2025 21:08:33.358;04-03-2025 13:06:33.463;28919895
1;04-03-2025 21:08:38.367;04-03-2025 13:06:33.463;28924904
1;04-03-2025 21:08:41.175;04-03-2025 13:06:33.463;28927712
1;04-03-2025 21:08:44.256;04-03-2025 13:06:33.463;28930793
1;04-03-2025 21:08:52.323;04-03-2025 13:06:33.463;28938860
1;04-03-2025 21:08:56.282;04-03-2025 13:06:33.463;28942819
1;04-03-2025 21:08:57.066;04-03-2025 13:06:33.463;28943603
1;04-03-2025 21:08:58.131;04-03-2025 13:06:33.463;28944668
1;04-03-2025 21:09:02.822;04-03-2025 13:06:33.463;28949359
1;04-03-2025 21:09:12.382;04-03-2025 13:06:33.463;28958919
1;04-03-2025 21:09:13.132;04-03-2025 13:06:33.463;28959669
1;04-03-2025 21:09:21.063;04-03-2025 13:06:33.463;28967600
1;04-03-2025 21:09:33.685;04-03-2025 13:06:33.463;28980222
1;04-03-2025 21:09:35.900;04-03-2025 13:06:33.463;28982437
1;04-03-2025 21:09:38.898;04-03-2025 13:06:33.463;28985435
1;04-03-2025 21:09:40.219;04-03-2025 13:06:33.463;28986756
1;04-03-2025 21:09:51.072;04-03-2025 13:06:33.463;28997609
1;04-03-2025 21:09:52.039;04-03-2025 13:06:33.463;28998576
1;04-03-2025 21:09:57.202;04-03-2025 13:06:33.463;29003739
1;04-03-2025 21:09:59.023;04-03-2025 13:06:33.463;29005560
1;04-03-2025 21:10:00.878;04-03-2025 13:06:33.463;29007415
1;04-03-2025 21:10:03.866;04-03-2025 13:06:33.463;29010403
1;04-03-2025 21:10:08.896;04-03-2025 13:06:33.463;29015433
1;04-03-2025 21:10:16.104;04-03-2025 13:06:33.463;29022641
1;04-03-2025 21:10:25.354;04-03-2025 13:06:33.463;29031891
1;04-03-2025 21:10:28.506;04-03-2025 13:06:33.463;29035043
1;04-03-2025 21:10:31.988;04-03-2025 13:06:33.463;29038525
1;04-03-2025 21:10:36.689;04-03-2025 13:06:33.463;29043226
1;04-03-2025 21:10:37.822;04-03-2025 13:06:33.463;29044359
1;04-03-2025 21:10:47.618;04-03-2025 13:06:33.463;29054155
1;04-03-2025 21:10:53.869;04-03-2025 13:06:33.463;29060406
1;04-03-2025 21:10:59.480;04-03-2025 13:06:33.463;29066017
1;04-03-2025 21:11:01.020;04-03-2025 13:06:33.463;29067557
1;04-03-2025 21:11:06.055;04-03-2025 13:06:33.463;29072592
1;04-03-2025 21:11:09.241;04-03-2025 13:06:33.463;29075778
1;04-03-2025 21:11:24.457;04-03-2025 13:06:33.463;29090994
1;04-03-2025 21:11:28.057;04-03-2025 13:06:33.463;29094594
1;04-03-2025 21:11:28.681;04-03-2025 13:06:33.463;29095218
1;04-03-2025 21:11:40.661;04-03-2025 13:06:33.463;29107198
1;04-03-2025 21:11:42.251;04-03-2025 13:06:33.463;29108788
1;04-03-2025 21:11:50.408;04-03-2025 13:06:33.463;29116945
1;04-03-2025 21:11:55.443;04-03-2025 13:06:33.463;29121980
1;04-03-2025 21:11:59.727;04-03-2025 13:06:33.463;29126264
1;04-03-2025 21:11:59.776;04-03-2025 13:06:33.463;29126313
1;04-03-2025 21:12:03.097;04-03-2025 13:06:33.463;29129634
1;04-03-2025 21:12:04.709;04-03-2025 13:06:33.463;29131246
1;04-03-2025 21:12:22.463;04-03-2025 13:06:33.463;29149000
1;04-03-2025 21:12:24.313;04-03-2025 13:06:33.463;29150850
1;04-03-2025 21:12:28.950;04-03-2025 13:06:33.463;29155487
1;04-03-2025 21:12:33.025;04-03-2025 13:06:33.463;29159562
1;04-03-2025 21:12:45.726;04-03-2025 13:06:33.463;29172263
1;04-03-2025 21:12:46.940;04-03-2025 13:06:33.463;29173477
1;04-03-2025 21:12:47.052;04-03-2025 13:06:33.463;29173589
1;04-03-2025 21:12:57.312;04-03-2025 13:06:33.463;29183849
1;04-03-2025 21:12:59.278;04-03-2025 13:06:33.463;29185815
1;04-03-2025 21:13:03.458;04-03-2025 13:06:33.463;29189995
1;04-03-2025 21:13:10.576;04-03-2025 13:06:33.463;29197113
1;04-03-2025 21:13:10.784;04-03-2025 13:06:33.463;29197321
1;04-03-2025 21:13:17.328;04-03-2025 13:06:33.463;29203865
1;04-03-2025 21:13:22.699;04-03-2025 13:06:33.463;29209236
1;04-03-2025 21:13:26.186;04-03-2025 13:06:33.463;29212723
1;04-03-2025 21:13:32.141;04-03-2025 13:06:33.463;29218678
1;04-03-2025 21:13:33.137;04-03-2025 13:06:33.463;29219674
1;04-03-2025 21:13:33.676;04-03-2025 13:06:33.463;29220213
1;04-03-2025 21:13:36.025;04-03-2025 13:06:33.463;29222562
1;04-03-2025 21:13:46.933;04-03-2025 13:06:33.463;29233470
1;04-03-2025 21:13:48.866;04-03-2025 13:06:33.463;29235403
1;04-03-2025 21:13:52.295;04-03-2025 13:06:33.463;29238832
1;04-03-2025 21:14:07.463;04-03-2025 13:06:33.463;29254000
1;04-03-2025 21:14:13.769;04-03-2025 13:06:33.463;29260306
1;04-03-2025 21:14:17.141;04-03-2025 13:06:33.463;29263678
1;04-03-2025 21:14:21.494;04-03-2025 13:06:33.463;29268031
1;04-03-2025 21:14:27.002;04-03-2025 13:06:33.463;29273539
1;04-03-2025 21:14:38.119;04-03-2025 13:06:33.463;29284656
1;04-03-2025 21:14:41.053;04-03-2025 13:06:33.463;29287590
1;04-03-2025 21:14:43.281;04-03-2025 13:06:33.463;29289818
1;04-03-2025 21:14:43.424;04-03-2025 13:06:33.463;29289961
1;04-03-2025 21:14:45.666;04-03-2025 13:06:33.463;29292203
1;04-03-2025 21:14:54.490;04-03-2025 13:06:33.463;29301027
1;04-03-2025 21:14:57.915;04-03-2025 13:06:33.463;29304452
1;04-03-2025 21:15:05.246;04-03-2025 13:06:33.463;29311783
1;04-03-2025 21:15:15.069;04-03-2025 13:06:33.463;29321606
1;04-03-2025 21:15:15.315;04-03-2025 13:06:33.463;29321852
1;04-03-2025 21:15:19.863;04-03-2025 13:06:33.463;29326400
1;04-03-2025 21:15:20.749;04-03-2025 13:06:33.463;29327286
1;04-03-2025 21:15:30.134;04-03-2025 13:06:33.463;29336671
1;04-03-2025 21:15:32.610;04-03-2025 13:06:33.463;29339147
1;04-03-2025 21:15:40.985;04-03-2025 13:06:33.463;29347522
1;04-03-2025 21:15:41.593;04-03-2025 13:06:33.463;29348130
1;04-03-2025 21:15:46.481;04-03-2025 13:06:33.463;29353018
1;04-03-2025 21:16:02.782;04-03-2025 13:06:33.463;29369319
1;04-03-2025 21:16:05.619;04-03-2025 13:06:33.463;29372156
1;04-03-2025 21:16:10.610;04-03-2025 13:06:33.463;29377147
1;04-03-2025 21:16:12.167;04-03-2025 13:06:33.463;29378704
1;04-03-2025 21:16:17.323;04-03-2025 13:06:33.463;29383860
1;04-03-2025 21:16:25.886;04-03-2025 13:06:33.463;29392423
1;04-03-2025 21:16:28.066;04-03-2025 13:06:33.463;29394603
1;04-03-2025 21:16:39.100;04-03-2025 13:06:33.463;29405637
1;04-03-2025 21:16:40.276;04-03-2025 13:06:33.463;29406813
1;04-03-2025 21:16:42.233;04-03-2025 13:06:33.463;29408770
1;04-03-2025 21:16:43.664;04-03-2025 13:06:33.463;29410201
1;04-03-2025 21:16:50.656;04-03-2025 13:06:33.463;29417193
1;04-03-2025 21:16:53.453;04-03-2025 13:06:33.463;29419990
1;04-03-2025 21:17:04.260;04-03-2025 13:06:33.463;29430797
1;04-03-2025 21:17:09.492;04-03-2025 13:06:33.463;29436029
1;04-03-2025 21:17:13.043;04-03-2025 13:06:33.463;29439580
1;04-03-2025 21:17:17.795;04-03-2025 13:06:33.463;29444332
1;04-03-2025 21:17:22.765;04-03-2025 13:06:33.463;29449302
1;04-03-2025 21:17:24.944;04-03-2025 13:06:33.463;29451481
1;04-03-2025 21:17:35.089;04-03-2025 13:06:33.463;29461626
1;04-03-2025 21:17:37.950;04-03-2025 13:06:33.463;29464487
1;04-03-2025 21:17:43.498;04-03-2025 13:06:33.463;29470035
1;04-03-2025 21:17:49.120;04-03-2025 13:06:33.463;29475657
1;04-03-2025 21:17:56.305;04-03-2025 13:06:33.463;29482842
1;04-03-2025 21:17:57.028;04-03-2025 13:06:33.463;29483565
1;04-03-2025 21:17:58.330;04-03-2025 13:06:33.463;29484867
1;04-03-2025 21:18:06.586;04-03-2025 13:06:33.463;29493123
1;04-03-2025 21:18:12.567;04-03-2025 13:06:33.463;29499104
1;04-03-2025 21:18:19.875;04-03-2025 13:06:33.463;29506412
1;04-03-2025 21:18:31.557;04-03-2025 13:06:33.463;29518094
1;04-03-2025 21:18:31.972;04-03-2025 13:06:33.463;29518509
1;04-03-2025 21:18:36.786;04-03-2025 13:06:33.463;29523323
1;04-03-2025 21:18:40.501;04-03-2025 13:06:33.463;29527038
1;04-03-2025 21:18:45.739;04-03-2025 13:06:33.463;29532276
1;04-03-2025 21:18:47.548;04-03-2025 13:06:33.463;29534085
1;04-03-2025 21:18:49.221;04-03-2025 13:06:33.463;29535758
1;04-03-2025 21:18:57.416;04-03-2025 13:06:33.463;29543953
1;04-03-2025 21:19:02.762;04-03-2025 13:06:33.463;29549299
1;04-03-2025 21:19:17.007;04-03-2025 13:06:33.463;29563544
1;04-03-2025 21:19:21.187;04-03-2025 13:06:33.463;29567724
1;04-03-2025 21:19:22.876;04-03-2025 13:06:33.463;29569413
1;04-03-2025 21:19:24.403;04-03-2025 13:06:33.463;29570940
1;04-03-2025 21:19:25.786;04-03-2025 13:06:33.463;29572323
1;04-03-2025 21:19:29.079;04-03-2025 13:06:33.463;29575616
1;04-03-2025 21:19:32.538;04-03-2025 13:06:33.463;29579075
1;04-03-2025 21:19:42.608;04-03-2025 13:06:33.463;29589145
1;04-03-2025 21:19:44.237;04-03-2025 13:06:33.463;29590774
1;04-03-2025 21:19:47.525;04-03-2025 13:06:33.463;29594062
1;04-03-2025 21:20:04.647;04-03-2025 13:06:33.463;29611184
1;04-03-2025 21:20:07.348;04-03-2025 13:06:33.463;29613885
1;04-03-2025 21:20:09.210;04-03-2025 13:06:33.463;29615747
1;04-03-2025 21:20:10.562;04-03-2025 13:06:33.463;29617099
1;04-03-2025 21:20:11.303;04-03-2025 13:06:33.463;29617840
1;04-03-2025 21:20:15.475;04-03-2025 13:06:33.463;29622012
1;04-03-2025 21:20:31.380;04-03-2025 13:06:33.463;29637917
1;04-03-2025 21:20:41.094;04-03-2025 13:06:33.463;29647631
1;04-03-2025 21:20:41.701;04-03-2025 13:06:33.463;29648238
1;04-03-2025 21:20:43.924;04-03-2025 13:06:33.463;29650461
1;04-03-2025 21:20:44.655;04-03-2025 13:06:33.463;29651192
1;04-03-2025 21:21:04.513;04-03-2025 13:06:33.463;29671050
1;04-03-2025 21:21:08.204;04-03-2025 13:06:33.463;29674741
1;04-03-2025 21:21:11.249;04-03-2025 13:06:33.463;29677786
1;04-03-2025 21:21:12.002;04-03-2025 13:06:33.463;29678539
1;04-03-2025 21:21:18.225;04-03-2025 13:06:33.463;29684762
1;04-03-2025 21:21:19.439;04-03-2025 13:06:33.463;29685976
1;04-03-2025 21:21:26.568;04-03-2025 13:06:33.463;29693105
1;04-03-2025 21:21:27.070;04-03-2025 13:06:33.463;29693607
1;04-03-2025 21:21:30.891;04-03-2025 13:06:33.463;29697428
1;04-03-2025 21:21:32.604;04-03-2025 13:06:33.463;29699141
1;04-03-2025 21:21:35.403;04-03-2025 13:06:33.463;29701940
1;04-03-2025 21:21:43.433;04-03-2025 13:06:33.463;29709970
1;04-03-2025 21:21:45.063;04-03-2025 13:06:33.463;29711600
1;04-03-2025 21:21:47.853;04-03-2025 13:06:33.463;29714390
1;04-03-2025 21:21:53.436;04-03-2025 13:06:33.463;29719973
1;04-03-2025 21:22:10.520;04-03-2025 13:06:33.463;29737057
1;04-03-2025 21:22:13.035;04-03-2025 13:06:33.463;29739572
1;04-03-2025 21:22:13.513;04-03-2025 13:06:33.463;29740050
1;04-03-2025 21:22:28.929;04-03-2025 13:06:33.463;29755466
1;04-03-2025 21:22:30.980;04-03-2025 13:06:33.463;29757517
1;04-03-2025 21:22:35.170;04-03-2025 13:06:33.463;29761707
1;04-03-2025 21:22:36.890;04-03-2025 13:06:33.463;29763427
1;04-03-2025 21:22:39.182;04-03-2025 13:06:33.463;29765719
1;04-03-2025 21:22:48.020;04-03-2025 13:06:33.463;29774557
1;04-03-2025 21:22:48.505;04-03-2025 13:06:33.463;29775042
1;04-03-2025 21:22:55.176;04-03-2025 13:06:33.463;29781713
1;04-03-2025 21:22:57.422;04-03-2025 13:06:33.463;29783959
1;04-03-2025 21:23:04.031;04-03-2025 13:06:33.463;29790568
1;04-03-2025 21:23:12.424;04-03-2025 13:06:33.463;29798961
1;04-03-2025 21:23:15.656;04-03-2025 13:06:33.463;29802193
1;04-03-2025 21:23:20.738;04-03-2025 13:06:33.463;29807275
1;04-03-2025 21:23:24.935;04-03-2025 13:06:33.463;29811472
1;04-03-2025 21:23:30.705;04-03-2025 13:06:33.463;29817242
1;04-03-2025 21:23:31.577;04-03-2025 13:06:33.463;29818114
1;04-03-2025 21:23:34.633;04-03-2025 13:06:33.463;29821170
1;04-03-2025 21:23:39.643;04-03-2025 13:06:33.463;29826180
1;04-03-2025 21:23:54.233;04-03-2025 13:06:33.463;29840770
1;04-03-2025 21:23:57.321;04-03-2025 13:06:33.463;29843858
1;04-03-2025 21:24:00.595;04-03-2025 13:06:33.463;29847132
1;04-03-2025 21:24:01.168;04-03-2025 13:06:33.463;29847705
1;04-03-2025 21:24:08.102;04-03-2025 13:06:33.463;29854639
1;04-03-2025 21:24:13.854;04-03-2025 13:06:33.463;29860391
1;04-03-2025 21:24:15.851;04-03-2025 13:06:33.463;29862388
1;04-03-2025 21:24:28.881;04-03-2025 13:06:33.463;29875418
1;04-03-2025 21:24:41.586;04-03-2025 13:06:33.463;29888123
1;04-03-2025 21:24:42.684;04-03-2025 13:06:33.463;29889221
1;04-03-2025 21:24:42.853;04-03-2025 13:06:33.463;29889390
1;04-03-2025 21:24:47.146;04-03-2025 13:06:33.463;29893683
1;04-03-2025 21:24:47.767;04-03-2025 13:06:33.463;29894304
1;04-03-2025 21:24:48.643;04-03-2025 13:06:33.463;29895180
1;04-03-2025 21:25:02.799;04-03-2025 13:06:33.463;29909336
1;04-03-2025 21:25:12.634;04-03-2025 13:06:33.463;29919171
1;04-03-2025 21:25:14.222;04-03-2025 13:06:33.463;29920759
1;04-03-2025 21:25:17.566;04-03-2025 13:06:33.463;29924103
1;04-03-2025 21:25:23.892;04-03-2025 13:06:33.463;29930429
1;04-03-2025 21:25:24.779;04-03-2025 13:06:33.463;29931316
1;04-03-2025 21:25:24.913;04-03-2025 13:06:33.463;29931450
1;04-03-2025 21:25:41.136;04-03-2025 13:06:33.463;29947673
1;04-03-2025 21:25:44.084;04-03-2025 13:06:33.463;29950621
1;04-03-2025 21:25:48.694;04-03-2025 13:06:33.463;29955231
1;04-03-2025 21:25:55.568;04-03-2025 13:06:33.463;29962105
1;04-03-2025 21:26:02.215;04-03-2025 13:06:33.463;29968752
1;04-03-2025 21:26:02.689;04-03-2025 13:06:33.463;29969226
1;04-03-2025 21:26:05.890;04-03-2025 13:06:33.463;29972427
1;04-03-2025 21:26:06.674;04-03-2025 13:06:33.463;29973211
1;04-03-2025 21:26:07.760;04-03-2025 13:06:33.463;29974297
1;04-03-2025 21:26:13.800;04-03-2025 13:06:33.463;29980337
1;04-03-2025 21:26:29.913;04-03-2025 13:06:33.463;29996450
1;04-03-2025 21:26:33.581;04-03-2025 13:06:33.463;30000118
1;04-03-2025 21:26:43.029;04-03-2025 13:06:33.463;30009566
1;04-03-2025 21:26:45.120;04-03-2025 13:06:33.463;30011657
1;04-03-2025 21:26:46.521;04-03-2025 13:06:33.463;30013058
1;04-03-2025 21:26:48.013;04-03-2025 13:06:33.463;30014550
1;04-03-2025 21:26:48.124;04-03-2025 13:06:33.463;30014661
1;04-03-2025 21:26:55.783;04-03-2025 13:06:33.463;30022320
1;04-03-2025 21:27:07.945;04-03-2025 13:06:33.463;30034482
1;04-03-2025 21:27:10.715;04-03-2025 13:06:33.463;30037252
1;04-03-2025 21:27:13.912;04-03-2025 13:06:33.463;30040449
1;04-03-2025 21:27:14.682;04-03-2025 13:06:33.463;30041219
1;04-03-2025 21:27:19.760;04-03-2025 13:06:33.463;30046297
1;04-03-2025 21:27:25.803;04-03-2025 13:06:33.463;30052340
1;04-03-2025 21:27:42.627;04-03-2025 13:06:33.463;30069164
1;04-03-2025 21:27:49.327;04-03-2025 13:06:33.463;30075864
1;04-03-2025 21:27:54.761;04-03-2025 13:06:33.463;30081298
1;04-03-2025 21:27:56.447;04-03-2025 13:06:33.463;30082984
1;04-03-2025 21:27:56.914;04-03-2025 13:06:33.463;30083451
1;04-03-2025 21:28:01.340;04-03-2025 13:06:33.463;30087877
1;04-03-2025 21:28:06.727;04-03-2025 13:06:33.463;30093264
1;04-03-2025 21:28:08.615;04-03-2025 13:06:33.463;30095152
1;04-03-2025 21:28:21.836;04-03-2025 13:06:33.463;30108373
1;04-03-2025 21:28:25.699;04-03-2025 13:06:33.463;30112236
1;04-03-2025 21:28:27.872;04-03-2025 13:06:33.463;30114409
1;04-03-2025 21:28:34.266;04-03-2025 13:06:33.463;30120803
1;04-03-2025 21:28:38.739;04-03-2025 13:06:33.463;30125276
1;04-03-2025 21:28:46.140;04-03-2025 13:06:33.463;30132677
1;04-03-2025 21:28:46.156;04-03-2025 13:06:33.463;30132693
1;04-03-2025 21:28:48.209;04-03-2025 13:06:33.463;30134746
1;04-03-2025 21:28:48.841;04-03-2025 13:06:33.463;30135378
1;04-03-2025 21:28:54.890;04-03-2025 13:06:33.463;30141427
1;04-03-2025 21:29:10.501;04-03-2025 13:06:33.463;30157038
1;04-03-2025 21:29:11.826;04-03-2025 13:06:33.463;30158363
1;04-03-2025 21:29:15.042;04-03-2025 13:06:33.463;30161579
1;04-03-2025 21:29:30.552;04-03-2025 13:06:33.463;30177089
1;04-03-2025 21:29:30.678;04-03-2025 13:06:33.463;30177215
1;04-03-2025 21:29:33.409;04-03-2025 13:06:33.463;30179946
1;04-03-2025 21:29:38.588;04-03-2025 13:06:33.463;30185125
1;04-03-2025 21:29:39.550;04-03-2025 13:06:33.463;30186087
1;04-03-2025 21:29:41.758;04-03-2025 13:06:33.463;30188295
1;04-03-2025 21:29:46.118;04-03-2025 13:06:33.463;30192655
1;04-03-2025 21:29:53.113;04-03-2025 13:06:33.463;30199650
1;04-03-2025 21:29:57.110;04-03-2025 13:06:33.463;30203647
1;04-03-2025 21:30:00.170;04-03-2025 13:06:33.463;30206707
1;04-03-2025 21:30:04.165;04-03-2025 13:06:33.463;30210702
1;04-03-2025 21:30:08.347;04-03-2025 13:06:33.463;30214884
1;04-03-2025 21:30:13.786;04-03-2025 13:06:33.463;30220323
1;04-03-2025 21:30:17.969;04-03-2025 13:06:33.463;30224506
1;04-03-2025 21:30:32.978;04-03-2025 13:06:33.463;30239515
1;04-03-2025 21:30:37.693;04-03-2025 13:06:33.463;30244230
1;04-03-2025 21:30:42.269;04-03-2025 13:06:33.463;30248806
1;04-03-2025 21:30:46.639;04-03-2025 13:06:33.463;30253176
1;04-03-2025 21:30:49.638;04-03-2025 13:06:33.463;30256175
1;04-03-2025 21:30:50.656;04-03-2025 13:06:33.463;30257193
1;04-03-2025 21:30:54.425;04-03-2025 13:06:33.463;30260962
1;04-03-2025 21:30:57.639;04-03-2025 13:06:33.463;30264176
1;04-03-2025 21:30:58.506;04-03-2025 13:06:33.463;30265043
1;04-03-2025 21:31:07.751;04-03-2025 13:06:33.463;30274288
1;04-03-2025 21:31:26.524;04-03-2025 13:06:33.463;30293061
1;04-03-2025 21:31:33.338;04-03-2025 13:06:33.463;30299875
1;04-03-2025 21:31:36.145;04-03-2025 13:06:33.463;30302682
1;04-03-2025 21:31:41.038;04-03-2025 13:06:33.463;30307575
1;04-03-2025 21:31:44.635;04-03-2025 13:06:33.463;30311172
1;04-03-2025 21:31:47.560;04-03-2025 13:06:33.463;30314097
1;04-03-2025 21:31:49.004;04-03-2025 13:06:33.463;30315541
1;04-03-2025 21:31:51.100;04-03-2025 13:06:33.463;30317637
1;04-03-2025 21:31:55.993;04-03-2025 13:06:33.463;30322530
1;04-03-2025 21:32:05.909;04-03-2025 13:06:33.463;30332446
1;04-03-2025 21:32:12.353;04-03-2025 13:06:33.463;30338890
1;04-03-2025 21:32:13.892;04-03-2025 13:06:33.463;30340429
1;04-03-2025 21:32:19.524;04-03-2025 13:06:33.463;30346061
1;04-03-2025 21:32:29.203;04-03-2025 13:06:33.463;30355740
1;04-03-2025 21:32:31.800;04-03-2025 13:06:33.463;30358337
1;04-03-2025 21:32:37.663;04-03-2025 13:06:33.463;30364200
1;04-03-2025 21:32:43.500;04-03-2025 13:06:33.463;30370037
1;04-03-2025 21:32:45.859;04-03-2025 13:06:33.463;30372396
1;04-03-2025 21:32:48.686;04-03-2025 13:06:33.463;30375223
1;04-03-2025 21:32:54.209;04-03-2025 13:06:33.463;30380746
1;04-03-2025 21:32:57.672;04-03-2025 13:06:33.463;30384209
1;04-03-2025 21:33:09.993;04-03-2025 13:06:33.463;30396530
1;04-03-2025 21:33:10.006;04-03-2025 13:06:33.463;30396543
1;04-03-2025 21:33:17.497;04-03-2025 13:06:33.463;30404034
1;04-03-2025 21:33:17.578;04-03-2025 13:06:33.463;30404115
1;04-03-2025 21:33:24.425;04-03-2025 13:06:33.463;30410962
1;04-03-2025 21:33:35.893;04-03-2025 13:06:33.463;30422430
1;04-03-2025 21:33:47.697;04-03-2025 13:06:33.463;30434234
1;04-03-2025 21:33:49.142;04-03-2025 13:06:33.463;30435679
1;04-03-2025 21:33:50.006;04-03-2025 13:06:33.463;30436543
1;04-03-2025 21:33:53.115;04-03-2025 13:06:33.463;30439652
1;04-03-2025 21:33:54.054;04-03-2025 13:06:33.463;30440591
1;04-03-2025 21:33:54.613;04-03-2025 13:06:33.463;30441150
1;04-03-2025 21:34:04.591;04-03-2025 13:06:33.463;30451128
1;04-03-2025 21:34:06.773;04-03-2025 13:06:33.463;30453310
1;04-03-2025 21:34:15.604;04-03-2025 13:06:33.463;30462141
1;04-03-2025 21:34:23.743;04-03-2025 13:06:33.463;30470280
1;04-03-2025 21:34:27.573;04-03-2025 13:06:33.463;30474110
1;04-03-2025 21:34:32.919;04-03-2025 13:06:33.463;30479456
1;04-03-2025 21:34:33.176;04-03-2025 13:06:33.463;30479713
1;04-03-2025 21:34:37.987;04-03-2025 13:06:33.463;30484524
1;04-03-2025 21:34:49.509;04-03-2025 13:06:33.463;30496046
1;04-03-2025 21:34:52.994;04-03-2025 13:06:33.463;30499531
1;04-03-2025 21:34:57.517;04-03-2025 13:06:33.463;30504054
1;04-03-2025 21:34:59.572;04-03-2025 13:06:33.463;30506109
1;04-03-2025 21:35:10.456;04-03-2025 13:06:33.463;30516993
1;04-03-2025 21:35:19.793;04-03-2025 13:06:33.463;30526330
1;04-03-2025 21:35:22.883;04-03-2025 13:06:33.463;30529420
1;04-03-2025 21:35:24.502;04-03-2025 13:06:33.463;30531039
1;04-03-2025 21:35:29.500;04-03-2025 13:06:33.463;30536037
1;04-03-2025 21:35:34.749;04-03-2025 13:06:33.463;30541286
1;04-03-2025 21:35:42.176;04-03-2025 13:06:33.463;30548713
1;04-03-2025 21:35:45.405;04-03-2025 13:06:33.463;30551942
1;04-03-2025 21:35:45.496;04-03-2025 13:06:33.463;30552033
1;04-03-2025 21:35:50.996;04-03-2025 13:06:33.463;30557533
1;04-03-2025 21:35:52.144;04-03-2025 13:06:33.463;30558681
1;04-03-2025 21:35:58.033;04-03-2025 13:06:33.463;30564570
1;04-03-2025 21:36:04.335;04-03-2025 13:06:33.463;30570872
1;04-03-2025 21:36:09.946;04-03-2025 13:06:33.463;30576483
1;04-03-2025 21:36:16.566;04-03-2025 13:06:33.463;30583103
1;04-03-2025 21:36:17.091;04-03-2025 13:06:33.463;30583628
1;04-03-2025 21:36:20.619;04-03-2025 13:06:33.463;30587156
1;04-03-2025 21:36:32.265;04-03-2025 13:06:33.463;30598802
1;04-03-2025 21:36:36.131;04-03-2025 13:06:33.463;30602668
1;04-03-2025 21:36:38.101;04-03-2025 13:06:33.463;30604638
1;04-03-2025 21:36:45.550;04-03-2025 13:06:33.463;30612087
1;04-03-2025 21:36:51.163;04-03-2025 13:06:33.463;30617700
1;04-03-2025 21:36:51.400;04-03-2025 13:06:33.463;30617937
1;04-03-2025 21:37:09.902;04-03-2025 13:06:33.463;30636439
1;04-03-2025 21:37:13.641;04-03-2025 13:06:33.463;30640178
1;04-03-2025 21:37:15.759;04-03-2025 13:06:33.463;30642296
1;04-03-2025 21:37:16.041;04-03-2025 13:06:33.463;30642578
1;04-03-2025 21:37:16.369;04-03-2025 13:06:33.463;30642906
1;04-03-2025 21:37:22.879;04-03-2025 13:06:33.463;30649416
1;04-03-2025 21:37:39.656;04-03-2025 13:06:33.463;30666193
1;04-03-2025 21:37:42.142;04-03-2025 13:06:33.463;30668679
1;04-03-2025 21:37:43.355;04-03-2025 13:06:33.463;30669892
1;04-03-2025 21:37:48.902;04-03-2025 13:06:33.463;30675439
1;04-03-2025 21:37:51.068;04-03-2025 13:06:33.463;30677605
1;04-03-2025 21:37:51.428;04-03-2025 13:06:33.463;30677965
1;04-03-2025 21:37:56.344;04-03-2025 13:06:33.463;30682881
1;04-03-2025 21:38:01.368;04-03-2025 13:06:33.463;30687905
1;04-03-2025 21:38:17.290;04-03-2025 13:06:33.463;30703827
1;04-03-2025 21:38:17.521;04-03-2025 13:06:33.463;30704058
1;04-03-2025 21:38:20.498;04-03-2025 13:06:33.463;30707035
1;04-03-2025 21:38:23.574;04-03-2025 13:06:33.463;30710111
1;04-03-2025 21:38:24.841;04-03-2025 13:06:33.463;30711378
1;04-03-2025 21:38:31.145;04-03-2025 13:06:33.463;30717682
1;04-03-2025 21:38:35.795;04-03-2025 13:06:33.463;30722332
1;04-03-2025 21:38:45.047;04-03-2025 13:06:33.463;30731584
1;04-03-2025 21:38:53.078;04-03-2025 13:06:33.463;30739615
1;04-03-2025 21:38:57.061;04-03-2025 13:06:33.463;30743598
1;04-03-2025 21:39:01.076;04-03-2025 13:06:33.463;30747613
1;04-03-2025 21:39:06.786;04-03-2025 13:06:33.463;30753323
1;04-03-2025 21:39:09.934;04-03-2025 13:06:33.463;30756471
1;04-03-2025 21:39:14.099;04-03-2025 13:06:33.463;30760636
1;04-03-2025 21:39:19.793;04-03-2025 13:06:33.463;30766330
1;04-03-2025 21:39:23.960;04-03-2025 13:06:33.463;30770497
1;04-03-2025 21:39:35.908;04-03-2025 13:06:33.463;30782445
1;04-03-2025 21:39:38.579;04-03-2025 13:06:33.463;30785116
1;04-03-2025 21:39:45.232;04-03-2025 13:06:33.463;30791769
1;04-03-2025 21:39:48.685;04-03-2025 13:06:33.463;30795222
1;04-03-2025 21:39:49.315;04-03-2025 13:06:33.463;30795852
1;04-03-2025 21:39:49.591;04-03-2025 13:06:33.463;30796128
1;04-03-2025 21:40:11.954;04-03-2025 13:06:33.463;30818491
1;04-03-2025 21:40:13.371;04-03-2025 13:06:33.463;30819908
1;04-03-2025 21:40:13.904;04-03-2025 13:06:33.463;30820441
1;04-03-2025 21:40:14.161;04-03-2025 13:06:33.463;30820698
1;04-03-2025 21:40:22.064;04-03-2025 13:06:33.463;30828601
1;04-03-2025 21:40:25.148;04-03-2025 13:06:33.463;30831685
1;04-03-2025 21:40:25.658;04-03-2025 13:06:33.463;30832195
1;04-03-2025 21:40:30.434;04-03-2025 13:06:33.463;30836971
1;04-03-2025 21:40:33.106;04-03-2025 13:06:33.463;30839643
1;04-03-2025 21:40:43.177;04-03-2025 13:06:33.463;30849714
1;04-03-2025 21:40:49.736;04-03-2025 13:06:33.463;30856273
1;04-03-2025 21:40:56.005;04-03-2025 13:06:33.463;30862542
1;04-03-2025 21:41:07.203;04-03-2025 13:06:33.463;30873740
1;04-03-2025 21:41:09.049;04-03-2025 13:06:33.463;30875586
1;04-03-2025 21:41:11.657;04-03-2025 13:06:33.463;30878194
1;04-03-2025 21:41:14.143;04-03-2025 13:06:33.463;30880680
1;04-03-2025 21:41:14.780;04-03-2025 13:06:33.463;30881317
1;04-03-2025 21:41:25.169;04-03-2025 13:06:33.463;30891706
1;04-03-2025 21:41:30.377;04-03-2025 13:06:33.463;30896914
1;04-03-2025 21:41:32.609;04-03-2025 13:06:33.463;30899146
1;04-03-2025 21:41:34.044;04-03-2025 13:06:33.463;30900581
1;04-03-2025 21:41:42.913;04-03-2025 13:06:33.463;30909450
1;04-03-2025 21:41:43.096;04-03-2025 13:06:33.463;30909633
1;04-03-2025 21:41:59.993;04-03-2025 13:06:33.463;30926530
1;04-03-2025 21:42:02.612;04-03-2025 13:06:33.463;30929149
1;04-03-2025 21:42:05.824;04-03-2025 13:06:33.463;30932361
1;04-03-2025 21:42:09.720;04-03-2025 13:06:33.463;30936257
1;04-03-2025 21:42:11.369;04-03-2025 13:06:33.463;30937906
1;04-03-2025 21:42:12.609;04-03-2025 13:06:33.463;30939146
1;04-03-2025 21:42:18.509;04-03-2025 13:06:33.463;30945046
1;04-03-2025 21:42:25.267;04-03-2025 13:06:33.463;30951804
1;04-03-2025 21:42:25.770;04-03-2025 13:06:33.463;30952307
1;04-03-2025 21:42:32.761;04-03-2025 13:06:33.463;30959298
1;04-03-2025 21:42:54.172;04-03-2025 13:06:33.463;30980709
1;04-03-2025 21:42:56.551;04-03-2025 13:06:33.463;30983088
1;04-03-2025 21:42:58.158;04-03-2025 13:06:33.463;30984695
1;04-03-2025 21:42:58.495;04-03-2025 13:06:33.463;30985032
1;04-03-2025 21:43:07.383;04-03-2025 13:06:33.463;30993920
1;04-03-2025 21:43:09.141;04-03-2025 13:06:33.463;30995678
1;04-03-2025 21:43:16.861;04-03-2025 13:06:33.463;31003398
1;04-03-2025 21:43:29.407;04-03-2025 13:06:33.463;31015944
1;04-03-2025 21:43:30.971;04-03-2025 13:06:33.463;31017508
1;04-03-2025 21:43:34.518;04-03-2025 13:06:33.463;31021055
1;04-03-2025 21:43:36.155;04-03-2025 13:06:33.463;31022692
1;04-03-2025 21:43:38.071;04-03-2025 13:06:33.463;31024608
1;04-03-2025 21:43:40.134;04-03-2025 13:06:33.463;31026671
1;04-03-2025 21:43:53.933;04-03-2025 13:06:33.463;31040470
1;04-03-2025 21:44:07.538;04-03-2025 13:06:33.463;31054075
1;04-03-2025 21:44:08.131;04-03-2025 13:06:33.463;31054668
1;04-03-2025 21:44:11.680;04-03-2025 13:06:33.463;31058217
1;04-03-2025 21:44:18.723;04-03-2025 13:06:33.463;31065260
1;04-03-2025 21:44:21.157;04-03-2025 13:06:33.463;31067694
1;04-03-2025 21:44:24.497;04-03-2025 13:06:33.463;31071034
1;04-03-2025 21:44:26.369;04-03-2025 13:06:33.463;31072906
1;04-03-2025 21:44:32.405;04-03-2025 13:06:33.463;31078942
1;04-03-2025 21:44:33.521;04-03-2025 13:06:33.463;31080058
1;04-03-2025 21:44:40.811;04-03-2025 13:06:33.463;31087348
1;04-03-2025 21:44:45.310;04-03-2025 13:06:33.463;31091847
1;04-03-2025 21:44:55.205;04-03-2025 13:06:33.463;31101742
1;04-03-2025 21:45:01.723;04-03-2025 13:06:33.463;31108260
1;04-03-2025 21:45:04.295;04-03-2025 13:06:33.463;31110832
1;04-03-2025 21:45:04.546;04-03-2025 13:06:33.463;31111083
1;04-03-2025 21:45:09.891;04-03-2025 13:06:33.463;31116428
1;04-03-2025 21:45:13.920;04-03-2025 13:06:33.463;31120457
1;04-03-2025 21:45:28.114;04-03-2025 13:06:33.463;31134651
1;04-03-2025 21:45:29.110;04-03-2025 13:06:33.463;31135647
1;04-03-2025 21:45:40.351;04-03-2025 13:06:33.463;31146888
1;04-03-2025 21:45:41.305;04-03-2025 13:06:33.463;31147842
1;04-03-2025 21:45:48.061;04-03-2025 13:06:33.463;31154598
1;04-03-2025 21:45:48.576;04-03-2025 13:06:33.463;31155113
1;04-03-2025 21:45:51.546;04-03-2025 13:06:33.463;31158083
1;04-03-2025 21:45:54.696;04-03-2025 13:06:33.463;31161233
1;04-03-2025 21:46:01.293;04-03-2025 13:06:33.463;31167830
1;04-03-2025 21:46:02.791;04-03-2025 13:06:33.463;31169328
1;04-03-2025 21:46:06.204;04-03-2025 13:06:33.463;31172741
1;04-03-2025 21:46:10.121;04-03-2025 13:06:33.463;31176658
1;04-03-2025 21:46:18.610;04-03-2025 13:06:33.463;31185147
1;04-03-2025 21:46:22.047;04-03-2025 13:06:33.463;31188584
1;04-03-2025 21:46:40.475;04-03-2025 13:06:33.463;31207012
1;04-03-2025 21:46:42.845;04-03-2025 13:06:33.463;31209382
1;04-03-2025 21:46:45.390;04-03-2025 13:06:33.463;31211927
1;04-03-2025 21:46:47.755;04-03-2025 13:06:33.463;31214292
1;04-03-2025 21:46:48.707;04-03-2025 13:06:33.463;31215244
1;04-03-2025 21:46:55.117;04-03-2025 13:06:33.463;31221654
1;04-03-2025 21:46:59.000;04-03-2025 13:06:33.463;31225537
1;04-03-2025 21:47:10.850;04-03-2025 13:06:33.463;31237387
1;04-03-2025 21:47:11.357;04-03-2025 13:06:33.463;31237894
1;04-03-2025 21:47:12.911;04-03-2025 13:06:33.463;31239448
1;04-03-2025 21:47:18.758;04-03-2025 13:06:33.463;31245295
1;04-03-2025 21:47:27.737;04-03-2025 13:06:33.463;31254274
1;04-03-2025 21:47:31.636;04-03-2025 13:06:33.463;31258173
1;04-03-2025 21:47:36.219;04-03-2025 13:06:33.463;31262756
1;04-03-2025 21:47:40.555;04-03-2025 13:06:33.463;31267092
1;04-03-2025 21:47:40.866;04-03-2025 13:06:33.463;31267403
1;04-03-2025 21:47:41.409;04-03-2025 13:06:33.463;31267946
1;04-03-2025 21:47:44.063;04-03-2025 13:06:33.463;31270600
1;04-03-2025 21:47:50.705;04-03-2025 13:06:33.463;31277242
1;04-03-2025 21:47:55.457;04-03-2025 13:06:33.463;31281994
1;04-03-2025 21:48:12.897;04-03-2025 13:06:33.463;31299434
1;04-03-2025 21:48:13.012;04-03-2025 13:06:33.463;31299549
1;04-03-2025 21:48:20.511;04-03-2025 13:06:33.463;31307048
1;04-03-2025 21:48:24.004;04-03-2025 13:06:33.463;31310541
1;04-03-2025 21:48:26.768;04-03-2025 13:06:33.463;31313305
1;04-03-2025 21:48:30.824;04-03-2025 13:06:33.463;31317361
1;04-03-2025 21:48:31.118;04-03-2025 13:06:33.463;31317655
1;04-03-2025 21:48:37.021;04-03-2025 13:06:33.463;31323558
1;04-03-2025 21:48:43.681;04-03-2025 13:06:33.463;31330218
1;04-03-2025 21:48:59.985;04-03-2025 13:06:33.463;31346522
1;04-03-2025 21:49:04.428;04-03-2025 13:06:33.463;31350965
1;04-03-2025 21:49:07.095;04-03-2025 13:06:33.463;31353632
1;04-03-2025 21:49:08.406;04-03-2025 13:06:33.463;31354943
1;04-03-2025 21:49:10.360;04-03-2025 13:06:33.463;31356897
1;04-03-2025 21:49:21.006;04-03-2025 13:06:33.463;31367543
1;04-03-2025 21:49:24.852;04-03-2025 13:06:33.463;31371389
1;04-03-2025 21:49:30.200;04-03-2025 13:06:33.463;31376737
1;04-03-2025 21:49:41.723;04-03-2025 13:06:33.463;31388260
1;04-03-2025 21:49:42.950;04-03-2025 13:06:33.463;31389487
1;04-03-2025 21:49:43.831;04-03-2025 13:06:33.463;31390368
1;04-03-2025 21:49:56.265;04-03-2025 13:06:33.463;31402802
1;04-03-2025 21:49:59.297;04-03-2025 13:06:33.463;31405834
1;04-03-2025 21:50:01.957;04-03-2025 13:06:33.463;31408494
1;04-03-2025 21:50:01.979;04-03-2025 13:06:33.463;31408516
1;04-03-2025 21:50:02.810;04-03-2025 13:06:33.463;31409347
1;04-03-2025 21:50:12.992;04-03-2025 13:06:33.463;31419529
1;04-03-2025 21:50:18.165;04-03-2025 13:06:33.463;31424702
1;04-03-2025 21:50:25.018;04-03-2025 13:06:33.463;31431555
1;04-03-2025 21:50:29.629;04-03-2025 13:06:33.463;31436166
1;04-03-2025 21:50:34.669;04-03-2025 13:06:33.463;31441206
1;04-03-2025 21:50:39.921;04-03-2025 13:06:33.463;31446458
1;04-03-2025 21:50:42.042;04-03-2025 13:06:33.463;31448579
1;04-03-2025 21:50:52.088;04-03-2025 13:06:33.463;31458625
1;04-03-2025 21:50:55.435;04-03-2025 13:06:33.463;31461972
1;04-03-2025 21:51:02.740;04-03-2025 13:06:33.463;31469277
1;04-03-2025 21:51:03.406;04-03-2025 13:06:33.463;31469943
1;04-03-2025 21:51:05.532;04-03-2025 13:06:33.463;31472069
1;04-03-2025 21:51:21.241;04-03-2025 13:06:33.463;31487778
1;04-03-2025 21:51:23.749;04-03-2025 13:06:33.463;31490286
1;04-03-2025 21:51:24.280;04-03-2025 13:06:33.463;31490817
1;04-03-2025 21:51:26.744;04-03-2025 13:06:33.463;31493281
1;04-03-2025 21:51:33.413;04-03-2025 13:06:33.463;31499950
1;04-03-2025 21:51:33.593;04-03-2025 13:06:33.463;31500130
1;04-03-2025 21:51:43.102;04-03-2025 13:06:33.463;31509639
1;04-03-2025 21:51:45.077;04-03-2025 13:06:33.463;31511614
1;04-03-2025 21:51:45.472;04-03-2025 13:06:33.463;31512009
1;04-03-2025 21:51:54.990;04-03-2025 13:06:33.463;31521527
1;04-03-2025 21:52:05.814;04-03-2025 13:06:33.463;31532351
1;04-03-2025 21:52:14.984;04-03-2025 13:06:33.463;31541521
1;04-03-2025 21:52:20.816;04-03-2025 13:06:33.463;31547353
1;04-03-2025 21:52:22.412;04-03-2025 13:06:33.463;31548949
1;04-03-2025 21:52:23.470;04-03-2025 13:06:33.463;31550007
1;04-03-2025 21:52:26.289;04-03-2025 13:06:33.463;31552826
1;04-03-2025 21:52:28.573;04-03-2025 13:06:33.463;31555110
1;04-03-2025 21:52:34.404;04-03-2025 13:06:33.463;31560941
1;04-03-2025 21:52:47.184;04-03-2025 13:06:33.463;31573721
1;04-03-2025 21:52:49.342;04-03-2025 13:06:33.463;31575879
1;04-03-2025 21:52:52.209;04-03-2025 13:06:33.463;31578746
1;04-03-2025 21:52:57.308;04-03-2025 13:06:33.463;31583845
1;04-03-2025 21:53:07.651;04-03-2025 13:06:33.463;31594188
1;04-03-2025 21:53:08.481;04-03-2025 13:06:33.463;31595018
1;04-03-2025 21:53:10.705;04-03-2025 13:06:33.463;31597242
1;04-03-2025 21:53:13.490;04-03-2025 13:06:33.463;31600027
1;04-03-2025 21:53:15.370;04-03-2025 13:06:33.463;31601907
1;04-03-2025 21:53:28.084;04-03-2025 13:06:33.463;31614621
1;04-03-2025 21:53:28.967;04-03-2025 13:06:33.463;31615504
1;04-03-2025 21:53:41.086;04-03-2025 13:06:33.463;31627623
1;04-03-2025 21:53:43.229;04-03-2025 13:06:33.463;31629766
1;04-03-2025 21:53:50.036;04-03-2025 13:06:33.463;31636573
1;04-03-2025 21:53:53.971;04-03-2025 13:06:33.463;31640508
1;04-03-2025 21:53:56.693;04-03-2025 13:06:33.463;31643230
1;04-03-2025 21:54:04.425;04-03-2025 13:06:33.463;31650962
1;04-03-2025 21:54:08.250;04-03-2025 13:06:33.463;31654787
1;04-03-2025 21:54:12.388;04-03-2025 13:06:33.463;31658925
1;04-03-2025 21:54:22.242;04-03-2025 13:06:33.463;31668779
1;04-03-2025 21:54:26.569;04-03-2025 13:06:33.463;31673106
1;04-03-2025 21:54:30.519;04-03-2025 13:06:33.463;31677056
1;04-03-2025 21:54:35.557;04-03-2025 13:06:33.463;31682094
1;04-03-2025 21:54:47.715;04-03-2025 13:06:33.463;31694252
1;04-03-2025 21:54:51.906;04-03-2025 13:06:33.463;31698443
1;04-03-2025 21:54:53.546;04-03-2025 13:06:33.463;31700083
1;04-03-2025 21:54:57.821;04-03-2025 13:06:33.463;31704358
1;04-03-2025 21:55:04.442;04-03-2025 13:06:33.463;31710979
1;04-03-2025 21:55:09.678;04-03-2025 13:06:33.463;31716215
1;04-03-2025 21:55:14.154;04-03-2025 13:06:33.463;31720691
1;04-03-2025 21:55:17.132;04-03-2025 13:06:33.463;31723669
1;04-03-2025 21:55:18.361;04-03-2025 13:06:33.463;31724898
1;04-03-2025 21:55:21.219;04-03-2025 13:06:33.463;31727756
1;04-03-2025 21:55:30.488;04-03-2025 13:06:33.463;31737025
1;04-03-2025 21:55:32.175;04-03-2025 13:06:33.463;31738712
1;04-03-2025 21:55:37.844;04-03-2025 13:06:33.463;31744381
1;04-03-2025 21:55:38.815;04-03-2025 13:06:33.463;31745352
1;04-03-2025 21:55:40.182;04-03-2025 13:06:33.463;31746719
1;04-03-2025 21:55:54.178;04-03-2025 13:06:33.463;31760715
1;04-03-2025 21:56:04.416;04-03-2025 13:06:33.463;31770953
1;04-03-2025 21:56:04.428;04-03-2025 13:06:33.463;31770965
1;04-03-2025 21:56:15.700;04-03-2025 13:06:33.463;31782237
1;04-03-2025 21:56:17.039;04-03-2025 13:06:33.463;31783576
1;04-03-2025 21:56:28.243;04-03-2025 13:06:33.463;31794780
1;04-03-2025 21:56:30.027;04-03-2025 13:06:33.463;31796564
1;04-03-2025 21:56:31.557;04-03-2025 13:06:33.463;31798094
1;04-03-2025 21:56:42.645;04-03-2025 13:06:33.463;31809182
1;04-03-2025 21:56:44.167;04-03-2025 13:06:33.463;31810704
1;04-03-2025 21:56:44.332;04-03-2025 13:06:33.463;31810869
1;04-03-2025 21:56:44.934;04-03-2025 13:06:33.463;31811471
1;04-03-2025 21:56:52.662;04-03-2025 13:06:33.463;31819199
1;04-03-2025 21:56:56.182;04-03-2025 13:06:33.463;31822719
1;04-03-2025 21:57:03.045;04-03-2025 13:06:33.463;31829582
1;04-03-2025 21:57:11.932;04-03-2025 13:06:33.463;31838469
1;04-03-2025 21:57:18.025;04-03-2025 13:06:33.463;31844562
1;04-03-2025 21:57:32.394;04-03-2025 13:06:33.463;31858931
1;04-03-2025 21:57:35.943;04-03-2025 13:06:33.463;31862480
1;04-03-2025 21:57:38.645;04-03-2025 13:06:33.463;31865182
1;04-03-2025 21:57:40.028;04-03-2025 13:06:33.463;31866565
1;04-03-2025 21:57:41.507;04-03-2025 13:06:33.463;31868044
1;04-03-2025 21:57:48.965;04-03-2025 13:06:33.463;31875502
1;04-03-2025 21:57:50.629;04-03-2025 13:06:33.463;31877166
1;04-03-2025 21:57:51.670;04-03-2025 13:06:33.463;31878207
1;04-03-2025 21:57:53.629;04-03-2025 13:06:33.463;31880166
1;04-03-2025 21:58:03.876;04-03-2025 13:06:33.463;31890413
1;04-03-2025 21:58:04.947;04-03-2025 13:06:33.463;31891484
1;04-03-2025 21:58:14.004;04-03-2025 13:06:33.463;31900541
1;04-03-2025 21:58:16.926;04-03-2025 13:06:33.463;31903463
1;04-03-2025 21:58:17.929;04-03-2025 13:06:33.463;31904466
1;04-03-2025 21:58:30.710;04-03-2025 13:06:33.463;31917247
1;04-03-2025 21:58:35.963;04-03-2025 13:06:33.463;31922500
1;04-03-2025 21:58:37.670;04-03-2025 13:06:33.463;31924207
1;04-03-2025 21:58:44.045;04-03-2025 13:06:33.463;31930582
1;04-03-2025 21:58:45.684;04-03-2025 13:06:33.463;31932221
1;04-03-2025 21:58:55.710;04-03-2025 13:06:33.463;31942247
1;04-03-2025 21:59:06.749;04-03-2025 13:06:33.463;31953286
1;04-03-2025 21:59:07.982;04-03-2025 13:06:33.463;31954519
1;04-03-2025 21:59:14.504;04-03-2025 13:06:33.463;31961041
1;04-03-2025 21:59:18.579;04-03-2025 13:06:33.463;31965116
1;04-03-2025 21:59:26.573;04-03-2025 13:06:33.463;31973110
1;04-03-2025 21:59:29.762;04-03-2025 13:06:33.463;31976299
1;04-03-2025 21:59:38.707;04-03-2025 13:06:33.463;31985244
1;04-03-2025 21:59:41.741;04-03-2025 13:06:33.463;31988278
1;04-03-2025 21:59:42.623;04-03-2025 13:06:33.463;31989160
1;04-03-2025 21:59:43.516;04-03-2025 13:06:33.463;31990053
1;04-03-2025 21:59:45.897;04-03-2025 13:06:33.463;31992434
1;04-03-2025 21:59:48.613;04-03-2025 13:06:33.463;31995150
1;04-03-2025 22:00:01.612;04-03-2025 13:06:33.463;32008149
1;04-03-2025 22:00:10.740;04-03-2025 13:06:33.463;32017277
1;04-03-2025 22:00:11.701;04-03-2025 13:06:33.463;32018238
1;04-03-2025 22:00:13.974;04-03-2025 13:06:33.463;32020511
1;04-03-2025 22:00:26.844;04-03-2025 13:06:33.463;32033381
1;04-03-2025 22:00:28.995;04-03-2025 13:06:33.463;32035532
1;04-03-2025 22:00:36.185;04-03-2025 13:06:33.463;32042722
1;04-03-2025 22:00:38.093;04-03-2025 13:06:33.463;32044630
1;04-03-2025 22:00:39.110;04-03-2025 13:06:33.463;32045647
1;04-03-2025 22:00:43.067;04-03-2025 13:06:33.463;32049604
1;04-03-2025 22:00:45.008;04-03-2025 13:06:33.463;32051545
1;04-03-2025 22:00:49.627;04-03-2025 13:06:33.463;32056164
1;04-03-2025 22:01:04.354;04-03-2025 13:06:33.463;32070891
1;04-03-2025 22:01:14.563;04-03-2025 13:06:33.463;32081100
1;04-03-2025 22:01:14.916;04-03-2025 13:06:33.463;32081453
1;04-03-2025 22:01:21.989;04-03-2025 13:06:33.463;32088526
1;04-03-2025 22:01:24.336;04-03-2025 13:06:33.463;32090873
1;04-03-2025 22:01:27.823;04-03-2025 13:06:33.463;32094360
1;04-03-2025 22:01:27.932;04-03-2025 13:06:33.463;32094469
1;04-03-2025 22:01:35.655;04-03-2025 13:06:33.463;32102192
1;04-03-2025 22:01:38.837;04-03-2025 13:06:33.463;32105374
1;04-03-2025 22:01:44.944;04-03-2025 13:06:33.463;32111481
1;04-03-2025 22:01:46.195;04-03-2025 13:06:33.463;32112732
1;04-03-2025 22:01:54.850;04-03-2025 13:06:33.463;32121387
1;04-03-2025 22:01:59.950;04-03-2025 13:06:33.463;32126487
1;04-03-2025 22:02:01.768;04-03-2025 13:06:33.463;32128305
1;04-03-2025 22:02:07.308;04-03-2025 13:06:33.463;32133845
1;04-03-2025 22:02:13.510;04-03-2025 13:06:33.463;32140047
1;04-03-2025 22:02:18.072;04-03-2025 13:06:33.463;32144609
1;04-03-2025 22:02:22.463;04-03-2025 13:06:33.463;32149000
1;04-03-2025 22:02:28.065;04-03-2025 13:06:33.463;32154602
1;04-03-2025 22:02:36.721;04-03-2025 13:06:33.463;32163258
1;04-03-2025 22:02:38.031;04-03-2025 13:06:33.463;32164568
1;04-03-2025 22:02:42.239;04-03-2025 13:06:33.463;32168776
1;04-03-2025 22:02:43.477;04-03-2025 13:06:33.463;32170014
1;04-03-2025 22:03:03.617;04-03-2025 13:06:33.463;32190154
1;04-03-2025 22:03:08.534;04-03-2025 13:06:33.463;32195071
1;04-03-2025 22:03:09.788;04-03-2025 13:06:33.463;32196325
1;04-03-2025 22:03:10.615;04-03-2025 13:06:33.463;32197152
1;04-03-2025 22:03:15.762;04-03-2025 13:06:33.463;32202299
1;04-03-2025 22:03:20.395;04-03-2025 13:06:33.463;32206932
1;04-03-2025 22:03:28.667;04-03-2025 13:06:33.463;32215204
1;04-03-2025 22:03:34.725;04-03-2025 13:06:33.463;32221262
1;04-03-2025 22:03:41.064;04-03-2025 13:06:33.463;32227601
1;04-03-2025 22:03:42.640;04-03-2025 13:06:33.463;32229177
1;04-03-2025 22:03:57.220;04-03-2025 13:06:33.463;32243757
1;04-03-2025 22:03:57.565;04-03-2025 13:06:33.463;32244102
1;04-03-2025 22:04:01.739;04-03-2025 13:06:33.463;32248276
1;04-03-2025 22:04:02.329;04-03-2025 13:06:33.463;32248866
1;04-03-2025 22:04:02.626;04-03-2025 13:06:33.463;32249163
1;04-03-2025 22:04:22.326;04-03-2025 13:06:33.463;32268863
1;04-03-2025 22:04:25.474;04-03-2025 13:06:33.463;32272011
1;04-03-2025 22:04:26.059;04-03-2025 13:06:33.463;32272596
1;04-03-2025 22:04:27.348;04-03-2025 13:06:33.463;32273885
1;04-03-2025 22:04:32.963;04-03-2025 13:06:33.463;32279500
1;04-03-2025 22:04:34.395;04-03-2025 13:06:33.463;32280932
1;04-03-2025 22:04:42.777;04-03-2025 13:06:33.463;32289314
1;04-03-2025 22:04:43.901;04-03-2025 13:06:33.463;32290438
1;04-03-2025 22:04:45.170;04-03-2025 13:06:33.463;32291707
1;04-03-2025 22:05:03.409;04-03-2025 13:06:33.463;32309946
1;04-03-2025 22:05:07.356;04-03-2025 13:06:33.463;32313893
1;04-03-2025 22:05:10.912;04-03-2025 13:06:33.463;32317449
1;04-03-2025 22:05:14.524;04-03-2025 13:06:33.463;32321061
1;04-03-2025 22:05:15.718;04-03-2025 13:06:33.463;32322255
1;04-03-2025 22:05:16.548;04-03-2025 13:06:33.463;32323085
1;04-03-2025 22:05:17.279;04-03-2025 13:06:33.463;32323816
1;04-03-2025 22:05:28.431;04-03-2025 13:06:33.463;32334968
1;04-03-2025 22:05:31.742;04-03-2025 13:06:33.463;32338279
1;04-03-2025 22:05:37.867;04-03-2025 13:06:33.463;32344404
1;04-03-2025 22:05:38.571;04-03-2025 13:06:33.463;32345108
1;04-03-2025 22:05:53.051;04-03-2025 13:06:33.463;32359588
1;04-03-2025 22:05:57.127;04-03-2025 13:06:33.463;32363664
1;04-03-2025 22:06:02.144;04-03-2025 13:06:33.463;32368681
1;04-03-2025 22:06:02.512;04-03-2025 13:06:33.463;32369049
1;04-03-2025 22:06:10.192;04-03-2025 13:06:33.463;32376729
1;04-03-2025 22:06:20.877;04-03-2025 13:06:33.463;32387414
1;04-03-2025 22:06:22.298;04-03-2025 13:06:33.463;32388835
1;04-03-2025 22:06:24.187;04-03-2025 13:06:33.463;32390724
1;04-03-2025 22:06:24.284;04-03-2025 13:06:33.463;32390821
1;04-03-2025 22:06:34.751;04-03-2025 13:06:33.463;32401288
1;04-03-2025 22:06:47.911;04-03-2025 13:06:33.463;32414448
1;04-03-2025 22:06:54.709;04-03-2025 13:06:33.463;32421246
1;04-03-2025 22:07:00.573;04-03-2025 13:06:33.463;32427110
1;04-03-2025 22:07:03.615;04-03-2025 13:06:33.463;32430152
1;04-03-2025 22:07:04.779;04-03-2025 13:06:33.463;32431316
1;04-03-2025 22:07:04.925;04-03-2025 13:06:33.463;32431462
1;04-03-2025 22:07:05.334;04-03-2025 13:06:33.463;32431871
1;04-03-2025 22:07:12.854;04-03-2025 13:06:33.463;32439391
1;04-03-2025 22:07:21.227;04-03-2025 13:06:33.463;32447764
1;04-03-2025 22:07:23.370;04-03-2025 13:06:33.463;32449907
1;04-03-2025 22:07:37.060;04-03-2025 13:06:33.463;32463597
1;04-03-2025 22:07:37.875;04-03-2025 13:06:33.463;32464412
1;04-03-2025 22:07:38.477;04-03-2025 13:06:33.463;32465014
1;04-03-2025 22:07:38.747;04-03-2025 13:06:33.463;32465284
1;04-03-2025 22:07:58.379;04-03-2025 13:06:33.463;32484916
1;04-03-2025 22:07:58.805;04-03-2025 13:06:33.463;32485342
1;04-03-2025 22:08:04.421;04-03-2025 13:06:33.463;32490958
1;04-03-2025 22:08:09.218;04-03-2025 13:06:33.463;32495755
1;04-03-2025 22:08:09.482;04-03-2025 13:06:33.463;32496019
1;04-03-2025 22:08:22.684;04-03-2025 13:06:33.463;32509221
1;04-03-2025 22:08:24.497;04-03-2025 13:06:33.463;32511034
1;04-03-2025 22:08:30.320;04-03-2025 13:06:33.463;32516857
1;04-03-2025 22:08:31.981;04-03-2025 13:06:33.463;32518518
1;04-03-2025 22:08:40.452;04-03-2025 13:06:33.463;32526989
1;04-03-2025 22:08:54.761;04-03-2025 13:06:33.463;32541298
1;04-03-2025 22:08:55.296;04-03-2025 13:06:33.463;32541833
1;04-03-2025 22:08:58.738;04-03-2025 13:06:33.463;32545275
1;04-03-2025 22:08:59.577;04-03-2025 13:06:33.463;32546114
1;04-03-2025 22:09:05.009;04-03-2025 13:06:33.463;32551546
1;04-03-2025 22:09:05.289;04-03-2025 13:06:33.463;32551826
1;04-03-2025 22:09:07.600;04-03-2025 13:06:33.463;32554137
1;04-03-2025 22:09:19.293;04-03-2025 13:06:33.463;32565830
1;04-03-2025 22:09:21.303;04-03-2025 13:06:33.463;32567840
1;04-03-2025 22:09:21.763;04-03-2025 13:06:33.463;32568300
1;04-03-2025 22:09:33.995;04-03-2025 13:06:33.463;32580532
1;04-03-2025 22:09:44.243;04-03-2025 13:06:33.463;32590780
1;04-03-2025 22:09:45.820;04-03-2025 13:06:33.463;32592357
1;04-03-2025 22:09:48.913;04-03-2025 13:06:33.463;32595450
1;04-03-2025 22:09:49.771;04-03-2025 13:06:33.463;32596308
1;04-03-2025 22:09:50.329;04-03-2025 13:06:33.463;32596866
1;04-03-2025 22:09:54.634;04-03-2025 13:06:33.463;32601171
1;04-03-2025 22:09:57.884;04-03-2025 13:06:33.463;32604421
1;04-03-2025 22:10:11.043;04-03-2025 13:06:33.463;32617580
1;04-03-2025 22:10:19.944;04-03-2025 13:06:33.463;32626481
1;04-03-2025 22:10:22.321;04-03-2025 13:06:33.463;32628858
1;04-03-2025 22:10:22.432;04-03-2025 13:06:33.463;32628969
1;04-03-2025 22:10:30.860;04-03-2025 13:06:33.463;32637397
1;04-03-2025 22:10:30.886;04-03-2025 13:06:33.463;32637423
1;04-03-2025 22:10:31.481;04-03-2025 13:06:33.463;32638018
1;04-03-2025 22:10:43.478;04-03-2025 13:06:33.463;32650015
1;04-03-2025 22:10:45.931;04-03-2025 13:06:33.463;32652468
1;04-03-2025 22:10:46.666;04-03-2025 13:06:33.463;32653203
1;04-03-2025 22:10:57.152;04-03-2025 13:06:33.463;32663689
1;04-03-2025 22:11:17.340;04-03-2025 13:06:33.463;32683877
1;04-03-2025 22:11:20.359;04-03-2025 13:06:33.463;32686896
1;04-03-2025 22:11:20.696;04-03-2025 13:06:33.463;32687233
1;04-03-2025 22:11:24.891;04-03-2025 13:06:33.463;32691428
1;04-03-2025 22:11:25.940;04-03-2025 13:06:33.463;32692477
1;04-03-2025 22:11:32.470;04-03-2025 13:06:33.463;32699007
1;04-03-2025 22:11:33.840;04-03-2025 13:06:33.463;32700377
1;04-03-2025 22:11:44.749;04-03-2025 13:06:33.463;32711286
1;04-03-2025 22:11:48.601;04-03-2025 13:06:33.463;32715138
1;04-03-2025 22:11:51.896;04-03-2025 13:06:33.463;32718433
1;04-03-2025 22:11:53.185;04-03-2025 13:06:33.463;32719722
1;04-03-2025 22:11:55.011;04-03-2025 13:06:33.463;32721548
1;04-03-2025 22:12:05.182;04-03-2025 13:06:33.463;32731719
1;04-03-2025 22:12:07.600;04-03-2025 13:06:33.463;32734137
1;04-03-2025 22:12:16.791;04-03-2025 13:06:33.463;32743328
1;04-03-2025 22:12:20.479;04-03-2025 13:06:33.463;32747016
1;04-03-2025 22:12:26.733;04-03-2025 13:06:33.463;32753270
1;04-03-2025 22:12:31.141;04-03-2025 13:06:33.463;32757678
1;04-03-2025 22:12:38.421;04-03-2025 13:06:33.463;32764958
1;04-03-2025 22:12:46.697;04-03-2025 13:06:33.463;32773234
1;04-03-2025 22:12:47.525;04-03-2025 13:06:33.463;32774062
1;04-03-2025 22:12:50.926;04-03-2025 13:06:33.463;32777463
1;04-03-2025 22:12:52.840;04-03-2025 13:06:33.463;32779377
1;04-03-2025 22:12:57.477;04-03-2025 13:06:33.463;32784014
1;04-03-2025 22:12:58.277;04-03-2025 13:06:33.463;32784814
1;04-03-2025 22:13:07.627;04-03-2025 13:06:33.463;32794164
1;04-03-2025 22:13:10.829;04-03-2025 13:06:33.463;32797366
1;04-03-2025 22:13:19.925;04-03-2025 13:06:33.463;32806462
1;04-03-2025 22:13:28.977;04-03-2025 13:06:33.463;32815514
1;04-03-2025 22:13:39.323;04-03-2025 13:06:33.463;32825860
1;04-03-2025 22:13:40.516;04-03-2025 13:06:33.463;32827053
1;04-03-2025 22:13:44.322;04-03-2025 13:06:33.463;32830859
1;04-03-2025 22:13:47.205;04-03-2025 13:06:33.463;32833742
1;04-03-2025 22:13:50.594;04-03-2025 13:06:33.463;32837131
1;04-03-2025 22:13:58.021;04-03-2025 13:06:33.463;32844558
1;04-03-2025 22:14:01.190;04-03-2025 13:06:33.463;32847727
1;04-03-2025 22:14:06.636;04-03-2025 13:06:33.463;32853173
1;04-03-2025 22:14:10.956;04-03-2025 13:06:33.463;32857493
1;04-03-2025 22:14:15.901;04-03-2025 13:06:33.463;32862438
1;04-03-2025 22:14:16.666;04-03-2025 13:06:33.463;32863203
1;04-03-2025 22:14:18.034;04-03-2025 13:06:33.463;32864571
1;04-03-2025 22:14:25.913;04-03-2025 13:06:33.463;32872450
1;04-03-2025 22:14:34.674;04-03-2025 13:06:33.463;32881211
1;04-03-2025 22:14:45.907;04-03-2025 13:06:33.463;32892444
1;04-03-2025 22:14:46.383;04-03-2025 13:06:33.463;32892920
1;04-03-2025 22:14:47.463;04-03-2025 13:06:33.463;32894000
1;04-03-2025 22:14:47.889;04-03-2025 13:06:33.463;32894426
1;04-03-2025 22:15:05.856;04-03-2025 13:06:33.463;32912393
1;04-03-2025 22:15:06.832;04-03-2025 13:06:33.463;32913369
1;04-03-2025 22:15:07.767;04-03-2025 13:06:33.463;32914304
1;04-03-2025 22:15:10.842;04-03-2025 13:06:33.463;32917379
1;04-03-2025 22:15:15.481;04-03-2025 13:06:33.463;32922018
1;04-03-2025 22:15:18.943;04-03-2025 13:06:33.463;32925480
1;04-03-2025 22:15:19.427;04-03-2025 13:06:33.463;32925964
1;04-03-2025 22:15:29.891;04-03-2025 13:06:33.463;32936428
1;04-03-2025 22:15:31.831;04-03-2025 13:06:33.463;32938368
1;04-03-2025 22:15:41.090;04-03-2025 13:06:33.463;32947627
1;04-03-2025 22:16:01.349;04-03-2025 13:06:33.463;32967886
1;04-03-2025 22:16:02.597;04-03-2025 13:06:33.463;32969134
1;04-03-2025 22:16:02.656;04-03-2025 13:06:33.463;32969193
1;04-03-2025 22:16:11.156;04-03-2025 13:06:33.463;32977693
1;04-03-2025 22:16:13.182;04-03-2025 13:06:33.463;32979719
1;04-03-2025 22:16:23.629;04-03-2025 13:06:33.463;32990166
1;04-03-2025 22:16:32.846;04-03-2025 13:06:33.463;32999383
1;04-03-2025 22:16:32.995;04-03-2025 13:06:33.463;32999532
1;04-03-2025 22:16:37.436;04-03-2025 13:06:33.463;33003973
1;04-03-2025 22:16:42.065;04-03-2025 13:06:33.463;33008602
1;04-03-2025 22:16:49.793;04-03-2025 13:06:33.463;33016330
1;04-03-2025 22:16:52.064;04-03-2025 13:06:33.463;33018601
1;04-03-2025 22:16:57.360;04-03-2025 13:06:33.463;33023897
1;04-03-2025 22:16:57.963;04-03-2025 13:06:33.463;33024500
1;04-03-2025 22:17:08.884;04-03-2025 13:06:33.463;33035421
1;04-03-2025 22:17:13.868;04-03-2025 13:06:33.463;33040405
1;04-03-2025 22:17:15.381;04-03-2025 13:06:33.463;33041918
1;04-03-2025 22:17:16.609;04-03-2025 13:06:33.463;33043146
1;04-03-2025 22:17:17.126;04-03-2025 13:06:33.463;33043663
1;04-03-2025 22:17:23.062;04-03-2025 13:06:33.463;33049599
1;04-03-2025 22:17:32.600;04-03-2025 13:06:33.463;33059137
1;04-03-2025 22:17:45.022;04-03-2025 13:06:33.463;33071559
1;04-03-2025 22:17:48.379;04-03-2025 13:06:33.463;33074916
1;04-03-2025 22:17:50.226;04-03-2025 13:06:33.463;33076763
1;04-03-2025 22:17:56.454;04-03-2025 13:06:33.463;33082991
1;04-03-2025 22:18:00.773;04-03-2025 13:06:33.463;33087310
1;04-03-2025 22:18:04.631;04-03-2025 13:06:33.463;33091168
1;04-03-2025 22:18:14.869;04-03-2025 13:06:33.463;33101406
1;04-03-2025 22:18:14.925;04-03-2025 13:06:33.463;33101462
1;04-03-2025 22:18:16.087;04-03-2025 13:06:33.463;33102624
1;04-03-2025 22:18:18.208;04-03-2025 13:06:33.463;33104745
1;04-03-2025 22:18:28.924;04-03-2025 13:06:33.463;33115461
1;04-03-2025 22:18:35.554;04-03-2025 13:06:33.463;33122091
1;04-03-2025 22:18:41.040;04-03-2025 13:06:33.463;33127577
1;04-03-2025 22:18:43.840;04-03-2025 13:06:33.463;33130377
1;04-03-2025 22:18:47.228;04-03-2025 13:06:33.463;33133765
1;04-03-2025 22:18:53.679;04-03-2025 13:06:33.463;33140216
1;04-03-2025 22:19:01.952;04-03-2025 13:06:33.463;33148489
1;04-03-2025 22:19:03.017;04-03-2025 13:06:33.463;33149554
1;04-03-2025 22:19:09.252;04-03-2025 13:06:33.463;33155789
1;04-03-2025 22:19:13.225;04-03-2025 13:06:33.463;33159762
1;04-03-2025 22:19:20.382;04-03-2025 13:06:33.463;33166919
1;04-03-2025 22:19:21.469;04-03-2025 13:06:33.463;33168006
1;04-03-2025 22:19:22.101;04-03-2025 13:06:33.463;33168638
1;04-03-2025 22:19:24.709;04-03-2025 13:06:33.463;33171246
1;04-03-2025 22:19:37.574;04-03-2025 13:06:33.463;33184111
1;04-03-2025 22:19:44.115;04-03-2025 13:06:33.463;33190652
1;04-03-2025 22:19:45.140;04-03-2025 13:06:33.463;33191677
1;04-03-2025 22:19:47.139;04-03-2025 13:06:33.463;33193676
1;04-03-2025 22:19:48.813;04-03-2025 13:06:33.463;33195350
1;04-03-2025 22:19:57.281;04-03-2025 13:06:33.463;33203818
1;04-03-2025 22:20:03.978;04-03-2025 13:06:33.463;33210515
1;04-03-2025 22:20:17.063;04-03-2025 13:06:33.463;33223600
1;04-03-2025 22:20:19.108;04-03-2025 13:06:33.463;33225645
1;04-03-2025 22:20:27.262;04-03-2025 13:06:33.463;33233799
1;04-03-2025 22:20:29.549;04-03-2025 13:06:33.463;33236086
1;04-03-2025 22:20:34.031;04-03-2025 13:06:33.463;33240568
1;04-03-2025 22:20:37.250;04-03-2025 13:06:33.463;33243787
1;04-03-2025 22:20:37.680;04-03-2025 13:06:33.463;33244217
1;04-03-2025 22:20:39.013;04-03-2025 13:06:33.463;33245550
1;04-03-2025 22:20:42.007;04-03-2025 13:06:33.463;33248544
1;04-03-2025 22:20:46.118;04-03-2025 13:06:33.463;33252655
1;04-03-2025 22:20:52.110;04-03-2025 13:06:33.463;33258647
1;04-03-2025 22:20:56.924;04-03-2025 13:06:33.463;33263461
1;04-03-2025 22:21:01.550;04-03-2025 13:06:33.463;33268087
1;04-03-2025 22:21:04.149;04-03-2025 13:06:33.463;33270686
1;04-03-2025 22:21:21.248;04-03-2025 13:06:33.463;33287785
1;04-03-2025 22:21:28.343;04-03-2025 13:06:33.463;33294880
1;04-03-2025 22:21:31.578;04-03-2025 13:06:33.463;33298115
1;04-03-2025 22:21:40.160;04-03-2025 13:06:33.463;33306697
1;04-03-2025 22:21:43.252;04-03-2025 13:06:33.463;33309789
1;04-03-2025 22:21:46.039;04-03-2025 13:06:33.463;33312576
1;04-03-2025 22:21:46.456;04-03-2025 13:06:33.463;33312993
1;04-03-2025 22:21:58.955;04-03-2025 13:06:33.463;33325492
1;04-03-2025 22:21:59.231;04-03-2025 13:06:33.463;33325768
1;04-03-2025 22:22:04.913;04-03-2025 13:06:33.463;33331450
1;04-03-2025 22:22:05.023;04-03-2025 13:06:33.463;33331560
1;04-03-2025 22:22:12.504;04-03-2025 13:06:33.463;33339041
1;04-03-2025 22:22:12.636;04-03-2025 13:06:33.463;33339173
1;04-03-2025 22:22:17.506;04-03-2025 13:06:33.463;33344043
1;04-03-2025 22:22:29.718;04-03-2025 13:06:33.463;33356255
1;04-03-2025 22:22:37.637;04-03-2025 13:06:33.463;33364174
1;04-03-2025 22:22:41.445;04-03-2025 13:06:33.463;33367982
1;04-03-2025 22:22:41.578;04-03-2025 13:06:33.463;33368115
1;04-03-2025 22:22:42.884;04-03-2025 13:06:33.463;33369421
1;04-03-2025 22:22:56.258;04-03-2025 13:06:33.463;33382795
1;04-03-2025 22:22:57.890;04-03-2025 13:06:33.463;33384427
1;04-03-2025 22:23:02.433;04-03-2025 13:06:33.463;33388970
1;04-03-2025 22:23:06.862;04-03-2025 13:06:33.463;33393399
1;04-03-2025 22:23:14.350;04-03-2025 13:06:33.463;33400887
1;04-03-2025 22:23:15.622;04-03-2025 13:06:33.463;33402159
1;04-03-2025 22:23:15.956;04-03-2025 13:06:33.463;33402493
1;04-03-2025 22:23:36.662;04-03-2025 13:06:33.463;33423199
1;04-03-2025 22:23:42.088;04-03-2025 13:06:33.463;33428625
1;04-03-2025 22:23:50.135;04-03-2025 13:06:33.463;33436672
1;04-03-2025 22:23:51.610;04-03-2025 13:06:33.463;33438147
1;04-03-2025 22:23:55.967;04-03-2025 13:06:33.463;33442504
1;04-03-2025 22:23:57.420;04-03-2025 13:06:33.463;33443957
1;04-03-2025 22:24:01.121;04-03-2025 13:06:33.463;33447658
1;04-03-2025 22:24:06.068;04-03-2025 13:06:33.463;33452605
1;04-03-2025 22:24:15.856;04-03-2025 13:06:33.463;33462393
1;04-03-2025 22:24:21.950;04-03-2025 13:06:33.463;33468487
1;04-03-2025 22:24:25.417;04-03-2025 13:06:33.463;33471954
1;04-03-2025 22:24:26.927;04-03-2025 13:06:33.463;33473464
1;04-03-2025 22:24:27.138;04-03-2025 13:06:33.463;33473675
1;04-03-2025 22:24:37.544;04-03-2025 13:06:33.463;33484081
1;04-03-2025 22:24:37.828;04-03-2025 13:06:33.463;33484365
1;04-03-2025 22:24:39.898;04-03-2025 13:06:33.463;33486435
1;04-03-2025 22:24:51.909;04-03-2025 13:06:33.463;33498446
1;04-03-2025 22:24:54.086;04-03-2025 13:06:33.463;33500623
1;04-03-2025 22:24:59.124;04-03-2025 13:06:33.463;33505661
1;04-03-2025 22:25:02.122;04-03-2025 13:06:33.463;33508659
1;04-03-2025 22:25:12.161;04-03-2025 13:06:33.463;33518698
1;04-03-2025 22:25:15.381;04-03-2025 13:06:33.463;33521918
1;04-03-2025 22:25:15.706;04-03-2025 13:06:33.463;33522243
1;04-03-2025 22:25:18.451;04-03-2025 13:06:33.463;33524988
1;04-03-2025 22:25:21.154;04-03-2025 13:06:33.463;33527691
1;04-03-2025 22:25:34.300;04-03-2025 13:06:33.463;33540837
1;04-03-2025 22:25:48.185;04-03-2025 13:06:33.463;33554722
1;04-03-2025 22:25:50.669;04-03-2025 13:06:33.463;33557206
1;04-03-2025 22:25:53.345;04-03-2025 13:06:33.463;33559882
1;04-03-2025 22:25:57.972;04-03-2025 13:06:33.463;33564509
1;04-03-2025 22:26:00.846;04-03-2025 13:06:33.463;33567383
1;04-03-2025 22:26:09.669;04-03-2025 13:06:33.463;33576206
1;04-03-2025 22:26:10.073;04-03-2025 13:06:33.463;33576610
1;04-03-2025 22:26:13.145;04-03-2025 13:06:33.463;33579682
1;04-03-2025 22:26:19.177;04-03-2025 13:06:33.463;33585714
1;04-03-2025 22:26:25.250;04-03-2025 13:06:33.463;33591787
1;04-03-2025 22:26:26.202;04-03-2025 13:06:33.463;33592739
1;04-03-2025 22:26:27.357;04-03-2025 13:06:33.463;33593894
1;04-03-2025 22:26:33.925;04-03-2025 13:06:33.463;33600462
1;04-03-2025 22:26:44.509;04-03-2025 13:06:33.463;33611046
1;04-03-2025 22:26:47.574;04-03-2025 13:06:33.463;33614111
1;04-03-2025 22:26:54.655;04-03-2025 13:06:33.463;33621192
1;04-03-2025 22:27:04.585;04-03-2025 13:06:33.463;33631122
1;04-03-2025 22:27:11.923;04-03-2025 13:06:33.463;33638460
1;04-03-2025 22:27:15.328;04-03-2025 13:06:33.463;33641865
1;04-03-2025 22:27:21.800;04-03-2025 13:06:33.463;33648337
1;04-03-2025 22:27:22.934;04-03-2025 13:06:33.463;33649471
1;04-03-2025 22:27:23.806;04-03-2025 13:06:33.463;33650343
1;04-03-2025 22:27:24.191;04-03-2025 13:06:33.463;33650728
1;04-03-2025 22:27:25.112;04-03-2025 13:06:33.463;33651649
1;04-03-2025 22:27:41.605;04-03-2025 13:06:33.463;33668142
1;04-03-2025 22:27:43.385;04-03-2025 13:06:33.463;33669922
1;04-03-2025 22:27:54.540;04-03-2025 13:06:33.463;33681077
1;04-03-2025 22:27:56.798;04-03-2025 13:06:33.463;33683335
1;04-03-2025 22:27:57.132;04-03-2025 13:06:33.463;33683669
1;04-03-2025 22:27:57.995;04-03-2025 13:06:33.463;33684532
1;04-03-2025 22:28:01.368;04-03-2025 13:06:33.463;33687905
1;04-03-2025 22:28:11.781;04-03-2025 13:06:33.463;33698318
1;04-03-2025 22:28:21.873;04-03-2025 13:06:33.463;33708410
1;04-03-2025 22:28:27.286;04-03-2025 13:06:33.463;33713823
1;04-03-2025 22:28:29.525;04-03-2025 13:06:33.463;33716062
1;04-03-2025 22:28:34.957;04-03-2025 13:06:33.463;33721494
1;04-03-2025 22:28:43.362;04-03-2025 13:06:33.463;33729899
1;04-03-2025 22:28:48.859;04-03-2025 13:06:33.463;33735396
1;04-03-2025 22:28:51.197;04-03-2025 13:06:33.463;33737734
1;04-03-2025 22:28:59.185;04-03-2025 13:06:33.463;33745722
1;04-03-2025 22:29:02.455;04-03-2025 13:06:33.463;33748992
1;04-03-2025 22:29:10.908;04-03-2025 13:06:33.463;33757445
1;04-03-2025 22:29:12.557;04-03-2025 13:06:33.463;33759094
1;04-03-2025 22:29:23.043;04-03-2025 13:06:33.463;33769580
1;04-03-2025 22:29:26.567;04-03-2025 13:06:33.463;33773104
1;04-03-2025 22:29:30.541;04-03-2025 13:06:33.463;33777078
1;04-03-2025 22:29:32.349;04-03-2025 13:06:33.463;33778886
1;04-03-2025 22:29:32.806;04-03-2025 13:06:33.463;33779343
1;04-03-2025 22:29:37.593;04-03-2025 13:06:33.463;33784130
1;04-03-2025 22:29:40.825;04-03-2025 13:06:33.463;33787362
1;04-03-2025 22:29:45.679;04-03-2025 13:06:33.463;33792216
1;04-03-2025 22:29:45.776;04-03-2025 13:06:33.463;33792313
1;04-03-2025 22:30:01.856;04-03-2025 13:06:33.463;33808393
1;04-03-2025 22:30:06.217;04-03-2025 13:06:33.463;33812754
1;04-03-2025 22:30:12.820;04-03-2025 13:06:33.463;33819357
1;04-03-2025 22:30:16.764;04-03-2025 13:06:33.463;33823301
1;04-03-2025 22:30:20.522;04-03-2025 13:06:33.463;33827059
1;04-03-2025 22:30:24.578;04-03-2025 13:06:33.463;33831115
1;04-03-2025 22:30:28.504;04-03-2025 13:06:33.463;33835041
1;04-03-2025 22:30:35.643;04-03-2025 13:06:33.463;33842180
1;04-03-2025 22:30:42.721;04-03-2025 13:06:33.463;33849258
1;04-03-2025 22:30:43.004;04-03-2025 13:06:33.463;33849541
1;04-03-2025 22:30:51.441;04-03-2025 13:06:33.463;33857978
1;04-03-2025 22:30:54.497;04-03-2025 13:06:33.463;33861034
1;04-03-2025 22:30:59.243;04-03-2025 13:06:33.463;33865780
1;04-03-2025 22:31:03.349;04-03-2025 13:06:33.463;33869886
1;04-03-2025 22:31:14.956;04-03-2025 13:06:33.463;33881493
1;04-03-2025 22:31:24.751;04-03-2025 13:06:33.463;33891288
1;04-03-2025 22:31:27.926;04-03-2025 13:06:33.463;33894463
1;04-03-2025 22:31:29.234;04-03-2025 13:06:33.463;33895771
1;04-03-2025 22:31:29.842;04-03-2025 13:06:33.463;33896379
1;04-03-2025 22:31:38.313;04-03-2025 13:06:33.463;33904850
1;04-03-2025 22:31:40.855;04-03-2025 13:06:33.463;33907392
1;04-03-2025 22:31:50.190;04-03-2025 13:06:33.463;33916727
1;04-03-2025 22:31:51.586;04-03-2025 13:06:33.463;33918123
1;04-03-2025 22:31:53.837;04-03-2025 13:06:33.463;33920374
1;04-03-2025 22:31:57.600;04-03-2025 13:06:33.463;33924137
1;04-03-2025 22:32:01.417;04-03-2025 13:06:33.463;33927954
1;04-03-2025 22:32:10.492;04-03-2025 13:06:33.463;33937029
1;04-03-2025 22:32:17.741;04-03-2025 13:06:33.463;33944278
1;04-03-2025 22:32:22.115;04-03-2025 13:06:33.463;33948652
1;04-03-2025 22:32:28.579;04-03-2025 13:06:33.463;33955116
1;04-03-2025 22:32:31.233;04-03-2025 13:06:33.463;33957770
1;04-03-2025 22:32:32.293;04-03-2025 13:06:33.463;33958830
1;04-03-2025 22:32:33.353;04-03-2025 13:06:33.463;33959890
1;04-03-2025 22:32:40.989;04-03-2025 13:06:33.463;33967526
1;04-03-2025 22:32:42.047;04-03-2025 13:06:33.463;33968584
1;04-03-2025 22:32:45.529;04-03-2025 13:06:33.463;33972066
1;04-03-2025 22:32:45.896;04-03-2025 13:06:33.463;33972433
1;04-03-2025 22:32:52.765;04-03-2025 13:06:33.463;33979302
1;04-03-2025 22:32:58.814;04-03-2025 13:06:33.463;33985351
1;04-03-2025 22:33:10.121;04-03-2025 13:06:33.463;33996658
1;04-03-2025 22:33:14.726;04-03-2025 13:06:33.463;34001263
1;04-03-2025 22:33:15.373;04-03-2025 13:06:33.463;34001910
1;04-03-2025 22:33:15.526;04-03-2025 13:06:33.463;34002063
1;04-03-2025 22:33:22.792;04-03-2025 13:06:33.463;34009329
1;04-03-2025 22:33:26.676;04-03-2025 13:06:33.463;34013213
1;04-03-2025 22:33:39.022;04-03-2025 13:06:33.463;34025559
1;04-03-2025 22:33:55.811;04-03-2025 13:06:33.463;34042348
1;04-03-2025 22:33:58.019;04-03-2025 13:06:33.463;34044556
1;04-03-2025 22:34:01.572;04-03-2025 13:06:33.463;34048109
1;04-03-2025 22:34:05.622;04-03-2025 13:06:33.463;34052159
1;04-03-2025 22:34:12.322;04-03-2025 13:06:33.463;34058859
1;04-03-2025 22:34:15.657;04-03-2025 13:06:33.463;34062194
1;04-03-2025 22:34:16.193;04-03-2025 13:06:33.463;34062730
1;04-03-2025 22:34:18.322;04-03-2025 13:06:33.463;34064859
1;04-03-2025 22:34:24.969;04-03-2025 13:06:33.463;34071506
1;04-03-2025 22:34:26.626;04-03-2025 13:06:33.463;34073163
1;04-03-2025 22:34:33.576;04-03-2025 13:06:33.463;34080113
1;04-03-2025 22:34:37.777;04-03-2025 13:06:33.463;34084314
1;04-03-2025 22:34:55.368;04-03-2025 13:06:33.463;34101905
1;04-03-2025 22:34:57.241;04-03-2025 13:06:33.463;34103778
1;04-03-2025 22:35:01.683;04-03-2025 13:06:33.463;34108220
1;04-03-2025 22:35:08.124;04-03-2025 13:06:33.463;34114661
1;04-03-2025 22:35:08.477;04-03-2025 13:06:33.463;34115014
1;04-03-2025 22:35:11.855;04-03-2025 13:06:33.463;34118392
1;04-03-2025 22:35:14.033;04-03-2025 13:06:33.463;34120570
1;04-03-2025 22:35:23.076;04-03-2025 13:06:33.463;34129613
1;04-03-2025 22:35:30.174;04-03-2025 13:06:33.463;34136711
1;04-03-2025 22:35:37.517;04-03-2025 13:06:33.463;34144054
1;04-03-2025 22:35:45.901;04-03-2025 13:06:33.463;34152438
1;04-03-2025 22:35:54.881;04-03-2025 13:06:33.463;34161418
1;04-03-2025 22:35:54.987;04-03-2025 13:06:33.463;34161524
1;04-03-2025 22:35:55.833;04-03-2025 13:06:33.463;34162370
1;04-03-2025 22:36:06.032;04-03-2025 13:06:33.463;34172569
1;04-03-2025 22:36:08.663;04-03-2025 13:06:33.463;34175200
1;04-03-2025 22:36:13.044;04-03-2025 13:06:33.463;34179581
1;04-03-2025 22:36:23.251;04-03-2025 13:06:33.463;34189788
1;04-03-2025 22:36:31.537;04-03-2025 13:06:33.463;34198074
1;04-03-2025 22:36:38.810;04-03-2025 13:06:33.463;34205347
1;04-03-2025 22:36:39.014;04-03-2025 13:06:33.463;34205551
1;04-03-2025 22:36:40.387;04-03-2025 13:06:33.463;34206924
1;04-03-2025 22:36:44.088;04-03-2025 13:06:33.463;34210625
1;04-03-2025 22:36:45.839;04-03-2025 13:06:33.463;34212376
1;04-03-2025 22:36:48.767;04-03-2025 13:06:33.463;34215304
1;04-03-2025 22:36:50.709;04-03-2025 13:06:33.463;34217246
1;04-03-2025 22:36:57.667;04-03-2025 13:06:33.463;34224204
1;04-03-2025 22:37:05.312;04-03-2025 13:06:33.463;34231849
1;04-03-2025 22:37:05.734;04-03-2025 13:06:33.463;34232271
1;04-03-2025 22:37:09.368;04-03-2025 13:06:33.463;34235905
1;04-03-2025 22:37:13.250;04-03-2025 13:06:33.463;34239787
1;04-03-2025 22:37:21.954;04-03-2025 13:06:33.463;34248491
1;04-03-2025 22:37:28.290;04-03-2025 13:06:33.463;34254827
1;04-03-2025 22:37:41.947;04-03-2025 13:06:33.463;34268484
1;04-03-2025 22:37:46.985;04-03-2025 13:06:33.463;34273522
1;04-03-2025 22:37:47.166;04-03-2025 13:06:33.463;34273703
1;04-03-2025 22:37:51.194;04-03-2025 13:06:33.463;34277731
1;04-03-2025 22:37:53.166;04-03-2025 13:06:33.463;34279703
1;04-03-2025 22:37:55.170;04-03-2025 13:06:33.463;34281707
1;04-03-2025 22:38:02.742;04-03-2025 13:06:33.463;34289279
1;04-03-2025 22:38:13.102;04-03-2025 13:06:33.463;34299639
1;04-03-2025 22:38:17.663;04-03-2025 13:06:33.463;34304200
1;04-03-2025 22:38:17.981;04-03-2025 13:06:33.463;34304518
1;04-03-2025 22:38:28.872;04-03-2025 13:06:33.463;34315409
1;04-03-2025 22:38:31.803;04-03-2025 13:06:33.463;34318340
1;04-03-2025 22:38:35.766;04-03-2025 13:06:33.463;34322303
1;04-03-2025 22:38:39.372;04-03-2025 13:06:33.463;34325909
1;04-03-2025 22:38:43.437;04-03-2025 13:06:33.463;34329974
1;04-03-2025 22:38:50.107;04-03-2025 13:06:33.463;34336644
1;04-03-2025 22:38:56.289;04-03-2025 13:06:33.463;34342826
1;04-03-2025 22:39:02.826;04-03-2025 13:06:33.463;34349363
1;04-03-2025 22:39:08.009;04-03-2025 13:06:33.463;34354546
1;04-03-2025 22:39:10.906;04-03-2025 13:06:33.463;34357443
1;04-03-2025 22:39:11.556;04-03-2025 13:06:33.463;34358093
1;04-03-2025 22:39:15.563;04-03-2025 13:06:33.463;34362100
1;04-03-2025 22:39:21.647;04-03-2025 13:06:33.463;34368184
1;04-03-2025 22:39:26.306;04-03-2025 13:06:33.463;34372843
1;04-03-2025 22:39:28.097;04-03-2025 13:06:33.463;34374634
1;04-03-2025 22:39:43.086;04-03-2025 13:06:33.463;34389623
1;04-03-2025 22:39:45.161;04-03-2025 13:06:33.463;34391698
1;04-03-2025 22:40:00.697;04-03-2025 13:06:33.463;34407234
1;04-03-2025 22:40:01.582;04-03-2025 13:06:33.463;34408119
1;04-03-2025 22:40:03.237;04-03-2025 13:06:33.463;34409774
1;04-03-2025 22:40:06.553;04-03-2025 13:06:33.463;34413090
1;04-03-2025 22:40:07.849;04-03-2025 13:06:33.463;34414386
1;04-03-2025 22:40:10.495;04-03-2025 13:06:33.463;34417032
1;04-03-2025 22:40:20.762;04-03-2025 13:06:33.463;34427299
1;04-03-2025 22:40:23.910;04-03-2025 13:06:33.463;34430447
1;04-03-2025 22:40:25.243;04-03-2025 13:06:33.463;34431780
1;04-03-2025 22:40:31.955;04-03-2025 13:06:33.463;34438492
1;04-03-2025 22:40:32.513;04-03-2025 13:06:33.463;34439050
1;04-03-2025 22:40:40.675;04-03-2025 13:06:33.463;34447212
1;04-03-2025 22:40:50.117;04-03-2025 13:06:33.463;34456654
1;04-03-2025 22:40:51.569;04-03-2025 13:06:33.463;34458106
1;04-03-2025 22:40:57.090;04-03-2025 13:06:33.463;34463627
1;04-03-2025 22:41:12.322;04-03-2025 13:06:33.463;34478859
1;04-03-2025 22:41:18.555;04-03-2025 13:06:33.463;34485092
1;04-03-2025 22:41:22.591;04-03-2025 13:06:33.463;34489128
1;04-03-2025 22:41:23.920;04-03-2025 13:06:33.463;34490457
1;04-03-2025 22:41:24.244;04-03-2025 13:06:33.463;34490781
1;04-03-2025 22:41:25.436;04-03-2025 13:06:33.463;34491973
1;04-03-2025 22:41:37.661;04-03-2025 13:06:33.463;34504198
1;04-03-2025 22:41:38.630;04-03-2025 13:06:33.463;34505167
1;04-03-2025 22:41:41.769;04-03-2025 13:06:33.463;34508306
1;04-03-2025 22:41:42.136;04-03-2025 13:06:33.463;34508673
1;04-03-2025 22:41:53.254;04-03-2025 13:06:33.463;34519791
1;04-03-2025 22:41:57.161;04-03-2025 13:06:33.463;34523698
1;04-03-2025 22:42:01.324;04-03-2025 13:06:33.463;34527861
1;04-03-2025 22:42:10.203;04-03-2025 13:06:33.463;34536740
1;04-03-2025 22:42:14.657;04-03-2025 13:06:33.463;34541194
1;04-03-2025 22:42:17.451;04-03-2025 13:06:33.463;34543988
1;04-03-2025 22:42:18.899;04-03-2025 13:06:33.463;34545436
1;04-03-2025 22:42:31.509;04-03-2025 13:06:33.463;34558046
1;04-03-2025 22:42:37.878;04-03-2025 13:06:33.463;34564415
1;04-03-2025 22:42:39.438;04-03-2025 13:06:33.463;34565975
1;04-03-2025 22:42:44.044;04-03-2025 13:06:33.463;34570581
1;04-03-2025 22:42:50.706;04-03-2025 13:06:33.463;34577243
1;04-03-2025 22:42:54.811;04-03-2025 13:06:33.463;34581348
1;04-03-2025 22:43:00.242;04-03-2025 13:06:33.463;34586779
1;04-03-2025 22:43:07.038;04-03-2025 13:06:33.463;34593575
1;04-03-2025 22:43:08.132;04-03-2025 13:06:33.463;34594669
1;04-03-2025 22:43:12.152;04-03-2025 13:06:33.463;34598689
1;04-03-2025 22:43:13.285;04-03-2025 13:06:33.463;34599822
1;04-03-2025 22:43:15.992;04-03-2025 13:06:33.463;34602529
1;04-03-2025 22:43:21.707;04-03-2025 13:06:33.463;34608244
1;04-03-2025 22:43:33.535;04-03-2025 13:06:33.463;34620072
1;04-03-2025 22:43:37.786;04-03-2025 13:06:33.463;34624323
1;04-03-2025 22:43:42.172;04-03-2025 13:06:33.463;34628709
1;04-03-2025 22:43:47.477;04-03-2025 13:06:33.463;34634014
1;04-03-2025 22:43:56.366;04-03-2025 13:06:33.463;34642903
1;04-03-2025 22:43:57.123;04-03-2025 13:06:33.463;34643660
1;04-03-2025 22:44:01.324;04-03-2025 13:06:33.463;34647861
1;04-03-2025 22:44:06.699;04-03-2025 13:06:33.463;34653236
1;04-03-2025 22:44:12.968;04-03-2025 13:06:33.463;34659505
1;04-03-2025 22:44:16.305;04-03-2025 13:06:33.463;34662842
1;04-03-2025 22:44:21.812;04-03-2025 13:06:33.463;34668349
1;04-03-2025 22:44:27.420;04-03-2025 13:06:33.463;34673957
1;04-03-2025 22:44:29.602;04-03-2025 13:06:33.463;34676139
1;04-03-2025 22:44:38.318;04-03-2025 13:06:33.463;34684855
1;04-03-2025 22:44:38.707;04-03-2025 13:06:33.463;34685244
1;04-03-2025 22:44:41.179;04-03-2025 13:06:33.463;34687716
1;04-03-2025 22:44:50.660;04-03-2025 13:06:33.463;34697197
1;04-03-2025 22:44:55.829;04-03-2025 13:06:33.463;34702366
1;04-03-2025 22:45:02.729;04-03-2025 13:06:33.463;34709266
1;04-03-2025 22:45:09.344;04-03-2025 13:06:33.463;34715881
1;04-03-2025 22:45:11.726;04-03-2025 13:06:33.463;34718263
1;04-03-2025 22:45:28.804;04-03-2025 13:06:33.463;34735341
1;04-03-2025 22:45:29.916;04-03-2025 13:06:33.463;34736453
1;04-03-2025 22:45:33.029;04-03-2025 13:06:33.463;34739566
1;04-03-2025 22:45:36.548;04-03-2025 13:06:33.463;34743085
1;04-03-2025 22:45:39.757;04-03-2025 13:06:33.463;34746294
1;04-03-2025 22:45:54.408;04-03-2025 13:06:33.463;34760945
1;04-03-2025 22:45:54.422;04-03-2025 13:06:33.463;34760959
1;04-03-2025 22:45:58.190;04-03-2025 13:06:33.463;34764727
1;04-03-2025 22:46:08.676;04-03-2025 13:06:33.463;34775213
1;04-03-2025 22:46:14.823;04-03-2025 13:06:33.463;34781360
1;04-03-2025 22:46:15.386;04-03-2025 13:06:33.463;34781923
1;04-03-2025 22:46:20.018;04-03-2025 13:06:33.463;34786555
1;04-03-2025 22:46:20.355;04-03-2025 13:06:33.463;34786892
1;04-03-2025 22:46:22.756;04-03-2025 13:06:33.463;34789293
1;04-03-2025 22:46:30.345;04-03-2025 13:06:33.463;34796882
1;04-03-2025 22:46:38.379;04-03-2025 13:06:33.463;34804916
1;04-03-2025 22:46:38.492;04-03-2025 13:06:33.463;34805029
1;04-03-2025 22:46:39.053;04-03-2025 13:06:33.463;34805590
1;04-03-2025 22:46:46.937;04-03-2025 13:06:33.463;34813474
1;04-03-2025 22:46:53.877;04-03-2025 13:06:33.463;34820414
1;04-03-2025 22:46:56.548;04-03-2025 13:06:33.463;34823085
1;04-03-2025 22:47:01.760;04-03-2025 13:06:33.463;34828297
1;04-03-2025 22:47:07.476;04-03-2025 13:06:33.463;34834013
1;04-03-2025 22:47:12.279;04-03-2025 13:06:33.463;34838816
1;04-03-2025 22:47:27.166;04-03-2025 13:06:33.463;34853703
1;04-03-2025 22:47:33.652;04-03-2025 13:06:33.463;34860189
1;04-03-2025 22:47:34.988;04-03-2025 13:06:33.463;34861525
1;04-03-2025 22:47:38.265;04-03-2025 13:06:33.463;34864802
1;04-03-2025 22:47:39.431;04-03-2025 13:06:33.463;34865968
1;04-03-2025 22:47:41.148;04-03-2025 13:06:33.463;34867685
1;04-03-2025 22:47:42.216;04-03-2025 13:06:33.463;34868753
1;04-03-2025 22:47:57.477;04-03-2025 13:06:33.463;34884014
1;04-03-2025 22:48:09.122;04-03-2025 13:06:33.463;34895659
1;04-03-2025 22:48:10.709;04-03-2025 13:06:33.463;34897246
1;04-03-2025 22:48:11.701;04-03-2025 13:06:33.463;34898238
1;04-03-2025 22:48:12.269;04-03-2025 13:06:33.463;34898806
1;04-03-2025 22:48:21.876;04-03-2025 13:06:33.463;34908413
1;04-03-2025 22:48:29.368;04-03-2025 13:06:33.463;34915905
1;04-03-2025 22:48:43.096;04-03-2025 13:06:33.463;34929633
1;04-03-2025 22:48:46.095;04-03-2025 13:06:33.463;34932632
1;04-03-2025 22:48:50.360;04-03-2025 13:06:33.463;34936897
1;04-03-2025 22:48:54.749;04-03-2025 13:06:33.463;34941286
1;04-03-2025 22:48:54.832;04-03-2025 13:06:33.463;34941369
1;04-03-2025 22:48:57.451;04-03-2025 13:06:33.463;34943988
1;04-03-2025 22:49:10.055;04-03-2025 13:06:33.463;34956592
1;04-03-2025 22:49:10.915;04-03-2025 13:06:33.463;34957452
1;04-03-2025 22:49:10.925;04-03-2025 13:06:33.463;34957462
1;04-03-2025 22:49:11.242;04-03-2025 13:06:33.463;34957779
1;04-03-2025 22:49:11.586;04-03-2025 13:06:33.463;34958123
1;04-03-2025 22:49:22.999;04-03-2025 13:06:33.463;34969536
1;04-03-2025 22:49:25.419;04-03-2025 13:06:33.463;34971956
1;04-03-2025 22:49:29.208;04-03-2025 13:06:33.463;34975745
1;04-03-2025 22:49:38.370;04-03-2025 13:06:33.463;34984907
1;04-03-2025 22:49:42.224;04-03-2025 13:06:33.463;34988761
1;04-03-2025 22:49:55.226;04-03-2025 13:06:33.463;35001763
1;04-03-2025 22:49:59.396;04-03-2025 13:06:33.463;35005933
1;04-03-2025 22:49:59.841;04-03-2025 13:06:33.463;35006378
1;04-03-2025 22:50:07.637;04-03-2025 13:06:33.463;35014174
1;04-03-2025 22:50:14.620;04-03-2025 13:06:33.463;35021157
1;04-03-2025 22:50:14.966;04-03-2025 13:06:33.463;35021503
1;04-03-2025 22:50:16.646;04-03-2025 13:06:33.463;35023183
1;04-03-2025 22:50:30.214;04-03-2025 13:06:33.463;35036751
1;04-03-2025 22:50:30.338;04-03-2025 13:06:33.463;35036875
1;04-03-2025 22:50:33.057;04-03-2025 13:06:33.463;35039594
1;04-03-2025 22:50:35.936;04-03-2025 13:06:33.463;35042473
1;04-03-2025 22:50:43.725;04-03-2025 13:06:33.463;35050262
1;04-03-2025 22:50:50.249;04-03-2025 13:06:33.463;35056786
1;04-03-2025 22:50:52.846;04-03-2025 13:06:33.463;35059383
1;04-03-2025 22:50:53.531;04-03-2025 13:06:33.463;35060068
1;04-03-2025 22:51:09.715;04-03-2025 13:06:33.463;35076252
1;04-03-2025 22:51:22.849;04-03-2025 13:06:33.463;35089386
1;04-03-2025 22:51:23.738;04-03-2025 13:06:33.463;35090275
1;04-03-2025 22:51:24.160;04-03-2025 13:06:33.463;35090697
1;04-03-2025 22:51:29.238;04-03-2025 13:06:33.463;35095775
1;04-03-2025 22:51:32.755;04-03-2025 13:06:33.463;35099292
1;04-03-2025 22:51:34.864;04-03-2025 13:06:33.463;35101401
1;04-03-2025 22:51:48.156;04-03-2025 13:06:33.463;35114693
1;04-03-2025 22:51:51.781;04-03-2025 13:06:33.463;35118318
1;04-03-2025 22:51:55.589;04-03-2025 13:06:33.463;35122126
1;04-03-2025 22:51:56.103;04-03-2025 13:06:33.463;35122640
1;04-03-2025 22:51:57.014;04-03-2025 13:06:33.463;35123551
1;04-03-2025 22:52:00.478;04-03-2025 13:06:33.463;35127015
1;04-03-2025 22:52:12.041;04-03-2025 13:06:33.463;35138578
1;04-03-2025 22:52:22.233;04-03-2025 13:06:33.463;35148770
1;04-03-2025 22:52:23.313;04-03-2025 13:06:33.463;35149850
1;04-03-2025 22:52:24.563;04-03-2025 13:06:33.463;35151100
1;04-03-2025 22:52:30.562;04-03-2025 13:06:33.463;35157099
1;04-03-2025 22:52:38.490;04-03-2025 13:06:33.463;35165027
1;04-03-2025 22:52:44.297;04-03-2025 13:06:33.463;35170834
1;04-03-2025 22:52:50.012;04-03-2025 13:06:33.463;35176549
1;04-03-2025 22:52:59.296;04-03-2025 13:06:33.463;35185833
1;04-03-2025 22:52:59.611;04-03-2025 13:06:33.463;35186148
1;04-03-2025 22:53:01.544;04-03-2025 13:06:33.463;35188081
1;04-03-2025 22:53:02.602;04-03-2025 13:06:33.463;35189139
1;04-03-2025 22:53:09.301;04-03-2025 13:06:33.463;35195838
1;04-03-2025 22:53:10.593;04-03-2025 13:06:33.463;35197130
1;04-03-2025 22:53:15.103;04-03-2025 13:06:33.463;35201640
1;04-03-2025 22:53:22.113;04-03-2025 13:06:33.463;35208650
1;04-03-2025 22:53:24.208;04-03-2025 13:06:33.463;35210745
1;04-03-2025 22:53:27.317;04-03-2025 13:06:33.463;35213854
1;04-03-2025 22:53:36.666;04-03-2025 13:06:33.463;35223203
1;04-03-2025 22:53:50.111;04-03-2025 13:06:33.463;35236648
1;04-03-2025 22:53:51.936;04-03-2025 13:06:33.463;35238473
1;04-03-2025 22:53:52.944;04-03-2025 13:06:33.463;35239481
1;04-03-2025 22:53:58.220;04-03-2025 13:06:33.463;35244757
1;04-03-2025 22:54:09.996;04-03-2025 13:06:33.463;35256533
1;04-03-2025 22:54:11.276;04-03-2025 13:06:33.463;35257813
1;04-03-2025 22:54:11.843;04-03-2025 13:06:33.463;35258380
1;04-03-2025 22:54:17.078;04-03-2025 13:06:33.463;35263615
1;04-03-2025 22:54:18.007;04-03-2025 13:06:33.463;35264544
1;04-03-2025 22:54:23.012;04-03-2025 13:06:33.463;35269549
1;04-03-2025 22:54:28.278;04-03-2025 13:06:33.463;35274815
1;04-03-2025 22:54:29.014;04-03-2025 13:06:33.463;35275551
1;04-03-2025 22:54:36.667;04-03-2025 13:06:33.463;35283204
1;04-03-2025 22:54:56.764;04-03-2025 13:06:33.463;35303301
1;04-03-2025 22:54:56.913;04-03-2025 13:06:33.463;35303450
1;04-03-2025 22:55:03.404;04-03-2025 13:06:33.463;35309941
1;04-03-2025 22:55:05.626;04-03-2025 13:06:33.463;35312163
1;04-03-2025 22:55:06.981;04-03-2025 13:06:33.463;35313518
1;04-03-2025 22:55:12.423;04-03-2025 13:06:33.463;35318960
1;04-03-2025 22:55:13.516;04-03-2025 13:06:33.463;35320053
1;04-03-2025 22:55:29.802;04-03-2025 13:06:33.463;35336339
1;04-03-2025 22:55:35.027;04-03-2025 13:06:33.463;35341564
1;04-03-2025 22:55:35.600;04-03-2025 13:06:33.463;35342137
1;04-03-2025 22:55:39.066;04-03-2025 13:06:33.463;35345603
1;04-03-2025 22:55:42.950;04-03-2025 13:06:33.463;35349487
1;04-03-2025 22:55:44.668;04-03-2025 13:06:33.463;35351205
1;04-03-2025 22:55:56.208;04-03-2025 13:06:33.463;35362745
1;04-03-2025 22:55:58.039;04-03-2025 13:06:33.463;35364576
1;04-03-2025 22:56:00.616;04-03-2025 13:06:33.463;35367153
1;04-03-2025 22:56:09.580;04-03-2025 13:06:33.463;35376117
1;04-03-2025 22:56:17.100;04-03-2025 13:06:33.463;35383637
1;04-03-2025 22:56:18.180;04-03-2025 13:06:33.463;35384717
1;04-03-2025 22:56:22.915;04-03-2025 13:06:33.463;35389452
1;04-03-2025 22:56:23.944;04-03-2025 13:06:33.463;35390481
1;04-03-2025 22:56:34.686;04-03-2025 13:06:33.463;35401223
1;04-03-2025 22:56:40.998;04-03-2025 13:06:33.463;35407535
1;04-03-2025 22:56:47.490;04-03-2025 13:06:33.463;35414027
1;04-03-2025 22:56:56.542;04-03-2025 13:06:33.463;35423079
1;04-03-2025 22:57:03.279;04-03-2025 13:06:33.463;35429816
1;04-03-2025 22:57:07.197;04-03-2025 13:06:33.463;35433734
1;04-03-2025 22:57:09.798;04-03-2025 13:06:33.463;35436335
1;04-03-2025 22:57:09.827;04-03-2025 13:06:33.463;35436364
1;04-03-2025 22:57:25.230;04-03-2025 13:06:33.463;35451767
1;04-03-2025 22:57:26.230;04-03-2025 13:06:33.463;35452767
1;04-03-2025 22:57:31.052;04-03-2025 13:06:33.463;35457589
1;04-03-2025 22:57:33.190;04-03-2025 13:06:33.463;35459727
1;04-03-2025 22:57:36.030;04-03-2025 13:06:33.463;35462567
1;04-03-2025 22:57:39.342;04-03-2025 13:06:33.463;35465879
1;04-03-2025 22:57:45.740;04-03-2025 13:06:33.463;35472277
1;04-03-2025 22:57:47.634;04-03-2025 13:06:33.463;35474171
1;04-03-2025 22:57:49.646;04-03-2025 13:06:33.463;35476183
1;04-03-2025 22:58:06.180;04-03-2025 13:06:33.463;35492717
1;04-03-2025 22:58:08.021;04-03-2025 13:06:33.463;35494558
1;04-03-2025 22:58:11.349;04-03-2025 13:06:33.463;35497886
1;04-03-2025 22:58:14.921;04-03-2025 13:06:33.463;35501458
1;04-03-2025 22:58:18.093;04-03-2025 13:06:33.463;35504630
1;04-03-2025 22:58:24.513;04-03-2025 13:06:33.463;35511050
1;04-03-2025 22:58:37.454;04-03-2025 13:06:33.463;35523991
1;04-03-2025 22:58:44.085;04-03-2025 13:06:33.463;35530622
1;04-03-2025 22:58:44.531;04-03-2025 13:06:33.463;35531068
1;04-03-2025 22:58:47.447;04-03-2025 13:06:33.463;35533984
1;04-03-2025 22:58:51.670;04-03-2025 13:06:33.463;35538207
1;04-03-2025 22:58:57.999;04-03-2025 13:06:33.463;35544536
1;04-03-2025 22:59:04.646;04-03-2025 13:06:33.463;35551183
1;04-03-2025 22:59:08.521;04-03-2025 13:06:33.463;35555058
1;04-03-2025 22:59:13.784;04-03-2025 13:06:33.463;35560321
1;04-03-2025 22:59:17.619;04-03-2025 13:06:33.463;35564156
1;04-03-2025 22:59:18.917;04-03-2025 13:06:33.463;35565454
1;04-03-2025 22:59:21.191;04-03-2025 13:06:33.463;35567728
1;04-03-2025 22:59:30.535;04-03-2025 13:06:33.463;35577072
1;04-03-2025 22:59:31.489;04-03-2025 13:06:33.463;35578026
1;04-03-2025 22:59:33.242;04-03-2025 13:06:33.463;35579779
1;04-03-2025 22:59:43.757;04-03-2025 13:06:33.463;35590294
1;04-03-2025 22:59:51.090;04-03-2025 13:06:33.463;35597627
1;04-03-2025 22:59:57.424;04-03-2025 13:06:33.463;35603961
1;04-03-2025 23:00:03.306;04-03-2025 13:06:33.463;35609843
1;04-03-2025 23:00:03.719;04-03-2025 13:06:33.463;35610256
1;04-03-2025 23:00:05.648;04-03-2025 13:06:33.463;35612185
1;04-03-2025 23:00:20.484;04-03-2025 13:06:33.463;35627021
1;04-03-2025 23:00:25.402;04-03-2025 13:06:33.463;35631939
1;04-03-2025 23:00:27.487;04-03-2025 13:06:33.463;35634024
1;04-03-2025 23:00:30.143;04-03-2025 13:06:33.463;35636680
1;04-03-2025 23:00:34.314;04-03-2025 13:06:33.463;35640851
1;04-03-2025 23:00:37.038;04-03-2025 13:06:33.463;35643575
1;04-03-2025 23:00:42.092;04-03-2025 13:06:33.463;35648629
1;04-03-2025 23:00:45.026;04-03-2025 13:06:33.463;35651563
1;04-03-2025 23:00:49.061;04-03-2025 13:06:33.463;35655598
1;04-03-2025 23:00:55.716;04-03-2025 13:06:33.463;35662253
1;04-03-2025 23:01:01.284;04-03-2025 13:06:33.463;35667821
1;04-03-2025 23:01:08.712;04-03-2025 13:06:33.463;35675249
1;04-03-2025 23:01:13.121;04-03-2025 13:06:33.463;35679658
1;04-03-2025 23:01:16.698;04-03-2025 13:06:33.463;35683235
1;04-03-2025 23:01:29.695;04-03-2025 13:06:33.463;35696232
1;04-03-2025 23:01:35.005;04-03-2025 13:06:33.463;35701542
1;04-03-2025 23:01:35.723;04-03-2025 13:06:33.463;35702260
1;04-03-2025 23:01:38.712;04-03-2025 13:06:33.463;35705249
1;04-03-2025 23:01:38.969;04-03-2025 13:06:33.463;35705506
1;04-03-2025 23:01:47.131;04-03-2025 13:06:33.463;35713668
1;04-03-2025 23:01:51.785;04-03-2025 13:06:33.463;35718322
1;04-03-2025 23:01:59.208;04-03-2025 13:06:33.463;35725745
1;04-03-2025 23:02:06.620;04-03-2025 13:06:33.463;35733157
1;04-03-2025 23:02:13.557;04-03-2025 13:06:33.463;35740094
1;04-03-2025 23:02:16.710;04-03-2025 13:06:33.463;35743247
1;04-03-2025 23:02:20.009;04-03-2025 13:06:33.463;35746546
1;04-03-2025 23:02:26.586;04-03-2025 13:06:33.463;35753123
1;04-03-2025 23:02:31.803;04-03-2025 13:06:33.463;35758340
1;04-03-2025 23:02:43.778;04-03-2025 13:06:33.463;35770315
1;04-03-2025 23:02:44.620;04-03-2025 13:06:33.463;35771157
1;04-03-2025 23:02:47.394;04-03-2025 13:06:33.463;35773931
1;04-03-2025 23:02:50.257;04-03-2025 13:06:33.463;35776794
1;04-03-2025 23:02:53.630;04-03-2025 13:06:33.463;35780167
1;04-03-2025 23:02:56.794;04-03-2025 13:06:33.463;35783331
1;04-03-2025 23:03:07.352;04-03-2025 13:06:33.463;35793889
1;04-03-2025 23:03:08.213;04-03-2025 13:06:33.463;35794750
1;04-03-2025 23:03:11.853;04-03-2025 13:06:33.463;35798390
1;04-03-2025 23:03:21.065;04-03-2025 13:06:33.463;35807602
1;04-03-2025 23:03:33.137;04-03-2025 13:06:33.463;35819674
1;04-03-2025 23:03:37.392;04-03-2025 13:06:33.463;35823929
1;04-03-2025 23:03:39.761;04-03-2025 13:06:33.463;35826298
1;04-03-2025 23:03:45.390;04-03-2025 13:06:33.463;35831927
1;04-03-2025 23:03:48.746;04-03-2025 13:06:33.463;35835283
1;04-03-2025 23:03:52.445;04-03-2025 13:06:33.463;35838982
1;04-03-2025 23:03:57.561;04-03-2025 13:06:33.463;35844098
1;04-03-2025 23:03:57.834;04-03-2025 13:06:33.463;35844371
1;04-03-2025 23:04:01.534;04-03-2025 13:06:33.463;35848071
1;04-03-2025 23:04:05.430;04-03-2025 13:06:33.463;35851967
1;04-03-2025 23:04:12.950;04-03-2025 13:06:33.463;35859487
1;04-03-2025 23:04:18.411;04-03-2025 13:06:33.463;35864948
1;04-03-2025 23:04:23.933;04-03-2025 13:06:33.463;35870470
1;04-03-2025 23:04:25.854;04-03-2025 13:06:33.463;35872391
1;04-03-2025 23:04:34.266;04-03-2025 13:06:33.463;35880803
1;04-03-2025 23:04:46.994;04-03-2025 13:06:33.463;35893531
1;04-03-2025 23:04:49.397;04-03-2025 13:06:33.463;35895934
1;04-03-2025 23:04:51.325;04-03-2025 13:06:33.463;35897862
1;04-03-2025 23:04:55.336;04-03-2025 13:06:33.463;35901873
1;04-03-2025 23:04:57.313;04-03-2025 13:06:33.463;35903850
1;04-03-2025 23:05:04.807;04-03-2025 13:06:33.463;35911344
1;04-03-2025 23:05:07.085;04-03-2025 13:06:33.463;35913622
1;04-03-2025 23:05:10.288;04-03-2025 13:06:33.463;35916825
1;04-03-2025 23:05:16.816;04-03-2025 13:06:33.463;35923353
1;04-03-2025 23:05:23.132;04-03-2025 13:06:33.463;35929669
1;04-03-2025 23:05:28.540;04-03-2025 13:06:33.463;35935077
1;04-03-2025 23:05:28.752;04-03-2025 13:06:33.463;35935289
1;04-03-2025 23:05:31.617;04-03-2025 13:06:33.463;35938154
1;04-03-2025 23:05:48.722;04-03-2025 13:06:33.463;35955259
1;04-03-2025 23:05:51.887;04-03-2025 13:06:33.463;35958424
1;04-03-2025 23:05:55.581;04-03-2025 13:06:33.463;35962118
1;04-03-2025 23:05:59.268;04-03-2025 13:06:33.463;35965805
1;04-03-2025 23:06:01.567;04-03-2025 13:06:33.463;35968104
1;04-03-2025 23:06:11.459;04-03-2025 13:06:33.463;35977996
1;04-03-2025 23:06:24.637;04-03-2025 13:06:33.463;35991174
1;04-03-2025 23:06:31.094;04-03-2025 13:06:33.463;35997631
1;04-03-2025 23:06:33.183;04-03-2025 13:06:33.463;35999720
1;04-03-2025 23:06:33.521;04-03-2025 13:06:33.463;36000058
1;04-03-2025 23:06:39.501;04-03-2025 13:06:33.463;36006038
1;04-03-2025 23:06:42.193;04-03-2025 13:06:33.463;36008730
1;04-03-2025 23:06:49.595;04-03-2025 13:06:33.463;36016132
1;04-03-2025 23:06:50.980;04-03-2025 13:06:33.463;36017517
1;04-03-2025 23:07:01.147;04-03-2025 13:06:33.463;36027684
1;04-03-2025 23:07:04.128;04-03-2025 13:06:33.463;36030665
1;04-03-2025 23:07:05.936;04-03-2025 13:06:33.463;36032473
1;04-03-2025 23:07:07.716;04-03-2025 13:06:33.463;36034253
1;04-03-2025 23:07:10.125;04-03-2025 13:06:33.463;36036662
1;04-03-2025 23:07:16.821;04-03-2025 13:06:33.463;36043358
1;04-03-2025 23:07:20.480;04-03-2025 13:06:33.463;36047017
1;04-03-2025 23:07:24.031;04-03-2025 13:06:33.463;36050568
1;04-03-2025 23:07:27.050;04-03-2025 13:06:33.463;36053587
1;04-03-2025 23:07:28.260;04-03-2025 13:06:33.463;36054797
1;04-03-2025 23:07:45.884;04-03-2025 13:06:33.463;36072421
1;04-03-2025 23:07:48.288;04-03-2025 13:06:33.463;36074825
1;04-03-2025 23:07:50.718;04-03-2025 13:06:33.463;36077255
1;04-03-2025 23:07:53.706;04-03-2025 13:06:33.463;36080243
1;04-03-2025 23:08:08.564;04-03-2025 13:06:33.463;36095101
1;04-03-2025 23:08:10.146;04-03-2025 13:06:33.463;36096683
1;04-03-2025 23:08:17.478;04-03-2025 13:06:33.463;36104015
1;04-03-2025 23:08:24.494;04-03-2025 13:06:33.463;36111031
1;04-03-2025 23:08:25.520;04-03-2025 13:06:33.463;36112057
1;04-03-2025 23:08:25.975;04-03-2025 13:06:33.463;36112512
1;04-03-2025 23:08:30.356;04-03-2025 13:06:33.463;36116893
1;04-03-2025 23:08:43.606;04-03-2025 13:06:33.463;36130143
1;04-03-2025 23:08:45.989;04-03-2025 13:06:33.463;36132526
1;04-03-2025 23:08:51.078;04-03-2025 13:06:33.463;36137615
1;04-03-2025 23:08:53.152;04-03-2025 13:06:33.463;36139689
1;04-03-2025 23:09:03.566;04-03-2025 13:06:33.463;36150103
1;04-03-2025 23:09:13.680;04-03-2025 13:06:33.463;36160217
1;04-03-2025 23:09:14.244;04-03-2025 13:06:33.463;36160781
1;04-03-2025 23:09:21.482;04-03-2025 13:06:33.463;36168019
1;04-03-2025 23:09:24.091;04-03-2025 13:06:33.463;36170628
1;04-03-2025 23:09:24.602;04-03-2025 13:06:33.463;36171139
1;04-03-2025 23:09:31.201;04-03-2025 13:06:33.463;36177738
1;04-03-2025 23:09:32.040;04-03-2025 13:06:33.463;36178577
1;04-03-2025 23:09:32.140;04-03-2025 13:06:33.463;36178677
1;04-03-2025 23:09:42.380;04-03-2025 13:06:33.463;36188917
1;04-03-2025 23:10:00.421;04-03-2025 13:06:33.463;36206958
1;04-03-2025 23:10:01.705;04-03-2025 13:06:33.463;36208242
1;04-03-2025 23:10:05.602;04-03-2025 13:06:33.463;36212139
1;04-03-2025 23:10:06.902;04-03-2025 13:06:33.463;36213439
1;04-03-2025 23:10:12.478;04-03-2025 13:06:33.463;36219015
1;04-03-2025 23:10:17.634;04-03-2025 13:06:33.463;36224171
1;04-03-2025 23:10:23.278;04-03-2025 13:06:33.463;36229815
1;04-03-2025 23:10:23.759;04-03-2025 13:06:33.463;36230296
1;04-03-2025 23:10:24.636;04-03-2025 13:06:33.463;36231173
1;04-03-2025 23:10:30.696;04-03-2025 13:06:33.463;36237233
1;04-03-2025 23:10:36.915;04-03-2025 13:06:33.463;36243452
1;04-03-2025 23:10:37.030;04-03-2025 13:06:33.463;36243567
1;04-03-2025 23:10:47.659;04-03-2025 13:06:33.463;36254196
1;04-03-2025 23:10:51.993;04-03-2025 13:06:33.463;36258530
1;04-03-2025 23:11:06.496;04-03-2025 13:06:33.463;36273033
1;04-03-2025 23:11:14.022;04-03-2025 13:06:33.463;36280559
1;04-03-2025 23:11:15.670;04-03-2025 13:06:33.463;36282207
1;04-03-2025 23:11:16.493;04-03-2025 13:06:33.463;36283030
1;04-03-2025 23:11:21.480;04-03-2025 13:06:33.463;36288017
1;04-03-2025 23:11:25.207;04-03-2025 13:06:33.463;36291744
1;04-03-2025 23:11:27.853;04-03-2025 13:06:33.463;36294390
1;04-03-2025 23:11:28.881;04-03-2025 13:06:33.463;36295418
1;04-03-2025 23:11:38.775;04-03-2025 13:06:33.463;36305312
1;04-03-2025 23:11:49.468;04-03-2025 13:06:33.463;36316005
1;04-03-2025 23:11:58.566;04-03-2025 13:06:33.463;36325103
1;04-03-2025 23:12:02.529;04-03-2025 13:06:33.463;36329066
1;04-03-2025 23:12:08.344;04-03-2025 13:06:33.463;36334881
1;04-03-2025 23:12:08.654;04-03-2025 13:06:33.463;36335191
1;04-03-2025 23:12:09.228;04-03-2025 13:06:33.463;36335765
1;04-03-2025 23:12:10.811;04-03-2025 13:06:33.463;36337348
1;04-03-2025 23:12:25.213;04-03-2025 13:06:33.463;36351750
1;04-03-2025 23:12:30.562;04-03-2025 13:06:33.463;36357099
1;04-03-2025 23:12:31.426;04-03-2025 13:06:33.463;36357963
1;04-03-2025 23:12:37.544;04-03-2025 13:06:33.463;36364081
1;04-03-2025 23:12:41.032;04-03-2025 13:06:33.463;36367569
1;04-03-2025 23:12:44.405;04-03-2025 13:06:33.463;36370942
1;04-03-2025 23:12:52.503;04-03-2025 13:06:33.463;36379040
1;04-03-2025 23:12:53.008;04-03-2025 13:06:33.463;36379545
1;04-03-2025 23:12:54.395;04-03-2025 13:06:33.463;36380932
1;04-03-2025 23:13:03.159;04-03-2025 13:06:33.463;36389696
1;04-03-2025 23:13:08.991;04-03-2025 13:06:33.463;36395528
1;04-03-2025 23:13:12.082;04-03-2025 13:06:33.463;36398619
1;04-03-2025 23:13:20.036;04-03-2025 13:06:33.463;36406573
1;04-03-2025 23:13:24.063;04-03-2025 13:06:33.463;36410600
1;04-03-2025 23:13:27.029;04-03-2025 13:06:33.463;36413566
1;04-03-2025 23:13:27.884;04-03-2025 13:06:33.463;36414421
1;04-03-2025 23:13:29.160;04-03-2025 13:06:33.463;36415697
1;04-03-2025 23:13:33.255;04-03-2025 13:06:33.463;36419792
1;04-03-2025 23:13:48.438;04-03-2025 13:06:33.463;36434975
1;04-03-2025 23:13:50.157;04-03-2025 13:06:33.463;36436694
1;04-03-2025 23:13:50.841;04-03-2025 13:06:33.463;36437378
1;04-03-2025 23:14:09.447;04-03-2025 13:06:33.463;36455984
1;04-03-2025 23:14:14.310;04-03-2025 13:06:33.463;36460847
1;04-03-2025 23:14:16.001;04-03-2025 13:06:33.463;36462538
1;04-03-2025 23:14:21.842;04-03-2025 13:06:33.463;36468379
1;04-03-2025 23:14:26.661;04-03-2025 13:06:33.463;36473198
1;04-03-2025 23:14:40.626;04-03-2025 13:06:33.463;36487163
1;04-03-2025 23:14:44.323;04-03-2025 13:06:33.463;36490860
1;04-03-2025 23:14:45.442;04-03-2025 13:06:33.463;36491979
1;04-03-2025 23:14:50.415;04-03-2025 13:06:33.463;36496952
1;04-03-2025 23:14:51.675;04-03-2025 13:06:33.463;36498212
1;04-03-2025 23:14:58.194;04-03-2025 13:06:33.463;36504731
1;04-03-2025 23:15:02.973;04-03-2025 13:06:33.463;36509510
1;04-03-2025 23:15:03.357;04-03-2025 13:06:33.463;36509894
1;04-03-2025 23:15:05.164;04-03-2025 13:06:33.463;36511701
1;04-03-2025 23:15:19.161;04-03-2025 13:06:33.463;36525698
1;04-03-2025 23:15:22.916;04-03-2025 13:06:33.463;36529453
1;04-03-2025 23:15:25.430;04-03-2025 13:06:33.463;36531967
1;04-03-2025 23:15:29.032;04-03-2025 13:06:33.463;36535569
1;04-03-2025 23:15:32.916;04-03-2025 13:06:33.463;36539453
1;04-03-2025 23:15:45.888;04-03-2025 13:06:33.463;36552425
1;04-03-2025 23:15:46.795;04-03-2025 13:06:33.463;36553332
1;04-03-2025 23:15:53.048;04-03-2025 13:06:33.463;36559585
1;04-03-2025 23:15:53.277;04-03-2025 13:06:33.463;36559814
1;04-03-2025 23:15:53.994;04-03-2025 13:06:33.463;36560531
1;04-03-2025 23:16:00.247;04-03-2025 13:06:33.463;36566784
1;04-03-2025 23:16:05.125;04-03-2025 13:06:33.463;36571662
1;04-03-2025 23:16:15.895;04-03-2025 13:06:33.463;36582432
1;04-03-2025 23:16:18.994;04-03-2025 13:06:33.463;36585531
1;04-03-2025 23:16:23.164;04-03-2025 13:06:33.463;36589701
1;04-03-2025 23:16:28.601;04-03-2025 13:06:33.463;36595138
1;04-03-2025 23:16:29.656;04-03-2025 13:06:33.463;36596193
1;04-03-2025 23:16:30.665;04-03-2025 13:06:33.463;36597202
1;04-03-2025 23:16:49.567;04-03-2025 13:06:33.463;36616104
1;04-03-2025 23:16:53.841;04-03-2025 13:06:33.463;36620378
1;04-03-2025 23:16:58.164;04-03-2025 13:06:33.463;36624701
1;04-03-2025 23:17:01.502;04-03-2025 13:06:33.463;36628039
1;04-03-2025 23:17:05.970;04-03-2025 13:06:33.463;36632507
1;04-03-2025 23:17:11.125;04-03-2025 13:06:33.463;36637662
1;04-03-2025 23:17:19.501;04-03-2025 13:06:33.463;36646038
1;04-03-2025 23:17:20.904;04-03-2025 13:06:33.463;36647441
1;04-03-2025 23:17:29.012;04-03-2025 13:06:33.463;36655549
1;04-03-2025 23:17:31.016;04-03-2025 13:06:33.463;36657553
1;04-03-2025 23:17:36.618;04-03-2025 13:06:33.463;36663155
1;04-03-2025 23:17:49.633;04-03-2025 13:06:33.463;36676170
1;04-03-2025 23:17:53.478;04-03-2025 13:06:33.463;36680015
1;04-03-2025 23:17:55.451;04-03-2025 13:06:33.463;36681988
1;04-03-2025 23:18:03.393;04-03-2025 13:06:33.463;36689930
1;04-03-2025 23:18:06.119;04-03-2025 13:06:33.463;36692656
1;04-03-2025 23:18:12.535;04-03-2025 13:06:33.463;36699072
1;04-03-2025 23:18:14.302;04-03-2025 13:06:33.463;36700839
1;04-03-2025 23:18:14.368;04-03-2025 13:06:33.463;36700905
1;04-03-2025 23:18:16.326;04-03-2025 13:06:33.463;36702863
1;04-03-2025 23:18:19.253;04-03-2025 13:06:33.463;36705790
1;04-03-2025 23:18:26.985;04-03-2025 13:06:33.463;36713522
1;04-03-2025 23:18:35.306;04-03-2025 13:06:33.463;36721843
1;04-03-2025 23:18:46.414;04-03-2025 13:06:33.463;36732951
1;04-03-2025 23:18:47.845;04-03-2025 13:06:33.463;36734382
1;04-03-2025 23:18:50.757;04-03-2025 13:06:33.463;36737294
1;04-03-2025 23:18:51.057;04-03-2025 13:06:33.463;36737594
1;04-03-2025 23:19:01.730;04-03-2025 13:06:33.463;36748267
1;04-03-2025 23:19:18.250;04-03-2025 13:06:33.463;36764787
1;04-03-2025 23:19:20.266;04-03-2025 13:06:33.463;36766803
1;04-03-2025 23:19:25.121;04-03-2025 13:06:33.463;36771658
1;04-03-2025 23:19:28.521;04-03-2025 13:06:33.463;36775058
1;04-03-2025 23:19:33.561;04-03-2025 13:06:33.463;36780098
1;04-03-2025 23:19:35.407;04-03-2025 13:06:33.463;36781944
1;04-03-2025 23:19:43.230;04-03-2025 13:06:33.463;36789767
1;04-03-2025 23:19:45.808;04-03-2025 13:06:33.463;36792345
1;04-03-2025 23:19:51.936;04-03-2025 13:06:33.463;36798473
1;04-03-2025 23:19:55.815;04-03-2025 13:06:33.463;36802352
1;04-03-2025 23:19:57.482;04-03-2025 13:06:33.463;36804019
1;04-03-2025 23:19:58.063;04-03-2025 13:06:33.463;36804600
1;04-03-2025 23:19:59.398;04-03-2025 13:06:33.463;36805935
1;04-03-2025 23:20:01.425;04-03-2025 13:06:33.463;36807962
1;04-03-2025 23:20:02.805;04-03-2025 13:06:33.463;36809342
1;04-03-2025 23:20:13.095;04-03-2025 13:06:33.463;36819632
1;04-03-2025 23:20:16.240;04-03-2025 13:06:33.463;36822777
1;04-03-2025 23:20:38.805;04-03-2025 13:06:33.463;36845342
1;04-03-2025 23:20:39.203;04-03-2025 13:06:33.463;36845740
1;04-03-2025 23:20:40.585;04-03-2025 13:06:33.463;36847122
1;04-03-2025 23:20:41.059;04-03-2025 13:06:33.463;36847596
1;04-03-2025 23:20:44.177;04-03-2025 13:06:33.463;36850714
1;04-03-2025 23:20:57.457;04-03-2025 13:06:33.463;36863994
1;04-03-2025 23:20:57.969;04-03-2025 13:06:33.463;36864506
1;04-03-2025 23:20:58.698;04-03-2025 13:06:33.463;36865235
1;04-03-2025 23:21:07.297;04-03-2025 13:06:33.463;36873834
1;04-03-2025 23:21:07.421;04-03-2025 13:06:33.463;36873958
1;04-03-2025 23:21:17.813;04-03-2025 13:06:33.463;36884350
1;04-03-2025 23:21:25.855;04-03-2025 13:06:33.463;36892392
1;04-03-2025 23:21:42.095;04-03-2025 13:06:33.463;36908632
1;04-03-2025 23:21:46.413;04-03-2025 13:06:33.463;36912950
1;04-03-2025 23:21:47.915;04-03-2025 13:06:33.463;36914452
1;04-03-2025 23:21:50.737;04-03-2025 13:06:33.463;36917274
1;04-03-2025 23:21:52.446;04-03-2025 13:06:33.463;36918983
1;04-03-2025 23:21:58.719;04-03-2025 13:06:33.463;36925256
1;04-03-2025 23:22:05.444;04-03-2025 13:06:33.463;36931981
1;04-03-2025 23:22:09.390;04-03-2025 13:06:33.463;36935927
1;04-03-2025 23:22:15.668;04-03-2025 13:06:33.463;36942205
1;04-03-2025 23:22:20.269;04-03-2025 13:06:33.463;36946806
1;04-03-2025 23:22:27.893;04-03-2025 13:06:33.463;36954430
1;04-03-2025 23:22:29.388;04-03-2025 13:06:33.463;36955925
1;04-03-2025 23:22:34.347;04-03-2025 13:06:33.463;36960884
1;04-03-2025 23:22:36.397;04-03-2025 13:06:33.463;36962934
1;04-03-2025 23:22:37.465;04-03-2025 13:06:33.463;36964002
1;04-03-2025 23:22:40.680;04-03-2025 13:06:33.463;36967217
1;04-03-2025 23:22:42.419;04-03-2025 13:06:33.463;36968956
1;04-03-2025 23:22:47.158;04-03-2025 13:06:33.463;36973695
1;04-03-2025 23:23:03.414;04-03-2025 13:06:33.463;36989951
1;04-03-2025 23:23:07.419;04-03-2025 13:06:33.463;36993956
1;04-03-2025 23:23:09.105;04-03-2025 13:06:33.463;36995642
1;04-03-2025 23:23:11.724;04-03-2025 13:06:33.463;36998261
1;04-03-2025 23:23:30.443;04-03-2025 13:06:33.463;37016980
1;04-03-2025 23:23:32.663;04-03-2025 13:06:33.463;37019200
1;04-03-2025 23:23:37.663;04-03-2025 13:06:33.463;37024200
1;04-03-2025 23:23:37.963;04-03-2025 13:06:33.463;37024500
1;04-03-2025 23:23:50.929;04-03-2025 13:06:33.463;37037466
1;04-03-2025 23:23:58.430;04-03-2025 13:06:33.463;37044967
1;04-03-2025 23:23:59.282;04-03-2025 13:06:33.463;37045819
1;04-03-2025 23:24:09.156;04-03-2025 13:06:33.463;37055693
1;04-03-2025 23:24:11.126;04-03-2025 13:06:33.463;37057663
1;04-03-2025 23:24:13.849;04-03-2025 13:06:33.463;37060386
1;04-03-2025 23:24:14.234;04-03-2025 13:06:33.463;37060771
1;04-03-2025 23:24:20.536;04-03-2025 13:06:33.463;37067073
1;04-03-2025 23:24:28.893;04-03-2025 13:06:33.463;37075430
1;04-03-2025 23:24:30.369;04-03-2025 13:06:33.463;37076906
1;04-03-2025 23:24:31.782;04-03-2025 13:06:33.463;37078319
1;04-03-2025 23:24:38.810;04-03-2025 13:06:33.463;37085347
1;04-03-2025 23:24:41.472;04-03-2025 13:06:33.463;37088009
1;04-03-2025 23:24:44.159;04-03-2025 13:06:33.463;37090696
1;04-03-2025 23:24:52.898;04-03-2025 13:06:33.463;37099435
1;04-03-2025 23:24:54.996;04-03-2025 13:06:33.463;37101533
1;04-03-2025 23:25:03.674;04-03-2025 13:06:33.463;37110211
1;04-03-2025 23:25:03.870;04-03-2025 13:06:33.463;37110407
1;04-03-2025 23:25:06.429;04-03-2025 13:06:33.463;37112966
1;04-03-2025 23:25:12.991;04-03-2025 13:06:33.463;37119528
1;04-03-2025 23:25:24.200;04-03-2025 13:06:33.463;37130737
1;04-03-2025 23:25:28.778;04-03-2025 13:06:33.463;37135315
1;04-03-2025 23:25:30.469;04-03-2025 13:06:33.463;37137006
1;04-03-2025 23:25:33.880;04-03-2025 13:06:33.463;37140417
1;04-03-2025 23:25:35.745;04-03-2025 13:06:33.463;37142282
1;04-03-2025 23:25:43.003;04-03-2025 13:06:33.463;37149540
1;04-03-2025 23:25:45.864;04-03-2025 13:06:33.463;37152401
1;04-03-2025 23:25:55.623;04-03-2025 13:06:33.463;37162160
1;04-03-2025 23:25:55.666;04-03-2025 13:06:33.463;37162203
1;04-03-2025 23:26:09.390;04-03-2025 13:06:33.463;37175927
1;04-03-2025 23:26:09.468;04-03-2025 13:06:33.463;37176005
1;04-03-2025 23:26:11.564;04-03-2025 13:06:33.463;37178101
1;04-03-2025 23:26:14.935;04-03-2025 13:06:33.463;37181472
1;04-03-2025 23:26:27.859;04-03-2025 13:06:33.463;37194396
1;04-03-2025 23:26:28.951;04-03-2025 13:06:33.463;37195488
1;04-03-2025 23:26:29.346;04-03-2025 13:06:33.463;37195883
1;04-03-2025 23:26:45.490;04-03-2025 13:06:33.463;37212027
1;04-03-2025 23:26:47.466;04-03-2025 13:06:33.463;37214003
1;04-03-2025 23:26:48.281;04-03-2025 13:06:33.463;37214818
1;04-03-2025 23:26:52.218;04-03-2025 13:06:33.463;37218755
1;04-03-2025 23:26:58.734;04-03-2025 13:06:33.463;37225271
1;04-03-2025 23:26:58.969;04-03-2025 13:06:33.463;37225506
1;04-03-2025 23:27:04.301;04-03-2025 13:06:33.463;37230838
1;04-03-2025 23:27:21.992;04-03-2025 13:06:33.463;37248529
1;04-03-2025 23:27:22.308;04-03-2025 13:06:33.463;37248845
1;04-03-2025 23:27:25.204;04-03-2025 13:06:33.463;37251741
1;04-03-2025 23:27:30.401;04-03-2025 13:06:33.463;37256938
1;04-03-2025 23:27:34.767;04-03-2025 13:06:33.463;37261304
1;04-03-2025 23:27:34.836;04-03-2025 13:06:33.463;37261373
1;04-03-2025 23:27:42.341;04-03-2025 13:06:33.463;37268878
1;04-03-2025 23:27:51.648;04-03-2025 13:06:33.463;37278185
1;04-03-2025 23:27:52.317;04-03-2025 13:06:33.463;37278854
1;04-03-2025 23:28:01.235;04-03-2025 13:06:33.463;37287772
1;04-03-2025 23:28:02.597;04-03-2025 13:06:33.463;37289134
1;04-03-2025 23:28:05.343;04-03-2025 13:06:33.463;37291880
1;04-03-2025 23:28:14.894;04-03-2025 13:06:33.463;37301431
1;04-03-2025 23:28:25.520;04-03-2025 13:06:33.463;37312057
1;04-03-2025 23:28:25.603;04-03-2025 13:06:33.463;37312140
1;04-03-2025 23:28:30.046;04-03-2025 13:06:33.463;37316583
1;04-03-2025 23:28:30.251;04-03-2025 13:06:33.463;37316788
1;04-03-2025 23:28:32.136;04-03-2025 13:06:33.463;37318673
1;04-03-2025 23:28:54.606;04-03-2025 13:06:33.463;37341143
1;04-03-2025 23:28:59.280;04-03-2025 13:06:33.463;37345817
1;04-03-2025 23:29:01.349;04-03-2025 13:06:33.463;37347886
1;04-03-2025 23:29:04.562;04-03-2025 13:06:33.463;37351099
1;04-03-2025 23:29:07.208;04-03-2025 13:06:33.463;37353745
1;04-03-2025 23:29:12.919;04-03-2025 13:06:33.463;37359456
1;04-03-2025 23:29:14.775;04-03-2025 13:06:33.463;37361312
1;04-03-2025 23:29:22.795;04-03-2025 13:06:33.463;37369332
1;04-03-2025 23:29:29.079;04-03-2025 13:06:33.463;37375616
1;04-03-2025 23:29:35.874;04-03-2025 13:06:33.463;37382411
1;04-03-2025 23:29:37.082;04-03-2025 13:06:33.463;37383619
1;04-03-2025 23:29:39.363;04-03-2025 13:06:33.463;37385900
1;04-03-2025 23:29:42.817;04-03-2025 13:06:33.463;37389354
1;04-03-2025 23:29:46.225;04-03-2025 13:06:33.463;37392762
1;04-03-2025 23:29:51.940;04-03-2025 13:06:33.463;37398477
1;04-03-2025 23:29:55.171;04-03-2025 13:06:33.463;37401708
1;04-03-2025 23:30:07.995;04-03-2025 13:06:33.463;37414532
1;04-03-2025 23:30:16.182;04-03-2025 13:06:33.463;37422719
1;04-03-2025 23:30:17.625;04-03-2025 13:06:33.463;37424162
1;04-03-2025 23:30:19.253;04-03-2025 13:06:33.463;37425790
1;04-03-2025 23:30:23.675;04-03-2025 13:06:33.463;37430212
1;04-03-2025 23:30:28.403;04-03-2025 13:06:33.463;37434940
1;04-03-2025 23:30:32.463;04-03-2025 13:06:33.463;37439000
1;04-03-2025 23:30:40.916;04-03-2025 13:06:33.463;37447453
1;04-03-2025 23:30:42.401;04-03-2025 13:06:33.463;37448938
1;04-03-2025 23:30:54.789;04-03-2025 13:06:33.463;37461326
1;04-03-2025 23:31:03.061;04-03-2025 13:06:33.463;37469598
1;04-03-2025 23:31:03.567;04-03-2025 13:06:33.463;37470104
1;04-03-2025 23:31:06.328;04-03-2025 13:06:33.463;37472865
1;04-03-2025 23:31:13.686;04-03-2025 13:06:33.463;37480223
1;04-03-2025 23:31:29.123;04-03-2025 13:06:33.463;37495660
1;04-03-2025 23:31:33.968;04-03-2025 13:06:33.463;37500505
1;04-03-2025 23:31:36.195;04-03-2025 13:06:33.463;37502732
1;04-03-2025 23:31:39.712;04-03-2025 13:06:33.463;37506249
1;04-03-2025 23:31:40.019;04-03-2025 13:06:33.463;37506556
1;04-03-2025 23:31:44.368;04-03-2025 13:06:33.463;37510905
1;04-03-2025 23:31:45.981;04-03-2025 13:06:33.463;37512518
1;04-03-2025 23:31:52.380;04-03-2025 13:06:33.463;37518917
1;04-03-2025 23:31:55.623;04-03-2025 13:06:33.463;37522160
1;04-03-2025 23:31:57.059;04-03-2025 13:06:33.463;37523596
1;04-03-2025 23:31:57.964;04-03-2025 13:06:33.463;37524501
1;04-03-2025 23:32:16.197;04-03-2025 13:06:33.463;37542734
1;04-03-2025 23:32:17.948;04-03-2025 13:06:33.463;37544485
1;04-03-2025 23:32:21.237;04-03-2025 13:06:33.463;37547774
1;04-03-2025 23:32:22.483;04-03-2025 13:06:33.463;37549020
1;04-03-2025 23:32:22.538;04-03-2025 13:06:33.463;37549075
1;04-03-2025 23:32:30.808;04-03-2025 13:06:33.463;37557345
1;04-03-2025 23:32:34.514;04-03-2025 13:06:33.463;37561051
1;04-03-2025 23:32:45.781;04-03-2025 13:06:33.463;37572318
1;04-03-2025 23:32:56.334;04-03-2025 13:06:33.463;37582871
1;04-03-2025 23:33:00.201;04-03-2025 13:06:33.463;37586738
1;04-03-2025 23:33:00.825;04-03-2025 13:06:33.463;37587362
1;04-03-2025 23:33:01.717;04-03-2025 13:06:33.463;37588254
1;04-03-2025 23:33:10.322;04-03-2025 13:06:33.463;37596859
1;04-03-2025 23:33:13.433;04-03-2025 13:06:33.463;37599970
1;04-03-2025 23:33:21.853;04-03-2025 13:06:33.463;37608390
1;04-03-2025 23:33:22.389;04-03-2025 13:06:33.463;37608926
1;04-03-2025 23:33:23.084;04-03-2025 13:06:33.463;37609621
1;04-03-2025 23:33:29.607;04-03-2025 13:06:33.463;37616144
1;04-03-2025 23:33:44.314;04-03-2025 13:06:33.463;37630851
1;04-03-2025 23:33:46.400;04-03-2025 13:06:33.463;37632937
1;04-03-2025 23:33:54.683;04-03-2025 13:06:33.463;37641220
1;04-03-2025 23:33:54.749;04-03-2025 13:06:33.463;37641286
1;04-03-2025 23:34:05.895;04-03-2025 13:06:33.463;37652432
1;04-03-2025 23:34:09.204;04-03-2025 13:06:33.463;37655741
1;04-03-2025 23:34:10.605;04-03-2025 13:06:33.463;37657142
1;04-03-2025 23:34:10.860;04-03-2025 13:06:33.463;37657397
1;04-03-2025 23:34:21.574;04-03-2025 13:06:33.463;37668111
1;04-03-2025 23:34:25.016;04-03-2025 13:06:33.463;37671553
1;04-03-2025 23:34:35.315;04-03-2025 13:06:33.463;37681852
1;04-03-2025 23:34:41.184;04-03-2025 13:06:33.463;37687721
1;04-03-2025 23:34:46.369;04-03-2025 13:06:33.463;37692906
1;04-03-2025 23:34:48.594;04-03-2025 13:06:33.463;37695131
1;04-03-2025 23:34:49.687;04-03-2025 13:06:33.463;37696224
1;04-03-2025 23:34:50.604;04-03-2025 13:06:33.463;37697141
1;04-03-2025 23:34:57.689;04-03-2025 13:06:33.463;37704226
1;04-03-2025 23:34:58.238;04-03-2025 13:06:33.463;37704775
1;04-03-2025 23:35:06.615;04-03-2025 13:06:33.463;37713152
1;04-03-2025 23:35:12.494;04-03-2025 13:06:33.463;37719031
1;04-03-2025 23:35:12.529;04-03-2025 13:06:33.463;37719066
1;04-03-2025 23:35:18.685;04-03-2025 13:06:33.463;37725222
1;04-03-2025 23:35:44.027;04-03-2025 13:06:33.463;37750564
1;04-03-2025 23:35:44.327;04-03-2025 13:06:33.463;37750864
1;04-03-2025 23:35:53.384;04-03-2025 13:06:33.463;37759921
1;04-03-2025 23:35:54.184;04-03-2025 13:06:33.463;37760721
1;04-03-2025 23:35:59.524;04-03-2025 13:06:33.463;37766061
1;04-03-2025 23:36:01.201;04-03-2025 13:06:33.463;37767738
1;04-03-2025 23:36:04.704;04-03-2025 13:06:33.463;37771241
1;04-03-2025 23:36:04.968;04-03-2025 13:06:33.463;37771505
1;04-03-2025 23:36:11.506;04-03-2025 13:06:33.463;37778043
1;04-03-2025 23:36:25.007;04-03-2025 13:06:33.463;37791544
1;04-03-2025 23:36:29.142;04-03-2025 13:06:33.463;37795679
1;04-03-2025 23:36:30.451;04-03-2025 13:06:33.463;37796988
1;04-03-2025 23:36:34.819;04-03-2025 13:06:33.463;37801356
1;04-03-2025 23:36:35.616;04-03-2025 13:06:33.463;37802153
1;04-03-2025 23:36:44.372;04-03-2025 13:06:33.463;37810909
1;04-03-2025 23:36:47.897;04-03-2025 13:06:33.463;37814434
1;04-03-2025 23:36:51.489;04-03-2025 13:06:33.463;37818026
1;04-03-2025 23:36:53.676;04-03-2025 13:06:33.463;37820213
1;04-03-2025 23:36:55.112;04-03-2025 13:06:33.463;37821649
1;04-03-2025 23:37:02.379;04-03-2025 13:06:33.463;37828916
1;04-03-2025 23:37:08.377;04-03-2025 13:06:33.463;37834914
1;04-03-2025 23:37:12.542;04-03-2025 13:06:33.463;37839079
1;04-03-2025 23:37:19.478;04-03-2025 13:06:33.463;37846015
1;04-03-2025 23:37:26.356;04-03-2025 13:06:33.463;37852893
1;04-03-2025 23:37:26.772;04-03-2025 13:06:33.463;37853309
1;04-03-2025 23:37:29.915;04-03-2025 13:06:33.463;37856452
1;04-03-2025 23:37:33.246;04-03-2025 13:06:33.463;37859783
1;04-03-2025 23:37:39.002;04-03-2025 13:06:33.463;37865539
1;04-03-2025 23:37:45.466;04-03-2025 13:06:33.463;37872003
1;04-03-2025 23:37:57.689;04-03-2025 13:06:33.463;37884226
1;04-03-2025 23:37:59.245;04-03-2025 13:06:33.463;37885782
1;04-03-2025 23:38:12.415;04-03-2025 13:06:33.463;37898952
1;04-03-2025 23:38:13.207;04-03-2025 13:06:33.463;37899744
1;04-03-2025 23:38:17.880;04-03-2025 13:06:33.463;37904417
1;04-03-2025 23:38:29.498;04-03-2025 13:06:33.463;37916035
1;04-03-2025 23:38:29.618;04-03-2025 13:06:33.463;37916155
1;04-03-2025 23:38:31.487;04-03-2025 13:06:33.463;37918024
1;04-03-2025 23:38:38.577;04-03-2025 13:06:33.463;37925114
1;04-03-2025 23:38:48.360;04-03-2025 13:06:33.463;37934897
1;04-03-2025 23:38:50.289;04-03-2025 13:06:33.463;37936826
1;04-03-2025 23:38:57.570;04-03-2025 13:06:33.463;37944107
1;04-03-2025 23:38:58.167;04-03-2025 13:06:33.463;37944704
1;04-03-2025 23:39:02.331;04-03-2025 13:06:33.463;37948868
1;04-03-2025 23:39:04.592;04-03-2025 13:06:33.463;37951129
1;04-03-2025 23:39:11.427;04-03-2025 13:06:33.463;37957964
1;04-03-2025 23:39:16.183;04-03-2025 13:06:33.463;37962720
1;04-03-2025 23:39:18.685;04-03-2025 13:06:33.463;37965222
1;04-03-2025 23:39:20.014;04-03-2025 13:06:33.463;37966551
1;04-03-2025 23:39:23.713;04-03-2025 13:06:33.463;37970250
1;04-03-2025 23:39:33.363;04-03-2025 13:06:33.463;37979900
1;04-03-2025 23:39:37.544;04-03-2025 13:06:33.463;37984081
1;04-03-2025 23:39:47.694;04-03-2025 13:06:33.463;37994231
1;04-03-2025 23:39:49.720;04-03-2025 13:06:33.463;37996257
1;04-03-2025 23:39:54.058;04-03-2025 13:06:33.463;38000595
1;04-03-2025 23:39:54.903;04-03-2025 13:06:33.463;38001440
1;04-03-2025 23:40:03.043;04-03-2025 13:06:33.463;38009580
1;04-03-2025 23:40:10.958;04-03-2025 13:06:33.463;38017495
1;04-03-2025 23:40:16.991;04-03-2025 13:06:33.463;38023528
1;04-03-2025 23:40:20.923;04-03-2025 13:06:33.463;38027460
1;04-03-2025 23:40:23.785;04-03-2025 13:06:33.463;38030322
1;04-03-2025 23:40:25.401;04-03-2025 13:06:33.463;38031938
1;04-03-2025 23:40:36.266;04-03-2025 13:06:33.463;38042803
1;04-03-2025 23:40:37.574;04-03-2025 13:06:33.463;38044111
1;04-03-2025 23:40:38.312;04-03-2025 13:06:33.463;38044849
1;04-03-2025 23:40:40.005;04-03-2025 13:06:33.463;38046542
1;04-03-2025 23:40:48.588;04-03-2025 13:06:33.463;38055125
1;04-03-2025 23:41:04.744;04-03-2025 13:06:33.463;38071281
1;04-03-2025 23:41:05.439;04-03-2025 13:06:33.463;38071976
1;04-03-2025 23:41:12.880;04-03-2025 13:06:33.463;38079417
1;04-03-2025 23:41:16.932;04-03-2025 13:06:33.463;38083469
1;04-03-2025 23:41:20.718;04-03-2025 13:06:33.463;38087255
1;04-03-2025 23:41:23.535;04-03-2025 13:06:33.463;38090072
1;04-03-2025 23:41:26.079;04-03-2025 13:06:33.463;38092616
1;04-03-2025 23:41:29.263;04-03-2025 13:06:33.463;38095800
1;04-03-2025 23:41:43.819;04-03-2025 13:06:33.463;38110356
1;04-03-2025 23:41:50.851;04-03-2025 13:06:33.463;38117388
1;04-03-2025 23:41:51.587;04-03-2025 13:06:33.463;38118124
1;04-03-2025 23:41:53.478;04-03-2025 13:06:33.463;38120015
1;04-03-2025 23:41:58.486;04-03-2025 13:06:33.463;38125023
1;04-03-2025 23:41:58.757;04-03-2025 13:06:33.463;38125294
1;04-03-2025 23:42:05.791;04-03-2025 13:06:33.463;38132328
1;04-03-2025 23:42:18.086;04-03-2025 13:06:33.463;38144623
1;04-03-2025 23:42:21.675;04-03-2025 13:06:33.463;38148212
1;04-03-2025 23:42:23.004;04-03-2025 13:06:33.463;38149541
1;04-03-2025 23:42:24.273;04-03-2025 13:06:33.463;38150810
1;04-03-2025 23:42:29.004;04-03-2025 13:06:33.463;38155541
1;04-03-2025 23:42:43.795;04-03-2025 13:06:33.463;38170332
1;04-03-2025 23:42:53.062;04-03-2025 13:06:33.463;38179599
1;04-03-2025 23:42:56.786;04-03-2025 13:06:33.463;38183323
1;04-03-2025 23:42:58.487;04-03-2025 13:06:33.463;38185024
1;04-03-2025 23:43:02.448;04-03-2025 13:06:33.463;38188985
1;04-03-2025 23:43:05.261;04-03-2025 13:06:33.463;38191798
1;04-03-2025 23:43:14.780;04-03-2025 13:06:33.463;38201317
1;04-03-2025 23:43:22.193;04-03-2025 13:06:33.463;38208730
1;04-03-2025 23:43:29.781;04-03-2025 13:06:33.463;38216318
1;04-03-2025 23:43:30.443;04-03-2025 13:06:33.463;38216980
1;04-03-2025 23:43:33.535;04-03-2025 13:06:33.463;38220072
1;04-03-2025 23:43:37.850;04-03-2025 13:06:33.463;38224387
1;04-03-2025 23:43:41.706;04-03-2025 13:06:33.463;38228243
1;04-03-2025 23:43:47.467;04-03-2025 13:06:33.463;38234004
1;04-03-2025 23:43:47.706;04-03-2025 13:06:33.463;38234243
1;04-03-2025 23:43:50.417;04-03-2025 13:06:33.463;38236954
1;04-03-2025 23:43:59.404;04-03-2025 13:06:33.463;38245941
1;04-03-2025 23:44:00.392;04-03-2025 13:06:33.463;38246929
1;04-03-2025 23:44:06.577;04-03-2025 13:06:33.463;38253114
1;04-03-2025 23:44:10.214;04-03-2025 13:06:33.463;38256751
1;04-03-2025 23:44:11.520;04-03-2025 13:06:33.463;38258057
1;04-03-2025 23:44:28.072;04-03-2025 13:06:33.463;38274609
1;04-03-2025 23:44:30.097;04-03-2025 13:06:33.463;38276634
1;04-03-2025 23:44:32.344;04-03-2025 13:06:33.463;38278881
1;04-03-2025 23:44:36.485;04-03-2025 13:06:33.463;38283022
1;04-03-2025 23:44:38.784;04-03-2025 13:06:33.463;38285321
1;04-03-2025 23:44:39.620;04-03-2025 13:06:33.463;38286157
1;04-03-2025 23:44:52.122;04-03-2025 13:06:33.463;38298659
1;04-03-2025 23:45:05.609;04-03-2025 13:06:33.463;38312146
1;04-03-2025 23:45:09.383;04-03-2025 13:06:33.463;38315920
1;04-03-2025 23:45:14.701;04-03-2025 13:06:33.463;38321238
1;04-03-2025 23:45:28.317;04-03-2025 13:06:33.463;38334854
1;04-03-2025 23:45:29.284;04-03-2025 13:06:33.463;38335821
1;04-03-2025 23:45:29.557;04-03-2025 13:06:33.463;38336094
1;04-03-2025 23:45:33.141;04-03-2025 13:06:33.463;38339678
1;04-03-2025 23:45:35.653;04-03-2025 13:06:33.463;38342190
1;04-03-2025 23:45:36.742;04-03-2025 13:06:33.463;38343279
1;04-03-2025 23:45:51.892;04-03-2025 13:06:33.463;38358429
1;04-03-2025 23:45:55.293;04-03-2025 13:06:33.463;38361830
1;04-03-2025 23:45:55.495;04-03-2025 13:06:33.463;38362032
1;04-03-2025 23:45:56.252;04-03-2025 13:06:33.463;38362789
1;04-03-2025 23:45:56.854;04-03-2025 13:06:33.463;38363391
1;04-03-2025 23:45:57.517;04-03-2025 13:06:33.463;38364054
1;04-03-2025 23:46:14.353;04-03-2025 13:06:33.463;38380890
1;04-03-2025 23:46:16.738;04-03-2025 13:06:33.463;38383275
1;04-03-2025 23:46:16.772;04-03-2025 13:06:33.463;38383309
1;04-03-2025 23:46:19.373;04-03-2025 13:06:33.463;38385910
1;04-03-2025 23:46:37.866;04-03-2025 13:06:33.463;38404403
1;04-03-2025 23:46:45.622;04-03-2025 13:06:33.463;38412159
1;04-03-2025 23:46:47.945;04-03-2025 13:06:33.463;38414482
1;04-03-2025 23:46:53.774;04-03-2025 13:06:33.463;38420311
1;04-03-2025 23:46:56.237;04-03-2025 13:06:33.463;38422774
1;04-03-2025 23:47:06.125;04-03-2025 13:06:33.463;38432662
1;04-03-2025 23:47:10.634;04-03-2025 13:06:33.463;38437171
1;04-03-2025 23:47:13.468;04-03-2025 13:06:33.463;38440005
1;04-03-2025 23:47:15.984;04-03-2025 13:06:33.463;38442521
1;04-03-2025 23:47:23.056;04-03-2025 13:06:33.463;38449593
1;04-03-2025 23:47:23.690;04-03-2025 13:06:33.463;38450227
1;04-03-2025 23:47:23.826;04-03-2025 13:06:33.463;38450363
1;04-03-2025 23:47:26.613;04-03-2025 13:06:33.463;38453150
1;04-03-2025 23:47:36.733;04-03-2025 13:06:33.463;38463270
1;04-03-2025 23:47:44.001;04-03-2025 13:06:33.463;38470538
1;04-03-2025 23:47:56.880;04-03-2025 13:06:33.463;38483417
1;04-03-2025 23:47:59.251;04-03-2025 13:06:33.463;38485788
1;04-03-2025 23:48:09.677;04-03-2025 13:06:33.463;38496214
1;04-03-2025 23:48:14.527;04-03-2025 13:06:33.463;38501064
1;04-03-2025 23:48:14.850;04-03-2025 13:06:33.463;38501387
1;04-03-2025 23:48:18.956;04-03-2025 13:06:33.463;38505493
1;04-03-2025 23:48:20.959;04-03-2025 13:06:33.463;38507496
1;04-03-2025 23:48:22.064;04-03-2025 13:06:33.463;38508601
1;04-03-2025 23:48:24.066;04-03-2025 13:06:33.463;38510603
1;04-03-2025 23:48:26.019;04-03-2025 13:06:33.463;38512556
1;04-03-2025 23:48:35.740;04-03-2025 13:06:33.463;38522277
1;04-03-2025 23:48:41.726;04-03-2025 13:06:33.463;38528263
1;04-03-2025 23:48:44.923;04-03-2025 13:06:33.463;38531460
1;04-03-2025 23:48:53.150;04-03-2025 13:06:33.463;38539687
1;04-03-2025 23:49:00.044;04-03-2025 13:06:33.463;38546581
1;04-03-2025 23:49:01.346;04-03-2025 13:06:33.463;38547883
1;04-03-2025 23:49:02.078;04-03-2025 13:06:33.463;38548615
1;04-03-2025 23:49:09.200;04-03-2025 13:06:33.463;38555737
1;04-03-2025 23:49:11.977;04-03-2025 13:06:33.463;38558514
1;04-03-2025 23:49:22.411;04-03-2025 13:06:33.463;38568948
1;04-03-2025 23:49:25.148;04-03-2025 13:06:33.463;38571685
1;04-03-2025 23:49:30.028;04-03-2025 13:06:33.463;38576565
1;04-03-2025 23:49:42.492;04-03-2025 13:06:33.463;38589029
1;04-03-2025 23:49:46.764;04-03-2025 13:06:33.463;38593301
1;04-03-2025 23:49:47.129;04-03-2025 13:06:33.463;38593666
1;04-03-2025 23:49:48.260;04-03-2025 13:06:33.463;38594797
1;04-03-2025 23:50:00.438;04-03-2025 13:06:33.463;38606975
1;04-03-2025 23:50:04.040;04-03-2025 13:06:33.463;38610577
1;04-03-2025 23:50:04.987;04-03-2025 13:06:33.463;38611524
1;04-03-2025 23:50:17.113;04-03-2025 13:06:33.463;38623650
1;04-03-2025 23:50:19.611;04-03-2025 13:06:33.463;38626148
1;04-03-2025 23:50:25.613;04-03-2025 13:06:33.463;38632150
1;04-03-2025 23:50:26.439;04-03-2025 13:06:33.463;38632976
1;04-03-2025 23:50:28.408;04-03-2025 13:06:33.463;38634945
1;04-03-2025 23:50:35.360;04-03-2025 13:06:33.463;38641897
1;04-03-2025 23:50:52.374;04-03-2025 13:06:33.463;38658911
1;04-03-2025 23:50:55.356;04-03-2025 13:06:33.463;38661893
1;04-03-2025 23:50:55.848;04-03-2025 13:06:33.463;38662385
1;04-03-2025 23:51:01.359;04-03-2025 13:06:33.463;38667896
1;04-03-2025 23:51:06.076;04-03-2025 13:06:33.463;38672613
1;04-03-2025 23:51:06.093;04-03-2025 13:06:33.463;38672630
1;04-03-2025 23:51:17.680;04-03-2025 13:06:33.463;38684217
1;04-03-2025 23:51:18.330;04-03-2025 13:06:33.463;38684867
1;04-03-2025 23:51:19.686;04-03-2025 13:06:33.463;38686223
1;04-03-2025 23:51:33.180;04-03-2025 13:06:33.463;38699717
1;04-03-2025 23:51:35.656;04-03-2025 13:06:33.463;38702193
1;04-03-2025 23:51:37.411;04-03-2025 13:06:33.463;38703948
1;04-03-2025 23:51:40.008;04-03-2025 13:06:33.463;38706545
1;04-03-2025 23:51:41.284;04-03-2025 13:06:33.463;38707821
1;04-03-2025 23:51:45.119;04-03-2025 13:06:33.463;38711656
1;04-03-2025 23:51:53.248;04-03-2025 13:06:33.463;38719785
1;04-03-2025 23:52:06.719;04-03-2025 13:06:33.463;38733256
1;04-03-2025 23:52:12.879;04-03-2025 13:06:33.463;38739416
1;04-03-2025 23:52:25.748;04-03-2025 13:06:33.463;38752285
1;04-03-2025 23:52:29.890;04-03-2025 13:06:33.463;38756427
1;04-03-2025 23:52:33.584;04-03-2025 13:06:33.463;38760121
1;04-03-2025 23:52:37.467;04-03-2025 13:06:33.463;38764004
1;04-03-2025 23:52:40.297;04-03-2025 13:06:33.463;38766834
1;04-03-2025 23:52:40.900;04-03-2025 13:06:33.463;38767437
1;04-03-2025 23:52:41.236;04-03-2025 13:06:33.463;38767773
1;04-03-2025 23:52:54.996;04-03-2025 13:06:33.463;38781533
1;04-03-2025 23:52:56.413;04-03-2025 13:06:33.463;38782950
1;04-03-2025 23:53:04.744;04-03-2025 13:06:33.463;38791281
1;04-03-2025 23:53:14.544;04-03-2025 13:06:33.463;38801081
1;04-03-2025 23:53:16.329;04-03-2025 13:06:33.463;38802866
1;04-03-2025 23:53:18.102;04-03-2025 13:06:33.463;38804639
1;04-03-2025 23:53:19.637;04-03-2025 13:06:33.463;38806174
1;04-03-2025 23:53:20.501;04-03-2025 13:06:33.463;38807038
1;04-03-2025 23:53:28.043;04-03-2025 13:06:33.463;38814580
1;04-03-2025 23:53:31.892;04-03-2025 13:06:33.463;38818429
1;04-03-2025 23:53:42.641;04-03-2025 13:06:33.463;38829178
1;04-03-2025 23:53:50.701;04-03-2025 13:06:33.463;38837238
1;04-03-2025 23:53:57.570;04-03-2025 13:06:33.463;38844107
1;04-03-2025 23:53:57.970;04-03-2025 13:06:33.463;38844507
1;04-03-2025 23:54:03.312;04-03-2025 13:06:33.463;38849849
1;04-03-2025 23:54:09.488;04-03-2025 13:06:33.463;38856025
1;04-03-2025 23:54:11.039;04-03-2025 13:06:33.463;38857576
1;04-03-2025 23:54:15.554;04-03-2025 13:06:33.463;38862091
1;04-03-2025 23:54:17.123;04-03-2025 13:06:33.463;38863660
1;04-03-2025 23:54:30.186;04-03-2025 13:06:33.463;38876723
1;04-03-2025 23:54:36.627;04-03-2025 13:06:33.463;38883164
1;04-03-2025 23:54:40.263;04-03-2025 13:06:33.463;38886800
1;04-03-2025 23:54:46.033;04-03-2025 13:06:33.463;38892570
1;04-03-2025 23:54:50.387;04-03-2025 13:06:33.463;38896924
1;04-03-2025 23:54:54.018;04-03-2025 13:06:33.463;38900555
1;04-03-2025 23:55:00.838;04-03-2025 13:06:33.463;38907375
1;04-03-2025 23:55:01.882;04-03-2025 13:06:33.463;38908419
1;04-03-2025 23:55:04.439;04-03-2025 13:06:33.463;38910976
1;04-03-2025 23:55:05.600;04-03-2025 13:06:33.463;38912137
1;04-03-2025 23:55:10.269;04-03-2025 13:06:33.463;38916806
1;04-03-2025 23:55:16.585;04-03-2025 13:06:33.463;38923122
1;04-03-2025 23:55:24.180;04-03-2025 13:06:33.463;38930717
1;04-03-2025 23:55:29.559;04-03-2025 13:06:33.463;38936096
1;04-03-2025 23:55:30.392;04-03-2025 13:06:33.463;38936929
1;04-03-2025 23:55:36.579;04-03-2025 13:06:33.463;38943116
1;04-03-2025 23:55:42.760;04-03-2025 13:06:33.463;38949297
1;04-03-2025 23:55:49.589;04-03-2025 13:06:33.463;38956126
1;04-03-2025 23:55:49.770;04-03-2025 13:06:33.463;38956307
1;04-03-2025 23:56:00.045;04-03-2025 13:06:33.463;38966582
1;04-03-2025 23:56:00.453;04-03-2025 13:06:33.463;38966990
1;04-03-2025 23:56:05.844;04-03-2025 13:06:33.463;38972381
1;04-03-2025 23:56:12.339;04-03-2025 13:06:33.463;38978876
1;04-03-2025 23:56:22.222;04-03-2025 13:06:33.463;38988759
1;04-03-2025 23:56:29.302;04-03-2025 13:06:33.463;38995839
1;04-03-2025 23:56:34.213;04-03-2025 13:06:33.463;39000750
1;04-03-2025 23:56:34.346;04-03-2025 13:06:33.463;39000883
1;04-03-2025 23:56:39.435;04-03-2025 13:06:33.463;39005972
1;04-03-2025 23:56:49.275;04-03-2025 13:06:33.463;39015812
1;04-03-2025 23:56:54.044;04-03-2025 13:06:33.463;39020581
1;04-03-2025 23:57:01.001;04-03-2025 13:06:33.463;39027538
1;04-03-2025 23:57:05.588;04-03-2025 13:06:33.463;39032125
1;04-03-2025 23:57:05.899;04-03-2025 13:06:33.463;39032436
1;04-03-2025 23:57:08.305;04-03-2025 13:06:33.463;39034842
1;04-03-2025 23:57:10.377;04-03-2025 13:06:33.463;39036914
1;04-03-2025 23:57:19.079;04-03-2025 13:06:33.463;39045616
1;04-03-2025 23:57:27.543;04-03-2025 13:06:33.463;39054080
1;04-03-2025 23:57:29.611;04-03-2025 13:06:33.463;39056148
1;04-03-2025 23:57:36.075;04-03-2025 13:06:33.463;39062612
1;04-03-2025 23:57:39.387;04-03-2025 13:06:33.463;39065924
1;04-03-2025 23:57:42.407;04-03-2025 13:06:33.463;39068944
1;04-03-2025 23:57:56.636;04-03-2025 13:06:33.463;39083173
1;04-03-2025 23:57:56.792;04-03-2025 13:06:33.463;39083329
1;04-03-2025 23:58:06.577;04-03-2025 13:06:33.463;39093114
1;04-03-2025 23:58:10.269;04-03-2025 13:06:33.463;39096806
1;04-03-2025 23:58:13.102;04-03-2025 13:06:33.463;39099639
1;04-03-2025 23:58:16.192;04-03-2025 13:06:33.463;39102729
1;04-03-2025 23:58:24.365;04-03-2025 13:06:33.463;39110902
1;04-03-2025 23:58:27.034;04-03-2025 13:06:33.463;39113571
1;04-03-2025 23:58:31.227;04-03-2025 13:06:33.463;39117764
1;04-03-2025 23:58:42.012;04-03-2025 13:06:33.463;39128549
1;04-03-2025 23:58:47.294;04-03-2025 13:06:33.463;39133831
1;04-03-2025 23:58:48.830;04-03-2025 13:06:33.463;39135367
1;04-03-2025 23:58:54.616;04-03-2025 13:06:33.463;39141153
1;04-03-2025 23:59:05.229;04-03-2025 13:06:33.463;39151766
1;04-03-2025 23:59:10.539;04-03-2025 13:06:33.463;39157076
1;04-03-2025 23:59:10.815;04-03-2025 13:06:33.463;39157352
1;04-03-2025 23:59:13.331;04-03-2025 13:06:33.463;39159868
1;04-03-2025 23:59:15.010;04-03-2025 13:06:33.463;39161547
1;04-03-2025 23:59:23.591;04-03-2025 13:06:33.463;39170128
1;04-03-2025 23:59:24.118;04-03-2025 13:06:33.463;39170655
1;04-03-2025 23:59:28.374;04-03-2025 13:06:33.463;39174911
1;04-03-2025 23:59:37.331;04-03-2025 13:06:33.463;39183868
1;04-03-2025 23:59:39.183;04-03-2025 13:06:33.463;39185720
1;04-03-2025 23:59:41.177;04-03-2025 13:06:33.463;39187714
1;04-03-2025 23:59:48.008;04-03-2025 13:06:33.463;39194545
1;04-03-2025 23:59:50.967;04-03-2025 13:06:33.463;39197504
1;04-03-2025 23:59:51.441;04-03-2025 13:06:33.463;39197978
1;05-03-2025 00:00:06.696;04-03-2025 13:06:33.463;39213233
1;05-03-2025 00:00:16.865;04-03-2025 13:06:33.463;39223402
1;05-03-2025 00:00:18.720;04-03-2025 13:06:33.463;39225257
1;05-03-2025 00:00:20.006;04-03-2025 13:06:33.463;39226543
1;05-03-2025 00:00:29.729;04-03-2025 13:06:33.463;39236266
1;05-03-2025 00:00:33.366;04-03-2025 13:06:33.463;39239903
1;05-03-2025 00:00:40.789;04-03-2025 13:06:33.463;39247326
1;05-03-2025 00:00:40.902;04-03-2025 13:06:33.463;39247439
1;05-03-2025 00:00:45.077;04-03-2025 13:06:33.463;39251614
1;05-03-2025 00:00:50.422;04-03-2025 13:06:33.463;39256959
1;05-03-2025 00:00:57.957;04-03-2025 13:06:33.463;39264494
1;05-03-2025 00:00:58.114;04-03-2025 13:06:33.463;39264651
1;05-03-2025 00:00:58.354;04-03-2025 13:06:33.463;39264891
1;05-03-2025 00:01:13.319;04-03-2025 13:06:33.463;39279856
1;05-03-2025 00:01:17.673;04-03-2025 13:06:33.463;39284210
1;05-03-2025 00:01:18.246;04-03-2025 13:06:33.463;39284783
1;05-03-2025 00:01:26.076;04-03-2025 13:06:33.463;39292613
1;05-03-2025 00:01:29.057;04-03-2025 13:06:33.463;39295594
1;05-03-2025 00:01:33.371;04-03-2025 13:06:33.463;39299908
1;05-03-2025 00:01:37.503;04-03-2025 13:06:33.463;39304040
1;05-03-2025 00:01:38.871;04-03-2025 13:06:33.463;39305408
1;05-03-2025 00:01:41.769;04-03-2025 13:06:33.463;39308306
1;05-03-2025 00:01:46.347;04-03-2025 13:06:33.463;39312884
1;05-03-2025 00:01:49.838;04-03-2025 13:06:33.463;39316375
1;05-03-2025 00:02:07.419;04-03-2025 13:06:33.463;39333956
1;05-03-2025 00:02:07.764;04-03-2025 13:06:33.463;39334301
1;05-03-2025 00:02:14.107;04-03-2025 13:06:33.463;39340644
1;05-03-2025 00:02:19.903;04-03-2025 13:06:33.463;39346440
1;05-03-2025 00:02:23.000;04-03-2025 13:06:33.463;39349537
1;05-03-2025 00:02:31.824;04-03-2025 13:06:33.463;39358361
1;05-03-2025 00:02:36.927;04-03-2025 13:06:33.463;39363464
1;05-03-2025 00:02:43.920;04-03-2025 13:06:33.463;39370457
1;05-03-2025 00:02:48.331;04-03-2025 13:06:33.463;39374868
1;05-03-2025 00:02:50.414;04-03-2025 13:06:33.463;39376951
1;05-03-2025 00:02:57.557;04-03-2025 13:06:33.463;39384094
1;05-03-2025 00:02:59.883;04-03-2025 13:06:33.463;39386420
1;05-03-2025 00:03:04.673;04-03-2025 13:06:33.463;39391210
1;05-03-2025 00:03:20.136;04-03-2025 13:06:33.463;39406673
1;05-03-2025 00:03:20.992;04-03-2025 13:06:33.463;39407529
1;05-03-2025 00:03:21.503;04-03-2025 13:06:33.463;39408040
1;05-03-2025 00:03:28.350;04-03-2025 13:06:33.463;39414887
1;05-03-2025 00:03:31.896;04-03-2025 13:06:33.463;39418433
1;05-03-2025 00:03:33.534;04-03-2025 13:06:33.463;39420071
1;05-03-2025 00:03:34.044;04-03-2025 13:06:33.463;39420581
1;05-03-2025 00:03:37.432;04-03-2025 13:06:33.463;39423969
1;05-03-2025 00:04:00.151;04-03-2025 13:06:33.463;39446688
1;05-03-2025 00:04:04.518;04-03-2025 13:06:33.463;39451055
1;05-03-2025 00:04:10.181;04-03-2025 13:06:33.463;39456718
1;05-03-2025 00:04:13.659;04-03-2025 13:06:33.463;39460196
1;05-03-2025 00:04:14.244;04-03-2025 13:06:33.463;39460781
1;05-03-2025 00:04:17.295;04-03-2025 13:06:33.463;39463832
1;05-03-2025 00:04:24.034;04-03-2025 13:06:33.463;39470571
1;05-03-2025 00:04:26.202;04-03-2025 13:06:33.463;39472739
1;05-03-2025 00:04:28.560;04-03-2025 13:06:33.463;39475097
1;05-03-2025 00:04:36.047;04-03-2025 13:06:33.463;39482584
1;05-03-2025 00:04:40.129;04-03-2025 13:06:33.463;39486666
1;05-03-2025 00:04:41.919;04-03-2025 13:06:33.463;39488456
1;05-03-2025 00:04:48.247;04-03-2025 13:06:33.463;39494784
1;05-03-2025 00:04:48.859;04-03-2025 13:06:33.463;39495396
1;05-03-2025 00:04:52.967;04-03-2025 13:06:33.463;39499504
1;05-03-2025 00:04:57.701;04-03-2025 13:06:33.463;39504238
1;05-03-2025 00:05:01.353;04-03-2025 13:06:33.463;39507890
1;05-03-2025 00:05:05.752;04-03-2025 13:06:33.463;39512289
1;05-03-2025 00:05:08.787;04-03-2025 13:06:33.463;39515324
1;05-03-2025 00:05:13.914;04-03-2025 13:06:33.463;39520451
1;05-03-2025 00:05:31.148;04-03-2025 13:06:33.463;39537685
1;05-03-2025 00:05:32.671;04-03-2025 13:06:33.463;39539208
1;05-03-2025 00:05:41.077;04-03-2025 13:06:33.463;39547614
1;05-03-2025 00:05:42.609;04-03-2025 13:06:33.463;39549146
1;05-03-2025 00:05:45.586;04-03-2025 13:06:33.463;39552123
1;05-03-2025 00:05:57.216;04-03-2025 13:06:33.463;39563753
1;05-03-2025 00:05:59.934;04-03-2025 13:06:33.463;39566471
1;05-03-2025 00:06:00.028;04-03-2025 13:06:33.463;39566565
1;05-03-2025 00:06:01.333;04-03-2025 13:06:33.463;39567870
1;05-03-2025 00:06:06.898;04-03-2025 13:06:33.463;39573435
1;05-03-2025 00:06:09.207;04-03-2025 13:06:33.463;39575744
1;05-03-2025 00:06:25.724;04-03-2025 13:06:33.463;39592261
1;05-03-2025 00:06:28.581;04-03-2025 13:06:33.463;39595118
1;05-03-2025 00:06:31.241;04-03-2025 13:06:33.463;39597778
1;05-03-2025 00:06:35.625;04-03-2025 13:06:33.463;39602162
1;05-03-2025 00:06:42.105;04-03-2025 13:06:33.463;39608642
1;05-03-2025 00:06:55.862;04-03-2025 13:06:33.463;39622399
1;05-03-2025 00:06:57.793;04-03-2025 13:06:33.463;39624330
1;05-03-2025 00:07:00.621;04-03-2025 13:06:33.463;39627158
1;05-03-2025 00:07:06.703;04-03-2025 13:06:33.463;39633240
1;05-03-2025 00:07:12.578;04-03-2025 13:06:33.463;39639115
1;05-03-2025 00:07:13.310;04-03-2025 13:06:33.463;39639847
1;05-03-2025 00:07:19.395;04-03-2025 13:06:33.463;39645932
1;05-03-2025 00:07:19.798;04-03-2025 13:06:33.463;39646335
1;05-03-2025 00:07:19.844;04-03-2025 13:06:33.463;39646381
1;05-03-2025 00:07:24.249;04-03-2025 13:06:33.463;39650786
1;05-03-2025 00:07:48.035;04-03-2025 13:06:33.463;39674572
1;05-03-2025 00:07:52.381;04-03-2025 13:06:33.463;39678918
1;05-03-2025 00:07:55.604;04-03-2025 13:06:33.463;39682141
1;05-03-2025 00:07:59.678;04-03-2025 13:06:33.463;39686215
1;05-03-2025 00:07:59.732;04-03-2025 13:06:33.463;39686269
1;05-03-2025 00:08:16.766;04-03-2025 13:06:33.463;39703303
1;05-03-2025 00:08:17.290;04-03-2025 13:06:33.463;39703827
1;05-03-2025 00:08:18.818;04-03-2025 13:06:33.463;39705355
1;05-03-2025 00:08:26.525;04-03-2025 13:06:33.463;39713062
1;05-03-2025 00:08:27.569;04-03-2025 13:06:33.463;39714106
1;05-03-2025 00:08:30.749;04-03-2025 13:06:33.463;39717286
1;05-03-2025 00:08:40.718;04-03-2025 13:06:33.463;39727255
1;05-03-2025 00:08:43.883;04-03-2025 13:06:33.463;39730420
1;05-03-2025 00:08:44.821;04-03-2025 13:06:33.463;39731358
1;05-03-2025 00:08:52.498;04-03-2025 13:06:33.463;39739035
1;05-03-2025 00:08:58.672;04-03-2025 13:06:33.463;39745209
1;05-03-2025 00:09:07.508;04-03-2025 13:06:33.463;39754045
1;05-03-2025 00:09:14.010;04-03-2025 13:06:33.463;39760547
1;05-03-2025 00:09:15.471;04-03-2025 13:06:33.463;39762008
1;05-03-2025 00:09:17.358;04-03-2025 13:06:33.463;39763895
1;05-03-2025 00:09:17.790;04-03-2025 13:06:33.463;39764327
1;05-03-2025 00:09:20.040;04-03-2025 13:06:33.463;39766577
1;05-03-2025 00:09:26.247;04-03-2025 13:06:33.463;39772784
1;05-03-2025 00:09:40.593;04-03-2025 13:06:33.463;39787130
1;05-03-2025 00:09:41.565;04-03-2025 13:06:33.463;39788102
1;05-03-2025 00:09:47.809;04-03-2025 13:06:33.463;39794346
1;05-03-2025 00:09:48.558;04-03-2025 13:06:33.463;39795095
1;05-03-2025 00:10:02.451;04-03-2025 13:06:33.463;39808988
1;05-03-2025 00:10:03.589;04-03-2025 13:06:33.463;39810126
1;05-03-2025 00:10:03.604;04-03-2025 13:06:33.463;39810141
1;05-03-2025 00:10:04.041;04-03-2025 13:06:33.463;39810578
1;05-03-2025 00:10:05.162;04-03-2025 13:06:33.463;39811699
1;05-03-2025 00:10:11.707;04-03-2025 13:06:33.463;39818244
1;05-03-2025 00:10:21.708;04-03-2025 13:06:33.463;39828245
1;05-03-2025 00:10:35.226;04-03-2025 13:06:33.463;39841763
1;05-03-2025 00:10:37.738;04-03-2025 13:06:33.463;39844275
1;05-03-2025 00:10:45.381;04-03-2025 13:06:33.463;39851918
1;05-03-2025 00:10:51.307;04-03-2025 13:06:33.463;39857844
1;05-03-2025 00:10:51.671;04-03-2025 13:06:33.463;39858208
1;05-03-2025 00:10:53.580;04-03-2025 13:06:33.463;39860117
1;05-03-2025 00:10:56.570;04-03-2025 13:06:33.463;39863107
1;05-03-2025 00:10:56.892;04-03-2025 13:06:33.463;39863429
1;05-03-2025 00:10:57.448;04-03-2025 13:06:33.463;39863985
1;05-03-2025 00:11:04.375;04-03-2025 13:06:33.463;39870912
1;05-03-2025 00:11:07.739;04-03-2025 13:06:33.463;39874276
1;05-03-2025 00:11:36.059;04-03-2025 13:06:33.463;39902596
1;05-03-2025 00:11:39.434;04-03-2025 13:06:33.463;39905971
1;05-03-2025 00:11:39.825;04-03-2025 13:06:33.463;39906362
1;05-03-2025 00:11:45.692;04-03-2025 13:06:33.463;39912229
1;05-03-2025 00:11:50.051;04-03-2025 13:06:33.463;39916588
1;05-03-2025 00:11:57.234;04-03-2025 13:06:33.463;39923771
1;05-03-2025 00:12:00.478;04-03-2025 13:06:33.463;39927015
1;05-03-2025 00:12:01.216;04-03-2025 13:06:33.463;39927753
1;05-03-2025 00:12:03.871;04-03-2025 13:06:33.463;39930408
1;05-03-2025 00:12:12.481;04-03-2025 13:06:33.463;39939018
1;05-03-2025 00:12:17.756;04-03-2025 13:06:33.463;39944293
1;05-03-2025 00:12:18.534;04-03-2025 13:06:33.463;39945071
1;05-03-2025 00:12:30.072;04-03-2025 13:06:33.463;39956609
1;05-03-2025 00:12:32.286;04-03-2025 13:06:33.463;39958823
1;05-03-2025 00:12:32.810;04-03-2025 13:06:33.463;39959347
1;05-03-2025 00:12:32.938;04-03-2025 13:06:33.463;39959475
1;05-03-2025 00:12:39.064;04-03-2025 13:06:33.463;39965601
1;05-03-2025 00:12:50.497;04-03-2025 13:06:33.463;39977034
1;05-03-2025 00:12:50.648;04-03-2025 13:06:33.463;39977185
1;05-03-2025 00:12:57.588;04-03-2025 13:06:33.463;39984125
1;05-03-2025 00:13:00.405;04-03-2025 13:06:33.463;39986942
1;05-03-2025 00:13:07.401;04-03-2025 13:06:33.463;39993938
1;05-03-2025 00:13:10.103;04-03-2025 13:06:33.463;39996640
1;05-03-2025 00:13:21.659;04-03-2025 13:06:33.463;40008196
1;05-03-2025 00:13:21.866;04-03-2025 13:06:33.463;40008403
1;05-03-2025 00:13:25.818;04-03-2025 13:06:33.463;40012355
1;05-03-2025 00:13:30.241;04-03-2025 13:06:33.463;40016778
1;05-03-2025 00:13:37.575;04-03-2025 13:06:33.463;40024112
1;05-03-2025 00:13:39.997;04-03-2025 13:06:33.463;40026534
1;05-03-2025 00:13:54.488;04-03-2025 13:06:33.463;40041025
1;05-03-2025 00:13:57.002;04-03-2025 13:06:33.463;40043539
1;05-03-2025 00:13:58.870;04-03-2025 13:06:33.463;40045407
1;05-03-2025 00:13:59.779;04-03-2025 13:06:33.463;40046316
1;05-03-2025 00:14:02.212;04-03-2025 13:06:33.463;40048749
1;05-03-2025 00:14:10.874;04-03-2025 13:06:33.463;40057411
1;05-03-2025 00:14:12.761;04-03-2025 13:06:33.463;40059298
1;05-03-2025 00:14:33.584;04-03-2025 13:06:33.463;40080121
1;05-03-2025 00:14:35.626;04-03-2025 13:06:33.463;40082163
1;05-03-2025 00:14:42.354;04-03-2025 13:06:33.463;40088891
1;05-03-2025 00:14:44.739;04-03-2025 13:06:33.463;40091276
1;05-03-2025 00:14:44.920;04-03-2025 13:06:33.463;40091457
1;05-03-2025 00:14:45.555;04-03-2025 13:06:33.463;40092092
1;05-03-2025 00:14:51.471;04-03-2025 13:06:33.463;40098008
1;05-03-2025 00:14:51.645;04-03-2025 13:06:33.463;40098182
1;05-03-2025 00:14:56.335;04-03-2025 13:06:33.463;40102872
1;05-03-2025 00:15:10.578;04-03-2025 13:06:33.463;40117115
1;05-03-2025 00:15:22.429;04-03-2025 13:06:33.463;40128966
1;05-03-2025 00:15:23.045;04-03-2025 13:06:33.463;40129582
1;05-03-2025 00:15:25.635;04-03-2025 13:06:33.463;40132172
1;05-03-2025 00:15:35.277;04-03-2025 13:06:33.463;40141814
1;05-03-2025 00:15:43.583;04-03-2025 13:06:33.463;40150120
1;05-03-2025 00:15:46.099;04-03-2025 13:06:33.463;40152636
1;05-03-2025 00:15:48.691;04-03-2025 13:06:33.463;40155228
1;05-03-2025 00:15:50.781;04-03-2025 13:06:33.463;40157318
1;05-03-2025 00:15:53.243;04-03-2025 13:06:33.463;40159780
1;05-03-2025 00:16:03.090;04-03-2025 13:06:33.463;40169627
1;05-03-2025 00:16:07.774;04-03-2025 13:06:33.463;40174311
1;05-03-2025 00:16:09.212;04-03-2025 13:06:33.463;40175749
1;05-03-2025 00:16:13.083;04-03-2025 13:06:33.463;40179620
1;05-03-2025 00:16:13.748;04-03-2025 13:06:33.463;40180285
1;05-03-2025 00:16:26.592;04-03-2025 13:06:33.463;40193129
1;05-03-2025 00:16:29.572;04-03-2025 13:06:33.463;40196109
1;05-03-2025 00:16:35.301;04-03-2025 13:06:33.463;40201838
1;05-03-2025 00:16:39.015;05-03-2025 00:16:38.685;330
1;05-03-2025 00:16:40.739;05-03-2025 00:16:38.685;2054
1;05-03-2025 00:16:49.253;05-03-2025 00:16:48.546;707
1;05-03-2025 00:16:52.217;05-03-2025 00:16:48.546;3671
1;05-03-2025 00:17:06.161;05-03-2025 00:17:03.327;2834
1;05-03-2025 00:17:06.484;05-03-2025 00:17:03.327;3157
1;05-03-2025 00:17:12.018;05-03-2025 00:17:08.315;3703
1;05-03-2025 00:17:14.386;05-03-2025 00:17:13.459;927
0;05-03-2025 00:19:08.092;05-03-2025 00:17:53.373;74719
0;05-03-2025 00:19:17.990;05-03-2025 00:17:53.373;84617
0;05-03-2025 00:19:37.749;05-03-2025 00:17:53.373;104376
0;05-03-2025 00:19:38.882;05-03-2025 00:17:53.373;105509
0;05-03-2025 00:19:39.208;05-03-2025 00:17:53.373;105835
0;05-03-2025 00:19:40.142;05-03-2025 00:17:53.373;106769
0;05-03-2025 00:19:41.447;05-03-2025 00:17:53.373;108074
0;05-03-2025 00:19:53.106;05-03-2025 00:17:53.373;119733
0;05-03-2025 00:19:53.177;05-03-2025 00:17:53.373;119804
0;05-03-2025 00:20:01.009;05-03-2025 00:17:53.373;127636
0;05-03-2025 00:20:03.291;05-03-2025 00:17:53.373;129918
0;05-03-2025 00:20:09.962;05-03-2025 00:17:53.373;136589
0;05-03-2025 00:20:13.210;05-03-2025 00:17:53.373;139837
0;05-03-2025 00:20:16.918;05-03-2025 00:17:53.373;143545
0;05-03-2025 00:20:20.514;05-03-2025 00:17:53.373;147141
0;05-03-2025 00:20:27.637;05-03-2025 00:17:53.373;154264
0;05-03-2025 00:20:38.620;05-03-2025 00:17:53.373;165247
0;05-03-2025 00:20:38.778;05-03-2025 00:17:53.373;165405
0;05-03-2025 00:20:43.815;05-03-2025 00:17:53.373;170442
0;05-03-2025 00:20:48.908;05-03-2025 00:17:53.373;175535
0;05-03-2025 00:20:48.961;05-03-2025 00:17:53.373;175588
0;05-03-2025 00:20:51.990;05-03-2025 00:17:53.373;178617
0;05-03-2025 00:21:06.090;05-03-2025 00:17:53.373;192717
0;05-03-2025 00:21:06.883;05-03-2025 00:17:53.373;193510
0;05-03-2025 00:21:11.986;05-03-2025 00:17:53.373;198613
0;05-03-2025 00:21:15.250;05-03-2025 00:17:53.373;201877
0;05-03-2025 00:21:21.083;05-03-2025 00:17:53.373;207710
0;05-03-2025 00:21:29.617;05-03-2025 00:17:53.373;216244
0;05-03-2025 00:21:29.801;05-03-2025 00:17:53.373;216428
0;05-03-2025 00:21:39.090;05-03-2025 00:17:53.373;225717
0;05-03-2025 00:21:43.030;05-03-2025 00:17:53.373;229657
0;05-03-2025 00:21:52.416;05-03-2025 00:17:53.373;239043
0;05-03-2025 00:21:54.365;05-03-2025 00:17:53.373;240992
0;05-03-2025 00:22:10.926;05-03-2025 00:17:53.373;257553
0;05-03-2025 00:22:11.171;05-03-2025 00:17:53.373;257798
0;05-03-2025 00:22:11.782;05-03-2025 00:17:53.373;258409
0;05-03-2025 00:22:17.507;05-03-2025 00:17:53.373;264134
0;05-03-2025 00:22:22.629;05-03-2025 00:17:53.373;269256
0;05-03-2025 00:22:23.194;05-03-2025 00:17:53.373;269821
0;05-03-2025 00:22:24.748;05-03-2025 00:17:53.373;271375
0;05-03-2025 00:22:34.088;05-03-2025 00:17:53.373;280715
0;05-03-2025 00:22:43.588;05-03-2025 00:17:53.373;290215
0;05-03-2025 00:22:56.094;05-03-2025 00:17:53.373;302721
0;05-03-2025 00:22:57.499;05-03-2025 00:17:53.373;304126
0;05-03-2025 00:22:59.861;05-03-2025 00:17:53.373;306488
0;05-03-2025 00:23:01.696;05-03-2025 00:17:53.373;308323
0;05-03-2025 00:23:09.435;05-03-2025 00:17:53.373;316062
0;05-03-2025 00:23:09.641;05-03-2025 00:17:53.373;316268
0;05-03-2025 00:23:14.931;05-03-2025 00:17:53.373;321558
0;05-03-2025 00:23:16.831;05-03-2025 00:17:53.373;323458
0;05-03-2025 00:23:20.711;05-03-2025 00:17:53.373;327338
0;05-03-2025 00:23:22.601;05-03-2025 00:17:53.373;329228
0;05-03-2025 00:23:27.163;05-03-2025 00:17:53.373;333790
0;05-03-2025 00:23:32.109;05-03-2025 00:17:53.373;338736
0;05-03-2025 00:23:32.813;05-03-2025 00:17:53.373;339440
0;05-03-2025 00:23:41.242;05-03-2025 00:17:53.373;347869
0;05-03-2025 00:23:46.458;05-03-2025 00:17:53.373;353085
0;05-03-2025 00:23:53.043;05-03-2025 00:17:53.373;359670
0;05-03-2025 00:23:55.714;05-03-2025 00:17:53.373;362341
0;05-03-2025 00:24:00.324;05-03-2025 00:17:53.373;366951
0;05-03-2025 00:24:19.452;05-03-2025 00:17:53.373;386079
0;05-03-2025 00:24:28.846;05-03-2025 00:17:53.373;395473
0;05-03-2025 00:24:31.072;05-03-2025 00:17:53.373;397699
0;05-03-2025 00:24:36.428;05-03-2025 00:17:53.373;403055
0;05-03-2025 00:24:39.544;05-03-2025 00:17:53.373;406171
0;05-03-2025 00:24:40.979;05-03-2025 00:17:53.373;407606
0;05-03-2025 00:24:52.383;05-03-2025 00:17:53.373;419010
0;05-03-2025 00:24:55.075;05-03-2025 00:17:53.373;421702
0;05-03-2025 00:24:56.263;05-03-2025 00:17:53.373;422890
0;05-03-2025 00:24:56.741;05-03-2025 00:17:53.373;423368
0;05-03-2025 00:25:03.111;05-03-2025 00:17:53.373;429738
0;05-03-2025 00:25:10.733;05-03-2025 00:17:53.373;437360
0;05-03-2025 00:25:14.082;05-03-2025 00:17:53.373;440709
0;05-03-2025 00:25:17.193;05-03-2025 00:17:53.373;443820
0;05-03-2025 00:25:21.481;05-03-2025 00:17:53.373;448108
0;05-03-2025 00:25:28.587;05-03-2025 00:17:53.373;455214
0;05-03-2025 00:25:35.722;05-03-2025 00:17:53.373;462349
0;05-03-2025 00:25:37.937;05-03-2025 00:17:53.373;464564
0;05-03-2025 00:25:50.049;05-03-2025 00:17:53.373;476676
0;05-03-2025 00:25:54.434;05-03-2025 00:17:53.373;481061
0;05-03-2025 00:25:57.597;05-03-2025 00:17:53.373;484224
0;05-03-2025 00:25:58.685;05-03-2025 00:17:53.373;485312
0;05-03-2025 00:26:01.709;05-03-2025 00:17:53.373;488336
0;05-03-2025 00:26:10.202;05-03-2025 00:17:53.373;496829
0;05-03-2025 00:26:11.432;05-03-2025 00:17:53.373;498059
0;05-03-2025 00:26:11.709;05-03-2025 00:17:53.373;498336
0;05-03-2025 00:26:19.718;05-03-2025 00:17:53.373;506345
0;05-03-2025 00:26:21.710;05-03-2025 00:17:53.373;508337
0;05-03-2025 00:26:35.201;05-03-2025 00:17:53.373;521828
0;05-03-2025 00:26:36.959;05-03-2025 00:17:53.373;523586
0;05-03-2025 00:26:39.147;05-03-2025 00:17:53.373;525774
0;05-03-2025 00:26:53.992;05-03-2025 00:17:53.373;540619
0;05-03-2025 00:26:55.560;05-03-2025 00:17:53.373;542187
0;05-03-2025 00:27:05.771;05-03-2025 00:17:53.373;552398
0;05-03-2025 00:27:10.120;05-03-2025 00:17:53.373;556747
0;05-03-2025 00:27:11.689;05-03-2025 00:17:53.373;558316
0;05-03-2025 00:27:16.548;05-03-2025 00:17:53.373;563175
0;05-03-2025 00:27:17.171;05-03-2025 00:17:53.373;563798
0;05-03-2025 00:27:18.052;05-03-2025 00:17:53.373;564679
0;05-03-2025 00:27:23.348;05-03-2025 00:17:53.373;569975
0;05-03-2025 00:27:39.546;05-03-2025 00:17:53.373;586173
0;05-03-2025 00:27:46.094;05-03-2025 00:17:53.373;592721
0;05-03-2025 00:27:46.351;05-03-2025 00:17:53.373;592978
0;05-03-2025 00:27:50.740;05-03-2025 00:17:53.373;597367
0;05-03-2025 00:27:57.190;05-03-2025 00:17:53.373;603817
0;05-03-2025 00:28:02.034;05-03-2025 00:17:53.373;608661
0;05-03-2025 00:28:18.614;05-03-2025 00:17:53.373;625241
0;05-03-2025 00:28:19.770;05-03-2025 00:17:53.373;626397
0;05-03-2025 00:28:21.848;05-03-2025 00:17:53.373;628475
0;05-03-2025 00:28:27.382;05-03-2025 00:17:53.373;634009
0;05-03-2025 00:28:31.396;05-03-2025 00:17:53.373;638023
0;05-03-2025 00:28:32.642;05-03-2025 00:17:53.373;639269
0;05-03-2025 00:28:33.154;05-03-2025 00:17:53.373;639781
0;05-03-2025 00:28:34.564;05-03-2025 00:17:53.373;641191
0;05-03-2025 00:28:45.143;05-03-2025 00:17:53.373;651770
0;05-03-2025 00:28:45.725;05-03-2025 00:17:53.373;652352
0;05-03-2025 00:29:01.820;05-03-2025 00:17:53.373;668447
0;05-03-2025 00:29:02.122;05-03-2025 00:17:53.373;668749
0;05-03-2025 00:29:06.306;05-03-2025 00:17:53.373;672933
0;05-03-2025 00:29:11.551;05-03-2025 00:17:53.373;678178
0;05-03-2025 00:29:12.100;05-03-2025 00:17:53.373;678727
0;05-03-2025 00:29:15.847;05-03-2025 00:17:53.373;682474
0;05-03-2025 00:29:20.715;05-03-2025 00:17:53.373;687342
0;05-03-2025 00:29:27.932;05-03-2025 00:17:53.373;694559
0;05-03-2025 00:29:31.307;05-03-2025 00:17:53.373;697934
0;05-03-2025 00:29:32.286;05-03-2025 00:17:53.373;698913
0;05-03-2025 00:29:37.999;05-03-2025 00:17:53.373;704626
0;05-03-2025 00:29:58.871;05-03-2025 00:17:53.373;725498
0;05-03-2025 00:30:03.349;05-03-2025 00:17:53.373;729976
0;05-03-2025 00:30:06.571;05-03-2025 00:17:53.373;733198
0;05-03-2025 00:30:10.000;05-03-2025 00:17:53.373;736627
0;05-03-2025 00:30:10.836;05-03-2025 00:17:53.373;737463
0;05-03-2025 00:30:14.687;05-03-2025 00:17:53.373;741314
0;05-03-2025 00:30:20.534;05-03-2025 00:17:53.373;747161
0;05-03-2025 00:30:26.618;05-03-2025 00:17:53.373;753245
0;05-03-2025 00:30:35.839;05-03-2025 00:17:53.373;762466
0;05-03-2025 00:30:42.436;05-03-2025 00:17:53.373;769063
0;05-03-2025 00:30:49.513;05-03-2025 00:17:53.373;776140
0;05-03-2025 00:30:51.751;05-03-2025 00:17:53.373;778378
0;05-03-2025 00:30:54.705;05-03-2025 00:17:53.373;781332
0;05-03-2025 00:30:55.134;05-03-2025 00:17:53.373;781761
0;05-03-2025 00:30:59.172;05-03-2025 00:17:53.373;785799
0;05-03-2025 00:31:01.448;05-03-2025 00:17:53.373;788075
0;05-03-2025 00:31:13.604;05-03-2025 00:17:53.373;800231
0;05-03-2025 00:31:18.619;05-03-2025 00:17:53.373;805246
0;05-03-2025 00:31:21.418;05-03-2025 00:17:53.373;808045
0;05-03-2025 00:31:22.327;05-03-2025 00:17:53.373;808954
0;05-03-2025 00:31:23.807;05-03-2025 00:17:53.373;810434
0;05-03-2025 00:31:27.313;05-03-2025 00:17:53.373;813940
0;05-03-2025 00:31:54.681;05-03-2025 00:17:53.373;841308
0;05-03-2025 00:31:54.935;05-03-2025 00:17:53.373;841562
0;05-03-2025 00:31:57.270;05-03-2025 00:17:53.373;843897
0;05-03-2025 00:32:00.754;05-03-2025 00:17:53.373;847381
0;05-03-2025 00:32:08.499;05-03-2025 00:17:53.373;855126
0;05-03-2025 00:32:09.545;05-03-2025 00:17:53.373;856172
0;05-03-2025 00:32:15.935;05-03-2025 00:17:53.373;862562
0;05-03-2025 00:32:19.540;05-03-2025 00:17:53.373;866167
0;05-03-2025 00:32:19.894;05-03-2025 00:17:53.373;866521
0;05-03-2025 00:32:25.691;05-03-2025 00:17:53.373;872318
0;05-03-2025 00:32:27.227;05-03-2025 00:17:53.373;873854
0;05-03-2025 00:32:37.614;05-03-2025 00:17:53.373;884241
0;05-03-2025 00:32:37.720;05-03-2025 00:17:53.373;884347
0;05-03-2025 00:32:41.395;05-03-2025 00:17:53.373;888022
0;05-03-2025 00:32:46.363;05-03-2025 00:17:53.373;892990
0;05-03-2025 00:32:50.779;05-03-2025 00:17:53.373;897406
0;05-03-2025 00:33:11.377;05-03-2025 00:17:53.373;918004
0;05-03-2025 00:33:15.092;05-03-2025 00:17:53.373;921719
0;05-03-2025 00:33:15.443;05-03-2025 00:17:53.373;922070
0;05-03-2025 00:33:20.255;05-03-2025 00:17:53.373;926882
0;05-03-2025 00:33:26.094;05-03-2025 00:17:53.373;932721
0;05-03-2025 00:33:31.834;05-03-2025 00:17:53.373;938461
0;05-03-2025 00:33:35.700;05-03-2025 00:17:53.373;942327
0;05-03-2025 00:33:37.472;05-03-2025 00:17:53.373;944099
0;05-03-2025 00:33:39.005;05-03-2025 00:17:53.373;945632
0;05-03-2025 00:33:48.158;05-03-2025 00:17:53.373;954785
0;05-03-2025 00:33:51.206;05-03-2025 00:17:53.373;957833
0;05-03-2025 00:33:54.983;05-03-2025 00:17:53.373;961610
0;05-03-2025 00:33:55.089;05-03-2025 00:17:53.373;961716
0;05-03-2025 00:34:04.559;05-03-2025 00:17:53.373;971186
0;05-03-2025 00:34:07.380;05-03-2025 00:17:53.373;974007
0;05-03-2025 00:34:16.144;05-03-2025 00:17:53.373;982771
0;05-03-2025 00:34:16.968;05-03-2025 00:17:53.373;983595
0;05-03-2025 00:34:25.365;05-03-2025 00:17:53.373;991992
0;05-03-2025 00:34:29.000;05-03-2025 00:17:53.373;995627
0;05-03-2025 00:34:32.610;05-03-2025 00:17:53.373;999237
0;05-03-2025 00:34:34.244;05-03-2025 00:17:53.373;1000871
0;05-03-2025 00:34:43.392;05-03-2025 00:17:53.373;1010019
0;05-03-2025 00:34:45.851;05-03-2025 00:17:53.373;1012478
0;05-03-2025 00:34:52.362;05-03-2025 00:17:53.373;1018989
0;05-03-2025 00:34:59.490;05-03-2025 00:17:53.373;1026117
0;05-03-2025 00:35:03.611;05-03-2025 00:17:53.373;1030238
0;05-03-2025 00:35:10.022;05-03-2025 00:17:53.373;1036649
0;05-03-2025 00:35:21.492;05-03-2025 00:17:53.373;1048119
0;05-03-2025 00:35:24.522;05-03-2025 00:17:53.373;1051149
0;05-03-2025 00:35:24.862;05-03-2025 00:17:53.373;1051489
0;05-03-2025 00:35:25.153;05-03-2025 00:17:53.373;1051780
0;05-03-2025 00:35:32.349;05-03-2025 00:17:53.373;1058976
0;05-03-2025 00:35:34.535;05-03-2025 00:17:53.373;1061162
0;05-03-2025 00:35:41.001;05-03-2025 00:17:53.373;1067628
0;05-03-2025 00:35:58.111;05-03-2025 00:17:53.373;1084738
0;05-03-2025 00:35:59.033;05-03-2025 00:17:53.373;1085660
0;05-03-2025 00:35:59.395;05-03-2025 00:17:53.373;1086022
0;05-03-2025 00:36:03.294;05-03-2025 00:17:53.373;1089921
0;05-03-2025 00:36:04.784;05-03-2025 00:17:53.373;1091411
0;05-03-2025 00:36:24.408;05-03-2025 00:17:53.373;1111035
0;05-03-2025 00:36:24.427;05-03-2025 00:17:53.373;1111054
0;05-03-2025 00:36:31.695;05-03-2025 00:17:53.373;1118322
0;05-03-2025 00:36:35.040;05-03-2025 00:17:53.373;1121667
0;05-03-2025 00:36:40.723;05-03-2025 00:17:53.373;1127350
0;05-03-2025 00:36:51.459;05-03-2025 00:17:53.373;1138086
0;05-03-2025 00:36:54.049;05-03-2025 00:17:53.373;1140676
0;05-03-2025 00:36:54.337;05-03-2025 00:17:53.373;1140964
0;05-03-2025 00:36:55.555;05-03-2025 00:17:53.373;1142182
0;05-03-2025 00:36:57.555;05-03-2025 00:17:53.373;1144182
0;05-03-2025 00:37:05.577;05-03-2025 00:17:53.373;1152204
0;05-03-2025 00:37:09.434;05-03-2025 00:17:53.373;1156061
0;05-03-2025 00:37:17.818;05-03-2025 00:17:53.373;1164445
0;05-03-2025 00:37:20.213;05-03-2025 00:17:53.373;1166840
0;05-03-2025 00:37:21.534;05-03-2025 00:17:53.373;1168161
0;05-03-2025 00:37:30.458;05-03-2025 00:17:53.373;1177085
0;05-03-2025 00:37:30.969;05-03-2025 00:17:53.373;1177596
0;05-03-2025 00:37:38.681;05-03-2025 00:17:53.373;1185308
0;05-03-2025 00:37:41.055;05-03-2025 00:17:53.373;1187682
0;05-03-2025 00:37:46.748;05-03-2025 00:17:53.373;1193375
0;05-03-2025 00:37:54.438;05-03-2025 00:17:53.373;1201065
0;05-03-2025 00:38:06.348;05-03-2025 00:17:53.373;1212975
0;05-03-2025 00:38:17.674;05-03-2025 00:17:53.373;1224301
0;05-03-2025 00:38:19.266;05-03-2025 00:17:53.373;1225893
0;05-03-2025 00:38:21.785;05-03-2025 00:17:53.373;1228412
0;05-03-2025 00:38:23.843;05-03-2025 00:17:53.373;1230470
0;05-03-2025 00:38:30.490;05-03-2025 00:17:53.373;1237117
0;05-03-2025 00:38:31.303;05-03-2025 00:17:53.373;1237930
0;05-03-2025 00:38:38.638;05-03-2025 00:17:53.373;1245265
0;05-03-2025 00:38:44.982;05-03-2025 00:17:53.373;1251609
0;05-03-2025 00:38:45.263;05-03-2025 00:17:53.373;1251890
0;05-03-2025 00:38:49.917;05-03-2025 00:17:53.373;1256544
0;05-03-2025 00:38:50.845;05-03-2025 00:17:53.373;1257472
0;05-03-2025 00:39:02.371;05-03-2025 00:17:53.373;1268998
0;05-03-2025 00:39:05.696;05-03-2025 00:17:53.373;1272323
0;05-03-2025 00:39:14.809;05-03-2025 00:17:53.373;1281436
0;05-03-2025 00:39:23.766;05-03-2025 00:17:53.373;1290393
0;05-03-2025 00:39:24.522;05-03-2025 00:17:53.373;1291149
0;05-03-2025 00:39:26.330;05-03-2025 00:17:53.373;1292957
0;05-03-2025 00:39:29.714;05-03-2025 00:17:53.373;1296341
0;05-03-2025 00:39:33.797;05-03-2025 00:17:53.373;1300424
0;05-03-2025 00:39:40.236;05-03-2025 00:17:53.373;1306863
0;05-03-2025 00:39:55.210;05-03-2025 00:17:53.373;1321837
0;05-03-2025 00:39:57.717;05-03-2025 00:17:53.373;1324344
0;05-03-2025 00:39:57.950;05-03-2025 00:17:53.373;1324577
0;05-03-2025 00:39:59.922;05-03-2025 00:17:53.373;1326549
0;05-03-2025 00:40:03.092;05-03-2025 00:17:53.373;1329719
0;05-03-2025 00:40:05.277;05-03-2025 00:17:53.373;1331904
0;05-03-2025 00:40:11.949;05-03-2025 00:17:53.373;1338576
0;05-03-2025 00:40:15.744;05-03-2025 00:17:53.373;1342371
0;05-03-2025 00:40:18.913;05-03-2025 00:17:53.373;1345540
0;05-03-2025 00:40:33.632;05-03-2025 00:17:53.373;1360259
0;05-03-2025 00:40:39.222;05-03-2025 00:17:53.373;1365849
0;05-03-2025 00:40:43.075;05-03-2025 00:17:53.373;1369702
0;05-03-2025 00:40:45.333;05-03-2025 00:17:53.373;1371960
0;05-03-2025 00:40:46.472;05-03-2025 00:17:53.373;1373099
0;05-03-2025 00:40:56.971;05-03-2025 00:17:53.373;1383598
0;05-03-2025 00:40:57.668;05-03-2025 00:17:53.373;1384295
0;05-03-2025 00:41:08.281;05-03-2025 00:17:53.373;1394908
0;05-03-2025 00:41:13.160;05-03-2025 00:17:53.373;1399787
0;05-03-2025 00:41:13.938;05-03-2025 00:17:53.373;1400565
0;05-03-2025 00:41:18.291;05-03-2025 00:17:53.373;1404918
0;05-03-2025 00:41:24.604;05-03-2025 00:17:53.373;1411231
0;05-03-2025 00:41:25.374;05-03-2025 00:17:53.373;1412001
0;05-03-2025 00:41:27.010;05-03-2025 00:17:53.373;1413637
0;05-03-2025 00:41:27.438;05-03-2025 00:17:53.373;1414065
0;05-03-2025 00:41:35.954;05-03-2025 00:17:53.373;1422581
0;05-03-2025 00:41:50.254;05-03-2025 00:17:53.373;1436881
0;05-03-2025 00:41:51.211;05-03-2025 00:17:53.373;1437838
0;05-03-2025 00:41:57.694;05-03-2025 00:17:53.373;1444321
0;05-03-2025 00:41:59.689;05-03-2025 00:17:53.373;1446316
0;05-03-2025 00:42:01.855;05-03-2025 00:17:53.373;1448482
0;05-03-2025 00:42:02.698;05-03-2025 00:17:53.373;1449325
0;05-03-2025 00:42:13.599;05-03-2025 00:17:53.373;1460226
0;05-03-2025 00:42:19.045;05-03-2025 00:17:53.373;1465672
0;05-03-2025 00:42:25.339;05-03-2025 00:17:53.373;1471966
0;05-03-2025 00:42:25.825;05-03-2025 00:17:53.373;1472452
0;05-03-2025 00:42:39.024;05-03-2025 00:17:53.373;1485651
0;05-03-2025 00:42:48.905;05-03-2025 00:17:53.373;1495532
0;05-03-2025 00:42:54.134;05-03-2025 00:17:53.373;1500761
0;05-03-2025 00:43:06.600;05-03-2025 00:17:53.373;1513227
0;05-03-2025 00:43:09.523;05-03-2025 00:17:53.373;1516150
0;05-03-2025 00:43:13.374;05-03-2025 00:17:53.373;1520001
0;05-03-2025 00:43:13.797;05-03-2025 00:17:53.373;1520424
0;05-03-2025 00:43:14.643;05-03-2025 00:17:53.373;1521270
0;05-03-2025 00:43:19.112;05-03-2025 00:17:53.373;1525739
0;05-03-2025 00:43:23.874;05-03-2025 00:17:53.373;1530501
0;05-03-2025 00:43:27.807;05-03-2025 00:17:53.373;1534434
0;05-03-2025 00:43:35.810;05-03-2025 00:17:53.373;1542437
0;05-03-2025 00:43:39.404;05-03-2025 00:17:53.373;1546031
0;05-03-2025 00:43:40.471;05-03-2025 00:17:53.373;1547098
0;05-03-2025 00:43:43.474;05-03-2025 00:17:53.373;1550101
0;05-03-2025 00:43:55.759;05-03-2025 00:17:53.373;1562386
0;05-03-2025 00:44:02.488;05-03-2025 00:17:53.373;1569115
0;05-03-2025 00:44:05.553;05-03-2025 00:17:53.373;1572180
0;05-03-2025 00:44:11.410;05-03-2025 00:17:53.373;1578037
0;05-03-2025 00:44:11.769;05-03-2025 00:17:53.373;1578396
0;05-03-2025 00:44:12.663;05-03-2025 00:17:53.373;1579290
0;05-03-2025 00:44:25.201;05-03-2025 00:17:53.373;1591828
0;05-03-2025 00:44:29.156;05-03-2025 00:17:53.373;1595783
0;05-03-2025 00:44:32.185;05-03-2025 00:17:53.373;1598812
0;05-03-2025 00:44:34.576;05-03-2025 00:17:53.373;1601203
0;05-03-2025 00:44:42.070;05-03-2025 00:17:53.373;1608697
0;05-03-2025 00:44:43.952;05-03-2025 00:17:53.373;1610579
0;05-03-2025 00:44:46.885;05-03-2025 00:17:53.373;1613512
0;05-03-2025 00:44:59.677;05-03-2025 00:17:53.373;1626304
0;05-03-2025 00:45:09.030;05-03-2025 00:17:53.373;1635657
0;05-03-2025 00:45:15.151;05-03-2025 00:17:53.373;1641778
0;05-03-2025 00:45:15.603;05-03-2025 00:17:53.373;1642230
0;05-03-2025 00:45:16.191;05-03-2025 00:17:53.373;1642818
0;05-03-2025 00:45:19.426;05-03-2025 00:17:53.373;1646053
0;05-03-2025 00:45:22.738;05-03-2025 00:17:53.373;1649365
0;05-03-2025 00:45:24.431;05-03-2025 00:17:53.373;1651058
0;05-03-2025 00:45:43.889;05-03-2025 00:17:53.373;1670516
0;05-03-2025 00:45:50.300;05-03-2025 00:17:53.373;1676927
0;05-03-2025 00:45:58.374;05-03-2025 00:17:53.373;1685001
0;05-03-2025 00:45:59.662;05-03-2025 00:17:53.373;1686289
0;05-03-2025 00:46:12.738;05-03-2025 00:17:53.373;1699365
0;05-03-2025 00:46:13.987;05-03-2025 00:17:53.373;1700614
0;05-03-2025 00:46:14.150;05-03-2025 00:17:53.373;1700777
0;05-03-2025 00:46:17.679;05-03-2025 00:17:53.373;1704306
0;05-03-2025 00:46:25.104;05-03-2025 00:17:53.373;1711731
0;05-03-2025 00:46:35.638;05-03-2025 00:17:53.373;1722265
0;05-03-2025 00:46:35.844;05-03-2025 00:17:53.373;1722471
0;05-03-2025 00:46:39.275;05-03-2025 00:17:53.373;1725902
0;05-03-2025 00:46:40.601;05-03-2025 00:17:53.373;1727228
0;05-03-2025 00:46:54.089;05-03-2025 00:17:53.373;1740716
0;05-03-2025 00:46:56.370;05-03-2025 00:17:53.373;1742997
0;05-03-2025 00:47:00.546;05-03-2025 00:17:53.373;1747173
0;05-03-2025 00:47:08.119;05-03-2025 00:17:53.373;1754746
0;05-03-2025 00:47:09.359;05-03-2025 00:17:53.373;1755986
0;05-03-2025 00:47:10.080;05-03-2025 00:17:53.373;1756707
0;05-03-2025 00:47:17.038;05-03-2025 00:17:53.373;1763665
0;05-03-2025 00:47:21.747;05-03-2025 00:17:53.373;1768374
0;05-03-2025 00:47:26.656;05-03-2025 00:17:53.373;1773283
0;05-03-2025 00:47:26.708;05-03-2025 00:17:53.373;1773335
0;05-03-2025 00:47:27.381;05-03-2025 00:17:53.373;1774008
0;05-03-2025 00:47:35.732;05-03-2025 00:17:53.373;1782359
0;05-03-2025 00:47:43.105;05-03-2025 00:17:53.373;1789732
0;05-03-2025 00:47:45.723;05-03-2025 00:17:53.373;1792350
0;05-03-2025 00:47:47.194;05-03-2025 00:17:53.373;1793821
0;05-03-2025 00:47:51.453;05-03-2025 00:17:53.373;1798080
0;05-03-2025 00:48:10.750;05-03-2025 00:17:53.373;1817377
0;05-03-2025 00:48:12.460;05-03-2025 00:17:53.373;1819087
0;05-03-2025 00:48:17.889;05-03-2025 00:17:53.373;1824516
0;05-03-2025 00:48:24.439;05-03-2025 00:17:53.373;1831066
0;05-03-2025 00:48:34.803;05-03-2025 00:17:53.373;1841430
0;05-03-2025 00:48:34.829;05-03-2025 00:17:53.373;1841456
0;05-03-2025 00:48:35.081;05-03-2025 00:17:53.373;1841708
0;05-03-2025 00:48:36.547;05-03-2025 00:17:53.373;1843174
0;05-03-2025 00:48:41.095;05-03-2025 00:17:53.373;1847722
0;05-03-2025 00:48:41.999;05-03-2025 00:17:53.373;1848626
0;05-03-2025 00:48:54.128;05-03-2025 00:17:53.373;1860755
0;05-03-2025 00:48:58.352;05-03-2025 00:17:53.373;1864979
0;05-03-2025 00:49:00.281;05-03-2025 00:17:53.373;1866908
0;05-03-2025 00:49:00.409;05-03-2025 00:17:53.373;1867036
0;05-03-2025 00:49:08.722;05-03-2025 00:17:53.373;1875349
0;05-03-2025 00:49:12.610;05-03-2025 00:17:53.373;1879237
0;05-03-2025 00:49:17.948;05-03-2025 00:17:53.373;1884575
0;05-03-2025 00:49:21.730;05-03-2025 00:17:53.373;1888357
0;05-03-2025 00:49:38.060;05-03-2025 00:17:53.373;1904687
0;05-03-2025 00:49:48.341;05-03-2025 00:17:53.373;1914968
0;05-03-2025 00:49:48.925;05-03-2025 00:17:53.373;1915552
0;05-03-2025 00:49:53.899;05-03-2025 00:17:53.373;1920526
0;05-03-2025 00:49:55.661;05-03-2025 00:17:53.373;1922288
0;05-03-2025 00:50:00.275;05-03-2025 00:17:53.373;1926902
0;05-03-2025 00:50:03.346;05-03-2025 00:17:53.373;1929973
0;05-03-2025 00:50:07.794;05-03-2025 00:17:53.373;1934421
0;05-03-2025 00:50:11.378;05-03-2025 00:17:53.373;1938005
0;05-03-2025 00:50:17.601;05-03-2025 00:17:53.373;1944228
0;05-03-2025 00:50:18.909;05-03-2025 00:17:53.373;1945536
0;05-03-2025 00:50:39.956;05-03-2025 00:17:53.373;1966583
0;05-03-2025 00:50:39.983;05-03-2025 00:17:53.373;1966610
0;05-03-2025 00:50:40.054;05-03-2025 00:17:53.373;1966681
0;05-03-2025 00:50:40.869;05-03-2025 00:17:53.373;1967496
0;05-03-2025 00:50:41.311;05-03-2025 00:17:53.373;1967938
0;05-03-2025 00:50:52.317;05-03-2025 00:17:53.373;1978944
0;05-03-2025 00:50:52.914;05-03-2025 00:17:53.373;1979541
0;05-03-2025 00:50:55.124;05-03-2025 00:17:53.373;1981751
0;05-03-2025 00:51:02.597;05-03-2025 00:17:53.373;1989224
0;05-03-2025 00:51:19.751;05-03-2025 00:17:53.373;2006378
0;05-03-2025 00:51:20.410;05-03-2025 00:17:53.373;2007037
0;05-03-2025 00:51:36.342;05-03-2025 00:17:53.373;2022969
0;05-03-2025 00:51:41.032;05-03-2025 00:17:53.373;2027659
0;05-03-2025 00:51:41.108;05-03-2025 00:17:53.373;2027735
0;05-03-2025 00:51:43.593;05-03-2025 00:17:53.373;2030220
0;05-03-2025 00:51:46.418;05-03-2025 00:17:53.373;2033045
0;05-03-2025 00:51:47.614;05-03-2025 00:17:53.373;2034241
0;05-03-2025 00:51:48.547;05-03-2025 00:17:53.373;2035174
0;05-03-2025 00:52:03.861;05-03-2025 00:17:53.373;2050488
0;05-03-2025 00:52:04.664;05-03-2025 00:17:53.373;2051291
0;05-03-2025 00:52:08.907;05-03-2025 00:17:53.373;2055534
0;05-03-2025 00:52:13.882;05-03-2025 00:17:53.373;2060509
0;05-03-2025 00:52:22.290;05-03-2025 00:17:53.373;2068917
0;05-03-2025 00:52:27.317;05-03-2025 00:17:53.373;2073944
0;05-03-2025 00:52:33.725;05-03-2025 00:17:53.373;2080352
0;05-03-2025 00:52:36.382;05-03-2025 00:17:53.373;2083009
0;05-03-2025 00:52:45.393;05-03-2025 00:17:53.373;2092020
0;05-03-2025 00:52:46.003;05-03-2025 00:17:53.373;2092630
0;05-03-2025 00:52:49.315;05-03-2025 00:17:53.373;2095942
0;05-03-2025 00:52:51.767;05-03-2025 00:17:53.373;2098394
0;05-03-2025 00:52:55.285;05-03-2025 00:17:53.373;2101912
0;05-03-2025 00:52:59.415;05-03-2025 00:17:53.373;2106042
0;05-03-2025 00:53:18.784;05-03-2025 00:17:53.373;2125411
0;05-03-2025 00:53:18.957;05-03-2025 00:17:53.373;2125584
0;05-03-2025 00:53:19.044;05-03-2025 00:17:53.373;2125671
0;05-03-2025 00:53:19.798;05-03-2025 00:17:53.373;2126425
0;05-03-2025 00:53:27.933;05-03-2025 00:17:53.373;2134560
0;05-03-2025 00:53:33.402;05-03-2025 00:17:53.373;2140029
0;05-03-2025 00:53:36.164;05-03-2025 00:17:53.373;2142791
0;05-03-2025 00:53:55.545;05-03-2025 00:17:53.373;2162172
0;05-03-2025 00:53:56.108;05-03-2025 00:17:53.373;2162735
0;05-03-2025 00:53:56.182;05-03-2025 00:17:53.373;2162809
0;05-03-2025 00:53:59.244;05-03-2025 00:17:53.373;2165871
0;05-03-2025 00:53:59.714;05-03-2025 00:17:53.373;2166341
0;05-03-2025 00:54:00.378;05-03-2025 00:17:53.373;2167005
0;05-03-2025 00:54:02.668;05-03-2025 00:17:53.373;2169295
0;05-03-2025 00:54:26.738;05-03-2025 00:17:53.373;2193365
0;05-03-2025 00:54:28.705;05-03-2025 00:17:53.373;2195332
0;05-03-2025 00:54:31.941;05-03-2025 00:17:53.373;2198568
0;05-03-2025 00:54:38.726;05-03-2025 00:17:53.373;2205353
0;05-03-2025 00:54:40.204;05-03-2025 00:17:53.373;2206831
0;05-03-2025 00:54:45.976;05-03-2025 00:17:53.373;2212603
0;05-03-2025 00:54:49.988;05-03-2025 00:17:53.373;2216615
0;05-03-2025 00:54:50.544;05-03-2025 00:17:53.373;2217171
0;05-03-2025 00:54:54.807;05-03-2025 00:17:53.373;2221434
0;05-03-2025 00:55:01.200;05-03-2025 00:17:53.373;2227827
0;05-03-2025 00:55:06.982;05-03-2025 00:17:53.373;2233609
0;05-03-2025 00:55:15.738;05-03-2025 00:17:53.373;2242365
0;05-03-2025 00:55:18.082;05-03-2025 00:17:53.373;2244709
0;05-03-2025 00:55:19.970;05-03-2025 00:17:53.373;2246597
0;05-03-2025 00:55:28.949;05-03-2025 00:17:53.373;2255576
0;05-03-2025 00:55:31.692;05-03-2025 00:17:53.373;2258319
0;05-03-2025 00:55:42.659;05-03-2025 00:17:53.373;2269286
0;05-03-2025 00:55:47.906;05-03-2025 00:17:53.373;2274533
0;05-03-2025 00:55:48.132;05-03-2025 00:17:53.373;2274759
0;05-03-2025 00:55:50.523;05-03-2025 00:17:53.373;2277150
0;05-03-2025 00:55:59.793;05-03-2025 00:17:53.373;2286420
0;05-03-2025 00:56:07.306;05-03-2025 00:17:53.373;2293933
0;05-03-2025 00:56:11.999;05-03-2025 00:17:53.373;2298626
0;05-03-2025 00:56:12.578;05-03-2025 00:17:53.373;2299205
0;05-03-2025 00:56:13.218;05-03-2025 00:17:53.373;2299845
0;05-03-2025 00:56:19.912;05-03-2025 00:17:53.373;2306539
0;05-03-2025 00:56:22.594;05-03-2025 00:17:53.373;2309221
0;05-03-2025 00:56:25.412;05-03-2025 00:17:53.373;2312039
0;05-03-2025 00:56:32.898;05-03-2025 00:17:53.373;2319525
0;05-03-2025 00:56:32.978;05-03-2025 00:17:53.373;2319605
0;05-03-2025 00:56:55.834;05-03-2025 00:17:53.373;2342461
0;05-03-2025 00:56:56.704;05-03-2025 00:17:53.373;2343331
0;05-03-2025 00:56:56.854;05-03-2025 00:17:53.373;2343481
0;05-03-2025 00:57:10.569;05-03-2025 00:17:53.373;2357196
0;05-03-2025 00:57:14.501;05-03-2025 00:17:53.373;2361128
0;05-03-2025 00:57:18.155;05-03-2025 00:17:53.373;2364782
0;05-03-2025 00:57:21.636;05-03-2025 00:17:53.373;2368263
0;05-03-2025 00:57:26.011;05-03-2025 00:17:53.373;2372638
0;05-03-2025 00:57:29.336;05-03-2025 00:17:53.373;2375963
0;05-03-2025 00:57:36.945;05-03-2025 00:17:53.373;2383572
0;05-03-2025 00:57:41.552;05-03-2025 00:17:53.373;2388179
0;05-03-2025 00:57:44.027;05-03-2025 00:17:53.373;2390654
0;05-03-2025 00:57:51.382;05-03-2025 00:17:53.373;2398009
0;05-03-2025 00:57:52.048;05-03-2025 00:17:53.373;2398675
0;05-03-2025 00:57:57.349;05-03-2025 00:17:53.373;2403976
0;05-03-2025 00:58:06.144;05-03-2025 00:17:53.373;2412771
0;05-03-2025 00:58:15.573;05-03-2025 00:17:53.373;2422200
0;05-03-2025 00:58:21.267;05-03-2025 00:17:53.373;2427894
0;05-03-2025 00:58:23.311;05-03-2025 00:17:53.373;2429938
0;05-03-2025 00:58:30.429;05-03-2025 00:17:53.373;2437056
0;05-03-2025 00:58:31.356;05-03-2025 00:17:53.373;2437983
0;05-03-2025 00:58:37.033;05-03-2025 00:17:53.373;2443660
0;05-03-2025 00:58:40.253;05-03-2025 00:17:53.373;2446880
0;05-03-2025 00:58:42.885;05-03-2025 00:17:53.373;2449512
0;05-03-2025 00:58:46.927;05-03-2025 00:17:53.373;2453554
0;05-03-2025 00:59:02.929;05-03-2025 00:17:53.373;2469556
0;05-03-2025 00:59:03.119;05-03-2025 00:17:53.373;2469746
0;05-03-2025 00:59:10.275;05-03-2025 00:17:53.373;2476902
0;05-03-2025 00:59:12.392;05-03-2025 00:17:53.373;2479019
0;05-03-2025 00:59:14.172;05-03-2025 00:17:53.373;2480799
0;05-03-2025 00:59:15.239;05-03-2025 00:17:53.373;2481866
0;05-03-2025 00:59:27.539;05-03-2025 00:17:53.373;2494166
0;05-03-2025 00:59:29.553;05-03-2025 00:17:53.373;2496180
0;05-03-2025 00:59:31.316;05-03-2025 00:17:53.373;2497943
0;05-03-2025 00:59:46.729;05-03-2025 00:17:53.373;2513356
0;05-03-2025 00:59:54.329;05-03-2025 00:17:53.373;2520956
0;05-03-2025 00:59:55.152;05-03-2025 00:17:53.373;2521779
0;05-03-2025 00:59:56.543;05-03-2025 00:17:53.373;2523170
0;05-03-2025 01:00:00.010;05-03-2025 00:17:53.373;2526637
0;05-03-2025 01:00:06.584;05-03-2025 00:17:53.373;2533211
0;05-03-2025 01:00:18.548;05-03-2025 00:17:53.373;2545175
0;05-03-2025 01:00:19.121;05-03-2025 00:17:53.373;2545748
0;05-03-2025 01:00:21.604;05-03-2025 00:17:53.373;2548231
0;05-03-2025 01:00:24.775;05-03-2025 00:17:53.373;2551402
0;05-03-2025 01:00:25.473;05-03-2025 00:17:53.373;2552100
0;05-03-2025 01:00:32.850;05-03-2025 00:17:53.373;2559477
0;05-03-2025 01:00:36.975;05-03-2025 00:17:53.373;2563602
0;05-03-2025 01:00:44.921;05-03-2025 00:17:53.373;2571548
0;05-03-2025 01:00:45.794;05-03-2025 00:17:53.373;2572421
0;05-03-2025 01:00:47.268;05-03-2025 00:17:53.373;2573895
0;05-03-2025 01:00:47.791;05-03-2025 00:17:53.373;2574418
0;05-03-2025 01:01:08.602;05-03-2025 00:17:53.373;2595229
0;05-03-2025 01:01:11.215;05-03-2025 00:17:53.373;2597842
0;05-03-2025 01:01:12.256;05-03-2025 00:17:53.373;2598883
0;05-03-2025 01:01:21.254;05-03-2025 00:17:53.373;2607881
0;05-03-2025 01:01:23.995;05-03-2025 00:17:53.373;2610622
0;05-03-2025 01:01:32.047;05-03-2025 00:17:53.373;2618674
0;05-03-2025 01:01:34.380;05-03-2025 00:17:53.373;2621007
0;05-03-2025 01:01:39.075;05-03-2025 00:17:53.373;2625702
0;05-03-2025 01:01:39.221;05-03-2025 00:17:53.373;2625848
0;05-03-2025 01:01:47.115;05-03-2025 00:17:53.373;2633742
0;05-03-2025 01:01:49.053;05-03-2025 00:17:53.373;2635680
0;05-03-2025 01:01:49.835;05-03-2025 00:17:53.373;2636462
0;05-03-2025 01:01:52.078;05-03-2025 00:17:53.373;2638705
0;05-03-2025 01:02:00.694;05-03-2025 00:17:53.373;2647321
0;05-03-2025 01:02:10.798;05-03-2025 00:17:53.373;2657425
0;05-03-2025 01:02:16.237;05-03-2025 00:17:53.373;2662864
0;05-03-2025 01:02:21.241;05-03-2025 00:17:53.373;2667868
0;05-03-2025 01:02:28.761;05-03-2025 00:17:53.373;2675388
0;05-03-2025 01:02:30.258;05-03-2025 00:17:53.373;2676885
0;05-03-2025 01:02:36.920;05-03-2025 00:17:53.373;2683547
0;05-03-2025 01:02:50.457;05-03-2025 00:17:53.373;2697084
0;05-03-2025 01:02:53.163;05-03-2025 00:17:53.373;2699790
0;05-03-2025 01:02:56.520;05-03-2025 00:17:53.373;2703147
0;05-03-2025 01:02:58.525;05-03-2025 00:17:53.373;2705152
0;05-03-2025 01:03:01.696;05-03-2025 00:17:53.373;2708323
0;05-03-2025 01:03:04.894;05-03-2025 00:17:53.373;2711521
0;05-03-2025 01:03:19.199;05-03-2025 00:17:53.373;2725826
0;05-03-2025 01:03:19.407;05-03-2025 00:17:53.373;2726034
0;05-03-2025 01:03:27.321;05-03-2025 00:17:53.373;2733948
0;05-03-2025 01:03:28.615;05-03-2025 00:17:53.373;2735242
0;05-03-2025 01:03:35.104;05-03-2025 00:17:53.373;2741731
0;05-03-2025 01:03:44.544;05-03-2025 00:17:53.373;2751171
0;05-03-2025 01:03:46.884;05-03-2025 00:17:53.373;2753511
0;05-03-2025 01:03:47.082;05-03-2025 00:17:53.373;2753709
0;05-03-2025 01:03:54.807;05-03-2025 00:17:53.373;2761434
0;05-03-2025 01:04:00.050;05-03-2025 00:17:53.373;2766677
0;05-03-2025 01:04:07.712;05-03-2025 00:17:53.373;2774339
0;05-03-2025 01:04:08.930;05-03-2025 00:17:53.373;2775557
0;05-03-2025 01:04:10.519;05-03-2025 00:17:53.373;2777146
0;05-03-2025 01:04:15.143;05-03-2025 00:17:53.373;2781770
0;05-03-2025 01:04:34.740;05-03-2025 00:17:53.373;2801367
0;05-03-2025 01:04:38.991;05-03-2025 00:17:53.373;2805618
0;05-03-2025 01:04:39.057;05-03-2025 00:17:53.373;2805684
0;05-03-2025 01:04:39.509;05-03-2025 00:17:53.373;2806136
0;05-03-2025 01:04:48.706;05-03-2025 00:17:53.373;2815333
0;05-03-2025 01:04:53.756;05-03-2025 00:17:53.373;2820383
0;05-03-2025 01:05:00.222;05-03-2025 00:17:53.373;2826849
0;05-03-2025 01:05:01.541;05-03-2025 00:17:53.373;2828168
0;05-03-2025 01:05:04.400;05-03-2025 00:17:53.373;2831027
0;05-03-2025 01:05:11.232;05-03-2025 00:17:53.373;2837859
0;05-03-2025 01:05:23.752;05-03-2025 00:17:53.373;2850379
0;05-03-2025 01:05:24.501;05-03-2025 00:17:53.373;2851128
0;05-03-2025 01:05:32.420;05-03-2025 00:17:53.373;2859047
0;05-03-2025 01:05:35.126;05-03-2025 00:17:53.373;2861753
0;05-03-2025 01:05:42.598;05-03-2025 00:17:53.373;2869225
0;05-03-2025 01:05:43.694;05-03-2025 00:17:53.373;2870321
0;05-03-2025 01:05:45.081;05-03-2025 00:17:53.373;2871708
0;05-03-2025 01:05:45.673;05-03-2025 00:17:53.373;2872300
0;05-03-2025 01:05:47.381;05-03-2025 00:17:53.373;2874008
0;05-03-2025 01:06:01.510;05-03-2025 00:17:53.373;2888137
0;05-03-2025 01:06:02.991;05-03-2025 00:17:53.373;2889618
0;05-03-2025 01:06:03.818;05-03-2025 00:17:53.373;2890445
0;05-03-2025 01:06:07.350;05-03-2025 00:17:53.373;2893977
0;05-03-2025 01:06:29.188;05-03-2025 00:17:53.373;2915815
0;05-03-2025 01:06:38.873;05-03-2025 00:17:53.373;2925500
0;05-03-2025 01:06:39.507;05-03-2025 00:17:53.373;2926134
0;05-03-2025 01:06:43.405;05-03-2025 00:17:53.373;2930032
0;05-03-2025 01:06:46.803;05-03-2025 00:17:53.373;2933430
0;05-03-2025 01:06:48.041;05-03-2025 00:17:53.373;2934668
0;05-03-2025 01:06:56.626;05-03-2025 00:17:53.373;2943253
0;05-03-2025 01:07:01.217;05-03-2025 00:17:53.373;2947844
0;05-03-2025 01:07:02.684;05-03-2025 00:17:53.373;2949311
0;05-03-2025 01:07:10.506;05-03-2025 00:17:53.373;2957133
0;05-03-2025 01:07:13.241;05-03-2025 00:17:53.373;2959868
0;05-03-2025 01:07:17.123;05-03-2025 00:17:53.373;2963750
0;05-03-2025 01:07:19.357;05-03-2025 00:17:53.373;2965984
0;05-03-2025 01:07:21.234;05-03-2025 00:17:53.373;2967861
0;05-03-2025 01:07:30.955;05-03-2025 00:17:53.373;2977582
0;05-03-2025 01:07:33.973;05-03-2025 00:17:53.373;2980600
0;05-03-2025 01:07:43.045;05-03-2025 00:17:53.373;2989672
0;05-03-2025 01:07:48.943;05-03-2025 00:17:53.373;2995570
0;05-03-2025 01:07:51.109;05-03-2025 00:17:53.373;2997736
0;05-03-2025 01:08:05.474;05-03-2025 00:17:53.373;3012101
0;05-03-2025 01:08:06.289;05-03-2025 00:17:53.373;3012916
0;05-03-2025 01:08:10.573;05-03-2025 00:17:53.373;3017200
0;05-03-2025 01:08:11.267;05-03-2025 00:17:53.373;3017894
0;05-03-2025 01:08:11.881;05-03-2025 00:17:53.373;3018508
0;05-03-2025 01:08:12.885;05-03-2025 00:17:53.373;3019512
0;05-03-2025 01:08:20.898;05-03-2025 00:17:53.373;3027525
0;05-03-2025 01:08:27.260;05-03-2025 00:17:53.373;3033887
0;05-03-2025 01:08:38.867;05-03-2025 00:17:53.373;3045494
0;05-03-2025 01:08:46.856;05-03-2025 00:17:53.373;3053483
0;05-03-2025 01:08:50.584;05-03-2025 00:17:53.373;3057211
0;05-03-2025 01:08:58.766;05-03-2025 00:17:53.373;3065393
0;05-03-2025 01:09:01.550;05-03-2025 00:17:53.373;3068177
0;05-03-2025 01:09:03.420;05-03-2025 00:17:53.373;3070047
0;05-03-2025 01:09:06.094;05-03-2025 00:17:53.373;3072721
0;05-03-2025 01:09:14.845;05-03-2025 00:17:53.373;3081472
0;05-03-2025 01:09:20.603;05-03-2025 00:17:53.373;3087230
0;05-03-2025 01:09:21.972;05-03-2025 00:17:53.373;3088599
0;05-03-2025 01:09:22.221;05-03-2025 00:17:53.373;3088848
0;05-03-2025 01:09:27.255;05-03-2025 00:17:53.373;3093882
0;05-03-2025 01:09:32.473;05-03-2025 00:17:53.373;3099100
0;05-03-2025 01:09:34.036;05-03-2025 00:17:53.373;3100663
0;05-03-2025 01:09:58.943;05-03-2025 00:17:53.373;3125570
0;05-03-2025 01:09:59.274;05-03-2025 00:17:53.373;3125901
0;05-03-2025 01:10:01.248;05-03-2025 00:17:53.373;3127875
0;05-03-2025 01:10:02.303;05-03-2025 00:17:53.373;3128930
0;05-03-2025 01:10:03.146;05-03-2025 00:17:53.373;3129773
0;05-03-2025 01:10:07.204;05-03-2025 00:17:53.373;3133831
0;05-03-2025 01:10:10.287;05-03-2025 00:17:53.373;3136914
0;05-03-2025 01:10:19.704;05-03-2025 00:17:53.373;3146331
0;05-03-2025 01:10:19.904;05-03-2025 00:17:53.373;3146531
0;05-03-2025 01:10:30.243;05-03-2025 00:17:53.373;3156870
0;05-03-2025 01:10:32.132;05-03-2025 00:17:53.373;3158759
0;05-03-2025 01:10:37.291;05-03-2025 00:17:53.373;3163918
0;05-03-2025 01:10:41.737;05-03-2025 00:17:53.373;3168364
0;05-03-2025 01:10:44.137;05-03-2025 00:17:53.373;3170764
0;05-03-2025 01:10:49.322;05-03-2025 00:17:53.373;3175949
0;05-03-2025 01:11:04.996;05-03-2025 00:17:53.373;3191623
0;05-03-2025 01:11:12.671;05-03-2025 00:17:53.373;3199298
0;05-03-2025 01:11:13.749;05-03-2025 00:17:53.373;3200376
0;05-03-2025 01:11:14.335;05-03-2025 00:17:53.373;3200962
0;05-03-2025 01:11:22.463;05-03-2025 00:17:53.373;3209090
0;05-03-2025 01:11:29.474;05-03-2025 00:17:53.373;3216101
0;05-03-2025 01:11:31.165;05-03-2025 00:17:53.373;3217792
0;05-03-2025 01:11:34.283;05-03-2025 00:17:53.373;3220910
0;05-03-2025 01:11:45.024;05-03-2025 00:17:53.373;3231651
0;05-03-2025 01:11:46.577;05-03-2025 00:17:53.373;3233204
0;05-03-2025 01:11:54.549;05-03-2025 00:17:53.373;3241176
0;05-03-2025 01:11:59.159;05-03-2025 00:17:53.373;3245786
0;05-03-2025 01:12:02.421;05-03-2025 00:17:53.373;3249048
0;05-03-2025 01:12:11.020;05-03-2025 00:17:53.373;3257647
0;05-03-2025 01:12:15.993;05-03-2025 00:17:53.373;3262620
0;05-03-2025 01:12:16.825;05-03-2025 00:17:53.373;3263452
0;05-03-2025 01:12:18.663;05-03-2025 00:17:53.373;3265290
0;05-03-2025 01:12:26.546;05-03-2025 00:17:53.373;3273173
0;05-03-2025 01:12:27.485;05-03-2025 00:17:53.373;3274112
0;05-03-2025 01:12:31.905;05-03-2025 00:17:53.373;3278532
0;05-03-2025 01:12:37.233;05-03-2025 00:17:53.373;3283860
0;05-03-2025 01:12:38.828;05-03-2025 00:17:53.373;3285455
0;05-03-2025 01:12:45.706;05-03-2025 00:17:53.373;3292333
0;05-03-2025 01:12:56.532;05-03-2025 00:17:53.373;3303159
0;05-03-2025 01:12:59.222;05-03-2025 00:17:53.373;3305849
0;05-03-2025 01:13:01.551;05-03-2025 00:17:53.373;3308178
0;05-03-2025 01:13:09.963;05-03-2025 00:17:53.373;3316590
0;05-03-2025 01:13:10.839;05-03-2025 00:17:53.373;3317466
0;05-03-2025 01:13:20.391;05-03-2025 00:17:53.373;3327018
0;05-03-2025 01:13:21.723;05-03-2025 00:17:53.373;3328350
0;05-03-2025 01:13:32.263;05-03-2025 00:17:53.373;3338890
0;05-03-2025 01:13:33.493;05-03-2025 00:17:53.373;3340120
0;05-03-2025 01:13:40.647;05-03-2025 00:17:53.373;3347274
0;05-03-2025 01:13:43.549;05-03-2025 00:17:53.373;3350176
0;05-03-2025 01:13:45.784;05-03-2025 00:17:53.373;3352411
0;05-03-2025 01:13:50.108;05-03-2025 00:17:53.373;3356735
0;05-03-2025 01:14:03.640;05-03-2025 00:17:53.373;3370267
0;05-03-2025 01:14:04.965;05-03-2025 00:17:53.373;3371592
0;05-03-2025 01:14:13.039;05-03-2025 00:17:53.373;3379666
0;05-03-2025 01:14:16.928;05-03-2025 00:17:53.373;3383555
0;05-03-2025 01:14:19.026;05-03-2025 00:17:53.373;3385653
0;05-03-2025 01:14:20.722;05-03-2025 00:17:53.373;3387349
0;05-03-2025 01:14:26.608;05-03-2025 00:17:53.373;3393235
0;05-03-2025 01:14:26.662;05-03-2025 00:17:53.373;3393289
0;05-03-2025 01:14:37.993;05-03-2025 00:17:53.373;3404620
0;05-03-2025 01:14:49.881;05-03-2025 00:17:53.373;3416508
0;05-03-2025 01:14:53.035;05-03-2025 00:17:53.373;3419662
0;05-03-2025 01:14:54.808;05-03-2025 00:17:53.373;3421435
0;05-03-2025 01:15:00.714;05-03-2025 00:17:53.373;3427341
0;05-03-2025 01:15:06.279;05-03-2025 00:17:53.373;3432906
0;05-03-2025 01:15:08.433;05-03-2025 00:17:53.373;3435060
0;05-03-2025 01:15:09.083;05-03-2025 00:17:53.373;3435710
0;05-03-2025 01:15:27.022;05-03-2025 00:17:53.373;3453649
0;05-03-2025 01:15:30.670;05-03-2025 00:17:53.373;3457297
0;05-03-2025 01:15:40.050;05-03-2025 00:17:53.373;3466677
0;05-03-2025 01:15:41.691;05-03-2025 00:17:53.373;3468318
0;05-03-2025 01:15:41.999;05-03-2025 00:17:53.373;3468626
0;05-03-2025 01:15:48.992;05-03-2025 00:17:53.373;3475619
0;05-03-2025 01:15:49.681;05-03-2025 00:17:53.373;3476308
0;05-03-2025 01:15:54.271;05-03-2025 00:17:53.373;3480898
0;05-03-2025 01:15:56.635;05-03-2025 00:17:53.373;3483262
0;05-03-2025 01:16:01.567;05-03-2025 00:17:53.373;3488194
0;05-03-2025 01:16:23.037;05-03-2025 00:17:53.373;3509664
0;05-03-2025 01:16:26.631;05-03-2025 00:17:53.373;3513258
0;05-03-2025 01:16:29.643;05-03-2025 00:17:53.373;3516270
0;05-03-2025 01:16:30.701;05-03-2025 00:17:53.373;3517328
0;05-03-2025 01:16:33.318;05-03-2025 00:17:53.373;3519945
0;05-03-2025 01:16:40.289;05-03-2025 00:17:53.373;3526916
0;05-03-2025 01:16:43.130;05-03-2025 00:17:53.373;3529757
0;05-03-2025 01:16:46.457;05-03-2025 00:17:53.373;3533084
0;05-03-2025 01:16:47.773;05-03-2025 00:17:53.373;3534400
0;05-03-2025 01:16:51.533;05-03-2025 00:17:53.373;3538160
0;05-03-2025 01:16:58.155;05-03-2025 00:17:53.373;3544782
0;05-03-2025 01:17:03.881;05-03-2025 00:17:53.373;3550508
0;05-03-2025 01:17:16.019;05-03-2025 00:17:53.373;3562646
0;05-03-2025 01:17:19.626;05-03-2025 00:17:53.373;3566253
0;05-03-2025 01:17:19.833;05-03-2025 00:17:53.373;3566460
0;05-03-2025 01:17:22.223;05-03-2025 00:17:53.373;3568850
0;05-03-2025 01:17:23.497;05-03-2025 00:17:53.373;3570124
0;05-03-2025 01:17:30.532;05-03-2025 00:17:53.373;3577159
0;05-03-2025 01:17:35.511;05-03-2025 00:17:53.373;3582138
0;05-03-2025 01:17:53.537;05-03-2025 00:17:53.373;3600164
0;05-03-2025 01:17:58.009;05-03-2025 00:17:53.373;3604636
0;05-03-2025 01:18:04.948;05-03-2025 00:17:53.373;3611575
0;05-03-2025 01:18:07.631;05-03-2025 00:17:53.373;3614258
0;05-03-2025 01:18:08.174;05-03-2025 00:17:53.373;3614801
0;05-03-2025 01:18:10.165;05-03-2025 00:17:53.373;3616792
0;05-03-2025 01:18:11.022;05-03-2025 00:17:53.373;3617649
0;05-03-2025 01:18:22.575;05-03-2025 00:17:53.373;3629202
0;05-03-2025 01:18:26.007;05-03-2025 00:17:53.373;3632634
0;05-03-2025 01:18:31.162;05-03-2025 00:17:53.373;3637789
0;05-03-2025 01:18:34.733;05-03-2025 00:17:53.373;3641360
0;05-03-2025 01:18:36.700;05-03-2025 00:17:53.373;3643327
0;05-03-2025 01:18:40.232;05-03-2025 00:17:53.373;3646859
0;05-03-2025 01:18:55.176;05-03-2025 00:17:53.373;3661803
0;05-03-2025 01:18:57.229;05-03-2025 00:17:53.373;3663856
0;05-03-2025 01:19:02.224;05-03-2025 00:17:53.373;3668851
0;05-03-2025 01:19:04.212;05-03-2025 00:17:53.373;3670839
0;05-03-2025 01:19:12.248;05-03-2025 00:17:53.373;3678875
0;05-03-2025 01:19:12.798;05-03-2025 00:17:53.373;3679425
0;05-03-2025 01:19:14.807;05-03-2025 00:17:53.373;3681434
0;05-03-2025 01:19:20.653;05-03-2025 00:17:53.373;3687280
0;05-03-2025 01:19:27.282;05-03-2025 00:17:53.373;3693909
0;05-03-2025 01:19:37.893;05-03-2025 00:17:53.373;3704520
0;05-03-2025 01:19:38.620;05-03-2025 00:17:53.373;3705247
0;05-03-2025 01:19:43.085;05-03-2025 00:17:53.373;3709712
0;05-03-2025 01:19:53.343;05-03-2025 00:17:53.373;3719970
0;05-03-2025 01:19:56.334;05-03-2025 00:17:53.373;3722961
0;05-03-2025 01:19:58.128;05-03-2025 00:17:53.373;3724755
0;05-03-2025 01:20:03.659;05-03-2025 00:17:53.373;3730286
0;05-03-2025 01:20:10.488;05-03-2025 00:17:53.373;3737115
0;05-03-2025 01:20:18.803;05-03-2025 00:17:53.373;3745430
0;05-03-2025 01:20:33.088;05-03-2025 00:17:53.373;3759715
0;05-03-2025 01:20:33.221;05-03-2025 00:17:53.373;3759848
0;05-03-2025 01:20:33.756;05-03-2025 00:17:53.373;3760383
0;05-03-2025 01:20:38.471;05-03-2025 00:17:53.373;3765098
0;05-03-2025 01:20:45.329;05-03-2025 00:17:53.373;3771956
0;05-03-2025 01:20:47.357;05-03-2025 00:17:53.373;3773984
0;05-03-2025 01:20:50.262;05-03-2025 00:17:53.373;3776889
0;05-03-2025 01:20:51.071;05-03-2025 00:17:53.373;3777698
0;05-03-2025 01:21:01.260;05-03-2025 00:17:53.373;3787887
0;05-03-2025 01:21:15.280;05-03-2025 00:17:53.373;3801907
0;05-03-2025 01:21:15.749;05-03-2025 00:17:53.373;3802376
0;05-03-2025 01:21:18.707;05-03-2025 00:17:53.373;3805334
0;05-03-2025 01:21:20.300;05-03-2025 00:17:53.373;3806927
0;05-03-2025 01:21:23.806;05-03-2025 00:17:53.373;3810433
0;05-03-2025 01:21:27.225;05-03-2025 00:17:53.373;3813852
0;05-03-2025 01:21:32.632;05-03-2025 00:17:53.373;3819259
0;05-03-2025 01:21:46.421;05-03-2025 00:17:53.373;3833048
0;05-03-2025 01:21:49.221;05-03-2025 00:17:53.373;3835848
0;05-03-2025 01:21:55.417;05-03-2025 00:17:53.373;3842044
0;05-03-2025 01:22:02.287;05-03-2025 00:17:53.373;3848914
0;05-03-2025 01:22:02.699;05-03-2025 00:17:53.373;3849326
0;05-03-2025 01:22:04.607;05-03-2025 00:17:53.373;3851234
0;05-03-2025 01:22:06.117;05-03-2025 00:17:53.373;3852744
0;05-03-2025 01:22:08.793;05-03-2025 00:17:53.373;3855420
0;05-03-2025 01:22:17.088;05-03-2025 00:17:53.373;3863715
0;05-03-2025 01:22:18.660;05-03-2025 00:17:53.373;3865287
0;05-03-2025 01:22:19.488;05-03-2025 00:17:53.373;3866115
0;05-03-2025 01:22:32.565;05-03-2025 00:17:53.373;3879192
0;05-03-2025 01:22:39.208;05-03-2025 00:17:53.373;3885835
0;05-03-2025 01:22:41.450;05-03-2025 00:17:53.373;3888077
0;05-03-2025 01:22:49.889;05-03-2025 00:17:53.373;3896516
0;05-03-2025 01:22:55.351;05-03-2025 00:17:53.373;3901978
0;05-03-2025 01:23:07.285;05-03-2025 00:17:53.373;3913912
0;05-03-2025 01:23:13.224;05-03-2025 00:17:53.373;3919851
0;05-03-2025 01:23:14.835;05-03-2025 00:17:53.373;3921462
0;05-03-2025 01:23:19.945;05-03-2025 00:17:53.373;3926572
0;05-03-2025 01:23:33.889;05-03-2025 00:17:53.373;3940516
0;05-03-2025 01:23:35.922;05-03-2025 00:17:53.373;3942549
0;05-03-2025 01:23:38.114;05-03-2025 00:17:53.373;3944741
0;05-03-2025 01:23:38.127;05-03-2025 00:17:53.373;3944754
0;05-03-2025 01:23:44.510;05-03-2025 00:17:53.373;3951137
0;05-03-2025 01:23:46.999;05-03-2025 00:17:53.373;3953626
0;05-03-2025 01:23:51.574;05-03-2025 00:17:53.373;3958201
0;05-03-2025 01:23:51.866;05-03-2025 00:17:53.373;3958493
0;05-03-2025 01:24:05.716;05-03-2025 00:17:53.373;3972343
0;05-03-2025 01:24:08.028;05-03-2025 00:17:53.373;3974655
0;05-03-2025 01:24:16.413;05-03-2025 00:17:53.373;3983040
0;05-03-2025 01:24:16.563;05-03-2025 00:17:53.373;3983190
0;05-03-2025 01:24:17.875;05-03-2025 00:17:53.373;3984502
0;05-03-2025 01:24:19.430;05-03-2025 00:17:53.373;3986057
0;05-03-2025 01:24:31.474;05-03-2025 00:17:53.373;3998101
0;05-03-2025 01:24:41.408;05-03-2025 00:17:53.373;4008035
0;05-03-2025 01:24:44.314;05-03-2025 00:17:53.373;4010941
0;05-03-2025 01:24:47.932;05-03-2025 00:17:53.373;4014559
0;05-03-2025 01:24:48.021;05-03-2025 00:17:53.373;4014648
0;05-03-2025 01:24:57.481;05-03-2025 00:17:53.373;4024108
0;05-03-2025 01:24:57.928;05-03-2025 00:17:53.373;4024555
0;05-03-2025 01:25:01.421;05-03-2025 00:17:53.373;4028048
0;05-03-2025 01:25:06.835;05-03-2025 00:17:53.373;4033462
0;05-03-2025 01:25:10.803;05-03-2025 00:17:53.373;4037430
0;05-03-2025 01:25:13.951;05-03-2025 00:17:53.373;4040578
0;05-03-2025 01:25:21.201;05-03-2025 00:17:53.373;4047828
0;05-03-2025 01:25:21.334;05-03-2025 00:17:53.373;4047961
0;05-03-2025 01:25:30.435;05-03-2025 00:17:53.373;4057062
0;05-03-2025 01:25:32.645;05-03-2025 00:17:53.373;4059272
0;05-03-2025 01:25:32.880;05-03-2025 00:17:53.373;4059507
0;05-03-2025 01:25:52.206;05-03-2025 00:17:53.373;4078833
0;05-03-2025 01:25:53.672;05-03-2025 00:17:53.373;4080299
0;05-03-2025 01:26:03.188;05-03-2025 00:17:53.373;4089815
0;05-03-2025 01:26:08.718;05-03-2025 00:17:53.373;4095345
0;05-03-2025 01:26:15.886;05-03-2025 00:17:53.373;4102513
0;05-03-2025 01:26:19.076;05-03-2025 00:17:53.373;4105703
0;05-03-2025 01:26:20.077;05-03-2025 00:17:53.373;4106704
0;05-03-2025 01:26:24.988;05-03-2025 00:17:53.373;4111615
0;05-03-2025 01:26:34.473;05-03-2025 00:17:53.373;4121100
0;05-03-2025 01:26:39.162;05-03-2025 00:17:53.373;4125789
0;05-03-2025 01:26:42.981;05-03-2025 00:17:53.373;4129608
0;05-03-2025 01:26:46.609;05-03-2025 00:17:53.373;4133236
0;05-03-2025 01:26:54.828;05-03-2025 00:17:53.373;4141455
0;05-03-2025 01:27:02.292;05-03-2025 00:17:53.373;4148919
0;05-03-2025 01:27:03.499;05-03-2025 00:17:53.373;4150126
0;05-03-2025 01:27:06.946;05-03-2025 00:17:53.373;4153573
0;05-03-2025 01:27:07.699;05-03-2025 00:17:53.373;4154326
0;05-03-2025 01:27:12.703;05-03-2025 00:17:53.373;4159330
0;05-03-2025 01:27:18.907;05-03-2025 00:17:53.373;4165534
0;05-03-2025 01:27:23.269;05-03-2025 00:17:53.373;4169896
0;05-03-2025 01:27:24.178;05-03-2025 00:17:53.373;4170805
0;05-03-2025 01:27:30.602;05-03-2025 00:17:53.373;4177229
0;05-03-2025 01:27:45.564;05-03-2025 00:17:53.373;4192191
0;05-03-2025 01:27:49.957;05-03-2025 00:17:53.373;4196584
0;05-03-2025 01:27:57.787;05-03-2025 00:17:53.373;4204414
0;05-03-2025 01:28:02.433;05-03-2025 00:17:53.373;4209060
0;05-03-2025 01:28:06.861;05-03-2025 00:17:53.373;4213488
0;05-03-2025 01:28:09.045;05-03-2025 00:17:53.373;4215672
0;05-03-2025 01:28:11.033;05-03-2025 00:17:53.373;4217660
0;05-03-2025 01:28:22.107;05-03-2025 00:17:53.373;4228734
0;05-03-2025 01:28:24.837;05-03-2025 00:17:53.373;4231464
0;05-03-2025 01:28:25.773;05-03-2025 00:17:53.373;4232400
0;05-03-2025 01:28:36.235;05-03-2025 00:17:53.373;4242862
0;05-03-2025 01:28:44.266;05-03-2025 00:17:53.373;4250893
0;05-03-2025 01:28:48.752;05-03-2025 00:17:53.373;4255379
0;05-03-2025 01:28:50.440;05-03-2025 00:17:53.373;4257067
0;05-03-2025 01:28:51.649;05-03-2025 00:17:53.373;4258276
0;05-03-2025 01:28:52.185;05-03-2025 00:17:53.373;4258812
0;05-03-2025 01:28:55.789;05-03-2025 00:17:53.373;4262416
0;05-03-2025 01:29:11.476;05-03-2025 00:17:53.373;4278103
0;05-03-2025 01:29:14.094;05-03-2025 00:17:53.373;4280721
0;05-03-2025 01:29:19.553;05-03-2025 00:17:53.373;4286180
0;05-03-2025 01:29:25.456;05-03-2025 00:17:53.373;4292083
0;05-03-2025 01:29:26.136;05-03-2025 00:17:53.373;4292763
0;05-03-2025 01:29:26.229;05-03-2025 00:17:53.373;4292856
0;05-03-2025 01:29:41.919;05-03-2025 00:17:53.373;4308546
0;05-03-2025 01:29:44.048;05-03-2025 00:17:53.373;4310675
0;05-03-2025 01:29:56.438;05-03-2025 00:17:53.373;4323065
0;05-03-2025 01:29:56.820;05-03-2025 00:17:53.373;4323447
0;05-03-2025 01:30:02.481;05-03-2025 00:17:53.373;4329108
0;05-03-2025 01:30:10.693;05-03-2025 00:17:53.373;4337320
0;05-03-2025 01:30:12.903;05-03-2025 00:17:53.373;4339530
0;05-03-2025 01:30:13.539;05-03-2025 00:17:53.373;4340166
0;05-03-2025 01:30:15.762;05-03-2025 00:17:53.373;4342389
0;05-03-2025 01:30:17.664;05-03-2025 00:17:53.373;4344291
0;05-03-2025 01:30:18.576;05-03-2025 00:17:53.373;4345203
0;05-03-2025 01:30:23.615;05-03-2025 00:17:53.373;4350242
0;05-03-2025 01:30:35.138;05-03-2025 00:17:53.373;4361765
0;05-03-2025 01:30:47.221;05-03-2025 00:17:53.373;4373848
0;05-03-2025 01:30:48.800;05-03-2025 00:17:53.373;4375427
0;05-03-2025 01:31:00.274;05-03-2025 00:17:53.373;4386901
0;05-03-2025 01:31:00.368;05-03-2025 00:17:53.373;4386995
0;05-03-2025 01:31:01.851;05-03-2025 00:17:53.373;4388478
0;05-03-2025 01:31:04.800;05-03-2025 00:17:53.373;4391427
0;05-03-2025 01:31:05.709;05-03-2025 00:17:53.373;4392336
0;05-03-2025 01:31:06.768;05-03-2025 00:17:53.373;4393395
0;05-03-2025 01:31:17.575;05-03-2025 00:17:53.373;4404202
0;05-03-2025 01:31:22.730;05-03-2025 00:17:53.373;4409357
0;05-03-2025 01:31:24.114;05-03-2025 00:17:53.373;4410741
0;05-03-2025 01:31:24.651;05-03-2025 00:17:53.373;4411278
0;05-03-2025 01:31:38.752;05-03-2025 00:17:53.373;4425379
0;05-03-2025 01:31:47.538;05-03-2025 00:17:53.373;4434165
0;05-03-2025 01:31:50.148;05-03-2025 00:17:53.373;4436775
0;05-03-2025 01:31:50.789;05-03-2025 00:17:53.373;4437416
0;05-03-2025 01:32:02.440;05-03-2025 00:17:53.373;4449067
0;05-03-2025 01:32:02.767;05-03-2025 00:17:53.373;4449394
0;05-03-2025 01:32:11.258;05-03-2025 00:17:53.373;4457885
0;05-03-2025 01:32:11.830;05-03-2025 00:17:53.373;4458457
0;05-03-2025 01:32:24.656;05-03-2025 00:17:53.373;4471283
0;05-03-2025 01:32:25.497;05-03-2025 00:17:53.373;4472124
0;05-03-2025 01:32:40.979;05-03-2025 00:17:53.373;4487606
0;05-03-2025 01:32:42.047;05-03-2025 00:17:53.373;4488674
0;05-03-2025 01:32:43.243;05-03-2025 00:17:53.373;4489870
0;05-03-2025 01:32:44.395;05-03-2025 00:17:53.373;4491022
0;05-03-2025 01:32:46.445;05-03-2025 00:17:53.373;4493072
0;05-03-2025 01:32:50.629;05-03-2025 00:17:53.373;4497256
0;05-03-2025 01:32:59.611;05-03-2025 00:17:53.373;4506238
0;05-03-2025 01:33:02.523;05-03-2025 00:17:53.373;4509150
0;05-03-2025 01:33:09.723;05-03-2025 00:17:53.373;4516350
0;05-03-2025 01:33:11.059;05-03-2025 00:17:53.373;4517686
0;05-03-2025 01:33:20.286;05-03-2025 00:17:53.373;4526913
0;05-03-2025 01:33:21.179;05-03-2025 00:17:53.373;4527806
0;05-03-2025 01:33:27.157;05-03-2025 00:17:53.373;4533784
0;05-03-2025 01:33:42.725;05-03-2025 00:17:53.373;4549352
0;05-03-2025 01:33:43.612;05-03-2025 00:17:53.373;4550239
0;05-03-2025 01:33:45.594;05-03-2025 00:17:53.373;4552221
0;05-03-2025 01:33:48.743;05-03-2025 00:17:53.373;4555370
0;05-03-2025 01:33:51.406;05-03-2025 00:17:53.373;4558033
0;05-03-2025 01:33:55.430;05-03-2025 00:17:53.373;4562057
0;05-03-2025 01:34:07.618;05-03-2025 00:17:53.373;4574245
0;05-03-2025 01:34:09.023;05-03-2025 00:17:53.373;4575650
0;05-03-2025 01:34:16.479;05-03-2025 00:17:53.373;4583106
0;05-03-2025 01:34:24.269;05-03-2025 00:17:53.373;4590896
0;05-03-2025 01:34:27.914;05-03-2025 00:17:53.373;4594541
0;05-03-2025 01:34:30.289;05-03-2025 00:17:53.373;4596916
0;05-03-2025 01:34:32.627;05-03-2025 00:17:53.373;4599254
0;05-03-2025 01:34:33.582;05-03-2025 00:17:53.373;4600209
0;05-03-2025 01:34:59.054;05-03-2025 00:17:53.373;4625681
0;05-03-2025 01:35:03.008;05-03-2025 00:17:53.373;4629635
0;05-03-2025 01:35:04.243;05-03-2025 00:17:53.373;4630870
0;05-03-2025 01:35:05.225;05-03-2025 00:17:53.373;4631852
0;05-03-2025 01:35:05.605;05-03-2025 00:17:53.373;4632232
0;05-03-2025 01:35:10.576;05-03-2025 00:17:53.373;4637203
0;05-03-2025 01:35:17.400;05-03-2025 00:17:53.373;4644027
0;05-03-2025 01:35:26.843;05-03-2025 00:17:53.373;4653470
0;05-03-2025 01:35:28.738;05-03-2025 00:17:53.373;4655365
0;05-03-2025 01:35:30.175;05-03-2025 00:17:53.373;4656802
0;05-03-2025 01:35:30.456;05-03-2025 00:17:53.373;4657083
0;05-03-2025 01:35:37.342;05-03-2025 00:17:53.373;4663969
0;05-03-2025 01:35:48.667;05-03-2025 00:17:53.373;4675294
0;05-03-2025 01:35:52.125;05-03-2025 00:17:53.373;4678752
0;05-03-2025 01:35:52.526;05-03-2025 00:17:53.373;4679153
0;05-03-2025 01:35:54.868;05-03-2025 00:17:53.373;4681495
0;05-03-2025 01:36:04.470;05-03-2025 00:17:53.373;4691097
0;05-03-2025 01:36:10.684;05-03-2025 00:17:53.373;4697311
0;05-03-2025 01:36:15.292;05-03-2025 00:17:53.373;4701919
0;05-03-2025 01:36:24.058;05-03-2025 00:17:53.373;4710685
0;05-03-2025 01:36:26.701;05-03-2025 00:17:53.373;4713328
0;05-03-2025 01:36:28.001;05-03-2025 00:17:53.373;4714628
0;05-03-2025 01:36:39.864;05-03-2025 00:17:53.373;4726491
0;05-03-2025 01:36:41.303;05-03-2025 00:17:53.373;4727930
0;05-03-2025 01:36:47.827;05-03-2025 00:17:53.373;4734454
0;05-03-2025 01:36:53.181;05-03-2025 00:17:53.373;4739808
0;05-03-2025 01:36:58.128;05-03-2025 00:17:53.373;4744755
0;05-03-2025 01:37:01.895;05-03-2025 00:17:53.373;4748522
0;05-03-2025 01:37:05.284;05-03-2025 00:17:53.373;4751911
0;05-03-2025 01:37:12.990;05-03-2025 00:17:53.373;4759617
0;05-03-2025 01:37:13.557;05-03-2025 00:17:53.373;4760184
0;05-03-2025 01:37:14.253;05-03-2025 00:17:53.373;4760880
0;05-03-2025 01:37:22.699;05-03-2025 00:17:53.373;4769326
0;05-03-2025 01:37:25.594;05-03-2025 00:17:53.373;4772221
0;05-03-2025 01:37:31.580;05-03-2025 00:17:53.373;4778207
0;05-03-2025 01:37:34.438;05-03-2025 00:17:53.373;4781065
0;05-03-2025 01:37:42.286;05-03-2025 00:17:53.373;4788913
0;05-03-2025 01:37:49.332;05-03-2025 00:17:53.373;4795959
0;05-03-2025 01:37:55.355;05-03-2025 00:17:53.373;4801982
0;05-03-2025 01:37:55.860;05-03-2025 00:17:53.373;4802487
0;05-03-2025 01:38:07.820;05-03-2025 00:17:53.373;4814447
0;05-03-2025 01:38:16.185;05-03-2025 00:17:53.373;4822812
0;05-03-2025 01:38:23.745;05-03-2025 00:17:53.373;4830372
0;05-03-2025 01:38:24.709;05-03-2025 00:17:53.373;4831336
0;05-03-2025 01:38:32.342;05-03-2025 00:17:53.373;4838969
0;05-03-2025 01:38:32.725;05-03-2025 00:17:53.373;4839352
0;05-03-2025 01:38:33.769;05-03-2025 00:17:53.373;4840396
0;05-03-2025 01:38:36.857;05-03-2025 00:17:53.373;4843484
0;05-03-2025 01:38:41.417;05-03-2025 00:17:53.373;4848044
0;05-03-2025 01:38:41.667;05-03-2025 00:17:53.373;4848294
0;05-03-2025 01:38:52.078;05-03-2025 00:17:53.373;4858705
0;05-03-2025 01:38:56.613;05-03-2025 00:17:53.373;4863240
0;05-03-2025 01:39:00.815;05-03-2025 00:17:53.373;4867442
0;05-03-2025 01:39:07.345;05-03-2025 00:17:53.373;4873972
0;05-03-2025 01:39:09.713;05-03-2025 00:17:53.373;4876340
0;05-03-2025 01:39:13.598;05-03-2025 00:17:53.373;4880225
0;05-03-2025 01:39:29.545;05-03-2025 00:17:53.373;4896172
0;05-03-2025 01:39:30.511;05-03-2025 00:17:53.373;4897138
0;05-03-2025 01:39:41.338;05-03-2025 00:17:53.373;4907965
0;05-03-2025 01:39:41.451;05-03-2025 00:17:53.373;4908078
0;05-03-2025 01:39:46.502;05-03-2025 00:17:53.373;4913129
0;05-03-2025 01:39:48.490;05-03-2025 00:17:53.373;4915117
0;05-03-2025 01:40:04.053;05-03-2025 00:17:53.373;4930680
0;05-03-2025 01:40:06.274;05-03-2025 00:17:53.373;4932901
0;05-03-2025 01:40:08.304;05-03-2025 00:17:53.373;4934931
0;05-03-2025 01:40:10.421;05-03-2025 00:17:53.373;4937048
0;05-03-2025 01:40:13.658;05-03-2025 00:17:53.373;4940285
0;05-03-2025 01:40:27.018;05-03-2025 00:17:53.373;4953645
0;05-03-2025 01:40:30.618;05-03-2025 00:17:53.373;4957245
0;05-03-2025 01:40:30.881;05-03-2025 00:17:53.373;4957508
0;05-03-2025 01:40:33.001;05-03-2025 00:17:53.373;4959628
0;05-03-2025 01:40:44.298;05-03-2025 00:17:53.373;4970925
0;05-03-2025 01:40:51.887;05-03-2025 00:17:53.373;4978514
0;05-03-2025 01:40:52.277;05-03-2025 00:17:53.373;4978904
0;05-03-2025 01:41:01.969;05-03-2025 00:17:53.373;4988596
0;05-03-2025 01:41:11.717;05-03-2025 00:17:53.373;4998344
0;05-03-2025 01:41:12.406;05-03-2025 00:17:53.373;4999033
0;05-03-2025 01:41:16.568;05-03-2025 00:17:53.373;5003195
0;05-03-2025 01:41:21.059;05-03-2025 00:17:53.373;5007686
0;05-03-2025 01:41:24.677;05-03-2025 00:17:53.373;5011304
0;05-03-2025 01:41:39.828;05-03-2025 00:17:53.373;5026455
0;05-03-2025 01:41:40.939;05-03-2025 00:17:53.373;5027566
0;05-03-2025 01:41:44.035;05-03-2025 00:17:53.373;5030662
0;05-03-2025 01:41:44.792;05-03-2025 00:17:53.373;5031419
0;05-03-2025 01:41:47.840;05-03-2025 00:17:53.373;5034467
0;05-03-2025 01:41:53.383;05-03-2025 00:17:53.373;5040010
0;05-03-2025 01:42:02.485;05-03-2025 00:17:53.373;5049112
0;05-03-2025 01:42:04.087;05-03-2025 00:17:53.373;5050714
0;05-03-2025 01:42:09.691;05-03-2025 00:17:53.373;5056318
0;05-03-2025 01:42:09.719;05-03-2025 00:17:53.373;5056346
0;05-03-2025 01:42:21.502;05-03-2025 00:17:53.373;5068129
0;05-03-2025 01:42:22.380;05-03-2025 00:17:53.373;5069007
0;05-03-2025 01:42:30.008;05-03-2025 00:17:53.373;5076635
0;05-03-2025 01:42:36.613;05-03-2025 00:17:53.373;5083240
0;05-03-2025 01:42:38.871;05-03-2025 00:17:53.373;5085498
0;05-03-2025 01:42:43.350;05-03-2025 00:17:53.373;5089977
0;05-03-2025 01:42:46.604;05-03-2025 00:17:53.373;5093231
0;05-03-2025 01:42:48.211;05-03-2025 00:17:53.373;5094838
0;05-03-2025 01:42:54.800;05-03-2025 00:17:53.373;5101427
0;05-03-2025 01:43:00.741;05-03-2025 00:17:53.373;5107368
0;05-03-2025 01:43:05.127;05-03-2025 00:17:53.373;5111754
0;05-03-2025 01:43:08.464;05-03-2025 00:17:53.373;5115091
0;05-03-2025 01:43:12.659;05-03-2025 00:17:53.373;5119286
0;05-03-2025 01:43:16.822;05-03-2025 00:17:53.373;5123449
0;05-03-2025 01:43:17.017;05-03-2025 00:17:53.373;5123644
0;05-03-2025 01:43:28.509;05-03-2025 00:17:53.373;5135136
0;05-03-2025 01:43:41.223;05-03-2025 00:17:53.373;5147850
0;05-03-2025 01:43:47.516;05-03-2025 00:17:53.373;5154143
0;05-03-2025 01:43:50.541;05-03-2025 00:17:53.373;5157168
0;05-03-2025 01:43:51.032;05-03-2025 00:17:53.373;5157659
0;05-03-2025 01:43:56.069;05-03-2025 00:17:53.373;5162696
0;05-03-2025 01:43:56.515;05-03-2025 00:17:53.373;5163142
0;05-03-2025 01:44:07.534;05-03-2025 00:17:53.373;5174161
0;05-03-2025 01:44:08.635;05-03-2025 00:17:53.373;5175262
0;05-03-2025 01:44:13.136;05-03-2025 00:17:53.373;5179763
0;05-03-2025 01:44:18.269;05-03-2025 00:17:53.373;5184896
0;05-03-2025 01:44:19.901;05-03-2025 00:17:53.373;5186528
0;05-03-2025 01:44:30.634;05-03-2025 00:17:53.373;5197261
0;05-03-2025 01:44:31.515;05-03-2025 00:17:53.373;5198142
0;05-03-2025 01:44:47.503;05-03-2025 00:17:53.373;5214130
0;05-03-2025 01:44:49.726;05-03-2025 00:17:53.373;5216353
0;05-03-2025 01:44:52.349;05-03-2025 00:17:53.373;5218976
0;05-03-2025 01:44:53.655;05-03-2025 00:17:53.373;5220282
0;05-03-2025 01:45:05.222;05-03-2025 00:17:53.373;5231849
0;05-03-2025 01:45:11.050;05-03-2025 00:17:53.373;5237677
0;05-03-2025 01:45:11.397;05-03-2025 00:17:53.373;5238024
0;05-03-2025 01:45:16.379;05-03-2025 00:17:53.373;5243006
0;05-03-2025 01:45:23.308;05-03-2025 00:17:53.373;5249935
0;05-03-2025 01:45:23.349;05-03-2025 00:17:53.373;5249976
0;05-03-2025 01:45:26.945;05-03-2025 00:17:53.373;5253572
0;05-03-2025 01:45:28.256;05-03-2025 00:17:53.373;5254883
0;05-03-2025 01:45:33.269;05-03-2025 00:17:53.373;5259896
0;05-03-2025 01:45:35.431;05-03-2025 00:17:53.373;5262058
0;05-03-2025 01:45:48.079;05-03-2025 00:17:53.373;5274706
0;05-03-2025 01:45:51.068;05-03-2025 00:17:53.373;5277695
0;05-03-2025 01:46:02.502;05-03-2025 00:17:53.373;5289129
0;05-03-2025 01:46:12.805;05-03-2025 00:17:53.373;5299432
0;05-03-2025 01:46:14.452;05-03-2025 00:17:53.373;5301079
0;05-03-2025 01:46:19.110;05-03-2025 00:17:53.373;5305737
0;05-03-2025 01:46:23.183;05-03-2025 00:17:53.373;5309810
0;05-03-2025 01:46:35.423;05-03-2025 00:17:53.373;5322050
0;05-03-2025 01:46:39.882;05-03-2025 00:17:53.373;5326509
0;05-03-2025 01:46:41.290;05-03-2025 00:17:53.373;5327917
0;05-03-2025 01:46:45.772;05-03-2025 00:17:53.373;5332399
0;05-03-2025 01:46:52.017;05-03-2025 00:17:53.373;5338644
0;05-03-2025 01:46:53.332;05-03-2025 00:17:53.373;5339959
0;05-03-2025 01:46:55.631;05-03-2025 00:17:53.373;5342258
0;05-03-2025 01:47:00.133;05-03-2025 00:17:53.373;5346760
0;05-03-2025 01:47:02.543;05-03-2025 00:17:53.373;5349170
0;05-03-2025 01:47:10.271;05-03-2025 00:17:53.373;5356898
0;05-03-2025 01:47:12.320;05-03-2025 00:17:53.373;5358947
0;05-03-2025 01:47:15.135;05-03-2025 00:17:53.373;5361762
0;05-03-2025 01:47:19.891;05-03-2025 00:17:53.373;5366518
0;05-03-2025 01:47:27.401;05-03-2025 00:17:53.373;5374028
0;05-03-2025 01:47:28.186;05-03-2025 00:17:53.373;5374813
0;05-03-2025 01:47:31.272;05-03-2025 00:17:53.373;5377899
0;05-03-2025 01:47:46.484;05-03-2025 00:17:53.373;5393111
0;05-03-2025 01:47:48.958;05-03-2025 00:17:53.373;5395585
0;05-03-2025 01:48:01.690;05-03-2025 00:17:53.373;5408317
0;05-03-2025 01:48:02.642;05-03-2025 00:17:53.373;5409269
0;05-03-2025 01:48:06.793;05-03-2025 00:17:53.373;5413420
0;05-03-2025 01:48:09.590;05-03-2025 00:17:53.373;5416217
0;05-03-2025 01:48:20.413;05-03-2025 00:17:53.373;5427040
0;05-03-2025 01:48:24.328;05-03-2025 00:17:53.373;5430955
0;05-03-2025 01:48:29.857;05-03-2025 00:17:53.373;5436484
0;05-03-2025 01:48:34.261;05-03-2025 00:17:53.373;5440888
0;05-03-2025 01:48:39.102;05-03-2025 00:17:53.373;5445729
0;05-03-2025 01:48:40.824;05-03-2025 00:17:53.373;5447451
0;05-03-2025 01:48:46.431;05-03-2025 00:17:53.373;5453058
0;05-03-2025 01:48:48.774;05-03-2025 00:17:53.373;5455401
0;05-03-2025 01:48:55.462;05-03-2025 00:17:53.373;5462089
0;05-03-2025 01:49:01.523;05-03-2025 00:17:53.373;5468150
0;05-03-2025 01:49:04.745;05-03-2025 00:17:53.373;5471372
0;05-03-2025 01:49:09.850;05-03-2025 00:17:53.373;5476477
0;05-03-2025 01:49:18.179;05-03-2025 00:17:53.373;5484806
0;05-03-2025 01:49:24.031;05-03-2025 00:17:53.373;5490658
0;05-03-2025 01:49:28.339;05-03-2025 00:17:53.373;5494966
0;05-03-2025 01:49:28.973;05-03-2025 00:17:53.373;5495600
0;05-03-2025 01:49:33.089;05-03-2025 00:17:53.373;5499716
0;05-03-2025 01:49:39.230;05-03-2025 00:17:53.373;5505857
0;05-03-2025 01:49:52.249;05-03-2025 00:17:53.373;5518876
0;05-03-2025 01:49:53.784;05-03-2025 00:17:53.373;5520411
0;05-03-2025 01:49:54.181;05-03-2025 00:17:53.373;5520808
0;05-03-2025 01:49:56.998;05-03-2025 00:17:53.373;5523625
0;05-03-2025 01:50:11.563;05-03-2025 00:17:53.373;5538190
0;05-03-2025 01:50:13.565;05-03-2025 00:17:53.373;5540192
0;05-03-2025 01:50:15.770;05-03-2025 00:17:53.373;5542397
0;05-03-2025 01:50:25.422;05-03-2025 00:17:53.373;5552049
0;05-03-2025 01:50:30.825;05-03-2025 00:17:53.373;5557452
0;05-03-2025 01:50:33.256;05-03-2025 00:17:53.373;5559883
0;05-03-2025 01:50:34.093;05-03-2025 00:17:53.373;5560720
0;05-03-2025 01:50:35.280;05-03-2025 00:17:53.373;5561907
0;05-03-2025 01:50:43.770;05-03-2025 00:17:53.373;5570397
0;05-03-2025 01:50:48.645;05-03-2025 00:17:53.373;5575272
0;05-03-2025 01:50:58.787;05-03-2025 00:17:53.373;5585414
0;05-03-2025 01:51:05.090;05-03-2025 00:17:53.373;5591717
0;05-03-2025 01:51:06.604;05-03-2025 00:17:53.373;5593231
0;05-03-2025 01:51:09.623;05-03-2025 00:17:53.373;5596250
0;05-03-2025 01:51:16.149;05-03-2025 00:17:53.373;5602776
0;05-03-2025 01:51:28.548;05-03-2025 00:17:53.373;5615175
0;05-03-2025 01:51:29.961;05-03-2025 00:17:53.373;5616588
0;05-03-2025 01:51:30.139;05-03-2025 00:17:53.373;5616766
0;05-03-2025 01:51:31.537;05-03-2025 00:17:53.373;5618164
0;05-03-2025 01:51:40.754;05-03-2025 00:17:53.373;5627381
0;05-03-2025 01:51:45.953;05-03-2025 00:17:53.373;5632580
0;05-03-2025 01:51:48.722;05-03-2025 00:17:53.373;5635349
0;05-03-2025 01:51:54.560;05-03-2025 00:17:53.373;5641187
0;05-03-2025 01:51:57.288;05-03-2025 00:17:53.373;5643915
0;05-03-2025 01:52:00.551;05-03-2025 00:17:53.373;5647178
0;05-03-2025 01:52:12.395;05-03-2025 00:17:53.373;5659022
0;05-03-2025 01:52:15.058;05-03-2025 00:17:53.373;5661685
0;05-03-2025 01:52:32.095;05-03-2025 00:17:53.373;5678722
0;05-03-2025 01:52:32.607;05-03-2025 00:17:53.373;5679234
0;05-03-2025 01:52:34.152;05-03-2025 00:17:53.373;5680779
0;05-03-2025 01:52:38.133;05-03-2025 00:17:53.373;5684760
0;05-03-2025 01:52:41.418;05-03-2025 00:17:53.373;5688045
0;05-03-2025 01:52:42.383;05-03-2025 00:17:53.373;5689010
0;05-03-2025 01:52:46.675;05-03-2025 00:17:53.373;5693302
0;05-03-2025 01:52:55.660;05-03-2025 00:17:53.373;5702287
0;05-03-2025 01:53:05.325;05-03-2025 00:17:53.373;5711952
0;05-03-2025 01:53:09.606;05-03-2025 00:17:53.373;5716233
0;05-03-2025 01:53:10.409;05-03-2025 00:17:53.373;5717036
0;05-03-2025 01:53:10.603;05-03-2025 00:17:53.373;5717230
0;05-03-2025 01:53:11.976;05-03-2025 00:17:53.373;5718603
0;05-03-2025 01:53:16.373;05-03-2025 00:17:53.373;5723000
0;05-03-2025 01:53:21.542;05-03-2025 00:17:53.373;5728169
0;05-03-2025 01:53:31.272;05-03-2025 00:17:53.373;5737899
0;05-03-2025 01:53:31.884;05-03-2025 00:17:53.373;5738511
0;05-03-2025 01:53:33.247;05-03-2025 00:17:53.373;5739874
0;05-03-2025 01:53:41.054;05-03-2025 00:17:53.373;5747681
0;05-03-2025 01:53:44.805;05-03-2025 00:17:53.373;5751432
0;05-03-2025 01:53:50.751;05-03-2025 00:17:53.373;5757378
0;05-03-2025 01:54:02.359;05-03-2025 00:17:53.373;5768986
0;05-03-2025 01:54:02.432;05-03-2025 00:17:53.373;5769059
0;05-03-2025 01:54:03.526;05-03-2025 00:17:53.373;5770153
0;05-03-2025 01:54:23.663;05-03-2025 00:17:53.373;5790290
0;05-03-2025 01:54:27.349;05-03-2025 00:17:53.373;5793976
0;05-03-2025 01:54:34.549;05-03-2025 00:17:53.373;5801176
0;05-03-2025 01:54:35.235;05-03-2025 00:17:53.373;5801862
0;05-03-2025 01:54:38.681;05-03-2025 00:17:53.373;5805308
0;05-03-2025 01:54:43.497;05-03-2025 00:17:53.373;5810124
0;05-03-2025 01:54:53.167;05-03-2025 00:17:53.373;5819794
0;05-03-2025 01:54:56.321;05-03-2025 00:17:53.373;5822948
0;05-03-2025 01:54:57.574;05-03-2025 00:17:53.373;5824201
0;05-03-2025 01:55:03.190;05-03-2025 00:17:53.373;5829817
0;05-03-2025 01:55:05.693;05-03-2025 00:17:53.373;5832320
0;05-03-2025 01:55:06.745;05-03-2025 00:17:53.373;5833372
0;05-03-2025 01:55:07.414;05-03-2025 00:17:53.373;5834041
0;05-03-2025 01:55:20.424;05-03-2025 00:17:53.373;5847051
0;05-03-2025 01:55:28.442;05-03-2025 00:17:53.373;5855069
0;05-03-2025 01:55:32.175;05-03-2025 00:17:53.373;5858802
0;05-03-2025 01:55:34.523;05-03-2025 00:17:53.373;5861150
0;05-03-2025 01:55:41.511;05-03-2025 00:17:53.373;5868138
0;05-03-2025 01:55:47.946;05-03-2025 00:17:53.373;5874573
0;05-03-2025 01:55:54.023;05-03-2025 00:17:53.373;5880650
0;05-03-2025 01:55:59.518;05-03-2025 00:17:53.373;5886145
0;05-03-2025 01:56:03.233;05-03-2025 00:17:53.373;5889860
0;05-03-2025 01:56:05.692;05-03-2025 00:17:53.373;5892319
0;05-03-2025 01:56:10.136;05-03-2025 00:17:53.373;5896763
0;05-03-2025 01:56:30.191;05-03-2025 00:17:53.373;5916818
0;05-03-2025 01:56:30.864;05-03-2025 00:17:53.373;5917491
0;05-03-2025 01:56:34.699;05-03-2025 00:17:53.373;5921326
0;05-03-2025 01:56:35.346;05-03-2025 00:17:53.373;5921973
0;05-03-2025 01:56:42.454;05-03-2025 00:17:53.373;5929081
0;05-03-2025 01:56:49.291;05-03-2025 00:17:53.373;5935918
0;05-03-2025 01:56:51.242;05-03-2025 00:17:53.373;5937869
0;05-03-2025 01:56:54.088;05-03-2025 00:17:53.373;5940715
0;05-03-2025 01:57:01.678;05-03-2025 00:17:53.373;5948305
0;05-03-2025 01:57:04.182;05-03-2025 00:17:53.373;5950809
0;05-03-2025 01:57:07.507;05-03-2025 00:17:53.373;5954134
0;05-03-2025 01:57:20.302;05-03-2025 00:17:53.373;5966929
0;05-03-2025 01:57:22.207;05-03-2025 00:17:53.373;5968834
0;05-03-2025 01:57:28.943;05-03-2025 00:17:53.373;5975570
0;05-03-2025 01:57:29.024;05-03-2025 00:17:53.373;5975651
0;05-03-2025 01:57:30.424;05-03-2025 00:17:53.373;5977051
0;05-03-2025 01:57:33.753;05-03-2025 00:17:53.373;5980380
0;05-03-2025 01:57:36.937;05-03-2025 00:17:53.373;5983564
0;05-03-2025 01:57:46.055;05-03-2025 00:17:53.373;5992682
0;05-03-2025 01:57:47.286;05-03-2025 00:17:53.373;5993913
0;05-03-2025 01:57:57.383;05-03-2025 00:17:53.373;6004010
0;05-03-2025 01:58:00.341;05-03-2025 00:17:53.373;6006968
0;05-03-2025 01:58:07.238;05-03-2025 00:17:53.373;6013865
0;05-03-2025 01:58:16.626;05-03-2025 00:17:53.373;6023253
0;05-03-2025 01:58:20.231;05-03-2025 00:17:53.373;6026858
0;05-03-2025 01:58:20.288;05-03-2025 00:17:53.373;6026915
0;05-03-2025 01:58:39.394;05-03-2025 00:17:53.373;6046021
0;05-03-2025 01:58:40.641;05-03-2025 00:17:53.373;6047268
0;05-03-2025 01:58:40.674;05-03-2025 00:17:53.373;6047301
0;05-03-2025 01:58:41.205;05-03-2025 00:17:53.373;6047832
0;05-03-2025 01:58:42.525;05-03-2025 00:17:53.373;6049152
0;05-03-2025 01:58:45.674;05-03-2025 00:17:53.373;6052301
0;05-03-2025 01:58:50.404;05-03-2025 00:17:53.373;6057031
0;05-03-2025 01:59:05.369;05-03-2025 00:17:53.373;6071996
0;05-03-2025 01:59:13.005;05-03-2025 00:17:53.373;6079632
0;05-03-2025 01:59:13.890;05-03-2025 00:17:53.373;6080517
0;05-03-2025 01:59:16.194;05-03-2025 00:17:53.373;6082821
0;05-03-2025 01:59:24.578;05-03-2025 00:17:53.373;6091205
0;05-03-2025 01:59:29.621;05-03-2025 00:17:53.373;6096248
0;05-03-2025 01:59:30.209;05-03-2025 00:17:53.373;6096836
0;05-03-2025 01:59:38.934;05-03-2025 00:17:53.373;6105561
0;05-03-2025 01:59:41.393;05-03-2025 00:17:53.373;6108020
0;05-03-2025 01:59:51.192;05-03-2025 00:17:53.373;6117819
0;05-03-2025 01:59:51.856;05-03-2025 00:17:53.373;6118483
0;05-03-2025 01:59:59.178;05-03-2025 00:17:53.373;6125805
0;05-03-2025 02:00:06.585;05-03-2025 00:17:53.373;6133212
0;05-03-2025 02:00:11.773;05-03-2025 00:17:53.373;6138400
0;05-03-2025 02:00:13.150;05-03-2025 00:17:53.373;6139777
0;05-03-2025 02:00:18.242;05-03-2025 00:17:53.373;6144869
0;05-03-2025 02:00:27.501;05-03-2025 00:17:53.373;6154128
0;05-03-2025 02:00:29.776;05-03-2025 00:17:53.373;6156403
0;05-03-2025 02:00:31.521;05-03-2025 00:17:53.373;6158148
0;05-03-2025 02:00:38.598;05-03-2025 00:17:53.373;6165225
0;05-03-2025 02:00:40.800;05-03-2025 00:17:53.373;6167427
0;05-03-2025 02:00:44.730;05-03-2025 00:17:53.373;6171357
0;05-03-2025 02:00:59.036;05-03-2025 00:17:53.373;6185663
0;05-03-2025 02:01:02.558;05-03-2025 00:17:53.373;6189185
0;05-03-2025 02:01:06.826;05-03-2025 00:17:53.373;6193453
0;05-03-2025 02:01:16.484;05-03-2025 00:17:53.373;6203111
0;05-03-2025 02:01:16.497;05-03-2025 00:17:53.373;6203124
0;05-03-2025 02:01:20.844;05-03-2025 00:17:53.373;6207471
0;05-03-2025 02:01:29.282;05-03-2025 00:17:53.373;6215909
0;05-03-2025 02:01:30.274;05-03-2025 00:17:53.373;6216901
0;05-03-2025 02:01:35.108;05-03-2025 00:17:53.373;6221735
0;05-03-2025 02:01:40.534;05-03-2025 00:17:53.373;6227161
0;05-03-2025 02:01:43.633;05-03-2025 00:17:53.373;6230260
0;05-03-2025 02:01:55.856;05-03-2025 00:17:53.373;6242483
0;05-03-2025 02:02:01.636;05-03-2025 00:17:53.373;6248263
0;05-03-2025 02:02:01.686;05-03-2025 00:17:53.373;6248313
0;05-03-2025 02:02:02.888;05-03-2025 00:17:53.373;6249515
0;05-03-2025 02:02:04.032;05-03-2025 00:17:53.373;6250659
0;05-03-2025 02:02:09.358;05-03-2025 00:17:53.373;6255985
0;05-03-2025 02:02:20.903;05-03-2025 00:17:53.373;6267530
0;05-03-2025 02:02:25.802;05-03-2025 00:17:53.373;6272429
0;05-03-2025 02:02:36.134;05-03-2025 00:17:53.373;6282761
0;05-03-2025 02:02:36.676;05-03-2025 00:17:53.373;6283303
0;05-03-2025 02:02:41.965;05-03-2025 00:17:53.373;6288592
0;05-03-2025 02:02:43.272;05-03-2025 00:17:53.373;6289899
0;05-03-2025 02:02:52.942;05-03-2025 00:17:53.373;6299569
0;05-03-2025 02:03:02.910;05-03-2025 00:17:53.373;6309537
0;05-03-2025 02:03:03.061;05-03-2025 00:17:53.373;6309688
0;05-03-2025 02:03:13.676;05-03-2025 00:17:53.373;6320303
0;05-03-2025 02:03:14.982;05-03-2025 00:17:53.373;6321609
0;05-03-2025 02:03:15.248;05-03-2025 00:17:53.373;6321875
0;05-03-2025 02:03:17.441;05-03-2025 00:17:53.373;6324068
0;05-03-2025 02:03:19.114;05-03-2025 00:17:53.373;6325741
0;05-03-2025 02:03:30.701;05-03-2025 00:17:53.373;6337328
0;05-03-2025 02:03:39.172;05-03-2025 00:17:53.373;6345799
0;05-03-2025 02:03:45.762;05-03-2025 00:17:53.373;6352389
0;05-03-2025 02:03:46.729;05-03-2025 00:17:53.373;6353356
0;05-03-2025 02:03:59.451;05-03-2025 00:17:53.373;6366078
0;05-03-2025 02:04:01.630;05-03-2025 00:17:53.373;6368257
0;05-03-2025 02:04:02.730;05-03-2025 00:17:53.373;6369357
0;05-03-2025 02:04:07.888;05-03-2025 00:17:53.373;6374515
0;05-03-2025 02:04:09.430;05-03-2025 00:17:53.373;6376057
0;05-03-2025 02:04:11.263;05-03-2025 00:17:53.373;6377890
0;05-03-2025 02:04:19.068;05-03-2025 00:17:53.373;6385695
0;05-03-2025 02:04:21.725;05-03-2025 00:17:53.373;6388352
0;05-03-2025 02:04:27.556;05-03-2025 00:17:53.373;6394183
0;05-03-2025 02:04:29.209;05-03-2025 00:17:53.373;6395836
0;05-03-2025 02:04:38.806;05-03-2025 00:17:53.373;6405433
0;05-03-2025 02:04:55.850;05-03-2025 00:17:53.373;6422477
0;05-03-2025 02:05:04.955;05-03-2025 00:17:53.373;6431582
0;05-03-2025 02:05:05.284;05-03-2025 00:17:53.373;6431911
0;05-03-2025 02:05:06.124;05-03-2025 00:17:53.373;6432751
0;05-03-2025 02:05:07.264;05-03-2025 00:17:53.373;6433891
0;05-03-2025 02:05:12.187;05-03-2025 00:17:53.373;6438814
0;05-03-2025 02:05:24.049;05-03-2025 00:17:53.373;6450676
0;05-03-2025 02:05:25.647;05-03-2025 00:17:53.373;6452274
0;05-03-2025 02:05:25.663;05-03-2025 00:17:53.373;6452290
0;05-03-2025 02:05:30.234;05-03-2025 00:17:53.373;6456861
0;05-03-2025 02:05:35.479;05-03-2025 00:17:53.373;6462106
0;05-03-2025 02:05:41.026;05-03-2025 00:17:53.373;6467653
0;05-03-2025 02:05:54.040;05-03-2025 00:17:53.373;6480667
0;05-03-2025 02:05:58.982;05-03-2025 00:17:53.373;6485609
0;05-03-2025 02:06:00.846;05-03-2025 00:17:53.373;6487473
0;05-03-2025 02:06:02.153;05-03-2025 00:17:53.373;6488780
0;05-03-2025 02:06:02.941;05-03-2025 00:17:53.373;6489568
0;05-03-2025 02:06:06.224;05-03-2025 00:17:53.373;6492851
0;05-03-2025 02:06:13.277;05-03-2025 00:17:53.373;6499904
0;05-03-2025 02:06:15.023;05-03-2025 00:17:53.373;6501650
0;05-03-2025 02:06:19.614;05-03-2025 00:17:53.373;6506241
0;05-03-2025 02:06:25.895;05-03-2025 00:17:53.373;6512522
0;05-03-2025 02:06:32.413;05-03-2025 00:17:53.373;6519040
0;05-03-2025 02:06:37.599;05-03-2025 00:17:53.373;6524226
0;05-03-2025 02:06:41.945;05-03-2025 00:17:53.373;6528572
0;05-03-2025 02:06:46.865;05-03-2025 00:17:53.373;6533492
0;05-03-2025 02:07:01.076;05-03-2025 00:17:53.373;6547703
0;05-03-2025 02:07:04.810;05-03-2025 00:17:53.373;6551437
0;05-03-2025 02:07:18.707;05-03-2025 00:17:53.373;6565334
0;05-03-2025 02:07:19.487;05-03-2025 00:17:53.373;6566114
0;05-03-2025 02:07:20.789;05-03-2025 00:17:53.373;6567416
0;05-03-2025 02:07:22.747;05-03-2025 00:17:53.373;6569374
0;05-03-2025 02:07:30.073;05-03-2025 00:17:53.373;6576700
0;05-03-2025 02:07:32.314;05-03-2025 00:17:53.373;6578941
0;05-03-2025 02:07:35.936;05-03-2025 00:17:53.373;6582563
0;05-03-2025 02:07:42.619;05-03-2025 00:17:53.373;6589246
0;05-03-2025 02:07:55.940;05-03-2025 00:17:53.373;6602567
0;05-03-2025 02:07:56.869;05-03-2025 00:17:53.373;6603496
0;05-03-2025 02:08:00.108;05-03-2025 00:17:53.373;6606735
0;05-03-2025 02:08:01.245;05-03-2025 00:17:53.373;6607872
0;05-03-2025 02:08:05.234;05-03-2025 00:17:53.373;6611861
0;05-03-2025 02:08:09.686;05-03-2025 00:17:53.373;6616313
0;05-03-2025 02:08:10.846;05-03-2025 00:17:53.373;6617473
0;05-03-2025 02:08:28.739;05-03-2025 00:17:53.373;6635366
0;05-03-2025 02:08:32.171;05-03-2025 00:17:53.373;6638798
0;05-03-2025 02:08:35.670;05-03-2025 00:17:53.373;6642297
0;05-03-2025 02:08:40.561;05-03-2025 00:17:53.373;6647188
0;05-03-2025 02:08:45.726;05-03-2025 00:17:53.373;6652353
0;05-03-2025 02:08:46.985;05-03-2025 00:17:53.373;6653612
0;05-03-2025 02:08:54.606;05-03-2025 00:17:53.373;6661233
0;05-03-2025 02:08:58.043;05-03-2025 00:17:53.373;6664670
0;05-03-2025 02:08:58.721;05-03-2025 00:17:53.373;6665348
0;05-03-2025 02:09:05.661;05-03-2025 00:17:53.373;6672288
0;05-03-2025 02:09:15.128;05-03-2025 00:17:53.373;6681755
0;05-03-2025 02:09:23.030;05-03-2025 00:17:53.373;6689657
0;05-03-2025 02:09:27.078;05-03-2025 00:17:53.373;6693705
0;05-03-2025 02:09:27.429;05-03-2025 00:17:53.373;6694056
0;05-03-2025 02:09:29.544;05-03-2025 00:17:53.373;6696171
0;05-03-2025 02:09:33.300;05-03-2025 00:17:53.373;6699927
0;05-03-2025 02:09:39.520;05-03-2025 00:17:53.373;6706147
0;05-03-2025 02:09:44.952;05-03-2025 00:17:53.373;6711579
0;05-03-2025 02:09:44.978;05-03-2025 00:17:53.373;6711605
0;05-03-2025 02:09:46.046;05-03-2025 00:17:53.373;6712673
0;05-03-2025 02:10:08.299;05-03-2025 00:17:53.373;6734926
0;05-03-2025 02:10:14.162;05-03-2025 00:17:53.373;6740789
0;05-03-2025 02:10:14.747;05-03-2025 00:17:53.373;6741374
0;05-03-2025 02:10:16.033;05-03-2025 00:17:53.373;6742660
0;05-03-2025 02:10:17.860;05-03-2025 00:17:53.373;6744487
0;05-03-2025 02:10:23.017;05-03-2025 00:17:53.373;6749644
0;05-03-2025 02:10:28.862;05-03-2025 00:17:53.373;6755489
0;05-03-2025 02:10:31.800;05-03-2025 00:17:53.373;6758427
0;05-03-2025 02:10:34.758;05-03-2025 00:17:53.373;6761385
0;05-03-2025 02:10:43.881;05-03-2025 00:17:53.373;6770508
0;05-03-2025 02:10:46.210;05-03-2025 00:17:53.373;6772837
0;05-03-2025 02:10:46.440;05-03-2025 00:17:53.373;6773067
0;05-03-2025 02:10:56.648;05-03-2025 00:17:53.373;6783275
0;05-03-2025 02:11:02.060;05-03-2025 00:17:53.373;6788687
0;05-03-2025 02:11:07.295;05-03-2025 00:17:53.373;6793922
0;05-03-2025 02:11:07.712;05-03-2025 00:17:53.373;6794339
0;05-03-2025 02:11:16.534;05-03-2025 00:17:53.373;6803161
0;05-03-2025 02:11:24.585;05-03-2025 00:17:53.373;6811212
0;05-03-2025 02:11:36.073;05-03-2025 00:17:53.373;6822700
0;05-03-2025 02:11:36.711;05-03-2025 00:17:53.373;6823338
0;05-03-2025 02:11:41.835;05-03-2025 00:17:53.373;6828462
0;05-03-2025 02:11:48.628;05-03-2025 00:17:53.373;6835255
0;05-03-2025 02:11:49.779;05-03-2025 00:17:53.373;6836406
0;05-03-2025 02:11:57.597;05-03-2025 00:17:53.373;6844224
0;05-03-2025 02:11:57.767;05-03-2025 00:17:53.373;6844394
0;05-03-2025 02:11:58.152;05-03-2025 00:17:53.373;6844779
0;05-03-2025 02:12:02.296;05-03-2025 00:17:53.373;6848923
0;05-03-2025 02:12:18.433;05-03-2025 00:17:53.373;6865060
0;05-03-2025 02:12:22.994;05-03-2025 00:17:53.373;6869621
0;05-03-2025 02:12:23.650;05-03-2025 00:17:53.373;6870277
0;05-03-2025 02:12:24.748;05-03-2025 00:17:53.373;6871375
0;05-03-2025 02:12:41.764;05-03-2025 00:17:53.373;6888391
0;05-03-2025 02:12:42.721;05-03-2025 00:17:53.373;6889348
0;05-03-2025 02:12:46.677;05-03-2025 00:17:53.373;6893304
0;05-03-2025 02:12:51.515;05-03-2025 00:17:53.373;6898142
0;05-03-2025 02:12:52.015;05-03-2025 00:17:53.373;6898642
0;05-03-2025 02:13:00.275;05-03-2025 00:17:53.373;6906902
0;05-03-2025 02:13:04.782;05-03-2025 00:17:53.373;6911409
0;05-03-2025 02:13:11.184;05-03-2025 00:17:53.373;6917811
0;05-03-2025 02:13:20.010;05-03-2025 00:17:53.373;6926637
0;05-03-2025 02:13:20.657;05-03-2025 00:17:53.373;6927284
0;05-03-2025 02:13:28.608;05-03-2025 00:17:53.373;6935235
0;05-03-2025 02:13:30.479;05-03-2025 00:17:53.373;6937106
0;05-03-2025 02:13:30.528;05-03-2025 00:17:53.373;6937155
0;05-03-2025 02:13:35.683;05-03-2025 00:17:53.373;6942310
0;05-03-2025 02:13:38.623;05-03-2025 00:17:53.373;6945250
0;05-03-2025 02:13:40.041;05-03-2025 00:17:53.373;6946668
0;05-03-2025 02:13:46.637;05-03-2025 00:17:53.373;6953264
0;05-03-2025 02:13:55.697;05-03-2025 00:17:53.373;6962324
0;05-03-2025 02:14:00.386;05-03-2025 00:17:53.373;6967013
0;05-03-2025 02:14:09.962;05-03-2025 00:17:53.373;6976589
0;05-03-2025 02:14:12.589;05-03-2025 00:17:53.373;6979216
0;05-03-2025 02:14:14.511;05-03-2025 00:17:53.373;6981138
0;05-03-2025 02:14:20.830;05-03-2025 00:17:53.373;6987457
0;05-03-2025 02:14:21.175;05-03-2025 00:17:53.373;6987802
0;05-03-2025 02:14:38.258;05-03-2025 00:17:53.373;7004885
0;05-03-2025 02:14:45.576;05-03-2025 00:17:53.373;7012203
0;05-03-2025 02:14:50.822;05-03-2025 00:17:53.373;7017449
0;05-03-2025 02:14:59.348;05-03-2025 00:17:53.373;7025975
0;05-03-2025 02:15:00.529;05-03-2025 00:17:53.373;7027156
0;05-03-2025 02:15:02.314;05-03-2025 00:17:53.373;7028941
0;05-03-2025 02:15:02.607;05-03-2025 00:17:53.373;7029234
0;05-03-2025 02:15:03.414;05-03-2025 00:17:53.373;7030041
0;05-03-2025 02:15:12.678;05-03-2025 00:17:53.373;7039305
0;05-03-2025 02:15:20.078;05-03-2025 00:17:53.373;7046705
0;05-03-2025 02:15:28.662;05-03-2025 00:17:53.373;7055289
0;05-03-2025 02:15:32.123;05-03-2025 00:17:53.373;7058750
0;05-03-2025 02:15:40.752;05-03-2025 00:17:53.373;7067379
0;05-03-2025 02:15:47.535;05-03-2025 00:17:53.373;7074162
0;05-03-2025 02:15:48.004;05-03-2025 00:17:53.373;7074631
0;05-03-2025 02:15:53.374;05-03-2025 00:17:53.373;7080001
0;05-03-2025 02:15:53.776;05-03-2025 00:17:53.373;7080403
0;05-03-2025 02:15:58.444;05-03-2025 00:17:53.373;7085071
0;05-03-2025 02:16:06.161;05-03-2025 00:17:53.373;7092788
0;05-03-2025 02:16:11.949;05-03-2025 00:17:53.373;7098576
0;05-03-2025 02:16:15.802;05-03-2025 00:17:53.373;7102429
0;05-03-2025 02:16:24.095;05-03-2025 00:17:53.373;7110722
0;05-03-2025 02:16:26.591;05-03-2025 00:17:53.373;7113218
0;05-03-2025 02:16:27.765;05-03-2025 00:17:53.373;7114392
0;05-03-2025 02:16:30.877;05-03-2025 00:17:53.373;7117504
0;05-03-2025 02:16:39.952;05-03-2025 00:17:53.373;7126579
0;05-03-2025 02:16:40.119;05-03-2025 00:17:53.373;7126746
0;05-03-2025 02:16:44.637;05-03-2025 00:17:53.373;7131264
0;05-03-2025 02:16:53.951;05-03-2025 00:17:53.373;7140578
0;05-03-2025 02:16:57.588;05-03-2025 00:17:53.373;7144215
0;05-03-2025 02:17:00.209;05-03-2025 00:17:53.373;7146836
0;05-03-2025 02:17:02.309;05-03-2025 00:17:53.373;7148936
0;05-03-2025 02:17:11.533;05-03-2025 00:17:53.373;7158160
0;05-03-2025 02:17:16.102;05-03-2025 00:17:53.373;7162729
0;05-03-2025 02:17:19.311;05-03-2025 00:17:53.373;7165938
0;05-03-2025 02:17:22.979;05-03-2025 00:17:53.373;7169606
0;05-03-2025 02:17:34.428;05-03-2025 00:17:53.373;7181055
0;05-03-2025 02:17:42.386;05-03-2025 00:17:53.373;7189013
0;05-03-2025 02:17:44.717;05-03-2025 00:17:53.373;7191344
0;05-03-2025 02:17:48.594;05-03-2025 00:17:53.373;7195221
0;05-03-2025 02:17:53.961;05-03-2025 00:17:53.373;7200588
0;05-03-2025 02:18:04.398;05-03-2025 00:17:53.373;7211025
0;05-03-2025 02:18:11.783;05-03-2025 00:17:53.373;7218410
0;05-03-2025 02:18:15.803;05-03-2025 00:17:53.373;7222430
