3;04-03-2025 03:08:08.253;04-03-2025 03:02:13.254;354999
3;04-03-2025 06:39:03.254;04-03-2025 04:13:23.254;8740000
3;04-03-2025 09:47:13.254;04-03-2025 07:36:58.254;7815000
3;04-03-2025 09:57:23.254;04-03-2025 09:54:53.254;150000
1;04-03-2025 13:08:07.566;04-03-2025 13:07:56.729;10837
1;04-03-2025 13:08:10.004;04-03-2025 13:08:09.916;88
1;04-03-2025 13:08:20.391;04-03-2025 13:08:10.735;9656
1;04-03-2025 13:08:25.540;04-03-2025 13:08:20.582;4958
1;04-03-2025 13:08:40.334;04-03-2025 13:08:34.851;5483
1;04-03-2025 13:08:44.947;04-03-2025 13:08:41.462;3485
1;04-03-2025 13:08:51.614;04-03-2025 13:08:45.984;5630
1;04-03-2025 13:09:00.961;04-03-2025 13:08:53.620;7341
1;04-03-2025 13:09:25.713;04-03-2025 13:09:17.699;8014
1;04-03-2025 13:09:37.480;04-03-2025 13:09:32.635;4845
1;04-03-2025 13:09:48.229;04-03-2025 13:09:47.723;506
1;04-03-2025 13:09:58.652;04-03-2025 13:09:53.828;4824
1;04-03-2025 13:10:00.514;04-03-2025 13:10:00.430;84
1;04-03-2025 13:10:02.292;04-03-2025 13:10:01.209;1083
1;04-03-2025 13:10:16.544;04-03-2025 13:10:05.319;11225
1;04-03-2025 13:10:27.526;04-03-2025 13:10:17.855;9671
1;04-03-2025 13:10:44.346;04-03-2025 13:10:34.262;10084
1;04-03-2025 13:10:50.440;04-03-2025 13:10:48.989;1451
1;04-03-2025 13:10:58.474;04-03-2025 13:10:54.112;4362
1;04-03-2025 13:11:02.527;04-03-2025 13:10:59.839;2688
1;04-03-2025 13:11:16.738;04-03-2025 13:11:10.830;5908
1;04-03-2025 13:11:28.446;04-03-2025 13:11:21.112;7334
1;04-03-2025 13:11:42.764;04-03-2025 13:11:30.815;11949
1;04-03-2025 13:11:57.990;04-03-2025 13:11:49.452;8538
1;04-03-2025 13:11:58.832;04-03-2025 13:11:58.552;280
1;04-03-2025 13:12:11.435;04-03-2025 13:12:04.094;7341
1;04-03-2025 13:12:13.756;04-03-2025 13:12:12.596;1160
1;04-03-2025 13:12:21.863;04-03-2025 13:12:20.860;1003
1;04-03-2025 13:12:37.619;04-03-2025 13:12:33.348;4271
1;04-03-2025 13:12:44.373;04-03-2025 13:12:43.819;554
1;04-03-2025 13:13:00.542;04-03-2025 13:12:58.036;2506
1;04-03-2025 13:13:12.412;04-03-2025 13:13:06.515;5897
1;04-03-2025 13:13:23.737;04-03-2025 13:13:16.586;7151
1;04-03-2025 13:13:31.784;04-03-2025 13:13:29.457;2327
1;04-03-2025 13:13:41.055;04-03-2025 13:13:39.792;1263
1;04-03-2025 13:13:51.946;04-03-2025 13:13:48.843;3103
1;04-03-2025 13:14:00.648;04-03-2025 13:14:00.228;420
1;04-03-2025 13:14:11.968;04-03-2025 13:14:09.663;2305
1;04-03-2025 13:14:16.551;04-03-2025 13:14:13.876;2675
1;04-03-2025 13:14:20.204;04-03-2025 13:14:20.195;9
1;04-03-2025 13:14:49.956;04-03-2025 13:14:44.770;5186
1;04-03-2025 13:14:56.878;04-03-2025 13:14:54.243;2635
1;04-03-2025 13:15:11.524;04-03-2025 13:14:59.559;11965
1;04-03-2025 13:15:12.593;04-03-2025 13:15:12.380;213
1;04-03-2025 13:15:29.979;04-03-2025 13:15:19.051;10928
1;04-03-2025 13:15:31.507;04-03-2025 13:15:30.580;927
1;04-03-2025 13:15:43.393;04-03-2025 13:15:31.889;11504
1;04-03-2025 13:15:53.896;04-03-2025 13:15:45.486;8410
1;04-03-2025 13:16:04.301;04-03-2025 13:15:54.891;9410
1;04-03-2025 13:16:06.273;04-03-2025 13:16:04.832;1441
1;04-03-2025 13:16:15.863;04-03-2025 13:16:07.858;8005
1;04-03-2025 13:16:35.702;04-03-2025 13:16:27.127;8575
1;04-03-2025 13:16:46.135;04-03-2025 13:16:39.696;6439
1;04-03-2025 13:16:48.560;04-03-2025 13:16:48.221;339
1;04-03-2025 13:16:54.501;04-03-2025 13:16:51.359;3142
1;04-03-2025 13:17:15.668;04-03-2025 13:17:09.456;6212
1;04-03-2025 13:17:19.124;04-03-2025 13:17:18.583;541
1;04-03-2025 13:17:21.197;04-03-2025 13:17:19.705;1492
1;04-03-2025 13:17:38.367;04-03-2025 13:17:30.249;8118
1;04-03-2025 13:17:50.466;04-03-2025 13:17:40.399;10067
1;04-03-2025 13:18:02.729;04-03-2025 13:17:56.689;6040
1;04-03-2025 13:18:09.025;04-03-2025 13:18:07.547;1478
1;04-03-2025 13:18:23.194;04-03-2025 13:18:10.714;12480
1;04-03-2025 13:18:29.110;04-03-2025 13:18:24.799;4311
1;04-03-2025 13:18:40.719;04-03-2025 13:18:39.183;1536
1;04-03-2025 13:18:47.268;04-03-2025 13:18:44.212;3056
1;04-03-2025 13:18:55.798;04-03-2025 13:18:52.597;3201
1;04-03-2025 13:19:13.881;04-03-2025 13:19:06.293;7588
1;04-03-2025 13:19:24.615;04-03-2025 13:19:16.480;8135
1;04-03-2025 13:19:27.814;04-03-2025 13:19:26.352;1462
1;04-03-2025 13:19:35.467;04-03-2025 13:19:33.167;2300
1;04-03-2025 13:19:51.211;04-03-2025 13:19:42.486;8725
1;04-03-2025 13:19:52.849;04-03-2025 13:19:52.259;590
1;04-03-2025 13:20:02.479;04-03-2025 13:20:01.953;526
1;04-03-2025 13:20:24.148;04-03-2025 13:20:07.688;16460
1;04-03-2025 13:20:27.393;04-03-2025 13:20:24.874;2519
1;04-03-2025 13:20:41.014;04-03-2025 13:20:28.154;12860
1;04-03-2025 13:20:58.991;04-03-2025 13:20:57.229;1762
1;04-03-2025 13:21:01.484;04-03-2025 13:20:59.740;1744
1;04-03-2025 13:21:08.015;04-03-2025 13:21:06.682;1333
1;04-03-2025 13:21:17.082;04-03-2025 13:21:14.937;2145
1;04-03-2025 13:21:33.548;04-03-2025 13:21:23.579;9969
1;04-03-2025 13:21:45.368;04-03-2025 13:21:35.716;9652
1;04-03-2025 13:21:52.216;04-03-2025 13:21:49.297;2919
1;04-03-2025 13:21:57.761;04-03-2025 13:21:54.160;3601
1;04-03-2025 13:22:09.699;04-03-2025 13:22:08.903;796
1;04-03-2025 13:22:13.052;04-03-2025 13:22:11.358;1694
1;04-03-2025 13:22:36.202;04-03-2025 13:22:30.966;5236
1;04-03-2025 13:22:40.829;04-03-2025 13:22:36.352;4477
1;04-03-2025 13:22:48.004;04-03-2025 13:22:42.380;5624
1;04-03-2025 13:22:59.851;04-03-2025 13:22:51.099;8752
1;04-03-2025 13:23:10.267;04-03-2025 13:23:02.340;7927
1;04-03-2025 13:23:15.373;04-03-2025 13:23:14.187;1186
1;04-03-2025 13:23:29.864;04-03-2025 13:23:21.447;8417
1;04-03-2025 13:23:40.994;04-03-2025 13:23:37.712;3282
1;04-03-2025 13:23:41.318;04-03-2025 13:23:41.209;109
1;04-03-2025 13:24:05.638;04-03-2025 13:23:57.171;8467
1;04-03-2025 13:24:10.311;04-03-2025 13:24:09.709;602
1;04-03-2025 13:24:19.119;04-03-2025 13:24:11.813;7306
1;04-03-2025 13:24:20.571;04-03-2025 13:24:20.272;299
1;04-03-2025 13:24:37.969;04-03-2025 13:24:26.720;11249
1;04-03-2025 13:24:49.771;04-03-2025 13:24:48.967;804
1;04-03-2025 13:24:50.709;04-03-2025 13:24:50.155;554
1;04-03-2025 13:25:10.782;04-03-2025 13:25:01.875;8907
1;04-03-2025 13:25:20.808;04-03-2025 13:25:19.472;1336
1;04-03-2025 13:25:30.594;04-03-2025 13:25:22.151;8443
1;04-03-2025 13:25:38.502;04-03-2025 13:25:35.199;3303
1;04-03-2025 13:25:45.804;04-03-2025 13:25:41.335;4469
1;04-03-2025 13:26:05.192;04-03-2025 13:26:02.943;2249
1;04-03-2025 13:26:16.263;04-03-2025 13:26:07.745;8518
1;04-03-2025 13:26:20.610;04-03-2025 13:26:16.279;4331
1;04-03-2025 13:26:27.662;04-03-2025 13:26:21.481;6181
1;04-03-2025 13:26:43.635;04-03-2025 13:26:34.984;8651
1;04-03-2025 13:26:50.950;04-03-2025 13:26:43.659;7291
1;04-03-2025 13:26:52.116;04-03-2025 13:26:52.008;108
1;04-03-2025 13:27:07.550;04-03-2025 13:27:02.072;5478
1;04-03-2025 13:27:32.169;04-03-2025 13:27:12.464;19705
1;04-03-2025 13:27:39.181;04-03-2025 13:27:37.040;2141
1;04-03-2025 13:27:43.735;04-03-2025 13:27:40.390;3345
1;04-03-2025 13:27:46.485;04-03-2025 13:27:46.295;190
1;04-03-2025 13:27:56.547;04-03-2025 13:27:48.241;8306
1;04-03-2025 13:28:14.868;04-03-2025 13:28:06.484;8384
1;04-03-2025 13:28:16.968;04-03-2025 13:28:16.525;443
1;04-03-2025 13:28:34.014;04-03-2025 13:28:18.421;15593
1;04-03-2025 13:28:42.152;04-03-2025 13:28:35.187;6965
1;04-03-2025 13:28:52.556;04-03-2025 13:28:48.722;3834
1;04-03-2025 13:29:01.878;04-03-2025 13:28:53.996;7882
1;04-03-2025 13:29:17.194;04-03-2025 13:29:15.891;1303
1;04-03-2025 13:29:25.134;04-03-2025 13:29:23.934;1200
1;04-03-2025 13:29:37.907;04-03-2025 13:29:31.366;6541
1;04-03-2025 13:29:48.778;04-03-2025 13:29:44.434;4344
1;04-03-2025 13:29:49.783;04-03-2025 13:29:48.986;797
1;04-03-2025 13:30:08.830;04-03-2025 13:30:05.177;3653
1;04-03-2025 13:30:14.681;04-03-2025 13:30:09.535;5146
1;04-03-2025 13:30:22.565;04-03-2025 13:30:21.102;1463
1;04-03-2025 13:30:31.825;04-03-2025 13:30:29.823;2002
1;04-03-2025 13:30:37.216;04-03-2025 13:30:37.038;178
1;04-03-2025 13:30:44.749;04-03-2025 13:30:40.738;4011
1;04-03-2025 13:30:57.268;04-03-2025 13:30:55.932;1336
1;04-03-2025 13:31:09.550;04-03-2025 13:30:59.780;9770
1;04-03-2025 13:31:15.643;04-03-2025 13:31:13.039;2604
1;04-03-2025 13:31:29.951;04-03-2025 13:31:16.384;13567
1;04-03-2025 13:31:49.946;04-03-2025 13:31:41.635;8311
1;04-03-2025 13:31:59.337;04-03-2025 13:31:50.576;8761
1;04-03-2025 13:32:04.903;04-03-2025 13:32:00.306;4597
1;04-03-2025 13:32:13.589;04-03-2025 13:32:10.279;3310
1;04-03-2025 13:32:18.583;04-03-2025 13:32:13.912;4671
1;04-03-2025 13:32:26.162;04-03-2025 13:32:23.330;2832
1;04-03-2025 13:32:43.853;04-03-2025 13:32:41.304;2549
1;04-03-2025 13:32:48.011;04-03-2025 13:32:45.957;2054
1;04-03-2025 13:33:03.185;04-03-2025 13:32:57.482;5703
1;04-03-2025 13:33:09.111;04-03-2025 13:33:06.924;2187
1;04-03-2025 13:33:27.392;04-03-2025 13:33:13.612;13780
1;04-03-2025 13:33:31.100;04-03-2025 13:33:28.861;2239
1;04-03-2025 13:33:43.342;04-03-2025 13:33:42.557;785
1;04-03-2025 13:33:48.291;04-03-2025 13:33:45.950;2341
1;04-03-2025 13:33:50.940;04-03-2025 13:33:49.939;1001
1;04-03-2025 13:34:13.137;04-03-2025 13:34:04.944;8193
1;04-03-2025 13:34:19.200;04-03-2025 13:34:16.520;2680
1;04-03-2025 13:34:28.487;04-03-2025 13:34:22.340;6147
1;04-03-2025 13:34:40.969;04-03-2025 13:34:38.496;2473
1;04-03-2025 13:34:46.700;04-03-2025 13:34:45.931;769
1;04-03-2025 13:35:05.949;04-03-2025 13:34:47.891;18058
1;04-03-2025 13:35:06.567;04-03-2025 13:35:06.032;535
1;04-03-2025 13:35:16.890;04-03-2025 13:35:12.048;4842
1;04-03-2025 13:35:33.478;04-03-2025 13:35:28.677;4801
1;04-03-2025 13:35:44.158;04-03-2025 13:35:41.636;2522
1;04-03-2025 13:35:50.598;04-03-2025 13:35:45.214;5384
1;04-03-2025 13:35:57.123;04-03-2025 13:35:55.467;1656
1;04-03-2025 13:36:06.559;04-03-2025 13:35:58.509;8050
1;04-03-2025 13:36:25.392;04-03-2025 13:36:21.799;3593
1;04-03-2025 13:36:27.017;04-03-2025 13:36:25.958;1059
1;04-03-2025 13:36:45.475;04-03-2025 13:36:27.995;17480
1;04-03-2025 13:36:53.837;04-03-2025 13:36:50.603;3234
1;04-03-2025 13:37:01.324;04-03-2025 13:37:00.971;353
1;04-03-2025 13:37:08.649;04-03-2025 13:37:03.008;5641
1;04-03-2025 13:37:15.013;04-03-2025 13:37:13.523;1490
1;04-03-2025 13:37:24.806;04-03-2025 13:37:19.589;5217
1;04-03-2025 13:37:34.366;04-03-2025 13:37:32.003;2363
1;04-03-2025 13:37:52.720;04-03-2025 13:37:51.230;1490
1;04-03-2025 13:37:59.549;04-03-2025 13:37:53.933;5616
1;04-03-2025 13:38:08.040;04-03-2025 13:38:01.054;6986
1;04-03-2025 13:38:21.980;04-03-2025 13:38:13.230;8750
1;04-03-2025 13:38:35.049;04-03-2025 13:38:30.943;4106
1;04-03-2025 13:38:45.151;04-03-2025 13:38:42.384;2767
1;04-03-2025 13:38:53.929;04-03-2025 13:38:46.008;7921
1;04-03-2025 13:39:00.877;04-03-2025 13:38:57.454;3423
1;04-03-2025 13:39:09.053;04-03-2025 13:39:03.828;5225
1;04-03-2025 13:39:24.985;04-03-2025 13:39:11.338;13647
1;04-03-2025 13:39:32.203;04-03-2025 13:39:28.031;4172
1;04-03-2025 13:39:41.001;04-03-2025 13:39:34.380;6621
1;04-03-2025 13:39:52.517;04-03-2025 13:39:43.136;9381
1;04-03-2025 13:39:58.429;04-03-2025 13:39:57.897;532
1;04-03-2025 13:40:06.635;04-03-2025 13:40:00.684;5951
1;04-03-2025 13:40:14.184;04-03-2025 13:40:10.499;3685
1;04-03-2025 13:40:31.893;04-03-2025 13:40:18.737;13156
1;04-03-2025 13:40:42.991;04-03-2025 13:40:33.336;9655
1;04-03-2025 13:40:48.962;04-03-2025 13:40:46.383;2579
1;04-03-2025 13:40:52.499;04-03-2025 13:40:50.747;1752
1;04-03-2025 13:41:08.588;04-03-2025 13:41:06.365;2223
1;04-03-2025 13:41:12.424;04-03-2025 13:41:11.391;1033
1;04-03-2025 13:41:26.758;04-03-2025 13:41:16.831;9927
1;04-03-2025 13:41:47.560;04-03-2025 13:41:47.361;199
1;04-03-2025 13:41:57.286;04-03-2025 13:41:55.852;1434
1;04-03-2025 13:42:01.049;04-03-2025 13:42:00.361;688
1;04-03-2025 13:42:11.100;04-03-2025 13:42:09.574;1526
1;04-03-2025 13:42:26.156;04-03-2025 13:42:22.967;3189
1;04-03-2025 13:42:39.339;04-03-2025 13:42:26.844;12495
1;04-03-2025 13:42:44.583;04-03-2025 13:42:44.572;11
1;04-03-2025 13:42:51.702;04-03-2025 13:42:51.032;670
1;04-03-2025 13:42:54.218;04-03-2025 13:42:51.809;2409
1;04-03-2025 13:43:02.543;04-03-2025 13:42:58.586;3957
1;04-03-2025 13:43:22.530;04-03-2025 13:43:20.807;1723
1;04-03-2025 13:43:27.849;04-03-2025 13:43:25.552;2297
1;04-03-2025 13:43:33.930;04-03-2025 13:43:31.618;2312
1;04-03-2025 13:43:55.684;04-03-2025 13:43:44.458;11226
1;04-03-2025 13:43:59.155;04-03-2025 13:43:58.933;222
1;04-03-2025 13:44:06.351;04-03-2025 13:44:06.208;143
1;04-03-2025 13:44:15.798;04-03-2025 13:44:06.981;8817
1;04-03-2025 13:44:31.166;04-03-2025 13:44:18.115;13051
1;04-03-2025 13:44:47.711;04-03-2025 13:44:35.384;12327
1;04-03-2025 13:44:50.980;04-03-2025 13:44:48.676;2304
1;04-03-2025 13:44:58.145;04-03-2025 13:44:51.431;6714
1;04-03-2025 13:45:10.604;04-03-2025 13:45:05.836;4768
1;04-03-2025 13:45:23.809;04-03-2025 13:45:11.411;12398
1;04-03-2025 13:45:26.889;04-03-2025 13:45:23.824;3065
1;04-03-2025 13:45:49.067;04-03-2025 13:45:37.252;11815
1;04-03-2025 13:45:53.474;04-03-2025 13:45:49.236;4238
1;04-03-2025 13:45:56.937;04-03-2025 13:45:53.770;3167
1;04-03-2025 13:46:15.141;04-03-2025 13:46:03.748;11393
1;04-03-2025 13:46:17.582;04-03-2025 13:46:15.861;1721
1;04-03-2025 13:46:22.792;04-03-2025 13:46:22.166;626
1;04-03-2025 13:46:42.061;04-03-2025 13:46:30.900;11161
1;04-03-2025 13:46:51.569;04-03-2025 13:46:44.280;7289
1;04-03-2025 13:47:00.128;04-03-2025 13:46:59.000;1128
1;04-03-2025 13:47:06.542;04-03-2025 13:47:04.420;2122
1;04-03-2025 13:47:29.301;04-03-2025 13:47:11.174;18127
1;04-03-2025 13:47:31.744;04-03-2025 13:47:30.870;874
1;04-03-2025 13:47:32.964;04-03-2025 13:47:32.814;150
1;04-03-2025 13:47:42.916;04-03-2025 13:47:33.631;9285
1;04-03-2025 13:48:00.006;04-03-2025 13:47:56.020;3986
1;04-03-2025 13:48:08.632;04-03-2025 13:48:03.907;4725
1;04-03-2025 13:48:16.627;04-03-2025 13:48:15.652;975
1;04-03-2025 13:48:35.799;04-03-2025 13:48:30.589;5210
1;04-03-2025 13:48:42.150;04-03-2025 13:48:41.707;443
1;04-03-2025 13:48:52.851;04-03-2025 13:48:42.437;10414
1;04-03-2025 13:48:58.053;04-03-2025 13:48:55.143;2910
1;04-03-2025 13:49:08.655;04-03-2025 13:49:08.208;447
1;04-03-2025 13:49:19.942;04-03-2025 13:49:12.854;7088
1;04-03-2025 13:49:33.956;04-03-2025 13:49:29.980;3976
1;04-03-2025 13:49:39.395;04-03-2025 13:49:34.234;5161
1;04-03-2025 13:49:48.517;04-03-2025 13:49:41.003;7514
1;04-03-2025 13:50:05.554;04-03-2025 13:50:02.793;2761
1;04-03-2025 13:50:08.467;04-03-2025 13:50:07.495;972
1;04-03-2025 13:50:11.866;04-03-2025 13:50:08.635;3231
1;04-03-2025 13:50:31.108;04-03-2025 13:50:25.577;5531
1;04-03-2025 13:50:39.372;04-03-2025 13:50:32.672;6700
1;04-03-2025 13:50:50.599;04-03-2025 13:50:42.981;7618
1;04-03-2025 13:50:53.619;04-03-2025 13:50:51.030;2589
1;04-03-2025 13:51:12.420;04-03-2025 13:51:06.303;6117
1;04-03-2025 13:51:14.615;04-03-2025 13:51:13.424;1191
1;04-03-2025 13:51:28.076;04-03-2025 13:51:19.233;8843
1;04-03-2025 13:51:45.006;04-03-2025 13:51:39.119;5887
1;04-03-2025 13:51:48.581;04-03-2025 13:51:46.860;1721
1;04-03-2025 13:51:58.655;04-03-2025 13:51:57.760;895
1;04-03-2025 13:52:05.616;04-03-2025 13:52:01.549;4067
1;04-03-2025 13:52:22.020;04-03-2025 13:52:20.993;1027
1;04-03-2025 13:52:30.337;04-03-2025 13:52:25.045;5292
1;04-03-2025 13:52:36.140;04-03-2025 13:52:35.722;418
1;04-03-2025 13:52:48.464;04-03-2025 13:52:42.897;5567
1;04-03-2025 13:53:02.885;04-03-2025 13:52:55.249;7636
1;04-03-2025 13:53:12.229;04-03-2025 13:53:04.333;7896
1;04-03-2025 13:53:25.821;04-03-2025 13:53:14.523;11298
1;04-03-2025 13:53:30.363;04-03-2025 13:53:27.969;2394
1;04-03-2025 13:53:50.173;04-03-2025 13:53:31.941;18232
1;04-03-2025 13:53:53.566;04-03-2025 13:53:53.096;470
1;04-03-2025 13:54:07.809;04-03-2025 13:53:58.964;8845
1;04-03-2025 13:54:13.025;04-03-2025 13:54:10.036;2989
1;04-03-2025 13:54:28.747;04-03-2025 13:54:27.746;1001
1;04-03-2025 13:54:33.322;04-03-2025 13:54:32.662;660
1;04-03-2025 13:54:46.475;04-03-2025 13:54:33.961;12514
1;04-03-2025 13:54:52.853;04-03-2025 13:54:49.385;3468
1;04-03-2025 13:54:59.013;04-03-2025 13:54:59.008;5
1;04-03-2025 13:55:08.323;04-03-2025 13:55:05.690;2633
1;04-03-2025 13:55:15.042;04-03-2025 13:55:14.544;498
1;04-03-2025 13:55:33.385;04-03-2025 13:55:24.636;8749
1;04-03-2025 13:55:43.013;04-03-2025 13:55:39.113;3900
1;04-03-2025 13:55:57.467;04-03-2025 13:55:45.741;11726
1;04-03-2025 13:56:10.732;04-03-2025 13:56:07.937;2795
1;04-03-2025 13:56:14.776;04-03-2025 13:56:13.497;1279
1;04-03-2025 13:56:16.769;04-03-2025 13:56:15.951;818
1;04-03-2025 13:56:27.910;04-03-2025 13:56:18.829;9081
1;04-03-2025 13:56:33.744;04-03-2025 13:56:31.831;1913
1;04-03-2025 13:56:54.497;04-03-2025 13:56:35.699;18798
1;04-03-2025 13:57:03.101;04-03-2025 13:56:57.464;5637
1;04-03-2025 13:57:10.514;04-03-2025 13:57:03.375;7139
1;04-03-2025 13:57:26.334;04-03-2025 13:57:17.755;8579
1;04-03-2025 13:57:32.486;04-03-2025 13:57:31.629;857
1;04-03-2025 13:57:49.759;04-03-2025 13:57:40.978;8781
1;04-03-2025 13:57:54.441;04-03-2025 13:57:52.158;2283
1;04-03-2025 13:58:03.092;04-03-2025 13:57:58.264;4828
1;04-03-2025 13:58:13.084;04-03-2025 13:58:08.356;4728
1;04-03-2025 13:58:15.320;04-03-2025 13:58:15.263;57
1;04-03-2025 13:58:39.678;04-03-2025 13:58:18.495;21183
1;04-03-2025 13:58:49.483;04-03-2025 13:58:45.620;3863
1;04-03-2025 13:58:51.255;04-03-2025 13:58:50.772;483
1;04-03-2025 13:59:02.454;04-03-2025 13:58:56.217;6237
1;04-03-2025 13:59:12.308;04-03-2025 13:59:07.097;5211
1;04-03-2025 13:59:22.630;04-03-2025 13:59:15.616;7014
1;04-03-2025 13:59:32.990;04-03-2025 13:59:30.453;2537
1;04-03-2025 13:59:38.589;04-03-2025 13:59:37.384;1205
1;04-03-2025 13:59:50.422;04-03-2025 13:59:42.515;7907
1;04-03-2025 14:00:02.241;04-03-2025 13:59:59.053;3188
1;04-03-2025 14:00:06.055;04-03-2025 14:00:04.348;1707
1;04-03-2025 14:00:22.789;04-03-2025 14:00:12.163;10626
1;04-03-2025 14:00:36.179;04-03-2025 14:00:34.460;1719
1;04-03-2025 14:00:42.290;04-03-2025 14:00:41.360;930
1;04-03-2025 14:00:50.832;04-03-2025 14:00:44.501;6331
1;04-03-2025 14:01:06.001;04-03-2025 14:00:53.735;12266
1;04-03-2025 14:01:11.138;04-03-2025 14:01:10.418;720
1;04-03-2025 14:01:16.032;04-03-2025 14:01:15.479;553
1;04-03-2025 14:01:23.951;04-03-2025 14:01:18.753;5198
1;04-03-2025 14:01:36.339;04-03-2025 14:01:27.637;8702
1;04-03-2025 14:01:59.749;04-03-2025 14:01:49.718;10031
1;04-03-2025 14:02:01.908;04-03-2025 14:02:01.336;572
1;04-03-2025 14:02:05.877;04-03-2025 14:02:04.575;1302
1;04-03-2025 14:02:08.061;04-03-2025 14:02:06.136;1925
1;04-03-2025 14:02:27.610;04-03-2025 14:02:16.211;11399
1;04-03-2025 14:02:35.201;04-03-2025 14:02:33.943;1258
1;04-03-2025 14:02:45.802;04-03-2025 14:02:40.861;4941
1;04-03-2025 14:02:53.549;04-03-2025 14:02:48.535;5014
1;04-03-2025 14:03:01.519;04-03-2025 14:02:53.597;7922
1;04-03-2025 14:03:17.659;04-03-2025 14:03:12.467;5192
1;04-03-2025 14:03:28.377;04-03-2025 14:03:23.619;4758
1;04-03-2025 14:03:32.215;04-03-2025 14:03:32.109;106
1;04-03-2025 14:03:49.966;04-03-2025 14:03:42.099;7867
1;04-03-2025 14:04:01.493;04-03-2025 14:03:55.887;5606
1;04-03-2025 14:04:14.080;04-03-2025 14:04:12.597;1483
1;04-03-2025 14:04:16.821;04-03-2025 14:04:15.886;935
1;04-03-2025 14:04:30.825;04-03-2025 14:04:22.466;8359
1;04-03-2025 14:04:37.566;04-03-2025 14:04:36.453;1113
1;04-03-2025 14:04:52.357;04-03-2025 14:04:45.927;6430
1;04-03-2025 14:04:55.408;04-03-2025 14:04:54.613;795
1;04-03-2025 14:05:02.235;04-03-2025 14:05:00.271;1964
1;04-03-2025 14:05:16.729;04-03-2025 14:05:15.864;865
1;04-03-2025 14:05:33.062;04-03-2025 14:05:18.768;14294
1;04-03-2025 14:05:42.057;04-03-2025 14:05:41.673;384
1;04-03-2025 14:05:49.602;04-03-2025 14:05:42.816;6786
1;04-03-2025 14:05:56.471;04-03-2025 14:05:51.091;5380
1;04-03-2025 14:05:57.132;04-03-2025 14:05:56.552;580
1;04-03-2025 14:06:24.168;04-03-2025 14:06:19.404;4764
1;04-03-2025 14:06:31.443;04-03-2025 14:06:27.871;3572
1;04-03-2025 14:06:33.504;04-03-2025 14:06:32.067;1437
1;04-03-2025 14:06:53.309;04-03-2025 14:06:50.546;2763
1;04-03-2025 14:06:57.645;04-03-2025 14:06:54.777;2868
1;04-03-2025 14:07:13.261;04-03-2025 14:07:03.273;9988
1;04-03-2025 14:07:15.500;04-03-2025 14:07:14.642;858
1;04-03-2025 14:07:16.121;04-03-2025 14:07:15.830;291
1;04-03-2025 14:07:38.912;04-03-2025 14:07:35.551;3361
1;04-03-2025 14:07:55.295;04-03-2025 14:07:54.063;1232
1;04-03-2025 14:07:59.291;04-03-2025 14:07:56.658;2633
1;04-03-2025 14:08:03.185;04-03-2025 14:08:00.173;3012
1;04-03-2025 14:08:29.062;04-03-2025 14:08:09.498;19564
1;04-03-2025 14:08:34.862;04-03-2025 14:08:30.121;4741
1;04-03-2025 14:08:40.449;04-03-2025 14:08:39.345;1104
1;04-03-2025 14:08:50.655;04-03-2025 14:08:44.546;6109
1;04-03-2025 14:09:05.042;04-03-2025 14:08:52.351;12691
1;04-03-2025 14:09:07.141;04-03-2025 14:09:06.718;423
1;04-03-2025 14:09:21.417;04-03-2025 14:09:09.739;11678
1;04-03-2025 14:09:39.563;04-03-2025 14:09:23.474;16089
1;04-03-2025 14:09:40.937;04-03-2025 14:09:39.926;1011
1;04-03-2025 14:09:54.794;04-03-2025 14:09:47.442;7352
1;04-03-2025 14:10:00.989;04-03-2025 14:10:00.812;177
1;04-03-2025 14:10:07.108;04-03-2025 14:10:05.471;1637
1;04-03-2025 14:10:14.862;04-03-2025 14:10:14.218;644
1;04-03-2025 14:10:30.382;04-03-2025 14:10:16.242;14140
1;04-03-2025 14:10:39.918;04-03-2025 14:10:39.333;585
1;04-03-2025 14:10:47.606;04-03-2025 14:10:43.159;4447
1;04-03-2025 14:10:56.572;04-03-2025 14:10:55.879;693
1;04-03-2025 14:11:14.418;04-03-2025 14:11:06.841;7577
1;04-03-2025 14:11:22.267;04-03-2025 14:11:18.319;3948
1;04-03-2025 14:11:33.230;04-03-2025 14:11:30.724;2506
1;04-03-2025 14:11:36.779;04-03-2025 14:11:35.039;1740
1;04-03-2025 14:11:48.752;04-03-2025 14:11:46.253;2499
1;04-03-2025 14:12:01.814;04-03-2025 14:11:59.539;2275
1;04-03-2025 14:12:07.474;04-03-2025 14:12:04.891;2583
1;04-03-2025 14:12:22.020;04-03-2025 14:12:16.568;5452
1;04-03-2025 14:12:35.514;04-03-2025 14:12:26.485;9029
1;04-03-2025 14:12:50.892;04-03-2025 14:12:45.283;5609
1;04-03-2025 14:12:52.928;04-03-2025 14:12:52.312;616
1;04-03-2025 14:12:57.634;04-03-2025 14:12:56.282;1352
1;04-03-2025 14:13:11.466;04-03-2025 14:13:05.061;6405
1;04-03-2025 14:13:22.805;04-03-2025 14:13:16.156;6649
1;04-03-2025 14:13:27.433;04-03-2025 14:13:24.997;2436
1;04-03-2025 14:13:46.807;04-03-2025 14:13:36.990;9817
1;04-03-2025 14:13:54.451;04-03-2025 14:13:47.432;7019
1;04-03-2025 14:14:02.020;04-03-2025 14:13:57.632;4388
1;04-03-2025 14:14:07.959;04-03-2025 14:14:02.098;5861
1;04-03-2025 14:14:24.168;04-03-2025 14:14:10.258;13910
1;04-03-2025 14:14:30.718;04-03-2025 14:14:28.633;2085
1;04-03-2025 14:14:42.821;04-03-2025 14:14:35.487;7334
1;04-03-2025 14:14:55.040;04-03-2025 14:14:46.959;8081
1;04-03-2025 14:15:01.231;04-03-2025 14:14:55.935;5296
1;04-03-2025 14:15:07.056;04-03-2025 14:15:04.034;3022
1;04-03-2025 14:15:15.510;04-03-2025 14:15:07.839;7671
1;04-03-2025 14:15:30.090;04-03-2025 14:15:24.594;5496
1;04-03-2025 14:15:32.971;04-03-2025 14:15:30.346;2625
1;04-03-2025 14:15:47.961;04-03-2025 14:15:34.085;13876
1;04-03-2025 14:15:59.798;04-03-2025 14:15:59.765;33
1;04-03-2025 14:16:01.937;04-03-2025 14:16:00.667;1270
1;04-03-2025 14:16:10.459;04-03-2025 14:16:10.396;63
1;04-03-2025 14:16:27.370;04-03-2025 14:16:14.788;12582
1;04-03-2025 14:16:36.131;04-03-2025 14:16:35.815;316
1;04-03-2025 14:16:46.552;04-03-2025 14:16:38.784;7768
1;04-03-2025 14:16:59.632;04-03-2025 14:16:53.634;5998
1;04-03-2025 14:17:15.937;04-03-2025 14:17:14.159;1778
1;04-03-2025 14:17:29.841;04-03-2025 14:17:19.573;10268
1;04-03-2025 14:17:34.811;04-03-2025 14:17:30.980;3831
1;04-03-2025 14:17:47.012;04-03-2025 14:17:43.367;3645
1;04-03-2025 14:17:56.720;04-03-2025 14:17:53.920;2800
1;04-03-2025 14:18:05.298;04-03-2025 14:17:59.833;5465
1;04-03-2025 14:18:07.835;04-03-2025 14:18:06.272;1563
1;04-03-2025 14:18:28.369;04-03-2025 14:18:09.997;18372
1;04-03-2025 14:18:37.787;04-03-2025 14:18:33.965;3822
1;04-03-2025 14:18:44.726;04-03-2025 14:18:38.536;6190
1;04-03-2025 14:18:47.378;04-03-2025 14:18:47.064;314
1;04-03-2025 14:19:03.000;04-03-2025 14:18:49.266;13734
1;04-03-2025 14:19:13.391;04-03-2025 14:19:07.393;5998
1;04-03-2025 14:19:23.966;04-03-2025 14:19:20.173;3793
1;04-03-2025 14:19:31.423;04-03-2025 14:19:26.219;5204
1;04-03-2025 14:19:35.546;04-03-2025 14:19:33.836;1710
1;04-03-2025 14:19:44.775;04-03-2025 14:19:43.722;1053
1;04-03-2025 14:20:00.855;04-03-2025 14:19:47.465;13390
1;04-03-2025 14:20:14.576;04-03-2025 14:20:12.021;2555
1;04-03-2025 14:20:18.686;04-03-2025 14:20:17.515;1171
1;04-03-2025 14:20:35.047;04-03-2025 14:20:33.035;2012
1;04-03-2025 14:20:41.100;04-03-2025 14:20:39.708;1392
1;04-03-2025 14:20:59.803;04-03-2025 14:20:48.273;11530
1;04-03-2025 14:21:09.785;04-03-2025 14:21:01.421;8364
1;04-03-2025 14:21:10.595;04-03-2025 14:21:09.957;638
1;04-03-2025 14:21:14.342;04-03-2025 14:21:10.773;3569
1;04-03-2025 14:21:24.801;04-03-2025 14:21:21.821;2980
1;04-03-2025 14:21:44.363;04-03-2025 14:21:37.486;6877
1;04-03-2025 14:21:55.266;04-03-2025 14:21:51.570;3696
1;04-03-2025 14:22:03.778;04-03-2025 14:21:58.779;4999
1;04-03-2025 14:22:12.144;04-03-2025 14:22:10.696;1448
1;04-03-2025 14:22:15.528;04-03-2025 14:22:14.058;1470
1;04-03-2025 14:22:24.089;04-03-2025 14:22:21.009;3080
1;04-03-2025 14:22:40.644;04-03-2025 14:22:26.415;14229
1;04-03-2025 14:22:49.927;04-03-2025 14:22:42.463;7464
1;04-03-2025 14:23:05.936;04-03-2025 14:22:59.067;6869
1;04-03-2025 14:23:12.591;04-03-2025 14:23:10.308;2283
1;04-03-2025 14:23:19.088;04-03-2025 14:23:16.493;2595
1;04-03-2025 14:23:30.403;04-03-2025 14:23:27.712;2691
1;04-03-2025 14:23:46.918;04-03-2025 14:23:31.192;15726
1;04-03-2025 14:23:54.150;04-03-2025 14:23:46.985;7165
1;04-03-2025 14:24:01.392;04-03-2025 14:23:58.845;2547
1;04-03-2025 14:24:17.574;04-03-2025 14:24:12.909;4665
1;04-03-2025 14:24:18.589;04-03-2025 14:24:18.181;408
1;04-03-2025 14:24:29.926;04-03-2025 14:24:22.451;7475
1;04-03-2025 14:24:38.471;04-03-2025 14:24:36.720;1751
1;04-03-2025 14:24:39.559;04-03-2025 14:24:39.205;354
1;04-03-2025 14:25:04.208;04-03-2025 14:25:00.963;3245
1;04-03-2025 14:25:08.244;04-03-2025 14:25:08.066;178
1;04-03-2025 14:25:26.949;04-03-2025 14:25:21.158;5791
1;04-03-2025 14:25:40.670;04-03-2025 14:25:32.361;8309
1;04-03-2025 14:25:45.782;04-03-2025 14:25:42.286;3496
1;04-03-2025 14:25:53.372;04-03-2025 14:25:49.501;3871
1;04-03-2025 14:25:53.900;04-03-2025 14:25:53.889;11
1;04-03-2025 14:26:00.898;04-03-2025 14:26:00.312;586
1;04-03-2025 14:26:26.949;04-03-2025 14:26:20.072;6877
1;04-03-2025 14:26:32.963;04-03-2025 14:26:31.056;1907
1;04-03-2025 14:26:48.836;04-03-2025 14:26:37.167;11669
1;04-03-2025 14:26:49.637;04-03-2025 14:26:49.442;195
1;04-03-2025 14:26:53.087;04-03-2025 14:26:52.361;726
1;04-03-2025 14:27:15.355;04-03-2025 14:26:54.682;20673
1;04-03-2025 14:27:23.685;04-03-2025 14:27:18.042;5643
1;04-03-2025 14:27:33.216;04-03-2025 14:27:25.115;8101
1;04-03-2025 14:27:40.914;04-03-2025 14:27:33.571;7343
1;04-03-2025 14:27:43.872;04-03-2025 14:27:43.128;744
1;04-03-2025 14:28:02.162;04-03-2025 14:27:51.307;10855
1;04-03-2025 14:28:13.749;04-03-2025 14:28:11.774;1975
1;04-03-2025 14:28:17.951;04-03-2025 14:28:14.173;3778
1;04-03-2025 14:28:30.936;04-03-2025 14:28:23.424;7512
1;04-03-2025 14:28:45.006;04-03-2025 14:28:37.827;7179
1;04-03-2025 14:28:57.194;04-03-2025 14:28:47.542;9652
1;04-03-2025 14:29:03.836;04-03-2025 14:29:03.213;623
1;04-03-2025 14:29:09.547;04-03-2025 14:29:09.535;12
1;04-03-2025 14:29:18.217;04-03-2025 14:29:10.278;7939
1;04-03-2025 14:29:26.634;04-03-2025 14:29:24.956;1678
1;04-03-2025 14:29:33.775;04-03-2025 14:29:33.231;544
1;04-03-2025 14:29:48.960;04-03-2025 14:29:37.906;11054
1;04-03-2025 14:29:58.907;04-03-2025 14:29:51.234;7673
1;04-03-2025 14:30:01.408;04-03-2025 14:29:59.026;2382
1;04-03-2025 14:30:20.532;04-03-2025 14:30:13.247;7285
1;04-03-2025 14:30:35.741;04-03-2025 14:30:32.496;3245
1;04-03-2025 14:30:45.545;04-03-2025 14:30:40.161;5384
1;04-03-2025 14:30:53.271;04-03-2025 14:30:50.678;2593
1;04-03-2025 14:31:03.681;04-03-2025 14:30:56.364;7317
1;04-03-2025 14:31:06.854;04-03-2025 14:31:06.446;408
1;04-03-2025 14:31:14.532;04-03-2025 14:31:13.996;536
1;04-03-2025 14:31:28.881;04-03-2025 14:31:21.086;7795
1;04-03-2025 14:31:49.311;04-03-2025 14:31:46.680;2631
1;04-03-2025 14:31:50.604;04-03-2025 14:31:49.976;628
1;04-03-2025 14:32:06.041;04-03-2025 14:31:50.807;15234
1;04-03-2025 14:32:08.392;04-03-2025 14:32:07.162;1230
1;04-03-2025 14:32:26.072;04-03-2025 14:32:19.483;6589
1;04-03-2025 14:32:32.632;04-03-2025 14:32:30.539;2093
1;04-03-2025 14:32:43.748;04-03-2025 14:32:35.939;7809
1;04-03-2025 14:32:48.597;04-03-2025 14:32:46.369;2228
1;04-03-2025 14:33:02.512;04-03-2025 14:33:00.443;2069
1;04-03-2025 14:33:09.798;04-03-2025 14:33:05.262;4536
1;04-03-2025 14:33:15.473;04-03-2025 14:33:13.871;1602
1;04-03-2025 14:33:29.879;04-03-2025 14:33:27.783;2096
1;04-03-2025 14:33:43.744;04-03-2025 14:33:36.791;6953
1;04-03-2025 14:33:51.323;04-03-2025 14:33:45.826;5497
1;04-03-2025 14:33:59.718;04-03-2025 14:33:53.814;5904
1;04-03-2025 14:34:15.872;04-03-2025 14:34:04.376;11496
1;04-03-2025 14:34:25.744;04-03-2025 14:34:24.828;916
1;04-03-2025 14:34:34.363;04-03-2025 14:34:25.917;8446
1;04-03-2025 14:34:37.968;04-03-2025 14:34:36.115;1853
1;04-03-2025 14:34:48.264;04-03-2025 14:34:43.185;5079
1;04-03-2025 14:34:52.991;04-03-2025 14:34:50.328;2663
1;04-03-2025 14:35:12.004;04-03-2025 14:35:07.521;4483
1;04-03-2025 14:35:24.739;04-03-2025 14:35:16.984;7755
1;04-03-2025 14:35:28.649;04-03-2025 14:35:25.859;2790
1;04-03-2025 14:35:37.969;04-03-2025 14:35:29.026;8943
1;04-03-2025 14:35:47.039;04-03-2025 14:35:40.396;6643
1;04-03-2025 14:36:01.841;04-03-2025 14:35:54.607;7234
1;04-03-2025 14:36:16.506;04-03-2025 14:36:05.873;10633
1;04-03-2025 14:36:23.770;04-03-2025 14:36:17.973;5797
1;04-03-2025 14:36:39.084;04-03-2025 14:36:26.937;12147
1;04-03-2025 14:36:50.093;04-03-2025 14:36:40.413;9680
1;04-03-2025 14:36:56.631;04-03-2025 14:36:51.273;5358
1;04-03-2025 14:37:03.588;04-03-2025 14:36:57.161;6427
1;04-03-2025 14:37:10.112;04-03-2025 14:37:10.015;97
1;04-03-2025 14:37:29.117;04-03-2025 14:37:14.257;14860
1;04-03-2025 14:37:38.964;04-03-2025 14:37:37.332;1632
1;04-03-2025 14:37:44.346;04-03-2025 14:37:39.798;4548
1;04-03-2025 14:37:46.968;04-03-2025 14:37:44.855;2113
1;04-03-2025 14:37:52.782;04-03-2025 14:37:49.190;3592
1;04-03-2025 14:38:05.644;04-03-2025 14:37:55.931;9713
1;04-03-2025 14:38:16.010;04-03-2025 14:38:15.325;685
1;04-03-2025 14:38:26.177;04-03-2025 14:38:24.739;1438
1;04-03-2025 14:38:38.562;04-03-2025 14:38:32.946;5616
1;04-03-2025 14:38:59.900;04-03-2025 14:38:47.303;12597
1;04-03-2025 14:39:08.156;04-03-2025 14:39:03.676;4480
1;04-03-2025 14:39:14.872;04-03-2025 14:39:14.235;637
1;04-03-2025 14:39:19.920;04-03-2025 14:39:19.607;313
1;04-03-2025 14:39:30.598;04-03-2025 14:39:29.602;996
1;04-03-2025 14:39:40.034;04-03-2025 14:39:30.794;9240
1;04-03-2025 14:39:55.369;04-03-2025 14:39:52.144;3225
1;04-03-2025 14:40:00.378;04-03-2025 14:39:59.786;592
1;04-03-2025 14:40:06.561;04-03-2025 14:40:01.333;5228
1;04-03-2025 14:40:09.726;04-03-2025 14:40:08.677;1049
1;04-03-2025 14:40:30.497;04-03-2025 14:40:23.346;7151
1;04-03-2025 14:40:43.282;04-03-2025 14:40:37.943;5339
1;04-03-2025 14:41:01.553;04-03-2025 14:40:52.916;8637
1;04-03-2025 14:41:04.074;04-03-2025 14:41:02.838;1236
1;04-03-2025 14:41:11.875;04-03-2025 14:41:05.917;5958
1;04-03-2025 14:41:27.946;04-03-2025 14:41:23.149;4797
1;04-03-2025 14:41:38.483;04-03-2025 14:41:34.940;3543
1;04-03-2025 14:41:41.157;04-03-2025 14:41:39.023;2134
1;04-03-2025 14:41:45.166;04-03-2025 14:41:43.946;1220
1;04-03-2025 14:41:56.124;04-03-2025 14:41:51.573;4551
1;04-03-2025 14:42:04.218;04-03-2025 14:41:58.528;5690
1;04-03-2025 14:42:19.640;04-03-2025 14:42:12.713;6927
1;04-03-2025 14:42:25.640;04-03-2025 14:42:23.043;2597
1;04-03-2025 14:42:37.392;04-03-2025 14:42:34.160;3232
1;04-03-2025 14:42:53.144;04-03-2025 14:42:51.072;2072
1;04-03-2025 14:42:55.440;04-03-2025 14:42:53.267;2173
1;04-03-2025 14:43:14.541;04-03-2025 14:42:57.849;16692
1;04-03-2025 14:43:24.328;04-03-2025 14:43:19.023;5305
1;04-03-2025 14:43:36.032;04-03-2025 14:43:27.658;8374
1;04-03-2025 14:43:39.678;04-03-2025 14:43:38.961;717
1;04-03-2025 14:43:46.419;04-03-2025 14:43:40.935;5484
1;04-03-2025 14:43:47.606;04-03-2025 14:43:46.931;675
1;04-03-2025 14:44:07.256;04-03-2025 14:43:53.535;13721
1;04-03-2025 14:44:21.263;04-03-2025 14:44:11.573;9690
1;04-03-2025 14:44:28.122;04-03-2025 14:44:23.894;4228
1;04-03-2025 14:44:32.653;04-03-2025 14:44:32.265;388
1;04-03-2025 14:44:42.637;04-03-2025 14:44:41.063;1574
1;04-03-2025 14:44:49.372;04-03-2025 14:44:47.598;1774
1;04-03-2025 14:45:09.641;04-03-2025 14:45:09.297;344
1;04-03-2025 14:45:26.154;04-03-2025 14:45:19.428;6726
1;04-03-2025 14:45:28.479;04-03-2025 14:45:27.229;1250
1;04-03-2025 14:45:34.196;04-03-2025 14:45:28.744;5452
1;04-03-2025 14:45:51.325;04-03-2025 14:45:34.915;16410
1;04-03-2025 14:45:54.780;04-03-2025 14:45:53.917;863
1;04-03-2025 14:46:04.802;04-03-2025 14:46:01.324;3478
1;04-03-2025 14:46:15.460;04-03-2025 14:46:07.597;7863
1;04-03-2025 14:46:32.441;04-03-2025 14:46:32.282;159
1;04-03-2025 14:46:40.459;04-03-2025 14:46:39.895;564
1;04-03-2025 14:46:48.397;04-03-2025 14:46:44.147;4250
1;04-03-2025 14:47:06.813;04-03-2025 14:46:49.341;17472
1;04-03-2025 14:47:09.798;04-03-2025 14:47:07.251;2547
1;04-03-2025 14:47:14.331;04-03-2025 14:47:13.623;708
1;04-03-2025 14:47:24.798;04-03-2025 14:47:23.828;970
1;04-03-2025 14:47:37.329;04-03-2025 14:47:35.201;2128
1;04-03-2025 14:47:51.762;04-03-2025 14:47:43.230;8532
1;04-03-2025 14:47:58.778;04-03-2025 14:47:57.451;1327
1;04-03-2025 14:48:08.788;04-03-2025 14:48:08.777;11
1;04-03-2025 14:48:24.271;04-03-2025 14:48:13.460;10811
1;04-03-2025 14:48:27.787;04-03-2025 14:48:25.404;2383
1;04-03-2025 14:48:33.040;04-03-2025 14:48:29.745;3295
1;04-03-2025 14:48:46.854;04-03-2025 14:48:42.477;4377
1;04-03-2025 14:48:51.679;04-03-2025 14:48:50.937;742
1;04-03-2025 14:49:00.550;04-03-2025 14:48:56.265;4285
1;04-03-2025 14:49:24.447;04-03-2025 14:49:06.675;17772
1;04-03-2025 14:49:32.255;04-03-2025 14:49:28.920;3335
1;04-03-2025 14:49:42.556;04-03-2025 14:49:32.436;10120
1;04-03-2025 14:49:50.676;04-03-2025 14:49:46.445;4231
1;04-03-2025 14:49:56.768;04-03-2025 14:49:54.789;1979
1;04-03-2025 14:50:09.683;04-03-2025 14:50:06.952;2731
1;04-03-2025 14:50:16.881;04-03-2025 14:50:10.788;6093
1;04-03-2025 14:50:28.618;04-03-2025 14:50:27.131;1487
1;04-03-2025 14:50:34.741;04-03-2025 14:50:31.272;3469
1;04-03-2025 14:50:45.422;04-03-2025 14:50:45.308;114
1;04-03-2025 14:50:57.889;04-03-2025 14:50:56.919;970
1;04-03-2025 14:51:06.861;04-03-2025 14:50:58.071;8790
1;04-03-2025 14:51:16.737;04-03-2025 14:51:13.294;3443
1;04-03-2025 14:51:30.475;04-03-2025 14:51:27.793;2682
1;04-03-2025 14:51:37.959;04-03-2025 14:51:34.151;3808
1;04-03-2025 14:51:50.603;04-03-2025 14:51:50.373;230
1;04-03-2025 14:51:56.120;04-03-2025 14:51:56.111;9
1;04-03-2025 14:52:00.705;04-03-2025 14:51:57.839;2866
1;04-03-2025 14:52:18.538;04-03-2025 14:52:13.526;5012
1;04-03-2025 14:52:31.031;04-03-2025 14:52:18.628;12403
1;04-03-2025 14:52:43.426;04-03-2025 14:52:40.785;2641
1;04-03-2025 14:52:46.210;04-03-2025 14:52:43.458;2752
1;04-03-2025 14:53:01.795;04-03-2025 14:52:58.013;3782
1;04-03-2025 14:53:10.785;04-03-2025 14:53:07.907;2878
1;04-03-2025 14:53:16.732;04-03-2025 14:53:16.538;194
1;04-03-2025 14:53:28.881;04-03-2025 14:53:22.008;6873
1;04-03-2025 14:53:45.142;04-03-2025 14:53:39.084;6058
1;04-03-2025 14:53:54.341;04-03-2025 14:53:52.709;1632
1;04-03-2025 14:54:00.537;04-03-2025 14:53:54.882;5655
1;04-03-2025 14:54:06.125;04-03-2025 14:54:02.937;3188
1;04-03-2025 14:54:24.430;04-03-2025 14:54:23.257;1173
1;04-03-2025 14:54:37.353;04-03-2025 14:54:35.196;2157
1;04-03-2025 14:54:43.433;04-03-2025 14:54:38.334;5099
1;04-03-2025 14:54:47.445;04-03-2025 14:54:46.232;1213
1;04-03-2025 14:55:02.979;04-03-2025 14:54:59.017;3962
1;04-03-2025 14:55:12.201;04-03-2025 14:55:11.139;1062
1;04-03-2025 14:55:16.356;04-03-2025 14:55:14.868;1488
1;04-03-2025 14:55:29.281;04-03-2025 14:55:22.582;6699
1;04-03-2025 14:55:50.561;04-03-2025 14:55:44.854;5707
1;04-03-2025 14:55:56.515;04-03-2025 14:55:52.010;4505
1;04-03-2025 14:55:58.125;04-03-2025 14:55:56.954;1171
1;04-03-2025 14:56:12.990;04-03-2025 14:56:07.378;5612
1;04-03-2025 14:56:19.265;04-03-2025 14:56:13.948;5317
1;04-03-2025 14:56:26.019;04-03-2025 14:56:22.628;3391
1;04-03-2025 14:56:34.642;04-03-2025 14:56:29.643;4999
1;04-03-2025 14:56:56.481;04-03-2025 14:56:48.783;7698
1;04-03-2025 14:56:59.398;04-03-2025 14:56:56.761;2637
1;04-03-2025 14:57:10.629;04-03-2025 14:57:09.364;1265
1;04-03-2025 14:57:30.830;04-03-2025 14:57:13.362;17468
1;04-03-2025 14:57:36.236;04-03-2025 14:57:34.881;1355
1;04-03-2025 14:57:41.968;04-03-2025 14:57:40.661;1307
1;04-03-2025 14:57:42.805;04-03-2025 14:57:42.690;115
1;04-03-2025 14:58:01.817;04-03-2025 14:57:52.337;9480
1;04-03-2025 14:58:07.822;04-03-2025 14:58:02.292;5530
1;04-03-2025 14:58:22.641;04-03-2025 14:58:12.154;10487
1;04-03-2025 14:58:29.187;04-03-2025 14:58:26.533;2654
1;04-03-2025 14:58:38.030;04-03-2025 14:58:33.508;4522
1;04-03-2025 14:58:44.716;04-03-2025 14:58:42.167;2549
1;04-03-2025 14:59:04.173;04-03-2025 14:58:48.412;15761
1;04-03-2025 14:59:06.444;04-03-2025 14:59:05.758;686
1;04-03-2025 14:59:20.939;04-03-2025 14:59:11.156;9783
1;04-03-2025 14:59:24.553;04-03-2025 14:59:24.270;283
1;04-03-2025 14:59:43.186;04-03-2025 14:59:29.487;13699
1;04-03-2025 14:59:48.233;04-03-2025 14:59:45.395;2838
1;04-03-2025 14:59:49.866;04-03-2025 14:59:48.856;1010
1;04-03-2025 15:00:11.254;04-03-2025 15:00:00.861;10393
1;04-03-2025 15:00:21.527;04-03-2025 15:00:12.287;9240
1;04-03-2025 15:00:25.480;04-03-2025 15:00:21.812;3668
1;04-03-2025 15:00:44.996;04-03-2025 15:00:27.534;17462
1;04-03-2025 15:00:46.347;04-03-2025 15:00:45.597;750
1;04-03-2025 15:01:07.477;04-03-2025 15:00:54.517;12960
1;04-03-2025 15:01:13.474;04-03-2025 15:01:10.426;3048
1;04-03-2025 15:01:23.631;04-03-2025 15:01:19.384;4247
1;04-03-2025 15:01:24.234;04-03-2025 15:01:24.177;57
1;04-03-2025 15:01:44.093;04-03-2025 15:01:37.268;6825
1;04-03-2025 15:01:51.605;04-03-2025 15:01:46.024;5581
1;04-03-2025 15:01:56.540;04-03-2025 15:01:52.708;3832
1;04-03-2025 15:02:04.999;04-03-2025 15:02:01.547;3452
1;04-03-2025 15:02:22.525;04-03-2025 15:02:11.306;11219
1;04-03-2025 15:02:30.066;04-03-2025 15:02:28.530;1536
1;04-03-2025 15:02:34.364;04-03-2025 15:02:33.439;925
1;04-03-2025 15:02:45.331;04-03-2025 15:02:39.583;5748
1;04-03-2025 15:02:57.544;04-03-2025 15:02:50.684;6860
1;04-03-2025 15:03:05.959;04-03-2025 15:02:58.470;7489
1;04-03-2025 15:03:10.985;04-03-2025 15:03:10.251;734
1;04-03-2025 15:03:31.338;04-03-2025 15:03:27.641;3697
1;04-03-2025 15:03:42.010;04-03-2025 15:03:32.176;9834
1;04-03-2025 15:03:54.054;04-03-2025 15:03:49.751;4303
1;04-03-2025 15:04:03.286;04-03-2025 15:03:57.073;6213
1;04-03-2025 15:04:08.309;04-03-2025 15:04:06.555;1754
1;04-03-2025 15:04:20.938;04-03-2025 15:04:11.604;9334
1;04-03-2025 15:04:33.260;04-03-2025 15:04:26.171;7089
1;04-03-2025 15:04:43.357;04-03-2025 15:04:37.529;5828
1;04-03-2025 15:04:55.582;04-03-2025 15:04:47.893;7689
1;04-03-2025 15:04:58.978;04-03-2025 15:04:57.110;1868
1;04-03-2025 15:05:12.719;04-03-2025 15:05:00.729;11990
1;04-03-2025 15:05:19.279;04-03-2025 15:05:19.048;231
1;04-03-2025 15:05:27.609;04-03-2025 15:05:21.120;6489
1;04-03-2025 15:05:46.609;04-03-2025 15:05:42.259;4350
1;04-03-2025 15:05:54.370;04-03-2025 15:05:52.134;2236
1;04-03-2025 15:05:57.328;04-03-2025 15:05:57.299;29
1;04-03-2025 15:06:05.354;04-03-2025 15:06:04.867;487
1;04-03-2025 15:06:22.838;04-03-2025 15:06:07.900;14938
1;04-03-2025 15:06:32.263;04-03-2025 15:06:32.153;110
1;04-03-2025 15:06:43.088;04-03-2025 15:06:42.683;405
1;04-03-2025 15:06:45.843;04-03-2025 15:06:43.548;2295
1;04-03-2025 15:06:53.955;04-03-2025 15:06:52.637;1318
1;04-03-2025 15:07:15.741;04-03-2025 15:07:02.313;13428
1;04-03-2025 15:07:26.803;04-03-2025 15:07:18.238;8565
1;04-03-2025 15:07:32.207;04-03-2025 15:07:30.691;1516
1;04-03-2025 15:07:47.884;04-03-2025 15:07:44.434;3450
1;04-03-2025 15:07:53.686;04-03-2025 15:07:49.089;4597
1;04-03-2025 15:08:05.847;04-03-2025 15:08:03.128;2719
1;04-03-2025 15:08:09.914;04-03-2025 15:08:08.162;1752
1;04-03-2025 15:08:20.420;04-03-2025 15:08:09.993;10427
1;04-03-2025 15:08:26.742;04-03-2025 15:08:22.608;4134
1;04-03-2025 15:08:33.335;04-03-2025 15:08:32.459;876
1;04-03-2025 15:08:43.456;04-03-2025 15:08:38.124;5332
1;04-03-2025 15:08:53.681;04-03-2025 15:08:44.410;9271
1;04-03-2025 15:09:12.712;04-03-2025 15:09:05.321;7391
1;04-03-2025 15:09:22.228;04-03-2025 15:09:21.699;529
1;04-03-2025 15:09:34.713;04-03-2025 15:09:26.884;7829
1;04-03-2025 15:09:39.181;04-03-2025 15:09:37.997;1184
1;04-03-2025 15:09:59.593;04-03-2025 15:09:41.726;17867
1;04-03-2025 15:10:10.151;04-03-2025 15:10:04.918;5233
1;04-03-2025 15:10:14.124;04-03-2025 15:10:13.478;646
1;04-03-2025 15:10:28.000;04-03-2025 15:10:20.488;7512
1;04-03-2025 15:10:33.492;04-03-2025 15:10:30.306;3186
1;04-03-2025 15:10:34.296;04-03-2025 15:10:33.691;605
1;04-03-2025 15:10:57.181;04-03-2025 15:10:43.414;13767
1;04-03-2025 15:11:06.099;04-03-2025 15:10:57.748;8351
1;04-03-2025 15:11:09.407;04-03-2025 15:11:06.475;2932
1;04-03-2025 15:11:27.602;04-03-2025 15:11:12.465;15137
1;04-03-2025 15:11:34.213;04-03-2025 15:11:28.022;6191
1;04-03-2025 15:11:38.799;04-03-2025 15:11:38.464;335
1;04-03-2025 15:11:41.465;04-03-2025 15:11:40.157;1308
1;04-03-2025 15:12:01.908;04-03-2025 15:12:01.324;584
1;04-03-2025 15:12:08.652;04-03-2025 15:12:08.069;583
1;04-03-2025 15:12:25.668;04-03-2025 15:12:11.886;13782
1;04-03-2025 15:12:33.439;04-03-2025 15:12:28.227;5212
1;04-03-2025 15:12:42.582;04-03-2025 15:12:35.682;6900
1;04-03-2025 15:12:49.113;04-03-2025 15:12:47.461;1652
1;04-03-2025 15:13:03.413;04-03-2025 15:12:59.581;3832
1;04-03-2025 15:13:10.879;04-03-2025 15:13:04.723;6156
1;04-03-2025 15:13:16.827;04-03-2025 15:13:12.128;4699
1;04-03-2025 15:13:23.638;04-03-2025 15:13:20.139;3499
1;04-03-2025 15:13:39.032;04-03-2025 15:13:36.033;2999
1;04-03-2025 15:13:44.412;04-03-2025 15:13:44.360;52
1;04-03-2025 15:14:02.318;04-03-2025 15:14:00.023;2295
1;04-03-2025 15:14:05.395;04-03-2025 15:14:03.617;1778
1;04-03-2025 15:14:12.633;04-03-2025 15:14:09.053;3580
1;04-03-2025 15:14:18.421;04-03-2025 15:14:16.083;2338
1;04-03-2025 15:14:42.814;04-03-2025 15:14:42.199;615
1;04-03-2025 15:14:45.024;04-03-2025 15:14:43.111;1913
1;04-03-2025 15:14:51.603;04-03-2025 15:14:47.804;3799
1;04-03-2025 15:15:24.421;04-03-2025 15:15:16.627;7794
1;04-03-2025 15:15:26.906;04-03-2025 15:15:25.643;1263
1;04-03-2025 15:15:32.198;04-03-2025 15:15:28.877;3321
1;04-03-2025 15:15:33.585;04-03-2025 15:15:33.288;297
1;04-03-2025 15:15:37.763;04-03-2025 15:15:37.106;657
1;04-03-2025 15:15:57.916;04-03-2025 15:15:51.725;6191
1;04-03-2025 15:16:07.398;04-03-2025 15:16:05.312;2086
1;04-03-2025 15:16:16.069;04-03-2025 15:16:11.198;4871
1;04-03-2025 15:16:29.032;04-03-2025 15:16:17.686;11346
1;04-03-2025 15:16:38.793;04-03-2025 15:16:36.295;2498
1;04-03-2025 15:16:50.391;04-03-2025 15:16:41.393;8998
1;04-03-2025 15:16:58.623;04-03-2025 15:16:54.621;4002
1;04-03-2025 15:17:04.182;04-03-2025 15:16:59.267;4915
1;04-03-2025 15:17:21.582;04-03-2025 15:17:13.360;8222
1;04-03-2025 15:17:34.958;04-03-2025 15:17:27.233;7725
1;04-03-2025 15:17:40.218;04-03-2025 15:17:35.303;4915
1;04-03-2025 15:17:53.380;04-03-2025 15:17:47.060;6320
1;04-03-2025 15:17:58.795;04-03-2025 15:17:56.848;1947
1;04-03-2025 15:18:10.083;04-03-2025 15:18:02.976;7107
1;04-03-2025 15:18:18.462;04-03-2025 15:18:10.844;7618
1;04-03-2025 15:18:24.946;04-03-2025 15:18:24.278;668
1;04-03-2025 15:18:31.964;04-03-2025 15:18:25.513;6451
1;04-03-2025 15:18:50.403;04-03-2025 15:18:37.080;13323
1;04-03-2025 15:18:54.893;04-03-2025 15:18:54.508;385
1;04-03-2025 15:19:03.387;04-03-2025 15:18:56.043;7344
1;04-03-2025 15:19:16.459;04-03-2025 15:19:10.624;5835
1;04-03-2025 15:19:22.898;04-03-2025 15:19:18.343;4555
1;04-03-2025 15:19:38.416;04-03-2025 15:19:36.068;2348
1;04-03-2025 15:19:52.857;04-03-2025 15:19:45.689;7168
1;04-03-2025 15:20:03.218;04-03-2025 15:20:02.268;950
1;04-03-2025 15:20:09.120;04-03-2025 15:20:09.055;65
1;04-03-2025 15:20:17.464;04-03-2025 15:20:15.855;1609
1;04-03-2025 15:20:35.201;04-03-2025 15:20:18.330;16871
1;04-03-2025 15:20:38.427;04-03-2025 15:20:38.110;317
1;04-03-2025 15:20:40.414;04-03-2025 15:20:38.477;1937
1;04-03-2025 15:21:15.568;04-03-2025 15:20:58.163;17405
1;04-03-2025 15:21:17.814;04-03-2025 15:21:16.254;1560
1;04-03-2025 15:21:20.582;04-03-2025 15:21:18.521;2061
1;04-03-2025 15:21:25.010;04-03-2025 15:21:24.120;890
1;04-03-2025 15:21:43.290;04-03-2025 15:21:42.454;836
1;04-03-2025 15:21:48.961;04-03-2025 15:21:46.737;2224
1;04-03-2025 15:22:02.698;04-03-2025 15:21:50.834;11864
1;04-03-2025 15:22:06.741;04-03-2025 15:22:03.494;3247
1;04-03-2025 15:22:18.845;04-03-2025 15:22:06.968;11877
1;04-03-2025 15:22:31.957;04-03-2025 15:22:31.512;445
1;04-03-2025 15:22:36.973;04-03-2025 15:22:32.753;4220
1;04-03-2025 15:22:44.505;04-03-2025 15:22:43.369;1136
1;04-03-2025 15:23:02.782;04-03-2025 15:23:00.682;2100
1;04-03-2025 15:23:05.779;04-03-2025 15:23:04.890;889
1;04-03-2025 15:23:19.714;04-03-2025 15:23:18.774;940
1;04-03-2025 15:23:27.826;04-03-2025 15:23:25.240;2586
1;04-03-2025 15:23:36.144;04-03-2025 15:23:31.002;5142
1;04-03-2025 15:23:49.616;04-03-2025 15:23:40.594;9022
1;04-03-2025 15:23:56.147;04-03-2025 15:23:53.332;2815
1;04-03-2025 15:24:03.232;04-03-2025 15:24:01.656;1576
1;04-03-2025 15:24:22.757;04-03-2025 15:24:19.739;3018
1;04-03-2025 15:24:31.072;04-03-2025 15:24:30.169;903
1;04-03-2025 15:24:35.861;04-03-2025 15:24:31.587;4274
1;04-03-2025 15:24:59.093;04-03-2025 15:24:42.237;16856
1;04-03-2025 15:25:04.246;04-03-2025 15:25:01.173;3073
1;04-03-2025 15:25:11.683;04-03-2025 15:25:10.494;1189
1;04-03-2025 15:25:20.509;04-03-2025 15:25:16.440;4069
1;04-03-2025 15:25:28.473;04-03-2025 15:25:26.625;1848
1;04-03-2025 15:25:37.589;04-03-2025 15:25:32.232;5357
1;04-03-2025 15:25:56.719;04-03-2025 15:25:47.870;8849
1;04-03-2025 15:26:01.636;04-03-2025 15:26:00.878;758
1;04-03-2025 15:26:06.647;04-03-2025 15:26:02.441;4206
1;04-03-2025 15:26:16.534;04-03-2025 15:26:15.891;643
1;04-03-2025 15:26:30.324;04-03-2025 15:26:27.126;3198
1;04-03-2025 15:26:40.293;04-03-2025 15:26:36.086;4207
1;04-03-2025 15:26:46.655;04-03-2025 15:26:42.854;3801
1;04-03-2025 15:27:01.908;04-03-2025 15:26:51.639;10269
1;04-03-2025 15:27:09.106;04-03-2025 15:27:02.202;6904
1;04-03-2025 15:27:19.590;04-03-2025 15:27:16.010;3580
1;04-03-2025 15:27:29.110;04-03-2025 15:27:22.059;7051
1;04-03-2025 15:27:51.175;04-03-2025 15:27:30.399;20776
1;04-03-2025 15:27:58.455;04-03-2025 15:27:53.599;4856
1;04-03-2025 15:28:09.244;04-03-2025 15:28:00.128;9116
1;04-03-2025 15:28:11.976;04-03-2025 15:28:09.425;2551
1;04-03-2025 15:28:15.268;04-03-2025 15:28:14.094;1174
1;04-03-2025 15:28:26.543;04-03-2025 15:28:20.196;6347
1;04-03-2025 15:28:30.162;04-03-2025 15:28:26.768;3394
1;04-03-2025 15:28:50.526;04-03-2025 15:28:44.138;6388
1;04-03-2025 15:28:56.590;04-03-2025 15:28:51.537;5053
1;04-03-2025 15:29:18.230;04-03-2025 15:29:11.020;7210
1;04-03-2025 15:29:28.014;04-03-2025 15:29:21.289;6725
1;04-03-2025 15:29:41.444;04-03-2025 15:29:32.701;8743
1;04-03-2025 15:29:44.529;04-03-2025 15:29:42.572;1957
1;04-03-2025 15:29:54.358;04-03-2025 15:29:46.750;7608
1;04-03-2025 15:30:04.192;04-03-2025 15:30:01.142;3050
1;04-03-2025 15:30:09.295;04-03-2025 15:30:05.266;4029
1;04-03-2025 15:30:19.665;04-03-2025 15:30:11.943;7722
1;04-03-2025 15:30:26.958;04-03-2025 15:30:23.898;3060
1;04-03-2025 15:30:53.341;04-03-2025 15:30:38.641;14700
1;04-03-2025 15:30:58.546;04-03-2025 15:30:53.384;5162
1;04-03-2025 15:31:07.428;04-03-2025 15:31:05.908;1520
1;04-03-2025 15:31:13.188;04-03-2025 15:31:07.556;5632
1;04-03-2025 15:31:22.418;04-03-2025 15:31:16.679;5739
1;04-03-2025 15:31:28.492;04-03-2025 15:31:23.601;4891
1;04-03-2025 15:31:32.658;04-03-2025 15:31:29.125;3533
1;04-03-2025 15:31:50.771;04-03-2025 15:31:46.543;4228
1;04-03-2025 15:31:53.787;04-03-2025 15:31:51.364;2423
1;04-03-2025 15:32:12.796;04-03-2025 15:32:06.768;6028
1;04-03-2025 15:32:21.771;04-03-2025 15:32:18.119;3652
1;04-03-2025 15:32:24.837;04-03-2025 15:32:23.028;1809
1;04-03-2025 15:32:41.536;04-03-2025 15:32:24.921;16615
1;04-03-2025 15:32:52.319;04-03-2025 15:32:45.243;7076
1;04-03-2025 15:33:01.211;04-03-2025 15:32:54.669;6542
1;04-03-2025 15:33:02.122;04-03-2025 15:33:01.230;892
1;04-03-2025 15:33:21.489;04-03-2025 15:33:15.056;6433
1;04-03-2025 15:33:27.548;04-03-2025 15:33:27.104;444
1;04-03-2025 15:33:35.024;04-03-2025 15:33:30.808;4216
1;04-03-2025 15:33:44.860;04-03-2025 15:33:41.587;3273
1;04-03-2025 15:33:56.894;04-03-2025 15:33:51.078;5816
1;04-03-2025 15:34:16.296;04-03-2025 15:33:59.346;16950
1;04-03-2025 15:34:18.251;04-03-2025 15:34:16.843;1408
1;04-03-2025 15:34:30.573;04-03-2025 15:34:21.449;9124
1;04-03-2025 15:34:36.510;04-03-2025 15:34:33.402;3108
1;04-03-2025 15:34:41.976;04-03-2025 15:34:41.408;568
1;04-03-2025 15:35:00.884;04-03-2025 15:34:51.130;9754
1;04-03-2025 15:35:04.115;04-03-2025 15:35:00.944;3171
1;04-03-2025 15:35:12.372;04-03-2025 15:35:08.878;3494
1;04-03-2025 15:35:31.923;04-03-2025 15:35:29.226;2697
1;04-03-2025 15:35:39.572;04-03-2025 15:35:39.549;23
1;04-03-2025 15:35:42.384;04-03-2025 15:35:40.886;1498
1;04-03-2025 15:35:53.672;04-03-2025 15:35:51.310;2362
1;04-03-2025 15:36:09.095;04-03-2025 15:36:00.698;8397
1;04-03-2025 15:36:18.582;04-03-2025 15:36:17.658;924
1;04-03-2025 15:36:29.581;04-03-2025 15:36:21.165;8416
1;04-03-2025 15:36:35.378;04-03-2025 15:36:34.993;385
1;04-03-2025 15:36:51.396;04-03-2025 15:36:47.194;4202
1;04-03-2025 15:36:52.593;04-03-2025 15:36:51.575;1018
1;04-03-2025 15:37:04.436;04-03-2025 15:36:56.229;8207
1;04-03-2025 15:37:28.809;04-03-2025 15:37:25.878;2931
1;04-03-2025 15:37:33.540;04-03-2025 15:37:33.331;209
1;04-03-2025 15:37:39.172;04-03-2025 15:37:34.789;4383
1;04-03-2025 15:37:49.031;04-03-2025 15:37:40.519;8512
1;04-03-2025 15:38:07.048;04-03-2025 15:37:54.013;13035
1;04-03-2025 15:38:11.937;04-03-2025 15:38:09.894;2043
1;04-03-2025 15:38:23.867;04-03-2025 15:38:13.453;10414
1;04-03-2025 15:38:30.802;04-03-2025 15:38:25.350;5452
1;04-03-2025 15:38:40.547;04-03-2025 15:38:33.464;7083
1;04-03-2025 15:38:56.444;04-03-2025 15:38:47.693;8751
1;04-03-2025 15:39:01.869;04-03-2025 15:39:00.620;1249
1;04-03-2025 15:39:16.843;04-03-2025 15:39:16.187;656
1;04-03-2025 15:39:18.964;04-03-2025 15:39:18.430;534
1;04-03-2025 15:39:25.603;04-03-2025 15:39:24.355;1248
1;04-03-2025 15:39:41.464;04-03-2025 15:39:33.638;7826
1;04-03-2025 15:39:49.448;04-03-2025 15:39:48.061;1387
1;04-03-2025 15:39:57.637;04-03-2025 15:39:49.824;7813
1;04-03-2025 15:40:07.610;04-03-2025 15:40:05.963;1647
1;04-03-2025 15:40:09.850;04-03-2025 15:40:09.560;290
1;04-03-2025 15:40:28.242;04-03-2025 15:40:27.764;478
1;04-03-2025 15:40:39.975;04-03-2025 15:40:29.062;10913
1;04-03-2025 15:40:56.218;04-03-2025 15:40:55.142;1076
1;04-03-2025 15:41:01.462;04-03-2025 15:40:57.202;4260
1;04-03-2025 15:41:13.716;04-03-2025 15:41:03.043;10673
1;04-03-2025 15:41:24.456;04-03-2025 15:41:23.114;1342
1;04-03-2025 15:41:27.544;04-03-2025 15:41:27.445;99
1;04-03-2025 15:41:38.146;04-03-2025 15:41:29.340;8806
1;04-03-2025 15:41:46.086;04-03-2025 15:41:41.236;4850
1;04-03-2025 15:41:55.179;04-03-2025 15:41:51.998;3181
1;04-03-2025 15:42:17.610;04-03-2025 15:42:15.821;1789
1;04-03-2025 15:42:26.606;04-03-2025 15:42:21.033;5573
1;04-03-2025 15:42:33.013;04-03-2025 15:42:31.224;1789
1;04-03-2025 15:42:41.660;04-03-2025 15:42:40.412;1248
1;04-03-2025 15:42:48.611;04-03-2025 15:42:45.954;2657
1;04-03-2025 15:42:59.910;04-03-2025 15:42:49.934;9976
1;04-03-2025 15:43:09.027;04-03-2025 15:43:07.162;1865
1;04-03-2025 15:43:25.118;04-03-2025 15:43:14.275;10843
1;04-03-2025 15:43:33.845;04-03-2025 15:43:27.508;6337
1;04-03-2025 15:43:37.507;04-03-2025 15:43:33.968;3539
1;04-03-2025 15:43:53.650;04-03-2025 15:43:43.517;10133
1;04-03-2025 15:43:58.129;04-03-2025 15:43:56.636;1493
1;04-03-2025 15:44:16.289;04-03-2025 15:44:09.389;6900
1;04-03-2025 15:44:20.204;04-03-2025 15:44:18.062;2142
1;04-03-2025 15:44:30.422;04-03-2025 15:44:26.475;3947
1;04-03-2025 15:44:40.689;04-03-2025 15:44:35.874;4815
1;04-03-2025 15:44:44.478;04-03-2025 15:44:40.900;3578
1;04-03-2025 15:44:57.955;04-03-2025 15:44:57.907;48
1;04-03-2025 15:45:02.426;04-03-2025 15:44:59.200;3226
1;04-03-2025 15:45:21.154;04-03-2025 15:45:10.563;10591
1;04-03-2025 15:45:33.030;04-03-2025 15:45:26.821;6209
1;04-03-2025 15:45:37.116;04-03-2025 15:45:33.507;3609
1;04-03-2025 15:45:40.535;04-03-2025 15:45:39.002;1533
1;04-03-2025 15:46:07.437;04-03-2025 15:46:02.419;5018
1;04-03-2025 15:46:12.220;04-03-2025 15:46:12.188;32
1;04-03-2025 15:46:16.796;04-03-2025 15:46:13.731;3065
1;04-03-2025 15:46:30.776;04-03-2025 15:46:30.752;24
1;04-03-2025 15:46:42.925;04-03-2025 15:46:33.500;9425
1;04-03-2025 15:46:49.062;04-03-2025 15:46:42.972;6090
1;04-03-2025 15:46:55.272;04-03-2025 15:46:54.036;1236
1;04-03-2025 15:47:06.737;04-03-2025 15:46:58.871;7866
1;04-03-2025 15:47:23.632;04-03-2025 15:47:06.913;16719
1;04-03-2025 15:47:32.579;04-03-2025 15:47:24.175;8404
1;04-03-2025 15:47:49.512;04-03-2025 15:47:41.760;7752
1;04-03-2025 15:47:50.374;04-03-2025 15:47:50.245;129
1;04-03-2025 15:48:00.505;04-03-2025 15:47:52.064;8441
1;04-03-2025 15:48:06.506;04-03-2025 15:48:04.665;1841
1;04-03-2025 15:48:18.194;04-03-2025 15:48:14.191;4003
1;04-03-2025 15:48:25.935;04-03-2025 15:48:18.664;7271
1;04-03-2025 15:48:48.975;04-03-2025 15:48:46.826;2149
1;04-03-2025 15:48:53.416;04-03-2025 15:48:50.139;3277
1;04-03-2025 15:49:03.198;04-03-2025 15:48:55.845;7353
1;04-03-2025 15:49:14.865;04-03-2025 15:49:07.300;7565
1;04-03-2025 15:49:22.989;04-03-2025 15:49:16.197;6792
1;04-03-2025 15:49:31.206;04-03-2025 15:49:31.201;5
1;04-03-2025 15:49:33.474;04-03-2025 15:49:31.215;2259
1;04-03-2025 15:49:49.165;04-03-2025 15:49:47.079;2086
1;04-03-2025 15:49:56.515;04-03-2025 15:49:50.266;6249
1;04-03-2025 15:50:09.549;04-03-2025 15:49:56.564;12985
1;04-03-2025 15:50:22.065;04-03-2025 15:50:14.576;7489
1;04-03-2025 15:50:38.193;04-03-2025 15:50:37.975;218
1;04-03-2025 15:50:43.815;04-03-2025 15:50:40.589;3226
1;04-03-2025 15:51:02.609;04-03-2025 15:50:53.956;8653
1;04-03-2025 15:51:05.979;04-03-2025 15:51:05.630;349
1;04-03-2025 15:51:09.470;04-03-2025 15:51:06.538;2932
1;04-03-2025 15:51:22.322;04-03-2025 15:51:18.464;3858
1;04-03-2025 15:51:34.118;04-03-2025 15:51:27.326;6792
1;04-03-2025 15:51:37.011;04-03-2025 15:51:34.334;2677
1;04-03-2025 15:51:49.370;04-03-2025 15:51:42.624;6746
1;04-03-2025 15:51:59.249;04-03-2025 15:51:54.460;4789
1;04-03-2025 15:52:03.410;04-03-2025 15:52:01.789;1621
1;04-03-2025 15:52:12.791;04-03-2025 15:52:08.494;4297
1;04-03-2025 15:52:26.533;04-03-2025 15:52:12.828;13705
1;04-03-2025 15:52:41.702;04-03-2025 15:52:27.605;14097
1;04-03-2025 15:52:54.873;04-03-2025 15:52:50.648;4225
1;04-03-2025 15:53:00.342;04-03-2025 15:52:58.880;1462
1;04-03-2025 15:53:08.721;04-03-2025 15:53:02.845;5876
1;04-03-2025 15:53:14.058;04-03-2025 15:53:11.027;3031
1;04-03-2025 15:53:28.773;04-03-2025 15:53:26.628;2145
1;04-03-2025 15:53:43.296;04-03-2025 15:53:36.928;6368
1;04-03-2025 15:53:50.421;04-03-2025 15:53:49.934;487
1;04-03-2025 15:54:03.738;04-03-2025 15:53:53.247;10491
1;04-03-2025 15:54:14.465;04-03-2025 15:54:11.351;3114
1;04-03-2025 15:54:16.118;04-03-2025 15:54:15.515;603
1;04-03-2025 15:54:20.606;04-03-2025 15:54:16.441;4165
1;04-03-2025 15:54:40.565;04-03-2025 15:54:21.127;19438
1;04-03-2025 15:54:51.221;04-03-2025 15:54:41.284;9937
1;04-03-2025 15:54:59.520;04-03-2025 15:54:51.927;7593
1;04-03-2025 15:55:06.579;04-03-2025 15:55:06.461;118
1;04-03-2025 15:55:12.310;04-03-2025 15:55:11.197;1113
1;04-03-2025 15:55:27.358;04-03-2025 15:55:23.033;4325
1;04-03-2025 15:55:35.387;04-03-2025 15:55:35.215;172
1;04-03-2025 15:55:47.609;04-03-2025 15:55:47.340;269
1;04-03-2025 15:55:55.353;04-03-2025 15:55:52.215;3138
1;04-03-2025 15:56:06.727;04-03-2025 15:55:59.587;7140
1;04-03-2025 15:56:15.912;04-03-2025 15:56:14.983;929
1;04-03-2025 15:56:32.498;04-03-2025 15:56:26.346;6152
1;04-03-2025 15:56:51.104;04-03-2025 15:56:41.512;9592
1;04-03-2025 15:56:54.326;04-03-2025 15:56:52.501;1825
1;04-03-2025 15:57:01.892;04-03-2025 15:56:57.096;4796
1;04-03-2025 15:57:11.813;04-03-2025 15:57:08.592;3221
1;04-03-2025 15:57:17.524;04-03-2025 15:57:14.129;3395
1;04-03-2025 15:57:30.098;04-03-2025 15:57:24.250;5848
1;04-03-2025 15:57:44.757;04-03-2025 15:57:41.250;3507
1;04-03-2025 15:58:02.970;04-03-2025 15:57:56.250;6720
1;04-03-2025 15:58:05.448;04-03-2025 15:58:04.157;1291
1;04-03-2025 15:58:10.476;04-03-2025 15:58:05.536;4940
1;04-03-2025 15:58:15.046;04-03-2025 15:58:14.007;1039
1;04-03-2025 15:58:25.534;04-03-2025 15:58:21.250;4284
1;04-03-2025 15:58:27.522;04-03-2025 15:58:27.511;11
1;04-03-2025 15:58:48.503;04-03-2025 15:58:32.760;15743
1;04-03-2025 15:58:53.850;04-03-2025 15:58:49.869;3981
1;04-03-2025 15:59:00.653;04-03-2025 15:58:57.442;3211
1;04-03-2025 15:59:16.068;04-03-2025 15:59:12.331;3737
1;04-03-2025 15:59:36.890;04-03-2025 15:59:23.683;13207
1;04-03-2025 15:59:41.763;04-03-2025 15:59:38.177;3586
1;04-03-2025 15:59:54.522;04-03-2025 15:59:46.012;8510
1;04-03-2025 16:00:06.839;04-03-2025 16:00:02.423;4416
1;04-03-2025 16:00:14.277;04-03-2025 16:00:07.721;6556
1;04-03-2025 16:00:20.885;04-03-2025 16:00:20.461;424
1;04-03-2025 16:00:32.997;04-03-2025 16:00:26.998;5999
1;04-03-2025 16:00:43.903;04-03-2025 16:00:36.449;7454
1;04-03-2025 16:00:52.782;04-03-2025 16:00:50.841;1941
1;04-03-2025 16:01:03.748;04-03-2025 16:00:56.515;7233
1;04-03-2025 16:01:07.101;04-03-2025 16:01:05.820;1281
1;04-03-2025 16:01:13.102;04-03-2025 16:01:08.783;4319
1;04-03-2025 16:01:24.886;04-03-2025 16:01:21.125;3761
1;04-03-2025 16:01:41.462;04-03-2025 16:01:33.752;7710
1;04-03-2025 16:01:46.472;04-03-2025 16:01:44.585;1887
1;04-03-2025 16:01:58.207;04-03-2025 16:01:52.805;5402
1;04-03-2025 16:02:11.143;04-03-2025 16:02:10.702;441
1;04-03-2025 16:02:15.320;04-03-2025 16:02:12.140;3180
1;04-03-2025 16:02:23.348;04-03-2025 16:02:22.549;799
1;04-03-2025 16:02:37.911;04-03-2025 16:02:34.798;3113
1;04-03-2025 16:02:50.877;04-03-2025 16:02:46.176;4701
1;04-03-2025 16:03:00.576;04-03-2025 16:02:55.018;5558
1;04-03-2025 16:03:10.740;04-03-2025 16:03:07.475;3265
1;04-03-2025 16:03:22.823;04-03-2025 16:03:12.637;10186
1;04-03-2025 16:03:36.264;04-03-2025 16:03:27.427;8837
1;04-03-2025 16:03:45.447;04-03-2025 16:03:39.538;5909
1;04-03-2025 16:03:49.376;04-03-2025 16:03:49.296;80
1;04-03-2025 16:04:01.128;04-03-2025 16:03:56.689;4439
1;04-03-2025 16:04:11.217;04-03-2025 16:04:09.155;2062
1;04-03-2025 16:04:21.213;04-03-2025 16:04:12.919;8294
1;04-03-2025 16:04:32.818;04-03-2025 16:04:30.603;2215
1;04-03-2025 16:04:41.522;04-03-2025 16:04:36.183;5339
1;04-03-2025 16:04:51.892;04-03-2025 16:04:47.705;4187
1;04-03-2025 16:05:07.507;04-03-2025 16:05:04.953;2554
1;04-03-2025 16:05:13.110;04-03-2025 16:05:09.628;3482
1;04-03-2025 16:05:15.963;04-03-2025 16:05:13.683;2280
1;04-03-2025 16:05:24.523;04-03-2025 16:05:23.977;546
1;04-03-2025 16:05:36.534;04-03-2025 16:05:35.297;1237
1;04-03-2025 16:05:41.657;04-03-2025 16:05:37.729;3928
1;04-03-2025 16:06:01.554;04-03-2025 16:05:51.837;9717
1;04-03-2025 16:06:15.668;04-03-2025 16:06:08.530;7138
1;04-03-2025 16:06:20.659;04-03-2025 16:06:19.500;1159
1;04-03-2025 16:06:31.950;04-03-2025 16:06:25.133;6817
1;04-03-2025 16:06:36.841;04-03-2025 16:06:34.187;2654
1;04-03-2025 16:06:51.085;04-03-2025 16:06:41.432;9653
1;04-03-2025 16:06:54.643;04-03-2025 16:06:53.336;1307
1;04-03-2025 16:07:05.960;04-03-2025 16:07:04.714;1246
1;04-03-2025 16:07:19.657;04-03-2025 16:07:16.494;3163
1;04-03-2025 16:07:32.970;04-03-2025 16:07:22.472;10498
1;04-03-2025 16:07:35.386;04-03-2025 16:07:35.029;357
1;04-03-2025 16:07:42.171;04-03-2025 16:07:36.680;5491
1;04-03-2025 16:07:59.386;04-03-2025 16:07:51.138;8248
1;04-03-2025 16:08:10.966;04-03-2025 16:08:02.122;8844
1;04-03-2025 16:08:16.202;04-03-2025 16:08:12.246;3956
1;04-03-2025 16:08:34.291;04-03-2025 16:08:26.750;7541
1;04-03-2025 16:08:44.957;04-03-2025 16:08:34.308;10649
1;04-03-2025 16:08:56.568;04-03-2025 16:08:49.357;7211
1;04-03-2025 16:09:01.514;04-03-2025 16:08:58.312;3202
1;04-03-2025 16:09:08.827;04-03-2025 16:09:07.048;1779
1;04-03-2025 16:09:22.117;04-03-2025 16:09:10.585;11532
1;04-03-2025 16:09:27.513;04-03-2025 16:09:25.324;2189
1;04-03-2025 16:09:28.508;04-03-2025 16:09:28.446;62
1;04-03-2025 16:09:45.869;04-03-2025 16:09:44.396;1473
1;04-03-2025 16:10:01.700;04-03-2025 16:09:55.886;5814
1;04-03-2025 16:10:08.664;04-03-2025 16:10:04.251;4413
1;04-03-2025 16:10:16.831;04-03-2025 16:10:14.281;2550
1;04-03-2025 16:10:22.359;04-03-2025 16:10:18.692;3667
1;04-03-2025 16:10:36.658;04-03-2025 16:10:25.374;11284
1;04-03-2025 16:10:58.707;04-03-2025 16:10:53.232;5475
1;04-03-2025 16:11:01.172;04-03-2025 16:10:59.340;1832
1;04-03-2025 16:11:09.572;04-03-2025 16:11:03.817;5755
1;04-03-2025 16:11:16.543;04-03-2025 16:11:12.784;3759
1;04-03-2025 16:11:27.676;04-03-2025 16:11:17.034;10642
1;04-03-2025 16:11:38.544;04-03-2025 16:11:36.112;2432
1;04-03-2025 16:11:48.488;04-03-2025 16:11:46.791;1697
1;04-03-2025 16:11:56.346;04-03-2025 16:11:55.948;398
1;04-03-2025 16:12:13.376;04-03-2025 16:12:00.408;12968
1;04-03-2025 16:12:18.943;04-03-2025 16:12:16.825;2118
1;04-03-2025 16:12:36.232;04-03-2025 16:12:21.875;14357
1;04-03-2025 16:12:45.802;04-03-2025 16:12:41.879;3923
1;04-03-2025 16:12:48.278;04-03-2025 16:12:47.804;474
1;04-03-2025 16:12:53.941;04-03-2025 16:12:52.140;1801
1;04-03-2025 16:13:15.319;04-03-2025 16:13:05.229;10090
1;04-03-2025 16:13:22.724;04-03-2025 16:13:16.019;6705
1;04-03-2025 16:13:35.152;04-03-2025 16:13:31.870;3282
1;04-03-2025 16:13:42.899;04-03-2025 16:13:38.351;4548
1;04-03-2025 16:13:48.085;04-03-2025 16:13:45.590;2495
1;04-03-2025 16:13:55.112;04-03-2025 16:13:52.814;2298
1;04-03-2025 16:14:01.278;04-03-2025 16:14:01.094;184
1;04-03-2025 16:14:19.798;04-03-2025 16:14:14.179;5619
1;04-03-2025 16:14:35.021;04-03-2025 16:14:24.334;10687
1;04-03-2025 16:14:39.385;04-03-2025 16:14:37.541;1844
1;04-03-2025 16:14:44.625;04-03-2025 16:14:43.536;1089
1;04-03-2025 16:14:54.373;04-03-2025 16:14:53.147;1226
1;04-03-2025 16:15:20.694;04-03-2025 16:14:57.915;22779
1;04-03-2025 16:15:21.437;04-03-2025 16:15:20.809;628
1;04-03-2025 16:15:32.848;04-03-2025 16:15:29.060;3788
1;04-03-2025 16:15:44.701;04-03-2025 16:15:35.369;9332
1;04-03-2025 16:15:53.411;04-03-2025 16:15:52.447;964
1;04-03-2025 16:15:54.438;04-03-2025 16:15:53.847;591
1;04-03-2025 16:16:12.592;04-03-2025 16:16:10.076;2516
1;04-03-2025 16:16:22.129;04-03-2025 16:16:21.089;1040
1;04-03-2025 16:16:24.992;04-03-2025 16:16:24.743;249
1;04-03-2025 16:16:46.251;04-03-2025 16:16:37.947;8304
1;04-03-2025 16:16:50.965;04-03-2025 16:16:46.400;4565
1;04-03-2025 16:17:04.785;04-03-2025 16:17:01.355;3430
1;04-03-2025 16:17:11.812;04-03-2025 16:17:09.895;1917
1;04-03-2025 16:17:18.552;04-03-2025 16:17:16.511;2041
1;04-03-2025 16:17:29.955;04-03-2025 16:17:26.533;3422
1;04-03-2025 16:17:48.132;04-03-2025 16:17:39.673;8459
1;04-03-2025 16:17:55.732;04-03-2025 16:17:48.614;7118
1;04-03-2025 16:18:03.494;04-03-2025 16:18:03.274;220
1;04-03-2025 16:18:07.854;04-03-2025 16:18:03.529;4325
1;04-03-2025 16:18:20.801;04-03-2025 16:18:19.533;1268
1;04-03-2025 16:18:27.362;04-03-2025 16:18:25.139;2223
1;04-03-2025 16:18:29.408;04-03-2025 16:18:27.513;1895
1;04-03-2025 16:18:50.346;04-03-2025 16:18:48.898;1448
1;04-03-2025 16:19:03.893;04-03-2025 16:19:00.415;3478
1;04-03-2025 16:19:12.557;04-03-2025 16:19:11.599;958
1;04-03-2025 16:19:22.948;04-03-2025 16:19:19.159;3789
1;04-03-2025 16:19:30.572;04-03-2025 16:19:26.139;4433
1;04-03-2025 16:19:40.944;04-03-2025 16:19:34.159;6785
1;04-03-2025 16:19:58.982;04-03-2025 16:19:40.997;17985
1;04-03-2025 16:20:09.670;04-03-2025 16:19:59.346;10324
1;04-03-2025 16:20:16.423;04-03-2025 16:20:15.213;1210
1;04-03-2025 16:20:17.799;04-03-2025 16:20:16.883;916
1;04-03-2025 16:20:30.449;04-03-2025 16:20:30.374;75
1;04-03-2025 16:20:43.387;04-03-2025 16:20:40.244;3143
1;04-03-2025 16:21:01.036;04-03-2025 16:20:45.897;15139
1;04-03-2025 16:21:05.798;04-03-2025 16:21:03.522;2276
1;04-03-2025 16:21:07.979;04-03-2025 16:21:06.552;1427
1;04-03-2025 16:21:12.323;04-03-2025 16:21:11.846;477
1;04-03-2025 16:21:30.386;04-03-2025 16:21:14.500;15886
1;04-03-2025 16:21:37.993;04-03-2025 16:21:35.324;2669
1;04-03-2025 16:21:47.548;04-03-2025 16:21:42.067;5481
1;04-03-2025 16:21:54.594;04-03-2025 16:21:54.542;52
1;04-03-2025 16:22:25.226;04-03-2025 16:21:56.093;29133
1;04-03-2025 16:22:25.917;04-03-2025 16:22:25.847;70
1;04-03-2025 16:22:32.259;04-03-2025 16:22:31.501;758
1;04-03-2025 16:22:42.481;04-03-2025 16:22:35.908;6573
1;04-03-2025 16:22:46.077;04-03-2025 16:22:44.116;1961
1;04-03-2025 16:22:55.108;04-03-2025 16:22:49.615;5493
1;04-03-2025 16:23:06.055;04-03-2025 16:23:04.883;1172
1;04-03-2025 16:23:17.950;04-03-2025 16:23:16.617;1333
1;04-03-2025 16:23:29.602;04-03-2025 16:23:21.124;8478
1;04-03-2025 16:23:39.761;04-03-2025 16:23:39.222;539
1;04-03-2025 16:23:46.537;04-03-2025 16:23:42.298;4239
1;04-03-2025 16:24:00.728;04-03-2025 16:23:49.643;11085
1;04-03-2025 16:24:08.761;04-03-2025 16:24:03.879;4882
1;04-03-2025 16:24:16.290;04-03-2025 16:24:13.672;2618
1;04-03-2025 16:24:17.101;04-03-2025 16:24:16.690;411
1;04-03-2025 16:24:43.449;04-03-2025 16:24:31.378;12071
1;04-03-2025 16:24:49.509;04-03-2025 16:24:44.455;5054
1;04-03-2025 16:24:55.985;04-03-2025 16:24:53.992;1993
1;04-03-2025 16:25:08.186;04-03-2025 16:24:56.990;11196
1;04-03-2025 16:25:17.916;04-03-2025 16:25:17.351;565
1;04-03-2025 16:25:25.896;04-03-2025 16:25:19.836;6060
1;04-03-2025 16:25:40.214;04-03-2025 16:25:29.972;10242
1;04-03-2025 16:25:49.187;04-03-2025 16:25:44.788;4399
1;04-03-2025 16:25:58.910;04-03-2025 16:25:57.601;1309
1;04-03-2025 16:26:13.907;04-03-2025 16:26:11.214;2693
1;04-03-2025 16:26:20.111;04-03-2025 16:26:19.624;487
1;04-03-2025 16:26:32.388;04-03-2025 16:26:27.258;5130
1;04-03-2025 16:26:44.646;04-03-2025 16:26:33.198;11448
1;04-03-2025 16:26:53.260;04-03-2025 16:26:47.166;6094
1;04-03-2025 16:26:56.276;04-03-2025 16:26:55.139;1137
1;04-03-2025 16:27:13.044;04-03-2025 16:26:59.124;13920
1;04-03-2025 16:27:18.371;04-03-2025 16:27:15.389;2982
1;04-03-2025 16:27:22.493;04-03-2025 16:27:21.950;543
1;04-03-2025 16:27:32.579;04-03-2025 16:27:25.819;6760
1;04-03-2025 16:27:47.651;04-03-2025 16:27:37.735;9916
1;04-03-2025 16:28:00.744;04-03-2025 16:28:00.023;721
1;04-03-2025 16:28:13.335;04-03-2025 16:28:06.145;7190
1;04-03-2025 16:28:23.242;04-03-2025 16:28:16.549;6693
1;04-03-2025 16:28:35.284;04-03-2025 16:28:33.304;1980
1;04-03-2025 16:28:40.015;04-03-2025 16:28:38.685;1330
1;04-03-2025 16:28:42.017;04-03-2025 16:28:41.003;1014
1;04-03-2025 16:28:59.768;04-03-2025 16:28:56.734;3034
1;04-03-2025 16:29:09.592;04-03-2025 16:29:06.055;3537
1;04-03-2025 16:29:18.097;04-03-2025 16:29:13.159;4938
1;04-03-2025 16:29:26.396;04-03-2025 16:29:26.130;266
1;04-03-2025 16:29:34.528;04-03-2025 16:29:32.012;2516
1;04-03-2025 16:29:56.322;04-03-2025 16:29:49.982;6340
1;04-03-2025 16:30:01.350;04-03-2025 16:29:57.011;4339
1;04-03-2025 16:30:10.763;04-03-2025 16:30:07.486;3277
1;04-03-2025 16:30:18.330;04-03-2025 16:30:15.232;3098
1;04-03-2025 16:30:26.626;04-03-2025 16:30:22.666;3960
1;04-03-2025 16:30:40.838;04-03-2025 16:30:37.548;3290
1;04-03-2025 16:30:42.650;04-03-2025 16:30:41.557;1093
1;04-03-2025 16:31:00.962;04-03-2025 16:30:52.583;8379
1;04-03-2025 16:31:03.958;04-03-2025 16:31:02.959;999
1;04-03-2025 16:31:22.961;04-03-2025 16:31:20.346;2615
1;04-03-2025 16:31:34.156;04-03-2025 16:31:24.575;9581
1;04-03-2025 16:31:39.213;04-03-2025 16:31:34.253;4960
1;04-03-2025 16:31:43.691;04-03-2025 16:31:41.543;2148
1;04-03-2025 16:31:47.761;04-03-2025 16:31:47.012;749
1;04-03-2025 16:32:05.690;04-03-2025 16:31:53.663;12027
1;04-03-2025 16:32:15.984;04-03-2025 16:32:13.855;2129
1;04-03-2025 16:32:32.032;04-03-2025 16:32:18.243;13789
1;04-03-2025 16:32:36.520;04-03-2025 16:32:36.192;328
1;04-03-2025 16:32:41.613;04-03-2025 16:32:40.859;754
1;04-03-2025 16:33:01.087;04-03-2025 16:32:48.978;12109
1;04-03-2025 16:33:03.497;04-03-2025 16:33:01.798;1699
1;04-03-2025 16:33:22.898;04-03-2025 16:33:09.603;13295
1;04-03-2025 16:33:35.213;04-03-2025 16:33:30.209;5004
1;04-03-2025 16:33:42.154;04-03-2025 16:33:35.785;6369
1;04-03-2025 16:33:45.381;04-03-2025 16:33:44.682;699
1;04-03-2025 16:34:01.174;04-03-2025 16:33:52.456;8718
1;04-03-2025 16:34:06.711;04-03-2025 16:34:05.149;1562
1;04-03-2025 16:34:25.747;04-03-2025 16:34:13.571;12176
1;04-03-2025 16:34:40.053;04-03-2025 16:34:25.780;14273
1;04-03-2025 16:34:48.517;04-03-2025 16:34:43.756;4761
1;04-03-2025 16:34:55.261;04-03-2025 16:34:49.856;5405
1;04-03-2025 16:34:59.944;04-03-2025 16:34:55.906;4038
1;04-03-2025 16:35:11.292;04-03-2025 16:35:03.983;7309
1;04-03-2025 16:35:20.476;04-03-2025 16:35:20.062;414
1;04-03-2025 16:35:35.350;04-03-2025 16:35:25.785;9565
1;04-03-2025 16:35:38.318;04-03-2025 16:35:37.322;996
1;04-03-2025 16:35:43.539;04-03-2025 16:35:40.951;2588
1;04-03-2025 16:35:56.307;04-03-2025 16:35:52.570;3737
1;04-03-2025 16:36:06.147;04-03-2025 16:36:03.659;2488
1;04-03-2025 16:36:18.663;04-03-2025 16:36:17.725;938
1;04-03-2025 16:36:39.948;04-03-2025 16:36:25.429;14519
1;04-03-2025 16:36:43.755;04-03-2025 16:36:40.490;3265
1;04-03-2025 16:36:50.645;04-03-2025 16:36:47.420;3225
1;04-03-2025 16:37:00.196;04-03-2025 16:36:50.949;9247
1;04-03-2025 16:37:05.837;04-03-2025 16:37:00.741;5096
1;04-03-2025 16:37:12.672;04-03-2025 16:37:11.025;1647
1;04-03-2025 16:37:27.854;04-03-2025 16:37:14.890;12964
1;04-03-2025 16:37:43.575;04-03-2025 16:37:35.245;8330
1;04-03-2025 16:37:51.512;04-03-2025 16:37:44.647;6865
1;04-03-2025 16:38:00.365;04-03-2025 16:37:59.829;536
1;04-03-2025 16:38:04.487;04-03-2025 16:38:02.251;2236
1;04-03-2025 16:38:15.484;04-03-2025 16:38:11.149;4335
1;04-03-2025 16:38:26.024;04-03-2025 16:38:18.353;7671
1;04-03-2025 16:38:35.972;04-03-2025 16:38:28.246;7726
1;04-03-2025 16:38:44.621;04-03-2025 16:38:38.356;6265
1;04-03-2025 16:39:01.395;04-03-2025 16:38:58.313;3082
1;04-03-2025 16:39:15.391;04-03-2025 16:39:05.244;10147
1;04-03-2025 16:39:18.482;04-03-2025 16:39:16.141;2341
1;04-03-2025 16:39:34.669;04-03-2025 16:39:28.712;5957
1;04-03-2025 16:39:43.287;04-03-2025 16:39:40.763;2524
1;04-03-2025 16:39:54.315;04-03-2025 16:39:51.662;2653
1;04-03-2025 16:39:57.854;04-03-2025 16:39:54.709;3145
1;04-03-2025 16:40:03.756;04-03-2025 16:39:58.859;4897
1;04-03-2025 16:40:15.466;04-03-2025 16:40:13.248;2218
1;04-03-2025 16:40:25.089;04-03-2025 16:40:15.576;9513
1;04-03-2025 16:40:32.760;04-03-2025 16:40:25.533;7227
1;04-03-2025 16:40:53.614;04-03-2025 16:40:47.225;6389
1;04-03-2025 16:41:03.749;04-03-2025 16:40:54.719;9030
1;04-03-2025 16:41:13.602;04-03-2025 16:41:05.616;7986
1;04-03-2025 16:41:24.460;04-03-2025 16:41:17.286;7174
1;04-03-2025 16:41:36.794;04-03-2025 16:41:29.368;7426
1;04-03-2025 16:41:45.293;04-03-2025 16:41:42.383;2910
1;04-03-2025 16:41:51.123;04-03-2025 16:41:50.669;454
1;04-03-2025 16:42:07.096;04-03-2025 16:41:57.841;9255
1;04-03-2025 16:42:11.356;04-03-2025 16:42:09.488;1868
1;04-03-2025 16:42:21.423;04-03-2025 16:42:21.220;203
1;04-03-2025 16:42:34.125;04-03-2025 16:42:33.143;982
1;04-03-2025 16:42:48.987;04-03-2025 16:42:44.980;4007
1;04-03-2025 16:43:05.351;04-03-2025 16:42:50.277;15074
1;04-03-2025 16:43:09.770;04-03-2025 16:43:06.640;3130
1;04-03-2025 16:43:12.093;04-03-2025 16:43:10.732;1361
1;04-03-2025 16:43:16.986;04-03-2025 16:43:12.960;4026
1;04-03-2025 16:43:27.730;04-03-2025 16:43:22.060;5670
1;04-03-2025 16:43:30.046;04-03-2025 16:43:27.838;2208
1;04-03-2025 16:43:42.176;04-03-2025 16:43:32.202;9974
1;04-03-2025 16:44:08.956;04-03-2025 16:43:59.701;9255
1;04-03-2025 16:44:20.918;04-03-2025 16:44:09.346;11572
1;04-03-2025 16:44:27.379;04-03-2025 16:44:26.956;423
1;04-03-2025 16:44:31.094;04-03-2025 16:44:29.612;1482
1;04-03-2025 16:44:44.284;04-03-2025 16:44:34.274;10010
1;04-03-2025 16:44:51.857;04-03-2025 16:44:48.208;3649
1;04-03-2025 16:45:07.065;04-03-2025 16:45:06.012;1053
1;04-03-2025 16:45:11.944;04-03-2025 16:45:10.991;953
1;04-03-2025 16:45:17.512;04-03-2025 16:45:13.889;3623
1;04-03-2025 16:45:24.862;04-03-2025 16:45:17.877;6985
1;04-03-2025 16:45:34.930;04-03-2025 16:45:31.123;3807
1;04-03-2025 16:45:44.895;04-03-2025 16:45:38.972;5923
1;04-03-2025 16:45:58.114;04-03-2025 16:45:55.550;2564
1;04-03-2025 16:46:06.760;04-03-2025 16:46:03.686;3074
1;04-03-2025 16:46:24.291;04-03-2025 16:46:23.499;792
1;04-03-2025 16:46:30.480;04-03-2025 16:46:29.276;1204
1;04-03-2025 16:46:33.299;04-03-2025 16:46:30.758;2541
1;04-03-2025 16:46:47.167;04-03-2025 16:46:40.529;6638
1;04-03-2025 16:47:05.741;04-03-2025 16:46:53.144;12597
1;04-03-2025 16:47:11.569;04-03-2025 16:47:07.545;4024
1;04-03-2025 16:47:13.352;04-03-2025 16:47:11.980;1372
1;04-03-2025 16:47:23.437;04-03-2025 16:47:17.825;5612
1;04-03-2025 16:47:48.972;04-03-2025 16:47:46.042;2930
1;04-03-2025 16:47:54.948;04-03-2025 16:47:51.386;3562
1;04-03-2025 16:48:03.907;04-03-2025 16:48:02.666;1241
1;04-03-2025 16:48:13.832;04-03-2025 16:48:10.740;3092
1;04-03-2025 16:48:30.824;04-03-2025 16:48:17.229;13595
1;04-03-2025 16:48:35.602;04-03-2025 16:48:34.437;1165
1;04-03-2025 16:48:45.596;04-03-2025 16:48:41.194;4402
1;04-03-2025 16:48:54.713;04-03-2025 16:48:45.775;8938
1;04-03-2025 16:49:01.894;04-03-2025 16:48:58.206;3688
1;04-03-2025 16:49:06.989;04-03-2025 16:49:06.955;34
1;04-03-2025 16:49:16.272;04-03-2025 16:49:10.780;5492
1;04-03-2025 16:49:27.038;04-03-2025 16:49:22.304;4734
1;04-03-2025 16:49:34.403;04-03-2025 16:49:27.733;6670
1;04-03-2025 16:49:43.472;04-03-2025 16:49:36.693;6779
1;04-03-2025 16:50:03.490;04-03-2025 16:49:55.389;8101
1;04-03-2025 16:50:13.029;04-03-2025 16:50:06.150;6879
1;04-03-2025 16:50:26.918;04-03-2025 16:50:16.351;10567
1;04-03-2025 16:50:39.456;04-03-2025 16:50:33.681;5775
1;04-03-2025 16:50:40.081;04-03-2025 16:50:39.545;536
1;04-03-2025 16:50:55.800;04-03-2025 16:50:41.893;13907
1;04-03-2025 16:50:58.809;04-03-2025 16:50:57.641;1168
1;04-03-2025 16:51:03.164;04-03-2025 16:51:01.312;1852
1;04-03-2025 16:51:12.441;04-03-2025 16:51:10.750;1691
1;04-03-2025 16:51:22.327;04-03-2025 16:51:20.655;1672
1;04-03-2025 16:51:39.181;04-03-2025 16:51:36.201;2980
1;04-03-2025 16:51:49.901;04-03-2025 16:51:43.969;5932
1;04-03-2025 16:51:52.728;04-03-2025 16:51:51.927;801
1;04-03-2025 16:52:06.223;04-03-2025 16:51:57.886;8337
1;04-03-2025 16:52:08.775;04-03-2025 16:52:06.614;2161
1;04-03-2025 16:52:25.502;04-03-2025 16:52:21.418;4084
1;04-03-2025 16:52:44.554;04-03-2025 16:52:42.051;2503
1;04-03-2025 16:52:53.903;04-03-2025 16:52:50.301;3602
1;04-03-2025 16:53:15.785;04-03-2025 16:52:59.957;15828
1;04-03-2025 16:53:16.794;04-03-2025 16:53:15.797;997
1;04-03-2025 16:53:20.457;04-03-2025 16:53:18.955;1502
1;04-03-2025 16:53:28.229;04-03-2025 16:53:24.894;3335
1;04-03-2025 16:53:51.320;04-03-2025 16:53:42.384;8936
1;04-03-2025 16:53:59.057;04-03-2025 16:53:55.820;3237
1;04-03-2025 16:54:05.669;04-03-2025 16:53:59.824;5845
1;04-03-2025 16:54:16.986;04-03-2025 16:54:09.320;7666
1;04-03-2025 16:54:20.422;04-03-2025 16:54:19.271;1151
1;04-03-2025 16:54:27.870;04-03-2025 16:54:21.250;6620
1;04-03-2025 16:54:47.942;04-03-2025 16:54:28.309;19633
1;04-03-2025 16:54:55.028;04-03-2025 16:54:48.602;6426
1;04-03-2025 16:54:58.920;04-03-2025 16:54:58.031;889
1;04-03-2025 16:55:08.018;04-03-2025 16:54:59.187;8831
1;04-03-2025 16:55:28.208;04-03-2025 16:55:08.212;19996
1;04-03-2025 16:55:30.660;04-03-2025 16:55:29.758;902
1;04-03-2025 16:55:37.977;04-03-2025 16:55:36.412;1565
1;04-03-2025 16:55:53.931;04-03-2025 16:55:43.207;10724
1;04-03-2025 16:56:08.106;04-03-2025 16:55:54.293;13813
1;04-03-2025 16:56:22.662;04-03-2025 16:56:08.127;14535
1;04-03-2025 16:56:27.352;04-03-2025 16:56:25.295;2057
1;04-03-2025 16:56:29.341;04-03-2025 16:56:27.463;1878
1;04-03-2025 16:56:40.766;04-03-2025 16:56:32.600;8166
1;04-03-2025 16:56:47.905;04-03-2025 16:56:43.188;4717
1;04-03-2025 16:57:11.161;04-03-2025 16:56:50.995;20166
1;04-03-2025 16:57:17.618;04-03-2025 16:57:12.382;5236
1;04-03-2025 16:57:22.132;04-03-2025 16:57:20.635;1497
1;04-03-2025 16:57:24.483;04-03-2025 16:57:24.262;221
1;04-03-2025 16:57:37.859;04-03-2025 16:57:31.109;6750
1;04-03-2025 16:57:49.457;04-03-2025 16:57:45.445;4012
1;04-03-2025 16:58:05.972;04-03-2025 16:57:52.539;13433
1;04-03-2025 16:58:16.104;04-03-2025 16:58:13.868;2236
1;04-03-2025 16:58:26.001;04-03-2025 16:58:17.008;8993
1;04-03-2025 16:58:36.241;04-03-2025 16:58:31.320;4921
1;04-03-2025 16:58:40.231;04-03-2025 16:58:40.014;217
1;04-03-2025 16:58:46.179;04-03-2025 16:58:41.050;5129
1;04-03-2025 16:58:49.476;04-03-2025 16:58:47.126;2350
1;04-03-2025 16:59:20.699;04-03-2025 16:59:19.565;1134
1;04-03-2025 16:59:25.075;04-03-2025 16:59:21.173;3902
1;04-03-2025 16:59:31.278;04-03-2025 16:59:26.258;5020
1;04-03-2025 16:59:35.456;04-03-2025 16:59:33.425;2031
1;04-03-2025 16:59:50.751;04-03-2025 16:59:45.346;5405
1;04-03-2025 17:00:01.288;04-03-2025 16:59:55.174;6114
1;04-03-2025 17:00:17.257;04-03-2025 17:00:13.191;4066
1;04-03-2025 17:00:26.475;04-03-2025 17:00:25.413;1062
1;04-03-2025 17:00:28.626;04-03-2025 17:00:27.410;1216
1;04-03-2025 17:00:44.614;04-03-2025 17:00:34.036;10578
1;04-03-2025 17:00:50.917;04-03-2025 17:00:45.437;5480
1;04-03-2025 17:01:03.198;04-03-2025 17:00:53.592;9606
1;04-03-2025 17:01:15.479;04-03-2025 17:01:07.928;7551
1;04-03-2025 17:01:22.858;04-03-2025 17:01:17.753;5105
1;04-03-2025 17:01:37.151;04-03-2025 17:01:25.663;11488
1;04-03-2025 17:01:39.613;04-03-2025 17:01:38.447;1166
1;04-03-2025 17:01:41.831;04-03-2025 17:01:40.293;1538
1;04-03-2025 17:02:05.213;04-03-2025 17:01:49.398;15815
1;04-03-2025 17:02:08.277;04-03-2025 17:02:07.464;813
1;04-03-2025 17:02:24.974;04-03-2025 17:02:09.686;15288
1;04-03-2025 17:02:37.854;04-03-2025 17:02:26.701;11153
1;04-03-2025 17:02:42.964;04-03-2025 17:02:40.811;2153
1;04-03-2025 17:02:50.328;04-03-2025 17:02:49.544;784
1;04-03-2025 17:02:59.700;04-03-2025 17:02:56.501;3199
1;04-03-2025 17:03:16.537;04-03-2025 17:03:11.999;4538
1;04-03-2025 17:03:23.428;04-03-2025 17:03:22.286;1142
1;04-03-2025 17:03:32.503;04-03-2025 17:03:32.033;470
1;04-03-2025 17:03:37.572;04-03-2025 17:03:35.948;1624
1;04-03-2025 17:03:44.739;04-03-2025 17:03:41.666;3073
1;04-03-2025 17:03:57.774;04-03-2025 17:03:57.277;497
1;04-03-2025 17:04:09.237;04-03-2025 17:04:06.378;2859
1;04-03-2025 17:04:21.438;04-03-2025 17:04:12.233;9205
1;04-03-2025 17:04:35.260;04-03-2025 17:04:29.514;5746
1;04-03-2025 17:04:43.617;04-03-2025 17:04:41.586;2031
1;04-03-2025 17:04:54.842;04-03-2025 17:04:50.897;3945
1;04-03-2025 17:05:05.983;04-03-2025 17:05:05.901;82
1;04-03-2025 17:05:14.366;04-03-2025 17:05:09.869;4497
1;04-03-2025 17:05:18.692;04-03-2025 17:05:16.078;2614
1;04-03-2025 17:05:39.243;04-03-2025 17:05:19.703;19540
1;04-03-2025 17:05:43.419;04-03-2025 17:05:40.324;3095
1;04-03-2025 17:05:51.371;04-03-2025 17:05:44.200;7171
1;04-03-2025 17:05:59.850;04-03-2025 17:05:53.193;6657
1;04-03-2025 17:06:04.832;04-03-2025 17:06:00.937;3895
1;04-03-2025 17:06:17.690;04-03-2025 17:06:13.831;3859
1;04-03-2025 17:06:31.768;04-03-2025 17:06:24.725;7043
1;04-03-2025 17:06:39.858;04-03-2025 17:06:33.330;6528
1;04-03-2025 17:06:52.946;04-03-2025 17:06:40.945;12001
1;04-03-2025 17:07:02.919;04-03-2025 17:06:59.832;3087
1;04-03-2025 17:07:14.855;04-03-2025 17:07:11.064;3791
1;04-03-2025 17:07:24.886;04-03-2025 17:07:19.119;5767
1;04-03-2025 17:07:34.899;04-03-2025 17:07:31.233;3666
1;04-03-2025 17:07:40.784;04-03-2025 17:07:35.980;4804
1;04-03-2025 17:07:50.299;04-03-2025 17:07:44.452;5847
1;04-03-2025 17:07:58.955;04-03-2025 17:07:58.876;79
1;04-03-2025 17:08:05.931;04-03-2025 17:08:03.974;1957
1;04-03-2025 17:08:14.553;04-03-2025 17:08:08.057;6496
1;04-03-2025 17:08:25.311;04-03-2025 17:08:22.659;2652
1;04-03-2025 17:08:39.439;04-03-2025 17:08:33.189;6250
1;04-03-2025 17:08:51.870;04-03-2025 17:08:40.766;11104
1;04-03-2025 17:09:05.677;04-03-2025 17:08:57.088;8589
1;04-03-2025 17:09:20.740;04-03-2025 17:09:10.825;9915
1;04-03-2025 17:09:22.392;04-03-2025 17:09:21.624;768
1;04-03-2025 17:09:27.091;04-03-2025 17:09:26.966;125
1;04-03-2025 17:09:42.649;04-03-2025 17:09:27.546;15103
1;04-03-2025 17:09:47.684;04-03-2025 17:09:45.697;1987
1;04-03-2025 17:10:02.269;04-03-2025 17:09:59.356;2913
1;04-03-2025 17:10:09.178;04-03-2025 17:10:05.685;3493
1;04-03-2025 17:10:18.838;04-03-2025 17:10:17.504;1334
1;04-03-2025 17:10:23.472;04-03-2025 17:10:20.409;3063
1;04-03-2025 17:10:34.953;04-03-2025 17:10:33.645;1308
1;04-03-2025 17:10:54.652;04-03-2025 17:10:47.772;6880
1;04-03-2025 17:11:06.552;04-03-2025 17:11:01.784;4768
1;04-03-2025 17:11:12.002;04-03-2025 17:11:09.868;2134
1;04-03-2025 17:11:27.512;04-03-2025 17:11:18.530;8982
1;04-03-2025 17:11:28.122;04-03-2025 17:11:27.935;187
1;04-03-2025 17:11:40.413;04-03-2025 17:11:32.265;8148
1;04-03-2025 17:11:52.575;04-03-2025 17:11:40.805;11770
1;04-03-2025 17:11:57.216;04-03-2025 17:11:55.285;1931
1;04-03-2025 17:12:09.448;04-03-2025 17:11:57.349;12099
1;04-03-2025 17:12:18.487;04-03-2025 17:12:17.870;617
1;04-03-2025 17:12:39.897;04-03-2025 17:12:32.849;7048
1;04-03-2025 17:12:48.615;04-03-2025 17:12:41.534;7081
1;04-03-2025 17:12:55.865;04-03-2025 17:12:48.721;7144
1;04-03-2025 17:12:59.673;04-03-2025 17:12:56.136;3537
1;04-03-2025 17:13:16.980;04-03-2025 17:13:05.578;11402
1;04-03-2025 17:13:28.614;04-03-2025 17:13:23.571;5043
1;04-03-2025 17:13:40.396;04-03-2025 17:13:31.837;8559
1;04-03-2025 17:13:46.568;04-03-2025 17:13:44.165;2403
1;04-03-2025 17:13:55.727;04-03-2025 17:13:54.819;908
1;04-03-2025 17:13:59.306;04-03-2025 17:13:58.109;1197
1;04-03-2025 17:14:13.282;04-03-2025 17:13:59.917;13365
1;04-03-2025 17:14:28.819;04-03-2025 17:14:23.415;5404
1;04-03-2025 17:14:35.063;04-03-2025 17:14:32.876;2187
1;04-03-2025 17:14:41.019;04-03-2025 17:14:35.660;5359
1;04-03-2025 17:14:55.104;04-03-2025 17:14:41.974;13130
1;04-03-2025 17:14:57.380;04-03-2025 17:14:56.102;1278
1;04-03-2025 17:15:10.367;04-03-2025 17:15:07.431;2936
1;04-03-2025 17:15:19.127;04-03-2025 17:15:16.481;2646
1;04-03-2025 17:15:25.856;04-03-2025 17:15:20.472;5384
1;04-03-2025 17:15:36.811;04-03-2025 17:15:33.169;3642
1;04-03-2025 17:15:49.979;04-03-2025 17:15:49.470;509
1;04-03-2025 17:16:00.490;04-03-2025 17:15:52.224;8266
1;04-03-2025 17:16:13.083;04-03-2025 17:16:04.583;8500
1;04-03-2025 17:16:27.167;04-03-2025 17:16:13.933;13234
1;04-03-2025 17:16:28.374;04-03-2025 17:16:27.591;783
1;04-03-2025 17:16:38.920;04-03-2025 17:16:28.889;10031
1;04-03-2025 17:16:57.353;04-03-2025 17:16:51.299;6054
1;04-03-2025 17:17:11.041;04-03-2025 17:17:03.282;7759
1;04-03-2025 17:17:16.322;04-03-2025 17:17:12.318;4004
1;04-03-2025 17:17:21.228;04-03-2025 17:17:19.576;1652
1;04-03-2025 17:17:32.824;04-03-2025 17:17:32.632;192
1;04-03-2025 17:17:38.571;04-03-2025 17:17:33.523;5048
1;04-03-2025 17:17:53.956;04-03-2025 17:17:52.853;1103
1;04-03-2025 17:18:04.027;04-03-2025 17:18:01.257;2770
1;04-03-2025 17:18:14.550;04-03-2025 17:18:11.818;2732
1;04-03-2025 17:18:21.581;04-03-2025 17:18:20.152;1429
1;04-03-2025 17:18:40.462;04-03-2025 17:18:26.052;14410
1;04-03-2025 17:18:53.162;04-03-2025 17:18:41.702;11460
1;04-03-2025 17:18:57.694;04-03-2025 17:18:57.530;164
1;04-03-2025 17:19:04.926;04-03-2025 17:19:00.158;4768
1;04-03-2025 17:19:16.630;04-03-2025 17:19:11.980;4650
1;04-03-2025 17:19:24.116;04-03-2025 17:19:22.397;1719
1;04-03-2025 17:19:37.486;04-03-2025 17:19:31.982;5504
1;04-03-2025 17:19:45.873;04-03-2025 17:19:42.724;3149
1;04-03-2025 17:19:50.771;04-03-2025 17:19:48.943;1828
1;04-03-2025 17:19:56.799;04-03-2025 17:19:55.090;1709
1;04-03-2025 17:20:19.295;04-03-2025 17:20:14.275;5020
1;04-03-2025 17:20:22.779;04-03-2025 17:20:19.367;3412
1;04-03-2025 17:20:32.014;04-03-2025 17:20:28.053;3961
1;04-03-2025 17:20:48.159;04-03-2025 17:20:41.729;6430
1;04-03-2025 17:20:51.881;04-03-2025 17:20:49.438;2443
1;04-03-2025 17:20:54.303;04-03-2025 17:20:53.288;1015
1;04-03-2025 17:21:01.728;04-03-2025 17:21:00.914;814
1;04-03-2025 17:21:17.057;04-03-2025 17:21:08.293;8764
1;04-03-2025 17:21:21.919;04-03-2025 17:21:20.686;1233
1;04-03-2025 17:21:37.094;04-03-2025 17:21:34.851;2243
1;04-03-2025 17:21:45.426;04-03-2025 17:21:44.112;1314
1;04-03-2025 17:21:49.559;04-03-2025 17:21:48.544;1015
1;04-03-2025 17:22:13.106;04-03-2025 17:22:05.926;7180
1;04-03-2025 17:22:18.804;04-03-2025 17:22:15.497;3307
1;04-03-2025 17:22:30.009;04-03-2025 17:22:21.179;8830
1;04-03-2025 17:22:40.410;04-03-2025 17:22:30.292;10118
1;04-03-2025 17:22:52.141;04-03-2025 17:22:49.284;2857
1;04-03-2025 17:23:06.940;04-03-2025 17:23:04.091;2849
1;04-03-2025 17:23:18.796;04-03-2025 17:23:08.345;10451
1;04-03-2025 17:23:24.731;04-03-2025 17:23:20.536;4195
1;04-03-2025 17:23:37.318;04-03-2025 17:23:28.643;8675
1;04-03-2025 17:23:45.471;04-03-2025 17:23:41.215;4256
1;04-03-2025 17:23:49.779;04-03-2025 17:23:45.891;3888
1;04-03-2025 17:23:54.811;04-03-2025 17:23:54.435;376
1;04-03-2025 17:24:11.128;04-03-2025 17:23:59.218;11910
1;04-03-2025 17:24:16.016;04-03-2025 17:24:14.731;1285
1;04-03-2025 17:24:29.702;04-03-2025 17:24:28.097;1605
1;04-03-2025 17:24:33.227;04-03-2025 17:24:32.005;1222
1;04-03-2025 17:24:56.192;04-03-2025 17:24:55.865;327
1;04-03-2025 17:25:00.834;04-03-2025 17:24:58.275;2559
1;04-03-2025 17:25:20.261;04-03-2025 17:25:06.430;13831
1;04-03-2025 17:25:28.597;04-03-2025 17:25:22.207;6390
1;04-03-2025 17:25:32.849;04-03-2025 17:25:29.967;2882
1;04-03-2025 17:25:47.902;04-03-2025 17:25:35.196;12706
1;04-03-2025 17:25:54.717;04-03-2025 17:25:52.100;2617
1;04-03-2025 17:25:56.586;04-03-2025 17:25:56.023;563
1;04-03-2025 17:26:06.778;04-03-2025 17:25:57.486;9292
1;04-03-2025 17:26:15.470;04-03-2025 17:26:13.964;1506
1;04-03-2025 17:26:25.862;04-03-2025 17:26:18.624;7238
1;04-03-2025 17:26:44.338;04-03-2025 17:26:39.293;5045
1;04-03-2025 17:26:48.986;04-03-2025 17:26:46.321;2665
1;04-03-2025 17:26:53.484;04-03-2025 17:26:49.125;4359
1;04-03-2025 17:27:07.494;04-03-2025 17:26:59.270;8224
1;04-03-2025 17:27:15.621;04-03-2025 17:27:10.140;5481
1;04-03-2025 17:27:23.024;04-03-2025 17:27:16.564;6460
1;04-03-2025 17:27:36.351;04-03-2025 17:27:31.149;5202
1;04-03-2025 17:27:50.521;04-03-2025 17:27:48.391;2130
1;04-03-2025 17:27:55.623;04-03-2025 17:27:54.302;1321
1;04-03-2025 17:28:10.622;04-03-2025 17:28:01.909;8713
1;04-03-2025 17:28:15.564;04-03-2025 17:28:11.241;4323
1;04-03-2025 17:28:37.641;04-03-2025 17:28:16.804;20837
1;04-03-2025 17:28:44.021;04-03-2025 17:28:38.811;5210
1;04-03-2025 17:28:52.023;04-03-2025 17:28:49.476;2547
1;04-03-2025 17:29:02.805;04-03-2025 17:28:54.262;8543
1;04-03-2025 17:29:09.602;04-03-2025 17:29:03.397;6205
1;04-03-2025 17:29:22.941;04-03-2025 17:29:13.628;9313
1;04-03-2025 17:29:26.764;04-03-2025 17:29:26.609;155
1;04-03-2025 17:29:45.616;04-03-2025 17:29:44.824;792
1;04-03-2025 17:29:48.608;04-03-2025 17:29:48.589;19
1;04-03-2025 17:29:58.859;04-03-2025 17:29:51.863;6996
1;04-03-2025 17:30:05.050;04-03-2025 17:30:00.303;4747
1;04-03-2025 17:30:21.169;04-03-2025 17:30:20.142;1027
1;04-03-2025 17:30:38.736;04-03-2025 17:30:31.848;6888
1;04-03-2025 17:30:39.634;04-03-2025 17:30:39.174;460
1;04-03-2025 17:30:56.950;04-03-2025 17:30:47.920;9030
1;04-03-2025 17:31:09.865;04-03-2025 17:31:00.378;9487
1;04-03-2025 17:31:18.558;04-03-2025 17:31:11.422;7136
1;04-03-2025 17:31:19.864;04-03-2025 17:31:19.054;810
1;04-03-2025 17:31:26.414;04-03-2025 17:31:22.722;3692
1;04-03-2025 17:31:35.475;04-03-2025 17:31:32.650;2825
1;04-03-2025 17:31:35.798;04-03-2025 17:31:35.521;277
1;04-03-2025 17:32:07.849;04-03-2025 17:32:00.077;7772
1;04-03-2025 17:32:16.387;04-03-2025 17:32:16.004;383
1;04-03-2025 17:32:24.080;04-03-2025 17:32:20.161;3919
1;04-03-2025 17:32:30.515;04-03-2025 17:32:26.560;3955
1;04-03-2025 17:32:43.072;04-03-2025 17:32:34.575;8497
1;04-03-2025 17:32:52.717;04-03-2025 17:32:50.109;2608
1;04-03-2025 17:32:57.548;04-03-2025 17:32:53.836;3712
1;04-03-2025 17:33:12.116;04-03-2025 17:33:06.565;5551
1;04-03-2025 17:33:20.895;04-03-2025 17:33:12.134;8761
1;04-03-2025 17:33:29.240;04-03-2025 17:33:23.649;5591
1;04-03-2025 17:33:39.509;04-03-2025 17:33:36.134;3375
1;04-03-2025 17:33:56.950;04-03-2025 17:33:44.900;12050
1;04-03-2025 17:33:58.868;04-03-2025 17:33:58.695;173
1;04-03-2025 17:34:15.445;04-03-2025 17:34:11.352;4093
1;04-03-2025 17:34:23.877;04-03-2025 17:34:20.314;3563
1;04-03-2025 17:34:33.087;04-03-2025 17:34:25.848;7239
1;04-03-2025 17:34:42.548;04-03-2025 17:34:37.047;5501
1;04-03-2025 17:34:48.787;04-03-2025 17:34:45.174;3613
1;04-03-2025 17:34:56.311;04-03-2025 17:34:50.606;5705
1;04-03-2025 17:35:11.522;04-03-2025 17:35:01.399;10123
1;04-03-2025 17:35:23.499;04-03-2025 17:35:16.633;6866
1;04-03-2025 17:35:29.575;04-03-2025 17:35:27.512;2063
1;04-03-2025 17:35:46.162;04-03-2025 17:35:30.484;15678
1;04-03-2025 17:35:50.288;04-03-2025 17:35:48.571;1717
1;04-03-2025 17:36:05.644;04-03-2025 17:35:54.488;11156
1;04-03-2025 17:36:10.885;04-03-2025 17:36:10.103;782
1;04-03-2025 17:36:16.913;04-03-2025 17:36:15.834;1079
1;04-03-2025 17:36:29.664;04-03-2025 17:36:24.286;5378
1;04-03-2025 17:36:51.227;04-03-2025 17:36:42.445;8782
1;04-03-2025 17:36:58.473;04-03-2025 17:36:56.801;1672
1;04-03-2025 17:37:02.220;04-03-2025 17:36:58.813;3407
1;04-03-2025 17:37:13.600;04-03-2025 17:37:08.746;4854
1;04-03-2025 17:37:22.960;04-03-2025 17:37:18.329;4631
1;04-03-2025 17:37:33.139;04-03-2025 17:37:26.857;6282
1;04-03-2025 17:37:36.025;04-03-2025 17:37:35.079;946
1;04-03-2025 17:37:44.549;04-03-2025 17:37:42.893;1656
1;04-03-2025 17:37:52.187;04-03-2025 17:37:48.628;3559
1;04-03-2025 17:38:11.365;04-03-2025 17:37:54.749;16616
1;04-03-2025 17:38:14.823;04-03-2025 17:38:14.735;88
1;04-03-2025 17:38:28.359;04-03-2025 17:38:25.683;2676
1;04-03-2025 17:38:33.795;04-03-2025 17:38:31.123;2672
1;04-03-2025 17:38:47.371;04-03-2025 17:38:33.969;13402
1;04-03-2025 17:38:59.488;04-03-2025 17:38:53.476;6012
1;04-03-2025 17:39:05.368;04-03-2025 17:39:04.070;1298
1;04-03-2025 17:39:23.499;04-03-2025 17:39:18.837;4662
1;04-03-2025 17:39:40.337;04-03-2025 17:39:26.595;13742
1;04-03-2025 17:39:43.716;04-03-2025 17:39:42.809;907
1;04-03-2025 17:39:46.109;04-03-2025 17:39:44.147;1962
1;04-03-2025 17:39:55.102;04-03-2025 17:39:48.137;6965
1;04-03-2025 17:40:15.111;04-03-2025 17:40:01.993;13118
1;04-03-2025 17:40:21.721;04-03-2025 17:40:20.670;1051
1;04-03-2025 17:40:26.844;04-03-2025 17:40:23.593;3251
1;04-03-2025 17:40:44.624;04-03-2025 17:40:30.786;13838
1;04-03-2025 17:40:52.040;04-03-2025 17:40:44.673;7367
1;04-03-2025 17:41:01.793;04-03-2025 17:40:55.677;6116
1;04-03-2025 17:41:03.177;04-03-2025 17:41:02.679;498
1;04-03-2025 17:41:21.976;04-03-2025 17:41:14.997;6979
1;04-03-2025 17:41:28.190;04-03-2025 17:41:22.650;5540
1;04-03-2025 17:41:45.638;04-03-2025 17:41:28.492;17146
1;04-03-2025 17:41:50.098;04-03-2025 17:41:46.169;3929
1;04-03-2025 17:41:55.914;04-03-2025 17:41:55.793;121
1;04-03-2025 17:42:08.336;04-03-2025 17:42:06.972;1364
1;04-03-2025 17:42:16.853;04-03-2025 17:42:16.808;45
1;04-03-2025 17:42:40.152;04-03-2025 17:42:35.196;4956
1;04-03-2025 17:42:44.705;04-03-2025 17:42:43.149;1556
1;04-03-2025 17:42:48.404;04-03-2025 17:42:44.866;3538
1;04-03-2025 17:43:07.158;04-03-2025 17:43:02.109;5049
1;04-03-2025 17:43:13.689;04-03-2025 17:43:10.860;2829
1;04-03-2025 17:43:23.583;04-03-2025 17:43:18.832;4751
1;04-03-2025 17:43:28.783;04-03-2025 17:43:26.173;2610
1;04-03-2025 17:43:40.293;04-03-2025 17:43:38.334;1959
1;04-03-2025 17:43:56.529;04-03-2025 17:43:43.956;12573
1;04-03-2025 17:44:03.261;04-03-2025 17:43:58.893;4368
1;04-03-2025 17:44:11.192;04-03-2025 17:44:07.960;3232
1;04-03-2025 17:44:16.658;04-03-2025 17:44:13.862;2796
1;04-03-2025 17:44:31.893;04-03-2025 17:44:28.052;3841
1;04-03-2025 17:44:35.814;04-03-2025 17:44:35.315;499
1;04-03-2025 17:44:49.171;04-03-2025 17:44:37.649;11522
1;04-03-2025 17:45:03.767;04-03-2025 17:44:54.762;9005
1;04-03-2025 17:45:10.798;04-03-2025 17:45:09.724;1074
1;04-03-2025 17:45:25.088;04-03-2025 17:45:19.484;5604
1;04-03-2025 17:45:31.764;04-03-2025 17:45:26.576;5188
1;04-03-2025 17:45:36.014;04-03-2025 17:45:35.371;643
1;04-03-2025 17:45:37.517;04-03-2025 17:45:36.949;568
1;04-03-2025 17:46:03.984;04-03-2025 17:45:50.829;13155
1;04-03-2025 17:46:18.375;04-03-2025 17:46:10.168;8207
1;04-03-2025 17:46:30.112;04-03-2025 17:46:20.226;9886
1;04-03-2025 17:46:33.611;04-03-2025 17:46:32.995;616
1;04-03-2025 17:46:35.769;04-03-2025 17:46:35.726;43
1;04-03-2025 17:46:44.865;04-03-2025 17:46:40.165;4700
1;04-03-2025 17:47:00.771;04-03-2025 17:46:53.653;7118
1;04-03-2025 17:47:09.151;04-03-2025 17:47:06.945;2206
1;04-03-2025 17:47:11.768;04-03-2025 17:47:10.426;1342
1;04-03-2025 17:47:26.037;04-03-2025 17:47:14.283;11754
1;04-03-2025 17:47:35.774;04-03-2025 17:47:28.597;7177
1;04-03-2025 17:47:51.149;04-03-2025 17:47:41.117;10032
1;04-03-2025 17:48:03.083;04-03-2025 17:47:51.834;11249
1;04-03-2025 17:48:13.097;04-03-2025 17:48:12.709;388
1;04-03-2025 17:48:15.819;04-03-2025 17:48:15.683;136
1;04-03-2025 17:48:23.831;04-03-2025 17:48:21.224;2607
1;04-03-2025 17:48:41.272;04-03-2025 17:48:40.116;1156
1;04-03-2025 17:48:47.451;04-03-2025 17:48:43.367;4084
1;04-03-2025 17:48:49.602;04-03-2025 17:48:48.242;1360
1;04-03-2025 17:49:11.123;04-03-2025 17:49:07.740;3383
1;04-03-2025 17:49:15.027;04-03-2025 17:49:12.720;2307
1;04-03-2025 17:49:32.078;04-03-2025 17:49:25.905;6173
1;04-03-2025 17:49:39.399;04-03-2025 17:49:36.980;2419
1;04-03-2025 17:49:54.874;04-03-2025 17:49:50.545;4329
1;04-03-2025 17:49:55.526;04-03-2025 17:49:55.348;178
1;04-03-2025 17:49:58.859;04-03-2025 17:49:56.706;2153
1;04-03-2025 17:50:15.449;04-03-2025 17:50:12.207;3242
1;04-03-2025 17:50:33.319;04-03-2025 17:50:31.289;2030
1;04-03-2025 17:50:41.971;04-03-2025 17:50:36.512;5459
1;04-03-2025 17:50:49.637;04-03-2025 17:50:48.560;1077
1;04-03-2025 17:51:04.135;04-03-2025 17:50:52.574;11561
1;04-03-2025 17:51:19.217;04-03-2025 17:51:06.445;12772
1;04-03-2025 17:51:27.632;04-03-2025 17:51:26.648;984
1;04-03-2025 17:51:34.770;04-03-2025 17:51:29.606;5164
1;04-03-2025 17:51:42.172;04-03-2025 17:51:35.130;7042
1;04-03-2025 17:51:48.697;04-03-2025 17:51:44.452;4245
1;04-03-2025 17:52:08.096;04-03-2025 17:52:05.539;2557
1;04-03-2025 17:52:13.517;04-03-2025 17:52:09.434;4083
1;04-03-2025 17:52:17.233;04-03-2025 17:52:13.933;3300
1;04-03-2025 17:52:27.132;04-03-2025 17:52:22.700;4432
1;04-03-2025 17:52:29.686;04-03-2025 17:52:27.547;2139
1;04-03-2025 17:52:36.583;04-03-2025 17:52:35.519;1064
1;04-03-2025 17:52:55.102;04-03-2025 17:52:40.564;14538
1;04-03-2025 17:53:12.401;04-03-2025 17:53:10.593;1808
1;04-03-2025 17:53:17.547;04-03-2025 17:53:16.658;889
1;04-03-2025 17:53:36.926;04-03-2025 17:53:33.372;3554
1;04-03-2025 17:53:39.049;04-03-2025 17:53:38.601;448
1;04-03-2025 17:53:49.921;04-03-2025 17:53:47.507;2414
1;04-03-2025 17:53:54.554;04-03-2025 17:53:52.882;1672
1;04-03-2025 17:54:08.504;04-03-2025 17:53:55.970;12534
1;04-03-2025 17:54:10.932;04-03-2025 17:54:10.151;781
1;04-03-2025 17:54:27.808;04-03-2025 17:54:21.015;6793
1;04-03-2025 17:54:37.079;04-03-2025 17:54:35.634;1445
1;04-03-2025 17:54:50.196;04-03-2025 17:54:45.640;4556
1;04-03-2025 17:55:03.003;04-03-2025 17:55:01.068;1935
1;04-03-2025 17:55:12.662;04-03-2025 17:55:03.889;8773
1;04-03-2025 17:55:14.252;04-03-2025 17:55:13.841;411
1;04-03-2025 17:55:26.626;04-03-2025 17:55:15.896;10730
1;04-03-2025 17:55:49.142;04-03-2025 17:55:44.470;4672
1;04-03-2025 17:55:57.415;04-03-2025 17:55:50.892;6523
1;04-03-2025 17:56:05.823;04-03-2025 17:55:59.762;6061
1;04-03-2025 17:56:10.794;04-03-2025 17:56:10.598;196
1;04-03-2025 17:56:17.908;04-03-2025 17:56:16.511;1397
1;04-03-2025 17:56:23.282;04-03-2025 17:56:21.699;1583
1;04-03-2025 17:56:33.821;04-03-2025 17:56:24.068;9753
1;04-03-2025 17:56:51.596;04-03-2025 17:56:44.252;7344
1;04-03-2025 17:56:56.614;04-03-2025 17:56:55.382;1232
1;04-03-2025 17:57:02.947;04-03-2025 17:57:01.244;1703
1;04-03-2025 17:57:07.947;04-03-2025 17:57:02.962;4985
1;04-03-2025 17:57:26.525;04-03-2025 17:57:19.716;6809
1;04-03-2025 17:57:43.691;04-03-2025 17:57:35.624;8067
1;04-03-2025 17:57:49.761;04-03-2025 17:57:45.926;3835
1;04-03-2025 17:57:57.433;04-03-2025 17:57:56.103;1330
1;04-03-2025 17:58:16.291;04-03-2025 17:58:02.495;13796
1;04-03-2025 17:58:23.894;04-03-2025 17:58:20.143;3751
1;04-03-2025 17:58:27.514;04-03-2025 17:58:24.355;3159
1;04-03-2025 17:58:47.638;04-03-2025 17:58:36.019;11619
1;04-03-2025 17:58:51.051;04-03-2025 17:58:48.373;2678
1;04-03-2025 17:59:01.222;04-03-2025 17:58:57.149;4073
1;04-03-2025 17:59:08.468;04-03-2025 17:59:04.252;4216
1;04-03-2025 17:59:20.210;04-03-2025 17:59:17.702;2508
1;04-03-2025 17:59:28.208;04-03-2025 17:59:20.592;7616
1;04-03-2025 17:59:44.891;04-03-2025 17:59:28.468;16423
1;04-03-2025 17:59:55.695;04-03-2025 17:59:54.266;1429
1;04-03-2025 18:00:04.873;04-03-2025 17:59:56.326;8547
1;04-03-2025 18:00:12.236;04-03-2025 18:00:05.793;6443
1;04-03-2025 18:00:28.671;04-03-2025 18:00:13.553;15118
1;04-03-2025 18:00:31.011;04-03-2025 18:00:29.647;1364
1;04-03-2025 18:00:41.318;04-03-2025 18:00:38.314;3004
1;04-03-2025 18:00:45.532;04-03-2025 18:00:41.798;3734
1;04-03-2025 18:00:51.051;04-03-2025 18:00:47.498;3553
1;04-03-2025 18:01:05.232;04-03-2025 18:00:52.701;12531
1;04-03-2025 18:01:13.982;04-03-2025 18:01:13.527;455
1;04-03-2025 18:01:40.136;04-03-2025 18:01:21.925;18211
1;04-03-2025 18:01:42.637;04-03-2025 18:01:42.448;189
1;04-03-2025 18:01:48.324;04-03-2025 18:01:43.756;4568
1;04-03-2025 18:01:59.176;04-03-2025 18:01:55.386;3790
1;04-03-2025 18:02:02.689;04-03-2025 18:02:01.488;1201
1;04-03-2025 18:02:21.400;04-03-2025 18:02:15.018;6382
1;04-03-2025 18:02:27.733;04-03-2025 18:02:27.618;115
1;04-03-2025 18:02:41.732;04-03-2025 18:02:31.018;10714
1;04-03-2025 18:02:54.457;04-03-2025 18:02:47.720;6737
1;04-03-2025 18:02:57.214;04-03-2025 18:02:57.203;11
1;04-03-2025 18:03:14.052;04-03-2025 18:02:57.818;16234
1;04-03-2025 18:03:20.615;04-03-2025 18:03:15.214;5401
1;04-03-2025 18:03:28.114;04-03-2025 18:03:26.860;1254
1;04-03-2025 18:03:38.385;04-03-2025 18:03:37.698;687
1;04-03-2025 18:03:41.644;04-03-2025 18:03:39.686;1958
1;04-03-2025 18:04:00.355;04-03-2025 18:03:57.529;2826
1;04-03-2025 18:04:15.490;04-03-2025 18:04:00.551;14939
1;04-03-2025 18:04:30.691;04-03-2025 18:04:21.379;9312
1;04-03-2025 18:04:36.121;04-03-2025 18:04:35.939;182
1;04-03-2025 18:04:38.681;04-03-2025 18:04:37.263;1418
1;04-03-2025 18:04:49.664;04-03-2025 18:04:47.133;2531
1;04-03-2025 18:04:57.513;04-03-2025 18:04:55.288;2225
1;04-03-2025 18:05:07.346;04-03-2025 18:05:05.738;1608
1;04-03-2025 18:05:17.916;04-03-2025 18:05:07.911;10005
1;04-03-2025 18:05:26.919;04-03-2025 18:05:19.957;6962
1;04-03-2025 18:05:31.815;04-03-2025 18:05:30.832;983
1;04-03-2025 18:05:52.725;04-03-2025 18:05:46.022;6703
1;04-03-2025 18:05:57.947;04-03-2025 18:05:52.920;5027
1;04-03-2025 18:06:07.154;04-03-2025 18:06:01.817;5337
1;04-03-2025 18:06:17.140;04-03-2025 18:06:08.786;8354
1;04-03-2025 18:06:26.825;04-03-2025 18:06:18.216;8609
1;04-03-2025 18:06:41.108;04-03-2025 18:06:39.252;1856
1;04-03-2025 18:06:48.255;04-03-2025 18:06:48.220;35
1;04-03-2025 18:06:58.208;04-03-2025 18:06:54.087;4121
1;04-03-2025 18:07:07.513;04-03-2025 18:06:58.220;9293
1;04-03-2025 18:07:17.038;04-03-2025 18:07:16.475;563
1;04-03-2025 18:07:28.609;04-03-2025 18:07:23.530;5079
1;04-03-2025 18:07:33.287;04-03-2025 18:07:31.440;1847
1;04-03-2025 18:07:38.473;04-03-2025 18:07:34.535;3938
1;04-03-2025 18:07:55.293;04-03-2025 18:07:47.356;7937
1;04-03-2025 18:08:13.402;04-03-2025 18:08:04.677;8725
1;04-03-2025 18:08:17.348;04-03-2025 18:08:15.813;1535
1;04-03-2025 18:08:35.711;04-03-2025 18:08:19.683;16028
1;04-03-2025 18:08:37.848;04-03-2025 18:08:37.411;437
1;04-03-2025 18:08:51.001;04-03-2025 18:08:48.758;2243
1;04-03-2025 18:09:00.979;04-03-2025 18:08:55.860;5119
1;04-03-2025 18:09:22.640;04-03-2025 18:09:01.916;20724
1;04-03-2025 18:09:25.746;04-03-2025 18:09:23.052;2694
1;04-03-2025 18:09:29.886;04-03-2025 18:09:28.402;1484
1;04-03-2025 18:09:34.206;04-03-2025 18:09:31.148;3058
1;04-03-2025 18:09:44.984;04-03-2025 18:09:34.376;10608
1;04-03-2025 18:10:07.746;04-03-2025 18:09:46.959;20787
1;04-03-2025 18:10:16.070;04-03-2025 18:10:13.021;3049
1;04-03-2025 18:10:23.624;04-03-2025 18:10:22.672;952
1;04-03-2025 18:10:38.250;04-03-2025 18:10:36.571;1679
1;04-03-2025 18:10:40.313;04-03-2025 18:10:38.500;1813
1;04-03-2025 18:10:48.362;04-03-2025 18:10:43.319;5043
1;04-03-2025 18:11:01.747;04-03-2025 18:10:54.461;7286
1;04-03-2025 18:11:13.198;04-03-2025 18:11:10.700;2498
1;04-03-2025 18:11:16.220;04-03-2025 18:11:13.747;2473
1;04-03-2025 18:11:27.353;04-03-2025 18:11:18.837;8516
1;04-03-2025 18:11:48.044;04-03-2025 18:11:38.725;9319
1;04-03-2025 18:11:49.317;04-03-2025 18:11:48.056;1261
1;04-03-2025 18:11:57.109;04-03-2025 18:11:55.988;1121
1;04-03-2025 18:12:10.390;04-03-2025 18:12:05.722;4668
1;04-03-2025 18:12:21.711;04-03-2025 18:12:17.988;3723
1;04-03-2025 18:12:25.922;04-03-2025 18:12:23.628;2294
1;04-03-2025 18:12:36.906;04-03-2025 18:12:34.346;2560
1;04-03-2025 18:12:50.901;04-03-2025 18:12:45.160;5741
1;04-03-2025 18:13:04.302;04-03-2025 18:12:57.291;7011
1;04-03-2025 18:13:09.922;04-03-2025 18:13:07.064;2858
1;04-03-2025 18:13:16.719;04-03-2025 18:13:15.629;1090
1;04-03-2025 18:13:23.761;04-03-2025 18:13:23.341;420
1;04-03-2025 18:13:50.246;04-03-2025 18:13:24.022;26224
1;04-03-2025 18:13:52.362;04-03-2025 18:13:51.647;715
1;04-03-2025 18:14:09.212;04-03-2025 18:14:08.025;1187
1;04-03-2025 18:14:18.175;04-03-2025 18:14:10.957;7218
1;04-03-2025 18:14:26.032;04-03-2025 18:14:24.084;1948
1;04-03-2025 18:14:37.487;04-03-2025 18:14:31.941;5546
1;04-03-2025 18:14:44.717;04-03-2025 18:14:42.255;2462
1;04-03-2025 18:14:59.483;04-03-2025 18:14:44.824;14659
1;04-03-2025 18:15:03.481;04-03-2025 18:15:03.125;356
1;04-03-2025 18:15:15.559;04-03-2025 18:15:07.212;8347
1;04-03-2025 18:15:21.543;04-03-2025 18:15:15.960;5583
1;04-03-2025 18:15:35.815;04-03-2025 18:15:24.439;11376
1;04-03-2025 18:15:42.935;04-03-2025 18:15:36.477;6458
1;04-03-2025 18:15:57.491;04-03-2025 18:15:46.119;11372
1;04-03-2025 18:16:02.384;04-03-2025 18:16:00.382;2002
1;04-03-2025 18:16:19.560;04-03-2025 18:16:14.519;5041
1;04-03-2025 18:16:20.735;04-03-2025 18:16:19.584;1151
1;04-03-2025 18:16:29.354;04-03-2025 18:16:22.414;6940
1;04-03-2025 18:16:46.443;04-03-2025 18:16:37.976;8467
1;04-03-2025 18:16:54.936;04-03-2025 18:16:51.661;3275
1;04-03-2025 18:17:04.983;04-03-2025 18:16:56.245;8738
1;04-03-2025 18:17:16.007;04-03-2025 18:17:07.445;8562
1;04-03-2025 18:17:18.837;04-03-2025 18:17:17.703;1134
1;04-03-2025 18:17:26.462;04-03-2025 18:17:20.133;6329
1;04-03-2025 18:17:40.339;04-03-2025 18:17:29.229;11110
1;04-03-2025 18:17:59.975;04-03-2025 18:17:52.237;7738
1;04-03-2025 18:18:08.119;04-03-2025 18:18:00.909;7210
1;04-03-2025 18:18:17.915;04-03-2025 18:18:12.446;5469
1;04-03-2025 18:18:27.787;04-03-2025 18:18:23.676;4111
1;04-03-2025 18:18:31.787;04-03-2025 18:18:28.924;2863
1;04-03-2025 18:18:47.309;04-03-2025 18:18:38.406;8903
1;04-03-2025 18:18:59.451;04-03-2025 18:18:53.614;5837
1;04-03-2025 18:19:02.694;04-03-2025 18:19:02.517;177
1;04-03-2025 18:19:08.122;04-03-2025 18:19:07.937;185
1;04-03-2025 18:19:18.178;04-03-2025 18:19:15.009;3169
1;04-03-2025 18:19:39.042;04-03-2025 18:19:33.938;5104
1;04-03-2025 18:19:41.328;04-03-2025 18:19:40.760;568
1;04-03-2025 18:19:55.355;04-03-2025 18:19:51.502;3853
1;04-03-2025 18:19:56.706;04-03-2025 18:19:55.468;1238
1;04-03-2025 18:20:08.964;04-03-2025 18:19:59.706;9258
1;04-03-2025 18:20:22.022;04-03-2025 18:20:13.441;8581
1;04-03-2025 18:20:38.143;04-03-2025 18:20:30.347;7796
1;04-03-2025 18:20:49.504;04-03-2025 18:20:42.871;6633
1;04-03-2025 18:20:54.420;04-03-2025 18:20:53.734;686
1;04-03-2025 18:21:00.430;04-03-2025 18:20:54.965;5465
1;04-03-2025 18:21:10.697;04-03-2025 18:21:05.710;4987
1;04-03-2025 18:21:17.510;04-03-2025 18:21:14.850;2660
1;04-03-2025 18:21:23.761;04-03-2025 18:21:19.550;4211
1;04-03-2025 18:21:32.608;04-03-2025 18:21:26.086;6522
1;04-03-2025 18:21:42.659;04-03-2025 18:21:42.080;579
1;04-03-2025 18:22:01.569;04-03-2025 18:21:56.456;5113
1;04-03-2025 18:22:07.957;04-03-2025 18:22:07.455;502
1;04-03-2025 18:22:23.523;04-03-2025 18:22:18.385;5138
1;04-03-2025 18:22:27.317;04-03-2025 18:22:27.184;133
1;04-03-2025 18:22:43.982;04-03-2025 18:22:30.669;13313
1;04-03-2025 18:22:54.797;04-03-2025 18:22:53.569;1228
1;04-03-2025 18:23:05.905;04-03-2025 18:22:55.958;9947
1;04-03-2025 18:23:13.207;04-03-2025 18:23:07.995;5212
1;04-03-2025 18:23:18.903;04-03-2025 18:23:18.766;137
1;04-03-2025 18:23:36.301;04-03-2025 18:23:31.345;4956
1;04-03-2025 18:23:38.974;04-03-2025 18:23:37.804;1170
1;04-03-2025 18:23:53.938;04-03-2025 18:23:49.221;4717
1;04-03-2025 18:23:55.713;04-03-2025 18:23:54.200;1513
1;04-03-2025 18:24:14.962;04-03-2025 18:24:02.555;12407
1;04-03-2025 18:24:19.330;04-03-2025 18:24:16.447;2883
1;04-03-2025 18:24:35.337;04-03-2025 18:24:22.964;12373
1;04-03-2025 18:24:43.505;04-03-2025 18:24:42.054;1451
1;04-03-2025 18:24:46.187;04-03-2025 18:24:43.753;2434
1;04-03-2025 18:24:58.640;04-03-2025 18:24:54.219;4421
1;04-03-2025 18:25:04.521;04-03-2025 18:24:59.580;4941
1;04-03-2025 18:25:22.695;04-03-2025 18:25:12.640;10055
1;04-03-2025 18:25:32.392;04-03-2025 18:25:28.508;3884
1;04-03-2025 18:25:46.723;04-03-2025 18:25:32.503;14220
1;04-03-2025 18:25:51.439;04-03-2025 18:25:49.328;2111
1;04-03-2025 18:26:04.013;04-03-2025 18:25:58.167;5846
1;04-03-2025 18:26:09.900;04-03-2025 18:26:07.352;2548
1;04-03-2025 18:26:16.781;04-03-2025 18:26:15.678;1103
1;04-03-2025 18:26:32.586;04-03-2025 18:26:31.697;889
1;04-03-2025 18:26:40.182;04-03-2025 18:26:34.895;5287
1;04-03-2025 18:26:52.327;04-03-2025 18:26:43.916;8411
1;04-03-2025 18:27:02.282;04-03-2025 18:26:52.539;9743
1;04-03-2025 18:27:16.763;04-03-2025 18:27:08.066;8697
1;04-03-2025 18:27:18.476;04-03-2025 18:27:17.596;880
1;04-03-2025 18:27:31.227;04-03-2025 18:27:20.555;10672
1;04-03-2025 18:27:45.086;04-03-2025 18:27:33.556;11530
1;04-03-2025 18:27:54.332;04-03-2025 18:27:46.405;7927
1;04-03-2025 18:28:04.098;04-03-2025 18:27:58.314;5784
1;04-03-2025 18:28:13.331;04-03-2025 18:28:05.452;7879
1;04-03-2025 18:28:29.830;04-03-2025 18:28:26.984;2846
1;04-03-2025 18:28:34.049;04-03-2025 18:28:32.627;1422
1;04-03-2025 18:28:37.689;04-03-2025 18:28:36.749;940
1;04-03-2025 18:28:47.344;04-03-2025 18:28:38.872;8472
1;04-03-2025 18:28:51.108;04-03-2025 18:28:50.934;174
1;04-03-2025 18:29:17.198;04-03-2025 18:29:04.484;12714
1;04-03-2025 18:29:26.396;04-03-2025 18:29:19.489;6907
1;04-03-2025 18:29:30.630;04-03-2025 18:29:28.339;2291
1;04-03-2025 18:29:37.109;04-03-2025 18:29:35.120;1989
1;04-03-2025 18:29:53.287;04-03-2025 18:29:44.035;9252
1;04-03-2025 18:30:02.601;04-03-2025 18:29:56.533;6068
1;04-03-2025 18:30:06.265;04-03-2025 18:30:04.226;2039
1;04-03-2025 18:30:21.240;04-03-2025 18:30:11.525;9715
1;04-03-2025 18:30:27.231;04-03-2025 18:30:24.323;2908
1;04-03-2025 18:30:35.838;04-03-2025 18:30:32.136;3702
1;04-03-2025 18:30:57.352;04-03-2025 18:30:45.648;11704
1;04-03-2025 18:31:01.440;04-03-2025 18:31:01.173;267
1;04-03-2025 18:31:08.519;04-03-2025 18:31:04.955;3564
1;04-03-2025 18:31:21.676;04-03-2025 18:31:10.839;10837
1;04-03-2025 18:31:31.096;04-03-2025 18:31:30.196;900
1;04-03-2025 18:31:53.056;04-03-2025 18:31:36.044;17012
1;04-03-2025 18:31:54.931;04-03-2025 18:31:53.269;1662
1;04-03-2025 18:31:55.400;04-03-2025 18:31:55.267;133
1;04-03-2025 18:32:17.973;04-03-2025 18:32:04.077;13896
1;04-03-2025 18:32:25.053;04-03-2025 18:32:20.953;4100
1;04-03-2025 18:32:31.289;04-03-2025 18:32:30.076;1213
1;04-03-2025 18:32:49.996;04-03-2025 18:32:46.165;3831
1;04-03-2025 18:32:57.638;04-03-2025 18:32:53.552;4086
1;04-03-2025 18:33:09.761;04-03-2025 18:33:01.540;8221
1;04-03-2025 18:33:12.840;04-03-2025 18:33:12.600;240
1;04-03-2025 18:33:30.226;04-03-2025 18:33:19.899;10327
1;04-03-2025 18:33:35.983;04-03-2025 18:33:33.247;2736
1;04-03-2025 18:33:47.911;04-03-2025 18:33:37.250;10661
1;04-03-2025 18:33:56.321;04-03-2025 18:33:52.384;3937
1;04-03-2025 18:34:02.343;04-03-2025 18:34:01.297;1046
1;04-03-2025 18:34:15.461;04-03-2025 18:34:08.043;7418
1;04-03-2025 18:34:23.968;04-03-2025 18:34:19.996;3972
1;04-03-2025 18:34:33.681;04-03-2025 18:34:31.087;2594
1;04-03-2025 18:34:41.814;04-03-2025 18:34:40.575;1239
1;04-03-2025 18:34:50.380;04-03-2025 18:34:46.596;3784
1;04-03-2025 18:35:04.920;04-03-2025 18:35:04.432;488
1;04-03-2025 18:35:10.750;04-03-2025 18:35:05.371;5379
1;04-03-2025 18:35:24.966;04-03-2025 18:35:15.728;9238
1;04-03-2025 18:35:29.527;04-03-2025 18:35:25.691;3836
1;04-03-2025 18:35:32.901;04-03-2025 18:35:30.129;2772
1;04-03-2025 18:35:51.129;04-03-2025 18:35:49.044;2085
1;04-03-2025 18:36:01.093;04-03-2025 18:35:56.147;4946
1;04-03-2025 18:36:12.011;04-03-2025 18:36:04.470;7541
1;04-03-2025 18:36:19.035;04-03-2025 18:36:18.176;859
1;04-03-2025 18:36:22.534;04-03-2025 18:36:20.889;1645
1;04-03-2025 18:36:39.322;04-03-2025 18:36:37.225;2097
1;04-03-2025 18:36:42.264;04-03-2025 18:36:41.672;592
1;04-03-2025 18:36:54.965;04-03-2025 18:36:54.129;836
1;04-03-2025 18:37:05.934;04-03-2025 18:36:56.955;8979
1;04-03-2025 18:37:21.137;04-03-2025 18:37:17.529;3608
1;04-03-2025 18:37:28.013;04-03-2025 18:37:26.634;1379
1;04-03-2025 18:37:44.448;04-03-2025 18:37:40.762;3686
1;04-03-2025 18:37:51.754;04-03-2025 18:37:51.091;663
1;04-03-2025 18:38:00.213;04-03-2025 18:37:59.503;710
1;04-03-2025 18:38:07.751;04-03-2025 18:38:03.889;3862
1;04-03-2025 18:38:19.989;04-03-2025 18:38:09.336;10653
1;04-03-2025 18:38:33.162;04-03-2025 18:38:32.308;854
1;04-03-2025 18:38:40.478;04-03-2025 18:38:34.095;6383
1;04-03-2025 18:38:44.298;04-03-2025 18:38:40.705;3593
1;04-03-2025 18:39:02.091;04-03-2025 18:39:00.679;1412
1;04-03-2025 18:39:11.738;04-03-2025 18:39:02.608;9130
1;04-03-2025 18:39:20.142;04-03-2025 18:39:16.742;3400
1;04-03-2025 18:39:21.866;04-03-2025 18:39:20.215;1651
1;04-03-2025 18:39:37.213;04-03-2025 18:39:33.686;3527
1;04-03-2025 18:40:00.019;04-03-2025 18:39:58.974;1045
1;04-03-2025 18:40:07.660;04-03-2025 18:40:00.630;7030
1;04-03-2025 18:40:14.796;04-03-2025 18:40:09.798;4998
1;04-03-2025 18:40:19.173;04-03-2025 18:40:15.645;3528
1;04-03-2025 18:40:27.349;04-03-2025 18:40:20.395;6954
1;04-03-2025 18:40:33.553;04-03-2025 18:40:32.400;1153
1;04-03-2025 18:40:54.424;04-03-2025 18:40:46.453;7971
1;04-03-2025 18:40:57.989;04-03-2025 18:40:54.496;3493
1;04-03-2025 18:41:05.893;04-03-2025 18:41:03.161;2732
1;04-03-2025 18:41:28.645;04-03-2025 18:41:26.211;2434
1;04-03-2025 18:41:31.875;04-03-2025 18:41:30.919;956
1;04-03-2025 18:41:36.950;04-03-2025 18:41:34.958;1992
1;04-03-2025 18:41:38.071;04-03-2025 18:41:37.069;1002
1;04-03-2025 18:41:50.294;04-03-2025 18:41:46.148;4146
1;04-03-2025 18:42:05.935;04-03-2025 18:42:05.148;787
1;04-03-2025 18:42:17.329;04-03-2025 18:42:09.931;7398
1;04-03-2025 18:42:26.626;04-03-2025 18:42:26.156;470
1;04-03-2025 18:42:38.238;04-03-2025 18:42:28.538;9700
1;04-03-2025 18:42:57.715;04-03-2025 18:42:45.991;11724
1;04-03-2025 18:43:02.809;04-03-2025 18:43:01.001;1808
1;04-03-2025 18:43:08.199;04-03-2025 18:43:08.189;10
1;04-03-2025 18:43:16.036;04-03-2025 18:43:15.453;583
1;04-03-2025 18:43:31.166;04-03-2025 18:43:25.160;6006
1;04-03-2025 18:43:41.812;04-03-2025 18:43:32.680;9132
1;04-03-2025 18:43:52.963;04-03-2025 18:43:44.775;8188
1;04-03-2025 18:44:07.977;04-03-2025 18:44:00.279;7698
1;04-03-2025 18:44:20.072;04-03-2025 18:44:15.017;5055
1;04-03-2025 18:44:25.360;04-03-2025 18:44:23.707;1653
1;04-03-2025 18:44:40.653;04-03-2025 18:44:30.840;9813
1;04-03-2025 18:44:43.896;04-03-2025 18:44:43.725;171
1;04-03-2025 18:44:44.147;04-03-2025 18:44:43.995;152
1;04-03-2025 18:45:05.130;04-03-2025 18:44:55.552;9578
1;04-03-2025 18:45:15.539;04-03-2025 18:45:09.707;5832
1;04-03-2025 18:45:26.157;04-03-2025 18:45:18.268;7889
1;04-03-2025 18:45:37.947;04-03-2025 18:45:28.021;9926
1;04-03-2025 18:45:44.978;04-03-2025 18:45:43.034;1944
1;04-03-2025 18:45:52.080;04-03-2025 18:45:51.433;647
1;04-03-2025 18:45:54.497;04-03-2025 18:45:52.150;2347
1;04-03-2025 18:46:08.924;04-03-2025 18:46:08.030;894
1;04-03-2025 18:46:23.289;04-03-2025 18:46:10.087;13202
1;04-03-2025 18:46:35.538;04-03-2025 18:46:24.465;11073
1;04-03-2025 18:46:40.268;04-03-2025 18:46:38.867;1401
1;04-03-2025 18:46:43.149;04-03-2025 18:46:40.955;2194
1;04-03-2025 18:47:00.373;04-03-2025 18:46:59.593;780
1;04-03-2025 18:47:03.793;04-03-2025 18:47:02.184;1609
1;04-03-2025 18:47:17.101;04-03-2025 18:47:04.332;12769
1;04-03-2025 18:47:25.437;04-03-2025 18:47:20.860;4577
1;04-03-2025 18:47:34.559;04-03-2025 18:47:34.085;474
1;04-03-2025 18:48:01.940;04-03-2025 18:47:40.369;21571
1;04-03-2025 18:48:07.561;04-03-2025 18:48:02.402;5159
1;04-03-2025 18:48:12.579;04-03-2025 18:48:09.984;2595
1;04-03-2025 18:48:14.125;04-03-2025 18:48:13.707;418
1;04-03-2025 18:48:29.498;04-03-2025 18:48:17.765;11733
1;04-03-2025 18:48:40.700;04-03-2025 18:48:39.871;829
1;04-03-2025 18:48:50.182;04-03-2025 18:48:47.101;3081
1;04-03-2025 18:49:05.130;04-03-2025 18:48:55.121;10009
1;04-03-2025 18:49:17.667;04-03-2025 18:49:10.793;6874
1;04-03-2025 18:49:21.321;04-03-2025 18:49:20.493;828
1;04-03-2025 18:49:34.708;04-03-2025 18:49:28.686;6022
1;04-03-2025 18:49:43.181;04-03-2025 18:49:35.687;7494
1;04-03-2025 18:49:51.534;04-03-2025 18:49:49.802;1732
1;04-03-2025 18:49:56.396;04-03-2025 18:49:56.236;160
1;04-03-2025 18:50:13.405;04-03-2025 18:50:06.388;7017
1;04-03-2025 18:50:16.698;04-03-2025 18:50:13.675;3023
1;04-03-2025 18:50:26.108;04-03-2025 18:50:21.223;4885
1;04-03-2025 18:50:42.070;04-03-2025 18:50:37.361;4709
1;04-03-2025 18:50:50.319;04-03-2025 18:50:50.307;12
1;04-03-2025 18:51:01.129;04-03-2025 18:50:52.070;9059
1;04-03-2025 18:51:08.238;04-03-2025 18:51:06.833;1405
1;04-03-2025 18:51:26.578;04-03-2025 18:51:21.645;4933
1;04-03-2025 18:51:34.026;04-03-2025 18:51:31.095;2931
1;04-03-2025 18:51:44.386;04-03-2025 18:51:34.375;10011
1;04-03-2025 18:51:52.380;04-03-2025 18:51:48.256;4124
1;04-03-2025 18:52:02.508;04-03-2025 18:52:00.016;2492
1;04-03-2025 18:52:15.771;04-03-2025 18:52:04.327;11444
1;04-03-2025 18:52:27.494;04-03-2025 18:52:18.445;9049
1;04-03-2025 18:52:30.939;04-03-2025 18:52:29.401;1538
1;04-03-2025 18:52:35.965;04-03-2025 18:52:35.320;645
1;04-03-2025 18:52:48.167;04-03-2025 18:52:42.870;5297
1;04-03-2025 18:52:55.412;04-03-2025 18:52:54.403;1009
1;04-03-2025 18:52:58.943;04-03-2025 18:52:56.803;2140
1;04-03-2025 18:53:20.152;04-03-2025 18:53:12.288;7864
1;04-03-2025 18:53:28.550;04-03-2025 18:53:25.520;3030
1;04-03-2025 18:53:41.215;04-03-2025 18:53:30.395;10820
1;04-03-2025 18:53:52.398;04-03-2025 18:53:41.822;10576
1;04-03-2025 18:54:06.582;04-03-2025 18:54:06.005;577
1;04-03-2025 18:54:16.897;04-03-2025 18:54:08.117;8780
1;04-03-2025 18:54:34.895;04-03-2025 18:54:29.793;5102
1;04-03-2025 18:54:41.724;04-03-2025 18:54:35.971;5753
1;04-03-2025 18:54:44.655;04-03-2025 18:54:41.795;2860
1;04-03-2025 18:54:59.801;04-03-2025 18:54:44.677;15124
1;04-03-2025 18:55:07.198;04-03-2025 18:55:01.315;5883
1;04-03-2025 18:55:10.236;04-03-2025 18:55:09.761;475
1;04-03-2025 18:55:17.364;04-03-2025 18:55:11.910;5454
1;04-03-2025 18:55:31.454;04-03-2025 18:55:23.424;8030
1;04-03-2025 18:55:35.501;04-03-2025 18:55:32.247;3254
1;04-03-2025 18:55:38.302;04-03-2025 18:55:36.109;2193
1;04-03-2025 18:56:03.167;04-03-2025 18:55:56.396;6771
1;04-03-2025 18:56:10.834;04-03-2025 18:56:08.213;2621
1;04-03-2025 18:56:23.747;04-03-2025 18:56:15.395;8352
1;04-03-2025 18:56:37.352;04-03-2025 18:56:34.079;3273
1;04-03-2025 18:56:41.768;04-03-2025 18:56:37.710;4058
1;04-03-2025 18:56:52.012;04-03-2025 18:56:51.732;280
1;04-03-2025 18:57:05.196;04-03-2025 18:57:04.217;979
1;04-03-2025 18:57:13.995;04-03-2025 18:57:09.369;4626
1;04-03-2025 18:57:22.063;04-03-2025 18:57:20.356;1707
1;04-03-2025 18:57:34.717;04-03-2025 18:57:22.174;12543
1;04-03-2025 18:57:39.248;04-03-2025 18:57:37.177;2071
1;04-03-2025 18:57:46.123;04-03-2025 18:57:41.179;4944
1;04-03-2025 18:57:54.527;04-03-2025 18:57:47.113;7414
1;04-03-2025 18:58:13.137;04-03-2025 18:58:05.059;8078
1;04-03-2025 18:58:17.126;04-03-2025 18:58:13.428;3698
1;04-03-2025 18:58:30.005;04-03-2025 18:58:19.860;10145
1;04-03-2025 18:58:45.997;04-03-2025 18:58:37.053;8944
1;04-03-2025 18:58:51.017;04-03-2025 18:58:47.602;3415
1;04-03-2025 18:59:04.978;04-03-2025 18:58:55.222;9756
1;04-03-2025 18:59:11.676;04-03-2025 18:59:06.636;5040
1;04-03-2025 18:59:15.585;04-03-2025 18:59:13.473;2112
1;04-03-2025 18:59:23.391;04-03-2025 18:59:22.607;784
1;04-03-2025 18:59:29.417;04-03-2025 18:59:25.662;3755
1;04-03-2025 18:59:48.672;04-03-2025 18:59:46.520;2152
1;04-03-2025 19:00:03.937;04-03-2025 18:59:49.531;14406
1;04-03-2025 19:00:10.773;04-03-2025 19:00:07.096;3677
1;04-03-2025 19:00:25.904;04-03-2025 19:00:12.228;13676
1;04-03-2025 19:00:32.281;04-03-2025 19:00:28.255;4026
1;04-03-2025 19:00:35.895;04-03-2025 19:00:35.271;624
1;04-03-2025 19:00:42.414;04-03-2025 19:00:41.897;517
1;04-03-2025 19:01:02.739;04-03-2025 19:00:50.823;11916
1;04-03-2025 19:01:10.550;04-03-2025 19:01:10.448;102
1;04-03-2025 19:01:16.140;04-03-2025 19:01:14.893;1247
1;04-03-2025 19:01:31.901;04-03-2025 19:01:18.960;12941
1;04-03-2025 19:01:39.571;04-03-2025 19:01:31.950;7621
1;04-03-2025 19:01:46.170;04-03-2025 19:01:40.894;5276
1;04-03-2025 19:01:51.335;04-03-2025 19:01:51.131;204
1;04-03-2025 19:02:00.687;04-03-2025 19:02:00.385;302
1;04-03-2025 19:02:22.854;04-03-2025 19:02:14.499;8355
1;04-03-2025 19:02:30.682;04-03-2025 19:02:27.555;3127
1;04-03-2025 19:02:33.582;04-03-2025 19:02:31.219;2363
1;04-03-2025 19:02:49.726;04-03-2025 19:02:40.447;9279
1;04-03-2025 19:02:52.014;04-03-2025 19:02:51.015;999
1;04-03-2025 19:03:04.176;04-03-2025 19:03:00.469;3707
1;04-03-2025 19:03:16.290;04-03-2025 19:03:08.369;7921
1;04-03-2025 19:03:26.595;04-03-2025 19:03:23.921;2674
1;04-03-2025 19:03:36.800;04-03-2025 19:03:30.647;6153
1;04-03-2025 19:03:50.133;04-03-2025 19:03:39.270;10863
1;04-03-2025 19:04:06.213;04-03-2025 19:04:04.004;2209
1;04-03-2025 19:04:14.140;04-03-2025 19:04:10.009;4131
1;04-03-2025 19:04:28.007;04-03-2025 19:04:18.499;9508
1;04-03-2025 19:04:32.220;04-03-2025 19:04:29.831;2389
1;04-03-2025 19:04:37.357;04-03-2025 19:04:35.700;1657
1;04-03-2025 19:04:49.390;04-03-2025 19:04:42.928;6462
1;04-03-2025 19:05:02.373;04-03-2025 19:04:56.892;5481
1;04-03-2025 19:05:06.010;04-03-2025 19:05:03.912;2098
1;04-03-2025 19:05:26.299;04-03-2025 19:05:20.895;5404
1;04-03-2025 19:05:30.567;04-03-2025 19:05:29.429;1138
1;04-03-2025 19:05:46.245;04-03-2025 19:05:40.613;5632
1;04-03-2025 19:05:53.335;04-03-2025 19:05:50.971;2364
1;04-03-2025 19:06:03.713;04-03-2025 19:06:00.005;3708
1;04-03-2025 19:06:10.906;04-03-2025 19:06:07.858;3048
1;04-03-2025 19:06:15.279;04-03-2025 19:06:12.344;2935
1;04-03-2025 19:06:33.770;04-03-2025 19:06:15.689;18081
1;04-03-2025 19:06:46.365;04-03-2025 19:06:36.409;9956
1;04-03-2025 19:06:54.646;04-03-2025 19:06:49.046;5600
1;04-03-2025 19:07:05.405;04-03-2025 19:07:00.802;4603
1;04-03-2025 19:07:09.245;04-03-2025 19:07:07.889;1356
1;04-03-2025 19:07:21.075;04-03-2025 19:07:17.911;3164
1;04-03-2025 19:07:27.053;04-03-2025 19:07:23.845;3208
1;04-03-2025 19:07:33.820;04-03-2025 19:07:30.323;3497
1;04-03-2025 19:07:51.697;04-03-2025 19:07:46.873;4824
1;04-03-2025 19:07:59.359;04-03-2025 19:07:57.464;1895
1;04-03-2025 19:08:10.176;04-03-2025 19:08:06.915;3261
1;04-03-2025 19:08:19.116;04-03-2025 19:08:15.638;3478
1;04-03-2025 19:08:23.323;04-03-2025 19:08:22.504;819
1;04-03-2025 19:08:48.964;04-03-2025 19:08:32.007;16957
1;04-03-2025 19:08:56.609;04-03-2025 19:08:52.391;4218
1;04-03-2025 19:09:03.512;04-03-2025 19:09:02.608;904
1;04-03-2025 19:09:13.504;04-03-2025 19:09:05.881;7623
1;04-03-2025 19:09:21.584;04-03-2025 19:09:19.203;2381
1;04-03-2025 19:09:30.907;04-03-2025 19:09:26.613;4294
1;04-03-2025 19:09:39.459;04-03-2025 19:09:35.328;4131
1;04-03-2025 19:09:48.955;04-03-2025 19:09:40.296;8659
1;04-03-2025 19:10:07.047;04-03-2025 19:09:59.586;7461
1;04-03-2025 19:10:15.002;04-03-2025 19:10:10.418;4584
1;04-03-2025 19:10:19.206;04-03-2025 19:10:15.544;3662
1;04-03-2025 19:10:26.925;04-03-2025 19:10:24.806;2119
1;04-03-2025 19:10:35.691;04-03-2025 19:10:33.752;1939
1;04-03-2025 19:10:46.801;04-03-2025 19:10:37.799;9002
1;04-03-2025 19:10:56.579;04-03-2025 19:10:50.882;5697
1;04-03-2025 19:11:12.341;04-03-2025 19:11:01.285;11056
1;04-03-2025 19:11:23.996;04-03-2025 19:11:13.991;10005
1;04-03-2025 19:11:29.960;04-03-2025 19:11:25.776;4184
1;04-03-2025 19:11:42.136;04-03-2025 19:11:33.963;8173
1;04-03-2025 19:11:49.579;04-03-2025 19:11:46.916;2663
1;04-03-2025 19:12:06.750;04-03-2025 19:11:54.903;11847
1;04-03-2025 19:12:16.861;04-03-2025 19:12:15.474;1387
1;04-03-2025 19:12:23.035;04-03-2025 19:12:21.043;1992
1;04-03-2025 19:12:31.509;04-03-2025 19:12:28.503;3006
1;04-03-2025 19:12:35.638;04-03-2025 19:12:34.114;1524
1;04-03-2025 19:12:46.875;04-03-2025 19:12:42.668;4207
1;04-03-2025 19:12:57.927;04-03-2025 19:12:53.495;4432
1;04-03-2025 19:13:06.903;04-03-2025 19:12:59.018;7885
1;04-03-2025 19:13:15.355;04-03-2025 19:13:13.815;1540
1;04-03-2025 19:13:23.649;04-03-2025 19:13:16.493;7156
1;04-03-2025 19:13:33.958;04-03-2025 19:13:27.298;6660
1;04-03-2025 19:13:54.769;04-03-2025 19:13:45.742;9027
1;04-03-2025 19:14:00.947;04-03-2025 19:13:59.998;949
1;04-03-2025 19:14:09.696;04-03-2025 19:14:06.137;3559
1;04-03-2025 19:14:17.637;04-03-2025 19:14:13.467;4170
1;04-03-2025 19:14:36.106;04-03-2025 19:14:26.826;9280
1;04-03-2025 19:14:45.378;04-03-2025 19:14:40.882;4496
1;04-03-2025 19:14:58.433;04-03-2025 19:14:47.609;10824
1;04-03-2025 19:15:05.698;04-03-2025 19:14:59.470;6228
1;04-03-2025 19:15:10.296;04-03-2025 19:15:09.541;755
1;04-03-2025 19:15:13.897;04-03-2025 19:15:10.932;2965
1;04-03-2025 19:15:25.824;04-03-2025 19:15:24.178;1646
1;04-03-2025 19:15:46.919;04-03-2025 19:15:43.121;3798
1;04-03-2025 19:16:00.257;04-03-2025 19:15:52.964;7293
1;04-03-2025 19:16:03.510;04-03-2025 19:16:02.378;1132
1;04-03-2025 19:16:22.933;04-03-2025 19:16:15.174;7759
1;04-03-2025 19:16:24.330;04-03-2025 19:16:23.807;523
1;04-03-2025 19:16:35.792;04-03-2025 19:16:29.067;6725
1;04-03-2025 19:16:42.228;04-03-2025 19:16:37.162;5066
1;04-03-2025 19:16:59.320;04-03-2025 19:16:43.917;15403
1;04-03-2025 19:17:03.394;04-03-2025 19:17:02.855;539
1;04-03-2025 19:17:11.292;04-03-2025 19:17:09.222;2070
1;04-03-2025 19:17:15.714;04-03-2025 19:17:11.617;4097
1;04-03-2025 19:17:25.120;04-03-2025 19:17:17.875;7245
1;04-03-2025 19:17:37.124;04-03-2025 19:17:35.377;1747
1;04-03-2025 19:18:00.290;04-03-2025 19:17:41.890;18400
1;04-03-2025 19:18:04.523;04-03-2025 19:18:02.430;2093
1;04-03-2025 19:18:11.949;04-03-2025 19:18:11.841;108
1;04-03-2025 19:18:23.623;04-03-2025 19:18:23.259;364
1;04-03-2025 19:18:41.469;04-03-2025 19:18:29.001;12468
1;04-03-2025 19:18:43.438;04-03-2025 19:18:42.406;1032
1;04-03-2025 19:18:46.162;04-03-2025 19:18:44.779;1383
1;04-03-2025 19:19:01.376;04-03-2025 19:18:53.416;7960
1;04-03-2025 19:19:05.110;04-03-2025 19:19:02.854;2256
1;04-03-2025 19:19:18.558;04-03-2025 19:19:15.679;2879
1;04-03-2025 19:19:33.622;04-03-2025 19:19:32.826;796
1;04-03-2025 19:19:36.234;04-03-2025 19:19:35.939;295
1;04-03-2025 19:19:54.726;04-03-2025 19:19:36.427;18299
1;04-03-2025 19:20:05.122;04-03-2025 19:19:59.873;5249
1;04-03-2025 19:20:15.683;04-03-2025 19:20:07.434;8249
1;04-03-2025 19:20:17.305;04-03-2025 19:20:16.545;760
1;04-03-2025 19:20:33.655;04-03-2025 19:20:17.611;16044
1;04-03-2025 19:20:41.180;04-03-2025 19:20:36.229;4951
1;04-03-2025 19:20:48.755;04-03-2025 19:20:48.505;250
1;04-03-2025 19:21:02.506;04-03-2025 19:20:58.712;3794
1;04-03-2025 19:21:11.446;04-03-2025 19:21:03.747;7699
1;04-03-2025 19:21:21.547;04-03-2025 19:21:19.497;2050
1;04-03-2025 19:21:30.620;04-03-2025 19:21:30.385;235
1;04-03-2025 19:21:35.382;04-03-2025 19:21:34.156;1226
1;04-03-2025 19:21:44.903;04-03-2025 19:21:40.161;4742
1;04-03-2025 19:21:57.850;04-03-2025 19:21:53.579;4271
1;04-03-2025 19:22:05.985;04-03-2025 19:22:02.433;3552
1;04-03-2025 19:22:22.593;04-03-2025 19:22:10.160;12433
1;04-03-2025 19:22:33.592;04-03-2025 19:22:33.040;552
1;04-03-2025 19:22:42.608;04-03-2025 19:22:42.473;135
1;04-03-2025 19:22:48.230;04-03-2025 19:22:47.725;505
1;04-03-2025 19:23:01.214;04-03-2025 19:22:55.830;5384
1;04-03-2025 19:23:09.869;04-03-2025 19:23:06.171;3698
1;04-03-2025 19:23:27.021;04-03-2025 19:23:13.198;13823
1;04-03-2025 19:23:31.786;04-03-2025 19:23:28.483;3303
1;04-03-2025 19:23:41.203;04-03-2025 19:23:36.924;4279
1;04-03-2025 19:23:45.374;04-03-2025 19:23:44.465;909
1;04-03-2025 19:23:58.802;04-03-2025 19:23:54.451;4351
1;04-03-2025 19:24:07.898;04-03-2025 19:23:59.066;8832
1;04-03-2025 19:24:19.697;04-03-2025 19:24:18.352;1345
1;04-03-2025 19:24:30.447;04-03-2025 19:24:28.193;2254
1;04-03-2025 19:24:41.734;04-03-2025 19:24:30.973;10761
1;04-03-2025 19:24:51.086;04-03-2025 19:24:47.324;3762
1;04-03-2025 19:25:01.501;04-03-2025 19:24:58.518;2983
1;04-03-2025 19:25:03.131;04-03-2025 19:25:02.113;1018
1;04-03-2025 19:25:23.748;04-03-2025 19:25:17.174;6574
1;04-03-2025 19:25:24.447;04-03-2025 19:25:24.042;405
1;04-03-2025 19:25:38.472;04-03-2025 19:25:35.513;2959
1;04-03-2025 19:25:55.150;04-03-2025 19:25:41.214;13936
1;04-03-2025 19:26:08.707;04-03-2025 19:26:00.045;8662
1;04-03-2025 19:26:12.627;04-03-2025 19:26:10.564;2063
1;04-03-2025 19:26:20.430;04-03-2025 19:26:19.799;631
1;04-03-2025 19:26:24.403;04-03-2025 19:26:20.441;3962
1;04-03-2025 19:26:34.035;04-03-2025 19:26:25.559;8476
1;04-03-2025 19:26:47.702;04-03-2025 19:26:36.583;11119
1;04-03-2025 19:27:06.516;04-03-2025 19:27:00.107;6409
1;04-03-2025 19:27:13.588;04-03-2025 19:27:08.163;5425
1;04-03-2025 19:27:19.101;04-03-2025 19:27:17.579;1522
1;04-03-2025 19:27:34.963;04-03-2025 19:27:31.197;3766
1;04-03-2025 19:27:43.401;04-03-2025 19:27:40.688;2713
1;04-03-2025 19:27:45.529;04-03-2025 19:27:43.961;1568
1;04-03-2025 19:27:52.176;04-03-2025 19:27:50.852;1324
1;04-03-2025 19:28:11.639;04-03-2025 19:28:09.633;2006
1;04-03-2025 19:28:28.987;04-03-2025 19:28:27.285;1702
1;04-03-2025 19:28:31.104;04-03-2025 19:28:29.656;1448
1;04-03-2025 19:28:36.085;04-03-2025 19:28:31.758;4327
1;04-03-2025 19:28:53.734;04-03-2025 19:28:41.533;12201
1;04-03-2025 19:29:11.258;04-03-2025 19:29:01.102;10156
1;04-03-2025 19:29:13.429;04-03-2025 19:29:11.826;1603
1;04-03-2025 19:29:18.734;04-03-2025 19:29:15.748;2986
1;04-03-2025 19:29:28.531;04-03-2025 19:29:27.765;766
1;04-03-2025 19:29:42.286;04-03-2025 19:29:40.649;1637
1;04-03-2025 19:29:46.737;04-03-2025 19:29:44.509;2228
1;04-03-2025 19:30:02.861;04-03-2025 19:29:47.535;15326
1;04-03-2025 19:30:14.602;04-03-2025 19:30:12.405;2197
1;04-03-2025 19:30:22.180;04-03-2025 19:30:15.793;6387
1;04-03-2025 19:30:29.806;04-03-2025 19:30:25.834;3972
1;04-03-2025 19:30:38.648;04-03-2025 19:30:38.433;215
1;04-03-2025 19:30:49.466;04-03-2025 19:30:42.659;6807
1;04-03-2025 19:30:55.905;04-03-2025 19:30:53.128;2777
1;04-03-2025 19:31:11.617;04-03-2025 19:30:57.938;13679
1;04-03-2025 19:31:20.532;04-03-2025 19:31:12.866;7666
1;04-03-2025 19:31:32.308;04-03-2025 19:31:28.414;3894
1;04-03-2025 19:31:45.444;04-03-2025 19:31:40.227;5217
1;04-03-2025 19:31:50.768;04-03-2025 19:31:49.651;1117
1;04-03-2025 19:32:01.129;04-03-2025 19:31:59.979;1150
1;04-03-2025 19:32:04.969;04-03-2025 19:32:02.468;2501
1;04-03-2025 19:32:13.765;04-03-2025 19:32:10.519;3246
1;04-03-2025 19:32:30.492;04-03-2025 19:32:20.869;9623
1;04-03-2025 19:32:44.979;04-03-2025 19:32:32.327;12652
1;04-03-2025 19:32:52.454;04-03-2025 19:32:46.588;5866
1;04-03-2025 19:33:09.546;04-03-2025 19:32:53.796;15750
1;04-03-2025 19:33:10.706;04-03-2025 19:33:09.779;927
1;04-03-2025 19:33:19.828;04-03-2025 19:33:18.092;1736
1;04-03-2025 19:33:33.597;04-03-2025 19:33:23.762;9835
1;04-03-2025 19:33:44.076;04-03-2025 19:33:40.359;3717
1;04-03-2025 19:33:49.576;04-03-2025 19:33:45.582;3994
1;04-03-2025 19:34:04.182;04-03-2025 19:33:58.968;5214
1;04-03-2025 19:34:09.349;04-03-2025 19:34:08.973;376
1;04-03-2025 19:34:22.919;04-03-2025 19:34:14.456;8463
1;04-03-2025 19:34:28.873;04-03-2025 19:34:27.295;1578
1;04-03-2025 19:34:32.850;04-03-2025 19:34:29.576;3274
1;04-03-2025 19:34:55.887;04-03-2025 19:34:37.483;18404
1;04-03-2025 19:35:05.524;04-03-2025 19:34:59.842;5682
1;04-03-2025 19:35:17.937;04-03-2025 19:35:08.043;9894
1;04-03-2025 19:35:24.565;04-03-2025 19:35:23.011;1554
1;04-03-2025 19:35:27.942;04-03-2025 19:35:27.868;74
1;04-03-2025 19:35:37.911;04-03-2025 19:35:34.550;3361
1;04-03-2025 19:35:51.306;04-03-2025 19:35:43.557;7749
1;04-03-2025 19:36:00.946;04-03-2025 19:35:53.509;7437
1;04-03-2025 19:36:09.801;04-03-2025 19:36:09.745;56
1;04-03-2025 19:36:24.812;04-03-2025 19:36:16.095;8717
1;04-03-2025 19:36:29.366;04-03-2025 19:36:27.612;1754
1;04-03-2025 19:36:40.762;04-03-2025 19:36:30.964;9798
1;04-03-2025 19:37:01.625;04-03-2025 19:36:45.129;16496
1;04-03-2025 19:37:04.747;04-03-2025 19:37:03.476;1271
1;04-03-2025 19:37:09.231;04-03-2025 19:37:06.166;3065
1;04-03-2025 19:37:18.696;04-03-2025 19:37:10.688;8008
1;04-03-2025 19:37:24.461;04-03-2025 19:37:21.180;3281
1;04-03-2025 19:37:39.333;04-03-2025 19:37:35.092;4241
1;04-03-2025 19:37:55.637;04-03-2025 19:37:40.129;15508
1;04-03-2025 19:38:04.970;04-03-2025 19:38:00.732;4238
1;04-03-2025 19:38:12.065;04-03-2025 19:38:11.245;820
1;04-03-2025 19:38:23.509;04-03-2025 19:38:15.049;8460
1;04-03-2025 19:38:30.492;04-03-2025 19:38:28.722;1770
1;04-03-2025 19:38:40.160;04-03-2025 19:38:37.167;2993
1;04-03-2025 19:38:49.272;04-03-2025 19:38:48.943;329
1;04-03-2025 19:38:51.490;04-03-2025 19:38:51.383;107
1;04-03-2025 19:39:11.273;04-03-2025 19:39:06.949;4324
1;04-03-2025 19:39:13.230;04-03-2025 19:39:12.830;400
1;04-03-2025 19:39:39.679;04-03-2025 19:39:30.971;8708
1;04-03-2025 19:39:44.337;04-03-2025 19:39:40.533;3804
1;04-03-2025 19:39:45.813;04-03-2025 19:39:44.543;1270
1;04-03-2025 19:39:50.547;04-03-2025 19:39:48.971;1576
1;04-03-2025 19:40:06.798;04-03-2025 19:40:05.932;866
1;04-03-2025 19:40:10.536;04-03-2025 19:40:08.194;2342
1;04-03-2025 19:40:28.349;04-03-2025 19:40:24.333;4016
1;04-03-2025 19:40:42.995;04-03-2025 19:40:38.237;4758
1;04-03-2025 19:40:50.108;04-03-2025 19:40:48.505;1603
1;04-03-2025 19:40:54.266;04-03-2025 19:40:53.872;394
1;04-03-2025 19:41:19.886;04-03-2025 19:41:13.756;6130
1;04-03-2025 19:41:25.326;04-03-2025 19:41:21.049;4277
1;04-03-2025 19:41:25.691;04-03-2025 19:41:25.427;264
1;04-03-2025 19:41:38.158;04-03-2025 19:41:35.683;2475
1;04-03-2025 19:41:47.265;04-03-2025 19:41:41.450;5815
1;04-03-2025 19:41:52.795;04-03-2025 19:41:50.900;1895
1;04-03-2025 19:42:07.878;04-03-2025 19:42:06.645;1233
1;04-03-2025 19:42:19.026;04-03-2025 19:42:17.951;1075
1;04-03-2025 19:42:25.749;04-03-2025 19:42:24.781;968
1;04-03-2025 19:42:45.304;04-03-2025 19:42:41.756;3548
1;04-03-2025 19:42:50.665;04-03-2025 19:42:48.250;2415
1;04-03-2025 19:43:06.152;04-03-2025 19:43:02.560;3592
1;04-03-2025 19:43:14.795;04-03-2025 19:43:10.665;4130
1;04-03-2025 19:43:24.239;04-03-2025 19:43:20.049;4190
1;04-03-2025 19:43:32.374;04-03-2025 19:43:24.763;7611
1;04-03-2025 19:43:48.433;04-03-2025 19:43:42.434;5999
1;04-03-2025 19:43:53.190;04-03-2025 19:43:52.171;1019
1;04-03-2025 19:44:03.684;04-03-2025 19:44:02.802;882
1;04-03-2025 19:44:17.970;04-03-2025 19:44:06.816;11154
1;04-03-2025 19:44:22.591;04-03-2025 19:44:18.756;3835
1;04-03-2025 19:44:35.949;04-03-2025 19:44:29.651;6298
1;04-03-2025 19:44:49.661;04-03-2025 19:44:38.006;11655
1;04-03-2025 19:44:53.916;04-03-2025 19:44:51.259;2657
1;04-03-2025 19:44:59.812;04-03-2025 19:44:54.232;5580
1;04-03-2025 19:45:05.533;04-03-2025 19:45:05.353;180
1;04-03-2025 19:45:15.729;04-03-2025 19:45:11.592;4137
1;04-03-2025 19:45:33.547;04-03-2025 19:45:32.468;1079
1;04-03-2025 19:45:36.914;04-03-2025 19:45:33.573;3341
1;04-03-2025 19:45:41.119;04-03-2025 19:45:40.617;502
1;04-03-2025 19:45:54.465;04-03-2025 19:45:50.598;3867
1;04-03-2025 19:46:10.638;04-03-2025 19:46:10.506;132
1;04-03-2025 19:46:16.825;04-03-2025 19:46:14.497;2328
1;04-03-2025 19:46:28.118;04-03-2025 19:46:22.216;5902
1;04-03-2025 19:46:39.680;04-03-2025 19:46:32.255;7425
1;04-03-2025 19:46:47.609;04-03-2025 19:46:43.601;4008
1;04-03-2025 19:47:06.733;04-03-2025 19:46:47.804;18929
1;04-03-2025 19:47:14.104;04-03-2025 19:47:12.539;1565
1;04-03-2025 19:47:26.224;04-03-2025 19:47:21.021;5203
1;04-03-2025 19:47:35.722;04-03-2025 19:47:31.077;4645
1;04-03-2025 19:47:39.572;04-03-2025 19:47:36.323;3249
1;04-03-2025 19:47:55.244;04-03-2025 19:47:51.311;3933
1;04-03-2025 19:48:08.212;04-03-2025 19:47:59.497;8715
1;04-03-2025 19:48:13.514;04-03-2025 19:48:12.287;1227
1;04-03-2025 19:48:20.369;04-03-2025 19:48:18.691;1678
1;04-03-2025 19:48:29.859;04-03-2025 19:48:28.717;1142
1;04-03-2025 19:48:36.856;04-03-2025 19:48:35.280;1576
1;04-03-2025 19:48:57.591;04-03-2025 19:48:47.012;10579
1;04-03-2025 19:49:02.202;04-03-2025 19:49:00.397;1805
1;04-03-2025 19:49:16.449;04-03-2025 19:49:12.064;4385
1;04-03-2025 19:49:18.774;04-03-2025 19:49:18.369;405
1;04-03-2025 19:49:33.784;04-03-2025 19:49:20.324;13460
1;04-03-2025 19:49:41.557;04-03-2025 19:49:39.629;1928
1;04-03-2025 19:49:59.563;04-03-2025 19:49:46.878;12685
1;04-03-2025 19:50:04.701;04-03-2025 19:50:00.378;4323
1;04-03-2025 19:50:13.738;04-03-2025 19:50:07.750;5988
1;04-03-2025 19:50:22.364;04-03-2025 19:50:13.912;8452
1;04-03-2025 19:50:38.164;04-03-2025 19:50:24.863;13301
1;04-03-2025 19:50:48.756;04-03-2025 19:50:40.692;8064
1;04-03-2025 19:50:53.739;04-03-2025 19:50:48.771;4968
1;04-03-2025 19:50:59.798;04-03-2025 19:50:58.765;1033
1;04-03-2025 19:51:08.956;04-03-2025 19:51:07.995;961
1;04-03-2025 19:51:18.733;04-03-2025 19:51:17.755;978
1;04-03-2025 19:51:33.947;04-03-2025 19:51:29.076;4871
1;04-03-2025 19:51:50.923;04-03-2025 19:51:37.022;13901
1;04-03-2025 19:51:55.732;04-03-2025 19:51:55.644;88
1;04-03-2025 19:52:07.559;04-03-2025 19:52:02.746;4813
1;04-03-2025 19:52:14.699;04-03-2025 19:52:14.447;252
1;04-03-2025 19:52:19.326;04-03-2025 19:52:18.016;1310
1;04-03-2025 19:52:32.730;04-03-2025 19:52:30.276;2454
1;04-03-2025 19:52:49.417;04-03-2025 19:52:36.295;13122
1;04-03-2025 19:52:54.434;04-03-2025 19:52:53.592;842
1;04-03-2025 19:53:00.420;04-03-2025 19:52:55.661;4759
1;04-03-2025 19:53:04.062;04-03-2025 19:53:01.492;2570
1;04-03-2025 19:53:16.317;04-03-2025 19:53:10.351;5966
1;04-03-2025 19:53:29.355;04-03-2025 19:53:27.650;1705
1;04-03-2025 19:53:35.936;04-03-2025 19:53:35.555;381
1;04-03-2025 19:53:44.838;04-03-2025 19:53:36.661;8177
1;04-03-2025 19:54:00.408;04-03-2025 19:53:51.831;8577
1;04-03-2025 19:54:08.486;04-03-2025 19:54:00.598;7888
1;04-03-2025 19:54:12.973;04-03-2025 19:54:09.660;3313
1;04-03-2025 19:54:40.566;04-03-2025 19:54:30.400;10166
1;04-03-2025 19:54:44.159;04-03-2025 19:54:41.954;2205
1;04-03-2025 19:54:54.365;04-03-2025 19:54:50.612;3753
1;04-03-2025 19:54:56.104;04-03-2025 19:54:54.561;1543
1;04-03-2025 19:55:03.402;04-03-2025 19:54:58.167;5235
1;04-03-2025 19:55:24.342;04-03-2025 19:55:17.264;7078
1;04-03-2025 19:55:30.878;04-03-2025 19:55:24.595;6283
1;04-03-2025 19:55:41.944;04-03-2025 19:55:30.970;10974
1;04-03-2025 19:55:57.813;04-03-2025 19:55:51.046;6767
1;04-03-2025 19:56:01.420;04-03-2025 19:55:59.617;1803
1;04-03-2025 19:56:10.161;04-03-2025 19:56:07.073;3088
1;04-03-2025 19:56:17.724;04-03-2025 19:56:16.046;1678
1;04-03-2025 19:56:41.007;04-03-2025 19:56:25.947;15060
1;04-03-2025 19:56:45.428;04-03-2025 19:56:41.921;3507
1;04-03-2025 19:56:47.257;04-03-2025 19:56:45.649;1608
1;04-03-2025 19:57:05.275;04-03-2025 19:57:04.544;731
1;04-03-2025 19:57:13.043;04-03-2025 19:57:06.927;6116
1;04-03-2025 19:57:18.942;04-03-2025 19:57:15.437;3505
1;04-03-2025 19:57:41.234;04-03-2025 19:57:24.325;16909
1;04-03-2025 19:57:51.993;04-03-2025 19:57:46.453;5540
1;04-03-2025 19:57:53.241;04-03-2025 19:57:52.483;758
1;04-03-2025 19:57:56.361;04-03-2025 19:57:54.731;1630
1;04-03-2025 19:58:14.933;04-03-2025 19:58:01.579;13354
1;04-03-2025 19:58:24.338;04-03-2025 19:58:16.936;7402
1;04-03-2025 19:58:39.214;04-03-2025 19:58:27.902;11312
1;04-03-2025 19:58:44.770;04-03-2025 19:58:40.191;4579
1;04-03-2025 19:58:50.005;04-03-2025 19:58:48.580;1425
1;04-03-2025 19:58:57.574;04-03-2025 19:58:51.716;5858
1;04-03-2025 19:59:06.754;04-03-2025 19:59:01.515;5239
1;04-03-2025 19:59:17.906;04-03-2025 19:59:11.223;6683
1;04-03-2025 19:59:32.313;04-03-2025 19:59:21.387;10926
1;04-03-2025 19:59:47.516;04-03-2025 19:59:35.247;12269
1;04-03-2025 19:59:48.424;04-03-2025 19:59:48.250;174
1;04-03-2025 19:59:54.064;04-03-2025 19:59:51.337;2727
1;04-03-2025 20:00:17.675;04-03-2025 20:00:06.412;11263
1;04-03-2025 20:00:24.173;04-03-2025 20:00:21.648;2525
1;04-03-2025 20:00:36.835;04-03-2025 20:00:29.686;7149
1;04-03-2025 20:00:47.964;04-03-2025 20:00:38.323;9641
1;04-03-2025 20:00:51.014;04-03-2025 20:00:48.019;2995
1;04-03-2025 20:00:54.997;04-03-2025 20:00:53.243;1754
1;04-03-2025 20:01:16.286;04-03-2025 20:01:08.641;7645
1;04-03-2025 20:01:22.844;04-03-2025 20:01:19.575;3269
1;04-03-2025 20:01:31.213;04-03-2025 20:01:25.421;5792
1;04-03-2025 20:01:38.393;04-03-2025 20:01:34.385;4008
1;04-03-2025 20:01:51.487;04-03-2025 20:01:48.961;2526
1;04-03-2025 20:01:58.881;04-03-2025 20:01:56.693;2188
1;04-03-2025 20:02:15.796;04-03-2025 20:02:02.314;13482
1;04-03-2025 20:02:27.919;04-03-2025 20:02:22.600;5319
1;04-03-2025 20:02:35.195;04-03-2025 20:02:34.147;1048
1;04-03-2025 20:02:48.930;04-03-2025 20:02:39.802;9128
1;04-03-2025 20:02:51.723;04-03-2025 20:02:51.364;359
1;04-03-2025 20:02:57.308;04-03-2025 20:02:55.134;2174
1;04-03-2025 20:03:06.090;04-03-2025 20:02:58.439;7651
1;04-03-2025 20:03:21.210;04-03-2025 20:03:13.401;7809
1;04-03-2025 20:03:27.766;04-03-2025 20:03:26.351;1415
1;04-03-2025 20:03:39.699;04-03-2025 20:03:32.701;6998
1;04-03-2025 20:03:55.126;04-03-2025 20:03:53.273;1853
1;04-03-2025 20:04:02.825;04-03-2025 20:03:57.651;5174
1;04-03-2025 20:04:09.531;04-03-2025 20:04:03.808;5723
1;04-03-2025 20:04:19.987;04-03-2025 20:04:19.093;894
1;04-03-2025 20:04:26.821;04-03-2025 20:04:24.561;2260
1;04-03-2025 20:04:33.070;04-03-2025 20:04:28.197;4873
1;04-03-2025 20:04:45.797;04-03-2025 20:04:42.192;3605
1;04-03-2025 20:04:59.851;04-03-2025 20:04:46.742;13109
1;04-03-2025 20:05:10.740;04-03-2025 20:05:04.893;5847
1;04-03-2025 20:05:28.889;04-03-2025 20:05:28.752;137
1;04-03-2025 20:05:29.761;04-03-2025 20:05:29.310;451
1;04-03-2025 20:05:39.711;04-03-2025 20:05:32.247;7464
1;04-03-2025 20:05:49.051;04-03-2025 20:05:45.590;3461
1;04-03-2025 20:06:03.744;04-03-2025 20:06:02.477;1267
1;04-03-2025 20:06:05.908;04-03-2025 20:06:03.908;2000
1;04-03-2025 20:06:17.605;04-03-2025 20:06:07.547;10058
1;04-03-2025 20:06:30.593;04-03-2025 20:06:18.516;12077
1;04-03-2025 20:06:32.252;04-03-2025 20:06:31.931;321
1;04-03-2025 20:06:54.577;04-03-2025 20:06:36.623;17954
1;04-03-2025 20:06:59.762;04-03-2025 20:06:57.151;2611
1;04-03-2025 20:07:20.226;04-03-2025 20:07:17.875;2351
1;04-03-2025 20:07:21.897;04-03-2025 20:07:21.209;688
1;04-03-2025 20:07:27.481;04-03-2025 20:07:25.272;2209
1;04-03-2025 20:07:37.042;04-03-2025 20:07:29.584;7458
1;04-03-2025 20:07:45.791;04-03-2025 20:07:39.085;6706
1;04-03-2025 20:07:56.273;04-03-2025 20:07:47.007;9266
1;04-03-2025 20:08:03.208;04-03-2025 20:07:56.471;6737
1;04-03-2025 20:08:23.084;04-03-2025 20:08:18.226;4858
1;04-03-2025 20:08:28.291;04-03-2025 20:08:24.026;4265
1;04-03-2025 20:08:46.947;04-03-2025 20:08:34.465;12482
1;04-03-2025 20:08:48.659;04-03-2025 20:08:47.029;1630
1;04-03-2025 20:08:52.685;04-03-2025 20:08:51.967;718
1;04-03-2025 20:09:10.045;04-03-2025 20:09:00.627;9418
1;04-03-2025 20:09:27.609;04-03-2025 20:09:16.962;10647
1;04-03-2025 20:09:30.049;04-03-2025 20:09:28.167;1882
1;04-03-2025 20:09:40.395;04-03-2025 20:09:31.542;8853
1;04-03-2025 20:09:48.608;04-03-2025 20:09:44.323;4285
1;04-03-2025 20:09:50.560;04-03-2025 20:09:48.721;1839
1;04-03-2025 20:10:08.658;04-03-2025 20:10:06.350;2308
1;04-03-2025 20:10:11.781;04-03-2025 20:10:09.351;2430
1;04-03-2025 20:10:30.674;04-03-2025 20:10:20.862;9812
1;04-03-2025 20:10:39.005;04-03-2025 20:10:36.413;2592
1;04-03-2025 20:10:49.479;04-03-2025 20:10:48.733;746
1;04-03-2025 20:10:57.277;04-03-2025 20:10:54.705;2572
1;04-03-2025 20:11:11.326;04-03-2025 20:11:10.834;492
1;04-03-2025 20:11:21.041;04-03-2025 20:11:16.849;4192
1;04-03-2025 20:11:34.438;04-03-2025 20:11:25.998;8440
1;04-03-2025 20:11:43.473;04-03-2025 20:11:39.615;3858
1;04-03-2025 20:11:45.851;04-03-2025 20:11:44.943;908
1;04-03-2025 20:12:01.241;04-03-2025 20:11:51.505;9736
1;04-03-2025 20:12:19.181;04-03-2025 20:12:12.378;6803
1;04-03-2025 20:12:31.398;04-03-2025 20:12:29.110;2288
1;04-03-2025 20:12:37.981;04-03-2025 20:12:32.313;5668
1;04-03-2025 20:12:49.066;04-03-2025 20:12:44.080;4986
1;04-03-2025 20:12:58.597;04-03-2025 20:12:52.227;6370
1;04-03-2025 20:12:59.473;04-03-2025 20:12:58.868;605
1;04-03-2025 20:13:05.837;04-03-2025 20:13:02.764;3073
1;04-03-2025 20:13:23.535;04-03-2025 20:13:06.413;17122
1;04-03-2025 20:13:26.196;04-03-2025 20:13:25.913;283
1;04-03-2025 20:13:42.392;04-03-2025 20:13:26.307;16085
1;04-03-2025 20:13:51.567;04-03-2025 20:13:44.921;6646
1;04-03-2025 20:13:57.563;04-03-2025 20:13:53.476;4087
1;04-03-2025 20:14:06.541;04-03-2025 20:14:03.876;2665
1;04-03-2025 20:14:14.004;04-03-2025 20:14:12.937;1067
1;04-03-2025 20:14:28.122;04-03-2025 20:14:22.494;5628
1;04-03-2025 20:14:44.522;04-03-2025 20:14:39.013;5509
1;04-03-2025 20:14:51.732;04-03-2025 20:14:49.519;2213
1;04-03-2025 20:14:58.610;04-03-2025 20:14:52.017;6593
1;04-03-2025 20:15:10.433;04-03-2025 20:15:08.347;2086
1;04-03-2025 20:15:17.765;04-03-2025 20:15:12.081;5684
1;04-03-2025 20:15:36.954;04-03-2025 20:15:28.364;8590
1;04-03-2025 20:15:40.997;04-03-2025 20:15:40.244;753
1;04-03-2025 20:15:52.597;04-03-2025 20:15:46.626;5971
1;04-03-2025 20:16:00.124;04-03-2025 20:15:54.939;5185
1;04-03-2025 20:16:13.500;04-03-2025 20:16:01.870;11630
1;04-03-2025 20:16:16.648;04-03-2025 20:16:16.452;196
1;04-03-2025 20:16:40.335;04-03-2025 20:16:26.245;14090
1;04-03-2025 20:16:46.125;04-03-2025 20:16:41.380;4745
1;04-03-2025 20:16:56.032;04-03-2025 20:16:50.257;5775
1;04-03-2025 20:16:58.043;04-03-2025 20:16:57.448;595
1;04-03-2025 20:17:10.933;04-03-2025 20:17:00.949;9984
1;04-03-2025 20:17:15.138;04-03-2025 20:17:15.072;66
1;04-03-2025 20:17:28.160;04-03-2025 20:17:15.958;12202
1;04-03-2025 20:17:50.600;04-03-2025 20:17:48.571;2029
1;04-03-2025 20:17:57.306;04-03-2025 20:17:54.516;2790
1;04-03-2025 20:18:01.018;04-03-2025 20:17:58.645;2373
1;04-03-2025 20:18:05.896;04-03-2025 20:18:01.447;4449
1;04-03-2025 20:18:22.951;04-03-2025 20:18:12.109;10842
1;04-03-2025 20:18:37.109;04-03-2025 20:18:28.118;8991
1;04-03-2025 20:18:42.849;04-03-2025 20:18:40.765;2084
1;04-03-2025 20:18:48.143;04-03-2025 20:18:46.790;1353
1;04-03-2025 20:18:50.745;04-03-2025 20:18:50.545;200
1;04-03-2025 20:19:17.894;04-03-2025 20:19:10.739;7155
1;04-03-2025 20:19:26.476;04-03-2025 20:19:23.991;2485
1;04-03-2025 20:19:31.232;04-03-2025 20:19:27.889;3343
1;04-03-2025 20:19:47.764;04-03-2025 20:19:33.956;13808
1;04-03-2025 20:20:05.133;04-03-2025 20:19:49.242;15891
1;04-03-2025 20:20:06.218;04-03-2025 20:20:05.142;1076
1;04-03-2025 20:20:15.104;04-03-2025 20:20:12.911;2193
1;04-03-2025 20:20:19.187;04-03-2025 20:20:16.379;2808
1;04-03-2025 20:20:34.308;04-03-2025 20:20:20.368;13940
1;04-03-2025 20:20:36.617;04-03-2025 20:20:35.742;875
1;04-03-2025 20:20:56.525;04-03-2025 20:20:39.581;16944
1;04-03-2025 20:20:59.751;04-03-2025 20:20:59.186;565
1;04-03-2025 20:21:07.884;04-03-2025 20:21:03.087;4797
1;04-03-2025 20:21:13.535;04-03-2025 20:21:09.076;4459
1;04-03-2025 20:21:32.206;04-03-2025 20:21:13.958;18248
1;04-03-2025 20:21:37.066;04-03-2025 20:21:36.344;722
1;04-03-2025 20:21:52.436;04-03-2025 20:21:43.279;9157
1;04-03-2025 20:22:05.602;04-03-2025 20:21:54.403;11199
1;04-03-2025 20:22:10.753;04-03-2025 20:22:09.442;1311
1;04-03-2025 20:22:20.728;04-03-2025 20:22:18.380;2348
1;04-03-2025 20:22:37.278;04-03-2025 20:22:24.803;12475
1;04-03-2025 20:22:39.160;04-03-2025 20:22:38.722;438
1;04-03-2025 20:22:56.568;04-03-2025 20:22:56.276;292
1;04-03-2025 20:23:02.087;04-03-2025 20:22:59.606;2481
1;04-03-2025 20:23:03.132;04-03-2025 20:23:02.445;687
1;04-03-2025 20:23:25.423;04-03-2025 20:23:11.391;14032
1;04-03-2025 20:23:35.444;04-03-2025 20:23:30.294;5150
1;04-03-2025 20:23:37.964;04-03-2025 20:23:36.378;1586
1;04-03-2025 20:23:46.627;04-03-2025 20:23:37.980;8647
1;04-03-2025 20:24:02.278;04-03-2025 20:24:02.228;50
1;04-03-2025 20:24:04.606;04-03-2025 20:24:03.717;889
1;04-03-2025 20:24:13.163;04-03-2025 20:24:10.546;2617
1;04-03-2025 20:24:30.908;04-03-2025 20:24:26.258;4650
1;04-03-2025 20:24:40.316;04-03-2025 20:24:33.185;7131
1;04-03-2025 20:24:47.990;04-03-2025 20:24:44.155;3835
1;04-03-2025 20:25:03.115;04-03-2025 20:24:53.317;9798
1;04-03-2025 20:25:14.705;04-03-2025 20:25:06.865;7840
1;04-03-2025 20:25:23.227;04-03-2025 20:25:16.261;6966
1;04-03-2025 20:25:23.797;04-03-2025 20:25:23.308;489
1;04-03-2025 20:25:36.054;04-03-2025 20:25:31.031;5023
1;04-03-2025 20:25:55.050;04-03-2025 20:25:40.271;14779
1;04-03-2025 20:26:03.562;04-03-2025 20:26:03.468;94
1;04-03-2025 20:26:06.763;04-03-2025 20:26:03.664;3099
1;04-03-2025 20:26:18.721;04-03-2025 20:26:16.135;2586
1;04-03-2025 20:26:29.943;04-03-2025 20:26:23.955;5988
1;04-03-2025 20:26:35.315;04-03-2025 20:26:32.504;2811
1;04-03-2025 20:26:45.775;04-03-2025 20:26:38.035;7740
1;04-03-2025 20:27:07.392;04-03-2025 20:26:47.774;19618
1;04-03-2025 20:27:11.224;04-03-2025 20:27:08.247;2977
1;04-03-2025 20:27:17.249;04-03-2025 20:27:15.461;1788
1;04-03-2025 20:27:35.761;04-03-2025 20:27:30.084;5677
1;04-03-2025 20:27:43.061;04-03-2025 20:27:40.902;2159
1;04-03-2025 20:27:48.364;04-03-2025 20:27:43.323;5041
1;04-03-2025 20:27:59.967;04-03-2025 20:27:56.661;3306
1;04-03-2025 20:28:13.654;04-03-2025 20:28:00.289;13365
1;04-03-2025 20:28:21.453;04-03-2025 20:28:20.470;983
1;04-03-2025 20:28:26.366;04-03-2025 20:28:25.411;955
1;04-03-2025 20:28:30.032;04-03-2025 20:28:27.599;2433
1;04-03-2025 20:28:53.629;04-03-2025 20:28:45.095;8534
1;04-03-2025 20:29:04.669;04-03-2025 20:28:57.337;7332
1;04-03-2025 20:29:09.014;04-03-2025 20:29:07.316;1698
1;04-03-2025 20:29:17.969;04-03-2025 20:29:12.065;5904
1;04-03-2025 20:29:30.674;04-03-2025 20:29:21.311;9363
1;04-03-2025 20:29:36.201;04-03-2025 20:29:30.874;5327
1;04-03-2025 20:29:55.191;04-03-2025 20:29:39.970;15221
1;04-03-2025 20:29:57.073;04-03-2025 20:29:55.324;1749
1;04-03-2025 20:30:07.578;04-03-2025 20:29:58.246;9332
1;04-03-2025 20:30:23.352;04-03-2025 20:30:15.358;7994
1;04-03-2025 20:30:25.325;04-03-2025 20:30:23.838;1487
1;04-03-2025 20:30:37.215;04-03-2025 20:30:31.229;5986
1;04-03-2025 20:30:50.447;04-03-2025 20:30:47.907;2540
1;04-03-2025 20:30:55.206;04-03-2025 20:30:55.015;191
1;04-03-2025 20:31:12.419;04-03-2025 20:31:07.919;4500
1;04-03-2025 20:31:22.701;04-03-2025 20:31:12.857;9844
1;04-03-2025 20:31:32.452;04-03-2025 20:31:29.603;2849
1;04-03-2025 20:31:36.369;04-03-2025 20:31:34.079;2290
1;04-03-2025 20:31:50.163;04-03-2025 20:31:42.550;7613
1;04-03-2025 20:32:02.339;04-03-2025 20:31:57.162;5177
1;04-03-2025 20:32:09.120;04-03-2025 20:32:08.075;1045
1;04-03-2025 20:32:20.433;04-03-2025 20:32:17.774;2659
1;04-03-2025 20:32:35.541;04-03-2025 20:32:20.975;14566
1;04-03-2025 20:32:39.182;04-03-2025 20:32:38.785;397
1;04-03-2025 20:32:51.984;04-03-2025 20:32:48.896;3088
1;04-03-2025 20:32:57.445;04-03-2025 20:32:56.232;1213
1;04-03-2025 20:33:19.421;04-03-2025 20:33:03.448;15973
1;04-03-2025 20:33:25.025;04-03-2025 20:33:22.468;2557
1;04-03-2025 20:33:34.314;04-03-2025 20:33:27.389;6925
1;04-03-2025 20:33:40.117;04-03-2025 20:33:38.955;1162
1;04-03-2025 20:33:45.595;04-03-2025 20:33:41.392;4203
1;04-03-2025 20:33:59.516;04-03-2025 20:33:48.403;11113
1;04-03-2025 20:34:08.150;04-03-2025 20:34:01.315;6835
1;04-03-2025 20:34:24.605;04-03-2025 20:34:13.751;10854
1;04-03-2025 20:34:28.610;04-03-2025 20:34:26.023;2587
1;04-03-2025 20:34:41.547;04-03-2025 20:34:36.367;5180
1;04-03-2025 20:34:47.690;04-03-2025 20:34:43.205;4485
1;04-03-2025 20:34:49.311;04-03-2025 20:34:48.501;810
1;04-03-2025 20:34:59.559;04-03-2025 20:34:57.241;2318
1;04-03-2025 20:35:18.819;04-03-2025 20:35:16.115;2704
1;04-03-2025 20:35:29.845;04-03-2025 20:35:25.808;4037
1;04-03-2025 20:35:35.748;04-03-2025 20:35:34.685;1063
1;04-03-2025 20:35:49.802;04-03-2025 20:35:47.191;2611
1;04-03-2025 20:35:55.988;04-03-2025 20:35:54.023;1965
1;04-03-2025 20:36:12.402;04-03-2025 20:36:11.391;1011
1;04-03-2025 20:36:26.439;04-03-2025 20:36:22.246;4193
1;04-03-2025 20:36:34.084;04-03-2025 20:36:27.613;6471
1;04-03-2025 20:36:37.371;04-03-2025 20:36:34.717;2654
1;04-03-2025 20:36:40.398;04-03-2025 20:36:38.293;2105
1;04-03-2025 20:37:01.483;04-03-2025 20:36:53.009;8474
1;04-03-2025 20:37:08.532;04-03-2025 20:37:07.277;1255
1;04-03-2025 20:37:13.351;04-03-2025 20:37:13.083;268
1;04-03-2025 20:37:23.567;04-03-2025 20:37:18.401;5166
1;04-03-2025 20:37:32.369;04-03-2025 20:37:31.172;1197
1;04-03-2025 20:37:44.914;04-03-2025 20:37:41.258;3656
1;04-03-2025 20:38:01.833;04-03-2025 20:38:00.898;935
1;04-03-2025 20:38:10.863;04-03-2025 20:38:08.508;2355
1;04-03-2025 20:38:22.224;04-03-2025 20:38:22.093;131
1;04-03-2025 20:38:27.535;04-03-2025 20:38:22.727;4808
1;04-03-2025 20:38:38.796;04-03-2025 20:38:35.443;3353
1;04-03-2025 20:38:42.753;04-03-2025 20:38:39.552;3201
1;04-03-2025 20:39:07.725;04-03-2025 20:38:56.174;11551
1;04-03-2025 20:39:11.069;04-03-2025 20:39:08.239;2830
1;04-03-2025 20:39:21.041;04-03-2025 20:39:16.446;4595
1;04-03-2025 20:39:32.358;04-03-2025 20:39:21.239;11119
1;04-03-2025 20:39:35.780;04-03-2025 20:39:34.842;938
1;04-03-2025 20:39:45.721;04-03-2025 20:39:36.955;8766
1;04-03-2025 20:39:48.173;04-03-2025 20:39:45.953;2220
1;04-03-2025 20:40:10.585;04-03-2025 20:39:59.589;10996
1;04-03-2025 20:40:25.937;04-03-2025 20:40:11.843;14094
1;04-03-2025 20:40:32.385;04-03-2025 20:40:32.083;302
1;04-03-2025 20:40:39.013;04-03-2025 20:40:34.361;4652
1;04-03-2025 20:40:47.676;04-03-2025 20:40:44.667;3009
1;04-03-2025 20:41:01.643;04-03-2025 20:41:01.098;545
1;04-03-2025 20:41:10.986;04-03-2025 20:41:08.272;2714
1;04-03-2025 20:41:22.641;04-03-2025 20:41:13.167;9474
1;04-03-2025 20:41:30.347;04-03-2025 20:41:26.909;3438
1;04-03-2025 20:41:38.525;04-03-2025 20:41:32.906;5619
1;04-03-2025 20:41:51.237;04-03-2025 20:41:46.053;5184
1;04-03-2025 20:41:56.123;04-03-2025 20:41:52.906;3217
1;04-03-2025 20:42:17.789;04-03-2025 20:42:13.274;4515
1;04-03-2025 20:42:24.054;04-03-2025 20:42:17.899;6155
1;04-03-2025 20:42:30.182;04-03-2025 20:42:26.357;3825
1;04-03-2025 20:42:37.074;04-03-2025 20:42:33.863;3211
1;04-03-2025 20:42:51.179;04-03-2025 20:42:39.217;11962
1;04-03-2025 20:42:57.237;04-03-2025 20:42:51.484;5753
1;04-03-2025 20:43:05.616;04-03-2025 20:43:00.687;4929
1;04-03-2025 20:43:28.412;04-03-2025 20:43:21.081;7331
1;04-03-2025 20:43:38.004;04-03-2025 20:43:29.997;8007
1;04-03-2025 20:43:45.120;04-03-2025 20:43:44.243;877
1;04-03-2025 20:43:48.246;04-03-2025 20:43:46.121;2125
1;04-03-2025 20:43:54.317;04-03-2025 20:43:52.069;2248
1;04-03-2025 20:44:03.616;04-03-2025 20:44:03.414;202
1;04-03-2025 20:44:21.959;04-03-2025 20:44:07.132;14827
1;04-03-2025 20:44:36.055;04-03-2025 20:44:33.888;2167
1;04-03-2025 20:44:43.468;04-03-2025 20:44:37.671;5797
1;04-03-2025 20:45:01.249;04-03-2025 20:44:54.051;7198
1;04-03-2025 20:45:10.600;04-03-2025 20:45:01.907;8693
1;04-03-2025 20:45:15.980;04-03-2025 20:45:12.123;3857
1;04-03-2025 20:45:18.712;04-03-2025 20:45:17.868;844
1;04-03-2025 20:45:31.191;04-03-2025 20:45:19.812;11379
1;04-03-2025 20:45:35.494;04-03-2025 20:45:33.062;2432
1;04-03-2025 20:46:00.526;04-03-2025 20:45:41.195;19331
1;04-03-2025 20:46:02.451;04-03-2025 20:46:02.126;325
1;04-03-2025 20:46:07.486;04-03-2025 20:46:06.642;844
1;04-03-2025 20:46:15.665;04-03-2025 20:46:10.117;5548
1;04-03-2025 20:46:23.670;04-03-2025 20:46:20.068;3602
1;04-03-2025 20:46:46.959;04-03-2025 20:46:30.586;16373
1;04-03-2025 20:46:54.625;04-03-2025 20:46:52.746;1879
1;04-03-2025 20:47:02.786;04-03-2025 20:47:02.558;228
1;04-03-2025 20:47:15.564;04-03-2025 20:47:02.858;12706
1;04-03-2025 20:47:23.753;04-03-2025 20:47:21.264;2489
1;04-03-2025 20:47:25.320;04-03-2025 20:47:23.912;1408
1;04-03-2025 20:47:34.000;04-03-2025 20:47:32.230;1770
1;04-03-2025 20:47:45.833;04-03-2025 20:47:39.373;6460
1;04-03-2025 20:47:58.725;04-03-2025 20:47:48.659;10066
1;04-03-2025 20:48:11.608;04-03-2025 20:48:04.776;6832
1;04-03-2025 20:48:24.172;04-03-2025 20:48:17.471;6701
1;04-03-2025 20:48:30.337;04-03-2025 20:48:25.714;4623
1;04-03-2025 20:48:35.026;04-03-2025 20:48:33.552;1474
1;04-03-2025 20:48:41.966;04-03-2025 20:48:39.466;2500
1;04-03-2025 20:48:58.517;04-03-2025 20:48:47.065;11452
1;04-03-2025 20:49:15.785;04-03-2025 20:49:15.029;756
1;04-03-2025 20:49:17.002;04-03-2025 20:49:16.992;10
1;04-03-2025 20:49:33.092;04-03-2025 20:49:19.389;13703
1;04-03-2025 20:49:38.756;04-03-2025 20:49:33.386;5370
1;04-03-2025 20:49:50.373;04-03-2025 20:49:47.297;3076
1;04-03-2025 20:50:02.492;04-03-2025 20:49:58.986;3506
1;04-03-2025 20:50:06.959;04-03-2025 20:50:05.250;1709
1;04-03-2025 20:50:19.678;04-03-2025 20:50:11.523;8155
1;04-03-2025 20:50:29.448;04-03-2025 20:50:25.112;4336
1;04-03-2025 20:50:49.863;04-03-2025 20:50:39.018;10845
1;04-03-2025 20:50:56.086;04-03-2025 20:50:52.619;3467
1;04-03-2025 20:50:57.841;04-03-2025 20:50:56.298;1543
1;04-03-2025 20:51:13.757;04-03-2025 20:51:05.811;7946
1;04-03-2025 20:51:24.323;04-03-2025 20:51:21.617;2706
1;04-03-2025 20:51:36.630;04-03-2025 20:51:35.409;1221
1;04-03-2025 20:51:41.657;04-03-2025 20:51:40.700;957
1;04-03-2025 20:52:05.753;04-03-2025 20:51:52.110;13643
1;04-03-2025 20:52:08.450;04-03-2025 20:52:07.155;1295
1;04-03-2025 20:52:14.376;04-03-2025 20:52:13.604;772
1;04-03-2025 20:52:28.652;04-03-2025 20:52:16.217;12435
1;04-03-2025 20:52:33.743;04-03-2025 20:52:31.954;1789
1;04-03-2025 20:52:37.756;04-03-2025 20:52:35.894;1862
1;04-03-2025 20:52:45.853;04-03-2025 20:52:40.152;5701
1;04-03-2025 20:53:03.685;04-03-2025 20:52:58.767;4918
1;04-03-2025 20:53:14.847;04-03-2025 20:53:05.253;9594
1;04-03-2025 20:53:20.751;04-03-2025 20:53:16.454;4297
1;04-03-2025 20:53:29.210;04-03-2025 20:53:27.358;1852
1;04-03-2025 20:53:35.532;04-03-2025 20:53:33.646;1886
1;04-03-2025 20:53:58.708;04-03-2025 20:53:54.512;4196
1;04-03-2025 20:54:02.100;04-03-2025 20:53:59.314;2786
1;04-03-2025 20:54:08.198;04-03-2025 20:54:04.028;4170
1;04-03-2025 20:54:15.985;04-03-2025 20:54:12.907;3078
1;04-03-2025 20:54:19.035;04-03-2025 20:54:18.329;706
1;04-03-2025 20:54:47.826;04-03-2025 20:54:45.962;1864
1;04-03-2025 20:54:54.049;04-03-2025 20:54:50.970;3079
1;04-03-2025 20:54:55.160;04-03-2025 20:54:54.133;1027
1;04-03-2025 20:55:10.901;04-03-2025 20:54:56.794;14107
1;04-03-2025 20:55:15.780;04-03-2025 20:55:14.362;1418
1;04-03-2025 20:55:31.254;04-03-2025 20:55:27.919;3335
1;04-03-2025 20:55:41.458;04-03-2025 20:55:40.824;634
1;04-03-2025 20:55:44.704;04-03-2025 20:55:44.231;473
1;04-03-2025 20:56:02.114;04-03-2025 20:55:47.493;14621
1;04-03-2025 20:56:11.186;04-03-2025 20:56:04.139;7047
1;04-03-2025 20:56:23.614;04-03-2025 20:56:20.887;2727
1;04-03-2025 20:56:35.895;04-03-2025 20:56:29.968;5927
1;04-03-2025 20:56:41.664;04-03-2025 20:56:37.028;4636
1;04-03-2025 20:56:55.334;04-03-2025 20:56:45.473;9861
1;04-03-2025 20:56:59.617;04-03-2025 20:56:56.028;3589
1;04-03-2025 20:57:13.556;04-03-2025 20:57:12.085;1471
1;04-03-2025 20:57:23.330;04-03-2025 20:57:17.600;5730
1;04-03-2025 20:57:29.537;04-03-2025 20:57:25.363;4174
1;04-03-2025 20:57:43.490;04-03-2025 20:57:35.692;7798
1;04-03-2025 20:57:58.840;04-03-2025 20:57:48.167;10673
1;04-03-2025 20:58:00.049;04-03-2025 20:57:59.728;321
1;04-03-2025 20:58:02.667;04-03-2025 20:58:02.445;222
1;04-03-2025 20:58:18.566;04-03-2025 20:58:15.320;3246
1;04-03-2025 20:58:24.007;04-03-2025 20:58:20.254;3753
1;04-03-2025 20:58:46.649;04-03-2025 20:58:31.981;14668
1;04-03-2025 20:58:50.985;04-03-2025 20:58:48.530;2455
1;04-03-2025 20:59:01.417;04-03-2025 20:58:58.902;2515
1;04-03-2025 20:59:06.304;04-03-2025 20:59:02.126;4178
1;04-03-2025 20:59:10.813;04-03-2025 20:59:10.506;307
1;04-03-2025 20:59:26.944;04-03-2025 20:59:21.272;5672
1;04-03-2025 20:59:35.548;04-03-2025 20:59:30.953;4595
1;04-03-2025 20:59:46.056;04-03-2025 20:59:45.382;674
1;04-03-2025 20:59:59.358;04-03-2025 20:59:54.893;4465
1;04-03-2025 21:00:01.674;04-03-2025 21:00:00.661;1013
1;04-03-2025 21:00:15.568;04-03-2025 21:00:08.563;7005
1;04-03-2025 21:00:30.889;04-03-2025 21:00:27.299;3590
1;04-03-2025 21:00:35.518;04-03-2025 21:00:31.785;3733
1;04-03-2025 21:00:50.545;04-03-2025 21:00:48.868;1677
1;04-03-2025 21:00:55.174;04-03-2025 21:00:51.143;4031
1;04-03-2025 21:01:19.416;04-03-2025 21:01:01.944;17472
1;04-03-2025 21:01:23.871;04-03-2025 21:01:20.537;3334
1;04-03-2025 21:01:27.874;04-03-2025 21:01:25.460;2414
1;04-03-2025 21:01:41.130;04-03-2025 21:01:27.958;13172
1;04-03-2025 21:01:57.321;04-03-2025 21:01:42.928;14393
1;04-03-2025 21:02:12.624;04-03-2025 21:02:04.805;7819
1;04-03-2025 21:02:20.514;04-03-2025 21:02:19.177;1337
1;04-03-2025 21:02:28.114;04-03-2025 21:02:27.136;978
1;04-03-2025 21:02:32.730;04-03-2025 21:02:29.419;3311
1;04-03-2025 21:02:39.999;04-03-2025 21:02:39.825;174
1;04-03-2025 21:02:48.061;04-03-2025 21:02:43.144;4917
1;04-03-2025 21:03:08.334;04-03-2025 21:03:01.133;7201
1;04-03-2025 21:03:11.355;04-03-2025 21:03:09.345;2010
1;04-03-2025 21:03:29.947;04-03-2025 21:03:23.364;6583
1;04-03-2025 21:03:35.285;04-03-2025 21:03:30.284;5001
1;04-03-2025 21:03:37.286;04-03-2025 21:03:36.082;1204
1;04-03-2025 21:03:49.386;04-03-2025 21:03:44.469;4917
1;04-03-2025 21:04:02.854;04-03-2025 21:03:59.034;3820
1;04-03-2025 21:04:11.227;04-03-2025 21:04:03.219;8008
1;04-03-2025 21:04:28.041;04-03-2025 21:04:14.903;13138
1;04-03-2025 21:04:31.843;04-03-2025 21:04:31.197;646
1;04-03-2025 21:04:51.290;04-03-2025 21:04:46.392;4898
1;04-03-2025 21:04:56.744;04-03-2025 21:04:55.860;884
1;04-03-2025 21:05:03.356;04-03-2025 21:04:57.870;5486
1;04-03-2025 21:05:19.645;04-03-2025 21:05:14.732;4913
1;04-03-2025 21:05:24.394;04-03-2025 21:05:21.104;3290
1;04-03-2025 21:05:31.728;04-03-2025 21:05:27.381;4347
1;04-03-2025 21:05:50.841;04-03-2025 21:05:46.971;3870
1;04-03-2025 21:05:53.845;04-03-2025 21:05:50.886;2959
1;04-03-2025 21:06:02.327;04-03-2025 21:05:59.515;2812
1;04-03-2025 21:06:13.585;04-03-2025 21:06:11.848;1737
1;04-03-2025 21:06:25.708;04-03-2025 21:06:24.499;1209
1;04-03-2025 21:06:31.733;04-03-2025 21:06:29.422;2311
1;04-03-2025 21:06:42.402;04-03-2025 21:06:37.969;4433
1;04-03-2025 21:06:50.656;04-03-2025 21:06:47.592;3064
1;04-03-2025 21:06:58.239;04-03-2025 21:06:53.951;4288
1;04-03-2025 21:07:19.637;04-03-2025 21:07:16.143;3494
1;04-03-2025 21:07:25.546;04-03-2025 21:07:21.968;3578
1;04-03-2025 21:07:27.882;04-03-2025 21:07:26.114;1768
1;04-03-2025 21:07:36.560;04-03-2025 21:07:33.250;3310
1;04-03-2025 21:07:51.733;04-03-2025 21:07:42.627;9106
1;04-03-2025 21:08:00.976;04-03-2025 21:07:57.764;3212
1;04-03-2025 21:08:11.447;04-03-2025 21:08:09.252;2195
1;04-03-2025 21:08:21.799;04-03-2025 21:08:20.328;1471
1;04-03-2025 21:08:38.367;04-03-2025 21:08:33.358;5009
1;04-03-2025 21:08:44.256;04-03-2025 21:08:41.175;3081
1;04-03-2025 21:08:56.282;04-03-2025 21:08:52.323;3959
1;04-03-2025 21:08:58.131;04-03-2025 21:08:57.066;1065
1;04-03-2025 21:09:12.382;04-03-2025 21:09:02.822;9560
1;04-03-2025 21:09:21.063;04-03-2025 21:09:13.132;7931
1;04-03-2025 21:09:35.900;04-03-2025 21:09:33.685;2215
1;04-03-2025 21:09:40.219;04-03-2025 21:09:38.898;1321
1;04-03-2025 21:09:52.039;04-03-2025 21:09:51.072;967
1;04-03-2025 21:09:59.023;04-03-2025 21:09:57.202;1821
1;04-03-2025 21:10:03.866;04-03-2025 21:10:00.878;2988
1;04-03-2025 21:10:16.104;04-03-2025 21:10:08.896;7208
1;04-03-2025 21:10:28.506;04-03-2025 21:10:25.354;3152
1;04-03-2025 21:10:36.689;04-03-2025 21:10:31.988;4701
1;04-03-2025 21:10:47.618;04-03-2025 21:10:37.822;9796
1;04-03-2025 21:10:59.480;04-03-2025 21:10:53.869;5611
1;04-03-2025 21:11:06.055;04-03-2025 21:11:01.020;5035
1;04-03-2025 21:11:24.457;04-03-2025 21:11:09.241;15216
1;04-03-2025 21:11:28.681;04-03-2025 21:11:28.057;624
1;04-03-2025 21:11:42.251;04-03-2025 21:11:40.661;1590
1;04-03-2025 21:11:55.443;04-03-2025 21:11:50.408;5035
1;04-03-2025 21:11:59.776;04-03-2025 21:11:59.727;49
1;04-03-2025 21:12:04.709;04-03-2025 21:12:03.097;1612
1;04-03-2025 21:12:24.313;04-03-2025 21:12:22.463;1850
1;04-03-2025 21:12:33.025;04-03-2025 21:12:28.950;4075
1;04-03-2025 21:12:46.940;04-03-2025 21:12:45.726;1214
1;04-03-2025 21:12:57.312;04-03-2025 21:12:47.052;10260
1;04-03-2025 21:13:03.458;04-03-2025 21:12:59.278;4180
1;04-03-2025 21:13:10.784;04-03-2025 21:13:10.576;208
1;04-03-2025 21:13:22.699;04-03-2025 21:13:17.328;5371
1;04-03-2025 21:13:32.141;04-03-2025 21:13:26.186;5955
1;04-03-2025 21:13:33.676;04-03-2025 21:13:33.137;539
1;04-03-2025 21:13:46.933;04-03-2025 21:13:36.025;10908
1;04-03-2025 21:13:52.295;04-03-2025 21:13:48.866;3429
1;04-03-2025 21:14:13.769;04-03-2025 21:14:07.463;6306
1;04-03-2025 21:14:21.494;04-03-2025 21:14:17.141;4353
1;04-03-2025 21:14:38.119;04-03-2025 21:14:27.002;11117
1;04-03-2025 21:14:43.281;04-03-2025 21:14:41.053;2228
1;04-03-2025 21:14:45.666;04-03-2025 21:14:43.424;2242
1;04-03-2025 21:14:57.915;04-03-2025 21:14:54.490;3425
1;04-03-2025 21:15:15.069;04-03-2025 21:15:05.246;9823
1;04-03-2025 21:15:19.863;04-03-2025 21:15:15.315;4548
1;04-03-2025 21:15:30.134;04-03-2025 21:15:20.749;9385
1;04-03-2025 21:15:40.985;04-03-2025 21:15:32.610;8375
1;04-03-2025 21:15:46.481;04-03-2025 21:15:41.593;4888
1;04-03-2025 21:16:05.619;04-03-2025 21:16:02.782;2837
1;04-03-2025 21:16:12.167;04-03-2025 21:16:10.610;1557
1;04-03-2025 21:16:25.886;04-03-2025 21:16:17.323;8563
1;04-03-2025 21:16:39.100;04-03-2025 21:16:28.066;11034
1;04-03-2025 21:16:42.233;04-03-2025 21:16:40.276;1957
1;04-03-2025 21:16:50.656;04-03-2025 21:16:43.664;6992
1;04-03-2025 21:17:04.260;04-03-2025 21:16:53.453;10807
1;04-03-2025 21:17:13.043;04-03-2025 21:17:09.492;3551
1;04-03-2025 21:17:22.765;04-03-2025 21:17:17.795;4970
1;04-03-2025 21:17:35.089;04-03-2025 21:17:24.944;10145
1;04-03-2025 21:17:43.498;04-03-2025 21:17:37.950;5548
1;04-03-2025 21:17:56.305;04-03-2025 21:17:49.120;7185
1;04-03-2025 21:17:58.330;04-03-2025 21:17:57.028;1302
1;04-03-2025 21:18:12.567;04-03-2025 21:18:06.586;5981
1;04-03-2025 21:18:31.557;04-03-2025 21:18:19.875;11682
1;04-03-2025 21:18:36.786;04-03-2025 21:18:31.972;4814
1;04-03-2025 21:18:45.739;04-03-2025 21:18:40.501;5238
1;04-03-2025 21:18:49.221;04-03-2025 21:18:47.548;1673
1;04-03-2025 21:19:02.762;04-03-2025 21:18:57.416;5346
1;04-03-2025 21:19:21.187;04-03-2025 21:19:17.007;4180
1;04-03-2025 21:19:24.403;04-03-2025 21:19:22.876;1527
1;04-03-2025 21:19:29.079;04-03-2025 21:19:25.786;3293
1;04-03-2025 21:19:42.608;04-03-2025 21:19:32.538;10070
1;04-03-2025 21:19:47.525;04-03-2025 21:19:44.237;3288
1;04-03-2025 21:20:07.348;04-03-2025 21:20:04.647;2701
1;04-03-2025 21:20:10.562;04-03-2025 21:20:09.210;1352
1;04-03-2025 21:20:15.475;04-03-2025 21:20:11.303;4172
1;04-03-2025 21:20:41.094;04-03-2025 21:20:31.380;9714
1;04-03-2025 21:20:43.924;04-03-2025 21:20:41.701;2223
1;04-03-2025 21:21:04.513;04-03-2025 21:20:44.655;19858
1;04-03-2025 21:21:11.249;04-03-2025 21:21:08.204;3045
1;04-03-2025 21:21:18.225;04-03-2025 21:21:12.002;6223
1;04-03-2025 21:21:26.568;04-03-2025 21:21:19.439;7129
1;04-03-2025 21:21:30.891;04-03-2025 21:21:27.070;3821
1;04-03-2025 21:21:35.403;04-03-2025 21:21:32.604;2799
1;04-03-2025 21:21:45.063;04-03-2025 21:21:43.433;1630
1;04-03-2025 21:21:53.436;04-03-2025 21:21:47.853;5583
1;04-03-2025 21:22:13.035;04-03-2025 21:22:10.520;2515
1;04-03-2025 21:22:28.929;04-03-2025 21:22:13.513;15416
1;04-03-2025 21:22:35.170;04-03-2025 21:22:30.980;4190
1;04-03-2025 21:22:39.182;04-03-2025 21:22:36.890;2292
1;04-03-2025 21:22:48.505;04-03-2025 21:22:48.020;485
1;04-03-2025 21:22:57.422;04-03-2025 21:22:55.176;2246
1;04-03-2025 21:23:12.424;04-03-2025 21:23:04.031;8393
1;04-03-2025 21:23:20.738;04-03-2025 21:23:15.656;5082
1;04-03-2025 21:23:30.705;04-03-2025 21:23:24.935;5770
1;04-03-2025 21:23:34.633;04-03-2025 21:23:31.577;3056
1;04-03-2025 21:23:54.233;04-03-2025 21:23:39.643;14590
1;04-03-2025 21:24:00.595;04-03-2025 21:23:57.321;3274
1;04-03-2025 21:24:08.102;04-03-2025 21:24:01.168;6934
1;04-03-2025 21:24:15.851;04-03-2025 21:24:13.854;1997
1;04-03-2025 21:24:41.586;04-03-2025 21:24:28.881;12705
1;04-03-2025 21:24:42.853;04-03-2025 21:24:42.684;169
1;04-03-2025 21:24:47.767;04-03-2025 21:24:47.146;621
1;04-03-2025 21:25:02.799;04-03-2025 21:24:48.643;14156
1;04-03-2025 21:25:14.222;04-03-2025 21:25:12.634;1588
1;04-03-2025 21:25:23.892;04-03-2025 21:25:17.566;6326
1;04-03-2025 21:25:24.913;04-03-2025 21:25:24.779;134
1;04-03-2025 21:25:44.084;04-03-2025 21:25:41.136;2948
1;04-03-2025 21:25:55.568;04-03-2025 21:25:48.694;6874
1;04-03-2025 21:26:02.689;04-03-2025 21:26:02.215;474
1;04-03-2025 21:26:06.674;04-03-2025 21:26:05.890;784
1;04-03-2025 21:26:13.800;04-03-2025 21:26:07.760;6040
1;04-03-2025 21:26:33.581;04-03-2025 21:26:29.913;3668
1;04-03-2025 21:26:45.120;04-03-2025 21:26:43.029;2091
1;04-03-2025 21:26:48.013;04-03-2025 21:26:46.521;1492
1;04-03-2025 21:26:55.783;04-03-2025 21:26:48.124;7659
1;04-03-2025 21:27:10.715;04-03-2025 21:27:07.945;2770
1;04-03-2025 21:27:14.682;04-03-2025 21:27:13.912;770
1;04-03-2025 21:27:25.803;04-03-2025 21:27:19.760;6043
1;04-03-2025 21:27:49.327;04-03-2025 21:27:42.627;6700
1;04-03-2025 21:27:56.447;04-03-2025 21:27:54.761;1686
1;04-03-2025 21:28:01.340;04-03-2025 21:27:56.914;4426
1;04-03-2025 21:28:08.615;04-03-2025 21:28:06.727;1888
1;04-03-2025 21:28:25.699;04-03-2025 21:28:21.836;3863
1;04-03-2025 21:28:34.266;04-03-2025 21:28:27.872;6394
1;04-03-2025 21:28:46.140;04-03-2025 21:28:38.739;7401
1;04-03-2025 21:28:48.209;04-03-2025 21:28:46.156;2053
1;04-03-2025 21:28:54.890;04-03-2025 21:28:48.841;6049
1;04-03-2025 21:29:11.826;04-03-2025 21:29:10.501;1325
1;04-03-2025 21:29:30.552;04-03-2025 21:29:15.042;15510
1;04-03-2025 21:29:33.409;04-03-2025 21:29:30.678;2731
1;04-03-2025 21:29:39.550;04-03-2025 21:29:38.588;962
1;04-03-2025 21:29:46.118;04-03-2025 21:29:41.758;4360
1;04-03-2025 21:29:57.110;04-03-2025 21:29:53.113;3997
1;04-03-2025 21:30:04.165;04-03-2025 21:30:00.170;3995
1;04-03-2025 21:30:13.786;04-03-2025 21:30:08.347;5439
1;04-03-2025 21:30:32.978;04-03-2025 21:30:17.969;15009
1;04-03-2025 21:30:42.269;04-03-2025 21:30:37.693;4576
1;04-03-2025 21:30:49.638;04-03-2025 21:30:46.639;2999
1;04-03-2025 21:30:54.425;04-03-2025 21:30:50.656;3769
1;04-03-2025 21:30:58.506;04-03-2025 21:30:57.639;867
1;04-03-2025 21:31:26.524;04-03-2025 21:31:07.751;18773
1;04-03-2025 21:31:36.145;04-03-2025 21:31:33.338;2807
1;04-03-2025 21:31:44.635;04-03-2025 21:31:41.038;3597
1;04-03-2025 21:31:49.004;04-03-2025 21:31:47.560;1444
1;04-03-2025 21:31:55.993;04-03-2025 21:31:51.100;4893
1;04-03-2025 21:32:12.353;04-03-2025 21:32:05.909;6444
1;04-03-2025 21:32:19.524;04-03-2025 21:32:13.892;5632
1;04-03-2025 21:32:31.800;04-03-2025 21:32:29.203;2597
1;04-03-2025 21:32:43.500;04-03-2025 21:32:37.663;5837
1;04-03-2025 21:32:48.686;04-03-2025 21:32:45.859;2827
1;04-03-2025 21:32:57.672;04-03-2025 21:32:54.209;3463
1;04-03-2025 21:33:10.006;04-03-2025 21:33:09.993;13
1;04-03-2025 21:33:17.578;04-03-2025 21:33:17.497;81
1;04-03-2025 21:33:35.893;04-03-2025 21:33:24.425;11468
1;04-03-2025 21:33:49.142;04-03-2025 21:33:47.697;1445
1;04-03-2025 21:33:53.115;04-03-2025 21:33:50.006;3109
1;04-03-2025 21:33:54.613;04-03-2025 21:33:54.054;559
1;04-03-2025 21:34:06.773;04-03-2025 21:34:04.591;2182
1;04-03-2025 21:34:23.743;04-03-2025 21:34:15.604;8139
1;04-03-2025 21:34:32.919;04-03-2025 21:34:27.573;5346
1;04-03-2025 21:34:37.987;04-03-2025 21:34:33.176;4811
1;04-03-2025 21:34:52.994;04-03-2025 21:34:49.509;3485
1;04-03-2025 21:34:59.572;04-03-2025 21:34:57.517;2055
1;04-03-2025 21:35:19.793;04-03-2025 21:35:10.456;9337
1;04-03-2025 21:35:24.502;04-03-2025 21:35:22.883;1619
1;04-03-2025 21:35:34.749;04-03-2025 21:35:29.500;5249
1;04-03-2025 21:35:45.405;04-03-2025 21:35:42.176;3229
1;04-03-2025 21:35:50.996;04-03-2025 21:35:45.496;5500
1;04-03-2025 21:35:58.033;04-03-2025 21:35:52.144;5889
1;04-03-2025 21:36:09.946;04-03-2025 21:36:04.335;5611
1;04-03-2025 21:36:17.091;04-03-2025 21:36:16.566;525
1;04-03-2025 21:36:32.265;04-03-2025 21:36:20.619;11646
1;04-03-2025 21:36:38.101;04-03-2025 21:36:36.131;1970
1;04-03-2025 21:36:51.163;04-03-2025 21:36:45.550;5613
1;04-03-2025 21:37:09.902;04-03-2025 21:36:51.400;18502
1;04-03-2025 21:37:15.759;04-03-2025 21:37:13.641;2118
1;04-03-2025 21:37:16.369;04-03-2025 21:37:16.041;328
1;04-03-2025 21:37:39.656;04-03-2025 21:37:22.879;16777
1;04-03-2025 21:37:43.355;04-03-2025 21:37:42.142;1213
1;04-03-2025 21:37:51.068;04-03-2025 21:37:48.902;2166
1;04-03-2025 21:37:56.344;04-03-2025 21:37:51.428;4916
1;04-03-2025 21:38:17.290;04-03-2025 21:38:01.368;15922
1;04-03-2025 21:38:20.498;04-03-2025 21:38:17.521;2977
1;04-03-2025 21:38:24.841;04-03-2025 21:38:23.574;1267
1;04-03-2025 21:38:35.795;04-03-2025 21:38:31.145;4650
1;04-03-2025 21:38:53.078;04-03-2025 21:38:45.047;8031
1;04-03-2025 21:39:01.076;04-03-2025 21:38:57.061;4015
1;04-03-2025 21:39:09.934;04-03-2025 21:39:06.786;3148
1;04-03-2025 21:39:19.793;04-03-2025 21:39:14.099;5694
1;04-03-2025 21:39:35.908;04-03-2025 21:39:23.960;11948
1;04-03-2025 21:39:45.232;04-03-2025 21:39:38.579;6653
1;04-03-2025 21:39:49.315;04-03-2025 21:39:48.685;630
1;04-03-2025 21:40:11.954;04-03-2025 21:39:49.591;22363
1;04-03-2025 21:40:13.904;04-03-2025 21:40:13.371;533
1;04-03-2025 21:40:22.064;04-03-2025 21:40:14.161;7903
1;04-03-2025 21:40:25.658;04-03-2025 21:40:25.148;510
1;04-03-2025 21:40:33.106;04-03-2025 21:40:30.434;2672
1;04-03-2025 21:40:49.736;04-03-2025 21:40:43.177;6559
1;04-03-2025 21:41:07.203;04-03-2025 21:40:56.005;11198
1;04-03-2025 21:41:11.657;04-03-2025 21:41:09.049;2608
1;04-03-2025 21:41:14.780;04-03-2025 21:41:14.143;637
1;04-03-2025 21:41:30.377;04-03-2025 21:41:25.169;5208
1;04-03-2025 21:41:34.044;04-03-2025 21:41:32.609;1435
1;04-03-2025 21:41:43.096;04-03-2025 21:41:42.913;183
1;04-03-2025 21:42:02.612;04-03-2025 21:41:59.993;2619
1;04-03-2025 21:42:09.720;04-03-2025 21:42:05.824;3896
1;04-03-2025 21:42:12.609;04-03-2025 21:42:11.369;1240
1;04-03-2025 21:42:25.267;04-03-2025 21:42:18.509;6758
1;04-03-2025 21:42:32.761;04-03-2025 21:42:25.770;6991
1;04-03-2025 21:42:56.551;04-03-2025 21:42:54.172;2379
1;04-03-2025 21:42:58.495;04-03-2025 21:42:58.158;337
1;04-03-2025 21:43:09.141;04-03-2025 21:43:07.383;1758
1;04-03-2025 21:43:29.407;04-03-2025 21:43:16.861;12546
1;04-03-2025 21:43:34.518;04-03-2025 21:43:30.971;3547
1;04-03-2025 21:43:38.071;04-03-2025 21:43:36.155;1916
1;04-03-2025 21:43:53.933;04-03-2025 21:43:40.134;13799
1;04-03-2025 21:44:08.131;04-03-2025 21:44:07.538;593
1;04-03-2025 21:44:18.723;04-03-2025 21:44:11.680;7043
1;04-03-2025 21:44:24.497;04-03-2025 21:44:21.157;3340
1;04-03-2025 21:44:32.405;04-03-2025 21:44:26.369;6036
1;04-03-2025 21:44:40.811;04-03-2025 21:44:33.521;7290
1;04-03-2025 21:44:55.205;04-03-2025 21:44:45.310;9895
1;04-03-2025 21:45:04.295;04-03-2025 21:45:01.723;2572
1;04-03-2025 21:45:09.891;04-03-2025 21:45:04.546;5345
1;04-03-2025 21:45:28.114;04-03-2025 21:45:13.920;14194
1;04-03-2025 21:45:40.351;04-03-2025 21:45:29.110;11241
1;04-03-2025 21:45:48.061;04-03-2025 21:45:41.305;6756
1;04-03-2025 21:45:51.546;04-03-2025 21:45:48.576;2970
1;04-03-2025 21:46:01.293;04-03-2025 21:45:54.696;6597
1;04-03-2025 21:46:06.204;04-03-2025 21:46:02.791;3413
1;04-03-2025 21:46:18.610;04-03-2025 21:46:10.121;8489
1;04-03-2025 21:46:40.475;04-03-2025 21:46:22.047;18428
1;04-03-2025 21:46:45.390;04-03-2025 21:46:42.845;2545
1;04-03-2025 21:46:48.707;04-03-2025 21:46:47.755;952
1;04-03-2025 21:46:59.000;04-03-2025 21:46:55.117;3883
1;04-03-2025 21:47:11.357;04-03-2025 21:47:10.850;507
1;04-03-2025 21:47:18.758;04-03-2025 21:47:12.911;5847
1;04-03-2025 21:47:31.636;04-03-2025 21:47:27.737;3899
1;04-03-2025 21:47:40.555;04-03-2025 21:47:36.219;4336
1;04-03-2025 21:47:41.409;04-03-2025 21:47:40.866;543
1;04-03-2025 21:47:50.705;04-03-2025 21:47:44.063;6642
1;04-03-2025 21:48:12.897;04-03-2025 21:47:55.457;17440
1;04-03-2025 21:48:20.511;04-03-2025 21:48:13.012;7499
1;04-03-2025 21:48:26.768;04-03-2025 21:48:24.004;2764
1;04-03-2025 21:48:31.118;04-03-2025 21:48:30.824;294
1;04-03-2025 21:48:43.681;04-03-2025 21:48:37.021;6660
1;04-03-2025 21:49:04.428;04-03-2025 21:48:59.985;4443
1;04-03-2025 21:49:08.406;04-03-2025 21:49:07.095;1311
1;04-03-2025 21:49:21.006;04-03-2025 21:49:10.360;10646
1;04-03-2025 21:49:30.200;04-03-2025 21:49:24.852;5348
1;04-03-2025 21:49:42.950;04-03-2025 21:49:41.723;1227
1;04-03-2025 21:49:56.265;04-03-2025 21:49:43.831;12434
1;04-03-2025 21:50:01.957;04-03-2025 21:49:59.297;2660
1;04-03-2025 21:50:02.810;04-03-2025 21:50:01.979;831
1;04-03-2025 21:50:18.165;04-03-2025 21:50:12.992;5173
1;04-03-2025 21:50:29.629;04-03-2025 21:50:25.018;4611
1;04-03-2025 21:50:39.921;04-03-2025 21:50:34.669;5252
1;04-03-2025 21:50:52.088;04-03-2025 21:50:42.042;10046
1;04-03-2025 21:51:02.740;04-03-2025 21:50:55.435;7305
1;04-03-2025 21:51:05.532;04-03-2025 21:51:03.406;2126
1;04-03-2025 21:51:23.749;04-03-2025 21:51:21.241;2508
1;04-03-2025 21:51:26.744;04-03-2025 21:51:24.280;2464
1;04-03-2025 21:51:33.593;04-03-2025 21:51:33.413;180
1;04-03-2025 21:51:45.077;04-03-2025 21:51:43.102;1975
1;04-03-2025 21:51:54.990;04-03-2025 21:51:45.472;9518
1;04-03-2025 21:52:14.984;04-03-2025 21:52:05.814;9170
1;04-03-2025 21:52:22.412;04-03-2025 21:52:20.816;1596
1;04-03-2025 21:52:26.289;04-03-2025 21:52:23.470;2819
1;04-03-2025 21:52:34.404;04-03-2025 21:52:28.573;5831
1;04-03-2025 21:52:49.342;04-03-2025 21:52:47.184;2158
1;04-03-2025 21:52:57.308;04-03-2025 21:52:52.209;5099
1;04-03-2025 21:53:08.481;04-03-2025 21:53:07.651;830
1;04-03-2025 21:53:13.490;04-03-2025 21:53:10.705;2785
1;04-03-2025 21:53:28.084;04-03-2025 21:53:15.370;12714
1;04-03-2025 21:53:41.086;04-03-2025 21:53:28.967;12119
1;04-03-2025 21:53:50.036;04-03-2025 21:53:43.229;6807
1;04-03-2025 21:53:56.693;04-03-2025 21:53:53.971;2722
1;04-03-2025 21:54:08.250;04-03-2025 21:54:04.425;3825
1;04-03-2025 21:54:22.242;04-03-2025 21:54:12.388;9854
1;04-03-2025 21:54:30.519;04-03-2025 21:54:26.569;3950
1;04-03-2025 21:54:47.715;04-03-2025 21:54:35.557;12158
1;04-03-2025 21:54:53.546;04-03-2025 21:54:51.906;1640
1;04-03-2025 21:55:04.442;04-03-2025 21:54:57.821;6621
1;04-03-2025 21:55:14.154;04-03-2025 21:55:09.678;4476
1;04-03-2025 21:55:18.361;04-03-2025 21:55:17.132;1229
1;04-03-2025 21:55:30.488;04-03-2025 21:55:21.219;9269
1;04-03-2025 21:55:37.844;04-03-2025 21:55:32.175;5669
1;04-03-2025 21:55:40.182;04-03-2025 21:55:38.815;1367
1;04-03-2025 21:56:04.416;04-03-2025 21:55:54.178;10238
1;04-03-2025 21:56:15.700;04-03-2025 21:56:04.428;11272
1;04-03-2025 21:56:28.243;04-03-2025 21:56:17.039;11204
1;04-03-2025 21:56:31.557;04-03-2025 21:56:30.027;1530
1;04-03-2025 21:56:44.167;04-03-2025 21:56:42.645;1522
1;04-03-2025 21:56:44.934;04-03-2025 21:56:44.332;602
1;04-03-2025 21:56:56.182;04-03-2025 21:56:52.662;3520
1;04-03-2025 21:57:11.932;04-03-2025 21:57:03.045;8887
1;04-03-2025 21:57:32.394;04-03-2025 21:57:18.025;14369
1;04-03-2025 21:57:38.645;04-03-2025 21:57:35.943;2702
1;04-03-2025 21:57:41.507;04-03-2025 21:57:40.028;1479
1;04-03-2025 21:57:50.629;04-03-2025 21:57:48.965;1664
1;04-03-2025 21:57:53.629;04-03-2025 21:57:51.670;1959
1;04-03-2025 21:58:04.947;04-03-2025 21:58:03.876;1071
1;04-03-2025 21:58:16.926;04-03-2025 21:58:14.004;2922
1;04-03-2025 21:58:30.710;04-03-2025 21:58:17.929;12781
1;04-03-2025 21:58:37.670;04-03-2025 21:58:35.963;1707
1;04-03-2025 21:58:45.684;04-03-2025 21:58:44.045;1639
1;04-03-2025 21:59:06.749;04-03-2025 21:58:55.710;11039
1;04-03-2025 21:59:14.504;04-03-2025 21:59:07.982;6522
1;04-03-2025 21:59:26.573;04-03-2025 21:59:18.579;7994
1;04-03-2025 21:59:38.707;04-03-2025 21:59:29.762;8945
1;04-03-2025 21:59:42.623;04-03-2025 21:59:41.741;882
1;04-03-2025 21:59:45.897;04-03-2025 21:59:43.516;2381
1;04-03-2025 22:00:01.612;04-03-2025 21:59:48.613;12999
1;04-03-2025 22:00:11.701;04-03-2025 22:00:10.740;961
1;04-03-2025 22:00:26.844;04-03-2025 22:00:13.974;12870
1;04-03-2025 22:00:36.185;04-03-2025 22:00:28.995;7190
1;04-03-2025 22:00:39.110;04-03-2025 22:00:38.093;1017
1;04-03-2025 22:00:45.008;04-03-2025 22:00:43.067;1941
1;04-03-2025 22:01:04.354;04-03-2025 22:00:49.627;14727
1;04-03-2025 22:01:14.916;04-03-2025 22:01:14.563;353
1;04-03-2025 22:01:24.336;04-03-2025 22:01:21.989;2347
1;04-03-2025 22:01:27.932;04-03-2025 22:01:27.823;109
1;04-03-2025 22:01:38.837;04-03-2025 22:01:35.655;3182
1;04-03-2025 22:01:46.195;04-03-2025 22:01:44.944;1251
1;04-03-2025 22:01:59.950;04-03-2025 22:01:54.850;5100
1;04-03-2025 22:02:07.308;04-03-2025 22:02:01.768;5540
1;04-03-2025 22:02:18.072;04-03-2025 22:02:13.510;4562
1;04-03-2025 22:02:28.065;04-03-2025 22:02:22.463;5602
1;04-03-2025 22:02:38.031;04-03-2025 22:02:36.721;1310
1;04-03-2025 22:02:43.477;04-03-2025 22:02:42.239;1238
1;04-03-2025 22:03:08.534;04-03-2025 22:03:03.617;4917
1;04-03-2025 22:03:10.615;04-03-2025 22:03:09.788;827
1;04-03-2025 22:03:20.395;04-03-2025 22:03:15.762;4633
1;04-03-2025 22:03:34.725;04-03-2025 22:03:28.667;6058
1;04-03-2025 22:03:42.640;04-03-2025 22:03:41.064;1576
1;04-03-2025 22:03:57.565;04-03-2025 22:03:57.220;345
1;04-03-2025 22:04:02.329;04-03-2025 22:04:01.739;590
1;04-03-2025 22:04:22.326;04-03-2025 22:04:02.626;19700
1;04-03-2025 22:04:26.059;04-03-2025 22:04:25.474;585
1;04-03-2025 22:04:32.963;04-03-2025 22:04:27.348;5615
1;04-03-2025 22:04:42.777;04-03-2025 22:04:34.395;8382
1;04-03-2025 22:04:45.170;04-03-2025 22:04:43.901;1269
1;04-03-2025 22:05:07.356;04-03-2025 22:05:03.409;3947
1;04-03-2025 22:05:14.524;04-03-2025 22:05:10.912;3612
1;04-03-2025 22:05:16.548;04-03-2025 22:05:15.718;830
1;04-03-2025 22:05:28.431;04-03-2025 22:05:17.279;11152
1;04-03-2025 22:05:37.867;04-03-2025 22:05:31.742;6125
1;04-03-2025 22:05:53.051;04-03-2025 22:05:38.571;14480
1;04-03-2025 22:06:02.144;04-03-2025 22:05:57.127;5017
1;04-03-2025 22:06:10.192;04-03-2025 22:06:02.512;7680
1;04-03-2025 22:06:22.298;04-03-2025 22:06:20.877;1421
1;04-03-2025 22:06:24.284;04-03-2025 22:06:24.187;97
1;04-03-2025 22:06:47.911;04-03-2025 22:06:34.751;13160
1;04-03-2025 22:07:00.573;04-03-2025 22:06:54.709;5864
1;04-03-2025 22:07:04.779;04-03-2025 22:07:03.615;1164
1;04-03-2025 22:07:05.334;04-03-2025 22:07:04.925;409
1;04-03-2025 22:07:21.227;04-03-2025 22:07:12.854;8373
1;04-03-2025 22:07:37.060;04-03-2025 22:07:23.370;13690
1;04-03-2025 22:07:38.477;04-03-2025 22:07:37.875;602
1;04-03-2025 22:07:58.379;04-03-2025 22:07:38.747;19632
1;04-03-2025 22:08:04.421;04-03-2025 22:07:58.805;5616
1;04-03-2025 22:08:09.482;04-03-2025 22:08:09.218;264
1;04-03-2025 22:08:24.497;04-03-2025 22:08:22.684;1813
1;04-03-2025 22:08:31.981;04-03-2025 22:08:30.320;1661
1;04-03-2025 22:08:54.761;04-03-2025 22:08:40.452;14309
1;04-03-2025 22:08:58.738;04-03-2025 22:08:55.296;3442
1;04-03-2025 22:09:05.009;04-03-2025 22:08:59.577;5432
1;04-03-2025 22:09:07.600;04-03-2025 22:09:05.289;2311
1;04-03-2025 22:09:21.303;04-03-2025 22:09:19.293;2010
1;04-03-2025 22:09:33.995;04-03-2025 22:09:21.763;12232
1;04-03-2025 22:09:45.820;04-03-2025 22:09:44.243;1577
1;04-03-2025 22:09:49.771;04-03-2025 22:09:48.913;858
1;04-03-2025 22:09:54.634;04-03-2025 22:09:50.329;4305
1;04-03-2025 22:10:11.043;04-03-2025 22:09:57.884;13159
1;04-03-2025 22:10:22.321;04-03-2025 22:10:19.944;2377
1;04-03-2025 22:10:30.860;04-03-2025 22:10:22.432;8428
1;04-03-2025 22:10:31.481;04-03-2025 22:10:30.886;595
1;04-03-2025 22:10:45.931;04-03-2025 22:10:43.478;2453
1;04-03-2025 22:10:57.152;04-03-2025 22:10:46.666;10486
1;04-03-2025 22:11:20.359;04-03-2025 22:11:17.340;3019
1;04-03-2025 22:11:24.891;04-03-2025 22:11:20.696;4195
1;04-03-2025 22:11:32.470;04-03-2025 22:11:25.940;6530
1;04-03-2025 22:11:44.749;04-03-2025 22:11:33.840;10909
1;04-03-2025 22:11:51.896;04-03-2025 22:11:48.601;3295
1;04-03-2025 22:11:55.011;04-03-2025 22:11:53.185;1826
1;04-03-2025 22:12:07.600;04-03-2025 22:12:05.182;2418
1;04-03-2025 22:12:20.479;04-03-2025 22:12:16.791;3688
1;04-03-2025 22:12:31.141;04-03-2025 22:12:26.733;4408
1;04-03-2025 22:12:46.697;04-03-2025 22:12:38.421;8276
1;04-03-2025 22:12:50.926;04-03-2025 22:12:47.525;3401
1;04-03-2025 22:12:57.477;04-03-2025 22:12:52.840;4637
1;04-03-2025 22:13:07.627;04-03-2025 22:12:58.277;9350
1;04-03-2025 22:13:19.925;04-03-2025 22:13:10.829;9096
1;04-03-2025 22:13:39.323;04-03-2025 22:13:28.977;10346
1;04-03-2025 22:13:44.322;04-03-2025 22:13:40.516;3806
1;04-03-2025 22:13:50.594;04-03-2025 22:13:47.205;3389
1;04-03-2025 22:14:01.190;04-03-2025 22:13:58.021;3169
1;04-03-2025 22:14:10.956;04-03-2025 22:14:06.636;4320
1;04-03-2025 22:14:16.666;04-03-2025 22:14:15.901;765
1;04-03-2025 22:14:25.913;04-03-2025 22:14:18.034;7879
1;04-03-2025 22:14:45.907;04-03-2025 22:14:34.674;11233
1;04-03-2025 22:14:47.463;04-03-2025 22:14:46.383;1080
1;04-03-2025 22:15:05.856;04-03-2025 22:14:47.889;17967
1;04-03-2025 22:15:07.767;04-03-2025 22:15:06.832;935
1;04-03-2025 22:15:15.481;04-03-2025 22:15:10.842;4639
1;04-03-2025 22:15:19.427;04-03-2025 22:15:18.943;484
1;04-03-2025 22:15:31.831;04-03-2025 22:15:29.891;1940
1;04-03-2025 22:16:01.349;04-03-2025 22:15:41.090;20259
1;04-03-2025 22:16:02.656;04-03-2025 22:16:02.597;59
1;04-03-2025 22:16:13.182;04-03-2025 22:16:11.156;2026
1;04-03-2025 22:16:32.846;04-03-2025 22:16:23.629;9217
1;04-03-2025 22:16:37.436;04-03-2025 22:16:32.995;4441
1;04-03-2025 22:16:49.793;04-03-2025 22:16:42.065;7728
1;04-03-2025 22:16:57.360;04-03-2025 22:16:52.064;5296
1;04-03-2025 22:17:08.884;04-03-2025 22:16:57.963;10921
1;04-03-2025 22:17:15.381;04-03-2025 22:17:13.868;1513
1;04-03-2025 22:17:17.126;04-03-2025 22:17:16.609;517
1;04-03-2025 22:17:32.600;04-03-2025 22:17:23.062;9538
1;04-03-2025 22:17:48.379;04-03-2025 22:17:45.022;3357
1;04-03-2025 22:17:56.454;04-03-2025 22:17:50.226;6228
1;04-03-2025 22:18:04.631;04-03-2025 22:18:00.773;3858
1;04-03-2025 22:18:14.925;04-03-2025 22:18:14.869;56
1;04-03-2025 22:18:18.208;04-03-2025 22:18:16.087;2121
1;04-03-2025 22:18:35.554;04-03-2025 22:18:28.924;6630
1;04-03-2025 22:18:43.840;04-03-2025 22:18:41.040;2800
1;04-03-2025 22:18:53.679;04-03-2025 22:18:47.228;6451
1;04-03-2025 22:19:03.017;04-03-2025 22:19:01.952;1065
1;04-03-2025 22:19:13.225;04-03-2025 22:19:09.252;3973
1;04-03-2025 22:19:21.469;04-03-2025 22:19:20.382;1087
1;04-03-2025 22:19:24.709;04-03-2025 22:19:22.101;2608
1;04-03-2025 22:19:44.115;04-03-2025 22:19:37.574;6541
1;04-03-2025 22:19:47.139;04-03-2025 22:19:45.140;1999
1;04-03-2025 22:19:57.281;04-03-2025 22:19:48.813;8468
1;04-03-2025 22:20:17.063;04-03-2025 22:20:03.978;13085
1;04-03-2025 22:20:27.262;04-03-2025 22:20:19.108;8154
1;04-03-2025 22:20:34.031;04-03-2025 22:20:29.549;4482
1;04-03-2025 22:20:37.680;04-03-2025 22:20:37.250;430
1;04-03-2025 22:20:42.007;04-03-2025 22:20:39.013;2994
1;04-03-2025 22:20:52.110;04-03-2025 22:20:46.118;5992
1;04-03-2025 22:21:01.550;04-03-2025 22:20:56.924;4626
1;04-03-2025 22:21:21.248;04-03-2025 22:21:04.149;17099
1;04-03-2025 22:21:31.578;04-03-2025 22:21:28.343;3235
1;04-03-2025 22:21:43.252;04-03-2025 22:21:40.160;3092
1;04-03-2025 22:21:46.456;04-03-2025 22:21:46.039;417
1;04-03-2025 22:21:59.231;04-03-2025 22:21:58.955;276
1;04-03-2025 22:22:05.023;04-03-2025 22:22:04.913;110
1;04-03-2025 22:22:12.636;04-03-2025 22:22:12.504;132
1;04-03-2025 22:22:29.718;04-03-2025 22:22:17.506;12212
1;04-03-2025 22:22:41.445;04-03-2025 22:22:37.637;3808
1;04-03-2025 22:22:42.884;04-03-2025 22:22:41.578;1306
1;04-03-2025 22:22:57.890;04-03-2025 22:22:56.258;1632
1;04-03-2025 22:23:06.862;04-03-2025 22:23:02.433;4429
1;04-03-2025 22:23:15.622;04-03-2025 22:23:14.350;1272
1;04-03-2025 22:23:36.662;04-03-2025 22:23:15.956;20706
1;04-03-2025 22:23:50.135;04-03-2025 22:23:42.088;8047
1;04-03-2025 22:23:55.967;04-03-2025 22:23:51.610;4357
1;04-03-2025 22:24:01.121;04-03-2025 22:23:57.420;3701
1;04-03-2025 22:24:15.856;04-03-2025 22:24:06.068;9788
1;04-03-2025 22:24:25.417;04-03-2025 22:24:21.950;3467
1;04-03-2025 22:24:27.138;04-03-2025 22:24:26.927;211
1;04-03-2025 22:24:37.828;04-03-2025 22:24:37.544;284
1;04-03-2025 22:24:51.909;04-03-2025 22:24:39.898;12011
1;04-03-2025 22:24:59.124;04-03-2025 22:24:54.086;5038
1;04-03-2025 22:25:12.161;04-03-2025 22:25:02.122;10039
1;04-03-2025 22:25:15.706;04-03-2025 22:25:15.381;325
1;04-03-2025 22:25:21.154;04-03-2025 22:25:18.451;2703
1;04-03-2025 22:25:48.185;04-03-2025 22:25:34.300;13885
1;04-03-2025 22:25:53.345;04-03-2025 22:25:50.669;2676
1;04-03-2025 22:26:00.846;04-03-2025 22:25:57.972;2874
1;04-03-2025 22:26:10.073;04-03-2025 22:26:09.669;404
1;04-03-2025 22:26:19.177;04-03-2025 22:26:13.145;6032
1;04-03-2025 22:26:26.202;04-03-2025 22:26:25.250;952
1;04-03-2025 22:26:33.925;04-03-2025 22:26:27.357;6568
1;04-03-2025 22:26:47.574;04-03-2025 22:26:44.509;3065
1;04-03-2025 22:27:04.585;04-03-2025 22:26:54.655;9930
1;04-03-2025 22:27:15.328;04-03-2025 22:27:11.923;3405
1;04-03-2025 22:27:22.934;04-03-2025 22:27:21.800;1134
1;04-03-2025 22:27:24.191;04-03-2025 22:27:23.806;385
1;04-03-2025 22:27:41.605;04-03-2025 22:27:25.112;16493
1;04-03-2025 22:27:54.540;04-03-2025 22:27:43.385;11155
1;04-03-2025 22:27:57.132;04-03-2025 22:27:56.798;334
1;04-03-2025 22:28:01.368;04-03-2025 22:27:57.995;3373
1;04-03-2025 22:28:21.873;04-03-2025 22:28:11.781;10092
1;04-03-2025 22:28:29.525;04-03-2025 22:28:27.286;2239
1;04-03-2025 22:28:43.362;04-03-2025 22:28:34.957;8405
1;04-03-2025 22:28:51.197;04-03-2025 22:28:48.859;2338
1;04-03-2025 22:29:02.455;04-03-2025 22:28:59.185;3270
1;04-03-2025 22:29:12.557;04-03-2025 22:29:10.908;1649
1;04-03-2025 22:29:26.567;04-03-2025 22:29:23.043;3524
1;04-03-2025 22:29:32.349;04-03-2025 22:29:30.541;1808
1;04-03-2025 22:29:37.593;04-03-2025 22:29:32.806;4787
1;04-03-2025 22:29:45.679;04-03-2025 22:29:40.825;4854
1;04-03-2025 22:30:01.856;04-03-2025 22:29:45.776;16080
1;04-03-2025 22:30:12.820;04-03-2025 22:30:06.217;6603
1;04-03-2025 22:30:20.522;04-03-2025 22:30:16.764;3758
1;04-03-2025 22:30:28.504;04-03-2025 22:30:24.578;3926
1;04-03-2025 22:30:42.721;04-03-2025 22:30:35.643;7078
1;04-03-2025 22:30:51.441;04-03-2025 22:30:43.004;8437
1;04-03-2025 22:30:59.243;04-03-2025 22:30:54.497;4746
1;04-03-2025 22:31:14.956;04-03-2025 22:31:03.349;11607
1;04-03-2025 22:31:27.926;04-03-2025 22:31:24.751;3175
1;04-03-2025 22:31:29.842;04-03-2025 22:31:29.234;608
1;04-03-2025 22:31:40.855;04-03-2025 22:31:38.313;2542
1;04-03-2025 22:31:51.586;04-03-2025 22:31:50.190;1396
1;04-03-2025 22:31:57.600;04-03-2025 22:31:53.837;3763
1;04-03-2025 22:32:10.492;04-03-2025 22:32:01.417;9075
1;04-03-2025 22:32:22.115;04-03-2025 22:32:17.741;4374
1;04-03-2025 22:32:31.233;04-03-2025 22:32:28.579;2654
1;04-03-2025 22:32:33.353;04-03-2025 22:32:32.293;1060
1;04-03-2025 22:32:42.047;04-03-2025 22:32:40.989;1058
1;04-03-2025 22:32:45.896;04-03-2025 22:32:45.529;367
1;04-03-2025 22:32:58.814;04-03-2025 22:32:52.765;6049
1;04-03-2025 22:33:14.726;04-03-2025 22:33:10.121;4605
1;04-03-2025 22:33:15.526;04-03-2025 22:33:15.373;153
1;04-03-2025 22:33:26.676;04-03-2025 22:33:22.792;3884
1;04-03-2025 22:33:55.811;04-03-2025 22:33:39.022;16789
1;04-03-2025 22:34:01.572;04-03-2025 22:33:58.019;3553
1;04-03-2025 22:34:12.322;04-03-2025 22:34:05.622;6700
1;04-03-2025 22:34:16.193;04-03-2025 22:34:15.657;536
1;04-03-2025 22:34:24.969;04-03-2025 22:34:18.322;6647
1;04-03-2025 22:34:33.576;04-03-2025 22:34:26.626;6950
1;04-03-2025 22:34:55.368;04-03-2025 22:34:37.777;17591
1;04-03-2025 22:35:01.683;04-03-2025 22:34:57.241;4442
1;04-03-2025 22:35:08.477;04-03-2025 22:35:08.124;353
1;04-03-2025 22:35:14.033;04-03-2025 22:35:11.855;2178
1;04-03-2025 22:35:30.174;04-03-2025 22:35:23.076;7098
1;04-03-2025 22:35:45.901;04-03-2025 22:35:37.517;8384
1;04-03-2025 22:35:54.987;04-03-2025 22:35:54.881;106
1;04-03-2025 22:36:06.032;04-03-2025 22:35:55.833;10199
1;04-03-2025 22:36:13.044;04-03-2025 22:36:08.663;4381
1;04-03-2025 22:36:31.537;04-03-2025 22:36:23.251;8286
1;04-03-2025 22:36:39.014;04-03-2025 22:36:38.810;204
1;04-03-2025 22:36:44.088;04-03-2025 22:36:40.387;3701
1;04-03-2025 22:36:48.767;04-03-2025 22:36:45.839;2928
1;04-03-2025 22:36:57.667;04-03-2025 22:36:50.709;6958
1;04-03-2025 22:37:05.734;04-03-2025 22:37:05.312;422
1;04-03-2025 22:37:13.250;04-03-2025 22:37:09.368;3882
1;04-03-2025 22:37:28.290;04-03-2025 22:37:21.954;6336
1;04-03-2025 22:37:46.985;04-03-2025 22:37:41.947;5038
1;04-03-2025 22:37:51.194;04-03-2025 22:37:47.166;4028
1;04-03-2025 22:37:55.170;04-03-2025 22:37:53.166;2004
1;04-03-2025 22:38:13.102;04-03-2025 22:38:02.742;10360
1;04-03-2025 22:38:17.981;04-03-2025 22:38:17.663;318
1;04-03-2025 22:38:31.803;04-03-2025 22:38:28.872;2931
1;04-03-2025 22:38:39.372;04-03-2025 22:38:35.766;3606
1;04-03-2025 22:38:50.107;04-03-2025 22:38:43.437;6670
1;04-03-2025 22:39:02.826;04-03-2025 22:38:56.289;6537
1;04-03-2025 22:39:10.906;04-03-2025 22:39:08.009;2897
1;04-03-2025 22:39:15.563;04-03-2025 22:39:11.556;4007
1;04-03-2025 22:39:26.306;04-03-2025 22:39:21.647;4659
1;04-03-2025 22:39:43.086;04-03-2025 22:39:28.097;14989
1;04-03-2025 22:40:00.697;04-03-2025 22:39:45.161;15536
1;04-03-2025 22:40:03.237;04-03-2025 22:40:01.582;1655
1;04-03-2025 22:40:07.849;04-03-2025 22:40:06.553;1296
1;04-03-2025 22:40:20.762;04-03-2025 22:40:10.495;10267
1;04-03-2025 22:40:25.243;04-03-2025 22:40:23.910;1333
1;04-03-2025 22:40:32.513;04-03-2025 22:40:31.955;558
1;04-03-2025 22:40:50.117;04-03-2025 22:40:40.675;9442
1;04-03-2025 22:40:57.090;04-03-2025 22:40:51.569;5521
1;04-03-2025 22:41:18.555;04-03-2025 22:41:12.322;6233
1;04-03-2025 22:41:23.920;04-03-2025 22:41:22.591;1329
1;04-03-2025 22:41:25.436;04-03-2025 22:41:24.244;1192
1;04-03-2025 22:41:38.630;04-03-2025 22:41:37.661;969
1;04-03-2025 22:41:42.136;04-03-2025 22:41:41.769;367
1;04-03-2025 22:41:57.161;04-03-2025 22:41:53.254;3907
1;04-03-2025 22:42:10.203;04-03-2025 22:42:01.324;8879
1;04-03-2025 22:42:17.451;04-03-2025 22:42:14.657;2794
1;04-03-2025 22:42:31.509;04-03-2025 22:42:18.899;12610
1;04-03-2025 22:42:39.438;04-03-2025 22:42:37.878;1560
1;04-03-2025 22:42:50.706;04-03-2025 22:42:44.044;6662
1;04-03-2025 22:43:00.242;04-03-2025 22:42:54.811;5431
1;04-03-2025 22:43:08.132;04-03-2025 22:43:07.038;1094
1;04-03-2025 22:43:13.285;04-03-2025 22:43:12.152;1133
1;04-03-2025 22:43:21.707;04-03-2025 22:43:15.992;5715
1;04-03-2025 22:43:37.786;04-03-2025 22:43:33.535;4251
1;04-03-2025 22:43:47.477;04-03-2025 22:43:42.172;5305
1;04-03-2025 22:43:57.123;04-03-2025 22:43:56.366;757
1;04-03-2025 22:44:06.699;04-03-2025 22:44:01.324;5375
1;04-03-2025 22:44:16.305;04-03-2025 22:44:12.968;3337
1;04-03-2025 22:44:27.420;04-03-2025 22:44:21.812;5608
1;04-03-2025 22:44:38.318;04-03-2025 22:44:29.602;8716
1;04-03-2025 22:44:41.179;04-03-2025 22:44:38.707;2472
1;04-03-2025 22:44:55.829;04-03-2025 22:44:50.660;5169
1;04-03-2025 22:45:09.344;04-03-2025 22:45:02.729;6615
1;04-03-2025 22:45:28.804;04-03-2025 22:45:11.726;17078
1;04-03-2025 22:45:33.029;04-03-2025 22:45:29.916;3113
1;04-03-2025 22:45:39.757;04-03-2025 22:45:36.548;3209
1;04-03-2025 22:45:54.422;04-03-2025 22:45:54.408;14
1;04-03-2025 22:46:08.676;04-03-2025 22:45:58.190;10486
1;04-03-2025 22:46:15.386;04-03-2025 22:46:14.823;563
1;04-03-2025 22:46:20.355;04-03-2025 22:46:20.018;337
1;04-03-2025 22:46:30.345;04-03-2025 22:46:22.756;7589
1;04-03-2025 22:46:38.492;04-03-2025 22:46:38.379;113
1;04-03-2025 22:46:46.937;04-03-2025 22:46:39.053;7884
1;04-03-2025 22:46:56.548;04-03-2025 22:46:53.877;2671
1;04-03-2025 22:47:07.476;04-03-2025 22:47:01.760;5716
1;04-03-2025 22:47:27.166;04-03-2025 22:47:12.279;14887
1;04-03-2025 22:47:34.988;04-03-2025 22:47:33.652;1336
1;04-03-2025 22:47:39.431;04-03-2025 22:47:38.265;1166
1;04-03-2025 22:47:42.216;04-03-2025 22:47:41.148;1068
1;04-03-2025 22:48:09.122;04-03-2025 22:47:57.477;11645
1;04-03-2025 22:48:11.701;04-03-2025 22:48:10.709;992
1;04-03-2025 22:48:21.876;04-03-2025 22:48:12.269;9607
1;04-03-2025 22:48:43.096;04-03-2025 22:48:29.368;13728
1;04-03-2025 22:48:50.360;04-03-2025 22:48:46.095;4265
1;04-03-2025 22:48:54.832;04-03-2025 22:48:54.749;83
1;04-03-2025 22:49:10.055;04-03-2025 22:48:57.451;12604
1;04-03-2025 22:49:10.925;04-03-2025 22:49:10.915;10
1;04-03-2025 22:49:11.586;04-03-2025 22:49:11.242;344
1;04-03-2025 22:49:25.419;04-03-2025 22:49:22.999;2420
1;04-03-2025 22:49:38.370;04-03-2025 22:49:29.208;9162
1;04-03-2025 22:49:55.226;04-03-2025 22:49:42.224;13002
1;04-03-2025 22:49:59.841;04-03-2025 22:49:59.396;445
1;04-03-2025 22:50:14.620;04-03-2025 22:50:07.637;6983
1;04-03-2025 22:50:16.646;04-03-2025 22:50:14.966;1680
1;04-03-2025 22:50:30.338;04-03-2025 22:50:30.214;124
1;04-03-2025 22:50:35.936;04-03-2025 22:50:33.057;2879
1;04-03-2025 22:50:50.249;04-03-2025 22:50:43.725;6524
1;04-03-2025 22:50:53.531;04-03-2025 22:50:52.846;685
1;04-03-2025 22:51:22.849;04-03-2025 22:51:09.715;13134
1;04-03-2025 22:51:24.160;04-03-2025 22:51:23.738;422
1;04-03-2025 22:51:32.755;04-03-2025 22:51:29.238;3517
1;04-03-2025 22:51:48.156;04-03-2025 22:51:34.864;13292
1;04-03-2025 22:51:55.589;04-03-2025 22:51:51.781;3808
1;04-03-2025 22:51:57.014;04-03-2025 22:51:56.103;911
1;04-03-2025 22:52:12.041;04-03-2025 22:52:00.478;11563
1;04-03-2025 22:52:23.313;04-03-2025 22:52:22.233;1080
1;04-03-2025 22:52:30.562;04-03-2025 22:52:24.563;5999
1;04-03-2025 22:52:44.297;04-03-2025 22:52:38.490;5807
1;04-03-2025 22:52:59.296;04-03-2025 22:52:50.012;9284
1;04-03-2025 22:53:01.544;04-03-2025 22:52:59.611;1933
1;04-03-2025 22:53:09.301;04-03-2025 22:53:02.602;6699
1;04-03-2025 22:53:15.103;04-03-2025 22:53:10.593;4510
1;04-03-2025 22:53:24.208;04-03-2025 22:53:22.113;2095
1;04-03-2025 22:53:36.666;04-03-2025 22:53:27.317;9349
1;04-03-2025 22:53:51.936;04-03-2025 22:53:50.111;1825
1;04-03-2025 22:53:58.220;04-03-2025 22:53:52.944;5276
1;04-03-2025 22:54:11.276;04-03-2025 22:54:09.996;1280
1;04-03-2025 22:54:17.078;04-03-2025 22:54:11.843;5235
1;04-03-2025 22:54:23.012;04-03-2025 22:54:18.007;5005
1;04-03-2025 22:54:29.014;04-03-2025 22:54:28.278;736
1;04-03-2025 22:54:56.764;04-03-2025 22:54:36.667;20097
1;04-03-2025 22:55:03.404;04-03-2025 22:54:56.913;6491
1;04-03-2025 22:55:06.981;04-03-2025 22:55:05.626;1355
1;04-03-2025 22:55:13.516;04-03-2025 22:55:12.423;1093
1;04-03-2025 22:55:35.027;04-03-2025 22:55:29.802;5225
1;04-03-2025 22:55:39.066;04-03-2025 22:55:35.600;3466
1;04-03-2025 22:55:44.668;04-03-2025 22:55:42.950;1718
1;04-03-2025 22:55:58.039;04-03-2025 22:55:56.208;1831
1;04-03-2025 22:56:09.580;04-03-2025 22:56:00.616;8964
1;04-03-2025 22:56:18.180;04-03-2025 22:56:17.100;1080
1;04-03-2025 22:56:23.944;04-03-2025 22:56:22.915;1029
1;04-03-2025 22:56:40.998;04-03-2025 22:56:34.686;6312
1;04-03-2025 22:56:56.542;04-03-2025 22:56:47.490;9052
1;04-03-2025 22:57:07.197;04-03-2025 22:57:03.279;3918
1;04-03-2025 22:57:09.827;04-03-2025 22:57:09.798;29
1;04-03-2025 22:57:26.230;04-03-2025 22:57:25.230;1000
1;04-03-2025 22:57:33.190;04-03-2025 22:57:31.052;2138
1;04-03-2025 22:57:39.342;04-03-2025 22:57:36.030;3312
1;04-03-2025 22:57:47.634;04-03-2025 22:57:45.740;1894
1;04-03-2025 22:58:06.180;04-03-2025 22:57:49.646;16534
1;04-03-2025 22:58:11.349;04-03-2025 22:58:08.021;3328
1;04-03-2025 22:58:18.093;04-03-2025 22:58:14.921;3172
1;04-03-2025 22:58:37.454;04-03-2025 22:58:24.513;12941
1;04-03-2025 22:58:44.531;04-03-2025 22:58:44.085;446
1;04-03-2025 22:58:51.670;04-03-2025 22:58:47.447;4223
1;04-03-2025 22:59:04.646;04-03-2025 22:58:57.999;6647
1;04-03-2025 22:59:13.784;04-03-2025 22:59:08.521;5263
1;04-03-2025 22:59:18.917;04-03-2025 22:59:17.619;1298
1;04-03-2025 22:59:30.535;04-03-2025 22:59:21.191;9344
1;04-03-2025 22:59:33.242;04-03-2025 22:59:31.489;1753
1;04-03-2025 22:59:51.090;04-03-2025 22:59:43.757;7333
1;04-03-2025 23:00:03.306;04-03-2025 22:59:57.424;5882
1;04-03-2025 23:00:05.648;04-03-2025 23:00:03.719;1929
1;04-03-2025 23:00:25.402;04-03-2025 23:00:20.484;4918
1;04-03-2025 23:00:30.143;04-03-2025 23:00:27.487;2656
1;04-03-2025 23:00:37.038;04-03-2025 23:00:34.314;2724
1;04-03-2025 23:00:45.026;04-03-2025 23:00:42.092;2934
1;04-03-2025 23:00:55.716;04-03-2025 23:00:49.061;6655
1;04-03-2025 23:01:08.712;04-03-2025 23:01:01.284;7428
1;04-03-2025 23:01:16.698;04-03-2025 23:01:13.121;3577
1;04-03-2025 23:01:35.005;04-03-2025 23:01:29.695;5310
1;04-03-2025 23:01:38.712;04-03-2025 23:01:35.723;2989
1;04-03-2025 23:01:47.131;04-03-2025 23:01:38.969;8162
1;04-03-2025 23:01:59.208;04-03-2025 23:01:51.785;7423
1;04-03-2025 23:02:13.557;04-03-2025 23:02:06.620;6937
1;04-03-2025 23:02:20.009;04-03-2025 23:02:16.710;3299
1;04-03-2025 23:02:31.803;04-03-2025 23:02:26.586;5217
1;04-03-2025 23:02:44.620;04-03-2025 23:02:43.778;842
1;04-03-2025 23:02:50.257;04-03-2025 23:02:47.394;2863
1;04-03-2025 23:02:56.794;04-03-2025 23:02:53.630;3164
1;04-03-2025 23:03:08.213;04-03-2025 23:03:07.352;861
1;04-03-2025 23:03:21.065;04-03-2025 23:03:11.853;9212
1;04-03-2025 23:03:37.392;04-03-2025 23:03:33.137;4255
1;04-03-2025 23:03:45.390;04-03-2025 23:03:39.761;5629
1;04-03-2025 23:03:52.445;04-03-2025 23:03:48.746;3699
1;04-03-2025 23:03:57.834;04-03-2025 23:03:57.561;273
1;04-03-2025 23:04:05.430;04-03-2025 23:04:01.534;3896
1;04-03-2025 23:04:18.411;04-03-2025 23:04:12.950;5461
1;04-03-2025 23:04:25.854;04-03-2025 23:04:23.933;1921
1;04-03-2025 23:04:46.994;04-03-2025 23:04:34.266;12728
1;04-03-2025 23:04:51.325;04-03-2025 23:04:49.397;1928
1;04-03-2025 23:04:57.313;04-03-2025 23:04:55.336;1977
1;04-03-2025 23:05:07.085;04-03-2025 23:05:04.807;2278
1;04-03-2025 23:05:16.816;04-03-2025 23:05:10.288;6528
1;04-03-2025 23:05:28.540;04-03-2025 23:05:23.132;5408
1;04-03-2025 23:05:31.617;04-03-2025 23:05:28.752;2865
1;04-03-2025 23:05:51.887;04-03-2025 23:05:48.722;3165
1;04-03-2025 23:05:59.268;04-03-2025 23:05:55.581;3687
1;04-03-2025 23:06:11.459;04-03-2025 23:06:01.567;9892
1;04-03-2025 23:06:31.094;04-03-2025 23:06:24.637;6457
1;04-03-2025 23:06:33.521;04-03-2025 23:06:33.183;338
1;04-03-2025 23:06:42.193;04-03-2025 23:06:39.501;2692
1;04-03-2025 23:06:50.980;04-03-2025 23:06:49.595;1385
1;04-03-2025 23:07:04.128;04-03-2025 23:07:01.147;2981
1;04-03-2025 23:07:07.716;04-03-2025 23:07:05.936;1780
1;04-03-2025 23:07:16.821;04-03-2025 23:07:10.125;6696
1;04-03-2025 23:07:24.031;04-03-2025 23:07:20.480;3551
1;04-03-2025 23:07:28.260;04-03-2025 23:07:27.050;1210
1;04-03-2025 23:07:48.288;04-03-2025 23:07:45.884;2404
1;04-03-2025 23:07:53.706;04-03-2025 23:07:50.718;2988
1;04-03-2025 23:08:10.146;04-03-2025 23:08:08.564;1582
1;04-03-2025 23:08:24.494;04-03-2025 23:08:17.478;7016
1;04-03-2025 23:08:25.975;04-03-2025 23:08:25.520;455
1;04-03-2025 23:08:43.606;04-03-2025 23:08:30.356;13250
1;04-03-2025 23:08:51.078;04-03-2025 23:08:45.989;5089
1;04-03-2025 23:09:03.566;04-03-2025 23:08:53.152;10414
1;04-03-2025 23:09:14.244;04-03-2025 23:09:13.680;564
1;04-03-2025 23:09:24.091;04-03-2025 23:09:21.482;2609
1;04-03-2025 23:09:31.201;04-03-2025 23:09:24.602;6599
1;04-03-2025 23:09:32.140;04-03-2025 23:09:32.040;100
1;04-03-2025 23:10:00.421;04-03-2025 23:09:42.380;18041
1;04-03-2025 23:10:05.602;04-03-2025 23:10:01.705;3897
1;04-03-2025 23:10:12.478;04-03-2025 23:10:06.902;5576
1;04-03-2025 23:10:23.278;04-03-2025 23:10:17.634;5644
1;04-03-2025 23:10:24.636;04-03-2025 23:10:23.759;877
1;04-03-2025 23:10:36.915;04-03-2025 23:10:30.696;6219
1;04-03-2025 23:10:47.659;04-03-2025 23:10:37.030;10629
1;04-03-2025 23:11:06.496;04-03-2025 23:10:51.993;14503
1;04-03-2025 23:11:15.670;04-03-2025 23:11:14.022;1648
1;04-03-2025 23:11:21.480;04-03-2025 23:11:16.493;4987
1;04-03-2025 23:11:27.853;04-03-2025 23:11:25.207;2646
1;04-03-2025 23:11:38.775;04-03-2025 23:11:28.881;9894
1;04-03-2025 23:11:58.566;04-03-2025 23:11:49.468;9098
1;04-03-2025 23:12:08.344;04-03-2025 23:12:02.529;5815
1;04-03-2025 23:12:09.228;04-03-2025 23:12:08.654;574
1;04-03-2025 23:12:25.213;04-03-2025 23:12:10.811;14402
1;04-03-2025 23:12:31.426;04-03-2025 23:12:30.562;864
1;04-03-2025 23:12:41.032;04-03-2025 23:12:37.544;3488
1;04-03-2025 23:12:52.503;04-03-2025 23:12:44.405;8098
1;04-03-2025 23:12:54.395;04-03-2025 23:12:53.008;1387
1;04-03-2025 23:13:08.991;04-03-2025 23:13:03.159;5832
1;04-03-2025 23:13:20.036;04-03-2025 23:13:12.082;7954
1;04-03-2025 23:13:27.029;04-03-2025 23:13:24.063;2966
1;04-03-2025 23:13:29.160;04-03-2025 23:13:27.884;1276
1;04-03-2025 23:13:48.438;04-03-2025 23:13:33.255;15183
1;04-03-2025 23:13:50.841;04-03-2025 23:13:50.157;684
1;04-03-2025 23:14:14.310;04-03-2025 23:14:09.447;4863
1;04-03-2025 23:14:21.842;04-03-2025 23:14:16.001;5841
1;04-03-2025 23:14:40.626;04-03-2025 23:14:26.661;13965
1;04-03-2025 23:14:45.442;04-03-2025 23:14:44.323;1119
1;04-03-2025 23:14:51.675;04-03-2025 23:14:50.415;1260
1;04-03-2025 23:15:02.973;04-03-2025 23:14:58.194;4779
1;04-03-2025 23:15:05.164;04-03-2025 23:15:03.357;1807
1;04-03-2025 23:15:22.916;04-03-2025 23:15:19.161;3755
1;04-03-2025 23:15:29.032;04-03-2025 23:15:25.430;3602
1;04-03-2025 23:15:45.888;04-03-2025 23:15:32.916;12972
1;04-03-2025 23:15:53.048;04-03-2025 23:15:46.795;6253
1;04-03-2025 23:15:53.994;04-03-2025 23:15:53.277;717
1;04-03-2025 23:16:05.125;04-03-2025 23:16:00.247;4878
1;04-03-2025 23:16:18.994;04-03-2025 23:16:15.895;3099
1;04-03-2025 23:16:28.601;04-03-2025 23:16:23.164;5437
1;04-03-2025 23:16:30.665;04-03-2025 23:16:29.656;1009
1;04-03-2025 23:16:53.841;04-03-2025 23:16:49.567;4274
1;04-03-2025 23:17:01.502;04-03-2025 23:16:58.164;3338
1;04-03-2025 23:17:11.125;04-03-2025 23:17:05.970;5155
1;04-03-2025 23:17:20.904;04-03-2025 23:17:19.501;1403
1;04-03-2025 23:17:31.016;04-03-2025 23:17:29.012;2004
1;04-03-2025 23:17:49.633;04-03-2025 23:17:36.618;13015
1;04-03-2025 23:17:55.451;04-03-2025 23:17:53.478;1973
1;04-03-2025 23:18:06.119;04-03-2025 23:18:03.393;2726
1;04-03-2025 23:18:14.302;04-03-2025 23:18:12.535;1767
1;04-03-2025 23:18:16.326;04-03-2025 23:18:14.368;1958
1;04-03-2025 23:18:26.985;04-03-2025 23:18:19.253;7732
1;04-03-2025 23:18:46.414;04-03-2025 23:18:35.306;11108
1;04-03-2025 23:18:50.757;04-03-2025 23:18:47.845;2912
1;04-03-2025 23:19:01.730;04-03-2025 23:18:51.057;10673
1;04-03-2025 23:19:20.266;04-03-2025 23:19:18.250;2016
1;04-03-2025 23:19:28.521;04-03-2025 23:19:25.121;3400
1;04-03-2025 23:19:35.407;04-03-2025 23:19:33.561;1846
1;04-03-2025 23:19:45.808;04-03-2025 23:19:43.230;2578
1;04-03-2025 23:19:55.815;04-03-2025 23:19:51.936;3879
1;04-03-2025 23:19:58.063;04-03-2025 23:19:57.482;581
1;04-03-2025 23:20:01.425;04-03-2025 23:19:59.398;2027
1;04-03-2025 23:20:13.095;04-03-2025 23:20:02.805;10290
1;04-03-2025 23:20:38.805;04-03-2025 23:20:16.240;22565
1;04-03-2025 23:20:40.585;04-03-2025 23:20:39.203;1382
1;04-03-2025 23:20:44.177;04-03-2025 23:20:41.059;3118
1;04-03-2025 23:20:57.969;04-03-2025 23:20:57.457;512
1;04-03-2025 23:21:07.297;04-03-2025 23:20:58.698;8599
1;04-03-2025 23:21:17.813;04-03-2025 23:21:07.421;10392
1;04-03-2025 23:21:42.095;04-03-2025 23:21:25.855;16240
1;04-03-2025 23:21:47.915;04-03-2025 23:21:46.413;1502
1;04-03-2025 23:21:52.446;04-03-2025 23:21:50.737;1709
1;04-03-2025 23:22:05.444;04-03-2025 23:21:58.719;6725
1;04-03-2025 23:22:15.668;04-03-2025 23:22:09.390;6278
1;04-03-2025 23:22:27.893;04-03-2025 23:22:20.269;7624
1;04-03-2025 23:22:34.347;04-03-2025 23:22:29.388;4959
1;04-03-2025 23:22:37.465;04-03-2025 23:22:36.397;1068
1;04-03-2025 23:22:42.419;04-03-2025 23:22:40.680;1739
1;04-03-2025 23:23:03.414;04-03-2025 23:22:47.158;16256
1;04-03-2025 23:23:09.105;04-03-2025 23:23:07.419;1686
1;04-03-2025 23:23:30.443;04-03-2025 23:23:11.724;18719
1;04-03-2025 23:23:37.663;04-03-2025 23:23:32.663;5000
1;04-03-2025 23:23:50.929;04-03-2025 23:23:37.963;12966
1;04-03-2025 23:23:59.282;04-03-2025 23:23:58.430;852
1;04-03-2025 23:24:11.126;04-03-2025 23:24:09.156;1970
1;04-03-2025 23:24:14.234;04-03-2025 23:24:13.849;385
1;04-03-2025 23:24:28.893;04-03-2025 23:24:20.536;8357
1;04-03-2025 23:24:31.782;04-03-2025 23:24:30.369;1413
1;04-03-2025 23:24:41.472;04-03-2025 23:24:38.810;2662
1;04-03-2025 23:24:52.898;04-03-2025 23:24:44.159;8739
1;04-03-2025 23:25:03.674;04-03-2025 23:24:54.996;8678
1;04-03-2025 23:25:06.429;04-03-2025 23:25:03.870;2559
1;04-03-2025 23:25:24.200;04-03-2025 23:25:12.991;11209
1;04-03-2025 23:25:30.469;04-03-2025 23:25:28.778;1691
1;04-03-2025 23:25:35.745;04-03-2025 23:25:33.880;1865
1;04-03-2025 23:25:45.864;04-03-2025 23:25:43.003;2861
1;04-03-2025 23:25:55.666;04-03-2025 23:25:55.623;43
1;04-03-2025 23:26:09.468;04-03-2025 23:26:09.390;78
1;04-03-2025 23:26:14.935;04-03-2025 23:26:11.564;3371
1;04-03-2025 23:26:28.951;04-03-2025 23:26:27.859;1092
1;04-03-2025 23:26:45.490;04-03-2025 23:26:29.346;16144
1;04-03-2025 23:26:48.281;04-03-2025 23:26:47.466;815
1;04-03-2025 23:26:58.734;04-03-2025 23:26:52.218;6516
1;04-03-2025 23:27:04.301;04-03-2025 23:26:58.969;5332
1;04-03-2025 23:27:22.308;04-03-2025 23:27:21.992;316
1;04-03-2025 23:27:30.401;04-03-2025 23:27:25.204;5197
1;04-03-2025 23:27:34.836;04-03-2025 23:27:34.767;69
1;04-03-2025 23:27:51.648;04-03-2025 23:27:42.341;9307
1;04-03-2025 23:28:01.235;04-03-2025 23:27:52.317;8918
1;04-03-2025 23:28:05.343;04-03-2025 23:28:02.597;2746
1;04-03-2025 23:28:25.520;04-03-2025 23:28:14.894;10626
1;04-03-2025 23:28:30.046;04-03-2025 23:28:25.603;4443
1;04-03-2025 23:28:32.136;04-03-2025 23:28:30.251;1885
1;04-03-2025 23:28:59.280;04-03-2025 23:28:54.606;4674
1;04-03-2025 23:29:04.562;04-03-2025 23:29:01.349;3213
1;04-03-2025 23:29:12.919;04-03-2025 23:29:07.208;5711
1;04-03-2025 23:29:22.795;04-03-2025 23:29:14.775;8020
1;04-03-2025 23:29:35.874;04-03-2025 23:29:29.079;6795
1;04-03-2025 23:29:39.363;04-03-2025 23:29:37.082;2281
1;04-03-2025 23:29:46.225;04-03-2025 23:29:42.817;3408
1;04-03-2025 23:29:55.171;04-03-2025 23:29:51.940;3231
1;04-03-2025 23:30:16.182;04-03-2025 23:30:07.995;8187
1;04-03-2025 23:30:19.253;04-03-2025 23:30:17.625;1628
1;04-03-2025 23:30:28.403;04-03-2025 23:30:23.675;4728
1;04-03-2025 23:30:40.916;04-03-2025 23:30:32.463;8453
1;04-03-2025 23:30:54.789;04-03-2025 23:30:42.401;12388
1;04-03-2025 23:31:03.567;04-03-2025 23:31:03.061;506
1;04-03-2025 23:31:13.686;04-03-2025 23:31:06.328;7358
1;04-03-2025 23:31:33.968;04-03-2025 23:31:29.123;4845
1;04-03-2025 23:31:39.712;04-03-2025 23:31:36.195;3517
1;04-03-2025 23:31:44.368;04-03-2025 23:31:40.019;4349
1;04-03-2025 23:31:52.380;04-03-2025 23:31:45.981;6399
1;04-03-2025 23:31:57.059;04-03-2025 23:31:55.623;1436
1;04-03-2025 23:32:16.197;04-03-2025 23:31:57.964;18233
1;04-03-2025 23:32:21.237;04-03-2025 23:32:17.948;3289
1;04-03-2025 23:32:22.538;04-03-2025 23:32:22.483;55
1;04-03-2025 23:32:34.514;04-03-2025 23:32:30.808;3706
1;04-03-2025 23:32:56.334;04-03-2025 23:32:45.781;10553
1;04-03-2025 23:33:00.825;04-03-2025 23:33:00.201;624
1;04-03-2025 23:33:10.322;04-03-2025 23:33:01.717;8605
1;04-03-2025 23:33:21.853;04-03-2025 23:33:13.433;8420
1;04-03-2025 23:33:23.084;04-03-2025 23:33:22.389;695
1;04-03-2025 23:33:44.314;04-03-2025 23:33:29.607;14707
1;04-03-2025 23:33:54.683;04-03-2025 23:33:46.400;8283
1;04-03-2025 23:34:05.895;04-03-2025 23:33:54.749;11146
1;04-03-2025 23:34:10.605;04-03-2025 23:34:09.204;1401
1;04-03-2025 23:34:21.574;04-03-2025 23:34:10.860;10714
1;04-03-2025 23:34:35.315;04-03-2025 23:34:25.016;10299
1;04-03-2025 23:34:46.369;04-03-2025 23:34:41.184;5185
1;04-03-2025 23:34:49.687;04-03-2025 23:34:48.594;1093
1;04-03-2025 23:34:57.689;04-03-2025 23:34:50.604;7085
1;04-03-2025 23:35:06.615;04-03-2025 23:34:58.238;8377
1;04-03-2025 23:35:12.529;04-03-2025 23:35:12.494;35
1;04-03-2025 23:35:44.027;04-03-2025 23:35:18.685;25342
1;04-03-2025 23:35:53.384;04-03-2025 23:35:44.327;9057
1;04-03-2025 23:35:59.524;04-03-2025 23:35:54.184;5340
1;04-03-2025 23:36:04.704;04-03-2025 23:36:01.201;3503
1;04-03-2025 23:36:11.506;04-03-2025 23:36:04.968;6538
1;04-03-2025 23:36:29.142;04-03-2025 23:36:25.007;4135
1;04-03-2025 23:36:34.819;04-03-2025 23:36:30.451;4368
1;04-03-2025 23:36:44.372;04-03-2025 23:36:35.616;8756
1;04-03-2025 23:36:51.489;04-03-2025 23:36:47.897;3592
1;04-03-2025 23:36:55.112;04-03-2025 23:36:53.676;1436
1;04-03-2025 23:37:08.377;04-03-2025 23:37:02.379;5998
1;04-03-2025 23:37:19.478;04-03-2025 23:37:12.542;6936
1;04-03-2025 23:37:26.772;04-03-2025 23:37:26.356;416
1;04-03-2025 23:37:33.246;04-03-2025 23:37:29.915;3331
1;04-03-2025 23:37:45.466;04-03-2025 23:37:39.002;6464
1;04-03-2025 23:37:59.245;04-03-2025 23:37:57.689;1556
1;04-03-2025 23:38:13.207;04-03-2025 23:38:12.415;792
1;04-03-2025 23:38:29.498;04-03-2025 23:38:17.880;11618
1;04-03-2025 23:38:31.487;04-03-2025 23:38:29.618;1869
1;04-03-2025 23:38:48.360;04-03-2025 23:38:38.577;9783
1;04-03-2025 23:38:57.570;04-03-2025 23:38:50.289;7281
1;04-03-2025 23:39:02.331;04-03-2025 23:38:58.167;4164
1;04-03-2025 23:39:11.427;04-03-2025 23:39:04.592;6835
1;04-03-2025 23:39:18.685;04-03-2025 23:39:16.183;2502
1;04-03-2025 23:39:23.713;04-03-2025 23:39:20.014;3699
1;04-03-2025 23:39:37.544;04-03-2025 23:39:33.363;4181
1;04-03-2025 23:39:49.720;04-03-2025 23:39:47.694;2026
1;04-03-2025 23:39:54.903;04-03-2025 23:39:54.058;845
1;04-03-2025 23:40:10.958;04-03-2025 23:40:03.043;7915
1;04-03-2025 23:40:20.923;04-03-2025 23:40:16.991;3932
1;04-03-2025 23:40:25.401;04-03-2025 23:40:23.785;1616
1;04-03-2025 23:40:37.574;04-03-2025 23:40:36.266;1308
1;04-03-2025 23:40:40.005;04-03-2025 23:40:38.312;1693
1;04-03-2025 23:41:04.744;04-03-2025 23:40:48.588;16156
1;04-03-2025 23:41:12.880;04-03-2025 23:41:05.439;7441
1;04-03-2025 23:41:20.718;04-03-2025 23:41:16.932;3786
1;04-03-2025 23:41:26.079;04-03-2025 23:41:23.535;2544
1;04-03-2025 23:41:43.819;04-03-2025 23:41:29.263;14556
1;04-03-2025 23:41:51.587;04-03-2025 23:41:50.851;736
1;04-03-2025 23:41:58.486;04-03-2025 23:41:53.478;5008
1;04-03-2025 23:42:05.791;04-03-2025 23:41:58.757;7034
1;04-03-2025 23:42:21.675;04-03-2025 23:42:18.086;3589
1;04-03-2025 23:42:24.273;04-03-2025 23:42:23.004;1269
1;04-03-2025 23:42:43.795;04-03-2025 23:42:29.004;14791
1;04-03-2025 23:42:56.786;04-03-2025 23:42:53.062;3724
1;04-03-2025 23:43:02.448;04-03-2025 23:42:58.487;3961
1;04-03-2025 23:43:14.780;04-03-2025 23:43:05.261;9519
1;04-03-2025 23:43:29.781;04-03-2025 23:43:22.193;7588
1;04-03-2025 23:43:33.535;04-03-2025 23:43:30.443;3092
1;04-03-2025 23:43:41.706;04-03-2025 23:43:37.850;3856
1;04-03-2025 23:43:47.706;04-03-2025 23:43:47.467;239
1;04-03-2025 23:43:59.404;04-03-2025 23:43:50.417;8987
1;04-03-2025 23:44:06.577;04-03-2025 23:44:00.392;6185
1;04-03-2025 23:44:11.520;04-03-2025 23:44:10.214;1306
1;04-03-2025 23:44:30.097;04-03-2025 23:44:28.072;2025
1;04-03-2025 23:44:36.485;04-03-2025 23:44:32.344;4141
1;04-03-2025 23:44:39.620;04-03-2025 23:44:38.784;836
1;04-03-2025 23:45:05.609;04-03-2025 23:44:52.122;13487
1;04-03-2025 23:45:14.701;04-03-2025 23:45:09.383;5318
1;04-03-2025 23:45:29.284;04-03-2025 23:45:28.317;967
1;04-03-2025 23:45:33.141;04-03-2025 23:45:29.557;3584
1;04-03-2025 23:45:36.742;04-03-2025 23:45:35.653;1089
1;04-03-2025 23:45:55.293;04-03-2025 23:45:51.892;3401
1;04-03-2025 23:45:56.252;04-03-2025 23:45:55.495;757
1;04-03-2025 23:45:57.517;04-03-2025 23:45:56.854;663
1;04-03-2025 23:46:16.738;04-03-2025 23:46:14.353;2385
1;04-03-2025 23:46:19.373;04-03-2025 23:46:16.772;2601
1;04-03-2025 23:46:45.622;04-03-2025 23:46:37.866;7756
1;04-03-2025 23:46:53.774;04-03-2025 23:46:47.945;5829
1;04-03-2025 23:47:06.125;04-03-2025 23:46:56.237;9888
1;04-03-2025 23:47:13.468;04-03-2025 23:47:10.634;2834
1;04-03-2025 23:47:23.056;04-03-2025 23:47:15.984;7072
1;04-03-2025 23:47:23.826;04-03-2025 23:47:23.690;136
1;04-03-2025 23:47:36.733;04-03-2025 23:47:26.613;10120
1;04-03-2025 23:47:56.880;04-03-2025 23:47:44.001;12879
1;04-03-2025 23:48:09.677;04-03-2025 23:47:59.251;10426
1;04-03-2025 23:48:14.850;04-03-2025 23:48:14.527;323
1;04-03-2025 23:48:20.959;04-03-2025 23:48:18.956;2003
1;04-03-2025 23:48:24.066;04-03-2025 23:48:22.064;2002
1;04-03-2025 23:48:35.740;04-03-2025 23:48:26.019;9721
1;04-03-2025 23:48:44.923;04-03-2025 23:48:41.726;3197
1;04-03-2025 23:49:00.044;04-03-2025 23:48:53.150;6894
1;04-03-2025 23:49:02.078;04-03-2025 23:49:01.346;732
1;04-03-2025 23:49:11.977;04-03-2025 23:49:09.200;2777
1;04-03-2025 23:49:25.148;04-03-2025 23:49:22.411;2737
1;04-03-2025 23:49:42.492;04-03-2025 23:49:30.028;12464
1;04-03-2025 23:49:47.129;04-03-2025 23:49:46.764;365
1;04-03-2025 23:50:00.438;04-03-2025 23:49:48.260;12178
1;04-03-2025 23:50:04.987;04-03-2025 23:50:04.040;947
1;04-03-2025 23:50:19.611;04-03-2025 23:50:17.113;2498
1;04-03-2025 23:50:26.439;04-03-2025 23:50:25.613;826
1;04-03-2025 23:50:35.360;04-03-2025 23:50:28.408;6952
1;04-03-2025 23:50:55.356;04-03-2025 23:50:52.374;2982
1;04-03-2025 23:51:01.359;04-03-2025 23:50:55.848;5511
1;04-03-2025 23:51:06.093;04-03-2025 23:51:06.076;17
1;04-03-2025 23:51:18.330;04-03-2025 23:51:17.680;650
1;04-03-2025 23:51:33.180;04-03-2025 23:51:19.686;13494
1;04-03-2025 23:51:37.411;04-03-2025 23:51:35.656;1755
1;04-03-2025 23:51:41.284;04-03-2025 23:51:40.008;1276
1;04-03-2025 23:51:53.248;04-03-2025 23:51:45.119;8129
1;04-03-2025 23:52:12.879;04-03-2025 23:52:06.719;6160
1;04-03-2025 23:52:29.890;04-03-2025 23:52:25.748;4142
1;04-03-2025 23:52:37.467;04-03-2025 23:52:33.584;3883
1;04-03-2025 23:52:40.900;04-03-2025 23:52:40.297;603
1;04-03-2025 23:52:54.996;04-03-2025 23:52:41.236;13760
1;04-03-2025 23:53:04.744;04-03-2025 23:52:56.413;8331
1;04-03-2025 23:53:16.329;04-03-2025 23:53:14.544;1785
1;04-03-2025 23:53:19.637;04-03-2025 23:53:18.102;1535
1;04-03-2025 23:53:28.043;04-03-2025 23:53:20.501;7542
1;04-03-2025 23:53:42.641;04-03-2025 23:53:31.892;10749
1;04-03-2025 23:53:57.570;04-03-2025 23:53:50.701;6869
1;04-03-2025 23:54:03.312;04-03-2025 23:53:57.970;5342
1;04-03-2025 23:54:11.039;04-03-2025 23:54:09.488;1551
1;04-03-2025 23:54:17.123;04-03-2025 23:54:15.554;1569
1;04-03-2025 23:54:36.627;04-03-2025 23:54:30.186;6441
1;04-03-2025 23:54:46.033;04-03-2025 23:54:40.263;5770
1;04-03-2025 23:54:54.018;04-03-2025 23:54:50.387;3631
1;04-03-2025 23:55:01.882;04-03-2025 23:55:00.838;1044
1;04-03-2025 23:55:05.600;04-03-2025 23:55:04.439;1161
1;04-03-2025 23:55:16.585;04-03-2025 23:55:10.269;6316
1;04-03-2025 23:55:29.559;04-03-2025 23:55:24.180;5379
1;04-03-2025 23:55:36.579;04-03-2025 23:55:30.392;6187
1;04-03-2025 23:55:49.589;04-03-2025 23:55:42.760;6829
1;04-03-2025 23:56:00.045;04-03-2025 23:55:49.770;10275
1;04-03-2025 23:56:05.844;04-03-2025 23:56:00.453;5391
1;04-03-2025 23:56:22.222;04-03-2025 23:56:12.339;9883
1;04-03-2025 23:56:34.213;04-03-2025 23:56:29.302;4911
1;04-03-2025 23:56:39.435;04-03-2025 23:56:34.346;5089
1;04-03-2025 23:56:54.044;04-03-2025 23:56:49.275;4769
1;04-03-2025 23:57:05.588;04-03-2025 23:57:01.001;4587
1;04-03-2025 23:57:08.305;04-03-2025 23:57:05.899;2406
1;04-03-2025 23:57:19.079;04-03-2025 23:57:10.377;8702
1;04-03-2025 23:57:29.611;04-03-2025 23:57:27.543;2068
1;04-03-2025 23:57:39.387;04-03-2025 23:57:36.075;3312
1;04-03-2025 23:57:56.636;04-03-2025 23:57:42.407;14229
1;04-03-2025 23:58:06.577;04-03-2025 23:57:56.792;9785
1;04-03-2025 23:58:13.102;04-03-2025 23:58:10.269;2833
1;04-03-2025 23:58:24.365;04-03-2025 23:58:16.192;8173
1;04-03-2025 23:58:31.227;04-03-2025 23:58:27.034;4193
1;04-03-2025 23:58:47.294;04-03-2025 23:58:42.012;5282
1;04-03-2025 23:58:54.616;04-03-2025 23:58:48.830;5786
1;04-03-2025 23:59:10.539;04-03-2025 23:59:05.229;5310
1;04-03-2025 23:59:13.331;04-03-2025 23:59:10.815;2516
1;04-03-2025 23:59:23.591;04-03-2025 23:59:15.010;8581
1;04-03-2025 23:59:28.374;04-03-2025 23:59:24.118;4256
1;04-03-2025 23:59:39.183;04-03-2025 23:59:37.331;1852
1;04-03-2025 23:59:48.008;04-03-2025 23:59:41.177;6831
1;04-03-2025 23:59:51.441;04-03-2025 23:59:50.967;474
1;05-03-2025 00:00:16.865;05-03-2025 00:00:06.696;10169
1;05-03-2025 00:00:20.006;05-03-2025 00:00:18.720;1286
1;05-03-2025 00:00:33.366;05-03-2025 00:00:29.729;3637
1;05-03-2025 00:00:40.902;05-03-2025 00:00:40.789;113
1;05-03-2025 00:00:50.422;05-03-2025 00:00:45.077;5345
1;05-03-2025 00:00:58.114;05-03-2025 00:00:57.957;157
1;05-03-2025 00:01:13.319;05-03-2025 00:00:58.354;14965
1;05-03-2025 00:01:18.246;05-03-2025 00:01:17.673;573
1;05-03-2025 00:01:29.057;05-03-2025 00:01:26.076;2981
1;05-03-2025 00:01:37.503;05-03-2025 00:01:33.371;4132
1;05-03-2025 00:01:41.769;05-03-2025 00:01:38.871;2898
1;05-03-2025 00:01:49.838;05-03-2025 00:01:46.347;3491
1;05-03-2025 00:02:07.764;05-03-2025 00:02:07.419;345
1;05-03-2025 00:02:19.903;05-03-2025 00:02:14.107;5796
1;05-03-2025 00:02:31.824;05-03-2025 00:02:23.000;8824
1;05-03-2025 00:02:43.920;05-03-2025 00:02:36.927;6993
1;05-03-2025 00:02:50.414;05-03-2025 00:02:48.331;2083
1;05-03-2025 00:02:59.883;05-03-2025 00:02:57.557;2326
1;05-03-2025 00:03:20.136;05-03-2025 00:03:04.673;15463
1;05-03-2025 00:03:21.503;05-03-2025 00:03:20.992;511
1;05-03-2025 00:03:31.896;05-03-2025 00:03:28.350;3546
1;05-03-2025 00:03:34.044;05-03-2025 00:03:33.534;510
1;05-03-2025 00:04:00.151;05-03-2025 00:03:37.432;22719
1;05-03-2025 00:04:10.181;05-03-2025 00:04:04.518;5663
1;05-03-2025 00:04:14.244;05-03-2025 00:04:13.659;585
1;05-03-2025 00:04:24.034;05-03-2025 00:04:17.295;6739
1;05-03-2025 00:04:28.560;05-03-2025 00:04:26.202;2358
1;05-03-2025 00:04:40.129;05-03-2025 00:04:36.047;4082
1;05-03-2025 00:04:48.247;05-03-2025 00:04:41.919;6328
1;05-03-2025 00:04:52.967;05-03-2025 00:04:48.859;4108
1;05-03-2025 00:05:01.353;05-03-2025 00:04:57.701;3652
1;05-03-2025 00:05:08.787;05-03-2025 00:05:05.752;3035
1;05-03-2025 00:05:31.148;05-03-2025 00:05:13.914;17234
1;05-03-2025 00:05:41.077;05-03-2025 00:05:32.671;8406
1;05-03-2025 00:05:45.586;05-03-2025 00:05:42.609;2977
1;05-03-2025 00:05:59.934;05-03-2025 00:05:57.216;2718
1;05-03-2025 00:06:01.333;05-03-2025 00:06:00.028;1305
1;05-03-2025 00:06:09.207;05-03-2025 00:06:06.898;2309
1;05-03-2025 00:06:28.581;05-03-2025 00:06:25.724;2857
1;05-03-2025 00:06:35.625;05-03-2025 00:06:31.241;4384
1;05-03-2025 00:06:55.862;05-03-2025 00:06:42.105;13757
1;05-03-2025 00:07:00.621;05-03-2025 00:06:57.793;2828
1;05-03-2025 00:07:12.578;05-03-2025 00:07:06.703;5875
1;05-03-2025 00:07:19.395;05-03-2025 00:07:13.310;6085
1;05-03-2025 00:07:19.844;05-03-2025 00:07:19.798;46
1;05-03-2025 00:07:48.035;05-03-2025 00:07:24.249;23786
1;05-03-2025 00:07:55.604;05-03-2025 00:07:52.381;3223
1;05-03-2025 00:07:59.732;05-03-2025 00:07:59.678;54
1;05-03-2025 00:08:17.290;05-03-2025 00:08:16.766;524
1;05-03-2025 00:08:26.525;05-03-2025 00:08:18.818;7707
1;05-03-2025 00:08:30.749;05-03-2025 00:08:27.569;3180
1;05-03-2025 00:08:43.883;05-03-2025 00:08:40.718;3165
1;05-03-2025 00:08:52.498;05-03-2025 00:08:44.821;7677
1;05-03-2025 00:09:07.508;05-03-2025 00:08:58.672;8836
1;05-03-2025 00:09:15.471;05-03-2025 00:09:14.010;1461
1;05-03-2025 00:09:17.790;05-03-2025 00:09:17.358;432
1;05-03-2025 00:09:26.247;05-03-2025 00:09:20.040;6207
1;05-03-2025 00:09:41.565;05-03-2025 00:09:40.593;972
1;05-03-2025 00:09:48.558;05-03-2025 00:09:47.809;749
1;05-03-2025 00:10:03.589;05-03-2025 00:10:02.451;1138
1;05-03-2025 00:10:04.041;05-03-2025 00:10:03.604;437
1;05-03-2025 00:10:11.707;05-03-2025 00:10:05.162;6545
1;05-03-2025 00:10:35.226;05-03-2025 00:10:21.708;13518
1;05-03-2025 00:10:45.381;05-03-2025 00:10:37.738;7643
1;05-03-2025 00:10:51.671;05-03-2025 00:10:51.307;364
1;05-03-2025 00:10:56.570;05-03-2025 00:10:53.580;2990
1;05-03-2025 00:10:57.448;05-03-2025 00:10:56.892;556
1;05-03-2025 00:11:07.739;05-03-2025 00:11:04.375;3364
1;05-03-2025 00:11:39.434;05-03-2025 00:11:36.059;3375
1;05-03-2025 00:11:45.692;05-03-2025 00:11:39.825;5867
1;05-03-2025 00:11:57.234;05-03-2025 00:11:50.051;7183
1;05-03-2025 00:12:01.216;05-03-2025 00:12:00.478;738
1;05-03-2025 00:12:12.481;05-03-2025 00:12:03.871;8610
1;05-03-2025 00:12:18.534;05-03-2025 00:12:17.756;778
1;05-03-2025 00:12:32.286;05-03-2025 00:12:30.072;2214
1;05-03-2025 00:12:32.938;05-03-2025 00:12:32.810;128
1;05-03-2025 00:12:50.497;05-03-2025 00:12:39.064;11433
1;05-03-2025 00:12:57.588;05-03-2025 00:12:50.648;6940
1;05-03-2025 00:13:07.401;05-03-2025 00:13:00.405;6996
1;05-03-2025 00:13:21.659;05-03-2025 00:13:10.103;11556
1;05-03-2025 00:13:25.818;05-03-2025 00:13:21.866;3952
1;05-03-2025 00:13:37.575;05-03-2025 00:13:30.241;7334
1;05-03-2025 00:13:54.488;05-03-2025 00:13:39.997;14491
1;05-03-2025 00:13:58.870;05-03-2025 00:13:57.002;1868
1;05-03-2025 00:14:02.212;05-03-2025 00:13:59.779;2433
1;05-03-2025 00:14:12.761;05-03-2025 00:14:10.874;1887
1;05-03-2025 00:14:35.626;05-03-2025 00:14:33.584;2042
1;05-03-2025 00:14:44.739;05-03-2025 00:14:42.354;2385
1;05-03-2025 00:14:45.555;05-03-2025 00:14:44.920;635
1;05-03-2025 00:14:51.645;05-03-2025 00:14:51.471;174
1;05-03-2025 00:15:10.578;05-03-2025 00:14:56.335;14243
1;05-03-2025 00:15:23.045;05-03-2025 00:15:22.429;616
1;05-03-2025 00:15:35.277;05-03-2025 00:15:25.635;9642
1;05-03-2025 00:15:46.099;05-03-2025 00:15:43.583;2516
1;05-03-2025 00:15:50.781;05-03-2025 00:15:48.691;2090
1;05-03-2025 00:16:03.090;05-03-2025 00:15:53.243;9847
1;05-03-2025 00:16:09.212;05-03-2025 00:16:07.774;1438
1;05-03-2025 00:16:13.748;05-03-2025 00:16:13.083;665
1;05-03-2025 00:16:29.572;05-03-2025 00:16:26.592;2980
1;05-03-2025 00:16:39.015;05-03-2025 00:16:35.301;3714
1;05-03-2025 00:16:49.253;05-03-2025 00:16:40.739;8514
1;05-03-2025 00:17:06.161;05-03-2025 00:16:52.217;13944
1;05-03-2025 00:17:12.018;05-03-2025 00:17:06.484;5534
0;05-03-2025 00:19:17.990;05-03-2025 00:19:08.092;9898
0;05-03-2025 00:19:38.882;05-03-2025 00:19:37.749;1133
0;05-03-2025 00:19:40.142;05-03-2025 00:19:39.208;934
0;05-03-2025 00:19:53.106;05-03-2025 00:19:41.447;11659
0;05-03-2025 00:20:01.009;05-03-2025 00:19:53.177;7832
0;05-03-2025 00:20:09.962;05-03-2025 00:20:03.291;6671
0;05-03-2025 00:20:16.918;05-03-2025 00:20:13.210;3708
0;05-03-2025 00:20:27.637;05-03-2025 00:20:20.514;7123
0;05-03-2025 00:20:38.778;05-03-2025 00:20:38.620;158
0;05-03-2025 00:20:48.908;05-03-2025 00:20:43.815;5093
0;05-03-2025 00:20:51.990;05-03-2025 00:20:48.961;3029
0;05-03-2025 00:21:06.883;05-03-2025 00:21:06.090;793
0;05-03-2025 00:21:15.250;05-03-2025 00:21:11.986;3264
0;05-03-2025 00:21:29.617;05-03-2025 00:21:21.083;8534
0;05-03-2025 00:21:39.090;05-03-2025 00:21:29.801;9289
0;05-03-2025 00:21:52.416;05-03-2025 00:21:43.030;9386
0;05-03-2025 00:22:10.926;05-03-2025 00:21:54.365;16561
0;05-03-2025 00:22:11.782;05-03-2025 00:22:11.171;611
0;05-03-2025 00:22:22.629;05-03-2025 00:22:17.507;5122
0;05-03-2025 00:22:24.748;05-03-2025 00:22:23.194;1554
0;05-03-2025 00:22:43.588;05-03-2025 00:22:34.088;9500
0;05-03-2025 00:22:57.499;05-03-2025 00:22:56.094;1405
0;05-03-2025 00:23:01.696;05-03-2025 00:22:59.861;1835
0;05-03-2025 00:23:09.641;05-03-2025 00:23:09.435;206
0;05-03-2025 00:23:16.831;05-03-2025 00:23:14.931;1900
0;05-03-2025 00:23:22.601;05-03-2025 00:23:20.711;1890
0;05-03-2025 00:23:32.109;05-03-2025 00:23:27.163;4946
0;05-03-2025 00:23:41.242;05-03-2025 00:23:32.813;8429
0;05-03-2025 00:23:53.043;05-03-2025 00:23:46.458;6585
0;05-03-2025 00:24:00.324;05-03-2025 00:23:55.714;4610
0;05-03-2025 00:24:28.846;05-03-2025 00:24:19.452;9394
0;05-03-2025 00:24:36.428;05-03-2025 00:24:31.072;5356
0;05-03-2025 00:24:40.979;05-03-2025 00:24:39.544;1435
0;05-03-2025 00:24:55.075;05-03-2025 00:24:52.383;2692
0;05-03-2025 00:24:56.741;05-03-2025 00:24:56.263;478
0;05-03-2025 00:25:10.733;05-03-2025 00:25:03.111;7622
0;05-03-2025 00:25:17.193;05-03-2025 00:25:14.082;3111
0;05-03-2025 00:25:28.587;05-03-2025 00:25:21.481;7106
0;05-03-2025 00:25:37.937;05-03-2025 00:25:35.722;2215
0;05-03-2025 00:25:54.434;05-03-2025 00:25:50.049;4385
0;05-03-2025 00:25:58.685;05-03-2025 00:25:57.597;1088
0;05-03-2025 00:26:10.202;05-03-2025 00:26:01.709;8493
0;05-03-2025 00:26:11.709;05-03-2025 00:26:11.432;277
0;05-03-2025 00:26:21.710;05-03-2025 00:26:19.718;1992
0;05-03-2025 00:26:36.959;05-03-2025 00:26:35.201;1758
0;05-03-2025 00:26:53.992;05-03-2025 00:26:39.147;14845
0;05-03-2025 00:27:05.771;05-03-2025 00:26:55.560;10211
0;05-03-2025 00:27:11.689;05-03-2025 00:27:10.120;1569
0;05-03-2025 00:27:17.171;05-03-2025 00:27:16.548;623
0;05-03-2025 00:27:23.348;05-03-2025 00:27:18.052;5296
0;05-03-2025 00:27:46.094;05-03-2025 00:27:39.546;6548
0;05-03-2025 00:27:50.740;05-03-2025 00:27:46.351;4389
0;05-03-2025 00:28:02.034;05-03-2025 00:27:57.190;4844
0;05-03-2025 00:28:19.770;05-03-2025 00:28:18.614;1156
0;05-03-2025 00:28:27.382;05-03-2025 00:28:21.848;5534
0;05-03-2025 00:28:32.642;05-03-2025 00:28:31.396;1246
0;05-03-2025 00:28:34.564;05-03-2025 00:28:33.154;1410
0;05-03-2025 00:28:45.725;05-03-2025 00:28:45.143;582
0;05-03-2025 00:29:02.122;05-03-2025 00:29:01.820;302
0;05-03-2025 00:29:11.551;05-03-2025 00:29:06.306;5245
0;05-03-2025 00:29:15.847;05-03-2025 00:29:12.100;3747
0;05-03-2025 00:29:27.932;05-03-2025 00:29:20.715;7217
0;05-03-2025 00:29:32.286;05-03-2025 00:29:31.307;979
0;05-03-2025 00:29:58.871;05-03-2025 00:29:37.999;20872
0;05-03-2025 00:30:06.571;05-03-2025 00:30:03.349;3222
0;05-03-2025 00:30:10.836;05-03-2025 00:30:10.000;836
0;05-03-2025 00:30:20.534;05-03-2025 00:30:14.687;5847
0;05-03-2025 00:30:35.839;05-03-2025 00:30:26.618;9221
0;05-03-2025 00:30:49.513;05-03-2025 00:30:42.436;7077
0;05-03-2025 00:30:54.705;05-03-2025 00:30:51.751;2954
0;05-03-2025 00:30:59.172;05-03-2025 00:30:55.134;4038
0;05-03-2025 00:31:13.604;05-03-2025 00:31:01.448;12156
0;05-03-2025 00:31:21.418;05-03-2025 00:31:18.619;2799
0;05-03-2025 00:31:23.807;05-03-2025 00:31:22.327;1480
0;05-03-2025 00:31:54.681;05-03-2025 00:31:27.313;27368
0;05-03-2025 00:31:57.270;05-03-2025 00:31:54.935;2335
0;05-03-2025 00:32:08.499;05-03-2025 00:32:00.754;7745
0;05-03-2025 00:32:15.935;05-03-2025 00:32:09.545;6390
0;05-03-2025 00:32:19.894;05-03-2025 00:32:19.540;354
0;05-03-2025 00:32:27.227;05-03-2025 00:32:25.691;1536
0;05-03-2025 00:32:37.720;05-03-2025 00:32:37.614;106
0;05-03-2025 00:32:46.363;05-03-2025 00:32:41.395;4968
0;05-03-2025 00:33:11.377;05-03-2025 00:32:50.779;20598
0;05-03-2025 00:33:15.443;05-03-2025 00:33:15.092;351
0;05-03-2025 00:33:26.094;05-03-2025 00:33:20.255;5839
0;05-03-2025 00:33:35.700;05-03-2025 00:33:31.834;3866
0;05-03-2025 00:33:39.005;05-03-2025 00:33:37.472;1533
0;05-03-2025 00:33:51.206;05-03-2025 00:33:48.158;3048
0;05-03-2025 00:33:55.089;05-03-2025 00:33:54.983;106
0;05-03-2025 00:34:07.380;05-03-2025 00:34:04.559;2821
0;05-03-2025 00:34:16.968;05-03-2025 00:34:16.144;824
0;05-03-2025 00:34:29.000;05-03-2025 00:34:25.365;3635
0;05-03-2025 00:34:34.244;05-03-2025 00:34:32.610;1634
0;05-03-2025 00:34:45.851;05-03-2025 00:34:43.392;2459
0;05-03-2025 00:34:59.490;05-03-2025 00:34:52.362;7128
0;05-03-2025 00:35:10.022;05-03-2025 00:35:03.611;6411
0;05-03-2025 00:35:24.522;05-03-2025 00:35:21.492;3030
0;05-03-2025 00:35:25.153;05-03-2025 00:35:24.862;291
0;05-03-2025 00:35:34.535;05-03-2025 00:35:32.349;2186
0;05-03-2025 00:35:58.111;05-03-2025 00:35:41.001;17110
0;05-03-2025 00:35:59.395;05-03-2025 00:35:59.033;362
0;05-03-2025 00:36:04.784;05-03-2025 00:36:03.294;1490
0;05-03-2025 00:36:24.427;05-03-2025 00:36:24.408;19
0;05-03-2025 00:36:35.040;05-03-2025 00:36:31.695;3345
0;05-03-2025 00:36:51.459;05-03-2025 00:36:40.723;10736
0;05-03-2025 00:36:54.337;05-03-2025 00:36:54.049;288
0;05-03-2025 00:36:57.555;05-03-2025 00:36:55.555;2000
0;05-03-2025 00:37:09.434;05-03-2025 00:37:05.577;3857
0;05-03-2025 00:37:20.213;05-03-2025 00:37:17.818;2395
0;05-03-2025 00:37:30.458;05-03-2025 00:37:21.534;8924
0;05-03-2025 00:37:38.681;05-03-2025 00:37:30.969;7712
0;05-03-2025 00:37:46.748;05-03-2025 00:37:41.055;5693
0;05-03-2025 00:38:06.348;05-03-2025 00:37:54.438;11910
0;05-03-2025 00:38:19.266;05-03-2025 00:38:17.674;1592
0;05-03-2025 00:38:23.843;05-03-2025 00:38:21.785;2058
0;05-03-2025 00:38:31.303;05-03-2025 00:38:30.490;813
0;05-03-2025 00:38:44.982;05-03-2025 00:38:38.638;6344
0;05-03-2025 00:38:49.917;05-03-2025 00:38:45.263;4654
0;05-03-2025 00:39:02.371;05-03-2025 00:38:50.845;11526
0;05-03-2025 00:39:14.809;05-03-2025 00:39:05.696;9113
0;05-03-2025 00:39:24.522;05-03-2025 00:39:23.766;756
0;05-03-2025 00:39:29.714;05-03-2025 00:39:26.330;3384
0;05-03-2025 00:39:40.236;05-03-2025 00:39:33.797;6439
0;05-03-2025 00:39:57.717;05-03-2025 00:39:55.210;2507
0;05-03-2025 00:39:59.922;05-03-2025 00:39:57.950;1972
0;05-03-2025 00:40:05.277;05-03-2025 00:40:03.092;2185
0;05-03-2025 00:40:15.744;05-03-2025 00:40:11.949;3795
0;05-03-2025 00:40:33.632;05-03-2025 00:40:18.913;14719
0;05-03-2025 00:40:43.075;05-03-2025 00:40:39.222;3853
0;05-03-2025 00:40:46.472;05-03-2025 00:40:45.333;1139
0;05-03-2025 00:40:57.668;05-03-2025 00:40:56.971;697
0;05-03-2025 00:41:13.160;05-03-2025 00:41:08.281;4879
0;05-03-2025 00:41:18.291;05-03-2025 00:41:13.938;4353
0;05-03-2025 00:41:25.374;05-03-2025 00:41:24.604;770
0;05-03-2025 00:41:27.438;05-03-2025 00:41:27.010;428
0;05-03-2025 00:41:50.254;05-03-2025 00:41:35.954;14300
0;05-03-2025 00:41:57.694;05-03-2025 00:41:51.211;6483
0;05-03-2025 00:42:01.855;05-03-2025 00:41:59.689;2166
0;05-03-2025 00:42:13.599;05-03-2025 00:42:02.698;10901
0;05-03-2025 00:42:25.339;05-03-2025 00:42:19.045;6294
0;05-03-2025 00:42:39.024;05-03-2025 00:42:25.825;13199
0;05-03-2025 00:42:54.134;05-03-2025 00:42:48.905;5229
0;05-03-2025 00:43:09.523;05-03-2025 00:43:06.600;2923
0;05-03-2025 00:43:13.797;05-03-2025 00:43:13.374;423
0;05-03-2025 00:43:19.112;05-03-2025 00:43:14.643;4469
0;05-03-2025 00:43:27.807;05-03-2025 00:43:23.874;3933
0;05-03-2025 00:43:39.404;05-03-2025 00:43:35.810;3594
0;05-03-2025 00:43:43.474;05-03-2025 00:43:40.471;3003
0;05-03-2025 00:44:02.488;05-03-2025 00:43:55.759;6729
0;05-03-2025 00:44:11.410;05-03-2025 00:44:05.553;5857
0;05-03-2025 00:44:12.663;05-03-2025 00:44:11.769;894
0;05-03-2025 00:44:29.156;05-03-2025 00:44:25.201;3955
0;05-03-2025 00:44:34.576;05-03-2025 00:44:32.185;2391
0;05-03-2025 00:44:43.952;05-03-2025 00:44:42.070;1882
0;05-03-2025 00:44:59.677;05-03-2025 00:44:46.885;12792
0;05-03-2025 00:45:15.151;05-03-2025 00:45:09.030;6121
0;05-03-2025 00:45:16.191;05-03-2025 00:45:15.603;588
0;05-03-2025 00:45:22.738;05-03-2025 00:45:19.426;3312
0;05-03-2025 00:45:43.889;05-03-2025 00:45:24.431;19458
0;05-03-2025 00:45:58.374;05-03-2025 00:45:50.300;8074
0;05-03-2025 00:46:12.738;05-03-2025 00:45:59.662;13076
0;05-03-2025 00:46:14.150;05-03-2025 00:46:13.987;163
0;05-03-2025 00:46:25.104;05-03-2025 00:46:17.679;7425
0;05-03-2025 00:46:35.844;05-03-2025 00:46:35.638;206
0;05-03-2025 00:46:40.601;05-03-2025 00:46:39.275;1326
0;05-03-2025 00:46:56.370;05-03-2025 00:46:54.089;2281
0;05-03-2025 00:47:08.119;05-03-2025 00:47:00.546;7573
0;05-03-2025 00:47:10.080;05-03-2025 00:47:09.359;721
0;05-03-2025 00:47:21.747;05-03-2025 00:47:17.038;4709
0;05-03-2025 00:47:26.708;05-03-2025 00:47:26.656;52
0;05-03-2025 00:47:35.732;05-03-2025 00:47:27.381;8351
0;05-03-2025 00:47:45.723;05-03-2025 00:47:43.105;2618
0;05-03-2025 00:47:51.453;05-03-2025 00:47:47.194;4259
0;05-03-2025 00:48:12.460;05-03-2025 00:48:10.750;1710
0;05-03-2025 00:48:24.439;05-03-2025 00:48:17.889;6550
0;05-03-2025 00:48:34.829;05-03-2025 00:48:34.803;26
0;05-03-2025 00:48:36.547;05-03-2025 00:48:35.081;1466
0;05-03-2025 00:48:41.999;05-03-2025 00:48:41.095;904
0;05-03-2025 00:48:58.352;05-03-2025 00:48:54.128;4224
0;05-03-2025 00:49:00.409;05-03-2025 00:49:00.281;128
0;05-03-2025 00:49:12.610;05-03-2025 00:49:08.722;3888
0;05-03-2025 00:49:21.730;05-03-2025 00:49:17.948;3782
0;05-03-2025 00:49:48.341;05-03-2025 00:49:38.060;10281
0;05-03-2025 00:49:53.899;05-03-2025 00:49:48.925;4974
0;05-03-2025 00:50:00.275;05-03-2025 00:49:55.661;4614
0;05-03-2025 00:50:07.794;05-03-2025 00:50:03.346;4448
0;05-03-2025 00:50:17.601;05-03-2025 00:50:11.378;6223
0;05-03-2025 00:50:39.956;05-03-2025 00:50:18.909;21047
0;05-03-2025 00:50:40.054;05-03-2025 00:50:39.983;71
0;05-03-2025 00:50:41.311;05-03-2025 00:50:40.869;442
0;05-03-2025 00:50:52.914;05-03-2025 00:50:52.317;597
0;05-03-2025 00:51:02.597;05-03-2025 00:50:55.124;7473
0;05-03-2025 00:51:20.410;05-03-2025 00:51:19.751;659
0;05-03-2025 00:51:41.032;05-03-2025 00:51:36.342;4690
0;05-03-2025 00:51:43.593;05-03-2025 00:51:41.108;2485
0;05-03-2025 00:51:47.614;05-03-2025 00:51:46.418;1196
0;05-03-2025 00:52:03.861;05-03-2025 00:51:48.547;15314
0;05-03-2025 00:52:08.907;05-03-2025 00:52:04.664;4243
0;05-03-2025 00:52:22.290;05-03-2025 00:52:13.882;8408
0;05-03-2025 00:52:33.725;05-03-2025 00:52:27.317;6408
0;05-03-2025 00:52:45.393;05-03-2025 00:52:36.382;9011
0;05-03-2025 00:52:49.315;05-03-2025 00:52:46.003;3312
0;05-03-2025 00:52:55.285;05-03-2025 00:52:51.767;3518
0;05-03-2025 00:53:18.784;05-03-2025 00:52:59.415;19369
0;05-03-2025 00:53:19.044;05-03-2025 00:53:18.957;87
0;05-03-2025 00:53:27.933;05-03-2025 00:53:19.798;8135
0;05-03-2025 00:53:36.164;05-03-2025 00:53:33.402;2762
0;05-03-2025 00:53:56.108;05-03-2025 00:53:55.545;563
0;05-03-2025 00:53:59.244;05-03-2025 00:53:56.182;3062
0;05-03-2025 00:54:00.378;05-03-2025 00:53:59.714;664
0;05-03-2025 00:54:26.738;05-03-2025 00:54:02.668;24070
0;05-03-2025 00:54:31.941;05-03-2025 00:54:28.705;3236
0;05-03-2025 00:54:40.204;05-03-2025 00:54:38.726;1478
0;05-03-2025 00:54:49.988;05-03-2025 00:54:45.976;4012
0;05-03-2025 00:54:54.807;05-03-2025 00:54:50.544;4263
0;05-03-2025 00:55:06.982;05-03-2025 00:55:01.200;5782
0;05-03-2025 00:55:18.082;05-03-2025 00:55:15.738;2344
0;05-03-2025 00:55:28.949;05-03-2025 00:55:19.970;8979
0;05-03-2025 00:55:42.659;05-03-2025 00:55:31.692;10967
0;05-03-2025 00:55:48.132;05-03-2025 00:55:47.906;226
0;05-03-2025 00:55:59.793;05-03-2025 00:55:50.523;9270
0;05-03-2025 00:56:11.999;05-03-2025 00:56:07.306;4693
0;05-03-2025 00:56:13.218;05-03-2025 00:56:12.578;640
0;05-03-2025 00:56:22.594;05-03-2025 00:56:19.912;2682
0;05-03-2025 00:56:32.898;05-03-2025 00:56:25.412;7486
0;05-03-2025 00:56:55.834;05-03-2025 00:56:32.978;22856
0;05-03-2025 00:56:56.854;05-03-2025 00:56:56.704;150
0;05-03-2025 00:57:14.501;05-03-2025 00:57:10.569;3932
0;05-03-2025 00:57:21.636;05-03-2025 00:57:18.155;3481
0;05-03-2025 00:57:29.336;05-03-2025 00:57:26.011;3325
0;05-03-2025 00:57:41.552;05-03-2025 00:57:36.945;4607
0;05-03-2025 00:57:51.382;05-03-2025 00:57:44.027;7355
0;05-03-2025 00:57:57.349;05-03-2025 00:57:52.048;5301
0;05-03-2025 00:58:15.573;05-03-2025 00:58:06.144;9429
0;05-03-2025 00:58:23.311;05-03-2025 00:58:21.267;2044
0;05-03-2025 00:58:31.356;05-03-2025 00:58:30.429;927
0;05-03-2025 00:58:40.253;05-03-2025 00:58:37.033;3220
0;05-03-2025 00:58:46.927;05-03-2025 00:58:42.885;4042
0;05-03-2025 00:59:03.119;05-03-2025 00:59:02.929;190
0;05-03-2025 00:59:12.392;05-03-2025 00:59:10.275;2117
0;05-03-2025 00:59:15.239;05-03-2025 00:59:14.172;1067
0;05-03-2025 00:59:29.553;05-03-2025 00:59:27.539;2014
0;05-03-2025 00:59:46.729;05-03-2025 00:59:31.316;15413
0;05-03-2025 00:59:55.152;05-03-2025 00:59:54.329;823
0;05-03-2025 01:00:00.010;05-03-2025 00:59:56.543;3467
0;05-03-2025 01:00:18.548;05-03-2025 01:00:06.584;11964
0;05-03-2025 01:00:21.604;05-03-2025 01:00:19.121;2483
0;05-03-2025 01:00:25.473;05-03-2025 01:00:24.775;698
0;05-03-2025 01:00:36.975;05-03-2025 01:00:32.850;4125
0;05-03-2025 01:00:45.794;05-03-2025 01:00:44.921;873
0;05-03-2025 01:00:47.791;05-03-2025 01:00:47.268;523
0;05-03-2025 01:01:11.215;05-03-2025 01:01:08.602;2613
0;05-03-2025 01:01:21.254;05-03-2025 01:01:12.256;8998
0;05-03-2025 01:01:32.047;05-03-2025 01:01:23.995;8052
0;05-03-2025 01:01:39.075;05-03-2025 01:01:34.380;4695
0;05-03-2025 01:01:47.115;05-03-2025 01:01:39.221;7894
0;05-03-2025 01:01:49.835;05-03-2025 01:01:49.053;782
0;05-03-2025 01:02:00.694;05-03-2025 01:01:52.078;8616
0;05-03-2025 01:02:16.237;05-03-2025 01:02:10.798;5439
0;05-03-2025 01:02:28.761;05-03-2025 01:02:21.241;7520
0;05-03-2025 01:02:36.920;05-03-2025 01:02:30.258;6662
0;05-03-2025 01:02:53.163;05-03-2025 01:02:50.457;2706
0;05-03-2025 01:02:58.525;05-03-2025 01:02:56.520;2005
0;05-03-2025 01:03:04.894;05-03-2025 01:03:01.696;3198
0;05-03-2025 01:03:19.407;05-03-2025 01:03:19.199;208
0;05-03-2025 01:03:28.615;05-03-2025 01:03:27.321;1294
0;05-03-2025 01:03:44.544;05-03-2025 01:03:35.104;9440
0;05-03-2025 01:03:47.082;05-03-2025 01:03:46.884;198
0;05-03-2025 01:04:00.050;05-03-2025 01:03:54.807;5243
0;05-03-2025 01:04:08.930;05-03-2025 01:04:07.712;1218
0;05-03-2025 01:04:15.143;05-03-2025 01:04:10.519;4624
0;05-03-2025 01:04:38.991;05-03-2025 01:04:34.740;4251
0;05-03-2025 01:04:39.509;05-03-2025 01:04:39.057;452
0;05-03-2025 01:04:53.756;05-03-2025 01:04:48.706;5050
0;05-03-2025 01:05:01.541;05-03-2025 01:05:00.222;1319
0;05-03-2025 01:05:11.232;05-03-2025 01:05:04.400;6832
0;05-03-2025 01:05:24.501;05-03-2025 01:05:23.752;749
0;05-03-2025 01:05:35.126;05-03-2025 01:05:32.420;2706
0;05-03-2025 01:05:43.694;05-03-2025 01:05:42.598;1096
0;05-03-2025 01:05:45.673;05-03-2025 01:05:45.081;592
0;05-03-2025 01:06:01.510;05-03-2025 01:05:47.381;14129
0;05-03-2025 01:06:03.818;05-03-2025 01:06:02.991;827
0;05-03-2025 01:06:29.188;05-03-2025 01:06:07.350;21838
0;05-03-2025 01:06:39.507;05-03-2025 01:06:38.873;634
0;05-03-2025 01:06:46.803;05-03-2025 01:06:43.405;3398
0;05-03-2025 01:06:56.626;05-03-2025 01:06:48.041;8585
0;05-03-2025 01:07:02.684;05-03-2025 01:07:01.217;1467
0;05-03-2025 01:07:13.241;05-03-2025 01:07:10.506;2735
0;05-03-2025 01:07:19.357;05-03-2025 01:07:17.123;2234
0;05-03-2025 01:07:30.955;05-03-2025 01:07:21.234;9721
0;05-03-2025 01:07:43.045;05-03-2025 01:07:33.973;9072
0;05-03-2025 01:07:51.109;05-03-2025 01:07:48.943;2166
0;05-03-2025 01:08:06.289;05-03-2025 01:08:05.474;815
0;05-03-2025 01:08:11.267;05-03-2025 01:08:10.573;694
0;05-03-2025 01:08:12.885;05-03-2025 01:08:11.881;1004
0;05-03-2025 01:08:27.260;05-03-2025 01:08:20.898;6362
0;05-03-2025 01:08:46.856;05-03-2025 01:08:38.867;7989
0;05-03-2025 01:08:58.766;05-03-2025 01:08:50.584;8182
0;05-03-2025 01:09:03.420;05-03-2025 01:09:01.550;1870
0;05-03-2025 01:09:14.845;05-03-2025 01:09:06.094;8751
0;05-03-2025 01:09:21.972;05-03-2025 01:09:20.603;1369
0;05-03-2025 01:09:27.255;05-03-2025 01:09:22.221;5034
0;05-03-2025 01:09:34.036;05-03-2025 01:09:32.473;1563
0;05-03-2025 01:09:59.274;05-03-2025 01:09:58.943;331
0;05-03-2025 01:10:02.303;05-03-2025 01:10:01.248;1055
0;05-03-2025 01:10:07.204;05-03-2025 01:10:03.146;4058
0;05-03-2025 01:10:19.704;05-03-2025 01:10:10.287;9417
0;05-03-2025 01:10:30.243;05-03-2025 01:10:19.904;10339
0;05-03-2025 01:10:37.291;05-03-2025 01:10:32.132;5159
0;05-03-2025 01:10:44.137;05-03-2025 01:10:41.737;2400
0;05-03-2025 01:11:04.996;05-03-2025 01:10:49.322;15674
0;05-03-2025 01:11:13.749;05-03-2025 01:11:12.671;1078
0;05-03-2025 01:11:22.463;05-03-2025 01:11:14.335;8128
0;05-03-2025 01:11:31.165;05-03-2025 01:11:29.474;1691
0;05-03-2025 01:11:45.024;05-03-2025 01:11:34.283;10741
0;05-03-2025 01:11:54.549;05-03-2025 01:11:46.577;7972
0;05-03-2025 01:12:02.421;05-03-2025 01:11:59.159;3262
0;05-03-2025 01:12:15.993;05-03-2025 01:12:11.020;4973
0;05-03-2025 01:12:18.663;05-03-2025 01:12:16.825;1838
0;05-03-2025 01:12:27.485;05-03-2025 01:12:26.546;939
0;05-03-2025 01:12:37.233;05-03-2025 01:12:31.905;5328
0;05-03-2025 01:12:45.706;05-03-2025 01:12:38.828;6878
0;05-03-2025 01:12:59.222;05-03-2025 01:12:56.532;2690
0;05-03-2025 01:13:09.963;05-03-2025 01:13:01.551;8412
0;05-03-2025 01:13:20.391;05-03-2025 01:13:10.839;9552
0;05-03-2025 01:13:32.263;05-03-2025 01:13:21.723;10540
0;05-03-2025 01:13:40.647;05-03-2025 01:13:33.493;7154
0;05-03-2025 01:13:45.784;05-03-2025 01:13:43.549;2235
0;05-03-2025 01:14:03.640;05-03-2025 01:13:50.108;13532
0;05-03-2025 01:14:13.039;05-03-2025 01:14:04.965;8074
0;05-03-2025 01:14:19.026;05-03-2025 01:14:16.928;2098
0;05-03-2025 01:14:26.608;05-03-2025 01:14:20.722;5886
0;05-03-2025 01:14:37.993;05-03-2025 01:14:26.662;11331
0;05-03-2025 01:14:53.035;05-03-2025 01:14:49.881;3154
0;05-03-2025 01:15:00.714;05-03-2025 01:14:54.808;5906
0;05-03-2025 01:15:08.433;05-03-2025 01:15:06.279;2154
0;05-03-2025 01:15:27.022;05-03-2025 01:15:09.083;17939
0;05-03-2025 01:15:40.050;05-03-2025 01:15:30.670;9380
0;05-03-2025 01:15:41.999;05-03-2025 01:15:41.691;308
0;05-03-2025 01:15:49.681;05-03-2025 01:15:48.992;689
0;05-03-2025 01:15:56.635;05-03-2025 01:15:54.271;2364
0;05-03-2025 01:16:23.037;05-03-2025 01:16:01.567;21470
0;05-03-2025 01:16:29.643;05-03-2025 01:16:26.631;3012
0;05-03-2025 01:16:33.318;05-03-2025 01:16:30.701;2617
0;05-03-2025 01:16:43.130;05-03-2025 01:16:40.289;2841
0;05-03-2025 01:16:47.773;05-03-2025 01:16:46.457;1316
0;05-03-2025 01:16:58.155;05-03-2025 01:16:51.533;6622
0;05-03-2025 01:17:16.019;05-03-2025 01:17:03.881;12138
0;05-03-2025 01:17:19.833;05-03-2025 01:17:19.626;207
0;05-03-2025 01:17:23.497;05-03-2025 01:17:22.223;1274
0;05-03-2025 01:17:35.511;05-03-2025 01:17:30.532;4979
0;05-03-2025 01:17:58.009;05-03-2025 01:17:53.537;4472
0;05-03-2025 01:18:07.631;05-03-2025 01:18:04.948;2683
0;05-03-2025 01:18:10.165;05-03-2025 01:18:08.174;1991
0;05-03-2025 01:18:22.575;05-03-2025 01:18:11.022;11553
0;05-03-2025 01:18:31.162;05-03-2025 01:18:26.007;5155
0;05-03-2025 01:18:36.700;05-03-2025 01:18:34.733;1967
0;05-03-2025 01:18:55.176;05-03-2025 01:18:40.232;14944
0;05-03-2025 01:19:02.224;05-03-2025 01:18:57.229;4995
0;05-03-2025 01:19:12.248;05-03-2025 01:19:04.212;8036
0;05-03-2025 01:19:14.807;05-03-2025 01:19:12.798;2009
0;05-03-2025 01:19:27.282;05-03-2025 01:19:20.653;6629
0;05-03-2025 01:19:38.620;05-03-2025 01:19:37.893;727
0;05-03-2025 01:19:53.343;05-03-2025 01:19:43.085;10258
0;05-03-2025 01:19:58.128;05-03-2025 01:19:56.334;1794
0;05-03-2025 01:20:10.488;05-03-2025 01:20:03.659;6829
0;05-03-2025 01:20:33.088;05-03-2025 01:20:18.803;14285
0;05-03-2025 01:20:33.756;05-03-2025 01:20:33.221;535
0;05-03-2025 01:20:45.329;05-03-2025 01:20:38.471;6858
0;05-03-2025 01:20:50.262;05-03-2025 01:20:47.357;2905
0;05-03-2025 01:21:01.260;05-03-2025 01:20:51.071;10189
0;05-03-2025 01:21:15.749;05-03-2025 01:21:15.280;469
0;05-03-2025 01:21:20.300;05-03-2025 01:21:18.707;1593
0;05-03-2025 01:21:27.225;05-03-2025 01:21:23.806;3419
0;05-03-2025 01:21:46.421;05-03-2025 01:21:32.632;13789
0;05-03-2025 01:21:55.417;05-03-2025 01:21:49.221;6196
0;05-03-2025 01:22:02.699;05-03-2025 01:22:02.287;412
0;05-03-2025 01:22:06.117;05-03-2025 01:22:04.607;1510
0;05-03-2025 01:22:17.088;05-03-2025 01:22:08.793;8295
0;05-03-2025 01:22:19.488;05-03-2025 01:22:18.660;828
0;05-03-2025 01:22:39.208;05-03-2025 01:22:32.565;6643
0;05-03-2025 01:22:49.889;05-03-2025 01:22:41.450;8439
0;05-03-2025 01:23:07.285;05-03-2025 01:22:55.351;11934
0;05-03-2025 01:23:14.835;05-03-2025 01:23:13.224;1611
0;05-03-2025 01:23:33.889;05-03-2025 01:23:19.945;13944
0;05-03-2025 01:23:38.114;05-03-2025 01:23:35.922;2192
0;05-03-2025 01:23:44.510;05-03-2025 01:23:38.127;6383
0;05-03-2025 01:23:51.574;05-03-2025 01:23:46.999;4575
0;05-03-2025 01:24:05.716;05-03-2025 01:23:51.866;13850
0;05-03-2025 01:24:16.413;05-03-2025 01:24:08.028;8385
0;05-03-2025 01:24:17.875;05-03-2025 01:24:16.563;1312
0;05-03-2025 01:24:31.474;05-03-2025 01:24:19.430;12044
0;05-03-2025 01:24:44.314;05-03-2025 01:24:41.408;2906
0;05-03-2025 01:24:48.021;05-03-2025 01:24:47.932;89
0;05-03-2025 01:24:57.928;05-03-2025 01:24:57.481;447
0;05-03-2025 01:25:06.835;05-03-2025 01:25:01.421;5414
0;05-03-2025 01:25:13.951;05-03-2025 01:25:10.803;3148
0;05-03-2025 01:25:21.334;05-03-2025 01:25:21.201;133
0;05-03-2025 01:25:32.645;05-03-2025 01:25:30.435;2210
0;05-03-2025 01:25:52.206;05-03-2025 01:25:32.880;19326
0;05-03-2025 01:26:03.188;05-03-2025 01:25:53.672;9516
0;05-03-2025 01:26:15.886;05-03-2025 01:26:08.718;7168
0;05-03-2025 01:26:20.077;05-03-2025 01:26:19.076;1001
0;05-03-2025 01:26:34.473;05-03-2025 01:26:24.988;9485
0;05-03-2025 01:26:42.981;05-03-2025 01:26:39.162;3819
0;05-03-2025 01:26:54.828;05-03-2025 01:26:46.609;8219
0;05-03-2025 01:27:03.499;05-03-2025 01:27:02.292;1207
0;05-03-2025 01:27:07.699;05-03-2025 01:27:06.946;753
0;05-03-2025 01:27:18.907;05-03-2025 01:27:12.703;6204
0;05-03-2025 01:27:24.178;05-03-2025 01:27:23.269;909
0;05-03-2025 01:27:45.564;05-03-2025 01:27:30.602;14962
0;05-03-2025 01:27:57.787;05-03-2025 01:27:49.957;7830
0;05-03-2025 01:28:06.861;05-03-2025 01:28:02.433;4428
0;05-03-2025 01:28:11.033;05-03-2025 01:28:09.045;1988
0;05-03-2025 01:28:24.837;05-03-2025 01:28:22.107;2730
0;05-03-2025 01:28:36.235;05-03-2025 01:28:25.773;10462
0;05-03-2025 01:28:48.752;05-03-2025 01:28:44.266;4486
0;05-03-2025 01:28:51.649;05-03-2025 01:28:50.440;1209
0;05-03-2025 01:28:55.789;05-03-2025 01:28:52.185;3604
0;05-03-2025 01:29:14.094;05-03-2025 01:29:11.476;2618
0;05-03-2025 01:29:25.456;05-03-2025 01:29:19.553;5903
0;05-03-2025 01:29:26.229;05-03-2025 01:29:26.136;93
0;05-03-2025 01:29:44.048;05-03-2025 01:29:41.919;2129
0;05-03-2025 01:29:56.820;05-03-2025 01:29:56.438;382
0;05-03-2025 01:30:10.693;05-03-2025 01:30:02.481;8212
0;05-03-2025 01:30:13.539;05-03-2025 01:30:12.903;636
0;05-03-2025 01:30:17.664;05-03-2025 01:30:15.762;1902
0;05-03-2025 01:30:23.615;05-03-2025 01:30:18.576;5039
0;05-03-2025 01:30:47.221;05-03-2025 01:30:35.138;12083
0;05-03-2025 01:31:00.274;05-03-2025 01:30:48.800;11474
0;05-03-2025 01:31:01.851;05-03-2025 01:31:00.368;1483
0;05-03-2025 01:31:05.709;05-03-2025 01:31:04.800;909
0;05-03-2025 01:31:17.575;05-03-2025 01:31:06.768;10807
0;05-03-2025 01:31:24.114;05-03-2025 01:31:22.730;1384
0;05-03-2025 01:31:38.752;05-03-2025 01:31:24.651;14101
0;05-03-2025 01:31:50.148;05-03-2025 01:31:47.538;2610
0;05-03-2025 01:32:02.440;05-03-2025 01:31:50.789;11651
0;05-03-2025 01:32:11.258;05-03-2025 01:32:02.767;8491
0;05-03-2025 01:32:24.656;05-03-2025 01:32:11.830;12826
0;05-03-2025 01:32:40.979;05-03-2025 01:32:25.497;15482
0;05-03-2025 01:32:43.243;05-03-2025 01:32:42.047;1196
0;05-03-2025 01:32:46.445;05-03-2025 01:32:44.395;2050
0;05-03-2025 01:32:59.611;05-03-2025 01:32:50.629;8982
0;05-03-2025 01:33:09.723;05-03-2025 01:33:02.523;7200
0;05-03-2025 01:33:20.286;05-03-2025 01:33:11.059;9227
0;05-03-2025 01:33:27.157;05-03-2025 01:33:21.179;5978
0;05-03-2025 01:33:43.612;05-03-2025 01:33:42.725;887
0;05-03-2025 01:33:48.743;05-03-2025 01:33:45.594;3149
0;05-03-2025 01:33:55.430;05-03-2025 01:33:51.406;4024
0;05-03-2025 01:34:09.023;05-03-2025 01:34:07.618;1405
0;05-03-2025 01:34:24.269;05-03-2025 01:34:16.479;7790
0;05-03-2025 01:34:30.289;05-03-2025 01:34:27.914;2375
0;05-03-2025 01:34:33.582;05-03-2025 01:34:32.627;955
0;05-03-2025 01:35:03.008;05-03-2025 01:34:59.054;3954
0;05-03-2025 01:35:05.225;05-03-2025 01:35:04.243;982
0;05-03-2025 01:35:10.576;05-03-2025 01:35:05.605;4971
0;05-03-2025 01:35:26.843;05-03-2025 01:35:17.400;9443
0;05-03-2025 01:35:30.175;05-03-2025 01:35:28.738;1437
0;05-03-2025 01:35:37.342;05-03-2025 01:35:30.456;6886
0;05-03-2025 01:35:52.125;05-03-2025 01:35:48.667;3458
0;05-03-2025 01:35:54.868;05-03-2025 01:35:52.526;2342
0;05-03-2025 01:36:10.684;05-03-2025 01:36:04.470;6214
0;05-03-2025 01:36:24.058;05-03-2025 01:36:15.292;8766
0;05-03-2025 01:36:28.001;05-03-2025 01:36:26.701;1300
0;05-03-2025 01:36:41.303;05-03-2025 01:36:39.864;1439
0;05-03-2025 01:36:53.181;05-03-2025 01:36:47.827;5354
0;05-03-2025 01:37:01.895;05-03-2025 01:36:58.128;3767
0;05-03-2025 01:37:12.990;05-03-2025 01:37:05.284;7706
0;05-03-2025 01:37:14.253;05-03-2025 01:37:13.557;696
0;05-03-2025 01:37:25.594;05-03-2025 01:37:22.699;2895
0;05-03-2025 01:37:34.438;05-03-2025 01:37:31.580;2858
0;05-03-2025 01:37:49.332;05-03-2025 01:37:42.286;7046
0;05-03-2025 01:37:55.860;05-03-2025 01:37:55.355;505
0;05-03-2025 01:38:16.185;05-03-2025 01:38:07.820;8365
0;05-03-2025 01:38:24.709;05-03-2025 01:38:23.745;964
0;05-03-2025 01:38:32.725;05-03-2025 01:38:32.342;383
0;05-03-2025 01:38:36.857;05-03-2025 01:38:33.769;3088
0;05-03-2025 01:38:41.667;05-03-2025 01:38:41.417;250
0;05-03-2025 01:38:56.613;05-03-2025 01:38:52.078;4535
0;05-03-2025 01:39:07.345;05-03-2025 01:39:00.815;6530
0;05-03-2025 01:39:13.598;05-03-2025 01:39:09.713;3885
0;05-03-2025 01:39:30.511;05-03-2025 01:39:29.545;966
0;05-03-2025 01:39:41.451;05-03-2025 01:39:41.338;113
0;05-03-2025 01:39:48.490;05-03-2025 01:39:46.502;1988
0;05-03-2025 01:40:06.274;05-03-2025 01:40:04.053;2221
0;05-03-2025 01:40:10.421;05-03-2025 01:40:08.304;2117
0;05-03-2025 01:40:27.018;05-03-2025 01:40:13.658;13360
0;05-03-2025 01:40:30.881;05-03-2025 01:40:30.618;263
0;05-03-2025 01:40:44.298;05-03-2025 01:40:33.001;11297
0;05-03-2025 01:40:52.277;05-03-2025 01:40:51.887;390
0;05-03-2025 01:41:11.717;05-03-2025 01:41:01.969;9748
0;05-03-2025 01:41:16.568;05-03-2025 01:41:12.406;4162
0;05-03-2025 01:41:24.677;05-03-2025 01:41:21.059;3618
0;05-03-2025 01:41:40.939;05-03-2025 01:41:39.828;1111
0;05-03-2025 01:41:44.792;05-03-2025 01:41:44.035;757
0;05-03-2025 01:41:53.383;05-03-2025 01:41:47.840;5543
0;05-03-2025 01:42:04.087;05-03-2025 01:42:02.485;1602
0;05-03-2025 01:42:09.719;05-03-2025 01:42:09.691;28
0;05-03-2025 01:42:22.380;05-03-2025 01:42:21.502;878
0;05-03-2025 01:42:36.613;05-03-2025 01:42:30.008;6605
0;05-03-2025 01:42:43.350;05-03-2025 01:42:38.871;4479
0;05-03-2025 01:42:48.211;05-03-2025 01:42:46.604;1607
0;05-03-2025 01:43:00.741;05-03-2025 01:42:54.800;5941
0;05-03-2025 01:43:08.464;05-03-2025 01:43:05.127;3337
0;05-03-2025 01:43:16.822;05-03-2025 01:43:12.659;4163
0;05-03-2025 01:43:28.509;05-03-2025 01:43:17.017;11492
0;05-03-2025 01:43:47.516;05-03-2025 01:43:41.223;6293
0;05-03-2025 01:43:51.032;05-03-2025 01:43:50.541;491
0;05-03-2025 01:43:56.515;05-03-2025 01:43:56.069;446
0;05-03-2025 01:44:08.635;05-03-2025 01:44:07.534;1101
0;05-03-2025 01:44:18.269;05-03-2025 01:44:13.136;5133
0;05-03-2025 01:44:30.634;05-03-2025 01:44:19.901;10733
0;05-03-2025 01:44:47.503;05-03-2025 01:44:31.515;15988
0;05-03-2025 01:44:52.349;05-03-2025 01:44:49.726;2623
0;05-03-2025 01:45:05.222;05-03-2025 01:44:53.655;11567
0;05-03-2025 01:45:11.397;05-03-2025 01:45:11.050;347
0;05-03-2025 01:45:23.308;05-03-2025 01:45:16.379;6929
0;05-03-2025 01:45:26.945;05-03-2025 01:45:23.349;3596
0;05-03-2025 01:45:33.269;05-03-2025 01:45:28.256;5013
0;05-03-2025 01:45:48.079;05-03-2025 01:45:35.431;12648
0;05-03-2025 01:46:02.502;05-03-2025 01:45:51.068;11434
0;05-03-2025 01:46:14.452;05-03-2025 01:46:12.805;1647
0;05-03-2025 01:46:23.183;05-03-2025 01:46:19.110;4073
0;05-03-2025 01:46:39.882;05-03-2025 01:46:35.423;4459
0;05-03-2025 01:46:45.772;05-03-2025 01:46:41.290;4482
0;05-03-2025 01:46:53.332;05-03-2025 01:46:52.017;1315
0;05-03-2025 01:47:00.133;05-03-2025 01:46:55.631;4502
0;05-03-2025 01:47:10.271;05-03-2025 01:47:02.543;7728
0;05-03-2025 01:47:15.135;05-03-2025 01:47:12.320;2815
0;05-03-2025 01:47:27.401;05-03-2025 01:47:19.891;7510
0;05-03-2025 01:47:31.272;05-03-2025 01:47:28.186;3086
0;05-03-2025 01:47:48.958;05-03-2025 01:47:46.484;2474
0;05-03-2025 01:48:02.642;05-03-2025 01:48:01.690;952
0;05-03-2025 01:48:09.590;05-03-2025 01:48:06.793;2797
0;05-03-2025 01:48:24.328;05-03-2025 01:48:20.413;3915
0;05-03-2025 01:48:34.261;05-03-2025 01:48:29.857;4404
0;05-03-2025 01:48:40.824;05-03-2025 01:48:39.102;1722
0;05-03-2025 01:48:48.774;05-03-2025 01:48:46.431;2343
0;05-03-2025 01:49:01.523;05-03-2025 01:48:55.462;6061
0;05-03-2025 01:49:09.850;05-03-2025 01:49:04.745;5105
0;05-03-2025 01:49:24.031;05-03-2025 01:49:18.179;5852
0;05-03-2025 01:49:28.973;05-03-2025 01:49:28.339;634
0;05-03-2025 01:49:39.230;05-03-2025 01:49:33.089;6141
0;05-03-2025 01:49:53.784;05-03-2025 01:49:52.249;1535
0;05-03-2025 01:49:56.998;05-03-2025 01:49:54.181;2817
0;05-03-2025 01:50:13.565;05-03-2025 01:50:11.563;2002
0;05-03-2025 01:50:25.422;05-03-2025 01:50:15.770;9652
0;05-03-2025 01:50:33.256;05-03-2025 01:50:30.825;2431
0;05-03-2025 01:50:35.280;05-03-2025 01:50:34.093;1187
0;05-03-2025 01:50:48.645;05-03-2025 01:50:43.770;4875
0;05-03-2025 01:51:05.090;05-03-2025 01:50:58.787;6303
0;05-03-2025 01:51:09.623;05-03-2025 01:51:06.604;3019
0;05-03-2025 01:51:28.548;05-03-2025 01:51:16.149;12399
0;05-03-2025 01:51:30.139;05-03-2025 01:51:29.961;178
0;05-03-2025 01:51:40.754;05-03-2025 01:51:31.537;9217
0;05-03-2025 01:51:48.722;05-03-2025 01:51:45.953;2769
0;05-03-2025 01:51:57.288;05-03-2025 01:51:54.560;2728
0;05-03-2025 01:52:12.395;05-03-2025 01:52:00.551;11844
0;05-03-2025 01:52:32.095;05-03-2025 01:52:15.058;17037
0;05-03-2025 01:52:34.152;05-03-2025 01:52:32.607;1545
0;05-03-2025 01:52:41.418;05-03-2025 01:52:38.133;3285
0;05-03-2025 01:52:46.675;05-03-2025 01:52:42.383;4292
0;05-03-2025 01:53:05.325;05-03-2025 01:52:55.660;9665
0;05-03-2025 01:53:10.409;05-03-2025 01:53:09.606;803
0;05-03-2025 01:53:11.976;05-03-2025 01:53:10.603;1373
0;05-03-2025 01:53:21.542;05-03-2025 01:53:16.373;5169
0;05-03-2025 01:53:31.884;05-03-2025 01:53:31.272;612
0;05-03-2025 01:53:41.054;05-03-2025 01:53:33.247;7807
0;05-03-2025 01:53:50.751;05-03-2025 01:53:44.805;5946
0;05-03-2025 01:54:02.432;05-03-2025 01:54:02.359;73
0;05-03-2025 01:54:23.663;05-03-2025 01:54:03.526;20137
0;05-03-2025 01:54:34.549;05-03-2025 01:54:27.349;7200
0;05-03-2025 01:54:38.681;05-03-2025 01:54:35.235;3446
0;05-03-2025 01:54:53.167;05-03-2025 01:54:43.497;9670
0;05-03-2025 01:54:57.574;05-03-2025 01:54:56.321;1253
0;05-03-2025 01:55:05.693;05-03-2025 01:55:03.190;2503
0;05-03-2025 01:55:07.414;05-03-2025 01:55:06.745;669
0;05-03-2025 01:55:28.442;05-03-2025 01:55:20.424;8018
0;05-03-2025 01:55:34.523;05-03-2025 01:55:32.175;2348
0;05-03-2025 01:55:47.946;05-03-2025 01:55:41.511;6435
0;05-03-2025 01:55:59.518;05-03-2025 01:55:54.023;5495
0;05-03-2025 01:56:05.692;05-03-2025 01:56:03.233;2459
0;05-03-2025 01:56:30.191;05-03-2025 01:56:10.136;20055
0;05-03-2025 01:56:34.699;05-03-2025 01:56:30.864;3835
0;05-03-2025 01:56:42.454;05-03-2025 01:56:35.346;7108
0;05-03-2025 01:56:51.242;05-03-2025 01:56:49.291;1951
0;05-03-2025 01:57:01.678;05-03-2025 01:56:54.088;7590
0;05-03-2025 01:57:07.507;05-03-2025 01:57:04.182;3325
0;05-03-2025 01:57:22.207;05-03-2025 01:57:20.302;1905
0;05-03-2025 01:57:29.024;05-03-2025 01:57:28.943;81
0;05-03-2025 01:57:33.753;05-03-2025 01:57:30.424;3329
0;05-03-2025 01:57:46.055;05-03-2025 01:57:36.937;9118
0;05-03-2025 01:57:57.383;05-03-2025 01:57:47.286;10097
0;05-03-2025 01:58:07.238;05-03-2025 01:58:00.341;6897
0;05-03-2025 01:58:20.231;05-03-2025 01:58:16.626;3605
0;05-03-2025 01:58:39.394;05-03-2025 01:58:20.288;19106
0;05-03-2025 01:58:40.674;05-03-2025 01:58:40.641;33
0;05-03-2025 01:58:42.525;05-03-2025 01:58:41.205;1320
0;05-03-2025 01:58:50.404;05-03-2025 01:58:45.674;4730
0;05-03-2025 01:59:13.005;05-03-2025 01:59:05.369;7636
0;05-03-2025 01:59:16.194;05-03-2025 01:59:13.890;2304
0;05-03-2025 01:59:29.621;05-03-2025 01:59:24.578;5043
0;05-03-2025 01:59:38.934;05-03-2025 01:59:30.209;8725
0;05-03-2025 01:59:51.192;05-03-2025 01:59:41.393;9799
0;05-03-2025 01:59:59.178;05-03-2025 01:59:51.856;7322
0;05-03-2025 02:00:11.773;05-03-2025 02:00:06.585;5188
0;05-03-2025 02:00:18.242;05-03-2025 02:00:13.150;5092
0;05-03-2025 02:00:29.776;05-03-2025 02:00:27.501;2275
0;05-03-2025 02:00:38.598;05-03-2025 02:00:31.521;7077
0;05-03-2025 02:00:44.730;05-03-2025 02:00:40.800;3930
0;05-03-2025 02:01:02.558;05-03-2025 02:00:59.036;3522
0;05-03-2025 02:01:16.484;05-03-2025 02:01:06.826;9658
0;05-03-2025 02:01:20.844;05-03-2025 02:01:16.497;4347
0;05-03-2025 02:01:30.274;05-03-2025 02:01:29.282;992
0;05-03-2025 02:01:40.534;05-03-2025 02:01:35.108;5426
0;05-03-2025 02:01:55.856;05-03-2025 02:01:43.633;12223
0;05-03-2025 02:02:01.686;05-03-2025 02:02:01.636;50
0;05-03-2025 02:02:04.032;05-03-2025 02:02:02.888;1144
0;05-03-2025 02:02:20.903;05-03-2025 02:02:09.358;11545
0;05-03-2025 02:02:36.134;05-03-2025 02:02:25.802;10332
0;05-03-2025 02:02:41.965;05-03-2025 02:02:36.676;5289
0;05-03-2025 02:02:52.942;05-03-2025 02:02:43.272;9670
0;05-03-2025 02:03:03.061;05-03-2025 02:03:02.910;151
0;05-03-2025 02:03:14.982;05-03-2025 02:03:13.676;1306
0;05-03-2025 02:03:17.441;05-03-2025 02:03:15.248;2193
0;05-03-2025 02:03:30.701;05-03-2025 02:03:19.114;11587
0;05-03-2025 02:03:45.762;05-03-2025 02:03:39.172;6590
0;05-03-2025 02:03:59.451;05-03-2025 02:03:46.729;12722
0;05-03-2025 02:04:02.730;05-03-2025 02:04:01.630;1100
0;05-03-2025 02:04:09.430;05-03-2025 02:04:07.888;1542
0;05-03-2025 02:04:19.068;05-03-2025 02:04:11.263;7805
0;05-03-2025 02:04:27.556;05-03-2025 02:04:21.725;5831
0;05-03-2025 02:04:38.806;05-03-2025 02:04:29.209;9597
0;05-03-2025 02:05:04.955;05-03-2025 02:04:55.850;9105
0;05-03-2025 02:05:06.124;05-03-2025 02:05:05.284;840
0;05-03-2025 02:05:12.187;05-03-2025 02:05:07.264;4923
0;05-03-2025 02:05:25.647;05-03-2025 02:05:24.049;1598
0;05-03-2025 02:05:30.234;05-03-2025 02:05:25.663;4571
0;05-03-2025 02:05:41.026;05-03-2025 02:05:35.479;5547
0;05-03-2025 02:05:58.982;05-03-2025 02:05:54.040;4942
0;05-03-2025 02:06:02.153;05-03-2025 02:06:00.846;1307
0;05-03-2025 02:06:06.224;05-03-2025 02:06:02.941;3283
0;05-03-2025 02:06:15.023;05-03-2025 02:06:13.277;1746
0;05-03-2025 02:06:25.895;05-03-2025 02:06:19.614;6281
0;05-03-2025 02:06:37.599;05-03-2025 02:06:32.413;5186
0;05-03-2025 02:06:46.865;05-03-2025 02:06:41.945;4920
0;05-03-2025 02:07:04.810;05-03-2025 02:07:01.076;3734
0;05-03-2025 02:07:19.487;05-03-2025 02:07:18.707;780
0;05-03-2025 02:07:22.747;05-03-2025 02:07:20.789;1958
0;05-03-2025 02:07:32.314;05-03-2025 02:07:30.073;2241
0;05-03-2025 02:07:42.619;05-03-2025 02:07:35.936;6683
0;05-03-2025 02:07:56.869;05-03-2025 02:07:55.940;929
0;05-03-2025 02:08:01.245;05-03-2025 02:08:00.108;1137
0;05-03-2025 02:08:09.686;05-03-2025 02:08:05.234;4452
0;05-03-2025 02:08:28.739;05-03-2025 02:08:10.846;17893
0;05-03-2025 02:08:35.670;05-03-2025 02:08:32.171;3499
0;05-03-2025 02:08:45.726;05-03-2025 02:08:40.561;5165
0;05-03-2025 02:08:54.606;05-03-2025 02:08:46.985;7621
0;05-03-2025 02:08:58.721;05-03-2025 02:08:58.043;678
0;05-03-2025 02:09:15.128;05-03-2025 02:09:05.661;9467
0;05-03-2025 02:09:27.078;05-03-2025 02:09:23.030;4048
0;05-03-2025 02:09:29.544;05-03-2025 02:09:27.429;2115
0;05-03-2025 02:09:39.520;05-03-2025 02:09:33.300;6220
0;05-03-2025 02:09:44.978;05-03-2025 02:09:44.952;26
0;05-03-2025 02:10:08.299;05-03-2025 02:09:46.046;22253
0;05-03-2025 02:10:14.747;05-03-2025 02:10:14.162;585
0;05-03-2025 02:10:17.860;05-03-2025 02:10:16.033;1827
0;05-03-2025 02:10:28.862;05-03-2025 02:10:23.017;5845
0;05-03-2025 02:10:34.758;05-03-2025 02:10:31.800;2958
0;05-03-2025 02:10:46.210;05-03-2025 02:10:43.881;2329
0;05-03-2025 02:10:56.648;05-03-2025 02:10:46.440;10208
0;05-03-2025 02:11:07.295;05-03-2025 02:11:02.060;5235
0;05-03-2025 02:11:16.534;05-03-2025 02:11:07.712;8822
0;05-03-2025 02:11:36.073;05-03-2025 02:11:24.585;11488
0;05-03-2025 02:11:41.835;05-03-2025 02:11:36.711;5124
0;05-03-2025 02:11:49.779;05-03-2025 02:11:48.628;1151
0;05-03-2025 02:11:57.767;05-03-2025 02:11:57.597;170
0;05-03-2025 02:12:02.296;05-03-2025 02:11:58.152;4144
0;05-03-2025 02:12:22.994;05-03-2025 02:12:18.433;4561
0;05-03-2025 02:12:24.748;05-03-2025 02:12:23.650;1098
0;05-03-2025 02:12:42.721;05-03-2025 02:12:41.764;957
0;05-03-2025 02:12:51.515;05-03-2025 02:12:46.677;4838
0;05-03-2025 02:13:00.275;05-03-2025 02:12:52.015;8260
0;05-03-2025 02:13:11.184;05-03-2025 02:13:04.782;6402
0;05-03-2025 02:13:20.657;05-03-2025 02:13:20.010;647
0;05-03-2025 02:13:30.479;05-03-2025 02:13:28.608;1871
0;05-03-2025 02:13:35.683;05-03-2025 02:13:30.528;5155
0;05-03-2025 02:13:40.041;05-03-2025 02:13:38.623;1418
0;05-03-2025 02:13:55.697;05-03-2025 02:13:46.637;9060
0;05-03-2025 02:14:09.962;05-03-2025 02:14:00.386;9576
0;05-03-2025 02:14:14.511;05-03-2025 02:14:12.589;1922
0;05-03-2025 02:14:21.175;05-03-2025 02:14:20.830;345
0;05-03-2025 02:14:45.576;05-03-2025 02:14:38.258;7318
0;05-03-2025 02:14:59.348;05-03-2025 02:14:50.822;8526
0;05-03-2025 02:15:02.314;05-03-2025 02:15:00.529;1785
0;05-03-2025 02:15:03.414;05-03-2025 02:15:02.607;807
0;05-03-2025 02:15:20.078;05-03-2025 02:15:12.678;7400
0;05-03-2025 02:15:32.123;05-03-2025 02:15:28.662;3461
0;05-03-2025 02:15:47.535;05-03-2025 02:15:40.752;6783
0;05-03-2025 02:15:53.374;05-03-2025 02:15:48.004;5370
0;05-03-2025 02:15:58.444;05-03-2025 02:15:53.776;4668
0;05-03-2025 02:16:11.949;05-03-2025 02:16:06.161;5788
0;05-03-2025 02:16:24.095;05-03-2025 02:16:15.802;8293
0;05-03-2025 02:16:27.765;05-03-2025 02:16:26.591;1174
0;05-03-2025 02:16:39.952;05-03-2025 02:16:30.877;9075
0;05-03-2025 02:16:44.637;05-03-2025 02:16:40.119;4518
0;05-03-2025 02:16:57.588;05-03-2025 02:16:53.951;3637
0;05-03-2025 02:17:02.309;05-03-2025 02:17:00.209;2100
0;05-03-2025 02:17:16.102;05-03-2025 02:17:11.533;4569
0;05-03-2025 02:17:22.979;05-03-2025 02:17:19.311;3668
0;05-03-2025 02:17:42.386;05-03-2025 02:17:34.428;7958
0;05-03-2025 02:17:48.594;05-03-2025 02:17:44.717;3877
0;05-03-2025 02:18:04.398;05-03-2025 02:17:53.961;10437
0;05-03-2025 02:18:15.803;05-03-2025 02:18:11.783;4020
