3;1;7295055400424510;7295048900424510
1;1;7295055644927638;7295049144927638
2;1;7295055758432546;7295049258432546
0;1;7295056296725567;7295049796725567
3;2;7295060400392163;7295053900359816
1;2;7295060608621304;7295054072314971
2;2;7295060681349901;7295054104267256
0;2;7295061142525273;7295054488324979
2;3;7295065640688109;7295059059364524
1;3;7295065842963017;7295059811646443
1;4;7295070909482868;7295064609042419
2;4;7295070992554266;7295065548152737
3;4;7295072077195069;7295068930800883
3;5;7295076677388252;7295068977967798
1;5;7295075982110227;7295069772619660
3;6;7295081422576410;7295073903329038
1;6;7295081644120245;7295078454170333
3;7;7295086251459592;7295078895875502
1;7;7295086697552590;7295080518146656
3;8;7295091129353374;7295083896716063
1;8;7295091792202774;7295085954754063
2;8;7295091563417717;7295087346871518
3;9;7295096038793456;7295088904874029
2;9;7295096550596035;7295089986487628
3;10;7295100966941153;7295093892122725
3;11;7295105910107098;7295098898600597
3;12;7295110864004090;7295103902974015
3;13;7295115825681913;7295108904137971
3;14;7295120793633641;7295113909054362
3;15;7295125765562557;7295118900638464
3;16;7295130741512010;7295123904804354
3;18;7295141033905098;7295138919801425
3;19;7295146000642876;7295138968447334
3;20;7295150967761696;7295143908781634
3;21;7295155937827803;7295148899017727
3;22;7295160911125384;7295153903779411
3;24;7295171125693890;7295168917064008
3;25;7295176320428633;7295173909858254
3;26;7295181498476177;7295178915522160
3;27;7295186661952656;7295183921911689
3;28;7295191811893548;7295188910474946
3;29;7295196950556001;7295193917117332
3;30;7295202078415068;7295198902750815
3;31;7295207197859246;7295203922852047
3;32;7295212308971764;7295208920122278
3;33;7295217412602460;7295213917892628
3;34;7295222509162383;7295218905960090
3;35;7295227599765034;7295223908447197
3;36;7295232685043881;7295228913966968
3;37;7295237765479336;7295233919849385
3;38;7295242841018906;7295238909364271
3;39;7295247912505850;7295243914548888
3;40;7295252979844081;7295248904020428
3;41;7295258043791415;7295253909842754
3;42;7295263104571218;7295258914203738
2;43;7295266855294721;7295262183486838
3;43;7295268162394973;7295263917521417
3;44;7295273217215212;7295268910024737
3;45;7295278269509758;7295273913586157
3;46;7295283319439763;7295278916499956
2;47;7295286974993054;7295281312881388
3;47;7295288366942848;7295283909575490
3;48;7295293412398814;7295288912461294
3;50;7295303565169615;7295303939855661
3;51;7295308606034929;7295303985839380
3;52;7295313643616341;7295308909942723
3;53;7295318679719092;7295313912651146
3;54;7295323714490249;7295318918276906
1;55;7295326917939578;7295321423834005
3;55;7295328748196223;7295323933494881
3;56;7295333780164620;7295328910552895
3;58;7295343905510870;7295343923515861
3;59;7295348934492353;7295343970510960
3;60;7295353961369125;7295348912714807
1;61;7295357099191062;7295352230454420
3;61;7295358987355299;7295353916594856
3;62;7295364012509032;7295358921118049
3;64;7295374123252660;7295373935639402
3;65;7295379146598694;7295374000668671
3;66;7295384167670442;7295378910903535
3;67;7295389188119470;7295383915061207
3;68;7295394207722497;7295388903507127
3;70;7295404306502897;7295403930887669
3;71;7295409324814986;7295403978476589
3;72;7295414341681950;7295408921167598
3;73;7295419357852408;7295413908932243
3;74;7295424373605625;7295418913317971
3;75;7295429388966344;7295423918134463
3;76;7295434403704998;7295428905933500
3;77;7295439418115987;7295433912474271
3;78;7295444432193896;7295438917647467
3;79;7295449445909735;7295443919734339
3;80;7295454459088556;7295448907963632
3;81;7295459471916208;7295453908334766
3;83;7295469551032009;7295468905601319
3;84;7295474628147207;7295473911787002
3;85;7295479703346258;7295478918474183
3;86;7295484776506267;7295483909826960
3;87;7295489847867752;7295488914063559
3;88;7295494917481123;7295493916937530
3;89;7295499985449298;7295498922903349
2;91;7295507059723812;7295501237569880
3;90;7295505051628358;7295503912132255
3;91;7295510116265682;7295508916526160
3;92;7295515179624564;7295513938411805
3;93;7295520241236067;7295518916602364
3;94;7295525301483894;7295523922549154
3;95;7295530360126214;7295528903365745
3;96;7295535417470429;7295533906417180
3;97;7295540473607620;7295538913680386
3;98;7295545528546268;7295543918086009
3;99;7295550582111748;7295548903004927
3;100;7295555634577475;7295553908958612
3;101;7295560685973342;7295558914393124
3;102;7295565736319579;7295563918519663
3;103;7295570785461517;7295568904803711
3;104;7295575833641516;7295573910741401
3;105;7295580880827247;7295578910657467
3;106;7295585927041527;7295583909826651
3;107;7295590972369620;7295588914522812
1;109;7295596968802051;7295589164911942
3;108;7295596016840849;7295593919492430
1;110;7295601840646073;7295593930930317
3;109;7295601116914060;7295598907745589
1;111;7295606902302698;7295601142182189
0;111;7295606983056580;7295602164119193
3;110;7295606217044947;7295603913448615
3;112;7295616316978239;7295618924129987
3;114;7295626467194175;7295628999561403
3;115;7295631568653964;7295629049308087
3;117;7295641718971324;7295643927611523
3;118;7295646819735881;7295643973171823
3;120;7295656969937801;7295658925065850
3;121;7295662071052751;7295659003617785
3;122;7295667171171462;7295663910471781
3;123;7295672271280017;7295668913829447
3;124;7295677371425320;7295673918668169
3;125;7295682471374542;7295678903976619
3;126;7295687571450107;7295683908194963
0;130;7295701621385760;7295694036373299
1;130;7295701956719647;7295696164139982
3;129;7295702771516472;7295708911440898
3;130;7295707921455744;7295713913728520
3;131;7295713120839324;7295718906805536
3;132;7295718320850726;7295723909921829
3;133;7295723521016924;7295728915637667
3;134;7295728721038496;7295733905936458
3;135;7295733870960138;7295738909228176
3;137;7295744071078193;7295753921663804
3;138;7295749221761477;7295753983850524
3;139;7295754371640631;7295758909827236
3;140;7295759521683086;7295763914720326
3;141;7295764671661908;7295768914999406
3;142;7295769821696242;7295773906184250
0;146;7295781799251235;7295776010713135
3;143;7295774971581275;7295778911355410
3;144;7295780121554140;7295783917408793
3;145;7295785271454198;7295788907898370
3;146;7295790421510277;7295793911567938
1;150;7295802038160213;7295796678328137
3;147;7295795571566157;7295798914035223
3;148;7295800721604184;7295803917769688
3;149;7295805871521212;7295808911552153
3;150;7295811021718669;7295813929109989
1;154;7295822212087209;7295818320992138
3;151;7295816171903237;7295818933005747
3;152;7295821321976632;7295823911360052
3;153;7295826471983080;7295828910487418
3;154;7295831622019665;7295833917862101
3;155;7295836771907525;7295838906307504
3;156;7295841921913889;7295843910661118
3;157;7295847071976252;7295848919822524
1;161;7295857281149931;7295851886153489
3;158;7295852221903263;7295853909201052
3;159;7295857371966587;7295858915907827
0;163;7295867273616443;7295863145442484
3;160;7295862521882147;7295863904017282
3;161;7295867621561393;7295868907780237
3;162;7295872770844899;7295873914189990
2;166;7295882286097661;7295877823462292
3;163;7295877920933526;7295878918805403
3;164;7295883070865546;7295883905853232
3;165;7295888220821353;7295888913857715
0;169;7295897530165405;7295892569459174
3;166;7295893370526400;7295893903999643
3;167;7295898520522080;7295898910120855
3;168;7295903620274555;7295903898763352
3;169;7295908769601932;7295908903248583
3;170;7295913919893728;7295913941894465
3;171;7295919069746125;7295918901834547
3;172;7295924219611885;7295923907693993
3;173;7295929319219878;7295928896438734
3;174;7295934468243597;7295933903040553
3;175;7295939618204081;7295938906951927
3;176;7295944768168827;7295943911535690
3;177;7295949918305347;7295948917159062
3;178;7295955018049509;7295953905303876
1;182;7295962352501162;7295957065472073
3;179;7295960167380166;7295958911542362
1;183;7295967468245993;7295963051652967
3;180;7295965317160829;7295963899233842
3;181;7295970467112141;7295968904063405
3;182;7295975617068443;7295973908948178
3;183;7295980767041029;7295978915393052
3;184;7295985917038884;7295983905718902
3;185;7295991067057508;7295988914336824
3;186;7295996217057912;7295993917687797
3;187;7296001367058409;7295998919783951
0;191;7296007517497996;7296000928826133
3;188;7296006517084658;7296003910588718
0;192;7296012586179852;7296006635634708
3;189;7296011667143551;7296008914224145
0;193;7296017750480810;7296012729189428
3;190;7296016767289924;7296013920238746
1;194;7296022475890885;7296016121143832
3;191;7296021867285782;7296018911372766
3;192;7296026967272198;7296023917115608
3;193;7296032067252598;7296028907867030
3;194;7296037167259185;7296033914722281
3;195;7296042267147350;7296038905754035
3;196;7296047367033830;7296043911551539
3;197;7296052467102592;7296048919008398
2;203;7296067384016495;7296061863204838
3;199;7296062617163145;7296063922581495
3;200;7296067717724262;7296063994523612
3;201;7296072817902166;7296068934392696
3;202;7296077917796413;7296073911973783
3;203;7296083017918433;7296078915567873
3;204;7296088118043791;7296083918952908
3;205;7296093217975121;7296088906813303
3;206;7296098317928986;7296093913472413
0;210;7296102768787354;7296096451852808
3;207;7296103417962758;7296098906382241
2;211;7296107485939157;7296102107088443
3;208;7296108517963800;7296103909062683
3;209;7296113618051080;7296108923121120
3;210;7296118717902610;7296113903672410
3;211;7296123817928067;7296118907349480
3;212;7296128917975608;7296123915495651
3;213;7296134017903939;7296128903490593
3;214;7296139117886019;7296133908034497
3;215;7296144217879076;7296138913828620
3;216;7296149317716456;7296143903230273
3;217;7296154417713600;7296148907459972
3;218;7296159517673034;7296153909392032
3;219;7296164567624064;7296158919233021
3;220;7296169616679843;7296163905139220
3;221;7296174715286703;7296168909994277
3;222;7296179765016895;7296173900630564
3;223;7296184864482497;7296178919732191
3;224;7296189914303576;7296183907173700
3;225;7296195013384444;7296188911704598
3;226;7296200113306990;7296193902726461
3;227;7296205213211891;7296198904319433
2;231;7296207503567524;7296201215107922
3;228;7296210313078413;7296203905320130
3;229;7296215413186767;7296208914812213
3;230;7296220513266719;7296213916190026
3;231;7296225513201363;7296218904905443
3;232;7296230513165221;7296223910114369
3;233;7296235513250008;7296228915284113
3;234;7296240513187054;7296233903626373
3;235;7296245513121638;7296238909096145
3;236;7296250513199383;7296243913711065
3;237;7296255513093107;7296248898600457
3;238;7296260462944092;7296253906762313
0;242;7296262639362780;7296254715692465
3;239;7296265462193793;7296258908820650
3;240;7296270462240257;7296263914473556
1;245;7296277576258491;7296273083610632
1;246;7296282615297433;7296276935115211
3;242;7296280512350999;7296278925794599
1;247;7296287618585247;7296281190917154
3;245;7296295613311972;7296299011096592
3;246;7296300664989304;7296299073917413
3;247;7296305667096184;7296299122043496
2;251;7296307576505287;7296302024696207
1;251;7296307677665277;7296302536505972
3;248;7296310667112147;7296303919005059
3;249;7296315667096479;7296308906331510
3;250;7296320667114222;7296313913342356
3;251;7296325667164643;7296318919077232
3;252;7296330667083356;7296323909641104
1;256;7296332710764806;7296327005153513
3;253;7296335666961188;7296328899335259
1;257;7296337633105255;7296329191616493
3;254;7296340666723009;7296333905292276
3;255;7296345666511812;7296338911885994
3;256;7296350666547224;7296343914901220
3;257;7296355666517864;7296348907551345
3;258;7296360666436584;7296353909734008
1;262;7296362692450415;7296357735424575
3;259;7296365666545290;7296358917178309
3;260;7296370666505078;7296363906639934
3;261;7296375666404448;7296368909759529
3;262;7296380666624397;7296373931195937
3;263;7296385666511684;7296378904636511
3;264;7296390666546317;7296383907480536
3;265;7296395666616940;7296388914842495
0;269;7296397783717477;7296393015973841
3;266;7296400666671630;7296393919659036
3;267;7296405666557015;7296398907343825
3;268;7296410666754223;7296403925574142
2;272;7296412725922574;7296408317764595
3;269;7296415666778401;7296408916275427
3;270;7296420666800154;7296413906174793
3;271;7296425666855635;7296418915669122
3;272;7296430667033610;7296423916560819
3;273;7296435667034825;7296428903369972
3;276;7296450767197085;7296453958120714
3;277;7296455818248050;7296454006930946
3;278;7296460820028790;7296454085767893
3;279;7296465820208137;7296458914373549
2;284;7296472721396561;7296466153506369
1;285;7296477643195177;7296469813303756
3;282;7296480920747025;7296483956929229
3;283;7296485971715583;7296484003807686
2;288;7296492734628508;7296486446339656
3;285;7296496023238702;7296494063847621
3;286;7296501025337578;7296494127046710
3;287;7296506025335117;7296498905057727
3;288;7296511025311488;7296503909179349
3;290;7296521075542038;7296518922288852
3;291;7296526076364403;7296518986300222
2;295;7296527785212090;7296522145132974
3;292;7296531076390601;7296523911567874
3;293;7296536076403123;7296528916645270
3;294;7296541076530755;7296533918482227
3;295;7296546076463427;7296538907603929
3;296;7296551076419514;7296543913296498
3;297;7296556076407864;7296548918619029
0;301;7296557817553008;7296551757414916
3;298;7296561076378004;7296553907602736
1;302;7296562640916118;7296556077102475
3;299;7296566076352131;7296558911636855
3;300;7296571076281500;7296563913175501
3;301;7296576076205934;7296568903816219
3;302;7296581076102112;7296573906733384
3;303;7296586076096809;7296578907336702
3;304;7296591076051880;7296583910229343
3;305;7296596076188671;7296588919433048
3;306;7296601076144605;7296593907145055
3;307;7296606076081509;7296598912698748
1;311;7296607586132241;7296599497399813
3;308;7296611026051363;7296603919566890
3;309;7296616025181407;7296608907528124
3;310;7296621024815546;7296613897806583
3;311;7296626024867686;7296618917187793
0;315;7296627840259091;7296621658144254
2;315;7296627896630021;7296623402152785
3;312;7296631024750179;7296623903817112
0;316;7296632883607799;7296627033838410
2;316;7296632934094907;7296627145927751
3;313;7296636024544783;7296628898413464
3;314;7296641024654007;7296633917735735
3;315;7296646024597190;7296638907790745
1;319;7296647629607058;7296642433851538
0;319;7296647989634168;7296643186056086
3;316;7296651024658753;7296643912538656
3;317;7296656024725542;7296648915741533
3;319;7296666074824001;7296663932966959
3;320;7296671075743528;7296663995625070
3;321;7296676075764861;7296668909482935
3;322;7296681075712413;7296673910250721
3;323;7296686075680387;7296678900288008
1;327;7296687636265026;7296681342662037
3;324;7296691075658406;7296683905836680
3;325;7296696075617115;7296688909699437
3;326;7296701075717967;7296693913315585
3;328;7296711126068308;7296708942494246
3;329;7296716126864942;7296708989055402
3;330;7296721126822278;7296713914966680
3;331;7296726126904562;7296718913367443
3;332;7296731126961480;7296723915685976
1;336;7296732647617554;7296726510898455
3;333;7296736127106895;7296728915172262
3;334;7296741126952332;7296733904275741
3;336;7296751177251689;7296748937109398
3;337;7296756178136193;7296749000155081
3;338;7296761178209320;7296753910038995
3;339;7296766178326083;7296758915995699
3;340;7296771178359700;7296763908682028
3;341;7296776178329563;7296768911798527
3;342;7296781178333471;7296773916580782
3;343;7296786178360141;7296778907572440
3;344;7296791178351844;7296783909284613
1;348;7296792652664898;7296786319227247
3;345;7296796178333430;7296788913442611
3;346;7296801178331649;7296793903448286
1;350;7296802697461254;7296797720537374
3;347;7296806178340916;7296798910022991
1;351;7296807720397453;7296802023164417
1;352;7296812660635438;7296804009202869
3;349;7296816228448346;7296813924453913
3;350;7296821229186730;7296813972438877
1;354;7296822730887405;7296818830210192
3;351;7296826229289142;7296818917003391
3;352;7296831229259616;7296823905868094
0;356;7296832978192338;7296826283681212
3;353;7296836229209966;7296828909508441
2;357;7296837911832809;7296830966590848
1;357;7296837742535961;7296831685181053
3;354;7296841178930744;7296833897872516
2;358;7296842908632161;7296836341418554
1;358;7296842747800549;7296836453119492
3;355;7296846077860644;7296838904086470
1;359;7296847780367508;7296842583045863
3;356;7296851026231423;7296843910995208
2;360;7296852949931606;7296847358519381
3;357;7296856024174696;7296848916370868
3;358;7296861024051370;7296853906672669
1;362;7296862809736497;7296857513864996
3;359;7296866024124544;7296858913648820
2;363;7296867948582735;7296861417558696
3;360;7296871024182721;7296863919160035
3;361;7296876024078305;7296868908635685
1;365;7296877806574346;7296871173764063
3;362;7296881024130001;7296873914810669
1;366;7296882813459549;7296876609523268
2;366;7296883035403579;7296878619103842
3;363;7296886024176776;7296878904012657
1;367;7296887869024461;7296883813880565
3;364;7296891024221146;7296883909729340
1;368;7296892882459385;7296886987031002
3;365;7296896024229940;7296888912765499
3;366;7296901024256989;7296893917606137
3;367;7296906024236710;7296898905523415
3;368;7296911024246537;7296903910716613
3;369;7296916024090230;7296908901547587
0;373;7296917852584961;7296909091652169
1;373;7296917920015944;7296913147617686
3;370;7296921024084300;7296913906046884
0;374;7296922843530622;7296916171498191
1;374;7296922921794256;7296916505374941
3;371;7296926024066566;7296918907986355
0;375;7296927883411244;7296922181023683
3;372;7296931023911825;7296923915721766
0;376;7296932871284102;7296926116614127
3;373;7296936024042577;7296928917711786
3;374;7296941024033751;7296933906598001
0;378;7296942923135354;7296937563862905
3;375;7296946024026849;7296938914152380
0;379;7296948010736908;7296943525572644
3;376;7296951023987432;7296943915717282
0;380;7296953016675939;7296946659212672
3;377;7296956023973917;7296948905992480
3;378;7296961023817961;7296953909978405
0;382;7296963036724181;7296957037930237
3;379;7296966023801791;7296958914658386
1;383;7296967920023138;7296961335009486
0;383;7296968035935385;7296961515426696
3;380;7296971023912895;7296963917285131
3;381;7296976023849009;7296968909280522
0;385;7296977992185129;7296970310928217
3;382;7296981023834717;7296973915131652
0;386;7296982915724049;7296974274813801
3;383;7296986023974131;7296978917311322
2;387;7296988107844479;7296983418866987
3;384;7296990923467456;7296983907453181
3;385;7296995872493079;7296988909493184
3;386;7297000870777005;7296993914160497
3;387;7297005870826088;7296998919281621
3;388;7297010770397852;7297003914105671
3;389;7297015719470653;7297008911087928
3;390;7297020668112773;7297013928059705
3;391;7297025665876495;7297018903418919
3;392;7297030665900417;7297023907449945
3;393;7297035665956906;7297028914827972
3;394;7297040615791919;7297033905790195
3;395;7297045615045094;7297038911617628
0;399;7297047941858377;7297042199753878
3;396;7297050615120995;7297043919157899
0;400;7297052880366413;7297044535607506
3;397;7297055615000748;7297048904620475
3;398;7297060614909937;7297053909401035
3;399;7297065614973050;7297058913915272
1;403;7297067897614511;7297060299591823
3;400;7297070615036296;7297063919621242
3;401;7297075614964763;7297068911465555
3;402;7297080615061919;7297073917318293
3;403;7297085615032869;7297078908732051
3;404;7297090615013836;7297083911272177
3;405;7297095615130541;7297088915486717
3;406;7297100615141038;7297093907783226
3;407;7297105615175753;7297098910808092
3;408;7297110615260997;7297103918753867
3;409;7297115615121962;7297108905529509
3;410;7297120615149953;7297113909944003
3;411;7297125615148390;7297118912542405
3;414;7297140715706657;7297143975393473
3;415;7297145766936978;7297144030560066
3;417;7297155819093984;7297154113507316
3;418;7297160821636677;7297154171457181
3;419;7297165821641144;7297158904263802
3;420;7297170821757143;7297163910013468
3;421;7297175821742131;7297168916234548
3;422;7297180821714022;7297173904979796
3;423;7297185821547434;7297178895879850
3;424;7297190821549197;7297183915917871
3;425;7297195771304008;7297188908448107
3;426;7297200770464951;7297193911719484
2;430;7297203152872077;7297197823589628
3;427;7297205770519163;7297198914904251
3;428;7297210770479498;7297203906284304
3;429;7297215770613052;7297208913643313
3;430;7297220770608150;7297213905346394
3;432;7297230820688975;7297228917781839
3;433;7297235821197518;7297228964169855
3;434;7297240770839328;7297233906675268
3;435;7297245770063779;7297238911500677
3;437;7297255820016195;7297253910208317
3;438;7297260820472365;7297253958984550
3;439;7297265820474870;7297258915936522
3;440;7297270820391689;7297263906854188
3;441;7297275820484472;7297268913554223
3;442;7297280770256591;7297273914321339
0;446;7297282817122322;7297274356555500
3;443;7297285769450698;7297278919565800
1;447;7297287896881956;7297281360254238
3;445;7297295819521393;7297293917108338
3;446;7297300820160618;7297293979918185
3;447;7297305820153558;7297298907975963
3;448;7297310820119859;7297303908428696
3;449;7297315820066968;7297308911291645
3;450;7297320820157951;7297313916670579
3;451;7297325820572677;7297318950757243
3;452;7297330820594227;7297323915597546
3;453;7297335820565335;7297328900559055
3;454;7297340854165339;7297337270023380
3;455;7297345804019956;7297338909915787
3;456;7297350803290216;7297343899464687
3;457;7297355803178195;7297348905801371
3;458;7297360803228692;7297353910917909
1;462;7297362867396258;7297354863625648
3;459;7297365803281971;7297358914836265
3;460;7297370803341466;7297363903821983
2;464;7297373127393273;7297365939465560
1;464;7297372904653328;7297368342020916
3;461;7297375803385146;7297368908454523
2;465;7297378107657530;7297371055056722
3;462;7297380803421455;7297373914626056
3;463;7297385803316104;7297378905835656
2;467;7297388097910419;7297381315244202
3;464;7297390803378712;7297383912933537
3;465;7297395803279781;7297388903755679
1;469;7297397904445382;7297391393424235
3;466;7297400803186583;7297393909840214
2;470;7297403133684395;7297397706903672
3;467;7297405803231004;7297398913077789
3;468;7297410803257637;7297403917473937
3;469;7297415803317194;7297408909968384
3;470;7297420803347967;7297413912806615
3;471;7297425803270725;7297418905041269
3;472;7297430803165180;7297423907051700
1;476;7297432900273011;7297426174964980
0;476;7297432836915216;7297426970287795
3;473;7297435803233487;7297428912354046
3;474;7297440803306803;7297433918048248
0;478;7297442897176142;7297438385786723
3;475;7297445803327254;7297438903592709
3;476;7297450803344063;7297443907727854
0;480;7297452919491349;7297447178208392
3;477;7297455803371643;7297448910744288
3;478;7297460803384270;7297453916984389
3;479;7297465803259397;7297458905224475
3;480;7297470803280237;7297463908682035
0;484;7297472890250531;7297465366821900
3;481;7297475803287684;7297468914897093
0;485;7297477929967622;7297472859782911
3;482;7297480803162596;7297473903208460
1;486;7297482903590949;7297476586077508
2;486;7297483181706063;7297478170377755
3;483;7297485803231668;7297478912899759
0;487;7297487923996835;7297481203077734
2;487;7297488185287548;7297481799895085
1;487;7297487912790088;7297481927941873
3;484;7297490803323919;7297483919203445
3;485;7297495803246637;7297488906929964
1;489;7297497918486611;7297491743188433
2;489;7297498193119019;7297491951557556
3;486;7297500803164317;7297493909053367
3;487;7297505803217196;7297498914568362
0;491;7297507866021397;7297499162954762
2;491;7297508173750251;7297501015212116
3;488;7297510803102068;7297503903619107
3;489;7297515803046381;7297508911742535
3;490;7297520803095880;7297513912403168
3;491;7297525803159141;7297518915819202
2;495;7297528211617869;7297523036984507
3;492;7297530803094454;7297523907691726
3;493;7297535803001046;7297528909940881
3;494;7297540803020211;7297533916022130
3;495;7297545802977373;7297538906804060
3;496;7297550802775611;7297543907883384
3;497;7297555802874463;7297548913304131
1;501;7297557930928120;7297552152535681
3;498;7297560802983852;7297553918388922
3;499;7297565802924379;7297558908880656
3;500;7297570803027945;7297563916146838
1;504;7297572912099450;7297565301207881
3;501;7297575802982797;7297568907102805
3;502;7297580802937202;7297573914598483
3;503;7297585803080928;7297578918992985
1;507;7297587920377863;7297581917082681
3;504;7297590803062803;7297583907588605
2;508;7297593244970547;7297587945666949
3;505;7297595803049258;7297588912560881
2;509;7297598183722612;7297589417549018
0;509;7297597857950282;7297591043176752
3;506;7297600802864137;7297593901108968
2;510;7297603170837993;7297596181222461
3;507;7297605802946081;7297598919659872
2;511;7297608179081678;7297602000585411
3;508;7297610802883734;7297603911083364
2;512;7297613171764369;7297606379072016
3;509;7297615802940056;7297608914364299
3;510;7297620803079596;7297613925226299
3;511;7297625803063962;7297618913923347
3;512;7297630803107191;7297623912106252
3;513;7297635803176966;7297628917785741
1;517;7297637883191533;7297629114825378
3;514;7297640803059416;7297633906998730
3;516;7297650853379407;7297648937528605
3;517;7297655854108961;7297648982899626
3;518;7297660854078436;7297653909489835
3;519;7297665753493558;7297658916905729
3;520;7297670702253197;7297663906523780
2;524;7297673173887714;7297666760944818
3;521;7297675650225322;7297668910719918
2;525;7297678165667888;7297671320435229
3;522;7297680647676695;7297673916594615
3;523;7297685647667003;7297678903294655
1;527;7297687877016080;7297680994137952
3;524;7297690647660357;7297683909348947
2;528;7297693167914959;7297686764539038
3;525;7297695647641266;7297688914325461
3;526;7297700647641603;7297693905013429
3;527;7297705647800961;7297698911815672
3;528;7297710647799581;7297703915779827
3;529;7297715647751676;7297708903657628
3;530;7297720647727942;7297713909346031
3;531;7297725647703209;7297718912430851
3;532;7297730647661071;7297723902070580
3;533;7297735647616887;7297728909224801
3;534;7297740647680522;7297733911709897
3;535;7297745597638844;7297738913614212
3;536;7297750597053110;7297743905596263
3;537;7297755597040908;7297748905455116
3;538;7297760597084092;7297753915819069
3;539;7297765547020872;7297758903886163
3;540;7297770546526687;7297763909566050
0;544;7297772858558071;7297766382869608
3;541;7297775546492179;7297768912485728
0;545;7297777901840440;7297773176417631
3;542;7297780546615329;7297773919169082
3;543;7297785546551254;7297778907146697
3;544;7297790546526356;7297783911831493
3;545;7297795546494700;7297788916400178
3;546;7297800496358813;7297793903519791
3;547;7297805495634679;7297798907504826
2;551;7297808154839300;7297801079510330
3;548;7297810495696206;7297803914128783
3;549;7297815495780562;7297808916864281
3;550;7297820495751400;7297813908375400
3;551;7297825495686834;7297818910213971
3;552;7297830495319334;7297823914007363
3;553;7297835495231639;7297828906827878
3;554;7297840495332933;7297833910688576
3;555;7297845461749089;7297838911639016
3;556;7297850461793097;7297843914316362
3;557;7297855461837539;7297848903908860
3;558;7297860461850922;7297853907139586
3;559;7297865461862070;7297858912032948
3;560;7297870461915044;7297863920133645
3;561;7297875462038397;7297868916157146
3;562;7297880462015337;7297873906148614
3;563;7297885461845896;7297878897681859
3;564;7297890461944436;7297883915689632
1;568;7297892881146283;7297886641349060
3;565;7297895461844524;7297888902942118
3;566;7297900461877981;7297893907101573
3;567;7297905461928454;7297898914887365
3;568;7297910461900689;7297903910301164
3;569;7297915461755427;7297908902947843
3;571;7297925511947976;7297923929223291
3;572;7297930512582903;7297923976299433
2;576;7297933173955232;7297927534172152
3;573;7297935512689723;7297928915723184
2;577;7297938192757384;7297932557656365
3;574;7297940512703144;7297933908393802
3;575;7297945512683080;7297938910347585
2;579;7297948176353452;7297940905368650
3;576;7297950512661670;7297943915907506
2;580;7297953174362385;7297946578791142
3;577;7297955512671996;7297948904625220
3;578;7297960512686427;7297953909170993
3;579;7297965512698424;7297958911944000
2;583;7297968176917033;7297961802094794
3;580;7297970512726500;7297963919791901
0;584;7297972932437224;7297967717502161
3;581;7297975512745609;7297968907135307
0;585;7297977949005655;7297972161448223
1;585;7297977908407867;7297973153149238
3;582;7297980512768332;7297973910954499
3;583;7297985512800415;7297978918105470
2;587;7297988212639403;7297983498757909
3;584;7297990512809591;7297983904126143
3;585;7297995512755665;7297988907506973
3;586;7298000512703409;7297993913978024
3;587;7298005512817412;7297998918329954
3;588;7298010512827305;7298003910043070
3;589;7298015512858135;7298008917651252
1;593;7298017906914426;7298011309840761
3;590;7298020512849605;7298013902766104
1;594;7298022896671184;7298015720617223
3;591;7298025512795180;7298018906300115
1;595;7298027891479070;7298021043607435
3;592;7298030512799544;7298023912839717
1;596;7298032864271433;7298024514152119
3;593;7298035512817295;7298028917594130
1;597;7298037893005333;7298033375644400
3;594;7298040512820913;7298033908053516
3;595;7298045512849757;7298038912825425
1;599;7298047869249786;7298039706361500
3;596;7298050512857481;7298043916794309
1;601;7298057836463532;7298049008639497
0;602;7298062927983822;7298055503023167
3;598;7298060563100033;7298058931059490
3;599;7298065563813441;7298058979224035
3;600;7298070563737605;7298063905720480
3;601;7298075563638596;7298068908487974
3;602;7298080563671112;7298073912132281
0;606;7298082957634595;7298077791919362
3;603;7298085563696216;7298078918657364
1;607;7298087809170080;7298079344041542
3;604;7298090563682783;7298083905759553
0;608;7298092977711062;7298087401228549
3;605;7298095563652370;7298088911556970
0;609;7298098003364885;7298092709094584
3;606;7298100563451790;7298093898935079
3;607;7298105563398881;7298098902297764
1;611;7298107794081679;7298100192628407
3;608;7298110563354456;7298103908118458
0;612;7298112953663896;7298104068016383
1;612;7298112809071439;7298107418313652
3;609;7298115563458687;7298108911532032
3;610;7298120563418712;7298113915662338
3;611;7298125563340445;7298118903256596
0;615;7298127977525167;7298122646727518
1;615;7298127836033835;7298123358213593
3;612;7298130563267428;7298123907062683
0;616;7298132974256563;7298126310826363
1;616;7298132842616918;7298126842931228
3;613;7298135563146336;7298128913117097
0;617;7298137929189894;7298129130789740
3;614;7298140563034708;7298133902760484
3;615;7298145563030314;7298138911666997
3;616;7298150563020390;7298143916793506
3;617;7298155563024196;7298148907379390
3;618;7298160512793961;7298153914505138
3;619;7298165512096332;7298158913136645
3;620;7298170512143299;7298163914186491
3;621;7298175512041164;7298168906692321
3;623;7298185562271460;7298183929553095
3;624;7298190562947726;7298183978346676
3;625;7298195562833641;7298188905186158
2;629;7298198245530580;7298193422980632
3;626;7298200562890156;7298193908946084
3;627;7298205562929775;7298198913310919
1;631;7298207849026544;7298201842567717
3;628;7298210563048824;7298203926230327
3;629;7298215563088182;7298208908949073
3;630;7298220563053417;7298213908339088
3;631;7298225563091069;7298218919545072
3;632;7298230563254034;7298223919954006
3;633;7298235563256577;7298228909600414
3;634;7298240563233600;7298233910133118
3;635;7298245563359329;7298238914643586
3;636;7298250563331462;7298243906438018
3;637;7298255563327803;7298248911343936
3;638;7298260563348972;7298253915730931
3;639;7298265563386687;7298258909367654
3;640;7298270563431604;7298263909946895
3;641;7298275563432196;7298268915878353
3;642;7298280563462857;7298273906952216
1;650;7298302861187093;7298297309709954
1;651;7298307880317419;7298302891613199
3;646;7298300714169719;7298308980252114
3;647;7298305815241376;7298309019651561
3;648;7298310866910949;7298309086126313
1;653;7298317889593218;7298312131657056
3;649;7298315916985440;7298313914595540
1;654;7298322896740630;7298316975680965
3;650;7298320967043799;7298318917667495
1;655;7298327869194319;7298319110396745
3;651;7298326016938036;7298323905823904
3;652;7298331067018127;7298328911528886
3;653;7298336117109897;7298333916681863
3;654;7298341167023488;7298338905487972
2;659;7298348278797237;7298343508663415
3;655;7298346216981153;7298343912630833
3;656;7298351267046171;7298348914877006
3;657;7298356317029672;7298353908564279
1;662;7298362875964978;7298356937929785
3;658;7298361367021624;7298358913202553
3;659;7298366417120356;7298363916700912
1;664;7298372848641354;7298364053456883
0;664;7298372907612309;7298365285577875
3;660;7298371467351657;7298368933818681
0;665;7298377926641835;7298372435206702
3;661;7298376517377178;7298373914191262
1;666;7298382854829735;7298376880842161
3;662;7298381567424906;7298378919089319
1;667;7298387864777270;7298382220265311
3;663;7298386617438135;7298383905231628
3;664;7298391667455597;7298388908885901
3;665;7298396717463020;7298393912775170
3;666;7298401767301153;7298398903947165
0;671;7298407883563830;7298399057351581
3;667;7298406817175242;7298403903566041
3;668;7298411867208406;7298408909464998
3;669;7298416917385793;7298413915420649
3;670;7298421967287767;7298418905886994
3;671;7298427017214870;7298423895652302
1;676;7298432865726927;7298426448347038
3;672;7298432067306740;7298428916288770
3;673;7298437117214381;7298433905651171
0;678;7298442894316555;7298436985716466
3;674;7298442167229370;7298438911800196
0;679;7298447875363710;7298440314004326
3;675;7298447217356067;7298443915617436
3;676;7298452217253865;7298448919003118
1;681;7298457872147332;7298451937143058
3;677;7298457266601997;7298453911112541
0;682;7298462847116576;7298454737029958
1;682;7298462880271128;7298457103288962
3;678;7298462316607259;7298458916249495
0;683;7298467809435324;7298459123922715
3;679;7298467366692951;7298463916963028
3;680;7298472416667900;7298468907842446
3;681;7298477466628466;7298473911963997
3;682;7298482516743525;7298478916131027
3;683;7298487566731828;7298483908001245
3;684;7298492616727334;7298488911494720
0;689;7298497812294930;7298491481011703
3;685;7298497666688695;7298493915927938
3;686;7298502716673015;7298498905567225
3;687;7298507766727932;7298503916446155
0;692;7298512777908194;7298504214704018
1;692;7298512891681142;7298507418582350
1;693;7298517894766673;7298511675550014
3;689;7298517866896717;7298518934984107
3;690;7298522917933083;7298519007762822
1;695;7298527907263367;7298522556959252
3;691;7298527967921464;7298523906345141
3;692;7298533017920532;7298528913884931
3;693;7298538067757568;7298533902033451
3;694;7298543117717158;7298538906002119
2;699;7298548270500326;7298541330764050
3;695;7298548167666035;7298543912538880
1;700;7298552908869309;7298546558221956
3;696;7298553217808774;7298548917040025
2;701;7298558245552077;7298550398346648
1;701;7298557907662482;7298551294220660
3;697;7298558267801939;7298553905616581
3;698;7298563317789459;7298558911591657
0;703;7298567779540285;7298561379097828
3;699;7298568367787817;7298563917429824
2;704;7298573244858451;7298566706709059
3;700;7298573417779580;7298568907229815
1;705;7298577897375363;7298570420099037
3;701;7298578467748735;7298573909740777
1;706;7298582902955728;7298576938670889
3;702;7298583517710570;7298578912978181
1;707;7298587906335552;7298581734178443
3;703;7298588517558915;7298583915893928
3;704;7298593566847576;7298588908090266
3;705;7298598616919872;7298593912950156
3;706;7298603666889869;7298598905487552
3;707;7298608716832238;7298603906369317
3;708;7298613766754175;7298608910850964
3;709;7298618816867666;7298613917108816
1;714;7298622913425199;7298617108210595
3;710;7298623866820273;7298618906817479
3;711;7298628916807050;7298623897612820
3;712;7298633966822693;7298628903862169
3;713;7298639016836344;7298633909483419
1;718;7298642911118575;7298636182762890
3;714;7298644066872988;7298638915196383
3;715;7298649116896072;7298643917970650
2;720;7298653203771313;7298644402891605
3;716;7298654166930749;7298648906724573
1;721;7298657945608777;7298652593947892
3;717;7298659216997600;7298653913747597
0;722;7298662752530825;7298654577944325
3;718;7298664267051866;7298658918543758
0;723;7298667766064186;7298662118665910
1;723;7298667978527479;7298662364185165
3;719;7298669317079062;7298663905480311
1;724;7298672993253368;7298666284235417
3;720;7298674367089213;7298668912682130
3;721;7298679417090422;7298673916914370
3;722;7298684467088165;7298678907153482
1;727;7298688022444027;7298682528108325
3;723;7298689517048800;7298683910568641
2;728;7298693214737486;7298687339809346
1;728;7298693049555732;7298687483790351
3;724;7298694567071914;7298688915448019
3;725;7298699617139040;7298693920899052
3;726;7298704667151766;7298698907964748
2;731;7298708215031347;7298701732075252
1;731;7298708040625464;7298702561143334
3;727;7298709666975383;7298703911914696
3;728;7298714749494221;7298712230230446
3;729;7298719799480823;7298713903846411
2;734;7298723207801491;7298716281240030
3;730;7298724849476079;7298718908471774
3;731;7298729899462323;7298723911935302
3;732;7298734949223721;7298728902370078
3;733;7298739999193755;7298733905952511
3;734;7298745049259438;7298738914907512
3;735;7298750099115516;7298743905152863
3;736;7298755149006845;7298748909086970
3;737;7298760199061219;7298753915037803
3;738;7298765248987204;7298758902731699
3;739;7298770298932036;7298763909126767
0;744;7298772794896762;7298768140181624
3;740;7298775349024458;7298768915680160
3;741;7298780399100973;7298773918995502
3;742;7298785449054314;7298778911065127
3;743;7298790499098071;7298783913743396
3;744;7298795549145527;7298788914692565
1;750;7298803026472453;7298794102845426
2;750;7298803200598534;7298796268421091
0;750;7298802823298028;7298798169380319
2;751;7298808198346699;7298801560984783
3;746;7298805649147735;7298803916099077
3;747;7298810699855034;7298803977682023
3;748;7298815599118203;7298808906569231
3;749;7298820548054042;7298813913235358
3;750;7298825546206853;7298818901407451
3;751;7298830546139580;7298823907868259
3;752;7298835546119740;7298828915683626
2;757;7298838224516157;7298833347022509
3;753;7298840546254376;7298833919287486
3;754;7298845546219267;7298838908018000
1;759;7298848044170604;7298842724569143
3;755;7298850546200127;7298843914767886
3;756;7298855546189015;7298848904376792
2;761;7298858220347205;7298851457703260
3;757;7298860546179549;7298853911684339
2;762;7298863222519462;7298856861543934
3;758;7298865546176951;7298858914617025
3;759;7298870546292165;7298863920085573
3;760;7298875546105422;7298868894528442
3;761;7298880546072275;7298873913386152
3;762;7298885545912182;7298878917809418
3;763;7298890545841335;7298883907106391
3;765;7298900595872247;7298898922180442
3;766;7298905596513787;7298898969385747
2;771;7298908227679852;7298902063105151
3;767;7298910596520031;7298903909510092
3;768;7298915596495535;7298908910325588
3;769;7298920596591899;7298913913583589
3;770;7298925596615374;7298918905913562
3;771;7298930596610587;7298923908986130
1;776;7298933053026629;7298927309436508
3;772;7298935596603812;7298928914743357
3;773;7298940596607087;7298933906214406
3;774;7298945596737304;7298938908673965
3;776;7298955646805669;7298953923125299
3;777;7298960647446852;7298953969769420
3;778;7298965647480913;7298958915206277
1;783;7298968055625741;7298962490365524
3;779;7298970647367619;7298963904288010
3;780;7298975647297998;7298968912041140
3;781;7298980647368209;7298973918133635
3;782;7298985647246551;7298978904083713
3;783;7298990647163588;7298983908666696
3;784;7298995647220710;7298988913554607
1;789;7298998082434742;7298991845812276
3;785;7299000647127372;7298993902630203
2;790;7299003226716821;7298996663156773
3;786;7299005647067331;7298998910126981
3;787;7299010647142817;7299003915549796
3;788;7299015647095539;7299008906767099
3;789;7299020647062766;7299013912650629
2;794;7299023215560726;7299015968102327
3;790;7299025647164724;7299018915763179
2;795;7299028177505828;7299019089772824
1;795;7299028084771677;7299019164623921
3;791;7299030647059914;7299023905965223
1;796;7299033068094363;7299024474450525
3;792;7299035596807398;7299028909732466
3;793;7299040595867142;7299033913737232
1;798;7299043053842426;7299034738946364
3;794;7299045595995630;7299038919193800
3;795;7299050595934734;7299043907795312
3;796;7299055596062220;7299048914781955
3;797;7299060596051052;7299053904885403
3;798;7299065596158193;7299058923252907
3;799;7299070596142547;7299063915475572
3;800;7299075596263293;7299068917691153
0;805;7299077858442549;7299073677980960
3;801;7299080596225846;7299073907846792
2;806;7299083172820878;7299076349559292
3;802;7299085596181413;7299078912986491
2;807;7299088147373987;7299079866091676
1;807;7299088050049805;7299081299066253
3;803;7299090596303273;7299083919415991
3;804;7299095596279383;7299088907351847
3;805;7299100596263057;7299093911345554
2;810;7299103149143014;7299096774743962
1;810;7299103045370872;7299097853098901
3;806;7299105596258675;7299098915455685
3;807;7299110596217096;7299103903932394
1;812;7299113042218382;7299106570904427
2;812;7299113151956021;7299106854492458
3;809;7299120646278287;7299118919069344
3;810;7299125646886680;7299118966326735
3;811;7299130646958810;7299123913582340
3;812;7299135646967034;7299128911673258
3;813;7299140646834013;7299133903806663
3;814;7299145646872968;7299138910712772
3;815;7299150647080764;7299143918392593
0;820;7299152864027368;7299146738210201
3;816;7299155647088033;7299148904589166
3;817;7299160647069900;7299153907670044
3;818;7299165647075502;7299158915756578
3;819;7299170647092662;7299163919686699
3;820;7299175647119383;7299168909396744
3;821;7299180647137795;7299173915588661
3;822;7299185646981879;7299178902952197
1;827;7299188038345101;7299181678143806
3;823;7299190647015835;7299183908875987
3;824;7299195647005795;7299188911677976
3;825;7299200646987429;7299193915077755
3;826;7299205646955585;7299198903969156
3;828;7299215697186683;7299213933678341
3;829;7299220697859200;7299213982699814
0;834;7299222891542250;7299218262554272
3;830;7299225697730245;7299218908003514
3;831;7299230697776279;7299223912568210
3;832;7299235697843220;7299228918608784
3;833;7299240664603405;7299233906248925
3;834;7299245664656253;7299238909131238
3;835;7299250664728138;7299243915660270
3;836;7299255664653142;7299248904435765
3;837;7299260664704662;7299253907521989
3;838;7299265664761039;7299258911590334
3;839;7299270664776763;7299263916479813
3;840;7299275664781252;7299268905601592
3;841;7299280664829885;7299273913950328
3;842;7299285664875976;7299278919646906
3;843;7299290664945640;7299283909697985
3;844;7299295664993134;7299288913876349
3;845;7299300665017207;7299293918087474
3;847;7299310714990063;7299308916281032
3;848;7299315764946414;7299313906700329
1;854;7299323020986875;7299316315830430
3;849;7299320814911302;7299318910232215
1;855;7299328021682116;7299321190667886
3;850;7299325864893265;7299323912888785
1;856;7299333010298644;7299326945263541
3;851;7299330864771315;7299328903903982
3;852;7299335914068897;7299333907440237
3;853;7299340964129206;7299338912600100
3;854;7299346014048470;7299343905161888
1;860;7299353015745838;7299347479834598
3;855;7299351064135651;7299348910125637
3;856;7299356114232791;7299353917582259
3;857;7299361164115127;7299358903917165
1;863;7299368029096170;7299362525950512
3;858;7299366214011008;7299363908875533
3;859;7299371264088237;7299368915740887
3;860;7299376314116896;7299373917633851
3;861;7299381364262936;7299378918980840
0;867;7299387923260687;7299383611832820
3;862;7299386414208596;7299383906250282
3;863;7299391464200927;7299388913850069
1;869;7299398013445233;7299390971412227
3;864;7299396514194531;7299393919445880
3;865;7299401564336244;7299398908699912
3;866;7299406614453345;7299403925096224
3;867;7299411664453637;7299408917838655
3;868;7299416714463128;7299413908055491
3;869;7299421714357385;7299418911605825
1;875;7299428008788246;7299421539454855
3;870;7299426763874766;7299423921124109
1;876;7299433031722258;7299426485017637
2;876;7299433174489048;7299428319400079
3;871;7299431813858737;7299428907907134
3;872;7299436863909645;7299433915416502
0;878;7299442933769822;7299437169409308
1;878;7299443038702497;7299438433448590
3;873;7299441913814051;7299438904024112
2;879;7299448182208099;7299442253417857
1;879;7299448063582744;7299442301328446
1;880;7299453042951190;7299444013946962
1;881;7299458063369221;7299451539202945
3;875;7299452014091750;7299453933683524
3;876;7299457064807958;7299453980606847
2;882;7299463201290757;7299458132490081
3;877;7299462114727162;7299458906663767
2;883;7299468196707157;7299461348353555
3;878;7299467164769238;7299463910422061
3;879;7299472214870470;7299468918797179
3;880;7299477214828892;7299473918967448
1;886;7299483049413377;7299476038267284
3;881;7299482264199109;7299478906791145
3;882;7299487314165956;7299483911890913
3;883;7299492364463905;7299488934082918
3;884;7299497414592625;7299493924913186
1;890;7299503030256876;7299494427011611
3;885;7299502464505306;7299498909401680
3;886;7299507514625998;7299503916152987
3;887;7299512564558031;7299508901869956
3;888;7299517614534021;7299513911153559
3;889;7299522664647567;7299518913984875
3;890;7299527714705248;7299523915895034
1;898;7299543048222314;7299538307442397
3;892;7299537814766957;7299538921720671
3;893;7299542865385121;7299538968583557
3;894;7299547915354427;7299543909581197
3;895;7299552965367695;7299548917089771
3;896;7299558015359635;7299553905159303
3;897;7299563065361597;7299558909928763
1;903;7299568026841010;7299559181096794
0;903;7299567944827619;7299562229931211
3;898;7299568115382501;7299563915827623
3;899;7299573165227045;7299568903648254
3;900;7299578215215675;7299573906658299
1;906;7299582991208131;7299574157249356
3;901;7299583265169752;7299578910189556
3;902;7299588315287602;7299583916670469
3;903;7299593365112220;7299588905714804
3;904;7299598415054468;7299593909700333
3;905;7299603465009615;7299598913205817
3;906;7299608515104078;7299603917292967
3;907;7299613565048535;7299608907432292
3;909;7299623665057036;7299623920266039
3;910;7299628715676804;7299623969328632
3;911;7299633765681308;7299628911796187
3;912;7299638815684662;7299633915790999
3;913;7299643865732992;7299638908765435
3;914;7299648865646140;7299643910384067
3;915;7299653915164334;7299648918146186
3;917;7299664015220301;7299663919178978
3;918;7299669065760714;7299663965714634
3;919;7299674115789243;7299668906659437
3;920;7299679165787212;7299673910509629
3;921;7299684215788965;7299678918567929
3;922;7299689265799172;7299683905609906
3;923;7299694315824512;7299688910203997
2;929;7299698219506700;7299693475071579
3;924;7299699365798834;7299693913188673
3;925;7299704415784535;7299698918256732
1;931;7299707982023713;7299701104722655
3;926;7299709465768969;7299703907840228
3;927;7299714515835907;7299708922282307
3;928;7299719565965224;7299713915883806
1;934;7299723002478207;7299716054652216
3;930;7299729666440060;7299728956359686
3;931;7299734766479276;7299733915599501
3;932;7299739866392326;7299738906382869
3;933;7299744966437668;7299743908503190
3;934;7299750016240419;7299748913953548
3;935;7299755115467549;7299753905412836
3;936;7299760215469055;7299758908154050
3;937;7299765315451941;7299763910856797
3;938;7299770415455208;7299768918935580
3;939;7299775515441492;7299773904877280
3;940;7299780615426497;7299778907631878
3;941;7299785715407336;7299783913743964
3;942;7299790815537394;7299788917441651
3;943;7299795915523946;7299793906177159
3;944;7299801015527208;7299798911916437
3;945;7299806115555264;7299803919285501
3;946;7299811215549356;7299808905010867
3;947;7299816315537388;7299813912753693
3;948;7299821415478245;7299818913732565
3;949;7299826515422056;7299823904079081
3;950;7299831615389070;7299828910577764
2;957;7299838232395065;7299832737687456
3;951;7299836715328348;7299833912015217
3;952;7299841765316876;7299838915133654
3;953;7299846815482365;7299843923249400
3;954;7299851865521610;7299848914156659
1;961;7299857988729940;7299852455383527
0;961;7299857963869036;7299852834851069
3;955;7299856915574729;7299853918200695
2;962;7299863229336570;7299856487715510
3;956;7299861965868070;7299858933238096
3;957;7299867015928972;7299863913530377
2;964;7299873230391683;7299866814800741
3;958;7299872065865339;7299868906236967
3;959;7299877115911507;7299873909778672
2;967;7299888220957392;7299880956779743
3;961;7299887216195224;7299888938497564
3;962;7299892266870511;7299888985110851
3;963;7299897316931241;7299893909990256
3;964;7299902367534269;7299898969178192
3;965;7299907417439121;7299903906225930
3;966;7299912467360143;7299908909736270
3;967;7299917517335194;7299913916485812
3;968;7299922567318318;7299918904562693
1;975;7299927983409862;7299921153173140
3;969;7299927617280323;7299923910050590
3;970;7299932667219907;7299928913404455
3;971;7299937717316389;7299933918348132
3;972;7299942767171502;7299938910607604
1;979;7299947986784699;7299941790603251
2;979;7299948231498899;7299942595902437
3;973;7299947817140166;7299943914704990
1;980;7299952995109274;7299948415503261
3;974;7299952867245975;7299948918636406
3;975;7299957917225595;7299953909567713
1;982;7299962980033413;7299956006278876
3;976;7299962967156417;7299958914206368
3;977;7299968017146272;7299963906892496
3;978;7299973067084063;7299968909195699
3;979;7299978117169642;7299973912582059
3;980;7299983116884009;7299978905120092
3;981;7299988166180133;7299983910219380
3;982;7299993216277765;7299988916426986
3;983;7299998266370761;7299993919721751
3;984;7300003316271210;7299998908842079
3;985;7300008366206159;7300003912462288
3;986;7300013416293540;7300008915529243
3;987;7300018466596708;7300013942207604
3;988;7300023516452700;7300018919682130
1;995;7300027982805645;7300021450987300
3;989;7300028566420495;7300023921692704
3;990;7300033616384008;7300028905752957
3;991;7300038666358605;7300033913612672
1;998;7300042978975532;7300036226511896
2;998;7300043227199037;7300036370310568
3;992;7300043716518872;7300038917896705
1;999;7300047957146010;7300041630928329
2;999;7300048233029579;7300042222795083
3;993;7300048766501407;7300043909407000
2;1000;7300053217236720;7300045374843670
3;994;7300053816515540;7300048915398316
2;1001;7300058217836978;7300051769459238
3;995;7300058866555823;7300053919923323
3;996;7300063866454021;7300058911540445
2;1003;7300068213314660;7300061319872976
1;1003;7300067956833267;7300061955756792
3;997;7300068915914458;7300063914627229
3;998;7300073965854145;7300068903549989
3;999;7300079015783287;7300073910003871
3;1000;7300084065888001;7300078915630712
3;1001;7300089139017199;7300086222848569
2;1008;7300093227303522;7300087958323307
3;1002;7300094188951580;7300088909265725
3;1003;7300099239029564;7300093911446629
3;1005;7300109339371451;7300108940847017
3;1006;7300114390165763;7300108989620853
3;1007;7300119440153999;7300113915494088
3;1008;7300124490155501;7300118905864926
3;1009;7300129540179096;7300123912059966
3;1010;7300134590218865;7300128917182642
1;1017;7300137944500968;7300131914387570
3;1011;7300139640102226;7300133905629052
3;1012;7300144690148600;7300138912069762
3;1013;7300149690115569;7300143916962889
2;1020;7300153242207478;7300148068659548
3;1014;7300154739483476;7300148906119455
3;1015;7300159789485139;7300153911962362
3;1016;7300164839346985;7300158901975714
3;1017;7300169889354399;7300163909506736
3;1018;7300174939360685;7300168911012732
3;1019;7300179989328521;7300173914929732
3;1021;7300190039436357;7300188929962464
3;1023;7300200139797266;7300199001805730
3;1024;7300205191402592;7300199067191876
3;1025;7300210241392959;7300203909546268
3;1026;7300215291401754;7300208919447399
3;1027;7300220341422365;7300213907670951
3;1028;7300225391421001;7300218910067623
3;1029;7300230441432195;7300223914308132
3;1030;7300235491272707;7300228902307933
1;1037;7300237940656372;7300231120915481
3;1031;7300240541262821;7300233906851660
1;1038;7300242925430341;7300234812406286
3;1032;7300245591176014;7300238913601527
3;1033;7300250641053564;7300243903638786
3;1034;7300255640600324;7300248911035595
3;1035;7300260640588474;7300253914414572
3;1036;7300265640713052;7300258918840746
3;1037;7300270640688690;7300263906067135
1;1044;7300272936388188;7300266395376507
3;1038;7300275640643868;7300268909471269
3;1039;7300280640722824;7300273913308395
3;1041;7300290690900905;7300288925962182
3;1042;7300295691562721;7300288977038287
3;1043;7300300691512513;7300293913914842
3;1044;7300305691523788;7300298906004608
3;1045;7300310691523282;7300303907581297
3;1046;7300315691500042;7300308911420016
3;1047;7300320691349385;7300313902375928
3;1048;7300325691508627;7300318922101362
3;1049;7300330691578988;7300323918952210
3;1050;7300335691545906;7300328915977373
0;1057;7300337965862265;7300331611368028
3;1051;7300340691550968;7300333905517069
3;1052;7300345691559131;7300338913569875
3;1053;7300350691591982;7300343917017881
3;1054;7300355691600124;7300348904893231
3;1055;7300360691603461;7300353910911559
3;1056;7300365691601494;7300358911818549
3;1057;7300370691610356;7300363916019860
3;1058;7300375691436785;7300368905892086
3;1059;7300380691423821;7300373912860468
3;1060;7300385691422714;7300378918089825
3;1061;7300390691178683;7300383908835111
2;1068;7300393244186694;7300386922316137
3;1062;7300395691169204;7300388912582490
3;1063;7300400691275855;7300393916902089
3;1064;7300405691253403;7300398907533392
3;1065;7300410640974271;7300403910584291
3;1066;7300415640309153;7300408918599187
3;1067;7300420640271064;7300413906181414
3;1068;7300425639699295;7300418912001153
3;1069;7300430639812339;7300423917530490
3;1070;7300435639774972;7300428905999515
3;1071;7300440639684033;7300433907391973
3;1072;7300445639774938;7300438913653165
3;1073;7300450639884860;7300443921042843
3;1074;7300455639862148;7300448911133266
3;1075;7300460639845889;7300453916722113
0;1082;7300462992941583;7300458496811081
3;1076;7300465639777727;7300458903791391
3;1077;7300470639704230;7300463907355381
2;1084;7300473241111969;7300466461311977
3;1078;7300475639639141;7300468912127513
3;1079;7300480639708187;7300473916472193
3;1080;7300485639629699;7300478906357623
3;1081;7300490639650253;7300483908947710
3;1082;7300495639548874;7300488899057869
3;1084;7300505689708570;7300503928551672
3;1085;7300510690405957;7300503974858825
3;1086;7300515690337824;7300508903406151
3;1087;7300520690278173;7300513910461841
3;1089;7300530740343894;7300528926293753
3;1090;7300535740991126;7300528973565364
3;1091;7300540741026351;7300533915984956
3;1092;7300545740941806;7300538907074628
1;1099;7300547935615503;7300541282985701
3;1093;7300550740616210;7300543909648032
3;1094;7300555740596713;7300548917732307
3;1095;7300560740424209;7300553904442265
3;1096;7300565740468815;7300558910213807
3;1097;7300570740469044;7300563913635613
0;1104;7300572990022707;7300566271107011
2;1104;7300573252405428;7300567791403625
3;1098;7300575740459549;7300568916947258
0;1105;7300577981465388;7300570831109156
2;1105;7300578258222512;7300572299211237
3;1099;7300580740416315;7300573905083642
0;1106;7300582992430062;7300577336709931
3;1100;7300585740380483;7300578911815006
1;1107;7300587968062565;7300583108331868
3;1101;7300590740331063;7300583914981406
1;1108;7300592959874909;7300587523255318
3;1102;7300595740280895;7300588906523741
3;1103;7300600740237471;7300593910284822
3;1104;7300605740361838;7300598915986694
3;1105;7300610740400618;7300603913881947
3;1106;7300615740583177;7300608933886612
2;1113;7300618251817085;7300611149707050
3;1107;7300620717479611;7300613912492042
3;1108;7300625717512902;7300618912594898
3;1109;7300630717518858;7300623912042222
3;1110;7300635667265018;7300628915462922
1;1117;7300637952089925;7300630614925923
3;1111;7300640666426561;7300633905775126
3;1112;7300645666366444;7300638909482235
3;1113;7300650666463101;7300643915530764
3;1114;7300655666383629;7300648904112678
3;1115;7300660666283653;7300653907185070
3;1116;7300665666373134;7300658914577205
3;1117;7300670666597797;7300663934536027
3;1118;7300675666553594;7300668912542551
3;1119;7300680666622395;7300673912999535
1;1126;7300682974609116;7300678426884036
3;1120;7300685666682433;7300678917966165
3;1121;7300690666727695;7300683906501867
3;1122;7300695666761603;7300688912897419
3;1123;7300700666827437;7300693917596217
3;1124;7300705666763607;7300698908546875
1;1132;7300712989176076;7300708042773468
3;1126;7300715666973530;7300713950954805
3;1127;7300720616915113;7300713995964076
3;1128;7300725615342446;7300718909925207
3;1129;7300730615398733;7300723915174913
3;1130;7300735615396654;7300728919239624
3;1131;7300740615376201;7300733905625547
3;1132;7300745615366674;7300738909115048
3;1133;7300750615396812;7300743917321864
1;1140;7300752961522908;7300744162625126
3;1134;7300755615539153;7300748916541976
3;1135;7300760615507191;7300753903655493
3;1136;7300765615471153;7300758909997638
3;1137;7300770615586152;7300763915138528
3;1138;7300775615524904;7300768904910684
1;1145;7300777938032731;7300769394170725
3;1139;7300780615489961;7300773910920473
3;1140;7300785615453522;7300778915196752
3;1141;7300790615421788;7300783902893835
3;1142;7300795615427562;7300788910048809
3;1143;7300800615436087;7300793914160803
3;1144;7300805565367020;7300798919055302
3;1145;7300810564665135;7300803906849866
3;1146;7300815564648810;7300808912282197
3;1147;7300820564763064;7300813917429977
3;1148;7300825564766103;7300818907885006
2;1155;7300828272742911;7300823760696333
3;1149;7300830564760383;7300823910847949
3;1150;7300835564902584;7300828916596113
1;1157;7300837937588233;7300832108085755
3;1151;7300840564743593;7300833906202386
3;1152;7300845564673573;7300838911950218
3;1153;7300850564544677;7300843903087555
3;1154;7300855564566202;7300848907669507
3;1155;7300860564544000;7300853911349875
3;1156;7300865564541661;7300858916783970
3;1157;7300870564537327;7300863904459869
3;1158;7300875564500088;7300868907187751
3;1159;7300880564532065;7300873915016188
3;1160;7300885564555378;7300878918351283
1;1167;7300887961078089;7300882650193556
3;1161;7300890564536759;7300883904030212
3;1162;7300895564531168;7300888912301276
1;1169;7300897945936548;7300890402928580
3;1163;7300900564531703;7300893918143200
3;1164;7300905564502557;7300898905920456
3;1165;7300910564486419;7300903910968673
3;1166;7300915564458134;7300908914073612
2;1173;7300918280582034;7300912533137903
3;1167;7300920564527053;7300913914425405
3;1168;7300925564533097;7300918911188659
2;1175;7300928280794990;7300921801451672
3;1169;7300930564491425;7300923914432306
2;1176;7300933296066216;7300928292646448
3;1170;7300935564494195;7300928906458414
2;1177;7300938302427594;7300932432204054
3;1171;7300940564483507;7300933910932322
2;1178;7300943324323473;7300936448020306
1;1178;7300942986357635;7300938156934017
3;1172;7300945564455348;7300938914714652
1;1181;7300957985807675;7300950939141981
3;1174;7300955614655401;7300953926004737
3;1175;7300960615318501;7300953973702065
3;1176;7300965615372018;7300958919005057
3;1177;7300970615218008;7300963905641793
3;1178;7300975615239050;7300968913237455
3;1179;7300980615250636;7300973917880559
3;1180;7300985615248038;7300978903531663
3;1181;7300990615268302;7300983909381594
3;1182;7300995615286801;7300988913977315
0;1189;7300997998544842;7300991975497664
3;1183;7301000615301613;7300993917953395
3;1184;7301005615301856;7300998906382067
2;1191;7301008361129460;7301002784866034
0;1191;7301008021351566;7301003323082823
3;1185;7301010615313622;7301003910124382
3;1186;7301015615476763;7301008915372081
3;1187;7301020565219578;7301013902833057
3;1188;7301025564556122;7301018908513272
3;1189;7301030565371274;7301023984921398
3;1190;7301035565444215;7301028917755792
3;1191;7301040515241533;7301033906025585
3;1192;7301045514606934;7301038910105430
3;1193;7301050514584095;7301043913700834
3;1194;7301055514555136;7301048904178871
3;1195;7301060514552809;7301053909415239
2;1202;7301063387550592;7301056701477792
3;1196;7301065514528960;7301058915347381
1;1203;7301067990788058;7301062139387247
3;1197;7301070514548061;7301063906352383
3;1198;7301075514554436;7301068910851484
3;1199;7301080514594748;7301073917666791
3;1200;7301085514479236;7301078905396014
3;1201;7301090514548124;7301083911972497
2;1208;7301093372174358;7301084010529302
1;1208;7301092975635169;7301086637860462
3;1202;7301095514591693;7301088916171993
1;1209;7301097988733023;7301092619626069
3;1203;7301100514501638;7301093905975967
3;1204;7301105514556737;7301098912033692
3;1205;7301110514472133;7301103901824340
3;1206;7301115514569964;7301108925769745
1;1213;7301117971569537;7301109004268854
3;1207;7301120514588922;7301113915777690
3;1208;7301125514312168;7301118906211185
3;1209;7301130514312531;7301123912528442
3;1210;7301135514347574;7301128916098907
3;1211;7301140514304744;7301133907759341
3;1212;7301145514267037;7301138911692292
3;1213;7301150514389288;7301143918000065
3;1214;7301155514359603;7301148906513835
3;1215;7301160514564515;7301153936021876
3;1216;7301165514556164;7301158903277551
3;1217;7301170514584104;7301163909979150
2;1224;7301173375165969;7301167646032572
3;1218;7301175514593592;7301168915525891
3;1219;7301180514284477;7301173903624671
3;1220;7301185514235082;7301178907602924
3;1221;7301190514235315;7301183913022850
3;1222;7301195514080662;7301188902500683
1;1229;7301197982377560;7301192124409781
3;1223;7301200514088973;7301193907332982
1;1230;7301202981038679;7301194380263970
3;1224;7301205514094817;7301198913481884
3;1225;7301210514102042;7301203918318730
3;1226;7301215514055177;7301208903860323
3;1227;7301220463670739;7301213912511122
3;1228;7301225462928090;7301218921699160
3;1229;7301230462852716;7301223902387747
3;1230;7301235462802102;7301228910113537
3;1231;7301240462752311;7301233914260561
3;1232;7301245462754842;7301238905878543
0;1239;7301248007950782;7301240435887956
3;1233;7301250462773583;7301243910989336
2;1240;7301253394552786;7301246925169456
3;1234;7301255462759050;7301248915868539
3;1235;7301260462660447;7301253906681550
2;1242;7301263388566341;7301256584842398
0;1242;7301263015908414;7301257160476727
3;1236;7301265462735930;7301258911203892
3;1237;7301270462826513;7301263919055904
3;1238;7301275462738970;7301268906384224
1;1245;7301277978618497;7301273133626206
3;1239;7301280462773782;7301273908391907
3;1240;7301285462655717;7301278899114163
2;1247;7301288398088845;7301282265131837
2;1248;7301293418017668;7301288230452282
3;1242;7301295512734477;7301293923072644
3;1243;7301300513627845;7301293992230817
3;1244;7301305513671236;7301298914387979
3;1245;7301310513719039;7301303918941073
3;1246;7301315513865678;7301308933719214
2;1254;7301323405951320;7301316616827497
2;1255;7301328400846740;7301321352747009
3;1248;7301325564112963;7301323931578387
3;1249;7301330564967392;7301323997725090
1;1256;7301332972460767;7301324090588385
3;1250;7301335564834582;7301328904149083
3;1251;7301340565032795;7301333927706214
3;1252;7301345565058917;7301338913460103
3;1253;7301350564935571;7301343904261497
3;1254;7301355564922515;7301348904896853
0;1261;7301358037749865;7301353328748773
3;1255;7301360564903059;7301353910004584
3;1256;7301365565016189;7301358914400697
3;1257;7301370564994989;7301363905549388
3;1258;7301375564967249;7301368908575903
2;1265;7301378398683871;7301371890801380
3;1259;7301380564926012;7301373912660228
3;1260;7301385565067660;7301378918624612
3;1261;7301390565068083;7301383907230100
2;1268;7301393421519256;7301388498646422
3;1262;7301395565015465;7301388909754415
3;1263;7301400564844694;7301393901273970
1;1270;7301403007596036;7301397522166422
3;1264;7301405564841935;7301398903754350
3;1265;7301410564932475;7301403921355106
3;1266;7301415564903635;7301408915259237
3;1267;7301420564866641;7301413902220929
3;1268;7301425564849839;7301418909288410
3;1269;7301430564864426;7301423915532248
3;1270;7301435564773377;7301428905320503
3;1271;7301440564780795;7301433911930661
3;1272;7301445564789340;7301438915286612
3;1273;7301450564930646;7301443920589129
3;1275;7301460629831661;7301460401033848
3;1276;7301465645231378;7301460454686305
3;1277;7301470595053472;7301463908214092
3;1278;7301475594456064;7301468913961312
3;1279;7301480594317299;7301473905128516
2;1286;7301483432099167;7301478082687195
3;1280;7301485594343988;7301478908310704
3;1281;7301490594369783;7301483915816902
3;1282;7301495594399900;7301488920892227
3;1283;7301500594455964;7301493909138005
2;1290;7301503425148426;7301497622690374
3;1284;7301505594523255;7301498916110728
3;1285;7301510594446409;7301503906292613
2;1292;7301513431639377;7301506802601470
3;1286;7301515594343579;7301508907670532
3;1287;7301520594448266;7301513916850690
2;1294;7301523426745100;7301515956911902
1;1294;7301523026120959;7301516196533754
3;1288;7301525594425253;7301518907823035
1;1295;7301528013780163;7301518958548801
2;1297;7301538413402234;7301530810846360
1;1297;7301538016626838;7301532702981298
3;1290;7301535644520991;7301533924945859
3;1291;7301540645214508;7301533972184795
3;1292;7301545645275525;7301538914614863
3;1293;7301550644735587;7301543930927615
3;1294;7301555644671748;7301548911371856
3;1295;7301560644773738;7301553916224610
3;1296;7301565644755487;7301558908280334
3;1297;7301570644732712;7301563911423390
3;1298;7301575644681700;7301568899077690
3;1299;7301580644640131;7301573905258336
3;1300;7301585644589292;7301578910263401
3;1301;7301590644713080;7301583918731279
3;1302;7301595644648891;7301588904432625
2;1309;7301598412421740;7301593304103461
3;1303;7301600644573412;7301593910119074
3;1304;7301605644701340;7301598918188743
3;1305;7301610644643615;7301603906199963
3;1306;7301615644583972;7301608910207691
3;1307;7301620644684210;7301613915999769
3;1308;7301625644780662;7301618921679023
3;1309;7301630644830374;7301623906795504
3;1310;7301635644700685;7301628912800816
3;1311;7301640644725089;7301633918218367
0;1318;7301643055152143;7301637999541210
3;1312;7301645644832160;7301638916918278
3;1313;7301650644748714;7301643904183983
3;1315;7301660694808005;7301658922028066
3;1316;7301665695425482;7301658969507034
1;1323;7301668005935114;7301662289041329
0;1323;7301668071314396;7301662928943584
3;1317;7301670695418031;7301663910947257
1;1324;7301673002153088;7301666464728693
0;1324;7301673085470195;7301667788713086
3;1318;7301675695379962;7301668914193028
3;1319;7301680695351828;7301673903700554
3;1320;7301685695047293;7301678905568270
3;1321;7301690695093810;7301683907929160
3;1322;7301695695135569;7301688914154975
3;1324;7301705745200677;7301703922036679
3;1325;7301710745867205;7301703970277560
3;1326;7301715745903135;7301708911195942
3;1327;7301720745801170;7301713902826431
3;1328;7301725745854746;7301718907858304
3;1329;7301730745938516;7301723915710073
3;1330;7301735745829887;7301728902618970
3;7965;7334910745764520;7334903911782020
3;7967;7334920796132751;7334918940683442
3;7968;7334925796921715;7334918991407496
3;7970;7334935846962420;7334933925769586
3;7971;7334940847840954;7334933990240997
3;7972;7334945847895218;7334938915539964
3;7973;7334950847946772;7334943919416089
3;7974;7334955848097087;7334948920909905
3;7975;7334960848127443;7334953914024875
3;7976;7334965848151875;7334958918311806
3;7977;7334970848186985;7334963910192642
3;7978;7334975848226339;7334968915139231
3;7979;7334980848096325;7334973906054663
3;7980;7334985847977755;7334978894527230
3;7982;7334995898316355;7334993942251887
3;7984;7335005949480723;7335004015550939
3;7985;7335010901080448;7335004083045035
3;7986;7335015900230529;7335008907238888
3;7987;7335020900204155;7335013911750540
3;7988;7335025900047107;7335018903236234
3;7989;7335030899783845;7335023907393162
3;7990;7335035849607402;7335028913934047
3;7991;7335040848648804;7335033901865217
3;7992;7335045848668691;7335038906137855
2;7999;7335048412422006;7335042145954222
3;7993;7335050848506490;7335043911486109
3;7995;7335060898883645;7335058951175683
3;7996;7335065899867587;7335059002655562
3;7997;7335070899946170;7335063912755146
3;7998;7335075899878345;7335068903221961
3;7999;7335080899841076;7335073910673942
1;8007;7335088004875626;7335082114821525
3;8001;7335090949981427;7335088919584410
3;8002;7335095950561533;7335088966586560
3;8003;7335100950519857;7335093908492482
3;8004;7335105950454490;7335098912088057
3;8005;7335110950394633;7335103901244268
3;8006;7335115950556698;7335108925960843
3;8007;7335120950627990;7335113908403268
3;8008;7335125950779978;7335118918953076
3;8009;7335130950635889;7335123906946063
3;8010;7335135950592658;7335128910936260
1;8017;7335137986338359;7335130455983272
3;8011;7335140950760589;7335133919013909
2;8018;7335143415231114;7335136247501832
1;8018;7335142983457089;7335137603486129
3;8012;7335145950726095;7335138905839139
2;8019;7335148432559382;7335143074245435
3;8013;7335150950704202;7335143913343035
2;8020;7335153432234493;7335147326030628
3;8014;7335155950806620;7335148915562464
3;8015;7335160950753000;7335153906568294
3;8016;7335165950719183;7335158911905208
3;8017;7335170950669309;7335163915601979
2;8024;7335173439913806;7335167185489948
3;8018;7335175885826693;7335168916772123
3;8020;7335185920707337;7335183942750797
3;8021;7335190921605219;7335183998002166
3;8022;7335195921652960;7335188918735312
0;8029;7335198081409804;7335191232216201
3;8023;7335200921692646;7335193909097246
3;8024;7335205921723612;7335198911407363
0;8031;7335208096560905;7335202914706629
3;8025;7335210921687287;7335203912184389
3;8026;7335215921505839;7335208902747454
3;8027;7335220921478095;7335213906363631
3;8028;7335225921411901;7335218909491480
3;8029;7335230921475054;7335223912607844
3;8030;7335235921428173;7335228902982380
3;8031;7335240921310072;7335233905040617
0;8038;7335243109347278;7335237734548036
3;8032;7335245921328032;7335238909618983
3;8033;7335250871238870;7335243916029696
3;8034;7335255870656886;7335248913986241
3;8035;7335260870705572;7335253919483474
3;8036;7335265870653103;7335258925680722
3;8037;7335270870685316;7335263914593075
3;8038;7335275870707670;7335268918459955
3;8039;7335280870666612;7335273904174650
1;8046;7335282987423784;7335277528326683
3;8040;7335285870495709;7335278894333038
1;8047;7335287999702680;7335283203570586
3;8041;7335290870640748;7335283913581679
1;8048;7335293028693019;7335287009430724
3;8042;7335295870787484;7335288919931906
1;8049;7335297999256567;7335288994284541
3;8043;7335300870785444;7335293910059352
1;8050;7335303008961964;7335295023996572
3;8044;7335305870735302;7335298913717158
1;8051;7335307980350033;7335299019649108
0;8051;7335308116570607;7335302259446923
2;8051;7335308431117592;7335302739482546
3;8045;7335310870838600;7335303914762344
1;8052;7335312952231206;7335304408382539
2;8052;7335313415923226;7335306899430080
1;8054;7335322950284589;7335316253685439
3;8047;7335320921146440;7335318940903078
3;8048;7335325921848146;7335318988359356
1;8055;7335327943018493;7335321210533365
3;8049;7335330921927334;7335323914118974
1;8056;7335332941805848;7335326982024437
3;8050;7335335922028316;7335328920305966
1;8057;7335337908668292;7335329104826716
3;8051;7335340921919276;7335333905095639
1;8058;7335342907418698;7335336550590545
3;8052;7335345921792899;7335338909041336
1;8059;7335347896312180;7335341446307566
3;8053;7335350921884924;7335343915998030
1;8060;7335352871741019;7335344101105672
3;8054;7335355921942792;7335348918587533
1;8061;7335357848806214;7335349000740210
3;8055;7335360921846513;7335353908590467
3;8056;7335365921831608;7335358915428005
3;8057;7335370921948250;7335363915848228
1;8064;7335372861862374;7335366725714938
3;8058;7335375872044083;7335368931611436
1;8065;7335377833902935;7335369142727023
1;8066;7335382809853571;7335374329241816
1;8067;7335387778961304;7335379018983951
3;8060;7335385921545905;7335383919689140
3;8061;7335390922092293;7335383965586001
1;8068;7335392757074555;7335383994087883
3;8062;7335395921907702;7335388895733922
1;8069;7335397724383590;7335389324851273
3;8063;7335400922038025;7335393916732986
1;8070;7335402706960051;7335395621831207
3;8064;7335405922049286;7335398906694207
1;8071;7335407692823146;7335399870545030
3;8065;7335410922039613;7335403906961986
1;8072;7335412660966676;7335404342461486
3;8066;7335415922096289;7335408919822403
1;8073;7335417629353710;7335409322493521
3;8067;7335420872040522;7335413916460019
1;8074;7335422593756722;7335414001444569
3;8068;7335425871398701;7335418906095423
1;8075;7335427592744243;7335419001597569
3;8069;7335430871391588;7335423910484657
1;8076;7335432580959493;7335426546094203
3;8070;7335435871550496;7335428918717026
1;8077;7335437552103037;7335429423790875
3;8071;7335440871530368;7335433905845643
1;8078;7335442544787197;7335436758781560
3;8072;7335445871464961;7335438909169279
1;8079;7335447517058723;7335439072964908
3;8073;7335450871571324;7335443913255326
1;8080;7335452516392849;7335444098036627
1;8081;7335457513648099;7335449199975490
1;8082;7335462507632925;7335454137428818
3;8075;7335460921996524;7335458954301967
3;8076;7335465872758682;7335459016899247
3;8111;7335640871958420;7335633911381351
1;8118;7335642488167965;7335634352570393
0;8118;7335643132266703;7335638044915353
3;8112;7335645821841011;7335638914028667
3;8113;7335650820999466;7335643906086343
0;8120;7335653129401830;7335646368698416
3;8114;7335655820942173;7335648909810667
1;8121;7335657479681091;7335652004411364
3;8115;7335660820863240;7335653911522644
0;8122;7335663131590748;7335656832971240
3;8116;7335665820692271;7335658903812932
1;8123;7335667487940598;7335662396855146
3;8117;7335670820626380;7335663907435675
0;8124;7335673121258646;7335665660373082
3;8118;7335675820571487;7335668912822471
1;8125;7335677489142223;7335671798306465
3;8119;7335680820639002;7335673916943979
0;8126;7335683129919344;7335677444025022
3;8120;7335685820556471;7335678906886092
1;8127;7335687502900142;7335682691622287
3;8121;7335690820633417;7335683913749240
3;8122;7335695820829187;7335688914104288
2;8129;7335698424244244;7335693655691559
3;8123;7335700770589979;7335693918331149
2;8130;7335703406352801;7335694150321425
1;8130;7335702512590644;7335697159718131
3;8124;7335705719546333;7335698911186285
1;8131;7335707508679345;7335701554133569
3;8125;7335710717830051;7335703911416721
1;8132;7335712495828732;7335706194773323
3;8126;7335715717942012;7335708918435104
3;8127;7335720717922166;7335713909765876
1;8134;7335722460509059;7335713993983078
3;8128;7335725718060980;7335718917117674
3;8129;7335730718067983;7335723908093474
1;8136;7335732456486883;7335725569194585
3;8130;7335735718052102;7335728912346033
2;8137;7335738418739926;7335732293768808
1;8137;7335737477625659;7335733653332427
3;8131;7335740718037102;7335733900365143
3;8132;7335745718037000;7335738906127628
3;8133;7335750717986240;7335743906410154
3;8134;7335755667559590;7335748908510873
3;8135;7335760666657702;7335753912466767
3;8136;7335765666709101;7335758917895023
2;8143;7335768415933006;7335761034552324
3;8137;7335770666733354;7335763905647244
3;8138;7335775666722195;7335768909558155
2;8145;7335778401204639;7335771234066788
3;8139;7335780616695796;7335773916944683
2;8146;7335783394399263;7335777489840092
3;8140;7335785616339598;7335778930966611
0;8147;7335788148413629;7335783405370733
3;8141;7335790616333449;7335783907877642
3;8142;7335795616349274;7335788913670498
2;8149;7335798386121480;7335790972116964
3;8143;7335800616510659;7335793917382851
2;8150;7335803365643369;7335794903746352
3;8144;7335805616313372;7335798906232157
3;8145;7335810616346468;7335803911712777
3;8146;7335815616315968;7335808915903064
3;8147;7335820616300760;7335813905425315
3;8148;7335825616285441;7335818909404470
3;8149;7335830632423731;7335825532842838
3;8150;7335835632474618;7335828910927574
3;8151;7335840632512049;7335833917086039
3;8152;7335845632437239;7335838908081529
3;8153;7335850632486738;7335843911518352
3;8154;7335855632562897;7335848919521000
3;8155;7335860632458318;7335853905144161
3;8156;7335865632390831;7335858910023567
3;8157;7335870582184026;7335863922070099
3;8158;7335875581253331;7335868904932717
3;8159;7335880581137678;7335873907169980
3;8160;7335885581181917;7335878913521125
3;8161;7335890581227232;7335883915938877
3;8162;7335895581250962;7335888914557508
3;8163;7335900581357677;7335893913418981
3;8164;7335905581519901;7335898922585970
3;8165;7335910581465587;7335903904060201
3;8167;7335920631526207;7335918918669841
3;8168;7335925632152992;7335918965661078
3;8169;7335930632339529;7335923923694030
3;8170;7335935632609964;7335928936662427
3;8172;7335945682847333;7335943939766726
3;8173;7335950683657724;7335943995025349
0;8180;7335953159530185;7335947726719438
3;8174;7335955683712673;7335948924978554
3;8175;7335960683545816;7335953908994868
3;8176;7335965683526720;7335958912683649
3;8177;7335970683486264;7335963914414351
3;8178;7335975683483043;7335968903852248
3;8179;7335980683825349;7335973928563806
3;8180;7335985683850296;7335978916076392
3;8181;7335990683849068;7335983919809041
3;8182;7335995683983704;7335988923523031
3;8184;7336005734022158;7336003917562387
3;8185;7336010734519853;7336003964531886
3;8186;7336015684188147;7336008907732574
3;8187;7336020683485303;7336013918075055
3;8188;7336025683536035;7336018919191908
3;8189;7336030683426068;7336023909309252
3;8190;7336035683513734;7336028913862335
3;8191;7336040683612543;7336033918922251
3;8192;7336045683559610;7336038910704760
1;8199;7336047497043519;7336043426803772
3;8193;7336050683514235;7336043914050160
3;8194;7336055683602412;7336048917408065
3;8195;7336060683534522;7336053908638959
3;8196;7336065683491082;7336058911504205
3;8197;7336070683326328;7336063915135993
3;8198;7336075633190473;7336068906103510
3;8199;7336080632621308;7336073908669741
3;8200;7336085632829078;7336078916510973
3;8201;7336090632729865;7336083906811653
1;8208;7336092482247869;7336086953883673
3;8202;7336095632781001;7336088911807819
3;8203;7336100632885553;7336093917417198
3;8204;7336105632790657;7336098910332823
3;8205;7336110632759921;7336103913386347
3;8206;7336115632875587;7336108917661937
0;8213;7336118180443737;7336113709058330
3;8207;7336120632841983;7336113907124323
3;8208;7336125632770738;7336118911592419
0;8215;7336128188747803;7336122502546346
3;8209;7336130632879107;7336123916682484
3;8210;7336135632863553;7336128907613906
3;8211;7336140632872681;7336133914168049
3;8212;7336145582529047;7336138919938655
3;8213;7336150581451386;7336143909133119
3;8214;7336155581500428;7336148916285588
3;8215;7336160581580710;7336153922056932
3;8216;7336165581597279;7336158907743051
3;8217;7336170581602552;7336163910338165
1;8224;7336172493490135;7336168425555055
3;8218;7336175581658355;7336168917102881
0;8225;7336178173772317;7336170191199184
1;8225;7336177513740841;7336171039017430
3;8219;7336180581660845;7336173904061922
0;8226;7336183191620436;7336176581537542
3;8220;7336185581660986;7336178907449719
1;8227;7336187525242853;7336182689404285
3;8221;7336190581973290;7336183944052805
1;8228;7336192516872740;7336185201255754
3;8222;7336195582144815;7336188934096455
3;8223;7336200582449101;7336193937314715
1;8230;7336202525828914;7336195322629046
3;8224;7336205582561870;7336198925026168
1;8233;7336217506041110;7336211328662032
0;8233;7336218213343983;7336211660679658
3;8226;7336215632645957;7336213922512992
3;8227;7336220633307340;7336213984469321
0;8234;7336223184172282;7336214246949000
3;8228;7336225633339368;7336218914389211
3;8229;7336230633238295;7336223901309390
3;8230;7336235633089628;7336228903568375
1;8237;7336237542403657;7336232817351578
3;8231;7336240633107132;7336233911516272
1;8238;7336242568485559;7336236765439561
3;8232;7336245633110540;7336238917458402
1;8239;7336247568306044;7336241086771334
3;8233;7336250633130058;7336243910045253
3;8234;7336255633140950;7336248913435281
1;8241;7336257549756534;7336249199701066
0;8241;7336258220450048;7336252664149828
3;8235;7336260633299428;7336253916212833
3;8236;7336265633305676;7336258906752490
1;8243;7336267549230854;7336262402815544
3;8237;7336270633371950;7336263913037567
1;8244;7336272528845388;7336264114626457
3;8238;7336275633483808;7336268919696591
3;8239;7336280633451658;7336273909251670
3;8240;7336285633401855;7336278912914733
2;8247;7336288378946179;7336282345493220
3;8241;7336290633378163;7336283903278126
2;8248;7336293373113800;7336287453746728
3;8242;7336295633367711;7336288908512853
3;8243;7336300633343885;7336293914562150
3;8244;7336305633105293;7336298907107272
3;8245;7336310633124081;7336303909756521
1;8252;7336312527156908;7336306621755251
3;8246;7336315633150312;7336308916293546
3;8247;7336320633021825;7336313904534299
3;8248;7336325633053988;7336318909448640
3;8249;7336330633083130;7336323914626910
3;8250;7336335633098226;7336328917412895
3;8251;7336340633337019;7336333929304489
3;8252;7336345633372214;7336338912924169
3;8253;7336350617230547;7336343918676125
1;8261;7336357498026811;7336350502493564
3;8255;7336360667313887;7336358919261590
3;8256;7336365667964652;7336358982162469
3;8257;7336370667969161;7336363908532642
1;8264;7336372508441084;7336367047706241
3;8258;7336375667939654;7336368908567507
3;8259;7336380667870088;7336373912564356
3;8261;7336390717924004;7336388910535880
3;8263;7336400818100943;7336403927717654
3;8264;7336405868998545;7336404011830176
3;8265;7336410919108658;7336408915943920
3;8266;7336415969078734;7336413904177683
3;8267;7336421019045503;7336418910198016
1;8275;7336427508092635;7336421416142521
3;8268;7336426069064189;7336423917807428
1;8276;7336432490056705;7336424422918860
3;8269;7336431118996521;7336428907790900
1;8277;7336437492971263;7336431922384126
2;8277;7336438377600108;7336433394297907
3;8270;7336436168993869;7336433913153491
2;8278;7336443404605908;7336437118128951
3;8271;7336441218939494;7336438917148720
1;8279;7336447493522065;7336442010836945
3;8272;7336446269123524;7336443922463049
3;8273;7336451269111853;7336448917502774
3;8274;7336456318642217;7336453918697567
3;8275;7336461368507168;7336458910189025
1;8283;7336467489454438;7336461507624893
3;8276;7336466418262879;7336463912233533
3;8277;7336471418033198;7336468916798611
1;8285;7336477489108187;7336471086290372
3;8278;7336476467162397;7336473907945400
0;8286;7336483226356719;7336476601380344
3;8279;7336481517030588;7336478911797525
0;8287;7336488184755269;7336478985297355
3;8280;7336486567107167;7336483916652709
1;8288;7336492505542220;7336486455809516
3;8281;7336491617059712;7336488907938197
1;8289;7336497507765364;7336491617691124
3;8282;7336496667044000;7336493912843325
1;8291;7336507508388372;7336501345286382
3;8284;7336506767126363;7336508912088633
0;8293;7336518191454580;7336513239390393
3;8285;7336511867002610;7336513916188525
1;8294;7336522491481517;7336516417646292
3;8286;7336516966920134;7336518907828899
0;8295;7336528172742266;7336519057594656
3;8287;7336522066724032;7336523900198842
3;8288;7336527166517795;7336528902899150
3;8289;7336532216408626;7336533906645668
3;8290;7336537315909953;7336538914664517
3;8291;7336542415873051;7336543904042189
3;8292;7336547515821437;7336548912913703
3;8293;7336552615790755;7336553916123629
3;8294;7336557715754031;7336558905637047
3;8295;7336562815739899;7336563912449126
3;8296;7336567915720867;7336568917019162
3;8297;7336573015686422;7336573907260218
3;8298;7336578115682925;7336578913700437
3;8299;7336583215569324;7336583906047875
3;8300;7336588315560013;7336588907707936
3;8301;7336593415572513;7336593912754174
3;8302;7336598515592644;7336598917149115
2;8311;7336608406065412;7336601327172989
3;8303;7336603615670665;7336603913905681
0;8312;7336613157001679;7336605061576137
1;8312;7336612500496844;7336608424787816
3;8304;7336608715677507;7336608909353754
3;8305;7336613815723697;7336613921129920
3;8306;7336618915747782;7336618909220257
2;8315;7336628423006573;7336623694701253
3;8307;7336624015735594;7336623910588979
3;8308;7336629115710354;7336628914893238
3;8309;7336634215657449;7336633905042440
3;8310;7336639315595578;7336638907199139
3;8311;7336644415547139;7336643912818268
3;8312;7336649515644083;7336648916818733
3;8313;7336654615597724;7336653906956604
3;8314;7336659715558692;7336658912779018
3;8315;7336664815652125;7336663916957371
3;8316;7336669915588187;7336668907774248
3;8317;7336675015429298;7336673904049669
3;8318;7336680115432177;7336678909420923
3;8319;7336685215439557;7336683917023718
3;8320;7336690315272641;7336688905365412
3;8321;7336695415256141;7336693906092954
3;8322;7336700515251031;7336698909827367
3;8323;7336705615251820;7336703917181457
3;8324;7336710715266944;7336708905574379
3;8325;7336715815259777;7336713906733042
2;8334;7336723428259316;7336716904346421
3;8326;7336720914938984;7336718911973540
3;8327;7336726014609667;7336723901164729
3;8328;7336731114286525;7336728905000515
3;8329;7336736214306438;7336733927017276
1;8338;7336742494737189;7336735038960471
3;8330;7336741264226349;7336738914504058
1;8339;7336747480855423;7336742038707456
3;8331;7336746363546660;7336743916500369
3;8332;7336751463514648;7336748911188075
3;8333;7336756563639145;7336753913759056
3;8334;7336761663792443;7336758918898086
3;8335;7336766763792337;7336763911505477
3;8336;7336771863763059;7336768914530749
3;8337;7336776963862194;7336773919958585
3;8338;7336782063830573;7336778910273250
1;8347;7336787473960008;7336782353231987
3;8339;7336787163771697;7336783910325187
1;8348;7336792494264787;7336786193103180
2;8348;7336793423549779;7336786289991176
3;8340;7336792263880684;7336788917651020
1;8349;7336797504951378;7336790462829807
3;8341;7336797363827606;7336793907729776
3;8342;7336802463746102;7336798911546231
2;8351;7336808434236120;7336802389069094
3;8343;7336807563794469;7336803914088198
2;8352;7336813447267397;7336808067666877
3;8344;7336812663725123;7336808905980256
3;8345;7336817763778756;7336813908641357
3;8346;7336822863878897;7336818918526827
3;8347;7336827963780291;7336823904701526
3;8348;7336833063768543;7336828905932602
3;8349;7336838163764502;7336833909352402
3;8350;7336843263751245;7336838914967858
3;8351;7336848363743059;7336843903715547
3;8352;7336853463723777;7336848907520676
3;8353;7336858563734890;7336853915738227
3;8354;7336863663731889;7336858917112778
2;8363;7336868468616732;7336863214443748
3;8355;7336868763512145;7336863907330046
1;8364;7336872503262605;7336866939208314
3;8356;7336873863519526;7336868913662314
3;8357;7336878963354092;7336873902132489
2;8366;7336883473202248;7336877992723670
3;8358;7336884013275414;7336878911393841
3;8359;7336889112592817;7336883913902760
3;8360;7336894212529580;7336888902209150
1;8369;7336897467808161;7336889104749160
3;8362;7336904362736517;7336903929261268
3;8363;7336909463375164;7336903976429109
3;8364;7336914513315964;7336908904615807
3;8365;7336919513136412;7336913909762493
3;8366;7336924562127532;7336918910942121
3;8367;7336929612018660;7336923905056920
3;8368;7336934662040228;7336928906334566
3;8369;7336939712055082;7336933911683413
1;8380;7336952480184568;7336946640569303
3;8371;7336949812133225;7336948925621635
3;8372;7336954862834924;7336948977960705
3;8373;7336959912871996;7336953916860801
3;8374;7336964962912774;7336958921226509
3;8375;7336970012771770;7336963908362674
1;8384;7336972471853266;7336967323803830
3;8377;7336980112824893;7336978922815091
3;8379;7336990212621722;7336988898380430
3;8380;7336995312563767;7336993904393577
3;8381;7337000412535292;7336998909386075
3;8382;7337005512497551;7337003913024547
3;8383;7337010612589388;7337008917128921
3;8384;7337015712527064;7337013905565203
3;8385;7337020812446102;7337018908556436
3;8386;7337025912503543;7337023913682282
3;8387;7337031012414561;7337028903945175
3;8388;7337036062378638;7337033908496286
3;8389;7337041112351182;7337038913442976
3;8390;7337046162302190;7337043902929625
3;8391;7337051212418440;7337048911823823
3;8393;7337061312780905;7337063939145540
3;8394;7337066363576140;7337063986169276
0;8404;7337073132325033;7337065261524878
3;8395;7337071413558221;7337068912872529
3;8396;7337076463540339;7337073902254068
3;8397;7337081513354706;7337078894350283
0;8407;7337088140717324;7337082291081823
3;8398;7337086563329038;7337083913556827
3;8399;7337091613447222;7337088917455342
3;8400;7337096663394573;7337093907184246
1;8410;7337102495867862;7337098340601442
3;8401;7337101713333711;7337098910933010
3;8402;7337106763260797;7337103899968925
1;8412;7337112496242207;7337107176821845
3;8403;7337111813203290;7337108907949562
2;8413;7337118479770618;7337113214493332
1;8414;7337122509657144;7337117979354199
1;8415;7337127501276137;7337121781525423
3;8405;7337121913351764;7337123920895380
3;8406;7337126964101453;7337123982676893
3;8407;7337132014052582;7337128907867149
3;8408;7337137064014399;7337133913330842
3;8409;7337142113920964;7337138904562184
3;8410;7337147163916771;7337143908934404
3;8411;7337152213824047;7337148911857642
3;8412;7337157263915933;7337153918408802
3;8413;7337162313875529;7337158906548760
3;8414;7337167363816333;7337163908973630
3;8415;7337172413924216;7337168915830828
2;8425;7337178484135922;7337171341898964
3;8416;7337177463905541;7337173905331594
3;8418;7337187563961645;7337188918428828
3;8419;7337192614430031;7337188963657322
1;8429;7337197509962611;7337189872916280
3;8420;7337197664311246;7337193895078105
3;8421;7337202721400722;7337199621726702
3;8422;7337207771390819;7337203915967021
3;8423;7337212821377613;7337208906453689
3;8424;7337217871418259;7337213908114248
3;8425;7337222921434426;7337218911037706
3;8426;7337227971404234;7337223914004431
0;8436;7337233159581778;7337226602137799
3;8427;7337233021394779;7337228904419864
3;8428;7337238071487549;7337233915369921
0;8438;7337243156481914;7337237705987498
3;8429;7337243121511677;7337238912240249
3;8430;7337248171487496;7337243914763255
3;8431;7337253221610744;7337248917899280
3;8432;7337258271615908;7337253907249371
3;8433;7337263321591969;7337258909579798
3;8435;7337273421863999;7337273928367519
3;8436;7337278472575451;7337273976145771
3;8437;7337283522462381;7337278915710203
3;8438;7337288572390739;7337283907339720
3;8439;7337293622362528;7337288913679253
3;8440;7337298672448320;7337293919767430
3;8441;7337303722397695;7337298908696561
3;8443;7337313822674540;7337313946582546
3;8444;7337318873579606;7337314002012013
3;8445;7337323923562051;7337318912775113
3;8446;7337328973538150;7337323917568554
1;8456;7337332524914875;7337328619636128
3;8447;7337334023677417;7337328924199926
3;8448;7337339073689682;7337333911551823
3;8449;7337344123650442;7337338913726954
1;8459;7337347549949469;7337341883723562
3;8450;7337349173638205;7337343906506082
1;8460;7337352534296992;7337346568378457
3;8451;7337354223606481;7337348908373860
1;8461;7337357537964726;7337349457361743
3;8452;7337359273642935;7337353917733649
1;8462;7337362509861804;7337354711874163
2;8462;7337363478425795;7337356007778585
3;8453;7337364323675224;7337358909208920
2;8463;7337368455020974;7337359461612588
1;8463;7337367508993807;7337361109734146
3;8454;7337369373733206;7337363914439734
1;8464;7337372509612180;7337364020386016
2;8464;7337373455474194;7337368544079964
1;8465;7337377496020838;7337371343846980
2;8466;7337383437458495;7337376621410850
3;8456;7337379473862908;7337378931496947
3;8457;7337384524599553;7337378978366119
3;8458;7337389574568892;7337383902866504
3;8459;7337394624576477;7337388910110928
3;8460;7337399674571113;7337393914431422
3;8461;7337404724717795;7337398918383581
3;8462;7337409774751802;7337403910921454
3;8463;7337414824736893;7337408914247416
3;8464;7337419874730680;7337413916491445
3;8465;7337424924729391;7337418907201317
3;8466;7337429974716096;7337423912332664
3;8467;7337435024878381;7337428918360951
3;8468;7337440074842143;7337433907769967
3;8469;7337445124785138;7337438908202177
3;8470;7337450174882021;7337443911897587
3;8471;7337455174749836;7337448916042649
3;8472;7337460224025322;7337453903977837
3;8473;7337465274075556;7337458909638988
1;8483;7337467487607380;7337461447695804
3;8474;7337470324161651;7337463918372090
2;8484;7337473397246648;7337464487478822
1;8484;7337472490032265;7337466707217101
3;8475;7337475374107597;7337468905536736
1;8485;7337477479476424;7337471059237441
2;8485;7337478408409102;7337472447009345
3;8476;7337480424162528;7337473910549996
1;8487;7337487464871302;7337478995471091
3;8478;7337490524539190;7337488944000647
3;8479;7337495575480109;7337489005775402
3;8480;7337500575525368;7337493930147744
3;8481;7337505624815398;7337498906963686
1;8491;7337507456626408;7337501778996630
3;8482;7337510674841226;7337503919443550
1;8492;7337512422491569;7337504114842699
3;8483;7337515724810199;7337508918123734
3;8484;7337520774798994;7337513907242256
3;8485;7337525774700916;7337518913007195
3;8486;7337530774890098;7337523917298551
3;8487;7337535774941618;7337528909545562
2;8497;7337538436279505;7337533185386946
1;8497;7337537428554344;7337533809848008
3;8488;7337540774958409;7337533911065216
3;8489;7337545774980733;7337538915257012
3;8490;7337550774876334;7337543906689070
2;8500;7337553447547475;7337547833505936
3;8491;7337555774939585;7337548911890309
3;8492;7337560775027730;7337553917370916
3;8493;7337565774968031;7337558907712368
3;8494;7337570775060765;7337563913218743
3;8495;7337575775012422;7337568903661920
3;8496;7337580774971880;7337573909388821
3;8497;7337585775063420;7337578912083470
3;8498;7337590775119252;7337583917407114
3;8499;7337595724811059;7337588908326215
3;8500;7337600724079570;7337593913020205
0;8510;7337603148304457;7337595939669274
3;8501;7337605724101201;7337598915035598
2;8511;7337608487370198;7337603385163892
3;8502;7337610724270764;7337603919210380
3;8503;7337615724510647;7337608918338628
3;8504;7337620724639656;7337613926457776
3;8505;7337625724756024;7337618929092057
1;8515;7337627430030387;7337622157035135
3;8506;7337630724825056;7337623914087505
1;8516;7337632433776288;7337624368874678
3;8507;7337635724907057;7337628919133077
3;8508;7337640725147876;7337633924050928
1;8518;7337642467229300;7337638369297729
3;8509;7337645725240992;7337638917261172
2;8519;7337648487604847;7337642363274287
1;8519;7337647501804387;7337642477157903
3;8510;7337650675276598;7337643924455775
3;8511;7337655674737779;7337648928794954
1;8521;7337657540321283;7337653260071893
3;8512;7337660674807858;7337653914875159
2;8522;7337663507224658;7337658694056360
1;8522;7337662565877836;7337658809340675
3;8513;7337665674791334;7337658911678522
1;8523;7337667577709412;7337662393690994
3;8514;7337670674885180;7337663913946596
1;8524;7337672548913897;7337664102472937
3;8515;7337675675023607;7337668922777086
2;8525;7337678483757951;7337668934569222
3;8516;7337680674998815;7337673909378446
2;8526;7337683491750982;7337677067724342
3;8517;7337685674971421;7337678915669493
3;8518;7337690675143439;7337683923750562
3;8519;7337695675335471;7337688928176746
1;8529;7337697576572475;7337691870684533
3;8520;7337700675528764;7337693935160229
3;8521;7337705675677898;7337698920244951
2;8531;7337708502084421;7337702594328597
3;8522;7337710625560844;7337703906723363
1;8532;7337712554430902;7337704336433397
3;8523;7337715625003579;7337708907931002
3;8524;7337720625233124;7337713918032691
3;8525;7337725618262976;7337718924711896
3;8526;7337730618191598;7337723908829222
1;8536;7337732531515145;7337724154731658
3;8527;7337735618373006;7337728924594552
3;8528;7337740618529490;7337733923762712
3;8529;7337745618720191;7337738930107784
2;8539;7337748504978401;7337743636420593
3;8530;7337750618576640;7337743899649402
3;8531;7337755618570149;7337748903770718
3;8532;7337760618612307;7337753919585709
3;8533;7337765618576061;7337758908615710
3;8534;7337770618567265;7337763913883698
3;8535;7337775618423648;7337768903537727
3;8536;7337780618438931;7337773908777663
3;8537;7337785618472451;7337778912931818
3;8538;7337790568393665;7337783920489088
3;8539;7337795567709271;7337788907706263
3;8540;7337800567659820;7337793910765095
3;8541;7337805567754496;7337798916807482
3;8542;7337810567653743;7337803903603930
3;8543;7337815567508524;7337808905245314
3;8544;7337820567561920;7337813914036279
3;8545;7337825517251621;7337818915552612
3;8546;7337830516438646;7337823920714507
3;8547;7337835516430275;7337828911937923
3;8548;7337840516409861;7337833915527146
3;8549;7337845516359793;7337838919192969
1;8559;7337847534113482;7337839360939516
3;8550;7337850516354579;7337843911030661
3;8551;7337855516362474;7337848914516433
0;8561;7337858146232643;7337851450962762
3;8552;7337860516463414;7337853916600035
1;8562;7337862562651816;7337856854573539
3;8553;7337865516471150;7337858909147413
3;8554;7337870516383799;7337863908998511
3;8555;7337875516396506;7337868910479640
3;8556;7337880516234321;7337873898221113
3;8557;7337885466398605;7337878947925393
0;8567;7337888150027688;7337882413343028
3;8558;7337890465696536;7337883908159104
3;8559;7337895465800860;7337888913298902
3;8560;7337900465883811;7337893918405901
3;8561;7337905465805064;7337898906556681
3;8562;7337910465718939;7337903909771199
3;8563;7337915465772736;7337908916301182
3;8564;7337920465698255;7337913906799426
3;8565;7337925465684769;7337918915142830
3;8566;7337930465795036;7337923918227931
3;8567;7337935465705388;7337928903367822
3;8568;7337940465611027;7337933908924915
3;8569;7337945465682793;7337938914946540
2;8579;7337948516879023;7337942647765338
3;8570;7337950465771418;7337943917064598
3;8571;7337955465758202;7337948910575976
3;8572;7337960465742464;7337953914469044
3;8573;7337965465862587;7337958915990050
3;8574;7337970465845079;7337963907888243
3;8575;7337975465639880;7337968897852224
3;8576;7337980465568343;7337973898382869
3;8577;7337985465499916;7337978903707201
3;8578;7337990415117919;7337983905801075
3;8579;7337995414164479;7337988910431333
3;8580;7338000414031962;7337993916896146
3;8581;7338005414036854;7337998907452972
3;8582;7338010413940896;7338003909847672
1;8592;7338012536659196;7338004126452905
2;8592;7338013528100622;7338007983703844
3;8583;7338015413770388;7338008901072961
3;8584;7338020413754675;7338013905670911
3;8585;7338025413747763;7338018912315940
2;8595;7338028523665263;7338021619569314
3;8586;7338030413718061;7338023914328456
3;8587;7338035413808515;7338028918590858
3;8588;7338040413773885;7338033907602414
3;8589;7338045413767960;7338038914664312
3;8590;7338050413885306;7338043918423759
3;8591;7338055413848356;7338048908195170
1;8601;7338057578710528;7338053347860223
3;8592;7338060413814781;7338053914013420
3;8593;7338065413768538;7338058903087879
3;8594;7338070413734332;7338063909798293
3;8595;7338075413864236;7338068916652195
2;8605;7338078519186090;7338071215239461
3;8596;7338080413857825;7338073908747773
3;8597;7338085413844311;7338078910732173
3;8598;7338090413839773;7338083916953494
3;8599;7338095413842228;7338088908571649
3;8600;7338100413832474;7338093912044712
3;8601;7338105413894883;7338098921276573
3;8602;7338110413876608;7338103917382956
3;8603;7338115413805170;7338108911194710
1;8613;7338117604141804;7338111872369640
3;8604;7338120413699982;7338113915939065
3;8605;7338125413604982;7338118919592031
1;8615;7338127626922966;7338121297100064
3;8606;7338130413713641;7338123924953285
1;8616;7338132656400654;7338126941856798
3;8607;7338135413684032;7338128916172152
3;8608;7338140413473279;7338133902975618
3;8609;7338145413431137;7338138913047025
0;8619;7338148112838700;7338139467157252
3;8610;7338150413219548;7338143903296933
3;8611;7338155413041943;7338148911034488
3;8612;7338160412849239;7338153895604683
1;8622;7338162683155844;7338157000370317
0;8622;7338163126940484;7338157693859551
3;8613;7338165412888493;7338158915603867
3;8614;7338170412809266;7338163906023919
3;8615;7338175412700216;7338168911872107
1;8625;7338177678788388;7338170185085732
3;8616;7338180412751140;7338173914470737
1;8626;7338182697949868;7338176786693013
3;8617;7338185412640308;7338178904586300
1;8627;7338187717349656;7338181282440317
3;8618;7338190412513678;7338183911087591
3;8619;7338195412372723;7338188914081211
1;8630;7338202735329846;7338196120512484
3;8621;7338205462336297;7338203931517593
3;8622;7338210462933229;7338203979938018
1;8632;7338212761383132;7338206606773169
3;8623;7338215463111665;7338208924567030
3;8624;7338220463147086;7338213911473112
3;8625;7338225463152547;7338218918578809
3;8626;7338230462977021;7338223907159415
2;8636;7338233533661705;7338227415663834
3;8627;7338235462987643;7338228909891378
3;8628;7338240462908291;7338233916659312
3;8630;7338250512822801;7338248915213747
3;8631;7338255562583763;7338253906204140
3;8632;7338260612710543;7338258912327305
3;8633;7338265662831372;7338263915853601
3;8635;7338275762973471;7338278933795650
3;8636;7338280813849990;7338278996267707
3;8637;7338285863793417;7338283908226487
3;8638;7338290913874566;7338288911652712
1;8649;7338297806303219;7338293493606271
3;8639;7338295963960329;7338293917353877
3;8641;7338306063998154;7338308916714186
3;8642;7338311163838957;7338313904569422
3;8643;7338316263861299;7338318909940453
3;8644;7338321363778866;7338323902521662
3;8645;7338326463672745;7338328906195424
3;8646;7338331563742568;7338333910586191
3;8647;7338336663705787;7338338901567280
3;8648;7338341763601667;7338343903624287
3;8649;7338346863529161;7338348908302086
1;8661;7338357828972425;7338353813014792
3;8650;7338351963463713;7338353914169659
3;8651;7338357063372326;7338358902799214
3;8652;7338362163292366;7338363907531102
3;8653;7338367263201001;7338368910056501
3;8654;7338372363263137;7338373917244105
3;8655;7338377463177061;7338378905908909
3;8656;7338382563118057;7338383910699627
3;8657;7338387663175818;7338388914923489
3;8658;7338392763161617;7338393907578405
3;8659;7338397863152635;7338398909581444
3;8660;7338402963331176;7338403916075187
3;8661;7338408062905181;7338408905326089
3;8662;7338413162924951;7338413910136255
3;8663;7338418262966844;7338418917488268
1;8675;7338427846992712;7338421225819753
1;8676;7338432820452259;7338424104736175
1;8677;7338437849425763;7338431970315419
3;8665;7338428413071858;7338433928907199
3;8666;7338433513910883;7338433990459281
1;8678;7338442851028196;7338434258279937
3;8667;7338438613994737;7338438918156590
2;8679;7338448555241816;7338441247783920
1;8679;7338447873590143;7338441456170110
3;8668;7338443713912660;7338443908093539
2;8680;7338453558260767;7338446651454348
3;8669;7338448813974314;7338448912964704
3;8670;7338453914000803;7338453917791710
1;8684;7338472901836406;7338466962055140
3;8672;7338464064024325;7338468920580127
3;8673;7338469164665164;7338468967451608
3;8674;7338474264695762;7338473911984755
3;8675;7338479364698386;7338478915208994
3;8676;7338484464579949;7338483905220908
3;8677;7338489564758486;7338488928429636
3;8678;7338494664766056;7338493915226031
3;8679;7338499764663868;7338498905771314
3;8680;7338504864699092;7338503911410742
3;8681;7338509964874847;7338508915427523
3;8682;7338515064975873;7338513908485448
3;8683;7338520165065381;7338518912658034
3;8684;7338525265041596;7338523903422459
3;8685;7338530365029437;7338528909215412
1;8697;7338537935382796;7338532707209376
3;8686;7338535465010726;7338533915025012
1;8698;7338542929370345;7338536403166192
3;8687;7338540564982112;7338538904591592
3;8688;7338545664938228;7338543905459348
3;8689;7338550764988874;7338548906137441
3;8690;7338555865178518;7338553924635312
3;8691;7338560965197418;7338558914206006
1;8704;7338572926604991;7338567120319711
3;8694;7338576172105139;7338584605100558
3;8695;7338581329796253;7338584687702509
3;8697;7338591488500160;7338594777992971
3;8698;7338596597807916;7338594845439908
1;8710;7338602941294232;7338598267230607
3;8699;7338601697605773;7338598898209403
1;8711;7338607928495414;7338601411740544
3;8700;7338606797568855;7338603904503495
3;8701;7338611897516799;7338608908807689
3;8702;7338616997631515;7338613914559516
3;8703;7338622097601176;7338618906764262
1;8715;7338627931334708;7338622443647528
3;8704;7338627197543107;7338623910845255
1;8716;7338632931505736;7338626571236358
3;8705;7338632297601316;7338628914568778
3;8706;7338637397553599;7338633905960498
3;8707;7338642497478566;7338638909450207
1;8719;7338647945662527;7338642610452510
3;8708;7338647597517905;7338643912505492
1;8720;7338652967857599;7338646213490144
2;8720;7338653574102638;7338646450278825
3;8709;7338652697441916;7338648904445982
1;8721;7338657952341503;7338649017585087
3;8710;7338657797329407;7338653910025489
1;8722;7338662941457134;7338657564895484
0;8723;7338668162997368;7338662697340615
3;8712;7338667947238787;7338668908320921
1;8725;7338677925105836;7338671791673828
3;8713;7338673097289210;7338673916237158
3;8714;7338678247185992;7338678905617169
3;8715;7338683397121366;7338683913129316
3;8716;7338688547061382;7338688918954865
1;8729;7338697926163145;7338692059614658
3;8717;7338693697122318;7338693922265896
1;8730;7338702907909828;7338696600223272
3;8718;7338698847197769;7338698910520613
3;8719;7338703997211827;7338703914452880
3;8720;7338709147216172;7338708903731276
1;8733;7338717935440655;7338713792100238
3;8721;7338714297220682;7338713911485570
3;8722;7338719447415848;7338718915121314
3;8723;7338724597317460;7338723905765279
3;8724;7338729747373379;7338728911615781
3;8725;7338734897426717;7338733917206044
1;8739;7338747914344859;7338740579824690
3;8727;7338745097450234;7338748916822408
3;8728;7338750248043357;7338748963898657
3;8729;7338755397985906;7338753905342587
3;8730;7338760547937352;7338758909225583
3;8731;7338765647795274;7338763917309898
3;8732;7338770797057147;7338768906125187
3;8733;7338775946918249;7338773910677191
3;8734;7338781096947064;7338778914354962
1;8747;7338787924769809;7338781243750474
3;8735;7338786246795178;7338783903390102
3;8736;7338791396813330;7338788908974556
3;8737;7338796546886474;7338793917205810
3;8738;7338801696906328;7338798918644597
3;8739;7338806796850080;7338803909588869
3;8740;7338811896929683;7338808914164319
3;8741;7338816996983648;7338813917723913
3;8742;7338822096894249;7338818906913681
3;8743;7338827146663743;7338823910745085
3;8744;7338832245873408;7338828917234168
3;8745;7338837345848177;7338833905703282
3;8746;7338842445829539;7338838909788924
3;8747;7338847545816932;7338843916093174
3;8748;7338852595758095;7338848910830647
3;8749;7338857645808498;7338853909609631
3;8750;7338862695896044;7338858918695094
3;8751;7338867745923224;7338863905239660
3;8752;7338872795963144;7338868910187408
2;8765;7338878591471487;7338873511628798
3;8753;7338877846029391;7338873917210992
3;8754;7338882896078994;7338878906527559
3;8755;7338887946179360;7338883913660892
3;8756;7338892996124759;7338888902842014
3;8757;7338898045953236;7338893897017429
3;8758;7338903096083667;7338898915842272
3;8759;7338908146107314;7338903909895624
3;8760;7338913195962081;7338908895533294
3;8761;7338918245924591;7338913913495107
3;8763;7338928346001728;7338928913622545
3;8764;7338933396772044;7338928987731292
3;8765;7338938446666048;7338933904323867
3;8766;7338943496702991;7338938911272813
1;8779;7338947944418900;7338942287538347
3;8767;7338948546747251;7338943914007425
2;8780;7338953610480696;7338948755413412
3;8768;7338953596795681;7338948920918139
3;8769;7338958646859636;7338953911721593
2;8782;7338963573044997;7338954575829987
3;8770;7338963696937229;7338958917895444
3;8771;7338968746817432;7338963905508536
3;8772;7338973746631768;7338968910340911
1;8785;7338977948408046;7338971727576689
3;8773;7338978795884961;7338973915778442
1;8786;7338982956751101;7338978651657152
3;8774;7338983845751064;7338978904766922
3;8775;7338988895597971;7338983892784199
3;8776;7338993945619855;7338988915153211
3;8777;7338998995654520;7338993921258206
3;8778;7339003995576639;7338998912792099
1;8791;7339007935517824;7338999642111545
3;8779;7339009045072165;7339003917004245
0;8792;7339013187718112;7339008643572474
3;8780;7339014095011398;7339008905908131
3;8782;7339024195076489;7339023921718114
3;8783;7339029245696847;7339023967256658
3;8784;7339034295527388;7339028911483734
3;8785;7339039345547825;7339033917269638
3;8786;7339044395581855;7339038909174387
3;8787;7339049445571483;7339043910373577
3;8788;7339054495602794;7339048918558486
0;8801;7339058196426742;7339053051886631
2;8801;7339058582628493;7339053211767388
0;8802;7339063198897060;7339056363645929
2;8802;7339063569712980;7339056840939052
3;8790;7339064595674212;7339063915627365
3;8791;7339069646520559;7339063997292802
3;8792;7339074696535831;7339068904949481
3;8793;7339079746528150;7339073908447359
3;8794;7339084796528012;7339078915011148
3;8795;7339089846665471;7339083918337375
3;8796;7339094896667726;7339088905685052
3;8797;7339099946735460;7339093912910865
3;8798;7339104996656082;7339098916697514
3;8799;7339110046574552;7339103906052966
3;8801;7339120039741476;7339118921792839
3;8802;7339125032536867;7339118967241663
1;8815;7339127914920714;7339119027060430
3;8803;7339130023866296;7339123910935893
3;8804;7339135064571218;7339128915932003
3;8805;7339140114667475;7339133907835149
3;8806;7339145164768481;7339138914604102
3;8807;7339150214711044;7339143903063891
3;8808;7339155264670856;7339148910540654
3;8809;7339160314732879;7339153912966678
3;8810;7339165364631670;7339158900724319
3;8811;7339170414543469;7339163905748728
3;8812;7339175464597989;7339168911412474
0;8825;7339178211192847;7339173793441699
3;8813;7339180514534936;7339173903144908
0;8826;7339183175488951;7339174955183138
3;8814;7339185564486898;7339178907701669
3;8815;7339190614546359;7339183910392060
3;8816;7339195664620420;7339188917431556
3;8817;7339200664613976;7339193907676629
3;8818;7339205664596937;7339198914533074
3;8819;7339210664582021;7339203904125706
3;8820;7339215664568855;7339208911812609
3;8821;7339220664535649;7339213915634290
3;8822;7339225664337636;7339218902464536
3;8824;7339235714539254;7339233930682346
3;8825;7339240715320394;7339233992567018
3;8826;7339245715305714;7339238902263156
3;8827;7339250715286591;7339243909573396
3;8828;7339255715280289;7339248914491136
3;8829;7339260715279643;7339253905700716
3;8830;7339265715260155;7339258909666799
3;8831;7339270715231343;7339263914324937
0;8844;7339273166225079;7339265732825632
3;8832;7339275665103822;7339268904070381
3;8833;7339280664523256;7339273905842150
3;8834;7339285664589638;7339278911980622
3;8835;7339290664656297;7339283915891410
3;8836;7339295664658774;7339288917557607
1;8849;7339297947526280;7339292460257528
3;8837;7339300664660378;7339293906285441
3;8838;7339305664668152;7339298911454729
3;8839;7339310664689640;7339303916503748
2;8852;7339313584502408;7339307827296315
3;8840;7339315664701309;7339308904557246
3;8841;7339320664558940;7339313894737516
3;8842;7339325664485635;7339318909875380
1;8855;7339327937743421;7339321424529621
0;8855;7339328178791145;7339323294536874
3;8843;7339330664375411;7339323907622183
3;8844;7339335664426232;7339328914671099
1;8857;7339337959488943;7339331289179026
3;8845;7339340664466196;7339333918160745
3;8846;7339345664395549;7339338910659230
3;8847;7339350664462171;7339343913575617
3;8848;7339355664547480;7339348919275980
3;8849;7339360664472824;7339353909768723
3;8850;7339365664564669;7339358914887647
3;8851;7339370664528877;7339363906209611
3;8852;7339375664441431;7339368907348738
3;8853;7339380664447354;7339373911422898
3;8854;7339385664388887;7339378903763048
3;8855;7339390664282482;7339383908054684
3;8857;7339400714433519;7339398920343443
3;8858;7339405715013897;7339398968225000
3;8859;7339410714936539;7339403909475203
1;8872;7339412962664882;7339406939348698
3;8860;7339415715021760;7339408915049789
3;8861;7339420714924140;7339413903898902
3;8862;7339425714995983;7339418910026413
3;8864;7339435765356154;7339433933034414
3;8865;7339440766152489;7339433995475855
3;8866;7339445766130835;7339438907730207
3;8867;7339450766293766;7339443911826438
3;8868;7339455766323978;7339448916516232
1;8881;7339457971790615;7339451415066996
3;8869;7339460716242451;7339453905469994
3;8870;7339465715459507;7339458909436873
3;8871;7339470715551017;7339463913474894
3;8872;7339475715592858;7339468915456919
3;8873;7339480715512931;7339473906014666
3;8874;7339485715412046;7339478910829666
3;8875;7339490715450563;7339483915573285
3;8876;7339495715311604;7339488903999646
3;8877;7339500715340710;7339493908419013
3;8878;7339505715405185;7339498916788456
3;8879;7339510715437137;7339503918973525
3;8880;7339515715461594;7339508907212562
3;8881;7339520715680475;7339513914672216
3;8882;7339525715706336;7339518917739250
3;8883;7339530715570419;7339523907666560
3;8884;7339535715580439;7339528913794049
0;8897;7339538193313997;7339532967711708
2;8897;7339538580549253;7339533079756015
1;8897;7339537986590554;7339533527700003
3;8885;7339540715435654;7339533902525662
3;8886;7339545715429132;7339538905255852
1;8899;7339548004770570;7339543234144229
3;8887;7339550665340306;7339543912835633
3;8888;7339555664840732;7339548917299392
3;8889;7339560664777453;7339553905155752
3;8891;7339570714613277;7339568900851935
1;8905;7339578028123299;7339571758191714
3;8892;7339575764450668;7339573892913593
3;8893;7339580814493499;7339578914656784
3;8894;7339585864338381;7339583903046610
3;8895;7339590864229704;7339588904759842
3;8896;7339595913355130;7339593909835353
3;8897;7339600963458497;7339598915286272
3;8898;7339606013424036;7339603905001106
3;8899;7339611063388751;7339608911482889
3;8900;7339616113370068;7339613916468994
3;8901;7339621163378417;7339618906520002
3;8902;7339626213321276;7339623907196852
1;8916;7339633042228927;7339628332946994
3;8903;7339631263309733;7339628915543324
3;8904;7339636313288092;7339633903888717
3;8905;7339641313201266;7339638913110160
3;8906;7339646362685907;7339643915706113
3;8907;7339651412763709;7339648918715995
3;8908;7339656462687246;7339653908285569
3;8909;7339661512721220;7339658911232472
3;8910;7339666562739086;7339663916390623
3;8911;7339671612786321;7339668907787412
3;8912;7339676662801129;7339673912021564
3;8914;7339686762780596;7339688910913277
3;8915;7339691862958580;7339693918522732
3;8916;7339696962946534;7339698904544176
3;8917;7339702062909198;7339703907678793
3;8918;7339707162966084;7339708908833355
3;8919;7339712263027804;7339713913873802
3;8920;7339717362958410;7339718903452495
3;8921;7339722462857965;7339723907386988
3;8922;7339727562907868;7339728912667080
1;8937;7339738049707306;7339732758674930
3;8923;7339732662937170;7339733917463197
3;8925;7339742813026655;7339748913074159
3;8926;7339747963099340;7339753919081091
1;8942;7339763026645804;7339754201474734
3;8927;7339753112907584;7339758896458747
3;8928;7339758263036786;7339763915384680
1;8944;7339773005492881;7339763970997885
2;8944;7339773544059546;7339764088716713
3;8929;7339763362934903;7339768920494234
3;8930;7339768512106811;7339773909757747
3;8931;7339773662241523;7339778915734512
3;8932;7339778812218111;7339783907232296
3;8933;7339783962167940;7339788909474068
3;8934;7339789112230376;7339793911944169
3;8935;7339794262336824;7339798920311725
3;8936;7339799412275964;7339803908238949
3;8937;7339804562385676;7339808915041462
3;8938;7339809712551968;7339813922471437
3;8939;7339814862530710;7339818909854831
3;8940;7339820012544716;7339823917292092
1;8956;7339833003166920;7339826223213408
3;8941;7339825162542235;7339828917309521
3;8942;7339830312511784;7339833903240399
3;8943;7339835462494172;7339838909693589
3;8944;7339840612475688;7339843914655236
3;8945;7339845762456392;7339848902627734
3;8946;7339850912584179;7339853907516223
1;8962;7339862983206086;7339854621607858
3;8947;7339856062625522;7339858914009753
3;8948;7339861212734295;7339863918499474
3;8949;7339866362626547;7339868903896384
3;8950;7339871512549711;7339873910477094
3;8951;7339876662586767;7339878914364880
3;8952;7339881812638103;7339883918709005
3;8953;7339886962540152;7339888909480958
3;8954;7339892112585219;7339893914275283
3;8955;7339897262766678;7339898933033331
3;8956;7339902412777132;7339903907255152
3;8957;7339907562809482;7339908910583511
3;8958;7339912712884608;7339913918935591
3;8959;7339917863324320;7339918947734191
3;8960;7339923013197370;7339923895359684
3;8961;7339928113177012;7339928918307545
3;8962;7339933262678015;7339933918325304
3;8963;7339938412684195;7339938910093257
3;8964;7339943562693193;7339943915949585
3;8965;7339948712896338;7339948924213341
2;8981;7339958542326913;7339951314452247
3;8966;7339953862937880;7339953914180691
1;8982;7339962988394774;7339956864155154
3;8967;7339958962806742;7339958919920347
3;8968;7339964111941134;7339963908915195
3;8969;7339969262016364;7339968915253096
1;8985;7339977983141469;7339970892315631
3;8970;7339974412084844;7339973918674258
3;8972;7339984612076934;7339988915725339
3;8973;7339989812103877;7339993908164322
3;8974;7339995012108366;7339998909885712
3;8976;7340005262243279;7340013926966306
3;8977;7340010463061477;7340013997276635
3;8978;7340015663159315;7340018915798586
3;8979;7340020863251822;7340023920080513
3;8980;7340026063167197;7340028907110727
3;8982;7340036313512088;7340043938488751
3;8983;7340041514281366;7340043985346727
3;8984;7340046714316100;7340048920261883
3;8985;7340051914316234;7340053918986975
3;8986;7340057114315099;7340058907099032
3;8987;7340062315094970;7340063992659389
0;9004;7340073210778304;7340067057358801
1;9004;7340072973156314;7340067426272405
3;8988;7340067514953952;7340068903637635
3;8989;7340072714981496;7340073910421006
3;8990;7340077914989949;7340078914639425
1;9007;7340087989661484;7340081689477438
2;9007;7340088546192006;7340082201310028
3;8991;7340083115174158;7340083920946565
2;9008;7340093548476497;7340086185228756
0;9008;7340093243153821;7340087512365600
3;8992;7340088315237571;7340088911597166
3;8993;7340093515271052;7340093916183678
3;8994;7340098715133261;7340098903520227
3;8995;7340103915162360;7340103908065833
3;8996;7340109065272150;7340108911830779
2;9013;7340118557380628;7340113486315590
3;8997;7340114215524874;7340113918186122
3;8998;7340119365456795;7340118907848998
1;9015;7340128001594593;7340123232018404
3;8999;7340124515540696;7340123911436668
0;9017;7340138221473696;7340130031741323
2;9017;7340138560763392;7340131708586926
3;9001;7340134715770990;7340138927789145
3;9002;7340139866585398;7340138991276190
1;9019;7340147991519750;7340141345747670
3;9003;7340145016606356;7340143917382185
3;9004;7340150166614484;7340148905813917
3;9005;7340155316614305;7340153911464982
3;9006;7340160466617204;7340158916758814
3;9007;7340165616587945;7340163903594114
0;9024;7340173247648152;7340167153053132
3;9008;7340170766571640;7340168905566291
1;9025;7340177995517983;7340171592926569
3;9009;7340175916549646;7340173913343857
3;9010;7340181066772925;7340178926216593
1;9027;7340188003421728;7340181253204326
3;9011;7340186216799735;7340183915791130
1;9028;7340193010832963;7340187680331832
1;9029;7340198042803639;7340192301816869
2;9030;7340203563761204;7340197522576398
3;9013;7340196416853878;7340198921120388
3;9014;7340201567393513;7340198972679657
1;9031;7340208043360543;7340201696259742
3;9015;7340206717443163;7340203913250611
3;9016;7340211867455512;7340208912467303
1;9035;7340228036794708;7340221667220362
3;9018;7340222067630614;7340223933900744
3;9019;7340227218362883;7340223981014307
3;9020;7340232368581898;7340228933923118
3;9021;7340237468534948;7340233906218229
3;9022;7340242568490900;7340238914117905
3;9023;7340247668495009;7340243904955096
3;9024;7340252768517057;7340248909883685
3;9025;7340257868421265;7340253899254064
3;9026;7340262968311315;7340258902878743
3;9027;7340268068375587;7340263909879652
3;9028;7340273168451828;7340268915011262
3;9029;7340278268513798;7340273918864174
3;9030;7340283368564874;7340278922570815
3;9031;7340288418571313;7340283913718056
3;9032;7340293468564577;7340288918407543
1;9049;7340298001957692;7340289856899787
3;9033;7340298518709725;7340293910973381
1;9050;7340303005345322;7340297515584780
3;9034;7340303568862950;7340298930707172
3;9035;7340308618841326;7340303918331867
1;9052;7340313009940742;7340308438896287
3;9036;7340313668841390;7340308909764149
3;9037;7340318718816320;7340313913227463
1;9054;7340323005510547;7340316338506039
3;9038;7340323768940236;7340318919623820
3;9039;7340328818946383;7340323910088831
3;9040;7340333868957699;7340328913075607
3;9041;7340338918964737;7340333921015634
3;9042;7340343968976456;7340338909410750
3;9043;7340349018951479;7340343912543844
3;9044;7340354068810927;7340348908416302
1;9061;7340358032532781;7340352575139459
3;9045;7340359118961293;7340353924891319
0;9062;7340363254553385;7340355047078727
2;9062;7340363585323891;7340357531112181
3;9046;7340364168935543;7340358914717185
3;9047;7340369218943974;7340363918152653
3;9048;7340374268974491;7340368906291972
3;9049;7340379319015835;7340373913827880
3;9050;7340384369057891;7340378918860823
3;9051;7340389419102893;7340383907127779
3;9053;7340399519436461;7340398940873146
3;9054;7340404570346263;7340399004990001
3;9055;7340409620292124;7340403913085679
3;9056;7340414670436419;7340408918325796
3;9058;7340424770683821;7340423935217375
3;9059;7340429821719796;7340424017962443
3;9060;7340434871603866;7340428907115882
3;9061;7340439921620790;7340433911173558
3;9062;7340444971849208;7340438937117106
3;9063;7340450022014985;7340443949611062
1;9080;7340453028171406;7340448183498683
3;9064;7340455072043085;7340448910065092
3;9065;7340460122097559;7340453916030995
3;9066;7340465172136125;7340458922792140
3;9067;7340470221746555;7340463908776907
3;9068;7340475271931722;7340468913876350
3;9069;7340480321919360;7340473917071312
1;9086;7340483028805366;7340476947119666
3;9070;7340485371976488;7340478924038089
3;9071;7340490421985235;7340483910967978
3;9072;7340495471969235;7340488914349444
3;9073;7340500521756279;7340493902917950
1;9090;7340503013608961;7340495048738111
3;9074;7340505571575766;7340498896129311
3;9075;7340510621527457;7340503915089258
3;9076;7340515671629780;7340508919147527
3;9077;7340520721558435;7340513908118476
3;9078;7340525771488220;7340518911652688
3;9079;7340530771531110;7340523920014402
3;9081;7340540821884872;7340538943540496
3;9083;7340550872940316;7340549015430095
3;9084;7340555824317756;7340549064710286
3;9085;7340560823416255;7340553907126420
0;9102;7340563257199324;7340557234881679
3;9086;7340565823356902;7340558909863457
1;9103;7340568038468777;7340561943343138
0;9103;7340568248856721;7340562551526432
2;9103;7340568604185359;7340563655606011
3;9087;7340570823322861;7340563916676388
3;9088;7340575823308561;7340568905680748
1;9105;7340578068134468;7340572678443381
3;9089;7340580773173411;7340573924973856
3;9090;7340585772476188;7340578915624485
1;9107;7340588071500831;7340581446370326
3;9091;7340590772461030;7340583918746100
3;9092;7340595772329524;7340588905836576
3;9093;7340600772365862;7340593910732864
3;9094;7340605771582543;7340598914327491
3;9095;7340610771734524;7340603918835601
3;9096;7340615771692421;7340608906210662
3;9097;7340620771821823;7340613927579762
2;9114;7340623609620556;7340616863392598
3;9098;7340625771785021;7340618917266359
0;9115;7340628246406221;7340621933158418
3;9099;7340630771740326;7340623907127606
3;9100;7340635771704238;7340628912574996
3;9101;7340640771806845;7340633913781004
3;9102;7340645771920756;7340638919456907
3;9103;7340650772072923;7340643927047630
3;9104;7340655772127931;7340648923686756
3;9105;7340660772347689;7340653929824724
3;9106;7340665772584453;7340658935113259
3;9107;7340670722512170;7340663920560737
3;9108;7340675721831282;7340668923187491
1;9125;7340678074876736;7340669357976565
3;9109;7340680721973896;7340673931643561
3;9110;7340685722258031;7340678934227265
1;9127;7340688086450316;7340682501205033
3;9111;7340690722372538;7340683922915582
1;9128;7340693090730582;7340686875722377
3;9112;7340695722508201;7340688930325150
3;9113;7340700722684146;7340693921188674
3;9114;7340705722893919;7340698926543539
3;9115;7340710723181623;7340703942114279
3;9116;7340715723328042;7340708940858525
3;9117;7340720723429265;7340713925913302
3;9118;7340725673479037;7340718926097622
3;9119;7340730673079488;7340723932724676
3;9120;7340735673166844;7340728921986165
3;9121;7340740673321992;7340733927982112
3;9122;7340745623282093;7340738929910781
3;9123;7340750622710732;7340743923878322
1;9140;7340753089652223;7340746599381391
3;9124;7340755622631752;7340748926025176
3;9125;7340760622709775;7340753914020598
3;9126;7340765622760279;7340758919168226
2;9143;7340768607875279;7340762783795869
3;9127;7340770622805518;7340763909479038
1;9144;7340773096887208;7340766782735892
3;9128;7340775623077201;7340768937051735
3;9129;7340780623279145;7340773919448437
3;9130;7340785623675082;7340778942472586
3;9131;7340790623884950;7340783930866247
3;9132;7340795623948502;7340788921366551
3;9133;7340800624009682;7340793924982177
3;9134;7340805624049976;7340798926600152
3;9135;7340810624254938;7340803934214243
3;9136;7340815624296000;7340808922513752
3;9137;7340820624406235;7340813921996830
3;9138;7340825624425395;7340818932623389
1;9155;7340828124481043;7340821754854520
3;9139;7340830624592582;7340823935050600
3;9140;7340835624940466;7340828944552552
3;9141;7340840624903852;7340833909565830
3;9142;7340845624862961;7340838915534661
3;9143;7340850624831930;7340843906985826
2;9160;7340853572699985;7340844551129981
3;9144;7340855624817711;7340848911653804
3;9145;7340860624769972;7340853916241643
3;9146;7340865624740463;7340858906459947
3;9147;7340870624720259;7340863910523353
3;9148;7340875624815369;7340868917927447
3;9149;7340880624653475;7340873908701968
3;9150;7340885624628868;7340878912256490
3;9151;7340890624671583;7340883922424225
3;9152;7340895624763656;7340888915499306
3;9153;7340900624735843;7340893911046619
3;9154;7340905624719666;7340898917243012
3;9155;7340910624712663;7340903906427564
3;9156;7340915574438248;7340908913431653
3;9157;7340920573409073;7340913902072462
3;9158;7340925573341481;7340918906326508
3;9159;7340930573274803;7340923911658248
2;9176;7340933569935891;7340926645906692
3;9160;7340935523070849;7340928914821851
3;9161;7340940521939284;7340933904805770
3;9162;7340945522137632;7340938926950774
3;9163;7340950522181706;7340943915580910
3;9164;7340955521923142;7340948911260802
3;9165;7340960521532045;7340953910501201
3;9166;7340965521586278;7340958915488368
3;9168;7340975571623302;7340973919733328
3;9169;7340980572087348;7340973969196758
3;9170;7340985572071635;7340978907205589
3;9171;7340990572061157;7340983912828711
3;9172;7340995571928873;7340988903842861
3;9173;7341000571764594;7340993907610136
2;9190;7341003583366088;7340997804331705
3;9174;7341005571789989;7340998913507433
3;9175;7341010571820460;7341003917396522
3;9176;7341015572102202;7341008931092285
3;9177;7341020572297085;7341013915617638
3;9178;7341025572198824;7341018905262930
3;9179;7341030571980229;7341023897288235
3;9180;7341035572081105;7341028918205862
3;9181;7341040572002912;7341033903833646
3;9183;7341050621968388;7341048916561917
3;9185;7341060622574170;7341059004118763
3;9186;7341065573093660;7341059067379200
3;9187;7341070571573710;7341063912715186
3;9188;7341075571676452;7341068917400683
3;9189;7341080571650432;7341073907261422
3;9190;7341085571598177;7341078911451032
3;9191;7341090571580669;7341083903930013
3;9802;7344145571514540;7344138918360866
3;9803;7344150571590582;7344143923228653
3;9804;7344155571739611;7344148933649056
3;9805;7344160571860122;7344153917887636
3;9806;7344165571862853;7344158911006070
3;9807;7344170571853650;7344163913407047
3;9808;7344175572249719;7344168958442388
3;9809;7344180572623657;7344173943604431
3;9810;7344185572805430;7344178945757033
3;9811;7344190573252628;7344183961986122
3;9812;7344195573471544;7344188929019151
3;9813;7344200573665117;7344193931932323
3;9814;7344205573923039;7344198939573074
3;9815;7344210574054962;7344203932649245
1;9834;7344223118499740;7344216180866357
3;9817;7344220624161614;7344218937712871
3;9818;7344225625095181;7344219017043492
3;9819;7344230625068920;7344223927198684
0;9836;7344233237101828;7344224436382588
3;9820;7344235625015907;7344228929811782
0;9837;7344238226492324;7344231798832539
3;9821;7344240625144591;7344233933429308
3;9822;7344245625202657;7344238928993993
3;9823;7344250625174301;7344243928807916
3;9824;7344255625407112;7344248957508225
3;9825;7344260625483277;7344253930532147
0;9842;7344263234669725;7344257020817924
3;9826;7344265625512873;7344258933284846
3;9827;7344270625668173;7344263936718550
3;9828;7344275625623886;7344268922115000
3;9829;7344280625471813;7344273926906897
3;9830;7344285625329390;7344278926616462
1;9847;7344288150990267;7344282363895281
3;9831;7344290625335075;7344283926481729
1;9848;7344293112169016;7344284927722918
3;9832;7344295625458668;7344288938456793
3;9833;7344300625552481;7344293942106126
0;9850;7344303258182625;7344296514244866
1;9850;7344303128329125;7344298773046222
3;9834;7344305625566363;7344298923374321
3;9835;7344310625752890;7344303946634693
3;9836;7344315625801559;7344308934777781
3;9837;7344320625754070;7344313919129460
3;9838;7344325625777853;7344318928403421
1;9855;7344328154225093;7344321958471380
3;9839;7344330625948302;7344323931065458
3;9840;7344335625954886;7344328919826875
3;9841;7344340626172840;7344333931274323
3;9842;7344345626129933;7344338932760975
3;9843;7344350626196745;7344343926129668
1;9860;7344353137509917;7344346697780263
3;9844;7344355626238065;7344348946604488
3;9845;7344360626271524;7344353934212238
3;9846;7344365626512052;7344358945419367
3;9848;7344375676665464;7344373940323286
3;9849;7344380677614559;7344374021509672
3;9850;7344385677667731;7344378939531425
3;9851;7344390677992001;7344383954940828
3;9852;7344395678161038;7344388938900602
1;9869;7344398148528059;7344393578972003
0;9872;7344413273282239;7344407553138201
0;9873;7344418275210889;7344411575734571
3;9855;7344410778555419;7344413972061454
3;9856;7344415829701202;7344414049628921
3;9857;7344420831388046;7344414113237156
3;9858;7344425831859590;7344418956720247
3;9859;7344430832078998;7344423937475354
3;9860;7344435832249050;7344428923991159
3;9861;7344440832482248;7344433934973517
3;9862;7344445832634435;7344438931460346
3;9863;7344450832821699;7344443925186281
1;9880;7344453114978948;7344444905160728
3;9864;7344455832964271;7344448924780661
1;9881;7344458094210322;7344451732478017
3;9865;7344460833117221;7344453933222346
1;9882;7344463080796908;7344456052349504
3;9866;7344465833250307;7344458922010518
1;9883;7344468080353358;7344459058117791
3;9867;7344470833495205;7344463936746389
3;9868;7344475833649821;7344468937885952
3;9869;7344480833798026;7344473930319907
3;9870;7344485833810664;7344478912310221
2;9887;7344488569579886;7344481412783437
3;9871;7344490833967228;7344483932899511
2;9888;7344493564742332;7344486815455819
3;9872;7344495834190006;7344488928705295
3;9873;7344500834489635;7344493943394387
2;9890;7344503546386047;7344494314078459
1;9890;7344503097170618;7344498552410685
3;9874;7344505834566332;7344498909742394
3;9875;7344510834645068;7344503914199983
3;9876;7344515834722034;7344508919355066
3;9877;7344520834881257;7344513930744051
3;9878;7344525834996260;7344518916306091
3;9879;7344530835334994;7344523960824078
3;9880;7344535835374459;7344528919527449
3;9881;7344540835677759;7344533941590862
3;9882;7344545835878144;7344538930539744
1;9899;7344548134803768;7344543099748531
3;9883;7344550836220787;7344543949752556
1;9900;7344553165394826;7344547213837371
3;9884;7344555786384553;7344548936109900
3;9885;7344560786048792;7344553935620782
3;9886;7344565786349715;7344558937297877
0;9903;7344568265288896;7344562184218309
1;9903;7344568196656881;7344562487145185
3;9887;7344570786568489;7344563934706063
1;9904;7344573191893358;7344566378221003
3;9888;7344575786778737;7344568924867732
3;9889;7344580787039822;7344573933718650
3;9890;7344585787245103;7344578934035587
3;9892;7344595837761093;7344593968995419
3;9893;7344600839039639;7344594058946864
3;9894;7344605839106022;7344598922255967
3;9895;7344610839141853;7344603908846007
3;9896;7344615839464876;7344608929590342
3;9897;7344620839453848;7344613917102931
3;9898;7344625839771782;7344618935627098
3;9899;7344630789918964;7344623931279993
3;9900;7344635739241690;7344628936391237
3;9901;7344640737910433;7344633934253591
3;9902;7344645738153564;7344638937028273
3;9903;7344650738113221;7344643913366488
3;9904;7344655738354477;7344648931386948
3;9905;7344660738525289;7344653928532211
3;9906;7344665738523340;7344658903735089
3;9907;7344670738402386;7344663906265410
3;9908;7344675738285033;7344668911493312
3;9909;7344680738103030;7344673915448823
3;9910;7344685737993518;7344678906936538
3;9911;7344690738252058;7344683936859872
3;9912;7344695738264689;7344688914670287
3;9913;7344700737751727;7344693907146131
3;9914;7344705737398031;7344698908234881
3;9915;7344710737024893;7344703908443455
3;9916;7344715736538093;7344708913306044
3;9917;7344720736272785;7344713902488300
3;9918;7344725736028544;7344718907508310
3;9919;7344730735738295;7344723910548337
3;9920;7344735735570819;7344728915901627
3;9921;7344740685253755;7344733906006556
3;9922;7344745684191954;7344738910863340
3;9923;7344750684080317;7344743916035060
3;9924;7344755683983007;7344748920080616
3;9925;7344760683729332;7344753908062109
3;9926;7344765683578609;7344758913921377
3;9927;7344770683480366;7344763918983700
3;9928;7344775682942834;7344768903755073
3;9929;7344780682728586;7344773909107292
3;9930;7344785682550236;7344778915449854
3;9931;7344790682398907;7344783921585704
3;9932;7344795682271782;7344788909402509
3;9933;7344800682146830;7344793914411616
1;9950;7344803219318630;7344796868979906
3;9934;7344805681950378;7344798906971252
3;9935;7344810681814406;7344803912884642
3;9936;7344815681624758;7344808919491969
2;9953;7344818532218894;7344812343981160
3;9937;7344820681295456;7344813909175890
2;9954;7344823521342650;7344816445513358
1;9954;7344823202176012;7344816633598645
3;9938;7344825681173591;7344818911187819
0;9955;7344828250756960;7344821264308523
3;9939;7344830680880019;7344823917277457
3;9940;7344835680577833;7344828904559196
3;9941;7344840680437614;7344833905107439
3;9942;7344845680248484;7344838909490480
3;9943;7344850680074633;7344843913680362
3;9944;7344855680026767;7344848915040346
3;9945;7344860679782676;7344853906865042
0;9962;7344863240874633;7344856173215429
2;9962;7344863516660118;7344856333198512
3;9946;7344865679596710;7344858914164569
2;9963;7344868499215892;7344861548223876
3;9947;7344870679367768;7344863903235283
3;9948;7344875679011775;7344868911005243
3;9949;7344880678832090;7344873916243785
3;9950;7344885678387238;7344878900934331
3;9951;7344890628116687;7344883913268089
3;9952;7344895627046857;7344888914526543
3;9953;7344900626726604;7344893907506093
3;9954;7344905626299721;7344898912252677
3;9955;7344910626079214;7344903916849890
3;9957;7344920575902504;7344918954390171
3;9958;7344925525478300;7344919007208736
1;9975;7344928199492719;7344921604040141
3;9959;7344930523480520;7344923913459105
3;9960;7344935522949354;7344928903603762
3;9961;7344940522654607;7344933908000676
3;9962;7344945522512215;7344938909752043
3;9963;7344950522325962;7344943916348060
0;9980;7344953263121541;7344947727713894
3;9964;7344955522174522;7344948916316296
3;9965;7344960521987868;7344953906520848
3;9966;7344965521720717;7344958898065610
3;9967;7344970521412947;7344963902445499
0;9984;7344973265088152;7344967988580485
3;9968;7344975521254796;7344968906195369
3;9969;7344980521007164;7344973911983282
3;9970;7344985520784750;7344978915644657
3;9971;7344990520691132;7344983920957979
3;9972;7344995520670644;7344988910261450
3;9973;7345000520490760;7344993914911127
3;9974;7345005520410243;7344998920653549
3;9975;7345010520067081;7345003909078163
3;9976;7345015520111731;7345008914207464
2;9994;7345023504162572;7345017926871974
3;9978;7345025570099313;7345023912958092
3;9979;7345030570514730;7345023960896954
3;9980;7345035570260989;7345028905370007
2;9997;7345038512732891;7345032305052337
3;9981;7345040570204765;7345033910683566
3;9982;7345045569754547;7345038915802208
1;9999;7345048221041971;7345043452025264
3;9983;7345050569623782;7345043906450982
3;9984;7345055569315784;7345048910790964
1;10001;7345058229207712;7345052758430879
3;9985;7345060569168232;7345053915784566
3;9986;7345065568878834;7345058920812829
3;9987;7345070568561772;7345063904403827
3;9988;7345075568299287;7345068909372230
3;9989;7345080568057724;7345073913141480
3;9990;7345085567758249;7345078904758565
1;10007;7345088221483016;7345081227900860
3;9991;7345090567626717;7345083911714600
3;9992;7345095567443433;7345088915390047
3;9993;7345100567307581;7345093920450589
3;9994;7345105516714986;7345098909735818
3;9995;7345110515267109;7345103914159184
3;9996;7345115515222399;7345108917784983
1;10013;7345118211294332;7345109166217360
3;9997;7345120515228852;7345113909491287
3;9998;7345125515084300;7345118915135091
3;9999;7345130514957514;7345123904424260
3;10000;7345135514696617;7345128909537298
3;10001;7345140514509507;7345133912568957
3;10002;7345145514359059;7345138921346444
3;10003;7345150514101791;7345143908526835
1;10020;7345153224834712;7345148140730921
3;10004;7345155513869449;7345148913793902
3;10005;7345160513922953;7345153918716972
3;10006;7345165513645948;7345158903686390
3;10007;7345170513436700;7345163907607488
3;10008;7345175513545038;7345168914568874
3;10009;7345180513528970;7345173904658827
3;10010;7345185513509176;7345178909513690
3;10011;7345190513495958;7345183914127005
3;10012;7345195513454666;7345188902807447
1;10029;7345198233090228;7345192107992083
3;10013;7345200513155430;7345193906936027
3;10014;7345205513132244;7345198912351699
1;10031;7345208211739101;7345198985399824
3;10015;7345210513217911;7345203915712906
0;10032;7345213269805783;7345207872991590
3;10016;7345215513155658;7345208902009485
0;10033;7345218234884310;7345209216947153
3;10017;7345220513173974;7345213910275197
1;10034;7345223205975447;7345216030407852
3;10018;7345225513175688;7345218913477546
3;10019;7345230513320448;7345223916964369
1;10036;7345233201557313;7345228051792761
3;10020;7345235513296579;7345228905121342
2;10037;7345238475923165;7345229103893464
3;10021;7345240513261064;7345233906996997
3;10022;7345245513200637;7345238909859076
3;10023;7345250513285828;7345243914525553
3;10024;7345255513241615;7345248906442051
1;10041;7345258152902145;7345248947498184
3;10025;7345260513156946;7345253907568103
3;10026;7345265512913194;7345258895705174
1;10043;7345268132102670;7345259145872184
3;10027;7345270513035510;7345263920293757
3;10028;7345275512968529;7345268907223344
3;10029;7345280512888673;7345273910998112
1;10046;7345283155585262;7345276452995330
3;10030;7345285513027223;7345278917610088
3;10031;7345290513024236;7345283908808556
1;10050;7345303149778040;7345296389593163
3;10033;7345300563080763;7345298921102528
3;10034;7345305563712216;7345298984730984
1;10051;7345308182350353;7345302515511064
3;10035;7345310563582109;7345303896391896
1;10052;7345313159102696;7345304131404397
3;10036;7345315563622943;7345308918494789
1;10053;7345318133412049;7345309392990451
3;10037;7345320563658692;7345313910546311
3;10038;7345325563697578;7345318916773338
1;10055;7345328127378623;7345322103866719
3;10039;7345330563584257;7345323908159716
3;10040;7345335563624352;7345328913185298
3;10041;7345340563665140;7345333915266834
1;10058;7345343135985939;7345337263897852
3;10042;7345345563570527;7345338907815810
1;10059;7345348113384950;7345339860220785
3;10043;7345350563649142;7345343912420832
3;10044;7345355563776052;7345348917798538
3;10045;7345360563774121;7345353909297344
1;10062;7345363096245588;7345356553294431
3;10046;7345365563754696;7345358911737905
3;10047;7345370563798502;7345363919421162
3;10048;7345375563779020;7345368904916585
3;10049;7345380563819068;7345373918169306
3;10050;7345385563934400;7345378914768490
3;10051;7345390563869527;7345383904518186
3;10052;7345395563791370;7345388908428038
3;10053;7345400563928751;7345393914672508
1;10070;7345403088647877;7345395651969593
3;10054;7345405563994499;7345398919842664
3;10055;7345410563922737;7345403907350305
3;10056;7345415563992553;7345408914487788
1;10073;7345418078743676;7345411453227372
3;10057;7345420564059378;7345413918935166
3;10058;7345425564021658;7345418913077860
3;10059;7345430513612849;7345423913509390
3;10060;7345435512712321;7345428917156029
3;10061;7345440512661364;7345433908363519
3;10062;7345445512755387;7345438913005891
3;10063;7345450540453196;7345446677781378
1;10080;7345453091657582;7345447862627005
3;10064;7345455540505409;7345448914973409
1;10081;7345458077455575;7345451190251712
3;10065;7345460540476518;7345453913459123
1;10082;7345463058543263;7345454322258955
3;10066;7345465540362117;7345458904876176
1;10083;7345468091204673;7345462283726009
3;10067;7345470540395429;7345463909852047
1;10084;7345473060511264;7345464495554514
3;10068;7345475540585976;7345468917120354
3;10069;7345480541567636;7345474000611401
3;10070;7345485541570035;7345478906435421
3;10071;7345490541578237;7345483912803333
3;10072;7345495541453363;7345488903157229
3;10073;7345500541449885;7345493920610122
3;10074;7345505541436823;7345498908955168
1;10091;7345508063759921;7345502116539481
3;10075;7345510541434264;7345503914655257
3;10076;7345515541431009;7345508920327874
1;10093;7345518044784764;7345510162099082
3;10077;7345520541455375;7345513911514791
1;10094;7345523052183356;7345517340082375
3;10078;7345525541314789;7345518900148937
3;10079;7345530491384707;7345523919949642
1;10096;7345533037632923;7345527337057061
0;10096;7345533268214604;7345527401045697
3;10080;7345535490877713;7345528910197541
1;10097;7345538024992865;7345529315818869
3;10081;7345540490967553;7345533914354126
1;10098;7345543002391091;7345533983572938
3;10082;7345545491068084;7345538920736620
1;10099;7345547997872573;7345541835686709
3;10083;7345550491017944;7345543910788146
1;10100;7345552993932426;7345546333562133
3;10084;7345555491094752;7345548914131984
1;10101;7345557968730179;7345551131432441
3;10085;7345560491039030;7345553905218510
3;10086;7345565490976091;7345558909490655
3;10087;7345570490909533;7345563914157049
3;10088;7345575491057117;7345568919162203
0;10105;7345578264121985;7345572237465700
3;10089;7345580491042243;7345573907884812
3;10090;7345585491049856;7345578913902898
0;10107;7345588247212137;7345579619841598
1;10107;7345587995744803;7345582343573836
0;10108;7345593250564396;7345584466015762
1;10108;7345593018194885;7345586272068676
0;10109;7345598239100492;7345589139187508
1;10109;7345598009363201;7345591577089128
3;10092;7345595541238469;7345593923620016
3;10093;7345600542004037;7345593988271389
3;10094;7345605542020317;7345598917018208
3;10095;7345610541871880;7345603905606748
3;10096;7345615541919025;7345608914450263
3;10097;7345620541955212;7345613917777736
3;10098;7345625541962413;7345618918505094
3;10099;7345630542296466;7345623942896610
2;10116;7345633476528640;7345626762025398
3;10100;7345635542262990;7345628911787680
1;10117;7345638014716173;7345631959826795
3;10101;7345640542400067;7345633918131835
1;10118;7345642994140996;7345634231661155
3;10102;7345645542397272;7345638909257960
3;10103;7345650542428123;7345643915653835
3;10105;7345660592491962;7345658927730383
3;10106;7345665593304172;7345658989747703
1;10123;7345667986467092;7345661171958350
3;10107;7345670593312431;7345663914620044
3;10108;7345675593192033;7345668906677161
3;10109;7345680593273302;7345673911813429
3;10110;7345685593263807;7345678906658079
1;10127;7345687964932905;7345679261648081
2;10127;7345688514218661;7345682779531563
3;10111;7345690593151923;7345683903380493
3;10112;7345695593183319;7345688907798434
2;10129;7345698510826930;7345692306859397
3;10113;7345700593207046;7345693911886395
3;10115;7345710643592284;7345708952650760
3;10116;7345715644584317;7345709002010865
2;10133;7345718505224539;7345711364930435
3;10117;7345720644654428;7345713913947019
3;10118;7345725644727556;7345718919664624
3;10119;7345730644713658;7345723914323154
3;10120;7345735644862642;7345728916907878
3;10121;7345740644812733;7345733905284527
3;10122;7345745644764773;7345738908681286
3;10123;7345750644565083;7345743896995452
1;10140;7345752953859967;7345747420406083
3;10124;7345755644683953;7345748917008225
1;10141;7345757932197423;7345751067889904
3;10125;7345760644691773;7345753907779017
1;10142;7345762937666418;7345757305091137
3;10126;7345765644717940;7345758912475878
3;10127;7345770644725051;7345763915236638
3;10128;7345775644726409;7345768906577982
3;10129;7345780645030835;7345773938010730
3;10130;7345785645285571;7345778921178442
3;10131;7345790645137746;7345783905511336
3;10132;7345795645143654;7345788907814142
3;10133;7345800645139415;7345793910574181
3;10134;7345805645149028;7345798918571267
1;10151;7345807917426190;7345801308924104
3;10135;7345810645251857;7345803919091458
1;10152;7345812886892543;7345804705310151
3;10136;7345815595116128;7345808907529554
3;10137;7345820594396604;7345813912778620
3;10138;7345825594581915;7345818914922959
1;10155;7345827920399796;7345822552200190
3;10139;7345830594576704;7345823917973686
3;10140;7345835594520024;7345828904878530
1;10157;7345837942397654;7345831170783673
3;10141;7345840594462669;7345833911037529
3;10142;7345845594535640;7345838915456926
3;10143;7345850594591254;7345843918746800
3;10144;7345855594524646;7345848908606050
3;10145;7345860594583430;7345853913694333
3;10146;7345865594638442;7345858917922000
2;10163;7345868500726390;7345861135027300
3;10147;7345870594552649;7345863909219206
2;10164;7345873490451483;7345866237641279
3;10148;7345875594570934;7345868911125732
1;10165;7345877924818623;7345869465310324
3;10149;7345880594635790;7345873918223595
3;10150;7345885594508109;7345878906652981
3;10151;7345890594553843;7345883909490072
3;10152;7345895594493654;7345888912150213
3;10153;7345900594523908;7345893917793956
3;10154;7345905594531258;7345898905253040
3;10155;7345910594686994;7345903924001670
3;10156;7345915594719860;7345908917959237
3;10157;7345920594540806;7345913901937225
3;10158;7345925594522564;7345918905525984
3;10159;7345930594520031;7345923914234468
2;10176;7345933487687567;7345927954060628
3;10160;7345935594525476;7345928919479605
3;10161;7345940594512664;7345933911796826
1;10178;7345942964664196;7345938606165090
3;10162;7345945594550894;7345938917332396
3;10163;7345950594427425;7345943904809224
3;10164;7345955594455752;7345948911196103
3;10165;7345960594460712;7345953913501771
3;10166;7345965566729576;7345958904667779
3;10167;7345970566648424;7345963906858216
3;10168;7345975566630996;7345968911716533
3;10169;7345980566740780;7345973915854400
3;10170;7345985566704667;7345978906240897
3;10171;7345990566612261;7345983907879735
3;10172;7345995565740668;7345988913452019
3;10173;7346000565896324;7345993922001178
3;10174;7346005565830831;7345998906254139
3;10175;7346010565911025;7346003911176327
3;10176;7346015565877430;7346008917250753
3;10177;7346020565991158;7346013920327973
3;10178;7346025566069857;7346018922525498
3;10179;7346030565954496;7346023908791547
3;10180;7346035565981812;7346028914246523
3;10181;7346040566020029;7346033903970715
3;10182;7346045565882705;7346038906217109
3;10183;7346050565926496;7346043914576620
3;10184;7346055566095332;7346048931237758
3;10185;7346060566069051;7346053918108639
3;10186;7346065566176558;7346058921538808
3;10187;7346070566213871;7346063917863265
3;10188;7346075566280104;7346068911841737
3;10189;7346080566531167;7346073934597038
3;10190;7346085566554708;7346078916511094
3;10192;7346095616648129;7346093928504352
3;10193;7346100617316997;7346093974771552
3;10194;7346105617214208;7346098903623886
3;10196;7346115617162995;7346113918498840
3;10197;7346120616936429;7346113965614633
3;10198;7346125616811565;7346118904532006
3;10199;7346130616841000;7346123908550190
3;10200;7346135616835393;7346128913889507
1;10217;7346137962124594;7346131610194895
3;10201;7346140616850927;7346133919331252
3;10202;7346145616884108;7346138921823018
3;10203;7346150616599137;7346143914399660
3;10204;7346155616503996;7346148902273475
3;10205;7346160616396189;7346153907351169
3;10206;7346165616421841;7346158911823105
3;10207;7346170616434534;7346163916923323
3;10208;7346175566217893;7346168906066271
3;10209;7346180565419749;7346173909933263
3;10210;7346185565425238;7346178915168888
1;10227;7346187974240387;7346182103894897
3;10211;7346190565417308;7346183905884233
3;10212;7346195565376876;7346188907770052
3;10213;7346200565430140;7346193911984346
3;10214;7346205565425037;7346198902870205
1;10231;7346207985258492;7346203528082899
3;10215;7346210565423137;7346203907608427
3;10216;7346215565408278;7346208910400523
3;10217;7346220515306094;7346213942432357
3;10218;7346225514354979;7346218906899270
3;10219;7346230514333327;7346223911781816
1;10236;7346232987481596;7346226911787879
3;10220;7346235514151375;7346228901469456
0;10237;7346238241548429;7346232680000418
3;10221;7346240514073151;7346233906500761
1;10238;7346242987502495;7346238234108351
3;10222;7346245514020206;7346238911613266
1;10239;7346247963589706;7346238954468905
3;10223;7346250514125367;7346243915800755
1;10240;7346252948439092;7346245077865338
3;10224;7346255514098973;7346248906041830
1;10241;7346257932414077;7346249650702721
3;10225;7346260514249028;7346253912000939
1;10242;7346262897968836;7346254235807681
3;10226;7346265514260401;7346258918145565
1;10243;7346267889970065;7346261501939730
3;10227;7346270514242126;7346263905951429
1;10244;7346272890311201;7346266730373563
3;10228;7346275514242885;7346268912551850
0;10245;7346278262756881;7346271178196725
1;10245;7346277889540675;7346271590167707
3;10229;7346280514260347;7346273916982796
0;10246;7346283246399859;7346275350014395
3;10230;7346285514256434;7346278906186913
1;10249;7346297915362244;7346292439056715
3;10232;7346295564034094;7346293915776732
3;10233;7346300564460227;7346293963791576
3;10234;7346305564467796;7346298906268532
3;10235;7346310564493964;7346303910430824
1;10252;7346312924007183;7346308380078728
3;10236;7346315564532951;7346308914472968
0;10253;7346318255217171;7346311195735534
3;10237;7346320564383482;7346313903624227
1;10254;7346322900206772;7346316058855321
3;10238;7346325564288172;7346318909560455
1;10255;7346327905930234;7346321910852276
3;10239;7346330564551581;7346323933870570
1;10256;7346332892808897;7346326263005990
3;10240;7346335564477921;7346328905412618
3;10241;7346340564435379;7346333910668698
3;10243;7346350614360424;7346348910478060
3;10244;7346355664477271;7346353916563506
3;10245;7346360714433357;7346358906646096
3;10246;7346365764417761;7346363913897156
1;10264;7346372877526744;7346366655283367
3;10247;7346370814400712;7346368917041738
3;10248;7346375864397261;7346373908260952
3;10249;7346380914383922;7346378912360307
0;10267;7346388292781651;7346383493477842
3;10250;7346385964363082;7346383915838119
0;10268;7346393298315442;7346384677301949
1;10268;7346392886734680;7346387867913397
3;10251;7346391014336166;7346388906527585
3;10252;7346396064335927;7346393911101871
3;10253;7346401114308946;7346398915525492
3;10254;7346406164321012;7346403907859531
3;10255;7346411214340690;7346408911458108
1;10273;7346417904097326;7346411785002454
3;10256;7346416264254015;7346413903482615
2;10274;7346423490033344;7346416851405247
0;10274;7346423309859073;7346417635374885
1;10274;7346422920937755;7346418627386059
3;10257;7346421314131921;7346418905584560
1;10275;7346427923753710;7346422960038868
3;10258;7346426364178113;7346423909872217
3;10259;7346431414116948;7346428917885133
0;10277;7346438315467356;7346429775532249
1;10277;7346437931963876;7346432267387062
3;10260;7346436464152562;7346433921520641
3;10261;7346441514251438;7346438911824796
3;10262;7346446564365750;7346443916957282
3;10263;7346451614434796;7346448921139053
3;10264;7346456664338295;7346453909829563
3;10265;7346461714380169;7346458915984281
3;10266;7346466764273361;7346463906651634
1;10284;7346472975218143;7346468683403240
3;10267;7346471814367121;7346468914185154
3;10268;7346476864433505;7346473917834592
3;10269;7346481914371264;7346478907277807
3;10270;7346486964470035;7346483914544771
3;10271;7346492014595052;7346488919359765
3;10272;7346497064572585;7346493909469973
0;10290;7346503339959958;7346498828357981
3;10273;7346502114558574;7346498914453222
3;10274;7346507164613565;7346503911739993
3;10275;7346512214677893;7346508914312490
0;10293;7346518349537874;7346510535735916
1;10293;7346517983522968;7346513331687615
3;10276;7346517264678668;7346513913529432
3;10277;7346522314592893;7346518913423791
3;10278;7346527364629018;7346523909866487
3;10279;7346532414526726;7346528900947271
3;10280;7346537464584637;7346533923041827
3;10281;7346542514473198;7346538909184067
1;10299;7346547986915100;7346542214935467
3;10282;7346547564416008;7346543916806522
3;10283;7346552614396986;7346548906889304
3;10284;7346557664376351;7346553912182905
3;10285;7346562714520878;7346558918423250
0;10303;7346568360928946;7346563257773018
3;10286;7346567764497820;7346563903911406
0;10304;7346573328903621;7346564937649237
2;10304;7346573497620617;7346567111474344
3;10287;7346572814445747;7346568909369326
3;10288;7346577864280284;7346573914691537
3;10289;7346582914158862;7346578905966332
3;10290;7346587963910117;7346583896664369
3;10291;7346593013892507;7346588916102240
3;10292;7346598063854582;7346593908049282
3;10293;7346603113648732;7346598914012032
3;10294;7346608163662189;7346603917856715
2;10313;7346618493010973;7346611429836921
3;10296;7346618213698913;7346618932176796
3;10297;7346623263914652;7346618996345426
3;10298;7346628313961683;7346623908326903
3;10299;7346633313907811;7346628913111561
1;10317;7346637988265108;7346631734382185
3;10300;7346638363318188;7346633906652387
3;10301;7346643413358685;7346638908581738
3;10302;7346648463429135;7346643915595304
3;10303;7346653513461905;7346648917166628
3;10304;7346658563361117;7346653909252534
3;10305;7346663613315254;7346658917236720
3;10306;7346668663222995;7346663905173784
3;10307;7346673713331337;7346668913107752
3;10308;7346678763422568;7346673916474187
3;10309;7346683813512479;7346678920814221
3;10310;7346688863447420;7346683910417579
3;10311;7346693913534301;7346688914754405
3;10312;7346698963460970;7346693902600071
3;10313;7346704013399187;7346698908990632
3;10314;7346709063488577;7346703914823339
3;10315;7346714113446824;7346708903594699
1;10333;7346717993357216;7346712291946684
3;10316;7346719163422309;7346713909532780
3;10317;7346724213501219;7346718910761382
3;10318;7346729263575964;7346723915082982
1;10336;7346732987938701;7346726213003069
2;10336;7346733488145012;7346728012050428
3;10319;7346734313515256;7346728904329762
3;10320;7346739363175210;7346733908427619
1;10338;7346742965471086;7346733934104920
3;10321;7346744413234441;7346738912822429
3;10322;7346749463333395;7346743921677196
0;10340;7346753323116106;7346747590628699
2;10340;7346753487222140;7346747990399988
3;10323;7346754513411169;7346748909246675
1;10341;7346757959156371;7346751732423786
3;10324;7346759563502479;7346753915631931
3;10325;7346764613576179;7346758918983193
3;10326;7346769663511868;7346763909369622
1;10344;7346772950700055;7346764082091125
3;10327;7346774713603832;7346768915238141
3;10328;7346779763681751;7346773919792748
1;10346;7346782922370941;7346775940134890
3;10329;7346784813601469;7346778910117484
3;10330;7346789863693400;7346783915144430
1;10348;7346792934663200;7346788187697217
3;10331;7346794913772901;7346788920501849
3;10332;7346799963730840;7346793912776805
3;10333;7346805013849586;7346798918061453
3;10334;7346810013770415;7346803907859609
0;10352;7346813299515483;7346806317918683
0;10353;7346818298879837;7346811674645635
1;10354;7346822933639660;7346816595426175
3;10336;7346820131567649;7346820743514847
3;10337;7346825200436329;7346820793136635
3;10338;7346830250437914;7346823910589232
3;10339;7346835300436430;7346828914324614
3;10340;7346840350478844;7346833907865756
1;10358;7346842928411576;7346838056163650
3;10341;7346845400487876;7346838910463551
1;10359;7346847948927570;7346841956759962
3;10342;7346850450398839;7346843924966805
3;10343;7346855500565581;7346848922086757
0;10361;7346858281009376;7346851475508183
3;10344;7346860550547181;7346853908828982
3;10345;7346865550592859;7346858915045792
3;10346;7346870550809508;7346863938228400
3;10347;7346875550812191;7346868906914259
3;10348;7346880550773903;7346873910068670
1;10366;7346882954709300;7346877310650945
3;10349;7346885550764691;7346878916120497
3;10350;7346890550749544;7346883906746193
3;10351;7346895550758927;7346888913298637
1;10369;7346897966984518;7346892279871263
3;10352;7346900550787996;7346893918744938
1;10370;7346902966157737;7346893975439692
3;10353;7346905550790596;7346898906787629
3;10354;7346910550792325;7346903911274729
1;10372;7346912943054976;7346906242134653
3;10355;7346915550824796;7346908918772559
1;10374;7346922931444585;7346916938709471
2;10374;7346923482779625;7346917178438975
3;10357;7346925601234829;7346923948862842
3;10358;7346930602065624;7346923994537700
3;10359;7346935602115132;7346928908433315
0;10377;7346938263775053;7346931888400500
3;10360;7346940602173542;7346933911425553
3;10361;7346945602067535;7346938899271505
3;10362;7346950602089281;7346943920059806
1;10380;7346952904547004;7346944524079271
3;10363;7346955601979569;7346948910549216
1;10381;7346957916506308;7346953683075611
3;10364;7346960601988856;7346953912753637
1;10382;7346962928411862;7346957568776268
3;10365;7346965601841723;7346958902243916
3;10366;7346970601709640;7346963907930610
1;10384;7346972921465335;7346966174327111
3;10367;7346975601749957;7346968913861389
3;10368;7346980601604745;7346973901462994
3;10369;7346985601598038;7346978905980951
3;10370;7346990601571761;7346983911557284
3;10371;7346995601422194;7346988902878007
0;10389;7346998278649057;7346993656809781
3;10372;7347000601381545;7346993903213095
3;10373;7347005601475279;7346998923918258
3;10374;7347010601402961;7347003912128020
3;10375;7347015601327968;7347008901970675
1;10393;7347017925477729;7347012034838002
3;10376;7347020601297162;7347013911372736
3;10377;7347025601370368;7347018919060502
1;10395;7347027930048155;7347022061082808
3;10378;7347030601313046;7347023908580178
1;10396;7347032884956562;7347023942865937
3;10379;7347035601327756;7347028915000602
3;10380;7347040601380965;7347033918744541
1;10400;7347052847498465;7347044012621144
3;10382;7347050651417156;7347048913485847
3;10383;7347055652170712;7347048976302810
1;10401;7347057850939596;7347051572013940
3;10384;7347060651975628;7347053903533310
3;10386;7347070701893348;7347068900956020
3;10387;7347075751764388;7347073903910621
3;10388;7347080801794332;7347078909883959
0;10407;7347088288264778;7347083191503116
3;10389;7347085851848077;7347083917557243
1;10408;7347092879387068;7347087010964659
3;10390;7347090901713318;7347088904947498
3;10391;7347095951748404;7347093907419975
3;10392;7347101001783240;7347098912852831
1;10411;7347107865938858;7347101795910051
3;10393;7347106051878127;7347103924180150
1;10412;7347112834802687;7347103994374968
3;10394;7347111101883776;7347108906531139
3;10395;7347116151871680;7347113895454776
3;10396;7347121201889482;7347118917882410
3;10397;7347126251929697;7347123912070896
3;10398;7347131301921934;7347128913235550
1;10417;7347137863274429;7347131832574069
3;10399;7347136351925830;7347133918246309
3;10400;7347141351701322;7347138909726123
3;10401;7347146400877779;7347143913991032
1;10420;7347152878492845;7347147552249514
3;10402;7347151450867995;7347148907348503
1;10421;7347157867818856;7347151984393847
3;10403;7347156500840357;7347153910347930
3;10404;7347161550898836;7347158912500392
3;10405;7347166600848932;7347163903591344
3;10406;7347171650739081;7347168904610161
3;10407;7347176700697998;7347173913058374
3;10408;7347181750781426;7347178917595227
3;10409;7347186800651462;7347183904240395
3;10410;7347191850695556;7347188909583059
3;10411;7347196900712470;7347193914799234
1;10430;7347202892559487;7347196421561348
3;10412;7347201950560388;7347198901265892
1;10431;7347207893216356;7347199211559047
3;10413;7347207000401463;7347203904921726
3;10414;7347212050405949;7347208910866240
1;10433;7347217898104708;7347211941830611
3;10415;7347217100413549;7347213915514261
1;10434;7347222894423706;7347216021493038
3;10416;7347222150433809;7347218904626120
1;10435;7347227889299538;7347222003094289
3;10417;7347227200477366;7347223913346203
3;10418;7347232250354698;7347228902556709
3;10419;7347237300407914;7347233908916309
1;10438;7347242929225632;7347238124013868
3;10420;7347242350464292;7347238915170487
1;10439;7347247949815823;7347241452009567
3;10421;7347247400560224;7347243920354676
1;10440;7347252919243466;7347244046630981
3;10422;7347252450508492;7347248909909783
3;10423;7347257500592026;7347253912683129
3;10424;7347262550566996;7347258905924600
3;10425;7347267600546875;7347263910810163
3;10426;7347272650501626;7347268917152416
1;10445;7347277908421636;7347271181715007
3;10427;7347277700476067;7347273906690812
1;10446;7347282929838735;7347277001930772
3;10428;7347282750448618;7347278912887036
3;10429;7347287800440058;7347283918127072
0;10448;7347293289305532;7347287938926590
3;10430;7347292850410912;7347288906455328
3;10431;7347297900356874;7347293909834381
1;10450;7347302939172625;7347297486683276
1;10451;7347307922556969;7347298990404025
3;10433;7347308000298580;7347308913963208
3;10434;7347313100373076;7347313917567282
1;10454;7347322929259434;7347317123473932
3;10435;7347318200285880;7347318906424787
1;10456;7347332918621247;7347326798808289
3;10437;7347328350424547;7347333934368409
3;10438;7347333451115351;7347333981857229
1;10458;7347342896994188;7347334027545739
3;10439;7347338550990715;7347338905597869
3;10440;7347343651018388;7347343910626988
1;10460;7347352914738648;7347346096704843
3;10441;7347348682734415;7347348915117570
3;10442;7347353764015308;7347353921225680
1;10462;7347362920543459;7347357864207018
3;10443;7347358864014828;7347358910541203
1;10463;7347367943565224;7347361797731044
3;10444;7347363964030723;7347363915914111
1;10464;7347372936945412;7347366454558206
3;10445;7347369064029143;7347368907707734
3;10446;7347374164051739;7347373912723207
1;10466;7347382931322348;7347374599792702
3;10447;7347379263852401;7347378905032800
1;10467;7347387926170422;7347381824889680
3;10448;7347384363741041;7347383910950832
3;10449;7347389463681564;7347388902881243
3;10450;7347394563600474;7347393906936653
1;10470;7347402922635542;7347396983569170
3;10451;7347399663337439;7347398911924899
1;10471;7347407920131547;7347399065419339
3;10452;7347404763446368;7347403917807265
1;10472;7347412920934657;7347404063883947
3;10453;7347409863434264;7347408908858343
3;10454;7347414963464877;7347413919181697
1;10474;7347422917697997;7347416512020607
3;10455;7347420063552745;7347418915533026
3;10456;7347425163523489;7347423910372994
1;10476;7347432920856959;7347426649458438
3;10457;7347430263446130;7347428911009029
1;10477;7347437901959729;7347429241709463
3;10458;7347435363549345;7347433917109370
3;10460;7347445513754424;7347448931782637
3;10461;7347450614349536;7347448978283591
3;10462;7347455663915286;7347453905437871
3;10464;7347465813162362;7347468919245280
3;10465;7347470913747223;7347468966919611
3;10466;7347476013728959;7347473909599109
3;10467;7347481113882420;7347478914617725
3;10468;7347486213742729;7347483906090618
3;10469;7347491313714198;7347488907696093
3;10470;7347496413727412;7347493914074971
3;10471;7347501513889884;7347498918491119
1;10491;7347507895116685;7347501659269458
3;10472;7347506613875785;7347503906520652
3;10473;7347511713858651;7347508912147917
1;10493;7347517895351265;7347511295526668
3;10475;7347521864103680;7347523925965819
3;10476;7347526964791327;7347523974745634
3;10477;7347532064811011;7347528913525638
3;10478;7347537164817042;7347533903481345
3;10479;7347542264841884;7347538905697046
3;10480;7347547364750381;7347543914767959
3;10481;7347552464769738;7347548914063891
1;10501;7347557917781139;7347553820076551
3;10482;7347557564800463;7347553905043165
3;10483;7347562664790280;7347558910354486
3;10484;7347567764747914;7347563914823999
3;10485;7347572864732716;7347568907060246
3;10486;7347577964820703;7347573923799419
3;10487;7347583064759447;7347578912618797
3;10488;7347588114669865;7347583904527787
1;10508;7347592915765362;7347586758249132
3;10489;7347593213988319;7347588908148261
3;10490;7347598314069165;7347593911617906
0;10510;7347603308039155;7347598484730215
3;10491;7347603364056662;7347598899705737
3;10492;7347608414084247;7347603906669327
3;10493;7347613464084201;7347608909879295
3;10494;7347618514096760;7347613918813237
3;10495;7347623564115622;7347618906833814
3;10497;7347633664304881;7347633926345774
3;10498;7347638715058276;7347633988192402
3;10499;7347643764984902;7347638916842809
3;10500;7347648814958611;7347643903902058
3;10501;7347653865094491;7347648909042684
3;10502;7347658915061706;7347653914603874
3;10503;7347663964979209;7347658903821276
3;10504;7347669014950657;7347663910380446
3;10505;7347674064739350;7347668897115412
3;10506;7347679114827890;7347673918580277
1;10526;7347682945348151;7347677189940134
3;10507;7347684164764157;7347678907617731
3;10508;7347689214805361;7347683911468830
3;10509;7347694264882668;7347688918078403
1;10529;7347697954699073;7347692107050494
3;10510;7347699314814729;7347693905706500
3;10511;7347704364889454;7347698911063906
1;10531;7347707959064669;7347699698207711
3;10513;7347714465062568;7347713921921453
3;10514;7347719515630874;7347713969888914
3;10515;7347724565611758;7347718915683656
2;10535;7347728480128841;7347721537523017
3;10516;7347729615725325;7347723915597081
1;10536;7347732946051089;7347726119047996
2;10536;7347733483441453;7347726288172996
3;10517;7347734665650870;7347728902137564
1;10537;7347737949779107;7347731440691718
3;10518;7347739715569535;7347733906665761
3;10519;7347744765682721;7347738912584440
3;10520;7347749815636884;7347743900338087
3;10521;7347754865574235;7347748904601256
3;10522;7347759915515415;7347753909632200
3;10523;7347764965453783;7347758898462957
3;10524;7347770015515593;7347763919527291
3;10525;7347775065580132;7347768909010525
3;10526;7347780115605353;7347773911438277
3;10527;7347785165633612;7347778917996448
0;10547;7347788263467277;7347779039623170
2;10547;7347788467001367;7347779166837817
3;10528;7347790215501535;7347783907147013
3;10529;7347795265521545;7347788911910798
0;10549;7347798283116724;7347793236051711
3;10530;7347800315532703;7347793913799080
3;10531;7347805365529075;7347798905561793
3;10532;7347810415515169;7347803909419700
3;10533;7347815465488905;7347808914525853
3;10534;7347820515480128;7347813905813124
3;10535;7347825565464937;7347818911367921
3;10536;7347830615468275;7347823918460921
2;10556;7347833445481233;7347826152090154
3;10537;7347835665472023;7347828906830235
3;10538;7347840715480540;7347833910686137
3;10539;7347845715506945;7347838916603673
3;10540;7347850715384581;7347843905330861
3;10541;7347855715460448;7347848914011407
3;10542;7347860665291022;7347853917425851
3;10543;7347865664511881;7347858903943185
3;10544;7347870664541603;7347863908569964
3;10545;7347875664579880;7347868914454840
3;10546;7347880664478696;7347873904999137
3;10547;7347885664386125;7347878911968453
3;10548;7347890664287464;7347883900675023
3;10549;7347895664196577;7347888906825467
3;10550;7347900664227901;7347893910840210
3;10551;7347905664259114;7347898915844626
3;10552;7347910664280655;7347903907186886
3;10553;7347915664284988;7347908911383978
3;10554;7347920664414260;7347913915808341
3;10555;7347925664415738;7347918907084577
3;10556;7347930664398339;7347923910184946
3;10557;7347935664394019;7347928917375092
3;10558;7347940664379210;7347933907377579
3;10559;7347945664267219;7347938907982649
0;10579;7347948309475793;7347943467015894
3;10560;7347950664273912;7347943916202393
3;10561;7347955664208443;7347948903825943
3;10562;7347960664178931;7347953908057890
3;10563;7347965664126269;7347958911843169
3;10564;7347970614002056;7347963919361337
3;10565;7347975613277203;7347968905798395
3;10566;7347980613369524;7347973914669921
2;10586;7347983438851240;7347976482954817
3;10567;7347985563367592;7347978919052029
3;10568;7347990562795869;7347983909747315
3;10569;7347995562838116;7347988913823896
3;10570;7348000562873254;7347993918131443
3;10571;7348005562893473;7347998908112446
3;10572;7348010562959169;7348003914265894
3;10574;7348020613374845;7348018955642608
3;10575;7348025614232901;7348019004296641
3;10576;7348030614308298;7348023914060312
2;10596;7348033459754604;7348028337838155
3;10577;7348035614385302;7348028919848321
3;10578;7348040564218842;7348033909319762
3;10579;7348045563439466;7348038896807889
3;10580;7348050563499665;7348043919545497
3;10581;7348055563553733;7348048908888241
3;10582;7348060563657167;7348053916040463
3;10583;7348065563549546;7348058904005809
3;10584;7348070563511479;7348063910257334
1;10604;7348072943572449;7348066684425534
3;10585;7348075563582744;7348068912169734
3;10586;7348080563510177;7348073903097743
3;10587;7348085563446436;7348078908449765
3;10588;7348090563518487;7348083914265432
3;10589;7348095563315492;7348088903499739
3;10590;7348100563292017;7348093910271220
3;10591;7348105563379753;7348098913301560
3;10592;7348110563493196;7348103919492442
3;10593;7348115563468731;7348108909171448
3;10594;7348120563597313;7348113912563981
3;10595;7348125563566836;7348118903621576
3;10596;7348130563538381;7348123907033782
1;10616;7348132956889143;7348127640593474
3;10597;7348135563461695;7348128911144623
1;10617;7348137971121952;7348131128590959
3;10598;7348140563561000;7348133916764378
0;10618;7348143290356806;7348135424811322
1;10618;7348142983952513;7348138835256138
3;10599;7348145513516774;7348138921923249
3;10600;7348150512731273;7348143909642220
3;10601;7348155512685358;7348148912251374
1;10621;7348157962777994;7348149053331860
3;10602;7348160512858497;7348153921215876
3;10603;7348165512864003;7348158909593241
3;10604;7348170512702280;7348163898431462
3;10605;7348175512823319;7348168915925067
3;10606;7348180512784475;7348173906496186
3;10607;7348185512950085;7348178913676397
3;10608;7348190512785609;7348183902132689
3;10609;7348195512791235;7348188908180401
3;10610;7348200518529612;7348194485306640
3;10611;7348205518496577;7348198914774950
3;10612;7348210518628287;7348203918877314
0;10632;7348213284962971;7348206436114204
3;10613;7348215518612906;7348208909525903
0;10633;7348218262131958;7348211039981388
3;10614;7348220468494459;7348213910076852
1;10634;7348222979420503;7348216129561179
3;10615;7348225467970109;7348218917453947
3;10616;7348230467878008;7348223906473540
3;10617;7348235467829252;7348228910721361
3;10618;7348240467958668;7348233915079055
3;10619;7348245467964017;7348238907200809
3;10620;7348250467911750;7348243907357779
3;10621;7348255468175229;7348248926685890
3;10622;7348260468314947;7348253918572789
3;10623;7348265468279666;7348258906104222
3;10624;7348270468412915;7348263911787916
3;10625;7348275468395635;7348268917799458
3;10626;7348280468357536;7348273905200534
3;10627;7348285468347336;7348278910418333
3;10628;7348290468309535;7348283914216457
3;10629;7348295468417938;7348288917987387
3;10630;7348300468354350;7348293905551837
3;10631;7348305468330140;7348298911378047
3;10632;7348310468410141;7348303913561804
3;10633;7348315468416835;7348308910089029
3;10634;7348320468356408;7348313908483227
0;10654;7348323269537595;7348316176451697
2;10654;7348323449079956;7348317006780671
3;10635;7348325468451813;7348318915353626
1;10655;7348327945903606;7348320254475348
3;10636;7348330468454284;7348323911614941
3;10637;7348335468383964;7348328911428963
1;10657;7348337957207539;7348332740588317
3;10638;7348340468490949;7348333917528842
3;10639;7348345468868579;7348338948449054
3;10640;7348350468642339;7348343893979588
1;10660;7348352954484929;7348346831633770
3;10641;7348355468764737;7348348917570852
1;10661;7348357911323496;7348349211939539
3;10642;7348360468679681;7348353905505825
3;10643;7348365468559064;7348358905364053
3;10644;7348370468620952;7348363910131947
3;10645;7348375468693409;7348368915815649
3;10646;7348380468612905;7348373906404347
3;10647;7348385468689926;7348378912701344
3;10648;7348390468739279;7348383916903689
3;10649;7348395468784870;7348388905234139
3;10650;7348400468850122;7348393913350715
1;10670;7348402912454787;7348397024917048
3;10651;7348405468926807;7348398918508800
3;10652;7348410468856515;7348403908815331
1;10672;7348412871102145;7348404098844115
3;10653;7348415468927748;7348408914310309
1;10673;7348417877359913;7348409580245788
3;10654;7348420468838598;7348413902468987
1;10674;7348422886998573;7348416041731313
3;10655;7348425468796285;7348418911577068
1;10675;7348427906383841;7348421589229488
3;10656;7348430468879935;7348423915449554
1;10676;7348432932234406;7348426820864190
3;10657;7348435468853914;7348428907582818
3;10658;7348440468790916;7348433911075288
1;10678;7348442936298358;7348436908334874
3;10659;7348445468850354;7348438913321349
3;10660;7348450468834924;7348443906439686
3;10661;7348455468804031;7348448913113278
1;10681;7348457943197473;7348452420285008
3;10662;7348460468905503;7348453913973026
1;10682;7348462924816257;7348454752046233
3;10663;7348465468881274;7348458905634965
1;10683;7348467915334966;7348461490927519
1;10684;7348472875101760;7348464356758176
1;10685;7348477855078003;7348469056479603
3;10665;7348475518986447;7348473922360714
3;10666;7348480519648509;7348473985567501
3;10667;7348485519696014;7348478910549029
3;10668;7348490519553285;7348483900396896
3;10669;7348495519420788;7348488905802359
3;10670;7348500519460442;7348493913712637
1;10690;7348502864847562;7348497887808305
3;10671;7348505519504504;7348498918230161
1;10691;7348507849174173;7348499695667150
3;10672;7348510519381043;7348503905785377
1;10692;7348512845582124;7348506296078392
3;10673;7348515519429114;7348508912919400
1;10693;7348517811104667;7348509420167759
3;10674;7348520519303936;7348513901748249
1;10694;7348522818216993;7348517496235145
3;10675;7348525469288076;7348518954056622
1;10695;7348527791785414;7348520984228256
0;10695;7348528265574162;7348521764133548
3;10676;7348530468394625;7348523914951515
3;10677;7348535468452947;7348528919892541
3;10678;7348540468367379;7348533911291519
3;10679;7348545468441478;7348538916729634
3;10680;7348550468532225;7348543905882648
3;10681;7348555468438333;7348548910156283
3;10682;7348560468501123;7348553915167073
1;10702;7348562792706203;7348558052117788
3;10683;7348565468397216;7348558905649847
3;10684;7348570468458244;7348563910108581
3;10685;7348575468521167;7348568916549595
3;10686;7348580468457234;7348573905776443
3;10687;7348585468523775;7348578909751981
1;10707;7348587786553594;7348581652126074
3;10688;7348590468425462;7348583898618342
1;10708;7348592742165807;7348584244624657
3;10689;7348595468466239;7348588918342977
1;10709;7348597729044242;7348592019531065
3;10690;7348600468486097;7348593905485524
3;10691;7348605468497521;7348598911413688
3;10692;7348610468553929;7348603918942447
1;10712;7348612720967557;7348606407267048
3;10693;7348615468432321;7348608907331579
1;10713;7348617694582924;7348609095918785
3;10694;7348620468445586;7348613910497785
1;10714;7348622685988247;7348616432478982
3;10695;7348625468461572;7348618914162579
3;10696;7348630468632408;7348623920705101
3;10697;7348635468666751;7348628910468158
3;10698;7348640468700328;7348633914502332
3;10699;7348645468583663;7348638905098028
3;10700;7348650468434284;7348643906985113
1;10720;7348652703655674;7348647979745713
3;10701;7348655468479857;7348648914199669
1;10721;7348657725469736;7348651115511075
3;10702;7348660468424863;7348653906752060
1;10722;7348662702333421;7348654418792420
3;10703;7348665468291366;7348658907866139
1;10723;7348667721663826;7348661015131660
3;10704;7348670468314831;7348663911939731
1;10724;7348672724823898;7348666256142123
3;10705;7348675468378711;7348668904819496
1;10725;7348677729867991;7348673692106510
3;10706;7348680468279713;7348673906025284
1;10726;7348682703875407;7348673996167883
3;10707;7348685468335881;7348678912112933
1;10727;7348687666692850;7348679337907854
3;10708;7348690468233080;7348683903396379
1;10728;7348692665861257;7348686873600776
3;10709;7348695468298673;7348688908691870
1;10729;7348697655076686;7348691232193733
3;10710;7348700468345667;7348693912879829
3;10711;7348705462640576;7348698914797641
1;10731;7348707624734769;7348699245679507
3;10712;7348710462549841;7348703905701323
3;10713;7348715462316730;7348708895566184
1;10733;7348717672724575;7348713774420271
3;10714;7348720462383212;7348713916174132
3;10715;7348725462317489;7348718903504547
1;10735;7348727649925573;7348718962234678
3;10716;7348730462238963;7348723909601588
3;10717;7348735462160499;7348728898627107
3;10718;7348740462237562;7348733918427505
1;10739;7348747632850469;7348740231199067
3;10720;7348750512196178;7348748910940716
1;10741;7348757664784131;7348752717445318
3;10721;7348755562202930;7348753907875781
1;10742;7348762660129300;7348758217592519
3;10722;7348760612247904;7348758911855372
1;10743;7348767624459398;7348759001785966
1;10745;7348777628396753;7348771568062568
3;10724;7348770712460684;7348773947963634
3;10725;7348775763526141;7348774025118544
1;10746;7348782623957298;7348776590892585
3;10726;7348780813630935;7348778916583724
1;10747;7348787619316298;7348781596982747
3;10727;7348785863566542;7348783905348669
1;10748;7348792620595699;7348784070805961
3;10728;7348790913511561;7348788912301295
1;10750;7348802620228090;7348793975860088
3;10730;7348801013757958;7348803929840195
3;10731;7348806064437249;7348803978347387
3;10732;7348811114474076;7348808917899163
3;10733;7348816164353070;7348813905886829
3;10734;7348821214442156;7348818914460450
1;10755;7348827616621943;7348821211399298
3;10735;7348826264503269;7348823917489426
3;10736;7348831314577695;7348828921004515
1;10757;7348837608310154;7348831179785719
1;10759;7348847627292605;7348843694155175
3;10738;7348841414724835;7348843924802894
3;10739;7348846465355828;7348843971582493
3;10740;7348851515316406;7348848911411348
1;10761;7348857652944138;7348851559528205
3;10741;7348856565383320;7348853918306340
3;10742;7348861615348594;7348858907956306
3;10743;7348866665425770;7348863925246498
3;10744;7348871715132966;7348868919168633
1;10765;7348877639021050;7348870440265201
3;10745;7348876765249370;7348873905619981
1;10766;7348882635697627;7348877219907369
3;10746;7348881815176050;7348878910239004
1;10767;7348887606491919;7348879063823081
3;10747;7348886865289357;7348883916836444
3;10748;7348891915273098;7348888903738200
3;10749;7348896965234616;7348893906283627
3;10750;7348902015190257;7348898911379692
3;10751;7348907065281385;7348903915517081
3;10752;7348912115186161;7348908903178967
3;10753;7348917165045343;7348913902821858
3;10754;7348922215068099;7348918907509790
1;10775;7348927620637612;7348922836130563
3;10755;7348927265085856;7348923915126460
3;10756;7348932314939196;7348928903842756
3;10757;7348937364941697;7348933909065445
3;10758;7348942414795539;7348938899694541
3;10759;7348947464816750;7348943904589914
3;10760;7348952514807935;7348948910695609
3;10761;7348957564794477;7348953914103822
3;10762;7348962614913021;7348958919437265
1;10783;7348967627723460;7348959920143830
3;10763;7348967664894971;7348963909270171
1;10784;7348972598173268;7348963986811366
3;10764;7348972714890698;7348968912894040
1;10785;7348977582623320;7348969466498181
3;10765;7348977764866446;7348973904014473
1;10787;7348987580350120;7348981775774187
3;10767;7348987864921249;7348988918593511
1;10789;7348997566350406;7348991724042637
3;10768;7348992964856634;7348993907511507
1;10790;7349002546109901;7348994427958979
3;10769;7348998064903859;7348998910357499
3;10770;7349003115028159;7349003934790806
1;10792;7349012566677298;7349006103370728
3;10771;7349008214240056;7349008906757300
1;10793;7349017567860211;7349011300006279
3;10772;7349013314224719;7349013909015316
1;10794;7349022569667708;7349017182680398
3;10773;7349018414395058;7349018917430786
3;10774;7349023514392247;7349023905521297
3;10775;7349028614373309;7349028911818944
1;10797;7349037558977553;7349031417667733
3;10776;7349033714344870;7349033915386093
3;10777;7349038814313446;7349038902642891
3;10778;7349043914238313;7349043905406272
3;10779;7349049014368504;7349048914767357
3;10780;7349054113995588;7349053916765019
3;10781;7349059213924753;7349058907868162
3;10782;7349064313844855;7349063911902678
3;10783;7349069413880736;7349068914879700
2;10805;7349078439061673;7349071324202231
1;10805;7349077582795446;7349071372193313
3;10784;7349074513915557;7349073920211731
3;10785;7349079613947987;7349078909125689
3;10786;7349084713990610;7349083914418580
3;10787;7349089813912431;7349088907349414
3;10788;7349094913972612;7349093911667687
3;10789;7349100013910646;7349098903912093
3;10790;7349105113805530;7349103906037998
3;10792;7349115264005404;7349118925763816
3;10793;7349120364757844;7349118984996101
3;10794;7349125464927482;7349123915582066
0;10816;7349133254944498;7349127265782507
3;10795;7349130564770826;7349128902677316
3;10796;7349135664791081;7349133907511080
3;10797;7349140764651497;7349138897455097
3;10798;7349145864491346;7349143902927360
3;10800;7349156014732621;7349158931459248
3;10801;7349161115557596;7349158992995357
1;10823;7349167587259727;7349162569902307
3;10802;7349166215609882;7349163919391168
3;10803;7349171315511022;7349168910819111
0;10825;7349178229682691;7349170473360545
3;10804;7349176415560452;7349173915411306
3;10806;7349186565731726;7349188931629838
3;10807;7349191666454383;7349188977363675
3;10808;7349196766439649;7349193905511807
3;10809;7349201866371409;7349198907375498
3;10810;7349206966488686;7349203918479754
3;10811;7349212066615172;7349208920514712
3;10813;7349222216675305;7349223917952902
3;10814;7349227317279049;7349223965194155
3;10815;7349232417253484;7349228903468653
3;10816;7349237517218712;7349233908635759
3;10817;7349242617348940;7349238916419131
3;10818;7349247717312820;7349243905080001
3;10819;7349252817290418;7349248910639374
3;10821;7349262967358516;7349263921607698
3;10822;7349268067996581;7349263969507558
3;10823;7349273168141298;7349268910038062
3;10824;7349278268155427;7349273917586680
3;10825;7349283368304902;7349278918452287
3;10826;7349288468267520;7349283905863448
1;10848;7349292584785582;7349286551393537
3;10827;7349293568379223;7349288909797360
3;10828;7349298668342323;7349293914737403
1;10850;7349302619270017;7349297475989371
3;10829;7349303718288989;7349298905607404
1;10851;7349307635638299;7349302733532816
3;10830;7349308768284454;7349303907422395
3;10831;7349313818501453;7349308933555117
3;10832;7349318818157825;7349313913600926
0;10854;7349323218578319;7349316818506536
3;10833;7349323867120809;7349318921417014
0;10855;7349328210372355;7349321968116778
3;10834;7349328917060215;7349323910524282
3;10835;7349333967201747;7349328919501813
3;10836;7349339017136439;7349333905770492
3;10837;7349344016946472;7349338910843453
3;10838;7349349066319196;7349343915619706
3;10839;7349354116319300;7349348917909590
3;10840;7349359166250547;7349353899011597
3;10841;7349364216301916;7349358919597328
3;10842;7349369266203035;7349363907601402
3;10844;7349379366212698;7349378921970713
3;10845;7349384366672131;7349378970746244
3;10846;7349389416083156;7349383912684881
3;10847;7349394465993161;7349388902411724
1;10869;7349397618515386;7349391151915643
3;10848;7349399515907416;7349393909731839
3;10849;7349404565967069;7349398913921659
3;10850;7349409615791418;7349403907681301
3;10851;7349414665694454;7349408909472186
2;10873;7349418443785441;7349412657866746
3;10852;7349419715754429;7349413911617487
0;10874;7349423196971662;7349414892146922
2;10874;7349423415529088;7349414913847091
3;10853;7349424765677975;7349418902593390
3;10854;7349429815588943;7349423907933355
3;10855;7349434865668102;7349428911654082
3;10856;7349439915786943;7349433918167686
3;10857;7349444965727656;7349438905450984
1;10880;7349452638855895;7349448831782067
3;10859;7349455065774429;7349453920194373
3;10860;7349460116417336;7349453967469651
1;10882;7349462643357850;7349456904753658
3;10861;7349465166505121;7349458911600354
1;10883;7349467642746406;7349459538648308
3;10862;7349470216600146;7349463917012263
3;10863;7349475266643278;7349468919439770
1;10885;7349477653638007;7349472914049630
3;10864;7349480316721622;7349473911677150
1;10886;7349482653870703;7349477006838961
3;10865;7349485366801446;7349478917047801
3;10866;7349490416881697;7349483907719656
3;10867;7349495466955270;7349488911947138
0;10889;7349498189503229;7349492167863307
3;10868;7349500517024718;7349493917640625
1;10890;7349502654330963;7349494111445220
0;10890;7349503200064154;7349498790640566
3;10869;7349505566964134;7349498908045475
3;10870;7349510616905330;7349503913556914
3;10871;7349515666860180;7349508904755183
0;10893;7349518196788888;7349511931920432
3;10872;7349520716843903;7349513911266347
3;10873;7349525766977860;7349518917410208
3;10875;7349535816952826;7349533916090139
3;10876;7349540817532556;7349533965484384
3;10877;7349545817491561;7349538906258035
3;10878;7349550817232340;7349543908868799
3;10879;7349555817337960;7349548917319279
3;10880;7349560817432950;7349553918514479
3;10881;7349565817309400;7349558905075808
3;10882;7349570817353302;7349563909911575
3;10883;7349575817259919;7349568902480640
3;10884;7349580817310371;7349573920431152
3;10885;7349585817363217;7349578907927604
3;10886;7349590817458280;7349583914912586
3;10887;7349595817492083;7349588918147832
3;10888;7349600817419885;7349593909545147
3;10890;7349610867844096;7349608950289304
3;10891;7349615868780370;7349609005530018
3;10892;7349620868711190;7349613907961550
3;10893;7349625868629804;7349618912073123
3;10894;7349630868706003;7349623916745541
3;10895;7349635868614730;7349628905291317
3;10896;7349640868637083;7349633909584686
3;10897;7349645868692205;7349638917179890
3;10898;7349650868703679;7349643905059515
3;10899;7349655868731834;7349648908853482
3;10900;7349660818632585;7349653915838972
3;10901;7349665817998671;7349658921604636
3;10902;7349670817940536;7349663909768533
3;10903;7349675818079110;7349668916534542
3;10904;7349680818207254;7349673920325511
1;10926;7349682653950173;7349674025805066
3;10905;7349685818333713;7349678910101045
1;10928;7349692655227827;7349686639786004
3;10907;7349695868552745;7349693924830496
3;10908;7349700819108835;7349693987068127
3;10909;7349705818297432;7349698911855273
1;10931;7349707662156177;7349702342293347
3;10910;7349710818269132;7349703916560881
3;10911;7349715818228791;7349708906785176
3;10912;7349720818184581;7349713910990291
3;10913;7349725767988195;7349718911991176
3;10914;7349730767403914;7349723918935579
1;10936;7349732685477732;7349726573864999
3;10915;7349735767493349;7349728914455311
3;10916;7349740767545870;7349733912627600
3;10917;7349745767548300;7349738918722585
3;10918;7349750767421663;7349743907851036
1;10940;7349752680941348;7349746205631160
3;10919;7349755717351807;7349748910967269
1;10941;7349757703098349;7349753511226804
3;10920;7349760716866369;7349753916650544
1;10942;7349762678807476;7349756390989451
3;10921;7349765716909577;7349758907789405
1;10943;7349767686070406;7349762484542122
3;10922;7349770716974719;7349763915149879
1;10944;7349772672615222;7349765844421793
3;10923;7349775716852599;7349768904207325
1;10945;7349777643997989;7349769245327251
3;10924;7349780716907167;7349773910536723
1;10946;7349782639074643;7349774205873015
3;10925;7349785716937766;7349778913699273
1;10947;7349787644279205;7349781639504236
3;10926;7349790666903173;7349783918148521
1;10948;7349792646943107;7349786707081855
3;10927;7349795666422322;7349788921422257
1;10949;7349797641327028;7349791122817854
3;10928;7349800666410098;7349793908815760
3;10929;7349805666373178;7349798913894575
3;10930;7349810666180424;7349803899177023
3;10931;7349815666207607;7349808908581838
3;10932;7349820666226214;7349813911658044
3;10933;7349825666307478;7349818922863932
3;10934;7349830666313948;7349823906254351
1;10956;7349832632838193;7349826791709872
3;10935;7349835666337641;7349828909791807
1;10957;7349837626746249;7349830519396638
3;10936;7349840666145734;7349833914364515
3;10937;7349845666063087;7349838905336251
1;10959;7349847620079150;7349843168546301
3;10938;7349850665947750;7349843909883219
1;10960;7349852648465320;7349846891948753
3;10939;7349855665822148;7349848897964182
1;10961;7349857647513714;7349851034400623
3;10940;7349860666206477;7349853957934587
3;10941;7349865666492614;7349858934384248
1;10963;7349867638127290;7349859315832853
3;10942;7349870666484384;7349863910020514
1;10964;7349872623598030;7349866287662349
3;10943;7349875666467899;7349868913971190
1;10967;7349887597241228;7349879195953509
1;10968;7349892639895206;7349888477337408
3;10946;7349890766791931;7349893950312894
3;10947;7349895817763825;7349893996201062
3;10948;7349900819306445;7349894073859437
1;10970;7349902635368116;7349896572208050
3;10949;7349905819314228;7349898908379554
3;10950;7349910769225025;7349903913050471
3;10951;7349915768700096;7349908918253123
3;10952;7349920768681236;7349913910798857
3;10953;7349925768785987;7349918912886747
3;10954;7349930768876992;7349923918832413
3;10955;7349935768806871;7349928906909622
3;10956;7349940768817943;7349933908788292
3;10957;7349945768850028;7349938912680587
3;10958;7349950768773814;7349943903996142
3;10959;7349955768836148;7349948908826819
3;10960;7349960768892274;7349953913546009
1;10982;7349962654731095;7349956035142080
3;10961;7349965768813166;7349958903743258
3;10962;7349970768673883;7349963904239387
1;10984;7349972655365283;7349964643664555
3;10963;7349975768698524;7349968907915153
1;10985;7349977645159910;7349970021193886
3;10964;7349980718641216;7349973914463520
1;10986;7349982665718726;7349978645111192
3;10965;7349985718148534;7349978918201476
3;10966;7349990718231241;7349983919870822
1;10988;7349992658721742;7349986121165861
3;10967;7349995718301027;7349988923990937
3;10968;7350000718253770;7349993914714137
3;10969;7350005718178020;7349998904102133
3;10970;7350010718133155;7350003912561275
3;10971;7350015718219923;7350008916396416
3;10972;7350020718145782;7350013904533158
1;10994;7350022666639771;7350017700137781
3;10974;7350030768194696;7350028922531968
3;10975;7350035768796652;7350028968240978
3;10976;7350040768759663;7350033909858018
3;10977;7350045768851265;7350038913915414
1;10999;7350047647027926;7350040459100367
2;10999;7350048415843552;7350041930876574
3;10978;7350050768784613;7350043904601068
1;11000;7350052638652250;7350043914478763
3;10979;7350055768708632;7350048909812259
1;11001;7350057635018706;7350051127573029
3;10980;7350060718663496;7350053911576433
3;10981;7350065718042559;7350058903390629
3;10982;7350070718064301;7350063908432369
3;10983;7350075718113286;7350068913767343
3;10985;7350085768215770;7350083927567635
3;10986;7350090768927471;7350083989684684
3;10987;7350095769045460;7350088916874623
3;10988;7350100769021147;7350093907480136
1;11010;7350102674455645;7350098300452216
3;10989;7350105769130756;7350098913441447
3;10990;7350110769163086;7350103923664256
3;10991;7350115769131807;7350108904799738
3;10992;7350120769118715;7350113913603329
2;11014;7350123391721674;7350116243503908
3;10993;7350125769119461;7350118918222502
3;10995;7350135819210499;7350133918649000
3;10996;7350140769374676;7350133966706970
3;10997;7350145768413846;7350138909447122
3;10998;7350150768491750;7350143915752045
3;10999;7350155768436116;7350148906509558
3;11000;7350160768377074;7350153910841285
3;11001;7350165768467258;7350158914309631
3;11002;7350170768554651;7350163918324132
3;11003;7350175768412753;7350168902989969
3;11004;7350180768438227;7350173907606889
3;11005;7350185768472086;7350178912239372
3;11006;7350190768331836;7350183901813928
3;11007;7350195768182098;7350188906630849
3;11008;7350200768225583;7350193914117103
3;11009;7350205768243780;7350198918354199
3;11010;7350210768117714;7350203907718870
3;11011;7350215768011218;7350208899451579
3;11012;7350220717793157;7350213903024407
3;11013;7350225717139606;7350218921713048
3;11014;7350230717147706;7350223912665313
3;11015;7350235717171548;7350228918944895
1;11037;7350237673813998;7350228992314812
3;11016;7350240717208493;7350233910479565
1;11038;7350242664826354;7350236989043805
3;11017;7350245717254253;7350238915566372
1;11039;7350247681278519;7350241340883736
3;11018;7350250717192974;7350243905863363
1;11040;7350252687212242;7350246889450580
3;11019;7350255717126112;7350248912249281
3;11021;7350265767250397;7350263926883814
3;11022;7350270768019096;7350263989497412
3;11023;7350275767988193;7350268915632443
3;11024;7350280768108588;7350273919890268
3;11025;7350285768058246;7350278905933205
3;11026;7350290768003270;7350283911152857
3;11027;7350295768102610;7350288917723256
3;11028;7350300767996902;7350293904579225
3;11029;7350305768034956;7350298908012733
3;11030;7350310768073760;7350303914417194
3;11031;7350315768100078;7350308916331074
3;11032;7350320767981738;7350313906314524
3;11033;7350325767909423;7350318914190763
3;11034;7350330767996576;7350323917531039
3;11035;7350335767899279;7350328904164935
3;11036;7350340768024712;7350333911720241
3;11037;7350345768080726;7350338914183345
3;11038;7350350768145070;7350343918092359
1;11060;7350352710927441;7350346791687852
3;11039;7350355768012855;7350348909642436
3;11040;7350360768105868;7350353915555644
3;11041;7350365768237039;7350358922909018
3;11042;7350370768170355;7350363907696177
2;11064;7350373411792675;7350366157421390
3;11043;7350375768216082;7350368909909016
3;11044;7350380768141480;7350373902422953
3;11045;7350385768229455;7350378906761842
3;11046;7350390767773318;7350383912320952
3;11047;7350395767453047;7350388902357233
3;11048;7350400767425788;7350393907294534
3;11049;7350405767407046;7350398912097009
2;11071;7350408384958505;7350399610351874
3;11050;7350410667082047;7350403917812674
3;11051;7350415616170451;7350408905041498
2;11073;7350418399749907;7350412513692524
3;11052;7350420614534939;7350413910308396
3;11053;7350425614606273;7350418915512919
3;11054;7350430614679679;7350423920390869
2;11076;7350433411095909;7350427368666827
3;11055;7350435614608637;7350428911149099
2;11077;7350438386925028;7350430072751993
3;11056;7350440614650116;7350433914946800
3;11057;7350445614557221;7350438903597152
3;11058;7350450614438515;7350443906961778
2;11080;7350453406349829;7350447914597126
3;11059;7350455614499242;7350448912982462
3;11060;7350460614590380;7350453917902023
1;11082;7350462704645746;7350456868065584
3;11061;7350465614527930;7350458906435599
1;11083;7350467716949088;7350462214562511
3;11062;7350470614595593;7350463910762430
3;11063;7350475614653969;7350468914664397
3;11064;7350480614587331;7350473906882188
3;11065;7350485614667240;7350478911734114
3;11066;7350490614801938;7350483917709181
3;11067;7350495614809428;7350488908664244
0;11089;7350498203339610;7350493699987432
3;11068;7350500614807589;7350493914279688
3;11069;7350505614668335;7350498904276077
3;11070;7350510614541377;7350503907175025
3;11071;7350515614413586;7350508911211838
3;11072;7350520614442273;7350513917582933
3;11073;7350525614487615;7350518908636176
3;11074;7350530614522883;7350523916088045
3;11075;7350535614397094;7350528903817574
3;11076;7350540614445652;7350533909389075
3;11077;7350545564350761;7350538913042811
1;11099;7350547699052884;7350541262497386
3;11078;7350550563850080;7350543918172938
3;11079;7350555563874111;7350548912261027
3;11080;7350560563890557;7350553915560231
3;11081;7350565563886950;7350558904240438
3;11082;7350570563890135;7350563910130651
1;11104;7350572703694641;7350567116301548
3;11083;7350575564065521;7350568929114990
1;11105;7350577703415704;7350569216731053
1;11107;7350587701514505;7350581829411173
3;11085;7350585614180278;7350583914866357
3;11086;7350590614764941;7350583966898628
1;11108;7350592689974991;7350585253315561
3;11087;7350595614823361;7350588919609364
1;11109;7350597690073302;7350589105749796
3;11088;7350600564610362;7350593906267634
1;11110;7350602668544489;7350594279597699
3;11089;7350605563833568;7350598912005066
1;11111;7350607630042020;7350599129498765
3;11090;7350610563845484;7350603918066304
3;11091;7350615563847387;7350608907670571
3;11092;7350620563853185;7350613914021116
3;11093;7350625563802689;7350618918614636
1;11115;7350627630887670;7350621200076003
3;11094;7350630563804596;7350623904990470
3;11095;7350635563763501;7350628909493879
3;11096;7350640563735164;7350633915388859
1;11118;7350642627713868;7350634101412162
3;11097;7350645513743167;7350638919449188
1;11119;7350647607181974;7350638961942370
3;11098;7350650513030342;7350643895424614
1;11120;7350652584486231;7350643986567741
3;11099;7350655512962720;7350648902684719
1;11121;7350657561327387;7350651376222107
3;11100;7350660512851677;7350653904647845
3;11101;7350665512745836;7350658895925323
3;11102;7350670512795224;7350663915779944
1;11124;7350672598388095;7350667702238533
1;11125;7350677596109288;7350669110027174
3;11104;7350680563128511;7350678947638282
3;11105;7350685563902031;7350678995676397
3;11106;7350690563945087;7350683907295385
3;11107;7350695564017210;7350688914819252
3;11108;7350700563932375;7350693903755923
1;11130;7350702590886188;7350696351290801
3;11109;7350705563997235;7350698908299978
1;11131;7350707568801782;7350699023753224
3;11110;7350710564049070;7350703911814450
1;11132;7350712596402185;7350707005719893
3;11111;7350715564053884;7350708914598572
1;11133;7350717585813674;7350712715569209
3;11112;7350720563914167;7350713904382467
1;11134;7350722606623835;7350716043250696
3;11113;7350725563988623;7350718915164445
3;11114;7350730564168870;7350723917476309
1;11136;7350732630998436;7350727668659193
3;11115;7350735564207050;7350728906842275
1;11137;7350737615551005;7350731172702318
1;11139;7350747572680233;7350738930515094
3;11117;7350745614227174;7350743923725604
3;11118;7350750614960198;7350743985967490
0;11140;7350753210626524;7350747097389785
3;11119;7350755614888614;7350748911786651
0;11141;7350758224997889;7350753270107763
3;11120;7350760614949481;7350753916566234
3;11121;7350765615014339;7350758922052066
0;11143;7350768249071075;7350763067691634
3;11123;7350775665154351;7350773919864567
3;11124;7350780665713262;7350773968140227
3;11125;7350785615831369;7350778938694563
3;11126;7350790615068649;7350783913225450
3;11127;7350795614930798;7350788901847261
3;11128;7350800614770353;7350793903845795
3;11129;7350805614811507;7350798910048609
3;11130;7350810614859658;7350803915967947
3;11131;7350815614741320;7350808905889420
2;11153;7350818424557853;7350811724548692
3;11132;7350820614820143;7350813912461576
3;11133;7350825614936942;7350818919692487
3;11134;7350830614882683;7350823908991390
3;11135;7350835614881041;7350828916166728
3;11136;7350840614859154;7350833904125809
3;11137;7350845614790205;7350838907295965
3;11138;7350850614766097;7350843915120156
3;11139;7350855614936591;7350848921214316
3;11140;7350860614917763;7350853909837447
1;11164;7350872603136100;7350867047372781
3;11142;7350870665195950;7350868942002000
3;11143;7350875666054287;7350869003926086
1;11165;7350877603294281;7350871583880706
3;11144;7350880666099222;7350873914135960
3;11145;7350885666014168;7350878907050240
3;11146;7350890665884997;7350883909992092
3;11147;7350895665975210;7350888916717456
3;11148;7350900665946757;7350893907063629
3;11149;7350905666064914;7350898914238588
3;11150;7350910666051896;7350903905459930
3;11151;7350915665994340;7350908906565414
3;11152;7350920666103950;7350913913318233
1;11175;7350927611515668;7350922413031170
3;11154;7350930716293754;7350928926274804
3;11155;7350935716919526;7350928974674405
1;11177;7350937621122538;7350932557669700
3;11156;7350940716938668;7350933919726729
3;11157;7350945716973009;7350938908475818
3;11158;7350950717669194;7350943979927054
1;11180;7350952640471643;7350946005716356
3;11159;7350955717548760;7350948903469521
0;11181;7350958254713944;7350953008311910
3;11160;7350960717435942;7350953909108996
3;11161;7350965717482153;7350958915770243
1;11183;7350967664708794;7350961399575324
3;11162;7350970717401087;7350963906840140
1;11184;7350972642984691;7350964038989006
3;11163;7350975717493221;7350968912810645
3;11164;7350980717622490;7350973919888782
3;11165;7350985717599898;7350978910723147
1;11187;7350987649585971;7350981839913722
3;11166;7350990717556026;7350983913514858
3;11167;7350995717660375;7350988916870581
1;11189;7350997630480230;7350991783581094
3;11168;7351000717618804;7350993906605485
1;11190;7351002638240140;7350997335519092
3;11169;7351005717607904;7350998913574437
1;11193;7351017656933737;7351012309624956
3;11172;7351020818087318;7351023954823694
3;11173;7351025869020259;7351024005028233
1;11198;7351042649209140;7351036447447853
1;11199;7351047672078296;7351041350738569
3;11176;7351040970783754;7351044094058677
3;11177;7351046023102451;7351044140534010
3;11178;7351051026017623;7351044205797048
1;11200;7351052653144119;7351045942712719
3;11179;7351056026035195;7351048906033131
3;11180;7351061026109969;7351053914652446
1;11202;7351062666579141;7351056263646062
3;11181;7351066026038719;7351058904086739
3;11182;7351071025933964;7351063907107265
3;11184;7351081076192563;7351078934496173
3;11185;7351086076838136;7351078980645523
3;11186;7351091076895195;7351083909523352
3;11187;7351096076958860;7351088915755704
3;11188;7351101076901085;7351093907265393
1;11210;7351102692866026;7351096615499959
3;11189;7351106077125359;7351098940600282
2;11211;7351108417892714;7351101678979286
3;11190;7351111077130301;7351103912755365
3;11191;7351116077014013;7351108903931381
3;11192;7351121077051671;7351113908006163
3;11193;7351126077095707;7351118914534270
3;11194;7351131076862953;7351123905839461
3;11195;7351136026809900;7351128909560907
3;11196;7351141026295447;7351133915453497
3;11198;7351151076222724;7351148912337082
0;11221;7351158215987611;7351149532737388
1;11223;7351167719116835;7351162091579018
3;11200;7351161176441574;7351163928152716
3;11201;7351166227351377;7351164002985204
3;11202;7351171277336796;7351168916608291
3;11203;7351176327478189;7351173921809647
3;11204;7351181377455885;7351178911790907
3;11205;7351186427440262;7351183917052526
3;11206;7351191477499901;7351188910954180
3;11207;7351196527615757;7351193921079466
3;11208;7351201577532339;7351198907047026
3;11210;7351211677548436;7351213921059003
3;11211;7351216728449097;7351213985490701
3;11212;7351221778579621;7351218915737148
3;11213;7351226828701016;7351223916787356
3;11214;7351231878799702;7351228905793965
3;11215;7351236928727474;7351233908557077
3;11216;7351241928370575;7351238911948460
3;11217;7351246977431884;7351243901807192
3;11218;7351252027409883;7351248905095275
3;11219;7351257077355302;7351253909361329
3;11220;7351262127484762;7351258916701713
3;11221;7351267177584059;7351263918229687
1;11244;7351272723893106;7351267253401398
3;11222;7351272227532835;7351268906692147
3;11223;7351277277535151;7351273914830258
0;11246;7351283189006958;7351275028654149
3;11224;7351282327529706;7351278903837964
3;11225;7351287377472948;7351283909488631
3;11226;7351292427439991;7351288914180452
3;11227;7351297477406386;7351293903481885
3;11228;7351302477270445;7351298910131446
2;11251;7351308418195080;7351302483983168
0;11251;7351308177236516;7351302532014117
3;11229;7351307526556028;7351303914525816
0;11252;7351313150527081;7351304831602725
2;11252;7351313412128013;7351307787591461
1;11252;7351312741780081;7351308512740256
3;11230;7351312576459011;7351308902084915
1;11253;7351317764138182;7351311663769090
0;11253;7351318165570135;7351311695504724
3;11231;7351317626409498;7351313911614888
0;11254;7351323145828538;7351314607377818
3;11232;7351322676386135;7351318919715685
3;11233;7351327676258408;7351323907091689
0;11256;7351333163477338;7351328425559508
3;11234;7351332725695032;7351328911802812
3;11235;7351337775466016;7351333915792922
3;11236;7351342825545302;7351338921154096
3;11237;7351347875604506;7351343907767709
3;11238;7351352925698262;7351348913221509
3;11239;7351357975612888;7351353901511118
3;11240;7351363025500198;7351358904698833
3;11241;7351368075518002;7351363907669806
3;11242;7351373125570665;7351368917727890
3;11243;7351378175578181;7351373920444079
3;11244;7351383225606227;7351378911795936
3;11245;7351388275623715;7351383917915506
3;11246;7351393325796698;7351388921423964
1;11269;7351397771942086;7351391883761129
3;11247;7351398375797952;7351393907421365
3;11248;7351403425749953;7351398910320338
3;11249;7351408475697966;7351403916015619
3;11250;7351413525663043;7351408906344951
3;11251;7351418525348033;7351413910500933
3;11252;7351423574451142;7351418914237011
3;11253;7351428624369811;7351423906002782
3;11254;7351433674392454;7351428909314565
3;11255;7351438724424152;7351433913161685
3;11256;7351443774304648;7351438904766981
3;11257;7351448824305612;7351443907159936
3;11258;7351453874300379;7351448913715345
3;11259;7351458924422065;7351453917628507
3;11260;7351463974409760;7351458905335008
1;11283;7351467790774534;7351463183251092
3;11261;7351469024370917;7351463909434034
1;11284;7351472784061644;7351466511391266
1;11286;7351482799931127;7351478004616191
3;11263;7351479074336552;7351478922838197
3;11264;7351484124286481;7351478969667360
3;11265;7351489174215123;7351483912591051
0;11288;7351493167132175;7351484612432852
1;11288;7351492799768492;7351486355929695
3;11266;7351494224303589;7351488917322360
3;11267;7351499273720447;7351493921612825
3;11268;7351504323814401;7351498912864965
1;11291;7351507810609161;7351503653969256
3;11269;7351509373883831;7351503916051948
1;11292;7351512788456812;7351504336158587
3;11270;7351514423774601;7351508904847239
1;11293;7351517779573631;7351511587671384
3;11271;7351519473823834;7351513911763639
3;11272;7351524523875932;7351518918020467
1;11295;7351527780632595;7351522839429218
3;11273;7351529573761230;7351523908418668
1;11296;7351532780543084;7351526142964515
3;11274;7351534623799814;7351528914581577
1;11297;7351537758337139;7351531611187592
3;11275;7351539673876031;7351533921136470
3;11276;7351544723824054;7351538911672853
3;11278;7351554824168626;7351553941062807
3;11279;7351559874906522;7351553987364117
3;11280;7351564824362595;7351558900430886
3;11281;7351569823362422;7351563905011013
3;11282;7351574771519214;7351568909737979
3;11283;7351579769296888;7351573918301258
3;11284;7351584816432590;7351578919367198
3;11285;7351589866469414;7351583909715616
3;11286;7351594916468180;7351588914529027
3;11287;7351599966457149;7351593902983784
3;11288;7351605016439863;7351598905378454
3;11289;7351610016214877;7351603911997735
3;11290;7351615065658917;7351608925049522
3;11291;7351620115628052;7351613906436941
3;11292;7351625165565898;7351618909540232
3;11293;7351630215665921;7351623917267704
1;11316;7351632772286294;7351628299669174
3;11294;7351635265302589;7351628904267173
2;11317;7351638420059493;7351632911276965
2;11318;7351643439116232;7351638232846756
3;11296;7351645365664463;7351643948942835
3;11297;7351650416551443;7351643992629328
3;11298;7351655466550563;7351648907918000
3;11299;7351660516511342;7351653910612327
3;11300;7351665566487360;7351658903441094
3;11301;7351670616460157;7351663906840599
3;11302;7351675666401659;7351668909603699
0;11325;7351678146971084;7351670648040531
1;11325;7351677800500550;7351672360073804
3;11303;7351680666470235;7351673919194701
3;11304;7351685616259994;7351678907128651
2;11327;7351688414483635;7351681231441612
3;11305;7351690615373933;7351683914379075
3;11306;7351695615243828;7351688903597852
3;11307;7351700615251857;7351693922612451
3;11308;7351705615228499;7351698909455208
0;11331;7351708149547270;7351701858998913
3;11309;7351710615194838;7351703913686341
3;11310;7351715615130844;7351708904554761
3;11311;7351720614998289;7351713907823778
3;11312;7351725615059622;7351718913180359
3;11313;7351730565034899;7351723918586797
3;11314;7351735564417335;7351728923734427
3;11315;7351740564386065;7351733912609955
3;11316;7351745564384035;7351738916584355
3;11317;7351750564421018;7351743909492254
3;11318;7351755564485444;7351748914999754
3;11319;7351760564633056;7351753926709530
3;11320;7351765564845371;7351758923038776
3;11321;7351770564891862;7351763909744446
3;11322;7351775564949460;7351768915121267
3;11323;7351780565013738;7351773923129510
3;11324;7351785564913659;7351778908221680
2;11349;7351798414024731;7351791858456208
3;11326;7351795615182060;7351793933532354
3;11327;7351800615839246;7351793980548849
3;11328;7351805615895700;7351798909483312
3;11329;7351810615945787;7351803914497401
3;11330;7351815615993578;7351808918959506
3;11331;7351820616162135;7351813920337612
2;11354;7351823395400805;7351814427598618
3;11332;7351825616182845;7351818912202458
3;11333;7351830616214511;7351823917692397
3;11334;7351835616257235;7351828906357243
3;11336;7351845666504182;7351843936309575
3;11337;7351850667151128;7351843984410326
3;11338;7351855667153728;7351848907351538
3;11339;7351860667177716;7351853914201614
3;11340;7351865667084348;7351858906456081
3;11341;7351870666948520;7351863907571214
3;11342;7351875667130524;7351868925968154
3;11343;7351880667160088;7351873916177931
3;11344;7351885667358382;7351878921340501
3;11345;7351890667421283;7351883910988857
3;11346;7351895667516493;7351888917190809
3;11347;7351900667407841;7351893906862670
0;11370;7351903173929248;7351896423495188
3;11348;7351905667319530;7351898911613037
3;11349;7351910667359560;7351903915798741
3;11350;7351915667204349;7351908902394509
3;11351;7351920667056393;7351913906628238
3;11352;7351925667117928;7351918913574905
3;11353;7351930667031852;7351923901712945
3;11354;7351935666915226;7351928904352998
3;11355;7351940666957530;7351933910575306
3;11356;7351945667038222;7351938918570188
2;11379;7351948406216556;7351943470644135
3;11357;7351950666969603;7351943907375128
3;11358;7351955667027450;7351948911787545
3;11359;7351960667091520;7351953915721599
3;11360;7351965667035461;7351958907555725
3;11361;7351970667100754;7351963911296422
3;11362;7351975667211926;7351968918277160
3;11363;7351980667214248;7351973913947474
3;11364;7351985667149595;7351978911163222
3;11365;7351990667414637;7351983931839236
3;11366;7351995667387703;7351988906740630
3;12210;7356215617278070;7356208911874920
3;12211;7356220616745829;7356213916443314
3;12212;7356225616714717;7356218909479993
3;12213;7356230616669460;7356223912796640
3;12214;7356235616604781;7356228915144770
3;12215;7356240616598157;7356233912202627
3;12216;7356245616525549;7356238908791138
3;12217;7356250616618487;7356243914140998
3;12218;7356255616711057;7356248921020572
3;12219;7356260616757297;7356253922644592
3;12220;7356265616814438;7356258914132797
1;12243;7356267794506527;7356262314647160
0;12243;7356268166280764;7356262474541892
3;12221;7356270616873760;7356263920513869
1;12244;7356272786461482;7356266202334563
0;12244;7356273198489568;7356267278475032
3;12222;7356275616735965;7356268907357071
3;12223;7356280616745420;7356273912618054
3;12224;7356285566500908;7356278916611543
3;12225;7356290565688183;7356283906091706
3;12226;7356295565807482;7356288912360724
0;12249;7356298226431814;7356292855800705
3;12227;7356300565930478;7356293917310903
0;12250;7356303239671049;7356296585448364
3;12228;7356305566040870;7356298920777120
3;12229;7356310565974953;7356303911709545
1;12252;7356312809687267;7356306434023738
3;12230;7356315565935949;7356308915466932
3;12231;7356320565878597;7356313903980369
1;12254;7356322852941175;7356318351195808
3;12232;7356325565807786;7356318907447839
3;12233;7356330565887552;7356323910960329
1;12256;7356332832462646;7356324591933096
3;12234;7356335565969156;7356328913538867
1;12257;7356337828862175;7356331982246271
3;12235;7356340565877754;7356333902857487
1;12258;7356342810896580;7356334777305495
3;12236;7356345565720993;7356338909373518
3;12237;7356350565807447;7356343915082276
3;12238;7356355565751159;7356348903911555
1;12263;7356367828297814;7356362945754562
3;12240;7356365615852950;7356363927446656
3;12241;7356370616566885;7356363975660797
3;12242;7356375566258230;7356368918077258
1;12265;7356377808659588;7356371547404312
3;12243;7356380565406252;7356373907431401
1;12266;7356382786214945;7356374146525193
3;12244;7356385565460822;7356378913375064
1;12267;7356387779801187;7356381843166379
3;12245;7356390565529576;7356383917487710
1;12268;7356392792230541;7356387087357196
3;12246;7356395565549861;7356388905469555
1;12269;7356397814057740;7356391428047084
3;12247;7356400565603119;7356393912166399
3;12248;7356405565685349;7356398917826675
1;12271;7356407832696214;7356401069720407
3;12249;7356410565529606;7356403903620314
3;12250;7356415565528772;7356408907045114
3;12251;7356420565513580;7356413912859894
1;12274;7356422839374103;7356417307293210
3;12252;7356425565546618;7356418906901631
1;12275;7356427850633412;7356422833012912
3;12253;7356430565465484;7356423914499105
1;12276;7356432857724142;7356426831890808
3;12254;7356435565544872;7356428917394097
1;12277;7356437845081695;7356430527465069
3;12255;7356440565494835;7356433908682566
2;12278;7356443400691154;7356437515126842
3;12256;7356445565573311;7356438912402475
1;12279;7356447832158907;7356439227117856
3;12257;7356450565647213;7356443915213925
1;12280;7356452837389642;7356448691619805
3;12258;7356455565730035;7356448921462493
1;12281;7356457836864093;7356451839393857
3;12259;7356460565637769;7356453909360203
3;12260;7356465565542052;7356458914162632
3;12261;7356470565467923;7356463905197082
3;12262;7356475565395104;7356468909302437
3;12263;7356480565419004;7356473911882505
3;12264;7356485565456908;7356478918790023
3;12265;7356490565274912;7356483908509998
3;12266;7356495565190156;7356488914563358
1;12291;7356507847450211;7356502093012322
3;12268;7356505615305468;7356503921275819
3;12269;7356510615831860;7356503967760370
1;12292;7356512872569202;7356506827732001
3;12270;7356515615736462;7356508913589631
3;12271;7356520615823798;7356513916955290
3;12272;7356525565549174;7356518906070057
3;12273;7356530564872201;7356523912851606
3;12274;7356535564943945;7356528916657624
1;12299;7356547877351981;7356541765940138
3;12276;7356545614940224;7356543914125169
3;12277;7356550615379028;7356543962839832
3;12279;7356560665452498;7356558927684670
3;12280;7356565666076772;7356558974629874
3;12281;7356570666068485;7356563916863738
3;12282;7356575666096980;7356568909206856
3;12283;7356580615830396;7356573909651103
1;12306;7356582922740186;7356578734773980
3;12284;7356585615149637;7356578916334428
1;12307;7356587901592086;7356581362527419
3;12285;7356590615276809;7356583920068693
3;12286;7356595615217390;7356588908259725
3;12287;7356600615292731;7356593913990100
1;12310;7356602902125943;7356596625593590
3;12288;7356605615417235;7356598920021579
1;12311;7356607910328174;7356601855365439
3;12289;7356610615241107;7356603908355207
3;12290;7356615615226687;7356608914735846
1;12313;7356617925217981;7356611132645306
0;12313;7356618231916860;7356611515662989
3;12291;7356620615211352;7356613919807077
3;12292;7356625615185688;7356618908422376
3;12293;7356630615133720;7356623911994098
3;12294;7356635615252095;7356628918700083
1;12317;7356637926877990;7356630187194805
3;12295;7356640615331329;7356633919536486
0;12318;7356643206635574;7356634074009131
3;12296;7356645615278657;7356638910531621
1;12319;7356647886676125;7356639624924621
3;12297;7356650615418605;7356643916389233
1;12320;7356652891906793;7356646644232391
3;12298;7356655615561462;7356648920913926
3;12299;7356660615517887;7356653909217295
3;12300;7356665615603967;7356658910320969
3;12301;7356670615559040;7356663899860387
3;12302;7356675615638943;7356668918565553
1;12325;7356677879153531;7356671424811739
3;12303;7356680615519615;7356673906637451
3;12304;7356685615579279;7356678913341715
3;12305;7356690615651389;7356683918998480
1;12328;7356692888643985;7356686408145646
3;12306;7356695615569750;7356688907557588
3;12307;7356700615647548;7356693915335721
2;12330;7356703394533818;7356697598710171
3;12308;7356705615710324;7356698917574124
2;12331;7356708380849687;7356701624310346
3;12309;7356710615718758;7356703919120479
2;12332;7356713368194528;7356706948977485
3;12310;7356715615642575;7356708906329229
1;12333;7356717928336037;7356712883684158
3;12311;7356720615493756;7356713896281407
1;12334;7356722951216845;7356718415653734
3;12312;7356725615335295;7356718915993147
1;12335;7356727923643128;7356720543080719
3;12313;7356730615321569;7356723905368068
3;12314;7356735615336808;7356728913398663
3;12315;7356740615325065;7356733915269125
0;12338;7356743217249336;7356738767363831
3;12316;7356745615303822;7356738907355617
3;12318;7356755665419867;7356753924401212
3;12319;7356760665997350;7356753972892949
1;12342;7356762962730330;7356757901034910
3;12320;7356765666008493;7356758913316964
1;12343;7356767963830118;7356762099022625
3;12322;7356775716225865;7356773930528434
3;12323;7356780716858970;7356773977451402
3;12325;7356790766762760;7356788911399529
2;12349;7356798391022109;7356793624657185
3;12326;7356795816713935;7356793917761989
3;12327;7356800866645074;7356798907246729
3;12328;7356805916573093;7356803913315830
3;12330;7356816016744643;7356818924512050
3;12331;7356821067343581;7356818972512018
3;12332;7356826117340550;7356823916308539
3;12333;7356831167332027;7356828905239299
3;12334;7356836217337454;7356833912903555
1;12358;7356842974184163;7356837376288118
3;12335;7356841267346231;7356838918188539
1;12359;7356847957847497;7356840255784175
3;12336;7356846317170615;7356843903215464
3;12337;7356851367184504;7356848913098430
3;12338;7356856417194673;7356853916483795
3;12339;7356861467201929;7356858904705916
3;12340;7356866517220041;7356863909259075
3;12341;7356871567241911;7356868913147254
1;12365;7356877956530465;7356871659984694
3;12342;7356876617433885;7356873932736224
1;12366;7356882956843552;7356876899374350
3;12343;7356881667501926;7356878909661592
1;12367;7356887926452571;7356879175464134
3;12344;7356886717535027;7356883912683572
3;12345;7356891767439587;7356888905538132
3;12346;7356896817474218;7356893907374751
3;12347;7356901817317668;7356898911791623
1;12371;7356907929599529;7356901577193197
3;12348;7356906866598392;7356903903733213
3;12349;7356911916448740;7356908903112068
3;12350;7356916966467525;7356913909309850
3;12351;7356922016489943;7356918915616771
3;12352;7356927066516389;7356923920132174
3;12353;7356932116548864;7356928908717051
3;12354;7356937166573597;7356933914639729
3;12355;7356942216574065;7356938917873543
3;12356;7356947266604812;7356943906695072
3;12357;7356952316668252;7356948913389001
3;12358;7356957366574234;7356953903457988
3;12359;7356962416604214;7356958909899818
3;12360;7356967466622886;7356963916366330
3;12361;7356972516520155;7356968907121049
3;12362;7356977566551108;7356973911777905
3;12363;7356982616602821;7356978917573822
3;12364;7356987666527552;7356983907687077
3;12365;7356992716428307;7356988911538021
3;12366;7356997766516504;7356993918179997
3;12367;7357002816445466;7356998907058722
3;12368;7357007866510035;7357003911654146
1;12392;7357012927930314;7357006949380128
3;12369;7357012916584540;7357008916752852
3;12370;7357017966644198;7357013917848356
1;12394;7357022960837180;7357017507417598
3;12371;7357023016540530;7357018908423167
3;12372;7357028066567429;7357023911199979
3;12373;7357033116570428;7357028914863220
1;12397;7357037957539643;7357031499657427
3;12374;7357038116408908;7357033905123847
3;12375;7357043165800759;7357038906945514
3;12376;7357048215815208;7357043915034537
3;12377;7357053265691028;7357048904537385
3;12378;7357058315748979;7357053911865243
3;12379;7357063365767711;7357058914724756
3;12380;7357068415629375;7357063902824045
3;12381;7357073415585980;7357068909785577
3;12382;7357078465095386;7357073913780417
3;12383;7357083464983680;7357078916513988
3;12384;7357088514303635;7357083906625370
3;12385;7357093564201311;7357088906631165
3;12386;7357098614236389;7357093912714679
3;12387;7357103664517340;7357098937746350
3;12388;7357108714412268;7357103905827066
3;12389;7357113764307813;7357108909623329
3;12390;7357118814391425;7357113916620876
1;12414;7357122967326845;7357116232035771
3;12391;7357123864324485;7357118907296064
1;12415;7357127970725064;7357119445571587
3;12392;7357128914223167;7357123909889707
1;12416;7357132987446435;7357125951734866
3;12393;7357133964163158;7357128902354458
3;12394;7357139014092919;7357133907711986
3;12395;7357144064042231;7357138914738140
1;12419;7357148010357962;7357141420651390
3;12396;7357149114020389;7357143906238180
3;12397;7357154164033628;7357148913318004
3;12398;7357159214029373;7357153918274573
3;12399;7357164263931240;7357158909723060
1;12423;7357168033279346;7357163492214550
3;12400;7357169313976292;7357163915036843
2;12424;7357173372425302;7357164148097841
3;12401;7357174363981364;7357168916896578
3;12402;7357179414019681;7357173924745662
3;12403;7357184464053318;7357178912581031
3;12404;7357189514115576;7357183916546747
1;12428;7357193059514637;7357186724941295
3;12405;7357194564194676;7357188907770506
3;12406;7357199614103763;7357193909474043
3;12407;7357204664172938;7357198913555110
3;12408;7357209714113546;7357203907402492
1;12432;7357213094969548;7357207507433513
3;12409;7357214764028093;7357208910452965
3;12410;7357219814119455;7357213916693740
3;12411;7357224864018597;7357218905249965
3;12412;7357229913915491;7357223907263498
3;12413;7357234963839643;7357228911535581
3;12414;7357240013963736;7357233918738701
0;12438;7357243240293079;7357238244043571
3;12415;7357245064145932;7357238914500873
3;12416;7357250114106710;7357243912071068
0;12440;7357253262995032;7357248721158169
3;12417;7357255164228910;7357248917588095
0;12441;7357258275470129;7357253660852773
3;12418;7357260214174307;7357253907938278
3;12419;7357265264162241;7357258914062582
3;12420;7357270314136721;7357263904803619
3;12421;7357275314028998;7357268913628878
3;12422;7357280363459716;7357273915964701
2;12447;7357288396554588;7357281874541189
0;12447;7357288299862113;7357281906355763
3;12424;7357290464036928;7357288971038177
3;12425;7357295464945352;7357289021370587
2;12449;7357298388148422;7357292703463327
3;12426;7357300514331231;7357293916039475
2;12450;7357303390308447;7357296837413282
3;12427;7357305514547468;7357298933023193
3;12428;7357310514468175;7357303909832651
2;12452;7357313423343400;7357307790974023
3;12429;7357315514558435;7357308916272697
2;12453;7357318432336739;7357313346343365
3;12430;7357320514494292;7357313906901660
3;12431;7357325464333309;7357318908413658
3;12432;7357330463770415;7357323916222552
3;12433;7357335463652842;7357328904551128
3;12434;7357340463678211;7357333907776198
3;12435;7357345463715864;7357338916668975
3;12436;7357350463574755;7357343904077603
0;12460;7357353305046298;7357348212277930
2;12460;7357353433727155;7357348324428648
3;12437;7357355463608824;7357348906622459
1;12462;7357363094722085;7357353961821425
3;12439;7357365513686693;7357363920885361
3;12441;7357375564488356;7357373996650099
3;12442;7357380565868612;7357374042731392
3;12443;7357385565843994;7357378906797156
3;12444;7357390565821443;7357383910892159
1;12468;7357393098609974;7357386765010996
0;12468;7357393312842194;7357388476930142
3;12445;7357395565640163;7357388914608300
3;12446;7357400565610851;7357393906730435
3;12447;7357405565605600;7357398912158477
3;12448;7357410565723059;7357403917284090
3;12449;7357415565726327;7357408907701543
2;12473;7357418428425853;7357412303375681
3;12450;7357420565707793;7357413909938282
2;12474;7357423384711948;7357414013773286
0;12474;7357423297887736;7357417148126684
3;12451;7357425565808520;7357418913805902
0;12475;7357428280768544;7357421339967445
2;12475;7357428375758820;7357421467961445
3;12452;7357430565836142;7357423905874206
3;12453;7357435565846442;7357428910339968
1;12477;7357438098219771;7357432663218192
3;12454;7357440565842734;7357433915246128
3;12455;7357445565690304;7357438904889201
2;12479;7357448356747766;7357441792950793
3;12456;7357450565719471;7357443911633950
2;12480;7357453399307589;7357448190551551
3;12457;7357455565732052;7357448915897766
1;12481;7357458124912439;7357451779294103
3;12458;7357460565722799;7357453916948195
1;12482;7357463130716197;7357456931666504
3;12459;7357465565709998;7357458905414968
3;12460;7357470565721303;7357463914519463
1;12484;7357473154979456;7357466450079048
3;12461;7357475565843814;7357468915709145
2;12485;7357478392784486;7357471415414194
3;12462;7357480565791956;7357473904714046
3;12463;7357485565755186;7357478912689306
2;12487;7357488384994903;7357481815370257
3;12464;7357490565691485;7357483900750995
1;12488;7357493165632979;7357488071072107
3;12465;7357495565670310;7357488909660393
1;12489;7357498131470220;7357489299293180
2;12489;7357498374255168;7357492562447156
3;12466;7357500565611325;7357493911675272
1;12490;7357503110257745;7357493922003346
3;12467;7357505565693562;7357498915910807
3;12468;7357510565662063;7357503908388245
0;12492;7357513290189430;7357507305734496
3;12469;7357515565593682;7357508911341812
2;12493;7357518374871483;7357512709396784
3;12470;7357520565679585;7357513915648982
2;12494;7357523341168771;7357514613432635
3;12471;7357525565635562;7357518907252027
2;12495;7357528337981783;7357521300870685
3;12472;7357530565588476;7357523912044207
1;12496;7357533073601830;7357524003067830
2;12496;7357533336967130;7357526113774216
3;12473;7357535565617652;7357528920766054
2;12497;7357538326106481;7357531329599013
3;12474;7357540565603437;7357533907001570
1;12498;7357543081904001;7357537002919470
3;12475;7357545565617600;7357538912616271
1;12499;7357548105666450;7357541306759922
3;12476;7357550565502583;7357543903361373
3;12477;7357555565534848;7357548908350274
3;12478;7357560565458004;7357553899261170
3;12479;7357565565343909;7357558903624976
3;12480;7357570565374150;7357563907561295
3;12481;7357575565240479;7357568898498147
3;12482;7357580565127963;7357573903473208
3;12483;7357585565213603;7357578911388075
3;12484;7357590565278152;7357583916240441
2;12508;7357593332449189;7357586882054694
3;12485;7357595565345356;7357588920500899
1;12509;7357598108888630;7357592369590725
3;12486;7357600565294577;7357593911436090
3;12487;7357605565402024;7357598917370138
3;12488;7357610565418424;7357603908271203
3;12489;7357615565386316;7357608909503819
3;12490;7357620565139748;7357613913089489
3;12491;7357625565115747;7357618903426970
3;12492;7357630565099921;7357623908040617
3;12493;7357635565054559;7357628912084691
3;12494;7357640565023489;7357633904189022
3;12495;7357645565034770;7357638911017760
3;12496;7357650565035813;7357643902458789
3;12497;7357655565010166;7357648905147363
0;12521;7357658268702753;7357651644774006
3;12498;7357660564927592;7357653906480758
1;12522;7357663109715324;7357656666550150
3;12499;7357665565000740;7357658913553018
3;12500;7357670565057802;7357663919024210
3;12501;7357675564947721;7357668907266503
3;12502;7357680564989898;7357673913940651
3;12503;7357685565055304;7357678921577325
3;12504;7357690564990767;7357683910443025
1;12531;7357708075005779;7357698942076647
3;12506;7357700615235690;7357698949237847
3;12507;7357705616129722;7357699001984164
0;12531;7357708287408771;7357701825784934
3;12508;7357710616084554;7357703912029987
3;12509;7357715616045778;7357708903892855
1;12533;7357718064784015;7357711535493421
3;12510;7357720616066673;7357713911563624
3;12511;7357725616099357;7357718916823674
1;12535;7357728044987259;7357719026040842
3;12512;7357730616093055;7357723906772140
3;12513;7357735616100932;7357728911240716
1;12537;7357738068313085;7357733732157805
1;12538;7357743067003377;7357733908018306
3;12514;7357740616086292;7357733915229779
3;12515;7357745616102615;7357738906882261
3;12516;7357750616139706;7357743910972550
3;12517;7357755616162988;7357748913863809
3;15759;7373965616156038;7373958918043756
3;15760;7373970616087653;7373963907662370
3;15761;7373975616096867;7373968912992511
3;15762;7373980616090129;7373973916914246
3;15763;7373985616072398;7373978906165197
3;15764;7373990616076626;7373983914485415
3;15765;7373995616067046;7373988903845523
3;15766;7374000616048988;7373993911823095
3;15767;7374005616034051;7373998914470853
3;15768;7374010565518587;7374003919491815
1;15792;7374013074845426;7374007624118361
3;15769;7374015564249064;7374008894418311
3;15770;7374020564201053;7374013911238326
1;15794;7374023069744196;7374016273458191
2;15794;7374023341861876;7374017592723049
3;15771;7374025564044735;7374018917391317
1;15795;7374028060062874;7374021367386710
3;15772;7374030564030332;7374023908392459
1;15796;7374033048548899;7374026158227506
0;15796;7374033293421795;7374026334128005
2;15796;7374033354588804;7374027722971543
3;15773;7374035564007181;7374028913957348
3;15774;7374040563981807;7374033904364338
0;15798;7374043250181980;7374033970555437
1;15798;7374043043859058;7374035978463684
3;15775;7374045563989103;7374038909143314
3;15776;7374050563941618;7374043911474226
1;15800;7374053054128760;7374047377708876
3;15777;7374055564179425;7374048928331872
3;15778;7374060564188938;7374053908727422
3;15779;7374065564152348;7374058913009966
3;15780;7374070564145467;7374063903389629
3;15781;7374075564150551;7374068907130925
3;15782;7374080514067905;7374073912620738
3;15783;7374085463109942;7374078900853788
3;15784;7374090461877536;7374083919490825
3;15785;7374095461884205;7374088907464070
3;15786;7374100461914986;7374093913970355
3;15787;7374105461954705;7374098918580103
1;15811;7374108067375617;7374102267398345
3;15788;7374110461949160;7374103906176187
3;15789;7374115461948102;7374108912052635
3;15790;7374120461905069;7374113912980779
3;15791;7374125462020677;7374118919262305
3;15792;7374130462024068;7374123910277345
3;15793;7374135462042890;7374128915688371
3;15794;7374140462151480;7374133916733074
3;15795;7374145462360179;7374138931209840
3;15796;7374150462315361;7374143910764312
3;15797;7374155462424307;7374148915783767
3;15798;7374160462364118;7374153905614966
3;15799;7374165462293818;7374158908867758
3;15800;7374170462293704;7374163916936714
3;15801;7374175462439790;7374168920023650
3;15802;7374180462375739;7374173908114316
3;15803;7374185462364973;7374178914632416
3;15804;7374190462359648;7374183904181693
3;15805;7374195462358600;7374188912584424
3;15806;7374200462517652;7374193916656306
3;15807;7374205462491716;7374198907066651
3;15808;7374210462511505;7374203913654091
3;15809;7374215462570995;7374208921859932
3;15810;7374220462624180;7374213913706694
3;15811;7374225462697550;7374218918678762
3;15812;7374230462643208;7374223910214745
3;15813;7374235462724266;7374228915357756
3;15814;7374240462792275;7374233918845052
3;15815;7374245462673937;7374238908932256
3;15816;7374250462729754;7374243912583264
3;15817;7374255462767776;7374248916418432
3;15818;7374260462797380;7374253906321896
3;15819;7374265462828637;7374258911475945
3;15820;7374270462871661;7374263903563535
3;15821;7374275462885192;7374268904978130
3;15822;7374280462896753;7374273908717348
3;15823;7374285463026084;7374278911431301
3;15824;7374290463158364;7374283916701352
3;15825;7374295463101838;7374288905735444
2;15849;7374298329584453;7374291011193767
3;15826;7374300463014195;7374293907475905
3;15827;7374305462952714;7374298914352769
3;15828;7374310463028664;7374303919031191
3;15829;7374315480791657;7374310693669463
3;15830;7374320480760581;7374313905163700
3;15831;7374325480784466;7374318911892427
3;15832;7374330480805737;7374323915216460
3;15833;7374335480959290;7374328918782254
3;15834;7374340480958445;7374333907956171
1;15858;7374343080192227;7374337545307092
3;15835;7374345480960891;7374338912329052
3;15836;7374350481072672;7374343915367154
3;15837;7374355481025624;7374348906312972
3;15838;7374360481106995;7374353910595937
3;15839;7374365481184237;7374358912871506
3;15840;7374370481183268;7374363906383802
3;15841;7374375481128833;7374368908109709
3;15842;7374380481054451;7374373911585881
3;15843;7374385481005011;7374378902322548
3;15844;7374390480928584;7374383906297811
3;15845;7374395480830528;7374388911771656
1;15869;7374398081866680;7374391782945265
3;15846;7374400480879753;7374393915365613
1;15870;7374403086666387;7374397571549676
3;15847;7374405430449469;7374398906209465
3;15848;7374410429595804;7374403916617776
2;15872;7374413302371450;7374406034112963
1;15872;7374413079870401;7374406573802713
3;15849;7374415429618628;7374408914312260
3;15850;7374420429628225;7374413904852612
3;15851;7374425429626589;7374418911400060
3;15852;7374430429610665;7374423915231426
3;15853;7374435429739524;7374428919658008
3;15854;7374440429730021;7374433910290450
3;15855;7374445429731095;7374438915337245
3;15856;7374450429999867;7374443933759498
3;15857;7374455429998684;7374448910854108
3;15858;7374460430033006;7374453917296178
3;15859;7374465429924543;7374458907197492
1;15883;7374468058228736;7374461348573761
3;15860;7374470429942013;7374463909409353
1;15884;7374473061076818;7374466948577226
3;15861;7374475429942669;7374468913057865
3;15862;7374480429953468;7374473917994369
2;15886;7374483323302299;7374476668915017
3;15863;7374485429966628;7374478907481110
3;15864;7374490429931488;7374483910971462
3;15866;7374500480119694;7374498922666094
3;15868;7374510531039802;7374509003834037
3;15869;7374515532347606;7374509045251151
3;15870;7374520532204285;7374513905159668
3;15871;7374525532522455;7374518926235255
3;15872;7374530532550552;7374523914048007
3;15873;7374535532573754;7374528919711521
3;15874;7374540532552078;7374533906224957
1;15900;7374553078843853;7374548660464466
3;15876;7374550582670103;7374548925759820
3;15877;7374555632735188;7374553910872858
3;15878;7374560682791706;7374558914795132
2;15903;7374568298820499;7374560763587512
3;15879;7374565732715812;7374563903884937
1;15905;7374578059703453;7374571269211207
3;15881;7374575832788397;7374578935590429
3;15882;7374580883504881;7374578980375775
3;15883;7374585933444303;7374583906952214
3;15884;7374590983505011;7374588909460480
1;15910;7374603036130769;7374594154122715
0;15910;7374603232179118;7374596167425539
1;15911;7374607999861853;7374599377724561
3;15886;7374601083670410;7374603923670914
3;15887;7374606134493505;7374603994930216
3;15888;7374611184637738;7374608915276993
3;15889;7374616234509238;7374613906640844
3;15890;7374621284408271;7374618897367471
3;15891;7374626334448186;7374623917961680
3;15892;7374631384478221;7374628921583613
3;15893;7374636434550977;7374633913451913
3;15894;7374641484597572;7374638916712052
3;15895;7374646534531260;7374643906349598
3;15896;7374651584452710;7374648911407231
3;15897;7374656634490034;7374653914009784
3;15898;7374661684389916;7374658905676486
3;15899;7374666734313687;7374663909110117
2;15924;7374673304377437;7374667396632888
3;15900;7374671784139470;7374668913788241
1;15925;7374678004650863;7374671834830568
3;15901;7374676834084221;7374673905239254
3;15902;7374681884030647;7374678910426336
3;15903;7374686934127158;7374683915266015
3;15904;7374691984084463;7374688904598404
3;15906;7374702084266360;7374703935126404
3;15907;7374707135054897;7374703998877173
3;15908;7374712185111683;7374708913792848
3;15909;7374717235127837;7374713916247888
3;15910;7374722285141490;7374718905547010
0;15935;7374728231314382;7374721970885061
3;15911;7374727335131917;7374723911627025
3;15912;7374732384991836;7374728902648377
3;15913;7374737434974033;7374733905286452
3;15915;7374747535175150;7374748933765719
3;15917;7374757636015740;7374759005919116
3;15918;7374762687431119;7374759055244594
3;15919;7374767737555849;7374763931151772
2;15944;7374773304058359;7374767795388589
3;15920;7374772787497676;7374768904397360
3;15921;7374777837450609;7374773910651078
1;15946;7374783004949073;7374778683790298
3;15922;7374782887412858;7374778915069811
3;15923;7374787937367584;7374783904404985
3;15924;7374792987300082;7374788905832936
3;15925;7374798037243380;7374793910748377
3;15926;7374803087216966;7374798903680465
0;15951;7374808236356050;7374803016532483
3;15927;7374808137162011;7374803905980247
3;15928;7374813187249522;7374808912314799
3;15929;7374818237234205;7374813903446472
3;15930;7374823287350733;7374818920370177
3;15931;7374828337338418;7374823910199821
0;15956;7374833246994719;7374826095608228
3;15932;7374833387178756;7374828900735050
0;15957;7374838218087771;7374829262358300
3;15933;7374838437188719;7374833906731775
0;15958;7374843208947620;7374834133063517
1;15958;7374843049386015;7374838779852682
3;15934;7374843487250322;7374838913636223
0;15959;7374848178956753;7374839235795113
3;15935;7374848537301516;7374843919472119
3;15936;7374853587208165;7374848909696094
3;15937;7374858619435137;7374853916366691
3;15938;7374863669576344;7374858919284290
3;15940;7374873769646735;7374873918931480
3;15941;7374878820174619;7374873968004888
3;15942;7374883870092616;7374878910581948
3;15943;7374888920135635;7374883912258159
3;15944;7374893970229837;7374888921749265
3;15945;7374899020148954;7374893907278895
0;15970;7374903166115556;7374896267406753
1;15970;7374903051923695;7374896841439679
3;15946;7374904070208372;7374898912254827
0;15971;7374908159356314;7374901257234093
3;15947;7374909120297915;7374903919550122
3;15948;7374914170234904;7374908906570638
1;15973;7374918035535116;7374911200571295
0;15973;7374918190875480;7374912588299330
3;15949;7374919220279515;7374913910844786
3;15950;7374924270224643;7374918902622510
0;15975;7374928165846614;7374919295945762
3;15951;7374929320173162;7374923906437898
3;15952;7374934370245952;7374928909601561
3;15953;7374939420301106;7374933911813126
3;15954;7374944470366381;7374938918299452
3;15955;7374949520289719;7374943907699516
3;15957;7374959620631876;7374958940425089
3;15958;7374964671457626;7374958999192804
3;15959;7374969721402409;7374963908790560
3;15960;7374974771501663;7374968914777935
3;15961;7374979821553879;7374973916621660
3;15962;7374984871502122;7374978910055750
3;15963;7374989921439290;7374983913374655
1;15988;7374993057154920;7374988304944843
3;15964;7374994971368595;7374988903221155
3;15965;7375000021301600;7374993908637677
0;15990;7375003162140589;7374996650215297
3;15966;7375005071087286;7374998912328072
1;15991;7375008030954200;7374998991115668
3;15967;7375010121006703;7375003902795809
3;15968;7375015170897937;7375008906419427
3;15969;7375020220911526;7375013908556450
1;15994;7375023014189185;7375016623167649
0;15994;7375023170589221;7375017359108061
3;15970;7375025270975127;7375018915769452
3;15971;7375030320906021;7375023906147186
3;15972;7375035370866278;7375028914020031
3;15973;7375040420953645;7375033916217748
3;15974;7375045471048415;7375038920448470
3;15975;7375050470924300;7375043910254573
3;15976;7375055470026710;7375048914075038
3;15977;7375060518770118;7375053919591962
3;15978;7375065568846924;7375058912840084
3;15980;7375075668831136;7375073924656529
3;15981;7375080719408951;7375073971829475
3;15982;7375085769359206;7375078914737099
3;15983;7375090819483972;7375083918701545
3;15984;7375095819319703;7375088909332862
3;15985;7375100819363162;7375093915218845
3;15986;7375105819268635;7375098905342446
3;15987;7375110819302508;7375103907272080
3;15988;7375115769071489;7375108912488564
3;15989;7375120768470904;7375113920317249
3;15990;7375125768453427;7375118905204506
0;16015;7375128166322588;7375122126475053
3;15991;7375130768446372;7375123908754888
3;15992;7375135718367660;7375128915799712
1;16017;7375138005284783;7375131469633800
2;16017;7375138290314936;7375131705413752
3;15993;7375140717600042;7375133918168269
3;15994;7375145717630574;7375138918330098
3;15995;7375150717661194;7375143909702901
1;16020;7375153011060069;7375147892175728
3;15996;7375155717891090;7375148920357286
1;16021;7375158020490367;7375152145364504
3;15997;7375160717838369;7375153912689383
2;16022;7375163308817279;7375155938950970
0;16022;7375163175911343;7375157534610207
3;15998;7375165717801106;7375158917857341
0;16023;7375168149092307;7375159502314801
2;16023;7375168296457560;7375160078480395
3;15999;7375170717719589;7375163905300214
3;16000;7375175717666624;7375168911415532
3;16001;7375180717758680;7375173915555369
3;16002;7375185717680728;7375178903612007
3;16003;7375190717643624;7375183910299385
3;16004;7375195717704429;7375188911756876
3;16005;7375200717780145;7375193916681670
3;16006;7375205717723949;7375198908168720
3;16007;7375210717627639;7375203895608252
3;16008;7375215717687140;7375208916376427
3;16009;7375220717608872;7375213907439278
0;16034;7375223167983372;7375218153414912
3;16010;7375225717648102;7375218908521659
3;16011;7375230667580141;7375223928330338
3;16012;7375235666630810;7375228903943953
3;16013;7375240666574419;7375233908153902
3;16014;7375245666536625;7375238912468654
3;16016;7375255716751269;7375253927011303
3;16017;7375260717355670;7375253972067044
0;16042;7375263167538417;7375256128720022
3;16018;7375265717461549;7375258913236169
3;16019;7375270717606552;7375263919786732
3;16020;7375275667349545;7375268908065071
3;16021;7375280616432704;7375273914234952
3;16022;7375285615051597;7375278917133660
3;16023;7375290614827382;7375283908730312
3;16024;7375295614897508;7375288911409886
3;16025;7375300614964073;7375293917307681
3;16026;7375305614925446;7375298911207244
3;16027;7375310615050139;7375303916874299
0;16052;7375313151437903;7375306117662577
1;16052;7375313036684585;7375308053445452
3;16028;7375315615061317;7375308906950728
1;16053;7375318035831325;7375313265869881
3;16029;7375320615069855;7375313911602095
1;16054;7375323034564092;7375314465209902
3;16030;7375325615191768;7375318915871694
3;16031;7375330615206213;7375323907424743
3;16032;7375335615158792;7375328907572648
3;16033;7375340615230185;7375333910585731
3;16034;7375345615055122;7375338902863916
3;16035;7375350615007863;7375343905473903
3;16036;7375355615097679;7375348909716642
3;16037;7375360615203636;7375353917327651
3;16038;7375365615134889;7375358906761432
3;16039;7375370615075311;7375363913514195
3;16040;7375375615156879;7375368917852971
3;16041;7375380615059811;7375373906659747
3;16042;7375385615010044;7375378914307748
3;16043;7375390565005856;7375383918512732
3;16044;7375395564421944;7375388909613720
3;16045;7375400564455457;7375393913933336
3;16046;7375405564505752;7375398917287634
3;16047;7375410564386664;7375403909840380
3;16048;7375415564430726;7375408911685088
3;16049;7375420564459864;7375413915168632
3;16051;7375430614562104;7375428929774028
3;16052;7375435615293413;7375428979701668
3;16053;7375440615240987;7375433905602049
3;16054;7375445615331391;7375438911662787
3;16055;7375450615448169;7375443918115715
3;16056;7375455615598899;7375448924674574
3;16057;7375460615578068;7375453909730092
3;16058;7375465615564472;7375458916939728
3;16059;7375470615541029;7375463905355306
3;16060;7375475565224429;7375468908765112
3;16061;7375480564373125;7375473914062435
3;16063;7375490614573966;7375488928874565
3;16064;7375495615190020;7375488976383381
3;16065;7375500615209196;7375493918539124
3;16066;7375505615195716;7375498908707833
3;16067;7375510615040168;7375503897819801
3;16068;7375515615166996;7375508915904068
3;16069;7375520615142545;7375513906192454
3;16071;7375530665255963;7375528923669838
3;16072;7375535666086243;7375528985823918
3;16073;7375540666133408;7375533911136016
3;16074;7375545666187354;7375538913951019
3;16075;7375550666094500;7375543906484143
2;16100;7375553309645647;7375548520118602
3;16076;7375555666137096;7375548910406819
3;16077;7375560666181884;7375553918498901
3;16078;7375565666098743;7375558907903569
3;16079;7375570666005245;7375563911098717
3;16080;7375575665897595;7375568899489472
0;16105;7375578129047096;7375570749499882
2;16105;7375578316620278;7375571882691874
3;16081;7375580665818399;7375573906155580
2;16106;7375583295699315;7375576394219385
3;16082;7375585665730076;7375578910759632
0;16107;7375588115885366;7375581556818470
3;16083;7375590665754596;7375583915292146
3;16084;7375595615689307;7375588918127754
3;16085;7375600615312547;7375593934153164
3;16086;7375605615284211;7375598911903650
3;16087;7375610615244494;7375603914729800
3;16091;7375630765413190;7375638926202416
3;16092;7375635865974514;7375638971351298
3;16093;7375640966060554;7375643913946725
0;16121;7375658151308600;7375652759270658
3;16095;7375651116314912;7375658932707739
3;16096;7375656217008931;7375658981890267
3;16097;7375661316870633;7375663906487739
3;16098;7375666416922376;7375668910378766
3;16099;7375671517325140;7375673949031110
1;16126;7375683030502638;7375676576100990
3;16100;7375676617335492;7375678916834885
3;16101;7375681728550596;7375685039678754
0;16128;7375693141665196;7375686436705313
3;16102;7375686828512278;7375688914498270
0;16129;7375698138907085;7375691961654638
3;16103;7375691928606744;7375693919149610
0;16130;7375703171959113;7375697925044181
2;16130;7375703313623320;7375698500987269
3;16104;7375697028463832;7375698906066180
1;16131;7375708060092177;7375702736259435
3;16105;7375702128498173;7375703916123532
1;16132;7375713067515967;7375708688133661
3;16106;7375707228504045;7375708918444393
3;16107;7375712328553553;7375713910251192
3;16108;7375717428581046;7375718914164746
3;16109;7375722528582998;7375723915750701
2;16136;7375733306270135;7375726787257814
3;16110;7375727628609641;7375728906276373
1;16137;7375738063753098;7375731171117418
0;16137;7375738193769441;7375731647048850
3;16111;7375732728600425;7375733909377835
0;16138;7375743225463244;7375737308567683
3;16112;7375737828635529;7375738915267202
3;16113;7375742928654016;7375743918530211
3;16114;7375748028597988;7375748902565953
3;16115;7375753128732703;7375753909079633
3;16116;7375758228666016;7375758909707801
3;16117;7375763328767400;7375763917577627
3;16118;7375768428722861;7375768904067720
3;16119;7375773528525868;7375773908631184
3;16120;7375778628640145;7375778915371638
3;16121;7375783728739532;7375783918092678
3;16122;7375788828682227;7375788906738116
3;16123;7375793878560180;7375793914806704
3;16124;7375798977845614;7375798900610325
3;16125;7375804077771971;7375803905871914
2;16152;7375813297783592;7375806682457684
3;16126;7375809177697476;7375808912337380
3;16127;7375814277771018;7375813915419106
1;16154;7375823062154925;7375813986707987
3;16128;7375819377850555;7375818922188585
0;16155;7375828214667046;7375821600380519
3;16129;7375824477783223;7375823910400503
0;16156;7375833225450500;7375827256542026
3;16130;7375829577693545;7375828899762460
0;16157;7375838215199876;7375829324952079
3;16131;7375834677882894;7375833930344820
3;16133;7375844827925434;7375848921561526
3;16134;7375849928497132;7375848968377054
0;16161;7375858238748948;7375853550642822
3;16135;7375855028416068;7375853908767994
1;16162;7375863062638689;7375856891542813
0;16162;7375863229928914;7375857611474286
3;16136;7375860128487898;7375858914133699
3;16137;7375865228432682;7375863906080527
3;16138;7375870328381789;7375868910782520
3;16139;7375875428320516;7375873901297221
3;16140;7375880528405153;7375878916036491
3;16141;7375885628395377;7375883909608015
3;16142;7375890728526669;7375888915993059
3;16143;7375895828536372;7375893906444369
3;16144;7375900928581030;7375898914182209
3;16145;7375906028431624;7375903902386882
3;16146;7375911128463764;7375908909975530
3;16147;7375916228526420;7375913919779786
3;16148;7375921328549687;7375918920179580
3;16149;7375926428556974;7375923907388437
3;16150;7375931528517523;7375928910362675
3;16151;7375936628327909;7375933899551259
1;16178;7375943055491395;7375936372627755
3;16152;7375941728266593;7375938903482271
1;16179;7375948071273719;7375943006279579
3;16154;7375951878314190;7375953918693032
3;16155;7375956978971464;7375953983015036
3;16156;7375962078951124;7375958907806488
3;16157;7375967178940748;7375963910647451
3;16158;7375972278968399;7375968917933829
3;16159;7375977328742467;7375973907180666
3;16160;7375982428063553;7375978911810364
3;16161;7375987528203188;7375983919565613
3;16162;7375992628196750;7375988911018951
3;16163;7375997728184741;7375993916914924
3;16164;7376002828018877;7375998908088209
3;16165;7376007928077869;7376003915629282
1;16192;7376013088510335;7376007793381982
3;16166;7376013028093636;7376008918516424
3;16167;7376018128100731;7376013906064872
3;16168;7376023228154481;7376018914140067
3;16169;7376028328194964;7376023918110981
3;16170;7376033378176154;7376028926993371
3;16171;7376038477537126;7376033912480597
1;16198;7376043097054257;7376038161685389
0;16198;7376043269728756;7376038657286368
3;16172;7376043577541532;7376038918979621
3;16173;7376048677551044;7376043909659009
3;16174;7376053777733368;7376048916052347
3;16175;7376058877613796;7376053903946729
3;16176;7376063977622703;7376058907083128
3;16177;7376069027496859;7376063911085485
3;16178;7376074126834225;7376068919560418
3;16179;7376079226794979;7376073907211562
3;16180;7376084326779877;7376078912440677
2;16207;7376088296841382;7376083561385070
3;16181;7376089426750601;7376083903556501
3;16182;7376094526721411;7376088907487728
1;16209;7376098075483569;7376090675944118
3;16183;7376099626645327;7376093910890672
1;16210;7376103077233225;7376097006856523
2;16210;7376103312356741;7376098414928478
3;16184;7376104726739224;7376098917293266
1;16211;7376108099604586;7376102764601104
3;16185;7376109826692948;7376103906471219
3;16186;7376114926835331;7376108913727633
1;16213;7376118132343242;7376112500983457
3;16187;7376120026927982;7376113915420853
0;16214;7376123268433608;7376117505859920
3;16188;7376125127021582;7376118920119569
1;16215;7376128117791813;7376122236476834
3;16189;7376130226996536;7376123912787557
1;16216;7376133114050428;7376126465255415
3;16190;7376135326989676;7376128917441823
1;16217;7376138107497010;7376131437670574
3;16191;7376140426872484;7376133922434020
1;16218;7376143104924362;7376136570467329
3;16192;7376145526895811;7376138914236281
1;16219;7376148118688443;7376143142348125
3;16193;7376150626942682;7376143919416680
2;16220;7376153298118285;7376146359950156
1;16220;7376153111898708;7376148055800424
3;16194;7376155576794125;7376148911346874
2;16221;7376158316444582;7376151383759703
1;16221;7376158123779747;7376152550631294
3;16195;7376160576257507;7376153917689509
3;16196;7376165576203328;7376158908528959
3;16197;7376170526018337;7376163914208543
2;16224;7376173336752420;7376168676690315
3;16198;7376175525264486;7376168906505246
3;16199;7376180525595185;7376173939557601
2;16226;7376183346836115;7376178812701324
3;16200;7376185525748278;7376178925687899
3;16201;7376190525354258;7376183909629139
3;16202;7376195525176704;7376188899079593
3;16203;7376200513976717;7376193919679981
3;16204;7376205513927514;7376198909578045
3;16205;7376210513960995;7376203922497722
3;16206;7376215514102047;7376208920171308
3;16207;7376220514006870;7376213906605941
3;16208;7376225513960332;7376218913790423
1;16235;7376228138698286;7376223117447553
3;16209;7376230514051896;7376223919407700
3;16210;7376235514256704;7376228934645315
3;16211;7376240514250700;7376233915150346
1;16238;7376243135711374;7376236556674206
3;16212;7376245514385537;7376238919760121
3;16213;7376250514408413;7376243911665468
1;16240;7376253137067832;7376246268291211
3;16214;7376255514399185;7376248914344297
1;16241;7376258169832285;7376253463639887
3;16215;7376260514387962;7376253917407892
1;16242;7376263184616973;7376256103393569
3;16217;7376270564720631;7376268935832867
3;16218;7376275565623914;7376268999407903
3;16219;7376280565671703;7376273914486682
3;16220;7376285565612827;7376278911690034
3;16221;7376290565769093;7376283919694520
3;16222;7376295565772077;7376288908929559
3;16223;7376300565729281;7376293911092092
3;16224;7376305565743789;7376298919543447
3;16225;7376310565720539;7376303904413030
3;16226;7376315565644196;7376308907172289
3;16227;7376320565802612;7376313916451935
3;16228;7376325565945051;7376318920115718
1;16255;7376328192794911;7376322462026161
3;16229;7376330565896749;7376323907507232
1;16256;7376333189486889;7376326094009460
3;16230;7376335565855923;7376328911336651
3;16231;7376340565808558;7376333917452084
3;16232;7376345565771205;7376338906665242
3;16233;7376350565898574;7376343912499441
1;16260;7376353188782657;7376346337722624
3;16234;7376355565758090;7376348916296298
1;16261;7376358171708375;7376351176255829
3;16235;7376360515779425;7376353923695050
1;16262;7376363162973033;7376357542119532
3;16236;7376365515178737;7376358908308152
3;16237;7376370515212028;7376363912097146
1;16264;7376373176319674;7376366877744793
3;16238;7376375515079267;7376368900857507
3;16239;7376380515094518;7376373907605779
3;16240;7376385515080987;7376378909429532
3;16241;7376390515253539;7376383918552362
3;16242;7376395515446042;7376388935286645
3;16243;7376400515469340;7376393911937903
3;16244;7376405515506228;7376398919681972
3;16245;7376410515909710;7376403946792593
3;16246;7376415515704301;7376408893641169
3;16247;7376420515705117;7376413902468565
3;16248;7376425515681944;7376418907658182
3;16249;7376430515619816;7376423913566840
3;16250;7376435515606872;7376428918885216
3;16251;7376440515588393;7376433905540533
3;16252;7376445515590435;7376438910566951
3;16253;7376450515592006;7376443899708428
3;16254;7376455515593421;7376448903623733
3;16255;7376460465502116;7376453909562590
1;16282;7376463147893036;7376455058371068
3;16256;7376465464818962;7376458914699708
3;16257;7376470464917423;7376463917652666
3;16259;7376480514988015;7376478917706681
3;16260;7376485515464026;7376478965534729
3;16261;7376490515467121;7376483907490196
3;16262;7376495515458584;7376488910956682
3;16263;7376500515399852;7376493913692296
3;16264;7376505515322518;7376498903285611
1;16291;7376508124049245;7376499714643570
3;16265;7376510515281838;7376503912846999
3;16266;7376515515353797;7376508915284067
3;16267;7376520515257581;7376513906007803
3;16268;7376525515197363;7376518912494636
3;16269;7376530515259558;7376523912284620
3;16270;7376535515299055;7376528918089682
3;16271;7376540515197489;7376533907954127
3;16272;7376545515084225;7376538915667059
3;16273;7376550515006883;7376543904746242
3;16274;7376555514783469;7376548896638181
1;16301;7376558123720250;7376552343388550
3;16275;7376560514853738;7376553916685974
3;16276;7376565514755930;7376558906271469
3;16277;7376570514845984;7376563912952141
3;16278;7376575514948050;7376568917289538
3;16279;7376580514921757;7376573908456163
3;16280;7376585514839812;7376578911365701
3;16281;7376590514951817;7376583918412045
0;16308;7376593293074057;7376587239577002
3;16283;7376600464917027;7376588908961678
3;16284;7376605415018680;7376593913721680
3;16285;7376610365014061;7376598907025908
0;16311;7376608258666033;7376600387555622
3;16286;7376615315005915;7376603910076056
1;16312;7376613134843822;7376606368141471
3;16287;7376620265005876;7376608917289438
0;16313;7376618264845620;7376611153694647
3;16288;7376625214990797;7376613904963358
1;16314;7376623149918363;7376618167438681
3;16289;7376630164970063;7376618911654170
3;16290;7376635114981760;7376623916590523
3;16291;7376640064828744;7376628904818086
3;16292;7376645014794131;7376633909326314
3;16293;7376649964794354;7376638917464280
3;16294;7376654914614248;7376643904423122
3;16295;7376659864537098;7376648906521465
3;16296;7376664814499980;7376653915704740
3;16297;7376669764595638;7376658920912793
1;16323;7376668169182003;7376663825738284
3;16298;7376674714537819;7376663911907705
1;16324;7376673190644361;7376666321699994
3;16299;7376679664636719;7376668918419067
3;16300;7376684614672223;7376673917759023
3;16301;7376689564681239;7376678907406799
1;16327;7376688199678241;7376682480581374
3;16302;7376694514406048;7376683912038525
3;16303;7376699464147868;7376688899869880
2;16329;7376698346199276;7376691349099444
3;16304;7376704414139703;7376693908812706
1;16330;7376703205591226;7376697540678512
3;16305;7376709364274637;7376698912573217
2;16331;7376708356760558;7376702871584194
3;16306;7376714314262552;7376703918471486
2;16332;7376713380703894;7376706708411935
0;16332;7376713252446380;7376707017848916
1;16332;7376713215039188;7376708452213785
3;16307;7376719264235018;7376708906824678
3;16308;7376724214117219;7376713910717731
3;16309;7376729163955767;7376718904026237
0;16335;7376728275754031;7376722268414387
1;16335;7376728225287653;7376722524503928
3;16310;7376734113953661;7376723906395222
0;16336;7376733250687854;7376725084011045
3;16311;7376739063936881;7376728912112238
0;16337;7376738228325907;7376729081723901
3;16312;7376744013767876;7376733902507274
1;16338;7376743232120225;7376736915292991
3;16313;7376748963479144;7376738905772137
1;16339;7376748227867144;7376739020263448
3;16314;7376753913684751;7376743935711162
3;16315;7376758863663528;7376748917637844
3;16316;7376763813629027;7376753908215260
3;16317;7376768763642900;7376758915731640
3;16318;7376773713671191;7376763920236989
3;16319;7376778613271832;7376768895897142
3;16320;7376783562406550;7376773912879545
3;16321;7376788512439306;7376778917762286
0;16347;7376788208527809;7376779694835774
3;16323;7376798512635899;7376793931349414
3;16324;7376803463422287;7376793998333346
1;16351;7376808206723380;7376798837358625
3;16325;7376808413412047;7376798907905520
0;16351;7376808209634915;7376801586218582
1;16351;7376808216538339;7376802402147033
3;16326;7376813363408084;7376803910695655
1;16352;7376813195580685;7376806396449195
3;16327;7376818313459718;7376808924706792
3;16328;7376823263495580;7376813907999265
3;16329;7376828213559073;7376818913521667
3;16330;7376833163452532;7376823905797735
3;16331;7376838113333293;7376828908191753
3;16332;7376843063399174;7376833914095533
1;16358;7376843197625322;7376836929404899
3;16333;7376848013492138;7376838920632900
1;16359;7376848188159768;7376841560878359
3;16334;7376852963375447;7376843905783055
3;16335;7376857913409905;7376848910111028
3;16336;7376862863497764;7376853921285398
1;16362;7376863196018332;7376854747677855
3;16337;7376867813400518;7376858906571734
3;16338;7376872763285821;7376863912225405
3;16339;7376877713355389;7376868915264927
3;16340;7376882663273911;7376873903949186
3;16341;7376887613371117;7376878910578099
3;16342;7376892563444140;7376883914908095
2;16368;7376893347938996;7376884067491313
3;16343;7376897513388152;7376888903830745
1;16369;7376898174459372;7376889609114755
2;16369;7376898358903363;7376892541949923
3;16344;7376902463296525;7376893909389522
3;16345;7376907413068330;7376898912467202
3;16346;7376912363113993;7376903916504114
3;16347;7376917312995604;7376908907843136
3;16348;7376922262671557;7376913914387676
0;16374;7376923209878100;7376916912719198
3;16349;7376927212933311;7376918919816580
1;16375;7376928160790107;7376921296291883
3;16350;7376932162971351;7376923906272622
3;16351;7376937113026353;7376928913158096
3;16352;7376942063083496;7376933919281322
3;16353;7376947012971514;7376938907686884
1;16379;7376948162492657;7376941949549076
3;16354;7376951963004265;7376943908815783
1;16380;7376953166573469;7376947339747757
3;16355;7376956913069020;7376948917042402
1;16381;7376958152306028;7376950023334854
3;16356;7376961863249672;7376953917773540
3;16357;7376966813264196;7376958905076062
3;16358;7376971763299677;7376963913110818
3;16359;7376976713319021;7376968916634098
3;16360;7376981663206573;7376973906407622
3;16361;7376986563156956;7376978912745062
3;16362;7376991512657201;7376983915559184
1;16388;7376993134049105;7376986245379794
3;16363;7376996462619804;7376988903750622
1;16389;7376998130910682;7376988985450889
3;16364;7377001412600275;7376993909003675
3;16365;7377006362582566;7376998911921524
3;16366;7377011312734587;7377003918487540
2;16392;7377013377243846;7377008167247038
3;16367;7377016262964396;7377008935828004
3;16368;7377021212951994;7377013914043918
2;16394;7377023384747066;7377017298545698
3;16369;7377026162945350;7377018905343511
2;16395;7377028372113984;7377021663563795
1;16395;7377028160554684;7377021886403551
3;16370;7377031112903948;7377023908354434
3;16371;7377036062898395;7377028911729432
2;16397;7377038367878404;7377031881494402
3;16372;7377041012747039;7377033902953955
3;16373;7377045962742400;7377038907490293
3;16374;7377050912682331;7377043909660131
3;16375;7377055862813573;7377048917870482
3;16376;7377060812909882;7377053906269066
3;16377;7377065774625821;7377060088279801
3;16378;7377070724711048;7377063914794165
3;16379;7377075674759419;7377068917789255
3;16380;7377080624785636;7377073919911326
3;16381;7377085574819132;7377078911805881
3;16382;7377090524865011;7377083915953498
3;16383;7377095474878651;7377088919776161
3;16384;7377100474887692;7377093909865719
3;16385;7377105474867220;7377098911674681
3;16386;7377110474937423;7377103914046207
3;16387;7377115475372403;7377108953574031
3;16388;7377120475274829;7377113907532053
3;16389;7377125475401983;7377118917678710
3;16390;7377130475353482;7377123906804179
1;16416;7377133160391528;7377123986752197
3;16391;7377135475282269;7377128909469231
3;16392;7377140475360142;7377133912605416
1;16418;7377143151685742;7377136132340922
3;16393;7377145475304622;7377138903774391
3;16394;7377150475209665;7377143907968455
0;16420;7377153209635896;7377148632589298
3;16395;7377155475345582;7377148918014820
3;16396;7377160475335958;7377153905558965
1;16422;7377163164367254;7377157574911027
3;16397;7377165475279557;7377158910064772
0;16424;7377173209984280;7377168226341508
3;16399;7377175525303229;7377173923279945
3;16400;7377180525902289;7377173971813556
3;16401;7377185525870400;7377178915230248
1;16427;7377188177601408;7377183693006156
3;16402;7377190525882961;7377183919015162
3;16403;7377195525942836;7377188913394337
3;16404;7377200525989704;7377193916725197
3;16405;7377205526056717;7377198906571138
1;16431;7377208155220717;7377199428481002
1;16432;7377213178211261;7377206241131009
0;16433;7377218198011931;7377211741691634
3;16407;7377215576191890;7377213922330045
3;16408;7377220576767945;7377213970178727
3;16409;7377225576702972;7377218911974163
1;16436;7377233188763731;7377227590740506
3;16411;7377235626773016;7377233913829063
3;16413;7377245677615526;7377243994968856
3;16415;7377255729505599;7377254093033497
3;16416;7377260731870950;7377254142930298
3;16417;7377265731823919;7377258907409103
3;16418;7377270731913353;7377263911450601
0;16444;7377273181008456;7377266784382892
3;16419;7377275732012027;7377268915639542
1;16445;7377278220361320;7377272185799696
3;16420;7377280731700899;7377273904598347
1;16446;7377283196017746;7377276297800456
3;16421;7377285731597062;7377278907254174
1;16447;7377288198765944;7377279182837985
3;16422;7377290731502602;7377283898769328
3;16423;7377295731416517;7377288907123198
3;16424;7377300731305972;7377293909182540
3;16425;7377305731485526;7377298913852286
3;16426;7377310731539069;7377303918234000
3;16427;7377315731453155;7377308909170861
3;16428;7377320681297057;7377313915739591
3;16429;7377325680370208;7377318905648353
3;16430;7377330680402702;7377323911154925
3;16431;7377335680448087;7377328915234063
3;16432;7377340680267180;7377333906615976
3;16433;7377345680282171;7377338909498524
3;16434;7377350680304188;7377343915723348
3;16435;7377355680459476;7377348921326534
1;16461;7377358192610438;7377352008567730
3;16436;7377360680450492;7377353907293342
3;16437;7377365680405199;7377358909566295
3;16439;7377375730438870;7377373923999889
3;16440;7377380731088321;7377373970728359
3;16441;7377385731130874;7377378914366232
1;16467;7377388175003276;7377379512742042
3;16442;7377390730975278;7377383905725763
3;16443;7377395731021157;7377388911159690
3;16444;7377400731037071;7377393913816886
3;16445;7377405731067830;7377398918340703
3;16446;7377410731130616;7377403910227964
1;16472;7377413186967716;7377407563830655
3;16447;7377415731141770;7377408911693396
3;16448;7377420731012972;7377413902028110
3;16449;7377425731067666;7377418909300211
3;16450;7377430731154863;7377423918109335
1;16476;7377433167720946;7377424233550411
3;16451;7377435731109093;7377428907890170
3;16452;7377440731042047;7377433909799379
3;16453;7377445731099555;7377438913593814
3;16455;7377455781236475;7377453928079635
3;16456;7377460781939532;7377453990122305
3;16458;7377470832156854;7377468928004816
3;16459;7377475832945526;7377468992025373
3;16460;7377480832938081;7377473918536929
3;16461;7377485832915263;7377478905405086
3;16462;7377490832944982;7377483911787657
1;16488;7377493170349362;7377486241305404
2;16490;7377503397956607;7377497111713840
3;16464;7377500883177930;7377498940337268
3;16465;7377505883877980;7377498987778614
3;16466;7377510883964264;7377503913704432
3;16467;7377515884038771;7377508920561503
3;16468;7377520883986825;7377513911439461
3;16469;7377525884061266;7377518913851798
3;16470;7377530884099756;7377523916594072
3;16471;7377535884017933;7377528907377002
2;16497;7377538410863240;7377533052688586
3;16472;7377540884151416;7377533917099061
3;16473;7377545884221793;7377538916041319
3;16474;7377550884166019;7377543906344041
3;16475;7377555884166044;7377548918490097
3;16476;7377560883965439;7377553915767527
1;16502;7377563166769784;7377557019751138
3;16477;7377565884041440;7377558921644029
3;16478;7377570884080024;7377563909201999
3;16479;7377575884142749;7377568914626982
1;16505;7377578158616086;7377571452028358
3;16480;7377580884210470;7377573918501440
3;16481;7377585884248095;7377578906716445
3;16482;7377590884263515;7377583909032294
3;16483;7377595884342668;7377588917575394
3;16484;7377600884233992;7377593907003020
3;16485;7377605884289741;7377598911843803
3;16486;7377610872551910;7377603914496742
3;16487;7377615872435107;7377608903113840
1;16513;7377618135569181;7377610240616749
3;16488;7377620872326531;7377613906931626
3;16489;7377625872253523;7377618912610651
3;16490;7377630872169495;7377623903403194
3;16491;7377635872048033;7377628903807285
3;16493;7377645922033601;7377643918332791
3;16494;7377650922584620;7377643964967796
3;16495;7377655922547579;7377648907970508
3;16496;7377660922507642;7377653910052429
3;16497;7377665922121937;7377658915003708
3;16498;7377670922111775;7377663906515897
3;16499;7377675922020106;7377668908511742
3;16500;7377680922093956;7377673914189242
3;16501;7377685922050189;7377678905092423
3;16502;7377690922013578;7377683908944273
3;16503;7377695922094100;7377688911826576
3;16504;7377700922181806;7377693916739085
3;16505;7377705922080093;7377698907843438
3;16506;7377710922162218;7377703913771463
3;16507;7377715922091025;7377708902945419
3;16508;7377720871940972;7377713908274751
1;16535;7377728116720266;7377719898053725
1;16536;7377733083891109;7377724288634075
3;16510;7377730921247341;7377728902450267
1;16537;7377738058525910;7377729037282782
3;16511;7377735971210056;7377733911501786
1;16538;7377743057440138;7377736239996633
3;16512;7377741021138870;7377738911896575
3;16513;7377746071162405;7377743915747741
3;16514;7377751121050620;7377748905546719
2;16541;7377758401298478;7377751823055410
3;16515;7377756171079826;7377753909491727
3;16516;7377761171008829;7377758915230332
3;16517;7377766220655153;7377763934811198
3;16518;7377771270592210;7377768905679807
3;16519;7377776270548561;7377773909464066
3;16520;7377781269717928;7377778911905547
3;16522;7377791267814648;7377788902705515
1;16549;7377798056970950;7377791901658290
3;16523;7377796315462972;7377793907762711
3;16524;7377801365515281;7377798912639993
3;16526;7377811465662813;7377813926203728
3;16528;7377821566506312;7377823999989416
3;16529;7377826618194633;7377824073430602
3;16530;7377831668246285;7377828912419383
3;16531;7377836718432128;7377833917353539
3;16532;7377841768574583;7377838921368757
3;16533;7377846818614395;7377843913163788
3;16534;7377851868610230;7377848913435740
3;16535;7377856918508214;7377853908032334
3;16536;7377861968502502;7377858908599620
3;16537;7377867018475764;7377863913065982
3;16538;7377872068581476;7377868916219510
3;16539;7377877118538115;7377873906818798
3;16540;7377882168501140;7377878911536681
0;16567;7377888201728547;7377881111632211
3;16541;7377887218586414;7377883915143358
0;16568;7377893163078884;7377884371085478
3;16542;7377892268548091;7377888905666239
3;16543;7377897318488004;7377893909714638
0;16570;7377903161902339;7377898349361457
3;16544;7377902368425331;7377898915059300
3;16545;7377907418516636;7377903916423803
0;16572;7377913181781240;7377907412701531
3;16546;7377912468477409;7377908905643474
3;16547;7377917468378614;7377913914120411
3;16548;7377922517985769;7377918931443860
0;16575;7377928201637093;7377923421699499
3;16549;7377927567912133;7377923907002698
3;16550;7377932617978126;7377928912324975
0;16577;7377938203959654;7377931272237484
3;16551;7377937668018574;7377933915204471
1;16578;7377943025534193;7377935516788783
3;16552;7377942718065295;7377938918489068
0;16579;7377948215251876;7377942305673899
3;16553;7377947768001308;7377943911941833
3;16554;7377952818065940;7377948916691340
3;16555;7377957868014574;7377953906556774
3;16556;7377962918100177;7377958910588458
3;16557;7377967968161718;7377963915454335
3;16558;7377973018052154;7377968907152963
3;16559;7377978068096191;7377973912293704
3;16560;7377983118136452;7377978913825490
0;16587;7377988223314275;7377982570373336
3;16561;7377988168218115;7377983921759971
0;16588;7377993217142262;7377986648581187
3;16562;7377993168014524;7377988907720522
3;16563;7377998217240216;7377993912691507
3;16564;7378003217013724;7377998905355589
1;16591;7378008022786737;7378000994465695
0;16591;7378008224810063;7378001240140693
3;16565;7378008266170651;7378003907718008
3;16566;7378013316128124;7378008914284260
0;16593;7378018244809183;7378013818418390
3;16567;7378018366125997;7378013905192349
1;16594;7378023049786915;7378016854140470
3;16568;7378023416133655;7378018912553493
1;16595;7378028047109501;7378019109983235
3;16569;7378028415869947;7378023913966501
2;16596;7378033391715969;7378026348608677
3;16570;7378033465014318;7378028902215838
1;16597;7378038040763144;7378031200194871
3;16571;7378038514947704;7378033907043059
1;16598;7378043035004406;7378038107916575
3;16572;7378043564891126;7378038914903665
1;16599;7378047991044928;7378039383904841
3;16573;7378048614962118;7378043918538801
1;16600;7378052986084664;7378046345413209
3;16574;7378053664913751;7378048909015060
1;16601;7378057964617385;7378049053843365
3;16575;7378058714870652;7378053912284235
1;16602;7378062960906408;7378057933847151
3;16576;7378063764962278;7378058916539433
2;16603;7378068388602979;7378061053631321
1;16603;7378067989149249;7378061815399823
3;16577;7378068814843500;7378063905221228
2;16604;7378073398139959;7378067088725382
1;16604;7378073001559050;7378067864147766
3;16578;7378073864628580;7378068894549297
3;16579;7378078914685868;7378073912072973
3;16580;7378083964527877;7378078902691074
1;16607;7378087999195785;7378081233307284
2;16607;7378088413734735;7378082797118974
1;16608;7378092962573281;7378084229925347
2;16608;7378093421816399;7378088762227071
1;16609;7378097960062382;7378091894274607
3;16582;7378094064685866;7378093931566536
1;16610;7378102940070380;7378096054245301
2;16611;7378108397582746;7378099428039957
1;16611;7378107921318145;7378101390646492
3;16584;7378104165529448;7378104006001985
3;16585;7378109216978459;7378104054103189
1;16612;7378112946571519;7378106990547286
3;16586;7378114267001536;7378108916934727
2;16613;7378118402501870;7378112603386758
3;16587;7378119316880771;7378113906424897
2;16614;7378123398501510;7378116029800953
3;16588;7378124366911698;7378118909809137
1;16615;7378127949599144;7378121878863495
3;16589;7378129416979263;7378123915788612
3;16590;7378134466877558;7378128907404865
3;16591;7378139516942472;7378133913494458
1;16618;7378142937912553;7378136567600400
3;16592;7378144566857650;7378138903361568
3;16593;7378149616802125;7378143908944252
0;16620;7378153237501823;7378146237380923
1;16620;7378152925395279;7378147436406277
3;16594;7378154666949198;7378148917821222
1;16621;7378157910603885;7378149691977908
0;16621;7378158252993948;7378151441359532
2;16621;7378158400160845;7378153177983862
3;16595;7378159716923721;7378153904383818
0;16622;7378163253568102;7378157225278549
3;16596;7378164766925048;7378158912743253
0;16623;7378168217040909;7378160137921159
3;16597;7378169817055040;7378163916402478
1;16624;7378172940844628;7378167010782252
0;16624;7378173235909947;7378168818824462
3;16598;7378174867065957;7378168904898945
0;16625;7378178197015717;7378169810564367
1;16625;7378177937934932;7378171600573242
3;16599;7378179866980006;7378173909737772
3;16600;7378184916487615;7378178915728670
3;16601;7378189966497624;7378183908971404
3;16602;7378195016524522;7378188912742212
1;16629;7378197948285462;7378192407680628
3;16603;7378200066537965;7378193916347984
3;16604;7378205116540380;7378198906757459
3;16605;7378210166555479;7378203910021621
3;16606;7378215216422867;7378208900928135
3;16607;7378220266442744;7378213907080138
1;16634;7378222931383375;7378216316070898
3;16608;7378225316467352;7378218911405094
1;16635;7378227899868978;7378219641942388
3;16610;7378235416860442;7378233951135529
3;16611;7378240467735214;7378234004216491
3;16612;7378245517637285;7378238898050444
1;16639;7378247887238349;7378241898622627
3;16613;7378250567544196;7378243904462463
2;16640;7378253384839493;7378246458264819
1;16640;7378252913886820;7378248340791225
3;16614;7378255617639782;7378248912504184
1;16641;7378257905997384;7378251217912773
2;16641;7378258382742560;7378251968745788
3;16615;7378260667708988;7378253915195207
2;16642;7378263385223739;7378256785640994
3;16616;7378265667892031;7378258920754503
3;16617;7378270667888022;7378263911100960
3;16618;7378275667935718;7378268916666262
1;16645;7378277882330190;7378270397881756
2;16645;7378278386718515;7378271437650724
3;16619;7378280667824408;7378273904616739
2;16646;7378283385956202;7378274090606427
1;16646;7378282877325053;7378277000469731
3;16620;7378285667879327;7378278911038731
2;16647;7378288383592305;7378280915700294
3;16621;7378290667921660;7378283913724801
2;16648;7378293386951643;7378286818888583
3;16622;7378295667823388;7378288905403115
2;16649;7378298365919996;7378291234673540
3;16623;7378300667547903;7378293907262898
3;16624;7378305667608526;7378298911742080
2;16651;7378308367369306;7378302151711512
3;16625;7378310667738262;7378303922437697
2;16652;7378313384333100;7378308020581693
3;16626;7378315667739182;7378308911997612
1;16653;7378317873324173;7378311836388681
3;16627;7378320667707301;7378313899517451
1;16654;7378322872550057;7378316387843824
3;16628;7378325667820314;7378318919063919
3;16629;7378330667739548;7378323904563514
3;16630;7378335617571517;7378328909400690
3;16632;7378345616855534;7378343928390971
3;16633;7378350615878410;7378343975718228
3;16634;7378355615918962;7378348916474540
3;16635;7378360615791483;7378353904605639
2;16662;7378363370742145;7378356298771333
1;16662;7378362873868067;7378356569471523
3;16636;7378365615697929;7378358912013292
3;16637;7378370615728737;7378363916244778
2;16664;7378373388503361;7378366689968654
3;16638;7378375615642039;7378368904765838
3;16639;7378380615675424;7378373911370942
2;16666;7378383388769935;7378376957533998
3;16640;7378385615745198;7378378915577013
3;16641;7378390615652570;7378383903803163
3;16642;7378395615750833;7378388926045793
3;16643;7378400615808027;7378393912538186
3;16644;7378405615723892;7378398903123200
1;16671;7378407877512453;7378401934906040
3;16645;7378410615659848;7378403908738771
3;16646;7378415615726766;7378408912358190
3;16647;7378420615648111;7378413901849057
3;16648;7378425615552908;7378418905538920
3;16649;7378430615478968;7378423909029915
3;16650;7378435615578275;7378428915574106
3;16651;7378440653789170;7378437735209879
3;16652;7378445653620251;7378438914551916
3;16653;7378450653695583;7378443914535861
3;16654;7378455653617900;7378448904556656
3;16655;7378460653552841;7378453908698570
3;16656;7378465653496503;7378458912855398
3;16657;7378470653564532;7378463918744681
1;16684;7378472853736457;7378465764748397
3;16658;7378475653474149;7378468907652991
3;16660;7378485703665793;7378483925721221
3;16661;7378490704306136;7378483974622611
3;16662;7378495704297106;7378488914551358
3;16663;7378500704273503;7378493904792574
1;16690;7378502836786657;7378496360820451
3;16664;7378505704410506;7378498925994078
3;16665;7378510704425736;7378503915348423
3;16666;7378515704275479;7378508906734354
3;16667;7378520704301961;7378513910368769
3;16668;7378525704302324;7378518912727830
1;16695;7378527823225970;7378521194562730
3;16669;7378530704289161;7378523904039135
3;16670;7378535704292717;7378528908073445
1;16697;7378537814301324;7378532224982956
3;16671;7378540704289390;7378533913951847
3;16672;7378545704435841;7378538919837410
3;16673;7378550704369937;7378543905962990
3;16674;7378555704319974;7378548908970389
3;16675;7378560704458518;7378553916070084
3;16676;7378565704574980;7378558918689266
3;16677;7378570704504293;7378563907834965
3;16679;7378580754509897;7378578919099160
3;16681;7378590805332603;7378588991285574
3;16682;7378595806766446;7378589055668535
3;16683;7378600806709906;7378593910885430
2;16710;7378603387775596;7378596144069922
3;16684;7378605806809239;7378598915154518
3;16685;7378610806967290;7378603910354426
2;16712;7378613392056081;7378606585469926
3;16686;7378615806964398;7378608911783803
3;16687;7378620807116383;7378613917889532
3;16688;7378625757025742;7378618922502567
3;16689;7378630706054400;7378623908867796
3;16690;7378635704625668;7378628911229891
3;16691;7378640704634076;7378633917775660
2;16718;7378643420239423;7378637428686061
3;16692;7378645704634728;7378638906490079
3;16693;7378650704479337;7378643894270050
3;16694;7378655704509238;7378648918778806
3;16695;7378660704494198;7378653905900746
3;16696;7378665704477708;7378658911845345
3;16697;7378670704620111;7378663917602040
3;16698;7378675704577256;7378668904658682
3;16699;7378680704489275;7378673909023266
3;16700;7378685704419369;7378678897393241
3;16701;7378690704478790;7378683918685444
3;16702;7378695704393590;7378688907882345
1;16729;7378697813142266;7378691440768371
3;16703;7378700704474268;7378693912966721
2;16730;7378703418694355;7378697359185771
1;16730;7378702826128567;7378697566921327
3;16704;7378705704554148;7378698917725651
2;16731;7378708422333708;7378702732602059
3;16705;7378710704463341;7378703906648029
3;16706;7378715704473687;7378708910005986
3;16707;7378720704496260;7378713914999513
2;16734;7378723443632823;7378717202663571
3;16708;7378725704384070;7378718905128809
3;16709;7378730704428677;7378723911218173
3;16710;7378735704486586;7378728915812625
2;16737;7378738447234102;7378733274725048
3;16711;7378740704522520;7378733904521538
2;16738;7378743448461068;7378736847245348
3;16712;7378745704530391;7378738907867096
2;16739;7378748466196187;7378743452491117
3;16713;7378750704544261;7378743912792216
3;16714;7378755654202181;7378748916927390
2;16741;7378758453902575;7378751254621912
3;16715;7378760653348223;7378753918820776
3;16716;7378765653445283;7378758907756500
1;16743;7378767810264667;7378761877249823
3;16717;7378770653554975;7378763915431717
1;16744;7378772792436549;7378764320581785
2;16744;7378773453166143;7378767713948168
3;16718;7378775653464355;7378768903442228
2;16745;7378778437829364;7378771377599199
3;16719;7378780653396941;7378773908453644
3;16720;7378785653332763;7378778914336826
3;16721;7378790653404814;7378783918306185
3;16722;7378795653314714;7378788907656142
1;16749;7378797781740173;7378791392388418
3;16723;7378800653386892;7378793911834637
1;16750;7378802793270853;7378797247077567
3;16724;7378805653455858;7378798917935306
3;16725;7378810653396462;7378803907785347
3;16726;7378815653463210;7378808912077978
3;16727;7378820653546179;7378813915559680
3;16728;7378825653511021;7378818908226340
3;16729;7378830653425536;7378823913889158
3;16730;7378835653367432;7378828906187110
3;16731;7378840653469411;7378833909715501
3;16732;7378845653409294;7378838913052241
0;16759;7378848194181079;7378841813926005
3;16733;7378850653530044;7378843916638648
3;16734;7378855653501632;7378848906559533
3;16735;7378860603326939;7378853910921537
3;16736;7378865602733348;7378858916359228
2;16763;7378868441270422;7378863576952588
3;16737;7378870602594966;7378863902636450
3;16738;7378875602616251;7378868906734122
3;16740;7378885652722106;7378883922598644
3;16741;7378890653250964;7378883969130591
3;16742;7378895653286706;7378888908339855
3;16743;7378900653346036;7378893917304110
3;16744;7378905653265715;7378898907544963
3;16745;7378910653377862;7378903915017897
3;16746;7378915653261638;7378908914423394
3;16747;7378920653213838;7378913907758200
3;16748;7378925653299721;7378918911711532
3;16749;7378930653347900;7378923913556628
3;16750;7378935653291866;7378928906754670
3;16751;7378940653375460;7378933910208492
3;16752;7378945653434892;7378938911482129
3;16754;7378955703895172;7378953955057963
3;16755;7378960704801501;7378954006207109
3;16757;7378970716724530;7378968927512675
3;16758;7378975717497233;7378968991822105
3;16759;7378980717524906;7378973917303255
1;16786;7378982774058659;7378974416503163
3;16760;7378985717548236;7378978906889555
1;16787;7378987790662996;7378982836689682
3;16761;7378990717606560;7378983914530954
3;16762;7378995717671334;7378988919332927
3;16763;7379000717582673;7378993909878492
3;16764;7379005717629768;7378998912362356
3;16765;7379010667528168;7379003915561395
3;16766;7379015666848256;7379008906631426
3;16767;7379020666823598;7379013912085496
3;16768;7379025666941297;7379018916562398
3;16769;7379030666739395;7379023905803950
3;16770;7379035666691227;7379028910531607
3;16771;7379040666740732;7379033911684745
3;16772;7379045666676339;7379038903929616
3;16773;7379050666633647;7379043908458604
2;16800;7379053453005818;7379047404981062
3;16774;7379055666740965;7379048914770824
3;16775;7379060666726601;7379053906636994
3;16776;7379065666682324;7379058909524032
3;16777;7379070666596147;7379063911219713
3;16778;7379075666698698;7379068916218166
3;16779;7379080666683581;7379073907458812
3;16780;7379085666531438;7379078900855840
0;16809;7379098191202391;7379092972239021
3;16782;7379095716625839;7379093928129418
3;16783;7379100717279800;7379093973230961
3;16784;7379105667256503;7379098916769444
1;16811;7379107773804323;7379100856251915
3;16785;7379110616846026;7379103950237864
3;16786;7379115615417987;7379108912864494
3;16787;7379120615489701;7379113918056843
3;16788;7379125615399281;7379118906112680
3;16789;7379130615408470;7379123911273337
3;16790;7379135615447698;7379128915706476
3;16791;7379140615342400;7379133907359771
3;16792;7379145615234977;7379138911760413
3;16793;7379150615309905;7379143916360561
3;16794;7379155615258986;7379148906138123
3;16795;7379160615178417;7379153909718633
3;16796;7379165615416271;7379158930275566
3;16797;7379170615509343;7379163903577190
3;16798;7379175615411348;7379168908979285
3;16799;7379180615349925;7379173899758503
3;16800;7379185615286405;7379178905493393
1;16827;7379187775684920;7379182065804725
3;16801;7379190615231341;7379183912095459
3;16802;7379195615342903;7379188915815077
3;16803;7379200615302721;7379193905005100
3;16804;7379205615416879;7379198908809086
3;16805;7379210615380773;7379203915074526
3;16806;7379215615476461;7379208917451104
3;16807;7379220615516818;7379213917002535
3;16808;7379225615503498;7379218916393698
3;16809;7379230615578927;7379223914190841
3;16810;7379235615638268;7379228915940085
3;16811;7379240615525847;7379233903757252
3;16812;7379245615566308;7379238909174960
3;16813;7379250615589206;7379243913508066
3;16814;7379255615471715;7379248904063331
3;16815;7379260615513679;7379253908718224
3;16816;7379265615571918;7379258913690864
3;16817;7379270615488870;7379263904487575
3;16818;7379275615416014;7379268909641756
3;16820;7379285665444599;7379283921679182
3;16822;7379295716320570;7379293995353513
3;16823;7379300717610171;7379294044391933
3;16824;7379305717624700;7379298904894943
3;16825;7379310717803562;7379303926339875
3;16826;7379315717806382;7379308914618859
0;16853;7379318183323781;7379312279830711
3;16827;7379320717796233;7379313917291086
3;16828;7379325717769848;7379318905017767
3;16829;7379330717771931;7379323912042843
3;16830;7379335717608997;7379328901642041
3;16831;7379340717608385;7379333907724089
3;16832;7379345717613085;7379338912548118
3;16833;7379350717820650;7379343936316161
3;16834;7379355717788508;7379348905012037
3;16835;7379360717774351;7379353912473462
3;16836;7379365717854917;7379358914243634
3;16837;7379370717823590;7379363906582817
3;16838;7379375717759190;7379368906612270
3;16839;7379380717692329;7379373909952543
3;16840;7379385717793892;7379378916715815
3;16841;7379390717726525;7379383904185110
3;16842;7379395717646799;7379388908386672
3;16843;7379400717778953;7379393915851763
3;16844;7379405717778692;7379398906707944
3;16845;7379410667664485;7379403911178018
3;16846;7379415667141816;7379408916863777
1;16873;7379417785491681;7379411039047147
3;16847;7379420667119876;7379413906145903
3;16848;7379425667082772;7379418913593781
3;16849;7379430667186822;7379423917949982
3;16850;7379435667112008;7379428907536507
3;16851;7379440667118369;7379433915059415
3;16852;7379445667228529;7379438918774141
0;16879;7379448179880589;7379442663992747
3;16853;7379450667200218;7379443908880358
3;16854;7379455667151645;7379448908699437
3;16855;7379460667214664;7379453913056620
3;16856;7379465667573514;7379458946093427
3;16857;7379470667559752;7379463910105797
3;16858;7379475617141225;7379468913205119
3;16859;7379480616130223;7379473905107119
3;16860;7379485565919615;7379478906451745
3;16861;7379490565098852;7379483909745834
3;16862;7379495565113558;7379488918773954
3;16863;7379500565100330;7379493905566717
3;16864;7379505565050890;7379498909586913
3;16865;7379510565013336;7379503915577459
3;16866;7379515564993123;7379508907857194
3;16867;7379520564960823;7379513909132413
1;16894;7379522798161503;7379515981625667
3;16868;7379525564950525;7379518914531509
1;16895;7379527772601594;7379519787397607
3;16869;7379530565001783;7379523911757240
3;16870;7379535565076882;7379528919595351
3;16871;7379540564988869;7379533907761136
3;16872;7379545564918957;7379538898812781
1;16899;7379547777230403;7379541831022468
3;16873;7379550564991869;7379543917822810
3;16874;7379555565134959;7379548925993742
3;16875;7379560565212183;7379553911651918
3;16876;7379565565292873;7379558916527625
3;16877;7379570565221110;7379563907594489
2;16904;7379573448392229;7379566397097294
3;16878;7379575565279229;7379568912449034
3;16879;7379580565374473;7379573919048258
3;16880;7379585565334615;7379578907233823
3;16881;7379590565308453;7379583913601955
3;16882;7379595565302455;7379588906859012
3;16883;7379600565392270;7379593909837400
1;16910;7379602760030490;7379596447447362
3;16884;7379605515296460;7379598918548342
3;16886;7379615564880828;7379613931667880
3;16887;7379620565486372;7379613977323828
3;16888;7379625565023054;7379618903906140
1;16915;7379627737615240;7379621584213286
3;16889;7379630564966130;7379623907171986
1;16916;7379632737723585;7379626332534453
3;16891;7379640615029408;7379638924384529
3;16892;7379645615832639;7379638986435902
3;16893;7379650615860808;7379643914090280
3;16894;7379655615882045;7379648917830220
3;16895;7379660615878895;7379653907044721
3;16896;7379665615861437;7379658910014556
3;16897;7379670615843528;7379663914569741
3;16898;7379675615849295;7379668906714828
3;16899;7379680615877620;7379673912551189
3;16900;7379685615774239;7379678919937443
3;16901;7379690615799028;7379683906056138
3;16902;7379695615802144;7379688909290928
3;16903;7379700615946130;7379693914157014
3;16904;7379705616088462;7379698919726643
3;16905;7379710616060371;7379703909286344
3;16906;7379715616050988;7379708914876862
3;16907;7379720616198716;7379713919777945
1;16934;7379722725712251;7379716279447950
3;16908;7379725616133757;7379718902313050
3;16909;7379730616061012;7379723907800112
3;16910;7379735616029965;7379728914346342
3;16911;7379740615926470;7379733906653188
3;16912;7379745615847848;7379738908531278
0;16940;7379753200325204;7379746577198947
2;16940;7379753473552157;7379746943591366
1;16940;7379752730141516;7379747983604848
0;16941;7379758216433108;7379751639444482
2;16941;7379758456920307;7379751807459256
3;16914;7379755665952827;7379753924688659
3;16915;7379760666509754;7379753971632798
1;16942;7379762709610070;7379756399069193
3;16916;7379765666597460;7379758912527966
1;16943;7379767674687404;7379759032237343
3;16917;7379770666665088;7379763915937772
3;16918;7379775666565591;7379768903558346
2;16947;7379788467180328;7379783541128779
3;16920;7379785716671789;7379783914683283
3;16921;7379790717213129;7379783962852168
2;16948;7379793448843195;7379785764996913
3;16922;7379795717129869;7379788905364828
3;16923;7379800717202356;7379793911736381
3;16924;7379805717129884;7379798902394503
0;16951;7379808182326803;7379799121383490
3;16925;7379810667002826;7379803908973609
3;16926;7379815643234948;7379811618565649
3;16927;7379820641967345;7379813917631568
1;16954;7379822686224716;7379818069024132
3;16928;7379825642002076;7379818908368185
3;16929;7379830641872462;7379823913378427
3;16930;7379835641888278;7379828916200390
3;16931;7379840641780521;7379833906515426
3;16932;7379845641845015;7379838911467144
3;16933;7379850641884348;7379843915976065
3;16934;7379855641918881;7379848905095412
3;16935;7379860641949064;7379853910742226
3;16936;7379865641974417;7379858915083575
3;16937;7379870641788552;7379863917729654
3;16938;7379875641828783;7379868909035310
3;16939;7379880641840390;7379873913634114
3;16940;7379885641755837;7379878905788328
3;16941;7379890641793347;7379883910333886
3;16942;7379895641881192;7379888915396889
3;16943;7379900641840652;7379893905898543
3;16944;7379905641792905;7379898911941110
3;16945;7379910641915423;7379903916436846
3;16946;7379915642029075;7379908919751794
3;16947;7379920641963862;7379913909330623
3;16948;7379925642066771;7379918916998845
3;16949;7379930642031182;7379923907619224
3;16950;7379935642008264;7379928914571901
3;16952;7379945692261731;7379943931492655
3;16953;7379950692874586;7379943974879168
1;16980;7379952709096188;7379946307410727
3;16954;7379955692828858;7379948913377126
3;16955;7379960692968376;7379953921488568
3;16956;7379965692957187;7379958913940526
3;16957;7379970692940878;7379963917143197
3;16958;7379975692908376;7379968905630515
3;16959;7379980692939761;7379973911837617
3;16960;7379985692982550;7379978917335410
2;16987;7379988425387342;7379979278724995
3;16962;7379995742805606;7379993928399222
3;16963;7380000743468753;7379993976420208
3;16964;7380005743384572;7379998904787215
3;16965;7380010743433797;7380003910029397
3;16966;7380015743506074;7380008913679390
3;16967;7380020743591194;7380013918257872
3;16968;7380025743474504;7380018907105022
3;16969;7380030743547708;7380023912886952
3;16970;7380035743478307;7380028902646761
3;16971;7380040743368794;7380033904626057
3;16972;7380045743367517;7380038907729788
3;16973;7380050743440038;7380043916384442
3;16974;7380055743342344;7380048904762058
3;16975;7380060743349631;7380053912485929
2;17002;7380063430596422;7380057469885429
3;17031;7380340793343229;7380338918955074
2;17059;7380348385899762;7380339154991052
0;17059;7380348202067185;7380341805640794
3;17032;7380345843335987;7380343907036980
3;17033;7380350893489603;7380348914174239
3;17034;7380355943486989;7380353917561349
1;17062;7380362756658435;7380358593583240
3;17035;7380360993431402;7380358920435112
1;17063;7380367765730808;7380363309384431
3;17036;7380366043392329;7380363907744533
1;17064;7380372766058676;7380366429235952
3;17037;7380371093365748;7380368913869597
1;17065;7380377738732977;7380369196834991
3;17038;7380376143325576;7380373903577181
3;17039;7380381193407835;7380378920674966
1;17067;7380387732107351;7380380898315643
3;17040;7380386243339016;7380383912166337
3;17041;7380391293423269;7380388915659036
3;17042;7380396343332914;7380393904566626
3;17043;7380401393384543;7380398912021889
1;17071;7380407766997832;7380403236725990
3;17044;7380406443447172;7380403916100213
3;17045;7380411493376886;7380408911519781
3;17046;7380416493180049;7380413911984165
1;17074;7380422803425353;7380418251866842
3;17047;7380421542570542;7380418916373226
3;17048;7380426592597236;7380423906575535
3;17049;7380431642642981;7380428911746377
3;17050;7380436642577740;7380433917860342
3;17051;7380441691801554;7380438908817384
3;17052;7380446741775311;7380443911465975
3;17054;7380456841890638;7380458929362761
3;17055;7380461892589740;7380458976954914
3;17056;7380466942666523;7380463917692956
3;17057;7380471992860206;7380468933937921
3;17058;7380477042947030;7380473915397226
0;17086;7380483215264161;7380478015202370
3;17059;7380482093020131;7380478919861324
1;17087;7380487804215176;7380481375274159
3;17060;7380487142863292;7380483904253625
3;17061;7380492192894653;7380488909192302
3;17062;7380497242943212;7380493914146878
3;17063;7380502292982580;7380498918093948
3;17064;7380507342862693;7380503907737884
3;17065;7380512392869507;7380508909967771
1;17093;7380517777224731;7380509250504691
3;17066;7380517442875972;7380513915523378
3;17067;7380522492755204;7380518907701113
3;17068;7380527542860586;7380523912851215
3;17070;7380537643097175;7380538931458923
3;17071;7380542694089504;7380539013579252
3;17072;7380547744068083;7380543904511266
2;17100;7380553425630111;7380548121132820
3;17073;7380552794100975;7380548911820519
3;17074;7380557794026057;7380553917196834
3;17075;7380562843380365;7380558907063535
3;17076;7380567893354611;7380563909952662
3;17077;7380572943371020;7380568917578606
2;17105;7380578429702568;7380572281786836
3;17078;7380577993527250;7380573919181362
3;17079;7380582993461748;7380578908133243
3;17080;7380588042986573;7380583915334494
3;17081;7380593093057476;7380588912455207
1;17110;7380602770547620;7380596672036554
2;17110;7380603421149468;7380596848153363
1;17111;7380607769193038;7380599887876759
2;17111;7380608422894446;7380602011911087
3;17083;7380603193156909;7380603921679781
3;17084;7380608243979864;7380603984689904
3;17085;7380613294011182;7380608912105295
3;17086;7380618317001775;7380613917624942
1;17114;7380622791388127;7380618464888732
3;17087;7380623366852965;7380618902750518
2;17115;7380628414949181;7380621996447556
2;17116;7380633400891144;7380626940539539
1;17116;7380632822698868;7380627116525026
1;17117;7380637817077151;7380631324231693
1;17119;7380647840725733;7380641351610334
2;17119;7380648381801626;7380641415476769
3;17090;7380638517214196;7380643944491363
3;17091;7380643618004372;7380643992395981
3;17092;7380648669241688;7380644039931870
2;17120;7380653375990685;7380646722281691
1;17120;7380652852867190;7380647346486699
1;17121;7380657820192914;7380649307483432
2;17121;7380658403273160;7380651742020696
2;17122;7380663400650638;7380656205709320
1;17122;7380662795959881;7380656269702831
3;17094;7380658769448010;7380658927147682
3;17095;7380663820082554;7380658974921525
2;17123;7380668376734456;7380659401332591
3;17096;7380668869960975;7380663903818265
3;17097;7380673919987121;7380668907709980
1;17125;7380677817541408;7380671586633698
3;17098;7380678970013825;7380673913412641
1;17126;7380682818193157;7380676306305928
2;17126;7380683367141802;7380677231286277
3;17100;7380689070158153;7380688929516237
3;17101;7380694121146816;7380689016595980
3;17102;7380699171241384;7380693918492104
1;17130;7380702817206075;7380697492032231
3;17103;7380704221168684;7380698906364048
1;17131;7380707827384461;7380703203638370
3;17104;7380709271252179;7380703914137888
3;17105;7380714321400868;7380708925202656
3;17106;7380719371357617;7380713911071723
3;17107;7380724421440031;7380718914139960
1;17135;7380727852461966;7380723805551009
3;17108;7380729471386088;7380723906546849
3;17109;7380734521297682;7380728907596295
1;17137;7380737876045093;7380731541150585
3;17110;7380739571235926;7380733913576136
2;17138;7380743343233597;7380734024593646
3;17111;7380744621214633;7380738907201328
3;17112;7380749671156059;7380743911141567
3;17113;7380754721254086;7380748917421972
3;17114;7380759771183359;7380753907499267
3;17115;7380764771019564;7380758915113041
3;17116;7380769820452668;7380763918189572
3;17117;7380774870551768;7380768923287095
1;17145;7380777874476422;7380771851700780
2;17145;7380778344115731;7380771903583722
3;17118;7380779920438849;7380773910196776
2;17146;7380783334401197;7380776590993646
3;17119;7380784970448687;7380778914924260
0;17147;7380788236607561;7380781741717573
1;17147;7380787898678802;7380781932979940
3;17120;7380790020350621;7380783907336742
3;17121;7380795070427777;7380788913346034
3;17122;7380800120337366;7380793902796538
3;17123;7380805170242863;7380798907885122
3;17124;7380810170119501;7380803916063018
3;17125;7380815219392776;7380808903747665
3;17126;7380820269445924;7380813910102132
3;17127;7380825319493962;7380818914833118
2;17155;7380828330123713;7380822281648482
3;17128;7380830369538487;7380823918131903
3;17129;7380835419462990;7380828910708136
2;17157;7380838358339451;7380832435006382
3;17130;7380840469512137;7380833912019674
3;17131;7380845519536918;7380838915364954
3;17133;7380855619828036;7380853931758534
3;17134;7380860670560874;7380853977909752
0;17162;7380863215550711;7380856319874550
3;17135;7380865720535553;7380858905197717
3;17136;7380870770488169;7380863911646029
0;17164;7380873239044561;7380866961817799
3;17137;7380875820658778;7380868921822997
0;17165;7380878255869952;7380872330579727
3;17138;7380880870572268;7380873903834924
0;17166;7380883244822075;7380875754211234
3;17139;7380885870473294;7380878909057708
1;17167;7380887906067187;7380883302669125
3;17140;7380890870563187;7380883916026324
1;17168;7380892932733997;7380886900231267
3;17141;7380895870485610;7380888906416488
3;17142;7380900870451598;7380893914160155
3;17143;7380905870270093;7380898902284641
3;17144;7380910870248502;7380903905585410
3;17146;7380920920312846;7380918920304043
3;17147;7380925921243863;7380918996678744
1;17175;7380927930114783;7380920979384041
3;17148;7380930921166523;7380923912941061
2;17176;7380933359511219;7380926418047537
1;17176;7380932934637444;7380927472017233
3;17149;7380935921062555;7380928901769466
0;17177;7380938240668150;7380931008102600
2;17177;7380938366263844;7380931789036763
1;17177;7380937950116932;7380932999977112
3;17150;7380940920960192;7380933905422824
0;17178;7380943244728385;7380937880565538
3;17151;7380945921008466;7380938909394106
0;17179;7380948237977743;7380941603410767
3;17152;7380950921026936;7380943913868894
0;17180;7380953225677472;7380946625773602
2;17180;7380953388106810;7380948513895541
3;17153;7380955921065330;7380948919939640
1;17181;7380957968556264;7380952084549931
3;17154;7380960921038701;7380953908856998
3;17155;7380965921075789;7380958915693018
3;17156;7380970920954852;7380963904279469
3;17157;7380975920964867;7380968907577104
3;17158;7380980920943661;7380973909625774
3;17159;7380985920940938;7380978917588114
3;17160;7380990920926812;7380983907404814
2;17188;7380993387242792;7380986795652923
3;17161;7380995920805732;7380988899357915
3;17162;7381000870551163;7380993903905771
0;17190;7381003212084291;7380995226130305
2;17190;7381003373495978;7380996218041898
3;17163;7381005869875690;7380998909407577
2;17191;7381008371583254;7381002531698893
3;17164;7381010869943459;7381003924469847
3;17165;7381015869864708;7381008926062903
3;17167;7381025919890060;7381023917932413
3;17168;7381030920361229;7381023966978120
3;17169;7381035920395352;7381028907666022
3;17170;7381040920430848;7381033912741826
3;17171;7381045920280279;7381038899090093
3;17172;7381050920186214;7381043908687408
3;17173;7381055920233955;7381048912512034
3;17174;7381060920319548;7381053918527114
1;17202;7381062982049819;7381056247409369
3;17175;7381065920234972;7381058907065788
3;17176;7381070920280063;7381063912210189
1;17204;7381072981447960;7381064228448213
3;17177;7381075920307026;7381068915547349
1;17205;7381078019838354;7381072876322180
3;17178;7381080870055872;7381073906343412
3;17179;7381085869033326;7381078911324669
3;17180;7381090869010113;7381083902189924
3;17181;7381095868967816;7381088907590729
3;17182;7381100868895616;7381093909976942
3;17183;7381105869017121;7381098919214268
3;17184;7381110868987427;7381103906983132
3;17185;7381115868930970;7381108911932923
3;17186;7381120868906847;7381113916769051
3;17187;7381125869031626;7381118920611274
3;17188;7381130868991617;7381123911333513
3;17189;7381135869038921;7381128917185681
3;17190;7381140818872817;7381133905069254
3;17191;7381145818129043;7381138910312530
3;17192;7381150818531794;7381143952380259
3;17194;7381160868675466;7381158931992113
3;17195;7381165869426118;7381158977815653
2;17223;7381168394997382;7381163352606702
3;17196;7381170769047142;7381163906593780
3;17197;7381175718240650;7381168911746739
3;17198;7381180716998084;7381173915675301
1;17226;7381183003251640;7381174581325252
1;17227;7381187974347123;7381179011206471
2;17228;7381193409160814;7381187450456248
1;17228;7381193003921317;7381188474208124
3;17200;7381190717000844;7381188927423724
3;17201;7381195717014843;7381188976321401
2;17229;7381198405691066;7381191321940033
1;17229;7381198027771871;7381193379521175
3;17202;7381200717031692;7381193905503265
1;17230;7381203029350436;7381197011996891
2;17230;7381203430974676;7381198291948678
3;17203;7381205717023706;7381198906911346
1;17231;7381208051568604;7381201331800026
3;17204;7381210716948483;7381203905890417
1;17232;7381213031471173;7381204190451747
0;17232;7381213229084131;7381208215646944
3;17205;7381215666806694;7381208915337347
3;17206;7381220665809188;7381213916845277
1;17234;7381223018898120;7381216850611253
3;17207;7381225665671748;7381218904748111
1;17235;7381228017564495;7381219250542512
3;17208;7381230665713147;7381223910503912
1;17236;7381233016355086;7381226224472208
3;17209;7381235665726822;7381228915505493
1;17237;7381238042253093;7381231643644018
2;17237;7381238429498331;7381232248998289
3;17210;7381240665508605;7381233903380907
2;17238;7381243395152230;7381234360778562
1;17238;7381243023961137;7381236104651573
3;17211;7381245665468636;7381238907074761
3;17212;7381250665444172;7381243911693580
3;17213;7381255665390203;7381248901150100
2;17241;7381258391864019;7381251376592701
3;17215;7381265715808854;7381263949461441
3;17216;7381270716820041;7381264014694733
3;17217;7381275716860223;7381268911219470
3;17218;7381280716903542;7381273915473399
3;17219;7381285716781650;7381278905232771
2;17247;7381288416732262;7381283425775337
3;17220;7381290716827227;7381283912056966
2;17248;7381293441641116;7381287569365657
3;17221;7381295716712415;7381288903631730
1;17249;7381298031237092;7381292542995412
3;17222;7381300716626362;7381293909584314
2;17252;7381313438720429;7381308228049949
1;17252;7381313037436844;7381308484122907
3;17224;7381310766615535;7381308922204410
3;17225;7381315767185192;7381308967162535
3;17226;7381320767135276;7381313909932491
3;17228;7381330817139292;7381328907738331
3;17229;7381335867149841;7381333914401075
1;17258;7381343038024719;7381336292094904
3;17230;7381340917140854;7381338901897888
3;17231;7381345967124063;7381343906206112
1;17260;7381353057755109;7381346202964323
3;17232;7381351017103781;7381348914034861
1;17261;7381358056478004;7381351766564047
3;17233;7381356067245546;7381353917924141
3;17234;7381361117217295;7381358907276997
1;17263;7381368067964723;7381362202917236
3;17235;7381366167185770;7381363911680646
1;17264;7381373068860102;7381366480184461
3;17236;7381371217168608;7381368916415682
1;17265;7381378062848906;7381371389427733
3;17237;7381376267140131;7381373907860542
1;17266;7381383062610263;7381376854999212
3;17239;7381386367092797;7381388907286405
3;17240;7381391467010254;7381393907110711
1;17270;7381403037690546;7381394075628796
2;17270;7381403432742108;7381396284859967
3;17241;7381396516828513;7381398913584552
1;17271;7381408007192169;7381399386568703
2;17271;7381408450406580;7381403160666634
3;17242;7381401616249358;7381403919994097
1;17272;7381413024978771;7381406470637911
2;17272;7381413437261805;7381407186509590
3;17243;7381406716250086;7381408905270513
1;17273;7381418022939882;7381411806893390
2;17273;7381418439183237;7381411979401045
3;17244;7381411816233604;7381413909997924
2;17274;7381423413946889;7381414158822795
1;17274;7381423020440620;7381416350647077
3;17245;7381416916033998;7381418901862307
1;17275;7381427991877946;7381419551413186
3;17246;7381422016049153;7381423905350462
3;17247;7381427116057907;7381428909933104
3;17248;7381432216046449;7381433914880594
1;17278;7381442998501518;7381436978428221
3;17249;7381437316028564;7381438904628040
3;17250;7381442415970662;7381443908369922
1;17280;7381453009511526;7381445742943140
3;17251;7381447516070569;7381448912275262
3;17252;7381452616065036;7381453905032055
2;17282;7381463401072897;7381457273985980
3;17253;7381457665813811;7381458895181592
2;17283;7381468398183192;7381463125958172
3;17254;7381462764853452;7381463900642732
3;17255;7381467864799379;7381468907533831
3;17256;7381472964877507;7381473909582086
3;17257;7381478064968138;7381478914486204
3;17258;7381483165269341;7381483939514494
3;17259;7381488265231304;7381488910065077
3;17260;7381493365191517;7381493915960958
3;17261;7381498465155090;7381498905214300
1;17291;7381508006194459;7381501566916024
3;17262;7381503565102394;7381503910423346
3;17263;7381508665229070;7381508916947176
3;17264;7381513765332090;7381513917879091
3;17265;7381518865296296;7381518906046351
3;17266;7381523965232457;7381523911204164
3;17267;7381529065338871;7381528918046081
3;17268;7381534165542002;7381533919671057
3;17269;7381539265571624;7381538906867967
3;17270;7381544365614972;7381543913742516
3;17271;7381549465549055;7381548917878145
3;17272;7381554565391560;7381553910313315
3;17273;7381559615374437;7381558916220046
3;17274;7381564714761889;7381563905723222
3;17275;7381569814789494;7381568910426441
1;17305;7381577992178938;7381571939239151
3;17276;7381574914803055;7381573914098038
1;17306;7381583002481020;7381577248120963
3;17277;7381580015010346;7381578919819161
3;17278;7381585115033171;7381583910969908
3;17279;7381590215078380;7381588917032803
3;17280;7381595314974966;7381593908185687
3;17281;7381600415055003;7381598915069627
1;17311;7381607989158159;7381599065595676
3;17282;7381605515017971;7381603908506958
0;17312;7381613265496046;7381607715200619
3;17283;7381610614955396;7381608909289837
3;17284;7381615715036169;7381613914420709
1;17314;7381622982428044;7381616327458198
3;17285;7381620815011480;7381618908855630
3;17286;7381625915078845;7381623908926440
1;17316;7381632992774520;7381627871036250
3;17287;7381631015182433;7381628917949548
3;17288;7381636115131731;7381633904906753
3;17289;7381641215051365;7381638911177662
3;17290;7381646315156063;7381643917452990
3;17291;7381651415090534;7381648905379945
3;17292;7381656515062941;7381653914009859
3;17293;7381661615029619;7381658917278932
0;17323;7381668266029492;7381663820708436
3;17294;7381666714987556;7381663907127166
1;17324;7381673011252677;7381668235659483
3;17295;7381671814954353;7381668913865526
3;17296;7381676914941098;7381673903743902
1;17326;7381683014607450;7381676904948721
3;17297;7381682014957100;7381678911912572
1;17327;7381688032775194;7381683751680491
3;17298;7381687114594289;7381683916099145
1;17328;7381693048723917;7381687359620557
3;17299;7381692164350880;7381688907651257
3;17300;7381697263694010;7381693912128580
3;17301;7381702363772206;7381698914413427
1;17331;7381708048592403;7381701347669094
0;17331;7381708249531397;7381701594233849
3;17302;7381707463706290;7381703905155159
3;17303;7381712563640543;7381708909100629
3;17304;7381717613510450;7381713914414324
3;17305;7381722712794511;7381718904727729
3;17306;7381727812833736;7381723909425736
3;17307;7381732912932041;7381728916741943
1;17337;7381738028882726;7381729223595033
3;17308;7381738012924915;7381733905177694
1;17338;7381743024914500;7381736828160405
3;17309;7381743112883310;7381738911176840
2;17339;7381748385775663;7381740119197130
1;17339;7381748022739392;7381741223257605
3;17310;7381748212877969;7381743916311091
3;17311;7381753312864044;7381748903355619
3;17312;7381758412856303;7381753909729757
3;17314;7381768563096140;7381768939489097
3;17315;7381773663922047;7381768985971607
3;17316;7381778763994634;7381773914333620
3;17317;7381783863910267;7381778903256694
0;17347;7381788216955434;7381780463561900
3;17318;7381788964001925;7381783910315969
3;17319;7381794013643526;7381788913621605
3;17320;7381799112665692;7381793916911169
