3;04-03-2025 02:12:48.222;04-03-2025 02:12:48.288;66
3;04-03-2025 02:12:48.222;04-03-2025 02:12:48.335;113
3;04-03-2025 02:12:48.222;04-03-2025 02:12:53.261;5039
3;04-03-2025 02:12:48.222;04-03-2025 02:12:58.253;10031
3;04-03-2025 02:12:48.222;04-03-2025 02:13:03.254;15032
3;04-03-2025 02:12:48.222;04-03-2025 02:13:08.262;20040
3;04-03-2025 02:12:48.222;04-03-2025 02:13:13.250;25028
3;04-03-2025 02:12:48.222;04-03-2025 02:13:18.256;30034
3;04-03-2025 02:12:48.222;04-03-2025 02:13:23.260;35038
3;04-03-2025 02:12:48.222;04-03-2025 02:13:28.262;40040
3;04-03-2025 02:12:48.222;04-03-2025 02:13:33.266;45044
3;04-03-2025 02:12:48.222;04-03-2025 02:13:38.258;50036
3;04-03-2025 02:12:48.222;04-03-2025 02:13:43.262;55040
3;04-03-2025 02:13:58.222;04-03-2025 02:13:58.277;55
3;04-03-2025 02:13:58.222;04-03-2025 02:13:58.326;104
3;04-03-2025 02:13:58.222;04-03-2025 02:14:03.266;5044
3;04-03-2025 02:13:58.222;04-03-2025 02:14:08.257;10035
3;04-03-2025 02:13:58.222;04-03-2025 02:14:13.261;15039
3;04-03-2025 02:14:28.223;04-03-2025 02:14:28.275;52
3;04-03-2025 02:14:28.223;04-03-2025 02:14:33.267;5044
3;04-03-2025 02:14:28.223;04-03-2025 02:14:38.273;10050
3;04-03-2025 02:14:28.223;04-03-2025 02:14:43.279;15056
3;04-03-2025 02:14:28.223;04-03-2025 02:14:48.268;20045
3;04-03-2025 02:14:28.223;04-03-2025 02:14:53.275;25052
3;04-03-2025 02:14:28.223;04-03-2025 02:14:58.260;30037
3;04-03-2025 02:14:28.223;04-03-2025 02:15:03.280;35057
3;04-03-2025 02:14:28.223;04-03-2025 02:15:08.278;40055
3;04-03-2025 02:14:28.223;04-03-2025 02:15:13.275;45052
3;04-03-2025 02:14:28.223;04-03-2025 02:15:18.263;50040
3;04-03-2025 02:14:28.223;04-03-2025 02:15:23.266;55043
3;04-03-2025 02:14:28.223;04-03-2025 02:15:28.271;60048
3;04-03-2025 02:14:28.223;04-03-2025 02:15:33.277;65054
3;04-03-2025 02:14:28.223;04-03-2025 02:15:38.267;70044
3;04-03-2025 02:14:28.223;04-03-2025 02:15:43.272;75049
3;04-03-2025 02:14:28.223;04-03-2025 02:15:48.261;80038
3;04-03-2025 02:14:28.223;04-03-2025 02:15:53.267;85044
3;04-03-2025 02:14:28.223;04-03-2025 02:15:58.272;90049
2;04-03-2025 02:16:00.791;04-03-2025 02:16:01.541;750
3;04-03-2025 02:14:28.223;04-03-2025 02:16:03.275;95052
3;04-03-2025 02:14:28.223;04-03-2025 02:16:08.267;100044
3;04-03-2025 02:14:28.223;04-03-2025 02:16:13.271;105048
3;04-03-2025 02:14:28.223;04-03-2025 02:16:18.274;110051
2;04-03-2025 02:16:00.791;04-03-2025 02:16:20.670;19879
3;04-03-2025 02:14:28.223;04-03-2025 02:16:23.267;115044
3;04-03-2025 02:14:28.223;04-03-2025 02:16:28.270;120047
3;04-03-2025 02:16:43.236;04-03-2025 02:16:43.297;61
3;04-03-2025 02:16:43.236;04-03-2025 02:16:43.345;109
3;04-03-2025 02:16:43.236;04-03-2025 02:16:48.267;5031
3;04-03-2025 02:16:43.236;04-03-2025 02:16:53.270;10034
3;04-03-2025 02:16:43.236;04-03-2025 02:16:58.276;15040
1;04-03-2025 02:17:00.751;04-03-2025 02:17:00.781;30
3;04-03-2025 02:16:43.236;04-03-2025 02:17:03.291;20055
3;04-03-2025 02:16:43.236;04-03-2025 02:17:08.268;25032
3;04-03-2025 02:17:23.234;04-03-2025 02:17:23.281;47
3;04-03-2025 02:17:23.234;04-03-2025 02:17:23.328;94
3;04-03-2025 02:17:23.234;04-03-2025 02:17:28.270;5036
1;04-03-2025 02:17:29.032;04-03-2025 02:17:31.588;2556
3;04-03-2025 02:17:23.234;04-03-2025 02:17:33.274;10040
3;04-03-2025 02:17:23.234;04-03-2025 02:17:38.279;15045
3;04-03-2025 02:17:53.237;04-03-2025 02:17:53.293;56
3;04-03-2025 02:17:53.237;04-03-2025 02:17:53.358;121
3;04-03-2025 02:17:53.237;04-03-2025 02:17:58.268;5031
3;04-03-2025 02:17:53.237;04-03-2025 02:18:03.272;10035
3;04-03-2025 02:17:53.237;04-03-2025 02:18:08.261;15024
3;04-03-2025 02:18:23.236;04-03-2025 02:18:23.288;52
3;04-03-2025 02:18:23.236;04-03-2025 02:18:23.336;100
3;04-03-2025 02:18:23.236;04-03-2025 02:18:28.279;5043
3;04-03-2025 02:18:23.236;04-03-2025 02:18:33.266;10030
3;04-03-2025 02:18:23.236;04-03-2025 02:18:38.271;15035
3;04-03-2025 02:18:23.236;04-03-2025 02:18:43.276;20040
3;04-03-2025 02:18:23.236;04-03-2025 02:18:48.263;25027
3;04-03-2025 02:18:23.236;04-03-2025 02:18:53.270;30034
3;04-03-2025 02:18:23.236;04-03-2025 02:18:58.275;35039
3;04-03-2025 02:18:23.236;04-03-2025 02:19:03.277;40041
3;04-03-2025 02:18:23.236;04-03-2025 02:19:08.265;45029
3;04-03-2025 02:18:23.236;04-03-2025 02:19:13.266;50030
3;04-03-2025 02:19:28.226;04-03-2025 02:19:28.263;37
3;04-03-2025 02:19:28.226;04-03-2025 02:19:33.269;5043
3;04-03-2025 02:19:28.226;04-03-2025 02:19:38.276;10050
3;04-03-2025 02:19:28.226;04-03-2025 02:19:43.267;15041
3;04-03-2025 02:19:28.226;04-03-2025 02:19:48.271;20045
3;04-03-2025 02:19:28.226;04-03-2025 02:19:53.274;25048
3;04-03-2025 02:19:28.226;04-03-2025 02:19:58.280;30054
2;04-03-2025 02:19:56.593;04-03-2025 02:20:00.595;4002
3;04-03-2025 02:19:28.226;04-03-2025 02:20:03.270;35044
3;04-03-2025 02:19:28.226;04-03-2025 02:20:08.274;40048
3;04-03-2025 02:19:28.226;04-03-2025 02:20:13.296;45070
3;04-03-2025 02:19:28.226;04-03-2025 02:20:18.274;50048
3;04-03-2025 02:19:28.226;04-03-2025 02:20:23.280;55054
3;04-03-2025 02:19:28.226;04-03-2025 02:20:28.261;60035
3;04-03-2025 02:19:28.226;04-03-2025 02:20:33.269;65043
3;04-03-2025 02:19:28.226;04-03-2025 02:20:38.271;70045
3;04-03-2025 02:19:28.226;04-03-2025 02:20:43.275;75049
3;04-03-2025 02:19:28.226;04-03-2025 02:20:48.260;80034
3;04-03-2025 02:19:28.226;04-03-2025 02:20:53.266;85040
3;04-03-2025 02:19:28.226;04-03-2025 02:20:58.272;90046
3;04-03-2025 02:19:28.226;04-03-2025 02:21:03.276;95050
3;04-03-2025 02:19:28.226;04-03-2025 02:21:08.262;100036
3;04-03-2025 02:19:28.226;04-03-2025 02:21:13.268;105042
3;04-03-2025 02:19:28.226;04-03-2025 02:21:18.268;110042
3;04-03-2025 02:19:28.226;04-03-2025 02:21:23.267;115041
3;04-03-2025 02:19:28.226;04-03-2025 02:21:28.272;120046
1;04-03-2025 02:21:16.123;04-03-2025 02:21:28.525;12402
3;04-03-2025 02:19:28.226;04-03-2025 02:21:33.277;125051
1;04-03-2025 02:21:16.123;04-03-2025 02:21:33.290;17167
3;04-03-2025 02:19:28.226;04-03-2025 02:21:38.265;130039
1;04-03-2025 02:21:38.597;04-03-2025 02:21:40.500;1903
0;04-03-2025 02:21:18.666;04-03-2025 02:21:41.522;22856
3;04-03-2025 02:19:28.226;04-03-2025 02:21:43.271;135045
3;04-03-2025 02:21:58.233;04-03-2025 02:21:58.281;48
3;04-03-2025 02:22:08.307;04-03-2025 02:22:08.357;50
3;04-03-2025 02:22:08.307;04-03-2025 02:22:08.407;100
3;04-03-2025 02:22:23.234;04-03-2025 02:22:23.285;51
3;04-03-2025 02:22:23.234;04-03-2025 02:22:23.331;97
3;04-03-2025 02:22:38.233;04-03-2025 02:22:38.282;49
3;04-03-2025 02:22:38.233;04-03-2025 02:22:38.361;128
3;04-03-2025 02:22:38.233;04-03-2025 02:22:43.268;5035
3;04-03-2025 02:22:38.233;04-03-2025 02:22:48.271;10038
3;04-03-2025 02:22:38.233;04-03-2025 02:22:53.276;15043
3;04-03-2025 02:22:38.233;04-03-2025 02:22:58.261;20028
3;04-03-2025 02:22:38.233;04-03-2025 02:23:03.266;25033
0;04-03-2025 02:23:10.911;04-03-2025 02:23:13.394;2483
1;04-03-2025 02:22:28.876;04-03-2025 02:23:15.522;46646
3;04-03-2025 02:23:28.226;04-03-2025 02:23:28.269;43
3;04-03-2025 02:23:28.226;04-03-2025 02:23:33.271;5045
3;04-03-2025 02:23:28.226;04-03-2025 02:23:38.264;10038
3;04-03-2025 02:23:28.226;04-03-2025 02:23:43.267;15041
3;04-03-2025 02:23:28.226;04-03-2025 02:23:48.273;20047
3;04-03-2025 02:23:28.226;04-03-2025 02:23:53.263;25037
3;04-03-2025 02:23:28.226;04-03-2025 02:23:58.267;30041
3;04-03-2025 02:24:13.233;04-03-2025 02:24:13.279;46
3;04-03-2025 02:24:13.233;04-03-2025 02:24:13.341;108
3;04-03-2025 02:24:13.233;04-03-2025 02:24:18.267;5034
3;04-03-2025 02:24:13.233;04-03-2025 02:24:23.272;10039
3;04-03-2025 02:24:13.233;04-03-2025 02:24:28.272;15039
3;04-03-2025 02:24:13.233;04-03-2025 02:24:33.264;20031
0;04-03-2025 02:24:01.431;04-03-2025 02:24:35.368;33937
3;04-03-2025 02:24:13.233;04-03-2025 02:24:38.269;25036
3;04-03-2025 02:24:13.233;04-03-2025 02:24:43.275;30042
3;04-03-2025 02:24:13.233;04-03-2025 02:24:48.265;35032
3;04-03-2025 02:24:13.233;04-03-2025 02:24:53.269;40036
1;04-03-2025 02:24:29.695;04-03-2025 02:24:56.037;26342
3;04-03-2025 02:24:13.233;04-03-2025 02:24:58.271;45038
3;04-03-2025 02:24:13.233;04-03-2025 02:25:03.275;50042
3;04-03-2025 02:24:13.233;04-03-2025 02:25:08.269;55036
3;04-03-2025 02:24:13.233;04-03-2025 02:25:13.287;60054
1;04-03-2025 02:24:29.695;04-03-2025 02:25:17.679;47984
3;04-03-2025 02:24:13.233;04-03-2025 02:25:18.290;65057
3;04-03-2025 02:24:13.233;04-03-2025 02:25:23.269;70036
3;04-03-2025 02:24:13.233;04-03-2025 02:25:28.268;75035
3;04-03-2025 02:24:13.233;04-03-2025 02:25:33.275;80042
3;04-03-2025 02:24:13.233;04-03-2025 02:25:38.264;85031
3;04-03-2025 02:24:13.233;04-03-2025 02:25:43.268;90035
3;04-03-2025 02:24:13.233;04-03-2025 02:25:48.277;95044
1;04-03-2025 02:25:28.638;04-03-2025 02:25:51.245;22607
3;04-03-2025 02:24:13.233;04-03-2025 02:25:53.267;100034
3;04-03-2025 02:24:13.233;04-03-2025 02:25:58.274;105041
0;04-03-2025 02:25:29.552;04-03-2025 02:26:02.503;32951
3;04-03-2025 02:24:13.233;04-03-2025 02:26:03.261;110028
3;04-03-2025 02:24:13.233;04-03-2025 02:26:08.265;115032
3;04-03-2025 02:24:13.233;04-03-2025 02:26:13.272;120039
2;04-03-2025 02:25:59.785;04-03-2025 02:26:17.181;17396
3;04-03-2025 02:24:13.233;04-03-2025 02:26:18.276;125043
3;04-03-2025 02:24:13.233;04-03-2025 02:26:23.263;130030
3;04-03-2025 02:24:13.233;04-03-2025 02:26:28.271;135038
0;04-03-2025 02:26:29.723;04-03-2025 02:26:31.927;2204
3;04-03-2025 02:24:13.233;04-03-2025 02:26:33.261;140028
3;04-03-2025 02:24:13.233;04-03-2025 02:26:38.268;145035
3;04-03-2025 02:24:13.233;04-03-2025 02:26:43.256;150023
3;04-03-2025 02:24:13.233;04-03-2025 02:26:48.261;155028
3;04-03-2025 02:24:13.233;04-03-2025 02:26:53.299;160066
3;04-03-2025 02:24:13.233;04-03-2025 02:26:58.259;165026
3;04-03-2025 02:24:13.233;04-03-2025 02:27:03.265;170032
3;04-03-2025 02:24:13.233;04-03-2025 02:27:08.254;175021
3;04-03-2025 02:24:13.233;04-03-2025 02:27:13.260;180027
3;04-03-2025 02:24:13.233;04-03-2025 02:27:18.264;185031
3;04-03-2025 02:24:13.233;04-03-2025 02:27:23.269;190036
3;04-03-2025 02:24:13.233;04-03-2025 02:27:28.275;195042
3;04-03-2025 02:24:13.233;04-03-2025 02:27:33.263;200030
1;04-03-2025 02:27:36.045;04-03-2025 02:27:36.423;378
3;04-03-2025 02:24:13.233;04-03-2025 02:27:38.269;205036
1;04-03-2025 02:27:36.045;04-03-2025 02:27:42.409;6364
3;04-03-2025 02:24:13.233;04-03-2025 02:27:43.257;210024
3;04-03-2025 02:24:13.233;04-03-2025 02:27:48.261;215028
3;04-03-2025 02:24:13.233;04-03-2025 02:27:53.266;220033
3;04-03-2025 02:24:13.233;04-03-2025 02:27:58.273;225040
3;04-03-2025 02:24:13.233;04-03-2025 02:28:03.263;230030
3;04-03-2025 02:24:13.233;04-03-2025 02:28:08.272;235039
3;04-03-2025 02:24:13.233;04-03-2025 02:28:13.275;240042
3;04-03-2025 02:24:13.233;04-03-2025 02:28:18.277;245044
0;04-03-2025 02:28:11.221;04-03-2025 02:28:20.286;9065
3;04-03-2025 02:24:13.233;04-03-2025 02:28:23.268;250035
0;04-03-2025 02:28:25.251;04-03-2025 02:28:25.993;742
3;04-03-2025 02:24:13.233;04-03-2025 02:28:28.272;255039
0;04-03-2025 02:28:25.251;04-03-2025 02:28:32.087;6836
3;04-03-2025 02:24:13.233;04-03-2025 02:28:33.278;260045
1;04-03-2025 02:28:10.940;04-03-2025 02:28:35.479;24539
3;04-03-2025 02:24:13.233;04-03-2025 02:28:38.269;265036
3;04-03-2025 02:24:13.233;04-03-2025 02:28:43.275;270042
3;04-03-2025 02:24:13.233;04-03-2025 02:28:48.265;275032
3;04-03-2025 02:24:13.233;04-03-2025 02:28:53.272;280039
3;04-03-2025 02:24:13.233;04-03-2025 02:28:58.263;285030
3;04-03-2025 02:24:13.233;04-03-2025 02:29:03.269;290036
3;04-03-2025 02:24:13.233;04-03-2025 02:29:08.276;295043
2;04-03-2025 02:29:04.190;04-03-2025 02:29:21.221;17031
3;04-03-2025 02:29:23.233;04-03-2025 02:29:23.280;47
3;04-03-2025 02:29:23.233;04-03-2025 02:29:23.352;119
3;04-03-2025 02:29:23.233;04-03-2025 02:29:28.292;5059
3;04-03-2025 02:29:23.233;04-03-2025 02:29:33.269;10036
3;04-03-2025 02:29:23.233;04-03-2025 02:29:38.273;15040
3;04-03-2025 02:29:23.233;04-03-2025 02:29:43.276;20043
3;04-03-2025 02:29:23.233;04-03-2025 02:29:48.264;25031
3;04-03-2025 02:29:23.233;04-03-2025 02:29:53.271;30038
0;04-03-2025 02:28:43.227;04-03-2025 02:29:55.809;72582
3;04-03-2025 02:29:23.233;04-03-2025 02:29:58.264;35031
2;04-03-2025 02:29:57.629;04-03-2025 02:30:01.465;3836
3;04-03-2025 02:29:23.233;04-03-2025 02:30:03.267;40034
3;04-03-2025 02:29:23.233;04-03-2025 02:30:08.281;45048
3;04-03-2025 02:29:23.233;04-03-2025 02:30:13.261;50028
3;04-03-2025 02:29:23.233;04-03-2025 02:30:18.265;55032
3;04-03-2025 02:29:23.233;04-03-2025 02:30:23.273;60040
3;04-03-2025 02:29:23.233;04-03-2025 02:30:28.261;65028
3;04-03-2025 02:29:23.233;04-03-2025 02:30:33.265;70032
3;04-03-2025 02:29:23.233;04-03-2025 02:30:38.271;75038
3;04-03-2025 02:29:23.233;04-03-2025 02:30:43.261;80028
3;04-03-2025 02:29:23.233;04-03-2025 02:30:48.265;85032
3;04-03-2025 02:29:23.233;04-03-2025 02:30:53.267;90034
3;04-03-2025 02:29:23.233;04-03-2025 02:30:58.277;95044
3;04-03-2025 02:29:23.233;04-03-2025 02:31:03.263;100030
3;04-03-2025 02:29:23.233;04-03-2025 02:31:08.267;105034
3;04-03-2025 02:29:23.233;04-03-2025 02:31:13.258;110025
3;04-03-2025 02:29:23.233;04-03-2025 02:31:18.277;115044
3;04-03-2025 02:29:23.233;04-03-2025 02:31:23.265;120032
3;04-03-2025 02:29:23.233;04-03-2025 02:31:28.269;125036
3;04-03-2025 02:29:23.233;04-03-2025 02:31:33.260;130027
3;04-03-2025 02:29:23.233;04-03-2025 02:31:38.262;135029
2;04-03-2025 02:31:19.302;04-03-2025 02:31:40.573;21271
3;04-03-2025 02:29:23.233;04-03-2025 02:31:43.263;140030
3;04-03-2025 02:29:23.233;04-03-2025 02:31:48.272;145039
3;04-03-2025 02:29:23.233;04-03-2025 02:31:53.274;150041
3;04-03-2025 02:29:23.233;04-03-2025 02:31:58.262;155029
3;04-03-2025 02:29:23.233;04-03-2025 02:32:03.268;160035
3;04-03-2025 02:29:23.233;04-03-2025 02:32:08.273;165040
3;04-03-2025 02:29:23.233;04-03-2025 02:32:13.261;170028
3;04-03-2025 02:29:23.233;04-03-2025 02:32:18.267;175034
3;04-03-2025 02:29:23.233;04-03-2025 02:32:23.271;180038
3;04-03-2025 02:29:23.233;04-03-2025 02:32:28.256;185023
3;04-03-2025 02:29:23.233;04-03-2025 02:32:33.264;190031
0;04-03-2025 02:32:25.592;04-03-2025 02:32:34.073;8481
3;04-03-2025 02:29:23.233;04-03-2025 02:32:38.266;195033
3;04-03-2025 02:29:23.233;04-03-2025 02:32:43.272;200039
1;04-03-2025 02:32:50.325;04-03-2025 02:32:52.441;2116
1;04-03-2025 02:32:50.325;04-03-2025 02:32:56.293;5968
3;04-03-2025 02:32:58.235;04-03-2025 02:32:58.283;48
1;04-03-2025 02:32:50.325;04-03-2025 02:33:00.549;10224
3;04-03-2025 02:33:18.326;04-03-2025 02:33:18.368;42
3;04-03-2025 02:33:18.326;04-03-2025 02:33:18.431;105
3;04-03-2025 02:33:18.326;04-03-2025 02:33:18.479;153
2;04-03-2025 02:32:47.762;04-03-2025 02:33:21.382;33620
1;04-03-2025 02:33:14.607;04-03-2025 02:33:21.894;7287
3;04-03-2025 02:33:18.326;04-03-2025 02:33:23.276;4950
3;04-03-2025 02:33:18.326;04-03-2025 02:33:28.264;9938
3;04-03-2025 02:33:18.326;04-03-2025 02:33:33.271;14945
3;04-03-2025 02:33:18.326;04-03-2025 02:33:38.276;19950
3;04-03-2025 02:33:18.326;04-03-2025 02:33:43.267;24941
1;04-03-2025 02:33:14.607;04-03-2025 02:33:46.363;31756
3;04-03-2025 02:33:18.326;04-03-2025 02:33:48.257;29931
1;04-03-2025 02:33:47.708;04-03-2025 02:33:48.550;842
3;04-03-2025 02:33:18.326;04-03-2025 02:33:53.263;34937
3;04-03-2025 02:33:18.326;04-03-2025 02:33:58.269;39943
3;04-03-2025 02:33:18.326;04-03-2025 02:34:03.272;44946
3;04-03-2025 02:33:18.326;04-03-2025 02:34:08.265;49939
3;04-03-2025 02:33:18.326;04-03-2025 02:34:13.267;54941
1;04-03-2025 02:33:52.872;04-03-2025 02:34:17.093;24221
3;04-03-2025 02:33:18.326;04-03-2025 02:34:18.275;59949
3;04-03-2025 02:33:18.326;04-03-2025 02:34:23.264;64938
3;04-03-2025 02:33:18.326;04-03-2025 02:34:28.267;69941
3;04-03-2025 02:33:18.326;04-03-2025 02:34:33.289;74963
3;04-03-2025 02:33:18.326;04-03-2025 02:34:38.262;79936
3;04-03-2025 02:33:18.326;04-03-2025 02:34:43.265;84939
3;04-03-2025 02:33:18.326;04-03-2025 02:34:48.272;89946
0;04-03-2025 02:34:06.961;04-03-2025 02:34:52.374;45413
3;04-03-2025 02:33:18.326;04-03-2025 02:34:53.277;94951
3;04-03-2025 02:33:18.326;04-03-2025 02:34:58.265;99939
3;04-03-2025 02:33:18.326;04-03-2025 02:35:03.283;104957
2;04-03-2025 02:35:04.874;04-03-2025 02:35:07.675;2801
3;04-03-2025 02:33:18.326;04-03-2025 02:35:08.274;109948
3;04-03-2025 02:33:18.326;04-03-2025 02:35:13.264;114938
3;04-03-2025 02:33:18.326;04-03-2025 02:35:18.273;119947
3;04-03-2025 02:33:18.326;04-03-2025 02:35:23.274;124948
3;04-03-2025 02:33:18.326;04-03-2025 02:35:28.261;129935
3;04-03-2025 02:35:53.255;04-03-2025 02:35:53.315;60
3;04-03-2025 02:35:53.255;04-03-2025 02:35:53.364;109
3;04-03-2025 02:35:53.255;04-03-2025 02:35:53.443;188
3;04-03-2025 02:35:53.255;04-03-2025 02:35:58.272;5017
2;04-03-2025 02:35:59.848;04-03-2025 02:36:05.512;5664
1;04-03-2025 02:35:34.944;04-03-2025 02:36:09.171;34227
3;04-03-2025 02:36:23.260;04-03-2025 02:36:23.314;54
3;04-03-2025 02:36:23.260;04-03-2025 02:36:23.361;101
2;04-03-2025 02:36:23.749;04-03-2025 02:36:25.804;2055
3;04-03-2025 02:36:33.380;04-03-2025 02:36:33.421;41
3;04-03-2025 02:36:33.380;04-03-2025 02:36:33.484;104
3;04-03-2025 02:36:33.380;04-03-2025 02:36:38.262;4882
3;04-03-2025 02:36:33.380;04-03-2025 02:36:43.267;9887
3;04-03-2025 02:36:58.233;04-03-2025 02:36:58.280;47
3;04-03-2025 02:36:58.233;04-03-2025 02:36:58.344;111
2;04-03-2025 02:36:55.533;04-03-2025 02:37:01.503;5970
3;04-03-2025 02:36:58.233;04-03-2025 02:37:03.269;5036
3;04-03-2025 02:36:58.233;04-03-2025 02:37:08.274;10041
3;04-03-2025 02:36:58.233;04-03-2025 02:37:13.276;15043
3;04-03-2025 02:36:58.233;04-03-2025 02:37:18.265;20032
3;04-03-2025 02:36:58.233;04-03-2025 02:37:23.271;25038
3;04-03-2025 02:36:58.233;04-03-2025 02:37:28.276;30043
0;04-03-2025 02:37:19.982;04-03-2025 02:37:31.115;11133
3;04-03-2025 02:36:58.233;04-03-2025 02:37:33.265;35032
1;04-03-2025 02:36:48.983;04-03-2025 02:37:35.435;46452
3;04-03-2025 02:36:58.233;04-03-2025 02:37:38.269;40036
3;04-03-2025 02:36:58.233;04-03-2025 02:37:43.271;45038
3;04-03-2025 02:36:58.233;04-03-2025 02:37:48.261;50028
3;04-03-2025 02:36:58.233;04-03-2025 02:37:53.264;55031
3;04-03-2025 02:36:58.233;04-03-2025 02:37:58.265;60032
3;04-03-2025 02:36:58.233;04-03-2025 02:38:03.268;65035
3;04-03-2025 02:36:58.233;04-03-2025 02:38:08.277;70044
3;04-03-2025 02:36:58.233;04-03-2025 02:38:13.265;75032
3;04-03-2025 02:36:58.233;04-03-2025 02:38:18.270;80037
1;04-03-2025 02:38:04.941;04-03-2025 02:38:18.855;13914
3;04-03-2025 02:36:58.233;04-03-2025 02:38:23.277;85044
3;04-03-2025 02:36:58.233;04-03-2025 02:38:28.265;90032
3;04-03-2025 02:36:58.233;04-03-2025 02:38:33.255;95022
3;04-03-2025 02:36:58.233;04-03-2025 02:38:38.275;100042
0;04-03-2025 02:38:29.002;04-03-2025 02:38:41.016;12014
2;04-03-2025 02:38:26.694;04-03-2025 02:38:42.760;16066
3;04-03-2025 02:36:58.233;04-03-2025 02:38:43.261;105028
0;04-03-2025 02:38:29.002;04-03-2025 02:38:46.391;17389
2;04-03-2025 02:38:26.694;04-03-2025 02:38:46.503;19809
3;04-03-2025 02:36:58.233;04-03-2025 02:38:48.256;110023
3;04-03-2025 02:36:58.233;04-03-2025 02:38:53.275;115042
3;04-03-2025 02:36:58.233;04-03-2025 02:38:58.265;120032
1;04-03-2025 02:38:29.872;04-03-2025 02:39:01.791;31919
0;04-03-2025 02:38:29.002;04-03-2025 02:39:02.544;33542
3;04-03-2025 02:36:58.233;04-03-2025 02:39:03.270;125037
3;04-03-2025 02:36:58.233;04-03-2025 02:39:08.273;130040
3;04-03-2025 02:39:23.234;04-03-2025 02:39:23.290;56
3;04-03-2025 02:39:23.234;04-03-2025 02:39:23.353;119
3;04-03-2025 02:39:23.234;04-03-2025 02:39:28.267;5033
3;04-03-2025 02:39:23.234;04-03-2025 02:39:33.268;10034
3;04-03-2025 02:39:23.234;04-03-2025 02:39:38.258;15024
1;04-03-2025 02:39:37.637;04-03-2025 02:39:40.702;3065
3;04-03-2025 02:39:23.234;04-03-2025 02:39:43.263;20029
3;04-03-2025 02:39:23.234;04-03-2025 02:39:48.267;25033
3;04-03-2025 02:39:23.234;04-03-2025 02:39:53.271;30037
3;04-03-2025 02:40:08.259;04-03-2025 02:40:08.300;41
3;04-03-2025 02:40:08.259;04-03-2025 02:40:08.346;87
3;04-03-2025 02:40:08.259;04-03-2025 02:40:13.272;5013
3;04-03-2025 02:40:08.259;04-03-2025 02:40:18.271;10012
3;04-03-2025 02:40:08.259;04-03-2025 02:40:23.273;15014
1;04-03-2025 02:40:15.168;04-03-2025 02:40:25.870;10702
3;04-03-2025 02:40:08.259;04-03-2025 02:40:28.273;20014
3;04-03-2025 02:40:08.259;04-03-2025 02:40:33.262;25003
3;04-03-2025 02:40:48.233;04-03-2025 02:40:48.294;61
3;04-03-2025 02:40:48.233;04-03-2025 02:40:48.358;125
3;04-03-2025 02:40:48.233;04-03-2025 02:40:53.267;5034
3;04-03-2025 02:40:48.233;04-03-2025 02:40:58.274;10041
3;04-03-2025 02:40:48.233;04-03-2025 02:41:03.266;15033
3;04-03-2025 02:40:48.233;04-03-2025 02:41:08.269;20036
3;04-03-2025 02:40:48.233;04-03-2025 02:41:13.274;25041
3;04-03-2025 02:40:48.233;04-03-2025 02:41:18.265;30032
3;04-03-2025 02:40:48.233;04-03-2025 02:41:23.267;35034
1;04-03-2025 02:41:02.060;04-03-2025 02:41:25.677;23617
3;04-03-2025 02:40:48.233;04-03-2025 02:41:28.271;40038
3;04-03-2025 02:40:48.233;04-03-2025 02:41:33.261;45028
1;04-03-2025 02:41:34.634;04-03-2025 02:41:37.078;2444
3;04-03-2025 02:40:48.233;04-03-2025 02:41:38.267;50034
1;04-03-2025 02:41:34.634;04-03-2025 02:41:41.381;6747
1;04-03-2025 02:41:34.634;04-03-2025 02:41:43.367;8733
3;04-03-2025 02:41:53.232;04-03-2025 02:41:53.282;50
3;04-03-2025 02:41:53.232;04-03-2025 02:41:53.330;98
1;04-03-2025 02:41:34.634;04-03-2025 02:41:58.188;23554
3;04-03-2025 02:41:53.232;04-03-2025 02:41:58.274;5042
3;04-03-2025 02:41:53.232;04-03-2025 02:42:03.263;10031
0;04-03-2025 02:41:53.076;04-03-2025 02:42:05.641;12565
3;04-03-2025 02:41:53.232;04-03-2025 02:42:08.267;15035
2;04-03-2025 02:41:54.028;04-03-2025 02:42:10.324;16296
1;04-03-2025 02:41:34.634;04-03-2025 02:42:11.043;36409
3;04-03-2025 02:41:53.232;04-03-2025 02:42:13.255;20023
2;04-03-2025 02:42:13.272;04-03-2025 02:42:15.699;2427
1;04-03-2025 02:41:34.634;04-03-2025 02:42:15.811;41177
3;04-03-2025 02:41:53.232;04-03-2025 02:42:18.261;25029
1;04-03-2025 02:41:34.634;04-03-2025 02:42:21.942;47308
3;04-03-2025 02:41:53.232;04-03-2025 02:42:23.268;30036
2;04-03-2025 02:42:23.316;04-03-2025 02:42:26.716;3400
3;04-03-2025 02:41:53.232;04-03-2025 02:42:28.274;35042
3;04-03-2025 02:41:53.232;04-03-2025 02:42:33.264;40032
1;04-03-2025 02:42:26.024;04-03-2025 02:42:36.871;10847
3;04-03-2025 02:41:53.232;04-03-2025 02:42:38.271;45039
2;04-03-2025 02:42:23.316;04-03-2025 02:42:40.775;17459
3;04-03-2025 02:41:53.232;04-03-2025 02:42:43.277;50045
3;04-03-2025 02:41:53.232;04-03-2025 02:42:48.266;55034
1;04-03-2025 02:42:26.024;04-03-2025 02:42:50.531;24507
3;04-03-2025 02:41:53.232;04-03-2025 02:42:53.272;60040
1;04-03-2025 02:42:26.024;04-03-2025 02:42:55.967;29943
2;04-03-2025 02:42:45.705;04-03-2025 02:42:57.977;12272
3;04-03-2025 02:41:53.232;04-03-2025 02:42:58.261;65029
1;04-03-2025 02:43:01.329;04-03-2025 02:43:03.173;1844
3;04-03-2025 02:41:53.232;04-03-2025 02:43:03.267;70035
1;04-03-2025 02:43:01.329;04-03-2025 02:43:06.345;5016
3;04-03-2025 02:41:53.232;04-03-2025 02:43:08.270;75038
3;04-03-2025 02:41:53.232;04-03-2025 02:43:13.275;80043
3;04-03-2025 02:41:53.232;04-03-2025 02:43:18.263;85031
3;04-03-2025 02:41:53.232;04-03-2025 02:43:23.268;90036
3;04-03-2025 02:41:53.232;04-03-2025 02:43:28.259;95027
0;04-03-2025 02:42:54.580;04-03-2025 02:43:28.449;33869
1;04-03-2025 02:43:01.329;04-03-2025 02:43:32.505;31176
3;04-03-2025 02:41:53.232;04-03-2025 02:43:33.263;100031
0;04-03-2025 02:42:54.580;04-03-2025 02:43:35.529;40949
1;04-03-2025 02:43:01.329;04-03-2025 02:43:35.863;34534
3;04-03-2025 02:41:53.232;04-03-2025 02:43:38.265;105033
0;04-03-2025 02:42:54.580;04-03-2025 02:43:41.539;46959
3;04-03-2025 02:41:53.232;04-03-2025 02:43:43.273;110041
0;04-03-2025 02:42:54.580;04-03-2025 02:43:45.474;50894
3;04-03-2025 02:41:53.232;04-03-2025 02:43:48.275;115043
3;04-03-2025 02:41:53.232;04-03-2025 02:43:53.264;120032
0;04-03-2025 02:43:46.929;04-03-2025 02:43:56.921;9992
3;04-03-2025 02:41:53.232;04-03-2025 02:43:58.271;125039
0;04-03-2025 02:43:57.805;04-03-2025 02:44:02.883;5078
3;04-03-2025 02:41:53.232;04-03-2025 02:44:03.273;130041
0;04-03-2025 02:43:57.805;04-03-2025 02:44:06.017;8212
3;04-03-2025 02:41:53.232;04-03-2025 02:44:08.263;135031
3;04-03-2025 02:41:53.232;04-03-2025 02:44:13.267;140035
0;04-03-2025 02:43:57.805;04-03-2025 02:44:16.396;18591
3;04-03-2025 02:41:53.232;04-03-2025 02:44:18.272;145040
1;04-03-2025 02:43:01.329;04-03-2025 02:44:20.693;79364
0;04-03-2025 02:43:57.805;04-03-2025 02:44:20.873;23068
3;04-03-2025 02:41:53.232;04-03-2025 02:44:23.275;150043
3;04-03-2025 02:41:53.232;04-03-2025 02:44:28.267;155035
0;04-03-2025 02:44:22.112;04-03-2025 02:44:29.670;7558
3;04-03-2025 02:41:53.232;04-03-2025 02:44:33.272;160040
0;04-03-2025 02:44:22.112;04-03-2025 02:44:33.632;11520
3;04-03-2025 02:41:53.232;04-03-2025 02:44:38.275;165043
2;04-03-2025 02:44:22.554;04-03-2025 02:44:42.778;20224
3;04-03-2025 02:41:53.232;04-03-2025 02:44:43.265;170033
3;04-03-2025 02:41:53.232;04-03-2025 02:44:48.267;175035
3;04-03-2025 02:41:53.232;04-03-2025 02:44:53.272;180040
3;04-03-2025 02:41:53.232;04-03-2025 02:44:58.277;185045
3;04-03-2025 02:41:53.232;04-03-2025 02:45:03.272;190040
3;04-03-2025 02:41:53.232;04-03-2025 02:45:08.268;195036
3;04-03-2025 02:41:53.232;04-03-2025 02:45:13.285;200053
3;04-03-2025 02:41:53.232;04-03-2025 02:45:18.261;205029
3;04-03-2025 02:41:53.232;04-03-2025 02:45:23.265;210033
3;04-03-2025 02:41:53.232;04-03-2025 02:45:28.272;215040
3;04-03-2025 02:41:53.232;04-03-2025 02:45:33.263;220031
3;04-03-2025 02:41:53.232;04-03-2025 02:45:38.269;225037
0;04-03-2025 02:44:22.112;04-03-2025 02:45:41.557;79445
3;04-03-2025 02:41:53.232;04-03-2025 02:45:43.277;230045
0;04-03-2025 02:44:22.112;04-03-2025 02:45:43.893;81781
3;04-03-2025 02:41:53.232;04-03-2025 02:45:48.262;235030
3;04-03-2025 02:41:53.232;04-03-2025 02:45:53.267;240035
3;04-03-2025 02:41:53.232;04-03-2025 02:45:58.271;245039
1;04-03-2025 02:45:17.189;04-03-2025 02:45:59.657;42468
3;04-03-2025 02:41:53.232;04-03-2025 02:46:03.277;250045
3;04-03-2025 02:41:53.232;04-03-2025 02:46:08.269;255037
3;04-03-2025 02:41:53.232;04-03-2025 02:46:13.275;260043
3;04-03-2025 02:41:53.232;04-03-2025 02:46:18.266;265034
3;04-03-2025 02:41:53.232;04-03-2025 02:46:23.269;270037
3;04-03-2025 02:41:53.232;04-03-2025 02:46:28.273;275041
3;04-03-2025 02:41:53.232;04-03-2025 02:46:33.265;280033
3;04-03-2025 02:41:53.232;04-03-2025 02:46:38.268;285036
3;04-03-2025 02:41:53.232;04-03-2025 02:46:43.276;290044
3;04-03-2025 02:41:53.232;04-03-2025 02:46:48.263;295031
3;04-03-2025 02:41:53.232;04-03-2025 02:46:53.267;300035
3;04-03-2025 02:41:53.232;04-03-2025 02:46:58.270;305038
3;04-03-2025 02:47:23.255;04-03-2025 02:47:23.333;78
3;04-03-2025 02:47:23.255;04-03-2025 02:47:23.388;133
3;04-03-2025 02:47:33.408;04-03-2025 02:47:33.471;63
3;04-03-2025 02:47:33.408;04-03-2025 02:47:33.529;121
3;04-03-2025 02:47:33.408;04-03-2025 02:47:38.262;4854
3;04-03-2025 02:47:33.408;04-03-2025 02:47:43.267;9859
3;04-03-2025 02:47:33.408;04-03-2025 02:47:48.274;14866
3;04-03-2025 02:47:33.408;04-03-2025 02:47:53.262;19854
3;04-03-2025 02:47:33.408;04-03-2025 02:47:58.253;24845
3;04-03-2025 02:47:33.408;04-03-2025 02:48:03.273;29865
3;04-03-2025 02:47:33.408;04-03-2025 02:48:08.266;34858
3;04-03-2025 02:47:33.408;04-03-2025 02:48:13.269;39861
2;04-03-2025 02:48:12.848;04-03-2025 02:48:17.181;4333
3;04-03-2025 02:47:33.408;04-03-2025 02:48:18.272;44864
3;04-03-2025 02:47:33.408;04-03-2025 02:48:23.264;49856
3;04-03-2025 02:47:33.408;04-03-2025 02:48:28.271;54863
3;04-03-2025 02:47:33.408;04-03-2025 02:48:33.263;59855
3;04-03-2025 02:48:48.232;04-03-2025 02:48:48.275;43
3;04-03-2025 02:48:48.232;04-03-2025 02:48:48.322;90
3;04-03-2025 02:48:48.232;04-03-2025 02:48:53.264;5032
3;04-03-2025 02:48:48.232;04-03-2025 02:48:58.269;10037
3;04-03-2025 02:49:13.231;04-03-2025 02:49:13.268;37
3;04-03-2025 02:49:13.231;04-03-2025 02:49:13.316;85
3;04-03-2025 02:49:13.231;04-03-2025 02:49:18.273;5042
3;04-03-2025 02:49:13.231;04-03-2025 02:49:23.264;10033
3;04-03-2025 02:49:13.231;04-03-2025 02:49:28.271;15040
3;04-03-2025 02:49:13.231;04-03-2025 02:49:33.272;20041
0;04-03-2025 02:49:27.664;04-03-2025 02:49:33.714;6050
3;04-03-2025 02:49:13.231;04-03-2025 02:49:38.277;25046
1;04-03-2025 02:49:28.159;04-03-2025 02:49:40.719;12560
3;04-03-2025 02:49:53.233;04-03-2025 02:49:53.275;42
3;04-03-2025 02:49:53.233;04-03-2025 02:49:53.337;104
3;04-03-2025 02:49:53.233;04-03-2025 02:49:58.265;5032
3;04-03-2025 02:49:53.233;04-03-2025 02:50:03.266;10033
3;04-03-2025 02:49:53.233;04-03-2025 02:50:08.269;15036
3;04-03-2025 02:49:53.233;04-03-2025 02:50:13.274;20041
3;04-03-2025 02:49:53.233;04-03-2025 02:50:18.308;25075
3;04-03-2025 02:49:53.233;04-03-2025 02:50:23.273;30040
3;04-03-2025 02:49:53.233;04-03-2025 02:50:28.258;35025
3;04-03-2025 02:49:53.233;04-03-2025 02:50:36.627;43394
3;04-03-2025 02:49:53.233;04-03-2025 02:50:38.267;45034
3;04-03-2025 02:49:53.233;04-03-2025 02:50:43.257;50024
3;04-03-2025 02:49:53.233;04-03-2025 02:50:48.263;55030
3;04-03-2025 02:49:53.233;04-03-2025 02:50:53.268;60035
1;04-03-2025 02:50:43.411;04-03-2025 02:50:54.221;10810
3;04-03-2025 02:49:53.233;04-03-2025 02:50:58.272;65039
3;04-03-2025 02:49:53.233;04-03-2025 02:51:03.261;70028
2;04-03-2025 02:50:57.402;04-03-2025 02:51:05.297;7895
1;04-03-2025 02:50:43.411;04-03-2025 02:51:07.699;24288
3;04-03-2025 02:49:53.233;04-03-2025 02:51:08.266;75033
2;04-03-2025 02:50:57.402;04-03-2025 02:51:10.413;13011
3;04-03-2025 02:49:53.233;04-03-2025 02:51:13.272;80039
3;04-03-2025 02:49:53.233;04-03-2025 02:51:18.263;85030
2;04-03-2025 02:51:20.554;04-03-2025 02:51:20.673;119
3;04-03-2025 02:49:53.233;04-03-2025 02:51:23.270;90037
3;04-03-2025 02:49:53.233;04-03-2025 02:51:28.261;95028
1;04-03-2025 02:51:28.694;04-03-2025 02:51:30.751;2057
3;04-03-2025 02:49:53.233;04-03-2025 02:51:33.267;100034
2;04-03-2025 02:51:22.451;04-03-2025 02:51:37.064;14613
3;04-03-2025 02:49:53.233;04-03-2025 02:51:38.270;105037
3;04-03-2025 02:49:53.233;04-03-2025 02:51:43.275;110042
3;04-03-2025 02:49:53.233;04-03-2025 02:51:48.267;115034
3;04-03-2025 02:49:53.233;04-03-2025 02:51:53.270;120037
3;04-03-2025 02:49:53.233;04-03-2025 02:51:58.262;125029
3;04-03-2025 02:49:53.233;04-03-2025 02:52:03.264;130031
1;04-03-2025 02:51:28.694;04-03-2025 02:52:05.532;36838
0;04-03-2025 02:51:59.648;04-03-2025 02:52:06.328;6680
3;04-03-2025 02:49:53.233;04-03-2025 02:52:08.270;135037
3;04-03-2025 02:49:53.233;04-03-2025 02:52:13.275;140042
0;04-03-2025 02:51:59.648;04-03-2025 02:52:17.743;18095
3;04-03-2025 02:49:53.233;04-03-2025 02:52:18.261;145028
3;04-03-2025 02:49:53.233;04-03-2025 02:52:23.265;150032
0;04-03-2025 02:51:59.648;04-03-2025 02:52:26.536;26888
3;04-03-2025 02:49:53.233;04-03-2025 02:52:28.268;155035
3;04-03-2025 02:49:53.233;04-03-2025 02:52:33.274;160041
3;04-03-2025 02:49:53.233;04-03-2025 02:52:38.263;165030
3;04-03-2025 02:49:53.233;04-03-2025 02:52:43.266;170033
0;04-03-2025 02:52:38.749;04-03-2025 02:52:44.724;5975
3;04-03-2025 02:49:53.233;04-03-2025 02:52:48.272;175039
0;04-03-2025 02:52:38.749;04-03-2025 02:52:52.217;13468
3;04-03-2025 02:49:53.233;04-03-2025 02:52:53.261;180028
1;04-03-2025 02:52:30.939;04-03-2025 02:52:55.944;25005
2;04-03-2025 02:52:06.760;04-03-2025 02:52:57.529;50769
3;04-03-2025 02:49:53.233;04-03-2025 02:52:58.270;185037
0;04-03-2025 02:53:00.481;04-03-2025 02:53:00.562;81
2;04-03-2025 02:52:06.760;04-03-2025 02:53:01.159;54399
1;04-03-2025 02:52:30.939;04-03-2025 02:53:01.287;30348
3;04-03-2025 02:49:53.233;04-03-2025 02:53:03.277;190044
3;04-03-2025 02:49:53.233;04-03-2025 02:53:08.264;195031
1;04-03-2025 02:53:04.969;04-03-2025 02:53:11.101;6132
2;04-03-2025 02:53:08.927;04-03-2025 02:53:11.309;2382
3;04-03-2025 02:49:53.233;04-03-2025 02:53:13.266;200033
3;04-03-2025 02:49:53.233;04-03-2025 02:53:18.272;205039
0;04-03-2025 02:53:11.332;04-03-2025 02:53:18.522;7190
2;04-03-2025 02:53:14.757;04-03-2025 02:53:20.375;5618
3;04-03-2025 02:49:53.233;04-03-2025 02:53:23.261;210028
3;04-03-2025 02:49:53.233;04-03-2025 02:53:28.269;215036
3;04-03-2025 02:49:53.233;04-03-2025 02:53:33.270;220037
3;04-03-2025 02:49:53.233;04-03-2025 02:53:38.273;225040
2;04-03-2025 02:53:39.391;04-03-2025 02:53:42.394;3003
3;04-03-2025 02:49:53.233;04-03-2025 02:53:43.265;230032
3;04-03-2025 02:49:53.233;04-03-2025 02:53:48.267;235034
3;04-03-2025 02:49:53.233;04-03-2025 02:53:53.273;240040
3;04-03-2025 02:49:53.233;04-03-2025 02:53:58.264;245031
3;04-03-2025 02:49:53.233;04-03-2025 02:54:03.265;250032
3;04-03-2025 02:49:53.233;04-03-2025 02:54:08.271;255038
1;04-03-2025 02:53:47.003;04-03-2025 02:54:11.510;24507
3;04-03-2025 02:49:53.233;04-03-2025 02:54:13.276;260043
3;04-03-2025 02:49:53.233;04-03-2025 02:54:18.266;265033
3;04-03-2025 02:49:53.233;04-03-2025 02:54:23.274;270041
1;04-03-2025 02:53:47.003;04-03-2025 02:54:24.660;37657
3;04-03-2025 02:49:53.233;04-03-2025 02:54:28.265;275032
3;04-03-2025 02:49:53.233;04-03-2025 02:54:33.272;280039
3;04-03-2025 02:49:53.233;04-03-2025 02:54:38.276;285043
1;04-03-2025 02:53:47.003;04-03-2025 02:54:41.275;54272
3;04-03-2025 02:49:53.233;04-03-2025 02:54:43.265;290032
2;04-03-2025 02:53:39.391;04-03-2025 02:54:47.303;67912
3;04-03-2025 02:49:53.233;04-03-2025 02:54:48.270;295037
2;04-03-2025 02:53:39.391;04-03-2025 02:54:48.775;69384
0;04-03-2025 02:54:23.754;04-03-2025 02:54:50.401;26647
3;04-03-2025 02:49:53.233;04-03-2025 02:54:53.258;300025
2;04-03-2025 02:53:39.391;04-03-2025 02:54:55.539;76148
3;04-03-2025 02:49:53.233;04-03-2025 02:54:58.277;305044
2;04-03-2025 02:54:58.054;04-03-2025 02:55:01.358;3304
3;04-03-2025 02:49:53.233;04-03-2025 02:55:03.268;310035
2;04-03-2025 02:55:01.867;04-03-2025 02:55:05.737;3870
3;04-03-2025 02:49:53.233;04-03-2025 02:55:08.272;315039
3;04-03-2025 02:49:53.233;04-03-2025 02:55:13.283;320050
3;04-03-2025 02:49:53.233;04-03-2025 02:55:18.271;325038
3;04-03-2025 02:49:53.233;04-03-2025 02:55:23.269;330036
3;04-03-2025 02:49:53.233;04-03-2025 02:55:28.275;335042
1;04-03-2025 02:53:47.003;04-03-2025 02:55:28.472;101469
3;04-03-2025 02:49:53.233;04-03-2025 02:55:33.264;340031
3;04-03-2025 02:55:48.232;04-03-2025 02:55:48.295;63
3;04-03-2025 02:55:48.232;04-03-2025 02:55:48.340;108
3;04-03-2025 02:55:48.232;04-03-2025 02:55:53.267;5035
3;04-03-2025 02:55:48.232;04-03-2025 02:55:58.274;10042
3;04-03-2025 02:55:48.232;04-03-2025 02:56:03.264;15032
2;04-03-2025 02:55:21.470;04-03-2025 02:56:06.118;44648
3;04-03-2025 02:55:48.232;04-03-2025 02:56:08.268;20036
2;04-03-2025 02:55:21.470;04-03-2025 02:56:10.678;49208
3;04-03-2025 02:55:48.232;04-03-2025 02:56:13.274;25042
3;04-03-2025 02:55:48.232;04-03-2025 02:56:18.261;30029
1;04-03-2025 02:56:10.874;04-03-2025 02:56:20.352;9478
3;04-03-2025 02:55:48.232;04-03-2025 02:56:23.267;35035
2;04-03-2025 02:56:15.773;04-03-2025 02:56:26.122;10349
3;04-03-2025 02:55:48.232;04-03-2025 02:56:28.272;40040
3;04-03-2025 02:55:48.232;04-03-2025 02:56:33.262;45030
3;04-03-2025 02:55:48.232;04-03-2025 02:56:38.269;50037
3;04-03-2025 02:55:48.232;04-03-2025 02:56:43.273;55041
3;04-03-2025 02:55:48.232;04-03-2025 02:56:48.261;60029
3;04-03-2025 02:55:48.232;04-03-2025 02:56:53.267;65035
3;04-03-2025 02:55:48.232;04-03-2025 02:56:58.270;70038
3;04-03-2025 02:55:48.232;04-03-2025 02:57:03.259;75027
3;04-03-2025 02:55:48.232;04-03-2025 02:57:08.267;80035
3;04-03-2025 02:55:48.232;04-03-2025 02:57:13.269;85037
3;04-03-2025 02:55:48.232;04-03-2025 02:57:18.271;90039
3;04-03-2025 02:55:48.232;04-03-2025 02:57:23.263;95031
3;04-03-2025 02:55:48.232;04-03-2025 02:57:28.263;100031
3;04-03-2025 02:55:48.232;04-03-2025 02:57:33.273;105041
3;04-03-2025 02:55:48.232;04-03-2025 02:57:38.261;110029
3;04-03-2025 02:55:48.232;04-03-2025 02:57:43.267;115035
0;04-03-2025 02:57:36.806;04-03-2025 02:57:45.741;8935
3;04-03-2025 02:55:48.232;04-03-2025 02:57:48.270;120038
0;04-03-2025 02:57:36.806;04-03-2025 02:57:52.534;15728
3;04-03-2025 02:55:48.232;04-03-2025 02:57:53.277;125045
3;04-03-2025 02:55:48.232;04-03-2025 02:57:58.265;130033
3;04-03-2025 02:55:48.232;04-03-2025 02:58:03.269;135037
3;04-03-2025 02:55:48.232;04-03-2025 02:58:08.274;140042
3;04-03-2025 02:55:48.232;04-03-2025 02:58:13.261;145029
3;04-03-2025 02:55:48.232;04-03-2025 02:58:18.265;150033
2;04-03-2025 02:57:19.280;04-03-2025 02:58:20.437;61157
3;04-03-2025 02:55:48.232;04-03-2025 02:58:23.272;155040
3;04-03-2025 02:55:48.232;04-03-2025 02:58:28.274;160042
3;04-03-2025 02:55:48.232;04-03-2025 02:58:33.266;165034
3;04-03-2025 02:55:48.232;04-03-2025 02:58:38.268;170036
3;04-03-2025 02:55:48.232;04-03-2025 02:58:43.271;175039
3;04-03-2025 02:55:48.232;04-03-2025 02:58:48.264;180032
3;04-03-2025 02:55:48.232;04-03-2025 02:58:53.268;185036
3;04-03-2025 02:55:48.232;04-03-2025 02:58:58.269;190037
3;04-03-2025 02:55:48.232;04-03-2025 02:59:03.272;195040
3;04-03-2025 02:55:48.232;04-03-2025 02:59:08.261;200029
3;04-03-2025 02:55:48.232;04-03-2025 02:59:13.265;205033
3;04-03-2025 02:55:48.232;04-03-2025 02:59:18.269;210037
3;04-03-2025 02:55:48.232;04-03-2025 02:59:23.278;215046
3;04-03-2025 02:55:48.232;04-03-2025 02:59:28.274;220042
3;04-03-2025 02:55:48.232;04-03-2025 02:59:33.264;225032
3;04-03-2025 02:55:48.232;04-03-2025 02:59:38.255;230023
3;04-03-2025 02:55:48.232;04-03-2025 02:59:43.273;235041
1;04-03-2025 02:59:35.670;04-03-2025 02:59:45.999;10329
3;04-03-2025 02:55:48.232;04-03-2025 02:59:48.260;240028
3;04-03-2025 02:55:48.232;04-03-2025 02:59:53.264;245032
3;04-03-2025 02:55:48.232;04-03-2025 02:59:58.272;250040
3;04-03-2025 02:55:48.232;04-03-2025 03:00:03.268;255036
3;04-03-2025 02:55:48.232;04-03-2025 03:00:08.260;260028
3;04-03-2025 03:00:23.233;04-03-2025 03:00:23.287;54
3;04-03-2025 03:00:23.233;04-03-2025 03:00:23.334;101
2;04-03-2025 02:59:57.208;04-03-2025 03:00:26.892;29684
3;04-03-2025 03:00:23.233;04-03-2025 03:00:28.273;5040
2;04-03-2025 02:59:57.208;04-03-2025 03:00:31.915;34707
3;04-03-2025 03:00:23.233;04-03-2025 03:00:33.266;10033
3;04-03-2025 03:00:23.233;04-03-2025 03:00:38.268;15035
2;04-03-2025 02:59:57.208;04-03-2025 03:00:40.263;43055
3;04-03-2025 03:00:23.233;04-03-2025 03:00:43.273;20040
2;04-03-2025 03:00:40.449;04-03-2025 03:00:45.936;5487
3;04-03-2025 03:00:23.233;04-03-2025 03:00:48.262;25029
3;04-03-2025 03:00:23.233;04-03-2025 03:00:53.267;30034
3;04-03-2025 03:00:23.233;04-03-2025 03:00:58.269;35036
2;04-03-2025 03:00:52.339;04-03-2025 03:01:01.161;8822
3;04-03-2025 03:00:23.233;04-03-2025 03:01:03.277;40044
0;04-03-2025 03:01:07.060;04-03-2025 03:01:07.075;15
3;04-03-2025 03:00:23.233;04-03-2025 03:01:08.264;45031
0;04-03-2025 03:01:07.060;04-03-2025 03:01:11.519;4459
1;04-03-2025 03:01:12.447;04-03-2025 03:01:12.511;64
3;04-03-2025 03:00:23.233;04-03-2025 03:01:13.268;50035
3;04-03-2025 03:00:23.233;04-03-2025 03:01:18.275;55042
2;04-03-2025 03:00:52.339;04-03-2025 03:01:22.858;30519
3;04-03-2025 03:00:23.233;04-03-2025 03:01:23.262;60029
3;04-03-2025 03:00:23.233;04-03-2025 03:01:28.265;65032
3;04-03-2025 03:00:23.233;04-03-2025 03:01:33.271;70038
3;04-03-2025 03:00:23.233;04-03-2025 03:01:38.276;75043
3;04-03-2025 03:00:23.233;04-03-2025 03:01:43.267;80034
3;04-03-2025 03:00:23.233;04-03-2025 03:01:48.275;85042
1;04-03-2025 03:01:45.714;04-03-2025 03:01:50.667;4953
3;04-03-2025 03:00:23.233;04-03-2025 03:01:53.260;90027
1;04-03-2025 03:01:45.714;04-03-2025 03:01:55.078;9364
3;04-03-2025 03:00:23.233;04-03-2025 03:01:58.264;95031
1;04-03-2025 03:01:58.106;04-03-2025 03:02:00.401;2295
3;04-03-2025 03:00:23.233;04-03-2025 03:02:03.270;100037
1;04-03-2025 03:01:58.106;04-03-2025 03:02:03.872;5766
3;04-03-2025 03:00:23.233;04-03-2025 03:02:08.275;105042
1;04-03-2025 03:01:58.106;04-03-2025 03:02:12.735;14629
3;04-03-2025 03:00:23.233;04-03-2025 03:02:13.265;110032
3;04-03-2025 03:00:23.233;04-03-2025 03:02:18.270;115037
1;04-03-2025 03:01:58.106;04-03-2025 03:02:19.064;20958
3;04-03-2025 03:00:23.233;04-03-2025 03:02:23.274;120041
1;04-03-2025 03:01:58.106;04-03-2025 03:02:28.366;30260
0;04-03-2025 03:02:34.065;04-03-2025 03:02:34.861;796
3;04-03-2025 03:02:38.236;04-03-2025 03:02:38.288;52
3;04-03-2025 03:02:38.236;04-03-2025 03:02:38.337;101
3;04-03-2025 03:02:38.236;04-03-2025 03:02:43.263;5027
3;04-03-2025 03:02:38.236;04-03-2025 03:02:48.266;10030
3;04-03-2025 03:02:38.236;04-03-2025 03:02:53.270;15034
0;04-03-2025 03:02:34.065;04-03-2025 03:02:57.150;23085
3;04-03-2025 03:02:38.236;04-03-2025 03:02:58.276;20040
1;04-03-2025 03:01:58.106;04-03-2025 03:02:58.701;60595
3;04-03-2025 03:02:38.236;04-03-2025 03:03:03.263;25027
0;04-03-2025 03:03:03.889;04-03-2025 03:03:06.760;2871
3;04-03-2025 03:02:38.236;04-03-2025 03:03:08.269;30033
0;04-03-2025 03:03:03.889;04-03-2025 03:03:12.068;8179
3;04-03-2025 03:02:38.236;04-03-2025 03:03:13.256;35020
3;04-03-2025 03:02:38.236;04-03-2025 03:03:18.260;40024
1;04-03-2025 03:01:58.106;04-03-2025 03:03:19.550;81444
3;04-03-2025 03:02:38.236;04-03-2025 03:03:23.265;45029
0;04-03-2025 03:03:21.885;04-03-2025 03:03:23.426;1541
1;04-03-2025 03:01:58.106;04-03-2025 03:03:26.776;88670
3;04-03-2025 03:02:38.236;04-03-2025 03:03:28.269;50033
3;04-03-2025 03:02:38.236;04-03-2025 03:03:33.273;55037
3;04-03-2025 03:02:38.236;04-03-2025 03:03:38.261;60025
0;04-03-2025 03:03:38.351;04-03-2025 03:03:42.004;3653
1;04-03-2025 03:01:58.106;04-03-2025 03:03:42.716;104610
3;04-03-2025 03:02:38.236;04-03-2025 03:03:43.264;65028
0;04-03-2025 03:03:38.351;04-03-2025 03:03:45.668;7317
1;04-03-2025 03:01:58.106;04-03-2025 03:03:46.201;108095
3;04-03-2025 03:02:38.236;04-03-2025 03:03:48.270;70034
0;04-03-2025 03:03:38.351;04-03-2025 03:03:48.488;10137
3;04-03-2025 03:02:38.236;04-03-2025 03:03:53.260;75024
3;04-03-2025 03:02:38.236;04-03-2025 03:03:58.269;80033
3;04-03-2025 03:02:38.236;04-03-2025 03:04:03.274;85038
3;04-03-2025 03:02:38.236;04-03-2025 03:04:08.265;90029
3;04-03-2025 03:02:38.236;04-03-2025 03:04:13.272;95036
3;04-03-2025 03:02:38.236;04-03-2025 03:04:18.271;100035
3;04-03-2025 03:02:38.236;04-03-2025 03:04:23.272;105036
3;04-03-2025 03:02:38.236;04-03-2025 03:04:28.264;110028
3;04-03-2025 03:04:43.232;04-03-2025 03:04:43.287;55
3;04-03-2025 03:04:43.232;04-03-2025 03:04:43.336;104
3;04-03-2025 03:04:43.232;04-03-2025 03:04:48.263;5031
2;04-03-2025 03:04:43.296;04-03-2025 03:04:52.782;9486
3;04-03-2025 03:04:43.232;04-03-2025 03:04:53.266;10034
3;04-03-2025 03:04:43.232;04-03-2025 03:04:58.271;15039
1;04-03-2025 03:04:43.206;04-03-2025 03:05:01.200;17994
3;04-03-2025 03:04:43.232;04-03-2025 03:05:03.284;20052
3;04-03-2025 03:04:43.232;04-03-2025 03:05:08.266;25034
3;04-03-2025 03:04:43.232;04-03-2025 03:05:13.266;30034
3;04-03-2025 03:04:43.232;04-03-2025 03:05:18.277;35045
3;04-03-2025 03:04:43.232;04-03-2025 03:05:23.277;40045
3;04-03-2025 03:04:43.232;04-03-2025 03:05:28.267;45035
3;04-03-2025 03:04:43.232;04-03-2025 03:05:33.268;50036
3;04-03-2025 03:04:43.232;04-03-2025 03:05:38.272;55040
3;04-03-2025 03:04:43.232;04-03-2025 03:05:43.264;60032
3;04-03-2025 03:04:43.232;04-03-2025 03:05:48.269;65037
3;04-03-2025 03:04:43.232;04-03-2025 03:05:53.273;70041
3;04-03-2025 03:04:43.232;04-03-2025 03:05:58.267;75035
3;04-03-2025 03:04:43.232;04-03-2025 03:06:03.267;80035
3;04-03-2025 03:04:43.232;04-03-2025 03:06:08.273;85041
3;04-03-2025 03:04:43.232;04-03-2025 03:06:13.264;90032
1;04-03-2025 03:06:04.248;04-03-2025 03:06:36.667;32419
1;04-03-2025 03:06:04.248;04-03-2025 03:06:42.249;38001
3;04-03-2025 03:06:48.257;04-03-2025 03:06:48.338;81
3;04-03-2025 03:06:48.257;04-03-2025 03:06:48.377;120
3;04-03-2025 03:06:48.257;04-03-2025 03:06:48.444;187
1;04-03-2025 03:06:04.248;04-03-2025 03:06:51.489;47241
3;04-03-2025 03:06:48.257;04-03-2025 03:06:53.272;5015
1;04-03-2025 03:06:04.248;04-03-2025 03:06:56.333;52085
3;04-03-2025 03:06:48.257;04-03-2025 03:06:58.275;10018
1;04-03-2025 03:06:04.248;04-03-2025 03:06:58.468;54220
3;04-03-2025 03:06:48.257;04-03-2025 03:07:03.263;15006
3;04-03-2025 03:06:48.257;04-03-2025 03:07:08.269;20012
3;04-03-2025 03:06:48.257;04-03-2025 03:07:13.274;25017
3;04-03-2025 03:06:48.257;04-03-2025 03:07:18.263;30006
2;04-03-2025 03:07:10.827;04-03-2025 03:07:22.866;12039
3;04-03-2025 03:06:48.257;04-03-2025 03:07:23.270;35013
3;04-03-2025 03:06:48.257;04-03-2025 03:07:28.272;40015
3;04-03-2025 03:06:48.257;04-03-2025 03:07:33.266;45009
1;04-03-2025 03:06:59.288;04-03-2025 03:07:36.295;37007
3;04-03-2025 03:06:48.257;04-03-2025 03:07:38.271;50014
3;04-03-2025 03:06:48.257;04-03-2025 03:07:43.274;55017
1;04-03-2025 03:06:59.288;04-03-2025 03:07:43.411;44123
0;04-03-2025 03:07:36.681;04-03-2025 03:07:44.643;7962
3;04-03-2025 03:06:48.257;04-03-2025 03:07:48.291;60034
0;04-03-2025 03:07:49.831;04-03-2025 03:07:51.794;1963
3;04-03-2025 03:06:48.257;04-03-2025 03:07:53.272;65015
1;04-03-2025 03:06:59.288;04-03-2025 03:07:56.238;56950
3;04-03-2025 03:06:48.257;04-03-2025 03:07:58.276;70019
1;04-03-2025 03:06:59.288;04-03-2025 03:08:01.578;62290
3;04-03-2025 03:06:48.257;04-03-2025 03:08:03.263;75006
3;04-03-2025 03:06:48.257;04-03-2025 03:08:08.266;80009
3;04-03-2025 03:06:48.257;04-03-2025 03:08:13.270;85013
3;04-03-2025 03:06:48.257;04-03-2025 03:08:18.261;90004
0;04-03-2025 03:08:07.133;04-03-2025 03:08:18.415;11282
3;04-03-2025 03:06:48.257;04-03-2025 03:08:23.261;95004
3;04-03-2025 03:06:48.257;04-03-2025 03:08:28.267;100010
3;04-03-2025 03:06:48.257;04-03-2025 03:08:33.273;105016
3;04-03-2025 03:06:48.257;04-03-2025 03:08:38.263;110006
3;04-03-2025 03:06:48.257;04-03-2025 03:08:43.253;114996
1;04-03-2025 03:06:59.288;04-03-2025 03:08:45.806;106518
3;04-03-2025 03:06:48.257;04-03-2025 03:08:48.274;120017
3;04-03-2025 03:06:48.257;04-03-2025 03:08:53.263;125006
0;04-03-2025 03:08:37.509;04-03-2025 03:08:56.343;18834
3;04-03-2025 03:06:48.257;04-03-2025 03:08:58.269;130012
0;04-03-2025 03:08:37.509;04-03-2025 03:08:59.672;22163
3;04-03-2025 03:06:48.257;04-03-2025 03:09:03.273;135016
3;04-03-2025 03:06:48.257;04-03-2025 03:09:08.276;140019
1;04-03-2025 03:09:05.930;04-03-2025 03:09:11.295;5365
3;04-03-2025 03:06:48.257;04-03-2025 03:09:13.268;145011
0;04-03-2025 03:09:12.696;04-03-2025 03:09:14.094;1398
1;04-03-2025 03:09:05.930;04-03-2025 03:09:16.461;10531
3;04-03-2025 03:06:48.257;04-03-2025 03:09:18.274;150017
0;04-03-2025 03:09:12.696;04-03-2025 03:09:18.482;5786
3;04-03-2025 03:06:48.257;04-03-2025 03:09:23.274;155017
3;04-03-2025 03:06:48.257;04-03-2025 03:09:28.265;160008
3;04-03-2025 03:06:48.257;04-03-2025 03:09:33.269;165012
3;04-03-2025 03:06:48.257;04-03-2025 03:09:38.274;170017
3;04-03-2025 03:06:48.257;04-03-2025 03:09:43.265;175008
3;04-03-2025 03:06:48.257;04-03-2025 03:09:48.269;180012
0;04-03-2025 03:09:12.696;04-03-2025 03:09:50.839;38143
3;04-03-2025 03:06:48.257;04-03-2025 03:09:53.273;185016
3;04-03-2025 03:06:48.257;04-03-2025 03:09:58.263;190006
3;04-03-2025 03:06:48.257;04-03-2025 03:10:03.274;195017
0;04-03-2025 03:09:12.696;04-03-2025 03:10:03.572;50876
1;04-03-2025 03:10:03.390;04-03-2025 03:10:06.776;3386
1;04-03-2025 03:10:03.390;04-03-2025 03:10:11.033;7643
3;04-03-2025 03:10:18.237;04-03-2025 03:10:18.292;55
3;04-03-2025 03:10:18.237;04-03-2025 03:10:18.365;128
1;04-03-2025 03:10:03.390;04-03-2025 03:10:21.915;18525
3;04-03-2025 03:10:18.237;04-03-2025 03:10:23.264;5027
3;04-03-2025 03:10:18.237;04-03-2025 03:10:28.271;10034
3;04-03-2025 03:10:18.237;04-03-2025 03:10:33.259;15022
3;04-03-2025 03:10:18.237;04-03-2025 03:10:38.263;20026
2;04-03-2025 03:10:22.269;04-03-2025 03:10:40.688;18419
3;04-03-2025 03:10:18.237;04-03-2025 03:10:43.270;25033
1;04-03-2025 03:10:43.687;04-03-2025 03:10:45.917;2230
3;04-03-2025 03:10:18.237;04-03-2025 03:10:48.274;30037
2;04-03-2025 03:10:45.875;04-03-2025 03:10:49.757;3882
1;04-03-2025 03:10:43.687;04-03-2025 03:10:50.653;6966
3;04-03-2025 03:10:18.237;04-03-2025 03:10:53.263;35026
3;04-03-2025 03:10:18.237;04-03-2025 03:10:58.269;40032
0;04-03-2025 03:10:50.489;04-03-2025 03:11:00.737;10248
3;04-03-2025 03:10:18.237;04-03-2025 03:11:03.275;45038
2;04-03-2025 03:10:45.875;04-03-2025 03:11:06.066;20191
3;04-03-2025 03:10:18.237;04-03-2025 03:11:08.265;50028
1;04-03-2025 03:10:43.687;04-03-2025 03:11:09.778;26091
3;04-03-2025 03:10:18.237;04-03-2025 03:11:13.267;55030
1;04-03-2025 03:10:43.687;04-03-2025 03:11:16.296;32609
3;04-03-2025 03:10:18.237;04-03-2025 03:11:18.270;60033
1;04-03-2025 03:10:43.687;04-03-2025 03:11:21.092;37405
3;04-03-2025 03:10:18.237;04-03-2025 03:11:23.273;65036
3;04-03-2025 03:10:18.237;04-03-2025 03:11:28.265;70028
3;04-03-2025 03:10:18.237;04-03-2025 03:11:33.270;75033
3;04-03-2025 03:10:18.237;04-03-2025 03:11:38.263;80026
3;04-03-2025 03:10:18.237;04-03-2025 03:11:43.264;85027
3;04-03-2025 03:10:18.237;04-03-2025 03:11:48.268;90031
3;04-03-2025 03:10:18.237;04-03-2025 03:11:53.275;95038
1;04-03-2025 03:10:43.687;04-03-2025 03:11:56.466;72779
3;04-03-2025 03:10:18.237;04-03-2025 03:11:58.264;100027
3;04-03-2025 03:10:18.237;04-03-2025 03:12:03.255;105018
3;04-03-2025 03:10:18.237;04-03-2025 03:12:08.261;110024
3;04-03-2025 03:10:18.237;04-03-2025 03:12:13.267;115030
1;04-03-2025 03:10:43.687;04-03-2025 03:12:15.540;91853
3;04-03-2025 03:10:18.237;04-03-2025 03:12:18.273;120036
3;04-03-2025 03:10:18.237;04-03-2025 03:12:23.275;125038
2;04-03-2025 03:11:34.267;04-03-2025 03:12:23.760;49493
3;04-03-2025 03:10:18.237;04-03-2025 03:12:28.264;130027
1;04-03-2025 03:10:43.687;04-03-2025 03:12:31.951;108264
3;04-03-2025 03:10:18.237;04-03-2025 03:12:33.271;135034
0;04-03-2025 03:11:54.312;04-03-2025 03:12:33.935;39623
3;04-03-2025 03:10:18.237;04-03-2025 03:12:38.276;140039
0;04-03-2025 03:11:54.312;04-03-2025 03:12:41.476;47164
1;04-03-2025 03:10:43.687;04-03-2025 03:12:41.722;118035
3;04-03-2025 03:10:18.237;04-03-2025 03:12:43.263;145026
1;04-03-2025 03:10:43.687;04-03-2025 03:12:45.642;121955
3;04-03-2025 03:10:18.237;04-03-2025 03:12:48.270;150033
3;04-03-2025 03:10:18.237;04-03-2025 03:12:53.274;155037
3;04-03-2025 03:10:18.237;04-03-2025 03:12:58.265;160028
1;04-03-2025 03:12:55.382;04-03-2025 03:13:01.886;6504
3;04-03-2025 03:10:18.237;04-03-2025 03:13:03.268;165031
2;04-03-2025 03:12:52.943;04-03-2025 03:13:06.697;13754
1;04-03-2025 03:12:55.382;04-03-2025 03:13:06.841;11459
3;04-03-2025 03:10:18.237;04-03-2025 03:13:08.273;170036
3;04-03-2025 03:10:18.237;04-03-2025 03:13:13.278;175041
3;04-03-2025 03:10:18.237;04-03-2025 03:13:18.265;180028
2;04-03-2025 03:13:08.532;04-03-2025 03:13:21.090;12558
1;04-03-2025 03:12:55.382;04-03-2025 03:13:21.919;26537
3;04-03-2025 03:10:18.237;04-03-2025 03:13:23.269;185032
3;04-03-2025 03:10:18.237;04-03-2025 03:13:31.588;193351
3;04-03-2025 03:10:18.237;04-03-2025 03:13:33.261;195024
2;04-03-2025 03:13:08.532;04-03-2025 03:13:35.639;27107
3;04-03-2025 03:10:18.237;04-03-2025 03:13:38.266;200029
3;04-03-2025 03:10:18.237;04-03-2025 03:13:43.269;205032
3;04-03-2025 03:10:18.237;04-03-2025 03:13:48.260;210023
3;04-03-2025 03:10:18.237;04-03-2025 03:13:53.263;215026
3;04-03-2025 03:10:18.237;04-03-2025 03:13:58.272;220035
3;04-03-2025 03:10:18.237;04-03-2025 03:14:03.263;225026
3;04-03-2025 03:10:18.237;04-03-2025 03:14:08.266;230029
3;04-03-2025 03:10:18.237;04-03-2025 03:14:13.272;235035
3;04-03-2025 03:10:18.237;04-03-2025 03:14:18.260;240023
3;04-03-2025 03:10:18.237;04-03-2025 03:14:23.266;245029
0;04-03-2025 03:14:16.128;04-03-2025 03:14:27.498;11370
3;04-03-2025 03:10:18.237;04-03-2025 03:14:28.273;250036
3;04-03-2025 03:10:18.237;04-03-2025 03:14:33.276;255039
3;04-03-2025 03:10:18.237;04-03-2025 03:14:38.268;260031
3;04-03-2025 03:10:18.237;04-03-2025 03:14:43.271;265034
3;04-03-2025 03:10:18.237;04-03-2025 03:14:48.272;270035
1;04-03-2025 03:14:53.035;04-03-2025 03:14:53.460;425
2;04-03-2025 03:14:17.180;04-03-2025 03:14:55.626;38446
0;04-03-2025 03:14:55.995;04-03-2025 03:14:57.527;1532
2;04-03-2025 03:14:17.180;04-03-2025 03:15:00.919;43739
3;04-03-2025 03:15:03.233;04-03-2025 03:15:03.273;40
3;04-03-2025 03:15:03.233;04-03-2025 03:15:03.335;102
3;04-03-2025 03:15:03.233;04-03-2025 03:15:08.264;5031
3;04-03-2025 03:15:03.233;04-03-2025 03:15:13.271;10038
3;04-03-2025 03:15:03.233;04-03-2025 03:15:18.259;15026
3;04-03-2025 03:15:03.233;04-03-2025 03:15:23.265;20032
3;04-03-2025 03:15:03.233;04-03-2025 03:15:28.273;25040
2;04-03-2025 03:15:31.893;04-03-2025 03:15:32.704;811
3;04-03-2025 03:15:03.233;04-03-2025 03:15:33.277;30044
3;04-03-2025 03:15:03.233;04-03-2025 03:15:38.265;35032
1;04-03-2025 03:15:25.573;04-03-2025 03:15:42.082;16509
3;04-03-2025 03:15:03.233;04-03-2025 03:15:43.272;40039
3;04-03-2025 03:15:03.233;04-03-2025 03:15:48.262;45029
2;04-03-2025 03:15:46.974;04-03-2025 03:15:50.815;3841
3;04-03-2025 03:15:03.233;04-03-2025 03:15:53.269;50036
2;04-03-2025 03:15:51.942;04-03-2025 03:15:56.220;4278
3;04-03-2025 03:15:03.233;04-03-2025 03:15:58.272;55039
3;04-03-2025 03:15:03.233;04-03-2025 03:16:03.277;60044
3;04-03-2025 03:15:03.233;04-03-2025 03:16:08.252;65019
3;04-03-2025 03:15:03.233;04-03-2025 03:16:13.271;70038
3;04-03-2025 03:15:03.233;04-03-2025 03:16:18.275;75042
3;04-03-2025 03:15:03.233;04-03-2025 03:16:23.264;80031
3;04-03-2025 03:16:38.235;04-03-2025 03:16:38.280;45
3;04-03-2025 03:16:38.235;04-03-2025 03:16:38.327;92
2;04-03-2025 03:16:19.807;04-03-2025 03:16:41.422;21615
3;04-03-2025 03:16:38.235;04-03-2025 03:16:43.267;5032
3;04-03-2025 03:16:38.235;04-03-2025 03:16:48.268;10033
3;04-03-2025 03:16:38.235;04-03-2025 03:16:53.271;15036
3;04-03-2025 03:16:38.235;04-03-2025 03:16:58.263;20028
3;04-03-2025 03:16:38.235;04-03-2025 03:17:03.266;25031
1;04-03-2025 03:16:56.489;04-03-2025 03:17:06.667;10178
3;04-03-2025 03:16:38.235;04-03-2025 03:17:08.272;30037
3;04-03-2025 03:16:38.235;04-03-2025 03:17:13.264;35029
3;04-03-2025 03:16:38.235;04-03-2025 03:17:18.266;40031
3;04-03-2025 03:17:33.234;04-03-2025 03:17:33.280;46
3;04-03-2025 03:17:33.234;04-03-2025 03:17:33.327;93
3;04-03-2025 03:17:33.234;04-03-2025 03:17:38.273;5039
1;04-03-2025 03:17:13.346;04-03-2025 03:17:41.848;28502
3;04-03-2025 03:17:33.234;04-03-2025 03:17:43.262;10028
3;04-03-2025 03:17:33.234;04-03-2025 03:17:48.269;15035
3;04-03-2025 03:17:33.234;04-03-2025 03:17:53.275;20041
3;04-03-2025 03:17:33.234;04-03-2025 03:17:58.261;25027
3;04-03-2025 03:17:33.234;04-03-2025 03:18:03.266;30032
3;04-03-2025 03:17:33.234;04-03-2025 03:18:08.271;35037
1;04-03-2025 03:18:06.431;04-03-2025 03:18:11.203;4772
3;04-03-2025 03:17:33.234;04-03-2025 03:18:13.260;40026
2;04-03-2025 03:17:29.887;04-03-2025 03:18:16.022;46135
3;04-03-2025 03:17:33.234;04-03-2025 03:18:18.267;45033
3;04-03-2025 03:17:33.234;04-03-2025 03:18:23.273;50039
3;04-03-2025 03:17:33.234;04-03-2025 03:18:28.264;55030
3;04-03-2025 03:17:33.234;04-03-2025 03:18:33.270;60036
2;04-03-2025 03:18:22.371;04-03-2025 03:18:35.326;12955
3;04-03-2025 03:17:33.234;04-03-2025 03:18:38.273;65039
2;04-03-2025 03:18:22.371;04-03-2025 03:18:38.447;16076
1;04-03-2025 03:18:13.714;04-03-2025 03:18:38.522;24808
3;04-03-2025 03:17:33.234;04-03-2025 03:18:43.263;70029
1;04-03-2025 03:18:13.714;04-03-2025 03:18:43.833;30119
3;04-03-2025 03:17:33.234;04-03-2025 03:18:48.267;75033
3;04-03-2025 03:17:33.234;04-03-2025 03:18:53.271;80037
1;04-03-2025 03:18:13.714;04-03-2025 03:18:54.097;40383
3;04-03-2025 03:17:33.234;04-03-2025 03:18:58.277;85043
3;04-03-2025 03:17:33.234;04-03-2025 03:19:03.265;90031
3;04-03-2025 03:17:33.234;04-03-2025 03:19:08.272;95038
3;04-03-2025 03:17:33.234;04-03-2025 03:19:13.262;100028
3;04-03-2025 03:17:33.234;04-03-2025 03:19:18.281;105047
3;04-03-2025 03:17:33.234;04-03-2025 03:19:23.273;110039
3;04-03-2025 03:17:33.234;04-03-2025 03:19:28.275;115041
0;04-03-2025 03:19:17.834;04-03-2025 03:19:33.036;15202
3;04-03-2025 03:17:33.234;04-03-2025 03:19:33.265;120031
2;04-03-2025 03:19:15.965;04-03-2025 03:19:35.707;19742
3;04-03-2025 03:17:33.234;04-03-2025 03:19:38.270;125036
2;04-03-2025 03:19:15.965;04-03-2025 03:19:39.224;23259
1;04-03-2025 03:19:18.628;04-03-2025 03:19:40.657;22029
3;04-03-2025 03:17:33.234;04-03-2025 03:19:43.277;130043
3;04-03-2025 03:17:33.234;04-03-2025 03:19:48.265;135031
3;04-03-2025 03:17:33.234;04-03-2025 03:19:53.269;140035
2;04-03-2025 03:19:50.450;04-03-2025 03:19:56.132;5682
1;04-03-2025 03:19:45.519;04-03-2025 03:19:57.211;11692
3;04-03-2025 03:17:33.234;04-03-2025 03:19:58.273;145039
3;04-03-2025 03:17:33.234;04-03-2025 03:20:03.261;150027
1;04-03-2025 03:19:45.519;04-03-2025 03:20:05.928;20409
2;04-03-2025 03:19:50.450;04-03-2025 03:20:06.212;15762
3;04-03-2025 03:20:18.234;04-03-2025 03:20:18.276;42
3;04-03-2025 03:20:18.234;04-03-2025 03:20:18.324;90
3;04-03-2025 03:20:18.234;04-03-2025 03:20:23.271;5037
3;04-03-2025 03:20:18.234;04-03-2025 03:20:28.269;10035
3;04-03-2025 03:20:18.234;04-03-2025 03:20:33.261;15027
3;04-03-2025 03:20:18.234;04-03-2025 03:20:38.268;20034
3;04-03-2025 03:20:18.234;04-03-2025 03:20:43.276;25042
0;04-03-2025 03:20:32.360;04-03-2025 03:20:46.096;13736
3;04-03-2025 03:20:18.234;04-03-2025 03:20:48.262;30028
3;04-03-2025 03:20:18.234;04-03-2025 03:20:53.265;35031
3;04-03-2025 03:20:18.234;04-03-2025 03:20:58.273;40039
3;04-03-2025 03:20:18.234;04-03-2025 03:21:03.277;45043
3;04-03-2025 03:20:18.234;04-03-2025 03:21:08.267;50033
3;04-03-2025 03:20:18.234;04-03-2025 03:21:13.273;55039
3;04-03-2025 03:20:18.234;04-03-2025 03:21:18.260;60026
1;04-03-2025 03:20:37.118;04-03-2025 03:21:21.036;43918
3;04-03-2025 03:20:18.234;04-03-2025 03:21:23.266;65032
3;04-03-2025 03:20:18.234;04-03-2025 03:21:28.269;70035
3;04-03-2025 03:20:18.234;04-03-2025 03:21:33.272;75038
3;04-03-2025 03:20:18.234;04-03-2025 03:21:38.261;80027
3;04-03-2025 03:21:53.233;04-03-2025 03:21:53.291;58
3;04-03-2025 03:21:53.233;04-03-2025 03:21:53.340;107
0;04-03-2025 03:21:56.721;04-03-2025 03:21:57.621;900
3;04-03-2025 03:21:53.233;04-03-2025 03:21:58.265;5032
3;04-03-2025 03:21:53.233;04-03-2025 03:22:03.270;10037
3;04-03-2025 03:21:53.233;04-03-2025 03:22:08.276;15043
3;04-03-2025 03:21:53.233;04-03-2025 03:22:13.264;20031
3;04-03-2025 03:21:53.233;04-03-2025 03:22:18.267;25034
3;04-03-2025 03:21:53.233;04-03-2025 03:22:23.273;30040
3;04-03-2025 03:21:53.233;04-03-2025 03:22:28.262;35029
3;04-03-2025 03:21:53.233;04-03-2025 03:22:33.265;40032
3;04-03-2025 03:21:53.233;04-03-2025 03:22:38.269;45036
3;04-03-2025 03:21:53.233;04-03-2025 03:22:43.274;50041
3;04-03-2025 03:21:53.233;04-03-2025 03:22:48.263;55030
3;04-03-2025 03:21:53.233;04-03-2025 03:22:53.271;60038
3;04-03-2025 03:21:53.233;04-03-2025 03:22:58.277;65044
3;04-03-2025 03:21:53.233;04-03-2025 03:23:03.267;70034
3;04-03-2025 03:21:53.233;04-03-2025 03:23:08.271;75038
3;04-03-2025 03:21:53.233;04-03-2025 03:23:13.275;80042
3;04-03-2025 03:23:28.226;04-03-2025 03:23:28.274;48
3;04-03-2025 03:23:28.226;04-03-2025 03:23:33.264;5038
1;04-03-2025 03:23:03.655;04-03-2025 03:23:35.673;32018
3;04-03-2025 03:23:28.226;04-03-2025 03:23:38.268;10042
1;04-03-2025 03:23:03.655;04-03-2025 03:23:40.548;36893
3;04-03-2025 03:23:28.226;04-03-2025 03:23:43.270;15044
1;04-03-2025 03:23:03.655;04-03-2025 03:23:46.303;42648
3;04-03-2025 03:23:28.226;04-03-2025 03:23:48.261;20035
3;04-03-2025 03:23:28.226;04-03-2025 03:23:53.265;25039
3;04-03-2025 03:23:28.226;04-03-2025 03:23:58.270;30044
3;04-03-2025 03:23:28.226;04-03-2025 03:24:03.263;35037
1;04-03-2025 03:23:56.954;04-03-2025 03:24:06.837;9883
3;04-03-2025 03:23:28.226;04-03-2025 03:24:08.267;40041
3;04-03-2025 03:23:28.226;04-03-2025 03:24:13.275;45049
3;04-03-2025 03:23:28.226;04-03-2025 03:24:18.261;50035
1;04-03-2025 03:24:13.389;04-03-2025 03:24:21.885;8496
3;04-03-2025 03:23:28.226;04-03-2025 03:24:23.266;55040
3;04-03-2025 03:23:28.226;04-03-2025 03:24:28.273;60047
3;04-03-2025 03:23:28.226;04-03-2025 03:24:33.275;65049
3;04-03-2025 03:23:28.226;04-03-2025 03:24:38.276;70050
0;04-03-2025 03:24:41.199;04-03-2025 03:24:42.969;1770
3;04-03-2025 03:23:28.226;04-03-2025 03:24:43.264;75038
3;04-03-2025 03:23:28.226;04-03-2025 03:24:48.271;80045
1;04-03-2025 03:24:36.644;04-03-2025 03:24:50.329;13685
3;04-03-2025 03:23:28.226;04-03-2025 03:24:53.277;85051
3;04-03-2025 03:23:28.226;04-03-2025 03:24:58.266;90040
3;04-03-2025 03:23:28.226;04-03-2025 03:25:03.282;95056
3;04-03-2025 03:23:28.226;04-03-2025 03:25:08.275;100049
3;04-03-2025 03:23:28.226;04-03-2025 03:25:13.265;105039
3;04-03-2025 03:23:28.226;04-03-2025 03:25:18.269;110043
1;04-03-2025 03:24:36.644;04-03-2025 03:25:20.898;44254
3;04-03-2025 03:23:28.226;04-03-2025 03:25:23.279;115053
1;04-03-2025 03:24:36.644;04-03-2025 03:25:25.842;49198
2;04-03-2025 03:25:22.000;04-03-2025 03:25:27.677;5677
3;04-03-2025 03:23:28.226;04-03-2025 03:25:28.265;120039
3;04-03-2025 03:23:28.226;04-03-2025 03:25:33.273;125047
0;04-03-2025 03:25:30.841;04-03-2025 03:25:36.527;5686
1;04-03-2025 03:24:36.644;04-03-2025 03:25:37.791;61147
3;04-03-2025 03:23:28.226;04-03-2025 03:25:38.261;130035
2;04-03-2025 03:25:40.375;04-03-2025 03:25:41.611;1236
1;04-03-2025 03:24:36.644;04-03-2025 03:25:41.659;65015
1;04-03-2025 03:24:36.644;04-03-2025 03:25:43.371;66727
1;04-03-2025 03:25:47.459;04-03-2025 03:25:50.898;3439
3;04-03-2025 03:25:53.232;04-03-2025 03:25:53.291;59
3;04-03-2025 03:25:53.232;04-03-2025 03:25:53.338;106
2;04-03-2025 03:25:56.131;04-03-2025 03:25:57.490;1359
3;04-03-2025 03:25:53.232;04-03-2025 03:25:58.264;5032
2;04-03-2025 03:25:56.131;04-03-2025 03:26:00.706;4575
3;04-03-2025 03:25:53.232;04-03-2025 03:26:03.268;10036
3;04-03-2025 03:25:53.232;04-03-2025 03:26:08.276;15044
3;04-03-2025 03:25:53.232;04-03-2025 03:26:13.276;20044
1;04-03-2025 03:26:14.932;04-03-2025 03:26:15.397;465
3;04-03-2025 03:25:53.232;04-03-2025 03:26:18.264;25032
3;04-03-2025 03:25:53.232;04-03-2025 03:26:23.269;30037
3;04-03-2025 03:25:53.232;04-03-2025 03:26:28.291;35059
3;04-03-2025 03:25:53.232;04-03-2025 03:26:33.282;40050
1;04-03-2025 03:26:24.979;04-03-2025 03:26:33.784;8805
3;04-03-2025 03:25:53.232;04-03-2025 03:26:38.267;45035
3;04-03-2025 03:25:53.232;04-03-2025 03:26:43.274;50042
3;04-03-2025 03:25:53.232;04-03-2025 03:26:48.259;55027
3;04-03-2025 03:25:53.232;04-03-2025 03:26:53.269;60037
3;04-03-2025 03:25:53.232;04-03-2025 03:26:58.271;65039
3;04-03-2025 03:25:53.232;04-03-2025 03:27:03.273;70041
1;04-03-2025 03:26:24.979;04-03-2025 03:27:17.666;52687
3;04-03-2025 03:27:18.231;04-03-2025 03:27:18.279;48
3;04-03-2025 03:27:18.231;04-03-2025 03:27:18.326;95
3;04-03-2025 03:27:18.231;04-03-2025 03:27:23.267;5036
3;04-03-2025 03:27:18.231;04-03-2025 03:27:28.274;10043
3;04-03-2025 03:27:18.231;04-03-2025 03:27:33.263;15032
3;04-03-2025 03:27:18.231;04-03-2025 03:27:38.267;20036
1;04-03-2025 03:26:24.979;04-03-2025 03:27:38.539;73560
0;04-03-2025 03:27:34.467;04-03-2025 03:27:41.587;7120
3;04-03-2025 03:27:18.231;04-03-2025 03:27:43.273;25042
3;04-03-2025 03:27:18.231;04-03-2025 03:27:48.261;30030
3;04-03-2025 03:27:18.231;04-03-2025 03:27:53.264;35033
1;04-03-2025 03:27:49.728;04-03-2025 03:27:53.516;3788
3;04-03-2025 03:27:18.231;04-03-2025 03:27:58.268;40037
3;04-03-2025 03:27:18.231;04-03-2025 03:28:03.274;45043
3;04-03-2025 03:27:18.231;04-03-2025 03:28:08.263;50032
3;04-03-2025 03:27:18.231;04-03-2025 03:28:13.267;55036
3;04-03-2025 03:27:18.231;04-03-2025 03:28:18.271;60040
3;04-03-2025 03:27:18.231;04-03-2025 03:28:23.275;65044
3;04-03-2025 03:27:18.231;04-03-2025 03:28:28.265;70034
3;04-03-2025 03:28:43.233;04-03-2025 03:28:43.278;45
3;04-03-2025 03:28:43.233;04-03-2025 03:28:43.327;94
3;04-03-2025 03:28:43.233;04-03-2025 03:28:48.269;5036
3;04-03-2025 03:28:43.233;04-03-2025 03:28:53.273;10040
3;04-03-2025 03:28:43.233;04-03-2025 03:28:58.266;15033
3;04-03-2025 03:28:43.233;04-03-2025 03:29:03.268;20035
3;04-03-2025 03:28:43.233;04-03-2025 03:29:08.276;25043
3;04-03-2025 03:29:23.234;04-03-2025 03:29:23.277;43
3;04-03-2025 03:29:23.234;04-03-2025 03:29:23.323;89
3;04-03-2025 03:29:23.234;04-03-2025 03:29:28.264;5030
3;04-03-2025 03:29:23.234;04-03-2025 03:29:33.268;10034
3;04-03-2025 03:29:23.234;04-03-2025 03:29:38.276;15042
3;04-03-2025 03:29:23.234;04-03-2025 03:29:43.263;20029
3;04-03-2025 03:29:23.234;04-03-2025 03:29:48.268;25034
2;04-03-2025 03:29:52.008;04-03-2025 03:29:52.833;825
3;04-03-2025 03:29:23.234;04-03-2025 03:29:53.271;30037
3;04-03-2025 03:29:23.234;04-03-2025 03:29:58.276;35042
1;04-03-2025 03:29:38.429;04-03-2025 03:30:00.462;22033
3;04-03-2025 03:29:23.234;04-03-2025 03:30:03.265;40031
3;04-03-2025 03:29:23.234;04-03-2025 03:30:08.280;45046
3;04-03-2025 03:29:23.234;04-03-2025 03:30:13.273;50039
1;04-03-2025 03:30:10.438;04-03-2025 03:30:15.412;4974
3;04-03-2025 03:30:28.227;04-03-2025 03:30:28.314;87
3;04-03-2025 03:30:28.227;04-03-2025 03:30:33.273;5046
3;04-03-2025 03:30:28.227;04-03-2025 03:30:38.264;10037
3;04-03-2025 03:30:28.227;04-03-2025 03:30:43.266;15039
3;04-03-2025 03:30:28.227;04-03-2025 03:30:48.271;20044
3;04-03-2025 03:30:28.227;04-03-2025 03:30:53.263;25036
3;04-03-2025 03:30:28.227;04-03-2025 03:30:58.266;30039
3;04-03-2025 03:30:28.227;04-03-2025 03:31:03.268;35041
3;04-03-2025 03:30:28.227;04-03-2025 03:31:08.276;40049
3;04-03-2025 03:30:28.227;04-03-2025 03:31:13.262;45035
3;04-03-2025 03:30:28.227;04-03-2025 03:31:18.265;50038
3;04-03-2025 03:30:28.227;04-03-2025 03:31:23.271;55044
3;04-03-2025 03:30:28.227;04-03-2025 03:31:28.275;60048
3;04-03-2025 03:30:28.227;04-03-2025 03:31:33.264;65037
3;04-03-2025 03:30:28.227;04-03-2025 03:31:38.269;70042
3;04-03-2025 03:30:28.227;04-03-2025 03:31:43.277;75050
3;04-03-2025 03:30:28.227;04-03-2025 03:31:48.262;80035
3;04-03-2025 03:30:28.227;04-03-2025 03:31:53.270;85043
3;04-03-2025 03:30:28.227;04-03-2025 03:31:58.271;90044
3;04-03-2025 03:30:28.227;04-03-2025 03:32:03.261;95034
3;04-03-2025 03:30:28.227;04-03-2025 03:32:08.268;100041
2;04-03-2025 03:31:48.444;04-03-2025 03:32:12.095;23651
3;04-03-2025 03:30:28.227;04-03-2025 03:32:13.269;105042
3;04-03-2025 03:30:28.227;04-03-2025 03:32:18.272;110045
3;04-03-2025 03:30:28.227;04-03-2025 03:32:23.281;115054
3;04-03-2025 03:30:28.227;04-03-2025 03:32:28.272;120045
1;04-03-2025 03:32:23.030;04-03-2025 03:32:31.813;8783
0;04-03-2025 03:32:32.013;04-03-2025 03:32:32.192;179
3;04-03-2025 03:30:28.227;04-03-2025 03:32:33.276;125049
2;04-03-2025 03:32:35.352;04-03-2025 03:32:35.845;493
3;04-03-2025 03:30:28.227;04-03-2025 03:32:38.291;130064
3;04-03-2025 03:30:28.227;04-03-2025 03:32:43.271;135044
2;04-03-2025 03:32:44.758;04-03-2025 03:32:46.172;1414
3;04-03-2025 03:30:28.227;04-03-2025 03:32:48.264;140037
3;04-03-2025 03:30:28.227;04-03-2025 03:32:53.267;145040
2;04-03-2025 03:32:48.584;04-03-2025 03:33:00.314;11730
3;04-03-2025 03:33:08.234;04-03-2025 03:33:08.296;62
3;04-03-2025 03:33:08.234;04-03-2025 03:33:08.342;108
3;04-03-2025 03:33:08.234;04-03-2025 03:33:13.268;5034
3;04-03-2025 03:33:08.234;04-03-2025 03:33:18.327;10093
3;04-03-2025 03:33:08.234;04-03-2025 03:33:23.264;15030
3;04-03-2025 03:33:08.234;04-03-2025 03:33:28.267;20033
3;04-03-2025 03:33:08.234;04-03-2025 03:33:33.274;25040
3;04-03-2025 03:33:08.234;04-03-2025 03:33:38.262;30028
1;04-03-2025 03:33:27.625;04-03-2025 03:33:40.511;12886
3;04-03-2025 03:33:08.234;04-03-2025 03:33:43.267;35033
3;04-03-2025 03:33:08.234;04-03-2025 03:33:48.271;40037
3;04-03-2025 03:33:08.234;04-03-2025 03:33:53.276;45042
3;04-03-2025 03:33:08.234;04-03-2025 03:33:58.268;50034
1;04-03-2025 03:33:56.007;04-03-2025 03:34:01.148;5141
2;04-03-2025 03:33:50.743;04-03-2025 03:34:01.953;11210
3;04-03-2025 03:33:08.234;04-03-2025 03:34:03.272;55038
1;04-03-2025 03:34:06.805;04-03-2025 03:34:07.773;968
3;04-03-2025 03:33:08.234;04-03-2025 03:34:08.276;60042
3;04-03-2025 03:33:08.234;04-03-2025 03:34:13.268;65034
1;04-03-2025 03:34:13.263;04-03-2025 03:34:15.364;2101
3;04-03-2025 03:33:08.234;04-03-2025 03:34:18.272;70038
3;04-03-2025 03:33:08.234;04-03-2025 03:34:23.264;75030
3;04-03-2025 03:33:08.234;04-03-2025 03:34:28.267;80033
3;04-03-2025 03:33:08.234;04-03-2025 03:34:33.270;85036
3;04-03-2025 03:33:08.234;04-03-2025 03:34:38.263;90029
3;04-03-2025 03:33:08.234;04-03-2025 03:34:43.268;95034
3;04-03-2025 03:33:08.234;04-03-2025 03:34:48.274;100040
3;04-03-2025 03:33:08.234;04-03-2025 03:34:53.277;105043
3;04-03-2025 03:33:08.234;04-03-2025 03:34:58.266;110032
3;04-03-2025 03:33:08.234;04-03-2025 03:35:03.270;115036
3;04-03-2025 03:33:08.234;04-03-2025 03:35:08.273;120039
3;04-03-2025 03:33:08.234;04-03-2025 03:35:13.300;125066
3;04-03-2025 03:33:08.234;04-03-2025 03:35:18.277;130043
1;04-03-2025 03:35:03.541;04-03-2025 03:35:20.809;17268
3;04-03-2025 03:33:08.234;04-03-2025 03:35:23.279;135045
3;04-03-2025 03:33:08.234;04-03-2025 03:35:28.263;140029
3;04-03-2025 03:33:08.234;04-03-2025 03:35:33.271;145037
1;04-03-2025 03:35:31.609;04-03-2025 03:35:35.584;3975
2;04-03-2025 03:35:06.100;04-03-2025 03:35:35.728;29628
3;04-03-2025 03:33:08.234;04-03-2025 03:35:38.275;150041
1;04-03-2025 03:35:31.609;04-03-2025 03:35:40.988;9379
2;04-03-2025 03:35:06.100;04-03-2025 03:35:41.580;35480
3;04-03-2025 03:33:08.234;04-03-2025 03:35:43.267;155033
2;04-03-2025 03:35:06.100;04-03-2025 03:35:44.732;38632
3;04-03-2025 03:33:08.234;04-03-2025 03:35:48.273;160039
2;04-03-2025 03:35:06.100;04-03-2025 03:35:51.128;45028
3;04-03-2025 03:33:08.234;04-03-2025 03:35:53.277;165043
3;04-03-2025 03:33:08.234;04-03-2025 03:35:58.269;170035
2;04-03-2025 03:35:06.100;04-03-2025 03:36:00.678;54578
1;04-03-2025 03:35:57.475;04-03-2025 03:36:01.313;3838
3;04-03-2025 03:33:08.234;04-03-2025 03:36:03.272;175038
3;04-03-2025 03:33:08.234;04-03-2025 03:36:08.261;180027
3;04-03-2025 03:33:08.234;04-03-2025 03:36:13.267;185033
3;04-03-2025 03:33:08.234;04-03-2025 03:36:18.273;190039
3;04-03-2025 03:33:08.234;04-03-2025 03:36:25.581;197347
2;04-03-2025 03:36:07.846;04-03-2025 03:36:27.316;19470
3;04-03-2025 03:33:08.234;04-03-2025 03:36:28.267;200033
3;04-03-2025 03:33:08.234;04-03-2025 03:36:33.269;205035
3;04-03-2025 03:36:48.245;04-03-2025 03:36:48.298;53
3;04-03-2025 03:36:48.245;04-03-2025 03:36:48.347;102
3;04-03-2025 03:36:48.245;04-03-2025 03:36:53.273;5028
3;04-03-2025 03:36:48.245;04-03-2025 03:36:58.263;10018
3;04-03-2025 03:36:48.245;04-03-2025 03:37:03.269;15024
3;04-03-2025 03:36:48.245;04-03-2025 03:37:08.275;20030
1;04-03-2025 03:36:06.383;04-03-2025 03:37:11.272;64889
3;04-03-2025 03:36:48.245;04-03-2025 03:37:13.263;25018
3;04-03-2025 03:36:48.245;04-03-2025 03:37:18.269;30024
3;04-03-2025 03:36:48.245;04-03-2025 03:37:23.274;35029
2;04-03-2025 03:36:07.846;04-03-2025 03:37:27.426;79580
3;04-03-2025 03:36:48.245;04-03-2025 03:37:28.264;40019
3;04-03-2025 03:36:48.245;04-03-2025 03:37:33.269;45024
3;04-03-2025 03:36:48.245;04-03-2025 03:37:38.259;50014
3;04-03-2025 03:36:48.245;04-03-2025 03:37:43.267;55022
3;04-03-2025 03:36:48.245;04-03-2025 03:37:48.268;60023
3;04-03-2025 03:36:48.245;04-03-2025 03:37:53.272;65027
3;04-03-2025 03:38:08.233;04-03-2025 03:38:08.287;54
3;04-03-2025 03:38:18.307;04-03-2025 03:38:18.359;52
3;04-03-2025 03:38:18.307;04-03-2025 03:38:18.425;118
3;04-03-2025 03:38:18.307;04-03-2025 03:38:23.267;4960
3;04-03-2025 03:38:18.307;04-03-2025 03:38:28.277;9970
3;04-03-2025 03:38:18.307;04-03-2025 03:38:33.265;14958
3;04-03-2025 03:38:18.307;04-03-2025 03:38:38.267;19960
3;04-03-2025 03:38:18.307;04-03-2025 03:38:43.272;24965
3;04-03-2025 03:38:18.307;04-03-2025 03:38:48.260;29953
1;04-03-2025 03:38:50.425;04-03-2025 03:38:50.478;53
3;04-03-2025 03:38:18.307;04-03-2025 03:38:53.264;34957
1;04-03-2025 03:38:50.425;04-03-2025 03:38:54.170;3745
3;04-03-2025 03:38:18.307;04-03-2025 03:38:58.271;39964
3;04-03-2025 03:38:18.307;04-03-2025 03:39:03.261;44954
3;04-03-2025 03:38:18.307;04-03-2025 03:39:08.268;49961
3;04-03-2025 03:38:18.307;04-03-2025 03:39:13.272;54965
3;04-03-2025 03:38:18.307;04-03-2025 03:39:18.276;59969
3;04-03-2025 03:38:18.307;04-03-2025 03:39:23.263;64956
1;04-03-2025 03:39:22.566;04-03-2025 03:39:25.753;3187
3;04-03-2025 03:38:18.307;04-03-2025 03:39:28.267;69960
3;04-03-2025 03:38:18.307;04-03-2025 03:39:33.271;74964
3;04-03-2025 03:39:48.233;04-03-2025 03:39:48.283;50
3;04-03-2025 03:39:48.233;04-03-2025 03:39:48.334;101
3;04-03-2025 03:39:48.233;04-03-2025 03:39:53.271;5038
3;04-03-2025 03:39:48.233;04-03-2025 03:39:58.263;10030
3;04-03-2025 03:39:48.233;04-03-2025 03:40:03.265;15032
3;04-03-2025 03:39:48.233;04-03-2025 03:40:08.269;20036
3;04-03-2025 03:39:48.233;04-03-2025 03:40:13.260;25027
3;04-03-2025 03:39:48.233;04-03-2025 03:40:18.279;30046
3;04-03-2025 03:39:48.233;04-03-2025 03:40:23.276;35043
3;04-03-2025 03:39:48.233;04-03-2025 03:40:28.273;40040
0;04-03-2025 03:40:28.285;04-03-2025 03:40:30.969;2684
3;04-03-2025 03:39:48.233;04-03-2025 03:40:33.263;45030
3;04-03-2025 03:39:48.233;04-03-2025 03:40:38.271;50038
3;04-03-2025 03:39:48.233;04-03-2025 03:40:43.274;55041
3;04-03-2025 03:39:48.233;04-03-2025 03:40:48.262;60029
3;04-03-2025 03:39:48.233;04-03-2025 03:40:53.268;65035
3;04-03-2025 03:39:48.233;04-03-2025 03:40:58.269;70036
3;04-03-2025 03:39:48.233;04-03-2025 03:41:03.273;75040
3;04-03-2025 03:39:48.233;04-03-2025 03:41:08.263;80030
3;04-03-2025 03:39:48.233;04-03-2025 03:41:13.270;85037
3;04-03-2025 03:39:48.233;04-03-2025 03:41:18.275;90042
3;04-03-2025 03:39:48.233;04-03-2025 03:41:23.266;95033
2;04-03-2025 03:41:22.350;04-03-2025 03:41:26.282;3932
3;04-03-2025 03:39:48.233;04-03-2025 03:41:28.270;100037
3;04-03-2025 03:39:48.233;04-03-2025 03:41:33.274;105041
3;04-03-2025 03:39:48.233;04-03-2025 03:41:38.265;110032
3;04-03-2025 03:39:48.233;04-03-2025 03:41:43.268;115035
3;04-03-2025 03:39:48.233;04-03-2025 03:41:48.276;120043
3;04-03-2025 03:39:48.233;04-03-2025 03:41:53.264;125031
3;04-03-2025 03:39:48.233;04-03-2025 03:41:58.269;130036
3;04-03-2025 03:39:48.233;04-03-2025 03:42:03.275;135042
3;04-03-2025 03:39:48.233;04-03-2025 03:42:08.263;140030
3;04-03-2025 03:39:48.233;04-03-2025 03:42:13.265;145032
3;04-03-2025 03:39:48.233;04-03-2025 03:42:18.271;150038
3;04-03-2025 03:39:48.233;04-03-2025 03:42:23.278;155045
3;04-03-2025 03:39:48.233;04-03-2025 03:42:28.269;160036
3;04-03-2025 03:39:48.233;04-03-2025 03:42:33.274;165041
0;04-03-2025 03:42:36.201;04-03-2025 03:42:37.854;1653
3;04-03-2025 03:39:48.233;04-03-2025 03:42:38.261;170028
3;04-03-2025 03:39:48.233;04-03-2025 03:42:43.265;175032
2;04-03-2025 03:42:34.014;04-03-2025 03:42:45.819;11805
3;04-03-2025 03:39:48.233;04-03-2025 03:42:48.270;180037
3;04-03-2025 03:39:48.233;04-03-2025 03:42:53.274;185041
3;04-03-2025 03:39:48.233;04-03-2025 03:42:58.264;190031
3;04-03-2025 03:39:48.233;04-03-2025 03:43:03.266;195033
3;04-03-2025 03:39:48.233;04-03-2025 03:43:08.256;200023
3;04-03-2025 03:43:23.234;04-03-2025 03:43:23.286;52
3;04-03-2025 03:43:23.234;04-03-2025 03:43:23.332;98
3;04-03-2025 03:43:23.234;04-03-2025 03:43:28.261;5027
3;04-03-2025 03:43:23.234;04-03-2025 03:43:33.268;10034
3;04-03-2025 03:43:48.234;04-03-2025 03:43:48.284;50
3;04-03-2025 03:43:48.234;04-03-2025 03:43:48.331;97
3;04-03-2025 03:43:48.234;04-03-2025 03:43:53.273;5039
3;04-03-2025 03:43:48.234;04-03-2025 03:43:58.264;10030
1;04-03-2025 03:43:48.810;04-03-2025 03:44:00.640;11830
3;04-03-2025 03:43:48.234;04-03-2025 03:44:03.267;15033
3;04-03-2025 03:43:48.234;04-03-2025 03:44:08.275;20041
3;04-03-2025 03:43:48.234;04-03-2025 03:44:13.262;25028
3;04-03-2025 03:43:48.234;04-03-2025 03:44:18.268;30034
3;04-03-2025 03:43:48.234;04-03-2025 03:44:23.271;35037
0;04-03-2025 03:44:22.009;04-03-2025 03:44:25.630;3621
2;04-03-2025 03:44:23.155;04-03-2025 03:44:27.150;3995
3;04-03-2025 03:43:48.234;04-03-2025 03:44:28.274;40040
0;04-03-2025 03:44:22.009;04-03-2025 03:44:30.190;8181
2;04-03-2025 03:44:23.155;04-03-2025 03:44:31.658;8503
3;04-03-2025 03:43:48.234;04-03-2025 03:44:33.262;45028
0;04-03-2025 03:44:22.009;04-03-2025 03:44:36.694;14685
3;04-03-2025 03:43:48.234;04-03-2025 03:44:38.269;50035
1;04-03-2025 03:44:38.428;04-03-2025 03:44:42.466;4038
3;04-03-2025 03:43:48.234;04-03-2025 03:44:43.272;55038
1;04-03-2025 03:44:38.428;04-03-2025 03:44:46.881;8453
3;04-03-2025 03:43:48.234;04-03-2025 03:44:48.264;60030
3;04-03-2025 03:43:48.234;04-03-2025 03:44:53.268;65034
3;04-03-2025 03:43:48.234;04-03-2025 03:44:58.273;70039
3;04-03-2025 03:43:48.234;04-03-2025 03:45:03.271;75037
3;04-03-2025 03:43:48.234;04-03-2025 03:45:08.291;80057
2;04-03-2025 03:44:23.155;04-03-2025 03:45:10.507;47352
3;04-03-2025 03:43:48.234;04-03-2025 03:45:13.270;85036
3;04-03-2025 03:43:48.234;04-03-2025 03:45:18.270;90036
3;04-03-2025 03:43:48.234;04-03-2025 03:45:23.269;95035
3;04-03-2025 03:43:48.234;04-03-2025 03:45:28.273;100039
1;04-03-2025 03:45:14.424;04-03-2025 03:45:29.974;15550
3;04-03-2025 03:43:48.234;04-03-2025 03:45:33.263;105029
3;04-03-2025 03:43:48.234;04-03-2025 03:45:38.267;110033
3;04-03-2025 03:43:48.234;04-03-2025 03:45:43.273;115039
3;04-03-2025 03:43:48.234;04-03-2025 03:45:48.261;120027
3;04-03-2025 03:43:48.234;04-03-2025 03:45:53.265;125031
3;04-03-2025 03:43:48.234;04-03-2025 03:45:58.272;130038
3;04-03-2025 03:43:48.234;04-03-2025 03:46:03.292;135058
3;04-03-2025 03:43:48.234;04-03-2025 03:46:08.270;140036
3;04-03-2025 03:43:48.234;04-03-2025 03:46:13.270;145036
1;04-03-2025 03:45:14.424;04-03-2025 03:46:17.785;63361
3;04-03-2025 03:43:48.234;04-03-2025 03:46:18.275;150041
3;04-03-2025 03:43:48.234;04-03-2025 03:46:23.264;155030
3;04-03-2025 03:43:48.234;04-03-2025 03:46:28.270;160036
3;04-03-2025 03:43:48.234;04-03-2025 03:46:33.275;165041
3;04-03-2025 03:43:48.234;04-03-2025 03:46:38.266;170032
1;04-03-2025 03:45:14.424;04-03-2025 03:46:47.400;92976
3;04-03-2025 03:46:53.234;04-03-2025 03:46:53.308;74
3;04-03-2025 03:46:53.234;04-03-2025 03:46:53.353;119
3;04-03-2025 03:46:53.234;04-03-2025 03:46:58.267;5033
3;04-03-2025 03:46:53.234;04-03-2025 03:47:03.273;10039
3;04-03-2025 03:46:53.234;04-03-2025 03:47:08.277;15043
3;04-03-2025 03:46:53.234;04-03-2025 03:47:13.263;20029
3;04-03-2025 03:46:53.234;04-03-2025 03:47:18.266;25032
3;04-03-2025 03:46:53.234;04-03-2025 03:47:23.275;30041
1;04-03-2025 03:47:09.762;04-03-2025 03:47:23.520;13758
3;04-03-2025 03:46:53.234;04-03-2025 03:47:28.274;35040
3;04-03-2025 03:46:53.234;04-03-2025 03:47:33.261;40027
3;04-03-2025 03:46:53.234;04-03-2025 03:47:38.267;45033
3;04-03-2025 03:46:53.234;04-03-2025 03:47:43.273;50039
3;04-03-2025 03:46:53.234;04-03-2025 03:47:48.262;55028
1;04-03-2025 03:47:44.151;04-03-2025 03:47:48.752;4601
3;04-03-2025 03:46:53.234;04-03-2025 03:47:53.268;60034
3;04-03-2025 03:46:53.234;04-03-2025 03:47:58.273;65039
3;04-03-2025 03:46:53.234;04-03-2025 03:48:03.260;70026
3;04-03-2025 03:46:53.234;04-03-2025 03:48:08.267;75033
3;04-03-2025 03:46:53.234;04-03-2025 03:48:13.272;80038
3;04-03-2025 03:46:53.234;04-03-2025 03:48:18.276;85042
3;04-03-2025 03:46:53.234;04-03-2025 03:48:23.264;90030
3;04-03-2025 03:46:53.234;04-03-2025 03:48:28.270;95036
3;04-03-2025 03:46:53.234;04-03-2025 03:48:33.275;100041
3;04-03-2025 03:46:53.234;04-03-2025 03:48:38.265;105031
2;04-03-2025 03:48:17.039;04-03-2025 03:48:43.118;26079
3;04-03-2025 03:46:53.234;04-03-2025 03:48:43.268;110034
3;04-03-2025 03:46:53.234;04-03-2025 03:48:48.274;115040
1;04-03-2025 03:48:45.772;04-03-2025 03:48:51.466;5694
3;04-03-2025 03:46:53.234;04-03-2025 03:48:53.264;120030
3;04-03-2025 03:46:53.234;04-03-2025 03:48:58.269;125035
3;04-03-2025 03:46:53.234;04-03-2025 03:49:03.260;130026
3;04-03-2025 03:46:53.234;04-03-2025 03:49:08.265;135031
3;04-03-2025 03:46:53.234;04-03-2025 03:49:13.269;140035
3;04-03-2025 03:46:53.234;04-03-2025 03:49:18.274;145040
3;04-03-2025 03:46:53.234;04-03-2025 03:49:23.262;150028
3;04-03-2025 03:46:53.234;04-03-2025 03:49:28.265;155031
3;04-03-2025 03:46:53.234;04-03-2025 03:49:33.272;160038
3;04-03-2025 03:46:53.234;04-03-2025 03:49:38.276;165042
1;04-03-2025 03:49:41.860;04-03-2025 03:49:42.008;148
3;04-03-2025 03:46:53.234;04-03-2025 03:49:43.261;170027
3;04-03-2025 03:46:53.234;04-03-2025 03:49:48.270;175036
1;04-03-2025 03:49:46.445;04-03-2025 03:49:49.761;3316
3;04-03-2025 03:46:53.234;04-03-2025 03:49:53.276;180042
3;04-03-2025 03:46:53.234;04-03-2025 03:49:58.263;185029
3;04-03-2025 03:46:53.234;04-03-2025 03:50:03.268;190034
3;04-03-2025 03:46:53.234;04-03-2025 03:50:08.272;195038
2;04-03-2025 03:48:57.141;04-03-2025 03:50:11.891;74750
3;04-03-2025 03:46:53.234;04-03-2025 03:50:13.272;200038
3;04-03-2025 03:46:53.234;04-03-2025 03:50:18.269;205035
2;04-03-2025 03:48:57.141;04-03-2025 03:50:21.160;84019
3;04-03-2025 03:46:53.234;04-03-2025 03:50:23.272;210038
2;04-03-2025 03:48:57.141;04-03-2025 03:50:27.650;90509
3;04-03-2025 03:46:53.234;04-03-2025 03:50:28.264;215030
2;04-03-2025 03:48:57.141;04-03-2025 03:50:31.790;94649
3;04-03-2025 03:46:53.234;04-03-2025 03:50:33.268;220034
2;04-03-2025 03:48:57.141;04-03-2025 03:50:35.806;98665
1;04-03-2025 03:50:30.967;04-03-2025 03:50:37.514;6547
3;04-03-2025 03:46:53.234;04-03-2025 03:50:38.272;225038
1;04-03-2025 03:50:37.633;04-03-2025 03:50:50.297;12664
3;04-03-2025 03:50:53.234;04-03-2025 03:50:53.283;49
3;04-03-2025 03:50:53.234;04-03-2025 03:50:53.331;97
3;04-03-2025 03:50:53.234;04-03-2025 03:50:58.276;5042
3;04-03-2025 03:50:53.234;04-03-2025 03:51:03.263;10029
3;04-03-2025 03:50:53.234;04-03-2025 03:51:08.271;15037
3;04-03-2025 03:50:53.234;04-03-2025 03:51:13.275;20041
3;04-03-2025 03:50:53.234;04-03-2025 03:51:18.261;25027
3;04-03-2025 03:50:53.234;04-03-2025 03:51:23.267;30033
3;04-03-2025 03:50:53.234;04-03-2025 03:51:28.271;35037
0;04-03-2025 03:51:18.621;04-03-2025 03:51:31.333;12712
3;04-03-2025 03:50:53.234;04-03-2025 03:51:33.275;40041
3;04-03-2025 03:50:53.234;04-03-2025 03:51:38.264;45030
2;04-03-2025 03:51:20.666;04-03-2025 03:51:42.142;21476
0;04-03-2025 03:51:18.621;04-03-2025 03:51:42.681;24060
3;04-03-2025 03:50:53.234;04-03-2025 03:51:43.267;50033
3;04-03-2025 03:50:53.234;04-03-2025 03:51:48.273;55039
3;04-03-2025 03:50:53.234;04-03-2025 03:51:53.260;60026
3;04-03-2025 03:50:53.234;04-03-2025 03:51:58.266;65032
3;04-03-2025 03:50:53.234;04-03-2025 03:52:03.342;70108
3;04-03-2025 03:50:53.234;04-03-2025 03:52:08.275;75041
3;04-03-2025 03:50:53.234;04-03-2025 03:52:13.263;80029
3;04-03-2025 03:50:53.234;04-03-2025 03:52:18.267;85033
3;04-03-2025 03:50:53.234;04-03-2025 03:52:23.271;90037
3;04-03-2025 03:50:53.234;04-03-2025 03:52:28.262;95028
3;04-03-2025 03:50:53.234;04-03-2025 03:52:33.267;100033
2;04-03-2025 03:51:20.666;04-03-2025 03:52:36.059;75393
3;04-03-2025 03:50:53.234;04-03-2025 03:52:38.273;105039
1;04-03-2025 03:52:33.106;04-03-2025 03:52:41.497;8391
3;04-03-2025 03:50:53.234;04-03-2025 03:52:43.264;110030
3;04-03-2025 03:50:53.234;04-03-2025 03:52:48.268;115034
3;04-03-2025 03:50:53.234;04-03-2025 03:52:53.275;120041
3;04-03-2025 03:50:53.234;04-03-2025 03:52:58.263;125029
3;04-03-2025 03:50:53.234;04-03-2025 03:53:03.269;130035
2;04-03-2025 03:51:20.666;04-03-2025 03:53:03.368;102702
1;04-03-2025 03:53:05.584;04-03-2025 03:53:05.995;411
3;04-03-2025 03:50:53.234;04-03-2025 03:53:08.274;135040
1;04-03-2025 03:53:05.584;04-03-2025 03:53:11.977;6393
3;04-03-2025 03:50:53.234;04-03-2025 03:53:13.263;140029
3;04-03-2025 03:50:53.234;04-03-2025 03:53:18.269;145035
3;04-03-2025 03:50:53.234;04-03-2025 03:53:23.259;150025
3;04-03-2025 03:50:53.234;04-03-2025 03:53:28.283;155049
1;04-03-2025 03:53:21.616;04-03-2025 03:53:28.362;6746
3;04-03-2025 03:50:53.234;04-03-2025 03:53:33.273;160039
3;04-03-2025 03:50:53.234;04-03-2025 03:53:38.264;165030
3;04-03-2025 03:50:53.234;04-03-2025 03:53:43.270;170036
3;04-03-2025 03:50:53.234;04-03-2025 03:53:48.274;175040
3;04-03-2025 03:50:53.234;04-03-2025 03:53:53.265;180031
3;04-03-2025 03:50:53.234;04-03-2025 03:53:58.269;185035
3;04-03-2025 03:50:53.234;04-03-2025 03:54:03.275;190041
3;04-03-2025 03:50:53.234;04-03-2025 03:54:08.264;195030
3;04-03-2025 03:50:53.234;04-03-2025 03:54:13.293;200059
3;04-03-2025 03:50:53.234;04-03-2025 03:54:18.261;205027
3;04-03-2025 03:50:53.234;04-03-2025 03:54:23.267;210033
2;04-03-2025 03:53:06.716;04-03-2025 03:54:27.003;80287
3;04-03-2025 03:50:53.234;04-03-2025 03:54:28.273;215039
3;04-03-2025 03:50:53.234;04-03-2025 03:54:33.261;220027
3;04-03-2025 03:50:53.234;04-03-2025 03:54:38.265;225031
3;04-03-2025 03:50:53.234;04-03-2025 03:54:43.270;230036
3;04-03-2025 03:50:53.234;04-03-2025 03:54:48.260;235026
1;04-03-2025 03:54:23.960;04-03-2025 03:54:51.482;27522
3;04-03-2025 03:50:53.234;04-03-2025 03:54:53.265;240031
1;04-03-2025 03:54:23.960;04-03-2025 03:54:53.738;29778
3;04-03-2025 03:50:53.234;04-03-2025 03:54:58.271;245037
3;04-03-2025 03:50:53.234;04-03-2025 03:55:03.276;250042
3;04-03-2025 03:50:53.234;04-03-2025 03:55:08.261;255027
3;04-03-2025 03:50:53.234;04-03-2025 03:55:13.270;260036
3;04-03-2025 03:50:53.234;04-03-2025 03:55:18.279;265045
3;04-03-2025 03:50:53.234;04-03-2025 03:55:23.260;270026
3;04-03-2025 03:50:53.234;04-03-2025 03:55:28.268;275034
3;04-03-2025 03:50:53.234;04-03-2025 03:55:33.272;280038
3;04-03-2025 03:50:53.234;04-03-2025 03:55:38.263;285029
0;04-03-2025 03:55:18.971;04-03-2025 03:55:39.793;20822
3;04-03-2025 03:50:53.234;04-03-2025 03:55:43.268;290034
2;04-03-2025 03:55:30.556;04-03-2025 03:55:46.283;15727
3;04-03-2025 03:50:53.234;04-03-2025 03:55:48.273;295039
3;04-03-2025 03:50:53.234;04-03-2025 03:55:53.264;300030
2;04-03-2025 03:55:30.556;04-03-2025 03:55:55.942;25386
0;04-03-2025 03:55:52.385;04-03-2025 03:55:56.518;4133
3;04-03-2025 03:50:53.234;04-03-2025 03:55:58.269;305035
3;04-03-2025 03:50:53.234;04-03-2025 03:56:03.276;310042
3;04-03-2025 03:50:53.234;04-03-2025 03:56:08.264;315030
1;04-03-2025 03:55:51.033;04-03-2025 03:56:12.491;21458
3;04-03-2025 03:50:53.234;04-03-2025 03:56:13.266;320032
3;04-03-2025 03:50:53.234;04-03-2025 03:56:18.256;325022
2;04-03-2025 03:56:08.789;04-03-2025 03:56:21.623;12834
2;04-03-2025 03:56:08.789;04-03-2025 03:56:27.588;18799
3;04-03-2025 03:56:33.233;04-03-2025 03:56:33.280;47
3;04-03-2025 03:56:33.233;04-03-2025 03:56:33.350;117
3;04-03-2025 03:56:33.233;04-03-2025 03:56:38.272;5039
3;04-03-2025 03:56:33.233;04-03-2025 03:56:43.276;10043
3;04-03-2025 03:56:33.233;04-03-2025 03:56:48.291;15058
2;04-03-2025 03:56:50.693;04-03-2025 03:56:55.974;5281
2;04-03-2025 03:56:50.693;04-03-2025 03:57:00.710;10017
3;04-03-2025 03:57:03.235;04-03-2025 03:57:03.289;54
3;04-03-2025 03:57:03.235;04-03-2025 03:57:03.355;120
1;04-03-2025 03:55:51.033;04-03-2025 03:57:03.448;72415
3;04-03-2025 03:57:03.235;04-03-2025 03:57:08.262;5027
3;04-03-2025 03:57:03.235;04-03-2025 03:57:13.285;10050
3;04-03-2025 03:57:03.235;04-03-2025 03:57:18.271;15036
3;04-03-2025 03:57:03.235;04-03-2025 03:57:23.262;20027
3;04-03-2025 03:57:03.235;04-03-2025 03:57:28.262;25027
0;04-03-2025 03:57:21.436;04-03-2025 03:57:32.686;11250
3;04-03-2025 03:57:03.235;04-03-2025 03:57:33.267;30032
3;04-03-2025 03:57:03.235;04-03-2025 03:57:38.272;35037
3;04-03-2025 03:57:03.235;04-03-2025 03:57:43.263;40028
3;04-03-2025 03:57:03.235;04-03-2025 03:57:48.266;45031
2;04-03-2025 03:56:50.693;04-03-2025 03:57:51.250;60557
3;04-03-2025 03:57:03.235;04-03-2025 03:57:53.270;50035
3;04-03-2025 03:57:03.235;04-03-2025 03:57:58.276;55041
3;04-03-2025 03:57:03.235;04-03-2025 03:58:03.265;60030
2;04-03-2025 03:56:50.693;04-03-2025 03:58:07.856;77163
3;04-03-2025 03:57:03.235;04-03-2025 03:58:08.267;65032
3;04-03-2025 03:57:03.235;04-03-2025 03:58:13.259;70024
1;04-03-2025 03:55:51.033;04-03-2025 03:58:16.880;145847
3;04-03-2025 03:57:03.235;04-03-2025 03:58:18.261;75026
3;04-03-2025 03:57:03.235;04-03-2025 03:58:23.279;80044
3;04-03-2025 03:57:03.235;04-03-2025 03:58:28.273;85038
3;04-03-2025 03:57:03.235;04-03-2025 03:58:33.260;90025
3;04-03-2025 03:57:03.235;04-03-2025 03:58:38.267;95032
3;04-03-2025 03:57:03.235;04-03-2025 03:58:43.273;100038
3;04-03-2025 03:57:03.235;04-03-2025 03:58:48.263;105028
3;04-03-2025 03:57:03.235;04-03-2025 03:58:53.269;110034
3;04-03-2025 03:57:03.235;04-03-2025 03:58:58.273;115038
3;04-03-2025 03:57:03.235;04-03-2025 03:59:03.278;120043
3;04-03-2025 03:59:19.656;04-03-2025 03:59:19.758;102
3;04-03-2025 03:59:19.656;04-03-2025 03:59:19.812;156
3;04-03-2025 03:59:19.656;04-03-2025 03:59:23.266;3610
3;04-03-2025 03:59:19.656;04-03-2025 03:59:28.271;8615
3;04-03-2025 03:59:19.656;04-03-2025 03:59:33.263;13607
2;04-03-2025 03:59:26.109;04-03-2025 03:59:37.440;11331
3;04-03-2025 03:59:19.656;04-03-2025 03:59:38.266;18610
3;04-03-2025 03:59:19.656;04-03-2025 03:59:43.273;23617
3;04-03-2025 03:59:19.656;04-03-2025 03:59:48.278;28622
3;04-03-2025 03:59:19.656;04-03-2025 03:59:53.267;33611
2;04-03-2025 03:59:50.818;04-03-2025 03:59:56.980;6162
3;04-03-2025 03:59:19.656;04-03-2025 03:59:58.273;38617
3;04-03-2025 03:59:19.656;04-03-2025 04:00:03.264;43608
2;04-03-2025 03:59:50.818;04-03-2025 04:00:06.160;15342
3;04-03-2025 03:59:19.656;04-03-2025 04:00:08.265;48609
3;04-03-2025 03:59:19.656;04-03-2025 04:00:13.274;53618
2;04-03-2025 03:59:50.818;04-03-2025 04:00:15.314;24496
1;04-03-2025 04:00:03.490;04-03-2025 04:00:15.554;12064
3;04-03-2025 03:59:19.656;04-03-2025 04:00:18.265;58609
1;04-03-2025 04:00:03.490;04-03-2025 04:00:18.316;14826
2;04-03-2025 04:00:23.895;04-03-2025 04:00:30.168;6273
1;04-03-2025 04:00:31.024;04-03-2025 04:00:32.060;1036
3;04-03-2025 04:00:33.232;04-03-2025 04:00:33.282;50
3;04-03-2025 04:00:33.232;04-03-2025 04:00:33.330;98
3;04-03-2025 04:00:33.232;04-03-2025 04:00:38.272;5040
3;04-03-2025 04:00:33.232;04-03-2025 04:00:43.288;10056
3;04-03-2025 04:00:33.232;04-03-2025 04:00:48.269;15037
3;04-03-2025 04:00:33.232;04-03-2025 04:00:53.274;20042
3;04-03-2025 04:00:33.232;04-03-2025 04:00:58.266;25034
3;04-03-2025 04:00:33.232;04-03-2025 04:01:03.269;30037
3;04-03-2025 04:00:33.232;04-03-2025 04:01:08.256;35024
3;04-03-2025 04:00:33.232;04-03-2025 04:01:13.263;40031
3;04-03-2025 04:00:33.232;04-03-2025 04:01:18.268;45036
3;04-03-2025 04:00:33.232;04-03-2025 04:01:23.276;50044
3;04-03-2025 04:00:33.232;04-03-2025 04:01:28.262;55030
2;04-03-2025 04:01:30.417;04-03-2025 04:01:32.662;2245
3;04-03-2025 04:00:33.232;04-03-2025 04:01:33.267;60035
3;04-03-2025 04:00:33.232;04-03-2025 04:01:38.276;65044
3;04-03-2025 04:00:33.232;04-03-2025 04:01:43.264;70032
3;04-03-2025 04:00:33.232;04-03-2025 04:01:48.268;75036
3;04-03-2025 04:00:33.232;04-03-2025 04:01:53.273;80041
3;04-03-2025 04:00:33.232;04-03-2025 04:01:58.279;85047
3;04-03-2025 04:00:33.232;04-03-2025 04:02:03.264;90032
3;04-03-2025 04:00:33.232;04-03-2025 04:02:08.270;95038
3;04-03-2025 04:00:33.232;04-03-2025 04:02:13.276;100044
0;04-03-2025 04:02:11.216;04-03-2025 04:02:17.357;6141
3;04-03-2025 04:00:33.232;04-03-2025 04:02:18.274;105042
3;04-03-2025 04:00:33.232;04-03-2025 04:02:23.262;110030
3;04-03-2025 04:02:38.232;04-03-2025 04:02:38.279;47
3;04-03-2025 04:02:38.232;04-03-2025 04:02:38.327;95
1;04-03-2025 04:02:29.976;04-03-2025 04:02:41.647;11671
0;04-03-2025 04:02:41.761;04-03-2025 04:02:42.287;526
3;04-03-2025 04:02:38.232;04-03-2025 04:02:43.268;5036
1;04-03-2025 04:02:29.976;04-03-2025 04:02:45.822;15846
0;04-03-2025 04:02:41.761;04-03-2025 04:02:47.146;5385
3;04-03-2025 04:02:38.232;04-03-2025 04:02:48.272;10040
3;04-03-2025 04:02:38.232;04-03-2025 04:02:53.261;15029
3;04-03-2025 04:02:38.232;04-03-2025 04:02:58.263;20031
3;04-03-2025 04:02:38.232;04-03-2025 04:03:03.265;25033
3;04-03-2025 04:02:38.232;04-03-2025 04:03:08.272;30040
3;04-03-2025 04:03:23.232;04-03-2025 04:03:23.279;47
3;04-03-2025 04:03:23.232;04-03-2025 04:03:23.328;96
3;04-03-2025 04:03:23.232;04-03-2025 04:03:28.268;5036
3;04-03-2025 04:03:23.232;04-03-2025 04:03:33.260;10028
3;04-03-2025 04:03:23.232;04-03-2025 04:03:38.265;15033
3;04-03-2025 04:03:23.232;04-03-2025 04:03:43.273;20041
3;04-03-2025 04:03:23.232;04-03-2025 04:03:48.260;25028
3;04-03-2025 13:16:38.247;04-03-2025 13:16:43.269;5022
3;04-03-2025 13:16:58.232;04-03-2025 13:16:58.298;66
3;04-03-2025 13:16:58.232;04-03-2025 13:16:58.349;117
3;04-03-2025 13:17:13.233;04-03-2025 13:17:13.283;50
3;04-03-2025 13:17:13.233;04-03-2025 13:17:13.348;115
3;04-03-2025 13:17:13.233;04-03-2025 13:17:18.273;5040
3;04-03-2025 13:17:13.233;04-03-2025 13:17:23.277;10044
3;04-03-2025 13:17:13.233;04-03-2025 13:17:28.278;15045
3;04-03-2025 13:17:13.233;04-03-2025 13:17:33.271;20038
3;04-03-2025 13:17:13.233;04-03-2025 13:17:38.276;25043
3;04-03-2025 13:17:13.233;04-03-2025 13:17:43.268;30035
3;04-03-2025 13:17:13.233;04-03-2025 13:17:48.273;35040
3;04-03-2025 13:17:13.233;04-03-2025 13:17:53.263;40030
3;04-03-2025 13:17:13.233;04-03-2025 13:17:58.252;45019
3;04-03-2025 13:18:13.235;04-03-2025 13:18:13.300;65
3;04-03-2025 13:18:23.325;04-03-2025 13:18:23.373;48
3;04-03-2025 13:18:23.325;04-03-2025 13:18:23.440;115
3;04-03-2025 13:18:23.325;04-03-2025 13:18:28.265;4940
3;04-03-2025 13:18:23.325;04-03-2025 13:18:33.269;9944
3;04-03-2025 13:18:23.325;04-03-2025 13:18:38.261;14936
3;04-03-2025 13:18:23.325;04-03-2025 13:18:43.265;19940
3;04-03-2025 13:18:23.325;04-03-2025 13:18:48.271;24946
3;04-03-2025 13:18:23.325;04-03-2025 13:18:53.259;29934
3;04-03-2025 13:18:23.325;04-03-2025 13:18:58.264;34939
2;04-03-2025 13:18:53.160;04-03-2025 13:19:01.503;8343
3;04-03-2025 13:18:23.325;04-03-2025 13:19:03.269;39944
3;04-03-2025 13:19:18.233;04-03-2025 13:19:18.309;76
3;04-03-2025 13:19:18.233;04-03-2025 13:19:18.360;127
3;04-03-2025 13:19:18.233;04-03-2025 13:19:23.270;5037
3;04-03-2025 13:19:18.233;04-03-2025 13:19:28.261;10028
3;04-03-2025 13:19:18.233;04-03-2025 13:19:33.268;15035
1;04-03-2025 13:19:38.110;04-03-2025 13:19:41.472;3362
3;04-03-2025 13:19:48.233;04-03-2025 13:19:48.277;44
3;04-03-2025 13:19:48.233;04-03-2025 13:19:48.324;91
3;04-03-2025 13:19:48.233;04-03-2025 13:19:53.266;5033
3;04-03-2025 13:19:48.233;04-03-2025 13:19:58.269;10036
3;04-03-2025 13:19:48.233;04-03-2025 13:20:03.259;15026
3;04-03-2025 13:19:48.233;04-03-2025 13:20:08.283;20050
3;04-03-2025 13:19:48.233;04-03-2025 13:20:13.266;25033
3;04-03-2025 13:19:48.233;04-03-2025 13:20:18.276;30043
3;04-03-2025 13:19:48.233;04-03-2025 13:20:23.264;35031
3;04-03-2025 13:19:48.233;04-03-2025 13:20:28.268;40035
1;04-03-2025 13:20:28.801;04-03-2025 13:20:29.813;1012
3;04-03-2025 13:19:48.233;04-03-2025 13:20:33.276;45043
2;04-03-2025 13:20:31.546;04-03-2025 13:20:35.605;4059
1;04-03-2025 13:20:28.801;04-03-2025 13:20:36.961;8160
3;04-03-2025 13:19:48.233;04-03-2025 13:20:38.263;50030
2;04-03-2025 13:20:31.546;04-03-2025 13:20:42.432;10886
3;04-03-2025 13:19:48.233;04-03-2025 13:20:43.271;55038
2;04-03-2025 13:20:31.546;04-03-2025 13:20:46.683;15137
3;04-03-2025 13:19:48.233;04-03-2025 13:20:48.273;60040
3;04-03-2025 13:19:48.233;04-03-2025 13:20:53.264;65031
3;04-03-2025 13:19:48.233;04-03-2025 13:20:58.269;70036
3;04-03-2025 13:19:48.233;04-03-2025 13:21:03.273;75040
2;04-03-2025 13:20:31.546;04-03-2025 13:21:06.544;34998
3;04-03-2025 13:19:48.233;04-03-2025 13:21:08.274;80041
3;04-03-2025 13:21:23.233;04-03-2025 13:21:23.300;67
3;04-03-2025 13:21:23.233;04-03-2025 13:21:23.355;122
3;04-03-2025 13:21:23.233;04-03-2025 13:21:28.276;5043
0;04-03-2025 13:20:01.794;04-03-2025 13:21:30.590;88796
3;04-03-2025 13:21:23.233;04-03-2025 13:21:33.266;10033
3;04-03-2025 13:21:23.233;04-03-2025 13:21:38.269;15036
0;04-03-2025 13:20:01.794;04-03-2025 13:21:42.272;100478
3;04-03-2025 13:21:23.233;04-03-2025 13:21:43.270;20037
3;04-03-2025 13:21:23.233;04-03-2025 13:21:48.260;25027
3;04-03-2025 13:21:23.233;04-03-2025 13:21:53.264;30031
3;04-03-2025 13:21:23.233;04-03-2025 13:21:58.267;35034
3;04-03-2025 13:21:23.233;04-03-2025 13:22:03.270;40037
3;04-03-2025 13:21:23.233;04-03-2025 13:22:08.260;45027
3;04-03-2025 13:21:23.233;04-03-2025 13:22:13.262;50029
0;04-03-2025 13:22:10.950;04-03-2025 13:22:17.094;6144
3;04-03-2025 13:21:23.233;04-03-2025 13:22:18.267;55034
3;04-03-2025 13:21:23.233;04-03-2025 13:22:23.273;60040
3;04-03-2025 13:21:23.233;04-03-2025 13:22:28.271;65038
3;04-03-2025 13:21:23.233;04-03-2025 13:22:33.277;70044
3;04-03-2025 13:21:23.233;04-03-2025 13:22:38.283;75050
3;04-03-2025 13:21:23.233;04-03-2025 13:22:43.272;80039
3;04-03-2025 13:21:23.233;04-03-2025 13:22:48.276;85043
3;04-03-2025 13:21:23.233;04-03-2025 13:22:53.262;90029
1;04-03-2025 13:22:52.340;04-03-2025 13:22:56.887;4547
3;04-03-2025 13:21:23.233;04-03-2025 13:22:58.252;95019
1;04-03-2025 13:22:52.340;04-03-2025 13:23:02.561;10221
3;04-03-2025 13:21:23.233;04-03-2025 13:23:03.271;100038
1;04-03-2025 13:23:05.537;04-03-2025 13:23:06.367;830
3;04-03-2025 13:21:23.233;04-03-2025 13:23:08.277;105044
1;04-03-2025 13:23:05.537;04-03-2025 13:23:08.352;2815
3;04-03-2025 13:21:23.233;04-03-2025 13:23:13.267;110034
1;04-03-2025 13:23:12.042;04-03-2025 13:23:14.382;2340
3;04-03-2025 13:21:23.233;04-03-2025 13:23:18.271;115038
1;04-03-2025 13:23:15.678;04-03-2025 13:23:18.377;2699
0;04-03-2025 13:23:20.385;04-03-2025 13:23:21.617;1232
2;04-03-2025 13:23:01.855;04-03-2025 13:23:22.097;20242
3;04-03-2025 13:21:23.233;04-03-2025 13:23:23.272;120039
1;04-03-2025 13:23:15.678;04-03-2025 13:23:23.766;8088
2;04-03-2025 13:23:24.113;04-03-2025 13:23:26.257;2144
1;04-03-2025 13:23:15.678;04-03-2025 13:23:35.611;19933
3;04-03-2025 13:23:38.234;04-03-2025 13:23:38.298;64
3;04-03-2025 13:23:38.234;04-03-2025 13:23:38.346;112
1;04-03-2025 13:23:35.848;04-03-2025 13:23:40.568;4720
3;04-03-2025 13:23:38.234;04-03-2025 13:23:43.272;5038
1;04-03-2025 13:23:35.848;04-03-2025 13:23:46.339;10491
3;04-03-2025 13:23:38.234;04-03-2025 13:23:48.278;10044
1;04-03-2025 13:23:35.848;04-03-2025 13:23:48.462;12614
3;04-03-2025 13:23:38.234;04-03-2025 13:23:53.262;15028
1;04-03-2025 13:23:35.848;04-03-2025 13:23:55.908;20060
3;04-03-2025 13:23:38.234;04-03-2025 13:23:58.266;20032
1;04-03-2025 13:23:35.848;04-03-2025 13:24:00.804;24956
3;04-03-2025 13:23:38.234;04-03-2025 13:24:03.273;25039
1;04-03-2025 13:23:35.848;04-03-2025 13:24:03.459;27611
3;04-03-2025 13:23:38.234;04-03-2025 13:24:08.276;30042
1;04-03-2025 13:23:35.848;04-03-2025 13:24:08.358;32510
3;04-03-2025 13:23:38.234;04-03-2025 13:24:13.266;35032
3;04-03-2025 13:23:38.234;04-03-2025 13:24:18.273;40039
3;04-03-2025 13:23:38.234;04-03-2025 13:24:23.273;45039
1;04-03-2025 13:23:35.848;04-03-2025 13:24:26.083;50235
3;04-03-2025 13:23:38.234;04-03-2025 13:24:28.289;50055
1;04-03-2025 13:23:35.848;04-03-2025 13:24:28.500;52652
1;04-03-2025 13:23:35.848;04-03-2025 13:24:33.687;57839
1;04-03-2025 13:23:35.848;04-03-2025 13:24:38.376;62528
3;04-03-2025 13:24:43.233;04-03-2025 13:24:43.277;44
3;04-03-2025 13:24:43.233;04-03-2025 13:24:43.323;90
1;04-03-2025 13:23:35.848;04-03-2025 13:24:43.352;67504
3;04-03-2025 13:24:43.233;04-03-2025 13:24:48.253;5020
1;04-03-2025 13:23:35.848;04-03-2025 13:24:48.682;72834
3;04-03-2025 13:24:43.233;04-03-2025 13:24:53.274;10041
1;04-03-2025 13:23:35.848;04-03-2025 13:24:54.979;79131
3;04-03-2025 13:24:43.233;04-03-2025 13:24:58.264;15031
1;04-03-2025 13:23:35.848;04-03-2025 13:24:59.228;83380
3;04-03-2025 13:24:43.233;04-03-2025 13:25:03.264;20031
1;04-03-2025 13:23:35.848;04-03-2025 13:25:03.700;87852
3;04-03-2025 13:24:43.233;04-03-2025 13:25:08.277;25044
1;04-03-2025 13:23:35.848;04-03-2025 13:25:08.680;92832
3;04-03-2025 13:24:43.233;04-03-2025 13:25:13.274;30041
1;04-03-2025 13:23:35.848;04-03-2025 13:25:13.359;97511
3;04-03-2025 13:24:43.233;04-03-2025 13:25:18.263;35030
1;04-03-2025 13:23:35.848;04-03-2025 13:25:18.359;102511
3;04-03-2025 13:24:43.233;04-03-2025 13:25:23.268;40035
1;04-03-2025 13:23:35.848;04-03-2025 13:25:25.904;110056
3;04-03-2025 13:24:43.233;04-03-2025 13:25:28.276;45043
1;04-03-2025 13:23:35.848;04-03-2025 13:25:28.783;112935
3;04-03-2025 13:24:43.233;04-03-2025 13:25:33.263;50030
1;04-03-2025 13:23:35.848;04-03-2025 13:25:36.116;120268
3;04-03-2025 13:24:43.233;04-03-2025 13:25:38.267;55034
1;04-03-2025 13:23:35.848;04-03-2025 13:25:38.431;122583
3;04-03-2025 13:24:43.233;04-03-2025 13:25:43.271;60038
1;04-03-2025 13:23:35.848;04-03-2025 13:25:43.457;127609
1;04-03-2025 13:23:35.848;04-03-2025 13:25:48.557;132709
1;04-03-2025 13:23:35.848;04-03-2025 13:25:53.495;137647
3;04-03-2025 13:25:58.233;04-03-2025 13:25:58.312;79
3;04-03-2025 13:25:58.233;04-03-2025 13:25:58.374;141
3;04-03-2025 13:28:48.247;04-03-2025 13:28:53.269;5022
1;04-03-2025 13:28:52.440;04-03-2025 13:28:53.710;1270
0;04-03-2025 13:28:40.645;04-03-2025 13:28:57.402;16757
3;04-03-2025 13:28:48.247;04-03-2025 13:28:58.271;10024
3;04-03-2025 13:28:48.247;04-03-2025 13:29:03.263;15016
0;04-03-2025 13:28:40.645;04-03-2025 13:29:05.726;25081
3;04-03-2025 13:28:48.247;04-03-2025 13:29:08.267;20020
1;04-03-2025 13:29:03.190;04-03-2025 13:29:11.362;8172
3;04-03-2025 13:28:48.247;04-03-2025 13:29:13.269;25022
0;04-03-2025 13:29:12.257;04-03-2025 13:29:16.190;3933
3;04-03-2025 13:28:48.247;04-03-2025 13:29:18.261;30014
1;04-03-2025 13:29:19.980;04-03-2025 13:29:21.754;1774
3;04-03-2025 13:28:48.247;04-03-2025 13:29:23.265;35018
0;04-03-2025 13:29:23.953;04-03-2025 13:29:25.018;1065
3;04-03-2025 13:28:48.247;04-03-2025 13:29:28.270;40023
1;04-03-2025 13:29:24.855;04-03-2025 13:29:31.156;6301
3;04-03-2025 13:28:48.247;04-03-2025 13:29:33.274;45027
0;04-03-2025 13:29:25.707;04-03-2025 13:29:36.802;11095
3;04-03-2025 13:28:48.247;04-03-2025 13:29:38.264;50017
1;04-03-2025 13:29:35.999;04-03-2025 13:29:42.049;6050
3;04-03-2025 13:28:48.247;04-03-2025 13:29:43.271;55024
3;04-03-2025 13:28:48.247;04-03-2025 13:29:48.271;60024
2;04-03-2025 13:29:48.598;04-03-2025 13:29:53.013;4415
3;04-03-2025 13:28:48.247;04-03-2025 13:29:53.276;65029
2;04-03-2025 13:29:48.598;04-03-2025 13:29:53.509;4911
1;04-03-2025 13:29:55.971;04-03-2025 13:29:56.517;546
3;04-03-2025 13:28:48.247;04-03-2025 13:29:58.269;70022
1;04-03-2025 13:29:55.971;04-03-2025 13:30:00.913;4942
3;04-03-2025 13:28:48.247;04-03-2025 13:30:03.269;75022
1;04-03-2025 13:29:55.971;04-03-2025 13:30:05.552;9581
3;04-03-2025 13:28:48.247;04-03-2025 13:30:08.276;80029
3;04-03-2025 13:28:48.247;04-03-2025 13:30:13.267;85020
1;04-03-2025 13:29:55.971;04-03-2025 13:30:13.353;17382
3;04-03-2025 13:28:48.247;04-03-2025 13:30:18.275;90028
3;04-03-2025 13:28:48.247;04-03-2025 13:30:23.265;95018
1;04-03-2025 13:29:55.971;04-03-2025 13:30:24.927;28956
3;04-03-2025 13:28:48.247;04-03-2025 13:30:28.270;100023
2;04-03-2025 13:30:27.983;04-03-2025 13:30:31.651;3668
1;04-03-2025 13:29:55.971;04-03-2025 13:30:33.011;37040
3;04-03-2025 13:28:48.247;04-03-2025 13:30:33.258;105011
3;04-03-2025 13:28:48.247;04-03-2025 13:30:38.264;110017
3;04-03-2025 13:28:48.247;04-03-2025 13:30:43.264;115017
3;04-03-2025 13:28:48.247;04-03-2025 13:30:48.266;120019
3;04-03-2025 13:28:48.247;04-03-2025 13:30:53.270;125023
3;04-03-2025 13:28:48.247;04-03-2025 13:30:58.275;130028
2;04-03-2025 13:30:27.983;04-03-2025 13:31:00.392;32409
3;04-03-2025 13:28:48.247;04-03-2025 13:31:03.263;135016
3;04-03-2025 13:28:48.247;04-03-2025 13:31:08.267;140020
2;04-03-2025 13:30:27.983;04-03-2025 13:31:10.591;42608
3;04-03-2025 13:28:48.247;04-03-2025 13:31:13.274;145027
2;04-03-2025 13:30:27.983;04-03-2025 13:31:16.847;48864
3;04-03-2025 13:28:48.247;04-03-2025 13:31:18.288;150041
0;04-03-2025 13:31:21.043;04-03-2025 13:31:22.763;1720
3;04-03-2025 13:28:48.247;04-03-2025 13:31:23.265;155018
3;04-03-2025 13:28:48.247;04-03-2025 13:31:28.271;160024
2;04-03-2025 13:30:27.983;04-03-2025 13:31:30.330;62347
3;04-03-2025 13:28:48.247;04-03-2025 13:31:33.275;165028
2;04-03-2025 13:30:27.983;04-03-2025 13:31:34.261;66278
3;04-03-2025 13:28:48.247;04-03-2025 13:31:38.264;170017
3;04-03-2025 13:28:48.247;04-03-2025 13:31:43.269;175022
3;04-03-2025 13:28:48.247;04-03-2025 13:31:48.273;180026
3;04-03-2025 13:28:48.247;04-03-2025 13:31:53.263;185016
3;04-03-2025 13:28:48.247;04-03-2025 13:31:58.267;190020
3;04-03-2025 13:28:48.247;04-03-2025 13:32:04.890;196643
3;04-03-2025 13:28:48.247;04-03-2025 13:32:08.268;200021
3;04-03-2025 13:28:48.247;04-03-2025 13:32:13.274;205027
3;04-03-2025 13:28:48.247;04-03-2025 13:32:18.266;210019
3;04-03-2025 13:28:48.247;04-03-2025 13:32:23.269;215022
3;04-03-2025 13:28:48.247;04-03-2025 13:32:28.277;220030
3;04-03-2025 13:28:48.247;04-03-2025 13:32:33.263;225016
3;04-03-2025 13:28:48.247;04-03-2025 13:32:38.267;230020
3;04-03-2025 13:28:48.247;04-03-2025 13:32:43.279;235032
3;04-03-2025 13:28:48.247;04-03-2025 13:32:48.262;240015
3;04-03-2025 13:28:48.247;04-03-2025 13:32:53.265;245018
3;04-03-2025 13:28:48.247;04-03-2025 13:32:58.271;250024
3;04-03-2025 13:28:48.247;04-03-2025 13:33:03.273;255026
3;04-03-2025 13:28:48.247;04-03-2025 13:33:08.272;260025
3;04-03-2025 13:28:48.247;04-03-2025 13:33:13.271;265024
3;04-03-2025 13:28:48.247;04-03-2025 13:33:18.280;270033
3;04-03-2025 13:28:48.247;04-03-2025 13:33:23.261;275014
3;04-03-2025 13:33:38.234;04-03-2025 13:33:38.276;42
3;04-03-2025 13:33:38.234;04-03-2025 13:33:38.324;90
3;04-03-2025 13:33:38.234;04-03-2025 13:33:43.281;5047
3;04-03-2025 13:33:38.234;04-03-2025 13:33:48.294;10060
3;04-03-2025 13:34:03.235;04-03-2025 13:34:03.297;62
3;04-03-2025 13:34:03.235;04-03-2025 13:34:03.352;117
0;04-03-2025 13:33:51.204;04-03-2025 13:34:07.084;15880
3;04-03-2025 13:34:03.235;04-03-2025 13:34:08.282;5047
3;04-03-2025 13:34:03.235;04-03-2025 13:34:13.266;10031
3;04-03-2025 13:34:03.235;04-03-2025 13:34:18.270;15035
3;04-03-2025 13:34:03.235;04-03-2025 13:34:23.272;20037
3;04-03-2025 13:34:03.235;04-03-2025 13:34:28.261;25026
3;04-03-2025 13:34:03.235;04-03-2025 13:34:33.286;30051
3;04-03-2025 13:34:03.235;04-03-2025 13:34:38.273;35038
3;04-03-2025 13:34:03.235;04-03-2025 13:34:43.277;40042
3;04-03-2025 13:34:03.235;04-03-2025 13:34:48.281;45046
3;04-03-2025 13:35:03.234;04-03-2025 13:35:03.275;41
3;04-03-2025 13:35:03.234;04-03-2025 13:35:03.322;88
3;04-03-2025 13:35:03.234;04-03-2025 13:35:08.265;5031
3;04-03-2025 13:35:03.234;04-03-2025 13:35:13.275;10041
3;04-03-2025 13:35:03.234;04-03-2025 13:35:18.277;15043
3;04-03-2025 13:35:03.234;04-03-2025 13:35:23.267;20033
3;04-03-2025 13:35:03.234;04-03-2025 13:35:28.271;25037
3;04-03-2025 13:35:03.234;04-03-2025 13:35:33.276;30042
3;04-03-2025 13:35:03.234;04-03-2025 13:35:38.268;35034
1;04-03-2025 13:35:34.262;04-03-2025 13:35:42.786;8524
3;04-03-2025 13:35:03.234;04-03-2025 13:35:43.271;40037
3;04-03-2025 13:35:03.234;04-03-2025 13:35:48.275;45041
3;04-03-2025 13:35:03.234;04-03-2025 13:35:53.266;50032
3;04-03-2025 13:35:03.234;04-03-2025 13:35:58.269;55035
3;04-03-2025 13:35:03.234;04-03-2025 13:36:03.273;60039
3;04-03-2025 13:35:03.234;04-03-2025 13:36:08.264;65030
3;04-03-2025 13:35:03.234;04-03-2025 13:36:13.266;70032
3;04-03-2025 13:35:03.234;04-03-2025 13:36:18.274;75040
3;04-03-2025 13:35:03.234;04-03-2025 13:36:23.264;80030
1;04-03-2025 13:36:23.704;04-03-2025 13:36:26.311;2607
3;04-03-2025 13:35:03.234;04-03-2025 13:36:28.269;85035
3;04-03-2025 13:35:03.234;04-03-2025 13:36:33.275;90041
3;04-03-2025 13:35:03.234;04-03-2025 13:36:38.268;95034
3;04-03-2025 13:35:03.234;04-03-2025 13:36:43.271;100037
3;04-03-2025 13:35:03.234;04-03-2025 13:36:48.275;105041
0;04-03-2025 13:36:52.701;04-03-2025 13:36:53.067;366
3;04-03-2025 13:35:03.234;04-03-2025 13:36:53.265;110031
3;04-03-2025 13:35:03.234;04-03-2025 13:36:58.269;115035
0;04-03-2025 13:37:01.521;04-03-2025 13:37:01.860;339
3;04-03-2025 13:35:03.234;04-03-2025 13:37:03.274;120040
3;04-03-2025 13:35:03.234;04-03-2025 13:37:08.265;125031
3;04-03-2025 13:35:03.234;04-03-2025 13:37:13.272;130038
3;04-03-2025 13:35:03.234;04-03-2025 13:37:18.277;135043
3;04-03-2025 13:35:03.234;04-03-2025 13:37:23.267;140033
3;04-03-2025 13:35:03.234;04-03-2025 13:37:28.274;145040
3;04-03-2025 13:35:03.234;04-03-2025 13:37:33.279;150045
3;04-03-2025 13:35:03.234;04-03-2025 13:37:38.265;155031
3;04-03-2025 13:35:03.234;04-03-2025 13:37:43.268;160034
1;04-03-2025 13:36:45.561;04-03-2025 13:37:47.783;62222
3;04-03-2025 13:35:03.234;04-03-2025 13:37:48.275;165041
0;04-03-2025 13:37:46.299;04-03-2025 13:37:49.549;3250
1;04-03-2025 13:36:45.561;04-03-2025 13:37:50.397;64836
3;04-03-2025 13:35:03.234;04-03-2025 13:37:53.261;170027
0;04-03-2025 13:37:51.340;04-03-2025 13:37:55.939;4599
3;04-03-2025 13:35:03.234;04-03-2025 13:37:58.265;175031
1;04-03-2025 13:36:45.561;04-03-2025 13:38:02.047;76486
3;04-03-2025 13:35:03.234;04-03-2025 13:38:03.301;180067
1;04-03-2025 13:38:03.758;04-03-2025 13:38:04.560;802
3;04-03-2025 13:35:03.234;04-03-2025 13:38:08.291;185057
3;04-03-2025 13:35:03.234;04-03-2025 13:38:13.295;190061
1;04-03-2025 13:38:12.841;04-03-2025 13:38:14.680;1839
3;04-03-2025 13:35:03.234;04-03-2025 13:38:18.282;195048
1;04-03-2025 13:38:14.966;04-03-2025 13:38:30.686;15720
0;04-03-2025 13:38:14.740;04-03-2025 13:38:31.018;16278
3;04-03-2025 13:38:33.233;04-03-2025 13:38:33.280;47
3;04-03-2025 13:38:33.233;04-03-2025 13:38:33.342;109
0;04-03-2025 13:38:32.120;04-03-2025 13:38:33.604;1484
3;04-03-2025 13:38:33.233;04-03-2025 13:38:38.272;5039
3;04-03-2025 13:38:33.233;04-03-2025 13:38:43.259;10026
3;04-03-2025 13:38:33.233;04-03-2025 13:38:48.261;15028
1;04-03-2025 13:38:42.278;04-03-2025 13:38:52.175;9897
3;04-03-2025 13:38:33.233;04-03-2025 13:38:53.269;20036
1;04-03-2025 13:38:42.278;04-03-2025 13:38:56.123;13845
3;04-03-2025 13:38:33.233;04-03-2025 13:38:58.275;25042
1;04-03-2025 13:38:42.278;04-03-2025 13:39:00.444;18166
3;04-03-2025 13:38:33.233;04-03-2025 13:39:03.267;30034
3;04-03-2025 13:38:33.233;04-03-2025 13:39:08.271;35038
1;04-03-2025 13:38:42.278;04-03-2025 13:39:08.557;26279
0;04-03-2025 13:38:52.478;04-03-2025 13:39:12.022;19544
3;04-03-2025 13:38:33.233;04-03-2025 13:39:13.274;40041
3;04-03-2025 13:38:33.233;04-03-2025 13:39:18.264;45031
1;04-03-2025 13:38:42.278;04-03-2025 13:39:21.762;39484
3;04-03-2025 13:38:33.233;04-03-2025 13:39:23.270;50037
1;04-03-2025 13:38:42.278;04-03-2025 13:39:23.472;41194
3;04-03-2025 13:38:33.233;04-03-2025 13:39:28.277;55044
3;04-03-2025 13:38:33.233;04-03-2025 13:39:33.267;60034
3;04-03-2025 13:38:33.233;04-03-2025 13:39:38.270;65037
2;04-03-2025 13:39:07.090;04-03-2025 13:39:41.703;34613
3;04-03-2025 13:38:33.233;04-03-2025 13:39:43.261;70028
2;04-03-2025 13:39:07.090;04-03-2025 13:39:46.811;39721
3;04-03-2025 13:38:33.233;04-03-2025 13:39:48.266;75033
3;04-03-2025 13:38:33.233;04-03-2025 13:39:53.272;80039
3;04-03-2025 13:38:33.233;04-03-2025 13:39:58.265;85032
3;04-03-2025 13:38:33.233;04-03-2025 13:40:03.267;90034
1;04-03-2025 13:38:42.278;04-03-2025 13:40:05.979;83701
3;04-03-2025 13:38:33.233;04-03-2025 13:40:08.274;95041
3;04-03-2025 13:38:33.233;04-03-2025 13:40:13.262;100029
3;04-03-2025 13:38:33.233;04-03-2025 13:40:18.267;105034
3;04-03-2025 13:38:33.233;04-03-2025 13:40:23.272;110039
3;04-03-2025 13:38:33.233;04-03-2025 13:40:28.275;115042
3;04-03-2025 13:38:33.233;04-03-2025 13:40:33.287;120054
3;04-03-2025 13:38:33.233;04-03-2025 13:40:38.270;125037
3;04-03-2025 13:38:33.233;04-03-2025 13:40:43.276;130043
1;04-03-2025 13:40:46.038;04-03-2025 13:40:49.861;3823
3;04-03-2025 13:40:58.233;04-03-2025 13:40:58.277;44
3;04-03-2025 13:40:58.233;04-03-2025 13:40:58.339;106
3;04-03-2025 13:40:58.233;04-03-2025 13:41:03.266;5033
1;04-03-2025 13:41:02.528;04-03-2025 13:41:06.405;3877
3;04-03-2025 13:40:58.233;04-03-2025 13:41:08.266;10033
3;04-03-2025 13:40:58.233;04-03-2025 13:41:13.270;15037
3;04-03-2025 13:41:28.227;04-03-2025 13:41:28.268;41
3;04-03-2025 13:41:43.235;04-03-2025 13:41:43.285;50
3;04-03-2025 13:41:43.235;04-03-2025 13:41:43.369;134
3;04-03-2025 13:41:43.235;04-03-2025 13:41:48.273;5038
3;04-03-2025 13:41:43.235;04-03-2025 13:41:53.262;10027
3;04-03-2025 13:41:43.235;04-03-2025 13:41:58.268;15033
1;04-03-2025 13:41:27.468;04-03-2025 13:42:00.774;33306
3;04-03-2025 13:41:43.235;04-03-2025 13:42:03.275;20040
1;04-03-2025 13:41:27.468;04-03-2025 13:42:03.780;36312
3;04-03-2025 13:41:43.235;04-03-2025 13:42:08.265;25030
1;04-03-2025 13:41:27.468;04-03-2025 13:42:11.280;43812
2;04-03-2025 13:42:02.636;04-03-2025 13:42:12.752;10116
3;04-03-2025 13:41:43.235;04-03-2025 13:42:13.271;30036
2;04-03-2025 13:42:02.636;04-03-2025 13:42:16.476;13840
3;04-03-2025 13:41:43.235;04-03-2025 13:42:18.275;35040
1;04-03-2025 13:42:11.349;04-03-2025 13:42:21.369;10020
3;04-03-2025 13:41:43.235;04-03-2025 13:42:23.280;40045
3;04-03-2025 13:41:43.235;04-03-2025 13:42:28.275;45040
3;04-03-2025 13:41:43.235;04-03-2025 13:42:33.276;50041
3;04-03-2025 13:41:43.235;04-03-2025 13:42:38.268;55033
1;04-03-2025 13:42:36.255;04-03-2025 13:42:40.865;4610
3;04-03-2025 13:41:43.235;04-03-2025 13:42:43.270;60035
3;04-03-2025 13:41:43.235;04-03-2025 13:42:48.274;65039
1;04-03-2025 13:42:36.255;04-03-2025 13:42:50.444;14189
3;04-03-2025 13:41:43.235;04-03-2025 13:42:53.265;70030
0;04-03-2025 13:42:47.590;04-03-2025 13:42:55.959;8369
3;04-03-2025 13:41:43.235;04-03-2025 13:42:58.269;75034
0;04-03-2025 13:42:47.590;04-03-2025 13:42:58.343;10753
3;04-03-2025 13:41:43.235;04-03-2025 13:43:03.274;80039
1;04-03-2025 13:43:01.807;04-03-2025 13:43:05.813;4006
3;04-03-2025 13:41:43.235;04-03-2025 13:43:08.265;85030
1;04-03-2025 13:43:01.807;04-03-2025 13:43:10.975;9168
3;04-03-2025 13:41:43.235;04-03-2025 13:43:13.270;90035
1;04-03-2025 13:43:01.807;04-03-2025 13:43:20.703;18896
3;04-03-2025 13:43:28.228;04-03-2025 13:43:28.269;41
0;04-03-2025 13:43:07.678;04-03-2025 13:43:32.597;24919
3;04-03-2025 13:43:28.228;04-03-2025 13:43:33.274;5046
1;04-03-2025 13:43:01.807;04-03-2025 13:43:35.775;33968
3;04-03-2025 13:43:28.228;04-03-2025 13:43:38.265;10037
0;04-03-2025 13:43:07.678;04-03-2025 13:43:38.415;30737
3;04-03-2025 13:43:28.228;04-03-2025 13:43:43.258;15030
3;04-03-2025 13:43:28.228;04-03-2025 13:43:48.260;20032
3;04-03-2025 13:43:28.228;04-03-2025 13:43:53.264;25036
3;04-03-2025 13:43:28.228;04-03-2025 13:43:58.272;30044
3;04-03-2025 13:43:28.228;04-03-2025 13:44:03.261;35033
3;04-03-2025 13:43:28.228;04-03-2025 13:44:08.270;40042
3;04-03-2025 13:43:28.228;04-03-2025 13:44:13.273;45045
3;04-03-2025 13:43:28.228;04-03-2025 13:44:18.263;50035
3;04-03-2025 13:43:28.228;04-03-2025 13:44:23.270;55042
3;04-03-2025 13:43:28.228;04-03-2025 13:44:28.274;60046
3;04-03-2025 13:43:28.228;04-03-2025 13:44:33.265;65037
3;04-03-2025 13:43:28.228;04-03-2025 13:44:38.271;70043
3;04-03-2025 13:43:28.228;04-03-2025 13:44:43.263;75035
3;04-03-2025 13:43:28.228;04-03-2025 13:44:48.265;80037
3;04-03-2025 13:43:28.228;04-03-2025 13:44:53.270;85042
3;04-03-2025 13:43:28.228;04-03-2025 13:44:58.275;90047
2;04-03-2025 13:44:59.742;04-03-2025 13:45:00.686;944
3;04-03-2025 13:43:28.228;04-03-2025 13:45:03.271;95043
0;04-03-2025 13:43:07.678;04-03-2025 13:45:04.419;116741
1;04-03-2025 13:44:13.958;04-03-2025 13:45:07.782;53824
3;04-03-2025 13:43:28.228;04-03-2025 13:45:08.267;100039
3;04-03-2025 13:43:28.228;04-03-2025 13:45:13.279;105051
3;04-03-2025 13:43:28.228;04-03-2025 13:45:18.267;110039
2;04-03-2025 13:45:20.716;04-03-2025 13:45:23.052;2336
3;04-03-2025 13:43:28.228;04-03-2025 13:45:23.268;115040
3;04-03-2025 13:43:28.228;04-03-2025 13:45:28.272;120044
3;04-03-2025 13:43:28.228;04-03-2025 13:45:33.262;125034
3;04-03-2025 13:43:28.228;04-03-2025 13:45:38.265;130037
3;04-03-2025 13:43:28.228;04-03-2025 13:45:43.270;135042
3;04-03-2025 13:43:28.228;04-03-2025 13:45:48.274;140046
3;04-03-2025 13:43:28.228;04-03-2025 13:45:53.264;145036
3;04-03-2025 13:43:28.228;04-03-2025 13:45:58.270;150042
3;04-03-2025 13:43:28.228;04-03-2025 13:46:03.274;155046
3;04-03-2025 13:43:28.228;04-03-2025 13:46:08.265;160037
3;04-03-2025 13:43:28.228;04-03-2025 13:46:13.261;165033
3;04-03-2025 13:43:28.228;04-03-2025 13:46:18.267;170039
3;04-03-2025 13:43:28.228;04-03-2025 13:46:23.274;175046
3;04-03-2025 13:43:28.228;04-03-2025 13:46:28.263;180035
3;04-03-2025 13:43:28.228;04-03-2025 13:46:33.263;185035
3;04-03-2025 13:43:28.228;04-03-2025 13:46:38.267;190039
3;04-03-2025 13:43:28.228;04-03-2025 13:46:43.275;195047
3;04-03-2025 13:43:28.228;04-03-2025 13:46:48.263;200035
3;04-03-2025 13:43:28.228;04-03-2025 13:46:53.264;205036
2;04-03-2025 13:45:34.033;04-03-2025 13:46:56.262;82229
3;04-03-2025 13:43:28.228;04-03-2025 13:46:58.269;210041
3;04-03-2025 13:43:28.228;04-03-2025 13:47:03.259;215031
3;04-03-2025 13:43:28.228;04-03-2025 13:47:08.262;220034
3;04-03-2025 13:43:28.228;04-03-2025 13:47:13.284;225056
1;04-03-2025 13:47:12.401;04-03-2025 13:47:14.397;1996
3;04-03-2025 13:43:28.228;04-03-2025 13:47:18.272;230044
1;04-03-2025 13:47:18.396;04-03-2025 13:47:21.396;3000
3;04-03-2025 13:43:28.228;04-03-2025 13:47:23.274;235046
3;04-03-2025 13:43:28.228;04-03-2025 13:47:28.269;240041
3;04-03-2025 13:43:28.228;04-03-2025 13:47:33.271;245043
3;04-03-2025 13:43:28.228;04-03-2025 13:47:38.276;250048
3;04-03-2025 13:43:28.228;04-03-2025 13:47:43.269;255041
3;04-03-2025 13:43:28.228;04-03-2025 13:47:48.272;260044
3;04-03-2025 13:43:28.228;04-03-2025 13:47:53.277;265049
3;04-03-2025 13:43:28.228;04-03-2025 13:47:58.268;270040
1;04-03-2025 13:47:59.475;04-03-2025 13:48:01.711;2236
3;04-03-2025 13:43:28.228;04-03-2025 13:48:03.268;275040
1;04-03-2025 13:47:59.475;04-03-2025 13:48:05.551;6076
2;04-03-2025 13:47:59.632;04-03-2025 13:48:05.648;6016
3;04-03-2025 13:43:28.228;04-03-2025 13:48:08.275;280047
1;04-03-2025 13:47:59.475;04-03-2025 13:48:09.820;10345
3;04-03-2025 13:43:28.228;04-03-2025 13:48:13.265;285037
3;04-03-2025 13:43:28.228;04-03-2025 13:48:18.269;290041
2;04-03-2025 13:47:59.632;04-03-2025 13:48:21.747;22115
3;04-03-2025 13:43:28.228;04-03-2025 13:48:23.271;295043
2;04-03-2025 13:47:59.632;04-03-2025 13:48:27.425;27793
3;04-03-2025 13:43:28.228;04-03-2025 13:48:28.263;300035
3;04-03-2025 13:43:28.228;04-03-2025 13:48:33.266;305038
3;04-03-2025 13:43:28.228;04-03-2025 13:48:38.276;310048
3;04-03-2025 13:43:28.228;04-03-2025 13:48:43.262;315034
3;04-03-2025 13:43:28.228;04-03-2025 13:48:48.263;320035
3;04-03-2025 13:43:28.228;04-03-2025 13:48:53.267;325039
3;04-03-2025 13:43:28.228;04-03-2025 13:48:58.272;330044
3;04-03-2025 13:43:28.228;04-03-2025 13:49:03.261;335033
3;04-03-2025 13:43:28.228;04-03-2025 13:49:08.265;340037
3;04-03-2025 13:43:28.228;04-03-2025 13:49:13.273;345045
3;04-03-2025 13:43:28.228;04-03-2025 13:49:18.274;350046
2;04-03-2025 13:49:05.812;04-03-2025 13:49:22.572;16760
3;04-03-2025 13:43:28.228;04-03-2025 13:49:23.265;355037
1;04-03-2025 13:48:46.472;04-03-2025 13:49:26.297;39825
3;04-03-2025 13:43:28.228;04-03-2025 13:49:28.271;360043
3;04-03-2025 13:43:28.228;04-03-2025 13:49:33.260;365032
2;04-03-2025 13:49:05.812;04-03-2025 13:49:37.352;31540
3;04-03-2025 13:43:28.228;04-03-2025 13:49:38.269;370041
3;04-03-2025 13:43:28.228;04-03-2025 13:49:43.271;375043
3;04-03-2025 13:43:28.228;04-03-2025 13:49:48.260;380032
1;04-03-2025 13:49:47.828;04-03-2025 13:49:48.464;636
3;04-03-2025 13:50:03.232;04-03-2025 13:50:03.287;55
3;04-03-2025 13:50:03.232;04-03-2025 13:50:03.334;102
3;04-03-2025 13:50:03.232;04-03-2025 13:50:08.262;5030
3;04-03-2025 13:50:03.232;04-03-2025 13:50:13.267;10035
3;04-03-2025 13:50:03.232;04-03-2025 13:50:18.268;15036
3;04-03-2025 13:50:03.232;04-03-2025 13:50:23.262;20030
3;04-03-2025 13:50:03.232;04-03-2025 13:50:28.264;25032
3;04-03-2025 13:50:03.232;04-03-2025 13:50:33.269;30037
1;04-03-2025 13:49:57.490;04-03-2025 13:50:45.998;48508
3;04-03-2025 13:50:48.233;04-03-2025 13:50:48.283;50
3;04-03-2025 13:50:48.233;04-03-2025 13:50:48.335;102
3;04-03-2025 13:50:48.233;04-03-2025 13:50:53.274;5041
3;04-03-2025 13:50:48.233;04-03-2025 13:50:58.279;10046
3;04-03-2025 13:50:48.233;04-03-2025 13:51:03.266;15033
1;04-03-2025 13:49:57.490;04-03-2025 13:51:06.681;69191
3;04-03-2025 13:51:18.232;04-03-2025 13:51:18.280;48
3;04-03-2025 13:51:28.227;04-03-2025 13:51:28.256;29
3;04-03-2025 13:51:28.227;04-03-2025 13:51:33.262;5035
3;04-03-2025 13:51:28.227;04-03-2025 13:51:38.267;10040
3;04-03-2025 13:51:28.227;04-03-2025 13:51:43.270;15043
3;04-03-2025 13:51:28.227;04-03-2025 13:51:48.275;20048
3;04-03-2025 13:51:28.227;04-03-2025 13:51:53.263;25036
3;04-03-2025 13:51:28.227;04-03-2025 13:51:58.266;30039
3;04-03-2025 13:51:28.227;04-03-2025 13:52:03.271;35044
3;04-03-2025 13:51:28.227;04-03-2025 13:52:08.261;40034
3;04-03-2025 13:51:28.227;04-03-2025 13:52:13.266;45039
3;04-03-2025 13:51:28.227;04-03-2025 13:52:18.271;50044
3;04-03-2025 13:51:28.227;04-03-2025 13:52:23.260;55033
3;04-03-2025 13:51:28.227;04-03-2025 13:52:28.269;60042
3;04-03-2025 13:52:43.235;04-03-2025 13:52:43.297;62
3;04-03-2025 13:52:43.235;04-03-2025 13:52:43.344;109
0;04-03-2025 13:52:41.606;04-03-2025 13:52:44.619;3013
3;04-03-2025 13:52:43.235;04-03-2025 13:52:48.270;5035
3;04-03-2025 13:52:43.235;04-03-2025 13:52:53.260;10025
3;04-03-2025 13:52:43.235;04-03-2025 13:52:58.252;15017
0;04-03-2025 13:52:41.606;04-03-2025 13:53:01.649;20043
3;04-03-2025 13:52:43.235;04-03-2025 13:53:03.271;20036
3;04-03-2025 13:52:43.235;04-03-2025 13:53:08.275;25040
3;04-03-2025 13:52:43.235;04-03-2025 13:53:13.265;30030
1;04-03-2025 13:53:14.111;04-03-2025 13:53:17.698;3587
3;04-03-2025 13:52:43.235;04-03-2025 13:53:18.268;35033
3;04-03-2025 13:52:43.235;04-03-2025 13:53:23.257;40022
1;04-03-2025 13:53:18.371;04-03-2025 13:53:26.534;8163
3;04-03-2025 13:52:43.235;04-03-2025 13:53:28.265;45030
2;04-03-2025 13:53:26.955;04-03-2025 13:53:32.572;5617
1;04-03-2025 13:53:18.371;04-03-2025 13:53:37.338;18967
1;04-03-2025 13:53:18.371;04-03-2025 13:53:41.139;22768
3;04-03-2025 13:53:43.232;04-03-2025 13:53:43.278;46
3;04-03-2025 13:53:43.232;04-03-2025 13:53:43.340;108
3;04-03-2025 13:53:43.232;04-03-2025 13:53:48.265;5033
3;04-03-2025 13:53:43.232;04-03-2025 13:53:53.271;10039
3;04-03-2025 13:53:43.232;04-03-2025 13:53:58.262;15030
3;04-03-2025 13:53:43.232;04-03-2025 13:54:03.266;20034
3;04-03-2025 13:53:43.232;04-03-2025 13:54:08.269;25037
3;04-03-2025 13:53:43.232;04-03-2025 13:54:13.276;30044
3;04-03-2025 13:53:43.232;04-03-2025 13:54:18.264;35032
3;04-03-2025 13:53:43.232;04-03-2025 13:54:23.266;40034
3;04-03-2025 13:53:43.232;04-03-2025 13:54:28.273;45041
2;04-03-2025 13:54:09.014;04-03-2025 13:54:30.699;21685
3;04-03-2025 13:53:43.232;04-03-2025 13:54:33.263;50031
3;04-03-2025 13:54:48.233;04-03-2025 13:54:48.276;43
3;04-03-2025 13:54:48.233;04-03-2025 13:54:48.321;88
1;04-03-2025 13:54:05.338;04-03-2025 13:54:49.230;43892
3;04-03-2025 13:54:48.233;04-03-2025 13:54:53.252;5019
3;04-03-2025 13:54:48.233;04-03-2025 13:54:58.979;10746
3;04-03-2025 13:54:48.233;04-03-2025 13:55:03.273;15040
3;04-03-2025 13:54:48.233;04-03-2025 13:55:08.264;20031
3;04-03-2025 13:54:48.233;04-03-2025 13:55:13.265;25032
3;04-03-2025 13:54:48.233;04-03-2025 13:55:18.268;30035
3;04-03-2025 13:54:48.233;04-03-2025 13:55:23.271;35038
0;04-03-2025 13:55:18.420;04-03-2025 13:55:25.960;7540
3;04-03-2025 13:54:48.233;04-03-2025 13:55:28.262;40029
3;04-03-2025 13:54:48.233;04-03-2025 13:55:33.273;45040
0;04-03-2025 13:55:18.420;04-03-2025 13:55:37.063;18643
3;04-03-2025 13:54:48.233;04-03-2025 13:55:38.270;50037
3;04-03-2025 13:54:48.233;04-03-2025 13:55:43.272;55039
3;04-03-2025 13:54:48.233;04-03-2025 13:55:48.275;60042
3;04-03-2025 13:54:48.233;04-03-2025 13:55:53.265;65032
3;04-03-2025 13:54:48.233;04-03-2025 13:55:58.267;70034
3;04-03-2025 13:56:13.233;04-03-2025 13:56:13.286;53
3;04-03-2025 13:56:13.233;04-03-2025 13:56:13.334;101
3;04-03-2025 13:56:13.233;04-03-2025 13:56:18.273;5040
3;04-03-2025 13:56:13.233;04-03-2025 13:56:23.265;10032
3;04-03-2025 13:56:13.233;04-03-2025 13:56:28.271;15038
3;04-03-2025 13:56:13.233;04-03-2025 13:56:33.277;20044
3;04-03-2025 13:56:13.233;04-03-2025 13:56:38.266;25033
3;04-03-2025 13:56:53.232;04-03-2025 13:56:53.304;72
3;04-03-2025 13:56:53.232;04-03-2025 13:56:53.359;127
3;04-03-2025 13:56:53.232;04-03-2025 13:56:58.270;5038
3;04-03-2025 13:56:53.232;04-03-2025 13:57:03.275;10043
1;04-03-2025 13:56:57.216;04-03-2025 13:57:07.977;10761
3;04-03-2025 13:56:53.232;04-03-2025 13:57:08.282;15050
3;04-03-2025 13:56:53.232;04-03-2025 13:57:13.269;20037
3;04-03-2025 13:56:53.232;04-03-2025 13:57:18.271;25039
1;04-03-2025 13:57:14.997;04-03-2025 13:57:21.241;6244
3;04-03-2025 13:56:53.232;04-03-2025 13:57:23.264;30032
1;04-03-2025 13:57:14.997;04-03-2025 13:57:25.926;10929
3;04-03-2025 13:56:53.232;04-03-2025 13:57:28.266;35034
1;04-03-2025 13:57:14.997;04-03-2025 13:57:28.815;13818
3;04-03-2025 13:56:53.232;04-03-2025 13:57:33.275;40043
1;04-03-2025 13:57:29.206;04-03-2025 13:57:34.069;4863
2;04-03-2025 13:57:28.889;04-03-2025 13:57:35.365;6476
3;04-03-2025 13:56:53.232;04-03-2025 13:57:38.267;45035
2;04-03-2025 13:57:37.305;04-03-2025 13:57:38.819;1514
1;04-03-2025 13:57:29.206;04-03-2025 13:57:40.467;11261
3;04-03-2025 13:56:53.232;04-03-2025 13:57:43.272;50040
1;04-03-2025 13:57:29.206;04-03-2025 13:57:43.378;14172
2;04-03-2025 13:57:37.305;04-03-2025 13:57:47.902;10597
1;04-03-2025 13:57:48.500;04-03-2025 13:57:50.702;2202
2;04-03-2025 13:57:54.240;04-03-2025 13:57:55.979;1739
3;04-03-2025 13:57:58.232;04-03-2025 13:57:58.289;57
3;04-03-2025 13:57:58.232;04-03-2025 13:57:58.336;104
3;04-03-2025 13:57:58.232;04-03-2025 13:58:03.260;5028
3;04-03-2025 13:57:58.232;04-03-2025 13:58:08.267;10035
3;04-03-2025 13:57:58.232;04-03-2025 13:58:13.272;15040
3;04-03-2025 13:57:58.232;04-03-2025 13:58:18.276;20044
3;04-03-2025 13:57:58.232;04-03-2025 13:58:23.268;25036
3;04-03-2025 13:57:58.232;04-03-2025 13:58:28.272;30040
3;04-03-2025 13:57:58.232;04-03-2025 13:58:33.274;35042
3;04-03-2025 13:57:58.232;04-03-2025 13:58:38.265;40033
3;04-03-2025 13:57:58.232;04-03-2025 13:58:43.270;45038
3;04-03-2025 13:57:58.232;04-03-2025 13:58:48.276;50044
3;04-03-2025 13:57:58.232;04-03-2025 13:58:53.265;55033
3;04-03-2025 13:57:58.232;04-03-2025 13:58:58.266;60034
3;04-03-2025 13:57:58.232;04-03-2025 13:59:03.269;65037
3;04-03-2025 13:57:58.232;04-03-2025 13:59:08.273;70041
3;04-03-2025 13:57:58.232;04-03-2025 13:59:13.261;75029
3;04-03-2025 13:57:58.232;04-03-2025 13:59:18.267;80035
1;04-03-2025 13:58:01.323;04-03-2025 13:59:20.807;79484
3;04-03-2025 13:57:58.232;04-03-2025 13:59:23.276;85044
2;04-03-2025 13:58:44.069;04-03-2025 13:59:23.845;39776
1;04-03-2025 13:58:01.323;04-03-2025 13:59:26.065;84742
3;04-03-2025 13:57:58.232;04-03-2025 13:59:28.263;90031
1;04-03-2025 13:59:26.396;04-03-2025 13:59:30.417;4021
2;04-03-2025 13:58:44.069;04-03-2025 13:59:31.805;47736
3;04-03-2025 13:57:58.232;04-03-2025 13:59:33.268;95036
1;04-03-2025 13:59:26.396;04-03-2025 13:59:38.354;11958
3;04-03-2025 13:59:48.233;04-03-2025 13:59:48.301;68
3;04-03-2025 13:59:48.233;04-03-2025 13:59:48.363;130
3;04-03-2025 13:59:48.233;04-03-2025 13:59:53.288;5055
3;04-03-2025 13:59:48.233;04-03-2025 13:59:58.264;10031
1;04-03-2025 13:59:26.396;04-03-2025 14:00:01.137;34741
3;04-03-2025 13:59:48.233;04-03-2025 14:00:03.277;15044
1;04-03-2025 13:59:26.396;04-03-2025 14:00:03.473;37077
3;04-03-2025 13:59:48.233;04-03-2025 14:00:08.275;20042
3;04-03-2025 13:59:48.233;04-03-2025 14:00:13.265;25032
3;04-03-2025 13:59:48.233;04-03-2025 14:00:18.270;30037
3;04-03-2025 13:59:48.233;04-03-2025 14:00:23.275;35042
3;04-03-2025 13:59:48.233;04-03-2025 14:00:28.267;40034
2;04-03-2025 13:58:44.069;04-03-2025 14:00:32.543;108474
1;04-03-2025 13:59:26.396;04-03-2025 14:00:33.167;66771
3;04-03-2025 13:59:48.233;04-03-2025 14:00:33.268;45035
3;04-03-2025 13:59:48.233;04-03-2025 14:00:38.273;50040
3;04-03-2025 13:59:48.233;04-03-2025 14:00:43.264;55031
2;04-03-2025 13:58:44.069;04-03-2025 14:00:47.191;123122
3;04-03-2025 13:59:48.233;04-03-2025 14:00:48.269;60036
3;04-03-2025 13:59:48.233;04-03-2025 14:00:53.275;65042
3;04-03-2025 13:59:48.233;04-03-2025 14:00:58.265;70032
3;04-03-2025 13:59:48.233;04-03-2025 14:01:03.271;75038
3;04-03-2025 13:59:48.233;04-03-2025 14:01:08.261;80028
3;04-03-2025 13:59:48.233;04-03-2025 14:01:13.267;85034
3;04-03-2025 13:59:48.233;04-03-2025 14:01:18.269;90036
3;04-03-2025 13:59:48.233;04-03-2025 14:01:23.275;95042
3;04-03-2025 13:59:48.233;04-03-2025 14:01:28.266;100033
3;04-03-2025 13:59:48.233;04-03-2025 14:01:33.270;105037
0;04-03-2025 14:01:24.262;04-03-2025 14:01:35.297;11035
3;04-03-2025 13:59:48.233;04-03-2025 14:01:38.272;110039
2;04-03-2025 14:01:37.460;04-03-2025 14:01:42.743;5283
3;04-03-2025 13:59:48.233;04-03-2025 14:01:43.277;115044
3;04-03-2025 13:59:48.233;04-03-2025 14:01:48.276;120043
3;04-03-2025 13:59:48.233;04-03-2025 14:01:53.284;125051
3;04-03-2025 13:59:48.233;04-03-2025 14:01:58.286;130053
1;04-03-2025 14:01:46.436;04-03-2025 14:02:01.515;15079
3;04-03-2025 13:59:48.233;04-03-2025 14:02:03.271;135038
1;04-03-2025 14:01:46.436;04-03-2025 14:02:03.727;17291
3;04-03-2025 13:59:48.233;04-03-2025 14:02:08.276;140043
3;04-03-2025 13:59:48.233;04-03-2025 14:02:13.281;145048
1;04-03-2025 14:01:46.436;04-03-2025 14:02:17.727;31291
3;04-03-2025 13:59:48.233;04-03-2025 14:02:18.275;150042
2;04-03-2025 14:02:20.878;04-03-2025 14:02:21.721;843
1;04-03-2025 14:01:46.436;04-03-2025 14:02:21.835;35399
3;04-03-2025 13:59:48.233;04-03-2025 14:02:23.282;155049
3;04-03-2025 13:59:48.233;04-03-2025 14:02:28.286;160053
1;04-03-2025 14:01:46.436;04-03-2025 14:02:32.618;46182
3;04-03-2025 13:59:48.233;04-03-2025 14:02:33.272;165039
2;04-03-2025 14:02:33.514;04-03-2025 14:02:38.051;4537
1;04-03-2025 14:01:46.436;04-03-2025 14:02:38.167;51731
3;04-03-2025 13:59:48.233;04-03-2025 14:02:38.269;170036
1;04-03-2025 14:01:46.436;04-03-2025 14:02:41.751;55315
3;04-03-2025 13:59:48.233;04-03-2025 14:02:43.271;175038
1;04-03-2025 14:01:46.436;04-03-2025 14:02:43.460;57024
3;04-03-2025 13:59:48.233;04-03-2025 14:02:48.280;180047
2;04-03-2025 14:02:33.514;04-03-2025 14:02:48.292;14778
3;04-03-2025 13:59:48.233;04-03-2025 14:02:53.267;185034
2;04-03-2025 14:02:33.514;04-03-2025 14:02:56.425;22911
3;04-03-2025 13:59:48.233;04-03-2025 14:02:58.273;190040
3;04-03-2025 13:59:48.233;04-03-2025 14:03:03.281;195048
3;04-03-2025 13:59:48.233;04-03-2025 14:03:08.286;200053
1;04-03-2025 14:02:47.542;04-03-2025 14:03:11.228;23686
3;04-03-2025 13:59:48.233;04-03-2025 14:03:13.293;205060
3;04-03-2025 13:59:48.233;04-03-2025 14:03:18.278;210045
2;04-03-2025 14:02:33.514;04-03-2025 14:03:21.954;48440
3;04-03-2025 13:59:48.233;04-03-2025 14:03:23.264;215031
1;04-03-2025 14:02:47.542;04-03-2025 14:03:23.695;36153
3;04-03-2025 13:59:48.233;04-03-2025 14:03:28.265;220032
3;04-03-2025 13:59:48.233;04-03-2025 14:03:33.275;225042
3;04-03-2025 13:59:48.233;04-03-2025 14:03:38.282;230049
3;04-03-2025 13:59:48.233;04-03-2025 14:03:43.266;235033
1;04-03-2025 14:02:47.542;04-03-2025 14:03:43.512;55970
3;04-03-2025 13:59:48.233;04-03-2025 14:03:48.282;240049
3;04-03-2025 13:59:48.233;04-03-2025 14:03:53.281;245048
3;04-03-2025 13:59:48.233;04-03-2025 14:03:58.287;250054
2;04-03-2025 14:02:33.514;04-03-2025 14:04:02.994;89480
3;04-03-2025 13:59:48.233;04-03-2025 14:04:03.257;255024
3;04-03-2025 13:59:48.233;04-03-2025 14:04:08.261;260028
3;04-03-2025 13:59:48.233;04-03-2025 14:04:13.277;265044
3;04-03-2025 13:59:48.233;04-03-2025 14:04:18.266;270033
3;04-03-2025 13:59:48.233;04-03-2025 14:04:23.271;275038
3;04-03-2025 13:59:48.233;04-03-2025 14:04:28.261;280028
3;04-03-2025 13:59:48.233;04-03-2025 14:04:33.266;285033
3;04-03-2025 13:59:48.233;04-03-2025 14:04:38.270;290037
3;04-03-2025 13:59:48.233;04-03-2025 14:04:43.278;295045
3;04-03-2025 13:59:48.233;04-03-2025 14:04:48.265;300032
3;04-03-2025 13:59:48.233;04-03-2025 14:04:53.268;305035
3;04-03-2025 13:59:48.233;04-03-2025 14:04:58.274;310041
3;04-03-2025 13:59:48.233;04-03-2025 14:05:03.261;315028
3;04-03-2025 13:59:48.233;04-03-2025 14:05:08.263;320030
3;04-03-2025 13:59:48.233;04-03-2025 14:05:13.271;325038
3;04-03-2025 13:59:48.233;04-03-2025 14:05:18.273;330040
3;04-03-2025 13:59:48.233;04-03-2025 14:05:23.278;335045
3;04-03-2025 13:59:48.233;04-03-2025 14:05:28.269;340036
3;04-03-2025 13:59:48.233;04-03-2025 14:05:33.273;345040
3;04-03-2025 13:59:48.233;04-03-2025 14:05:38.277;350044
1;04-03-2025 14:05:37.175;04-03-2025 14:05:38.718;1543
3;04-03-2025 13:59:48.233;04-03-2025 14:05:43.268;355035
3;04-03-2025 13:59:48.233;04-03-2025 14:05:48.272;360039
0;04-03-2025 14:05:32.806;04-03-2025 14:05:50.808;18002
3;04-03-2025 13:59:48.233;04-03-2025 14:05:53.274;365041
1;04-03-2025 14:05:37.175;04-03-2025 14:05:56.212;19037
3;04-03-2025 13:59:48.233;04-03-2025 14:05:58.267;370034
3;04-03-2025 13:59:48.233;04-03-2025 14:06:03.266;375033
3;04-03-2025 13:59:48.233;04-03-2025 14:06:08.268;380035
3;04-03-2025 13:59:48.233;04-03-2025 14:06:13.256;385023
3;04-03-2025 13:59:48.233;04-03-2025 14:06:18.305;390072
0;04-03-2025 14:06:06.832;04-03-2025 14:06:21.772;14940
3;04-03-2025 13:59:48.233;04-03-2025 14:06:23.266;395033
3;04-03-2025 13:59:48.233;04-03-2025 14:06:28.271;400038
3;04-03-2025 13:59:48.233;04-03-2025 14:06:33.276;405043
3;04-03-2025 13:59:48.233;04-03-2025 14:06:38.264;410031
3;04-03-2025 13:59:48.233;04-03-2025 14:06:43.267;415034
3;04-03-2025 13:59:48.233;04-03-2025 14:06:48.274;420041
3;04-03-2025 13:59:48.233;04-03-2025 14:06:53.264;425031
3;04-03-2025 13:59:48.233;04-03-2025 14:06:58.273;430040
3;04-03-2025 13:59:48.233;04-03-2025 14:07:03.276;435043
3;04-03-2025 13:59:48.233;04-03-2025 14:07:08.261;440028
3;04-03-2025 13:59:48.233;04-03-2025 14:07:13.266;445033
3;04-03-2025 13:59:48.233;04-03-2025 14:07:18.272;450039
2;04-03-2025 14:07:21.037;04-03-2025 14:07:22.005;968
3;04-03-2025 13:59:48.233;04-03-2025 14:07:23.274;455041
3;04-03-2025 13:59:48.233;04-03-2025 14:07:28.268;460035
3;04-03-2025 13:59:48.233;04-03-2025 14:07:33.272;465039
3;04-03-2025 13:59:48.233;04-03-2025 14:07:38.273;470040
3;04-03-2025 13:59:48.233;04-03-2025 14:07:43.265;475032
3;04-03-2025 13:59:48.233;04-03-2025 14:07:48.255;480022
3;04-03-2025 13:59:48.233;04-03-2025 14:07:53.256;485023
3;04-03-2025 13:59:48.233;04-03-2025 14:07:58.261;490028
3;04-03-2025 13:59:48.233;04-03-2025 14:08:03.263;495030
3;04-03-2025 13:59:48.233;04-03-2025 14:08:08.268;500035
3;04-03-2025 13:59:48.233;04-03-2025 14:08:13.274;505041
3;04-03-2025 13:59:48.233;04-03-2025 14:08:18.265;510032
3;04-03-2025 13:59:48.233;04-03-2025 14:08:23.267;515034
1;04-03-2025 14:08:00.882;04-03-2025 14:08:23.484;22602
2;04-03-2025 14:08:00.430;04-03-2025 14:08:27.341;26911
3;04-03-2025 13:59:48.233;04-03-2025 14:08:28.258;520025
3;04-03-2025 13:59:48.233;04-03-2025 14:08:33.263;525030
3;04-03-2025 13:59:48.233;04-03-2025 14:08:38.270;530037
2;04-03-2025 14:08:00.430;04-03-2025 14:08:40.977;40547
3;04-03-2025 13:59:48.233;04-03-2025 14:08:43.272;535039
3;04-03-2025 13:59:48.233;04-03-2025 14:08:48.276;540043
3;04-03-2025 13:59:48.233;04-03-2025 14:08:53.265;545032
3;04-03-2025 13:59:48.233;04-03-2025 14:08:58.272;550039
3;04-03-2025 13:59:48.233;04-03-2025 14:09:03.276;555043
3;04-03-2025 13:59:48.233;04-03-2025 14:09:08.266;560033
1;04-03-2025 14:08:57.824;04-03-2025 14:09:12.705;14881
3;04-03-2025 13:59:48.233;04-03-2025 14:09:13.271;565038
3;04-03-2025 13:59:48.233;04-03-2025 14:09:18.260;570027
3;04-03-2025 13:59:48.233;04-03-2025 14:09:23.267;575034
3;04-03-2025 13:59:48.233;04-03-2025 14:09:28.274;580041
2;04-03-2025 14:08:57.712;04-03-2025 14:09:30.573;32861
3;04-03-2025 13:59:48.233;04-03-2025 14:09:33.266;585033
3;04-03-2025 13:59:48.233;04-03-2025 14:09:38.268;590035
3;04-03-2025 13:59:48.233;04-03-2025 14:09:43.274;595041
3;04-03-2025 13:59:48.233;04-03-2025 14:09:48.266;600033
3;04-03-2025 13:59:48.233;04-03-2025 14:09:53.269;605036
3;04-03-2025 13:59:48.233;04-03-2025 14:09:58.279;610046
3;04-03-2025 13:59:48.233;04-03-2025 14:10:03.275;615042
3;04-03-2025 13:59:48.233;04-03-2025 14:10:08.269;620036
1;04-03-2025 14:10:10.027;04-03-2025 14:10:11.230;1203
3;04-03-2025 13:59:48.233;04-03-2025 14:10:13.273;625040
3;04-03-2025 13:59:48.233;04-03-2025 14:10:18.277;630044
1;04-03-2025 14:10:15.573;04-03-2025 14:10:20.655;5082
3;04-03-2025 13:59:48.233;04-03-2025 14:10:23.282;635049
1;04-03-2025 14:10:21.863;04-03-2025 14:10:26.299;4436
3;04-03-2025 13:59:48.233;04-03-2025 14:10:28.274;640041
3;04-03-2025 13:59:48.233;04-03-2025 14:10:33.260;645027
3;04-03-2025 13:59:48.233;04-03-2025 14:10:38.270;650037
0;04-03-2025 14:10:36.024;04-03-2025 14:10:38.825;2801
3;04-03-2025 13:59:48.233;04-03-2025 14:10:43.261;655028
3;04-03-2025 13:59:48.233;04-03-2025 14:10:48.268;660035
3;04-03-2025 13:59:48.233;04-03-2025 14:10:53.253;665020
1;04-03-2025 14:10:50.594;04-03-2025 14:10:56.358;5764
0;04-03-2025 14:10:56.942;04-03-2025 14:10:57.051;109
3;04-03-2025 13:59:48.233;04-03-2025 14:10:58.273;670040
3;04-03-2025 13:59:48.233;04-03-2025 14:11:03.263;675030
3;04-03-2025 13:59:48.233;04-03-2025 14:11:08.269;680036
1;04-03-2025 14:11:04.514;04-03-2025 14:11:09.543;5029
3;04-03-2025 13:59:48.233;04-03-2025 14:11:13.272;685039
1;04-03-2025 14:11:04.514;04-03-2025 14:11:16.144;11630
3;04-03-2025 13:59:48.233;04-03-2025 14:11:18.262;690029
1;04-03-2025 14:11:04.514;04-03-2025 14:11:20.640;16126
3;04-03-2025 13:59:48.233;04-03-2025 14:11:23.268;695035
3;04-03-2025 13:59:48.233;04-03-2025 14:11:28.271;700038
1;04-03-2025 14:11:22.893;04-03-2025 14:11:35.478;12585
3;04-03-2025 14:11:43.232;04-03-2025 14:11:43.289;57
3;04-03-2025 14:11:43.232;04-03-2025 14:11:43.337;105
1;04-03-2025 14:11:22.893;04-03-2025 14:11:45.964;23071
3;04-03-2025 14:11:43.232;04-03-2025 14:11:48.282;5050
3;04-03-2025 14:11:43.232;04-03-2025 14:11:53.269;10037
3;04-03-2025 14:11:43.232;04-03-2025 14:11:58.276;15044
3;04-03-2025 14:11:43.232;04-03-2025 14:12:03.265;20033
2;04-03-2025 14:12:03.909;04-03-2025 14:12:06.775;2866
3;04-03-2025 14:11:43.232;04-03-2025 14:12:08.267;25035
3;04-03-2025 14:11:43.232;04-03-2025 14:12:13.274;30042
3;04-03-2025 14:12:28.226;04-03-2025 14:12:28.273;47
3;04-03-2025 14:12:28.226;04-03-2025 14:12:33.264;5038
3;04-03-2025 14:12:28.226;04-03-2025 14:12:38.270;10044
3;04-03-2025 14:12:28.226;04-03-2025 14:12:43.273;15047
3;04-03-2025 14:12:58.236;04-03-2025 14:12:58.291;55
3;04-03-2025 14:12:58.236;04-03-2025 14:12:58.354;118
3;04-03-2025 14:12:58.236;04-03-2025 14:13:03.266;5030
3;04-03-2025 14:12:58.236;04-03-2025 14:13:08.269;10033
1;04-03-2025 14:13:02.531;04-03-2025 14:13:12.851;10320
3;04-03-2025 14:12:58.236;04-03-2025 14:13:13.275;15039
3;04-03-2025 14:13:28.226;04-03-2025 14:13:28.274;48
3;04-03-2025 14:13:28.226;04-03-2025 14:13:33.262;5036
3;04-03-2025 14:13:28.226;04-03-2025 14:13:38.267;10041
3;04-03-2025 14:13:28.226;04-03-2025 14:13:43.260;15034
3;04-03-2025 14:13:28.226;04-03-2025 14:13:48.264;20038
3;04-03-2025 14:13:28.226;04-03-2025 14:13:53.268;25042
3;04-03-2025 14:13:28.226;04-03-2025 14:13:58.259;30033
3;04-03-2025 14:13:28.226;04-03-2025 14:14:03.261;35035
3;04-03-2025 14:13:28.226;04-03-2025 14:14:08.266;40040
1;04-03-2025 14:13:41.494;04-03-2025 14:14:13.170;31676
3;04-03-2025 14:13:28.226;04-03-2025 14:14:13.272;45046
3;04-03-2025 14:13:28.226;04-03-2025 14:14:18.260;50034
3;04-03-2025 14:13:28.226;04-03-2025 14:14:23.265;55039
3;04-03-2025 14:13:28.226;04-03-2025 14:14:28.267;60041
3;04-03-2025 14:13:28.226;04-03-2025 14:14:33.275;65049
3;04-03-2025 14:13:28.226;04-03-2025 14:14:38.263;70037
3;04-03-2025 14:13:28.226;04-03-2025 14:14:43.268;75042
3;04-03-2025 14:13:28.226;04-03-2025 14:14:48.272;80046
3;04-03-2025 14:13:28.226;04-03-2025 14:14:53.265;85039
3;04-03-2025 14:13:28.226;04-03-2025 14:14:58.267;90041
3;04-03-2025 14:13:28.226;04-03-2025 14:15:03.273;95047
3;04-03-2025 14:13:28.226;04-03-2025 14:15:08.263;100037
3;04-03-2025 14:13:28.226;04-03-2025 14:15:13.267;105041
3;04-03-2025 14:13:28.226;04-03-2025 14:15:18.275;110049
1;04-03-2025 14:15:01.445;04-03-2025 14:15:20.583;19138
1;04-03-2025 14:15:01.445;04-03-2025 14:15:23.462;22017
1;04-03-2025 14:15:01.445;04-03-2025 14:15:31.328;29883
3;04-03-2025 14:15:33.231;04-03-2025 14:15:33.286;55
3;04-03-2025 14:15:33.231;04-03-2025 14:15:33.348;117
1;04-03-2025 14:15:01.445;04-03-2025 14:15:33.616;32171
3;04-03-2025 14:15:33.231;04-03-2025 14:15:38.276;5045
2;04-03-2025 14:15:28.868;04-03-2025 14:15:40.605;11737
1;04-03-2025 14:15:01.445;04-03-2025 14:15:40.814;39369
3;04-03-2025 14:15:33.231;04-03-2025 14:15:43.265;10034
2;04-03-2025 14:15:28.868;04-03-2025 14:15:46.009;17141
3;04-03-2025 14:15:33.231;04-03-2025 14:15:48.270;15039
3;04-03-2025 14:15:33.231;04-03-2025 14:15:53.275;20044
1;04-03-2025 14:15:01.445;04-03-2025 14:16:06.319;64874
3;04-03-2025 14:16:08.231;04-03-2025 14:16:08.278;47
3;04-03-2025 14:16:08.231;04-03-2025 14:16:08.325;94
3;04-03-2025 14:16:08.231;04-03-2025 14:16:13.269;5038
3;04-03-2025 14:16:08.231;04-03-2025 14:16:18.273;10042
3;04-03-2025 14:16:08.231;04-03-2025 14:16:23.263;15032
3;04-03-2025 14:16:08.231;04-03-2025 14:16:28.286;20055
3;04-03-2025 14:16:08.231;04-03-2025 14:16:33.273;25042
3;04-03-2025 14:16:08.231;04-03-2025 14:16:38.263;30032
3;04-03-2025 14:16:08.231;04-03-2025 14:16:43.269;35038
3;04-03-2025 14:16:08.231;04-03-2025 14:16:48.273;40042
3;04-03-2025 14:16:08.231;04-03-2025 14:16:53.266;45035
3;04-03-2025 14:16:08.231;04-03-2025 14:16:58.270;50039
3;04-03-2025 14:16:08.231;04-03-2025 14:17:03.261;55030
3;04-03-2025 14:16:08.231;04-03-2025 14:17:08.267;60036
1;04-03-2025 14:16:18.925;04-03-2025 14:17:12.065;53140
3;04-03-2025 14:16:08.231;04-03-2025 14:17:13.272;65041
1;04-03-2025 14:16:18.925;04-03-2025 14:17:15.761;56836
3;04-03-2025 14:16:08.231;04-03-2025 14:17:18.262;70031
3;04-03-2025 14:16:08.231;04-03-2025 14:17:23.263;75032
3;04-03-2025 14:16:08.231;04-03-2025 14:17:28.264;80033
3;04-03-2025 14:16:08.231;04-03-2025 14:17:33.282;85051
3;04-03-2025 14:16:08.231;04-03-2025 14:17:38.272;90041
1;04-03-2025 14:16:18.925;04-03-2025 14:17:46.478;87553
3;04-03-2025 14:18:03.917;04-03-2025 14:18:03.962;45
3;04-03-2025 14:18:03.917;04-03-2025 14:18:04.045;128
3;04-03-2025 14:18:14.076;04-03-2025 14:18:14.135;59
3;04-03-2025 14:18:14.076;04-03-2025 14:18:14.203;127
1;04-03-2025 14:17:49.122;04-03-2025 14:18:17.625;28503
3;04-03-2025 14:18:14.076;04-03-2025 14:18:18.256;4180
1;04-03-2025 14:17:49.122;04-03-2025 14:18:20.769;31647
3;04-03-2025 14:18:14.076;04-03-2025 14:18:23.262;9186
3;04-03-2025 14:18:14.076;04-03-2025 14:18:28.266;14190
3;04-03-2025 14:18:14.076;04-03-2025 14:18:33.272;19196
3;04-03-2025 14:18:14.076;04-03-2025 14:18:38.264;24188
1;04-03-2025 14:18:23.079;04-03-2025 14:18:41.801;18722
3;04-03-2025 14:18:14.076;04-03-2025 14:18:43.268;29192
1;04-03-2025 14:18:23.079;04-03-2025 14:18:45.929;22850
3;04-03-2025 14:18:14.076;04-03-2025 14:18:48.272;34196
3;04-03-2025 14:18:14.076;04-03-2025 14:18:53.263;39187
3;04-03-2025 14:18:14.076;04-03-2025 14:18:58.267;44191
1;04-03-2025 14:18:54.960;04-03-2025 14:19:01.968;7008
3;04-03-2025 14:18:14.076;04-03-2025 14:19:03.270;49194
1;04-03-2025 14:18:54.960;04-03-2025 14:19:05.571;10611
2;04-03-2025 14:18:59.832;04-03-2025 14:19:05.808;5976
3;04-03-2025 14:18:14.076;04-03-2025 14:19:08.262;54186
1;04-03-2025 14:18:54.960;04-03-2025 14:19:08.375;13415
3;04-03-2025 14:18:14.076;04-03-2025 14:19:13.267;59191
1;04-03-2025 14:19:10.387;04-03-2025 14:19:16.922;6535
0;04-03-2025 14:19:20.713;04-03-2025 14:19:22.056;1343
3;04-03-2025 14:19:28.227;04-03-2025 14:19:28.266;39
1;04-03-2025 14:19:10.387;04-03-2025 14:19:31.149;20762
3;04-03-2025 14:19:28.227;04-03-2025 14:19:33.274;5047
3;04-03-2025 14:19:28.227;04-03-2025 14:19:38.263;10036
3;04-03-2025 14:19:28.227;04-03-2025 14:19:43.271;15044
3;04-03-2025 14:19:28.227;04-03-2025 14:19:48.276;20049
1;04-03-2025 14:19:10.387;04-03-2025 14:19:51.417;41030
3;04-03-2025 14:19:28.227;04-03-2025 14:19:53.280;25053
1;04-03-2025 14:19:10.387;04-03-2025 14:19:55.958;45571
3;04-03-2025 14:19:28.227;04-03-2025 14:19:58.268;30041
3;04-03-2025 14:19:28.227;04-03-2025 14:20:03.272;35045
3;04-03-2025 14:19:28.227;04-03-2025 14:20:08.261;40034
1;04-03-2025 14:20:11.157;04-03-2025 14:20:13.151;1994
3;04-03-2025 14:19:28.227;04-03-2025 14:20:13.269;45042
3;04-03-2025 14:19:28.227;04-03-2025 14:20:18.272;50045
3;04-03-2025 14:19:28.227;04-03-2025 14:20:23.263;55036
3;04-03-2025 14:19:28.227;04-03-2025 14:20:28.269;60042
3;04-03-2025 14:19:28.227;04-03-2025 14:20:33.275;65048
1;04-03-2025 14:20:11.157;04-03-2025 14:20:39.937;28780
3;04-03-2025 14:20:48.233;04-03-2025 14:20:48.274;41
3;04-03-2025 14:20:48.233;04-03-2025 14:20:48.321;88
3;04-03-2025 14:20:48.233;04-03-2025 14:20:53.263;5030
3;04-03-2025 14:20:48.233;04-03-2025 14:20:58.267;10034
3;04-03-2025 14:20:48.233;04-03-2025 14:21:03.275;15042
3;04-03-2025 14:20:48.233;04-03-2025 14:21:08.263;20030
3;04-03-2025 14:20:48.233;04-03-2025 14:21:13.268;25035
3;04-03-2025 14:20:48.233;04-03-2025 14:21:18.272;30039
1;04-03-2025 14:20:11.157;04-03-2025 14:21:20.601;69444
3;04-03-2025 14:20:48.233;04-03-2025 14:21:23.261;35028
3;04-03-2025 14:20:48.233;04-03-2025 14:21:28.266;40033
3;04-03-2025 14:20:48.233;04-03-2025 14:21:33.275;45042
3;04-03-2025 14:20:48.233;04-03-2025 14:21:38.276;50043
3;04-03-2025 14:20:48.233;04-03-2025 14:21:43.267;55034
3;04-03-2025 14:20:48.233;04-03-2025 14:21:48.272;60039
3;04-03-2025 14:20:48.233;04-03-2025 14:21:53.275;65042
3;04-03-2025 14:20:48.233;04-03-2025 14:21:58.264;70031
3;04-03-2025 14:20:48.233;04-03-2025 14:22:03.268;75035
3;04-03-2025 14:20:48.233;04-03-2025 14:22:08.275;80042
3;04-03-2025 14:20:48.233;04-03-2025 14:22:13.263;85030
3;04-03-2025 14:20:48.233;04-03-2025 14:22:18.267;90034
3;04-03-2025 14:20:48.233;04-03-2025 14:22:23.273;95040
3;04-03-2025 14:20:48.233;04-03-2025 14:22:28.268;100035
3;04-03-2025 14:20:48.233;04-03-2025 14:22:33.267;105034
3;04-03-2025 14:20:48.233;04-03-2025 14:22:38.276;110043
3;04-03-2025 14:20:48.233;04-03-2025 14:22:43.263;115030
3;04-03-2025 14:20:48.233;04-03-2025 14:22:48.268;120035
2;04-03-2025 14:22:50.452;04-03-2025 14:22:52.869;2417
3;04-03-2025 14:20:48.233;04-03-2025 14:22:53.275;125042
3;04-03-2025 14:20:48.233;04-03-2025 14:22:58.264;130031
3;04-03-2025 14:20:48.233;04-03-2025 14:23:03.271;135038
3;04-03-2025 14:20:48.233;04-03-2025 14:23:08.260;140027
3;04-03-2025 14:20:48.233;04-03-2025 14:23:13.254;145021
3;04-03-2025 14:20:48.233;04-03-2025 14:23:18.273;150040
3;04-03-2025 14:20:48.233;04-03-2025 14:23:23.267;155034
3;04-03-2025 14:20:48.233;04-03-2025 14:23:28.253;160020
3;04-03-2025 14:20:48.233;04-03-2025 14:23:33.271;165038
3;04-03-2025 14:23:48.232;04-03-2025 14:23:48.271;39
3;04-03-2025 14:23:48.232;04-03-2025 14:23:48.345;113
3;04-03-2025 14:23:48.232;04-03-2025 14:23:53.262;5030
3;04-03-2025 14:23:48.232;04-03-2025 14:23:58.269;10037
1;04-03-2025 14:23:06.937;04-03-2025 14:24:01.645;54708
3;04-03-2025 14:23:48.232;04-03-2025 14:24:03.271;15039
2;04-03-2025 14:24:00.864;04-03-2025 14:24:08.113;7249
3;04-03-2025 14:23:48.232;04-03-2025 14:24:08.278;20046
3;04-03-2025 14:23:48.232;04-03-2025 14:24:13.269;25037
2;04-03-2025 14:24:10.546;04-03-2025 14:24:13.933;3387
3;04-03-2025 14:23:48.232;04-03-2025 14:24:18.275;30043
3;04-03-2025 14:23:48.232;04-03-2025 14:24:23.263;35031
3;04-03-2025 14:23:48.232;04-03-2025 14:24:28.268;40036
1;04-03-2025 14:23:06.937;04-03-2025 14:24:31.085;84148
3;04-03-2025 14:23:48.232;04-03-2025 14:24:33.273;45041
1;04-03-2025 14:23:06.937;04-03-2025 14:24:38.009;91072
3;04-03-2025 14:23:48.232;04-03-2025 14:24:38.262;50030
3;04-03-2025 14:23:48.232;04-03-2025 14:24:43.250;55018
3;04-03-2025 14:23:48.232;04-03-2025 14:24:48.273;60041
3;04-03-2025 14:23:48.232;04-03-2025 14:24:53.279;65047
3;04-03-2025 14:23:48.232;04-03-2025 14:24:58.270;70038
1;04-03-2025 14:24:41.560;04-03-2025 14:24:59.000;17440
3;04-03-2025 14:23:48.232;04-03-2025 14:25:03.274;75042
0;04-03-2025 14:25:04.543;04-03-2025 14:25:08.001;3458
3;04-03-2025 14:23:48.232;04-03-2025 14:25:08.263;80031
3;04-03-2025 14:25:23.238;04-03-2025 14:25:23.279;41
3;04-03-2025 14:25:23.238;04-03-2025 14:25:23.325;87
3;04-03-2025 14:25:23.238;04-03-2025 14:25:28.269;5031
3;04-03-2025 14:25:23.238;04-03-2025 14:25:33.275;10037
3;04-03-2025 14:25:23.238;04-03-2025 14:25:38.267;15029
3;04-03-2025 14:25:23.238;04-03-2025 14:25:43.268;20030
3;04-03-2025 14:25:23.238;04-03-2025 14:25:48.276;25038
0;04-03-2025 14:25:33.484;04-03-2025 14:25:52.410;18926
2;04-03-2025 14:25:51.286;04-03-2025 14:25:52.569;1283
0;04-03-2025 14:25:33.484;04-03-2025 14:25:55.721;22237
2;04-03-2025 14:25:51.286;04-03-2025 14:25:56.198;4912
3;04-03-2025 14:26:03.231;04-03-2025 14:26:03.273;42
3;04-03-2025 14:26:03.231;04-03-2025 14:26:03.355;124
3;04-03-2025 14:26:03.231;04-03-2025 14:26:08.262;5031
3;04-03-2025 14:26:03.231;04-03-2025 14:26:13.266;10035
3;04-03-2025 14:26:03.231;04-03-2025 14:26:18.272;15041
3;04-03-2025 14:26:03.231;04-03-2025 14:26:23.276;20045
3;04-03-2025 14:26:03.231;04-03-2025 14:26:28.263;25032
3;04-03-2025 14:26:03.231;04-03-2025 14:26:33.270;30039
3;04-03-2025 14:26:03.231;04-03-2025 14:26:38.274;35043
3;04-03-2025 14:26:03.231;04-03-2025 14:26:43.263;40032
3;04-03-2025 14:26:58.231;04-03-2025 14:26:58.279;48
3;04-03-2025 14:26:58.231;04-03-2025 14:26:58.325;94
1;04-03-2025 14:26:33.133;04-03-2025 14:26:58.384;25251
3;04-03-2025 14:26:58.231;04-03-2025 14:27:03.268;5037
3;04-03-2025 14:26:58.231;04-03-2025 14:27:08.273;10042
3;04-03-2025 14:26:58.231;04-03-2025 14:27:13.265;15034
3;04-03-2025 14:26:58.231;04-03-2025 14:27:18.272;20041
3;04-03-2025 14:26:58.231;04-03-2025 14:27:23.260;25029
3;04-03-2025 14:26:58.231;04-03-2025 14:27:28.268;30037
3;04-03-2025 14:26:58.231;04-03-2025 14:27:33.270;35039
3;04-03-2025 14:26:58.231;04-03-2025 14:27:38.258;40027
3;04-03-2025 14:26:58.231;04-03-2025 14:27:43.263;45032
3;04-03-2025 14:26:58.231;04-03-2025 14:27:48.269;50038
0;04-03-2025 14:27:51.965;04-03-2025 14:27:53.151;1186
3;04-03-2025 14:26:58.231;04-03-2025 14:27:53.261;55030
0;04-03-2025 14:27:51.965;04-03-2025 14:27:54.313;2348
3;04-03-2025 14:26:58.231;04-03-2025 14:27:58.265;60034
3;04-03-2025 14:26:58.231;04-03-2025 14:28:03.268;65037
3;04-03-2025 14:26:58.231;04-03-2025 14:28:08.275;70044
3;04-03-2025 14:26:58.231;04-03-2025 14:28:13.265;75034
3;04-03-2025 14:26:58.231;04-03-2025 14:28:18.272;80041
3;04-03-2025 14:26:58.231;04-03-2025 14:28:23.261;85030
3;04-03-2025 14:26:58.231;04-03-2025 14:28:28.269;90038
3;04-03-2025 14:26:58.231;04-03-2025 14:28:33.273;95042
3;04-03-2025 14:26:58.231;04-03-2025 14:28:38.260;100029
3;04-03-2025 14:28:53.233;04-03-2025 14:28:53.288;55
3;04-03-2025 14:28:53.233;04-03-2025 14:28:53.350;117
3;04-03-2025 14:28:53.233;04-03-2025 14:28:58.260;5027
3;04-03-2025 14:28:53.233;04-03-2025 14:29:03.267;10034
3;04-03-2025 14:28:53.233;04-03-2025 14:29:08.272;15039
3;04-03-2025 14:28:53.233;04-03-2025 14:29:13.263;20030
3;04-03-2025 14:28:53.233;04-03-2025 14:29:18.267;25034
3;04-03-2025 14:28:53.233;04-03-2025 14:29:23.272;30039
0;04-03-2025 14:28:18.385;04-03-2025 14:29:25.090;66705
3;04-03-2025 14:28:53.233;04-03-2025 14:29:28.261;35028
3;04-03-2025 14:28:53.233;04-03-2025 14:29:33.263;40030
3;04-03-2025 14:28:53.233;04-03-2025 14:29:38.269;45036
3;04-03-2025 14:28:53.233;04-03-2025 14:29:43.273;50040
3;04-03-2025 14:28:53.233;04-03-2025 14:29:48.275;55042
1;04-03-2025 14:29:45.965;04-03-2025 14:29:51.819;5854
3;04-03-2025 14:28:53.233;04-03-2025 14:29:53.264;60031
3;04-03-2025 14:28:53.233;04-03-2025 14:29:58.269;65036
3;04-03-2025 14:28:53.233;04-03-2025 14:30:03.274;70041
2;04-03-2025 14:30:06.709;04-03-2025 14:30:07.185;476
3;04-03-2025 14:28:53.233;04-03-2025 14:30:08.262;75029
3;04-03-2025 14:28:53.233;04-03-2025 14:30:13.252;80019
3;04-03-2025 14:28:53.233;04-03-2025 14:30:18.267;85034
1;04-03-2025 14:29:45.965;04-03-2025 14:30:20.782;34817
0;04-03-2025 14:30:10.878;04-03-2025 14:30:22.652;11774
3;04-03-2025 14:28:53.233;04-03-2025 14:30:23.265;90032
3;04-03-2025 14:28:53.233;04-03-2025 14:30:28.272;95039
1;04-03-2025 14:29:45.965;04-03-2025 14:30:30.647;44682
3;04-03-2025 14:28:53.233;04-03-2025 14:30:33.276;100043
3;04-03-2025 14:28:53.233;04-03-2025 14:30:38.268;105035
3;04-03-2025 14:28:53.233;04-03-2025 14:30:43.271;110038
3;04-03-2025 14:28:53.233;04-03-2025 14:30:48.277;115044
3;04-03-2025 14:28:53.233;04-03-2025 14:30:53.267;120034
3;04-03-2025 14:28:53.233;04-03-2025 14:30:58.272;125039
3;04-03-2025 14:28:53.233;04-03-2025 14:31:03.264;130031
3;04-03-2025 14:28:53.233;04-03-2025 14:31:08.265;135032
3;04-03-2025 14:28:53.233;04-03-2025 14:31:13.269;140036
3;04-03-2025 14:28:53.233;04-03-2025 14:31:18.261;145028
3;04-03-2025 14:28:53.233;04-03-2025 14:31:23.265;150032
3;04-03-2025 14:31:38.232;04-03-2025 14:31:38.278;46
3;04-03-2025 14:31:38.232;04-03-2025 14:31:38.326;94
3;04-03-2025 14:31:38.232;04-03-2025 14:31:43.267;5035
1;04-03-2025 14:30:54.173;04-03-2025 14:31:46.297;52124
3;04-03-2025 14:31:38.232;04-03-2025 14:31:48.272;10040
3;04-03-2025 14:31:38.232;04-03-2025 14:31:53.261;15029
3;04-03-2025 14:31:38.232;04-03-2025 14:31:58.267;20035
3;04-03-2025 14:32:13.232;04-03-2025 14:32:13.290;58
3;04-03-2025 14:32:13.232;04-03-2025 14:32:13.353;121
3;04-03-2025 14:32:13.232;04-03-2025 14:32:18.265;5033
3;04-03-2025 14:32:13.232;04-03-2025 14:32:23.269;10037
3;04-03-2025 14:32:13.232;04-03-2025 14:32:28.274;15042
1;04-03-2025 14:32:29.934;04-03-2025 14:32:30.773;839
3;04-03-2025 14:32:13.232;04-03-2025 14:32:33.263;20031
3;04-03-2025 14:32:13.232;04-03-2025 14:32:38.267;25035
3;04-03-2025 14:32:13.232;04-03-2025 14:32:43.271;30039
3;04-03-2025 14:32:13.232;04-03-2025 14:32:48.273;35041
3;04-03-2025 14:32:13.232;04-03-2025 14:32:53.263;40031
3;04-03-2025 14:32:13.232;04-03-2025 14:32:58.268;45036
3;04-03-2025 14:32:13.232;04-03-2025 14:33:03.273;50041
3;04-03-2025 14:32:13.232;04-03-2025 14:33:08.261;55029
3;04-03-2025 14:32:13.232;04-03-2025 14:33:13.266;60034
3;04-03-2025 14:32:13.232;04-03-2025 14:33:18.274;65042
3;04-03-2025 14:32:13.232;04-03-2025 14:33:23.276;70044
3;04-03-2025 14:32:13.232;04-03-2025 14:33:28.265;75033
3;04-03-2025 14:32:13.232;04-03-2025 14:33:33.272;80040
3;04-03-2025 14:32:13.232;04-03-2025 14:33:38.275;85043
3;04-03-2025 14:32:13.232;04-03-2025 14:33:43.265;90033
3;04-03-2025 14:32:13.232;04-03-2025 14:33:48.271;95039
0;04-03-2025 14:33:47.567;04-03-2025 14:33:52.325;4758
2;04-03-2025 14:33:36.303;04-03-2025 14:33:52.437;16134
1;04-03-2025 14:33:07.958;04-03-2025 14:33:52.885;44927
3;04-03-2025 14:32:13.232;04-03-2025 14:33:53.260;100028
3;04-03-2025 14:32:13.232;04-03-2025 14:33:58.263;105031
1;04-03-2025 14:33:57.381;04-03-2025 14:34:02.592;5211
3;04-03-2025 14:32:13.232;04-03-2025 14:34:03.270;110038
3;04-03-2025 14:32:13.232;04-03-2025 14:34:08.275;115043
3;04-03-2025 14:32:13.232;04-03-2025 14:34:13.263;120031
3;04-03-2025 14:34:28.228;04-03-2025 14:34:28.258;30
1;04-03-2025 14:34:16.599;04-03-2025 14:34:31.116;14517
3;04-03-2025 14:34:28.228;04-03-2025 14:34:33.250;5022
3;04-03-2025 14:34:28.228;04-03-2025 14:34:38.272;10044
3;04-03-2025 14:34:28.228;04-03-2025 14:34:43.260;15032
3;04-03-2025 14:34:28.228;04-03-2025 14:34:48.262;20034
3;04-03-2025 14:34:28.228;04-03-2025 14:34:53.267;25039
3;04-03-2025 14:34:28.228;04-03-2025 14:34:58.273;30045
3;04-03-2025 14:34:28.228;04-03-2025 14:35:03.262;35034
3;04-03-2025 14:34:28.228;04-03-2025 14:35:08.269;40041
3;04-03-2025 14:34:28.228;04-03-2025 14:35:13.274;45046
3;04-03-2025 14:34:28.228;04-03-2025 14:35:18.264;50036
3;04-03-2025 14:34:28.228;04-03-2025 14:35:23.265;55037
1;04-03-2025 14:34:16.599;04-03-2025 14:35:27.691;71092
3;04-03-2025 14:34:28.228;04-03-2025 14:35:28.273;60045
3;04-03-2025 14:34:28.228;04-03-2025 14:35:33.261;65033
3;04-03-2025 14:34:28.228;04-03-2025 14:35:38.271;70043
3;04-03-2025 14:34:28.228;04-03-2025 14:35:43.273;75045
3;04-03-2025 14:34:28.228;04-03-2025 14:35:48.276;80048
3;04-03-2025 14:34:28.228;04-03-2025 14:35:53.266;85038
3;04-03-2025 14:34:28.228;04-03-2025 14:35:58.269;90041
3;04-03-2025 14:34:28.228;04-03-2025 14:36:03.274;95046
3;04-03-2025 14:34:28.228;04-03-2025 14:36:08.265;100037
3;04-03-2025 14:34:28.228;04-03-2025 14:36:13.269;105041
3;04-03-2025 14:36:28.226;04-03-2025 14:36:28.268;42
3;04-03-2025 14:36:28.226;04-03-2025 14:36:33.276;5050
3;04-03-2025 14:36:28.226;04-03-2025 14:36:38.262;10036
3;04-03-2025 14:36:28.226;04-03-2025 14:36:43.265;15039
3;04-03-2025 14:36:28.226;04-03-2025 14:36:48.266;20040
3;04-03-2025 14:36:28.226;04-03-2025 14:36:53.271;25045
3;04-03-2025 14:36:28.226;04-03-2025 14:36:58.261;30035
3;04-03-2025 14:36:28.226;04-03-2025 14:37:03.265;35039
3;04-03-2025 14:36:28.226;04-03-2025 14:37:08.270;40044
1;04-03-2025 14:37:12.062;04-03-2025 14:37:12.116;54
3;04-03-2025 14:36:28.226;04-03-2025 14:37:13.275;45049
3;04-03-2025 14:37:28.227;04-03-2025 14:37:28.270;43
3;04-03-2025 14:37:28.227;04-03-2025 14:37:33.276;5049
1;04-03-2025 14:37:12.062;04-03-2025 14:37:33.559;21497
3;04-03-2025 14:37:28.227;04-03-2025 14:37:38.254;10027
3;04-03-2025 14:37:28.227;04-03-2025 14:37:43.273;15046
1;04-03-2025 14:37:42.118;04-03-2025 14:37:43.328;1210
2;04-03-2025 14:37:39.954;04-03-2025 14:37:43.446;3492
3;04-03-2025 14:37:28.227;04-03-2025 14:37:48.278;20051
3;04-03-2025 14:37:28.227;04-03-2025 14:37:53.267;25040
3;04-03-2025 14:37:28.227;04-03-2025 14:37:58.273;30046
3;04-03-2025 14:37:28.227;04-03-2025 14:38:03.265;35038
3;04-03-2025 14:37:28.227;04-03-2025 14:38:08.267;40040
3;04-03-2025 14:37:28.227;04-03-2025 14:38:13.269;45042
3;04-03-2025 14:37:28.227;04-03-2025 14:38:18.278;50051
3;04-03-2025 14:37:28.227;04-03-2025 14:38:23.266;55039
3;04-03-2025 14:37:28.227;04-03-2025 14:38:28.272;60045
3;04-03-2025 14:37:28.227;04-03-2025 14:38:33.280;65053
3;04-03-2025 14:37:28.227;04-03-2025 14:38:38.267;70040
3;04-03-2025 14:37:28.227;04-03-2025 14:38:43.275;75048
1;04-03-2025 14:37:42.118;04-03-2025 14:38:45.581;63463
3;04-03-2025 14:37:28.227;04-03-2025 14:38:48.275;80048
3;04-03-2025 14:37:28.227;04-03-2025 14:38:53.261;85034
3;04-03-2025 14:37:28.227;04-03-2025 14:38:58.267;90040
3;04-03-2025 14:37:28.227;04-03-2025 14:39:03.272;95045
3;04-03-2025 14:37:28.227;04-03-2025 14:39:08.260;100033
3;04-03-2025 14:37:28.227;04-03-2025 14:39:13.265;105038
1;04-03-2025 14:39:00.023;04-03-2025 14:39:13.980;13957
3;04-03-2025 14:37:28.227;04-03-2025 14:39:18.271;110044
3;04-03-2025 14:37:28.227;04-03-2025 14:39:23.276;115049
3;04-03-2025 14:37:28.227;04-03-2025 14:39:28.261;120034
3;04-03-2025 14:37:28.227;04-03-2025 14:39:33.268;125041
3;04-03-2025 14:37:28.227;04-03-2025 14:39:38.272;130045
3;04-03-2025 14:37:28.227;04-03-2025 14:39:43.276;135049
3;04-03-2025 14:37:28.227;04-03-2025 14:39:48.267;140040
3;04-03-2025 14:37:28.227;04-03-2025 14:39:53.272;145045
3;04-03-2025 14:37:28.227;04-03-2025 14:39:58.290;150063
3;04-03-2025 14:37:28.227;04-03-2025 14:40:03.265;155038
3;04-03-2025 14:37:28.227;04-03-2025 14:40:08.268;160041
3;04-03-2025 14:37:28.227;04-03-2025 14:40:13.276;165049
3;04-03-2025 14:37:28.227;04-03-2025 14:40:18.305;170078
3;04-03-2025 14:37:28.227;04-03-2025 14:40:23.253;175026
3;04-03-2025 14:37:28.227;04-03-2025 14:40:28.276;180049
3;04-03-2025 14:37:28.227;04-03-2025 14:40:33.276;185049
3;04-03-2025 14:37:28.227;04-03-2025 14:40:38.267;190040
3;04-03-2025 14:37:28.227;04-03-2025 14:40:43.273;195046
3;04-03-2025 14:37:28.227;04-03-2025 14:40:48.282;200055
2;04-03-2025 14:40:43.442;04-03-2025 14:40:50.672;7230
3;04-03-2025 14:37:28.227;04-03-2025 14:40:53.272;205045
1;04-03-2025 14:40:09.770;04-03-2025 14:40:56.222;46452
3;04-03-2025 14:37:28.227;04-03-2025 14:40:58.277;210050
3;04-03-2025 14:37:28.227;04-03-2025 14:41:03.266;215039
3;04-03-2025 14:37:28.227;04-03-2025 14:41:08.273;220046
1;04-03-2025 14:40:09.770;04-03-2025 14:41:10.250;60480
3;04-03-2025 14:37:28.227;04-03-2025 14:41:13.276;225049
3;04-03-2025 14:41:28.227;04-03-2025 14:41:28.273;46
3;04-03-2025 14:41:28.227;04-03-2025 14:41:33.266;5039
3;04-03-2025 14:41:28.227;04-03-2025 14:41:38.267;10040
3;04-03-2025 14:41:53.234;04-03-2025 14:41:53.284;50
3;04-03-2025 14:41:53.234;04-03-2025 14:41:53.355;121
3;04-03-2025 14:41:53.234;04-03-2025 14:41:58.273;5039
3;04-03-2025 14:41:53.234;04-03-2025 14:42:03.277;10043
3;04-03-2025 14:41:53.234;04-03-2025 14:42:08.264;15030
3;04-03-2025 14:42:23.235;04-03-2025 14:42:23.296;61
3;04-03-2025 14:42:23.235;04-03-2025 14:42:23.343;108
3;04-03-2025 14:42:23.235;04-03-2025 14:42:28.278;5043
3;04-03-2025 14:42:23.235;04-03-2025 14:42:33.276;10041
3;04-03-2025 14:42:23.235;04-03-2025 14:42:38.264;15029
3;04-03-2025 14:42:23.235;04-03-2025 14:42:43.350;20115
0;04-03-2025 14:42:36.269;04-03-2025 14:42:46.415;10146
1;04-03-2025 14:42:45.962;04-03-2025 14:42:46.784;822
3;04-03-2025 14:42:23.235;04-03-2025 14:42:48.261;25026
3;04-03-2025 14:42:23.235;04-03-2025 14:42:53.268;30033
3;04-03-2025 14:42:23.235;04-03-2025 14:42:58.272;35037
1;04-03-2025 14:42:45.962;04-03-2025 14:43:01.047;15085
2;04-03-2025 14:42:50.130;04-03-2025 14:43:01.559;11429
3;04-03-2025 14:42:23.235;04-03-2025 14:43:03.278;40043
2;04-03-2025 14:43:04.761;04-03-2025 14:43:05.543;782
0;04-03-2025 14:42:55.198;04-03-2025 14:43:06.870;11672
3;04-03-2025 14:42:23.235;04-03-2025 14:43:08.269;45034
3;04-03-2025 14:42:23.235;04-03-2025 14:43:13.274;50039
3;04-03-2025 14:42:23.235;04-03-2025 14:43:18.261;55026
3;04-03-2025 14:42:23.235;04-03-2025 14:43:23.265;60030
3;04-03-2025 14:42:23.235;04-03-2025 14:43:28.269;65034
2;04-03-2025 14:43:19.010;04-03-2025 14:43:32.844;13834
3;04-03-2025 14:42:23.235;04-03-2025 14:43:33.276;70041
3;04-03-2025 14:42:23.235;04-03-2025 14:43:38.265;75030
1;04-03-2025 14:42:45.962;04-03-2025 14:43:42.590;56628
3;04-03-2025 14:42:23.235;04-03-2025 14:43:43.269;80034
0;04-03-2025 14:43:43.687;04-03-2025 14:43:49.389;5702
2;04-03-2025 14:43:19.010;04-03-2025 14:43:51.066;32056
3;04-03-2025 14:43:58.235;04-03-2025 14:43:58.285;50
3;04-03-2025 14:43:58.235;04-03-2025 14:43:58.349;114
1;04-03-2025 14:43:52.065;04-03-2025 14:44:00.703;8638
3;04-03-2025 14:43:58.235;04-03-2025 14:44:03.275;5040
3;04-03-2025 14:43:58.235;04-03-2025 14:44:08.263;10028
3;04-03-2025 14:43:58.235;04-03-2025 14:44:13.269;15034
3;04-03-2025 14:43:58.235;04-03-2025 14:44:18.274;20039
3;04-03-2025 14:43:58.235;04-03-2025 14:44:23.261;25026
0;04-03-2025 14:44:02.390;04-03-2025 14:44:26.512;24122
3;04-03-2025 14:43:58.235;04-03-2025 14:44:28.263;30028
1;04-03-2025 14:43:52.065;04-03-2025 14:44:30.952;38887
3;04-03-2025 14:43:58.235;04-03-2025 14:44:33.271;35036
3;04-03-2025 14:43:58.235;04-03-2025 14:44:38.284;40049
1;04-03-2025 14:43:52.065;04-03-2025 14:44:40.611;48546
3;04-03-2025 14:43:58.235;04-03-2025 14:44:43.273;45038
1;04-03-2025 14:43:52.065;04-03-2025 14:44:47.038;54973
1;04-03-2025 14:43:52.065;04-03-2025 14:44:51.659;59594
2;04-03-2025 14:44:23.643;04-03-2025 14:44:56.880;33237
3;04-03-2025 14:44:58.234;04-03-2025 14:44:58.279;45
3;04-03-2025 14:44:58.234;04-03-2025 14:44:58.330;96
1;04-03-2025 14:43:52.065;04-03-2025 14:45:01.055;68990
3;04-03-2025 14:44:58.234;04-03-2025 14:45:03.271;5037
3;04-03-2025 14:44:58.234;04-03-2025 14:45:08.270;10036
1;04-03-2025 14:45:18.718;04-03-2025 14:45:21.025;2307
3;04-03-2025 14:45:23.236;04-03-2025 14:45:23.291;55
3;04-03-2025 14:45:23.236;04-03-2025 14:45:23.338;102
3;04-03-2025 14:45:23.236;04-03-2025 14:45:28.291;5055
3;04-03-2025 14:45:23.236;04-03-2025 14:45:33.264;10028
3;04-03-2025 14:45:23.236;04-03-2025 14:45:38.272;15036
3;04-03-2025 14:45:23.236;04-03-2025 14:45:43.262;20026
3;04-03-2025 14:45:23.236;04-03-2025 14:45:48.267;25031
3;04-03-2025 14:45:23.236;04-03-2025 14:45:53.257;30021
3;04-03-2025 14:45:23.236;04-03-2025 14:45:58.260;35024
3;04-03-2025 14:45:23.236;04-03-2025 14:46:03.267;40031
3;04-03-2025 14:45:23.236;04-03-2025 14:46:08.272;45036
3;04-03-2025 14:45:23.236;04-03-2025 14:46:13.276;50040
3;04-03-2025 14:45:23.236;04-03-2025 14:46:18.280;55044
3;04-03-2025 14:45:23.236;04-03-2025 14:46:23.271;60035
3;04-03-2025 14:45:23.236;04-03-2025 14:46:28.276;65040
1;04-03-2025 14:46:20.835;04-03-2025 14:46:29.214;8379
3;04-03-2025 14:45:23.236;04-03-2025 14:46:33.268;70032
1;04-03-2025 14:46:20.835;04-03-2025 14:46:36.873;16038
3;04-03-2025 14:45:23.236;04-03-2025 14:46:38.288;75052
3;04-03-2025 14:45:23.236;04-03-2025 14:46:43.276;80040
1;04-03-2025 14:46:46.356;04-03-2025 14:46:47.796;1440
3;04-03-2025 14:45:23.236;04-03-2025 14:46:48.267;85031
3;04-03-2025 14:45:23.236;04-03-2025 14:46:53.271;90035
1;04-03-2025 14:46:46.356;04-03-2025 14:46:55.696;9340
3;04-03-2025 14:45:23.236;04-03-2025 14:46:58.277;95041
3;04-03-2025 14:45:23.236;04-03-2025 14:47:03.267;100031
3;04-03-2025 14:45:23.236;04-03-2025 14:47:08.270;105034
3;04-03-2025 14:45:23.236;04-03-2025 14:47:13.278;110042
3;04-03-2025 14:45:23.236;04-03-2025 14:47:18.267;115031
3;04-03-2025 14:45:23.236;04-03-2025 14:47:23.270;120034
3;04-03-2025 14:45:23.236;04-03-2025 14:47:28.266;125030
1;04-03-2025 14:47:23.295;04-03-2025 14:47:31.933;8638
3;04-03-2025 14:45:23.236;04-03-2025 14:47:33.282;130046
0;04-03-2025 14:47:28.287;04-03-2025 14:47:34.406;6119
2;04-03-2025 14:47:36.075;04-03-2025 14:47:36.890;815
3;04-03-2025 14:45:23.236;04-03-2025 14:47:38.272;135036
3;04-03-2025 14:45:23.236;04-03-2025 14:47:43.276;140040
3;04-03-2025 14:45:23.236;04-03-2025 14:47:48.264;145028
3;04-03-2025 14:45:23.236;04-03-2025 14:47:53.271;150035
3;04-03-2025 14:45:23.236;04-03-2025 14:47:58.276;155040
3;04-03-2025 14:45:23.236;04-03-2025 14:48:03.265;160029
3;04-03-2025 14:48:18.236;04-03-2025 14:48:18.298;62
3;04-03-2025 14:48:18.236;04-03-2025 14:48:18.362;126
3;04-03-2025 14:48:18.236;04-03-2025 14:48:23.270;5034
3;04-03-2025 14:48:18.236;04-03-2025 14:48:28.276;10040
3;04-03-2025 14:48:43.235;04-03-2025 14:48:43.293;58
3;04-03-2025 14:48:43.235;04-03-2025 14:48:43.375;140
3;04-03-2025 14:48:43.235;04-03-2025 14:48:48.264;5029
3;04-03-2025 14:48:43.235;04-03-2025 14:48:53.269;10034
3;04-03-2025 14:48:43.235;04-03-2025 14:48:58.294;15059
3;04-03-2025 14:48:43.235;04-03-2025 14:49:03.307;20072
1;04-03-2025 14:48:49.621;04-03-2025 14:49:07.543;17922
3;04-03-2025 14:48:43.235;04-03-2025 14:49:08.267;25032
3;04-03-2025 14:48:43.235;04-03-2025 14:49:13.273;30038
3;04-03-2025 14:48:43.235;04-03-2025 14:49:18.280;35045
3;04-03-2025 14:48:43.235;04-03-2025 14:49:23.266;40031
3;04-03-2025 14:48:43.235;04-03-2025 14:49:28.271;45036
3;04-03-2025 14:48:43.235;04-03-2025 14:49:33.274;50039
1;04-03-2025 14:49:09.687;04-03-2025 14:49:36.305;26618
3;04-03-2025 14:48:43.235;04-03-2025 14:49:38.281;55046
3;04-03-2025 14:48:43.235;04-03-2025 14:49:43.268;60033
3;04-03-2025 14:48:43.235;04-03-2025 14:49:48.272;65037
3;04-03-2025 14:48:43.235;04-03-2025 14:49:53.260;70025
1;04-03-2025 14:49:49.262;04-03-2025 14:49:54.406;5144
3;04-03-2025 14:48:43.235;04-03-2025 14:49:58.253;75018
3;04-03-2025 14:48:43.235;04-03-2025 14:50:03.272;80037
3;04-03-2025 14:48:43.235;04-03-2025 14:50:08.277;85042
3;04-03-2025 14:48:43.235;04-03-2025 14:50:13.266;90031
3;04-03-2025 14:48:43.235;04-03-2025 14:50:18.269;95034
3;04-03-2025 14:48:43.235;04-03-2025 14:50:23.277;100042
3;04-03-2025 14:50:38.235;04-03-2025 14:50:38.301;66
3;04-03-2025 14:50:48.321;04-03-2025 14:50:48.373;52
3;04-03-2025 14:50:48.321;04-03-2025 14:50:48.422;101
3;04-03-2025 14:50:48.321;04-03-2025 14:50:53.264;4943
0;04-03-2025 14:50:20.765;04-03-2025 14:50:56.594;35829
3;04-03-2025 14:50:48.321;04-03-2025 14:50:58.267;9946
1;04-03-2025 14:49:49.262;04-03-2025 14:51:01.301;72039
0;04-03-2025 14:50:57.900;04-03-2025 14:51:01.909;4009
2;04-03-2025 14:51:01.538;04-03-2025 14:51:03.013;1475
3;04-03-2025 14:50:48.321;04-03-2025 14:51:03.274;14953
3;04-03-2025 14:50:48.321;04-03-2025 14:51:08.263;19942
1;04-03-2025 14:49:49.262;04-03-2025 14:51:12.036;82774
3;04-03-2025 14:50:48.321;04-03-2025 14:51:13.282;24961
3;04-03-2025 14:50:48.321;04-03-2025 14:51:18.273;29952
1;04-03-2025 14:49:49.262;04-03-2025 14:51:20.804;91542
3;04-03-2025 14:50:48.321;04-03-2025 14:51:23.276;34955
3;04-03-2025 14:50:48.321;04-03-2025 14:51:28.263;39942
3;04-03-2025 14:50:48.321;04-03-2025 14:51:33.268;44947
3;04-03-2025 14:50:48.321;04-03-2025 14:51:38.272;49951
3;04-03-2025 14:50:48.321;04-03-2025 14:51:43.276;54955
3;04-03-2025 14:50:48.321;04-03-2025 14:51:48.264;59943
3;04-03-2025 14:50:48.321;04-03-2025 14:51:53.285;64964
2;04-03-2025 14:51:11.210;04-03-2025 14:51:56.222;45012
3;04-03-2025 14:50:48.321;04-03-2025 14:51:58.275;69954
0;04-03-2025 14:51:57.811;04-03-2025 14:52:01.291;3480
3;04-03-2025 14:50:48.321;04-03-2025 14:52:03.265;74944
3;04-03-2025 14:50:48.321;04-03-2025 14:52:08.270;79949
3;04-03-2025 14:50:48.321;04-03-2025 14:52:13.271;84950
3;04-03-2025 14:50:48.321;04-03-2025 14:52:18.277;89956
3;04-03-2025 14:50:48.321;04-03-2025 14:52:23.284;94963
3;04-03-2025 14:50:48.321;04-03-2025 14:52:28.281;99960
3;04-03-2025 14:50:48.321;04-03-2025 14:52:33.287;104966
3;04-03-2025 14:50:48.321;04-03-2025 14:52:38.292;109971
3;04-03-2025 14:50:48.321;04-03-2025 14:52:43.278;114957
3;04-03-2025 14:50:48.321;04-03-2025 14:52:48.281;119960
1;04-03-2025 14:52:45.452;04-03-2025 14:52:48.716;3264
3;04-03-2025 14:50:48.321;04-03-2025 14:52:53.289;124968
3;04-03-2025 14:50:48.321;04-03-2025 14:52:58.292;129971
1;04-03-2025 14:52:45.452;04-03-2025 14:53:01.859;16407
3;04-03-2025 14:50:48.321;04-03-2025 14:53:03.280;134959
1;04-03-2025 14:52:45.452;04-03-2025 14:53:06.233;20781
3;04-03-2025 14:50:48.321;04-03-2025 14:53:08.288;139967
3;04-03-2025 14:50:48.321;04-03-2025 14:53:13.279;144958
3;04-03-2025 14:50:48.321;04-03-2025 14:53:18.284;149963
3;04-03-2025 14:50:48.321;04-03-2025 14:53:23.300;154979
3;04-03-2025 14:50:48.321;04-03-2025 14:53:28.298;159977
3;04-03-2025 14:50:48.321;04-03-2025 14:53:33.283;164962
3;04-03-2025 14:50:48.321;04-03-2025 14:53:38.283;169962
3;04-03-2025 14:50:48.321;04-03-2025 14:53:43.290;174969
3;04-03-2025 14:50:48.321;04-03-2025 14:53:48.279;179958
3;04-03-2025 14:50:48.321;04-03-2025 14:53:53.285;184964
3;04-03-2025 14:50:48.321;04-03-2025 14:53:58.287;189966
3;04-03-2025 14:50:48.321;04-03-2025 14:54:03.281;194960
1;04-03-2025 14:53:37.909;04-03-2025 14:54:05.957;28048
3;04-03-2025 14:50:48.321;04-03-2025 14:54:08.283;199962
3;04-03-2025 14:50:48.321;04-03-2025 14:54:13.271;204950
3;04-03-2025 14:50:48.321;04-03-2025 14:54:18.277;209956
2;04-03-2025 14:54:22.093;04-03-2025 14:54:22.141;48
3;04-03-2025 14:50:48.321;04-03-2025 14:54:23.267;214946
1;04-03-2025 14:53:37.909;04-03-2025 14:54:26.140;48231
3;04-03-2025 14:50:48.321;04-03-2025 14:54:28.294;219973
3;04-03-2025 14:50:48.321;04-03-2025 14:54:33.277;224956
3;04-03-2025 14:50:48.321;04-03-2025 14:54:38.300;229979
3;04-03-2025 14:50:48.321;04-03-2025 14:54:43.288;234967
3;04-03-2025 14:50:48.321;04-03-2025 14:54:48.279;239958
3;04-03-2025 14:50:48.321;04-03-2025 14:54:53.282;244961
3;04-03-2025 14:50:48.321;04-03-2025 14:54:58.284;249963
3;04-03-2025 14:50:48.321;04-03-2025 14:55:03.292;254971
3;04-03-2025 14:50:48.321;04-03-2025 14:55:08.280;259959
3;04-03-2025 14:50:48.321;04-03-2025 14:55:13.279;264958
3;04-03-2025 14:50:48.321;04-03-2025 14:55:18.290;269969
1;04-03-2025 14:55:09.008;04-03-2025 14:55:21.112;12104
3;04-03-2025 14:50:48.321;04-03-2025 14:55:23.292;274971
3;04-03-2025 14:50:48.321;04-03-2025 14:55:28.302;279981
3;04-03-2025 14:50:48.321;04-03-2025 14:55:33.267;284946
3;04-03-2025 14:50:48.321;04-03-2025 14:55:38.273;289952
3;04-03-2025 14:50:48.321;04-03-2025 14:55:43.264;294943
2;04-03-2025 14:54:54.848;04-03-2025 14:55:43.909;49061
3;04-03-2025 14:50:48.321;04-03-2025 14:55:48.269;299948
3;04-03-2025 14:50:48.321;04-03-2025 14:55:53.274;304953
3;04-03-2025 14:50:48.321;04-03-2025 14:55:58.264;309943
3;04-03-2025 14:50:48.321;04-03-2025 14:56:03.268;314947
3;04-03-2025 14:50:48.321;04-03-2025 14:56:08.275;319954
3;04-03-2025 14:50:48.321;04-03-2025 14:56:13.266;324945
3;04-03-2025 14:50:48.321;04-03-2025 14:56:18.270;329949
3;04-03-2025 14:50:48.321;04-03-2025 14:56:23.280;334959
3;04-03-2025 14:50:48.321;04-03-2025 14:56:28.273;339952
3;04-03-2025 14:50:48.321;04-03-2025 14:56:33.268;344947
3;04-03-2025 14:50:48.321;04-03-2025 14:56:38.275;349954
3;04-03-2025 14:50:48.321;04-03-2025 14:56:43.264;354943
3;04-03-2025 14:50:48.321;04-03-2025 14:56:48.271;359950
3;04-03-2025 14:50:48.321;04-03-2025 14:56:53.259;364938
3;04-03-2025 14:50:48.321;04-03-2025 14:56:58.264;369943
3;04-03-2025 14:50:48.321;04-03-2025 14:57:03.269;374948
2;04-03-2025 14:57:02.850;04-03-2025 14:57:06.003;3153
3;04-03-2025 14:50:48.321;04-03-2025 14:57:08.272;379951
3;04-03-2025 14:50:48.321;04-03-2025 14:57:13.262;384941
3;04-03-2025 14:50:48.321;04-03-2025 14:57:18.284;389963
3;04-03-2025 14:50:48.321;04-03-2025 14:57:23.273;394952
3;04-03-2025 14:50:48.321;04-03-2025 14:57:28.269;399948
3;04-03-2025 14:50:48.321;04-03-2025 14:57:33.268;404947
3;04-03-2025 14:50:48.321;04-03-2025 14:57:38.273;409952
3;04-03-2025 14:57:53.234;04-03-2025 14:57:53.277;43
3;04-03-2025 14:57:53.234;04-03-2025 14:57:53.327;93
3;04-03-2025 14:57:53.234;04-03-2025 14:57:58.265;5031
3;04-03-2025 14:57:53.234;04-03-2025 14:58:03.270;10036
3;04-03-2025 14:57:53.234;04-03-2025 14:58:08.261;15027
3;04-03-2025 14:57:53.234;04-03-2025 14:58:13.265;20031
2;04-03-2025 14:58:12.296;04-03-2025 14:58:17.162;4866
3;04-03-2025 14:57:53.234;04-03-2025 14:58:18.271;25037
3;04-03-2025 14:57:53.234;04-03-2025 14:58:23.275;30041
3;04-03-2025 14:57:53.234;04-03-2025 14:58:28.288;35054
3;04-03-2025 14:57:53.234;04-03-2025 14:58:33.273;40039
3;04-03-2025 14:57:53.234;04-03-2025 14:58:38.263;45029
3;04-03-2025 14:57:53.234;04-03-2025 14:58:43.255;50021
3;04-03-2025 14:57:53.234;04-03-2025 14:58:48.276;55042
3;04-03-2025 14:57:53.234;04-03-2025 14:58:53.261;60027
3;04-03-2025 14:59:08.233;04-03-2025 14:59:08.274;41
3;04-03-2025 14:59:18.300;04-03-2025 14:59:18.368;68
3;04-03-2025 14:59:18.300;04-03-2025 14:59:18.425;125
3;04-03-2025 14:59:18.300;04-03-2025 14:59:23.270;4970
3;04-03-2025 14:59:18.300;04-03-2025 14:59:28.275;9975
3;04-03-2025 14:59:18.300;04-03-2025 14:59:33.265;14965
3;04-03-2025 14:59:18.300;04-03-2025 14:59:38.269;19969
3;04-03-2025 14:59:18.300;04-03-2025 14:59:43.261;24961
3;04-03-2025 15:50:33.247;04-03-2025 15:50:38.276;5029
3;04-03-2025 15:50:33.247;04-03-2025 15:50:43.281;10034
3;04-03-2025 15:50:33.247;04-03-2025 15:50:48.291;15044
3;04-03-2025 15:50:33.247;04-03-2025 15:50:53.275;20028
3;04-03-2025 15:50:33.247;04-03-2025 15:50:58.268;25021
3;04-03-2025 15:50:33.247;04-03-2025 15:51:03.271;30024
3;04-03-2025 15:50:33.247;04-03-2025 15:51:08.316;35069
3;04-03-2025 15:50:33.247;04-03-2025 15:51:13.301;40054
3;04-03-2025 15:50:33.247;04-03-2025 15:51:18.303;45056
3;04-03-2025 15:50:33.247;04-03-2025 15:51:23.319;50072
3;04-03-2025 15:50:33.247;04-03-2025 15:51:28.286;55039
3;04-03-2025 15:50:33.247;04-03-2025 15:51:33.289;60042
3;04-03-2025 15:50:33.247;04-03-2025 15:51:38.297;65050
3;04-03-2025 15:50:33.247;04-03-2025 15:51:43.290;70043
1;04-03-2025 15:51:30.419;04-03-2025 15:51:55.538;25119
3;04-03-2025 15:51:58.235;04-03-2025 15:51:58.295;60
3;04-03-2025 15:51:58.235;04-03-2025 15:51:58.374;139
3;04-03-2025 15:51:58.235;04-03-2025 15:52:03.285;5050
0;04-03-2025 15:51:59.232;04-03-2025 15:52:03.794;4562
3;04-03-2025 15:51:58.235;04-03-2025 15:52:08.287;10052
0;04-03-2025 15:52:04.882;04-03-2025 15:52:11.156;6274
3;04-03-2025 15:51:58.235;04-03-2025 15:52:13.291;15056
3;04-03-2025 15:51:58.235;04-03-2025 15:52:18.286;20051
3;04-03-2025 15:51:58.235;04-03-2025 15:52:23.286;25051
3;04-03-2025 15:51:58.235;04-03-2025 15:52:28.315;30080
3;04-03-2025 15:51:58.235;04-03-2025 15:52:33.288;35053
0;04-03-2025 15:52:25.029;04-03-2025 15:52:36.379;11350
3;04-03-2025 15:51:58.235;04-03-2025 15:52:38.291;40056
3;04-03-2025 15:51:58.235;04-03-2025 15:52:43.294;45059
3;04-03-2025 15:51:58.235;04-03-2025 15:52:48.280;50045
3;04-03-2025 15:51:58.235;04-03-2025 15:52:53.284;55049
3;04-03-2025 15:51:58.235;04-03-2025 15:52:58.284;60049
1;04-03-2025 15:52:56.817;04-03-2025 15:53:01.721;4904
3;04-03-2025 15:51:58.235;04-03-2025 15:53:03.284;65049
1;04-03-2025 15:52:56.817;04-03-2025 15:53:04.285;7468
3;04-03-2025 15:51:58.235;04-03-2025 15:53:08.296;70061
3;04-03-2025 15:51:58.235;04-03-2025 15:53:13.299;75064
0;04-03-2025 15:52:52.482;04-03-2025 15:53:15.872;23390
1;04-03-2025 15:52:56.817;04-03-2025 15:53:18.130;21313
3;04-03-2025 15:51:58.235;04-03-2025 15:53:18.281;80046
3;04-03-2025 15:51:58.235;04-03-2025 15:53:23.304;85069
3;04-03-2025 15:51:58.235;04-03-2025 15:53:28.292;90057
3;04-03-2025 15:51:58.235;04-03-2025 15:53:33.277;95042
3;04-03-2025 15:51:58.235;04-03-2025 15:53:38.286;100051
1;04-03-2025 15:53:33.053;04-03-2025 15:53:41.316;8263
3;04-03-2025 15:51:58.235;04-03-2025 15:53:43.288;105053
3;04-03-2025 15:51:58.235;04-03-2025 15:53:48.277;110042
3;04-03-2025 15:51:58.235;04-03-2025 15:53:53.289;115054
3;04-03-2025 15:51:58.235;04-03-2025 15:53:58.290;120055
3;04-03-2025 15:51:58.235;04-03-2025 15:54:03.284;125049
1;04-03-2025 15:53:58.137;04-03-2025 15:54:06.055;7918
3;04-03-2025 15:51:58.235;04-03-2025 15:54:08.304;130069
3;04-03-2025 15:51:58.235;04-03-2025 15:54:13.292;135057
3;04-03-2025 15:51:58.235;04-03-2025 15:54:18.303;140068
3;04-03-2025 15:54:33.235;04-03-2025 15:54:33.298;63
3;04-03-2025 15:54:33.235;04-03-2025 15:54:33.379;144
3;04-03-2025 15:54:33.235;04-03-2025 15:54:38.297;5062
3;04-03-2025 15:54:33.235;04-03-2025 15:54:43.312;10077
3;04-03-2025 15:54:33.235;04-03-2025 15:54:48.296;15061
1;04-03-2025 15:53:58.137;04-03-2025 15:54:52.936;54799
0;04-03-2025 15:54:53.330;04-03-2025 15:55:06.911;13581
0;04-03-2025 15:55:10.026;04-03-2025 15:55:10.933;907
3;04-03-2025 15:55:13.255;04-03-2025 15:55:13.329;74
3;04-03-2025 15:55:13.255;04-03-2025 15:55:13.407;152
3;04-03-2025 15:55:13.255;04-03-2025 15:55:13.471;216
3;04-03-2025 15:55:13.255;04-03-2025 15:55:18.314;5059
3;04-03-2025 15:55:13.255;04-03-2025 15:55:23.295;10040
3;04-03-2025 15:55:13.255;04-03-2025 15:55:28.281;15026
3;04-03-2025 15:55:13.255;04-03-2025 15:55:33.292;20037
3;04-03-2025 15:55:13.255;04-03-2025 15:55:38.289;25034
3;04-03-2025 15:55:13.255;04-03-2025 15:55:43.283;30028
1;04-03-2025 15:55:12.140;04-03-2025 15:55:44.263;32123
3;04-03-2025 15:55:13.255;04-03-2025 15:55:48.282;35027
1;04-03-2025 15:55:12.140;04-03-2025 15:55:51.090;38950
3;04-03-2025 15:55:13.255;04-03-2025 15:55:53.291;40036
1;04-03-2025 15:55:12.140;04-03-2025 15:55:55.410;43270
3;04-03-2025 15:55:13.255;04-03-2025 15:55:58.279;45024
1;04-03-2025 15:55:12.140;04-03-2025 15:55:58.416;46276
3;04-03-2025 15:55:13.255;04-03-2025 15:56:03.294;50039
3;04-03-2025 15:55:13.255;04-03-2025 15:56:08.295;55040
3;04-03-2025 15:55:13.255;04-03-2025 15:56:13.288;60033
3;04-03-2025 15:55:13.255;04-03-2025 15:56:18.270;65015
2;04-03-2025 15:56:06.282;04-03-2025 15:56:20.770;14488
3;04-03-2025 15:55:13.255;04-03-2025 15:56:23.290;70035
2;04-03-2025 15:56:06.282;04-03-2025 15:56:26.173;19891
3;04-03-2025 15:55:13.255;04-03-2025 15:56:28.286;75031
3;04-03-2025 15:55:13.255;04-03-2025 15:56:33.301;80046
2;04-03-2025 15:56:33.630;04-03-2025 15:56:33.672;42
1;04-03-2025 15:56:28.393;04-03-2025 15:56:37.910;9517
3;04-03-2025 15:55:13.255;04-03-2025 15:56:38.267;85012
3;04-03-2025 15:55:13.255;04-03-2025 15:56:43.272;90017
3;04-03-2025 15:55:13.255;04-03-2025 15:56:48.277;95022
3;04-03-2025 15:55:13.255;04-03-2025 15:56:53.288;100033
3;04-03-2025 15:55:13.255;04-03-2025 15:56:58.274;105019
3;04-03-2025 15:55:13.255;04-03-2025 15:57:03.318;110063
3;04-03-2025 15:55:13.255;04-03-2025 15:57:08.277;115022
3;04-03-2025 15:55:13.255;04-03-2025 15:57:13.299;120044
3;04-03-2025 15:55:13.255;04-03-2025 15:57:18.288;125033
1;04-03-2025 15:56:28.393;04-03-2025 15:57:22.457;54064
3;04-03-2025 15:55:13.255;04-03-2025 15:57:23.307;130052
1;04-03-2025 15:56:28.393;04-03-2025 15:57:26.572;58179
3;04-03-2025 15:55:13.255;04-03-2025 15:57:28.294;135039
3;04-03-2025 15:55:13.255;04-03-2025 15:57:33.293;140038
3;04-03-2025 15:55:13.255;04-03-2025 15:57:38.295;145040
0;04-03-2025 15:57:29.072;04-03-2025 15:57:41.542;12470
1;04-03-2025 15:56:28.393;04-03-2025 15:57:41.845;73452
3;04-03-2025 15:55:13.255;04-03-2025 15:57:43.292;150037
1;04-03-2025 15:56:28.393;04-03-2025 15:57:45.736;77343
3;04-03-2025 15:55:13.255;04-03-2025 15:57:48.282;155027
3;04-03-2025 15:55:13.255;04-03-2025 15:57:53.291;160036
3;04-03-2025 15:55:13.255;04-03-2025 15:57:58.291;165036
3;04-03-2025 15:58:13.235;04-03-2025 15:58:13.326;91
3;04-03-2025 15:58:13.235;04-03-2025 15:58:13.416;181
3;04-03-2025 15:58:13.235;04-03-2025 15:58:18.280;5045
3;04-03-2025 15:58:13.235;04-03-2025 15:58:23.266;10031
3;04-03-2025 15:58:13.235;04-03-2025 15:58:28.287;15052
3;04-03-2025 15:58:13.235;04-03-2025 15:58:33.274;20039
3;04-03-2025 15:58:13.235;04-03-2025 15:58:38.293;25058
3;04-03-2025 15:58:13.235;04-03-2025 15:58:43.289;30054
3;04-03-2025 15:58:13.235;04-03-2025 15:58:48.294;35059
3;04-03-2025 15:58:13.235;04-03-2025 15:58:53.292;40057
3;04-03-2025 15:58:13.235;04-03-2025 15:58:58.294;45059
3;04-03-2025 15:58:13.235;04-03-2025 15:59:03.271;50036
3;04-03-2025 15:58:13.235;04-03-2025 15:59:08.289;55054
3;04-03-2025 15:58:13.235;04-03-2025 15:59:13.286;60051
3;04-03-2025 15:58:13.235;04-03-2025 15:59:18.261;65026
3;04-03-2025 15:58:13.235;04-03-2025 15:59:23.264;70029
3;04-03-2025 15:58:13.235;04-03-2025 15:59:28.269;75034
3;04-03-2025 15:58:13.235;04-03-2025 15:59:33.273;80038
3;04-03-2025 15:58:13.235;04-03-2025 15:59:38.264;85029
3;04-03-2025 15:58:13.235;04-03-2025 15:59:43.294;90059
3;04-03-2025 15:58:13.235;04-03-2025 15:59:48.272;95037
3;04-03-2025 15:58:13.235;04-03-2025 15:59:53.264;100029
3;04-03-2025 15:58:13.235;04-03-2025 15:59:58.266;105031
3;04-03-2025 15:58:13.235;04-03-2025 16:00:03.266;110031
3;04-03-2025 15:58:13.235;04-03-2025 16:00:08.271;115036
3;04-03-2025 15:58:13.235;04-03-2025 16:00:13.260;120025
3;04-03-2025 15:58:13.235;04-03-2025 16:00:18.265;125030
3;04-03-2025 15:58:13.235;04-03-2025 16:00:23.268;130033
3;04-03-2025 15:58:13.235;04-03-2025 16:00:28.273;135038
3;04-03-2025 15:58:13.235;04-03-2025 16:00:33.263;140028
3;04-03-2025 15:58:13.235;04-03-2025 16:00:38.268;145033
3;04-03-2025 15:58:13.235;04-03-2025 16:00:43.273;150038
3;04-03-2025 15:58:13.235;04-03-2025 16:00:48.277;155042
3;04-03-2025 15:58:13.235;04-03-2025 16:00:53.265;160030
3;04-03-2025 15:58:13.235;04-03-2025 16:00:58.271;165036
3;04-03-2025 15:58:13.235;04-03-2025 16:01:03.276;170041
3;04-03-2025 15:58:13.235;04-03-2025 16:01:08.261;175026
3;04-03-2025 15:58:13.235;04-03-2025 16:01:13.266;180031
3;04-03-2025 15:58:13.235;04-03-2025 16:01:18.273;185038
3;04-03-2025 15:58:13.235;04-03-2025 16:01:23.279;190044
3;04-03-2025 15:58:13.235;04-03-2025 16:01:28.267;195032
3;04-03-2025 15:58:13.235;04-03-2025 16:01:33.272;200037
1;04-03-2025 16:01:33.163;04-03-2025 16:01:36.228;3065
3;04-03-2025 15:58:13.235;04-03-2025 16:01:38.264;205029
3;04-03-2025 15:58:13.235;04-03-2025 16:01:43.270;210035
3;04-03-2025 15:58:13.235;04-03-2025 16:01:48.277;215042
2;04-03-2025 16:01:50.933;04-03-2025 16:01:51.701;768
3;04-03-2025 15:58:13.235;04-03-2025 16:01:53.267;220032
2;04-03-2025 16:01:50.933;04-03-2025 16:01:55.803;4870
1;04-03-2025 16:01:47.627;04-03-2025 16:01:55.991;8364
3;04-03-2025 15:58:13.235;04-03-2025 16:01:58.269;225034
0;04-03-2025 16:01:49.260;04-03-2025 16:02:00.622;11362
3;04-03-2025 15:58:13.235;04-03-2025 16:02:03.275;230040
3;04-03-2025 15:58:13.235;04-03-2025 16:02:08.262;235027
3;04-03-2025 15:58:13.235;04-03-2025 16:02:13.262;240027
3;04-03-2025 15:58:13.235;04-03-2025 16:02:18.267;245032
3;04-03-2025 15:58:13.235;04-03-2025 16:02:23.271;250036
3;04-03-2025 15:58:13.235;04-03-2025 16:02:28.272;255037
3;04-03-2025 15:58:13.235;04-03-2025 16:02:33.264;260029
0;04-03-2025 16:02:20.633;04-03-2025 16:02:35.531;14898
2;04-03-2025 16:02:28.950;04-03-2025 16:02:35.691;6741
3;04-03-2025 15:58:13.235;04-03-2025 16:02:38.272;265037
2;04-03-2025 16:02:38.127;04-03-2025 16:02:40.906;2779
3;04-03-2025 15:58:13.235;04-03-2025 16:02:43.261;270026
3;04-03-2025 15:58:13.235;04-03-2025 16:02:48.268;275033
3;04-03-2025 15:58:13.235;04-03-2025 16:02:53.274;280039
3;04-03-2025 15:58:13.235;04-03-2025 16:02:58.258;285023
3;04-03-2025 15:58:13.235;04-03-2025 16:03:03.271;290036
3;04-03-2025 15:58:13.235;04-03-2025 16:03:08.272;295037
3;04-03-2025 15:58:13.235;04-03-2025 16:03:13.265;300030
3;04-03-2025 15:58:13.235;04-03-2025 16:03:18.270;305035
3;04-03-2025 15:58:13.235;04-03-2025 16:03:23.274;310039
3;04-03-2025 16:03:38.234;04-03-2025 16:03:38.312;78
3;04-03-2025 16:03:38.234;04-03-2025 16:03:38.364;130
1;04-03-2025 16:03:37.656;04-03-2025 16:03:40.961;3305
3;04-03-2025 16:03:38.234;04-03-2025 16:03:43.271;5037
3;04-03-2025 16:03:38.234;04-03-2025 16:03:48.261;10027
3;04-03-2025 16:03:38.234;04-03-2025 16:03:53.265;15031
3;04-03-2025 16:03:38.234;04-03-2025 16:03:58.267;20033
3;04-03-2025 16:03:38.234;04-03-2025 16:04:03.274;25040
0;04-03-2025 16:04:06.793;04-03-2025 16:04:07.085;292
3;04-03-2025 16:03:38.234;04-03-2025 16:04:08.274;30040
3;04-03-2025 16:03:38.234;04-03-2025 16:04:13.264;35030
3;04-03-2025 16:03:38.234;04-03-2025 16:04:18.255;40021
3;04-03-2025 16:03:38.234;04-03-2025 16:04:23.260;45026
0;04-03-2025 16:04:21.730;04-03-2025 16:04:27.346;5616
3;04-03-2025 16:03:38.234;04-03-2025 16:04:28.264;50030
3;04-03-2025 16:03:38.234;04-03-2025 16:04:33.269;55035
3;04-03-2025 16:03:38.234;04-03-2025 16:04:38.273;60039
3;04-03-2025 16:03:38.234;04-03-2025 16:04:43.278;65044
3;04-03-2025 16:03:38.234;04-03-2025 16:04:48.268;70034
3;04-03-2025 16:03:38.234;04-03-2025 16:04:53.272;75038
3;04-03-2025 16:03:38.234;04-03-2025 16:04:58.278;80044
3;04-03-2025 16:03:38.234;04-03-2025 16:05:03.266;85032
3;04-03-2025 16:03:38.234;04-03-2025 16:05:08.272;90038
2;04-03-2025 16:04:59.537;04-03-2025 16:05:17.284;17747
3;04-03-2025 16:05:23.233;04-03-2025 16:05:23.270;37
3;04-03-2025 16:05:23.233;04-03-2025 16:05:23.318;85
3;04-03-2025 16:05:23.233;04-03-2025 16:05:28.263;5030
2;04-03-2025 16:04:59.537;04-03-2025 16:05:31.663;32126
3;04-03-2025 16:05:23.233;04-03-2025 16:05:33.268;10035
3;04-03-2025 16:05:23.233;04-03-2025 16:05:38.273;15040
1;04-03-2025 16:05:09.064;04-03-2025 16:05:42.809;33745
3;04-03-2025 16:05:23.233;04-03-2025 16:05:43.264;20031
3;04-03-2025 16:05:23.233;04-03-2025 16:05:48.268;25035
1;04-03-2025 16:05:09.064;04-03-2025 16:05:52.116;43052
3;04-03-2025 16:05:23.233;04-03-2025 16:05:53.273;30040
3;04-03-2025 16:05:23.233;04-03-2025 16:05:58.278;35045
3;04-03-2025 16:05:23.233;04-03-2025 16:06:03.262;40029
3;04-03-2025 16:05:23.233;04-03-2025 16:06:08.267;45034
3;04-03-2025 16:05:23.233;04-03-2025 16:06:13.271;50038
3;04-03-2025 16:05:23.233;04-03-2025 16:06:18.262;55029
1;04-03-2025 16:06:12.711;04-03-2025 16:06:20.586;7875
3;04-03-2025 16:05:23.233;04-03-2025 16:06:23.269;60036
3;04-03-2025 16:05:23.233;04-03-2025 16:06:28.273;65040
3;04-03-2025 16:05:23.233;04-03-2025 16:06:33.278;70045
3;04-03-2025 16:05:23.233;04-03-2025 16:06:38.267;75034
3;04-03-2025 16:05:23.233;04-03-2025 16:06:43.271;80038
3;04-03-2025 16:05:23.233;04-03-2025 16:06:48.275;85042
1;04-03-2025 16:06:12.711;04-03-2025 16:06:48.524;35813
3;04-03-2025 16:05:23.233;04-03-2025 16:06:53.267;90034
3;04-03-2025 16:05:23.233;04-03-2025 16:06:58.273;95040
3;04-03-2025 16:05:23.233;04-03-2025 16:07:03.262;100029
3;04-03-2025 16:05:23.233;04-03-2025 16:07:08.267;105034
3;04-03-2025 16:05:23.233;04-03-2025 16:07:13.270;110037
3;04-03-2025 16:05:23.233;04-03-2025 16:07:18.279;115046
3;04-03-2025 16:05:23.233;04-03-2025 16:07:23.266;120033
1;04-03-2025 16:07:25.878;04-03-2025 16:07:27.498;1620
3;04-03-2025 16:05:23.233;04-03-2025 16:07:28.271;125038
3;04-03-2025 16:05:23.233;04-03-2025 16:07:33.276;130043
3;04-03-2025 16:05:23.233;04-03-2025 16:07:38.261;135028
3;04-03-2025 16:05:23.233;04-03-2025 16:07:43.265;140032
3;04-03-2025 16:05:23.233;04-03-2025 16:07:48.272;145039
3;04-03-2025 16:05:23.233;04-03-2025 16:07:53.262;150029
3;04-03-2025 16:05:23.233;04-03-2025 16:07:58.267;155034
3;04-03-2025 16:05:23.233;04-03-2025 16:08:03.271;160038
3;04-03-2025 16:05:23.233;04-03-2025 16:08:08.260;165027
1;04-03-2025 16:08:05.832;04-03-2025 16:08:11.465;5633
3;04-03-2025 16:05:23.233;04-03-2025 16:08:13.264;170031
3;04-03-2025 16:05:23.233;04-03-2025 16:08:18.270;175037
1;04-03-2025 16:08:05.832;04-03-2025 16:08:18.343;12511
3;04-03-2025 16:05:23.233;04-03-2025 16:08:23.273;180040
0;04-03-2025 16:08:21.184;04-03-2025 16:08:27.230;6046
3;04-03-2025 16:05:23.233;04-03-2025 16:08:28.259;185026
0;04-03-2025 16:08:27.783;04-03-2025 16:08:28.575;792
3;04-03-2025 16:05:23.233;04-03-2025 16:08:33.268;190035
1;04-03-2025 16:08:05.832;04-03-2025 16:08:35.388;29556
3;04-03-2025 16:05:23.233;04-03-2025 16:08:38.271;195038
3;04-03-2025 16:05:23.233;04-03-2025 16:08:43.274;200041
1;04-03-2025 16:08:05.832;04-03-2025 16:08:47.409;41577
3;04-03-2025 16:05:23.233;04-03-2025 16:08:48.262;205029
2;04-03-2025 16:08:25.759;04-03-2025 16:08:48.461;22702
3;04-03-2025 16:05:23.233;04-03-2025 16:08:53.264;210031
3;04-03-2025 16:05:23.233;04-03-2025 16:08:58.267;215034
3;04-03-2025 16:05:23.233;04-03-2025 16:09:03.272;220039
3;04-03-2025 16:05:23.233;04-03-2025 16:09:08.264;225031
1;04-03-2025 16:08:05.832;04-03-2025 16:09:08.305;62473
3;04-03-2025 16:05:23.233;04-03-2025 16:09:13.265;230032
3;04-03-2025 16:05:23.233;04-03-2025 16:09:18.253;235020
1;04-03-2025 16:08:05.832;04-03-2025 16:09:18.504;72672
3;04-03-2025 16:05:23.233;04-03-2025 16:09:23.278;240045
3;04-03-2025 16:05:23.233;04-03-2025 16:09:28.265;245032
3;04-03-2025 16:05:23.233;04-03-2025 16:09:33.268;250035
1;04-03-2025 16:08:05.832;04-03-2025 16:09:35.810;89978
3;04-03-2025 16:05:23.233;04-03-2025 16:09:38.275;255042
3;04-03-2025 16:05:23.233;04-03-2025 16:09:43.266;260033
1;04-03-2025 16:08:05.832;04-03-2025 16:09:55.747;109915
3;04-03-2025 16:09:58.234;04-03-2025 16:09:58.278;44
3;04-03-2025 16:09:58.234;04-03-2025 16:09:58.342;108
1;04-03-2025 16:08:05.832;04-03-2025 16:10:01.873;116041
3;04-03-2025 16:09:58.234;04-03-2025 16:10:03.254;5020
1;04-03-2025 16:08:05.832;04-03-2025 16:10:03.489;117657
3;04-03-2025 16:09:58.234;04-03-2025 16:10:08.276;10042
1;04-03-2025 16:08:05.832;04-03-2025 16:10:08.750;122918
3;04-03-2025 16:09:58.234;04-03-2025 16:10:13.268;15034
3;04-03-2025 16:09:58.234;04-03-2025 16:10:18.274;20040
1;04-03-2025 16:08:05.832;04-03-2025 16:10:21.461;135629
3;04-03-2025 16:09:58.234;04-03-2025 16:10:23.266;25032
3;04-03-2025 16:09:58.234;04-03-2025 16:10:28.271;30037
3;04-03-2025 16:09:58.234;04-03-2025 16:10:33.273;35039
1;04-03-2025 16:08:05.832;04-03-2025 16:10:36.622;150790
3;04-03-2025 16:09:58.234;04-03-2025 16:10:38.265;40031
1;04-03-2025 16:08:05.832;04-03-2025 16:10:39.218;153386
3;04-03-2025 16:09:58.234;04-03-2025 16:10:43.270;45036
3;04-03-2025 16:09:58.234;04-03-2025 16:10:48.275;50041
3;04-03-2025 16:09:58.234;04-03-2025 16:10:53.267;55033
1;04-03-2025 16:08:05.832;04-03-2025 16:10:55.911;170079
3;04-03-2025 16:09:58.234;04-03-2025 16:10:58.269;60035
3;04-03-2025 16:09:58.234;04-03-2025 16:11:03.277;65043
3;04-03-2025 16:09:58.234;04-03-2025 16:11:08.262;70028
3;04-03-2025 16:09:58.234;04-03-2025 16:11:13.276;75042
3;04-03-2025 16:09:58.234;04-03-2025 16:11:18.272;80038
3;04-03-2025 16:09:58.234;04-03-2025 16:11:23.262;85028
3;04-03-2025 16:09:58.234;04-03-2025 16:11:28.266;90032
3;04-03-2025 16:09:58.234;04-03-2025 16:11:33.272;95038
1;04-03-2025 16:08:05.832;04-03-2025 16:11:35.009;209177
3;04-03-2025 16:09:58.234;04-03-2025 16:11:38.277;100043
3;04-03-2025 16:09:58.234;04-03-2025 16:11:43.265;105031
3;04-03-2025 16:09:58.234;04-03-2025 16:11:48.272;110038
1;04-03-2025 16:08:05.832;04-03-2025 16:11:50.811;224979
3;04-03-2025 16:09:58.234;04-03-2025 16:11:53.276;115042
3;04-03-2025 16:09:58.234;04-03-2025 16:11:58.271;120037
3;04-03-2025 16:09:58.234;04-03-2025 16:12:03.271;125037
3;04-03-2025 16:09:58.234;04-03-2025 16:12:08.275;130041
3;04-03-2025 16:09:58.234;04-03-2025 16:12:13.266;135032
3;04-03-2025 16:09:58.234;04-03-2025 16:12:18.270;140036
3;04-03-2025 16:09:58.234;04-03-2025 16:12:26.035;147801
1;04-03-2025 16:08:05.832;04-03-2025 16:12:27.220;261388
3;04-03-2025 16:09:58.234;04-03-2025 16:12:28.272;150038
1;04-03-2025 16:08:05.832;04-03-2025 16:12:30.548;264716
3;04-03-2025 16:09:58.234;04-03-2025 16:12:33.271;155037
1;04-03-2025 16:08:05.832;04-03-2025 16:12:33.680;267848
3;04-03-2025 16:09:58.234;04-03-2025 16:12:38.262;160028
1;04-03-2025 16:08:05.832;04-03-2025 16:12:41.641;275809
3;04-03-2025 16:09:58.234;04-03-2025 16:12:43.267;165033
1;04-03-2025 16:08:05.832;04-03-2025 16:12:43.853;278021
3;04-03-2025 16:09:58.234;04-03-2025 16:12:48.275;170041
3;04-03-2025 16:09:58.234;04-03-2025 16:12:53.358;175124
3;04-03-2025 16:09:58.234;04-03-2025 16:12:58.264;180030
3;04-03-2025 16:09:58.234;04-03-2025 16:13:03.270;185036
3;04-03-2025 16:09:58.234;04-03-2025 16:13:08.261;190027
3;04-03-2025 16:09:58.234;04-03-2025 16:13:13.278;195044
3;04-03-2025 16:09:58.234;04-03-2025 16:13:18.266;200032
1;04-03-2025 16:08:05.832;04-03-2025 16:13:21.474;315642
3;04-03-2025 16:09:58.234;04-03-2025 16:13:23.272;205038
3;04-03-2025 16:09:58.234;04-03-2025 16:13:28.278;210044
1;04-03-2025 16:08:05.832;04-03-2025 16:13:29.520;323688
3;04-03-2025 16:09:58.234;04-03-2025 16:13:33.269;215035
1;04-03-2025 16:08:05.832;04-03-2025 16:13:36.698;330866
3;04-03-2025 16:09:58.234;04-03-2025 16:13:38.258;220024
3;04-03-2025 16:09:58.234;04-03-2025 16:13:43.277;225043
1;04-03-2025 16:08:05.832;04-03-2025 16:13:46.695;340863
0;04-03-2025 16:13:02.120;04-03-2025 16:13:46.759;44639
3;04-03-2025 16:09:58.234;04-03-2025 16:13:48.268;230034
1;04-03-2025 16:08:05.832;04-03-2025 16:13:48.673;342841
3;04-03-2025 16:09:58.234;04-03-2025 16:13:53.272;235038
1;04-03-2025 16:08:05.832;04-03-2025 16:13:53.341;347509
3;04-03-2025 16:09:58.234;04-03-2025 16:13:58.278;240044
1;04-03-2025 16:08:05.832;04-03-2025 16:14:01.193;355361
3;04-03-2025 16:09:58.234;04-03-2025 16:14:03.268;245034
1;04-03-2025 16:08:05.832;04-03-2025 16:14:05.691;359859
3;04-03-2025 16:09:58.234;04-03-2025 16:14:08.272;250038
1;04-03-2025 16:08:05.832;04-03-2025 16:14:10.489;364657
3;04-03-2025 16:09:58.234;04-03-2025 16:14:13.263;255029
3;04-03-2025 16:09:58.234;04-03-2025 16:14:18.267;260033
3;04-03-2025 16:09:58.234;04-03-2025 16:14:23.272;265038
3;04-03-2025 16:09:58.234;04-03-2025 16:14:28.277;270043
0;04-03-2025 16:13:55.959;04-03-2025 16:14:31.595;35636
3;04-03-2025 16:09:58.234;04-03-2025 16:14:33.265;275031
3;04-03-2025 16:09:58.234;04-03-2025 16:14:38.271;280037
0;04-03-2025 16:14:37.301;04-03-2025 16:14:38.977;1676
1;04-03-2025 16:14:15.598;04-03-2025 16:14:41.701;26103
0;04-03-2025 16:14:37.301;04-03-2025 16:14:43.824;6523
1;04-03-2025 16:14:15.598;04-03-2025 16:14:45.631;30033
0;04-03-2025 16:14:46.589;04-03-2025 16:14:48.497;1908
1;04-03-2025 16:14:15.598;04-03-2025 16:14:50.935;35337
3;04-03-2025 16:14:53.235;04-03-2025 16:14:53.281;46
3;04-03-2025 16:14:53.235;04-03-2025 16:14:53.346;111
3;04-03-2025 16:14:53.235;04-03-2025 16:14:58.274;5039
3;04-03-2025 16:14:53.235;04-03-2025 16:15:03.263;10028
3;04-03-2025 16:14:53.235;04-03-2025 16:15:08.272;15037
3;04-03-2025 16:14:53.235;04-03-2025 16:15:13.275;20040
3;04-03-2025 16:14:53.235;04-03-2025 16:15:18.276;25041
3;04-03-2025 16:14:53.235;04-03-2025 16:15:23.300;30065
2;04-03-2025 16:14:47.997;04-03-2025 16:15:26.120;38123
3;04-03-2025 16:14:53.235;04-03-2025 16:15:28.269;35034
1;04-03-2025 16:14:15.598;04-03-2025 16:15:31.317;75719
3;04-03-2025 16:14:53.235;04-03-2025 16:15:33.276;40041
1;04-03-2025 16:14:15.598;04-03-2025 16:15:33.589;77991
3;04-03-2025 16:14:53.235;04-03-2025 16:15:38.267;45032
3;04-03-2025 16:14:53.235;04-03-2025 16:15:43.273;50038
3;04-03-2025 16:15:58.236;04-03-2025 16:15:58.285;49
3;04-03-2025 16:15:58.236;04-03-2025 16:15:58.347;111
1;04-03-2025 16:14:15.598;04-03-2025 16:16:00.529;104931
3;04-03-2025 16:15:58.236;04-03-2025 16:16:03.272;5036
3;04-03-2025 16:15:58.236;04-03-2025 16:16:08.264;10028
3;04-03-2025 16:15:58.236;04-03-2025 16:16:13.269;15033
3;04-03-2025 16:15:58.236;04-03-2025 16:16:18.264;20028
1;04-03-2025 16:14:15.598;04-03-2025 16:16:18.619;123021
2;04-03-2025 16:15:49.152;04-03-2025 16:16:22.137;32985
3;04-03-2025 16:15:58.236;04-03-2025 16:16:23.261;25025
3;04-03-2025 16:15:58.236;04-03-2025 16:16:28.265;30029
2;04-03-2025 16:15:49.152;04-03-2025 16:16:31.664;42512
3;04-03-2025 16:15:58.236;04-03-2025 16:16:33.269;35033
3;04-03-2025 16:16:48.234;04-03-2025 16:16:48.310;76
3;04-03-2025 16:16:48.234;04-03-2025 16:16:48.359;125
2;04-03-2025 16:16:39.019;04-03-2025 16:16:50.723;11704
3;04-03-2025 16:16:48.234;04-03-2025 16:16:53.271;5037
3;04-03-2025 16:16:48.234;04-03-2025 16:16:58.277;10043
3;04-03-2025 16:16:48.234;04-03-2025 16:17:03.272;15038
3;04-03-2025 16:16:48.234;04-03-2025 16:17:08.274;20040
3;04-03-2025 16:16:48.234;04-03-2025 16:17:13.263;25029
3;04-03-2025 16:16:48.234;04-03-2025 16:17:18.266;30032
3;04-03-2025 16:16:48.234;04-03-2025 16:17:23.254;35020
1;04-03-2025 16:14:15.598;04-03-2025 16:17:26.778;191180
3;04-03-2025 16:16:48.234;04-03-2025 16:17:28.274;40040
1;04-03-2025 16:14:15.598;04-03-2025 16:17:30.425;194827
3;04-03-2025 16:16:48.234;04-03-2025 16:17:33.265;45031
1;04-03-2025 16:14:15.598;04-03-2025 16:17:36.663;201065
3;04-03-2025 16:16:48.234;04-03-2025 16:17:38.270;50036
3;04-03-2025 16:16:48.234;04-03-2025 16:17:43.273;55039
3;04-03-2025 16:16:48.234;04-03-2025 16:17:48.264;60030
3;04-03-2025 16:16:48.234;04-03-2025 16:17:53.295;65061
3;04-03-2025 16:16:48.234;04-03-2025 16:17:58.279;70045
3;04-03-2025 16:16:48.234;04-03-2025 16:18:03.263;75029
3;04-03-2025 16:16:48.234;04-03-2025 16:18:08.265;80031
3;04-03-2025 16:16:48.234;04-03-2025 16:18:13.268;85034
3;04-03-2025 16:16:48.234;04-03-2025 16:18:18.276;90042
1;04-03-2025 16:14:15.598;04-03-2025 16:18:20.667;245069
3;04-03-2025 16:16:48.234;04-03-2025 16:18:23.276;95042
1;04-03-2025 16:14:15.598;04-03-2025 16:18:24.063;248465
3;04-03-2025 16:16:48.234;04-03-2025 16:18:28.265;100031
3;04-03-2025 16:16:48.234;04-03-2025 16:18:33.270;105036
3;04-03-2025 16:16:48.234;04-03-2025 16:18:38.272;110038
1;04-03-2025 16:14:15.598;04-03-2025 16:18:41.910;266312
3;04-03-2025 16:16:48.234;04-03-2025 16:18:43.275;115041
3;04-03-2025 16:16:48.234;04-03-2025 16:18:48.262;120028
1;04-03-2025 16:14:15.598;04-03-2025 16:18:50.528;274930
3;04-03-2025 16:16:48.234;04-03-2025 16:18:53.268;125034
3;04-03-2025 16:16:48.234;04-03-2025 16:18:58.273;130039
3;04-03-2025 16:16:48.234;04-03-2025 16:19:03.276;135042
3;04-03-2025 16:16:48.234;04-03-2025 16:19:08.266;140032
3;04-03-2025 16:16:48.234;04-03-2025 16:19:13.271;145037
3;04-03-2025 16:16:48.234;04-03-2025 16:19:18.275;150041
2;04-03-2025 16:19:13.165;04-03-2025 16:19:20.492;7327
3;04-03-2025 16:16:48.234;04-03-2025 16:19:23.267;155033
2;04-03-2025 16:19:24.639;04-03-2025 16:19:25.595;956
3;04-03-2025 16:16:48.234;04-03-2025 16:19:28.269;160035
1;04-03-2025 16:19:21.205;04-03-2025 16:19:28.823;7618
3;04-03-2025 16:16:48.234;04-03-2025 16:19:33.276;165042
3;04-03-2025 16:16:48.234;04-03-2025 16:19:38.264;170030
3;04-03-2025 16:16:48.234;04-03-2025 16:19:43.267;175033
3;04-03-2025 16:16:48.234;04-03-2025 16:19:48.270;180036
3;04-03-2025 16:16:48.234;04-03-2025 16:19:53.275;185041
3;04-03-2025 16:16:48.234;04-03-2025 16:19:58.263;190029
3;04-03-2025 16:16:48.234;04-03-2025 16:20:03.281;195047
3;04-03-2025 16:16:48.234;04-03-2025 16:20:08.275;200041
3;04-03-2025 16:16:48.234;04-03-2025 16:20:13.259;205025
3;04-03-2025 16:16:48.234;04-03-2025 16:20:18.263;210029
3;04-03-2025 16:16:48.234;04-03-2025 16:20:23.272;215038
2;04-03-2025 16:19:48.324;04-03-2025 16:20:27.312;38988
3;04-03-2025 16:16:48.234;04-03-2025 16:20:28.277;220043
3;04-03-2025 16:16:48.234;04-03-2025 16:20:33.269;225035
1;04-03-2025 16:19:21.205;04-03-2025 16:20:37.965;76760
3;04-03-2025 16:16:48.234;04-03-2025 16:20:38.275;230041
3;04-03-2025 16:16:48.234;04-03-2025 16:20:43.262;235028
3;04-03-2025 16:16:48.234;04-03-2025 16:20:48.269;240035
3;04-03-2025 16:16:48.234;04-03-2025 16:20:53.271;245037
3;04-03-2025 16:16:48.234;04-03-2025 16:20:58.262;250028
3;04-03-2025 16:16:48.234;04-03-2025 16:21:03.264;255030
3;04-03-2025 16:16:48.234;04-03-2025 16:21:08.269;260035
3;04-03-2025 16:16:48.234;04-03-2025 16:21:13.273;265039
3;04-03-2025 16:16:48.234;04-03-2025 16:21:18.264;270030
3;04-03-2025 16:16:48.234;04-03-2025 16:21:23.265;275031
3;04-03-2025 16:16:48.234;04-03-2025 16:21:28.271;280037
3;04-03-2025 16:16:48.234;04-03-2025 16:21:33.279;285045
3;04-03-2025 16:16:48.234;04-03-2025 16:21:38.264;290030
3;04-03-2025 16:16:48.234;04-03-2025 16:21:43.269;295035
3;04-03-2025 16:16:48.234;04-03-2025 16:21:48.275;300041
3;04-03-2025 16:16:48.234;04-03-2025 16:21:53.278;305044
3;04-03-2025 16:16:48.234;04-03-2025 16:21:58.280;310046
3;04-03-2025 16:16:48.234;04-03-2025 16:22:03.266;315032
3;04-03-2025 16:16:48.234;04-03-2025 16:22:08.272;320038
3;04-03-2025 16:16:48.234;04-03-2025 16:22:13.261;325027
3;04-03-2025 16:16:48.234;04-03-2025 16:22:18.264;330030
3;04-03-2025 16:16:48.234;04-03-2025 16:22:23.272;335038
3;04-03-2025 16:16:48.234;04-03-2025 16:22:28.289;340055
3;04-03-2025 16:16:48.234;04-03-2025 16:22:33.275;345041
3;04-03-2025 16:16:48.234;04-03-2025 16:22:38.279;350045
3;04-03-2025 16:16:48.234;04-03-2025 16:22:43.275;355041
3;04-03-2025 16:16:48.234;04-03-2025 16:22:48.269;360035
3;04-03-2025 16:16:48.234;04-03-2025 16:22:53.292;365058
3;04-03-2025 16:16:48.234;04-03-2025 16:22:58.274;370040
3;04-03-2025 16:23:13.234;04-03-2025 16:23:13.286;52
3;04-03-2025 16:23:13.234;04-03-2025 16:23:13.332;98
3;04-03-2025 16:23:13.234;04-03-2025 16:23:18.261;5027
3;04-03-2025 16:23:33.233;04-03-2025 16:23:33.276;43
3;04-03-2025 16:23:33.233;04-03-2025 16:23:33.323;90
3;04-03-2025 16:23:33.233;04-03-2025 16:23:38.262;5029
3;04-03-2025 16:23:33.233;04-03-2025 16:23:43.266;10033
3;04-03-2025 16:23:33.233;04-03-2025 16:23:48.271;15038
1;04-03-2025 16:23:30.581;04-03-2025 16:23:50.968;20387
3;04-03-2025 16:23:33.233;04-03-2025 16:23:53.277;20044
3;04-03-2025 16:23:33.233;04-03-2025 16:23:58.279;25046
3;04-03-2025 16:23:33.233;04-03-2025 16:24:03.272;30039
3;04-03-2025 16:23:33.233;04-03-2025 16:24:08.260;35027
3;04-03-2025 16:23:33.233;04-03-2025 16:24:13.265;40032
3;04-03-2025 16:23:33.233;04-03-2025 16:24:18.269;45036
3;04-03-2025 16:23:33.233;04-03-2025 16:24:23.274;50041
3;04-03-2025 16:23:33.233;04-03-2025 16:24:28.263;55030
3;04-03-2025 16:23:33.233;04-03-2025 16:24:33.267;60034
3;04-03-2025 16:23:33.233;04-03-2025 16:24:38.273;65040
1;04-03-2025 16:24:36.935;04-03-2025 16:24:41.462;4527
3;04-03-2025 16:23:33.233;04-03-2025 16:24:43.263;70030
3;04-03-2025 16:23:33.233;04-03-2025 16:24:48.265;75032
3;04-03-2025 16:23:33.233;04-03-2025 16:24:53.269;80036
3;04-03-2025 16:23:33.233;04-03-2025 16:24:58.260;85027
1;04-03-2025 16:24:58.386;04-03-2025 16:25:02.886;4500
3;04-03-2025 16:23:33.233;04-03-2025 16:25:03.265;90032
3;04-03-2025 16:23:33.233;04-03-2025 16:25:08.268;95035
3;04-03-2025 16:23:33.233;04-03-2025 16:25:13.300;100067
3;04-03-2025 16:23:33.233;04-03-2025 16:25:18.264;105031
3;04-03-2025 16:23:33.233;04-03-2025 16:25:23.269;110036
1;04-03-2025 16:25:08.510;04-03-2025 16:25:26.269;17759
3;04-03-2025 16:23:33.233;04-03-2025 16:25:28.259;115026
0;04-03-2025 16:25:27.619;04-03-2025 16:25:32.038;4419
3;04-03-2025 16:23:33.233;04-03-2025 16:25:33.264;120031
1;04-03-2025 16:25:08.510;04-03-2025 16:25:37.592;29082
3;04-03-2025 16:23:33.233;04-03-2025 16:25:38.269;125036
1;04-03-2025 16:25:08.510;04-03-2025 16:25:38.312;29802
3;04-03-2025 16:23:33.233;04-03-2025 16:25:43.273;130040
1;04-03-2025 16:25:08.510;04-03-2025 16:25:44.435;35925
3;04-03-2025 16:23:33.233;04-03-2025 16:25:48.263;135030
1;04-03-2025 16:25:08.510;04-03-2025 16:25:49.008;40498
3;04-03-2025 16:23:33.233;04-03-2025 16:25:53.269;140036
1;04-03-2025 16:25:08.510;04-03-2025 16:25:53.593;45083
3;04-03-2025 16:23:33.233;04-03-2025 16:25:58.276;145043
1;04-03-2025 16:25:08.510;04-03-2025 16:26:00.859;52349
3;04-03-2025 16:23:33.233;04-03-2025 16:26:03.263;150030
1;04-03-2025 16:25:08.510;04-03-2025 16:26:06.088;57578
3;04-03-2025 16:23:33.233;04-03-2025 16:26:08.270;155037
0;04-03-2025 16:25:55.431;04-03-2025 16:26:10.536;15105
1;04-03-2025 16:25:08.510;04-03-2025 16:26:10.948;62438
3;04-03-2025 16:23:33.233;04-03-2025 16:26:13.274;160041
0;04-03-2025 16:26:13.162;04-03-2025 16:26:14.707;1545
3;04-03-2025 16:23:33.233;04-03-2025 16:26:18.264;165031
1;04-03-2025 16:25:08.510;04-03-2025 16:26:31.797;83287
3;04-03-2025 16:26:33.234;04-03-2025 16:26:33.273;39
3;04-03-2025 16:26:33.234;04-03-2025 16:26:33.321;87
3;04-03-2025 16:26:33.234;04-03-2025 16:26:38.264;5030
3;04-03-2025 16:26:33.234;04-03-2025 16:26:43.268;10034
1;04-03-2025 16:25:08.510;04-03-2025 16:26:47.738;99228
3;04-03-2025 16:26:33.234;04-03-2025 16:26:48.272;15038
0;04-03-2025 16:26:35.444;04-03-2025 16:26:50.553;15109
3;04-03-2025 16:26:33.234;04-03-2025 16:26:53.261;20027
1;04-03-2025 16:25:08.510;04-03-2025 16:26:55.418;106908
3;04-03-2025 16:26:33.234;04-03-2025 16:26:58.267;25033
1;04-03-2025 16:25:08.510;04-03-2025 16:27:01.268;112758
3;04-03-2025 16:26:33.234;04-03-2025 16:27:03.291;30057
1;04-03-2025 16:25:08.510;04-03-2025 16:27:05.620;117110
3;04-03-2025 16:26:33.234;04-03-2025 16:27:08.263;35029
3;04-03-2025 16:26:33.234;04-03-2025 16:27:13.268;40034
3;04-03-2025 16:27:28.228;04-03-2025 16:27:28.268;40
3;04-03-2025 16:27:28.228;04-03-2025 16:27:33.274;5046
3;04-03-2025 16:27:28.228;04-03-2025 16:27:38.264;10036
3;04-03-2025 16:27:28.228;04-03-2025 16:27:43.271;15043
1;04-03-2025 16:25:08.510;04-03-2025 16:27:46.013;157503
3;04-03-2025 16:27:28.228;04-03-2025 16:27:48.274;20046
3;04-03-2025 16:27:28.228;04-03-2025 16:27:53.266;25038
3;04-03-2025 16:27:28.228;04-03-2025 16:27:58.270;30042
0;04-03-2025 16:26:35.444;04-03-2025 16:28:02.851;87407
3;04-03-2025 16:27:28.228;04-03-2025 16:28:03.273;35045
0;04-03-2025 16:26:35.444;04-03-2025 16:28:04.036;88592
1;04-03-2025 16:25:08.510;04-03-2025 16:28:07.227;178717
3;04-03-2025 16:27:28.228;04-03-2025 16:28:08.264;40036
3;04-03-2025 16:27:28.228;04-03-2025 16:28:13.268;45040
3;04-03-2025 16:27:28.228;04-03-2025 16:28:18.273;50045
3;04-03-2025 16:27:28.228;04-03-2025 16:28:23.265;55037
3;04-03-2025 16:27:28.228;04-03-2025 16:28:28.269;60041
1;04-03-2025 16:28:18.792;04-03-2025 16:28:31.143;12351
3;04-03-2025 16:27:28.228;04-03-2025 16:28:33.261;65033
2;04-03-2025 16:28:34.971;04-03-2025 16:28:36.209;1238
0;04-03-2025 16:28:34.218;04-03-2025 16:28:36.993;2775
1;04-03-2025 16:28:18.792;04-03-2025 16:28:37.985;19193
3;04-03-2025 16:27:28.228;04-03-2025 16:28:38.263;70035
1;04-03-2025 16:28:18.792;04-03-2025 16:28:42.317;23525
3;04-03-2025 16:27:28.228;04-03-2025 16:28:43.267;75039
3;04-03-2025 16:27:28.228;04-03-2025 16:28:48.275;80047
0;04-03-2025 16:28:39.445;04-03-2025 16:28:49.133;9688
1;04-03-2025 16:28:49.625;04-03-2025 16:28:51.625;2000
3;04-03-2025 16:27:28.228;04-03-2025 16:28:53.279;85051
3;04-03-2025 16:27:28.228;04-03-2025 16:28:58.269;90041
3;04-03-2025 16:27:28.228;04-03-2025 16:29:03.274;95046
3;04-03-2025 16:27:28.228;04-03-2025 16:29:08.279;100051
3;04-03-2025 16:27:28.228;04-03-2025 16:29:13.267;105039
3;04-03-2025 16:27:28.228;04-03-2025 16:29:18.273;110045
3;04-03-2025 16:27:28.228;04-03-2025 16:29:23.264;115036
1;04-03-2025 16:28:49.625;04-03-2025 16:29:28.041;38416
3;04-03-2025 16:27:28.228;04-03-2025 16:29:28.272;120044
3;04-03-2025 16:27:28.228;04-03-2025 16:29:33.275;125047
3;04-03-2025 16:27:28.228;04-03-2025 16:29:38.265;130037
3;04-03-2025 16:27:28.228;04-03-2025 16:29:43.272;135044
3;04-03-2025 16:27:28.228;04-03-2025 16:29:48.277;140049
3;04-03-2025 16:27:28.228;04-03-2025 16:29:53.267;145039
0;04-03-2025 16:29:29.632;04-03-2025 16:29:58.186;28554
3;04-03-2025 16:27:28.228;04-03-2025 16:29:58.272;150044
3;04-03-2025 16:27:28.228;04-03-2025 16:30:03.269;155041
3;04-03-2025 16:27:28.228;04-03-2025 16:30:08.272;160044
0;04-03-2025 16:29:29.632;04-03-2025 16:30:09.893;40261
1;04-03-2025 16:29:56.219;04-03-2025 16:30:12.689;16470
3;04-03-2025 16:27:28.228;04-03-2025 16:30:13.271;165043
3;04-03-2025 16:27:28.228;04-03-2025 16:30:18.271;170043
3;04-03-2025 16:27:28.228;04-03-2025 16:30:23.267;175039
3;04-03-2025 16:27:28.228;04-03-2025 16:30:28.258;180030
3;04-03-2025 16:27:28.228;04-03-2025 16:30:33.280;185052
3;04-03-2025 16:27:28.228;04-03-2025 16:30:38.267;190039
1;04-03-2025 16:30:22.850;04-03-2025 16:30:41.572;18722
3;04-03-2025 16:27:28.228;04-03-2025 16:30:43.274;195046
3;04-03-2025 16:27:28.228;04-03-2025 16:30:48.264;200036
3;04-03-2025 16:27:28.228;04-03-2025 16:30:53.270;205042
3;04-03-2025 16:27:28.228;04-03-2025 16:30:58.276;210048
0;04-03-2025 16:30:51.557;04-03-2025 16:31:02.615;11058
3;04-03-2025 16:27:28.228;04-03-2025 16:31:03.261;215033
0;04-03-2025 16:30:51.557;04-03-2025 16:31:04.295;12738
2;04-03-2025 16:31:01.485;04-03-2025 16:31:06.469;4984
3;04-03-2025 16:27:28.228;04-03-2025 16:31:08.267;220039
3;04-03-2025 16:27:28.228;04-03-2025 16:31:13.272;225044
3;04-03-2025 16:27:28.228;04-03-2025 16:31:18.263;230035
3;04-03-2025 16:27:28.228;04-03-2025 16:31:23.254;235026
3;04-03-2025 16:27:28.228;04-03-2025 16:31:28.273;240045
3;04-03-2025 16:27:28.228;04-03-2025 16:31:33.265;245037
3;04-03-2025 16:27:28.228;04-03-2025 16:31:38.271;250043
3;04-03-2025 16:27:28.228;04-03-2025 16:31:43.275;255047
2;04-03-2025 16:31:50.587;04-03-2025 16:31:50.787;200
3;04-03-2025 16:31:58.236;04-03-2025 16:31:58.290;54
3;04-03-2025 16:31:58.236;04-03-2025 16:31:58.354;118
3;04-03-2025 16:31:58.236;04-03-2025 16:32:03.266;5030
3;04-03-2025 16:31:58.236;04-03-2025 16:32:08.270;10034
1;04-03-2025 16:31:55.052;04-03-2025 16:32:11.092;16040
3;04-03-2025 16:31:58.236;04-03-2025 16:32:13.264;15028
3;04-03-2025 16:31:58.236;04-03-2025 16:32:18.266;20030
3;04-03-2025 16:31:58.236;04-03-2025 16:32:23.273;25037
3;04-03-2025 16:31:58.236;04-03-2025 16:32:28.274;30038
3;04-03-2025 16:31:58.236;04-03-2025 16:32:33.267;35031
3;04-03-2025 16:31:58.236;04-03-2025 16:32:38.275;40039
3;04-03-2025 16:31:58.236;04-03-2025 16:32:43.263;45027
3;04-03-2025 16:31:58.236;04-03-2025 16:32:48.270;50034
3;04-03-2025 16:31:58.236;04-03-2025 16:32:53.274;55038
3;04-03-2025 16:31:58.236;04-03-2025 16:32:58.278;60042
3;04-03-2025 16:31:58.236;04-03-2025 16:33:03.268;65032
3;04-03-2025 16:31:58.236;04-03-2025 16:33:08.272;70036
3;04-03-2025 16:31:58.236;04-03-2025 16:33:13.260;75024
3;04-03-2025 16:31:58.236;04-03-2025 16:33:18.266;80030
3;04-03-2025 16:31:58.236;04-03-2025 16:33:23.272;85036
3;04-03-2025 16:31:58.236;04-03-2025 16:33:28.261;90025
1;04-03-2025 16:33:07.839;04-03-2025 16:33:31.649;23810
3;04-03-2025 16:31:58.236;04-03-2025 16:33:33.267;95031
3;04-03-2025 16:31:58.236;04-03-2025 16:33:38.268;100032
3;04-03-2025 16:31:58.236;04-03-2025 16:33:43.272;105036
1;04-03-2025 16:33:36.826;04-03-2025 16:33:45.570;8744
2;04-03-2025 16:33:35.853;04-03-2025 16:33:47.369;11516
3;04-03-2025 16:31:58.236;04-03-2025 16:33:48.262;110026
3;04-03-2025 16:31:58.236;04-03-2025 16:33:53.266;115030
1;04-03-2025 16:33:51.308;04-03-2025 16:33:53.292;1984
3;04-03-2025 16:31:58.236;04-03-2025 16:33:58.270;120034
3;04-03-2025 16:31:58.236;04-03-2025 16:34:03.279;125043
0;04-03-2025 16:33:53.134;04-03-2025 16:34:06.950;13816
2;04-03-2025 16:34:05.375;04-03-2025 16:34:07.349;1974
3;04-03-2025 16:31:58.236;04-03-2025 16:34:08.267;130031
1;04-03-2025 16:34:10.432;04-03-2025 16:34:11.091;659
3;04-03-2025 16:31:58.236;04-03-2025 16:34:13.273;135037
3;04-03-2025 16:31:58.236;04-03-2025 16:34:18.276;140040
3;04-03-2025 16:31:58.236;04-03-2025 16:34:23.267;145031
1;04-03-2025 16:34:18.656;04-03-2025 16:34:23.440;4784
3;04-03-2025 16:31:58.236;04-03-2025 16:34:28.273;150037
3;04-03-2025 16:31:58.236;04-03-2025 16:34:33.277;155041
1;04-03-2025 16:34:18.656;04-03-2025 16:34:35.298;16642
3;04-03-2025 16:31:58.236;04-03-2025 16:34:38.267;160031
3;04-03-2025 16:31:58.236;04-03-2025 16:34:43.273;165037
1;04-03-2025 16:34:38.891;04-03-2025 16:34:47.545;8654
3;04-03-2025 16:31:58.236;04-03-2025 16:34:48.278;170042
3;04-03-2025 16:31:58.236;04-03-2025 16:34:53.270;175034
3;04-03-2025 16:31:58.236;04-03-2025 16:34:58.275;180039
3;04-03-2025 16:31:58.236;04-03-2025 16:35:03.265;185029
0;04-03-2025 16:34:57.505;04-03-2025 16:35:05.676;8171
0;04-03-2025 16:34:57.505;04-03-2025 16:35:11.032;13527
1;04-03-2025 16:34:38.891;04-03-2025 16:35:15.953;37062
3;04-03-2025 16:35:20.051;04-03-2025 16:35:20.101;50
3;04-03-2025 16:35:20.051;04-03-2025 16:35:20.150;99
3;04-03-2025 16:35:20.051;04-03-2025 16:35:23.268;3217
3;04-03-2025 16:35:20.051;04-03-2025 16:35:28.272;8221
3;04-03-2025 16:35:20.051;04-03-2025 16:35:33.265;13214
1;04-03-2025 16:34:38.891;04-03-2025 16:35:37.414;58523
3;04-03-2025 16:35:20.051;04-03-2025 16:35:38.268;18217
1;04-03-2025 16:34:38.891;04-03-2025 16:35:41.314;62423
3;04-03-2025 16:35:20.051;04-03-2025 16:35:43.282;23231
3;04-03-2025 16:35:20.051;04-03-2025 16:35:48.279;28228
0;04-03-2025 16:34:57.505;04-03-2025 16:35:50.833;53328
3;04-03-2025 16:35:20.051;04-03-2025 16:35:53.266;33215
3;04-03-2025 16:35:20.051;04-03-2025 16:35:58.272;38221
3;04-03-2025 16:35:20.051;04-03-2025 16:36:03.296;43245
3;04-03-2025 16:35:20.051;04-03-2025 16:36:08.264;48213
3;04-03-2025 16:35:20.051;04-03-2025 16:36:13.267;53216
1;04-03-2025 16:35:51.901;04-03-2025 16:36:16.668;24767
3;04-03-2025 16:35:20.051;04-03-2025 16:36:18.273;58222
3;04-03-2025 16:35:20.051;04-03-2025 16:36:23.264;63213
3;04-03-2025 16:35:20.051;04-03-2025 16:36:28.271;68220
1;04-03-2025 16:35:51.901;04-03-2025 16:36:31.637;39736
3;04-03-2025 16:35:20.051;04-03-2025 16:36:33.276;73225
1;04-03-2025 16:35:51.901;04-03-2025 16:36:33.333;41432
3;04-03-2025 16:35:20.051;04-03-2025 16:36:38.269;78218
3;04-03-2025 16:35:20.051;04-03-2025 16:36:43.269;83218
1;04-03-2025 16:36:38.261;04-03-2025 16:36:45.600;7339
3;04-03-2025 16:35:20.051;04-03-2025 16:36:48.276;88225
1;04-03-2025 16:36:38.261;04-03-2025 16:36:56.296;18035
2;04-03-2025 16:36:06.809;04-03-2025 16:36:56.536;49727
3;04-03-2025 16:37:03.235;04-03-2025 16:37:03.306;71
3;04-03-2025 16:37:03.235;04-03-2025 16:37:03.352;117
3;04-03-2025 16:37:03.235;04-03-2025 16:37:08.266;5031
0;04-03-2025 16:36:00.632;04-03-2025 16:37:11.246;70614
3;04-03-2025 16:37:03.235;04-03-2025 16:37:13.269;10034
3;04-03-2025 16:37:03.235;04-03-2025 16:37:18.257;15022
3;04-03-2025 16:37:03.235;04-03-2025 16:37:23.277;20042
1;04-03-2025 16:36:38.261;04-03-2025 16:37:23.882;45621
3;04-03-2025 16:37:03.235;04-03-2025 16:37:28.268;25033
1;04-03-2025 16:36:38.261;04-03-2025 16:37:33.041;54780
3;04-03-2025 16:37:03.235;04-03-2025 16:37:33.270;30035
1;04-03-2025 16:36:38.261;04-03-2025 16:37:36.926;58665
3;04-03-2025 16:37:03.235;04-03-2025 16:37:38.260;35025
3;04-03-2025 16:37:03.235;04-03-2025 16:37:43.265;40030
1;04-03-2025 16:36:38.261;04-03-2025 16:37:45.532;67271
3;04-03-2025 16:37:03.235;04-03-2025 16:37:48.271;45036
3;04-03-2025 16:37:03.235;04-03-2025 16:37:53.259;50024
3;04-03-2025 16:37:03.235;04-03-2025 16:37:58.263;55028
3;04-03-2025 16:37:03.235;04-03-2025 16:38:03.269;60034
3;04-03-2025 16:37:03.235;04-03-2025 16:38:08.260;65025
0;04-03-2025 16:37:44.970;04-03-2025 16:38:13.015;28045
3;04-03-2025 16:37:03.235;04-03-2025 16:38:13.261;70026
3;04-03-2025 16:37:03.235;04-03-2025 16:38:18.281;75046
3;04-03-2025 16:37:03.235;04-03-2025 16:38:23.269;80034
3;04-03-2025 16:37:03.235;04-03-2025 16:38:28.259;85024
1;04-03-2025 16:36:38.261;04-03-2025 16:38:31.392;113131
3;04-03-2025 16:37:03.235;04-03-2025 16:38:33.269;90034
3;04-03-2025 16:37:03.235;04-03-2025 16:38:38.276;95041
1;04-03-2025 16:36:38.261;04-03-2025 16:38:41.419;123158
3;04-03-2025 16:37:03.235;04-03-2025 16:38:43.266;100031
1;04-03-2025 16:36:38.261;04-03-2025 16:38:43.300;125039
3;04-03-2025 16:37:03.235;04-03-2025 16:38:48.272;105037
3;04-03-2025 16:37:03.235;04-03-2025 16:38:53.276;110041
1;04-03-2025 16:36:38.261;04-03-2025 16:39:03.370;145109
3;04-03-2025 16:39:08.235;04-03-2025 16:39:08.271;36
3;04-03-2025 16:39:08.235;04-03-2025 16:39:08.334;99
1;04-03-2025 16:36:38.261;04-03-2025 16:39:10.929;152668
3;04-03-2025 16:39:08.235;04-03-2025 16:39:13.261;5026
3;04-03-2025 16:39:28.228;04-03-2025 16:39:28.258;30
3;04-03-2025 16:39:28.228;04-03-2025 16:39:33.261;5033
3;04-03-2025 16:39:28.228;04-03-2025 16:39:38.267;10039
0;04-03-2025 16:38:16.920;04-03-2025 16:39:42.549;85629
3;04-03-2025 16:39:28.228;04-03-2025 16:39:43.275;15047
1;04-03-2025 16:39:15.766;04-03-2025 16:39:46.369;30603
3;04-03-2025 16:39:28.228;04-03-2025 16:39:48.262;20034
3;04-03-2025 16:39:28.228;04-03-2025 16:39:53.265;25037
3;04-03-2025 16:39:28.228;04-03-2025 16:39:58.270;30042
1;04-03-2025 16:39:15.766;04-03-2025 16:40:01.153;45387
3;04-03-2025 16:39:28.228;04-03-2025 16:40:03.282;35054
1;04-03-2025 16:39:15.766;04-03-2025 16:40:03.352;47586
3;04-03-2025 16:39:28.228;04-03-2025 16:40:08.264;40036
3;04-03-2025 16:39:28.228;04-03-2025 16:40:13.253;45025
3;04-03-2025 16:39:28.228;04-03-2025 16:40:18.275;50047
3;04-03-2025 16:39:28.228;04-03-2025 16:40:23.269;55041
3;04-03-2025 16:39:28.228;04-03-2025 16:40:28.271;60043
1;04-03-2025 16:40:08.790;04-03-2025 16:40:31.190;22400
3;04-03-2025 16:39:28.228;04-03-2025 16:40:33.276;65048
3;04-03-2025 16:39:28.228;04-03-2025 16:40:38.267;70039
3;04-03-2025 16:39:28.228;04-03-2025 16:40:43.271;75043
1;04-03-2025 16:40:08.790;04-03-2025 16:40:46.910;38120
3;04-03-2025 16:39:28.228;04-03-2025 16:40:48.265;80037
1;04-03-2025 16:40:08.790;04-03-2025 16:40:51.342;42552
3;04-03-2025 16:39:28.228;04-03-2025 16:40:53.268;85040
3;04-03-2025 16:39:28.228;04-03-2025 16:40:58.270;90042
3;04-03-2025 16:39:28.228;04-03-2025 16:41:03.261;95033
3;04-03-2025 16:39:28.228;04-03-2025 16:41:08.262;100034
3;04-03-2025 16:39:28.228;04-03-2025 16:41:13.270;105042
3;04-03-2025 16:39:28.228;04-03-2025 16:41:18.275;110047
3;04-03-2025 16:39:28.228;04-03-2025 16:41:23.262;115034
3;04-03-2025 16:39:28.228;04-03-2025 16:41:28.267;120039
3;04-03-2025 16:39:28.228;04-03-2025 16:41:33.272;125044
1;04-03-2025 16:41:22.680;04-03-2025 16:41:35.779;13099
3;04-03-2025 16:39:28.228;04-03-2025 16:41:38.259;130031
1;04-03-2025 16:41:37.805;04-03-2025 16:41:38.569;764
3;04-03-2025 16:39:28.228;04-03-2025 16:41:43.262;135034
3;04-03-2025 16:39:28.228;04-03-2025 16:41:48.268;140040
1;04-03-2025 16:41:37.805;04-03-2025 16:41:51.299;13494
3;04-03-2025 16:39:28.228;04-03-2025 16:41:53.273;145045
1;04-03-2025 16:41:37.805;04-03-2025 16:41:55.379;17574
3;04-03-2025 16:39:28.228;04-03-2025 16:41:58.262;150034
1;04-03-2025 16:41:37.805;04-03-2025 16:42:01.361;23556
3;04-03-2025 16:39:28.228;04-03-2025 16:42:03.271;155043
3;04-03-2025 16:39:28.228;04-03-2025 16:42:08.260;160032
3;04-03-2025 16:39:28.228;04-03-2025 16:42:13.266;165038
1;04-03-2025 16:42:10.688;04-03-2025 16:42:17.482;6794
3;04-03-2025 16:39:28.228;04-03-2025 16:42:18.273;170045
1;04-03-2025 16:42:10.688;04-03-2025 16:42:20.809;10121
3;04-03-2025 16:39:28.228;04-03-2025 16:42:23.278;175050
1;04-03-2025 16:42:10.688;04-03-2025 16:42:23.404;12716
3;04-03-2025 16:39:28.228;04-03-2025 16:42:28.267;180039
3;04-03-2025 16:39:28.228;04-03-2025 16:42:33.270;185042
3;04-03-2025 16:39:28.228;04-03-2025 16:42:38.263;190035
3;04-03-2025 16:39:28.228;04-03-2025 16:42:43.268;195040
3;04-03-2025 16:39:28.228;04-03-2025 16:42:48.275;200047
1;04-03-2025 16:42:48.823;04-03-2025 16:42:50.539;1716
3;04-03-2025 16:39:28.228;04-03-2025 16:42:53.264;205036
1;04-03-2025 16:42:48.823;04-03-2025 16:42:56.359;7536
3;04-03-2025 16:39:28.228;04-03-2025 16:42:58.270;210042
3;04-03-2025 16:39:28.228;04-03-2025 16:43:03.275;215047
0;04-03-2025 16:42:55.942;04-03-2025 16:43:07.296;11354
3;04-03-2025 16:39:28.228;04-03-2025 16:43:08.264;220036
3;04-03-2025 16:39:28.228;04-03-2025 16:43:13.267;225039
1;04-03-2025 16:42:48.823;04-03-2025 16:43:16.844;28021
1;04-03-2025 16:42:48.823;04-03-2025 16:43:18.348;29525
3;04-03-2025 16:43:28.228;04-03-2025 16:43:28.271;43
3;04-03-2025 16:43:28.228;04-03-2025 16:43:33.275;5047
1;04-03-2025 16:43:31.254;04-03-2025 16:43:36.481;5227
3;04-03-2025 16:43:28.228;04-03-2025 16:43:38.264;10036
1;04-03-2025 16:43:31.254;04-03-2025 16:43:46.158;14904
3;04-03-2025 16:43:53.233;04-03-2025 16:43:53.292;59
3;04-03-2025 16:43:53.233;04-03-2025 16:43:53.339;106
1;04-03-2025 16:43:31.254;04-03-2025 16:43:53.385;22131
3;04-03-2025 16:43:53.233;04-03-2025 16:43:58.263;5030
3;04-03-2025 16:43:53.233;04-03-2025 16:44:03.268;10035
1;04-03-2025 16:43:57.397;04-03-2025 16:44:05.454;8057
3;04-03-2025 16:43:53.233;04-03-2025 16:44:08.273;15040
3;04-03-2025 16:43:53.233;04-03-2025 16:44:13.279;20046
1;04-03-2025 16:43:57.397;04-03-2025 16:44:17.222;19825
3;04-03-2025 16:43:53.233;04-03-2025 16:44:18.268;25035
1;04-03-2025 16:43:57.397;04-03-2025 16:44:21.155;23758
3;04-03-2025 16:43:53.233;04-03-2025 16:44:23.273;30040
1;04-03-2025 16:43:57.397;04-03-2025 16:44:25.812;28415
3;04-03-2025 16:43:53.233;04-03-2025 16:44:28.265;35032
3;04-03-2025 16:43:53.233;04-03-2025 16:44:33.270;40037
1;04-03-2025 16:43:57.397;04-03-2025 16:44:33.957;36560
3;04-03-2025 16:43:53.233;04-03-2025 16:44:38.262;45029
1;04-03-2025 16:43:57.397;04-03-2025 16:44:41.183;43786
3;04-03-2025 16:43:53.233;04-03-2025 16:44:43.268;50035
3;04-03-2025 16:43:53.233;04-03-2025 16:44:48.260;55027
3;04-03-2025 16:43:53.233;04-03-2025 16:44:53.264;60031
1;04-03-2025 16:43:57.397;04-03-2025 16:44:56.341;58944
3;04-03-2025 16:43:53.233;04-03-2025 16:44:58.269;65036
1;04-03-2025 16:43:57.397;04-03-2025 16:44:58.423;61026
3;04-03-2025 16:43:53.233;04-03-2025 16:45:03.275;70042
1;04-03-2025 16:43:57.397;04-03-2025 16:45:03.421;66024
3;04-03-2025 16:43:53.233;04-03-2025 16:45:08.266;75033
3;04-03-2025 16:43:53.233;04-03-2025 16:45:13.277;80044
1;04-03-2025 16:43:57.397;04-03-2025 16:45:15.869;78472
3;04-03-2025 16:43:53.233;04-03-2025 16:45:18.273;85040
3;04-03-2025 16:43:53.233;04-03-2025 16:45:23.268;90035
1;04-03-2025 16:43:57.397;04-03-2025 16:45:26.007;88610
3;04-03-2025 16:43:53.233;04-03-2025 16:45:28.268;95035
1;04-03-2025 16:43:57.397;04-03-2025 16:45:28.599;91202
3;04-03-2025 16:43:53.233;04-03-2025 16:45:33.274;100041
3;04-03-2025 16:45:48.233;04-03-2025 16:45:48.289;56
3;04-03-2025 16:45:48.233;04-03-2025 16:45:48.336;103
3;04-03-2025 16:45:48.233;04-03-2025 16:45:53.263;5030
3;04-03-2025 16:46:08.232;04-03-2025 16:46:08.277;45
3;04-03-2025 16:46:08.232;04-03-2025 16:46:08.324;92
3;04-03-2025 16:46:08.232;04-03-2025 16:46:13.267;5035
3;04-03-2025 16:46:08.232;04-03-2025 16:46:18.272;10040
3;04-03-2025 16:46:08.232;04-03-2025 16:46:23.263;15031
3;04-03-2025 16:46:08.232;04-03-2025 16:46:28.265;20033
3;04-03-2025 16:46:08.232;04-03-2025 16:46:33.271;25039
3;04-03-2025 16:46:08.232;04-03-2025 16:46:38.276;30044
1;04-03-2025 16:43:57.397;04-03-2025 16:46:41.018;163621
3;04-03-2025 16:46:08.232;04-03-2025 16:46:43.264;35032
3;04-03-2025 16:46:08.232;04-03-2025 16:46:48.269;40037
1;04-03-2025 16:43:57.397;04-03-2025 16:46:50.653;173256
3;04-03-2025 16:47:03.233;04-03-2025 16:47:03.283;50
3;04-03-2025 16:47:03.233;04-03-2025 16:47:03.332;99
3;04-03-2025 16:47:03.233;04-03-2025 16:47:08.271;5038
3;04-03-2025 16:47:03.233;04-03-2025 16:47:13.261;10028
3;04-03-2025 16:47:03.233;04-03-2025 16:47:18.263;15030
3;04-03-2025 16:47:03.233;04-03-2025 16:47:23.272;20039
3;04-03-2025 16:47:03.233;04-03-2025 16:47:28.271;25038
1;04-03-2025 16:43:57.397;04-03-2025 16:47:33.177;215780
3;04-03-2025 16:47:03.233;04-03-2025 16:47:33.262;30029
3;04-03-2025 16:47:03.233;04-03-2025 16:47:38.268;35035
3;04-03-2025 16:47:03.233;04-03-2025 16:47:43.272;40039
3;04-03-2025 16:47:03.233;04-03-2025 16:47:48.264;45031
3;04-03-2025 16:47:03.233;04-03-2025 16:47:53.281;50048
3;04-03-2025 16:47:03.233;04-03-2025 16:47:58.270;55037
3;04-03-2025 16:47:03.233;04-03-2025 16:48:03.262;60029
1;04-03-2025 16:48:02.715;04-03-2025 16:48:06.116;3401
3;04-03-2025 16:47:03.233;04-03-2025 16:48:08.266;65033
3;04-03-2025 16:47:03.233;04-03-2025 16:48:13.269;70036
0;04-03-2025 16:47:36.155;04-03-2025 16:48:17.842;41687
3;04-03-2025 16:47:03.233;04-03-2025 16:48:18.257;75024
3;04-03-2025 16:47:03.233;04-03-2025 16:48:23.264;80031
3;04-03-2025 16:47:03.233;04-03-2025 16:48:28.267;85034
3;04-03-2025 16:47:03.233;04-03-2025 16:48:33.276;90043
3;04-03-2025 16:47:03.233;04-03-2025 16:48:38.264;95031
3;04-03-2025 16:48:53.234;04-03-2025 16:48:53.284;50
3;04-03-2025 16:48:53.234;04-03-2025 16:48:53.348;114
3;04-03-2025 16:48:53.234;04-03-2025 16:48:58.274;5040
3;04-03-2025 16:48:53.234;04-03-2025 16:49:03.261;10027
3;04-03-2025 16:48:53.234;04-03-2025 16:49:08.266;15032
3;04-03-2025 16:48:53.234;04-03-2025 16:49:13.272;20038
3;04-03-2025 16:48:53.234;04-03-2025 16:49:18.261;25027
3;04-03-2025 16:48:53.234;04-03-2025 16:49:23.268;30034
3;04-03-2025 16:48:53.234;04-03-2025 16:49:28.255;35021
3;04-03-2025 16:48:53.234;04-03-2025 16:49:33.276;40042
1;04-03-2025 16:49:16.159;04-03-2025 16:49:36.547;20388
3;04-03-2025 16:48:53.234;04-03-2025 16:49:38.265;45031
3;04-03-2025 16:48:53.234;04-03-2025 16:49:43.269;50035
3;04-03-2025 16:48:53.234;04-03-2025 16:49:48.275;55041
1;04-03-2025 16:49:47.676;04-03-2025 16:49:51.464;3788
3;04-03-2025 16:48:53.234;04-03-2025 16:49:53.263;60029
3;04-03-2025 16:48:53.234;04-03-2025 16:49:58.268;65034
1;04-03-2025 16:49:47.676;04-03-2025 16:49:59.056;11380
3;04-03-2025 16:50:13.234;04-03-2025 16:50:13.279;45
3;04-03-2025 16:50:13.234;04-03-2025 16:50:13.327;93
3;04-03-2025 16:50:13.234;04-03-2025 16:50:18.273;5039
2;04-03-2025 16:50:17.863;04-03-2025 16:50:20.895;3032
3;04-03-2025 16:50:13.234;04-03-2025 16:50:23.273;10039
1;04-03-2025 16:50:05.757;04-03-2025 16:50:25.476;19719
2;04-03-2025 16:50:23.266;04-03-2025 16:50:25.646;2380
3;04-03-2025 16:50:13.234;04-03-2025 16:50:28.260;15026
1;04-03-2025 16:50:05.757;04-03-2025 16:50:30.798;25041
3;04-03-2025 16:50:13.234;04-03-2025 16:50:33.264;20030
3;04-03-2025 16:50:13.234;04-03-2025 16:50:38.270;25036
3;04-03-2025 16:50:13.234;04-03-2025 16:50:43.258;30024
3;04-03-2025 16:50:13.234;04-03-2025 16:50:48.262;35028
3;04-03-2025 16:50:13.234;04-03-2025 16:50:53.267;40033
3;04-03-2025 16:50:13.234;04-03-2025 16:50:58.256;45022
3;04-03-2025 16:50:13.234;04-03-2025 16:51:03.277;50043
3;04-03-2025 16:50:13.234;04-03-2025 16:51:08.266;55032
3;04-03-2025 16:50:13.234;04-03-2025 16:51:13.269;60035
3;04-03-2025 16:50:13.234;04-03-2025 16:51:18.275;65041
0;04-03-2025 16:50:44.476;04-03-2025 16:51:18.397;33921
2;04-03-2025 16:51:09.540;04-03-2025 16:51:18.524;8984
3;04-03-2025 16:50:13.234;04-03-2025 16:51:23.265;70031
3;04-03-2025 16:50:13.234;04-03-2025 16:51:28.269;75035
0;04-03-2025 16:51:29.185;04-03-2025 16:51:32.593;3408
3;04-03-2025 16:50:13.234;04-03-2025 16:51:33.271;80037
3;04-03-2025 16:50:13.234;04-03-2025 16:51:38.263;85029
3;04-03-2025 16:50:13.234;04-03-2025 16:51:43.267;90033
3;04-03-2025 16:50:13.234;04-03-2025 16:51:48.272;95038
3;04-03-2025 16:50:13.234;04-03-2025 16:51:53.263;100029
3;04-03-2025 16:50:13.234;04-03-2025 16:51:58.269;105035
3;04-03-2025 16:50:13.234;04-03-2025 16:52:03.276;110042
2;04-03-2025 16:52:00.167;04-03-2025 16:52:05.510;5343
3;04-03-2025 16:50:13.234;04-03-2025 16:52:08.264;115030
3;04-03-2025 16:50:13.234;04-03-2025 16:52:13.268;120034
3;04-03-2025 16:50:13.234;04-03-2025 16:52:18.274;125040
3;04-03-2025 16:50:13.234;04-03-2025 16:52:23.263;130029
3;04-03-2025 16:50:13.234;04-03-2025 16:52:28.271;135037
3;04-03-2025 16:50:13.234;04-03-2025 16:52:33.275;140041
3;04-03-2025 16:50:13.234;04-03-2025 16:52:38.261;145027
3;04-03-2025 16:50:13.234;04-03-2025 16:52:43.266;150032
3;04-03-2025 16:50:13.234;04-03-2025 16:52:48.272;155038
3;04-03-2025 16:50:13.234;04-03-2025 16:52:53.262;160028
3;04-03-2025 16:50:13.234;04-03-2025 16:52:58.269;165035
3;04-03-2025 16:50:13.234;04-03-2025 16:53:03.258;170024
3;04-03-2025 16:50:13.234;04-03-2025 16:53:08.264;175030
3;04-03-2025 16:50:13.234;04-03-2025 16:53:13.268;180034
3;04-03-2025 16:50:13.234;04-03-2025 16:53:18.273;185039
3;04-03-2025 16:50:13.234;04-03-2025 16:53:23.265;190031
3;04-03-2025 16:50:13.234;04-03-2025 16:53:28.269;195035
3;04-03-2025 16:50:13.234;04-03-2025 16:53:33.273;200039
3;04-03-2025 16:50:13.234;04-03-2025 16:53:38.264;205030
3;04-03-2025 16:50:13.234;04-03-2025 16:53:43.268;210034
3;04-03-2025 16:50:13.234;04-03-2025 16:53:48.275;215041
3;04-03-2025 16:50:13.234;04-03-2025 16:53:53.265;220031
3;04-03-2025 16:50:13.234;04-03-2025 16:53:58.265;225031
0;04-03-2025 16:54:00.110;04-03-2025 16:54:02.826;2716
3;04-03-2025 16:50:13.234;04-03-2025 16:54:03.274;230040
3;04-03-2025 16:50:13.234;04-03-2025 16:54:08.261;235027
3;04-03-2025 16:50:13.234;04-03-2025 16:54:13.265;240031
3;04-03-2025 16:50:13.234;04-03-2025 16:54:18.269;245035
3;04-03-2025 16:50:13.234;04-03-2025 16:54:23.277;250043
3;04-03-2025 16:50:13.234;04-03-2025 16:54:28.263;255029
3;04-03-2025 16:50:13.234;04-03-2025 16:54:33.272;260038
2;04-03-2025 16:54:35.776;04-03-2025 16:54:35.841;65
3;04-03-2025 16:50:13.234;04-03-2025 16:54:38.276;265042
3;04-03-2025 16:50:13.234;04-03-2025 16:54:43.267;270033
3;04-03-2025 16:50:13.234;04-03-2025 16:54:48.271;275037
3;04-03-2025 16:50:13.234;04-03-2025 16:54:53.276;280042
3;04-03-2025 16:50:13.234;04-03-2025 16:54:58.265;285031
3;04-03-2025 16:50:13.234;04-03-2025 16:55:03.272;290038
3;04-03-2025 16:55:18.270;04-03-2025 16:55:18.313;43
3;04-03-2025 16:55:18.270;04-03-2025 16:55:18.362;92
3;04-03-2025 16:55:18.270;04-03-2025 16:55:23.271;5001
2;04-03-2025 16:54:35.776;04-03-2025 16:55:27.695;51919
3;04-03-2025 16:55:18.270;04-03-2025 16:55:28.277;10007
3;04-03-2025 16:55:18.270;04-03-2025 16:55:33.267;14997
3;04-03-2025 16:55:18.270;04-03-2025 16:55:38.254;19984
3;04-03-2025 16:55:18.270;04-03-2025 16:55:43.277;25007
3;04-03-2025 16:55:18.270;04-03-2025 16:55:48.266;29996
3;04-03-2025 16:55:18.270;04-03-2025 16:55:53.273;35003
3;04-03-2025 16:55:18.270;04-03-2025 16:55:58.261;39991
3;04-03-2025 16:55:18.270;04-03-2025 16:56:03.268;44998
1;04-03-2025 16:55:54.315;04-03-2025 16:56:06.043;11728
3;04-03-2025 16:55:18.270;04-03-2025 16:56:08.270;50000
3;04-03-2025 16:55:18.270;04-03-2025 16:56:13.260;54990
3;04-03-2025 16:55:18.270;04-03-2025 16:56:18.266;59996
3;04-03-2025 16:55:18.270;04-03-2025 16:56:23.272;65002
3;04-03-2025 16:55:18.270;04-03-2025 16:56:28.261;69991
3;04-03-2025 16:55:18.270;04-03-2025 16:56:33.268;74998
3;04-03-2025 16:55:18.270;04-03-2025 16:56:38.271;80001
3;04-03-2025 16:55:18.270;04-03-2025 16:56:43.277;85007
3;04-03-2025 16:55:18.270;04-03-2025 16:56:48.267;89997
3;04-03-2025 16:55:18.270;04-03-2025 16:56:53.270;95000
3;04-03-2025 16:55:18.270;04-03-2025 16:56:58.261;99991
3;04-03-2025 16:55:18.270;04-03-2025 16:57:03.264;104994
1;04-03-2025 16:56:53.324;04-03-2025 16:57:06.998;13674
3;04-03-2025 16:55:18.270;04-03-2025 16:57:08.269;109999
1;04-03-2025 16:56:53.324;04-03-2025 16:57:10.486;17162
3;04-03-2025 16:55:18.270;04-03-2025 16:57:13.274;115004
0;04-03-2025 16:57:04.209;04-03-2025 16:57:14.783;10574
1;04-03-2025 16:56:53.324;04-03-2025 16:57:18.193;24869
3;04-03-2025 16:55:18.270;04-03-2025 16:57:18.279;120009
3;04-03-2025 16:55:18.270;04-03-2025 16:57:23.267;124997
3;04-03-2025 16:55:18.270;04-03-2025 16:57:28.270;130000
1;04-03-2025 16:56:53.324;04-03-2025 16:57:28.411;35087
3;04-03-2025 16:55:18.270;04-03-2025 16:57:33.279;135009
3;04-03-2025 16:55:18.270;04-03-2025 16:57:38.267;139997
3;04-03-2025 16:55:18.270;04-03-2025 16:57:43.256;144986
3;04-03-2025 16:55:18.270;04-03-2025 16:57:48.273;150003
3;04-03-2025 16:55:18.270;04-03-2025 16:57:53.264;154994
3;04-03-2025 16:55:18.270;04-03-2025 16:57:58.271;160001
3;04-03-2025 16:55:18.270;04-03-2025 16:58:03.259;164989
3;04-03-2025 16:55:18.270;04-03-2025 16:58:08.266;169996
3;04-03-2025 16:55:18.270;04-03-2025 16:58:13.843;175573
3;04-03-2025 16:55:18.270;04-03-2025 16:58:18.272;180002
3;04-03-2025 16:55:18.270;04-03-2025 16:58:23.276;185006
0;04-03-2025 16:58:21.691;04-03-2025 16:58:25.794;4103
3;04-03-2025 16:55:18.270;04-03-2025 16:58:28.267;189997
0;04-03-2025 16:58:27.582;04-03-2025 16:58:30.397;2815
3;04-03-2025 16:55:18.270;04-03-2025 16:58:33.267;194997
1;04-03-2025 16:58:17.739;04-03-2025 16:58:35.487;17748
3;04-03-2025 16:55:18.270;04-03-2025 16:58:38.275;200005
3;04-03-2025 16:55:18.270;04-03-2025 16:58:43.264;204994
3;04-03-2025 16:55:18.270;04-03-2025 16:58:48.268;209998
3;04-03-2025 16:55:18.270;04-03-2025 16:58:53.272;215002
3;04-03-2025 16:55:18.270;04-03-2025 16:58:58.265;219995
3;04-03-2025 16:55:18.270;04-03-2025 16:59:03.265;224995
3;04-03-2025 16:55:18.270;04-03-2025 16:59:08.284;230014
3;04-03-2025 16:55:18.270;04-03-2025 16:59:13.276;235006
3;04-03-2025 16:55:18.270;04-03-2025 16:59:18.263;239993
3;04-03-2025 16:55:18.270;04-03-2025 16:59:23.269;244999
3;04-03-2025 16:55:18.270;04-03-2025 16:59:28.275;250005
3;04-03-2025 16:55:18.270;04-03-2025 16:59:33.263;254993
3;04-03-2025 16:55:18.270;04-03-2025 16:59:38.268;259998
3;04-03-2025 16:55:18.270;04-03-2025 16:59:43.272;265002
3;04-03-2025 16:55:18.270;04-03-2025 16:59:48.275;270005
3;04-03-2025 16:55:18.270;04-03-2025 16:59:53.263;274993
3;04-03-2025 16:55:18.270;04-03-2025 16:59:58.269;279999
3;04-03-2025 16:55:18.270;04-03-2025 17:00:03.271;285001
3;04-03-2025 16:55:18.270;04-03-2025 17:00:08.267;289997
3;04-03-2025 16:55:18.270;04-03-2025 17:00:13.266;294996
0;04-03-2025 16:59:39.701;04-03-2025 17:00:15.534;35833
2;04-03-2025 17:00:01.449;04-03-2025 17:00:16.364;14915
3;04-03-2025 16:55:18.270;04-03-2025 17:00:18.273;300003
1;04-03-2025 17:00:10.660;04-03-2025 17:00:19.612;8952
3;04-03-2025 16:55:18.270;04-03-2025 17:00:23.269;304999
3;04-03-2025 16:55:18.270;04-03-2025 17:00:28.269;309999
1;04-03-2025 17:00:29.610;04-03-2025 17:00:32.098;2488
3;04-03-2025 16:55:18.270;04-03-2025 17:00:33.275;315005
3;04-03-2025 16:55:18.270;04-03-2025 17:00:38.306;320036
3;04-03-2025 16:55:18.270;04-03-2025 17:00:43.251;324981
1;04-03-2025 17:00:45.980;04-03-2025 17:00:46.191;211
3;04-03-2025 16:55:18.270;04-03-2025 17:00:48.275;330005
1;04-03-2025 17:00:45.980;04-03-2025 17:00:48.570;2590
3;04-03-2025 16:55:18.270;04-03-2025 17:00:53.263;334993
3;04-03-2025 16:55:18.270;04-03-2025 17:00:58.263;339993
3;04-03-2025 16:55:18.270;04-03-2025 17:01:03.268;344998
3;04-03-2025 16:55:18.270;04-03-2025 17:01:08.273;350003
3;04-03-2025 16:55:18.270;04-03-2025 17:01:13.264;354994
3;04-03-2025 16:55:18.270;04-03-2025 17:01:18.270;360000
3;04-03-2025 16:55:18.270;04-03-2025 17:01:23.274;365004
3;04-03-2025 16:55:18.270;04-03-2025 17:01:28.263;369993
3;04-03-2025 16:55:18.270;04-03-2025 17:01:33.271;375001
1;04-03-2025 17:01:11.517;04-03-2025 17:01:36.384;24867
3;04-03-2025 16:55:18.270;04-03-2025 17:01:38.276;380006
3;04-03-2025 16:55:18.270;04-03-2025 17:01:43.266;384996
1;04-03-2025 17:01:11.517;04-03-2025 17:01:43.456;31939
3;04-03-2025 16:55:18.270;04-03-2025 17:01:48.272;390002
1;04-03-2025 17:01:45.338;04-03-2025 17:01:48.938;3600
3;04-03-2025 16:55:18.270;04-03-2025 17:01:53.260;394990
1;04-03-2025 17:01:45.338;04-03-2025 17:01:55.401;10063
3;04-03-2025 16:55:18.270;04-03-2025 17:01:58.269;399999
1;04-03-2025 17:01:45.338;04-03-2025 17:02:00.947;15609
3;04-03-2025 16:55:18.270;04-03-2025 17:02:03.273;405003
1;04-03-2025 17:01:45.338;04-03-2025 17:02:06.178;20840
3;04-03-2025 16:55:18.270;04-03-2025 17:02:08.265;409995
3;04-03-2025 16:55:18.270;04-03-2025 17:02:13.268;414998
1;04-03-2025 17:01:45.338;04-03-2025 17:02:16.266;30928
3;04-03-2025 16:55:18.270;04-03-2025 17:02:18.271;420001
3;04-03-2025 16:55:18.270;04-03-2025 17:02:23.264;424994
3;04-03-2025 16:55:18.270;04-03-2025 17:02:28.270;430000
1;04-03-2025 17:01:45.338;04-03-2025 17:02:31.778;46440
3;04-03-2025 16:55:18.270;04-03-2025 17:02:33.271;435001
1;04-03-2025 17:01:45.338;04-03-2025 17:02:34.110;48772
3;04-03-2025 16:55:18.270;04-03-2025 17:02:38.263;439993
1;04-03-2025 17:01:45.338;04-03-2025 17:02:40.848;55510
1;04-03-2025 17:01:45.338;04-03-2025 17:02:43.714;58376
1;04-03-2025 17:01:45.338;04-03-2025 17:02:48.414;63076
3;04-03-2025 17:02:53.232;04-03-2025 17:02:53.280;48
3;04-03-2025 17:02:53.232;04-03-2025 17:02:53.343;111
3;04-03-2025 17:02:53.232;04-03-2025 17:02:58.268;5036
3;04-03-2025 17:02:53.232;04-03-2025 17:03:03.258;10026
3;04-03-2025 17:02:53.232;04-03-2025 17:03:08.263;15031
3;04-03-2025 17:02:53.232;04-03-2025 17:03:13.271;20039
1;04-03-2025 17:03:00.271;04-03-2025 17:03:17.245;16974
3;04-03-2025 17:02:53.232;04-03-2025 17:03:18.276;25044
1;04-03-2025 17:03:00.271;04-03-2025 17:03:19.055;18784
3;04-03-2025 17:02:53.232;04-03-2025 17:03:23.263;30031
1;04-03-2025 17:03:00.271;04-03-2025 17:03:25.654;25383
3;04-03-2025 17:02:53.232;04-03-2025 17:03:28.270;35038
1;04-03-2025 17:03:00.271;04-03-2025 17:03:28.778;28507
3;04-03-2025 17:02:53.232;04-03-2025 17:03:33.259;40027
1;04-03-2025 17:03:00.271;04-03-2025 17:03:36.854;36583
3;04-03-2025 17:02:53.232;04-03-2025 17:03:38.311;45079
1;04-03-2025 17:03:00.271;04-03-2025 17:03:40.342;40071
0;04-03-2025 17:03:32.888;04-03-2025 17:03:41.122;8234
3;04-03-2025 17:02:53.232;04-03-2025 17:03:43.272;50040
3;04-03-2025 17:02:53.232;04-03-2025 17:03:48.277;55045
3;04-03-2025 17:02:53.232;04-03-2025 17:03:53.269;60037
3;04-03-2025 17:02:53.232;04-03-2025 17:03:58.274;65042
3;04-03-2025 17:02:53.232;04-03-2025 17:04:03.263;70031
3;04-03-2025 17:02:53.232;04-03-2025 17:04:08.268;75036
3;04-03-2025 17:02:53.232;04-03-2025 17:04:13.273;80041
1;04-03-2025 17:03:00.271;04-03-2025 17:04:17.410;77139
3;04-03-2025 17:02:53.232;04-03-2025 17:04:18.263;85031
3;04-03-2025 17:02:53.232;04-03-2025 17:04:23.267;90035
3;04-03-2025 17:02:53.232;04-03-2025 17:04:28.274;95042
3;04-03-2025 17:02:53.232;04-03-2025 17:04:33.263;100031
3;04-03-2025 17:02:53.232;04-03-2025 17:04:38.267;105035
1;04-03-2025 17:03:00.271;04-03-2025 17:04:41.010;100739
3;04-03-2025 17:02:53.232;04-03-2025 17:04:43.256;110024
1;04-03-2025 17:03:00.271;04-03-2025 17:04:43.602;103331
3;04-03-2025 17:02:53.232;04-03-2025 17:04:48.276;115044
1;04-03-2025 17:03:00.271;04-03-2025 17:04:51.377;111106
3;04-03-2025 17:02:53.232;04-03-2025 17:04:53.263;120031
3;04-03-2025 17:02:53.232;04-03-2025 17:04:58.269;125037
3;04-03-2025 17:02:53.232;04-03-2025 17:05:03.276;130044
1;04-03-2025 17:03:00.271;04-03-2025 17:05:05.765;125494
3;04-03-2025 17:02:53.232;04-03-2025 17:05:08.265;135033
1;04-03-2025 17:03:00.271;04-03-2025 17:05:08.453;128182
3;04-03-2025 17:02:53.232;04-03-2025 17:05:13.268;140036
1;04-03-2025 17:03:00.271;04-03-2025 17:05:15.790;135519
3;04-03-2025 17:02:53.232;04-03-2025 17:05:18.272;145040
3;04-03-2025 17:02:53.232;04-03-2025 17:05:23.278;150046
3;04-03-2025 17:02:53.232;04-03-2025 17:05:28.268;155036
3;04-03-2025 17:02:53.232;04-03-2025 17:05:33.272;160040
3;04-03-2025 17:02:53.232;04-03-2025 17:05:38.262;165030
3;04-03-2025 17:02:53.232;04-03-2025 17:05:43.264;170032
1;04-03-2025 17:03:00.271;04-03-2025 17:05:47.337;167066
3;04-03-2025 17:02:53.232;04-03-2025 17:05:48.272;175040
1;04-03-2025 17:03:00.271;04-03-2025 17:05:50.473;170202
3;04-03-2025 17:02:53.232;04-03-2025 17:05:53.264;180032
1;04-03-2025 17:03:00.271;04-03-2025 17:05:53.776;173505
3;04-03-2025 17:02:53.232;04-03-2025 17:05:58.265;185033
1;04-03-2025 17:03:00.271;04-03-2025 17:06:00.373;180102
3;04-03-2025 17:02:53.232;04-03-2025 17:06:03.269;190037
1;04-03-2025 17:03:00.271;04-03-2025 17:06:05.614;185343
3;04-03-2025 17:02:53.232;04-03-2025 17:06:08.262;195030
1;04-03-2025 17:03:00.271;04-03-2025 17:06:13.050;192779
3;04-03-2025 17:02:53.232;04-03-2025 17:06:13.263;200031
1;04-03-2025 17:03:00.271;04-03-2025 17:06:13.354;193083
3;04-03-2025 17:02:53.232;04-03-2025 17:06:18.270;205038
1;04-03-2025 17:03:00.271;04-03-2025 17:06:18.696;198425
3;04-03-2025 17:02:53.232;04-03-2025 17:06:23.261;210029
1;04-03-2025 17:03:00.271;04-03-2025 17:06:26.231;205960
3;04-03-2025 17:02:53.232;04-03-2025 17:06:28.266;215034
1;04-03-2025 17:03:00.271;04-03-2025 17:06:30.590;210319
3;04-03-2025 17:02:53.232;04-03-2025 17:06:33.270;220038
3;04-03-2025 17:02:53.232;04-03-2025 17:06:38.272;225040
1;04-03-2025 17:03:00.271;04-03-2025 17:06:38.603;218332
3;04-03-2025 17:02:53.232;04-03-2025 17:06:43.263;230031
3;04-03-2025 17:02:53.232;04-03-2025 17:06:48.253;235021
1;04-03-2025 17:03:00.271;04-03-2025 17:06:53.132;232861
3;04-03-2025 17:02:53.232;04-03-2025 17:06:53.274;240042
3;04-03-2025 17:02:53.232;04-03-2025 17:06:58.261;245029
1;04-03-2025 17:03:00.271;04-03-2025 17:06:58.320;238049
3;04-03-2025 17:02:53.232;04-03-2025 17:07:03.267;250035
3;04-03-2025 17:02:53.232;04-03-2025 17:07:08.256;255024
3;04-03-2025 17:02:53.232;04-03-2025 17:07:13.276;260044
1;04-03-2025 17:03:00.271;04-03-2025 17:07:19.589;259318
3;04-03-2025 17:07:28.228;04-03-2025 17:07:28.268;40
1;04-03-2025 17:03:00.271;04-03-2025 17:07:32.075;271804
3;04-03-2025 17:07:28.228;04-03-2025 17:07:33.265;5037
1;04-03-2025 17:03:00.271;04-03-2025 17:07:37.575;277304
3;04-03-2025 17:07:28.228;04-03-2025 17:07:38.269;10041
1;04-03-2025 17:03:00.271;04-03-2025 17:07:38.359;278088
1;04-03-2025 17:03:00.271;04-03-2025 17:07:50.926;290655
3;04-03-2025 17:07:53.233;04-03-2025 17:07:53.305;72
3;04-03-2025 17:07:53.233;04-03-2025 17:07:53.382;149
1;04-03-2025 17:03:00.271;04-03-2025 17:07:55.948;295677
3;04-03-2025 17:07:53.233;04-03-2025 17:07:58.274;5041
1;04-03-2025 17:03:00.271;04-03-2025 17:08:00.954;300683
3;04-03-2025 17:07:53.233;04-03-2025 17:08:03.263;10030
1;04-03-2025 17:03:00.271;04-03-2025 17:08:03.428;303157
3;04-03-2025 17:07:53.233;04-03-2025 17:08:08.270;15037
1;04-03-2025 17:03:00.271;04-03-2025 17:08:13.333;313062
3;04-03-2025 17:08:23.233;04-03-2025 17:08:23.287;54
3;04-03-2025 17:08:23.233;04-03-2025 17:08:23.336;103
3;04-03-2025 17:08:23.233;04-03-2025 17:08:28.275;5042
3;04-03-2025 17:08:23.233;04-03-2025 17:08:33.263;10030
3;04-03-2025 17:08:23.233;04-03-2025 17:08:38.272;15039
1;04-03-2025 17:03:00.271;04-03-2025 17:08:40.571;340300
3;04-03-2025 17:08:23.233;04-03-2025 17:08:43.275;20042
3;04-03-2025 17:08:23.233;04-03-2025 17:08:48.278;25045
1;04-03-2025 17:03:00.271;04-03-2025 17:08:50.538;350267
1;04-03-2025 17:03:00.271;04-03-2025 17:09:03.052;362781
3;04-03-2025 17:09:03.232;04-03-2025 17:09:03.282;50
3;04-03-2025 17:09:03.232;04-03-2025 17:09:03.329;97
3;04-03-2025 17:09:03.232;04-03-2025 17:09:08.269;5037
1;04-03-2025 17:03:00.271;04-03-2025 17:09:10.917;370646
3;04-03-2025 17:09:03.232;04-03-2025 17:09:13.276;10044
3;04-03-2025 17:09:03.232;04-03-2025 17:09:18.265;15033
3;04-03-2025 17:09:03.232;04-03-2025 17:09:23.283;20051
3;04-03-2025 17:09:03.232;04-03-2025 17:09:28.277;25045
1;04-03-2025 17:03:00.271;04-03-2025 17:09:29.798;389527
3;04-03-2025 17:09:03.232;04-03-2025 17:09:33.263;30031
1;04-03-2025 17:03:00.271;04-03-2025 17:09:36.577;396306
3;04-03-2025 17:09:03.232;04-03-2025 17:09:38.268;35036
1;04-03-2025 17:03:00.271;04-03-2025 17:09:38.421;398150
3;04-03-2025 17:09:03.232;04-03-2025 17:09:43.274;40042
3;04-03-2025 17:09:03.232;04-03-2025 17:09:48.261;45029
3;04-03-2025 17:09:03.232;04-03-2025 17:09:53.264;50032
3;04-03-2025 17:09:03.232;04-03-2025 17:09:58.269;55037
3;04-03-2025 17:09:03.232;04-03-2025 17:10:03.273;60041
3;04-03-2025 17:09:03.232;04-03-2025 17:10:08.261;65029
3;04-03-2025 17:09:03.232;04-03-2025 17:10:13.260;70028
3;04-03-2025 17:09:03.232;04-03-2025 17:10:18.265;75033
1;04-03-2025 17:10:08.887;04-03-2025 17:10:22.194;13307
3;04-03-2025 17:09:03.232;04-03-2025 17:10:23.273;80041
3;04-03-2025 17:09:03.232;04-03-2025 17:10:28.261;85029
3;04-03-2025 17:09:03.232;04-03-2025 17:10:33.266;90034
3;04-03-2025 17:09:03.232;04-03-2025 17:10:38.257;95025
3;04-03-2025 17:09:03.232;04-03-2025 17:10:43.262;100030
3;04-03-2025 17:09:03.232;04-03-2025 17:10:48.268;105036
3;04-03-2025 17:09:03.232;04-03-2025 17:10:53.271;110039
3;04-03-2025 17:09:03.232;04-03-2025 17:10:58.277;115045
1;04-03-2025 17:10:46.409;04-03-2025 17:10:59.278;12869
3;04-03-2025 17:09:03.232;04-03-2025 17:11:03.267;120035
1;04-03-2025 17:10:46.409;04-03-2025 17:11:03.344;16935
3;04-03-2025 17:09:03.232;04-03-2025 17:11:08.270;125038
1;04-03-2025 17:10:46.409;04-03-2025 17:11:08.824;22415
3;04-03-2025 17:09:03.232;04-03-2025 17:11:13.261;130029
1;04-03-2025 17:10:46.409;04-03-2025 17:11:21.133;34724
3;04-03-2025 17:11:28.227;04-03-2025 17:11:28.276;49
1;04-03-2025 17:10:46.409;04-03-2025 17:11:31.081;44672
3;04-03-2025 17:11:28.227;04-03-2025 17:11:33.265;5038
1;04-03-2025 17:10:46.409;04-03-2025 17:11:33.785;47376
3;04-03-2025 17:11:28.227;04-03-2025 17:11:38.268;10041
3;04-03-2025 17:11:28.227;04-03-2025 17:11:43.292;15065
1;04-03-2025 17:10:46.409;04-03-2025 17:11:45.461;59052
3;04-03-2025 17:11:28.227;04-03-2025 17:11:48.264;20037
1;04-03-2025 17:10:46.409;04-03-2025 17:11:50.658;64249
3;04-03-2025 17:11:28.227;04-03-2025 17:11:53.266;25039
1;04-03-2025 17:10:46.409;04-03-2025 17:11:56.540;70131
3;04-03-2025 17:11:28.227;04-03-2025 17:11:58.275;30048
3;04-03-2025 17:11:28.227;04-03-2025 17:12:03.263;35036
3;04-03-2025 17:11:28.227;04-03-2025 17:12:08.269;40042
1;04-03-2025 17:12:05.937;04-03-2025 17:12:10.775;4838
3;04-03-2025 17:11:28.227;04-03-2025 17:12:13.273;45046
3;04-03-2025 17:11:28.227;04-03-2025 17:12:18.260;50033
3;04-03-2025 17:11:28.227;04-03-2025 17:12:23.263;55036
3;04-03-2025 17:11:28.227;04-03-2025 17:12:28.272;60045
3;04-03-2025 17:11:28.227;04-03-2025 17:12:33.274;65047
3;04-03-2025 17:11:28.227;04-03-2025 17:12:38.265;70038
3;04-03-2025 17:11:28.227;04-03-2025 17:12:43.269;75042
3;04-03-2025 17:11:28.227;04-03-2025 17:12:48.272;80045
2;04-03-2025 17:12:30.812;04-03-2025 17:12:50.682;19870
1;04-03-2025 17:12:31.538;04-03-2025 17:12:50.730;19192
3;04-03-2025 17:11:28.227;04-03-2025 17:12:53.278;85051
3;04-03-2025 17:11:28.227;04-03-2025 17:12:58.266;90039
3;04-03-2025 17:11:28.227;04-03-2025 17:13:03.272;95045
3;04-03-2025 17:11:28.227;04-03-2025 17:13:08.265;100038
3;04-03-2025 17:11:28.227;04-03-2025 17:13:13.269;105042
3;04-03-2025 17:11:28.227;04-03-2025 17:13:18.261;110034
3;04-03-2025 17:11:28.227;04-03-2025 17:13:23.263;115036
3;04-03-2025 17:13:38.234;04-03-2025 17:13:38.283;49
3;04-03-2025 17:13:38.234;04-03-2025 17:13:38.342;108
3;04-03-2025 17:13:38.234;04-03-2025 17:13:43.273;5039
0;04-03-2025 17:13:24.507;04-03-2025 17:13:46.623;22116
3;04-03-2025 17:13:38.234;04-03-2025 17:13:48.260;10026
3;04-03-2025 17:13:38.234;04-03-2025 17:13:53.265;15031
3;04-03-2025 17:13:38.234;04-03-2025 17:13:58.255;20021
3;04-03-2025 17:13:38.234;04-03-2025 17:14:03.260;25026
3;04-03-2025 17:14:18.235;04-03-2025 17:14:18.289;54
3;04-03-2025 17:14:18.235;04-03-2025 17:14:18.350;115
1;04-03-2025 17:13:52.083;04-03-2025 17:14:21.927;29844
3;04-03-2025 17:14:18.235;04-03-2025 17:14:23.277;5042
3;04-03-2025 17:14:18.235;04-03-2025 17:14:28.268;10033
0;04-03-2025 17:14:26.491;04-03-2025 17:14:29.831;3340
3;04-03-2025 17:14:18.235;04-03-2025 17:14:33.273;15038
3;04-03-2025 17:14:48.234;04-03-2025 17:14:48.289;55
3;04-03-2025 17:14:48.234;04-03-2025 17:14:48.335;101
3;04-03-2025 17:14:48.234;04-03-2025 17:14:53.263;5029
3;04-03-2025 17:14:48.234;04-03-2025 17:14:58.265;10031
3;04-03-2025 17:14:48.234;04-03-2025 17:15:03.276;15042
3;04-03-2025 17:14:48.234;04-03-2025 17:15:08.278;20044
3;04-03-2025 17:15:23.233;04-03-2025 17:15:23.275;42
3;04-03-2025 17:15:23.233;04-03-2025 17:15:23.323;90
3;04-03-2025 17:15:23.233;04-03-2025 17:15:28.261;5028
3;04-03-2025 17:15:23.233;04-03-2025 17:15:33.266;10033
3;04-03-2025 17:15:23.233;04-03-2025 17:15:38.274;15041
3;04-03-2025 17:15:23.233;04-03-2025 17:15:43.262;20029
3;04-03-2025 17:15:23.233;04-03-2025 17:15:48.268;25035
3;04-03-2025 17:16:03.234;04-03-2025 17:16:03.279;45
3;04-03-2025 17:16:03.234;04-03-2025 17:16:03.327;93
3;04-03-2025 17:16:03.234;04-03-2025 17:16:08.267;5033
3;04-03-2025 17:16:03.234;04-03-2025 17:16:13.275;10041
3;04-03-2025 17:16:03.234;04-03-2025 17:16:18.276;15042
3;04-03-2025 17:16:03.234;04-03-2025 17:16:23.263;20029
1;04-03-2025 17:16:10.480;04-03-2025 17:16:25.909;15429
3;04-03-2025 17:16:03.234;04-03-2025 17:16:28.267;25033
3;04-03-2025 17:16:03.234;04-03-2025 17:16:33.272;30038
1;04-03-2025 17:16:26.971;04-03-2025 17:16:36.833;9862
3;04-03-2025 17:16:03.234;04-03-2025 17:16:38.263;35029
1;04-03-2025 17:16:26.971;04-03-2025 17:16:42.091;15120
3;04-03-2025 17:16:03.234;04-03-2025 17:16:43.265;40031
3;04-03-2025 17:16:03.234;04-03-2025 17:16:48.291;45057
3;04-03-2025 17:16:03.234;04-03-2025 17:16:53.271;50037
0;04-03-2025 17:16:40.237;04-03-2025 17:16:56.176;15939
3;04-03-2025 17:16:03.234;04-03-2025 17:16:58.279;55045
0;04-03-2025 17:17:00.623;04-03-2025 17:17:01.326;703
3;04-03-2025 17:16:03.234;04-03-2025 17:17:03.268;60034
3;04-03-2025 17:16:03.234;04-03-2025 17:17:08.277;65043
3;04-03-2025 17:16:03.234;04-03-2025 17:17:13.263;70029
3;04-03-2025 17:16:03.234;04-03-2025 17:17:18.268;75034
3;04-03-2025 17:16:03.234;04-03-2025 17:17:23.273;80039
3;04-03-2025 17:16:03.234;04-03-2025 17:17:28.275;85041
3;04-03-2025 17:16:03.234;04-03-2025 17:17:33.256;90022
3;04-03-2025 17:16:03.234;04-03-2025 17:17:38.277;95043
3;04-03-2025 17:16:03.234;04-03-2025 17:17:43.265;100031
3;04-03-2025 17:17:58.233;04-03-2025 17:17:58.279;46
3;04-03-2025 17:17:58.233;04-03-2025 17:17:58.328;95
3;04-03-2025 17:17:58.233;04-03-2025 17:18:03.270;5037
3;04-03-2025 17:17:58.233;04-03-2025 17:18:08.260;10027
1;04-03-2025 17:17:44.909;04-03-2025 17:18:10.511;25602
3;04-03-2025 17:17:58.233;04-03-2025 17:18:13.267;15034
3;04-03-2025 17:17:58.233;04-03-2025 17:18:18.271;20038
3;04-03-2025 17:17:58.233;04-03-2025 17:18:23.265;25032
3;04-03-2025 17:17:58.233;04-03-2025 17:18:28.267;30034
2;04-03-2025 17:18:12.164;04-03-2025 17:18:32.015;19851
3;04-03-2025 17:17:58.233;04-03-2025 17:18:33.269;35036
0;04-03-2025 17:18:33.636;04-03-2025 17:18:34.250;614
2;04-03-2025 17:18:12.164;04-03-2025 17:18:34.271;22107
3;04-03-2025 17:17:58.233;04-03-2025 17:18:38.260;40027
3;04-03-2025 17:17:58.233;04-03-2025 17:18:43.265;45032
3;04-03-2025 17:17:58.233;04-03-2025 17:18:48.269;50036
3;04-03-2025 17:17:58.233;04-03-2025 17:18:53.276;55043
3;04-03-2025 17:17:58.233;04-03-2025 17:18:58.263;60030
1;04-03-2025 17:19:07.960;04-03-2025 17:19:08.189;229
3;04-03-2025 17:19:13.233;04-03-2025 17:19:13.278;45
3;04-03-2025 17:19:13.233;04-03-2025 17:19:13.325;92
1;04-03-2025 17:19:16.015;04-03-2025 17:19:16.262;247
3;04-03-2025 17:19:13.233;04-03-2025 17:19:18.269;5036
1;04-03-2025 17:19:16.015;04-03-2025 17:19:18.896;2881
3;04-03-2025 17:19:13.233;04-03-2025 17:19:23.274;10041
3;04-03-2025 17:19:13.233;04-03-2025 17:19:28.277;15044
1;04-03-2025 17:19:16.015;04-03-2025 17:19:32.272;16257
3;04-03-2025 17:19:13.233;04-03-2025 17:19:33.269;20036
1;04-03-2025 17:19:16.015;04-03-2025 17:19:36.364;20349
3;04-03-2025 17:19:13.233;04-03-2025 17:19:38.274;25041
3;04-03-2025 17:19:13.233;04-03-2025 17:19:43.265;30032
3;04-03-2025 17:19:13.233;04-03-2025 17:19:48.269;35036
0;04-03-2025 17:19:44.617;04-03-2025 17:19:51.526;6909
3;04-03-2025 17:19:13.233;04-03-2025 17:19:53.275;40042
1;04-03-2025 17:19:16.015;04-03-2025 17:19:53.469;37454
0;04-03-2025 17:19:44.617;04-03-2025 17:19:58.148;13531
3;04-03-2025 17:19:13.233;04-03-2025 17:19:58.265;45032
3;04-03-2025 17:19:13.233;04-03-2025 17:20:03.271;50038
3;04-03-2025 17:19:13.233;04-03-2025 17:20:08.262;55029
0;04-03-2025 17:19:59.241;04-03-2025 17:20:11.289;12048
3;04-03-2025 17:19:13.233;04-03-2025 17:20:13.269;60036
3;04-03-2025 17:19:13.233;04-03-2025 17:20:18.275;65042
3;04-03-2025 17:20:33.233;04-03-2025 17:20:33.273;40
3;04-03-2025 17:20:33.233;04-03-2025 17:20:33.323;90
3;04-03-2025 17:20:33.233;04-03-2025 17:20:38.264;5031
3;04-03-2025 17:20:33.233;04-03-2025 17:20:43.266;10033
3;04-03-2025 17:20:33.233;04-03-2025 17:20:48.275;15042
3;04-03-2025 17:20:33.233;04-03-2025 17:20:53.276;20043
3;04-03-2025 17:20:33.233;04-03-2025 17:20:58.262;25029
3;04-03-2025 17:20:33.233;04-03-2025 17:21:03.267;30034
3;04-03-2025 17:20:33.233;04-03-2025 17:21:08.260;35027
3;04-03-2025 17:20:33.233;04-03-2025 17:21:13.278;40045
3;04-03-2025 17:20:33.233;04-03-2025 17:21:18.265;45032
3;04-03-2025 17:20:33.233;04-03-2025 17:21:23.272;50039
3;04-03-2025 17:20:33.233;04-03-2025 17:21:28.276;55043
3;04-03-2025 17:20:33.233;04-03-2025 17:21:33.267;60034
3;04-03-2025 17:21:48.234;04-03-2025 17:21:48.308;74
3;04-03-2025 17:21:48.234;04-03-2025 17:21:48.363;129
3;04-03-2025 17:21:48.234;04-03-2025 17:21:53.265;5031
3;04-03-2025 17:21:48.234;04-03-2025 17:21:58.269;10035
3;04-03-2025 17:21:48.234;04-03-2025 17:22:03.274;15040
3;04-03-2025 17:21:48.234;04-03-2025 17:22:08.263;20029
3;04-03-2025 17:21:48.234;04-03-2025 17:22:13.267;25033
3;04-03-2025 17:21:48.234;04-03-2025 17:22:18.275;30041
3;04-03-2025 17:21:48.234;04-03-2025 17:22:23.262;35028
3;04-03-2025 17:21:48.234;04-03-2025 17:22:28.266;40032
3;04-03-2025 17:21:48.234;04-03-2025 17:22:33.273;45039
3;04-03-2025 17:21:48.234;04-03-2025 17:22:38.279;50045
3;04-03-2025 17:21:48.234;04-03-2025 17:22:43.267;55033
3;04-03-2025 17:21:48.234;04-03-2025 17:22:48.274;60040
3;04-03-2025 17:21:48.234;04-03-2025 17:22:53.278;65044
1;04-03-2025 17:22:52.157;04-03-2025 17:22:53.383;1226
3;04-03-2025 17:21:48.234;04-03-2025 17:22:58.267;70033
1;04-03-2025 17:22:52.157;04-03-2025 17:23:05.997;13840
3;04-03-2025 17:23:13.233;04-03-2025 17:23:13.282;49
3;04-03-2025 17:23:13.233;04-03-2025 17:23:13.344;111
3;04-03-2025 17:23:13.233;04-03-2025 17:23:18.269;5036
1;04-03-2025 17:22:52.157;04-03-2025 17:23:21.700;29543
3;04-03-2025 17:23:13.233;04-03-2025 17:23:23.274;10041
3;04-03-2025 17:23:13.233;04-03-2025 17:23:28.264;15031
3;04-03-2025 17:23:13.233;04-03-2025 17:23:33.268;20035
3;04-03-2025 17:23:13.233;04-03-2025 17:23:38.269;25036
3;04-03-2025 17:23:13.233;04-03-2025 17:23:43.276;30043
1;04-03-2025 17:22:52.157;04-03-2025 17:23:45.932;53775
3;04-03-2025 17:23:13.233;04-03-2025 17:23:48.272;35039
3;04-03-2025 17:23:13.233;04-03-2025 17:23:53.270;40037
3;04-03-2025 17:23:13.233;04-03-2025 17:23:58.276;45043
3;04-03-2025 17:23:13.233;04-03-2025 17:24:03.265;50032
1;04-03-2025 17:22:52.157;04-03-2025 17:24:05.563;73406
3;04-03-2025 17:23:13.233;04-03-2025 17:24:08.268;55035
1;04-03-2025 17:22:52.157;04-03-2025 17:24:12.869;80712
3;04-03-2025 17:23:13.233;04-03-2025 17:24:13.274;60041
1;04-03-2025 17:22:52.157;04-03-2025 17:24:15.749;83592
3;04-03-2025 17:23:13.233;04-03-2025 17:24:18.265;65032
1;04-03-2025 17:22:52.157;04-03-2025 17:24:21.844;89687
3;04-03-2025 17:23:13.233;04-03-2025 17:24:23.273;70040
1;04-03-2025 17:22:52.157;04-03-2025 17:24:25.203;93046
3;04-03-2025 17:23:13.233;04-03-2025 17:24:28.262;75029
1;04-03-2025 17:22:52.157;04-03-2025 17:24:28.603;96446
3;04-03-2025 17:23:13.233;04-03-2025 17:24:33.268;80035
1;04-03-2025 17:22:52.157;04-03-2025 17:24:33.565;101408
3;04-03-2025 17:23:13.233;04-03-2025 17:24:38.271;85038
1;04-03-2025 17:24:39.516;04-03-2025 17:24:40.997;1481
3;04-03-2025 17:23:13.233;04-03-2025 17:24:43.276;90043
1;04-03-2025 17:24:39.516;04-03-2025 17:24:46.065;6549
3;04-03-2025 17:23:13.233;04-03-2025 17:24:48.279;95046
1;04-03-2025 17:24:39.516;04-03-2025 17:24:50.480;10964
3;04-03-2025 17:23:13.233;04-03-2025 17:24:53.266;100033
3;04-03-2025 17:23:13.233;04-03-2025 17:24:58.271;105038
3;04-03-2025 17:23:13.233;04-03-2025 17:25:03.257;110024
3;04-03-2025 17:23:13.233;04-03-2025 17:25:08.266;115033
3;04-03-2025 17:23:13.233;04-03-2025 17:25:13.269;120036
3;04-03-2025 17:23:13.233;04-03-2025 17:25:18.280;125047
3;04-03-2025 17:23:13.233;04-03-2025 17:25:23.264;130031
1;04-03-2025 17:24:39.516;04-03-2025 17:25:26.149;46633
3;04-03-2025 17:23:13.233;04-03-2025 17:25:28.267;135034
1;04-03-2025 17:24:39.516;04-03-2025 17:25:29.877;50361
3;04-03-2025 17:23:13.233;04-03-2025 17:25:33.272;140039
3;04-03-2025 17:23:13.233;04-03-2025 17:25:38.263;145030
1;04-03-2025 17:24:39.516;04-03-2025 17:25:42.526;63010
3;04-03-2025 17:23:13.233;04-03-2025 17:25:43.267;150034
1;04-03-2025 17:24:39.516;04-03-2025 17:25:46.249;66733
3;04-03-2025 17:23:13.233;04-03-2025 17:25:48.255;155022
1;04-03-2025 17:24:39.516;04-03-2025 17:25:50.392;70876
3;04-03-2025 17:23:13.233;04-03-2025 17:25:53.315;160082
3;04-03-2025 17:23:13.233;04-03-2025 17:25:58.292;165059
1;04-03-2025 17:24:39.516;04-03-2025 17:25:58.673;79157
3;04-03-2025 17:23:13.233;04-03-2025 17:26:03.267;170034
1;04-03-2025 17:24:39.516;04-03-2025 17:26:05.645;86129
3;04-03-2025 17:23:13.233;04-03-2025 17:26:08.271;175038
1;04-03-2025 17:24:39.516;04-03-2025 17:26:18.554;99038
1;04-03-2025 17:24:39.516;04-03-2025 17:26:27.835;108319
3;04-03-2025 17:26:33.256;04-03-2025 17:26:33.308;52
3;04-03-2025 17:26:33.256;04-03-2025 17:26:33.354;98
3;04-03-2025 17:26:33.256;04-03-2025 17:26:33.431;175
1;04-03-2025 17:24:39.516;04-03-2025 17:26:35.930;116414
3;04-03-2025 17:26:33.256;04-03-2025 17:26:38.266;5010
3;04-03-2025 17:26:33.256;04-03-2025 17:26:43.270;10014
3;04-03-2025 17:26:33.256;04-03-2025 17:26:48.276;15020
3;04-03-2025 17:26:33.256;04-03-2025 17:26:53.268;20012
3;04-03-2025 17:26:33.256;04-03-2025 17:26:58.270;25014
3;04-03-2025 17:26:33.256;04-03-2025 17:27:03.276;30020
3;04-03-2025 17:26:33.256;04-03-2025 17:27:08.264;35008
3;04-03-2025 17:26:33.256;04-03-2025 17:27:13.266;40010
3;04-03-2025 17:26:33.256;04-03-2025 17:27:18.270;45014
3;04-03-2025 17:26:33.256;04-03-2025 17:27:23.261;50005
3;04-03-2025 17:26:33.256;04-03-2025 17:27:28.266;55010
3;04-03-2025 17:26:33.256;04-03-2025 17:27:33.271;60015
1;04-03-2025 17:27:14.174;04-03-2025 17:27:35.393;21219
3;04-03-2025 17:26:33.256;04-03-2025 17:27:38.261;65005
3;04-03-2025 17:26:33.256;04-03-2025 17:27:43.262;70006
1;04-03-2025 17:27:14.174;04-03-2025 17:27:44.001;29827
3;04-03-2025 17:26:33.256;04-03-2025 17:27:48.265;75009
1;04-03-2025 17:27:14.174;04-03-2025 17:27:49.379;35205
3;04-03-2025 17:26:33.256;04-03-2025 17:27:53.272;80016
1;04-03-2025 17:27:14.174;04-03-2025 17:27:58.003;43829
3;04-03-2025 17:26:33.256;04-03-2025 17:27:58.276;85020
3;04-03-2025 17:26:33.256;04-03-2025 17:28:03.277;90021
1;04-03-2025 17:28:00.116;04-03-2025 17:28:05.479;5363
3;04-03-2025 17:26:33.256;04-03-2025 17:28:08.281;95025
3;04-03-2025 17:26:33.256;04-03-2025 17:28:13.272;100016
3;04-03-2025 17:26:33.256;04-03-2025 17:28:18.261;105005
3;04-03-2025 17:26:33.256;04-03-2025 17:28:23.270;110014
3;04-03-2025 17:26:33.256;04-03-2025 17:28:28.274;115018
3;04-03-2025 17:26:33.256;04-03-2025 17:28:33.262;120006
1;04-03-2025 17:28:00.116;04-03-2025 17:28:37.058;36942
3;04-03-2025 17:28:48.235;04-03-2025 17:28:48.280;45
3;04-03-2025 17:28:48.235;04-03-2025 17:28:48.326;91
3;04-03-2025 17:28:48.235;04-03-2025 17:28:53.267;5032
3;04-03-2025 17:28:48.235;04-03-2025 17:28:58.271;10036
1;04-03-2025 17:28:00.116;04-03-2025 17:28:59.817;59701
2;04-03-2025 17:28:36.036;04-03-2025 17:29:01.289;25253
3;04-03-2025 17:28:48.235;04-03-2025 17:29:03.262;15027
1;04-03-2025 17:28:00.116;04-03-2025 17:29:03.273;63157
3;04-03-2025 17:28:48.235;04-03-2025 17:29:08.267;20032
1;04-03-2025 17:28:00.116;04-03-2025 17:29:10.485;70369
3;04-03-2025 17:28:48.235;04-03-2025 17:29:13.269;25034
3;04-03-2025 17:28:48.235;04-03-2025 17:29:18.261;30026
3;04-03-2025 17:28:48.235;04-03-2025 17:29:23.266;35031
3;04-03-2025 17:28:48.235;04-03-2025 17:29:28.271;40036
3;04-03-2025 17:29:43.234;04-03-2025 17:29:43.285;51
3;04-03-2025 17:29:43.234;04-03-2025 17:29:43.347;113
3;04-03-2025 17:29:43.234;04-03-2025 17:29:48.274;5040
3;04-03-2025 17:29:43.234;04-03-2025 17:29:53.265;10031
1;04-03-2025 17:29:44.018;04-03-2025 17:29:57.658;13640
3;04-03-2025 17:29:43.234;04-03-2025 17:29:58.271;15037
3;04-03-2025 17:29:43.234;04-03-2025 17:30:03.281;20047
3;04-03-2025 17:29:43.234;04-03-2025 17:30:08.262;25028
3;04-03-2025 17:29:43.234;04-03-2025 17:30:13.271;30037
2;04-03-2025 17:30:01.241;04-03-2025 17:30:15.601;14360
3;04-03-2025 17:29:43.234;04-03-2025 17:30:18.276;35042
3;04-03-2025 17:30:33.235;04-03-2025 17:30:33.276;41
3;04-03-2025 17:30:33.235;04-03-2025 17:30:33.324;89
3;04-03-2025 17:30:33.235;04-03-2025 17:30:38.267;5032
3;04-03-2025 17:30:33.235;04-03-2025 17:30:43.273;10038
3;04-03-2025 17:30:33.235;04-03-2025 17:30:48.264;15029
3;04-03-2025 17:30:33.235;04-03-2025 17:30:53.268;20033
3;04-03-2025 17:30:33.235;04-03-2025 17:30:58.272;25037
3;04-03-2025 17:30:33.235;04-03-2025 17:31:03.276;30041
3;04-03-2025 17:30:33.235;04-03-2025 17:31:08.260;35025
3;04-03-2025 17:30:33.235;04-03-2025 17:31:13.265;40030
3;04-03-2025 17:30:33.235;04-03-2025 17:31:18.270;45035
3;04-03-2025 17:30:33.235;04-03-2025 17:31:23.259;50024
3;04-03-2025 17:30:33.235;04-03-2025 17:31:28.264;55029
3;04-03-2025 17:30:33.235;04-03-2025 17:31:33.271;60036
3;04-03-2025 17:30:33.235;04-03-2025 17:31:38.276;65041
3;04-03-2025 17:30:33.235;04-03-2025 17:31:43.265;70030
3;04-03-2025 17:30:33.235;04-03-2025 17:31:48.257;75022
3;04-03-2025 17:30:33.235;04-03-2025 17:31:53.260;80025
3;04-03-2025 17:30:33.235;04-03-2025 17:31:58.279;85044
3;04-03-2025 17:30:33.235;04-03-2025 17:32:03.270;90035
3;04-03-2025 17:30:33.235;04-03-2025 17:32:08.276;95041
1;04-03-2025 17:32:03.035;04-03-2025 17:32:08.351;5316
3;04-03-2025 17:30:33.235;04-03-2025 17:32:13.268;100033
1;04-03-2025 17:32:03.035;04-03-2025 17:32:16.348;13313
3;04-03-2025 17:30:33.235;04-03-2025 17:32:18.273;105038
1;04-03-2025 17:32:03.035;04-03-2025 17:32:20.699;17664
3;04-03-2025 17:30:33.235;04-03-2025 17:32:23.263;110028
1;04-03-2025 17:32:03.035;04-03-2025 17:32:26.247;23212
3;04-03-2025 17:30:33.235;04-03-2025 17:32:28.270;115035
3;04-03-2025 17:32:43.239;04-03-2025 17:32:43.284;45
3;04-03-2025 17:32:43.239;04-03-2025 17:32:43.347;108
3;04-03-2025 17:32:43.239;04-03-2025 17:32:48.273;5034
3;04-03-2025 17:32:43.239;04-03-2025 17:32:53.277;10038
3;04-03-2025 17:32:43.239;04-03-2025 17:32:58.263;15024
3;04-03-2025 17:32:43.239;04-03-2025 17:33:03.269;20030
3;04-03-2025 17:32:43.239;04-03-2025 17:33:08.275;25036
3;04-03-2025 17:32:43.239;04-03-2025 17:33:13.262;30023
3;04-03-2025 17:32:43.239;04-03-2025 17:33:18.265;35026
3;04-03-2025 17:32:43.239;04-03-2025 17:33:23.272;40033
3;04-03-2025 17:32:43.239;04-03-2025 17:33:28.274;45035
3;04-03-2025 17:32:43.239;04-03-2025 17:33:33.264;50025
3;04-03-2025 17:32:43.239;04-03-2025 17:33:38.272;55033
3;04-03-2025 17:32:43.239;04-03-2025 17:33:43.275;60036
3;04-03-2025 17:32:43.239;04-03-2025 17:33:48.262;65023
3;04-03-2025 17:32:43.239;04-03-2025 17:33:53.269;70030
3;04-03-2025 17:32:43.239;04-03-2025 17:33:58.272;75033
3;04-03-2025 17:32:43.239;04-03-2025 17:34:03.275;80036
1;04-03-2025 17:32:49.413;04-03-2025 17:34:06.149;76736
3;04-03-2025 17:32:43.239;04-03-2025 17:34:08.267;85028
3;04-03-2025 17:32:43.239;04-03-2025 17:34:13.273;90034
3;04-03-2025 17:32:43.239;04-03-2025 17:34:18.280;95041
3;04-03-2025 17:32:43.239;04-03-2025 17:34:23.265;100026
2;04-03-2025 17:34:18.430;04-03-2025 17:34:25.516;7086
3;04-03-2025 17:32:43.239;04-03-2025 17:34:28.267;105028
3;04-03-2025 17:32:43.239;04-03-2025 17:34:33.260;110021
3;04-03-2025 17:32:43.239;04-03-2025 17:34:38.264;115025
3;04-03-2025 17:32:43.239;04-03-2025 17:34:43.270;120031
3;04-03-2025 17:32:43.239;04-03-2025 17:34:48.260;125021
3;04-03-2025 17:32:43.239;04-03-2025 17:34:53.265;130026
3;04-03-2025 17:32:43.239;04-03-2025 17:34:58.269;135030
2;04-03-2025 17:34:45.728;04-03-2025 17:34:58.968;13240
3;04-03-2025 17:32:43.239;04-03-2025 17:35:03.275;140036
3;04-03-2025 17:32:43.239;04-03-2025 17:35:08.262;145023
2;04-03-2025 17:35:04.417;04-03-2025 17:35:11.871;7454
3;04-03-2025 17:32:43.239;04-03-2025 17:35:13.268;150029
3;04-03-2025 17:32:43.239;04-03-2025 17:35:18.273;155034
3;04-03-2025 17:32:43.239;04-03-2025 17:35:23.278;160039
2;04-03-2025 17:35:04.417;04-03-2025 17:35:26.726;22309
3;04-03-2025 17:32:43.239;04-03-2025 17:35:28.269;165030
2;04-03-2025 17:35:27.252;04-03-2025 17:35:29.431;2179
3;04-03-2025 17:32:43.239;04-03-2025 17:35:33.272;170033
3;04-03-2025 17:32:43.239;04-03-2025 17:35:38.261;175022
3;04-03-2025 17:32:43.239;04-03-2025 17:35:43.264;180025
2;04-03-2025 17:35:36.212;04-03-2025 17:35:47.272;11060
3;04-03-2025 17:32:43.239;04-03-2025 17:35:48.270;185031
3;04-03-2025 17:32:43.239;04-03-2025 17:35:53.275;190036
1;04-03-2025 17:35:42.951;04-03-2025 17:35:56.226;13275
3;04-03-2025 17:32:43.239;04-03-2025 17:35:58.264;195025
1;04-03-2025 17:35:42.951;04-03-2025 17:36:01.572;18621
3;04-03-2025 17:32:43.239;04-03-2025 17:36:03.268;200029
3;04-03-2025 17:32:43.239;04-03-2025 17:36:08.272;205033
3;04-03-2025 17:32:43.239;04-03-2025 17:36:13.264;210025
3;04-03-2025 17:32:43.239;04-03-2025 17:36:18.269;215030
3;04-03-2025 17:32:43.239;04-03-2025 17:36:23.275;220036
3;04-03-2025 17:32:43.239;04-03-2025 17:36:28.266;225027
0;04-03-2025 17:36:19.293;04-03-2025 17:36:33.057;13764
3;04-03-2025 17:32:43.239;04-03-2025 17:36:33.272;230033
3;04-03-2025 17:32:43.239;04-03-2025 17:36:38.262;235023
3;04-03-2025 17:32:43.239;04-03-2025 17:36:43.265;240026
3;04-03-2025 17:32:43.239;04-03-2025 17:36:48.269;245030
3;04-03-2025 17:32:43.239;04-03-2025 17:36:53.275;250036
3;04-03-2025 17:32:43.239;04-03-2025 17:36:58.266;255027
3;04-03-2025 17:32:43.239;04-03-2025 17:37:03.273;260034
3;04-03-2025 17:32:43.239;04-03-2025 17:37:08.261;265022
3;04-03-2025 17:32:43.239;04-03-2025 17:37:13.267;270028
3;04-03-2025 17:32:43.239;04-03-2025 17:37:18.272;275033
1;04-03-2025 17:37:07.206;04-03-2025 17:37:20.620;13414
3;04-03-2025 17:32:43.239;04-03-2025 17:37:23.276;280037
3;04-03-2025 17:32:43.239;04-03-2025 17:37:28.270;285031
3;04-03-2025 17:32:43.239;04-03-2025 17:37:33.273;290034
3;04-03-2025 17:32:43.239;04-03-2025 17:37:38.262;295023
3;04-03-2025 17:32:43.239;04-03-2025 17:37:43.267;300028
1;04-03-2025 17:37:31.533;04-03-2025 17:37:46.474;14941
3;04-03-2025 17:32:43.239;04-03-2025 17:37:48.286;305047
1;04-03-2025 17:37:31.533;04-03-2025 17:37:48.574;17041
1;04-03-2025 17:37:58.761;04-03-2025 17:38:01.187;2426
3;04-03-2025 17:38:03.232;04-03-2025 17:38:03.272;40
3;04-03-2025 17:38:03.232;04-03-2025 17:38:03.324;92
1;04-03-2025 17:38:04.159;04-03-2025 17:38:04.611;452
3;04-03-2025 17:38:03.232;04-03-2025 17:38:08.277;5045
1;04-03-2025 17:38:04.159;04-03-2025 17:38:08.463;4304
3;04-03-2025 17:38:03.232;04-03-2025 17:38:13.264;10032
1;04-03-2025 17:38:04.159;04-03-2025 17:38:13.637;9478
3;04-03-2025 17:38:03.232;04-03-2025 17:38:18.269;15037
1;04-03-2025 17:38:04.159;04-03-2025 17:38:18.487;14328
3;04-03-2025 17:38:03.232;04-03-2025 17:38:23.275;20043
3;04-03-2025 17:38:03.232;04-03-2025 17:38:28.265;25033
3;04-03-2025 17:38:03.232;04-03-2025 17:38:33.271;30039
3;04-03-2025 17:38:03.232;04-03-2025 17:38:38.276;35044
1;04-03-2025 17:38:24.257;04-03-2025 17:38:40.558;16301
3;04-03-2025 17:38:03.232;04-03-2025 17:38:43.262;40030
3;04-03-2025 17:38:03.232;04-03-2025 17:38:48.267;45035
3;04-03-2025 17:38:03.232;04-03-2025 17:38:53.273;50041
1;04-03-2025 17:38:24.257;04-03-2025 17:38:53.459;29202
3;04-03-2025 17:38:03.232;04-03-2025 17:38:58.277;55045
1;04-03-2025 17:38:24.257;04-03-2025 17:38:58.319;34062
3;04-03-2025 17:38:03.232;04-03-2025 17:39:03.253;60021
1;04-03-2025 17:38:24.257;04-03-2025 17:39:03.344;39087
3;04-03-2025 17:38:03.232;04-03-2025 17:39:08.260;65028
1;04-03-2025 17:38:24.257;04-03-2025 17:39:10.734;46477
3;04-03-2025 17:38:03.232;04-03-2025 17:39:13.262;70030
3;04-03-2025 17:38:03.232;04-03-2025 17:39:18.253;75021
3;04-03-2025 17:38:03.232;04-03-2025 17:39:23.273;80041
1;04-03-2025 17:38:24.257;04-03-2025 17:39:27.060;62803
1;04-03-2025 17:38:24.257;04-03-2025 17:39:28.467;64210
3;04-03-2025 17:39:38.235;04-03-2025 17:39:38.305;70
3;04-03-2025 17:39:38.235;04-03-2025 17:39:38.353;118
3;04-03-2025 17:39:38.235;04-03-2025 17:39:43.265;5030
3;04-03-2025 17:39:38.235;04-03-2025 17:39:48.272;10037
3;04-03-2025 17:39:38.235;04-03-2025 17:39:53.261;15026
1;04-03-2025 17:38:24.257;04-03-2025 17:39:55.709;91452
3;04-03-2025 17:39:38.235;04-03-2025 17:39:58.266;20031
1;04-03-2025 17:38:24.257;04-03-2025 17:39:58.383;94126
3;04-03-2025 17:39:38.235;04-03-2025 17:40:03.269;25034
1;04-03-2025 17:38:24.257;04-03-2025 17:40:06.364;102107
3;04-03-2025 17:39:38.235;04-03-2025 17:40:08.272;30037
1;04-03-2025 17:38:24.257;04-03-2025 17:40:12.073;107816
3;04-03-2025 17:39:38.235;04-03-2025 17:40:13.262;35027
1;04-03-2025 17:38:24.257;04-03-2025 17:40:15.401;111144
3;04-03-2025 17:39:38.235;04-03-2025 17:40:18.273;40038
3;04-03-2025 17:39:38.235;04-03-2025 17:40:23.275;45040
1;04-03-2025 17:40:23.804;04-03-2025 17:40:27.026;3222
3;04-03-2025 17:39:38.235;04-03-2025 17:40:28.264;50029
1;04-03-2025 17:40:23.804;04-03-2025 17:40:30.530;6726
1;04-03-2025 17:40:23.804;04-03-2025 17:40:38.288;14484
3;04-03-2025 17:40:43.233;04-03-2025 17:40:43.281;48
3;04-03-2025 17:40:43.233;04-03-2025 17:40:43.343;110
0;04-03-2025 17:40:17.001;04-03-2025 17:40:46.455;29454
3;04-03-2025 17:40:43.233;04-03-2025 17:40:48.269;5036
0;04-03-2025 17:40:17.001;04-03-2025 17:40:52.628;35627
3;04-03-2025 17:40:43.233;04-03-2025 17:40:53.274;10041
3;04-03-2025 17:40:43.233;04-03-2025 17:40:58.279;15046
0;04-03-2025 17:41:02.177;04-03-2025 17:41:02.425;248
3;04-03-2025 17:41:13.234;04-03-2025 17:41:13.277;43
3;04-03-2025 17:41:13.234;04-03-2025 17:41:13.326;92
3;04-03-2025 17:41:13.234;04-03-2025 17:41:18.296;5062
3;04-03-2025 17:41:13.234;04-03-2025 17:41:23.271;10037
3;04-03-2025 17:41:13.234;04-03-2025 17:41:28.259;15025
3;04-03-2025 17:41:13.234;04-03-2025 17:41:33.261;20027
3;04-03-2025 17:41:13.234;04-03-2025 17:41:38.267;25033
3;04-03-2025 17:41:13.234;04-03-2025 17:41:43.273;30039
3;04-03-2025 17:41:13.234;04-03-2025 17:41:48.263;35029
2;04-03-2025 17:41:47.181;04-03-2025 17:41:51.082;3901
3;04-03-2025 17:41:13.234;04-03-2025 17:41:53.270;40036
3;04-03-2025 17:41:13.234;04-03-2025 17:41:58.277;45043
3;04-03-2025 17:41:13.234;04-03-2025 17:42:03.266;50032
3;04-03-2025 17:41:13.234;04-03-2025 17:42:08.274;55040
3;04-03-2025 17:41:13.234;04-03-2025 17:42:13.262;60028
3;04-03-2025 17:41:13.234;04-03-2025 17:42:18.265;65031
3;04-03-2025 17:41:13.234;04-03-2025 17:42:23.272;70038
3;04-03-2025 17:41:13.234;04-03-2025 17:42:28.279;75045
3;04-03-2025 17:41:13.234;04-03-2025 17:42:33.267;80033
1;04-03-2025 17:42:42.796;04-03-2025 17:42:46.405;3609
3;04-03-2025 17:42:48.235;04-03-2025 17:42:48.299;64
3;04-03-2025 17:42:48.235;04-03-2025 17:42:48.361;126
1;04-03-2025 17:42:42.796;04-03-2025 17:42:50.942;8146
3;04-03-2025 17:42:48.235;04-03-2025 17:42:53.271;5036
3;04-03-2025 17:42:48.235;04-03-2025 17:42:58.264;10029
3;04-03-2025 17:42:48.235;04-03-2025 17:43:03.267;15032
3;04-03-2025 17:42:48.235;04-03-2025 17:43:08.274;20039
3;04-03-2025 17:42:48.235;04-03-2025 17:43:13.264;25029
3;04-03-2025 17:42:48.235;04-03-2025 17:43:18.272;30037
3;04-03-2025 17:42:48.235;04-03-2025 17:43:23.263;35028
3;04-03-2025 17:42:48.235;04-03-2025 17:43:28.264;40029
3;04-03-2025 17:42:48.235;04-03-2025 17:43:33.271;45036
1;04-03-2025 17:43:22.666;04-03-2025 17:43:41.770;19104
3;04-03-2025 17:43:48.234;04-03-2025 17:43:48.284;50
3;04-03-2025 17:43:48.234;04-03-2025 17:43:48.332;98
1;04-03-2025 17:43:22.666;04-03-2025 17:43:51.915;29249
3;04-03-2025 17:43:48.234;04-03-2025 17:43:53.277;5043
3;04-03-2025 17:43:48.234;04-03-2025 17:43:58.266;10032
3;04-03-2025 17:43:48.234;04-03-2025 17:44:03.337;15103
1;04-03-2025 17:43:22.666;04-03-2025 17:44:05.363;42697
3;04-03-2025 17:43:48.234;04-03-2025 17:44:08.261;20027
0;04-03-2025 17:43:57.035;04-03-2025 17:44:12.366;15331
3;04-03-2025 17:43:48.234;04-03-2025 17:44:13.266;25032
3;04-03-2025 17:43:48.234;04-03-2025 17:44:18.273;30039
1;04-03-2025 17:43:22.666;04-03-2025 17:44:20.757;58091
3;04-03-2025 17:43:48.234;04-03-2025 17:44:23.264;35030
1;04-03-2025 17:43:22.666;04-03-2025 17:44:23.397;60731
3;04-03-2025 17:43:48.234;04-03-2025 17:44:28.270;40036
3;04-03-2025 17:43:48.234;04-03-2025 17:44:33.277;45043
3;04-03-2025 17:43:48.234;04-03-2025 17:44:38.268;50034
1;04-03-2025 17:43:22.666;04-03-2025 17:44:41.197;78531
3;04-03-2025 17:43:48.234;04-03-2025 17:44:43.271;55037
3;04-03-2025 17:43:48.234;04-03-2025 17:44:48.274;60040
1;04-03-2025 17:43:22.666;04-03-2025 17:44:51.141;88475
3;04-03-2025 17:43:48.234;04-03-2025 17:44:53.264;65030
1;04-03-2025 17:43:22.666;04-03-2025 17:44:56.693;94027
3;04-03-2025 17:43:48.234;04-03-2025 17:44:58.271;70037
1;04-03-2025 17:43:22.666;04-03-2025 17:45:11.667;109001
3;04-03-2025 17:45:23.258;04-03-2025 17:45:23.312;54
3;04-03-2025 17:45:23.258;04-03-2025 17:45:23.362;104
1;04-03-2025 17:45:17.439;04-03-2025 17:45:35.806;18367
1;04-03-2025 17:45:17.439;04-03-2025 17:45:40.708;23269
3;04-03-2025 17:45:43.405;04-03-2025 17:45:43.451;46
3;04-03-2025 17:45:43.405;04-03-2025 17:45:43.498;93
3;04-03-2025 17:45:43.405;04-03-2025 17:45:43.563;158
1;04-03-2025 17:45:17.439;04-03-2025 17:45:45.300;27861
3;04-03-2025 17:45:43.405;04-03-2025 17:45:48.263;4858
3;04-03-2025 17:45:43.405;04-03-2025 17:45:53.272;9867
1;04-03-2025 17:45:17.439;04-03-2025 17:45:55.621;38182
3;04-03-2025 17:45:43.405;04-03-2025 17:45:58.261;14856
3;04-03-2025 17:45:43.405;04-03-2025 17:46:03.265;19860
3;04-03-2025 17:46:18.235;04-03-2025 17:46:18.292;57
3;04-03-2025 17:46:18.235;04-03-2025 17:46:18.338;103
3;04-03-2025 17:46:18.235;04-03-2025 17:46:23.267;5032
3;04-03-2025 17:46:18.235;04-03-2025 17:46:28.273;10038
3;04-03-2025 17:46:18.235;04-03-2025 17:46:33.265;15030
1;04-03-2025 17:45:17.439;04-03-2025 17:46:35.973;78534
3;04-03-2025 17:46:18.235;04-03-2025 17:46:38.298;20063
2;04-03-2025 17:46:30.021;04-03-2025 17:46:41.037;11016
3;04-03-2025 17:46:18.235;04-03-2025 17:46:43.270;25035
3;04-03-2025 17:46:18.235;04-03-2025 17:46:48.261;30026
3;04-03-2025 17:46:18.235;04-03-2025 17:46:53.265;35030
3;04-03-2025 17:46:18.235;04-03-2025 17:46:58.272;40037
3;04-03-2025 17:46:18.235;04-03-2025 17:47:03.263;45028
3;04-03-2025 17:46:18.235;04-03-2025 17:47:08.267;50032
3;04-03-2025 17:46:18.235;04-03-2025 17:47:13.273;55038
3;04-03-2025 17:47:28.227;04-03-2025 17:47:28.270;43
0;04-03-2025 17:47:26.749;04-03-2025 17:47:28.890;2141
1;04-03-2025 17:45:17.439;04-03-2025 17:47:41.449;144010
3;04-03-2025 17:47:43.238;04-03-2025 17:47:43.285;47
3;04-03-2025 17:47:43.238;04-03-2025 17:47:43.360;122
3;04-03-2025 17:47:43.238;04-03-2025 17:47:48.274;5036
3;04-03-2025 17:47:43.238;04-03-2025 17:47:53.279;10041
3;04-03-2025 17:47:43.238;04-03-2025 17:47:58.269;15031
3;04-03-2025 17:47:43.238;04-03-2025 17:48:03.274;20036
3;04-03-2025 17:47:43.238;04-03-2025 17:48:08.268;25030
3;04-03-2025 17:47:43.238;04-03-2025 17:48:13.278;30040
3;04-03-2025 17:47:43.238;04-03-2025 17:48:18.264;35026
3;04-03-2025 17:48:33.234;04-03-2025 17:48:33.278;44
3;04-03-2025 17:48:33.234;04-03-2025 17:48:33.343;109
3;04-03-2025 17:48:33.234;04-03-2025 17:48:38.273;5039
3;04-03-2025 17:48:33.234;04-03-2025 17:48:43.274;10040
3;04-03-2025 17:48:33.234;04-03-2025 17:48:48.263;15029
3;04-03-2025 17:48:33.234;04-03-2025 17:48:53.266;20032
3;04-03-2025 17:48:33.234;04-03-2025 17:48:58.269;25035
3;04-03-2025 17:48:33.234;04-03-2025 17:49:03.259;30025
3;04-03-2025 17:48:33.234;04-03-2025 17:49:08.263;35029
3;04-03-2025 17:48:33.234;04-03-2025 17:49:13.267;40033
3;04-03-2025 17:48:33.234;04-03-2025 17:49:18.274;45040
3;04-03-2025 17:48:33.234;04-03-2025 17:49:23.276;50042
1;04-03-2025 17:49:25.837;04-03-2025 17:49:26.611;774
3;04-03-2025 17:48:33.234;04-03-2025 17:49:28.264;55030
3;04-03-2025 17:48:33.234;04-03-2025 17:49:33.272;60038
0;04-03-2025 17:49:12.731;04-03-2025 17:49:34.386;21655
3;04-03-2025 17:48:33.234;04-03-2025 17:49:38.261;65027
3;04-03-2025 17:48:33.234;04-03-2025 17:49:43.267;70033
3;04-03-2025 17:48:33.234;04-03-2025 17:49:48.272;75038
3;04-03-2025 17:48:33.234;04-03-2025 17:49:53.261;80027
3;04-03-2025 17:48:33.234;04-03-2025 17:49:58.268;85034
2;04-03-2025 17:49:54.901;04-03-2025 17:50:01.842;6941
0;04-03-2025 17:49:35.924;04-03-2025 17:50:01.890;25966
3;04-03-2025 17:48:33.234;04-03-2025 17:50:03.272;90038
0;04-03-2025 17:49:35.924;04-03-2025 17:50:04.189;28265
2;04-03-2025 17:49:54.901;04-03-2025 17:50:07.145;12244
1;04-03-2025 17:50:02.112;04-03-2025 17:50:07.870;5758
3;04-03-2025 17:48:33.234;04-03-2025 17:50:08.260;95026
1;04-03-2025 17:50:02.112;04-03-2025 17:50:11.021;8909
0;04-03-2025 17:50:09.832;04-03-2025 17:50:11.053;1221
3;04-03-2025 17:48:33.234;04-03-2025 17:50:13.269;100035
0;04-03-2025 17:50:09.832;04-03-2025 17:50:13.965;4133
3;04-03-2025 17:48:33.234;04-03-2025 17:50:18.277;105043
3;04-03-2025 17:48:33.234;04-03-2025 17:50:23.265;110031
0;04-03-2025 17:50:20.995;04-03-2025 17:50:27.783;6788
3;04-03-2025 17:48:33.234;04-03-2025 17:50:28.269;115035
3;04-03-2025 17:48:33.234;04-03-2025 17:50:33.273;120039
3;04-03-2025 17:48:33.234;04-03-2025 17:50:38.279;125045
3;04-03-2025 17:48:33.234;04-03-2025 17:50:43.265;130031
3;04-03-2025 17:48:33.234;04-03-2025 17:50:48.271;135037
3;04-03-2025 17:48:33.234;04-03-2025 17:50:53.259;140025
3;04-03-2025 17:48:33.234;04-03-2025 17:50:58.262;145028
3;04-03-2025 17:48:33.234;04-03-2025 17:51:03.265;150031
3;04-03-2025 17:48:33.234;04-03-2025 17:51:08.275;155041
3;04-03-2025 17:48:33.234;04-03-2025 17:51:13.278;160044
3;04-03-2025 17:48:33.234;04-03-2025 17:51:18.269;165035
3;04-03-2025 17:48:33.234;04-03-2025 17:51:23.275;170041
3;04-03-2025 17:48:33.234;04-03-2025 17:51:28.279;175045
1;04-03-2025 17:51:19.252;04-03-2025 17:51:31.241;11989
3;04-03-2025 17:48:33.234;04-03-2025 17:51:33.265;180031
3;04-03-2025 17:48:33.234;04-03-2025 17:51:38.268;185034
3;04-03-2025 17:48:33.234;04-03-2025 17:51:43.273;190039
3;04-03-2025 17:48:33.234;04-03-2025 17:51:48.264;195030
3;04-03-2025 17:48:33.234;04-03-2025 17:51:53.268;200034
3;04-03-2025 17:48:33.234;04-03-2025 17:51:58.272;205038
3;04-03-2025 17:48:33.234;04-03-2025 17:52:03.263;210029
3;04-03-2025 17:48:33.234;04-03-2025 17:52:08.267;215033
3;04-03-2025 17:48:33.234;04-03-2025 17:52:13.270;220036
3;04-03-2025 17:48:33.234;04-03-2025 17:52:18.262;225028
3;04-03-2025 17:48:33.234;04-03-2025 17:52:23.265;230031
3;04-03-2025 17:48:33.234;04-03-2025 17:52:28.271;235037
3;04-03-2025 17:48:33.234;04-03-2025 17:52:33.275;240041
3;04-03-2025 17:48:33.234;04-03-2025 17:52:38.263;245029
1;04-03-2025 17:52:25.580;04-03-2025 17:52:42.542;16962
3;04-03-2025 17:48:33.234;04-03-2025 17:52:43.267;250033
1;04-03-2025 17:52:25.580;04-03-2025 17:52:45.869;20289
1;04-03-2025 17:52:25.580;04-03-2025 17:52:57.362;31782
3;04-03-2025 17:52:58.235;04-03-2025 17:52:58.280;45
3;04-03-2025 17:52:58.235;04-03-2025 17:52:58.327;92
3;04-03-2025 17:52:58.235;04-03-2025 17:53:03.270;5035
0;04-03-2025 17:52:57.473;04-03-2025 17:53:03.970;6497
1;04-03-2025 17:53:05.581;04-03-2025 17:53:05.713;132
3;04-03-2025 17:52:58.235;04-03-2025 17:53:08.275;10040
3;04-03-2025 17:52:58.235;04-03-2025 17:53:13.279;15044
3;04-03-2025 17:52:58.235;04-03-2025 17:53:18.270;20035
1;04-03-2025 17:53:06.209;04-03-2025 17:53:23.012;16803
3;04-03-2025 17:52:58.235;04-03-2025 17:53:23.273;25038
1;04-03-2025 17:53:06.209;04-03-2025 17:53:23.694;17485
3;04-03-2025 17:52:58.235;04-03-2025 17:53:28.262;30027
1;04-03-2025 17:53:06.209;04-03-2025 17:53:30.945;24736
3;04-03-2025 17:52:58.235;04-03-2025 17:53:33.269;35034
3;04-03-2025 17:52:58.235;04-03-2025 17:53:38.275;40040
1;04-03-2025 17:53:06.209;04-03-2025 17:53:42.197;35988
3;04-03-2025 17:52:58.235;04-03-2025 17:53:43.266;45031
1;04-03-2025 17:53:06.209;04-03-2025 17:53:45.500;39291
3;04-03-2025 17:52:58.235;04-03-2025 17:53:48.272;50037
1;04-03-2025 17:53:45.745;04-03-2025 17:53:50.969;5224
3;04-03-2025 17:52:58.235;04-03-2025 17:53:53.279;55044
3;04-03-2025 17:52:58.235;04-03-2025 17:53:58.269;60034
3;04-03-2025 17:54:13.235;04-03-2025 17:54:13.298;63
3;04-03-2025 17:54:13.235;04-03-2025 17:54:13.345;110
3;04-03-2025 17:54:13.235;04-03-2025 17:54:18.258;5023
3;04-03-2025 17:54:13.235;04-03-2025 17:54:23.262;10027
3;04-03-2025 17:54:13.235;04-03-2025 17:54:28.267;15032
3;04-03-2025 17:54:13.235;04-03-2025 17:54:33.276;20041
3;04-03-2025 17:54:13.235;04-03-2025 17:54:38.277;25042
3;04-03-2025 17:54:13.235;04-03-2025 17:54:43.267;30032
3;04-03-2025 17:54:13.235;04-03-2025 17:54:48.272;35037
3;04-03-2025 17:54:13.235;04-03-2025 17:54:53.260;40025
3;04-03-2025 17:54:13.235;04-03-2025 17:54:58.263;45028
3;04-03-2025 17:54:13.235;04-03-2025 17:55:03.269;50034
3;04-03-2025 17:54:13.235;04-03-2025 17:55:08.282;55047
3;04-03-2025 17:54:13.235;04-03-2025 17:55:13.264;60029
3;04-03-2025 17:54:13.235;04-03-2025 17:55:18.267;65032
3;04-03-2025 17:54:13.235;04-03-2025 17:55:23.275;70040
1;04-03-2025 17:55:19.132;04-03-2025 17:55:27.657;8525
3;04-03-2025 17:54:13.235;04-03-2025 17:55:28.262;75027
2;04-03-2025 17:55:18.616;04-03-2025 17:55:32.269;13653
2;04-03-2025 17:55:33.584;04-03-2025 17:55:37.590;4006
3;04-03-2025 17:55:43.235;04-03-2025 17:55:43.306;71
3;04-03-2025 17:55:43.235;04-03-2025 17:55:43.350;115
3;04-03-2025 17:55:43.235;04-03-2025 17:55:48.265;5030
3;04-03-2025 17:55:43.235;04-03-2025 17:55:53.268;10033
3;04-03-2025 17:55:43.235;04-03-2025 17:55:58.261;15026
3;04-03-2025 17:55:43.235;04-03-2025 17:56:03.264;20029
3;04-03-2025 17:55:43.235;04-03-2025 17:56:08.267;25032
0;04-03-2025 17:56:04.646;04-03-2025 17:56:10.006;5360
1;04-03-2025 17:56:08.232;04-03-2025 17:56:11.718;3486
3;04-03-2025 17:55:43.235;04-03-2025 17:56:13.277;30042
3;04-03-2025 17:55:43.235;04-03-2025 17:56:18.264;35029
2;04-03-2025 17:56:11.175;04-03-2025 17:56:20.589;9414
3;04-03-2025 17:55:43.235;04-03-2025 17:56:23.272;40037
3;04-03-2025 17:55:43.235;04-03-2025 17:56:28.261;45026
3;04-03-2025 17:55:43.235;04-03-2025 17:56:33.280;50045
3;04-03-2025 17:55:43.235;04-03-2025 17:56:38.267;55032
0;04-03-2025 17:56:21.517;04-03-2025 17:56:41.217;19700
3;04-03-2025 17:55:43.235;04-03-2025 17:56:43.271;60036
3;04-03-2025 17:55:43.235;04-03-2025 17:56:48.262;65027
3;04-03-2025 17:55:43.235;04-03-2025 17:56:53.265;70030
3;04-03-2025 17:55:43.235;04-03-2025 17:56:58.271;75036
3;04-03-2025 17:55:43.235;04-03-2025 17:57:03.276;80041
3;04-03-2025 17:55:43.235;04-03-2025 17:57:08.281;85046
3;04-03-2025 17:55:43.235;04-03-2025 17:57:13.270;90035
3;04-03-2025 17:55:43.235;04-03-2025 17:57:18.274;95039
3;04-03-2025 17:55:43.235;04-03-2025 17:57:23.267;100032
3;04-03-2025 17:55:43.235;04-03-2025 17:57:28.272;105037
3;04-03-2025 17:55:43.235;04-03-2025 17:57:33.284;110049
3;04-03-2025 17:55:43.235;04-03-2025 17:57:38.280;115045
3;04-03-2025 17:55:43.235;04-03-2025 17:57:43.267;120032
3;04-03-2025 17:55:43.235;04-03-2025 17:57:48.272;125037
3;04-03-2025 17:55:43.235;04-03-2025 17:57:53.281;130046
3;04-03-2025 17:55:43.235;04-03-2025 17:57:58.266;135031
2;04-03-2025 17:58:07.532;04-03-2025 17:58:11.216;3684
3;04-03-2025 17:58:13.235;04-03-2025 17:58:13.291;56
3;04-03-2025 17:58:13.235;04-03-2025 17:58:13.338;103
3;04-03-2025 17:58:13.235;04-03-2025 17:58:18.267;5032
3;04-03-2025 17:58:13.235;04-03-2025 17:58:23.272;10037
3;04-03-2025 17:58:13.235;04-03-2025 17:58:28.276;15041
3;04-03-2025 17:58:13.235;04-03-2025 17:58:33.278;20043
2;04-03-2025 17:58:18.398;04-03-2025 17:58:33.785;15387
3;04-03-2025 17:58:13.235;04-03-2025 17:58:38.270;25035
3;04-03-2025 17:58:13.235;04-03-2025 17:58:43.275;30040
3;04-03-2025 17:58:13.235;04-03-2025 17:58:48.264;35029
3;04-03-2025 17:59:03.234;04-03-2025 17:59:03.294;60
3;04-03-2025 17:59:03.234;04-03-2025 17:59:03.342;108
3;04-03-2025 17:59:03.234;04-03-2025 17:59:08.265;5031
3;04-03-2025 17:59:03.234;04-03-2025 17:59:13.272;10038
3;04-03-2025 17:59:03.234;04-03-2025 17:59:18.264;15030
3;04-03-2025 17:59:03.234;04-03-2025 17:59:23.265;20031
3;04-03-2025 17:59:03.234;04-03-2025 17:59:28.283;25049
3;04-03-2025 17:59:03.234;04-03-2025 17:59:33.274;30040
3;04-03-2025 17:59:03.234;04-03-2025 17:59:38.279;35045
3;04-03-2025 17:59:03.234;04-03-2025 17:59:43.268;40034
3;04-03-2025 17:59:03.234;04-03-2025 17:59:48.275;45041
3;04-03-2025 17:59:03.234;04-03-2025 17:59:53.264;50030
0;04-03-2025 17:59:45.984;04-03-2025 17:59:55.781;9797
3;04-03-2025 17:59:03.234;04-03-2025 17:59:58.269;55035
3;04-03-2025 17:59:03.234;04-03-2025 18:00:03.273;60039
3;04-03-2025 17:59:03.234;04-03-2025 18:00:08.260;65026
3;04-03-2025 17:59:03.234;04-03-2025 18:00:13.264;70030
3;04-03-2025 17:59:03.234;04-03-2025 18:00:18.271;75037
3;04-03-2025 17:59:03.234;04-03-2025 18:00:23.259;80025
3;04-03-2025 17:59:03.234;04-03-2025 18:00:28.262;85028
3;04-03-2025 17:59:03.234;04-03-2025 18:00:33.268;90034
3;04-03-2025 17:59:03.234;04-03-2025 18:00:38.276;95042
2;04-03-2025 18:00:20.656;04-03-2025 18:00:42.828;22172
3;04-03-2025 17:59:03.234;04-03-2025 18:00:43.265;100031
3;04-03-2025 17:59:03.234;04-03-2025 18:00:48.269;105035
3;04-03-2025 17:59:03.234;04-03-2025 18:00:53.273;110039
3;04-03-2025 17:59:03.234;04-03-2025 18:00:58.265;115031
3;04-03-2025 17:59:03.234;04-03-2025 18:01:03.269;120035
3;04-03-2025 17:59:03.234;04-03-2025 18:01:08.276;125042
3;04-03-2025 17:59:03.234;04-03-2025 18:01:13.271;130037
3;04-03-2025 17:59:03.234;04-03-2025 18:01:18.268;135034
3;04-03-2025 17:59:03.234;04-03-2025 18:01:23.289;140055
3;04-03-2025 17:59:03.234;04-03-2025 18:01:28.264;145030
3;04-03-2025 19:11:43.249;04-03-2025 19:11:48.269;5020
3;04-03-2025 19:11:43.249;04-03-2025 19:11:53.274;10025
3;04-03-2025 19:11:43.249;04-03-2025 19:11:58.267;15018
3;04-03-2025 19:11:43.249;04-03-2025 19:12:03.270;20021
3;04-03-2025 19:11:43.249;04-03-2025 19:12:08.273;25024
3;04-03-2025 19:11:43.249;04-03-2025 19:12:13.270;30021
3;04-03-2025 19:11:43.249;04-03-2025 19:12:18.266;35017
3;04-03-2025 19:11:43.249;04-03-2025 19:12:23.271;40022
3;04-03-2025 19:11:43.249;04-03-2025 19:12:28.279;45030
3;04-03-2025 19:11:43.249;04-03-2025 19:12:33.280;50031
3;04-03-2025 19:11:43.249;04-03-2025 19:12:38.272;55023
1;04-03-2025 19:12:34.727;04-03-2025 19:12:41.672;6945
0;04-03-2025 19:12:38.013;04-03-2025 19:12:41.832;3819
3;04-03-2025 19:11:43.249;04-03-2025 19:12:43.278;60029
1;04-03-2025 19:12:34.727;04-03-2025 19:12:45.560;10833
0;04-03-2025 19:12:45.720;04-03-2025 19:12:46.636;916
3;04-03-2025 19:11:43.249;04-03-2025 19:12:48.265;65016
3;04-03-2025 19:11:43.249;04-03-2025 19:12:53.270;70021
3;04-03-2025 19:11:43.249;04-03-2025 19:12:58.274;75025
3;04-03-2025 19:11:43.249;04-03-2025 19:13:03.263;80014
3;04-03-2025 19:11:43.249;04-03-2025 19:13:08.270;85021
0;04-03-2025 19:13:10.564;04-03-2025 19:13:12.213;1649
3;04-03-2025 19:11:43.249;04-03-2025 19:13:13.275;90026
0;04-03-2025 19:13:15.484;04-03-2025 19:13:15.943;459
3;04-03-2025 19:11:43.249;04-03-2025 19:13:18.278;95029
3;04-03-2025 19:11:43.249;04-03-2025 19:13:23.269;100020
1;04-03-2025 19:13:17.316;04-03-2025 19:13:25.791;8475
3;04-03-2025 19:11:43.249;04-03-2025 19:13:28.273;105024
3;04-03-2025 19:11:43.249;04-03-2025 19:13:33.261;110012
1;04-03-2025 19:13:17.316;04-03-2025 19:13:37.709;20393
3;04-03-2025 19:11:43.249;04-03-2025 19:13:38.265;115016
3;04-03-2025 19:11:43.249;04-03-2025 19:13:43.268;120019
1;04-03-2025 19:13:17.316;04-03-2025 19:13:43.949;26633
3;04-03-2025 19:11:43.249;04-03-2025 19:13:48.271;125022
1;04-03-2025 19:13:17.316;04-03-2025 19:13:51.340;34024
3;04-03-2025 19:11:43.249;04-03-2025 19:13:53.260;130011
1;04-03-2025 19:13:17.316;04-03-2025 19:13:54.135;36819
3;04-03-2025 19:11:43.249;04-03-2025 19:13:58.267;135018
3;04-03-2025 19:11:43.249;04-03-2025 19:14:03.272;140023
3;04-03-2025 19:11:43.249;04-03-2025 19:14:08.261;145012
1;04-03-2025 19:13:56.870;04-03-2025 19:14:22.303;25433
3;04-03-2025 19:14:23.234;04-03-2025 19:14:23.285;51
3;04-03-2025 19:14:23.234;04-03-2025 19:14:23.333;99
3;04-03-2025 19:14:23.234;04-03-2025 19:14:28.275;5041
1;04-03-2025 19:13:56.870;04-03-2025 19:14:30.905;34035
3;04-03-2025 19:14:23.234;04-03-2025 19:14:33.265;10031
1;04-03-2025 19:13:56.870;04-03-2025 19:14:33.504;36634
3;04-03-2025 19:14:23.234;04-03-2025 19:14:38.271;15037
1;04-03-2025 19:13:56.870;04-03-2025 19:14:41.201;44331
3;04-03-2025 19:14:23.234;04-03-2025 19:14:43.275;20041
1;04-03-2025 19:13:56.870;04-03-2025 19:14:46.445;49575
3;04-03-2025 19:14:23.234;04-03-2025 19:14:48.263;25029
1;04-03-2025 19:13:56.870;04-03-2025 19:14:50.787;53917
3;04-03-2025 19:14:23.234;04-03-2025 19:14:53.270;30036
3;04-03-2025 19:14:23.234;04-03-2025 19:14:58.275;35041
1;04-03-2025 19:13:56.870;04-03-2025 19:15:00.427;63557
3;04-03-2025 19:14:23.234;04-03-2025 19:15:03.261;40027
3;04-03-2025 19:14:23.234;04-03-2025 19:15:08.264;45030
3;04-03-2025 19:14:23.234;04-03-2025 19:15:13.270;50036
1;04-03-2025 19:13:56.870;04-03-2025 19:15:16.665;79795
3;04-03-2025 19:14:23.234;04-03-2025 19:15:18.264;55030
1;04-03-2025 19:13:56.870;04-03-2025 19:15:22.190;85320
3;04-03-2025 19:14:23.234;04-03-2025 19:15:23.272;60038
1;04-03-2025 19:13:56.870;04-03-2025 19:15:26.190;89320
3;04-03-2025 19:14:23.234;04-03-2025 19:15:28.275;65041
1;04-03-2025 19:13:56.870;04-03-2025 19:15:29.885;93015
3;04-03-2025 19:14:23.234;04-03-2025 19:15:33.266;70032
2;04-03-2025 19:15:33.178;04-03-2025 19:15:36.873;3695
3;04-03-2025 19:14:23.234;04-03-2025 19:15:38.270;75036
1;04-03-2025 19:13:56.870;04-03-2025 19:15:38.585;101715
3;04-03-2025 19:14:23.234;04-03-2025 19:15:43.273;80039
1;04-03-2025 19:13:56.870;04-03-2025 19:15:48.049;111179
3;04-03-2025 19:14:23.234;04-03-2025 19:15:48.279;85045
1;04-03-2025 19:13:56.870;04-03-2025 19:15:51.197;114327
3;04-03-2025 19:14:23.234;04-03-2025 19:15:53.267;90033
3;04-03-2025 19:14:23.234;04-03-2025 19:15:58.272;95038
3;04-03-2025 19:14:23.234;04-03-2025 19:16:03.263;100029
3;04-03-2025 19:14:23.234;04-03-2025 19:16:08.267;105033
3;04-03-2025 19:14:23.234;04-03-2025 19:16:13.269;110035
3;04-03-2025 19:14:23.234;04-03-2025 19:16:18.276;115042
3;04-03-2025 19:14:23.234;04-03-2025 19:16:23.266;120032
3;04-03-2025 19:14:23.234;04-03-2025 19:16:28.272;125038
1;04-03-2025 19:13:56.870;04-03-2025 19:16:41.451;164581
3;04-03-2025 19:16:43.236;04-03-2025 19:16:43.279;43
3;04-03-2025 19:16:43.236;04-03-2025 19:16:43.325;89
1;04-03-2025 19:13:56.870;04-03-2025 19:16:46.185;169315
3;04-03-2025 19:16:43.236;04-03-2025 19:16:48.271;5035
3;04-03-2025 19:16:43.236;04-03-2025 19:16:53.274;10038
3;04-03-2025 19:16:43.236;04-03-2025 19:16:58.263;15027
3;04-03-2025 19:16:43.236;04-03-2025 19:17:03.270;20034
3;04-03-2025 19:16:43.236;04-03-2025 19:17:08.274;25038
1;04-03-2025 19:13:56.870;04-03-2025 19:17:21.123;204253
3;04-03-2025 19:17:23.235;04-03-2025 19:17:23.271;36
3;04-03-2025 19:17:23.235;04-03-2025 19:17:23.320;85
3;04-03-2025 19:17:38.238;04-03-2025 19:17:38.285;47
3;04-03-2025 19:17:38.238;04-03-2025 19:17:38.332;94
3;04-03-2025 19:17:38.238;04-03-2025 19:17:43.274;5036
3;04-03-2025 19:17:38.238;04-03-2025 19:17:48.267;10029
3;04-03-2025 19:17:38.238;04-03-2025 19:17:53.267;15029
1;04-03-2025 19:13:56.870;04-03-2025 19:17:58.092;241222
3;04-03-2025 19:17:38.238;04-03-2025 19:17:58.274;20036
1;04-03-2025 19:13:56.870;04-03-2025 19:18:00.720;243850
3;04-03-2025 19:17:38.238;04-03-2025 19:18:03.277;25039
3;04-03-2025 19:17:38.238;04-03-2025 19:18:08.266;30028
3;04-03-2025 19:17:38.238;04-03-2025 19:18:13.271;35033
1;04-03-2025 19:13:56.870;04-03-2025 19:18:15.983;259113
3;04-03-2025 19:17:38.238;04-03-2025 19:18:18.277;40039
1;04-03-2025 19:13:56.870;04-03-2025 19:18:21.213;264343
3;04-03-2025 19:17:38.238;04-03-2025 19:18:23.266;45028
3;04-03-2025 19:17:38.238;04-03-2025 19:18:28.272;50034
1;04-03-2025 19:13:56.870;04-03-2025 19:18:30.490;273620
0;04-03-2025 19:18:00.917;04-03-2025 19:18:30.873;29956
3;04-03-2025 19:17:38.238;04-03-2025 19:18:33.277;55039
3;04-03-2025 19:17:38.238;04-03-2025 19:18:38.266;60028
3;04-03-2025 19:17:38.238;04-03-2025 19:18:43.269;65031
3;04-03-2025 19:17:38.238;04-03-2025 19:18:48.276;70038
1;04-03-2025 19:18:31.444;04-03-2025 19:18:49.545;18101
3;04-03-2025 19:17:38.238;04-03-2025 19:18:53.277;75039
0;04-03-2025 19:18:49.955;04-03-2025 19:18:53.432;3477
3;04-03-2025 19:17:38.238;04-03-2025 19:18:58.268;80030
1;04-03-2025 19:18:54.731;04-03-2025 19:18:58.982;4251
3;04-03-2025 19:17:38.238;04-03-2025 19:19:03.274;85036
1;04-03-2025 19:18:54.731;04-03-2025 19:19:06.002;11271
3;04-03-2025 19:17:38.238;04-03-2025 19:19:08.278;90040
3;04-03-2025 19:17:38.238;04-03-2025 19:19:13.267;95029
3;04-03-2025 19:17:38.238;04-03-2025 19:19:18.268;100030
3;04-03-2025 19:17:38.238;04-03-2025 19:19:23.257;105019
3;04-03-2025 19:17:38.238;04-03-2025 19:19:28.276;110038
1;04-03-2025 19:18:54.731;04-03-2025 19:19:30.783;36052
3;04-03-2025 19:17:38.238;04-03-2025 19:19:33.264;115026
3;04-03-2025 19:17:38.238;04-03-2025 19:19:38.271;120033
3;04-03-2025 19:17:38.238;04-03-2025 19:19:43.276;125038
1;04-03-2025 19:19:41.873;04-03-2025 19:19:45.766;3893
3;04-03-2025 19:17:38.238;04-03-2025 19:19:48.265;130027
3;04-03-2025 19:17:38.238;04-03-2025 19:19:53.273;135035
2;04-03-2025 19:19:31.210;04-03-2025 19:19:56.956;25746
3;04-03-2025 19:17:38.238;04-03-2025 19:19:58.275;140037
2;04-03-2025 19:19:59.783;04-03-2025 19:20:00.982;1199
3;04-03-2025 19:17:38.238;04-03-2025 19:20:03.276;145038
2;04-03-2025 19:20:04.359;04-03-2025 19:20:06.307;1948
3;04-03-2025 19:17:38.238;04-03-2025 19:20:08.264;150026
1;04-03-2025 19:19:41.873;04-03-2025 19:20:12.241;30368
3;04-03-2025 19:17:38.238;04-03-2025 19:20:13.254;155016
1;04-03-2025 19:19:41.873;04-03-2025 19:20:17.773;35900
3;04-03-2025 19:17:38.238;04-03-2025 19:20:18.273;160035
1;04-03-2025 19:19:41.873;04-03-2025 19:20:19.901;38028
3;04-03-2025 19:17:38.238;04-03-2025 19:20:23.263;165025
3;04-03-2025 19:17:38.238;04-03-2025 19:20:28.271;170033
3;04-03-2025 19:17:38.238;04-03-2025 19:20:33.273;175035
0;04-03-2025 19:20:21.722;04-03-2025 19:20:38.126;16404
3;04-03-2025 19:17:38.238;04-03-2025 19:20:38.265;180027
3;04-03-2025 19:20:53.237;04-03-2025 19:20:53.282;45
3;04-03-2025 19:20:53.237;04-03-2025 19:20:53.330;93
1;04-03-2025 19:20:40.793;04-03-2025 19:20:57.260;16467
3;04-03-2025 19:20:53.237;04-03-2025 19:20:58.271;5034
1;04-03-2025 19:21:00.568;04-03-2025 19:21:01.456;888
3;04-03-2025 19:21:13.237;04-03-2025 19:21:13.288;51
3;04-03-2025 19:21:13.237;04-03-2025 19:21:13.335;98
3;04-03-2025 19:21:28.227;04-03-2025 19:21:28.269;42
2;04-03-2025 19:20:47.062;04-03-2025 19:21:32.982;45920
3;04-03-2025 19:21:28.227;04-03-2025 19:21:33.275;5048
3;04-03-2025 19:21:28.227;04-03-2025 19:21:38.265;10038
3;04-03-2025 19:21:28.227;04-03-2025 19:21:43.271;15044
3;04-03-2025 19:21:58.235;04-03-2025 19:21:58.282;47
3;04-03-2025 19:21:58.235;04-03-2025 19:21:58.330;95
3;04-03-2025 19:21:58.235;04-03-2025 19:22:03.274;5039
3;04-03-2025 19:21:58.235;04-03-2025 19:22:08.263;10028
3;04-03-2025 19:21:58.235;04-03-2025 19:22:13.270;15035
1;04-03-2025 19:21:26.063;04-03-2025 19:22:16.734;50671
3;04-03-2025 19:21:58.235;04-03-2025 19:22:18.276;20041
1;04-03-2025 19:21:26.063;04-03-2025 19:22:19.613;53550
3;04-03-2025 19:21:58.235;04-03-2025 19:22:23.261;25026
3;04-03-2025 19:21:58.235;04-03-2025 19:22:28.270;30035
3;04-03-2025 19:21:58.235;04-03-2025 19:22:33.274;35039
3;04-03-2025 19:21:58.235;04-03-2025 19:22:38.262;40027
3;04-03-2025 19:21:58.235;04-03-2025 19:22:43.267;45032
3;04-03-2025 19:21:58.235;04-03-2025 19:22:48.271;50036
1;04-03-2025 19:22:31.241;04-03-2025 19:22:51.018;19777
3;04-03-2025 19:21:58.235;04-03-2025 19:22:53.290;55055
1;04-03-2025 19:22:55.902;04-03-2025 19:22:56.257;355
3;04-03-2025 19:21:58.235;04-03-2025 19:22:58.267;60032
1;04-03-2025 19:22:55.902;04-03-2025 19:22:58.533;2631
3;04-03-2025 19:21:58.235;04-03-2025 19:23:03.270;65035
3;04-03-2025 19:21:58.235;04-03-2025 19:23:08.263;70028
3;04-03-2025 19:21:58.235;04-03-2025 19:23:13.265;75030
3;04-03-2025 19:21:58.235;04-03-2025 19:23:18.269;80034
1;04-03-2025 19:23:14.908;04-03-2025 19:23:20.935;6027
3;04-03-2025 19:21:58.235;04-03-2025 19:23:23.261;85026
3;04-03-2025 19:21:58.235;04-03-2025 19:23:28.260;90025
3;04-03-2025 19:21:58.235;04-03-2025 19:23:33.267;95032
3;04-03-2025 19:21:58.235;04-03-2025 19:23:38.273;100038
3;04-03-2025 19:21:58.235;04-03-2025 19:23:43.278;105043
3;04-03-2025 19:21:58.235;04-03-2025 19:23:48.266;110031
3;04-03-2025 19:21:58.235;04-03-2025 19:23:53.272;115037
3;04-03-2025 19:21:58.235;04-03-2025 19:23:58.275;120040
3;04-03-2025 19:21:58.235;04-03-2025 19:24:03.264;125029
3;04-03-2025 19:21:58.235;04-03-2025 19:24:08.271;130036
3;04-03-2025 19:21:58.235;04-03-2025 19:24:13.261;135026
3;04-03-2025 19:21:58.235;04-03-2025 19:24:18.273;140038
3;04-03-2025 19:21:58.235;04-03-2025 19:24:23.274;145039
3;04-03-2025 19:21:58.235;04-03-2025 19:24:28.265;150030
3;04-03-2025 19:21:58.235;04-03-2025 19:24:33.269;155034
3;04-03-2025 19:21:58.235;04-03-2025 19:24:38.275;160040
3;04-03-2025 19:21:58.235;04-03-2025 19:24:43.265;165030
3;04-03-2025 19:21:58.235;04-03-2025 19:24:48.269;170034
3;04-03-2025 19:21:58.235;04-03-2025 19:24:53.276;175041
3;04-03-2025 19:21:58.235;04-03-2025 19:24:58.264;180029
3;04-03-2025 19:21:58.235;04-03-2025 19:25:03.269;185034
1;04-03-2025 19:24:31.117;04-03-2025 19:25:06.307;35190
3;04-03-2025 19:21:58.235;04-03-2025 19:25:08.274;190039
3;04-03-2025 19:21:58.235;04-03-2025 19:25:13.275;195040
1;04-03-2025 19:25:11.553;04-03-2025 19:25:16.865;5312
3;04-03-2025 19:21:58.235;04-03-2025 19:25:18.266;200031
3;04-03-2025 19:21:58.235;04-03-2025 19:25:23.269;205034
3;04-03-2025 19:21:58.235;04-03-2025 19:25:28.272;210037
1;04-03-2025 19:25:28.282;04-03-2025 19:25:30.857;2575
3;04-03-2025 19:21:58.235;04-03-2025 19:25:33.263;215028
3;04-03-2025 19:21:58.235;04-03-2025 19:25:38.264;220029
3;04-03-2025 19:21:58.235;04-03-2025 19:25:43.272;225037
3;04-03-2025 19:21:58.235;04-03-2025 19:25:48.262;230027
3;04-03-2025 19:21:58.235;04-03-2025 19:25:53.269;235034
3;04-03-2025 19:21:58.235;04-03-2025 19:25:58.272;240037
3;04-03-2025 19:21:58.235;04-03-2025 19:26:03.260;245025
3;04-03-2025 19:21:58.235;04-03-2025 19:26:08.267;250032
3;04-03-2025 19:21:58.235;04-03-2025 19:26:13.271;255036
3;04-03-2025 19:21:58.235;04-03-2025 19:26:18.274;260039
3;04-03-2025 19:21:58.235;04-03-2025 19:26:23.264;265029
3;04-03-2025 19:21:58.235;04-03-2025 19:26:28.264;270029
3;04-03-2025 19:21:58.235;04-03-2025 19:26:33.270;275035
3;04-03-2025 19:21:58.235;04-03-2025 19:26:38.295;280060
3;04-03-2025 19:21:58.235;04-03-2025 19:26:43.263;285028
3;04-03-2025 19:21:58.235;04-03-2025 19:26:48.267;290032
3;04-03-2025 19:21:58.235;04-03-2025 19:26:53.274;295039
1;04-03-2025 19:25:50.835;04-03-2025 19:26:55.589;64754
3;04-03-2025 19:21:58.235;04-03-2025 19:26:58.265;300030
1;04-03-2025 19:25:50.835;04-03-2025 19:26:58.803;67968
3;04-03-2025 19:21:58.235;04-03-2025 19:27:03.267;305032
1;04-03-2025 19:25:50.835;04-03-2025 19:27:05.309;74474
3;04-03-2025 19:21:58.235;04-03-2025 19:27:08.260;310025
3;04-03-2025 19:21:58.235;04-03-2025 19:27:13.265;315030
3;04-03-2025 19:21:58.235;04-03-2025 19:27:18.272;320037
1;04-03-2025 19:25:50.835;04-03-2025 19:27:20.778;89943
3;04-03-2025 19:21:58.235;04-03-2025 19:27:23.264;325029
3;04-03-2025 19:21:58.235;04-03-2025 19:27:28.271;330036
3;04-03-2025 19:21:58.235;04-03-2025 19:27:33.276;335041
3;04-03-2025 19:21:58.235;04-03-2025 19:27:38.267;340032
1;04-03-2025 19:27:37.686;04-03-2025 19:27:42.850;5164
3;04-03-2025 19:21:58.235;04-03-2025 19:27:43.272;345037
2;04-03-2025 19:27:36.180;04-03-2025 19:27:43.506;7326
3;04-03-2025 19:21:58.235;04-03-2025 19:27:48.274;350039
3;04-03-2025 19:21:58.235;04-03-2025 19:27:53.282;355047
3;04-03-2025 19:21:58.235;04-03-2025 19:27:58.270;360035
3;04-03-2025 19:21:58.235;04-03-2025 19:28:03.274;365039
1;04-03-2025 19:27:50.364;04-03-2025 19:28:06.082;15718
3;04-03-2025 19:21:58.235;04-03-2025 19:28:08.265;370030
3;04-03-2025 19:21:58.235;04-03-2025 19:28:13.267;375032
3;04-03-2025 19:21:58.235;04-03-2025 19:28:18.271;380036
3;04-03-2025 19:21:58.235;04-03-2025 19:28:23.265;385030
1;04-03-2025 19:27:50.364;04-03-2025 19:28:26.865;36501
3;04-03-2025 19:21:58.235;04-03-2025 19:28:28.268;390033
3;04-03-2025 19:21:58.235;04-03-2025 19:28:33.274;395039
3;04-03-2025 19:21:58.235;04-03-2025 19:28:38.263;400028
3;04-03-2025 19:21:58.235;04-03-2025 19:28:43.265;405030
3;04-03-2025 19:21:58.235;04-03-2025 19:28:48.269;410034
3;04-03-2025 19:21:58.235;04-03-2025 19:28:53.276;415041
0;04-03-2025 19:28:49.053;04-03-2025 19:28:57.601;8548
3;04-03-2025 19:21:58.235;04-03-2025 19:28:58.272;420037
3;04-03-2025 19:21:58.235;04-03-2025 19:29:03.269;425034
0;04-03-2025 19:28:59.750;04-03-2025 19:29:08.079;8329
3;04-03-2025 19:21:58.235;04-03-2025 19:29:08.275;430040
0;04-03-2025 19:29:12.669;04-03-2025 19:29:13.018;349
3;04-03-2025 19:21:58.235;04-03-2025 19:29:13.265;435030
3;04-03-2025 19:21:58.235;04-03-2025 19:29:18.271;440036
3;04-03-2025 19:21:58.235;04-03-2025 19:29:23.262;445027
3;04-03-2025 19:21:58.235;04-03-2025 19:29:28.271;450036
3;04-03-2025 19:21:58.235;04-03-2025 19:29:33.273;455038
2;04-03-2025 19:29:35.046;04-03-2025 19:29:41.232;6186
0;04-03-2025 19:29:40.833;04-03-2025 19:29:41.264;431
3;04-03-2025 19:29:48.233;04-03-2025 19:29:48.328;95
3;04-03-2025 19:29:48.233;04-03-2025 19:29:48.379;146
2;04-03-2025 19:29:35.046;04-03-2025 19:29:52.061;17015
3;04-03-2025 19:29:48.233;04-03-2025 19:29:53.273;5040
2;04-03-2025 19:29:52.323;04-03-2025 19:29:56.196;3873
3;04-03-2025 19:29:48.233;04-03-2025 19:29:58.290;10057
3;04-03-2025 19:29:48.233;04-03-2025 19:30:03.267;15034
2;04-03-2025 19:29:57.784;04-03-2025 19:30:07.148;9364
3;04-03-2025 19:29:48.233;04-03-2025 19:30:08.274;20041
2;04-03-2025 19:29:57.784;04-03-2025 19:30:12.704;14920
3;04-03-2025 19:29:48.233;04-03-2025 19:30:13.264;25031
3;04-03-2025 19:29:48.233;04-03-2025 19:30:18.266;30033
3;04-03-2025 19:29:48.233;04-03-2025 19:30:23.274;35041
3;04-03-2025 19:29:48.233;04-03-2025 19:30:28.262;40029
3;04-03-2025 19:29:48.233;04-03-2025 19:30:33.265;45032
3;04-03-2025 19:29:48.233;04-03-2025 19:30:38.274;50041
3;04-03-2025 19:29:48.233;04-03-2025 19:30:43.261;55028
0;04-03-2025 19:30:36.838;04-03-2025 19:30:47.570;10732
2;04-03-2025 19:30:36.600;04-03-2025 19:30:47.682;11082
3;04-03-2025 19:29:48.233;04-03-2025 19:30:48.264;60031
1;04-03-2025 19:30:51.268;04-03-2025 19:30:53.319;2051
3;04-03-2025 19:31:03.234;04-03-2025 19:31:03.278;44
3;04-03-2025 19:31:13.301;04-03-2025 19:31:13.354;53
3;04-03-2025 19:31:13.301;04-03-2025 19:31:13.400;99
3;04-03-2025 19:31:13.301;04-03-2025 19:31:18.264;4963
3;04-03-2025 19:31:13.301;04-03-2025 19:31:23.268;9967
1;04-03-2025 19:31:23.926;04-03-2025 19:31:26.123;2197
0;04-03-2025 19:31:16.747;04-03-2025 19:31:27.835;11088
3;04-03-2025 19:31:13.301;04-03-2025 19:31:28.272;14971
3;04-03-2025 19:31:13.301;04-03-2025 19:31:33.264;19963
3;04-03-2025 19:31:13.301;04-03-2025 19:31:38.269;24968
3;04-03-2025 19:31:13.301;04-03-2025 19:31:43.275;29974
3;04-03-2025 19:31:13.301;04-03-2025 19:31:48.265;34964
2;04-03-2025 19:31:36.662;04-03-2025 19:31:51.661;14999
3;04-03-2025 19:31:13.301;04-03-2025 19:31:53.267;39966
2;04-03-2025 19:31:52.385;04-03-2025 19:31:53.371;986
0;04-03-2025 19:31:33.382;04-03-2025 19:31:56.506;23124
3;04-03-2025 19:31:13.301;04-03-2025 19:31:58.271;44970
0;04-03-2025 19:31:33.382;04-03-2025 19:32:00.697;27315
2;04-03-2025 19:31:53.979;04-03-2025 19:32:00.825;6846
3;04-03-2025 19:31:13.301;04-03-2025 19:32:03.263;49962
3;04-03-2025 19:31:13.301;04-03-2025 19:32:08.268;54967
1;04-03-2025 19:31:23.926;04-03-2025 19:32:12.021;48095
3;04-03-2025 19:31:13.301;04-03-2025 19:32:13.273;59972
3;04-03-2025 19:31:13.301;04-03-2025 19:32:18.262;64961
2;04-03-2025 19:32:15.679;04-03-2025 19:32:21.150;5471
3;04-03-2025 19:31:13.301;04-03-2025 19:32:23.269;69968
2;04-03-2025 19:32:15.679;04-03-2025 19:32:27.548;11869
3;04-03-2025 19:31:13.301;04-03-2025 19:32:28.273;74972
1;04-03-2025 19:31:23.926;04-03-2025 19:32:31.137;67211
3;04-03-2025 19:31:13.301;04-03-2025 19:32:33.274;79973
1;04-03-2025 19:31:23.926;04-03-2025 19:32:36.289;72363
3;04-03-2025 19:31:13.301;04-03-2025 19:32:38.263;84962
3;04-03-2025 19:31:13.301;04-03-2025 19:32:43.272;89971
1;04-03-2025 19:31:23.926;04-03-2025 19:32:45.809;81883
3;04-03-2025 19:31:13.301;04-03-2025 19:32:48.273;94972
2;04-03-2025 19:32:43.983;04-03-2025 19:32:50.773;6790
3;04-03-2025 19:31:13.301;04-03-2025 19:32:53.262;99961
3;04-03-2025 19:31:13.301;04-03-2025 19:32:58.270;104969
2;04-03-2025 19:32:53.713;04-03-2025 19:33:01.173;7460
3;04-03-2025 19:31:13.301;04-03-2025 19:33:03.258;109957
1;04-03-2025 19:31:23.926;04-03-2025 19:33:07.429;103503
3;04-03-2025 19:31:13.301;04-03-2025 19:33:08.267;114966
1;04-03-2025 19:31:23.926;04-03-2025 19:33:08.657;104731
2;04-03-2025 19:32:53.713;04-03-2025 19:33:11.920;18207
3;04-03-2025 19:31:13.301;04-03-2025 19:33:13.269;119968
1;04-03-2025 19:31:23.926;04-03-2025 19:33:13.279;109353
3;04-03-2025 19:31:13.301;04-03-2025 19:33:18.273;124972
3;04-03-2025 19:31:13.301;04-03-2025 19:33:23.266;129965
0;04-03-2025 19:33:11.403;04-03-2025 19:33:26.665;15262
3;04-03-2025 19:31:13.301;04-03-2025 19:33:28.269;134968
2;04-03-2025 19:32:53.713;04-03-2025 19:33:32.068;38355
3;04-03-2025 19:31:13.301;04-03-2025 19:33:33.273;139972
2;04-03-2025 19:32:53.713;04-03-2025 19:33:33.971;40258
3;04-03-2025 19:31:13.301;04-03-2025 19:33:38.265;144964
2;04-03-2025 19:32:53.713;04-03-2025 19:33:40.659;46946
3;04-03-2025 19:31:13.301;04-03-2025 19:33:43.269;149968
1;04-03-2025 19:31:23.926;04-03-2025 19:33:43.360;139434
2;04-03-2025 19:32:53.713;04-03-2025 19:33:45.471;51758
3;04-03-2025 19:31:13.301;04-03-2025 19:33:48.278;154977
2;04-03-2025 19:32:53.713;04-03-2025 19:33:50.687;56974
3;04-03-2025 19:31:13.301;04-03-2025 19:33:53.264;159963
1;04-03-2025 19:31:23.926;04-03-2025 19:33:56.361;152435
3;04-03-2025 19:31:13.301;04-03-2025 19:33:58.270;164969
1;04-03-2025 19:31:23.926;04-03-2025 19:34:00.664;156738
3;04-03-2025 19:31:13.301;04-03-2025 19:34:03.261;169960
3;04-03-2025 19:31:13.301;04-03-2025 19:34:08.266;174965
3;04-03-2025 19:31:13.301;04-03-2025 19:34:13.257;179956
3;04-03-2025 19:31:13.301;04-03-2025 19:34:18.261;184960
3;04-03-2025 19:31:13.301;04-03-2025 19:34:23.265;189964
3;04-03-2025 19:31:13.301;04-03-2025 19:34:28.256;194955
3;04-03-2025 19:31:13.301;04-03-2025 19:34:33.261;199960
3;04-03-2025 19:31:13.301;04-03-2025 19:34:38.269;204968
3;04-03-2025 19:31:13.301;04-03-2025 19:34:43.274;209973
2;04-03-2025 19:32:53.713;04-03-2025 19:34:46.239;112526
3;04-03-2025 19:31:13.301;04-03-2025 19:34:48.278;214977
1;04-03-2025 19:34:36.662;04-03-2025 19:34:51.727;15065
3;04-03-2025 19:31:13.301;04-03-2025 19:34:53.269;219968
3;04-03-2025 19:31:13.301;04-03-2025 19:34:58.275;224974
3;04-03-2025 19:31:13.301;04-03-2025 19:35:03.266;229965
3;04-03-2025 19:31:13.301;04-03-2025 19:35:08.267;234966
3;04-03-2025 19:31:13.301;04-03-2025 19:35:13.270;239969
3;04-03-2025 19:31:13.301;04-03-2025 19:35:18.261;244960
3;04-03-2025 19:31:13.301;04-03-2025 19:35:23.265;249964
3;04-03-2025 19:31:13.301;04-03-2025 19:35:28.269;254968
3;04-03-2025 19:31:13.301;04-03-2025 19:35:33.262;259961
3;04-03-2025 19:31:13.301;04-03-2025 19:35:38.268;264967
3;04-03-2025 19:31:13.301;04-03-2025 19:35:43.260;269959
3;04-03-2025 19:31:13.301;04-03-2025 19:35:48.263;274962
0;04-03-2025 19:35:49.027;04-03-2025 19:35:51.002;1975
3;04-03-2025 19:31:13.301;04-03-2025 19:35:53.264;279963
1;04-03-2025 19:35:47.217;04-03-2025 19:35:56.024;8807
3;04-03-2025 19:31:13.301;04-03-2025 19:35:58.271;284970
3;04-03-2025 19:31:13.301;04-03-2025 19:36:03.276;289975
3;04-03-2025 19:31:13.301;04-03-2025 19:36:08.265;294964
3;04-03-2025 19:31:13.301;04-03-2025 19:36:13.271;299970
3;04-03-2025 19:31:13.301;04-03-2025 19:36:18.279;304978
3;04-03-2025 19:31:13.301;04-03-2025 19:36:23.268;309967
1;04-03-2025 19:35:47.217;04-03-2025 19:36:38.300;51083
3;04-03-2025 19:36:38.235;04-03-2025 19:36:38.311;76
3;04-03-2025 19:36:38.235;04-03-2025 19:36:38.359;124
0;04-03-2025 19:36:20.255;04-03-2025 19:36:41.183;20928
3;04-03-2025 19:36:38.235;04-03-2025 19:36:43.269;5034
3;04-03-2025 19:36:38.235;04-03-2025 19:36:48.261;10026
1;04-03-2025 19:36:41.919;04-03-2025 19:36:50.893;8974
3;04-03-2025 19:36:38.235;04-03-2025 19:36:53.269;15034
3;04-03-2025 19:36:38.235;04-03-2025 19:36:58.274;20039
1;04-03-2025 19:36:41.919;04-03-2025 19:36:58.384;16465
3;04-03-2025 19:36:38.235;04-03-2025 19:37:03.264;25029
3;04-03-2025 19:36:38.235;04-03-2025 19:37:08.269;30034
1;04-03-2025 19:37:03.917;04-03-2025 19:37:13.090;9173
1;04-03-2025 19:37:03.917;04-03-2025 19:37:13.266;9349
3;04-03-2025 19:36:38.235;04-03-2025 19:37:13.277;35042
3;04-03-2025 19:36:38.235;04-03-2025 19:37:18.264;40029
3;04-03-2025 19:36:38.235;04-03-2025 19:37:23.268;45033
3;04-03-2025 19:36:38.235;04-03-2025 19:37:28.271;50036
3;05-03-2025 00:07:33.248;05-03-2025 00:07:38.275;5027
3;05-03-2025 00:07:33.248;05-03-2025 00:07:43.265;10017
3;05-03-2025 00:07:33.248;05-03-2025 00:07:48.270;15022
3;05-03-2025 00:07:33.248;05-03-2025 00:07:53.274;20026
3;05-03-2025 00:07:33.248;05-03-2025 00:07:58.264;25016
3;05-03-2025 00:07:33.248;05-03-2025 00:08:03.272;30024
3;05-03-2025 00:07:33.248;05-03-2025 00:08:08.261;35013
3;05-03-2025 00:07:33.248;05-03-2025 00:08:13.269;40021
3;05-03-2025 00:07:33.248;05-03-2025 00:08:18.272;45024
3;05-03-2025 00:07:33.248;05-03-2025 00:08:23.277;50029
1;05-03-2025 00:08:22.880;05-03-2025 00:08:26.982;4102
3;05-03-2025 00:07:33.248;05-03-2025 00:08:28.252;55004
3;05-03-2025 00:07:33.248;05-03-2025 00:08:33.269;60021
1;05-03-2025 00:08:35.072;05-03-2025 00:08:35.632;560
2;05-03-2025 00:08:35.489;05-03-2025 00:08:36.952;1463
3;05-03-2025 00:07:33.248;05-03-2025 00:08:38.275;65027
1;05-03-2025 00:08:35.072;05-03-2025 00:08:40.725;5653
3;05-03-2025 00:07:33.248;05-03-2025 00:08:43.266;70018
1;05-03-2025 00:08:35.072;05-03-2025 00:08:45.516;10444
0;05-03-2025 00:08:38.789;05-03-2025 00:08:45.692;6903
2;05-03-2025 00:08:35.489;05-03-2025 00:08:47.081;11592
3;05-03-2025 00:07:33.248;05-03-2025 00:08:48.271;75023
3;05-03-2025 00:07:33.248;05-03-2025 00:08:53.262;80014
0;05-03-2025 00:08:48.804;05-03-2025 00:08:53.328;4524
1;05-03-2025 00:08:35.072;05-03-2025 00:08:55.336;20264
3;05-03-2025 00:07:33.248;05-03-2025 00:08:58.266;85018
3;05-03-2025 00:07:33.248;05-03-2025 00:09:03.269;90021
1;05-03-2025 00:08:35.072;05-03-2025 00:09:06.735;31663
3;05-03-2025 00:07:33.248;05-03-2025 00:09:08.286;95038
3;05-03-2025 00:07:33.248;05-03-2025 00:09:13.266;100018
3;05-03-2025 00:07:33.248;05-03-2025 00:09:18.270;105022
3;05-03-2025 00:07:33.248;05-03-2025 00:09:23.261;110013
3;05-03-2025 00:07:33.248;05-03-2025 00:09:28.265;115017
3;05-03-2025 00:07:33.248;05-03-2025 00:09:33.270;120022
3;05-03-2025 00:07:33.248;05-03-2025 00:09:38.258;125010
3;05-03-2025 00:07:33.248;05-03-2025 00:09:43.277;130029
3;05-03-2025 00:07:33.248;05-03-2025 00:09:48.265;135017
3;05-03-2025 00:07:33.248;05-03-2025 00:09:53.271;140023
3;05-03-2025 00:07:33.248;05-03-2025 00:09:58.276;145028
1;05-03-2025 00:09:20.952;05-03-2025 00:10:01.625;40673
3;05-03-2025 00:07:33.248;05-03-2025 00:10:03.264;150016
3;05-03-2025 00:07:33.248;05-03-2025 00:10:08.269;155021
3;05-03-2025 00:07:33.248;05-03-2025 00:10:13.270;160022
3;05-03-2025 00:07:33.248;05-03-2025 00:10:18.277;165029
3;05-03-2025 00:07:33.248;05-03-2025 00:10:23.268;170020
3;05-03-2025 00:07:33.248;05-03-2025 00:10:28.273;175025
3;05-03-2025 00:07:33.248;05-03-2025 00:10:33.274;180026
3;05-03-2025 00:07:33.248;05-03-2025 00:10:38.289;185041
3;05-03-2025 00:07:33.248;05-03-2025 00:10:43.268;190020
3;05-03-2025 00:07:33.248;05-03-2025 00:10:48.273;195025
3;05-03-2025 00:07:33.248;05-03-2025 00:10:53.263;200015
3;05-03-2025 00:07:33.248;05-03-2025 00:10:58.266;205018
3;05-03-2025 00:07:33.248;05-03-2025 00:11:03.274;210026
3;05-03-2025 00:07:33.248;05-03-2025 00:11:08.277;215029
3;05-03-2025 00:07:33.248;05-03-2025 00:11:13.265;220017
3;05-03-2025 00:07:33.248;05-03-2025 00:11:18.272;225024
3;05-03-2025 00:07:33.248;05-03-2025 00:11:23.262;230014
3;05-03-2025 00:07:33.248;05-03-2025 00:11:28.270;235022
3;05-03-2025 00:07:33.248;05-03-2025 00:11:33.274;240026
3;05-03-2025 00:07:33.248;05-03-2025 00:11:38.264;245016
3;05-03-2025 00:07:33.248;05-03-2025 00:11:43.271;250023
3;05-03-2025 00:07:33.248;05-03-2025 00:11:48.279;255031
3;05-03-2025 00:07:33.248;05-03-2025 00:11:53.271;260023
3;05-03-2025 00:07:33.248;05-03-2025 00:11:58.276;265028
3;05-03-2025 00:07:33.248;05-03-2025 00:12:03.268;270020
3;05-03-2025 00:07:33.248;05-03-2025 00:12:08.273;275025
3;05-03-2025 00:07:33.248;05-03-2025 00:12:13.276;280028
3;05-03-2025 00:07:33.248;05-03-2025 00:12:18.266;285018
3;05-03-2025 00:07:33.248;05-03-2025 00:12:23.270;290022
3;05-03-2025 00:07:33.248;05-03-2025 00:12:28.274;295026
3;05-03-2025 00:07:33.248;05-03-2025 00:12:33.264;300016
3;05-03-2025 00:07:33.248;05-03-2025 00:12:38.269;305021
3;05-03-2025 00:07:33.248;05-03-2025 00:12:43.261;310013
3;05-03-2025 00:07:33.248;05-03-2025 00:12:48.262;315014
3;05-03-2025 00:07:33.248;05-03-2025 00:12:53.266;320018
3;05-03-2025 00:07:33.248;05-03-2025 00:12:58.269;325021
3;05-03-2025 00:07:33.248;05-03-2025 00:13:03.274;330026
3;05-03-2025 00:07:33.248;05-03-2025 00:13:08.263;335015
2;05-03-2025 00:13:03.204;05-03-2025 00:13:10.369;7165
3;05-03-2025 00:07:33.248;05-03-2025 00:13:13.265;340017
3;05-03-2025 00:07:33.248;05-03-2025 00:13:18.272;345024
3;05-03-2025 00:07:33.248;05-03-2025 00:13:23.276;350028
3;05-03-2025 00:07:33.248;05-03-2025 00:13:30.052;356804
3;05-03-2025 00:07:33.248;05-03-2025 00:13:33.262;360014
3;05-03-2025 00:07:33.248;05-03-2025 00:13:38.269;365021
3;05-03-2025 00:07:33.248;05-03-2025 00:13:43.273;370025
3;05-03-2025 00:07:33.248;05-03-2025 00:13:48.276;375028
3;05-03-2025 00:07:33.248;05-03-2025 00:13:53.265;380017
1;05-03-2025 00:13:56.848;05-03-2025 00:13:56.903;55
3;05-03-2025 00:07:33.248;05-03-2025 00:13:58.270;385022
3;05-03-2025 00:07:33.248;05-03-2025 00:14:03.273;390025
3;05-03-2025 00:07:33.248;05-03-2025 00:14:08.264;395016
3;05-03-2025 00:07:33.248;05-03-2025 00:14:13.268;400020
3;05-03-2025 00:07:33.248;05-03-2025 00:14:18.270;405022
3;05-03-2025 00:07:33.248;05-03-2025 00:14:23.264;410016
3;05-03-2025 00:07:33.248;05-03-2025 00:14:28.265;415017
3;05-03-2025 00:07:33.248;05-03-2025 00:14:33.269;420021
3;05-03-2025 00:07:33.248;05-03-2025 00:14:38.260;425012
3;05-03-2025 00:07:33.248;05-03-2025 00:14:43.264;430016
3;05-03-2025 00:07:33.248;05-03-2025 00:14:48.269;435021
1;05-03-2025 00:14:43.792;05-03-2025 00:14:51.140;7348
3;05-03-2025 00:07:33.248;05-03-2025 00:14:53.273;440025
1;05-03-2025 00:14:43.792;05-03-2025 00:14:56.929;13137
3;05-03-2025 00:07:33.248;05-03-2025 00:14:58.264;445016
3;05-03-2025 00:07:33.248;05-03-2025 00:15:03.274;450026
2;05-03-2025 00:15:02.490;05-03-2025 00:15:05.392;2902
1;05-03-2025 00:14:43.792;05-03-2025 00:15:05.931;22139
3;05-03-2025 00:07:33.248;05-03-2025 00:15:08.272;455024
3;05-03-2025 00:07:33.248;05-03-2025 00:15:13.262;460014
3;05-03-2025 00:07:33.248;05-03-2025 00:15:18.269;465021
3;05-03-2025 00:07:33.248;05-03-2025 00:15:23.273;470025
3;05-03-2025 00:07:33.248;05-03-2025 00:15:28.277;475029
3;05-03-2025 00:07:33.248;05-03-2025 00:15:33.268;480020
3;05-03-2025 00:07:33.248;05-03-2025 00:15:38.273;485025
3;05-03-2025 00:07:33.248;05-03-2025 00:15:43.291;490043
3;05-03-2025 00:07:33.248;05-03-2025 00:15:48.268;495020
3;05-03-2025 00:07:33.248;05-03-2025 00:15:53.275;500027
3;05-03-2025 00:07:33.248;05-03-2025 00:15:58.265;505017
1;05-03-2025 00:15:35.330;05-03-2025 00:16:00.706;25376
3;05-03-2025 00:07:33.248;05-03-2025 00:16:03.267;510019
1;05-03-2025 00:15:35.330;05-03-2025 00:16:06.306;30976
3;05-03-2025 00:07:33.248;05-03-2025 00:16:08.270;515022
3;05-03-2025 00:07:33.248;05-03-2025 00:16:13.275;520027
2;05-03-2025 00:15:02.490;05-03-2025 00:16:16.026;73536
3;05-03-2025 00:07:33.248;05-03-2025 00:16:18.265;525017
3;05-03-2025 00:07:33.248;05-03-2025 00:16:23.268;530020
3;05-03-2025 00:16:38.232;05-03-2025 00:16:38.280;48
3;05-03-2025 00:16:48.306;05-03-2025 00:16:48.361;55
3;05-03-2025 00:16:48.306;05-03-2025 00:16:48.403;97
3;05-03-2025 00:16:48.306;05-03-2025 00:16:53.263;4957
3;05-03-2025 00:16:48.306;05-03-2025 00:16:58.284;9978
3;05-03-2025 00:16:48.306;05-03-2025 00:17:03.271;14965
3;05-03-2025 00:16:48.306;05-03-2025 00:17:08.277;19971
3;05-03-2025 00:16:48.306;05-03-2025 00:17:13.264;24958
1;05-03-2025 00:16:58.116;05-03-2025 00:17:28.018;29902
3;05-03-2025 00:17:28.226;05-03-2025 00:17:28.283;57
3;05-03-2025 00:17:28.226;05-03-2025 00:17:33.268;5042
3;05-03-2025 00:17:28.226;05-03-2025 00:17:38.272;10046
2;05-03-2025 00:16:58.776;05-03-2025 00:17:40.121;41345
3;05-03-2025 00:17:28.226;05-03-2025 00:17:43.261;15035
1;05-03-2025 00:17:47.615;05-03-2025 00:17:50.627;3012
3;05-03-2025 00:17:58.233;05-03-2025 00:17:58.293;60
3;05-03-2025 00:17:58.233;05-03-2025 00:17:58.338;105
3;05-03-2025 00:17:58.233;05-03-2025 00:18:03.264;5031
3;05-03-2025 00:17:58.233;05-03-2025 00:18:08.267;10034
1;05-03-2025 00:18:07.281;05-03-2025 00:18:13.512;6231
0;05-03-2025 00:18:14.880;05-03-2025 00:18:15.525;645
1;05-03-2025 00:18:07.281;05-03-2025 00:18:18.735;11454
3;05-03-2025 00:18:23.236;05-03-2025 00:18:23.281;45
3;05-03-2025 00:18:23.236;05-03-2025 00:18:23.352;116
3;05-03-2025 00:18:23.236;05-03-2025 00:18:28.273;5037
3;05-03-2025 00:18:23.236;05-03-2025 00:18:33.264;10028
3;05-03-2025 00:18:23.236;05-03-2025 00:18:38.255;15019
3;05-03-2025 00:18:23.236;05-03-2025 00:18:43.275;20039
3;05-03-2025 00:18:23.236;05-03-2025 00:18:48.279;25043
3;05-03-2025 00:18:23.236;05-03-2025 00:18:53.271;30035
3;05-03-2025 00:18:23.236;05-03-2025 00:18:58.274;35038
3;05-03-2025 00:18:23.236;05-03-2025 00:19:03.264;40028
3;05-03-2025 00:18:23.236;05-03-2025 00:19:08.269;45033
3;05-03-2025 00:18:23.236;05-03-2025 00:19:13.271;50035
3;05-03-2025 00:18:23.236;05-03-2025 00:19:18.263;55027
3;05-03-2025 00:18:23.236;05-03-2025 00:19:23.266;60030
2;05-03-2025 00:18:37.119;05-03-2025 00:19:26.754;49635
3;05-03-2025 00:18:23.236;05-03-2025 00:19:28.271;65035
1;05-03-2025 00:19:02.811;05-03-2025 00:19:31.192;28381
3;05-03-2025 00:18:23.236;05-03-2025 00:19:33.263;70027
3;05-03-2025 00:18:23.236;05-03-2025 00:19:38.268;75032
3;05-03-2025 00:18:23.236;05-03-2025 00:19:43.273;80037
3;05-03-2025 00:18:23.236;05-03-2025 00:19:48.262;85026
3;05-03-2025 00:20:03.235;05-03-2025 00:20:03.293;58
3;05-03-2025 00:20:03.235;05-03-2025 00:20:03.356;121
3;05-03-2025 00:20:03.235;05-03-2025 00:20:08.271;5036
3;05-03-2025 00:20:03.235;05-03-2025 00:20:13.274;10039
3;05-03-2025 00:20:03.235;05-03-2025 00:20:18.263;15028
0;05-03-2025 00:19:48.639;05-03-2025 00:20:21.329;32690
3;05-03-2025 00:20:03.235;05-03-2025 00:20:23.269;20034
3;05-03-2025 00:20:03.235;05-03-2025 00:20:28.260;25025
3;05-03-2025 00:20:03.235;05-03-2025 00:20:33.263;30028
3;05-03-2025 00:20:48.234;05-03-2025 00:20:48.291;57
3;05-03-2025 00:20:58.312;05-03-2025 00:20:58.363;51
3;05-03-2025 00:20:58.312;05-03-2025 00:20:58.413;101
3;05-03-2025 00:20:58.312;05-03-2025 00:21:03.289;4977
2;05-03-2025 00:20:35.605;05-03-2025 00:21:07.153;31548
3;05-03-2025 00:20:58.312;05-03-2025 00:21:08.262;9950
3;05-03-2025 00:20:58.312;05-03-2025 00:21:13.268;14956
1;05-03-2025 00:21:11.706;05-03-2025 00:21:18.041;6335
3;05-03-2025 00:20:58.312;05-03-2025 00:21:18.272;19960
3;05-03-2025 00:20:58.312;05-03-2025 00:21:23.262;24950
3;05-03-2025 00:20:58.312;05-03-2025 00:21:28.263;29951
3;05-03-2025 00:20:58.312;05-03-2025 00:21:33.268;34956
3;05-03-2025 00:20:58.312;05-03-2025 00:21:38.261;39949
0;05-03-2025 00:21:37.846;05-03-2025 00:21:42.374;4528
3;05-03-2025 00:20:58.312;05-03-2025 00:21:43.263;44951
3;05-03-2025 00:20:58.312;05-03-2025 00:21:48.270;49958
3;05-03-2025 00:20:58.312;05-03-2025 00:21:53.261;54949
3;05-03-2025 00:20:58.312;05-03-2025 00:21:58.278;59966
3;05-03-2025 00:20:58.312;05-03-2025 00:22:03.268;64956
0;05-03-2025 00:21:37.846;05-03-2025 00:22:05.453;27607
3;05-03-2025 00:20:58.312;05-03-2025 00:22:08.258;69946
0;05-03-2025 00:21:37.846;05-03-2025 00:22:08.620;30774
3;05-03-2025 00:20:58.312;05-03-2025 00:22:13.264;74952
0;05-03-2025 00:22:11.140;05-03-2025 00:22:13.491;2351
1;05-03-2025 00:21:59.759;05-03-2025 00:22:18.137;18378
3;05-03-2025 00:20:58.312;05-03-2025 00:22:18.271;79959
0;05-03-2025 00:22:11.140;05-03-2025 00:22:18.593;7453
3;05-03-2025 00:20:58.312;05-03-2025 00:22:23.277;84965
3;05-03-2025 00:20:58.312;05-03-2025 00:22:28.267;89955
3;05-03-2025 00:20:58.312;05-03-2025 00:22:33.274;94962
3;05-03-2025 00:20:58.312;05-03-2025 00:22:38.277;99965
3;05-03-2025 00:22:53.235;05-03-2025 00:22:53.276;41
3;05-03-2025 00:22:53.235;05-03-2025 00:22:53.325;90
3;05-03-2025 00:22:53.235;05-03-2025 00:22:58.268;5033
3;05-03-2025 00:22:53.235;05-03-2025 00:23:03.270;10035
3;05-03-2025 00:22:53.235;05-03-2025 00:23:08.279;15044
3;05-03-2025 00:22:53.235;05-03-2025 00:23:13.265;20030
0;05-03-2025 00:22:11.140;05-03-2025 00:23:15.625;64485
1;05-03-2025 00:23:13.792;05-03-2025 00:23:16.199;2407
3;05-03-2025 00:22:53.235;05-03-2025 00:23:18.270;25035
0;05-03-2025 00:22:11.140;05-03-2025 00:23:20.615;69475
3;05-03-2025 00:22:53.235;05-03-2025 00:23:23.277;30042
3;05-03-2025 00:22:53.235;05-03-2025 00:23:28.264;35029
1;05-03-2025 00:23:13.792;05-03-2025 00:23:30.558;16766
0;05-03-2025 00:23:21.254;05-03-2025 00:23:31.946;10692
3;05-03-2025 00:22:53.235;05-03-2025 00:23:33.268;40033
3;05-03-2025 00:22:53.235;05-03-2025 00:23:38.260;45025
0;05-03-2025 00:23:21.254;05-03-2025 00:23:38.653;17399
3;05-03-2025 00:22:53.235;05-03-2025 00:23:43.264;50029
3;05-03-2025 00:22:53.235;05-03-2025 00:23:48.267;55032
3;05-03-2025 00:22:53.235;05-03-2025 00:23:53.269;60034
3;05-03-2025 00:22:53.235;05-03-2025 00:23:58.276;65041
3;05-03-2025 00:22:53.235;05-03-2025 00:24:03.265;70030
3;05-03-2025 00:24:18.232;05-03-2025 00:24:18.298;66
3;05-03-2025 00:24:18.232;05-03-2025 00:24:18.357;125
3;05-03-2025 00:24:18.232;05-03-2025 00:24:23.266;5034
3;05-03-2025 00:24:18.232;05-03-2025 00:24:28.272;10040
3;05-03-2025 00:24:18.232;05-03-2025 00:24:33.274;15042
3;05-03-2025 00:24:18.232;05-03-2025 00:24:38.267;20035
3;05-03-2025 00:24:18.232;05-03-2025 00:24:43.271;25039
1;05-03-2025 00:24:43.880;05-03-2025 00:24:47.662;3782
3;05-03-2025 00:24:18.232;05-03-2025 00:24:48.261;30029
3;05-03-2025 00:24:18.232;05-03-2025 00:24:53.266;35034
0;05-03-2025 00:24:35.331;05-03-2025 00:24:56.008;20677
3;05-03-2025 00:24:18.232;05-03-2025 00:24:58.270;40038
1;05-03-2025 00:24:43.880;05-03-2025 00:24:58.349;14469
3;05-03-2025 00:24:18.232;05-03-2025 00:25:03.260;45028
3;05-03-2025 00:24:18.232;05-03-2025 00:25:08.264;50032
3;05-03-2025 00:24:18.232;05-03-2025 00:25:13.266;55034
1;05-03-2025 00:25:15.500;05-03-2025 00:25:15.981;481
0;05-03-2025 00:24:35.331;05-03-2025 00:25:16.717;41386
3;05-03-2025 00:24:18.232;05-03-2025 00:25:18.273;60041
3;05-03-2025 00:24:18.232;05-03-2025 00:25:23.263;65031
3;05-03-2025 00:24:18.232;05-03-2025 00:25:28.271;70039
3;05-03-2025 00:24:18.232;05-03-2025 00:25:33.274;75042
3;05-03-2025 00:24:18.232;05-03-2025 00:25:38.278;80046
3;05-03-2025 00:24:18.232;05-03-2025 00:25:43.268;85036
3;05-03-2025 00:24:18.232;05-03-2025 00:25:48.271;90039
3;05-03-2025 00:24:18.232;05-03-2025 00:25:53.277;95045
3;05-03-2025 00:24:18.232;05-03-2025 00:25:58.270;100038
3;05-03-2025 00:26:13.235;05-03-2025 00:26:13.282;47
3;05-03-2025 00:26:13.235;05-03-2025 00:26:13.329;94
3;05-03-2025 00:26:13.235;05-03-2025 00:26:18.272;5037
3;05-03-2025 00:26:13.235;05-03-2025 00:26:23.276;10041
3;05-03-2025 00:26:13.235;05-03-2025 00:26:28.267;15032
3;05-03-2025 00:26:13.235;05-03-2025 00:26:33.273;20038
3;05-03-2025 00:26:13.235;05-03-2025 00:26:38.263;25028
3;05-03-2025 00:26:13.235;05-03-2025 00:26:43.265;30030
3;05-03-2025 00:26:13.235;05-03-2025 00:26:48.270;35035
3;05-03-2025 00:26:13.235;05-03-2025 00:26:53.278;40043
3;05-03-2025 00:26:13.235;05-03-2025 00:26:58.263;45028
0;05-03-2025 00:26:58.289;05-03-2025 00:27:01.484;3195
3;05-03-2025 00:26:13.235;05-03-2025 00:27:03.266;50031
3;05-03-2025 00:26:13.235;05-03-2025 00:27:08.273;55038
1;05-03-2025 00:27:04.824;05-03-2025 00:27:10.827;6003
2;05-03-2025 00:27:06.117;05-03-2025 00:27:11.064;4947
3;05-03-2025 00:26:13.235;05-03-2025 00:27:13.276;60041
3;05-03-2025 00:26:13.235;05-03-2025 00:27:18.276;65041
3;05-03-2025 00:26:13.235;05-03-2025 00:27:23.267;70032
1;05-03-2025 00:27:27.182;05-03-2025 00:27:27.251;69
3;05-03-2025 00:26:13.235;05-03-2025 00:27:28.278;75043
1;05-03-2025 00:27:27.182;05-03-2025 00:27:31.503;4321
3;05-03-2025 00:26:13.235;05-03-2025 00:27:33.270;80035
2;05-03-2025 00:27:27.940;05-03-2025 00:27:35.297;7357
0;05-03-2025 00:27:20.920;05-03-2025 00:27:36.892;15972
3;05-03-2025 00:26:13.235;05-03-2025 00:27:38.275;85040
0;05-03-2025 00:27:20.920;05-03-2025 00:27:38.860;17940
2;05-03-2025 00:27:27.940;05-03-2025 00:27:39.436;11496
3;05-03-2025 00:26:13.235;05-03-2025 00:27:43.263;90028
3;05-03-2025 00:26:13.235;05-03-2025 00:27:48.269;95034
3;05-03-2025 00:26:13.235;05-03-2025 00:27:53.273;100038
3;05-03-2025 00:26:13.235;05-03-2025 00:27:58.261;105026
3;05-03-2025 00:26:13.235;05-03-2025 00:28:03.268;110033
3;05-03-2025 00:26:13.235;05-03-2025 00:28:08.269;115034
3;05-03-2025 00:26:13.235;05-03-2025 00:28:13.274;120039
3;05-03-2025 00:26:13.235;05-03-2025 00:28:18.266;125031
3;05-03-2025 00:26:13.235;05-03-2025 00:28:23.253;130018
3;05-03-2025 00:26:13.235;05-03-2025 00:28:28.274;135039
3;05-03-2025 00:26:13.235;05-03-2025 00:28:33.265;140030
0;05-03-2025 00:28:34.096;05-03-2025 00:28:37.511;3415
3;05-03-2025 00:26:13.235;05-03-2025 00:28:38.266;145031
3;05-03-2025 00:26:13.235;05-03-2025 00:28:43.286;150051
3;05-03-2025 00:26:13.235;05-03-2025 00:28:48.261;155026
3;05-03-2025 00:26:13.235;05-03-2025 00:28:53.266;160031
3;05-03-2025 00:26:13.235;05-03-2025 00:28:58.270;165035
3;05-03-2025 00:29:13.233;05-03-2025 00:29:13.284;51
3;05-03-2025 00:29:13.233;05-03-2025 00:29:13.329;96
0;05-03-2025 00:28:50.353;05-03-2025 00:29:15.486;25133
3;05-03-2025 00:29:13.233;05-03-2025 00:29:18.271;5038
3;05-03-2025 00:29:13.233;05-03-2025 00:29:23.277;10044
3;05-03-2025 00:29:13.233;05-03-2025 00:29:28.265;15032
3;05-03-2025 00:29:13.233;05-03-2025 00:29:33.272;20039
3;05-03-2025 00:29:13.233;05-03-2025 00:29:38.275;25042
3;05-03-2025 00:29:13.233;05-03-2025 00:29:43.266;30033
3;05-03-2025 00:29:13.233;05-03-2025 00:29:48.269;35036
3;05-03-2025 00:29:13.233;05-03-2025 00:29:53.275;40042
3;05-03-2025 00:29:13.233;05-03-2025 00:29:58.269;45036
3;05-03-2025 00:29:13.233;05-03-2025 00:30:03.274;50041
0;05-03-2025 00:30:03.541;05-03-2025 00:30:05.475;1934
1;05-03-2025 00:30:04.235;05-03-2025 00:30:07.411;3176
3;05-03-2025 00:29:13.233;05-03-2025 00:30:08.264;55031
1;05-03-2025 00:30:04.235;05-03-2025 00:30:12.623;8388
3;05-03-2025 00:29:13.233;05-03-2025 00:30:13.269;60036
1;05-03-2025 00:30:04.235;05-03-2025 00:30:13.823;9588
3;05-03-2025 00:29:13.233;05-03-2025 00:30:18.273;65040
3;05-03-2025 00:29:13.233;05-03-2025 00:30:23.265;70032
3;05-03-2025 00:29:13.233;05-03-2025 00:30:28.265;75032
3;05-03-2025 00:29:13.233;05-03-2025 00:30:33.268;80035
3;05-03-2025 00:29:13.233;05-03-2025 00:30:38.260;85027
3;05-03-2025 00:29:13.233;05-03-2025 00:30:43.263;90030
3;05-03-2025 00:29:13.233;05-03-2025 00:30:48.267;95034
3;05-03-2025 00:29:13.233;05-03-2025 00:30:53.275;100042
3;05-03-2025 00:29:13.233;05-03-2025 00:30:58.264;105031
3;05-03-2025 00:29:13.233;05-03-2025 00:31:03.271;110038
3;05-03-2025 00:29:13.233;05-03-2025 00:31:08.275;115042
3;05-03-2025 00:29:13.233;05-03-2025 00:31:13.264;120031
3;05-03-2025 00:29:13.233;05-03-2025 00:31:18.272;125039
3;05-03-2025 00:29:13.233;05-03-2025 00:31:23.276;130043
3;05-03-2025 00:29:13.233;05-03-2025 00:31:28.267;135034
3;05-03-2025 00:29:13.233;05-03-2025 00:31:33.271;140038
3;05-03-2025 00:29:13.233;05-03-2025 00:31:38.275;145042
3;05-03-2025 00:29:13.233;05-03-2025 00:31:43.267;150034
3;05-03-2025 00:29:13.233;05-03-2025 00:31:48.269;155036
3;05-03-2025 00:29:13.233;05-03-2025 00:31:53.273;160040
3;05-03-2025 00:32:08.235;05-03-2025 00:32:08.287;52
3;05-03-2025 00:32:08.235;05-03-2025 00:32:08.337;102
3;05-03-2025 00:32:08.235;05-03-2025 00:32:13.263;5028
3;05-03-2025 00:32:08.235;05-03-2025 00:32:18.269;10034
3;05-03-2025 00:32:08.235;05-03-2025 00:32:23.276;15041
3;05-03-2025 00:32:08.235;05-03-2025 00:32:28.282;20047
3;05-03-2025 00:32:08.235;05-03-2025 00:32:33.267;25032
3;05-03-2025 00:32:08.235;05-03-2025 00:32:38.274;30039
3;05-03-2025 00:32:08.235;05-03-2025 00:32:43.263;35028
3;05-03-2025 00:32:08.235;05-03-2025 00:32:48.266;40031
3;05-03-2025 00:32:08.235;05-03-2025 00:32:53.271;45036
3;05-03-2025 00:33:08.236;05-03-2025 00:33:08.286;50
3;05-03-2025 00:33:08.236;05-03-2025 00:33:08.334;98
3;05-03-2025 00:33:08.236;05-03-2025 00:33:13.276;5040
3;05-03-2025 00:33:08.236;05-03-2025 00:33:18.266;10030
3;05-03-2025 00:33:08.236;05-03-2025 00:33:23.255;15019
3;05-03-2025 00:33:08.236;05-03-2025 00:33:28.273;20037
3;05-03-2025 00:33:08.236;05-03-2025 00:33:33.264;25028
3;05-03-2025 00:33:48.234;05-03-2025 00:33:48.281;47
3;05-03-2025 00:33:48.234;05-03-2025 00:33:48.343;109
3;05-03-2025 00:33:48.234;05-03-2025 00:33:53.269;5035
3;05-03-2025 00:33:48.234;05-03-2025 00:33:58.271;10037
3;05-03-2025 00:33:48.234;05-03-2025 00:34:03.264;15030
2;05-03-2025 00:33:54.803;05-03-2025 00:34:07.878;13075
3;05-03-2025 00:33:48.234;05-03-2025 00:34:08.268;20034
3;05-03-2025 00:33:48.234;05-03-2025 00:34:13.276;25042
3;05-03-2025 00:33:48.234;05-03-2025 00:34:18.265;30031
3;05-03-2025 00:33:48.234;05-03-2025 00:34:23.268;35034
3;05-03-2025 00:33:48.234;05-03-2025 00:34:28.257;40023
0;05-03-2025 00:34:19.747;05-03-2025 00:34:30.107;10360
2;05-03-2025 00:34:09.498;05-03-2025 00:34:31.240;21742
3;05-03-2025 00:33:48.234;05-03-2025 00:34:33.264;45030
2;05-03-2025 00:34:33.692;05-03-2025 00:34:35.752;2060
3;05-03-2025 00:33:48.234;05-03-2025 00:34:38.268;50034
0;05-03-2025 00:34:19.747;05-03-2025 00:34:40.914;21167
3;05-03-2025 00:33:48.234;05-03-2025 00:34:43.273;55039
3;05-03-2025 00:33:48.234;05-03-2025 00:34:48.276;60042
3;05-03-2025 00:33:48.234;05-03-2025 00:34:53.292;65058
3;05-03-2025 00:33:48.234;05-03-2025 00:34:58.269;70035
3;05-03-2025 00:33:48.234;05-03-2025 00:35:03.272;75038
3;05-03-2025 00:35:38.234;05-03-2025 00:35:38.284;50
3;05-03-2025 00:35:38.234;05-03-2025 00:35:38.329;95
3;05-03-2025 00:35:38.234;05-03-2025 00:35:43.271;5037
0;05-03-2025 00:35:12.291;05-03-2025 00:35:52.117;39826
3;05-03-2025 00:35:58.235;05-03-2025 00:35:58.290;55
3;05-03-2025 00:35:58.235;05-03-2025 00:35:58.339;104
3;05-03-2025 00:35:58.235;05-03-2025 00:36:03.264;5029
3;05-03-2025 00:35:58.235;05-03-2025 00:36:08.268;10033
3;05-03-2025 00:35:58.235;05-03-2025 00:36:13.306;15071
1;05-03-2025 00:36:09.461;05-03-2025 00:36:15.934;6473
3;05-03-2025 00:35:58.235;05-03-2025 00:36:18.274;20039
3;05-03-2025 00:35:58.235;05-03-2025 00:36:24.397;26162
0;05-03-2025 00:36:24.434;05-03-2025 00:36:25.794;1360
3;05-03-2025 00:35:58.235;05-03-2025 00:36:28.272;30037
0;05-03-2025 00:36:28.177;05-03-2025 00:36:31.319;3142
3;05-03-2025 00:35:58.235;05-03-2025 00:36:33.277;35042
0;05-03-2025 00:36:33.612;05-03-2025 00:36:37.284;3672
2;05-03-2025 00:36:04.857;05-03-2025 00:36:37.860;33003
3;05-03-2025 00:35:58.235;05-03-2025 00:36:38.263;40028
1;05-03-2025 00:36:40.649;05-03-2025 00:36:42.094;1445
3;05-03-2025 00:35:58.235;05-03-2025 00:36:43.273;45038
1;05-03-2025 00:36:40.649;05-03-2025 00:36:48.046;7397
3;05-03-2025 00:35:58.235;05-03-2025 00:36:48.276;50041
3;05-03-2025 00:35:58.235;05-03-2025 00:36:53.268;55033
3;05-03-2025 00:35:58.235;05-03-2025 00:36:58.272;60037
3;05-03-2025 00:35:58.235;05-03-2025 00:37:03.273;65038
2;05-03-2025 00:36:51.952;05-03-2025 00:37:06.145;14193
3;05-03-2025 00:35:58.235;05-03-2025 00:37:08.264;70029
1;05-03-2025 00:36:50.586;05-03-2025 00:37:10.529;19943
0;05-03-2025 00:36:44.437;05-03-2025 00:37:11.005;26568
3;05-03-2025 00:35:58.235;05-03-2025 00:37:13.267;75032
0;05-03-2025 00:36:44.437;05-03-2025 00:37:16.666;32229
3;05-03-2025 00:35:58.235;05-03-2025 00:37:18.273;80038
3;05-03-2025 00:35:58.235;05-03-2025 00:37:23.276;85041
3;05-03-2025 00:35:58.235;05-03-2025 00:37:28.260;90025
3;05-03-2025 00:35:58.235;05-03-2025 00:37:33.266;95031
3;05-03-2025 00:35:58.235;05-03-2025 00:37:38.267;100032
3;05-03-2025 00:35:58.235;05-03-2025 00:37:43.275;105040
3;05-03-2025 00:35:58.235;05-03-2025 00:37:48.261;110026
3;05-03-2025 00:35:58.235;05-03-2025 00:37:53.266;115031
3;05-03-2025 00:35:58.235;05-03-2025 00:37:58.273;120038
3;05-03-2025 00:35:58.235;05-03-2025 00:38:03.275;125040
3;05-03-2025 00:35:58.235;05-03-2025 00:38:08.264;130029
3;05-03-2025 00:35:58.235;05-03-2025 00:38:13.272;135037
3;05-03-2025 00:35:58.235;05-03-2025 00:38:18.258;140023
3;05-03-2025 00:35:58.235;05-03-2025 00:38:23.263;145028
2;05-03-2025 00:37:56.707;05-03-2025 00:38:26.040;29333
3;05-03-2025 00:35:58.235;05-03-2025 00:38:28.270;150035
3;05-03-2025 00:35:58.235;05-03-2025 00:38:33.273;155038
1;05-03-2025 00:38:23.168;05-03-2025 00:38:33.344;10176
3;05-03-2025 00:35:58.235;05-03-2025 00:38:38.280;160045
0;05-03-2025 00:38:18.272;05-03-2025 00:38:40.958;22686
3;05-03-2025 00:35:58.235;05-03-2025 00:38:43.268;165033
0;05-03-2025 00:38:42.956;05-03-2025 00:38:46.614;3658
3;05-03-2025 00:35:58.235;05-03-2025 00:38:48.257;170022
0;05-03-2025 00:38:42.956;05-03-2025 00:38:48.684;5728
3;05-03-2025 00:35:58.235;05-03-2025 00:38:53.288;175053
3;05-03-2025 00:39:08.235;05-03-2025 00:39:08.279;44
3;05-03-2025 00:39:08.235;05-03-2025 00:39:08.326;91
0;05-03-2025 00:39:11.110;05-03-2025 00:39:12.908;1798
3;05-03-2025 00:39:08.235;05-03-2025 00:39:13.266;5031
1;05-03-2025 00:38:23.168;05-03-2025 00:39:16.249;53081
0;05-03-2025 00:39:16.919;05-03-2025 00:39:16.969;50
3;05-03-2025 00:39:08.235;05-03-2025 00:39:18.272;10037
3;05-03-2025 00:39:08.235;05-03-2025 00:39:23.263;15028
3;05-03-2025 00:39:08.235;05-03-2025 00:39:28.268;20033
3;05-03-2025 00:39:08.235;05-03-2025 00:39:33.259;25024
3;05-03-2025 00:39:08.235;05-03-2025 00:39:38.273;30038
3;05-03-2025 00:39:08.235;05-03-2025 00:39:43.267;35032
3;05-03-2025 00:39:08.235;05-03-2025 00:39:48.273;40038
3;05-03-2025 00:39:08.235;05-03-2025 00:39:53.264;45029
3;05-03-2025 00:39:08.235;05-03-2025 00:39:58.272;50037
3;05-03-2025 00:39:08.235;05-03-2025 00:40:03.260;55025
3;05-03-2025 00:39:08.235;05-03-2025 00:40:08.267;60032
3;05-03-2025 00:39:08.235;05-03-2025 00:40:13.277;65042
3;05-03-2025 00:39:08.235;05-03-2025 00:40:18.278;70043
3;05-03-2025 00:39:08.235;05-03-2025 00:40:23.265;75030
3;05-03-2025 00:39:08.235;05-03-2025 00:40:28.268;80033
3;05-03-2025 00:39:08.235;05-03-2025 00:40:33.257;85022
1;05-03-2025 00:39:57.419;05-03-2025 00:40:35.730;38311
3;05-03-2025 00:39:08.235;05-03-2025 00:40:38.261;90026
1;05-03-2025 00:39:57.419;05-03-2025 00:40:42.364;44945
3;05-03-2025 00:40:53.233;05-03-2025 00:40:53.276;43
3;05-03-2025 00:40:53.233;05-03-2025 00:40:53.340;107
3;05-03-2025 00:40:53.233;05-03-2025 00:40:58.265;5032
3;05-03-2025 00:40:53.233;05-03-2025 00:41:03.268;10035
3;05-03-2025 00:40:53.233;05-03-2025 00:41:08.275;15042
3;05-03-2025 00:40:53.233;05-03-2025 00:41:13.265;20032
3;05-03-2025 00:40:53.233;05-03-2025 00:41:18.269;25036
3;05-03-2025 00:40:53.233;05-03-2025 00:41:23.277;30044
3;05-03-2025 00:40:53.233;05-03-2025 00:41:28.268;35035
3;05-03-2025 00:40:53.233;05-03-2025 00:41:33.274;40041
3;05-03-2025 00:40:53.233;05-03-2025 00:41:38.265;45032
3;05-03-2025 00:40:53.233;05-03-2025 00:41:43.273;50040
1;05-03-2025 00:41:39.851;05-03-2025 00:41:47.151;7300
3;05-03-2025 00:40:53.233;05-03-2025 00:41:48.276;55043
3;05-03-2025 00:40:53.233;05-03-2025 00:41:53.263;60030
3;05-03-2025 00:40:53.233;05-03-2025 00:41:58.272;65039
3;05-03-2025 00:40:53.233;05-03-2025 00:42:03.276;70043
3;05-03-2025 00:40:53.233;05-03-2025 00:42:08.284;75051
3;05-03-2025 00:40:53.233;05-03-2025 00:42:13.270;80037
1;05-03-2025 00:41:39.851;05-03-2025 00:42:17.519;37668
0;05-03-2025 00:42:10.130;05-03-2025 00:42:18.015;7885
3;05-03-2025 00:40:53.233;05-03-2025 00:42:18.276;85043
3;05-03-2025 00:40:53.233;05-03-2025 00:42:23.267;90034
3;05-03-2025 00:40:53.233;05-03-2025 00:42:28.273;95040
3;05-03-2025 00:40:53.233;05-03-2025 00:42:33.261;100028
3;05-03-2025 00:40:53.233;05-03-2025 00:42:38.264;105031
3;05-03-2025 00:40:53.233;05-03-2025 00:42:43.268;110035
3;05-03-2025 00:40:53.233;05-03-2025 00:42:48.277;115044
3;05-03-2025 00:40:53.233;05-03-2025 00:42:53.265;120032
3;05-03-2025 00:40:53.233;05-03-2025 00:42:58.270;125037
2;05-03-2025 00:42:23.355;05-03-2025 00:43:02.919;39564
3;05-03-2025 00:40:53.233;05-03-2025 00:43:03.261;130028
3;05-03-2025 00:40:53.233;05-03-2025 00:43:08.265;135032
1;05-03-2025 00:42:36.937;05-03-2025 00:43:10.034;33097
3;05-03-2025 00:40:53.233;05-03-2025 00:43:13.268;140035
1;05-03-2025 00:42:36.937;05-03-2025 00:43:16.366;39429
2;05-03-2025 00:42:23.355;05-03-2025 00:43:17.774;54419
3;05-03-2025 00:40:53.233;05-03-2025 00:43:18.275;145042
1;05-03-2025 00:42:36.937;05-03-2025 00:43:22.122;45185
3;05-03-2025 00:40:53.233;05-03-2025 00:43:23.264;150031
3;05-03-2025 00:40:53.233;05-03-2025 00:43:28.271;155038
1;05-03-2025 00:42:36.937;05-03-2025 00:43:31.859;54922
3;05-03-2025 00:40:53.233;05-03-2025 00:43:33.273;160040
0;05-03-2025 00:43:24.786;05-03-2025 00:43:36.863;12077
3;05-03-2025 00:40:53.233;05-03-2025 00:43:38.277;165044
1;05-03-2025 00:43:36.454;05-03-2025 00:43:41.595;5141
3;05-03-2025 00:40:53.233;05-03-2025 00:43:43.270;170037
1;05-03-2025 00:43:36.454;05-03-2025 00:43:45.823;9369
3;05-03-2025 00:40:53.233;05-03-2025 00:43:48.275;175042
1;05-03-2025 00:43:36.454;05-03-2025 00:43:50.795;14341
3;05-03-2025 00:40:53.233;05-03-2025 00:43:53.280;180047
1;05-03-2025 00:43:36.454;05-03-2025 00:43:55.928;19474
3;05-03-2025 00:40:53.233;05-03-2025 00:43:58.272;185039
1;05-03-2025 00:44:00.662;05-03-2025 00:44:02.500;1838
3;05-03-2025 00:40:53.233;05-03-2025 00:44:03.277;190044
2;05-03-2025 00:43:38.549;05-03-2025 00:44:05.717;27168
1;05-03-2025 00:44:00.662;05-03-2025 00:44:07.413;6751
3;05-03-2025 00:40:53.233;05-03-2025 00:44:08.269;195036
2;05-03-2025 00:43:38.549;05-03-2025 00:44:10.741;32192
1;05-03-2025 00:44:00.662;05-03-2025 00:44:11.908;11246
3;05-03-2025 00:40:53.233;05-03-2025 00:44:13.275;200042
3;05-03-2025 00:40:53.233;05-03-2025 00:44:18.266;205033
3;05-03-2025 00:40:53.233;05-03-2025 00:44:23.272;210039
2;05-03-2025 00:43:38.549;05-03-2025 00:44:28.034;49485
3;05-03-2025 00:40:53.233;05-03-2025 00:44:28.264;215031
3;05-03-2025 00:40:53.233;05-03-2025 00:44:33.297;220064
2;05-03-2025 00:43:38.549;05-03-2025 00:44:38.170;59621
3;05-03-2025 00:40:53.233;05-03-2025 00:44:38.283;225050
3;05-03-2025 00:40:53.233;05-03-2025 00:44:43.267;230034
3;05-03-2025 00:40:53.233;05-03-2025 00:44:48.256;235023
3;05-03-2025 00:40:53.233;05-03-2025 00:44:53.277;240044
3;05-03-2025 00:40:53.233;05-03-2025 00:44:58.267;245034
3;05-03-2025 00:40:53.233;05-03-2025 00:45:03.280;250047
3;05-03-2025 00:40:53.233;05-03-2025 00:45:08.278;255045
3;05-03-2025 00:40:53.233;05-03-2025 00:45:13.264;260031
3;05-03-2025 00:40:53.233;05-03-2025 00:45:18.271;265038
1;05-03-2025 00:44:00.662;05-03-2025 00:45:22.475;81813
3;05-03-2025 00:40:53.233;05-03-2025 00:45:23.277;270044
3;05-03-2025 00:40:53.233;05-03-2025 00:45:28.292;275059
3;05-03-2025 00:40:53.233;05-03-2025 00:45:33.273;280040
1;05-03-2025 00:44:00.662;05-03-2025 00:45:35.914;95252
3;05-03-2025 00:40:53.233;05-03-2025 00:45:38.277;285044
3;05-03-2025 00:40:53.233;05-03-2025 00:45:43.269;290036
1;05-03-2025 00:44:00.662;05-03-2025 00:45:45.626;104964
3;05-03-2025 00:40:53.233;05-03-2025 00:45:48.272;295039
1;05-03-2025 00:44:00.662;05-03-2025 00:45:52.821;112159
3;05-03-2025 00:40:53.233;05-03-2025 00:45:53.275;300042
1;05-03-2025 00:44:00.662;05-03-2025 00:45:55.461;114799
3;05-03-2025 00:46:08.233;05-03-2025 00:46:08.293;60
3;05-03-2025 00:46:08.233;05-03-2025 00:46:08.357;124
3;05-03-2025 00:46:08.233;05-03-2025 00:46:13.272;5039
3;05-03-2025 00:46:08.233;05-03-2025 00:46:18.269;10036
3;05-03-2025 00:46:08.233;05-03-2025 00:46:23.277;15044
3;05-03-2025 00:46:08.233;05-03-2025 00:46:28.266;20033
3;05-03-2025 00:46:08.233;05-03-2025 00:46:33.269;25036
3;05-03-2025 00:46:08.233;05-03-2025 00:46:38.277;30044
3;05-03-2025 00:46:08.233;05-03-2025 00:46:43.262;35029
3;05-03-2025 00:46:08.233;05-03-2025 00:46:48.265;40032
3;05-03-2025 00:46:08.233;05-03-2025 00:46:53.274;45041
3;05-03-2025 00:46:08.233;05-03-2025 00:46:58.278;50045
1;05-03-2025 00:46:10.117;05-03-2025 00:47:01.819;51702
3;05-03-2025 00:46:08.233;05-03-2025 00:47:03.265;55032
1;05-03-2025 00:46:10.117;05-03-2025 00:47:05.452;55335
3;05-03-2025 00:46:08.233;05-03-2025 00:47:08.269;60036
3;05-03-2025 00:46:08.233;05-03-2025 00:47:13.275;65042
3;05-03-2025 00:46:08.233;05-03-2025 00:47:18.264;70031
3;05-03-2025 00:46:08.233;05-03-2025 00:47:23.270;75037
1;05-03-2025 00:46:10.117;05-03-2025 00:47:25.695;75578
3;05-03-2025 00:46:08.233;05-03-2025 00:47:28.274;80041
1;05-03-2025 00:46:10.117;05-03-2025 00:47:30.534;80417
3;05-03-2025 00:46:08.233;05-03-2025 00:47:33.281;85048
1;05-03-2025 00:46:10.117;05-03-2025 00:47:36.900;86783
3;05-03-2025 00:46:08.233;05-03-2025 00:47:38.266;90033
3;05-03-2025 00:46:08.233;05-03-2025 00:47:43.269;95036
1;05-03-2025 00:46:10.117;05-03-2025 00:47:46.237;96120
3;05-03-2025 00:46:08.233;05-03-2025 00:47:48.258;100025
3;05-03-2025 00:46:08.233;05-03-2025 00:47:53.265;105032
3;05-03-2025 00:46:08.233;05-03-2025 00:47:58.267;110034
3;05-03-2025 00:46:08.233;05-03-2025 00:48:03.276;115043
3;05-03-2025 00:46:08.233;05-03-2025 00:48:08.293;120060
3;05-03-2025 00:46:08.233;05-03-2025 00:48:13.269;125036
3;05-03-2025 00:46:08.233;05-03-2025 00:48:18.277;130044
3;05-03-2025 00:46:08.233;05-03-2025 00:48:23.304;135071
3;05-03-2025 00:46:08.233;05-03-2025 00:48:28.251;140018
3;05-03-2025 00:46:08.233;05-03-2025 00:48:33.260;145027
3;05-03-2025 00:46:08.233;05-03-2025 00:48:38.265;150032
3;05-03-2025 00:46:08.233;05-03-2025 00:48:43.271;155038
3;05-03-2025 00:46:08.233;05-03-2025 00:48:48.276;160043
3;05-03-2025 00:46:08.233;05-03-2025 00:48:53.263;165030
3;05-03-2025 00:46:08.233;05-03-2025 00:48:58.268;170035
3;05-03-2025 00:46:08.233;05-03-2025 00:49:03.257;175024
3;05-03-2025 00:46:08.233;05-03-2025 00:49:08.261;180028
3;05-03-2025 00:46:08.233;05-03-2025 00:49:13.267;185034
1;05-03-2025 00:49:05.231;05-03-2025 00:49:14.416;9185
3;05-03-2025 00:46:08.233;05-03-2025 00:49:18.272;190039
3;05-03-2025 00:46:08.233;05-03-2025 00:49:23.275;195042
3;05-03-2025 00:49:38.232;05-03-2025 00:49:38.275;43
3;05-03-2025 00:49:38.232;05-03-2025 00:49:38.323;91
3;05-03-2025 00:49:38.232;05-03-2025 00:49:43.265;5033
3;05-03-2025 00:49:38.232;05-03-2025 00:49:48.268;10036
3;05-03-2025 00:49:38.232;05-03-2025 00:49:53.271;15039
3;05-03-2025 00:49:38.232;05-03-2025 00:49:58.262;20030
1;05-03-2025 00:49:53.978;05-03-2025 00:49:59.072;5094
3;05-03-2025 00:49:38.232;05-03-2025 00:50:03.270;25038
3;05-03-2025 00:49:38.232;05-03-2025 00:50:08.273;30041
3;05-03-2025 00:49:38.232;05-03-2025 00:50:13.263;35031
3;05-03-2025 00:49:38.232;05-03-2025 00:50:18.270;40038
3;05-03-2025 00:49:38.232;05-03-2025 00:50:23.270;45038
3;05-03-2025 00:49:38.232;05-03-2025 00:50:28.275;50043
3;05-03-2025 00:49:38.232;05-03-2025 00:50:33.265;55033
3;05-03-2025 00:49:38.232;05-03-2025 00:50:38.273;60041
3;05-03-2025 00:49:38.232;05-03-2025 00:50:43.262;65030
3;05-03-2025 00:49:38.232;05-03-2025 00:50:48.254;70022
1;05-03-2025 00:50:24.694;05-03-2025 00:50:51.701;27007
3;05-03-2025 00:49:38.232;05-03-2025 00:50:53.274;75042
3;05-03-2025 00:49:38.232;05-03-2025 00:50:58.264;80032
3;05-03-2025 00:49:38.232;05-03-2025 00:51:03.270;85038
3;05-03-2025 00:49:38.232;05-03-2025 00:51:08.275;90043
3;05-03-2025 00:49:38.232;05-03-2025 00:51:13.266;95034
3;05-03-2025 00:49:38.232;05-03-2025 00:51:18.269;100037
3;05-03-2025 00:49:38.232;05-03-2025 00:51:23.276;105044
0;05-03-2025 00:51:23.625;05-03-2025 00:51:26.597;2972
3;05-03-2025 00:51:28.228;05-03-2025 00:51:28.266;38
3;05-03-2025 00:51:28.228;05-03-2025 00:51:33.271;5043
3;05-03-2025 00:51:28.228;05-03-2025 00:51:38.264;10036
0;05-03-2025 00:51:37.741;05-03-2025 00:51:39.745;2004
3;05-03-2025 00:51:28.228;05-03-2025 00:51:43.267;15039
1;05-03-2025 00:50:24.694;05-03-2025 00:51:45.726;81032
3;05-03-2025 00:51:28.228;05-03-2025 00:51:48.275;20047
0;05-03-2025 00:51:37.741;05-03-2025 00:51:50.511;12770
3;05-03-2025 00:51:28.228;05-03-2025 00:51:53.262;25034
1;05-03-2025 00:50:24.694;05-03-2025 00:51:57.525;92831
3;05-03-2025 00:51:28.228;05-03-2025 00:51:58.269;30041
3;05-03-2025 00:51:28.228;05-03-2025 00:52:03.274;35046
3;05-03-2025 00:51:28.228;05-03-2025 00:52:08.262;40034
3;05-03-2025 00:51:28.228;05-03-2025 00:52:13.267;45039
3;05-03-2025 00:51:28.228;05-03-2025 00:52:18.275;50047
3;05-03-2025 00:51:28.228;05-03-2025 00:52:23.262;55034
3;05-03-2025 00:51:28.228;05-03-2025 00:52:28.264;60036
3;05-03-2025 00:51:28.228;05-03-2025 00:52:33.273;65045
3;05-03-2025 00:51:28.228;05-03-2025 00:52:38.278;70050
1;05-03-2025 00:52:01.714;05-03-2025 00:52:43.183;41469
3;05-03-2025 00:51:28.228;05-03-2025 00:52:43.269;75041
1;05-03-2025 00:52:01.714;05-03-2025 00:52:45.679;43965
3;05-03-2025 00:51:28.228;05-03-2025 00:52:48.276;80048
3;05-03-2025 00:51:28.228;05-03-2025 00:52:53.275;85047
3;05-03-2025 00:51:28.228;05-03-2025 00:52:58.265;90037
1;05-03-2025 00:52:56.138;05-03-2025 00:53:01.838;5700
3;05-03-2025 00:51:28.228;05-03-2025 00:53:03.269;95041
3;05-03-2025 00:51:28.228;05-03-2025 00:53:08.257;100029
2;05-03-2025 00:52:51.732;05-03-2025 00:53:10.707;18975
3;05-03-2025 00:51:28.228;05-03-2025 00:53:13.266;105038
1;05-03-2025 00:52:56.138;05-03-2025 00:53:16.898;20760
3;05-03-2025 00:51:28.228;05-03-2025 00:53:18.270;110042
2;05-03-2025 00:53:18.036;05-03-2025 00:53:22.229;4193
3;05-03-2025 00:51:28.228;05-03-2025 00:53:23.276;115048
2;05-03-2025 00:53:18.036;05-03-2025 00:53:26.066;8030
0;05-03-2025 00:53:17.020;05-03-2025 00:53:26.375;9355
1;05-03-2025 00:52:56.138;05-03-2025 00:53:27.810;31672
3;05-03-2025 00:51:28.228;05-03-2025 00:53:28.264;120036
3;05-03-2025 00:51:28.228;05-03-2025 00:53:33.268;125040
3;05-03-2025 00:51:28.228;05-03-2025 00:53:38.261;130033
0;05-03-2025 00:53:33.077;05-03-2025 00:53:41.626;8549
1;05-03-2025 00:53:38.752;05-03-2025 00:53:41.882;3130
3;05-03-2025 00:51:28.228;05-03-2025 00:53:43.264;135036
0;05-03-2025 00:53:33.077;05-03-2025 00:53:44.443;11366
3;05-03-2025 00:51:28.228;05-03-2025 00:53:48.270;140042
0;05-03-2025 00:53:33.077;05-03-2025 00:53:48.439;15362
3;05-03-2025 00:51:28.228;05-03-2025 00:53:53.260;145032
1;05-03-2025 00:53:38.752;05-03-2025 00:53:56.273;17521
3;05-03-2025 00:51:28.228;05-03-2025 00:53:58.263;150035
1;05-03-2025 00:53:38.752;05-03-2025 00:53:58.378;19626
3;05-03-2025 00:51:28.228;05-03-2025 00:54:03.293;155065
3;05-03-2025 00:51:28.228;05-03-2025 00:54:08.275;160047
3;05-03-2025 00:51:28.228;05-03-2025 00:54:13.266;165038
3;05-03-2025 00:51:28.228;05-03-2025 00:54:18.273;170045
3;05-03-2025 00:51:28.228;05-03-2025 00:54:23.278;175050
3;05-03-2025 00:51:28.228;05-03-2025 00:54:28.253;180025
3;05-03-2025 00:51:28.228;05-03-2025 00:54:33.270;185042
3;05-03-2025 00:51:28.228;05-03-2025 00:54:38.275;190047
0;05-03-2025 00:54:15.811;05-03-2025 00:54:39.052;23241
3;05-03-2025 00:54:53.233;05-03-2025 00:54:53.289;56
3;05-03-2025 00:54:53.233;05-03-2025 00:54:53.356;123
1;05-03-2025 00:53:38.752;05-03-2025 00:54:58.195;79443
3;05-03-2025 00:54:53.233;05-03-2025 00:54:58.265;5032
0;05-03-2025 00:54:15.811;05-03-2025 00:55:00.944;45133
1;05-03-2025 00:53:38.752;05-03-2025 00:55:01.760;83008
3;05-03-2025 00:54:53.233;05-03-2025 00:55:03.268;10035
1;05-03-2025 00:53:38.752;05-03-2025 00:55:05.754;87002
3;05-03-2025 00:54:53.233;05-03-2025 00:55:08.282;15049
3;05-03-2025 00:54:53.233;05-03-2025 00:55:13.265;20032
3;05-03-2025 00:54:53.233;05-03-2025 00:55:18.271;25038
3;05-03-2025 00:54:53.233;05-03-2025 00:55:23.263;30030
3;05-03-2025 00:54:53.233;05-03-2025 00:55:28.266;35033
3;05-03-2025 00:54:53.233;05-03-2025 00:55:33.271;40038
1;05-03-2025 00:53:38.752;05-03-2025 00:55:36.287;117535
3;05-03-2025 00:54:53.233;05-03-2025 00:55:38.278;45045
1;05-03-2025 00:53:38.752;05-03-2025 00:55:40.918;122166
3;05-03-2025 00:54:53.233;05-03-2025 00:55:43.263;50030
3;05-03-2025 00:54:53.233;05-03-2025 00:55:48.267;55034
3;05-03-2025 00:54:53.233;05-03-2025 00:55:53.279;60046
1;05-03-2025 00:55:48.362;05-03-2025 00:55:54.105;5743
3;05-03-2025 00:54:53.233;05-03-2025 00:55:58.264;65031
3;05-03-2025 00:54:53.233;05-03-2025 00:56:03.270;70037
3;05-03-2025 00:54:53.233;05-03-2025 00:56:08.273;75040
3;05-03-2025 00:54:53.233;05-03-2025 00:56:13.261;80028
3;05-03-2025 00:54:53.233;05-03-2025 00:56:18.268;85035
3;05-03-2025 00:54:53.233;05-03-2025 00:56:23.272;90039
2;05-03-2025 00:56:06.999;05-03-2025 00:56:23.425;16426
3;05-03-2025 00:54:53.233;05-03-2025 00:56:28.261;95028
1;05-03-2025 00:55:48.362;05-03-2025 00:56:28.967;40605
2;05-03-2025 00:56:06.999;05-03-2025 00:56:31.899;24900
3;05-03-2025 00:54:53.233;05-03-2025 00:56:33.267;100034
3;05-03-2025 00:54:53.233;05-03-2025 00:56:38.270;105037
3;05-03-2025 00:54:53.233;05-03-2025 00:56:43.274;110041
3;05-03-2025 00:54:53.233;05-03-2025 00:56:48.265;115032
3;05-03-2025 00:54:53.233;05-03-2025 00:56:53.272;120039
0;05-03-2025 00:56:28.825;05-03-2025 00:56:56.270;27445
3;05-03-2025 00:54:53.233;05-03-2025 00:56:58.277;125044
1;05-03-2025 00:55:48.362;05-03-2025 00:57:00.654;72292
3;05-03-2025 00:54:53.233;05-03-2025 00:57:03.264;130031
3;05-03-2025 00:54:53.233;05-03-2025 00:57:08.271;135038
3;05-03-2025 00:54:53.233;05-03-2025 00:57:13.277;140044
3;05-03-2025 00:54:53.233;05-03-2025 00:57:18.265;145032
1;05-03-2025 00:57:09.577;05-03-2025 00:57:21.307;11730
3;05-03-2025 00:54:53.233;05-03-2025 00:57:23.266;150033
1;05-03-2025 00:57:09.577;05-03-2025 00:57:26.697;17120
3;05-03-2025 00:54:53.233;05-03-2025 00:57:28.274;155041
1;05-03-2025 00:57:09.577;05-03-2025 00:57:29.381;19804
3;05-03-2025 00:54:53.233;05-03-2025 00:57:33.275;160042
3;05-03-2025 00:54:53.233;05-03-2025 00:57:38.262;165029
3;05-03-2025 00:54:53.233;05-03-2025 00:57:43.271;170038
3;05-03-2025 00:54:53.233;05-03-2025 00:57:48.274;175041
3;05-03-2025 00:54:53.233;05-03-2025 00:57:53.264;180031
3;05-03-2025 00:54:53.233;05-03-2025 00:57:58.270;185037
3;05-03-2025 00:54:53.233;05-03-2025 00:58:03.273;190040
1;05-03-2025 00:57:09.577;05-03-2025 00:58:05.603;56026
3;05-03-2025 00:54:53.233;05-03-2025 00:58:08.261;195028
1;05-03-2025 00:57:09.577;05-03-2025 00:58:08.343;58766
3;05-03-2025 00:54:53.233;05-03-2025 00:58:13.266;200033
3;05-03-2025 00:54:53.233;05-03-2025 00:58:18.269;205036
3;05-03-2025 00:54:53.233;05-03-2025 00:58:23.276;210043
2;05-03-2025 00:57:12.090;05-03-2025 00:58:27.525;75435
3;05-03-2025 00:54:53.233;05-03-2025 00:58:28.293;215060
3;05-03-2025 00:54:53.233;05-03-2025 00:58:33.271;220038
2;05-03-2025 00:57:12.090;05-03-2025 00:58:36.656;84566
3;05-03-2025 00:54:53.233;05-03-2025 00:58:38.263;225030
2;05-03-2025 00:58:38.336;05-03-2025 00:58:41.021;2685
1;05-03-2025 00:57:09.577;05-03-2025 00:58:41.244;91667
3;05-03-2025 00:54:53.233;05-03-2025 00:58:43.266;230033
3;05-03-2025 00:54:53.233;05-03-2025 00:58:48.269;235036
2;05-03-2025 00:58:46.052;05-03-2025 00:58:51.239;5187
3;05-03-2025 00:54:53.233;05-03-2025 00:58:53.260;240027
3;05-03-2025 00:54:53.233;05-03-2025 00:58:58.265;245032
3;05-03-2025 00:54:53.233;05-03-2025 00:59:03.267;250034
3;05-03-2025 00:54:53.233;05-03-2025 00:59:08.275;255042
3;05-03-2025 00:54:53.233;05-03-2025 00:59:13.264;260031
3;05-03-2025 00:54:53.233;05-03-2025 00:59:19.446;266213
3;05-03-2025 00:54:53.233;05-03-2025 00:59:23.272;270039
3;05-03-2025 00:54:53.233;05-03-2025 00:59:28.275;275042
3;05-03-2025 00:54:53.233;05-03-2025 00:59:33.277;280044
3;05-03-2025 00:54:53.233;05-03-2025 00:59:38.269;285036
3;05-03-2025 00:54:53.233;05-03-2025 00:59:43.273;290040
3;05-03-2025 00:54:53.233;05-03-2025 00:59:48.277;295044
3;05-03-2025 00:54:53.233;05-03-2025 00:59:53.267;300034
3;05-03-2025 00:54:53.233;05-03-2025 00:59:58.269;305036
3;05-03-2025 00:54:53.233;05-03-2025 01:00:03.271;310038
3;05-03-2025 00:54:53.233;05-03-2025 01:00:08.312;315079
3;05-03-2025 00:54:53.233;05-03-2025 01:00:13.265;320032
3;05-03-2025 00:54:53.233;05-03-2025 01:00:18.275;325042
3;05-03-2025 00:54:53.233;05-03-2025 01:00:23.264;330031
1;05-03-2025 01:00:21.783;05-03-2025 01:00:23.345;1562
3;05-03-2025 00:54:53.233;05-03-2025 01:00:28.267;335034
3;05-03-2025 00:54:53.233;05-03-2025 01:00:33.270;340037
1;05-03-2025 01:00:21.783;05-03-2025 01:00:35.490;13707
3;05-03-2025 00:54:53.233;05-03-2025 01:00:38.261;345028
3;05-03-2025 00:54:53.233;05-03-2025 01:00:43.265;350032
0;05-03-2025 01:00:36.233;05-03-2025 01:00:47.990;11757
3;05-03-2025 00:54:53.233;05-03-2025 01:00:48.275;355042
3;05-03-2025 00:54:53.233;05-03-2025 01:00:53.263;360030
1;05-03-2025 01:00:51.084;05-03-2025 01:00:56.933;5849
3;05-03-2025 00:54:53.233;05-03-2025 01:00:58.267;365034
0;05-03-2025 01:00:51.034;05-03-2025 01:01:07.584;16550
3;05-03-2025 01:01:13.233;05-03-2025 01:01:13.281;48
3;05-03-2025 01:01:13.233;05-03-2025 01:01:13.329;96
3;05-03-2025 01:01:13.233;05-03-2025 01:01:18.273;5040
1;05-03-2025 01:01:04.327;05-03-2025 01:01:23.050;18723
3;05-03-2025 01:01:13.233;05-03-2025 01:01:23.276;10043
3;05-03-2025 01:01:13.233;05-03-2025 01:01:28.271;15038
3;05-03-2025 01:01:13.233;05-03-2025 01:01:33.274;20041
3;05-03-2025 01:01:13.233;05-03-2025 01:01:38.264;25031
1;05-03-2025 01:01:04.327;05-03-2025 01:01:38.786;34459
1;05-03-2025 01:01:04.327;05-03-2025 01:01:45.599;41272
0;05-03-2025 01:01:35.586;05-03-2025 01:01:51.099;15513
3;05-03-2025 01:01:53.233;05-03-2025 01:01:53.280;47
3;05-03-2025 01:01:53.233;05-03-2025 01:01:53.328;95
3;05-03-2025 01:01:53.233;05-03-2025 01:01:58.269;5036
1;05-03-2025 01:01:04.327;05-03-2025 01:02:06.948;62621
3;05-03-2025 01:02:13.234;05-03-2025 01:02:13.271;37
3;05-03-2025 01:02:23.295;05-03-2025 01:02:23.352;57
3;05-03-2025 01:02:33.370;05-03-2025 01:02:33.450;80
3;05-03-2025 01:02:33.370;05-03-2025 01:02:33.500;130
3;05-03-2025 01:02:33.370;05-03-2025 01:02:38.265;4895
3;05-03-2025 01:02:33.370;05-03-2025 01:02:43.269;9899
0;05-03-2025 01:01:52.889;05-03-2025 01:02:46.142;53253
3;05-03-2025 01:02:33.370;05-03-2025 01:02:48.273;14903
1;05-03-2025 01:01:04.327;05-03-2025 01:02:51.543;107216
3;05-03-2025 01:02:33.370;05-03-2025 01:02:53.262;19892
1;05-03-2025 01:01:04.327;05-03-2025 01:02:55.657;111330
3;05-03-2025 01:02:33.370;05-03-2025 01:02:58.265;24895
1;05-03-2025 01:01:04.327;05-03-2025 01:02:58.540;114213
3;05-03-2025 01:02:33.370;05-03-2025 01:03:03.256;29886
3;05-03-2025 01:02:33.370;05-03-2025 01:03:08.265;34895
3;05-03-2025 01:02:33.370;05-03-2025 01:03:13.267;39897
3;05-03-2025 01:02:33.370;05-03-2025 01:03:18.271;44901
3;05-03-2025 01:02:33.370;05-03-2025 01:03:23.276;49906
3;05-03-2025 01:02:33.370;05-03-2025 01:03:28.267;54897
3;05-03-2025 01:02:33.370;05-03-2025 01:03:33.273;59903
3;05-03-2025 01:02:33.370;05-03-2025 01:03:38.263;64893
3;05-03-2025 01:02:33.370;05-03-2025 01:03:43.269;69899
3;05-03-2025 01:02:33.370;05-03-2025 01:03:48.273;74903
3;05-03-2025 01:02:33.370;05-03-2025 01:03:53.264;79894
3;05-03-2025 01:02:33.370;05-03-2025 01:03:58.267;84897
3;05-03-2025 01:02:33.370;05-03-2025 01:04:03.273;89903
3;05-03-2025 01:02:33.370;05-03-2025 01:04:08.279;94909
1;05-03-2025 01:03:35.722;05-03-2025 01:04:11.366;35644
3;05-03-2025 01:02:33.370;05-03-2025 01:04:13.265;99895
3;05-03-2025 01:02:33.370;05-03-2025 01:04:18.267;104897
3;05-03-2025 01:04:33.235;05-03-2025 01:04:33.281;46
3;05-03-2025 01:04:33.235;05-03-2025 01:04:33.328;93
3;05-03-2025 01:04:33.235;05-03-2025 01:04:38.272;5037
1;05-03-2025 01:04:17.920;05-03-2025 01:04:38.870;20950
3;05-03-2025 01:04:33.235;05-03-2025 01:04:43.263;10028
3;05-03-2025 01:04:33.235;05-03-2025 01:04:48.269;15034
3;05-03-2025 01:04:33.235;05-03-2025 01:04:53.271;20036
3;05-03-2025 01:04:33.235;05-03-2025 01:04:58.276;25041
3;05-03-2025 01:04:33.235;05-03-2025 01:05:03.268;30033
1;05-03-2025 01:05:05.869;05-03-2025 01:05:06.921;1052
3;05-03-2025 01:04:33.235;05-03-2025 01:05:08.269;35034
3;05-03-2025 01:04:33.235;05-03-2025 01:05:13.259;40024
3;05-03-2025 01:04:33.235;05-03-2025 01:05:18.267;45032
3;05-03-2025 01:04:33.235;05-03-2025 01:05:23.276;50041
1;05-03-2025 01:05:13.251;05-03-2025 01:05:23.591;10340
3;05-03-2025 01:04:33.235;05-03-2025 01:05:28.265;55030
3;05-03-2025 01:04:33.235;05-03-2025 01:05:33.267;60032
3;05-03-2025 01:04:33.235;05-03-2025 01:05:38.271;65036
3;05-03-2025 01:05:53.235;05-03-2025 01:05:53.285;50
3;05-03-2025 01:05:53.235;05-03-2025 01:05:53.347;112
3;05-03-2025 01:06:08.235;05-03-2025 01:06:08.285;50
3;05-03-2025 01:06:08.235;05-03-2025 01:06:08.349;114
3;05-03-2025 01:06:08.235;05-03-2025 01:06:13.276;5041
3;05-03-2025 01:06:08.235;05-03-2025 01:06:18.263;10028
3;05-03-2025 01:06:08.235;05-03-2025 01:06:23.269;15034
1;05-03-2025 01:06:03.230;05-03-2025 01:06:25.599;22369
2;05-03-2025 01:05:35.936;05-03-2025 01:06:36.469;60533
3;05-03-2025 01:06:38.234;05-03-2025 01:06:38.298;64
3;05-03-2025 01:06:38.234;05-03-2025 01:06:38.345;111
3;05-03-2025 01:06:38.234;05-03-2025 01:06:43.271;5037
3;05-03-2025 01:06:38.234;05-03-2025 01:06:48.278;10044
3;05-03-2025 01:06:38.234;05-03-2025 01:06:53.269;15035
3;05-03-2025 01:06:38.234;05-03-2025 01:06:58.271;20037
3;05-03-2025 01:06:38.234;05-03-2025 01:07:03.274;25040
3;05-03-2025 01:06:38.234;05-03-2025 01:07:08.265;30031
2;05-03-2025 01:07:11.730;05-03-2025 01:07:12.410;680
3;05-03-2025 01:06:38.234;05-03-2025 01:07:13.275;35041
3;05-03-2025 01:06:38.234;05-03-2025 01:07:18.273;40039
3;05-03-2025 01:06:38.234;05-03-2025 01:07:23.264;45030
3;05-03-2025 01:06:38.234;05-03-2025 01:07:28.276;50042
3;05-03-2025 01:06:38.234;05-03-2025 01:07:33.273;55039
1;05-03-2025 01:07:33.863;05-03-2025 01:07:36.377;2514
3;05-03-2025 01:06:38.234;05-03-2025 01:07:38.279;60045
3;05-03-2025 01:06:38.234;05-03-2025 01:07:43.267;65033
3;05-03-2025 01:06:38.234;05-03-2025 01:07:48.272;70038
1;05-03-2025 01:07:33.863;05-03-2025 01:07:50.810;16947
3;05-03-2025 01:06:38.234;05-03-2025 01:07:53.276;75042
3;05-03-2025 01:06:38.234;05-03-2025 01:07:58.264;80030
3;05-03-2025 01:06:38.234;05-03-2025 01:08:03.266;85032
3;05-03-2025 01:06:38.234;05-03-2025 01:08:08.275;90041
3;05-03-2025 01:06:38.234;05-03-2025 01:08:13.264;95030
3;05-03-2025 01:06:38.234;05-03-2025 01:08:18.269;100035
3;05-03-2025 01:06:38.234;05-03-2025 01:08:23.272;105038
3;05-03-2025 01:06:38.234;05-03-2025 01:08:28.260;110026
1;05-03-2025 01:08:05.550;05-03-2025 01:08:29.598;24048
3;05-03-2025 01:06:38.234;05-03-2025 01:08:33.264;115030
3;05-03-2025 01:06:38.234;05-03-2025 01:08:38.270;120036
3;05-03-2025 01:06:38.234;05-03-2025 01:08:43.261;125027
3;05-03-2025 01:06:38.234;05-03-2025 01:08:48.261;130027
3;05-03-2025 01:09:03.234;05-03-2025 01:09:03.276;42
3;05-03-2025 01:09:03.234;05-03-2025 01:09:03.322;88
3;05-03-2025 01:09:03.234;05-03-2025 01:09:08.265;5031
3;05-03-2025 01:09:03.234;05-03-2025 01:09:13.267;10033
3;05-03-2025 01:09:03.234;05-03-2025 01:09:18.272;15038
3;05-03-2025 01:09:03.234;05-03-2025 01:09:23.264;20030
3;05-03-2025 01:09:03.234;05-03-2025 01:09:28.266;25032
3;05-03-2025 01:09:03.234;05-03-2025 01:09:33.272;30038
3;05-03-2025 01:09:03.234;05-03-2025 01:09:38.263;35029
3;05-03-2025 01:09:03.234;05-03-2025 01:09:43.266;40032
3;05-03-2025 01:09:03.234;05-03-2025 01:09:48.269;45035
3;05-03-2025 01:09:03.234;05-03-2025 01:09:53.274;50040
3;05-03-2025 01:09:03.234;05-03-2025 01:09:58.265;55031
3;05-03-2025 01:09:03.234;05-03-2025 01:10:03.271;60037
3;05-03-2025 01:09:03.234;05-03-2025 01:10:08.260;65026
3;05-03-2025 01:09:03.234;05-03-2025 01:10:13.266;70032
1;05-03-2025 01:10:04.540;05-03-2025 01:10:19.255;14715
1;05-03-2025 01:10:04.540;05-03-2025 01:10:23.646;19106
3;05-03-2025 01:10:28.226;05-03-2025 01:10:28.260;34
1;05-03-2025 01:10:27.884;05-03-2025 01:10:28.395;511
3;05-03-2025 01:10:28.226;05-03-2025 01:10:33.269;5043
1;05-03-2025 01:10:27.884;05-03-2025 01:10:35.597;7713
3;05-03-2025 01:10:28.226;05-03-2025 01:10:38.269;10043
3;05-03-2025 01:10:28.226;05-03-2025 01:10:43.273;15047
3;05-03-2025 01:10:28.226;05-03-2025 01:10:48.263;20037
2;05-03-2025 01:10:48.371;05-03-2025 01:10:51.181;2810
3;05-03-2025 01:10:28.226;05-03-2025 01:10:53.267;25041
3;05-03-2025 01:10:28.226;05-03-2025 01:10:58.273;30047
3;05-03-2025 01:10:28.226;05-03-2025 01:11:03.292;35066
3;05-03-2025 01:10:28.226;05-03-2025 01:11:08.263;40037
3;05-03-2025 01:10:28.226;05-03-2025 01:11:13.267;45041
3;05-03-2025 01:10:28.226;05-03-2025 01:11:18.269;50043
3;05-03-2025 01:11:28.227;05-03-2025 01:11:28.260;33
1;05-03-2025 01:11:24.620;05-03-2025 01:11:31.259;6639
3;05-03-2025 01:11:28.227;05-03-2025 01:11:33.265;5038
3;05-03-2025 01:11:28.227;05-03-2025 01:11:38.270;10043
3;05-03-2025 01:11:53.233;05-03-2025 01:11:53.284;51
3;05-03-2025 01:12:03.305;05-03-2025 01:12:03.357;52
3;05-03-2025 01:12:03.305;05-03-2025 01:12:03.431;126
3;05-03-2025 01:12:03.305;05-03-2025 01:12:08.270;4965
3;05-03-2025 01:12:03.305;05-03-2025 01:12:13.275;9970
3;05-03-2025 01:12:03.305;05-03-2025 01:12:18.279;14974
3;05-03-2025 01:12:03.305;05-03-2025 01:12:23.271;19966
3;05-03-2025 01:12:03.305;05-03-2025 01:12:28.271;24966
3;05-03-2025 01:12:03.305;05-03-2025 01:12:33.265;29960
3;05-03-2025 01:12:03.305;05-03-2025 01:12:38.266;34961
3;05-03-2025 01:12:03.305;05-03-2025 01:12:43.270;39965
3;05-03-2025 01:12:03.305;05-03-2025 01:12:48.274;44969
3;05-03-2025 01:12:03.305;05-03-2025 01:12:53.264;49959
3;05-03-2025 01:12:03.305;05-03-2025 01:12:58.269;54964
0;05-03-2025 01:12:57.270;05-03-2025 01:13:00.469;3199
3;05-03-2025 01:12:03.305;05-03-2025 01:13:03.273;59968
0;05-03-2025 01:12:57.270;05-03-2025 01:13:03.730;6460
3;05-03-2025 01:12:03.305;05-03-2025 01:13:08.263;64958
3;05-03-2025 01:12:03.305;05-03-2025 01:13:13.267;69962
0;05-03-2025 01:13:06.160;05-03-2025 01:13:17.708;11548
3;05-03-2025 01:12:03.305;05-03-2025 01:13:18.272;74967
3;05-03-2025 01:12:03.305;05-03-2025 01:13:23.274;79969
0;05-03-2025 01:13:06.160;05-03-2025 01:13:26.770;20610
3;05-03-2025 01:12:03.305;05-03-2025 01:13:28.263;84958
3;05-03-2025 01:12:03.305;05-03-2025 01:13:33.271;89966
3;05-03-2025 01:12:03.305;05-03-2025 01:13:38.289;94984
0;05-03-2025 01:13:28.249;05-03-2025 01:13:42.779;14530
3;05-03-2025 01:12:03.305;05-03-2025 01:13:43.264;99959
3;05-03-2025 01:12:03.305;05-03-2025 01:13:48.270;104965
0;05-03-2025 01:13:28.249;05-03-2025 01:13:50.630;22381
3;05-03-2025 01:12:03.305;05-03-2025 01:13:53.273;109968
1;05-03-2025 01:13:21.303;05-03-2025 01:13:54.875;33572
3;05-03-2025 01:12:03.305;05-03-2025 01:13:58.276;114971
0;05-03-2025 01:13:28.249;05-03-2025 01:14:01.663;33414
3;05-03-2025 01:12:03.305;05-03-2025 01:14:03.269;119964
3;05-03-2025 01:12:03.305;05-03-2025 01:14:08.274;124969
3;05-03-2025 01:12:03.305;05-03-2025 01:14:13.264;129959
3;05-03-2025 01:12:03.305;05-03-2025 01:14:18.268;134963
3;05-03-2025 01:12:03.305;05-03-2025 01:14:23.273;139968
3;05-03-2025 01:12:03.305;05-03-2025 01:14:28.265;144960
3;05-03-2025 01:12:03.305;05-03-2025 01:14:33.270;149965
3;05-03-2025 01:12:03.305;05-03-2025 01:14:38.271;154966
0;05-03-2025 01:14:21.839;05-03-2025 01:14:41.928;20089
3;05-03-2025 01:12:03.305;05-03-2025 01:14:43.279;159974
0;05-03-2025 01:14:21.839;05-03-2025 01:14:46.006;24167
3;05-03-2025 01:12:03.305;05-03-2025 01:14:48.265;164960
3;05-03-2025 01:12:03.305;05-03-2025 01:14:53.270;169965
3;05-03-2025 01:12:03.305;05-03-2025 01:14:58.263;174958
1;05-03-2025 01:14:54.962;05-03-2025 01:15:00.352;5390
0;05-03-2025 01:14:21.839;05-03-2025 01:15:00.598;38759
3;05-03-2025 01:12:03.305;05-03-2025 01:15:03.265;179960
3;05-03-2025 01:12:03.305;05-03-2025 01:15:08.272;184967
0;05-03-2025 01:15:10.959;05-03-2025 01:15:13.176;2217
3;05-03-2025 01:12:03.305;05-03-2025 01:15:13.263;189958
1;05-03-2025 01:14:54.962;05-03-2025 01:15:16.212;21250
3;05-03-2025 01:12:03.305;05-03-2025 01:15:18.270;194965
1;05-03-2025 01:14:54.962;05-03-2025 01:15:18.468;23506
3;05-03-2025 01:12:03.305;05-03-2025 01:15:23.271;199966
2;05-03-2025 01:15:16.163;05-03-2025 01:15:25.706;9543
3;05-03-2025 01:12:03.305;05-03-2025 01:15:28.260;204955
1;05-03-2025 01:14:54.962;05-03-2025 01:15:30.559;35597
3;05-03-2025 01:12:03.305;05-03-2025 01:15:33.264;209959
1;05-03-2025 01:14:54.962;05-03-2025 01:15:37.467;42505
3;05-03-2025 01:12:03.305;05-03-2025 01:15:38.272;214967
1;05-03-2025 01:14:54.962;05-03-2025 01:15:38.742;43780
3;05-03-2025 01:12:03.305;05-03-2025 01:15:43.276;219971
1;05-03-2025 01:15:45.148;05-03-2025 01:15:45.703;555
3;05-03-2025 01:12:03.305;05-03-2025 01:15:48.266;224961
1;05-03-2025 01:15:45.148;05-03-2025 01:15:48.411;3263
3;05-03-2025 01:12:03.305;05-03-2025 01:15:53.270;229965
1;05-03-2025 01:15:45.148;05-03-2025 01:15:57.291;12143
3;05-03-2025 01:12:03.305;05-03-2025 01:15:58.274;234969
2;05-03-2025 01:15:41.464;05-03-2025 01:16:00.411;18947
1;05-03-2025 01:15:45.148;05-03-2025 01:16:01.173;16025
3;05-03-2025 01:12:03.305;05-03-2025 01:16:03.263;239958
2;05-03-2025 01:15:41.464;05-03-2025 01:16:06.446;24982
1;05-03-2025 01:15:45.148;05-03-2025 01:16:07.222;22074
3;05-03-2025 01:12:03.305;05-03-2025 01:16:08.252;244947
3;05-03-2025 01:12:03.305;05-03-2025 01:16:13.269;249964
3;05-03-2025 01:12:03.305;05-03-2025 01:16:18.260;254955
1;05-03-2025 01:15:45.148;05-03-2025 01:16:20.591;35443
2;05-03-2025 01:16:16.334;05-03-2025 01:16:22.155;5821
1;05-03-2025 01:15:45.148;05-03-2025 01:16:23.587;38439
2;05-03-2025 01:16:16.334;05-03-2025 01:16:28.120;11786
1;05-03-2025 01:15:45.148;05-03-2025 01:16:31.252;46104
3;05-03-2025 01:16:33.233;05-03-2025 01:16:33.289;56
1;05-03-2025 01:15:45.148;05-03-2025 01:16:35.412;50264
2;05-03-2025 01:16:16.334;05-03-2025 01:16:38.785;22451
1;05-03-2025 01:15:45.148;05-03-2025 01:16:40.748;55600
3;05-03-2025 01:16:43.311;05-03-2025 01:16:43.363;52
3;05-03-2025 01:16:43.311;05-03-2025 01:16:43.411;100
1;05-03-2025 01:15:45.148;05-03-2025 01:16:46.348;61200
3;05-03-2025 01:16:43.311;05-03-2025 01:16:48.274;4963
2;05-03-2025 01:16:16.334;05-03-2025 01:16:51.961;35627
3;05-03-2025 01:16:43.311;05-03-2025 01:16:53.264;9953
2;05-03-2025 01:16:16.334;05-03-2025 01:16:55.387;39053
3;05-03-2025 01:16:43.311;05-03-2025 01:16:58.267;14956
1;05-03-2025 01:15:45.148;05-03-2025 01:17:01.236;76088
3;05-03-2025 01:16:43.311;05-03-2025 01:17:03.273;19962
3;05-03-2025 01:16:43.311;05-03-2025 01:17:08.265;24954
3;05-03-2025 01:16:43.311;05-03-2025 01:17:13.271;29960
1;05-03-2025 01:15:45.148;05-03-2025 01:17:15.925;90777
3;05-03-2025 01:16:43.311;05-03-2025 01:17:18.261;34950
3;05-03-2025 01:16:43.311;05-03-2025 01:17:23.266;39955
0;05-03-2025 01:17:14.574;05-03-2025 01:17:25.595;11021
1;05-03-2025 01:15:45.148;05-03-2025 01:17:26.794;101646
3;05-03-2025 01:16:43.311;05-03-2025 01:17:28.275;44964
1;05-03-2025 01:15:45.148;05-03-2025 01:17:29.050;103902
0;05-03-2025 01:17:14.574;05-03-2025 01:17:30.799;16225
2;05-03-2025 01:17:12.156;05-03-2025 01:17:32.535;20379
3;05-03-2025 01:16:43.311;05-03-2025 01:17:33.262;49951
0;05-03-2025 01:17:14.574;05-03-2025 01:17:36.583;22009
3;05-03-2025 01:16:43.311;05-03-2025 01:17:38.270;54959
0;05-03-2025 01:17:14.574;05-03-2025 01:17:39.495;24921
3;05-03-2025 01:16:43.311;05-03-2025 01:17:43.274;59963
1;05-03-2025 01:15:45.148;05-03-2025 01:17:46.368;121220
0;05-03-2025 01:17:47.766;05-03-2025 01:17:48.176;410
3;05-03-2025 01:16:43.311;05-03-2025 01:17:48.262;64951
0;05-03-2025 01:17:47.766;05-03-2025 01:17:49.168;1402
1;05-03-2025 01:15:45.148;05-03-2025 01:17:50.958;125810
3;05-03-2025 01:16:43.311;05-03-2025 01:17:53.267;69956
3;05-03-2025 01:16:43.311;05-03-2025 01:17:58.273;74962
3;05-03-2025 01:16:43.311;05-03-2025 01:18:03.266;79955
3;05-03-2025 01:16:43.311;05-03-2025 01:18:08.270;84959
1;05-03-2025 01:15:45.148;05-03-2025 01:18:11.765;146617
3;05-03-2025 01:16:43.311;05-03-2025 01:18:13.274;89963
3;05-03-2025 01:16:43.311;05-03-2025 01:18:18.264;94953
3;05-03-2025 01:16:43.311;05-03-2025 01:18:23.267;99956
3;05-03-2025 01:16:43.311;05-03-2025 01:18:28.258;104947
3;05-03-2025 01:16:43.311;05-03-2025 01:18:33.264;109953
1;05-03-2025 01:15:45.148;05-03-2025 01:18:35.674;170526
3;05-03-2025 01:16:43.311;05-03-2025 01:18:38.269;114958
1;05-03-2025 01:15:45.148;05-03-2025 01:18:39.000;173852
3;05-03-2025 01:18:53.233;05-03-2025 01:18:53.309;76
3;05-03-2025 01:18:53.233;05-03-2025 01:18:53.362;129
3;05-03-2025 01:18:53.233;05-03-2025 01:18:58.255;5022
1;05-03-2025 01:15:45.148;05-03-2025 01:19:01.256;196108
3;05-03-2025 01:18:53.233;05-03-2025 01:19:03.262;10029
2;05-03-2025 01:19:05.430;05-03-2025 01:19:05.816;386
1;05-03-2025 01:15:45.148;05-03-2025 01:19:07.698;202550
3;05-03-2025 01:18:53.233;05-03-2025 01:19:08.270;15037
1;05-03-2025 01:15:45.148;05-03-2025 01:19:10.575;205427
2;05-03-2025 01:19:05.430;05-03-2025 01:19:11.326;5896
3;05-03-2025 01:18:53.233;05-03-2025 01:19:13.273;20040
2;05-03-2025 01:19:05.430;05-03-2025 01:19:16.143;10713
3;05-03-2025 01:18:53.233;05-03-2025 01:19:18.278;25045
3;05-03-2025 01:18:53.233;05-03-2025 01:19:23.268;30035
3;05-03-2025 01:18:53.233;05-03-2025 01:19:28.274;35041
1;05-03-2025 01:15:45.148;05-03-2025 01:19:29.757;224609
2;05-03-2025 01:19:05.430;05-03-2025 01:19:30.796;25366
3;05-03-2025 01:18:53.233;05-03-2025 01:19:33.262;40029
2;05-03-2025 01:19:05.430;05-03-2025 01:19:33.450;28020
1;05-03-2025 01:19:30.675;05-03-2025 01:19:36.358;5683
3;05-03-2025 01:18:53.233;05-03-2025 01:19:38.268;45035
2;05-03-2025 01:19:05.430;05-03-2025 01:19:40.273;34843
3;05-03-2025 01:18:53.233;05-03-2025 01:19:43.271;50038
2;05-03-2025 01:19:05.430;05-03-2025 01:19:46.177;40747
3;05-03-2025 01:18:53.233;05-03-2025 01:19:48.263;55030
2;05-03-2025 01:19:05.430;05-03-2025 01:19:50.592;45162
3;05-03-2025 01:18:53.233;05-03-2025 01:19:53.265;60032
3;05-03-2025 01:18:53.233;05-03-2025 01:19:58.269;65036
2;05-03-2025 01:19:05.430;05-03-2025 01:20:01.511;56081
3;05-03-2025 01:18:53.233;05-03-2025 01:20:03.280;70047
2;05-03-2025 01:19:05.430;05-03-2025 01:20:07.378;61948
3;05-03-2025 01:18:53.233;05-03-2025 01:20:08.269;75036
1;05-03-2025 01:19:30.675;05-03-2025 01:20:11.194;40519
3;05-03-2025 01:18:53.233;05-03-2025 01:20:13.257;80024
1;05-03-2025 01:19:30.675;05-03-2025 01:20:15.745;45070
3;05-03-2025 01:18:53.233;05-03-2025 01:20:18.276;85043
3;05-03-2025 01:18:53.233;05-03-2025 01:20:23.262;90029
3;05-03-2025 01:18:53.233;05-03-2025 01:20:28.267;95034
3;05-03-2025 01:20:43.233;05-03-2025 01:20:43.286;53
3;05-03-2025 01:20:43.233;05-03-2025 01:20:43.333;100
3;05-03-2025 01:20:43.233;05-03-2025 01:20:48.274;5041
3;05-03-2025 01:20:43.233;05-03-2025 01:20:53.262;10029
2;05-03-2025 01:19:05.430;05-03-2025 01:20:55.658;110228
1;05-03-2025 01:19:30.675;05-03-2025 01:20:55.927;85252
3;05-03-2025 01:20:43.233;05-03-2025 01:20:58.269;15036
3;05-03-2025 01:20:43.233;05-03-2025 01:21:03.274;20041
2;05-03-2025 01:19:05.430;05-03-2025 01:21:06.048;120618
3;05-03-2025 01:20:43.233;05-03-2025 01:21:08.262;25029
3;05-03-2025 01:20:43.233;05-03-2025 01:21:13.269;30036
2;05-03-2025 01:19:05.430;05-03-2025 01:21:16.315;130885
3;05-03-2025 01:20:43.233;05-03-2025 01:21:18.273;35040
3;05-03-2025 01:20:43.233;05-03-2025 01:21:23.261;40028
3;05-03-2025 01:20:43.233;05-03-2025 01:21:28.283;45050
3;05-03-2025 01:20:43.233;05-03-2025 01:21:33.270;50037
3;05-03-2025 01:20:43.233;05-03-2025 01:21:38.261;55028
1;05-03-2025 01:21:18.917;05-03-2025 01:21:41.292;22375
3;05-03-2025 01:20:43.233;05-03-2025 01:21:43.266;60033
3;05-03-2025 01:20:43.233;05-03-2025 01:21:48.270;65037
3;05-03-2025 01:20:43.233;05-03-2025 01:21:53.259;70026
3;05-03-2025 01:20:43.233;05-03-2025 01:21:58.263;75030
3;05-03-2025 01:20:43.233;05-03-2025 01:22:03.266;80033
3;05-03-2025 01:20:43.233;05-03-2025 01:22:08.273;85040
3;05-03-2025 01:20:43.233;05-03-2025 01:22:17.093;93860
3;05-03-2025 01:20:43.233;05-03-2025 01:22:18.272;95039
3;05-03-2025 01:20:43.233;05-03-2025 01:22:23.272;100039
3;05-03-2025 01:20:43.233;05-03-2025 01:22:28.262;105029
3;05-03-2025 01:20:43.233;05-03-2025 01:22:33.266;110033
3;05-03-2025 01:20:43.233;05-03-2025 01:22:38.270;115037
3;05-03-2025 01:20:43.233;05-03-2025 01:22:43.276;120043
1;05-03-2025 01:22:37.079;05-03-2025 01:22:45.122;8043
3;05-03-2025 01:20:43.233;05-03-2025 01:22:48.265;125032
3;05-03-2025 01:23:03.232;05-03-2025 01:23:03.283;51
3;05-03-2025 01:23:03.232;05-03-2025 01:23:03.332;100
3;05-03-2025 01:23:03.232;05-03-2025 01:23:08.272;5040
3;05-03-2025 01:23:03.232;05-03-2025 01:23:13.262;10030
1;05-03-2025 01:23:14.775;05-03-2025 01:23:15.718;943
3;05-03-2025 01:23:03.232;05-03-2025 01:23:18.283;15051
3;05-03-2025 01:23:03.232;05-03-2025 01:23:23.273;20041
3;05-03-2025 01:23:03.232;05-03-2025 01:23:28.264;25032
3;05-03-2025 01:23:03.232;05-03-2025 01:23:33.268;30036
3;05-03-2025 01:23:03.232;05-03-2025 01:23:38.270;35038
1;05-03-2025 01:23:14.775;05-03-2025 01:23:40.552;25777
3;05-03-2025 01:23:03.232;05-03-2025 01:23:43.261;40029
3;05-03-2025 01:23:03.232;05-03-2025 01:23:48.265;45033
1;05-03-2025 01:23:41.821;05-03-2025 01:23:51.586;9765
3;05-03-2025 01:23:03.232;05-03-2025 01:23:53.271;50039
3;05-03-2025 01:23:03.232;05-03-2025 01:23:58.277;55045
3;05-03-2025 01:23:03.232;05-03-2025 01:24:03.263;60031
3;05-03-2025 01:23:03.232;05-03-2025 01:24:08.266;65034
3;05-03-2025 01:23:03.232;05-03-2025 01:24:13.273;70041
3;05-03-2025 01:23:03.232;05-03-2025 01:24:18.276;75044
3;05-03-2025 01:23:03.232;05-03-2025 01:24:23.265;80033
3;05-03-2025 01:24:38.234;05-03-2025 01:24:38.276;42
3;05-03-2025 01:24:48.301;05-03-2025 01:24:48.349;48
3;05-03-2025 01:24:48.301;05-03-2025 01:24:48.413;112
3;05-03-2025 01:24:48.301;05-03-2025 01:24:53.268;4967
2;05-03-2025 01:24:14.179;05-03-2025 01:24:55.502;41323
3;05-03-2025 01:24:48.301;05-03-2025 01:24:58.273;9972
3;05-03-2025 01:24:48.301;05-03-2025 01:25:03.268;14967
2;05-03-2025 01:24:14.179;05-03-2025 01:25:05.943;51764
3;05-03-2025 01:24:48.301;05-03-2025 01:25:08.269;19968
3;05-03-2025 01:24:48.301;05-03-2025 01:25:13.275;24974
3;05-03-2025 01:24:48.301;05-03-2025 01:25:18.280;29979
3;05-03-2025 01:24:48.301;05-03-2025 01:25:23.266;34965
3;05-03-2025 01:24:48.301;05-03-2025 01:25:28.269;39968
3;05-03-2025 01:24:48.301;05-03-2025 01:25:33.275;44974
2;05-03-2025 01:24:14.179;05-03-2025 01:25:36.786;82607
3;05-03-2025 01:24:48.301;05-03-2025 01:25:38.264;49963
3;05-03-2025 01:24:48.301;05-03-2025 01:25:43.252;54951
3;05-03-2025 01:24:48.301;05-03-2025 01:25:48.276;59975
3;05-03-2025 01:24:48.301;05-03-2025 01:25:53.263;64962
3;05-03-2025 01:24:48.301;05-03-2025 01:25:58.269;69968
3;05-03-2025 01:24:48.301;05-03-2025 01:26:03.275;74974
3;05-03-2025 01:24:48.301;05-03-2025 01:26:08.262;79961
3;05-03-2025 01:24:48.301;05-03-2025 01:26:13.266;84965
3;05-03-2025 01:24:48.301;05-03-2025 01:26:18.255;89954
3;05-03-2025 01:24:48.301;05-03-2025 01:26:23.276;94975
3;05-03-2025 01:24:48.301;05-03-2025 01:26:28.265;99964
1;05-03-2025 01:26:22.189;05-03-2025 01:26:30.798;8609
3;05-03-2025 01:24:48.301;05-03-2025 01:26:33.270;104969
2;05-03-2025 01:24:14.179;05-03-2025 01:26:36.717;142538
1;05-03-2025 01:26:35.816;05-03-2025 01:26:36.925;1109
3;05-03-2025 01:24:48.301;05-03-2025 01:26:38.275;109974
2;05-03-2025 01:24:14.179;05-03-2025 01:26:42.090;147911
3;05-03-2025 01:24:48.301;05-03-2025 01:26:43.264;114963
3;05-03-2025 01:24:48.301;05-03-2025 01:26:48.267;119966
3;05-03-2025 01:24:48.301;05-03-2025 01:26:53.272;124971
2;05-03-2025 01:24:14.179;05-03-2025 01:26:56.560;162381
3;05-03-2025 01:24:48.301;05-03-2025 01:26:58.263;129962
3;05-03-2025 01:24:48.301;05-03-2025 01:27:03.269;134968
3;05-03-2025 01:24:48.301;05-03-2025 01:27:08.273;139972
2;05-03-2025 01:24:14.179;05-03-2025 01:27:12.632;178453
3;05-03-2025 01:24:48.301;05-03-2025 01:27:13.262;144961
2;05-03-2025 01:24:14.179;05-03-2025 01:27:16.205;182026
3;05-03-2025 01:24:48.301;05-03-2025 01:27:18.265;149964
2;05-03-2025 01:24:14.179;05-03-2025 01:27:22.810;188631
3;05-03-2025 01:24:48.301;05-03-2025 01:27:23.270;154969
3;05-03-2025 01:24:48.301;05-03-2025 01:27:28.274;159973
2;05-03-2025 01:24:14.179;05-03-2025 01:27:30.612;196433
3;05-03-2025 01:24:48.301;05-03-2025 01:27:33.276;164975
3;05-03-2025 01:24:48.301;05-03-2025 01:27:38.265;169964
1;05-03-2025 01:27:16.091;05-03-2025 01:27:41.235;25144
3;05-03-2025 01:24:48.301;05-03-2025 01:27:43.273;174972
1;05-03-2025 01:27:16.091;05-03-2025 01:27:43.678;27587
2;05-03-2025 01:24:14.179;05-03-2025 01:27:47.072;212893
3;05-03-2025 01:24:48.301;05-03-2025 01:27:48.261;179960
2;05-03-2025 01:24:14.179;05-03-2025 01:27:50.735;216556
3;05-03-2025 01:24:48.301;05-03-2025 01:27:53.266;184965
3;05-03-2025 01:24:48.301;05-03-2025 01:27:58.272;189971
3;05-03-2025 01:24:48.301;05-03-2025 01:28:03.276;194975
3;05-03-2025 01:24:48.301;05-03-2025 01:28:08.265;199964
1;05-03-2025 01:27:16.091;05-03-2025 01:28:10.750;54659
3;05-03-2025 01:24:48.301;05-03-2025 01:28:13.269;204968
1;05-03-2025 01:27:16.091;05-03-2025 01:28:16.605;60514
3;05-03-2025 01:24:48.301;05-03-2025 01:28:18.275;209974
3;05-03-2025 01:24:48.301;05-03-2025 01:28:23.265;214964
3;05-03-2025 01:24:48.301;05-03-2025 01:28:28.269;219968
3;05-03-2025 01:24:48.301;05-03-2025 01:28:33.273;224972
3;05-03-2025 01:24:48.301;05-03-2025 01:28:38.266;229965
3;05-03-2025 01:24:48.301;05-03-2025 01:28:43.271;234970
3;05-03-2025 01:24:48.301;05-03-2025 01:28:48.264;239963
3;05-03-2025 01:24:48.301;05-03-2025 01:28:53.267;244966
3;05-03-2025 01:24:48.301;05-03-2025 01:28:58.270;249969
0;05-03-2025 01:27:50.255;05-03-2025 01:29:01.174;70919
3;05-03-2025 01:24:48.301;05-03-2025 01:29:03.274;254973
3;05-03-2025 01:24:48.301;05-03-2025 01:29:08.264;259963
3;05-03-2025 01:24:48.301;05-03-2025 01:29:13.268;264967
3;05-03-2025 01:24:48.301;05-03-2025 01:29:18.274;269973
2;05-03-2025 01:24:14.179;05-03-2025 01:29:22.934;308755
3;05-03-2025 01:24:48.301;05-03-2025 01:29:23.260;274959
3;05-03-2025 01:24:48.301;05-03-2025 01:29:28.264;279963
3;05-03-2025 01:29:43.232;05-03-2025 01:29:43.280;48
3;05-03-2025 01:29:43.232;05-03-2025 01:29:43.327;95
3;05-03-2025 01:29:43.232;05-03-2025 01:29:48.266;5034
3;05-03-2025 01:29:43.232;05-03-2025 01:29:53.275;10043
3;05-03-2025 01:29:43.232;05-03-2025 01:29:58.265;15033
3;05-03-2025 01:29:43.232;05-03-2025 01:30:03.272;20040
3;05-03-2025 01:29:43.232;05-03-2025 01:30:08.272;25040
3;05-03-2025 01:29:43.232;05-03-2025 01:30:13.265;30033
3;05-03-2025 01:29:43.232;05-03-2025 01:30:18.269;35037
3;05-03-2025 01:29:43.232;05-03-2025 01:30:23.271;40039
3;05-03-2025 01:29:43.232;05-03-2025 01:30:28.264;45032
3;05-03-2025 01:29:43.232;05-03-2025 01:30:33.268;50036
3;05-03-2025 01:29:43.232;05-03-2025 01:30:38.269;55037
3;05-03-2025 01:30:53.234;05-03-2025 01:30:53.312;78
3;05-03-2025 01:30:53.234;05-03-2025 01:30:53.364;130
3;05-03-2025 01:31:08.234;05-03-2025 01:31:08.285;51
3;05-03-2025 01:31:08.234;05-03-2025 01:31:08.349;115
3;05-03-2025 01:31:08.234;05-03-2025 01:31:13.275;5041
1;05-03-2025 01:31:11.352;05-03-2025 01:31:13.774;2422
3;05-03-2025 01:31:08.234;05-03-2025 01:31:18.264;10030
1;05-03-2025 01:31:19.663;05-03-2025 01:31:22.194;2531
3;05-03-2025 01:31:08.234;05-03-2025 01:31:23.272;15038
3;05-03-2025 01:31:08.234;05-03-2025 01:31:28.277;20043
3;05-03-2025 01:31:08.234;05-03-2025 01:31:33.267;25033
3;05-03-2025 01:31:08.234;05-03-2025 01:31:38.270;30036
3;05-03-2025 01:31:08.234;05-03-2025 01:31:43.273;35039
3;05-03-2025 01:31:08.234;05-03-2025 01:31:48.264;40030
3;05-03-2025 01:31:08.234;05-03-2025 01:31:53.269;45035
3;05-03-2025 01:31:08.234;05-03-2025 01:31:58.274;50040
3;05-03-2025 01:31:08.234;05-03-2025 01:32:03.263;55029
3;05-03-2025 01:31:08.234;05-03-2025 01:32:08.268;60034
3;05-03-2025 01:31:08.234;05-03-2025 01:32:13.269;65035
3;05-03-2025 01:31:08.234;05-03-2025 01:32:18.261;70027
3;05-03-2025 01:31:08.234;05-03-2025 01:32:23.266;75032
2;05-03-2025 01:32:25.990;05-03-2025 01:32:26.762;772
3;05-03-2025 01:31:08.234;05-03-2025 01:32:28.272;80038
3;05-03-2025 01:31:08.234;05-03-2025 01:32:33.264;85030
3;05-03-2025 01:31:08.234;05-03-2025 01:32:38.267;90033
3;05-03-2025 01:31:08.234;05-03-2025 01:32:43.269;95035
3;05-03-2025 01:31:08.234;05-03-2025 01:32:48.274;100040
3;05-03-2025 01:31:08.234;05-03-2025 01:32:53.265;105031
3;05-03-2025 01:31:08.234;05-03-2025 01:32:58.258;110024
0;05-03-2025 01:33:06.030;05-03-2025 01:33:12.330;6300
3;05-03-2025 01:33:13.234;05-03-2025 01:33:13.286;52
3;05-03-2025 01:33:13.234;05-03-2025 01:33:13.331;97
3;05-03-2025 01:33:13.234;05-03-2025 01:33:18.274;5040
1;05-03-2025 01:33:13.146;05-03-2025 01:33:20.214;7068
3;05-03-2025 01:33:13.234;05-03-2025 01:33:23.308;10074
3;05-03-2025 01:33:13.234;05-03-2025 01:33:28.270;15036
3;05-03-2025 01:33:13.234;05-03-2025 01:33:33.275;20041
3;05-03-2025 01:33:13.234;05-03-2025 01:33:38.263;25029
3;05-03-2025 01:33:13.234;05-03-2025 01:33:43.269;30035
3;05-03-2025 01:33:13.234;05-03-2025 01:33:48.273;35039
3;05-03-2025 01:33:13.234;05-03-2025 01:33:53.265;40031
3;05-03-2025 01:33:13.234;05-03-2025 01:33:58.269;45035
3;05-03-2025 01:33:13.234;05-03-2025 01:34:03.274;50040
3;05-03-2025 01:33:13.234;05-03-2025 01:34:08.264;55030
3;05-03-2025 01:33:13.234;05-03-2025 01:34:13.267;60033
3;05-03-2025 01:33:13.234;05-03-2025 01:34:18.288;65054
3;05-03-2025 01:33:13.234;05-03-2025 01:34:23.261;70027
3;05-03-2025 01:33:13.234;05-03-2025 01:34:28.266;75032
3;05-03-2025 01:33:13.234;05-03-2025 01:34:33.257;80023
3;05-03-2025 01:33:13.234;05-03-2025 01:34:38.263;85029
1;05-03-2025 01:34:39.843;05-03-2025 01:34:41.423;1580
3;05-03-2025 01:33:13.234;05-03-2025 01:34:43.269;90035
3;05-03-2025 01:33:13.234;05-03-2025 01:34:48.273;95039
3;05-03-2025 01:33:13.234;05-03-2025 01:34:53.262;100028
3;05-03-2025 01:33:13.234;05-03-2025 01:34:58.266;105032
3;05-03-2025 01:33:13.234;05-03-2025 01:35:03.272;110038
3;05-03-2025 01:33:13.234;05-03-2025 01:35:08.275;115041
3;05-03-2025 01:33:13.234;05-03-2025 01:35:13.274;120040
3;05-03-2025 01:33:13.234;05-03-2025 01:35:18.274;125040
3;05-03-2025 01:33:13.234;05-03-2025 01:35:23.272;130038
3;05-03-2025 01:33:13.234;05-03-2025 01:35:28.273;135039
3;05-03-2025 01:33:13.234;05-03-2025 01:35:33.261;140027
3;05-03-2025 01:33:13.234;05-03-2025 01:35:38.267;145033
3;05-03-2025 01:33:13.234;05-03-2025 01:35:43.271;150037
3;05-03-2025 01:33:13.234;05-03-2025 01:35:48.261;155027
3;05-03-2025 01:33:13.234;05-03-2025 01:35:53.266;160032
3;05-03-2025 01:33:13.234;05-03-2025 01:35:58.271;165037
3;05-03-2025 01:33:13.234;05-03-2025 01:36:03.262;170028
3;05-03-2025 01:33:13.234;05-03-2025 01:36:08.267;175033
3;05-03-2025 01:36:23.233;05-03-2025 01:36:23.279;46
3;05-03-2025 01:36:33.305;05-03-2025 01:36:33.353;48
3;05-03-2025 01:36:33.305;05-03-2025 01:36:33.402;97
3;05-03-2025 01:36:33.305;05-03-2025 01:36:38.262;4957
3;05-03-2025 01:36:33.305;05-03-2025 01:36:43.284;9979
3;05-03-2025 01:36:33.305;05-03-2025 01:36:48.272;14967
0;05-03-2025 01:36:45.875;05-03-2025 01:36:51.637;5762
3;05-03-2025 01:36:33.305;05-03-2025 01:36:53.275;19970
3;05-03-2025 01:36:33.305;05-03-2025 01:36:58.262;24957
3;05-03-2025 01:36:33.305;05-03-2025 01:37:03.269;29964
3;05-03-2025 01:36:33.305;05-03-2025 01:37:08.259;34954
3;05-03-2025 01:36:33.305;05-03-2025 01:37:13.265;39960
3;05-03-2025 01:36:33.305;05-03-2025 01:37:18.270;44965
3;05-03-2025 01:36:33.305;05-03-2025 01:37:23.294;49989
3;05-03-2025 01:36:33.305;05-03-2025 01:37:28.262;54957
3;05-03-2025 01:36:33.305;05-03-2025 01:37:33.270;59965
3;05-03-2025 01:36:33.305;05-03-2025 01:37:38.272;64967
3;05-03-2025 01:36:33.305;05-03-2025 01:37:43.264;69959
3;05-03-2025 01:36:33.305;05-03-2025 01:37:48.264;74959
3;05-03-2025 01:36:33.305;05-03-2025 01:37:53.267;79962
3;05-03-2025 01:36:33.305;05-03-2025 01:37:58.274;84969
3;05-03-2025 01:36:33.305;05-03-2025 01:38:03.262;89957
3;05-03-2025 01:36:33.305;05-03-2025 01:38:08.266;94961
3;05-03-2025 01:36:33.305;05-03-2025 01:38:13.273;99968
3;05-03-2025 01:36:33.305;05-03-2025 01:38:18.264;104959
3;05-03-2025 01:36:33.305;05-03-2025 01:38:23.269;109964
3;05-03-2025 01:36:33.305;05-03-2025 01:38:28.274;114969
1;05-03-2025 01:38:25.367;05-03-2025 01:38:30.400;5033
3;05-03-2025 01:36:33.305;05-03-2025 01:38:33.264;119959
3;05-03-2025 01:36:33.305;05-03-2025 01:38:38.271;124966
3;05-03-2025 01:36:33.305;05-03-2025 01:38:43.275;129970
3;05-03-2025 01:36:33.305;05-03-2025 01:38:48.265;134960
3;05-03-2025 01:36:33.305;05-03-2025 01:38:53.272;139967
3;05-03-2025 01:36:33.305;05-03-2025 01:38:58.276;144971
0;05-03-2025 01:38:45.230;05-03-2025 01:39:02.027;16797
3;05-03-2025 01:36:33.305;05-03-2025 01:39:03.266;149961
3;05-03-2025 01:36:33.305;05-03-2025 01:39:08.266;154961
3;05-03-2025 01:36:33.305;05-03-2025 01:39:13.270;159965
3;05-03-2025 01:36:33.305;05-03-2025 01:39:18.303;164998
3;05-03-2025 01:36:33.305;05-03-2025 01:39:23.267;169962
3;05-03-2025 01:36:33.305;05-03-2025 01:39:28.271;174966
3;05-03-2025 01:36:33.305;05-03-2025 01:39:33.263;179958
3;05-03-2025 01:36:33.305;05-03-2025 01:39:38.264;184959
3;05-03-2025 01:36:33.305;05-03-2025 01:39:43.267;189962
3;05-03-2025 01:36:33.305;05-03-2025 01:39:48.276;194971
3;05-03-2025 01:36:33.305;05-03-2025 01:39:53.263;199958
3;05-03-2025 01:36:33.305;05-03-2025 01:39:58.267;204962
3;05-03-2025 01:36:33.305;05-03-2025 01:40:03.273;209968
3;05-03-2025 01:36:33.305;05-03-2025 01:40:08.265;214960
3;05-03-2025 01:36:33.305;05-03-2025 01:40:13.267;219962
1;05-03-2025 01:40:10.520;05-03-2025 01:40:15.339;4819
3;05-03-2025 01:36:33.305;05-03-2025 01:40:18.272;224967
1;05-03-2025 01:40:10.520;05-03-2025 01:40:19.145;8625
3;05-03-2025 01:36:33.305;05-03-2025 01:40:23.269;229964
3;05-03-2025 01:36:33.305;05-03-2025 01:40:28.277;234972
3;05-03-2025 01:36:33.305;05-03-2025 01:40:33.265;239960
3;05-03-2025 01:36:33.305;05-03-2025 01:40:38.256;244951
1;05-03-2025 01:40:36.552;05-03-2025 01:40:41.192;4640
3;05-03-2025 01:36:33.305;05-03-2025 01:40:43.275;249970
3;05-03-2025 01:36:33.305;05-03-2025 01:40:48.283;254978
3;05-03-2025 01:36:33.305;05-03-2025 01:40:53.269;259964
3;05-03-2025 01:36:33.305;05-03-2025 01:40:58.274;264969
3;05-03-2025 01:36:33.305;05-03-2025 01:41:03.265;269960
2;05-03-2025 01:40:50.866;05-03-2025 01:41:05.755;14889
3;05-03-2025 01:36:33.305;05-03-2025 01:41:08.270;274965
3;05-03-2025 01:36:33.305;05-03-2025 01:41:13.276;279971
3;05-03-2025 01:36:33.305;05-03-2025 01:41:18.265;284960
3;05-03-2025 01:36:33.305;05-03-2025 01:41:23.271;289966
3;05-03-2025 01:36:33.305;05-03-2025 01:41:28.264;294959
3;05-03-2025 01:36:33.305;05-03-2025 01:41:33.267;299962
1;05-03-2025 01:41:09.886;05-03-2025 01:41:35.805;25919
3;05-03-2025 01:36:33.305;05-03-2025 01:41:38.276;304971
3;05-03-2025 01:41:53.233;05-03-2025 01:41:53.289;56
3;05-03-2025 01:41:53.233;05-03-2025 01:41:53.335;102
3;05-03-2025 01:41:53.233;05-03-2025 01:41:58.261;5028
1;05-03-2025 01:41:52.864;05-03-2025 01:42:00.942;8078
3;05-03-2025 01:41:53.233;05-03-2025 01:42:03.265;10032
1;05-03-2025 01:41:52.864;05-03-2025 01:42:05.690;12826
3;05-03-2025 01:42:18.233;05-03-2025 01:42:18.282;49
3;05-03-2025 01:42:18.233;05-03-2025 01:42:18.344;111
3;05-03-2025 01:42:18.233;05-03-2025 01:42:23.271;5038
3;05-03-2025 01:42:18.233;05-03-2025 01:42:28.275;10042
3;05-03-2025 01:42:18.233;05-03-2025 01:42:33.264;15031
3;05-03-2025 01:42:18.233;05-03-2025 01:42:38.267;20034
3;05-03-2025 01:42:18.233;05-03-2025 01:42:43.272;25039
3;05-03-2025 01:42:18.233;05-03-2025 01:42:48.264;30031
3;05-03-2025 01:42:18.233;05-03-2025 01:42:53.270;35037
3;05-03-2025 01:42:18.233;05-03-2025 01:42:58.277;40044
3;05-03-2025 01:42:18.233;05-03-2025 01:43:03.263;45030
3;05-03-2025 01:42:18.233;05-03-2025 01:43:08.267;50034
3;05-03-2025 01:42:18.233;05-03-2025 01:43:13.272;55039
3;05-03-2025 01:42:18.233;05-03-2025 01:43:18.277;60044
3;05-03-2025 01:42:18.233;05-03-2025 01:43:23.267;65034
3;05-03-2025 01:42:18.233;05-03-2025 01:43:28.272;70039
3;05-03-2025 01:42:18.233;05-03-2025 01:43:33.277;75044
1;05-03-2025 01:43:21.531;05-03-2025 01:43:35.637;14106
3;05-03-2025 01:42:18.233;05-03-2025 01:43:38.260;80027
3;05-03-2025 01:42:18.233;05-03-2025 01:43:43.265;85032
3;05-03-2025 01:42:18.233;05-03-2025 01:43:48.272;90039
3;05-03-2025 01:42:18.233;05-03-2025 01:43:53.264;95031
3;05-03-2025 01:42:18.233;05-03-2025 01:43:58.266;100033
0;05-03-2025 01:44:01.550;05-03-2025 01:44:05.935;4385
2;05-03-2025 01:43:43.607;05-03-2025 01:44:06.301;22694
1;05-03-2025 01:43:38.593;05-03-2025 01:44:07.341;28748
0;05-03-2025 01:44:01.550;05-03-2025 01:44:10.997;9447
2;05-03-2025 01:43:43.607;05-03-2025 01:44:11.165;27558
3;05-03-2025 01:44:13.234;05-03-2025 01:44:13.282;48
3;05-03-2025 01:44:13.234;05-03-2025 01:44:13.329;95
1;05-03-2025 01:44:13.956;05-03-2025 01:44:15.757;1801
3;05-03-2025 01:44:13.234;05-03-2025 01:44:18.270;5036
1;05-03-2025 01:44:17.570;05-03-2025 01:44:18.390;820
3;05-03-2025 01:44:13.234;05-03-2025 01:44:23.273;10039
3;05-03-2025 01:44:13.234;05-03-2025 01:44:28.261;15027
2;05-03-2025 01:44:38.151;05-03-2025 01:44:42.899;4748
3;05-03-2025 01:44:43.233;05-03-2025 01:44:43.272;39
3;05-03-2025 01:44:43.233;05-03-2025 01:44:43.320;87
2;05-03-2025 01:44:38.151;05-03-2025 01:44:45.122;6971
3;05-03-2025 01:44:43.233;05-03-2025 01:44:48.263;5030
3;05-03-2025 01:44:43.233;05-03-2025 01:44:53.269;10036
3;05-03-2025 01:44:43.233;05-03-2025 01:44:58.260;15027
0;05-03-2025 01:44:38.400;05-03-2025 01:44:58.479;20079
3;05-03-2025 01:44:43.233;05-03-2025 01:45:03.266;20033
3;05-03-2025 01:44:43.233;05-03-2025 01:45:10.976;27743
3;05-03-2025 01:44:43.233;05-03-2025 01:45:13.275;30042
1;05-03-2025 01:44:39.234;05-03-2025 01:45:17.426;38192
3;05-03-2025 01:44:43.233;05-03-2025 01:45:18.266;35033
3;05-03-2025 01:44:43.233;05-03-2025 01:45:23.271;40038
3;05-03-2025 01:44:43.233;05-03-2025 01:45:28.274;45041
3;05-03-2025 01:44:43.233;05-03-2025 01:45:33.264;50031
3;05-03-2025 01:44:43.233;05-03-2025 01:45:38.269;55036
3;05-03-2025 01:44:43.233;05-03-2025 01:45:43.273;60040
3;05-03-2025 01:44:43.233;05-03-2025 01:45:48.262;65029
3;05-03-2025 01:44:43.233;05-03-2025 01:45:53.268;70035
3;05-03-2025 01:44:43.233;05-03-2025 01:45:58.272;75039
3;05-03-2025 01:44:43.233;05-03-2025 01:46:03.275;80042
3;05-03-2025 01:44:43.233;05-03-2025 01:46:08.266;85033
3;05-03-2025 01:44:43.233;05-03-2025 01:46:13.271;90038
3;05-03-2025 01:44:43.233;05-03-2025 01:46:18.263;95030
3;05-03-2025 01:44:43.233;05-03-2025 01:46:23.268;100035
3;05-03-2025 01:44:43.233;05-03-2025 01:46:28.273;105040
3;05-03-2025 01:44:43.233;05-03-2025 01:46:33.263;110030
3;05-03-2025 01:44:43.233;05-03-2025 01:46:38.269;115036
3;05-03-2025 01:44:43.233;05-03-2025 01:46:43.274;120041
3;05-03-2025 01:44:43.233;05-03-2025 01:46:48.277;125044
3;05-03-2025 01:44:43.233;05-03-2025 01:46:53.267;130034
3;05-03-2025 01:44:43.233;05-03-2025 01:46:58.274;135041
3;05-03-2025 01:44:43.233;05-03-2025 01:47:03.265;140032
3;05-03-2025 01:44:43.233;05-03-2025 01:47:08.272;145039
3;05-03-2025 01:47:23.234;05-03-2025 01:47:23.289;55
3;05-03-2025 01:47:23.234;05-03-2025 01:47:23.332;98
1;05-03-2025 01:47:25.240;05-03-2025 01:47:25.665;425
3;05-03-2025 01:47:23.234;05-03-2025 01:47:28.271;5037
3;05-03-2025 01:47:23.234;05-03-2025 01:47:33.279;10045
3;05-03-2025 01:47:23.234;05-03-2025 01:47:38.271;15037
3;05-03-2025 01:47:23.234;05-03-2025 01:47:43.274;20040
3;05-03-2025 01:47:23.234;05-03-2025 01:47:48.263;25029
3;05-03-2025 01:47:23.234;05-03-2025 01:47:53.269;30035
3;05-03-2025 01:47:23.234;05-03-2025 01:47:58.275;35041
2;05-03-2025 01:47:55.086;05-03-2025 01:47:58.638;3552
3;05-03-2025 01:48:13.234;05-03-2025 01:48:13.286;52
3;05-03-2025 01:48:13.234;05-03-2025 01:48:13.334;100
3;05-03-2025 01:48:13.234;05-03-2025 01:48:18.262;5028
3;05-03-2025 01:48:13.234;05-03-2025 01:48:23.267;10033
3;05-03-2025 01:48:13.234;05-03-2025 01:48:28.271;15037
3;05-03-2025 01:48:13.234;05-03-2025 01:48:33.276;20042
3;05-03-2025 01:48:13.234;05-03-2025 01:48:38.264;25030
3;05-03-2025 01:48:13.234;05-03-2025 01:48:43.270;30036
3;05-03-2025 01:48:13.234;05-03-2025 01:48:48.260;35026
3;05-03-2025 01:48:13.234;05-03-2025 01:48:53.262;40028
3;05-03-2025 01:48:13.234;05-03-2025 01:48:58.265;45031
3;05-03-2025 01:48:13.234;05-03-2025 01:49:03.274;50040
3;05-03-2025 01:48:13.234;05-03-2025 01:49:08.262;55028
3;05-03-2025 01:48:13.234;05-03-2025 01:49:13.270;60036
2;05-03-2025 01:49:00.425;05-03-2025 01:49:16.827;16402
3;05-03-2025 01:53:53.247;05-03-2025 01:53:58.276;5029
2;05-03-2025 01:53:57.358;05-03-2025 01:53:58.512;1154
0;05-03-2025 01:53:59.419;05-03-2025 01:54:01.163;1744
3;05-03-2025 01:53:53.247;05-03-2025 01:54:03.264;10017
3;05-03-2025 01:53:53.247;05-03-2025 01:54:08.272;15025
3;05-03-2025 01:53:53.247;05-03-2025 01:54:13.275;20028
1;05-03-2025 01:54:17.703;05-03-2025 01:54:17.951;248
3;05-03-2025 01:53:53.247;05-03-2025 01:54:18.278;25031
1;05-03-2025 01:54:20.595;05-03-2025 01:54:22.667;2072
3;05-03-2025 01:53:53.247;05-03-2025 01:54:23.265;30018
1;05-03-2025 01:54:20.595;05-03-2025 01:54:25.787;5192
3;05-03-2025 01:53:53.247;05-03-2025 01:54:28.271;35024
1;05-03-2025 01:54:20.595;05-03-2025 01:54:28.554;7959
3;05-03-2025 01:53:53.247;05-03-2025 01:54:33.261;40014
3;05-03-2025 01:53:53.247;05-03-2025 01:54:38.278;45031
1;05-03-2025 01:54:36.476;05-03-2025 01:54:40.256;3780
3;05-03-2025 01:53:53.247;05-03-2025 01:54:43.270;50023
3;05-03-2025 01:53:53.247;05-03-2025 01:54:48.273;55026
3;05-03-2025 01:53:53.247;05-03-2025 01:54:53.262;60015
3;05-03-2025 01:53:53.247;05-03-2025 01:54:58.269;65022
1;05-03-2025 01:54:59.514;05-03-2025 01:55:02.594;3080
3;05-03-2025 01:53:53.247;05-03-2025 01:55:03.274;70027
3;05-03-2025 01:53:53.247;05-03-2025 01:55:08.269;75022
3;05-03-2025 01:53:53.247;05-03-2025 01:55:13.269;80022
1;05-03-2025 01:55:02.700;05-03-2025 01:55:17.610;14910
3;05-03-2025 01:53:53.247;05-03-2025 01:55:18.274;85027
3;05-03-2025 01:53:53.247;05-03-2025 01:55:23.264;90017
3;05-03-2025 01:53:53.247;05-03-2025 01:55:28.269;95022
3;05-03-2025 01:53:53.247;05-03-2025 01:55:33.275;100028
3;05-03-2025 01:53:53.247;05-03-2025 01:55:38.266;105019
3;05-03-2025 01:53:53.247;05-03-2025 01:55:43.269;110022
3;05-03-2025 01:55:58.233;05-03-2025 01:55:58.287;54
3;05-03-2025 01:55:58.233;05-03-2025 01:55:58.334;101
3;05-03-2025 01:55:58.233;05-03-2025 01:56:03.275;5042
3;05-03-2025 01:55:58.233;05-03-2025 01:56:08.291;10058
3;05-03-2025 01:55:58.233;05-03-2025 01:56:13.273;15040
0;05-03-2025 01:56:10.663;05-03-2025 01:56:17.373;6710
3;05-03-2025 01:55:58.233;05-03-2025 01:56:18.277;20044
1;05-03-2025 01:55:02.700;05-03-2025 01:56:20.733;78033
3;05-03-2025 01:55:58.233;05-03-2025 01:56:23.262;25029
3;05-03-2025 01:55:58.233;05-03-2025 01:56:28.267;30034
3;05-03-2025 01:55:58.233;05-03-2025 01:56:33.271;35038
3;05-03-2025 01:55:58.233;05-03-2025 01:56:38.275;40042
3;05-03-2025 01:55:58.233;05-03-2025 01:56:43.265;45032
3;05-03-2025 01:55:58.233;05-03-2025 01:56:48.267;50034
1;05-03-2025 01:56:23.641;05-03-2025 01:56:48.608;24967
3;05-03-2025 01:55:58.233;05-03-2025 01:56:53.273;55040
3;05-03-2025 01:55:58.233;05-03-2025 01:56:58.265;60032
3;05-03-2025 01:55:58.233;05-03-2025 01:57:03.270;65037
3;05-03-2025 01:57:18.235;05-03-2025 01:57:18.289;54
3;05-03-2025 01:57:18.235;05-03-2025 01:57:18.371;136
3;05-03-2025 01:57:18.235;05-03-2025 01:57:23.262;5027
2;05-03-2025 01:57:03.332;05-03-2025 01:57:27.479;24147
3;05-03-2025 01:57:18.235;05-03-2025 01:57:28.269;10034
3;05-03-2025 01:57:18.235;05-03-2025 01:57:33.275;15040
3;05-03-2025 01:57:18.235;05-03-2025 01:57:38.264;20029
3;05-03-2025 01:57:18.235;05-03-2025 01:57:43.267;25032
3;05-03-2025 01:57:18.235;05-03-2025 01:57:48.275;30040
2;05-03-2025 01:57:50.640;05-03-2025 01:57:51.639;999
3;05-03-2025 01:57:18.235;05-03-2025 01:57:53.277;35042
3;05-03-2025 01:57:18.235;05-03-2025 01:57:58.266;40031
3;05-03-2025 01:57:18.235;05-03-2025 01:58:03.273;45038
3;05-03-2025 01:57:18.235;05-03-2025 01:58:08.270;50035
1;05-03-2025 01:56:56.746;05-03-2025 01:58:16.030;79284
2;05-03-2025 01:57:50.640;05-03-2025 01:58:16.206;25566
1;05-03-2025 01:56:56.746;05-03-2025 01:58:19.245;82499
2;05-03-2025 01:57:50.640;05-03-2025 01:58:21.369;30729
3;05-03-2025 01:58:23.235;05-03-2025 01:58:23.279;44
3;05-03-2025 01:58:23.235;05-03-2025 01:58:23.342;107
3;05-03-2025 01:58:23.235;05-03-2025 01:58:28.269;5034
3;05-03-2025 01:58:23.235;05-03-2025 01:58:33.275;10040
1;05-03-2025 01:56:56.746;05-03-2025 01:58:37.822;101076
3;05-03-2025 01:58:23.235;05-03-2025 01:58:38.260;15025
2;05-03-2025 01:58:25.697;05-03-2025 01:58:41.354;15657
2;05-03-2025 01:58:25.697;05-03-2025 01:58:46.298;20601
1;05-03-2025 01:56:56.746;05-03-2025 01:58:46.474;109728
1;05-03-2025 01:58:47.216;05-03-2025 01:58:50.682;3466
1;05-03-2025 01:58:47.216;05-03-2025 01:59:00.709;13493
2;05-03-2025 01:58:54.871;05-03-2025 01:59:00.773;5902
3;05-03-2025 01:59:03.256;05-03-2025 01:59:03.302;46
3;05-03-2025 01:59:03.256;05-03-2025 01:59:03.350;94
3;05-03-2025 01:59:03.256;05-03-2025 01:59:03.397;141
2;05-03-2025 01:58:54.871;05-03-2025 01:59:06.080;11209
1;05-03-2025 01:58:47.216;05-03-2025 01:59:06.704;19488
1;05-03-2025 01:58:47.216;05-03-2025 01:59:08.665;21449
2;05-03-2025 01:58:54.871;05-03-2025 01:59:11.099;16228
2;05-03-2025 01:58:54.871;05-03-2025 01:59:15.566;20695
1;05-03-2025 01:58:47.216;05-03-2025 01:59:15.630;28414
3;05-03-2025 01:59:18.234;05-03-2025 01:59:18.285;51
3;05-03-2025 01:59:18.234;05-03-2025 01:59:18.332;98
2;05-03-2025 01:58:54.871;05-03-2025 01:59:18.759;23888
3;05-03-2025 01:59:18.234;05-03-2025 01:59:23.261;5027
3;05-03-2025 01:59:18.234;05-03-2025 01:59:28.265;10031
1;05-03-2025 01:58:47.216;05-03-2025 01:59:30.944;43728
3;05-03-2025 01:59:18.234;05-03-2025 01:59:33.271;15037
1;05-03-2025 01:58:47.216;05-03-2025 01:59:35.664;48448
2;05-03-2025 01:58:54.871;05-03-2025 01:59:36.589;41718
3;05-03-2025 01:59:48.236;05-03-2025 01:59:48.287;51
3;05-03-2025 01:59:48.236;05-03-2025 01:59:48.374;138
3;05-03-2025 01:59:48.236;05-03-2025 01:59:53.276;5040
1;05-03-2025 01:58:47.216;05-03-2025 01:59:56.850;69634
3;05-03-2025 01:59:48.236;05-03-2025 01:59:58.264;10028
1;05-03-2025 02:00:02.397;05-03-2025 02:00:02.561;164
3;05-03-2025 01:59:48.236;05-03-2025 02:00:03.271;15035
3;05-03-2025 01:59:48.236;05-03-2025 02:00:08.283;20047
3;05-03-2025 01:59:48.236;05-03-2025 02:00:13.268;25032
3;05-03-2025 01:59:48.236;05-03-2025 02:00:18.272;30036
1;05-03-2025 02:00:02.397;05-03-2025 02:00:23.163;20766
3;05-03-2025 01:59:48.236;05-03-2025 02:00:23.264;35028
3;05-03-2025 01:59:48.236;05-03-2025 02:00:28.265;40029
1;05-03-2025 02:00:02.397;05-03-2025 02:00:30.901;28504
3;05-03-2025 01:59:48.236;05-03-2025 02:00:33.271;45035
2;05-03-2025 01:58:54.871;05-03-2025 02:00:33.382;98511
3;05-03-2025 01:59:48.236;05-03-2025 02:00:38.265;50029
3;05-03-2025 01:59:48.236;05-03-2025 02:00:43.268;55032
3;05-03-2025 01:59:48.236;05-03-2025 02:00:48.275;60039
3;05-03-2025 01:59:48.236;05-03-2025 02:00:53.265;65029
3;05-03-2025 01:59:48.236;05-03-2025 02:00:58.272;70036
3;05-03-2025 01:59:48.236;05-03-2025 02:01:03.276;75040
3;05-03-2025 01:59:48.236;05-03-2025 02:01:08.281;80045
1;05-03-2025 02:00:02.397;05-03-2025 02:01:11.209;68812
2;05-03-2025 02:00:52.510;05-03-2025 02:01:11.261;18751
3;05-03-2025 01:59:48.236;05-03-2025 02:01:13.267;85031
2;05-03-2025 02:00:52.510;05-03-2025 02:01:15.949;23439
3;05-03-2025 01:59:48.236;05-03-2025 02:01:18.272;90036
0;05-03-2025 02:01:16.552;05-03-2025 02:01:21.099;4547
1;05-03-2025 02:00:02.397;05-03-2025 02:01:21.290;78893
3;05-03-2025 01:59:48.236;05-03-2025 02:01:23.265;95029
3;05-03-2025 01:59:48.236;05-03-2025 02:01:28.271;100035
3;05-03-2025 01:59:48.236;05-03-2025 02:01:33.260;105024
3;05-03-2025 01:59:48.236;05-03-2025 02:01:38.265;110029
3;05-03-2025 01:59:48.236;05-03-2025 02:01:43.273;115037
3;05-03-2025 01:59:48.236;05-03-2025 02:01:48.261;120025
3;05-03-2025 01:59:48.236;05-03-2025 02:01:53.267;125031
3;05-03-2025 01:59:48.236;05-03-2025 02:01:58.272;130036
2;05-03-2025 02:01:32.079;05-03-2025 02:02:01.639;29560
3;05-03-2025 01:59:48.236;05-03-2025 02:02:03.275;135039
3;05-03-2025 01:59:48.236;05-03-2025 02:02:08.268;140032
2;05-03-2025 02:01:32.079;05-03-2025 02:02:11.792;39713
3;05-03-2025 01:59:48.236;05-03-2025 02:02:13.269;145033
3;05-03-2025 01:59:48.236;05-03-2025 02:02:18.273;150037
3;05-03-2025 02:02:33.234;05-03-2025 02:02:33.289;55
3;05-03-2025 02:02:33.234;05-03-2025 02:02:33.335;101
0;05-03-2025 02:02:19.705;05-03-2025 02:02:35.677;15972
3;05-03-2025 02:02:33.234;05-03-2025 02:02:38.263;5029
3;05-03-2025 02:02:33.234;05-03-2025 02:02:43.269;10035
0;05-03-2025 02:02:43.422;05-03-2025 02:02:46.319;2897
3;05-03-2025 02:02:33.234;05-03-2025 02:02:48.279;15045
0;05-03-2025 02:02:43.422;05-03-2025 02:02:51.688;8266
3;05-03-2025 02:02:33.234;05-03-2025 02:02:53.261;20027
0;05-03-2025 02:02:43.422;05-03-2025 02:02:55.112;11690
3;05-03-2025 02:02:33.234;05-03-2025 02:02:58.266;25032
1;05-03-2025 02:02:59.617;05-03-2025 02:03:02.660;3043
3;05-03-2025 02:02:33.234;05-03-2025 02:03:03.273;30039
1;05-03-2025 02:03:04.199;05-03-2025 02:03:06.258;2059
3;05-03-2025 02:02:33.234;05-03-2025 02:03:08.264;35030
3;05-03-2025 02:02:33.234;05-03-2025 02:03:13.271;40037
3;05-03-2025 02:02:33.234;05-03-2025 02:03:18.260;45026
3;05-03-2025 02:02:33.234;05-03-2025 02:03:23.263;50029
3;05-03-2025 02:03:38.233;05-03-2025 02:03:38.278;45
3;05-03-2025 02:03:38.233;05-03-2025 02:03:38.354;121
1;05-03-2025 02:03:38.652;05-03-2025 02:03:40.337;1685
3;05-03-2025 02:03:38.233;05-03-2025 02:03:43.270;5037
2;05-03-2025 02:03:42.171;05-03-2025 02:03:45.776;3605
1;05-03-2025 02:03:38.652;05-03-2025 02:03:46.830;8178
3;05-03-2025 02:03:38.233;05-03-2025 02:03:48.259;10026
0;05-03-2025 02:03:28.984;05-03-2025 02:03:50.366;21382
2;05-03-2025 02:03:42.171;05-03-2025 02:03:51.147;8976
1;05-03-2025 02:03:38.652;05-03-2025 02:03:52.358;13706
3;05-03-2025 02:03:38.233;05-03-2025 02:03:53.263;15030
0;05-03-2025 02:03:56.137;05-03-2025 02:03:57.238;1101
3;05-03-2025 02:03:38.233;05-03-2025 02:03:58.267;20034
0;05-03-2025 02:03:56.137;05-03-2025 02:04:00.961;4824
3;05-03-2025 02:03:38.233;05-03-2025 02:04:03.271;25038
0;05-03-2025 02:03:56.137;05-03-2025 02:04:05.983;9846
2;05-03-2025 02:04:02.220;05-03-2025 02:04:07.871;5651
3;05-03-2025 02:03:38.233;05-03-2025 02:04:08.277;30044
1;05-03-2025 02:03:57.180;05-03-2025 02:04:11.442;14262
3;05-03-2025 02:03:38.233;05-03-2025 02:04:13.266;35033
3;05-03-2025 02:03:38.233;05-03-2025 02:04:18.273;40040
3;05-03-2025 02:03:38.233;05-03-2025 02:04:23.262;45029
3;05-03-2025 02:03:38.233;05-03-2025 02:04:28.265;50032
3;05-03-2025 02:03:38.233;05-03-2025 02:04:33.267;55034
3;05-03-2025 02:03:38.233;05-03-2025 02:04:38.275;60042
3;05-03-2025 02:03:38.233;05-03-2025 02:04:43.265;65032
2;05-03-2025 02:04:40.966;05-03-2025 02:04:46.153;5187
3;05-03-2025 02:03:38.233;05-03-2025 02:04:48.257;70024
3;05-03-2025 02:03:38.233;05-03-2025 02:04:53.261;75028
0;05-03-2025 02:04:18.785;05-03-2025 02:04:54.584;35799
2;05-03-2025 02:04:51.580;05-03-2025 02:04:55.576;3996
3;05-03-2025 02:03:38.233;05-03-2025 02:04:58.267;80034
2;05-03-2025 02:04:51.580;05-03-2025 02:05:01.889;10309
3;05-03-2025 02:03:38.233;05-03-2025 02:05:03.282;85049
3;05-03-2025 02:03:38.233;05-03-2025 02:05:08.283;90050
3;05-03-2025 02:05:23.239;05-03-2025 02:05:23.275;36
3;05-03-2025 02:05:23.239;05-03-2025 02:05:23.324;85
3;05-03-2025 02:05:23.239;05-03-2025 02:05:28.265;5026
3;05-03-2025 02:05:23.239;05-03-2025 02:05:33.270;10031
3;05-03-2025 02:05:23.239;05-03-2025 02:05:38.256;15017
3;05-03-2025 02:05:23.239;05-03-2025 02:05:43.266;20027
3;05-03-2025 02:05:23.239;05-03-2025 02:05:48.270;25031
3;05-03-2025 02:05:23.239;05-03-2025 02:05:53.276;30037
1;05-03-2025 02:05:49.368;05-03-2025 02:05:55.605;6237
3;05-03-2025 02:05:23.239;05-03-2025 02:05:58.264;35025
3;05-03-2025 02:05:23.239;05-03-2025 02:06:03.270;40031
1;05-03-2025 02:05:49.368;05-03-2025 02:06:03.586;14218
3;05-03-2025 02:05:23.239;05-03-2025 02:06:08.273;45034
1;05-03-2025 02:05:49.368;05-03-2025 02:06:12.234;22866
3;05-03-2025 02:05:23.239;05-03-2025 02:06:13.264;50025
3;05-03-2025 02:05:23.239;05-03-2025 02:06:18.269;55030
3;05-03-2025 02:05:23.239;05-03-2025 02:06:23.260;60021
3;05-03-2025 02:05:23.239;05-03-2025 02:06:28.265;65026
3;05-03-2025 02:05:23.239;05-03-2025 02:06:33.267;70028
3;05-03-2025 02:05:23.239;05-03-2025 02:06:38.277;75038
3;05-03-2025 02:05:23.239;05-03-2025 02:06:43.264;80025
3;05-03-2025 02:05:23.239;05-03-2025 02:06:48.269;85030
3;05-03-2025 02:05:23.239;05-03-2025 02:06:53.274;90035
3;05-03-2025 02:05:23.239;05-03-2025 02:06:58.278;95039
3;05-03-2025 02:05:23.239;05-03-2025 02:07:03.269;100030
3;05-03-2025 02:05:23.239;05-03-2025 02:07:08.275;105036
3;05-03-2025 02:05:23.239;05-03-2025 02:07:13.262;110023
3;05-03-2025 02:05:23.239;05-03-2025 02:07:18.268;115029
3;05-03-2025 02:05:23.239;05-03-2025 02:07:23.310;120071
3;05-03-2025 02:07:38.234;05-03-2025 02:07:38.289;55
3;05-03-2025 02:07:38.234;05-03-2025 02:07:38.335;101
2;05-03-2025 02:07:27.913;05-03-2025 02:07:42.710;14797
3;05-03-2025 02:07:38.234;05-03-2025 02:07:43.264;5030
3;05-03-2025 02:07:38.234;05-03-2025 02:07:48.269;10035
3;05-03-2025 02:07:38.234;05-03-2025 02:07:53.273;15039
1;05-03-2025 02:06:55.310;05-03-2025 02:07:53.939;58629
1;05-03-2025 02:07:56.228;05-03-2025 02:07:58.369;2141
2;05-03-2025 02:07:58.611;05-03-2025 02:08:06.808;8197
1;05-03-2025 02:08:05.227;05-03-2025 02:08:07.832;2605
3;05-03-2025 02:08:08.234;05-03-2025 02:08:08.285;51
3;05-03-2025 02:08:08.234;05-03-2025 02:08:08.334;100
2;05-03-2025 02:07:58.611;05-03-2025 02:08:10.680;12069
1;05-03-2025 02:08:05.227;05-03-2025 02:08:12.737;7510
3;05-03-2025 02:08:08.234;05-03-2025 02:08:13.263;5029
1;05-03-2025 02:08:05.227;05-03-2025 02:08:16.370;11143
2;05-03-2025 02:07:58.611;05-03-2025 02:08:17.650;19039
3;05-03-2025 02:08:08.234;05-03-2025 02:08:18.264;10030
1;05-03-2025 02:08:20.553;05-03-2025 02:08:20.689;136
3;05-03-2025 02:08:08.234;05-03-2025 02:08:23.263;15029
1;05-03-2025 02:08:23.080;05-03-2025 02:08:23.548;468
0;05-03-2025 02:08:21.212;05-03-2025 02:08:27.573;6361
3;05-03-2025 02:08:08.234;05-03-2025 02:08:28.273;20039
3;05-03-2025 02:08:08.234;05-03-2025 02:08:33.274;25040
1;05-03-2025 02:08:32.052;05-03-2025 02:08:36.208;4156
3;05-03-2025 02:08:08.234;05-03-2025 02:08:38.262;30028
1;05-03-2025 02:08:32.052;05-03-2025 02:08:38.608;6556
3;05-03-2025 02:08:08.234;05-03-2025 02:08:43.268;35034
1;05-03-2025 02:08:32.052;05-03-2025 02:08:45.583;13531
3;05-03-2025 02:08:08.234;05-03-2025 02:08:48.273;40039
1;05-03-2025 02:08:32.052;05-03-2025 02:08:51.001;18949
2;05-03-2025 02:07:58.611;05-03-2025 02:08:51.606;52995
3;05-03-2025 02:08:08.234;05-03-2025 02:08:53.261;45027
2;05-03-2025 02:07:58.611;05-03-2025 02:08:53.718;55107
1;05-03-2025 02:08:32.052;05-03-2025 02:08:55.462;23410
3;05-03-2025 02:08:08.234;05-03-2025 02:08:58.264;50030
3;05-03-2025 02:08:08.234;05-03-2025 02:09:03.269;55035
3;05-03-2025 02:08:08.234;05-03-2025 02:09:08.259;60025
2;05-03-2025 02:07:58.611;05-03-2025 02:09:10.734;72123
3;05-03-2025 02:09:23.233;05-03-2025 02:09:23.307;74
3;05-03-2025 02:09:23.233;05-03-2025 02:09:23.372;139
3;05-03-2025 02:09:23.233;05-03-2025 02:09:28.269;5036
3;05-03-2025 02:09:23.233;05-03-2025 02:09:33.273;10040
3;05-03-2025 02:09:23.233;05-03-2025 02:09:38.263;15030
2;05-03-2025 02:07:58.611;05-03-2025 02:09:42.783;104172
3;05-03-2025 02:09:23.233;05-03-2025 02:09:43.269;20036
2;05-03-2025 02:07:58.611;05-03-2025 02:09:46.927;108316
3;05-03-2025 02:09:23.233;05-03-2025 02:09:48.261;25028
1;05-03-2025 02:08:32.052;05-03-2025 02:09:51.900;79848
3;05-03-2025 02:09:23.233;05-03-2025 02:09:53.267;30034
2;05-03-2025 02:07:58.611;05-03-2025 02:10:07.586;128975
1;05-03-2025 02:08:32.052;05-03-2025 02:10:07.842;95790
3;05-03-2025 02:10:08.234;05-03-2025 02:10:08.280;46
3;05-03-2025 02:10:08.234;05-03-2025 02:10:08.325;91
3;05-03-2025 02:10:08.234;05-03-2025 02:10:13.267;5033
3;05-03-2025 02:10:28.228;05-03-2025 02:10:28.265;37
3;05-03-2025 02:10:28.228;05-03-2025 02:10:33.272;5044
1;05-03-2025 02:08:32.052;05-03-2025 02:10:35.650;123598
3;05-03-2025 02:10:28.228;05-03-2025 02:10:38.259;10031
3;05-03-2025 02:10:28.228;05-03-2025 02:10:43.264;15036
1;05-03-2025 02:08:32.052;05-03-2025 02:10:45.561;133509
3;05-03-2025 02:10:28.228;05-03-2025 02:10:48.271;20043
1;05-03-2025 02:08:32.052;05-03-2025 02:10:51.124;139072
3;05-03-2025 02:10:28.228;05-03-2025 02:10:53.275;25047
3;05-03-2025 02:10:28.228;05-03-2025 02:10:58.265;30037
1;05-03-2025 02:08:32.052;05-03-2025 02:11:01.560;149508
3;05-03-2025 02:10:28.228;05-03-2025 02:11:03.269;35041
1;05-03-2025 02:08:32.052;05-03-2025 02:11:05.838;153786
3;05-03-2025 02:10:28.228;05-03-2025 02:11:08.274;40046
1;05-03-2025 02:08:32.052;05-03-2025 02:11:10.747;158695
3;05-03-2025 02:10:28.228;05-03-2025 02:11:13.265;45037
1;05-03-2025 02:08:32.052;05-03-2025 02:11:16.213;164161
3;05-03-2025 02:11:28.228;05-03-2025 02:11:28.265;37
3;05-03-2025 02:11:28.228;05-03-2025 02:11:33.265;5037
1;05-03-2025 02:08:32.052;05-03-2025 02:11:33.433;181381
2;05-03-2025 02:11:34.557;05-03-2025 02:11:35.642;1085
3;05-03-2025 02:11:28.228;05-03-2025 02:11:38.271;10043
1;05-03-2025 02:08:32.052;05-03-2025 02:11:38.744;186692
2;05-03-2025 02:11:34.557;05-03-2025 02:11:42.518;7961
3;05-03-2025 02:11:28.228;05-03-2025 02:11:43.277;15049
1;05-03-2025 02:08:32.052;05-03-2025 02:11:45.828;193776
2;05-03-2025 02:11:34.557;05-03-2025 02:11:46.544;11987
3;05-03-2025 02:11:28.228;05-03-2025 02:11:48.263;20035
1;05-03-2025 02:08:32.052;05-03-2025 02:11:51.164;199112
2;05-03-2025 02:11:47.926;05-03-2025 02:11:51.337;3411
3;05-03-2025 02:11:28.228;05-03-2025 02:11:53.267;25039
2;05-03-2025 02:11:47.926;05-03-2025 02:11:53.516;5590
1;05-03-2025 02:08:32.052;05-03-2025 02:11:55.708;203656
3;05-03-2025 02:11:28.228;05-03-2025 02:11:58.259;30031
1;05-03-2025 02:08:32.052;05-03-2025 02:11:58.909;206857
3;05-03-2025 02:11:28.228;05-03-2025 02:12:03.263;35035
3;05-03-2025 02:11:28.228;05-03-2025 02:12:08.267;40039
3;05-03-2025 02:11:28.228;05-03-2025 02:12:13.272;45044
1;05-03-2025 02:08:32.052;05-03-2025 02:12:16.336;224284
3;05-03-2025 02:11:28.228;05-03-2025 02:12:18.262;50034
3;05-03-2025 02:11:28.228;05-03-2025 02:12:23.266;55038
1;05-03-2025 02:08:32.052;05-03-2025 02:12:25.100;233048
3;05-03-2025 02:11:28.228;05-03-2025 02:12:28.270;60042
3;05-03-2025 02:11:28.228;05-03-2025 02:12:33.262;65034
2;05-03-2025 02:12:16.785;05-03-2025 02:12:36.631;19846
3;05-03-2025 02:11:28.228;05-03-2025 02:12:38.253;70025
2;05-03-2025 02:12:16.785;05-03-2025 02:12:42.483;25698
3;05-03-2025 02:11:28.228;05-03-2025 02:12:43.258;75030
3;05-03-2025 02:11:28.228;05-03-2025 02:12:48.265;80037
3;05-03-2025 02:11:28.228;05-03-2025 02:12:53.267;85039
3;05-03-2025 02:11:28.228;05-03-2025 02:12:58.272;90044
3;05-03-2025 02:11:28.228;05-03-2025 02:13:03.297;95069
3;05-03-2025 02:11:28.228;05-03-2025 02:13:08.267;100039
3;05-03-2025 02:11:28.228;05-03-2025 02:13:13.273;105045
3;05-03-2025 02:11:28.228;05-03-2025 02:13:18.263;110035
1;05-03-2025 02:08:32.052;05-03-2025 02:13:20.924;288872
3;05-03-2025 02:11:28.228;05-03-2025 02:13:23.268;115040
3;05-03-2025 02:11:28.228;05-03-2025 02:13:28.274;120046
3;05-03-2025 02:11:28.228;05-03-2025 02:13:33.275;125047
3;05-03-2025 02:11:28.228;05-03-2025 02:13:38.263;130035
3;05-03-2025 02:11:28.228;05-03-2025 02:13:43.269;135041
3;05-03-2025 02:11:28.228;05-03-2025 02:13:48.275;140047
3;05-03-2025 02:11:28.228;05-03-2025 02:13:53.277;145049
3;05-03-2025 02:11:28.228;05-03-2025 02:13:58.264;150036
3;05-03-2025 02:11:28.228;05-03-2025 02:14:03.271;155043
3;05-03-2025 02:11:28.228;05-03-2025 02:14:08.275;160047
3;05-03-2025 02:11:28.228;05-03-2025 02:14:13.268;165040
3;05-03-2025 02:11:28.228;05-03-2025 02:14:18.274;170046
3;05-03-2025 02:11:28.228;05-03-2025 02:14:23.263;175035
3;05-03-2025 02:11:28.228;05-03-2025 02:14:28.268;180040
1;05-03-2025 02:13:33.081;05-03-2025 02:14:31.297;58216
3;05-03-2025 02:11:28.228;05-03-2025 02:14:33.271;185043
1;05-03-2025 02:13:33.081;05-03-2025 02:14:36.606;63525
3;05-03-2025 02:11:28.228;05-03-2025 02:14:38.277;190049
3;05-03-2025 02:11:28.228;05-03-2025 02:14:43.268;195040
3;05-03-2025 02:11:28.228;05-03-2025 02:14:48.274;200046
3;05-03-2025 02:11:28.228;05-03-2025 02:14:53.266;205038
3;05-03-2025 02:11:28.228;05-03-2025 02:14:58.272;210044
1;05-03-2025 02:14:54.223;05-03-2025 02:14:58.423;4200
3;05-03-2025 02:11:28.228;05-03-2025 02:15:03.266;215038
0;05-03-2025 02:15:06.910;05-03-2025 02:15:07.073;163
3;05-03-2025 02:11:28.228;05-03-2025 02:15:08.267;220039
3;05-03-2025 02:11:28.228;05-03-2025 02:15:13.272;225044
1;05-03-2025 02:15:09.961;05-03-2025 02:15:15.685;5724
3;05-03-2025 02:11:28.228;05-03-2025 02:15:18.266;230038
3;05-03-2025 02:11:28.228;05-03-2025 02:15:23.266;235038
1;05-03-2025 02:15:09.961;05-03-2025 02:15:27.229;17268
3;05-03-2025 02:11:28.228;05-03-2025 02:15:28.275;240047
3;05-03-2025 02:11:28.228;05-03-2025 02:15:33.262;245034
3;05-03-2025 02:11:28.228;05-03-2025 02:15:38.269;250041
3;05-03-2025 02:11:28.228;05-03-2025 02:15:43.275;255047
3;05-03-2025 02:11:28.228;05-03-2025 02:15:48.263;260035
3;05-03-2025 02:11:28.228;05-03-2025 02:15:53.271;265043
3;05-03-2025 02:11:28.228;05-03-2025 02:15:58.275;270047
0;05-03-2025 02:16:00.423;05-03-2025 02:16:03.178;2755
3;05-03-2025 02:11:28.228;05-03-2025 02:16:03.265;275037
1;05-03-2025 02:15:53.112;05-03-2025 02:16:07.593;14481
3;05-03-2025 02:11:28.228;05-03-2025 02:16:08.271;280043
3;05-03-2025 02:11:28.228;05-03-2025 02:16:13.261;285033
1;05-03-2025 02:15:53.112;05-03-2025 02:16:16.262;23150
3;05-03-2025 02:11:28.228;05-03-2025 02:16:18.269;290041
1;05-03-2025 02:15:53.112;05-03-2025 02:16:23.112;30000
3;05-03-2025 02:11:28.228;05-03-2025 02:16:23.273;295045
1;05-03-2025 02:15:53.112;05-03-2025 02:16:26.720;33608
3;05-03-2025 02:11:28.228;05-03-2025 02:16:28.265;300037
3;05-03-2025 02:11:28.228;05-03-2025 02:16:33.270;305042
3;05-03-2025 02:11:28.228;05-03-2025 02:16:38.272;310044
1;05-03-2025 02:15:53.112;05-03-2025 02:16:40.705;47593
0;05-03-2025 02:16:37.633;05-03-2025 02:16:40.952;3319
3;05-03-2025 02:11:28.228;05-03-2025 02:16:43.263;315035
3;05-03-2025 02:11:28.228;05-03-2025 02:16:48.267;320039
3;05-03-2025 02:11:28.228;05-03-2025 02:16:53.272;325044
3;05-03-2025 02:11:28.228;05-03-2025 02:16:58.262;330034
3;05-03-2025 02:11:28.228;05-03-2025 02:17:03.267;335039
3;05-03-2025 02:11:28.228;05-03-2025 02:17:08.274;340046
1;05-03-2025 02:15:53.112;05-03-2025 02:17:08.582;75470
3;05-03-2025 02:11:28.228;05-03-2025 02:17:13.263;345035
1;05-03-2025 02:15:53.112;05-03-2025 02:17:16.186;83074
3;05-03-2025 02:11:28.228;05-03-2025 02:17:18.269;350041
2;05-03-2025 02:17:08.807;05-03-2025 02:17:19.477;10670
1;05-03-2025 02:15:53.112;05-03-2025 02:17:20.581;87469
3;05-03-2025 02:11:28.228;05-03-2025 02:17:23.274;355046
3;05-03-2025 02:11:28.228;05-03-2025 02:17:28.261;360033
3;05-03-2025 02:11:28.228;05-03-2025 02:17:33.267;365039
3;05-03-2025 02:17:48.233;05-03-2025 02:17:48.297;64
3;05-03-2025 02:17:48.233;05-03-2025 02:17:48.343;110
3;05-03-2025 02:17:48.233;05-03-2025 02:17:53.272;5039
3;05-03-2025 02:17:48.233;05-03-2025 02:17:58.261;10028
0;05-03-2025 02:17:14.772;05-03-2025 02:17:59.821;45049
3;05-03-2025 02:17:48.233;05-03-2025 02:18:03.268;15035
3;05-03-2025 02:17:48.233;05-03-2025 02:18:08.271;20038
3;05-03-2025 02:17:48.233;05-03-2025 02:18:13.274;25041
